level	page_num	block_num	par_num	line_num	word_num	left	top	width	height	conf	text
1	1	0	0	0	0	0	0	2973	3927	-1	
2	1	1	0	0	0	221	30	814	8	-1	
3	1	1	1	0	0	221	30	814	8	-1	
4	1	1	1	1	0	221	30	814	8	-1	
5	1	1	1	1	1	221	30	814	8	95.000000	 
2	1	2	0	0	0	222	866	80	87	-1	
3	1	2	1	0	0	222	866	80	87	-1	
4	1	2	1	1	0	222	866	80	87	-1	
5	1	2	1	1	1	222	866	80	87	95.000000	 
2	1	3	0	0	0	452	1604	104	29	-1	
3	1	3	1	0	0	452	1604	104	29	-1	
4	1	3	1	1	0	452	1604	104	29	-1	
5	1	3	1	1	1	452	1604	3	2	0.000000	Ὅ
5	1	3	1	1	2	476	1605	80	28	47.082520	µάρχης
2	1	4	0	0	0	466	300	354	495	-1	
3	1	4	1	0	0	466	300	354	495	-1	
4	1	4	1	1	0	552	300	166	25	-1	
5	1	4	1	1	1	552	300	166	25	18.131241	ΙΣΕΩΡΠΙΤΣΙ
4	1	4	1	2	0	468	334	345	26	-1	
5	1	4	1	2	1	468	336	157	24	81.300110	ΑΙΜΗΝΙΑΙΑ
5	1	4	1	2	2	641	334	172	25	94.572937	ΕΦΗΜΕΡΙΔΑ
4	1	4	1	3	0	489	371	315	24	-1	
5	1	4	1	3	1	489	372	115	23	33.313866	ΟΡΓΑΝΟ
5	1	4	1	3	2	623	372	62	22	93.083160	ΤΩΝ
5	1	4	1	3	3	704	371	100	22	92.564240	ΑΠΑΝ-
4	1	4	1	4	0	466	406	352	26	-1	
5	1	4	1	4	1	466	408	100	24	68.520325	ΤΑΧΟΥ
5	1	4	1	4	2	582	406	236	25	85.055092	ΓΕΩΡΠΙΤΣΙΑΝΩΝ
4	1	4	1	5	0	497	442	290	27	-1	
5	1	4	1	5	1	497	444	122	25	89.704887	Ὑπεύθυνος
5	1	4	1	5	2	639	443	54	23	80.430618	κατὰ
5	1	4	1	5	3	719	442	68	27	30.102852	Ἰόμον
4	1	4	1	6	0	481	478	321	24	-1	
5	1	4	1	6	1	481	480	71	22	89.000374	ΚΩΝ.
5	1	4	1	6	2	589	478	213	24	86.315704	ΤΙΑΝΝΑΚΑΚΗΣ
4	1	4	1	7	0	466	513	352	32	-1	
5	1	4	1	7	1	466	513	116	32	0.000000	Λικούργου
5	1	4	1	7	2	599	516	27	22	0.000000	οἳ
5	1	4	1	7	3	643	514	175	23	27.502090	--ΣΠΑΡΤΗ
4	1	4	1	8	0	582	550	150	31	-1	
5	1	4	1	8	1	582	552	54	27	59.352463	Τηλ.
5	1	4	1	8	2	651	550	81	31	27.621384	9890-16
4	1	4	1	9	0	550	586	186	28	-1	
5	1	4	1	9	1	550	586	118	28	89.031723	Ἐπιμέλεια
5	1	4	1	9	2	684	586	52	27	76.227219	ὕλης
4	1	4	1	10	0	475	621	329	24	-1	
5	1	4	1	10	1	475	624	97	21	28.825951	ἘΥΑΣΓΓ.
5	1	4	1	10	2	610	621	194	24	78.747704	ΜΠΑΘΟΥΛΗΣ
4	1	4	1	11	0	491	656	307	29	-1	
5	1	4	1	11	1	491	659	119	25	91.568092	Ὑπεύθυνος
5	1	4	1	11	2	648	656	150	29	84.127876	Τυπογραφείου
4	1	4	1	12	0	501	692	260	25	-1	
5	1	4	1	12	1	501	703	4	6	0.000000	τ
5	1	4	1	12	2	526	695	46	22	71.424789	ΒΛ.
5	1	4	1	12	3	588	692	173	24	58.508636	ΝΠζΟΛΑΡΟΣ
4	1	4	1	13	0	469	724	351	33	-1	
5	1	4	1	13	1	469	730	84	27	53.517143	Ἐπησία
5	1	4	1	13	2	568	728	99	28	35.635994	συνδρομὴ
5	1	4	1	13	3	683	724	60	32	86.861053	δραχ.
5	1	4	1	13	4	778	726	42	23	90.624184	100
4	1	4	1	14	0	499	762	291	33	-1	
5	1	4	1	14	1	499	767	111	28	59.175491	᾽Αμερικῆς
5	1	4	1	14	2	631	765	43	22	95.107758	δολ.
5	1	4	1	14	3	763	762	27	22	92.069077	49
2	1	5	0	0	0	470	814	354	20	-1	
3	1	5	1	0	0	470	814	354	20	-1	
4	1	5	1	1	0	470	814	354	20	-1	
5	1	5	1	1	1	470	814	354	20	0.000000	αρ)
5	1	5	1	1	2	780	810	46	32	0.000000	ΟΛΑ
2	1	6	0	0	0	473	855	353	73	-1	
3	1	6	1	0	0	473	855	353	73	-1	
4	1	6	1	1	0	473	855	353	73	-1	
5	1	6	1	1	1	473	855	353	73	95.000000	 
2	1	7	0	0	0	471	942	352	170	-1	
3	1	7	1	0	0	471	942	352	170	-1	
4	1	7	1	1	0	476	942	346	35	-1	
5	1	7	1	1	1	476	948	7	3	0.000000	τ.
5	1	7	1	1	2	501	942	160	35	28.028610	Ἐχειροτονήδη
5	1	7	1	1	3	681	946	65	28	60.368752	ἱερεὺς
5	1	7	1	1	4	768	947	5	21	91.989532	ὁ
5	1	7	1	1	5	784	946	38	21	54.662735	Εὐ-
4	1	7	1	2	0	471	980	351	31	-1	
5	1	7	1	2	1	471	984	67	27	55.104462	θύµιος
5	1	7	1	2	2	561	982	165	24	79.650948	Παπαδόπουλος
5	1	7	1	2	3	754	981	24	24	87.376503	ἐξ
5	1	7	1	2	4	789	980	33	21	31.563248	᾽Α-
4	1	7	1	3	0	471	1015	351	32	-1	
5	1	7	1	3	1	471	1019	95	28	67.522949	Υόριανης
5	1	7	1	3	2	583	1017	43	23	93.306160	καὶ
5	1	7	1	3	3	634	1015	143	26	53.466560	ἐτοποδετήδη
5	1	7	1	3	4	793	1015	29	23	96.902733	ὡς
4	1	7	1	4	0	472	1048	351	33	-1	
5	1	7	1	4	1	472	1053	106	28	91.217300	ἐφημέριος
5	1	7	1	4	2	599	1050	69	28	62.801373	“Ἁγίου
5	1	7	1	4	3	695	1048	128	33	27.557007	ζΚωνσταντί-
4	1	7	1	5	0	471	1097	39	15	-1	
5	1	7	1	5	1	471	1097	39	15	82.306412	γου.
2	1	8	0	0	0	473	1134	357	174	-1	
3	1	8	1	0	0	473	1134	351	174	-1	
4	1	8	1	1	0	502	1134	321	35	-1	
5	1	8	1	1	1	502	1134	121	35	81.363907	Ἐφιμέριος
5	1	8	1	1	2	643	1137	131	29	85.776360	Λογγανίκου
5	1	8	1	1	3	791	1146	32	18	78.243576	µα-
4	1	8	1	2	0	473	1174	351	30	-1	
5	1	8	1	2	1	473	1178	24	22	64.736183	τὰ
5	1	8	1	2	2	515	1178	35	26	93.207787	τὴν
5	1	8	1	2	3	567	1174	162	28	47.090302	συνταξιοδότησι
5	1	8	1	2	4	747	1174	33	22	70.370270	τοῦ
5	1	8	1	2	5	788	1181	36	14	70.370270	πα-
4	1	8	1	3	0	473	1209	351	28	-1	
5	1	8	1	3	1	473	1215	64	20	51.748589	παλιά
5	1	8	1	3	2	563	1210	128	27	15.577026	ΤΠιαννακάκη
5	1	8	1	3	3	720	1209	104	22	70.423309	ἀνέλαθε
5	1	8	1	3	4	811	1205	16	37	91.698547	ὁ
4	1	8	1	4	0	473	1244	357	32	-1	
5	1	8	1	4	1	473	1250	21	25	89.434540	ἐξ
5	1	8	1	4	2	510	1248	130	28	36.516510	᾽Αγόριανης-
5	1	8	1	4	3	647	1245	64	29	82.949448	ἱερεὺς
5	1	8	1	4	4	727	1244	103	31	86.489632	Ἰωάννης:
4	1	8	1	5	0	474	1285	87	23	-1	
5	1	8	1	5	1	474	1285	87	23	20.555260	Ψψαθᾶς.
2	1	9	0	0	0	461	1334	364	137	-1	
3	1	9	1	0	0	461	1334	364	137	-1	
4	1	9	1	1	0	504	1334	319	30	-1	
5	1	9	1	1	1	504	1336	24	22	86.763451	Ὁ
5	1	9	1	1	2	550	1336	112	28	84.474960	Νομάρχης
5	1	9	1	1	3	683	1334	140	25	91.956230	Λακωνίας
5	1	9	1	1	4	800	1330	27	38	94.039970	κ.
4	1	9	1	2	0	474	1371	351	29	-1	
5	1	9	1	2	1	474	1372	106	24	92.851624	Νικόλαος
5	1	9	1	2	2	599	1371	148	29	67.018059	Κατικαλίδης
5	1	9	1	2	3	767	1376	58	21	84.504822	µετα-
4	1	9	1	3	0	475	1406	350	29	-1	
5	1	9	1	3	1	475	1408	75	22	95.320297	τίθεται
5	1	9	1	3	2	571	1407	37	26	88.341141	στὴ
5	1	9	1	3	3	627	1406	109	29	81.419212	Νομαρχία
5	1	9	1	3	4	759	1406	66	29	28.420891	Ίιερ-
4	1	9	1	4	0	461	1443	217	28	-1	
5	1	9	1	4	1	461	1443	59	28	72.566635	ερίας
5	1	9	1	4	2	545	1443	133	28	87.078850	(Κατερίνη).
2	1	10	0	0	0	475	1495	350	209	-1	
3	1	10	1	0	0	475	1495	350	209	-1	
4	1	10	1	1	0	504	1495	320	30	-1	
5	1	10	1	1	1	504	1496	45	27	15.641281	τὴ
5	1	10	1	1	2	577	1496	107	29	39.379917	ἹΝΜομαρχία
5	1	10	1	1	3	698	1491	10	39	88.347862	.
5	1	10	1	1	4	713	1495	111	25	70.970703	Λακωνίας
4	1	10	1	2	0	476	1531	348	28	-1	
5	1	10	1	2	1	476	1534	134	22	90.256233	ποποθετεῖται
5	1	10	1	2	2	633	1533	30	25	92.361679	ὡς
5	1	10	1	2	3	686	1531	138	28	34.211670	᾿Νομάρχης
5	1	10	1	2	4	811	1527	15	36	93.143837	ὁ
4	1	10	1	3	0	475	1566	350	29	-1	
5	1	10	1	3	1	475	1578	19	14	82.021027	κ.
5	1	10	1	3	2	513	1570	52	21	4.302963	Ῥασ.
5	1	10	1	3	3	584	1568	129	27	89.475739	Μαντζώρης
5	1	10	1	3	4	732	1566	53	25	93.495377	τέως
5	1	10	1	3	5	793	1567	32	21	96.785141	Νο
4	1	10	1	4	0	595	1600	230	31	-1	
5	1	10	1	4	1	595	1603	137	28	73.439468	Βεσπρωτίας.
5	1	10	1	4	2	771	1600	19	24	70.380501	Ὅ
5	1	10	1	4	3	805	1611	20	13	92.147255	κ.
4	1	10	1	5	0	475	1637	350	30	-1	
5	1	10	1	5	1	475	1640	129	27	90.517052	Μαντζώρης
5	1	10	1	5	2	625	1638	111	29	89.322891	κατάγεται
5	1	10	1	5	3	758	1637	36	24	95.557808	ἀπὸ
5	1	10	1	5	4	803	1636	22	24	95.557808	τὸ
4	1	10	1	6	0	475	1675	219	29	-1	
5	1	10	1	6	1	475	1676	95	23	93.133881	Κοτύλιο.
5	1	10	1	6	2	579	1675	115	29	89.121002	Γορτύνίας.
2	1	11	0	0	0	475	1727	353	242	-1	
3	1	11	1	0	0	475	1727	353	242	-1	
4	1	11	1	1	0	504	1727	321	28	-1	
5	1	11	1	1	1	504	1729	29	23	85.896851	Τὸ
5	1	11	1	1	2	549	1728	109	23	83.758820	κοινοτικὸν
5	1	11	1	1	3	675	1728	86	27	71.095940	ἰατρεῖον
5	1	11	1	1	4	769	1727	56	27	92.540108	Γεωρ
4	1	11	1	2	0	476	1762	350	31	-1	
5	1	11	1	2	1	476	1765	82	28	0.000000	Ὑπσίου,
5	1	11	1	2	2	579	1764	30	25	81.392937	εἷς
5	1	11	1	2	3	629	1763	23	23	93.103149	τὸ
5	1	11	1	2	4	672	1764	64	21	89.775490	ὁποῖον
5	1	11	1	2	5	757	1762	69	27	78.534348	ὕπηρε-
4	1	11	1	3	0	477	1799	349	29	-1	
5	1	11	1	3	1	477	1802	43	21	92.020584	τοῦν
5	1	11	1	3	2	538	1802	10	21	79.356987	ὁ
5	1	11	1	3	3	567	1799	67	29	55.519756	ἰατρὸς
5	1	11	1	3	4	652	1808	20	13	91.362808	κ.
5	1	11	1	3	5	690	1799	136	27	86.787857	Ἡαρασχευᾶς
4	1	11	1	4	0	475	1834	351	29	-1	
5	1	11	1	4	1	475	1836	69	27	81.597824	Λέγος
5	1	11	1	4	2	561	1835	34	23	46.813316	καὶ
5	1	11	1	4	3	612	1836	12	25	90.171989	ἡ
5	1	11	1	4	4	641	1835	59	22	82.841202	Μαῖα
5	1	11	1	4	5	717	1843	19	13	93.275253	κ.
5	1	11	1	4	6	752	1834	74	22	23.282387	Τιαννα
4	1	11	1	5	0	475	1868	353	31	-1	
5	1	11	1	5	1	475	1868	61	31	74.875534	κάκη,
5	1	11	1	5	2	554	1870	80	29	95.956093	δέχεται
5	1	11	1	5	3	650	1869	120	25	69.397072	πολλαπλές
5	1	11	1	5	4	788	1869	40	22	91.789841	ἐπι-
4	1	11	1	6	0	475	1905	352	30	-1	
5	1	11	1	6	1	475	1908	82	27	77.687767	σκέψεις
5	1	11	1	6	2	577	1907	90	22	91.490013	ἀσθενῶν
5	1	11	1	6	3	686	1905	56	27	95.885864	λόγω
5	1	11	1	6	4	763	1905	64	26	92.889648	τῆς
5	1	11	1	6	5	806	1901	23	38	72.631454	ἐ-
4	1	11	1	7	0	475	1940	263	29	-1	
5	1	11	1	7	1	475	1942	95	27	71.860535	πιδηµέας
5	1	11	1	7	2	588	1944	38	25	91.358864	τῆς
5	1	11	1	7	3	643	1940	95	28	7.171402	γρίππης.
2	1	12	0	0	0	221	1981	607	42	-1	
3	1	12	1	0	0	221	1981	607	43	-1	
4	1	12	1	1	0	221	1981	607	42	-1	
5	1	12	1	1	1	221	1993	438	31	0.000000	ὤστντονσπη
5	1	12	1	1	2	434	1983	27	45	19.914795	σε
5	1	12	1	1	3	468	1993	191	31	0.000000	----Ὡποποδετήδη
5	1	12	1	1	4	675	1993	29	24	95.848381	ὡς
5	1	12	1	1	5	721	1981	107	42	0.000000	ἐφημέριος
2	1	13	0	0	0	465	3604	253	31	-1	
3	1	13	1	0	0	465	3604	253	31	-1	
4	1	13	1	1	0	465	3604	253	31	-1	
5	1	13	1	1	1	465	3604	3	2	0.000000	Ὁ
5	1	13	1	1	2	489	3608	117	27	44.598217	Πελλάνης
5	1	13	1	1	3	634	3608	84	22	82.887772	ἀνέλαδε
2	1	14	0	0	0	477	2028	352	99	-1	
3	1	14	1	0	0	477	2028	352	99	-1	
4	1	14	1	1	0	477	2028	352	27	-1	
5	1	14	1	1	1	477	2030	113	22	83.631882	Ῥουτιάνων
5	1	14	1	1	2	617	2030	9	21	86.891838	ὁ
5	1	14	1	1	3	646	2028	43	27	88.365997	ἄρτι
5	1	14	1	1	4	717	2034	112	20	51.243271	χειροτονη-
4	1	14	1	2	0	477	2061	351	32	-1	
5	1	14	1	2	1	477	2066	43	24	91.145981	θεὶς
5	1	14	1	2	2	536	2064	63	29	82.332779	ἱερεὺς
5	1	14	1	2	3	614	2064	95	26	93.155670	Χρῆστος
5	1	14	1	2	4	725	2062	41	21	40.845772	᾿ΑΦ
5	1	14	1	2	5	778	2061	50	21	41.224007	Παν
4	1	14	1	3	0	477	2096	288	31	-1	
5	1	14	1	3	1	477	2100	86	27	22.049088	ταζέλος
5	1	14	1	3	2	583	2100	23	22	93.003143	ἐκ
5	1	14	1	3	3	625	2096	140	29	78.262329	Τεωργιτσίου.
2	1	15	0	0	0	478	2146	350	177	-1	
3	1	15	1	0	0	478	2146	350	177	-1	
4	1	15	1	1	0	507	2146	321	33	-1	
5	1	15	1	1	1	507	2154	26	21	31.368645	ὍὉ
5	1	15	1	1	2	557	2155	23	20	77.539810	ἐν
5	1	15	1	1	3	601	2146	134	33	79.017647	Τεωργιτσίου
5	1	15	1	1	4	759	2149	69	28	84.794640	ἰατρὸς
4	1	15	1	2	0	481	2183	347	34	-1	
5	1	15	1	2	1	481	2188	142	29	88.193192	Παναγιώτης
5	1	15	1	2	2	651	2187	24	21	75.357391	Δ.
5	1	15	1	2	3	710	2183	118	24	59.926029	ἨΝικολακά-
4	1	15	1	3	0	478	2220	350	33	-1	
5	1	15	1	3	1	478	2233	39	20	72.416847	κης
5	1	15	1	3	2	537	2222	138	27	76.601944	ἐτοποβετήθη
5	1	15	1	3	3	693	2222	31	24	96.303741	εἰς
5	1	15	1	3	4	743	2220	21	23	93.290833	τὸ
5	1	15	1	3	5	783	2221	45	20	63.191853	Γενι
4	1	15	1	4	0	479	2257	349	31	-1	
5	1	15	1	4	1	479	2261	34	22	57.881832	κὸν
5	1	15	1	4	2	534	2257	139	31	18.692169	Κρατικὸν
5	1	15	1	4	3	694	2257	134	26	43.944519	Νοσοχομεῖο
4	1	15	1	5	0	479	2296	104	27	-1	
5	1	15	1	5	1	479	2296	104	27	47.553970	Ἡπάρτης.
2	1	16	0	0	0	478	2346	354	243	-1	
3	1	16	1	0	0	478	2346	354	243	-1	
4	1	16	1	1	0	486	2346	343	30	-1	
5	1	16	1	1	1	486	2363	3	2	0.000000	τ
5	1	16	1	1	2	511	2348	151	28	47.005806	Παρατείνεται
5	1	16	1	1	3	681	2347	58	29	73.241920	μέχρι
5	1	16	1	1	4	759	2346	70	25	95.644844	τέλους
4	1	16	1	2	0	478	2383	352	28	-1	
5	1	16	1	2	1	478	2383	133	28	79.677734	Φεβρουαρίου
5	1	16	1	2	2	639	2384	56	22	79.677734	1977
5	1	16	1	2	3	722	2384	12	26	87.420914	ἡ
5	1	16	1	2	4	761	2385	69	26	75.498375	προθε-
4	1	16	1	3	0	479	2417	349	30	-1	
5	1	16	1	3	1	479	2420	47	27	81.198486	σµία
5	1	16	1	3	2	551	2418	129	29	49.910870	παραδόσεως
5	1	16	1	3	3	700	2419	75	23	36.312737	ὃπλων
5	1	16	1	3	4	795	2417	33	23	84.696785	καὶ
4	1	16	1	4	0	479	2454	353	29	-1	
5	1	16	1	4	1	479	2456	127	27	92.239204	ἐκρηκτικῶν
5	1	16	1	4	2	627	2454	58	23	92.667870	ὑλῶν.
5	1	16	1	4	3	705	2454	62	23	69.353783	Μετὰὸ
5	1	16	1	4	4	794	2454	38	27	89.473907	τὴν
4	1	16	1	5	0	479	2487	351	31	-1	
5	1	16	1	5	1	479	2491	74	26	72.885422	ἐχπνοὴ
5	1	16	1	5	2	579	2491	38	26	93.267189	τῆς
5	1	16	1	5	3	637	2487	134	31	71.478416	ἡμερομηνίας
5	1	16	1	5	4	799	2490	31	21	85.372307	αὖ-
4	1	16	1	6	0	481	2525	349	30	-1	
5	1	16	1	6	1	481	2528	36	27	96.993332	τῆς
5	1	16	1	6	2	534	2526	29	27	82.459335	εἰς
5	1	16	1	6	3	578	2526	48	25	82.741547	τοὺς
5	1	16	1	6	4	641	2525	119	28	66.756210	παραβάτας
5	1	16	1	6	5	776	2525	28	22	52.238178	δὰ
5	1	16	1	6	6	813	2525	17	21	60.841263	ἐ-
4	1	16	1	7	0	479	2560	353	29	-1	
5	1	16	1	7	1	479	2563	139	22	63.989239	πιξάλλωνται
5	1	16	1	7	2	645	2561	98	28	91.055038	αὐστηρὲς
5	1	16	1	7	3	769	2560	63	29	47.677109	πκυρώ-
2	1	17	0	0	0	462	2607	66	17	-1	
3	1	17	1	0	0	462	2607	66	17	-1	
4	1	17	1	1	0	462	2607	66	17	-1	
5	1	17	1	1	1	462	2607	66	17	9.296638	εσεις.
2	1	18	0	0	0	481	2650	350	65	-1	
3	1	18	1	0	0	481	2650	350	65	-1	
4	1	18	1	1	0	509	2650	321	28	-1	
5	1	18	1	1	1	509	2650	39	24	58.191902	Διὰ
5	1	18	1	1	2	570	2652	35	26	31.978668	τὸν
5	1	18	1	1	3	626	2651	138	27	20.788132	συμπλήρωσιν
5	1	18	1	1	4	793	2652	37	24	95.532845	τῆς
4	1	18	1	2	0	481	2686	350	29	-1	
5	1	18	1	2	1	481	2687	166	28	88.026573	ἁγιογραφήσεως
5	1	18	1	2	2	670	2688	38	25	90.426056	τῆς
5	1	18	1	2	3	731	2686	100	21	56.415443	ὙὝπαπαν-
2	1	19	0	0	0	465	2718	366	43	-1	
3	1	19	1	0	0	465	2718	366	43	-1	
4	1	19	1	1	0	465	2718	366	43	-1	
5	1	19	1	1	1	465	2726	53	24	0.000000	πῆς
5	1	19	1	1	2	538	2718	158	43	91.942955	προσεφέρθησαν
5	1	19	1	1	3	717	2722	24	21	77.265457	ἐκ.
5	1	19	1	1	4	759	2720	72	29	88.311897	µέρους
2	1	20	0	0	0	481	2756	352	68	-1	
3	1	20	1	0	0	481	2756	352	68	-1	
4	1	20	1	1	0	481	2756	352	29	-1	
5	1	20	1	1	1	481	2761	32	20	93.466011	τοῦ
5	1	20	1	1	2	533	2768	19	13	87.183914	κ.
5	1	20	1	1	3	572	2758	92	22	48.522472	Μπέλκα
5	1	20	1	1	4	682	2756	101	29	93.294701	Χρήστου,
5	1	20	1	1	5	799	2764	34	14	84.624825	τᾶ-
4	1	20	1	2	0	482	2791	350	33	-1	
5	1	20	1	2	1	482	2794	91	30	58.639526	Ἐιάρχου,
5	1	20	1	2	2	591	2794	78	23	84.023026	49.000
5	1	20	1	2	3	686	2794	44	27	85.794952	Σρχ.
5	1	20	1	2	4	747	2792	29	25	87.986801	εἰς
5	1	20	1	2	5	788	2791	44	27	35.707443	µνή-
2	1	21	0	0	0	481	2826	376	31	-1	
3	1	21	1	0	0	481	2826	376	31	-1	
4	1	21	1	1	0	481	2826	376	31	-1	
5	1	21	1	1	1	481	2840	26	17	75.126099	µη
5	1	21	1	1	2	525	2832	33	21	95.138878	τοῦ
5	1	21	1	1	3	575	2828	75	29	96.004364	πατρός
5	1	21	1	1	4	667	2837	33	14	92.710159	του
5	1	21	1	1	5	721	2828	13	21	62.413921	Π
5	1	21	1	1	6	743	2826	90	29	44.388523	αναγιώ-
5	1	21	1	1	7	855	2841	2	2	44.388523	|-
2	1	22	0	0	0	482	2875	39	14	-1	
3	1	22	1	0	0	482	2875	39	14	-1	
4	1	22	1	1	0	482	2875	39	14	-1	
5	1	22	1	1	1	482	2875	39	14	70.823952	τον.
2	1	23	0	0	0	827	308	7	422	-1	
3	1	23	1	0	0	827	308	7	422	-1	
4	1	23	1	1	0	827	308	7	422	-1	
5	1	23	1	1	1	812	636	28	98	35.851608	ὡς
5	1	23	1	1	2	827	489	7	77	0.000000	ο
2	1	24	0	0	0	834	1243	9	894	-1	
3	1	24	1	0	0	834	1243	9	894	-1	
4	1	24	1	1	0	834	1243	9	894	-1	
5	1	24	1	1	1	817	2079	32	62	27.880844	ο
5	1	24	1	1	2	817	1949	32	120	0.000000	μαμα
5	1	24	1	1	3	817	1885	32	30	0.000000	μϱ.
5	1	24	1	1	4	817	1717	32	160	0.000000	μονο
5	1	24	1	1	5	817	1498	32	214	0.000000	μμμμμοαμωαμμοημο
5	1	24	1	1	6	817	1421	32	70	0.000000	μμ
5	1	24	1	1	7	817	1243	32	120	0.000000	μωυμμσμες
2	1	25	0	0	0	839	2153	5	48	-1	
3	1	25	1	0	0	839	2153	5	48	-1	
4	1	25	1	1	0	839	2153	5	48	-1	
5	1	25	1	1	1	839	2153	5	48	53.151482	|
2	1	26	0	0	0	851	2164	351	66	-1	
3	1	26	1	0	0	851	2164	351	66	-1	
4	1	26	1	1	0	880	2164	322	29	-1	
5	1	26	1	1	1	880	2167	111	22	0.000000	Απεδίωσε
5	1	26	1	1	2	1017	2166	31	25	91.548088	εἰς
5	1	26	1	1	3	1074	2164	128	29	85.541443	Λογγανίκον
4	1	26	1	2	0	851	2200	290	30	-1	
5	1	26	1	2	1	851	2205	9	22	78.353607	ὁ
5	1	26	1	2	2	888	2204	85	26	43.647026	Πσοναγ.
5	1	26	1	2	3	991	2200	150	27	86.078873	Γιαννακάκης.
2	1	27	0	0	0	512	2914	326	33	-1	
3	1	27	1	0	0	512	2914	326	33	-1	
4	1	27	1	1	0	512	2914	326	33	-1	
5	1	27	1	1	1	512	2919	86	28	26.671631	Αρχισε
5	1	27	1	1	2	621	2918	35	22	92.967400	ἀπὸ
5	1	27	1	1	3	679	2916	88	24	23.763031	30-1-11
5	1	27	1	1	4	796	2914	42	29	67.814537	τὴν
2	1	28	0	0	0	468	2953	366	43	-1	
3	1	28	1	0	0	468	2953	366	43	-1	
4	1	28	1	1	0	468	2953	366	43	-1	
5	1	28	1	1	1	468	2954	109	42	28.337738	«παράδοσι
5	1	28	1	1	2	601	2953	124	36	19.796509	μαδηµάτων
5	1	28	1	1	3	734	2980	11	4	0.000000	ο
5	1	28	1	1	4	757	2953	77	26	37.805168	Φιλοσο-
2	1	29	0	0	0	457	2984	383	31	-1	
3	1	29	1	0	0	457	2984	383	31	-1	
4	1	29	1	1	0	457	2984	383	31	-1	
5	1	29	1	1	1	457	2987	2	2	0.000000	Ὀ
5	1	29	1	1	2	483	2990	45	25	0.000000	φίας
5	1	29	1	1	3	545	2989	30	22	92.365921	εἰς
5	1	29	1	1	4	588	2985	40	28	23.441795	τν
5	1	29	1	1	5	634	2980	139	33	85.714317	Ἐλευθέραν
5	1	29	1	1	6	782	2984	58	28	0.000000	ὰχο-,
2	1	30	0	0	0	477	3017	359	730	-1	
3	1	30	1	0	0	477	3017	356	104	-1	
4	1	30	1	1	0	481	3017	351	52	-1	
5	1	30	1	1	1	481	3023	38	27	0.000000	λὰν
5	1	30	1	1	2	534	3017	126	52	64.846298	φιλοσοφίας.
5	1	30	1	1	3	671	3021	37	22	85.794395	«Ὁ
5	1	30	1	1	4	725	3021	107	25	73.417175	Πλήθων»
4	1	30	1	2	0	482	3054	351	45	-1	
5	1	30	1	2	1	482	3058	114	27	0.000000	ΑΠαγούλας
5	1	30	1	2	2	615	3058	8	21	85.714828	ὁ
5	1	30	1	2	3	641	3066	19	13	59.304680	κ.
5	1	30	1	2	4	678	3055	98	44	90.491669	Ἰωάννης
5	1	30	1	2	5	793	3054	40	23	81.775284	θεο
4	1	30	1	3	0	477	3093	166	28	-1	
5	1	30	1	3	1	477	3093	166	28	18.854187	δωραχόπουλος.
3	1	30	2	0	0	483	3130	351	176	-1	
4	1	30	2	1	0	499	3130	334	31	-1	
5	1	30	2	1	1	499	3133	96	26	0.000000	"Όπως.
5	1	30	2	1	2	612	3135	39	26	73.638748	μᾶς
5	1	30	2	1	3	681	3130	152	29	73.638748	πληροφόρησαν
4	1	30	2	2	0	483	3168	350	29	-1	
5	1	30	2	2	1	483	3171	11	26	21.081482	ἡ
5	1	30	2	2	2	522	3169	132	28	21.081482	 ἁγιογβάφησι
5	1	30	2	2	3	673	3170	33	20	90.921410	τοῦ
5	1	30	2	2	4	724	3168	46	21	90.921410	ναοῦ
5	1	30	2	2	5	796	3168	37	25	96.592484	τῆς
4	1	30	2	3	0	483	3203	351	28	-1	
5	1	30	2	3	1	483	3206	139	25	83.818909	Ὑπαπαντῆς,
5	1	30	2	3	2	641	3204	12	27	69.551796	ἡ
5	1	30	2	3	3	672	3203	56	23	47.914318	ὁποία
5	1	30	2	3	4	747	3204	87	26	70.209274	ἄποπερα
4	1	30	2	4	0	485	3237	349	31	-1	
5	1	30	2	4	1	485	3242	65	22	92.435989	τοῦται
5	1	30	2	4	2	579	3241	91	27	60.102707	σύντομα,
5	1	30	2	4	3	691	3240	25	22	82.053284	θὰ
5	1	30	2	4	4	744	3237	90	30	82.053284	στοιχίση
4	1	30	2	5	0	484	3276	210	30	-1	
5	1	30	2	5	1	484	3278	94	22	63.829849	600.000.
5	1	30	2	5	2	598	3276	96	30	72.929077	δραγμὲς.
3	1	30	3	0	0	484	3315	352	246	-1	
4	1	30	3	1	0	513	3315	322	28	-1	
5	1	30	3	1	1	513	3318	29	20	88.160645	Τὸ
5	1	30	3	1	2	560	3316	92	22	90.584305	ποσοστὸν
5	1	30	3	1	3	671	3319	37	24	90.540382	τῆς
5	1	30	3	1	4	727	3315	108	28	9.290466	κληρονομί
4	1	30	3	2	0	485	3347	349	34	-1	
5	1	30	3	2	1	485	3360	24	17	93.926094	ας
5	1	30	3	2	2	523	3347	24	27	93.304138	τὸ
5	1	30	3	2	3	563	3353	53	21	21.273949	ὁποῖο
5	1	30	3	2	4	633	3352	63	29	60.794662	ἀφῆνε
5	1	30	3	2	5	713	3352	30	25	94.751236	εἰς
5	1	30	3	2	6	759	3352	35	27	93.226578	τὴν
5	1	30	3	2	7	803	3359	31	14	82.718216	κοι
4	1	30	3	3	0	484	3387	352	29	-1	
5	1	30	3	3	1	484	3388	73	26	0.000000	υότητα
5	1	30	3	3	2	573	3388	132	26	83.536011	Γεωργιτσίου
5	1	30	3	3	3	722	3389	9	22	92.428749	ὁ
5	1	30	3	3	4	747	3387	37	29	92.885941	πρὸ
5	1	30	3	3	5	801	3396	35	19	82.804787	µη-
4	1	30	3	4	0	484	3422	352	29	-1	
5	1	30	3	4	1	484	3425	37	20	50.231262	γῶν
5	1	30	3	4	2	541	3422	105	23	87.730476	ἀποθανὼν
5	1	30	3	4	3	665	3424	118	27	80.044884	ἀείμνηστος
5	1	30	3	4	4	800	3424	36	21	53.382957	Γε-
4	1	30	3	5	0	485	3458	351	29	-1	
5	1	30	3	5	1	485	3459	74	27	23.104263	ώργιος
5	1	30	3	5	2	580	3458	180	29	32.992157	᾿Ἀθανασόπουλος,
5	1	30	3	5	3	782	3458	54	28	89.724861	ἀνέρ-
4	1	30	3	6	0	485	3489	349	34	-1	
5	1	30	3	6	1	485	3502	56	21	71.897308	χεται
5	1	30	3	6	2	559	3494	31	25	94.661774	εἰς
5	1	30	3	6	3	607	3489	27	27	60.123154	326
5	1	30	3	6	4	642	3496	35	27	29.906029	0)ο
5	1	30	3	6	5	694	3497	38	25	80.940460	τῆς.
5	1	30	3	6	6	750	3494	85	29	80.810287	περιουσί
4	1	30	3	7	0	486	3540	82	21	-1	
5	1	30	3	7	1	486	3540	24	17	87.716911	ας
5	1	30	3	7	2	522	3540	46	21	95.118752	του.
3	1	30	4	0	0	483	3572	353	175	-1	
4	1	30	4	1	0	514	3572	321	28	-1	
5	1	30	4	1	1	514	3572	130	28	82.283295	Τραμματεὺς
5	1	30	4	1	2	663	3574	37	24	44.010551	τῆς
5	1	30	4	1	3	719	3571	116	27	66.858627	κοινότητος
4	1	30	4	2	0	754	3614	81	15	-1	
5	1	30	4	2	1	754	3606	81	23	95.684219	κατόπιν
4	1	30	4	3	0	483	3642	353	29	-1	
5	1	30	4	3	1	483	3646	132	25	17.031006	διαἸωνισμοῦ
5	1	30	4	3	2	633	3644	9	22	90.635094	ὁ
5	1	30	4	3	3	661	3652	19	13	94.586113	κ.
5	1	30	4	3	4	698	3643	95	27	37.464252	Χρῆστος
5	1	30	4	3	5	802	3642	34	21	34.390205	Κα
4	1	30	4	4	0	483	3678	353	29	-1	
5	1	30	4	4	1	483	3680	111	27	75.603424	Ῥάγιαννης
5	1	30	4	4	2	617	3679	43	28	2.824364	γιὸς
5	1	30	4	4	3	683	3680	32	20	27.216072	τοῦ
5	1	30	4	4	4	737	3678	99	27	79.443283	ἐπιχειρη-
4	1	30	4	5	0	485	3713	289	34	-1	
5	1	30	4	5	1	485	3715	61	32	68.665359	µατία
5	1	30	4	5	2	564	3715	52	28	77.302513	Δημ.
5	1	30	4	5	3	635	3713	139	29	15.711594	Μαράγιαννη.
2	1	31	0	0	0	843	741	353	178	-1	
3	1	31	1	0	0	843	741	353	178	-1	
4	1	31	1	1	0	845	741	348	32	-1	
5	1	31	1	1	1	845	748	135	25	37.070175	ἨΠανταζέλου
5	1	31	1	1	2	999	747	33	22	93.293053	καὶ
5	1	31	1	1	3	1052	748	9	22	90.388268	ὁ
5	1	31	1	1	4	1079	741	114	30	89.083313	Ἠλίας
5	1	31	1	1	5	1169	737	28	41	90.318817	Ν.
4	1	31	1	2	0	843	865	41	19	-1	
5	1	31	1	2	1	843	865	41	19	79.144661	μου.
4	1	31	1	3	0	872	890	324	29	-1	
5	1	31	1	3	1	872	892	28	21	74.164200	Ἡ
5	1	31	1	3	2	919	891	131	28	48.644043	καθηγήτρια
5	1	31	1	3	3	1069	890	57	27	11.310501	Ἰζικὴ
5	1	31	1	3	4	1145	890	51	21	36.357861	Ίσε-
2	1	32	0	0	0	840	269	410	102	-1	
3	1	32	1	0	0	840	269	410	102	-1	
4	1	32	1	1	0	840	269	410	102	-1	
5	1	32	1	1	1	840	269	410	102	95.000000	 
2	1	33	0	0	0	839	391	353	240	-1	
3	1	33	1	0	0	867	391	295	22	-1	
4	1	33	1	1	0	867	391	295	22	-1	
5	1	33	1	1	1	867	405	31	4	23.708237	--
5	1	33	1	1	2	930	391	168	22	40.346878	ΤΕΝΝΗΣΕΙΣ
5	1	33	1	1	3	1132	403	30	4	82.841064	---
3	1	33	2	0	0	839	426	353	205	-1	
4	1	33	2	1	0	869	426	322	29	-1	
5	1	33	2	1	1	869	428	27	21	82.641304	Ἡ
5	1	33	2	1	2	913	427	81	28	96.065125	σύζυγος
5	1	33	2	1	3	1012	428	32	21	96.198448	τοῦ
5	1	33	2	1	4	1061	427	24	22	91.482994	ἐκ
5	1	33	2	1	5	1102	422	23	38	61.804131	ΤΠ
5	1	33	2	1	6	1132	427	59	27	61.804131	αρδα-
4	1	33	2	2	0	839	462	352	29	-1	
5	1	33	2	2	1	839	464	44	22	90.239098	λίου
5	1	33	2	2	2	904	462	140	29	61.878441	συμπατριώτη
5	1	33	2	2	3	1064	471	20	14	32.223770	.
5	1	33	2	2	4	1109	462	82	21	26.872734	Ἱαντε-
4	1	33	2	3	0	839	498	351	29	-1	
5	1	33	2	3	1	839	502	27	25	41.443138	λῆ
5	1	33	2	3	2	889	498	163	29	55.336807	Μιχαλόχρηστα
5	1	33	2	3	3	1074	498	116	26	90.675056	ὑπαλλήλου
4	1	33	2	4	0	840	533	352	28	-1	
5	1	33	2	4	1	840	536	56	22	44.340000	ΕΤΗ
5	1	33	2	4	2	911	535	69	22	79.776909	ἔτεχεν
5	1	33	2	4	3	998	534	70	25	91.997604	αἰσίως
5	1	33	2	4	4	1086	533	106	28	26.180428	δίδυμα,
5	1	33	2	4	5	1171	529	23	38	86.773972	ᾱ-
4	1	33	2	5	0	841	569	351	30	-1	
5	1	33	2	5	1	841	571	71	28	52.036201	γοράχι
5	1	33	2	5	2	933	570	33	23	84.924812	καὶ
5	1	33	2	5	3	987	569	103	29	73.727158	κοριτσάκι
5	1	33	2	5	4	1111	569	35	27	93.236824	τὴν
5	1	33	2	5	5	1156	569	36	22	77.439209	25-
4	1	33	2	6	0	842	605	276	26	-1	
5	1	33	2	6	1	842	607	71	22	90.926804	19-16.
5	1	33	2	6	2	929	606	36	22	90.926804	Νὰ
5	1	33	2	6	3	981	606	45	24	95.403168	τοὺς
5	1	33	2	6	4	1042	605	76	26	91.649544	ζήσουν,
2	1	34	0	0	0	870	658	294	23	-1	
3	1	34	1	0	0	870	658	294	23	-1	
4	1	34	1	1	0	870	658	294	23	-1	
5	1	34	1	1	1	870	673	30	3	0.000000	---
5	1	34	1	1	2	927	658	179	23	36.916908	ΣΥΝΟΠΗΕΣΙΑ
5	1	34	1	1	3	1135	671	29	3	73.797112	---
2	1	35	0	0	0	871	710	321	29	-1	
3	1	35	1	0	0	871	710	321	29	-1	
4	1	35	1	1	0	871	710	321	29	-1	
5	1	35	1	1	1	871	714	28	20	82.835571	Ἡ
5	1	35	1	1	2	917	712	98	25	86.216873	δεσποινὶς
5	1	35	1	1	3	1034	710	84	29	79.705963	Ἰωάννα
5	1	35	1	1	4	1143	711	49	21	4.505600	Νιχ.
2	1	36	0	0	0	841	783	354	64	-1	
3	1	36	1	0	0	841	783	354	64	-1	
4	1	36	1	1	0	841	783	354	29	-1	
5	1	36	1	1	1	841	785	89	27	78.488297	Κοφιᾶς,
5	1	36	1	1	2	955	792	24	13	84.446159	ἐκ
5	1	36	1	1	3	1005	784	133	27	75.483078	Γεωργιτσίου
5	1	36	1	1	4	1147	783	48	21	93.010101	ἔδω-
4	1	36	1	2	0	841	818	354	29	-1	
5	1	36	1	2	1	841	829	36	14	89.120453	σαν
5	1	36	1	2	2	903	822	103	21	40.821144	ἁμοιθαίαν
5	1	36	1	2	3	1032	818	101	29	19.428772	ὑπόσχεσιν
5	1	36	1	2	4	1159	826	36	19	12.119141	Ὑά-
2	1	37	0	0	0	843	924	355	564	-1	
3	1	37	1	0	0	843	924	353	99	-1	
4	1	37	1	1	0	843	924	353	31	-1	
5	1	37	1	1	1	843	930	56	25	92.722939	ρωτᾶ
5	1	37	1	1	2	914	927	32	22	87.363976	καὶ
5	1	37	1	1	3	963	928	9	21	88.885513	ὁ
5	1	37	1	1	4	989	926	122	28	53.093002	ἀρχιτέχνων
5	1	37	1	1	5	1127	924	69	28	92.534981	Θεοχά
4	1	37	1	2	0	844	960	352	30	-1	
5	1	37	1	2	1	844	970	37	20	61.644360	ρης
5	1	37	1	2	2	907	961	149	26	61.644360	Σκλαθωνίτης
5	1	37	1	2	3	1074	960	74	21	84.455246	ἔδωσαν
5	1	37	1	2	4	1175	960	21	19	50.947933	ἆᾱ-
4	1	37	1	3	0	845	996	291	27	-1	
5	1	37	1	3	1	845	996	89	27	23.079498	µοιξαίαν
5	1	37	1	3	2	953	995	93	27	90.140732	ὑπόσχεσι
5	1	37	1	3	3	1067	994	69	27	67.907608	Ἰάμου.
3	1	37	2	0	0	844	1020	352	180	-1	
4	1	37	2	1	0	867	1020	329	37	-1	
5	1	37	2	1	1	867	1032	34	19	29.242996	Ἡ.
5	1	37	2	1	2	919	1030	98	24	89.723358	δεσποινὶς
5	1	37	2	1	3	1036	1028	92	29	77.721695	Φωτεινὴ
5	1	37	2	1	4	1146	1020	50	35	79.832596	Χρι-
4	1	37	2	2	0	844	1062	350	29	-1	
5	1	37	2	2	1	844	1066	106	22	92.218552	στοπούλου
5	1	37	2	2	2	971	1065	23	22	93.185234	ἐκ
5	1	37	2	2	3	1013	1063	127	28	68.785629	Λογχανίκου
5	1	37	2	2	4	1161	1062	33	23	79.105476	καὶ
4	1	37	2	3	0	845	1099	351	29	-1	
5	1	37	2	3	1	845	1103	9	21	83.003258	ὁ
5	1	37	2	3	2	882	1102	24	21	93.060768	ἐκ
5	1	37	2	3	3	924	1099	133	29	65.766914	Γεωργιτσίου
5	1	37	2	3	4	1078	1095	19	37	42.307922	ΤΠ
5	1	37	2	3	5	1106	1099	90	26	69.802849	αντελῆς
4	1	37	2	4	0	845	1132	351	32	-1	
5	1	37	2	4	1	845	1137	49	22	90.779327	Ἠλ.
5	1	37	2	4	2	913	1137	80	27	33.685364	ζοψιᾶς
5	1	37	2	4	3	1013	1135	75	22	92.369987	ἔδωσαν
5	1	37	2	4	4	1109	1132	87	29	27.297447	ἁμοιβαί-
4	1	37	2	5	0	845	1170	231	30	-1	
5	1	37	2	5	1	845	1181	23	14	91.867294	αν
5	1	37	2	5	2	885	1172	102	28	56.262058	ὑπόσχεσυ
5	1	37	2	5	3	1007	1170	69	29	73.810989	Ὑάμου.
3	1	37	3	0	0	845	1204	353	207	-1	
4	1	37	3	1	0	875	1204	321	29	-1	
5	1	37	3	1	1	875	1208	27	21	72.509430	Ἡ
5	1	37	3	1	2	927	1207	99	24	45.636730	δεσπονὶς
5	1	37	3	1	3	1051	1204	98	29	85.566444	Χριστίνα
5	1	37	3	1	4	1173	1206	23	21	75.667496	Τ.
4	1	37	3	2	0	845	1240	351	31	-1	
5	1	37	3	2	1	845	1243	133	28	91.410080	Ῥουμελιώτη
5	1	37	3	2	2	999	1242	40	25	76.906479	καὶ,
5	1	37	3	2	3	1057	1243	9	22	76.190765	ὁ
5	1	37	3	2	4	1078	1245	3	4	46.584274	΄
5	1	37	3	2	5	1095	1240	101	25	95.917076	Διονύσιος
4	1	37	3	3	0	845	1278	353	30	-1	
5	1	37	3	3	1	845	1282	48	21	85.247971	Φιλ.
5	1	37	3	3	2	915	1280	111	28	50.932434	σερωτᾶς
5	1	37	3	3	3	1047	1278	74	25	68.363739	ἔδωσαν
5	1	37	3	3	4	1144	1278	54	27	54.717850	ἆμοι-
4	1	37	3	4	0	847	1312	351	31	-1	
5	1	37	3	4	1	847	1316	56	23	43.939392	θαίαν
5	1	37	3	4	2	923	1316	101	27	90.675591	ὑπόσχεσιν
5	1	37	3	4	3	1044	1314	69	28	39.134808	Ὑάμοω.
5	1	37	3	4	4	1133	1312	65	28	63.852615	᾽Αμϕό
4	1	37	3	5	0	847	1350	351	51	-1	
5	1	37	3	5	1	847	1360	52	20	87.745110	τεροι
5	1	37	3	5	2	922	1350	122	29	29.229469	Κατάγονται
5	1	37	3	5	3	1066	1350	23	22	93.862671	ἐκ
5	1	37	3	5	4	1109	1350	89	51	38.554306	Γκοργ-
4	1	37	3	6	0	846	1396	60	15	-1	
5	1	37	3	6	1	846	1388	60	23	61.583344	πσίου.
3	1	37	4	0	0	846	1420	351	68	-1	
4	1	37	4	1	0	875	1420	322	31	-1	
5	1	37	4	1	1	875	1424	54	25	24.659988	Ποὺς
5	1	37	4	1	2	949	1422	101	29	27.842758	εὐχόμεδα
5	1	37	4	1	3	1071	1422	81	28	86.473343	ταχεῖαν
5	1	37	4	1	4	1161	1420	36	28	94.572464	τὴν
4	1	37	4	2	0	846	1460	74	28	-1	
5	1	37	4	2	1	846	1460	74	28	77.235916	στέφιν.
2	1	38	0	0	0	846	1512	353	136	-1	
3	1	38	1	0	0	846	1512	353	136	-1	
4	1	38	1	1	0	905	1512	228	23	-1	
5	1	38	1	1	1	905	1526	30	3	2.878044	--
5	1	38	1	1	2	954	1512	131	23	79.141235	ΘΑΝΑΤΟΙ
5	1	38	1	1	3	1103	1524	30	3	89.718513	---
4	1	38	1	2	0	876	1548	323	27	-1	
5	1	38	1	2	1	876	1548	111	23	30.214272	ἸΑπεξίωσε
5	1	38	1	2	2	1006	1548	31	25	93.304955	εἰς
5	1	38	1	2	3	1055	1545	144	30	70.767563	προκεχωρηµέ
4	1	38	1	3	0	846	1581	353	31	-1	
5	1	38	1	3	1	846	1593	34	19	72.254150	νην
5	1	38	1	3	2	898	1584	81	27	56.635216	ἡλωκίαν
5	1	38	1	3	3	997	1584	13	27	87.649170	ἡ
5	1	38	1	3	4	1027	1581	172	30	47.916389	συµπατριώτισσά
4	1	38	1	4	0	847	1618	336	30	-1	
5	1	38	1	4	1	847	1628	39	20	93.284798	µας
5	1	38	1	4	2	905	1619	87	28	8.044327	Ἑὐγενία
5	1	38	1	4	3	1011	1619	49	22	92.230331	Ἠλ.
5	1	38	1	4	4	1079	1618	104	27	80.832253	Τσερωπᾶ.
2	1	39	0	0	0	847	1672	353	104	-1	
3	1	39	1	0	0	847	1672	353	99	-1	
4	1	39	1	1	0	877	1672	321	27	-1	
5	1	39	1	1	1	877	1673	110	24	18.675949	᾿Απεδίωσε
5	1	39	1	1	2	1005	1673	35	26	88.076981	τὴν
5	1	39	1	1	3	1058	1672	52	27	41.334805	Φ4ην
5	1	39	1	1	4	1129	1672	69	21	71.729317	Όκτω
4	1	39	1	2	0	848	1706	352	31	-1	
5	1	39	1	2	1	848	1709	54	28	79.196930	θρίου
5	1	39	1	2	2	920	1708	56	23	72.618851	4976
5	1	39	1	2	3	995	1709	9	22	88.676468	ὁ
5	1	39	1	2	4	1030	1706	104	25	78.265671	αἰωνόδιος
5	1	39	1	2	5	1160	1706	40	22	84.878319	Λυ-
4	1	39	1	3	0	847	1739	260	37	-1	
5	1	39	1	3	1	847	1746	86	30	26.379814	ποῦργος
5	1	39	1	3	2	951	1739	24	35	13.786194	ἸΠ
5	1	39	1	3	3	986	1739	121	35	72.152702	απαστάθης.
2	1	40	0	0	0	849	1795	351	232	-1	
3	1	40	1	0	0	849	1795	351	103	-1	
4	1	40	1	1	0	877	1795	323	28	-1	
5	1	40	1	1	1	877	1796	166	27	37.490749	ἸΑπεδίωσε
5	1	40	1	1	2	1005	1791	42	36	90.987671	τὴν
5	1	40	1	1	3	1063	1795	51	28	0.000000	Ίβην
5	1	40	1	1	4	1133	1795	67	28	47.640747	Δεκεμ,
4	1	40	1	2	0	849	1832	350	31	-1	
5	1	40	1	2	1	849	1834	52	29	64.506081	δρίου
5	1	40	1	2	2	918	1833	55	23	89.809120	1976
5	1	40	1	2	3	989	1834	9	23	48.578396	ὁ
5	1	40	1	2	4	1003	1832	117	26	30.280258	Ννιόλαος
5	1	40	1	2	5	1134	1832	24	22	80.751366	Τ.
5	1	40	1	2	6	1167	1832	32	22	95.525208	Πε
4	1	40	1	3	0	849	1866	225	38	-1	
5	1	40	1	3	1	849	1866	85	38	49.264603	τράκης.
5	1	40	1	3	2	1071	1873	3	1	15.538551	7
3	1	40	2	0	0	849	1920	351	103	-1	
4	1	40	2	1	0	878	1920	322	28	-1	
5	1	40	2	1	1	878	1921	116	24	0.000000	λΑπεξίωσε
5	1	40	2	1	2	1008	1922	35	26	53.530193	τὴν
5	1	40	2	1	3	1063	1921	51	26	26.742035	{ην
5	1	40	2	1	4	1133	1920	67	27	30.901855	Δεχεμ
4	1	40	2	2	0	850	1954	350	31	-1	
5	1	40	2	2	1	850	1957	53	28	20.707100	Αρίυ
5	1	40	2	2	2	931	1956	55	22	85.852165	1916
5	1	40	2	2	3	1013	1956	12	26	89.689285	ἡ
5	1	40	2	2	4	1051	1954	149	26	60.771118	Πιαννούλα
5	1	40	2	2	5	1174	1950	30	39	7.195213	Ἡ.
4	1	40	2	3	0	849	1988	334	39	-1	
5	1	40	2	3	1	849	1988	143	39	32.946243	Τεωργούλη.-
5	1	40	2	3	2	1164	1998	19	3	22.353455	.
2	1	41	0	0	0	850	2039	350	104	-1	
3	1	41	1	0	0	850	2039	350	104	-1	
4	1	41	1	1	0	879	2039	321	40	-1	
5	1	41	1	1	1	879	2039	111	40	40.745926	᾿Απεθίωσε
5	1	41	1	1	2	1007	2042	29	25	55.744152	εἰς
5	1	41	1	1	3	1055	2041	93	26	42.962875	᾿Αθήνας
5	1	41	1	1	4	1165	2040	35	27	77.228378	τὴν
4	1	41	1	2	0	850	2076	350	29	-1	
5	1	41	1	2	1	850	2080	37	25	62.702072	Θην
5	1	41	1	2	2	905	2078	120	27	64.947685	Ἰανουαρίου
5	1	41	1	2	3	1043	2077	56	22	72.465714	19117
5	1	41	1	2	4	1117	2078	9	21	91.802620	ὁ
5	1	41	1	2	5	1142	2076	58	26	89.918526	Δημή
4	1	41	1	3	0	850	2112	262	31	-1	
5	1	41	1	3	1	850	2122	56	21	80.803543	τριος
5	1	41	1	3	2	925	2115	69	21	31.055519	Ἱαντ.
5	1	41	1	3	3	1011	2112	101	29	84.051918	Τσίχλης.
2	1	42	0	0	0	851	2253	353	176	-1	
3	1	42	1	0	0	851	2253	353	176	-1	
4	1	42	1	1	0	889	2253	313	29	-1	
5	1	42	1	1	1	889	2256	110	23	22.339851	Ἰλπεβίωσε
5	1	42	1	1	2	1028	2254	34	23	88.159317	καὶ
5	1	42	1	1	3	1091	2253	111	29	0.000000	χηδεύτηκε
4	1	42	1	2	0	851	2288	352	33	-1	
5	1	42	1	2	1	851	2294	31	25	93.240471	εἰς
5	1	42	1	2	2	897	2293	95	28	45.681309	Ἑπάρτην
5	1	42	1	2	3	1007	2292	35	27	83.239441	τὴν
5	1	42	1	2	4	1058	2288	56	31	78.620110	{Την
5	1	42	1	2	5	1127	2284	76	41	32.455017	Ἴαγουα
4	1	42	1	3	0	851	2326	353	33	-1	
5	1	42	1	3	1	851	2329	41	30	78.823982	ρίου
5	1	42	1	3	2	909	2330	12	27	92.069778	ἡ
5	1	42	1	3	3	939	2328	76	29	58.641571	μητέρα
5	1	42	1	3	4	1031	2330	34	21	93.119186	τοῦ
5	1	42	1	3	5	1083	2326	121	28	89.179985	αἰδεσιμωτά
4	1	42	1	4	0	852	2363	350	30	-1	
5	1	42	1	4	1	852	2374	32	15	83.691307	του
5	1	42	1	4	2	906	2365	80	28	73.916443	.Ἱεέως
5	1	42	1	4	3	1007	2364	47	28	36.409256	“Αγ.
5	1	42	1	4	4	1075	2363	127	28	96.033051	Σπυρίδωνος
4	1	42	1	5	0	851	2400	240	29	-1	
5	1	42	1	5	1	851	2412	19	12	16.863419	Χ..
5	1	42	1	5	2	893	2402	85	27	49.196693	Παναγ.
5	1	42	1	5	3	995	2400	96	27	56.373196	Ῥούτση.
2	1	43	0	0	0	852	2448	366	320	-1	
3	1	43	1	0	0	879	2448	196	29	-1	
4	1	43	1	1	0	879	2448	196	29	-1	
5	1	43	1	1	1	879	2469	31	2	0.000000	---
5	1	43	1	1	2	925	2448	150	29	67.250229	ΑΡΟΡΙΑΝΗ
3	1	43	2	0	0	882	2490	130	23	-1	
4	1	43	2	1	0	882	2490	130	23	-1	
5	1	43	2	1	1	882	2490	130	23	92.684761	ΘΑΝΑΤΟΙ
3	1	43	3	0	0	852	2524	353	203	-1	
4	1	43	3	1	0	882	2524	186	24	-1	
5	1	43	3	1	1	882	2526	124	22	53.744755	᾽Απεβίωσαν
5	1	43	3	1	2	1035	2524	33	23	90.058350	καὶ
4	1	43	3	2	0	853	2560	365	29	-1	
5	1	43	3	2	1	853	2570	37	14	78.177765	καν
5	1	43	3	2	2	912	2562	30	25	65.597626	εἰς
5	1	43	3	2	3	964	2561	109	28	35.328285	"Αγόριανη
5	1	43	3	2	4	1094	2561	12	26	80.310623	ἡ
5	1	43	3	2	5	1127	2560	91	21	68.148575	Παΐκο-.
4	1	43	3	3	0	852	2595	353	29	-1	
5	1	43	3	3	1	852	2598	72	22	41.202820	πούλου
5	1	43	3	3	2	941	2598	12	21	38.360359	Ἡ
5	1	43	3	3	3	969	2596	94	28	37.483566	ηνελόπη,
5	1	43	3	3	4	1078	2595	76	29	89.853783	Σαχλὰ
5	1	43	3	3	5	1167	2596	38	21	96.624069	Μα
4	1	43	3	4	0	853	2632	352	30	-1	
5	1	43	3	4	1	853	2633	50	29	54.424244	ριγὼ
5	1	43	3	4	2	929	2633	33	22	91.350998	καὶ
5	1	43	3	4	3	981	2632	122	28	58.277435	Παρουφάλη
5	1	43	3	4	4	1132	2632	73	21	0.000000	Ἡανα-
4	1	43	3	5	0	853	2666	352	31	-1	
5	1	43	3	5	1	853	2669	65	28	10.376984	γιώτα
5	1	43	3	5	2	938	2668	148	27	62.074131	μεταφερθεῖσα
5	1	43	3	5	3	1106	2667	25	25	89.366966	ἐξ
5	1	43	3	5	4	1152	2666	53	27	0.000000	᾿θη
4	1	43	3	6	0	853	2706	45	21	-1	
5	1	43	3	6	1	853	2706	45	21	67.114998	νῶν,
3	1	43	4	0	0	883	2738	245	30	-1	
4	1	43	4	1	0	883	2738	245	30	-1	
5	1	43	4	1	1	883	2740	69	28	23.731758	Θεριμὰ
5	1	43	4	1	2	971	2738	157	27	19.129784	συλλυπητέρια.
2	1	44	0	0	0	1099	2523	105	28	-1	
3	1	44	1	0	0	1099	2523	105	28	-1	
4	1	44	1	1	0	1099	2523	105	28	-1	
5	1	44	1	1	1	1099	2523	105	28	66.593689	ἐκηδεύθη-
2	1	45	0	0	0	1117	2798	89	5	-1	
3	1	45	1	0	0	1117	2798	89	5	-1	
4	1	45	1	1	0	1117	2798	89	5	-1	
5	1	45	1	1	1	1117	2798	89	5	95.000000	 
2	1	46	0	0	0	922	2827	200	23	-1	
3	1	46	1	0	0	922	2827	200	23	-1	
4	1	46	1	1	0	922	2827	200	23	-1	
5	1	46	1	1	1	922	2827	200	23	13.442764	«ΜΕΤΑΘΕΣΕΙΣ
2	1	47	0	0	0	855	2909	352	65	-1	
3	1	47	1	0	0	855	2909	352	65	-1	
4	1	47	1	1	0	883	2909	323	29	-1	
5	1	47	1	1	1	883	2912	29	22	58.994301	Ἡ
5	1	47	1	1	2	930	2911	97	27	66.927055	νοσοχόµα
5	1	47	1	1	3	1045	2920	19	13	46.113285	κ.
5	1	47	1	1	4	1083	2909	87	28	93.391098	Μαρίκα
5	1	47	1	1	5	1177	2910	29	22	95.465889	Δε
4	1	47	1	2	0	855	2946	352	28	-1	
5	1	47	1	2	1	855	2948	58	26	69.892693	Σούση
5	1	47	1	2	2	932	2947	104	26	47.871723	µετετέθη,
5	1	47	1	2	3	1057	2947	23	20	4.104370	ἔκ
5	1	47	1	2	4	1099	2947	33	20	93.021461	τοῦ
5	1	47	1	2	5	1151	2946	56	20	69.897049	Τενι-
2	1	48	0	0	0	849	2979	364	28	-1	
3	1	48	1	0	0	849	2979	364	28	-1	
4	1	48	1	1	0	849	2979	364	28	-1	
5	1	48	1	1	1	849	2983	40	20	24.364769	κο
5	1	48	1	1	2	893	2982	118	25	0.000000	"Ἱρατθροῦ
5	1	48	1	1	3	1031	2979	108	26	0.000000	Νοσ)μΞίου
5	1	48	1	1	4	1148	2979	65	26	0.000000	Ἠπάρ.
2	1	49	0	0	0	854	3013	356	586	-1	
3	1	49	1	0	0	854	3013	352	122	-1	
4	1	49	1	1	0	855	3013	351	29	-1	
5	1	49	1	1	1	855	3023	45	19	59.795158	της.
5	1	49	1	1	2	923	3015	30	24	55.020908	εἰς
5	1	49	1	1	3	975	3013	148	28	7.367340	Ἱπποχράτειον
5	1	49	1	1	4	1146	3013	60	26	48.138489	᾿Αθη-
4	1	49	1	2	0	854	3051	239	37	-1	
5	1	49	1	2	1	854	3051	46	37	83.821274	νῶν,
5	1	49	1	2	2	1091	3060	2	2	48.349251	|
4	1	49	1	3	0	880	3104	326	37	-1	
5	1	49	1	3	1	880	3104	60	37	36.767479	--Ὁ
5	1	49	1	3	2	959	3104	128	31	0.000000	ἠλγραφίλαξ
5	1	49	1	3	3	1111	3115	19	14	60.983177	κ.
5	1	49	1	3	4	1149	3106	57	27	38.755608	Δημή
3	1	49	2	0	0	856	3146	354	155	-1	
4	1	49	2	1	0	857	3146	351	32	-1	
5	1	49	2	1	1	857	3158	55	20	52.507332	πριος
5	1	49	2	1	2	943	3148	138	26	54.023308	ΤΠανταζέλος
5	1	49	2	1	3	1111	3146	97	29	38.742638	μµετετέθη
4	1	49	2	2	0	856	3190	352	29	-1	
5	1	49	2	2	1	856	3192	24	21	70.119591	ἐκ
5	1	49	2	2	2	914	3190	133	29	51.267986	Γεωργιτσίου
5	1	49	2	2	3	1075	3190	30	25	54.970520	εἰς
5	1	49	2	2	4	1132	3190	76	21	69.666771	Ἰλαδά
4	1	49	2	3	0	857	3233	103	28	-1	
5	1	49	2	3	1	857	3233	103	28	93.295219	Σπάρτης.
4	1	49	2	4	0	859	3269	351	32	-1	
5	1	49	2	4	1	859	3269	351	32	18.883316	ου
3	1	49	3	0	0	857	3322	352	277	-1	
4	1	49	3	1	0	886	3322	322	27	-1	
5	1	49	3	1	1	886	3323	136	22	81.009789	ΔΕΧΘΗΤΕ
5	1	49	3	1	2	1039	3322	23	27	32.222366	μέ
5	1	49	3	1	3	1081	3322	73	27	80.101921	στοργὴ
5	1	49	3	1	4	1172	3322	36	26	93.516380	τὴν
4	1	49	3	2	0	857	3365	351	28	-1	
5	1	49	3	2	1	857	3365	108	28	82.778229	ἐφημερίδα
5	1	49	3	2	2	982	3372	46	21	93.297752	µας,
5	1	49	3	2	3	1046	3365	102	27	88.556793	ἀγαπῆστε
5	1	49	3	2	4	1165	3372	43	20	69.831451	την.
4	1	49	3	3	0	857	3405	352	29	-1	
5	1	49	3	3	1	857	3409	97	20	81.978874	διαδῶστε
5	1	49	3	3	2	972	3415	42	19	81.345848	την.
5	1	49	3	3	3	1032	3405	77	29	95.130493	Πρέπει
5	1	49	3	3	4	1127	3405	25	22	93.216736	νὰ
5	1	49	3	3	5	1169	3406	40	21	88.670319	ἐπι-
4	1	49	3	4	0	857	3448	351	28	-1	
5	1	49	3	4	1	857	3449	50	27	21.197052	Ὀήση
5	1	49	3	4	2	925	3448	35	28	96.640778	γιὰ
5	1	49	3	4	3	977	3448	21	23	88.638977	τὸ
5	1	49	3	4	4	1016	3448	52	22	52.640144	καλὸ
5	1	49	3	4	5	1086	3449	32	21	92.980637	τοῦ
5	1	49	3	4	6	1136	3449	72	26	92.980637	χωριοῦ
4	1	49	3	5	0	857	3497	351	21	-1	
5	1	49	3	5	1	857	3490	35	23	93.243500	καὶ
5	1	49	3	5	2	906	3490	35	28	0.000000	νιὰ
5	1	49	3	5	3	957	3490	34	27	80.276657	τὴν
5	1	49	3	5	4	1007	3484	122	33	13.210716	πνευματυκὴ
5	1	49	3	5	5	1145	3490	63	21	47.006588	ἔπιχοι
4	1	49	3	6	0	857	3530	351	28	-1	
5	1	49	3	6	1	857	3532	60	21	0.000000	νωνία.
5	1	49	3	6	2	950	3531	33	22	77.010666	καὶ
5	1	49	3	6	3	1011	3530	133	28	80.066467	ἀλληλεγγύη
5	1	49	3	6	4	1169	3531	39	21	96.206917	τῶν
4	1	49	3	7	0	857	3572	291	27	-1	
5	1	49	3	7	1	857	3574	83	21	90.247543	παιδιῶν
5	1	49	3	7	2	958	3573	33	22	92.999786	τοῦ
5	1	49	3	7	3	1008	3572	140	27	59.957832	Γεωρήιτσιοῦ.
2	1	50	0	0	0	988	3631	99	4	-1	
3	1	50	1	0	0	988	3631	99	4	-1	
4	1	50	1	1	0	988	3631	99	4	-1	
5	1	50	1	1	1	988	3631	99	4	95.000000	 
2	1	51	0	0	0	891	3655	332	40	-1	
3	1	51	1	0	0	891	3655	332	40	-1	
4	1	51	1	1	0	891	3655	332	40	-1	
5	1	51	1	1	1	891	3655	178	36	32.002632	ΠΡΟΤΙΜΑΤΗΕ
5	1	51	1	1	2	1097	3659	25	36	66.140770	τὰ
5	1	51	1	1	3	1149	3666	74	16	52.756214	χανα-
5	1	51	1	1	4	1215	3655	12	35	92.482475	|
2	1	52	0	0	0	858	3713	365	32	-1	
3	1	52	1	0	0	858	3713	365	32	-1	
4	1	52	1	1	0	858	3713	365	32	-1	
5	1	52	1	1	1	858	3713	91	27	56.725624	στήβανα
5	1	52	1	1	2	971	3714	38	21	88.476334	τῶν
5	1	52	1	1	3	1030	3713	193	32	23.210251	Βορειοδιμοτῶν.
5	1	52	1	1	4	1217	3709	11	40	39.531097	͵
2	1	53	0	0	0	1188	1447	43	848	-1	
3	1	53	1	0	0	1188	1447	43	848	-1	
4	1	53	1	1	0	1188	1447	43	848	-1	
5	1	53	1	1	1	1197	2278	28	17	1.648987	α.
5	1	53	1	1	2	1188	2118	43	143	0.000000	ου
5	1	53	1	1	3	1188	2049	43	41	23.068901	ο
5	1	53	1	1	4	1188	1899	43	76	35.054253	ων
5	1	53	1	1	5	1188	1508	43	231	0.000000	ο...
5	1	53	1	1	6	1188	1447	43	55	0.000000	.--
2	1	54	0	0	0	1555	22	1375	22	-1	
3	1	54	1	0	0	1555	22	1375	22	-1	
4	1	54	1	1	0	1555	22	1375	22	-1	
5	1	54	1	1	1	1555	22	1375	22	95.000000	 
2	1	55	0	0	0	1555	22	1375	22	-1	
3	1	55	1	0	0	1555	22	1375	22	-1	
4	1	55	1	1	0	1555	22	1375	22	-1	
5	1	55	1	1	1	1555	22	1375	22	95.000000	 
2	1	56	0	0	0	1472	214	213	27	-1	
3	1	56	1	0	0	1472	214	213	27	-1	
4	1	56	1	1	0	1472	214	213	27	-1	
5	1	56	1	1	1	1472	218	39	23	93.285973	ΤΟ
5	1	56	1	1	2	1532	214	153	26	89.127785	ΓΕΩΡΓΙΤΣΙ
2	1	57	0	0	0	1396	249	492	10	-1	
3	1	57	1	0	0	1396	249	492	10	-1	
4	1	57	1	1	0	1396	249	492	10	-1	
5	1	57	1	1	1	1396	249	492	10	95.000000	 
2	1	58	0	0	0	1250	274	654	106	-1	
3	1	58	1	0	0	1243	265	661	116	-1	
4	1	58	1	1	0	1250	274	654	106	-1	
5	1	58	1	1	1	1243	265	661	116	35.126900	πρ.
2	1	59	0	0	0	1202	435	715	189	-1	
3	1	59	1	0	0	1202	435	715	189	-1	
4	1	59	1	1	0	1241	435	674	31	-1	
5	1	59	1	1	1	1241	438	72	28	93.295074	Τώρα
5	1	59	1	1	2	1330	438	65	27	88.173035	ὃμως
5	1	59	1	1	3	1411	437	14	22	91.978897	ὁ
5	1	59	1	1	4	1440	437	79	28	91.978897	πολὺς
5	1	59	1	1	5	1535	436	140	29	91.710510	πληθυσμὸς
5	1	59	1	1	6	1692	436	72	29	91.441162	ἔφυγε
5	1	59	1	1	7	1780	436	38	22	96.649170	καὶ
5	1	59	1	1	8	1834	435	23	23	95.031830	οἱ
5	1	59	1	1	9	1866	435	49	24	96.911461	νέοι
4	1	59	1	2	0	1214	469	701	33	-1	
5	1	59	1	2	1	1214	474	47	22	92.760185	ποὺ
5	1	59	1	2	2	1280	474	92	28	87.276512	ἔμειναν
5	1	59	1	2	3	1392	472	57	24	93.306213	εἶναι
5	1	59	1	2	4	1468	469	140	33	28.325684	ἐλάχιστοί.-
5	1	59	1	2	5	1616	473	25	22	91.021126	Ἡ
5	1	59	1	2	6	1664	472	133	29	24.329865	Ὕπαιθρος
5	1	59	1	2	7	1815	472	100	28	91.026886	ἐγκατα-
4	1	59	1	3	0	1215	506	702	32	-1	
5	1	59	1	3	1	1215	510	108	28	92.829086	λείφθηκε
5	1	59	1	3	2	1342	510	37	22	96.981087	καὶ
5	1	59	1	3	3	1396	510	31	22	93.269234	τὰ
5	1	59	1	3	4	1445	509	80	29	74.359192	ὁρεινὰ
5	1	59	1	3	5	1542	506	108	31	93.266785	χωράφια
5	1	59	1	3	6	1667	508	103	23	92.891373	ἔπιασαν
5	1	59	1	3	7	1787	507	82	22	79.925697	ἕλατα.
5	1	59	1	3	8	1881	507	36	23	91.795700	Νὰ
4	1	59	1	4	0	1214	539	703	35	-1	
5	1	59	1	4	1	1214	546	115	28	92.388809	ἀφήσωμε
5	1	59	1	4	2	1343	546	30	22	96.854355	νὰ
5	1	59	1	4	3	1386	539	177	35	95.662621	προχωρήσουν
5	1	59	1	4	4	1577	544	30	23	93.297867	τὰ
5	1	59	1	4	5	1620	544	75	22	93.028984	ἔλατα
5	1	59	1	4	6	1710	544	67	28	90.882713	µέχρι
5	1	59	1	4	7	1790	543	32	22	96.945068	τὰ
5	1	59	1	4	8	1836	543	81	22	96.063423	σπίτια
4	1	59	1	5	0	1202	578	715	46	-1	
5	1	59	1	5	1	1202	583	56	41	57.739853	[τοῦ
5	1	59	1	5	2	1274	582	94	28	92.744789	χωριοῦ,
5	1	59	1	5	3	1384	580	116	29	92.678947	ἀσφαλῶς
5	1	59	1	5	4	1514	580	41	23	96.710258	δέν
5	1	59	1	5	5	1571	578	56	25	93.303154	εἶναι
5	1	59	1	5	6	1643	579	95	24	92.644020	συνετὸ.
5	1	59	1	5	7	1754	579	46	22	93.299698	Δέν
5	1	59	1	5	8	1817	580	46	28	91.552185	μᾶς
5	1	59	1	5	9	1876	580	41	27	83.196014	µέ-
2	1	60	0	0	0	1198	614	719	32	-1	
3	1	60	1	0	0	1198	614	719	32	-1	
4	1	60	1	1	0	1198	614	719	32	-1	
5	1	60	1	1	1	1198	614	48	25	58.466576	Ἔνει
5	1	60	1	1	2	1265	617	66	29	96.303299	παρὰ
5	1	60	1	1	3	1349	617	29	22	92.497391	νὰ
5	1	60	1	1	4	1396	616	138	29	83.692223	ἀλλάξουμε
5	1	60	1	1	5	1552	616	48	28	92.247231	εἴδη
5	1	60	1	1	6	1619	616	36	22	93.273712	καὶ
5	1	60	1	1	7	1674	615	117	28	90.775452	µεθόδους
5	1	60	1	1	8	1808	614	109	29	90.406693	καλλιερ-
2	1	61	0	0	0	1205	650	716	315	-1	
3	1	61	1	0	0	1205	650	716	799	-1	
4	1	61	1	1	0	1215	650	704	31	-1	
5	1	61	1	1	1	1215	652	73	28	88.456001	γείᾶς,
5	1	61	1	1	2	1304	654	63	32	92.937065	ἀφοῦ
5	1	61	1	1	3	1384	652	40	23	92.227089	δέν
5	1	61	1	1	4	1441	652	100	29	92.227089	ὑπάρχει
5	1	61	1	1	5	1558	652	89	27	12.346634	κόσμος
5	1	61	1	1	6	1663	651	29	22	88.561302	νὰ
5	1	61	1	1	7	1708	650	163	29	92.642441	καλλιεργήση
5	1	61	1	1	8	1886	650	33	22	96.985008	τὰ
4	1	61	1	2	0	1215	686	704	32	-1	
5	1	61	1	2	1	1215	688	98	27	92.137177	γνωστὰ
5	1	61	1	2	2	1330	689	80	26	73.482643	ὡραῖα
5	1	61	1	2	3	1414	688	129	29	95.330475	προϊόντα
5	1	61	1	2	4	1560	687	47	23	93.292076	ποὺ
5	1	61	1	2	5	1624	686	103	29	62.923313	ἔφθεφαν
5	1	61	1	2	6	1744	686	94	32	91.717613	πολλές
5	1	61	1	2	7	1853	692	66	23	88.974686	Ύενε-
4	1	61	1	3	0	1216	719	702	33	-1	
5	1	61	1	3	1	1216	724	24	27	76.779732	ἐς
5	1	61	1	3	2	1259	722	202	29	79.086884	Γεωργιτσιάνων.
5	1	61	1	3	3	1474	715	46	42	19.526749	Νὰ.
5	1	61	1	3	4	1530	715	151	42	5.607384	ἐπιδοθοῦμε-
5	1	61	1	3	5	1691	715	84	42	5.607384	λοιπόν
5	1	61	1	3	6	1794	722	61	28	81.406357	στὴν
5	1	61	1	3	7	1864	728	54	22	91.952240	χον-
4	1	61	1	4	0	1215	756	702	31	-1	
5	1	61	1	4	1	1215	758	212	29	90.168114	δροδενδροκοµία,
5	1	61	1	4	2	1457	758	48	21	94.989723	ποὺ
5	1	61	1	4	3	1527	756	57	24	96.370880	εἶναι
5	1	61	1	4	4	1603	757	85	28	10.600510	μόνιμη
5	1	61	1	4	5	1710	757	36	22	88.787239	καὶ
5	1	61	1	4	6	1777	756	140	30	88.787239	ἀποδοτικὴ,
4	1	61	1	5	0	1217	790	702	33	-1	
5	1	61	1	5	1	1217	795	36	22	93.281685	καὶ
5	1	61	1	5	2	1271	795	85	28	92.192810	μπορεῖ
5	1	61	1	5	3	1372	794	29	22	93.108963	νὰ
5	1	61	1	5	4	1418	794	52	29	92.818047	γίνη
5	1	61	1	5	5	1486	793	39	23	96.489609	καὶ
5	1	61	1	5	6	1542	790	54	25	93.288788	ἀπὸ
5	1	61	1	5	7	1607	792	101	30	43.023602	μακρυὰ,
5	1	61	1	5	8	1725	793	79	28	92.342529	ἀκόμη
5	1	61	1	5	9	1821	793	38	22	96.718559	καὶ
5	1	61	1	5	10	1868	792	51	23	96.168625	ἀπὸ
4	1	61	1	6	0	1216	828	705	30	-1	
5	1	61	1	6	1	1216	831	58	27	93.280296	τοὺς
5	1	61	1	6	2	1291	830	176	28	82.318283	ξενητεµένους'
5	1	61	1	6	3	1485	830	146	33	91.657822	φυτεύοντας
5	1	61	1	6	4	1648	828	54	23	85.358154	ὅλοι
5	1	61	1	6	5	1716	829	33	22	93.299080	τὰ
5	1	61	1	6	6	1765	828	82	29	86.574432	ὀρεινά
5	1	61	1	6	7	1862	836	59	21	96.835754	τους
4	1	61	1	7	0	1205	862	715	39	-1	
5	1	61	1	7	1	1205	867	120	34	17.238846	[χωράφια
5	1	61	1	7	2	1340	867	27	27	81.375099	µέ
5	1	61	1	7	3	1382	866	87	29	96.676453	δέντρα
5	1	61	1	7	4	1484	861	164	32	28.222794	παραγωγικά,
5	1	61	1	7	5	1662	864	134	28	88.674400	καστανιές,
5	1	61	1	7	6	1811	864	109	29	78.067429	καρυδιές
4	1	61	1	8	0	1205	900	714	30	-1	
5	1	61	1	8	1	1205	902	165	28	55.737686	:ἀμυγδαλιές,
5	1	61	1	8	2	1388	901	152	29	96.870834	κυπαρίσσια,
5	1	61	1	8	3	1558	901	59	22	73.917961	κατὰ
5	1	61	1	8	4	1633	900	145	29	51.921516	προτίµησιν
5	1	61	1	8	5	1792	900	63	22	95.146439	αὐτὰ
5	1	61	1	8	6	1871	900	48	27	96.957443	ποὺ
4	1	61	1	9	0	1217	936	438	29	-1	
5	1	61	1	9	1	1217	938	39	21	93.270279	δέν
5	1	61	1	9	2	1272	936	88	28	92.948471	ζητοῦν
5	1	61	1	9	3	1376	936	151	29	96.006149	καλλιέργεια
5	1	61	1	9	4	1542	936	37	22	93.306213	καὶ
5	1	61	1	9	5	1587	936	68	31	83.417938	νερὸ.
2	1	62	0	0	0	1202	331	6	538	-1	
3	1	62	1	0	0	1202	331	6	538	-1	
4	1	62	1	1	0	1202	331	6	538	-1	
5	1	62	1	1	1	1202	331	6	538	95.000000	 
2	1	63	0	0	0	1218	958	730	75	-1	
3	1	63	1	0	0	1218	958	730	75	-1	
4	1	63	1	1	0	1246	958	673	57	-1	
5	1	63	1	1	1	1246	971	96	27	93.859985	Σήµερα
5	1	63	1	1	2	1364	970	57	21	94.409332	εἶναι
5	1	63	1	1	3	1444	966	137	49	40.491638	ἐπιτοκτικὴ
5	1	63	1	1	4	1594	970	107	28	50.379597	ἀνάγκη,
5	1	63	1	1	5	1724	970	29	22	96.557320	νὰ
5	1	63	1	1	6	1774	958	145	49	26.162621	δηµιούργη-
4	1	63	1	2	0	1218	998	730	35	-1	
5	1	63	1	2	1	1218	1005	69	22	89.451935	θοῦν
5	1	63	1	2	2	1290	1003	105	30	0.000000	Κνητρᾶ;
5	1	63	1	2	3	1390	1000	89	31	0.000000	Ὑιά
5	1	63	1	2	4	1466	1001	31	24	62.780479	νὰ
5	1	63	1	2	5	1500	998	102	33	26.793243	΄Πεϊνοῦν
5	1	63	1	2	6	1616	1006	92	28	31.781464	μερικές
5	1	63	1	2	7	1724	1000	141	31	92.713089	οἰκογένειες
5	1	63	1	2	8	1874	998	74	27	46.553425	στὸ]
2	1	64	0	0	0	1202	1038	725	965	-1	
3	1	64	1	0	0	1217	1038	709	244	-1	
4	1	64	1	1	0	1219	1038	701	32	-1	
5	1	64	1	1	1	1219	1040	80	28	83.885086	χωριὸ,
5	1	64	1	1	2	1317	1040	37	21	96.914215	καὶ
5	1	64	1	1	3	1372	1039	29	22	93.301460	νὰ
5	1	64	1	1	4	1420	1038	73	29	83.418129	δρεθῆ
5	1	64	1	1	5	1508	1038	133	32	96.827660	καλύτερος
5	1	64	1	1	6	1658	1038	93	28	92.940033	τρόπος
5	1	64	1	1	7	1768	1038	152	28	91.973572	ἀξιοποιήσε-
4	1	64	1	2	0	1217	1069	704	34	-1	
5	1	64	1	2	1	1217	1082	32	21	80.020950	ως
5	1	64	1	2	2	1265	1076	44	21	93.216339	τοῦ
5	1	64	1	2	3	1325	1075	121	28	38.981384	πελώριου
5	1	64	1	2	4	1463	1074	94	28	92.801979	ὀρεινοῦ
5	1	64	1	2	5	1574	1069	66	33	92.515610	ὁρίου
5	1	64	1	2	6	1654	1075	45	22	93.254974	τοῦ
5	1	64	1	2	7	1716	1074	88	29	92.977623	χωριοῦ
5	1	64	1	2	8	1820	1081	55	21	93.000656	µας.
5	1	64	1	2	9	1884	1074	37	21	96.716232	Τὰ
4	1	64	1	3	0	1217	1110	703	29	-1	
5	1	64	1	3	1	1217	1111	85	28	93.375023	Χρόνια
5	1	64	1	3	2	1320	1112	43	27	92.578827	τῆς
5	1	64	1	3	3	1382	1111	105	28	90.790260	κατοχῆς
5	1	64	1	3	4	1506	1110	30	22	96.925148	τὰ
5	1	64	1	3	5	1554	1110	93	28	96.466637	πέρασα
5	1	64	1	3	6	1665	1110	46	21	93.299492	στὸ
5	1	64	1	3	7	1730	1110	135	28	90.946976	Γεωργίτσι,
5	1	64	1	3	8	1875	1116	45	21	92.680618	χω-
4	1	64	1	4	0	1218	1145	703	30	-1	
5	1	64	1	4	1	1218	1147	36	28	91.247803	ρὶς
5	1	64	1	4	2	1275	1146	132	28	96.851242	στερήσεις,
5	1	64	1	4	3	1428	1146	69	28	65.814636	Χάρις
5	1	64	1	4	4	1516	1146	53	27	96.345490	στὶς
5	1	64	1	4	5	1589	1146	112	26	96.672623	πατάτες,
5	1	64	1	4	6	1722	1145	49	22	92.342430	στὰ
5	1	64	1	4	7	1791	1146	130	27	85.011452	κηπευτικἁ
4	1	64	1	5	0	1218	1178	707	32	-1	
5	1	64	1	5	1	1218	1182	35	28	80.816734	πὶς
5	1	64	1	5	2	1273	1182	114	28	90.648285	πατρικές
5	1	64	1	5	3	1406	1181	69	28	34.000107	ἐληές
5	1	64	1	5	4	1486	1178	47	25	95.273254	καὶ
5	1	64	1	5	5	1552	1180	53	29	93.204414	λίγη
5	1	64	1	5	6	1623	1180	108	28	88.009193	οἰκόσιτη
5	1	64	1	5	7	1750	1180	175	30	63.803032	κτηνοτροφία’
4	1	64	1	6	0	1219	1212	707	34	-1	
5	1	64	1	6	1	1219	1216	57	23	93.273567	εἶναι
5	1	64	1	6	2	1294	1218	41	28	90.705681	μιὰ
5	1	64	1	6	3	1350	1217	75	29	19.093086	τρανἠ
5	1	64	1	6	4	1443	1216	121	29	84.683273	ἀπόδειξις
5	1	64	1	6	5	1581	1216	34	23	93.156212	ὃτι
5	1	64	1	6	6	1632	1216	29	23	93.291199	τὸ
5	1	64	1	6	7	1680	1216	125	29	91.084373	Γεωργίτσι
5	1	64	1	6	8	1821	1215	48	29	93.300301	ἔχει
5	1	64	1	6	9	1879	1212	47	25	41.871586	αὖ-
4	1	64	1	7	0	1220	1251	702	31	-1	
5	1	64	1	7	1	1220	1254	96	28	92.632538	τάρκεια
5	1	64	1	7	2	1331	1254	60	21	93.302383	ὅταν
5	1	64	1	7	3	1405	1252	108	29	88.629181	θέλουµε.
5	1	64	1	7	4	1528	1252	103	23	66.457718	Τότε΄σέ
5	1	64	1	7	5	1644	1251	101	30	90.809189	ἐκλογές
5	1	64	1	7	6	1758	1252	69	28	87.969017	χωρὶς
5	1	64	1	7	7	1841	1251	81	29	27.485924	ὑποψη
3	1	64	2	0	0	1219	1288	707	531	-1	
4	1	64	2	1	0	1219	1288	704	30	-1	
5	1	64	2	1	1	1219	1290	75	27	93.140808	φίους,
5	1	64	2	1	2	1309	1289	30	23	93.297882	τὸ
5	1	64	2	1	3	1354	1288	73	30	90.402649	χωριὸ
5	1	64	2	1	4	1442	1289	37	22	96.617119	καὶ
5	1	64	2	1	5	1495	1289	21	22	95.834663	οἱ
5	1	64	2	1	6	1530	1288	149	29	93.303238	προύχοντες
5	1	64	2	1	7	1694	1288	175	28	91.141159	συνταξιοῦχοι,
5	1	64	2	1	8	1878	1288	45	22	91.141159	Διο
4	1	64	2	2	0	1220	1323	703	31	-1	
5	1	64	2	2	1	1220	1326	80	27	92.304008	νύσιος
5	1	64	2	2	2	1319	1324	112	30	66.067360	Σιγαλὸς,
5	1	64	2	2	3	1453	1324	38	23	63.233200	Εὐ.
5	1	64	2	2	4	1514	1324	168	28	90.136024	Παπαστάθης,
5	1	64	2	2	5	1704	1324	25	22	90.684311	Κ.
5	1	64	2	2	6	1750	1323	126	30	91.632652	Σγούρδας
5	1	64	2	2	7	1884	1323	39	22	96.245148	καὶ
4	1	64	2	3	0	1220	1360	703	29	-1	
5	1	64	2	3	1	1220	1361	27	22	92.677689	οἱ
5	1	64	2	3	2	1260	1361	101	28	91.826721	Γιατροὶ,
5	1	64	2	3	3	1379	1361	27	28	89.135071	µέ
5	1	64	2	3	4	1424	1361	92	28	77.750801	δρῆκαν
5	1	64	2	3	5	1533	1360	44	22	93.273979	τὸν
5	1	64	2	3	6	1593	1360	40	22	62.409363	πιὸ
5	1	64	2	3	7	1650	1360	67	28	92.845383	πρᾶο
5	1	64	2	3	8	1734	1360	37	21	93.293060	καὶ
5	1	64	2	3	9	1789	1360	134	28	91.752045	ἀχρωμάτι-
4	1	64	2	4	0	1220	1395	704	30	-1	
5	1	64	2	4	1	1220	1404	45	15	97.020767	στο
5	1	64	2	4	2	1282	1397	37	22	88.492325	Καὶ
5	1	64	2	4	3	1337	1398	27	27	84.550255	µέ
5	1	64	2	4	4	1379	1396	171	29	91.491142	παρεκάλεσαν
5	1	64	2	4	5	1567	1395	205	30	86.961655	ἐπανειλημμένως
5	1	64	2	4	6	1788	1396	29	22	93.301834	νὰ
5	1	64	2	4	7	1834	1395	90	23	92.078239	ἀναλά-
4	1	64	2	5	0	1221	1432	703	30	-1	
5	1	64	2	5	1	1221	1434	34	21	88.967407	δω
5	1	64	2	5	2	1272	1434	123	28	93.295464	πρόεδρος
5	1	64	2	5	3	1413	1433	89	28	92.186531	ἐκείνης
5	1	64	2	5	4	1520	1434	44	27	96.501656	τῆς
5	1	64	2	5	5	1582	1432	63	26	92.369171	πολὺ
5	1	64	2	5	6	1663	1433	75	28	91.670967	κακῆς
5	1	64	2	5	7	1756	1432	65	29	92.795761	ὥρας
5	1	64	2	5	8	1837	1432	42	29	93.300903	γιὰ
5	1	64	2	5	9	1893	1432	31	22	85.857918	νἁ
4	1	64	2	6	0	1202	1468	721	29	-1	
5	1	64	2	6	1	1202	1464	15	37	63.378101	}]
5	1	64	2	6	2	1221	1470	30	27	71.102875	μὴ
5	1	64	2	6	3	1267	1470	57	27	89.428238	µένη
5	1	64	2	6	4	1338	1468	110	29	92.087105	ἀκέφαλη
5	1	64	2	6	5	1465	1468	14	29	93.066872	ἡ
5	1	64	2	6	6	1496	1469	120	27	91.957825	Κοινότης.
5	1	64	2	6	7	1632	1468	63	22	44.256523	᾿Απὸ
5	1	64	2	6	8	1710	1468	57	23	93.303268	τότε
5	1	64	2	6	9	1782	1468	141	28	90.145271	προθλέπα-
4	1	64	2	7	0	1221	1502	703	45	-1	
5	1	64	2	7	1	1221	1512	27	35	94.052025	με
5	1	64	2	7	2	1262	1505	29	28	92.601074	τὴ
5	1	64	2	7	3	1306	1505	80	28	83.610443	µείωσι
5	1	64	2	7	4	1400	1498	43	42	93.295959	τοῦ
5	1	64	2	7	5	1448	1502	153	34	91.025490	πληθυσμοῦ
5	1	64	2	7	6	1615	1503	64	22	92.690834	ἀλλὰ
5	1	64	2	7	7	1692	1504	39	28	96.975327	ὄχι
5	1	64	2	7	8	1745	1504	28	22	41.123024	σε
5	1	64	2	7	9	1786	1504	83	22	92.223938	τέτοιο
5	1	64	2	7	10	1877	1503	47	22	89.488853	6αθ
4	1	64	2	8	0	1221	1539	703	30	-1	
5	1	64	2	8	1	1221	1540	37	29	74.322540	μὸ,
5	1	64	2	8	2	1278	1541	47	22	92.954735	Δέν
5	1	64	2	8	3	1340	1540	82	28	91.564713	εἴχαμε
5	1	64	2	8	4	1440	1540	41	21	78.664207	ὑπὸ
5	1	64	2	8	5	1499	1539	52	28	91.368622	ὄψει
5	1	64	2	8	6	1569	1539	44	28	96.290344	µας
5	1	64	2	8	7	1630	1539	44	29	93.291428	τὴν
5	1	64	2	8	8	1692	1539	113	28	48.279846	ἐλεύθερη
5	1	64	2	8	9	1824	1539	100	28	88.932251	µετανά-
4	1	64	2	9	0	1220	1574	705	31	-1	
5	1	64	2	9	1	1220	1583	90	21	92.982468	στευση
5	1	64	2	9	2	1326	1576	63	29	96.700073	πρὸς
5	1	64	2	9	3	1406	1576	29	23	93.301048	τὸ
5	1	64	2	9	4	1451	1575	133	29	57.828312	ἐξωτερικὸ.
5	1	64	2	9	5	1602	1574	114	29	92.137260	Ἐκάναμε
5	1	64	2	9	6	1732	1575	38	22	96.689903	καὶ
5	1	64	2	9	7	1785	1570	81	39	96.484428	σχέδια
5	1	64	2	9	8	1885	1570	43	39	0.000000	νο
4	1	64	2	10	0	1221	1610	704	30	-1	
5	1	64	2	10	1	1221	1608	65	32	59.487610	δικῆς
5	1	64	2	10	2	1302	1612	111	28	96.430756	προόδου
5	1	64	2	10	3	1430	1612	45	22	91.321045	τοῦ
5	1	64	2	10	4	1492	1611	127	29	88.420731	χωριοῦ,
5	1	64	2	10	5	1607	1604	14	40	88.420731	ἡ
5	1	64	2	10	6	1636	1611	82	29	86.676079	γνώµη
5	1	64	2	10	7	1734	1618	48	21	93.292786	µου
5	1	64	2	10	8	1800	1610	77	28	91.600525	καθὼς
5	1	64	2	10	9	1886	1610	39	23	96.607323	καὶ
4	1	64	2	11	0	1222	1645	703	32	-1	
5	1	64	2	11	1	1222	1649	99	28	87.275688	μερικῶν
5	1	64	2	11	2	1341	1648	88	25	93.298119	ἄλλων,
5	1	64	2	11	3	1450	1646	53	29	43.286625	ἦτο,
5	1	64	2	11	4	1523	1647	37	22	92.930374	ὃτι
5	1	64	2	11	5	1580	1647	27	22	93.269318	τὸ
5	1	64	2	11	6	1628	1647	126	28	91.438301	Γεωργίτσι
5	1	64	2	11	7	1774	1647	30	22	93.298492	θὰ
5	1	64	2	11	8	1824	1645	101	30	91.975494	ἐπιζήση
4	1	64	2	12	0	1221	1682	704	30	-1	
5	1	64	2	12	1	1221	1684	28	28	78.032845	µέ
5	1	64	2	12	2	1263	1684	45	27	61.920742	τὴν
5	1	64	2	12	3	1324	1684	157	27	65.431564	δενδροκοµία
5	1	64	2	12	4	1495	1682	37	23	91.251389	κτὶ
5	1	64	2	12	5	1548	1683	44	22	96.207436	τὸν
5	1	64	2	12	6	1604	1682	131	29	0.000000	Τουρισμό.
5	1	64	2	12	7	1752	1682	55	23	92.797401	Πάει
5	1	64	2	12	8	1822	1682	15	28	92.756096	ἡ
5	1	64	2	12	9	1847	1682	78	29	90.904602	ἐποχὴ
4	1	64	2	13	0	1221	1717	704	30	-1	
5	1	64	2	13	1	1221	1719	48	22	95.866417	ποὺ
5	1	64	2	13	2	1289	1726	14	15	94.836693	ο
5	1	64	2	13	3	1323	1718	102	29	96.603737	Πατέρες
5	1	64	2	13	4	1444	1725	46	21	92.597267	µας
5	1	64	2	13	5	1509	1717	114	23	90.911850	ἔστελναν
5	1	64	2	13	6	1642	1717	121	28	74.798141	µούστους
5	1	64	2	13	7	1782	1718	38	22	92.059250	καὶ
5	1	64	2	13	8	1839	1717	86	28	70.000229	κρασιὰ
4	1	64	2	14	0	1223	1752	703	30	-1	
5	1	64	2	14	1	1223	1754	65	28	93.625862	µέχρι
5	1	64	2	14	2	1312	1753	110	22	96.397690	Ναύπλιο
5	1	64	2	14	3	1444	1753	37	22	90.187721	καὶ
5	1	64	2	14	4	1505	1753	160	28	52.371986	Μονεµδάσια.
5	1	64	2	14	5	1688	1752	63	23	89.586098	᾽Απὸ
5	1	64	2	14	6	1773	1752	56	22	93.267677	τότε
5	1	64	2	14	7	1852	1752	74	29	92.919815	ἔμεινε
4	1	64	2	15	0	1222	1787	704	32	-1	
5	1	64	2	15	1	1222	1789	68	29	48.796955	καὶ
5	1	64	2	15	2	1274	1783	14	40	48.796955	ἡ
5	1	64	2	15	3	1306	1790	63	28	92.335648	λέξις
5	1	64	2	15	4	1387	1789	170	30	89.089691	«μουστερὴν»,
5	1	64	2	15	5	1574	1787	56	24	93.082870	εἶναι
5	1	64	2	15	6	1647	1788	196	30	92.415169	Γεωργιτσιάνικη
5	1	64	2	15	7	1862	1788	64	27	78.030983	10000.
3	1	64	3	0	0	1222	1824	705	169	-1	
4	1	64	3	1	0	1251	1824	676	31	-1	
5	1	64	3	1	1	1251	1825	240	30	41.821739	᾽Αντιμετωπίζοντες
5	1	64	3	1	2	1506	1826	43	28	96.842163	τὴν
5	1	64	3	1	3	1564	1826	223	28	18.343575	πραγματικότητα,
5	1	64	3	1	4	1801	1825	86	28	96.589340	πρέπει
5	1	64	3	1	5	1896	1824	31	23	94.532623	νὰ
4	1	64	3	2	0	1222	1856	705	35	-1	
5	1	64	3	2	1	1222	1863	157	28	89.736618	στηριχτοῦμε
5	1	64	3	2	2	1395	1862	86	28	88.112572	κυρίως
5	1	64	3	2	3	1497	1862	61	28	93.288254	στὴν
5	1	64	3	2	4	1574	1856	196	33	76.297775	ἀξιοποίησι΄
5	1	64	3	2	5	1730	1852	40	43	88.921242	τοῦ
5	1	64	3	2	6	1787	1861	86	28	93.121712	ὀρενοῦ
5	1	64	3	2	7	1890	1860	37	29	93.071007	ὁρί
4	1	64	3	3	0	1223	1895	703	30	-1	
5	1	64	3	3	1	1223	1904	36	19	96.602951	ου,
5	1	64	3	3	2	1275	1898	50	21	96.684929	ποὺ
5	1	64	3	3	3	1339	1898	40	21	90.621971	δέν
5	1	64	3	3	4	1397	1898	86	27	90.621971	μπορεῖ
5	1	64	3	3	5	1497	1898	31	21	93.297455	νὰ
5	1	64	3	3	6	1544	1895	127	30	91.778412	ὑπεισέλθη
5	1	64	3	3	7	1688	1896	76	28	91.711037	ἄλλος
5	1	64	3	3	8	1781	1896	145	28	85.091324	ἕτεροδημό-
4	1	64	3	4	0	1222	1931	705	28	-1	
5	1	64	3	4	1	1222	1934	51	25	89.026505	της,
5	1	64	3	4	2	1288	1933	61	21	93.289581	διότι
5	1	64	3	4	3	1365	1932	125	27	83.820679	δυστυχῶς
5	1	64	3	4	4	1505	1933	50	20	96.341125	ἀπὸ
5	1	64	3	4	5	1570	1932	42	21	93.304001	τὸν
5	1	64	3	4	6	1628	1933	83	25	91.941345	κάµπο
5	1	64	3	4	7	1726	1932	57	26	90.839180	σιγὰ
5	1	64	3	4	8	1798	1932	57	26	44.398613	σιγὰ
5	1	64	3	4	9	1866	1931	61	21	57.430592	ἅπο-
4	1	64	3	5	0	1224	1961	441	42	-1	
5	1	64	3	5	1	1224	1966	137	35	72.961006	ξενούµεθα,
5	1	64	3	5	2	1376	1977	9	3	0.000000	-
5	1	64	3	5	3	1400	1966	29	36	95.924133	ἄν
5	1	64	3	5	4	1444	1966	37	35	96.733864	καὶ
5	1	64	3	5	5	1491	1961	46	36	96.062996	δέν
5	1	64	3	5	6	1535	1966	106	37	13.469276	πρέπει.
5	1	64	3	5	7	1656	1977	9	3	88.335342	-
2	1	65	0	0	0	1223	2038	708	355	-1	
3	1	65	1	0	0	1223	2038	708	355	-1	
4	1	65	1	1	0	1223	2038	704	30	-1	
5	1	65	1	1	1	1223	2042	76	24	34.314964	τσίου,
5	1	65	1	1	2	1315	2039	58	24	96.698914	εἶναι
5	1	65	1	1	3	1387	2040	94	28	93.269196	σήµερα
5	1	65	1	1	4	1496	2039	100	28	91.814880	ἀνθηρὴ
5	1	65	1	1	5	1602	2038	123	29	65.062103	Κοινότης,
5	1	65	1	1	6	1738	2040	29	27	86.367996	µέ
5	1	65	1	1	7	1781	2039	53	22	96.891891	δικό
5	1	65	1	1	8	1849	2045	43	21	93.292625	της
5	1	65	1	1	9	1903	2039	24	22	90.372635	ὃ-
4	1	65	1	2	0	1223	2074	705	30	-1	
5	1	65	1	2	1	1223	2083	45	21	52.167450	Ριο,
5	1	65	1	2	2	1283	2075	50	22	93.264748	ποὺ
5	1	65	1	2	3	1349	2074	147	28	91.325485	ἀπεσπάσθη
5	1	65	1	2	4	1512	2074	32	28	93.297394	ὡς
5	1	65	1	2	5	1560	2075	86	27	92.339912	προῖκα
5	1	65	1	2	6	1661	2080	51	21	96.744827	της,
5	1	65	1	2	7	1728	2074	50	22	96.410545	ἀπὸ
5	1	65	1	2	8	1794	2074	29	22	93.294067	τὸ
5	1	65	1	2	9	1841	2074	87	28	65.519310	Γεωργί
4	1	65	1	3	0	1223	2107	705	32	-1	
5	1	65	1	3	1	1223	2119	46	18	84.899315	τσι,
5	1	65	1	3	2	1287	2111	78	28	92.631447	καθὼς
5	1	65	1	3	3	1382	2110	37	23	95.781410	καὶ
5	1	65	1	3	4	1436	2111	31	22	93.295883	τὰ
5	1	65	1	3	5	1485	2107	142	31	91.627831	ἀγαπημένα
5	1	65	1	3	6	1644	2116	46	16	93.238052	του
5	1	65	1	3	7	1705	2109	91	26	75.705620	παιδιὰ,
5	1	65	1	3	8	1814	2109	114	29	89.255974	Παρδάλι,
4	1	65	1	4	0	1225	2145	703	30	-1	
5	1	65	1	4	1	1225	2146	136	29	90.766190	Περιδόλια,
5	1	65	1	4	2	1381	2146	126	29	80.764565	᾿Αλευροῦ,
5	1	65	1	4	3	1528	2145	70	29	92.491562	ἔχουν
5	1	65	1	4	4	1617	2145	62	28	95.364502	δικές
5	1	65	1	4	5	1698	2152	59	21	95.364502	τους
5	1	65	1	4	6	1778	2145	150	28	96.345940	Κοινότητες.
4	1	65	1	5	0	1227	2180	702	30	-1	
5	1	65	1	5	1	1227	2183	72	27	0.000000	ίσως
5	1	65	1	5	2	1314	2182	15	22	75.648270	ὃ
5	1	65	1	5	3	1342	2190	23	14	93.295303	κ.
5	1	65	1	5	4	1382	2182	153	27	92.271843	Μανεσιώτης
5	1	65	1	5	5	1550	2181	38	22	93.479187	καὶ
5	1	65	1	5	6	1602	2180	70	23	85.982712	τόσοι
5	1	65	1	5	7	1688	2180	71	23	91.614563	ἄλλοι
5	1	65	1	5	8	1774	2180	50	23	93.267822	ποὺ
5	1	65	1	5	9	1838	2181	91	28	90.196556	προσέ-
4	1	65	1	6	0	1225	2212	704	35	-1	
5	1	65	1	6	1	1225	2226	73	21	91.168793	φεραν
5	1	65	1	6	2	1314	2218	63	21	96.772720	τόσα
5	1	65	1	6	3	1392	2212	83	27	93.153473	πολλὰ
5	1	65	1	6	4	1490	2216	71	29	86.776520	γιὰτὸ
5	1	65	1	6	5	1578	2216	132	29	91.466339	Γεωργίτσι,
5	1	65	1	6	6	1726	2216	29	23	96.185844	νὰ
5	1	65	1	6	7	1771	2216	118	28	96.931519	θελήσουν
5	1	65	1	6	8	1898	2216	31	22	96.972046	νὰ
4	1	65	1	7	0	1225	2251	704	32	-1	
5	1	65	1	7	1	1225	2254	202	29	91.826195	δανειοδοτήσουν
5	1	65	1	7	2	1448	2252	15	31	91.958969	ἤ
5	1	65	1	7	3	1484	2253	29	23	91.055466	νὰ
5	1	65	1	7	4	1534	2252	138	30	50.175327	6δοηθήσουν
5	1	65	1	7	5	1690	2251	111	31	91.489151	μερικοὺς
5	1	65	1	7	6	1821	2252	108	29	96.773216	νέους
5	1	65	1	7	7	1901	2247	31	40	96.649483	νὰ
4	1	65	1	8	0	1225	2290	706	31	-1	
5	1	65	1	8	1	1225	2291	114	28	16.206299	ἱδρύσουν
5	1	65	1	8	2	1356	2292	63	27	86.366737	τρεῖς
5	1	65	1	8	3	1446	2291	115	28	82.959442	τέσσερες
5	1	65	1	8	4	1580	2290	105	28	89.960289	διόσιµες
5	1	65	1	8	5	1704	2290	148	31	78.796638	διοτεχνίες..
5	1	65	1	8	6	1868	2290	63	23	92.459732	Στὸν
4	1	65	1	9	0	1223	2326	706	30	-1	
5	1	65	1	9	1	1223	2328	116	28	88.906288	Πάρνωνα
5	1	65	1	9	2	1354	2328	29	21	93.300957	σέ
5	1	65	1	9	3	1400	2326	157	29	68.957275	ἁκατοίκητες
5	1	65	1	9	4	1572	2326	111	29	93.302666	περιοχές
5	1	65	1	9	5	1699	2326	126	29	90.972946	ὑπάρχουν
5	1	65	1	9	6	1840	2332	89	22	72.974594	πτηνο-
4	1	65	1	10	0	1225	2362	704	31	-1	
5	1	65	1	10	1	1225	2364	110	29	90.160889	τροφικές
5	1	65	1	10	2	1354	2363	37	23	93.291618	καὶ
5	1	65	1	10	3	1409	2362	181	30	62.409874	χοιροτροφικές
5	1	65	1	10	4	1607	2362	110	29	93.302475	µονάδες,
5	1	65	1	10	5	1734	2362	63	29	92.167564	γιατὶ
5	1	65	1	10	6	1814	2362	30	23	87.532547	τὸ
5	1	65	1	10	7	1856	2362	73	30	87.532547	Γεωρ-
2	1	66	0	0	0	1201	2398	267	31	-1	
3	1	66	1	0	0	1201	2398	267	31	-1	
4	1	66	1	1	0	1201	2398	267	31	-1	
5	1	66	1	1	1	1201	2400	86	29	6.321930	]γίπσι
5	1	66	1	1	2	1305	2400	30	22	96.733398	νὰ
5	1	66	1	1	3	1353	2399	46	29	93.292747	μὴν
5	1	66	1	1	4	1418	2398	50	29	91.689499	ἔχη.
2	1	67	0	0	0	1225	2496	192	117	-1	
3	1	67	1	0	0	1225	2496	192	117	-1	
4	1	67	1	1	0	1225	2496	192	117	-1	
5	1	67	1	1	1	1225	2496	192	117	29.211578	--
2	1	68	0	0	0	1248	2548	635	108	-1	
3	1	68	1	0	0	1248	2548	635	108	-1	
4	1	68	1	1	0	1248	2548	635	108	-1	
5	1	68	1	1	1	1248	2564	151	92	0.000000	Α6ρ
5	1	68	1	1	2	1386	2576	167	39	45.501503	ΈΙΛΜΕ
5	1	68	1	1	3	1590	2548	50	53	33.407867	ΚΗ
5	1	68	1	1	4	1656	2563	181	36	32.729446	ΑΚΟΣΜΕ
5	1	68	1	1	5	1864	2550	19	55	41.630463	})
2	1	69	0	0	0	1400	2624	427	15	-1	
3	1	69	1	0	0	1400	2624	427	15	-1	
4	1	69	1	1	0	1400	2624	427	15	-1	
5	1	69	1	1	1	1400	2624	427	15	95.000000	 
2	1	70	0	0	0	1228	2716	705	137	-1	
3	1	70	1	0	0	1228	2716	705	137	-1	
4	1	70	1	1	0	1229	2716	704	30	-1	
5	1	70	1	1	1	1229	2718	65	28	96.338303	Κρύα
5	1	70	1	1	2	1311	2718	77	27	96.447845	Βρύση
5	1	70	1	1	3	1405	2717	30	22	90.761436	νὰ
5	1	70	1	1	4	1451	2717	45	28	69.122849	ἔχη
5	1	70	1	1	5	1512	2717	109	27	89.072838	καταστῆ
5	1	70	1	1	6	1638	2716	89	28	87.644577	σχεδὸν
5	1	70	1	1	7	1743	2716	142	27	92.452728	ἁδιάδατος.
5	1	70	1	1	8	1896	2716	37	21	96.478439	θὰ
4	1	70	1	2	0	1228	2751	704	30	-1	
5	1	70	1	2	1	1228	2754	80	27	92.003647	πρέπη
5	1	70	1	2	2	1328	2753	29	22	93.289284	νὰ
5	1	70	1	2	3	1375	2752	80	29	46.524323	ληφθῆ
5	1	70	1	2	4	1473	2752	91	22	85.742332	Κάποια
5	1	70	1	2	5	1582	2752	99	29	21.018135	μέριμνα
5	1	70	1	2	6	1699	2751	41	28	96.683136	γιὰ
5	1	70	1	2	7	1758	2751	29	23	96.432968	νὰ
5	1	70	1	2	8	1805	2751	46	29	88.170120	μὴν
5	1	70	1	2	9	1871	2751	61	22	36.277206	ἄπο-
4	1	70	1	3	0	1228	2786	703	33	-1	
5	1	70	1	3	1	1228	2790	64	29	57.175438	κοπῆ
5	1	70	1	3	2	1312	2788	15	29	87.943359	ἡ
5	1	70	1	3	3	1346	2788	158	29	93.123787	συγκοινωνία
5	1	70	1	3	4	1523	2789	30	27	81.738449	µέ
5	1	70	1	3	5	1573	2788	46	29	88.099358	τὴν
5	1	70	1	3	6	1636	2788	81	22	82.046173	ἐπάνω
5	1	70	1	3	7	1737	2788	88	28	91.382538	ἀγορὰ.
5	1	70	1	3	8	1847	2787	47	28	93.268402	"Ας
5	1	70	1	3	9	1909	2786	22	23	79.444023	ἔ-
4	1	70	1	4	0	1228	2822	703	31	-1	
5	1	70	1	4	1	1228	2832	57	21	85.858475	χουν
5	1	70	1	4	2	1301	2825	40	22	33.857658	ὑπ)
5	1	70	1	4	3	1356	2824	41	28	93.140579	ὄψι
5	1	70	1	4	4	1411	2832	58	20	96.979034	τους
5	1	70	1	4	5	1486	2824	20	22	93.304131	οἱ
5	1	70	1	4	6	1522	2824	109	28	92.578156	ἁρμόδιοι
5	1	70	1	4	7	1646	2824	37	22	93.304169	ὅτι
5	1	70	1	4	8	1698	2823	89	23	91.741455	πολλοὶ
5	1	70	1	4	9	1804	2822	58	24	92.745461	εἶναι
5	1	70	1	4	10	1871	2823	60	29	91.274109	πρό-
2	1	71	0	0	0	1229	2855	744	60	-1	
3	1	71	1	0	0	1229	2855	744	60	-1	
4	1	71	1	1	0	1229	2855	744	60	-1	
5	1	71	1	1	1	1229	2856	67	51	63.711555	θυµοι
5	1	71	1	1	2	1313	2861	30	22	96.879494	νὰ
5	1	71	1	1	3	1361	2855	155	60	90.287094	προσφέρουν
5	1	71	1	1	4	1534	2860	44	22	68.806099	τὸν
5	1	71	1	1	5	1595	2859	78	22	55.343781	ὅθολό
5	1	71	1	1	6	1691	2866	58	21	95.373672	τους
5	1	71	1	1	7	1766	2859	42	28	96.019623	γιὰ
5	1	71	1	1	8	1826	2859	29	22	93.301361	τὸ
5	1	71	1	1	9	1874	2858	59	29	90.845718	ἔργο
5	1	71	1	1	10	1971	2882	2	2	69.758842	|.
2	1	72	0	0	0	1215	2586	720	907	-1	
3	1	72	1	0	0	1215	2586	718	332	-1	
4	1	72	1	1	0	1215	2586	4	16	-1	
5	1	72	1	1	1	1215	2586	4	16	48.346489	[
4	1	72	1	2	0	1257	2681	676	28	-1	
5	1	72	1	2	1	1257	2682	111	22	73.527916	ΕΙΔΑΜΕ
5	1	72	1	2	2	1402	2682	43	22	68.040016	τὸν
5	1	72	1	2	3	1464	2682	79	27	93.316872	δρόµο
5	1	72	1	2	4	1562	2682	49	21	78.269684	ἀπὸ
5	1	72	1	2	5	1647	2681	203	28	78.269684	Καρθουνόρρεµα
5	1	72	1	2	6	1870	2682	63	27	96.632805	πρὸς
4	1	72	1	3	0	1229	2897	67	21	-1	
5	1	72	1	3	1	1229	2896	67	22	96.752495	αὐτὸ.
3	1	72	2	0	0	1228	2941	705	240	-1	
4	1	72	2	1	0	1258	2941	675	29	-1	
5	1	72	2	1	1	1258	2944	161	21	88.062408	ΑΚΟΥΣΑΜΕ
5	1	72	2	1	2	1437	2944	37	20	92.628723	ὅτι
5	1	72	2	1	3	1493	2944	14	25	92.282654	ἡ
5	1	72	2	1	4	1526	2943	118	27	91.215088	ἐπιτροπὴ
5	1	72	2	1	5	1664	2942	47	21	96.565186	ποὺ
5	1	72	2	1	6	1730	2941	163	28	95.993065	διαχειρίζεται
5	1	72	2	1	7	1903	2942	30	20	96.377663	τὸ
4	1	72	2	2	0	1222	2973	710	30	-1	
5	1	72	2	2	1	1222	2973	480	30	0.000000	Γκληροδότηµα---«Σεραφείμ--Ἰάτσιος»
5	1	72	2	2	2	1740	2974	68	21	51.597145	ἕκανε
5	1	72	2	2	3	1841	2975	91	26	45.247124	ἀρκετὰ
4	1	72	2	3	0	1229	3008	703	31	-1	
5	1	72	2	3	1	1229	3011	138	28	46.498230	σφάλματα.
5	1	72	2	3	2	1386	3011	25	21	48.391460	ὍὉ
5	1	72	2	3	3	1430	3010	87	27	87.896179	θεσμὸς
5	1	72	2	3	4	1535	3008	72	29	96.791893	αὐτὸς
5	1	72	2	3	5	1624	3009	40	22	82.460594	δέν
5	1	72	2	3	6	1682	3009	135	22	92.679443	ἀποθλέπει
5	1	72	2	3	7	1834	3008	30	22	93.269447	νὰ
5	1	72	2	3	8	1875	3009	57	26	87.080063	6οη-
4	1	72	2	4	0	1229	3043	704	30	-1	
5	1	72	2	4	1	1229	3046	61	27	92.932266	θήση
5	1	72	2	4	2	1308	3046	59	27	93.296906	τούς
5	1	72	2	4	3	1385	3046	146	27	89.105438	δυναµένους
5	1	72	2	4	4	1548	3045	30	22	93.302498	νὰ
5	1	72	2	4	5	1595	3044	142	29	92.435699	ἐργασθοῦν,
5	1	72	2	4	6	1756	3044	65	22	86.788872	ἀλλὰ
5	1	72	2	4	7	1838	3043	59	28	93.289719	τούς
5	1	72	2	4	8	1906	3044	27	21	92.812485	ᾱ-
4	1	72	2	5	0	1229	3080	704	29	-1	
5	1	72	2	5	1	1229	3082	147	27	81.608398	νήµπορους,
5	1	72	2	5	2	1392	3080	58	28	96.924622	τούς
5	1	72	2	5	3	1466	3080	31	29	66.349152	μὴ
5	1	72	2	5	4	1512	3080	145	27	84.417130	δυναµένους
5	1	72	2	5	5	1672	3080	39	21	96.214218	καὶ
5	1	72	2	5	6	1726	3080	59	27	92.735130	τούς
5	1	72	2	5	7	1799	3086	134	22	83.865005	πραγµατι-
4	1	72	2	6	0	1230	3114	703	31	-1	
5	1	72	2	6	1	1230	3117	29	21	56.228806	κἁ
5	1	72	2	6	2	1274	3116	121	29	86.947540	πτωχοὺς.
5	1	72	2	6	3	1411	3116	45	28	93.298393	"Ας
5	1	72	2	6	4	1470	3116	108	28	91.686195	προσέξη
5	1	72	2	6	5	1593	3116	31	27	34.746857	ἐῑς
5	1	72	2	6	6	1638	3116	29	21	96.511650	τὸ
5	1	72	2	6	7	1680	3115	91	28	85.219406	µέλλον
5	1	72	2	6	8	1785	3115	14	28	93.106003	ἡ
5	1	72	2	6	9	1815	3114	118	29	91.836151	ἐπιτροπὴ
4	1	72	2	7	0	1229	3151	538	30	-1	
5	1	72	2	7	1	1229	3153	29	21	62.543365	νὰ,
5	1	72	2	7	2	1279	3153	46	28	92.950089	μὴν
5	1	72	2	7	3	1342	3151	267	29	86.233414	ξανασυμθοῦν
5	1	72	2	7	4	1529	3151	80	29	95.253883	τέτοια
5	1	72	2	7	5	1629	3151	138	28	49.189510	σφάλματα.
3	1	72	3	0	0	1219	3198	716	283	-1	
4	1	72	3	1	0	1260	3198	674	30	-1	
5	1	72	3	1	1	1260	3200	113	25	90.925766	ΕΙΔΑΜΕ,
5	1	72	3	1	2	1394	3199	29	22	92.797737	τὸ
5	1	72	3	1	3	1445	3200	167	27	92.042526	νεοανοιγέντα
5	1	72	3	1	4	1635	3198	78	30	67.570374	δρόμο
5	1	72	3	1	5	1735	3198	62	29	93.196823	πρὸς
5	1	72	3	1	6	1820	3198	114	28	24.048141	Περιοχὴν
4	1	72	3	2	0	1231	3234	703	30	-1	
5	1	72	3	2	1	1231	3236	112	26	91.652313	Μανίνου,
5	1	72	3	2	2	1363	3236	30	22	96.190552	νὰ
5	1	72	3	2	3	1412	3236	46	28	51.345692	μὴν
5	1	72	3	2	4	1480	3235	176	28	89.239182	προσφέρεται-
5	1	72	3	2	5	1664	3234	78	29	88.900536	ἀκόμη
5	1	72	3	2	6	1764	3234	63	29	93.293320	πρὸς
5	1	72	3	2	7	1848	3234	86	29	91.035088	ἐξυπη-
4	1	72	3	3	0	1230	3270	705	32	-1	
5	1	72	3	3	1	1230	3273	95	29	74.600304	ρέτησιν
5	1	72	3	3	2	1344	3274	61	27	95.913498	τῶν
5	1	72	3	3	3	1410	3272	116	23	46.616241	«κατοίκων
5	1	72	3	3	4	1545	3270	66	31	92.549873	λόγω
5	1	72	3	3	5	1623	3271	204	30	25.092056	μικροελλείφεων
5	1	72	3	3	6	1846	3271	37	24	92.207520	καὶ
5	1	72	3	3	7	1893	3279	42	16	91.184029	κα-
4	1	72	3	4	0	1231	3308	704	29	-1	
5	1	72	3	4	1	1231	3308	170	29	54.463158	τόὀλισθήσεων.
5	1	72	3	4	2	1424	3309	39	22	92.888306	Γιὰ
5	1	72	3	4	3	1483	3309	44	21	96.137009	τὸν
5	1	72	3	4	4	1545	3309	77	28	94.634918	δρόµο
5	1	72	3	4	5	1642	3308	61	22	96.852760	αὐτὸ
5	1	72	3	4	6	1723	3308	23	21	93.300888	οἱ
5	1	72	3	4	7	1766	3308	120	27	34.513695	φιλότιμοι
5	1	72	3	4	8	1897	3308	38	21	91.767891	Γε-
4	1	72	3	5	0	1232	3343	703	31	-1	
5	1	72	3	5	1	1232	3345	150	29	8.600861	ὠργιτσιάνοι
5	1	72	3	5	2	1399	3344	142	29	93.274612	πρόσφεραν
5	1	72	3	5	3	1555	3343	86	30	90.736618	ἐρκετὰ
5	1	72	3	5	4	1657	3343	119	30	32.451752	χρήματα.
5	1	72	3	5	5	1794	3343	45	23	93.274948	Μιὰ
5	1	72	3	5	6	1856	3350	79	22	29.414116	µίκρο-
4	1	72	3	6	0	1231	3377	704	50	-1	
5	1	72	3	6	1	1231	3382	131	28	92.583038	προσφορὰ
5	1	72	3	6	2	1376	3380	78	29	92.717583	ἀκόμη
5	1	72	3	6	3	1470	3380	79	29	91.762131	εἴμεθα
5	1	72	3	6	4	1564	3381	43	28	95.978722	τῆς
5	1	72	3	6	5	1616	3377	101	50	18.428452	γνώμης
5	1	72	3	6	6	1731	3380	37	23	96.318420	ὅτι
5	1	72	3	6	7	1784	3380	29	23	93.300560	θὰ
5	1	72	3	6	8	1826	3380	109	29	92.707054	μποροῦ-
4	1	72	3	7	0	1231	3411	704	54	-1	
5	1	72	3	7	1	1231	3425	27	15	96.393898	σε
5	1	72	3	7	2	1273	3418	30	21	93.298790	νὰ
5	1	72	3	7	3	1322	3418	52	27	90.877144	γίνη
5	1	72	3	7	4	1394	3417	40	28	95.947395	γιὰ
5	1	72	3	7	5	1452	3417	30	22	96.866745	νὰ
5	1	72	3	7	6	1501	3411	157	54	89.283859	ὁλοκληρωθῆ
5	1	72	3	7	7	1677	3416	30	22	93.288055	τὸ
5	1	72	3	7	8	1726	3416	60	29	93.124573	ἔργο
5	1	72	3	7	9	1804	3416	37	22	96.774292	καὶ
5	1	72	3	7	10	1860	3416	29	22	93.304146	νὰ
5	1	72	3	7	11	1905	3414	30	36	91.182549	εἷ-
4	1	72	3	8	0	1219	3449	448	44	-1	
5	1	72	3	8	1	1219	3453	70	28	41.965946	Ίµεθα
5	1	72	3	8	2	1309	3453	54	39	93.093933	ὅλοι
5	1	72	3	8	3	1383	3449	148	44	92.896240	ὑπερήφανοι
5	1	72	3	8	4	1550	3452	31	29	17.650543	Υ)
5	1	72	3	8	5	1599	3452	68	22	83.769600	αὐτὸ.
2	1	73	0	0	0	1210	3228	38	207	-1	
3	1	73	1	0	0	1210	3228	38	207	-1	
4	1	73	1	1	0	1214	3228	13	51	-1	
5	1	73	1	1	1	1214	3228	13	51	95.000000	 
4	1	73	1	2	0	1214	3279	34	86	-1	
5	1	73	1	2	1	1214	3279	34	86	95.000000	   
4	1	73	1	3	0	1210	3365	17	70	-1	
5	1	73	1	3	1	1210	3365	17	70	95.000000	  
2	1	74	0	0	0	1219	3486	717	257	-1	
3	1	74	1	0	0	1219	3486	717	257	-1	
4	1	74	1	1	0	1260	3486	676	41	-1	
5	1	74	1	1	1	1260	3486	161	37	90.648720	ΑΚΟΥΣΑΜΕ
5	1	74	1	1	2	1438	3501	37	22	95.559509	ὅτι
5	1	74	1	1	3	1491	3500	30	22	92.700027	τὸ
5	1	74	1	1	4	1538	3499	135	28	46.604427	Συμδούλιο
5	1	74	1	1	5	1688	3500	45	21	92.222351	τοῦ
5	1	74	1	1	6	1751	3500	185	27	91.952141	Συνεταιρισμοῦ
4	1	74	1	2	0	1229	3534	706	30	-1	
5	1	74	1	2	1	1229	3536	146	28	90.933128	Γεωργιστίο
5	1	74	1	2	2	1396	3536	81	22	93.282234	δείχνει
5	1	74	1	2	3	1500	3535	112	28	90.334824	ἀδράνεια
5	1	74	1	2	4	1635	3535	37	22	92.390694	καὶ
5	1	74	1	2	5	1695	3534	137	29	90.130508	ἀπροθυμία
5	1	74	1	2	6	1848	3530	33	38	92.628990	νὰ
5	1	74	1	2	7	1893	3530	42	38	91.651421	συ-
4	1	74	1	3	0	1231	3570	705	30	-1	
5	1	74	1	3	1	1231	3572	80	28	92.852211	νεχίση
5	1	74	1	3	2	1333	3572	30	21	90.618813	τὸ
5	1	74	1	3	3	1384	3571	59	29	90.618813	ἔργο
5	1	74	1	3	4	1463	3578	52	15	93.299278	του.
5	1	74	1	3	5	1538	3570	117	29	29.614594	Νομίζοµε
5	1	74	1	3	6	1676	3571	37	22	93.295624	ὅτι
5	1	74	1	3	7	1734	3570	156	23	21.418900	ἐπιθάλλεται
5	1	74	1	3	8	1906	3570	30	22	96.243332	νὰ
4	1	74	1	4	0	1231	3604	705	31	-1	
5	1	74	1	4	1	1231	3607	112	28	92.432533	ἀναλάδη
5	1	74	1	4	2	1365	3606	182	29	89.989723	πρωτοθουλίες
5	1	74	1	4	3	1583	3606	59	22	86.920364	διότι
5	1	74	1	4	4	1665	3606	39	22	89.885483	δέν
5	1	74	1	4	5	1727	3604	58	24	93.066338	εἶναι
5	1	74	1	4	6	1808	3606	82	22	92.850456	σωστὸ
5	1	74	1	4	7	1905	3606	31	21	96.899025	νὰ
4	1	74	1	5	0	1219	3620	717	69	-1	
5	1	74	1	5	1	1219	3620	99	69	35.058731	ἱπαίρνη
5	1	74	1	5	2	1334	3642	51	23	92.369682	ἀπὸ
5	1	74	1	5	3	1399	3642	114	28	85.803391	διπλανές
5	1	74	1	5	4	1529	3638	142	31	95.761322	Κοινότητες
5	1	74	1	5	5	1686	3642	31	21	93.299583	τὰ
5	1	74	1	5	6	1733	3641	141	28	60.488388	λιπάσματά
5	1	74	1	5	7	1883	3648	53	18	96.801056	του,
4	1	74	1	6	0	1220	3676	715	39	-1	
5	1	74	1	6	1	1220	3676	46	39	8.304886	τὶς
5	1	74	1	6	2	1282	3677	137	33	62.243149	ζωοηροφές
5	1	74	1	6	3	1440	3685	52	18	89.089462	του,
5	1	74	1	6	4	1513	3677	42	22	92.437782	τὸν
5	1	74	1	6	5	1591	3677	178	28	74.448944	πατατόσπορο
5	1	74	1	6	6	1788	3676	57	23	95.567352	κλπ.
5	1	74	1	6	7	1876	3676	59	29	77.476395	Λίγη
4	1	74	1	7	0	1220	3707	701	36	-1	
5	1	74	1	7	1	1220	3707	93	35	0.000000	Ἰθέλησι
5	1	74	1	7	2	1330	3708	130	35	87.387566	χρειάζεται
5	1	74	1	7	3	1478	3713	37	24	93.227554	καὶ
5	1	74	1	7	4	1532	3713	155	29	87.831367	µικροθυσίες.
5	1	74	1	7	5	1706	3710	104	31	72.017822	Ἐμπρὸς
5	1	74	1	7	6	1827	3712	94	27	15.280014	λοητὸν.
2	1	75	0	0	0	1220	3546	4	76	-1	
3	1	75	1	0	0	1220	3546	4	76	-1	
4	1	75	1	1	0	1220	3546	4	76	-1	
5	1	75	1	1	1	1220	3546	4	76	95.000000	 
2	1	76	0	0	0	1894	248	59	9	-1	
3	1	76	1	0	0	1894	248	59	9	-1	
4	1	76	1	1	0	1894	248	59	9	-1	
5	1	76	1	1	1	1894	248	59	9	75.288925	---
2	1	77	0	0	0	1253	1990	687	46	-1	
3	1	77	1	0	0	1253	1990	687	46	-1	
4	1	77	1	1	0	1253	1990	687	46	-1	
5	1	77	1	1	1	1253	1998	27	29	83.154137	Ἡ
5	1	77	1	1	2	1298	1998	128	33	92.593681	Πελλάνα,
5	1	77	1	1	3	1434	2001	17	32	92.343887	ἡ
5	1	77	1	1	4	1457	1990	161	46	22.641052	"γαπήμένη,
5	1	77	1	1	5	1627	1996	120	37	96.871063	θυγατέρα
5	1	77	1	1	6	1765	1997	44	29	93.152283	τοῦ
5	1	77	1	1	7	1829	1998	111	34	19.092560	Γεωργι--
2	1	78	0	0	0	1963	3067	5	317	-1	
3	1	78	1	0	0	1963	3067	5	317	-1	
4	1	78	1	1	0	1963	3067	5	317	-1	
5	1	78	1	1	1	1963	3067	5	317	95.000000	 
2	1	79	0	0	0	1955	244	707	12	-1	
3	1	79	1	0	0	1955	244	707	12	-1	
4	1	79	1	1	0	1955	244	707	12	-1	
5	1	79	1	1	1	1955	244	707	12	95.000000	 
2	1	80	0	0	0	1972	277	709	330	-1	
3	1	80	1	0	0	2094	277	493	32	-1	
4	1	80	1	1	0	2094	277	493	32	-1	
5	1	80	1	1	1	2094	295	11	14	0.000000	.
5	1	80	1	1	2	2307	277	33	29	0.000000	-
5	1	80	1	1	3	2451	282	53	23	4.175682	..
5	1	80	1	1	4	2585	280	2	2	0.000000	.
3	1	80	2	0	0	1972	294	709	313	-1	
4	1	80	2	1	0	2056	294	536	63	-1	
5	1	80	2	1	1	2056	295	57	52	93.291855	Τὰ
5	1	80	2	1	2	2142	294	248	63	84.336700	Γεωργίται
5	1	80	2	1	3	2412	305	180	52	39.754021	σήμερα
4	1	80	2	2	0	2002	393	676	35	-1	
5	1	80	2	2	1	2002	398	35	23	93.295090	Τὸ
5	1	80	2	2	2	2054	399	125	29	91.233978	Γεωργίτσι
5	1	80	2	2	3	2196	397	57	24	93.301422	εἶναι
5	1	80	2	2	4	2269	393	148	33	91.690605	ὡραιώτατο
5	1	80	2	2	5	2427	397	37	22	91.809608	καὶ
5	1	80	2	2	6	2479	397	156	28	91.809608	ἀξιαγάπητο
5	1	80	2	2	7	2643	402	35	23	96.693977	χω
4	1	80	2	3	0	1974	431	705	33	-1	
5	1	80	2	3	1	1974	435	45	29	93.038605	ριὸ,
5	1	80	2	3	2	2036	434	38	30	96.871223	ὄχι
5	1	80	2	3	3	2091	436	62	28	95.369553	µόνο
5	1	80	2	3	4	2169	435	50	22	93.301498	ἀπὸ
5	1	80	2	3	5	2236	434	59	28	92.225151	ἐμᾶς
5	1	80	2	3	6	2311	433	59	28	90.370903	τοὺς
5	1	80	2	3	7	2388	432	209	32	90.370903	Γεωργιτσιάνους,
5	1	80	2	3	8	2614	431	65	23	96.514137	ἀλλὰ
4	1	80	2	4	0	1972	465	707	34	-1	
5	1	80	2	4	1	1972	471	39	22	92.181824	Καὶ
5	1	80	2	4	2	2030	471	55	22	92.441216	ὅσοι
5	1	80	2	4	3	2111	471	31	22	93.254250	τὸ
5	1	80	2	4	4	2161	471	132	28	84.160553	ἐγνώρισαν
5	1	80	2	4	5	2311	468	158	31	92.672104	ἐκφράζονται
5	1	80	2	4	6	2486	465	31	32	88.725601	µέ
5	1	80	2	4	7	2544	467	135	30	88.273621	θαυμασμὸ.
4	1	80	2	5	0	1974	504	706	32	-1	
5	1	80	2	5	1	1974	507	122	28	96.148804	Βρίσκεται
5	1	80	2	5	2	2114	507	61	29	95.824974	στὴν
5	1	80	2	5	3	2192	506	143	29	16.522057	πανέμορφη
5	1	80	2	5	4	2353	505	38	23	96.671036	καὶ
5	1	80	2	5	5	2408	504	177	30	4.651405	μεγαλόπρεπη
5	1	80	2	5	6	2604	505	76	22	44.724121	ἄνατο
4	1	80	2	6	0	1975	540	706	31	-1	
5	1	80	2	6	1	1975	542	52	29	78.379265	λικἡ
5	1	80	2	6	2	2042	542	96	29	89.412094	πλευρὰ
5	1	80	2	6	3	2152	543	45	25	93.251175	τοῦ
5	1	80	2	6	4	2212	542	131	28	53.937958	Ταῦγέτου.
5	1	80	2	6	5	2360	540	62	24	92.440659	Εἶναι
5	1	80	2	6	6	2438	542	28	22	93.300011	σέ
5	1	80	2	6	7	2483	540	122	29	91.528030	ὑψόμετρο
5	1	80	2	6	8	2619	540	62	22	93.748978	1.000
4	1	80	2	7	0	1972	572	709	35	-1	
5	1	80	2	7	1	1972	579	103	28	86.088737	µέτρων.
5	1	80	2	7	2	2094	578	65	29	49.807411	ἛἜχει
5	1	80	2	7	3	2175	578	123	28	90.397591	ἀπέραντο
5	1	80	2	7	4	2314	572	123	33	66.234787	ὀρίζοντα,
5	1	80	2	7	5	2448	576	50	23	93.273003	ποὺ
5	1	80	2	7	6	2513	576	121	29	82.013016	χορταίνει
5	1	80	2	7	7	2642	576	39	22	96.708305	καὶ
2	1	81	0	0	0	2210	372	236	7	-1	
3	1	81	1	0	0	2210	372	236	7	-1	
4	1	81	1	1	0	2210	372	236	7	-1	
5	1	81	1	1	1	2210	372	236	7	95.000000	 
2	1	82	0	0	0	1958	612	724	32	-1	
3	1	82	1	0	0	1958	612	724	32	-1	
4	1	82	1	1	0	1958	612	724	32	-1	
5	1	82	1	1	1	1958	615	46	29	0.000000	-πὸ
5	1	82	1	1	2	2017	614	42	23	91.483566	πιὸ
5	1	82	1	1	3	2071	614	122	29	75.868561	λαίµαργο
5	1	82	1	1	4	2205	614	64	28	11.162537	μάτι.
5	1	82	1	1	5	2287	613	64	28	67.059578	Ἔχει
5	1	82	1	1	6	2365	612	83	23	93.301643	πολλὰ
5	1	82	1	1	7	2462	612	58	29	92.770477	νερὰ
5	1	82	1	1	8	2532	612	150	27	28.097305	καϊσυνεπῶς
2	1	83	0	0	0	1976	645	707	354	-1	
3	1	83	1	0	0	1976	645	707	354	-1	
4	1	83	1	1	0	1976	645	705	34	-1	
5	1	83	1	1	1	1976	650	92	28	92.368217	ἄφθονο
5	1	83	1	1	2	2084	645	112	34	96.656731	πράσινο,
5	1	83	1	1	3	2212	649	30	22	93.302582	τὸ
5	1	83	1	1	4	2258	649	72	22	92.616371	ὁποῖο
5	1	83	1	1	5	2344	648	89	29	92.104256	μπορεῖ
5	1	83	1	1	6	2447	648	31	23	93.299156	νά
5	1	83	1	1	7	2494	647	187	22	60.373848	πολλαπιλασια-
4	1	83	1	2	0	1976	682	705	32	-1	
5	1	83	1	2	1	1976	686	54	27	89.391510	στῆ,
5	1	83	1	2	2	2046	686	39	22	96.915237	καὶ
5	1	83	1	2	3	2100	686	104	28	93.220444	παράγει
5	1	83	1	2	4	2220	684	178	29	89.656212	πεντανόστιµα
5	1	83	1	2	5	2414	683	129	30	93.293106	προϊόντα.
5	1	83	1	2	6	2561	683	27	22	85.974281	Ὁ
5	1	83	1	2	7	2606	682	75	23	89.306633	Κολο-
4	1	83	1	3	0	1976	719	706	31	-1	
5	1	83	1	3	1	1976	722	123	28	85.649734	Κοτρώνης
5	1	83	1	3	2	2113	722	29	22	93.299698	τὸ
5	1	83	1	3	3	2156	720	112	29	92.245270	ὀνόμαζε,
5	1	83	1	3	4	2283	720	49	23	96.811020	«Τὸ
5	1	83	1	3	5	2347	720	118	29	23.242493	μπαλκόνι
5	1	83	1	3	6	2478	720	46	22	93.283813	τοῦ
5	1	83	1	3	7	2537	719	145	28	30.747589	Ταὔγέτου».
4	1	83	1	4	0	1977	754	704	33	-1	
5	1	83	1	4	1	1977	757	60	22	93.147926	Ἐκεῖ
5	1	83	1	4	2	2049	758	42	29	92.624214	γιὰ
5	1	83	1	4	3	2105	756	120	29	92.991470	ἀσφάλεια
5	1	83	1	4	4	2239	756	67	29	92.748123	ἔμενε
5	1	83	1	4	5	2320	756	15	29	91.550819	ἡ
5	1	83	1	4	6	2350	756	99	29	91.219246	γυναῖκα
5	1	83	1	4	7	2463	762	46	16	93.260368	του
5	1	83	1	4	8	2521	755	30	28	85.625175	µέ
5	1	83	1	4	9	2564	754	49	23	86.596436	τὰὰ
5	1	83	1	4	10	2626	761	55	16	91.123543	παι-
4	1	83	1	5	0	1976	790	707	31	-1	
5	1	83	1	5	1	1976	793	39	23	96.860832	διά
5	1	83	1	5	2	2032	800	54	19	96.341187	του,
5	1	83	1	5	3	2105	793	38	22	93.268768	καὶ
5	1	83	1	5	4	2162	792	53	29	92.856323	εἶχε,
5	1	83	1	5	5	2229	792	112	29	85.039421	ἰδιαίτερη
5	1	83	1	5	6	2360	791	65	30	93.276718	φιλία
5	1	83	1	5	7	2444	791	27	29	91.297722	µέ
5	1	83	1	5	8	2490	791	43	22	96.820404	τὸν
5	1	83	1	5	9	2551	790	132	23	95.356804	καπετάνιο
4	1	83	1	6	0	1976	826	648	32	-1	
5	1	83	1	6	1	1976	830	45	21	74.311249	τοῦ
5	1	83	1	6	2	2036	830	85	28	80.710861	χωριοῦ
5	1	83	1	6	3	2138	830	26	21	91.172440	Π.
5	1	83	1	6	4	2180	826	444	29	49.339886	Παπαθανασόπουλο--Καπετανάκη,
4	1	83	1	7	0	2004	862	678	31	-1	
5	1	83	1	7	1	2004	864	68	23	30.665230	Μετά
5	1	83	1	7	2	2087	865	45	28	91.163071	τὴν
5	1	83	1	7	3	2147	864	177	29	91.163071	ἀπελευθέρωσι
5	1	83	1	7	4	2340	863	51	26	96.792557	ἀπὸ
5	1	83	1	7	5	2406	863	44	28	90.780899	τὴν
5	1	83	1	7	6	2465	862	130	29	16.092911	γερµανικὴ
5	1	83	1	7	7	2610	868	72	16	71.054871	Κατο-
4	1	83	1	8	0	1978	896	705	33	-1	
5	1	83	1	8	1	1978	900	37	28	71.541031	χἠ,
5	1	83	1	8	2	2032	900	14	28	89.348816	ἡ
5	1	83	1	8	3	2064	900	77	29	89.348816	ἀθρόα
5	1	83	1	8	4	2156	900	188	28	89.313156	µετανάστευσις
5	1	83	1	8	5	2360	899	48	22	93.299042	ποὺ
5	1	83	1	8	6	2424	898	129	29	90.744392	δυστυχῶς
5	1	83	1	8	7	2559	896	124	30	25.333725	«συνεχίζε-
4	1	83	1	9	0	1978	932	705	32	-1	
5	1	83	1	9	1	1978	941	38	16	93.162033	ται
5	1	83	1	9	2	2038	936	145	28	92.127815	ἀχαλίνωτα,
5	1	83	1	9	3	2204	935	98	28	88.234970	ἐμείωσε
5	1	83	1	9	4	2324	934	143	29	91.236946	ἀφάνταστα
5	1	83	1	9	5	2488	934	44	22	92.927711	τὸν
5	1	83	1	9	6	2553	932	130	29	80.637100	πληθυσμὸ
4	1	83	1	10	0	1978	969	705	30	-1	
5	1	83	1	10	1	1978	970	63	22	28.539330	ὃλων
5	1	83	1	10	2	2062	972	47	21	91.648407	τῶν
5	1	83	1	10	3	2130	972	99	27	91.648407	χωριῶν,
5	1	83	1	10	4	2250	970	65	22	94.756912	πολὺ
5	1	83	1	10	5	2335	970	162	29	94.756912	περισσότερο
5	1	83	1	10	6	2517	970	45	21	90.700943	τοῦ
5	1	83	1	10	7	2584	969	99	28	79.753937	Γεωργι-
2	1	84	0	0	0	1978	1036	711	675	-1	
3	1	84	1	0	0	1978	1036	711	675	-1	
4	1	84	1	1	0	1978	1036	706	31	-1	
5	1	84	1	1	1	1978	1039	147	28	24.952843	σημειώθηκε
5	1	84	1	1	2	2147	1038	155	29	64.127792	κατακόρυφη
5	1	84	1	1	3	2324	1039	77	22	92.280701	πτῶσι
5	1	84	1	1	4	2422	1038	44	22	93.265938	τοῦ
5	1	84	1	1	5	2486	1037	152	29	60.595303	πληθυσμοῦ.
5	1	84	1	1	6	2658	1036	26	23	61.767143	Σ’
4	1	84	1	2	0	1978	1071	707	32	-1	
5	1	84	1	2	1	1978	1074	61	22	85.526245	αὐτὸ
5	1	84	1	2	2	2058	1075	141	23	96.040436	συνετέλεσε
5	1	84	1	2	3	2213	1071	42	26	90.969559	καὶ
5	1	84	1	2	4	2272	1074	16	29	90.742500	ἡ
5	1	84	1	2	5	2306	1074	137	29	92.382309	ἐσφαλμένη
5	1	84	1	2	6	2462	1073	123	29	91.523384	ἀντίληψις
5	1	84	1	2	7	2602	1074	37	22	91.872025	ὃτι
5	1	84	1	2	8	2654	1073	31	23	96.280907	τὸ
4	1	84	1	3	0	1980	1108	704	33	-1	
5	1	84	1	3	1	1980	1110	127	27	92.363800	Γεωργίτσι
5	1	84	1	3	2	2125	1109	58	24	93.300644	εἶναι
5	1	84	1	3	3	2202	1110	89	29	89.864761	φτωχὸ.
5	1	84	1	3	4	2314	1109	52	24	90.467575	Ἐνῶ
5	1	84	1	3	5	2382	1104	114	41	91.696274	ἀντίθετα
5	1	84	1	3	6	2515	1108	48	30	93.301765	ἔχει
5	1	84	1	3	7	2580	1109	104	26	92.357117	πλοῦτο,
4	1	84	1	4	0	1979	1145	705	30	-1	
5	1	84	1	4	1	1979	1145	83	24	92.921600	πολλὰ
5	1	84	1	4	2	2079	1146	59	29	92.356621	νερὰ
5	1	84	1	4	3	2156	1146	37	22	96.179787	καὶ
5	1	84	1	4	4	2212	1145	106	23	86.585060	πλούσιο
5	1	84	1	4	5	2336	1145	97	28	92.525620	ἔδαφος,
5	1	84	1	4	6	2451	1145	67	22	91.774445	ἱκανὸ
5	1	84	1	4	7	2536	1145	30	22	93.297501	νὰ
5	1	84	1	4	8	2584	1145	100	28	87.214134	παράγη
4	1	84	1	5	0	1979	1179	706	31	-1	
5	1	84	1	5	1	1979	1180	84	23	95.779427	πολλὰ
5	1	84	1	5	2	2080	1182	129	28	95.779427	προϊόντα.
5	1	84	1	5	3	2227	1181	37	22	96.978020	Τὰ
5	1	84	1	5	4	2283	1181	99	28	55.767296	ξέρουμε
5	1	84	1	5	5	2401	1180	62	26	87.449799	ὅλοι,
5	1	84	1	5	6	2481	1179	59	23	96.657600	εἶναι
5	1	84	1	5	7	2558	1180	63	22	96.770439	αὐτὰ
5	1	84	1	5	8	2635	1179	50	22	96.507805	ποὺ
4	1	84	1	6	0	1978	1214	706	31	-1	
5	1	84	1	6	1	1978	1217	47	27	92.095055	μᾶς
5	1	84	1	6	2	2043	1217	154	28	22.469421	μεγάλωσαν.
5	1	84	1	6	3	2218	1216	77	22	82.797241	᾽Αλλὰ
5	1	84	1	6	4	2314	1216	23	22	57.018238	οἱ
5	1	84	1	6	5	2359	1215	188	29	91.988487	Γεωργιτσιάνοι,
5	1	84	1	6	6	2566	1214	66	29	92.390038	ἴσως,
5	1	84	1	6	7	2642	1214	42	29	81.740326	χά-
4	1	84	1	7	0	1980	1250	705	31	-1	
5	1	84	1	7	1	1980	1259	36	22	88.430824	ρις
5	1	84	1	7	2	2030	1253	59	22	93.298805	στὸν
5	1	84	1	7	3	2105	1252	119	28	79.285126	εὑρύτατο
5	1	84	1	7	4	2239	1250	112	30	78.086700	ὁρίζοντα
5	1	84	1	7	5	2365	1251	49	22	93.293427	ποὺ
5	1	84	1	7	6	2428	1250	80	29	92.329407	ἔχουν,
5	1	84	1	7	7	2525	1250	108	23	87.272408	ὀλέπουν
5	1	84	1	7	8	2640	1257	45	21	90.306145	µα-
4	1	84	1	8	0	1979	1285	706	32	-1	
5	1	84	1	8	1	1979	1288	62	28	93.007309	κρυὰ
5	1	84	1	8	2	2070	1288	38	22	85.638580	καὶ
5	1	84	1	8	3	2139	1288	112	23	85.638580	ἀνέκαθεν
5	1	84	1	8	4	2265	1287	57	30	0.000000	δέν
5	1	84	1	8	5	2350	1286	58	29	96.273453	τοὺς
5	1	84	1	8	6	2437	1286	88	29	92.714493	χωράει
5	1	84	1	8	7	2563	1286	15	23	89.465996	ὁ
5	1	84	1	8	8	2607	1285	78	28	92.884148	τόπος
4	1	84	1	9	0	1981	1321	706	30	-1	
5	1	84	1	9	1	1981	1330	64	21	90.531570	τους.
5	1	84	1	9	2	2064	1323	198	23	90.531570	Μεταναστεύουν
5	1	84	1	9	3	2281	1323	38	22	93.301987	καὶ
5	1	84	1	9	4	2335	1322	95	23	89.475151	παντοῦ
5	1	84	1	9	5	2448	1321	239	29	90.396065	σταδιοδρομοῦν,
5	1	84	1	9	6	2657	1317	33	38	85.050797	ἐρ
4	1	84	1	10	0	1981	1356	705	31	-1	
5	1	84	1	10	1	1981	1358	127	29	81.233810	γαζόµενοι
5	1	84	1	10	2	2123	1358	113	29	48.742218	µεθοδικἁ
5	1	84	1	10	3	2252	1358	37	22	93.300735	καὶ
5	1	84	1	10	4	2305	1358	117	22	92.543686	ἐντατικὰ.
5	1	84	1	10	5	2440	1357	117	29	92.661087	Εὐτυχῶς,
5	1	84	1	10	6	2573	1356	64	23	95.823898	ὅπου
5	1	84	1	10	7	2646	1357	40	22	96.914131	καὶ
4	1	84	1	11	0	1982	1392	704	30	-1	
5	1	84	1	11	1	1982	1396	29	22	91.649704	νὰ
5	1	84	1	11	2	2026	1396	61	21	91.010101	πᾶνε
5	1	84	1	11	3	2104	1394	154	28	91.748810	ἐνθυμοῦνται
5	1	84	1	11	4	2275	1394	29	21	93.300552	τὸ
5	1	84	1	11	5	2322	1393	134	28	91.151756	Γεωργίτσι,
5	1	84	1	11	6	2472	1392	86	29	91.147125	γιαὐτὸ
5	1	84	1	11	7	2574	1392	38	22	90.406464	καὶ
5	1	84	1	11	8	2629	1392	57	23	73.168045	ἆνα-
4	1	84	1	12	0	1978	1426	709	42	-1	
5	1	84	1	12	1	1978	1426	167	42	91.339691	στυλώνονται
5	1	84	1	12	2	2161	1428	47	23	90.347801	ὃλα
5	1	84	1	12	3	2223	1430	31	21	95.946281	τὰ
5	1	84	1	12	4	2270	1429	89	22	54.130852	σπίτια
5	1	84	1	12	5	2377	1428	112	28	92.518654	ἐκλησίες
5	1	84	1	12	6	2500	1428	38	22	93.301620	καὶ
5	1	84	1	12	7	2554	1423	81	37	92.226707	δίλλες
5	1	84	1	12	8	2647	1423	44	37	58.739120	ἄνε
4	1	84	1	13	0	1981	1462	706	34	-1	
5	1	84	1	13	1	1981	1468	128	28	18.041466	γείρονται΄
5	1	84	1	13	2	2130	1465	23	22	93.299774	οἱ
5	1	84	1	13	3	2172	1465	85	28	87.675560	δρόµοι
5	1	84	1	13	4	2278	1464	269	29	19.127747	τσιµεντοστρώνονται'
5	1	84	1	13	5	2570	1462	117	31	91.686180	ὕδρευσις,
4	1	84	1	14	0	1981	1499	706	33	-1	
5	1	84	1	14	1	1981	1501	160	31	91.373276	ἠλεκτρισμὸς
5	1	84	1	14	2	2160	1501	39	22	96.267334	καὶ
5	1	84	1	14	3	2218	1500	127	29	92.346817	τηλέφωνα
5	1	84	1	14	4	2364	1500	98	29	83.007584	µπῆκαν
5	1	84	1	14	5	2480	1499	49	24	95.732109	στὰ
5	1	84	1	14	6	2548	1499	91	26	96.117752	σπίτια,
5	1	84	1	14	7	2648	1499	39	23	96.117752	καὶ
4	1	84	1	15	0	1982	1535	706	33	-1	
5	1	84	1	15	1	1982	1538	165	30	91.191406	πηλεοράσεις.
5	1	84	1	15	2	2163	1537	35	22	95.621468	Τὸ
5	1	84	1	15	3	2215	1537	140	28	21.293106	κοιμητήριο
5	1	84	1	15	4	2371	1537	68	28	92.514755	χάρις
5	1	84	1	15	5	2454	1536	62	23	88.866615	στὸν
5	1	84	1	15	6	2530	1542	21	16	93.265388	κ.
5	1	84	1	15	7	2569	1535	26	23	92.920601	Ν.
5	1	84	1	15	8	2613	1535	75	23	91.809883	Μανε-
4	1	84	1	16	0	1982	1571	707	32	-1	
5	1	84	1	16	1	1982	1575	85	28	92.752960	σιώτη,
5	1	84	1	16	2	2084	1572	63	29	91.933372	ἔγινε
5	1	84	1	16	3	2166	1572	117	29	92.263802	ἐφάμιλλο
5	1	84	1	16	4	2302	1573	44	27	93.272339	τῆς
5	1	84	1	16	5	2364	1571	111	30	84.506706	᾿Αθήνας.
5	1	84	1	16	6	2498	1571	65	23	45.193825	Όλα
5	1	84	1	16	7	2580	1571	109	29	96.691696	δείχνουν
4	1	84	1	17	0	1982	1606	706	30	-1	
5	1	84	1	17	1	1982	1612	37	21	93.298370	καὶ
5	1	84	1	17	2	2036	1609	147	24	91.598755	δεδαιώνουν
5	1	84	1	17	3	2198	1609	37	22	96.209961	ὅτι
5	1	84	1	17	4	2250	1608	41	22	96.831734	δέν
5	1	84	1	17	5	2306	1606	59	25	93.296982	εἶναι
5	1	84	1	17	6	2380	1608	83	28	90.110489	φτωχὸ
5	1	84	1	17	7	2478	1607	82	29	93.303772	χωριό,
5	1	84	1	17	8	2576	1606	65	23	54.543037	ἁλλὰά
5	1	84	1	17	9	2650	1606	38	23	91.661110	εὔ-
4	1	84	1	18	0	1982	1642	707	33	-1	
5	1	84	1	18	1	1982	1654	73	21	92.695030	πορο,
5	1	84	1	18	2	2073	1645	27	29	88.040070	µέ
5	1	84	1	18	3	2118	1643	123	29	96.866554	ζωντάνια,
5	1	84	1	18	4	2256	1643	107	30	0.000000	μάλιστα
5	1	84	1	18	5	2380	1643	28	30	89.729042	µέ
5	1	84	1	18	6	2422	1638	58	41	90.384018	τάσι
5	1	84	1	18	7	2497	1638	106	41	91.216980	ἀνοδικὴ,
5	1	84	1	18	8	2621	1642	68	31	95.220757	παρὰ
4	1	84	1	19	0	1982	1681	381	30	-1	
5	1	84	1	19	1	1982	1682	45	29	66.862427	τὴν
5	1	84	1	19	2	2043	1682	122	28	88.791092	ἀμείλικτη
5	1	84	1	19	3	2182	1681	181	28	87.983673	µετανάστευσι.
2	1	85	0	0	0	2069	1732	552	6	-1	
3	1	85	1	0	0	2069	1732	552	6	-1	
4	1	85	1	1	0	2069	1732	552	6	-1	
5	1	85	1	1	1	2069	1732	552	6	95.000000	 
2	1	86	0	0	0	2267	1732	354	5	-1	
3	1	86	1	0	0	2267	1732	354	5	-1	
4	1	86	1	1	0	2267	1732	354	5	-1	
5	1	86	1	1	1	2267	1732	354	5	95.000000	 
2	1	87	0	0	0	2003	1741	669	109	-1	
3	1	87	1	0	0	2003	1741	669	109	-1	
4	1	87	1	1	0	2003	1741	669	109	-1	
5	1	87	1	1	1	2003	1748	234	102	95.839958	Γεώργιος
5	1	87	1	1	2	2260	1741	412	106	23.762550	Αθανασόπουλος
2	1	88	0	0	0	1986	1837	707	446	-1	
3	1	88	1	0	0	1986	1837	704	129	-1	
4	1	88	1	1	0	2013	1837	677	72	-1	
5	1	88	1	1	1	2013	1842	79	51	0.000000	θλος
5	1	88	1	1	2	2108	1866	96	30	92.517899	αἰφνίδια
5	1	88	1	1	3	2210	1865	33	25	93.293884	καὶ
5	1	88	1	1	4	2259	1867	86	28	86.807106	μοναχὸς
5	1	88	1	1	5	2361	1866	48	29	86.810196	µέσα
5	1	88	1	1	6	2425	1867	30	25	89.674614	εἰς
5	1	88	1	1	7	2468	1866	25	30	96.390182	τὸ
5	1	88	1	1	8	2510	1837	123	72	0.000000	Εινὼοῖο
5	1	88	1	1	9	2642	1860	48	37	53.583900	Κίν-
4	1	88	1	2	0	1986	1902	704	29	-1	
5	1	88	1	2	1	1986	1912	25	19	39.837376	Ἐι
5	1	88	1	2	2	2031	1904	80	25	88.948952	Παλὰς
5	1	88	1	2	3	2130	1904	96	22	90.848373	ἀπεδίωσε
5	1	88	1	2	4	2243	1904	30	25	92.726990	εἰς
5	1	88	1	2	5	2291	1904	89	26	19.919044	᾽᾿Αθήνας
5	1	88	1	2	6	2397	1904	9	22	88.526382	ὁ
5	1	88	1	2	7	2424	1902	104	28	88.973808	ἀγαπητὸς
5	1	88	1	2	8	2544	1901	34	23	93.275139	καὶ
5	1	88	1	2	9	2595	1902	95	27	91.508415	ἔνθερμος
4	1	88	1	3	0	1986	1936	704	43	-1	
5	1	88	1	3	1	1986	1940	117	39	46.034622	πατριώτης
5	1	88	1	3	2	2126	1940	102	26	82.569336	Γεώργιος
5	1	88	1	3	3	2249	1936	184	27	82.914284	᾿Αθανασόπουλος.
5	1	88	1	3	4	2456	1937	40	23	35.471634	'Γὸν
5	1	88	1	3	5	2520	1932	103	38	88.081482	τελευταῖο
5	1	88	1	3	6	2635	1936	55	28	65.548149	καιρὸ
3	1	88	2	0	0	1986	1968	706	136	-1	
4	1	88	2	1	0	2147	1968	543	47	-1	
5	1	88	2	1	1	2147	1971	173	33	0.000000	Αθανασόπουλος
5	1	88	2	1	2	2342	1974	32	20	92.610916	δέν
5	1	88	2	1	3	2398	1968	122	47	36.953880	αἰσθανόταν
5	1	88	2	1	4	2538	1972	65	22	0.000000	«καλὰ.
5	1	88	2	1	5	2627	1972	63	23	36.006207	Ίσως
4	1	88	2	2	0	2115	2000	219	33	-1	
5	1	88	2	2	1	2115	2002	49	26	28.152306	ο
5	1	88	2	2	2	2167	2000	89	33	0.000000	λυνόφω:
5	1	88	2	2	3	2326	2001	8	3	84.099075	ς
4	1	88	2	3	0	1986	2032	706	55	-1	
5	1	88	2	3	1	1986	2042	33	20	80.043556	παὶ
5	1	88	2	3	2	2037	2042	30	29	69.242950	γι
5	1	88	2	3	3	2084	2042	45	21	93.257568	αὐτὸ
5	1	88	2	3	4	2148	2043	105	26	91.442368	τελευταῖα
5	1	88	2	3	5	2271	2032	121	50	75.704529	ἀγωνιζόταν
5	1	88	2	3	6	2401	2036	72	51	0.000000	χδρὶς
5	1	88	2	3	7	2491	2040	24	21	88.884865	νὰ
5	1	88	2	3	8	2532	2039	90	28	89.702682	ἡσυχάζη
5	1	88	2	3	9	2629	2039	63	22	72.886765	καδό-
4	1	88	2	4	0	1986	2074	647	30	-1	
5	1	88	2	4	1	1986	2077	35	20	29.602051	λωυ
5	1	88	2	4	2	2035	2068	32	29	69.438255	νὰ,
5	1	88	2	4	3	2076	2077	51	26	36.448395	Χάνη
5	1	88	2	4	4	2141	2077	30	22	91.501747	ὃτι
5	1	88	2	4	5	2186	2074	95	30	59.441284	μποροῦσε
5	1	88	2	4	6	2296	2076	37	27	93.224159	στὴ
5	1	88	2	4	7	2348	2075	104	28	34.295242	Ὑενέτειρά
5	1	88	2	4	8	2467	2083	33	14	92.551071	του
5	1	88	2	4	9	2514	2074	119	29	83.987785	Γεωργίτσι.
3	1	88	3	0	0	1987	2109	705	103	-1	
4	1	88	3	1	0	2017	2109	674	29	-1	
5	1	88	3	1	1	2017	2111	24	22	33.675613	Ὁ.
5	1	88	3	1	2	2066	2112	178	25	58.114243	᾽Αβανασόπουλοξ
5	1	88	3	1	3	2267	2111	64	26	88.690292	ἔδειξε
5	1	88	3	1	4	2355	2110	98	23	81.028595	ἀνέκαδεν
5	1	88	3	1	5	2477	2110	76	28	89.045517	µεγάλο
5	1	88	3	1	6	2577	2109	114	28	81.812088	ἐνδιαφέρον
4	1	88	3	2	0	1987	2144	705	31	-1	
5	1	88	3	2	1	1987	2148	34	26	89.264359	γιὰ
5	1	88	3	2	2	2040	2147	22	22	73.886299	τὸ
5	1	88	3	2	3	2082	2148	109	27	78.912750	Γεωργίτσι
5	1	88	3	2	4	2212	2147	33	22	91.176514	καὶ
5	1	88	3	2	5	2264	2146	68	23	93.257652	πολλὰ
5	1	88	3	2	6	2350	2146	133	28	67.220825	κατώρθωσε,
5	1	88	3	2	7	2504	2145	91	28	92.254669	ἀσχέτως
5	1	88	3	2	8	2610	2140	27	39	90.479126	ἄν
5	1	88	3	2	9	2646	2144	46	29	56.097984	ὧρι-
4	1	88	3	3	0	1987	2177	542	35	-1	
5	1	88	3	3	1	1987	2182	64	27	64.436630	σµένοι
5	1	88	3	3	2	2070	2181	157	31	96.009178	χαρακτηρίζουν
5	1	88	3	3	3	2246	2184	35	27	93.060715	τὴν
5	1	88	3	3	4	2300	2177	69	34	85.179382	ἀγάπη
5	1	88	3	3	5	2386	2191	32	14	93.155434	του
5	1	88	3	3	6	2437	2182	92	28	90.499802	«ὄψιμη».
3	1	88	4	0	0	1987	2217	706	66	-1	
4	1	88	4	1	0	2014	2217	678	31	-1	
5	1	88	4	1	1	2014	2218	40	21	82.668793	Δέν.
5	1	88	4	1	2	2075	2220	49	22	93.290131	εἶναι
5	1	88	4	1	3	2144	2220	67	27	58.502048	ὄψιμη,
5	1	88	4	1	4	2227	2219	52	29	89.340157	διότι
5	1	88	4	1	5	2299	2220	16	21	42.383121	σ᾿
5	1	88	4	1	6	2336	2219	59	24	38.715965	ἃλους
5	1	88	4	1	7	2415	2218	46	25	93.286034	τοὺς
5	1	88	4	1	8	2481	2217	112	28	90.449158	εἰρηνικοὺς
5	1	88	4	1	9	2613	2217	79	27	80.097198	ἀγῶνες
4	1	88	4	2	0	1987	2251	706	32	-1	
5	1	88	4	2	1	1987	2254	34	29	95.055244	γιὰ
5	1	88	4	2	2	2039	2254	36	29	93.264618	τὴν
5	1	88	4	2	3	2093	2255	94	25	90.656731	ἀνάπτυξι
5	1	88	4	2	4	2205	2257	32	20	93.251373	τοῦ
5	1	88	4	2	5	2254	2255	133	27	61.976116	Γεωργιταιοῦ
5	1	88	4	2	6	2404	2254	62	22	92.912033	ἔδωσε
5	1	88	4	2	7	2483	2253	23	22	93.285805	τὸ
5	1	88	4	2	8	2522	2252	68	29	93.065201	παρὸν.
5	1	88	4	2	9	2608	2251	85	28	77.537506	᾽Αγωνί-
2	1	89	0	0	0	1984	1830	710	21	-1	
3	1	89	1	0	0	1984	1830	710	21	-1	
4	1	89	1	1	0	1984	1830	710	21	-1	
5	1	89	1	1	1	1984	1830	20	21	95.000000	 
5	1	89	1	1	2	2672	1830	22	21	95.000000	 
2	1	90	0	0	0	1982	1970	340	68	-1	
3	1	90	1	0	0	1982	1970	340	68	-1	
4	1	90	1	1	0	1982	1970	315	68	-1	
5	1	90	1	1	1	1982	1970	145	68	95.000000	 
5	1	90	1	1	2	2273	1975	24	20	95.000000	 
4	1	90	1	2	0	2262	2002	60	11	-1	
5	1	90	1	2	1	2262	2002	60	11	95.000000	 
4	1	90	1	3	0	2256	2015	64	18	-1	
5	1	90	1	3	1	2256	2015	64	18	95.000000	 
2	1	91	0	0	0	1978	2286	715	32	-1	
3	1	91	1	0	0	1978	2286	715	32	-1	
4	1	91	1	1	0	1978	2286	715	32	-1	
5	1	91	1	1	1	1978	2300	71	18	0.000000	ἵστῃκε
5	1	91	1	1	2	2065	2290	34	23	77.810158	καὶ
5	1	91	1	1	3	2117	2290	76	25	91.555267	ἐκεῖνος
5	1	91	1	1	4	2210	2288	33	23	92.618080	καὶ
5	1	91	1	1	5	2261	2291	9	21	52.398754	ὁ
5	1	91	1	1	6	2288	2289	87	27	60.743309	ἁδελφός
5	1	91	1	1	7	2392	2296	33	15	96.444290	του
5	1	91	1	1	8	2440	2289	95	27	95.279137	Χρῆστος
5	1	91	1	1	9	2551	2287	36	28	56.548954	γιὰ
5	1	91	1	1	10	2602	2288	35	25	93.175972	τὴν
5	1	91	1	1	11	2648	2286	45	23	78.312729	ἀνά-
2	1	92	0	0	0	1987	2322	708	211	-1	
3	1	92	1	0	0	1987	2322	708	211	-1	
4	1	92	1	1	0	1987	2322	707	34	-1	
5	1	92	1	1	1	1987	2336	55	20	33.619087	Ύερσι
5	1	92	1	1	2	2060	2327	33	23	93.113510	τοῦ
5	1	92	1	1	3	2111	2326	90	27	81.028229	λαμπροῦ
5	1	92	1	1	4	2218	2324	157	27	66.012489	οἰκοδομήματος
5	1	92	1	1	5	2392	2325	33	21	96.842010	τοῦ
5	1	92	1	1	6	2442	2323	107	28	93.003639	Σχολείου,
5	1	92	1	1	7	2564	2322	36	23	92.831551	ποὺ
5	1	92	1	1	8	2617	2322	77	27	13.057587	θαυμά-
4	1	92	1	2	0	1988	2355	706	51	-1	
5	1	92	1	2	1	1988	2366	45	25	92.605049	ζομε
5	1	92	1	2	2	2050	2364	43	23	89.677109	ὅλοι
5	1	92	1	2	3	2111	2369	39	19	96.150620	µας
5	1	92	1	2	4	2167	2361	75	28	93.254852	σήµερα
5	1	92	1	2	5	2254	2360	38	22	5.774757	παὶ
5	1	92	1	2	6	2310	2355	120	51	68.316910	παυχόμεθα,
5	1	92	1	2	7	2446	2359	31	22	66.515289	Τι)
5	1	92	1	2	8	2495	2358	47	23	95.216972	αὐτὸ
5	1	92	1	2	9	2558	2358	34	23	96.180725	καὶ
5	1	92	1	2	10	2609	2358	54	23	96.695580	κατὰ
5	1	92	1	2	11	2670	2357	34	31	72.893234	τὸ
4	1	92	1	3	0	1988	2393	707	50	-1	
5	1	92	1	3	1	1988	2398	89	45	16.138275	περυσνὸ
5	1	92	1	3	2	2095	2396	107	28	87.378220	καλοκαίρι
5	1	92	1	3	3	2221	2396	33	21	96.191177	καὶ
5	1	92	1	3	4	2272	2395	126	42	95.299072	παλαιότερα
5	1	92	1	3	5	2414	2394	38	23	95.795044	ἀπὸ
5	1	92	1	3	6	2469	2394	22	23	96.737411	τὸ
5	1	92	1	3	7	2510	2394	56	23	83.628517	1970
5	1	92	1	3	8	2582	2385	122	37	46.867641	προσπάθη-
4	1	92	1	4	0	1989	2430	706	33	-1	
5	1	92	1	4	1	1989	2445	21	13	96.991600	σε
5	1	92	1	4	2	2026	2436	24	21	93.140305	νὰ
5	1	92	1	4	3	2065	2432	114	31	74.250771	µετατρέψη
5	1	92	1	4	4	2195	2432	22	22	96.934738	τὸ
5	1	92	1	4	5	2233	2432	115	27	96.027084	διδακτήριο
5	1	92	1	4	6	2364	2430	22	23	93.296570	σέ
5	1	92	1	4	7	2402	2431	121	26	28.074295	ξενοδοχεῖο,
5	1	92	1	4	8	2539	2430	13	27	88.750282	ἤ
5	1	92	1	4	9	2568	2430	82	27	91.196167	ξενῶνα,
5	1	92	1	4	10	2659	2436	36	21	95.227463	για
4	1	92	1	5	0	1990	2464	704	29	-1	
5	1	92	1	5	1	1990	2471	17	22	70.120514	τὶ
5	1	92	1	5	2	2023	2471	31	21	90.129036	δέν
5	1	92	1	5	3	2070	2468	82	23	87.468079	ἔνοιωθε
5	1	92	1	5	4	2167	2467	55	22	91.465157	καλὰ
5	1	92	1	5	5	2237	2467	24	21	93.295372	νὰ
5	1	92	1	5	6	2277	2466	64	27	11.226761	θλέπη
5	1	92	1	5	7	2357	2466	21	23	93.265366	τὸ
5	1	92	1	5	8	2393	2465	150	28	67.580048	µεγαλεπίδολο
5	1	92	1	5	9	2558	2464	46	23	93.305717	αὐτὸ
5	1	92	1	5	10	2620	2464	74	23	88.057785	οἰκοδό-
4	1	92	1	6	0	1989	2501	570	32	-1	
5	1	92	1	6	1	1989	2515	54	18	28.405563	μημα
5	1	92	1	6	2	2060	2504	25	24	92.327629	νὰ
5	1	92	1	6	3	2103	2503	102	30	40.940380	χαταρρέη
5	1	92	1	6	4	2224	2503	33	23	0.453300	αὶ
5	1	92	1	6	5	2276	2502	24	23	93.180534	νὰ
5	1	92	1	6	6	2318	2502	49	30	74.028061	µένη
5	1	92	1	6	7	2386	2501	173	31	0.000000	ἀχρησιψοποίητο.
2	1	93	0	0	0	2019	2537	699	30	-1	
3	1	93	1	0	0	2019	2537	699	30	-1	
4	1	93	1	1	0	2019	2537	699	30	-1	
5	1	93	1	1	1	2019	2542	29	22	93.271614	Τὸ
5	1	93	1	1	2	2065	2542	85	22	72.240631	ἔνοιωδε
5	1	93	1	1	3	2168	2541	34	21	80.758408	σὰν
5	1	93	1	1	4	2220	2542	67	25	45.903458	Χτῆμα
5	1	93	1	1	5	2304	2548	39	19	95.651024	του,
5	1	93	1	1	6	2362	2539	21	23	93.278343	τὸ
5	1	93	1	1	7	2400	2541	79	20	81.599655	πονοῦσε
5	1	93	1	1	8	2498	2539	40	23	31.858353	σἀν.
5	1	93	1	1	9	2550	2538	44	22	95.557610	δικό
5	1	93	1	1	10	2611	2546	33	15	96.774017	του
5	1	93	1	1	11	2659	2537	34	23	74.151741	καὶ
2	1	94	0	0	0	1987	2574	711	403	-1	
3	1	94	1	0	0	1990	2574	705	70	-1	
4	1	94	1	1	0	1990	2574	705	31	-1	
5	1	94	1	1	1	1990	2578	65	27	6.308029	ἤθελε
5	1	94	1	1	2	2067	2577	25	22	93.266350	νὰ
5	1	94	1	1	3	2104	2576	52	28	82.342880	κάνη
5	1	94	1	1	4	2168	2576	30	23	87.820923	ὃτι
5	1	94	1	1	5	2212	2577	81	27	91.724739	ποροῦσε
5	1	94	1	1	6	2306	2575	35	29	90.160187	γιὰ
5	1	94	1	1	7	2352	2575	25	22	93.258545	νὰ
5	1	94	1	1	8	2391	2576	36	28	42.759174	ἐρῆ
5	1	94	1	1	9	2441	2574	21	23	93.305794	τὸ
5	1	94	1	1	10	2476	2574	60	23	74.485100	σχοπὀ
5	1	94	1	1	11	2549	2574	34	28	90.690811	γιὰ
5	1	94	1	1	12	2599	2574	33	23	93.306030	τὸν
5	1	94	1	1	13	2641	2574	54	22	89.079620	ὁποῖο
4	1	94	1	2	0	1990	2610	575	35	-1	
5	1	94	1	2	1	1990	2610	106	35	87.214561	κτίσθηκε.
5	1	94	1	2	2	2163	2642	2	2	0.000000	'
5	1	94	1	2	3	2563	2618	2	2	0.000000	᾿
3	1	94	2	0	0	1990	2646	708	314	-1	
4	1	94	2	1	0	2053	2646	627	31	-1	
5	1	94	2	1	1	2053	2650	38	21	77.452988	Μὰ
5	1	94	2	1	2	2104	2650	33	22	96.252335	καὶ
5	1	94	2	1	3	2151	2649	34	28	39.748211	γιὰ
5	1	94	2	1	4	2198	2650	32	21	96.897186	τὸν
5	1	94	2	1	5	2243	2650	20	20	93.270943	ἐν
5	1	94	2	1	6	2277	2649	99	28	87.784454	᾽Αμερικῇ
5	1	94	2	1	7	2388	2648	95	27	30.407944	Ἠόλλογο
5	1	94	2	1	8	2494	2649	39	21	93.221626	τῶν
5	1	94	2	1	9	2545	2646	135	29	92.844536	Γεωργιτσιά-
4	1	94	2	2	0	1990	2682	705	31	-1	
5	1	94	2	2	1	1990	2692	37	14	22.962486	νῶν.
5	1	94	2	2	2	2048	2686	21	21	69.506454	«ὁ
5	1	94	2	2	3	2090	2686	127	27	56.864632	Σώκράτης»
5	1	94	2	2	4	2239	2684	89	28	31.567894	φρόντισε
5	1	94	2	2	5	2348	2684	33	22	79.698547	χαὶ
5	1	94	2	2	6	2402	2683	139	28	90.022362	ἐνδιαφερόταν
5	1	94	2	2	7	2560	2682	85	23	58.617329	πάντοτε
5	1	94	2	2	8	2660	2682	35	22	96.353111	καὶ
4	1	94	2	3	0	1990	2716	327	31	-1	
5	1	94	2	3	1	1990	2716	75	30	86.612221	ἐνίσχυε
5	1	94	2	3	2	2084	2721	24	22	93.302200	τὰ
5	1	94	2	3	3	2126	2720	114	27	53.703251	οἰκονομικά
5	1	94	2	3	4	2256	2728	40	14	90.440186	του.
5	1	94	2	3	5	2315	2725	2	2	70.653488	΄
4	1	94	2	4	0	1993	2752	704	31	-1	
5	1	94	2	4	1	1993	2760	7	7	47.391388	3.
5	1	94	2	4	2	2020	2754	27	22	61.686684	Ἡ
5	1	94	2	4	3	2064	2756	129	22	41.814060	διαπλάτωνσι
5	1	94	2	4	4	2210	2755	33	23	89.985596	καὶ
5	1	94	2	4	5	2262	2756	11	26	73.987915	ἡ
5	1	94	2	4	6	2291	2754	164	29	35.846222	τσιμεντόστρωσι
5	1	94	2	4	7	2472	2756	33	21	93.276505	τοῦ
5	1	94	2	4	8	2522	2753	70	29	89.831604	δρόµου
5	1	94	2	4	9	2609	2754	38	26	93.280792	τῆς
5	1	94	2	4	10	2663	2752	34	30	91.062759	ρά-
4	1	94	2	5	0	1991	2788	706	32	-1	
5	1	94	2	5	1	1991	2799	38	20	86.871468	χης
5	1	94	2	5	2	2046	2792	57	28	80.232384	µέχρι
5	1	94	2	5	3	2119	2792	22	22	93.298119	τὸ
5	1	94	2	5	4	2156	2793	87	26	91.244148	σχολεῖο,
5	1	94	2	5	5	2258	2792	38	25	93.263512	τῆς
5	1	94	2	5	6	2311	2788	90	29	51.970829	ζωτικῆς
5	1	94	2	5	7	2416	2790	63	27	92.926590	αὐτῆς
5	1	94	2	5	8	2496	2789	97	29	92.044220	ἀρτηρίας
5	1	94	2	5	9	2609	2790	33	22	93.160408	τοῦ
5	1	94	2	5	10	2657	2797	40	20	86.430038	χω-
4	1	94	2	6	0	1992	2827	411	28	-1	
5	1	94	2	6	1	1992	2829	39	25	59.581947	ριοῦ
5	1	94	2	6	2	2048	2827	49	22	93.287560	εἶναι
5	1	94	2	6	3	2114	2828	47	27	89.878922	ἔργο
5	1	94	2	6	4	2176	2829	33	20	93.048744	τοῦ
5	1	94	2	6	5	2226	2827	177	28	60.739788	,Αθανασύπουλου,
4	1	94	2	7	0	1997	2860	700	31	-1	
5	1	94	2	7	1	1997	2871	6	5	36.449047	5.
5	1	94	2	7	2	2021	2863	27	20	59.035347	Ἡ
5	1	94	2	7	3	2067	2864	164	27	54.804783	τσιµετνόστρωσι
5	1	94	2	7	4	2250	2862	103	27	73.284813	τμήματος
5	1	94	2	7	5	2373	2864	33	20	90.724419	ποῦ
5	1	94	2	7	6	2425	2861	72	29	80.819008	δρόµου
5	1	94	2	7	7	2514	2861	49	28	2.234161	Χρύα
5	1	94	2	7	8	2583	2860	60	29	20.887154	θρύση
5	1	94	2	7	9	2650	2861	47	21	62.520222	ὑπα-
4	1	94	2	8	0	1992	2894	704	51	-1	
5	1	94	2	8	1	1992	2899	63	26	91.454292	παντὴ
5	1	94	2	8	2	2073	2898	49	27	84.741379	ἦταν
5	1	94	2	8	3	2142	2899	11	26	89.955925	ἡ
5	1	94	2	8	4	2171	2894	122	51	0.000000	περηφάνεια
5	1	94	2	8	5	2312	2899	32	21	84.655701	τοῦ
5	1	94	2	8	6	2363	2897	178	22	55.363831	᾿Αθανασόπουλου.
5	1	94	2	8	7	2562	2896	66	28	91.880852	Παρὰ
5	1	94	2	8	8	2660	2896	36	26	90.511948	τὴν
4	1	94	2	9	0	1987	2928	711	49	-1	
5	1	94	2	9	1	1987	2930	149	46	0.000000	σπουδαιότητα
5	1	94	2	9	2	2155	2934	57	21	94.881989	αὐτοῦ
5	1	94	2	9	3	2231	2935	32	20	95.084007	τοῦ
5	1	94	2	9	4	2281	2933	59	41	76.069946	ἔριου
5	1	94	2	9	5	2358	2934	11	25	0.000000	ι
5	1	94	2	9	6	2388	2928	153	49	35.422935	μετριοφροσύνη
5	1	94	2	9	7	2558	2933	33	20	96.266022	τοῦ
5	1	94	2	9	8	2610	2930	88	27	55.542801	μεγάλου
2	1	95	0	0	0	1998	2949	50	72	-1	
3	1	95	1	0	0	1998	2949	50	72	-1	
4	1	95	1	1	0	2006	2949	11	26	-1	
5	1	95	1	1	1	2006	2949	11	26	95.000000	  
4	1	95	1	2	0	1998	2975	48	31	-1	
5	1	95	1	2	1	1998	2975	48	31	95.000000	  
4	1	95	1	3	0	2030	3006	18	15	-1	
5	1	95	1	3	1	2030	3006	18	15	95.000000	 
2	1	96	0	0	0	1991	2991	719	230	-1	
3	1	96	1	0	0	1991	2991	719	68	-1	
4	1	96	1	1	0	1991	2991	719	51	-1	
5	1	96	1	1	1	1991	3008	24	13	59.795452	γα
5	1	96	1	1	2	2050	3001	61	22	78.410736	τίποτε»
5	1	96	1	1	3	2127	3002	60	25	90.339195	ἔλεγε
5	1	96	1	1	4	2204	3001	83	23	89.706589	«ἁπλῶς
5	1	96	1	1	5	2303	3001	21	20	96.979828	τὸ
5	1	96	1	1	6	2340	3000	76	25	14.482941	κάναμε
5	1	96	1	1	7	2432	3000	35	25	91.063004	γιὰ
5	1	96	1	1	8	2482	2999	25	21	96.751274	νὰ
5	1	96	1	1	9	2521	3000	27	42	72.386902	μη
5	1	96	1	1	10	2559	2991	104	38	85.387917	σκονίζετε
5	1	96	1	1	11	2672	2998	38	36	55.889526	τὰ.
4	1	96	1	2	0	1992	3034	181	25	-1	
5	1	96	1	2	1	1992	3034	94	22	15.538605	παπούτσ:
5	1	96	1	2	2	2089	3044	12	13	74.939453	α
5	1	96	1	2	3	2116	3043	57	16	93.499977	σας».
3	1	96	2	0	0	2006	3040	693	181	-1	
4	1	96	2	1	0	2017	3040	681	76	-1	
5	1	96	2	1	1	2017	3066	22	50	29.267616	σα
5	1	96	2	1	2	2058	3070	15	21	2.743645	ὁ
5	1	96	2	1	3	2069	3070	70	42	84.441238	ὄνειρά
5	1	96	2	1	4	2151	3077	33	14	93.046066	του
5	1	96	2	1	5	2199	3069	35	28	75.376389	γιὰ
5	1	96	2	1	6	2250	3069	21	22	96.958893	τὸ
5	1	96	2	1	7	2286	3040	111	60	0.000000	Γεοργίεσι
5	1	96	2	1	8	2414	3067	48	27	92.542419	ἦταν
5	1	96	2	1	9	2479	3066	80	29	44.112022	μεγάλα
5	1	96	2	1	10	2574	3066	33	23	96.662582	καὶ
5	1	96	2	1	11	2616	3074	82	21	38.949028	πραγμα
4	1	96	2	2	0	2006	3101	691	31	-1	
5	1	96	2	2	1	2006	3105	33	22	0.000000	Ὠκὰ,
5	1	96	2	2	2	2042	3106	48	21	0.000000	'Ἡ
5	1	96	2	2	3	2106	3105	90	27	91.059151	ἀνέγερσι
5	1	96	2	2	4	2207	3106	38	21	65.930443	τοῦ
5	1	96	2	2	5	2262	3104	125	27	14.808228	Ἑενοδοχείου
5	1	96	2	2	6	2402	3103	69	28	87.375778	σχεδὸν
5	1	96	2	2	7	2488	3102	75	23	90.525970	θεθαία.
5	1	96	2	2	8	2580	3102	27	21	83.280617	Ἡ
5	1	96	2	2	9	2624	3101	73	23	92.233063	θελτίω
4	1	96	2	3	0	2006	3123	693	44	-1	
5	1	96	2	3	1	2006	3148	17	17	0.000000	ἵω
5	1	96	2	3	2	2041	3123	32	40	60.329948	-
5	1	96	2	3	3	2094	3140	125	27	76.450386	ὁλοκλήρωσι
5	1	96	2	3	4	2238	3140	32	21	93.223251	τοῦ
5	1	96	2	3	5	2288	3139	69	28	67.680923	Σρόµου
5	1	96	2	3	6	2375	3140	37	25	91.799103	τῆς
5	1	96	2	3	7	2430	3138	131	26	89.148994	Ὑπαπαντῆς
5	1	96	2	3	8	2580	3136	119	29	82.019897	ἀναμφισθή-
4	1	96	2	4	0	2020	3185	68	13	-1	
5	1	96	2	4	1	2020	3185	9	13	47.596134	τ
5	1	96	2	4	2	2085	3186	3	4	0.000000	᾿
4	1	96	2	5	0	2023	3212	4	9	-1	
5	1	96	2	5	1	2023	3212	4	9	0.000000	«
2	1	97	0	0	0	1992	3114	11	84	-1	
3	1	97	1	0	0	1992	3114	11	84	-1	
4	1	97	1	1	0	1992	3114	11	84	-1	
5	1	97	1	1	1	1993	3186	10	12	16.182007	3
5	1	97	1	1	2	1992	3150	11	11	32.833031	3
5	1	97	1	1	3	1993	3114	24	13	6.964417	α
2	1	98	0	0	0	1992	3207	708	213	-1	
3	1	98	1	0	0	1992	3207	708	178	-1	
4	1	98	1	1	0	2030	3207	668	34	-1	
5	1	98	1	1	1	2030	3212	18	22	50.827721	Ο.
5	1	98	1	1	2	2066	3214	63	27	57.088997	χάρος
5	1	98	1	1	3	2148	3214	54	26	93.279541	ὅμως
5	1	98	1	1	4	2221	3212	108	27	82.593422	λογάριαζε
5	1	98	1	1	5	2350	3207	97	29	84.600540	ἀλλοιῶς.
5	1	98	1	1	6	2466	3210	77	28	81.843468	"Έκοψε
5	1	98	1	1	7	2563	3210	21	23	91.888802	τὸ
5	1	98	1	1	8	2599	3211	52	25	92.258957	νῆμα
5	1	98	1	1	9	2660	3211	38	24	96.952911	τῆς
4	1	98	1	2	0	1994	3245	705	32	-1	
5	1	98	1	2	1	1994	3250	54	27	96.537819	ζωῆς
5	1	98	1	2	2	2065	3257	32	15	94.391045	του
5	1	98	1	2	3	2118	3248	33	22	94.391045	καὶ
5	1	98	1	2	4	2172	3248	24	22	93.284630	τὰ
5	1	98	1	2	5	2216	3247	65	28	90.312431	ὄνειρα
5	1	98	1	2	6	2302	3248	32	21	96.924545	τοῦ
5	1	98	1	2	7	2354	3246	87	27	51.321621	μεγάλου
5	1	98	1	2	8	2461	3245	104	29	93.172607	πατριώτη
5	1	98	1	2	9	2584	3245	78	27	88.300346	ἔμειναν
5	1	98	1	2	10	2679	3245	20	21	86.162643	ᾱ-
4	1	98	1	3	0	1994	3280	705	33	-1	
5	1	98	1	3	1	1994	3284	185	29	28.302795	πραγματοποίητα.
5	1	98	1	3	2	2200	3282	39	23	65.535484	Τιὰ
5	1	98	1	3	3	2260	3282	45	25	90.997009	τούς
5	1	98	1	3	4	2326	3282	172	27	82.940338	Γεωργιτσιάνους
5	1	98	1	3	5	2520	3281	77	28	83.217331	ὑπῆρᾶε
5	1	98	1	3	6	2620	3280	79	28	59.993443	µεγάλη
4	1	98	1	4	0	1994	3316	706	29	-1	
5	1	98	1	4	1	1994	3322	99	22	90.496384	ἀπώλεια.
5	1	98	1	4	2	2113	3318	87	25	89.065407	Πολλὲς
5	1	98	1	4	3	2221	3326	45	17	91.709290	τους
5	1	98	1	4	4	2288	3318	81	25	35.534332	ἐλτίδες
5	1	98	1	4	5	2391	3316	105	29	42.933388	ἐχάβηχαν
5	1	98	1	4	6	2517	3316	36	28	47.288254	γιὰ
5	1	98	1	4	7	2572	3316	71	22	93.283958	πάντα.
5	1	98	1	4	8	2666	3316	34	21	89.717911	Θὰ
4	1	98	1	5	0	1992	3353	671	32	-1	
5	1	98	1	5	1	1992	3358	49	27	72.394005	µένη
5	1	98	1	5	2	2060	3358	54	27	93.260406	ὅμως
5	1	98	1	5	3	2132	3355	11	26	0.000000	Ἡ
5	1	98	1	5	4	2162	3355	54	26	74.484055	καλὴ
5	1	98	1	5	5	2235	3362	43	15	86.989662	του.
5	1	98	1	5	6	2291	3349	97	40	86.989662	ἀνάμνησι.
5	1	98	1	5	7	2661	3363	2	2	21.630409	[
3	1	98	2	0	0	2024	3388	558	32	-1	
4	1	98	2	1	0	2024	3388	558	32	-1	
5	1	98	2	1	1	2024	3395	41	25	62.136616	Ας.
5	1	98	2	1	2	2088	3391	48	22	93.245255	εἶναι
5	1	98	2	1	3	2158	3389	75	30	92.733986	ἐλαφρὸ
5	1	98	2	1	4	2253	3390	22	21	93.240547	τὸ
5	1	98	2	1	5	2295	3390	59	27	91.782150	χῶμα
5	1	98	2	1	6	2372	3388	35	23	96.405228	ποὺ
5	1	98	2	1	7	2428	3388	32	23	96.427002	τὸν
5	1	98	2	1	8	2481	3388	101	25	84.454430	σκεπάζει,
2	1	99	0	0	0	2086	3436	584	5	-1	
3	1	99	1	0	0	2086	3436	584	5	-1	
4	1	99	1	1	0	2086	3436	584	5	-1	
5	1	99	1	1	1	2086	3436	584	5	95.000000	 
2	1	100	0	0	0	1992	3452	709	144	-1	
3	1	100	1	0	0	1992	3452	709	144	-1	
4	1	100	1	1	0	2005	3452	696	29	-1	
5	1	100	1	1	1	2005	3456	100	25	33.411667	«ΠΡΙΝ
5	1	100	1	1	2	2127	3455	26	22	90.593781	48
5	1	100	1	1	3	2173	3454	119	23	90.132530	ΧΡΟΝΙΑ.
5	1	100	1	1	4	2313	3454	25	22	52.987968	Ὁ
5	1	100	1	1	5	2352	3453	117	28	78.317108	ἀείμνηστος
5	1	100	1	1	6	2483	3454	32	27	86.566910	Ἰ.
5	1	100	1	1	7	2538	3452	136	28	85.981087	Μανεσιώτης
5	1	100	1	1	8	2683	3452	18	22	91.397324	ἐ-
4	1	100	1	2	0	1992	3488	709	33	-1	
5	1	100	1	2	1	1992	3495	109	22	18.459183	πανελθὼν
5	1	100	1	2	2	2120	3492	22	27	93.247284	ἐξ
5	1	100	1	2	3	2161	3491	118	30	38.642418	᾽Αμερικῆς,
5	1	100	1	2	4	2296	3489	104	32	65.172722	κατέδαλε
5	1	100	1	2	5	2421	3489	35	30	92.819969	μιὰ
5	1	100	1	2	6	2476	3489	84	30	71.266937	μεγίστη
5	1	100	1	2	7	2580	3488	121	31	91.961655	προσπάθεια
4	1	100	1	3	0	1992	3526	709	31	-1	
5	1	100	1	3	1	1992	3531	34	22	90.604660	καὶ
5	1	100	1	3	2	2041	3532	38	22	78.250290	ὃλα
5	1	100	1	3	3	2096	3530	25	23	92.454514	τὰ
5	1	100	1	3	4	2135	3530	66	27	59.516808	ἔξοδα,
5	1	100	1	3	5	2214	3528	35	24	92.898003	καὶ
5	1	100	1	3	6	2264	3528	82	29	89.761368	ἐφύτεψε
5	1	100	1	3	7	2358	3528	45	26	93.285965	τοὺς
5	1	100	1	3	8	2420	3528	39	22	91.141907	ἄνω
5	1	100	1	3	9	2474	3526	134	30	65.461739	Γεωργιστιοῦ
5	1	100	1	3	10	2624	3527	77	29	96.941345	χώρους
4	1	100	1	4	0	1993	3566	213	30	-1	
5	1	100	1	4	1	1993	3567	23	26	72.027336	μέ
5	1	100	1	4	2	2036	3566	103	30	93.131317	κάστανα.
5	1	100	1	4	3	2196	3575	10	2	20.714386	στ
2	1	101	0	0	0	2022	3598	680	38	-1	
3	1	101	1	0	0	2022	3598	680	31	-1	
4	1	101	1	1	0	2022	3598	680	28	-1	
5	1	101	1	1	1	2022	3602	109	24	83.613266	Δυστυχῶς
5	1	101	1	1	2	2151	3600	25	23	96.582558	τὰ
5	1	101	1	1	3	2194	3600	45	23	93.297615	τότε
5	1	101	1	1	4	2258	3599	135	27	90.890472	παιδιὰ
5	1	101	1	1	5	2336	3594	24	36	93.277573	τὰ
5	1	101	1	1	6	2410	3600	72	22	57.419365	ἔδγαλαν...
5	1	101	1	1	7	2505	3599	39	22	70.388489	Αγ
5	1	101	1	1	8	2566	3599	69	22	92.771950	ἔμεναν,
5	1	101	1	1	9	2657	3594	9	36	82.781952	:
5	1	101	1	1	10	2672	3598	30	23	85.253334	δὰ
4	1	101	1	2	0	2089	3604	554	32	-1	
5	1	101	1	2	1	2089	3606	16	30	78.755463	χι
5	1	101	1	2	2	2293	3626	9	2	0.000000	ωά
5	1	101	1	2	3	2539	3624	1	3	47.655109	ή
5	1	101	1	2	4	2573	3604	16	30	53.071140	μὴ
5	1	101	1	2	5	2638	3617	5	11	90.113152	7
2	1	102	0	0	0	1994	3636	726	30	-1	
3	1	102	1	0	0	1994	3636	726	30	-1	
4	1	102	1	1	0	1994	3636	726	30	-1	
5	1	102	1	1	1	1994	3638	69	27	87.847038	εἴχαμε
5	1	102	1	1	2	2081	3638	55	28	96.058731	τώρα
5	1	102	1	1	3	2153	3638	37	22	92.863152	ἕνα
5	1	102	1	1	4	2205	3637	154	28	88.439430	ὑποδειγματικὸ
5	1	102	1	1	5	2369	3636	187	29	84.952133	καστανοπερίδολο.
5	1	102	1	1	6	2578	3637	25	22	96.630997	Οἱ
5	1	102	1	1	7	2626	3636	45	23	88.574905	τότε
5	1	102	1	1	8	2680	3645	20	18	75.427704	µι
5	1	102	1	1	9	2716	3655	4	2	75.427704	-
2	1	103	0	0	0	1993	3672	708	30	-1	
3	1	103	1	0	0	1993	3672	708	30	-1	
4	1	103	1	1	0	1993	3672	708	30	-1	
5	1	103	1	1	1	1993	3673	42	28	76.984177	κροὶ
5	1	103	1	1	2	2054	3673	34	22	94.830917	ποὺ
5	1	103	1	1	3	2106	3673	50	24	94.830917	εἶναι
5	1	103	1	1	4	2174	3673	54	29	96.430519	τώρα
5	1	103	1	1	5	2246	3672	92	29	49.712368	μεγάλοι,
5	1	103	1	1	6	2350	3673	25	25	35.514099	ἄφ
5	1	103	1	1	7	2390	3673	110	26	70.471230	αυστήσουν.
5	1	103	1	1	8	2511	3672	58	26	93.145462	στοὺς
5	1	103	1	1	9	2583	3672	118	29	55.496063	νεωτέρους,
2	1	104	0	0	0	1985	3708	716	33	-1	
3	1	104	1	0	0	1985	3708	716	33	-1	
4	1	104	1	1	0	1985	3708	716	33	-1	
5	1	104	1	1	1	1985	3709	44	28	0.000000	δρ
5	1	104	1	1	2	2047	3708	115	33	57.550793	φυτέφουµε,
5	1	104	1	1	3	2178	3709	25	24	87.626060	νὰ
5	1	104	1	1	4	2218	3708	22	25	93.047096	τὸ
5	1	104	1	1	5	2256	3708	141	30	68.725395	προφυλάξουν
5	1	104	1	1	6	2413	3708	24	28	34.071342	μέ
5	1	104	1	1	7	2452	3708	133	33	10.877960	θρησκεὐτικὴ
5	1	104	1	1	8	2600	3708	101	31	39.261002	εὐλάδεια,
2	1	105	0	0	0	2322	2002	399	45	-1	
3	1	105	1	0	0	2322	2002	399	45	-1	
4	1	105	1	1	0	2322	2002	399	45	-1	
5	1	105	1	1	1	2322	2014	11	16	89.254700	ς
5	1	105	1	1	2	2362	2002	104	45	27.586700	λαμπρᾶς.
5	1	105	1	1	3	2484	2002	44	25	81.949165	του
5	1	105	1	1	4	2527	2000	177	32	29.037865	σταδιοδρομίας
2	1	106	0	0	0	2020	2960	691	51	-1	
3	1	106	1	0	0	2020	2960	691	51	-1	
4	1	106	1	1	0	2020	2960	691	51	-1	
5	1	106	1	1	1	2020	2966	76	28	64.276833	τριώτη
5	1	106	1	1	2	2112	2976	39	19	85.915924	µας
5	1	106	1	1	3	2168	2968	31	21	56.822670	δὲν
5	1	106	1	1	4	2216	2969	33	19	93.262390	τοῦ
5	1	106	1	1	5	2265	2967	94	26	67.397713	ἐπέτρεψε
5	1	106	1	1	6	2374	2966	25	30	94.597847	νὰ
5	1	106	1	1	7	2416	2966	21	21	96.941902	τὸ
5	1	106	1	1	8	2453	2963	122	48	74.258774	παραδεχθᾳ,
5	1	106	1	1	9	2592	2960	47	36	92.659096	«Δέν
5	1	106	1	1	10	2648	2965	14	23	61.319031	ἔ:
5	1	106	1	1	11	2652	2972	59	33	0.000000	ὅχα.
2	1	107	0	0	0	1966	1002	804	29	-1	
3	1	107	1	0	0	1966	1002	804	29	-1	
4	1	107	1	1	0	1966	1002	804	29	-1	
5	1	107	1	1	1	1966	1002	91	26	12.811981	'πσίου,
5	1	107	1	1	2	2070	1005	60	21	18.229416	πποῦ
5	1	107	1	1	3	2142	1004	173	27	38.600574	εἶναῖ-δρεινὸ;
5	1	107	1	1	4	2323	1004	141	27	71.213127	Πράγματι,
5	1	107	1	1	5	2470	1004	300	27	21.509773	-στὸ--χωριό-μας»--------
2	1	108	0	0	0	2718	1998	134	15	-1	
3	1	108	1	0	0	2718	1998	134	15	-1	
4	1	108	1	1	0	2718	1998	134	15	-1	
5	1	108	1	1	1	2718	1998	134	15	95.000000	 
2	1	109	0	0	0	2754	2813	19	22	-1	
3	1	109	1	0	0	2754	2813	19	22	-1	
4	1	109	1	1	0	2754	2813	19	22	-1	
5	1	109	1	1	1	2754	2813	19	22	38.633347	΄
2	1	110	0	0	0	2748	3916	225	11	-1	
3	1	110	1	0	0	2748	3916	225	11	-1	
4	1	110	1	1	0	2748	3916	225	11	-1	
5	1	110	1	1	1	2748	3916	225	11	95.000000	 
