level	page_num	block_num	par_num	line_num	word_num	left	top	width	height	conf	text
1	1	0	0	0	0	0	0	2341	3576	-1	
2	1	1	0	0	0	30	29	2307	22	-1	
3	1	1	1	0	0	30	29	2307	22	-1	
4	1	1	1	1	0	30	29	2307	22	-1	
5	1	1	1	1	1	30	29	2307	22	95.000000	 
2	1	2	0	0	0	11	1821	207	11	-1	
3	1	2	1	0	0	11	1821	207	11	-1	
4	1	2	1	1	0	11	1821	207	11	-1	
5	1	2	1	1	1	11	1824	76	7	0.000000	εκσοπκαι
5	1	2	1	1	2	95	1809	11	33	0.000000	κ
5	1	2	1	1	3	108	1809	67	33	0.000000	άσεσεοτ
5	1	2	1	1	4	183	1809	35	33	0.000000	εὍ--
2	1	3	0	0	0	473	229	165	92	-1	
3	1	3	1	0	0	473	229	165	92	-1	
4	1	3	1	1	0	473	229	165	92	-1	
5	1	3	1	1	1	473	229	165	92	26.716278	Ν
2	1	4	0	0	0	473	276	210	178	-1	
3	1	4	1	0	0	473	276	210	178	-1	
4	1	4	1	1	0	473	276	210	178	-1	
5	1	4	1	1	1	473	276	210	178	4.052048	-ἲ
2	1	5	0	0	0	133	217	331	247	-1	
3	1	5	1	0	0	133	217	331	247	-1	
4	1	5	1	1	0	133	217	331	247	-1	
5	1	5	1	1	1	133	217	331	247	95.000000	 
2	1	6	0	0	0	459	189	347	277	-1	
3	1	6	1	0	0	459	189	356	277	-1	
4	1	6	1	1	0	459	189	347	277	-1	
5	1	6	1	1	1	459	189	347	277	36.058193	τε
2	1	7	0	0	0	351	498	182	20	-1	
3	1	7	1	0	0	351	498	182	20	-1	
4	1	7	1	1	0	351	498	182	20	-1	
5	1	7	1	1	1	351	498	182	20	90.228844	ΓΕΩΡΓΙΤΣΙΑΝΟΙ
2	1	8	0	0	0	221	498	315	51	-1	
3	1	8	1	0	0	221	498	315	51	-1	
4	1	8	1	1	0	231	498	84	19	-1	
5	1	8	1	1	1	231	498	84	19	87.903816	ΝΕΑΡΟΙ
4	1	8	1	2	0	221	528	315	21	-1	
5	1	8	1	2	1	221	528	129	20	89.285843	ΑΓΑΠΗΣΤΕ
5	1	8	1	2	2	380	528	156	21	60.451553	ΟΛΟΨΥΧΑ....
2	1	9	0	0	0	723	578	92	5	-1	
3	1	9	1	0	0	723	578	92	5	-1	
4	1	9	1	1	0	723	578	92	5	-1	
5	1	9	1	1	1	723	578	92	5	95.000000	 
2	1	10	0	0	0	1557	99	463	24	-1	
3	1	10	1	0	0	1557	99	463	24	-1	
4	1	10	1	1	0	1557	99	463	24	-1	
5	1	10	1	1	1	1557	99	230	23	47.831158	ΤΑΚΥΑΡΟΜΙΚΑ
5	1	10	1	1	2	1817	100	203	23	48.084755	ΓΠΛΗΡΩΜΕΝΑ
2	1	11	0	0	0	1529	143	48	25	-1	
3	1	11	1	0	0	1529	143	48	25	-1	
4	1	11	1	1	0	1529	143	48	25	-1	
5	1	11	1	1	1	1529	143	48	25	0.000000	μ.
2	1	12	0	0	0	877	223	543	97	-1	
3	1	12	1	0	0	877	223	543	97	-1	
4	1	12	1	1	0	877	223	543	97	-1	
5	1	12	1	1	1	877	270	233	46	36.650002	-.
5	1	12	1	1	2	1147	223	103	90	0.000000	ολ]
5	1	12	1	1	3	1311	258	25	42	50.736923	ἀ
5	1	12	1	1	4	1383	279	37	41	2.810364	.
2	1	13	0	0	0	821	197	903	278	-1	
3	1	13	1	0	0	821	197	903	278	-1	
4	1	13	1	1	0	821	197	903	278	-1	
5	1	13	1	1	1	821	197	903	278	0.000000	ΩΡΤΊΤΣ1:
2	1	14	0	0	0	1441	295	39	9	-1	
3	1	14	1	0	0	1441	295	39	9	-1	
4	1	14	1	1	0	1441	295	39	9	-1	
5	1	14	1	1	1	1441	295	39	9	8.835007	ἓ.-
2	1	15	0	0	0	590	501	1053	60	-1	
3	1	15	1	0	0	590	501	1053	60	-1	
4	1	15	1	1	0	590	501	1053	60	-1	
5	1	15	1	1	1	588	491	88	51	96.842888	ΤΟ
5	1	15	1	1	2	697	502	378	44	94.873047	ΜΠΑΛΚΟΝΙ
5	1	15	1	1	3	1095	505	134	56	91.048698	ΤΟΥ
5	1	15	1	1	4	1249	506	394	44	79.705719	ΤΑΥΓΕΤΟΥ
2	1	16	0	0	0	823	579	501	8	-1	
3	1	16	1	0	0	823	579	501	8	-1	
4	1	16	1	1	0	823	579	501	8	-1	
5	1	16	1	1	1	823	579	501	8	95.000000	 
2	1	17	0	0	0	1557	188	703	118	-1	
3	1	17	1	0	0	1557	188	703	118	-1	
4	1	17	1	1	0	1557	188	703	118	-1	
5	1	17	1	1	1	1557	199	109	76	60.840675	να
5	1	17	1	1	2	1758	188	175	118	0.000000	ον
5	1	17	1	1	3	1957	188	90	41	0.000000	ΕΙ
5	1	17	1	1	4	2087	188	173	69	0.000000	Χθιάὸνδοι
2	1	18	0	0	0	1838	285	350	192	-1	
3	1	18	1	0	0	1838	285	350	192	-1	
4	1	18	1	1	0	1838	285	350	192	-1	
5	1	18	1	1	1	1838	285	350	192	95.000000	 
2	1	19	0	0	0	1725	504	331	55	-1	
3	1	19	1	0	0	1725	504	331	55	-1	
4	1	19	1	1	0	1725	504	331	26	-1	
5	1	19	1	1	1	1725	508	113	20	91.381516	ΠΟΥΘΕΝΑ
5	1	19	1	1	2	1852	509	48	19	87.983742	ΔΕΝ
5	1	19	1	1	3	1919	509	33	20	83.790565	θα
5	1	19	1	1	4	1967	510	73	20	37.812103	ΒΡΗΤΕ
4	1	19	1	2	0	1767	538	225	21	-1	
5	1	19	1	2	1	1767	538	135	20	88.254822	ΩΡΑΙΩΤΕΡΟ
5	1	19	1	2	2	1919	539	73	20	93.987968	ΧΩΡΙΟ
2	1	20	0	0	0	141	593	1934	35	-1	
3	1	20	1	0	0	141	593	1934	35	-1	
4	1	20	1	1	0	141	593	1934	35	-1	
5	1	20	1	1	1	141	593	92	18	84.775368	ΟΡΓΑΝΟ
5	1	20	1	1	2	255	593	145	19	84.775368	ΣΥΝΔΕΣΕΩΣ
5	1	20	1	1	3	419	595	49	18	93.298370	ΤΩΝ
5	1	20	1	1	4	486	595	148	19	78.660736	αΠΑΝΤΑΧΟΥ
5	1	20	1	1	5	657	595	193	20	82.780144	ΓΕΩΡΓΙΤΣΙΑΝΩΝ
5	1	20	1	1	6	891	597	63	19	59.575306	ΕΤΟΣ
5	1	20	1	1	7	965	598	35	18	82.103989	7ον
5	1	20	1	1	8	1014	599	97	17	95.777435	ΦΥΛΛΟΥ
5	1	20	1	1	9	1123	599	22	18	78.367096	37
5	1	20	1	1	10	1155	600	11	17	94.720940	5
5	1	20	1	1	11	1177	599	133	21	92.909256	ΟΚΤΩΒΡΙΟΥ
5	1	20	1	1	12	1337	600	112	20	53.508659	ΕΚΔΟΤΗΣ
5	1	20	1	1	13	1471	601	51	18	71.821228	Κ.Η.
5	1	20	1	1	14	1535	602	171	19	91.875519	ΓΙΑΝΝΑΚΑΚΗΣ
5	1	20	1	1	15	1717	617	8	3	77.207588	..
5	1	20	1	1	16	1735	603	95	19	95.500389	ΣΠΑΡΤΗ
5	1	20	1	1	17	1838	604	66	19	73.651588	28.076
5	1	20	1	1	18	1923	605	116	23	96.387962	Λυκούργου
5	1	20	1	1	19	2051	606	24	18	94.818092	27
2	1	21	0	0	0	375	636	90	4	-1	
3	1	21	1	0	0	375	636	90	4	-1	
4	1	21	1	1	0	375	636	90	4	-1	
5	1	21	1	1	1	375	636	90	4	95.000000	 
2	1	22	0	0	0	185	695	561	54	-1	
3	1	22	1	0	0	185	695	561	54	-1	
4	1	22	1	1	0	185	695	561	54	-1	
5	1	22	1	1	1	185	695	113	42	43.721970	ἝἛνα
5	1	22	1	1	2	319	697	150	41	75.598969	καυτό
5	1	22	1	1	3	490	697	256	52	75.618103	πρὀθληµα
2	1	23	0	0	0	90	781	762	379	-1	
3	1	23	1	0	0	109	781	706	103	-1	
4	1	23	1	1	0	141	781	674	45	-1	
5	1	23	1	1	1	141	781	35	23	71.628548	Ίό
5	1	23	1	1	2	191	781	151	30	84.585670	Γεωργίτοι,
5	1	23	1	1	3	361	783	121	43	92.062462	ὀνομαστό
5	1	23	1	1	4	497	784	31	28	78.244759	μέ
5	1	23	1	1	5	548	785	31	21	93.120888	τά
5	1	23	1	1	6	594	785	79	22	96.712387	πολλά
5	1	23	1	1	7	693	787	60	27	94.170685	νερά
5	1	23	1	1	8	771	794	44	14	96.734283	του
4	1	23	1	2	0	109	817	705	31	-1	
5	1	23	1	2	1	109	817	41	28	93.142143	γιά
5	1	23	1	2	2	161	817	109	29	91.766319	ὕδρευση
5	1	23	1	2	3	285	819	44	22	96.441414	καί
5	1	23	1	2	4	345	819	42	28	93.263306	γιά
5	1	23	1	2	5	404	819	118	29	88.724899	ἄρδευση,
5	1	23	1	2	6	538	821	28	21	93.301102	τό
5	1	23	1	2	7	580	821	103	27	90.307915	φετεινό
5	1	23	1	2	8	699	821	115	22	63.388290	καλοκαί-
4	1	23	1	3	0	109	853	706	61	-1	
5	1	23	1	3	1	109	861	24	19	43.183182	ϱι.
5	1	23	1	3	2	149	853	53	29	92.559425	εἶχε
5	1	23	1	3	3	218	854	105	26	89.834625	ὀξύτατο
5	1	23	1	3	4	336	855	130	28	57.320942	πρόθληµα
5	1	23	1	3	5	479	855	134	57	40.234131	ὕδρευσης,
5	1	23	1	3	6	630	911	4	2	0.000000	:
5	1	23	1	3	7	630	857	48	21	96.482513	πού
5	1	23	1	3	8	695	853	120	61	4.975311	πθομάλε-
3	1	23	2	0	0	90	889	762	37	-1	
4	1	23	2	1	0	90	889	762	37	-1	
5	1	23	2	1	1	90	895	49	17	0.000000	Ἔσε
5	1	23	2	1	2	148	889	121	27	77.304466	µεγάλη
5	1	23	2	1	3	256	890	227	27	34.383949	ἀγανάντηση.....
5	1	23	2	1	4	499	911	9	5	66.369682	.
5	1	23	2	1	5	531	902	38	10	0.000000	--υἳι
5	1	23	2	1	6	595	885	14	38	24.304321	ο
5	1	23	2	1	7	621	885	16	38	0.000000	ς
5	1	23	2	1	8	646	885	42	38	0.000000	οςς
5	1	23	2	1	9	703	914	28	5	16.833023	ον.
5	1	23	2	1	10	820	895	32	31	25.240051	..
3	1	23	3	0	0	139	907	689	68	-1	
4	1	23	3	1	0	139	907	689	68	-1	
5	1	23	3	1	1	139	922	31	22	88.387589	Οἳ
5	1	23	3	1	2	189	923	92	27	91.883469	πολλές
5	1	23	3	1	3	302	923	94	27	90.921341	θρύσες
5	1	23	3	1	4	413	926	44	19	96.861748	τοῦ
5	1	23	3	1	5	457	907	124	48	0.000000	 χωριοῦ,
5	1	23	3	1	6	599	938	7	3	75.292282	-
5	1	23	3	1	7	603	916	4	2	0.000000	Ἱ
5	1	23	3	1	8	624	911	85	41	1.340187	Εμτός
5	1	23	3	1	9	731	914	97	61	28.187065	αὐτῶν,
3	1	23	4	0	0	107	913	720	247	-1	
4	1	23	4	1	0	107	913	720	247	-1	
5	1	23	4	1	1	107	956	49	23	96.132080	πού
5	1	23	4	1	2	176	956	65	23	96.192871	εἶναι
5	1	23	4	1	3	256	957	43	22	82.644890	στό
5	1	23	4	1	4	314	958	72	22	96.879517	πάνω
5	1	23	4	1	5	403	958	85	28	93.303734	µέρος,
5	1	23	4	1	6	507	972	7	3	90.528961	-
5	1	23	4	1	7	531	959	101	27	55.788589	ἔπαφψαν
5	1	23	4	1	8	649	960	31	20	96.876122	νά
5	1	23	4	1	9	598	913	229	247	9.312027	ο
2	1	24	0	0	0	104	993	710	492	-1	
3	1	24	1	0	0	106	993	708	170	-1	
4	1	24	1	1	0	106	993	707	30	-1	
5	1	24	1	1	1	106	995	130	19	90.337791	ποιοῦνται
5	1	24	1	1	2	248	993	41	27	91.413452	γιά
5	1	24	1	1	3	303	993	119	28	57.417114	ὕδρευση,
5	1	24	1	1	4	442	993	47	23	94.133522	ἀπό
5	1	24	1	1	5	506	993	56	23	95.545143	τότε
5	1	24	1	1	6	576	995	49	21	90.948479	πού
5	1	24	1	1	7	640	995	62	28	92.583557	ἦρθε
5	1	24	1	1	8	715	995	28	22	92.914490	τό
5	1	24	1	1	9	755	995	58	23	60.700333	ὃπέ-
4	1	24	1	2	0	108	1028	706	32	-1	
5	1	24	1	2	1	108	1037	60	19	58.762459	Θοχο
5	1	24	1	2	2	183	1029	59	27	95.522636	νερό
5	1	24	1	2	3	257	1028	47	22	88.990105	ἀπό
5	1	24	1	2	4	318	1029	27	21	46.994286	τό
5	1	24	1	2	5	363	1028	83	28	17.711220	θουνό,
5	1	24	1	2	6	463	1029	28	23	93.301544	τό
5	1	24	1	2	7	505	1029	69	31	74.341599	ὁποῖο
5	1	24	1	2	8	590	1030	163	28	91.914940	φιλτράρεται
5	1	24	1	2	9	771	1039	43	14	95.789314	στό
4	1	24	1	3	0	107	1064	707	30	-1	
5	1	24	1	3	1	107	1064	151	28	47.698601	ἐλατοδάσος
5	1	24	1	3	2	276	1065	44	21	64.903481	καί
5	1	24	1	3	3	337	1065	47	21	93.303856	στά
5	1	24	1	3	4	399	1065	171	28	88.668892	σχιστολιθικά
5	1	24	1	3	5	580	1065	151	29	74.057144	πετρώματα
5	1	24	1	3	6	770	1069	44	19	0.000000	τοῦ
4	1	24	1	4	0	108	1099	704	30	-1	
5	1	24	1	4	1	108	1100	140	28	76.686096	Ταὔγέτου,
5	1	24	1	4	2	266	1100	44	21	96.254860	καί
5	1	24	1	4	3	325	1099	64	23	96.046844	εἶναι
5	1	24	1	4	4	403	1101	63	21	87.918259	πολύ
5	1	24	1	4	5	486	1101	122	28	43.900337	καλύτερο
5	1	24	1	4	6	625	1101	48	22	94.903656	ἀπό
5	1	24	1	4	7	689	1103	44	21	93.294518	τοῦ
5	1	24	1	4	8	750	1102	62	22	52.492657	«Λου-
4	1	24	1	5	0	108	1136	113	27	-1	
5	1	24	1	5	1	108	1136	113	27	90.953949	τρακίου.
3	1	24	2	0	0	106	1171	708	134	-1	
4	1	24	2	1	0	141	1171	673	29	-1	
5	1	24	2	1	1	141	1171	149	28	81.870712	Δυστυχῶς,
5	1	24	2	1	2	307	1171	106	28	86.435387	µερικές,
5	1	24	2	1	3	423	1171	94	29	69.145676	θλάθες
5	1	24	2	1	4	530	1172	50	22	88.022644	πού
5	1	24	2	1	5	597	1172	85	28	88.022644	ἔγιναν
5	1	24	2	1	6	701	1173	43	21	66.330109	στὀ
5	1	24	2	1	7	780	1173	34	22	53.571781	δί-
4	1	24	2	2	0	108	1206	705	30	-1	
5	1	24	2	2	1	108	1215	71	18	58.989445	κτνο,
5	1	24	2	2	2	199	1207	43	21	19.096535	παΐ
5	1	24	2	2	3	260	1207	96	27	88.038254	πυρίως
5	1	24	2	2	4	377	1206	15	28	68.448929	ἡ
5	1	24	2	2	5	412	1207	116	28	89.728127	ἀλόγιστη
5	1	24	2	2	6	546	1207	83	29	96.310989	χρήση
5	1	24	2	2	7	648	1208	42	28	92.170799	γιά
5	1	24	2	2	8	707	1208	106	28	70.450951	πότιόμα
4	1	24	2	3	0	106	1241	706	31	-1	
5	1	24	2	3	1	106	1241	158	29	93.298615	προκάλεσαν
5	1	24	2	3	2	285	1242	105	28	71.559967	ἔλλειψη
5	1	24	2	3	3	410	1244	74	26	92.238495	νεροῦ
5	1	24	2	3	4	503	1243	43	21	96.464317	καί
5	1	24	2	3	5	558	1243	94	28	89.769737	µεγάλη
5	1	24	2	3	6	673	1243	139	29	59.651531	ἀγανάκτη-
4	1	24	2	4	0	108	1277	189	28	-1	
5	1	24	2	4	1	108	1285	31	20	96.875725	ση
5	1	24	2	4	2	164	1277	29	22	93.168869	σέ
5	1	24	2	4	3	215	1277	82	28	68.038544	ὄλους.
3	1	24	3	0	0	104	1313	708	172	-1	
4	1	24	3	1	0	138	1313	674	29	-1	
5	1	24	3	1	1	138	1313	34	21	91.876511	Τό
5	1	24	3	1	2	183	1313	131	28	75.927475	πρόέληµα
5	1	24	3	1	3	326	1313	67	27	89.749107	ἔγινε
5	1	24	3	1	4	404	1314	63	22	94.193619	πολύ
5	1	24	3	1	5	480	1314	92	23	55.818043	καυτό!
5	1	24	3	1	6	588	1313	32	23	95.283646	Τί
5	1	24	3	1	7	630	1314	90	27	96.341797	πρέπει
5	1	24	3	1	8	732	1315	32	21	93.259743	νά
5	1	24	3	1	9	778	1315	34	27	92.738197	γί-
4	1	24	3	2	0	106	1348	706	30	-1	
5	1	24	3	2	1	106	1348	53	28	86.584373	νει;
5	1	24	3	2	2	169	1348	111	29	93.332428	Μερικοί
5	1	24	3	2	3	293	1349	64	21	87.040314	λένε:
5	1	24	3	2	4	379	1349	41	22	90.667076	Νά
5	1	24	3	2	5	435	1350	139	27	88.112183	μαξευτοῦν
5	1	24	3	2	6	591	1349	44	22	91.764526	ὅλα
5	1	24	3	2	7	649	1350	30	22	96.490036	τά
5	1	24	3	2	8	693	1351	60	27	55.051544	νερά
5	1	24	3	2	9	769	1352	43	20	96.891914	τοῦ
4	1	24	3	3	0	108	1384	704	29	-1	
5	1	24	3	3	1	108	1384	90	22	92.477859	θουνοῦ
5	1	24	3	3	2	216	1384	30	22	96.720482	σέ
5	1	24	3	3	3	260	1385	43	27	50.829704	μιά
5	1	24	3	3	4	318	1384	94	28	88.976486	µεγάλη
5	1	24	3	3	5	431	1386	91	27	96.376801	στερεά
5	1	24	3	3	6	539	1385	123	28	37.703037	δεξαμενή
5	1	24	3	3	7	681	1385	42	22	95.952164	στό
5	1	24	3	3	8	740	1385	72	23	64.500710	πάνω
4	1	24	3	4	0	104	1420	707	30	-1	
5	1	24	3	4	1	104	1420	78	29	92.661415	µέρος
5	1	24	3	4	2	197	1422	44	20	91.867554	τοῦ
5	1	24	3	4	3	256	1422	105	26	87.601707	χωριοῦ.
5	1	24	3	4	4	382	1421	13	7	74.980797	”
5	1	24	3	4	5	395	1421	76	22	78.593018	Αλλοι
5	1	24	3	4	6	485	1421	65	22	66.175552	λένε:
5	1	24	3	4	7	567	1421	52	22	24.397919	"Αν
5	1	24	3	4	8	629	1421	46	25	92.718079	δέν
5	1	24	3	4	9	690	1421	121	29	76.257721	σταµατή-
4	1	24	3	5	0	106	1456	705	29	-1	
5	1	24	3	5	1	106	1463	38	15	88.883942	σει
5	1	24	3	5	2	163	1457	15	27	40.816559	ἡ
5	1	24	3	5	3	196	1457	129	27	38.377464	παράνομη
5	1	24	3	5	4	342	1456	82	29	95.896645	χρήση
5	1	24	3	5	5	442	1457	42	27	95.896645	γιά
5	1	24	3	5	6	498	1456	115	28	62.044014	πότισμα,
5	1	24	3	5	7	631	1457	15	27	4.185951	ἡ
5	1	24	3	5	8	664	1457	95	28	87.092735	µεγάλη
5	1	24	3	5	9	773	1457	38	22	90.065041	δε-
2	1	25	0	0	0	103	1492	709	120	-1	
3	1	25	1	0	0	103	1492	709	102	-1	
4	1	25	1	1	0	105	1492	707	30	-1	
5	1	25	1	1	1	105	1492	94	28	42.954422	ξαμενή
5	1	25	1	1	2	210	1492	49	22	96.397255	δέν
5	1	25	1	1	3	277	1492	132	28	96.232040	πρόκειται
5	1	25	1	1	4	427	1493	31	21	80.646912	νά
5	1	25	1	1	5	477	1492	143	29	85.821106	ἐπαρκέσει.
5	1	25	1	1	6	637	1492	86	28	57.699577	᾿Αλλά,
5	1	25	1	1	7	755	1494	57	28	96.058334	πῶς
4	1	25	1	2	0	104	1528	705	30	-1	
5	1	25	1	2	1	104	1529	32	21	64.821274	νά
5	1	25	1	2	2	149	1528	153	28	54.537964	σταματήσει
5	1	25	1	2	3	315	1528	29	22	93.293060	τό
5	1	25	1	2	4	357	1528	102	30	84.190056	λαθραῖο
5	1	25	1	2	5	495	1529	113	28	50.886375	πότισμα:
5	1	25	1	2	6	643	1529	166	28	78.492615	Προτείνουν:
4	1	25	1	3	0	103	1560	706	52	-1	
5	1	25	1	3	1	103	1564	32	28	53.924290	μέ
5	1	25	1	3	2	152	1564	168	28	88.750877	αὐστηρότατο
5	1	25	1	3	3	334	1564	90	43	87.880646	ἔλεγχο
5	1	25	1	3	4	443	1565	44	21	44.959103	καΐ
5	1	25	1	3	5	507	1565	125	35	80.208649	αὐστηρές
5	1	25	1	3	6	669	1560	140	52	11.061005	μυρώσεις!
2	1	26	0	0	0	95	1599	724	228	-1	
3	1	26	1	0	0	95	1599	724	171	-1	
4	1	26	1	1	0	106	1599	713	44	-1	
5	1	26	1	1	1	106	1600	9	7	65.136414	”
5	1	26	1	1	2	119	1599	77	30	65.136414	Αλλοι
5	1	26	1	1	3	209	1600	65	22	81.297661	λένε:
5	1	26	1	1	4	287	1600	58	28	96.464523	Γιά
5	1	26	1	1	5	360	1600	46	28	95.765251	τήν
5	1	26	1	1	6	421	1601	110	42	73.024582	ὕδρευση
5	1	26	1	1	7	547	1601	30	21	90.626999	νά
5	1	26	1	1	8	591	1601	208	27	91.005981	τοποθετηθοῦν
5	1	26	1	1	9	786	1610	33	13	18.565247	ὅ-]
4	1	26	1	2	0	99	1622	712	60	-1	
5	1	26	1	2	1	99	1622	181	60	55.991436	δροµετρητές,
5	1	26	1	2	2	299	1636	43	22	70.693436	καί
5	1	26	1	2	3	362	1637	42	27	96.921295	γιά
5	1	26	1	2	4	422	1636	46	28	93.299858	τήν
5	1	26	1	2	5	488	1636	118	28	91.485558	ἄρδευση,
5	1	26	1	2	6	620	1637	31	21	89.797050	νά
5	1	26	1	2	7	675	1637	136	27	76.794434	συµµαξευ-
4	1	26	1	3	0	95	1671	716	43	-1	
5	1	26	1	3	1	94	1667	70	26	49.897648	ποῦν
5	1	26	1	3	2	178	1671	32	23	96.713554	τά
5	1	26	1	3	3	223	1672	62	27	96.078400	νερά
5	1	26	1	3	4	299	1671	48	22	96.543106	ἀπό
5	1	26	1	3	5	360	1672	41	27	83.922928	τίς
5	1	26	1	3	6	418	1672	84	27	92.178841	δέσεις
5	1	26	1	3	7	515	1672	42	42	62.400097	μέ.
5	1	26	1	3	8	563	1672	123	28	91.583588	σωλῆνες,
5	1	26	1	3	9	700	1671	62	23	93.291496	διότι
5	1	26	1	3	10	780	1673	31	21	91.277092	ὥ-
4	1	26	1	4	0	105	1707	707	28	-1	
5	1	26	1	4	1	105	1714	63	14	93.104660	σπου
5	1	26	1	4	2	184	1707	32	23	73.221970	να
5	1	26	1	4	3	231	1707	93	27	96.827072	φθάσει
5	1	26	1	4	4	337	1708	28	21	96.084877	τό
5	1	26	1	4	5	379	1707	57	28	93.301323	νερό
5	1	26	1	4	6	447	1707	49	27	28.201309	στή.
5	1	26	1	4	7	508	1707	90	28	92.693352	στέρνα
5	1	26	1	4	8	611	1707	110	28	93.275803	διαρρέει
5	1	26	1	4	9	735	1708	77	22	90.389191	τουλά
4	1	26	1	5	0	104	1742	200	28	-1	
5	1	26	1	5	1	104	1750	87	20	91.580025	χιστον
5	1	26	1	5	2	202	1743	30	21	94.826103	τό
5	1	26	1	5	3	240	1742	64	28	52.492023	μισό.
3	1	26	2	0	0	132	1774	679	53	-1	
4	1	26	2	1	0	132	1774	679	53	-1	
5	1	26	2	1	1	132	1778	184	28	51.153214	Πραγματικά,
5	1	26	2	1	2	325	1778	29	22	96.959633	τό
5	1	26	2	1	3	365	1774	130	53	44.218349	πιρόθληµα
5	1	26	2	1	4	511	1778	63	22	96.793976	εἶναι
5	1	26	2	1	5	587	1778	63	22	79.108437	πολύ
5	1	26	2	1	6	665	1777	92	29	71.327599	σοξαρό
5	1	26	2	1	7	768	1779	44	21	93.773338	καί
2	1	27	0	0	0	103	1823	707	121	-1	
3	1	27	1	0	0	103	1823	707	121	-1	
4	1	27	1	1	0	103	1823	705	67	-1	
5	1	27	1	1	1	103	1845	133	41	80.678909	Νομαρχία
5	1	27	1	1	2	245	1845	47	21	85.029671	πού
5	1	27	1	1	3	307	1823	87	67	40.031696	θνάδει
5	1	27	1	1	4	408	1831	82	35	0.000000	εἶδικά
5	1	27	1	1	5	504	1845	118	21	2.694763	φογδύλια
5	1	27	1	1	6	636	1846	41	26	93.294487	γιά
5	1	27	1	1	7	689	1845	119	27	89.053696	ὕδρευση.
4	1	27	1	2	0	104	1879	706	28	-1	
5	1	27	1	2	1	104	1879	17	28	90.141228	ἤ
5	1	27	1	2	2	138	1879	29	22	93.221680	σέ
5	1	27	1	2	3	181	1879	104	28	53.665276	ἑρανική
5	1	27	1	2	4	305	1879	130	28	57.236553	ἐπιτροτή,
5	1	27	1	2	5	457	1880	43	21	80.318756	καί
5	1	27	1	2	6	516	1880	31	27	91.579224	ἄς
5	1	27	1	2	7	565	1879	130	27	92.565598	ἐπιλέξουν
5	1	27	1	2	8	710	1881	42	21	86.181236	τόν
5	1	27	1	2	9	768	1889	42	13	86.103409	κα-
4	1	27	1	3	0	104	1915	660	29	-1	
5	1	27	1	3	1	104	1915	89	27	89.271202	λύτερο
5	1	27	1	3	2	211	1915	75	27	93.300636	τρόπο
5	1	27	1	3	3	302	1915	208	28	92.242004	ἀντιμετώπησης
5	1	27	1	3	4	525	1917	43	20	93.293747	τοῦ
5	1	27	1	3	5	580	1915	184	29	81.310005	προθλήµατος.
2	1	28	0	0	0	111	1961	698	7	-1	
3	1	28	1	0	0	111	1961	698	7	-1	
4	1	28	1	1	0	111	1961	698	7	-1	
5	1	28	1	1	1	111	1961	698	7	95.000000	 
2	1	29	0	0	0	228	1987	478	49	-1	
3	1	29	1	0	0	228	1987	478	49	-1	
4	1	29	1	1	0	228	1987	478	49	-1	
5	1	29	1	1	1	228	1987	40	40	92.086082	Ἡ
5	1	29	1	1	2	286	1987	205	49	91.012070	πυρκογιά
5	1	29	1	1	3	512	1991	74	37	96.237907	τοῦ
5	1	29	1	1	4	607	1988	99	40	94.327957	1977
2	1	30	0	0	0	341	2047	235	8	-1	
3	1	30	1	0	0	341	2047	235	8	-1	
4	1	30	1	1	0	341	2047	235	8	-1	
5	1	30	1	1	1	341	2047	235	8	95.000000	 
2	1	31	0	0	0	97	2074	725	737	-1	
3	1	31	1	0	0	103	2074	705	100	-1	
4	1	31	1	1	0	133	2074	675	29	-1	
5	1	31	1	1	1	133	2075	53	27	92.712257	Τήν
5	1	31	1	1	2	201	2075	129	27	95.830551	πυρκαγιά
5	1	31	1	1	3	346	2076	44	20	96.982353	τοῦ
5	1	31	1	1	4	410	2074	110	22	30.798401	Ιουλίου
5	1	31	1	1	5	541	2074	92	27	82.542412	1977,
5	1	31	1	1	6	649	2075	49	21	93.290321	πού
5	1	31	1	1	7	712	2075	96	28	87.779419	ξεκίνη-
4	1	31	1	2	0	103	2107	705	32	-1	
5	1	31	1	2	1	103	2118	28	14	96.784660	σε
5	1	31	1	2	2	146	2110	48	22	96.410393	ἀπό
5	1	31	1	2	3	208	2111	30	28	93.303078	τά
5	1	31	1	2	4	251	2107	168	31	87.505157	Βρυσιώτικα
5	1	31	1	2	5	428	2111	43	21	96.222023	καί
5	1	31	1	2	6	486	2111	68	27	65.117661	παρά
5	1	31	1	2	7	567	2110	55	28	85.588768	λίγο
5	1	31	1	2	8	633	2111	32	21	96.416649	νά
5	1	31	1	2	9	679	2111	64	27	93.300583	γίνει
5	1	31	1	2	10	757	2111	51	21	92.631615	ὅλο-
4	1	31	1	3	0	103	2145	705	29	-1	
5	1	31	1	3	1	103	2145	121	29	44.613037	καύτωµα
5	1	31	1	3	2	237	2145	28	22	59.810036	τό
5	1	31	1	3	3	275	2145	151	28	75.106926	Γεωργίτοι,
5	1	31	1	3	4	440	2145	42	22	90.102425	δέν
5	1	31	1	3	5	494	2145	87	28	96.331123	πρέπει
5	1	31	1	3	6	593	2146	31	22	90.678253	νά
5	1	31	1	3	7	632	2145	47	29	90.678253	τήν
5	1	31	1	3	8	692	2147	116	27	91.271027	ξεχνᾶμε.
3	1	31	2	0	0	100	2181	722	387	-1	
4	1	31	2	1	0	131	2181	678	29	-1	
5	1	31	2	1	1	131	2181	109	27	88.426270	Σώθηκε
5	1	31	2	1	2	255	2181	56	21	95.277573	τότε
5	1	31	2	1	3	323	2181	28	22	96.333084	τό
5	1	31	2	1	4	363	2181	88	29	96.197289	χωριό,
5	1	31	2	1	5	465	2181	75	28	92.968475	χάρις
5	1	31	2	1	6	553	2181	53	28	90.954933	οτίς
5	1	31	2	1	7	617	2181	110	29	91.151230	µεγάλες
5	1	31	2	1	8	735	2189	74	20	75.789780	πιροσ-
4	1	31	2	2	0	100	2216	722	29	-1	
5	1	31	2	2	1	100	2217	114	27	92.357132	πάθειες,
5	1	31	2	2	2	231	2218	50	21	91.653725	τῶν
5	1	31	2	2	3	298	2216	19	22	90.132088	ὃ
5	1	31	2	2	4	334	2217	142	28	44.447754	Νομαοχῶν
5	1	31	2	2	5	493	2217	147	27	80.476295	Δακωνίας,
5	1	31	2	2	6	659	2217	163	28	0.348572	Ἰεσσηνίαςι
4	1	31	2	3	0	102	2252	706	29	-1	
5	1	31	2	3	1	102	2253	44	21	91.415535	καὶ
5	1	31	2	3	2	160	2253	6	9	69.921646	᾿
5	1	31	2	3	3	168	2252	140	28	67.227852	Αρκαδίας,
5	1	31	2	3	4	326	2253	46	27	67.002029	στή
5	1	31	2	3	5	389	2253	179	27	0.747192	κινητοποίηση
5	1	31	2	3	6	586	2253	66	21	90.939934	ὅλων
5	1	31	2	3	7	664	2254	55	20	93.298576	τῶν
5	1	31	2	3	8	734	2261	74	20	82.694656	πυρο-
4	1	31	2	4	0	102	2288	707	28	-1	
5	1	31	2	4	1	102	2288	142	22	56.539734	σθεστικῶν
5	1	31	2	4	2	262	2288	42	22	80.641594	καί
5	1	31	2	4	3	321	2288	119	22	87.495186	Δασικῶν
5	1	31	2	4	4	459	2288	159	28	21.942383	"Ὑπηρεσιῶν
5	1	31	2	4	5	633	2289	53	21	72.816109	τῶν.
5	1	31	2	4	6	713	2288	96	28	66.683411	ὁμόρων
4	1	31	2	5	0	101	2323	705	30	-1	
5	1	31	2	5	1	101	2325	83	28	36.907089	νομῶν
5	1	31	2	5	2	200	2324	43	22	89.931526	καί
5	1	31	2	5	3	257	2323	31	29	85.486023	µέ
5	1	31	2	5	4	303	2323	46	29	96.364403	τήν
5	1	31	2	5	5	366	2324	103	28	91.715729	γενναία
5	1	31	2	5	6	483	2323	127	29	87.410095	ἐπέμβαση
5	1	31	2	5	7	624	2326	44	20	92.343811	τοῦ
5	1	31	2	5	8	683	2325	123	27	75.246506	Στρατοῦ,
4	1	31	2	6	0	101	2360	706	30	-1	
5	1	31	2	6	1	101	2363	48	26	93.297760	τῆς
5	1	31	2	6	2	166	2361	6	10	81.438522	᾿
5	1	31	2	6	3	175	2360	166	29	67.876862	Αεροπορίας,
5	1	31	2	6	4	360	2361	47	27	91.317322	τῆς
5	1	31	2	6	5	426	2360	210	28	77.095085	᾿Ἀγροφυλακῆς,
5	1	31	2	6	6	656	2362	48	27	93.256531	τῆς
5	1	31	2	6	7	721	2361	86	29	0.000000	ἵΧωρο-
4	1	31	2	7	0	102	2397	706	29	-1	
5	1	31	2	7	1	102	2397	129	27	90.299980	φυλακῆς,
5	1	31	2	7	2	247	2397	64	21	92.281052	ὅλων
5	1	31	2	7	3	323	2397	50	21	95.906868	τῶν
5	1	31	2	7	4	387	2397	126	21	91.693756	κατοίκων
5	1	31	2	7	5	528	2397	43	22	58.388824	καί
5	1	31	2	7	6	584	2397	51	21	91.861107	τῶν
5	1	31	2	7	7	651	2397	157	29	81.970291	γύρω.χωρι-
4	1	31	2	8	0	102	2432	706	30	-1	
5	1	31	2	8	1	102	2434	45	26	78.028580	ὤν,
5	1	31	2	8	2	168	2433	74	28	72.310097	ἑκτός
5	1	31	2	8	3	259	2433	51	22	93.284988	τῶν
5	1	31	2	8	4	327	2432	174	29	23.573051	ἡλιμιωμένων
5	1	31	2	8	5	516	2433	49	23	96.708046	πού
5	1	31	2	8	6	581	2433	149	29	96.444260	κατέφυγαν
5	1	31	2	8	7	746	2434	62	28	96.501724	στήν
4	1	31	2	9	0	102	2468	706	30	-1	
5	1	31	2	9	1	102	2469	137	28	62.632614	)Αγόριανη
5	1	31	2	9	2	254	2469	43	21	28.494080	καί
5	1	31	2	9	3	311	2468	57	28	68.925804	"Αγ.
5	1	31	2	9	4	383	2469	117	29	30.316223	Κων)νο.
5	1	31	2	9	5	517	2469	57	28	64.156952	(Μέ
5	1	31	2	9	6	585	2469	113	29	30.596893	ἡρωισμό
5	1	31	2	9	7	711	2471	43	21	93.293159	καί
5	1	31	2	9	8	767	2471	41	21	56.134735	κίν
4	1	31	2	10	0	101	2505	707	29	-1	
5	1	31	2	10	1	101	2505	61	22	84.376961	δυνο
5	1	31	2	10	2	176	2505	14	22	84.729141	ὃ
5	1	31	2	10	3	202	2505	176	27	91.475235	πυροσθέστης
5	1	31	2	10	4	393	2505	33	22	85.159424	Ν.
5	1	31	2	10	5	445	2505	113	29	84.348022	Ῥασοιᾶς
5	1	31	2	10	6	575	2505	81	23	92.666595	ἔσωσε
5	1	31	2	10	7	671	2507	31	21	93.303619	τά
5	1	31	2	10	8	716	2506	92	28	81.287949	ἀκραία
4	1	31	2	11	0	103	2540	254	28	-1	
5	1	31	2	11	1	103	2541	84	21	96.338829	σπίτια
5	1	31	2	11	2	197	2541	43	21	81.633926	στό
5	1	31	2	11	3	250	2540	107	28	95.242096	Σταυρό.
3	1	31	3	0	0	97	2575	711	236	-1	
4	1	31	3	1	0	131	2575	677	30	-1	
5	1	31	3	1	1	131	2575	33	22	88.956078	Οἳ
5	1	31	3	1	2	179	2575	110	27	91.776718	ἁρμόδιοι
5	1	31	3	1	3	306	2575	154	28	96.054482	συνέστησαν
5	1	31	3	1	4	476	2577	65	26	96.054482	τότε,
5	1	31	3	1	5	558	2577	31	21	90.988670	νά
5	1	31	3	1	6	605	2577	84	28	93.243301	γίνουν
5	1	31	3	1	7	709	2577	99	22	25.973358	δασιοί
4	1	31	3	2	0	100	2610	706	30	-1	
5	1	31	3	2	1	100	2610	94	28	88.030487	δρόµοι,
5	1	31	3	2	2	216	2611	42	27	96.563774	γιά
5	1	31	3	2	3	275	2611	31	21	93.300323	νά
5	1	31	3	2	4	321	2613	110	26	89.661301	μποροῦν
5	1	31	3	2	5	447	2612	31	22	93.301285	νά
5	1	31	3	2	6	493	2615	238	25	58.506752	χρησιμοποιοῦνται
5	1	31	3	2	7	743	2613	63	23	76.151978	ἔνδε-
4	1	31	3	3	0	99	2646	709	30	-1	
5	1	31	3	3	1	99	2646	116	28	70.207741	χοµένως
5	1	31	3	3	2	233	2647	31	21	90.309494	τά
5	1	31	3	3	3	277	2647	186	28	40.378120	πυροσξεστικά
5	1	31	3	3	4	477	2648	166	28	30.483582	μηχανήματα
5	1	31	3	3	5	659	2649	62	27	93.256989	στήν
5	1	31	3	3	6	738	2649	70	21	41.526886	ἑστία
4	1	31	3	4	0	98	2683	709	42	-1	
5	1	31	3	4	1	98	2684	49	25	93.302689	τῆς
5	1	31	3	4	2	159	2684	110	25	86.095390	φωτιᾶς,
5	1	31	3	4	3	281	2683	44	21	65.828430	καί
5	1	31	3	4	4	336	2683	40	27	96.822525	ὄχι
5	1	31	3	4	5	389	2683	58	21	93.301857	ὅταν
5	1	31	3	4	6	461	2685	78	19	78.768471	καοῦν
5	1	31	3	4	7	553	2684	38	24	54.410217	ἒξι
5	1	31	3	4	8	605	2684	113	27	96.494263	χιλιάδες
5	1	31	3	4	9	726	2684	81	41	68.133972	στθέµ
4	1	31	3	5	0	97	2717	708	39	-1	
5	1	31	3	5	1	97	2723	66	33	50.662392	µατα
5	1	31	3	5	2	176	2717	109	25	89.011909	δασικῆς
5	1	31	3	5	3	299	2717	111	26	49.505096	ἕκτασης
5	1	31	3	5	4	423	2718	43	20	88.445854	καί
5	1	31	3	5	5	483	2718	94	25	95.936127	φθάσει
5	1	31	3	5	6	590	2718	32	20	96.467163	νά
5	1	31	3	5	7	637	2719	68	20	92.037102	καίει
5	1	31	3	5	8	720	2718	16	26	0.000000	ἣ
5	1	31	3	5	9	753	2726	52	18	72.508682	φω-
4	1	31	3	6	0	98	2751	708	40	-1	
5	1	31	3	6	1	98	2749	41	21	91.331451	τιά
5	1	31	3	6	2	151	2750	31	20	93.303940	τά
5	1	31	3	6	3	195	2750	65	26	91.466469	ἄκρα
5	1	31	3	6	4	270	2752	44	19	96.631149	τοῦ
5	1	31	3	6	5	326	2753	96	38	71.394279	χωριοῦ
5	1	31	3	6	6	436	2751	43	20	0.000000	γαἱ
5	1	31	3	6	7	493	2751	31	34	81.936279	νά
5	1	31	3	6	8	538	2751	28	21	93.299469	τό
5	1	31	3	6	9	579	2751	97	21	91.874596	ἀπειλεῖ
5	1	31	3	6	10	691	2752	48	31	60.933716	ἀπιό
5	1	31	3	6	11	750	2753	56	25	94.744759	τρία
4	1	31	3	7	0	100	2791	98	20	-1	
5	1	31	3	7	1	100	2786	98	25	56.664394	σημεῖα,
2	1	32	0	0	0	98	2836	708	99	-1	
3	1	32	1	0	0	98	2836	708	99	-1	
4	1	32	1	1	0	130	2836	676	30	-1	
5	1	32	1	1	1	130	2836	70	22	31.898514	"Ἔνα
5	1	32	1	1	2	213	2837	113	27	57.519112	σύστηµα
5	1	32	1	1	3	339	2839	216	26	91.563171	προστατευτικῆς
5	1	32	1	1	4	569	2838	85	28	86.247864	ξώνης
5	1	32	1	1	5	671	2838	63	22	93.301582	εἶναι
5	1	32	1	1	6	749	2839	57	22	92.057434	ἄπο-
4	1	32	1	2	0	98	2871	708	31	-1	
5	1	32	1	2	1	98	2872	85	27	86.383644	Λύτως
5	1	32	1	2	2	199	2871	151	29	47.131317	ἀπαραίτητο
5	1	32	1	2	3	368	2873	42	27	96.557884	γιά
5	1	32	1	2	4	424	2873	44	27	66.453979	τήν
5	1	32	1	2	5	476	2873	161	28	12.447250	προφύλαξη
5	1	32	1	2	6	647	2876	43	20	92.839470	τοῦ
5	1	32	1	2	7	706	2874	100	28	96.055870	Δάσους
4	1	32	1	3	0	100	2908	395	27	-1	
5	1	32	1	3	1	100	2908	45	21	46.853901	καΐ
5	1	32	1	3	2	155	2909	43	19	93.288002	τοῦ
5	1	32	1	3	3	209	2909	104	26	90.392639	χωριοῦ.
5	1	32	1	3	4	493	2925	2	2	0.000000	᾿
2	1	33	0	0	0	105	2954	533	7	-1	
3	1	33	1	0	0	105	2954	533	7	-1	
4	1	33	1	1	0	105	2954	533	7	-1	
5	1	33	1	1	1	105	2954	533	7	95.000000	 
2	1	34	0	0	0	197	2977	519	45	-1	
3	1	34	1	0	0	197	2977	519	45	-1	
4	1	34	1	1	0	197	2977	519	45	-1	
5	1	34	1	1	1	197	2977	519	45	57.288162	ΣΥΓΧΑΡΗΤΗΡΙΑ
2	1	35	0	0	0	96	3067	710	213	-1	
3	1	35	1	0	0	96	3067	710	213	-1	
4	1	35	1	1	0	128	3067	678	31	-1	
5	1	35	1	1	1	128	3067	28	22	93.085030	Ἡ
5	1	35	1	1	2	167	3068	169	30	96.660606	καθηγήτρια
5	1	35	1	1	3	347	3069	148	27	95.808197	Φιλόλογος
5	1	35	1	1	4	508	3075	24	16	92.685295	κ.
5	1	35	1	1	5	542	3069	103	22	91.082161	ΤΟΥΛΑ
5	1	35	1	1	6	656	3070	24	22	42.938187	Γ,
5	1	35	1	1	7	692	3070	114	22	74.651604	ΔΑΡΕΙ-
4	1	35	1	2	0	100	3103	705	32	-1	
5	1	35	1	2	1	100	3103	47	22	91.637474	ΡΗ.
5	1	35	1	2	2	164	3103	66	30	96.860291	κόρη
5	1	35	1	2	3	242	3104	48	22	96.637856	τοῦ
5	1	35	1	2	4	304	3110	22	16	96.891693	κ.
5	1	35	1	2	5	341	3104	64	30	92.900093	Δημ.
5	1	35	1	2	6	415	3105	25	21	92.560043	Γ.
5	1	35	1	2	7	451	3104	112	27	90.524673	Γκλέκα,
5	1	35	1	2	8	576	3105	164	30	91.982635	ἀπεφοίτησε
5	1	35	1	2	9	751	3105	54	23	94.921188	ἀπό
4	1	35	1	3	0	97	3139	708	33	-1	
5	1	35	1	3	1	97	3139	29	30	93.287849	τή
5	1	35	1	3	2	141	3139	117	26	91.527855	ΣΕΛΜΕ,
5	1	35	1	3	3	275	3139	102	31	93.296356	(Σχολή
5	1	35	1	3	4	388	3140	264	30	91.100761	Μετεκπαιδεύσεως)
5	1	35	1	3	5	667	3141	71	30	15.958206	ἄφοῦ
5	1	35	1	3	6	748	3141	57	31	87.728271	ἀρί-
4	1	35	1	4	0	98	3175	706	32	-1	
5	1	35	1	4	1	98	3181	96	15	92.976929	στευσε
5	1	35	1	4	2	205	3175	32	22	93.302437	σέ
5	1	35	1	4	3	247	3175	54	22	93.105232	ὅλα
5	1	35	1	4	4	308	3175	35	23	96.296333	τά
5	1	35	1	4	5	355	3176	144	29	89.740974	µαθήµατα
5	1	35	1	4	6	511	3176	46	22	91.526184	καί
5	1	35	1	4	7	567	3176	97	30	91.526184	ἐξῆλθε
5	1	35	1	4	8	675	3177	87	30	93.296402	πρώτη
5	1	35	1	4	9	775	3177	29	22	85.434967	ᾱ-
4	1	35	1	5	0	96	3211	708	31	-1	
5	1	35	1	5	1	96	3211	35	21	87.644463	πό
5	1	35	1	5	2	142	3211	47	30	93.255493	τήν
5	1	35	1	5	3	202	3211	131	31	55.163033	᾽Ανώτατη
5	1	35	1	5	4	350	3211	66	31	91.625374	αὐτή
5	1	35	1	5	5	433	3211	88	31	96.293190	Σχολή
5	1	35	1	5	6	536	3211	47	31	93.303001	τῆς
5	1	35	1	5	7	597	3212	95	28	92.365486	ὁποίας
5	1	35	1	5	8	703	3212	27	22	93.305077	οἱ
5	1	35	1	5	9	741	3213	63	22	91.216980	ἀπό-
4	1	35	1	6	0	99	3247	646	33	-1	
5	1	35	1	6	1	99	3251	87	27	73.073135	Φοιτοι
5	1	35	1	6	2	195	3247	188	32	90.316231	προορίζονται
5	1	35	1	6	3	389	3247	50	29	90.316231	γιά
5	1	35	1	6	4	450	3247	127	32	93.298531	Σχολικοί
5	1	35	1	6	5	588	3248	157	32	44.944412	Σύμόθουλοι,
2	1	36	0	0	0	335	3040	236	8	-1	
3	1	36	1	0	0	335	3040	236	8	-1	
4	1	36	1	1	0	335	3040	236	8	-1	
5	1	36	1	1	1	335	3040	236	8	95.000000	 
2	1	37	0	0	0	96	3304	732	174	-1	
3	1	37	1	0	0	96	3304	709	174	-1	
4	1	37	1	1	0	125	3304	680	32	-1	
5	1	37	1	1	1	125	3304	29	22	91.715622	Ἡ
5	1	37	1	1	2	165	3304	149	30	91.024025	ἐφημερίδα
5	1	37	1	1	3	326	3311	53	24	91.636612	µας
5	1	37	1	1	4	388	3305	142	22	91.636612	ἀπευθύνει
5	1	37	1	1	5	540	3305	152	31	85.944786	θερµότατα
5	1	37	1	1	6	705	3313	100	23	90.376068	συγχα-
4	1	37	1	2	0	97	3340	707	32	-1	
5	1	37	1	2	1	97	3340	114	30	71.054657	ρητῆρια
5	1	37	1	2	2	226	3341	80	27	93.281624	στούς
5	1	37	1	2	3	318	3340	117	28	90.992424	οἰκείους
5	1	37	1	2	4	447	3347	47	23	96.909081	της
5	1	37	1	2	5	507	3341	46	23	93.195564	καί
5	1	37	1	2	6	566	3341	133	31	92.262856	ἰδιαίτερα
5	1	37	1	2	7	709	3343	63	29	93.284958	στήν
5	1	37	1	2	8	784	3343	20	22	90.470367	ἵ-
4	1	37	1	3	0	96	3376	732	32	-1	
5	1	37	1	3	1	96	3376	46	22	96.038193	δια
5	1	37	1	3	2	155	3376	51	22	96.224998	πού
5	1	37	1	3	3	219	3376	68	22	91.303642	εἶναι
5	1	37	1	3	4	302	3377	165	30	47.167206	όαφτισηµιά
5	1	37	1	3	5	478	3377	47	22	96.607834	τοῦ
5	1	37	1	3	6	539	3379	130	29	96.398308	συντάκτη
5	1	37	1	3	7	685	3385	51	23	96.398308	µας
5	1	37	1	3	8	758	3372	41	40	0.000000	καί
5	1	37	1	3	9	805	3379	23	22	0.000000	|.
4	1	37	1	4	0	96	3411	707	33	-1	
5	1	37	1	4	1	96	3411	47	30	93.299858	τῆς
5	1	37	1	4	2	159	3412	107	30	91.922409	εὔχεται
5	1	37	1	4	3	281	3412	129	31	83.899818	ὀλόψυχα,
5	1	37	1	4	4	443	3413	80	28	83.899818	ὑγεία
5	1	37	1	4	5	540	3413	46	22	93.298035	καί
5	1	37	1	4	6	597	3407	15	41	20.513985	΄
5	1	37	1	4	7	619	3413	95	31	42.200630	συνεχῆ
5	1	37	1	4	8	743	3413	60	23	53.437305	ἆνο-
4	1	37	1	5	0	98	3447	288	31	-1	
5	1	37	1	5	1	98	3447	60	31	96.435692	δική
5	1	37	1	5	2	172	3447	110	31	96.435692	πρόοδο.
5	1	37	1	5	3	384	3463	2	2	26.379868	:
2	1	38	0	0	0	470	637	847	10	-1	
3	1	38	1	0	0	470	637	847	10	-1	
4	1	38	1	1	0	470	637	847	10	-1	
5	1	38	1	1	1	470	637	847	10	95.000000	 
2	1	39	0	0	0	522	1813	310	26	-1	
3	1	39	1	0	0	522	1813	310	26	-1	
4	1	39	1	1	0	522	1813	310	26	-1	
5	1	39	1	1	1	522	1813	43	25	35.945915	-ᾱς.
5	1	39	1	1	2	574	1813	243	26	0.000000	ἀπευθο»θοῦῳ-
5	1	39	1	1	3	825	1824	7	4	23.992851	στή-]-
2	1	40	0	0	0	827	2095	728	30	-1	
3	1	40	1	0	0	827	2095	728	30	-1	
4	1	40	1	1	0	827	2095	728	30	-1	
5	1	40	1	1	1	827	2117	2	2	20.026230	.
5	1	40	1	1	2	845	2096	73	22	0.000000	φατόν
5	1	40	1	1	3	931	2097	65	21	96.465401	κατά
5	1	40	1	1	4	1010	2097	30	27	96.690857	τή
5	1	40	1	1	5	1055	2097	129	27	0.000000	συζήτηση
5	1	40	1	1	6	1197	2096	33	22	93.290085	νά
5	1	40	1	1	7	1242	2095	120	24	81.451263	ἀναλάθει
5	1	40	1	1	8	1375	2095	44	23	62.736874	καΐ
5	1	40	1	1	9	1429	2095	46	30	93.283508	τήν
5	1	40	1	1	10	1491	2095	64	23	82.960320	ἄντι-
2	1	41	0	0	0	828	2169	147	26	-1	
3	1	41	1	0	0	828	2169	147	26	-1	
4	1	41	1	1	0	828	2169	147	26	-1	
5	1	41	1	1	1	828	2169	68	26	0.000000	"χῆς
5	1	41	1	1	2	919	2176	56	19	94.481979	µας.
2	1	42	0	0	0	939	698	543	167	-1	
3	1	42	1	0	0	939	698	543	167	-1	
4	1	42	1	1	0	939	698	543	73	-1	
5	1	42	1	1	1	939	700	39	58	92.796867	Ἡ
5	1	42	1	1	2	999	700	193	69	31.628448	Κοινύτης
5	1	42	1	1	3	1215	698	267	73	0.000000	Γειϊργιτοϊου
4	1	42	1	2	0	976	789	461	76	-1	
5	1	42	1	2	1	976	789	100	68	37.208195	πρὺς
5	1	42	1	2	2	1096	789	74	59	68.122879	τὸν
5	1	42	1	2	3	1190	802	37	46	91.538109	κ.
5	1	42	1	2	4	1250	789	187	85	0.000000	ΝυμάΡχι
2	1	43	0	0	0	835	893	725	1215	-1	
3	1	43	1	0	0	860	893	284	31	-1	
4	1	43	1	1	0	860	893	284	31	-1	
5	1	43	1	1	1	860	893	39	21	16.519989	.«Ἑ
5	1	43	1	1	2	911	893	50	28	83.255508	ύριε
5	1	43	1	1	3	975	893	169	31	41.923416	Ἰομάρχα,
3	1	43	2	0	0	845	910	715	792	-1	
4	1	43	2	1	0	850	910	710	60	-1	
5	1	43	2	1	1	850	910	36	37	81.099480	Σέ
5	1	43	2	1	2	902	927	120	27	69.014473	ἐμτέλεση
5	1	43	2	1	3	1035	930	48	25	96.472038	τῆς
5	1	43	2	1	4	1099	915	64	44	85.475540	ἄριθ.
5	1	43	2	1	5	1181	915	123	40	26.290176	89206)1
5	1	43	2	1	6	1313	914	88	56	45.259323	16)6-
5	1	43	2	1	7	1401	914	32	36	58.430084	8.
5	1	43	2	1	8	1439	913	88	37	89.010262	1988.
5	1	43	2	1	9	1538	930	22	21	40.106651	ἐ-
4	1	43	2	2	0	850	961	710	31	-1	
5	1	43	2	2	1	850	961	121	27	64.351242	γκυκλίου
5	1	43	2	2	2	984	961	122	29	91.891945	διαταγῆς
5	1	43	2	2	3	1120	971	55	19	93.718735	σας,
5	1	43	2	2	4	1190	963	106	28	92.417061	σχετικά
5	1	43	2	2	5	1309	963	31	28	84.073036	µέ
5	1	43	2	2	6	1355	963	129	29	19.806335	ἀπόρρυιψη
5	1	43	2	2	7	1498	971	62	15	88.898422	σκου
4	1	43	2	3	0	848	996	712	33	-1	
5	1	43	2	3	1	848	996	90	22	92.376511	πιδιῶν
5	1	43	2	3	2	957	997	29	21	93.302711	σέ
5	1	43	2	3	3	1000	1001	89	24	88.684387	σημεῖα
5	1	43	2	3	4	1105	998	108	22	54.059109	ἐθνιιῶν
5	1	43	2	3	5	1229	998	65	22	16.920280	ὁδῶν
5	1	43	2	3	6	1308	999	44	21	93.032883	καί
5	1	43	2	3	7	1366	998	66	31	90.994232	ὁδῶν
5	1	43	2	3	8	1448	999	112	28	85.727829	µεγάλης
4	1	43	2	4	0	850	1032	709	30	-1	
5	1	43	2	4	1	850	1032	183	28	0.000000	κυκλοφορίας,
5	1	43	2	4	2	1051	1033	32	22	93.299530	θά
5	1	43	2	4	3	1098	1033	108	28	92.456200	ἠθέλαμε
5	1	43	2	4	4	1221	1034	31	21	96.513817	νά
5	1	43	2	4	5	1266	1034	110	28	17.695541	κάνουμε
5	1	43	2	4	6	1390	1035	46	21	90.906677	σάν
5	1	43	2	4	7	1449	1034	110	28	87.308289	Κοινότη
4	1	43	2	5	0	849	1068	711	30	-1	
5	1	43	2	5	1	849	1076	31	13	93.293938	τα
5	1	43	2	5	2	893	1069	45	26	86.789185	µιά
5	1	43	2	5	3	948	1068	121	28	90.861122	πρὀταση.
5	1	43	2	5	4	1089	1069	105	28	88.001312	᾿Επειδή
5	1	43	2	5	5	1212	1069	133	28	62.681107	ἐκτιμοῦμε
5	1	43	2	5	6	1360	1069	122	28	70.036453	ἰδιαίτερα
5	1	43	2	5	7	1513	1071	47	27	95.054634	τήν
4	1	43	2	6	0	850	1103	710	30	-1	
5	1	43	2	6	1	850	1103	184	29	77.972137	ἀντιμετώπιση
5	1	43	2	6	2	1051	1105	51	21	93.296799	τῶν
5	1	43	2	6	3	1120	1104	155	27	92.054962	σκουπιδιῶν
5	1	43	2	6	4	1292	1105	50	21	96.165497	πού
5	1	43	2	6	5	1362	1105	124	28	90.540764	κατέληξε
5	1	43	2	6	6	1529	1105	31	22	42.815529	νάἀ
4	1	43	2	7	0	849	1138	710	30	-1	
5	1	43	2	7	1	849	1138	64	22	96.504494	εἶναι
5	1	43	2	7	2	927	1139	28	21	96.067207	τό
5	1	43	2	7	3	969	1139	75	22	88.841606	πλέον
5	1	43	2	7	4	1059	1139	167	29	46.973347	σοδαρότατον
5	1	43	2	7	5	1241	1140	63	28	94.382439	θέµα
5	1	43	2	7	6	1317	1140	49	22	81.461243	πού
5	1	43	2	7	7	1401	1140	158	28	77.781265	ἀντιμετωσί-
4	1	43	2	8	0	850	1174	710	30	-1	
5	1	43	2	8	1	850	1174	58	25	91.956154	ζουν
5	1	43	2	8	2	927	1174	23	22	91.956154	οἳ
5	1	43	2	8	3	969	1175	165	28	65.003265	Κοινότητες,
5	1	43	2	8	4	1154	1176	134	27	43.646473	µολύνεται
5	1	43	2	8	5	1305	1176	29	22	64.463654	τό
5	1	43	2	8	6	1349	1175	150	29	84.117111	περιξάλλον
5	1	43	2	8	7	1517	1177	43	21	94.818329	καί
4	1	43	2	9	0	848	1210	711	30	-1	
5	1	43	2	9	1	848	1213	180	25	91.663200	παρατηρεῖται
5	1	43	2	9	2	1042	1210	44	22	93.506294	ἕνα
5	1	43	2	9	3	1105	1211	79	28	49.003124	θέαμα
5	1	43	2	9	4	1201	1211	174	29	73.226814	ἀπαράδεκτον
5	1	43	2	9	5	1391	1212	51	25	96.708664	διά
5	1	43	2	9	6	1453	1212	46	28	93.300117	τήν
5	1	43	2	9	7	1519	1220	40	20	86.957291	ση-
4	1	43	2	10	0	847	1245	712	32	-1	
5	1	43	2	10	1	847	1245	104	28	81.367859	µερινήν
5	1	43	2	10	2	967	1246	109	28	92.036896	στάθµην
5	1	43	2	10	3	1092	1248	48	26	93.094040	τῆς
5	1	43	2	10	4	1155	1247	90	23	86.371124	ἀνόδου
5	1	43	2	10	5	1262	1249	49	21	92.540634	πού
5	1	43	2	10	6	1331	1247	168	30	91.224716	ἐπιδιώκουμε
5	1	43	2	10	7	1515	1250	44	21	96.870209	τοῦ
4	1	43	2	11	0	847	1281	712	31	-1	
5	1	43	2	11	1	847	1281	145	27	44.591255	πολιτισομοῦ
5	1	43	2	11	2	1008	1282	44	21	82.853737	καί
5	1	43	2	11	3	1068	1283	48	26	96.636505	τῆς
5	1	43	2	11	4	1129	1285	142	27	96.319420	παρουσίας
5	1	43	2	11	5	1285	1285	51	21	96.437798	τῶν
5	1	43	2	11	6	1354	1284	68	23	75.954407	ΟΤΑ
5	1	43	2	11	7	1435	1285	44	21	85.375023	καί
5	1	43	2	11	8	1495	1284	64	23	92.296097	ἔπει-
4	1	43	2	12	0	848	1316	712	32	-1	
5	1	43	2	12	1	848	1316	30	28	96.877380	δή
5	1	43	2	12	2	895	1317	151	28	23.956116	πιστεύουμε
5	1	43	2	12	3	1063	1317	47	21	95.796371	ἀπό
5	1	43	2	12	4	1124	1317	46	28	96.328400	τήν
5	1	43	2	12	5	1184	1320	76	28	96.630196	πείρα
5	1	43	2	12	6	1271	1320	49	22	77.229736	σού
5	1	43	2	12	7	1335	1320	149	28	52.328968	διαθέτουμε
5	1	43	2	12	8	1516	1321	44	21	95.453766	καί
4	1	43	2	13	0	849	1352	710	32	-1	
5	1	43	2	13	1	849	1352	75	27	80.053223	ξοῦμε
5	1	43	2	13	2	939	1353	77	21	70.227234	ποντά
5	1	43	2	13	3	1030	1353	39	27	89.174026	εἷς
5	1	43	2	13	4	1081	1353	31	21	93.302536	τά
5	1	43	2	13	5	1127	1353	129	24	44.932232	πολλαιιλά
5	1	43	2	13	6	1269	1355	164	29	19.917725	προέλήµατα
5	1	43	2	13	7	1443	1357	52	21	92.344536	τῶν
5	1	43	2	13	8	1509	1356	50	22	0.000000	ζοι
4	1	43	2	14	0	847	1387	711	33	-1	
5	1	43	2	14	1	847	1387	122	28	70.551155	νοτήτων,
5	1	43	2	14	2	985	1387	129	29	92.334473	θεωροῦμε
5	1	43	2	14	3	1127	1388	38	22	93.299828	ὅτι
5	1	43	2	14	4	1179	1388	15	28	25.539253	ἡ
5	1	43	2	14	5	1208	1390	89	28	82.838585	ριζική
5	1	43	2	14	6	1315	1391	185	29	76.178284	ἀντιμετώπιση
5	1	43	2	14	7	1514	1393	44	20	97.014709	τοῦ
4	1	43	2	15	0	847	1423	711	32	-1	
5	1	43	2	15	1	847	1423	107	28	90.007980	θέµατος
5	1	43	2	15	2	964	1424	33	22	96.881485	θά
5	1	43	2	15	3	1010	1424	64	22	93.297600	εἶναι
5	1	43	2	15	4	1089	1424	15	28	30.319283	ἡ
5	1	43	2	15	5	1119	1424	149	30	90.366371	δηµιουργία
5	1	43	2	15	6	1282	1427	59	27	86.036934	ἕνός
5	1	43	2	15	7	1355	1426	138	29	55.907894	συνδέοµου
5	1	43	2	15	8	1507	1429	51	20	95.988503	τῶν
4	1	43	2	16	0	847	1459	711	31	-1	
5	1	43	2	16	1	847	1459	164	28	39.048634	Κοινοτήτων
5	1	43	2	16	2	1031	1461	51	21	96.066444	τῶν
5	1	43	2	16	3	1103	1459	67	29	95.801758	τέως
5	1	43	2	16	4	1187	1461	95	29	88.819984	Δήμων
5	1	43	2	16	5	1297	1462	135	28	68.062927	Πελλάνης
5	1	43	2	16	6	1447	1463	43	21	93.300293	καί
5	1	43	2	16	7	1507	1462	51	22	59.846245	Κα-
4	1	43	2	17	0	847	1495	711	30	-1	
5	1	43	2	17	1	847	1496	123	27	37.841270	οτορείου,
5	1	43	2	17	2	984	1495	18	29	38.623791	ἤ
5	1	43	2	17	3	1018	1496	79	29	78.957581	ἀγορά
5	1	43	2	17	4	1111	1496	59	28	76.316833	ἑνός
5	1	43	2	17	5	1186	1497	167	28	75.002167	αὐτοκινήτου
5	1	43	2	17	6	1368	1497	42	22	96.373009	διά
5	1	43	2	17	7	1421	1498	41	22	25.666840	τόν
5	1	43	2	17	8	1479	1497	79	23	93.585335	σκοπό
4	1	43	2	18	0	847	1532	710	30	-1	
5	1	43	2	18	1	847	1532	60	22	92.459358	αὐτό
5	1	43	2	18	2	920	1532	43	22	58.121361	καί
5	1	43	2	18	3	974	1532	17	28	32.311562	ἡ
5	1	43	2	18	4	1006	1532	149	28	56.888916	δηµιουργία
5	1	43	2	18	5	1170	1533	59	27	83.556305	ἕνός
5	1	43	2	18	6	1245	1533	208	27	31.447868	σχουπιδότοπου,
5	1	43	2	18	7	1467	1533	32	28	88.409782	µέ
5	1	43	2	18	8	1508	1541	49	21	80.968506	χρη
4	1	43	2	19	0	845	1567	712	29	-1	
5	1	43	2	19	1	845	1567	155	28	45.840729	µατοδότηση
5	1	43	2	19	2	1015	1568	42	22	95.787781	διά
5	1	43	2	19	3	1070	1568	46	28	93.299255	τήν
5	1	43	2	19	4	1131	1568	185	28	91.839851	ἀντιμετώπιση
5	1	43	2	19	5	1330	1569	52	21	93.302383	τῶν
5	1	43	2	19	6	1395	1568	119	22	91.811714	δαπανῶν
5	1	43	2	19	7	1526	1569	31	21	87.479904	αὖ
4	1	43	2	20	0	847	1603	711	29	-1	
5	1	43	2	20	1	847	1605	50	20	96.378708	τῶν
5	1	43	2	20	2	914	1603	48	22	93.800804	ἀπό
5	1	43	2	20	3	979	1603	28	22	96.208099	τό
5	1	43	2	20	4	1023	1603	103	29	90.162827	Κράτος
5	1	43	2	20	5	1141	1604	58	22	91.495926	καθ)
5	1	43	2	20	6	1217	1603	148	29	66.282562	οἴονδήποτε
5	1	43	2	20	7	1379	1603	90	29	89.870178	τρόπον
5	1	43	2	20	8	1482	1603	76	29	32.170868	ἤθελε
4	1	43	2	21	0	846	1639	712	28	-1	
5	1	43	2	21	1	846	1639	138	27	91.699326	χορηγηθεῖ
5	1	43	2	21	2	1000	1639	63	28	90.083855	αὐτή
5	1	43	2	21	3	1080	1639	66	21	92.310692	ἔστω
5	1	43	2	21	4	1161	1640	44	21	59.691513	χαΐ
5	1	43	2	21	5	1224	1639	92	22	64.539886	ἁτόκου
5	1	43	2	21	6	1332	1639	100	22	96.121994	δανείου
5	1	43	2	21	7	1446	1639	48	22	94.733932	ἀπό
5	1	43	2	21	8	1530	1639	28	22	84.560646	τό
4	1	43	2	22	0	849	1674	353	28	-1	
5	1	43	2	22	1	849	1675	151	27	64.833847	'Ὑπουργεῖο
5	1	43	2	22	2	1012	1674	190	28	60.126141	᾿Εσωτερωιῶν.
3	1	43	3	0	0	838	1709	718	134	-1	
4	1	43	3	1	0	877	1709	679	32	-1	
5	1	43	3	1	1	877	1709	35	22	63.461853	Ἡ
5	1	43	3	1	2	926	1710	154	28	39.313171	μεμονομένη
5	1	43	3	1	3	1099	1710	198	31	37.214096	ἀντιμετώπιση.
5	1	43	3	1	4	1320	1710	48	22	96.591766	ἀπό
5	1	43	3	1	5	1383	1710	41	28	93.297943	τίς
5	1	43	3	1	6	1436	1710	120	28	91.767715	Κοινότη-
4	1	43	3	2	0	845	1745	711	29	-1	
5	1	43	3	2	1	845	1753	44	20	96.775620	τες
5	1	43	3	2	2	899	1745	43	22	96.069550	δέν
5	1	43	3	2	3	958	1745	31	22	91.768730	θά
5	1	43	3	2	4	1005	1746	231	28	90.996498	πραγματοποιηθεῖ
5	1	43	3	2	5	1248	1745	62	23	94.254372	ποτέ
5	1	43	3	2	6	1325	1745	44	22	94.418221	καί
5	1	43	3	2	7	1384	1745	36	27	88.009232	θά
5	1	43	3	2	8	1441	1746	115	22	85.959099	ἀποτελεῖ
4	1	43	3	3	0	845	1777	711	61	-1	
5	1	43	3	3	1	845	1781	45	21	91.818832	ἕνα
5	1	43	3	3	2	904	1781	75	21	91.517059	ἄλυτο
5	1	43	3	3	3	992	1781	130	28	81.086647	πρόθληµα
5	1	43	3	3	4	1139	1781	41	21	95.412476	διά
5	1	43	3	3	5	1196	1781	29	22	93.259094	τό
5	1	43	3	3	6	1239	1781	84	22	66.147537	ὅποῖον
5	1	43	3	3	7	1338	1781	32	22	96.985687	θά
5	1	43	3	3	8	1385	1777	171	61	37.190567	ἐκφθάξονται
4	1	43	3	4	0	835	1812	699	48	-1	
5	1	43	3	4	1	835	1812	412	48	0.000000	εὐχέφ-καύσιαραωιέσεις-χωρές-
5	1	43	3	4	2	1255	1812	153	48	12.753372	ἀπιονέλεσμα
5	1	43	3	4	3	1427	1829	107	8	40.155876	νο»
3	1	43	4	0	0	843	1838	715	251	-1	
4	1	43	4	1	0	875	1838	683	38	-1	
5	1	43	4	1	1	875	1849	184	26	79.202347	Παρακαλοῦμε
5	1	43	4	1	2	1072	1857	25	13	93.293625	κ.
5	1	43	4	1	3	1115	1849	123	27	55.608387	Νομάρχα
5	1	43	4	1	4	1254	1849	44	21	59.529427	ἐάν
5	1	43	4	1	5	1313	1849	47	26	93.291229	τήν
5	1	43	4	1	6	1377	1843	113	32	56.501789	σπρὀτασή
5	1	43	4	1	7	1508	1838	50	37	94.479446	μας
4	1	43	4	2	0	846	1882	710	30	-1	
5	1	43	4	2	1	846	1883	132	28	90.935913	θεωρεῖται
5	1	43	4	2	2	995	1884	85	28	83.280106	σωστή
5	1	43	4	2	3	1097	1884	43	22	87.787285	καί
5	1	43	4	2	4	1157	1883	158	28	89.846405	ἐφαρμόσιμη
5	1	43	4	2	5	1333	1885	51	25	93.149406	μᾶς
5	1	43	4	2	6	1399	1882	143	22	90.328293	καλέσετε
5	1	43	4	2	7	1534	1883	22	21	93.136780	ὅ-
4	1	43	4	3	0	845	1916	711	31	-1	
5	1	43	4	3	1	845	1916	45	30	70.078171	λες
5	1	43	4	3	2	907	1920	39	27	95.712318	τίς
5	1	43	4	3	3	962	1919	156	28	95.712318	Κοινότητες
5	1	43	4	3	4	1133	1921	51	20	93.300461	τῶν
5	1	43	4	3	5	1201	1918	199	28	91.712990	ἀναφερομένων
5	1	43	4	3	6	1416	1918	68	28	91.862129	τέως
5	1	43	4	3	7	1507	1918	49	28	86.056801	Δή-
4	1	43	4	4	0	844	1953	713	29	-1	
5	1	43	4	4	1	844	1963	64	19	81.842697	µων,
5	1	43	4	4	2	925	1955	130	27	89.131393	ἐρχόμενοι
5	1	43	4	4	3	1069	1955	44	21	93.298050	καί
5	1	43	4	4	4	1131	1955	88	27	81.047585	᾿Εσεῖς
5	1	43	4	4	5	1235	1953	62	28	93.135651	στήν
5	1	43	4	4	6	1312	1953	62	29	89.337578	ἔδρα
5	1	43	4	4	7	1389	1953	109	28	93.253929	κάποιας
5	1	43	4	4	8	1509	1953	48	23	4.784737	ἅτιό
4	1	43	4	5	0	845	1989	711	28	-1	
5	1	43	4	5	1	845	1990	39	27	96.378555	τίς
5	1	43	4	5	2	896	1990	156	27	96.436974	Κοινότητες
5	1	43	4	5	3	1063	1991	49	21	95.899620	πού
5	1	43	4	5	4	1124	1991	165	26	13.221878	προτείνουμε
5	1	43	4	5	5	1305	1990	42	27	96.524719	γιά
5	1	43	4	5	6	1362	1989	32	21	77.677185	νά
5	1	43	4	5	7	1404	1989	152	27	60.164108	συζητήσον-
4	1	43	4	6	0	843	2024	713	44	-1	
5	1	43	4	6	1	843	2033	31	20	96.610718	µε
5	1	43	4	6	2	888	2026	44	21	78.324539	καὶ
5	1	43	4	6	3	944	2025	95	28	92.047737	ἐφόσον
5	1	43	4	6	4	1053	2025	51	22	92.047737	ὅλοι
5	1	43	4	6	5	1119	2025	27	22	93.298515	τό
5	1	43	4	6	6	1159	2025	137	27	91.744400	ἐπιθυμοῦν
5	1	43	4	6	7	1309	2024	43	22	96.695923	διά
5	1	43	4	6	8	1361	2024	48	44	94.772598	τήν
5	1	43	4	6	9	1445	2024	111	28	11.709930	πραγµμά-
4	1	43	4	7	0	845	2055	711	53	-1	
5	1	43	4	7	1	845	2068	69	36	50.327816	τωση
5	1	43	4	7	2	928	2063	48	25	96.882652	τῆς
5	1	43	4	7	3	985	2061	167	35	34.114082	δημιουργίας
5	1	43	4	7	4	1164	2063	44	19	96.990166	τοῦ
5	1	43	4	7	5	1221	2059	157	29	49.794525	Συνδέσμου,
5	1	43	4	7	6	1395	2059	14	23	39.425964	ὅ
5	1	43	4	7	7	1414	2055	92	53	56.989677	ὁποῖος.
5	1	43	4	7	8	1512	2055	44	37	89.892586	δυ-
2	1	44	0	0	0	1411	944	714	1476	-1	
3	1	44	1	0	0	1411	944	714	1476	-1	
4	1	44	1	1	0	1565	944	14	35	-1	
5	1	44	1	1	1	1565	944	14	35	95.000000	  
4	1	44	1	2	0	1564	979	13	36	-1	
5	1	44	1	2	1	1564	979	13	36	95.000000	  
4	1	44	1	3	0	1564	1015	13	33	-1	
5	1	44	1	3	1	1564	1015	13	33	95.000000	   
4	1	44	1	4	0	1564	1048	12	36	-1	
5	1	44	1	4	1	1564	1048	12	36	95.000000	  
4	1	44	1	5	0	1563	1084	13	34	-1	
5	1	44	1	5	1	1563	1084	13	34	95.000000	  
4	1	44	1	6	0	1563	1118	13	37	-1	
5	1	44	1	6	1	1563	1118	13	37	95.000000	  
4	1	44	1	7	0	1563	1155	13	33	-1	
5	1	44	1	7	1	1563	1155	13	33	95.000000	  
4	1	44	1	8	0	1563	1188	13	40	-1	
5	1	44	1	8	1	1563	1188	13	40	95.000000	  
4	1	44	1	9	0	1562	1228	14	36	-1	
5	1	44	1	9	1	1562	1228	14	36	95.000000	  
4	1	44	1	10	0	1562	1264	14	35	-1	
5	1	44	1	10	1	1562	1264	14	35	95.000000	  
4	1	44	1	11	0	1563	1299	13	38	-1	
5	1	44	1	11	1	1563	1299	13	38	95.000000	  
4	1	44	1	12	0	1563	1337	13	34	-1	
5	1	44	1	12	1	1563	1337	13	34	95.000000	  
4	1	44	1	13	0	1563	1371	12	36	-1	
5	1	44	1	13	1	1563	1371	12	36	95.000000	  
4	1	44	1	14	0	1563	1407	12	35	-1	
5	1	44	1	14	1	1563	1407	12	35	95.000000	  
4	1	44	1	15	0	1563	1442	12	35	-1	
5	1	44	1	15	1	1563	1442	12	35	95.000000	  
4	1	44	1	16	0	1562	1477	13	36	-1	
5	1	44	1	16	1	1562	1477	13	36	95.000000	  
4	1	44	1	17	0	1562	1513	13	36	-1	
5	1	44	1	17	1	1562	1513	13	36	95.000000	  
4	1	44	1	18	0	1561	1549	13	35	-1	
5	1	44	1	18	1	1561	1549	13	35	95.000000	  
4	1	44	1	19	0	1561	1584	13	35	-1	
5	1	44	1	19	1	1561	1584	13	35	95.000000	  
4	1	44	1	20	0	1561	1619	13	36	-1	
5	1	44	1	20	1	1561	1619	13	36	95.000000	  
4	1	44	1	21	0	1561	1655	13	35	-1	
5	1	44	1	21	1	1561	1655	13	35	95.000000	  
4	1	44	1	22	0	1561	1690	13	34	-1	
5	1	44	1	22	1	1561	1690	13	34	95.000000	 
4	1	44	1	23	0	1561	1724	13	37	-1	
5	1	44	1	23	1	1561	1724	13	37	95.000000	  
4	1	44	1	24	0	1561	1761	12	36	-1	
5	1	44	1	24	1	1561	1761	12	36	95.000000	  
4	1	44	1	25	0	1411	1797	180	36	-1	
5	1	44	1	25	1	1411	1797	180	36	95.000000	  
4	1	44	1	26	0	1561	1836	564	23	-1	
5	1	44	1	26	1	1561	1836	564	23	95.000000	  
4	1	44	1	27	0	1558	1859	30	561	-1	
5	1	44	1	27	1	1558	1859	30	561	95.000000	  
2	1	45	0	0	0	845	2131	710	30	-1	
3	1	45	1	0	0	845	2131	710	30	-1	
4	1	45	1	1	0	845	2131	710	30	-1	
5	1	45	1	1	1	845	2132	128	28	80.649254	µετώπιση
5	1	45	1	1	2	991	2132	81	28	93.302673	ἄλλων
5	1	45	1	1	3	1089	2131	116	28	71.917587	σοθαρῶν
5	1	45	1	1	4	1223	2133	143	28	91.373161	αἰτημάτων
5	1	45	1	1	5	1385	2134	49	27	71.653748	τῆς
5	1	45	1	1	6	1473	2141	82	20	43.626480	µπεριο-
2	1	46	0	0	0	953	2198	498	101	-1	
3	1	46	1	0	0	953	2198	498	101	-1	
4	1	46	1	1	0	1115	2198	173	40	-1	
5	1	46	1	1	1	1115	2198	74	26	75.618622	Μετά
5	1	46	1	1	2	1211	2203	77	35	83.794067	τιμῆς
4	1	46	1	2	0	997	2238	412	31	-1	
5	1	46	1	2	1	997	2239	31	21	83.267151	Ὁ
5	1	46	1	2	2	1051	2238	133	28	60.848370	Ποόεδρος
5	1	46	1	2	3	1192	2239	48	30	96.433723	τῆς
5	1	46	1	2	4	1249	2241	160	28	94.737747	Κοινότητας
4	1	46	1	3	0	953	2273	498	26	-1	
5	1	46	1	3	1	953	2273	179	23	86.863609	ΓΕΩΡΓΙΟΣ
5	1	46	1	3	2	1155	2274	30	21	85.841988	Δ.
5	1	46	1	3	3	1210	2273	241	26	3.045776	ΓΚΟΥΖΟΣά4ΗΣ
2	1	47	0	0	0	843	2332	724	154	-1	
3	1	47	1	0	0	875	2332	677	32	-1	
4	1	47	1	1	0	875	2332	677	32	-1	
5	1	47	1	1	1	875	2333	35	22	52.064075	Ἡ
5	1	47	1	1	2	923	2333	127	29	86.327240	Κοινότης
5	1	47	1	1	3	1065	2332	160	29	82.044479	Περιθολίων
5	1	47	1	1	4	1241	2336	95	28	95.604881	γράφει
5	1	47	1	1	5	1349	2335	94	29	86.150749	µεταξύ
5	1	47	1	1	6	1460	2335	92	23	93.368477	ἄλλων:
3	1	47	2	0	0	876	2367	296	31	-1	
4	1	47	2	1	0	876	2367	296	31	-1	
5	1	47	2	1	1	876	2369	129	29	34.076881	Αγαπητέ
5	1	47	2	1	2	1029	2367	143	30	87.910271	ουνάδελφε
3	1	47	3	0	0	843	2403	724	69	-1	
4	1	47	3	1	0	873	2403	694	49	-1	
5	1	47	3	1	1	873	2406	35	23	88.242996	Σέ
5	1	47	3	1	2	925	2407	129	28	95.940331	συγχαίρω
5	1	47	3	1	3	1071	2406	42	29	96.089706	γιά
5	1	47	3	1	4	1127	2405	46	29	96.434845	τήν
5	1	47	3	1	5	1192	2403	177	49	10.329773	πρωτοβουλία
5	1	47	3	1	6	1387	2414	45	14	96.127495	σου
5	1	47	3	1	7	1446	2407	43	21	86.648041	καί
5	1	47	3	1	8	1512	2406	55	44	73.997787	γιά
4	1	47	3	2	0	843	2435	711	51	-1	
5	1	47	3	2	1	843	2444	39	28	95.990555	τίς
5	1	47	3	2	2	895	2443	135	29	96.666588	προτάσεις
5	1	47	3	2	3	1041	2443	47	36	92.978951	πού
5	1	47	3	2	4	1101	2435	170	51	63.824429	διατυπώνεις
5	1	47	3	2	5	1282	2441	44	22	96.906883	στό
5	1	47	3	2	6	1337	2442	42	21	96.283958	πιό
5	1	47	3	2	7	1391	2442	72	21	91.142975	πάνω
5	1	47	3	2	8	1474	2441	80	28	90.220726	ἔγγρα
2	1	48	0	0	0	832	2483	125	24	-1	
3	1	48	1	0	0	832	2483	125	24	-1	
4	1	48	1	1	0	832	2483	125	24	-1	
5	1	48	1	1	1	832	2480	48	27	0.000000	|φό
5	1	48	1	1	2	903	2487	54	14	96.019791	σου.
2	1	49	0	0	0	841	2512	712	174	-1	
3	1	49	1	0	0	841	2512	712	102	-1	
4	1	49	1	1	0	874	2512	678	30	-1	
5	1	49	1	1	1	874	2515	35	21	38.169212	Ἡ.
5	1	49	1	1	2	925	2515	142	27	91.076225	Κοινότητά
5	1	49	1	1	3	1084	2522	50	20	96.567123	µας
5	1	49	1	1	4	1148	2514	64	22	93.304306	εἶναι
5	1	49	1	1	5	1225	2513	83	22	83.893021	σιάντα
5	1	49	1	1	6	1322	2512	113	29	10.591850	πρόθυμη
5	1	49	1	1	7	1449	2513	31	22	86.200165	νά
5	1	49	1	1	8	1495	2520	57	21	66.999077	συµ-
4	1	49	1	2	0	841	2546	712	50	-1	
5	1	49	1	2	1	841	2546	154	50	91.744316	παρασταθεῖ
5	1	49	1	2	2	1011	2550	27	22	94.016525	σέ
5	1	49	1	2	3	1055	2549	63	23	95.720871	κάθε
5	1	49	1	2	4	1131	2549	157	29	95.968628	προσπάθεια
5	1	49	1	2	5	1303	2549	41	27	96.382805	γιά
5	1	49	1	2	6	1359	2549	29	21	95.498718	τό
5	1	49	1	2	7	1402	2549	80	22	69.027420	σκοπό
5	1	49	1	2	8	1493	2548	60	22	85.780296	αὐτό
4	1	49	1	3	0	844	2585	585	37	-1	
5	1	49	1	3	1	844	2586	61	36	96.742775	ἀλλά
5	1	49	1	3	2	915	2586	44	22	94.785278	καί
5	1	49	1	3	3	969	2586	42	28	95.998329	γιά
5	1	49	1	3	4	1023	2586	147	27	95.373154	γενικότερα
5	1	49	1	3	5	1181	2585	95	28	93.302704	θέµατα
5	1	49	1	3	6	1285	2586	144	26	91.156136	περιοχῆς.-
3	1	49	2	0	0	1017	2620	368	66	-1	
4	1	49	2	1	0	1017	2620	368	28	-1	
5	1	49	2	1	1	1017	2621	31	22	13.322342	Ο
5	1	49	2	1	2	1071	2621	133	27	89.645668	Πρόεδρος
5	1	49	2	1	3	1225	2620	160	27	80.706963	Κοινότητας
4	1	49	2	2	0	1027	2655	344	31	-1	
5	1	49	2	2	1	1027	2655	227	31	90.172821	ΚΟΥΡΕΜΠΗΣ
5	1	49	2	2	2	1275	2655	96	22	96.456963	ΑΡΗΣ
2	1	50	0	0	0	941	2719	522	72	-1	
3	1	50	1	0	0	941	2719	522	72	-1	
4	1	50	1	1	0	941	2719	522	72	-1	
5	1	50	1	1	1	941	2719	522	72	0.000000	ΑΕΓΑΙΚΜΓΥΣΗ.
2	1	51	0	0	0	826	2778	726	702	-1	
3	1	51	1	0	0	839	2778	713	234	-1	
4	1	51	1	1	0	870	2778	681	61	-1	
5	1	51	1	1	1	870	2805	25	22	29.205841	σ
5	1	51	1	1	2	908	2780	160	59	25.236862	Ἐξωραϊσεικός
5	1	51	1	1	3	1081	2778	113	61	69.900085	Σύλλογος
5	1	51	1	1	4	1209	2778	97	61	4.548080	Γεωργ.
5	1	51	1	1	5	1204	2801	142	38	0.000000	Τεωργίτσίου
5	1	51	1	1	6	1353	2787	94	51	0.000000	παπόπον
5	1	51	1	1	7	1464	2807	38	25	79.677483	τῆς
5	1	51	1	1	8	1517	2804	34	21	55.237843	ὑπ᾿
4	1	51	1	2	0	840	2840	711	29	-1	
5	1	51	1	2	1	840	2842	52	27	87.391434	ἀριθ.
5	1	51	1	2	2	905	2841	26	21	49.226345	51
5	1	51	1	2	3	945	2841	125	27	86.867439	ἀπαφάσεως
5	1	51	1	2	4	1081	2845	36	18	93.302452	τοῦ
5	1	51	1	2	5	1127	2840	136	29	36.843567	Διοικηνικοῦ
5	1	51	1	2	6	1273	2840	127	28	0.000000	Σλµθσυλίου
5	1	51	1	2	7	1411	2840	140	28	70.604958	προκηρύσσει
4	1	51	1	3	0	840	2875	712	30	-1	
5	1	51	1	3	1	840	2877	130	21	53.798515	πλειοδοπυκό
5	1	51	1	3	2	988	2876	19	28	38.720787	δ)
5	1	51	1	3	3	1013	2877	42	28	65.752609	σµό
5	1	51	1	3	4	1070	2877	36	21	83.211105	διά
5	1	51	1	3	5	1118	2877	37	27	92.298790	τήν
5	1	51	1	3	6	1172	2877	120	27	86.245987	-ἀνάληψιν
5	1	51	1	3	7	1305	2879	38	24	78.286263	τῆς
5	1	51	1	3	8	1372	2875	180	29	52.753479	ἐκμεταλλεύσεως
4	1	51	1	4	0	839	2911	713	29	-1	
5	1	51	1	4	1	839	2915	35	19	49.910973	τοῦ
5	1	51	1	4	2	979	2913	42	20	34.606346	εἰου
5	1	51	1	4	3	1032	2912	129	28	82.083908	ἰδιοκτησίας
5	1	51	1	4	4	1171	2915	37	18	93.249741	τοῦ
5	1	51	1	4	5	1219	2911	163	28	9.530991	᾿Ἐξωραϊατωκοῦ
5	1	51	1	4	6	1395	2911	107	27	87.506615	Συλλόγου
5	1	51	1	4	7	1514	2911	38	21	70.490044	καί
4	1	51	1	5	0	839	2946	711	32	-1	
5	1	51	1	5	1	839	2947	41	23	78.144760	ὑπό
5	1	51	1	5	2	888	2948	38	28	90.439461	τήν
5	1	51	1	5	3	940	2948	106	30	88.594444	ἐπωνυμία
5	1	51	1	5	4	1059	2947	124	25	67.422974	«Μπαλχόνι
5	1	51	1	5	5	1195	2951	36	20	93.152802	τοῦ
5	1	51	1	5	6	1247	2947	120	28	55.373005	Ταῦγέτου»
5	1	51	1	5	7	1382	2948	30	24	93.031670	εἲς
5	1	51	1	5	8	1425	2946	125	28	23.632408	Πεωργίτσιο
4	1	51	1	6	0	839	2981	712	66	-1	
5	1	51	1	6	1	839	2983	119	64	0.000000	μ..
5	1	51	1	6	2	969	2985	107	27	1.566483	δυνάμεως
5	1	51	1	6	3	1087	2985	29	21	70.274094	96
5	1	51	1	6	4	1125	2985	86	25	84.931900	κλινῶν,
5	1	51	1	6	5	1222	2983	140	28	58.632629	Ἑστιαπαρίου
5	1	51	1	6	6	1375	2983	35	21	94.535355	καὶ
5	1	51	1	6	7	1421	2981	67	31	92.939095	Μπάρ
5	1	51	1	6	8	1499	2982	52	29	92.733444	πλή-
3	1	51	2	0	0	855	3016	448	31	-1	
4	1	51	2	1	0	855	3016	448	31	-1	
5	1	51	2	1	1	855	3026	27	18	81.645142	ως
5	1	51	2	1	2	896	3019	159	28	80.962021	ἐξαπλισμένων.
5	1	51	2	1	3	1300	3016	3	2	0.000000	ι
3	1	51	3	0	0	839	3027	713	161	-1	
4	1	51	3	1	0	841	3027	711	60	-1	
5	1	51	3	1	1	841	3027	54	49	8.010567	το
5	1	51	3	1	2	907	3053	143	29	89.061501	Διαγωνισμός
5	1	51	3	1	3	1059	3054	56	22	93.055565	θέλει
5	1	51	3	1	4	1126	3054	130	28	0.000000	διθνεργήΒεῖ
5	1	51	3	1	5	1267	3059	27	21	71.592178	δι᾽
5	1	51	3	1	6	1304	3059	156	28	42.028851	ἐνσφραγίατων
5	1	51	3	1	7	1471	3065	81	21	89.732849	προσφο
4	1	51	3	2	0	839	3089	711	34	-1	
5	1	51	3	2	1	839	3093	42	25	91.649330	ρῶν
5	1	51	3	2	2	892	3090	38	28	96.303253	τήν
5	1	51	3	2	3	943	3089	56	29	12.709061	Την
5	1	51	3	2	4	1011	3089	117	29	50.720329	Νοεμβρίου
5	1	51	3	2	5	1141	3089	56	22	85.460815	1985
5	1	51	3	2	6	1210	3090	82	33	87.398544	ἡμέραν
5	1	51	3	2	7	1305	3093	112	29	69.265717	υριακήν
5	1	51	3	2	8	1431	3094	37	21	90.815628	καὶ
5	1	51	3	2	9	1494	3093	56	28	60.882595	ὥραν
4	1	51	3	3	0	841	3121	710	60	-1	
5	1	51	3	3	1	841	3125	11	21	83.247307	1
5	1	51	3	3	2	867	3133	43	21	66.296310	μ.μ.
5	1	51	3	3	3	923	3125	87	22	70.291145	ὀνώπιον
5	1	51	3	3	4	1022	3121	126	60	36.868523	πηροπῆς
5	1	51	3	3	5	1158	3127	31	23	76.956871	εἰς
5	1	51	3	3	6	1201	3125	23	21	92.583206	τό
5	1	51	3	3	7	1233	3125	125	27	51.435490	Κοινοτικόν
5	1	51	3	3	8	1367	3125	139	45	67.174141	Κατάστημα
5	1	51	3	3	9	1515	3128	36	22	18.421463	Τε-
4	1	51	3	4	0	841	3161	115	27	-1	
5	1	51	3	4	1	841	3161	115	27	53.081680	ωρηιτσίου.
3	1	51	4	0	0	839	3173	712	130	-1	
4	1	51	4	1	0	870	3173	680	76	-1	
5	1	51	4	1	1	870	3192	34	36	48.325409	Νά,
5	1	51	4	1	2	918	3193	125	56	39.066399	ἐνημερωβεῖ
5	1	51	4	1	3	1061	3193	49	37	19.096222	ἕνως
5	1	51	4	1	4	1125	3173	88	56	0.000000	καστος
5	1	51	4	1	5	1226	3203	42	23	90.148827	νῶν
5	1	51	4	1	6	1284	3201	196	29	83.166977	ἐνδιαφερομένων
5	1	51	4	1	7	1475	3201	31	21	88.384865	ὅτι
5	1	51	4	1	8	1537	3201	13	28	88.384865	ἡ
4	1	51	4	2	0	839	3232	712	34	-1	
5	1	51	4	2	1	839	3233	89	29	0.000000	μωστική
5	1	51	4	2	2	945	3232	108	30	89.824135	ἔγγραφος
5	1	51	4	2	3	1067	3233	132	29	54.721050	δημοπρασία
5	1	51	4	2	4	1210	3233	26	21	93.234787	θά
5	1	51	4	2	5	1252	3237	102	29	42.689430	ἐξελιχθεῖ
5	1	51	4	2	6	1368	3238	22	21	73.336929	ἐν
5	1	51	4	2	7	1404	3237	96	28	66.638046	συνεχεία
5	1	51	4	2	8	1513	3237	38	27	96.218987	τήν
4	1	51	4	3	0	846	3270	649	33	-1	
5	1	51	4	3	1	846	3270	42	24	88.194054	ἴδια
5	1	51	4	3	2	903	3271	44	30	92.307655	ὥρα
5	1	51	4	3	3	959	3271	35	23	55.411087	καὶ
5	1	51	4	3	4	1007	3271	69	31	35.525139	ἡμέρα
5	1	51	4	3	5	1088	3271	31	27	93.298599	εἰς
5	1	51	4	3	6	1129	3271	84	23	84.799637	ἀνουκτό
5	1	51	4	3	7	1225	3273	137	30	48.052650	πλειοδοτικὀ
5	1	51	4	3	8	1371	3273	124	27	81.235771	διαγωνισμό
3	1	51	5	0	0	839	3308	712	172	-1	
4	1	51	5	1	0	870	3308	681	29	-1	
5	1	51	5	1	1	870	3309	144	28	76.328537	Ἠληροφορίαι
5	1	51	5	1	2	1031	3310	38	26	81.367798	γιά
5	1	51	5	1	3	1085	3309	47	25	93.289497	τούς
5	1	51	5	1	4	1145	3309	61	28	70.835419	ὄρους
5	1	51	5	1	5	1219	3309	121	28	75.678101	συμφωνίας
5	1	51	5	1	6	1354	3309	90	21	88.377106	δίδονται
5	1	51	5	1	7	1461	3308	42	21	96.161835	ὑπό
5	1	51	5	1	8	1515	3311	36	18	95.536995	τοῦ
4	1	51	5	2	0	839	3343	710	30	-1	
5	1	51	5	2	1	839	3344	106	28	7.269753	Προέδρου
5	1	51	5	2	2	954	3348	36	18	93.259163	τοῦ
5	1	51	5	2	3	1004	3344	107	29	78.303581	Ῥυλλόγου
5	1	51	5	2	4	1124	3352	22	14	95.063217	κ.
5	1	51	5	2	5	1158	3344	106	29	85.530556	Γεωργίου
5	1	51	5	2	6	1278	3343	25	23	87.737167	Δ.
5	1	51	5	2	7	1317	3344	102	28	29.261848	Σμωρνιοῦ
5	1	51	5	2	8	1433	3345	31	24	53.033226	εἰς
5	1	51	5	2	9	1475	3344	28	21	56.397697	τά,
5	1	51	5	2	10	1515	3350	34	21	91.841278	τη-
4	1	51	5	3	0	826	3379	724	30	-1	
5	1	51	5	3	1	826	3381	97	27	62.909832	«λέφωνα
5	1	51	5	3	2	932	3379	68	27	0.000000	0151)
5	1	51	5	3	3	1005	3381	68	21	0.000000	61456
5	1	51	5	3	4	1089	3382	36	20	87.314011	καὶ
5	1	51	5	3	5	1138	3375	61	38	81.617966	0191)
5	1	51	5	3	6	1211	3375	67	38	70.292053	35005
5	1	51	5	3	7	1293	3380	71	26	86.887856	χαθώς
5	1	51	5	3	8	1373	3380	38	22	79.041138	καὶ
5	1	51	5	3	9	1424	3381	30	24	79.332489	εἰς
5	1	51	5	3	10	1465	3380	24	21	73.040070	τὸ
5	1	51	5	3	11	1500	3379	50	21	0.000000	Τοι-
4	1	51	5	4	0	839	3411	710	47	-1	
5	1	51	5	4	1	839	3416	67	22	70.319435	γοτικὀ
5	1	51	5	4	2	919	3415	132	30	3.968887	κατάστημα
5	1	51	5	4	3	1063	3416	111	28	95.791519	τηλέφωνο
5	1	51	5	4	4	1187	3411	66	38	62.435566	07581)
5	1	51	5	4	5	1265	3415	68	23	92.207138	61401
5	1	51	5	4	6	1346	3417	56	21	76.813278	κατά
5	1	51	5	4	7	1414	3416	38	25	93.377480	τὰς
5	1	51	5	4	8	1460	3411	89	47	51.113285	ἐργασί-
4	1	51	5	5	0	839	3453	461	27	-1	
5	1	51	5	5	1	839	3459	49	21	72.994659	µους
5	1	51	5	5	2	897	3453	79	27	92.604393	ἡμέρας
5	1	51	5	5	3	985	3453	37	21	83.581451	καί
5	1	51	5	5	4	1031	3453	55	27	91.286469	ὥρας
5	1	51	5	5	5	1097	3453	37	21	72.175255	καί
5	1	51	5	5	6	1145	3453	40	21	94.771301	ἀπό
5	1	51	5	5	7	1197	3453	51	21	65.632645	9-15
5	1	51	5	5	8	1257	3459	43	21	69.932510	πμ.
2	1	52	0	0	0	861	2701	688	7	-1	
3	1	52	1	0	0	861	2701	688	7	-1	
4	1	52	1	1	0	861	2701	688	7	-1	
5	1	52	1	1	1	861	2701	688	7	95.000000	 
2	1	53	0	0	0	1094	2781	60	7	-1	
3	1	53	1	0	0	1094	2781	60	7	-1	
4	1	53	1	1	0	1094	2781	60	7	-1	
5	1	53	1	1	1	1094	2781	60	7	95.000000	 
2	1	54	0	0	0	1584	1002	324	30	-1	
3	1	54	1	0	0	1584	1002	324	30	-1	
4	1	54	1	1	0	1584	1002	324	30	-1	
5	1	54	1	1	1	1584	1010	33	14	0.710556	ον
5	1	54	1	1	2	1637	1002	85	27	87.236008	Στέλιος
5	1	54	1	1	3	1737	1003	171	29	45.728394	Παναγόπουλος,
2	1	55	0	0	0	1320	642	849	10	-1	
3	1	55	1	0	0	1320	642	849	10	-1	
4	1	55	1	1	0	1320	642	849	10	-1	
5	1	55	1	1	1	1320	642	849	10	95.000000	 
2	1	56	0	0	0	1601	669	716	217	-1	
3	1	56	1	0	0	1601	669	709	194	-1	
4	1	56	1	1	0	1703	669	501	97	-1	
5	1	56	1	1	1	1703	669	147	94	0.000000	[εγἡ
5	1	56	1	1	2	1859	705	236	60	20.786957	Συγἑλειπῃ
5	1	56	1	1	3	2117	707	87	75	0.000000	τὴν
4	1	56	1	2	0	1601	769	716	117	-1	
5	1	56	1	2	1	1601	789	191	86	59.415680	μετόχων
5	1	56	1	2	2	1813	794	72	68	88.445427	τε
5	1	56	1	2	3	1862	789	25	97	16.420517	ς
5	1	56	1	2	4	1918	789	167	97	16.377228	Εὐνικῆς
5	1	56	1	2	5	2107	769	210	109	4.557449	Τρππέτης
2	1	57	0	0	0	1613	873	724	61	-1	
3	1	57	1	0	0	1613	873	724	61	-1	
4	1	57	1	1	0	1613	873	724	61	-1	
5	1	57	1	1	1	1613	910	7	17	19.326241	:
5	1	57	1	1	2	1628	898	217	29	36.562923	Πραγματοποιήθηκε
5	1	57	1	1	3	1861	901	45	24	94.030624	στίς
5	1	57	1	1	4	1925	900	37	21	61.765057	94’
5	1	57	1	1	5	1862	873	50	59	26.609810	είς
5	1	57	1	1	6	1925	873	26	59	67.252922	94
5	1	57	1	1	7	1965	873	89	59	36.160831	Ἰουνίου.
5	1	57	1	1	8	2061	902	15	26	84.878098	ἡ
5	1	57	1	1	9	2093	901	71	27	84.662575	ἐτήσια
5	1	57	1	1	10	2179	902	103	32	58.623142	τακτική
5	1	57	1	1	11	2284	901	26	29	60.301308	Τε
5	1	57	1	1	12	2329	915	8	10	44.563370	,;
2	1	58	0	0	0	1596	933	735	31	-1	
3	1	58	1	0	0	1596	933	735	31	-1	
4	1	58	1	1	0	1596	933	735	31	-1	
5	1	58	1	1	1	1596	933	48	27	0.000000	νωρή
5	1	58	1	1	2	1662	933	118	29	94.591423	Συνέλευση
5	1	58	1	1	3	1797	937	41	17	93.264648	τῶν
5	1	58	1	1	4	1849	934	141	28	89.233986	Μετόχωντῆς
5	1	58	1	1	5	2009	934	97	28	0.000000	Ἐθνυκῆς
5	1	58	1	1	6	2126	929	112	34	87.028641	Τραπέζης
5	1	58	1	1	7	2271	939	36	25	91.516899	τῆς
5	1	58	1	1	8	2329	934	2	2	52.170639	᾿
2	1	59	0	0	0	1596	966	712	208	-1	
3	1	59	1	0	0	1596	966	712	208	-1	
4	1	59	1	1	0	1597	966	711	37	-1	
5	1	59	1	1	1	1597	966	109	27	92.660393	Ἑλλάδος.
5	1	59	1	1	2	1720	967	63	23	68.992928	Κατά
5	1	59	1	1	3	1797	970	26	27	80.928230	τή
5	1	59	1	1	4	1855	969	136	28	68.207375	διάρκειατης
5	1	59	1	1	5	2005	968	125	30	0.000000	δΔιονκητής
5	1	59	1	1	6	2138	973	38	25	96.986687	τῆς
5	1	59	1	1	7	2196	966	112	37	48.698669	Τραπέζης
4	1	59	1	2	0	1926	1005	381	29	-1	
5	1	59	1	2	1	1926	1005	65	27	35.820236	µἐτήν
5	1	59	1	2	2	2002	1006	104	27	93.485313	παρουσία
5	1	59	1	2	3	2123	1009	41	18	89.485291	τῶν
5	1	59	1	2	4	2181	1005	126	29	74.608887	Ὑποδιοικη:
4	1	59	1	3	0	1598	1038	709	31	-1	
5	1	59	1	3	1	1598	1041	40	19	95.142609	τῶν
5	1	59	1	3	2	1650	1046	43	14	0.000000	χι.
5	1	59	1	3	3	1704	1038	28	22	54.911049	Κ..
5	1	59	1	3	4	1745	1038	185	30	43.755844	Ῥεωργουτσώκου,
5	1	59	1	3	5	1939	1039	34	23	23.296906	«Ἐ.
5	1	59	1	3	6	1989	1040	73	22	1.566757	Σιέτου
5	1	59	1	3	7	2075	1042	37	20	67.661766	καί
5	1	59	1	3	8	2129	1040	24	22	24.459946	Ὦ.
5	1	59	1	3	9	2170	1040	137	29	91.507065	Λαμπρόπου-
4	1	59	1	4	0	1596	1073	710	31	-1	
5	1	59	1	4	1	1596	1073	38	21	85.795494	λου
5	1	59	1	4	2	1646	1075	36	21	87.797935	καὶ
5	1	59	1	4	3	1694	1077	40	20	93.296127	τῶν
5	1	59	1	4	4	1746	1075	78	22	92.234123	λοιπῶν
5	1	59	1	4	5	1838	1075	69	28	92.698059	μελῶν
5	1	59	1	4	6	1921	1079	36	17	93.275307	τοῦ
5	1	59	1	4	7	1968	1075	136	29	84.594284	Διαικητικοῦ
5	1	59	1	4	8	2116	1076	134	28	29.012848	Σοµθουλίου,
5	1	59	1	4	9	2263	1077	43	21	92.276917	διά-
4	1	59	1	5	0	1596	1109	709	31	-1	
5	1	59	1	5	1	1596	1109	51	21	73.744209	δασε
5	1	59	1	5	2	1659	1111	39	27	80.658478	τήν
5	1	59	1	5	3	1710	1109	92	30	69.958328	Ἔκθεση
5	1	59	1	5	4	1816	1113	41	19	96.921738	τῶν
5	1	59	1	5	5	1870	1111	153	29	40.543968	πεπραγμένων
5	1	59	1	5	6	2037	1115	36	25	96.241570	τῆς
5	1	59	1	5	7	2082	1111	120	29	73.221970	Τραπέζης
5	1	59	1	5	8	2219	1113	37	27	96.308502	γιά
5	1	59	1	5	9	2272	1113	33	21	78.234268	τόν
4	1	59	1	6	0	1598	1146	292	28	-1	
5	1	59	1	6	1	1598	1146	142	27	54.247078	προηγούμενο
5	1	59	1	6	2	1750	1146	65	28	66.952972	χρόνο
5	1	59	1	6	3	1825	1146	65	22	86.684280	1989.
2	1	60	0	0	0	1625	1179	708	33	-1	
3	1	60	1	0	0	1625	1179	708	33	-1	
4	1	60	1	1	0	1625	1179	708	33	-1	
5	1	60	1	1	1	1625	1179	110	28	0.000000	Μιλώντας
5	1	60	1	1	2	1752	1182	37	28	91.810402	στή
5	1	60	1	1	3	1808	1181	116	30	92.401955	Συνέλευση
5	1	60	1	1	4	1943	1185	43	21	96.678055	τῶν
5	1	60	1	1	5	2000	1182	104	29	91.288307	Μετόχων
5	1	60	1	1	6	2118	1183	11	21	71.083694	ὁ
5	1	60	1	1	7	2146	1181	113	31	77.097992	Διοικητής
5	1	60	1	1	8	2284	1192	22	13	53.452217	κ.
5	1	60	1	1	9	2331	1187	2	3	13.455948	᾿
2	1	61	0	0	0	1595	1215	709	73	-1	
3	1	61	1	0	0	1595	1215	709	73	-1	
4	1	61	1	1	0	1595	1215	709	33	-1	
5	1	61	1	1	1	1595	1215	35	22	0.000000	Ἆτ.
5	1	61	1	1	2	1640	1216	164	30	93.291176	Παναγόπουλος
5	1	61	1	1	3	1817	1217	43	23	93.237434	εἶπε
5	1	61	1	1	4	1873	1218	31	21	96.260139	ὅτι
5	1	61	1	1	5	1917	1219	59	27	96.771194	παρά
5	1	61	1	1	6	1987	1219	31	26	93.295189	τίς
5	1	61	1	1	7	2031	1219	156	29	59.011841	συνεχιζόµενες
5	1	61	1	1	8	2199	1219	105	29	80.642319	δυσμενεῖς
4	1	61	1	2	0	1595	1253	709	35	-1	
5	1	61	1	2	1	1595	1253	117	29	82.733643	ἐπιδράσεις
5	1	61	1	2	2	1725	1254	43	22	96.210754	ἀπό
5	1	61	1	2	3	1784	1254	24	22	92.929443	τὸ
5	1	61	1	2	4	1823	1253	111	30	85.333496	ἐξωτερικό
5	1	61	1	2	5	1951	1255	37	21	63.893341	κα
5	1	61	1	2	6	2003	1255	30	26	93.251770	τίς
5	1	61	1	2	7	2047	1256	141	32	76.010254	ἀπρόσφορες
5	1	61	1	2	8	2205	1257	99	27	79.027084	συνθῆχες
2	1	62	0	0	0	1595	1289	720	32	-1	
3	1	62	1	0	0	1595	1289	720	32	-1	
4	1	62	1	1	0	1595	1289	720	32	-1	
5	1	62	1	1	1	1595	1290	39	20	96.349518	πού
5	1	62	1	1	2	1649	1289	175	29	58.503670	διαμορφώθηκαν
5	1	62	1	1	3	1835	1291	36	21	39.196201	στό
5	1	62	1	1	4	1882	1291	112	28	74.812904	ἐσωτερηκό
5	1	62	1	1	5	2008	1291	27	21	92.335632	τά,
5	1	62	1	1	6	2046	1292	149	28	36.204609	προηγούμενα
5	1	62	1	1	7	2223	1292	92	29	34.215225	χρόνια,
2	1	63	0	0	0	1591	1325	713	518	-1	
3	1	63	1	0	0	1591	1325	713	493	-1	
4	1	63	1	1	0	1594	1325	710	31	-1	
5	1	63	1	1	1	1594	1325	24	21	92.923225	τό
5	1	63	1	1	2	1632	1326	133	27	47.980965	πραγµαπυκό
5	1	63	1	1	3	1781	1326	92	28	89.707108	ἐγχώριο
5	1	63	1	1	4	1889	1327	73	27	77.517029	προϊὀν
5	1	63	1	1	5	1976	1328	126	27	96.571259	παρουσίασε
5	1	63	1	1	6	2116	1329	23	20	87.829941	τὸ
5	1	63	1	1	7	2155	1327	57	22	83.128937	1955
5	1	63	1	1	8	2239	1328	65	28	42.927013	µικρή
4	1	63	1	2	0	1594	1357	708	35	-1	
5	1	63	1	2	1	1594	1361	91	25	82.011375	ἄνοδο,
5	1	63	1	2	2	1676	1353	15	43	91.926651	ὁ
5	1	63	1	2	3	1699	1361	147	29	74.769394	πληθωρισμός
5	1	63	1	2	4	1859	1362	105	28	56.738693	μειώθηκε
5	1	63	1	2	5	1979	1363	37	21	68.590065	κα
5	1	63	1	2	6	2031	1363	22	21	90.087440	τὸ
5	1	63	1	2	7	2071	1357	101	35	75.833023	ἔλλειμνα,
5	1	63	1	2	8	2185	1364	37	21	30.266403	στό
5	1	63	1	2	9	2239	1364	63	21	89.868553	ἰσοσύ-
4	1	63	1	3	0	1594	1397	708	30	-1	
5	1	63	1	3	1	1594	1403	34	21	35.761566	γιο
5	1	63	1	3	2	1646	1397	119	28	91.822334	πληρωμῶν
5	1	63	1	3	3	1781	1397	133	29	90.855492	ὑποχώρησε.
5	1	63	1	3	4	1932	1397	134	29	93.133575	Παράλληλα
5	1	63	1	3	5	2087	1399	161	28	88.299469	συγκρατήθηκε
5	1	63	1	3	6	2279	1399	23	21	88.299866	τὀ
4	1	63	1	4	0	1593	1432	710	30	-1	
5	1	63	1	4	1	1593	1432	167	28	39.152809	χρηµατοδοτικό
5	1	63	1	4	2	1778	1432	100	29	67.560669	ἕλλειμμα
5	1	63	1	4	3	1895	1436	35	18	88.247726	τοῦ
5	1	63	1	4	4	1949	1433	103	28	94.207878	Δημοσίου
5	1	63	1	4	5	2067	1435	39	20	71.060699	καί
5	1	63	1	4	6	2121	1433	143	29	88.268219	θελτιώθηκαν
5	1	63	1	4	7	2278	1435	25	21	95.692932	τά
4	1	63	1	5	0	1593	1468	671	30	-1	
5	1	63	1	5	1	1593	1469	136	26	47.981178	πραγµατυκά,
5	1	63	1	5	2	1742	1468	126	28	91.118683	εἰσοδήματα
5	1	63	1	5	3	1881	1471	41	19	93.229721	τῶν
5	1	63	1	5	4	1937	1469	105	27	55.976021	μησθωτῶν
5	1	63	1	5	5	2057	1470	37	20	96.572067	καὶ
5	1	63	1	5	6	2107	1472	42	20	89.646812	τῶν
5	1	63	1	5	7	2161	1469	103	29	64.546860	ἀγροτῶν.
4	1	63	1	6	0	1623	1501	679	32	-1	
5	1	63	1	6	1	1623	1501	25	23	57.022953	Οἱ
5	1	63	1	6	2	1662	1503	140	28	77.848709	μεγαλύτερες
5	1	63	1	6	3	1815	1504	41	20	96.904129	ἀπό
5	1	63	1	6	4	1870	1504	31	26	78.953247	τίς
5	1	63	1	6	5	1914	1503	112	29	47.867184	ἕλληνικές
5	1	63	1	6	6	2035	1505	111	28	63.011360	ἐμπορικές
5	1	63	1	6	7	2159	1505	103	28	0.000000	τράπεζες
5	1	63	1	6	8	2277	1506	25	21	91.954346	εἷ-
4	1	63	1	7	0	1593	1538	709	31	-1	
5	1	63	1	7	1	1593	1545	25	16	93.175232	πε
5	1	63	1	7	2	1634	1539	37	27	92.626534	στή
5	1	63	1	7	3	1685	1539	97	28	93.257339	συνέχεια
5	1	63	1	7	4	1795	1540	11	20	92.836365	ὃ
5	1	63	1	7	5	1819	1547	21	14	84.819717	κ.
5	1	63	1	7	6	1853	1538	113	30	28.922440	Διουκητής
5	1	63	1	7	7	1979	1539	149	27	40.143261	ἐξακολουθοῦν
5	1	63	1	7	8	2137	1541	26	21	93.283363	νά
5	1	63	1	7	9	2174	1541	128	28	51.460400	χρηµατοδο-
4	1	63	1	8	0	1593	1574	709	30	-1	
5	1	63	1	8	1	1593	1577	47	19	92.315208	τοῦν
5	1	63	1	8	2	1652	1574	103	28	61.933586	θιώσιµες,
5	1	63	1	8	3	1771	1575	48	21	0.000000	κατ
5	1	63	1	8	4	1833	1575	67	29	91.537956	ἀρχή,
5	1	63	1	8	5	1913	1575	169	28	93.008530	ὑπερχρεωμένες
5	1	63	1	8	6	2095	1577	147	27	74.515121	ἐπιχειρήσεις.
5	1	63	1	8	7	2254	1576	48	26	96.332893	Στίς
4	1	63	1	9	0	1592	1609	710	31	-1	
5	1	63	1	9	1	1592	1609	170	29	79.614578	ὑπερχρεωμένες
5	1	63	1	9	2	1779	1610	140	28	78.037140	ἐπιχειρήσεις
5	1	63	1	9	3	1933	1611	47	28	92.415779	ἔχει
5	1	63	1	9	4	2000	1611	137	27	49.587940	ἐγχλωθιατεῖ
5	1	63	1	9	5	2153	1613	39	27	93.820518	γιά
5	1	63	1	9	6	2223	1613	79	27	86.801865	µεγάλο
4	1	63	1	10	0	1592	1645	710	30	-1	
5	1	63	1	10	1	1592	1645	104	28	35.885712	διάστηµα
5	1	63	1	10	2	1707	1647	116	27	59.209900	σημαντικό
5	1	63	1	10	3	1838	1649	71	25	31.900948	τμῆμα,
5	1	63	1	10	4	1923	1646	121	28	58.802879	κεφαλαίων
5	1	63	1	10	5	2061	1647	27	28	60.233936	μέ
5	1	63	1	10	6	2102	1647	98	22	92.075119	συνέπεια
5	1	63	1	10	7	2215	1648	28	22	88.403557	νὰ
5	1	63	1	10	8	2259	1648	43	21	0.000000	δνα-
4	1	63	1	11	0	1592	1681	709	29	-1	
5	1	63	1	11	1	1592	1682	123	26	86.815514	ταρὰσσεται
5	1	63	1	11	2	1732	1682	14	27	83.132065	ἡ
5	1	63	1	11	3	1763	1682	90	28	83.816444	εὕρυθμη
5	1	63	1	11	4	1867	1681	121	29	90.679993	λειτουργία
5	1	63	1	11	5	2001	1685	40	20	93.283401	τῶν
5	1	63	1	11	6	2055	1682	110	28	91.001656	τραπεζῶν
5	1	63	1	11	7	2177	1683	37	21	76.551262	καί
5	1	63	1	11	8	2227	1684	27	22	93.130089	νὰ
5	1	63	1	11	9	2267	1691	34	14	93.130089	πε-
4	1	63	1	12	0	1592	1715	709	31	-1	
5	1	63	1	12	1	1592	1715	112	29	87.755775	ριορίζεται
5	1	63	1	12	2	1716	1717	16	28	87.740311	ἡ
5	1	63	1	12	3	1744	1717	144	28	87.740311	ἐξυπηρέτηση
5	1	63	1	12	4	1901	1718	129	28	88.809128	ἐπιθυμητῶν
5	1	63	1	12	5	2045	1718	41	21	95.601562	ἀπό
5	1	63	1	12	6	2101	1715	134	31	41.697395	γενικότερης
5	1	63	1	12	7	2249	1719	52	21	93.079857	πλευ
4	1	63	1	13	0	1592	1751	709	31	-1	
5	1	63	1	13	1	1592	1754	38	25	92.847717	ρᾶς
5	1	63	1	13	2	1644	1751	190	29	15.194412	δραστηριοτήτων.
5	1	63	1	13	3	1849	1752	149	23	55.450893	Ἐπιθάλλεται
5	1	63	1	13	4	2013	1753	73	22	41.674686	λοιπόν
5	1	63	1	13	5	2103	1754	55	21	92.587822	κατά
5	1	63	1	13	6	2175	1755	39	27	88.505859	τήν
5	1	63	1	13	7	2228	1754	73	28	72.752777	τελική
4	1	63	1	14	0	1591	1783	709	60	-1	
5	1	63	1	14	1	1591	1783	88	60	18.877045	βύβμση
5	1	63	1	14	2	1693	1791	36	18	95.501511	τοῦ
5	1	63	1	14	3	1743	1788	49	47	56.839119	ὅλου
5	1	63	1	14	4	1786	1789	114	51	11.074028	Ιώ
5	1	63	1	14	5	1904	1789	28	22	93.295067	νά
5	1	63	1	14	6	1946	1785	54	49	0.000000	δοθεῖ
5	1	63	1	14	7	2012	1785	107	56	0.000000	Ἰδιαίτερη
5	1	63	1	14	8	2135	1786	94	55	94.105690	προσοχή
5	1	63	1	14	9	2248	1790	52	50	33.718910	σή
2	1	64	0	0	0	1589	1827	711	593	-1	
3	1	64	1	0	0	1591	1827	709	127	-1	
4	1	64	1	1	0	1591	1827	709	61	-1	
5	1	64	1	1	1	1591	1827	164	59	0.000000	ποτολουμασικά,
5	1	64	1	1	2	1770	1856	26	20	93.248558	τά
5	1	64	1	1	3	1786	1836	6	4	0.000000	α
5	1	64	1	1	4	1810	1834	137	49	40.352421	προθλήµατα
5	1	64	1	1	5	1959	1836	137	48	36.375175	ρευστότητας
5	1	64	1	1	6	2110	1857	38	26	0.000000	πα
5	1	64	1	1	7	2163	1833	137	55	76.340118	ἀποδοτικότη
4	1	64	1	2	0	1591	1888	709	50	-1	
5	1	64	1	2	1	1591	1896	37	19	96.097389	τας
5	1	64	1	2	2	1643	1890	40	20	86.397202	πού
5	1	64	1	2	3	1701	1890	45	28	96.246208	ἔχει
5	1	64	1	2	4	1764	1890	148	28	35.787933	δημιουργήσει
5	1	64	1	2	5	1928	1891	44	25	86.681992	στἰς
5	1	64	1	2	6	1987	1891	101	28	80.139046	τράπεζες
5	1	64	1	2	7	2105	1891	14	28	86.015007	ἡ
5	1	64	1	2	8	2134	1892	43	22	90.219337	ἴδια
5	1	64	1	2	9	2193	1892	13	28	90.857506	ἡ
5	1	64	1	2	10	2217	1888	83	50	58.144455	ὕπαρξη
4	1	64	1	3	0	1592	1925	409	29	-1	
5	1	64	1	3	1	1592	1927	40	21	85.050812	τῶν
5	1	64	1	3	2	1649	1925	178	28	58.799942	ὑπερχρεωιμένων
5	1	64	1	3	3	1844	1926	157	28	27.328247	ἐπήχειρήσεω».
3	1	64	2	0	0	1589	1959	711	461	-1	
4	1	64	2	1	0	1621	1959	679	32	-1	
5	1	64	2	1	1	1621	1959	27	23	68.002701	Ἡ
5	1	64	2	1	2	1663	1961	87	28	74.399567	χαμηλή
5	1	64	2	1	3	1767	1961	82	28	96.436882	ζήτηση
5	1	64	2	1	4	1863	1962	38	28	93.280968	γιά
5	1	64	2	1	5	1914	1961	125	22	82.115891	ἐπενδυτικά
5	1	64	2	1	6	2053	1962	106	28	68.164711	κεφάλαια
5	1	64	2	1	7	2171	1963	35	21	63.492985	καὶ
5	1	64	2	1	8	2220	1963	14	28	90.614357	ἡ
5	1	64	2	1	9	2249	1964	51	27	89.739769	κάμ-
4	1	64	2	2	0	1591	1996	708	29	-1	
5	1	64	2	2	1	1591	1996	31	28	11.377983	ΨΗη
5	1	64	2	2	2	1635	1999	36	18	93.292000	τοῦ
5	1	64	2	2	3	1687	1997	74	27	85.975578	ρυθμοῦ
5	1	64	2	2	4	1778	1997	92	28	92.250153	αὔξησης
5	1	64	2	2	5	1885	2000	43	20	93.272835	τῶν
5	1	64	2	2	6	1940	1997	137	28	74.910492	ἐξαγωγυκῶν
5	1	64	2	2	7	2087	1998	125	25	57.610191	πιστώσεων,
5	1	64	2	2	8	2227	1999	40	21	92.952538	πού
5	1	64	2	2	9	2281	1999	18	21	88.188797	ἐ-
4	1	64	2	3	0	1591	2022	708	42	-1	
5	1	64	2	3	1	1591	2022	105	42	83.214287	πέδρασαν
5	1	64	2	3	2	1713	2033	102	27	44.365601	μειωτιχκά
5	1	64	2	3	3	1832	2033	38	21	46.166576	στά
5	1	64	2	3	4	1889	2032	108	28	86.782112	διαθέσιµα
5	1	64	2	3	5	2016	2035	38	27	93.266098	τῆς
5	1	64	2	3	6	2070	2032	97	30	49.276360	θνικῆς
5	1	64	2	3	7	2180	2033	119	29	95.535988	Τραπέζης,
4	1	64	2	4	0	1591	2067	708	32	-1	
5	1	64	2	4	1	1591	2067	99	28	93.223824	πρόσθεσε
5	1	64	2	4	2	1702	2068	12	21	77.884499	ὁ
5	1	64	2	4	3	1728	2075	23	15	93.165215	κ.
5	1	64	2	4	4	1767	2067	172	29	47.203136	Παναγόπουλος,
5	1	64	2	4	5	1953	2069	23	21	96.849815	σὲ
5	1	64	2	4	6	1990	2069	115	29	63.829605	συνδυασμό
5	1	64	2	4	7	2116	2069	26	29	61.711548	μέ
5	1	64	2	4	8	2157	2070	38	28	84.267639	τήν
5	1	64	2	4	9	2229	2070	70	29	84.267639	ὑψηλή
4	1	64	2	5	0	1591	2103	708	32	-1	
5	1	64	2	5	1	1591	2104	36	21	25.283752	Ἐπί
5	1	64	2	5	2	1642	2103	85	27	72.987221	τθλείως
5	1	64	2	5	3	1741	2104	127	30	80.589523	ἀνελαστική
5	1	64	2	5	4	1886	2105	82	29	95.527649	ζήτηση
5	1	64	2	5	5	1987	2106	52	22	93.294731	νέων
5	1	64	2	5	6	2054	2105	188	30	32.276642	θραχυπρόθεσµων
5	1	64	2	5	7	2268	2115	31	13	83.079254	πι-
4	1	64	2	6	0	1591	2140	708	32	-1	
5	1	64	2	6	1	1591	2140	95	23	90.250656	στώσεων
5	1	64	2	6	2	1699	2141	40	22	95.325226	ἀπό
5	1	64	2	6	3	1755	2141	81	29	74.061592	µεγάλο
5	1	64	2	6	4	1849	2141	73	29	79.110275	ἀριθμό
5	1	64	2	6	5	1937	2142	156	29	87.120049	ἐπιχειρήσεων,
5	1	64	2	6	6	2107	2143	45	27	84.000694	στίᾳ
5	1	64	2	6	7	2161	2143	70	27	91.354942	ὁποῖες
5	1	64	2	6	8	2243	2151	56	21	91.354942	περι-
4	1	64	2	7	0	1591	2176	708	32	-1	
5	1	64	2	7	1	1591	2176	138	29	60.700890	λαμθάνονται
5	1	64	2	7	2	1743	2179	36	21	80.678207	καί
5	1	64	2	7	3	1793	2179	19	21	92.905174	οἳ
5	1	64	2	7	4	1825	2177	174	31	74.372215	προθληµατυκές,
5	1	64	2	7	5	2011	2179	80	22	92.718803	ἔδωσαν
5	1	64	2	7	6	2103	2180	35	22	64.141891	τὸν
5	1	64	2	7	7	2148	2180	48	22	71.455414	τόνο
5	1	64	2	7	8	2206	2181	51	27	93.102364	στήν
5	1	64	2	7	9	2273	2181	26	21	43.892990	---
4	1	64	2	8	0	1591	2212	707	32	-1	
5	1	64	2	8	1	1591	2212	71	29	55.847515	ξέλιξη
5	1	64	2	8	2	1675	2216	41	20	93.262108	τῶν
5	1	64	2	8	3	1729	2214	94	28	88.059204	μεγεθῶν
5	1	64	2	8	4	1841	2221	44	21	93.294579	της.
5	1	64	2	8	5	1900	2214	125	29	39.785774	Βϊδικότερα
5	1	64	2	8	6	2039	2216	14	27	90.893814	ἡ
5	1	64	2	8	7	2065	2216	113	28	46.228786	π'στωτική
5	1	64	2	8	8	2194	2213	104	31	90.574905	ἐπέκτασή
4	1	64	2	9	0	1590	2249	708	31	-1	
5	1	64	2	9	1	1590	2255	37	22	96.547134	της
5	1	64	2	9	2	1639	2249	23	21	69.558357	τὸ
5	1	64	2	9	3	1675	2249	56	21	85.114265	1982
5	1	64	2	9	4	1747	2249	144	29	83.200790	ἐπηρεάστηκε
5	1	64	2	9	5	1905	2250	77	28	19.215042	κυρίως
5	1	64	2	9	6	1994	2251	40	21	94.917755	ἀπό
5	1	64	2	9	7	2044	2251	39	21	93.305756	δύο
5	1	64	2	9	8	2094	2251	98	26	51.866508	θασιχούς
5	1	64	2	9	9	2203	2252	95	28	43.240707	παράγον
4	1	64	2	10	0	1590	2283	708	32	-1	
5	1	64	2	10	1	1590	2291	38	18	60.305908	τες,
5	1	64	2	10	2	1644	2283	82	29	86.628792	Ἡρῶτο,
5	1	64	2	10	3	1740	2285	40	28	66.515678	τή»
5	1	64	2	10	4	1791	2285	72	28	87.464005	ὀψηλή
5	1	64	2	10	5	1877	2285	83	29	94.409286	ζήτηση
5	1	64	2	10	6	1972	2287	39	26	95.719223	γιά
5	1	64	2	10	7	2021	2287	45	25	56.787243	νέες
5	1	64	2	10	8	2079	2286	181	29	70.629005	θραχυπρόθεσµες
5	1	64	2	10	9	2275	2295	23	13	96.881050	πι
4	1	64	2	11	0	1589	2320	709	30	-1	
5	1	64	2	11	1	1589	2320	85	25	26.787544	σιώσεις
5	1	64	2	11	2	1687	2320	42	21	93.264343	ἀπό
5	1	64	2	11	3	1743	2320	140	28	91.391327	ἀπιχειρήσεις
5	1	64	2	11	4	1895	2321	40	21	93.293068	πού
5	1	64	2	11	5	1949	2322	62	26	93.063866	ἔχουν
5	1	64	2	11	6	2024	2322	40	28	88.779594	ἤδη
5	1	64	2	11	7	2076	2326	163	24	87.344772	χαρακτηριστεῖ
5	1	64	2	11	8	2250	2330	48	20	92.651993	προ-
4	1	64	2	12	0	1589	2355	709	31	-1	
5	1	64	2	12	1	1589	2355	133	28	62.635895	δληµατικές,
5	1	64	2	12	2	1738	2356	57	25	96.627296	ὅπως
5	1	64	2	12	3	1809	2357	36	20	42.986740	καὶ
5	1	64	2	12	4	1861	2357	41	20	75.019608	ἀπὸ
5	1	64	2	12	5	1921	2357	106	27	12.162567	δρισμένες
5	1	64	2	12	6	2041	2357	91	28	85.579941	µεγάλες
5	1	64	2	12	7	2160	2357	138	29	75.183609	ὀπιχειρήσεις
4	1	64	2	13	0	1589	2391	709	29	-1	
5	1	64	2	13	1	1589	2391	18	20	77.259819	οἳ
5	1	64	2	13	2	1623	2391	77	25	23.231010	ὁποῖες,
5	1	64	2	13	3	1713	2392	66	27	96.687561	χωρίς
5	1	64	2	13	4	1793	2392	26	21	81.525078	νά,
5	1	64	2	13	5	1834	2391	53	22	89.482986	εἶναι
5	1	64	2	13	6	1901	2392	72	28	19.460678	ἀκόμηι
5	1	64	2	13	7	1981	2392	176	28	37.766357	προθληµαπιχές,
5	1	64	2	13	8	2170	2393	52	22	90.954971	εἶναι
5	1	64	2	13	9	2239	2394	59	21	84.873558	δυνα-
2	1	65	0	0	0	1589	2426	729	31	-1	
3	1	65	1	0	0	1589	2426	729	31	-1	
4	1	65	1	1	0	1589	2426	729	31	-1	
5	1	65	1	1	1	1589	2426	23	20	67.633438	τό
5	1	65	1	1	2	1625	2427	26	21	93.282280	νά
5	1	65	1	1	3	1662	2426	118	28	82.949463	ὁδηγηθοῦν
5	1	65	1	1	4	1792	2427	52	27	50.560436	πρὸς
5	1	65	1	1	5	1857	2427	37	27	94.322975	τήν
5	1	65	1	1	6	1906	2427	130	29	76.392014	κατεύθυνση
5	1	65	1	1	7	2044	2428	62	28	92.830902	αὐτή,
5	1	65	1	1	8	2118	2429	26	21	96.112228	ἄν
5	1	65	1	1	9	2157	2428	37	22	93.248528	δέν
5	1	65	1	1	10	2206	2428	90	29	91.776733	ληφθοῦν
5	1	65	1	1	11	2313	2436	5	4	83.647926	:
2	1	66	0	0	0	1589	2461	709	95	-1	
3	1	66	1	0	0	1589	2461	709	95	-1	
4	1	66	1	1	0	1589	2461	335	29	-1	
5	1	66	1	1	1	1589	2461	97	28	54.217064	ὁρισµένα
5	1	66	1	1	2	1701	2461	134	29	89.095901	προληπτικά
5	1	66	1	1	3	1852	2463	72	27	81.532150	µέτρα.
4	1	66	1	2	0	1618	2495	680	33	-1	
5	1	66	1	2	1	1618	2495	166	30	0.000000	Αναφερόμενος
5	1	66	1	2	2	1795	2497	41	28	88.412224	στή
5	1	66	1	2	3	1844	2498	148	28	93.301506	συγκέντρωση
5	1	66	1	2	4	2004	2501	130	19	91.759689	πιστωτικῶν
5	1	66	1	2	5	2148	2499	68	29	90.501389	µέσων
5	1	66	1	2	6	2228	2500	12	21	91.780579	ὁ
5	1	66	1	2	7	2253	2498	45	22	91.404289	Διοι
4	1	66	1	3	0	1781	2533	451	23	-1	
5	1	66	1	3	1	1781	2540	17	6	32.484482	Ξ-
5	1	66	1	3	2	1812	2533	92	23	90.830658	Συνέχεια
5	1	66	1	3	3	1915	2533	49	23	88.864571	σπήν
5	1	66	1	3	4	1974	2533	25	23	92.431091	4η
5	1	66	1	3	5	2010	2533	69	19	71.525383	σελίδα
5	1	66	1	3	6	2092	2541	17	7	92.929962	--
5	1	66	1	3	7	2230	2553	2	3	0.000000	'
2	1	67	0	0	0	2232	2609	53	1	-1	
3	1	67	1	0	0	2232	2609	53	1	-1	
4	1	67	1	1	0	2232	2609	53	1	-1	
5	1	67	1	1	1	2232	2609	53	1	95.000000	 
2	1	68	0	0	0	1764	2613	26	1	-1	
3	1	68	1	0	0	1764	2613	26	1	-1	
4	1	68	1	1	0	1764	2613	26	1	-1	
5	1	68	1	1	1	1764	2613	26	1	95.000000	 
2	1	69	0	0	0	2266	2615	27	1	-1	
3	1	69	1	0	0	2266	2615	27	1	-1	
4	1	69	1	1	0	2266	2615	27	1	-1	
5	1	69	1	1	1	2266	2615	27	1	95.000000	 
2	1	70	0	0	0	2261	2608	1	17	-1	
3	1	70	1	0	0	2261	2608	1	17	-1	
4	1	70	1	1	0	2261	2608	1	17	-1	
5	1	70	1	1	1	2261	2608	1	17	95.000000	 
2	1	71	0	0	0	1763	2615	17	1	-1	
3	1	71	1	0	0	1763	2615	17	1	-1	
4	1	71	1	1	0	1763	2615	17	1	-1	
5	1	71	1	1	1	1763	2615	17	1	95.000000	 
2	1	72	0	0	0	2281	2608	1	20	-1	
3	1	72	1	0	0	2281	2608	1	20	-1	
4	1	72	1	1	0	2281	2608	1	20	-1	
5	1	72	1	1	1	2281	2608	1	20	95.000000	 
2	1	73	0	0	0	1779	2607	1	19	-1	
3	1	73	1	0	0	1779	2607	1	19	-1	
4	1	73	1	1	0	1779	2607	1	19	-1	
5	1	73	1	1	1	1779	2607	1	19	95.000000	 
2	1	74	0	0	0	2271	2608	1	21	-1	
3	1	74	1	0	0	2271	2608	1	21	-1	
4	1	74	1	1	0	2271	2608	1	21	-1	
5	1	74	1	1	1	2271	2608	1	21	95.000000	 
2	1	75	0	0	0	2247	2619	30	1	-1	
3	1	75	1	0	0	2247	2619	30	1	-1	
4	1	75	1	1	0	2247	2619	30	1	-1	
5	1	75	1	1	1	2247	2619	30	1	95.000000	 
2	1	76	0	0	0	1739	2607	1	24	-1	
3	1	76	1	0	0	1739	2607	1	24	-1	
4	1	76	1	1	0	1739	2607	1	24	-1	
5	1	76	1	1	1	1739	2607	1	24	95.000000	 
2	1	77	0	0	0	1779	2617	50	3	-1	
3	1	77	1	0	0	1779	2617	50	3	-1	
4	1	77	1	1	0	1779	2617	50	3	-1	
5	1	77	1	1	1	1779	2617	50	3	95.000000	 
2	1	78	0	0	0	2275	2611	1	20	-1	
3	1	78	1	0	0	2275	2611	1	20	-1	
4	1	78	1	1	0	2275	2611	1	20	-1	
5	1	78	1	1	1	2275	2611	1	20	95.000000	 
2	1	79	0	0	0	2291	2609	1	24	-1	
3	1	79	1	0	0	2291	2609	1	24	-1	
4	1	79	1	1	0	2291	2609	1	24	-1	
5	1	79	1	1	1	2291	2609	1	24	95.000000	 
2	1	80	0	0	0	2267	2621	21	1	-1	
3	1	80	1	0	0	2267	2621	21	1	-1	
4	1	80	1	1	0	2267	2621	21	1	-1	
5	1	80	1	1	1	2267	2621	21	1	95.000000	 
2	1	81	0	0	0	2270	2625	25	1	-1	
3	1	81	1	0	0	2270	2625	25	1	-1	
4	1	81	1	1	0	2270	2625	25	1	-1	
5	1	81	1	1	1	2270	2625	25	1	95.000000	 
2	1	82	0	0	0	1759	2617	1	18	-1	
3	1	82	1	0	0	1759	2617	1	18	-1	
4	1	82	1	1	0	1759	2617	1	18	-1	
5	1	82	1	1	1	1759	2617	1	18	95.000000	 
2	1	83	0	0	0	1757	2629	71	1	-1	
3	1	83	1	0	0	1757	2629	71	1	-1	
4	1	83	1	1	0	1757	2629	71	1	-1	
5	1	83	1	1	1	1757	2629	71	1	95.000000	 
2	1	84	0	0	0	1747	2633	33	1	-1	
3	1	84	1	0	0	1747	2633	33	1	-1	
4	1	84	1	1	0	1747	2633	33	1	-1	
5	1	84	1	1	1	1747	2633	33	1	95.000000	 
2	1	85	0	0	0	1783	2607	1	34	-1	
3	1	85	1	0	0	1783	2607	1	34	-1	
4	1	85	1	1	0	1783	2607	1	34	-1	
5	1	85	1	1	1	1783	2607	1	34	95.000000	 
2	1	86	0	0	0	1763	2614	1	25	-1	
3	1	86	1	0	0	1763	2614	1	25	-1	
4	1	86	1	1	0	1763	2614	1	25	-1	
5	1	86	1	1	1	1763	2614	1	25	95.000000	 
2	1	87	0	0	0	1685	2624	1	19	-1	
3	1	87	1	0	0	1685	2624	1	19	-1	
4	1	87	1	1	0	1685	2624	1	19	-1	
5	1	87	1	1	1	1685	2624	1	19	95.000000	 
2	1	88	0	0	0	1665	2626	1	19	-1	
3	1	88	1	0	0	1665	2626	1	19	-1	
4	1	88	1	1	0	1665	2626	1	19	-1	
5	1	88	1	1	1	1665	2626	1	19	95.000000	 
2	1	89	0	0	0	1713	2649	18	1	-1	
3	1	89	1	0	0	1713	2649	18	1	-1	
4	1	89	1	1	0	1713	2649	18	1	-1	
5	1	89	1	1	1	1713	2649	18	1	95.000000	 
2	1	90	0	0	0	1728	2611	3	54	-1	
3	1	90	1	0	0	1728	2611	3	54	-1	
4	1	90	1	1	0	1728	2611	3	54	-1	
5	1	90	1	1	1	1728	2611	3	54	95.000000	 
2	1	91	0	0	0	1714	2644	3	19	-1	
3	1	91	1	0	0	1714	2644	3	19	-1	
4	1	91	1	1	0	1714	2644	3	19	-1	
5	1	91	1	1	1	1714	2644	3	19	95.000000	 
2	1	92	0	0	0	1713	2658	23	2	-1	
3	1	92	1	0	0	1713	2658	23	2	-1	
4	1	92	1	1	0	1713	2658	23	2	-1	
5	1	92	1	1	1	1713	2658	23	2	95.000000	 
2	1	93	0	0	0	1985	2692	1	17	-1	
3	1	93	1	0	0	1985	2692	1	17	-1	
4	1	93	1	1	0	1985	2692	1	17	-1	
5	1	93	1	1	1	1985	2692	1	17	95.000000	 
2	1	94	0	0	0	2262	2729	29	1	-1	
3	1	94	1	0	0	2262	2729	29	1	-1	
4	1	94	1	1	0	2262	2729	29	1	-1	
5	1	94	1	1	1	2262	2729	29	1	95.000000	 
2	1	95	0	0	0	2274	2611	5	135	-1	
3	1	95	1	0	0	2274	2611	5	135	-1	
4	1	95	1	1	0	2274	2611	5	135	-1	
5	1	95	1	1	1	2274	2611	5	135	95.000000	 
2	1	96	0	0	0	2272	2739	18	1	-1	
3	1	96	1	0	0	2272	2739	18	1	-1	
4	1	96	1	1	0	2272	2739	18	1	-1	
5	1	96	1	1	1	2272	2739	18	1	95.000000	 
2	1	97	0	0	0	2274	2743	20	1	-1	
3	1	97	1	0	0	2274	2743	20	1	-1	
4	1	97	1	1	0	2274	2743	20	1	-1	
5	1	97	1	1	1	2274	2743	20	1	95.000000	 
2	1	98	0	0	0	2254	2751	30	1	-1	
3	1	98	1	0	0	2254	2751	30	1	-1	
4	1	98	1	1	0	2254	2751	30	1	-1	
5	1	98	1	1	1	2254	2751	30	1	95.000000	 
2	1	99	0	0	0	2264	2754	33	2	-1	
3	1	99	1	0	0	2264	2754	33	2	-1	
4	1	99	1	1	0	2264	2754	33	2	-1	
5	1	99	1	1	1	2264	2754	33	2	95.000000	 
2	1	100	0	0	0	1847	2753	18	1	-1	
3	1	100	1	0	0	1847	2753	18	1	-1	
4	1	100	1	1	0	1847	2753	18	1	-1	
5	1	100	1	1	1	1847	2753	18	1	95.000000	 
2	1	101	0	0	0	1826	2757	39	1	-1	
3	1	101	1	0	0	1826	2757	39	1	-1	
4	1	101	1	1	0	1826	2757	39	1	-1	
5	1	101	1	1	1	1826	2757	39	1	95.000000	 
2	1	102	0	0	0	2274	2761	19	1	-1	
3	1	102	1	0	0	2274	2761	19	1	-1	
4	1	102	1	1	0	2274	2761	19	1	-1	
5	1	102	1	1	1	2274	2761	19	1	95.000000	 
2	1	103	0	0	0	2280	2608	3	159	-1	
3	1	103	1	0	0	2280	2608	3	159	-1	
4	1	103	1	1	0	2280	2608	3	159	-1	
5	1	103	1	1	1	2280	2608	3	159	95.000000	 
2	1	104	0	0	0	1812	2612	3	169	-1	
3	1	104	1	0	0	1812	2612	3	169	-1	
4	1	104	1	1	0	1812	2612	3	169	-1	
5	1	104	1	1	1	1812	2612	3	169	95.000000	 
2	1	105	0	0	0	2267	2729	1	42	-1	
3	1	105	1	0	0	2267	2729	1	42	-1	
4	1	105	1	1	0	2267	2729	1	42	-1	
5	1	105	1	1	1	2267	2729	1	42	95.000000	 
2	1	106	0	0	0	2287	2729	1	41	-1	
3	1	106	1	0	0	2287	2729	1	41	-1	
4	1	106	1	1	0	2287	2729	1	41	-1	
5	1	106	1	1	1	2287	2729	1	41	95.000000	 
2	1	107	0	0	0	1859	2743	1	25	-1	
3	1	107	1	0	0	1859	2743	1	25	-1	
4	1	107	1	1	0	1859	2743	1	25	-1	
5	1	107	1	1	1	1859	2743	1	25	95.000000	 
2	1	108	0	0	0	1839	2749	1	18	-1	
3	1	108	1	0	0	1839	2749	1	18	-1	
4	1	108	1	1	0	1839	2749	1	18	-1	
5	1	108	1	1	1	1839	2749	1	18	95.000000	 
2	1	109	0	0	0	1863	2747	1	27	-1	
3	1	109	1	0	0	1863	2747	1	27	-1	
4	1	109	1	1	0	1863	2747	1	27	-1	
5	1	109	1	1	1	1863	2747	1	27	95.000000	 
2	1	110	0	0	0	1825	2761	33	1	-1	
3	1	110	1	0	0	1825	2761	33	1	-1	
4	1	110	1	1	0	1825	2761	33	1	-1	
5	1	110	1	1	1	1825	2761	33	1	95.000000	 
2	1	111	0	0	0	1811	2763	19	1	-1	
3	1	111	1	0	0	1811	2763	19	1	-1	
4	1	111	1	1	0	1811	2763	19	1	-1	
5	1	111	1	1	1	1811	2763	19	1	95.000000	 
2	1	112	0	0	0	2265	2765	27	1	-1	
3	1	112	1	0	0	2265	2765	27	1	-1	
4	1	112	1	1	0	2265	2765	27	1	-1	
5	1	112	1	1	1	2265	2765	27	1	95.000000	 
2	1	113	0	0	0	1826	2765	24	1	-1	
3	1	113	1	0	0	1826	2765	24	1	-1	
4	1	113	1	1	0	1826	2765	24	1	-1	
5	1	113	1	1	1	1826	2765	24	1	95.000000	 
2	1	114	0	0	0	2247	2769	30	1	-1	
3	1	114	1	0	0	2247	2769	30	1	-1	
4	1	114	1	1	0	2247	2769	30	1	-1	
5	1	114	1	1	1	2247	2769	30	1	95.000000	 
2	1	115	0	0	0	1827	2756	1	25	-1	
3	1	115	1	0	0	1827	2756	1	25	-1	
4	1	115	1	1	0	1827	2756	1	25	-1	
5	1	115	1	1	1	1827	2756	1	25	95.000000	 
2	1	116	0	0	0	2243	2773	17	1	-1	
3	1	116	1	0	0	2243	2773	17	1	-1	
4	1	116	1	1	0	2243	2773	17	1	-1	
5	1	116	1	1	1	2243	2773	17	1	95.000000	 
2	1	117	0	0	0	2245	2777	23	1	-1	
3	1	117	1	0	0	2245	2777	23	1	-1	
4	1	117	1	1	0	2245	2777	23	1	-1	
5	1	117	1	1	1	2245	2777	23	1	95.000000	 
2	1	118	0	0	0	1812	2779	51	1	-1	
3	1	118	1	0	0	1812	2779	51	1	-1	
4	1	118	1	1	0	1812	2779	51	1	-1	
5	1	118	1	1	1	1812	2779	51	1	95.000000	 
2	1	119	0	0	0	2257	2742	1	58	-1	
3	1	119	1	0	0	2257	2742	1	58	-1	
4	1	119	1	1	0	2257	2742	1	58	-1	
5	1	119	1	1	1	2257	2742	1	58	95.000000	 
2	1	120	0	0	0	2247	2765	1	34	-1	
3	1	120	1	0	0	2247	2765	1	34	-1	
4	1	120	1	1	0	2247	2765	1	34	-1	
5	1	120	1	1	1	2247	2765	1	34	95.000000	 
2	1	121	0	0	0	1803	2780	1	18	-1	
3	1	121	1	0	0	1803	2780	1	18	-1	
4	1	121	1	1	0	1803	2780	1	18	-1	
5	1	121	1	1	1	1803	2780	1	18	95.000000	 
2	1	122	0	0	0	1607	2574	594	258	-1	
3	1	122	1	0	0	1607	2574	594	258	-1	
4	1	122	1	1	0	1607	2574	594	258	-1	
5	1	122	1	1	1	1607	2574	594	258	95.000000	 
2	1	123	0	0	0	1777	2796	1	22	-1	
3	1	123	1	0	0	1777	2796	1	22	-1	
4	1	123	1	1	0	1777	2796	1	22	-1	
5	1	123	1	1	1	1777	2796	1	22	95.000000	 
2	1	124	0	0	0	2090	2836	103	3	-1	
3	1	124	1	0	0	2090	2836	103	3	-1	
4	1	124	1	1	0	2090	2836	103	3	-1	
5	1	124	1	1	1	2090	2836	103	3	95.000000	 
2	1	125	0	0	0	2083	2835	110	7	-1	
3	1	125	1	0	0	2083	2835	110	7	-1	
4	1	125	1	1	0	2083	2835	110	7	-1	
5	1	125	1	1	1	2083	2835	110	7	95.000000	 
2	1	126	0	0	0	2005	2830	1	19	-1	
3	1	126	1	0	0	2005	2830	1	19	-1	
4	1	126	1	1	0	2005	2830	1	19	-1	
5	1	126	1	1	1	2005	2830	1	19	95.000000	 
2	1	127	0	0	0	2083	2840	96	3	-1	
3	1	127	1	0	0	2083	2840	96	3	-1	
4	1	127	1	1	0	2083	2840	96	3	-1	
5	1	127	1	1	1	2083	2840	96	3	95.000000	 
2	1	128	0	0	0	1867	2827	1	30	-1	
3	1	128	1	0	0	1867	2827	1	30	-1	
4	1	128	1	1	0	1867	2827	1	30	-1	
5	1	128	1	1	1	1867	2827	1	30	95.000000	 
2	1	129	0	0	0	2177	2835	1	19	-1	
3	1	129	1	0	0	2177	2835	1	19	-1	
4	1	129	1	1	0	2177	2835	1	19	-1	
5	1	129	1	1	1	2177	2835	1	19	95.000000	 
2	1	130	0	0	0	2152	2845	22	1	-1	
3	1	130	1	0	0	2152	2845	22	1	-1	
4	1	130	1	1	0	2152	2845	22	1	-1	
5	1	130	1	1	1	2152	2845	22	1	95.000000	 
2	1	131	0	0	0	2157	2834	1	24	-1	
3	1	131	1	0	0	2157	2834	1	24	-1	
4	1	131	1	1	0	2157	2834	1	24	-1	
5	1	131	1	1	1	2157	2834	1	24	95.000000	 
2	1	132	0	0	0	2107	2836	1	19	-1	
3	1	132	1	0	0	2107	2836	1	19	-1	
4	1	132	1	1	0	2107	2836	1	19	-1	
5	1	132	1	1	1	2107	2836	1	19	95.000000	 
2	1	133	0	0	0	2073	2851	35	1	-1	
3	1	133	1	0	0	2073	2851	35	1	-1	
4	1	133	1	1	0	2073	2851	35	1	-1	
5	1	133	1	1	1	2073	2851	35	1	95.000000	 
2	1	134	0	0	0	2062	2855	19	1	-1	
3	1	134	1	0	0	2062	2855	19	1	-1	
4	1	134	1	1	0	2062	2855	19	1	-1	
5	1	134	1	1	1	2062	2855	19	1	95.000000	 
2	1	135	0	0	0	2076	2857	23	1	-1	
3	1	135	1	0	0	2076	2857	23	1	-1	
4	1	135	1	1	0	2076	2857	23	1	-1	
5	1	135	1	1	1	2076	2857	23	1	95.000000	 
2	1	136	0	0	0	2083	2832	1	31	-1	
3	1	136	1	0	0	2083	2832	1	31	-1	
4	1	136	1	1	0	2083	2832	1	31	-1	
5	1	136	1	1	1	2083	2832	1	31	95.000000	 
2	1	137	0	0	0	2126	2833	3	39	-1	
3	1	137	1	0	0	2126	2833	3	39	-1	
4	1	137	1	1	0	2126	2833	3	39	-1	
5	1	137	1	1	1	2126	2833	3	39	95.000000	 
2	1	138	0	0	0	1939	2847	1	18	-1	
3	1	138	1	0	0	1939	2847	1	18	-1	
4	1	138	1	1	0	1939	2847	1	18	-1	
5	1	138	1	1	1	1939	2847	1	18	95.000000	 
2	1	139	0	0	0	2077	2848	1	17	-1	
3	1	139	1	0	0	2077	2848	1	17	-1	
4	1	139	1	1	0	2077	2848	1	17	-1	
5	1	139	1	1	1	2077	2848	1	17	95.000000	 
2	1	140	0	0	0	2062	2852	3	17	-1	
3	1	140	1	0	0	2062	2852	3	17	-1	
4	1	140	1	1	0	2062	2852	3	17	-1	
5	1	140	1	1	1	2062	2852	3	17	95.000000	 
2	1	141	0	0	0	2063	2861	18	1	-1	
3	1	141	1	0	0	2063	2861	18	1	-1	
4	1	141	1	1	0	2063	2861	18	1	-1	
5	1	141	1	1	1	2063	2861	18	1	95.000000	 
2	1	142	0	0	0	2062	2871	43	1	-1	
3	1	142	1	0	0	2062	2871	43	1	-1	
4	1	142	1	1	0	2062	2871	43	1	-1	
5	1	142	1	1	1	2062	2871	43	1	95.000000	 
2	1	143	0	0	0	2173	2869	1	18	-1	
3	1	143	1	0	0	2173	2869	1	18	-1	
4	1	143	1	1	0	2173	2869	1	18	-1	
5	1	143	1	1	1	2173	2869	1	18	95.000000	 
2	1	144	0	0	0	2070	2881	41	1	-1	
3	1	144	1	0	0	2070	2881	41	1	-1	
4	1	144	1	1	0	2070	2881	41	1	-1	
5	1	144	1	1	1	2070	2881	41	1	95.000000	 
2	1	145	0	0	0	1815	2617	9	288	-1	
3	1	145	1	0	0	1815	2617	9	288	-1	
4	1	145	1	1	0	1815	2617	9	288	-1	
5	1	145	1	1	1	1815	2617	9	288	95.000000	 
2	1	146	0	0	0	1847	2742	3	155	-1	
3	1	146	1	0	0	1847	2742	3	155	-1	
4	1	146	1	1	0	1847	2742	3	155	-1	
5	1	146	1	1	1	1847	2742	3	155	95.000000	 
2	1	147	0	0	0	1846	2759	3	138	-1	
3	1	147	1	0	0	1846	2759	3	138	-1	
4	1	147	1	1	0	1846	2759	3	138	-1	
5	1	147	1	1	1	1846	2759	3	138	95.000000	 
2	1	148	0	0	0	2092	2833	3	60	-1	
3	1	148	1	0	0	2092	2833	3	60	-1	
4	1	148	1	1	0	2092	2833	3	60	-1	
5	1	148	1	1	1	2092	2833	3	60	95.000000	 
2	1	149	0	0	0	2208	2854	19	50	-1	
3	1	149	1	0	0	2208	2854	19	50	-1	
4	1	149	1	1	0	2208	2854	19	50	-1	
5	1	149	1	1	1	2208	2854	19	50	38.126072	λος
2	1	150	0	0	0	2103	2870	1	21	-1	
3	1	150	1	0	0	2103	2870	1	21	-1	
4	1	150	1	1	0	2103	2870	1	21	-1	
5	1	150	1	1	1	2103	2870	1	21	95.000000	 
2	1	151	0	0	0	2123	2874	1	26	-1	
3	1	151	1	0	0	2123	2874	1	26	-1	
4	1	151	1	1	0	2123	2874	1	26	-1	
5	1	151	1	1	1	2123	2874	1	26	95.000000	 
2	1	152	0	0	0	1807	2877	1	19	-1	
3	1	152	1	0	0	1807	2877	1	19	-1	
4	1	152	1	1	0	1807	2877	1	19	-1	
5	1	152	1	1	1	1807	2877	1	19	95.000000	 
2	1	153	0	0	0	1802	2889	27	1	-1	
3	1	153	1	0	0	1802	2889	27	1	-1	
4	1	153	1	1	0	1802	2889	27	1	-1	
5	1	153	1	1	1	1802	2889	27	1	95.000000	 
2	1	154	0	0	0	1945	2884	1	16	-1	
3	1	154	1	0	0	1945	2884	1	16	-1	
4	1	154	1	1	0	1945	2884	1	16	-1	
5	1	154	1	1	1	1945	2884	1	16	95.000000	 
2	1	155	0	0	0	1805	2893	64	1	-1	
3	1	155	1	0	0	1805	2893	64	1	-1	
4	1	155	1	1	0	1805	2893	64	1	-1	
5	1	155	1	1	1	1805	2893	64	1	95.000000	 
2	1	156	0	0	0	2245	2765	3	195	-1	
3	1	156	1	0	0	2245	2765	3	195	-1	
4	1	156	1	1	0	2245	2765	3	195	-1	
5	1	156	1	1	1	2245	2765	3	195	95.000000	 
2	1	157	0	0	0	2161	2829	3	132	-1	
3	1	157	1	0	0	2161	2829	3	132	-1	
4	1	157	1	1	0	2161	2829	3	132	-1	
5	1	157	1	1	1	2161	2829	3	132	95.000000	 
2	1	158	0	0	0	2209	2928	9	13	-1	
3	1	158	1	0	0	2209	2928	9	13	-1	
4	1	158	1	1	0	2209	2928	9	13	-1	
5	1	158	1	1	1	2209	2928	9	13	34.306549	γε
2	1	159	0	0	0	2264	2937	24	1	-1	
3	1	159	1	0	0	2264	2937	24	1	-1	
4	1	159	1	1	0	2264	2937	24	1	-1	
5	1	159	1	1	1	2264	2937	24	1	95.000000	 
2	1	160	0	0	0	2285	2930	1	19	-1	
3	1	160	1	0	0	2285	2930	1	19	-1	
4	1	160	1	1	0	2285	2930	1	19	-1	
5	1	160	1	1	1	2285	2930	1	19	95.000000	 
2	1	161	0	0	0	2265	2929	1	23	-1	
3	1	161	1	0	0	2265	2929	1	23	-1	
4	1	161	1	1	0	2265	2929	1	23	-1	
5	1	161	1	1	1	2265	2929	1	23	95.000000	 
2	1	162	0	0	0	2229	2941	17	1	-1	
3	1	162	1	0	0	2229	2941	17	1	-1	
4	1	162	1	1	0	2229	2941	17	1	-1	
5	1	162	1	1	1	2229	2941	17	1	95.000000	 
2	1	163	0	0	0	1851	2932	1	19	-1	
3	1	163	1	0	0	1851	2932	1	19	-1	
4	1	163	1	1	0	1851	2932	1	19	-1	
5	1	163	1	1	1	1851	2932	1	19	95.000000	 
2	1	164	0	0	0	2275	2931	1	26	-1	
3	1	164	1	0	0	2275	2931	1	26	-1	
4	1	164	1	1	0	2275	2931	1	26	-1	
5	1	164	1	1	1	2275	2931	1	26	95.000000	 
2	1	165	0	0	0	2201	2936	1	22	-1	
3	1	165	1	0	0	2201	2936	1	22	-1	
4	1	165	1	1	0	2201	2936	1	22	-1	
5	1	165	1	1	1	2201	2936	1	22	95.000000	 
2	1	166	0	0	0	2183	2947	110	1	-1	
3	1	166	1	0	0	2183	2947	110	1	-1	
4	1	166	1	1	0	2183	2947	110	1	-1	
5	1	166	1	1	1	2183	2947	110	1	95.000000	 
2	1	167	0	0	0	2232	2951	53	1	-1	
3	1	167	1	0	0	2232	2951	53	1	-1	
4	1	167	1	1	0	2232	2951	53	1	-1	
5	1	167	1	1	1	2232	2951	53	1	95.000000	 
2	1	168	0	0	0	2211	2961	20	1	-1	
3	1	168	1	0	0	2211	2961	20	1	-1	
4	1	168	1	1	0	2211	2961	20	1	-1	
5	1	168	1	1	1	2211	2961	20	1	95.000000	 
2	1	169	0	0	0	2195	2944	1	19	-1	
3	1	169	1	0	0	2195	2944	1	19	-1	
4	1	169	1	1	0	2195	2944	1	19	-1	
5	1	169	1	1	1	2195	2944	1	19	95.000000	 
2	1	170	0	0	0	2215	2946	1	17	-1	
3	1	170	1	0	0	2215	2946	1	17	-1	
4	1	170	1	1	0	2215	2946	1	17	-1	
5	1	170	1	1	1	2215	2946	1	17	95.000000	 
2	1	171	0	0	0	2207	2971	18	1	-1	
3	1	171	1	0	0	2207	2971	18	1	-1	
4	1	171	1	1	0	2207	2971	18	1	-1	
5	1	171	1	1	1	2207	2971	18	1	95.000000	 
2	1	172	0	0	0	2217	2961	1	22	-1	
3	1	172	1	0	0	2217	2961	1	22	-1	
4	1	172	1	1	0	2217	2961	1	22	-1	
5	1	172	1	1	1	2217	2961	1	22	95.000000	 
2	1	173	0	0	0	2208	2975	18	1	-1	
3	1	173	1	0	0	2208	2975	18	1	-1	
4	1	173	1	1	0	2208	2975	18	1	-1	
5	1	173	1	1	1	2208	2975	18	1	95.000000	 
2	1	174	0	0	0	2221	2966	1	21	-1	
3	1	174	1	0	0	2221	2966	1	21	-1	
4	1	174	1	1	0	2221	2966	1	21	-1	
5	1	174	1	1	1	2221	2966	1	21	95.000000	 
2	1	175	0	0	0	2231	2926	1	69	-1	
3	1	175	1	0	0	2231	2926	1	69	-1	
4	1	175	1	1	0	2231	2926	1	69	-1	
5	1	175	1	1	1	2231	2926	1	69	95.000000	 
2	1	176	0	0	0	2227	2972	1	24	-1	
3	1	176	1	0	0	2227	2972	1	24	-1	
4	1	176	1	1	0	2227	2972	1	24	-1	
5	1	176	1	1	1	2227	2972	1	24	95.000000	 
2	1	177	0	0	0	2222	2987	17	1	-1	
3	1	177	1	0	0	2222	2987	17	1	-1	
4	1	177	1	1	0	2222	2987	17	1	-1	
5	1	177	1	1	1	2222	2987	17	1	95.000000	 
2	1	178	0	0	0	2226	2993	22	1	-1	
3	1	178	1	0	0	2226	2993	22	1	-1	
4	1	178	1	1	0	2226	2993	22	1	-1	
5	1	178	1	1	1	2226	2993	22	1	95.000000	 
2	1	179	0	0	0	1707	2991	1	20	-1	
3	1	179	1	0	0	1707	2991	1	20	-1	
4	1	179	1	1	0	1707	2991	1	20	-1	
5	1	179	1	1	1	1707	2991	1	20	95.000000	 
2	1	180	0	0	0	1637	3001	1	18	-1	
3	1	180	1	0	0	1637	3001	1	18	-1	
4	1	180	1	1	0	1637	3001	1	18	-1	
5	1	180	1	1	1	1637	3001	1	18	95.000000	 
2	1	181	0	0	0	1612	3015	29	1	-1	
3	1	181	1	0	0	1612	3015	29	1	-1	
4	1	181	1	1	0	1612	3015	29	1	-1	
5	1	181	1	1	1	1612	3015	29	1	95.000000	 
2	1	182	0	0	0	1985	3009	1	26	-1	
3	1	182	1	0	0	1985	3009	1	26	-1	
4	1	182	1	1	0	1985	3009	1	26	-1	
5	1	182	1	1	1	1985	3009	1	26	95.000000	 
2	1	183	0	0	0	1999	3012	1	22	-1	
3	1	183	1	0	0	1999	3012	1	22	-1	
4	1	183	1	1	0	1999	3012	1	22	-1	
5	1	183	1	1	1	1999	3012	1	22	95.000000	 
2	1	184	0	0	0	1982	3031	20	1	-1	
3	1	184	1	0	0	1982	3031	20	1	-1	
4	1	184	1	1	0	1982	3031	20	1	-1	
5	1	184	1	1	1	1982	3031	20	1	95.000000	 
2	1	185	0	0	0	1618	3031	22	1	-1	
3	1	185	1	0	0	1618	3031	22	1	-1	
4	1	185	1	1	0	1618	3031	22	1	-1	
5	1	185	1	1	1	1618	3031	22	1	95.000000	 
2	1	186	0	0	0	1629	3015	1	26	-1	
3	1	186	1	0	0	1629	3015	1	26	-1	
4	1	186	1	1	0	1629	3015	1	26	-1	
5	1	186	1	1	1	1629	3015	1	26	95.000000	 
2	1	187	0	0	0	1619	3026	1	18	-1	
3	1	187	1	0	0	1619	3026	1	18	-1	
4	1	187	1	1	0	1619	3026	1	18	-1	
5	1	187	1	1	1	1619	3026	1	18	95.000000	 
2	1	188	0	0	0	1616	3035	19	1	-1	
3	1	188	1	0	0	1616	3035	19	1	-1	
4	1	188	1	1	0	1616	3035	19	1	-1	
5	1	188	1	1	1	1616	3035	19	1	95.000000	 
2	1	189	0	0	0	1597	3037	146	3	-1	
3	1	189	1	0	0	1597	3037	146	3	-1	
4	1	189	1	1	0	1597	3037	146	3	-1	
5	1	189	1	1	1	1597	3037	146	3	95.000000	 
2	1	190	0	0	0	1737	3027	1	23	-1	
3	1	190	1	0	0	1737	3027	1	23	-1	
4	1	190	1	1	0	1737	3027	1	23	-1	
5	1	190	1	1	1	1737	3027	1	23	95.000000	 
2	1	191	0	0	0	1597	3040	146	3	-1	
3	1	191	1	0	0	1597	3040	146	3	-1	
4	1	191	1	1	0	1597	3040	146	3	-1	
5	1	191	1	1	1	1597	3040	146	3	95.000000	 
2	1	192	0	0	0	1623	3038	1	18	-1	
3	1	192	1	0	0	1623	3038	1	18	-1	
4	1	192	1	1	0	1623	3038	1	18	-1	
5	1	192	1	1	1	1623	3038	1	18	95.000000	 
2	1	193	0	0	0	1721	3034	1	25	-1	
3	1	193	1	0	0	1721	3034	1	25	-1	
4	1	193	1	1	0	1721	3034	1	25	-1	
5	1	193	1	1	1	1721	3034	1	25	95.000000	 
2	1	194	0	0	0	1713	3050	17	1	-1	
3	1	194	1	0	0	1713	3050	17	1	-1	
4	1	194	1	1	0	1713	3050	17	1	-1	
5	1	194	1	1	1	1713	3050	17	1	95.000000	 
2	1	195	0	0	0	2256	3061	34	1	-1	
3	1	195	1	0	0	2256	3061	34	1	-1	
4	1	195	1	1	0	2256	3061	34	1	-1	
5	1	195	1	1	1	2256	3061	34	1	95.000000	 
2	1	196	0	0	0	1725	3047	1	17	-1	
3	1	196	1	0	0	1725	3047	1	17	-1	
4	1	196	1	1	0	1725	3047	1	17	-1	
5	1	196	1	1	1	1725	3047	1	17	95.000000	 
2	1	197	0	0	0	1988	3059	3	18	-1	
3	1	197	1	0	0	1988	3059	3	18	-1	
4	1	197	1	1	0	1988	3059	3	18	-1	
5	1	197	1	1	1	1988	3059	3	18	95.000000	 
2	1	198	0	0	0	2280	3055	3	28	-1	
3	1	198	1	0	0	2280	3055	3	28	-1	
4	1	198	1	1	0	2280	3055	3	28	-1	
5	1	198	1	1	1	2280	3055	3	28	95.000000	 
2	1	199	0	0	0	2259	3079	21	1	-1	
3	1	199	1	0	0	2259	3079	21	1	-1	
4	1	199	1	1	0	2259	3079	21	1	-1	
5	1	199	1	1	1	2259	3079	21	1	95.000000	 
2	1	200	0	0	0	2260	3085	29	1	-1	
3	1	200	1	0	0	2260	3085	29	1	-1	
4	1	200	1	1	0	2260	3085	29	1	-1	
5	1	200	1	1	1	2260	3085	29	1	95.000000	 
2	1	201	0	0	0	1953	3011	3	94	-1	
3	1	201	1	0	0	1953	3011	3	94	-1	
4	1	201	1	1	0	1953	3011	3	94	-1	
5	1	201	1	1	1	1953	3011	3	94	95.000000	 
2	1	202	0	0	0	1945	3089	22	1	-1	
3	1	202	1	0	0	1945	3089	22	1	-1	
4	1	202	1	1	0	1945	3089	22	1	-1	
5	1	202	1	1	1	1945	3089	22	1	95.000000	 
2	1	203	0	0	0	1938	3092	27	3	-1	
3	1	203	1	0	0	1938	3092	27	3	-1	
4	1	203	1	1	0	1938	3092	27	3	-1	
5	1	203	1	1	1	1938	3092	27	3	95.000000	 
2	1	204	0	0	0	1963	3086	1	20	-1	
3	1	204	1	0	0	1963	3086	1	20	-1	
4	1	204	1	1	0	1963	3086	1	20	-1	
5	1	204	1	1	1	1963	3086	1	20	95.000000	 
2	1	205	0	0	0	1998	3105	23	28	-1	
3	1	205	1	0	0	1998	3105	23	28	-1	
4	1	205	1	1	0	1998	3127	8	5	-1	
5	1	205	1	1	1	1998	3127	8	5	9.759743	.
4	1	205	1	2	0	2007	3105	14	28	-1	
5	1	205	1	2	1	2007	3105	14	28	6.035965	-..
2	1	206	0	0	0	2258	3155	19	1	-1	
3	1	206	1	0	0	2258	3155	19	1	-1	
4	1	206	1	1	0	2258	3155	19	1	-1	
5	1	206	1	1	1	2258	3155	19	1	95.000000	 
2	1	207	0	0	0	2258	3159	27	1	-1	
3	1	207	1	0	0	2258	3159	27	1	-1	
4	1	207	1	1	0	2258	3159	27	1	-1	
5	1	207	1	1	1	2258	3159	27	1	95.000000	 
2	1	208	0	0	0	2260	3061	3	112	-1	
3	1	208	1	0	0	2260	3061	3	112	-1	
4	1	208	1	1	0	2260	3061	3	112	-1	
5	1	208	1	1	1	2260	3061	3	112	95.000000	 
2	1	209	0	0	0	2260	3165	29	1	-1	
3	1	209	1	0	0	2260	3165	29	1	-1	
4	1	209	1	1	0	2260	3165	29	1	-1	
5	1	209	1	1	1	2260	3165	29	1	95.000000	 
2	1	210	0	0	0	2262	3175	34	1	-1	
3	1	210	1	0	0	2262	3175	34	1	-1	
4	1	210	1	1	0	2262	3175	34	1	-1	
5	1	210	1	1	1	2262	3175	34	1	95.000000	 
2	1	211	0	0	0	2253	3179	24	1	-1	
3	1	211	1	0	0	2253	3179	24	1	-1	
4	1	211	1	1	0	2253	3179	24	1	-1	
5	1	211	1	1	1	2253	3179	24	1	95.000000	 
2	1	212	0	0	0	2022	3183	21	1	-1	
3	1	212	1	0	0	2022	3183	21	1	-1	
4	1	212	1	1	0	2022	3183	21	1	-1	
5	1	212	1	1	1	2022	3183	21	1	95.000000	 
2	1	213	0	0	0	2270	2939	3	259	-1	
3	1	213	1	0	0	2270	2939	3	259	-1	
4	1	213	1	1	0	2270	2939	3	259	-1	
5	1	213	1	1	1	2270	2939	3	259	95.000000	 
2	1	214	0	0	0	2265	3152	1	50	-1	
3	1	214	1	0	0	2265	3152	1	50	-1	
4	1	214	1	1	0	2265	3152	1	50	-1	
5	1	214	1	1	1	2265	3152	1	50	95.000000	 
2	1	215	0	0	0	2275	3154	1	58	-1	
3	1	215	1	0	0	2275	3154	1	58	-1	
4	1	215	1	1	0	2275	3154	1	58	-1	
5	1	215	1	1	1	2275	3154	1	58	95.000000	 
2	1	216	0	0	0	2027	3180	1	18	-1	
3	1	216	1	0	0	2027	3180	1	18	-1	
4	1	216	1	1	0	2027	3180	1	18	-1	
5	1	216	1	1	1	2027	3180	1	18	95.000000	 
2	1	217	0	0	0	2254	3189	17	1	-1	
3	1	217	1	0	0	2254	3189	17	1	-1	
4	1	217	1	1	0	2254	3189	17	1	-1	
5	1	217	1	1	1	2254	3189	17	1	95.000000	 
2	1	218	0	0	0	2025	3189	18	1	-1	
3	1	218	1	0	0	2025	3189	18	1	-1	
4	1	218	1	1	0	2025	3189	18	1	-1	
5	1	218	1	1	1	2025	3189	18	1	95.000000	 
2	1	219	0	0	0	2037	3181	1	18	-1	
3	1	219	1	0	0	2037	3181	1	18	-1	
4	1	219	1	1	0	2037	3181	1	18	-1	
5	1	219	1	1	1	2037	3181	1	18	95.000000	 
2	1	220	0	0	0	2024	3193	20	1	-1	
3	1	220	1	0	0	2024	3193	20	1	-1	
4	1	220	1	1	0	2024	3193	20	1	-1	
5	1	220	1	1	1	2024	3193	20	1	95.000000	 
2	1	221	0	0	0	2258	3199	28	1	-1	
3	1	221	1	0	0	2258	3199	28	1	-1	
4	1	221	1	1	0	2258	3199	28	1	-1	
5	1	221	1	1	1	2258	3199	28	1	95.000000	 
2	1	222	0	0	0	1591	3288	705	55	-1	
3	1	222	1	0	0	1591	3288	705	55	-1	
4	1	222	1	1	0	1591	3288	705	55	-1	
5	1	222	1	1	1	1591	3326	2	2	37.689816	ο
5	1	222	1	1	2	1617	3310	31	22	64.821671	Ὁ
5	1	222	1	1	3	1663	3319	24	13	57.942863	κ.
5	1	222	1	1	4	1682	3289	206	44	51.023911	ΝΙΚΟΛΑΟΣ
5	1	222	1	1	5	1900	3307	54	36	60.015495	40.
5	1	222	1	1	6	1971	3288	117	46	15.253716	ΕΤΟΣ
5	1	222	1	1	7	2101	3312	43	22	93.298470	στό
5	1	222	1	1	8	2158	3307	138	33	91.365768	ἑστιατόριό
2	1	223	0	0	0	1627	2873	670	426	-1	
3	1	223	1	0	0	1627	2873	670	426	-1	
4	1	223	1	1	0	1627	2873	670	426	-1	
5	1	223	1	1	1	1627	2873	670	426	95.000000	   
2	1	224	0	0	0	1586	3346	710	139	-1	
3	1	224	1	0	0	1586	3346	710	139	-1	
4	1	224	1	1	0	1586	3346	502	28	-1	
5	1	224	1	1	1	1586	3354	53	18	96.705666	του,
5	1	224	1	1	2	1653	3346	44	22	92.978951	στό
5	1	224	1	1	3	1711	3346	241	23	0.000000	ΡΚΙΝΑΕΙΕΙΡ
5	1	224	1	1	4	1979	3347	109	27	4.206100	Ὁ.9.Η.,
4	1	224	1	2	0	1587	3360	709	55	-1	
5	1	224	1	2	1	1587	3382	120	26	70.491867	σκευάξει
5	1	224	1	2	2	1721	3382	75	27	70.491867	ἑκτός
5	1	224	1	2	3	1809	3382	32	22	93.295105	τά
5	1	224	1	2	4	1857	3378	108	26	87.055313	ἐκλεκτά
5	1	224	1	2	5	1998	3360	112	55	9.180313	φαγητά,
5	1	224	1	2	6	2141	3383	155	29	31.273193	γλυκίσµατα
4	1	224	1	3	0	1586	3417	709	30	-1	
5	1	224	1	3	1	1586	3417	44	21	68.177887	καί
5	1	224	1	3	2	1643	3418	107	27	93.300194	παγωτά
5	1	224	1	3	3	1765	3417	45	22	92.980713	ὅλα
5	1	224	1	3	4	1823	3419	32	21	93.300240	τά
5	1	224	1	3	5	1871	3418	62	28	92.168472	εἴδη.
5	1	224	1	3	6	1949	3418	81	22	93.301865	Δίπλα
5	1	224	1	3	7	2045	3419	13	21	54.921928	ὃ
5	1	224	1	3	8	2075	3419	141	28	91.039536	ἐξάδελφός
5	1	224	1	3	9	2251	3427	44	14	2.864647	του
4	1	224	1	4	0	1586	3452	262	33	-1	
5	1	224	1	4	1	1586	3452	114	33	73.815643	Ῥασίλης
5	1	224	1	4	2	1712	3454	30	21	88.766296	Φ.
5	1	224	1	4	3	1754	3453	94	28	73.394447	{έγος.
2	1	225	0	0	0	2127	3348	187	28	-1	
3	1	225	1	0	0	2127	3348	187	28	-1	
4	1	225	1	1	0	2127	3348	187	28	-1	
5	1	225	1	1	1	2127	3348	61	21	96.819946	ὅπου
5	1	225	1	1	2	2219	3356	76	20	86.675484	παρα-
5	1	225	1	1	3	2311	3363	3	3	69.649963	:
