level	page_num	block_num	par_num	line_num	word_num	left	top	width	height	conf	text
1	1	0	0	0	0	0	0	3962	3602	-1	
2	1	1	0	0	0	1568	0	892	19	-1	
3	1	1	1	0	0	1568	0	892	19	-1	
4	1	1	1	1	0	1568	0	892	19	-1	
5	1	1	1	1	1	1568	0	892	19	95.000000	 
2	1	2	0	0	0	1627	2698	89	8	-1	
3	1	2	1	0	0	1627	2698	89	8	-1	
4	1	2	1	1	0	1627	2698	89	8	-1	
5	1	2	1	1	1	1627	2698	89	8	33.578003	ο»
2	1	3	0	0	0	1722	1552	126	25	-1	
3	1	3	1	0	0	1722	1552	126	25	-1	
4	1	3	1	1	0	1722	1552	126	25	-1	
5	1	3	1	1	1	1722	1562	2	3	0.000000	5
5	1	3	1	1	2	1746	1552	102	25	56.295082	1980-81,
2	1	4	0	0	0	2449	0	1513	15	-1	
3	1	4	1	0	0	2449	0	1513	15	-1	
4	1	4	1	1	0	2449	0	1513	15	-1	
5	1	4	1	1	1	2449	0	1513	15	95.000000	 
2	1	5	0	0	0	2449	0	1513	15	-1	
3	1	5	1	0	0	2449	0	1513	15	-1	
4	1	5	1	1	0	2449	0	1513	15	-1	
5	1	5	1	1	1	2449	0	1513	15	95.000000	 
2	1	6	0	0	0	1830	192	581	62	-1	
3	1	6	1	0	0	1830	192	581	62	-1	
4	1	6	1	1	0	1830	192	581	62	-1	
5	1	6	1	1	1	1830	192	240	41	91.549576	Πανδοχεῖα
5	1	6	1	1	2	2092	195	70	42	96.518181	τῆς
5	1	6	1	1	3	2182	192	202	46	96.411972	Νεολαίας
5	1	6	1	1	4	2409	252	2	2	94.639946	|
2	1	7	0	0	0	1747	298	711	960	-1	
3	1	7	1	0	0	1748	298	710	170	-1	
4	1	7	1	1	0	1778	298	680	29	-1	
5	1	7	1	1	1	1778	299	25	20	45.611835	Σ’
5	1	7	1	1	2	1818	298	45	29	92.406319	ὅλη
5	1	7	1	1	3	1876	298	42	29	93.279907	τήν
5	1	7	1	1	4	1930	298	110	29	92.283043	Εὐρώπη,
5	1	7	1	1	5	2054	299	50	28	31.940071	στίς
5	1	7	1	1	6	2118	299	82	28	96.159424	πόλεις
5	1	7	1	1	7	2212	299	40	22	92.854927	καί
5	1	7	1	1	8	2261	299	49	22	96.906563	στά
5	1	7	1	1	9	2321	299	86	28	92.912048	χωριά,
5	1	7	1	1	10	2419	306	39	15	54.755753	κυ-
4	1	7	1	2	0	1749	334	709	28	-1	
5	1	7	1	2	1	1749	334	120	27	48.936569	ῥίως.στά
5	1	7	1	2	2	1886	334	139	28	88.560394	τουριοτικά
5	1	7	1	2	3	2039	334	86	28	88.903336	χωρίά,
5	1	7	1	2	4	2146	334	134	28	91.677376	ὑπάρχουν:
5	1	7	1	2	5	2304	334	51	22	93.135040	«Τά
5	1	7	1	2	6	2370	334	88	22	45.655613	πανδο-
4	1	7	1	3	0	1748	368	710	31	-1	
5	1	7	1	3	1	1748	370	55	28	85.866272	χεῖα
5	1	7	1	3	2	1818	370	44	27	95.773720	τῆς
5	1	7	1	3	3	1878	369	139	28	91.530540	Νεολαίας»,
5	1	7	1	3	4	2039	368	149	29	89.042198	(Ξενῶνες).
5	1	7	1	3	5	2199	369	66	23	92.037346	Εἶναι
5	1	7	1	3	6	2280	369	122	30	92.507324	ὁλόκληρη
5	1	7	1	3	7	2431	370	27	21	38.468483	«ὁ-
4	1	7	1	4	0	1749	405	709	28	-1	
5	1	7	1	4	1	1749	405	134	27	37.847626	µοσπιονδία
5	1	7	1	4	2	1895	406	64	21	73.784698	καλά
5	1	7	1	4	3	1974	405	154	28	91.964310	ὀργανωμένη
5	1	7	1	4	4	2142	405	61	22	81.111496	ὅπου
5	1	7	1	4	5	2217	406	23	21	96.151222	οἱ
5	1	7	1	4	6	2256	405	47	22	96.097694	νέοι
5	1	7	1	4	7	2319	406	65	21	91.196167	14-30
5	1	7	1	4	8	2399	412	59	21	88.944191	χρο-
4	1	7	1	5	0	1749	440	444	28	-1	
5	1	7	1	5	1	1749	440	52	24	29.554489	νῶν,
5	1	7	1	5	2	1811	441	112	26	36.003792	μποροῦν
5	1	7	1	5	3	1932	440	30	21	93.275185	νά
5	1	7	1	5	4	1972	440	77	27	71.436676	6ροῦν
5	1	7	1	5	5	2059	440	134	28	50.332851	κατάλυμα.
3	1	7	2	0	0	1747	470	709	49	-1	
4	1	7	2	1	0	1747	470	709	49	-1	
5	1	7	2	1	1	1747	493	5	2	0.000000	.
5	1	7	2	1	2	1773	470	185	49	90.843102	Συγκεκριµένα,
5	1	7	2	1	3	1973	474	59	24	86.567352	εἶναι
5	1	7	2	1	4	2044	475	44	22	86.567352	ἕνα
5	1	7	2	1	5	2100	476	88	27	81.680626	οἴκημαι
5	1	7	2	1	6	2203	476	33	28	96.874191	εἰς
5	1	7	2	1	7	2249	475	29	23	96.706619	τό
5	1	7	2	1	8	2295	466	71	32	92.994865	ὁποῖο
5	1	7	2	1	9	2379	476	13	22	92.707726	ὁ
5	1	7	2	1	10	2407	476	49	28	92.466034	διερ
3	1	7	3	0	0	1748	510	710	381	-1	
4	1	7	3	1	0	1748	510	709	29	-1	
5	1	7	3	1	1	1748	509	103	29	67.820717	χόµενος
5	1	7	3	1	2	1870	510	130	28	92.303574	ὁδοιπόρος
5	1	7	3	1	3	2015	512	89	27	55.498165	μπορεῖ
5	1	7	3	1	4	2122	511	30	22	93.301697	νά
5	1	7	3	1	5	2168	510	54	29	92.059532	δρεῖ
5	1	7	3	1	6	2237	510	44	23	81.414658	ἕνα.
5	1	7	3	1	7	2294	511	71	28	92.839073	ντούς
5	1	7	3	1	8	2380	511	37	22	21.474594	καί
5	1	7	3	1	9	2429	512	28	21	93.136841	νά
4	1	7	3	2	0	1749	546	709	28	-1	
5	1	7	3	2	1	1749	546	109	27	85.778610	διαµείνει
5	1	7	3	2	2	1875	546	147	27	93.094131	προσωρινά,
5	1	7	3	2	3	2044	546	61	27	74.958244	ἰδίως
5	1	7	3	2	4	2119	546	31	22	93.301888	νά
5	1	7	3	2	5	2168	546	196	28	80.357986	διανυκπερεύσει,
5	1	7	3	2	6	2398	546	60	23	87.795174	᾿Εκεῖ
4	1	7	3	3	0	1748	580	709	30	-1	
5	1	7	3	3	1	1748	580	103	29	59.629562	ὁπάρχει
5	1	7	3	3	2	1864	582	104	22	96.656448	πάντοτε
5	1	7	3	3	3	1980	582	100	27	74.451729	Κάποιος
5	1	7	3	3	4	2093	582	39	27	96.276688	γιά
5	1	7	3	3	5	2143	582	32	21	90.599571	νά
5	1	7	3	3	6	2184	582	141	28	88.484253	εἰσπράττει
5	1	7	3	3	7	2336	582	43	28	92.380219	µιά
5	1	7	3	3	8	2394	583	63	27	69.614067	λογι-
4	1	7	3	4	0	1748	615	708	33	-1	
5	1	7	3	4	1	1748	616	29	28	87.727715	Κή
5	1	7	3	4	2	1793	615	104	30	71.539970	εἰσφορά
5	1	7	3	4	3	1915	617	40	28	87.731201	γἱά
5	1	7	3	4	4	1969	617	30	28	96.787109	τή
5	1	7	3	4	5	2019	617	144	31	96.599449	συντήρηση,
5	1	7	3	4	6	2178	617	41	22	64.399826	καί
5	1	7	3	4	7	2235	618	42	27	96.651932	γιά
5	1	7	3	4	8	2292	615	30	24	96.107208	νά
5	1	7	3	4	9	2355	618	101	28	90.220200	παρέχει
4	1	7	3	5	0	1748	652	708	29	-1	
5	1	7	3	5	1	1748	652	165	28	73.017479	πληροφορίες
5	1	7	3	5	2	1931	652	40	22	32.306511	Κα
5	1	7	3	5	3	1985	652	44	28	91.361481	µιά
5	1	7	3	5	4	2046	652	145	29	0.000000	ὑποτυπώδη
5	1	7	3	5	5	2210	653	109	28	86.036438	ὑπιοδοχή
5	1	7	3	5	6	2336	653	40	23	93.299736	καί
5	1	7	3	5	7	2392	660	64	21	92.288651	περι-
4	1	7	3	6	0	1748	687	710	29	-1	
5	1	7	3	6	1	1748	687	95	28	54.601650	ποίηση.
5	1	7	3	6	2	1860	688	41	21	96.112068	Γιά
5	1	7	3	6	3	1913	688	28	21	96.664856	τό
5	1	7	3	6	4	1957	688	76	22	93.297066	σκοπό
5	1	7	3	6	5	2045	688	67	22	92.787384	αὐτό
5	1	7	3	6	6	2121	688	150	22	93.995117	διατίθενται:
5	1	7	3	6	7	2291	688	107	28	96.529663	Κουζίνα,
5	1	7	3	6	8	2410	690	48	21	96.918388	Του
4	1	7	3	7	0	1748	722	710	30	-1	
5	1	7	3	7	1	1748	722	83	26	91.842125	ἀλέτα,
5	1	7	3	7	2	1850	722	43	23	89.894890	ἕνα
5	1	7	3	7	3	1905	722	16	29	87.404182	ἤ
5	1	7	3	7	4	1934	723	164	28	96.575508	περισσότερα
5	1	7	3	7	5	2111	724	109	27	18.527786	δωμάτια
5	1	7	3	7	6	2232	724	29	28	88.159019	µέ
5	1	7	3	7	7	2275	724	67	21	91.817780	ἁπλᾶ
5	1	7	3	7	8	2353	724	105	28	85.442467	κρεδδά-
4	1	7	3	8	0	1748	758	709	29	-1	
5	1	7	3	8	1	1748	765	40	14	75.734825	τια
5	1	7	3	8	2	1802	758	76	28	95.954834	χωρίς
5	1	7	3	8	3	1896	758	115	26	93.044022	σεντόνια,
5	1	7	3	8	4	2031	759	34	22	88.689758	-οἱ
5	1	7	3	8	5	2079	759	48	22	96.433174	νέοι
5	1	7	3	8	6	2148	759	102	28	95.715813	φέρνουν
5	1	7	3	8	7	2266	760	56	27	65.980751	µαζί
5	1	7	3	8	8	2342	766	56	21	95.580101	τους
5	1	7	3	8	9	2427	760	30	21	95.573380	τό
4	1	7	3	9	0	1749	793	708	30	-1	
5	1	7	3	9	1	1749	793	76	22	91.082130	σάκκο
5	1	7	3	9	2	1839	800	57	21	96.087883	τους
5	1	7	3	9	3	1914	794	38	27	92.792381	γιά
5	1	7	3	9	4	1968	794	78	25	91.769142	ὕπνο-,
5	1	7	3	9	5	2062	794	48	22	93.182030	ἐκεῖ
5	1	7	3	9	6	2126	794	114	28	53.453106	δρίσκουν
5	1	7	3	9	7	2260	794	121	29	93.217743	πρόχειρο
5	1	7	3	9	8	2394	796	63	21	88.271202	οἶκο-
4	1	7	3	10	0	1748	827	710	33	-1	
5	1	7	3	10	1	1748	827	81	29	84.157166	νοµικό
5	1	7	3	10	2	1848	829	101	29	96.317665	φαγητό,
5	1	7	3	10	3	1961	829	44	22	29.215958	Κα
5	1	7	3	10	4	2038	829	127	28	82.774933	συνήθως..
5	1	7	3	10	5	2198	830	30	21	86.651329	τό
5	1	7	3	10	6	2258	830	200	30	86.651329	παρασκευάζουν
4	1	7	3	11	0	1749	863	141	28	-1	
5	1	7	3	11	1	1749	863	68	28	59.807617	μόνοι
5	1	7	3	11	2	1827	871	63	20	96.325310	τους.
3	1	7	4	0	0	1747	898	710	239	-1	
4	1	7	4	1	0	1778	898	678	31	-1	
5	1	7	4	1	1	1778	898	30	21	91.047592	Σέ
5	1	7	4	1	2	1822	899	48	26	75.431595	µιά.
5	1	7	4	1	3	1884	899	105	22	92.529297	αἴθουσα
5	1	7	4	1	4	2004	900	44	21	96.229637	τοῦ
5	1	7	4	1	5	2065	900	126	27	92.485092	Σχολείου,
5	1	7	4	1	6	2206	899	14	28	92.485092	ἤ
5	1	7	4	1	7	2239	901	59	20	0.000000	'στοῦ
5	1	7	4	1	8	2315	900	141	29	84.108932	Σιµηριώτη,
4	1	7	4	2	0	1748	932	708	31	-1	
5	1	7	4	2	1	1748	932	15	28	91.345924	ἤ
5	1	7	4	2	2	1773	934	29	21	96.782173	σέ
5	1	7	4	2	3	1816	933	44	21	73.823814	ἕνα
5	1	7	4	2	4	1872	934	100	21	92.334763	ἰδιωτικό
5	1	7	4	2	5	1987	934	71	25	96.238670	σπίτι,
5	1	7	4	2	6	2071	934	48	21	93.922302	ἀπό
5	1	7	4	2	7	2133	934	32	22	96.335205	τά
5	1	7	4	2	8	2176	934	64	22	93.140472	τόσα
5	1	7	4	2	9	2251	935	146	28	89.544098	ἀκατοίκηπια
5	1	7	4	2	10	2407	942	49	21	76.296127	µπτο
4	1	7	4	3	0	1747	968	709	31	-1	
5	1	7	4	3	1	1747	968	38	27	92.966507	ρεῖ
5	1	7	4	3	2	1798	968	30	21	93.306221	νά
5	1	7	4	3	3	1842	968	179	28	18.641861	διαρρυθμιστεῖ
5	1	7	4	3	4	2037	968	44	23	96.685577	ἕνα
5	1	7	4	3	5	2098	969	81	22	96.893944	τέτοιο
5	1	7	4	3	6	2190	970	134	28	51.585049	κατάλυμα.
5	1	7	4	3	7	2343	971	26	21	92.947670	Ἡ
5	1	7	4	3	8	2384	971	72	28	96.244453	στέγη
4	1	7	4	4	0	1747	1002	709	33	-1	
5	1	7	4	4	1	1747	1002	60	23	93.303574	εἶναι
5	1	7	4	4	2	1818	1003	153	29	90.461014	ἀπαραίτητη
5	1	7	4	4	3	1987	1004	162	28	91.991455	προὔπόθεση,
5	1	7	4	4	4	2163	1005	40	28	95.065788	γιά
5	1	7	4	4	5	2217	1005	30	34	93.268959	νά
5	1	7	4	4	6	2258	1006	198	29	61.659164	προσελκύσουµε
4	1	7	4	5	0	1748	1035	709	52	-1	
5	1	7	4	5	1	1748	1038	56	28	96.747803	τούς
5	1	7	4	5	2	1819	1035	138	50	83.556938	οἰκονομικά
5	1	7	4	5	3	1971	1040	133	28	92.336670	ἀδύνατους
5	1	7	4	5	4	2116	1040	77	28	96.430481	νέους,
5	1	7	4	5	5	2207	1036	48	27	97.001183	πού
5	1	7	4	5	6	2268	1036	129	51	93.169296	ἐπιθυμοῦν
5	1	7	4	5	7	2426	1042	31	21	96.425064	νά
4	1	7	4	6	0	1749	1074	707	31	-1	
5	1	7	4	6	1	1749	1074	129	27	95.695335	γνωρίσουν
5	1	7	4	6	2	1893	1074	28	22	96.569672	τό
5	1	7	4	6	3	1934	1075	83	28	93.299629	χωριό.
5	1	7	4	6	4	2033	1076	65	25	54.330276	Καί.,
5	1	7	4	6	5	2114	1076	32	22	95.750000	θά
5	1	7	4	6	6	2162	1076	89	27	95.750000	φέρουν
5	1	7	4	6	7	2265	1076	41	22	87.436226	καί
5	1	7	4	6	8	2323	1076	133	29	92.668655	εὐπορώτε-
4	1	7	4	7	0	1748	1116	85	21	-1	
5	1	7	4	7	1	1748	1116	65	21	52.439667	ρους,
3	1	7	5	0	0	1748	1145	707	99	-1	
4	1	7	5	1	0	1778	1145	677	31	-1	
5	1	7	5	1	1	1778	1145	73	27	21.644859	᾽Αφοῦ
5	1	7	5	1	2	1864	1146	29	27	87.314819	µέ
5	1	7	5	1	3	1909	1145	57	22	92.973061	αὐτό
5	1	7	5	1	4	1982	1141	42	39	96.168961	τόν
5	1	7	5	1	5	2038	1146	81	28	96.401588	τρόπο
5	1	7	5	1	6	2129	1147	23	22	92.931671	οἱ
5	1	7	5	1	7	2167	1146	135	29	86.638062	Εὐρωπαῖοι
5	1	7	5	1	8	2317	1148	138	28	90.488747	ἀνάπτυξαν
4	1	7	5	2	0	1748	1180	707	31	-1	
5	1	7	5	2	1	1748	1180	41	21	68.478981	Τόν
5	1	7	5	2	2	1805	1180	129	28	92.057114	ἔσωτερικό
5	1	7	5	2	3	1949	1188	57	21	96.160027	τους
5	1	7	5	2	4	2023	1182	125	27	21.976097	τουρισμό,
5	1	7	5	2	5	2163	1182	29	27	92.877785	ἄς
5	1	7	5	2	6	2206	1183	207	28	4.776550	προσπαθήσουμε
5	1	7	5	2	7	2426	1184	29	31	86.894485	κ’
4	1	7	5	3	0	1748	1214	321	44	-1	
5	1	7	5	3	1	1748	1214	73	44	43.863850	ἐμεῖς'
5	1	7	5	3	2	1820	1216	31	21	95.911148	νά
5	1	7	5	3	3	1862	1216	58	27	93.297256	τούς
5	1	7	5	3	4	1930	1216	139	28	71.868622	μιμηθοῦμε.
2	1	8	0	0	0	1750	1252	705	209	-1	
3	1	8	1	0	0	1750	1252	705	209	-1	
4	1	8	1	1	0	1750	1252	705	109	-1	
5	1	8	1	1	1	1750	1270	260	88	28.645287	θἰκουομική
5	1	8	1	1	2	2051	1289	11	12	75.515503	ἑ
5	1	8	1	1	3	2041	1290	227	71	0.000000	ἐνίσχυση
5	1	8	1	1	4	2275	1252	180	102	0.000000	Ελ]δου
4	1	8	1	2	0	1838	1363	537	98	-1	
5	1	8	1	2	1	1838	1363	223	88	90.566048	ἐσοδείας
5	1	8	1	2	2	2082	1359	117	71	54.362007	198)
5	1	8	1	2	3	2221	1405	17	10	93.074432	-
5	1	8	1	2	4	2259	1379	116	82	61.465500	1981
2	1	9	0	0	0	1740	1482	714	315	-1	
3	1	9	1	0	0	1740	1482	714	315	-1	
4	1	9	1	1	0	1766	1482	688	32	-1	
5	1	9	1	1	1	1766	1482	27	21	77.408554	΄Η
5	1	9	1	1	2	1808	1482	170	23	96.829788	ΔΙΕΥΘΥΝΣΗ
5	1	9	1	1	3	1994	1483	145	27	93.303093	ΓΕΩΡΓΙΑΣ
5	1	9	1	1	4	2149	1485	48	27	93.206741	μᾶς
5	1	9	1	1	5	2214	1485	105	28	96.948082	γνωρίζει
5	1	9	1	1	6	2339	1486	45	25	96.522652	ὅτι,
5	1	9	1	1	7	2413	1486	41	28	96.857368	γιά
4	1	9	1	2	0	1743	1516	709	33	-1	
5	1	9	1	2	1	1743	1516	43	28	93.281578	τήν
5	1	9	1	2	2	1801	1518	136	28	92.207115	οἰκονομική
5	1	9	1	2	3	1952	1518	114	29	87.122978	ἐνίσχυση
5	1	9	1	2	4	2095	1520	44	21	82.829239	τοῦ
5	1	9	1	2	5	2171	1520	145	23	82.829239	ἐλαιολάδου
5	1	9	1	2	6	2344	1521	108	28	84.672569	ἐσοδείας
4	1	9	1	3	0	1857	1553	595	30	-1	
5	1	9	1	3	1	1857	1553	67	27	45.029430	"ὅλες
5	1	9	1	3	2	1940	1554	88	27	95.750191	σχεδόν
5	1	9	1	3	3	2047	1554	22	22	93.287621	οἱ
5	1	9	1	3	4	2086	1555	105	28	91.454773	αἰτήσεις
5	1	9	1	3	5	2206	1555	72	28	91.484329	ἔχουν
5	1	9	1	3	6	2294	1557	84	22	91.381546	σταλεῖ
5	1	9	1	3	7	2405	1557	47	22	94.606178	ιστό
4	1	9	1	4	0	1744	1588	708	32	-1	
5	1	9	1	4	1	1744	1588	141	27	92.134407	Ὑπουργεῖο
5	1	9	1	4	2	1897	1589	126	28	93.302765	Γεωργίας,
5	1	9	1	4	3	2038	1590	64	29	93.019058	ἀφοῦ
5	1	9	1	4	4	2118	1589	116	29	96.319778	συνέταξε
5	1	9	1	4	5	2247	1592	161	28	95.962486	καταστάσεις
5	1	9	1	4	6	2421	1600	31	14	82.481964	Κα
4	1	9	1	5	0	1742	1622	710	33	-1	
5	1	9	1	5	1	1742	1622	32	21	93.293747	τά
5	1	9	1	5	2	1792	1622	166	29	92.503471	ἐλαιοτριδεῖο,
5	1	9	1	5	3	1972	1625	41	22	67.191673	καί
5	1	9	1	5	4	2028	1625	78	27	92.130020	ἄνοιξε
5	1	9	1	5	5	2122	1626	121	28	70.251404	λογ)µούς
5	1	9	1	5	6	2260	1626	59	29	96.405945	στήν
5	1	9	1	5	7	2339	1628	113	27	96.658333	Τράπεζα
4	1	9	1	6	0	1742	1658	709	31	-1	
5	1	9	1	6	1	1742	1658	48	21	92.678162	πιού
5	1	9	1	6	2	1802	1658	91	28	93.300652	δήλωνε
5	1	9	1	6	3	1908	1659	13	22	93.256165	ὁ
5	1	9	1	6	4	1934	1660	109	27	64.334641	καθένας,
5	1	9	1	6	5	2055	1660	40	22	93.299980	καί
5	1	9	1	6	6	2110	1660	13	29	92.397949	ἡ
5	1	9	1	6	7	2137	1661	75	23	92.507370	ὁποία
5	1	9	1	6	8	2223	1662	31	21	92.863991	θά
5	1	9	1	6	9	2268	1662	113	23	52.573769	πιστώσει
5	1	9	1	6	10	2408	1662	43	23	87.683403	πόν
4	1	9	1	7	0	1810	1693	577	32	-1	
5	1	9	1	7	1	1810	1693	88	28	85.911911	ἀριθμό
5	1	9	1	7	2	1907	1694	56	28	70.512810	λογ)
5	1	9	1	7	3	1968	1696	63	27	70.512810	σμοῦ
5	1	9	1	7	4	2042	1697	44	20	96.148003	τοῦ
5	1	9	1	7	5	2095	1696	59	22	89.747795	Κάθε
5	1	9	1	7	6	2165	1696	222	29	48.182724	ἐλαιοπαραγωγοῦ.
4	1	9	1	8	0	1771	1728	679	34	-1	
5	1	9	1	8	1	1771	1728	80	23	92.572968	Εἰδικά
5	1	9	1	8	2	1865	1729	14	28	89.578842	ἡ
5	1	9	1	8	3	1898	1730	125	29	75.129181	᾽Αγροτική
5	1	9	1	8	4	2037	1732	114	27	96.833344	Τράπεζα
5	1	9	1	8	5	2164	1732	32	22	93.280090	θά
5	1	9	1	8	6	2211	1733	113	22	91.050110	πιστώσει
5	1	9	1	8	7	2339	1733	46	22	80.491417	τόν.
5	1	9	1	8	8	2395	1734	55	28	83.323318	ἄριθ
4	1	9	1	9	0	1740	1763	710	34	-1	
5	1	9	1	9	1	1740	1763	32	28	51.734295	μό
5	1	9	1	9	2	1788	1765	44	21	93.299805	τοῦ
5	1	9	1	9	3	1846	1766	154	27	90.312721	παραγωγοῦ,
5	1	9	1	9	4	2017	1766	15	27	92.548035	ἤ
5	1	9	1	9	5	2046	1766	31	22	96.281647	θά
5	1	9	1	9	6	2089	1767	57	27	93.257683	τούς
5	1	9	1	9	7	2159	1768	122	27	91.242477	πιληρώσει
5	1	9	1	9	8	2296	1768	110	24	88.133408	ἐπιτόπια
5	1	9	1	9	9	2419	1770	31	27	91.010796	µέ
2	1	10	0	0	0	1752	1255	632	7	-1	
3	1	10	1	0	0	1752	1255	632	7	-1	
4	1	10	1	1	0	1752	1255	632	7	-1	
5	1	10	1	1	1	1752	1255	632	7	95.000000	 
2	1	11	0	0	0	1751	1839	385	5	-1	
3	1	11	1	0	0	1751	1839	385	5	-1	
4	1	11	1	1	0	1751	1839	385	5	-1	
5	1	11	1	1	1	1751	1839	385	5	95.000000	 
2	1	12	0	0	0	1764	1871	660	67	-1	
3	1	12	1	0	0	1764	1871	660	67	-1	
4	1	12	1	1	0	1764	1871	660	67	-1	
5	1	12	1	1	1	1764	1871	363	59	0.000000	Ἀνηκοινώσεις
5	1	12	1	1	2	2156	1874	268	64	62.274319	Νομαρχίας
2	1	13	0	0	0	1727	1955	721	317	-1	
3	1	13	1	0	0	1727	1955	721	205	-1	
4	1	13	1	1	0	1769	1955	678	33	-1	
5	1	13	1	1	1	1769	1955	17	17	73.781570	9
5	1	13	1	1	2	1802	1955	23	22	87.144653	Ο
5	1	13	1	1	3	1834	1955	164	23	88.759140	ΝΟΜΑΡΧΗΣ
5	1	13	1	1	4	2011	1957	122	28	96.478348	Λακωνίας
5	1	13	1	1	5	2146	1965	20	22	82.055931	κ
5	1	13	1	1	6	2185	1959	96	29	93.279388	Γιάννης
5	1	13	1	1	7	2299	1959	148	29	54.475922	Σαθαιλᾶνος,
4	1	13	1	2	0	1727	1989	720	35	-1	
5	1	13	1	2	1	1727	1989	167	30	17.491760	:ἐπισκέφθηκε
5	1	13	1	2	2	1911	1992	50	28	39.697742	οτἰς
5	1	13	1	2	3	1980	1992	87	26	76.832016	3-ό-δ2,
5	1	13	1	2	4	2082	1993	35	29	94.486748	τίς
5	1	13	1	2	5	2135	1994	140	29	89.692505	Κοινότητες
5	1	13	1	2	6	2306	1995	141	29	74.237854	Βορδώνιας,
4	1	13	1	3	0	1739	2026	705	34	-1	
5	1	13	1	3	1	1739	2026	153	32	91.331558	Περιδολίων,
5	1	13	1	3	2	1906	2027	131	29	90.824959	Πελλάνας,
5	1	13	1	3	3	2057	2029	123	29	76.877380	᾿Αλευροῦ,
5	1	13	1	3	4	2198	2031	165	28	52.997093	Γεωργπσίου,
5	1	13	1	3	5	2382	2032	62	28	60.515648	᾽Αγό,
4	1	13	1	4	0	1738	2063	710	32	-1	
5	1	13	1	4	1	1738	2068	90	22	3.750717	ῥΡίανης,
5	1	13	1	4	2	1846	2063	46	27	12.335243	“Αγ.
5	1	13	1	4	3	1910	2063	108	26	90.574295	Κων)νου
5	1	13	1	4	4	2032	2065	40	21	30.195686	Κα
5	1	13	1	4	5	2085	2065	149	28	78.776581	Λογγανίκου
5	1	13	1	4	6	2247	2066	39	22	92.506126	καί
5	1	13	1	4	7	2299	2066	103	29	83.943184	ἐξήταισε
5	1	13	1	4	8	2417	2068	31	22	97.002609	τά
4	1	13	1	5	0	1738	2097	708	33	-1	
5	1	13	1	5	1	1738	2097	106	28	94.687012	διάφορα
5	1	13	1	5	2	1858	2098	91	28	95.498253	θέµατα
5	1	13	1	5	3	1969	2099	46	22	93.048126	πού
5	1	13	1	5	4	2032	2099	157	29	88.196365	ἀπασχολοῦν
5	1	13	1	5	5	2209	2101	35	28	90.689346	τίς
5	1	13	1	5	6	2263	2102	112	28	91.573364	ἀνωτέρω
5	1	13	1	5	7	2396	2103	50	22	91.031685	Κοι-
4	1	13	1	6	0	1739	2132	104	28	-1	
5	1	13	1	6	1	1739	2132	104	28	92.775436	νότητες.
3	1	13	2	0	0	1737	2154	708	81	-1	
4	1	13	2	1	0	1768	2154	677	50	-1	
5	1	13	2	1	1	1768	2167	69	28	55.932545	Στήν.
5	1	13	2	1	2	1847	2167	132	30	92.144928	Κοινότητα
5	1	13	2	1	3	1998	2170	124	28	82.204292	Πελλάνας
5	1	13	2	1	4	2140	2154	159	50	88.939552	ἐπισκέφθηκε
5	1	13	2	1	5	2315	2173	29	22	83.439865	τό
5	1	13	2	1	6	2376	2174	69	28	67.481972	χῶρο
4	1	13	2	2	0	1737	2202	602	34	-1	
5	1	13	2	2	1	1737	2202	63	22	96.737846	ὅπου
5	1	13	2	2	2	1811	2202	102	28	93.295189	γίνονται
5	1	13	2	2	3	1924	2204	137	29	91.245575	ἀνασκαφές
5	1	13	2	2	4	2070	2206	30	24	93.292549	σέ
5	1	13	2	2	5	2113	2206	122	28	76.958755	θολωπούς
5	1	13	2	2	6	2247	2207	92	29	94.813713	τάφους.
3	1	13	3	0	0	1766	2215	678	57	-1	
4	1	13	3	1	0	1766	2215	678	57	-1	
5	1	13	3	1	1	1766	2237	17	18	90.762054	9
5	1	13	3	1	2	1801	2238	61	22	93.283310	ΤΗΝ
5	1	13	3	1	3	1879	2240	26	27	38.506454	Ιη
5	1	13	3	1	4	1922	2239	100	23	30.346169	᾿Ιουνίου
5	1	13	3	1	5	2034	2241	86	27	92.950974	ἄρχισε
5	1	13	3	1	6	2133	2242	40	27	96.929810	γιά
5	1	13	3	1	7	2185	2242	43	28	96.998726	τήν
5	1	13	3	1	8	2252	2215	103	57	69.153252	περιοχή
5	1	13	3	1	9	2367	2251	47	21	82.283432	µας
5	1	13	3	1	10	2431	2245	13	27	92.622856	ἡ
2	1	14	0	0	0	1714	2273	730	34	-1	
3	1	14	1	0	0	1714	2273	730	34	-1	
4	1	14	1	1	0	1714	2273	730	34	-1	
5	1	14	1	1	1	1714	2296	2	2	0.000000	:
5	1	14	1	1	2	1736	2273	138	28	38.406715	ἀντιτορική
5	1	14	1	1	3	1893	2275	113	27	96.533890	περίοδος
5	1	14	1	1	4	2024	2276	41	22	91.833160	καί
5	1	14	1	1	5	2080	2277	31	22	91.644638	θά
5	1	14	1	1	6	2128	2279	133	26	91.644638	συνεχιστεῖ
5	1	14	1	1	7	2274	2278	72	29	93.082779	µέχρι
5	1	14	1	1	8	2361	2280	26	21	86.425575	3Ι
5	1	14	1	1	9	2408	2280	36	22	86.425575	Ὁ-
2	1	15	0	0	0	1717	2303	728	676	-1	
3	1	15	1	0	0	1735	2303	323	39	-1	
4	1	15	1	1	0	1735	2303	323	39	-1	
5	1	15	1	1	1	1735	2303	127	38	67.811890	κπωδρίου.
5	1	15	1	1	2	2053	2341	5	1	0.000000	.
3	1	15	2	0	0	1765	2346	633	28	-1	
4	1	15	2	1	0	1765	2346	633	28	-1	
5	1	15	2	1	1	1765	2346	17	17	77.421532	9
5	1	15	2	1	2	1798	2346	75	22	96.366135	ΩΡΕΣ
5	1	15	2	1	3	1889	2347	143	23	96.096672	ΕΡΓΑΣΙΑΣ
5	1	15	2	1	4	2047	2349	159	23	95.818436	ΔΗΜΟΣΙΩΝ
5	1	15	2	1	5	2223	2351	175	23	96.535751	ΥΠΗΡΕΣΙΩΝ.
3	1	15	3	0	0	1763	2381	527	33	-1	
4	1	15	3	1	0	1763	2381	527	33	-1	
5	1	15	3	1	1	1763	2381	28	27	88.506958	α)
5	1	15	3	1	2	1810	2382	58	22	74.569832	᾿Από
5	1	15	3	1	3	1882	2382	25	22	24.126480	Ιό
5	1	15	3	1	4	1919	2383	80	22	96.615593	Μαΐου
5	1	15	3	1	5	2010	2385	72	27	92.587982	µέχρι
5	1	15	3	1	6	2096	2385	26	21	86.105286	15
5	1	15	3	1	7	2134	2385	156	29	42.265453	Ὀκπτωδρίου:
3	1	15	4	0	0	1764	2417	677	33	-1	
4	1	15	4	1	0	1764	2417	677	33	-1	
5	1	15	4	1	1	1764	2417	62	23	93.294044	Κάθε
5	1	15	4	1	2	1842	2417	117	30	92.473450	ἐργάσιμη
5	1	15	4	1	3	1975	2419	79	28	92.542915	ἡμέρα
5	1	15	4	1	4	2072	2420	47	22	93.296333	ἀπό
5	1	15	4	1	5	2138	2421	53	28	93.121422	ὥρα
5	1	15	4	1	6	2204	2422	66	23	88.360542	07.00
5	1	15	4	1	7	2282	2423	72	27	93.452644	µέχρι
5	1	15	4	1	8	2373	2424	68	22	21.156700	4.30.
3	1	15	5	0	0	1764	2452	521	32	-1	
4	1	15	5	1	0	1764	2452	521	32	-1	
5	1	15	5	1	1	1764	2452	27	26	70.063812	ϐ)
5	1	15	5	1	2	1806	2453	59	22	47.548080	᾿Από
5	1	15	5	1	3	1880	2453	25	22	33.161972	Ιό6
5	1	15	5	1	4	1918	2454	147	28	90.513298	᾿Οκτωδρίου
5	1	15	5	1	5	2074	2453	72	31	89.184990	µέχρι
5	1	15	5	1	6	2162	2457	27	21	52.523392	19
5	1	15	5	1	7	2198	2457	87	22	96.278076	Μαΐου.
3	1	15	6	0	0	1761	2488	680	34	-1	
4	1	15	6	1	0	1761	2488	680	34	-1	
5	1	15	6	1	1	1761	2488	65	22	68.031860	Κάθε
5	1	15	6	1	2	1842	2488	117	30	76.987495	ἐργάσιμη
5	1	15	6	1	3	1975	2490	79	28	89.923927	ἡμέρα
5	1	15	6	1	4	2068	2491	48	22	93.300377	ἀπό
5	1	15	6	1	5	2130	2491	53	29	93.078857	ὥρα
5	1	15	6	1	6	2200	2493	66	22	95.293694	07.30
5	1	15	6	1	7	2281	2494	73	28	92.184937	µέχρι
5	1	15	6	1	8	2371	2495	70	22	51.497520	15.00.
3	1	15	7	0	0	1731	2523	711	105	-1	
4	1	15	7	1	0	1763	2523	677	35	-1	
5	1	15	7	1	1	1763	2523	17	17	95.152420	9
5	1	15	7	1	2	1798	2524	43	22	95.152420	ΜΕ
5	1	15	7	1	3	1858	2525	113	22	92.807144	ΕΘΝΙΚΗ
5	1	15	7	1	4	1992	2525	91	29	91.869209	ἔξαρση
5	1	15	7	1	5	2101	2527	159	29	95.628960	γιορτάστηκε
5	1	15	7	1	6	2277	2529	50	27	92.001793	στίς
5	1	15	7	1	7	2343	2529	53	22	49.611961	256
5	1	15	7	1	8	2425	2531	15	27	91.014771	ἡ
4	1	15	7	2	0	1733	2559	709	33	-1	
5	1	15	7	2	1	1733	2559	106	28	75.935593	Ἱσπορική
5	1	15	7	2	2	1855	2559	106	29	22.833115	ἐπέπειος
5	1	15	7	2	3	1978	2562	43	27	95.926506	τῆς
5	1	15	7	2	4	2040	2561	138	29	96.185768	Νικηφόρου
5	1	15	7	2	5	2189	2563	88	29	87.307961	Μάχης
5	1	15	7	2	6	2291	2565	48	21	93.280357	τῶν
5	1	15	7	2	7	2353	2565	89	22	92.411629	Μανια-
4	1	15	7	3	0	1731	2595	638	33	-1	
5	1	15	7	3	1	1731	2595	48	21	96.403358	τῶν
5	1	15	7	3	2	1790	2595	63	21	88.378548	Κατά
5	1	15	7	3	3	1865	2596	48	22	93.274490	τῶν
5	1	15	7	3	4	1929	2596	194	28	90.685020	Τουρκοαράδων
5	1	15	7	3	5	2137	2598	43	22	95.776192	στό
5	1	15	7	3	6	2194	2599	83	28	93.293633	Πύργο
5	1	15	7	3	7	2289	2600	80	28	92.567307	Διροῦ.
3	1	15	8	0	0	1717	2629	724	170	-1	
4	1	15	8	1	0	1762	2629	679	35	-1	
5	1	15	8	1	1	1762	2629	17	18	96.276024	9
5	1	15	8	1	2	1791	2630	188	24	96.477219	ΕΓΚΡΙΘΗΚΑΝ
5	1	15	8	1	3	1993	2632	40	28	96.581238	γιά
5	1	15	8	1	4	2046	2633	28	22	95.693275	τό
5	1	15	8	1	5	2088	2633	35	21	89.196411	82
5	1	15	8	1	6	2134	2634	23	22	96.899612	οἱ
5	1	15	8	1	7	2168	2634	133	32	95.798920	παρακάτω
5	1	15	8	1	8	2314	2636	127	28	95.905289	πιστώσεις
4	1	15	8	2	0	1731	2660	709	53	-1	
5	1	15	8	2	1	1731	2666	40	26	95.973404	γιά
5	1	15	8	2	2	1782	2665	31	28	96.926102	τή
5	1	15	8	2	3	1827	2666	111	28	88.558388	συνέχιση
5	1	15	8	2	4	1954	2667	76	28	91.699608	ἔργων
5	1	15	8	2	5	2046	2668	124	40	44.560780	ὁδοποιίας
5	1	15	8	2	6	2188	2660	90	48	91.631592	Νοπίου
5	1	15	8	2	7	2291	2667	149	46	82.102730	Πελοποννή-
4	1	15	8	3	0	1717	2698	728	36	-1	
5	1	15	8	3	1	1717	2698	217	23	0.000000	΄σου”240.000.000
5	1	15	8	3	2	1954	2702	88	26	50.339203	μεταξύ
5	1	15	8	3	3	2058	2701	46	23	92.984993	τῶν
5	1	15	8	3	4	2102	2702	114	23	37.632824	ὁποίών
5	1	15	8	3	5	2224	2701	13	25	88.406830	ὅ
5	1	15	8	3	6	2257	2702	98	30	30.732353	δρόμος:
5	1	15	8	3	7	2371	2701	74	33	0.000000	Ἀσγ-
4	1	15	8	4	0	1731	2733	709	43	-1	
5	1	15	8	4	1	1731	2733	96	27	84.786926	γανίκου
5	1	15	8	4	2	1841	2746	9	3	85.379349	-
5	1	15	8	4	3	1866	2735	56	27	92.322075	ὅρια
5	1	15	8	4	4	1942	2735	82	28	92.372787	Νομοῦ
5	1	15	8	4	5	2040	2737	40	21	93.916473	καί
5	1	15	8	4	6	2095	2737	40	27	96.127052	γιά
5	1	15	8	4	7	2149	2737	31	22	96.985733	τό
5	1	15	8	4	8	2194	2738	79	38	92.267601	δρόµο
5	1	15	8	4	9	2292	2740	148	28	90.161041	Τριπόλεως-
4	1	15	8	5	0	1732	2768	309	31	-1	
5	1	15	8	5	1	1732	2768	99	28	95.403168	Σπάρτη
5	1	15	8	5	2	1844	2769	132	23	95.833862	24.000.000
5	1	15	8	5	3	1988	2771	53	28	91.687218	δρχ.
3	1	15	9	0	0	1727	2803	712	176	-1	
4	1	15	9	1	0	1760	2803	678	36	-1	
5	1	15	9	1	1	1760	2803	17	17	93.843185	9
5	1	15	9	1	2	1794	2804	69	22	92.456100	ΣΤΙΣ
5	1	15	9	1	3	1876	2805	93	22	0.000000	20-6-82
5	1	15	9	1	4	1988	2806	14	22	89.623856	ὁ
5	1	15	9	1	5	2019	2807	129	29	60.000378	᾿Αντ)δρος
5	1	15	9	1	6	2166	2809	44	28	92.875648	τῆς
5	1	15	9	1	7	2225	2810	90	28	92.875648	Βουλῆς
5	1	15	9	1	8	2330	2817	20	15	96.591278	κ.
5	1	15	9	1	9	2382	2811	56	28	95.405159	Μιχ.
4	1	15	9	2	0	1730	2839	709	36	-1	
5	1	15	9	2	1	1730	2839	143	29	93.284134	Στεφανίδης
5	1	15	9	2	2	1889	2840	68	22	85.498642	ἔκανε
5	1	15	9	2	3	1976	2841	43	22	71.134735	σπό
5	1	15	9	2	4	2036	2842	83	24	95.432007	Γύθειο
5	1	15	9	2	5	2130	2843	33	27	93.306244	τά
5	1	15	9	2	6	2178	2844	201	30	91.603798	ἀποκαλυπτήρια
5	1	15	9	2	7	2395	2847	44	28	97.001976	τῆς
4	1	15	9	3	0	1727	2877	711	32	-1	
5	1	15	9	3	1	1727	2877	126	27	74.090630	πιροτομῆς
5	1	15	9	3	2	1869	2878	43	20	92.416740	τοῦ
5	1	15	9	3	3	1928	2877	130	23	90.311234	Στυλιανοῦ
5	1	15	9	3	4	2072	2879	178	29	90.336632	Μαυρομιχάλη
5	1	15	9	3	5	2266	2881	40	22	93.303513	καί
5	1	15	9	3	6	2320	2881	46	28	90.358795	οτή
5	1	15	9	3	7	2383	2883	55	21	90.358795	συνέ
4	1	15	9	4	0	1727	2911	710	33	-1	
5	1	15	9	4	1	1727	2917	56	20	78.676796	χεια
5	1	15	9	4	2	1796	2911	28	21	93.300484	τό
5	1	15	9	4	3	1840	2911	126	28	91.397270	ἀπόγευμα
5	1	15	9	4	4	1985	2913	59	28	91.491478	οτήν
5	1	15	9	4	5	2060	2913	135	30	80.906601	᾿Αρεόπολη
5	1	15	9	4	6	2209	2916	45	27	93.277634	τῆς
5	1	15	9	4	7	2269	2916	61	28	93.031868	ἴδιας
5	1	15	9	4	8	2348	2923	89	21	82.759705	προτο-
4	1	15	9	5	0	1728	2946	693	33	-1	
5	1	15	9	5	1	1728	2946	53	26	92.827789	μῆς,
5	1	15	9	5	2	1796	2946	61	21	93.288391	ὅπου
5	1	15	9	5	3	1875	2948	186	28	53.548615	παρευρέθήσαν
5	1	15	9	5	4	2073	2949	56	27	93.029892	ὅλες
5	1	15	9	5	5	2145	2950	24	21	8.377922	οἱ
5	1	15	9	5	6	2182	2950	76	27	92.937782	ἀρχές
5	1	15	9	5	7	2272	2952	44	20	93.287605	τοῦ
5	1	15	9	5	8	2332	2951	89	28	68.250885	Νομοῦ.
2	1	16	0	0	0	1736	2985	696	10	-1	
3	1	16	1	0	0	1736	2985	696	10	-1	
4	1	16	1	1	0	1736	2985	696	10	-1	
5	1	16	1	1	1	1736	2985	696	10	95.000000	 
2	1	17	0	0	0	1725	3016	710	189	-1	
3	1	17	1	0	0	1725	3016	710	172	-1	
4	1	17	1	1	0	1888	3016	392	28	-1	
5	1	17	1	1	1	1888	3016	205	23	69.031418	ΕΡΓΑΣΤΗΡΙΟΝ
5	1	17	1	1	2	2109	3016	171	28	83.925209	ΖΑΧΑΡ)ΚΗΣ
4	1	17	1	2	0	1921	3052	325	25	-1	
5	1	17	1	2	1	1921	3052	159	22	61.176952	ΒΑΙΣΙΛΕΙΟΥ
5	1	17	1	2	2	2096	3054	150	23	84.462654	ΒΕΡΓΑΔΟΥ
4	1	17	1	3	0	1726	3085	709	29	-1	
5	1	17	1	3	1	1726	3085	132	25	96.339500	ΠΛΑΤΕΙΑ
5	1	17	1	3	2	1873	3086	99	23	92.781578	ΔΟΥΚΑ
5	1	17	1	3	3	1989	3087	14	22	71.084808	ό
5	1	17	1	3	4	2017	3088	118	23	93.118759	ΣΠΑΡΤΗ
5	1	17	1	3	5	2150	3101	29	4	83.258072	--
5	1	17	1	3	6	2194	3090	60	22	93.291595	ΤΗΛ
5	1	17	1	3	7	2267	3091	168	23	49.313934	24925ᾷ24924
4	1	17	1	4	0	1753	3121	681	34	-1	
5	1	17	1	4	1	1753	3121	127	27	92.108719	Δεχόμεθα
5	1	17	1	4	2	1894	3123	92	29	92.758743	παντὸς
5	1	17	1	4	3	2000	3123	79	28	90.947044	εἴδους
5	1	17	1	4	4	2096	3125	168	28	71.085724	παραγγελίες,
5	1	17	1	4	5	2279	3127	39	27	95.713348	γιὰ
5	1	17	1	4	6	2337	3127	97	28	15.960144	γάμους,
4	1	17	1	5	0	1725	3151	572	54	-1	
5	1	17	1	5	1	1725	3151	122	53	80.831940	Βαπτ]σια,
5	1	17	1	5	2	1862	3153	158	52	59.985008	᾿Αρραθῶνες.
5	1	17	1	5	3	2035	3159	102	28	88.301208	Παγωτὸ
5	1	17	1	5	4	2151	3160	30	28	78.694679	µέ
5	1	17	1	5	5	2194	3161	30	21	93.226692	τὸ
5	1	17	1	5	6	2239	3161	58	22	88.818954	κιλὸ.
2	1	18	0	0	0	1756	3199	638	260	-1	
3	1	18	1	0	0	1756	3199	567	147	-1	
4	1	18	1	1	0	1756	3199	482	38	-1	
5	1	18	1	1	1	1756	3217	64	20	19.370834	α..
5	1	18	1	1	2	1922	3199	316	37	78.670212	ΧΡΥΣΟΧΟΕΙΟΝ
4	1	18	1	2	0	1838	3247	485	27	-1	
5	1	18	1	2	1	1838	3247	129	23	92.934296	ΧΡΙΣΤΟΥ
5	1	18	1	2	2	1977	3248	75	22	90.924149	ΑΡΙΣ.
5	1	18	1	2	3	2065	3249	258	25	90.844902	ΠΑΠΑΣΤΡΑΤΑΚΟΥ
4	1	18	1	3	0	1892	3283	373	27	-1	
5	1	18	1	3	1	1892	3283	150	25	92.312492	ΩΡΟΛΟΓΙΑ
5	1	18	1	3	2	2056	3297	9	4	92.439453	-
5	1	18	1	3	3	2077	3286	188	24	93.226913	ΚΟΣΜΗΜΑΤΑ
4	1	18	1	4	0	1898	3320	360	26	-1	
5	1	18	1	4	1	1898	3320	175	24	91.769638	ΡΑΔΙΟΦΟΝΑ
5	1	18	1	4	2	2084	3337	11	3	91.620628	-
5	1	18	1	4	3	2105	3323	153	23	91.090347	ΚΑΣΣΕΤΕΣ
3	1	18	2	0	0	1768	3355	626	104	-1	
4	1	18	2	1	0	1895	3355	470	33	-1	
5	1	18	2	1	1	1895	3355	190	27	65.895645	ΕΓΚΥΗΜΕΝΑΙ
5	1	18	2	1	2	2102	3358	159	23	89.893501	ΕΠΙΣΚΕΥΑΙ
5	1	18	2	1	3	2363	3386	2	2	0.000000	'
4	1	18	2	2	0	1768	3389	626	32	-1	
5	1	18	2	2	1	1768	3389	79	22	91.101799	ΟΔΟΣ
5	1	18	2	2	2	1856	3390	171	24	0.000000	ΑΓΗΣΙΑΛΑΟΥ
5	1	18	2	2	3	2036	3393	30	21	79.734589	49
5	1	18	2	2	4	2077	3393	51	28	95.784126	τηλ:
5	1	18	2	2	5	2141	3393	82	23	93.084610	26.237
5	1	18	2	2	6	2233	3407	29	4	87.421127	---
5	1	18	2	2	7	2275	3395	119	23	96.394020	ΣΠΑΡΤΗ
4	1	18	2	3	0	1817	3425	524	34	-1	
5	1	18	2	3	1	1817	3425	107	27	67.196922	(Ἔναντι
5	1	18	2	3	2	1938	3427	107	28	93.293343	Κέντρου
5	1	18	2	3	3	2055	3428	138	30	92.987709	Κοινωνικῆς
5	1	18	2	3	4	2204	3430	137	29	91.891022	Πολιτικῆς)
2	1	19	0	0	0	1783	3197	648	9	-1	
3	1	19	1	0	0	1783	3197	648	9	-1	
4	1	19	1	1	0	1783	3197	648	9	-1	
5	1	19	1	1	1	1783	3197	648	9	95.000000	 
2	1	20	0	0	0	1838	1800	645	30	-1	
3	1	20	1	0	0	1838	1800	645	30	-1	
4	1	20	1	1	0	1838	1800	645	30	-1	
5	1	20	1	1	1	1838	1809	45	8	6.318588	επ
5	1	20	1	1	2	1889	1800	433	30	0.000000	εξουσιοδοτημέναισυνεργεῖαι"-'-
5	1	20	1	1	3	2327	1810	116	9	26.664253	σπιν
5	1	20	1	1	4	2465	1813	18	7	0.000000	Ε--
2	1	21	0	0	0	2442	3076	7	382	-1	
3	1	21	1	0	0	2442	3076	7	382	-1	
4	1	21	1	1	0	2442	3076	7	382	-1	
5	1	21	1	1	1	2442	3076	7	382	95.000000	 
2	1	22	0	0	0	2566	190	191	52	-1	
3	1	22	1	0	0	2566	190	191	52	-1	
4	1	22	1	1	0	2566	190	191	52	-1	
5	1	22	1	1	1	2566	192	39	50	58.089607	ΠΛ
5	1	22	1	1	2	2618	191	32	38	44.288006	ΤΟ
5	1	22	1	1	3	2669	190	69	38	0.000000	ΙΡΙΘ
2	1	23	0	0	0	2477	246	360	242	-1	
3	1	23	1	0	0	2477	246	360	170	-1	
4	1	23	1	1	0	2513	246	321	27	-1	
5	1	23	1	1	1	2513	249	50	24	96.816383	Στίς
5	1	23	1	1	2	2578	248	12	19	96.417213	6
5	1	23	1	1	3	2736	246	31	19	83.673759	62
5	1	23	1	1	4	2783	252	51	13	92.188683	συνο
4	1	23	1	2	0	2478	282	355	27	-1	
5	1	23	1	2	1	2478	285	100	24	80.862961	δευόµενη
5	1	23	1	2	2	2599	284	43	18	96.478249	ἀπὸ
5	1	23	1	2	3	2658	283	24	18	82.469986	τό
5	1	23	1	2	4	2702	282	81	24	86.373329	σὐζυγὸ
5	1	23	1	2	5	2797	288	36	19	87.126160	της
4	1	23	1	3	0	2479	319	353	26	-1	
5	1	23	1	3	1	2479	320	86	25	92.551086	γλόπτη,
5	1	23	1	3	2	2585	326	18	13	93.219498	κ.
5	1	23	1	3	3	2617	319	100	24	34.513466	"Αγγελο
5	1	23	1	3	4	2734	319	98	24	92.739578	Μακρίδη
4	1	23	1	4	0	2479	355	353	26	-1	
5	1	23	1	4	1	2479	356	36	25	93.284134	τήν
5	1	23	1	4	2	2531	356	96	25	91.993332	κορούλα
5	1	23	1	4	3	2647	361	37	18	93.286667	της
5	1	23	1	4	4	2701	355	79	23	46.838642	"ἛἜλσα,
5	1	23	1	4	5	2798	355	34	18	96.843468	καί
4	1	23	1	5	0	2477	390	360	26	-1	
5	1	23	1	5	1	2477	392	24	19	93.187965	τό
5	1	23	1	5	2	2523	392	101	24	95.191750	συντάκτη
5	1	23	1	5	3	2644	397	46	18	93.293785	µας,
5	1	23	1	5	4	2711	390	126	25	68.220070	ἐπισκέφθη-
3	1	23	2	0	0	2557	426	275	62	-1	
4	1	23	2	1	0	2578	426	254	26	-1	
5	1	23	2	1	1	2578	428	114	24	90.966370	Γεωργίτσι
5	1	23	2	1	2	2711	427	12	24	89.131783	ἡ
5	1	23	2	1	3	2742	426	90	21	77.219124	Καλλιτέ
4	1	23	2	2	0	2557	463	275	25	-1	
5	1	23	2	2	1	2557	464	104	24	92.048897	Γλύπτρια
5	1	23	2	2	2	2675	469	19	12	93.262306	κ.
5	1	23	2	2	3	2714	463	118	24	92.231407	Μακρίδου,
2	1	24	0	0	0	2611	248	90	18	-1	
3	1	24	1	0	0	2611	248	90	18	-1	
4	1	24	1	1	0	2611	248	90	18	-1	
5	1	24	1	1	1	2611	248	90	18	0.000000	᾿Τουνίου
2	1	25	0	0	0	2478	428	69	59	-1	
3	1	25	1	0	0	2478	428	69	59	-1	
4	1	25	1	1	0	2479	428	68	18	-1	
5	1	25	1	1	1	2479	434	23	12	96.364914	κε
5	1	25	1	1	2	2523	428	24	18	95.753853	τὸ
4	1	25	1	2	0	2478	470	43	17	-1	
5	1	25	1	2	1	2478	470	43	17	42.781414	χνις
2	1	26	0	0	0	2477	496	355	99	-1	
3	1	26	1	0	0	2477	496	355	99	-1	
4	1	26	1	1	0	2478	496	354	28	-1	
5	1	26	1	1	1	2478	496	144	28	90.872482	ἀπεσταλμένη
5	1	26	1	1	2	2661	499	38	18	74.600586	τοῦ
5	1	26	1	1	3	2713	498	119	25	91.186577	Πολεμικοῦ
4	1	26	1	2	0	2478	535	354	24	-1	
5	1	26	1	2	1	2478	536	111	22	96.732414	Μουσείου,
5	1	26	1	2	2	2602	536	38	22	96.398430	γιά
5	1	26	1	2	3	2651	535	28	18	94.661316	νά
5	1	26	1	2	4	2693	535	100	24	59.303513	γνωρίσει
5	1	26	1	2	5	2809	535	23	18	77.237167	τὀ
4	1	26	1	3	0	2477	570	353	25	-1	
5	1	26	1	3	1	2477	570	67	25	96.096252	χωριό
5	1	26	1	3	2	2575	577	45	18	91.156456	µας,
5	1	26	1	3	3	2664	572	27	18	44.683876	υά
5	1	26	1	3	4	2709	570	121	25	49.006172	σχηματίσει
2	1	27	0	0	0	2477	606	355	281	-1	
3	1	27	1	0	0	2477	606	355	205	-1	
4	1	27	1	1	0	2477	606	355	25	-1	
5	1	27	1	1	1	2477	606	122	25	66.242088	προσωπική
5	1	27	1	1	2	2631	606	100	24	66.242088	ἀντίληψη
5	1	27	1	1	3	2753	607	35	18	95.870750	καί
5	1	27	1	1	4	2805	606	27	19	84.182716	νά
4	1	27	1	2	0	2479	642	352	29	-1	
5	1	27	1	2	1	2479	643	114	24	91.701675	καταλήξει
5	1	27	1	2	2	2609	642	25	25	88.038094	µέ
5	1	27	1	2	3	2651	642	41	25	64.516602	τὴν
5	1	27	1	2	4	2725	642	106	29	32.379517	 ἐπιτροπή
4	1	27	1	3	0	2478	678	354	25	-1	
5	1	27	1	3	1	2478	680	50	23	93.294846	στὴν
5	1	27	1	3	2	2541	678	87	25	92.518066	ἐπιλογή
5	1	27	1	3	3	2642	678	37	24	95.991051	τῆς
5	1	27	1	3	4	2696	678	136	25	95.185707	κατάλληλης
4	1	27	1	4	0	2479	714	353	27	-1	
5	1	27	1	4	1	2479	716	125	25	96.693375	τοποθεσίας
5	1	27	1	4	2	2639	714	41	24	77.075638	γιά
5	1	27	1	4	3	2709	714	23	19	92.827744	τό
5	1	27	1	4	4	2745	714	87	25	79.605766	στήσιμο
4	1	27	1	5	0	2478	750	354	25	-1	
5	1	27	1	5	1	2478	751	37	18	61.638424	τοῦ
5	1	27	1	5	2	2557	750	175	25	29.022865	 μεγαλοπρεποῦς
5	1	27	1	5	3	2749	750	83	24	26.742638	'Ἡρώου
4	1	27	1	6	0	2477	787	249	24	-1	
5	1	27	1	6	1	2477	787	40	18	88.324722	τῶν
5	1	27	1	6	2	2531	787	136	24	87.732338	᾿Αεροπόρων
5	1	27	1	6	3	2681	792	45	19	92.035767	µας,
3	1	27	2	0	0	2477	822	355	60	-1	
4	1	27	2	1	0	2507	822	323	25	-1	
5	1	27	2	1	1	2507	823	44	24	92.864944	Στή
5	1	27	2	1	2	2573	823	103	24	85.927254	συζήτηση
5	1	27	2	1	3	2717	822	39	19	85.927254	πού
5	1	27	2	1	4	2771	823	59	18	89.307617	ἔπικο
4	1	27	2	2	0	2477	849	355	38	-1	
5	1	27	2	2	1	2477	854	92	33	91.730972	λούθησε
5	1	27	2	2	2	2602	849	38	28	93.183182	στὸ
5	1	27	2	2	3	2661	858	109	19	90.685509	Κοινοτικὸ
5	1	27	2	2	4	2789	859	43	23	92.518501	Γρα
2	1	28	0	0	0	2471	894	362	23	-1	
3	1	28	1	0	0	2471	894	362	23	-1	
4	1	28	1	1	0	2471	894	362	23	-1	
5	1	28	1	1	1	2471	894	53	23	0.000000	|φεῖο
5	1	28	1	1	2	2538	894	25	23	87.599541	µέ
5	1	28	1	1	3	2574	894	28	18	95.937134	τά
5	1	28	1	1	4	2613	894	97	23	96.461655	παρόντα
5	1	28	1	1	5	2728	894	51	23	84.275375	µέλη
5	1	28	1	1	6	2796	894	37	23	96.881348	τῆς
2	1	29	0	0	0	2477	929	355	166	-1	
3	1	29	1	0	0	2477	929	355	166	-1	
4	1	29	1	1	0	2477	929	355	24	-1	
5	1	29	1	1	1	2477	929	119	24	87.552750	ἐπιτροπῆς:
5	1	29	1	1	2	2629	929	165	24	52.869946	᾿Αντισμήναρχο
5	1	29	1	1	3	2814	935	18	13	96.209801	κ.
4	1	29	1	2	0	2481	954	350	39	-1	
5	1	29	1	2	1	2481	965	74	24	28.404221	ΣπῦΌρο
5	1	29	1	2	2	2577	966	23	20	59.636665	ἩΗ.
5	1	29	1	2	3	2622	954	108	39	90.153290	Γιάνναρη,
5	1	29	1	2	4	2754	965	77	24	14.330017	᾿Αριστ.
4	1	29	1	3	0	2481	1000	351	25	-1	
5	1	29	1	3	1	2481	1000	161	25	80.690620	Σκρουμπέλλο,
5	1	29	1	3	2	2658	1000	73	25	75.835327	Γεωρ..
5	1	29	1	3	3	2739	1001	93	22	92.226631	Γκουζού
4	1	29	1	4	0	2639	1036	193	24	-1	
5	1	29	1	4	1	2639	1036	139	24	46.852165	Γιαν/ακάκη,
5	1	29	1	4	2	2794	1036	38	19	90.125717	ἀνέ
4	1	29	1	5	0	2675	1071	155	24	-1	
5	1	29	1	5	1	2675	1071	37	19	90.895973	τοῦ
5	1	29	1	5	2	2729	1072	101	23	90.895973	ὑπάρχον-
2	1	30	0	0	0	2476	1036	354	236	-1	
3	1	30	1	0	0	2476	1036	354	167	-1	
4	1	30	1	1	0	2477	1036	127	24	-1	
5	1	30	1	1	1	2477	1036	25	24	92.437477	λη
5	1	30	1	1	2	2527	1037	37	18	93.296410	καὶ
5	1	30	1	1	3	2582	1037	22	18	90.969040	Κ.
4	1	30	1	2	0	2477	1071	168	25	-1	
5	1	30	1	2	1	2477	1075	52	21	92.441307	κυψε
5	1	30	1	2	2	2549	1072	23	19	96.546982	τὸ
5	1	30	1	2	3	2590	1071	55	24	90.980820	θέµα
4	1	30	1	3	0	2477	1107	353	26	-1	
5	1	30	1	3	1	2477	1113	36	17	91.610077	τος
5	1	30	1	3	2	2526	1107	75	26	91.610077	μικροῦ
5	1	30	1	3	3	2614	1107	90	24	34.052727	'ἨἩρώου,
5	1	30	1	3	4	2719	1108	33	18	96.242355	ἐπί
5	1	30	1	3	5	2763	1108	37	18	93.268944	τοῦ
5	1	30	1	3	6	2817	1108	13	18	93.137558	ὁ
4	1	30	1	4	0	2476	1142	354	25	-1	
5	1	30	1	4	1	2476	1144	60	19	92.966957	ποίου
5	1	30	1	4	2	2555	1144	57	22	95.745407	εἶναι
5	1	30	1	4	3	2631	1142	128	25	34.269012	χαραγμένα
5	1	30	1	4	4	2773	1144	27	18	92.406128	τά
5	1	30	1	4	5	2818	1144	12	18	92.406128	ὁ
4	1	30	1	5	0	2476	1180	354	23	-1	
5	1	30	1	5	1	2476	1180	81	23	36.076065	νὸόµατα
5	1	30	1	5	2	2571	1180	41	19	96.444901	τῶν
5	1	30	1	5	3	2627	1180	107	19	89.964737	πεσόντων
5	1	30	1	5	4	2742	1180	24	19	95.531761	τὸ
5	1	30	1	5	5	2780	1180	50	20	96.878937	1949
3	1	30	2	0	0	2658	1217	172	55	-1	
4	1	30	2	1	0	2701	1217	129	20	-1	
5	1	30	2	1	1	2701	1217	129	20	95.959122	Μακεδόνων
4	1	30	2	2	0	2658	1253	172	19	-1	
5	1	30	2	2	1	2658	1254	40	17	83.942421	Καί
5	1	30	2	2	2	2717	1253	58	19	90.319717	ὅλων
5	1	30	2	2	3	2789	1254	41	18	61.567165	τῶ;
2	1	31	0	0	0	2474	1215	355	278	-1	
3	1	31	1	0	0	2474	1215	355	278	-1	
4	1	31	1	1	0	2476	1215	177	26	-1	
5	1	31	1	1	1	2476	1215	49	19	90.340599	στὸν
5	1	31	1	1	2	2559	1216	94	25	64.078964	Ταὔγετο
4	1	31	1	2	0	2476	1252	138	23	-1	
5	1	31	1	2	1	2476	1252	138	23	91.003265	στρατιωτῶν.
4	1	31	1	3	0	2475	1289	227	24	-1	
5	1	31	1	3	1	2475	1289	163	22	9.222733	συμπατριωτῶν
5	1	31	1	3	2	2657	1294	45	19	95.740120	µας.
4	1	31	1	4	0	2504	1322	325	28	-1	
5	1	31	1	4	1	2504	1322	132	28	91.238274	Ἐξεφράσθη
5	1	31	1	4	2	2650	1324	12	25	91.986465	ἡ
5	1	31	1	4	3	2681	1325	97	24	91.442368	ἐπιθυμία
5	1	31	1	4	4	2789	1326	40	18	96.766693	τῶν
4	1	31	1	5	0	2474	1358	355	27	-1	
5	1	31	1	5	1	2474	1358	110	23	95.365044	παρόντων
5	1	31	1	5	2	2607	1363	26	18	81.693024	νά
5	1	31	1	5	3	2653	1361	129	24	92.339935	προστεθοῦν
5	1	31	1	5	4	2805	1362	24	18	69.612717	σέ
4	1	31	1	6	0	2475	1394	187	25	-1	
5	1	31	1	6	1	2475	1396	37	21	56.932953	μιά
5	1	31	1	6	2	2529	1394	83	25	95.904778	πλευρά
5	1	31	1	6	3	2625	1396	37	19	96.824646	τοῦ
4	1	31	1	7	0	2476	1429	162	28	-1	
5	1	31	1	7	1	2476	1429	61	26	87.779022	µένου
5	1	31	1	7	2	2555	1431	83	26	84.235352	Ἡρώου
4	1	31	1	8	0	2475	1468	353	25	-1	
5	1	31	1	8	1	2475	1473	42	18	80.803070	ρων
5	1	31	1	8	2	2535	1474	46	18	92.418777	µας,
5	1	31	1	8	3	2601	1468	37	19	96.243752	καὶ
5	1	31	1	8	4	2651	1468	27	19	92.845909	τά
5	1	31	1	8	5	2698	1469	95	24	92.602470	ὀνόματα
5	1	31	1	8	6	2807	1470	21	18	92.628555	ὅ-
2	1	32	0	0	0	2667	1398	161	59	-1	
3	1	32	1	0	0	2667	1398	161	59	-1	
4	1	32	1	1	0	2695	1398	133	23	-1	
5	1	32	1	1	1	2695	1398	133	23	87.649002	ἄνεγερθησο
4	1	32	1	2	0	2667	1432	161	25	-1	
5	1	32	1	2	1	2667	1432	55	19	73.711975	«τῶν
5	1	32	1	2	2	2737	1434	91	23	90.174026	᾿Αεροπὸ
2	1	33	0	0	0	2471	1503	356	199	-1	
3	1	33	1	0	0	2471	1503	356	199	-1	
4	1	33	1	1	0	2474	1503	104	20	-1	
5	1	33	1	1	1	2474	1503	43	18	80.331711	λω»
5	1	33	1	1	2	2537	1504	41	19	68.761688	τῶν
4	1	33	1	2	0	2474	1540	353	24	-1	
5	1	33	1	2	1	2474	1545	46	18	89.077713	μας,
5	1	33	1	2	2	2553	1540	117	19	0.000000	πεσόντων:
5	1	33	1	2	3	2698	1541	63	23	93.304169	στοὺς
5	1	33	1	2	4	2775	1541	52	19	47.409477	πολέ
4	1	33	1	3	0	2474	1569	351	32	-1	
5	1	33	1	3	1	2474	1580	52	18	89.270615	µους
5	1	33	1	3	2	2542	1576	50	18	93.237534	1912
5	1	33	1	3	3	2605	1586	5	3	91.911926	-
5	1	33	1	3	4	2624	1576	50	18	68.848328	1949
5	1	33	1	3	5	2696	1569	41	30	76.942169	Γιὰ
5	1	33	1	3	6	2754	1577	71	24	45.716690	ὁριστη
4	1	33	1	4	0	2473	1610	354	30	-1	
5	1	33	1	4	1	2473	1610	36	23	90.728889	κές
5	1	33	1	4	2	2525	1611	122	29	77.703018	ἀποφάσεις
5	1	33	1	4	3	2664	1612	28	18	93.207146	θά
5	1	33	1	4	4	2711	1612	75	25	92.545563	ληφθεῖ
5	1	33	1	4	5	2799	1613	28	19	66.577766	ὑπ
4	1	33	1	5	0	2471	1646	283	26	-1	
5	1	33	1	5	1	2471	1646	46	23	91.869965	ὄψει
5	1	33	1	5	2	2534	1648	36	17	91.428261	καί
5	1	33	1	5	3	2594	1648	12	23	85.514404	ἡ
5	1	33	1	5	4	2627	1648	127	24	85.514404	πλειοψηφὶα
4	1	33	1	6	0	2473	1683	109	19	-1	
5	1	33	1	6	1	2473	1683	109	19	96.053841	κατοίκων.
2	1	34	0	0	0	2560	1737	243	80	-1	
3	1	34	1	0	0	2560	1737	243	80	-1	
4	1	34	1	1	0	2564	1737	136	38	-1	
5	1	34	1	1	1	2564	1737	136	38	0.000000	΄ΙΦΙΞΕΡ
4	1	34	1	2	0	2560	1782	243	35	-1	
5	1	34	1	2	1	2560	1782	197	35	29.120232	Εξωτερίκου
2	1	35	0	0	0	2615	1504	213	25	-1	
3	1	35	1	0	0	2615	1504	213	25	-1	
4	1	35	1	1	0	2615	1504	213	25	-1	
5	1	35	1	1	1	2615	1504	99	24	67.941040	ἡρωϊκῶν
5	1	35	1	1	2	2748	1506	80	23	61.165680	νεκρῶν
2	1	36	0	0	0	2478	1724	313	6	-1	
3	1	36	1	0	0	2478	1724	313	6	-1	
4	1	36	1	1	0	2478	1724	313	6	-1	
5	1	36	1	1	1	2478	1724	313	6	95.000000	 
2	1	37	0	0	0	2621	1821	87	6	-1	
3	1	37	1	0	0	2621	1821	87	6	-1	
4	1	37	1	1	0	2621	1821	87	6	-1	
5	1	37	1	1	1	2621	1821	87	6	95.000000	 
2	1	38	0	0	0	2469	1857	355	131	-1	
3	1	38	1	0	0	2469	1857	355	131	-1	
4	1	38	1	1	0	2498	1857	322	26	-1	
5	1	38	1	1	1	2498	1860	90	23	56.979618	"Ἠρθαν
5	1	38	1	1	2	2600	1859	43	18	96.704300	ἀπό
5	1	38	1	1	3	2657	1858	25	19	70.151108	τό
5	1	38	1	1	4	2698	1857	122	23	92.009926	ἐξωτερικό:
4	1	38	1	2	0	2470	1893	354	23	-1	
5	1	38	1	2	1	2470	1895	26	18	69.676758	Οἵ
5	1	38	1	2	2	2518	1901	40	15	96.256676	κκ.
5	1	38	1	2	3	2576	1895	52	18	82.695755	Κων.
5	1	38	1	2	4	2643	1894	53	18	37.642406	᾿Αντ.
5	1	38	1	2	5	2712	1893	112	19	91.175293	Γιαννακά-
4	1	38	1	3	0	2470	1929	352	25	-1	
5	1	38	1	3	1	2470	1936	38	17	89.574287	κης
5	1	38	1	3	2	2529	1930	24	24	79.755524	µέ
5	1	38	1	3	3	2571	1930	23	24	96.326080	τή
5	1	38	1	3	4	2617	1929	80	23	89.018524	σύζυγό
5	1	38	1	3	5	2716	1934	38	14	90.806496	που
5	1	38	1	3	6	2787	1929	35	20	90.960602	καί
4	1	38	1	4	0	2469	1964	352	24	-1	
5	1	38	1	4	1	2469	1965	36	18	75.147125	τὀν
5	1	38	1	4	2	2519	1965	35	23	95.997643	γιό
5	1	38	1	4	3	2568	1971	42	17	80.169533	του,
5	1	38	1	4	4	2643	1965	52	18	69.553345	Ἰων.
5	1	38	1	4	5	2717	1965	20	18	90.705406	Χ.
5	1	38	1	4	6	2755	1964	66	19	38.325218	Καλα.
2	1	39	0	0	0	2469	2000	363	60	-1	
3	1	39	1	0	0	2469	2000	363	60	-1	
4	1	39	1	1	0	2469	2000	363	24	-1	
5	1	39	1	1	1	2469	2001	97	23	87.672478	Θρυτινός
5	1	39	1	1	2	2582	2000	171	23	90.309227	οἰκογενειακῶς,
5	1	39	1	1	3	2773	2000	59	22	0.000000	[]αν,
5	1	39	1	1	4	2827	1996	9	32	8.294365	Ἰ
4	1	39	1	2	0	2549	2035	278	25	-1	
5	1	39	1	2	1	2549	2036	143	24	0.000000	Για)νακάκης
5	1	39	1	2	2	2723	2035	42	25	54.120247	οἶκ)
5	1	39	1	2	3	2776	2031	51	33	82.704201	κῶς,
2	1	40	0	0	0	2460	2037	362	717	-1	
3	1	40	1	0	0	2460	2037	362	699	-1	
4	1	40	1	1	0	2472	2037	37	19	-1	
5	1	40	1	1	1	2472	2037	37	19	93.298004	Στ.
4	1	40	1	2	0	2470	2071	352	26	-1	
5	1	40	1	2	1	2470	2072	81	23	92.794586	Παναγ.
5	1	40	1	2	2	2575	2073	23	19	91.478951	Π.
5	1	40	1	2	3	2616	2071	124	26	91.113968	Μπολάνης,
5	1	40	1	2	4	2760	2072	62	25	91.552734	Γεώρ.
4	1	40	1	3	0	2468	2108	354	24	-1	
5	1	40	1	3	1	2468	2108	43	18	53.016968	᾽Α6.
5	1	40	1	3	2	2527	2108	81	24	51.258781	Γρίθας,
5	1	40	1	3	3	2646	2108	75	23	23.082230	"Ηλίας
5	1	40	1	3	4	2740	2109	18	18	75.137924	Γ,
5	1	40	1	3	5	2774	2109	48	18	73.547211	Ντέ-
4	1	40	1	4	0	2468	2143	352	25	-1	
5	1	40	1	4	1	2468	2148	38	18	83.781807	ρος
5	1	40	1	4	2	2524	2143	98	25	81.434525	γαμθρός
5	1	40	1	4	3	2639	2144	37	19	93.291824	τοῦ
5	1	40	1	4	4	2689	2145	23	23	91.281937	Δ,
5	1	40	1	4	5	2727	2144	93	24	91.281937	Δεδούση
4	1	40	1	5	0	2468	2166	353	41	-1	
5	1	40	1	5	1	2468	2170	44	32	85.989799	οἰκ)
5	1	40	1	5	2	2522	2166	44	41	86.528702	κῶς,
5	1	40	1	5	3	2589	2179	84	19	34.777222	᾿Αποστ.
5	1	40	1	5	4	2692	2180	18	19	92.162735	Γ,
5	1	40	1	5	5	2737	2180	84	24	23.135788	Κοψ.ᾶς,
4	1	40	1	6	0	2467	2213	354	27	-1	
5	1	40	1	6	1	2467	2213	65	24	57.662384	Νῖκος
5	1	40	1	6	2	2552	2215	43	21	4.912834	Αθ.
5	1	40	1	6	3	2614	2215	95	25	57.156261	Βορϊλας
5	1	40	1	6	4	2722	2216	24	24	86.466049	µέ
5	1	40	1	6	5	2759	2216	22	24	96.964279	τή
5	1	40	1	6	6	2795	2216	26	18	92.656700	σύ
4	1	40	1	7	0	2465	2245	356	31	-1	
5	1	40	1	7	1	2465	2249	53	23	96.714165	ζυγό
5	1	40	1	7	2	2534	2245	42	28	96.789223	του,
5	1	40	1	7	3	2595	2252	106	24	93.287750	Γεώργιος
5	1	40	1	7	4	2717	2252	23	18	93.083961	Δ.
5	1	40	1	7	5	2757	2252	64	23	91.125793	Σαρα
4	1	40	1	8	0	2465	2284	354	26	-1	
5	1	40	1	8	1	2465	2284	79	24	90.958168	ζοκλής
5	1	40	1	8	2	2559	2285	99	25	89.630348	οἰκ)κῶς,
5	1	40	1	8	3	2697	2287	70	18	78.770386	᾿Αθαν.
5	1	40	1	8	4	2796	2287	23	19	89.900787	Π.
4	1	40	1	9	0	2465	2311	237	39	-1	
5	1	40	1	9	1	2465	2311	95	33	92.886383	Γκλέκας
5	1	40	1	9	2	2603	2322	43	24	74.670120	οἶκ)
5	1	40	1	9	3	2654	2317	48	33	92.207947	κῶς,
4	1	40	1	10	0	2467	2357	351	25	-1	
5	1	40	1	10	1	2467	2357	43	19	43.013199	᾿Αθ.
5	1	40	1	10	2	2535	2358	120	24	74.237473	Γιάνναρης,
5	1	40	1	10	3	2676	2358	104	24	92.940788	Γεώργιος
5	1	40	1	10	4	2798	2359	20	18	91.078850	Φ.
4	1	40	1	11	0	2467	2393	350	25	-1	
5	1	40	1	11	1	2467	2393	110	25	72.876472	Σάλαρης,
5	1	40	1	11	2	2597	2394	11	24	84.983154	ἡ
5	1	40	1	11	3	2629	2393	53	24	96.453621	κόρη
5	1	40	1	11	4	2697	2394	37	18	89.735458	τοῦ
5	1	40	1	11	5	2765	2395	52	23	55.167904	Δημ.
4	1	40	1	12	0	2466	2428	354	25	-1	
5	1	40	1	12	1	2466	2428	89	25	74.245514	᾿Αϊθαλή
5	1	40	1	12	2	2583	2429	37	23	91.162476	γιά
5	1	40	1	12	3	2647	2429	27	18	86.869835	νά
5	1	40	1	12	4	2691	2429	129	24	92.719398	ἐπισκεφθεῖὶ
4	1	40	1	13	0	2463	2464	353	25	-1	
5	1	40	1	13	1	2463	2464	35	18	84.098999	τὀν
5	1	40	1	13	2	2511	2465	55	23	96.202927	τάφο
5	1	40	1	13	3	2584	2464	36	24	94.816849	τής
5	1	40	1	13	4	2652	2465	92	23	14.846817	μητέρας
5	1	40	1	13	5	2775	2471	41	18	63.754055	της,
4	1	40	1	14	0	2466	2499	351	24	-1	
5	1	40	1	14	1	2466	2499	51	19	26.351700	Κωὠν.
5	1	40	1	14	2	2540	2500	18	18	27.916786	Γ.
5	1	40	1	14	3	2576	2499	121	24	53.928127	Γιάνναρης,
5	1	40	1	14	4	2723	2500	54	21	34.006454	ΠΜικ,.
5	1	40	1	14	5	2793	2500	24	19	76.962158	Ν.
4	1	40	1	15	0	2464	2534	352	26	-1	
5	1	40	1	15	1	2464	2534	152	24	41.227516	Μικολακάκης
5	1	40	1	15	2	2633	2535	24	23	89.261749	µέ
5	1	40	1	15	3	2695	2535	37	24	83.177780	τήν
5	1	40	1	15	4	2763	2536	53	24	89.987862	κόρη
4	1	40	1	16	0	2461	2559	355	40	-1	
5	1	40	1	16	1	2461	2575	43	18	93.273727	του,
5	1	40	1	16	2	2520	2569	118	23	5.512428	᾿ΟὈδυσσέας
5	1	40	1	16	3	2657	2569	24	19	84.366608	Π.
5	1	40	1	16	4	2705	2559	111	40	96.551689	Κατσαρός
4	1	40	1	17	0	2462	2605	354	24	-1	
5	1	40	1	17	1	2462	2605	24	23	77.618210	μέ
5	1	40	1	17	2	2496	2605	26	24	77.618210	τή
5	1	40	1	17	3	2540	2605	92	24	94.610382	γυναίκα
5	1	40	1	17	4	2645	2611	42	16	93.301315	του,
5	1	40	1	17	5	2705	2605	12	19	86.705299	ὁ
5	1	40	1	17	6	2751	2606	65	23	81.387650	ἨΝῖκος
4	1	40	1	18	0	2461	2640	354	26	-1	
5	1	40	1	18	1	2461	2640	23	18	91.730545	Δ.
5	1	40	1	18	2	2499	2640	138	25	90.375076	Γεωργούλης
5	1	40	1	18	3	2657	2640	24	24	81.934906	µέ
5	1	40	1	18	4	2699	2641	23	24	96.558533	τή
5	1	40	1	18	5	2735	2642	80	24	95.721390	σύζυγό
4	1	40	1	19	0	2461	2676	355	33	-1	
5	1	40	1	19	1	2461	2681	41	25	94.988762	του.
5	1	40	1	19	2	2517	2676	53	31	96.949234	Τούς
5	1	40	1	19	3	2586	2676	178	33	59.564293	Κκαλωσορὶζουµε
5	1	40	1	19	4	2780	2680	39	28	85.278793	καί
4	1	40	1	20	0	2460	2699	354	55	-1	
5	1	40	1	20	1	2460	2699	118	55	45.426716	ὐχόµαστε
5	1	40	1	20	2	2594	2707	112	31	92.783173	εὐχάριστη
5	1	40	1	20	3	2720	2703	94	37	35.648697	διαμονή.
2	1	41	0	0	0	2460	2762	354	170	-1	
3	1	41	1	0	0	2460	2762	354	130	-1	
4	1	41	1	1	0	2593	2762	95	22	-1	
5	1	41	1	1	1	2593	2762	95	22	61.221191	ΡΕΠΟΣ
4	1	41	1	2	0	2460	2797	354	25	-1	
5	1	41	1	2	1	2460	2797	182	24	69.747475	ΚΡΥΣΤΑΛΛΑ
5	1	41	1	2	2	2650	2813	8	3	56.025604	-
5	1	41	1	2	3	2672	2799	142	23	25.165634	ΠΟΡΣΗΛΑ
4	1	41	1	3	0	2462	2833	328	23	-1	
5	1	41	1	3	1	2462	2833	51	21	85.153038	ΝΑΙ
5	1	41	1	3	2	2524	2847	8	3	85.153038	-
5	1	41	1	3	3	2543	2833	168	23	94.583557	ΦΩΤΙΣΤΙΚΑ.
5	1	41	1	3	4	2788	2839	2	2	26.854263	;
4	1	41	1	4	0	2461	2868	353	24	-1	
5	1	41	1	4	1	2461	2869	95	22	27.824768	ΡΕΒΟΘ
5	1	41	1	4	2	2569	2868	119	23	6.463173	ΥΑΛΠΚΑ.
5	1	41	1	4	3	2701	2869	85	23	87.483284	Σταδίω
5	1	41	1	4	4	2802	2871	12	21	72.255310	ἆ
3	1	41	2	0	0	2473	2902	333	30	-1	
4	1	41	2	1	0	2473	2902	333	30	-1	
5	1	41	2	1	1	2473	2903	31	22	91.120880	Τό
5	1	41	2	1	2	2521	2905	142	27	33.452217	ὑπερσύγχρουο
5	1	41	2	1	3	2681	2902	125	30	58.556614	χατὰστημα.
2	1	42	0	0	0	2738	2323	81	23	-1	
3	1	42	1	0	0	2738	2323	81	23	-1	
4	1	42	1	1	0	2738	2323	81	23	-1	
5	1	42	1	1	1	2738	2323	81	23	89.972443	Παναγ.
2	1	43	0	0	0	2476	2750	323	5	-1	
3	1	43	1	0	0	2476	2750	323	5	-1	
4	1	43	1	1	0	2476	2750	323	5	-1	
5	1	43	1	1	1	2476	2750	323	5	95.000000	 
2	1	44	0	0	0	2494	2963	306	6	-1	
3	1	44	1	0	0	2494	2963	306	6	-1	
4	1	44	1	1	0	2494	2963	306	6	-1	
5	1	44	1	1	1	2494	2963	306	6	95.000000	 
2	1	45	0	0	0	2468	2991	338	134	-1	
3	1	45	1	0	0	2468	2991	338	134	-1	
4	1	45	1	1	0	2470	2991	334	30	-1	
5	1	45	1	1	1	2470	2991	133	23	48.005196	ΚΑΦΕΔΗΕΣ
5	1	45	1	1	2	2613	2993	191	28	62.447762	ΚΑΡΑΒΟΥΛΙΑ
4	1	45	1	2	0	2468	3027	338	28	-1	
5	1	45	1	2	1	2468	3027	81	22	70.601265	ΓΕΩΡ.
5	1	45	1	2	2	2559	3029	26	21	58.382526	Η.
5	1	45	1	2	3	2596	3030	210	25	90.060944	ΚΑΡΑΒΟΥΛΙΑΣ
4	1	45	1	3	0	2493	3062	286	33	-1	
5	1	45	1	3	1	2493	3062	153	30	0.000000	Αριστοτέλους
5	1	45	1	3	2	2655	3067	28	22	32.476669	ϐ0
5	1	45	1	3	3	2693	3068	86	27	52.839870	᾿Αῆναι
4	1	45	1	4	0	2543	3099	186	26	-1	
5	1	45	1	4	1	2543	3099	53	25	82.132904	Τηλ,
5	1	45	1	4	2	2613	3100	116	25	46.243927	89.19.43
2	1	46	0	0	0	2454	3183	350	275	-1	
3	1	46	1	0	0	2454	3183	350	275	-1	
4	1	46	1	1	0	2508	3183	251	27	-1	
5	1	46	1	1	1	2508	3183	74	22	59.365334	«ΑΦΟΙ
5	1	46	1	1	2	2595	3187	164	23	0.000000	ΙΔΙΑΜΑΝΤΗ
4	1	46	1	2	0	2467	3218	334	27	-1	
5	1	46	1	2	1	2467	3218	86	23	96.506538	ΛΕΩΦ.
5	1	46	1	2	2	2571	3219	230	26	96.385933	ΒΟΥΛΙΑΓΜΕΝΗΣ
4	1	46	1	3	0	2514	3255	288	29	-1	
5	1	46	1	3	1	2514	3255	43	21	74.221588	902
5	1	46	1	3	2	2568	3256	186	24	64.806412	ΗΛΙΟΥΠΟΛΙΣ
4	1	46	1	4	0	2471	3292	323	24	-1	
5	1	46	1	4	1	2471	3292	115	22	91.799126	ΑΘΗΝΑΙ
5	1	46	1	4	2	2600	3293	66	22	93.262497	ΤΗΛ.
5	1	46	1	4	3	2677	3293	117	23	36.714634	92.19.672
4	1	46	1	5	0	2461	3327	343	24	-1	
5	1	46	1	5	1	2461	3327	181	23	90.506104	ΦΩΤΙΣΤΙΚΑ-
5	1	46	1	5	2	2652	3329	152	22	90.506104	ΚΡΥΣΤΑΛΑ
4	1	46	1	6	0	2473	3363	313	24	-1	
5	1	46	1	6	1	2473	3363	196	23	91.882057	ΠΟΡΣΕΛΑΝΕΣ
5	1	46	1	6	2	2677	3365	109	22	47.789574	-ΔΙΑΚΟ
4	1	46	1	7	0	2454	3398	339	24	-1	
5	1	46	1	7	1	2454	3398	153	23	89.473854	ΣΜΗΤΙΚΑ-
5	1	46	1	7	2	2614	3399	78	22	88.995789	ΔΩΡΑ
5	1	46	1	7	3	2701	3412	9	4	88.995789	-
5	1	46	1	7	4	2721	3401	72	21	96.379921	ΕΙΔΗ
4	1	46	1	8	0	2463	3433	293	25	-1	
5	1	46	1	8	1	2463	3433	144	23	95.423569	ΟΙΚΙΑΚΗΣ
5	1	46	1	8	2	2615	3434	141	24	96.330109	ΧΡΗΣΕΩΣ.
2	1	47	0	0	0	2869	191	682	191	-1	
3	1	47	1	0	0	2869	191	682	191	-1	
4	1	47	1	1	0	2869	191	682	46	-1	
5	1	47	1	1	1	2869	191	234	40	87.386002	᾽Απάντηση
5	1	47	1	1	2	3123	191	193	46	69.404449	Κο!ν)τος
5	1	47	1	1	3	3335	191	216	45	92.437469	Πελλάνας
4	1	47	1	2	0	2949	261	514	50	-1	
5	1	47	1	2	1	2949	261	105	49	51.932049	πρὸς
5	1	47	1	2	2	3076	262	76	49	69.483337	τὸν
5	1	47	1	2	3	3172	261	194	50	96.441650	Πρόεδρο
5	1	47	1	2	4	3389	265	74	37	96.887802	τοῦ
4	1	47	1	3	0	2916	332	586	50	-1	
5	1	47	1	3	1	2916	333	350	43	91.068985	᾿Εκπολιτιστικοῦ
5	1	47	1	3	2	3286	332	216	50	96.348732	Συλλόγου
2	1	48	0	0	0	2845	422	713	1129	-1	
3	1	48	1	0	0	3163	422	233	22	-1	
4	1	48	1	1	0	3163	422	233	22	-1	
5	1	48	1	1	1	3163	429	20	15	90.159653	κ.
5	1	48	1	1	2	3199	423	27	20	76.654106	Δ.
5	1	48	1	1	3	3243	422	26	22	89.145943	Α.
5	1	48	1	1	4	3285	422	111	22	59.594162	ΙΣΙΓΑΛΟ
3	1	48	2	0	0	2849	437	709	190	-1	
4	1	48	2	1	0	2883	437	675	54	-1	
5	1	48	2	1	1	2883	457	21	26	80.437469	1)
5	1	48	2	1	2	2926	458	46	21	88.104881	Στό
5	1	48	2	1	3	2987	437	113	49	56.669025	ἐρώτημά
5	1	48	2	1	4	3113	464	53	21	96.860512	σας:
5	1	48	2	1	5	3191	458	64	22	93.716621	Γιατί
5	1	48	2	1	6	3269	458	39	22	96.425011	δέν
5	1	48	2	1	7	3323	440	235	51	92.655762	ἀσφαλτοστρώθηκε
4	1	48	2	2	0	2849	493	709	28	-1	
5	1	48	2	2	1	2849	494	83	27	62.972740	τμῆμα
5	1	48	2	2	2	2950	493	40	21	36.889633	/90
5	1	48	2	2	3	3004	500	23	21	83.507812	µ.
5	1	48	2	2	4	3044	494	43	27	92.875084	τοῦ
5	1	48	2	2	5	3103	493	92	28	85.849525	δρόµου
5	1	48	2	2	6	3214	493	63	28	93.301537	πρός
5	1	48	2	2	7	3291	493	138	28	87.212936	Περιθόλια,
5	1	48	2	2	8	3449	493	41	22	93.269508	δέν
5	1	48	2	2	9	3504	500	54	21	91.140488	τυγ-
4	1	48	2	3	0	2850	528	708	29	-1	
5	1	48	2	3	1	2850	528	66	27	88.867470	χάνω
5	1	48	2	3	2	2929	528	116	28	90.869255	ἁρμόδιος
5	1	48	2	3	3	3059	528	30	22	93.304955	νά
5	1	48	2	3	4	3101	529	44	27	90.970596	σᾶς
5	1	48	2	3	5	3157	529	138	28	71.699196	ἀπαντήσω,
5	1	48	2	3	6	3311	528	59	23	96.584839	διότι
5	1	48	2	3	7	3382	528	28	23	93.299362	τό
5	1	48	2	3	8	3425	528	60	29	90.613998	ἔργο
5	1	48	2	3	9	3496	529	62	22	46.170662	ἔκτε-
4	1	48	2	4	0	2851	563	707	29	-1	
5	1	48	2	4	1	2851	563	99	28	73.062263	λάστηκε
5	1	48	2	4	2	2968	563	46	22	96.711044	ὑπό
5	1	48	2	4	3	3028	564	44	27	93.290588	τήν
5	1	48	2	4	4	3085	564	122	27	56.135464	ἐπίθλεψιν
5	1	48	2	4	5	3220	565	42	27	90.284653	τῆς
5	1	48	2	4	6	3277	564	98	27	82.408409	Δ)σεως
5	1	48	2	4	7	3390	564	115	28	89.824364	Τεχνικῶν
5	1	48	2	4	8	3525	565	33	21	89.911209	Ὑ-
4	1	48	2	5	0	2851	599	441	28	-1	
5	1	48	2	5	1	2851	600	119	27	41.662682	πιηρεσιῶν
5	1	48	2	5	2	2981	599	142	28	42.389927	Νομαρχίας
5	1	48	2	5	3	3135	600	129	27	93.284431	Λακωνίας.
5	1	48	2	5	4	3290	611	2	2	71.078506	:
3	1	48	3	0	0	2848	634	710	382	-1	
4	1	48	3	1	0	2878	634	680	29	-1	
5	1	48	3	1	1	2878	634	80	27	86.958138	Πέραν
5	1	48	3	1	2	2975	634	65	28	96.808830	ὅμως
5	1	48	3	1	3	3055	634	91	23	93.021851	τούτων
5	1	48	3	1	4	3166	636	44	27	92.823853	σᾶς
5	1	48	3	1	5	3227	635	106	28	96.376877	γνωρίζω
5	1	48	3	1	6	3353	635	35	22	93.301224	ὅτι
5	1	48	3	1	7	3405	635	13	28	91.746841	ἡ
5	1	48	3	1	8	3436	634	122	29	85.334923	ἀσφαλτό-
4	1	48	3	2	0	2852	670	706	29	-1	
5	1	48	3	2	1	2852	676	102	21	91.077087	στρωσις
5	1	48	3	2	2	2970	671	53	21	90.768593	τοῦ-
5	1	48	3	2	3	3036	666	127	37	69.472321	ὑπολοίπου
5	1	48	3	2	4	3179	670	93	29	91.060600	δρόµου
5	1	48	3	2	5	3292	671	31	22	92.675995	θά
5	1	48	3	2	6	3343	672	140	27	91.156090	συνεχισθεῖ,
5	1	48	3	2	7	3501	678	57	20	73.417587	συµ-
4	1	48	3	3	0	2851	705	706	30	-1	
5	1	48	3	3	1	2851	705	237	28	17.436127	περιλαμθανοµένου
5	1	48	3	3	2	3101	706	41	22	48.988976	καί
5	1	48	3	3	3	3153	707	44	21	93.296455	τοῦ
5	1	48	3	3	4	3213	706	124	28	83.569572	τµήµατος
5	1	48	3	3	5	3351	706	47	22	93.299911	πού
5	1	48	3	3	6	3415	706	142	29	53.013336	ἀναφέρατε.
4	1	48	3	4	0	2862	741	695	29	-1	
5	1	48	3	4	1	2862	741	42	25	50.215836	:2)
5	1	48	3	4	2	2924	741	32	22	96.278053	Τό
5	1	48	3	4	3	2974	741	61	27	89.409134	θέµα
5	1	48	3	4	4	3049	741	135	28	92.627853	ὑδρεύσεως
5	1	48	3	4	5	3202	743	43	27	93.301003	τῆς
5	1	48	3	4	6	3263	742	153	28	72.825310	Κοϊνότητας:
5	1	48	3	4	7	3453	742	33	21	94.266762	Τό
5	1	48	3	4	8	3501	741	56	28	96.513588	νερό
4	1	48	3	5	0	2851	777	706	28	-1	
5	1	48	3	5	1	2851	778	42	26	93.296082	τῆς
5	1	48	3	5	2	2909	778	77	27	92.316933	πηγῆς
5	1	48	3	5	3	3005	777	98	22	60.422844	ΑΣΠΡΗ
5	1	48	3	5	4	3121	778	99	25	92.866791	ΒΡΥΣΗ,
5	1	48	3	5	5	3241	778	49	21	94.195488	ἀπό
5	1	48	3	5	6	3307	778	62	21	92.656296	ὅπου
5	1	48	3	5	7	3387	778	124	27	91.725517	ὑδρεύεται
5	1	48	3	5	8	3543	777	14	28	92.011612	ἡ
4	1	48	3	6	0	2850	812	708	29	-1	
5	1	48	3	6	1	2850	812	118	25	91.295372	Πελλάνα,
5	1	48	3	6	2	2983	814	47	27	91.875900	μᾶς
5	1	48	3	6	3	3049	813	191	28	59.239197	ἐγνωσποπιοιήθη
5	1	48	3	6	4	3261	813	46	22	96.929726	ὑπό
5	1	48	3	6	5	3324	814	44	21	93.298553	τοῦ
5	1	48	3	6	6	3384	812	124	29	87.227089	τµήµατος
5	1	48	3	6	7	3524	814	34	21	89.014465	Ὑ-
4	1	48	3	7	0	2850	848	708	29	-1	
5	1	48	3	7	1	2850	849	84	26	52.945271	γιεινῆς
5	1	48	3	7	2	2949	848	141	27	82.491974	Νομαρχίας
5	1	48	3	7	3	3105	848	122	28	39.715916	Λακωνίας
5	1	48	3	7	4	3239	848	100	22	91.881310	κατόπιν
5	1	48	3	7	5	3356	848	132	29	91.658913	αἰτήματός
5	1	48	3	7	6	3503	855	55	22	95.398323	µας,
4	1	48	3	8	0	2848	882	708	29	-1	
5	1	48	3	8	1	2848	882	40	21	31.708397	Κα
5	1	48	3	8	2	2906	884	61	25	95.696312	µετά
5	1	48	3	8	3	2981	883	48	21	93.290764	ἀπό
5	1	48	3	8	4	3043	883	193	28	38.980045	μµικροθιολογική
5	1	48	3	8	5	3252	883	111	27	91.726814	ἐξέταση,
5	1	48	3	8	6	3380	884	45	20	90.060852	ὅτι:
5	1	48	3	8	7	3451	884	105	27	79.305405	«Εδρέθη
4	1	48	3	9	0	2850	917	239	29	-1	
5	1	48	3	9	1	2850	917	162	29	91.199478	ἀκατάλληλο,
5	1	48	3	9	2	3031	918	58	21	96.804924	διότι
4	1	48	3	10	0	2850	952	707	29	-1	
5	1	48	3	10	1	2850	953	156	27	61.702290	κτιριοειδῶν»
5	1	48	3	10	2	3023	962	33	16	73.872124	«..,
5	1	48	3	10	3	3076	953	85	28	96.047600	πρέπει
5	1	48	3	10	4	3177	953	30	21	93.093262	νά
5	1	48	3	10	5	3214	952	150	29	86.690010	φροντίσετε
5	1	48	3	10	6	3379	952	39	28	96.723541	γιά
5	1	48	3	10	7	3431	952	43	29	93.289780	τήν
5	1	48	3	10	8	3493	952	64	28	92.898392	ἐξεύ-
4	1	48	3	11	0	2849	988	650	28	-1	
5	1	48	3	11	1	2849	992	60	24	31.340118	ρεση
5	1	48	3	11	2	2924	988	75	28	38.629128	ἄλλης
5	1	48	3	11	3	3011	988	213	28	84.403770	καταλληλοτέρας
5	1	48	3	11	4	3241	989	77	26	89.178825	πηγῆς
5	1	48	3	11	5	3333	988	166	28	33.841560	ὑὕδροληφίας».
3	1	48	4	0	0	2848	1023	709	170	-1	
4	1	48	4	1	0	2877	1023	680	31	-1	
5	1	48	4	1	1	2877	1023	69	22	96.871986	Μετά
5	1	48	4	1	2	2960	1023	49	22	93.279434	ἀπό
5	1	48	4	1	3	3024	1024	64	22	91.800201	αὐτά
5	1	48	4	1	4	3100	1024	14	27	91.196205	ἡ
5	1	48	4	1	5	3127	1023	113	28	78.367867	Κοινότης
5	1	48	4	1	6	3253	1023	100	22	91.866989	ἐκάλεσε
5	1	48	4	1	7	3367	1023	135	28	28.875664	γεωλόγους
5	1	48	4	1	8	3517	1023	40	31	96.571480	γιά
4	1	48	4	2	0	2848	1058	708	29	-1	
5	1	48	4	2	1	2848	1058	44	28	93.290855	τήν
5	1	48	4	2	2	2906	1058	114	29	92.291702	ἐξεύρεση
5	1	48	4	2	3	3036	1058	75	29	92.181961	ἄλλης
5	1	48	4	2	4	3127	1058	113	28	92.181961	ὑπογείας
5	1	48	4	2	5	3258	1059	84	27	90.133202	πηγῆς,
5	1	48	4	2	6	3359	1058	38	22	96.698013	διά
5	1	48	4	2	7	3411	1058	43	28	92.351845	τήν
5	1	48	4	2	8	3473	1058	83	27	63.688011	ὕδρευ-
4	1	48	4	3	0	2849	1090	707	32	-1	
5	1	48	4	3	1	2849	1100	37	15	92.760483	σιν
5	1	48	4	3	2	2898	1095	43	27	93.293648	τῆς
5	1	48	4	3	3	2956	1092	130	30	92.575485	Πελλάνας.
5	1	48	4	3	4	3101	1090	69	32	92.312035	Τρεῖς
5	1	48	4	3	5	3184	1093	74	28	93.298843	φορές
5	1	48	4	3	6	3275	1092	75	29	88.156738	ἦλθαν
5	1	48	4	3	7	3366	1093	114	28	95.804474	γεωλόγοι
5	1	48	4	3	8	3499	1094	57	27	96.254021	στήν
4	1	48	4	4	0	2849	1128	705	29	-1	
5	1	48	4	4	1	2849	1129	103	28	96.419655	περιοχή
5	1	48	4	4	2	2964	1136	55	21	95.114853	µας,
5	1	48	4	4	3	3033	1130	65	23	95.933128	ἀλλά
5	1	48	4	4	4	3115	1130	21	22	96.161034	οἱ
5	1	48	4	4	5	3151	1129	162	28	95.836502	προσπάθειές
5	1	48	4	4	6	3326	1136	47	15	93.298752	των
5	1	48	4	4	7	3387	1128	125	29	92.377670	ἀπέδησαν
5	1	48	4	4	8	3529	1129	25	21	64.714767	ἄ-
4	1	48	4	5	0	2849	1171	97	22	-1	
5	1	48	4	5	1	2849	1171	97	22	41.485859	καρπες.
3	1	48	5	0	0	2847	1201	707	207	-1	
4	1	48	5	1	0	2879	1201	675	29	-1	
5	1	48	5	1	1	2879	1202	27	21	67.104279	Ἡ
5	1	48	5	1	2	2923	1202	112	28	91.944481	Κοινότης
5	1	48	5	1	3	3053	1202	64	28	96.482620	ὅμως
5	1	48	5	1	4	3130	1202	40	22	96.066856	καί
5	1	48	5	1	5	3183	1201	46	28	93.300079	ἐγώ
5	1	48	5	1	6	3245	1202	165	27	88.924652	προσωπικῶς,
5	1	48	5	1	7	3426	1201	38	22	93.234787	δέν
5	1	48	5	1	8	3483	1201	71	22	91.793762	ἔπαυ-
4	1	48	5	2	0	2849	1236	705	30	-1	
5	1	48	5	2	1	2849	1244	27	15	96.998085	σε
5	1	48	5	2	2	2887	1238	31	21	79.084419	νά
5	1	48	5	2	3	2930	1238	162	28	91.889671	ἐνδιαφέρεται
5	1	48	5	2	4	3107	1238	39	22	91.309708	διά
5	1	48	5	2	5	3175	1237	153	29	49.516277	Κκατάλληλον
5	1	48	5	2	6	3355	1237	61	28	83.470055	πρός
5	1	48	5	2	7	3445	1236	109	29	83.470055	ὕδρευσιν
4	1	48	5	3	0	2848	1269	706	33	-1	
5	1	48	5	3	1	2848	1269	42	32	93.278366	τῆς
5	1	48	5	3	2	2907	1274	123	27	91.860466	Πελλάνας
5	1	48	5	3	3	3047	1274	82	28	76.337311	πηγήν.
5	1	48	5	3	4	3146	1273	122	28	90.040436	᾿Εσχάτως
5	1	48	5	3	5	3284	1273	128	28	90.286743	ἐντοπίσθη
5	1	48	5	3	6	3429	1273	45	28	92.979462	µία
5	1	48	5	3	7	3491	1272	63	29	96.162628	πηγή
4	1	48	5	4	0	2847	1308	706	29	-1	
5	1	48	5	4	1	2847	1308	51	28	96.375031	στίς
5	1	48	5	4	2	2912	1310	109	27	96.194359	παρυφές
5	1	48	5	4	3	3038	1310	43	21	93.294861	τοῦ
5	1	48	5	4	4	3096	1308	127	29	75.746750	Ταὐγέτου,
5	1	48	5	4	5	3240	1309	40	22	56.956146	καί
5	1	48	5	4	6	3294	1308	88	29	89.985641	ἔχουμε
5	1	48	5	4	7	3397	1308	93	29	95.971710	ζητήσει
5	1	48	5	4	8	3505	1308	48	22	96.903061	ἀπό
4	1	48	5	5	0	2847	1344	705	29	-1	
5	1	48	5	5	1	2847	1344	28	21	93.085754	τό
5	1	48	5	5	2	2895	1344	84	28	56.116386	Τμµῆμα
5	1	48	5	5	3	2999	1346	108	27	80.341965	Ὑγιεινῆς
5	1	48	5	5	4	3122	1344	42	28	93.298126	τήν
5	1	48	5	5	5	3179	1344	101	29	92.679611	ἐξέταση
5	1	48	5	5	6	3295	1345	45	22	93.295616	τοῦ
5	1	48	5	5	7	3355	1345	71	27	89.255302	νεροῦ
5	1	48	5	5	8	3454	1344	98	28	95.521729	ταύτης,
4	1	48	5	6	0	2847	1379	649	29	-1	
5	1	48	5	6	1	2847	1379	57	22	90.428162	ὅσον
5	1	48	5	6	2	2917	1380	82	27	58.649746	ἀφορᾶ
5	1	48	5	6	3	3011	1380	42	28	91.526131	τήν
5	1	48	5	6	4	3067	1380	202	28	40.970425	καταλληλότηπά
5	1	48	5	6	5	3279	1387	46	15	95.845581	του
5	1	48	5	6	6	3338	1380	29	22	62.502975	δι’
5	1	48	5	6	7	3380	1379	116	28	92.228783	ὕδρευσιν.
3	1	48	6	0	0	2845	1414	708	137	-1	
4	1	48	6	1	0	2877	1414	675	29	-1	
5	1	48	6	1	1	2877	1414	35	23	96.755791	Τά
5	1	48	6	1	2	2927	1416	55	27	94.745552	περί
5	1	48	6	1	3	2999	1416	103	21	64.255272	«Πολλοί
5	1	48	6	1	4	3115	1414	104	24	57.837059	κάτοικοι
5	1	48	6	1	5	3234	1416	43	27	93.298332	τῆς
5	1	48	6	1	6	3296	1415	123	27	86.798393	Πελλάνας
5	1	48	6	1	7	3438	1414	114	29	84.617676	παίρνουν
4	1	48	6	2	0	2846	1450	706	29	-1	
5	1	48	6	2	1	2846	1450	56	28	96.333084	νερό
5	1	48	6	2	2	2917	1450	47	22	96.700790	ἀπό
5	1	48	6	2	3	2979	1451	29	21	93.296829	τό
5	1	48	6	2	4	3027	1450	107	25	57.884998	Κουθέλι,
5	1	48	6	2	5	3162	1451	50	23	96.000504	ἀπό
5	1	48	6	2	6	3230	1450	30	29	92.208717	τή
5	1	48	6	2	7	3274	1450	102	29	90.002098	Μούσγα
5	1	48	6	2	8	3388	1450	69	22	80.901451	κ.λ.π.
5	1	48	6	2	9	3489	1450	63	22	80.901451	Θεω-
4	1	48	6	3	0	2845	1486	708	29	-1	
5	1	48	6	3	1	2845	1487	97	27	86.963516	ροῦνται
5	1	48	6	3	2	2960	1486	148	28	62.209801	παιδαρ!ώδη
5	1	48	6	3	3	3121	1487	39	22	95.377411	καί
5	1	48	6	3	4	3174	1486	39	23	93.300423	δέν
5	1	48	6	3	5	3228	1486	174	29	80.132904	σχολιάζονται,
5	1	48	6	3	6	3419	1486	59	22	96.238586	διότι
5	1	48	6	3	7	3495	1486	58	28	95.565933	στήν
4	1	48	6	4	0	2846	1521	707	30	-1	
5	1	48	6	4	1	2846	1522	91	28	84.335136	ἐσχάτη
5	1	48	6	4	2	2949	1522	68	27	86.497742	ποιός
5	1	48	6	4	3	3028	1522	57	27	93.284447	τούς
5	1	48	6	4	4	3099	1522	52	22	92.490257	εἶπε
5	1	48	6	4	5	3161	1523	36	21	96.993378	ὅτι
5	1	48	6	4	6	3211	1522	31	23	95.922340	τά
5	1	48	6	4	7	3252	1523	60	28	96.252121	νερά
5	1	48	6	4	8	3322	1523	47	22	90.492622	τῶν
5	1	48	6	4	9	3382	1522	80	28	90.492622	πηγῶν
5	1	48	6	4	10	3475	1521	78	24	96.168602	αὐτῶν
2	1	49	0	0	0	2834	194	17	1415	-1	
3	1	49	1	0	0	2834	194	17	1415	-1	
4	1	49	1	1	0	2834	194	17	1415	-1	
5	1	49	1	1	1	2834	194	17	1415	95.000000	 
2	1	50	0	0	0	2786	1649	47	19	-1	
3	1	50	1	0	0	2786	1649	47	19	-1	
4	1	50	1	1	0	2786	1649	47	19	-1	
5	1	50	1	1	1	2786	1649	47	19	64.359024	τῶν
5	1	50	1	1	2	2826	1645	11	33	88.874252	|
2	1	51	0	0	0	2847	1552	685	64	-1	
3	1	51	1	0	0	2847	1552	685	64	-1	
4	1	51	1	1	0	2847	1552	685	35	-1	
5	1	51	1	1	1	2847	1552	59	27	96.725929	εἶναι
5	1	51	1	1	2	2919	1557	148	29	96.199944	κατάλληλα.
5	1	51	1	1	3	3147	1558	25	21	91.245461	Ὁ
5	1	51	1	1	4	3189	1558	124	28	96.726509	Πρόεδρος
5	1	51	1	1	5	3327	1559	44	28	95.848991	τῆς
5	1	51	1	1	6	3385	1558	147	28	74.296364	Κοινότητας
4	1	51	1	2	0	2878	1594	625	22	-1	
5	1	51	1	2	1	2878	1608	3	2	0.000000	ἃ
5	1	51	1	2	2	2997	1595	3	2	0.000000	;
5	1	51	1	2	3	3175	1594	135	22	93.147453	ΙΩΑΝΝΗΣ
5	1	51	1	2	4	3323	1594	27	22	91.200745	Δ.
5	1	51	1	2	5	3369	1594	134	22	91.581375	ΓΚΛΕΚΑΣ
2	1	52	0	0	0	3160	1650	367	8	-1	
3	1	52	1	0	0	3160	1650	367	8	-1	
4	1	52	1	1	0	3160	1650	367	8	-1	
5	1	52	1	1	1	3160	1650	367	8	95.000000	 
2	1	53	0	0	0	2866	1679	668	44	-1	
3	1	53	1	0	0	2866	1679	668	44	-1	
4	1	53	1	1	0	2866	1679	668	44	-1	
5	1	53	1	1	1	2866	1679	95	41	78.063538	᾿Από
5	1	53	1	1	2	2978	1679	76	42	55.920807	τήν
5	1	53	1	1	3	3069	1681	149	41	93.193832	κηδεία
5	1	53	1	1	4	3231	1682	40	40	91.635445	Ν.
5	1	53	1	1	5	3287	1681	247	42	78.999840	Λανεσιώτη
2	1	54	0	0	0	3278	1760	21	1	-1	
3	1	54	1	0	0	3278	1760	21	1	-1	
4	1	54	1	1	0	3278	1760	21	1	-1	
5	1	54	1	1	1	3278	1760	21	1	95.000000	 
2	1	55	0	0	0	3171	1752	1	23	-1	
3	1	55	1	0	0	3171	1752	1	23	-1	
4	1	55	1	1	0	3171	1752	1	23	-1	
5	1	55	1	1	1	3171	1752	1	23	95.000000	 
2	1	56	0	0	0	3082	1764	18	1	-1	
3	1	56	1	0	0	3082	1764	18	1	-1	
4	1	56	1	1	0	3082	1764	18	1	-1	
5	1	56	1	1	1	3082	1764	18	1	95.000000	 
2	1	57	0	0	0	3091	1757	1	18	-1	
3	1	57	1	0	0	3091	1757	1	18	-1	
4	1	57	1	1	0	3091	1757	1	18	-1	
5	1	57	1	1	1	3091	1757	1	18	95.000000	 
2	1	58	0	0	0	3270	1766	30	1	-1	
3	1	58	1	0	0	3270	1766	30	1	-1	
4	1	58	1	1	0	3270	1766	30	1	-1	
5	1	58	1	1	1	3270	1766	30	1	95.000000	 
2	1	59	0	0	0	3294	1777	10	3	-1	
3	1	59	1	0	0	3294	1777	10	3	-1	
4	1	59	1	1	0	3294	1777	10	3	-1	
5	1	59	1	1	1	3294	1777	10	3	95.000000	 
2	1	60	0	0	0	3294	1778	18	1	-1	
3	1	60	1	0	0	3294	1778	18	1	-1	
4	1	60	1	1	0	3294	1778	18	1	-1	
5	1	60	1	1	1	3294	1778	18	1	95.000000	 
2	1	61	0	0	0	3283	1780	21	1	-1	
3	1	61	1	0	0	3283	1780	21	1	-1	
4	1	61	1	1	0	3283	1780	21	1	-1	
5	1	61	1	1	1	3283	1780	21	1	95.000000	 
2	1	62	0	0	0	3083	1763	1	34	-1	
3	1	62	1	0	0	3083	1763	1	34	-1	
4	1	62	1	1	0	3083	1763	1	34	-1	
5	1	62	1	1	1	3083	1763	1	34	95.000000	 
2	1	63	0	0	0	3301	1776	1	22	-1	
3	1	63	1	0	0	3301	1776	1	22	-1	
4	1	63	1	1	0	3301	1776	1	22	-1	
5	1	63	1	1	1	3301	1776	1	22	95.000000	 
2	1	64	0	0	0	3285	1778	1	19	-1	
3	1	64	1	0	0	3285	1778	1	19	-1	
4	1	64	1	1	0	3285	1778	1	19	-1	
5	1	64	1	1	1	3285	1778	1	19	95.000000	 
2	1	65	0	0	0	3273	1827	19	1	-1	
3	1	65	1	0	0	3273	1827	19	1	-1	
4	1	65	1	1	0	3273	1827	19	1	-1	
5	1	65	1	1	1	3273	1827	19	1	95.000000	 
2	1	66	0	0	0	3274	1831	26	1	-1	
3	1	66	1	0	0	3274	1831	26	1	-1	
4	1	66	1	1	0	3274	1831	26	1	-1	
5	1	66	1	1	1	3274	1831	26	1	95.000000	 
2	1	67	0	0	0	3279	1753	1	84	-1	
3	1	67	1	0	0	3279	1753	1	84	-1	
4	1	67	1	1	0	3279	1753	1	84	-1	
5	1	67	1	1	1	3279	1753	1	84	95.000000	 
2	1	68	0	0	0	3293	1752	3	95	-1	
3	1	68	1	0	0	3293	1752	3	95	-1	
4	1	68	1	1	0	3293	1752	3	95	-1	
5	1	68	1	1	1	3293	1752	3	95	95.000000	 
2	1	69	0	0	0	3295	1759	1	88	-1	
3	1	69	1	0	0	3295	1759	1	88	-1	
4	1	69	1	1	0	3295	1759	1	88	-1	
5	1	69	1	1	1	3295	1759	1	88	95.000000	 
2	1	70	0	0	0	3309	1763	3	96	-1	
3	1	70	1	0	0	3309	1763	3	96	-1	
4	1	70	1	1	0	3309	1763	3	96	-1	
5	1	70	1	1	1	3309	1763	3	96	95.000000	 
2	1	71	0	0	0	2939	1822	1	17	-1	
3	1	71	1	0	0	2939	1822	1	17	-1	
4	1	71	1	1	0	2939	1822	1	17	-1	
5	1	71	1	1	1	2939	1822	1	17	95.000000	 
2	1	72	0	0	0	3274	1835	23	1	-1	
3	1	72	1	0	0	3274	1835	23	1	-1	
4	1	72	1	1	0	3274	1835	23	1	-1	
5	1	72	1	1	1	3274	1835	23	1	95.000000	 
2	1	73	0	0	0	3275	1825	1	22	-1	
3	1	73	1	0	0	3275	1825	1	22	-1	
4	1	73	1	1	0	3275	1825	1	22	-1	
5	1	73	1	1	1	3275	1825	1	22	95.000000	 
2	1	74	0	0	0	3345	1833	1	19	-1	
3	1	74	1	0	0	3345	1833	1	19	-1	
4	1	74	1	1	0	3345	1833	1	19	-1	
5	1	74	1	1	1	3345	1833	1	19	95.000000	 
2	1	75	0	0	0	3301	1842	22	3	-1	
3	1	75	1	0	0	3301	1842	22	3	-1	
4	1	75	1	1	0	3301	1842	22	3	-1	
5	1	75	1	1	1	3301	1842	22	3	95.000000	 
2	1	76	0	0	0	3321	1838	1	22	-1	
3	1	76	1	0	0	3321	1838	1	22	-1	
4	1	76	1	1	0	3321	1838	1	22	-1	
5	1	76	1	1	1	3321	1838	1	22	95.000000	 
2	1	77	0	0	0	3304	1856	20	3	-1	
3	1	77	1	0	0	3304	1856	20	3	-1	
4	1	77	1	1	0	3304	1856	20	3	-1	
5	1	77	1	1	1	3304	1856	20	3	95.000000	 
2	1	78	0	0	0	3255	1917	1	23	-1	
3	1	78	1	0	0	3255	1917	1	23	-1	
4	1	78	1	1	0	3255	1917	1	23	-1	
5	1	78	1	1	1	3255	1917	1	23	95.000000	 
2	1	79	0	0	0	3360	1975	3	20	-1	
3	1	79	1	0	0	3360	1975	3	20	-1	
4	1	79	1	1	0	3360	1975	3	20	-1	
5	1	79	1	1	1	3360	1975	3	20	95.000000	 
2	1	80	0	0	0	3311	2080	1	17	-1	
3	1	80	1	0	0	3311	2080	1	17	-1	
4	1	80	1	1	0	3311	2080	1	17	-1	
5	1	80	1	1	1	3311	2080	1	17	95.000000	 
2	1	81	0	0	0	3227	2168	1	26	-1	
3	1	81	1	0	0	3227	2168	1	26	-1	
4	1	81	1	1	0	3227	2168	1	26	-1	
5	1	81	1	1	1	3227	2168	1	26	95.000000	 
2	1	82	0	0	0	3218	2189	18	1	-1	
3	1	82	1	0	0	3218	2189	18	1	-1	
4	1	82	1	1	0	3218	2189	18	1	-1	
5	1	82	1	1	1	3218	2189	18	1	95.000000	 
2	1	83	0	0	0	3233	2188	1	20	-1	
3	1	83	1	0	0	3233	2188	1	20	-1	
4	1	83	1	1	0	3233	2188	1	20	-1	
5	1	83	1	1	1	3233	2188	1	20	95.000000	 
2	1	84	0	0	0	3255	2255	1	17	-1	
3	1	84	1	0	0	3255	2255	1	17	-1	
4	1	84	1	1	0	3255	2255	1	17	-1	
5	1	84	1	1	1	3255	2255	1	17	95.000000	 
2	1	85	0	0	0	2847	2011	687	382	-1	
3	1	85	1	0	0	2847	2011	687	367	-1	
4	1	85	1	1	0	2847	2011	468	28	-1	
5	1	85	1	1	1	2847	2011	165	28	37.190777	ος
5	1	85	1	1	2	3136	2015	7	3	6.964828	:
5	1	85	1	1	3	3282	2019	33	17	0.000000	νώ
4	1	85	1	2	0	2891	2113	17	11	-1	
5	1	85	1	2	1	2891	2113	17	11	7.707687	ην
4	1	85	1	3	0	2885	2128	379	34	-1	
5	1	85	1	3	1	2885	2128	32	25	12.534065	.Ἓ.
5	1	85	1	3	2	3158	2133	17	29	0.000000	.
5	1	85	1	3	3	3250	2137	14	11	0.000000	ς
4	1	85	1	4	0	3252	2251	190	36	-1	
5	1	85	1	4	1	3252	2251	32	36	11.538177	-“
5	1	85	1	4	2	3440	2278	2	2	0.000000	τ
4	1	85	1	5	0	2953	2300	488	23	-1	
5	1	85	1	5	1	2953	2300	73	21	90.116676	«ΤΟΥ
5	1	85	1	5	2	3039	2300	239	29	64.044136	ΙΓΕΩΡΓΙΤΣΙΑΝΟΥ
5	1	85	1	5	3	3293	2301	148	22	86.819702	ΠΕΘΥΜΙΑ»
4	1	85	1	6	0	2865	2349	669	44	-1	
5	1	85	1	6	1	2865	2352	73	24	91.740974	Δάκρυ
5	1	85	1	6	2	2951	2352	25	19	96.098640	δέ
5	1	85	1	6	3	2994	2352	55	19	95.839310	θέλω
5	1	85	1	6	4	3065	2353	26	18	96.708214	νά
5	1	85	1	6	5	3103	2349	61	44	80.783722	φονεῖ
5	1	85	1	6	6	3193	2353	108	23	91.910789	Τραγούδι
5	1	85	1	6	7	3319	2353	35	19	72.940979	ἆπ᾿
5	1	85	1	6	8	3373	2354	27	19	96.981377	τά
5	1	85	1	6	9	3413	2354	121	24	39.228470	χαράματα,
2	1	86	0	0	0	2838	2387	584	27	-1	
3	1	86	1	0	0	2838	2387	584	27	-1	
4	1	86	1	1	0	2838	2387	584	27	-1	
5	1	86	1	1	1	2838	2387	24	19	90.687714	σέ
5	1	86	1	1	2	2881	2388	89	24	92.323517	κανενὸς
5	1	86	1	1	3	2984	2389	24	18	92.799675	τό
5	1	86	1	1	4	3026	2389	59	23	28.085663	μάτι
5	1	86	1	1	5	3077	2383	12	34	86.380890	-
5	1	86	1	1	6	3193	2389	24	19	93.298141	τό
5	1	86	1	1	7	3233	2389	66	25	70.711563	γιόµα
5	1	86	1	1	8	3311	2390	111	24	90.113396	πανυγήρι.
2	1	87	0	0	0	2836	2423	706	134	-1	
3	1	87	1	0	0	2836	2423	706	134	-1	
4	1	87	1	1	0	2837	2423	705	29	-1	
5	1	87	1	1	1	2837	2419	55	23	88.407890	Όὔτε
5	1	87	1	1	2	2907	2425	35	17	96.881363	καί
5	1	87	1	1	3	2960	2425	24	17	92.002563	τὸ
5	1	87	1	1	4	3006	2425	126	24	70.175461	κατάµαυρο
5	1	87	1	1	5	3195	2427	25	19	93.278656	Κι
5	1	87	1	1	6	3234	2427	49	19	29.868004	ἕ-ας
5	1	87	1	1	7	3306	2428	67	20	95.786049	καλός
5	1	87	1	1	8	3387	2428	155	24	96.555183	τραγουδιστής
4	1	87	1	2	0	2836	2459	665	25	-1	
5	1	87	1	2	1	2836	2459	98	24	76.736412	τσεµπέρι
5	1	87	1	2	2	2949	2460	37	18	93.293556	στὸ
5	1	87	1	2	3	3001	2460	81	24	35.048355	κεφὰλι,
5	1	87	1	2	4	3101	2473	3	2	88.999535	-
5	1	87	1	2	5	3498	2461	3	2	0.000000	ι
4	1	87	1	3	0	2837	2495	310	26	-1	
5	1	87	1	3	1	2837	2495	81	23	56.656193	καμμιά
5	1	87	1	3	2	2934	2496	93	22	92.879105	γυναίκα
5	1	87	1	3	3	3040	2496	26	24	90.528549	µή
5	1	87	1	3	4	3085	2497	62	24	64.315704	φορεῖ
4	1	87	1	4	0	2836	2530	325	27	-1	
5	1	87	1	4	1	2836	2530	28	18	92.293442	σά
5	1	87	1	4	2	2879	2530	60	23	95.463959	φύγω
5	1	87	1	4	3	2961	2531	37	23	95.463959	γιά
5	1	87	1	4	4	3017	2531	39	25	91.896210	τὸν
5	1	87	1	4	5	3076	2532	57	25	34.322678	"Αδη
2	1	88	0	0	0	3192	2469	348	66	-1	
3	1	88	1	0	0	3192	2469	348	66	-1	
4	1	88	1	1	0	3192	2469	265	25	-1	
5	1	88	1	1	1	3192	2469	27	17	84.437286	νά
5	1	88	1	1	2	3239	2469	218	25	84.437286	γλυκοτραγουδήσει,
4	1	88	1	2	0	3193	2510	347	25	-1	
5	1	88	1	2	1	3193	2511	25	23	56.767593	μέ.
5	1	88	1	2	2	3239	2511	23	18	93.705971	τὸ
5	1	88	1	2	3	3278	2510	104	25	6.856651	«καμένη
5	1	88	1	2	4	3399	2511	141	19	31.134323	᾿Αναστασιό»
2	1	89	0	0	0	3191	2553	244	24	-1	
3	1	89	1	0	0	3191	2553	244	24	-1	
4	1	89	1	1	0	3191	2553	244	24	-1	
5	1	89	1	1	1	3191	2553	26	17	92.877151	νά
5	1	89	1	1	2	3234	2553	19	23	71.407547	μ
5	1	89	1	1	3	3266	2553	169	24	54.343601	ἀποχαιρετὴσει,
2	1	90	0	0	0	2827	1819	12	784	-1	
3	1	90	1	0	0	2827	1819	12	784	-1	
4	1	90	1	1	0	2827	1819	12	784	-1	
5	1	90	1	1	1	2827	1819	12	784	95.000000	 
2	1	91	0	0	0	2835	2565	309	61	-1	
3	1	91	1	0	0	2835	2565	309	61	-1	
4	1	91	1	1	0	2836	2565	308	27	-1	
5	1	91	1	1	1	2836	2565	45	24	87.281349	Μὴν
5	1	91	1	1	2	2897	2566	129	20	83.816833	ἀκουστοῦνε
5	1	91	1	1	3	3043	2567	101	25	67.915878	κλάματα
4	1	91	1	2	0	2835	2601	256	25	-1	
5	1	91	1	2	1	2835	2601	52	23	79.219284	μηδέ
5	1	91	1	2	2	2902	2602	36	18	93.201889	καὶ
5	1	91	1	2	3	2959	2602	132	24	70.459496	µοιρολόγια.
2	1	92	0	0	0	2818	2688	537	62	-1	
3	1	92	1	0	0	2818	2688	537	62	-1	
4	1	92	1	1	0	2818	2688	537	62	-1	
5	1	92	1	1	1	2818	2684	135	104	38.238541	στ
5	1	92	1	1	2	3030	2684	105	104	0.000000	ετὸ
5	1	92	1	1	3	3190	2688	165	62	52.162270	δάσος»
2	1	93	0	0	0	2827	2793	715	622	-1	
3	1	93	1	0	0	2863	2793	419	31	-1	
4	1	93	1	1	0	2863	2793	419	31	-1	
5	1	93	1	1	1	2863	2793	101	29	95.883865	Μερικές
5	1	93	1	1	2	2976	2794	48	22	96.893723	ἀπὸ
5	1	93	1	1	3	3035	2795	35	27	93.279099	τὶς
5	1	93	1	1	4	3083	2795	134	29	47.305111	εὐεργεσίες
5	1	93	1	1	5	3230	2803	52	16	91.832428	του:
3	1	93	2	0	0	2834	2819	708	76	-1	
4	1	93	2	1	0	2864	2819	678	47	-1	
5	1	93	2	1	1	2864	2829	17	17	91.087318	9
5	1	93	2	1	2	2900	2830	34	21	95.920998	Τὰ
5	1	93	2	1	3	2953	2830	89	28	96.575195	δέντρα
5	1	93	2	1	4	3055	2831	144	28	68.223022	καθαρίζουν
5	1	93	2	1	5	3229	2832	43	28	95.576889	τὴν
5	1	93	2	1	6	3287	2819	160	47	21.764511	ἀτμόσφαιρα.
5	1	93	2	1	7	3457	2835	38	23	93.288475	καὶ
5	1	93	2	1	8	3511	2836	31	22	52.168468	δἰ-
4	1	93	2	2	0	2834	2865	438	30	-1	
5	1	93	2	2	1	2834	2871	56	15	91.499779	νουν
5	1	93	2	2	2	2901	2865	29	21	93.301491	τὸ
5	1	93	2	2	3	2943	2865	103	28	39.845184	ὀξυγὸόνο
5	1	93	2	2	4	3058	2866	46	22	93.300125	ποὺ
5	1	93	2	2	5	3116	2867	156	28	90.924667	ἀναπνέουμε.
3	1	93	3	0	0	2832	2896	708	110	-1	
4	1	93	3	1	0	2863	2896	676	37	-1	
5	1	93	3	1	1	2863	2900	17	17	57.009171	8
5	1	93	3	1	2	2899	2896	151	32	81.080269	Συγκραποῦν
5	1	93	3	1	3	3081	2901	40	22	92.614250	καί
5	1	93	3	1	4	3136	2903	182	27	62.995316	προυτατεύουν
5	1	93	3	1	5	3337	2904	29	22	93.297417	τὸ
5	1	93	3	1	6	3383	2905	89	28	92.526505	ἔδαφος
5	1	93	3	1	7	3490	2906	49	22	96.216759	ἀπὸ
4	1	93	3	2	0	2832	2935	708	36	-1	
5	1	93	3	2	1	2832	2935	28	28	87.153717	τὴ
5	1	93	3	2	2	2881	2935	123	29	64.505852	διαδρωση
5	1	93	3	2	3	3021	2938	44	20	93.289093	τοῦ
5	1	93	3	2	4	3081	2939	79	26	92.313164	νεροῦ,
5	1	93	3	2	5	3198	2937	157	31	85.463402	ἀπορροφοῦν
5	1	93	3	2	6	3374	2941	28	21	93.296066	τὸ
5	1	93	3	2	7	3423	2941	57	29	92.398834	νερὸ
5	1	93	3	2	8	3497	2943	43	28	96.402214	τῆς
4	1	93	3	3	0	2833	2971	554	35	-1	
5	1	93	3	3	1	2833	2971	93	29	39.441624	δροχῆς
5	1	93	3	3	2	2937	2972	40	22	93.464523	καί
5	1	93	3	3	3	2987	2972	29	22	93.247749	τό
5	1	93	3	3	4	3025	2973	105	29	67.490921	θγάζουν
5	1	93	3	3	5	3140	2974	94	29	89.749077	καθαρό
5	1	93	3	3	6	3245	2976	52	28	86.334442	στίς
5	1	93	3	3	7	3307	2977	80	29	96.217636	πηγές.
3	1	93	4	0	0	2833	3007	706	69	-1	
4	1	93	4	1	0	2861	3007	678	36	-1	
5	1	93	4	1	1	2861	3007	17	18	92.508324	9
5	1	93	4	1	2	2898	3007	84	24	95.674416	Δίνουν
5	1	93	4	1	3	2996	3009	80	31	93.258781	τροφή
5	1	93	4	1	4	3091	3010	39	30	64.950676	γίά
5	1	93	4	1	5	3143	3011	33	23	93.283653	τά
5	1	93	4	1	6	3192	3011	54	30	90.329559	ζῶα.
5	1	93	4	1	7	3280	3013	120	30	32.159912	ἉΧαρίζουν
5	1	93	4	1	8	3415	3015	55	23	96.012817	σκιά
5	1	93	4	1	9	3499	3016	40	23	35.820068	καί
4	1	93	4	2	0	2831	3046	351	30	-1	
5	1	93	4	2	1	2831	3046	135	29	84.902733	Φεκούραση
5	1	93	4	2	2	2977	3047	28	25	93.285469	σέ
5	1	93	4	2	3	3015	3048	167	28	91.479561	φυσιολάτρες.
3	1	93	5	0	0	2829	3082	707	66	-1	
4	1	93	5	1	0	2859	3082	677	52	-1	
5	1	93	5	1	1	2859	3082	17	17	93.235794	9
5	1	93	5	1	2	2894	3082	58	22	69.178162	᾽Απὸ
5	1	93	5	1	3	2970	3083	31	22	96.731613	τὰ
5	1	93	5	1	4	3016	3083	88	29	94.561356	δέντρα
5	1	93	5	1	5	3135	3085	45	21	94.561356	τοῦ
5	1	93	5	1	6	3194	3085	90	28	92.201836	δάσους
5	1	93	5	1	7	3316	3087	81	23	87.713722	πολλὰ
5	1	93	5	1	8	3408	3084	128	50	92.890366	στολίζουν
4	1	93	5	2	0	2829	3117	451	31	-1	
5	1	93	5	2	1	2829	3117	35	27	93.297928	τίς
5	1	93	5	2	2	2875	3117	73	29	91.052544	αὐλές
5	1	93	5	2	3	2957	3125	48	21	95.387703	µας
5	1	93	5	2	4	3014	3119	39	23	93.294624	καὶ
5	1	93	5	2	5	3062	3120	116	28	92.269653	χαρἰζουν
5	1	93	5	2	6	3188	3121	92	27	58.639420	δροσιὰ.
3	1	93	6	0	0	2827	3153	709	99	-1	
4	1	93	6	1	0	2858	3153	678	33	-1	
5	1	93	6	1	1	2858	3153	17	17	93.011047	9
5	1	93	6	1	2	2893	3153	94	29	23.262619	[Πλῆθος
5	1	93	6	1	3	3020	3154	57	23	94.707809	εἶναι
5	1	93	6	1	4	3092	3155	32	22	96.632507	τὰ
5	1	93	6	1	5	3139	3155	121	28	94.188507	προϊόντα
5	1	93	6	1	6	3277	3157	47	22	94.436409	ποὺ
5	1	93	6	1	7	3354	3158	133	28	94.436409	προσφέρει
5	1	93	6	1	8	3506	3159	30	22	96.978996	τὸ
4	1	93	6	2	0	2829	3185	706	55	-1	
5	1	93	6	2	1	2829	3188	74	28	76.365746	δάσος
5	1	93	6	2	2	2921	3189	57	21	88.332001	στὀν
5	1	93	6	2	3	2996	3185	120	55	54.587471	ἄνθρωπο,
5	1	93	6	2	4	3135	3191	93	27	36.689037	Δροσιά
5	1	93	6	2	5	3246	3193	38	21	95.097824	καὶ
5	1	93	6	2	6	3305	3193	134	28	95.355049	καταφύγιο
5	1	93	6	2	7	3459	3194	29	22	96.147545	τὸ
5	1	93	6	2	8	3504	3201	31	15	86.135185	κα
4	1	93	6	3	0	2827	3223	99	29	-1	
5	1	93	6	3	1	2827	3223	99	29	23.168022	λοκαἱρι.
3	1	93	7	0	0	2827	3259	707	71	-1	
4	1	93	7	1	0	2857	3259	677	33	-1	
5	1	93	7	1	1	2857	3259	17	17	78.928246	9
5	1	93	7	1	2	2895	3259	49	22	91.061440	Στὰ
5	1	93	7	1	3	2961	3260	61	28	51.881210	δάση
5	1	93	7	1	4	3039	3261	132	28	93.298347	φωλιάζουν
5	1	93	7	1	5	3192	3262	73	28	17.969650	ἅἄγρια
5	1	93	7	1	6	3296	3263	138	29	42.662434	θηράματα,
5	1	93	7	1	7	3450	3266	39	22	93.943878	καὶ
5	1	93	7	1	8	3505	3273	29	15	96.072784	συ
4	1	93	7	2	0	2827	3295	546	35	-1	
5	1	93	7	2	1	2827	3295	45	29	84.182907	χνὰ
5	1	93	7	2	2	2885	3295	22	22	93.275826	οἱ
5	1	93	7	2	3	2916	3296	150	28	57.546967	τοοπἀνηδες
5	1	93	7	2	4	3077	3296	103	23	64.863159	δόσκουν
5	1	93	7	2	5	3189	3298	32	22	93.300507	τὰ
5	1	93	7	2	6	3232	3299	49	27	71.682938	ζῶα
5	1	93	7	2	7	3289	3306	65	21	69.485580	τους.
3	1	93	8	0	0	2855	3330	647	35	-1	
4	1	93	8	1	0	2855	3330	647	35	-1	
5	1	93	8	1	1	2855	3330	17	17	92.352280	9
5	1	93	8	1	2	2890	3331	84	22	70.819550	Δίνουν
5	1	93	8	1	3	2989	3331	80	28	92.475067	ἀκόμα
5	1	93	8	1	4	3086	3333	124	29	56.368793	αἰσθητικὴ
5	1	93	8	1	5	3230	3335	67	27	92.518288	χαρά
5	1	93	8	1	6	3312	3335	38	22	74.759041	καὶ
5	1	93	8	1	7	3367	3335	135	30	90.590668	ἀπόλαυση.
3	1	93	9	0	0	2852	3363	681	52	-1	
4	1	93	9	1	0	2852	3363	681	52	-1	
5	1	93	9	1	1	2852	3366	84	32	65.225594	ὉΤΑΝ
5	1	93	9	1	2	2957	3363	89	52	92.204498	ἀκοῦμε
5	1	93	9	1	3	3061	3368	142	28	90.478294	συνθήµαπα
5	1	93	9	1	4	3219	3370	38	28	94.206078	γιὰ
5	1	93	9	1	5	3274	3370	44	29	96.111938	τήν
5	1	93	9	1	6	3333	3372	140	27	96.111938	προστασία
5	1	93	9	1	7	3489	3374	44	21	96.977242	τοῦ
2	1	94	0	0	0	3238	2606	262	20	-1	
3	1	94	1	0	0	3238	2606	262	20	-1	
4	1	94	1	1	0	3238	2606	262	20	-1	
5	1	94	1	1	1	3238	2606	124	19	46.761444	ΓΙΑΜΝΗΣ.
5	1	94	1	1	2	3389	2607	111	19	81.769402	ΚΟΡΖΗΣ
2	1	95	0	0	0	2840	2660	683	10	-1	
3	1	95	1	0	0	2840	2660	683	10	-1	
4	1	95	1	1	0	2840	2660	683	10	-1	
5	1	95	1	1	1	2840	2660	683	10	95.000000	 
2	1	96	0	0	0	2816	2837	13	600	-1	
3	1	96	1	0	0	2816	2837	13	600	-1	
4	1	96	1	1	0	2816	2837	13	600	-1	
5	1	96	1	1	1	2816	2837	13	600	95.000000	 
2	1	97	0	0	0	2825	3401	708	68	-1	
3	1	97	1	0	0	2825	3401	708	68	-1	
4	1	97	1	1	0	2825	3401	708	37	-1	
5	1	97	1	1	1	2825	3401	97	29	91.055672	δάσους,
5	1	97	1	1	2	2943	3403	20	21	90.531418	ν᾿
5	1	97	1	1	3	2981	3403	204	29	90.070740	ἀναλογιζόμαστε
5	1	97	1	1	4	3202	3405	36	23	96.973808	ὅτι
5	1	97	1	1	5	3259	3405	59	24	96.944550	εἶναι
5	1	97	1	1	6	3336	3408	140	28	90.239502	προστασία
5	1	97	1	1	7	3490	3410	43	28	97.013084	τῆς
4	1	97	1	2	0	2825	3437	338	32	-1	
5	1	97	1	2	1	2825	3437	64	29	81.363449	δικῆς
5	1	97	1	2	2	2899	3445	47	21	93.291161	µας
5	1	97	1	2	3	2957	3438	79	29	87.256958	ὑγείας
5	1	97	1	2	4	3046	3439	40	23	96.047752	καί
5	1	97	1	2	5	3096	3440	67	29	96.225197	ζωῆς.
2	1	98	0	0	0	3120	917	443	28	-1	
3	1	98	1	0	0	3120	917	443	28	-1	
4	1	98	1	1	0	3120	917	443	28	-1	
5	1	98	1	1	1	3120	917	104	28	95.712662	περιέχει
5	1	98	1	1	2	3243	918	94	27	81.259796	µεγάλο
5	1	98	1	1	3	3351	917	87	28	81.259796	ἀριθμό
5	1	98	1	1	4	3453	918	110	21	35.323242	κολοδα-
2	1	99	0	0	0	3355	1769	231	1195	-1	
3	1	99	1	0	0	3355	1769	231	1195	-1	
4	1	99	1	1	0	3573	1769	11	54	-1	
5	1	99	1	1	1	3573	1769	11	54	95.000000	  
4	1	99	1	2	0	3572	1823	12	77	-1	
5	1	99	1	2	1	3572	1823	12	77	95.000000	   
4	1	99	1	3	0	3573	1900	11	105	-1	
5	1	99	1	3	1	3573	1900	11	105	95.000000	  
4	1	99	1	4	0	3573	2019	12	81	-1	
5	1	99	1	4	1	3573	2019	12	81	95.000000	  
4	1	99	1	5	0	3572	2100	12	39	-1	
5	1	99	1	5	1	3572	2100	12	39	95.000000	 
4	1	99	1	6	0	3571	2139	13	34	-1	
5	1	99	1	6	1	3571	2139	13	34	95.000000	 
4	1	99	1	7	0	3571	2173	13	43	-1	
5	1	99	1	7	1	3571	2173	13	43	95.000000	 
4	1	99	1	8	0	3571	2216	12	73	-1	
5	1	99	1	8	1	3571	2216	12	73	95.000000	   
4	1	99	1	9	0	3570	2289	12	101	-1	
5	1	99	1	9	1	3570	2289	12	101	95.000000	    
4	1	99	1	10	0	3569	2390	13	41	-1	
5	1	99	1	10	1	3569	2390	13	41	95.000000	  
4	1	99	1	11	0	3569	2431	13	74	-1	
5	1	99	1	11	1	3569	2431	13	74	95.000000	   
4	1	99	1	12	0	3568	2505	13	42	-1	
5	1	99	1	12	1	3568	2505	13	42	95.000000	  
4	1	99	1	13	0	3567	2547	13	63	-1	
5	1	99	1	13	1	3567	2547	13	63	95.000000	   
4	1	99	1	14	0	3567	2610	13	81	-1	
5	1	99	1	14	1	3567	2610	13	81	95.000000	   
4	1	99	1	15	0	3355	2691	231	273	-1	
5	1	99	1	15	1	3355	2691	231	273	95.000000	   
2	1	100	0	0	0	3369	1752	197	482	-1	
3	1	100	1	0	0	3369	1752	197	482	-1	
4	1	100	1	1	0	3369	1752	197	482	-1	
5	1	100	1	1	1	3369	1752	197	482	95.000000	 
2	1	101	0	0	0	3608	190	337	112	-1	
3	1	101	1	0	0	3608	190	337	112	-1	
4	1	101	1	1	0	3608	190	337	39	-1	
5	1	101	1	1	1	3608	192	163	37	4.952354	ΧΙΡΜΙΣΥΛΙ
5	1	101	1	1	2	3811	190	134	39	17.227097	ΓΕΙΝΟΤΑ
4	1	101	1	2	0	3669	248	197	54	-1	
5	1	101	1	2	1	3669	248	49	39	39.126911	στη
5	1	101	1	2	2	3717	248	149	54	36.949791	[ΕΙΡΠΤΣΙ
2	1	102	0	0	0	3595	334	358	633	-1	
3	1	102	1	0	0	3596	334	357	455	-1	
4	1	102	1	1	0	3627	334	325	23	-1	
5	1	102	1	1	1	3627	336	68	17	79.371620	ΣΤΙΣ
5	1	102	1	1	2	3735	334	80	19	5.368713	Ἅ«20-6-52
5	1	102	1	1	3	3831	334	12	19	91.834686	ὃ
5	1	102	1	1	4	3863	334	49	23	20.367889	νὲος
5	1	102	1	1	5	3925	339	27	14	95.777161	συ
4	1	102	1	2	0	3599	370	354	26	-1	
5	1	102	1	2	1	3599	372	132	24	64.501053	µπατριώτης
5	1	102	1	2	2	3747	377	46	18	96.000450	µας,
5	1	102	1	2	3	3818	377	19	13	95.776108	κ.
5	1	102	1	2	4	3857	370	96	25	96.602928	Μαρίνος
4	1	102	1	3	0	3597	406	355	26	-1	
5	1	102	1	3	1	3597	407	135	24	91.408951	Παράθολος,
5	1	102	1	3	2	3761	407	78	19	40.050926	--«ποὺ
5	1	102	1	3	3	3854	406	44	26	93.283104	ἔχει
5	1	102	1	3	4	3918	406	34	26	90.511948	χτὶ
4	1	102	1	4	0	3597	443	355	24	-1	
5	1	102	1	4	1	3597	450	31	12	92.891006	σει
5	1	102	1	4	2	3646	443	37	24	93.302254	τήν
5	1	102	1	4	3	3699	444	71	23	70.637428	ὡραία
5	1	102	1	4	4	3800	443	64	19	69.480873	θίλλα
5	1	102	1	4	5	3883	443	69	22	95.915504	κοντά
4	1	102	1	5	0	3597	479	356	28	-1	
5	1	102	1	5	1	3597	480	37	18	91.087425	στὸ
5	1	102	1	5	2	3671	479	126	25	33.916969	δενοδοχεῖο,
5	1	102	1	5	3	3826	486	20	4	29.966141	'-
5	1	102	1	5	4	3864	479	89	28	33.597702	δάπτισε
4	1	102	1	6	0	3596	515	354	24	-1	
5	1	102	1	6	1	3596	516	29	17	93.298798	τὸ.
5	1	102	1	6	2	3639	515	48	24	91.977142	γυιὸ
5	1	102	1	6	3	3704	521	37	12	91.620560	του
5	1	102	1	6	4	3755	515	63	22	91.029709	Πὰνο,
5	1	102	1	6	5	3837	515	49	19	95.990913	στὸν
5	1	102	1	6	6	3903	516	47	22	41.410141	"Αγ.
4	1	102	1	7	0	3743	550	209	25	-1	
5	1	102	1	7	1	3743	551	42	24	90.592659	Στὴ
5	1	102	1	7	2	3803	550	97	25	93.248817	συνέχεια
5	1	102	1	7	3	3915	556	37	14	91.365913	πα-
4	1	102	1	8	0	3597	586	353	25	-1	
5	1	102	1	8	1	3597	586	74	25	28.748215	ρέθεσε
5	1	102	1	8	2	3686	587	70	24	61.615635	γεῦµα
5	1	102	1	8	3	3797	587	38	24	66.281525	στὴ
5	1	102	1	8	4	3854	586	96	24	92.605690	πλατεῖα,
4	1	102	1	9	0	3597	622	353	25	-1	
5	1	102	1	9	1	3597	622	24	25	88.649422	μέ
5	1	102	1	9	2	3634	622	60	25	75.625595	ψητὰ,
5	1	102	1	9	3	3727	623	85	24	75.625595	ἄφθονα
5	1	102	1	9	4	3840	623	60	22	95.971268	ποτά,
5	1	102	1	9	5	3914	623	36	19	96.219597	καί
4	1	102	1	10	0	3596	652	354	31	-1	
5	1	102	1	10	1	3596	658	66	19	93.102287	λαϊκά
5	1	102	1	10	2	3681	652	85	31	92.306503	ὄργανα
5	1	102	1	10	3	3799	660	40	23	87.187317	γιά
5	1	102	1	10	4	3873	658	77	25	48.100849	ΥὙλέντι.
4	1	102	1	11	0	3597	694	353	26	-1	
5	1	102	1	11	1	3597	694	71	19	71.150841	"Ἠταν
5	1	102	1	11	2	3686	695	38	23	49.266762	μιά
5	1	102	1	11	3	3729	695	127	25	73.002296	χαρούμενη
5	1	102	1	11	4	3873	694	77	25	92.268524	ἡμέρα.
4	1	102	1	12	0	3599	730	353	25	-1	
5	1	102	1	12	1	3599	730	155	24	89.691994	Καλορρίζικος
5	1	102	1	12	2	3786	731	12	18	91.731224	ὁ
5	1	102	1	12	3	3811	730	49	23	92.738625	νέος
5	1	102	1	12	4	3880	736	72	19	90.387253	συµπα
4	1	102	1	13	0	3597	766	157	23	-1	
5	1	102	1	13	1	3597	766	87	23	93.084244	τριώτης
5	1	102	1	13	2	3708	772	46	17	81.610840	µας,
3	1	102	2	0	0	3595	801	356	166	-1	
4	1	102	2	1	0	3626	801	252	26	-1	
5	1	102	2	1	1	3626	802	68	18	93.288918	ΣΤΙΣ
5	1	102	2	1	2	3712	801	80	19	59.361526	20-7-.8»
5	1	102	2	1	3	3815	802	63	25	83.498825	ἑορτή
4	1	102	2	2	0	3596	837	354	26	-1	
5	1	102	2	2	1	3596	837	110	24	93.281677	Προφήτου
5	1	102	2	2	2	3725	837	67	24	0.000000	ὨἨλία,
5	1	102	2	2	3	3806	838	84	25	93.300766	πρῶτος
5	1	102	2	2	4	3907	838	12	19	93.151955	ὁ
5	1	102	2	2	5	3935	839	15	19	58.928497	ἆ
4	1	102	2	3	0	3600	873	351	26	-1	
5	1	102	2	3	1	3600	873	79	24	73.749420	φιχθείς
5	1	102	2	3	2	3697	874	26	18	48.964237	ἐκ
5	1	102	2	3	3	3751	874	93	22	48.964237	Καναδᾶ,
5	1	102	2	3	4	3867	874	84	25	92.903961	λάτρης
4	1	102	2	4	0	3595	908	354	26	-1	
5	1	102	2	4	1	3595	908	42	18	31.550415	τοῦ’
5	1	102	2	4	2	3653	909	139	23	90.427681	Γεωργιτσίου
5	1	102	2	4	3	3807	915	19	13	96.229790	κ.
5	1	102	2	4	4	3844	910	68	24	93.287872	Λούης
5	1	102	2	4	5	3929	910	20	19	88.839951	Γ.
4	1	102	2	5	0	3597	943	85	24	-1	
5	1	102	2	5	1	3597	943	85	24	31.898262	Ητέρος,
2	1	103	0	0	0	3597	551	121	22	-1	
3	1	103	1	0	0	3597	551	121	22	-1	
4	1	103	1	1	0	3597	551	121	22	-1	
5	1	103	1	1	1	3597	551	121	22	34.242004	᾿Αθα»ἁσιο,
2	1	104	0	0	0	3913	802	38	19	-1	
3	1	104	1	0	0	3913	802	38	19	-1	
4	1	104	1	1	0	3913	802	38	19	-1	
5	1	104	1	1	1	3913	802	38	19	96.804054	τοῦ
2	1	105	0	0	0	3861	945	89	55	-1	
3	1	105	1	0	0	3861	945	89	55	-1	
4	1	105	1	1	0	3861	945	89	20	-1	
5	1	105	1	1	1	3861	945	89	20	92.967857	πλοὺσιο
4	1	105	1	2	0	3924	982	24	18	-1	
5	1	105	1	2	1	3924	982	24	18	77.060768	Α
2	1	106	0	0	0	3590	944	358	495	-1	
3	1	106	1	0	0	3594	944	310	89	-1	
4	1	106	1	1	0	3715	944	105	23	-1	
5	1	106	1	1	1	3715	944	105	23	96.867821	παρέθεσε
4	1	106	1	2	0	3595	978	309	27	-1	
5	1	106	1	2	1	3595	978	70	25	55.394970	γεῦμα
5	1	106	1	2	2	3679	980	49	23	78.403999	οτὴν
5	1	106	1	2	3	3749	980	91	19	87.417297	πλατεῖα
5	1	106	1	2	4	3857	981	47	24	23.302063	ἉΥ.
4	1	106	1	3	0	3594	1014	108	19	-1	
5	1	106	1	3	1	3594	1014	108	19	92.464226	θανασίου.
3	1	106	2	0	0	3590	1048	358	391	-1	
4	1	106	2	1	0	3620	1048	328	27	-1	
5	1	106	2	1	1	3620	1048	86	25	76.043282	Ἐπίσης
5	1	106	2	1	2	3725	1050	12	19	88.947411	ὁ
5	1	106	2	1	3	3761	1057	18	12	93.126686	κ.
5	1	106	2	1	4	3796	1051	66	24	89.841660	Νῖκος
5	1	106	2	1	5	3883	1052	65	19	91.654732	Σκια-
4	1	106	2	2	0	3593	1084	355	27	-1	
5	1	106	2	2	1	3593	1084	40	23	92.136864	δᾶς
5	1	106	2	2	2	3647	1086	38	21	96.154625	γιά
5	1	106	2	2	3	3698	1086	23	24	91.429337	τή
5	1	106	2	2	4	3741	1086	74	25	95.244469	γιορτή
5	1	106	2	2	5	3834	1088	37	18	72.291382	τοῦ
5	1	106	2	2	6	3904	1094	44	17	68.371140	γυι-
4	1	106	2	3	0	3593	1114	354	34	-1	
5	1	106	2	3	1	3593	1120	25	18	94.308640	οὗ
5	1	106	2	3	2	3636	1114	37	25	93.203102	του
5	1	106	2	3	3	3688	1122	68	19	51.189240	Ἠλία.
5	1	106	2	3	4	3780	1123	40	18	93.115982	Καὶ
5	1	106	2	3	5	3838	1123	12	18	92.715210	ὁ
5	1	106	2	3	6	3864	1124	83	24	92.532799	Παναγι
4	1	106	2	4	0	3591	1156	356	29	-1	
5	1	106	2	4	1	3591	1156	55	25	92.227341	ώτης
5	1	106	2	4	2	3668	1158	15	18	52.061176	1.
5	1	106	2	4	3	3703	1158	73	24	90.370018	Βὐνιος
5	1	106	2	4	4	3795	1158	24	25	74.473770	μέ
5	1	106	2	4	5	3832	1159	36	19	50.579750	τὸ)
5	1	106	2	4	6	3880	1160	67	25	92.874870	ἑορτὰ
4	1	106	2	5	0	3592	1192	354	27	-1	
5	1	106	2	5	1	3592	1192	64	23	91.574219	ζοντα
5	1	106	2	5	2	3670	1194	81	25	87.677345	ἀδελφὸ
5	1	106	2	5	3	3769	1201	37	13	88.992393	του
5	1	106	2	5	4	3828	1196	69	20	43.988972	Ἠλία.
5	1	106	2	5	5	3914	1198	32	20	96.521362	Κα
4	1	106	2	6	0	3592	1229	353	29	-1	
5	1	106	2	6	1	3592	1229	41	24	93.232094	θώς
5	1	106	2	6	2	3648	1230	36	19	80.115036	καί
5	1	106	2	6	3	3719	1230	12	19	21.372749	ὃ
5	1	106	2	6	4	3745	1231	139	26	92.726471	ὑπολοχαγὸς
5	1	106	2	6	5	3901	1234	44	24	0.000000	πεῄι
4	1	106	2	7	0	3592	1266	353	29	-1	
5	1	106	2	7	1	3592	1266	39	18	92.976204	κοῦ
5	1	106	2	7	2	3650	1272	18	13	93.272652	κ.
5	1	106	2	7	3	3682	1267	75	24	80.254639	Ἠλίας
5	1	106	2	7	4	3775	1268	19	19	86.645386	Γ,
5	1	106	2	7	5	3811	1269	81	26	84.159813	Βύνιος,
5	1	106	2	7	6	3905	1271	40	19	97.005119	ποὺ
4	1	106	2	8	0	3591	1300	354	31	-1	
5	1	106	2	8	1	3591	1300	53	24	93.296822	ἦταν
5	1	106	2	8	2	3662	1302	24	23	76.988258	µέ
5	1	106	2	8	3	3699	1302	63	20	91.733658	ἄδεια
5	1	106	2	8	4	3777	1305	37	18	93.298737	στὸ
5	1	106	2	8	5	3830	1306	66	25	87.824852	χωριὸ
5	1	106	2	8	6	3909	1308	36	18	96.820328	καί
4	1	106	2	9	0	3592	1338	350	41	-1	
5	1	106	2	9	1	3592	1338	93	23	96.273216	κράτησε
5	1	106	2	9	2	3696	1338	24	19	96.701523	τὸ
5	1	106	2	9	3	3735	1339	71	24	95.097908	γλέντι
5	1	106	2	9	4	3823	1347	50	18	95.453110	τους
5	1	106	2	9	5	3884	1338	58	41	96.480446	μέχρι
4	1	106	2	10	0	3590	1372	218	28	-1	
5	1	106	2	10	1	3590	1372	30	23	91.926270	τίς
5	1	106	2	10	2	3642	1373	89	26	88.621201	πρωϊνές
5	1	106	2	10	3	3747	1375	61	25	64.270332	Ώρες.
4	1	106	2	11	0	3593	1426	349	13	-1	
5	1	106	2	11	1	3593	1426	349	13	9.972565	σποτ
5	1	106	2	11	2	3833	1412	10	35	15.910172	.
5	1	106	2	11	3	3851	1412	33	35	11.073219	..
5	1	106	2	11	4	3889	1412	56	35	15.404282	..
2	1	107	0	0	0	3602	1460	332	58	-1	
3	1	107	1	0	0	3602	1460	332	58	-1	
4	1	107	1	1	0	3602	1460	332	58	-1	
5	1	107	1	1	1	3602	1460	58	39	0.453964	ΚΙΤΙ
5	1	107	1	1	2	3685	1462	53	53	7.468857	Τη
5	1	107	1	1	3	3736	1464	198	54	3.156166	ΚΜΤΙΠΙΗΚΤΙΚΙ
2	1	108	0	0	0	3588	1530	370	350	-1	
3	1	108	1	0	0	3588	1530	370	350	-1	
4	1	108	1	1	0	3623	1530	320	29	-1	
5	1	108	1	1	1	3623	1530	55	18	92.102135	Στὸν
5	1	108	1	1	2	3713	1530	45	25	63.688820	Άγ,
5	1	108	1	1	3	3779	1532	164	27	62.839565	Παντελεήμονα
4	1	108	1	2	0	3589	1566	353	27	-1	
5	1	108	1	2	1	3589	1566	36	24	96.883301	στὴ
5	1	108	1	2	2	3643	1567	80	24	96.306831	κορυφή
5	1	108	1	2	3	3740	1568	37	18	93.122841	τοῦ
5	1	108	1	2	4	3788	1569	113	24	70.664505	Ταγέτου,
5	1	108	1	2	5	3913	1572	29	18	83.786880	πά
4	1	108	1	3	0	3589	1602	353	29	-1	
5	1	108	1	3	1	3589	1608	28	13	77.881325	γω.
5	1	108	1	3	2	3640	1602	49	19	93.239426	στὸν
5	1	108	1	3	3	3703	1603	98	24	45.835358	τερᾶστιο
5	1	108	1	3	4	3820	1606	76	25	23.842751	θράχο,
5	1	108	1	3	5	3911	1613	31	12	92.759094	το-
4	1	108	1	4	0	3589	1638	352	30	-1	
5	1	108	1	4	1	3589	1638	128	25	91.271446	ποθετήθηκε
5	1	108	1	4	2	3751	1641	51	22	70.771820	µετά
5	1	108	1	4	3	3813	1641	38	25	93.081253	τήν
5	1	108	1	4	4	3861	1644	80	24	89.316032	κατοχὴ
4	1	108	1	5	0	3590	1674	352	27	-1	
5	1	108	1	5	1	3590	1674	94	24	74.618851	μεγάλος
5	1	108	1	5	2	3717	1676	138	25	0.000000	Ὥτσ'µεντένιος
5	1	108	1	5	3	3883	1679	59	19	88.979675	Σταυ
4	1	108	1	6	0	3829	1714	113	27	-1	
5	1	108	1	6	1	3825	1710	47	35	94.975296	ἀπὸ
5	1	108	1	6	2	3886	1715	56	26	96.678291	πολύ
4	1	108	1	7	0	3707	1747	251	25	-1	
5	1	108	1	7	1	3707	1747	117	25	91.269333	Πρόσφατα
5	1	108	1	7	2	3838	1749	62	20	91.676582	ἔπεσε
5	1	108	1	7	3	3919	1757	39	13	36.929897	κε:
4	1	108	1	8	0	3588	1782	354	28	-1	
5	1	108	1	8	1	3588	1782	78	24	88.252869	Ραυνὸς
5	1	108	1	8	2	3685	1784	35	18	93.299889	καὶ
5	1	108	1	8	3	3735	1784	113	20	92.422592	ἰσοπέδοσε
5	1	108	1	8	4	3867	1786	27	20	93.304298	τὰ
5	1	108	1	8	5	3907	1787	35	23	92.724464	γύ-
4	1	108	1	9	0	3589	1816	353	28	-1	
5	1	108	1	9	1	3589	1816	30	24	92.619621	ρω
5	1	108	1	9	2	3643	1818	43	18	94.863350	ἀπὸ
5	1	108	1	9	3	3705	1819	25	18	90.710503	τὸ
5	1	108	1	9	4	3749	1821	87	23	88.542625	Σταυρὸ
5	1	108	1	9	5	3851	1839	4	5	71.326172	,
5	1	108	1	9	6	3870	1821	72	20	4.116707	ἀλλά.
4	1	108	1	10	0	3588	1853	324	27	-1	
5	1	108	1	10	1	3588	1853	12	18	91.551659	ὁ
5	1	108	1	10	2	3622	1854	98	24	91.551659	Σταυρὸς
5	1	108	1	10	3	3734	1855	67	24	92.653267	ἔμεινε
5	1	108	1	10	4	3819	1856	93	24	77.793274	ἄθικτος.
2	1	109	0	0	0	3589	1710	207	59	-1	
3	1	109	1	0	0	3589	1710	207	59	-1	
4	1	109	1	1	0	3589	1710	207	25	-1	
5	1	109	1	1	1	3589	1710	37	23	93.150856	ρὸς
5	1	109	1	1	2	3647	1710	40	19	93.294373	ποὺ
5	1	109	1	1	3	3701	1711	95	24	53.101482	φαϊγεται
4	1	109	1	2	0	3589	1746	86	23	-1	
5	1	109	1	2	1	3589	1746	86	23	74.060982	µακριά,
2	1	110	0	0	0	3636	1929	316	68	-1	
3	1	110	1	0	0	3636	1929	316	68	-1	
4	1	110	1	1	0	3636	1929	316	68	-1	
5	1	110	1	1	1	3636	1941	24	38	0.000000	Ἡ
5	1	110	1	1	2	3693	1942	197	55	0.000000	ΣΝΙΡΙΜΗΤΣ
2	1	111	0	0	0	3571	2033	387	1431	-1	
3	1	111	1	0	0	3575	2033	383	1142	-1	
4	1	111	1	1	0	3620	2033	323	33	-1	
5	1	111	1	1	1	3620	2033	52	19	86.449585	Βασ.
5	1	111	1	1	2	3687	2034	177	25	89.083931	ΚΑΡΑΛΕΜΑΣ,
5	1	111	1	1	3	3879	2033	64	33	45.416687	Γεώρ,
4	1	111	1	2	0	3590	2065	354	34	-1	
5	1	111	1	2	1	3590	2065	176	34	80.936760	ΑΝΔΡΙΑΝΟΣ,
5	1	111	1	2	2	3829	2073	115	25	96.286240	Σύλλογος
4	1	111	1	3	0	3591	2106	351	25	-1	
5	1	111	1	3	1	3591	2106	125	20	79.002403	ΒΙΝΘΡΟΠ
5	1	111	1	3	2	3753	2109	23	18	37.986763	ἩΗ.
5	1	111	1	3	3	3789	2109	24	19	88.911949	Π.
5	1	111	1	3	4	3827	2110	24	18	92.716660	Α.
5	1	111	1	3	5	3870	2111	72	20	0.000000	θα”,
4	1	111	1	4	0	3584	2142	358	29	-1	
5	1	111	1	4	1	3584	2142	199	25	88.908081	ΠΑΛΟΥΚΑΚΟΣ,
5	1	111	1	4	2	3820	2146	64	25	8.306198	ἍΓεώρ.
5	1	111	1	4	3	3919	2149	23	18	75.800781	Κ.
4	1	111	1	5	0	3590	2172	351	33	-1	
5	1	111	1	5	1	3590	2179	120	28	93.261230	ΚΟΝΤΟΣ,
5	1	111	1	5	2	3726	2181	82	24	76.687439	Παναγ,
5	1	111	1	5	3	3833	2183	15	18	90.016548	1.
5	1	111	1	5	4	3861	2172	80	31	55.252106	ΔΗΜΗ
4	1	111	1	6	0	3589	2201	350	43	-1	
5	1	111	1	6	1	3589	2201	171	43	51.784149	ΤΡΟΠΟΥΛΟΣ,
5	1	111	1	6	2	3780	2217	70	19	61.966770	Νίκων
5	1	111	1	6	3	3872	2219	67	20	90.762161	ΚΟΨΙ
4	1	111	1	7	0	3587	2250	353	29	-1	
5	1	111	1	7	1	3587	2250	47	22	94.000725	ΑΣ,
5	1	111	1	7	2	3673	2251	51	23	82.766716	Παν,
5	1	111	1	7	3	3745	2253	23	18	91.442650	Ν.
5	1	111	1	7	4	3784	2253	156	26	73.955612	ΑΑΡΒΙΔΗΣ,
4	1	111	1	8	0	3591	2286	349	28	-1	
5	1	111	1	8	1	3591	2286	55	22	93.297989	Κων.
5	1	111	1	8	2	3670	2288	23	18	90.964508	Ἡ.
5	1	111	1	8	3	3710	2289	138	25	52.299957	ΓΚΛΕΚΑΣ,
5	1	111	1	8	4	3890	2291	50	21	0.000000	Παν,
4	1	111	1	9	0	3586	2323	351	24	-1	
5	1	111	1	9	1	3586	2323	31	18	80.942795	Ἠ.
5	1	111	1	9	2	3635	2323	113	23	63.205750	ΒΥΝΙΟΣ,
5	1	111	1	9	3	3762	2325	45	19	72.210571	Νικ,
5	1	111	1	9	4	3819	2326	43	20	13.791260	Αθ.
5	1	111	1	9	5	3881	2328	56	19	96.410164	ΡΑΣ
4	1	111	1	10	0	3589	2359	349	27	-1	
5	1	111	1	10	1	3589	2359	81	24	85.818504	ΣΙΑΣ,
5	1	111	1	10	2	3710	2361	69	19	42.581680	θαν.
5	1	111	1	10	3	3814	2362	124	24	96.223900	ΜΟΡΦΗΣ,
4	1	111	1	11	0	3586	2395	350	24	-1	
5	1	111	1	11	1	3586	2395	49	24	63.176365	Παν
5	1	111	1	11	2	3651	2396	23	18	63.176365	Ἡ.
5	1	111	1	11	3	3692	2396	244	23	91.674469	ΠΑΡΑΣΧΟΠΟΥΛΟΣ
4	1	111	1	12	0	3587	2431	352	29	-1	
5	1	111	1	12	1	3587	2431	87	24	79.582848	Μαρϊκα
5	1	111	1	12	2	3697	2433	23	20	87.068550	Π.
5	1	111	1	12	3	3738	2433	98	25	88.043457	ΖΑΒΡΑ,
5	1	111	1	12	4	3876	2436	63	24	5.842552	ἡΓεώρ.
4	1	111	1	13	0	3587	2467	351	31	-1	
5	1	111	1	13	1	3587	2467	23	18	89.443466	Ν.
5	1	111	1	13	2	3627	2467	159	25	91.295586	ΠΕΤΡΑΚΗΣ,
5	1	111	1	13	3	3811	2471	50	19	92.636703	Παν.
5	1	111	1	13	4	3874	2472	64	26	14.775391	ΜΠΑ
4	1	111	1	14	0	3586	2503	352	26	-1	
5	1	111	1	14	1	3586	2503	102	24	77.631668	ΑΑΝΟΣ,
5	1	111	1	14	2	3713	2505	35	24	93.283104	Χρ.
5	1	111	1	14	3	3771	2506	19	18	80.979156	Γ.
5	1	111	1	14	4	3808	2507	130	19	88.875946	ΠΑΝΤΑΖΕ-
4	1	111	1	15	0	3584	2539	352	27	-1	
5	1	111	1	15	1	3584	2539	63	22	91.912102	ΛΟΣ,
5	1	111	1	15	2	3664	2540	51	24	85.031815	Δημ.
5	1	111	1	15	3	3728	2541	23	19	90.776123	Π.
5	1	111	1	15	4	3764	2542	106	24	96.588188	ΔΗΜΟΣ,
5	1	111	1	15	5	3886	2544	50	19	52.462734	Ίαν.
4	1	111	1	16	0	3588	2576	347	24	-1	
5	1	111	1	16	1	3588	2576	13	22	0.000000	Ι
5	1	111	1	16	2	3623	2576	135	24	83.738083	ΓΚΛΕΚΑΣ,
5	1	111	1	16	3	3782	2578	50	20	96.600998	Παν,
5	1	111	1	16	4	3852	2580	14	18	55.974407	1.
5	1	111	1	16	5	3882	2580	53	19	96.726143	ΠΕΡ
4	1	111	1	17	0	3583	2611	354	28	-1	
5	1	111	1	17	1	3583	2611	99	23	82.155891	ΔΙΚΗΣ,
5	1	111	1	17	2	3725	2613	76	25	41.501350	Κατερ.
5	1	111	1	17	3	3825	2615	112	24	63.188427	ΝΤΕΡΟΥ,
4	1	111	1	18	0	3584	2646	352	30	-1	
5	1	111	1	18	1	3584	2646	73	24	46.271648	Ἠτῖνος
5	1	111	1	18	2	3671	2648	19	18	82.389870	Γ.
5	1	111	1	18	3	3706	2649	114	25	85.332848	ΒΥΝΙΟΣ,
5	1	111	1	18	4	3838	2651	63	25	90.489433	Γεώρ.
5	1	111	1	18	5	3915	2653	21	18	92.505951	Χ.
4	1	111	1	19	0	3577	2663	381	54	-1	
5	1	111	1	19	1	3577	2663	167	54	0.000000	ΚΑΤΣΑΡΟΣ,
5	1	111	1	19	2	3762	2663	93	54	0.000000	Τσῖμης.
5	1	111	1	19	3	3853	2689	105	25	0.000000	οι,
4	1	111	1	20	0	3586	2716	351	28	-1	
5	1	111	1	20	1	3586	2716	121	25	38.024193	ΡΕΜΠΗΣ,
5	1	111	1	20	2	3730	2719	78	25	89.118340	Γεώργ.
5	1	111	1	20	3	3829	2722	43	19	0.000000	Αθ.
5	1	111	1	20	4	3891	2724	46	18	87.193947	ΑΡ-
4	1	111	1	21	0	3584	2747	352	33	-1	
5	1	111	1	21	1	3584	2747	132	33	81.413643	ΒΑΝΙΤΗΣ,
5	1	111	1	21	2	3731	2755	107	25	86.050491	Λεωνίδας
5	1	111	1	21	3	3855	2759	36	19	93.287849	καὶ
5	1	111	1	21	4	3905	2760	31	18	33.806084	ἸΑ-
4	1	111	1	22	0	3583	2787	353	30	-1	
5	1	111	1	22	1	3583	2787	48	25	90.228035	ρετή
5	1	111	1	22	2	3650	2789	188	28	90.716331	ΓΙΑΝΝΑΚΑΚΗ,
5	1	111	1	22	3	3861	2795	75	20	65.979103	Η.Π.Α.
4	1	111	1	23	0	3581	2822	354	37	-1	
5	1	111	1	23	1	3581	2823	81	25	67.863464	Φαἱδρα
5	1	111	1	23	2	3687	2822	248	37	75.046783	ΑΘΑΝΑΣΟΠΟΥΛΟΥ,
4	1	111	1	24	0	3581	2859	353	31	-1	
5	1	111	1	24	1	3581	2859	91	25	0.000000	᾿Ἴκαρος
5	1	111	1	24	2	3688	2861	22	24	25.848076	Δ.
5	1	111	1	24	3	3735	2863	131	27	91.825089	ΣΙΓΑΛΟΣ,
5	1	111	1	24	4	3887	2867	47	21	90.060143	Ἠλὶ
4	1	111	1	25	0	3579	2895	361	31	-1	
5	1	111	1	25	1	3579	2900	26	18	93.043930	ας
5	1	111	1	25	2	3625	2895	19	19	91.264244	Γ.
5	1	111	1	25	3	3661	2897	114	24	91.255104	ΒΥΝΙΟΣ,
5	1	111	1	25	4	3794	2901	78	25	87.704147	Γεώργ.
5	1	111	1	25	5	3887	2903	53	19	82.158508	ΜΑ--
4	1	111	1	26	0	3582	2931	350	33	-1	
5	1	111	1	26	1	3582	2931	116	26	92.397057	ΡΟΥΛΗΣ,
5	1	111	1	26	2	3716	2934	46	20	78.069054	Νικ,
5	1	111	1	26	3	3777	2936	19	19	88.552330	Γ.
5	1	111	1	26	4	3818	2937	114	27	91.752151	ΒΥΝΙΟΣ,
4	1	111	1	27	0	3579	2967	353	38	-1	
5	1	111	1	27	1	3579	2967	68	25	91.435577	ἱερεύς
5	1	111	1	27	2	3667	2970	50	26	87.047531	Δημ.
5	1	111	1	27	3	3737	2972	18	20	53.598518	Γ.
5	1	111	1	27	4	3771	2969	161	36	92.205734	ΔΕΔΟΥΣΗΣ,
4	1	111	1	28	0	3579	3005	353	34	-1	
5	1	111	1	28	1	3579	3005	51	19	87.404381	Κων.
5	1	111	1	28	2	3645	3006	21	20	89.739693	Λ.
5	1	111	1	28	3	3687	3008	178	31	92.606308	ΚΑΡΑΛΕΜΑΣ,
5	1	111	1	28	4	3879	3013	53	25	91.873260	Δημ.
4	1	111	1	29	0	3579	3042	351	33	-1	
5	1	111	1	29	1	3579	3042	25	24	64.404671	Σ.
5	1	111	1	29	2	3623	3042	197	29	53.578751	ΜΟΣΚΟΒΙΤΗΣ,
5	1	111	1	29	3	3848	3049	82	26	87.334534	Παναγ.
4	1	111	1	30	0	3576	3074	354	40	-1	
5	1	111	1	30	1	3576	3074	186	35	88.394791	ΜΗΝΑΚΑΚΗΣ,
5	1	111	1	30	2	3817	3081	113	33	81.850098	Σαράντος
4	1	111	1	31	0	3576	3114	355	32	-1	
5	1	111	1	31	1	3576	3114	19	18	60.845764	Γ.
5	1	111	1	31	2	3620	3115	178	27	83.436798	ΚΟΥΡΕΜΠΗΣ,
5	1	111	1	31	3	3823	3121	108	25	41.407150	Μικόλα»ς
4	1	111	1	32	0	3575	3151	219	24	-1	
5	1	111	1	32	1	3575	3151	22	17	91.906807	Α.
5	1	111	1	32	2	3615	3151	87	21	89.608818	ΛΕΓΟΣ
5	1	111	1	32	3	3720	3155	74	20	86.665306	Η.Π.Α.
3	1	111	2	0	0	3571	3187	358	277	-1	
4	1	111	2	1	0	3601	3187	326	33	-1	
5	1	111	2	1	1	3601	3187	40	19	79.921410	Γιά.
5	1	111	2	1	2	3657	3189	30	21	90.705391	νά
5	1	111	2	1	3	3703	3192	92	24	90.819687	καταστῆ
5	1	111	2	1	4	3815	3193	77	26	93.276886	δυνατή
5	1	111	2	1	5	3915	3196	12	24	92.701393	ἡ
4	1	111	2	2	0	3573	3223	356	38	-1	
5	1	111	2	2	1	3573	3223	137	26	89.698402	ἀπρόσκοπτη
5	1	111	2	2	2	3731	3227	78	25	89.698402	ἔκδοση
5	1	111	2	2	3	3831	3229	37	25	96.697464	τῆς
5	1	111	2	2	4	3881	3227	48	34	83.863754	ἔφη-
4	1	111	2	3	0	3575	3255	353	38	-1	
5	1	111	2	3	1	3575	3255	96	38	30.603561	µερὶδας,
5	1	111	2	3	2	3711	3264	175	22	91.646744	παρακαλοῦνται
5	1	111	2	3	3	3897	3268	31	18	93.806725	νά
4	1	111	2	4	0	3573	3295	355	36	-1	
5	1	111	2	4	1	3573	3295	108	24	88.887589	ἐμθάσουν
5	1	111	2	4	2	3699	3298	47	20	92.734375	ὅσοι
5	1	111	2	4	3	3785	3297	143	34	91.793083	καθυστεροῦν
4	1	111	2	5	0	3572	3332	354	30	-1	
5	1	111	2	5	1	3572	3332	69	24	92.591866	ἀκόμη
5	1	111	2	5	2	3658	3333	23	25	93.252960	τή
5	1	111	2	5	3	3695	3335	105	26	87.555664	συνδροµή
5	1	111	2	5	4	3819	3343	54	19	93.296944	τους,
5	1	111	2	5	5	3891	3339	35	19	72.121048	ἰδὶ-
4	1	111	2	6	0	3572	3363	355	34	-1	
5	1	111	2	6	1	3572	3374	28	17	85.082764	ως
5	1	111	2	6	2	3616	3363	37	24	95.199211	τοῦ
5	1	111	2	6	3	3674	3370	133	27	92.647980	ἐξωτερικοῦ,
5	1	111	2	6	4	3832	3374	53	20	96.006218	ὅπου
5	1	111	2	6	5	3901	3376	26	19	96.852554	τά
4	1	111	2	7	0	3573	3405	354	31	-1	
5	1	111	2	7	1	3573	3405	68	22	69.903275	ἔξοδα
5	1	111	2	7	2	3659	3407	121	26	69.903275	ἀποστολῆς
5	1	111	2	7	3	3796	3409	52	21	93.272652	εἶναι
5	1	111	2	7	4	3872	3412	55	24	79.256210	µεγά
4	1	111	2	8	0	3571	3441	34	23	-1	
5	1	111	2	8	1	3571	3441	34	23	90.748863	λα,
