level	page_num	block_num	par_num	line_num	word_num	left	top	width	height	conf	text
1	1	0	0	0	0	0	0	3308	3482	-1	
2	1	1	0	0	0	136	0	518	9	-1	
3	1	1	1	0	0	136	0	518	9	-1	
4	1	1	1	1	0	136	0	518	9	-1	
5	1	1	1	1	1	136	0	50	8	95.000000	 
5	1	1	1	1	2	519	0	135	9	95.000000	 
2	1	2	0	0	0	661	2	436	5	-1	
3	1	2	1	0	0	661	2	436	5	-1	
4	1	2	1	1	0	661	2	436	5	-1	
5	1	2	1	1	1	661	2	436	5	95.000000	 
2	1	3	0	0	0	416	0	68	12	-1	
3	1	3	1	0	0	416	0	68	12	-1	
4	1	3	1	1	0	416	0	68	12	-1	
5	1	3	1	1	1	416	0	68	12	95.000000	 
2	1	4	0	0	0	2073	8	1196	5	-1	
3	1	4	1	0	0	2073	8	1196	5	-1	
4	1	4	1	1	0	2073	8	1196	5	-1	
5	1	4	1	1	1	2073	8	1196	5	95.000000	 
2	1	5	0	0	0	828	10	1247	151	-1	
3	1	5	1	0	0	828	10	1247	151	-1	
4	1	5	1	1	0	828	10	1247	151	-1	
5	1	5	1	1	1	828	10	1247	151	95.000000	  
2	1	6	0	0	0	158	36	12	16	-1	
3	1	6	1	0	0	158	36	12	16	-1	
4	1	6	1	1	0	158	36	12	16	-1	
5	1	6	1	1	1	158	36	12	16	61.570831	9
2	1	7	0	0	0	429	121	2170	54	-1	
3	1	7	1	0	0	429	121	2170	54	-1	
4	1	7	1	1	0	532	121	2067	18	-1	
5	1	7	1	1	1	532	136	22	3	61.868908	..
5	1	7	1	1	2	2295	121	57	18	62.307819	ταχ.
5	1	7	1	1	3	2363	121	81	18	82.660957	ΤΕΛΟΣ
5	1	7	1	1	4	2456	121	143	18	77.983856	ΚΑΤΕΒΛΗΦΗ
4	1	7	1	2	0	429	144	133	31	-1	
5	1	7	1	2	1	429	144	71	21	91.069168	σελίδα
5	1	7	1	2	2	511	144	51	31	67.309158	4”-
2	1	8	0	0	0	2993	154	6	10	-1	
3	1	8	1	0	0	2993	154	6	10	-1	
4	1	8	1	1	0	2993	154	6	10	-1	
5	1	8	1	1	1	2993	154	6	10	95.000000	 
2	1	9	0	0	0	0	185	553	2	-1	
3	1	9	1	0	0	0	185	553	2	-1	
4	1	9	1	1	0	0	185	553	2	-1	
5	1	9	1	1	1	0	185	553	2	95.000000	 
2	1	10	0	0	0	0	232	200	23	-1	
3	1	10	1	0	0	0	232	200	23	-1	
4	1	10	1	1	0	0	232	200	23	-1	
5	1	10	1	1	1	0	232	182	23	4.549850	ΙΓΕΩΡΓΙΑΣ
2	1	11	0	0	0	0	292	282	314	-1	
3	1	11	1	0	0	0	292	282	314	-1	
4	1	11	1	1	0	0	292	276	30	-1	
5	1	11	1	1	1	0	292	133	30	92.011772	(ρέχονται
5	1	11	1	1	2	147	292	129	29	90.796570	οἰκονομι-
4	1	11	1	2	0	0	327	277	28	-1	
5	1	11	1	2	1	0	327	31	28	43.387321	ος,
5	1	11	1	2	2	45	328	49	27	81.389496	γιά
5	1	11	1	2	3	120	327	157	28	81.935059	ἑγκατάστα
4	1	11	1	3	0	0	362	276	23	-1	
5	1	11	1	3	1	0	363	176	22	25.394089	ΓΑΝΕΩΝΩΜΝ,
5	1	11	1	3	2	199	362	32	22	89.350456	σέ
5	1	11	1	3	3	253	362	23	23	74.881668	ἔ-
4	1	11	1	4	0	0	398	276	30	-1	
5	1	11	1	4	1	0	399	24	22	65.072556	ά
5	1	11	1	4	2	34	398	94	30	86.320877	ἀγορά
5	1	11	1	4	3	137	398	47	22	93.301155	καί
5	1	11	1	4	4	196	398	80	28	64.303223	ἐγκα-
4	1	11	1	5	0	0	433	282	30	-1	
5	1	11	1	5	1	0	434	95	23	78.852875	ΙΡΙΩΝ.
5	1	11	1	5	2	109	434	47	22	92.366127	Γιά
5	1	11	1	5	3	185	433	97	30	81.354309	ἀγορά,
4	1	11	1	6	0	0	469	276	30	-1	
5	1	11	1	6	1	0	470	124	29	0.000000	γπριόνων
5	1	11	1	6	2	135	471	49	26	91.730179	γιά
5	1	11	1	6	3	215	469	61	21	89.552429	κλά-
4	1	11	1	7	0	9	504	269	31	-1	
5	1	11	1	7	1	9	505	163	30	93.263893	παρέχονται
5	1	11	1	7	2	187	504	91	22	60.862545	οἰκονο
4	1	11	1	8	0	0	539	278	24	-1	
5	1	11	1	8	1	0	540	114	23	69.009140	θαίνουν
5	1	11	1	8	2	125	540	33	22	93.284256	σέ
5	1	11	1	8	3	170	539	108	23	87.480499	θελτίω-
4	1	11	1	9	0	0	572	222	34	-1	
5	1	11	1	9	1	0	572	222	34	81.614189	κμεταλλεύσεων.
2	1	12	0	0	0	175	633	84	4	-1	
3	1	12	1	0	0	175	633	84	4	-1	
4	1	12	1	1	0	175	633	84	4	-1	
5	1	12	1	1	1	175	633	84	4	95.000000	 
2	1	13	0	0	0	107	634	65	5	-1	
3	1	13	1	0	0	107	634	65	5	-1	
4	1	13	1	1	0	107	634	65	5	-1	
5	1	13	1	1	1	107	634	65	5	95.000000	 
2	1	14	0	0	0	11	666	62	3	-1	
3	1	14	1	0	0	11	666	62	3	-1	
4	1	14	1	1	0	11	666	62	3	-1	
5	1	14	1	1	1	11	666	62	3	95.000000	 
2	1	15	0	0	0	9	667	64	3	-1	
3	1	15	1	0	0	9	667	64	3	-1	
4	1	15	1	1	0	9	667	64	3	-1	
5	1	15	1	1	1	9	667	64	3	95.000000	 
2	1	16	0	0	0	105	659	1	26	-1	
3	1	16	1	0	0	105	659	1	26	-1	
4	1	16	1	1	0	105	659	1	26	-1	
5	1	16	1	1	1	105	659	1	26	95.000000	 
2	1	17	0	0	0	9	670	110	5	-1	
3	1	17	1	0	0	9	670	110	5	-1	
4	1	17	1	1	0	9	670	110	5	-1	
5	1	17	1	1	1	9	670	110	5	95.000000	 
2	1	18	0	0	0	95	659	1	28	-1	
3	1	18	1	0	0	95	659	1	28	-1	
4	1	18	1	1	0	95	659	1	28	-1	
5	1	18	1	1	1	95	659	1	28	95.000000	 
2	1	19	0	0	0	89	674	30	1	-1	
3	1	19	1	0	0	89	674	30	1	-1	
4	1	19	1	1	0	89	674	30	1	-1	
5	1	19	1	1	1	89	674	30	1	95.000000	 
2	1	20	0	0	0	8	673	111	8	-1	
3	1	20	1	0	0	8	673	111	8	-1	
4	1	20	1	1	0	8	673	111	8	-1	
5	1	20	1	1	1	8	673	111	8	95.000000	 
2	1	21	0	0	0	8	678	98	1	-1	
3	1	21	1	0	0	8	678	98	1	-1	
4	1	21	1	1	0	8	678	98	1	-1	
5	1	21	1	1	1	8	678	98	1	95.000000	 
2	1	22	0	0	0	101	669	1	19	-1	
3	1	22	1	0	0	101	669	1	19	-1	
4	1	22	1	1	0	101	669	1	19	-1	
5	1	22	1	1	1	101	669	1	19	95.000000	 
2	1	23	0	0	0	111	673	1	18	-1	
3	1	23	1	0	0	111	673	1	18	-1	
4	1	23	1	1	0	111	673	1	18	-1	
5	1	23	1	1	1	111	673	1	18	95.000000	 
2	1	24	0	0	0	155	670	1	26	-1	
3	1	24	1	0	0	155	670	1	26	-1	
4	1	24	1	1	0	155	670	1	26	-1	
5	1	24	1	1	1	155	670	1	26	95.000000	 
2	1	25	0	0	0	91	671	1	25	-1	
3	1	25	1	0	0	91	671	1	25	-1	
4	1	25	1	1	0	91	671	1	25	-1	
5	1	25	1	1	1	91	671	1	25	95.000000	 
2	1	26	0	0	0	30	684	207	1	-1	
3	1	26	1	0	0	30	684	207	1	-1	
4	1	26	1	1	0	30	684	207	1	-1	
5	1	26	1	1	1	30	684	207	1	95.000000	 
2	1	27	0	0	0	229	672	1	28	-1	
3	1	27	1	0	0	229	672	1	28	-1	
4	1	27	1	1	0	229	672	1	28	-1	
5	1	27	1	1	1	229	672	1	28	95.000000	 
2	1	28	0	0	0	48	683	189	8	-1	
3	1	28	1	0	0	48	683	189	8	-1	
4	1	28	1	1	0	48	683	189	8	-1	
5	1	28	1	1	1	48	683	189	8	95.000000	 
2	1	29	0	0	0	48	688	218	1	-1	
3	1	29	1	0	0	48	688	218	1	-1	
4	1	29	1	1	0	48	688	218	1	-1	
5	1	29	1	1	1	48	688	218	1	95.000000	 
2	1	30	0	0	0	36	687	230	5	-1	
3	1	30	1	0	0	36	687	230	5	-1	
4	1	30	1	1	0	36	687	230	5	-1	
5	1	30	1	1	1	36	687	230	5	95.000000	 
2	1	31	0	0	0	48	690	218	3	-1	
3	1	31	1	0	0	48	690	218	3	-1	
4	1	31	1	1	0	48	690	218	3	-1	
5	1	31	1	1	1	48	690	218	3	95.000000	 
2	1	32	0	0	0	36	696	229	3	-1	
3	1	32	1	0	0	36	696	229	3	-1	
4	1	32	1	1	0	36	696	229	3	-1	
5	1	32	1	1	1	36	696	229	3	95.000000	 
2	1	33	0	0	0	36	698	219	1	-1	
3	1	33	1	0	0	36	698	219	1	-1	
4	1	33	1	1	0	36	698	219	1	-1	
5	1	33	1	1	1	36	698	219	1	95.000000	 
2	1	34	0	0	0	85	658	3	49	-1	
3	1	34	1	0	0	85	658	3	49	-1	
4	1	34	1	1	0	85	658	3	49	-1	
5	1	34	1	1	1	85	658	3	49	95.000000	 
2	1	35	0	0	0	9	669	1	35	-1	
3	1	35	1	0	0	9	669	1	35	-1	
4	1	35	1	1	0	9	669	1	35	-1	
5	1	35	1	1	1	9	669	1	35	95.000000	 
2	1	36	0	0	0	38	659	3	55	-1	
3	1	36	1	0	0	38	659	3	55	-1	
4	1	36	1	1	0	38	659	3	55	-1	
5	1	36	1	1	1	38	659	3	55	95.000000	 
2	1	37	0	0	0	121	679	1	26	-1	
3	1	37	1	0	0	121	679	1	26	-1	
4	1	37	1	1	0	121	679	1	26	-1	
5	1	37	1	1	1	121	679	1	26	95.000000	 
2	1	38	0	0	0	67	659	3	67	-1	
3	1	38	1	0	0	67	659	3	67	-1	
4	1	38	1	1	0	67	659	3	67	-1	
5	1	38	1	1	1	67	659	3	67	95.000000	 
2	1	39	0	0	0	225	684	1	26	-1	
3	1	39	1	0	0	225	684	1	26	-1	
4	1	39	1	1	0	225	684	1	26	-1	
5	1	39	1	1	1	225	684	1	26	95.000000	 
2	1	40	0	0	0	263	683	1	28	-1	
3	1	40	1	0	0	263	683	1	28	-1	
4	1	40	1	1	0	263	683	1	28	-1	
5	1	40	1	1	1	263	683	1	28	95.000000	 
2	1	41	0	0	0	175	692	1	18	-1	
3	1	41	1	0	0	175	692	1	18	-1	
4	1	41	1	1	0	175	692	1	18	-1	
5	1	41	1	1	1	175	692	1	18	95.000000	 
2	1	42	0	0	0	253	690	1	23	-1	
3	1	42	1	0	0	253	690	1	23	-1	
4	1	42	1	1	0	253	690	1	23	-1	
5	1	42	1	1	1	253	690	1	23	95.000000	 
2	1	43	0	0	0	26	700	239	5	-1	
3	1	43	1	0	0	26	700	239	5	-1	
4	1	43	1	1	0	26	700	239	5	-1	
5	1	43	1	1	1	26	700	239	5	95.000000	 
2	1	44	0	0	0	249	688	1	32	-1	
3	1	44	1	0	0	249	688	1	32	-1	
4	1	44	1	1	0	249	688	1	32	-1	
5	1	44	1	1	1	249	688	1	32	95.000000	 
2	1	45	0	0	0	26	704	214	4	-1	
3	1	45	1	0	0	26	704	214	4	-1	
4	1	45	1	1	0	26	704	214	4	-1	
5	1	45	1	1	1	26	704	214	4	95.000000	 
2	1	46	0	0	0	181	693	1	26	-1	
3	1	46	1	0	0	181	693	1	26	-1	
4	1	46	1	1	0	181	693	1	26	-1	
5	1	46	1	1	1	181	693	1	26	95.000000	 
2	1	47	0	0	0	191	697	1	26	-1	
3	1	47	1	0	0	191	697	1	26	-1	
4	1	47	1	1	0	191	697	1	26	-1	
5	1	47	1	1	1	191	697	1	26	95.000000	 
2	1	48	0	0	0	59	701	1	20	-1	
3	1	48	1	0	0	59	701	1	20	-1	
4	1	48	1	1	0	59	701	1	20	-1	
5	1	48	1	1	1	59	701	1	20	95.000000	 
2	1	49	0	0	0	47	712	214	1	-1	
3	1	49	1	0	0	47	712	214	1	-1	
4	1	49	1	1	0	47	712	214	1	-1	
5	1	49	1	1	1	47	712	214	1	95.000000	 
2	1	50	0	0	0	235	701	1	25	-1	
3	1	50	1	0	0	235	701	1	25	-1	
4	1	50	1	1	0	235	701	1	25	-1	
5	1	50	1	1	1	235	701	1	25	95.000000	 
2	1	51	0	0	0	245	701	1	25	-1	
3	1	51	1	0	0	245	701	1	25	-1	
4	1	51	1	1	0	245	701	1	25	-1	
5	1	51	1	1	1	245	701	1	25	95.000000	 
2	1	52	0	0	0	63	716	205	1	-1	
3	1	52	1	0	0	63	716	205	1	-1	
4	1	52	1	1	0	63	716	205	1	-1	
5	1	52	1	1	1	63	716	205	1	95.000000	 
2	1	53	0	0	0	79	664	3	69	-1	
3	1	53	1	0	0	79	664	3	69	-1	
4	1	53	1	1	0	79	664	3	69	-1	
5	1	53	1	1	1	79	664	3	69	95.000000	 
2	1	54	0	0	0	63	677	3	53	-1	
3	1	54	1	0	0	63	677	3	53	-1	
4	1	54	1	1	0	63	677	3	53	-1	
5	1	54	1	1	1	63	677	3	53	95.000000	 
2	1	55	0	0	0	254	690	3	50	-1	
3	1	55	1	0	0	254	690	3	50	-1	
4	1	55	1	1	0	254	690	3	50	-1	
5	1	55	1	1	1	254	690	3	50	95.000000	 
2	1	56	0	0	0	187	707	1	21	-1	
3	1	56	1	0	0	187	707	1	21	-1	
4	1	56	1	1	0	187	707	1	21	-1	
5	1	56	1	1	1	187	707	1	21	95.000000	 
2	1	57	0	0	0	14	734	17	1	-1	
3	1	57	1	0	0	14	734	17	1	-1	
4	1	57	1	1	0	14	734	17	1	-1	
5	1	57	1	1	1	14	734	17	1	95.000000	 
2	1	58	0	0	0	16	738	17	1	-1	
3	1	58	1	0	0	16	738	17	1	-1	
4	1	58	1	1	0	16	738	17	1	-1	
5	1	58	1	1	1	16	738	17	1	95.000000	 
2	1	59	0	0	0	17	661	1	95	-1	
3	1	59	1	0	0	17	661	1	95	-1	
4	1	59	1	1	0	17	661	1	95	-1	
5	1	59	1	1	1	17	661	1	95	95.000000	 
2	1	60	0	0	0	171	697	1	79	-1	
3	1	60	1	0	0	171	697	1	79	-1	
4	1	60	1	1	0	171	697	1	79	-1	
5	1	60	1	1	1	171	697	1	79	95.000000	 
2	1	61	0	0	0	25	752	25	1	-1	
3	1	61	1	0	0	25	752	25	1	-1	
4	1	61	1	1	0	25	752	25	1	-1	
5	1	61	1	1	1	25	752	25	1	95.000000	 
2	1	62	0	0	0	37	772	17	1	-1	
3	1	62	1	0	0	37	772	17	1	-1	
4	1	62	1	1	0	37	772	17	1	-1	
5	1	62	1	1	1	37	772	17	1	95.000000	 
2	1	63	0	0	0	43	682	1	98	-1	
3	1	63	1	0	0	43	682	1	98	-1	
4	1	63	1	1	0	43	682	1	98	-1	
5	1	63	1	1	1	43	682	1	98	95.000000	 
2	1	64	0	0	0	50	688	5	94	-1	
3	1	64	1	0	0	50	688	5	94	-1	
4	1	64	1	1	0	50	688	5	94	-1	
5	1	64	1	1	1	50	688	5	94	95.000000	 
2	1	65	0	0	0	115	665	5	159	-1	
3	1	65	1	0	0	115	665	5	159	-1	
4	1	65	1	1	0	115	665	5	159	-1	
5	1	65	1	1	1	115	665	5	159	95.000000	 
2	1	66	0	0	0	117	818	24	1	-1	
3	1	66	1	0	0	117	818	24	1	-1	
4	1	66	1	1	0	117	818	24	1	-1	
5	1	66	1	1	1	117	818	24	1	95.000000	 
2	1	67	0	0	0	129	811	1	19	-1	
3	1	67	1	0	0	129	811	1	19	-1	
4	1	67	1	1	0	129	811	1	19	-1	
5	1	67	1	1	1	129	811	1	19	95.000000	 
2	1	68	0	0	0	120	824	20	1	-1	
3	1	68	1	0	0	120	824	20	1	-1	
4	1	68	1	1	0	120	824	20	1	-1	
5	1	68	1	1	1	120	824	20	1	95.000000	 
2	1	69	0	0	0	116	828	23	1	-1	
3	1	69	1	0	0	116	828	23	1	-1	
4	1	69	1	1	0	116	828	23	1	-1	
5	1	69	1	1	1	116	828	23	1	95.000000	 
2	1	70	0	0	0	135	673	1	165	-1	
3	1	70	1	0	0	135	673	1	165	-1	
4	1	70	1	1	0	135	673	1	165	-1	
5	1	70	1	1	1	135	673	1	165	95.000000	 
2	1	71	0	0	0	146	848	19	1	-1	
3	1	71	1	0	0	146	848	19	1	-1	
4	1	71	1	1	0	146	848	19	1	-1	
5	1	71	1	1	1	146	848	19	1	95.000000	 
2	1	72	0	0	0	151	681	1	177	-1	
3	1	72	1	0	0	151	681	1	177	-1	
4	1	72	1	1	0	151	681	1	177	-1	
5	1	72	1	1	1	151	681	1	177	95.000000	 
2	1	73	0	0	0	147	843	1	17	-1	
3	1	73	1	0	0	147	843	1	17	-1	
4	1	73	1	1	0	147	843	1	17	-1	
5	1	73	1	1	1	147	843	1	17	95.000000	 
2	1	74	0	0	0	151	830	61	49	-1	
3	1	74	1	0	0	151	830	61	49	-1	
4	1	74	1	1	0	151	830	61	49	-1	
5	1	74	1	1	1	151	830	61	49	95.000000	 
2	1	75	0	0	0	146	856	17	1	-1	
3	1	75	1	0	0	146	856	17	1	-1	
4	1	75	1	1	0	146	856	17	1	-1	
5	1	75	1	1	1	146	856	17	1	95.000000	 
2	1	76	0	0	0	29	750	3	148	-1	
3	1	76	1	0	0	29	750	3	148	-1	
4	1	76	1	1	0	29	750	3	148	-1	
5	1	76	1	1	1	29	750	3	148	95.000000	 
2	1	77	0	0	0	3	884	88	1	-1	
3	1	77	1	0	0	3	884	88	1	-1	
4	1	77	1	1	0	3	884	88	1	-1	
5	1	77	1	1	1	3	884	88	1	95.000000	 
2	1	78	0	0	0	231	886	24	1	-1	
3	1	78	1	0	0	231	886	24	1	-1	
4	1	78	1	1	0	231	886	24	1	-1	
5	1	78	1	1	1	231	886	24	1	95.000000	 
2	1	79	0	0	0	6	886	58	3	-1	
3	1	79	1	0	0	6	886	58	3	-1	
4	1	79	1	1	0	6	886	58	3	-1	
5	1	79	1	1	1	6	886	58	3	95.000000	 
2	1	80	0	0	0	24	890	43	3	-1	
3	1	80	1	0	0	24	890	43	3	-1	
4	1	80	1	1	0	24	890	43	3	-1	
5	1	80	1	1	1	24	890	43	3	95.000000	 
2	1	81	0	0	0	61	881	1	21	-1	
3	1	81	1	0	0	61	881	1	21	-1	
4	1	81	1	1	0	61	881	1	21	-1	
5	1	81	1	1	1	61	881	1	21	95.000000	 
2	1	82	0	0	0	216	890	47	3	-1	
3	1	82	1	0	0	216	890	47	3	-1	
4	1	82	1	1	0	216	890	47	3	-1	
5	1	82	1	1	1	216	890	47	3	95.000000	 
2	1	83	0	0	0	24	892	44	3	-1	
3	1	83	1	0	0	24	892	44	3	-1	
4	1	83	1	1	0	24	892	44	3	-1	
5	1	83	1	1	1	24	892	44	3	95.000000	 
2	1	84	0	0	0	71	881	1	27	-1	
3	1	84	1	0	0	71	881	1	27	-1	
4	1	84	1	1	0	71	881	1	27	-1	
5	1	84	1	1	1	71	881	1	27	95.000000	 
2	1	85	0	0	0	60	896	203	1	-1	
3	1	85	1	0	0	60	896	203	1	-1	
4	1	85	1	1	0	60	896	203	1	-1	
5	1	85	1	1	1	60	896	203	1	95.000000	 
2	1	86	0	0	0	60	898	203	1	-1	
3	1	86	1	0	0	60	898	203	1	-1	
4	1	86	1	1	0	60	898	203	1	-1	
5	1	86	1	1	1	60	898	203	1	95.000000	 
2	1	87	0	0	0	12	906	19	1	-1	
3	1	87	1	0	0	12	906	19	1	-1	
4	1	87	1	1	0	12	906	19	1	-1	
5	1	87	1	1	1	12	906	19	1	95.000000	 
2	1	88	0	0	0	202	906	34	1	-1	
3	1	88	1	0	0	202	906	34	1	-1	
4	1	88	1	1	0	202	906	34	1	-1	
5	1	88	1	1	1	202	906	34	1	95.000000	 
2	1	89	0	0	0	14	663	11	269	-1	
3	1	89	1	0	0	14	663	11	269	-1	
4	1	89	1	1	0	14	663	11	269	-1	
5	1	89	1	1	1	14	663	11	269	95.000000	 
2	1	90	0	0	0	21	717	3	215	-1	
3	1	90	1	0	0	21	717	3	215	-1	
4	1	90	1	1	0	21	717	3	215	-1	
5	1	90	1	1	1	21	717	3	215	95.000000	 
2	1	91	0	0	0	27	750	3	169	-1	
3	1	91	1	0	0	27	750	3	169	-1	
4	1	91	1	1	0	27	750	3	169	-1	
5	1	91	1	1	1	27	750	3	169	95.000000	 
2	1	92	0	0	0	233	877	1	37	-1	
3	1	92	1	0	0	233	877	1	37	-1	
4	1	92	1	1	0	233	877	1	37	-1	
5	1	92	1	1	1	233	877	1	37	95.000000	 
2	1	93	0	0	0	247	883	1	33	-1	
3	1	93	1	0	0	247	883	1	33	-1	
4	1	93	1	1	0	247	883	1	33	-1	
5	1	93	1	1	1	247	883	1	33	95.000000	 
2	1	94	0	0	0	199	889	1	29	-1	
3	1	94	1	0	0	199	889	1	29	-1	
4	1	94	1	1	0	199	889	1	29	-1	
5	1	94	1	1	1	199	889	1	29	95.000000	 
2	1	95	0	0	0	223	891	1	25	-1	
3	1	95	1	0	0	223	891	1	25	-1	
4	1	95	1	1	0	223	891	1	25	-1	
5	1	95	1	1	1	223	891	1	25	95.000000	 
2	1	96	0	0	0	262	881	3	49	-1	
3	1	96	1	0	0	262	881	3	49	-1	
4	1	96	1	1	0	262	881	3	49	-1	
5	1	96	1	1	1	262	881	3	49	95.000000	 
2	1	97	0	0	0	229	898	1	18	-1	
3	1	97	1	0	0	229	898	1	18	-1	
4	1	97	1	1	0	229	898	1	18	-1	
5	1	97	1	1	1	229	898	1	18	95.000000	 
2	1	98	0	0	0	215	910	60	3	-1	
3	1	98	1	0	0	215	910	60	3	-1	
4	1	98	1	1	0	215	910	60	3	-1	
5	1	98	1	1	1	215	910	60	3	95.000000	 
2	1	99	0	0	0	10	912	18	1	-1	
3	1	99	1	0	0	10	912	18	1	-1	
4	1	99	1	1	0	10	912	18	1	-1	
5	1	99	1	1	1	10	912	18	1	95.000000	 
2	1	100	0	0	0	263	899	1	31	-1	
3	1	100	1	0	0	263	899	1	31	-1	
4	1	100	1	1	0	263	899	1	31	-1	
5	1	100	1	1	1	263	899	1	31	95.000000	 
2	1	101	0	0	0	5	916	25	1	-1	
3	1	101	1	0	0	5	916	25	1	-1	
4	1	101	1	1	0	5	916	25	1	-1	
5	1	101	1	1	1	5	916	25	1	95.000000	 
2	1	102	0	0	0	253	907	1	21	-1	
3	1	102	1	0	0	253	907	1	21	-1	
4	1	102	1	1	0	253	907	1	21	-1	
5	1	102	1	1	1	253	907	1	21	95.000000	 
2	1	103	0	0	0	239	922	26	1	-1	
3	1	103	1	0	0	239	922	26	1	-1	
4	1	103	1	1	0	239	922	26	1	-1	
5	1	103	1	1	1	239	922	26	1	95.000000	 
2	1	104	0	0	0	4	926	18	1	-1	
3	1	104	1	0	0	4	926	18	1	-1	
4	1	104	1	1	0	4	926	18	1	-1	
5	1	104	1	1	1	4	926	18	1	95.000000	 
2	1	105	0	0	0	252	926	23	1	-1	
3	1	105	1	0	0	252	926	23	1	-1	
4	1	105	1	1	0	252	926	23	1	-1	
5	1	105	1	1	1	252	926	23	1	95.000000	 
2	1	106	0	0	0	7	930	20	1	-1	
3	1	106	1	0	0	7	930	20	1	-1	
4	1	106	1	1	0	7	930	20	1	-1	
5	1	106	1	1	1	7	930	20	1	95.000000	 
2	1	107	0	0	0	17	661	1	295	-1	
3	1	107	1	0	0	17	661	1	295	-1	
4	1	107	1	1	0	17	661	1	295	-1	
5	1	107	1	1	1	17	661	1	295	95.000000	 
2	1	108	0	0	0	7	883	3	55	-1	
3	1	108	1	0	0	7	883	3	55	-1	
4	1	108	1	1	0	7	883	3	55	-1	
5	1	108	1	1	1	7	883	3	55	95.000000	 
2	1	109	0	0	0	259	881	3	61	-1	
3	1	109	1	0	0	259	881	3	61	-1	
4	1	109	1	1	0	259	881	3	61	-1	
5	1	109	1	1	1	259	881	3	61	95.000000	 
2	1	110	0	0	0	13	894	4	62	-1	
3	1	110	1	0	0	13	894	4	62	-1	
4	1	110	1	1	0	13	894	4	62	-1	
5	1	110	1	1	1	13	894	4	62	95.000000	 
2	1	111	0	0	0	269	925	1	21	-1	
3	1	111	1	0	0	269	925	1	21	-1	
4	1	111	1	1	0	269	925	1	21	-1	
5	1	111	1	1	1	269	925	1	21	95.000000	 
2	1	112	0	0	0	252	940	27	1	-1	
3	1	112	1	0	0	252	940	27	1	-1	
4	1	112	1	1	0	252	940	27	1	-1	
5	1	112	1	1	1	252	940	27	1	95.000000	 
2	1	113	0	0	0	213	893	1	74	-1	
3	1	113	1	0	0	213	893	1	74	-1	
4	1	113	1	1	0	213	893	1	74	-1	
5	1	113	1	1	1	213	893	1	74	95.000000	 
2	1	114	0	0	0	109	961	1	17	-1	
3	1	114	1	0	0	109	961	1	17	-1	
4	1	114	1	1	0	109	961	1	17	-1	
5	1	114	1	1	1	109	961	1	17	95.000000	 
2	1	115	0	0	0	90	972	25	1	-1	
3	1	115	1	0	0	90	972	25	1	-1	
4	1	115	1	1	0	90	972	25	1	-1	
5	1	115	1	1	1	90	972	25	1	95.000000	 
2	1	116	0	0	0	89	982	19	1	-1	
3	1	116	1	0	0	89	982	19	1	-1	
4	1	116	1	1	0	89	982	19	1	-1	
5	1	116	1	1	1	89	982	19	1	95.000000	 
2	1	117	0	0	0	105	971	1	18	-1	
3	1	117	1	0	0	105	971	1	18	-1	
4	1	117	1	1	0	105	971	1	18	-1	
5	1	117	1	1	1	105	971	1	18	95.000000	 
2	1	118	0	0	0	101	981	1	17	-1	
3	1	118	1	0	0	101	981	1	17	-1	
4	1	118	1	1	0	101	981	1	17	-1	
5	1	118	1	1	1	101	981	1	17	95.000000	 
2	1	119	0	0	0	47	885	3	141	-1	
3	1	119	1	0	0	47	885	3	141	-1	
4	1	119	1	1	0	47	885	3	141	-1	
5	1	119	1	1	1	47	885	3	141	95.000000	 
2	1	120	0	0	0	158	1036	17	1	-1	
3	1	120	1	0	0	158	1036	17	1	-1	
4	1	120	1	1	0	158	1036	17	1	-1	
5	1	120	1	1	1	158	1036	17	1	95.000000	 
2	1	121	0	0	0	163	1026	1	22	-1	
3	1	121	1	0	0	163	1026	1	22	-1	
4	1	121	1	1	0	163	1026	1	22	-1	
5	1	121	1	1	1	163	1026	1	22	95.000000	 
2	1	122	0	0	0	173	1025	1	23	-1	
3	1	122	1	0	0	173	1025	1	23	-1	
4	1	122	1	1	0	173	1025	1	23	-1	
5	1	122	1	1	1	173	1025	1	23	95.000000	 
2	1	123	0	0	0	158	1042	17	1	-1	
3	1	123	1	0	0	158	1042	17	1	-1	
4	1	123	1	1	0	158	1042	17	1	-1	
5	1	123	1	1	1	158	1042	17	1	95.000000	 
2	1	124	0	0	0	223	1131	1	23	-1	
3	1	124	1	0	0	223	1131	1	23	-1	
4	1	124	1	1	0	223	1131	1	23	-1	
5	1	124	1	1	1	223	1131	1	23	95.000000	 
2	1	125	0	0	0	237	1135	1	23	-1	
3	1	125	1	0	0	237	1135	1	23	-1	
4	1	125	1	1	0	237	1135	1	23	-1	
5	1	125	1	1	1	237	1135	1	23	95.000000	 
2	1	126	0	0	0	213	1152	27	1	-1	
3	1	126	1	0	0	213	1152	27	1	-1	
4	1	126	1	1	0	213	1152	27	1	-1	
5	1	126	1	1	1	213	1152	27	1	95.000000	 
2	1	127	0	0	0	0	1192	280	278	-1	
3	1	127	1	0	0	0	1192	280	140	-1	
4	1	127	1	1	0	0	1192	279	30	-1	
5	1	127	1	1	1	0	1194	34	22	0.000000	ιαἱ
5	1	127	1	1	2	45	1193	122	29	71.977371	τιμήθηκε
5	1	127	1	1	3	183	1193	31	27	77.813461	µέ
5	1	127	1	1	4	229	1192	50	22	79.872757	δια-
4	1	127	1	2	0	0	1229	115	23	-1	
5	1	127	1	2	1	0	1229	18	23	64.878784	ὁ
5	1	127	1	2	2	37	1229	78	22	91.108856	1961
4	1	127	1	3	0	0	1264	280	29	-1	
5	1	127	1	3	1	0	1265	142	28	19.953796	Ιθεωρητής
5	1	127	1	3	2	155	1264	125	28	90.357269	Στοιχειώ
4	1	127	1	4	0	1	1300	234	32	-1	
5	1	127	1	4	1	1	1301	76	27	91.035812	έτησε
5	1	127	1	4	2	83	1301	44	31	56.408966	εἰς
5	1	127	1	4	3	133	1300	102	22	43.259682	Ναύσα-
3	1	127	2	0	0	0	1335	279	135	-1	
4	1	127	2	1	0	0	1335	276	29	-1	
5	1	127	2	1	1	0	1336	87	28	0.000000	ρηνῶν.
5	1	127	2	1	2	104	1331	14	37	0.000000	:
5	1	127	2	1	3	138	1335	34	22	75.746422	Τό
5	1	127	2	1	4	198	1335	78	22	69.400284	1964
4	1	127	2	2	0	0	1371	278	29	-1	
5	1	127	2	2	1	0	1372	82	28	73.474121	ρεσίαν
5	1	127	2	2	2	128	1371	61	22	87.629211	ὅπου
5	1	127	2	2	3	215	1371	63	27	87.629211	ἠργὰ
4	1	127	2	3	0	0	1406	279	29	-1	
5	1	127	2	3	1	0	1407	126	28	60.677387	ωρίστηκε
5	1	127	2	3	2	140	1407	28	21	93.299126	τό
5	1	127	2	3	3	179	1406	100	22	84.239868	δικαίω-
4	1	127	2	4	0	3	1442	276	28	-1	
5	1	127	2	4	1	3	1445	43	20	89.990227	τοῦ
5	1	127	2	4	2	63	1443	131	27	59.763542	᾿Επιτίμου
5	1	127	2	4	3	211	1442	68	22	35.724388	᾿Ἔπι-
2	1	128	0	0	0	0	1509	280	104	-1	
3	1	128	1	0	0	0	1509	280	104	-1	
4	1	128	1	1	0	0	1509	280	33	-1	
5	1	128	1	1	1	0	1509	122	33	23.686386	{καδηµία
5	1	128	1	1	2	153	1514	6	10	72.803612	᾿
5	1	128	1	1	3	162	1513	118	28	84.886528	Αθηνῶν,
4	1	128	1	2	0	0	1548	280	30	-1	
5	1	128	1	2	1	0	1549	66	29	92.076630	ερᾶς
5	1	128	1	2	2	76	1549	121	23	93.297195	Συνόδου.
5	1	128	1	2	3	213	1548	67	22	89.642929	Συνέ
4	1	128	1	3	0	0	1583	279	30	-1	
5	1	128	1	3	1	0	1593	57	20	76.768013	τερα
5	1	128	1	3	2	73	1586	51	21	93.296677	τῶν
5	1	128	1	3	3	141	1585	93	21	51.067963	ὁποίων
5	1	128	1	3	4	248	1583	31	23	91.605911	εἷ-
2	1	129	0	0	0	0	1655	280	167	-1	
3	1	129	1	0	0	0	1655	280	167	-1	
4	1	129	1	1	0	0	1655	280	29	-1	
5	1	129	1	1	1	0	1659	60	20	30.873619	εἴο».
5	1	129	1	1	2	90	1656	54	22	92.688309	«Τά
5	1	129	1	1	3	167	1655	113	29	96.233116	πρότυπα
4	1	129	1	2	0	0	1691	280	28	-1	
5	1	129	1	2	1	0	1692	96	26	54.966576	Λίτου»,
5	1	129	1	2	2	112	1691	116	28	66.600006	«Τερπνά
5	1	129	1	2	3	238	1691	42	21	39.629482	καί
4	1	129	1	3	0	5	1726	275	22	-1	
5	1	129	1	3	1	5	1726	116	22	83.586349	ιδακτικά
5	1	129	1	3	2	138	1726	83	21	91.319740	θιθλία
5	1	129	1	3	3	233	1726	47	21	81.670959	ἀπό
4	1	129	1	4	0	0	1759	279	28	-1	
5	1	129	1	4	1	0	1760	38	27	96.382294	τίς
5	1	129	1	4	2	49	1760	32	21	14.077789	Ε΄
5	1	129	1	4	3	101	1760	44	20	81.681671	καί
5	1	129	1	4	4	156	1759	55	22	0.199463	ΣΤ’
5	1	129	1	4	5	233	1759	46	21	54.357147	Τά-
4	1	129	1	5	0	1	1793	278	29	-1	
5	1	129	1	5	1	1	1794	132	28	96.285484	περιοδικά
5	1	129	1	5	2	147	1794	43	21	91.368301	καί
5	1	129	1	5	3	207	1793	72	28	15.531448	ἔγνευ-
2	1	130	0	0	0	0	1864	280	99	-1	
3	1	130	1	0	0	0	1864	280	99	-1	
4	1	130	1	1	0	16	1864	264	22	-1	
5	1	130	1	1	1	16	1865	113	21	66.133163	Μέτωπο
5	1	130	1	1	2	145	1865	31	21	91.646904	Β.
5	1	130	1	1	3	193	1864	87	22	81.868942	᾿Ἠπεί-
4	1	130	1	2	0	2	1900	278	29	-1	
5	1	130	1	2	1	2	1900	102	29	69.208641	ρετήσει
5	1	130	1	2	2	118	1900	46	28	91.662750	στή
5	1	130	1	2	3	179	1901	31	21	86.020523	Β.
5	1	130	1	2	4	225	1900	55	21	85.358086	Ζώ-
4	1	130	1	3	0	0	1935	280	28	-1	
5	1	130	1	3	1	0	1944	8	18	30.048119	”
5	1	130	1	3	2	20	1936	123	27	76.676041	θανόντας
5	1	130	1	3	3	153	1935	76	27	93.268372	στούς
5	1	130	1	3	4	238	1943	42	13	86.325119	πο-
2	1	131	0	0	0	0	2001	281	249	-1	
3	1	131	1	0	0	0	2001	281	138	-1	
4	1	131	1	1	0	0	2001	280	36	-1	
5	1	131	1	1	1	0	2017	6	15	18.761215	..
5	1	131	1	1	2	17	2001	115	36	39.134171	Διδ)κῆς
5	1	131	1	1	3	145	2003	135	33	52.147362	Όμοσπον-
4	1	131	1	2	0	0	2039	280	34	-1	
5	1	131	1	2	1	0	2039	56	29	17.704697	Ικοῦ
5	1	131	1	2	2	67	2044	158	29	46.421391	Συμξουλίου
5	1	131	1	2	3	237	2045	43	21	96.552673	τοῦ
4	1	131	1	3	0	0	2080	281	29	-1	
5	1	131	1	3	1	0	2080	79	29	18.804825	ιόδιος
5	1	131	1	3	2	95	2081	40	22	96.874680	ἐπί
5	1	131	1	3	3	145	2083	48	25	93.303596	τῆς
5	1	131	1	3	4	205	2081	76	21	65.486801	συντάἀ
4	1	131	1	4	0	0	2118	63	21	-1	
5	1	131	1	4	1	0	2118	49	21	49.031860	ιά».
3	1	131	2	0	0	0	2152	280	98	-1	
4	1	131	2	1	0	0	2152	280	28	-1	
5	1	131	2	1	1	0	2153	42	21	77.174644	τοῦ
5	1	131	2	1	2	55	2153	93	27	92.827065	ὕστερα
5	1	131	2	1	3	170	2152	47	22	54.842602	ἀπό
5	1	131	2	1	4	242	2152	38	27	90.383591	τίς
4	1	131	2	2	0	0	2187	280	29	-1	
5	1	131	2	2	1	0	2188	21	22	92.802017	Η
5	1	131	2	2	2	33	2189	88	27	96.065094	πρώτη
5	1	131	2	2	3	133	2189	41	21	93.282013	τόν
5	1	131	2	2	4	193	2187	87	22	45.051704	᾽Ιωάν-
4	1	131	2	3	0	0	2223	280	27	-1	
5	1	131	2	3	1	0	2225	49	20	95.631889	τῶν
5	1	131	2	3	2	67	2224	43	20	80.055962	καί
5	1	131	2	3	3	129	2223	15	27	73.531746	ἡ
5	1	131	2	3	4	175	2223	105	27	91.963402	δεύτερη
2	1	132	0	0	0	0	2293	282	384	-1	
3	1	132	1	0	0	0	2293	280	95	-1	
4	1	132	1	1	0	0	2293	280	29	-1	
5	1	132	1	1	1	0	2303	31	13	73.765427	αι
5	1	132	1	1	2	45	2295	123	27	85.542999	ὀλόψυχα,
5	1	132	1	1	3	182	2293	98	22	81.836678	ἀτσαλέ-
4	1	132	1	2	0	0	2330	279	29	-1	
5	1	132	1	2	1	0	2339	74	20	56.016991	νιµης
5	1	132	1	2	2	99	2330	97	28	94.974266	δράσης
5	1	132	1	2	3	227	2338	52	13	10.304199	του.
4	1	132	1	3	0	0	2375	44	13	-1	
5	1	132	1	3	1	0	2375	44	13	96.291679	ου.
3	1	132	2	0	0	0	2400	190	23	-1	
4	1	132	2	1	0	0	2400	190	23	-1	
5	1	132	2	1	1	0	2402	44	21	38.181313	ΠΕ
5	1	132	2	1	2	45	2400	145	22	38.181313	ΛΛΑΝΗΣ
3	1	132	3	0	0	0	2436	282	237	-1	
4	1	132	3	1	0	0	2436	282	27	-1	
5	1	132	3	1	1	0	2437	16	21	81.503922	{
5	1	132	3	1	2	31	2436	28	22	78.112900	σέ
5	1	132	3	1	3	70	2436	94	27	60.719891	ἔκταση
5	1	132	3	1	4	174	2436	108	27	26.384453	μεγάλος
4	1	132	3	2	0	2	2470	279	29	-1	
5	1	132	3	2	1	2	2472	26	21	84.552727	ἐν
5	1	132	3	2	2	40	2472	147	27	91.945320	ὑστεροῦσε,
5	1	132	3	2	3	207	2470	74	28	91.141251	γιατέ,
4	1	132	3	3	0	1	2506	281	28	-1	
5	1	132	3	3	1	1	2507	101	27	91.720497	λλάνας,
5	1	132	3	3	2	115	2506	55	27	95.299049	ἔχει
5	1	132	3	3	3	181	2506	43	21	74.529419	καί
5	1	132	3	3	4	236	2506	46	21	80.817108	σολ.
4	1	132	3	4	0	0	2541	282	29	-1	
5	1	132	3	4	1	0	2550	56	19	87.668350	ενες
5	1	132	3	4	2	72	2541	31	29	87.546066	µέ
5	1	132	3	4	3	117	2541	81	22	82.183060	Ὁδατα
5	1	132	3	4	4	211	2548	71	21	64.145531	φυσι-
4	1	132	3	5	0	0	2576	282	29	-1	
5	1	132	3	5	1	0	2578	52	22	59.668007	Ιλλά
5	1	132	3	5	2	66	2578	43	21	69.503090	καί
5	1	132	3	5	3	122	2578	31	21	93.261238	τά
5	1	132	3	5	4	162	2578	34	27	79.126312	µή
5	1	132	3	5	5	208	2576	74	29	77.673843	ἄρδευ
4	1	132	3	6	0	0	2614	282	29	-1	
5	1	132	3	6	1	0	2614	150	29	38.682648	ιλληλότατὰ
5	1	132	3	6	2	157	2614	49	29	93.302177	γιά
5	1	132	3	6	3	220	2620	62	21	92.898666	σιτο-
4	1	132	3	7	0	0	2634	282	43	-1	
5	1	132	3	7	1	0	2654	74	19	0.000000	γγεια,
5	1	132	3	7	2	108	2634	174	43	36.097878	ἑλαιοφυτεῖες
2	1	133	0	0	0	0	2714	282	29	-1	
3	1	133	1	0	0	0	2714	282	29	-1	
4	1	133	1	1	0	0	2714	282	29	-1	
5	1	133	1	1	1	0	2716	32	27	88.172424	θη
5	1	133	1	1	2	42	2717	47	26	93.288902	τῆς
5	1	133	1	1	3	102	2715	112	27	92.497566	ἱστορίας
5	1	133	1	1	4	227	2714	55	21	57.209019	ἄνα-
2	1	134	0	0	0	153	1229	147	27	-1	
3	1	134	1	0	0	153	1229	147	27	-1	
4	1	134	1	1	0	153	1229	147	27	-1	
5	1	134	1	1	1	153	1229	125	27	90.044403	ἐπιτυχών
5	1	134	1	1	2	297	1244	3	3	52.995804	|.
2	1	135	0	0	0	292	230	360	316	-1	
3	1	135	1	0	0	330	230	284	25	-1	
4	1	135	1	1	0	330	230	284	25	-1	
5	1	135	1	1	1	330	230	106	24	48.775974	ἨΛΙΑΣ
5	1	135	1	1	2	446	232	27	21	78.361794	Β.
5	1	135	1	1	3	483	232	131	23	92.130844	ΝΤΕΡΟΣ
3	1	135	2	0	0	292	304	360	242	-1	
4	1	135	2	1	0	322	304	326	29	-1	
5	1	135	2	1	1	322	304	28	21	89.285118	Σέ
5	1	135	2	1	2	361	304	49	29	93.270027	λίγο
5	1	135	2	1	3	423	304	185	29	35.723442	συμπληρώνουται
5	1	135	2	1	4	619	305	29	21	86.777351	40
4	1	135	2	2	0	293	340	355	28	-1	
5	1	135	2	2	1	293	341	75	27	96.295639	χρόνια
5	1	135	2	2	2	379	340	43	21	94.116135	ἀπό
5	1	135	2	2	3	432	340	37	21	92.660400	τόν
5	1	135	2	2	4	480	341	84	27	95.873878	πρόωρο
5	1	135	2	2	5	576	342	37	20	92.386154	καὶ
5	1	135	2	2	6	627	342	21	20	55.259995	ᾱ-
4	1	135	2	3	0	292	376	356	29	-1	
5	1	135	2	3	1	292	376	48	21	95.549988	δικο
5	1	135	2	3	2	355	376	56	29	76.218887	χαμό
5	1	135	2	3	3	423	376	47	25	90.687073	ἑνός
5	1	135	2	3	4	485	376	129	28	88.997581	ἐξαιρετικοῦ
5	1	135	2	3	5	626	377	22	20	35.104874	τε
4	1	135	2	4	0	294	410	358	30	-1	
5	1	135	2	4	1	294	418	49	15	12.423874	νου
5	1	135	2	4	2	357	414	36	19	93.279053	τοῦ
5	1	135	2	4	3	408	410	146	30	76.168938	Γεωργιτσιοῦ,
5	1	135	2	4	4	566	414	36	19	85.657928	τοῦ
5	1	135	2	4	5	629	411	23	22	85.657928	Ἡ.
4	1	135	2	5	0	295	445	356	32	-1	
5	1	135	2	5	1	295	446	52	22	71.109756	ΔΙΑ.
5	1	135	2	5	2	360	446	26	21	27.035271	Ῥ.
5	1	135	2	5	3	398	445	120	27	59.701839	ΝΤΗΡΟΥ,
5	1	135	2	5	4	533	450	35	18	93.026703	τοῦ
5	1	135	2	5	5	595	446	56	31	67.791496	᾿Αϊν-
4	1	135	2	6	0	295	481	353	29	-1	
5	1	135	2	6	1	295	483	57	22	0.663345	στάῦν
5	1	135	2	6	2	364	485	38	25	96.397720	τῆς
5	1	135	2	6	3	415	481	110	26	92.215096	Ἑλλάδος.
5	1	135	2	6	4	537	481	26	22	93.241966	Ἡ
5	1	135	2	6	5	591	483	57	27	41.927422	φήμη
4	1	135	2	7	0	295	518	353	28	-1	
5	1	135	2	7	1	295	525	35	14	91.803024	του
5	1	135	2	7	2	343	518	27	25	66.491699	ὣς.
5	1	135	2	7	3	385	519	144	27	63.172173	μαθηματικοῦ
5	1	135	2	7	4	539	518	46	27	91.790680	εἶχε
5	1	135	2	7	5	599	519	49	26	92.403778	φθά-
2	1	136	0	0	0	295	552	373	29	-1	
3	1	136	1	0	0	295	552	373	29	-1	
4	1	136	1	1	0	295	552	373	29	-1	
5	1	136	1	1	1	295	561	29	14	92.974472	σει
5	1	136	1	1	2	339	554	62	27	90.668259	µέχρι
5	1	136	1	1	3	418	554	26	27	95.077087	τή
5	1	136	1	1	4	457	552	96	29	39.821945	Γαλλική
5	1	136	1	1	5	567	552	82	29	20.610672	Ἄκαδη
2	1	137	0	0	0	295	589	355	98	-1	
3	1	137	1	0	0	295	589	355	98	-1	
4	1	137	1	1	0	295	589	355	28	-1	
5	1	137	1	1	1	295	590	36	27	71.394798	μία,
5	1	137	1	1	2	347	589	41	21	94.397423	πού
5	1	137	1	1	3	401	589	98	27	29.578018	περίμενε
5	1	137	1	1	4	511	590	73	20	59.341354	θετυκά
5	1	137	1	1	5	599	590	51	20	92.809105	ἄπο-
4	1	137	1	2	0	296	624	354	29	-1	
5	1	137	1	2	1	296	625	114	28	27.245911	τελέσματα
5	1	137	1	2	2	423	624	41	21	78.823227	ἀπὸ
5	1	137	1	2	3	500	624	31	25	83.129112	τίς
5	1	137	1	2	4	566	624	84	28	42.646156	ἔρευγές
4	1	137	1	3	0	296	659	354	28	-1	
5	1	137	1	3	1	296	667	42	19	93.083565	του.
5	1	137	1	3	2	351	659	60	23	82.578178	Ἠΐναι
5	1	137	1	3	3	423	660	64	27	68.003410	χρίµα
5	1	137	1	3	4	499	660	41	21	92.351845	πού
5	1	137	1	3	5	569	660	81	27	91.462952	χάθηκε
2	1	138	0	0	0	296	695	370	28	-1	
3	1	138	1	0	0	296	695	370	28	-1	
4	1	138	1	1	0	296	695	370	28	-1	
5	1	138	1	1	1	296	696	92	27	92.414185	πρόωρα,
5	1	138	1	1	2	399	696	37	21	67.797943	καί
5	1	138	1	1	3	449	695	36	24	53.438499	δέν
5	1	138	1	1	4	497	696	112	27	96.569733	πρέπει
5	1	138	1	1	5	583	691	24	36	95.858162	νά
5	1	138	1	1	6	623	696	26	27	41.946945	η
5	1	138	1	1	7	663	710	3	2	88.147690	-
2	1	139	0	0	0	296	731	354	238	-1	
3	1	139	1	0	0	296	731	354	238	-1	
4	1	139	1	1	0	296	731	354	28	-1	
5	1	139	1	1	1	296	732	96	27	16.300186	σμονηθεῖ
5	1	139	1	1	2	408	731	43	21	94.752754	ἀπό
5	1	139	1	1	3	466	731	47	27	91.980545	τούς
5	1	139	1	1	4	532	731	118	27	91.529594	ἐπιγενόμε-
4	1	139	1	2	0	296	766	354	28	-1	
5	1	139	1	2	1	296	774	46	18	91.364044	νους
5	1	139	1	2	2	355	767	37	21	86.925644	ἕνα
5	1	139	1	2	3	406	767	50	20	95.883308	τόσο
5	1	139	1	2	4	463	766	82	28	78.938797	µεγάλο
5	1	139	1	2	5	557	767	93	26	60.904938	µαθηµα-
4	1	139	1	3	0	297	802	353	27	-1	
5	1	139	1	3	1	297	804	45	19	88.973480	τικὀ
5	1	139	1	3	2	358	802	67	27	82.691574	μυαλό
5	1	139	1	3	3	443	804	37	18	90.666069	τοῦ
5	1	139	1	3	4	493	804	79	25	90.666069	χωριοῦ
5	1	139	1	3	5	603	808	47	21	87.782852	µας.
4	1	139	1	4	0	307	836	342	27	-1	
5	1	139	1	4	1	307	836	112	21	0.000000	Οὐπαλαιοί
5	1	139	1	4	2	427	837	57	26	96.957321	φίλοι
5	1	139	1	4	3	495	843	36	13	93.287781	του
5	1	139	1	4	4	541	837	25	23	57.732880	ἄς
5	1	139	1	4	5	572	837	77	20	93.156898	κάνουν
4	1	139	1	5	0	297	870	353	28	-1	
5	1	139	1	5	1	297	872	46	20	65.334808	κάπι
5	1	139	1	5	2	359	872	39	26	92.003166	στή
5	1	139	1	5	3	410	872	70	26	43.081711	μνήμα,
5	1	139	1	5	4	497	878	43	13	92.569389	του.
5	1	139	1	5	5	557	870	28	21	92.569389	Ἡ
5	1	139	1	5	6	599	872	51	26	52.692104	ἐφη-
4	1	139	1	6	0	297	906	353	27	-1	
5	1	139	1	6	1	297	906	72	27	85.813843	µερίδα
5	1	139	1	6	2	386	913	40	20	91.193428	µας
5	1	139	1	6	3	438	906	28	21	93.286209	θά
5	1	139	1	6	4	481	906	114	27	38.479706	συµθδάλλεν
5	1	139	1	6	5	625	906	25	27	69.456253	μέ
4	1	139	1	7	0	297	941	248	28	-1	
5	1	139	1	7	1	297	941	47	25	90.987488	ὅλες
5	1	139	1	7	2	354	948	37	21	96.157585	της
5	1	139	1	7	3	401	942	32	24	92.704323	τίς
5	1	139	1	7	4	442	941	103	27	15.762833	δυνάμεις.
2	1	140	0	0	0	315	1000	304	2	-1	
3	1	140	1	0	0	315	1000	304	2	-1	
4	1	140	1	1	0	315	1000	304	2	-1	
5	1	140	1	1	1	315	1000	304	2	95.000000	 
2	1	141	0	0	0	317	1028	325	22	-1	
3	1	141	1	0	0	317	1028	325	22	-1	
4	1	141	1	1	0	317	1028	325	22	-1	
5	1	141	1	1	1	317	1028	125	22	94.349121	ΕΘΝΙΚΗ
5	1	141	1	1	2	452	1028	190	21	69.271973	ΑΝΤΙΣΤΑΣΗ
2	1	142	0	0	0	417	1071	120	8	-1	
3	1	142	1	0	0	417	1071	120	8	-1	
4	1	142	1	1	0	417	1071	120	8	-1	
5	1	142	1	1	1	417	1071	120	8	95.000000	 
2	1	143	0	0	0	296	1098	355	388	-1	
3	1	143	1	0	0	296	1098	355	388	-1	
4	1	143	1	1	0	326	1098	325	30	-1	
5	1	143	1	1	1	326	1098	77	23	92.288551	ΣΤΟΝ
5	1	143	1	1	2	426	1098	154	23	91.982880	ΒΟΡΤΑΣΜΟ
5	1	143	1	1	3	613	1102	38	26	0.000000	τῆς
4	1	143	1	2	0	298	1134	352	30	-1	
5	1	143	1	2	1	298	1135	96	29	90.697693	Ἐθνικῆς
5	1	143	1	2	2	428	1134	143	30	76.993240	᾿Αντίστασης,
5	1	143	1	2	3	587	1137	11	20	84.655846	ὁ
5	1	143	1	2	4	611	1135	39	22	11.689896	ΊΝο-
4	1	143	1	3	0	296	1171	355	30	-1	
5	1	143	1	3	1	296	1173	84	28	29.012314	μάρχης
5	1	143	1	3	2	393	1181	22	13	95.438843	κ.
5	1	143	1	3	3	427	1171	91	30	90.883461	Γιάννης
5	1	143	1	3	4	530	1172	121	26	72.221268	Σαθαλάνος
4	1	143	1	4	0	297	1207	353	30	-1	
5	1	143	1	4	1	297	1208	46	22	93.117332	εἶπε
5	1	143	1	4	2	361	1209	77	28	64.228752	μεταξύ
5	1	143	1	4	3	453	1209	81	21	93.288147	ἄλλων:
5	1	143	1	4	4	551	1207	37	23	74.188492	«Ὁ
5	1	143	1	4	5	602	1209	48	21	91.124054	ἕνω-
4	1	143	1	5	0	303	1245	346	27	-1	
5	1	143	1	5	1	303	1245	60	25	17.369720	πικὀός
5	1	143	1	5	2	393	1245	137	27	84.411911	χαρακτήρας
5	1	143	1	5	3	579	1248	38	24	65.382660	τῆς
5	1	143	1	5	4	631	1245	18	20	70.123886	ἐ-
4	1	143	1	6	0	297	1280	352	28	-1	
5	1	143	1	6	1	297	1281	81	20	89.923080	πετείου
5	1	143	1	6	2	394	1280	98	22	91.644470	ἀποτελεῖ
5	1	143	1	6	3	511	1281	94	27	83.276489	ἱστορική
5	1	143	1	6	4	623	1281	26	20	86.635330	δι-
4	1	143	1	7	0	298	1316	351	28	-1	
5	1	143	1	7	1	298	1316	64	28	85.171043	δαχή,
5	1	143	1	7	2	377	1316	101	28	44.941311	ἰδιαίτερα,
5	1	143	1	7	3	491	1316	100	28	17.942207	ἐπίκαιρη
5	1	143	1	7	4	607	1317	42	24	95.812950	στὶς
4	1	143	1	8	0	297	1351	351	28	-1	
5	1	143	1	8	1	297	1352	61	27	41.535179	μέρες
5	1	143	1	8	2	375	1359	47	20	90.717873	µας.
5	1	143	1	8	3	441	1351	31	21	92.947815	Τό
5	1	143	1	8	4	490	1352	120	27	82.977646	ἴσχυρότερο
5	1	143	1	8	5	632	1352	16	20	91.341835	ὅ-
4	1	143	1	9	0	297	1387	352	28	-1	
5	1	143	1	9	1	297	1387	41	21	91.693802	πλο
5	1	143	1	9	2	353	1387	41	21	51.719101	πού
5	1	143	1	9	3	409	1385	106	30	17.290268	μποροῦμςε
5	1	143	1	9	4	528	1388	28	21	92.944046	νά
5	1	143	1	9	5	571	1387	78	21	36.183235	ἁτιτά:
4	1	143	1	10	0	298	1422	351	28	-1	
5	1	143	1	10	1	298	1422	61	28	56.655273	ξουμε
5	1	143	1	10	2	373	1423	47	21	61.650116	στὀν
5	1	143	1	10	3	433	1423	51	21	73.942070	κάθε
5	1	143	1	10	4	500	1423	99	21	51.513134	ἐπιθολέα
5	1	143	1	10	5	624	1423	25	20	72.756775	εἴ-
4	1	143	1	11	0	297	1457	347	29	-1	
5	1	143	1	11	1	297	1465	33	15	73.644730	γαι
5	1	143	1	11	2	347	1459	14	27	77.460938	ἡ
5	1	143	1	11	3	379	1457	85	29	32.345795	θνωή
5	1	143	1	11	4	476	1465	41	21	93.223953	µας
5	1	143	1	11	5	529	1458	115	28	35.703682	ὁμοψυχία»
2	1	144	0	0	0	375	1545	208	22	-1	
3	1	144	1	0	0	375	1545	208	22	-1	
4	1	144	1	1	0	375	1545	208	22	-1	
5	1	144	1	1	1	375	1545	208	22	39.895061	ΜΝΗΜΟΣΥΜΝΟ.
2	1	145	0	0	0	429	1590	96	5	-1	
3	1	145	1	0	0	429	1590	96	5	-1	
4	1	145	1	1	0	429	1590	96	5	-1	
5	1	145	1	1	1	429	1590	96	5	95.000000	 
2	1	146	0	0	0	327	1609	348	36	-1	
3	1	146	1	0	0	327	1609	348	36	-1	
4	1	146	1	1	0	327	1609	348	36	-1	
5	1	146	1	1	1	327	1615	27	23	83.385284	Ἡ
5	1	146	1	1	2	367	1609	124	36	83.367989	οἰκογένεια
5	1	146	1	1	3	504	1616	89	28	84.883255	ΝΙΚΟΥ
5	1	146	1	1	4	626	1616	24	22	68.647766	ϐ.
5	1	146	1	1	5	673	1632	2	2	63.445854	.
2	1	147	0	0	0	297	1651	356	133	-1	
3	1	147	1	0	0	297	1651	356	133	-1	
4	1	147	1	1	0	297	1651	355	29	-1	
5	1	147	1	1	1	297	1651	175	23	63.135368	ΜΑΝΕΣΙΩΤΗ
5	1	147	1	1	2	485	1653	102	27	91.796898	εὐεργέτη
5	1	147	1	1	3	616	1655	36	18	96.231483	τοῦ
4	1	147	1	2	0	297	1688	355	28	-1	
5	1	147	1	2	1	297	1691	79	25	56.720596	χῶριοῦ
5	1	147	1	2	2	389	1695	41	21	96.286415	µας
5	1	147	1	2	3	443	1689	27	27	49.077774	μέ
5	1	147	1	2	4	481	1688	132	28	51.223370	ἔπικεφαλῆς
5	1	147	1	2	5	630	1689	22	19	95.002960	τό
4	1	147	1	3	0	297	1722	355	28	-1	
5	1	147	1	3	1	297	1724	34	26	85.416748	γιό
5	1	147	1	3	2	347	1730	35	13	96.417397	του
5	1	147	1	3	3	397	1722	134	28	49.800091	Θεμιστοκλή
5	1	147	1	3	4	539	1722	29	21	90.682854	Ν.
5	1	147	1	3	5	583	1723	69	21	82.061523	Μανε-
4	1	147	1	4	0	297	1757	356	27	-1	
5	1	147	1	4	1	297	1757	64	27	92.346619	σιώτη
5	1	147	1	4	2	374	1757	72	20	94.013084	τέλεσε
5	1	147	1	4	3	458	1757	25	19	93.292244	τὸ
5	1	147	1	4	4	497	1757	71	26	92.871674	ἐτήσιο
5	1	147	1	4	5	576	1757	77	27	67.477829	μνημό-
2	1	148	0	0	0	486	1965	19	1	-1	
3	1	148	1	0	0	486	1965	19	1	-1	
4	1	148	1	1	0	486	1965	19	1	-1	
5	1	148	1	1	1	486	1965	19	1	95.000000	 
2	1	149	0	0	0	493	1947	1	34	-1	
3	1	149	1	0	0	493	1947	1	34	-1	
4	1	149	1	1	0	493	1947	1	34	-1	
5	1	149	1	1	1	493	1947	1	34	95.000000	 
2	1	150	0	0	0	499	1961	1	21	-1	
3	1	150	1	0	0	499	1961	1	21	-1	
4	1	150	1	1	0	499	1961	1	21	-1	
5	1	150	1	1	1	499	1961	1	21	95.000000	 
2	1	151	0	0	0	486	1979	19	1	-1	
3	1	151	1	0	0	486	1979	19	1	-1	
4	1	151	1	1	0	486	1979	19	1	-1	
5	1	151	1	1	1	486	1979	19	1	95.000000	 
2	1	152	0	0	0	465	1978	1	19	-1	
3	1	152	1	0	0	465	1978	1	19	-1	
4	1	152	1	1	0	465	1978	1	19	-1	
5	1	152	1	1	1	465	1978	1	19	95.000000	 
2	1	153	0	0	0	587	2099	1	26	-1	
3	1	153	1	0	0	587	2099	1	26	-1	
4	1	153	1	1	0	587	2099	1	26	-1	
5	1	153	1	1	1	587	2099	1	26	95.000000	 
2	1	154	0	0	0	330	1804	297	420	-1	
3	1	154	1	0	0	330	1804	297	420	-1	
4	1	154	1	1	0	330	1804	297	420	-1	
5	1	154	1	1	1	330	1804	297	420	95.000000	 
2	1	155	0	0	0	299	2237	356	99	-1	
3	1	155	1	0	0	299	2237	356	99	-1	
4	1	155	1	1	0	300	2237	342	27	-1	
5	1	155	1	1	1	300	2243	47	15	90.585396	συνο
5	1	155	1	1	2	364	2241	35	17	96.844162	τοῦ
5	1	155	1	1	3	413	2237	99	25	94.953896	θανόντος
5	1	155	1	1	4	527	2238	81	26	95.681313	πατέρα
5	1	155	1	1	5	621	2245	21	13	71.936996	τε
4	1	155	1	2	0	299	2273	356	27	-1	
5	1	155	1	2	1	299	2273	37	21	22.453476	χαὶ
5	1	155	1	2	2	353	2273	34	27	93.273750	ὄχι
5	1	155	1	2	3	402	2274	14	26	86.863876	ἡ
5	1	155	1	2	4	429	2273	103	27	48.323502	Κουνότης
5	1	155	1	2	5	548	2273	57	24	93.273003	ὅπως
5	1	155	1	2	6	619	2280	36	13	48.517464	κα-
4	1	155	1	3	0	302	2309	223	27	-1	
5	1	155	1	3	1	302	2309	25	20	92.742928	τά
5	1	155	1	3	2	336	2309	63	24	92.758026	λάθος
5	1	155	1	3	3	407	2309	118	27	91.451607	ἀνεγράφη.
2	1	156	0	0	0	305	2359	350	12	-1	
3	1	156	1	0	0	305	2359	350	12	-1	
4	1	156	1	1	0	305	2359	350	12	-1	
5	1	156	1	1	1	305	2359	350	12	95.000000	 
2	1	157	0	0	0	300	2396	357	308	-1	
3	1	157	1	0	0	301	2396	356	308	-1	
4	1	157	1	1	0	329	2396	328	28	-1	
5	1	157	1	1	1	329	2396	169	22	62.215179	ΠΩΛΟΥΝΤΑΙ
5	1	157	1	1	2	513	2398	23	19	94.664467	σέ
5	1	157	1	1	3	553	2397	49	27	53.434200	τιµή
5	1	157	1	1	4	626	2398	31	19	48.546600	εὖ-
4	1	157	1	2	0	301	2431	355	29	-1	
5	1	157	1	2	1	301	2433	83	27	20.968536	Χαιρίας
5	1	157	1	2	2	399	2433	12	20	91.782776	9
5	1	157	1	2	3	425	2432	106	28	41.954861	κτήματα:
5	1	157	1	2	4	565	2431	21	28	89.496597	1)
5	1	157	1	2	5	617	2432	39	21	0.000000	Στό
4	1	157	1	3	0	301	2466	355	29	-1	
5	1	157	1	3	1	301	2468	63	27	89.047821	δρόµο
5	1	157	1	3	2	379	2467	141	28	0.000000	ἸΝοσοκαμείου
5	1	157	1	3	3	545	2485	3	4	67.167633	.
5	1	157	1	3	4	554	2466	102	29	2.804489	Σπάρτης
4	1	157	1	4	0	301	2502	355	28	-1	
5	1	157	1	4	1	301	2504	64	20	63.172997	Χοντά
5	1	157	1	4	2	379	2504	37	19	78.952728	στὀ
5	1	157	1	4	3	429	2504	56	19	81.418869	σπίτι
5	1	157	1	4	4	501	2502	96	28	69.247734	Χρήστου
5	1	157	1	4	5	609	2502	47	21	49.194542	Ἱκώ-
4	1	157	1	5	0	301	2538	355	28	-1	
5	1	157	1	5	1	301	2545	58	15	67.935699	τσυνα
5	1	157	1	5	2	378	2538	12	21	29.536072	ὃ
5	1	157	1	5	3	408	2539	70	27	52.866302	στρέμ.
5	1	157	1	5	4	495	2538	27	28	62.653290	μέ
5	1	157	1	5	5	537	2538	28	21	53.038879	2ἳ
5	1	157	1	5	6	582	2538	74	28	39.442894	Ύροθά-
4	1	157	1	6	0	300	2572	352	31	-1	
5	1	157	1	6	1	300	2582	36	21	20.254120	ρ-α
5	1	157	1	6	2	352	2575	36	21	47.185753	χαί
5	1	157	1	6	3	403	2574	14	21	95.105499	9
5	1	157	1	6	4	431	2574	93	28	85.107056	µεγάλες
5	1	157	1	6	5	537	2574	60	25	84.560722	ἐλιές
5	1	157	1	6	6	629	2572	23	27	96.526810	9)
4	1	157	1	7	0	301	2608	356	29	-1	
5	1	157	1	7	1	301	2610	46	33	63.353539	Στή
5	1	157	1	7	2	354	2611	85	30	69.313141	στροφή
5	1	157	1	7	3	451	2612	36	18	94.344269	τοῦ
5	1	157	1	7	4	500	2608	53	29	22.260406	κος)
5	1	157	1	7	5	559	2610	60	27	80.512253	µείου
5	1	157	1	7	6	631	2610	26	27	59.675583	μέ
4	1	157	1	8	0	301	2643	356	28	-1	
5	1	157	1	8	1	301	2644	28	20	93.047630	99
5	1	157	1	8	2	342	2638	60	33	17.199326	ρᾶες
5	1	157	1	8	3	425	2641	62	26	66.264320	ἐλιέ.
5	1	157	1	8	4	513	2643	144	27	54.935131	ληραφορὶες
4	1	157	1	9	0	301	2677	339	27	-1	
5	1	157	1	9	1	301	2678	39	20	95.228683	στά
5	1	157	1	9	2	353	2678	47	26	95.228683	τηλ.
5	1	157	1	9	3	417	2678	73	19	78.306122	34489
5	1	157	1	9	4	506	2678	37	19	61.204903	καὶ
5	1	157	1	9	5	562	2677	78	20	73.538101	24519.
2	1	158	0	0	0	819	161	2329	389	-1	
3	1	158	1	0	0	819	161	2329	389	-1	
4	1	158	1	1	0	828	161	1247	42	-1	
5	1	158	1	1	1	828	161	1247	42	95.000000	  
4	1	158	1	2	0	819	499	2329	51	-1	
5	1	158	1	2	1	819	499	583	51	95.000000	  
5	1	158	1	2	2	2462	499	686	14	95.000000	 
2	1	159	0	0	0	1007	522	341	49	-1	
3	1	159	1	0	0	1007	522	340	49	-1	
4	1	159	1	1	0	1032	522	315	19	-1	
5	1	159	1	1	1	1032	522	95	19	5.263603	:ΜΕΑΡΟΙ
5	1	159	1	1	2	1162	522	203	23	5.263603	 ΓΕΩΡΓΙΤΣΙΑΝΟΙ
4	1	159	1	2	0	1007	551	341	20	-1	
5	1	159	1	2	1	1007	565	2	2	0.000000	Ξ
5	1	159	1	2	2	1031	551	130	20	30.748314	ΑΓΑΠΗΣΤΕ
5	1	159	1	2	3	1191	551	157	20	63.620728	ΟΛΟΨΥΧΑ....
2	1	160	0	0	0	958	659	317	2	-1	
3	1	160	1	0	0	958	659	317	2	-1	
4	1	160	1	1	0	958	659	317	2	-1	
5	1	160	1	1	1	958	659	317	2	95.000000	 
2	1	161	0	0	0	951	684	620	82	-1	
3	1	161	1	0	0	951	684	620	82	-1	
4	1	161	1	1	0	951	684	620	82	-1	
5	1	161	1	1	1	951	717	259	41	0.000000	᾽Απάντποπ
5	1	161	1	1	2	1247	684	146	82	0.000000	Ά]σπς
5	1	161	1	1	3	1414	720	157	40	92.519844	δασῶν
2	1	162	0	0	0	883	803	736	99	-1	
3	1	162	1	0	0	883	803	749	99	-1	
4	1	162	1	1	0	941	803	678	30	-1	
5	1	162	1	1	1	941	803	7	10	52.761223	᾽
5	1	162	1	1	2	951	803	172	29	96.506462	Απαντώντας
5	1	162	1	1	3	1137	804	29	22	92.190063	σέ
5	1	162	1	1	4	1177	806	130	27	39.741779	σηµείωμά
5	1	162	1	1	5	1320	813	47	20	96.474281	σας
5	1	162	1	1	6	1381	806	48	21	93.222366	πού
5	1	162	1	1	7	1444	806	31	27	86.903336	µέ
5	1	162	1	1	8	1488	806	66	22	91.868126	τίτλο
5	1	162	1	1	9	1570	807	49	21	47.111336	«Η
5	1	162	1	1	10	1630	808	2	17	94.146629	|
4	1	162	1	2	0	894	836	524	47	-1	
5	1	162	1	2	1	894	836	128	47	0.000000	απυροιαϊά
5	1	162	1	2	2	1035	842	45	19	96.533852	τοῦ
5	1	162	1	2	3	1101	840	100	28	60.628468	10977»
5	1	162	1	2	4	1215	841	203	27	63.316998	καταχωρήθηκε
4	1	162	1	3	0	883	874	609	28	-1	
5	1	162	1	3	1	883	884	2	3	39.634140	ο
5	1	162	1	3	2	911	875	47	25	76.704765	τῆς
5	1	162	1	3	3	974	874	187	27	73.745087	᾿Εφημερίδας
5	1	162	1	3	4	1165	880	47	21	55.293480	σὰξ
5	1	162	1	3	5	1228	874	65	27	31.206261	ἃριθ.
5	1	162	1	3	6	1317	875	12	21	22.881355	ἃ
5	1	162	1	3	7	1336	876	61	26	20.469131	775
5	1	162	1	3	8	1412	875	80	22	16.731094	"Όνιε.
2	1	163	0	0	0	1458	842	174	60	-1	
3	1	163	1	0	0	1458	842	174	55	-1	
4	1	163	1	1	0	1458	842	174	21	-1	
5	1	163	1	1	1	1458	842	43	21	71.472794	στό
5	1	163	1	1	2	1537	842	95	21	64.991638	Φύλλοι
4	1	163	1	2	0	1522	876	103	26	-1	
5	1	163	1	2	1	1522	876	103	26	21.831665	1959,
2	1	164	0	0	0	911	909	338	27	-1	
3	1	164	1	0	0	911	909	338	27	-1	
4	1	164	1	1	0	911	909	338	27	-1	
5	1	164	1	1	1	911	908	110	27	39.388927	κάνουμε
5	1	164	1	1	2	1031	909	100	26	48.687309	γνωστά
5	1	164	1	1	3	1141	909	30	21	93.278282	τά
5	1	164	1	1	4	1180	909	69	27	85.787201	ἑξῆς:
2	1	165	0	0	0	910	960	709	174	-1	
3	1	165	1	0	0	910	960	709	174	-1	
4	1	165	1	1	0	941	960	678	30	-1	
5	1	165	1	1	1	941	960	35	22	78.984398	Τό
5	1	165	1	1	2	993	961	107	22	86.171532	ἔνταῦθα
5	1	165	1	1	3	1119	962	143	27	92.951744	Δασαρχεῖο
5	1	165	1	1	4	1278	962	54	28	91.247597	ἔχει
5	1	165	1	1	5	1366	962	134	28	84.625824	ἐγκριμένη
5	1	165	1	1	6	1529	962	90	28	86.603981	µελέτη
4	1	165	1	2	0	910	996	708	29	-1	
5	1	165	1	2	1	910	998	47	25	93.294991	τῆς
5	1	165	1	2	2	967	996	159	28	90.414261	εἰδικότητάς
5	1	165	1	2	3	1137	1005	44	14	96.542618	του
5	1	165	1	2	4	1193	998	41	27	96.202660	γιά
5	1	165	1	2	5	1244	997	28	22	96.202660	τό
5	1	165	1	2	6	1284	997	77	28	93.244644	δάσος
5	1	165	1	2	7	1375	998	6	9	79.753494	᾿
5	1	165	1	2	8	1384	998	155	22	83.158829	Ανατολικοῦ
5	1	165	1	2	9	1555	998	63	21	0.000000	Ταὖ-
4	1	165	1	3	0	911	1031	706	30	-1	
5	1	165	1	3	1	911	1031	83	28	90.235825	γέτου.
5	1	165	1	3	2	1011	1032	43	21	92.351906	Μέ
5	1	165	1	3	3	1072	1032	30	27	96.502220	τή
5	1	165	1	3	4	1120	1032	90	28	85.273308	µελέτη
5	1	165	1	3	5	1244	1032	74	29	85.273308	αὐτή,
5	1	165	1	3	6	1348	1033	169	28	59.134933	προθλέπεται
5	1	165	1	3	7	1545	1042	72	13	91.233047	κατα-
4	1	165	1	4	0	911	1067	708	29	-1	
5	1	165	1	4	1	911	1067	79	28	42.206276	σχευή
5	1	165	1	4	2	1000	1067	188	28	81.488510	δασοτεχνωιῶν
5	1	165	1	4	3	1198	1068	92	28	91.030373	ἔργων,
5	1	165	1	4	4	1303	1069	94	27	81.558624	μεταξύ
5	1	165	1	4	5	1406	1070	51	20	93.300064	τῶν
5	1	165	1	4	6	1470	1069	93	21	91.745216	ὁποίων
5	1	165	1	4	7	1577	1070	42	21	95.653473	καί
4	1	165	1	5	0	911	1102	452	32	-1	
5	1	165	1	5	1	911	1102	112	32	93.299210	διάνοιξη
5	1	165	1	5	2	1033	1104	223	26	91.740814	προστατευτικῶν
5	1	165	1	5	3	1266	1104	97	25	85.703247	ξωνῶν.
2	1	166	0	0	0	910	1154	709	202	-1	
3	1	166	1	0	0	910	1154	709	136	-1	
4	1	166	1	1	0	941	1154	676	30	-1	
5	1	166	1	1	1	941	1154	35	23	51.340042	Ἡ
5	1	166	1	1	2	989	1155	90	28	75.542725	µελέτὴ
5	1	166	1	1	3	1094	1155	73	28	92.166649	αὐτή,
5	1	166	1	1	4	1184	1155	64	23	96.954185	εἶναι
5	1	166	1	1	5	1260	1156	132	28	96.073486	διάρκειας
5	1	166	1	1	6	1402	1156	63	22	90.506462	δέκα
5	1	166	1	1	7	1478	1156	73	22	90.506462	ἐτῶν.
5	1	166	1	1	8	1565	1156	52	28	90.227554	Στή
4	1	166	1	2	0	910	1187	709	51	-1	
5	1	166	1	2	1	910	1191	116	27	94.645119	διάρκεια
5	1	166	1	2	2	1039	1193	49	25	92.758263	τῆς
5	1	166	1	2	3	1097	1191	136	28	82.640915	δεκαετὶας
5	1	166	1	2	4	1248	1191	90	28	95.753632	αὐτῆς,
5	1	166	1	2	5	1356	1191	31	22	96.727531	θὰ
5	1	166	1	2	6	1402	1187	103	51	57.182632	ἐπέμθει
5	1	166	1	2	7	1521	1192	16	28	0.000000	ἡ
5	1	166	1	2	8	1554	1192	65	22	88.596085	Δασι
4	1	166	1	3	0	911	1226	708	29	-1	
5	1	166	1	3	1	911	1226	32	28	87.421669	κὴ
5	1	166	1	3	2	958	1226	141	28	33.299789	'Ὑπηρεσὶία
5	1	166	1	3	3	1110	1227	46	23	94.565170	καὶ
5	1	166	1	3	4	1168	1227	33	21	93.303787	θὰ
5	1	166	1	3	5	1215	1227	186	31	90.452026	κατασκευὰσει
5	1	166	1	3	6	1418	1227	30	21	93.289352	τὰ
5	1	166	1	3	7	1463	1227	26	22	91.322052	ἓν
5	1	166	1	3	8	1506	1227	66	28	77.911736	λόγω
5	1	166	1	3	9	1588	1227	31	22	93.587128	δα
4	1	166	1	4	0	911	1262	222	29	-1	
5	1	166	1	4	1	911	1262	134	27	58.856472	σοτεχνικὰ
5	1	166	1	4	2	1053	1262	80	29	93.387009	ἔργα.
3	1	166	2	0	0	1039	1297	426	59	-1	
4	1	166	2	1	0	1167	1297	199	28	-1	
5	1	166	2	1	1	1167	1297	31	23	44.428406	ο
5	1	166	2	1	2	1210	1297	156	28	15.198753	Διευθυντής
4	1	166	2	2	0	1039	1332	426	24	-1	
5	1	166	2	2	1	1039	1347	2	4	0.000000	:
5	1	166	2	2	2	1067	1332	215	24	85.042877	ΔΗΜΗΤΡΙΟΣ
5	1	166	2	2	3	1310	1333	155	23	67.285416	ΑΛΕΞΙΟΥ
2	1	167	0	0	0	927	1395	669	2	-1	
3	1	167	1	0	0	927	1395	669	2	-1	
4	1	167	1	1	0	927	1395	669	2	-1	
5	1	167	1	1	1	927	1395	669	2	95.000000	 
2	1	168	0	0	0	1093	1395	503	2	-1	
3	1	168	1	0	0	1093	1395	503	2	-1	
4	1	168	1	1	0	1093	1395	503	2	-1	
5	1	168	1	1	1	1093	1395	503	2	95.000000	 
2	1	169	0	0	0	1005	1423	508	55	-1	
3	1	169	1	0	0	1005	1423	508	55	-1	
4	1	169	1	1	0	1005	1423	508	55	-1	
5	1	169	1	1	1	1005	1423	150	50	92.752594	Εὐχές
5	1	169	1	1	2	1176	1425	85	41	96.947906	τοῦ
5	1	169	1	1	3	1282	1425	231	53	66.352379	Νομάρχη
2	1	170	0	0	0	896	1513	723	245	-1	
3	1	170	1	0	0	907	1513	711	137	-1	
4	1	170	1	1	0	937	1513	681	31	-1	
5	1	170	1	1	1	937	1513	49	22	96.902367	Γιά
5	1	170	1	1	2	997	1514	41	27	96.225319	τίς
5	1	170	1	1	3	1047	1513	110	31	96.591972	γιορτές
5	1	170	1	1	4	1166	1514	51	22	96.300529	τῶν
5	1	170	1	1	5	1230	1514	214	30	96.561188	Χριστουγέννων
5	1	170	1	1	6	1457	1515	100	21	89.975456	στέλνω
5	1	170	1	1	7	1571	1515	47	29	75.115448	θερ
4	1	170	1	2	0	909	1549	708	31	-1	
5	1	170	1	2	1	909	1549	49	30	77.426025	µές
5	1	170	1	2	2	973	1549	77	31	91.686661	εὐχές
5	1	170	1	2	3	1063	1551	49	26	90.561157	γιά
5	1	170	1	2	4	1129	1549	95	28	74.849060	Ὑγεία.
5	1	170	1	2	5	1244	1550	116	30	89.796570	Εὐτυχία
5	1	170	1	2	6	1375	1550	46	22	96.188004	καί
5	1	170	1	2	7	1437	1550	77	29	86.222794	Χαρά
5	1	170	1	2	8	1531	1551	32	21	89.852219	σέ
5	1	170	1	2	9	1592	1550	25	22	89.852219	ὅ-
4	1	170	1	3	0	907	1584	710	32	-1	
5	1	170	1	3	1	907	1584	67	28	92.934784	λους
5	1	170	1	3	2	984	1585	64	27	96.594925	τούς
5	1	170	1	3	3	1062	1585	143	27	96.594925	κατοίκους
5	1	170	1	3	4	1214	1585	49	21	93.276390	τοῦ
5	1	170	1	3	5	1279	1585	89	29	49.140377	Νομοῦ
5	1	170	1	3	6	1384	1591	52	25	96.427956	µας
5	1	170	1	3	7	1451	1585	46	22	96.737038	καί
5	1	170	1	3	8	1510	1585	63	27	92.580826	τούς
5	1	170	1	3	9	1589	1586	28	21	15.473038	ἆ-
4	1	170	1	4	0	908	1618	449	32	-1	
5	1	170	1	4	1	908	1620	138	30	85.011307	πανταχοῦ
5	1	170	1	4	2	1061	1620	131	28	92.035568	Λάκωνες.
5	1	170	1	4	3	1355	1618	2	2	0.000000	Ι
3	1	170	2	0	0	908	1656	711	100	-1	
4	1	170	2	1	0	940	1656	679	30	-1	
5	1	170	2	1	1	940	1656	120	30	91.741669	Εὔχομαι
5	1	170	2	1	2	1072	1656	15	22	91.528488	ὁ
5	1	170	2	1	3	1104	1656	178	30	90.117737	Καινούργιος
5	1	170	2	1	4	1299	1656	100	30	90.257324	Χρόνος
5	1	170	2	1	5	1415	1657	34	21	93.158928	νά
5	1	170	2	1	6	1464	1656	155	30	92.679070	ἀποδειχθεῖ
4	1	170	2	2	0	908	1691	710	31	-1	
5	1	170	2	2	1	908	1691	99	30	93.298508	χρόνος
5	1	170	2	2	2	1022	1691	113	30	91.374214	εἰρήνης,
5	1	170	2	2	3	1153	1691	118	30	96.397957	προόδου
5	1	170	2	2	4	1284	1692	46	22	93.294067	καί
5	1	170	2	2	5	1345	1692	170	30	91.472153	προσωπικῆς
5	1	170	2	2	6	1527	1693	91	29	54.114868	εὐημε-
4	1	170	2	3	0	896	1733	102	25	-1	
5	1	170	2	3	1	896	1727	102	39	40.780064	ερίας.
2	1	171	0	0	0	915	1752	665	16	-1	
3	1	171	1	0	0	915	1752	665	16	-1	
4	1	171	1	1	0	915	1752	665	16	-1	
5	1	171	1	1	1	915	1752	46	10	0.000000	ἅνν
5	1	171	1	1	2	1032	1753	30	10	41.815338	ο
5	1	171	1	1	3	1107	1752	51	13	24.535248	ο
5	1	171	1	1	4	1197	1754	61	13	0.000000	ο
5	1	171	1	1	5	1310	1753	137	15	0.000000	 ω
5	1	171	1	1	6	1453	1752	127	16	0.000000	 --.
2	1	172	0	0	0	927	1752	655	128	-1	
3	1	172	1	0	0	927	1752	655	128	-1	
4	1	172	1	1	0	927	1752	655	128	-1	
5	1	172	1	1	1	927	1785	3	2	0.000000	Σ
5	1	172	1	1	2	1013	1752	114	128	0.000000	εμι
5	1	172	1	1	3	1150	1811	203	63	7.838280	Κπιν)χΝ
5	1	172	1	1	4	1374	1812	40	58	49.391613	Β.
5	1	172	1	1	5	1436	1812	146	68	29.751732	Λήμν
2	1	173	0	0	0	907	1916	710	137	-1	
3	1	173	1	0	0	907	1916	710	136	-1	
4	1	173	1	1	0	937	1916	680	32	-1	
5	1	173	1	1	1	937	1916	29	23	37.492294	ὍὉ
5	1	173	1	1	2	981	1916	165	30	85.706131	δραστήριος
5	1	173	1	1	3	1156	1917	147	29	0.000000	Βομάρχης
5	1	173	1	1	4	1317	1917	139	28	85.393951	Λακωνίας
5	1	173	1	1	5	1474	1924	23	16	96.251884	κ.
5	1	173	1	1	6	1508	1918	109	30	96.375793	Γιάννης
4	1	173	1	2	0	909	1951	708	32	-1	
5	1	173	1	2	1	909	1951	169	28	89.455910	Σαθαλάνος,
5	1	173	1	2	2	1095	1952	170	30	93.667786	προήδρευσε
5	1	173	1	2	3	1280	1953	33	21	96.916832	σέ
5	1	173	1	2	4	1340	1953	189	30	37.311028	συγκέντρωση
5	1	173	1	2	5	1565	1953	52	22	94.461044	τῶν
4	1	173	1	3	0	907	1987	709	31	-1	
5	1	173	1	3	1	907	1987	140	30	96.575211	προέδρων
5	1	173	1	3	2	1065	1988	163	29	96.012878	Κοινοτήτων
5	1	173	1	3	3	1244	1987	52	23	96.588074	τῶν
5	1	173	1	3	4	1309	1988	117	30	96.409340	Βορείων
5	1	173	1	3	5	1442	1989	93	29	96.383179	Δήμων
5	1	173	1	3	6	1570	1989	46	21	89.263771	στό
4	1	173	1	4	0	911	2023	291	30	-1	
5	1	173	1	4	1	911	2023	117	30	91.727684	Καστόρι
5	1	173	1	4	2	1036	2023	57	28	96.361015	στίς
5	1	173	1	4	3	1101	2023	101	22	0.000000	29-93-83.
2	1	174	0	0	0	911	1778	698	7	-1	
3	1	174	1	0	0	911	1778	698	7	-1	
4	1	174	1	1	0	911	1778	698	7	-1	
5	1	174	1	1	1	911	1778	698	7	95.000000	 
2	1	175	0	0	0	1133	1893	264	7	-1	
3	1	175	1	0	0	1133	1893	264	7	-1	
4	1	175	1	1	0	1133	1893	264	7	-1	
5	1	175	1	1	1	1133	1893	264	7	95.000000	 
2	1	176	0	0	0	937	2045	677	75	-1	
3	1	176	1	0	0	937	2045	677	75	-1	
4	1	176	1	1	0	937	2045	677	75	-1	
5	1	176	1	1	1	937	2072	176	48	46.054749	Αντικείμενο
5	1	176	1	1	2	1124	2072	51	38	96.945175	τῆς
5	1	176	1	1	3	1186	2054	210	57	95.069878	συγκέντρωσης
5	1	176	1	1	4	1412	2045	67	66	56.328014	ἦταν
5	1	176	1	1	5	1495	2078	15	29	89.521370	ἡ
5	1	176	1	1	6	1526	2077	88	27	90.731285	ἐξέτα-
2	1	177	0	0	0	908	2111	724	34	-1	
3	1	177	1	0	0	908	2111	724	34	-1	
4	1	177	1	1	0	908	2111	724	34	-1	
5	1	177	1	1	1	908	2117	32	24	97.012840	ση
5	1	177	1	1	2	949	2111	53	22	93.300682	τῶν
5	1	177	1	1	3	1012	2111	197	31	83.067917	προθληµάτων
5	1	177	1	1	4	1221	2112	133	30	92.503769	ὕδρευσης
5	1	177	1	1	5	1363	2112	46	23	93.301331	καί
5	1	177	1	1	6	1418	2113	137	29	91.921989	ἄρδευσης
5	1	177	1	1	7	1566	2113	50	22	95.915405	τῶν
5	1	177	1	1	8	1630	2142	2	3	95.915405	|
2	1	178	0	0	0	909	2147	707	31	-1	
3	1	178	1	0	0	909	2147	707	31	-1	
4	1	178	1	1	0	909	2147	707	31	-1	
5	1	178	1	1	1	909	2147	169	29	96.191895	Κοινοτήτων,
5	1	178	1	1	2	1096	2148	218	27	95.507004	συγκοινωνιακά
5	1	178	1	1	3	1331	2148	111	30	91.739128	θέµατα,
5	1	178	1	1	4	1458	2148	158	30	89.721802	ἀντιμετώπι
2	1	179	0	0	0	908	2182	717	32	-1	
3	1	179	1	0	0	908	2182	717	32	-1	
4	1	179	1	1	0	908	2182	717	32	-1	
5	1	179	1	1	1	908	2188	33	24	96.279526	ση
5	1	179	1	1	2	954	2182	47	30	96.107498	τῆς
5	1	179	1	1	3	1013	2183	136	30	96.217842	ρύπανσης
5	1	179	1	1	4	1157	2183	54	23	86.764549	ἀπό
5	1	179	1	1	5	1220	2183	35	23	91.870872	τόι
5	1	179	1	1	6	1268	2183	149	22	96.684250	σκουπίδια,
5	1	179	1	1	7	1429	2183	75	23	93.251305	ἄλλα
5	1	179	1	1	8	1512	2185	113	29	0.000000	προθλή!
2	1	180	0	0	0	909	2218	709	32	-1	
3	1	180	1	0	0	909	2218	709	32	-1	
4	1	180	1	1	0	909	2218	709	32	-1	
5	1	180	1	1	1	909	2223	73	25	80.554474	µατα
5	1	180	1	1	2	991	2218	51	22	93.304153	πού
5	1	180	1	1	3	1054	2218	173	30	92.922935	ἀπασχολοῦν
5	1	180	1	1	4	1239	2219	64	27	96.711716	τούς
5	1	180	1	1	5	1313	2219	143	27	95.792389	κατοίκους
5	1	180	1	1	6	1468	2219	47	22	93.299866	καί
5	1	180	1	1	7	1528	2219	90	31	31.225647	ἕνημέ-
2	1	181	0	0	0	885	2251	730	38	-1	
3	1	181	1	0	0	885	2251	730	38	-1	
4	1	181	1	1	0	885	2251	730	38	-1	
5	1	181	1	1	1	885	2251	2	3	0.000000	"
5	1	181	1	1	2	909	2259	73	26	12.727577	ρώση
5	1	181	1	1	3	995	2254	74	24	84.504723	πάνώ
5	1	181	1	1	4	1082	2255	65	31	85.587540	στήν
5	1	181	1	1	5	1160	2254	97	32	96.438393	πορεία
5	1	181	1	1	6	1272	2254	52	24	93.293137	τῶν
5	1	181	1	1	7	1342	2255	196	34	90.163429	ἐκτελουμένων
5	1	181	1	1	8	1575	2256	40	30	74.989624	ἔρ-
2	1	182	0	0	0	906	2291	709	454	-1	
3	1	182	1	0	0	909	2291	258	35	-1	
4	1	182	1	1	0	909	2291	258	35	-1	
5	1	182	1	1	1	909	2297	56	23	82.436539	γων
5	1	182	1	1	2	974	2286	60	44	93.298676	στήν
5	1	182	1	1	3	1048	2286	119	44	50.953217	περιοχῆ.
3	1	182	2	0	0	907	2346	708	279	-1	
4	1	182	2	1	0	933	2346	682	31	-1	
5	1	182	2	1	1	933	2346	92	30	68.513367	Πῆραν
5	1	182	2	1	2	1041	2347	81	30	91.344582	µέρος
5	1	182	2	1	3	1134	2346	26	23	89.253639	οἱ
5	1	182	2	1	4	1174	2347	129	30	95.871796	πρόεδροι
5	1	182	2	1	5	1320	2347	52	22	96.120628	τῶν
5	1	182	2	1	6	1388	2348	162	29	89.280640	Κοινοτήτων
5	1	182	2	1	7	1564	2348	51	22	96.959641	τῶν
4	1	182	2	2	0	908	2382	707	31	-1	
5	1	182	2	2	1	908	2387	20	16	87.612915	τ.
5	1	182	2	2	2	939	2382	97	30	76.266769	Δὴμων
5	1	182	2	2	3	1044	2382	139	30	92.127869	Πελλάνης
5	1	182	2	2	4	1198	2383	45	22	93.290367	καί
5	1	182	2	2	5	1255	2383	176	30	91.871361	Καστορείου,
5	1	182	2	2	6	1446	2383	46	22	93.304756	καί
5	1	182	2	2	7	1506	2383	109	30	92.664955	ἁρμόδι-
4	1	182	2	3	0	908	2418	707	31	-1	
5	1	182	2	3	1	908	2424	25	15	90.002487	οι
5	1	182	2	3	2	951	2418	185	29	90.002487	Ὑπηρεσιακοί
5	1	182	2	3	3	1151	2418	181	30	60.898849	Παράγοντες.
5	1	182	2	3	4	1346	2419	195	30	90.455605	Παραθρέθηκε
5	1	182	2	3	5	1564	2419	51	22	87.868378	ἐπί-
4	1	182	2	4	0	908	2454	707	30	-1	
5	1	182	2	4	1	908	2459	49	24	93.227234	σης
5	1	182	2	4	2	969	2454	17	21	90.560623	ὁ
5	1	182	2	4	3	999	2454	151	29	23.576447	Βουλευτὴς
5	1	182	2	4	4	1162	2454	140	27	64.417274	Λακωνίας
5	1	182	2	4	5	1316	2460	22	17	96.677330	κ.
5	1	182	2	4	6	1348	2454	182	30	93.302238	Παρασκευάς
5	1	182	2	4	7	1540	2456	75	21	86.759964	Φουν-
4	1	182	2	5	0	907	2488	708	31	-1	
5	1	182	2	5	1	907	2489	54	26	75.925636	τάς,
5	1	182	2	5	2	978	2488	52	31	57.559151	Στή
5	1	182	2	5	3	1043	2490	189	29	93.302353	συγκέντρωση
5	1	182	2	5	4	1247	2489	204	30	91.631523	ἀποφασίστηκε
5	1	182	2	5	5	1468	2490	46	22	93.300224	καί
5	1	182	2	5	6	1524	2490	16	29	91.785408	ἡ
5	1	182	2	5	7	1566	2496	49	16	96.977104	συν
4	1	182	2	6	0	908	2524	706	31	-1	
5	1	182	2	6	1	908	2524	118	30	92.765251	εργασία
5	1	182	2	6	2	1041	2524	53	23	96.278793	τῶν
5	1	182	2	6	3	1110	2525	163	30	96.845612	Κοινοτήτων
5	1	182	2	6	4	1287	2526	50	27	95.903648	γιά
5	1	182	2	6	5	1351	2525	48	30	91.422203	τὴν
5	1	182	2	6	6	1422	2525	192	30	90.785675	ἀντιμετώπιση
4	1	182	2	7	0	907	2560	706	31	-1	
5	1	182	2	7	1	907	2560	195	30	75.756256	προθληµάτων
5	1	182	2	7	2	1120	2560	49	30	93.294563	τῆς
5	1	182	2	7	3	1185	2560	128	30	89.116623	περιοχῆς
5	1	182	2	7	4	1325	2560	55	22	83.864861	ἀπό
5	1	182	2	7	5	1396	2561	91	22	92.943375	κοινοῦ
5	1	182	2	7	6	1501	2561	46	22	93.301933	καί
5	1	182	2	7	7	1560	2561	53	30	92.755394	ὁρί-
4	1	182	2	8	0	908	2596	581	29	-1	
5	1	182	2	8	1	908	2601	80	23	89.199303	στηκε
5	1	182	2	8	2	997	2596	16	28	90.772781	ἡ
5	1	182	2	8	3	1024	2596	89	29	96.807327	πρώτη
5	1	182	2	8	4	1125	2596	148	29	96.553558	συνάντηση
5	1	182	2	8	5	1284	2596	53	21	96.685966	τῶν
5	1	182	2	8	6	1343	2596	146	29	95.817108	προέδρων.
3	1	182	3	0	0	906	2646	708	99	-1	
4	1	182	3	1	0	935	2646	679	29	-1	
5	1	182	3	1	1	935	2646	114	29	85.581169	Θίχτηκε
5	1	182	3	1	2	1062	2647	32	20	96.484337	τό
5	1	182	3	1	3	1108	2647	71	28	91.477097	θέµα
5	1	182	3	1	4	1188	2647	136	28	91.477097	ὕδρευσης
5	1	182	3	1	5	1339	2647	72	20	92.214066	ὅλων
5	1	182	3	1	6	1428	2646	53	22	90.961784	τῶν
5	1	182	3	1	7	1510	2648	104	27	88.248795	χωριῶν
4	1	182	3	2	0	906	2680	707	30	-1	
5	1	182	3	2	1	906	2681	46	28	90.334351	τῆς
5	1	182	3	2	2	966	2680	127	30	90.334351	περιοχῆς
5	1	182	3	2	3	1109	2680	147	26	90.410225	Πελλάνας,
5	1	182	3	2	4	1272	2680	188	29	87.298073	Γεωργιτσίου,
5	1	182	3	2	5	1487	2681	126	26	87.298073	Λογκανί-
4	1	182	3	3	0	907	2714	706	31	-1	
5	1	182	3	3	1	907	2722	56	19	93.303230	κου,
5	1	182	3	3	2	983	2715	155	30	92.479965	Βορδώνιας
5	1	182	3	3	3	1155	2714	46	22	93.303032	καί
5	1	182	3	3	4	1214	2714	193	31	91.584961	ὑποδείχτηκαν
5	1	182	3	3	5	1422	2714	97	28	89.532059	λύσεις.
5	1	182	3	3	6	1548	2715	65	22	34.244652	᾿Επί-
2	1	183	0	0	0	1577	970	60	1018	-1	
3	1	183	1	0	0	1577	970	60	1018	-1	
4	1	183	1	1	0	1624	970	12	33	-1	
5	1	183	1	1	1	1624	970	12	33	95.000000	 
4	1	183	1	2	0	1624	1003	12	36	-1	
5	1	183	1	2	1	1624	1003	12	36	95.000000	 
4	1	183	1	3	0	1624	1039	12	100	-1	
5	1	183	1	3	1	1624	1039	12	100	95.000000	   
4	1	183	1	4	0	1624	1139	12	60	-1	
5	1	183	1	4	1	1624	1139	12	60	95.000000	 
4	1	183	1	5	0	1621	1199	16	299	-1	
5	1	183	1	5	1	1621	1199	16	299	95.000000	   
4	1	183	1	6	0	1621	1498	16	61	-1	
5	1	183	1	6	1	1621	1498	16	61	95.000000	 
4	1	183	1	7	0	1621	1559	15	142	-1	
5	1	183	1	7	1	1621	1559	15	142	95.000000	    
4	1	183	1	8	0	1577	1701	60	199	-1	
5	1	183	1	8	1	1577	1701	60	199	95.000000	   
4	1	183	1	9	0	1621	1900	16	88	-1	
5	1	183	1	9	1	1621	1900	16	88	95.000000	  
2	1	184	0	0	0	1387	482	1094	128	-1	
3	1	184	1	0	0	1387	482	1094	128	-1	
4	1	184	1	1	0	1387	482	1094	128	-1	
5	1	184	1	1	1	1387	508	102	57	91.512833	το
5	1	184	1	1	2	1510	488	376	112	95.950638	ΜΠΑΛΚΟΝΙ
5	1	184	1	1	3	1899	489	153	121	85.091080	ΤΟΥ
5	1	184	1	1	4	2061	489	104	110	64.573669	ΤΑ:
5	1	184	1	1	5	2172	490	63	111	31.293808	γ.
5	1	184	1	1	6	2232	482	249	127	76.176987	ΓΕΤΟΥ.
2	1	185	0	0	0	1633	675	1514	139	-1	
3	1	185	1	0	0	1633	675	1514	139	-1	
4	1	185	1	1	0	1633	675	1514	139	-1	
5	1	185	1	1	1	1633	675	1514	139	95.000000	   
2	1	186	0	0	0	1629	703	623	102	-1	
3	1	186	1	0	0	1629	703	633	102	-1	
4	1	186	1	1	0	1630	703	622	87	-1	
5	1	186	1	1	1	1630	723	77	49	44.654465	..
5	1	186	1	1	2	1765	704	164	64	37.723118	Εὐχές
5	1	186	1	1	3	1934	705	86	85	96.275421	τοῦ
5	1	186	1	1	4	2020	703	232	83	10.215485	Δεσπότη
4	1	186	1	2	0	1629	773	4	32	-1	
5	1	186	1	2	1	1629	773	4	32	54.467205	|
2	1	187	0	0	0	1622	782	748	807	-1	
3	1	187	1	0	0	1629	782	736	696	-1	
4	1	187	1	1	0	1686	782	677	59	-1	
5	1	187	1	1	1	1686	808	92	29	69.237213	Ὕστερα
5	1	187	1	1	2	1792	810	40	20	92.421486	ἀπό
5	1	187	1	1	3	1843	792	62	45	88.769852	λίγες
5	1	187	1	1	4	1917	811	63	27	50.170189	μέρες
5	1	187	1	1	5	1989	812	28	20	79.476860	θά
5	1	187	1	1	6	2026	811	139	28	0.000000	ἀνεηχήσουν,
5	1	187	1	1	7	2176	782	128	58	53.205750	---
5	1	187	1	1	8	2311	813	52	28	4.476746	βέσὰ
4	1	187	1	2	0	1622	842	743	57	-1	
5	1	187	1	2	1	1622	854	11	45	8.645004	ι
5	1	187	1	2	2	1656	846	35	20	56.202278	στό
5	1	187	1	2	3	1700	845	88	21	95.724518	σκοτάδι
5	1	187	1	2	4	1801	848	37	25	96.834755	τῆς
5	1	187	1	2	5	1849	846	78	27	95.304550	νύχτας
5	1	187	1	2	6	1940	846	19	21	52.809620	οἱ
5	1	187	1	2	7	1975	842	218	43	0.000000	Χριστουγεννιάπηκες
5	1	187	1	2	8	2200	845	117	42	6.397820	καῤιπάψες,
5	1	187	1	2	9	2327	847	38	30	39.387325	νά
4	1	187	1	3	0	1656	875	706	34	-1	
5	1	187	1	3	1	1656	880	23	20	71.374962	νά
5	1	187	1	3	2	1685	875	152	31	17.359970	διαλαλήσουν
5	1	187	1	3	3	1844	871	25	42	95.451210	τὸ
5	1	187	1	3	4	1872	880	67	27	77.926468	μέγα
5	1	187	1	3	5	1945	882	40	19	93.260139	καὶ
5	1	187	1	3	6	1993	882	164	27	64.532043	Ἀοσμαδωτήριο
5	1	187	1	3	7	2162	878	94	31	51.339584	"γεγονός.
5	1	187	1	3	8	2270	877	43	26	52.782097	Καὶ
5	1	187	1	3	9	2326	878	36	25	28.416069	κάι
4	1	187	1	4	0	1656	914	713	31	-1	
5	1	187	1	4	1	1656	914	31	19	31.204414	δε
5	1	187	1	4	2	1692	915	133	26	33.534668	χριστιανυκή
5	1	187	1	4	3	1837	915	58	27	86.596115	ψυχή
5	1	187	1	4	4	1910	916	27	19	70.917511	θά
5	1	187	1	4	5	1953	916	65	26	96.059074	τρέξει
5	1	187	1	4	6	2036	917	63	26	84.188538	νοερά
5	1	187	1	4	7	2112	917	37	26	93.108986	στή
5	1	187	1	4	8	2162	917	98	27	40.697586	φτωχινή
5	1	187	1	4	9	2291	916	78	29	66.890625	Φάτνη
4	1	187	1	5	0	1657	948	706	31	-1	
5	1	187	1	5	1	1657	951	35	25	96.742607	τῆς
5	1	187	1	5	2	1706	948	103	30	3.159264	Βηθλεέμ,
5	1	187	1	5	3	1824	950	37	27	90.424149	γιά
5	1	187	1	5	4	1874	950	28	22	90.404366	νά
5	1	187	1	5	5	1913	951	138	28	81.818367	προσχυνήσει
5	1	187	1	5	6	2062	952	55	27	73.314476	µάσα,
5	1	187	1	5	7	2134	953	37	20	59.294594	στά
5	1	187	1	5	8	2189	952	110	27	86.629700	απάργανα
5	1	187	1	5	9	2330	953	33	21	91.056519	τόν
4	1	187	1	6	0	1654	984	709	31	-1	
5	1	187	1	6	1	1654	984	89	29	92.559387	Σωτῆρα
5	1	187	1	6	2	1756	986	37	20	78.822861	καὶ
5	1	187	1	6	3	1805	984	102	29	79.378662	Λυτρὠτή
5	1	187	1	6	4	1918	993	44	21	93.289764	της.
5	1	187	1	6	5	1978	985	33	22	91.339775	Θά
5	1	187	1	6	6	2022	987	87	28	69.364113	θυμηθεῖ
5	1	187	1	6	7	2120	987	180	28	57.837711	νοσταλγυκἁ
5	1	187	1	6	8	2261	980	36	39	92.823181	τήν
5	1	187	1	6	9	2308	988	55	27	86.822159	πρώ-
4	1	187	1	7	0	1658	1020	703	31	-1	
5	1	187	1	7	1	1658	1026	20	21	0.000000	σ
5	1	187	1	7	2	1693	1020	70	28	87.760941	ἐκείνη
5	1	187	1	7	3	1780	1020	69	31	63.875469	"Άγιι
5	1	187	1	7	4	1860	1020	82	33	93.249550	Νύχτα,
5	1	187	1	7	5	1951	1023	57	21	21.106430	καπά
5	1	187	1	7	6	2018	1023	39	27	93.300430	τήν
5	1	187	1	7	7	2070	1023	63	22	87.193550	ὁποία
5	1	187	1	7	8	2145	1024	11	20	89.541176	ὁ
5	1	187	1	7	9	2166	1023	100	27	20.167786	᾽αὔράγιος
5	1	187	1	7	10	2277	1022	84	29	59.502235	ἀγγελι-
4	1	187	1	8	0	1657	1056	706	30	-1	
5	1	187	1	8	1	1657	1056	34	25	24.050842	Κός
5	1	187	1	8	2	1701	1056	79	30	82.577805	κόσμος
5	1	187	1	8	3	1792	1057	129	28	89.038666	πανηγύρισε
5	1	187	1	8	4	1933	1058	43	27	0.000000	ή!
5	1	187	1	8	5	1991	1056	106	23	49.381760	«εὐδοκία»
5	1	187	1	8	6	2115	1062	36	19	12.348213	τοῦ
5	1	187	1	8	7	2169	1056	62	24	48.417763	Θερῦ.
5	1	187	1	8	8	2242	1057	55	22	0.000000	ότε
5	1	187	1	8	9	2323	1058	40	21	91.657974	πού
4	1	187	1	9	0	1656	1091	707	31	-1	
5	1	187	1	9	1	1656	1091	8	20	19.250763	ὁ
5	1	187	1	9	2	1678	1092	89	33	69.357117	οὐρανός
5	1	187	1	9	3	1780	1092	79	27	30.353790	ἔσιωψε
5	1	187	1	9	4	1875	1094	92	26	94.817261	τρυφερά
5	1	187	1	9	5	1983	1094	59	21	93.936714	πάνω
5	1	187	1	9	6	2054	1094	51	27	96.447357	στήν
5	1	187	1	9	7	2117	1094	115	28	58.031639	παγωμένη
5	1	187	1	9	8	2242	1094	51	21	82.790924	ἀπὸ
5	1	187	1	9	9	2326	1094	37	27	82.790924	τήν
4	1	187	1	10	0	1656	1126	706	32	-1	
5	1	187	1	10	1	1656	1126	88	28	82.116974	ἁμαρτία
5	1	187	1	10	2	1755	1123	38	31	58.222195	γῆ,
5	1	187	1	10	3	1805	1128	38	26	76.414841	γιά
5	1	187	1	10	4	1852	1128	28	21	95.581429	νά
5	1	187	1	10	5	1893	1128	39	27	93.242874	τήν
5	1	187	1	10	6	1945	1128	94	25	60.261082	ζεστάνει
5	1	187	1	10	7	2058	1130	27	26	86.737595	µέ
5	1	187	1	10	8	2098	1130	38	26	81.788292	τήν
5	1	187	1	10	9	2146	1129	151	29	49.718098	ἐνανβρώσπηση
5	1	187	1	10	10	2325	1128	37	33	90.451958	τῆς
4	1	187	1	11	0	1656	1160	714	34	-1	
5	1	187	1	11	1	1656	1161	62	26	76.481087	θείας
5	1	187	1	11	2	1729	1163	94	27	91.134995	ἀγάπης.
5	1	187	1	11	3	1832	1160	68	24	84.751038	Τότε
5	1	187	1	11	4	1904	1164	40	22	89.746536	πρύ
5	1	187	1	11	5	1954	1164	11	21	92.917976	ὁ
5	1	187	1	11	6	1976	1165	104	27	47.649948	οὐράνιας:
5	1	187	1	11	7	2088	1163	83	30	87.477097	Ἱατρός
5	1	187	1	11	8	2185	1168	43	20	96.723671	τῶν
5	1	187	1	11	9	2237	1166	72	33	68.559860	φυχῶν
5	1	187	1	11	10	2322	1172	48	22	73.290047	µας)
4	1	187	1	12	0	1654	1197	711	34	-1	
5	1	187	1	12	1	1654	1197	138	29	63.031910	ἐπισκέφθηκε
5	1	187	1	12	2	1807	1199	39	27	93.071617	τήν
5	1	187	1	12	3	1861	1199	148	28	0.248825	ἔπομιοθάνατη
5	1	187	1	12	4	2021	1200	158	28	92.470573	ἀγθρωπότητα,
5	1	187	1	12	5	2195	1202	38	28	85.490250	γιά
5	1	187	1	12	6	2262	1197	27	28	42.733784	ά
5	1	187	1	12	7	2311	1201	54	30	64.245804	βίξεί
4	1	187	1	13	0	1656	1233	705	33	-1	
5	1	187	1	13	1	1656	1233	40	25	80.781181	στίς
5	1	187	1	13	2	1708	1233	82	28	96.224724	πληγές
5	1	187	1	13	3	1802	1240	45	21	93.239449	της,
5	1	187	1	13	4	1861	1235	28	27	92.800110	ὣς
5	1	187	1	13	5	1898	1234	65	26	93.245758	ἄλλος
5	1	187	1	13	6	1973	1234	72	26	96.191895	Καλός
5	1	187	1	13	7	2059	1235	139	36	32.274788	Σαμαρείτης,
5	1	187	1	13	8	2212	1239	23	20	93.306007	τό
5	1	187	1	13	9	2247	1239	72	21	91.810822	ἔλαιον
5	1	187	1	13	10	2325	1239	36	21	91.439407	καὶ
4	1	187	1	14	0	1656	1267	706	35	-1	
5	1	187	1	14	1	1656	1269	33	21	92.998123	τόν
5	1	187	1	14	2	1701	1267	56	24	83.585327	οἴνον
5	1	187	1	14	3	1772	1271	40	26	96.937546	τῆς
5	1	187	1	14	4	1820	1270	57	26	93.215858	θείας
5	1	187	1	14	5	1891	1270	146	29	56.854950	εὐαπλαχνίας.
5	1	187	1	14	6	2055	1270	55	22	94.987343	Τότε
5	1	187	1	14	7	2120	1273	40	20	78.516815	πού
5	1	187	1	14	8	2171	1275	30	20	35.036095	τό:
5	1	187	1	14	9	2209	1273	51	23	73.804855	Θεῖο
5	1	187	1	14	10	2274	1269	88	33	78.434059	Βρέφος,
4	1	187	1	15	0	1655	1304	706	33	-1	
5	1	187	1	15	1	1655	1305	36	26	40.772423	Υπό,
5	1	187	1	15	2	1702	1304	87	28	95.418724	δεύτερη
5	1	187	1	15	3	1803	1306	55	27	87.993851	φορά
5	1	187	1	15	4	1868	1306	53	27	90.169800	µετά
5	1	187	1	15	5	1931	1307	26	26	96.677109	τή
5	1	187	1	15	6	1968	1303	124	31	89.280251	δηµιουργία
5	1	187	1	15	7	2106	1309	35	19	0.000000	«φῦ
5	1	187	1	15	8	2153	1307	118	30	52.955292	ἀγθρώπου:
5	1	187	1	15	9	2282	1310	79	27	77.451553	«ὀνεφύ:
4	1	187	1	16	0	1655	1340	707	32	-1	
5	1	187	1	16	1	1655	1345	59	23	44.041374	Φήσε»
5	1	187	1	16	2	1728	1340	36	21	76.904037	ατὀ
5	1	187	1	16	3	1778	1341	97	27	96.310165	πρόσωπο
5	1	187	1	16	4	1886	1343	38	25	93.245598	τῆς
5	1	187	1	16	5	1938	1341	111	28	65.432159	ἡμιθανοῦς
5	1	187	1	16	6	2063	1342	160	30	29.776604	ἀνθρωπότητος
5	1	187	1	16	7	2232	1334	49	42	79.844543	νέαν
5	1	187	1	16	8	2295	1334	67	42	18.117935	ἀθείῥ)
4	1	187	1	17	0	1652	1376	709	32	-1	
5	1	187	1	17	1	1652	1376	77	28	73.872353	πυοήν»
5	1	187	1	17	2	1741	1377	38	21	92.906624	καί
5	1	187	1	17	3	1789	1377	75	27	90.644501	ἄρχισε
5	1	187	1	17	4	1875	1377	26	22	94.952042	νά
5	1	187	1	17	5	1914	1377	39	28	80.479073	τήν
5	1	187	1	17	6	1964	1377	127	28	48.695335	μεταβάλλει
5	1	187	1	17	7	2106	1379	47	25	25.427467	«εἰς
5	1	187	1	17	8	2161	1381	72	27	47.541168	ᾠυχήν
5	1	187	1	17	9	2242	1380	89	27	90.696770	ζῶσαν»,
5	1	187	1	17	10	2338	1381	23	21	67.238396	σὲ
4	1	187	1	18	0	1654	1411	715	34	-1	
5	1	187	1	18	1	1654	1413	36	27	45.043255	μιά
5	1	187	1	18	2	1702	1412	39	23	90.418739	γέα
5	1	187	1	18	3	1754	1411	157	29	40.883606	ἀγθρωπότητα,
5	1	187	1	18	4	1920	1414	26	28	86.642838	µέ
5	1	187	1	18	5	1962	1414	46	27	77.300262	Ἱερά
5	1	187	1	18	6	2018	1414	129	28	82.127716	αἰσθήματα,
5	1	187	1	18	7	2157	1417	25	25	51.407570	μὲ
5	1	187	1	18	8	2194	1416	73	30	43.941666	ἅγιους
5	1	187	1	18	9	2280	1417	89	25	36.198494	πόθους,
4	1	187	1	19	0	1654	1448	325	30	-1	
5	1	187	1	19	1	1654	1449	24	26	23.432167	ῥέ
5	1	187	1	19	2	1687	1448	88	29	82.497955	ἐνάρετη
5	1	187	1	19	3	1786	1449	39	22	83.522919	χαί
5	1	187	1	19	4	1833	1449	88	29	63.798012	οὐράνια
5	1	187	1	19	5	1927	1448	52	30	79.665146	ζωή.
3	1	187	2	0	0	1654	1464	711	125	-1	
4	1	187	2	1	0	1682	1464	679	56	-1	
5	1	187	2	1	1	1682	1483	59	23	90.064865	Αὐτά
5	1	187	2	1	2	1751	1486	27	22	93.260757	θά,
5	1	187	2	1	3	1795	1485	145	28	48.608173	διαλοιλήσουν
5	1	187	2	1	4	1950	1487	19	20	84.334076	οἳ
5	1	187	2	1	5	1981	1487	108	29	71.798126	καμπάνες
5	1	187	2	1	6	2114	1474	43	35	64.962181	τῶν
5	1	187	2	1	7	2177	1464	184	56	0.000000	᾿χριατουγέψλων.
4	1	187	2	2	0	1655	1518	706	33	-1	
5	1	187	2	2	1	1655	1518	40	23	96.537949	Καὶ
5	1	187	2	2	2	1708	1521	51	21	72.969688	κάθε
5	1	187	2	2	3	1770	1521	120	28	92.366096	χριστιανός
5	1	187	2	2	4	1901	1522	40	24	96.032341	πού
5	1	187	2	2	5	1952	1522	27	21	92.738541	θά
5	1	187	2	2	6	1987	1522	46	28	92.933395	ἔχει
5	1	187	2	2	7	2045	1522	108	28	88.332596	καβαρίαει
5	1	187	2	2	8	2164	1524	24	24	92.909264	τό
5	1	187	2	2	9	2199	1522	112	29	45.097275	(κατάλυμα
5	1	187	2	2	10	2325	1525	36	25	96.825981	τῆς
4	1	187	2	3	0	1654	1556	711	33	-1	
5	1	187	2	3	1	1654	1556	86	28	91.553345	κορδιᾶς
5	1	187	2	3	2	1751	1563	36	14	73.965851	τω
5	1	187	2	3	3	1803	1557	36	21	82.781769	καὶ
5	1	187	2	3	4	1866	1557	27	21	94.145180	θά
5	1	187	2	3	5	1909	1557	22	21	94.048706	τό
5	1	187	2	3	6	1942	1557	47	28	93.298897	ἔχει
5	1	187	2	3	7	2002	1558	107	28	63.723801	ἐτοιμάσει
5	1	187	2	3	8	2122	1559	43	27	82.471558	γιά.
5	1	187	2	3	9	2175	1559	34	23	82.895081	τόν
5	1	187	2	3	10	2236	1557	83	32	74.129288	Ἴησοῦ,
5	1	187	2	3	11	2335	1559	30	27	94.295197	τή.
2	1	188	0	0	0	1628	906	4	67	-1	
3	1	188	1	0	0	1628	906	4	67	-1	
4	1	188	1	1	0	1628	906	4	67	-1	
5	1	188	1	1	1	1628	906	4	67	95.000000	 
2	1	189	0	0	0	1634	1627	727	309	-1	
3	1	189	1	0	0	1652	1627	709	309	-1	
4	1	189	1	1	0	1652	1627	708	30	-1	
5	1	189	1	1	1	1652	1629	40	20	82.796257	τῶν
5	1	189	1	1	2	1706	1627	177	28	2.313995	Χρισπουγόννω»,.
5	1	189	1	1	3	1900	1628	71	28	75.669357	ἐκείνη
5	1	189	1	1	4	1982	1629	39	27	92.505547	τήν
5	1	189	1	1	5	2032	1629	47	27	86.153671	Ἱερή
5	1	189	1	1	6	2093	1630	76	27	88.348030	στιγµή
5	1	189	1	1	7	2180	1630	27	20	71.774490	θά
5	1	189	1	1	8	2220	1629	86	27	96.610291	δέχεται
5	1	189	1	1	9	2318	1629	42	23	96.546371	ἀπό
4	1	189	1	2	0	1653	1661	692	31	-1	
5	1	189	1	2	1	1653	1663	33	22	77.527527	τὸν
5	1	189	1	2	2	1697	1661	38	23	2.409912	Υϊό
5	1	189	1	2	3	1752	1665	35	19	65.684578	τοῦ
5	1	189	1	2	4	1800	1661	54	24	79.113235	θεοῦ
5	1	189	1	2	5	1866	1663	51	22	50.457844	ἔγαν
5	1	189	1	2	6	1928	1664	85	27	62.716888	οὐράνωο
5	1	189	1	2	7	2022	1664	97	28	40.607204	ἀσπασμό
5	1	189	1	2	8	2132	1665	39	21	68.615524	καὶ
5	1	189	1	2	9	2178	1665	38	27	48.565948	μιά.
5	1	189	1	2	10	2225	1665	47	21	52.639336	θεία,
5	1	189	1	2	11	2285	1664	60	28	93.801712	πνοή.
4	1	189	1	3	0	1681	1697	678	31	-1	
5	1	189	1	3	1	1681	1697	33	23	76.190872	Μέ
5	1	189	1	3	2	1728	1699	39	27	90.960144	τήν
5	1	189	1	3	3	1782	1699	97	27	86.512527	εὐκαιρία
5	1	189	1	3	4	1894	1699	65	28	95.672653	αὐτῆς
5	1	189	1	3	5	1970	1702	37	40	96.999199	τῆς
5	1	189	1	3	6	2016	1699	96	29	39.494377	μεγάλης
5	1	189	1	3	7	2125	1701	87	27	85.706093	Ὑιορτῆς
5	1	189	1	3	8	2223	1701	36	20	81.852966	καὶ
5	1	189	1	3	9	2273	1701	25	27	60.900272	μέ
5	1	189	1	3	10	2312	1700	47	21	78.280609	πολ-
4	1	189	1	4	0	1634	1732	726	44	-1	
5	1	189	1	4	1	1634	1733	65	35	42.118088	.ς
5	1	189	1	4	2	1692	1734	74	34	9.709244	ἀγάπση
5	1	189	1	4	3	1768	1734	97	32	0.000000	.εὔχομαι
5	1	189	1	4	4	1878	1735	19	21	64.192093	σ’
5	1	189	1	4	5	1920	1735	29	21	85.811539	ὅλα
5	1	189	1	4	6	1957	1730	23	40	80.349518	τά
5	1	189	1	4	7	1994	1735	130	27	0.000000	ποιευµατωιά,
5	1	189	1	4	8	2132	1736	75	21	41.185654	παιδιά
5	1	189	1	4	9	2214	1743	47	20	31.931366	µου,
5	1	189	1	4	10	2275	1736	40	20	94.819527	πού
5	1	189	1	4	11	2326	1732	34	44	59.886368	μέ:
4	1	189	1	5	0	1654	1763	706	32	-1	
5	1	189	1	5	1	1654	1761	67	26	0.000000	νου
5	1	189	1	5	2	1713	1768	77	26	22.892494	μόνιμα
5	1	189	1	5	3	1804	1757	35	42	10.557625	ἁτή
5	1	189	1	5	4	1853	1764	46	3	82.005417	δοξά
5	1	189	1	5	5	2012	1766	126	29	1.849854	ζιωνία
5	1	189	1	5	6	2091	1760	14	40	57.918846	Ἡ
5	1	189	1	5	7	2116	1773	13	16	73.909386	-
5	1	189	1	5	8	2147	1767	59	22	37.332653	ἄλλα
5	1	189	1	5	9	2215	1767	109	27	30.464096	φιλόξενα
5	1	189	1	5	10	2327	1770	33	24	0.000000	-
4	1	189	1	6	0	1654	1799	706	31	-1	
5	1	189	1	6	1	1654	1807	24	21	8.651749	βη
5	1	189	1	6	2	1692	1803	38	25	95.630196	τῆς
5	1	189	1	6	3	1741	1799	102	29	96.348145	Ἑλλάδος
5	1	189	1	6	4	1856	1802	36	20	87.731453	καὶ
5	1	189	1	6	5	1905	1805	36	17	93.049194	τοῦ
5	1	189	1	6	6	1952	1801	137	29	89.381737	Ἐξωτεριχοῦ
5	1	189	1	6	7	2100	1803	28	21	90.987961	νά
5	1	189	1	6	8	2138	1804	26	20	81.417831	τά
5	1	189	1	6	9	2189	1802	85	26	84.595940	ἀξιώσει
5	1	189	1	6	10	2287	1803	14	27	92.562492	ἡ
5	1	189	1	6	11	2309	1803	51	26	32.685646	ἀγα-
4	1	189	1	7	0	1654	1835	706	30	-1	
5	1	189	1	7	1	1654	1836	59	28	71.199570	βότης
5	1	189	1	7	2	1726	1839	37	18	85.098236	τοῦ
5	1	189	1	7	3	1776	1835	78	29	49.809147	Κυρίωυ
5	1	189	1	7	4	1870	1836	51	28	71.711273	μαζί
5	1	189	1	7	5	1937	1837	38	21	74.342270	χαὶ
5	1	189	1	7	6	1986	1837	53	28	34.144775	μένα
5	1	189	1	7	7	2051	1838	26	21	86.015244	νά
5	1	189	1	7	8	2093	1838	35	21	86.280342	τόν
5	1	189	1	7	9	2138	1838	169	27	33.350250	πρασιωνήσουλιε
5	1	189	1	7	10	2314	1837	46	27	89.872849	ἐφέ-
4	1	189	1	8	0	1655	1868	706	33	-1	
5	1	189	1	8	1	1655	1878	30	18	88.580437	τος
5	1	189	1	8	2	1698	1872	33	20	92.826126	«ἐν
5	1	189	1	8	3	1743	1873	83	27	35.901253	καβαρᾶ
5	1	189	1	8	4	1837	1872	87	28	71.567413	καρδία»
5	1	189	1	8	5	1936	1873	36	21	42.112713	κα
5	1	189	1	8	6	1981	1873	27	21	77.667404	γά,
5	1	189	1	8	7	2019	1873	107	28	60.894917	ἀγοίξουμε
5	1	189	1	8	8	2136	1872	107	24	39.549717	διάπλατα,
5	1	189	1	8	9	2252	1873	37	27	60.485954	τήν
5	1	189	1	8	10	2304	1868	57	33	84.082962	ψυχή
4	1	189	1	9	0	1654	1907	706	29	-1	
5	1	189	1	9	1	1654	1913	45	21	78.517342	μας,
5	1	189	1	9	2	1711	1908	38	26	88.863686	γιά
5	1	189	1	9	3	1764	1908	25	20	52.648830	νά
5	1	189	1	9	4	1803	1908	44	28	72.258514	τή)
5	1	189	1	9	5	1849	1908	81	28	52.395115	γεμίσει
5	1	189	1	9	6	1939	1909	27	26	79.119331	µέ
5	1	189	1	9	7	1980	1909	25	27	96.667496	τή
5	1	189	1	9	8	2014	1909	46	20	87.505173	θεία
5	1	189	1	9	9	2072	1907	44	22	75.225182	Το
5	1	189	1	9	10	2129	1909	50	27	75.225182	χάρι
5	1	189	1	9	11	2191	1909	36	21	87.156189	καί
5	1	189	1	9	12	2240	1908	26	28	37.480274	μέ
5	1	189	1	9	13	2281	1909	27	20	81.354462	τά
5	1	189	1	9	14	2322	1908	38	22	58.679604	δῶ-
2	1	190	0	0	0	1904	1731	92	29	-1	
3	1	190	1	0	0	1904	1731	92	29	-1	
4	1	190	1	1	0	1904	1731	92	29	-1	
5	1	190	1	1	1	1904	1731	92	29	95.000000	  
2	1	191	0	0	0	1896	1763	118	31	-1	
3	1	191	1	0	0	1896	1763	118	31	-1	
4	1	191	1	1	0	1896	1763	118	31	-1	
5	1	191	1	1	1	1896	1763	118	31	95.000000	 
2	1	192	0	0	0	1656	1977	645	130	-1	
3	1	192	1	0	0	1656	1977	618	101	-1	
4	1	192	1	1	0	1656	1977	85	29	-1	
5	1	192	1	1	1	1656	1977	85	29	50.605450	Ἰησοῦς.
4	1	192	1	2	0	1880	2013	252	30	-1	
5	1	192	1	2	1	1880	2013	35	22	92.144440	Μέ
5	1	192	1	2	2	1932	2015	60	27	92.784325	εὐχές
5	1	192	1	2	3	2006	2015	37	22	87.763855	καί
5	1	192	1	2	4	2058	2015	74	28	37.465164	ἀγάπή
4	1	192	1	3	0	1743	2044	558	63	-1	
5	1	192	1	3	1	1743	2048	54	22	3.436249	το
5	1	192	1	3	2	1804	2044	122	63	0.000000	Ὀονομδασή
5	1	192	1	3	3	1924	2057	27	18	69.306587	ας
5	1	192	1	3	4	1957	2051	40	35	31.618187	κά
5	1	192	1	3	5	2006	2049	99	29	29.983894	Ἁπάρτης
5	1	192	1	3	6	2112	2049	189	25	27.409050	ΕΥΣΤΑΘΙΟΣ
5	1	192	1	3	7	2290	2045	13	38	27.207298	|
2	1	193	0	0	0	1657	2107	88	4	-1	
3	1	193	1	0	0	1657	2107	88	4	-1	
4	1	193	1	1	0	1657	2107	88	4	-1	
5	1	193	1	1	1	1657	2107	88	4	95.000000	 
2	1	194	0	0	0	1748	2108	351	3	-1	
3	1	194	1	0	0	1748	2108	351	3	-1	
4	1	194	1	1	0	1748	2108	351	3	-1	
5	1	194	1	1	1	1748	2108	351	3	95.000000	 
2	1	195	0	0	0	1737	2108	556	99	-1	
3	1	195	1	0	0	1737	2108	556	99	-1	
4	1	195	1	1	0	1737	2108	556	99	-1	
5	1	195	1	1	1	1737	2108	556	99	70.138779	ΣΥΓΧΑΡΗΤΗΡΙΑ
2	1	196	0	0	0	1650	2221	716	228	-1	
3	1	196	1	0	0	1650	2221	716	142	-1	
4	1	196	1	1	0	1682	2221	677	51	-1	
5	1	196	1	1	1	1682	2223	49	22	81.013618	Τόν
5	1	196	1	1	2	1747	2223	144	28	70.581085	ἀγαπημένο
5	1	196	1	1	3	1905	2232	50	20	92.807106	µας
5	1	196	1	1	4	1966	2224	91	28	78.351074	ἀνεψιό
5	1	196	1	1	5	2072	2225	43	21	41.839294	κὰί
5	1	196	1	1	6	2131	2221	126	51	67.667465	ἐξώδελφο
5	1	196	1	1	7	2273	2229	86	21	12.646866	104Ν
4	1	196	1	2	0	1651	2259	707	46	-1	
5	1	196	1	2	1	1651	2259	51	23	91.308929	ΝΗ
5	1	196	1	2	2	1716	2259	35	23	89.593872	Π.
5	1	196	1	2	3	1769	2259	144	23	47.951859	ΤΚΛΕΚΑ
5	1	196	1	2	4	1928	2260	167	45	74.500732	(Καθελάρη)
5	1	196	1	2	5	2109	2261	48	23	93.279755	πού
5	1	196	1	2	6	2176	2259	66	33	84.332993	πῆρε
5	1	196	1	2	7	2259	2265	99	21	74.570618	τό΄πτυ-
4	1	196	1	3	0	1650	2295	708	54	-1	
5	1	196	1	3	1	1650	2297	41	44	56.803604	χίο
5	1	196	1	3	2	1700	2299	43	19	93.289818	τοῦ
5	1	196	1	3	3	1755	2297	211	29	36.176598	Ιήηχανολόγου
5	1	196	1	3	4	1952	2297	47	23	96.483887	ἀπό
5	1	196	1	3	5	2011	2297	28	23	94.484657	τό
5	1	196	1	3	6	2051	2297	109	23	92.419365	Ε.Μ.Π.
5	1	196	1	3	7	2178	2295	126	54	67.721649	᾽Αθηνῶ»,
5	1	196	1	3	8	2315	2296	43	38	96.971802	τοῦ
4	1	196	1	4	0	1652	2330	714	51	-1	
5	1	196	1	4	1	1652	2333	138	29	91.995537	εὐχόμαστε
5	1	196	1	4	2	1799	2334	64	28	96.166801	καλή
5	1	196	1	4	3	1876	2330	174	51	86.667259	σταδιοδρομία
5	1	196	1	4	4	2364	2340	2	3	10.508354	Ἱ
3	1	196	2	0	0	1734	2350	550	84	-1	
4	1	196	2	1	0	1734	2350	550	48	-1	
5	1	196	2	1	1	1734	2370	31	22	0.000000	ὶΟ
5	1	196	2	1	2	1776	2370	69	28	91.080597	θεῖος
5	1	196	2	1	3	1853	2371	48	21	86.056587	καί
5	1	196	2	1	4	1907	2370	16	28	50.052132	ἡ
5	1	196	2	1	5	1936	2370	56	23	95.479965	θεία
5	1	196	2	1	6	2004	2371	38	21	40.580818	ΓΕ
5	1	196	2	1	7	2056	2371	44	22	7.414261	2Ρ.
5	1	196	2	1	8	2112	2350	172	43	87.513908	ΜΑΡΟΥΛΗ
4	1	196	2	2	0	1826	2406	361	43	-1	
5	1	196	2	2	1	1826	2406	43	21	32.015480	καί
5	1	196	2	2	2	1879	2406	15	27	19.596313	ἡ
5	1	196	2	2	3	1904	2406	128	28	92.383682	ἐξαδέλφη
5	1	196	2	2	4	2042	2415	44	13	96.644745	του
5	1	196	2	2	5	2094	2406	93	43	95.868179	ΜΙΝΑ
2	1	197	0	0	0	1936	2452	70	4	-1	
3	1	197	1	0	0	1936	2452	70	4	-1	
4	1	197	1	1	0	1936	2452	70	4	-1	
5	1	197	1	1	1	1936	2452	70	4	95.000000	 
2	1	198	0	0	0	2007	2453	70	3	-1	
3	1	198	1	0	0	2007	2453	70	3	-1	
4	1	198	1	1	0	2007	2453	70	3	-1	
5	1	198	1	1	1	2007	2453	70	3	95.000000	 
2	1	199	0	0	0	1650	2507	665	51	-1	
3	1	199	1	0	0	1650	2507	665	51	-1	
4	1	199	1	1	0	1650	2507	665	51	-1	
5	1	199	1	1	1	1650	2511	138	28	91.395447	ἐξαδέλφια
5	1	199	1	1	2	1800	2520	44	14	93.003708	του
5	1	199	1	1	3	1854	2512	114	23	5.745743	Ἡ4Ι4ΑΣ
5	1	199	1	1	4	1982	2513	43	22	91.572319	καί
5	1	199	1	1	5	2036	2511	90	24	22.030373	Ο4ΓΆ
5	1	199	1	1	6	2139	2507	176	51	64.628510	ΚΑΒΑΔΙΑ.
2	1	200	0	0	0	1650	2566	716	148	-1	
3	1	200	1	0	0	1650	2566	716	148	-1	
4	1	200	1	1	0	1681	2566	676	50	-1	
5	1	200	1	1	1	1681	2583	35	21	12.889069	"Ἡ
5	1	200	1	1	2	1732	2582	141	29	91.327530	ἐφημερίδα
5	1	200	1	1	3	1888	2592	49	19	96.451195	µας
5	1	200	1	1	4	1952	2566	131	50	91.145180	συγχαίρει
5	1	200	1	1	5	2098	2584	115	28	63.548447	ὀλόψυχα
5	1	200	1	1	6	2223	2585	43	21	94.695564	τόν
5	1	200	1	1	7	2282	2594	25	12	89.351669	κ.
5	1	200	1	1	8	2320	2585	37	21	64.760956	Γ1
4	1	200	1	2	0	1651	2618	706	29	-1	
5	1	200	1	2	1	1651	2618	98	21	87.732246	ΑΝΝΗ
5	1	200	1	2	2	1766	2618	36	21	50.934608	Π.
5	1	200	1	2	3	1818	2618	144	21	58.997543	ΓΚΛΕΚ4Α
5	1	200	1	2	4	1982	2619	166	28	90.868958	(Καθελάρη)
5	1	200	1	2	5	2164	2620	50	20	91.129349	σιού
5	1	200	1	2	6	2232	2622	65	24	90.093185	πῆρε
5	1	200	1	2	7	2331	2620	26	20	58.236092	τό
4	1	200	1	3	0	1650	2652	716	28	-1	
5	1	200	1	3	1	1650	2652	90	26	66.762085	πτυχίο
5	1	200	1	3	2	1754	2654	43	19	90.754875	τοῦ
5	1	200	1	3	3	1805	2652	192	27	24.749657	ΠΜηχανολόγου
5	1	200	1	3	4	2014	2654	43	20	92.037231	καί
5	1	200	1	3	5	2069	2655	46	19	91.161720	τοῦ
5	1	200	1	3	6	2127	2654	102	26	90.693100	εὔχεται
5	1	200	1	3	7	2244	2653	122	26	79.149422	ἐπιτυχία]
4	1	200	1	4	0	1652	2685	551	29	-1	
5	1	200	1	4	1	1652	2686	55	19	74.290054	στόν
5	1	200	1	4	2	1718	2685	199	28	68.749939	.ἐπαγγελματικό
5	1	200	1	4	3	1928	2686	44	21	96.526115	καί
5	1	200	1	4	4	1980	2687	135	20	89.040817	κοινωνικό
5	1	200	1	4	5	2125	2688	78	26	91.118095	χῶρο.
2	1	201	0	0	0	1918	2838	175	7	-1	
3	1	201	1	0	0	1918	2838	175	7	-1	
4	1	201	1	1	0	1918	2838	175	7	-1	
5	1	201	1	1	1	1918	2838	175	7	95.000000	 
2	1	202	0	0	0	1654	1592	714	33	-1	
3	1	202	1	0	0	1654	1592	714	33	-1	
4	1	202	1	1	0	1654	1592	714	33	-1	
5	1	202	1	1	1	1654	1592	73	28	67.278389	στιγµή
5	1	202	1	1	2	1742	1592	40	21	96.320999	πού
5	1	202	1	1	3	1796	1593	27	20	92.394287	θά
5	1	202	1	1	4	1839	1593	125	27	73.856712	πρωσκυνάει
5	1	202	1	1	5	1980	1593	24	21	84.932770	τὸ
5	1	202	1	1	6	2014	1592	57	26	34.944855	Θεῖο.
5	1	202	1	1	7	2088	1593	83	28	60.016613	Βρέφος
5	1	202	1	1	8	2184	1594	55	21	79.865326	κατά,
5	1	202	1	1	9	2256	1594	25	27	88.804512	τή
5	1	202	1	1	10	2295	1594	73	31	74.246582	νύχτα
5	1	202	1	1	11	2360	1588	11	41	74.993210	]
2	1	203	0	0	0	1654	1939	712	58	-1	
3	1	203	1	0	0	1654	1939	712	58	-1	
4	1	203	1	1	0	1654	1939	712	58	-1	
5	1	203	1	1	1	1654	1950	25	20	83.567352	ρα
5	1	203	1	1	2	1694	1945	38	25	93.297951	τῆς
5	1	203	1	1	3	1746	1943	86	29	59.598545	ἀγάπης
5	1	203	1	1	4	1849	1942	43	22	81.866226	Ίου
5	1	203	1	1	5	1908	1944	11	20	64.612556	ὃ
5	1	203	1	1	6	1938	1942	47	38	66.661545	γιός
5	1	203	1	1	7	1996	1939	43	36	96.840401	τῆς
5	1	203	1	1	8	2050	1939	118	55	61.932064	Παρθένου,
5	1	203	1	1	9	2184	1945	9	19	91.016769	δ
5	1	203	1	1	10	2202	1939	164	58	0.000000	Ἀοαιοπόνητος
2	1	204	0	0	0	2364	893	18	1528	-1	
3	1	204	1	0	0	2364	893	18	1528	-1	
4	1	204	1	1	0	2364	893	18	1528	-1	
5	1	204	1	1	1	2364	893	18	1528	95.000000	 
2	1	205	0	0	0	2650	65	541	128	-1	
3	1	205	1	0	0	2650	65	541	128	-1	
4	1	205	1	1	0	2650	65	541	128	-1	
5	1	205	1	1	1	2650	77	219	99	11.249939	κ...
5	1	205	1	1	2	2889	128	108	64	1.157318	Ε΄.
5	1	205	1	1	3	2983	65	208	128	28.527916	μα.
2	1	206	0	0	0	3066	184	54	11	-1	
3	1	206	1	0	0	3066	184	54	11	-1	
4	1	206	1	1	0	3066	184	54	11	-1	
5	1	206	1	1	1	3066	184	54	11	95.000000	 
2	1	207	0	0	0	819	513	2328	82	-1	
3	1	207	1	0	0	819	513	2328	82	-1	
4	1	207	1	1	0	2894	513	253	37	-1	
5	1	207	1	1	1	2894	513	253	37	95.000000	 
4	1	207	1	2	0	819	550	50	45	-1	
5	1	207	1	2	1	819	550	50	45	95.000000	 
2	1	208	0	0	0	2502	520	382	59	-1	
3	1	208	1	0	0	2502	520	382	59	-1	
4	1	208	1	1	0	2502	520	382	29	-1	
5	1	208	1	1	1	2502	528	16	10	55.522232	τε
5	1	208	1	1	2	2537	523	176	26	51.828617	ΠοΥθΕΝΑ΄ΔΕΝ
5	1	208	1	1	3	2724	520	45	29	68.802948	θα
5	1	208	1	1	4	2779	525	105	24	0.000000	8ρητε-
4	1	208	1	2	0	2580	558	223	21	-1	
5	1	208	1	2	1	2568	558	146	44	13.381271	-αρα!Ώτερο
5	1	208	1	2	2	2730	559	73	20	39.754658	ΧηρΙο
2	1	209	0	0	0	2917	814	257	222	-1	
3	1	209	1	0	0	2917	814	257	222	-1	
4	1	209	1	1	0	3109	814	36	34	-1	
5	1	209	1	1	1	3109	814	36	34	95.000000	 
4	1	209	1	2	0	2969	897	205	45	-1	
5	1	209	1	2	1	2969	897	205	45	95.000000	 
4	1	209	1	3	0	2917	942	204	47	-1	
5	1	209	1	3	1	2917	942	204	47	95.000000	 
4	1	209	1	4	0	2943	989	178	47	-1	
5	1	209	1	4	1	2943	989	178	47	95.000000	 
2	1	210	0	0	0	2383	809	738	1001	-1	
3	1	210	1	0	0	2399	809	710	223	-1	
4	1	210	1	1	0	2430	809	679	53	-1	
5	1	210	1	1	1	2430	829	35	21	94.148613	Τό
5	1	210	1	1	2	2477	829	148	28	94.261230	Διοικητικό
5	1	210	1	1	3	2641	814	142	48	43.526215	Συμέούλιο
5	1	210	1	1	4	2795	826	44	36	97.000504	τοῦ
5	1	210	1	1	5	2826	815	7	8	48.872189	ὕ
5	1	210	1	1	6	2857	809	126	53	96.065460	Συλλόγου
5	1	210	1	1	7	2997	830	112	33	0.000000	Σεωργι-
4	1	210	1	2	0	2400	863	698	40	-1	
5	1	210	1	2	1	2400	864	108	27	54.458420	τσιάνων
5	1	210	1	2	2	2520	864	155	31	73.593506	᾽Αμερικῆς
5	1	210	1	2	3	2676	865	82	27	72.566406	1988
5	1	210	1	2	4	2773	865	174	32	88.680267	ἀπαρτίξεται
5	1	210	1	2	5	2947	866	48	27	74.877434	ἀπό,
5	1	210	1	2	6	3008	866	69	27	80.331223	τούς.
5	1	210	1	2	7	3077	863	21	40	31.533241	2.
4	1	210	1	3	0	2403	890	566	44	-1	
5	1	210	1	3	1	2403	893	141	27	0.000000	ΕΕΟΚΟΩΕ
5	1	210	1	3	2	2548	898	37	26	89.624908	Ρ.
5	1	210	1	3	3	2585	890	240	39	0.000000	ΚάκλΑαξΡανῖς
5	1	210	1	3	4	2837	894	132	40	34.546219	Πρόεδρος
4	1	210	1	4	0	2401	918	534	48	-1	
5	1	210	1	4	1	2401	932	91	30	71.653381	ΓΟΗΝ
5	1	210	1	4	2	2499	932	30	27	71.653381	Ε.
5	1	210	1	4	3	2542	918	100	48	69.472748	ΕΚΑΝ.
5	1	210	1	4	4	2640	933	65	32	78.716347	σος
5	1	210	1	4	5	2719	934	6	9	0.000000	)
5	1	210	1	4	6	2735	925	179	41	0.000000	Αντιπρόεδρος
5	1	210	1	4	7	2932	959	3	2	0.000000	:
4	1	210	1	5	0	2402	959	486	42	-1	
5	1	210	1	5	1	2402	968	131	23	21.027763	ΕΚΕΡΕΟ.
5	1	210	1	5	2	2539	959	230	42	0.000000	ΚΑΚΑΩΙΑΝΙς
5	1	210	1	5	3	2777	964	111	36	77.814865	Ταμίας.
4	1	210	1	6	0	2399	1003	611	29	-1	
5	1	210	1	6	1	2399	1003	131	26	73.728249	ΙΟΗΝΡ.
5	1	210	1	6	2	2539	997	228	30	80.699593	ΚΑΚΑΩΙΑΝΙ5
5	1	210	1	6	3	2777	1001	166	31	39.759056	Γραμματέας
5	1	210	1	6	4	3008	1015	2	2	0.000000	:
3	1	210	2	0	0	2396	1039	725	771	-1	
4	1	210	2	1	0	2437	1039	636	31	-1	
5	1	210	2	1	1	2437	1039	61	30	4.904549	«18
5	1	210	2	1	2	2511	1039	35	23	4.904549	4Η
5	1	210	2	1	3	2566	1039	246	30	75.645523	ΔΙΟΙΚΗΤΙΚΟΥ
5	1	210	2	1	4	2823	1040	250	32	53.096664	ΣΥΜΒΟΣΑΙΟΣ.
4	1	210	2	2	0	2401	1055	720	58	-1	
5	1	210	2	2	1	2401	1055	148	52	2.865898	ΤΗΕΟΣΊΙΙ
5	1	210	2	2	2	2557	1055	46	52	2.865898	ΙΟΣ
5	1	210	2	2	3	2611	1075	33	26	73.086151	5.
5	1	210	2	2	4	2662	1075	177	30	81.894989	6ΟΜΑΤΟΣ,
5	1	210	2	2	5	2844	1075	110	30	0.000000	ΝΙςΠΗ.
5	1	210	2	2	6	2966	1061	155	52	7.049698	νΙΝΙο5.;
4	1	210	2	3	0	2398	1097	707	48	-1	
5	1	210	2	3	1	2398	1109	107	31	18.518570	ΊΑΚΙς
5	1	210	2	3	2	2524	1102	299	39	22.506989	οξοκςοΡούυµο»,.
5	1	210	2	3	3	2841	1103	46	37	29.271355	Γεν
5	1	210	2	3	4	2898	1097	207	48	41.731472	ΡΕΕΝΟΚΑ5,
4	1	210	2	4	0	2397	1134	724	50	-1	
5	1	210	2	4	1	2397	1145	92	23	23.393768	ΡΑ01.
5	1	210	2	4	2	2516	1146	167	27	0.000000	5(ΑΝΕΑΣ,
5	1	210	2	4	3	2728	1134	190	50	8.609970	ΝΙΟΗΟΣΑ5.
5	1	210	2	4	4	2945	1138	176	46	15.262482	ΚΑΦΦΙΑ5..
4	1	210	2	5	0	2398	1181	358	47	-1	
5	1	210	2	5	1	2398	1181	114	32	76.406105	ΡΕΤΕΚ
5	1	210	2	5	2	2527	1182	229	46	21.507935	ΨΑΚΟΌΣΣΟΣ.
4	1	210	2	6	0	2400	1217	353	34	-1	
5	1	210	2	6	1	2400	1230	2	4	29.080330	τς
5	1	210	2	6	2	2458	1210	31	32	72.052872	Ὁ
5	1	210	2	6	3	2522	1217	171	34	39.538780	ἀκούραστος".
5	1	210	2	6	4	2710	1221	44	22	86.615852	καί
4	1	210	2	7	0	2398	1255	360	31	-1	
5	1	210	2	7	1	2398	1255	134	27	76.598663	στοργικός
5	1	210	2	7	2	2558	1255	129	29	93.265327	πρόεδρος
5	1	210	2	7	3	2707	1257	51	29	93.791801	τοῦ.
4	1	210	2	8	0	2398	1290	354	29	-1	
5	1	210	2	8	1	2398	1290	128	28	73.729126	Συλλόγου
5	1	210	2	8	2	2546	1299	24	13	78.714661	κ.
5	1	210	2	8	3	2611	1291	141	28	67.916840	αΕΟΚΟΕ
4	1	210	2	9	0	2398	1320	354	33	-1	
5	1	210	2	9	1	2398	1325	30	22	28.135727	Ῥ.
5	1	210	2	9	2	2447	1320	243	33	0.000000	ΚΑΚΑαΑΕΑΝΙ5,
5	1	210	2	9	3	2722	1327	30	21	93.047997	ἄν
4	1	210	2	10	0	2397	1361	355	31	-1	
5	1	210	2	10	1	2397	1361	43	22	43.368034	καί
5	1	210	2	10	2	2453	1361	141	28	95.801476	γεννήθηκε
5	1	210	2	10	3	2610	1361	70	31	92.214462	στήν
5	1	210	2	10	4	2690	1361	62	30	46.525497	᾿Αµμε
4	1	210	2	11	0	2397	1391	355	37	-1	
5	1	210	2	11	1	2397	1397	58	27	89.472961	θική
5	1	210	2	11	2	2474	1396	64	32	96.743904	εἶναι
5	1	210	2	11	3	2554	1392	147	36	80.976151	ἀκραιφνής
5	1	210	2	11	4	2716	1391	36	37	75.773682	Γε
4	1	210	2	12	0	2397	1423	354	55	-1	
5	1	210	2	12	1	2397	1423	166	55	71.239136	ὠργιεσιάνος
5	1	210	2	12	2	2579	1432	44	22	33.653076	μαΐ
5	1	210	2	12	3	2654	1429	97	31	83.403702	ἐκτιμᾶ-
4	1	210	2	13	0	2398	1467	353	33	-1	
5	1	210	2	13	1	2398	1476	39	14	83.231415	ται
5	1	210	2	13	2	2452	1467	48	22	49.504528	ἀπό
5	1	210	2	13	3	2510	1467	92	29	66.272507	ὅλους..
5	1	210	2	13	4	2608	1468	143	34	52.292080	Φροντίδον
4	1	210	2	14	0	2398	1494	374	55	-1	
5	1	210	2	14	1	2398	1499	51	50	76.593620	τας.
5	1	210	2	14	2	2454	1503	42	28	89.610077	γιά
5	1	210	2	14	3	2510	1494	53	44	92.518753	ὅλα,
5	1	210	2	14	4	2579	1503	62	33	96.872833	ἀλλά
5	1	210	2	14	5	2655	1504	46	24	65.819221	καί
5	1	210	2	14	6	2710	1504	62	31	73.901039	γιά.
4	1	210	2	15	0	2397	1533	380	34	-1	
5	1	210	2	15	1	2397	1538	46	29	95.120689	τήν
5	1	210	2	15	2	2459	1536	157	31	94.707848	ψυχαγωγία
5	1	210	2	15	3	2630	1540	51	20	89.123604	τῶν
5	1	210	2	15	4	2711	1547	40	19	88.447762	µε-
5	1	210	2	15	5	2766	1533	11	17	27.461594	-
4	1	210	2	16	0	2396	1574	369	27	-1	
5	1	210	2	16	1	2396	1574	51	21	92.293571	λῶν
5	1	210	2	16	2	2465	1574	130	27	91.728493	ὀργάνωσε
5	1	210	2	16	3	2610	1574	54	27	91.688728	στίς
5	1	210	2	16	4	2698	1574	67	26	70.396111	39:.
4	1	210	2	17	0	2399	1603	377	34	-1	
5	1	210	2	17	1	2399	1609	38	31	93.251495	10
5	1	210	2	17	2	2455	1609	149	28	91.474518	συνεστίαση
5	1	210	2	17	3	2618	1610	54	25	58.156418	καί.
5	1	210	2	17	4	2774	1603	2	3	0.000000	Ι
4	1	210	2	18	0	2397	1644	280	28	-1	
5	1	210	2	18	1	2397	1644	42	28	96.743050	στό
5	1	210	2	18	2	2637	1667	42	7	46.898315	αν
4	1	210	2	19	0	2397	1669	360	39	-1	
5	1	210	2	19	1	2397	1669	188	39	0.000000	ςΤΑὕΚΑΝΤ
5	1	210	2	19	2	2608	1677	71	28	76.930534	ὅπου
5	1	210	2	19	3	2698	1675	59	30	68.301346	δια-
4	1	210	2	20	0	2397	1709	353	39	-1	
5	1	210	2	20	1	2397	1709	124	39	92.918694	σκέδασαν
5	1	210	2	20	2	2548	1716	44	28	55.078949	μέ.
5	1	210	2	20	3	2609	1710	141	38	40.737083	ἁδιάπτωτο
4	1	210	2	21	0	2383	1749	352	31	-1	
5	1	210	2	21	1	2383	1751	83	27	20.377884	ωεέφε.
5	1	210	2	21	2	2470	1751	89	27	91.855179	µέχρι
5	1	210	2	21	3	2560	1751	73	27	20.609756	«τίς.
5	1	210	2	21	4	2636	1745	99	35	0.000000	πιρωρῖχὲ.
4	1	210	2	22	0	2398	1784	74	26	-1	
5	1	210	2	22	1	2398	1784	74	26	85.651581	ὧρες.
2	1	211	0	0	0	2913	1172	154	13	-1	
3	1	211	1	0	0	2913	1172	154	13	-1	
4	1	211	1	1	0	2913	1172	154	13	-1	
5	1	211	1	1	1	2913	1172	46	13	95.000000	 
5	1	211	1	1	2	3016	1172	51	10	95.000000	 
2	1	212	0	0	0	2606	1190	562	598	-1	
3	1	212	1	0	0	2606	1190	562	598	-1	
4	1	212	1	1	0	2755	1190	384	31	-1	
5	1	212	1	1	1	2755	1190	384	31	95.000000	 
4	1	212	1	2	0	2755	1221	384	20	-1	
5	1	212	1	2	1	2755	1221	384	20	95.000000	 
4	1	212	1	3	0	2753	1241	386	21	-1	
5	1	212	1	3	1	2753	1241	386	21	95.000000	 
4	1	212	1	4	0	2606	1262	516	51	-1	
5	1	212	1	4	1	2606	1262	516	51	95.000000	  
4	1	212	1	5	0	2753	1347	371	56	-1	
5	1	212	1	5	1	2753	1347	371	56	95.000000	   
4	1	212	1	6	0	2753	1403	371	36	-1	
5	1	212	1	6	1	2753	1403	371	36	95.000000	 
4	1	212	1	7	0	2753	1439	371	31	-1	
5	1	212	1	7	1	2753	1439	371	31	95.000000	 
4	1	212	1	8	0	2763	1470	359	40	-1	
5	1	212	1	8	1	2763	1470	359	40	95.000000	 
4	1	212	1	9	0	2756	1510	367	35	-1	
5	1	212	1	9	1	2756	1510	367	35	95.000000	 
4	1	212	1	10	0	2772	1545	351	32	-1	
5	1	212	1	10	1	2772	1545	351	32	95.000000	 
4	1	212	1	11	0	2752	1577	371	37	-1	
5	1	212	1	11	1	2752	1577	371	37	95.000000	 
4	1	212	1	12	0	2752	1614	364	35	-1	
5	1	212	1	12	1	2752	1614	364	35	95.000000	 
4	1	212	1	13	0	2752	1649	364	18	-1	
5	1	212	1	13	1	2752	1649	364	18	95.000000	 
4	1	212	1	14	0	2750	1667	366	48	-1	
5	1	212	1	14	1	2750	1667	366	48	95.000000	  
4	1	212	1	15	0	2750	1715	362	43	-1	
5	1	212	1	15	1	2750	1715	362	43	95.000000	 
4	1	212	1	16	0	2676	1758	492	30	-1	
5	1	212	1	16	1	2676	1758	492	30	95.000000	 
2	1	213	0	0	0	2620	1831	491	56	-1	
3	1	213	1	0	0	2620	1831	491	56	-1	
4	1	213	1	1	0	2620	1831	491	56	-1	
5	1	213	1	1	1	2620	1831	491	56	95.000000	 
2	1	214	0	0	0	2395	1862	718	129	-1	
3	1	214	1	0	0	2395	1862	718	94	-1	
4	1	214	1	1	0	2427	1862	686	65	-1	
5	1	214	1	1	1	2427	1890	31	22	76.374001	ο
5	1	214	1	1	2	2475	1877	146	41	73.890472	Σύνδεσμος
5	1	214	1	1	3	2634	1874	215	53	4.167747	Ῥεωργασιάνων
5	1	214	1	1	4	2858	1884	18	16	14.731331	.
5	1	214	1	1	5	2872	1862	121	61	0.000000	Αττικῆς,
5	1	214	1	1	6	3007	1869	106	44	0.000000	διύθεσε,
4	1	214	1	2	0	2395	1921	710	70	-1	
5	1	214	1	2	1	2395	1925	52	41	61.456062	8ο.
5	1	214	1	2	2	2451	1925	63	43	84.509476	σοο
5	1	214	1	2	3	2529	1925	57	29	55.276684	δρχ.
5	1	214	1	2	4	2595	1927	52	39	36.597439	«γιά
5	1	214	1	2	5	2664	1925	31	43	94.520920	τό
5	1	214	1	2	6	2698	1925	106	43	47.358383	«βάψιμο
5	1	214	1	2	7	2816	1921	61	44	73.105309	πῶν.
5	1	214	1	2	8	2863	1927	108	40	0.000000	ολλ
5	1	214	1	2	9	3002	1922	103	69	0.000000	ακάνων
2	1	215	0	0	0	2395	1958	837	147	-1	
3	1	215	1	0	0	2395	1958	837	147	-1	
4	1	215	1	1	0	2395	1958	837	147	-1	
5	1	215	1	1	1	2395	1958	837	147	95.000000	 
2	1	216	0	0	0	2396	2085	718	121	-1	
3	1	216	1	0	0	2404	2090	710	83	-1	
4	1	216	1	1	0	3097	2090	17	12	-1	
5	1	216	1	1	1	3097	2090	17	12	0.000000	Βοο
4	1	216	1	2	0	2426	2085	681	54	-1	
5	1	216	1	2	1	2426	2106	38	22	35.134705	ηιά
5	1	216	1	2	2	2478	2096	115	32	56.775898	καλάθια
5	1	216	1	2	3	2597	2095	44	39	85.879051	γιᾶ
5	1	216	1	2	4	2651	2102	38	26	42.139458	τα᾽
5	1	216	1	2	5	2694	2093	171	46	87.534256	ἀπορρίμματα
5	1	216	1	2	6	2880	2101	32	27	96.931824	τά
5	1	216	1	2	7	2897	2089	10	11	0.000000	ὁ
5	1	216	1	2	8	2924	2085	151	54	35.612900	τοποθέτησε
5	1	216	1	2	9	3089	2093	18	42	0.000000	ἑ
4	1	216	1	3	0	2396	2133	658	73	-1	
5	1	216	1	3	1	2396	2142	141	52	13.886368	πιεροπή
5	1	216	1	3	2	2551	2142	110	32	40.703598	ώση
5	1	216	1	3	3	2685	2143	30	63	12.148521	ὃν
5	1	216	1	3	4	2721	2133	169	47	0.000000	Ανάπτυξης.
5	1	216	1	3	5	2900	2143	45	29	93.298706	τοῦ
5	1	216	1	3	6	2958	2151	96	25	34.830681	χωριφοῦ
2	1	217	0	0	0	2984	2175	255	111	-1	
3	1	217	1	0	0	2984	2175	255	111	-1	
4	1	217	1	1	0	2984	2175	255	111	-1	
5	1	217	1	1	1	2984	2175	255	111	95.000000	   
2	1	218	0	0	0	3018	2170	29	2	-1	
3	1	218	1	0	0	3018	2170	29	2	-1	
4	1	218	1	1	0	3018	2170	29	2	-1	
5	1	218	1	1	1	3018	2170	29	2	95.000000	 
2	1	219	0	0	0	2394	2193	710	165	-1	
3	1	219	1	0	0	2394	2193	710	155	-1	
4	1	219	1	1	0	2408	2193	590	53	-1	
5	1	219	1	1	1	2408	2213	206	33	57.908726	:Συνεχίξεται
5	1	219	1	1	2	2602	2209	18	41	81.439590	ἤ
5	1	219	1	1	3	2630	2193	180	52	71.611794	συγκένερωση
5	1	219	1	1	4	2826	2200	141	46	80.635551	στοιχείων,
5	1	219	1	1	5	2974	2206	24	40	83.634766	τά
4	1	219	1	2	0	2395	2247	596	29	-1	
5	1	219	1	2	1	2395	2249	149	27	92.170189	πατριωτῶν
5	1	219	1	2	2	2556	2256	50	20	92.438477	µας
5	1	219	1	2	3	2620	2248	46	28	91.926903	στή
5	1	219	1	2	4	2680	2248	107	28	93.283409	περιοχή
5	1	219	1	2	5	2804	2244	132	32	24.467117	᾿Αττικῆς,
5	1	219	1	2	6	2950	2243	48	33	87.802551	γιά,
4	1	219	1	3	0	2394	2275	710	39	-1	
5	1	219	1	3	1	2394	2284	61	27	66.562317	δοση
5	1	219	1	3	2	2470	2285	44	23	93.294945	τοῦ
5	1	219	1	3	3	2524	2284	105	24	76.302734	Βιθλίου
5	1	219	1	3	4	2643	2297	7	3	91.475281	-
5	1	219	1	3	5	2665	2283	150	31	92.788895	Κατάλογος
5	1	219	1	3	6	2827	2284	49	34	96.864487	πού
5	1	219	1	3	7	2887	2284	76	34	76.220978	πολύ,
5	1	219	1	3	8	2984	2284	16	32	84.971550	θά
5	1	219	1	3	9	3010	2275	94	38	14.157227	ἑξυπη-
4	1	219	1	4	0	2395	2312	703	46	-1	
5	1	219	1	4	1	2395	2319	101	28	81.811554	ρετήσει
5	1	219	1	4	2	2508	2319	43	22	70.534073	καί
5	1	219	1	4	3	2558	2313	34	40	95.642914	θά
5	1	219	1	4	4	2600	2319	135	32	37.884781	προθάλλει
5	1	219	1	4	5	2746	2319	27	23	96.401077	τό
5	1	219	1	4	6	2781	2312	84	46	88.788002	χωριό
5	1	219	1	4	7	2869	2316	70	36	74.775925	μας..
5	1	219	1	4	8	3096	2339	3	7	0.000000	ι
2	1	220	0	0	0	2383	2342	741	395	-1	
3	1	220	1	0	0	2394	2342	712	53	-1	
4	1	220	1	1	0	2394	2342	712	53	-1	
5	1	220	1	1	1	2394	2366	27	21	46.444054	Ἡ
5	1	220	1	1	2	2434	2354	211	41	80.990288	ΕΦΗΜΕΡΙΔΑ
5	1	220	1	1	3	2660	2366	76	22	96.268143	ΜΑΣ
5	1	220	1	1	4	2745	2366	71	29	80.327721	ΓΙΑ
5	1	220	1	1	5	2829	2366	71	30	91.914787	ΤΟΝ
5	1	220	1	1	6	2916	2342	190	47	88.586182	ΚΑΤΑΛΟΓΟ
3	1	220	2	0	0	2395	2401	729	336	-1	
4	1	220	2	1	0	2426	2401	677	32	-1	
5	1	220	2	1	1	2426	2402	35	21	71.983902	Ἡ
5	1	220	2	1	2	2472	2401	150	28	91.933250	ἐφημερίδα
5	1	220	2	1	3	2625	2410	50	19	93.302750	µας
5	1	220	2	1	4	2688	2402	92	31	92.637550	θεωρεῖ
5	1	220	2	1	5	2792	2402	67	31	90.964951	πολύ
5	1	220	2	1	6	2870	2400	140	30	90.636292	σηµαντική
5	1	220	2	1	7	3022	2403	44	22	93.256790	καί
5	1	220	2	1	8	3079	2403	24	21	88.726929	ᾱ-
4	1	220	2	2	0	2396	2438	707	43	-1	
5	1	220	2	2	1	2396	2438	112	27	91.542931	ξιέπαινη
5	1	220	2	2	2	2525	2438	30	27	96.433731	τή
5	1	220	2	2	3	2572	2438	156	30	96.241829	προσπάθεια
5	1	220	2	2	4	2741	2440	44	20	96.258614	τοῦ
5	1	220	2	2	5	2802	2438	147	43	0.000000	Συνδέσμοι
5	1	220	2	2	6	2973	2438	130	30	0.000000	Αττικής
4	1	220	2	3	0	2395	2464	716	43	-1	
5	1	220	2	3	1	2395	2474	43	21	95.652145	καί
5	1	220	2	3	2	2452	2474	113	21	93.273911	πιστεύει
5	1	220	2	3	3	2581	2473	168	32	37.345387	ἀπράδαντα
5	1	220	2	3	4	2741	2474	38	21	93.302620	ὅτι
5	1	220	2	3	5	2792	2473	76	31	90.510948	αὐτός
5	1	220	2	3	6	2880	2473	13	22	66.725151	ὃ
5	1	220	2	3	7	2904	2473	31	22	38.721367	ΚΕ.
5	1	220	2	3	8	2936	2464	133	43	0.000000	ἀτάλόγος.
5	1	220	2	3	9	3073	2474	38	23	89.592194	θά.
4	1	220	2	4	0	2395	2505	650	32	-1	
5	1	220	2	4	1	2395	2508	63	22	96.962944	εἶναι
5	1	220	2	4	2	2469	2509	126	27	22.887260	πράγματι
5	1	220	2	4	3	2610	2508	199	33	93.011902	ὠφελιμότατος,
5	1	220	2	4	4	2826	2505	95	26	93.325455	καθότι
5	1	220	2	4	5	2929	2509	59	22	96.367500	ὅταν
5	1	220	2	4	6	2999	2507	46	30	39.259773	δη
4	1	220	2	5	0	2396	2540	728	35	-1	
5	1	220	2	5	1	2396	2552	58	13	93.201263	ευσε
5	1	220	2	5	2	2464	2544	152	27	95.654205	παλαιότερα
5	1	220	2	5	3	2626	2544	31	21	94.564377	τά
5	1	220	2	5	4	2672	2539	141	36	93.252975	τηλέφωνα
5	1	220	2	5	5	2822	2543	191	32	60.860321	Γεωργασίου,.
5	1	220	2	5	6	3016	2540	96	34	37.251057	Σπάρ-
5	1	220	2	5	7	3122	2543	2	2	88.927773	|
4	1	220	2	6	0	2396	2574	714	52	-1	
5	1	220	2	6	1	2396	2588	45	19	96.343292	της
5	1	220	2	6	2	2458	2580	43	23	92.047050	καί
5	1	220	2	6	3	2518	2580	81	21	93.301949	ἄλλων
5	1	220	2	6	4	2614	2576	136	35	91.525703	περιοχῶν,
5	1	220	2	6	5	2769	2579	80	28	11.426743	θρῆκε
5	1	220	2	6	6	2863	2574	88	52	51.863056	ἔντονη
5	1	220	2	6	7	2960	2578	6	32	0.000000	'
5	1	220	2	6	8	2982	2577	87	35	43.504467	ἀπῄχη
5	1	220	2	6	9	3105	2574	5	10	0.000000	:
4	1	220	2	7	0	2396	2608	705	51	-1	
5	1	220	2	7	1	2396	2612	42	23	43.926842	καέ
5	1	220	2	7	2	2458	2608	179	51	83.039886	ἀνταπόκριση,
5	1	220	2	7	3	2653	2614	54	27	92.772858	εἶχε
5	1	220	2	7	4	2721	2614	29	21	93.298576	δέ
5	1	220	2	7	5	2768	2615	45	20	54.395260	σάν
5	1	220	2	7	6	2828	2612	80	29	58.455666	ὁὀτόχο
5	1	220	2	7	7	2921	2616	31	19	93.296478	νά
5	1	220	2	7	8	2969	2611	132	25	85.485901	ἐπεκταθεῖ
4	1	220	2	8	0	2391	2640	718	53	-1	
5	1	220	2	8	1	2391	2644	65	35	94.004402	στήν
5	1	220	2	8	2	2474	2648	6	9	84.766518	᾿
5	1	220	2	8	3	2494	2648	77	40	94.918556	Αθήνα
5	1	220	2	8	4	2588	2648	44	21	62.824417	καΐ
5	1	220	2	8	5	2646	2644	80	48	96.750275	στούς
5	1	220	2	8	6	2743	2644	169	49	21.661102	᾽Απόδημους,
5	1	220	2	8	7	2913	2649	117	29	46.426540	γιά.νά.
5	1	220	2	8	8	3059	2645	2	3	85.162743	γί
5	1	220	2	8	9	3097	2640	12	7	0.000000	᾿
4	1	220	2	9	0	2395	2678	508	46	-1	
5	1	220	2	9	1	2394	2682	42	25	94.796135	μιά
5	1	220	2	9	2	2449	2680	92	28	93.833511	γενική
5	1	220	2	9	3	2556	2681	137	36	90.380684	ἀπογραφή
5	1	220	2	9	4	2707	2683	51	29	95.883987	τῶν
5	1	220	2	9	5	2770	2678	133	46	79.437668	ἄπανταχο
4	1	220	2	10	0	2383	2724	70	13	-1	
5	1	220	2	10	1	2383	2720	70	17	0.000000	τνων.
2	1	221	0	0	0	0	2739	3079	162	-1	
3	1	221	1	0	0	0	2739	3079	160	-1	
4	1	221	1	1	0	0	2739	3079	59	-1	
5	1	221	1	1	1	0	2759	25	14	27.540161	ὧν
5	1	221	1	1	2	43	2751	43	42	93.566010	στό
5	1	221	1	1	3	99	2750	116	43	46.113506	πέρασμα
5	1	221	1	1	4	232	2751	50	20	96.815948	τῶν
5	1	221	1	1	5	348	2762	187	29	88.649818	Παρακαλοῦμε
5	1	221	1	1	6	578	2763	78	28	39.872368	θερμά
5	1	221	1	1	7	757	2763	21	24	30.945442	.
5	1	221	1	1	8	903	2746	53	50	97.005325	σης
5	1	221	1	1	9	973	2750	130	31	93.298050	ζητήθηκε
5	1	221	1	1	10	1119	2750	16	30	86.169273	ἡ
5	1	221	1	1	11	1152	2750	141	37	92.902725	ἐπίσπευση
5	1	221	1	1	12	1307	2744	53	51	95.176910	καί
5	1	221	1	1	13	1369	2750	184	30	91.068245	ὁμαλοποίηση
5	1	221	1	1	14	1567	2750	47	31	96.538002	τῆς
5	1	221	1	1	15	1797	2774	6	11	0.000000	ἓ
5	1	221	1	1	16	1894	2777	3	3	19.298927	ι
5	1	221	1	1	17	1980	2775	6	10	0.000000	µ
5	1	221	1	1	18	2180	2774	5	11	3.789734	,
5	1	221	1	1	19	2299	2779	2	2	0.000000	ι
5	1	221	1	1	20	2421	2746	100	39	84.930702	Πρέπει
5	1	221	1	1	21	2533	2751	56	42	88.224625	ὅλοι
5	1	221	1	1	22	2600	2744	31	28	77.455872	νά
5	1	221	1	1	23	2647	2739	156	59	80.823151	συμθάλλουν
5	1	221	1	1	24	2820	2745	43	28	0.000000	καΐ
5	1	221	1	1	25	2874	2744	35	49	96.254555	θά
5	1	221	1	1	26	2924	2760	105	19	60.371910	πετύχει
5	1	221	1	1	27	3045	2760	34	13	0.842896	ἀσει
4	1	221	1	2	0	0	2772	3079	58	-1	
5	1	221	1	2	1	0	2787	29	28	88.092224	ήν
5	1	221	1	2	2	37	2794	43	14	60.515060	σιό
5	1	221	1	2	3	90	2786	64	42	89.151276	πολύ
5	1	221	1	2	4	167	2792	116	36	21.192139	ἄγνωστη
5	1	221	1	2	5	301	2798	97	23	25.309631	]οτεῖλτε
5	1	221	1	2	6	410	2798	32	28	85.219467	µέ
5	1	221	1	2	7	453	2798	105	28	92.008659	ἐπιταγή
5	1	221	1	2	8	571	2799	40	27	92.845200	τίς
5	1	221	1	2	9	624	2807	33	12	95.399826	κα
5	1	221	1	2	10	777	2788	2	28	46.817520	|
5	1	221	1	2	11	906	2792	64	22	93.302879	νέας
5	1	221	1	2	12	985	2786	143	29	81.915909	Λεώφόρου
5	1	221	1	2	13	1156	2785	67	30	96.552818	πρός
5	1	221	1	2	14	1252	2781	188	49	96.446136	Μεγαλόπολη.
5	1	221	1	2	15	1471	2782	142	37	92.295441	Πρόκειται
5	1	221	1	2	16	1722	2774	167	49	95.299133	Δρόμος
5	1	221	1	2	17	1907	2787	106	36	96.659409	προς
5	1	221	1	2	18	2031	2772	258	56	91.311203	Βρυσιώτικα
5	1	221	1	2	19	2311	2817	2	2	0.000000	ι
5	1	221	1	2	20	2395	2786	68	22	73.589798	λυτα.
5	1	221	1	2	21	2480	2786	75	22	85.313538	Εἶναι
5	1	221	1	2	22	2575	2786	146	29	89.724182	ἁδιανόητον
5	1	221	1	2	23	2736	2794	32	20	93.050446	νά
5	1	221	1	2	24	2786	2786	138	28	90.195915	ἀδρανήσει
5	1	221	1	2	25	2936	2787	112	30	94.433228	κάποιας
5	1	221	1	2	26	3062	2789	17	35	13.128853	τς
4	1	221	1	3	0	0	2816	3071	51	-1	
5	1	221	1	3	1	0	2821	155	28	58.369339	᾽αφερθοῦμε
5	1	221	1	3	2	167	2828	29	14	93.120720	σέ
5	1	221	1	3	3	209	2829	74	19	59.397491	µεγά-
5	1	221	1	3	4	302	2834	30	22	31.024040	[ϱ,,
5	1	221	1	3	5	335	2834	166	27	56.244473	στερούµενες
5	1	221	1	3	6	555	2833	100	28	50.993546	συνδθο-
5	1	221	1	3	7	777	2829	2	12	0.000000	ἳ
5	1	221	1	3	8	906	2821	50	28	93.285667	γιά
5	1	221	1	3	9	971	2822	69	29	91.292442	ἔργο
5	1	221	1	3	10	1056	2820	122	31	7.914566	μεγάλης
5	1	221	1	3	11	1189	2816	150	49	23.095695	σημασίας.
5	1	221	1	3	12	1353	2816	75	37	87.395912	Εἶναι
5	1	221	1	3	13	1441	2816	110	51	14.998543	ἀνόγκη
5	1	221	1	3	14	1576	2817	38	37	94.902718	νά
5	1	221	1	3	15	1921	2845	2	2	0.000000	-
5	1	221	1	3	16	2255	2854	2	2	0.000000	ι
5	1	221	1	3	17	2395	2824	50	25	8.041519	οῦ
5	1	221	1	3	18	2459	2822	32	21	93.297455	θά
5	1	221	1	3	19	2503	2822	137	28	89.239998	προέληθεῖ
5	1	221	1	3	20	2653	2822	43	23	78.351593	καΐ
5	1	221	1	3	21	2706	2820	88	33	96.872124	τίποτα
5	1	221	1	3	22	2806	2821	29	25	96.308357	δέ
5	1	221	1	3	23	2848	2822	32	21	96.972656	θά
5	1	221	1	3	24	2882	2822	101	38	70.451653	χάσει.
5	1	221	1	3	25	2985	2822	42	38	83.305870	Θά
5	1	221	1	3	26	3037	2831	34	34	84.697327	με
4	1	221	1	4	0	0	2853	3071	48	-1	
5	1	221	1	4	1	0	2865	20	19	48.428799	ς.
5	1	221	1	4	2	55	2856	69	28	87.453079	Στήν
5	1	221	1	4	3	153	2856	128	26	87.722656	Πελλάνα,
5	1	221	1	4	4	302	2869	55	30	88.807449	μές.
5	1	221	1	4	5	778	2863	2	27	0.000000	ἳ
5	1	221	1	4	6	907	2857	69	29	91.746208	γίνει
5	1	221	1	4	7	989	2857	212	31	91.055634	ἀποσυμφόρηση
5	1	221	1	4	8	1214	2856	49	31	91.687973	τῆς
5	1	221	1	4	9	1275	2856	109	30	91.687973	τοπικῆς
5	1	221	1	4	10	1398	2856	156	31	90.776566	οἰκονομίας
5	1	221	1	4	11	1583	2857	31	30	82.441299	µέ
5	1	221	1	4	12	1677	2862	139	23	44.617939	ΑΡΧΙΣΕΙ
5	1	221	1	4	13	1836	2863	15	30	91.449982	ἡ
5	1	221	1	4	14	1865	2863	119	32	96.807640	διάνοιξη
5	1	221	1	4	15	1999	2864	49	23	92.419373	τοῦ
5	1	221	1	4	16	2060	2860	103	35	90.289635	δρόµου
5	1	221	1	4	17	2191	2864	66	29	93.300125	πρός
5	1	221	1	4	18	2269	2864	87	29	90.612617	Παρα-
5	1	221	1	4	19	2394	2857	121	22	81.836052	ψοιώσουν
5	1	221	1	4	20	2528	2858	43	21	96.161438	καί
5	1	221	1	4	21	2586	2857	34	22	95.353752	θά
5	1	221	1	4	22	2628	2853	203	48	69.354820	παραπονοῦνται
5	1	221	1	4	23	2843	2857	76	40	74.481636	μόνον
5	1	221	1	4	24	2932	2857	57	34	92.297600	ὅσοι
5	1	221	1	4	25	3000	2851	71	34	0.000000	μεύνοὶ
2	1	222	0	0	0	0	2892	284	32	-1	
3	1	222	1	0	0	0	2892	284	32	-1	
4	1	222	1	1	0	0	2892	284	32	-1	
5	1	222	1	1	1	0	2894	25	30	81.583366	τή
5	1	222	1	1	2	39	2893	125	30	90.158928	Βελομίνα
5	1	222	1	1	3	179	2892	43	23	93.113991	καί
5	1	222	1	1	4	237	2892	47	30	90.748077	στή
2	1	223	0	0	0	173	3009	104	5	-1	
3	1	223	1	0	0	173	3009	104	5	-1	
4	1	223	1	1	0	173	3009	104	5	-1	
5	1	223	1	1	1	173	3009	104	5	95.000000	 
2	1	224	0	0	0	332	2960	324	30	-1	
3	1	224	1	0	0	332	2960	324	30	-1	
4	1	224	1	1	0	332	2960	324	30	-1	
5	1	224	1	1	1	332	2961	32	23	64.669586	Οἱ
5	1	224	1	1	2	374	2961	70	28	92.835602	Αφοί
5	1	224	1	1	3	457	2961	33	22	90.564995	Ν.
5	1	224	1	1	4	505	2960	113	30	49.364685	Δαρθίρη
5	1	224	1	1	5	633	2961	23	22	86.666435	ᾱ-
2	1	225	0	0	0	906	2892	708	66	-1	
3	1	225	1	0	0	906	2892	708	66	-1	
4	1	225	1	1	0	906	2892	708	31	-1	
5	1	225	1	1	1	906	2894	120	29	88.212440	ἄνοιγμα
5	1	225	1	1	2	1037	2894	46	21	93.982834	καί
5	1	225	1	1	3	1096	2893	54	22	94.695236	ἀπό
5	1	225	1	1	4	1162	2893	48	29	95.229874	τήν
5	1	225	1	1	5	1222	2892	105	30	96.830910	πλευρά
5	1	225	1	1	6	1340	2892	47	22	93.274590	τοῦ
5	1	225	1	1	7	1397	2892	137	28	80.332550	Ταὐγέτου
5	1	225	1	1	8	1547	2894	67	28	96.882294	πρός
4	1	225	1	2	0	909	2927	704	31	-1	
5	1	225	1	2	1	909	2928	130	30	72.395790	᾿Αρκαδία
5	1	225	1	2	2	1051	2928	46	22	93.301979	καί
5	1	225	1	2	3	1107	2928	153	29	90.953148	ἐλάφρυνση
5	1	225	1	2	4	1274	2928	47	29	93.033943	τῆς
5	1	225	1	2	5	1333	2927	64	22	92.979866	ὁδοῦ
5	1	225	1	2	6	1410	2928	123	29	93.291550	Σπάρτης
5	1	225	1	2	7	1547	2939	8	4	93.239120	-
5	1	225	1	2	8	1566	2928	47	29	96.884529	Τρι
2	1	226	0	0	0	1649	2898	707	47	-1	
3	1	226	1	0	0	1649	2898	707	47	-1	
4	1	226	1	1	0	1649	2898	707	47	-1	
5	1	226	1	1	1	1649	2898	96	29	71.897507	σχέϊκα
5	1	226	1	1	2	1762	2910	8	4	88.855743	-
5	1	226	1	1	3	1784	2900	174	28	88.855743	Βρυσιώτικα.
5	1	226	1	1	4	1977	2901	72	22	69.424515	"Ἕνα
5	1	226	1	1	5	2060	2901	93	29	90.241013	ὅραμα
5	1	226	1	1	6	2171	2900	61	32	95.680679	καί
5	1	226	1	1	7	2260	2900	96	45	96.904190	στόχος
2	1	227	0	0	0	1647	2930	709	50	-1	
3	1	227	1	0	0	1647	2930	709	50	-1	
4	1	227	1	1	0	1647	2930	709	50	-1	
5	1	227	1	1	1	1647	2933	48	29	93.301537	τῆς
5	1	227	1	1	2	1706	2933	165	30	91.658005	ἐφημερίδας
5	1	227	1	1	3	1888	2941	53	22	89.614098	µος
5	1	227	1	1	4	1952	2930	260	50	91.649658	πραγματοποιεῖται
5	1	227	1	1	5	2220	2935	6	26	17.295807	{
5	1	227	1	1	6	2245	2939	76	22	91.634361	Εἶναι
5	1	227	1	1	7	2334	2939	22	22	50.465069	ἐ-
2	1	228	0	0	0	2395	2893	652	88	-1	
3	1	228	1	0	0	2395	2893	652	70	-1	
4	1	228	1	1	0	2395	2893	118	37	-1	
5	1	228	1	1	1	2395	2893	118	37	92.618698	ἄγραφοι.
4	1	228	1	2	0	2421	2909	626	72	-1	
5	1	228	1	2	1	2421	2926	75	29	14.661591	Εἶναι
5	1	228	1	2	2	2511	2924	163	56	88.369385	ἀνεπίτρεπτο
5	1	228	1	2	3	2691	2932	31	29	88.115829	νά
5	1	228	1	2	4	2739	2932	47	44	77.276924	μή
5	1	228	1	2	5	2794	2909	179	72	0.000000	ννωριξόμασεί
5	1	228	1	2	6	2996	2932	51	36	92.486717	ὅλοι
2	1	229	0	0	0	0	2962	3109	160	-1	
3	1	229	1	0	0	0	2962	3017	47	-1	
4	1	229	1	1	0	0	2962	3017	47	-1	
5	1	229	1	1	1	0	2967	206	23	90.964836	ΚΑΦΕΙΤΖΗΣ
5	1	229	1	1	2	778	2968	2	29	69.303070	|
5	1	229	1	1	3	906	2964	104	27	96.419968	πόλεως
5	1	229	1	1	4	1024	2964	51	21	96.910011	πού
5	1	229	1	1	5	1091	2964	57	29	93.303703	ἔχει
5	1	229	1	1	6	1160	2963	50	22	92.242416	ὅλο
5	1	229	1	1	7	1224	2963	32	21	96.026634	τό
5	1	229	1	1	8	1275	2963	85	29	44.410725	Φάρος
5	1	229	1	1	9	1372	2962	52	22	92.791512	τῶν
5	1	229	1	1	10	1439	2963	174	29	89.688873	διακινήσεων
5	1	229	1	1	11	1647	2969	138	40	93.173737	πιτακτική
5	1	229	1	1	12	1801	2968	107	31	91.297867	ἀνάγκη
5	1	229	1	1	13	1922	2971	35	21	96.739708	νά
5	1	229	1	1	14	1971	2970	125	29	93.127571	φθάσει
5	1	229	1	1	15	2082	2977	44	22	96.420815	ὄχι
5	1	229	1	1	16	2142	2976	66	24	91.922272	µόνο
5	1	229	1	1	17	2226	2976	51	21	96.670258	στά
5	1	229	1	1	18	2292	2964	65	45	84.960815	Βρυ-
5	1	229	1	1	19	2394	2969	205	28	89.863335	Γεωργιτσιάνοι,
5	1	229	1	1	20	2620	2968	41	23	96.677956	ἐπί
5	1	229	1	1	21	2674	2966	77	25	95.464439	πλέον
5	1	229	1	1	22	2773	2968	96	39	88.992294	ἔχουμε
5	1	229	1	1	23	2880	2969	44	31	45.258308	καΐ
5	1	229	1	1	24	2959	2965	58	40	81.969818	ἀπεί
3	1	229	2	0	0	0	2993	3109	122	-1	
4	1	229	2	1	0	0	2993	3100	56	-1	
5	1	229	2	1	1	0	3000	95	49	14.144745	ρΡΙΑΣ
5	1	229	2	1	2	126	3010	42	5	38.372520	ο
5	1	229	2	1	3	302	2998	86	42	31.048508	γοιξαν
5	1	229	2	1	4	399	2993	52	44	92.498451	στή
5	1	229	2	1	5	467	2997	103	43	72.887276	Σπάρτη
5	1	229	2	1	6	591	2997	65	28	49.417767	᾿Αγη
5	1	229	2	1	7	909	3000	72	29	89.127197	µέσω
5	1	229	2	1	8	997	2999	150	30	72.716354	Πάρνωνος,
5	1	229	2	1	9	1647	3003	120	28	90.895790	σιώτικα,
5	1	229	2	1	10	1781	3004	74	22	95.633972	ἀλλά
5	1	229	2	1	11	1872	3005	46	22	93.302139	καί
5	1	229	2	1	12	1931	3006	31	29	88.450027	µέ
5	1	229	2	1	13	1975	3006	178	29	93.286415	παρακλάδια
5	1	229	2	1	14	2168	3012	34	21	75.189758	γά
5	1	229	2	1	15	2212	3011	144	33	80.729065	περιζώσει|
5	1	229	2	1	16	2391	3013	64	26	78.967567	µους.
5	1	229	2	1	17	2468	3004	139	32	79.528618	ἐκλεκτούς'
5	1	229	2	1	18	2622	2999	247	46	59.660332	γυναικοπατριῶτες
5	1	229	2	1	19	2881	3004	49	29	95.451515	πού
5	1	229	2	1	20	2941	2998	53	33	94.612999	δέν.
5	1	229	2	1	21	2992	2998	76	40	10.035698	πούς.
5	1	229	2	1	22	3088	3014	12	13	18.628220	έ
4	1	229	2	2	0	0	3014	3109	73	-1	
5	1	229	2	2	1	0	3058	164	22	2.302917	ΜΕΡΙΔΑΣ
5	1	229	2	2	2	303	3033	86	22	86.559006	σιλάου
5	1	229	2	2	3	409	3033	47	42	93.120712	17,
5	1	229	2	2	4	490	3033	94	28	71.199265	μεγάλο
5	1	229	2	2	5	603	3033	55	42	50.064297	'δύ
5	1	229	2	2	6	778	3036	4	31	0.000000	!
5	1	229	2	2	7	935	3034	157	31	93.297897	Προτάθηκε
5	1	229	2	2	8	1104	3035	16	30	90.663879	ἡ
5	1	229	2	2	9	1132	3034	96	30	90.912697	ἵδρυση
5	1	229	2	2	10	1245	3014	153	59	0.000000	Συνδέσμου
5	1	229	2	2	11	1411	3033	52	22	96.966972	τῶν
5	1	229	2	2	12	1474	3034	14	21	75.696991	8
5	1	229	2	2	13	1504	3034	109	29	89.978653	Κοινοτή|
5	1	229	2	2	14	1648	3039	49	30	90.265137	ὅλη
5	1	229	2	2	15	1709	3040	48	29	82.960114	τήν
5	1	229	2	2	16	1771	3040	110	30	96.714684	περιοχή
5	1	229	2	2	17	1895	3041	52	22	93.289696	στά
5	1	229	2	2	18	1961	3041	183	30	54.824757	Παρασχέϊῖκα.
5	1	229	2	2	19	2161	3041	54	29	88.266266	Νά
5	1	229	2	2	20	2218	3046	137	23	1.676010	ἐπεκταθεί]
5	1	229	2	2	21	2393	3048	84	19	0.000000	6ουµε.
5	1	229	2	2	22	2493	3040	35	21	93.295097	Τό
5	1	229	2	2	23	2546	3040	81	22	32.735359	Ειβλίο
5	1	229	2	2	24	2638	3030	150	57	95.626991	Κατάλογος
5	1	229	2	2	25	2804	3038	47	24	95.447487	θά
5	1	229	2	2	26	2852	3038	70	35	93.280090	γίνει
5	1	229	2	2	27	2929	3036	120	36	0.000000	ῥοναδικό
5	1	229	2	2	28	3048	3041	61	42	32.600258	μέ.
4	1	229	2	3	0	8	3068	3092	54	-1	
5	1	229	2	3	1	8	3093	173	22	93.321739	ΣΑΒΒΑΤΟΥ
5	1	229	2	3	2	302	3068	68	23	71.806282	ΡΕΚ
5	1	229	2	3	3	391	3075	147	21	79.239731	κατάστηµα
5	1	229	2	3	4	560	3076	95	36	0.000000	Ἕβοφι-
5	1	229	2	3	5	907	3076	51	16	77.179634	των
5	1	229	2	3	6	973	3071	31	29	89.050888	µέ
5	1	229	2	3	7	1016	3070	84	22	95.983444	σκοπό
5	1	229	2	3	8	1113	3070	48	29	93.301926	τὴν
5	1	229	2	3	9	1174	3069	191	30	92.326256	ἀντιμετώπιση
5	1	229	2	3	10	1383	3069	46	24	96.154922	καί
5	1	229	2	3	11	1440	3070	72	29	93.248177	κοινή
5	1	229	2	3	12	1528	3069	85	22	69.567612	ἐπίλυ-|
5	1	229	2	3	13	1649	3075	46	21	96.755386	καί
5	1	229	2	3	14	1706	3076	68	29	95.819809	πρός
5	1	229	2	3	15	1784	3076	32	21	92.654549	τό
5	1	229	2	3	16	1830	3076	91	27	91.450943	Λόγγο
5	1	229	2	3	17	1935	3076	92	32	91.843773	ἐπίσης
5	1	229	2	3	18	2043	3077	32	29	91.815361	µέ
5	1	229	2	3	19	2088	3082	209	26	93.287827	παρακλάδια,
5	1	229	2	3	20	2282	3072	15	41	90.013840	-
5	1	229	2	3	21	2308	3082	49	27	89.252541	γιό|
5	1	229	2	3	22	2393	3083	42	14	95.481819	σον
5	1	229	2	3	23	2451	3076	138	27	60.296482	γνωριμίας
5	1	229	2	3	24	2604	3076	43	21	73.506851	καί
5	1	229	2	3	25	2662	3071	186	51	25.814781	ἐπιιοινωνίας,
5	1	229	2	3	26	2862	3071	36	28	95.442436	θά.
5	1	229	2	3	27	2905	3069	121	42	89.029266	θοηθήσει
5	1	229	2	3	28	3042	3074	15	30	23.888184	ἃ
5	1	229	2	3	29	3039	3072	61	43	7.785172	ἀστδ-
2	1	230	0	0	0	0	3128	284	232	-1	
3	1	230	1	0	0	0	3128	284	219	-1	
4	1	230	1	1	0	0	3128	266	23	-1	
5	1	230	1	1	1	0	3129	16	22	90.581436	0
5	1	230	1	1	2	31	3128	47	23	95.286873	καί
5	1	230	1	1	3	92	3128	67	23	93.083664	18.00
5	1	230	1	1	4	173	3140	9	4	92.948090	-
5	1	230	1	1	5	199	3128	67	22	95.822433	21.00
4	1	230	1	2	0	0	3164	283	12	-1	
5	1	230	1	2	1	0	3160	62	24	21.258904	Ανω
5	1	230	1	2	2	84	3160	44	24	0.000000	ών
5	1	230	1	2	3	146	3160	52	24	0.000000	ών
5	1	230	1	2	4	206	3164	77	12	0.000000	ών
4	1	230	1	3	0	0	3181	284	32	-1	
5	1	230	1	3	1	0	3182	138	30	5.806969	'ατριώτης
5	1	230	1	3	2	152	3188	53	25	93.285805	µας
5	1	230	1	3	3	221	3181	63	23	92.710999	καλ-
4	1	230	1	4	0	0	3217	284	31	-1	
5	1	230	1	4	1	0	3218	48	30	87.594101	λης
5	1	230	1	4	2	61	3218	151	30	91.415482	Δημητρίου
5	1	230	1	4	3	225	3217	59	22	90.416412	ἀνέ-
4	1	230	1	5	0	0	3253	284	31	-1	
5	1	230	1	5	1	0	3254	167	30	0.000000	γιογράφηση
5	1	230	1	5	2	181	3253	49	22	96.803467	τοῦ
5	1	230	1	5	3	243	3253	41	22	88.929642	Να
4	1	230	1	6	0	0	3289	284	28	-1	
5	1	230	1	6	1	0	3289	58	28	0.000000	ζλες
5	1	230	1	6	2	69	3290	109	27	92.197205	εἰκόνες,
5	1	230	1	6	3	193	3289	91	27	95.352654	καθώς
4	1	230	1	7	0	0	3320	206	40	-1	
5	1	230	1	7	1	0	3320	62	40	82.170273	σου.
5	1	230	1	7	2	204	3339	2	2	43.199928	:
2	1	231	0	0	0	302	3108	350	241	-1	
3	1	231	1	0	0	302	3108	63	29	-1	
4	1	231	1	1	0	302	3108	63	29	-1	
5	1	231	1	1	1	302	3108	63	29	61.288322	μωγν.
3	1	231	2	0	0	312	3180	340	169	-1	
4	1	231	2	1	0	314	3180	336	24	-1	
5	1	231	2	1	1	314	3181	135	23	26.921555	ΚΑΦΕΙΑΛΗΣ
5	1	231	2	1	2	458	3180	192	23	67.479568	ΚΑΡΑΒΟΥΙΛΙΑ
4	1	231	2	2	0	312	3215	340	25	-1	
5	1	231	2	2	1	312	3216	120	24	38.155663	ΠΒΩΡ.Η.
5	1	231	2	2	2	441	3215	211	25	55.649246	ΚΑΡΑΒΟΥΛΙΑΙΣ
4	1	231	2	3	0	338	3251	288	29	-1	
5	1	231	2	3	1	338	3251	154	29	44.679646	Αριστοτέλους
5	1	231	2	3	2	501	3251	29	23	89.171555	60
5	1	231	2	3	3	538	3252	88	27	19.675026	᾿ΑΦῆναι
4	1	231	2	4	0	369	3287	207	28	-1	
5	1	231	2	4	1	369	3303	2	2	24.614822	ο
5	1	231	2	4	2	387	3288	56	27	70.882324	ηλ,
5	1	231	2	4	3	459	3287	117	23	58.850479	89.49.49
4	1	231	2	5	0	327	3324	280	25	-1	
5	1	231	2	5	1	327	3334	3	3	0.432358	τ
5	1	231	2	5	2	355	3324	74	25	0.432358	ΝΑΦΟΙ
5	1	231	2	5	3	443	3324	164	23	83.164856	«ΔΙΑΜΑΝΤΗ
2	1	232	0	0	0	907	3105	713	252	-1	
3	1	232	1	0	0	907	3105	713	142	-1	
4	1	232	1	1	0	907	3105	713	31	-1	
5	1	232	1	1	1	907	3112	32	23	96.280319	ση
5	1	232	1	1	2	952	3106	48	23	93.299469	τοῦ
5	1	232	1	1	3	1010	3106	120	30	92.271896	ὀχληροῦ
5	1	232	1	1	4	1144	3106	116	29	30.838539	θέματος
5	1	232	1	1	5	1273	3105	155	30	91.649559	ρυπάνσεως
5	1	232	1	1	6	1438	3105	47	22	93.159203	τοῦ
5	1	232	1	1	7	1499	3105	121	30	22.934509	περιόάλ͵
4	1	232	1	2	0	907	3140	706	35	-1	
5	1	232	1	2	1	907	3142	101	29	92.025459	λοντος,
5	1	232	1	2	2	1025	3142	31	33	86.275719	µέ
5	1	232	1	2	3	1072	3142	30	32	96.766327	τὴ
5	1	232	1	2	4	1116	3141	63	34	96.396881	ρίψη
5	1	232	1	2	5	1196	3140	52	23	93.295944	τῶν
5	1	232	1	2	6	1265	3140	159	23	92.066757	σκουπιδιῶν
5	1	232	1	2	7	1444	3141	79	30	93.219917	στούς
5	1	232	1	2	8	1530	3136	11	43	58.273697	.
5	1	232	1	2	9	1542	3140	71	33	60.328110	δρό-
4	1	232	1	3	0	907	3180	706	31	-1	
5	1	232	1	3	1	907	3187	73	24	50.014679	µους,
5	1	232	1	3	2	993	3180	57	29	96.760841	στίς
5	1	232	1	3	3	1063	3180	92	31	93.303001	πηγές,
5	1	232	1	3	4	1172	3180	35	24	79.398384	τόι
5	1	232	1	3	5	1222	3180	113	31	0.000000	ρέματα,
5	1	232	1	3	6	1349	3180	51	23	93.301010	στά
5	1	232	1	3	7	1418	3180	195	31	83.799980	κατοικούµενα
4	1	232	1	4	0	907	3216	472	31	-1	
5	1	232	1	4	1	907	3217	47	23	96.990295	καί
5	1	232	1	4	2	963	3217	156	30	96.276772	τουριστικά
5	1	232	1	4	3	1128	3216	65	31	94.052765	µέρη
5	1	232	1	4	4	1206	3216	52	23	93.289032	τῶν
5	1	232	1	4	5	1268	3216	111	31	91.394249	χωριῶν.
3	1	232	2	0	0	907	3248	706	109	-1	
4	1	232	2	1	0	928	3248	685	35	-1	
5	1	232	2	1	1	928	3248	35	27	6.031448	"Ἡ
5	1	232	2	1	2	980	3252	149	31	90.423477	ἔφημερίδα
5	1	232	2	1	3	1142	3259	52	23	93.300362	µας
5	1	232	2	1	4	1208	3252	145	30	91.958702	συγχαίρει
5	1	232	2	1	5	1367	3252	46	30	93.298813	τὴν
5	1	232	2	1	6	1426	3253	187	30	71.737091	ἐποικοδομητι
4	1	232	2	2	0	908	3288	705	31	-1	
5	1	232	2	2	1	908	3289	30	30	69.741798	κὴ
5	1	232	2	2	2	953	3288	65	31	90.850082	αὐτὴ
5	1	232	2	2	3	1036	3288	188	31	79.049850	πρωτοθουλία
5	1	232	2	2	4	1242	3288	46	22	91.312492	καί
5	1	232	2	2	5	1302	3288	106	30	91.312492	εὔχεται
5	1	232	2	2	6	1425	3288	120	30	92.661911	εὐόδωση
5	1	232	2	2	7	1561	3288	52	22	96.683067	τῶν
4	1	232	2	3	0	907	3323	706	34	-1	
5	1	232	2	3	1	907	3324	184	31	91.442062	προσπαθειῶν
5	1	232	2	3	2	1099	3324	49	28	46.730507	γίά
5	1	232	2	3	3	1165	3323	46	34	93.296127	τὴν
5	1	232	2	3	4	1222	3323	134	31	92.308960	ἀνάπτυξη
5	1	232	2	3	5	1372	3323	51	26	93.301804	τῶν
5	1	232	2	3	6	1436	3323	104	30	91.227570	χωριῶν
5	1	232	2	3	7	1555	3330	58	23	95.247810	µας.
2	1	233	0	0	0	1681	2467	676	57	-1	
3	1	233	1	0	0	1620	2423	737	916	-1	
4	1	233	1	1	0	1681	2467	676	57	-1	
5	1	233	1	1	1	1681	2476	125	28	47.523773	᾿Επίοης
5	1	233	1	1	2	1810	2479	43	19	91.790451	τοῦ
5	1	233	1	1	3	1873	2477	124	28	91.790451	εὐχόμεθα
5	1	233	1	1	4	2016	2474	107	50	43.034485	λαμπρή.
5	1	233	1	1	5	2135	2467	178	49	29.375244	σταδιοδρομίὰ
5	1	233	1	1	6	2328	2479	29	21	96.920311	τά
2	1	234	0	0	0	1648	3108	708	133	-1	
3	1	234	1	0	0	1648	3108	708	110	-1	
4	1	234	1	1	0	1648	3108	708	50	-1	
5	1	234	1	1	1	1648	3110	33	22	96.615829	νά
5	1	234	1	1	2	1694	3110	69	23	95.828629	εἶναι
5	1	234	1	1	3	1773	3111	113	22	96.464653	δυνατόν
5	1	234	1	1	4	1896	3112	81	26	96.952209	στούς
5	1	234	1	1	5	1990	3108	201	50	91.711807	συμπατριῶτες
5	1	234	1	1	6	2203	3118	36	21	93.275574	νά
5	1	234	1	1	7	2250	3117	106	27	59.357681	ἀξιοποι
4	1	234	1	2	0	1648	3146	706	47	-1	
5	1	234	1	2	1	1648	3146	82	34	68.948143	ἤσουν
5	1	234	1	2	2	1742	3147	35	24	93.288177	τά
5	1	234	1	2	3	1793	3146	45	35	80.930252	κτὴ
5	1	234	1	2	4	1843	3148	72	45	76.326180	ματά
5	1	234	1	2	5	1925	3154	63	28	96.727295	τους
5	1	234	1	2	6	2000	3148	50	24	96.466736	πού
5	1	234	1	2	7	2064	3148	70	24	96.604515	εἶναι
5	1	234	1	2	8	2147	3153	66	40	80.436829	τόσο
5	1	234	1	2	9	2226	3153	128	30	83.242554	προσοδο-
4	1	234	1	3	0	1648	3184	398	57	-1	
5	1	234	1	3	1	1648	3186	73	30	84.853577	φόρα
5	1	234	1	3	2	1730	3186	67	24	62.654442	καί...
5	1	234	1	3	3	1806	3187	81	22	62.654442	κοντά
5	1	234	1	3	4	1897	3188	49	25	96.508896	στό
5	1	234	1	3	5	1949	3184	97	57	1.748055	χῶριό.
2	1	235	0	0	0	1911	3231	429	2	-1	
3	1	235	1	0	0	1911	3231	429	2	-1	
4	1	235	1	1	0	1911	3231	429	2	-1	
5	1	235	1	1	1	1911	3231	429	2	95.000000	 
2	1	236	0	0	0	1644	3226	712	131	-1	
3	1	236	1	0	0	1648	3226	708	131	-1	
4	1	236	1	1	0	1677	3226	678	61	-1	
5	1	236	1	1	1	1677	3252	27	21	89.182770	Ἡ
5	1	236	1	1	2	1720	3226	150	61	82.328537	ἐφημερίδα
5	1	236	1	1	3	1887	3260	53	23	86.229156	µας
5	1	236	1	1	4	1957	3254	107	30	91.397705	εὔχεται
5	1	236	1	1	5	2096	3254	81	33	92.910706	στούς
5	1	236	1	1	6	2201	3254	154	29	90.659836	ἁπανταχοῦ
4	1	236	1	2	0	1644	3284	712	49	-1	
5	1	236	1	2	1	1644	3284	207	49	85.088608	συμπατριῶτες.
5	1	236	1	2	2	1856	3289	160	33	74.200546	χαρούμενα
5	1	236	1	2	3	2033	3284	199	42	96.619484	Χριστούγεννα
5	1	236	1	2	4	2248	3290	47	21	91.390411	καί
5	1	236	1	2	5	2317	3290	39	21	83.875275	εὖ-
4	1	236	1	3	0	1649	3323	276	34	-1	
5	1	236	1	3	1	1649	3323	140	30	47.186584	τυχισµένο
5	1	236	1	3	2	1801	3324	30	29	96.858582	τό
5	1	236	1	3	3	1838	3324	87	33	79.715363	1984...
2	1	237	0	0	0	2094	3329	57	44	-1	
3	1	237	1	0	0	2094	3329	57	44	-1	
4	1	237	1	1	0	2094	3329	57	44	-1	
5	1	237	1	1	1	2094	3329	57	44	60.143429	λ6
2	1	238	0	0	0	773	3342	1432	140	-1	
3	1	238	1	0	0	773	3342	1447	140	-1	
4	1	238	1	1	0	1054	3342	1110	75	-1	
5	1	238	1	1	1	1054	3360	107	30	0.000000	σντο
5	1	238	1	1	2	1378	3368	9	22	27.629204	Ν
5	1	238	1	1	3	1626	3371	81	28	20.778259	1ο,
5	1	238	1	1	4	1734	3352	83	65	60.541729	κα.
5	1	238	1	1	5	1986	3342	93	51	16.994362	5.
5	1	238	1	1	6	2094	3351	126	46	0.000000	πι
4	1	238	1	2	0	775	3376	1430	43	-1	
5	1	238	1	2	1	775	3392	3	24	30.133804	!
5	1	238	1	2	2	1119	3389	108	26	25.177948	239
5	1	238	1	2	3	1286	3376	61	43	22.949379	5
5	1	238	1	2	4	2198	3390	7	29	19.006699	ι
4	1	238	1	3	0	773	3387	1417	95	-1	
5	1	238	1	3	1	773	3417	9	65	66.741020	|
5	1	238	1	3	2	1055	3400	77	26	24.970276	λα
5	1	238	1	3	3	1188	3428	55	51	0.000000	.,
5	1	238	1	3	4	1329	3415	43	45	49.377869	το
5	1	238	1	3	5	1386	3398	75	43	20.073082	σα
5	1	238	1	3	6	1660	3392	107	70	0.000000	Γαοίς
5	1	238	1	3	7	1790	3396	27	17	0.000000	ᾳ
5	1	238	1	3	8	1748	3422	29	38	58.740799	6,
5	1	238	1	3	9	1796	3407	49	57	31.104820	σος
5	1	238	1	3	10	1973	3404	85	78	30.371887	ο.
5	1	238	1	3	11	2070	3393	85	89	0.000000	 ἳ]
5	1	238	1	3	12	2159	3387	31	40	25.945831	Ό
2	1	239	0	0	0	2388	3106	718	255	-1	
3	1	239	1	0	0	2394	3106	712	69	-1	
4	1	239	1	1	0	2394	3106	712	51	-1	
5	1	239	1	1	1	2394	3110	163	35	41.191673	τελεσµατικά
5	1	239	1	1	2	2575	3111	123	42	73.332565	ναρθοῦμε
5	1	239	1	1	3	2713	3111	29	35	96.363708	σέ
5	1	239	1	1	4	2763	3106	94	51	85.261543	ἐπαφή,
5	1	239	1	1	5	2869	3129	11	12	40.237244	;
5	1	239	1	1	6	2876	3112	31	21	92.801315	νά
5	1	239	1	1	7	2920	3110	146	31	83.179230	µάθουµε.
5	1	239	1	1	8	3095	3131	11	7	82.022514	ἀπιό.
4	1	239	1	2	0	2394	3139	693	40	-1	
5	1	239	1	2	1	2392	3147	49	27	96.680840	πού
5	1	239	1	2	2	2453	3147	104	27	90.631241	κρατάει
5	1	239	1	2	3	2572	3146	15	28	52.815453	ἡ
5	1	239	1	2	4	2606	3142	113	31	87.081863	σκούφια
5	1	239	1	2	5	2731	3154	58	20	95.625038	µας,
5	1	239	1	2	6	2806	3146	31	22	96.532333	νά
5	1	239	1	2	7	2852	3139	235	40	53.593067	ἀλληλοβοηθηθοῦμ
3	1	239	2	0	0	2392	3170	657	183	-1	
4	1	239	2	1	0	2394	3170	624	58	-1	
5	1	239	2	1	1	2394	3182	54	30	94.597633	στίς
5	1	239	2	1	2	2458	3182	114	27	96.314529	δουλειές
5	1	239	2	1	3	2580	3190	63	23	95.530449	µας,
5	1	239	2	1	4	2655	3182	32	23	95.370605	νά
5	1	239	2	1	5	2701	3170	317	58	83.132835	ἀλληλοσυμπαρασταθοῦμ
4	1	239	2	2	0	2392	3217	656	43	-1	
5	1	239	2	2	1	2392	3217	78	28	96.421783	χαρές
5	1	239	2	2	2	2484	3218	43	21	93.298927	καί
5	1	239	2	2	3	2541	3218	55	27	89.608505	οτίς
5	1	239	2	2	4	2610	3212	87	33	27.708038	Λλύπες:
5	1	239	2	2	5	2709	3217	49	31	60.452583	καί
5	1	239	2	2	6	2770	3217	77	31	72.916512	ἑκτός
5	1	239	2	2	7	2855	3217	52	34	96.376381	τῆς
5	1	239	2	2	8	2922	3217	126	43	0.000000	ἐπαγγελα
4	1	239	2	3	0	2388	3248	661	47	-1	
5	1	239	2	3	1	2388	3254	54	27	28.864059	τῆς
5	1	239	2	3	2	2452	3249	128	46	86.013718	προθολῆς
5	1	239	2	3	3	2596	3253	32	22	96.461639	θά
5	1	239	2	3	4	2640	3253	64	30	96.534538	εἶναι
5	1	239	2	3	5	2718	3253	44	30	93.850327	µία
5	1	239	2	3	6	2777	3248	142	47	69.627151	αὐθενεική.
5	1	239	2	3	7	2924	3261	65	27	89.937500	πηγή
5	1	239	2	3	8	3002	3253	17	30	78.545448	ἵ
5	1	239	2	3	9	3010	3252	39	23	29.881897	ΐστι
4	1	239	2	4	0	2393	3281	604	50	-1	
5	1	239	2	4	1	2393	3297	38	19	93.300438	ας,
5	1	239	2	4	2	2449	3288	24	22	93.035522	οἳ
5	1	239	2	4	3	2486	3288	112	29	91.349510	ἐπίγονοι
5	1	239	2	4	4	2611	3288	32	30	96.939339	θά
5	1	239	2	4	5	2657	3281	98	50	58.635944	ξέρουν.
5	1	239	2	4	6	2758	3287	72	23	96.197548	πόσοι
5	1	239	2	4	7	2844	3288	113	34	76.225967	ἤμασταν
5	1	239	2	4	8	2978	3289	19	21	56.114128	ἐό
4	1	239	2	5	0	2399	3319	566	42	-1	
5	1	239	2	5	1	2399	3324	42	22	95.450897	καὶ
5	1	239	2	5	2	2453	3325	72	22	95.739655	πόσοι
5	1	239	2	5	3	2535	3324	31	23	93.341087	θά
5	1	239	2	5	4	2583	3316	81	30	96.239166	εἶναι
5	1	239	2	5	5	2662	3324	63	28	76.038261	µετά
5	1	239	2	5	6	2731	3324	32	23	93.272980	τό
5	1	239	2	5	7	2770	3322	67	31	92.812767	ἔτος
5	1	239	2	5	8	2835	3319	38	27	47.710876	3.
5	1	239	2	5	9	2878	3319	87	42	14.483261	οσο.
2	1	240	0	0	0	945	550	2202	238	-1	
3	1	240	1	0	0	945	550	2202	238	-1	
4	1	240	1	1	0	945	550	2202	125	-1	
5	1	240	1	1	1	945	550	2202	125	95.000000	    
4	1	240	1	2	0	945	675	16	113	-1	
5	1	240	1	2	1	945	675	16	113	95.000000	 
2	1	241	0	0	0	2934	2297	313	64	-1	
3	1	241	1	0	0	2934	2297	313	64	-1	
4	1	241	1	1	0	2934	2297	313	64	-1	
5	1	241	1	1	1	2934	2297	313	64	95.000000	 
2	1	242	0	0	0	2894	2474	363	902	-1	
3	1	242	1	0	0	2894	2474	363	902	-1	
4	1	242	1	1	0	3036	2474	183	77	-1	
5	1	242	1	1	1	3036	2474	183	77	95.000000	   
4	1	242	1	2	0	3072	2551	185	50	-1	
5	1	242	1	2	1	3072	2551	185	50	95.000000	  
4	1	242	1	3	0	3101	2601	156	21	-1	
5	1	242	1	3	1	3101	2601	156	21	95.000000	 
4	1	242	1	4	0	2903	2641	317	81	-1	
5	1	242	1	4	1	2903	2641	317	81	95.000000	   
4	1	242	1	5	0	2908	2722	312	49	-1	
5	1	242	1	5	1	2908	2722	312	49	95.000000	 
4	1	242	1	6	0	3048	2771	75	42	-1	
5	1	242	1	6	1	3048	2771	75	42	95.000000	 
4	1	242	1	7	0	3071	2828	45	51	-1	
5	1	242	1	7	1	3071	2828	45	51	95.000000	   
4	1	242	1	8	0	2894	2884	227	34	-1	
5	1	242	1	8	1	2894	2884	227	34	95.000000	  
4	1	242	1	9	0	3018	2918	103	68	-1	
5	1	242	1	9	1	3018	2918	103	68	95.000000	  
4	1	242	1	10	0	3100	2986	19	37	-1	
5	1	242	1	10	1	3100	2986	19	37	95.000000	 
4	1	242	1	11	0	3035	3086	75	46	-1	
5	1	242	1	11	1	3035	3086	75	46	95.000000	  
4	1	242	1	12	0	3087	3132	28	19	-1	
5	1	242	1	12	1	3087	3132	28	19	95.000000	 
4	1	242	1	13	0	3020	3155	96	50	-1	
5	1	242	1	13	1	3020	3189	66	16	95.000000	 
5	1	242	1	13	2	3087	3155	29	34	95.000000	 
4	1	242	1	14	0	3048	3205	46	20	-1	
5	1	242	1	14	1	3048	3205	46	20	95.000000	 
4	1	242	1	15	0	3048	3225	71	33	-1	
5	1	242	1	15	1	3048	3225	71	33	95.000000	 
4	1	242	1	16	0	3014	3258	107	73	-1	
5	1	242	1	16	1	3014	3258	107	73	95.000000	  
4	1	242	1	17	0	2962	3331	159	45	-1	
5	1	242	1	17	1	2962	3331	159	45	95.000000	 
