level	page_num	block_num	par_num	line_num	word_num	left	top	width	height	conf	text
1	1	0	0	0	0	0	0	3951	3511	-1	
2	1	1	0	0	0	1581	0	1333	15	-1	
3	1	1	1	0	0	1581	0	1333	15	-1	
4	1	1	1	1	0	1581	0	1333	15	-1	
5	1	1	1	1	1	1581	0	1333	15	95.000000	 
2	1	2	0	0	0	1746	168	191	19	-1	
3	1	2	1	0	0	1746	168	191	19	-1	
4	1	2	1	1	0	1746	168	191	19	-1	
5	1	2	1	1	1	1746	168	43	19	92.466736	«ΤΟ
5	1	2	1	1	2	1799	168	138	19	0.000000	ΓΕΩΡΓΙΤΣΙ»
2	1	3	0	0	0	1572	2653	150	10	-1	
3	1	3	1	0	0	1572	2653	150	10	-1	
4	1	3	1	1	0	1572	2653	150	10	-1	
5	1	3	1	1	1	1572	2653	119	10	0.000000	Ὁ---
2	1	4	0	0	0	1729	2093	717	32	-1	
3	1	4	1	0	0	1729	2093	717	32	-1	
4	1	4	1	1	0	1729	2093	717	32	-1	
5	1	4	1	1	1	1729	2093	56	25	0.000000	'πούς
5	1	4	1	1	2	1794	2095	158	26	67.009766	ισυγχωρυανούς
5	1	4	1	1	3	1961	2100	38	15	95.075684	του
5	1	4	1	1	4	2008	2096	38	26	71.820236	γιά
5	1	4	1	1	5	2058	2096	39	27	92.561302	τήν
5	1	4	1	1	6	2108	2096	122	27	80.096100	ἐντιμάτητά,
5	1	4	1	1	7	2241	2104	37	13	91.445679	του
5	1	4	1	1	8	2284	2097	39	20	14.724762	καὺ
5	1	4	1	1	9	2328	2097	118	28	84.154465	κηδεύτηκε
2	1	5	0	0	0	3239	0	712	8	-1	
3	1	5	1	0	0	3239	0	712	8	-1	
4	1	5	1	1	0	3239	0	712	8	-1	
5	1	5	1	1	1	3239	0	712	8	95.000000	 
2	1	6	0	0	0	3807	168	122	19	-1	
3	1	6	1	0	0	3807	168	122	19	-1	
4	1	6	1	1	0	3807	168	122	19	-1	
5	1	6	1	1	1	3807	168	70	19	71.589912	Σελίδα
5	1	6	1	1	2	3889	168	11	18	92.018738	2
5	1	6	1	1	3	3909	178	20	3	55.439178	--
2	1	7	0	0	0	2316	203	1479	17	-1	
3	1	7	1	0	0	2316	203	1479	17	-1	
4	1	7	1	1	0	2316	203	1479	17	-1	
5	1	7	1	1	1	2316	203	1479	17	95.000000	 
2	1	8	0	0	0	1746	243	726	123	-1	
3	1	8	1	0	0	1746	243	726	123	-1	
4	1	8	1	1	0	1746	243	726	123	-1	
5	1	8	1	1	1	1746	243	726	123	95.000000	 
2	1	9	0	0	0	1744	376	726	453	-1	
3	1	9	1	0	0	1744	376	706	69	-1	
4	1	9	1	1	0	1772	376	678	33	-1	
5	1	9	1	1	1	1772	380	167	22	29.104729	ΤΕΝΝΗΣΒΙΣ:
5	1	9	1	1	2	1954	381	24	12	63.644279	--
5	1	9	1	1	3	1993	380	31	23	94.615639	Τὸ
5	1	9	1	1	4	2033	381	76	28	18.228264	ζεύγος
5	1	9	1	1	5	2121	380	64	29	0.000000	Λόινη
5	1	9	1	1	6	2197	381	63	28	31.699532	Ῥάκη
5	1	9	1	1	7	2272	376	145	28	79.290802	᾿Αθανασούλα,
5	1	9	1	1	8	2428	384	22	19	89.128357	ᾱ-
4	1	9	1	2	0	1744	416	536	29	-1	
5	1	9	1	2	1	1744	411	88	38	45.858551	πὀχτησέ
5	1	9	1	2	2	1844	411	97	38	74.806419	ἀγορὰκι,
5	1	9	1	2	3	1952	416	109	28	59.393013	δισέγγονο
5	1	9	1	2	4	2070	420	36	18	93.269997	τοῦ
5	1	9	1	2	5	2115	416	42	23	38.617558	Ἆπε
5	1	9	1	2	6	2165	416	115	29	60.768719	Διαμωντῆ.
3	1	9	2	0	0	1772	449	691	41	-1	
4	1	9	2	1	0	1772	449	691	41	-1	
5	1	9	2	1	1	1772	460	23	3	31.419861	--
5	1	9	2	1	2	1813	449	14	23	68.029770	Ἡ
5	1	9	2	1	3	1836	449	97	30	72.816208	σύζυγος
5	1	9	2	1	4	1944	450	58	23	25.971001	Διων.
5	1	9	2	1	5	2013	451	46	21	92.968735	Φιλ.
5	1	9	2	1	6	2078	451	99	28	13.276001	Τσερωτᾶ
5	1	9	2	1	7	2189	453	89	27	68.783539	γέννησε
5	1	9	2	1	8	2292	454	115	26	0.000000	χορυτσὰνα.
5	1	9	2	1	9	2461	480	2	10	87.357124	|
3	1	9	3	0	0	1745	483	725	66	-1	
4	1	9	3	1	0	1772	483	698	61	-1	
5	1	9	3	1	1	1772	496	24	3	36.008461	--
5	1	9	3	1	2	1809	485	28	22	36.008461	Ἡ
5	1	9	3	1	3	1849	486	73	22	89.051781	Βούλα
5	1	9	3	1	4	1937	486	46	26	10.065063	ισζ.
5	1	9	3	1	5	1994	486	101	29	79.730820	Γρηγόρη
5	1	9	3	1	6	2110	486	122	29	41.344543	Κουρτούλη
5	1	9	3	1	7	2249	488	87	27	93.510750	γέννησε
5	1	9	3	1	8	2353	483	83	61	0.000000	Ἀνοράκ
5	1	9	3	1	9	2468	491	2	6	0.000000	'
4	1	9	3	2	0	1745	521	341	28	-1	
5	1	9	3	2	1	1745	522	98	27	3.773941	ἐγγολάνο
5	1	9	3	2	2	1850	521	94	28	92.762672	Σταύρου
5	1	9	3	2	3	1953	521	133	28	48.266037	Γεωρηγούλη.
3	1	9	4	0	0	1754	534	709	87	-1	
4	1	9	4	1	0	1772	534	691	58	-1	
5	1	9	4	1	1	1772	556	62	23	24.961624	--'Ἡ
5	1	9	4	1	2	1850	557	92	28	31.120766	Ῥόγενία
5	1	9	4	1	3	1953	557	46	26	51.384754	συζ.
5	1	9	4	1	4	2014	557	83	28	23.110764	Βασίλη
5	1	9	4	1	5	2109	557	108	29	66.384506	Ῥογιαπζῆ
5	1	9	4	1	6	2233	559	103	33	52.131744	γέννησε
5	1	9	4	1	7	2349	534	94	58	42.352165	ἀγορδκι,
5	1	9	4	1	8	2455	538	8	42	69.589859	|
4	1	9	4	2	0	1747	592	339	29	-1	
5	1	9	4	2	1	1747	588	95	37	0.000000	ἐγγονάρω
5	1	9	4	2	2	1857	588	55	37	74.646873	Κων.
5	1	9	4	2	3	1928	588	44	37	87.543694	Ἠλ.
5	1	9	4	2	4	1983	588	103	37	88.164841	Τσερωτᾶ.
3	1	9	5	0	0	1744	644	708	101	-1	
4	1	9	5	1	0	1773	644	677	31	-1	
5	1	9	5	1	1	1773	644	175	23	72.460480	ΑΡΡΑΒΩΝΕΣ:
5	1	9	5	1	2	1964	640	29	39	72.627998	--
5	1	9	5	1	3	2011	645	110	29	57.440079	᾽Αμοιθαία
5	1	9	5	1	4	2136	647	105	28	31.660484	ὑπὸσχοση
5	1	9	5	1	5	2258	648	67	27	65.374306	γὰμου
5	1	9	5	1	6	2340	648	82	22	91.911446	ἔδωσαν
5	1	9	5	1	7	2439	650	11	19	91.911446	ὁ
4	1	9	5	2	0	1744	677	708	50	-1	
5	1	9	5	2	1	1744	681	90	28	44.960724	Ἀπαῦρος
5	1	9	5	2	2	1842	680	56	29	36.965271	ΔΥμ.
5	1	9	5	2	3	1910	680	97	29	10.745079	κλέκας
5	1	9	5	2	4	2017	682	44	25	79.986115	στίς
5	1	9	5	2	5	2072	680	83	23	23.492798	Ἡ.Π.Α.
5	1	9	5	2	6	2168	683	56	27	83.326439	µεπά
5	1	9	5	2	7	2235	685	38	25	93.278046	τῆς
5	1	9	5	2	8	2285	683	19	20	89.658859	δ.
5	1	9	5	2	9	2310	677	87	50	78.565262	Σρύλας
5	1	9	5	2	10	2424	683	28	22	89.506500	Ν.
4	1	9	5	3	0	1745	715	473	30	-1	
5	1	9	5	3	1	1745	715	145	30	0.000000	Νοκολαικάπιη,
5	1	9	5	3	2	1900	717	91	28	76.286285	ἐγγονῆς
5	1	9	5	3	3	1998	716	25	22	68.735466	Τ.
5	1	9	5	3	4	2034	716	184	29	34.438606	Μιχαλόχρηστα,.
3	1	9	6	0	0	1745	749	719	66	-1	
4	1	9	6	1	0	1771	749	693	58	-1	
5	1	9	6	1	1	1771	751	228	33	18.658150	--'Αρραθωνιάσπηκε
5	1	9	6	1	2	2010	753	12	20	93.102364	ὁ
5	1	9	6	1	3	2032	752	66	29	91.346031	Τεωρ.
5	1	9	6	1	4	2111	752	103	29	83.547668	Λουριδᾶς
5	1	9	6	1	5	2226	749	104	58	5.086487	δάαµαλος
5	1	9	6	1	6	2340	753	124	53	9.177246	Αλουροῦς]
4	1	9	6	2	0	1745	782	300	47	-1	
5	1	9	6	2	1	1745	788	23	37	89.336830	μέ
5	1	9	6	2	2	1778	787	68	28	92.690666	τὴν
5	1	9	6	2	3	1823	777	25	42	53.281860	δ.,
5	1	9	6	2	4	1852	781	69	34	61.074520	Σοφὶα,
5	1	9	6	2	5	1925	782	120	47	29.856041	Καλίδου.
2	1	10	0	0	0	1745	838	720	383	-1	
3	1	10	1	0	0	1745	838	705	99	-1	
4	1	10	1	1	0	1774	838	676	32	-1	
5	1	10	1	1	1	1774	838	139	23	23.059097	ΘΑΝΑΤΟΙ:
5	1	10	1	1	2	1932	849	24	4	67.375244	--
5	1	10	1	1	3	1967	840	48	25	41.909668	Σεὶς
5	1	10	1	1	4	2030	838	90	23	44.152802	32-5-84
5	1	10	1	1	5	2132	841	105	22	85.710670	ἀπεδίωσε
5	1	10	1	1	6	2254	842	53	27	46.926922	ατὴν
5	1	10	1	1	7	2322	841	80	29	72.191422	᾿Αθήνα
5	1	10	1	1	8	2415	850	35	14	96.431366	και
4	1	10	1	2	0	1745	870	705	47	-1	
5	1	10	1	2	1	1745	875	115	31	69.935211	χηβεύτηκε
5	1	10	1	2	2	1876	876	38	28	93.281708	στὸ
5	1	10	1	2	3	1928	874	113	35	50.422787	Ῥεωργύνσι
5	1	10	1	2	4	2056	876	12	31	86.700867	ἡ
5	1	10	1	2	5	2089	870	104	47	0.000000	Ασπασία
5	1	10	1	2	6	2208	876	45	25	10.147034	συς.
5	1	10	1	2	7	2267	876	27	21	89.365227	Π.
5	1	10	1	2	8	2315	876	100	29	67.964249	Ταερωτᾶ,
5	1	10	1	2	9	2427	879	23	19	94.697647	σέ
4	1	10	1	3	0	1746	909	176	28	-1	
5	1	10	1	3	1	1746	904	72	33	23.199707	ἠλιμλα
5	1	10	1	3	2	1826	910	30	20	93.201904	96
5	1	10	1	3	3	1863	902	59	29	92.270378	ἐτῶν.
3	1	10	2	0	0	1745	944	705	101	-1	
4	1	10	2	1	0	1772	944	678	30	-1	
5	1	10	2	1	1	1772	952	24	4	48.726086	--
5	1	10	2	1	2	1814	944	50	25	0.000000	Σηὶς
5	1	10	2	1	3	1878	934	89	31	41.769543	99.9-84
5	1	10	2	1	4	1983	945	106	21	48.232079	ἀπεδίωσε
5	1	10	2	1	5	2099	946	22	27	0.000000	-ἡ
5	1	10	2	1	6	2134	945	129	28	48.765244	Παναγιώτα
5	1	10	2	1	7	2278	944	83	30	65.217422	Παναγ:
5	1	10	2	1	8	2378	937	72	31	22.061600	Πασα
4	1	10	2	2	0	1746	976	704	34	-1	
5	1	10	2	2	1	1746	980	63	27	36.835484	ατὰθη
5	1	10	2	2	2	1821	980	82	27	67.715340	μητέρα
5	1	10	2	2	3	1916	982	37	18	92.770805	τοῦ
5	1	10	2	2	4	1977	980	134	28	84.866486	ὁδοντίατρου
5	1	10	2	2	5	2128	979	86	30	58.083069	Θανάση
5	1	10	2	2	6	2229	980	27	23	24.371857	ΤΠ.
5	1	10	2	2	7	2267	976	131	34	42.491486	Παπασπὰθη
5	1	10	2	2	8	2415	984	35	20	34.899025	οαὶ
4	1	10	2	3	0	1745	1014	705	31	-1	
5	1	10	2	3	1	1745	1014	116	28	73.052429	κηδεύτηκε
5	1	10	2	3	2	1873	1016	37	20	91.529152	στὸ
5	1	10	2	3	3	1921	1016	66	27	92.965790	χωριὸ
5	1	10	2	3	4	2002	1016	28	27	80.748550	µέ
5	1	10	2	3	5	2044	1016	98	28	88.585815	πάνδηµη
5	1	10	2	3	6	2152	1017	119	28	4.061188	συμμετοχὴ
5	1	10	2	3	7	2284	1020	41	20	92.533150	τῶν
5	1	10	2	3	8	2340	1018	110	21	55.709553	κατοϊκων.
3	1	10	3	0	0	1746	1048	705	68	-1	
4	1	10	3	1	0	1774	1048	677	33	-1	
5	1	10	3	1	1	1774	1058	23	4	4.185120	--
5	1	10	3	1	2	1808	1049	50	26	43.843197	Σπὶς
5	1	10	3	1	3	1867	1048	91	23	40.697540	24-9-84.
5	1	10	3	1	4	1970	1050	105	23	70.674591	ἀπεθίωσε
5	1	10	3	1	5	2086	1052	51	27	92.169724	στὴν
5	1	10	3	1	6	2154	1050	80	29	25.837814	᾿Αθὴνα
5	1	10	3	1	7	2246	1053	17	27	8.234039	ἣ
5	1	10	3	1	8	2273	1052	76	29	91.118996	Ἑλένη
5	1	10	3	1	9	2365	1052	19	23	10.375069	1.
5	1	10	3	1	10	2400	1052	51	23	68.883514	Ῥασ-
4	1	10	3	2	0	1746	1086	589	30	-1	
5	1	10	3	2	1	1746	1088	35	21	74.654732	σιᾶ,
5	1	10	3	2	2	1788	1086	37	20	21.569344	πικὶ
5	1	10	3	2	3	1834	1086	118	27	0.000000	κηδεύτηκε
5	1	10	3	2	4	1963	1086	37	21	93.245308	στὸ
5	1	10	3	2	5	2010	1087	74	27	92.676704	χωριὸ,
5	1	10	3	2	6	2090	1087	27	27	88.759209	µέ
5	1	10	3	2	7	2125	1087	75	28	70.860992	γενυκὴ
5	1	10	3	2	8	2210	1088	125	28	28.465912	συμμετοχ].
3	1	10	4	0	0	1746	1120	719	101	-1	
4	1	10	4	1	0	1773	1120	679	32	-1	
5	1	10	4	1	1	1773	1129	24	3	13.975967	--
5	1	10	4	1	2	1810	1120	49	26	78.957932	Σπὶς
5	1	10	4	1	3	1874	1121	91	21	25.023964	91-32-84
5	1	10	4	1	4	1976	1122	76	21	95.897858	πέθανε
5	1	10	4	1	5	2066	1122	38	21	74.532646	καὶ
5	1	10	4	1	6	2121	1122	119	29	25.472687	κηδεύτηκε
5	1	10	4	1	7	2273	1124	39	27	38.513065	«τὴ
5	1	10	4	1	8	2325	1123	93	29	64.622162	Σπάρτη,
5	1	10	4	1	9	2438	1125	14	27	14.337273	Ἡ
4	1	10	4	2	0	1746	1155	719	45	-1	
5	1	10	4	2	1	1746	1155	86	28	19.987579	Μαριχὺ
5	1	10	4	2	2	1849	1155	19	21	0.666504	Ἱ.
5	1	10	4	2	3	1883	1155	132	29	31.519241	Τζάνετάκη,
5	1	10	4	2	4	2032	1157	82	28	54.900620	ψητέρα
5	1	10	4	2	5	2124	1160	37	19	93.267563	τοῦ
5	1	10	4	2	6	2178	1161	93	24	61.271427	ὙἨνωστοῦ
5	1	10	4	2	7	2285	1159	62	28	10.269814	αοοὺς
5	1	10	4	2	8	2363	1158	87	29	77.247475	Γεωῤγι-
5	1	10	4	2	9	2461	1168	4	32	75.026794	|
4	1	10	4	3	0	1748	1190	437	31	-1	
5	1	10	4	3	1	1748	1192	91	24	0.000000	Ἠσιάνους
5	1	10	4	3	2	1847	1192	131	27	60.134857	ὀδουτίατρου
5	1	10	4	3	3	1986	1190	25	22	82.605469	Τ.
5	1	10	4	3	4	2023	1191	17	22	21.872177	Ἱ.
5	1	10	4	3	5	2052	1192	133	29	0.000000	Τζαννετάκη.
2	1	11	0	0	0	2460	267	7	384	-1	
3	1	11	1	0	0	2460	267	7	384	-1	
4	1	11	1	1	0	2460	267	7	384	-1	
5	1	11	1	1	1	2460	267	7	384	95.000000	 
2	1	12	0	0	0	1719	1212	765	83	-1	
3	1	12	1	0	0	1719	1212	765	83	-1	
4	1	12	1	1	0	1772	1212	712	49	-1	
5	1	12	1	1	1	1772	1234	25	6	18.465950	--
5	1	12	1	1	2	1808	1225	81	23	83.250557	Πέθανε
5	1	12	1	1	3	1901	1227	53	30	58.427773	στὴν
5	1	12	1	1	4	1970	1226	79	29	82.330688	᾿Αθήνα
5	1	12	1	1	5	2058	1228	11	20	40.290482	ὁ
5	1	12	1	1	6	2084	1227	96	28	81.016754	Χρήστος
5	1	12	1	1	7	2190	1228	36	23	40.630219	Στ.
5	1	12	1	1	8	2240	1212	148	49	39.987312	Νεοφὠτιστος,
5	1	12	1	1	9	2403	1230	5	7	81.874893	ὃ
5	1	12	1	1	10	2401	1230	51	21	91.063133	ὅπου
5	1	12	1	1	11	2465	1250	2	2	75.184235	|.
4	1	12	1	2	0	1719	1262	733	33	-1	
5	1	12	1	2	1	1719	1272	3	5	3.283600	{.
5	1	12	1	2	2	1745	1262	100	27	32.135475	Ἐκηδεύθη
5	1	12	1	2	3	1858	1263	27	26	51.534676	μέ
5	1	12	1	2	4	1894	1263	161	28	14.858101	συμπαράσταση
5	1	12	1	2	5	2069	1266	42	29	91.490578	τῶν
5	1	12	1	2	6	2122	1267	109	24	89.735756	συγγενῶν
5	1	12	1	2	7	2243	1265	36	20	88.254028	καὶ
5	1	12	1	2	8	2291	1269	161	24	47.808361	συμπιατριωτῶν
2	1	13	0	0	0	1742	1296	708	387	-1	
3	1	13	1	0	0	1744	1296	706	102	-1	
4	1	13	1	1	0	1773	1296	677	33	-1	
5	1	13	1	1	1	1773	1296	152	22	38.010109	ΑΓΟΡΙΑΝΗ.
5	1	13	1	1	2	1940	1297	113	22	37.862892	--Ἠέθανε
5	1	13	1	1	3	2068	1299	53	27	93.234467	στὴν
5	1	13	1	1	4	2134	1298	102	29	90.927353	᾽Αμερικὴ
5	1	13	1	1	5	2249	1300	11	21	92.789711	ὁ
5	1	13	1	1	6	2273	1299	67	29	48.533051	Ῥεωρ.
5	1	13	1	1	7	2352	1300	26	21	92.392151	Χ.
5	1	13	1	1	8	2393	1300	57	29	87.093590	Τσὰγ
4	1	13	1	2	0	1744	1333	706	31	-1	
5	1	13	1	2	1	1744	1340	51	19	32.750572	Ἆρας
5	1	13	1	2	2	1806	1333	37	20	96.151031	καὶ
5	1	13	1	2	3	1853	1333	146	28	32.442345	μεταφέρθηκε
5	1	13	1	2	4	2011	1334	144	27	39.661503	ἀεροπορυχῶς
5	1	13	1	2	5	2166	1334	37	21	74.667030	διὰ,
5	1	13	1	2	6	2215	1336	28	21	74.908524	νὰ,
5	1	13	1	2	7	2254	1336	132	27	64.524612	ἐνπαφιασθεῖ
5	1	13	1	2	8	2400	1337	50	27	95.247444	στὴν
4	1	13	1	3	0	1745	1366	625	32	-1	
5	1	13	1	3	1	1745	1366	122	29	38.818203	᾿Απγόριανη.
5	1	13	1	3	2	1878	1367	86	29	88.469742	Ἐπίσης
5	1	13	1	3	3	1973	1369	15	27	25.702881	ἡ
5	1	13	1	3	4	1995	1368	97	29	0.276489	Βασλωκὴ
5	1	13	1	3	5	2105	1368	115	30	60.037258	᾿Αρθανίτη
5	1	13	1	3	6	2229	1370	27	21	75.021927	99
5	1	13	1	3	7	2266	1371	60	22	75.866882	ἐτῶν.
3	1	13	2	0	0	1743	1402	705	69	-1	
4	1	13	2	1	0	1770	1402	678	35	-1	
5	1	13	2	1	1	1770	1402	145	23	80.520767	ΠΕΛΛΑΝΑ.
5	1	13	2	1	2	1930	1413	23	2	17.180519	--
5	1	13	2	1	3	1965	1404	82	22	47.734829	Ἠθθωνε
5	1	13	2	1	4	2061	1405	52	28	93.237961	στὴν
5	1	13	2	1	5	2123	1404	101	23	63.292446	Πελλάνα
5	1	13	2	1	6	2237	1406	16	28	92.620705	ἡ
5	1	13	2	1	7	2265	1406	92	31	77.615562	Εὐδοχία
5	1	13	2	1	8	2372	1406	76	29	81.457214	Βαροῦ-
4	1	13	2	2	0	1743	1439	677	32	-1	
5	1	13	2	2	1	1743	1445	48	17	82.358711	τσου
5	1	13	2	2	2	1803	1439	31	23	92.618729	90
5	1	13	2	2	3	1844	1440	51	23	91.685417	ἐτῶν
5	1	13	2	2	4	1911	1439	86	30	36.046837	᾿Ἠπίσης
5	1	13	2	2	5	2009	1441	14	28	91.188972	ἡ
5	1	13	2	2	6	2036	1440	93	23	19.396553	Ἠόδακία
5	1	13	2	2	7	2140	1441	27	22	66.582054	Α.
5	1	13	2	2	8	2179	1442	129	29	35.127045	Παπασπάθη
5	1	13	2	2	9	2319	1443	29	22	91.586029	98
5	1	13	2	2	10	2362	1444	58	22	84.840958	ἐτῶν.
3	1	13	3	0	0	1744	1474	704	67	-1	
4	1	13	3	1	0	1770	1474	678	48	-1	
5	1	13	3	1	1	1770	1474	189	23	24.528313	ΔΟΓΓΑΝΙΚΟΣ.
5	1	13	3	1	2	1972	1486	24	3	83.443588	--
5	1	13	3	1	3	2009	1476	81	23	94.532761	Πέθανε
5	1	13	3	1	4	2103	1478	52	27	79.070404	στὴν
5	1	13	3	1	5	2167	1477	101	30	84.605598	᾽Αμερικὴ
5	1	13	3	1	6	2282	1480	36	21	29.025497	καὶ
5	1	13	3	1	7	2331	1475	117	47	0.000000	οηδούτηροε
4	1	13	3	2	0	1744	1510	564	31	-1	
5	1	13	3	2	1	1744	1512	35	21	93.053337	ατὸ
5	1	13	3	2	2	1788	1510	139	29	5.327438	Λογγνωήκο
5	1	13	3	2	3	1918	1506	14	39	92.674911	ὁ
5	1	13	3	2	4	1942	1512	93	29	64.249954	Σταῦρος
5	1	13	3	2	5	2041	1512	43	29	87.098709	Χρ.
5	1	13	3	2	6	2094	1511	109	30	32.305077	᾽Αγγὰνης
5	1	13	3	2	7	2211	1515	54	22	78.824371	ἐνῶν
5	1	13	3	2	8	2275	1515	33	22	92.744240	80.
3	1	13	4	0	0	1743	1538	705	70	-1	
4	1	13	4	1	0	1769	1538	679	68	-1	
5	1	13	4	1	1	1769	1546	44	22	0.000000	ΑΠ.
5	1	13	4	1	2	1823	1546	68	29	59.653763	ΚΩΝ)
5	1	13	4	1	3	1898	1546	64	24	90.691833	ΝΟΣ.
5	1	13	4	1	4	1978	1557	23	4	76.924629	--
5	1	13	4	1	5	2014	1548	81	23	91.389870	Πέθανε
5	1	13	4	1	6	2110	1549	42	26	88.065681	ατὶς
5	1	13	4	1	7	2165	1549	83	22	47.011581	Η.Π.Α.
5	1	13	4	1	8	2260	1551	12	20	88.717087	ὁ
5	1	13	4	1	9	2291	1538	81	68	0.000000	Τδιμης
5	1	13	4	1	10	2382	1546	66	51	66.916054	Δημὸ-
4	1	13	4	2	0	1743	1582	82	26	-1	
5	1	13	4	2	1	1743	1582	82	26	64.211914	πρυλας,
3	1	13	5	0	0	1742	1614	705	69	-1	
4	1	13	5	1	0	1768	1614	679	38	-1	
5	1	13	5	1	1	1768	1616	136	23	86.665207	ΚΑΣΤΟΡΙ.
5	1	13	5	1	2	1920	1628	24	3	65.839516	--
5	1	13	5	1	3	1956	1607	81	34	0.000000	Πέθινε
5	1	13	5	1	4	2054	1614	88	38	54.299053	ξαφνυκὰ
5	1	13	5	1	5	2154	1621	14	27	91.381348	ἡ
5	1	13	5	1	6	2186	1608	108	35	39.311752	Αντωνία
5	1	13	5	1	7	2301	1620	25	22	91.890976	Δ.
5	1	13	5	1	8	2339	1621	108	29	77.101730	Σπυροποὺ
4	1	13	5	2	0	1742	1653	434	30	-1	
5	1	13	5	2	1	1742	1653	37	20	93.140900	λου
5	1	13	5	2	2	1785	1653	83	28	17.822876	µεγάλη
5	1	13	5	2	3	1880	1654	107	27	67.769669	εὐεργέτις
5	1	13	5	2	4	1995	1657	36	18	93.278748	τοῦ
5	1	13	5	2	5	2040	1654	136	29	72.457535	Καστορείου.
2	1	14	0	0	0	1741	1704	705	34	-1	
3	1	14	1	0	0	1741	1704	705	34	-1	
4	1	14	1	1	0	1741	1704	705	34	-1	
5	1	14	1	1	1	1741	1704	185	23	68.165070	ΜΝΗΜΟΣΥΝΑ:
5	1	14	1	1	2	1942	1716	23	3	82.951256	--
5	1	14	1	1	3	1976	1706	49	27	72.831863	Σπὶς
5	1	14	1	1	4	2040	1707	89	22	69.973259	18-85-84
5	1	14	1	1	5	2137	1708	113	28	85.449677	πελέσθηκε
5	1	14	1	1	6	2262	1710	52	27	93.230148	στὴν
5	1	14	1	1	7	2328	1709	118	29	61.618469	Ὑπαποντὴ
2	1	15	0	0	0	2458	1591	3	26	-1	
3	1	15	1	0	0	2458	1591	3	26	-1	
4	1	15	1	1	0	2458	1591	3	12	-1	
5	1	15	1	1	1	2458	1591	3	12	90.546150	1
4	1	15	1	2	0	2458	1604	3	13	-1	
5	1	15	1	2	1	2458	1604	3	13	8.537354	1
2	1	16	0	0	0	1741	1738	705	63	-1	
3	1	16	1	0	0	1741	1738	719	65	-1	
4	1	16	1	1	0	1741	1738	705	63	-1	
5	1	16	1	1	1	1741	1741	22	20	93.248108	τὸ
5	1	16	1	1	2	1776	1740	96	29	21.942207	4θ0ἡμερο
5	1	16	1	1	3	1879	1742	118	27	65.654984	μνημόσυνο
5	1	16	1	1	4	2008	1745	39	25	96.993721	τῆς
5	1	16	1	1	5	2053	1738	144	56	36.560482	Πανοιγιόπας
5	1	16	1	1	6	2207	1744	28	21	84.262787	Π.
5	1	16	1	1	7	2247	1753	2	10	60.775192	|
5	1	16	1	1	8	2240	1739	131	62	0.000000	απαθή
5	1	16	1	1	9	2385	1789	17	8	0.000000	ν
5	1	16	1	1	10	2389	1746	25	27	83.571342	μέ
5	1	16	1	1	11	2425	1754	21	13	84.532303	συ
2	1	17	0	0	0	1739	1777	720	312	-1	
3	1	17	1	0	0	1741	1777	322	27	-1	
4	1	17	1	1	0	1741	1777	322	27	-1	
5	1	17	1	1	1	1741	1777	139	26	59.367996	µπαρὰσπαση
5	1	17	1	1	2	1890	1777	79	20	11.481926	πολιοῦ
5	1	17	1	1	3	1979	1778	84	26	34.148857	κόσμου.
3	1	17	2	0	0	1740	1787	705	122	-1	
4	1	17	2	1	0	1768	1787	677	54	-1	
5	1	17	2	1	1	1768	1818	23	3	16.139412	--
5	1	17	2	1	2	1807	1810	120	28	49.479908	Τελέσθηκε
5	1	17	2	1	3	1938	1812	37	20	90.701157	ατὸ
5	1	17	2	1	4	1991	1811	130	22	89.944641	ΠΑΡΔΑΛΙ
5	1	17	2	1	5	2134	1813	73	27	77.112862	ἐτῆσιο
5	1	17	2	1	6	2219	1787	119	54	51.326874	---
5	1	17	2	1	7	2353	1818	37	17	92.944313	τοῦ
5	1	17	2	1	8	2405	1816	40	20	74.678940	ἀεὶ-
4	1	17	2	2	0	1740	1845	705	32	-1	
5	1	17	2	2	1	1740	1850	88	23	3.985352	μνησνου
5	1	17	2	2	2	1840	1846	73	27	65.246338	Ἱερέως
5	1	17	2	2	3	1928	1845	122	29	55.548599	«Δημητρίου
5	1	17	2	2	4	2077	1846	169	29	61.858517	Μιχαλόχρηστα
5	1	17	2	2	5	2262	1849	51	20	93.289307	ὅπου
5	1	17	2	2	6	2329	1850	92	27	88.933266	προέστη
5	1	17	2	2	7	2436	1851	9	20	92.886612	ὁ
4	1	17	2	3	0	1741	1879	419	30	-1	
5	1	17	2	3	1	1741	1879	46	22	29.402573	Σ56.
5	1	17	2	3	2	1795	1879	162	30	0.000000	Μητροπολίτης
5	1	17	2	3	3	1965	1889	67	20	0.000000	µαςικ.
5	1	17	2	3	4	2042	1881	118	27	40.117500	Ἐὐστάθιος.
3	1	17	3	0	0	1740	1902	719	80	-1	
4	1	17	3	1	0	1767	1902	678	51	-1	
5	1	17	3	1	1	1767	1924	23	3	3.463715	-
5	1	17	3	1	2	1803	1915	40	22	45.631172	Στὸ
5	1	17	3	1	3	1856	1916	94	29	59.373875	Καστὸρι
5	1	17	3	1	4	1963	1917	100	28	55.056873	ἐτελέσθη
5	1	17	3	1	5	2074	1918	44	25	91.854561	ατὶς
5	1	17	3	1	6	2129	1918	77	21	39.714989	8-4-84-
5	1	17	3	1	7	2223	1918	146	29	60.536770	᾿Αρχιερατικὸ
5	1	17	3	1	8	2379	1902	66	51	48.986435	μνηὸ
4	1	17	3	2	0	1740	1950	719	32	-1	
5	1	17	3	2	1	1736	1946	51	40	82.666122	συνο
5	1	17	3	2	2	1799	1954	38	19	93.264946	τῶν
5	1	17	3	2	3	1844	1950	132	29	0.000000	Ἡδεργετῶν
5	1	17	3	2	4	1975	1951	25	22	59.865993	Δ.
5	1	17	3	2	5	2008	1954	37	20	88.097870	χαὶ
5	1	17	3	2	6	2054	1951	115	28	49.638477	᾽Αντωνίας
5	1	17	3	2	7	2176	1953	149	29	0.000000	ιππυροπούλου
5	1	17	3	2	8	2456	1953	3	10	0.487045	'
3	1	17	4	0	0	1739	1986	707	103	-1	
4	1	17	4	1	0	1766	1986	679	33	-1	
5	1	17	4	1	1	1766	1986	168	23	0.000000	ΗΕΗΡΙΡΟΛΙΑ.
5	1	17	4	1	2	1944	1987	84	27	41.686958	----Στὶς
5	1	17	4	1	3	2040	1986	76	24	54.436363	2-9-84
5	1	17	4	1	4	2128	1990	77	22	92.694481	πέθανε
5	1	17	4	1	5	2216	1990	91	27	25.628517	ξαφνικὰ,
5	1	17	4	1	6	2319	1992	41	20	93.284615	στὰ
5	1	17	4	1	7	2368	1990	77	29	86.051346	Περιδὸ
4	1	17	4	2	0	1739	2022	705	31	-1	
5	1	17	4	2	1	1739	2022	35	21	34.020767	λια
5	1	17	4	2	2	1785	2023	43	20	92.666649	ἀπὸ
5	1	17	4	2	3	1841	2023	79	28	88.953934	χαρδιὰ
5	1	17	4	2	4	1928	2024	12	20	93.185974	ὁ
5	1	17	4	2	5	1952	2024	67	27	74.687653	πράος
5	1	17	4	2	6	2028	2025	37	20	0.000000	υαὶ
5	1	17	4	2	7	2080	2024	117	29	6.105232	Ὑαλήιος
5	1	17	4	2	8	2193	2018	10	39	26.786545	'
5	1	17	4	2	9	2206	2025	148	22	62.935421	ΒΑΤΡΕΛΗΣ
5	1	17	4	2	10	2366	2026	24	22	86.012268	Τ.
5	1	17	4	2	11	2405	2026	39	23	96.938095	ΚΑ
4	1	17	4	3	0	1740	2056	706	33	-1	
5	1	17	4	3	1	1740	2056	161	23	61.948639	ΡΑΒΟΥΛΊΑΣ
5	1	17	4	3	2	1913	2059	25	20	85.343079	σὲ
5	1	17	4	3	3	1954	2059	74	27	48.476677	ἡλικα
5	1	17	4	3	4	2044	2060	27	20	55.737923	Τ9
5	1	17	4	3	5	2085	2060	58	21	80.072601	ἐτῶν,
5	1	17	4	3	6	2160	2061	143	28	52.042778	ἐχπιμούμενος
5	1	17	4	3	7	2333	2062	42	21	89.673141	ἀπὸ
5	1	17	4	3	8	2386	2062	60	25	83.822258	ὅλους
2	1	18	0	0	0	1740	2125	704	35	-1	
3	1	18	1	0	0	1740	2125	704	35	-1	
4	1	18	1	1	0	1740	2125	704	35	-1	
5	1	18	1	1	1	1740	2125	36	24	86.563232	ατὰ
5	1	18	1	1	2	1788	2127	126	29	55.917854	Περιδόλια,,
5	1	18	1	1	3	1924	2128	57	31	80.317528	Στὴν
5	1	18	1	1	4	1992	2130	78	28	68.330925	κηδεία
5	1	18	1	1	5	2081	2136	37	15	92.652077	του
5	1	18	1	1	6	2129	2132	37	20	38.182716	πιαὶ
5	1	18	1	1	7	2178	2132	38	21	0.000000	σοὸ
5	1	18	1	1	8	2230	2130	96	30	37.472237	4θήμερο
5	1	18	1	1	9	2333	2133	41	20	93.305229	ποὺ
5	1	18	1	1	10	2387	2133	57	21	72.300690	ἐτελέ
2	1	19	0	0	0	1738	2163	705	64	-1	
3	1	19	1	0	0	1738	2163	705	64	-1	
4	1	19	1	1	0	1738	2163	705	56	-1	
5	1	19	1	1	1	1738	2164	39	27	65.716141	σθη;
5	1	19	1	1	2	1787	2164	44	25	93.216339	στὶς
5	1	19	1	1	3	1841	2164	75	21	22.240829	8-4-84.
5	1	19	1	1	4	1926	2165	15	28	81.218002	ἡ
5	1	19	1	1	5	1950	2166	119	27	40.604439	συμμιτοχὴ
5	1	19	1	1	6	2083	2169	38	18	92.757889	τοῦ
5	1	19	1	1	7	2130	2170	79	24	91.587784	χωριοῦ
5	1	19	1	1	8	2217	2163	64	56	0.000000	μον
5	1	19	1	1	9	2285	2164	111	53	0.000000	Ἀαβοληὴν
5	1	19	1	1	10	2408	2170	35	19	80.536438	καὶ
4	1	19	1	2	0	1739	2198	232	29	-1	
5	1	19	1	2	1	1739	2198	40	21	24.842941	ἀπὸ
5	1	19	1	2	2	1789	2200	28	20	66.182961	τὰ
5	1	19	1	2	3	1826	2200	59	27	10.213333	γὑρω
5	1	19	1	2	4	1893	2200	78	27	72.089973	χωριὰ.
2	1	20	0	0	0	1752	2257	687	8	-1	
3	1	20	1	0	0	1752	2257	687	8	-1	
4	1	20	1	1	0	1752	2257	687	8	-1	
5	1	20	1	1	1	1752	2257	687	8	95.000000	 
2	1	21	0	0	0	1834	2276	514	77	-1	
3	1	21	1	0	0	1834	2276	514	77	-1	
4	1	21	1	1	0	1834	2276	514	77	-1	
5	1	21	1	1	1	1834	2276	514	77	94.642151	ΑΛΛΗΛΟΓΡΑΦΙΑ
2	1	22	0	0	0	1733	2374	709	282	-1	
3	1	22	1	0	0	1736	2374	706	62	-1	
4	1	22	1	1	0	1760	2374	682	35	-1	
5	1	22	1	1	1	1760	2374	31	23	78.397476	Ὁ
5	1	22	1	1	2	1806	2382	24	15	80.381866	κ.
5	1	22	1	1	3	1844	2375	173	29	93.301018	Παναγιώτης
5	1	22	1	1	4	2028	2377	31	22	76.307785	Γ.
5	1	22	1	1	5	2070	2377	154	30	42.181976	Καλαντζῆς
5	1	22	1	1	6	2234	2381	49	26	91.760544	μᾶς
5	1	22	1	1	7	2297	2380	94	28	92.702095	γράφει
5	1	22	1	1	8	2403	2389	39	20	89.553360	µε-
4	1	22	1	2	0	1736	2410	343	26	-1	
5	1	22	1	2	1	1736	2410	61	26	89.871796	ταξύ
5	1	22	1	2	2	1808	2410	84	23	96.701141	ἄλλων
5	1	22	1	2	3	1900	2411	47	22	96.307892	ἀπό
5	1	22	1	2	4	1958	2412	108	22	78.476196	Η.Π.Α.
5	1	22	1	2	5	2077	2424	2	2	40.441914	:
3	1	22	2	0	0	1733	2446	709	210	-1	
4	1	22	2	1	0	1759	2446	683	34	-1	
5	1	22	2	1	1	1759	2453	25	14	79.415825	2.
5	1	22	2	1	2	1806	2446	174	29	49.633636	Γιαννακάρη,
5	1	22	2	1	3	2001	2448	16	27	23.880905	ἡ
5	1	22	2	1	4	2038	2449	199	28	94.105789	καταλληλότερη
5	1	22	2	1	5	2255	2450	61	29	96.290527	θέση
5	1	22	2	1	6	2333	2452	45	28	95.941673	γιά
5	1	22	2	1	7	2415	2453	27	21	14.603157	τὸ
4	1	22	2	2	0	1737	2481	704	33	-1	
5	1	22	2	2	1	1737	2481	88	28	52.802280	Ἡρῶο
5	1	22	2	2	2	1836	2483	52	20	93.265762	τῶν
5	1	22	2	2	3	1904	2482	161	29	56.670654	᾿ΑΒεροπόρων
5	1	22	2	2	4	2081	2492	50	20	90.653580	µας.
5	1	22	2	2	5	2139	2485	67	22	93.276253	εἶναι
5	1	22	2	2	6	2225	2485	7	28	0.000000	ἤ
5	1	22	2	2	7	2249	2486	95	28	90.787247	Πέτρα.
5	1	22	2	2	8	2359	2487	82	22	71.788750	Ἔπει-
4	1	22	2	3	0	1734	2512	705	44	-1	
5	1	22	2	3	1	1734	2516	31	28	95.713959	δή
5	1	22	2	3	2	1778	2512	77	44	96.705231	ὅμως,
5	1	22	2	3	3	1869	2517	14	22	38.775181	ὃ
5	1	22	2	3	4	1894	2519	87	26	90.943375	χῶρος
5	1	22	2	3	5	1995	2519	64	22	96.736694	εἶναι
5	1	22	2	3	6	2069	2520	90	27	93.297760	κάπως
5	1	22	2	3	7	2171	2520	140	29	91.815628	ἀνώμαλος,
5	1	22	2	3	8	2327	2522	51	27	93.295944	ἐγώ
5	1	22	2	3	9	2389	2522	50	22	48.722843	ἆτο.
4	1	22	2	4	0	1735	2552	705	32	-1	
5	1	22	2	4	1	1735	2552	60	27	68.979561	µωιά
5	1	22	2	4	2	1809	2552	108	22	90.839203	διαθέτω
5	1	22	2	4	3	1931	2554	125	27	34.044174	χρήματα,
5	1	22	2	4	4	2071	2555	32	21	93.641273	νά
5	1	22	2	4	5	2114	2555	65	27	96.478424	γίνει
5	1	22	2	4	6	2189	2556	45	27	39.019371	μιά
5	1	22	2	4	7	2248	2556	81	28	47.891541	ὥραία
5	1	22	2	4	8	2337	2558	103	21	52.882759	σλατεία
4	1	22	2	5	0	1734	2586	706	53	-1	
5	1	22	2	5	1	1734	2586	31	24	73.383667	µέ
5	1	22	2	5	2	1777	2587	148	28	7.908287	καθίσματα,
5	1	22	2	5	3	1938	2588	31	28	86.250389	µέ
5	1	22	2	5	4	1979	2589	100	28	93.297012	δένδρα,
5	1	22	2	5	5	2091	2590	32	28	86.139671	µέ
5	1	22	2	5	6	2130	2591	67	27	94.271477	νερό,
5	1	22	2	5	7	2211	2592	57	21	42.166817	κλπ.
5	1	22	2	5	8	2281	2592	53	21	7.513016	ζαἱ
5	1	22	2	5	9	2343	2593	29	21	96.928246	τά
5	1	22	2	5	10	2381	2589	59	50	58.059956	6ρά-
4	1	22	2	6	0	1733	2622	706	34	-1	
5	1	22	2	6	1	1733	2622	48	21	86.090324	δυα
5	1	22	2	6	2	1794	2624	44	19	93.297096	τοῦ
5	1	22	2	6	3	1854	2623	162	28	91.469101	καλοκαιριοῦ
5	1	22	2	6	4	2030	2625	32	22	92.929886	νά
5	1	22	2	6	5	2070	2625	81	28	92.187126	τραθᾶ
5	1	22	2	6	6	2162	2626	187	29	92.238579	παραθεριστάς
5	1	22	2	6	7	2362	2628	42	27	92.439850	γιά
5	1	22	2	6	8	2415	2629	24	27	60.969151	ἢ-
2	1	23	0	0	0	1961	2354	265	7	-1	
3	1	23	1	0	0	1961	2354	265	7	-1	
4	1	23	1	1	0	1961	2354	265	7	-1	
5	1	23	1	1	1	1961	2354	265	7	95.000000	 
2	1	24	0	0	0	2453	1248	10	1310	-1	
3	1	24	1	0	0	2453	1248	10	1310	-1	
4	1	24	1	1	0	2453	1248	10	1310	-1	
5	1	24	1	1	1	2453	1248	10	1310	95.000000	 
2	1	25	0	0	0	2572	259	536	65	-1	
3	1	25	1	0	0	2572	259	536	65	-1	
4	1	25	1	1	0	2572	259	536	65	-1	
5	1	25	1	1	1	2572	260	193	52	55.185284	Ἐκεῖυοθι
5	1	25	1	1	2	2787	259	87	52	85.764145	πού
5	1	25	1	1	3	2895	260	213	64	82.392242	φεύγουν
2	1	26	0	0	0	2840	362	354	382	-1	
3	1	26	1	0	0	2840	362	354	382	-1	
4	1	26	1	1	0	2862	362	329	28	-1	
5	1	26	1	1	1	2862	362	83	27	71.444763	Σεµνή
5	1	26	1	1	2	2962	362	43	21	47.405319	μαΐ
5	1	26	1	1	3	3020	362	103	27	90.112938	ἐνάρετη
5	1	26	1	1	4	3141	371	50	19	90.836067	χοι-
4	1	26	1	2	0	2841	397	351	28	-1	
5	1	26	1	2	1	2841	397	96	28	83.113541	οτιανή,
5	1	26	1	2	2	2953	397	15	28	74.618141	ἡ
5	1	26	1	2	3	2987	397	109	28	34.722839	σεξαστή
5	1	26	1	2	4	3110	397	46	22	93.300766	ἀπό
5	1	26	1	2	5	3171	398	21	21	93.105515	ὅ-
4	1	26	1	3	0	2840	430	351	31	-1	
5	1	26	1	3	1	2840	430	60	30	74.467194	Άους
5	1	26	1	3	2	2942	433	160	28	74.467194	ουγχωριανή
5	1	26	1	3	3	3133	441	58	19	92.764160	µας,
4	1	26	1	4	0	2840	468	352	21	-1	
5	1	26	1	4	1	2840	468	206	21	85.849815	ΠΑΝΑΓΙΩΤΑ
5	1	26	1	4	2	3061	468	35	21	89.794884	Π.
5	1	26	1	4	3	3134	468	58	21	7.363846	ᾖἩΠΑ-
4	1	26	1	5	0	2841	503	352	28	-1	
5	1	26	1	5	1	2841	503	177	27	34.934059	ΠΑΣΊ4ΑΘΗ,
5	1	26	1	5	2	3062	503	131	28	34.570251	παρέδωσε
4	1	26	1	6	0	2842	538	352	28	-1	
5	1	26	1	6	1	2842	538	29	27	96.596718	τή
5	1	26	1	6	2	2883	538	75	28	90.702026	ψυχή
5	1	26	1	6	3	2975	546	47	20	95.688820	τής
5	1	26	1	6	4	3036	538	42	22	93.207802	στό
5	1	26	1	6	5	3089	539	105	27	91.138657	Πλάστη
4	1	26	1	7	0	2842	574	352	27	-1	
5	1	26	1	7	1	2842	574	55	27	93.282333	στίς
5	1	26	1	7	2	2911	574	137	27	36.637718	33-3-5δ4,
5	1	26	1	7	3	3066	574	29	21	91.469955	σέ
5	1	26	1	7	4	3109	574	85	27	74.525261	ἡλικία
4	1	26	1	8	0	2841	608	352	29	-1	
5	1	26	1	8	1	2841	608	42	22	64.849945	96
5	1	26	1	8	2	2903	608	64	22	64.849945	ἐτῶν
5	1	26	1	8	3	2983	610	43	21	55.246998	καί
5	1	26	1	8	4	3054	610	139	27	81.542946	κηδεύτηκε
4	1	26	1	9	0	2842	644	352	29	-1	
5	1	26	1	9	1	2842	644	30	27	69.156929	μέ
5	1	26	1	9	2	2890	644	87	28	91.348297	γενική
5	1	26	1	9	3	2993	645	141	28	65.730835	συµµετοχή
5	1	26	1	9	4	3152	646	42	21	78.454552	στὀ
4	1	26	1	10	0	2841	679	353	29	-1	
5	1	26	1	10	1	2841	679	149	28	89.472382	Γεωργίτοι,
5	1	26	1	10	2	3009	673	71	39	92.224503	ὅπου,
5	1	26	1	10	3	3097	673	43	39	92.224503	στή
5	1	26	1	10	4	3157	689	37	13	90.974884	νε-
4	1	26	1	11	0	2842	711	352	33	-1	
5	1	26	1	11	1	2842	715	115	28	6.174896	Κρώσιμη
5	1	26	1	11	2	2974	711	135	26	90.821922	ἀκολουθία
5	1	26	1	11	3	3122	716	72	28	64.081696	σεροέ-
2	1	27	0	0	0	2747	376	1	19	-1	
3	1	27	1	0	0	2747	376	1	19	-1	
4	1	27	1	1	0	2747	376	1	19	-1	
5	1	27	1	1	1	2747	376	1	19	95.000000	 
2	1	28	0	0	0	2573	372	1	27	-1	
3	1	28	1	0	0	2573	372	1	27	-1	
4	1	28	1	1	0	2573	372	1	27	-1	
5	1	28	1	1	1	2573	372	1	27	95.000000	 
2	1	29	0	0	0	2785	377	1	19	-1	
3	1	29	1	0	0	2785	377	1	19	-1	
4	1	29	1	1	0	2785	377	1	19	-1	
5	1	29	1	1	1	2785	377	1	19	95.000000	 
2	1	30	0	0	0	2524	406	19	1	-1	
3	1	30	1	0	0	2524	406	19	1	-1	
4	1	30	1	1	0	2524	406	19	1	-1	
5	1	30	1	1	1	2524	406	19	1	95.000000	 
2	1	31	0	0	0	2529	399	1	17	-1	
3	1	31	1	0	0	2529	399	1	17	-1	
4	1	31	1	1	0	2529	399	1	17	-1	
5	1	31	1	1	1	2529	399	1	17	95.000000	 
2	1	32	0	0	0	2527	408	48	1	-1	
3	1	32	1	0	0	2527	408	48	1	-1	
4	1	32	1	1	0	2527	408	48	1	-1	
5	1	32	1	1	1	2527	408	48	1	95.000000	 
2	1	33	0	0	0	2537	395	1	27	-1	
3	1	33	1	0	0	2537	395	1	27	-1	
4	1	33	1	1	0	2537	395	1	27	-1	
5	1	33	1	1	1	2537	395	1	27	95.000000	 
2	1	34	0	0	0	2763	399	1	25	-1	
3	1	34	1	0	0	2763	399	1	25	-1	
4	1	34	1	1	0	2763	399	1	25	-1	
5	1	34	1	1	1	2763	399	1	25	95.000000	 
2	1	35	0	0	0	2567	403	1	20	-1	
3	1	35	1	0	0	2567	403	1	20	-1	
4	1	35	1	1	0	2567	403	1	20	-1	
5	1	35	1	1	1	2567	403	1	20	95.000000	 
2	1	36	0	0	0	2533	416	95	3	-1	
3	1	36	1	0	0	2533	416	95	3	-1	
4	1	36	1	1	0	2533	416	95	3	-1	
5	1	36	1	1	1	2533	416	95	3	95.000000	 
2	1	37	0	0	0	2612	424	25	1	-1	
3	1	37	1	0	0	2612	424	25	1	-1	
4	1	37	1	1	0	2612	424	25	1	-1	
5	1	37	1	1	1	2612	424	25	1	95.000000	 
2	1	38	0	0	0	2625	407	1	19	-1	
3	1	38	1	0	0	2625	407	1	19	-1	
4	1	38	1	1	0	2625	407	1	19	-1	
5	1	38	1	1	1	2625	407	1	19	95.000000	 
2	1	39	0	0	0	2627	415	1	19	-1	
3	1	39	1	0	0	2627	415	1	19	-1	
4	1	39	1	1	0	2627	415	1	19	-1	
5	1	39	1	1	1	2627	415	1	19	95.000000	 
2	1	40	0	0	0	2688	438	51	23	-1	
3	1	40	1	0	0	2688	438	51	23	-1	
4	1	40	1	1	0	2688	438	51	23	-1	
5	1	40	1	1	1	2688	438	51	23	95.000000	 
2	1	41	0	0	0	2803	492	17	1	-1	
3	1	41	1	0	0	2803	492	17	1	-1	
4	1	41	1	1	0	2803	492	17	1	-1	
5	1	41	1	1	1	2803	492	17	1	95.000000	 
2	1	42	0	0	0	2817	485	1	18	-1	
3	1	42	1	0	0	2817	485	1	18	-1	
4	1	42	1	1	0	2817	485	1	18	-1	
5	1	42	1	1	1	2817	485	1	18	95.000000	 
2	1	43	0	0	0	2807	486	1	18	-1	
3	1	43	1	0	0	2807	486	1	18	-1	
4	1	43	1	1	0	2807	486	1	18	-1	
5	1	43	1	1	1	2807	486	1	18	95.000000	 
2	1	44	0	0	0	2803	502	17	1	-1	
3	1	44	1	0	0	2803	502	17	1	-1	
4	1	44	1	1	0	2803	502	17	1	-1	
5	1	44	1	1	1	2803	502	17	1	95.000000	 
2	1	45	0	0	0	2729	507	1	36	-1	
3	1	45	1	0	0	2729	507	1	36	-1	
4	1	45	1	1	0	2729	507	1	36	-1	
5	1	45	1	1	1	2729	507	1	36	95.000000	 
2	1	46	0	0	0	2586	534	23	1	-1	
3	1	46	1	0	0	2586	534	23	1	-1	
4	1	46	1	1	0	2586	534	23	1	-1	
5	1	46	1	1	1	2586	534	23	1	95.000000	 
2	1	47	0	0	0	2784	550	18	1	-1	
3	1	47	1	0	0	2784	550	18	1	-1	
4	1	47	1	1	0	2784	550	18	1	-1	
5	1	47	1	1	1	2784	550	18	1	95.000000	 
2	1	48	0	0	0	2770	550	32	3	-1	
3	1	48	1	0	0	2770	550	32	3	-1	
4	1	48	1	1	0	2770	550	32	3	-1	
5	1	48	1	1	1	2770	550	32	3	95.000000	 
2	1	49	0	0	0	2591	552	17	1	-1	
3	1	49	1	0	0	2591	552	17	1	-1	
4	1	49	1	1	0	2591	552	17	1	-1	
5	1	49	1	1	1	2591	552	17	1	95.000000	 
2	1	50	0	0	0	2789	547	1	23	-1	
3	1	50	1	0	0	2789	547	1	23	-1	
4	1	50	1	1	0	2789	547	1	23	-1	
5	1	50	1	1	1	2789	547	1	23	95.000000	 
2	1	51	0	0	0	2621	571	1	21	-1	
3	1	51	1	0	0	2621	571	1	21	-1	
4	1	51	1	1	0	2621	571	1	21	-1	
5	1	51	1	1	1	2621	571	1	21	95.000000	 
2	1	52	0	0	0	2591	606	18	1	-1	
3	1	52	1	0	0	2591	606	18	1	-1	
4	1	52	1	1	0	2591	606	18	1	-1	
5	1	52	1	1	1	2591	606	18	1	95.000000	 
2	1	53	0	0	0	2591	616	20	1	-1	
3	1	53	1	0	0	2591	616	20	1	-1	
4	1	53	1	1	0	2591	616	20	1	-1	
5	1	53	1	1	1	2591	616	20	1	95.000000	 
2	1	54	0	0	0	2591	529	3	94	-1	
3	1	54	1	0	0	2591	529	3	94	-1	
4	1	54	1	1	0	2591	529	3	94	-1	
5	1	54	1	1	1	2591	529	3	94	95.000000	 
2	1	55	0	0	0	2590	531	3	92	-1	
3	1	55	1	0	0	2590	531	3	92	-1	
4	1	55	1	1	0	2590	531	3	92	-1	
5	1	55	1	1	1	2590	531	3	92	95.000000	 
2	1	56	0	0	0	2603	551	3	69	-1	
3	1	56	1	0	0	2603	551	3	69	-1	
4	1	56	1	1	0	2603	551	3	69	-1	
5	1	56	1	1	1	2603	551	3	69	95.000000	 
2	1	57	0	0	0	2626	631	29	3	-1	
3	1	57	1	0	0	2626	631	29	3	-1	
4	1	57	1	1	0	2626	631	29	3	-1	
5	1	57	1	1	1	2626	631	29	3	95.000000	 
2	1	58	0	0	0	2811	625	1	17	-1	
3	1	58	1	0	0	2811	625	1	17	-1	
4	1	58	1	1	0	2811	625	1	17	-1	
5	1	58	1	1	1	2811	625	1	17	95.000000	 
2	1	59	0	0	0	2631	639	37	3	-1	
3	1	59	1	0	0	2631	639	37	3	-1	
4	1	59	1	1	0	2631	639	37	3	-1	
5	1	59	1	1	1	2631	639	37	3	95.000000	 
2	1	60	0	0	0	2632	589	5	57	-1	
3	1	60	1	0	0	2632	589	5	57	-1	
4	1	60	1	1	0	2632	589	5	57	-1	
5	1	60	1	1	1	2632	589	5	57	95.000000	 
2	1	61	0	0	0	2643	625	1	17	-1	
3	1	61	1	0	0	2643	625	1	17	-1	
4	1	61	1	1	0	2643	625	1	17	-1	
5	1	61	1	1	1	2643	625	1	17	95.000000	 
2	1	62	0	0	0	2653	625	1	20	-1	
3	1	62	1	0	0	2653	625	1	20	-1	
4	1	62	1	1	0	2653	625	1	20	-1	
5	1	62	1	1	1	2653	625	1	20	95.000000	 
2	1	63	0	0	0	2645	631	1	19	-1	
3	1	63	1	0	0	2645	631	1	19	-1	
4	1	63	1	1	0	2645	631	1	19	-1	
5	1	63	1	1	1	2645	631	1	19	95.000000	 
2	1	64	0	0	0	2644	641	19	3	-1	
3	1	64	1	0	0	2644	641	19	3	-1	
4	1	64	1	1	0	2644	641	19	3	-1	
5	1	64	1	1	1	2644	641	19	3	95.000000	 
2	1	65	0	0	0	2655	637	1	20	-1	
3	1	65	1	0	0	2655	637	1	20	-1	
4	1	65	1	1	0	2655	637	1	20	-1	
5	1	65	1	1	1	2655	637	1	20	95.000000	 
2	1	66	0	0	0	2519	662	18	1	-1	
3	1	66	1	0	0	2519	662	18	1	-1	
4	1	66	1	1	0	2519	662	18	1	-1	
5	1	66	1	1	1	2519	662	18	1	95.000000	 
2	1	67	0	0	0	2514	664	25	1	-1	
3	1	67	1	0	0	2514	664	25	1	-1	
4	1	67	1	1	0	2514	664	25	1	-1	
5	1	67	1	1	1	2514	664	25	1	95.000000	 
2	1	68	0	0	0	2523	648	1	27	-1	
3	1	68	1	0	0	2523	648	1	27	-1	
4	1	68	1	1	0	2523	648	1	27	-1	
5	1	68	1	1	1	2523	648	1	27	95.000000	 
2	1	69	0	0	0	2545	653	1	23	-1	
3	1	69	1	0	0	2545	653	1	23	-1	
4	1	69	1	1	0	2545	653	1	23	-1	
5	1	69	1	1	1	2545	653	1	23	95.000000	 
2	1	70	0	0	0	2525	656	1	26	-1	
3	1	70	1	0	0	2525	656	1	26	-1	
4	1	70	1	1	0	2525	656	1	26	-1	
5	1	70	1	1	1	2525	656	1	26	95.000000	 
2	1	71	0	0	0	2516	672	21	1	-1	
3	1	71	1	0	0	2516	672	21	1	-1	
4	1	71	1	1	0	2516	672	21	1	-1	
5	1	71	1	1	1	2516	672	21	1	95.000000	 
2	1	72	0	0	0	2510	674	20	1	-1	
3	1	72	1	0	0	2510	674	20	1	-1	
4	1	72	1	1	0	2510	674	20	1	-1	
5	1	72	1	1	1	2510	674	20	1	95.000000	 
2	1	73	0	0	0	2795	539	3	157	-1	
3	1	73	1	0	0	2795	539	3	157	-1	
4	1	73	1	1	0	2795	539	3	157	-1	
5	1	73	1	1	1	2795	539	3	157	95.000000	 
2	1	74	0	0	0	2725	686	1	22	-1	
3	1	74	1	0	0	2725	686	1	22	-1	
4	1	74	1	1	0	2725	686	1	22	-1	
5	1	74	1	1	1	2725	686	1	22	95.000000	 
2	1	75	0	0	0	2529	709	1	17	-1	
3	1	75	1	0	0	2529	709	1	17	-1	
4	1	75	1	1	0	2529	709	1	17	-1	
5	1	75	1	1	1	2529	709	1	17	95.000000	 
2	1	76	0	0	0	2737	711	1	23	-1	
3	1	76	1	0	0	2737	711	1	23	-1	
4	1	76	1	1	0	2737	711	1	23	-1	
5	1	76	1	1	1	2737	711	1	23	95.000000	 
2	1	77	0	0	0	2587	715	1	35	-1	
3	1	77	1	0	0	2587	715	1	35	-1	
4	1	77	1	1	0	2587	715	1	35	-1	
5	1	77	1	1	1	2587	715	1	35	95.000000	 
2	1	78	0	0	0	2747	727	1	25	-1	
3	1	78	1	0	0	2747	727	1	25	-1	
4	1	78	1	1	0	2747	727	1	25	-1	
5	1	78	1	1	1	2747	727	1	25	95.000000	 
2	1	79	0	0	0	2598	754	29	1	-1	
3	1	79	1	0	0	2598	754	29	1	-1	
4	1	79	1	1	0	2598	754	29	1	-1	
5	1	79	1	1	1	2598	754	29	1	95.000000	 
2	1	80	0	0	0	2598	754	14	3	-1	
3	1	80	1	0	0	2598	754	14	3	-1	
4	1	80	1	1	0	2598	754	14	3	-1	
5	1	80	1	1	1	2598	754	14	3	95.000000	 
2	1	81	0	0	0	2592	756	20	1	-1	
3	1	81	1	0	0	2592	756	20	1	-1	
4	1	81	1	1	0	2592	756	20	1	-1	
5	1	81	1	1	1	2592	756	20	1	95.000000	 
2	1	82	0	0	0	2617	735	1	27	-1	
3	1	82	1	0	0	2617	735	1	27	-1	
4	1	82	1	1	0	2617	735	1	27	-1	
5	1	82	1	1	1	2617	735	1	27	95.000000	 
2	1	83	0	0	0	2689	735	1	34	-1	
3	1	83	1	0	0	2689	735	1	34	-1	
4	1	83	1	1	0	2689	735	1	34	-1	
5	1	83	1	1	1	2689	735	1	34	95.000000	 
2	1	84	0	0	0	2607	742	1	41	-1	
3	1	84	1	0	0	2607	742	1	41	-1	
4	1	84	1	1	0	2607	742	1	41	-1	
5	1	84	1	1	1	2607	742	1	41	95.000000	 
2	1	85	0	0	0	2619	754	1	18	-1	
3	1	85	1	0	0	2619	754	1	18	-1	
4	1	85	1	1	0	2619	754	1	18	-1	
5	1	85	1	1	1	2619	754	1	18	95.000000	 
2	1	86	0	0	0	2602	764	25	1	-1	
3	1	86	1	0	0	2602	764	25	1	-1	
4	1	86	1	1	0	2602	764	25	1	-1	
5	1	86	1	1	1	2602	764	25	1	95.000000	 
2	1	87	0	0	0	2609	754	1	22	-1	
3	1	87	1	0	0	2609	754	1	22	-1	
4	1	87	1	1	0	2609	754	1	22	-1	
5	1	87	1	1	1	2609	754	1	22	95.000000	 
2	1	88	0	0	0	2602	774	25	1	-1	
3	1	88	1	0	0	2602	774	25	1	-1	
4	1	88	1	1	0	2602	774	25	1	-1	
5	1	88	1	1	1	2602	774	25	1	95.000000	 
2	1	89	0	0	0	2487	786	707	426	-1	
3	1	89	1	0	0	2841	786	352	28	-1	
4	1	89	1	1	0	2841	786	352	28	-1	
5	1	89	1	1	1	2841	793	49	20	76.928047	µας
5	1	89	1	1	2	2903	794	53	13	40.859055	κ.κ.
5	1	89	1	1	3	2975	786	12	21	25.316628	Ε
5	1	89	1	1	4	2993	786	127	28	52.969162	ὐστάθιος,
5	1	89	1	1	5	3152	787	42	21	95.532486	καί
3	1	89	2	0	0	2487	801	707	62	-1	
4	1	89	2	1	0	2487	801	707	62	-1	
5	1	89	2	1	1	2487	801	182	62	91.389221	ἀποχαιρέτησε
5	1	89	2	1	2	2683	818	29	27	93.288162	τή
5	1	89	2	1	3	2731	819	143	26	78.313599	µεταστάσα
5	1	89	2	1	4	2888	821	32	27	42.673492	μέ
5	1	89	2	1	5	2931	821	93	28	90.302818	ἄκρως
5	1	89	2	1	6	3055	829	139	20	86.938957	συγκινητι-
3	1	89	3	0	0	2488	854	428	28	-1	
4	1	89	3	1	0	2488	854	428	28	-1	
5	1	89	3	1	1	2488	854	63	26	68.107529	κούς
5	1	89	3	1	2	2566	853	43	21	64.803818	καΐ
5	1	89	3	1	3	2625	853	162	27	92.042252	παρήγορους
5	1	89	3	1	4	2803	854	113	28	37.351280	Λλό-γους.
3	1	89	4	0	0	2483	888	709	29	-1	
4	1	89	4	1	0	2511	888	681	29	-1	
5	1	89	4	1	1	2483	898	12	6	30.967064	5
5	1	89	4	1	2	2511	888	139	21	69.391876	Πελευταῖα
5	1	89	4	1	3	2665	888	53	27	92.042763	εἶχε
5	1	89	4	1	4	2733	888	180	27	91.179382	ἐγκατασταθεῖ
5	1	89	4	1	5	2928	890	45	26	87.128700	στή
5	1	89	4	1	6	2987	890	113	27	94.846687	Σπάρτη,
5	1	89	4	1	7	3117	892	75	19	94.605820	κοντά
3	1	89	5	0	0	2489	922	704	30	-1	
4	1	89	5	1	0	2489	922	704	30	-1	
5	1	89	5	1	1	2489	922	43	21	93.300034	στό
5	1	89	5	1	2	2545	922	116	27	38.910847	οτοργυιό
5	1	89	5	1	3	2672	922	38	27	95.933319	γιό
5	1	89	5	1	4	2723	931	55	19	93.281059	της,
5	1	89	5	1	5	2792	923	143	28	51.882202	ὁδοντίατρο
5	1	89	5	1	6	2945	932	23	13	95.569908	κ.
5	1	89	5	1	7	2985	924	101	28	89.711243	Θανάση
5	1	89	5	1	8	3101	925	35	21	76.709915	Π.
5	1	89	5	1	9	3151	925	42	22	94.425278	Πα
3	1	89	6	0	0	2487	957	703	65	-1	
4	1	89	6	1	0	2487	957	703	30	-1	
5	1	89	6	1	1	2487	958	123	26	89.950874	παστάθη,
5	1	89	6	1	2	2627	957	13	21	92.464050	ὃ
5	1	89	6	1	3	2653	957	87	28	76.990082	ὁποῖος
5	1	89	6	1	4	2755	958	53	28	91.876755	εἶχε
5	1	89	6	1	5	2837	959	29	27	96.298088	τή
5	1	89	6	1	6	2883	960	121	27	96.309265	φροντίδα
5	1	89	6	1	7	3015	960	43	21	57.437523	καί
5	1	89	6	1	8	3071	962	47	25	93.005936	τῆς
5	1	89	6	1	9	3132	960	58	22	91.684288	ἔδει-
4	1	89	6	2	0	2693	993	296	29	-1	
5	1	89	6	2	1	2693	994	28	25	90.581306	ξε
5	1	89	6	2	2	2730	993	45	28	89.792679	ὅλη
5	1	89	6	2	3	2785	994	45	27	93.302383	τήν
5	1	89	6	2	4	2843	994	82	28	75.968529	ἀγάπη
5	1	89	6	2	5	2937	1002	52	15	96.589249	του.
3	1	89	7	0	0	2487	1028	705	171	-1	
4	1	89	7	1	0	2511	1028	681	30	-1	
5	1	89	7	1	1	2511	1028	127	28	36.293224	Στοργιωκή
5	1	89	7	1	2	2652	1028	110	28	93.298103	σύζυγος
5	1	89	7	1	3	2776	1030	43	21	65.197945	καΐ
5	1	89	7	1	4	2834	1030	96	27	26.252907	μητέρα
5	1	89	7	1	5	2944	1030	159	28	86.809471	ἀγωνίστηκε
5	1	89	7	1	6	3121	1031	71	27	0.000000	σκλη-
4	1	89	7	2	0	2487	1063	704	31	-1	
5	1	89	7	2	1	2487	1063	40	27	22.509018	ρά,
5	1	89	7	2	2	2541	1063	59	28	69.609406	µαξί
5	1	89	7	2	3	2611	1063	31	27	89.770264	µέ
5	1	89	7	2	4	2654	1064	28	21	93.280457	τό
5	1	89	7	2	5	2693	1064	93	27	46.256592	σύξυγό
5	1	89	7	2	6	2798	1072	47	20	96.613495	της
5	1	89	7	2	7	2854	1065	44	21	83.119392	καί
5	1	89	7	2	8	2912	1065	145	28	0.062775	ἀνάθρειψαν
5	1	89	7	2	9	3069	1073	122	21	60.013794	χριοτιανι
4	1	89	7	3	0	2489	1098	701	31	-1	
5	1	89	7	3	1	2489	1099	32	21	96.753639	κά
5	1	89	7	3	2	2534	1100	31	21	93.294609	τά
5	1	89	7	3	3	2576	1098	38	26	48.652935	ἒξι
5	1	89	7	3	4	2622	1099	86	21	96.058418	παιδιά
5	1	89	7	3	5	2720	1106	67	21	96.881668	τους:
5	1	89	7	3	6	2807	1100	39	27	95.844391	τίς
5	1	89	7	3	7	2856	1100	19	22	83.384537	6
5	1	89	7	3	8	2889	1100	138	29	96.414894	θυγατέρες
5	1	89	7	3	9	3037	1102	48	21	96.658859	πού
5	1	89	7	3	10	3097	1102	40	27	93.258621	τίς
5	1	89	7	3	11	3151	1110	39	13	76.159248	κα-
4	1	89	7	4	0	2488	1134	703	45	-1	
5	1	89	7	4	1	2488	1129	261	32	44.157784	Ίοαποκαταστήσανε,
5	1	89	7	4	2	2769	1135	43	21	96.561523	καί
5	1	89	7	4	3	2829	1136	28	21	96.283867	τό
5	1	89	7	4	4	2873	1136	101	43	94.487923	Θανάση
5	1	89	7	4	5	2992	1144	60	20	96.335968	τους
5	1	89	7	4	6	3067	1138	48	21	94.736824	πού
5	1	89	7	4	7	3151	1138	40	21	89.536072	τόν
4	1	89	7	5	0	2488	1170	702	42	-1	
5	1	89	7	5	1	2488	1170	150	42	57.963352	σπούδασαν,
5	1	89	7	5	2	2662	1170	43	22	46.008091	καί
5	1	89	7	5	3	2722	1170	142	34	64.405495	εὐτύχησαν
5	1	89	7	5	4	2877	1172	31	21	96.329292	νά
5	1	89	7	5	5	2923	1172	31	22	93.297707	τά
5	1	89	7	5	6	2975	1172	68	23	90.213470	ἰδοῦν
5	1	89	7	5	7	3057	1173	43	22	92.405624	ὅλα
5	1	89	7	5	8	3119	1173	71	22	56.082954	εὔχα-
2	1	90	0	0	0	3204	273	6	621	-1	
3	1	90	1	0	0	3204	273	6	621	-1	
4	1	90	1	1	0	3204	273	6	621	-1	
5	1	90	1	1	1	3204	273	6	621	95.000000	 
2	1	91	0	0	0	2485	1208	709	488	-1	
3	1	91	1	0	0	2486	1208	708	274	-1	
4	1	91	1	1	0	2735	1208	121	21	-1	
5	1	91	1	1	1	2735	1208	121	21	82.805832	τάστατα..
4	1	91	1	2	0	2557	1221	633	53	-1	
5	1	91	1	2	1	2557	1221	97	53	14.262131	᾿Αρκεῖ,
5	1	91	1	2	2	2670	1243	31	21	71.179321	νά
5	1	91	1	2	3	2718	1246	106	25	92.053375	σκεφτεῖ
5	1	91	1	2	4	2841	1244	95	28	93.641243	κανείς,
5	1	91	1	2	5	2952	1244	62	23	95.901627	πόσο
5	1	91	1	2	6	3027	1246	95	27	77.453262	σκληρά
5	1	91	1	2	7	3161	1246	29	21	89.090530	θά
4	1	91	1	3	0	2489	1252	705	57	-1	
5	1	91	1	3	1	2489	1252	100	56	91.098068	πάλεψε
5	1	91	1	3	2	2604	1278	179	29	77.740356	νυχθηµερόν
5	1	91	1	3	3	2772	1274	10	39	18.842087	ᾗ
5	1	91	1	3	4	2802	1279	144	28	92.277290	ἀείμνηστη,
5	1	91	1	3	5	2963	1281	41	27	96.440414	γιά
5	1	91	1	3	6	3017	1281	31	21	96.716766	νά
5	1	91	1	3	7	3061	1282	102	27	96.435127	φτιάξει
5	1	91	1	3	8	3175	1282	19	21	47.248665	6
4	1	91	1	4	0	2486	1313	703	32	-1	
5	1	91	1	4	1	2486	1313	104	26	92.151855	προῖκες
5	1	91	1	4	2	2603	1314	41	27	96.728104	γιά
5	1	91	1	4	3	2656	1314	40	27	92.060638	τίς
5	1	91	1	4	4	2709	1314	19	21	90.259651	6
5	1	91	1	4	5	2741	1315	75	27	96.441544	κόρες
5	1	91	1	4	6	2828	1323	55	20	77.197556	της,
5	1	91	1	4	7	2895	1316	43	21	82.449715	καΐ
5	1	91	1	4	8	2951	1316	32	21	93.301361	νά
5	1	91	1	4	9	2997	1316	134	27	91.258835	σπουδάξει
5	1	91	1	4	10	3144	1324	45	21	91.690796	συγ
4	1	91	1	5	0	2488	1346	705	34	-1	
5	1	91	1	5	1	2488	1346	99	28	84.162338	χθόνως
5	1	91	1	5	2	2596	1357	25	13	92.949326	κι
5	1	91	1	5	3	2632	1350	14	20	82.808205	ὅ
5	1	91	1	5	4	2657	1350	84	27	89.322853	γιός...
5	1	91	1	5	5	2756	1350	67	21	91.505119	Αὐτό
5	1	91	1	5	6	2836	1350	27	22	93.298950	τό
5	1	91	1	5	7	2873	1351	188	28	75.687027	ἀνεπανάληπτο
5	1	91	1	5	8	3071	1352	122	28	70.418457	παράδειγ
4	1	91	1	6	0	2487	1384	703	33	-1	
5	1	91	1	6	1	2487	1390	41	20	70.898651	μα,
5	1	91	1	6	2	2542	1384	48	25	93.201103	τῆς
5	1	91	1	6	3	2604	1384	196	29	62.162163	ἑργατικότητάς
5	1	91	1	6	4	2812	1394	55	19	93.302376	της,
5	1	91	1	6	5	2881	1388	50	26	90.918320	μᾶς
5	1	91	1	6	6	2941	1387	107	28	93.292358	παρέχει
5	1	91	1	6	7	3056	1388	45	27	90.224571	µιά
5	1	91	1	6	8	3115	1388	75	29	91.373863	τρανή
4	1	91	1	7	0	2487	1417	704	34	-1	
5	1	91	1	7	1	2487	1417	127	30	92.361336	ἀπόδειξη,
5	1	91	1	7	2	2633	1420	37	21	93.293304	ὅτι
5	1	91	1	7	3	2684	1420	15	27	15.723953	ἣ
5	1	91	1	7	4	2716	1420	120	29	66.496407	ἐντατική
5	1	91	1	7	5	2846	1421	104	28	53.755791	ἐργασία
5	1	91	1	7	6	2965	1422	64	22	93.296196	δίνει
5	1	91	1	7	7	3040	1423	74	28	43.745354	ὑγεία
5	1	91	1	7	8	3150	1425	41	20	80.820755	καὶ
4	1	91	1	8	0	2488	1456	238	26	-1	
5	1	91	1	8	1	2487	1456	239	26	62.045681	μακροζωῖα.
3	1	91	2	0	0	2485	1480	705	216	-1	
4	1	91	2	1	0	2507	1480	682	41	-1	
5	1	91	2	1	1	2507	1490	208	28	48.723114	Προσευχόµεθα,
5	1	91	2	1	2	2737	1492	56	21	91.857033	στόν
5	1	91	2	1	3	2809	1480	137	40	36.009007	ΠΠανάγαθο
5	1	91	2	1	4	2965	1494	58	26	96.735008	Θεό,
5	1	91	2	1	5	3039	1494	30	21	95.749802	νά
5	1	91	2	1	6	3089	1494	45	27	93.289085	τήν
5	1	91	2	1	7	3149	1503	40	12	90.274872	κα-
4	1	91	2	2	0	2488	1526	702	29	-1	
5	1	91	2	2	1	2488	1526	98	26	92.420822	τατάξει
5	1	91	2	2	2	2602	1526	62	27	89.532921	ἐκεῖ,
5	1	91	2	2	3	2681	1526	61	22	93.278610	ὅπου
5	1	91	2	2	4	2761	1527	23	21	90.685417	οἳ
5	1	91	2	2	5	2799	1527	94	22	90.906189	δίκαιοι
5	1	91	2	2	6	2907	1528	176	27	52.381920	ἀναπαύονται,
5	1	91	2	2	7	3097	1530	28	21	91.415543	τὸ
5	1	91	2	2	8	3163	1530	27	21	91.511047	δὲ
4	1	91	2	3	0	2487	1562	701	29	-1	
5	1	91	2	3	1	2487	1562	71	27	91.727081	χῶμα
5	1	91	2	3	2	2571	1563	43	20	91.419395	τοῦ
5	1	91	2	3	3	2631	1562	172	28	89.373779	Γεωργιτοιοῦ
5	1	91	2	3	4	2819	1564	48	21	92.799294	πού
5	1	91	2	3	5	2887	1564	45	27	92.583214	τήν
5	1	91	2	3	6	2954	1564	110	23	86.832535	σκέπασε
5	1	91	2	3	7	3078	1566	30	21	95.546143	νά
5	1	91	2	3	8	3127	1565	61	22	96.715294	εἶναι
4	1	91	2	4	0	2486	1596	703	33	-1	
5	1	91	2	4	1	2486	1596	103	28	92.876762	ἐλαφρό.
5	1	91	2	4	2	2609	1597	35	21	20.448036	'Ἡ
5	1	91	2	4	3	2660	1598	141	28	79.525742	ἐφημερίδα
5	1	91	2	4	4	2812	1607	50	20	93.279915	µας
5	1	91	2	4	5	2876	1599	134	22	91.514191	ἀπευθύνει
5	1	91	2	4	6	3024	1600	122	29	91.928391	ὀλόψυχα,
5	1	91	2	4	7	3159	1601	30	27	58.196190	τὴ
4	1	91	2	5	0	2485	1632	307	29	-1	
5	1	91	2	5	1	2481	1628	19	37	22.805832	ΓΣ
5	1	91	2	5	2	2508	1633	193	27	22.805832	εωργιτοιάνικη
5	1	91	2	5	3	2721	1634	71	27	92.543877	εὐχή:
4	1	91	2	6	0	2487	1667	245	29	-1	
5	1	91	2	6	1	2487	1667	28	21	92.800095	τά
5	1	91	2	6	2	2539	1667	101	28	91.630966	ἐγγόνια
5	1	91	2	6	3	2662	1676	70	20	95.511139	της».
2	1	92	0	0	0	2891	1670	67	21	-1	
3	1	92	1	0	0	2891	1670	67	21	-1	
4	1	92	1	1	0	2891	1670	67	21	-1	
5	1	92	1	1	1	2891	1670	67	21	90.307968	Κ.Γ.
2	1	93	0	0	0	3200	1241	7	486	-1	
3	1	93	1	0	0	3200	1241	7	486	-1	
4	1	93	1	1	0	3200	1241	7	486	-1	
5	1	93	1	1	1	3200	1241	7	486	95.000000	 
2	1	94	0	0	0	2475	1763	746	869	-1	
3	1	94	1	0	0	2838	1763	76	24	-1	
4	1	94	1	1	0	2838	1763	76	24	-1	
5	1	94	1	1	1	2838	1763	76	24	30.113113	Νίνο,
3	1	94	2	0	0	2480	1791	741	458	-1	
4	1	94	2	1	0	2861	1791	360	33	-1	
5	1	94	2	1	1	2861	1792	36	25	92.406158	Σέ
5	1	94	2	1	2	2913	1792	65	31	58.997887	πῆρε
5	1	94	2	1	3	2995	1793	13	24	85.541260	ὃ
5	1	94	2	1	4	3020	1791	80	33	93.131424	χάρος
5	1	94	2	1	5	3111	1792	110	32	24.926865	πρόω-ἰ«
4	1	94	2	2	0	2837	1831	354	28	-1	
5	1	94	2	2	1	2837	1839	31	19	66.033577	ϱα
5	1	94	2	2	2	2881	1831	43	21	84.778358	καί
5	1	94	2	2	3	2938	1831	43	21	88.977600	δέν
5	1	94	2	2	4	2997	1831	124	28	84.235153	µπόρεσες
5	1	94	2	2	5	3161	1832	30	21	89.412430	νά
4	1	94	2	3	0	2838	1866	352	29	-1	
5	1	94	2	3	1	2838	1866	94	28	91.187592	γευθῆς
5	1	94	2	3	2	2948	1866	94	28	40.374851	ἀἁρκετά
5	1	94	2	3	3	3055	1867	60	27	93.295052	τούς
5	1	94	2	3	4	3133	1876	57	19	81.157944	καρ-
4	1	94	2	4	0	2835	1902	355	27	-1	
5	1	94	2	4	1	2835	1902	65	27	91.666565	πούς
5	1	94	2	4	2	2913	1902	47	21	95.501114	ἀπό
5	1	94	2	4	3	2973	1902	27	21	93.301193	τό
5	1	94	2	4	4	3015	1902	105	21	82.682556	ἀπίθανο
5	1	94	2	4	5	3136	1903	54	21	52.373016	οἶκο
4	1	94	2	5	0	2837	1937	353	28	-1	
5	1	94	2	5	1	2837	1937	117	28	64.108192	γενειακό
5	1	94	2	5	2	2969	1937	88	28	96.759621	δέντρο
5	1	94	2	5	3	3070	1938	48	21	93.292938	πού
5	1	94	2	5	4	3132	1938	58	27	82.334480	δηµι
4	1	94	2	6	0	2837	1972	352	28	-1	
5	1	94	2	6	1	2837	1972	125	27	71.046249	ούργησες
5	1	94	2	6	2	2973	1972	31	28	83.815498	µέ
5	1	94	2	6	3	3023	1973	103	27	91.627579	κόπους,
5	1	94	2	6	4	3166	1973	23	21	49.604401	ἆ-
4	1	94	2	7	0	2838	2008	351	30	-1	
5	1	94	2	7	1	2838	2008	79	27	73.308784	γωνία
5	1	94	2	7	2	2935	2008	43	21	93.300377	καί
5	1	94	2	7	3	2997	2008	121	30	56.347511	καὺμούς,
5	1	94	2	7	4	3139	2017	50	19	89.629097	για-
4	1	94	2	8	0	2836	2043	354	30	-1	
5	1	94	2	8	1	2836	2043	24	22	93.291939	τί
5	1	94	2	8	2	2874	2043	14	22	59.388371	ὅ
5	1	94	2	8	3	2900	2043	90	29	96.785637	στόχος
5	1	94	2	8	4	3006	2051	44	15	95.942947	σου
5	1	94	2	8	5	3068	2044	61	29	95.942947	ἦταν
5	1	94	2	8	6	3159	2044	31	22	95.134247	νά
4	1	94	2	9	0	2644	2079	549	30	-1	
5	1	94	2	9	1	2644	2084	11	24	59.541874	3
5	1	94	2	9	2	2834	2079	87	29	92.220528	δώσης
5	1	94	2	9	3	2933	2080	62	28	96.453903	στήν
5	1	94	2	9	4	3011	2081	119	21	65.572868	κοινωνία
5	1	94	2	9	5	3141	2089	52	20	49.625393	καρ'
4	1	94	2	10	0	2833	2116	355	29	-1	
5	1	94	2	10	1	2833	2116	66	28	90.969223	πούς
5	1	94	2	10	2	2913	2116	33	28	74.537872	γύ
5	1	94	2	10	3	2963	2116	101	28	92.334381	αὐτούς,
5	1	94	2	10	4	3082	2117	42	28	92.920769	γιά
5	1	94	2	10	5	3150	2117	38	22	80.056427	σέ-
4	1	94	2	11	0	2731	2158	457	22	-1	
5	1	94	2	11	1	2731	2158	42	10	28.686073	ον
5	1	94	2	11	2	2835	2160	31	13	76.606506	να
5	1	94	2	11	3	2883	2152	43	21	0.000000	καί
5	1	94	2	11	4	2943	2152	41	27	96.095520	γιά
5	1	94	2	11	5	2996	2152	46	28	95.784592	τήν
5	1	94	2	11	6	3070	2151	118	23	93.679214	κοινωνία
4	1	94	2	12	0	2480	2184	708	39	-1	
5	1	94	2	12	1	2480	2183	70	28	88.810760	ὅπως
5	1	94	2	12	2	2562	2184	62	23	93.296951	κάθε
5	1	94	2	12	3	2641	2186	91	28	43.633839	ἠθιιός
5	1	94	2	12	4	2746	2187	42	22	95.928421	καί
5	1	94	2	12	5	2807	2187	132	36	52.057266	ἐργατικός
5	1	94	2	12	6	2968	2188	132	27	88.025223	ἄνθρωπος
5	1	94	2	12	7	3135	2188	53	28	73.669250	ἔχει
4	1	94	2	13	0	2481	2219	188	30	-1	
5	1	94	2	13	1	2481	2219	41	27	83.323914	γιά
5	1	94	2	13	2	2531	2219	77	30	73.026733	πίστη
5	1	94	2	13	3	2615	2230	54	14	96.722427	του.
3	1	94	3	0	0	2475	2254	713	378	-1	
4	1	94	3	1	0	2504	2254	683	32	-1	
5	1	94	3	1	1	2504	2254	37	21	75.381599	2έ
5	1	94	3	1	2	2552	2256	65	28	92.307442	πῆρε
5	1	94	3	1	3	2633	2258	43	20	92.321487	καί
5	1	94	3	1	4	2689	2257	43	22	81.559036	δέν
5	1	94	3	1	5	2743	2258	23	21	42.574455	σ᾿
5	1	94	3	1	6	2779	2258	85	27	90.072090	ἄφησε
5	1	94	3	1	7	2877	2258	31	21	93.290070	νά
5	1	94	3	1	8	2920	2258	188	28	71.461411	ἱκανοποιήσεις
5	1	94	3	1	9	3123	2259	27	21	93.295311	τό
5	1	94	3	1	10	3165	2258	22	22	92.650696	ὅ-
4	1	94	3	2	0	2480	2290	708	31	-1	
5	1	94	3	2	1	2480	2290	67	28	40.531979	νειρό
5	1	94	3	2	2	2560	2297	44	16	93.294640	σου
5	1	94	3	2	3	2617	2292	45	21	91.505554	σάν
5	1	94	3	2	4	2677	2293	180	27	83.480927	συνταξιοῦχος
5	1	94	3	2	5	2867	2294	34	27	96.116753	νά
5	1	94	3	2	6	2910	2293	88	28	92.497513	ζήσεις
5	1	94	3	2	7	3009	2294	44	21	79.674515	καί
5	1	94	3	2	8	3064	2294	30	21	93.301941	νά
5	1	94	3	2	9	3105	2296	83	25	92.694252	χαρῆς
4	1	94	3	3	0	2479	2326	708	31	-1	
5	1	94	3	3	1	2479	2326	30	21	93.300850	τά
5	1	94	3	3	2	2525	2326	130	23	90.508629	τελευταῖα
5	1	94	3	3	3	2675	2335	43	14	96.811005	σου
5	1	94	3	3	4	2733	2328	89	27	82.695541	χρόνια
5	1	94	3	3	5	2832	2328	28	21	91.056641	τό
5	1	94	3	3	6	2871	2328	80	28	96.220863	χωριό
5	1	94	3	3	7	2965	2329	48	31	48.328178	πού
5	1	94	3	3	8	3029	2329	158	28	89.750862	γεννήθηκες
4	1	94	3	4	0	2480	2362	705	30	-1	
5	1	94	3	4	1	2480	2362	44	22	46.494045	καΐ
5	1	94	3	4	2	2538	2362	136	29	70.138382	λάτρεψες.
5	1	94	3	4	3	2693	2363	42	22	0.000000	Ἠά
5	1	94	3	4	4	2749	2364	168	27	91.318192	σεργιανίσεις
5	1	94	3	4	5	2935	2358	70	38	39.791328	στούς
5	1	94	3	4	6	3021	2364	108	28	91.184448	δρόµους
5	1	94	3	4	7	3142	2366	43	20	96.964325	τοῦ
4	1	94	3	5	0	2478	2398	706	30	-1	
5	1	94	3	5	1	2478	2400	105	26	92.965149	χωριοῦ,
5	1	94	3	5	2	2595	2398	31	21	93.092255	νά
5	1	94	3	5	3	2636	2399	176	28	92.318886	τραγουδήσης
5	1	94	3	5	4	2822	2399	32	28	89.604271	µέ
5	1	94	3	5	5	2869	2400	45	27	93.302917	τήν
5	1	94	3	5	6	2929	2400	107	27	88.000404	ἀμίμητη
5	1	94	3	5	7	3051	2401	75	27	96.122833	φωνή
5	1	94	3	5	8	3141	2408	43	14	96.595268	σου
4	1	94	3	6	0	2479	2434	706	29	-1	
5	1	94	3	6	1	2479	2434	30	21	89.624069	τά
5	1	94	3	6	2	2523	2434	219	28	78.004982	Γεωργιτσιάνικα
5	1	94	3	6	3	2755	2434	144	28	96.406799	τραγούδια,
5	1	94	3	6	4	2919	2435	43	21	73.310577	καί
5	1	94	3	6	5	2978	2436	31	21	93.296486	νά
5	1	94	3	6	6	3022	2436	87	27	28.658669	φάλης
5	1	94	3	6	7	3124	2436	61	27	96.236008	στήν
4	1	94	3	7	0	2479	2469	707	30	-1	
5	1	94	3	7	1	2479	2469	122	28	19.863655	ἑλοιλησιά
5	1	94	3	7	2	2613	2470	48	21	89.687820	πού
5	1	94	3	7	3	2678	2470	44	21	63.676323	παί
5	1	94	3	7	4	2734	2470	23	21	58.450569	σ
5	1	94	3	7	5	2770	2470	78	27	64.236115	αὐτήν
5	1	94	3	7	6	2859	2470	28	21	73.086655	τό
5	1	94	3	7	7	2900	2470	172	28	76.246208	ἐκκλησίασμα
5	1	94	3	7	8	3082	2471	31	27	87.574203	µέ
5	1	94	3	7	9	3127	2471	59	28	96.671677	δέος
4	1	94	3	8	0	2478	2505	706	28	-1	
5	1	94	3	8	1	2478	2505	29	20	93.298981	σέ
5	1	94	3	8	2	2526	2505	94	27	60.681416	ἄκουγε
5	1	94	3	8	3	2636	2505	58	21	93.301300	ὅταν
5	1	94	3	8	4	2711	2505	109	27	82.574142	ἔψελνες
5	1	94	3	8	5	2838	2505	149	28	90.839088	εὐχάριστες
5	1	94	3	8	6	3011	2506	103	27	48.992096	δεῄσεις
5	1	94	3	8	7	3142	2506	42	21	20.495003	στό
4	1	94	3	9	0	2478	2540	706	28	-1	
5	1	94	3	9	1	2478	2540	50	21	93.271393	Θεό
5	1	94	3	9	2	2538	2540	44	21	4.184578	καέ
5	1	94	3	9	3	2594	2540	76	27	96.402336	στούς
5	1	94	3	9	4	2687	2540	112	27	66.287003	Αγίους.
5	1	94	3	9	5	2817	2540	32	21	95.339027	Τί
5	1	94	3	9	6	2859	2541	31	20	93.300705	νά
5	1	94	3	9	7	2903	2541	55	26	89.802040	γίνη
5	1	94	3	9	8	2973	2540	77	27	96.414169	ὅμως,
5	1	94	3	9	9	3067	2541	117	27	39.233063	φαίνεται
4	1	94	3	10	0	2475	2574	710	28	-1	
5	1	94	3	10	1	2475	2575	58	27	92.926178	πώς
5	1	94	3	10	2	2545	2576	13	20	56.370853	ὅ
5	1	94	3	10	3	2569	2574	65	27	96.485703	Θεός
5	1	94	3	10	4	2647	2575	61	26	96.515732	τούς
5	1	94	3	10	5	2721	2575	94	26	95.367294	καλούς
5	1	94	3	10	6	2825	2575	61	26	93.290192	τούς
5	1	94	3	10	7	2897	2576	87	25	19.457924	ξητάει
5	1	94	3	10	8	2992	2576	102	26	93.286095	πρόωρα
5	1	94	3	10	9	3107	2576	78	21	83.892265	ποντά
4	1	94	3	11	0	2478	2618	52	14	-1	
5	1	94	3	11	1	2478	2618	52	14	96.421997	του.
2	1	95	0	0	0	3188	1953	744	726	-1	
3	1	95	1	0	0	3188	1953	744	726	-1	
4	1	95	1	1	0	3199	1953	3	47	-1	
5	1	95	1	1	1	3199	1953	3	47	95.000000	    
4	1	95	1	2	0	3199	2000	3	58	-1	
5	1	95	1	2	1	3199	2000	3	58	95.000000	   
4	1	95	1	3	0	3198	2058	4	26	-1	
5	1	95	1	3	1	3198	2058	4	26	95.000000	  
4	1	95	1	4	0	3198	2084	4	60	-1	
5	1	95	1	4	1	3198	2084	4	60	95.000000	    
4	1	95	1	5	0	3197	2155	5	71	-1	
5	1	95	1	5	1	3197	2155	5	71	95.000000	    
4	1	95	1	6	0	3196	2226	4	33	-1	
5	1	95	1	6	1	3196	2226	4	33	95.000000	  
4	1	95	1	7	0	3195	2259	5	45	-1	
5	1	95	1	7	1	3195	2259	5	45	95.000000	  
4	1	95	1	8	0	3194	2304	5	38	-1	
5	1	95	1	8	1	3194	2304	5	38	95.000000	   
4	1	95	1	9	0	3194	2342	4	36	-1	
5	1	95	1	9	1	3194	2342	4	36	95.000000	  
4	1	95	1	10	0	3194	2378	4	35	-1	
5	1	95	1	10	1	3194	2378	4	35	95.000000	  
4	1	95	1	11	0	3193	2413	5	36	-1	
5	1	95	1	11	1	3193	2413	5	36	95.000000	  
4	1	95	1	12	0	3193	2449	5	35	-1	
5	1	95	1	12	1	3193	2449	5	35	95.000000	  
4	1	95	1	13	0	3193	2484	5	83	-1	
5	1	95	1	13	1	3193	2484	5	83	95.000000	  
4	1	95	1	14	0	3192	2567	5	38	-1	
5	1	95	1	14	1	3192	2567	5	38	95.000000	 
4	1	95	1	15	0	3192	2605	4	42	-1	
5	1	95	1	15	1	3192	2605	4	42	95.000000	 
4	1	95	1	16	0	3188	2647	744	32	-1	
5	1	95	1	16	1	3188	2647	744	32	95.000000	 
2	1	96	0	0	0	2623	1984	1	21	-1	
3	1	96	1	0	0	2623	1984	1	21	-1	
4	1	96	1	1	0	2623	1984	1	21	-1	
5	1	96	1	1	1	2623	1984	1	21	95.000000	 
2	1	97	0	0	0	2703	2006	18	1	-1	
3	1	97	1	0	0	2703	2006	18	1	-1	
4	1	97	1	1	0	2703	2006	18	1	-1	
5	1	97	1	1	1	2703	2006	18	1	95.000000	 
2	1	98	0	0	0	2717	1997	1	18	-1	
3	1	98	1	0	0	2717	1997	1	18	-1	
4	1	98	1	1	0	2717	1997	1	18	-1	
5	1	98	1	1	1	2717	1997	1	18	95.000000	 
2	1	99	0	0	0	2707	1998	1	17	-1	
3	1	99	1	0	0	2707	1998	1	17	-1	
4	1	99	1	1	0	2707	1998	1	17	-1	
5	1	99	1	1	1	2707	1998	1	17	95.000000	 
2	1	100	0	0	0	2708	1998	3	26	-1	
3	1	100	1	0	0	2708	1998	3	26	-1	
4	1	100	1	1	0	2708	1998	3	26	-1	
5	1	100	1	1	1	2708	1998	3	26	95.000000	 
2	1	101	0	0	0	2706	2014	17	1	-1	
3	1	101	1	0	0	2706	2014	17	1	-1	
4	1	101	1	1	0	2706	2014	17	1	-1	
5	1	101	1	1	1	2706	2014	17	1	95.000000	 
2	1	102	0	0	0	2492	1754	282	319	-1	
3	1	102	1	0	0	2492	1754	282	319	-1	
4	1	102	1	1	0	2492	1754	282	319	-1	
5	1	102	1	1	1	2492	1754	282	319	95.000000	 
2	1	103	0	0	0	2530	2080	24	1	-1	
3	1	103	1	0	0	2530	2080	24	1	-1	
4	1	103	1	1	0	2530	2080	24	1	-1	
5	1	103	1	1	1	2530	2080	24	1	95.000000	 
2	1	104	0	0	0	2551	2063	1	27	-1	
3	1	104	1	0	0	2551	2063	1	27	-1	
4	1	104	1	1	0	2551	2063	1	27	-1	
5	1	104	1	1	1	2551	2063	1	27	95.000000	 
2	1	105	0	0	0	2531	2071	1	20	-1	
3	1	105	1	0	0	2531	2071	1	20	-1	
4	1	105	1	1	0	2531	2071	1	20	-1	
5	1	105	1	1	1	2531	2071	1	20	95.000000	 
2	1	106	0	0	0	2742	2127	3	18	-1	
3	1	106	1	0	0	2742	2127	3	18	-1	
4	1	106	1	1	0	2742	2127	3	18	-1	
5	1	106	1	1	1	2742	2127	3	18	95.000000	 
2	1	107	0	0	0	2677	2148	1	17	-1	
3	1	107	1	0	0	2677	2148	1	17	-1	
4	1	107	1	1	0	2677	2148	1	17	-1	
5	1	107	1	1	1	2677	2148	1	17	95.000000	 
2	1	108	0	0	0	2352	2665	841	12	-1	
3	1	108	1	0	0	2352	2665	841	12	-1	
4	1	108	1	1	0	2352	2665	841	12	-1	
5	1	108	1	1	1	2352	2665	841	12	95.000000	 
2	1	109	0	0	0	1735	2652	737	118	-1	
3	1	109	1	0	0	1735	2652	737	105	-1	
4	1	109	1	1	0	1735	2652	737	38	-1	
5	1	109	1	1	1	1735	2652	117	34	16.614288	ρέᾳισμια,
5	1	109	1	1	2	1861	2658	53	19	91.643616	ὅλοι
5	1	109	1	1	3	1927	2658	55	32	28.835381	δέ;
5	1	109	1	1	4	1986	2659	27	19	19.510696	δἳ
5	1	109	1	1	5	2013	2659	179	27	34.199074	διεδχόμέἔνοι
5	1	109	1	1	6	2200	2662	32	19	55.667576	νά
5	1	109	1	1	7	2241	2662	115	20	79.092865	Ελέπουν
5	1	109	1	1	8	2385	2664	87	19	0.000000	-“εάεε]-
4	1	109	1	2	0	1736	2689	383	31	-1	
5	1	109	1	2	1	1736	2689	49	22	96.495773	πού
5	1	109	1	2	2	1794	2690	32	21	92.905632	νά
5	1	109	1	2	3	1837	2690	62	27	64.313965	τούς
5	1	109	1	2	4	1908	2691	71	27	83.519745	µένει
5	1	109	1	2	5	1986	2692	133	28	91.414719	ἀξέχαστο.
4	1	109	1	3	0	1887	2718	393	52	-1	
5	1	109	1	3	1	1887	2722	180	48	14.383278	Ἠαναγιώτης
5	1	109	1	3	2	2083	2728	32	33	39.174458	Γ.
5	1	109	1	3	3	2126	2718	154	43	90.855377	Καλαντξῆς
2	1	110	0	0	0	1730	2760	711	456	-1	
3	1	110	1	0	0	1730	2760	710	86	-1	
4	1	110	1	1	0	1730	2760	710	51	-1	
5	1	110	1	1	1	1730	2772	27	37	0.000000	μ-
5	1	110	1	1	2	1771	2760	104	42	80.305046	ΡΙΝΙΟ
5	1	110	1	1	3	1887	2779	180	22	0.000000	34"Ι:ΚΑΡΙ
5	1	110	1	1	4	2080	2780	152	29	50.947693	Αὔοτραλία.
5	1	110	1	1	5	2248	2782	86	29	80.510696	Θερμά
5	1	110	1	1	6	2345	2783	95	28	91.752930	εὖχαρι-
4	1	110	1	2	0	1735	2814	553	32	-1	
5	1	110	1	2	1	1735	2814	89	28	83.011185	στοῦμε
5	1	110	1	2	2	1834	2814	43	28	93.195259	γιά
5	1	110	1	2	3	1888	2814	119	29	85.317696	ἐνίσχυση
5	1	110	1	2	4	2022	2824	43	14	42.856159	καί
5	1	110	1	2	5	2073	2816	68	23	57.660759	σιαλά
5	1	110	1	2	6	2151	2823	48	22	96.538315	σας
5	1	110	1	2	7	2208	2817	80	29	94.269623	Λόγια.
3	1	110	2	0	0	1731	2849	710	367	-1	
4	1	110	2	1	0	1741	2849	698	51	-1	
5	1	110	2	1	1	1741	2857	47	13	54.824978	στι
5	1	110	2	1	2	1804	2849	191	24	19.213562	4ΔΗΙΗΗΤΡΤΟ
5	1	110	2	1	3	2008	2852	45	21	61.467690	καί
5	1	110	2	1	4	2066	2852	97	22	90.638535	ΠΟΤΑ
5	1	110	2	1	5	2179	2853	122	22	21.957886	4ΟΥΒΗ
5	1	110	2	1	6	2313	2850	126	50	92.488594	Κηφισιᾶ.
4	1	110	2	2	0	1734	2883	703	52	-1	
5	1	110	2	2	1	1734	2884	47	22	93.028084	Γιά
5	1	110	2	2	2	1799	2885	99	27	78.972649	γράµµα
5	1	110	2	2	3	1916	2891	55	22	92.484970	σας,
5	1	110	2	2	4	1993	2886	31	27	83.352448	µέ
5	1	110	2	2	5	2042	2883	127	52	75.283455	συ»δροµή
5	1	110	2	2	6	2184	2888	45	21	55.807568	καΐ
5	1	110	2	2	7	2245	2888	77	28	91.628418	εὐχές
5	1	110	2	2	8	2342	2889	95	28	75.436699	εὖχαρι-
4	1	110	2	3	0	1735	2920	238	27	-1	
5	1	110	2	3	1	1735	2920	92	26	81.291512	στοῦμε
5	1	110	2	3	2	1849	2920	124	27	85.679558	ἀπείρως..
4	1	110	2	4	0	1734	2968	706	37	-1	
5	1	110	2	4	1	1734	2980	61	13	31.160690	στ.
5	1	110	2	4	2	1811	2972	96	21	93.215370	ΑΝΝΑ
5	1	110	2	4	3	1920	2973	31	22	70.814224	Ρ.
5	1	110	2	4	4	1964	2968	136	27	80.388138	ΒΟΙ.ΑΝΙ
5	1	110	2	4	5	2115	2974	115	23	10.630646	Ἰαναδά.
5	1	110	2	4	6	2247	2976	85	28	87.151184	Θερμά
5	1	110	2	4	7	2343	2977	97	28	60.136082	εὔχαρι-
4	1	110	2	5	0	1735	3008	553	31	-1	
5	1	110	2	5	1	1735	3008	92	27	80.122269	στοῦμε
5	1	110	2	5	2	1838	3008	43	27	93.298088	γιά
5	1	110	2	5	3	1893	3008	121	28	85.678551	ἔνίσχυση
5	1	110	2	5	4	2024	3010	44	21	0.000000	χιαΐ
5	1	110	2	5	5	2078	3010	65	21	95.834335	καλά
5	1	110	2	5	6	2151	3016	48	22	96.473518	σας
5	1	110	2	5	7	2207	3011	81	28	83.348724	Λόγια.
4	1	110	2	6	0	1735	3042	706	29	-1	
5	1	110	2	6	1	1735	3053	23	4	3.088905	--
5	1	110	2	6	2	1777	3042	36	21	70.262543	Ἡ
5	1	110	2	6	3	1824	3043	139	28	71.643013	φιλόλογος
5	1	110	2	6	4	1974	3053	25	12	92.487137	κ.
5	1	110	2	6	5	2016	3044	137	23	20.846619	ΑΤΤΓΕΔΛΑ
5	1	110	2	6	6	2168	3046	162	23	16.761162	ΗΔΛΙΑΔΟΥ
5	1	110	2	6	7	2345	3062	7	3	91.952835	-
5	1	110	2	6	8	2365	3048	76	22	22.020157	ΣΤΕ.
4	1	110	2	7	0	1731	3074	706	36	-1	
5	1	110	2	7	1	1731	3074	246	27	9.501686	ΦΑΝΟΠΟΥΑΟΥ:
5	1	110	2	7	2	1999	3080	102	22	90.776909	Στέλνω
5	1	110	2	7	3	2117	3081	33	27	96.593910	τή
5	1	110	2	7	4	2168	3082	126	28	19.179619	συνδρομή
5	1	110	2	7	5	2311	3091	48	19	92.387184	µου
5	1	110	2	7	6	2394	3086	43	19	92.012856	τοῦ
4	1	110	2	8	0	1734	3112	662	50	-1	
5	1	110	2	8	1	1734	3113	80	22	77.233551	19δ4
5	1	110	2	8	2	1834	3114	63	27	93.050789	στήν
5	1	110	2	8	3	1915	3114	81	29	65.086189	ὥραία
5	1	110	2	8	4	2025	3112	142	50	68.263306	ἐφημερίδα
5	1	110	2	8	5	2206	3118	190	23	53.042316	«ΓΕΩΡΓΙΤΣ
4	1	110	2	9	0	1733	3132	706	59	-1	
5	1	110	2	9	1	1733	3148	197	30	94.826981	Συγχαρητήρια
5	1	110	2	9	2	1948	3151	43	28	95.679169	γιά
5	1	110	2	9	3	2002	3151	30	28	95.679169	τή
5	1	110	2	9	4	2050	3152	156	39	94.432732	προσπάθειά
5	1	110	2	9	5	2223	3149	49	37	96.653847	σας
5	1	110	2	9	6	2287	3132	152	55	0.000000	ἀνασυγκερό-
4	1	110	2	10	0	1735	3193	315	23	-1	
5	1	110	2	10	1	1735	3193	79	22	29.586731	τησης
5	1	110	2	10	2	1834	3187	53	22	93.282288	τῶν
5	1	110	2	10	3	1904	3188	121	28	88.322845	χωριῶν.
5	1	110	2	10	4	2048	3206	2	8	75.795166	.
2	1	111	0	0	0	1738	3239	136	10	-1	
3	1	111	1	0	0	1738	3239	136	10	-1	
4	1	111	1	1	0	1738	3239	136	10	-1	
5	1	111	1	1	1	1738	3239	136	10	23.877060	Ην
2	1	112	0	0	0	1876	3241	66	9	-1	
3	1	112	1	0	0	1876	3241	66	9	-1	
4	1	112	1	1	0	1876	3241	66	9	-1	
5	1	112	1	1	1	1876	3241	66	9	95.000000	 
2	1	113	0	0	0	1942	3242	496	16	-1	
3	1	113	1	0	0	1942	3242	496	16	-1	
4	1	113	1	1	0	1942	3242	496	16	-1	
5	1	113	1	1	1	1942	3242	4	8	0.000000	Ὁ
5	1	113	1	1	2	2074	3243	364	15	0.000000	 συσσσσ
5	1	113	1	1	3	2316	3234	28	28	0.000000	σ
5	1	113	1	1	4	2390	3234	52	28	37.729221	η
2	1	114	0	0	0	1726	3278	612	96	-1	
3	1	114	1	0	0	1730	3278	601	96	-1	
4	1	114	1	1	0	2020	3278	117	23	-1	
5	1	114	1	1	1	2020	3278	117	23	0.000000	ΡΗΒΟΣ
4	1	114	1	2	0	1726	3289	612	58	-1	
5	1	114	1	2	1	1726	3289	202	58	55.625961	ΚΡΥΣΠΑΛΛΑ.-
5	1	114	1	2	2	1940	3312	218	25	63.499737	ΠΟΡΣΕΛΑΝΑΙ
5	1	114	1	2	3	2147	3308	15	41	91.857750	-
5	1	114	1	2	4	2167	3315	171	25	29.694763	ΦΩΠΙΣΠΚΑ.
4	1	114	1	3	0	1832	3344	430	30	-1	
5	1	114	1	3	1	1832	3344	2	3	0.000000	'
5	1	114	1	3	2	1908	3347	95	25	80.267265	ΡΕΒΟΡ
5	1	114	1	3	3	2016	3348	119	25	85.776657	ΥΑΙΛΙΚΑ.
5	1	114	1	3	4	2148	3350	87	24	27.842545	Σταδίω
2	1	115	0	0	0	2451	2748	4	563	-1	
3	1	115	1	0	0	2451	2748	4	563	-1	
4	1	115	1	1	0	2451	2748	4	563	-1	
5	1	115	1	1	1	2451	2748	4	563	95.000000	 
2	1	116	0	0	0	2475	2656	717	727	-1	
3	1	116	1	0	0	2475	2656	717	727	-1	
4	1	116	1	1	0	2476	2656	707	64	-1	
5	1	116	1	1	1	2476	2668	14	4	10.016014	ο
5	1	116	1	1	2	2508	2656	140	54	10.817451	πρννήθηνες
5	1	116	1	1	3	2667	2670	55	29	73.588364	στό
5	1	116	1	1	4	2725	2678	83	21	91.911499	ἐπάνω
5	1	116	1	1	5	2820	2656	155	49	57.974426	Τεωογίτσι,
5	1	116	1	1	6	2976	2667	155	53	0.000000	᾿ἠπεγάλωσε
5	1	116	1	1	7	3153	2669	30	37	74.366089	μὲ
4	1	116	1	2	0	2478	2712	704	29	-1	
5	1	116	1	2	1	2478	2714	41	21	93.297264	τόν
5	1	116	1	2	2	2530	2712	96	27	90.565369	ἀδελφό
5	1	116	1	2	3	2637	2721	43	13	96.094162	του
5	1	116	1	2	4	2692	2713	60	27	88.606194	µόνο
5	1	116	1	2	5	2763	2712	31	28	88.979507	µέ
5	1	116	1	2	6	2804	2713	30	27	95.853821	τή
5	1	116	1	2	7	2845	2713	65	27	45.286667	μάνα
5	1	116	1	2	8	2919	2721	43	13	73.759117	του
5	1	116	1	2	9	2976	2714	66	27	92.883133	γιατί
5	1	116	1	2	10	3050	2713	13	22	79.767548	ὃ
5	1	116	1	2	11	3073	2714	109	27	96.879684	πατέρας
4	1	116	1	3	0	2480	2748	702	29	-1	
5	1	116	1	3	1	2480	2756	42	14	92.724846	του
5	1	116	1	3	2	2540	2749	107	25	8.342445	ἕλλεσσε,
5	1	116	1	3	3	2664	2748	43	21	29.321968	μαΐ
5	1	116	1	3	4	2719	2748	87	28	89.687225	ἄρχισε
5	1	116	1	3	5	2821	2748	33	22	90.755150	τά
5	1	116	1	3	6	2863	2749	89	27	90.765778	πρῶτα
5	1	116	1	3	7	2967	2748	97	28	75.565025	θήµατα
5	1	116	1	3	8	3079	2751	47	26	93.296608	τῆς
5	1	116	1	3	9	3142	2750	40	27	55.511978	µά.
4	1	116	1	4	0	2479	2783	702	29	-1	
5	1	116	1	4	1	2479	2784	80	27	33.241814	θηήσης
5	1	116	1	4	2	2575	2783	44	22	93.301544	στό
5	1	116	1	4	3	2631	2783	118	28	38.301460	δηµοπιωιό
5	1	116	1	4	4	2764	2785	44	20	92.645439	τοῦ
5	1	116	1	4	5	2827	2784	7	9	52.133171	᾿
5	1	116	1	4	6	2835	2784	112	27	69.513611	Αλούπη.
5	1	116	1	4	7	2967	2784	78	22	59.676037	"Όλοι
5	1	116	1	4	8	3059	2784	23	21	90.121635	οἳ
5	1	116	1	4	9	3094	2792	87	20	45.242943	συµµα-
4	1	116	1	5	0	2478	2816	702	31	-1	
5	1	116	1	5	1	2478	2819	73	28	85.780312	θηπαί
5	1	116	1	5	2	2562	2826	45	16	96.642570	του
5	1	116	1	5	3	2617	2819	44	21	91.642761	καί
5	1	116	1	5	4	2673	2819	23	21	93.146950	οἳ
5	1	116	1	5	5	2710	2816	120	25	96.504349	δάσκαλοι
5	1	116	1	5	6	2840	2819	41	22	49.144482	τόν
5	1	116	1	5	7	2895	2818	107	29	57.556225	ζήλεναν
5	1	116	1	5	8	3015	2820	43	21	91.379349	καί
5	1	116	1	5	9	3073	2820	43	21	21.078194	τόν
5	1	116	1	5	10	3127	2820	53	21	68.118744	θαύ.
4	1	116	1	6	0	2478	2854	703	29	-1	
5	1	116	1	6	1	2478	2856	80	27	87.718437	µαξαν
5	1	116	1	6	2	2571	2854	66	28	95.717049	γιατί
5	1	116	1	6	3	2651	2854	29	21	93.277534	σέ
5	1	116	1	6	4	2692	2854	43	27	92.370285	ὅλη
5	1	116	1	6	5	2751	2854	46	27	93.302078	τήν
5	1	116	1	6	6	2811	2855	105	27	68.740952	σχολωκή
5	1	116	1	6	7	2931	2855	109	28	22.640427	κλίμακα
5	1	116	1	6	8	3050	2855	47	22	93.302589	ἀπό
5	1	116	1	6	9	3112	2856	69	27	35.275604	δηµο:
4	1	116	1	7	0	2479	2885	704	34	-1	
5	1	116	1	7	1	2479	2885	54	26	49.373455	εικό
5	1	116	1	7	2	2543	2890	76	27	85.277557	µέχρι
5	1	116	1	7	3	2628	2890	121	27	74.547035	γυμνάσιο
5	1	116	1	7	4	2761	2890	102	27	50.044975	ἔόγαινε
5	1	116	1	7	5	2877	2890	31	27	88.553421	µέ
5	1	116	1	7	6	2919	2891	95	27	91.985977	ἄριστα.
5	1	116	1	7	7	3031	2890	6	10	66.022163	᾿
5	1	116	1	7	8	3040	2890	143	29	96.168541	Απόφοιτος
4	1	116	1	8	0	2480	2925	702	32	-1	
5	1	116	1	8	1	2480	2926	41	19	96.933189	τοῦ
5	1	116	1	8	2	2539	2926	135	27	67.302261	γυμνασίου
5	1	116	1	8	3	2695	2925	167	31	80.341911	ἐγκατέλειψε
5	1	116	1	8	4	2877	2926	29	23	96.088577	τό
5	1	116	1	8	5	2922	2926	80	31	96.088577	χωριό
5	1	116	1	8	6	3015	2927	167	30	96.059120	πηγαίνοντας
4	1	116	1	9	0	2479	2960	702	33	-1	
5	1	116	1	9	1	2479	2960	61	27	96.094940	στήν
5	1	116	1	9	2	2552	2960	138	31	92.653282	Καλαμάτα
5	1	116	1	9	3	2698	2963	31	28	96.592941	μέ
5	1	116	1	9	4	2742	2964	30	21	96.959755	τά
5	1	116	1	9	5	2783	2964	75	21	59.310684	πόδια
5	1	116	1	9	6	2866	2964	64	28	93.142296	πρός
5	1	116	1	9	7	2942	2964	151	28	69.967270	ἀναζήτησιν
5	1	116	1	9	8	3106	2965	75	28	96.908089	τύχης
4	1	116	1	10	0	2478	2996	702	33	-1	
5	1	116	1	10	1	2478	2996	43	21	89.275467	καί
5	1	116	1	10	2	2533	2996	186	31	92.161339	καλλιτέρευσιν
5	1	116	1	10	3	2730	3001	53	26	84.113220	τῆς
5	1	116	1	10	4	2793	3000	79	27	67.604500	ζωῆς,
5	1	116	1	10	5	2887	3000	192	28	77.360092	ἀκολουθώντας
5	1	116	1	10	6	3090	3001	30	28	93.285202	τή
5	1	116	1	10	7	3133	3001	47	28	65.939011	µοί.
4	1	116	1	11	0	2479	3032	703	33	-1	
5	1	116	1	11	1	2479	3039	31	20	72.311371	ρα
5	1	116	1	11	2	2520	3032	52	21	95.781502	τῶν
5	1	116	1	11	3	2584	3035	186	28	81.384216	περισσοτέρων
5	1	116	1	11	4	2785	3035	211	28	85.233444	Γεωργιτοιάνων
5	1	116	1	11	5	3007	3036	50	21	96.254723	πού
5	1	116	1	11	6	3071	3037	111	28	96.321648	φεύγουν
4	1	116	1	12	0	2478	3066	702	34	-1	
5	1	116	1	12	1	2478	3066	44	22	10.285721	ῥάν
5	1	116	1	12	2	2534	3067	32	21	92.455681	τά
5	1	116	1	12	3	2576	3067	172	31	61.920040	ἀποδημητικά
5	1	116	1	12	4	2758	3071	98	22	96.183914	πουλιά.
5	1	116	1	12	5	2873	3071	110	22	85.873154	"Έπειτα
5	1	116	1	12	6	2994	3071	47	22	76.109802	ἀπό
5	1	116	1	12	7	3053	3072	63	27	80.986252	λίγο,
5	1	116	1	12	8	3131	3074	49	26	49.252258	γνώ
4	1	116	1	13	0	2477	3102	703	33	-1	
5	1	116	1	13	1	2477	3108	55	21	12.785484	θισε
5	1	116	1	13	2	2544	3102	46	28	95.713470	τήν
5	1	116	1	13	3	2607	3106	89	28	0.000000	Μαρία
5	1	116	1	13	4	2711	3106	135	29	85.941925	Κατοαροῦ
5	1	116	1	13	5	2859	3107	46	27	93.250862	τήν
5	1	116	1	13	6	2921	3107	72	22	44.460144	ὁποία
5	1	116	1	13	7	3010	3108	170	27	51.945610	παντρεύτηκε
4	1	116	1	14	0	2478	3138	702	33	-1	
5	1	116	1	14	1	2478	3138	43	21	49.108383	καΐ
5	1	116	1	14	2	2533	3138	52	21	91.552689	ἔτσι
5	1	116	1	14	3	2600	3141	106	28	92.461418	ἔμπλεξε
5	1	116	1	14	4	2718	3142	120	28	55.524387	ΆΟΌχρονο
5	1	116	1	14	5	2848	3142	71	22	76.749420	παιδί
5	1	116	1	14	6	2931	3142	61	27	39.701519	στήν
5	1	116	1	14	7	3007	3142	173	29	61.593254	οἰκογενειακή
4	1	116	1	15	0	2478	3173	702	34	-1	
5	1	116	1	15	1	2478	3173	114	30	82.708061	βιοπάλη.
5	1	116	1	15	2	2609	3177	53	22	0.000000	Κα
5	1	116	1	15	3	2675	3177	23	22	93.046577	οἳ
5	1	116	1	15	4	2714	3178	46	21	96.684105	δυό
5	1	116	1	15	5	2777	3178	59	27	70.805138	µαζί
5	1	116	1	15	6	2849	3178	91	21	80.546600	ἔδαλαν
5	1	116	1	15	7	2958	3178	29	21	93.300812	τό
5	1	116	1	15	8	3001	3180	85	25	90.794983	πρῶτο
5	1	116	1	15	9	3100	3179	80	28	72.727264	λιθάρι
4	1	116	1	16	0	2477	3212	703	30	-1	
5	1	116	1	16	1	2477	3212	46	21	96.374825	στά
5	1	116	1	16	2	2537	3212	101	27	11.176361	θεμέλια
5	1	116	1	16	3	2654	3214	48	26	96.139687	τῆς
5	1	116	1	16	4	2715	3213	134	27	20.360321	μετέπειτα
5	1	116	1	16	5	2861	3213	179	28	91.356804	πολυτάραχης
5	1	116	1	16	6	3054	3214	70	27	85.741798	ξωῆς
5	1	116	1	16	7	3141	3223	39	19	96.316254	για
4	1	116	1	17	0	2477	3247	702	30	-1	
5	1	116	1	17	1	2477	3247	29	22	94.952011	νά
5	1	116	1	17	2	2516	3247	93	22	90.312157	κάνουν
5	1	116	1	17	3	2625	3248	45	21	84.853088	ἕνα
5	1	116	1	17	4	2683	3248	122	27	83.955971	θαυμάσιο
5	1	116	1	17	5	2815	3248	173	28	45.285717	οἴκογεγειακό
5	1	116	1	17	6	2999	3248	180	29	52.555954	δημιούργημα.
4	1	116	1	18	0	2477	3282	703	31	-1	
5	1	116	1	18	1	2477	3282	35	22	89.077927	Τό
5	1	116	1	18	2	2526	3283	172	28	40.058556	δημιούργημα
5	1	116	1	18	3	2715	3284	60	21	77.973717	αὐτό
5	1	116	1	18	4	2787	3284	61	27	55.071747	ἦταν
5	1	116	1	18	5	2867	3284	39	25	90.431465	ἓξι
5	1	116	1	18	6	2920	3284	96	27	96.254768	παιδιά,
5	1	116	1	18	7	3031	3285	48	21	86.085732	πού
5	1	116	1	18	8	3094	3285	32	28	84.848740	µέ
5	1	116	1	18	9	3141	3285	39	21	87.539848	κό-
4	1	116	1	19	0	2475	3318	703	30	-1	
5	1	116	1	19	1	2475	3326	73	19	91.393654	πους,
5	1	116	1	19	2	2565	3318	87	28	92.066956	θυσίες
5	1	116	1	19	3	2668	3319	44	21	94.720840	καί
5	1	116	1	19	4	2723	3319	133	28	96.116623	στερήσεις
5	1	116	1	19	5	2867	3320	43	21	93.141106	καί
5	1	116	1	19	6	2922	3319	31	28	86.572899	µέ
5	1	116	1	19	7	2967	3320	60	28	90.069641	µόνο
5	1	116	1	19	8	3043	3320	59	22	91.580513	ὅπλο
5	1	116	1	19	9	3139	3321	39	22	46.889603	τόν
4	1	116	1	20	0	2477	3353	715	30	-1	
5	1	116	1	20	1	2477	3353	169	30	61.205399	κογδυλοφόρο
5	1	116	1	20	2	2663	3362	53	19	95.926788	του,
5	1	116	1	20	3	2735	3355	31	21	96.696983	τά
5	1	116	1	20	4	2783	3355	141	28	30.205528	μεγάλωσε,
5	1	116	1	20	5	2944	3356	30	21	96.573822	τά
5	1	116	1	20	6	2996	3356	132	27	96.313576	σπούδασε,
5	1	116	1	20	7	3149	3358	43	22	88.582573	τό
5	1	116	1	20	8	3182	3349	13	38	88.582573	|
2	1	117	0	0	0	3204	452	218	28	-1	
3	1	117	1	0	0	3204	452	218	28	-1	
4	1	117	1	1	0	3204	452	218	28	-1	
5	1	117	1	1	1	3204	453	63	22	0.000000	ἰτωιό
5	1	117	1	1	2	3281	452	141	28	0.000000	Συµβούλιο
2	1	118	0	0	0	2841	744	386	35	-1	
3	1	118	1	0	0	2841	744	386	35	-1	
4	1	118	1	1	0	2841	744	386	35	-1	
5	1	118	1	1	1	2841	757	45	20	93.208923	στη
5	1	118	1	1	2	2899	750	14	21	37.605267	ὅ
5	1	118	1	1	3	2923	750	62	22	25.048592	Σεθ.
5	1	118	1	1	4	3001	751	193	28	78.840988	Μητροπολίτης
5	1	118	1	1	5	3213	744	14	14	34.757050	|.
2	1	119	0	0	0	2817	1634	744	38	-1	
3	1	119	1	0	0	2817	1634	744	38	-1	
4	1	119	1	1	0	2817	1634	744	38	-1	
5	1	119	1	1	1	2817	1634	73	28	76.679581	«Ζωή
5	1	119	1	1	2	2908	1636	46	21	96.656242	στά
5	1	119	1	1	3	2968	1636	86	21	76.931976	παιδιά
5	1	119	1	1	4	3067	1644	47	19	73.211441	της
5	1	119	1	1	5	3146	1638	44	19	73.211441	οιαὶ
5	1	119	1	1	6	3201	1647	59	25	13.496666	Ιτου.
5	1	119	1	1	7	3275	1640	35	22	47.993248	Ἡ
5	1	119	1	1	8	3323	1640	106	27	92.688675	γυναίκα
5	1	119	1	1	9	3441	1648	43	15	92.964119	του
5	1	119	1	1	10	3509	1640	52	29	92.145691	εἶχε
2	1	120	0	0	0	3188	2678	224	10	-1	
3	1	120	1	0	0	3188	2678	224	10	-1	
4	1	120	1	1	0	3188	2678	224	10	-1	
5	1	120	1	1	1	3188	2678	224	10	95.000000	 
2	1	121	0	0	0	3689	255	163	39	-1	
3	1	121	1	0	0	3689	255	163	39	-1	
4	1	121	1	1	0	3689	255	163	39	-1	
5	1	121	1	1	1	3689	256	17	37	27.939560	Β
5	1	121	1	1	2	3724	255	110	39	41.051807	ΠΛΙΡΙΛΛ
2	1	122	0	0	0	3713	318	95	7	-1	
3	1	122	1	0	0	3713	318	95	7	-1	
4	1	122	1	1	0	3713	318	95	7	-1	
5	1	122	1	1	1	3713	318	95	7	32.899536	ο.
2	1	123	0	0	0	3293	256	199	38	-1	
3	1	123	1	0	0	3293	256	199	38	-1	
4	1	123	1	1	0	3293	256	199	38	-1	
5	1	123	1	1	1	3293	256	199	38	25.245667	ΓΝΠΣΤΟΠΟΙΗΣΗ
2	1	124	0	0	0	3213	346	352	134	-1	
3	1	124	1	0	0	3213	346	352	134	-1	
4	1	124	1	1	0	3237	346	327	27	-1	
5	1	124	1	1	1	3237	346	31	23	54.054916	3Ο
5	1	124	1	1	2	3284	346	122	27	95.500252	πρόεδρος
5	1	124	1	1	3	3423	348	43	19	93.281380	τοῦ
5	1	124	1	1	4	3486	346	78	25	66.875015	᾿Εξω-
4	1	124	1	2	0	3213	381	351	29	-1	
5	1	124	1	2	1	3213	383	128	27	84.712692	ραϊστικοῦ
5	1	124	1	2	2	3363	381	127	28	81.360077	Συλλόγου
5	1	124	1	2	3	3520	381	44	21	40.854015	Γε-
4	1	124	1	3	0	3213	417	352	28	-1	
5	1	124	1	3	1	3213	417	134	28	51.855621	ὠργιτσίου
5	1	124	1	3	2	3364	417	44	21	3.208679	μαΐ
5	1	124	1	3	3	3421	418	28	21	93.297134	τό
5	1	124	1	3	4	3467	417	98	26	18.557861	Διουκη-
4	1	124	1	4	0	3459	460	105	20	-1	
5	1	124	1	4	1	3459	460	105	20	69.685181	γνωστο-
2	1	125	0	0	0	3344	318	94	8	-1	
3	1	125	1	0	0	3344	318	94	8	-1	
4	1	125	1	1	0	3344	318	94	8	-1	
5	1	125	1	1	1	3344	318	94	8	95.000000	 
2	1	126	0	0	0	3583	364	352	100	-1	
3	1	126	1	0	0	3583	364	352	100	-1	
4	1	126	1	1	0	3584	364	351	29	-1	
5	1	126	1	1	1	3584	364	56	23	7.453224	"Ὅλο
5	1	126	1	1	2	3649	365	35	22	86.688644	τόν
5	1	126	1	1	3	3694	365	66	27	76.684311	κόσμο
5	1	126	1	1	4	3767	364	30	22	42.896317	κι’
5	1	126	1	1	5	3808	365	26	24	92.442009	ἄν
5	1	126	1	1	6	3845	366	90	27	88.770584	γυρίσεις
4	1	126	1	2	0	3583	400	285	28	-1	
5	1	126	1	2	1	3583	401	26	27	94.140564	τή
5	1	126	1	2	2	3620	400	93	22	83.263161	θάλασσα,
5	1	126	1	2	3	3722	401	36	20	92.678955	καὶ
5	1	126	1	2	4	3765	400	40	28	90.309158	πήν
5	1	126	1	2	5	3813	400	55	28	94.526756	ξηρά
4	1	126	1	3	0	3584	436	333	28	-1	
5	1	126	1	3	1	3584	436	78	28	48.051590	καμμιά
5	1	126	1	3	2	3672	436	56	27	90.377518	χαρά
5	1	126	1	3	3	3738	436	24	21	81.615585	δὲ
5	1	126	1	3	4	3773	436	27	21	90.862579	θά
5	1	126	1	3	5	3809	437	108	27	89.987480	γνωρίσεις
2	1	127	0	0	0	3212	469	672	47	-1	
3	1	127	1	0	0	3212	469	672	47	-1	
4	1	127	1	1	0	3601	469	272	10	-1	
5	1	127	1	1	1	3601	472	4	7	0.000000	,
5	1	127	1	1	2	3731	472	5	6	38.351780	ο
5	1	127	1	1	3	3801	469	72	10	30.990311	πω.
4	1	127	1	2	0	3269	472	615	23	-1	
5	1	127	1	2	1	3269	490	9	5	0.000000	.
5	1	127	1	2	2	3583	479	37	15	84.154045	σάν
5	1	127	1	2	3	3629	479	10	13	96.718651	τῆς
5	1	127	1	2	4	3673	472	101	20	95.696693	πατρίδας
5	1	127	1	2	5	3782	478	12	13	73.281799	τή
5	1	127	1	2	6	3832	479	52	14	89.003372	χαρά.,
4	1	127	1	3	0	3212	474	646	42	-1	
5	1	127	1	3	1	3212	496	66	14	92.211060	ποιεῖ
5	1	127	1	3	2	3294	488	63	28	96.153320	πρός
5	1	127	1	3	3	3373	488	59	27	92.602684	τούς
5	1	127	1	3	4	3461	488	102	21	91.631210	ἅπαντα-
5	1	127	1	3	5	3640	474	25	25	12.798431	Πε
5	1	127	1	3	6	3716	479	58	20	19.129257	πατρίδας
5	1	127	1	3	7	3784	470	22	51	69.697060	νή
5	1	127	1	3	8	3849	479	9	20	75.984688	χαρ
2	1	128	0	0	0	3211	523	709	568	-1	
3	1	128	1	0	0	3211	523	707	564	-1	
4	1	128	1	1	0	3211	523	353	29	-1	
5	1	128	1	1	1	3211	525	47	27	91.061806	χοῦ
5	1	128	1	1	2	3270	523	192	28	29.134674	συμπατριώτας
5	1	128	1	1	3	3477	524	43	21	93.296150	καί
5	1	128	1	1	4	3535	524	29	26	90.863564	φί
4	1	128	1	2	0	3212	558	352	29	-1	
5	1	128	1	2	1	3212	558	60	29	91.475937	λους
5	1	128	1	2	2	3286	560	45	21	93.183990	τοῦ
5	1	128	1	2	3	3348	561	95	26	92.289864	χωριοῦ
5	1	128	1	2	4	3461	559	37	21	96.472130	ὅτι
5	1	128	1	2	5	3519	558	45	22	93.422005	ἀπό
4	1	128	1	3	0	3216	594	347	28	-1	
5	1	128	1	3	1	3216	595	50	27	35.545540	1ης
5	1	128	1	3	2	3281	594	130	27	80.465126	᾿Απριλίου
5	1	128	1	3	3	3434	594	80	22	50.688343	19584
5	1	128	1	3	4	3534	594	29	21	94.947433	θά
4	1	128	1	4	0	3211	629	353	29	-1	
5	1	128	1	4	1	3211	629	173	29	84.578278	λειτουργήσει
5	1	128	1	4	2	3401	630	29	21	93.293579	τό
5	1	128	1	4	3	3449	630	115	27	68.008492	Τουριστι
4	1	128	1	5	0	3213	664	351	29	-1	
5	1	128	1	5	1	3213	665	30	22	85.333237	κό
5	1	128	1	5	2	3262	664	149	29	47.109024	«Ἐενοδοχεῖο
5	1	128	1	5	3	3424	665	17	22	64.861740	1
5	1	128	1	5	4	3448	665	116	28	38.527546	εωργιτσί
4	1	128	1	6	0	3213	700	351	28	-1	
5	1	128	1	6	1	3213	709	28	13	93.297020	ου
5	1	128	1	6	2	3259	700	147	23	12.297630	«ἹΗπαλρόνι
5	1	128	1	6	3	3421	702	43	20	93.285851	τοῦ
5	1	128	1	6	4	3481	700	83	28	32.727768	Ταὐγέ
4	1	128	1	7	0	3228	736	335	28	-1	
5	1	128	1	7	1	3228	744	53	19	96.477287	ου»,
5	1	128	1	7	2	3300	736	105	28	91.450111	πλήρως
5	1	128	1	7	3	3424	736	139	28	46.383663	ἐξοπλισμέ-
4	1	128	1	8	0	3212	772	353	27	-1	
5	1	128	1	8	1	3212	779	28	14	89.090904	νο
5	1	128	1	8	2	3251	772	31	27	49.925110	μέ
5	1	128	1	8	3	3292	772	137	27	51.147903	ἔσοπιατόριο
5	1	128	1	8	4	3444	772	43	21	92.870728	καί
5	1	128	1	8	5	3499	772	66	27	47.506996	µπάρ
4	1	128	1	9	0	3236	806	588	35	-1	
5	1	128	1	9	1	3236	807	32	22	73.744484	Οἱ
5	1	128	1	9	2	3281	806	179	29	91.701347	ἐπιθυμοῦντες
5	1	128	1	9	3	3478	808	30	21	93.614456	νά
5	1	128	1	9	4	3539	807	26	21	95.081329	τό
5	1	128	1	9	5	3572	802	12	43	61.207333	|
5	1	128	1	9	6	3584	813	30	22	61.207333	Το
5	1	128	1	9	7	3622	814	100	27	16.768944	μονοπάτι
5	1	128	1	9	8	3731	814	93	22	30.107262	νάπιανα,
4	1	128	1	10	0	3213	838	609	49	-1	
5	1	128	1	10	1	3213	842	171	26	1.542374	ἐπισχεφθοῦν
5	1	128	1	10	2	3404	842	28	21	96.586533	τό
5	1	128	1	10	3	3457	838	98	49	23.936554	11άσχα,
5	1	128	1	10	4	3575	856	34	27	38.758926	[γα
5	1	128	1	10	5	3616	850	74	25	66.654060	πρωθνὸ
5	1	128	1	10	6	3699	848	23	21	56.464523	κ’
5	1	128	1	10	7	3734	848	88	29	92.661919	Απρίλη.
4	1	128	1	11	0	3213	872	628	43	-1	
5	1	128	1	11	1	3213	876	30	21	50.596512	νά
5	1	128	1	11	2	3258	876	153	21	92.030403	ἀποτανθοῦν
5	1	128	1	11	3	3436	876	48	27	94.603310	πρό
5	1	128	1	11	4	3498	876	19	21	67.007019	6
5	1	128	1	11	5	3539	876	26	27	70.436729	ἡ-
5	1	128	1	11	6	3584	882	31	21	76.701462	|Τα
5	1	128	1	11	7	3624	872	97	43	52.738083	μονοπάτι
5	1	128	1	11	8	3731	872	26	43	92.479652	το
5	1	128	1	11	9	3766	872	75	43	73.780159	παληό,
4	1	128	1	12	0	3212	907	648	43	-1	
5	1	128	1	12	1	3212	912	82	26	92.021965	μερῶν
5	1	128	1	12	2	3313	910	38	27	96.105194	εἰς
5	1	128	1	12	3	3370	910	30	21	96.105194	τά
5	1	128	1	12	4	3414	910	95	21	81.332886	κάτωθι
5	1	128	1	12	5	3525	918	39	19	83.062553	τή-
5	1	128	1	12	6	3583	918	17	22	0.000000	[ν’
5	1	128	1	12	7	3614	918	70	22	6.858147	αγέδω
5	1	128	1	12	8	3695	924	36	16	82.208633	στο
5	1	128	1	12	9	3740	907	120	43	26.329323	ΤΓιωργίασ,,
4	1	128	1	13	0	3211	942	677	44	-1	
5	1	128	1	13	1	3211	946	112	27	69.264923	λέφωνα:
5	1	128	1	13	2	3343	945	63	22	76.788551	1.4.
5	1	128	1	13	3	3442	946	122	27	64.949493	Σμυρνιόν
5	1	128	1	13	4	3582	953	26	21	0.000000	[Ν᾿
5	1	128	1	13	5	3625	954	84	21	0.000000	αὼσω
5	1	128	1	13	6	3719	942	26	44	92.990768	το
5	1	128	1	13	7	3759	942	129	44	0.285858	κελἀήδηµα,
4	1	128	1	14	0	3213	981	697	36	-1	
5	1	128	1	14	1	3213	981	135	28	95.064346	Καλαμάτα
5	1	128	1	14	2	3365	981	115	22	60.075542	3223-0025
5	1	128	1	14	3	3513	981	50	22	31.916748	218-
5	1	128	1	14	4	3582	996	35	14	11.099396	[τρυ
5	1	128	1	14	5	3634	990	79	22	0.569672	σπύγου,
5	1	128	1	14	6	3726	996	38	21	93.089836	της
5	1	128	1	14	7	3777	990	133	27	27.854774	Ὑαλιάνυρας,
4	1	128	1	15	0	3211	1016	709	43	-1	
5	1	128	1	15	1	3211	1016	63	21	88.153061	41δ
5	1	128	1	15	2	3294	1016	43	21	69.967812	καὶ
5	1	128	1	15	3	3363	1016	126	22	43.541428	δ3-δΟΥ.
5	1	128	1	15	4	3522	1016	88	29	25.546959	Μέι
5	1	128	1	15	5	3631	1026	61	20	79.798012	αυτού
5	1	128	1	15	6	3710	1032	36	14	70.744667	του
5	1	128	1	15	7	3762	1021	158	38	32.103943	πετροχότσυκρα,
4	1	128	1	16	0	3212	1047	640	44	-1	
5	1	128	1	16	1	3212	1051	132	28	92.203835	Θεόδωρον
5	1	128	1	16	2	3363	1051	142	28	42.617779	Κορπόκιον
5	1	128	1	16	3	3527	1052	36	28	73.786636	εἰς
5	1	128	1	16	4	3582	1060	36	21	39.673698	[απ
5	1	128	1	16	5	3629	1067	35	14	91.079582	του
5	1	128	1	16	6	3673	1060	103	21	74.925385	Λουκὰπο
5	1	128	1	16	7	3786	1047	66	44	0.000000	θρὰχο
2	1	129	0	0	0	3583	541	319	136	-1	
3	1	129	1	0	0	3583	541	319	65	-1	
4	1	129	1	1	0	3583	541	319	29	-1	
5	1	129	1	1	1	3583	541	52	24	56.345886	Μόν’
5	1	129	1	1	2	3644	542	13	27	92.690704	ἡ
5	1	129	1	1	3	3668	542	95	28	96.297340	Πατρίδα
5	1	129	1	1	4	3772	542	52	28	86.595078	µόνο
5	1	129	1	1	5	3832	543	70	27	91.945755	ἐκείνη
4	1	129	1	2	0	3583	578	268	28	-1	
5	1	129	1	2	1	3583	578	37	27	89.073624	τήν
5	1	129	1	2	2	3631	578	86	27	18.769218	εὐτυχία,
5	1	129	1	2	3	3727	585	41	21	68.302971	µας
5	1	129	1	2	4	3775	578	76	27	63.211510	θωρρεῖ
3	1	129	2	0	0	3583	613	303	64	-1	
4	1	129	2	1	0	3583	613	303	28	-1	
5	1	129	2	1	1	3583	614	38	27	93.259926	τήν
5	1	129	2	1	2	3631	614	85	27	74.008881	εὐτυχία
5	1	129	2	1	3	3724	620	41	21	21.652573	µας
5	1	129	2	1	4	3775	613	111	28	23.676331	λαμπρύνει
4	1	129	2	2	0	3583	649	273	28	-1	
5	1	129	2	2	1	3583	650	25	27	85.540955	τή
5	1	129	2	2	2	3617	649	55	27	74.365845	λύπη
5	1	129	2	2	3	3682	651	41	25	91.377640	μᾶς
5	1	129	2	2	4	3733	652	123	24	87.966827	παρηγορεῖ.
2	1	130	0	0	0	3587	701	345	11	-1	
3	1	130	1	0	0	3587	701	345	11	-1	
4	1	130	1	1	0	3587	701	345	11	-1	
5	1	130	1	1	1	3587	701	345	11	95.000000	 
2	1	131	0	0	0	3609	734	262	33	-1	
3	1	131	1	0	0	3609	734	262	33	-1	
4	1	131	1	1	0	3609	734	262	33	-1	
5	1	131	1	1	1	3609	735	31	30	43.270584	ΝΑ
5	1	131	1	1	2	3648	735	86	32	43.093315	ΠΡΗΝΟ
5	1	131	1	1	3	3745	734	25	31	67.641502	Τ΄
5	1	131	1	1	4	3785	735	86	30	14.064072	ΛΙΗΛΗ
2	1	132	0	0	0	3714	778	95	9	-1	
3	1	132	1	0	0	3714	778	95	9	-1	
4	1	132	1	1	0	3714	778	95	9	-1	
5	1	132	1	1	1	3714	778	95	9	95.000000	 
2	1	133	0	0	0	3574	696	5	452	-1	
3	1	133	1	0	0	3574	696	5	452	-1	
4	1	133	1	1	0	3574	696	5	452	-1	
5	1	133	1	1	1	3574	696	5	452	95.000000	 
2	1	134	0	0	0	3213	1087	671	114	-1	
3	1	134	1	0	0	3213	1087	671	114	-1	
4	1	134	1	1	0	3213	1087	671	36	-1	
5	1	134	1	1	1	3213	1087	118	28	86.481895	Σπάρτην
5	1	134	1	1	2	3375	1087	93	22	76.840225	Ο791.
5	1	134	1	1	3	3495	1106	4	3	75.614304	.
5	1	134	1	1	4	3513	1088	120	31	0.000000	3956-[Στου
5	1	134	1	1	5	3653	1095	89	28	71.820641	Ἁγιολιά
5	1	134	1	1	6	3757	1103	24	14	93.295921	το
5	1	134	1	1	7	3793	1096	91	27	65.688019	ἁπλωμα,
4	1	134	1	2	0	3215	1122	666	37	-1	
5	1	134	1	2	1	3215	1122	59	22	33.895966	15Ο
5	1	134	1	2	2	3313	1122	43	21	81.395065	καί
5	1	134	1	2	3	3394	1122	169	29	86.484406	Γεωργίτοιον
5	1	134	1	2	4	3581	1138	39	21	92.989876	στη
5	1	134	1	2	5	3637	1131	63	28	76.072227	θρὺση
5	1	134	1	2	6	3715	1139	37	14	96.906929	του
5	1	134	1	2	7	3764	1140	28	15	67.626938	γα
5	1	134	1	2	8	3807	1132	74	21	86.646614	κάπσω.
4	1	134	1	3	0	3218	1154	664	47	-1	
5	1	134	1	3	1	3218	1154	220	47	14.822128	0751)612396.
5	1	134	1	3	2	3581	1166	34	22	82.197845	Να
5	1	134	1	3	3	3628	1168	42	21	91.743011	πιώ
5	1	134	1	3	4	3680	1174	23	14	92.999794	το
5	1	134	1	3	5	3715	1168	53	33	33.681244	κρὺο
5	1	134	1	3	6	3779	1174	39	22	93.250641	της
5	1	134	1	3	7	3827	1168	55	27	9.252457	χερὸ,
2	1	135	0	0	0	3581	1204	303	135	-1	
3	1	135	1	0	0	3581	1204	257	63	-1	
4	1	135	1	1	0	3582	1204	256	26	-1	
5	1	135	1	1	1	3582	1211	36	14	0.000000	κκει
5	1	135	1	1	2	3627	1211	33	14	16.830597	(κει
5	1	135	1	1	3	3673	1210	26	15	45.297237	κ
5	1	135	1	1	4	3709	1204	129	26	73.587189	ξαποστὰσω.
4	1	135	1	2	0	3581	1239	226	28	-1	
5	1	135	1	2	1	3581	1239	49	22	55.296040	Ἐχεὶ
5	1	135	1	2	2	3642	1240	51	21	46.421356	ὅπου
5	1	135	1	2	3	3702	1240	105	27	12.964027	τεράστιες
3	1	135	2	0	0	3581	1275	303	64	-1	
4	1	135	2	1	0	3581	1275	303	28	-1	
5	1	135	2	1	1	3581	1281	41	16	88.866035	των
5	1	135	2	1	2	3638	1275	124	23	89.544464	Καστονιών
5	1	135	2	1	3	3771	1282	20	14	93.071869	οι
5	1	135	2	1	4	3805	1275	79	28	0.000000	«χλάρες
4	1	135	2	2	0	3581	1310	237	29	-1	
5	1	135	2	2	1	3581	1311	103	28	21.929024	ριπίζουνε
5	1	135	2	2	2	3690	1310	22	21	44.696484	τ᾿
5	1	135	2	2	3	3719	1311	99	27	58.754852	ολόδροσ»
2	1	136	0	0	0	3217	1218	347	7	-1	
3	1	136	1	0	0	3217	1218	347	7	-1	
4	1	136	1	1	0	3217	1218	347	7	-1	
5	1	136	1	1	1	3217	1218	347	7	95.000000	 
2	1	137	0	0	0	3322	1248	136	54	-1	
3	1	137	1	0	0	3322	1248	136	54	-1	
4	1	137	1	1	0	3322	1248	136	54	-1	
5	1	137	1	1	1	3322	1248	136	54	17.610947	ΙΝΕΚΠΤΙ
2	1	138	0	0	0	3210	1320	678	161	-1	
3	1	138	1	0	0	3210	1320	629	135	-1	
4	1	138	1	1	0	3233	1320	551	33	-1	
5	1	138	1	1	1	3233	1321	72	22	86.051460	Κάθε
5	1	138	1	1	2	3321	1320	77	28	57.615414	θράδυ
5	1	138	1	1	3	3415	1321	58	28	93.289062	πρίν
5	1	138	1	1	4	3491	1329	72	20	38.732216	ποιµή
5	1	138	1	1	5	3780	1346	4	7	26.971466	ή
4	1	138	1	2	0	3211	1346	603	43	-1	
5	1	138	1	2	1	3211	1356	39	22	89.819931	θεῖ
5	1	138	1	2	2	3263	1356	60	27	85.412910	ἕνας
5	1	138	1	2	3	3339	1356	77	28	84.743538	καλός
5	1	138	1	2	4	3453	1357	110	28	59.399384	σύξυγος
5	1	138	1	2	5	3581	1354	37	20	0.000000	|τ15
5	1	138	1	2	6	3627	1346	187	43	46.666199	Μάλας
5	1	138	1	2	7	3712	1342	22	51	86.435738	το
5	1	138	1	2	8	3746	1346	68	43	68.408401	αγέρι.
4	1	138	1	3	0	3210	1376	629	52	-1	
5	1	138	1	3	1	3210	1392	108	28	90.553238	πήγαινε
5	1	138	1	3	2	3337	1392	46	27	89.935692	στή
5	1	138	1	3	3	3405	1392	158	28	76.741371	κρεθθατοκά
5	1	138	1	3	4	3577	1377	64	51	34.910751	ἨΜετὰ,
5	1	138	1	3	5	3653	1377	35	51	72.409569	στο
5	1	138	1	3	6	3694	1376	145	51	41.767715	Τεροπλάπωνο
4	1	138	1	4	0	3210	1413	617	48	-1	
5	1	138	1	4	1	3210	1428	64	27	82.817894	µαρά
5	1	138	1	4	2	3291	1435	43	14	96.093399	του
5	1	138	1	4	3	3351	1427	44	22	91.399879	δύο
5	1	138	1	4	4	3431	1428	131	27	0.000000	«φλιτξάνια
5	1	138	1	4	5	3581	1423	50	22	0.000000	ατΊν
5	1	138	1	4	6	3642	1424	79	21	15.642708	ΟΡΟΦΗ
5	1	138	1	4	7	3727	1413	100	48	0.000000	πιλακελα.
3	1	138	2	0	0	3580	1451	308	30	-1	
4	1	138	2	1	0	3580	1451	308	30	-1	
5	1	138	2	1	1	3580	1451	34	22	96.195122	Να
5	1	138	2	1	2	3625	1460	42	13	85.421021	πιω
5	1	138	2	1	3	3683	1459	25	14	68.291443	τα
5	1	138	2	1	4	3717	1453	87	21	0.000000	χδκώνο
5	1	138	2	1	5	3819	1454	69	27	80.116020	χρασὶ,
2	1	139	0	0	0	3342	1295	94	7	-1	
3	1	139	1	0	0	3342	1295	94	7	-1	
4	1	139	1	1	0	3342	1295	94	7	-1	
5	1	139	1	1	1	3342	1295	94	7	95.000000	 
2	1	140	0	0	0	3210	1459	352	34	-1	
3	1	140	1	0	0	3210	1459	352	34	-1	
4	1	140	1	1	0	3210	1459	352	34	-1	
5	1	140	1	1	1	3210	1459	64	34	34.996078	τσαϊ,
5	1	140	1	1	2	3292	1462	28	23	75.745583	τό
5	1	140	1	1	3	3337	1462	44	22	53.309303	ἕνα
5	1	140	1	1	4	3396	1464	42	27	96.464333	γιά
5	1	140	1	1	5	3451	1463	41	21	96.969955	τόν
5	1	140	1	1	6	3508	1464	54	21	28.329094	έαυ-
2	1	141	0	0	0	3210	1488	676	63	-1	
3	1	141	1	0	0	3210	1488	676	63	-1	
4	1	141	1	1	0	3210	1488	601	38	-1	
5	1	141	1	1	1	3210	1498	82	22	90.702637	τότου
5	1	141	1	1	2	3308	1498	43	21	87.600410	καί
5	1	141	1	1	3	3365	1498	28	21	93.302475	τό
5	1	141	1	1	4	3405	1499	58	21	92.206520	ἄλλο
5	1	141	1	1	5	3477	1500	41	26	95.760925	γιά
5	1	141	1	1	6	3532	1500	30	26	59.150181	τή
5	1	141	1	1	7	3581	1487	19	21	13.195076	σ᾿
5	1	141	1	1	8	3611	1488	109	27	17.786217	οχνὰγωνο
5	1	141	1	1	9	3729	1488	82	27	90.940849	πατήρι.
4	1	141	1	2	0	3584	1522	302	29	-1	
5	1	141	1	2	1	3584	1522	72	26	80.239487	΄Όπως
5	1	141	1	2	2	3671	1523	73	28	39.567150	παληὰ,
5	1	141	1	2	3	3759	1529	25	15	92.720955	το
5	1	141	1	2	4	3797	1524	70	22	20.479019	πῄνανε
5	1	141	1	2	5	3884	1543	2	2	68.517990	.
2	1	142	0	0	0	3205	1557	729	487	-1	
3	1	142	1	0	0	3208	1557	726	487	-1	
4	1	142	1	1	0	3580	1557	271	29	-1	
5	1	142	1	1	1	3580	1558	94	25	63.111328	λεδέντες
5	1	142	1	1	2	3688	1557	163	29	19.297653	Γιωργιπσιάνοι,
4	1	142	1	2	0	3580	1593	287	28	-1	
5	1	142	1	2	1	3580	1593	37	23	73.276024	Μα
5	1	142	1	2	2	3627	1594	21	21	0.000000	δε
5	1	142	1	2	3	3657	1589	21	36	0.000000	θα
5	1	142	1	2	4	3689	1594	64	27	56.499344	μείνω
5	1	142	1	2	5	3761	1594	38	27	96.668526	γιά
5	1	142	1	2	6	3808	1595	59	25	96.492584	πολύ,
4	1	142	1	3	0	3581	1629	264	28	-1	
5	1	142	1	3	1	3581	1635	49	22	90.447052	στην
5	1	142	1	3	2	3639	1629	99	28	58.096306	Παναγιὰ
5	1	142	1	3	3	3747	1629	18	22	39.944836	θ)
5	1	142	1	3	4	3775	1630	70	22	89.360786	ανέδω
4	1	142	1	4	0	3209	1662	687	49	-1	
5	1	142	1	4	1	3209	1675	114	28	62.755550	κοιμηθεῖ
5	1	142	1	4	2	3338	1684	26	13	91.270645	κι
5	1	142	1	4	3	3381	1675	76	28	42.671509	αὐτός
5	1	142	1	4	4	3473	1684	88	20	42.671509	 σωρια-
5	1	142	1	4	5	3580	1664	34	22	45.416931	Και
5	1	142	1	4	6	3627	1666	72	20	55.745781	κάστω
5	1	142	1	4	7	3707	1667	44	44	37.488846	5το
5	1	142	1	4	8	3755	1662	141	44	31.441406	πετρόσκαλο,
4	1	142	1	5	0	3209	1698	665	59	-1	
5	1	142	1	5	1	3209	1710	90	42	51.111435	σμένος
5	1	142	1	5	2	3316	1710	82	27	90.828613	ἔμεινε
5	1	142	1	5	3	3413	1711	78	27	93.302223	πολλή
5	1	142	1	5	4	3509	1712	52	27	91.586090	ὥρα
5	1	142	1	5	5	3571	1698	44	58	33.610008	[ο
5	1	142	1	5	6	3628	1701	79	55	64.185776	κά
5	1	142	1	5	7	3720	1708	12	14	69.036621	ν
5	1	142	1	5	8	3743	1702	131	55	0.000000	.
4	1	142	1	6	0	3205	1741	673	48	-1	
5	1	142	1	6	1	3205	1741	60	35	73.731850	τερίν
5	1	142	1	6	2	3280	1741	140	48	67.841637	καταφέρει
5	1	142	1	6	3	3443	1747	43	20	21.840103	καί
5	1	142	1	6	4	3516	1747	30	26	85.732483	τήν
5	1	142	1	6	5	3562	1742	12	35	85.732483	|
5	1	142	1	6	6	3598	1743	15	13	7.068474	ο
5	1	142	1	6	7	3629	1738	27	39	12.240952	οω
5	1	142	1	6	8	3665	1742	42	21	12.240952	την
5	1	142	1	6	9	3732	1742	146	21	15.311493	Ακηοάλασσα
4	1	142	1	7	0	3209	1765	583	63	-1	
5	1	142	1	7	1	3209	1779	130	26	0.000000	ξυπνήσει.
5	1	142	1	7	2	3361	1772	13	39	25.704735	-
5	1	142	1	7	3	3373	1779	83	21	76.427544	Όταν
5	1	142	1	7	4	3471	1779	86	41	51.973450	τελωκά
5	1	142	1	7	5	3566	1765	27	63	26.286240	|.
5	1	142	1	7	6	3608	1765	184	63	0.000000	Ἀπνμαζος
4	1	142	1	8	0	3208	1792	726	66	-1	
5	1	142	1	8	1	3208	1812	15	28	44.042263	ᾗ
5	1	142	1	8	2	3237	1813	107	27	51.655342	γυναίκα
5	1	142	1	8	3	3358	1821	43	13	96.330956	του
5	1	142	1	8	4	3415	1813	41	21	93.280945	τόν
5	1	142	1	8	5	3471	1810	89	31	86.389229	θρῆκε,
5	1	142	1	8	6	3571	1814	21	44	17.344330	µ
5	1	142	1	8	7	3626	1810	36	41	43.598213	κά
5	1	142	1	8	8	3673	1810	26	48	0.000000	μ
5	1	142	1	8	9	3710	1811	38	20	24.902237	800
5	1	142	1	8	10	3761	1812	63	19	9.770676	παρει
5	1	142	1	8	11	3833	1792	28	48	90.972778	το
5	1	142	1	8	12	3869	1792	65	48	4.280502	μμαλὸ
4	1	142	1	9	0	3209	1834	632	56	-1	
5	1	142	1	9	1	3209	1847	167	43	96.426369	τηλεφώνησε
5	1	142	1	9	2	3396	1848	101	28	59.065620	ἀμέσως
5	1	142	1	9	3	3519	1847	55	24	28.478745	στό
5	1	142	1	9	4	3567	1838	28	42	0.000000	!Ὁ
5	1	142	1	9	5	3613	1842	12	17	0.000000	Ὁ
5	1	142	1	9	6	3641	1844	38	15	12.262650	“εδω
5	1	142	1	9	7	3694	1845	63	22	35.493210	στη
5	1	142	1	9	8	3763	1834	78	43	38.895000	θρύση.
4	1	142	1	10	0	3209	1871	681	65	-1	
5	1	142	1	10	1	3209	1880	94	49	93.658295	γιατρό,
5	1	142	1	10	2	3323	1883	13	21	75.238609	ὃ
5	1	142	1	10	3	3347	1883	87	28	87.287170	ὁποῖος
5	1	142	1	10	4	3447	1884	30	27	93.299820	τή
5	1	142	1	10	5	3493	1884	68	27	86.053207	ρώτη
5	1	142	1	10	6	3580	1872	42	29	89.040939	Στη
5	1	142	1	10	7	3639	1873	63	28	89.249115	δρὺση
5	1	142	1	10	8	3715	1881	40	50	54.801514	τν
5	1	142	1	10	9	3792	1871	98	65	0.000000	μάρυση
4	1	142	1	11	0	3209	1908	687	70	-1	
5	1	142	1	11	1	3209	1924	27	16	93.294037	σε
5	1	142	1	11	2	3251	1918	43	22	9.485535	ἐάν
5	1	142	1	11	3	3308	1918	14	22	75.542931	ὃ
5	1	142	1	11	4	3335	1918	92	28	91.855034	ἄντρας
5	1	142	1	11	5	3441	1927	47	20	93.300835	της
5	1	142	1	11	6	3499	1919	61	22	92.447586	ἔσπα
5	1	142	1	11	7	3579	1915	35	50	21.624687	Νο
5	1	142	1	11	8	3631	1923	1	6	9.557266	ο
5	1	142	1	11	9	3679	1916	39	14	14.338776	που
5	1	142	1	11	10	3727	1917	1	9	38.025414	|
5	1	142	1	11	11	3737	1908	96	70	0.000000	λόης
5	1	142	1	11	12	3849	1912	47	62	0.000000	μρὸ
4	1	142	1	12	0	3210	1943	693	39	-1	
5	1	142	1	12	1	3210	1961	28	14	96.690559	σε
5	1	142	1	12	2	3260	1954	96	22	96.468170	τίποτα.
5	1	142	1	12	3	3683	1943	55	39	0.000000	ρου.
5	1	142	1	12	4	3899	1960	4	7	5.461563	'
4	1	142	1	13	0	3232	1978	657	63	-1	
5	1	142	1	13	1	3232	1989	78	22	91.975876	«Ναί»
5	1	142	1	13	2	3332	1989	126	28	91.925743	ἀπάντησε
5	1	142	1	13	3	3477	1990	84	27	86.856277	ἐκείνη
5	1	142	1	13	4	3580	1986	26	49	0.000000	ά
5	1	142	1	13	5	3621	1980	147	55	7.730438	.--
5	1	142	1	13	6	3781	1989	27	14	95.535507	να
5	1	142	1	13	7	3819	1978	70	63	6.945694	ακρη
4	1	142	1	14	0	3593	2017	243	27	-1	
5	1	142	1	14	1	3593	2021	96	21	7.301102	αμιαρὸ....
5	1	142	1	14	2	3707	2017	129	27	0.000000	απιοσπερντη
2	1	143	0	0	0	3209	1534	353	63	-1	
3	1	143	1	0	0	3209	1534	353	63	-1	
4	1	143	1	1	0	3210	1534	352	28	-1	
5	1	143	1	1	1	3210	1534	107	27	54.481056	γυναίκα
5	1	143	1	1	2	3329	1541	55	14	73.313629	του.
5	1	143	1	1	3	3400	1534	99	21	80.065392	Κάποιο
5	1	143	1	1	4	3517	1534	45	28	72.640976	θρά
4	1	143	1	2	0	3209	1568	353	29	-1	
5	1	143	1	2	1	3209	1568	30	22	63.298332	δυ
5	1	143	1	2	2	3252	1569	94	28	76.172089	καθώς
5	1	143	1	2	3	3362	1569	108	28	92.118767	πήγαινε
5	1	143	1	2	4	3488	1570	74	21	89.103790	ἔπεσε
2	1	144	0	0	0	3209	1605	352	28	-1	
3	1	144	1	0	0	3209	1605	352	28	-1	
4	1	144	1	1	0	3209	1605	352	28	-1	
5	1	144	1	1	1	3209	1605	43	21	73.697281	καΐ
5	1	144	1	1	2	3281	1605	96	22	90.898872	ἔσπασε
5	1	144	1	1	3	3401	1606	31	21	93.698990	τά
5	1	144	1	1	4	3467	1606	94	27	93.558556	πλευρά
2	1	145	0	0	0	3571	1612	3	72	-1	
3	1	145	1	0	0	3571	1612	3	72	-1	
4	1	145	1	1	0	3571	1612	3	72	-1	
5	1	145	1	1	1	3571	1612	3	72	95.000000	 
2	1	146	0	0	0	3571	1872	3	69	-1	
3	1	146	1	0	0	3571	1872	3	69	-1	
4	1	146	1	1	0	3571	1872	3	69	-1	
5	1	146	1	1	1	3571	1872	3	69	95.000000	 
2	1	147	0	0	0	3571	1944	3	68	-1	
3	1	147	1	0	0	3571	1944	3	68	-1	
4	1	147	1	1	0	3571	1944	3	68	-1	
5	1	147	1	1	1	3571	1944	3	68	95.000000	 
2	1	148	0	0	0	3651	2153	93	6	-1	
3	1	148	1	0	0	3651	2153	93	6	-1	
4	1	148	1	1	0	3651	2153	93	6	-1	
5	1	148	1	1	1	3651	2153	93	6	95.000000	 
2	1	149	0	0	0	3745	2154	143	6	-1	
3	1	149	1	0	0	3745	2154	143	6	-1	
4	1	149	1	1	0	3745	2154	143	6	-1	
5	1	149	1	1	1	3745	2154	143	6	95.000000	 
2	1	150	0	0	0	3207	2024	699	190	-1	
3	1	150	1	0	0	3208	2024	352	29	-1	
4	1	150	1	1	0	3208	2024	352	29	-1	
5	1	150	1	1	1	3208	2024	216	29	88.981316	ἀγανακτησμένη.
5	1	150	1	1	2	3458	2026	66	21	90.503647	«Δύο
5	1	150	1	1	3	3537	2026	23	21	84.003387	ᾱ-
3	1	150	2	0	0	3207	2050	699	39	-1	
4	1	150	2	1	0	3207	2050	699	39	-1	
5	1	150	2	1	1	3207	2061	31	22	96.678314	πό
5	1	150	2	1	2	3254	2062	31	21	95.832253	τά
5	1	150	2	1	3	3295	2060	126	29	95.668770	καλύτερά
5	1	150	2	1	4	3433	2070	47	19	93.295059	µου
5	1	150	2	1	5	3495	2062	65	27	70.575531	φλυν
5	1	150	2	1	6	3607	2050	94	29	41.232967	ἆαστόρι
5	1	150	2	1	7	3713	2051	28	22	66.023651	19
5	1	150	2	1	8	3755	2050	75	31	88.290161	Μάρτη
5	1	150	2	1	9	3848	2052	58	23	79.385391	1964
3	1	150	3	0	0	3208	2097	678	114	-1	
4	1	150	3	1	0	3208	2097	646	32	-1	
5	1	150	3	1	1	3208	2097	114	27	69.160164	τξάνια».
5	1	150	3	1	2	3666	2098	89	31	42.734528	Γιάννης
5	1	150	3	1	3	3768	2100	86	29	64.448135	Κορζής
4	1	150	3	2	0	3325	2183	561	31	-1	
5	1	150	3	2	1	3325	2183	123	31	88.936020	ΓΕΩΡΓΙΤΣΙ
5	1	150	3	2	2	3633	2188	48	23	92.640320	Τηλ.
5	1	150	3	2	3	3695	2188	65	19	13.142433	286-076
5	1	150	3	2	4	3771	2188	33	19	95.286758	καί
5	1	150	3	2	5	3815	2188	71	20	28.814575	239-473
2	1	151	0	0	0	3579	2223	353	249	-1	
3	1	151	1	0	0	3604	2223	300	24	-1	
4	1	151	1	1	0	3604	2223	300	24	-1	
5	1	151	1	1	1	3604	2223	78	22	13.517563	᾿Ἐτησὶα
5	1	151	1	1	2	3692	2224	98	23	89.246437	συνδροµή
5	1	151	1	1	3	3801	2224	57	23	91.114594	δραχ.
5	1	151	1	1	4	3867	2225	37	18	95.593231	200
3	1	151	2	0	0	3603	2270	329	23	-1	
4	1	151	2	1	0	3603	2270	329	23	-1	
5	1	151	2	1	1	3603	2270	124	23	76.026276	᾿Εξωτερικοῦ
5	1	151	2	1	2	3746	2271	41	22	68.269417	ἀερ.
5	1	151	2	1	3	3807	2271	43	18	95.146538	δολ.
5	1	151	2	1	4	3913	2272	19	18	86.770111	12
3	1	151	3	0	0	3579	2306	353	166	-1	
4	1	151	3	1	0	3605	2306	326	24	-1	
5	1	151	3	1	1	3605	2306	115	22	80.898499	Συνδροµέ:
5	1	151	3	1	2	3764	2306	40	18	77.141357	Στό
5	1	151	3	1	3	3823	2306	108	24	77.258118	Γεωργβοι,
4	1	151	3	2	0	3579	2341	353	25	-1	
5	1	151	3	2	1	3579	2342	25	21	92.114944	εἰς
5	1	151	3	2	2	3618	2341	114	18	51.194874	᾿Αθανάσιον
5	1	151	3	2	3	3746	2342	73	22	92.382309	Δῆμον.
5	1	151	3	2	4	3833	2342	52	24	40.104427	Στήν
5	1	151	3	2	5	3899	2343	33	18	75.477829	ἸΑ-
4	1	151	3	3	0	3579	2376	353	25	-1	
5	1	151	3	3	1	3579	2376	47	23	93.092934	θήνα
5	1	151	3	3	2	3641	2377	25	22	68.373840	εἰς
5	1	151	3	3	3	3683	2377	18	18	90.086403	Β.
5	1	151	3	3	4	3717	2377	113	24	54.546528	Καραλέμαν
5	1	151	3	3	5	3847	2378	85	19	96.150856	Σταδίου
4	1	151	3	4	0	3579	2412	352	25	-1	
5	1	151	3	4	1	3579	2412	23	18	95.541367	48
5	1	151	3	4	2	3615	2413	37	18	96.301933	στὰ
5	1	151	3	4	3	3667	2413	117	24	96.551430	Δικαστήρια
5	1	151	3	4	4	3797	2414	31	18	93.221817	καί
5	1	151	3	4	5	3842	2414	22	18	93.039902	Κ.
5	1	151	3	4	6	3879	2414	52	18	92.111755	Γιαν-
4	1	151	3	5	0	3579	2448	187	24	-1	
5	1	151	3	5	1	3579	2448	73	23	86.844482	νακάκη
5	1	151	3	5	2	3667	2448	99	24	87.687866	Σπάρτην.
2	1	152	0	0	0	3240	2220	300	246	-1	
3	1	152	1	0	0	3240	2220	300	246	-1	
4	1	152	1	1	0	3247	2220	277	26	-1	
5	1	152	1	1	1	3247	2220	131	26	90.047768	ΔΙΜΗΝΙΑΙΑ
5	1	152	1	1	2	3390	2228	134	18	96.572800	ΕΦΗΜΕΡΙΔΑ
4	1	152	1	2	0	3260	2264	280	26	-1	
5	1	152	1	2	1	3260	2264	116	21	22.048439	Ὑπεύθυνος
5	1	152	1	2	2	3387	2264	49	18	93.244392	κατά
5	1	152	1	2	3	3450	2264	63	23	83.517990	Νόμον
5	1	152	1	2	4	3532	2278	8	12	75.921875	.
4	1	152	1	3	0	3247	2299	274	18	-1	
5	1	152	1	3	1	3247	2299	89	18	93.118668	ΚΩΝ.
5	1	152	1	3	2	3314	2288	24	39	41.962074	Ἡ.,
5	1	152	1	3	3	3351	2299	170	18	59.219421	ΓΜΝΝΑΚΑΚΗΣ
4	1	152	1	4	0	3240	2334	289	23	-1	
5	1	152	1	4	1	3240	2334	115	23	34.474380	Λυκούργου
5	1	152	1	4	2	3367	2334	23	17	93.302780	27
5	1	152	1	4	3	3399	2343	25	4	73.891502	--
5	1	152	1	4	4	3435	2334	94	19	96.178833	ΣΠΑΡΤΗ
4	1	152	1	5	0	3319	2370	128	23	-1	
5	1	152	1	5	1	3319	2370	49	23	91.417236	Τηλ.
5	1	152	1	5	2	3380	2370	67	18	83.284744	28-976
4	1	152	1	6	0	3248	2411	274	24	-1	
5	1	152	1	6	1	3248	2411	115	22	92.376450	Ὑπεύθυνος
5	1	152	1	6	2	3374	2412	148	23	95.708122	Τυπογραφείου
4	1	152	1	7	0	3247	2446	271	20	-1	
5	1	152	1	7	1	3247	2446	86	19	91.742569	ΕΛΕΥΘ.
5	1	152	1	7	2	3346	2447	21	18	92.538971	Κ.
5	1	152	1	7	3	3380	2446	138	20	92.001755	ΝΙΚΟΛΑΡΟΣ
2	1	153	0	0	0	3213	2504	569	9	-1	
3	1	153	1	0	0	3213	2504	569	9	-1	
4	1	153	1	1	0	3213	2504	569	9	-1	
5	1	153	1	1	1	3213	2504	569	9	95.000000	 
2	1	154	0	0	0	3784	2506	144	7	-1	
3	1	154	1	0	0	3784	2506	144	7	-1	
4	1	154	1	1	0	3784	2506	144	7	-1	
5	1	154	1	1	1	3784	2506	144	7	95.000000	 
2	1	155	0	0	0	3271	2536	595	57	-1	
3	1	155	1	0	0	3271	2536	595	57	-1	
4	1	155	1	1	0	3422	2536	315	21	-1	
5	1	155	1	1	1	3422	2536	21	19	87.226967	Η
5	1	155	1	1	2	3461	2536	192	20	95.279030	ΕΦΗΜΕΡΙΔΑ
5	1	155	1	1	3	3668	2536	69	21	96.104225	ΜΑΣ
4	1	155	1	2	0	3271	2569	595	24	-1	
5	1	155	1	2	1	3271	2589	2	3	28.842300	:
5	1	155	1	2	2	3294	2569	134	22	96.118103	ΕΥΧΕΤΑΙ
5	1	155	1	2	3	3449	2570	103	21	91.402328	ΣΤΟΥΣ
5	1	155	1	2	4	3570	2570	218	23	82.702599	ΑΝΑΓΝΩΣΤΑΣ
5	1	155	1	2	5	3805	2572	61	21	96.295860	ΤΗΣ
2	1	156	0	0	0	3401	2610	351	70	-1	
3	1	156	1	0	0	3401	2610	351	70	-1	
4	1	156	1	1	0	3401	2610	351	70	-1	
5	1	156	1	1	1	3401	2610	54	70	62.551239	κ
5	1	156	1	1	2	3460	2610	153	23	71.351494	ΡΟΥΜΕΝΟ
5	1	156	1	1	3	3629	2612	123	22	96.338753	ΠΑΣΧΑ»
2	1	157	0	0	0	3821	2678	111	6	-1	
3	1	157	1	0	0	3821	2678	111	6	-1	
4	1	157	1	1	0	3821	2678	111	6	-1	
5	1	157	1	1	1	3821	2678	111	6	95.000000	 
2	1	158	0	0	0	3188	2684	744	43	-1	
3	1	158	1	0	0	3188	2684	744	43	-1	
4	1	158	1	1	0	3188	2684	744	43	-1	
5	1	158	1	1	1	3188	2688	13	39	95.000000	 
5	1	158	1	1	2	3928	2684	4	4	95.000000	 
2	1	159	0	0	0	3217	2679	718	650	-1	
3	1	159	1	0	0	3226	2679	702	78	-1	
4	1	159	1	1	0	3226	2679	702	57	-1	
5	1	159	1	1	1	3226	2694	186	27	51.078171	ἀποκατέστησε
5	1	159	1	1	2	3427	2695	44	20	58.827850	καὶ
5	1	159	1	1	3	3482	2679	95	57	78.982018	σήμερα
5	1	159	1	1	4	3589	2692	63	36	96.827843	εἶναι
5	1	159	1	1	5	3664	2683	109	36	37.793350	ἐκλοντά
5	1	159	1	1	6	3789	2679	26	50	58.707386	µι
5	1	159	1	1	7	3791	2687	62	38	92.124115	μέλη
5	1	159	1	1	8	3870	2700	58	26	96.416092	στήν
4	1	159	1	2	0	3226	2729	330	28	-1	
5	1	159	1	2	1	3226	2729	136	28	24.818039	“Ἑλληνωιή
5	1	159	1	2	2	3387	2730	128	21	67.701210	κοινωνία.
3	1	159	2	0	0	3219	2764	707	317	-1	
4	1	159	2	1	0	3247	2764	679	33	-1	
5	1	159	2	1	1	3247	2764	70	29	55.455776	Εγώ
5	1	159	2	1	2	3335	2764	14	22	88.266182	ὃ
5	1	159	2	1	3	3364	2764	83	28	93.287338	Θάνος
5	1	159	2	1	4	3462	2765	100	28	83.847069	Ντέρος
5	1	159	2	1	5	3575	2765	57	28	91.663689	εἶχα
5	1	159	2	1	6	3644	2767	60	26	67.480629	µαξί
5	1	159	2	1	7	3717	2776	48	19	96.594566	µου
5	1	159	2	1	8	3780	2768	44	21	74.085602	τόν
5	1	159	2	1	9	3839	2768	87	29	85.780991	ἀξέχα-
4	1	159	2	2	0	3225	2800	699	30	-1	
5	1	159	2	2	1	3225	2807	42	14	97.008804	στο
5	1	159	2	2	2	3281	2800	67	21	0.000000	Νέο
5	1	159	2	2	3	3363	2800	137	28	84.898346	Τσαγκάρη
5	1	159	2	2	4	3518	2800	106	28	69.738197	περίπου
5	1	159	2	2	5	3647	2802	42	21	84.006622	8Ο
5	1	159	2	2	6	3709	2803	96	27	91.694389	χρόνια.
5	1	159	2	2	7	3844	2804	80	24	0.000000	"παρ
4	1	159	2	3	0	3221	2836	702	32	-1	
5	1	159	2	3	1	3221	2836	13	21	52.772385	ὁ
5	1	159	2	3	2	3247	2836	157	27	96.487518	συνεργάτης
5	1	159	2	3	3	3415	2844	57	19	93.299942	µου,
5	1	159	2	3	4	3489	2836	14	21	89.824554	ὃ
5	1	159	2	3	5	3517	2836	140	28	58.124115	σύμθουλός
5	1	159	2	3	6	3671	2845	57	20	95.413460	µου,
5	1	159	2	3	7	3745	2839	44	21	44.152092	καί
5	1	159	2	3	8	3803	2839	13	21	83.659225	ὃ
5	1	159	2	3	9	3833	2840	90	28	89.765350	ἄνθρω-
4	1	159	2	4	0	3219	2871	704	32	-1	
5	1	159	2	4	1	3219	2879	48	20	90.240082	πος
5	1	159	2	4	2	3281	2871	49	22	93.292702	πού
5	1	159	2	4	3	3343	2871	31	28	85.314835	µέ
5	1	159	2	4	4	3387	2871	205	22	66.278694	ἀντικαθιστοῦσε
5	1	159	2	4	5	3613	2872	62	27	93.266380	στήν
5	1	159	2	4	6	3693	2873	140	28	91.872971	ἐπιχείρησί
5	1	159	2	4	7	3866	2884	57	19	94.217209	µου,
4	1	159	2	5	0	3220	2906	702	33	-1	
5	1	159	2	5	1	3220	2907	58	22	85.658234	ὅταν
5	1	159	2	5	2	3294	2907	52	28	93.298706	ἐγώ
5	1	159	2	5	3	3364	2906	140	27	92.191254	ἀπουσίαζα
5	1	159	2	5	4	3518	2907	41	28	93.306183	γιά
5	1	159	2	5	5	3573	2907	119	29	61.975609	ἐργασίες
5	1	159	2	5	6	3710	2908	75	29	85.212585	ἐκτός
5	1	159	2	5	7	3800	2909	122	30	93.106873	ἐπιχειρή-
4	1	159	2	6	0	3222	2944	702	32	-1	
5	1	159	2	6	1	3222	2952	66	21	92.655876	σεως
5	1	159	2	6	2	3305	2944	72	29	38.560047	ἐντός
5	1	159	2	6	3	3395	2944	43	22	93.299072	καί
5	1	159	2	6	4	3450	2944	74	29	72.003342	ἐκτός
5	1	159	2	6	5	3537	2944	130	29	79.279587	Ἑλλάδος.
5	1	159	2	6	6	3687	2946	98	23	91.803528	Τέτοιοι
5	1	159	2	6	7	3801	2947	123	29	91.803528	ἄνθρωποι
4	1	159	2	7	0	3221	2980	700	33	-1	
5	1	159	2	7	1	3221	2981	44	21	93.096016	σάν
5	1	159	2	7	2	3282	2980	28	23	93.296356	τό
5	1	159	2	7	3	3321	2980	68	22	46.823303	Ψέιο
5	1	159	2	7	4	3403	2980	135	29	75.555931	Τσαγκάρη
5	1	159	2	7	5	3552	2982	164	28	80.085884	προσφέρουν
5	1	159	2	7	6	3727	2984	80	22	91.931816	πολλά
5	1	159	2	7	7	3820	2984	42	22	93.283653	στό
5	1	159	2	7	8	3875	2986	46	27	87.314842	τρί-
4	1	159	2	8	0	3219	3016	703	31	-1	
5	1	159	2	8	1	3219	3024	79	21	90.896400	πτυχο
5	1	159	2	8	2	3306	3016	124	28	85.300308	Πατρίδα,
5	1	159	2	8	3	3442	3017	137	28	91.551140	Θρησκεία,
5	1	159	2	8	4	3596	3018	158	28	30.874413	Οἰκογένεια.
5	1	159	2	8	5	3774	3020	13	21	83.098816	Ἐ
5	1	159	2	8	6	3792	3020	89	27	18.031158	ὄχομαι
5	1	159	2	8	7	3893	3022	29	21	96.817902	νά
4	1	159	2	9	0	3220	3052	450	29	-1	
5	1	159	2	9	1	3220	3052	41	22	93.292938	τόν
5	1	159	2	9	2	3271	3052	120	29	90.785370	μιμηθοῦν
5	1	159	2	9	3	3403	3053	43	21	93.297577	καί
5	1	159	2	9	4	3457	3053	23	21	93.142914	οἳ
5	1	159	2	9	5	3487	3052	121	28	87.861809	ἀπόγονοί
5	1	159	2	9	6	3617	3062	53	13	87.861809	του.
3	1	159	3	0	0	3217	3088	718	170	-1	
4	1	159	3	1	0	3241	3088	679	31	-1	
5	1	159	3	1	1	3241	3088	70	22	91.287964	Αὐτά
5	1	159	3	1	2	3326	3088	31	21	96.748817	τά
5	1	159	3	1	3	3369	3088	71	27	93.277962	Λόγια
5	1	159	3	1	4	3454	3088	149	28	91.954414	γράφωνται
5	1	159	3	1	5	3617	3089	31	28	83.544083	µέ
5	1	159	3	1	6	3658	3089	97	28	88.376610	δάκρυα
5	1	159	3	1	7	3765	3091	42	22	56.984581	καΐ
5	1	159	3	1	8	3818	3091	31	28	85.783089	µέ
5	1	159	3	1	9	3861	3092	59	22	96.692505	πόνο
4	1	159	3	2	0	3218	3120	701	35	-1	
5	1	159	3	2	1	3218	3124	43	21	77.350647	παΐ
5	1	159	3	2	2	3273	3124	32	27	88.666115	µέ
5	1	159	3	2	3	3316	3124	44	27	82.781441	µιά
5	1	159	3	2	4	3373	3120	62	32	90.718979	εὐχή
5	1	159	3	2	5	3450	3124	47	21	89.361298	ἀπό
5	1	159	3	2	6	3509	3124	74	28	92.378075	ὅλους
5	1	159	3	2	7	3592	3133	58	19	96.554024	µας,
5	1	159	3	2	8	3662	3126	32	21	96.802757	νά
5	1	159	3	2	9	3709	3126	63	22	93.301331	εἶναι
5	1	159	3	2	10	3786	3126	96	29	39.840794	ἐλαφρό
5	1	159	3	2	11	3893	3129	26	21	96.997925	τὸ
4	1	159	3	3	0	3217	3160	718	31	-1	
5	1	159	3	3	1	3217	3161	71	27	86.826736	χῶμα
5	1	159	3	3	2	3301	3160	48	21	96.465683	πού
5	1	159	3	3	3	3362	3160	41	21	93.294167	τόν
5	1	159	3	3	4	3417	3160	128	26	82.549950	σκεπάδει,
5	1	159	3	3	5	3562	3160	44	21	95.673355	καί
5	1	159	3	3	6	3614	3161	31	21	93.249771	νά
5	1	159	3	3	7	3653	3161	71	28	61.904110	µείνή
5	1	159	3	3	8	3737	3162	29	21	93.292427	σέ
5	1	159	3	3	9	3777	3162	73	28	93.078178	ὅλους
5	1	159	3	3	10	3859	3172	57	19	66.657234	µας,
4	1	159	3	4	0	3219	3195	699	30	-1	
5	1	159	3	4	1	3219	3197	133	26	92.427193	συγγενεῖς
5	1	159	3	4	2	3368	3196	42	20	80.307739	καί
5	1	159	3	4	3	3428	3195	92	27	96.217239	φίλους
5	1	159	3	4	4	3535	3196	48	21	96.220093	πού
5	1	159	3	4	5	3597	3196	43	21	68.253586	τόν
5	1	159	3	4	6	3657	3196	95	29	80.212112	ξήσαμε
5	1	159	3	4	7	3764	3197	46	22	91.766022	ἀπό
5	1	159	3	4	8	3845	3200	73	21	91.766022	κοντά
4	1	159	3	5	0	3217	3226	480	32	-1	
5	1	159	3	5	1	3217	3231	41	27	96.467018	γιά
5	1	159	3	5	2	3268	3231	82	21	58.750652	πάντα
5	1	159	3	5	3	3361	3230	45	27	88.291977	στή
5	1	159	3	5	4	3416	3230	82	27	51.355175	μνήμη
5	1	159	3	5	5	3510	3238	57	19	95.414139	µας.
5	1	159	3	5	6	3693	3226	4	3	0.000000	'
3	1	159	4	0	0	3217	3266	702	63	-1	
4	1	159	4	1	0	3238	3266	681	31	-1	
5	1	159	4	1	1	3238	3266	71	21	70.336395	Αὐτά
5	1	159	4	1	2	3318	3266	30	21	96.422813	τά
5	1	159	4	1	3	3358	3266	72	27	93.261566	λόγια
5	1	159	4	1	4	3441	3266	235	27	47.065964	ἀντιπροσωπεύουν
5	1	159	4	1	5	3689	3268	28	21	93.299011	τό
5	1	159	4	1	6	3730	3268	128	27	89.796654	ἐλάχιστον
5	1	159	4	1	7	3873	3271	46	26	96.412926	τῆς
4	1	159	4	2	0	3217	3300	399	29	-1	
5	1	159	4	2	1	3217	3301	239	28	74.403076	πραγµατικότητος,
5	1	159	4	2	2	3467	3300	52	22	65.809135	Ναί
5	1	159	4	2	3	3529	3301	87	22	49.519928	Ἰέκο.-
2	1	160	0	0	0	3430	3354	278	24	-1	
3	1	160	1	0	0	3430	3354	278	24	-1	
4	1	160	1	1	0	3430	3354	278	24	-1	
5	1	160	1	1	1	3430	3354	116	23	90.988358	ΘΑΝΟΣ
5	1	160	1	1	2	3568	3354	140	24	90.988358	ΝΤΕΡΟΣ
