level	page_num	block_num	par_num	line_num	word_num	left	top	width	height	conf	text
1	1	0	0	0	0	0	0	2652	3511	-1	
2	1	1	0	0	0	0	3	2651	52	-1	
3	1	1	1	0	0	0	3	2651	52	-1	
4	1	1	1	1	0	0	3	2651	52	-1	
5	1	1	1	1	1	0	3	2651	52	95.000000	 
2	1	2	0	0	0	126	734	13	449	-1	
3	1	2	1	0	0	126	734	13	449	-1	
4	1	2	1	1	0	126	734	13	449	-1	
5	1	2	1	1	1	126	734	13	449	95.000000	 
2	1	3	0	0	0	212	2006	8	29	-1	
3	1	3	1	0	0	212	2006	8	29	-1	
4	1	3	1	1	0	212	2006	8	29	-1	
5	1	3	1	1	1	212	2006	8	29	95.000000	 
2	1	4	0	0	0	261	176	192	20	-1	
3	1	4	1	0	0	261	176	192	20	-1	
4	1	4	1	1	0	261	176	192	20	-1	
5	1	4	1	1	1	261	176	42	20	91.773521	«ΤΟ
5	1	4	1	1	2	314	176	139	20	60.953278	ΓΕΩΡΓΙΤΣΙ!»
2	1	5	0	0	0	396	219	759	16	-1	
3	1	5	1	0	0	396	219	759	16	-1	
4	1	5	1	1	0	396	219	759	16	-1	
5	1	5	1	1	1	396	219	759	16	95.000000	 
2	1	6	0	0	0	286	266	290	282	-1	
3	1	6	1	0	0	286	266	290	282	-1	
4	1	6	1	1	0	371	266	124	20	-1	
5	1	6	1	1	1	371	266	124	20	84.998344	ΓΕΩΡΓΙΤΣΙ
4	1	6	1	2	0	293	306	279	23	-1	
5	1	6	1	2	1	293	306	131	22	50.848774	ΔΙΜΗΝΜΙΑ
5	1	6	1	2	2	436	308	136	21	88.400543	ΕΦΗΜΕΡΙΔΑ
4	1	6	1	3	0	306	342	254	27	-1	
5	1	6	1	3	1	306	342	115	24	50.152046	Ὑππεύθυνος
5	1	6	1	3	2	432	344	50	19	93.265060	κατά
5	1	6	1	3	3	495	345	65	24	87.099823	Νόμαν
4	1	6	1	4	0	293	378	275	22	-1	
5	1	6	1	4	1	293	378	56	18	93.287498	ΚΩΝ.
5	1	6	1	4	2	360	379	23	18	90.255989	Η.
5	1	6	1	4	3	398	379	170	21	77.159348	ΓΜΝΝΑΚΑΚΗΣ
4	1	6	1	5	0	286	414	290	23	-1	
5	1	6	1	5	1	286	414	115	23	88.856918	Λυκούργου
5	1	6	1	5	2	413	414	23	19	85.601181	2
5	1	6	1	5	3	446	424	24	4	52.319000	--
5	1	6	1	5	4	481	416	95	19	95.292435	ΣΠΑΡΤΗ
4	1	6	1	6	0	365	450	128	23	-1	
5	1	6	1	6	1	365	450	48	23	93.976639	Τηλ.
5	1	6	1	6	2	425	450	68	19	27.075417	428-976
4	1	6	1	7	0	293	489	276	27	-1	
5	1	6	1	7	1	293	489	116	24	8.699501	Ὑπεύθωνος
5	1	6	1	7	2	419	490	150	26	39.891281	Τωπογραφεκω
4	1	6	1	8	0	292	523	272	25	-1	
5	1	6	1	8	1	292	523	86	20	91.966133	ΕΛΕΥΘ.
5	1	6	1	8	2	391	526	21	18	91.953232	Κ.
5	1	6	1	8	3	425	527	139	21	83.515221	ΝΙΚΟΛΑΡΟΣ
2	1	7	0	0	0	675	272	261	41	-1	
3	1	7	1	0	0	675	272	261	41	-1	
4	1	7	1	1	0	675	272	261	41	-1	
5	1	7	1	1	1	675	272	59	38	14.663933	ΤΡΙΛ
5	1	7	1	1	2	755	273	181	40	17.739532	ΠΡΟΒΛΗΜΙΙΛ
2	1	8	0	0	0	680	362	252	26	-1	
3	1	8	1	0	0	680	362	252	26	-1	
4	1	8	1	1	0	680	362	252	26	-1	
5	1	8	1	1	1	680	362	55	22	94.015884	ΤΟΥ
5	1	8	1	1	2	750	363	106	23	91.793335	ΧΩΡΙΟΥ
5	1	8	1	1	3	871	366	61	22	96.442749	ΜΑΣ
2	1	9	0	0	0	758	337	95	7	-1	
3	1	9	1	0	0	758	337	95	7	-1	
4	1	9	1	1	0	758	337	95	7	-1	
5	1	9	1	1	1	758	337	95	7	95.000000	 
2	1	10	0	0	0	755	408	97	7	-1	
3	1	10	1	0	0	755	408	97	7	-1	
4	1	10	1	1	0	755	408	97	7	-1	
5	1	10	1	1	1	755	408	97	7	95.000000	 
2	1	11	0	0	0	611	333	8	419	-1	
3	1	11	1	0	0	611	333	8	419	-1	
4	1	11	1	1	0	611	333	8	419	-1	
5	1	11	1	1	1	611	333	8	419	95.000000	 
2	1	12	0	0	0	621	427	357	116	-1	
3	1	12	1	0	0	621	427	357	116	-1	
4	1	12	1	1	0	654	427	324	40	-1	
5	1	12	1	1	1	654	427	39	28	30.490616	0
5	1	12	1	1	2	707	434	83	23	92.492455	ΝΕΡΟ:
5	1	12	1	1	3	811	436	58	23	44.784550	Ὅλα
5	1	12	1	1	4	883	439	25	20	71.093857	τά
5	1	12	1	1	5	929	440	49	27	71.821075	νερά
4	1	12	1	2	0	623	470	353	33	-1	
5	1	12	1	2	1	623	472	36	18	93.123589	τοῦ
5	1	12	1	2	2	671	470	71	22	89.646637	θουνοῦ
5	1	12	1	2	3	753	472	28	21	80.298523	νά,
5	1	12	1	2	4	793	473	71	26	92.108353	ἔρθουν
5	1	12	1	2	5	873	474	24	27	62.137222	µὲ
5	1	12	1	2	6	912	475	64	28	88.528687	σωλῆ-
4	1	12	1	3	0	621	512	355	31	-1	
5	1	12	1	3	1	621	517	41	18	51.568302	Νες,
5	1	12	1	3	2	675	512	38	27	93.872482	γιά
5	1	12	1	3	3	725	513	27	21	36.643738	νά
5	1	12	1	3	4	766	513	168	30	29.493736	πιλγμυρίσουμε
5	1	12	1	3	5	951	524	25	13	47.179756	χο
2	1	13	0	0	0	2336	216	124	19	-1	
3	1	13	1	0	0	2336	216	124	19	-1	
4	1	13	1	1	0	2336	216	124	19	-1	
5	1	13	1	1	1	2336	216	72	19	93.279266	Σελίδα
5	1	13	1	1	2	2419	218	41	17	39.037399	ἃ---
2	1	14	0	0	0	1321	236	1131	26	-1	
3	1	14	1	0	0	1321	236	1131	26	-1	
4	1	14	1	1	0	1321	236	1131	26	-1	
5	1	14	1	1	1	1321	236	1131	26	95.000000	 
2	1	15	0	0	0	993	279	716	272	-1	
3	1	15	1	0	0	993	279	716	272	-1	
4	1	15	1	1	0	1130	283	145	10	-1	
5	1	15	1	1	1	1130	284	2	2	7.577423	-
5	1	15	1	1	2	1268	283	7	10	40.887749	.
4	1	15	1	2	0	993	279	701	62	-1	
5	1	15	1	2	1	993	279	398	53	31.359543	Ανακοινώσεις
5	1	15	1	2	2	1415	286	279	55	84.090355	Νομαρχίας
4	1	15	1	3	0	1031	366	678	42	-1	
5	1	15	1	3	1	1031	366	21	21	56.925499	ϐ
5	1	15	1	3	2	1073	367	174	24	86.983925	ΟΜΟΦΩΝΗ
5	1	15	1	3	3	1263	370	119	29	92.005272	ἀπόφαση
5	1	15	1	3	4	1398	375	45	20	96.913818	τοῦ
5	1	15	1	3	5	1459	374	184	31	5.456001	ἸἨομαρχιακοῦ
5	1	15	1	3	6	1656	380	53	28	64.534821	Συµ
4	1	15	1	4	0	997	396	711	46	-1	
5	1	15	1	4	1	997	396	100	27	92.515633	θουλίου
5	1	15	1	4	2	1111	403	43	22	96.530663	δέν
5	1	15	1	4	3	1169	404	115	29	88.192902	ἐνέκρινε
5	1	15	1	4	4	1299	407	47	27	93.170242	τήν
5	1	15	1	4	5	1357	408	89	29	92.978745	ἵδρυση
5	1	15	1	4	6	1461	410	117	30	85.951088	Ἐέντρου
5	1	15	1	4	7	1594	414	114	28	35.411057	ΠΠαραθε-
4	1	15	1	5	0	995	440	657	36	-1	
5	1	15	1	5	1	995	440	88	25	83.214630	θισμοῦ
5	1	15	1	5	2	1100	442	142	25	57.755070	γυμνιοτῶν
5	1	15	1	5	3	1258	442	48	29	86.894234	οτή
5	1	15	1	5	4	1319	442	143	30	58.012539	Κοινότητα
5	1	15	1	5	5	1479	443	173	33	33.486397	ἸΜεοχωρίου.
4	1	15	1	6	0	1029	473	676	35	-1	
5	1	15	1	6	1	1029	473	21	21	41.820389	ϐ
5	1	15	1	6	2	1068	474	298	25	89.955124	ΠΑΡΑΤΕΙΝΟΝΤΑΙ
5	1	15	1	6	3	1385	480	74	28	88.333946	µέχρι
5	1	15	1	6	4	1477	482	27	21	75.742180	τὸ
5	1	15	1	6	5	1525	484	84	22	74.872040	19657
5	1	15	1	6	6	1625	487	30	20	95.261925	τά
5	1	15	1	6	7	1677	487	28	21	65.928116	εἰ.
4	1	15	1	7	0	993	508	713	43	-1	
5	1	15	1	7	1	993	508	60	22	58.512554	δωιά
5	1	15	1	7	2	1061	511	181	28	85.899002	προγράµµατα
5	1	15	1	7	3	1251	514	141	26	95.708130	προϊόντων
5	1	15	1	7	4	1405	516	87	28	82.272087	ἐληᾶς,
5	1	15	1	7	5	1507	520	44	21	83.812874	καί
5	1	15	1	7	6	1562	520	31	22	93.262680	θά
5	1	15	1	7	7	1604	521	102	30	77.848297	δηµιουρ
2	1	16	0	0	0	1280	348	148	7	-1	
3	1	16	1	0	0	1280	348	148	7	-1	
4	1	16	1	1	0	1280	348	148	7	-1	
5	1	16	1	1	1	1280	348	148	7	95.000000	 
2	1	17	0	0	0	977	278	18	502	-1	
3	1	17	1	0	0	977	278	18	502	-1	
4	1	17	1	1	0	983	278	12	209	-1	
5	1	17	1	1	1	983	278	12	209	95.000000	    
4	1	17	1	2	0	982	487	8	142	-1	
5	1	17	1	2	1	982	487	8	142	95.000000	    
4	1	17	1	3	0	977	706	12	37	-1	
5	1	17	1	3	1	977	706	12	37	95.000000	  
4	1	17	1	4	0	980	743	5	37	-1	
5	1	17	1	4	1	980	743	5	37	95.000000	 
2	1	18	0	0	0	1711	296	14	516	-1	
3	1	18	1	0	0	1711	296	14	516	-1	
4	1	18	1	1	0	1711	296	14	516	-1	
5	1	18	1	1	1	1711	296	14	516	95.000000	 
2	1	19	0	0	0	1878	277	448	47	-1	
3	1	19	1	0	0	1878	277	448	47	-1	
4	1	19	1	1	0	1878	277	448	47	-1	
5	1	19	1	1	1	1878	277	164	42	0.000000	ΕΚΕΙΝΟΙ
5	1	19	1	1	2	2063	298	76	23	90.922470	ΠΟΥ
5	1	19	1	1	3	2163	300	163	24	85.247810	ΦΕΥΓΟΥΝ
2	1	20	0	0	0	1971	345	264	9	-1	
3	1	20	1	0	0	1971	345	264	9	-1	
4	1	20	1	1	0	1971	345	264	9	-1	
5	1	20	1	1	1	1971	345	264	9	95.000000	 
2	1	21	0	0	0	2028	465	142	10	-1	
3	1	21	1	0	0	2028	465	142	10	-1	
4	1	21	1	1	0	2028	465	142	10	-1	
5	1	21	1	1	1	2028	465	142	10	95.000000	 
2	1	22	0	0	0	1751	383	667	76	-1	
3	1	22	1	0	0	1751	383	667	76	-1	
4	1	22	1	1	0	1751	383	667	76	-1	
5	1	22	1	1	1	1751	383	284	71	52.938557	Γεώργιος
5	1	22	1	1	2	2057	390	47	52	49.325031	Μ.
5	1	22	1	1	3	2126	392	292	67	69.432159	Κουρεμπής.
2	1	23	0	0	0	2095	512	357	75	-1	
3	1	23	1	0	0	2095	512	357	75	-1	
4	1	23	1	1	0	2129	512	323	30	-1	
5	1	23	1	1	1	2129	512	35	22	44.099674	Ἡ
5	1	23	1	1	2	2174	514	117	28	87.298553	γλαφυρή
5	1	23	1	1	3	2305	516	79	22	91.305664	πέννα
5	1	23	1	1	4	2409	520	43	20	96.266319	τοῦ
4	1	23	1	2	0	2095	554	357	33	-1	
5	1	23	1	2	1	2095	554	237	29	91.491013	πολυγραφώτατου
5	1	23	1	2	2	2358	558	94	29	53.744286	ἕστοριο
2	1	24	0	0	0	245	544	2207	291	-1	
3	1	24	1	0	0	732	544	973	35	-1	
4	1	24	1	1	0	732	544	973	35	-1	
5	1	24	1	1	1	732	554	4	7	34.699615	͵
5	1	24	1	1	2	1027	544	59	22	92.403641	θοῦν
5	1	24	1	1	3	1103	546	125	23	93.297913	σύγχρονες
5	1	24	1	1	4	1262	548	184	25	84.578011	ἐγκαταστάσεις
5	1	24	1	1	5	1475	553	75	23	92.115440	ἔπεξε
5	1	24	1	1	6	1585	557	57	22	68.757195	αοίας
5	1	24	1	1	7	1686	558	19	21	16.536423	ἐ-
3	1	24	2	0	0	271	548	2181	202	-1	
4	1	24	2	1	0	302	548	2150	79	-1	
5	1	24	2	1	1	302	560	48	23	96.654152	Τηλ.
5	1	24	2	1	2	363	561	66	20	49.533344	286-076
5	1	24	2	1	3	441	564	32	17	91.659050	καί
5	1	24	2	1	4	485	564	71	19	84.499161	23-473
5	1	24	2	1	5	613	548	134	47	5.419159	ἠριολενκικά,
5	1	24	2	1	6	992	548	161	68	0.000000	κεραπέξιας
5	1	24	2	1	7	1169	548	86	68	19.674034	ἐἶγα..
5	1	24	2	1	8	1277	557	13	19	34.367050	7
5	1	24	2	1	9	1447	561	15	21	26.307922	:
5	1	24	2	1	10	1522	555	19	45	0.000000	.
5	1	24	2	1	11	1552	564	30	19	10.970734	κ.
5	1	24	2	1	12	1644	566	15	19	40.328312	:
5	1	24	2	1	13	2094	594	241	31	28.132919	διηγηματογράφου
5	1	24	2	1	14	2350	608	50	19	95.054581	µας
5	1	24	2	1	15	2412	601	40	21	0.000000	1
4	1	24	2	2	0	275	595	2175	69	-1	
5	1	24	2	2	1	275	595	77	23	56.245377	Ἐτησὶα
5	1	24	2	2	2	363	598	98	23	90.810776	συνδροµή
5	1	24	2	2	3	473	599	57	23	91.086945	δραχ.
5	1	24	2	2	4	540	600	34	19	95.460396	200
5	1	24	2	2	5	666	605	159	24	16.861969	ΑΙΠΡΟΤΊΙΚΟΙ
5	1	24	2	2	6	866	608	106	23	69.787079	ΔΡΟΜΟΙ
5	1	24	2	2	7	1029	616	22	21	36.472572	Φ
5	1	24	2	2	8	1071	616	259	26	1.605515	ΚΑΘΙΕΡΩΘΗΚΕ
5	1	24	2	2	9	1343	622	144	30	5.600830	δεκαήμερο
5	1	24	2	2	10	1500	626	127	23	55.216888	᾿Εθνιωιῶν
5	1	24	2	2	11	1642	629	61	28	88.682037	Δρυ.
5	1	24	2	2	12	2094	636	115	23	77.705017	ΩΡΓΟΣ
5	1	24	2	2	13	2242	636	43	25	71.803574	Κ.
5	1	24	2	2	14	2321	640	129	24	40.783859	ΚΟΣΡΕ.
4	1	24	2	3	0	271	636	2178	77	-1	
5	1	24	2	3	1	271	636	124	25	88.901825	Ἐξωτερικοῦ
5	1	24	2	3	2	414	639	42	24	83.860466	ἀερ.
5	1	24	2	3	3	477	641	43	18	96.488220	δολ.
5	1	24	2	3	4	582	643	19	18	65.512115	13
5	1	24	2	3	5	612	647	60	26	32.933632	ἱπρός
5	1	24	2	3	6	689	648	40	21	72.557106	ὅλα
5	1	24	2	3	7	740	650	31	29	88.149208	τά
5	1	24	2	3	8	787	654	83	23	34.292252	σημεῖα,
5	1	24	2	3	9	902	651	71	23	18.795433	δου)οῦ
5	1	24	2	3	10	991	652	53	26	60.462456	]μῶν
5	1	24	2	3	11	1065	652	134	29	47.468029	17-97-6,
5	1	24	2	3	12	1219	656	49	21	95.919891	πού
5	1	24	2	3	13	1287	656	86	29	92.258385	ἀφορᾶ
5	1	24	2	3	14	1393	659	31	27	96.765717	τή
5	1	24	2	3	15	1441	663	139	24	96.080185	προστασία
5	1	24	2	3	16	1597	666	44	19	93.292221	τοῦ
5	1	24	2	3	17	1656	666	43	21	58.991501	Δά.
5	1	24	2	3	18	2093	678	83	21	30.449188	ΜΠΠ
5	1	24	2	3	19	2187	670	201	43	29.064400	θρυμμοτίστηκε
5	1	24	2	3	20	2405	684	44	21	80.942070	ἄνε
4	1	24	2	4	0	272	672	2176	78	-1	
5	1	24	2	4	1	272	672	117	24	48.976181	Συνδροµός:
5	1	24	2	4	2	432	675	40	18	76.072800	Στό
5	1	24	2	4	3	493	677	107	22	77.121567	Γεωργίτοι,
5	1	24	2	4	4	611	688	43	33	31.182755	[καί
5	1	24	2	4	5	667	689	89	27	70.194504	κάμπου.
5	1	24	2	4	6	991	683	69	36	92.690605	σους.
5	1	24	2	4	7	2091	720	149	27	56.878391	φανόρθωτα
5	1	24	2	4	8	2278	723	54	27	48.399815	"στίς
5	1	24	2	4	9	2363	724	85	24	12.738434	97-4-
3	1	24	3	0	0	245	707	2202	128	-1	
4	1	24	3	1	0	247	707	2200	80	-1	
5	1	24	3	1	1	247	708	25	21	36.646046	ες
5	1	24	3	1	2	284	707	117	20	68.323334	᾿Αθανάσιον
5	1	24	3	1	3	414	710	73	23	79.384018	Δῆμαν.
5	1	24	3	1	4	502	712	52	24	90.900299	Στήν
5	1	24	3	1	5	569	713	44	18	38.330040	Α-
5	1	24	3	1	6	606	703	11	37	19.285568	᾿
5	1	24	3	1	7	1024	723	22	20	71.937988	6
5	1	24	3	1	8	1065	724	86	23	92.864761	ΣΤΙΣ
5	1	24	3	1	9	1165	726	105	22	48.903854	9-.6-δ4
5	1	24	3	1	10	1289	727	168	30	69.955017	ἐκτελέστηκε
5	1	24	3	1	11	1473	732	32	27	77.974823	μέ
5	1	24	3	1	12	1519	733	117	29	91.535812	ἐπιτυχία
5	1	24	3	1	13	1650	736	14	27	47.503304	ἡ
5	1	24	3	1	14	1679	737	21	20	49.759506	ᾱ-
5	1	24	3	1	15	2092	760	41	21	21.749657	4
5	1	24	3	1	16	2201	762	25	21	87.832047	αἱ
5	1	24	3	1	17	2270	763	7	6	2.914734	ἡ
5	1	24	3	1	18	2297	764	61	21	91.285820	στήλη
5	1	24	3	1	19	2404	768	43	19	94.632210	τοῦ
4	1	24	3	2	0	245	739	2184	75	-1	
5	1	24	3	2	1	245	742	49	24	92.798920	θήνα
5	1	24	3	2	2	307	743	26	23	93.277313	εἰς
5	1	24	3	2	3	350	744	19	18	90.900459	Β.
5	1	24	3	2	4	383	745	115	24	65.179489	Καραλέµαν
5	1	24	3	2	5	515	748	97	21	48.701740	Σταδίου,
5	1	24	3	2	6	646	739	214	26	30.581573	ΑΕΝΔΡΟΚΟΜΙΑ:
5	1	24	3	2	7	903	742	69	43	18.832184	Καρυ-
5	1	24	3	2	8	989	764	82	22	63.294289	σκηση
5	1	24	3	2	9	1091	760	171	30	88.637985	ἑτοιμότητας,
5	1	24	3	2	10	1281	763	203	32	90.440529	ἀντιμετώπισης
5	1	24	3	2	11	1497	768	131	24	47.701279	ἑκτάκτων
5	1	24	3	2	12	1645	771	52	22	76.365852	ἄνα.
5	1	24	3	2	13	2138	770	59	17	29.298317	-
5	1	24	3	2	14	2264	771	15	19	11.629059	Ἱ
5	1	24	3	2	15	2327	772	48	20	0.000000	πηρη
5	1	24	3	2	16	2405	808	24	6	0.000000	-
4	1	24	3	3	0	245	778	2202	57	-1	
5	1	24	3	3	1	245	778	24	18	74.072769	“9
5	1	24	3	3	2	281	778	37	19	93.294655	στὰ
5	1	24	3	3	3	332	779	119	25	53.318649	Δικαστήρκα
5	1	24	3	3	4	464	783	31	18	93.272881	καί
5	1	24	3	3	5	510	784	21	18	91.089752	Κ.
5	1	24	3	3	6	547	784	51	19	41.535149	Γιον-
5	1	24	3	3	7	609	782	56	30	45.564407	δις,
5	1	24	3	3	8	696	783	125	27	77.806976	Καστανιές,
5	1	24	3	3	9	853	786	117	29	35.905991	θερυκοκές,
5	1	24	3	3	10	989	795	70	26	42.913937	]γκῶν
5	1	24	3	3	11	1073	796	44	21	82.780350	καί
5	1	24	3	3	12	1133	788	122	41	58.969055	σευσμῶν.
5	1	24	3	3	13	2093	801	244	25	0.000000	ΜΗΤΡΜΙΙ4Η»
5	1	24	3	3	14	2385	814	62	21	24.861641	στήν
2	1	25	0	0	0	245	814	187	25	-1	
3	1	25	1	0	0	245	814	187	25	-1	
4	1	25	1	1	0	245	814	187	25	-1	
5	1	25	1	1	1	245	814	74	23	81.709320	νακόχη
5	1	25	1	1	2	332	814	100	25	66.929039	Σπάρτην.
2	1	26	0	0	0	599	822	201	28	-1	
3	1	26	1	0	0	599	822	201	28	-1	
4	1	26	1	1	0	599	822	201	28	-1	
5	1	26	1	1	1	599	822	123	28	0.999237	:Βνσσινιές
5	1	26	1	1	2	736	826	64	21	89.857452	κ.λ.π.
2	1	27	0	0	0	243	852	109	10	-1	
3	1	27	1	0	0	243	852	109	10	-1	
4	1	27	1	1	0	243	852	109	10	-1	
5	1	27	1	1	1	243	852	109	10	95.000000	 
2	1	28	0	0	0	416	859	461	12	-1	
3	1	28	1	0	0	416	859	461	12	-1	
4	1	28	1	1	0	416	859	461	12	-1	
5	1	28	1	1	1	416	859	461	12	95.000000	 
2	1	29	0	0	0	220	888	743	105	-1	
3	1	29	1	0	0	220	888	743	105	-1	
4	1	29	1	1	0	220	888	743	60	-1	
5	1	29	1	1	1	220	888	743	60	95.000000	 
4	1	29	1	2	0	220	948	743	45	-1	
5	1	29	1	2	1	220	948	20	45	95.000000	 
5	1	29	1	2	2	375	948	588	45	95.000000	 
2	1	30	0	0	0	234	1004	714	394	-1	
3	1	30	1	0	0	234	1004	714	394	-1	
4	1	30	1	1	0	240	1004	707	39	-1	
5	1	30	1	1	1	240	1004	55	22	95.467415	ΓΙΑ
5	1	30	1	1	2	316	1006	82	22	91.200981	ΕΡΓΑ
5	1	30	1	1	3	414	1008	210	26	61.361893	ΟΔΟΠΟΙ:Ι:ΑΣ
5	1	30	1	1	4	640	1014	62	22	96.578049	ΣΤΗ
5	1	30	1	1	5	715	1016	148	24	96.665604	ΠΕΡΙΟΧΗ
5	1	30	1	1	6	879	1020	68	23	96.682152	ΜΑΣ
4	1	30	1	2	0	268	1040	676	47	-1	
5	1	30	1	2	1	268	1040	213	31	73.243217	Ολοκληρώθηκε
5	1	30	1	2	2	492	1045	15	28	45.726700	ᾗ
5	1	30	1	2	3	521	1046	179	31	76.991951	δηµοπράτηση
5	1	30	1	2	4	713	1050	82	29	91.011032	ἔργων
5	1	30	1	2	5	805	1048	139	39	47.965279	ὁδοσιοιΐας,
4	1	30	1	3	0	239	1075	709	42	-1	
5	1	30	1	3	1	239	1075	61	22	93.302032	ὅπου
5	1	30	1	3	2	311	1078	183	26	90.550514	προθλέπονται
5	1	30	1	3	3	512	1082	120	23	96.293655	συνολικά
5	1	30	1	3	4	646	1085	66	22	82.670532	486
5	1	30	1	3	5	728	1086	70	23	57.685204	ἔκατ.
5	1	30	1	3	6	817	1088	55	29	95.258926	δρχ.
5	1	30	1	3	7	905	1092	43	21	90.598175	καί
4	1	30	1	4	0	237	1111	477	37	-1	
5	1	30	1	4	1	237	1111	63	22	96.829308	εἶναι
5	1	30	1	4	2	314	1113	31	20	93.193535	τά
5	1	30	1	4	3	360	1113	63	28	92.173233	ἑξῆς
5	1	30	1	4	4	437	1116	42	27	96.424957	γιά
5	1	30	1	4	5	494	1117	30	27	96.698708	τή
5	1	30	1	4	6	537	1120	107	27	95.017700	περιοχή
5	1	30	1	4	7	657	1128	57	20	95.216156	µας:
4	1	30	1	5	0	263	1148	679	41	-1	
5	1	30	1	5	1	263	1158	25	3	1.371109	--
5	1	30	1	5	2	299	1148	98	28	93.296272	Δρόμος
5	1	30	1	5	3	413	1150	6	9	54.569275	᾿
5	1	30	1	5	4	422	1150	127	30	54.569275	Αγόριανη
5	1	30	1	5	5	565	1166	7	4	76.597092	-
5	1	30	1	5	6	589	1154	56	28	39.936783	'Αγ.
5	1	30	1	5	7	663	1156	125	30	64.485077	ζωνλνος
5	1	30	1	5	8	807	1159	19	21	93.255974	6
5	1	30	1	5	9	841	1160	101	29	91.415665	ἕκατομ.
4	1	30	1	6	0	246	1182	696	39	-1	
5	1	30	1	6	1	246	1182	144	29	0.000000	--1έφυρα
5	1	30	1	6	2	402	1186	43	21	94.769714	στό
5	1	30	1	6	3	454	1186	77	29	90.241211	δρόµο
5	1	30	1	6	4	544	1188	122	30	27.296188	ἁπάρτης
5	1	30	1	6	5	677	1204	7	3	90.625557	-
5	1	30	1	6	6	696	1192	162	29	40.706085	Δογκανίκου
5	1	30	1	6	7	870	1196	19	21	76.330971	9
5	1	30	1	6	8	904	1198	38	21	42.783222	ἕκ.
4	1	30	1	7	0	263	1218	679	41	-1	
5	1	30	1	7	1	263	1218	136	29	43.910980	--ρόμος
5	1	30	1	7	2	437	1222	142	29	0.000000	ἈΣελλασίας
5	1	30	1	7	3	595	1238	7	3	92.979752	-
5	1	30	1	7	4	619	1226	153	30	69.168900	Κονιδίτσας
5	1	30	1	7	5	790	1243	8	3	88.525032	-
5	1	30	1	7	6	817	1230	125	29	21.804871	ΙΤαρδάλι-
4	1	30	1	8	0	234	1253	554	43	-1	
5	1	30	1	8	1	234	1253	117	23	27.126930	Πελλάνα
5	1	30	1	8	2	365	1268	8	3	85.528549	-
5	1	30	1	8	3	400	1256	141	28	85.528549	Περιέόλια
5	1	30	1	8	4	554	1260	43	21	77.383553	325
5	1	30	1	8	5	611	1257	177	39	80.480103	ἑκατομμύρια.
4	1	30	1	9	0	243	1290	697	39	-1	
5	1	30	1	9	1	243	1290	196	29	34.980537	--Δογκανίκος
5	1	30	1	9	2	450	1305	8	4	57.707199	-᾿
5	1	30	1	9	3	471	1293	136	30	96.478935	Αγόριανη
5	1	30	1	9	4	620	1296	216	33	82.049637	ἀσφαλτόστρωση
5	1	30	1	9	5	849	1302	42	21	92.310646	80
5	1	30	1	9	6	902	1303	38	22	54.891338	ἕς..
4	1	30	1	10	0	260	1325	679	41	-1	
5	1	30	1	10	1	260	1336	24	3	78.217529	--
5	1	30	1	10	2	299	1325	99	29	91.296646	Δρόμος
5	1	30	1	10	3	412	1328	121	29	93.291695	Σπάρτης
5	1	30	1	10	4	546	1344	8	3	90.157066	-
5	1	30	1	10	5	564	1330	28	22	0.000000	Ιζι
5	1	30	1	10	6	592	1332	86	29	92.661476	αστόρι
5	1	30	1	10	7	697	1334	52	27	72.689873	1,6
5	1	30	1	10	8	762	1336	177	30	86.277916	ἑκατομμύρια.
4	1	30	1	11	0	264	1361	674	37	-1	
5	1	30	1	11	1	264	1361	187	30	65.591660	--4ογγάστρα
5	1	30	1	11	2	464	1378	8	3	92.832283	-
5	1	30	1	11	3	487	1365	151	24	88.886497	Σουστιάνοι
5	1	30	1	11	4	652	1382	8	3	93.080650	-
5	1	30	1	11	5	676	1369	124	29	72.307358	Ῥορδόνια
5	1	30	1	11	6	811	1372	43	23	70.907433	86
5	1	30	1	11	7	869	1374	69	23	87.284477	ἕκατ.
2	1	31	0	0	0	300	1416	573	34	-1	
3	1	31	1	0	0	300	1416	573	34	-1	
4	1	31	1	1	0	300	1416	573	34	-1	
5	1	31	1	1	1	300	1416	269	27	86.637299	ΑΝΟΙΚΟΔΟΜΗΣΗ
5	1	31	1	1	2	581	1422	18	22	91.606865	ἃ
5	1	31	1	1	3	612	1423	261	27	91.372543	ΑΝΑΣΤΗΛΩΣΕΙΣ
2	1	32	0	0	0	225	1469	713	287	-1	
3	1	32	1	0	0	228	1469	710	102	-1	
4	1	32	1	1	0	263	1469	675	39	-1	
5	1	32	1	1	1	263	1469	22	22	81.653198	6
5	1	32	1	1	2	303	1470	31	21	89.225677	Ὁ
5	1	32	1	1	3	350	1478	24	13	95.300163	κ.
5	1	32	1	1	4	390	1471	174	31	87.420868	Παναγιώτης
5	1	32	1	1	5	579	1475	77	23	73.615555	᾿Ἠλία
5	1	32	1	1	6	669	1477	150	31	61.567383	Ππολάνης,
5	1	32	1	1	7	836	1482	102	22	91.496445	κατεδά-
4	1	32	1	2	0	230	1503	708	44	-1	
5	1	32	1	2	1	230	1513	61	19	52.560814	Φισε
5	1	32	1	2	2	308	1503	28	24	81.165314	τό
5	1	32	1	2	3	352	1509	108	26	73.253891	πατρικό
5	1	32	1	2	4	477	1517	44	14	93.290756	του
5	1	32	1	2	5	538	1512	67	21	86.913414	οπίτι
5	1	32	1	2	6	620	1512	75	23	96.946136	δίπλα
5	1	32	1	2	7	711	1516	62	27	90.386200	στήν
5	1	32	1	2	8	790	1516	148	31	61.212818	'Ὑπαπαντή
4	1	32	1	3	0	228	1541	266	30	-1	
5	1	32	1	3	1	228	1541	43	21	89.397972	καί
5	1	32	1	3	2	288	1542	28	21	93.287766	τό
5	1	32	1	3	3	329	1542	165	29	56.224480	ἀνοικοδομεῖ.
3	1	32	2	0	0	225	1577	710	142	-1	
4	1	32	2	1	0	261	1577	673	39	-1	
5	1	32	2	1	1	261	1577	22	21	87.250870	ϐ
5	1	32	2	1	2	304	1578	36	20	57.049805	"Η
5	1	32	2	1	3	355	1578	30	21	93.283318	σέ
5	1	32	2	1	4	400	1579	99	29	92.326401	ἐξέλιξη
5	1	32	2	1	5	513	1582	45	21	96.145981	νέα
5	1	32	2	1	6	572	1583	119	30	90.483711	οἰκοδομή
5	1	32	2	1	7	706	1588	44	20	96.674911	τοῦ
5	1	32	2	1	8	764	1588	108	28	93.250755	ζεύγους
5	1	32	2	1	9	904	1590	30	21	70.105858	Τ.
4	1	32	2	2	0	226	1612	709	40	-1	
5	1	32	2	2	1	226	1612	34	21	67.322739	1.
5	1	32	2	2	2	280	1613	129	28	51.648376	Δαρδύρη,
5	1	32	2	2	3	424	1616	111	28	78.245605	γαμεροῦ
5	1	32	2	2	4	550	1620	44	19	95.885269	τοῦ
5	1	32	2	2	5	610	1620	30	21	89.503494	4.
5	1	32	2	2	6	657	1620	31	22	21.984703	Τ..
5	1	32	2	2	7	705	1622	112	28	69.944107	Σκλέκα,
5	1	32	2	2	8	838	1624	97	28	21.698425	θρίσκε-
4	1	32	2	3	0	226	1649	709	40	-1	
5	1	32	2	3	1	226	1656	40	13	95.759300	ται
5	1	32	2	3	2	280	1649	46	21	92.754082	στά
5	1	32	2	3	3	339	1652	183	27	77.720261	σοφατίσµατα.
5	1	32	2	3	4	537	1654	54	22	0.000000	Καί
5	1	32	2	3	5	602	1655	15	28	70.806549	ἡ
5	1	32	2	3	6	631	1656	118	30	67.644547	οἰκοδομή
5	1	32	2	3	7	763	1661	43	20	96.828468	τοῦ
5	1	32	2	3	8	818	1660	117	29	95.208282	Γιώργου
4	1	32	2	4	0	225	1683	441	40	-1	
5	1	32	2	4	1	225	1683	34	22	54.185608	1Η.
5	1	32	2	4	2	272	1684	155	30	90.608322	Γεωργούλη
5	1	32	2	4	3	443	1688	47	21	96.965637	στά
5	1	32	2	4	4	503	1686	163	37	74.969612	τελειώματα.
3	1	32	3	0	0	262	1720	672	36	-1	
4	1	32	3	1	0	262	1720	672	36	-1	
5	1	32	3	1	1	262	1720	21	21	46.505085	06
5	1	32	3	1	2	305	1720	35	22	85.908623	Τό
5	1	32	3	1	3	356	1722	91	28	65.396317	ξεῦγος
5	1	32	3	1	4	464	1724	72	28	95.933525	Τάκη
5	1	32	3	1	5	551	1726	45	21	93.765816	καί
5	1	32	3	1	6	610	1727	92	29	64.356079	Ελένη
5	1	32	3	1	7	718	1730	6	9	81.352333	᾿
5	1	32	3	1	8	727	1730	165	23	85.136856	Αθανασούλα
5	1	32	3	1	9	905	1734	29	21	87.716721	κὀ
2	1	33	0	0	0	208	1756	735	35	-1	
3	1	33	1	0	0	208	1756	735	35	-1	
4	1	33	1	1	0	208	1756	735	35	-1	
5	1	33	1	1	1	208	1776	116	2	0.000000	εϱη-.Σσε..
5	1	33	1	1	2	337	1752	117	41	41.940628	Διαμαντῆ
5	1	33	1	1	3	469	1759	169	27	79.046906	ἀγόρασαν
5	1	33	1	1	4	603	1752	32	41	93.288696	τό
5	1	33	1	1	5	649	1764	69	23	76.042854	οπέτι
5	1	33	1	1	6	726	1752	41	41	82.936768	11.
5	1	33	1	1	7	784	1752	97	41	91.804192	Ῥασσιᾶ
5	1	33	1	1	8	884	1769	59	22	24.594177	στα
2	1	34	0	0	0	220	1789	710	205	-1	
3	1	34	1	0	0	222	1789	268	24	-1	
4	1	34	1	1	0	222	1789	268	24	-1	
5	1	34	1	1	1	222	1789	32	20	95.552376	θά
5	1	34	1	1	2	268	1790	29	20	93.291901	τό
5	1	34	1	1	3	320	1790	170	23	91.407112	ἀνανεώσουν.
3	1	34	2	0	0	220	1824	710	71	-1	
4	1	34	2	1	0	258	1824	672	38	-1	
5	1	34	2	1	1	258	1824	22	21	72.556725	6
5	1	34	2	1	2	298	1825	33	21	5.709923	ὉΟ
5	1	34	2	1	3	344	1825	113	29	93.299225	Γιάννης
5	1	34	2	1	4	471	1828	110	22	45.819725	᾿᾽Αλέκου
5	1	34	2	1	5	595	1830	115	29	0.412178	ἸΠόρφης
5	1	34	2	1	6	724	1833	148	29	91.382187	ἀνακαίνιση
5	1	34	2	1	7	887	1838	43	19	96.943001	τοῦ
4	1	34	2	2	0	220	1862	514	33	-1	
5	1	34	2	2	1	220	1862	123	25	28.092697	πατρωιοῦ
5	1	34	2	2	2	359	1869	44	14	96.531357	του
5	1	34	2	2	3	420	1863	44	21	45.349789	καί
5	1	34	2	2	4	478	1864	133	29	93.313004	προσθήκη
5	1	34	2	2	5	625	1866	65	29	87.021698	πρός
5	1	34	2	2	6	702	1868	32	21	87.021698	Ν.
3	1	34	3	0	0	220	1896	710	98	-1	
4	1	34	3	1	0	254	1896	676	38	-1	
5	1	34	3	1	1	254	1896	21	21	88.616974	9
5	1	34	3	1	2	293	1896	30	22	89.377426	Ὁ
5	1	34	3	1	3	337	1896	100	29	90.259491	Γεώργ.
5	1	34	3	1	4	451	1898	64	23	78.887222	Εὖθ.
5	1	34	3	1	5	529	1900	146	30	90.567978	Γιάνναρης
5	1	34	3	1	6	687	1903	88	28	90.290283	ἄρχιοε
5	1	34	3	1	7	787	1906	95	28	83.216545	μεγάλη
5	1	34	3	1	8	898	1908	32	21	75.189354	οἳ-
4	1	34	3	2	0	220	1931	707	33	-1	
5	1	34	3	2	1	220	1931	93	28	71.723267	ποδοµή
5	1	34	3	2	2	331	1932	61	27	94.438957	στήν
5	1	34	3	2	3	408	1934	41	21	89.357780	πλ.
5	1	34	3	2	4	469	1934	55	28	36.757072	"Αγ.
5	1	34	3	2	5	543	1936	6	9	79.894745	᾿
5	1	34	3	2	6	551	1936	144	24	88.452385	Αθανασίου
5	1	34	3	2	7	709	1940	75	22	93.218140	δίπλα
5	1	34	3	2	8	798	1944	59	19	76.241585	στοῦ
5	1	34	3	2	9	872	1942	55	22	0.000000	40.
4	1	34	3	3	0	220	1966	95	28	-1	
5	1	34	3	3	1	220	1966	95	28	50.279278	Δήμου.
2	1	35	0	0	0	212	2006	725	190	-1	
3	1	35	1	0	0	212	2006	725	190	-1	
4	1	35	1	1	0	212	2006	725	190	-1	
5	1	35	1	1	1	212	2006	725	190	95.000000	  
2	1	36	0	0	0	202	2214	723	1186	-1	
3	1	36	1	0	0	214	2214	711	221	-1	
4	1	36	1	1	0	250	2214	675	45	-1	
5	1	36	1	1	1	250	2214	28	29	87.560310	Φ
5	1	36	1	1	2	293	2215	28	21	86.244080	Η
5	1	36	1	1	3	336	2215	180	24	93.777794	ΠΟΙΗΤΡΙΑ
5	1	36	1	1	4	534	2228	24	13	89.854774	κ.
5	1	36	1	1	5	590	2220	89	29	6.692581	Ἱαρία
5	1	36	1	1	6	715	2219	210	40	42.773895	Ἐιουμουρτξάκη
4	1	36	1	2	0	214	2250	708	40	-1	
5	1	36	1	2	1	214	2252	49	26	92.897720	μᾶς
5	1	36	1	2	2	276	2250	101	29	93.271980	γράφει:
5	1	36	1	2	3	393	2252	44	21	30.342880	έ
5	1	36	1	2	4	446	2253	115	30	71.511169	θουλιµία
5	1	36	1	2	5	572	2256	113	27	85.017860	διαξάξω
5	1	36	1	2	6	697	2259	28	22	96.947464	τό
5	1	36	1	2	7	737	2260	78	28	67.151749	ὥραῖο
5	1	36	1	2	8	827	2268	48	22	93.287766	σας
5	1	36	1	2	9	887	2262	35	22	90.377701	ἔν-
4	1	36	1	3	0	214	2287	709	39	-1	
5	1	36	1	3	1	214	2295	63	14	69.178787	τυπο
5	1	36	1	3	2	294	2287	230	32	27.772881	«ΓΕΩΡΓΙΤΣΙ»,
5	1	36	1	3	3	541	2292	31	28	87.588417	µέ
5	1	36	1	3	4	587	2293	28	22	96.306854	τό
5	1	36	1	3	5	627	2294	64	23	95.459404	πολύ
5	1	36	1	3	6	717	2296	206	30	20.619453	ἐποικοδομητιὸ
4	1	36	1	4	0	214	2324	707	39	-1	
5	1	36	1	4	1	214	2324	161	28	52.415382	περιεχόμενό
5	1	36	1	4	2	390	2334	51	14	93.267891	του.
5	1	36	1	4	3	458	2327	95	29	56.542809	έτίς
5	1	36	1	4	4	566	2329	77	29	91.104218	εὐχές
5	1	36	1	4	5	655	2339	48	20	96.604523	µου
5	1	36	1	4	6	719	2333	41	28	96.440926	γιά
5	1	36	1	4	7	775	2334	28	21	96.535706	τό
5	1	36	1	4	8	814	2334	107	29	96.212875	Πάσχα,
4	1	36	1	5	0	214	2360	707	40	-1	
5	1	36	1	5	1	214	2361	47	26	92.466850	σᾶς
5	1	36	1	5	2	276	2360	94	22	95.922348	στέλνω
5	1	36	1	5	3	390	2362	93	23	94.144173	1.000
5	1	36	1	5	4	497	2364	57	29	96.442749	δρχ.
5	1	36	1	5	5	571	2366	43	27	96.448853	γιά
5	1	36	1	5	6	626	2366	122	31	91.230148	ἐνίσχυση
5	1	36	1	5	7	760	2371	48	26	93.116508	τῆς
5	1	36	1	5	8	817	2371	104	29	87.059677	δηµιουρ
4	1	36	1	6	0	214	2397	663	42	-1	
5	1	36	1	6	1	214	2397	76	26	87.490059	γικῆς
5	1	36	1	6	2	304	2402	48	21	96.909843	σας
5	1	36	1	6	3	363	2399	181	29	93.249641	προσπάθειας.
5	1	36	1	6	4	556	2401	90	29	34.536377	Ἱαρία
5	1	36	1	6	5	657	2403	27	22	42.921326	ΚΚ.
5	1	36	1	6	6	685	2402	192	37	63.855286	ιουμουρτζάκη.
3	1	36	2	0	0	208	2431	712	209	-1	
4	1	36	2	1	0	246	2431	674	40	-1	
5	1	36	2	1	1	246	2431	21	21	45.906456	ϱ
5	1	36	2	1	2	288	2431	30	22	90.441765	Ὁ
5	1	36	2	1	3	334	2440	24	13	94.034103	κ.
5	1	36	2	1	4	376	2433	112	29	95.029617	Κώστας
5	1	36	2	1	5	503	2436	31	21	88.699791	4.
5	1	36	2	1	6	550	2437	112	29	92.417755	Κάτσος,
5	1	36	2	1	7	678	2440	48	21	67.951759	ἀπό
5	1	36	2	1	8	747	2442	173	29	93.509590	Θεσσαλονίκη
4	1	36	2	2	0	212	2466	707	41	-1	
5	1	36	2	2	1	212	2466	93	28	58.897991	γθάφει
5	1	36	2	2	2	320	2469	94	26	86.757774	µεταξύ
5	1	36	2	2	3	430	2468	90	25	93.236015	ἄλλων:
5	1	36	2	2	4	537	2472	59	23	9.261566	Ἰοῦ
5	1	36	2	2	5	612	2474	85	28	91.432144	ἀρέσει
5	1	36	2	2	6	712	2477	63	22	38.122658	σιολύ
5	1	36	2	2	7	794	2478	28	21	92.882202	τό
5	1	36	2	2	8	839	2487	80	20	87.629333	περιε-
4	1	36	2	3	0	210	2502	709	40	-1	
5	1	36	2	3	1	210	2502	89	27	69.560913	χόµενο
5	1	36	2	3	2	314	2505	49	26	93.296074	τῆς
5	1	36	2	3	3	376	2505	157	30	72.148003	ἐφημερίδας
5	1	36	2	3	4	550	2509	170	29	72.844032	«Γεωργίτοι»
5	1	36	2	3	5	739	2513	44	22	35.823616	καέ
5	1	36	2	3	6	795	2515	82	27	96.630112	χωρίς
5	1	36	2	3	7	889	2516	30	21	87.604492	νά
4	1	36	2	4	0	208	2539	709	38	-1	
5	1	36	2	4	1	208	2539	171	28	91.711021	παραξηγηθῶ
5	1	36	2	4	2	391	2542	95	22	96.475616	στέλνω
5	1	36	2	4	3	501	2543	96	23	93.483734	2.000
5	1	36	2	4	4	611	2546	56	28	89.972382	δρχ.
5	1	36	2	4	5	684	2548	41	26	93.298103	γιά
5	1	36	2	4	6	739	2548	119	29	54.024994	ἐνίσχυση
5	1	36	2	4	7	875	2553	42	19	96.530060	τοῦ
4	1	36	2	5	0	208	2573	710	39	-1	
5	1	36	2	5	1	208	2573	87	28	91.622849	ἀγώνα
5	1	36	2	5	2	312	2582	48	21	96.651291	σας
5	1	36	2	5	3	374	2577	43	27	96.129669	γιά
5	1	36	2	5	4	431	2578	30	27	95.670631	τή
5	1	36	2	5	5	480	2579	115	29	96.449692	διάσωση
5	1	36	2	5	6	609	2582	51	21	96.449692	τῶν
5	1	36	2	5	7	674	2585	102	26	92.554550	χωριῶν
5	1	36	2	5	8	791	2593	57	19	92.276436	µας.
5	1	36	2	5	9	877	2586	41	21	16.380241	ΠΜὲ
4	1	36	2	6	0	208	2609	494	31	-1	
5	1	36	2	6	1	208	2609	158	28	63.909443	ἐκτίμηση
5	1	36	2	6	2	368	2627	5	4	0.000000	Χ.
5	1	36	2	6	3	388	2612	112	28	91.489830	Κάτσος.
5	1	36	2	6	4	700	2629	2	2	0.000000	᾿
3	1	36	3	0	0	207	2642	709	70	-1	
4	1	36	3	1	0	245	2642	671	40	-1	
5	1	36	3	1	1	245	2644	22	21	60.799282	ϐ
5	1	36	3	1	2	286	2642	73	30	44.987839	Πρός
5	1	36	3	1	3	371	2646	42	21	96.404785	τόν
5	1	36	3	1	4	428	2655	25	12	95.313126	κ.
5	1	36	3	1	5	471	2648	69	21	93.276108	Νίκο
5	1	36	3	1	6	551	2649	35	21	49.972454	Ε.
5	1	36	3	1	7	600	2650	105	28	10.676720	ΤῬάδαρη
5	1	36	3	1	8	718	2653	108	22	43.392811	Η.Π..
5	1	36	3	1	9	844	2655	72	27	80.611877	εὖχα-
4	1	36	3	2	0	207	2680	677	32	-1	
5	1	36	3	2	1	207	2682	116	24	44.104340	οιστοῦμε
5	1	36	3	2	2	334	2680	79	27	85.277657	θερµά
5	1	36	3	2	3	428	2682	42	26	96.266449	γιά
5	1	36	3	2	4	484	2682	30	27	93.292259	τή
5	1	36	3	2	5	531	2684	124	27	89.847839	συνδροµή
5	1	36	3	2	6	672	2692	55	20	95.714554	σας.
5	1	36	3	2	7	814	2699	2	2	0.000000	[
5	1	36	3	2	8	881	2704	3	2	0.000000	.
3	1	36	4	0	0	203	2714	713	215	-1	
4	1	36	4	1	0	244	2714	671	37	-1	
5	1	36	4	1	1	244	2714	21	22	87.973099	ϱ
5	1	36	4	1	2	287	2714	72	23	23.937851	Ὁ-.
5	1	36	4	1	3	376	2715	85	28	93.007034	Τάκης
5	1	36	4	1	4	477	2717	132	28	92.442146	Σταθάκος
5	1	36	4	1	5	623	2719	129	29	81.899048	ἀπόμαχος
5	1	36	4	1	6	763	2722	152	29	78.649155	ποδοσφαιρι
4	1	36	4	2	0	206	2750	710	36	-1	
5	1	36	4	2	1	206	2750	63	28	92.624672	στής
5	1	36	4	2	2	281	2752	50	26	90.936539	μᾶς
5	1	36	4	2	3	347	2751	126	28	96.348976	γνωρίζει,
5	1	36	4	2	4	491	2752	38	22	93.276741	ὅτι
5	1	36	4	2	5	541	2753	126	28	67.678429	ἑτοιμάξει
5	1	36	4	2	6	682	2756	80	22	74.025581	6ιθλίο
5	1	36	4	2	7	781	2758	69	28	96.709427	γύρω
5	1	36	4	2	8	869	2759	47	22	52.376667	ἀπό
4	1	36	4	3	0	206	2786	708	35	-1	
5	1	36	4	3	1	206	2786	42	21	93.088158	τόν
5	1	36	4	3	2	260	2786	6	10	74.864166	᾿
5	1	36	4	3	3	268	2786	143	28	66.403366	Αθλητισμό
5	1	36	4	3	4	424	2788	44	21	89.083382	καί
5	1	36	4	3	5	481	2788	86	27	77.357948	δητάει
5	1	36	4	3	6	582	2793	121	25	91.892426	στοιχεῖα,
5	1	36	4	3	7	717	2792	103	28	75.061203	ἕνευπα,
5	1	36	4	3	8	832	2803	82	18	88.741501	φωτο-
4	1	36	4	4	0	206	2822	707	34	-1	
5	1	36	4	4	1	206	2822	118	28	25.765701	γραφίες,
5	1	36	4	4	2	342	2822	48	21	93.190895	ἀπό
5	1	36	4	4	3	404	2823	57	28	89.821289	ὅλες
5	1	36	4	4	4	475	2824	40	27	93.296158	τίς
5	1	36	4	4	5	527	2824	135	29	34.554413	ἀθλητικές.
5	1	36	4	4	6	675	2827	92	29	91.678871	ὁμάδες
5	1	36	4	4	7	784	2831	43	19	91.131454	τοῦ
5	1	36	4	4	8	865	2831	48	21	0.000000	ἍἨΝο-
4	1	36	4	5	0	204	2858	709	37	-1	
5	1	36	4	5	1	204	2859	55	27	92.422997	μοῦ.
5	1	36	4	5	2	275	2858	128	28	81.633347	Εὐκαιρία
5	1	36	4	5	3	414	2859	31	22	93.161514	νά
5	1	36	4	5	4	458	2860	158	28	55.958195	προθληθοῦν
5	1	36	4	5	5	633	2862	43	22	83.272598	καί
5	1	36	4	5	6	689	2863	24	22	93.106003	οἳ
5	1	36	4	5	7	723	2867	190	28	90.750092	συμπατριῶτες
4	1	36	4	6	0	203	2894	707	35	-1	
5	1	36	4	6	1	203	2902	56	20	87.102165	µας.
5	1	36	4	6	2	273	2894	110	21	92.317337	Στεῖλτε:
5	1	36	4	6	3	401	2895	7	10	79.161346	᾿
5	1	36	4	6	4	410	2895	145	28	79.161346	Αγησιλάου
5	1	36	4	6	5	567	2898	30	26	96.641479	4,
5	1	36	4	6	6	608	2898	104	29	61.510357	Σπάρτη
5	1	36	4	6	7	723	2901	54	28	95.804886	τηλ.
5	1	36	4	6	8	793	2901	117	24	68.826897	3394609.
3	1	36	5	0	0	203	2930	709	66	-1	
4	1	36	5	1	0	237	2930	675	40	-1	
5	1	36	5	1	1	237	2930	22	21	73.443932	ϐ
5	1	36	5	1	2	280	2938	25	13	88.707214	κ.
5	1	36	5	1	3	321	2930	106	29	86.376114	4άμπρο
5	1	36	5	1	4	444	2932	114	28	90.490753	Δεδούση
5	1	36	5	1	5	575	2933	109	23	68.601685	Ἡ.Π.Α.
5	1	36	5	1	6	702	2936	78	28	45.256706	θερμά
5	1	36	5	1	7	814	2934	98	36	92.118950	εὔχαρι-
4	1	36	5	2	0	203	2966	502	30	-1	
5	1	36	5	2	1	203	2967	91	26	90.420105	στοῦμε
5	1	36	5	2	2	310	2966	42	27	96.214096	γιά
5	1	36	5	2	3	365	2966	45	27	96.855553	τήν
5	1	36	5	2	4	425	2968	125	27	28.021339	συνδρομή
5	1	36	5	2	5	563	2975	55	21	82.045082	σας.
5	1	36	5	2	6	700	2984	5	3	35.362129	:
3	1	36	6	0	0	202	3001	574	68	-1	
4	1	36	6	1	0	240	3001	536	31	-1	
5	1	36	6	1	1	240	3001	21	21	56.448135	06
5	1	36	6	1	2	282	3010	25	13	61.943935	ο.
5	1	36	6	1	3	322	3001	101	28	76.250839	Παναγ.
5	1	36	6	1	4	441	3002	36	21	90.500916	Π.
5	1	36	6	1	5	495	3003	159	29	80.937599	Παπαστάθη
5	1	36	6	1	6	668	3006	108	22	21.148705	Η.Π.Α.
4	1	36	6	2	0	202	3036	540	33	-1	
5	1	36	6	2	1	202	3038	91	25	82.716766	στοῦμε
5	1	36	6	2	2	306	3036	113	28	89.540482	ἄπείρως
5	1	36	6	2	3	433	3038	42	26	96.105232	γιά
5	1	36	6	2	4	489	3039	46	27	93.013939	τήν
5	1	36	6	2	5	548	3040	124	28	14.615173	συνδρομή
5	1	36	6	2	6	688	3048	54	21	96.666649	σας.
3	1	36	7	0	0	202	3072	706	129	-1	
4	1	36	7	1	0	235	3072	673	35	-1	
5	1	36	7	1	1	235	3072	22	21	84.271866	9
5	1	36	7	1	2	274	3081	25	12	0.000000	»..
5	1	36	7	1	3	312	3072	125	22	60.553913	Νικόλαον
5	1	36	7	1	4	452	3074	56	21	43.877327	᾿4θ.
5	1	36	7	1	5	524	3074	82	28	8.979538	{έγον
5	1	36	7	1	6	617	3076	108	23	89.213081	Η.Π.Α.
5	1	36	7	1	7	737	3078	82	28	48.011932	θερμά
5	1	36	7	1	8	838	3079	70	28	90.104698	εὖχα-
4	1	36	7	2	0	202	3108	706	35	-1	
5	1	36	7	2	1	202	3110	116	26	47.546612	ριστοῦμε
5	1	36	7	2	2	332	3108	42	27	96.890282	γιά
5	1	36	7	2	3	386	3108	46	27	93.275322	τήν
5	1	36	7	2	4	447	3108	148	30	52.076679	ἔνισχυμένη
5	1	36	7	2	5	607	3112	125	29	90.037201	συνδροµή
5	1	36	7	2	6	747	3121	47	20	95.986847	σας
5	1	36	7	2	7	809	3115	44	21	96.169952	καί
5	1	36	7	2	8	869	3116	39	27	96.851059	γιά
4	1	36	7	3	0	203	3144	691	30	-1	
5	1	36	7	3	1	203	3145	31	22	74.514282	τά
5	1	36	7	3	2	245	3144	64	22	96.171913	καλά
5	1	36	7	3	3	322	3151	47	21	96.883278	σας
5	1	36	7	3	4	380	3144	79	27	92.380997	λόγια.
5	1	36	7	3	5	892	3172	2	2	0.000000	'
4	1	36	7	4	0	209	3186	692	15	-1	
5	1	36	7	4	1	205	3169	398	37	0.000000	---------------
5	1	36	7	4	2	633	3169	272	37	18.843987	ωω-
3	1	36	8	0	0	203	3220	708	102	-1	
4	1	36	8	1	0	280	3220	556	27	-1	
5	1	36	8	1	1	280	3220	229	23	90.176491	ΕΡΓΑΣΤΗΡΙΟΝ
5	1	36	8	1	2	521	3220	315	27	92.028076	ΖΑΧΑΡΟΠΛΑΣΤΙΚΗΣ
4	1	36	8	2	0	374	3257	537	29	-1	
5	1	36	8	2	1	374	3257	184	22	92.996231	ΒΑΣΙΛΕΙΟΥ
5	1	36	8	2	2	572	3259	168	24	73.725548	ΒΕΡΓΑΛΟΥ
5	1	36	8	2	3	909	3284	2	2	0.000000	'
4	1	36	8	3	0	203	3292	703	30	-1	
5	1	36	8	3	1	203	3292	142	23	96.328392	ΠΛΑΤΕΙΑ
5	1	36	8	3	2	357	3292	105	23	96.628494	ΔΟΥΚΑ
5	1	36	8	3	3	477	3293	14	22	95.964943	6
5	1	36	8	3	4	502	3293	126	24	93.300827	ΣΠΑΡΤΗ
5	1	36	8	3	5	642	3307	8	5	92.435684	-
5	1	36	8	3	6	661	3296	67	22	96.491951	ΤΗΛ.
5	1	36	8	3	7	738	3288	89	39	0.000000	249258
5	1	36	8	3	8	832	3288	74	39	0.000000	24924
3	1	36	9	0	0	232	3329	677	34	-1	
4	1	36	9	1	0	232	3329	677	34	-1	
5	1	36	9	1	1	232	3329	139	30	84.967049	Δεχόμεθα
5	1	36	9	1	2	381	3329	98	27	92.331367	παντός
5	1	36	9	1	3	489	3329	88	29	92.331367	εἴδους
5	1	36	9	1	4	591	3333	192	28	94.862793	παραγγελίες,
5	1	36	9	1	5	797	3335	49	26	93.288132	γιά
5	1	36	9	1	6	857	3336	52	27	66.382629	νά--
3	1	36	10	0	0	204	3364	700	36	-1	
4	1	36	10	1	0	204	3364	700	36	-1	
5	1	36	10	1	1	204	3371	70	24	50.663761	μους,
5	1	36	10	1	2	291	3364	132	27	58.726715	θαπτίσια,
5	1	36	10	1	3	437	3364	165	31	92.398590	ἀρραθῶνες,
5	1	36	10	1	4	618	3367	114	29	92.468842	Παγωτό
5	1	36	10	1	5	745	3369	31	31	89.863922	µέ
5	1	36	10	1	6	793	3370	31	22	71.995094	τὀ
5	1	36	10	1	7	839	3371	65	23	94.630157	κιλό.
2	1	37	0	0	0	813	3008	95	29	-1	
3	1	37	1	0	0	813	3008	95	29	-1	
4	1	37	1	1	0	813	3008	95	29	-1	
5	1	37	1	1	1	813	3008	95	29	87.670944	εὖχαρι-
2	1	38	0	0	0	979	830	719	457	-1	
3	1	38	1	0	0	986	830	712	107	-1	
4	1	38	1	1	0	1025	830	673	38	-1	
5	1	38	1	1	1	1025	830	22	21	50.281555	Φ
5	1	38	1	1	2	1067	832	296	25	90.505135	ΠΡΟΚΗΡΥΣΤΗΚΕ
5	1	38	1	1	3	1375	837	172	30	41.161388	διαγωνισμός
5	1	38	1	1	4	1559	842	41	26	91.639740	γιά
5	1	38	1	1	5	1627	844	71	20	87.574623	κατά-
4	1	38	1	2	0	986	866	712	39	-1	
5	1	38	1	2	1	986	866	62	27	80.288727	ταξη
5	1	38	1	2	2	1063	867	41	21	64.254181	38
5	1	38	1	2	3	1121	868	118	28	66.211334	Δοκύμων
5	1	38	1	2	4	1257	870	189	30	68.484283	Σηµαιοφόρων
5	1	38	1	2	5	1459	875	137	27	21.112274	4ιμενωιοῦ
5	1	38	1	2	6	1611	878	87	27	83.884697	Σώμα-
4	1	38	1	3	0	986	902	688	35	-1	
5	1	38	1	3	1	986	902	100	25	21.239464	τος.ραί
5	1	38	1	3	2	1101	903	13	20	88.932152	1
5	1	38	1	3	3	1123	904	13	20	44.720005	Ί
5	1	38	1	3	4	1145	904	211	29	13.550232	"ὁποπλοιάρχων.
5	1	38	1	3	5	1375	908	150	29	91.742126	Προθεσμία
5	1	38	1	3	6	1537	911	137	22	0.000000	399-6-584.
3	1	38	2	0	0	983	936	713	98	-1	
4	1	38	2	1	0	1019	936	677	33	-1	
5	1	38	2	1	1	1019	936	22	20	70.326660	9
5	1	38	2	1	2	1061	936	86	23	88.474442	ΟΣΟΙ
5	1	38	2	1	3	1163	938	44	21	93.115936	δέν
5	1	38	2	1	4	1221	939	131	28	89.910896	φήφισαν,
5	1	38	2	1	5	1371	942	123	27	59.854881	ὀφείλουν
5	1	38	2	1	6	1507	945	32	21	93.291260	νά
5	1	38	2	1	7	1555	945	141	24	65.992966	ὑποξάλουν
4	1	38	2	2	0	984	970	712	39	-1	
5	1	38	2	2	1	984	970	31	21	95.706795	τά
5	1	38	2	2	2	1028	970	205	30	78.187012	δικαιολογητικά
5	1	38	2	2	3	1244	982	69	20	93.428452	τους,
5	1	38	2	2	4	1331	976	41	27	96.227371	γιά
5	1	38	2	2	5	1389	978	31	21	96.384361	νά
5	1	38	2	2	6	1435	978	149	30	92.312386	ἀποφύγουν
5	1	38	2	2	7	1601	982	39	27	82.760101	τίς
5	1	38	2	2	8	1655	991	41	13	91.455605	κυ-
4	1	38	2	3	0	983	1005	102	29	-1	
5	1	38	2	3	1	983	1005	102	29	87.823845	ρώσεις.
3	1	38	3	0	0	981	1042	712	108	-1	
4	1	38	3	1	0	1017	1042	675	39	-1	
5	1	38	3	1	1	1017	1042	21	21	74.250000	9
5	1	38	3	1	2	1057	1043	285	26	50.075966	ΚΑ4ΑΘΟΡΙΣΤΗΚΑΝ
5	1	38	3	1	3	1368	1049	24	21	92.486839	οἳ
5	1	38	3	1	4	1409	1050	158	29	24.348175	διαδικασίες
5	1	38	3	1	5	1583	1053	42	27	95.132072	γιά
5	1	38	3	1	6	1664	1054	28	27	91.430351	τή
4	1	38	3	2	0	981	1078	712	38	-1	
5	1	38	3	2	1	981	1078	131	29	93.297630	χορήγηση
5	1	38	3	2	2	1131	1080	138	29	90.713821	ἐνίσχυσης
5	1	38	3	2	3	1285	1083	76	28	96.691032	στούς
5	1	38	3	2	4	1381	1085	185	29	77.103409	καλλιεργητάς
5	1	38	3	2	5	1584	1088	109	28	89.174210	σκληροῦ
4	1	38	3	3	0	981	1116	676	38	-1	
5	1	38	3	3	1	981	1116	121	25	91.223495	οιταριοῦ.
5	1	38	3	3	2	1118	1116	184	29	65.335205	Πληροφορίες
5	1	38	3	3	3	1319	1119	87	29	20.985458	{4)νση
5	1	38	3	3	4	1420	1117	144	37	85.007103	Γεωργίας.
5	1	38	3	3	5	1654	1126	3	1	7.107811	ι
3	1	38	4	0	0	979	1149	714	138	-1	
4	1	38	4	1	0	1015	1149	677	40	-1	
5	1	38	4	1	1	1015	1149	21	21	62.919422	9
5	1	38	4	1	2	1055	1150	299	25	87.505341	ΥΠΕΝΘΥΜΙΖΕΤΑΙ
5	1	38	4	1	3	1368	1156	77	28	96.659340	στούς
5	1	38	4	1	4	1455	1160	178	28	96.359093	παραγωγούς:
5	1	38	4	1	5	1653	1163	39	26	93.077026	γιὰ
4	1	38	4	2	0	981	1184	712	42	-1	
5	1	38	4	2	1	981	1184	87	29	88.199127	ἑημιές
5	1	38	4	2	2	1082	1186	50	21	93.292862	πού
5	1	38	4	2	3	1143	1188	186	27	64.334671	προκαλοῦνται
5	1	38	4	2	4	1345	1190	48	22	93.932846	ἀπό
5	1	38	4	2	5	1411	1192	134	31	37.392632	δυομενεῖς
5	1	38	4	2	6	1577	1198	116	28	96.137955	καιρικές
4	1	38	4	3	0	980	1220	711	43	-1	
5	1	38	4	3	1	980	1220	128	29	92.487175	συνθῆκες
5	1	38	4	3	2	1121	1223	32	21	76.667130	νάἁ
5	1	38	4	3	3	1188	1224	183	23	79.551338	ἀπευθύνονται
5	1	38	4	3	4	1388	1228	46	27	50.596283	οτή
5	1	38	4	3	5	1452	1229	18	21	43.799931	.4
5	1	38	4	3	6	1474	1229	65	31	19.970284	2νση
5	1	38	4	3	7	1558	1232	133	31	90.516472	Γεωργίας
4	1	38	4	4	0	979	1256	322	31	-1	
5	1	38	4	4	1	979	1256	43	20	57.555275	καίΐ
5	1	38	4	4	2	1033	1256	40	28	97.000534	ὄχι
5	1	38	4	4	3	1084	1258	43	21	91.433502	στό
5	1	38	4	4	4	1140	1258	161	29	48.218800	'Ὑπουργεῖο.
2	1	39	0	0	0	1007	1327	658	75	-1	
3	1	39	1	0	0	1007	1327	658	75	-1	
4	1	39	1	1	0	1007	1327	658	75	-1	
5	1	39	1	1	1	1007	1328	44	58	82.686897	Ἡ
5	1	39	1	1	2	1065	1327	123	70	55.225864	ἑῃτή
5	1	39	1	1	3	1210	1332	72	57	57.464600	το
5	1	39	1	1	4	1307	1333	137	69	7.140961	ΑγἱθίΙ
5	1	39	1	1	5	1465	1336	200	64	6.600349	ΝΙηλήθι
2	1	40	0	0	0	960	1453	726	710	-1	
3	1	40	1	0	0	960	1453	726	710	-1	
4	1	40	1	1	0	1003	1453	683	41	-1	
5	1	40	1	1	1	1003	1453	39	22	93.184471	Μέ
5	1	40	1	1	2	1061	1455	104	32	89.383194	µεγάλη
5	1	40	1	1	3	1186	1457	101	31	93.299171	συρροή
5	1	40	1	1	4	1306	1459	100	22	92.437492	πιστῶν
5	1	40	1	1	5	1421	1460	167	34	91.804359	ἑορτάστηκε
5	1	40	1	1	6	1601	1467	46	22	92.766396	καί
5	1	40	1	1	7	1663	1468	23	21	82.074326	ἑ-
4	1	40	1	2	0	974	1489	712	36	-1	
5	1	40	1	2	1	974	1489	80	30	90.618538	φέτος
5	1	40	1	2	2	1064	1490	15	31	86.388977	ἡ
5	1	40	1	2	3	1098	1491	79	32	90.630005	ἑορτή
5	1	40	1	2	4	1190	1493	48	22	96.837288	τοῦ
5	1	40	1	2	5	1249	1494	92	28	47.109638	“Αγίου
5	1	40	1	2	6	1353	1495	135	26	86.805962	Νικολάου
5	1	40	1	2	7	1503	1500	47	22	96.727333	τοῦ
5	1	40	1	2	8	1563	1501	61	22	96.562897	νέου
5	1	40	1	2	9	1639	1504	47	21	96.864136	στό
4	1	40	1	3	0	975	1526	711	41	-1	
5	1	40	1	3	1	975	1526	179	30	86.067627	Κυπαρίσσιον
5	1	40	1	3	2	1167	1529	175	28	90.578644	Λογκανίκου.
5	1	40	1	3	3	1361	1532	69	31	91.389381	Στὴν
5	1	40	1	3	4	1444	1534	96	31	96.685387	τέλεση
5	1	40	1	3	5	1554	1536	46	31	96.770576	τῆς
5	1	40	1	3	6	1609	1538	77	28	96.687553	θείας
4	1	40	1	4	0	972	1560	713	41	-1	
5	1	40	1	4	1	972	1560	174	31	93.298035	λειτουργίας
5	1	40	1	4	2	1160	1564	104	23	90.689423	ἔλαθαν
5	1	40	1	4	3	1275	1566	85	30	90.696289	µέρος
5	1	40	1	4	4	1371	1568	26	21	96.982208	οἱ
5	1	40	1	4	5	1411	1568	83	31	90.872444	ἱερεῖς
5	1	40	1	4	6	1508	1572	177	29	92.650864	Λογκανίκου,
4	1	40	1	5	0	971	1597	713	39	-1	
5	1	40	1	5	1	971	1602	24	15	91.106667	π.
5	1	40	1	5	2	1009	1597	127	31	57.066730	Ιωάννης
5	1	40	1	5	3	1149	1599	103	28	90.029289	Ψαθᾶς,
5	1	40	1	5	4	1265	1601	18	20	91.025848	Γ
5	1	40	1	5	5	1285	1604	160	27	47.092064	εώργιτσίου
5	1	40	1	5	6	1457	1612	24	14	92.052887	π.
5	1	40	1	5	7	1493	1606	123	30	61.942741	Κών)νος
5	1	40	1	5	8	1627	1609	57	22	91.612968	Για-
4	1	40	1	6	0	970	1632	713	39	-1	
5	1	40	1	6	1	970	1632	108	29	91.940796	τρόκος,
5	1	40	1	6	2	1095	1634	144	31	75.228180	᾽Αλευροῦς
5	1	40	1	6	3	1253	1642	25	16	88.455544	π.
5	1	40	1	6	4	1295	1637	25	22	92.649620	Γ.
5	1	40	1	6	5	1338	1639	154	32	86.461426	Καλλιάνης
5	1	40	1	6	6	1505	1643	47	21	92.705879	καί
5	1	40	1	6	7	1567	1643	15	22	50.004829	ὁ
5	1	40	1	6	8	1599	1650	84	16	91.064774	πανω-
4	1	40	1	7	0	971	1668	712	45	-1	
5	1	40	1	7	1	971	1668	212	31	92.956184	σιολογιώτατος
5	1	40	1	7	2	1196	1672	223	33	85.795456	᾿Αρχιμανδρίτης
5	1	40	1	7	3	1436	1683	25	15	91.994812	π.
5	1	40	1	7	4	1500	1674	183	39	90.867569	Σεθαστιανός
4	1	40	1	8	0	971	1704	711	40	-1	
5	1	40	1	8	1	971	1704	151	32	74.751740	Μονιδάρης
5	1	40	1	8	2	1133	1706	15	22	91.478210	ὁ
5	1	40	1	8	3	1163	1707	92	29	93.096611	ὁποῖος
5	1	40	1	8	4	1269	1709	32	29	89.081871	µέ
5	1	40	1	8	5	1313	1710	48	29	96.643814	τήν
5	1	40	1	8	6	1387	1711	116	32	91.774437	ὑπέροχη
5	1	40	1	8	7	1517	1714	106	30	86.265701	ὁμιλία
5	1	40	1	8	8	1618	1707	5	41	49.573814	:
5	1	40	1	8	9	1635	1722	47	16	96.955795	του
4	1	40	1	9	0	971	1741	711	38	-1	
5	1	40	1	9	1	971	1741	210	24	92.138031	κατενθουσίασε
5	1	40	1	9	2	1198	1744	32	21	91.673782	τό
5	1	40	1	9	3	1243	1744	111	29	92.522942	εὐσεθές
5	1	40	1	9	4	1369	1746	196	33	88.960564	ἐκκλησίασμα.
5	1	40	1	9	5	1595	1752	27	21	88.960564	Ἡ
5	1	40	1	9	6	1641	1752	41	23	90.451424	ἐκ-
4	1	40	1	10	0	964	1770	692	44	-1	
5	1	40	1	10	1	964	1770	173	40	0.000000	κλησίο-σοῦ-
5	1	40	1	10	2	1143	1770	68	40	0.000000	«Αγ...
5	1	40	1	10	3	1220	1770	134	40	52.590023	Νικολάου.
5	1	40	1	10	4	1361	1782	106	29	78.740387	Έλαμπε
5	1	40	1	10	5	1477	1785	179	29	67.857834	στήν-κυριολ:
4	1	40	1	11	0	969	1808	711	39	-1	
5	1	40	1	11	1	969	1808	45	25	91.339249	ξία
5	1	40	1	11	2	1023	1808	53	22	96.865433	ἀπό
5	1	40	1	11	3	1085	1811	186	30	96.514915	καθαριότητα
5	1	40	1	11	4	1283	1814	46	21	93.304909	καί
5	1	40	1	11	5	1339	1815	68	21	92.827911	αὐτό
5	1	40	1	11	6	1418	1816	80	29	96.607040	χάρις
5	1	40	1	11	7	1509	1819	48	20	96.691528	στό
5	1	40	1	11	8	1569	1820	111	27	92.458000	εὐσεθές
4	1	40	1	12	0	967	1842	713	41	-1	
5	1	40	1	12	1	967	1842	209	31	92.530090	ἐκκλησιαστικό
5	1	40	1	12	2	1191	1847	153	30	63.831928	Συμθούλιο
5	1	40	1	12	3	1359	1850	46	21	96.488495	καί
5	1	40	1	12	4	1419	1852	47	29	93.300613	τήν
5	1	40	1	12	5	1481	1852	113	31	49.900223	θοἤθεια
5	1	40	1	12	6	1609	1854	71	23	93.185661	ὅλων
4	1	40	1	13	0	967	1878	711	41	-1	
5	1	40	1	13	1	967	1878	52	25	91.924026	τῶν
5	1	40	1	13	2	1029	1881	146	29	90.829529	χωριανῶν.
5	1	40	1	13	3	1189	1882	75	23	96.899780	Μετά
5	1	40	1	13	4	1271	1884	33	21	95.377388	τό
5	1	40	1	13	5	1313	1884	80	29	96.208748	τέλος
5	1	40	1	13	6	1404	1886	50	30	93.294357	τῆς
5	1	40	1	13	7	1463	1888	29	22	91.155525	Θ.
5	1	40	1	13	8	1505	1888	173	31	96.016685	λειτουργίας
4	1	40	1	14	0	966	1914	712	46	-1	
5	1	40	1	14	1	966	1914	26	22	96.607323	οἱ
5	1	40	1	14	2	1007	1916	87	22	95.829979	πάντα
5	1	40	1	14	3	1107	1918	132	30	52.367706	πρόθυμοι
5	1	40	1	14	4	1257	1920	46	21	93.284042	καί
5	1	40	1	14	5	1329	1921	137	28	91.906990	φιλόξενοι
5	1	40	1	14	6	1497	1921	181	39	92.053497	Κυπαρισσέοι
4	1	40	1	15	0	965	1952	711	38	-1	
5	1	40	1	15	1	965	1952	230	30	88.432739	προσεφέρθησαν.
5	1	40	1	15	2	1205	1955	32	28	82.404846	µέ
5	1	40	1	15	3	1254	1956	104	29	93.041901	µεγάλη
5	1	40	1	15	4	1377	1958	135	30	87.731277	προθυµία
5	1	40	1	15	5	1526	1960	36	22	96.670631	νά
5	1	40	1	15	6	1572	1961	104	29	34.908592	Φιλοξε-
4	1	40	1	16	0	964	1986	712	39	-1	
5	1	40	1	16	1	964	1986	98	29	92.800491	νήσουν
5	1	40	1	16	2	1075	1988	63	27	93.271194	τούς
5	1	40	1	16	3	1154	1989	83	30	92.866188	ἱερεῖς
5	1	40	1	16	4	1251	1990	47	22	96.920357	καί
5	1	40	1	16	5	1312	1992	35	21	96.279419	νά
5	1	40	1	16	6	1357	1992	65	28	96.905052	τούς
5	1	40	1	16	7	1437	1996	170	29	96.367363	προσφέρουν
5	1	40	1	16	8	1635	1998	41	23	95.486542	ὅτι
4	1	40	1	17	0	963	2022	711	38	-1	
5	1	40	1	17	1	963	2022	32	21	90.728996	τό
5	1	40	1	17	2	1011	2022	151	32	87.517235	καλλύτερο
5	1	40	1	17	3	1187	2024	82	31	73.840912	εἶχαν.
5	1	40	1	17	4	1288	2026	182	31	93.016258	Εὐχόμαστε
5	1	40	1	17	5	1453	2018	16	46	92.848083	ὁ
5	1	40	1	17	6	1487	2030	100	30	90.009598	"Άγιος
5	1	40	1	17	7	1600	2032	74	24	92.615807	Νικό-
4	1	40	1	18	0	960	2057	714	42	-1	
5	1	40	1	18	1	960	2057	72	28	90.334473	λαος
5	1	40	1	18	2	1047	2059	34	21	96.478943	νά
5	1	40	1	18	3	1094	2060	64	27	96.750290	τούς
5	1	40	1	18	4	1172	2060	66	23	93.302132	δίνει
5	1	40	1	18	5	1253	2061	81	28	92.857346	ὑγεία
5	1	40	1	18	6	1346	2064	46	21	96.395042	καί
5	1	40	1	18	7	1409	2064	35	23	96.395042	νά
5	1	40	1	18	8	1471	2066	63	29	93.059822	τούς
5	1	40	1	18	9	1559	2075	115	24	91.289253	προστα-
4	1	40	1	19	0	962	2092	387	24	-1	
5	1	40	1	19	1	962	2092	71	23	92.646584	τεύει
5	1	40	1	19	2	1047	2094	94	22	93.725548	πάντα.
5	1	40	1	19	3	1342	2106	7	9	0.000000	᾿
4	1	40	1	20	0	1060	2130	524	33	-1	
5	1	40	1	20	1	1060	2130	102	30	92.726448	Ἱερεύς
5	1	40	1	20	2	1174	2132	167	23	93.283386	ΓΕΩΡΓΙΟΣ
5	1	40	1	20	3	1356	2135	228	28	44.900097	ΚΟΛΛΙΝΙΑΤΗΣ,
2	1	41	0	0	0	970	2174	703	21	-1	
3	1	41	1	0	0	970	2174	703	21	-1	
4	1	41	1	1	0	970	2174	703	21	-1	
5	1	41	1	1	1	970	2174	703	21	0.000000	ο----.ω
5	1	41	1	1	2	1407	2163	36	36	0.000000	ο
5	1	41	1	1	3	1470	2174	203	21	0.000000	πΠὨΡϱΡ.Ρ᾿----
2	1	42	0	0	0	960	840	22	762	-1	
3	1	42	1	0	0	960	840	22	762	-1	
4	1	42	1	1	0	971	840	11	295	-1	
5	1	42	1	1	1	971	840	11	295	95.000000	  
4	1	42	1	2	0	960	1135	15	467	-1	
5	1	42	1	2	1	960	1135	15	467	95.000000	     
2	1	43	0	0	0	988	1302	477	14	-1	
3	1	43	1	0	0	988	1302	477	14	-1	
4	1	43	1	1	0	988	1302	477	14	-1	
5	1	43	1	1	1	988	1302	477	14	95.000000	 
2	1	44	0	0	0	1468	1313	203	10	-1	
3	1	44	1	0	0	1468	1313	203	10	-1	
4	1	44	1	1	0	1468	1313	203	10	-1	
5	1	44	1	1	1	1468	1313	203	10	95.000000	 
2	1	45	0	0	0	1261	1412	142	8	-1	
3	1	45	1	0	0	1261	1412	142	8	-1	
4	1	45	1	1	0	1261	1412	142	8	-1	
5	1	45	1	1	1	1261	1412	142	8	95.000000	 
2	1	46	0	0	0	1680	1734	38	119	-1	
3	1	46	1	0	0	1680	1734	38	119	-1	
4	1	46	1	1	0	1685	1734	13	30	-1	
5	1	46	1	1	1	1685	1734	13	30	95.000000	 
4	1	46	1	2	0	1680	1764	38	70	-1	
5	1	46	1	2	1	1680	1764	38	70	95.000000	   
4	1	46	1	3	0	1681	1834	16	19	-1	
5	1	46	1	3	1	1681	1834	16	19	95.000000	 
2	1	47	0	0	0	1703	1792	351	41	-1	
3	1	47	1	0	0	1703	1792	351	41	-1	
4	1	47	1	1	0	1703	1792	351	41	-1	
5	1	47	1	1	1	1703	1792	351	41	7.255615	"Φευοδσκεῖο
2	1	48	0	0	0	2091	842	353	33	-1	
3	1	48	1	0	0	2091	842	353	33	-1	
4	1	48	1	1	0	2091	842	353	33	-1	
5	1	48	1	1	1	2091	842	142	30	91.909576	ἐφημερίδα
5	1	48	1	1	2	2245	854	50	19	83.820061	µας
5	1	48	1	1	3	2321	846	69	29	76.372925	µένει
5	1	48	1	1	4	2405	848	39	23	48.967781	ὃδυ-
2	1	49	0	0	0	1732	494	354	400	-1	
3	1	49	1	0	0	1732	494	354	400	-1	
4	1	49	1	1	0	1732	494	354	400	-1	
5	1	49	1	1	1	1732	494	354	400	95.000000	 
2	1	50	0	0	0	1732	886	711	129	-1	
3	1	50	1	0	0	1945	886	416	30	-1	
4	1	50	1	1	0	1945	886	416	30	-1	
5	1	50	1	1	1	1945	911	10	2	41.360363	κ
5	1	50	1	1	2	2031	910	2	2	0.000000	ε
5	1	50	1	1	3	2089	886	185	27	91.199867	σαναπλήρωτα
5	1	50	1	1	4	2290	889	71	27	92.418137	κενή.
3	1	50	2	0	0	1732	912	711	103	-1	
4	1	50	2	1	0	1754	912	689	39	-1	
5	1	50	2	1	1	1754	912	43	21	5.324715	ΙΟ
5	1	50	2	1	2	1811	912	119	29	95.947983	Γιῶργος
5	1	50	2	1	3	1955	916	221	30	40.215996	ζουρεμπῆς
5	1	50	2	1	4	2127	912	48	40	92.109230	μᾶς
5	1	50	2	1	5	2188	920	84	27	92.522369	ἔφυγε
5	1	50	2	1	6	2289	924	41	24	94.053246	γιά
5	1	50	2	1	7	2360	924	28	20	95.120659	τό
5	1	50	2	1	8	2401	933	42	18	65.122154	μα-
4	1	50	2	2	0	1733	947	708	38	-1	
5	1	50	2	2	1	1733	947	77	26	44.284126	πρυνό
5	1	50	2	2	2	1825	948	35	20	85.032730	κι’
5	1	50	2	2	3	1877	948	119	29	92.018188	ἀγύριστο
5	1	50	2	2	4	2011	952	81	25	95.963448	ταξίδι
5	1	50	2	2	5	2108	961	54	18	96.925323	του,
5	1	50	2	2	6	2176	954	61	22	77.178406	ἀλλά
5	1	50	2	2	7	2254	955	15	28	57.028572	ἡ
5	1	50	2	2	8	2285	956	97	29	85.865738	θύμησή
5	1	50	2	2	9	2398	967	43	13	96.420860	του
4	1	50	2	3	0	1732	980	427	35	-1	
5	1	50	2	3	1	1732	980	32	22	93.299423	θά
5	1	50	2	3	2	1774	984	50	25	92.195793	μᾶς
5	1	50	2	3	3	1836	984	130	31	96.777344	συνοδεύει
5	1	50	2	3	4	1979	983	42	30	96.431107	γιά
5	1	50	2	3	5	2033	987	90	22	59.938004	πάντα.
2	1	51	0	0	0	1717	1034	723	726	-1	
3	1	51	1	0	0	1728	1034	712	222	-1	
4	1	51	1	1	0	1763	1034	677	41	-1	
5	1	51	1	1	1	1763	1034	69	28	50.581161	Ατήν
5	1	51	1	1	2	1847	1036	142	29	91.926361	οἰκογένειά
5	1	51	1	1	3	2002	1047	43	14	96.772263	του
5	1	51	1	1	4	2061	1041	43	21	93.300911	καί
5	1	51	1	1	5	2120	1041	24	22	34.813637	σ)
5	1	51	1	1	6	2156	1042	74	28	92.779381	ὅλους
5	1	51	1	1	7	2245	1044	61	28	93.196541	τούς
5	1	51	1	1	8	2329	1045	111	30	81.939415	οἰπείους
4	1	51	1	2	0	1730	1070	710	40	-1	
5	1	51	1	2	1	1730	1077	53	19	93.299896	του,
5	1	51	1	2	2	1799	1070	15	27	31.225304	ἡ
5	1	51	1	2	3	1830	1071	141	29	91.605774	ἐφημερίδα
5	1	51	1	2	4	1983	1082	51	20	95.395943	µας
5	1	51	1	2	5	2050	1075	125	29	26.064880	ἐνφράξει
5	1	51	1	2	6	2185	1078	31	27	90.845299	τή
5	1	51	1	2	7	2235	1078	88	23	89.085770	6αθειά
5	1	51	1	2	8	2361	1081	79	29	95.109123	θλίψη
4	1	51	1	3	0	1729	1106	709	39	-1	
5	1	51	1	3	1	1729	1112	55	20	57.515205	της,
5	1	51	1	3	2	1799	1106	101	28	92.566765	εὔχεται
5	1	51	1	3	3	1914	1108	46	28	93.296318	τήν
5	1	51	1	3	4	1975	1109	28	26	92.460335	ἓξ
5	1	51	1	3	5	2017	1111	86	28	91.960556	ὄψους
5	1	51	1	3	6	2112	1114	142	27	96.831398	παρηγοριά
5	1	51	1	3	7	2269	1116	44	21	13.407440	καὶ
5	1	51	1	3	8	2325	1117	53	28	53.133408	ξωή
5	1	51	1	3	9	2393	1119	45	21	91.892769	στά
4	1	51	1	4	0	1728	1141	710	44	-1	
5	1	51	1	4	1	1728	1141	86	22	96.820328	παιδιά
5	1	51	1	4	2	1826	1150	43	15	96.027405	του
5	1	51	1	4	3	1882	1144	44	22	91.852966	καί
5	1	51	1	4	4	1937	1145	30	22	93.295616	τά
5	1	51	1	4	5	1981	1145	164	30	89.486885	ἐγγόνιατου.
5	1	51	1	4	6	2163	1149	218	36	26.668205	᾽Αντιτροσωπεία
5	1	51	1	4	7	2394	1156	44	19	96.379242	τοῦ
4	1	51	1	5	0	1728	1176	710	42	-1	
5	1	51	1	5	1	1728	1176	146	30	0.000000	Συνδέσμου
5	1	51	1	5	2	1888	1180	214	29	84.460907	Γεωργιτσιάνων
5	1	51	1	5	3	2115	1184	123	30	55.613091	᾽Αττικῆς
5	1	51	1	5	4	2251	1189	187	29	91.919533	παρακολούθη-
4	1	51	1	6	0	1728	1214	599	42	-1	
5	1	51	1	6	1	1728	1220	28	14	96.922310	σε
5	1	51	1	6	2	1771	1214	47	27	91.353638	τήν
5	1	51	1	6	3	1825	1215	92	28	0.000000	φἠδεία
5	1	51	1	6	4	1932	1225	43	14	94.294434	του
5	1	51	1	6	5	1989	1218	43	23	84.483459	καί
5	1	51	1	6	6	2043	1220	80	29	93.257309	πολύς
5	1	51	1	6	7	2135	1221	112	29	73.380432	κόσµος..
5	1	51	1	6	8	2324	1254	3	2	0.000000	᾿
3	1	51	2	0	0	1725	1250	710	105	-1	
4	1	51	2	1	0	1759	1250	674	39	-1	
5	1	51	2	1	1	1759	1250	115	29	95.944916	Στεφάνι
5	1	51	2	1	2	1890	1254	121	23	92.012360	κατέθεσε
5	1	51	2	1	3	2025	1256	14	21	90.706299	ὅ
5	1	51	2	1	4	2051	1257	125	29	66.092056	σιρόεδρος
5	1	51	2	1	5	2189	1260	44	21	96.943565	τοῦ
5	1	51	2	1	6	2247	1260	147	29	17.717651	Συνδέσμου
5	1	51	2	1	7	2408	1272	25	13	78.427864	ο..
4	1	51	2	2	0	1727	1285	708	39	-1	
5	1	51	2	2	1	1727	1285	110	30	93.091965	Γιάννης
5	1	51	2	2	2	1852	1288	121	29	71.594551	Κούτσης
5	1	51	2	2	3	1981	1292	49	21	93.297882	πού
5	1	51	2	2	4	2048	1292	183	30	90.166519	ἀποχαιρέτησε
5	1	51	2	2	5	2245	1296	44	21	93.279106	τόν
5	1	51	2	2	6	2302	1299	133	25	82.257187	µεταστάν-
4	1	51	2	3	0	1725	1322	403	33	-1	
5	1	51	2	3	1	1725	1329	31	13	93.283607	τα
5	1	51	2	3	2	1767	1322	32	27	82.969994	µέ
5	1	51	2	3	3	1813	1326	164	25	90.730240	συγκηνιτικό
5	1	51	2	3	4	1991	1326	137	29	65.650101	ἐπιιήδειο.
3	1	51	3	0	0	1843	1364	254	31	-1	
4	1	51	3	1	0	2064	1366	33	29	-1	
5	1	51	3	1	1	2064	1366	33	29	49.703171	κ
3	1	51	4	0	0	1721	1410	711	103	-1	
4	1	51	4	1	0	1755	1410	677	41	-1	
5	1	51	4	1	1	1755	1410	30	22	6.277687	'Ο
5	1	51	4	1	2	1799	1411	118	30	92.875626	Γιῶργος
5	1	51	4	1	3	1931	1414	157	30	59.253883	Κουρεμπής
5	1	51	4	1	4	2106	1419	142	28	91.707199	γεννήθηκε
5	1	51	4	1	5	2264	1421	44	21	93.196228	στό
5	1	51	4	1	6	2321	1422	111	29	86.476562	Γεωργί-
4	1	51	4	2	0	1723	1448	707	34	-1	
5	1	51	4	2	1	1723	1453	38	16	80.158669	τσι
5	1	51	4	2	2	1773	1448	121	29	2.349693	Απάρτης
5	1	51	4	2	3	1909	1452	55	29	59.252983	στίς
5	1	51	4	2	4	1982	1452	57	29	0.000000	39)
5	1	51	4	2	5	2047	1454	143	28	0.000000	19)1906
5	1	51	4	2	6	2223	1458	43	21	46.189934	καί
5	1	51	4	2	7	2304	1458	126	24	64.300697	ἀπεξίωσε
4	1	51	4	3	0	1721	1484	540	29	-1	
5	1	51	4	3	1	1721	1484	196	29	2.395859	27)4)195684.
5	1	51	4	3	2	2259	1509	2	2	22.717827	;
3	1	51	5	0	0	1718	1521	712	140	-1	
4	1	51	5	1	0	1749	1521	681	36	-1	
5	1	51	5	1	1	1749	1521	184	30	89.151749	Παντρεύτηκε
5	1	51	5	1	2	1945	1526	46	27	91.066589	τήν
5	1	51	5	1	3	2006	1526	172	30	91.066589	πατριώτισσά
5	1	51	5	1	4	2197	1539	45	14	93.287567	του
5	1	51	5	1	5	2259	1532	6	10	54.611057	᾿
5	1	51	5	1	6	2268	1532	117	24	79.370010	Αντωνία
5	1	51	5	1	7	2403	1536	27	21	96.688530	τό
4	1	51	5	2	0	1720	1557	708	37	-1	
5	1	51	5	2	1	1720	1557	74	28	93.205750	γένος
5	1	51	5	2	2	1809	1558	77	23	50.717182	᾿Ἠλία
5	1	51	5	2	3	1901	1560	6	10	55.979187	᾿
5	1	51	5	2	4	1909	1561	105	29	74.629013	Αλούπη
5	1	51	5	2	5	2028	1564	56	27	65.182076	στίς
5	1	51	5	2	6	2113	1566	175	28	43.567524	4)9)19«4δ.
5	1	51	5	2	7	2306	1568	7	10	21.143036	᾿
5	1	51	5	2	8	2315	1569	55	22	21.143036	Από
5	1	51	5	2	9	2387	1572	41	20	94.903542	τόν
4	1	51	5	3	0	1721	1591	707	42	-1	
5	1	51	5	3	1	1721	1593	62	27	84.745262	γάμο
5	1	51	5	3	2	1797	1602	43	13	93.294952	του
5	1	51	5	3	3	1853	1591	127	33	44.348923	ἀπέμτησε
5	1	51	5	3	4	1996	1598	20	21	36.310997	3
5	1	51	5	3	5	2031	1600	87	21	95.651337	παιδιά
5	1	51	5	3	6	2133	1601	42	22	89.291145	τόν
5	1	51	5	3	7	2192	1602	96	23	41.627419	Έώοπα
5	1	51	5	3	8	2315	1606	43	20	0.000000	ογαΐ
5	1	51	5	3	9	2382	1606	46	27	93.829468	τήν
4	1	51	5	4	0	1718	1628	318	33	-1	
5	1	51	5	4	1	1718	1628	83	22	70.399414	Κάτια
5	1	51	5	4	2	1815	1630	43	21	75.069351	καί
5	1	51	5	4	3	1869	1631	20	21	72.433586	ἃ
5	1	51	5	4	4	1906	1632	130	29	91.440651	ἐγγονούς.
3	1	51	6	0	0	1717	1664	709	96	-1	
4	1	51	6	1	0	1753	1664	673	41	-1	
5	1	51	6	1	1	1753	1664	159	29	48.999161	'Ὑπηρέτησε
5	1	51	6	1	2	1924	1668	42	21	81.232018	ἔπί
5	1	51	6	1	3	1975	1668	100	30	0.000000	Νδετία
5	1	51	6	1	4	2090	1671	57	22	93.260437	στόν
5	1	51	6	1	5	2162	1672	69	22	92.517540	ΟΤΕ
5	1	51	6	1	6	2245	1674	45	29	93.276917	καί
5	1	51	6	1	7	2303	1676	123	29	81.327415	παράλλη-
4	1	51	6	2	0	1717	1699	709	41	-1	
5	1	51	6	2	1	1717	1699	30	21	94.975471	λα
5	1	51	6	2	2	1761	1699	41	22	93.619507	ἐπί
5	1	51	6	2	3	1814	1702	70	27	88.111534	σειρά
5	1	51	6	2	4	1897	1702	66	23	92.639915	ἐτῶν
5	1	51	6	2	5	1977	1704	37	28	90.400314	ὣς
5	1	51	6	2	6	2027	1706	148	29	68.943604	καθηγητής
5	1	51	6	2	7	2188	1708	67	29	92.377480	οτήν
5	1	51	6	2	8	2264	1710	85	29	93.295654	Σχολή
5	1	51	6	2	9	2359	1712	67	28	35.118614	Προ-
4	1	51	6	3	0	1719	1738	482	22	-1	
5	1	51	6	3	1	1719	1738	113	19	85.619537	σωπικοῦ
5	1	51	6	3	2	1857	1738	76	22	81.390488	ΟΤΕ.
5	1	51	6	3	3	2199	1739	2	2	13.910477	'
2	1	52	0	0	0	2149	1786	185	8	-1	
3	1	52	1	0	0	2149	1786	185	8	-1	
4	1	52	1	1	0	2149	1786	185	8	-1	
5	1	52	1	1	1	2149	1786	185	8	95.000000	 
2	1	53	0	0	0	2071	1852	50	26	-1	
3	1	53	1	0	0	2071	1852	50	26	-1	
4	1	53	1	1	0	2071	1852	50	26	-1	
5	1	53	1	1	1	2071	1852	50	26	95.000000	 
2	1	54	0	0	0	1724	1881	50	10	-1	
3	1	54	1	0	0	1724	1881	50	10	-1	
4	1	54	1	1	0	1724	1881	50	10	-1	
5	1	54	1	1	1	1724	1881	50	10	95.000000	 
2	1	55	0	0	0	1998	1904	21	1	-1	
3	1	55	1	0	0	1998	1904	21	1	-1	
4	1	55	1	1	0	1998	1904	21	1	-1	
5	1	55	1	1	1	1998	1904	21	1	95.000000	 
2	1	56	0	0	0	1980	1913	26	1	-1	
3	1	56	1	0	0	1980	1913	26	1	-1	
4	1	56	1	1	0	1980	1913	26	1	-1	
5	1	56	1	1	1	1980	1913	26	1	95.000000	 
2	1	57	0	0	0	1975	1913	32	6	-1	
3	1	57	1	0	0	1975	1913	32	6	-1	
4	1	57	1	1	0	1975	1913	32	6	-1	
5	1	57	1	1	1	1975	1913	32	6	95.000000	 
2	1	58	0	0	0	1975	1914	43	4	-1	
3	1	58	1	0	0	1975	1914	43	4	-1	
4	1	58	1	1	0	1975	1914	43	4	-1	
5	1	58	1	1	1	1975	1914	43	4	95.000000	 
2	1	59	0	0	0	1975	1920	32	1	-1	
3	1	59	1	0	0	1975	1920	32	1	-1	
4	1	59	1	1	0	1975	1920	32	1	-1	
5	1	59	1	1	1	1975	1920	32	1	95.000000	 
2	1	60	0	0	0	1993	1924	25	3	-1	
3	1	60	1	0	0	1993	1924	25	3	-1	
4	1	60	1	1	0	1993	1924	25	3	-1	
5	1	60	1	1	1	1993	1924	25	3	95.000000	 
2	1	61	0	0	0	1989	1925	23	3	-1	
3	1	61	1	0	0	1989	1925	23	3	-1	
4	1	61	1	1	0	1989	1925	23	3	-1	
5	1	61	1	1	1	1989	1925	23	3	95.000000	 
2	1	62	0	0	0	1993	1927	19	1	-1	
3	1	62	1	0	0	1993	1927	19	1	-1	
4	1	62	1	1	0	1993	1927	19	1	-1	
5	1	62	1	1	1	1993	1927	19	1	95.000000	 
2	1	63	0	0	0	1996	1932	27	1	-1	
3	1	63	1	0	0	1996	1932	27	1	-1	
4	1	63	1	1	0	1996	1932	27	1	-1	
5	1	63	1	1	1	1996	1932	27	1	95.000000	 
2	1	64	0	0	0	1996	1932	27	3	-1	
3	1	64	1	0	0	1996	1932	27	3	-1	
4	1	64	1	1	0	1996	1932	27	3	-1	
5	1	64	1	1	1	1996	1932	27	3	95.000000	 
2	1	65	0	0	0	1975	1934	48	3	-1	
3	1	65	1	0	0	1975	1934	48	3	-1	
4	1	65	1	1	0	1975	1934	48	3	-1	
5	1	65	1	1	1	1975	1934	48	3	95.000000	 
2	1	66	0	0	0	1977	1941	48	3	-1	
3	1	66	1	0	0	1977	1941	48	3	-1	
4	1	66	1	1	0	1977	1941	48	3	-1	
5	1	66	1	1	1	1977	1941	48	3	95.000000	 
2	1	67	0	0	0	1977	1944	25	1	-1	
3	1	67	1	0	0	1977	1944	25	1	-1	
4	1	67	1	1	0	1977	1944	25	1	-1	
5	1	67	1	1	1	1977	1944	25	1	95.000000	 
2	1	68	0	0	0	2109	1963	18	1	-1	
3	1	68	1	0	0	2109	1963	18	1	-1	
4	1	68	1	1	0	2109	1963	18	1	-1	
5	1	68	1	1	1	2109	1963	18	1	95.000000	 
2	1	69	0	0	0	2005	1968	124	5	-1	
3	1	69	1	0	0	2005	1968	124	5	-1	
4	1	69	1	1	0	2005	1968	124	5	-1	
5	1	69	1	1	1	2005	1968	124	5	95.000000	 
2	1	70	0	0	0	1747	1971	21	1	-1	
3	1	70	1	0	0	1747	1971	21	1	-1	
4	1	70	1	1	0	1747	1971	21	1	-1	
5	1	70	1	1	1	1747	1971	21	1	95.000000	 
2	1	71	0	0	0	1987	1972	142	10	-1	
3	1	71	1	0	0	1987	1972	142	10	-1	
4	1	71	1	1	0	1987	1972	142	10	-1	
5	1	71	1	1	1	1987	1972	142	10	95.000000	 
2	1	72	0	0	0	1987	1973	142	8	-1	
3	1	72	1	0	0	1987	1973	142	8	-1	
4	1	72	1	1	0	1987	1973	142	8	-1	
5	1	72	1	1	1	1987	1973	142	8	95.000000	 
2	1	73	0	0	0	1744	1973	33	3	-1	
3	1	73	1	0	0	1744	1973	33	3	-1	
4	1	73	1	1	0	1744	1973	33	3	-1	
5	1	73	1	1	1	1744	1973	33	3	95.000000	 
2	1	74	0	0	0	1987	1975	142	7	-1	
3	1	74	1	0	0	1987	1975	142	7	-1	
4	1	74	1	1	0	1987	1975	142	7	-1	
5	1	74	1	1	1	1987	1975	142	7	95.000000	 
2	1	75	0	0	0	1772	1962	3	22	-1	
3	1	75	1	0	0	1772	1962	3	22	-1	
4	1	75	1	1	0	1772	1962	3	22	-1	
5	1	75	1	1	1	1772	1962	3	22	95.000000	 
2	1	76	0	0	0	1995	1980	136	8	-1	
3	1	76	1	0	0	1995	1980	136	8	-1	
4	1	76	1	1	0	1995	1980	136	8	-1	
5	1	76	1	1	1	1995	1980	136	8	95.000000	 
2	1	77	0	0	0	1995	1982	138	5	-1	
3	1	77	1	0	0	1995	1982	138	5	-1	
4	1	77	1	1	0	1995	1982	138	5	-1	
5	1	77	1	1	1	1995	1982	138	5	95.000000	 
2	1	78	0	0	0	1995	1984	138	5	-1	
3	1	78	1	0	0	1995	1984	138	5	-1	
4	1	78	1	1	0	1995	1984	138	5	-1	
5	1	78	1	1	1	1995	1984	138	5	95.000000	 
2	1	79	0	0	0	1730	1987	18	1	-1	
3	1	79	1	0	0	1730	1987	18	1	-1	
4	1	79	1	1	0	1730	1987	18	1	-1	
5	1	79	1	1	1	1730	1987	18	1	95.000000	 
2	1	80	0	0	0	1997	1991	132	5	-1	
3	1	80	1	0	0	1997	1991	132	5	-1	
4	1	80	1	1	0	1997	1991	132	5	-1	
5	1	80	1	1	1	1997	1991	132	5	95.000000	 
2	1	81	0	0	0	1739	1980	1	20	-1	
3	1	81	1	0	0	1739	1980	1	20	-1	
4	1	81	1	1	0	1739	1980	1	20	-1	
5	1	81	1	1	1	1739	1980	1	20	95.000000	 
2	1	82	0	0	0	1997	1993	127	3	-1	
3	1	82	1	0	0	1997	1993	127	3	-1	
4	1	82	1	1	0	1997	1993	127	3	-1	
5	1	82	1	1	1	1997	1993	127	3	95.000000	 
2	1	83	0	0	0	1980	1996	156	5	-1	
3	1	83	1	0	0	1980	1996	156	5	-1	
4	1	83	1	1	0	1980	1996	156	5	-1	
5	1	83	1	1	1	1980	1996	156	5	95.000000	 
2	1	84	0	0	0	1739	1994	25	1	-1	
3	1	84	1	0	0	1739	1994	25	1	-1	
4	1	84	1	1	0	1739	1994	25	1	-1	
5	1	84	1	1	1	1739	1994	25	1	95.000000	 
2	1	85	0	0	0	1980	1998	144	5	-1	
3	1	85	1	0	0	1980	1998	144	5	-1	
4	1	85	1	1	0	1980	1998	144	5	-1	
5	1	85	1	1	1	1980	1998	144	5	95.000000	 
2	1	86	0	0	0	1753	1996	19	3	-1	
3	1	86	1	0	0	1753	1996	19	3	-1	
4	1	86	1	1	0	1753	1996	19	3	-1	
5	1	86	1	1	1	1753	1996	19	3	95.000000	 
2	1	87	0	0	0	1742	1999	20	1	-1	
3	1	87	1	0	0	1742	1999	20	1	-1	
4	1	87	1	1	0	1742	1999	20	1	-1	
5	1	87	1	1	1	1742	1999	20	1	95.000000	 
2	1	88	0	0	0	1756	1970	3	37	-1	
3	1	88	1	0	0	1756	1970	3	37	-1	
4	1	88	1	1	0	1756	1970	3	37	-1	
5	1	88	1	1	1	1756	1970	3	37	95.000000	 
2	1	89	0	0	0	1744	1984	1	21	-1	
3	1	89	1	0	0	1744	1984	1	21	-1	
4	1	89	1	1	0	1744	1984	1	21	-1	
5	1	89	1	1	1	1744	1984	1	21	95.000000	 
2	1	90	0	0	0	1758	1990	1	17	-1	
3	1	90	1	0	0	1758	1990	1	17	-1	
4	1	90	1	1	0	1758	1990	1	17	-1	
5	1	90	1	1	1	1758	1990	1	17	95.000000	 
2	1	91	0	0	0	1994	2005	146	4	-1	
3	1	91	1	0	0	1994	2005	146	4	-1	
4	1	91	1	1	0	1994	2005	146	4	-1	
5	1	91	1	1	1	1994	2005	146	4	95.000000	 
2	1	92	0	0	0	1994	2005	146	4	-1	
3	1	92	1	0	0	1994	2005	146	4	-1	
4	1	92	1	1	0	1994	2005	146	4	-1	
5	1	92	1	1	1	1994	2005	146	4	95.000000	 
2	1	93	0	0	0	1831	2003	309	9	-1	
3	1	93	1	0	0	1831	2003	309	9	-1	
4	1	93	1	1	0	1831	2003	309	9	-1	
5	1	93	1	1	1	1831	2003	309	9	95.000000	 
2	1	94	0	0	0	1836	1998	1	18	-1	
3	1	94	1	0	0	1836	1998	1	18	-1	
4	1	94	1	1	0	1836	1998	1	18	-1	
5	1	94	1	1	1	1836	1998	1	18	95.000000	 
2	1	95	0	0	0	1722	2007	416	11	-1	
3	1	95	1	0	0	1722	2007	416	11	-1	
4	1	95	1	1	0	1722	2007	416	11	-1	
5	1	95	1	1	1	1722	2007	416	11	95.000000	 
2	1	96	0	0	0	1722	2004	420	19	-1	
3	1	96	1	0	0	1722	2004	420	19	-1	
4	1	96	1	1	0	1722	2004	420	19	-1	
5	1	96	1	1	1	1722	2004	420	19	95.000000	 
2	1	97	0	0	0	1722	2005	420	17	-1	
3	1	97	1	0	0	1722	2005	420	17	-1	
4	1	97	1	1	0	1722	2005	420	17	-1	
5	1	97	1	1	1	1722	2005	420	17	95.000000	 
2	1	98	0	0	0	1786	2003	1	18	-1	
3	1	98	1	0	0	1786	2003	1	18	-1	
4	1	98	1	1	0	1786	2003	1	18	-1	
5	1	98	1	1	1	1786	2003	1	18	95.000000	 
2	1	99	0	0	0	1722	2004	418	21	-1	
3	1	99	1	0	0	1722	2004	418	21	-1	
4	1	99	1	1	0	1722	2004	418	21	-1	
5	1	99	1	1	1	1722	2004	418	21	95.000000	 
2	1	100	0	0	0	1715	2011	423	9	-1	
3	1	100	1	0	0	1715	2011	423	9	-1	
4	1	100	1	1	0	1715	2011	423	9	-1	
5	1	100	1	1	1	1715	2011	423	9	95.000000	 
2	1	101	0	0	0	1722	2010	416	14	-1	
3	1	101	1	0	0	1722	2010	416	14	-1	
4	1	101	1	1	0	1722	2010	416	14	-1	
5	1	101	1	1	1	1722	2010	416	14	95.000000	 
2	1	102	0	0	0	1722	2010	416	14	-1	
3	1	102	1	0	0	1722	2010	416	14	-1	
4	1	102	1	1	0	1722	2010	416	14	-1	
5	1	102	1	1	1	1722	2010	416	14	95.000000	 
2	1	103	0	0	0	1850	2006	1	20	-1	
3	1	103	1	0	0	1850	2006	1	20	-1	
4	1	103	1	1	0	1850	2006	1	20	-1	
5	1	103	1	1	1	1850	2006	1	20	95.000000	 
2	1	104	0	0	0	1710	2008	428	19	-1	
3	1	104	1	0	0	1710	2008	428	19	-1	
4	1	104	1	1	0	1710	2008	428	19	-1	
5	1	104	1	1	1	1710	2008	428	19	95.000000	 
2	1	105	0	0	0	1722	2011	416	14	-1	
3	1	105	1	0	0	1722	2011	416	14	-1	
4	1	105	1	1	0	1722	2011	416	14	-1	
5	1	105	1	1	1	1722	2011	416	14	95.000000	 
2	1	106	0	0	0	1786	2011	352	16	-1	
3	1	106	1	0	0	1786	2011	352	16	-1	
4	1	106	1	1	0	1786	2011	352	16	-1	
5	1	106	1	1	1	1786	2011	352	16	95.000000	 
2	1	107	0	0	0	1710	2018	429	8	-1	
3	1	107	1	0	0	1710	2018	429	8	-1	
4	1	107	1	1	0	1710	2018	429	8	-1	
5	1	107	1	1	1	1710	2018	429	8	95.000000	 
2	1	108	0	0	0	1710	2019	418	8	-1	
3	1	108	1	0	0	1710	2019	418	8	-1	
4	1	108	1	1	0	1710	2019	418	8	-1	
5	1	108	1	1	1	1710	2019	418	8	95.000000	 
2	1	109	0	0	0	1710	2020	418	7	-1	
3	1	109	1	0	0	1710	2020	418	7	-1	
4	1	109	1	1	0	1710	2020	418	7	-1	
5	1	109	1	1	1	1710	2020	418	7	95.000000	 
2	1	110	0	0	0	1975	1898	7	148	-1	
3	1	110	1	0	0	1975	1898	7	148	-1	
4	1	110	1	1	0	1975	1898	7	148	-1	
5	1	110	1	1	1	1975	1898	7	148	95.000000	 
2	1	111	0	0	0	1984	1901	5	150	-1	
3	1	111	1	0	0	1984	1901	5	150	-1	
4	1	111	1	1	0	1984	1901	5	150	-1	
5	1	111	1	1	1	1984	1901	5	150	95.000000	 
2	1	112	0	0	0	1985	1901	5	150	-1	
3	1	112	1	0	0	1985	1901	5	150	-1	
4	1	112	1	1	0	1985	1901	5	150	-1	
5	1	112	1	1	1	1985	1901	5	150	95.000000	 
2	1	113	0	0	0	1801	1979	4	54	-1	
3	1	113	1	0	0	1801	1979	4	54	-1	
4	1	113	1	1	0	1801	1979	4	54	-1	
5	1	113	1	1	1	1801	1979	4	54	95.000000	 
2	1	114	0	0	0	1713	1975	5	71	-1	
3	1	114	1	0	0	1713	1975	5	71	-1	
4	1	114	1	1	0	1713	1975	5	71	-1	
5	1	114	1	1	1	1713	1975	5	71	95.000000	 
2	1	115	0	0	0	1851	2008	3	31	-1	
3	1	115	1	0	0	1851	2008	3	31	-1	
4	1	115	1	1	0	1851	2008	3	31	-1	
5	1	115	1	1	1	1851	2008	3	31	95.000000	 
2	1	116	0	0	0	1863	2016	3	17	-1	
3	1	116	1	0	0	1863	2016	3	17	-1	
4	1	116	1	1	0	1863	2016	3	17	-1	
5	1	116	1	1	1	1863	2016	3	17	95.000000	 
2	1	117	0	0	0	1799	2020	329	14	-1	
3	1	117	1	0	0	1799	2020	329	14	-1	
4	1	117	1	1	0	1799	2020	329	14	-1	
5	1	117	1	1	1	1799	2020	329	14	95.000000	 
2	1	118	0	0	0	1806	2017	3	18	-1	
3	1	118	1	0	0	1806	2017	3	18	-1	
4	1	118	1	1	0	1806	2017	3	18	-1	
5	1	118	1	1	1	1806	2017	3	18	95.000000	 
2	1	119	0	0	0	1865	2016	3	21	-1	
3	1	119	1	0	0	1865	2016	3	21	-1	
4	1	119	1	1	0	1865	2016	3	21	-1	
5	1	119	1	1	1	1865	2016	3	21	95.000000	 
2	1	120	0	0	0	2052	2030	85	2	-1	
3	1	120	1	0	0	2052	2030	85	2	-1	
4	1	120	1	1	0	2052	2030	85	2	-1	
5	1	120	1	1	1	2052	2030	85	2	95.000000	 
2	1	121	0	0	0	1711	2027	434	11	-1	
3	1	121	1	0	0	1711	2027	434	11	-1	
4	1	121	1	1	0	1711	2027	434	11	-1	
5	1	121	1	1	1	1711	2027	434	11	95.000000	 
2	1	122	0	0	0	1798	2029	338	9	-1	
3	1	122	1	0	0	1798	2029	338	9	-1	
4	1	122	1	1	0	1798	2029	338	9	-1	
5	1	122	1	1	1	1798	2029	338	9	95.000000	 
2	1	123	0	0	0	1712	2028	424	16	-1	
3	1	123	1	0	0	1712	2028	424	16	-1	
4	1	123	1	1	0	1712	2028	424	16	-1	
5	1	123	1	1	1	1712	2028	424	16	95.000000	 
2	1	124	0	0	0	1712	2029	423	13	-1	
3	1	124	1	0	0	1712	2029	423	13	-1	
4	1	124	1	1	0	1712	2029	423	13	-1	
5	1	124	1	1	1	1712	2029	423	13	95.000000	 
2	1	125	0	0	0	1712	2032	423	8	-1	
3	1	125	1	0	0	1712	2032	423	8	-1	
4	1	125	1	1	0	1712	2032	423	8	-1	
5	1	125	1	1	1	1712	2032	423	8	95.000000	 
2	1	126	0	0	0	1712	2031	423	13	-1	
3	1	126	1	0	0	1712	2031	423	13	-1	
4	1	126	1	1	0	1712	2031	423	13	-1	
5	1	126	1	1	1	1712	2031	423	13	95.000000	 
2	1	127	0	0	0	1886	2033	249	14	-1	
3	1	127	1	0	0	1886	2033	249	14	-1	
4	1	127	1	1	0	1886	2033	249	14	-1	
5	1	127	1	1	1	1886	2033	249	14	95.000000	 
2	1	128	0	0	0	1885	2033	250	15	-1	
3	1	128	1	0	0	1885	2033	250	15	-1	
4	1	128	1	1	0	1885	2033	250	15	-1	
5	1	128	1	1	1	1885	2033	250	15	95.000000	 
2	1	129	0	0	0	1886	2035	258	11	-1	
3	1	129	1	0	0	1886	2035	258	11	-1	
4	1	129	1	1	0	1886	2035	258	11	-1	
5	1	129	1	1	1	1886	2035	258	11	95.000000	 
2	1	130	0	0	0	1886	2041	243	7	-1	
3	1	130	1	0	0	1886	2041	243	7	-1	
4	1	130	1	1	0	1886	2041	243	7	-1	
5	1	130	1	1	1	1886	2041	243	7	95.000000	 
2	1	131	0	0	0	1886	2040	253	9	-1	
3	1	131	1	0	0	1886	2040	253	9	-1	
4	1	131	1	1	0	1886	2040	253	9	-1	
5	1	131	1	1	1	1886	2040	253	9	95.000000	 
2	1	132	0	0	0	1886	2042	243	9	-1	
3	1	132	1	0	0	1886	2042	243	9	-1	
4	1	132	1	1	0	1886	2042	243	9	-1	
5	1	132	1	1	1	1886	2042	243	9	95.000000	 
2	1	133	0	0	0	1886	2044	243	6	-1	
3	1	133	1	0	0	1886	2044	243	6	-1	
4	1	133	1	1	0	1886	2044	243	6	-1	
5	1	133	1	1	1	1886	2044	243	6	95.000000	 
2	1	134	0	0	0	1886	2043	243	7	-1	
3	1	134	1	0	0	1886	2043	243	7	-1	
4	1	134	1	1	0	1886	2043	243	7	-1	
5	1	134	1	1	1	1886	2043	243	7	95.000000	 
2	1	135	0	0	0	1886	2040	260	14	-1	
3	1	135	1	0	0	1886	2040	260	14	-1	
4	1	135	1	1	0	1886	2040	260	14	-1	
5	1	135	1	1	1	1886	2040	260	14	95.000000	 
2	1	136	0	0	0	1851	2043	278	9	-1	
3	1	136	1	0	0	1851	2043	278	9	-1	
4	1	136	1	1	0	1851	2043	278	9	-1	
5	1	136	1	1	1	1851	2043	278	9	95.000000	 
2	1	137	0	0	0	1851	2043	278	9	-1	
3	1	137	1	0	0	1851	2043	278	9	-1	
4	1	137	1	1	0	1851	2043	278	9	-1	
5	1	137	1	1	1	1851	2043	278	9	95.000000	 
2	1	138	0	0	0	1886	2044	243	7	-1	
3	1	138	1	0	0	1886	2044	243	7	-1	
4	1	138	1	1	0	1886	2044	243	7	-1	
5	1	138	1	1	1	1886	2044	243	7	95.000000	 
2	1	139	0	0	0	1886	2041	260	13	-1	
3	1	139	1	0	0	1886	2041	260	13	-1	
4	1	139	1	1	0	1886	2041	260	13	-1	
5	1	139	1	1	1	1886	2041	260	13	95.000000	 
2	1	140	0	0	0	1886	2041	262	13	-1	
3	1	140	1	0	0	1886	2041	262	13	-1	
4	1	140	1	1	0	1886	2041	262	13	-1	
5	1	140	1	1	1	1886	2041	262	13	95.000000	 
2	1	141	0	0	0	1712	2044	27	1	-1	
3	1	141	1	0	0	1712	2044	27	1	-1	
4	1	141	1	1	0	1712	2044	27	1	-1	
5	1	141	1	1	1	1712	2044	27	1	95.000000	 
2	1	142	0	0	0	1851	2043	278	11	-1	
3	1	142	1	0	0	1851	2043	278	11	-1	
4	1	142	1	1	0	1851	2043	278	11	-1	
5	1	142	1	1	1	1851	2043	278	11	95.000000	 
2	1	143	0	0	0	1851	2043	278	11	-1	
3	1	143	1	0	0	1851	2043	278	11	-1	
4	1	143	1	1	0	1851	2043	278	11	-1	
5	1	143	1	1	1	1851	2043	278	11	95.000000	 
2	1	144	0	0	0	1977	1898	8	158	-1	
3	1	144	1	0	0	1977	1898	8	158	-1	
4	1	144	1	1	0	1977	1898	8	158	-1	
5	1	144	1	1	1	1977	1898	8	158	95.000000	 
2	1	145	0	0	0	1977	1898	6	165	-1	
3	1	145	1	0	0	1977	1898	6	165	-1	
4	1	145	1	1	0	1977	1898	6	165	-1	
5	1	145	1	1	1	1977	1898	6	165	95.000000	 
2	1	146	0	0	0	1984	1901	8	160	-1	
3	1	146	1	0	0	1984	1901	8	160	-1	
4	1	146	1	1	0	1984	1901	8	160	-1	
5	1	146	1	1	1	1984	1901	8	160	95.000000	 
2	1	147	0	0	0	1998	1903	5	168	-1	
3	1	147	1	0	0	1998	1903	5	168	-1	
4	1	147	1	1	0	1998	1903	5	168	-1	
5	1	147	1	1	1	1998	1903	5	168	95.000000	 
2	1	148	0	0	0	2002	1918	5	153	-1	
3	1	148	1	0	0	2002	1918	5	153	-1	
4	1	148	1	1	0	2002	1918	5	153	-1	
5	1	148	1	1	1	2002	1918	5	153	95.000000	 
2	1	149	0	0	0	2019	1931	5	141	-1	
3	1	149	1	0	0	2019	1931	5	141	-1	
4	1	149	1	1	0	2019	1931	5	141	-1	
5	1	149	1	1	1	2019	1931	5	141	95.000000	 
2	1	150	0	0	0	2021	1932	6	140	-1	
3	1	150	1	0	0	2021	1932	6	140	-1	
4	1	150	1	1	0	2021	1932	6	140	-1	
5	1	150	1	1	1	2021	1932	6	140	95.000000	 
2	1	151	0	0	0	2019	1934	7	138	-1	
3	1	151	1	0	0	2019	1934	7	138	-1	
4	1	151	1	1	0	2019	1934	7	138	-1	
5	1	151	1	1	1	2019	1934	7	138	95.000000	 
2	1	152	0	0	0	1712	1975	2	76	-1	
3	1	152	1	0	0	1712	1975	2	76	-1	
4	1	152	1	1	0	1712	1975	2	76	-1	
5	1	152	1	1	1	1712	1975	2	76	95.000000	 
2	1	153	0	0	0	1761	1970	6	91	-1	
3	1	153	1	0	0	1761	1970	6	91	-1	
4	1	153	1	1	0	1761	1970	6	91	-1	
5	1	153	1	1	1	1761	1970	6	91	95.000000	 
2	1	154	0	0	0	2054	1976	3	102	-1	
3	1	154	1	0	0	2054	1976	3	102	-1	
4	1	154	1	1	0	2054	1976	3	102	-1	
5	1	154	1	1	1	2054	1976	3	102	95.000000	 
2	1	155	0	0	0	2054	1976	3	102	-1	
3	1	155	1	0	0	2054	1976	3	102	-1	
4	1	155	1	1	0	2054	1976	3	102	-1	
5	1	155	1	1	1	2054	1976	3	102	95.000000	 
2	1	156	0	0	0	1858	2013	2	50	-1	
3	1	156	1	0	0	1858	2013	2	50	-1	
4	1	156	1	1	0	1858	2013	2	50	-1	
5	1	156	1	1	1	1858	2013	2	50	95.000000	 
2	1	157	0	0	0	1869	2018	4	43	-1	
3	1	157	1	0	0	1869	2018	4	43	-1	
4	1	157	1	1	0	1869	2018	4	43	-1	
5	1	157	1	1	1	1869	2018	4	43	95.000000	 
2	1	158	0	0	0	2028	2026	3	31	-1	
3	1	158	1	0	0	2028	2026	3	31	-1	
4	1	158	1	1	0	2028	2026	3	31	-1	
5	1	158	1	1	1	2028	2026	3	31	95.000000	 
2	1	159	0	0	0	1867	2028	3	25	-1	
3	1	159	1	0	0	1867	2028	3	25	-1	
4	1	159	1	1	0	1867	2028	3	25	-1	
5	1	159	1	1	1	1867	2028	3	25	95.000000	 
2	1	160	0	0	0	1886	2029	3	25	-1	
3	1	160	1	0	0	1886	2029	3	25	-1	
4	1	160	1	1	0	1886	2029	3	25	-1	
5	1	160	1	1	1	1886	2029	3	25	95.000000	 
2	1	161	0	0	0	1894	2033	1	20	-1	
3	1	161	1	0	0	1894	2033	1	20	-1	
4	1	161	1	1	0	1894	2033	1	20	-1	
5	1	161	1	1	1	1894	2033	1	20	95.000000	 
2	1	162	0	0	0	2070	2030	3	37	-1	
3	1	162	1	0	0	2070	2030	3	37	-1	
4	1	162	1	1	0	2070	2030	3	37	-1	
5	1	162	1	1	1	2070	2030	3	37	95.000000	 
2	1	163	0	0	0	1872	2021	3	52	-1	
3	1	163	1	0	0	1872	2021	3	52	-1	
4	1	163	1	1	0	1872	2021	3	52	-1	
5	1	163	1	1	1	1872	2021	3	52	95.000000	 
2	1	164	0	0	0	1875	2034	1	27	-1	
3	1	164	1	0	0	1875	2034	1	27	-1	
4	1	164	1	1	0	1875	2034	1	27	-1	
5	1	164	1	1	1	1875	2034	1	27	95.000000	 
2	1	165	0	0	0	1901	2038	1	21	-1	
3	1	165	1	0	0	1901	2038	1	21	-1	
4	1	165	1	1	0	1901	2038	1	21	-1	
5	1	165	1	1	1	1901	2038	1	21	95.000000	 
2	1	166	0	0	0	1891	2038	1	21	-1	
3	1	166	1	0	0	1891	2038	1	21	-1	
4	1	166	1	1	0	1891	2038	1	21	-1	
5	1	166	1	1	1	1891	2038	1	21	95.000000	 
2	1	167	0	0	0	1899	2038	1	21	-1	
3	1	167	1	0	0	1899	2038	1	21	-1	
4	1	167	1	1	0	1899	2038	1	21	-1	
5	1	167	1	1	1	1899	2038	1	21	95.000000	 
2	1	168	0	0	0	1889	2041	1	18	-1	
3	1	168	1	0	0	1889	2041	1	18	-1	
4	1	168	1	1	0	1889	2041	1	18	-1	
5	1	168	1	1	1	1889	2041	1	18	95.000000	 
2	1	169	0	0	0	1896	2042	1	20	-1	
3	1	169	1	0	0	1896	2042	1	20	-1	
4	1	169	1	1	0	1896	2042	1	20	-1	
5	1	169	1	1	1	1896	2042	1	20	95.000000	 
2	1	170	0	0	0	1851	2050	295	10	-1	
3	1	170	1	0	0	1851	2050	295	10	-1	
4	1	170	1	1	0	1851	2050	295	10	-1	
5	1	170	1	1	1	1851	2050	295	10	95.000000	 
2	1	171	0	0	0	1913	2044	1	20	-1	
3	1	171	1	0	0	1913	2044	1	20	-1	
4	1	171	1	1	0	1913	2044	1	20	-1	
5	1	171	1	1	1	1913	2044	1	20	95.000000	 
2	1	172	0	0	0	2069	2048	1	18	-1	
3	1	172	1	0	0	2069	2048	1	18	-1	
4	1	172	1	1	0	2069	2048	1	18	-1	
5	1	172	1	1	1	2069	2048	1	18	95.000000	 
2	1	173	0	0	0	1851	2051	295	11	-1	
3	1	173	1	0	0	1851	2051	295	11	-1	
4	1	173	1	1	0	1851	2051	295	11	-1	
5	1	173	1	1	1	1851	2051	295	11	95.000000	 
2	1	174	0	0	0	1917	2048	1	24	-1	
3	1	174	1	0	0	1917	2048	1	24	-1	
4	1	174	1	1	0	1917	2048	1	24	-1	
5	1	174	1	1	1	1917	2048	1	24	95.000000	 
2	1	175	0	0	0	1903	2059	245	7	-1	
3	1	175	1	0	0	1903	2059	245	7	-1	
4	1	175	1	1	0	1903	2059	245	7	-1	
5	1	175	1	1	1	1903	2059	245	7	95.000000	 
2	1	176	0	0	0	1903	2063	247	6	-1	
3	1	176	1	0	0	1903	2063	247	6	-1	
4	1	176	1	1	0	1903	2063	247	6	-1	
5	1	176	1	1	1	1903	2063	247	6	95.000000	 
2	1	177	0	0	0	1919	2054	231	24	-1	
3	1	177	1	0	0	1919	2054	231	24	-1	
4	1	177	1	1	0	1919	2054	231	24	-1	
5	1	177	1	1	1	1919	2054	231	24	95.000000	 
2	1	178	0	0	0	2016	2064	132	7	-1	
3	1	178	1	0	0	2016	2064	132	7	-1	
4	1	178	1	1	0	2016	2064	132	7	-1	
5	1	178	1	1	1	2016	2064	132	7	95.000000	 
2	1	179	0	0	0	1919	2059	220	19	-1	
3	1	179	1	0	0	1919	2059	220	19	-1	
4	1	179	1	1	0	1919	2059	220	19	-1	
5	1	179	1	1	1	1919	2059	220	19	95.000000	 
2	1	180	0	0	0	2001	2066	138	5	-1	
3	1	180	1	0	0	2001	2066	138	5	-1	
4	1	180	1	1	0	2001	2066	138	5	-1	
5	1	180	1	1	1	2001	2066	138	5	95.000000	 
2	1	181	0	0	0	1919	2067	224	6	-1	
3	1	181	1	0	0	1919	2067	224	6	-1	
4	1	181	1	1	0	1919	2067	224	6	-1	
5	1	181	1	1	1	1919	2067	224	6	95.000000	 
2	1	182	0	0	0	1919	2066	231	11	-1	
3	1	182	1	0	0	1919	2066	231	11	-1	
4	1	182	1	1	0	1919	2066	231	11	-1	
5	1	182	1	1	1	1919	2066	231	11	95.000000	 
2	1	183	0	0	0	1919	2066	220	12	-1	
3	1	183	1	0	0	1919	2066	220	12	-1	
4	1	183	1	1	0	1919	2066	220	12	-1	
5	1	183	1	1	1	1919	2066	220	12	95.000000	 
2	1	184	0	0	0	1919	2073	225	6	-1	
3	1	184	1	0	0	1919	2073	225	6	-1	
4	1	184	1	1	0	1919	2073	225	6	-1	
5	1	184	1	1	1	1919	2073	225	6	95.000000	 
2	1	185	0	0	0	2010	1898	10	183	-1	
3	1	185	1	0	0	2010	1898	10	183	-1	
4	1	185	1	1	0	2010	1898	10	183	-1	
5	1	185	1	1	1	2010	1898	10	183	95.000000	 
2	1	186	0	0	0	2016	1932	7	149	-1	
3	1	186	1	0	0	2016	1932	7	149	-1	
4	1	186	1	1	0	2016	1932	7	149	-1	
5	1	186	1	1	1	2016	1932	7	149	95.000000	 
2	1	187	0	0	0	2023	1934	4	150	-1	
3	1	187	1	0	0	2023	1934	4	150	-1	
4	1	187	1	1	0	2023	1934	4	150	-1	
5	1	187	1	1	1	2023	1934	4	150	95.000000	 
2	1	188	0	0	0	2050	1978	3	109	-1	
3	1	188	1	0	0	2050	1978	3	109	-1	
4	1	188	1	1	0	2050	1978	3	109	-1	
5	1	188	1	1	1	2050	1978	3	109	95.000000	 
2	1	189	0	0	0	2047	1986	5	101	-1	
3	1	189	1	0	0	2047	1986	5	101	-1	
4	1	189	1	1	0	2047	1986	5	101	-1	
5	1	189	1	1	1	2047	1986	5	101	95.000000	 
2	1	190	0	0	0	2047	1986	7	101	-1	
3	1	190	1	0	0	2047	1986	7	101	-1	
4	1	190	1	1	0	2047	1986	7	101	-1	
5	1	190	1	1	1	2047	1986	7	101	95.000000	 
2	1	191	0	0	0	1931	2056	1	23	-1	
3	1	191	1	0	0	1931	2056	1	23	-1	
4	1	191	1	1	0	1931	2056	1	23	-1	
5	1	191	1	1	1	1931	2056	1	23	95.000000	 
2	1	192	0	0	0	2045	2061	1	18	-1	
3	1	192	1	0	0	2045	2061	1	18	-1	
4	1	192	1	1	0	2045	2061	1	18	-1	
5	1	192	1	1	1	2045	2061	1	18	95.000000	 
2	1	193	0	0	0	1929	2062	1	17	-1	
3	1	193	1	0	0	1929	2062	1	17	-1	
4	1	193	1	1	0	1929	2062	1	17	-1	
5	1	193	1	1	1	1929	2062	1	17	95.000000	 
2	1	194	0	0	0	1941	2061	1	21	-1	
3	1	194	1	0	0	1941	2061	1	21	-1	
4	1	194	1	1	0	1941	2061	1	21	-1	
5	1	194	1	1	1	1941	2061	1	21	95.000000	 
2	1	195	0	0	0	1926	2070	218	10	-1	
3	1	195	1	0	0	1926	2070	218	10	-1	
4	1	195	1	1	0	1926	2070	218	10	-1	
5	1	195	1	1	1	1926	2070	218	10	95.000000	 
2	1	196	0	0	0	1926	2073	200	7	-1	
3	1	196	1	0	0	1926	2073	200	7	-1	
4	1	196	1	1	0	1926	2073	200	7	-1	
5	1	196	1	1	1	1926	2073	200	7	95.000000	 
2	1	197	0	0	0	1926	2076	209	4	-1	
3	1	197	1	0	0	1926	2076	209	4	-1	
4	1	197	1	1	0	1926	2076	209	4	-1	
5	1	197	1	1	1	1926	2076	209	4	95.000000	 
2	1	198	0	0	0	2018	2077	108	5	-1	
3	1	198	1	0	0	2018	2077	108	5	-1	
4	1	198	1	1	0	2018	2077	108	5	-1	
5	1	198	1	1	1	2018	2077	108	5	95.000000	 
2	1	199	0	0	0	1964	2074	1	17	-1	
3	1	199	1	0	0	1964	2074	1	17	-1	
4	1	199	1	1	0	1964	2074	1	17	-1	
5	1	199	1	1	1	1964	2074	1	17	95.000000	 
2	1	200	0	0	0	2057	2084	97	5	-1	
3	1	200	1	0	0	2057	2084	97	5	-1	
4	1	200	1	1	0	2057	2084	97	5	-1	
5	1	200	1	1	1	2057	2084	97	5	95.000000	 
2	1	201	0	0	0	2057	2085	100	4	-1	
3	1	201	1	0	0	2057	2085	100	4	-1	
4	1	201	1	1	0	2057	2085	100	4	-1	
5	1	201	1	1	1	2057	2085	100	4	95.000000	 
2	1	202	0	0	0	2057	2085	95	6	-1	
3	1	202	1	0	0	2057	2085	95	6	-1	
4	1	202	1	1	0	2057	2085	95	6	-1	
5	1	202	1	1	1	2057	2085	95	6	95.000000	 
2	1	203	0	0	0	2054	2087	98	5	-1	
3	1	203	1	0	0	2054	2087	98	5	-1	
4	1	203	1	1	0	2054	2087	98	5	-1	
5	1	203	1	1	1	2054	2087	98	5	95.000000	 
2	1	204	0	0	0	2065	2090	87	6	-1	
3	1	204	1	0	0	2065	2090	87	6	-1	
4	1	204	1	1	0	2065	2090	87	6	-1	
5	1	204	1	1	1	2065	2090	87	6	95.000000	 
2	1	205	0	0	0	2086	2092	73	4	-1	
3	1	205	1	0	0	2086	2092	73	4	-1	
4	1	205	1	1	0	2086	2092	73	4	-1	
5	1	205	1	1	1	2086	2092	73	4	95.000000	 
2	1	206	0	0	0	2060	2095	99	4	-1	
3	1	206	1	0	0	2060	2095	99	4	-1	
4	1	206	1	1	0	2060	2095	99	4	-1	
5	1	206	1	1	1	2060	2095	99	4	95.000000	 
2	1	207	0	0	0	2071	2095	88	4	-1	
3	1	207	1	0	0	2071	2095	88	4	-1	
4	1	207	1	1	0	2071	2095	88	4	-1	
5	1	207	1	1	1	2071	2095	88	4	95.000000	 
2	1	208	0	0	0	2071	2096	88	5	-1	
3	1	208	1	0	0	2071	2096	88	5	-1	
4	1	208	1	1	0	2071	2096	88	5	-1	
5	1	208	1	1	1	2071	2096	88	5	95.000000	 
2	1	209	0	0	0	1992	1903	8	212	-1	
3	1	209	1	0	0	1992	1903	8	212	-1	
4	1	209	1	1	0	1992	1903	8	212	-1	
5	1	209	1	1	1	1992	1903	8	212	95.000000	 
2	1	210	0	0	0	2006	1898	8	223	-1	
3	1	210	1	0	0	2006	1898	8	223	-1	
4	1	210	1	1	0	2006	1898	8	223	-1	
5	1	210	1	1	1	2006	1898	8	223	95.000000	 
2	1	211	0	0	0	2001	1918	10	203	-1	
3	1	211	1	0	0	2001	1918	10	203	-1	
4	1	211	1	1	0	2001	1918	10	203	-1	
5	1	211	1	1	1	2001	1918	10	203	95.000000	 
2	1	212	0	0	0	1991	1988	5	127	-1	
3	1	212	1	0	0	1991	1988	5	127	-1	
4	1	212	1	1	0	1991	1988	5	127	-1	
5	1	212	1	1	1	1991	1988	5	127	95.000000	 
2	1	213	0	0	0	1992	1988	5	127	-1	
3	1	213	1	0	0	1992	1988	5	127	-1	
4	1	213	1	1	0	1992	1988	5	127	-1	
5	1	213	1	1	1	1992	1988	5	127	95.000000	 
2	1	214	0	0	0	1981	2096	166	11	-1	
3	1	214	1	0	0	1981	2096	166	11	-1	
4	1	214	1	1	0	1981	2096	166	11	-1	
5	1	214	1	1	1	1981	2096	166	11	95.000000	 
2	1	215	0	0	0	1987	2101	159	6	-1	
3	1	215	1	0	0	1987	2101	159	6	-1	
4	1	215	1	1	0	1987	2101	159	6	-1	
5	1	215	1	1	1	1987	2101	159	6	95.000000	 
2	1	216	0	0	0	1999	2107	159	5	-1	
3	1	216	1	0	0	1999	2107	159	5	-1	
4	1	216	1	1	0	1999	2107	159	5	-1	
5	1	216	1	1	1	1999	2107	159	5	95.000000	 
2	1	217	0	0	0	1999	2108	159	7	-1	
3	1	217	1	0	0	1999	2108	159	7	-1	
4	1	217	1	1	0	1999	2108	159	7	-1	
5	1	217	1	1	1	1999	2108	159	7	95.000000	 
2	1	218	0	0	0	1999	2108	159	7	-1	
3	1	218	1	0	0	1999	2108	159	7	-1	
4	1	218	1	1	0	1999	2108	159	7	-1	
5	1	218	1	1	1	1999	2108	159	7	95.000000	 
2	1	219	0	0	0	1999	2110	159	5	-1	
3	1	219	1	0	0	1999	2110	159	5	-1	
4	1	219	1	1	0	1999	2110	159	5	-1	
5	1	219	1	1	1	1999	2110	159	5	95.000000	 
2	1	220	0	0	0	1999	2110	159	5	-1	
3	1	220	1	0	0	1999	2110	159	5	-1	
4	1	220	1	1	0	1999	2110	159	5	-1	
5	1	220	1	1	1	1999	2110	159	5	95.000000	 
2	1	221	0	0	0	1994	2114	138	5	-1	
3	1	221	1	0	0	1994	2114	138	5	-1	
4	1	221	1	1	0	1994	2114	138	5	-1	
5	1	221	1	1	1	1994	2114	138	5	95.000000	 
2	1	222	0	0	0	1996	2116	136	4	-1	
3	1	222	1	0	0	1996	2116	136	4	-1	
4	1	222	1	1	0	1996	2116	136	4	-1	
5	1	222	1	1	1	1996	2116	136	4	95.000000	 
2	1	223	0	0	0	1996	2115	161	8	-1	
3	1	223	1	0	0	1996	2115	161	8	-1	
4	1	223	1	1	0	1996	2115	161	8	-1	
5	1	223	1	1	1	1996	2115	161	8	95.000000	 
2	1	224	0	0	0	2129	2124	26	1	-1	
3	1	224	1	0	0	2129	2124	26	1	-1	
4	1	224	1	1	0	2129	2124	26	1	-1	
5	1	224	1	1	1	2129	2124	26	1	95.000000	 
2	1	225	0	0	0	2103	1967	4	182	-1	
3	1	225	1	0	0	2103	1967	4	182	-1	
4	1	225	1	1	0	2103	1967	4	182	-1	
5	1	225	1	1	1	2103	1967	4	182	95.000000	 
2	1	226	0	0	0	2103	1967	7	182	-1	
3	1	226	1	0	0	2103	1967	7	182	-1	
4	1	226	1	1	0	2103	1967	7	182	-1	
5	1	226	1	1	1	2103	1967	7	182	95.000000	 
2	1	227	0	0	0	2103	1967	8	182	-1	
3	1	227	1	0	0	2103	1967	8	182	-1	
4	1	227	1	1	0	2103	1967	8	182	-1	
5	1	227	1	1	1	2103	1967	8	182	95.000000	 
2	1	228	0	0	0	2103	1983	5	166	-1	
3	1	228	1	0	0	2103	1983	5	166	-1	
4	1	228	1	1	0	2103	1983	5	166	-1	
5	1	228	1	1	1	2103	1983	5	166	95.000000	 
2	1	229	0	0	0	2152	2088	3	53	-1	
3	1	229	1	0	0	2152	2088	3	53	-1	
4	1	229	1	1	0	2152	2088	3	53	-1	
5	1	229	1	1	1	2152	2088	3	53	95.000000	 
2	1	230	0	0	0	2153	2088	5	61	-1	
3	1	230	1	0	0	2153	2088	5	61	-1	
4	1	230	1	1	0	2153	2088	5	61	-1	
5	1	230	1	1	1	2153	2088	5	61	95.000000	 
2	1	231	0	0	0	2115	2126	44	2	-1	
3	1	231	1	0	0	2115	2126	44	2	-1	
4	1	231	1	1	0	2115	2126	44	2	-1	
5	1	231	1	1	1	2115	2126	44	2	95.000000	 
2	1	232	0	0	0	2143	2112	1	35	-1	
3	1	232	1	0	0	2143	2112	1	35	-1	
4	1	232	1	1	0	2143	2112	1	35	-1	
5	1	232	1	1	1	2143	2112	1	35	95.000000	 
2	1	233	0	0	0	2140	2132	19	1	-1	
3	1	233	1	0	0	2140	2132	19	1	-1	
4	1	233	1	1	0	2140	2132	19	1	-1	
5	1	233	1	1	1	2140	2132	19	1	95.000000	 
2	1	234	0	0	0	2132	2134	27	1	-1	
3	1	234	1	0	0	2132	2134	27	1	-1	
4	1	234	1	1	0	2132	2134	27	1	-1	
5	1	234	1	1	1	2132	2134	27	1	95.000000	 
2	1	235	0	0	0	2101	2138	16	1	-1	
3	1	235	1	0	0	2101	2138	16	1	-1	
4	1	235	1	1	0	2101	2138	16	1	-1	
5	1	235	1	1	1	2101	2138	16	1	95.000000	 
2	1	236	0	0	0	2114	2140	31	2	-1	
3	1	236	1	0	0	2114	2140	31	2	-1	
4	1	236	1	1	0	2114	2140	31	2	-1	
5	1	236	1	1	1	2114	2140	31	2	95.000000	 
2	1	237	0	0	0	2114	2143	26	1	-1	
3	1	237	1	0	0	2114	2143	26	1	-1	
4	1	237	1	1	0	2114	2143	26	1	-1	
5	1	237	1	1	1	2114	2143	26	1	95.000000	 
2	1	238	0	0	0	2136	2146	20	1	-1	
3	1	238	1	0	0	2136	2146	20	1	-1	
4	1	238	1	1	0	2136	2146	20	1	-1	
5	1	238	1	1	1	2136	2146	20	1	95.000000	 
2	1	239	0	0	0	2113	2148	34	1	-1	
3	1	239	1	0	0	2113	2148	34	1	-1	
4	1	239	1	1	0	2113	2148	34	1	-1	
5	1	239	1	1	1	2113	2148	34	1	95.000000	 
2	1	240	0	0	0	2141	2138	1	18	-1	
3	1	240	1	0	0	2141	2138	1	18	-1	
4	1	240	1	1	0	2141	2138	1	18	-1	
5	1	240	1	1	1	2141	2138	1	18	95.000000	 
2	1	241	0	0	0	2127	2153	20	1	-1	
3	1	241	1	0	0	2127	2153	20	1	-1	
4	1	241	1	1	0	2127	2153	20	1	-1	
5	1	241	1	1	1	2127	2153	20	1	95.000000	 
2	1	242	0	0	0	2125	2155	17	1	-1	
3	1	242	1	0	0	2125	2155	17	1	-1	
4	1	242	1	1	0	2125	2155	17	1	-1	
5	1	242	1	1	1	2125	2155	17	1	95.000000	 
2	1	243	0	0	0	2041	2162	94	3	-1	
3	1	243	1	0	0	2041	2162	94	3	-1	
4	1	243	1	1	0	2041	2162	94	3	-1	
5	1	243	1	1	1	2041	2162	94	3	95.000000	 
2	1	244	0	0	0	2041	2161	94	4	-1	
3	1	244	1	0	0	2041	2161	94	4	-1	
4	1	244	1	1	0	2041	2161	94	4	-1	
5	1	244	1	1	1	2041	2161	94	4	95.000000	 
2	1	245	0	0	0	2063	2168	36	1	-1	
3	1	245	1	0	0	2063	2168	36	1	-1	
4	1	245	1	1	0	2063	2168	36	1	-1	
5	1	245	1	1	1	2063	2168	36	1	95.000000	 
2	1	246	0	0	0	2129	1997	12	196	-1	
3	1	246	1	0	0	2129	1997	12	196	-1	
4	1	246	1	1	0	2129	1997	12	196	-1	
5	1	246	1	1	1	2129	1997	12	196	95.000000	 
2	1	247	0	0	0	2129	1997	12	196	-1	
3	1	247	1	0	0	2129	1997	12	196	-1	
4	1	247	1	1	0	2129	1997	12	196	-1	
5	1	247	1	1	1	2129	1997	12	196	95.000000	 
2	1	248	0	0	0	2134	2005	7	188	-1	
3	1	248	1	0	0	2134	2005	7	188	-1	
4	1	248	1	1	0	2134	2005	7	188	-1	
5	1	248	1	1	1	2134	2005	7	188	95.000000	 
2	1	249	0	0	0	2019	2170	134	7	-1	
3	1	249	1	0	0	2019	2170	134	7	-1	
4	1	249	1	1	0	2019	2170	134	7	-1	
5	1	249	1	1	1	2019	2170	134	7	95.000000	 
2	1	250	0	0	0	2019	2174	96	3	-1	
3	1	250	1	0	0	2019	2174	96	3	-1	
4	1	250	1	1	0	2019	2174	96	3	-1	
5	1	250	1	1	1	2019	2174	96	3	95.000000	 
2	1	251	0	0	0	2066	2175	49	5	-1	
3	1	251	1	0	0	2066	2175	49	5	-1	
4	1	251	1	1	0	2066	2175	49	5	-1	
5	1	251	1	1	1	2066	2175	49	5	95.000000	 
2	1	252	0	0	0	2066	2177	76	3	-1	
3	1	252	1	0	0	2066	2177	76	3	-1	
4	1	252	1	1	0	2066	2177	76	3	-1	
5	1	252	1	1	1	2066	2177	76	3	95.000000	 
2	1	253	0	0	0	2021	2174	94	10	-1	
3	1	253	1	0	0	2021	2174	94	10	-1	
4	1	253	1	1	0	2021	2174	94	10	-1	
5	1	253	1	1	1	2021	2174	94	10	95.000000	 
2	1	254	0	0	0	2073	2178	80	7	-1	
3	1	254	1	0	0	2073	2178	80	7	-1	
4	1	254	1	1	0	2073	2178	80	7	-1	
5	1	254	1	1	1	2073	2178	80	7	95.000000	 
2	1	255	0	0	0	2021	2179	132	5	-1	
3	1	255	1	0	0	2021	2179	132	5	-1	
4	1	255	1	1	0	2021	2179	132	5	-1	
5	1	255	1	1	1	2021	2179	132	5	95.000000	 
2	1	256	0	0	0	2021	2180	132	3	-1	
3	1	256	1	0	0	2021	2180	132	3	-1	
4	1	256	1	1	0	2021	2180	132	3	-1	
5	1	256	1	1	1	2021	2180	132	3	95.000000	 
2	1	257	0	0	0	2021	2181	128	5	-1	
3	1	257	1	0	0	2021	2181	128	5	-1	
4	1	257	1	1	0	2021	2181	128	5	-1	
5	1	257	1	1	1	2021	2181	128	5	95.000000	 
2	1	258	0	0	0	2080	2185	69	5	-1	
3	1	258	1	0	0	2080	2185	69	5	-1	
4	1	258	1	1	0	2080	2185	69	5	-1	
5	1	258	1	1	1	2080	2185	69	5	95.000000	 
2	1	259	0	0	0	2076	2189	29	3	-1	
3	1	259	1	0	0	2076	2189	29	3	-1	
4	1	259	1	1	0	2076	2189	29	3	-1	
5	1	259	1	1	1	2076	2189	29	3	95.000000	 
2	1	260	0	0	0	2085	2189	23	5	-1	
3	1	260	1	0	0	2085	2189	23	5	-1	
4	1	260	1	1	0	2085	2189	23	5	-1	
5	1	260	1	1	1	2085	2189	23	5	95.000000	 
2	1	261	0	0	0	2089	2191	16	6	-1	
3	1	261	1	0	0	2089	2191	16	6	-1	
4	1	261	1	1	0	2089	2191	16	6	-1	
5	1	261	1	1	1	2089	2191	16	6	95.000000	 
2	1	262	0	0	0	2089	2194	24	3	-1	
3	1	262	1	0	0	2089	2194	24	3	-1	
4	1	262	1	1	0	2089	2194	24	3	-1	
5	1	262	1	1	1	2089	2194	24	3	95.000000	 
2	1	263	0	0	0	2052	2199	75	4	-1	
3	1	263	1	0	0	2052	2199	75	4	-1	
4	1	263	1	1	0	2052	2199	75	4	-1	
5	1	263	1	1	1	2052	2199	75	4	95.000000	 
2	1	264	0	0	0	1705	2201	36	1	-1	
3	1	264	1	0	0	1705	2201	36	1	-1	
4	1	264	1	1	0	1705	2201	36	1	-1	
5	1	264	1	1	1	1705	2201	36	1	95.000000	 
2	1	265	0	0	0	2111	2207	22	1	-1	
3	1	265	1	0	0	2111	2207	22	1	-1	
4	1	265	1	1	0	2111	2207	22	1	-1	
5	1	265	1	1	1	2111	2207	22	1	95.000000	 
2	1	266	0	0	0	1723	2206	33	1	-1	
3	1	266	1	0	0	1723	2206	33	1	-1	
4	1	266	1	1	0	1723	2206	33	1	-1	
5	1	266	1	1	1	1723	2206	33	1	95.000000	 
2	1	267	0	0	0	2113	2212	18	1	-1	
3	1	267	1	0	0	2113	2212	18	1	-1	
4	1	267	1	1	0	2113	2212	18	1	-1	
5	1	267	1	1	1	2113	2212	18	1	95.000000	 
2	1	268	0	0	0	1708	2208	48	1	-1	
3	1	268	1	0	0	1708	2208	48	1	-1	
4	1	268	1	1	0	1708	2208	48	1	-1	
5	1	268	1	1	1	1708	2208	48	1	95.000000	 
2	1	269	0	0	0	1717	2210	57	5	-1	
3	1	269	1	0	0	1717	2210	57	5	-1	
4	1	269	1	1	0	1717	2210	57	5	-1	
5	1	269	1	1	1	1717	2210	57	5	95.000000	 
2	1	270	0	0	0	2091	2217	41	3	-1	
3	1	270	1	0	0	2091	2217	41	3	-1	
4	1	270	1	1	0	2091	2217	41	3	-1	
5	1	270	1	1	1	2091	2217	41	3	95.000000	 
2	1	271	0	0	0	1717	2213	66	2	-1	
3	1	271	1	0	0	1717	2213	66	2	-1	
4	1	271	1	1	0	1717	2213	66	2	-1	
5	1	271	1	1	1	1717	2213	66	2	95.000000	 
2	1	272	0	0	0	2077	2218	55	2	-1	
3	1	272	1	0	0	2077	2218	55	2	-1	
4	1	272	1	1	0	2077	2218	55	2	-1	
5	1	272	1	1	1	2077	2218	55	2	95.000000	 
2	1	273	0	0	0	1710	2216	94	2	-1	
3	1	273	1	0	0	1710	2216	94	2	-1	
4	1	273	1	1	0	1710	2216	94	2	-1	
5	1	273	1	1	1	1710	2216	94	2	95.000000	 
2	1	274	0	0	0	1737	1942	6	282	-1	
3	1	274	1	0	0	1737	1942	6	282	-1	
4	1	274	1	1	0	1737	1942	6	282	-1	
5	1	274	1	1	1	1737	1942	6	282	95.000000	 
2	1	275	0	0	0	1733	1942	6	287	-1	
3	1	275	1	0	0	1733	1942	6	287	-1	
4	1	275	1	1	0	1733	1942	6	287	-1	
5	1	275	1	1	1	1733	1942	6	287	95.000000	 
2	1	276	0	0	0	1724	2012	12	217	-1	
3	1	276	1	0	0	1724	2012	12	217	-1	
4	1	276	1	1	0	1724	2012	12	217	-1	
5	1	276	1	1	1	1724	2012	12	217	95.000000	 
2	1	277	0	0	0	1731	2012	7	217	-1	
3	1	277	1	0	0	1731	2012	7	217	-1	
4	1	277	1	1	0	1731	2012	7	217	-1	
5	1	277	1	1	1	1731	2012	7	217	95.000000	 
2	1	278	0	0	0	1723	2036	7	194	-1	
3	1	278	1	0	0	1723	2036	7	194	-1	
4	1	278	1	1	0	1723	2036	7	194	-1	
5	1	278	1	1	1	1723	2036	7	194	95.000000	 
2	1	279	0	0	0	1706	2090	8	134	-1	
3	1	279	1	0	0	1706	2090	8	134	-1	
4	1	279	1	1	0	1706	2090	8	134	-1	
5	1	279	1	1	1	1706	2090	8	134	95.000000	 
2	1	280	0	0	0	2091	2221	131	5	-1	
3	1	280	1	0	0	2091	2221	131	5	-1	
4	1	280	1	1	0	2091	2221	131	5	-1	
5	1	280	1	1	1	2091	2221	131	5	95.000000	 
2	1	281	0	0	0	1721	2218	83	4	-1	
3	1	281	1	0	0	1721	2218	83	4	-1	
4	1	281	1	1	0	1721	2218	83	4	-1	
5	1	281	1	1	1	1721	2218	83	4	95.000000	 
2	1	282	0	0	0	2112	2224	110	4	-1	
3	1	282	1	0	0	2112	2224	110	4	-1	
4	1	282	1	1	0	2112	2224	110	4	-1	
5	1	282	1	1	1	2112	2224	110	4	95.000000	 
2	1	283	0	0	0	1764	2208	3	26	-1	
3	1	283	1	0	0	1764	2208	3	26	-1	
4	1	283	1	1	0	1764	2208	3	26	-1	
5	1	283	1	1	1	1764	2208	3	26	95.000000	 
2	1	284	0	0	0	1730	2220	72	5	-1	
3	1	284	1	0	0	1730	2220	72	5	-1	
4	1	284	1	1	0	1730	2220	72	5	-1	
5	1	284	1	1	1	1730	2220	72	5	95.000000	 
2	1	285	0	0	0	1738	2213	3	19	-1	
3	1	285	1	0	0	1738	2213	3	19	-1	
4	1	285	1	1	0	1738	2213	3	19	-1	
5	1	285	1	1	1	1738	2213	3	19	95.000000	 
2	1	286	0	0	0	1757	2210	3	25	-1	
3	1	286	1	0	0	1757	2210	3	25	-1	
4	1	286	1	1	0	1757	2210	3	25	-1	
5	1	286	1	1	1	1757	2210	3	25	95.000000	 
2	1	287	0	0	0	1774	2226	28	1	-1	
3	1	287	1	0	0	1774	2226	28	1	-1	
4	1	287	1	1	0	1774	2226	28	1	-1	
5	1	287	1	1	1	1774	2226	28	1	95.000000	 
2	1	288	0	0	0	1774	2225	32	3	-1	
3	1	288	1	0	0	1774	2225	32	3	-1	
4	1	288	1	1	0	1774	2225	32	3	-1	
5	1	288	1	1	1	1774	2225	32	3	95.000000	 
2	1	289	0	0	0	1797	2218	3	17	-1	
3	1	289	1	0	0	1797	2218	3	17	-1	
4	1	289	1	1	0	1797	2218	3	17	-1	
5	1	289	1	1	1	1797	2218	3	17	95.000000	 
2	1	290	0	0	0	2202	2232	20	1	-1	
3	1	290	1	0	0	2202	2232	20	1	-1	
4	1	290	1	1	0	2202	2232	20	1	-1	
5	1	290	1	1	1	2202	2232	20	1	95.000000	 
2	1	291	0	0	0	1699	2223	103	13	-1	
3	1	291	1	0	0	1699	2223	103	13	-1	
4	1	291	1	1	0	1699	2223	103	13	-1	
5	1	291	1	1	1	1699	2223	103	13	95.000000	 
2	1	292	0	0	0	1699	2228	116	6	-1	
3	1	292	1	0	0	1699	2228	116	6	-1	
4	1	292	1	1	0	1699	2228	116	6	-1	
5	1	292	1	1	1	1699	2228	116	6	95.000000	 
2	1	293	0	0	0	1699	2231	115	6	-1	
3	1	293	1	0	0	1699	2231	115	6	-1	
4	1	293	1	1	0	1699	2231	115	6	-1	
5	1	293	1	1	1	1699	2231	115	6	95.000000	 
2	1	294	0	0	0	2206	2242	19	1	-1	
3	1	294	1	0	0	2206	2242	19	1	-1	
4	1	294	1	1	0	2206	2242	19	1	-1	
5	1	294	1	1	1	2206	2242	19	1	95.000000	 
2	1	295	0	0	0	1743	2236	129	6	-1	
3	1	295	1	0	0	1743	2236	129	6	-1	
4	1	295	1	1	0	1743	2236	129	6	-1	
5	1	295	1	1	1	1743	2236	129	6	95.000000	 
2	1	296	0	0	0	2201	2244	26	1	-1	
3	1	296	1	0	0	2201	2244	26	1	-1	
4	1	296	1	1	0	2201	2244	26	1	-1	
5	1	296	1	1	1	2201	2244	26	1	95.000000	 
2	1	297	0	0	0	1704	2237	168	6	-1	
3	1	297	1	0	0	1704	2237	168	6	-1	
4	1	297	1	1	0	1704	2237	168	6	-1	
5	1	297	1	1	1	1704	2237	168	6	95.000000	 
2	1	298	0	0	0	1729	2239	143	4	-1	
3	1	298	1	0	0	1729	2239	143	4	-1	
4	1	298	1	1	0	1729	2239	143	4	-1	
5	1	298	1	1	1	1729	2239	143	4	95.000000	 
2	1	299	0	0	0	1723	2012	18	235	-1	
3	1	299	1	0	0	1723	2012	18	235	-1	
4	1	299	1	1	0	1723	2012	18	235	-1	
5	1	299	1	1	1	1723	2012	18	235	95.000000	 
2	1	300	0	0	0	1718	2016	12	229	-1	
3	1	300	1	0	0	1718	2016	12	229	-1	
4	1	300	1	1	0	1718	2016	12	229	-1	
5	1	300	1	1	1	1718	2016	12	229	95.000000	 
2	1	301	0	0	0	1721	2036	8	209	-1	
3	1	301	1	0	0	1721	2036	8	209	-1	
4	1	301	1	1	0	1721	2036	8	209	-1	
5	1	301	1	1	1	1721	2036	8	209	95.000000	 
2	1	302	0	0	0	1721	2036	8	209	-1	
3	1	302	1	0	0	1721	2036	8	209	-1	
4	1	302	1	1	0	1721	2036	8	209	-1	
5	1	302	1	1	1	1721	2036	8	209	95.000000	 
2	1	303	0	0	0	1722	2036	6	221	-1	
3	1	303	1	0	0	1722	2036	6	221	-1	
4	1	303	1	1	0	1722	2036	6	221	-1	
5	1	303	1	1	1	1722	2036	6	221	95.000000	 
2	1	304	0	0	0	1706	2090	12	160	-1	
3	1	304	1	0	0	1706	2090	12	160	-1	
4	1	304	1	1	0	1706	2090	12	160	-1	
5	1	304	1	1	1	1706	2090	12	160	95.000000	 
2	1	305	0	0	0	1747	2204	4	41	-1	
3	1	305	1	0	0	1747	2204	4	41	-1	
4	1	305	1	1	0	1747	2204	4	41	-1	
5	1	305	1	1	1	1747	2204	4	41	95.000000	 
2	1	306	0	0	0	1750	2204	3	41	-1	
3	1	306	1	0	0	1750	2204	3	41	-1	
4	1	306	1	1	0	1750	2204	3	41	-1	
5	1	306	1	1	1	1750	2204	3	41	95.000000	 
2	1	307	0	0	0	2203	2212	4	48	-1	
3	1	307	1	0	0	2203	2212	4	48	-1	
4	1	307	1	1	0	2203	2212	4	48	-1	
5	1	307	1	1	1	2203	2212	4	48	95.000000	 
2	1	308	0	0	0	1769	2209	2	46	-1	
3	1	308	1	0	0	1769	2209	2	46	-1	
4	1	308	1	1	0	1769	2209	2	46	-1	
5	1	308	1	1	1	1769	2209	2	46	95.000000	 
2	1	309	0	0	0	1754	2220	3	27	-1	
3	1	309	1	0	0	1754	2220	3	27	-1	
4	1	309	1	1	0	1754	2220	3	27	-1	
5	1	309	1	1	1	1754	2220	3	27	95.000000	 
2	1	310	0	0	0	1752	2213	3	44	-1	
3	1	310	1	0	0	1752	2213	3	44	-1	
4	1	310	1	1	0	1752	2213	3	44	-1	
5	1	310	1	1	1	1752	2213	3	44	95.000000	 
2	1	311	0	0	0	1832	2227	3	18	-1	
3	1	311	1	0	0	1832	2227	3	18	-1	
4	1	311	1	1	0	1832	2227	3	18	-1	
5	1	311	1	1	1	1832	2227	3	18	95.000000	 
2	1	312	0	0	0	1714	2224	3	23	-1	
3	1	312	1	0	0	1714	2224	3	23	-1	
4	1	312	1	1	0	1714	2224	3	23	-1	
5	1	312	1	1	1	1714	2224	3	23	95.000000	 
2	1	313	0	0	0	1760	2206	4	59	-1	
3	1	313	1	0	0	1760	2206	4	59	-1	
4	1	313	1	1	0	1760	2206	4	59	-1	
5	1	313	1	1	1	1760	2206	4	59	95.000000	 
2	1	314	0	0	0	1704	2241	183	4	-1	
3	1	314	1	0	0	1704	2241	183	4	-1	
4	1	314	1	1	0	1704	2241	183	4	-1	
5	1	314	1	1	1	1704	2241	183	4	95.000000	 
2	1	315	0	0	0	1740	2227	3	31	-1	
3	1	315	1	0	0	1740	2227	3	31	-1	
4	1	315	1	1	0	1740	2227	3	31	-1	
5	1	315	1	1	1	1740	2227	3	31	95.000000	 
2	1	316	0	0	0	1864	2236	1	19	-1	
3	1	316	1	0	0	1864	2236	1	19	-1	
4	1	316	1	1	0	1864	2236	1	19	-1	
5	1	316	1	1	1	1864	2236	1	19	95.000000	 
2	1	317	0	0	0	1701	2242	166	8	-1	
3	1	317	1	0	0	1701	2242	166	8	-1	
4	1	317	1	1	0	1701	2242	166	8	-1	
5	1	317	1	1	1	1701	2242	166	8	95.000000	 
2	1	318	0	0	0	965	2200	706	64	-1	
3	1	318	1	0	0	965	2200	706	64	-1	
4	1	318	1	1	0	965	2200	706	64	-1	
5	1	318	1	1	1	965	2200	141	48	89.558647	Ἕνας
5	1	318	1	1	2	1117	2202	239	50	90.462463	ἐκλεκτός
5	1	318	1	1	3	1369	2213	302	51	63.913994	συνεργάτης
2	1	319	0	0	0	941	2287	730	924	-1	
3	1	319	1	0	0	941	2287	730	924	-1	
4	1	319	1	1	0	985	2287	685	42	-1	
5	1	319	1	1	1	985	2287	30	23	67.915192	Ὁ
5	1	319	1	1	2	1029	2288	188	31	65.691238	Βοριοδηµότης
5	1	319	1	1	3	1230	2291	47	28	96.778160	τήν
5	1	319	1	1	4	1290	2290	150	32	6.637260	καταγωγή,
5	1	319	1	1	5	1457	2295	121	32	67.726555	ἐκλεμτός
5	1	319	1	1	6	1595	2308	75	21	33.419777	ουνερ
4	1	319	1	2	0	959	2324	712	36	-1	
5	1	319	1	2	1	959	2324	80	29	91.872414	γάτης
5	1	319	1	2	2	1052	2327	49	26	93.096558	τῆς
5	1	319	1	2	3	1112	2326	175	30	85.491867	᾿Εφημερίδος
5	1	319	1	2	4	1299	2337	59	20	89.809792	µας,
5	1	319	1	2	5	1371	2330	113	30	93.058807	Κώστας
5	1	319	1	2	6	1497	2332	33	23	59.674957	].
5	1	319	1	2	7	1546	2336	125	22	74.235657	Παπαθεο.
4	1	319	1	3	0	958	2360	712	38	-1	
5	1	319	1	3	1	958	2360	154	30	77.039619	Φιλόπουλος
5	1	319	1	3	2	1131	2364	126	22	96.334396	σπούδασε
5	1	319	1	3	3	1271	2365	131	30	77.159935	πολιτικές
5	1	319	1	3	4	1428	2368	144	30	91.284485	ἐπιστῆμες.
5	1	319	1	3	5	1605	2372	65	22	45.780220	Από
4	1	319	1	4	0	957	2397	710	38	-1	
5	1	319	1	4	1	957	2397	87	27	94.565002	νωρίς,
5	1	319	1	4	2	1061	2398	77	28	96.690781	ὅμως,
5	1	319	1	4	3	1155	2399	67	28	54.434887	λόγω
5	1	319	1	4	4	1237	2401	109	28	93.031960	ἰσχυρᾶς
5	1	319	1	4	5	1357	2403	119	29	92.389275	κλίσεως,
5	1	319	1	4	6	1507	2406	160	29	88.941734	ἀσχολήθηκε
4	1	319	1	5	0	957	2432	709	39	-1	
5	1	319	1	5	1	957	2432	118	28	84.960533	εὐδόκιμα
5	1	319	1	5	2	1088	2434	32	27	83.270088	µέ
5	1	319	1	5	3	1132	2435	30	27	96.476234	τή
5	1	319	1	5	4	1177	2436	211	29	76.962852	Δημοσιογραφία
5	1	319	1	5	5	1401	2440	43	21	64.782005	κα
5	1	319	1	5	6	1458	2441	34	27	88.726974	τή
5	1	319	1	5	7	1501	2443	165	28	63.734730	συγγραφωή
4	1	319	1	6	0	955	2467	712	40	-1	
5	1	319	1	6	1	955	2467	156	30	88.333344	δηµιουργία.
5	1	319	1	6	2	1132	2470	232	30	55.449135	Δημοσιογράφησε
5	1	319	1	6	3	1375	2474	30	21	95.795494	σέ
5	1	319	1	6	4	1419	2476	104	28	45.419609	τοπικές
5	1	319	1	6	5	1539	2478	35	21	84.008018	κι’
5	1	319	1	6	6	1592	2478	75	29	53.824383	᾿4θη-
4	1	319	1	7	0	954	2504	711	37	-1	
5	1	319	1	7	1	954	2504	88	27	62.301483	ναϊκές
5	1	319	1	7	2	1055	2504	155	31	73.726135	ἐφημερῖδες
5	1	319	1	7	3	1227	2508	45	21	95.284065	καί
5	1	319	1	7	4	1285	2509	140	28	0.000000	περιοδικά.
5	1	319	1	7	5	1441	2511	169	30	10.949661	ΠΠολύπλευρο
5	1	319	1	7	6	1625	2523	40	13	91.545555	τα-
4	1	319	1	8	0	945	2519	719	58	-1	
5	1	319	1	8	1	945	2519	88	51	41.781120	Ἰλέντο,
5	1	319	1	8	2	1051	2540	53	28	96.545975	ἔχει
5	1	319	1	8	3	1117	2543	147	28	95.415565	συγγράψει
5	1	319	1	8	4	1279	2543	100	34	84.307602	ἀρκετά
5	1	319	1	8	5	1387	2546	93	28	86.061493	θιθλία,
5	1	319	1	8	6	1510	2548	154	29	80.201279	ἀναφερόμε-
4	1	319	1	9	0	953	2575	710	38	-1	
5	1	319	1	9	1	953	2582	31	13	92.386505	να
5	1	319	1	9	2	997	2575	45	28	73.620392	οτή
5	1	319	1	9	3	1055	2578	127	27	93.158699	πρακτική
5	1	319	1	9	4	1196	2579	64	27	73.583282	ξωή,
5	1	319	1	9	5	1277	2580	61	27	90.022667	στήν
5	1	319	1	9	6	1349	2580	91	29	89.909866	ἔρευνα
5	1	319	1	9	7	1454	2584	43	21	91.105309	καί
5	1	319	1	9	8	1507	2585	156	28	96.184441	τεχνολογία,
4	1	319	1	10	0	943	2610	720	38	-1	
5	1	319	1	10	1	943	2610	56	33	74.959167	ἱστή
5	1	319	1	10	2	1014	2613	160	27	80.094315	χοιστιανική
5	1	319	1	10	3	1191	2614	123	27	96.034630	θρησκεία
5	1	319	1	10	4	1329	2616	43	21	85.140846	καί
5	1	319	1	10	5	1388	2617	47	27	93.288879	τήν
5	1	319	1	10	6	1448	2618	215	30	16.385620	ἠθικοποινωνική
4	1	319	1	11	0	953	2644	709	37	-1	
5	1	319	1	11	1	953	2644	63	26	86.862953	ξωή,
5	1	319	1	11	2	1035	2646	61	25	93.304146	στήν
5	1	319	1	11	3	1109	2646	120	29	30.221016	ἀγροτική
5	1	319	1	11	4	1249	2649	63	26	74.367706	ζωή,
5	1	319	1	11	5	1329	2651	46	26	92.369125	στή
5	1	319	1	11	6	1389	2652	126	27	93.300842	πολιτική,
5	1	319	1	11	7	1535	2655	45	26	91.898163	στή
5	1	319	1	11	8	1593	2656	69	25	81.437653	φιλο-
4	1	319	1	12	0	950	2677	712	39	-1	
5	1	319	1	12	1	950	2677	73	27	90.674698	Άογία
5	1	319	1	12	2	1040	2680	43	20	67.283249	καί
5	1	319	1	12	3	1099	2681	45	26	92.501991	στή
5	1	319	1	12	4	1161	2682	76	27	95.725090	τέχνη
5	1	319	1	12	5	1255	2683	117	28	91.886726	(ποίηση,
5	1	319	1	12	6	1387	2686	111	26	93.303299	σενάρια,
5	1	319	1	12	7	1515	2688	147	28	66.672394	µυθιστόρη-
4	1	319	1	13	0	949	2712	713	37	-1	
5	1	319	1	13	1	949	2712	60	27	39.407944	μα),
5	1	319	1	13	2	1026	2713	46	26	74.900391	στή
5	1	319	1	13	3	1088	2715	101	27	45.370083	»εριτωκή
5	1	319	1	13	4	1210	2716	16	27	55.179283	{,
5	1	319	1	13	5	1225	2718	210	28	90.565666	μουσικολογικές
5	1	319	1	13	6	1447	2722	129	27	79.307350	κριτικές)
5	1	319	1	13	7	1619	2724	43	21	90.635391	καί
4	1	319	1	14	0	950	2746	710	39	-1	
5	1	319	1	14	1	950	2746	46	28	91.923973	στή
5	1	319	1	14	2	1010	2748	102	22	96.935944	παιδεία
5	1	319	1	14	3	1122	2750	35	21	92.590706	κι’
5	1	319	1	14	4	1173	2750	163	29	91.568283	ἐκπαίδευση.
5	1	319	1	14	5	1351	2753	81	29	1.656403	Δΐέγες
5	1	319	1	14	6	1445	2755	48	22	96.425507	ἀπό
5	1	319	1	14	7	1507	2756	40	27	93.291656	τίς
5	1	319	1	14	8	1563	2756	97	29	72.711990	ἑργασί-
4	1	319	1	15	0	951	2784	708	36	-1	
5	1	319	1	15	1	951	2789	28	20	21.461937	ες
5	1	319	1	15	2	987	2790	47	14	21.461937	του
5	1	319	1	15	3	1048	2784	152	29	89.892250	ἐξεδόθησαν
5	1	319	1	15	4	1212	2786	18	28	2.601608	ἤ.
5	1	319	1	15	5	1243	2786	99	29	0.000000	ὀγῆκαν
5	1	319	1	15	6	1357	2790	44	21	73.760345	στό
5	1	319	1	15	7	1415	2792	61	26	90.405197	φῶς
5	1	319	1	15	8	1488	2794	49	26	93.302689	τῆς
5	1	319	1	15	9	1548	2792	111	27	75.817825	δήµοσιό-
4	1	319	1	16	0	949	2819	711	37	-1	
5	1	319	1	16	1	949	2825	84	21	91.024338	τητος,
5	1	319	1	16	2	1048	2819	24	22	91.663139	οἳ
5	1	319	1	16	3	1082	2820	86	29	59.603535	ὁποῖες
5	1	319	1	16	4	1182	2822	42	21	81.223709	καί
5	1	319	1	16	5	1238	2824	195	28	70.831528	καταξιώθηκαν
5	1	319	1	16	6	1445	2826	107	28	31.995308	δημόσια
5	1	319	1	16	7	1565	2828	31	27	71.258942	µέ
5	1	319	1	16	8	1613	2828	47	28	92.301666	6ρα
4	1	319	1	17	0	949	2852	711	39	-1	
5	1	319	1	17	1	949	2852	65	28	86.617218	βεῖα,
5	1	319	1	17	2	1028	2854	120	30	91.667488	ἐπαίνους
5	1	319	1	17	3	1160	2858	44	21	16.782372	καί
5	1	319	1	17	4	1217	2859	132	28	41.485710	τιμητικές,
5	1	319	1	17	5	1356	2860	150	31	80.334221	διακρίσεις.
5	1	319	1	17	6	1525	2863	36	22	93.026146	Τό
5	1	319	1	17	7	1573	2865	87	26	92.861679	πρῶτο
4	1	319	1	18	0	948	2888	709	39	-1	
5	1	319	1	18	1	948	2888	82	24	82.863724	θιθλίο
5	1	319	1	18	2	1041	2899	53	20	93.296036	του,
5	1	319	1	18	3	1110	2892	104	24	91.012466	ἐκδοθέν
5	1	319	1	18	4	1227	2894	145	30	96.621262	πρόσφατα,
5	1	319	1	18	5	1383	2899	118	28	93.136757	περιέχον
5	1	319	1	18	6	1514	2898	64	24	91.177071	δέκα
5	1	319	1	18	7	1592	2900	65	21	45.754074	δορί-
4	1	319	1	19	0	945	2927	711	38	-1	
5	1	319	1	19	1	945	2933	44	19	95.900177	µια
5	1	319	1	19	2	1007	2927	149	28	96.034576	σύγχρονων
5	1	319	1	19	3	1166	2930	125	27	13.178375	θεμάτων,
5	1	319	1	19	4	1311	2932	75	28	92.467239	ἔτυχε
5	1	319	1	19	5	1403	2934	164	30	22.367905	ἐπαινετωκῆς
5	1	319	1	19	6	1581	2944	75	21	60.041759	κριτι-
4	1	319	1	20	0	946	2961	710	42	-1	
5	1	319	1	20	1	946	2962	51	25	59.649063	κῆς
5	1	319	1	20	2	1013	2961	48	22	93.296730	ἀπό
5	1	319	1	20	3	1074	2962	150	29	65.442055	ἀνθρώσους
5	1	319	1	20	4	1235	2966	51	20	93.299263	τῶν
5	1	319	1	20	5	1301	2966	157	28	59.980732	Γραμμάσων
5	1	319	1	20	6	1474	2972	48	25	93.280113	τῆς
5	1	319	1	20	7	1535	2973	121	30	57.534470	Πρωτεύ-
4	1	319	1	21	0	945	2996	711	43	-1	
5	1	319	1	21	1	945	3002	79	21	88.031479	ουσας
5	1	319	1	21	2	1040	2996	80	27	93.299751	(Καθ.
5	1	319	1	21	3	1139	2998	140	23	12.513878	ΠΤανεπιστ.
5	1	319	1	21	4	1320	2997	136	37	40.387341	᾿Απαδημ.,
5	1	319	1	21	5	1494	3004	162	35	0.000000	᾽Ανώτερους
4	1	319	1	22	0	943	3029	713	44	-1	
5	1	319	1	22	1	943	3029	148	30	0.000000	Ἄρατικούς
5	1	319	1	22	2	1103	3033	71	22	88.149475	4ειτ.
5	1	319	1	22	3	1192	3035	75	28	87.133018	κλπ.)
5	1	319	1	22	4	1286	3036	140	23	70.061523	Τελευταῖα
5	1	319	1	22	5	1437	3039	160	34	76.963737	ἀσχολήθηκε
5	1	319	1	22	6	1613	3048	43	21	95.886597	καί
4	1	319	1	23	0	943	3065	711	44	-1	
5	1	319	1	23	1	943	3065	26	27	69.027122	μ’
5	1	319	1	23	2	989	3066	163	31	80.562828	ἐρευνητικές
5	1	319	1	23	3	1165	3069	127	29	9.316330	ἑργασίες,
5	1	319	1	23	4	1312	3068	170	39	42.877007	δημοσιεύσας.
5	1	319	1	23	5	1501	3076	79	33	92.575378	ἄρθρα
5	1	319	1	23	6	1610	3091	44	14	96.502831	του
4	1	319	1	24	0	944	3101	710	49	-1	
5	1	319	1	24	1	944	3101	29	21	96.546646	σέ
5	1	319	1	24	2	985	3104	105	26	0.000000	τεχνικά
5	1	319	1	24	3	1099	3106	133	26	96.429955	περιοδικά
5	1	319	1	24	4	1247	3107	43	21	93.290413	καί
5	1	319	1	24	5	1302	3107	86	23	76.278259	λαξών
5	1	319	1	24	6	1403	3105	153	38	89.963783	Διπλώματα
5	1	319	1	24	7	1569	3109	85	41	37.767910	εὕρεσι
4	1	319	1	25	0	943	3138	709	43	-1	
5	1	319	1	25	1	943	3138	110	27	90.959755	τεχνίας,
5	1	319	1	25	2	1070	3141	94	26	70.396507	μεταξύ
5	1	319	1	25	3	1184	3143	50	20	93.290405	τῶν
5	1	319	1	25	4	1254	3142	93	23	19.313461	δποίων
5	1	319	1	25	5	1361	3152	26	14	95.830811	κι
5	1	319	1	25	6	1405	3145	44	22	75.016479	ἕνα
5	1	319	1	25	7	1465	3146	129	35	23.554947	Ανώτερο
5	1	319	1	25	8	1609	3154	43	21	94.031235	Τι:
4	1	319	1	26	0	941	3174	546	37	-1	
5	1	319	1	26	1	941	3180	57	20	63.642437	µητ.
5	1	319	1	26	2	1013	3174	121	30	93.120613	Δίπλωμα
5	1	319	1	26	3	1144	3177	117	28	16.273376	Προόδου
5	1	319	1	26	4	1271	3180	44	22	24.542053	καί
5	1	319	1	26	5	1325	3180	162	31	82.853439	Πολιτισμοῦ.
2	1	320	0	0	0	1678	1720	16	727	-1	
3	1	320	1	0	0	1678	1720	16	727	-1	
4	1	320	1	1	0	1678	1720	16	727	-1	
5	1	320	1	1	1	1678	1720	16	727	95.000000	 
2	1	321	0	0	0	931	3228	731	179	-1	
3	1	321	1	0	0	931	3228	731	179	-1	
4	1	321	1	1	0	967	3228	685	41	-1	
5	1	321	1	1	1	967	3228	35	23	18.295555	Ἡ
5	1	321	1	1	2	1012	3230	44	28	90.469849	ὅλη
5	1	321	1	1	3	1068	3240	44	13	96.401970	του
5	1	321	1	1	4	1123	3235	156	28	50.253601	πνευματική
5	1	321	1	1	5	1290	3236	157	30	93.289398	δηµιουργία,
5	1	321	1	1	6	1465	3240	127	29	91.383430	(ἀθόρυέα
5	1	321	1	1	7	1607	3250	45	16	96.293312	συν
4	1	321	1	2	0	941	3265	666	40	-1	
5	1	321	1	2	1	941	3265	162	30	29.198395	τελούμενη),
5	1	321	1	2	2	1117	3268	115	25	91.660583	ἀποτελεῖ
5	1	321	1	2	3	1243	3272	211	29	38.405704	ἀναμφιοθήτητα
5	1	321	1	2	4	1474	3276	133	29	85.462181	ἀξιόλογςη
4	1	321	1	3	0	931	3296	720	50	-1	
5	1	321	1	3	1	931	3296	119	37	0.000000	Γσυμθολή
5	1	321	1	3	2	1067	3304	45	27	89.039902	στή
5	1	321	1	3	3	1131	3305	139	30	14.541397	Δακῶνωιή
5	1	321	1	3	4	1288	3308	161	29	57.401329	Γραμματεία
5	1	321	1	3	5	1461	3312	43	21	93.123489	καί
5	1	321	1	3	6	1520	3312	34	23	76.064667	δι’
5	1	321	1	3	7	1571	3310	80	36	96.540764	αὐτῆς
4	1	321	1	4	0	931	3338	731	48	-1	
5	1	321	1	4	1	931	3338	66	25	13.625938	ἵτεμᾶ
5	1	321	1	4	2	1009	3338	31	27	91.623802	τή
5	1	321	1	4	3	1055	3338	139	31	56.646606	Δακωνική
5	1	321	1	4	4	1206	3342	40	28	12.204193	ΓΠῆ
5	1	321	1	4	5	1259	3344	48	21	92.443932	πού
5	1	321	1	4	6	1322	3344	42	22	95.716156	τόν
5	1	321	1	4	7	1379	3346	106	28	94.943024	γέννησε
5	1	321	1	4	8	1501	3348	37	22	80.413177	κι’
5	1	321	1	4	9	1551	3345	89	41	55.425575	ἰδιοίτε-
5	1	321	1	4	10	1652	3356	10	26	83.514038	!
4	1	321	1	5	0	931	3373	729	34	-1	
5	1	321	1	5	1	931	3380	39	19	28.709915	ἵξα
5	1	321	1	5	2	982	3373	60	28	93.303802	τούς
5	1	321	1	5	3	1053	3374	124	31	19.118111	Ῥορείους
5	1	321	1	5	4	1187	3378	111	29	78.374657	Δήμους.
5	1	321	1	5	5	1659	3384	1	4	38.546940	|
2	1	322	0	0	0	933	2371	18	919	-1	
3	1	322	1	0	0	933	2371	18	919	-1	
4	1	322	1	1	0	933	2371	18	919	-1	
5	1	322	1	1	1	933	2371	18	919	95.000000	 
2	1	323	0	0	0	1660	2601	17	736	-1	
3	1	323	1	0	0	1660	2601	17	736	-1	
4	1	323	1	1	0	1660	2601	17	736	-1	
5	1	323	1	1	1	1660	2601	17	736	95.000000	 
2	1	324	0	0	0	1658	3399	3	18	-1	
3	1	324	1	0	0	1658	3399	3	18	-1	
4	1	324	1	1	0	1658	3399	3	18	-1	
5	1	324	1	1	1	1658	3399	3	18	4.935341	{
2	1	325	0	0	0	1698	1879	725	457	-1	
3	1	325	1	0	0	1698	1879	725	457	-1	
4	1	325	1	1	0	1698	1879	725	457	-1	
5	1	325	1	1	1	1698	1879	725	457	95.000000	   
2	1	326	0	0	0	1741	2242	126	12	-1	
3	1	326	1	0	0	1741	2242	126	12	-1	
4	1	326	1	1	0	1741	2242	126	12	-1	
5	1	326	1	1	1	1741	2242	126	12	95.000000	 
2	1	327	0	0	0	1741	2245	174	6	-1	
3	1	327	1	0	0	1741	2245	174	6	-1	
4	1	327	1	1	0	1741	2245	174	6	-1	
5	1	327	1	1	1	1741	2245	174	6	95.000000	 
2	1	328	0	0	0	1741	2244	183	8	-1	
3	1	328	1	0	0	1741	2244	183	8	-1	
4	1	328	1	1	0	1741	2244	183	8	-1	
5	1	328	1	1	1	1741	2244	183	8	95.000000	 
2	1	329	0	0	0	1805	2240	1	18	-1	
3	1	329	1	0	0	1805	2240	1	18	-1	
4	1	329	1	1	0	1805	2240	1	18	-1	
5	1	329	1	1	1	1805	2240	1	18	95.000000	 
2	1	330	0	0	0	1807	2240	1	18	-1	
3	1	330	1	0	0	1807	2240	1	18	-1	
4	1	330	1	1	0	1807	2240	1	18	-1	
5	1	330	1	1	1	1807	2240	1	18	95.000000	 
2	1	331	0	0	0	2157	2253	72	2	-1	
3	1	331	1	0	0	2157	2253	72	2	-1	
4	1	331	1	1	0	2157	2253	72	2	-1	
5	1	331	1	1	1	2157	2253	72	2	95.000000	 
2	1	332	0	0	0	2057	2250	151	10	-1	
3	1	332	1	0	0	2057	2250	151	10	-1	
4	1	332	1	1	0	2057	2250	151	10	-1	
5	1	332	1	1	1	2057	2250	151	10	95.000000	 
2	1	333	0	0	0	2195	2246	1	20	-1	
3	1	333	1	0	0	2195	2246	1	20	-1	
4	1	333	1	1	0	2195	2246	1	20	-1	
5	1	333	1	1	1	2195	2246	1	20	95.000000	 
2	1	334	0	0	0	2057	2253	345	9	-1	
3	1	334	1	0	0	2057	2253	345	9	-1	
4	1	334	1	1	0	2057	2253	345	9	-1	
5	1	334	1	1	1	2057	2253	345	9	95.000000	 
2	1	335	0	0	0	1753	2249	171	9	-1	
3	1	335	1	0	0	1753	2249	171	9	-1	
4	1	335	1	1	0	1753	2249	171	9	-1	
5	1	335	1	1	1	1753	2249	171	9	95.000000	 
2	1	336	0	0	0	1753	2251	455	9	-1	
3	1	336	1	0	0	1753	2251	455	9	-1	
4	1	336	1	1	0	1753	2251	455	9	-1	
5	1	336	1	1	1	1753	2251	455	9	95.000000	 
2	1	337	0	0	0	1753	2250	455	10	-1	
3	1	337	1	0	0	1753	2250	455	10	-1	
4	1	337	1	1	0	1753	2250	455	10	-1	
5	1	337	1	1	1	1753	2250	455	10	95.000000	 
2	1	338	0	0	0	1753	2250	455	10	-1	
3	1	338	1	0	0	1753	2250	455	10	-1	
4	1	338	1	1	0	1753	2250	455	10	-1	
5	1	338	1	1	1	1753	2250	455	10	95.000000	 
2	1	339	0	0	0	1753	2250	455	10	-1	
3	1	339	1	0	0	1753	2250	455	10	-1	
4	1	339	1	1	0	1753	2250	455	10	-1	
5	1	339	1	1	1	1753	2250	455	10	95.000000	 
2	1	340	0	0	0	2057	2256	151	4	-1	
3	1	340	1	0	0	2057	2256	151	4	-1	
4	1	340	1	1	0	2057	2256	151	4	-1	
5	1	340	1	1	1	2057	2256	151	4	95.000000	 
2	1	341	0	0	0	2199	2249	1	20	-1	
3	1	341	1	0	0	2199	2249	1	20	-1	
4	1	341	1	1	0	2199	2249	1	20	-1	
5	1	341	1	1	1	2199	2249	1	20	95.000000	 
2	1	342	0	0	0	1753	2251	455	10	-1	
3	1	342	1	0	0	1753	2251	455	10	-1	
4	1	342	1	1	0	1753	2251	455	10	-1	
5	1	342	1	1	1	1753	2251	455	10	95.000000	 
2	1	343	0	0	0	2161	2258	241	11	-1	
3	1	343	1	0	0	2161	2258	241	11	-1	
4	1	343	1	1	0	2161	2258	241	11	-1	
5	1	343	1	1	1	2161	2258	241	11	95.000000	 
2	1	344	0	0	0	2161	2259	241	9	-1	
3	1	344	1	0	0	2161	2259	241	9	-1	
4	1	344	1	1	0	2161	2259	241	9	-1	
5	1	344	1	1	1	2161	2259	241	9	95.000000	 
2	1	345	0	0	0	2161	2261	241	7	-1	
3	1	345	1	0	0	2161	2261	241	7	-1	
4	1	345	1	1	0	2161	2261	241	7	-1	
5	1	345	1	1	1	2161	2261	241	7	95.000000	 
2	1	346	0	0	0	1868	2261	96	3	-1	
3	1	346	1	0	0	1868	2261	96	3	-1	
4	1	346	1	1	0	1868	2261	96	3	-1	
5	1	346	1	1	1	1868	2261	96	3	95.000000	 
2	1	347	0	0	0	2201	2265	201	9	-1	
3	1	347	1	0	0	2201	2265	201	9	-1	
4	1	347	1	1	0	2201	2265	201	9	-1	
5	1	347	1	1	1	2201	2265	201	9	95.000000	 
2	1	348	0	0	0	2201	2267	201	5	-1	
3	1	348	1	0	0	2201	2267	201	5	-1	
4	1	348	1	1	0	2201	2267	201	5	-1	
5	1	348	1	1	1	2201	2267	201	5	95.000000	 
2	1	349	0	0	0	1863	2263	101	3	-1	
3	1	349	1	0	0	1863	2263	101	3	-1	
4	1	349	1	1	0	1863	2263	101	3	-1	
5	1	349	1	1	1	1863	2263	101	3	95.000000	 
2	1	350	0	0	0	2201	2269	201	5	-1	
3	1	350	1	0	0	2201	2269	201	5	-1	
4	1	350	1	1	0	2201	2269	201	5	-1	
5	1	350	1	1	1	2201	2269	201	5	95.000000	 
2	1	351	0	0	0	1774	2211	4	63	-1	
3	1	351	1	0	0	1774	2211	4	63	-1	
4	1	351	1	1	0	1774	2211	4	63	-1	
5	1	351	1	1	1	1774	2211	4	63	95.000000	 
2	1	352	0	0	0	1780	2222	6	65	-1	
3	1	352	1	0	0	1780	2222	6	65	-1	
4	1	352	1	1	0	1780	2222	6	65	-1	
5	1	352	1	1	1	1780	2222	6	65	95.000000	 
2	1	353	0	0	0	1927	2253	1	25	-1	
3	1	353	1	0	0	1927	2253	1	25	-1	
4	1	353	1	1	0	1927	2253	1	25	-1	
5	1	353	1	1	1	1927	2253	1	25	95.000000	 
2	1	354	0	0	0	1932	2255	1	21	-1	
3	1	354	1	0	0	1932	2255	1	21	-1	
4	1	354	1	1	0	1932	2255	1	21	-1	
5	1	354	1	1	1	1932	2255	1	21	95.000000	 
2	1	355	0	0	0	1806	2262	146	7	-1	
3	1	355	1	0	0	1806	2262	146	7	-1	
4	1	355	1	1	0	1806	2262	146	7	-1	
5	1	355	1	1	1	1806	2262	146	7	95.000000	 
2	1	356	0	0	0	1806	2261	158	9	-1	
3	1	356	1	0	0	1806	2261	158	9	-1	
4	1	356	1	1	0	1806	2261	158	9	-1	
5	1	356	1	1	1	1806	2261	158	9	95.000000	 
2	1	357	0	0	0	1906	2257	1	22	-1	
3	1	357	1	0	0	1906	2257	1	22	-1	
4	1	357	1	1	0	1906	2257	1	22	-1	
5	1	357	1	1	1	1906	2257	1	22	95.000000	 
2	1	358	0	0	0	1806	2267	266	6	-1	
3	1	358	1	0	0	1806	2267	266	6	-1	
4	1	358	1	1	0	1806	2267	266	6	-1	
5	1	358	1	1	1	1806	2267	266	6	95.000000	 
2	1	359	0	0	0	2203	2272	201	7	-1	
3	1	359	1	0	0	2203	2272	201	7	-1	
4	1	359	1	1	0	2203	2272	201	7	-1	
5	1	359	1	1	1	2203	2272	201	7	95.000000	 
2	1	360	0	0	0	1806	2269	266	6	-1	
3	1	360	1	0	0	1806	2269	266	6	-1	
4	1	360	1	1	0	1806	2269	266	6	-1	
5	1	360	1	1	1	1806	2269	266	6	95.000000	 
2	1	361	0	0	0	1806	2269	266	6	-1	
3	1	361	1	0	0	1806	2269	266	6	-1	
4	1	361	1	1	0	1806	2269	266	6	-1	
5	1	361	1	1	1	1806	2269	266	6	95.000000	 
2	1	362	0	0	0	1920	2257	1	30	-1	
3	1	362	1	0	0	1920	2257	1	30	-1	
4	1	362	1	1	0	1920	2257	1	30	-1	
5	1	362	1	1	1	1920	2257	1	30	95.000000	 
2	1	363	0	0	0	2213	2274	191	10	-1	
3	1	363	1	0	0	2213	2274	191	10	-1	
4	1	363	1	1	0	2213	2274	191	10	-1	
5	1	363	1	1	1	2213	2274	191	10	95.000000	 
2	1	364	0	0	0	2213	2274	191	10	-1	
3	1	364	1	0	0	2213	2274	191	10	-1	
4	1	364	1	1	0	2213	2274	191	10	-1	
5	1	364	1	1	1	2213	2274	191	10	95.000000	 
2	1	365	0	0	0	2213	2276	193	8	-1	
3	1	365	1	0	0	2213	2276	193	8	-1	
4	1	365	1	1	0	2213	2276	193	8	-1	
5	1	365	1	1	1	2213	2276	193	8	95.000000	 
2	1	366	0	0	0	1773	2273	292	5	-1	
3	1	366	1	0	0	1773	2273	292	5	-1	
4	1	366	1	1	0	1773	2273	292	5	-1	
5	1	366	1	1	1	1773	2273	292	5	95.000000	 
2	1	367	0	0	0	1887	2263	1	23	-1	
3	1	367	1	0	0	1887	2263	1	23	-1	
4	1	367	1	1	0	1887	2263	1	23	-1	
5	1	367	1	1	1	1887	2263	1	23	95.000000	 
2	1	368	0	0	0	2213	2278	193	6	-1	
3	1	368	1	0	0	2213	2278	193	6	-1	
4	1	368	1	1	0	2213	2278	193	6	-1	
5	1	368	1	1	1	2213	2278	193	6	95.000000	 
2	1	369	0	0	0	1778	2273	287	8	-1	
3	1	369	1	0	0	1778	2273	287	8	-1	
4	1	369	1	1	0	1778	2273	287	8	-1	
5	1	369	1	1	1	1778	2273	287	8	95.000000	 
2	1	370	0	0	0	1913	2262	1	30	-1	
3	1	370	1	0	0	1913	2262	1	30	-1	
4	1	370	1	1	0	1913	2262	1	30	-1	
5	1	370	1	1	1	1913	2262	1	30	95.000000	 
2	1	371	0	0	0	2322	2283	87	5	-1	
3	1	371	1	0	0	2322	2283	87	5	-1	
4	1	371	1	1	0	2322	2283	87	5	-1	
5	1	371	1	1	1	2322	2283	87	5	95.000000	 
2	1	372	0	0	0	1777	2277	405	10	-1	
3	1	372	1	0	0	1777	2277	405	10	-1	
4	1	372	1	1	0	1777	2277	405	10	-1	
5	1	372	1	1	1	1777	2277	405	10	95.000000	 
2	1	373	0	0	0	1955	2269	1	23	-1	
3	1	373	1	0	0	1955	2269	1	23	-1	
4	1	373	1	1	0	1955	2269	1	23	-1	
5	1	373	1	1	1	1955	2269	1	23	95.000000	 
2	1	374	0	0	0	1912	2278	270	11	-1	
3	1	374	1	0	0	1912	2278	270	11	-1	
4	1	374	1	1	0	1912	2278	270	11	-1	
5	1	374	1	1	1	1912	2278	270	11	95.000000	 
2	1	375	0	0	0	2167	2284	237	8	-1	
3	1	375	1	0	0	2167	2284	237	8	-1	
4	1	375	1	1	0	2167	2284	237	8	-1	
5	1	375	1	1	1	2167	2284	237	8	95.000000	 
2	1	376	0	0	0	2167	2282	242	13	-1	
3	1	376	1	0	0	2167	2282	242	13	-1	
4	1	376	1	1	0	2167	2282	242	13	-1	
5	1	376	1	1	1	2167	2282	242	13	95.000000	 
2	1	377	0	0	0	2167	2284	237	11	-1	
3	1	377	1	0	0	2167	2284	237	11	-1	
4	1	377	1	1	0	2167	2284	237	11	-1	
5	1	377	1	1	1	2167	2284	237	11	95.000000	 
2	1	378	0	0	0	2167	2284	237	11	-1	
3	1	378	1	0	0	2167	2284	237	11	-1	
4	1	378	1	1	0	2167	2284	237	11	-1	
5	1	378	1	1	1	2167	2284	237	11	95.000000	 
2	1	379	0	0	0	2167	2284	237	11	-1	
3	1	379	1	0	0	2167	2284	237	11	-1	
4	1	379	1	1	0	2167	2284	237	11	-1	
5	1	379	1	1	1	2167	2284	237	11	95.000000	 
2	1	380	0	0	0	1777	2280	589	14	-1	
3	1	380	1	0	0	1777	2280	589	14	-1	
4	1	380	1	1	0	1777	2280	589	14	-1	
5	1	380	1	1	1	1777	2280	589	14	95.000000	 
2	1	381	0	0	0	2167	2289	199	5	-1	
3	1	381	1	0	0	2167	2289	199	5	-1	
4	1	381	1	1	0	2167	2289	199	5	-1	
5	1	381	1	1	1	2167	2289	199	5	95.000000	 
2	1	382	0	0	0	1912	2285	454	11	-1	
3	1	382	1	0	0	1912	2285	454	11	-1	
4	1	382	1	1	0	1912	2285	454	11	-1	
5	1	382	1	1	1	1912	2285	454	11	95.000000	 
2	1	383	0	0	0	1974	2283	392	16	-1	
3	1	383	1	0	0	1974	2283	392	16	-1	
4	1	383	1	1	0	1974	2283	392	16	-1	
5	1	383	1	1	1	1974	2283	392	16	95.000000	 
2	1	384	0	0	0	2167	2290	199	5	-1	
3	1	384	1	0	0	2167	2290	199	5	-1	
4	1	384	1	1	0	2167	2290	199	5	-1	
5	1	384	1	1	1	2167	2290	199	5	95.000000	 
2	1	385	0	0	0	1990	2287	28	3	-1	
3	1	385	1	0	0	1990	2287	28	3	-1	
4	1	385	1	1	0	1990	2287	28	3	-1	
5	1	385	1	1	1	1990	2287	28	3	95.000000	 
2	1	386	0	0	0	2167	2291	199	5	-1	
3	1	386	1	0	0	2167	2291	199	5	-1	
4	1	386	1	1	0	2167	2291	199	5	-1	
5	1	386	1	1	1	2167	2291	199	5	95.000000	 
2	1	387	0	0	0	2167	2291	199	5	-1	
3	1	387	1	0	0	2167	2291	199	5	-1	
4	1	387	1	1	0	2167	2291	199	5	-1	
5	1	387	1	1	1	2167	2291	199	5	95.000000	 
2	1	388	0	0	0	1990	2289	376	8	-1	
3	1	388	1	0	0	1990	2289	376	8	-1	
4	1	388	1	1	0	1990	2289	376	8	-1	
5	1	388	1	1	1	1990	2289	376	8	95.000000	 
2	1	389	0	0	0	2126	1997	10	314	-1	
3	1	389	1	0	0	2126	1997	10	314	-1	
4	1	389	1	1	0	2126	1997	10	314	-1	
5	1	389	1	1	1	2126	1997	10	314	95.000000	 
2	1	390	0	0	0	2128	1997	10	314	-1	
3	1	390	1	0	0	2128	1997	10	314	-1	
4	1	390	1	1	0	2128	1997	10	314	-1	
5	1	390	1	1	1	2128	1997	10	314	95.000000	 
2	1	391	0	0	0	2146	2068	6	247	-1	
3	1	391	1	0	0	2146	2068	6	247	-1	
4	1	391	1	1	0	2146	2068	6	247	-1	
5	1	391	1	1	1	2146	2068	6	247	95.000000	 
2	1	392	0	0	0	2144	2070	9	245	-1	
3	1	392	1	0	0	2144	2070	9	245	-1	
4	1	392	1	1	0	2144	2070	9	245	-1	
5	1	392	1	1	1	2144	2070	9	245	95.000000	 
2	1	393	0	0	0	2144	2088	10	227	-1	
3	1	393	1	0	0	2144	2088	10	227	-1	
4	1	393	1	1	0	2144	2088	10	227	-1	
5	1	393	1	1	1	2144	2088	10	227	95.000000	 
2	1	394	0	0	0	1789	2215	8	95	-1	
3	1	394	1	0	0	1789	2215	8	95	-1	
4	1	394	1	1	0	1789	2215	8	95	-1	
5	1	394	1	1	1	1789	2215	8	95	95.000000	 
2	1	395	0	0	0	2222	2239	5	63	-1	
3	1	395	1	0	0	2222	2239	5	63	-1	
4	1	395	1	1	0	2222	2239	5	63	-1	
5	1	395	1	1	1	2222	2239	5	63	95.000000	 
2	1	396	0	0	0	1782	2222	6	90	-1	
3	1	396	1	0	0	1782	2222	6	90	-1	
4	1	396	1	1	0	1782	2222	6	90	-1	
5	1	396	1	1	1	1782	2222	6	90	95.000000	 
2	1	397	0	0	0	1782	2222	6	90	-1	
3	1	397	1	0	0	1782	2222	6	90	-1	
4	1	397	1	1	0	1782	2222	6	90	-1	
5	1	397	1	1	1	1782	2222	6	90	95.000000	 
2	1	398	0	0	0	1917	2250	2	44	-1	
3	1	398	1	0	0	1917	2250	2	44	-1	
4	1	398	1	1	0	1917	2250	2	44	-1	
5	1	398	1	1	1	1917	2250	2	44	95.000000	 
2	1	399	0	0	0	2224	2262	3	40	-1	
3	1	399	1	0	0	2224	2262	3	40	-1	
4	1	399	1	1	0	2224	2262	3	40	-1	
5	1	399	1	1	1	2224	2262	3	40	95.000000	 
2	1	400	0	0	0	2332	2258	4	52	-1	
3	1	400	1	0	0	2332	2258	4	52	-1	
4	1	400	1	1	0	2332	2258	4	52	-1	
5	1	400	1	1	1	2332	2258	4	52	95.000000	 
2	1	401	0	0	0	2328	2259	5	51	-1	
3	1	401	1	0	0	2328	2259	5	51	-1	
4	1	401	1	1	0	2328	2259	5	51	-1	
5	1	401	1	1	1	2328	2259	5	51	95.000000	 
2	1	402	0	0	0	2354	2255	3	60	-1	
3	1	402	1	0	0	2354	2255	3	60	-1	
4	1	402	1	1	0	2354	2255	3	60	-1	
5	1	402	1	1	1	2354	2255	3	60	95.000000	 
2	1	403	0	0	0	2356	2256	4	59	-1	
3	1	403	1	0	0	2356	2256	4	59	-1	
4	1	403	1	1	0	2356	2256	4	59	-1	
5	1	403	1	1	1	2356	2256	4	59	95.000000	 
2	1	404	0	0	0	2405	2279	1	21	-1	
3	1	404	1	0	0	2405	2279	1	21	-1	
4	1	404	1	1	0	2405	2279	1	21	-1	
5	1	404	1	1	1	2405	2279	1	21	95.000000	 
2	1	405	0	0	0	1959	2272	3	28	-1	
3	1	405	1	0	0	1959	2272	3	28	-1	
4	1	405	1	1	0	1959	2272	3	28	-1	
5	1	405	1	1	1	1959	2272	3	28	95.000000	 
2	1	406	0	0	0	2321	2266	5	51	-1	
3	1	406	1	0	0	2321	2266	5	51	-1	
4	1	406	1	1	0	2321	2266	5	51	-1	
5	1	406	1	1	1	2321	2266	5	51	95.000000	 
2	1	407	0	0	0	2325	2266	4	51	-1	
3	1	407	1	0	0	2325	2266	4	51	-1	
4	1	407	1	1	0	2325	2266	4	51	-1	
5	1	407	1	1	1	2325	2266	4	51	95.000000	 
2	1	408	0	0	0	2330	2273	3	37	-1	
3	1	408	1	0	0	2330	2273	3	37	-1	
4	1	408	1	1	0	2330	2273	3	37	-1	
5	1	408	1	1	1	2330	2273	3	37	95.000000	 
2	1	409	0	0	0	2226	2279	3	23	-1	
3	1	409	1	0	0	2226	2279	3	23	-1	
4	1	409	1	1	0	2226	2279	3	23	-1	
5	1	409	1	1	1	2226	2279	3	23	95.000000	 
2	1	410	0	0	0	1943	2279	1	18	-1	
3	1	410	1	0	0	1943	2279	1	18	-1	
4	1	410	1	1	0	1943	2279	1	18	-1	
5	1	410	1	1	1	1943	2279	1	18	95.000000	 
2	1	411	0	0	0	1997	2278	3	25	-1	
3	1	411	1	0	0	1997	2278	3	25	-1	
4	1	411	1	1	0	1997	2278	3	25	-1	
5	1	411	1	1	1	1997	2278	3	25	95.000000	 
2	1	412	0	0	0	1966	2287	400	15	-1	
3	1	412	1	0	0	1966	2287	400	15	-1	
4	1	412	1	1	0	1966	2287	400	15	-1	
5	1	412	1	1	1	1966	2287	400	15	95.000000	 
2	1	413	0	0	0	1966	2287	400	14	-1	
3	1	413	1	0	0	1966	2287	400	14	-1	
4	1	413	1	1	0	1966	2287	400	14	-1	
5	1	413	1	1	1	1966	2287	400	14	95.000000	 
2	1	414	0	0	0	1980	2277	3	30	-1	
3	1	414	1	0	0	1980	2277	3	30	-1	
4	1	414	1	1	0	1980	2277	3	30	-1	
5	1	414	1	1	1	1980	2277	3	30	95.000000	 
2	1	415	0	0	0	2004	2278	3	27	-1	
3	1	415	1	0	0	2004	2278	3	27	-1	
4	1	415	1	1	0	2004	2278	3	27	-1	
5	1	415	1	1	1	2004	2278	3	27	95.000000	 
2	1	416	0	0	0	1966	2288	400	14	-1	
3	1	416	1	0	0	1966	2288	400	14	-1	
4	1	416	1	1	0	1966	2288	400	14	-1	
5	1	416	1	1	1	1966	2288	400	14	95.000000	 
2	1	417	0	0	0	1999	2282	3	25	-1	
3	1	417	1	0	0	1999	2282	3	25	-1	
4	1	417	1	1	0	1999	2282	3	25	-1	
5	1	417	1	1	1	1999	2282	3	25	95.000000	 
2	1	418	0	0	0	2323	2282	3	35	-1	
3	1	418	1	0	0	2323	2282	3	35	-1	
4	1	418	1	1	0	2323	2282	3	35	-1	
5	1	418	1	1	1	2323	2282	3	35	95.000000	 
2	1	419	0	0	0	1994	2288	6	15	-1	
3	1	419	1	0	0	1994	2288	6	15	-1	
4	1	419	1	1	0	1994	2288	6	15	-1	
5	1	419	1	1	1	1994	2288	6	15	95.000000	 
2	1	420	0	0	0	1812	2281	3	25	-1	
3	1	420	1	0	0	1812	2281	3	25	-1	
4	1	420	1	1	0	1812	2281	3	25	-1	
5	1	420	1	1	1	1812	2281	3	25	95.000000	 
2	1	421	0	0	0	1978	2287	3	19	-1	
3	1	421	1	0	0	1978	2287	3	19	-1	
4	1	421	1	1	0	1978	2287	3	19	-1	
5	1	421	1	1	1	1978	2287	3	19	95.000000	 
2	1	422	0	0	0	1978	2287	5	20	-1	
3	1	422	1	0	0	1978	2287	5	20	-1	
4	1	422	1	1	0	1978	2287	5	20	-1	
5	1	422	1	1	1	1978	2287	5	20	95.000000	 
2	1	423	0	0	0	1994	2288	3	17	-1	
3	1	423	1	0	0	1994	2288	3	17	-1	
4	1	423	1	1	0	1994	2288	3	17	-1	
5	1	423	1	1	1	1994	2288	3	17	95.000000	 
2	1	424	0	0	0	2323	2282	5	40	-1	
3	1	424	1	0	0	2323	2282	5	40	-1	
4	1	424	1	1	0	2323	2282	5	40	-1	
5	1	424	1	1	1	2323	2282	5	40	95.000000	 
2	1	425	0	0	0	2342	2301	28	3	-1	
3	1	425	1	0	0	2342	2301	28	3	-1	
4	1	425	1	1	0	2342	2301	28	3	-1	
5	1	425	1	1	1	2342	2301	28	3	95.000000	 
2	1	426	0	0	0	1777	2294	47	2	-1	
3	1	426	1	0	0	1777	2294	47	2	-1	
4	1	426	1	1	0	1777	2294	47	2	-1	
5	1	426	1	1	1	1777	2294	47	2	95.000000	 
2	1	427	0	0	0	2292	2293	3	18	-1	
3	1	427	1	0	0	2292	2293	3	18	-1	
4	1	427	1	1	0	2292	2293	3	18	-1	
5	1	427	1	1	1	2292	2293	3	18	95.000000	 
2	1	428	0	0	0	1777	2295	47	3	-1	
3	1	428	1	0	0	1777	2295	47	3	-1	
4	1	428	1	1	0	1777	2295	47	3	-1	
5	1	428	1	1	1	1777	2295	47	3	95.000000	 
2	1	429	0	0	0	1810	2288	3	18	-1	
3	1	429	1	0	0	1810	2288	3	18	-1	
4	1	429	1	1	0	1810	2288	3	18	-1	
5	1	429	1	1	1	1810	2288	3	18	95.000000	 
2	1	430	0	0	0	1990	2299	371	9	-1	
3	1	430	1	0	0	1990	2299	371	9	-1	
4	1	430	1	1	0	1990	2299	371	9	-1	
5	1	430	1	1	1	1990	2299	371	9	95.000000	 
2	1	431	0	0	0	2159	2287	4	32	-1	
3	1	431	1	0	0	2159	2287	4	32	-1	
4	1	431	1	1	0	2159	2287	4	32	-1	
5	1	431	1	1	1	2159	2287	4	32	95.000000	 
2	1	432	0	0	0	1810	2288	5	21	-1	
3	1	432	1	0	0	1810	2288	5	21	-1	
4	1	432	1	1	0	1810	2288	5	21	-1	
5	1	432	1	1	1	1810	2288	5	21	95.000000	 
2	1	433	0	0	0	1990	2300	370	8	-1	
3	1	433	1	0	0	1990	2300	370	8	-1	
4	1	433	1	1	0	1990	2300	370	8	-1	
5	1	433	1	1	1	1990	2300	370	8	95.000000	 
2	1	434	0	0	0	1978	2302	382	6	-1	
3	1	434	1	0	0	1978	2302	382	6	-1	
4	1	434	1	1	0	1978	2302	382	6	-1	
5	1	434	1	1	1	1978	2302	382	6	95.000000	 
2	1	435	0	0	0	1990	2302	370	8	-1	
3	1	435	1	0	0	1990	2302	370	8	-1	
4	1	435	1	1	0	1990	2302	370	8	-1	
5	1	435	1	1	1	1990	2302	370	8	95.000000	 
2	1	436	0	0	0	1990	2302	370	8	-1	
3	1	436	1	0	0	1990	2302	370	8	-1	
4	1	436	1	1	0	1990	2302	370	8	-1	
5	1	436	1	1	1	1990	2302	370	8	95.000000	 
2	1	437	0	0	0	2049	2304	311	8	-1	
3	1	437	1	0	0	2049	2304	311	8	-1	
4	1	437	1	1	0	2049	2304	311	8	-1	
5	1	437	1	1	1	2049	2304	311	8	95.000000	 
2	1	438	0	0	0	1806	2302	17	1	-1	
3	1	438	1	0	0	1806	2302	17	1	-1	
4	1	438	1	1	0	1806	2302	17	1	-1	
5	1	438	1	1	1	1806	2302	17	1	95.000000	 
2	1	439	0	0	0	2022	2304	353	14	-1	
3	1	439	1	0	0	2022	2304	353	14	-1	
4	1	439	1	1	0	2022	2304	353	14	-1	
5	1	439	1	1	1	2022	2304	353	14	95.000000	 
2	1	440	0	0	0	2046	2306	329	10	-1	
3	1	440	1	0	0	2046	2306	329	10	-1	
4	1	440	1	1	0	2046	2306	329	10	-1	
5	1	440	1	1	1	2046	2306	329	10	95.000000	 
2	1	441	0	0	0	2243	2302	1	19	-1	
3	1	441	1	0	0	2243	2302	1	19	-1	
4	1	441	1	1	0	2243	2302	1	19	-1	
5	1	441	1	1	1	2243	2302	1	19	95.000000	 
2	1	442	0	0	0	2022	2306	331	10	-1	
3	1	442	1	0	0	2022	2306	331	10	-1	
4	1	442	1	1	0	2022	2306	331	10	-1	
5	1	442	1	1	1	2022	2306	331	10	95.000000	 
2	1	443	0	0	0	2022	2304	353	16	-1	
3	1	443	1	0	0	2022	2304	353	16	-1	
4	1	443	1	1	0	2022	2304	353	16	-1	
5	1	443	1	1	1	2022	2304	353	16	95.000000	 
2	1	444	0	0	0	2023	2306	352	14	-1	
3	1	444	1	0	0	2023	2306	352	14	-1	
4	1	444	1	1	0	2023	2306	352	14	-1	
5	1	444	1	1	1	2023	2306	352	14	95.000000	 
2	1	445	0	0	0	2022	2305	353	17	-1	
3	1	445	1	0	0	2022	2305	353	17	-1	
4	1	445	1	1	0	2022	2305	353	17	-1	
5	1	445	1	1	1	2022	2305	353	17	95.000000	 
2	1	446	0	0	0	1777	2311	18	1	-1	
3	1	446	1	0	0	1777	2311	18	1	-1	
4	1	446	1	1	0	1777	2311	18	1	-1	
5	1	446	1	1	1	1777	2311	18	1	95.000000	 
2	1	447	0	0	0	2015	1932	20	405	-1	
3	1	447	1	0	0	2015	1932	20	405	-1	
4	1	447	1	1	0	2015	1932	20	405	-1	
5	1	447	1	1	1	2015	1932	20	405	95.000000	 
2	1	448	0	0	0	2015	1932	18	407	-1	
3	1	448	1	0	0	2015	1932	18	407	-1	
4	1	448	1	1	0	2015	1932	18	407	-1	
5	1	448	1	1	1	2015	1932	18	407	95.000000	 
2	1	449	0	0	0	2016	1932	16	407	-1	
3	1	449	1	0	0	2016	1932	16	407	-1	
4	1	449	1	1	0	2016	1932	16	407	-1	
5	1	449	1	1	1	2016	1932	16	407	95.000000	 
2	1	450	0	0	0	2117	1948	12	386	-1	
3	1	450	1	0	0	2117	1948	12	386	-1	
4	1	450	1	1	0	2117	1948	12	386	-1	
5	1	450	1	1	1	2117	1948	12	386	95.000000	 
2	1	451	0	0	0	2117	1951	14	383	-1	
3	1	451	1	0	0	2117	1951	14	383	-1	
4	1	451	1	1	0	2117	1951	14	383	-1	
5	1	451	1	1	1	2117	1951	14	383	95.000000	 
2	1	452	0	0	0	2117	1951	14	383	-1	
3	1	452	1	0	0	2117	1951	14	383	-1	
4	1	452	1	1	0	2117	1951	14	383	-1	
5	1	452	1	1	1	2117	1951	14	383	95.000000	 
2	1	453	0	0	0	2118	1951	14	383	-1	
3	1	453	1	0	0	2118	1951	14	383	-1	
4	1	453	1	1	0	2118	1951	14	383	-1	
5	1	453	1	1	1	2118	1951	14	383	95.000000	 
2	1	454	0	0	0	2119	1951	10	383	-1	
3	1	454	1	0	0	2119	1951	10	383	-1	
4	1	454	1	1	0	2119	1951	10	383	-1	
5	1	454	1	1	1	2119	1951	10	383	95.000000	 
2	1	455	0	0	0	2119	1951	10	383	-1	
3	1	455	1	0	0	2119	1951	10	383	-1	
4	1	455	1	1	0	2119	1951	10	383	-1	
5	1	455	1	1	1	2119	1951	10	383	95.000000	 
2	1	456	0	0	0	2119	1951	10	383	-1	
3	1	456	1	0	0	2119	1951	10	383	-1	
4	1	456	1	1	0	2119	1951	10	383	-1	
5	1	456	1	1	1	2119	1951	10	383	95.000000	 
2	1	457	0	0	0	2119	1951	10	383	-1	
3	1	457	1	0	0	2119	1951	10	383	-1	
4	1	457	1	1	0	2119	1951	10	383	-1	
5	1	457	1	1	1	2119	1951	10	383	95.000000	 
2	1	458	0	0	0	2119	1951	10	383	-1	
3	1	458	1	0	0	2119	1951	10	383	-1	
4	1	458	1	1	0	2119	1951	10	383	-1	
5	1	458	1	1	1	2119	1951	10	383	95.000000	 
2	1	459	0	0	0	2104	1958	29	376	-1	
3	1	459	1	0	0	2104	1958	29	376	-1	
4	1	459	1	1	0	2104	1958	29	376	-1	
5	1	459	1	1	1	2104	1958	29	376	95.000000	 
2	1	460	0	0	0	2103	1967	8	368	-1	
3	1	460	1	0	0	2103	1967	8	368	-1	
4	1	460	1	1	0	2103	1967	8	368	-1	
5	1	460	1	1	1	2103	1967	8	368	95.000000	 
2	1	461	0	0	0	2099	1967	10	369	-1	
3	1	461	1	0	0	2099	1967	10	369	-1	
4	1	461	1	1	0	2099	1967	10	369	-1	
5	1	461	1	1	1	2099	1967	10	369	95.000000	 
2	1	462	0	0	0	2120	1970	8	364	-1	
3	1	462	1	0	0	2120	1970	8	364	-1	
4	1	462	1	1	0	2120	1970	8	364	-1	
5	1	462	1	1	1	2120	1970	8	364	95.000000	 
2	1	463	0	0	0	2122	1970	9	364	-1	
3	1	463	1	0	0	2122	1970	9	364	-1	
4	1	463	1	1	0	2122	1970	9	364	-1	
5	1	463	1	1	1	2122	1970	9	364	95.000000	 
2	1	464	0	0	0	2108	1972	23	362	-1	
3	1	464	1	0	0	2108	1972	23	362	-1	
4	1	464	1	1	0	2108	1972	23	362	-1	
5	1	464	1	1	1	2108	1972	23	362	95.000000	 
2	1	465	0	0	0	2110	1972	22	362	-1	
3	1	465	1	0	0	2110	1972	22	362	-1	
4	1	465	1	1	0	2110	1972	22	362	-1	
5	1	465	1	1	1	2110	1972	22	362	95.000000	 
2	1	466	0	0	0	2109	1972	13	364	-1	
3	1	466	1	0	0	2109	1972	13	364	-1	
4	1	466	1	1	0	2109	1972	13	364	-1	
5	1	466	1	1	1	2109	1972	13	364	95.000000	 
2	1	467	0	0	0	2058	1966	9	376	-1	
3	1	467	1	0	0	2058	1966	9	376	-1	
4	1	467	1	1	0	2058	1966	9	376	-1	
5	1	467	1	1	1	2058	1966	9	376	95.000000	 
2	1	468	0	0	0	2059	1985	8	337	-1	
3	1	468	1	0	0	2059	1985	8	337	-1	
4	1	468	1	1	0	2059	1985	8	337	-1	
5	1	468	1	1	1	2059	1985	8	337	95.000000	 
2	1	469	0	0	0	2100	1967	16	376	-1	
3	1	469	1	0	0	2100	1967	16	376	-1	
4	1	469	1	1	0	2100	1967	16	376	-1	
5	1	469	1	1	1	2100	1967	16	376	95.000000	 
2	1	470	0	0	0	2111	1972	6	371	-1	
3	1	470	1	0	0	2111	1972	6	371	-1	
4	1	470	1	1	0	2111	1972	6	371	-1	
5	1	470	1	1	1	2111	1972	6	371	95.000000	 
2	1	471	0	0	0	2104	1983	6	352	-1	
3	1	471	1	0	0	2104	1983	6	352	-1	
4	1	471	1	1	0	2104	1983	6	352	-1	
5	1	471	1	1	1	2104	1983	6	352	95.000000	 
2	1	472	0	0	0	2061	1985	8	350	-1	
3	1	472	1	0	0	2061	1985	8	350	-1	
4	1	472	1	1	0	2061	1985	8	350	-1	
5	1	472	1	1	1	2061	1985	8	350	95.000000	 
2	1	473	0	0	0	2058	1985	9	354	-1	
3	1	473	1	0	0	2058	1985	9	354	-1	
4	1	473	1	1	0	2058	1985	9	354	-1	
5	1	473	1	1	1	2058	1985	9	354	95.000000	 
2	1	474	0	0	0	2057	1985	11	357	-1	
3	1	474	1	0	0	2057	1985	11	357	-1	
4	1	474	1	1	0	2057	1985	11	357	-1	
5	1	474	1	1	1	2057	1985	11	357	95.000000	 
2	1	475	0	0	0	2115	2005	14	329	-1	
3	1	475	1	0	0	2115	2005	14	329	-1	
4	1	475	1	1	0	2115	2005	14	329	-1	
5	1	475	1	1	1	2115	2005	14	329	95.000000	 
2	1	476	0	0	0	2072	2024	12	300	-1	
3	1	476	1	0	0	2072	2024	12	300	-1	
4	1	476	1	1	0	2072	2024	12	300	-1	
5	1	476	1	1	1	2072	2024	12	300	95.000000	 
2	1	477	0	0	0	2073	2024	11	300	-1	
3	1	477	1	0	0	2073	2024	11	300	-1	
4	1	477	1	1	0	2073	2024	11	300	-1	
5	1	477	1	1	1	2073	2024	11	300	95.000000	 
2	1	478	0	0	0	2030	2023	7	310	-1	
3	1	478	1	0	0	2030	2023	7	310	-1	
4	1	478	1	1	0	2030	2023	7	310	-1	
5	1	478	1	1	1	2030	2023	7	310	95.000000	 
2	1	479	0	0	0	2030	2023	7	310	-1	
3	1	479	1	0	0	2030	2023	7	310	-1	
4	1	479	1	1	0	2030	2023	7	310	-1	
5	1	479	1	1	1	2030	2023	7	310	95.000000	 
2	1	480	0	0	0	2028	2027	11	306	-1	
3	1	480	1	0	0	2028	2027	11	306	-1	
4	1	480	1	1	0	2028	2027	11	306	-1	
5	1	480	1	1	1	2028	2027	11	306	95.000000	 
2	1	481	0	0	0	2077	2040	9	284	-1	
3	1	481	1	0	0	2077	2040	9	284	-1	
4	1	481	1	1	0	2077	2040	9	284	-1	
5	1	481	1	1	1	2077	2040	9	284	95.000000	 
2	1	482	0	0	0	2076	2046	6	278	-1	
3	1	482	1	0	0	2076	2046	6	278	-1	
4	1	482	1	1	0	2076	2046	6	278	-1	
5	1	482	1	1	1	2076	2046	6	278	95.000000	 
2	1	483	0	0	0	2078	2046	8	278	-1	
3	1	483	1	0	0	2078	2046	8	278	-1	
4	1	483	1	1	0	2078	2046	8	278	-1	
5	1	483	1	1	1	2078	2046	8	278	95.000000	 
2	1	484	0	0	0	2087	2178	4	148	-1	
3	1	484	1	0	0	2087	2178	4	148	-1	
4	1	484	1	1	0	2087	2178	4	148	-1	
5	1	484	1	1	1	2087	2178	4	148	95.000000	 
2	1	485	0	0	0	2089	2176	7	155	-1	
3	1	485	1	0	0	2089	2176	7	155	-1	
4	1	485	1	1	0	2089	2176	7	155	-1	
5	1	485	1	1	1	2089	2176	7	155	95.000000	 
2	1	486	0	0	0	2090	2178	5	153	-1	
3	1	486	1	0	0	2090	2178	5	153	-1	
4	1	486	1	1	0	2090	2178	5	153	-1	
5	1	486	1	1	1	2090	2178	5	153	95.000000	 
2	1	487	0	0	0	2089	2188	4	143	-1	
3	1	487	1	0	0	2089	2188	4	143	-1	
4	1	487	1	1	0	2089	2188	4	143	-1	
5	1	487	1	1	1	2089	2188	4	143	95.000000	 
2	1	488	0	0	0	1782	2222	5	97	-1	
3	1	488	1	0	0	1782	2222	5	97	-1	
4	1	488	1	1	0	1782	2222	5	97	-1	
5	1	488	1	1	1	1782	2222	5	97	95.000000	 
2	1	489	0	0	0	1785	2214	7	113	-1	
3	1	489	1	0	0	1785	2214	7	113	-1	
4	1	489	1	1	0	1785	2214	7	113	-1	
5	1	489	1	1	1	1785	2214	7	113	95.000000	 
2	1	490	0	0	0	1789	2215	3	112	-1	
3	1	490	1	0	0	1789	2215	3	112	-1	
4	1	490	1	1	0	1789	2215	3	112	-1	
5	1	490	1	1	1	1789	2215	3	112	95.000000	 
2	1	491	0	0	0	1789	2215	3	112	-1	
3	1	491	1	0	0	1789	2215	3	112	-1	
4	1	491	1	1	0	1789	2215	3	112	-1	
5	1	491	1	1	1	1789	2215	3	112	95.000000	 
2	1	492	0	0	0	1789	2215	6	112	-1	
3	1	492	1	0	0	1789	2215	6	112	-1	
4	1	492	1	1	0	1789	2215	6	112	-1	
5	1	492	1	1	1	1789	2215	6	112	95.000000	 
2	1	493	0	0	0	1791	2215	6	112	-1	
3	1	493	1	0	0	1791	2215	6	112	-1	
4	1	493	1	1	0	1791	2215	6	112	-1	
5	1	493	1	1	1	1791	2215	6	112	95.000000	 
2	1	494	0	0	0	1787	2216	5	111	-1	
3	1	494	1	0	0	1787	2216	5	111	-1	
4	1	494	1	1	0	1787	2216	5	111	-1	
5	1	494	1	1	1	1787	2216	5	111	95.000000	 
2	1	495	0	0	0	1783	2222	7	102	-1	
3	1	495	1	0	0	1783	2222	7	102	-1	
4	1	495	1	1	0	1783	2222	7	102	-1	
5	1	495	1	1	1	1783	2222	7	102	95.000000	 
2	1	496	0	0	0	2071	2238	4	86	-1	
3	1	496	1	0	0	2071	2238	4	86	-1	
4	1	496	1	1	0	2071	2238	4	86	-1	
5	1	496	1	1	1	2071	2238	4	86	95.000000	 
2	1	497	0	0	0	2071	2238	6	86	-1	
3	1	497	1	0	0	2071	2238	6	86	-1	
4	1	497	1	1	0	2071	2238	6	86	-1	
5	1	497	1	1	1	2071	2238	6	86	95.000000	 
2	1	498	0	0	0	2357	2256	4	69	-1	
3	1	498	1	0	0	2357	2256	4	69	-1	
4	1	498	1	1	0	2357	2256	4	69	-1	
5	1	498	1	1	1	2357	2256	4	69	95.000000	 
2	1	499	0	0	0	1874	2244	2	85	-1	
3	1	499	1	0	0	1874	2244	2	85	-1	
4	1	499	1	1	0	1874	2244	2	85	-1	
5	1	499	1	1	1	1874	2244	2	85	95.000000	 
2	1	500	0	0	0	2065	2255	3	70	-1	
3	1	500	1	0	0	2065	2255	3	70	-1	
4	1	500	1	1	0	2065	2255	3	70	-1	
5	1	500	1	1	1	2065	2255	3	70	95.000000	 
2	1	501	0	0	0	2358	2256	3	75	-1	
3	1	501	1	0	0	2358	2256	3	75	-1	
4	1	501	1	1	0	2358	2256	3	75	-1	
5	1	501	1	1	1	2358	2256	3	75	95.000000	 
2	1	502	0	0	0	2340	2254	4	84	-1	
3	1	502	1	0	0	2340	2254	4	84	-1	
4	1	502	1	1	0	2340	2254	4	84	-1	
5	1	502	1	1	1	2340	2254	4	84	95.000000	 
2	1	503	0	0	0	2341	2254	3	84	-1	
3	1	503	1	0	0	2341	2254	3	84	-1	
4	1	503	1	1	0	2341	2254	3	84	-1	
5	1	503	1	1	1	2341	2254	3	84	95.000000	 
2	1	504	0	0	0	1865	2241	6	98	-1	
3	1	504	1	0	0	1865	2241	6	98	-1	
4	1	504	1	1	0	1865	2241	6	98	-1	
5	1	504	1	1	1	1865	2241	6	98	95.000000	 
2	1	505	0	0	0	2345	2256	2	82	-1	
3	1	505	1	0	0	2345	2256	2	82	-1	
4	1	505	1	1	0	2345	2256	2	82	-1	
5	1	505	1	1	1	2345	2256	2	82	95.000000	 
2	1	506	0	0	0	2347	2256	2	82	-1	
3	1	506	1	0	0	2347	2256	2	82	-1	
4	1	506	1	1	0	2347	2256	2	82	-1	
5	1	506	1	1	1	2347	2256	2	82	95.000000	 
2	1	507	0	0	0	2170	2251	4	90	-1	
3	1	507	1	0	0	2170	2251	4	90	-1	
4	1	507	1	1	0	2170	2251	4	90	-1	
5	1	507	1	1	1	2170	2251	4	90	95.000000	 
2	1	508	0	0	0	2174	2263	3	68	-1	
3	1	508	1	0	0	2174	2263	3	68	-1	
4	1	508	1	1	0	2174	2263	3	68	-1	
5	1	508	1	1	1	2174	2263	3	68	95.000000	 
2	1	509	0	0	0	2178	2256	4	82	-1	
3	1	509	1	0	0	2178	2256	4	82	-1	
4	1	509	1	1	0	2178	2256	4	82	-1	
5	1	509	1	1	1	2178	2256	4	82	95.000000	 
2	1	510	0	0	0	2179	2256	2	82	-1	
3	1	510	1	0	0	2179	2256	2	82	-1	
4	1	510	1	1	0	2179	2256	2	82	-1	
5	1	510	1	1	1	2179	2256	2	82	95.000000	 
2	1	511	0	0	0	2338	2254	6	89	-1	
3	1	511	1	0	0	2338	2254	6	89	-1	
4	1	511	1	1	0	2338	2254	6	89	-1	
5	1	511	1	1	1	2338	2254	6	89	95.000000	 
2	1	512	0	0	0	1879	2252	6	84	-1	
3	1	512	1	0	0	1879	2252	6	84	-1	
4	1	512	1	1	0	1879	2252	6	84	-1	
5	1	512	1	1	1	1879	2252	6	84	95.000000	 
2	1	513	0	0	0	1979	2267	351	93	-1	
3	1	513	1	0	0	1979	2267	351	93	-1	
4	1	513	1	1	0	1979	2267	351	93	-1	
5	1	513	1	1	1	1979	2336	36	24	95.000000	 
5	1	513	1	1	2	2261	2267	69	69	95.000000	 
2	1	514	0	0	0	2334	2270	4	64	-1	
3	1	514	1	0	0	2334	2270	4	64	-1	
4	1	514	1	1	0	2334	2270	4	64	-1	
5	1	514	1	1	1	2334	2270	4	64	95.000000	 
2	1	515	0	0	0	2174	2263	8	75	-1	
3	1	515	1	0	0	2174	2263	8	75	-1	
4	1	515	1	1	0	2174	2263	8	75	-1	
5	1	515	1	1	1	2174	2263	8	75	95.000000	 
2	1	516	0	0	0	2346	2271	4	67	-1	
3	1	516	1	0	0	2346	2271	4	67	-1	
4	1	516	1	1	0	2346	2271	4	67	-1	
5	1	516	1	1	1	2346	2271	4	67	95.000000	 
2	1	517	0	0	0	2053	2268	3	74	-1	
3	1	517	1	0	0	2053	2268	3	74	-1	
4	1	517	1	1	0	2053	2268	3	74	-1	
5	1	517	1	1	1	2053	2268	3	74	95.000000	 
2	1	518	0	0	0	2285	2298	3	28	-1	
3	1	518	1	0	0	2285	2298	3	28	-1	
4	1	518	1	1	0	2285	2298	3	28	-1	
5	1	518	1	1	1	2285	2298	3	28	95.000000	 
2	1	519	0	0	0	2160	2287	5	49	-1	
3	1	519	1	0	0	2160	2287	5	49	-1	
4	1	519	1	1	0	2160	2287	5	49	-1	
5	1	519	1	1	1	2160	2287	5	49	95.000000	 
2	1	520	0	0	0	1864	2297	511	32	-1	
3	1	520	1	0	0	1864	2297	511	32	-1	
4	1	520	1	1	0	1864	2297	511	32	-1	
5	1	520	1	1	1	1864	2297	511	32	95.000000	 
2	1	521	0	0	0	2162	2290	3	46	-1	
3	1	521	1	0	0	2162	2290	3	46	-1	
4	1	521	1	1	0	2162	2290	3	46	-1	
5	1	521	1	1	1	2162	2290	3	46	95.000000	 
2	1	522	0	0	0	2162	2290	3	46	-1	
3	1	522	1	0	0	2162	2290	3	46	-1	
4	1	522	1	1	0	2162	2290	3	46	-1	
5	1	522	1	1	1	2162	2290	3	46	95.000000	 
2	1	523	0	0	0	2274	2306	1	20	-1	
3	1	523	1	0	0	2274	2306	1	20	-1	
4	1	523	1	1	0	2274	2306	1	20	-1	
5	1	523	1	1	1	2274	2306	1	20	95.000000	 
2	1	524	0	0	0	2269	2306	1	23	-1	
3	1	524	1	0	0	2269	2306	1	23	-1	
4	1	524	1	1	0	2269	2306	1	23	-1	
5	1	524	1	1	1	2269	2306	1	23	95.000000	 
2	1	525	0	0	0	2037	2305	1	22	-1	
3	1	525	1	0	0	2037	2305	1	22	-1	
4	1	525	1	1	0	2037	2305	1	22	-1	
5	1	525	1	1	1	2037	2305	1	22	95.000000	 
2	1	526	0	0	0	2281	2310	1	18	-1	
3	1	526	1	0	0	2281	2310	1	18	-1	
4	1	526	1	1	0	2281	2310	1	18	-1	
5	1	526	1	1	1	2281	2310	1	18	95.000000	 
2	1	527	0	0	0	1864	2308	482	20	-1	
3	1	527	1	0	0	1864	2308	482	20	-1	
4	1	527	1	1	0	1864	2308	482	20	-1	
5	1	527	1	1	1	1864	2308	482	20	95.000000	 
2	1	528	0	0	0	2022	2315	343	9	-1	
3	1	528	1	0	0	2022	2315	343	9	-1	
4	1	528	1	1	0	2022	2315	343	9	-1	
5	1	528	1	1	1	2022	2315	343	9	95.000000	 
2	1	529	0	0	0	2022	2315	343	9	-1	
3	1	529	1	0	0	2022	2315	343	9	-1	
4	1	529	1	1	0	2022	2315	343	9	-1	
5	1	529	1	1	1	2022	2315	343	9	95.000000	 
2	1	530	0	0	0	2265	2309	1	23	-1	
3	1	530	1	0	0	2265	2309	1	23	-1	
4	1	530	1	1	0	2265	2309	1	23	-1	
5	1	530	1	1	1	2265	2309	1	23	95.000000	 
2	1	531	0	0	0	1864	2311	501	18	-1	
3	1	531	1	0	0	1864	2311	501	18	-1	
4	1	531	1	1	0	1864	2311	501	18	-1	
5	1	531	1	1	1	1864	2311	501	18	95.000000	 
2	1	532	0	0	0	2267	2311	1	21	-1	
3	1	532	1	0	0	2267	2311	1	21	-1	
4	1	532	1	1	0	2267	2311	1	21	-1	
5	1	532	1	1	1	2267	2311	1	21	95.000000	 
2	1	533	0	0	0	1864	2315	496	10	-1	
3	1	533	1	0	0	1864	2315	496	10	-1	
4	1	533	1	1	0	1864	2315	496	10	-1	
5	1	533	1	1	1	1864	2315	496	10	95.000000	 
2	1	534	0	0	0	1864	2313	501	15	-1	
3	1	534	1	0	0	1864	2313	501	15	-1	
4	1	534	1	1	0	1864	2313	501	15	-1	
5	1	534	1	1	1	1864	2313	501	15	95.000000	 
2	1	535	0	0	0	1864	2313	501	15	-1	
3	1	535	1	0	0	1864	2313	501	15	-1	
4	1	535	1	1	0	1864	2313	501	15	-1	
5	1	535	1	1	1	1864	2313	501	15	95.000000	 
2	1	536	0	0	0	2049	2298	5	44	-1	
3	1	536	1	0	0	2049	2298	5	44	-1	
4	1	536	1	1	0	2049	2298	5	44	-1	
5	1	536	1	1	1	2049	2298	5	44	95.000000	 
2	1	537	0	0	0	1864	2317	498	11	-1	
3	1	537	1	0	0	1864	2317	498	11	-1	
4	1	537	1	1	0	1864	2317	498	11	-1	
5	1	537	1	1	1	1864	2317	498	11	95.000000	 
2	1	538	0	0	0	2013	2309	1	23	-1	
3	1	538	1	0	0	2013	2309	1	23	-1	
4	1	538	1	1	0	2013	2309	1	23	-1	
5	1	538	1	1	1	2013	2309	1	23	95.000000	 
2	1	539	0	0	0	2016	2310	1	22	-1	
3	1	539	1	0	0	2016	2310	1	22	-1	
4	1	539	1	1	0	2016	2310	1	22	-1	
5	1	539	1	1	1	2016	2310	1	22	95.000000	 
2	1	540	0	0	0	1864	2316	482	14	-1	
3	1	540	1	0	0	1864	2316	482	14	-1	
4	1	540	1	1	0	1864	2316	482	14	-1	
5	1	540	1	1	1	1864	2316	482	14	95.000000	 
2	1	541	0	0	0	2018	2308	1	27	-1	
3	1	541	1	0	0	2018	2308	1	27	-1	
4	1	541	1	1	0	2018	2308	1	27	-1	
5	1	541	1	1	1	2018	2308	1	27	95.000000	 
2	1	542	0	0	0	2252	2309	2	36	-1	
3	1	542	1	0	0	2252	2309	2	36	-1	
4	1	542	1	1	0	2252	2309	2	36	-1	
5	1	542	1	1	1	2252	2309	2	36	95.000000	 
2	1	543	0	0	0	1861	2322	520	12	-1	
3	1	543	1	0	0	1861	2322	520	12	-1	
4	1	543	1	1	0	1861	2322	520	12	-1	
5	1	543	1	1	1	1861	2322	520	12	95.000000	 
2	1	544	0	0	0	1861	2323	520	12	-1	
3	1	544	1	0	0	1861	2323	520	12	-1	
4	1	544	1	1	0	1861	2323	520	12	-1	
5	1	544	1	1	1	1861	2323	520	12	95.000000	 
2	1	545	0	0	0	1861	2323	520	11	-1	
3	1	545	1	0	0	1861	2323	520	11	-1	
4	1	545	1	1	0	1861	2323	520	11	-1	
5	1	545	1	1	1	1861	2323	520	11	95.000000	 
2	1	546	0	0	0	1861	2325	469	8	-1	
3	1	546	1	0	0	1861	2325	469	8	-1	
4	1	546	1	1	0	1861	2325	469	8	-1	
5	1	546	1	1	1	1861	2325	469	8	95.000000	 
2	1	547	0	0	0	1861	2323	485	12	-1	
3	1	547	1	0	0	1861	2323	485	12	-1	
4	1	547	1	1	0	1861	2323	485	12	-1	
5	1	547	1	1	1	1861	2323	485	12	95.000000	 
2	1	548	0	0	0	1861	2324	485	10	-1	
3	1	548	1	0	0	1861	2324	485	10	-1	
4	1	548	1	1	0	1861	2324	485	10	-1	
5	1	548	1	1	1	1861	2324	485	10	95.000000	 
2	1	549	0	0	0	1861	2325	520	12	-1	
3	1	549	1	0	0	1861	2325	520	12	-1	
4	1	549	1	1	0	1861	2325	520	12	-1	
5	1	549	1	1	1	1861	2325	520	12	95.000000	 
2	1	550	0	0	0	2040	2326	76	37	-1	
3	1	550	1	0	0	2040	2326	76	37	-1	
4	1	550	1	1	0	2040	2326	76	37	-1	
5	1	550	1	1	1	2040	2326	76	37	95.000000	  
2	1	551	0	0	0	1871	2317	1	21	-1	
3	1	551	1	0	0	1871	2317	1	21	-1	
4	1	551	1	1	0	1871	2317	1	21	-1	
5	1	551	1	1	1	1871	2317	1	21	95.000000	 
2	1	552	0	0	0	2097	2330	284	7	-1	
3	1	552	1	0	0	2097	2330	284	7	-1	
4	1	552	1	1	0	2097	2330	284	7	-1	
5	1	552	1	1	1	2097	2330	284	7	95.000000	 
2	1	553	0	0	0	1864	2326	517	13	-1	
3	1	553	1	0	0	1864	2326	517	13	-1	
4	1	553	1	1	0	1864	2326	517	13	-1	
5	1	553	1	1	1	1864	2326	517	13	95.000000	 
2	1	554	0	0	0	1890	2324	491	18	-1	
3	1	554	1	0	0	1890	2324	491	18	-1	
4	1	554	1	1	0	1890	2324	491	18	-1	
5	1	554	1	1	1	1890	2324	491	18	95.000000	 
2	1	555	0	0	0	1883	2325	498	17	-1	
3	1	555	1	0	0	1883	2325	498	17	-1	
4	1	555	1	1	0	1883	2325	498	17	-1	
5	1	555	1	1	1	1883	2325	498	17	95.000000	 
2	1	556	0	0	0	1890	2325	491	17	-1	
3	1	556	1	0	0	1890	2325	491	17	-1	
4	1	556	1	1	0	1890	2325	491	17	-1	
5	1	556	1	1	1	1890	2325	491	17	95.000000	 
2	1	557	0	0	0	2079	2330	302	10	-1	
3	1	557	1	0	0	2079	2330	302	10	-1	
4	1	557	1	1	0	2079	2330	302	10	-1	
5	1	557	1	1	1	2079	2330	302	10	95.000000	 
2	1	558	0	0	0	2079	2332	328	10	-1	
3	1	558	1	0	0	2079	2332	328	10	-1	
4	1	558	1	1	0	2079	2332	328	10	-1	
5	1	558	1	1	1	2079	2332	328	10	95.000000	 
2	1	559	0	0	0	2079	2332	329	10	-1	
3	1	559	1	0	0	2079	2332	329	10	-1	
4	1	559	1	1	0	2079	2332	329	10	-1	
5	1	559	1	1	1	2079	2332	329	10	95.000000	 
2	1	560	0	0	0	2079	2334	324	13	-1	
3	1	560	1	0	0	2079	2334	324	13	-1	
4	1	560	1	1	0	2079	2334	324	13	-1	
5	1	560	1	1	1	2079	2334	324	13	95.000000	 
2	1	561	0	0	0	2076	2046	16	299	-1	
3	1	561	1	0	0	2076	2046	16	299	-1	
4	1	561	1	1	0	2076	2046	16	299	-1	
5	1	561	1	1	1	2076	2046	16	299	95.000000	 
2	1	562	0	0	0	2207	2210	8	155	-1	
3	1	562	1	0	0	2207	2210	8	155	-1	
4	1	562	1	1	0	2207	2210	8	155	-1	
5	1	562	1	1	1	2207	2210	8	155	95.000000	 
2	1	563	0	0	0	2205	2212	9	153	-1	
3	1	563	1	0	0	2205	2212	9	153	-1	
4	1	563	1	1	0	2205	2212	9	153	-1	
5	1	563	1	1	1	2205	2212	9	153	95.000000	 
2	1	564	0	0	0	2209	2224	6	141	-1	
3	1	564	1	0	0	2209	2224	6	141	-1	
4	1	564	1	1	0	2209	2224	6	141	-1	
5	1	564	1	1	1	2209	2224	6	141	95.000000	 
2	1	565	0	0	0	2211	2231	4	134	-1	
3	1	565	1	0	0	2211	2231	4	134	-1	
4	1	565	1	1	0	2211	2231	4	134	-1	
5	1	565	1	1	1	2211	2231	4	134	95.000000	 
2	1	566	0	0	0	1891	2242	4	103	-1	
3	1	566	1	0	0	1891	2242	4	103	-1	
4	1	566	1	1	0	1891	2242	4	103	-1	
5	1	566	1	1	1	1891	2242	4	103	95.000000	 
2	1	567	0	0	0	2370	2255	6	93	-1	
3	1	567	1	0	0	2370	2255	6	93	-1	
4	1	567	1	1	0	2370	2255	6	93	-1	
5	1	567	1	1	1	2370	2255	6	93	95.000000	 
2	1	568	0	0	0	2339	2254	5	101	-1	
3	1	568	1	0	0	2339	2254	5	101	-1	
4	1	568	1	1	0	2339	2254	5	101	-1	
5	1	568	1	1	1	2339	2254	5	101	95.000000	 
2	1	569	0	0	0	2363	2259	3	93	-1	
3	1	569	1	0	0	2363	2259	3	93	-1	
4	1	569	1	1	0	2363	2259	3	93	-1	
5	1	569	1	1	1	2363	2259	3	93	95.000000	 
2	1	570	0	0	0	2373	2264	2	84	-1	
3	1	570	1	0	0	2373	2264	2	84	-1	
4	1	570	1	1	0	2373	2264	2	84	-1	
5	1	570	1	1	1	2373	2264	2	84	95.000000	 
2	1	571	0	0	0	1895	2247	3	104	-1	
3	1	571	1	0	0	1895	2247	3	104	-1	
4	1	571	1	1	0	1895	2247	3	104	-1	
5	1	571	1	1	1	1895	2247	3	104	95.000000	 
2	1	572	0	0	0	1898	2246	7	106	-1	
3	1	572	1	0	0	1898	2246	7	106	-1	
4	1	572	1	1	0	1898	2246	7	106	-1	
5	1	572	1	1	1	1898	2246	7	106	95.000000	 
2	1	573	0	0	0	1899	2247	3	104	-1	
3	1	573	1	0	0	1899	2247	3	104	-1	
4	1	573	1	1	0	1899	2247	3	104	-1	
5	1	573	1	1	1	1899	2247	3	104	95.000000	 
2	1	574	0	0	0	1899	2247	3	104	-1	
3	1	574	1	0	0	1899	2247	3	104	-1	
4	1	574	1	1	0	1899	2247	3	104	-1	
5	1	574	1	1	1	1899	2247	3	104	95.000000	 
2	1	575	0	0	0	2174	2263	3	84	-1	
3	1	575	1	0	0	2174	2263	3	84	-1	
4	1	575	1	1	0	2174	2263	3	84	-1	
5	1	575	1	1	1	2174	2263	3	84	95.000000	 
2	1	576	0	0	0	2363	2263	3	89	-1	
3	1	576	1	0	0	2363	2263	3	89	-1	
4	1	576	1	1	0	2363	2263	3	89	-1	
5	1	576	1	1	1	2363	2263	3	89	95.000000	 
2	1	577	0	0	0	2373	2264	4	87	-1	
3	1	577	1	0	0	2373	2264	4	87	-1	
4	1	577	1	1	0	2373	2264	4	87	-1	
5	1	577	1	1	1	2373	2264	4	87	95.000000	 
2	1	578	0	0	0	2364	2265	5	87	-1	
3	1	578	1	0	0	2364	2265	5	87	-1	
4	1	578	1	1	0	2364	2265	5	87	-1	
5	1	578	1	1	1	2364	2265	5	87	95.000000	 
2	1	579	0	0	0	2366	2265	4	89	-1	
3	1	579	1	0	0	2366	2265	4	89	-1	
4	1	579	1	1	0	2366	2265	4	89	-1	
5	1	579	1	1	1	2366	2265	4	89	95.000000	 
2	1	580	0	0	0	2217	2260	4	95	-1	
3	1	580	1	0	0	2217	2260	4	95	-1	
4	1	580	1	1	0	2217	2260	4	95	-1	
5	1	580	1	1	1	2217	2260	4	95	95.000000	 
2	1	581	0	0	0	2373	2264	6	93	-1	
3	1	581	1	0	0	2373	2264	6	93	-1	
4	1	581	1	1	0	2373	2264	6	93	-1	
5	1	581	1	1	1	2373	2264	6	93	95.000000	 
2	1	582	0	0	0	2376	2252	7	117	-1	
3	1	582	1	0	0	2376	2252	7	117	-1	
4	1	582	1	1	0	2376	2252	7	117	-1	
5	1	582	1	1	1	2376	2252	7	117	95.000000	 
2	1	583	0	0	0	2378	2253	5	116	-1	
3	1	583	1	0	0	2378	2253	5	116	-1	
4	1	583	1	1	0	2378	2253	5	116	-1	
5	1	583	1	1	1	2378	2253	5	116	95.000000	 
2	1	584	0	0	0	2382	2257	3	107	-1	
3	1	584	1	0	0	2382	2257	3	107	-1	
4	1	584	1	1	0	2382	2257	3	107	-1	
5	1	584	1	1	1	2382	2257	3	107	95.000000	 
2	1	585	0	0	0	2397	2260	6	101	-1	
3	1	585	1	0	0	2397	2260	6	101	-1	
4	1	585	1	1	0	2397	2260	6	101	-1	
5	1	585	1	1	1	2397	2260	6	101	95.000000	 
2	1	586	0	0	0	1937	2255	3	104	-1	
3	1	586	1	0	0	1937	2255	3	104	-1	
4	1	586	1	1	0	1937	2255	3	104	-1	
5	1	586	1	1	1	1937	2255	3	104	95.000000	 
2	1	587	0	0	0	2387	2258	5	113	-1	
3	1	587	1	0	0	2387	2258	5	113	-1	
4	1	587	1	1	0	2387	2258	5	113	-1	
5	1	587	1	1	1	2387	2258	5	113	95.000000	 
2	1	588	0	0	0	1898	2265	8	87	-1	
3	1	588	1	0	0	1898	2265	8	87	-1	
4	1	588	1	1	0	1898	2265	8	87	-1	
5	1	588	1	1	1	1898	2265	8	87	95.000000	 
2	1	589	0	0	0	2214	2260	5	105	-1	
3	1	589	1	0	0	2214	2260	5	105	-1	
4	1	589	1	1	0	2214	2260	5	105	-1	
5	1	589	1	1	1	2214	2260	5	105	95.000000	 
2	1	590	0	0	0	2215	2260	6	105	-1	
3	1	590	1	0	0	2215	2260	6	105	-1	
4	1	590	1	1	0	2215	2260	6	105	-1	
5	1	590	1	1	1	2215	2260	6	105	95.000000	 
2	1	591	0	0	0	2384	2262	8	109	-1	
3	1	591	1	0	0	2384	2262	8	109	-1	
4	1	591	1	1	0	2384	2262	8	109	-1	
5	1	591	1	1	1	2384	2262	8	109	95.000000	 
2	1	592	0	0	0	2392	2272	6	90	-1	
3	1	592	1	0	0	2392	2272	6	90	-1	
4	1	592	1	1	0	2392	2272	6	90	-1	
5	1	592	1	1	1	2392	2272	6	90	95.000000	 
2	1	593	0	0	0	2319	2266	5	102	-1	
3	1	593	1	0	0	2319	2266	5	102	-1	
4	1	593	1	1	0	2319	2266	5	102	-1	
5	1	593	1	1	1	2319	2266	5	102	95.000000	 
2	1	594	0	0	0	1818	2269	4	82	-1	
3	1	594	1	0	0	1818	2269	4	82	-1	
4	1	594	1	1	0	1818	2269	4	82	-1	
5	1	594	1	1	1	1818	2269	4	82	95.000000	 
2	1	595	0	0	0	1819	2269	3	82	-1	
3	1	595	1	0	0	1819	2269	3	82	-1	
4	1	595	1	1	0	1819	2269	3	82	-1	
5	1	595	1	1	1	1819	2269	3	82	95.000000	 
2	1	596	0	0	0	1819	2269	4	82	-1	
3	1	596	1	0	0	1819	2269	4	82	-1	
4	1	596	1	1	0	1819	2269	4	82	-1	
5	1	596	1	1	1	1819	2269	4	82	95.000000	 
2	1	597	0	0	0	2379	2269	4	100	-1	
3	1	597	1	0	0	2379	2269	4	100	-1	
4	1	597	1	1	0	2379	2269	4	100	-1	
5	1	597	1	1	1	2379	2269	4	100	95.000000	 
2	1	598	0	0	0	1933	2267	6	92	-1	
3	1	598	1	0	0	1933	2267	6	92	-1	
4	1	598	1	1	0	1933	2267	6	92	-1	
5	1	598	1	1	1	1933	2267	6	92	95.000000	 
2	1	599	0	0	0	2351	2271	3	98	-1	
3	1	599	1	0	0	2351	2271	3	98	-1	
4	1	599	1	1	0	2351	2271	3	98	-1	
5	1	599	1	1	1	2351	2271	3	98	95.000000	 
2	1	600	0	0	0	2162	2290	5	56	-1	
3	1	600	1	0	0	2162	2290	5	56	-1	
4	1	600	1	1	0	2162	2290	5	56	-1	
5	1	600	1	1	1	2162	2290	5	56	95.000000	 
2	1	601	0	0	0	2389	2272	3	99	-1	
3	1	601	1	0	0	2389	2272	3	99	-1	
4	1	601	1	1	0	2389	2272	3	99	-1	
5	1	601	1	1	1	2389	2272	3	99	95.000000	 
2	1	602	0	0	0	2309	2294	3	55	-1	
3	1	602	1	0	0	2309	2294	3	55	-1	
4	1	602	1	1	0	2309	2294	3	55	-1	
5	1	602	1	1	1	2309	2294	3	55	95.000000	 
2	1	603	0	0	0	2303	2284	4	78	-1	
3	1	603	1	0	0	2303	2284	4	78	-1	
4	1	603	1	1	0	2303	2284	4	78	-1	
5	1	603	1	1	1	2303	2284	4	78	95.000000	 
2	1	604	0	0	0	2304	2287	2	75	-1	
3	1	604	1	0	0	2304	2287	2	75	-1	
4	1	604	1	1	0	2304	2287	2	75	-1	
5	1	604	1	1	1	2304	2287	2	75	95.000000	 
2	1	605	0	0	0	2297	2286	4	81	-1	
3	1	605	1	0	0	2297	2286	4	81	-1	
4	1	605	1	1	0	2297	2286	4	81	-1	
5	1	605	1	1	1	2297	2286	4	81	95.000000	 
2	1	606	0	0	0	2348	2285	6	84	-1	
3	1	606	1	0	0	2348	2285	6	84	-1	
4	1	606	1	1	0	2348	2285	6	84	-1	
5	1	606	1	1	1	2348	2285	6	84	95.000000	 
2	1	607	0	0	0	2304	2294	4	68	-1	
3	1	607	1	0	0	2304	2294	4	68	-1	
4	1	607	1	1	0	2304	2294	4	68	-1	
5	1	607	1	1	1	2304	2294	4	68	95.000000	 
2	1	608	0	0	0	2304	2294	4	68	-1	
3	1	608	1	0	0	2304	2294	4	68	-1	
4	1	608	1	1	0	2304	2294	4	68	-1	
5	1	608	1	1	1	2304	2294	4	68	95.000000	 
2	1	609	0	0	0	2313	2291	8	77	-1	
3	1	609	1	0	0	2313	2291	8	77	-1	
4	1	609	1	1	0	2313	2291	8	77	-1	
5	1	609	1	1	1	2313	2291	8	77	95.000000	 
2	1	610	0	0	0	2300	2294	8	73	-1	
3	1	610	1	0	0	2300	2294	8	73	-1	
4	1	610	1	1	0	2300	2294	8	73	-1	
5	1	610	1	1	1	2300	2294	8	73	95.000000	 
2	1	611	0	0	0	2238	2324	1	22	-1	
3	1	611	1	0	0	2238	2324	1	22	-1	
4	1	611	1	1	0	2238	2324	1	22	-1	
5	1	611	1	1	1	2238	2324	1	22	95.000000	 
2	1	612	0	0	0	2235	2328	1	18	-1	
3	1	612	1	0	0	2235	2328	1	18	-1	
4	1	612	1	1	0	2235	2328	1	18	-1	
5	1	612	1	1	1	2235	2328	1	18	95.000000	 
2	1	613	0	0	0	2259	2327	1	21	-1	
3	1	613	1	0	0	2259	2327	1	21	-1	
4	1	613	1	1	0	2259	2327	1	21	-1	
5	1	613	1	1	1	2259	2327	1	21	95.000000	 
2	1	614	0	0	0	1891	2341	22	3	-1	
3	1	614	1	0	0	1891	2341	22	3	-1	
4	1	614	1	1	0	1891	2341	22	3	-1	
5	1	614	1	1	1	1891	2341	22	3	95.000000	 
2	1	615	0	0	0	2290	2346	113	7	-1	
3	1	615	1	0	0	2290	2346	113	7	-1	
4	1	615	1	1	0	2290	2346	113	7	-1	
5	1	615	1	1	1	2290	2346	113	7	95.000000	 
2	1	616	0	0	0	2290	2346	113	7	-1	
3	1	616	1	0	0	2290	2346	113	7	-1	
4	1	616	1	1	0	2290	2346	113	7	-1	
5	1	616	1	1	1	2290	2346	113	7	95.000000	 
2	1	617	0	0	0	2290	2348	118	4	-1	
3	1	617	1	0	0	2290	2348	118	4	-1	
4	1	617	1	1	0	2290	2348	118	4	-1	
5	1	617	1	1	1	2290	2348	118	4	95.000000	 
2	1	618	0	0	0	2233	2334	1	31	-1	
3	1	618	1	0	0	2233	2334	1	31	-1	
4	1	618	1	1	0	2233	2334	1	31	-1	
5	1	618	1	1	1	2233	2334	1	31	95.000000	 
2	1	619	0	0	0	2290	2348	113	5	-1	
3	1	619	1	0	0	2290	2348	113	5	-1	
4	1	619	1	1	0	2290	2348	113	5	-1	
5	1	619	1	1	1	2290	2348	113	5	95.000000	 
2	1	620	0	0	0	2290	2347	113	9	-1	
3	1	620	1	0	0	2290	2347	113	9	-1	
4	1	620	1	1	0	2290	2347	113	9	-1	
5	1	620	1	1	1	2290	2347	113	9	95.000000	 
2	1	621	0	0	0	2284	2347	119	11	-1	
3	1	621	1	0	0	2284	2347	119	11	-1	
4	1	621	1	1	0	2284	2347	119	11	-1	
5	1	621	1	1	1	2284	2347	119	11	95.000000	 
2	1	622	0	0	0	2209	2346	194	18	-1	
3	1	622	1	0	0	2209	2346	194	18	-1	
4	1	622	1	1	0	2209	2346	194	18	-1	
5	1	622	1	1	1	2209	2346	194	18	95.000000	 
2	1	623	0	0	0	2209	2354	187	8	-1	
3	1	623	1	0	0	2209	2354	187	8	-1	
4	1	623	1	1	0	2209	2354	187	8	-1	
5	1	623	1	1	1	2209	2354	187	8	95.000000	 
2	1	624	0	0	0	2209	2358	187	5	-1	
3	1	624	1	0	0	2209	2358	187	5	-1	
4	1	624	1	1	0	2209	2358	187	5	-1	
5	1	624	1	1	1	2209	2358	187	5	95.000000	 
2	1	625	0	0	0	2209	2358	187	5	-1	
3	1	625	1	0	0	2209	2358	187	5	-1	
4	1	625	1	1	0	2209	2358	187	5	-1	
5	1	625	1	1	1	2209	2358	187	5	95.000000	 
2	1	626	0	0	0	1732	2373	681	38	-1	
3	1	626	1	0	0	1732	2373	681	38	-1	
4	1	626	1	1	0	1732	2373	681	38	-1	
5	1	626	1	1	1	1732	2373	37	21	34.566055	2έ
5	1	626	1	1	2	1785	2374	129	29	90.048668	ὑψόμετρο
5	1	626	1	1	3	1929	2377	73	22	96.182556	πάνω
5	1	626	1	1	4	2019	2378	46	23	96.445145	ἀπό
5	1	626	1	1	5	2081	2380	93	22	92.606720	1.000
5	1	626	1	1	6	2189	2381	79	28	93.285965	µέτρα
5	1	626	1	1	7	2284	2382	129	29	26.302689	ἐρέσκεται
2	1	627	0	0	0	1697	2398	717	50	-1	
3	1	627	1	0	0	1697	2398	717	50	-1	
4	1	627	1	1	0	1697	2398	717	50	-1	
5	1	627	1	1	1	1697	2398	34	31	74.962639	τό
5	1	627	1	1	2	1743	2408	97	29	91.627792	ὄμορφο
5	1	627	1	1	3	1856	2410	230	31	27.041428	«ΓΕΩΡΓΙΤΣΙ»,
5	1	627	1	1	4	2099	2416	33	26	84.988289	μέ
5	1	627	1	1	5	2145	2417	29	21	96.724899	τά
5	1	627	1	1	6	2188	2418	154	27	68.604034	τρεχούμενα
5	1	627	1	1	7	2353	2421	61	27	94.848618	νερά
2	1	628	0	0	0	1695	2444	717	516	-1	
3	1	628	1	0	0	1703	2444	709	71	-1	
4	1	628	1	1	0	1703	2444	709	39	-1	
5	1	628	1	1	1	1703	2444	44	21	65.533783	καί
5	1	628	1	1	2	1762	2444	75	23	92.880486	ἔλατα
5	1	628	1	1	3	1854	2446	142	29	78.677719	Λειτουργεῖ
5	1	628	1	1	4	2013	2450	28	21	96.352524	τό
5	1	628	1	1	5	2053	2450	42	22	95.839279	νέο
5	1	628	1	1	6	2113	2452	142	28	92.919205	ξενοδοχεῖο
5	1	628	1	1	7	2273	2454	49	22	91.672112	«Τό
5	1	628	1	1	8	2337	2456	75	27	70.022133	µπαλ-
4	1	628	1	2	0	1703	2480	490	39	-1	
5	1	628	1	2	1	1703	2480	54	22	75.399719	κόνι
5	1	628	1	2	2	1773	2483	44	20	93.294662	τοῦ
5	1	628	1	2	3	1833	2482	145	28	0.000000	Ταὔγετου»
5	1	628	1	2	4	2028	2483	165	36	17.301903	φιατηγορίας.
3	1	628	2	0	0	1700	2516	710	98	-1	
4	1	628	2	1	0	1746	2516	664	43	-1	
5	1	628	2	1	1	1746	2516	38	22	86.448875	Τά
5	1	628	2	1	2	1801	2517	114	28	51.932526	δωμάτια
5	1	628	2	1	3	1932	2520	45	21	92.159805	ὅλα
5	1	628	2	1	4	1991	2521	32	27	90.176346	µέ
5	1	628	2	1	5	2033	2522	141	27	36.843395	μπαλκόνια
5	1	628	2	1	6	2191	2524	43	21	92.221565	καί
5	1	628	2	1	7	2246	2520	164	39	91.733559	ἀπεριόριστη
4	1	628	2	2	0	1700	2551	709	39	-1	
5	1	628	2	2	1	1700	2551	46	22	88.560013	θέα
5	1	628	2	2	2	1761	2552	130	23	93.284729	διαθέτουν
5	1	628	2	2	3	1907	2554	103	29	54.548920	ἄτομικό
5	1	628	2	2	4	2026	2558	101	27	27.584145	μπάνιο,
5	1	628	2	2	5	2144	2559	137	28	96.230377	τηλέφωνο
5	1	628	2	2	6	2297	2562	44	21	90.882034	καί
5	1	628	2	2	7	2351	2571	58	19	87.903534	µου-
4	1	628	2	3	0	1700	2588	672	26	-1	
5	1	628	2	3	1	1700	2588	69	26	80.524826	σωεή.
5	1	628	2	3	2	1955	2601	1	3	34.183037	|
5	1	628	2	3	3	2370	2609	2	2	1.147499	[
3	1	628	3	0	0	1697	2622	711	177	-1	
4	1	628	3	1	0	1729	2622	679	37	-1	
5	1	628	3	1	1	1729	2622	35	21	93.289314	Τό
5	1	628	3	1	2	1779	2624	139	28	33.324020	ἔσειατόριο
5	1	628	3	1	3	1942	2628	141	28	96.190796	προσφέρει
5	1	628	3	1	4	2097	2631	104	26	95.813477	φαγητά
5	1	628	3	1	5	2209	2631	33	27	56.932907	μέ
5	1	628	3	1	6	2257	2632	65	27	65.814156	ἂγνά
5	1	628	3	1	7	2333	2633	75	23	16.470993	ὑλιωιά
4	1	628	3	2	0	1699	2658	708	37	-1	
5	1	628	3	2	1	1699	2658	43	20	30.719200	καὶ
5	1	628	3	2	2	1753	2658	85	21	96.144829	πίτσα.
5	1	628	3	2	3	1852	2660	51	21	93.157074	Στό
5	1	628	3	2	4	1918	2661	14	20	92.977600	Β
5	1	628	3	2	5	1937	2662	46	20	73.096680	ΑΚ
5	1	628	3	2	6	2000	2662	136	28	14.120560	ἁἀκούγεται
5	1	628	3	2	7	2146	2668	192	26	90.170792	στερεοφωνική
5	1	628	3	2	8	2350	2676	57	19	88.472313	µου-
4	1	628	3	3	0	1699	2692	709	33	-1	
5	1	628	3	3	1	1699	2692	60	26	85.712242	σική
5	1	628	3	3	2	1774	2693	44	20	68.246010	κα
5	1	628	3	3	3	1830	2695	189	27	87.522697	προσφέρονται
5	1	628	3	3	4	2034	2697	113	28	93.276695	διάφορα
5	1	628	3	3	5	2162	2700	183	23	41.474632	ΟΟΟΊΤΑΤΙ,5.
5	1	628	3	3	6	2357	2702	51	22	95.549286	Γιά
4	1	628	3	4	0	1697	2726	709	37	-1	
5	1	628	3	4	1	1697	2726	139	27	67.631760	κρατήσεις.
5	1	628	3	4	2	1854	2728	142	28	32.716537	δωματίων,
5	1	628	3	4	3	2013	2732	248	27	84.859299	τηλεφωνῆστε
5	1	628	3	4	4	2208	2722	56	41	54.620918	στά
5	1	628	3	4	5	2292	2736	114	27	88.566185	τηλέφω-
4	1	628	3	5	0	1697	2761	650	38	-1	
5	1	628	3	5	1	1697	2768	38	15	91.525909	να:
5	1	628	3	5	2	1754	2761	62	22	43.410751	0759
5	1	628	3	5	3	1823	2762	156	27	42.522434	1)61.396
5	1	628	3	5	4	1992	2766	44	21	51.626884	καί
5	1	628	3	5	5	2047	2766	128	24	91.002426	96.180.
5	1	628	3	5	6	2281	2789	2	2	0.000000	ς
5	1	628	3	5	7	2345	2797	2	2	0.000000	ι
3	1	628	4	0	0	1699	2796	706	164	-1	
4	1	628	4	1	0	1717	2796	688	33	-1	
5	1	628	4	1	1	1717	2796	56	27	71.812340	2ᾶς
5	1	628	4	1	2	1785	2798	165	29	22.662979	περιμένουμε
5	1	628	4	1	3	1969	2800	69	23	96.401054	ΣΤΟ
5	1	628	4	1	4	2054	2802	195	24	52.420952	ΜΠΑΛΚΟΝΙ
5	1	628	4	1	5	2269	2805	68	22	88.409203	ΤΟΥ
5	1	628	4	1	6	2361	2807	44	22	0.000000	πά
4	1	628	4	2	0	1968	2836	364	24	-1	
5	1	628	4	2	1	1968	2836	31	21	23.936073	ΣΥ
5	1	628	4	2	2	2014	2836	121	24	23.936073	ΓΕΤΟΥ.
5	1	628	4	2	3	2242	2848	3	1	5.358810	;
5	1	628	4	2	4	2330	2853	2	2	34.835983	[
4	1	628	4	3	0	1695	2889	705	28	-1	
5	1	628	4	3	1	1695	2889	705	28	0.000000	λ..λ.”.”.-2”--κ-----------ωωοὈὋαμμμμμμη
4	1	628	4	4	0	1851	2924	421	36	-1	
5	1	628	4	4	1	1851	2924	197	25	96.656525	ΜΕΤΑΦΟΡΕΣ
5	1	628	4	4	2	2062	2928	70	22	4.923477	ΚΑΤ’
5	1	628	4	4	3	2142	2928	108	24	4.923477	ΟΙΚΟΝ
2	1	629	0	0	0	1766	2986	516	272	-1	
3	1	629	1	0	0	1766	2986	516	272	-1	
4	1	629	1	1	0	1766	2986	516	272	-1	
5	1	629	1	1	1	1766	2986	516	272	95.000000	    
5	1	629	1	1	2	2210	3205	72	53	95.000000	 
2	1	630	0	0	0	1860	3274	350	52	-1	
3	1	630	1	0	0	1860	3274	350	52	-1	
4	1	630	1	1	0	1860	3274	350	52	-1	
5	1	630	1	1	1	1860	3274	177	50	9.247726	ΠΛΝΛΠΙΤΗΣ
5	1	630	1	1	2	2057	3278	50	46	76.235077	ΗΛ,
5	1	630	1	1	3	2117	3274	93	52	0.000000	ΒΙΗΙΙΣ
2	1	631	0	0	0	1772	3338	540	83	-1	
3	1	631	1	0	0	1772	3338	540	83	-1	
4	1	631	1	1	0	1862	3338	358	27	-1	
5	1	631	1	1	1	1862	3338	208	25	69.353973	ΓΕΩΡΓΙΤΣΙ:-
5	1	631	1	1	2	2079	3342	111	23	93.303787	ΑΘΗΝΑ
5	1	631	1	1	3	2203	3343	17	22	90.766357	ἃ
4	1	631	1	2	0	1772	3390	540	31	-1	
5	1	631	1	2	1	1772	3390	111	23	92.883316	ΑΘΗΝΑ
5	1	631	1	2	2	1892	3392	253	26	52.764507	--ΓΕΩΡΓΙΤΣΙ.--
5	1	631	1	2	3	2156	3396	65	23	96.492867	ΤΗΛ.
5	1	631	1	2	4	2233	3397	79	24	95.841095	61.268
2	1	632	0	0	0	2076	1787	538	74	-1	
3	1	632	1	0	0	2076	1787	538	74	-1	
4	1	632	1	1	0	2076	1787	538	74	-1	
5	1	632	1	1	1	2076	1801	27	33	0.000000	”
5	1	632	1	1	2	2127	1787	301	74	39.466763	εωργιτσῖου
5	1	632	1	1	3	2434	1815	180	13	17.940964	.-...
