level	page_num	block_num	par_num	line_num	word_num	left	top	width	height	conf	text
1	1	0	0	0	0	0	0	2535	3509	-1	
2	1	1	0	0	0	1030	38	650	17	-1	
3	1	1	1	0	0	1030	38	650	17	-1	
4	1	1	1	1	0	1030	38	650	17	-1	
5	1	1	1	1	1	1030	38	650	17	95.000000	 
2	1	2	0	0	0	86	39	1594	31	-1	
3	1	2	1	0	0	86	39	1594	31	-1	
4	1	2	1	1	0	86	39	1594	31	-1	
5	1	2	1	1	1	86	39	1594	31	95.000000	 
2	1	3	0	0	0	302	2684	105	28	-1	
3	1	3	1	0	0	302	2684	105	28	-1	
4	1	3	1	1	0	302	2684	105	28	-1	
5	1	3	1	1	1	302	2686	6	10	22.974998	)
5	1	3	1	1	2	311	2684	96	28	95.730507	Αθήνα.
2	1	4	0	0	0	256	224	150	25	-1	
3	1	4	1	0	0	256	224	150	25	-1	
4	1	4	1	1	0	256	224	150	25	-1	
5	1	4	1	1	1	256	224	150	25	75.438911	ΤΕΩΡΤΙΤΣΙ
2	1	5	0	0	0	2229	185	133	22	-1	
3	1	5	1	0	0	2229	185	133	22	-1	
4	1	5	1	1	0	2229	185	133	22	-1	
5	1	5	1	1	1	2229	185	98	22	11.870132	Σελίδαβ
5	1	5	1	1	2	2338	192	24	4	20.964790	--
2	1	6	0	0	0	954	223	1474	33	-1	
3	1	6	1	0	0	954	223	1474	33	-1	
4	1	6	1	1	0	954	223	1474	33	-1	
5	1	6	1	1	1	954	223	1474	33	95.000000	 
2	1	7	0	0	0	281	259	461	12	-1	
3	1	7	1	0	0	281	259	461	12	-1	
4	1	7	1	1	0	281	259	461	12	-1	
5	1	7	1	1	1	281	259	461	12	95.000000	 
2	1	8	0	0	0	284	302	669	77	-1	
3	1	8	1	0	0	284	302	669	77	-1	
4	1	8	1	1	0	284	302	669	77	-1	
5	1	8	1	1	1	284	311	156	62	11.309799	Ἑλγική
5	1	8	1	1	2	461	310	177	69	29.096687	Τρίπεῖα
5	1	8	1	1	3	659	308	73	66	37.703712	τῆς
5	1	8	1	1	4	756	302	197	67	11.679001	Ἑλλήδις
2	1	9	0	0	0	546	387	142	7	-1	
3	1	9	1	0	0	546	387	142	7	-1	
4	1	9	1	1	0	546	387	142	7	-1	
5	1	9	1	1	1	546	387	142	7	95.000000	 
2	1	10	0	0	0	262	410	712	217	-1	
3	1	10	1	0	0	262	410	712	217	-1	
4	1	10	1	1	0	393	410	453	37	-1	
5	1	10	1	1	1	393	426	17	6	92.257324	-
5	1	10	1	1	2	425	416	127	31	93.088715	Συνέχεια
5	1	10	1	1	3	563	414	49	22	73.677963	ἀπό
5	1	10	1	1	4	621	413	48	28	95.963058	τήν
5	1	10	1	1	5	685	412	33	27	38.244324	1η
5	1	10	1	1	6	728	410	88	22	92.196175	σελίδα
5	1	10	1	1	7	829	418	17	6	57.696693	--
4	1	10	1	2	0	262	444	708	41	-1	
5	1	10	1	2	1	262	458	39	27	73.592400	τήν
5	1	10	1	2	2	314	456	130	29	71.046921	προσεκτική
5	1	10	1	2	3	458	454	100	26	15.590019	στόβµιση
5	1	10	1	2	4	579	454	40	25	93.095963	τῆς
5	1	10	1	2	5	637	451	135	26	60.721329	οἴκονομκῆς
5	1	10	1	2	6	787	447	135	26	63.684593	κατάστασης
5	1	10	1	2	7	935	444	35	22	0.000000	χαά
4	1	10	1	3	0	263	481	709	39	-1	
5	1	10	1	3	1	263	496	37	24	89.805420	τῆς
5	1	10	1	3	2	316	491	231	29	25.738976	χρηματοοικονοµιχῆς
5	1	10	1	3	3	562	488	66	27	57.726974	δοµῆς
5	1	10	1	3	4	644	488	41	19	96.499115	τῶν
5	1	10	1	3	5	703	482	177	29	77.403931	ὑπερχρεωμένων
5	1	10	1	3	6	897	481	75	27	0.000000	ἔπηχει-
4	1	10	1	4	0	263	515	710	42	-1	
5	1	10	1	4	1	263	528	81	29	91.250198	ρήσεων
5	1	10	1	4	2	363	526	37	22	79.013275	καὶ
5	1	10	1	4	3	415	525	101	28	46.491867	δαθµιαῖα
5	1	10	1	4	4	527	523	134	28	40.334496	διαμόρφωσε
5	1	10	1	4	5	673	519	162	29	51.451698	συγκεκριμένες
5	1	10	1	4	6	851	518	66	23	93.277267	θέσεις
5	1	10	1	4	7	936	515	37	28	23.555138	Υ'ά
4	1	10	1	5	0	264	551	709	40	-1	
5	1	10	1	5	1	264	563	26	27	51.755253	τή
5	1	10	1	5	2	307	562	116	29	54.569950	µεθόδευση
5	1	10	1	5	3	435	563	40	24	93.289047	τῆς
5	1	10	1	5	4	486	559	150	28	0.000000	πεφαλαιωνῆς
5	1	10	1	5	5	649	556	125	27	35.620567	ἐξυχίανσης
5	1	10	1	5	6	791	554	36	21	80.819885	καί
5	1	10	1	5	7	845	553	38	27	91.267059	τήν
5	1	10	1	5	8	900	551	73	28	50.097748	ὄμαλο-
4	1	10	1	6	0	265	586	709	41	-1	
5	1	10	1	6	1	265	607	15	13	40.172123	π
5	1	10	1	6	2	293	598	49	29	32.438515	ίηση
5	1	10	1	6	3	359	600	40	25	93.274567	τῆς
5	1	10	1	6	4	416	597	154	26	82.174850	παραγωγικῆς
5	1	10	1	6	5	584	592	181	29	66.016037	δραστηριότητας
5	1	10	1	6	6	790	590	53	21	82.004097	χάθε
5	1	10	1	6	7	855	590	50	26	71.792793	μιᾶς
5	1	10	1	6	8	932	586	42	21	94.586296	ἀπό
2	1	11	0	0	0	267	694	716	392	-1	
3	1	11	1	0	0	267	694	716	392	-1	
4	1	11	1	1	0	267	694	710	37	-1	
5	1	11	1	1	1	267	706	45	25	49.308109	γίας
5	1	11	1	1	2	322	705	38	22	61.929157	καὶ
5	1	11	1	1	3	373	704	102	27	60.377716	ἰδιαίτερα,
5	1	11	1	1	4	485	702	86	22	92.364784	πολλῶν
5	1	11	1	1	5	583	700	100	29	30.400932	μεγάλων
5	1	11	1	1	6	695	699	136	26	77.460831	οἴκονομικῶν
5	1	11	1	1	7	844	695	104	28	26.199295	μρνάδων,
5	1	11	1	1	8	962	694	15	27	81.685135	ἡ
4	1	11	1	2	0	267	731	710	36	-1	
5	1	11	1	2	1	267	742	62	21	25.233971	ὁποία
5	1	11	1	2	2	343	741	23	21	93.214096	σὲ
5	1	11	1	2	3	381	739	119	28	78.277832	ὁρισμένους
5	1	11	1	2	4	511	736	92	31	96.241600	κλάδους
5	1	11	1	2	5	612	736	44	27	94.708000	ἔχει
5	1	11	1	2	6	668	734	63	28	95.082436	πάρει
5	1	11	1	2	7	744	732	119	29	41.680115	σηµαντική
5	1	11	1	2	8	892	731	85	26	37.478058	ἕχταση,
4	1	11	1	3	0	268	765	710	36	-1	
5	1	11	1	3	1	268	777	60	22	58.514107	τείνει
5	1	11	1	3	2	342	776	20	22	20.990540	ν᾿
5	1	11	1	3	3	376	774	120	23	89.045845	ἀποτελέσει
5	1	11	1	3	4	511	772	113	29	41.757698	πρόδληµα
5	1	11	1	3	5	635	771	90	22	42.075089	ἐθνικῶν
5	1	11	1	3	6	736	768	135	22	89.812454	διαστάσεων.
5	1	11	1	3	7	885	765	38	22	72.733673	Τιά
5	1	11	1	3	8	940	765	38	27	91.976280	τήν
4	1	11	1	4	0	269	802	710	38	-1	
5	1	11	1	4	1	269	811	153	29	90.764076	ἀντιμετώπισή
5	1	11	1	4	2	436	816	43	15	68.632416	που,
5	1	11	1	4	3	493	809	26	28	67.683479	μέ
5	1	11	1	4	4	531	807	129	28	67.815331	ἔκτεταμένη
5	1	11	1	4	5	669	804	156	29	66.500961	µετοχοποίηση
5	1	11	1	4	6	836	802	95	21	28.977715	παλαῶν
5	1	11	1	4	7	940	807	39	22	78.469032	χρε
4	1	11	1	5	0	270	836	709	37	-1	
5	1	11	1	5	1	270	851	36	22	68.414619	ὢν,
5	1	11	1	5	2	319	848	121	20	33.529877	ἀπαιτεῖται
5	1	11	1	5	3	454	846	14	27	53.502087	ἡ
5	1	11	1	5	4	482	843	128	28	70.181885	συνεργασία
5	1	11	1	5	5	620	842	37	21	77.814240	καὶ
5	1	11	1	5	6	669	841	15	28	86.787903	ἡ
5	1	11	1	5	7	698	840	85	28	40.628761	ἐνεργὸς
5	1	11	1	5	8	794	837	121	29	0.000000	σοληνενοχή
5	1	11	1	5	9	942	836	37	21	0.000000	Ὑαά
4	1	11	1	6	0	271	872	708	37	-1	
5	1	11	1	6	1	271	883	70	24	95.479256	ἄλλων
5	1	11	1	6	2	356	881	82	28	95.195084	φορέων
5	1	11	1	6	3	454	883	35	18	96.600441	τοῦ
5	1	11	1	6	4	501	879	100	28	13.112526	δημόσιου
5	1	11	1	6	5	615	878	72	27	81.582916	τοµέω
5	1	11	1	6	6	703	875	43	26	23.798950	Έξω
5	1	11	1	6	7	763	874	42	22	63.233604	ἀπό
5	1	11	1	6	8	824	874	23	20	95.102768	τό
5	1	11	1	6	9	867	872	112	29	24.755066	τροπεζικό
4	1	11	1	7	0	271	910	709	36	-1	
5	1	11	1	7	1	271	919	100	27	66.899849	σύστγλια,,
5	1	11	1	7	2	381	917	15	28	76.385025	ἡ
5	1	11	1	7	3	406	916	63	22	88.354164	ὁποία
5	1	11	1	7	4	477	915	55	22	85.549797	εἶναι
5	1	11	1	7	5	546	914	58	27	96.669548	τώρα
5	1	11	1	7	6	617	913	39	20	87.421204	πιά,
5	1	11	1	7	7	667	911	77	22	80.281158	δυνατὸ
5	1	11	1	7	8	757	910	28	22	77.471413	νά,
5	1	11	1	7	9	795	910	62	27	89.799255	πάρει
5	1	11	1	7	10	870	914	110	21	0.000000	συγκεκφι-
4	1	11	1	8	0	270	942	712	39	-1	
5	1	11	1	8	1	270	954	54	27	48.670692	μένη
5	1	11	1	8	2	333	952	81	28	88.292000	μορφή,
5	1	11	1	8	3	427	951	56	28	36.520264	βετά
5	1	11	1	8	4	490	950	40	27	88.359665	τήν
5	1	11	1	8	5	542	949	76	27	90.947548	ἵδρυση
5	1	11	1	8	6	631	950	37	19	38.951756	τοῦ
5	1	11	1	8	7	685	944	141	34	10.936440	᾿Ὀργανισμοῦ
5	1	11	1	8	8	840	942	142	27	41.824764	Ὀἰκονομινῆς
4	1	11	1	9	0	272	972	710	42	-1	
5	1	11	1	9	1	272	986	198	28	0.000000	Ανασυγκρότησης
5	1	11	1	9	2	492	982	106	31	78.516869	(00ΑΕ).
5	1	11	1	9	3	616	981	27	22	41.879433	Ἡ.
5	1	11	1	9	4	659	980	102	29	89.591377	Τράπεζα
5	1	11	1	9	5	777	978	53	23	96.825005	εἶναι
5	1	11	1	9	6	839	972	143	37	87.390167	ἀποφασισμέ-
4	1	11	1	10	0	273	1016	710	35	-1	
5	1	11	1	10	1	273	1030	24	21	88.127861	νη
5	1	11	1	10	2	309	1024	27	21	96.131042	νά
5	1	11	1	10	3	348	1021	122	29	73.481430	συμβάλλει,
5	1	11	1	10	4	483	1020	37	21	92.787827	ὅσο
5	1	11	1	10	5	531	1021	84	26	88.533882	μπορεῖ,
5	1	11	1	10	6	625	1018	52	27	65.959946	ατήν
5	1	11	1	10	7	685	1016	112	27	89.022438	ἐξυγίανση
5	1	11	1	10	8	809	1016	40	25	91.340149	τῆς
5	1	11	1	10	9	860	1018	123	23	0.000000	ΧρΊΑύοον-
4	1	11	1	11	0	274	1047	709	39	-1	
5	1	11	1	11	1	274	1060	112	26	27.361053	Ἰονομικῆς
5	1	11	1	11	2	399	1057	67	27	87.828423	δοµῆς
5	1	11	1	11	3	483	1058	43	19	76.933922	τῶν
5	1	11	1	11	4	545	1052	178	29	77.201736	ὑπερχρεωμένων
5	1	11	1	11	5	740	1050	159	27	61.123642	ἐπιχειρήσεων.
5	1	11	1	11	6	918	1047	65	21	93.193535	Κάτω
2	1	12	0	0	0	251	1083	733	37	-1	
3	1	12	1	0	0	251	1083	733	37	-1	
4	1	12	1	1	0	251	1083	733	37	-1	
5	1	12	1	1	1	251	1090	65	25	48.565372	ἀπό
5	1	12	1	1	2	328	1093	52	22	88.749634	αὐτό
5	1	12	1	1	3	393	1093	23	21	93.849113	τὸ
5	1	12	1	1	4	426	1092	80	28	55.198460	πρίσμα,
5	1	12	1	1	5	517	1089	152	28	78.917389	ἐξακολούθησε
5	1	12	1	1	6	683	1087	37	22	73.323853	καὶ
5	1	12	1	1	7	733	1086	60	33	58.366364	κατά
5	1	12	1	1	8	807	1085	25	21	85.948532	τό
5	1	12	1	1	9	846	1084	57	21	77.374939	1958
5	1	12	1	1	10	920	1084	26	21	94.079750	νά
5	1	12	1	1	11	954	1083	30	24	96.926445	τὶς
2	1	13	0	0	0	275	1118	720	681	-1	
3	1	13	1	0	0	275	1118	710	110	-1	
4	1	13	1	1	0	275	1118	710	42	-1	
5	1	13	1	1	1	275	1128	158	32	61.543316	χρημαποδοτεϊ,
5	1	13	1	1	2	444	1127	26	28	66.436554	μὲ
5	1	13	1	1	3	482	1126	65	27	76.164207	κύρια,
5	1	13	1	1	4	558	1123	101	29	85.243896	ἐπιδίωξη
5	1	13	1	1	5	667	1124	29	21	79.601524	νά,
5	1	13	1	1	6	705	1121	116	28	53.660908	ἀπατρέψει
5	1	13	1	1	7	829	1120	40	27	93.282745	τήν
5	1	13	1	1	8	879	1118	106	26	55.243591	ἀναστολή
4	1	13	1	2	0	276	1154	708	39	-1	
5	1	13	1	2	1	276	1165	37	28	66.405556	τῆς
5	1	13	1	2	2	327	1164	136	27	86.953957	λειτουργίας
5	1	13	1	2	3	471	1169	47	18	91.687851	τους
5	1	13	1	2	4	528	1162	63	28	67.592743	μέχρι
5	1	13	1	2	5	601	1160	40	27	93.264000	τήν
5	1	13	1	2	6	652	1158	97	29	86.942886	ὁριστική
5	1	13	1	2	7	760	1156	89	27	91.627319	ἐπίλυση
5	1	13	1	2	8	863	1158	42	18	93.129677	τῶν
5	1	13	1	2	9	920	1154	64	28	7.106056	σχετ"-
4	1	13	1	3	0	277	1191	679	37	-1	
5	1	13	1	3	1	277	1204	42	19	77.107018	κῶν
5	1	13	1	3	2	333	1199	153	29	81.243843	προθληµάπων
5	1	13	1	3	3	501	1204	55	18	53.334999	τους,
5	1	13	1	3	4	824	1191	2	2	0.000000	'
5	1	13	1	3	5	954	1203	2	2	26.411064	-
3	1	13	2	0	0	277	1221	715	364	-1	
4	1	13	2	1	0	305	1221	681	42	-1	
5	1	13	2	1	1	305	1245	25	4	61.047657	--
5	1	13	2	1	2	342	1234	131	29	60.575558	Προωθεῖται
5	1	13	2	1	3	485	1231	150	29	61.000187	συστηματικά»
5	1	13	2	1	4	646	1231	25	20	93.288658	σὲ
5	1	13	2	1	5	684	1230	41	21	74.345963	ὅλα,
5	1	13	2	1	6	741	1229	26	20	77.993843	τά
5	1	13	2	1	7	783	1221	88	28	54.146378	ἐπίπεδα
5	1	13	2	1	8	903	1225	83	27	81.382240	εὐθύνης
4	1	13	2	2	0	277	1260	710	35	-1	
5	1	13	2	2	1	277	1274	35	19	79.877151	τοῦ
5	1	13	2	2	2	325	1270	142	23	16.777565	πουστοδοτικοῦ
5	1	13	2	2	3	481	1268	66	27	24.468056	τομὲα
5	1	13	2	2	4	560	1270	40	25	96.878624	τῆς
5	1	13	2	2	5	611	1265	120	29	93.271111	Τράπεζας,
5	1	13	2	2	6	745	1264	15	28	90.896164	ἡ
5	1	13	2	2	7	770	1262	111	29	78.940140	ἐφαρμογή
5	1	13	2	2	8	896	1260	91	29	39.866631	Ἀριτηρί-
4	1	13	2	3	0	279	1296	708	39	-1	
5	1	13	2	3	1	279	1314	29	18	40.415283	ὧν
5	1	13	2	3	2	324	1306	186	29	71.485413	χρηµατοδότησης
5	1	13	2	3	3	523	1303	41	22	93.287376	πού
5	1	13	2	3	4	576	1302	129	29	70.450859	προτάσσον
5	1	13	2	3	5	714	1300	27	31	96.065636	τή
5	1	13	2	3	6	755	1298	146	28	60.110031	διωσῳότητα,
5	1	13	2	3	7	916	1298	23	20	92.584511	τὸ
5	1	13	2	3	8	955	1296	32	20	56.519016	δυ-
4	1	13	2	4	0	279	1332	711	39	-1	
5	1	13	2	4	1	279	1342	86	29	0.000000	γαωσλό
5	1	13	2	4	2	379	1344	39	25	85.940170	τῆς
5	1	13	2	4	3	432	1340	134	28	54.862740	ἐπιχείρησης
5	1	13	2	4	4	578	1338	38	21	34.937340	χπὶ
5	1	13	2	4	5	631	1338	45	27	62.244057	τήν
5	1	13	2	4	6	685	1334	177	29	88.953354	προσωπικότητα
5	1	13	2	4	7	876	1333	37	21	79.164963	καί
5	1	13	2	4	8	944	1332	46	24	78.571777	τοὺς
4	1	13	2	5	0	281	1367	708	39	-1	
5	1	13	2	5	1	281	1379	86	27	95.071571	στόχους
5	1	13	2	5	2	379	1379	41	20	95.797119	τῶν
5	1	13	2	5	3	433	1376	82	28	8.233177	φορέων
5	1	13	2	5	4	527	1381	44	21	93.268524	της.
5	1	13	2	5	5	585	1373	28	21	77.402344	Ἡ.
5	1	13	2	5	6	627	1372	87	28	70.043564	σχετική
5	1	13	2	5	7	731	1370	130	28	64.471436	προσπάθεια,
5	1	13	2	5	8	874	1367	115	28	65.583054	ἐχδηλώνε-
4	1	13	2	6	0	281	1402	708	40	-1	
5	1	13	2	6	1	281	1421	33	14	91.260414	ται
5	1	13	2	6	2	329	1414	27	28	61.430584	µέ
5	1	13	2	6	3	372	1413	40	27	93.200241	τήν
5	1	13	2	6	4	429	1411	97	28	84.483604	συνέχιση
5	1	13	2	6	5	540	1412	39	25	93.283112	τῆς
5	1	13	2	6	6	593	1408	138	27	2.963173	ἐκπαίδευσης
5	1	13	2	6	7	744	1409	42	18	96.725685	τῶν
5	1	13	2	6	8	800	1404	113	27	87.070679	στελεχῶν,
5	1	13	2	6	9	929	1403	28	20	81.105347	τά,
5	1	13	2	6	10	970	1402	19	21	90.876785	ὃ-
4	1	13	2	7	0	281	1438	709	37	-1	
5	1	13	2	7	1	281	1452	49	19	66.563309	ποῖα,
5	1	13	2	7	2	344	1448	162	27	74.730988	ὑποθοηθοῦνται
5	1	13	2	7	3	519	1447	36	20	70.075470	στὀ
5	1	13	2	7	4	568	1445	51	28	88.063675	ἔργο
5	1	13	2	7	5	633	1450	47	20	91.547974	τους
5	1	13	2	7	6	693	1443	26	28	86.314171	μὲ
5	1	13	2	7	7	736	1441	87	29	71.485664	μελέτες
5	1	13	2	7	8	836	1440	42	21	95.891220	πού
5	1	13	2	7	9	907	1438	83	22	25.880623	συγτάσ-
4	1	13	2	8	0	282	1475	709	39	-1	
5	1	13	2	8	1	282	1493	48	16	0.000000	500
5	1	13	2	8	2	342	1484	78	30	88.756866	ὁμάδες
5	1	13	2	8	3	430	1481	164	30	43.231068	ἐξειδυκευμέγου
5	1	13	2	8	4	609	1481	134	28	44.565308	προσωπικοῦ
5	1	13	2	8	5	758	1477	38	30	95.118851	γιά
5	1	13	2	8	6	810	1476	27	29	94.939003	τή
5	1	13	2	8	7	850	1475	141	29	19.683617	σχοπιµότηπα,
4	1	13	2	9	0	283	1512	709	36	-1	
5	1	13	2	9	1	283	1523	35	22	93.290489	καὶ
5	1	13	2	9	2	330	1521	167	27	82.917290	ἀποδοτικότητα
5	1	13	2	9	3	509	1522	43	19	96.973816	τῶν
5	1	13	2	9	4	563	1518	53	22	93.278290	νέων
5	1	13	2	9	5	629	1516	127	22	15.729446	ἐπεγδύσεων
5	1	13	2	9	6	765	1514	37	22	31.042709	καί
5	1	13	2	9	7	813	1513	27	28	87.254471	πή
5	1	13	2	9	8	854	1512	138	27	30.035240	θιωσιμότητα
4	1	13	2	10	0	283	1557	213	28	-1	
5	1	13	2	10	1	283	1562	41	18	89.584473	τῶν
5	1	13	2	10	2	337	1557	159	28	86.066162	ἐπιχειρήσεων.
3	1	13	3	0	0	285	1582	708	147	-1	
4	1	13	3	1	0	312	1582	681	38	-1	
5	1	13	3	1	1	312	1603	23	4	58.013187	--
5	1	13	3	1	2	345	1593	53	21	76.212677	Στόν
5	1	13	3	1	3	409	1592	64	28	14.340454	τονέα
5	1	13	3	1	4	482	1593	42	20	86.756882	τῶν
5	1	13	3	1	5	534	1590	86	21	39.854198	διεθνῶν
5	1	13	3	1	6	627	1582	180	34	70.839928	δραστηριοτήτων
5	1	13	3	1	7	819	1586	13	27	87.465721	ἡ
5	1	13	3	1	8	845	1583	100	29	46.214451	Τράπεζα
5	1	13	3	1	9	958	1590	35	14	91.757141	συν
4	1	13	3	2	0	285	1620	708	33	-1	
5	1	13	3	2	1	285	1630	65	21	96.598267	τόνισε
5	1	13	3	2	2	361	1628	37	22	79.155029	καὶ
5	1	13	3	2	3	411	1629	23	21	95.918961	τὸ
5	1	13	3	2	4	449	1626	57	22	79.226974	1985
5	1	13	3	2	5	520	1627	31	24	93.305252	τὶς
5	1	13	3	2	6	561	1623	138	30	69.926582	προσπάθειὲς
5	1	13	3	2	7	711	1629	38	21	93.280731	της
5	1	13	3	2	8	761	1622	42	21	92.839661	ἔτσι
5	1	13	3	2	9	816	1621	52	21	96.739777	ὥστε
5	1	13	3	2	10	878	1620	25	21	92.537048	νά
5	1	13	3	2	11	915	1620	78	25	76.508659	ἐπωφε-
4	1	13	3	3	0	285	1654	708	39	-1	
5	1	13	3	3	1	285	1666	59	27	49.774784	ληθεῖ
5	1	13	3	3	2	357	1664	58	22	80.588295	χαπά,
5	1	13	3	3	3	426	1663	24	22	90.926689	τό
5	1	13	3	3	4	462	1662	76	23	51.769089	δυνατό
5	1	13	3	3	5	551	1661	43	20	92.047699	ἀπό
5	1	13	3	3	6	605	1660	32	25	92.770538	τίς
5	1	13	3	3	7	647	1658	106	28	43.712372	εὐκαιρίες
5	1	13	3	3	8	764	1657	39	28	91.194794	γιά
5	1	13	3	3	9	816	1654	108	29	85.054092	ἀνάπτυξη
5	1	13	3	3	10	953	1656	40	19	93.709198	τῶν
4	1	13	3	4	0	285	1692	621	37	-1	
5	1	13	3	4	1	285	1702	105	27	77.722855	ἐργασιῶν
5	1	13	3	4	2	399	1700	38	20	74.693962	καὶ
5	1	13	3	4	3	451	1698	106	27	42.271263	ἐπέκπαση
5	1	13	3	4	4	569	1698	39	25	93.253212	τῆς
5	1	13	3	4	5	618	1695	92	24	69.788475	διεθνοῦς
5	1	13	3	4	6	719	1692	115	29	96.266579	παρουσίας
5	1	13	3	4	7	847	1697	42	22	74.163376	της.
5	1	13	3	4	8	904	1707	2	2	76.737427	-
3	1	13	4	0	0	285	1725	710	74	-1	
4	1	13	4	1	0	314	1725	681	36	-1	
5	1	13	4	1	1	314	1734	72	23	49.323921	---Τνά
5	1	13	4	1	2	396	1735	28	21	92.481735	νὰ
5	1	13	4	1	3	434	1734	103	27	92.934570	καλυφθεῖ
5	1	13	4	1	4	548	1732	14	27	92.731804	ἡ
5	1	13	4	1	5	574	1731	84	27	90.124664	αὔξηση
5	1	13	4	1	6	667	1732	40	25	96.236336	τῆς
5	1	13	4	1	7	717	1728	96	28	92.030159	ζήτησης
5	1	13	4	1	8	824	1727	38	27	61.908970	Υιὰ
5	1	13	4	1	9	873	1725	122	28	66.066597	τραπεξιχές
4	1	13	4	2	0	285	1758	710	41	-1	
5	1	13	4	2	1	285	1772	117	27	81.526833	ὑπηρεσίες,
5	1	13	4	2	2	415	1770	15	27	89.773422	ἡ
5	1	13	4	2	3	447	1768	100	27	0.000000	Διοῦκηση
5	1	13	4	2	4	563	1766	113	29	84.742661	ἐφαρμόζει
5	1	13	4	2	5	691	1764	52	27	47.765278	εὐρύ
5	1	13	4	2	6	770	1758	127	32	55.109882	πρόγραμμα.
5	1	13	4	2	7	910	1760	85	22	55.593399	ἐπέχτα-
2	1	14	0	0	0	256	1796	740	45	-1	
3	1	14	1	0	0	256	1796	740	45	-1	
4	1	14	1	1	0	256	1796	740	45	-1	
5	1	14	1	1	1	256	1837	7	4	0.000000	ο
5	1	14	1	1	2	287	1814	37	20	65.687592	σης
5	1	14	1	1	3	335	1808	37	18	96.292953	τοῦ
5	1	14	1	1	4	381	1805	89	33	77.977013	δυκπύου
5	1	14	1	1	5	485	1810	38	20	82.583939	της
5	1	14	1	1	6	534	1802	57	21	30.900124	στόν:
5	1	14	1	1	7	598	1800	100	29	87.506165	Ἑλληνικό
5	1	14	1	1	8	708	1802	68	25	89.894547	χῶρο,
5	1	14	1	1	9	788	1798	24	20	96.941162	σὲ
5	1	14	1	1	10	828	1796	114	27	64.376343	συνδυασμό
5	1	14	1	1	11	970	1796	26	26	89.678017	μὲ
2	1	15	0	0	0	287	1823	717	150	-1	
3	1	15	1	0	0	287	1823	712	150	-1	
4	1	15	1	1	0	288	1823	711	45	-1	
5	1	15	1	1	1	288	1842	38	26	93.199501	τήν
5	1	15	1	1	2	341	1840	128	26	6.742180	ἀνωνπήνιση
5	1	15	1	1	3	485	1838	37	21	91.658882	καὶ
5	1	15	1	1	4	538	1837	39	21	85.872223	τὸν
5	1	15	1	1	5	590	1834	163	28	23.204567	ἔπσυγχρονισμό
5	1	15	1	1	6	769	1834	126	25	5.719635	σημαντικοῦ
5	1	15	1	1	7	911	1823	88	38	83.305260	ἀριθμοῦ
4	1	15	1	2	0	287	1865	710	37	-1	
5	1	15	1	2	1	287	1876	42	20	91.920715	ἀπό
5	1	15	1	2	2	341	1875	33	26	81.230164	τίς
5	1	15	1	2	3	382	1874	89	28	87.166840	µονάδες
5	1	15	1	2	4	483	1872	41	21	96.757362	πού
5	1	15	1	2	5	537	1871	41	28	61.862995	ἤδη
5	1	15	1	2	6	591	1871	139	26	70.953247	λειτουργοῦν.
5	1	15	1	2	7	748	1867	27	22	92.694275	Σὲ
5	1	15	1	2	8	787	1865	110	29	88.574585	ἐφαρμογή
5	1	15	1	2	9	914	1867	37	25	93.210213	τῆς
5	1	15	1	2	10	964	1871	33	13	92.340469	τα-
4	1	15	1	3	0	288	1895	716	42	-1	
5	1	15	1	3	1	288	1912	74	25	90.829590	κτικῆς
5	1	15	1	3	2	375	1910	64	26	96.294106	αὐτῆς
5	1	15	1	3	3	452	1908	24	21	55.964226	τὸ
5	1	15	1	3	4	493	1906	57	23	64.268204	19885
5	1	15	1	3	5	565	1906	180	27	41.220253	ἐγκαυμάστηκαν
5	1	15	1	3	6	757	1902	30	21	74.282341	20
5	1	15	1	3	7	800	1902	38	22	71.032196	νέα,
5	1	15	1	3	8	844	1895	160	39	35.621864	καταστήματα,
4	1	15	1	4	0	288	1936	710	37	-1	
5	1	15	1	4	1	288	1947	38	20	0.000000	καό
5	1	15	1	4	2	338	1944	88	29	87.409904	θυρίδες,
5	1	15	1	4	3	439	1944	78	27	23.191132	αωρίως
5	1	15	1	4	4	530	1942	52	27	73.482841	στήν.
5	1	15	1	4	5	593	1940	100	29	82.959450	ἐπαρχία.
5	1	15	1	4	6	702	1938	89	29	93.151871	Σήμερα,
5	1	15	1	4	7	804	1938	23	20	84.440315	τό
5	1	15	1	4	8	838	1936	72	21	16.981697	δύχπυοο
5	1	15	1	4	9	926	1936	72	20	91.284561	ἔσωτε-
2	1	16	0	0	0	265	1972	734	42	-1	
3	1	16	1	0	0	265	1972	734	42	-1	
4	1	16	1	1	0	265	1972	734	42	-1	
5	1	16	1	1	1	265	2012	2	2	0.000000	Ὁ
5	1	16	1	1	2	289	1984	58	25	49.596958	ρικοῦ
5	1	16	1	1	3	360	1977	209	30	0.000000	περιλαµβάνει
5	1	16	1	1	4	524	1968	44	43	86.666420	446
5	1	16	1	1	5	585	1976	96	29	27.337044	µονάδες,
5	1	16	1	1	6	696	1975	41	21	89.789185	ἐνῶ
5	1	16	1	1	7	749	1974	90	27	90.486008	ὑπάρχει
5	1	16	1	1	8	854	1972	37	21	23.066193	παὶ
5	1	16	1	1	9	905	1977	94	21	37.135704	προσπτι-
2	1	17	0	0	0	290	2016	218	29	-1	
3	1	17	1	0	0	290	2016	218	29	-1	
4	1	17	1	1	0	290	2016	218	29	-1	
5	1	17	1	1	1	290	2018	28	27	59.911655	κή
5	1	17	1	1	2	332	2016	118	27	38.212585	ἐπέκνασής
5	1	17	1	1	3	464	2021	44	14	94.633301	του.
2	1	18	0	0	0	295	2073	705	71	-1	
3	1	18	1	0	0	295	2073	705	71	-1	
4	1	18	1	1	0	295	2073	705	71	-1	
5	1	18	1	1	1	295	2079	133	60	16.096588	Σχλὴ
5	1	18	1	1	2	467	2076	271	68	1.573395	Ταυβιστικῶν
5	1	18	1	1	3	770	2073	230	66	0.000000	Ἐπαγ)τιὴν
2	1	19	0	0	0	293	2176	711	141	-1	
3	1	19	1	0	0	293	2176	711	141	-1	
4	1	19	1	1	0	324	2176	678	35	-1	
5	1	19	1	1	1	324	2184	35	22	85.787643	Ἡ
5	1	19	1	1	2	376	2182	84	29	71.753792	Σχολή
5	1	19	1	1	3	469	2172	180	43	2.159340	.Τουριστικῶν
5	1	19	1	1	4	667	2176	215	29	72.989914	᾿Επαγγελμάτων
5	1	19	1	1	5	910	2182	92	20	21.440323	σιθορή-
4	1	19	1	2	0	293	2209	711	39	-1	
5	1	19	1	2	1	293	2220	89	28	76.268188	ρύσσει
5	1	19	1	2	2	393	2216	153	30	29.679611	διαγωνισμό
5	1	19	1	2	3	559	2216	42	27	93.291893	γιά
5	1	19	1	2	4	615	2212	128	29	86.659584	εἰσαγωγή
5	1	19	1	2	5	756	2212	60	23	81.260124	631
5	1	19	1	2	6	830	2211	119	28	91.906860	μαθητῶν
5	1	19	1	2	7	961	2209	43	22	96.802948	καί
4	1	19	1	3	0	293	2244	710	37	-1	
5	1	19	1	3	1	293	2256	52	21	96.999588	τῶν
5	1	19	1	3	2	358	2255	47	21	96.747337	δύο
5	1	19	1	3	3	421	2253	89	28	96.132256	φύλων
5	1	19	1	3	4	523	2252	46	21	96.426575	στά
5	1	19	1	3	5	586	2251	111	26	96.424637	διάφορα
5	1	19	1	3	6	710	2248	115	28	70.023605	τμήματα
5	1	19	1	3	7	839	2246	110	27	85.845764	δασικῆς
5	1	19	1	3	8	964	2244	39	23	64.700005	ἐκ-
4	1	19	1	4	0	294	2290	148	27	-1	
5	1	19	1	4	1	294	2290	148	27	91.534973	παίδευσης.
2	1	20	0	0	0	300	2050	693	16	-1	
3	1	20	1	0	0	300	2050	693	16	-1	
4	1	20	1	1	0	300	2050	693	16	-1	
5	1	20	1	1	1	300	2050	693	16	95.000000	 
2	1	21	0	0	0	578	2153	141	6	-1	
3	1	21	1	0	0	578	2153	141	6	-1	
4	1	21	1	1	0	578	2153	141	6	-1	
5	1	21	1	1	1	578	2153	141	6	95.000000	 
2	1	22	0	0	0	980	294	367	319	-1	
3	1	22	1	0	0	980	294	367	319	-1	
4	1	22	1	1	0	980	294	317	39	-1	
5	1	22	1	1	1	980	323	2	10	47.285156	ο
5	1	22	1	1	2	1040	297	77	24	85.013542	ΣΤΙΣ
5	1	22	1	1	3	1141	294	156	25	89.653442	ΚΡΟΚΕΕΣ
4	1	22	1	2	0	980	339	2	13	-1	
5	1	22	1	2	1	980	339	2	13	37.998322	ἱ
4	1	22	1	3	0	980	365	364	34	-1	
5	1	22	1	3	1	980	378	3	19	0.000000	Ι.
5	1	22	1	3	2	1016	368	217	31	12.550690	Ἡραγμαποποήθημε
5	1	22	1	3	3	1249	367	22	20	86.249634	τὸ
5	1	22	1	3	4	1306	365	38	22	10.841583	δ1ο
4	1	22	1	4	0	988	400	356	29	-1	
5	1	22	1	4	1	988	402	249	27	47.525200	ΠΑΝΚΡΟΚΕΑΤΙΚΟ
5	1	22	1	4	2	1266	400	78	23	79.396637	ΣΥΝΕ-
4	1	22	1	5	0	988	436	356	33	-1	
5	1	22	1	5	1	988	442	68	22	91.739441	ΔΡΙΟ
5	1	22	1	5	2	1069	442	42	21	93.147522	ἀπό
5	1	22	1	5	3	1128	440	90	21	51.462234	91-1-84.
5	1	22	1	5	4	1232	439	61	30	83.534866	µέχρι
5	1	22	1	5	5	1308	436	36	21	89.918404	26-
4	1	22	1	6	0	991	474	351	31	-1	
5	1	22	1	6	1	991	478	58	25	93.282425	8-84,
5	1	22	1	6	2	1058	478	27	27	86.958145	µέ
5	1	22	1	6	3	1100	476	87	22	95.820343	πλούσιο
5	1	22	1	6	4	1207	474	135	28	0.000000	πρόγραμμα:
4	1	22	1	7	0	992	506	355	35	-1	
5	1	22	1	7	1	992	513	93	28	89.194283	Δεξίωση
5	1	22	1	7	2	1098	512	38	28	96.172935	γιά
5	1	22	1	7	3	1163	506	49	29	64.290894	πούς
5	1	22	1	7	4	1238	509	109	27	72.554306	συνέδρως
4	1	22	1	8	0	982	545	365	38	-1	
5	1	22	1	8	1	982	552	46	31	0.000000	τῆς
5	1	22	1	8	2	1043	549	126	27	40.497047	ὀμαγένειας.
5	1	22	1	8	3	1181	545	114	24	75.359497	Συναυλίες
5	1	22	1	8	4	1308	546	39	24	90.203323	πῆς
4	1	22	1	9	0	992	580	355	33	-1	
5	1	22	1	9	1	992	584	162	29	68.854980	Φιλαρμανικῆς.
5	1	22	1	9	2	1181	580	112	29	0.000000	Δημοτικό
5	1	22	1	9	3	1313	586	34	21	31.745979	Χ9-
2	1	23	0	0	0	1121	341	94	5	-1	
3	1	23	1	0	0	1121	341	94	5	-1	
4	1	23	1	1	0	1121	341	94	5	-1	
5	1	23	1	1	1	1121	341	94	5	95.000000	 
2	1	24	0	0	0	294	615	1090	81	-1	
3	1	24	1	0	0	294	615	1090	81	-1	
4	1	24	1	1	0	984	615	376	42	-1	
5	1	24	1	1	1	984	621	40	28	66.158890	Ἶροί
5	1	24	1	1	2	1036	620	38	22	47.820110	ναί
5	1	24	1	1	3	1086	617	116	30	94.165726	τραγούδια,
5	1	24	1	1	4	1214	615	39	22	75.124886	ἀπό
5	1	24	1	1	5	1268	615	23	20	78.634781	τὸ
5	1	24	1	1	6	1302	621	58	36	0.000000	ωα
4	1	24	1	2	0	294	650	1090	46	-1	
5	1	24	1	2	1	294	678	24	4	32.716972	--
5	1	24	1	2	2	333	666	29	25	84.689766	Ἡ
5	1	24	1	2	3	375	665	137	31	88.839417	ὑπερχρέωση
5	1	24	1	2	4	526	666	47	24	90.974525	ἑνός
5	1	24	1	2	5	583	664	112	28	91.242905	ἀξιόλογου
5	1	24	1	2	6	707	662	104	28	0.000000	πνήμαπος
5	1	24	1	2	7	824	662	37	25	95.746910	τῆς
5	1	24	1	2	8	876	659	99	28	64.688583	θιονηχα-
5	1	24	1	2	9	984	651	103	33	72.104584	κρότηµα
5	1	24	1	2	10	1102	656	40	25	68.286316	τῆς
5	1	24	1	2	11	1168	652	81	28	85.088173	Δόμνας
5	1	24	1	2	12	1272	650	88	28	20.812141	Σαμίου)
2	1	25	0	0	0	986	688	365	208	-1	
3	1	25	1	0	0	986	688	365	208	-1	
4	1	25	1	1	0	986	688	363	31	-1	
5	1	25	1	1	1	986	688	44	25	5.524445	Ιχαή
5	1	25	1	1	2	1041	681	32	42	52.003551	πὀν
5	1	25	1	1	3	1087	689	60	30	78.032822	ὄμιλο
5	1	25	1	1	4	1172	688	82	21	57.559425	λαϊκῶν
5	1	25	1	1	5	1280	688	69	25	83.768570	χορῶν
4	1	25	1	2	0	994	721	355	34	-1	
5	1	25	1	2	1	994	726	88	29	27.818832	Ἑλόνης
5	1	25	1	2	2	1093	724	106	27	51.181877	Ἐσαρύλη.
5	1	25	1	2	3	1214	722	31	22	94.853966	Τό
5	1	25	1	2	4	1256	721	93	28	83.967621	συνέδριο
4	1	25	1	3	0	994	759	355	31	-1	
5	1	25	1	3	1	994	766	41	19	93.073029	τῶν
5	1	25	1	3	2	1045	761	120	29	80.355820	Ὁμογενῶν
5	1	25	1	3	3	1175	759	129	28	27.858582	Κροκεατῶν
5	1	25	1	3	4	1314	763	35	16	66.573586	συν
4	1	25	1	4	0	995	792	356	35	-1	
5	1	25	1	4	1	995	799	52	28	24.156868	ἤλθε
5	1	25	1	4	2	1060	798	51	27	86.268326	στήν
5	1	25	1	4	3	1128	796	86	21	86.086311	αἴθουσα
5	1	25	1	4	4	1225	797	35	18	93.258057	τοῦ
5	1	25	1	4	5	1273	792	78	27	54.199966	Τυμνα-
4	1	25	1	5	0	994	828	357	33	-1	
5	1	25	1	5	1	994	835	46	20	89.818024	σίου
5	1	25	1	5	2	1055	834	45	27	86.988747	ατίς
5	1	25	1	5	3	1122	831	58	21	71.421898	39-τ.
5	1	25	1	5	4	1212	828	139	29	68.920898	Συγκρότημα,
4	1	25	1	6	0	996	863	355	33	-1	
5	1	25	1	6	1	996	870	81	21	89.165428	λαϊκῶν
5	1	25	1	6	2	1088	870	71	26	85.546158	χορῶν
5	1	25	1	6	3	1188	863	163	29	0.000000	"στχοσλαδακί-
2	1	26	0	0	0	987	848	4	70	-1	
3	1	26	1	0	0	987	848	4	70	-1	
4	1	26	1	1	0	987	848	4	70	-1	
5	1	26	1	1	1	987	848	4	70	95.000000	 
2	1	27	0	0	0	988	933	368	175	-1	
3	1	27	1	0	0	988	933	368	175	-1	
4	1	27	1	1	0	988	933	365	34	-1	
5	1	27	1	1	1	988	938	137	29	34.350014	Ιδοσφαιρικοί
5	1	27	1	1	2	1136	937	82	27	92.183777	ἀγῶνες
5	1	27	1	1	3	1230	934	36	21	17.786247	καά
5	1	27	1	1	4	1278	933	75	20	70.471985	θὀλλεῦ
4	1	27	1	2	0	999	969	354	33	-1	
5	1	27	1	2	1	999	974	108	28	91.702583	ἀνώμαλος
5	1	27	1	2	2	1123	972	76	27	61.216728	δρόμος
5	1	27	1	2	3	1217	969	74	28	65.733047	«Γύρος
5	1	27	1	2	4	1314	970	39	18	96.680832	τῶν
4	1	27	1	3	0	998	1004	357	34	-1	
5	1	27	1	3	1	998	1009	112	29	28.564041	Κροπεῶν»
5	1	27	1	3	2	1123	1006	98	29	61.530197	ὁμαδικές
5	1	27	1	3	3	1236	1004	119	27	89.367058	ἐπισκέψεις
4	1	27	1	4	0	998	1038	357	34	-1	
5	1	27	1	4	1	998	1046	44	24	94.701309	στίς
5	1	27	1	4	2	1052	1043	106	29	69.706001	γειτονιές.
5	1	27	1	4	3	1191	1040	112	28	39.579639	Ἐκδρομές
5	1	27	1	4	4	1315	1038	40	27	91.226913	στή
4	1	27	1	5	0	1000	1074	356	34	-1	
5	1	27	1	5	1	1000	1080	133	28	86.454819	Μονεμδάσια
5	1	27	1	5	2	1145	1078	18	21	90.589844	δι
5	1	27	1	5	3	1178	1076	97	27	18.490067	Σπήλαλα
5	1	27	1	5	4	1288	1074	68	28	90.205238	Διροῦ.
2	1	28	0	0	0	1026	1132	320	8	-1	
3	1	28	1	0	0	1026	1132	320	8	-1	
4	1	28	1	1	0	1026	1132	320	8	-1	
5	1	28	1	1	1	1026	1132	320	8	95.000000	 
2	1	29	0	0	0	1068	1159	228	30	-1	
3	1	29	1	0	0	1068	1159	228	30	-1	
4	1	29	1	1	0	1068	1159	228	30	-1	
5	1	29	1	1	1	1068	1159	82	30	56.908897	ἆΣτισ
5	1	29	1	1	2	1164	1162	132	23	91.395874	ΚΑΡΥΕΣ
2	1	30	0	0	0	1136	1208	95	6	-1	
3	1	30	1	0	0	1136	1208	95	6	-1	
4	1	30	1	1	0	1136	1208	95	6	-1	
5	1	30	1	1	1	1136	1208	95	6	95.000000	 
2	1	31	0	0	0	1004	1234	357	176	-1	
3	1	31	1	0	0	1004	1234	357	176	-1	
4	1	31	1	1	0	1034	1234	325	33	-1	
5	1	31	1	1	1	1034	1239	105	28	35.553429	Τριήμερο
5	1	31	1	1	2	1155	1238	145	21	59.026192	πολιτιστικῶν
5	1	31	1	1	3	1326	1234	33	21	33.790871	ἕκ-
4	1	31	1	2	0	1004	1270	356	33	-1	
5	1	31	1	2	1	1004	1275	113	28	79.849869	δηλώσεων
5	1	31	1	2	2	1130	1274	109	29	87.853203	ὀργάνωσε
5	1	31	1	2	3	1251	1273	11	20	54.450115	ὁ
5	1	31	1	2	4	1274	1270	86	22	80.736748	«Ἀύλλο-
4	1	31	1	3	0	1004	1306	356	33	-1	
5	1	31	1	3	1	1004	1318	39	21	43.773987	γος
5	1	31	1	3	2	1054	1309	71	22	7.071007	Νέων»
5	1	31	1	3	3	1139	1312	37	19	43.445740	τοῦ
5	1	31	1	3	4	1187	1311	78	26	67.817276	χωριοῦ
5	1	31	1	3	5	1291	1306	69	28	21.753082	Ίκαρυ-
4	1	31	1	4	0	1006	1343	355	30	-1	
5	1	31	1	4	1	1006	1347	28	24	73.712692	ἐς.
5	1	31	1	4	2	1046	1345	48	26	55.556763	Στίς
5	1	31	1	4	3	1106	1345	49	22	0.000000	21-1
5	1	31	1	4	4	1164	1346	24	20	67.502930	πὀ
5	1	31	1	4	5	1199	1343	110	30	83.046997	χορευτικό
5	1	31	1	4	6	1321	1344	40	25	6.185493	τομή
4	1	31	1	5	0	1005	1378	356	32	-1	
5	1	31	1	5	1	1005	1390	30	20	82.273354	μα
5	1	31	1	5	2	1047	1380	107	23	49.311966	Ναυπλίυ
5	1	31	1	5	3	1182	1382	25	19	17.888199	σὲ
5	1	31	1	5	4	1236	1378	125	29	86.498352	παραδοσια-
2	1	32	0	0	0	1006	1413	1088	43	-1	
3	1	32	1	0	0	1006	1413	1088	43	-1	
4	1	32	1	1	0	1020	1413	342	38	-1	
5	1	32	1	1	1	1020	1414	27	37	67.211716	ού,
5	1	32	1	1	2	1108	1418	43	20	87.180573	οὐς.
5	1	32	1	1	3	1198	1416	16	14	77.785843	Σπίς
5	1	32	1	1	4	1228	1414	50	21	1.222504	28:71
5	1	32	1	1	5	1302	1413	60	17	32.402954	ρεμπέ-
4	1	32	1	2	0	1006	1416	1088	40	-1	
5	1	32	1	2	1	1006	1424	50	18	76.698792	ποὺς
5	1	32	1	2	2	1069	1423	74	21	53.486027	χορούς.
5	1	32	1	2	3	1165	1416	49	25	34.900085	δπίς
5	1	32	1	2	4	1258	1422	6	13	0.000000	Σ85ἵ
5	1	32	1	2	5	1291	1420	62	21	0.000000	ρεμπῖ
5	1	32	1	2	6	1370	1430	62	21	8.520050	ται
5	1	32	1	2	7	1446	1429	41	27	93.301582	γιά
5	1	32	1	2	8	1501	1427	128	26	91.851616	ἀπόδειξη,
5	1	32	1	2	9	1648	1425	80	22	91.973694	ἔδωσε
5	1	32	1	2	10	1744	1423	27	22	92.485184	τό
5	1	32	1	2	11	1785	1423	129	21	84.514923	τελευταῖο
5	1	32	1	2	12	1930	1419	81	28	81.509155	Φύλλο
5	1	32	1	2	13	2047	1418	47	27	64.789536	γιά
2	1	33	0	0	0	1006	1448	361	284	-1	
3	1	33	1	0	0	1006	1448	361	284	-1	
4	1	33	1	1	0	1007	1448	356	31	-1	
5	1	33	1	1	1	1007	1459	49	15	29.559509	τα
5	1	33	1	1	2	1072	1452	36	21	6.250549	παὶ
5	1	33	1	1	3	1121	1451	66	22	62.133350	λαϊκά
5	1	33	1	1	4	1202	1450	115	29	23.294769	τραγούδια
5	1	33	1	1	5	1340	1448	23	20	43.551689	ἆᾱ-
4	1	33	1	2	0	1006	1482	357	35	-1	
5	1	33	1	2	1	1006	1490	29	21	71.017250	πό
5	1	33	1	2	2	1046	1490	40	27	92.908035	τήν
5	1	33	1	2	3	1094	1488	106	27	48.968704	χοµπονα
5	1	33	1	2	4	1230	1482	133	28	70.357819	«ΣΠΑΡΤΑ:
4	1	33	1	3	0	1009	1521	354	27	-1	
5	1	33	1	3	1	1009	1525	68	22	75.955292	ΚΟΣ»
5	1	33	1	3	2	1094	1524	45	24	26.205856	στίς
5	1	33	1	3	3	1162	1522	53	21	54.620003	990-Τ
5	1	33	1	3	4	1241	1521	122	27	0.000000	παράσταση
4	1	33	1	4	0	1008	1555	356	35	-1	
5	1	33	1	4	1	1008	1562	26	28	92.790611	μέ
5	1	33	1	4	2	1050	1559	107	30	53.502964	κωμωδίες
5	1	33	1	4	3	1167	1560	36	19	90.036079	τοῦ
5	1	33	1	4	4	1224	1555	140	29	53.354294	᾿Αριστοφάνη
4	1	33	1	5	0	1009	1592	356	30	-1	
5	1	33	1	5	1	1009	1600	35	19	93.239182	τοῦ
5	1	33	1	5	2	1058	1596	195	26	87.229385	Πελοποννησιακοῦ
5	1	33	1	5	3	1278	1592	87	26	94.336334	θεάτρου
4	1	33	1	6	0	1010	1626	356	34	-1	
5	1	33	1	6	1	1010	1634	37	20	90.528519	καά
5	1	33	1	6	2	1064	1632	77	28	0.000000	Σουρῆ.
5	1	33	1	6	3	1160	1629	104	24	0.000000	Ἐθέσεις
5	1	33	1	6	4	1284	1626	82	25	82.485596	Λαϊκῆς
4	1	33	1	7	0	1012	1662	355	34	-1	
5	1	33	1	7	1	1012	1668	85	28	82.469864	Ῥέχνης
5	1	33	1	7	2	1111	1667	37	21	82.194870	καὶ
5	1	33	1	7	3	1161	1664	140	29	93.057564	παραστάσεις
5	1	33	1	7	4	1323	1662	44	21	2.957840	Ἰᾳ-
4	1	33	1	8	0	1010	1703	111	29	-1	
5	1	33	1	8	1	1010	1703	111	29	77.775482	ραγκκόζη:
2	1	34	0	0	0	1082	1781	222	30	-1	
3	1	34	1	0	0	1082	1781	222	30	-1	
4	1	34	1	1	0	1082	1781	222	30	-1	
5	1	34	1	1	1	1082	1790	63	21	93.234116	ΣΤΟ
5	1	34	1	1	2	1162	1781	142	28	91.810059	ΚΑΣΤΟΡΙ
2	1	35	0	0	0	1147	1830	96	6	-1	
3	1	35	1	0	0	1147	1830	96	6	-1	
4	1	35	1	1	0	1147	1830	96	6	-1	
5	1	35	1	1	1	1147	1830	96	6	95.000000	 
2	1	36	0	0	0	1013	1854	356	105	-1	
3	1	36	1	0	0	1013	1854	356	105	-1	
4	1	36	1	1	0	1044	1854	325	33	-1	
5	1	36	1	1	1	1044	1860	25	21	54.554718	Ὁ.
5	1	36	1	1	2	1086	1857	139	30	95.497185	Μορφωτικός
5	1	36	1	1	3	1238	1856	37	21	52.497120	καὶ
5	1	36	1	1	4	1289	1854	80	21	0.000000	ἔκπηλι-
4	1	36	1	2	0	1014	1889	355	31	-1	
5	1	36	1	2	1	1014	1896	91	24	29.600716	τιστικός
5	1	36	1	2	2	1122	1892	105	28	53.790928	Ἀύλλογος
5	1	36	1	2	3	1259	1889	110	28	53.790928	Καστορεί-
4	1	36	1	3	0	1013	1925	356	34	-1	
5	1	36	1	3	1	1013	1939	26	14	93.729248	ου
5	1	36	1	3	2	1051	1931	128	28	32.548508	διοργάνωσε
5	1	36	1	3	3	1188	1927	62	22	26.236008	λαϊκό
5	1	36	1	3	4	1263	1926	71	28	81.773010	γλάντι
5	1	36	1	3	5	1346	1925	23	20	94.607796	τό
2	1	37	0	0	0	1014	1960	368	35	-1	
3	1	37	1	0	0	1014	1960	368	35	-1	
4	1	37	1	1	0	1014	1960	368	35	-1	
5	1	37	1	1	1	1014	1967	66	28	44.221306	Βράδυ
5	1	37	1	1	2	1090	1969	37	18	92.028854	τοῦ
5	1	37	1	1	3	1140	1964	107	21	29.087410	Σαβδάτου
5	1	37	1	1	4	1254	1961	37	28	93.302483	28)
5	1	37	1	1	5	1300	1962	11	20	9.155815	τ
5	1	37	1	1	6	1324	1960	46	22	54.231377	στόν
5	1	37	1	1	7	1380	1980	2	7	90.922256	|
2	1	38	0	0	0	1016	2003	354	74	-1	
3	1	38	1	0	0	1016	2003	354	74	-1	
4	1	38	1	1	0	1019	2003	351	32	-1	
5	1	38	1	1	1	1019	2008	67	27	36.510460	Άγιο
5	1	38	1	1	2	1101	2006	73	27	94.146523	Μάμα,
5	1	38	1	1	3	1188	2005	25	28	61.149666	μὲ
5	1	38	1	1	4	1232	2004	65	21	93.222466	λαϊκά
5	1	38	1	1	5	1310	2003	60	27	77.639435	ὄργα-
4	1	38	1	2	0	1016	2044	305	33	-1	
5	1	38	1	2	1	1016	2058	27	15	77.233513	να
5	1	38	1	2	2	1052	2050	37	21	53.851196	καὶ
5	1	38	1	2	3	1104	2048	58	29	75.293739	ψητή
5	1	38	1	2	4	1172	2044	149	31	56.694332	γωρνοπούλα.
2	1	39	0	0	0	1124	2136	151	24	-1	
3	1	39	1	0	0	1124	2136	151	24	-1	
4	1	39	1	1	0	1124	2136	151	24	-1	
5	1	39	1	1	1	1124	2136	151	24	33.672760	ΠΕΛΛΑΝΑ
2	1	40	0	0	0	1038	2102	329	8	-1	
3	1	40	1	0	0	1038	2102	329	8	-1	
4	1	40	1	1	0	1038	2102	329	8	-1	
5	1	40	1	1	1	1038	2102	329	8	95.000000	 
2	1	41	0	0	0	1140	2180	118	9	-1	
3	1	41	1	0	0	1140	2180	118	9	-1	
4	1	41	1	1	0	1140	2180	118	9	-1	
5	1	41	1	1	1	1140	2180	118	9	95.000000	 
2	1	42	0	0	0	1019	2204	357	105	-1	
3	1	42	1	0	0	1019	2204	357	105	-1	
4	1	42	1	1	0	1048	2204	326	34	-1	
5	1	42	1	1	1	1048	2207	71	24	48.995399	Κρυτά
5	1	42	1	1	2	1134	2211	53	27	31.393265	ανήν
5	1	42	1	1	3	1202	2204	86	33	60.802597	"Άσπρη
5	1	42	1	1	4	1304	2207	70	28	95.302994	Βρύση
4	1	42	1	2	0	1020	2243	356	30	-1	
5	1	42	1	2	1	1020	2244	130	23	58.092484	ἐκτελοῦνται
5	1	42	1	2	2	1168	2243	174	30	74.607071	᾿Αρχαιολογικές
5	1	42	1	2	3	1358	2243	18	20	83.134399	ἕ-
4	1	42	1	3	0	1019	2278	357	31	-1	
5	1	42	1	3	1	1019	2287	80	22	75.913925	ρευνες.
5	1	42	1	3	2	1115	2278	26	24	64.298698	Ὁ
5	1	42	1	3	3	1152	2282	76	27	40.771404	δρόμος
5	1	42	1	3	4	1240	2278	136	29	80.338554	Περιθολίων-
2	1	43	0	0	0	328	2314	1048	41	-1	
3	1	43	1	0	0	328	2314	1048	41	-1	
4	1	43	1	1	0	328	2314	1048	41	-1	
5	1	43	1	1	1	328	2326	30	29	93.191193	α)
5	1	43	1	1	2	376	2325	50	23	67.282990	Γιά
5	1	43	1	1	3	436	2325	28	22	67.282990	τό
5	1	43	1	1	4	481	2324	98	30	69.088814	'Ενιαῖο
5	1	43	1	1	5	592	2320	184	29	93.293922	Ξενοδοχειακό
5	1	43	1	1	6	790	2333	7	3	93.176514	-
5	1	43	1	1	7	814	2316	191	29	6.047165	Ἑοτιατοριακό
5	1	43	1	1	8	1021	2315	111	26	70.708054	|Πελλάνας
5	1	43	1	1	9	1150	2316	160	22	39.556610	διαπλοτύνεται
5	1	43	1	1	10	1339	2314	37	20	61.310066	καὶ
2	1	44	0	0	0	286	2364	427	29	-1	
3	1	44	1	0	0	286	2364	427	29	-1	
4	1	44	1	1	0	286	2364	427	29	-1	
5	1	44	1	1	1	286	2364	108	29	53.509029	«Τμῆμα.
5	1	44	1	1	2	707	2377	6	5	41.898056	ς
2	1	45	0	0	0	327	2395	679	70	-1	
3	1	45	1	0	0	327	2395	679	70	-1	
4	1	45	1	1	0	330	2395	398	34	-1	
5	1	45	1	1	1	330	2400	30	29	92.641693	ϐ)
5	1	45	1	1	2	370	2399	51	22	79.737701	Γιά
5	1	45	1	1	3	433	2398	29	23	93.266304	τό
5	1	45	1	1	4	473	2396	144	29	72.481949	Μαγειρικό
5	1	45	1	1	5	630	2395	98	28	35.660164	Ἰμῆμα.
4	1	45	1	2	0	327	2427	679	38	-1	
5	1	45	1	2	1	327	2436	33	29	13.221428	γ)
5	1	45	1	2	2	368	2435	51	23	49.472145	Γιά
5	1	45	1	2	3	429	2434	29	23	93.217453	τό
5	1	45	1	2	4	469	2435	84	28	82.357185	τμῆμα
5	1	45	1	2	5	562	2432	116	29	93.301971	τήρησης
5	1	45	1	2	6	687	2429	184	29	72.986282	4ογαριασμῶν
5	1	45	1	2	7	882	2427	124	23	79.105774	Πελατῶν
2	1	46	0	0	0	1020	2354	121	29	-1	
3	1	46	1	0	0	1020	2354	121	29	-1	
4	1	46	1	1	0	1020	2354	121	29	-1	
5	1	46	1	1	1	1020	2354	121	29	74.527023	συρώνεται.
2	1	47	0	0	0	1023	2385	355	86	-1	
3	1	47	1	0	0	1023	2385	355	86	-1	
4	1	47	1	1	0	1052	2385	326	51	-1	
5	1	47	1	1	1	1052	2408	34	21	91.551376	Τά
5	1	47	1	1	2	1096	2406	145	28	76.191696	τοπογραφικά
5	1	47	1	1	3	1267	2385	111	51	0.000000	ουεργεῖα
4	1	47	1	2	0	1023	2438	355	33	-1	
5	1	47	1	2	1	1023	2444	39	21	76.153694	πού
5	1	47	1	2	2	1078	2444	44	27	86.364403	ἤδη
5	1	47	1	2	3	1135	2442	124	29	53.444992	ἐργάζουτα:
5	1	47	1	2	4	1269	2440	41	27	52.554913	στὴ
5	1	47	1	2	5	1329	2438	49	21	0.000000	Σ9λ-
2	1	48	0	0	0	322	2464	1057	41	-1	
3	1	48	1	0	0	322	2464	1057	41	-1	
4	1	48	1	1	0	322	2464	1049	41	-1	
5	1	48	1	1	1	322	2472	36	22	8.792221	Ἡ
5	1	48	1	1	2	369	2470	155	27	48.095264	ἔκπαίδευση
5	1	48	1	1	3	537	2468	44	23	84.333000	καί
5	1	48	1	1	4	594	2468	15	27	10.639565	ἡ
5	1	48	1	1	5	620	2465	104	30	19.081841	διαμονή
5	1	48	1	1	6	738	2465	47	22	93.289558	στά
5	1	48	1	1	7	796	2464	164	27	91.482635	οἰποτροφεῖα
5	1	48	1	1	8	972	2470	36	13	77.534874	στα
5	1	48	1	1	9	1023	2480	48	21	87.446472	λασία
5	1	48	1	1	10	1102	2478	37	23	69.686234	καὶ
5	1	48	1	1	11	1157	2476	109	29	24.053833	Βρωγναιμᾶ
5	1	48	1	1	12	1296	2476	22	21	79.936050	γιά,
5	1	48	1	1	13	1333	2475	38	20	67.750549	οὖν
4	1	48	1	2	0	1066	2484	313	21	-1	
5	1	48	1	2	1	1066	2487	21	13	65.561996	ία
5	1	48	1	2	2	1134	2486	5	13	64.804451	κα
5	1	48	1	2	3	1188	2484	65	21	36.271473	Ἡρωταμά
5	1	48	1	2	4	1280	2484	15	19	58.310207	Υ'
5	1	48	1	2	5	1372	2486	7	3	86.317238	-
2	1	49	0	0	0	297	2506	712	171	-1	
3	1	49	1	0	0	297	2506	225	29	-1	
4	1	49	1	1	0	297	2506	225	29	-1	
5	1	49	1	1	1	297	2508	102	27	66.469574	οέχεται
5	1	49	1	1	2	415	2506	107	27	95.103226	δωρεάν.
3	1	49	2	0	0	297	2534	712	107	-1	
4	1	49	2	1	0	321	2534	686	36	-1	
5	1	49	2	1	1	321	2542	42	28	0.000000	:Οἳ
5	1	49	2	1	2	381	2541	175	28	46.316872	στρατεύσιμοι
5	1	49	2	1	3	571	2539	156	22	42.288361	δικαιοῦὔνται
5	1	49	2	1	4	742	2536	127	27	58.412125	ἀναδολῆς
5	1	49	2	1	5	902	2534	105	29	43.735840	κατάτα-
4	1	49	2	2	0	299	2568	710	38	-1	
5	1	49	2	2	1	299	2580	55	26	80.525696	ξης.
5	1	49	2	2	2	370	2578	84	26	92.190331	Στούς
5	1	49	2	2	3	469	2575	176	29	92.429749	ἀριστεύοντες
5	1	49	2	2	4	658	2564	168	41	91.666893	ἀπονέμονται
5	1	49	2	2	5	842	2564	107	41	75.830559	θραθεῖα
5	1	49	2	2	6	966	2568	43	22	4.198944	καί
4	1	49	2	3	0	297	2606	628	35	-1	
5	1	49	2	3	1	297	2614	154	27	90.838860	παρέχονται
5	1	49	2	3	2	461	2610	158	29	71.500153	ὑποτροφίες
5	1	49	2	3	3	628	2609	42	28	95.741470	γιά
5	1	49	2	3	4	679	2608	31	22	92.083359	τό
5	1	49	2	3	5	722	2606	145	28	32.281944	ἐξωτερωκό.
3	1	49	3	0	0	326	2640	681	37	-1	
4	1	49	3	1	0	326	2640	681	37	-1	
5	1	49	3	1	1	326	2648	183	29	82.257080	Πληροφορίες
5	1	49	3	1	2	526	2646	44	22	73.117920	καί
5	1	49	3	1	3	583	2644	122	28	36.744949	αἴτήσεις:
5	1	49	3	1	4	751	2641	190	29	83.544136	Δραγατσανίου
5	1	49	3	1	5	977	2640	30	25	95.658157	4,
2	1	50	0	0	0	410	2742	490	55	-1	
3	1	50	1	0	0	410	2742	490	55	-1	
4	1	50	1	1	0	410	2742	490	55	-1	
5	1	50	1	1	1	410	2748	285	43	53.826252	Κατασκευἠ
5	1	50	1	1	2	718	2742	182	55	32.523026	δρόμου
2	1	51	0	0	0	351	2828	615	36	-1	
3	1	51	1	0	0	351	2828	615	36	-1	
4	1	51	1	1	0	351	2828	615	36	-1	
5	1	51	1	1	1	351	2828	200	32	67.066147	ΠΕΡΙΒΟΛΙΑ
5	1	51	1	1	2	565	2850	7	3	86.773476	-
5	1	51	1	1	3	585	2833	169	25	81.417793	ΠΕΛΛΑΝΑ
5	1	51	1	1	4	767	2846	7	4	73.934662	-
5	1	51	1	1	5	788	2830	178	34	59.465405	ΣΕΔΛΑΣΙΑ
2	1	52	0	0	0	322	2720	674	15	-1	
3	1	52	1	0	0	322	2720	674	15	-1	
4	1	52	1	1	0	322	2720	674	15	-1	
5	1	52	1	1	1	322	2720	674	15	95.000000	 
2	1	53	0	0	0	586	2808	143	8	-1	
3	1	53	1	0	0	586	2808	143	8	-1	
4	1	53	1	1	0	586	2808	143	8	-1	
5	1	53	1	1	1	586	2808	143	8	95.000000	 
2	1	54	0	0	0	587	2880	142	7	-1	
3	1	54	1	0	0	587	2880	142	7	-1	
4	1	54	1	1	0	587	2880	142	7	-1	
5	1	54	1	1	1	587	2880	142	7	95.000000	 
2	1	55	0	0	0	302	2904	713	212	-1	
3	1	55	1	0	0	302	2904	711	141	-1	
4	1	55	1	1	0	333	2904	679	34	-1	
5	1	55	1	1	1	333	2910	141	28	21.309929	Ἰεράστιας
5	1	55	1	1	2	489	2908	124	28	51.691456	σήµασίας
5	1	55	1	1	3	626	2907	64	21	93.303490	εἶναι
5	1	55	1	1	4	705	2906	15	27	42.275093	ἡ
5	1	55	1	1	5	730	2904	149	27	30.096169	φατασκευή
5	1	55	1	1	6	895	2904	44	20	93.297165	τοῦ
5	1	55	1	1	7	953	2909	59	21	86.391647	χρη-
4	1	55	1	2	0	304	2938	709	37	-1	
5	1	55	1	2	1	304	2946	133	29	84.790337	σιµότατου
5	1	55	1	2	2	446	2944	101	29	88.697357	δρόµου,
5	1	55	1	2	3	562	2943	48	22	94.834061	ἀπό
5	1	55	1	2	4	623	2942	63	29	90.469391	Τρία
5	1	55	1	2	5	697	2955	8	4	82.195694	-
5	1	55	1	2	6	717	2940	117	24	82.195694	Αὐλάκια
5	1	55	1	2	7	848	2953	7	3	87.009705	-
5	1	55	1	2	8	865	2938	148	29	84.670609	Περιθόλια-
4	1	55	1	3	0	302	2973	711	34	-1	
5	1	55	1	3	1	302	2982	119	22	91.146957	Πελλάνα
5	1	55	1	3	2	435	2994	7	4	91.607903	-
5	1	55	1	3	3	454	2979	117	28	90.510506	Παρδάλι
5	1	55	1	3	4	584	2992	7	3	89.778809	-
5	1	55	1	3	5	600	2977	139	23	89.778809	Κονιδίτσα
5	1	55	1	3	6	753	2990	8	3	93.000542	-
5	1	55	1	3	7	774	2975	125	23	93.296951	Σελλασία
5	1	55	1	3	8	910	2987	8	4	77.803925	-
5	1	55	1	3	9	931	2973	82	22	24.363190	᾿Εθνι-
4	1	55	1	4	0	304	3014	531	31	-1	
5	1	55	1	4	1	304	3018	33	27	38.725609	μή
5	1	55	1	4	2	352	3016	60	28	91.221931	ὁδός
5	1	55	1	4	3	423	3016	103	27	89.101173	Σπάρτη
5	1	55	1	4	4	541	3029	7	3	61.137451	-
5	1	55	1	4	5	563	3014	7	11	61.137451	᾿
5	1	55	1	4	6	573	3014	96	27	89.279778	Αθήνα.
5	1	55	1	4	7	833	3021	2	2	36.396568	[
3	1	55	2	0	0	304	3045	711	71	-1	
4	1	55	2	1	0	339	3045	676	34	-1	
5	1	55	2	1	1	339	3053	32	22	11.517906	ὮὉ
5	1	55	2	1	2	383	3052	103	27	91.701889	φαρδύς
5	1	55	2	1	3	498	3051	44	22	95.880127	καί
5	1	55	2	1	4	555	3050	141	27	93.304588	σύγχρονος
5	1	55	2	1	5	705	3048	77	27	91.751663	αὐτός
5	1	55	2	1	6	794	3046	92	28	88.158005	δρόµος
5	1	55	2	1	7	899	3045	64	22	92.854492	εἶναι
5	1	55	2	1	8	972	3051	43	15	60.123257	σεο-
4	1	55	2	2	0	304	3079	711	37	-1	
5	1	55	2	2	1	304	3089	32	22	45.357018	Λύ
5	1	55	2	2	2	348	3086	153	30	64.080734	σημαντικός
5	1	55	2	2	3	515	3086	43	21	93.042824	καί
5	1	55	2	2	4	574	3085	88	27	73.349449	ἄκρως
5	1	55	2	2	5	675	3081	182	30	90.188728	ἐξυπηρετικός
5	1	55	2	2	6	873	3081	42	28	96.757378	γιά
5	1	55	2	2	7	932	3080	48	28	93.246887	τήν
5	1	55	2	2	8	990	3079	25	22	91.719727	ᾱ-
2	1	56	0	0	0	299	3115	716	35	-1	
3	1	56	1	0	0	299	3115	716	35	-1	
4	1	56	1	1	0	299	3115	716	35	-1	
5	1	56	1	1	1	299	3123	118	27	72.024742	νάπτυξη
5	1	56	1	1	2	430	3124	49	25	93.241577	τῆς
5	1	56	1	1	3	489	3122	125	27	92.375481	περιοχῆς
5	1	56	1	1	4	622	3127	58	20	95.687485	µας,
5	1	56	1	1	5	691	3118	64	22	96.817467	διότι
5	1	56	1	1	6	768	3118	48	21	93.221436	ἀπό
5	1	56	1	1	7	826	3116	139	29	47.819252	Περιθόλια
5	1	56	1	1	8	975	3115	40	28	75.784012	µέ-
2	1	57	0	0	0	305	3150	712	182	-1	
3	1	57	1	0	0	305	3150	711	147	-1	
4	1	57	1	1	0	306	3150	710	35	-1	
5	1	57	1	1	1	306	3166	40	16	92.310730	σω
5	1	57	1	1	2	357	3158	136	27	92.539604	Πελλάνας
5	1	57	1	1	3	506	3156	139	28	93.303497	καταλήγει
5	1	57	1	1	4	657	3154	57	23	81.963959	στὀν
5	1	57	1	1	5	729	3153	106	22	76.626465	᾿Εθνικό
5	1	57	1	1	6	848	3152	76	28	88.521667	δρόµο
5	1	57	1	1	7	941	3150	75	28	31.142197	᾿.Αθή-
4	1	57	1	2	0	305	3188	711	35	-1	
5	1	57	1	2	1	305	3204	48	14	89.334373	να-
5	1	57	1	2	2	365	3194	114	29	0.000000	Ὑπάρτη,
5	1	57	1	2	3	496	3192	100	23	93.289009	συνδέει
5	1	57	1	2	4	609	3191	45	22	93.265549	ὅλα
5	1	57	1	2	5	667	3190	32	22	96.628937	τά
5	1	57	1	2	6	711	3189	83	30	96.949760	χωριά
5	1	57	1	2	7	806	3188	43	23	93.208237	καί
5	1	57	1	2	8	860	3188	156	27	92.239929	ἀντίστροφα
4	1	57	1	3	0	306	3223	709	36	-1	
5	1	57	1	3	1	306	3232	47	23	93.209999	ἀπό
5	1	57	1	3	2	368	3230	108	29	81.529022	᾿Εθνωκή
5	1	57	1	3	3	491	3229	44	24	26.697403	ὅδό
5	1	57	1	3	4	547	3242	8	5	92.921425	-
5	1	57	1	3	5	569	3227	125	25	92.928268	Σελλασία
5	1	57	1	3	6	709	3240	7	5	83.393044	-
5	1	57	1	3	7	733	3225	119	25	59.593117	Πελλάνα
5	1	57	1	3	8	870	3238	7	5	86.127945	-
5	1	57	1	3	9	893	3223	122	30	83.633041	Καστόρι-
4	1	57	1	4	0	305	3265	417	32	-1	
5	1	57	1	4	1	305	3268	123	29	91.182678	Ῥορδόνια
5	1	57	1	4	2	442	3281	7	4	88.366226	-
5	1	57	1	4	3	459	3266	109	29	88.366226	Καραθᾶ
5	1	57	1	4	4	583	3280	7	3	91.489883	-
5	1	57	1	4	5	605	3265	117	28	88.459824	Σπάρτη.
3	1	57	2	0	0	340	3297	677	35	-1	
4	1	57	2	1	0	340	3297	677	35	-1	
5	1	57	2	1	1	340	3304	32	23	62.082359	Οἱ
5	1	57	2	1	2	386	3302	201	30	84.064323	Βορειοδηµότες
5	1	57	2	1	3	601	3301	43	29	96.758461	γιά
5	1	57	2	1	4	656	3301	32	22	93.244934	νά
5	1	57	2	1	5	699	3302	64	21	67.453995	σᾶνε
5	1	57	2	1	6	778	3299	63	28	93.260178	στήν
5	1	57	2	1	7	860	3298	7	11	79.804657	᾿
5	1	57	2	1	8	870	3298	97	28	94.171471	Αθήνα,
5	1	57	2	1	9	984	3297	33	22	94.424591	θά
2	1	58	0	0	0	1023	2510	358	134	-1	
3	1	58	1	0	0	1023	2510	358	134	-1	
4	1	58	1	1	0	1023	2510	356	33	-1	
5	1	58	1	1	1	1023	2515	52	28	86.294640	παξη
5	1	58	1	1	2	1088	2514	93	29	90.728806	μελετῶν
5	1	58	1	1	3	1193	2513	39	27	80.721237	γιά
5	1	58	1	1	4	1240	2512	65	27	64.690323	μικρά
5	1	58	1	1	5	1317	2510	62	27	57.571938	ἆρδευ
4	1	58	1	2	0	1025	2546	356	32	-1	
5	1	58	1	2	1	1025	2551	49	21	67.860870	τικά
5	1	58	1	2	2	1086	2552	63	26	95.122368	ἔργα,
5	1	58	1	2	3	1165	2549	53	27	82.214355	µετά
5	1	58	1	2	4	1232	2548	27	26	83.711182	τή
5	1	58	1	2	5	1277	2546	104	21	63.156860	Σελασσίο,
4	1	58	1	3	0	1024	2580	357	31	-1	
5	1	58	1	3	1	1024	2588	27	20	53.696030	θά,
5	1	58	1	3	2	1068	2584	153	27	86.645020	ἀκολουθήσουν
5	1	58	1	3	3	1235	2582	96	28	59.386765	ἐργασίες
5	1	58	1	3	4	1342	2580	39	27	74.967117	στή
4	1	58	1	4	0	1026	2618	281	26	-1	
5	1	58	1	4	1	1026	2622	99	22	91.911003	Πελλάνα
5	1	58	1	4	2	1139	2620	37	21	30.727875	καί
5	1	58	1	4	3	1189	2618	118	21	38.216949	Κονδίνσα.
2	1	59	0	0	0	1052	2674	326	9	-1	
3	1	59	1	0	0	1052	2674	326	9	-1	
4	1	59	1	1	0	1052	2674	326	9	-1	
5	1	59	1	1	1	1052	2674	326	9	95.000000	 
2	1	60	0	0	0	1076	2692	234	36	-1	
3	1	60	1	0	0	1076	2692	234	36	-1	
4	1	60	1	1	0	1076	2692	234	36	-1	
5	1	60	1	1	1	1076	2692	234	36	0.000000	ΓΣΊΑΓΟΡΊΑΝΗ-
2	1	61	0	0	0	1137	2751	146	6	-1	
3	1	61	1	0	0	1137	2751	146	6	-1	
4	1	61	1	1	0	1137	2751	146	6	-1	
5	1	61	1	1	1	1137	2751	146	6	95.000000	 
2	1	62	0	0	0	1020	2774	365	209	-1	
3	1	62	1	0	0	1020	2774	365	209	-1	
4	1	62	1	1	0	1051	2774	333	29	-1	
5	1	62	1	1	1	1051	2777	46	22	90.830475	Μία
5	1	62	1	1	2	1112	2777	124	26	77.173164	ἐπιπακτωκή
5	1	62	1	1	3	1255	2776	85	26	0.000000	ὀἀνάγκη
5	1	62	1	1	4	1370	2774	14	20	70.486176	ἵ-
4	1	62	1	2	0	1028	2808	355	30	-1	
5	1	62	1	2	1	1028	2816	150	19	10.973480	πνοπωνεῖται:
5	1	62	1	2	2	1191	2811	44	21	31.784752	Ἆτά,
5	1	62	1	2	3	1244	2810	91	28	94.646904	γεφύρια
5	1	62	1	2	4	1347	2808	36	28	91.826866	Τρι
4	1	62	1	3	0	1028	2845	357	33	-1	
5	1	62	1	3	1	1028	2849	44	29	91.590515	μπᾶ
5	1	62	1	3	2	1088	2848	71	29	40.272766	Ῥόμνη
5	1	62	1	3	3	1172	2848	37	20	93.288445	καὶ
5	1	62	1	3	4	1223	2845	162	28	42.763195	πρίστιαλόρεµα,
4	1	62	1	4	0	1027	2880	358	33	-1	
5	1	62	1	4	1	1027	2886	81	27	22.634438	γέντεαι
5	1	62	1	4	2	1118	2882	143	27	65.763031	διαπλάτυνση
5	1	62	1	4	3	1276	2881	35	20	72.954422	καί
5	1	62	1	4	4	1323	2880	11	20	91.616882	ὃ
5	1	62	1	4	5	1348	2880	37	27	84.487564	δρὀ
4	1	62	1	5	0	1020	2915	364	58	-1	
5	1	62	1	5	1	1020	2928	47	45	31.354721	μα
5	1	62	1	5	2	1078	2920	44	21	47.424889	ἀπό
5	1	62	1	5	3	1136	2917	114	28	32.874451	᾽Αγόρινη
5	1	62	1	5	4	1269	2928	7	3	87.720947	-
5	1	62	1	5	5	1291	2915	93	28	73.469536	Λογκανί
4	1	62	1	6	0	1030	2954	251	29	-1	
5	1	62	1	6	1	1030	2963	25	15	87.914948	χο
5	1	62	1	6	2	1069	2954	212	29	29.157700	ἀσφαλτοστρώνεπαι.
2	1	63	0	0	0	1107	3013	113	8	-1	
3	1	63	1	0	0	1107	3013	113	8	-1	
4	1	63	1	1	0	1107	3013	113	8	-1	
5	1	63	1	1	1	1107	3013	113	8	95.000000	 
2	1	64	0	0	0	1032	3040	357	277	-1	
3	1	64	1	0	0	1032	3040	357	277	-1	
4	1	64	1	1	0	1069	3040	316	31	-1	
5	1	64	1	1	1	1069	3042	212	29	83.175301	ἘΝΟΙΚΙΑΖΕΤΑΙ
5	1	64	1	1	2	1303	3042	12	20	73.483810	ἤ
5	1	64	1	1	3	1348	3040	37	19	26.232666	καὶ
4	1	64	1	2	0	1033	3077	354	24	-1	
5	1	64	1	2	1	1033	3077	145	22	42.814980	ΠΩΛΕΙΤΑΙ
5	1	64	1	2	2	1210	3079	25	18	92.611397	τό
5	1	64	1	2	3	1266	3077	121	24	85.654953	ὁραιότατο
4	1	64	1	3	0	1032	3113	355	23	-1	
5	1	64	1	3	1	1032	3114	81	22	77.980728	κέντρο
5	1	64	1	3	2	1126	3116	39	19	25.246185	πού
5	1	64	1	3	3	1179	3115	73	19	92.192490	ἔχτισε
5	1	64	1	3	4	1275	3113	112	23	79.962326	πρόσφατο
4	1	64	1	4	0	1032	3148	356	24	-1	
5	1	64	1	4	1	1032	3150	13	18	89.048027	ὁ
5	1	64	1	4	2	1059	3149	68	22	87.443527	Γεώρ.
5	1	64	1	4	3	1154	3152	23	18	91.961563	Δ.
5	1	64	1	4	4	1193	3150	102	22	45.521454	Καλύθας
5	1	64	1	4	5	1327	3148	61	23	90.375397	στούς
4	1	64	1	5	0	1034	3184	353	25	-1	
5	1	64	1	5	1	1034	3185	47	22	65.494003	ἍἉγ.
5	1	64	1	5	2	1109	3184	154	25	84.179192	᾿Ἀναργύρους.
5	1	64	1	5	3	1295	3184	92	19	82.965805	Αἴθουσα
4	1	64	1	6	0	1033	3220	356	25	-1	
5	1	64	1	6	1	1033	3221	36	20	91.142044	200
5	1	64	1	6	2	1094	3220	88	25	71.317566	ὀτόμων
5	1	64	1	6	3	1211	3222	37	19	81.780319	ναί
5	1	64	1	6	4	1278	3220	111	25	83.082558	εὐρύχωρο
4	1	64	1	7	0	1034	3255	355	28	-1	
5	1	64	1	7	1	1034	3259	106	24	92.542130	προαύλιο
5	1	64	1	7	2	1161	3258	28	23	58.592598	Μέ
5	1	64	1	7	3	1221	3255	168	24	59.140587	πανοραµατική
4	1	64	1	8	0	1033	3291	356	26	-1	
5	1	64	1	8	1	1033	3296	46	19	96.673973	θέα.
5	1	64	1	8	2	1094	3294	151	23	90.435867	Πληροφορίες
5	1	64	1	8	3	1258	3293	22	18	76.332016	Γ.
5	1	64	1	8	4	1292	3291	97	21	78.738846	Καλύέα,
2	1	65	0	0	0	1253	3013	124	6	-1	
3	1	65	1	0	0	1253	3013	124	6	-1	
4	1	65	1	1	0	1253	3013	124	6	-1	
5	1	65	1	1	1	1253	3013	124	6	95.000000	 
2	1	66	0	0	0	305	3327	1086	50	-1	
3	1	66	1	0	0	305	3327	1086	50	-1	
4	1	66	1	1	0	305	3327	1086	50	-1	
5	1	66	1	1	1	305	3337	135	40	24.867386	σοροτιμοῦν
5	1	66	1	1	2	455	3338	75	23	88.495682	αὐτόν
5	1	66	1	1	3	539	3338	29	22	95.303658	τό
5	1	66	1	1	4	578	3337	84	29	93.303246	δρόµο,
5	1	66	1	1	5	677	3336	194	27	92.125099	ἀποφεύγοντες
5	1	66	1	1	6	885	3334	28	22	96.400993	τό
5	1	66	1	1	7	924	3333	93	29	92.220062	µεγάλο
5	1	66	1	1	8	1034	3330	121	24	35.977654	|Ἀτριγιάρη
5	1	66	1	1	9	1171	3330	18	21	56.134228	2»
5	1	66	1	1	10	1204	3329	79	22	88.430649	"Άγιος
5	1	66	1	1	11	1294	3327	97	23	90.287239	Δημήτρι
2	1	67	0	0	0	307	3367	710	36	-1	
3	1	67	1	0	0	307	3367	710	36	-1	
4	1	67	1	1	0	307	3367	710	36	-1	
5	1	67	1	1	1	307	3376	81	22	88.937836	κύκλο
5	1	67	1	1	2	397	3375	71	28	92.228325	µέσω
5	1	67	1	1	3	481	3374	127	28	92.945549	Σπάρτης.
5	1	67	1	1	4	622	3373	7	10	65.847839	᾿
5	1	67	1	1	5	633	3372	69	22	93.753258	Αλλά
5	1	67	1	1	6	715	3372	44	22	93.294624	καί
5	1	67	1	1	7	774	3371	24	22	93.098480	οἳ
5	1	67	1	1	8	814	3370	129	28	90.746429	ἐρχόμενοι
5	1	67	1	1	9	970	3367	47	24	82.584442	ἀπό
2	1	68	0	0	0	311	3406	599	34	-1	
3	1	68	1	0	0	311	3406	599	34	-1	
4	1	68	1	1	0	311	3406	599	34	-1	
5	1	68	1	1	1	311	3411	98	29	18.136597	Αθήνα
5	1	68	1	1	2	422	3410	32	23	93.292549	θά
5	1	68	1	1	3	469	3410	177	27	83.830582	ἔξοικονομοῦν
5	1	68	1	1	4	657	3407	79	24	94.211777	πολλά
5	1	68	1	1	5	758	3406	152	29	79.111252	χιλιόμετρα.
2	1	69	0	0	0	1028	3362	364	62	-1	
3	1	69	1	0	0	1028	3362	364	62	-1	
4	1	69	1	1	0	1036	3362	356	29	-1	
5	1	69	1	1	1	1036	3372	23	19	81.529785	ος
5	1	69	1	1	2	1076	3366	89	21	0.000000	Αθήνα.
5	1	69	1	1	3	1180	3365	56	21	64.235840	Τηλ.
5	1	69	1	1	4	1250	3363	83	20	91.182014	3619363
5	1	69	1	1	5	1354	3362	38	19	52.330078	καί
4	1	69	1	2	0	1028	3399	180	25	-1	
5	1	69	1	2	1	1028	3399	67	23	61.022141	128976
5	1	69	1	2	2	1111	3401	97	23	58.190937	πάρτη.
2	1	70	0	0	0	988	898	376	45	-1	
3	1	70	1	0	0	988	898	376	45	-1	
4	1	70	1	1	0	988	898	376	45	-1	
5	1	70	1	1	1	988	899	151	44	1.081329	Παραστάσεις
5	1	70	1	1	2	1149	900	147	28	76.452766	Καραγκιόζη.
5	1	70	1	1	3	1312	898	41	21	32.692978	Πο-
5	1	70	1	1	4	1360	916	4	21	32.022293	|
2	1	71	0	0	0	1376	1996	25	1213	-1	
3	1	71	1	0	0	1376	1996	25	1213	-1	
4	1	71	1	1	0	1376	1996	13	45	-1	
5	1	71	1	1	1	1376	1996	13	45	95.000000	 
4	1	71	1	2	0	1376	2041	13	107	-1	
5	1	71	1	2	1	1376	2041	13	107	95.000000	  
4	1	71	1	3	0	1378	2148	12	37	-1	
5	1	71	1	3	1	1378	2148	12	37	95.000000	 
4	1	71	1	4	0	1378	2185	15	99	-1	
5	1	71	1	4	1	1378	2185	15	99	95.000000	    
4	1	71	1	5	0	1384	2284	5	38	-1	
5	1	71	1	5	1	1384	2284	5	38	95.000000	 
4	1	71	1	6	0	1382	2322	12	83	-1	
5	1	71	1	6	1	1382	2322	12	83	95.000000	   
4	1	71	1	7	0	1382	2405	14	108	-1	
5	1	71	1	7	1	1382	2405	14	108	95.000000	  
4	1	71	1	8	0	1384	2513	12	32	-1	
5	1	71	1	8	1	1384	2513	12	32	95.000000	 
4	1	71	1	9	0	1384	2545	13	37	-1	
5	1	71	1	9	1	1384	2545	13	37	95.000000	 
4	1	71	1	10	0	1385	2582	13	33	-1	
5	1	71	1	10	1	1385	2582	13	33	95.000000	 
4	1	71	1	11	0	1385	2615	14	91	-1	
5	1	71	1	11	1	1385	2615	14	91	95.000000	   
4	1	71	1	12	0	1387	2706	12	102	-1	
5	1	71	1	12	1	1387	2706	12	102	95.000000	  
4	1	71	1	13	0	1392	2808	5	74	-1	
5	1	71	1	13	1	1392	2808	5	74	95.000000	  
4	1	71	1	14	0	1393	2882	5	36	-1	
5	1	71	1	14	1	1393	2882	5	36	95.000000	 
4	1	71	1	15	0	1393	2918	8	291	-1	
5	1	71	1	15	1	1393	2918	8	291	95.000000	  
2	1	72	0	0	0	1351	243	709	122	-1	
3	1	72	1	0	0	1351	243	709	122	-1	
4	1	72	1	1	0	1351	243	709	122	-1	
5	1	72	1	1	1	1351	305	62	60	0.000000	Γ.
5	1	72	1	1	2	1435	286	294	71	9.585075	Απλιγιηὺς
5	1	72	1	1	3	1743	243	252	118	0.000000	Κανύτητης
5	1	72	1	1	4	2056	346	4	2	94.635574	|
2	1	73	0	0	0	1355	386	730	965	-1	
3	1	73	1	0	0	1355	386	716	252	-1	
4	1	73	1	1	0	1390	386	677	37	-1	
5	1	73	1	1	1	1390	396	63	27	93.288010	Στίς
5	1	73	1	1	2	1471	393	134	26	81.859634	16-7-84,
5	1	73	1	1	3	1622	392	28	21	96.522797	σέ
5	1	73	1	1	4	1662	390	87	29	96.372536	γενική
5	1	73	1	1	5	1765	388	178	29	8.429428	συγκέντρωση
5	1	73	1	1	6	1960	386	51	22	93.281265	τῶν
5	1	73	1	1	7	2026	392	41	15	89.845512	κα-
4	1	73	1	2	0	1362	420	707	38	-1	
5	1	73	1	2	1	1362	432	93	22	88.601830	τοίκων
5	1	73	1	2	2	1470	428	182	30	84.287392	Γεωργιτσίου,
5	1	73	1	2	3	1667	426	48	23	96.321465	πού
5	1	73	1	2	4	1742	422	253	31	42.757675	πραγματοποιήθηκε
5	1	73	1	2	5	2027	420	42	22	96.823975	στό
4	1	73	1	3	0	1362	456	709	35	-1	
5	1	73	1	3	1	1362	466	136	24	56.284798	Κοινοτωιό
5	1	73	1	3	2	1509	465	164	26	51.309055	Κατάστημα,
5	1	73	1	3	3	1686	462	13	22	89.646477	ὃ
5	1	73	1	3	4	1712	460	123	29	96.470024	πρόεδρος
5	1	73	1	3	5	1851	460	48	27	95.675430	τῆς
5	1	73	1	3	6	1913	456	158	28	93.188087	Κοινότητας
4	1	73	1	4	0	1366	495	704	33	-1	
5	1	73	1	4	1	1366	513	23	12	69.467346	κ.
5	1	73	1	4	2	1406	503	30	22	56.931953	Τ.
5	1	73	1	4	3	1453	500	164	28	77.404388	Γκουξούλης
5	1	73	1	4	4	1632	499	76	22	59.019184	ἔκανε
5	1	73	1	4	5	1727	495	149	29	41.523651	ἄπολογισμό
5	1	73	1	4	6	1894	495	50	20	93.263000	τῶν
5	1	73	1	4	7	1962	499	108	21	59.801746	πεσραγ-
4	1	73	1	5	0	1362	528	707	39	-1	
5	1	73	1	5	1	1362	538	94	29	80.466095	µένων.
5	1	73	1	5	2	1470	537	129	27	66.220886	᾿Ανάφερε
5	1	73	1	5	3	1609	535	30	22	93.296906	τά
5	1	73	1	5	4	1652	534	75	22	92.909454	ἔσοδα
5	1	73	1	5	5	1740	533	49	27	96.635445	τῆς
5	1	73	1	5	6	1801	530	165	27	96.210175	Κοινότητας,
5	1	73	1	5	7	1982	528	30	22	95.266228	τά
5	1	73	1	5	8	2025	534	44	15	96.361115	συν
4	1	73	1	6	0	1355	564	716	59	-1	
5	1	73	1	6	1	1355	569	158	54	13.628799	ελεσθένκα
5	1	73	1	6	2	1527	572	70	28	96.917816	ἔργα,
5	1	73	1	6	3	1612	570	40	28	96.328697	τίς
5	1	73	1	6	4	1663	568	120	27	96.947632	δαπάνες,
5	1	73	1	6	5	1801	566	44	22	48.724251	καὶ
5	1	73	1	6	6	1860	564	113	29	91.470306	ἐπέμεινε
5	1	73	1	6	7	1988	570	83	21	92.979752	περισ-
4	1	73	1	7	0	1366	604	489	34	-1	
5	1	73	1	7	1	1366	609	88	29	92.534012	σότερο
5	1	73	1	7	2	1465	607	43	24	93.283073	στό
5	1	73	1	7	3	1517	607	130	29	71.970863	πρόθληµα
5	1	73	1	7	4	1659	607	48	26	93.282295	τῆς
5	1	73	1	7	5	1719	604	136	27	20.895828	Ὀδρευσης.
3	1	73	2	0	0	1358	634	718	359	-1	
4	1	73	2	1	0	1423	634	646	37	-1	
5	1	73	2	1	1	1423	662	4	5	9.771431	:.
5	1	73	2	1	2	1444	644	95	27	13.805298	'Εωμτός
5	1	73	2	1	3	1552	642	49	23	96.597153	ἀπό
5	1	73	2	1	4	1612	642	30	21	94.256393	τά
5	1	73	2	1	5	1658	640	94	29	94.800964	θέµατα
5	1	73	2	1	6	1766	640	48	26	96.551270	τῆς
5	1	73	2	1	7	1828	636	165	27	96.004585	Κοινότητας,
5	1	73	2	1	8	2010	634	13	22	51.659958	ὅ
5	1	73	2	1	9	2046	642	23	13	92.332710	κ.
4	1	73	2	2	0	1366	668	707	41	-1	
5	1	73	2	2	1	1366	680	132	29	83.752411	Πρόεδρος
5	1	73	2	2	2	1510	679	113	27	92.120987	ἀνάφερε
5	1	73	2	2	3	1638	677	45	22	91.256622	ὅτι
5	1	73	2	2	4	1707	675	98	23	91.256622	ἀπούσα
5	1	73	2	2	5	1821	672	90	27	75.229385	τοπική
5	1	73	2	2	6	1933	668	140	31	90.608009	ἐφημερίδα
4	1	73	2	3	0	1368	705	704	40	-1	
5	1	73	2	3	1	1368	717	94	28	93.191772	γράφει
5	1	73	2	3	2	1476	714	171	29	59.407646	ἀνακρίδειες,
5	1	73	2	3	3	1661	712	43	22	93.295395	καί
5	1	73	2	3	4	1718	711	49	22	92.771957	ἐνῶ
5	1	73	2	3	5	1780	709	75	22	90.058899	ἔθαλε
5	1	73	2	3	6	1868	708	67	22	96.295387	κατά
5	1	73	2	3	7	1949	708	50	20	93.229919	τῶν
5	1	73	2	3	8	2015	705	57	22	21.146324	«Γε-
4	1	73	2	4	0	1358	739	715	42	-1	
5	1	73	2	4	1	1358	748	209	33	25.481354	ωργιτσιάνικων
5	1	73	2	4	2	1579	749	101	26	96.247101	Νέων»,
5	1	73	2	4	3	1690	746	180	29	96.658714	παραδόξως...
5	1	73	2	4	4	1886	739	125	26	81.631943	ἀδέσποτα
5	1	73	2	4	5	2025	741	48	22	90.817680	σκά
4	1	73	2	5	0	1370	778	705	39	-1	
5	1	73	2	5	1	1370	797	43	20	93.202751	για
5	1	73	2	5	2	1426	789	91	21	93.202751	ἔπεσαν
5	1	73	2	5	3	1530	786	43	22	93.294327	καὶ
5	1	73	2	5	4	1586	785	56	22	82.932823	στὀν
5	1	73	2	5	5	1653	783	111	28	92.777435	παρόντα
5	1	73	2	5	6	1777	781	46	28	92.095261	στή
5	1	73	2	5	7	1838	778	179	29	19.692833	συγκἐντρωση
5	1	73	2	5	8	2030	784	45	15	96.410339	συν
4	1	73	2	6	0	1370	812	706	39	-1	
5	1	73	2	6	1	1370	824	77	27	74.542862	τάκτη
5	1	73	2	6	2	1472	830	58	21	93.303085	µας,
5	1	73	2	6	3	1548	822	14	21	83.436661	ὃ
5	1	73	2	6	4	1579	822	86	26	56.216930	ὅποῖος
5	1	73	2	6	5	1682	815	177	31	85.867065	κυριολεκτικά
5	1	73	2	6	6	1874	814	102	23	83.732941	κόθεται
5	1	73	2	6	7	1990	812	31	28	85.515968	µέ
5	1	73	2	6	8	2046	812	30	21	96.883507	τά
4	1	73	2	7	0	1369	847	707	39	-1	
5	1	73	2	7	1	1369	860	64	22	75.399193	πολύ
5	1	73	2	7	2	1448	857	181	29	91.859810	ἐπιμελημμένα
5	1	73	2	7	3	1642	852	184	31	39.658707	δημοσιεύματά
5	1	73	2	7	4	1838	859	53	18	95.909630	του,
5	1	73	2	7	5	1906	849	41	28	96.819206	γιά
5	1	73	2	7	6	1962	848	29	28	93.298164	τή
5	1	73	2	7	7	2006	847	70	29	82.129440	µεθο-
4	1	73	2	8	0	1369	883	707	40	-1	
5	1	73	2	8	1	1369	895	59	26	49.172955	δωκή
5	1	73	2	8	2	1440	893	111	30	81.436592	προβολή
5	1	73	2	8	3	1564	892	42	21	7.205490	καΐ
5	1	73	2	8	4	1616	890	127	26	81.705849	ἀνάπτυξη
5	1	73	2	8	5	1757	889	44	21	93.279907	τοῦ
5	1	73	2	8	6	1814	886	95	28	89.029465	χωριοῦ
5	1	73	2	8	7	1919	892	58	20	93.298714	µας,
5	1	73	2	8	8	1992	883	84	26	91.628479	ἔνθαρ-
4	1	73	2	9	0	1369	918	706	39	-1	
5	1	73	2	9	1	1369	930	123	27	90.859680	ρύνοντας
5	1	73	2	9	2	1504	928	75	25	90.859680	ὅλους
5	1	73	2	9	3	1596	926	60	26	96.178650	τούς
5	1	73	2	9	4	1669	921	205	30	66.134491	προοδευτικούς,
5	1	73	2	9	5	1891	920	54	21	15.198296	καΐ-.
5	1	73	2	9	6	1966	918	109	27	61.388660	ἀποφεύ-
4	1	73	2	10	0	1362	952	521	45	-1	
5	1	73	2	10	1	1362	952	101	45	0.000000	ἔγοντας
5	1	73	2	10	2	1472	962	125	28	91.288895	ἐπιμελῶς
5	1	73	2	10	3	1607	960	33	22	96.956604	νά
5	1	73	2	10	4	1651	960	64	25	91.143097	θίξει
5	1	73	2	10	5	1729	957	154	28	62.458427	οἴονδήσιοτε.
3	1	73	3	0	0	1364	988	721	363	-1	
4	1	73	3	1	0	1404	988	673	39	-1	
5	1	73	3	1	1	1404	1011	23	2	28.852684	--
5	1	73	3	1	2	1440	996	193	31	61.191513	Ξαφνιασμένος
5	1	73	3	1	3	1651	994	13	23	89.662025	ὃ
5	1	73	3	1	4	1679	994	142	27	25.415428	συντάκτης
5	1	73	3	1	5	1833	1000	58	20	93.619362	µας,
5	1	73	3	1	6	1910	990	47	23	97.001953	ἀπό
5	1	73	3	1	7	1973	989	31	22	93.275322	τά
5	1	73	3	1	8	2020	988	57	22	0.000000	σπά-
4	1	73	3	2	0	1364	1024	714	39	-1	
5	1	73	3	2	1	1364	1044	51	19	73.502335	Ίγια
5	1	73	3	2	2	1424	1034	47	23	96.889877	πού
5	1	73	3	2	3	1481	1034	42	22	91.292534	τόν
5	1	73	3	2	4	1533	1034	85	26	67.668671	σῆραν
5	1	73	3	2	5	1630	1031	134	26	70.503143	ξέσκουρα,
5	1	73	3	2	6	1780	1028	41	28	96.205887	γιά
5	1	73	3	2	7	1832	1028	30	21	94.757133	νά
5	1	73	3	2	8	1874	1025	111	30	70.239151	ἀμυνθεῖ:
5	1	73	3	2	9	2014	1024	64	27	83.132729	Πρῶ
4	1	73	3	3	0	1374	1060	706	39	-1	
5	1	73	3	3	1	1374	1079	31	14	96.477760	τα
5	1	73	3	3	2	1416	1070	99	29	94.578300	ρώτησε
5	1	73	3	3	3	1532	1068	27	22	96.423027	τό
5	1	73	3	3	4	1572	1067	87	26	93.657806	Κοινό,
5	1	73	3	3	5	1675	1066	29	22	96.743294	ἄν
5	1	73	3	3	6	1721	1064	98	29	23.554413	θρίσκει
5	1	73	3	3	7	1835	1064	58	21	94.281998	κάτι
5	1	73	3	3	8	1906	1062	28	22	92.161339	τό
5	1	73	3	3	9	1944	1060	136	27	92.781631	ἐπιλήψιμο
4	1	73	3	4	0	1374	1094	705	41	-1	
5	1	73	3	4	1	1374	1106	16	29	51.962532	ἤ
5	1	73	3	4	2	1404	1104	135	28	88.375923	ἐπιέλαθές
5	1	73	3	4	3	1549	1103	61	28	96.368240	στήν
5	1	73	3	4	4	1626	1098	141	31	76.714920	ἐφημερίδα
5	1	73	3	4	5	1781	1096	219	25	37.704712	«ΤΕΩΡΓΙΤΣΙ»
5	1	73	3	4	6	2018	1094	61	22	20.859329	καί..
4	1	73	3	5	0	1375	1130	706	39	-1	
5	1	73	3	5	1	1375	1141	88	28	85.286987	κανείς
5	1	73	3	5	2	1472	1140	43	22	96.303299	δέν
5	1	73	3	5	3	1526	1138	201	29	85.711761	παραπονέθηκε.
5	1	73	3	5	4	1743	1135	53	28	90.632828	Στή
5	1	73	3	5	5	1809	1134	118	28	94.778809	συνέχεια
5	1	73	3	5	6	1939	1132	91	25	96.866425	τόνισε,
5	1	73	3	5	7	2045	1130	36	21	96.854729	ὅτι
4	1	73	3	6	0	1376	1165	706	41	-1	
5	1	73	3	6	1	1376	1178	15	28	40.682716	ἤ
5	1	73	3	6	2	1406	1176	142	29	90.260345	ἐφημερίδα
5	1	73	3	6	3	1555	1182	51	21	93.295479	µας
5	1	73	3	6	4	1616	1172	145	27	63.495499	διαθάξεται
5	1	73	3	6	5	1776	1171	43	22	56.759239	καΐ
5	1	73	3	6	6	1834	1170	131	28	92.092781	ἐλέγχεται
5	1	73	3	6	7	1976	1166	49	23	74.230095	ἀπό
5	1	73	3	6	8	2061	1165	21	22	33.935440	ῥὅ-
4	1	73	3	7	0	1376	1202	707	41	-1	
5	1	73	3	7	1	1376	1214	45	29	94.552719	λες
5	1	73	3	7	2	1432	1213	40	28	96.481857	τίς
5	1	73	3	7	3	1483	1211	125	30	77.062744	Δημόσιες
5	1	73	3	7	4	1624	1208	161	30	85.061455	'Ὑπηρεσίες,
5	1	73	3	7	5	1799	1206	122	27	91.318169	ἰδιαίτερα
5	1	73	3	7	6	1934	1204	49	22	96.826302	ἀπό
5	1	73	3	7	7	1996	1203	29	28	93.061722	τή
5	1	73	3	7	8	2038	1202	45	22	86.954391	Γε-
4	1	73	3	8	0	1376	1235	709	44	-1	
5	1	73	3	8	1	1376	1251	58	28	9.737366	νυκή
5	1	73	3	8	2	1447	1248	162	30	78.202240	Γραµµατεία
5	1	73	3	8	3	1626	1246	85	23	52.692036	Τύπου
5	1	73	3	8	4	1749	1244	44	22	89.304504	καί
5	1	73	3	8	5	1811	1243	48	22	81.832886	ἀπό
5	1	73	3	8	6	1887	1235	198	38	90.389854	ἀπειράριθμους
4	1	73	3	9	0	1376	1276	708	38	-1	
5	1	73	3	9	1	1376	1285	187	29	82.609276	πνευματικούς
5	1	73	3	9	2	1578	1282	150	28	46.905815	ἀνθρώπους
5	1	73	3	9	3	1739	1280	50	23	96.721176	πού
5	1	73	3	9	4	1801	1278	46	29	93.271400	τήν
5	1	73	3	9	5	1861	1278	116	27	88.833054	ἐπτιμοῦν
5	1	73	3	9	6	1994	1276	37	27	69.097336	ὡς
5	1	73	3	9	7	2047	1282	37	14	92.328133	σο-
4	1	73	3	10	0	1378	1314	706	37	-1	
5	1	73	3	10	1	1378	1322	134	29	57.850281	ἑαροτάτη,
5	1	73	3	10	2	1528	1319	141	29	91.677643	συχνότατα
5	1	73	3	10	3	1684	1317	38	26	93.295219	δέ,
5	1	73	3	10	4	1736	1316	113	22	52.657814	Λαθαίνει
5	1	73	3	10	5	1868	1314	141	27	91.723389	αὐθόρμητα
5	1	73	3	10	6	2028	1318	56	20	90.697304	συγ-
2	1	74	0	0	0	1646	364	140	7	-1	
3	1	74	1	0	0	1646	364	140	7	-1	
4	1	74	1	1	0	1646	364	140	7	-1	
5	1	74	1	1	1	1646	364	140	7	95.000000	 
2	1	75	0	0	0	1378	1347	708	74	-1	
3	1	75	1	0	0	1378	1347	708	74	-1	
4	1	75	1	1	0	1378	1347	708	40	-1	
5	1	75	1	1	1	1378	1358	141	29	66.966629	χαρητήρια
5	1	75	1	1	2	1532	1356	48	22	93.302345	ἀπό
5	1	75	1	1	3	1592	1352	194	29	69.078918	διανοουµένους
5	1	75	1	1	4	1798	1350	42	29	95.441208	γιά
5	1	75	1	1	5	1855	1350	28	22	93.297722	τό
5	1	75	1	1	6	1898	1350	87	26	91.022064	ἄκρως
5	1	75	1	1	7	2000	1347	86	22	91.239227	ἔποικο
4	1	75	1	2	0	1379	1383	705	38	-1	
5	1	75	1	2	1	1379	1392	118	29	56.278358	δοµητικό
5	1	75	1	2	2	1510	1392	43	22	71.222870	καί
5	1	75	1	2	3	1568	1390	63	23	93.284210	πολύ
5	1	75	1	2	4	1644	1388	157	29	36.990608	προσεγµένο
5	1	75	1	2	5	1831	1383	163	31	73.679993	περιεχόμενό
5	1	75	1	2	6	2009	1402	2	2	87.785919	.
5	1	75	1	2	7	2030	1390	54	19	68.721741	τής.
2	1	76	0	0	0	1381	1454	712	425	-1	
3	1	76	1	0	0	1381	1454	712	425	-1	
4	1	76	1	1	0	1381	1454	708	39	-1	
5	1	76	1	1	1	1381	1465	98	28	90.400017	ἔλεγχο,
5	1	76	1	1	2	1494	1464	92	21	93.299866	ὅπου...
5	1	76	1	1	3	1598	1462	13	21	67.784973	ὃ
5	1	76	1	1	4	1624	1459	159	30	18.204697	γο-µματέας
5	1	76	1	1	5	1796	1457	104	22	65.088264	διάθασε
5	1	76	1	1	6	1913	1456	47	22	96.711411	ἀπό
5	1	76	1	1	7	1974	1454	27	23	96.634285	τό
5	1	76	1	1	8	2016	1454	73	27	95.177292	κύριο
4	1	76	1	2	0	1382	1489	706	39	-1	
5	1	76	1	2	1	1382	1501	75	27	73.357933	ἄρθρο
5	1	76	1	2	2	1470	1507	55	19	74.617706	της,
5	1	76	1	2	3	1540	1498	44	28	72.973839	μία
5	1	76	1	2	4	1598	1496	162	29	96.507027	παράγραφο,
5	1	76	1	2	5	1776	1494	50	22	96.364700	πού
5	1	76	1	2	6	1837	1492	88	29	95.365578	πρώτη
5	1	76	1	2	7	1940	1490	16	28	50.715919	ἡ
5	1	76	1	2	8	1971	1489	117	28	80.991821	ἐφημερί-
4	1	76	1	3	0	1381	1524	707	39	-1	
5	1	76	1	3	1	1381	1536	31	21	95.043518	δα
5	1	76	1	3	2	1421	1543	50	20	96.178032	µας
5	1	76	1	3	3	1485	1533	145	28	92.920319	διακήρυξε:
5	1	76	1	3	4	1651	1531	93	22	62.387310	«Ὅλοι
5	1	76	1	3	5	1760	1530	23	21	92.419441	οἳ
5	1	76	1	3	6	1797	1529	52	22	96.536209	νέοι
5	1	76	1	3	7	1866	1528	30	22	96.040161	νά
5	1	76	1	3	8	1914	1526	91	23	23.145081	6άλουν
5	1	76	1	3	9	2044	1524	44	22	76.252235	σάν
4	1	76	1	4	0	1383	1560	708	39	-1	
5	1	76	1	4	1	1383	1572	82	27	96.315842	στόχο,
5	1	76	1	4	2	1479	1570	30	28	96.123825	τή
5	1	76	1	4	3	1523	1569	98	27	96.165771	πάταξη
5	1	76	1	4	4	1636	1569	44	20	91.647163	τοῦ
5	1	76	1	4	5	1694	1566	116	27	40.188568	θλιθεροῦ
5	1	76	1	4	6	1824	1562	152	30	22.792519	φαινομένου
5	1	76	1	4	7	1991	1562	48	27	96.764801	τῆς
5	1	76	1	4	8	2050	1560	41	22	96.688148	διά
4	1	76	1	5	0	1384	1597	707	38	-1	
5	1	76	1	5	1	1384	1613	91	22	54.139252	χρισης
5	1	76	1	5	2	1490	1607	51	20	93.300713	τῶν
5	1	76	1	5	3	1554	1605	107	28	52.021790	ἀἁτόμων,
5	1	76	1	5	4	1678	1602	109	28	84.998764	ἀνάλογα
5	1	76	1	5	5	1802	1600	32	29	61.731606	μέ
5	1	76	1	5	6	1848	1600	31	28	96.857452	τή
5	1	76	1	5	7	1896	1597	119	28	94.896004	πολιτική.
5	1	76	1	5	8	2031	1604	60	19	96.756630	τους
4	1	76	1	6	0	1383	1628	709	41	-1	
5	1	76	1	6	1	1383	1642	154	27	96.521797	τοποθέτηση
5	1	76	1	6	2	1552	1641	44	21	93.628441	καὶ
5	1	76	1	6	3	1607	1640	32	21	96.559006	τά
5	1	76	1	6	4	1652	1638	112	23	96.337265	πιστεύω
5	1	76	1	6	5	1780	1644	69	20	95.684784	τους.
5	1	76	1	6	6	1878	1635	79	22	85.127487	"Όλοι
5	1	76	1	6	7	1972	1628	120	37	57.100540	ἐνωμένου
4	1	76	1	7	0	1384	1669	709	37	-1	
5	1	76	1	7	1	1384	1670	146	40	90.009895	ἀδιακρίτως
5	1	76	1	7	2	1546	1676	171	29	89.019485	πεποιθήσεων
5	1	76	1	7	3	1733	1674	32	21	95.556427	νά
5	1	76	1	7	4	1776	1671	217	29	23.646561	δημιουργήσουμε
5	1	76	1	7	5	2005	1669	46	22	93.040611	ἕνα
5	1	76	1	7	6	2061	1676	32	13	89.319817	κα
4	1	76	1	8	0	1384	1704	707	39	-1	
5	1	76	1	8	1	1384	1715	92	28	38.329201	λύτερο
5	1	76	1	8	2	1492	1713	95	28	92.355522	αὔριο».
5	1	76	1	8	3	1609	1711	83	30	56.964249	᾿Επεῖ,
5	1	76	1	8	4	1710	1710	97	21	89.157471	ἔκλεισε
5	1	76	1	8	5	1824	1708	16	27	33.909294	ἤ
5	1	76	1	8	6	1857	1706	66	28	93.283203	κακή
5	1	76	1	8	7	1940	1704	151	29	95.953888	παρένθεση,
4	1	76	1	9	0	1385	1739	707	37	-1	
5	1	76	1	9	1	1385	1750	43	21	49.640202	καί
5	1	76	1	9	2	1444	1750	45	26	92.492493	στή
5	1	76	1	9	3	1506	1748	119	27	96.105125	συνέχεια
5	1	76	1	9	4	1634	1746	105	27	33.989723	μίλησαν
5	1	76	1	9	5	1754	1744	23	21	89.635025	οἳ
5	1	76	1	9	6	1791	1752	53	13	31.606613	»..κ..
5	1	76	1	9	7	1860	1742	31	21	92.226845	Γ.
5	1	76	1	9	8	1906	1742	35	21	91.629807	Π.
5	1	76	1	9	9	1960	1739	132	28	92.870644	Γεωργού-
4	1	76	1	10	0	1384	1774	707	37	-1	
5	1	76	1	10	1	1384	1786	56	25	57.952618	λης,
5	1	76	1	10	2	1459	1784	58	21	48.206474	Απ.
5	1	76	1	10	3	1536	1782	31	21	85.240692	Α.
5	1	76	1	10	4	1584	1782	7	9	68.686623	᾿
5	1	76	1	10	5	1593	1780	206	25	95.306152	Αντωνόπουλος,
5	1	76	1	10	6	1825	1778	33	20	90.506302	Ν.
5	1	76	1	10	7	1873	1776	30	21	80.870338	Γ.
5	1	76	1	10	8	1918	1774	173	25	84.790695	Πανταξέλος,
4	1	76	1	11	0	1386	1806	707	36	-1	
5	1	76	1	11	1	1386	1820	33	19	88.501831	Ν.
5	1	76	1	11	2	1434	1818	30	21	81.644104	Π.
5	1	76	1	11	3	1480	1817	153	25	91.947609	Πιάνναρης,
5	1	76	1	11	4	1647	1814	85	26	81.651985	Εδάγ.
5	1	76	1	11	5	1742	1811	183	25	89.430046	Νικολακάκης
5	1	76	1	11	6	1935	1809	44	21	47.633205	καί
5	1	76	1	11	7	1992	1808	74	26	91.713150	ἔληξε
5	1	76	1	11	8	2078	1806	15	27	10.774841	ἤ
4	1	76	1	12	0	1387	1846	468	33	-1	
5	1	76	1	12	1	1387	1852	128	27	91.090538	συξήτηση
5	1	76	1	12	2	1529	1851	82	27	88.321907	ἤρεμα
5	1	76	1	12	3	1628	1848	43	22	71.401184	καί
5	1	76	1	12	4	1686	1846	169	28	41.282509	πολιτισµένα.
2	1	77	0	0	0	1394	1898	697	15	-1	
3	1	77	1	0	0	1394	1898	697	15	-1	
4	1	77	1	1	0	1394	1898	697	15	-1	
5	1	77	1	1	1	1394	1898	697	15	95.000000	 
2	1	78	0	0	0	1374	1542	9	437	-1	
3	1	78	1	0	0	1374	1542	9	437	-1	
4	1	78	1	1	0	1374	1542	9	437	-1	
5	1	78	1	1	1	1374	1542	9	437	95.000000	 
2	1	79	0	0	0	1520	1939	447	49	-1	
3	1	79	1	0	0	1520	1939	447	49	-1	
4	1	79	1	1	0	1520	1939	447	49	-1	
5	1	79	1	1	1	1520	1942	65	39	53.275547	Ἡ
5	1	79	1	1	2	1617	1941	146	47	32.686035	Κούα
5	1	79	1	1	3	1790	1939	177	47	0.000000	Εροὺῦση
2	1	80	0	0	0	1390	2020	707	73	-1	
3	1	80	1	0	0	1390	2020	707	73	-1	
4	1	80	1	1	0	1417	2020	680	36	-1	
5	1	80	1	1	1	1417	2028	110	28	77.361801	Τήγαμε
5	1	80	1	1	2	1539	2027	30	22	93.295799	νά
5	1	80	1	1	3	1584	2025	181	29	64.650467	γευµατίσουµε
5	1	80	1	1	4	1776	2024	45	21	94.373741	ἕνα
5	1	80	1	1	5	1831	2022	121	29	32.378448	μεσημέρι
5	1	80	1	1	6	1965	2021	45	28	92.560707	στή
5	1	80	1	1	7	2024	2020	73	28	94.485687	Κρύα
4	1	80	1	2	0	1390	2058	707	35	-1	
5	1	80	1	2	1	1390	2064	106	29	61.016621	«Βρύση,
5	1	80	1	2	2	1511	2063	43	29	96.672417	γιά
5	1	80	1	2	3	1565	2062	29	23	95.907242	τό
5	1	80	1	2	4	1607	2062	64	28	96.520515	κρύο
5	1	80	1	2	5	1683	2060	59	29	96.428276	νερό
5	1	80	1	2	6	1753	2060	43	22	79.054977	καί
5	1	80	1	2	7	1807	2059	32	23	93.287193	νά
5	1	80	1	2	8	1849	2058	142	29	86.421249	θυμηθοῦμε
5	1	80	1	2	9	2000	2058	31	21	93.283798	τά
5	1	80	1	2	10	2044	2065	53	14	59.179478	παι-
2	1	81	0	0	0	1627	1998	200	7	-1	
3	1	81	1	0	0	1627	1998	200	7	-1	
4	1	81	1	1	0	1627	1998	200	7	-1	
5	1	81	1	1	1	1627	1998	200	7	95.000000	 
2	1	82	0	0	0	1390	2131	720	842	-1	
3	1	82	1	0	0	1390	2131	711	106	-1	
4	1	82	1	1	0	1390	2131	709	36	-1	
5	1	82	1	1	1	1390	2138	81	29	48.191917	οἶνας,
5	1	82	1	1	2	1489	2137	63	22	96.451363	διότι
5	1	82	1	1	3	1569	2135	62	28	96.451363	στήν
5	1	82	1	1	4	1651	2134	97	29	93.285301	κυρίως
5	1	82	1	1	5	1767	2132	89	29	89.871643	θρύση,
5	1	82	1	1	6	1872	2131	68	29	0.000000	σπαρά
5	1	82	1	1	7	1955	2131	28	22	93.301216	τό
5	1	82	1	1	8	1999	2132	100	27	64.030312	γενναῖο
4	1	82	1	2	0	1393	2166	708	37	-1	
5	1	82	1	2	1	1393	2174	200	29	50.968979	τσιμεντάρισμα,
5	1	82	1	2	2	1605	2172	28	21	86.693359	τό
5	1	82	1	2	3	1649	2170	58	29	66.084198	νερό
5	1	82	1	2	4	1719	2172	44	19	93.224358	τοῦ
5	1	82	1	2	5	1778	2168	127	29	91.047668	ἄμπουλλα
5	1	82	1	2	6	1918	2167	42	22	92.365379	δέν
5	1	82	1	2	7	1975	2166	126	23	90.466347	ἀνεθαίνει
4	1	82	1	3	0	1393	2208	420	29	-1	
5	1	82	1	3	1	1393	2211	46	21	96.907837	στά
5	1	82	1	3	2	1455	2208	151	29	81.426514	σωληνάρια.
5	1	82	1	3	3	1811	2213	2	3	71.298630	|
3	1	82	2	0	0	1393	2237	708	144	-1	
4	1	82	2	1	0	1425	2237	674	35	-1	
5	1	82	2	1	1	1425	2245	119	27	10.211601	--"Ἠρθε
5	1	82	2	1	2	1561	2244	44	21	93.306229	στό
5	1	82	2	1	3	1617	2244	44	20	91.010742	νοῦ
5	1	82	2	1	4	1675	2248	56	22	93.286621	µας:
5	1	82	2	1	5	1750	2241	66	27	85.560776	Πῶς
5	1	82	2	1	6	1830	2241	43	21	96.614449	στό
5	1	82	2	1	7	1888	2240	107	27	93.297256	"Αργος,
5	1	82	2	1	8	2014	2237	85	22	92.710197	ἀνέθα-
4	1	82	2	2	0	1395	2273	706	33	-1	
5	1	82	2	2	1	1395	2289	46	14	96.965591	σαν
5	1	82	2	2	2	1458	2280	48	23	53.997669	ἀπό
5	1	82	2	2	3	1523	2280	42	22	88.730171	τόν
5	1	82	2	2	4	1580	2278	113	28	87.387863	πυθµένα
5	1	82	2	2	5	1708	2278	48	27	96.517982	τῆς
5	1	82	2	2	6	1770	2276	135	26	96.374428	θάλασσας,
5	1	82	2	2	7	1922	2274	29	27	96.374428	τή
5	1	82	2	2	8	1966	2274	96	28	88.156273	µεγάλη
5	1	82	2	2	9	2076	2273	25	21	81.958420	ὃ-
4	1	82	2	3	0	1393	2309	707	33	-1	
5	1	82	2	3	1	1393	2317	154	22	86.749374	πυθαλάσσια
5	1	82	2	3	2	1562	2310	68	32	95.984436	πηγή
5	1	82	2	3	3	1644	2314	43	21	93.290512	καί
5	1	82	2	3	4	1699	2313	117	26	83.817657	ποτίζουν
5	1	82	2	3	5	1830	2311	42	22	93.213142	τόν
5	1	82	2	3	6	1888	2310	6	10	65.849426	᾿
5	1	82	2	3	7	1897	2309	125	29	93.209099	Αργολικό
5	1	82	2	3	8	2059	2309	41	21	44.784130	κά-
4	1	82	2	4	0	1390	2347	537	47	-1	
5	1	82	2	4	1	1390	2352	71	42	0.000000	μσπο}
3	1	82	3	0	0	1396	2386	709	286	-1	
4	1	82	3	1	0	1427	2386	675	35	-1	
5	1	82	3	1	1	1427	2405	23	3	2.901146	--
5	1	82	3	1	2	1462	2393	109	28	2.901146	Επίσης
5	1	82	3	1	3	1582	2390	164	29	55.114395	θυµηθήκαµε
5	1	82	3	1	4	1760	2389	43	22	84.850204	καί
5	1	82	3	1	5	1810	2388	44	29	84.850204	µιά
5	1	82	3	1	6	1867	2388	109	28	95.622314	γέφυρα,
5	1	82	3	1	7	1989	2386	48	22	93.299812	πού
5	1	82	3	1	8	2053	2394	49	13	84.291603	κτι-
4	1	82	3	2	0	1396	2422	706	35	-1	
5	1	82	3	2	1	1396	2431	72	26	7.793427	όταν
5	1	82	3	2	2	1486	2430	57	21	69.877312	στόν
5	1	82	3	2	3	1557	2427	95	28	36.013153	ποταμό
5	1	82	3	2	4	1666	2426	144	28	95.565620	Σηκουάνα.
5	1	82	3	2	5	1829	2424	50	22	93.947212	Γιά
5	1	82	3	2	6	1892	2424	30	21	91.693207	νά
5	1	82	3	2	7	1935	2422	167	29	57.343025	θεμελιώσουν
4	1	82	3	3	0	1396	2458	708	33	-1	
5	1	82	3	3	1	1396	2466	45	21	89.657661	ἕνα
5	1	82	3	3	2	1451	2464	57	23	86.399384	σιόδι
5	1	82	3	3	3	1526	2465	48	26	96.535782	τῆς
5	1	82	3	3	4	1589	2463	117	28	93.291260	γέφυρας
5	1	82	3	3	5	1721	2461	70	28	90.429184	εἶχαν
5	1	82	3	3	6	1808	2460	102	28	85.820404	φτιάξει
5	1	82	3	3	7	1925	2459	44	22	94.148354	ἕνα
5	1	82	3	3	8	1989	2458	115	27	96.748268	τεράστιο
4	1	82	3	4	0	1398	2490	706	37	-1	
5	1	82	3	4	1	1398	2500	105	27	91.175156	στεγανό
5	1	82	3	4	2	1518	2499	113	25	86.636856	κιθώτιο,
5	1	82	3	4	3	1649	2497	46	28	92.369766	στή
5	1	82	3	4	4	1714	2496	78	27	24.218460	δάση,
5	1	82	3	4	5	1806	2492	132	31	50.108910	μπτηγµένο
5	1	82	3	4	6	1962	2494	42	21	88.243439	στὀ
5	1	82	3	4	7	2021	2490	83	30	90.968452	χῶμα
4	1	82	3	5	0	1397	2528	705	36	-1	
5	1	82	3	5	1	1397	2538	47	26	96.548164	τῆς
5	1	82	3	5	2	1457	2535	87	28	96.546814	κοίτης
5	1	82	3	5	3	1557	2536	44	20	93.306145	τοῦ
5	1	82	3	5	4	1610	2534	110	28	91.787880	ποταμοῦ,
5	1	82	3	5	5	1744	2532	29	21	93.295853	τό
5	1	82	3	5	6	1784	2531	115	28	92.478722	ἐλάχιστο
5	1	82	3	5	7	1911	2530	58	27	95.433388	νερό
5	1	82	3	5	8	1983	2528	47	23	93.238144	πού
5	1	82	3	5	9	2045	2528	57	21	62.479176	δυεί-
4	1	82	3	6	0	1399	2563	705	35	-1	
5	1	82	3	6	1	1399	2572	68	26	69.248657	σδυε,
5	1	82	3	6	2	1481	2570	28	23	93.306107	τό
5	1	82	3	6	3	1520	2570	137	22	87.017685	ἀντλοῦσαν
5	1	82	3	6	4	1669	2569	118	27	91.629616	συνεχῶς
5	1	82	3	6	5	1798	2566	31	29	84.597427	µέ
5	1	82	3	6	6	1838	2566	43	28	88.528236	µιά
5	1	82	3	6	7	1892	2565	87	28	92.716660	ἀντλία
5	1	82	3	6	8	1989	2564	43	21	93.268166	καί
5	1	82	3	6	9	2041	2563	63	22	50.967480	ἔχτι-
4	1	82	3	7	0	1400	2600	705	35	-1	
5	1	82	3	7	1	1400	2608	44	26	85.147415	ἔαν
5	1	82	3	7	2	1459	2607	63	28	95.693886	µέσα
5	1	82	3	7	3	1535	2606	44	22	92.570145	στό
5	1	82	3	7	4	1587	2604	112	29	90.102913	πυθµένα
5	1	82	3	7	5	1712	2606	44	19	93.297112	τοῦ
5	1	82	3	7	6	1770	2602	129	26	87.054947	κιθωτίου,
5	1	82	3	7	7	1916	2600	42	23	85.171288	καί
5	1	82	3	7	8	1974	2602	43	20	93.286957	τοῦ
5	1	82	3	7	9	2033	2607	72	14	91.260040	ποτα-
4	1	82	3	8	0	1399	2642	176	30	-1	
5	1	82	3	8	1	1399	2645	46	27	93.146080	μοῦ
5	1	82	3	8	2	1469	2642	106	29	92.133377	φυσικά.
3	1	82	4	0	0	1400	2673	710	300	-1	
4	1	82	4	1	0	1427	2673	682	52	-1	
5	1	82	4	1	1	1427	2689	28	21	35.879570	-
5	1	82	4	1	2	1462	2679	54	46	60.337357	Τιά
5	1	82	4	1	3	1531	2679	44	46	93.281525	τήν
5	1	82	4	1	4	1592	2679	123	46	82.046425	ἀνύψωση
5	1	82	4	1	5	1730	2679	51	46	96.963936	τοῦ
5	1	82	4	1	6	1792	2680	75	38	92.705948	νεροῦ
5	1	82	4	1	7	1878	2679	53	38	96.606468	τῆς
5	1	82	4	1	8	1957	2673	152	47	33.080589	Ἄρύα-Βού-
4	1	82	4	2	0	1401	2723	706	35	-1	
5	1	82	4	2	1	1401	2739	48	19	97.011642	σης
5	1	82	4	2	2	1463	2731	31	21	96.557327	νά
5	1	82	4	2	3	1507	2730	64	28	96.694466	γίνει
5	1	82	4	2	4	1585	2729	29	22	93.305977	τὸ
5	1	82	4	2	5	1628	2728	122	22	85.546707	ἀντίθετο:
5	1	82	4	2	6	1772	2726	69	21	50.229050	"Ένα
5	1	82	4	2	7	1854	2725	59	28	93.306190	γερό
5	1	82	4	2	8	1926	2724	85	27	43.691845	6αρέλι
5	1	82	4	2	9	2026	2723	81	27	95.088623	χωρίς
4	1	82	4	3	0	1400	2752	707	40	-1	
5	1	82	4	3	1	1400	2767	73	25	96.788933	πάτο,
5	1	82	4	3	2	1489	2766	30	21	93.301193	νά
5	1	82	4	3	3	1532	2764	123	28	91.002975	σφηνοθεῖ
5	1	82	4	3	4	1673	2762	81	22	30.014282	6αθυά
5	1	82	4	3	5	1769	2761	42	22	55.533424	καὶ
5	1	82	4	3	6	1826	2760	107	28	95.824936	σταθερά
5	1	82	4	3	7	1950	2759	69	28	96.201797	γύρω
5	1	82	4	3	8	2057	2752	50	37	42.183769	ἀπό
4	1	82	4	4	0	1401	2792	706	37	-1	
5	1	82	4	4	1	1401	2802	41	21	93.298935	τόν
5	1	82	4	4	2	1458	2800	135	29	92.692245	ἄμπουλλα,
5	1	82	4	4	3	1610	2800	31	20	93.298264	νά
5	1	82	4	4	4	1654	2798	127	21	91.182632	ἀντλεῖται
5	1	82	4	4	5	1796	2796	29	22	92.274368	τό
5	1	82	4	4	6	1837	2796	58	27	96.903656	νερό
5	1	82	4	4	7	1906	2795	48	22	93.019882	πού
5	1	82	4	4	8	1969	2794	22	21	17.944550	θ᾽
5	1	82	4	4	9	2010	2792	97	30	90.827362	ἀνεθαί-
4	1	82	4	5	0	1401	2828	706	36	-1	
5	1	82	4	5	1	1401	2845	47	17	31.884239	νει,
5	1	82	4	5	2	1459	2837	15	27	91.147812	ἤ
5	1	82	4	5	3	1487	2836	31	22	93.301811	νά
5	1	82	4	5	4	1530	2836	182	27	90.396690	προσαρμοστεῖ
5	1	82	4	5	5	1724	2832	45	22	93.300316	στό
5	1	82	4	5	6	1779	2832	52	21	91.786995	ἄνω
5	1	82	4	5	7	1842	2832	78	27	92.669220	µέρος
5	1	82	4	5	8	1933	2832	43	19	96.499969	τοῦ
5	1	82	4	5	9	1992	2828	115	28	54.985916	6αρελιοῦ
4	1	82	4	6	0	1400	2863	710	37	-1	
5	1	82	4	6	1	1400	2872	100	28	70.700150	μακρύς
5	1	82	4	6	2	1511	2871	118	26	96.293861	σωλήνας
5	1	82	4	6	3	1642	2869	43	28	96.293861	γιά
5	1	82	4	6	4	1698	2867	107	27	96.387627	διέξοδο,
5	1	82	4	6	5	1820	2867	43	22	89.045189	καὶ
5	1	82	4	6	6	1881	2866	68	28	96.492043	γύρω
5	1	82	4	6	7	1964	2865	43	21	93.301086	στό
5	1	82	4	6	8	2024	2863	86	28	31.275925	θαρέλι
4	1	82	4	7	0	1402	2898	706	36	-1	
5	1	82	4	7	1	1402	2908	44	21	70.337433	ἕνα
5	1	82	4	7	2	1460	2907	63	22	75.192940	πολύ
5	1	82	4	7	3	1536	2906	68	28	92.427879	παχύ
5	1	82	4	7	4	1616	2904	150	28	68.978134	σκυρόδεµα,
5	1	82	4	7	5	1780	2902	30	22	78.259033	δὲ
5	1	82	4	7	6	1820	2903	90	27	49.843559	μπορεῖ
5	1	82	4	7	7	1922	2900	68	29	96.480301	παρά
5	1	82	4	7	8	2004	2900	33	21	96.259804	θά
5	1	82	4	7	9	2053	2898	55	22	30.526192	ἄνυ-
4	1	82	4	8	0	1401	2934	709	39	-1	
5	1	82	4	8	1	1401	2943	86	30	57.367432	Ψώσει
5	1	82	4	8	2	1500	2943	28	22	96.651932	τό
5	1	82	4	8	3	1541	2942	57	29	96.701996	νερό
5	1	82	4	8	4	1614	2941	73	22	67.427002	καί...
5	1	82	4	8	5	1705	2940	31	23	93.305740	θά
5	1	82	4	8	6	1748	2937	181	31	40.240738	μορφήνει.τό
5	1	82	4	8	7	1939	2934	171	32	95.992737	παραδοσιακό
2	1	83	0	0	0	1377	2972	733	43	-1	
3	1	83	1	0	0	1377	2972	733	43	-1	
4	1	83	1	1	0	1377	2972	733	43	-1	
5	1	83	1	1	1	1377	2990	75	25	5.230095	μας
5	1	83	1	1	2	1461	2982	112	28	91.542648	μνημεῖο,
5	1	83	1	1	3	1588	2979	71	29	96.516785	ὅπως
5	1	83	1	1	4	1673	2978	44	23	91.496475	καί
5	1	83	1	1	5	1728	2976	18	30	71.993561	ᾗ
5	1	83	1	1	6	1759	2976	79	30	0.000000	Ερύση
5	1	83	1	1	7	1850	2977	45	22	93.279327	τοῦ
5	1	83	1	1	8	1911	2974	138	31	92.950600	Παράσχη,
5	1	83	1	1	9	2062	2972	48	25	44.927116	πού
2	1	84	0	0	0	1403	3014	510	33	-1	
3	1	84	1	0	0	1403	3014	510	33	-1	
4	1	84	1	1	0	1403	3014	510	33	-1	
5	1	84	1	1	1	1403	3019	68	28	88.814095	ἔγινε
5	1	84	1	1	2	1484	3018	49	21	96.355362	ἀπό
5	1	84	1	1	3	1545	3017	62	28	93.033226	τούς
5	1	84	1	1	4	1618	3014	198	31	52.062321	σπροοδευτικούς
5	1	84	1	1	5	1830	3014	83	27	86.922028	νέους.
2	1	85	0	0	0	1409	3079	79	4	-1	
3	1	85	1	0	0	1409	3079	79	4	-1	
4	1	85	1	1	0	1409	3079	79	4	-1	
5	1	85	1	1	1	1409	3079	79	4	95.000000	 
2	1	86	0	0	0	1577	3070	470	12	-1	
3	1	86	1	0	0	1577	3070	470	12	-1	
4	1	86	1	1	0	1577	3070	470	12	-1	
5	1	86	1	1	1	1577	3070	470	12	95.000000	 
2	1	87	0	0	0	1724	3056	460	354	-1	
3	1	87	1	0	0	1724	3056	460	354	-1	
4	1	87	1	1	0	1880	3056	157	59	-1	
5	1	87	1	1	1	1880	3056	157	59	95.000000	  
4	1	87	1	2	0	1912	3115	220	73	-1	
5	1	87	1	2	1	1912	3115	220	73	95.000000	  
4	1	87	1	3	0	1912	3188	220	18	-1	
5	1	87	1	3	1	1912	3188	220	18	95.000000	 
4	1	87	1	4	0	1916	3206	216	19	-1	
5	1	87	1	4	1	1916	3206	216	19	95.000000	 
4	1	87	1	5	0	1728	3225	397	36	-1	
5	1	87	1	5	1	1728	3225	397	36	95.000000	   
4	1	87	1	6	0	1728	3261	456	34	-1	
5	1	87	1	6	1	1728	3261	456	34	95.000000	  
4	1	87	1	7	0	1724	3295	411	39	-1	
5	1	87	1	7	1	1724	3295	411	39	95.000000	  
4	1	87	1	8	0	1729	3334	404	17	-1	
5	1	87	1	8	1	1729	3334	404	17	95.000000	 
4	1	87	1	9	0	1725	3351	409	18	-1	
5	1	87	1	9	1	1725	3351	409	18	95.000000	 
4	1	87	1	10	0	1725	3369	367	18	-1	
5	1	87	1	10	1	1725	3369	367	18	95.000000	 
4	1	87	1	11	0	1772	3387	300	23	-1	
5	1	87	1	11	1	1772	3387	300	23	95.000000	 
2	1	88	0	0	0	1724	3222	10	10	-1	
3	1	88	1	0	0	1724	3222	10	10	-1	
4	1	88	1	1	0	1724	3222	10	10	-1	
5	1	88	1	1	1	1724	3222	10	10	95.000000	 
2	1	89	0	0	0	1422	3206	334	173	-1	
3	1	89	1	0	0	1422	3206	334	173	-1	
4	1	89	1	1	0	1425	3206	297	26	-1	
5	1	89	1	1	1	1425	3209	67	23	35.955818	ΠΑΝ.
5	1	89	1	1	2	1507	3208	47	23	55.068672	Ἠλ.
5	1	89	1	1	3	1570	3206	108	23	67.278008	ΒΥΝΙΟΣ.
5	1	89	1	1	4	1705	3208	17	21	70.903778	7.
4	1	89	1	2	0	1422	3235	334	50	-1	
5	1	89	1	2	1	1422	3256	55	29	65.752724	Τηλ.
5	1	89	1	2	2	1484	3256	75	23	25.365150	61484
5	1	89	1	2	3	1569	3255	114	28	37.123383	Ῥεωργίασ.
5	1	89	1	2	4	1695	3235	61	44	10.415726	..
4	1	89	1	3	0	1446	3301	215	30	-1	
5	1	89	1	3	1	1446	3304	92	27	0.000000	Αιανοινή
5	1	89	1	3	2	1550	3303	46	21	44.764404	κ
5	1	89	1	3	3	1603	3301	58	23	47.379551	οἵνιου
4	1	89	1	4	0	1448	3347	219	32	-1	
5	1	89	1	4	1	1448	3352	114	27	20.243492	Τεωργήτσι
5	1	89	1	4	2	1571	3362	6	3	89.388351	-
5	1	89	1	4	3	1588	3347	79	31	88.634178	᾿Αθήνα
2	1	90	0	0	0	2092	3388	27	9	-1	
3	1	90	1	0	0	2092	3388	27	9	-1	
4	1	90	1	1	0	2092	3388	27	9	-1	
5	1	90	1	1	1	2092	3388	27	9	46.853123	κά
2	1	91	0	0	0	1444	3393	316	35	-1	
3	1	91	1	0	0	1444	3387	316	41	-1	
4	1	91	1	1	0	1444	3393	316	35	-1	
5	1	91	1	1	1	1444	3394	79	33	64.742813	Αθήνα
5	1	91	1	1	2	1534	3410	7	3	80.454285	-
5	1	91	1	1	3	1551	3397	113	29	29.332031	Γεωργίται
5	1	91	1	1	4	1687	3401	2	2	27.333359	᾿
5	1	91	1	1	5	1699	3387	34	20	19.115868	η
5	1	91	1	1	6	1753	3421	7	7	29.091484	ο
2	1	92	0	0	0	1391	2093	715	37	-1	
3	1	92	1	0	0	1391	2093	715	37	-1	
4	1	92	1	1	0	1391	2093	715	37	-1	
5	1	92	1	1	1	1391	2101	59	23	2.143784	διά
5	1	92	1	1	2	1462	2101	96	29	93.013268	χρόνια.
5	1	92	1	1	3	1575	2098	100	29	18.625648	Πΐναμε
5	1	92	1	1	4	1686	2097	48	23	96.778389	ἀπό
5	1	92	1	1	5	1746	2096	30	28	96.500290	τή
5	1	92	1	1	6	1790	2096	69	29	95.496696	πηγή
5	1	92	1	1	7	1873	2096	48	27	96.292931	τῆς
5	1	92	1	1	8	1938	2094	91	29	53.644348	"Αγίας
5	1	92	1	1	9	2044	2093	62	23	22.010841	Ία-
2	1	93	0	0	0	1442	3150	469	57	-1	
3	1	93	1	0	0	1442	3139	641	69	-1	
4	1	93	1	1	0	1442	3150	469	37	-1	
5	1	93	1	1	1	1442	3160	223	24	68.639244	ΜΕΤΑΚΟΜΙΣΕΙΣ
5	1	93	1	1	2	1706	3160	2	3	34.941254	ο
5	1	93	1	1	3	1706	3145	148	42	22.731026	ΦΟΟΊΛΕΙ
5	1	93	1	1	4	1866	3161	7	5	0.000000	:
5	1	93	1	1	5	1890	3155	30	11	40.073910	2
5	1	93	1	1	6	2070	3139	13	30	0.000000	π
4	1	93	1	2	0	1694	3180	178	27	-1	
5	1	93	1	2	1	1694	3180	21	27	8.124382	Εξ
5	1	93	1	2	2	1739	3188	80	16	0.000000	τσ
5	1	93	1	2	3	1864	3195	8	10	0.000000	ον
2	1	94	0	0	0	2217	337	96	4	-1	
3	1	94	1	0	0	2217	337	96	4	-1	
4	1	94	1	1	0	2217	337	96	4	-1	
5	1	94	1	1	1	2217	337	96	4	95.000000	 
2	1	95	0	0	0	2075	271	284	95	-1	
3	1	95	1	0	0	2075	271	284	95	-1	
4	1	95	1	1	0	2075	271	284	95	-1	
5	1	95	1	1	1	2075	290	5	76	95.033279	|
5	1	95	1	1	2	2139	271	220	55	0.000000	:ΕΝΝΣΤΗΡΙ
2	1	96	0	0	0	2074	368	28	1220	-1	
3	1	96	1	0	0	2074	368	28	1220	-1	
4	1	96	1	1	0	2077	368	5	33	-1	
5	1	96	1	1	1	2077	368	5	33	95.000000	 
4	1	96	1	2	0	2074	401	12	64	-1	
5	1	96	1	2	1	2074	401	12	64	95.000000	 
4	1	96	1	3	0	2074	465	13	107	-1	
5	1	96	1	3	1	2074	465	13	107	95.000000	   
4	1	96	1	4	0	2080	572	6	34	-1	
5	1	96	1	4	1	2080	572	6	34	95.000000	 
4	1	96	1	5	0	2080	606	7	27	-1	
5	1	96	1	5	1	2080	606	7	27	95.000000	 
4	1	96	1	6	0	2080	633	6	40	-1	
5	1	96	1	6	1	2080	633	6	40	95.000000	 
4	1	96	1	7	0	2081	673	6	42	-1	
5	1	96	1	7	1	2081	673	6	42	95.000000	 
4	1	96	1	8	0	2081	715	7	106	-1	
5	1	96	1	8	1	2081	715	7	106	95.000000	   
4	1	96	1	9	0	2084	821	9	289	-1	
5	1	96	1	9	1	2084	821	9	289	95.000000	   
4	1	96	1	10	0	2089	1110	7	121	-1	
5	1	96	1	10	1	2089	1110	7	121	95.000000	   
4	1	96	1	11	0	2088	1231	13	91	-1	
5	1	96	1	11	1	2088	1231	13	91	95.000000	   
4	1	96	1	12	0	2093	1322	9	266	-1	
5	1	96	1	12	1	2093	1322	9	266	95.000000	  
2	1	97	0	0	0	2086	381	364	562	-1	
3	1	97	1	0	0	2086	381	364	562	-1	
4	1	97	1	1	0	2115	381	326	30	-1	
5	1	97	1	1	1	2115	384	26	22	63.537403	Ὁ
5	1	97	1	1	2	2168	383	93	28	12.727425	Γιῶργος
5	1	97	1	1	3	2286	381	155	22	21.963951	Κωνστυτο»
4	1	97	1	2	0	2086	417	357	32	-1	
5	1	97	1	2	1	2086	420	125	29	37.060997	Κουρεμπής
5	1	97	1	2	2	2230	417	148	28	0.000000	Σαγκξιοῦχος
5	1	97	1	2	3	2406	418	37	19	83.062599	ποῦ
4	1	97	1	3	0	2088	451	362	30	-1	
5	1	97	1	3	1	2088	456	77	23	41.177673	Ο.Τ.Β8.
5	1	97	1	3	2	2184	455	104	22	89.698006	ἀπεδίωσε
5	1	97	1	3	3	2300	453	45	25	85.365768	στίς
5	1	97	1	3	4	2359	452	30	21	41.945454	27
5	1	97	1	3	5	2408	451	42	30	34.202339	ΑΔ:
4	1	97	1	4	0	2088	487	358	33	-1	
5	1	97	1	4	1	2088	492	63	28	73.173782	πρίλη
5	1	97	1	4	2	2169	490	64	23	93.600235	1984.
5	1	97	1	4	3	2261	489	43	22	90.834473	Καὶ
5	1	97	1	4	4	2326	487	120	29	10.634705	πηδεύθκε
4	1	97	1	5	0	2089	521	357	34	-1	
5	1	97	1	5	1	2089	529	34	20	14.757263	στό
5	1	97	1	5	2	2140	527	143	28	88.210190	Νεκροταφεῖο
5	1	97	1	5	3	2297	527	34	18	84.285355	τοῦ
5	1	97	1	5	4	2359	521	87	30	76.088364	Ζωγρά-
4	1	97	1	6	0	2090	560	356	31	-1	
5	1	97	1	6	1	2090	570	39	21	92.281479	φου
5	1	97	1	6	2	2141	562	98	28	79.835609	᾿Αθήνας:
5	1	97	1	6	3	2253	560	27	22	89.571648	Ἡ
5	1	97	1	6	4	2291	560	90	27	94.173370	σύζυγός
5	1	97	1	6	5	2408	564	38	15	88.664413	του
4	1	97	1	7	0	2090	594	354	27	-1	
5	1	97	1	7	1	2090	598	108	23	32.782692	Αντωνία,
5	1	97	1	7	2	2212	598	27	20	83.836998	πά
5	1	97	1	7	3	2262	596	75	21	9.973595	παϊδιά
5	1	97	1	7	4	2349	602	37	13	89.716888	που
5	1	97	1	7	5	2397	594	47	21	91.362137	Κώ-
4	1	97	1	8	0	2091	630	355	29	-1	
5	1	97	1	8	1	2091	642	48	17	81.032394	στας
5	1	97	1	8	2	2156	634	36	21	75.797012	καὶ
5	1	97	1	8	3	2210	632	96	22	76.907005	Διονυσία
5	1	97	1	8	4	2325	630	121	28	13.392181	Ἐουρθμπή.
4	1	97	1	9	0	2090	664	355	34	-1	
5	1	97	1	9	1	2090	670	113	28	44.932793	Δημήσρης
5	1	97	1	9	2	2212	668	37	21	79.701431	καὶ
5	1	97	1	9	3	2262	666	72	22	70.655853	Κάτια
5	1	97	1	9	4	2363	664	82	23	70.655853	Ντάλα
4	1	97	1	10	0	2090	700	355	33	-1	
5	1	97	1	10	1	2090	702	37	25	36.561966	καὶ
5	1	97	1	10	2	2136	706	26	22	92.828087	τά,
5	1	97	1	10	3	2174	705	65	28	28.405594	μωρά
5	1	97	1	10	4	2248	710	36	14	93.243683	του
5	1	97	1	10	5	2294	702	88	29	90.039894	ἐγγόνια
5	1	97	1	10	6	2390	700	55	27	45.333199	Τ:ῶρ
4	1	97	1	11	0	2090	736	357	33	-1	
5	1	97	1	11	1	2090	748	37	21	91.099846	γος
5	1	97	1	11	2	2141	741	9	15	77.795326	-
5	1	97	1	11	3	2166	740	93	28	82.629860	Γιῶργος
5	1	97	1	11	4	2270	739	38	21	68.487968	καὶ
5	1	97	1	11	5	2334	736	113	27	19.788162	᾿Ανκώνης.
4	1	97	1	12	0	2090	773	359	32	-1	
5	1	97	1	12	1	2090	777	143	28	52.183132	Ἑθχαριστοῦν
5	1	97	1	12	2	2246	774	66	28	52.043709	θερμά
5	1	97	1	12	3	2324	773	67	24	92.256920	ὅλους,
5	1	97	1	12	4	2409	778	40	21	79.834366	συΥ
4	1	97	1	13	0	2091	800	358	41	-1	
5	1	97	1	13	1	2091	815	69	26	20.508240	χεγεῖς
5	1	97	1	13	2	2171	812	37	21	53.663868	καὶ
5	1	97	1	13	3	2219	811	73	27	88.339836	φίλους
5	1	97	1	13	4	2299	809	41	22	96.520584	πού
5	1	97	1	13	5	2350	800	99	35	27.878197	συμπαρα
4	1	97	1	14	0	2092	846	319	30	-1	
5	1	97	1	14	1	2092	848	108	27	93.181396	στάθηκαν
5	1	97	1	14	2	2216	846	36	30	79.156349	στὀ
5	1	97	1	14	3	2269	846	73	25	71.780014	πένθος
5	1	97	1	14	4	2357	850	54	17	76.659981	τους.
4	1	97	1	15	0	2113	877	317	32	-1	
5	1	97	1	15	1	2113	883	116	26	38.242298	ζωγράφου
5	1	97	1	15	2	2242	880	30	21	85.706642	94
5	1	97	1	15	3	2286	879	68	27	25.701859	Ἰρύνη
5	1	97	1	15	4	2371	877	59	22	63.040470	1984:
4	1	97	1	16	0	2136	912	278	31	-1	
5	1	97	1	16	1	2136	916	125	27	25.374336	Οἴκογένεια
5	1	97	1	16	2	2268	914	24	21	36.259499	Τ.
5	1	97	1	16	3	2302	912	112	29	22.051933	Γζουρεµασή
2	1	98	0	0	0	2345	966	108	10	-1	
3	1	98	1	0	0	2345	966	108	10	-1	
4	1	98	1	1	0	2345	966	108	10	-1	
5	1	98	1	1	1	2345	966	108	10	95.000000	 
2	1	99	0	0	0	2101	972	243	8	-1	
3	1	99	1	0	0	2101	972	243	8	-1	
4	1	99	1	1	0	2101	972	243	8	-1	
5	1	99	1	1	1	2101	972	243	8	95.000000	 
2	1	100	0	0	0	2162	984	228	40	-1	
3	1	100	1	0	0	2162	984	228	40	-1	
4	1	100	1	1	0	2162	984	228	40	-1	
5	1	100	1	1	1	2162	1003	57	21	96.551811	ΓΙΑ
5	1	100	1	1	2	2241	1001	42	22	77.206657	το
5	1	100	1	1	3	2298	984	92	38	67.844170	Ηρωο
2	1	101	0	0	0	2228	1045	95	6	-1	
3	1	101	1	0	0	2228	1045	95	6	-1	
4	1	101	1	1	0	2228	1045	95	6	-1	
5	1	101	1	1	1	2228	1045	95	6	95.000000	 
2	1	102	0	0	0	2098	1086	371	842	-1	
3	1	102	1	0	0	2098	1086	371	842	-1	
4	1	102	1	1	0	2121	1086	331	25	-1	
5	1	102	1	1	1	2121	1090	50	21	91.319870	Στίς
5	1	102	1	1	2	2190	1090	63	17	38.596745	2-5-54
5	1	102	1	1	3	2270	1088	13	18	85.852379	ὁ
5	1	102	1	1	4	2295	1087	105	24	96.583336	πρόεδρος
5	1	102	1	1	5	2415	1086	37	22	96.791206	τῆς
4	1	102	1	2	0	2098	1122	348	25	-1	
5	1	102	1	2	1	2098	1126	135	21	93.286766	Κοινότητας
5	1	102	1	2	2	2256	1122	145	24	57.352375	Γεωργιτσίου
5	1	102	1	2	3	2426	1126	20	14	94.632957	κ.
4	1	102	1	3	0	2099	1157	356	28	-1	
5	1	102	1	3	1	2099	1162	23	19	92.685768	Τ.
5	1	102	1	3	2	2140	1160	134	25	76.215820	Γκουζούλης
5	1	102	1	3	3	2291	1158	48	19	92.852173	εἶπε
5	1	102	1	3	4	2354	1157	38	19	93.278572	στό
5	1	102	1	3	5	2402	1162	53	15	93.057434	συν-
4	1	102	1	4	0	2100	1193	355	27	-1	
5	1	102	1	4	1	2100	1198	69	20	12.172165	τάκτη
5	1	102	1	4	2	2182	1201	46	19	94.808685	µας,
5	1	102	1	4	3	2258	1194	29	20	86.371307	νά
5	1	102	1	4	4	2320	1193	135	21	34.976204	εἰδοποιήσει
4	1	102	1	5	0	2100	1224	356	33	-1	
5	1	102	1	5	1	2100	1234	100	23	83.596725	τηλ)κῶς
5	1	102	1	5	2	2225	1232	40	19	85.698753	τόν
5	1	102	1	5	3	2294	1224	162	28	68.022850	᾿Αντιναύαρχο
4	1	102	1	6	0	2102	1266	355	26	-1	
5	1	102	1	6	1	2102	1268	154	24	52.248875	ΣΑναθεωρητή
5	1	102	1	6	2	2274	1268	41	18	13.933792	ἐ-ά.
5	1	102	1	6	3	2333	1272	20	13	63.469959	Ἀ.
5	1	102	1	6	4	2368	1266	89	22	80.934952	Χρῆστο
4	1	102	1	7	0	2104	1300	355	26	-1	
5	1	102	1	7	1	2104	1307	26	18	89.900307	Π.
5	1	102	1	7	2	2146	1305	104	21	68.377617	Μπέλχα,
5	1	102	1	7	3	2265	1303	30	18	78.800758	νά
5	1	102	1	7	4	2305	1302	59	19	64.378723	ἕλθει
5	1	102	1	7	5	2377	1301	44	23	96.612358	στίς
5	1	102	1	7	6	2435	1300	24	18	81.343170	12
4	1	102	1	8	0	2102	1336	358	29	-1	
5	1	102	1	8	1	2102	1341	126	24	91.713203	Αὐγούστου
5	1	102	1	8	2	2243	1340	29	21	46.826725	δ8,
5	1	102	1	8	3	2286	1338	38	24	93.301163	γιά
5	1	102	1	8	4	2339	1338	30	18	92.209038	νό
5	1	102	1	8	5	2382	1336	78	19	91.207809	συνέλ-
4	1	102	1	9	0	2104	1364	357	40	-1	
5	1	102	1	9	1	2104	1378	32	19	60.668633	δει
5	1	102	1	9	2	2150	1378	14	20	88.256409	ἡ
5	1	102	1	9	3	2178	1364	120	40	53.429581	ὀλομέλεια
5	1	102	1	9	4	2309	1374	38	23	91.794891	τῆς
5	1	102	1	9	5	2363	1373	98	22	59.885925	Ἔπιτρο-
4	1	102	1	10	0	2104	1408	357	29	-1	
5	1	102	1	10	1	2104	1414	39	23	90.666763	πῆς
5	1	102	1	10	2	2157	1412	38	19	28.794510	ναί
5	1	102	1	10	3	2207	1411	29	18	92.828003	νά
5	1	102	1	10	4	2249	1409	130	24	39.207230	ἀποφασαίσει
5	1	102	1	10	5	2390	1408	71	23	77.599525	ὁριστι
4	1	102	1	11	0	2104	1444	355	24	-1	
5	1	102	1	11	1	2104	1449	30	19	64.737778	νά
5	1	102	1	11	2	2148	1448	37	19	41.766960	χαί
5	1	102	1	11	3	2198	1446	141	21	91.815826	ὁπωσδήποτε
5	1	102	1	11	4	2348	1444	26	21	93.296806	τή
5	1	102	1	11	5	2386	1448	73	18	71.562927	παραγ
4	1	102	1	12	0	2105	1477	356	34	-1	
5	1	102	1	12	1	2105	1480	67	31	65.788635	γελία
5	1	102	1	12	2	2183	1477	40	24	96.423569	τοῦ
5	1	102	1	12	3	2235	1481	121	24	32.685760	μαρμάρου,
5	1	102	1	12	4	2386	1479	75	22	83.051712	ἐπίσης
4	1	102	1	13	0	2106	1514	355	27	-1	
5	1	102	1	13	1	2106	1520	29	18	93.297318	νά
5	1	102	1	13	2	2150	1519	87	22	72.412415	ἀρχίσει
5	1	102	1	13	3	2250	1517	84	23	78.273041	ἁμέσως
5	1	102	1	13	4	2345	1516	14	20	87.883385	ἡ
5	1	102	1	13	5	2374	1514	87	23	69.323517	διαµόρ-
4	1	102	1	14	0	2106	1552	356	27	-1	
5	1	102	1	14	1	2106	1560	60	19	65.235245	Φφωση
5	1	102	1	14	2	2180	1554	38	19	93.293839	τοῦ
5	1	102	1	14	3	2231	1552	134	23	91.252701	ἐπιλεγέντα
5	1	102	1	14	4	2378	1555	84	14	22.085754	κφινοτι
4	1	102	1	15	0	2107	1585	356	28	-1	
5	1	102	1	15	1	2107	1592	40	18	70.295090	κοῦ
5	1	102	1	15	2	2162	1590	71	23	93.292465	χώρου
5	1	102	1	15	3	2249	1590	77	18	90.704224	ἔναντι
5	1	102	1	15	4	2343	1588	38	22	93.295547	τῆς
5	1	102	1	15	5	2392	1585	71	23	37.277359	οἶπίας
4	1	102	1	16	0	2108	1621	355	26	-1	
5	1	102	1	16	1	2108	1628	25	18	92.298149	Ν.
5	1	102	1	16	2	2148	1626	92	21	88.336327	Κάτσου,
5	1	102	1	16	3	2254	1624	104	23	92.486610	συνέχεια
5	1	102	1	16	4	2375	1621	88	23	77.447647	νάγίνει
4	1	102	1	17	0	2109	1657	355	29	-1	
5	1	102	1	17	1	2109	1662	86	24	84.373138	ἰσχυρός
5	1	102	1	17	2	2211	1662	73	21	89.467545	τοῖχος
5	1	102	1	17	3	2314	1657	150	23	87.859665	ἀντιστήριξης
4	1	102	1	18	0	2110	1692	355	28	-1	
5	1	102	1	18	1	2110	1698	37	19	85.647003	καὶ
5	1	102	1	18	2	2164	1697	110	23	19.850807	µπάζωμα,
5	1	102	1	18	3	2295	1694	39	21	76.518219	στή
5	1	102	1	18	4	2360	1692	105	23	95.776070	συνέχεια
4	1	102	1	19	0	2110	1728	357	28	-1	
5	1	102	1	19	1	2110	1734	29	18	94.729439	νά
5	1	102	1	19	2	2151	1733	59	23	93.277328	γίνει
5	1	102	1	19	3	2221	1732	13	20	29.092079	ἡ
5	1	102	1	19	4	2246	1729	113	25	69.058228	μεταφορά
5	1	102	1	19	5	2372	1728	37	18	93.295059	τοῦ
5	1	102	1	19	6	2422	1732	45	19	80.100784	µαρ
4	1	102	1	20	0	2111	1758	357	33	-1	
5	1	102	1	20	1	2111	1769	69	22	77.819511	µάρου
5	1	102	1	20	2	2190	1767	83	22	92.091248	θράχου
5	1	102	1	20	3	2288	1765	37	18	80.056229	καί
5	1	102	1	20	4	2338	1764	25	18	91.715553	τό
5	1	102	1	20	5	2377	1758	91	32	53.279743	στήσιμό
4	1	102	1	21	0	2111	1797	357	25	-1	
5	1	102	1	21	1	2111	1807	38	13	96.107773	του
5	1	102	1	21	2	2166	1801	56	20	93.297150	στήν
5	1	102	1	21	3	2235	1798	98	24	38.721241	ὁριστική
5	1	102	1	21	4	2348	1803	38	13	95.107559	του
5	1	102	1	21	5	2408	1797	60	19	95.493820	θέση.
4	1	102	1	22	0	2112	1832	356	26	-1	
5	1	102	1	22	1	2112	1836	27	19	38.338821	Οἳ
5	1	102	1	22	2	2156	1835	126	23	89.747482	ἀνάγλυφες
5	1	102	1	22	3	2297	1832	80	24	29.313286	μορφές
5	1	102	1	22	4	2394	1832	26	18	93.281921	θά
5	1	102	1	22	5	2430	1832	38	17	88.680916	λα-
4	1	102	1	23	0	2113	1867	356	28	-1	
5	1	102	1	23	1	2113	1872	90	23	91.381798	ξευτοῦν
5	1	102	1	23	2	2220	1870	36	18	96.569092	ἐπί
5	1	102	1	23	3	2268	1869	74	20	93.280281	τόπου,
5	1	102	1	23	4	2357	1868	15	21	31.136124	Ἡ
5	1	102	1	23	5	2382	1867	27	18	93.117699	θά
5	1	102	1	23	6	2424	1867	45	18	85.098984	ἔπι-
4	1	102	1	24	0	2105	1900	310	28	-1	
5	1	102	1	24	1	2105	1900	132	28	42.403927	Ἰπόλληθοῦν
5	1	102	1	24	2	2254	1903	161	25	80.402390	ὀρειχάλκινες.
2	1	103	0	0	0	2102	1814	5	84	-1	
3	1	103	1	0	0	2102	1814	5	84	-1	
4	1	103	1	1	0	2102	1814	5	84	-1	
5	1	103	1	1	1	2102	1814	5	84	95.000000	 
2	1	104	0	0	0	2118	1962	352	9	-1	
3	1	104	1	0	0	2118	1962	352	9	-1	
4	1	104	1	1	0	2118	1962	352	9	-1	
5	1	104	1	1	1	2118	1962	352	9	95.000000	 
2	1	105	0	0	0	2158	1981	289	37	-1	
3	1	105	1	0	0	2158	1981	289	37	-1	
4	1	105	1	1	0	2158	1981	289	37	-1	
5	1	105	1	1	1	2158	1996	63	22	96.674301	ΔΥΟ
5	1	105	1	1	2	2234	1995	66	22	94.797157	ΝΕΑ
5	1	105	1	1	3	2317	1981	130	35	93.374718	ΒΙΒΛΙΑ.
2	1	106	0	0	0	2247	2039	96	6	-1	
3	1	106	1	0	0	2247	2039	96	6	-1	
4	1	106	1	1	0	2247	2039	96	6	-1	
5	1	106	1	1	1	2247	2039	96	6	95.000000	 
2	1	107	0	0	0	2116	2074	359	311	-1	
3	1	107	1	0	0	2116	2074	357	101	-1	
4	1	107	1	1	0	2140	2074	332	28	-1	
5	1	107	1	1	1	2140	2079	84	23	41.339664	᾿Ἀχόμη
5	1	107	1	1	2	2239	2076	39	21	93.246048	δύο
5	1	107	1	1	3	2293	2076	74	20	35.714294	θιόλία
5	1	107	1	1	4	2383	2074	89	25	91.782089	προστέ-
4	1	107	1	2	0	2116	2112	357	26	-1	
5	1	107	1	2	1	2116	2116	71	22	28.087265	θηχαν
5	1	107	1	2	2	2201	2114	43	24	93.306252	στίς
5	1	107	1	2	3	2254	2114	98	22	50.650383	ἐχδόσεις
5	1	107	1	2	4	2364	2113	37	22	90.267410	τῆς
5	1	107	1	2	5	2423	2112	50	20	61.768394	ΜΗ-
4	1	107	1	3	0	2117	2151	185	24	-1	
5	1	107	1	3	1	2117	2151	122	24	70.001923	τροπόλεώς
5	1	107	1	3	2	2256	2155	46	19	86.203758	µας.
3	1	107	2	0	0	2118	2183	357	202	-1	
4	1	107	2	1	0	2142	2183	331	26	-1	
5	1	107	2	1	1	2142	2188	32	18	88.336182	Τό
5	1	107	2	1	2	2197	2188	48	21	71.568092	ἕνα,
5	1	107	2	1	3	2262	2186	37	18	93.295753	τοῦ
5	1	107	2	1	4	2316	2185	73	23	85.106445	ἀρχιμ.
5	1	107	2	1	5	2403	2183	70	20	69.194366	Σεόα-
4	1	107	2	2	0	2118	2219	356	24	-1	
5	1	107	2	2	1	2118	2224	89	18	91.945816	στιανοῦ
5	1	107	2	2	2	2240	2221	121	22	51.315285	ἈἘονιδάρῃη,
5	1	107	2	2	3	2381	2219	93	19	40.560230	«ΦΘΕΙΑ
4	1	107	2	3	0	2118	2255	356	25	-1	
5	1	107	2	3	1	2118	2258	123	20	63.113953	ΦΥΤΕΙΑ»
5	1	107	2	3	2	2266	2257	28	23	85.754814	μέ
5	1	107	2	3	3	2312	2256	97	22	94.697311	πρόλογο
5	1	107	2	3	4	2436	2255	38	18	94.697311	τοῦ
4	1	107	2	4	0	2118	2290	356	26	-1	
5	1	107	2	4	1	2118	2295	51	19	87.368279	Σε6.
5	1	107	2	4	2	2180	2292	169	24	95.945129	Μητροπολίτου
5	1	107	2	4	3	2360	2296	39	18	93.371582	µας
5	1	107	2	4	4	2411	2296	20	17	49.724277	κ.
5	1	107	2	4	5	2444	2290	30	18	77.884171	Εὺ
4	1	107	2	5	0	2120	2326	355	24	-1	
5	1	107	2	5	1	2120	2330	91	19	91.517471	σταθίου.
5	1	107	2	5	2	2235	2326	166	24	76.579277	Περιλαμθάνει
5	1	107	2	5	3	2436	2326	39	18	63.594925	τόν
4	1	107	2	6	0	2120	2362	355	23	-1	
5	1	107	2	6	1	2120	2366	50	19	55.559921	ᾷίον
5	1	107	2	6	2	2184	2365	89	18	91.751770	πολλῶν
5	1	107	2	6	3	2291	2362	70	23	92.529762	ἁγίων
5	1	107	2	6	4	2376	2363	38	22	93.177704	τῆς
5	1	107	2	6	5	2428	2362	47	17	85.613808	Ἐκ-
2	1	108	0	0	0	2120	2401	356	90	-1	
3	1	108	1	0	0	2120	2401	356	90	-1	
4	1	108	1	1	0	2120	2401	97	22	-1	
5	1	108	1	1	1	2120	2401	97	22	25.918121	πλησίας.
4	1	108	1	2	0	2159	2432	314	25	-1	
5	1	108	1	2	1	2159	2436	33	19	96.228119	Τό
5	1	108	1	2	2	2206	2436	91	21	95.116379	δεύτερο
5	1	108	1	2	3	2326	2434	48	23	93.880127	ἔχει
5	1	108	1	2	4	2403	2432	70	23	92.639236	τίτλο;
4	1	108	1	3	0	2122	2469	354	22	-1	
5	1	108	1	3	1	2122	2472	73	19	53.324318	«ΣΤΑ
5	1	108	1	3	2	2222	2470	134	19	81.253166	ΚΑΦΑΡΙΑ
5	1	108	1	3	3	2394	2469	82	20	71.308014	ΥΝΗ»,
2	1	109	0	0	0	2120	2503	358	130	-1	
3	1	109	1	0	0	2120	2503	358	130	-1	
4	1	109	1	1	0	2120	2503	357	26	-1	
5	1	109	1	1	1	2120	2508	37	17	93.292160	τοῦ
5	1	109	1	1	2	2167	2506	74	23	88.555237	ἀρχιμ.
5	1	109	1	1	3	2256	2511	20	14	85.514572	κ.
5	1	109	1	1	4	2290	2504	113	19	93.276741	Διονυσίου
5	1	109	1	1	5	2416	2503	61	18	91.055336	Μπέ-
4	1	109	1	2	0	2121	2539	356	24	-1	
5	1	109	1	2	1	2121	2548	46	15	87.104950	κου,
5	1	109	1	2	2	2180	2540	130	23	96.539291	συγγραφέα
5	1	109	1	2	3	2325	2540	45	17	96.065590	τῶν
5	1	109	1	2	4	2385	2539	38	18	0.000000	δύο
5	1	109	1	2	5	2435	2544	42	17	80.708481	προ
4	1	109	1	3	0	2121	2574	357	27	-1	
5	1	109	1	3	1	2121	2578	132	23	22.433762	ηγούµενων
5	1	109	1	3	2	2264	2575	91	18	40.855423	διθλίων
5	1	109	1	3	3	2367	2580	44	13	95.418129	του.
5	1	109	1	3	4	2425	2574	53	17	87.693062	«ΚΑ
4	1	109	1	4	0	2122	2608	355	25	-1	
5	1	109	1	4	1	2122	2614	37	19	93.249298	ΝΕ
5	1	109	1	4	2	2171	2611	118	21	86.697441	ΕΞΥΠΝΟ
5	1	109	1	4	3	2319	2610	38	17	69.911766	ΤΟ
5	1	109	1	4	4	2395	2608	82	19	29.311226	ΠΑΙΔΙ
2	1	110	0	0	0	2122	2643	413	30	-1	
3	1	110	1	0	0	2122	2643	413	30	-1	
4	1	110	1	1	0	2122	2643	413	30	-1	
5	1	110	1	1	1	2122	2649	77	22	84.988503	ΣΟΥ»,
5	1	110	1	1	2	2221	2646	44	27	82.230171	καὶ
5	1	110	1	1	3	2273	2646	36	27	83.495209	τὸ
5	1	110	1	1	4	2332	2643	172	29	31.557663	«ΓΑΔΥΤΩΣΕ
2	1	111	0	0	0	2122	2670	359	208	-1	
3	1	111	1	0	0	2122	2670	357	66	-1	
4	1	111	1	1	0	2124	2670	355	33	-1	
5	1	111	1	1	1	2124	2686	38	17	82.255836	το
5	1	111	1	1	2	2180	2672	86	30	90.679604	ΠΑΙΔΙ
5	1	111	1	1	3	2281	2679	56	20	86.124786	ΣΟΥ
5	1	111	1	1	4	2354	2672	59	25	40.918827	Απὸ
5	1	111	1	1	5	2439	2670	40	25	85.131531	τὸ
4	1	111	1	2	0	2122	2719	98	17	-1	
5	1	111	1	2	1	2122	2719	98	17	76.267418	ΦΟΒΟ».
3	1	111	2	0	0	2125	2748	356	130	-1	
4	1	111	2	1	0	2149	2748	332	22	-1	
5	1	111	2	1	1	2149	2752	62	17	0.000000	ὍὍλα
5	1	111	2	1	2	2224	2750	29	18	93.303879	τά
5	1	111	2	1	3	2264	2749	74	18	71.006287	θιθλία
5	1	111	2	1	4	2348	2749	39	21	96.754929	τῆς
5	1	111	2	1	5	2402	2748	79	21	0.000000	Μήτρο
4	1	111	2	2	0	2125	2782	356	27	-1	
5	1	111	2	2	1	2125	2786	83	23	88.946701	πόλεώς
5	1	111	2	2	2	2226	2791	47	17	93.148590	µας,
5	1	111	2	2	3	2291	2784	123	19	91.814865	πωλοῦνται
5	1	111	2	2	4	2432	2782	49	19	49.756031	στά
4	1	111	2	3	0	2126	2818	355	24	-1	
5	1	111	2	3	1	2126	2821	162	20	87.378464	θιθλιοπωλεῖα,
5	1	111	2	3	2	2316	2819	61	23	93.716232	στούς
5	1	111	2	3	3	2410	2818	71	23	0.000000	Ναούς
4	1	111	2	4	0	2126	2854	311	24	-1	
5	1	111	2	4	1	2126	2858	37	19	60.700344	κοί
5	1	111	2	4	2	2179	2856	40	21	0.000000	στ
5	1	111	2	4	3	2231	2856	75	22	62.542236	Στέγη
5	1	111	2	4	4	2319	2854	118	23	83.563095	Νεότητος.
2	1	112	0	0	0	2129	2912	356	13	-1	
3	1	112	1	0	0	2129	2912	356	13	-1	
4	1	112	1	1	0	2129	2912	356	13	-1	
5	1	112	1	1	1	2125	2901	140	28	22.549896	αμ
5	1	112	1	1	2	2290	2901	199	28	0.000000	ΑΑὄὀὀἎ--..---ὸ-ὴ
2	1	113	0	0	0	2127	2933	355	40	-1	
3	1	113	1	0	0	2127	2933	355	40	-1	
4	1	113	1	1	0	2127	2933	355	40	-1	
5	1	113	1	1	1	2127	2949	35	24	96.442123	Οἱ
5	1	113	1	1	2	2179	2933	216	38	96.081558	ΣΠΟΥΔΑΣΤΕΣ
5	1	113	1	1	3	2413	2944	69	23	96.899437	ΜΑΣ
2	1	114	0	0	0	2260	2994	96	7	-1	
3	1	114	1	0	0	2260	2994	96	7	-1	
4	1	114	1	1	0	2260	2994	96	7	-1	
5	1	114	1	1	1	2260	2994	96	7	95.000000	 
2	1	115	0	0	0	2153	3023	332	27	-1	
3	1	115	1	0	0	2153	3023	332	27	-1	
4	1	115	1	1	0	2153	3023	332	27	-1	
5	1	115	1	1	1	2153	3028	48	19	63.995571	Τόν
5	1	115	1	1	2	2216	3026	127	24	58.422485	περασμένο
5	1	115	1	1	3	2352	3024	95	23	82.445717	Μάρτιο,
5	1	115	1	1	4	2471	3023	14	21	33.684509	Ἡ
2	1	116	0	0	0	2064	3061	423	25	-1	
3	1	116	1	0	0	2064	3061	423	25	-1	
4	1	116	1	1	0	2064	3061	423	25	-1	
5	1	116	1	1	1	2064	3071	43	4	43.843620	----
5	1	116	1	1	2	2130	3064	145	22	78.764755	[οπουδάστρια
5	1	116	1	1	3	2294	3062	37	23	91.646538	τῆς
5	1	116	1	1	4	2348	3061	139	23	48.427166	᾽Ἀρχιτεχτὸ-
2	1	117	0	0	0	2130	3096	359	97	-1	
3	1	117	1	0	0	2130	3096	359	97	-1	
4	1	117	1	1	0	2130	3096	358	27	-1	
5	1	117	1	1	1	2130	3101	64	22	71.642181	νικῆς
5	1	117	1	1	2	2212	3100	19	18	82.139114	δ.
5	1	117	1	1	3	2245	3098	92	19	49.304008	ΤΙΟΊΤΑ
5	1	117	1	1	4	2352	3096	66	20	93.300102	ΠΑΡ.
5	1	117	1	1	5	2439	3096	49	18	57.938332	ΚΑ-
4	1	117	1	2	0	2132	3130	357	25	-1	
5	1	117	1	2	1	2132	3130	194	25	57.818909	ΔΔΒΡΥΤΙΝΟΥ
5	1	117	1	2	2	2337	3132	28	23	84.743340	µέ
5	1	117	1	2	3	2382	3132	80	22	91.942429	ἄλλους
5	1	117	1	2	4	2477	3132	12	17	86.652672	3
4	1	117	1	3	0	2132	3166	357	27	-1	
5	1	117	1	3	1	2132	3170	138	23	92.596924	σπουδαστές,
5	1	117	1	3	2	2284	3168	141	23	74.352509	ἐμελέτησαν
5	1	117	1	3	3	2446	3166	43	21	95.971481	τήν
2	1	118	0	0	0	2118	3098	14	78	-1	
3	1	118	1	0	0	2118	3098	14	78	-1	
4	1	118	1	1	0	2122	3098	8	38	-1	
5	1	118	1	1	1	2122	3098	8	38	95.000000	 
4	1	118	1	2	0	2118	3136	14	40	-1	
5	1	118	1	2	1	2118	3136	14	40	95.000000	   
2	1	119	0	0	0	2097	3202	394	135	-1	
3	1	119	1	0	0	2097	3202	392	122	-1	
4	1	119	1	1	0	2111	3202	378	28	-1	
5	1	119	1	1	1	2111	3204	192	26	0.000000	.ἀρχιτεχτονική
5	1	119	1	1	2	2316	3204	39	18	93.246796	τοῦ
5	1	119	1	1	3	2370	3202	119	23	9.773140	Γεωργιτσί
4	1	119	1	2	0	2111	3237	378	40	-1	
5	1	119	1	2	1	2111	3239	3	3	0.000000	:
5	1	119	1	2	2	2125	3248	32	29	48.001282	ἵδυ
5	1	119	1	2	3	2170	3242	37	18	89.255173	καὶ
5	1	119	1	2	4	2220	3240	115	19	79.581398	ὑπέέαλαν
5	1	119	1	2	5	2343	3238	43	21	94.175011	τήν
5	1	119	1	2	6	2396	3237	93	24	84.523483	ἐργασία
4	1	119	1	3	0	2097	3278	86	46	-1	
5	1	119	1	3	1	2097	3281	3	3	0.000000	Ἶ
5	1	119	1	3	2	2122	3278	7	46	26.921646	Ι
5	1	119	1	3	3	2134	3283	49	17	93.023773	τους
3	1	119	2	0	0	2114	3309	377	28	-1	
4	1	119	2	1	0	2114	3309	377	28	-1	
5	1	119	2	1	1	2114	3312	97	25	20.147354	«ΙΣχολή
5	1	119	2	1	2	2228	3313	37	18	93.235535	τοῦ
5	1	119	2	1	3	2282	3310	125	20	50.759773	Μετσοθίου
5	1	119	2	1	4	2421	3309	70	19	77.393005	Πολυ-
2	1	120	0	0	0	2219	3272	270	26	-1	
3	1	120	1	0	0	2219	3272	270	26	-1	
4	1	120	1	1	0	2219	3272	270	26	-1	
5	1	120	1	1	1	2219	3276	55	21	76.162857	στήν
5	1	120	1	1	2	2306	3272	183	26	68.974945	᾿Αρχιτεκτονική
2	1	121	0	0	0	2127	3345	364	63	-1	
3	1	121	1	0	0	2127	3345	364	63	-1	
4	1	121	1	1	0	2127	3345	364	49	-1	
5	1	121	1	1	1	2127	3345	119	49	19.057739	[σεχνείου,
5	1	121	1	1	2	2260	3347	108	22	78.020317	λαθόντες
5	1	121	1	1	3	2383	3350	108	19	87.475739	συγχαρη-
4	1	121	1	2	0	2127	3382	273	26	-1	
5	1	121	1	2	1	2127	3385	80	23	0.331589	Ἰτήρια.
5	1	121	1	2	2	2223	3383	34	19	11.533798	Φά
5	1	121	1	2	3	2273	3382	127	25	77.428802	ξανάρξουν.
