level	page_num	block_num	par_num	line_num	word_num	left	top	width	height	conf	text
1	1	0	0	0	0	0	0	3026	3513	-1	
2	1	1	0	0	0	0	4	668	16	-1	
3	1	1	1	0	0	0	4	668	16	-1	
4	1	1	1	1	0	0	4	668	16	-1	
5	1	1	1	1	1	0	4	668	16	95.000000	 
2	1	2	0	0	0	241	168	124	18	-1	
3	1	2	1	0	0	241	168	124	18	-1	
4	1	2	1	1	0	241	168	124	18	-1	
5	1	2	1	1	1	241	168	72	18	95.329590	Σελίδα
5	1	2	1	1	2	324	168	12	18	90.037628	2
5	1	2	1	1	3	345	178	20	3	85.920105	--
2	1	3	0	0	0	14	254	345	69	-1	
3	1	3	1	0	0	14	254	345	69	-1	
4	1	3	1	1	0	14	254	345	69	-1	
5	1	3	1	1	1	14	254	345	69	95.000000	   
2	1	4	0	0	0	9	269	370	1206	-1	
3	1	4	1	0	0	9	269	358	212	-1	
4	1	4	1	1	0	24	269	311	48	-1	
5	1	4	1	1	1	24	279	44	38	4.186691	πμ
5	1	4	1	1	2	220	269	115	39	64.664230	ΝΕΕΣ.
4	1	4	1	2	0	32	344	334	30	-1	
5	1	4	1	2	1	32	344	148	23	95.586563	ΠΡΟΕΔΡΟΣ
5	1	4	1	2	2	194	348	35	19	95.634636	τοῦ
5	1	4	1	2	3	257	345	109	29	48.573898	Συλλόγου
4	1	4	1	3	0	9	380	357	29	-1	
5	1	4	1	3	1	9	381	147	28	71.893402	ὁδοντοϊατρῶν
5	1	4	1	3	2	171	380	113	27	56.013126	Λακωνίας
5	1	4	1	3	3	302	382	64	21	91.418938	ἔπανε
4	1	4	1	4	0	10	417	357	28	-1	
5	1	4	1	4	1	10	417	77	28	73.965240	ξελέγη
5	1	4	1	4	2	101	418	11	20	91.733658	ὁ
5	1	4	1	4	3	140	417	159	28	90.143105	συμπατριώτης
5	1	4	1	4	4	324	425	43	20	0.000000	Ίας
4	1	4	1	5	0	11	451	268	30	-1	
5	1	4	1	5	1	11	451	70	23	17.340424	βαν.
5	1	4	1	5	2	95	452	28	22	71.242989	Ἡ:
5	1	4	1	5	3	131	452	148	29	63.678734	Παπαστάθης.
3	1	4	2	0	0	9	487	366	136	-1	
4	1	4	2	1	0	57	487	310	23	-1	
5	1	4	2	1	1	57	487	38	22	67.265266	ΘΑ
5	1	4	2	1	2	133	487	234	23	38.877083	ΤΣΙΜΕΝΤΟΣΤΤΡΩ-
4	1	4	2	2	0	11	516	364	36	-1	
5	1	4	2	2	1	11	516	47	29	45.252869	Θ81
5	1	4	2	2	2	70	524	12	21	89.061111	ὁ
5	1	4	2	2	3	97	524	114	25	82.092529	κουνοτικός
5	1	4	2	2	4	225	524	75	28	69.934738	δρόμος
5	1	4	2	2	5	322	525	53	27	85.280403	ἀπό.
4	1	4	2	3	0	9	558	355	30	-1	
5	1	4	2	3	1	9	554	60	38	46.361904	Κρύα
5	1	4	2	3	2	81	558	64	30	45.448090	Βρύση
5	1	4	2	3	3	160	560	52	27	45.096916	πρὸς
5	1	4	2	3	4	228	558	53	29	50.628662	“Αγ.
5	1	4	2	3	5	295	559	69	29	71.737846	Δημή-
4	1	4	2	4	0	9	595	171	28	-1	
5	1	4	2	4	1	9	601	45	21	2.975845	πριο
5	1	4	2	4	2	66	596	26	27	78.788345	µέ
5	1	4	2	4	3	104	595	76	28	87.831779	δωρεά.
3	1	4	3	0	0	9	629	357	206	-1	
4	1	4	3	1	0	32	629	332	23	-1	
5	1	4	3	1	1	32	629	276	23	10.339195	ἨΡΟΕΒΤΟΙΜΑΖΟΝΤΑΙ
5	1	4	3	1	2	334	630	30	22	91.099052	ΟΙ
4	1	4	3	2	0	9	665	356	29	-1	
5	1	4	3	2	1	9	667	81	26	86.361679	γιορτές
5	1	4	3	2	2	107	669	38	24	92.331589	πῆς
5	1	4	3	2	3	158	665	140	29	32.795731	1ὔθετηρίδας
5	1	4	3	2	4	326	670	39	24	93.162231	τῆς
4	1	4	3	3	0	9	701	355	28	-1	
5	1	4	3	3	1	9	702	117	27	70.734360	σύγχρονης
5	1	4	3	3	2	145	701	98	28	92.090942	Σπάρτης
5	1	4	3	3	3	256	703	50	20	91.659843	ὅπω
5	1	4	3	3	4	336	703	28	20	88.115356	θά
4	1	4	3	4	0	9	737	357	29	-1	
5	1	4	3	4	1	9	740	101	25	44.422424	παραστεῖ
5	1	4	3	4	2	123	738	38	21	0.000000	καί
5	1	4	3	4	3	175	738	12	20	51.895645	ὃ
5	1	4	3	4	4	204	737	105	29	81.037766	Ἡρόεδρος
5	1	4	3	4	5	326	741	40	25	91.831306	πῆς
4	1	4	3	5	0	10	772	355	33	-1	
5	1	4	3	5	1	10	772	144	28	67.713501	Ἀγμοκρατίας
5	1	4	3	5	2	172	781	26	24	90.979340	κ.
5	1	4	3	5	3	210	772	28	21	55.235008	Κ.
5	1	4	3	5	4	252	773	113	28	77.466011	Καραμαν-
4	1	4	3	6	0	9	808	186	27	-1	
5	1	4	3	6	1	9	808	45	27	37.733368	λής.
5	1	4	3	6	2	193	820	2	2	42.312679	:
3	1	4	4	0	0	9	842	370	527	-1	
4	1	4	4	1	0	39	842	340	27	-1	
5	1	4	4	1	1	39	842	40	22	84.811363	Οκ.
5	1	4	4	1	2	93	842	119	22	85.332092	ΓΙΩΡΓΟΣ
5	1	4	4	1	3	228	843	24	22	70.412766	Δ.
5	1	4	4	1	4	278	843	101	26	3.634476	ΜΠΟΥ-
4	1	4	4	2	0	9	876	177	27	-1	
5	1	4	4	2	1	9	876	150	26	46.226276	ΚΟΥΡΟΝΗΣ
4	1	4	4	3	0	9	912	356	28	-1	
5	1	4	4	3	1	9	915	123	25	5.601395	φτυχιοῦχος
5	1	4	4	3	2	150	916	36	17	92.909805	τοῦ
5	1	4	4	3	3	197	912	168	28	49.350697	Παωλεπιστηµίου
4	1	4	4	4	0	9	947	369	32	-1	
5	1	4	4	4	1	9	950	38	25	90.329887	τῆς
5	1	4	4	4	2	79	947	125	28	0.000000	Τεργέσοης,
5	1	4	4	4	3	233	948	145	31	82.742569	ὑπηρετήσας
4	1	4	4	5	0	10	984	355	27	-1	
5	1	4	4	5	1	10	984	25	27	89.343582	τή
5	1	4	4	5	2	49	984	138	27	70.129143	στρατιωτυκή
5	1	4	4	5	3	197	984	73	27	61.150173	θηπεία,
5	1	4	4	5	4	284	984	81	27	66.316574	ἐγκαθί-
4	1	4	4	6	0	11	1018	355	29	-1	
5	1	4	4	6	1	11	1025	70	15	48.185886	συαται
5	1	4	4	6	2	90	1019	173	28	71.476334	ἐπαγγελματικά
5	1	4	4	6	3	277	1020	34	20	43.792156	στὸ
5	1	4	4	6	4	325	1018	41	28	91.870064	Δῆ-
4	1	4	4	7	0	9	1053	357	29	-1	
5	1	4	4	7	1	9	1059	27	23	7.919006	μο
5	1	4	4	7	2	47	1053	91	29	93.280670	Δάφνης,
5	1	4	4	7	3	152	1053	86	29	0.000000	᾿Αθήνκ.
5	1	4	4	7	4	253	1054	42	21	93.164925	Τοῦ
5	1	4	4	7	5	307	1055	59	27	88.204681	εὐχό-
4	1	4	4	8	0	11	1090	355	29	-1	
5	1	4	4	8	1	11	1091	51	28	50.144615	μεθα
5	1	4	4	8	2	71	1090	62	27	89.616631	ὑγεία
5	1	4	4	8	3	142	1090	37	21	0.000000	ναί
5	1	4	4	8	4	191	1090	88	27	31.557625	ὀναδυκή
5	1	4	4	8	5	291	1090	75	27	94.929344	πορεία
4	1	4	4	9	0	19	1124	348	24	-1	
5	1	4	4	9	1	19	1124	48	23	41.458813	Οκ.
5	1	4	4	9	2	80	1124	156	23	82.209885	ΔΗΜΗΤΡΗΣ
5	1	4	4	9	3	251	1125	26	23	18.958580	Π.
5	1	4	4	9	4	291	1124	76	23	74.310875	ΤΚΙΛΕ
4	1	4	4	10	0	10	1160	357	31	-1	
5	1	4	4	10	1	10	1160	57	24	60.367172	ΚΑΣ.
5	1	4	4	10	2	89	1161	142	30	82.040421	(Καθελάρης)
5	1	4	4	10	3	256	1164	54	26	92.367065	πῆρε
5	1	4	4	10	4	342	1162	25	21	95.292633	τό
4	1	4	4	11	0	10	1197	356	29	-1	
5	1	4	4	11	1	10	1198	75	28	77.449951	πτυχὶο
5	1	4	4	11	2	95	1202	35	17	91.398705	ποῦ
5	1	4	4	11	3	141	1198	154	28	55.679047	ἨΜηχανολόγου
5	1	4	4	11	4	309	1210	7	3	88.338135	-
5	1	4	4	11	5	331	1197	35	22	53.452705	ἨἩ-
4	1	4	4	12	0	11	1233	355	29	-1	
5	1	4	4	12	1	11	1234	139	28	69.407288	λεκτρολόγου
5	1	4	4	12	2	165	1233	42	22	87.434265	ἀπό
5	1	4	4	12	3	218	1234	23	21	49.055573	πὀ
5	1	4	4	12	4	276	1234	90	22	45.624016	Ἐθνικό-
4	1	4	4	13	0	11	1269	355	29	-1	
5	1	4	4	13	1	11	1270	102	21	22.057480	Μετσόθιο
5	1	4	4	13	2	129	1269	146	29	30.336319	Πολυτεχνεῖο.
5	1	4	4	13	3	291	1269	27	22	83.440720	Ἡ
5	1	4	4	13	4	348	1270	18	20	67.085045	ἔ-
4	1	4	4	14	0	11	1303	356	31	-1	
5	1	4	4	14	1	11	1306	105	28	43.853302	φηµερίδα,
5	1	4	4	14	2	127	1313	42	20	55.730228	µκις
5	1	4	4	14	3	178	1308	36	19	91.040520	ποῦ
5	1	4	4	14	4	225	1303	85	30	89.721825	εὔχεται
5	1	4	4	14	5	326	1306	41	27	23.920670	λαμ,
4	1	4	4	15	0	11	1341	206	28	-1	
5	1	4	4	15	1	11	1342	43	27	54.365494	πρή
5	1	4	4	15	2	65	1341	152	28	44.979015	σταδιοδρομία.
3	1	4	5	0	0	12	1375	356	100	-1	
4	1	4	5	1	0	40	1375	326	29	-1	
5	1	4	5	1	1	40	1375	114	22	85.861298	ΠΡΩΤΟΣ
5	1	4	5	1	2	172	1380	41	24	92.671257	μᾶς
5	1	4	5	1	3	230	1376	90	28	95.638664	δηλώνει
5	1	4	5	1	4	335	1377	31	20	96.955322	ὅτι
4	1	4	5	2	0	13	1412	354	27	-1	
5	1	4	5	2	1	13	1413	25	21	67.720383	θά:
5	1	4	5	2	2	51	1412	55	21	82.614677	ἄλθει
5	1	4	5	2	3	119	1413	24	20	79.339386	τὸ
5	1	4	5	2	4	161	1412	44	21	10.840530	66
5	1	4	5	2	5	220	1413	43	20	91.019241	ἀπό
5	1	4	5	2	6	291	1412	76	27	13.375992	ἨἩἨάσι-
4	1	4	5	3	0	12	1447	356	28	-1	
5	1	4	5	3	1	12	1448	93	27	90.480339	πούρτς
5	1	4	5	3	2	95	1443	12	36	91.515625	ὁ
5	1	4	5	3	3	119	1447	74	26	62.021961	Ἠλέας
5	1	4	5	3	4	207	1447	43	22	0.000000	Αθ.
5	1	4	5	3	5	265	1447	103	28	90.736267	Κούτσης.
2	1	5	0	0	0	17	1500	348	7	-1	
3	1	5	1	0	0	17	1500	348	7	-1	
4	1	5	1	1	0	17	1500	348	7	-1	
5	1	5	1	1	1	17	1500	348	7	95.000000	 
2	1	6	0	0	0	85	1535	217	130	-1	
3	1	6	1	0	0	85	1535	217	130	-1	
4	1	6	1	1	0	85	1535	217	23	-1	
5	1	6	1	1	1	85	1535	217	23	88.603409	ΟΙΚΟΝΟΜΙΚΗ
4	1	6	1	2	0	112	1589	166	22	-1	
5	1	6	1	2	1	112	1589	166	22	93.256485	ΕΝΙΣΧΥΣΗ
4	1	6	1	3	0	108	1642	173	23	-1	
5	1	6	1	3	1	108	1642	173	23	85.963821	ΑΓΕΛΑΔΩΝ
2	1	7	0	0	0	145	1687	95	5	-1	
3	1	7	1	0	0	145	1687	95	5	-1	
4	1	7	1	1	0	145	1687	95	5	-1	
5	1	7	1	1	1	145	1687	95	5	95.000000	 
2	1	8	0	0	0	13	1714	355	62	-1	
3	1	8	1	0	0	13	1714	355	62	-1	
4	1	8	1	1	0	37	1714	331	29	-1	
5	1	8	1	1	1	37	1715	26	20	92.028534	Ἡ
5	1	8	1	1	2	72	1714	60	29	51.844170	Δ)ση
5	1	8	1	1	3	147	1714	107	28	86.326897	Γεωργίας
5	1	8	1	1	4	267	1714	101	22	77.134277	ὀνακουνώ
4	1	8	1	2	0	13	1750	355	26	-1	
5	1	8	1	2	1	13	1757	30	13	89.266968	νει
5	1	8	1	2	2	63	1750	30	19	93.286522	ὅτι
5	1	8	1	2	3	109	1753	122	23	52.562149	χορηγεῖται
5	1	8	1	2	4	247	1750	121	25	15.113136	οἴκονονωκή
2	1	9	0	0	0	13	1782	378	27	-1	
3	1	9	1	0	0	13	1782	378	27	-1	
4	1	9	1	1	0	13	1782	378	27	-1	
5	1	9	1	1	1	13	1784	98	25	88.485764	ἐνίσχυση
5	1	9	1	1	2	128	1782	66	21	73.598206	9.651
5	1	9	1	1	3	213	1783	48	26	77.697540	δργ.
5	1	9	1	1	4	278	1783	42	20	50.852165	ἀνά
5	1	9	1	1	5	333	1783	35	26	0.000000	θη-
2	1	10	0	0	0	13	1817	357	728	-1	
3	1	10	1	0	0	13	1817	357	96	-1	
4	1	10	1	1	0	14	1817	355	28	-1	
5	1	10	1	1	1	14	1818	91	25	19.365936	λάζουσα.
5	1	10	1	1	2	123	1817	104	28	75.429802	ἀγελάδα.
5	1	10	1	1	3	239	1817	130	28	72.195610	Πκηροφορί-
4	1	10	1	2	0	13	1852	357	29	-1	
5	1	10	1	2	1	13	1860	23	18	95.917931	ες
5	1	10	1	2	2	50	1853	38	27	47.118103	στὴ
5	1	10	1	2	3	102	1852	58	29	57.210938	Δ)ση
5	1	10	1	2	4	176	1852	106	28	90.468407	Γεωργίας
5	1	10	1	2	5	295	1852	75	21	75.231133	Ααχω-
4	1	10	1	3	0	14	1890	50	23	-1	
5	1	10	1	3	1	14	1890	50	23	66.200760	γίας.
3	1	10	2	0	0	17	1944	353	10	-1	
4	1	10	2	1	0	17	1944	353	10	-1	
5	1	10	2	1	1	17	1944	353	10	0.000000	2ΑΩΑΑΑΑΑΑΑΑΩΑΑΑΑΠΑΑΖΑΑΡΡΑΡΑΡΑΟΛΑΣΑ
3	1	10	3	0	0	13	1977	357	98	-1	
4	1	10	3	1	0	44	1977	325	28	-1	
5	1	10	3	1	1	44	1977	38	21	88.913727	«Ἡ
5	1	10	3	1	2	96	1978	61	27	83.877228	ὑγεία
5	1	10	3	1	3	170	1977	35	21	80.698997	δέν
5	1	10	3	1	4	235	1977	53	22	16.118584	εἶναι
5	1	10	3	1	5	319	1978	50	20	0.000000	Ἀάπι
4	1	10	3	2	0	13	2013	357	24	-1	
5	1	10	3	2	1	13	2014	40	21	92.980736	πού
5	1	10	3	2	2	70	2017	34	18	91.162766	σοῦ
5	1	10	3	2	3	118	2014	65	23	21.246025	δύνουν
5	1	10	3	2	4	197	2013	55	21	88.414047	ἀλλά
5	1	10	3	2	5	265	2014	51	21	82.391541	κάτ.
5	1	10	3	2	6	329	2014	41	21	95.156242	πού
4	1	10	3	3	0	16	2051	143	24	-1	
5	1	10	3	3	1	16	2052	23	20	68.971542	τὸ
5	1	10	3	3	2	49	2051	110	24	63.186096	ἀποππᾶς».
3	1	10	4	0	0	15	2085	355	96	-1	
4	1	10	4	1	0	43	2085	327	24	-1	
5	1	10	4	1	1	43	2086	107	23	88.394997	ΠΙΝΕΤΕ
5	1	10	4	1	2	166	2085	74	23	88.072304	ΝΕΡΟ
5	1	10	4	1	3	262	2085	108	23	75.680496	ΤΕΩΡΓΙ-
4	1	10	4	2	0	15	2122	354	27	-1	
5	1	10	4	2	1	15	2122	92	27	23.362915	ΤΧΣΙΟΥ,
5	1	10	4	2	2	121	2122	82	22	90.385071	ΒΙΝΑΙ
5	1	10	4	2	3	217	2122	152	22	92.592766	ΚΑΛΥΤΕΡΟ
4	1	10	4	3	0	16	2157	337	24	-1	
5	1	10	4	3	1	16	2158	58	23	96.304077	ΑΠΟ
5	1	10	4	3	2	92	2158	54	23	93.361137	ΤΟΥ
5	1	10	4	3	3	164	2157	189	23	92.352280	ΛΟΥΤΡΑΚΙΟΥ.
3	1	10	5	0	0	18	2194	351	65	-1	
4	1	10	5	1	0	47	2194	322	28	-1	
5	1	10	5	1	1	47	2194	121	28	92.831612	«Καλύτερα
5	1	10	5	1	2	184	2196	26	20	92.163071	νά
5	1	10	5	1	3	224	2194	145	27	55.385979	προλαθαίΐνεις
4	1	10	5	2	0	18	2230	239	29	-1	
5	1	10	5	2	1	18	2232	56	27	80.565292	παρά
5	1	10	5	2	2	84	2232	26	20	87.643089	νά
5	1	10	5	2	3	120	2230	137	29	25.652634	θεραπεύε'ς».
3	1	10	6	0	0	69	2313	249	22	-1	
4	1	10	6	1	0	69	2313	249	22	-1	
5	1	10	6	1	1	69	2314	71	21	88.992638	ΑΦΟΙ
5	1	10	6	1	2	158	2313	160	22	88.992638	ΔΙΑΜΑΝΤΗ
3	1	10	7	0	0	26	2348	336	57	-1	
4	1	10	7	1	0	29	2348	333	23	-1	
5	1	10	7	1	1	29	2350	84	21	91.581802	ΛΕΩΦ.
5	1	10	7	1	2	132	2348	230	22	88.399109	ΕΟΥΛΙΑΓΜΕΝΗΣ
4	1	10	7	2	0	26	2380	288	25	-1	
5	1	10	7	2	1	26	2380	4	5	0.000000	ο
5	1	10	7	2	2	76	2385	42	20	4.266602	690
5	1	10	7	2	3	129	2383	185	22	91.740662	ΗΛΙΟΥΠΟΛΙΣ
3	1	10	8	0	0	25	2418	341	62	-1	
4	1	10	8	1	0	35	2418	321	22	-1	
5	1	10	8	1	1	35	2418	113	22	90.215302	ΑΘΗΝΑΙ
5	1	10	8	1	2	162	2418	65	21	95.780251	ΤΗΛ.
5	1	10	8	1	3	239	2418	117	22	63.933556	29.15.6472
4	1	10	8	2	0	25	2453	341	27	-1	
5	1	10	8	2	1	25	2453	179	27	88.715660	ΦΩΤΙΣΤΙΚΑ-
5	1	10	8	2	2	213	2453	153	22	89.797241	ΚΡΥΣΤΙΑΛΑ
3	1	10	9	0	0	17	2488	338	57	-1	
4	1	10	9	1	0	35	2488	320	23	-1	
5	1	10	9	1	1	35	2488	196	22	92.193192	ΠΟΡΣΕΛΑΝΕΣ
5	1	10	9	1	2	237	2500	10	4	88.377014	-
5	1	10	9	1	3	254	2488	101	23	27.603371	ΔΙ.ΑΚΟ:-
4	1	10	9	2	0	17	2522	238	23	-1	
5	1	10	9	2	1	17	2523	153	22	90.217957	ΣΜΗΤΙΚΑ-
5	1	10	9	2	2	177	2522	78	23	96.735504	ΔΩΡΑ
2	1	11	0	0	0	19	2577	332	10	-1	
3	1	11	1	0	0	19	2577	332	10	-1	
4	1	11	1	1	0	19	2577	332	10	-1	
5	1	11	1	1	1	19	2577	332	10	95.000000	 
2	1	12	0	0	0	27	2610	336	21	-1	
3	1	12	1	0	0	27	2610	336	21	-1	
4	1	12	1	1	0	27	2610	336	21	-1	
5	1	12	1	1	1	27	2610	135	21	47.350193	ΚΑΦΕΔΗΙΣ
5	1	12	1	1	2	171	2610	192	21	85.237602	ΚΑΡΑΒΟΓΛΙΑ
2	1	13	0	0	0	6	2632	539	44	-1	
3	1	13	1	0	0	6	2632	539	44	-1	
4	1	13	1	1	0	6	2632	539	44	-1	
5	1	13	1	1	1	6	2642	138	23	0.000000	ΞΤΒΩΡ.
5	1	13	1	1	2	122	2634	27	40	34.936615	ΕΠ.
5	1	13	1	1	3	154	2641	211	24	39.922009	ΕΑΡΑΒΟΓΑΙΑΣ
5	1	13	1	1	4	380	2632	165	44	22.468140	μμ.
2	1	14	0	0	0	52	2677	286	61	-1	
3	1	14	1	0	0	52	2677	286	61	-1	
4	1	14	1	1	0	52	2677	286	28	-1	
5	1	14	1	1	1	52	2677	153	28	49.593540	᾿Αριστοτέλως
5	1	14	1	1	2	214	2678	29	21	40.060886	00
5	1	14	1	1	3	251	2678	87	26	20.616089	᾽Αθήναι
4	1	14	1	2	0	102	2712	186	26	-1	
5	1	14	1	2	1	102	2712	54	26	87.189270	Τηλ.
5	1	14	1	2	2	172	2712	116	22	64.142303	82.19.48
2	1	15	0	0	0	271	2771	92	7	-1	
3	1	15	1	0	0	271	2771	92	7	-1	
4	1	15	1	1	0	271	2771	92	7	-1	
5	1	15	1	1	1	271	2771	92	7	95.000000	 
2	1	16	0	0	0	37	2801	303	359	-1	
3	1	16	1	0	0	37	2801	303	359	-1	
4	1	16	1	1	0	134	2801	123	18	-1	
5	1	16	1	1	1	134	2801	123	18	86.542679	ΓΕΩΡΓΙΤΣΙ
4	1	16	1	2	0	56	2842	278	21	-1	
5	1	16	1	2	1	56	2842	131	18	88.829292	ΔΙΜΗΝΙΑΙΑ
5	1	16	1	2	2	199	2842	135	21	95.240059	ΕΦΗΜΕΡΙΔΑ
4	1	16	1	3	0	69	2878	253	24	-1	
5	1	16	1	3	1	69	2878	116	24	92.582726	Ὑπεύθυνος
5	1	16	1	3	2	196	2878	50	19	62.749191	κατά
5	1	16	1	3	3	259	2878	63	24	57.866814	Νόμον
4	1	16	1	4	0	56	2914	276	20	-1	
5	1	16	1	4	1	56	2914	56	19	93.281181	ΚΩΝ.
5	1	16	1	4	2	124	2915	22	18	52.052322	Η.
5	1	16	1	4	3	161	2914	171	20	36.020615	ΓΗΝΝΑΚΑΚΗΣ
4	1	16	1	5	0	49	2951	291	24	-1	
5	1	16	1	5	1	49	2952	116	23	78.798561	Λυκούργου
5	1	16	1	5	2	177	2952	23	19	92.533966	27
5	1	16	1	5	3	209	2961	25	5	24.529800	---
5	1	16	1	5	4	244	2951	96	21	93.692612	ΣΠΑΡΤΗ
4	1	16	1	6	0	129	2988	128	23	-1	
5	1	16	1	6	1	129	2988	49	23	91.816238	Τηλ.
5	1	16	1	6	2	189	2988	68	19	86.567856	29-976
4	1	16	1	7	0	57	3029	276	24	-1	
5	1	16	1	7	1	57	3029	118	23	91.157997	Ὑπεύθυνος
5	1	16	1	7	2	181	3029	152	24	39.803104	Τωπογραωφείου
4	1	16	1	8	0	57	3064	271	20	-1	
5	1	16	1	8	1	57	3064	86	19	92.354744	ΕΛΕΥΘ.
5	1	16	1	8	2	155	3065	23	18	53.672161	Κ.
5	1	16	1	8	3	190	3064	138	20	32.445358	ΝΙΚΟΛΑΡΟΣ
4	1	16	1	9	0	67	3100	253	23	-1	
5	1	16	1	9	1	67	3100	49	23	96.313370	Τηλ.
5	1	16	1	9	2	127	3100	69	18	0.000000	286-676
5	1	16	1	9	3	207	3101	31	18	89.099953	κα
5	1	16	1	9	4	250	3101	70	18	56.661190	23-473
4	1	16	1	10	0	37	3136	299	24	-1	
5	1	16	1	10	1	37	3136	77	23	78.818436	᾿Ετησία
5	1	16	1	10	2	125	3136	98	23	89.835968	συνδροµή
5	1	16	1	10	3	235	3137	57	23	85.852448	δραχ.
5	1	16	1	10	4	301	3137	35	18	94.751160	200
2	1	17	0	0	0	13	3178	355	201	-1	
3	1	17	1	0	0	37	3178	329	23	-1	
4	1	17	1	1	0	37	3178	329	23	-1	
5	1	17	1	1	1	37	3178	123	23	74.405273	᾿Εξωτερικοῦ
5	1	17	1	1	2	179	3178	42	23	73.198967	ἀερ.
5	1	17	1	1	3	241	3178	43	19	96.220398	δολ.
5	1	17	1	1	4	347	3179	19	18	96.568451	12
3	1	17	2	0	0	13	3213	355	166	-1	
4	1	17	2	1	0	38	3213	328	24	-1	
5	1	17	2	1	1	38	3213	118	23	19.422142	Συνδροµέ:
5	1	17	2	1	2	198	3213	41	18	82.995941	Στό
5	1	17	2	1	3	259	3214	107	23	82.996017	Γεωργίτι,
4	1	17	2	2	0	14	3248	354	25	-1	
5	1	17	2	2	1	14	3249	26	22	92.888420	εἰς
5	1	17	2	2	2	52	3248	116	19	55.299759	᾽Αβανάσιον
5	1	17	2	2	3	181	3249	73	23	92.831345	Δῆμον.
5	1	17	2	2	4	268	3250	53	23	77.289429	Στήν
5	1	17	2	2	5	335	3250	33	18	41.013466	᾿Α-
4	1	17	2	3	0	13	3284	353	24	-1	
5	1	17	2	3	1	13	3284	49	23	93.124413	θήνα
5	1	17	2	3	2	75	3284	26	23	33.911041	εἰς
5	1	17	2	3	3	117	3284	19	17	91.491409	Β.
5	1	17	2	3	4	151	3284	115	24	63.107983	Καραλέµκν
5	1	17	2	3	5	283	3286	83	18	96.399712	Σταδίου
4	1	17	2	4	0	14	3320	352	23	-1	
5	1	17	2	4	1	14	3320	23	17	95.388748	48
5	1	17	2	4	2	50	3320	37	17	95.388748	στὰ
5	1	17	2	4	3	101	3320	119	23	82.058296	Δικαστήρια
5	1	17	2	4	4	232	3321	31	18	83.696655	καί
5	1	17	2	4	5	278	3321	21	18	91.621429	Κ.
5	1	17	2	4	6	315	3321	51	18	89.683533	Γιαν-
4	1	17	2	5	0	14	3355	188	24	-1	
5	1	17	2	5	1	14	3355	74	23	91.959518	νακάκη
5	1	17	2	5	2	101	3355	101	24	91.276566	Σπάρτην.
2	1	18	0	0	0	597	898	7	2	-1	
3	1	18	1	0	0	597	898	7	2	-1	
4	1	18	1	1	0	597	898	7	2	-1	
5	1	18	1	1	1	597	898	7	2	14.901520	'
2	1	19	0	0	0	204	880	197	25	-1	
3	1	19	1	0	0	204	880	197	25	-1	
4	1	19	1	1	0	204	880	197	25	-1	
5	1	19	1	1	1	204	880	197	25	0.000000	φαρμακοποιός...
2	1	20	0	0	0	491	898	27	226	-1	
3	1	20	1	0	0	491	898	27	226	-1	
4	1	20	1	1	0	491	898	27	226	-1	
5	1	20	1	1	1	513	951	5	173	0.000000	--..
2	1	21	0	0	0	668	8	1432	32	-1	
3	1	21	1	0	0	668	8	1432	32	-1	
4	1	21	1	1	0	668	8	1432	32	-1	
5	1	21	1	1	1	668	8	1432	32	95.000000	 
2	1	22	0	0	0	864	11	2162	50	-1	
3	1	22	1	0	0	864	11	2162	50	-1	
4	1	22	1	1	0	864	11	2162	50	-1	
5	1	22	1	1	1	864	11	2162	50	95.000000	 
2	1	23	0	0	0	637	161	710	23	-1	
3	1	23	1	0	0	637	161	710	39	-1	
4	1	23	1	1	0	637	161	710	23	-1	
5	1	23	1	1	1	637	161	43	18	91.226723	«ΤΟ
5	1	23	1	1	2	691	162	139	22	75.288795	ΓΕΩΡΓΙΤΣΙ»
5	1	23	1	1	3	888	166	49	3	33.476196	ο
5	1	23	1	1	4	946	167	17	2	11.871460	ο
5	1	23	1	1	5	972	168	60	3	0.000000	σσττπ
5	1	23	1	1	6	1067	170	74	3	0.000000	στην
5	1	23	1	1	7	1164	172	13	3	49.970833	στ
5	1	23	1	1	8	1187	173	26	2	37.974152	τση
5	1	23	1	1	9	1262	174	85	26	44.084949	..
2	1	24	0	0	0	644	202	109	7	-1	
3	1	24	1	0	0	644	202	109	7	-1	
4	1	24	1	1	0	644	202	109	7	-1	
5	1	24	1	1	1	644	202	109	7	95.000000	 
2	1	25	0	0	0	793	204	220	11	-1	
3	1	25	1	0	0	793	204	220	11	-1	
4	1	25	1	1	0	793	204	220	11	-1	
5	1	25	1	1	1	793	204	220	11	95.000000	 
2	1	26	0	0	0	713	250	587	89	-1	
3	1	26	1	0	0	713	250	587	89	-1	
4	1	26	1	1	0	713	250	587	89	-1	
5	1	26	1	1	1	713	250	316	77	11.503899	Ανπκοινώσεις
5	1	26	1	1	2	1049	260	224	79	7.979134	Νυμηρχίας
2	1	27	0	0	0	631	354	711	121	-1	
3	1	27	1	0	0	631	354	711	117	-1	
4	1	27	1	1	0	669	354	673	44	-1	
5	1	27	1	1	1	669	354	26	24	73.759827	ϐ
5	1	27	1	1	2	709	357	229	30	45.283428	ΙΤροιμοδοτοῦνται
5	1	27	1	1	3	951	363	48	22	96.416382	ἀπό
5	1	27	1	1	4	1016	365	30	28	92.431969	τή
5	1	27	1	1	5	1063	366	86	29	83.195908	4)νση
5	1	27	1	1	6	1163	368	134	30	96.902557	Γεωργίας
5	1	27	1	1	7	1312	372	30	21	96.933105	τά
4	1	27	1	2	0	631	393	710	40	-1	
5	1	27	1	2	1	631	393	126	28	27.627693	µοσχάρια
5	1	27	1	2	2	773	396	49	21	96.480865	πού
5	1	27	1	2	3	842	398	159	28	83.362999	γεννήθηκαν
5	1	27	1	2	4	1018	400	47	23	93.297539	ἀπό
5	1	27	1	2	5	1081	402	104	24	49.336296	2-4.84
5	1	27	1	2	6	1203	405	51	28	90.812820	ἕως
5	1	27	1	2	7	1279	406	62	23	66.222946	3-4-
4	1	27	1	3	0	631	427	710	48	-1	
5	1	27	1	3	1	631	427	45	22	15.142639	Φ5δ
5	1	27	1	3	2	689	429	31	27	67.313438	μέ
5	1	27	1	3	3	739	430	93	23	95.322914	1.177
5	1	27	1	3	4	843	432	56	29	94.310760	δρχ.
5	1	27	1	3	5	913	434	126	30	42.699932	Πληροφ.
5	1	27	1	3	6	1048	438	46	27	92.799927	στή
5	1	27	1	3	7	1109	439	86	29	54.453945	Δ)νση
5	1	27	1	3	8	1208	436	133	39	94.031479	Γεωργίας
2	1	28	0	0	0	631	481	708	70	-1	
3	1	28	1	0	0	631	481	708	70	-1	
4	1	28	1	1	0	661	481	678	40	-1	
5	1	28	1	1	1	661	481	21	21	57.883816	ϱ
5	1	28	1	1	2	719	482	85	23	47.256744	Πέντε
5	1	28	1	1	3	823	485	70	22	83.507500	ἕκας.
5	1	28	1	1	4	911	487	151	24	96.519058	διατίθενται
5	1	28	1	1	5	1077	492	41	26	93.302475	γιά
5	1	28	1	1	6	1134	492	124	29	77.364677	ἐπέκταση
5	1	28	1	1	7	1292	498	47	19	28.175568	Ἱτοῦ
4	1	28	1	2	0	631	516	349	35	-1	
5	1	28	1	2	1	631	516	143	30	33.313538	Ἰοσ)µείου
5	1	28	1	2	2	787	522	48	26	96.551834	τῆς
5	1	28	1	2	3	852	521	128	30	95.680870	Σπάρτης.
2	1	29	0	0	0	628	570	711	101	-1	
3	1	29	1	0	0	628	570	711	101	-1	
4	1	29	1	1	0	669	570	670	38	-1	
5	1	29	1	1	1	669	570	21	22	44.983536	6
5	1	29	1	1	2	712	571	44	22	51.236248	Πέ
5	1	29	1	1	3	772	572	169	31	80.912544	ἀγορανομωή
5	1	29	1	1	4	958	577	103	29	63.574677	διάταξη
5	1	29	1	1	5	1076	582	215	26	89.509750	προσαυξάνονται
5	1	29	1	1	6	1316	585	23	22	70.992065	οἳ
4	1	29	1	2	0	629	606	708	43	-1	
5	1	29	1	2	1	629	606	70	27	92.954796	τιµές
5	1	29	1	2	2	715	607	74	22	89.073769	εἰδῶν
5	1	29	1	2	3	805	609	154	30	89.515198	ἑστιατορίου
5	1	29	1	2	4	976	613	39	28	95.954010	τίς
5	1	29	1	2	5	1032	614	132	31	41.300617	Ἐυριακές
5	1	29	1	2	6	1176	618	44	22	86.432129	καί
5	1	29	1	2	7	1250	619	87	30	76.595070	ἁργίες
4	1	29	1	3	0	628	642	529	29	-1	
5	1	29	1	3	1	628	642	65	21	19.302437	ρατά
5	1	29	1	3	2	712	643	93	28	38.761848	10ο)ο.
5	1	29	1	3	3	1155	666	2	2	22.256584	|
2	1	30	0	0	0	624	695	710	144	-1	
3	1	30	1	0	0	624	695	710	140	-1	
4	1	30	1	1	0	665	695	668	42	-1	
5	1	30	1	1	1	665	695	22	21	41.533958	9
5	1	30	1	1	2	706	696	42	21	70.891693	Ο7
5	1	30	1	1	3	762	697	52	22	95.496513	νέοι
5	1	30	1	1	4	828	699	111	29	94.145935	µαθητές
5	1	30	1	1	5	955	702	31	21	96.781006	θά
5	1	30	1	1	6	998	703	133	28	91.943253	εἰσαχθοῦν
5	1	30	1	1	7	1147	706	44	28	86.167084	στή
5	1	30	1	1	8	1230	710	103	27	82.348068	τεχνωή
4	1	30	1	2	0	625	730	709	40	-1	
5	1	30	1	2	1	625	730	87	29	49.947468	2χολή
5	1	30	1	2	2	729	732	130	29	21.222862	᾽Αιτιιῆς,
5	1	30	1	2	3	886	736	41	21	69.020859	89
5	1	30	1	2	4	940	740	147	25	71.792267	μηχανωιῶν
5	1	30	1	2	5	1100	741	181	29	86.998840	αὐτοκινήτων,
5	1	30	1	2	6	1292	745	42	21	94.391510	40
4	1	30	1	3	0	624	771	709	40	-1	
5	1	30	1	3	1	624	771	226	24	0.000000	Μηχανοτεχνωιῶν
5	1	30	1	3	2	869	772	44	21	95.864929	καί
5	1	30	1	3	3	928	772	42	22	74.520454	96
5	1	30	1	3	4	986	774	195	29	78.364807	ἠλεκτρονικῶν.
5	1	30	1	3	5	1199	774	134	37	45.988640	Ἡλήροφο-
4	1	30	1	4	0	624	800	357	39	-1	
5	1	30	1	4	1	624	800	56	29	42.590576	ρίες
5	1	30	1	4	2	690	802	133	29	30.135895	Ἰομαρχία
5	1	30	1	4	3	836	802	145	37	40.246258	{ακωνίας.
2	1	31	0	0	0	622	854	713	74	-1	
3	1	31	1	0	0	622	854	713	74	-1	
4	1	31	1	1	0	662	854	669	41	-1	
5	1	31	1	1	1	662	854	22	21	46.329903	ϐ
5	1	31	1	1	2	705	855	178	29	64.291489	᾿Ενιοχύονται
5	1	31	1	1	3	899	860	190	30	80.637764	οἰκονομικά.
5	1	31	1	1	4	1065	856	27	38	37.837234	μέ
5	1	31	1	1	5	1108	864	93	23	58.314114	9.639
5	1	31	1	1	6	1189	856	17	38	87.340477	1
5	1	31	1	1	7	1225	866	54	29	93.225548	δρχ.
5	1	31	1	1	8	1309	869	22	21	87.298981	οἳ
4	1	31	1	2	0	622	888	713	40	-1	
5	1	31	1	2	1	622	888	295	33	63.217621	θηλάξουσες-ἀγελάδες
5	1	31	1	2	2	930	895	48	22	64.667831	ἀπό
5	1	31	1	2	3	990	897	30	26	42.945526	τή
5	1	31	1	2	4	1032	898	85	28	24.390877	.4)νση
5	1	31	1	2	5	1125	900	210	28	35.526672	Γεωργίας.-..--
2	1	32	0	0	0	619	940	711	144	-1	
3	1	32	1	0	0	619	940	711	144	-1	
4	1	32	1	1	0	651	940	679	40	-1	
5	1	32	1	1	1	651	940	22	21	55.488724	9
5	1	32	1	1	2	692	940	42	22	19.168076	50
5	1	32	1	1	3	750	944	140	27	50.042248	γραμμάρια
5	1	32	1	1	4	900	946	84	28	86.328461	χασίς,
5	1	32	1	1	5	999	950	237	29	32.679260	καμουφλαρισμένα
5	1	32	1	1	6	1246	954	31	26	71.451942	μέ
5	1	32	1	1	7	1292	954	38	21	91.410713	ἄλ-
4	1	32	1	2	0	621	974	708	49	-1	
5	1	32	1	2	1	621	974	32	22	65.650093	λα
5	1	32	1	2	2	664	976	64	27	92.143005	εἴδη,
5	1	32	1	2	3	742	979	68	26	90.664474	πῆγε
5	1	32	1	2	4	824	980	61	21	93.290672	νά...
5	1	32	1	2	5	902	982	138	27	91.891945	παραλάξει
5	1	32	1	2	6	1057	984	48	22	92.504959	ἀπό
5	1	32	1	2	7	1117	986	28	21	96.566971	τό
5	1	32	1	2	8	1159	982	170	41	81.920639	Ταχυδρομεῖο
4	1	32	1	3	0	620	1010	709	37	-1	
5	1	32	1	3	1	620	1010	109	23	0.000000	}υθείου
5	1	32	1	3	2	741	1013	20	27	54.018211	ἡ.
5	1	32	1	3	3	771	1014	155	29	41.047523	᾿Ολλανδέξα
5	1	32	1	3	4	938	1018	205	25	41.331669	ΙΕΑΝΝΕΤΤΕ
5	1	32	1	3	5	1153	1022	76	24	29.182404	Ώος.
5	1	32	1	3	6	1256	1024	73	23	11.244644	'Εκεῖ
4	1	32	1	4	0	619	1046	642	38	-1	
5	1	32	1	4	1	619	1046	71	28	93.294807	ὅμως
5	1	32	1	4	2	703	1048	94	28	90.941322	ὄργανα
5	1	32	1	4	3	811	1052	50	27	96.666817	τῆς
5	1	32	1	4	4	874	1052	168	30	52.884415	᾿Αοτυνοµίας
5	1	32	1	4	5	1052	1056	45	28	92.428719	τήν
5	1	32	1	4	6	1115	1058	146	23	88.054192	συνέλαξαν.
2	1	33	0	0	0	615	1099	714	166	-1	
3	1	33	1	0	0	615	1099	714	166	-1	
4	1	33	1	1	0	654	1099	675	40	-1	
5	1	33	1	1	1	654	1099	22	22	54.432262	9
5	1	33	1	1	2	694	1100	33	22	28.570328	Οἱ
5	1	33	1	1	3	741	1101	136	30	81.106789	ὑπάλληλοι
5	1	33	1	1	4	892	1106	51	21	95.668205	τῶν
5	1	33	1	1	5	956	1106	94	29	82.628891	Δήμων
5	1	33	1	1	6	1062	1110	45	21	92.295235	καί
5	1	33	1	1	7	1120	1110	163	29	93.288727	Κοινοτήτων
5	1	33	1	1	8	1295	1114	34	22	76.279449	εἷ-
4	1	33	1	2	0	616	1136	710	38	-1	
5	1	33	1	2	1	616	1142	44	14	73.765686	γαι
5	1	33	1	2	2	670	1136	190	30	90.714554	ὑποχρεωμένοι
5	1	33	1	2	3	872	1141	32	21	93.303856	νά
5	1	33	1	2	4	917	1141	124	24	71.833359	ἀπαντοῦν
5	1	33	1	2	5	1050	1145	32	26	69.548325	μέ
5	1	33	1	2	6	1094	1146	127	28	95.129196	ταχύτητα
5	1	33	1	2	7	1233	1149	46	21	93.136215	στά
5	1	33	1	2	8	1292	1150	34	21	0.000000	αἲ-
4	1	33	1	3	0	618	1170	708	40	-1	
5	1	33	1	3	1	618	1170	97	27	92.027885	τήµατα
5	1	33	1	3	2	733	1174	51	21	93.113342	τῶν
5	1	33	1	3	3	805	1174	131	29	92.169418	Δημοτῶν,
5	1	33	1	3	4	954	1178	31	21	96.564529	νά
5	1	33	1	3	5	1002	1178	63	23	96.199799	εἶναι
5	1	33	1	3	6	1081	1180	171	30	90.038933	ἀφοσιωμένοι
5	1	33	1	3	7	1283	1186	43	21	22.224510	στό
4	1	33	1	4	0	617	1203	708	42	-1	
5	1	33	1	4	1	617	1203	113	30	60.959625	καθῆκον
5	1	33	1	4	2	746	1210	44	21	70.312248	καί
5	1	33	1	4	3	803	1210	30	21	93.293510	νά
5	1	33	1	4	4	846	1211	49	28	85.854614	µήν
5	1	33	1	4	5	907	1212	92	23	91.859299	κάνουν
5	1	33	1	4	6	1015	1214	141	31	96.111374	διακρίσεις
5	1	33	1	4	7	1166	1220	93	25	71.159485	μεταξύ
5	1	33	1	4	8	1274	1222	51	21	96.788734	τῶν
4	1	33	1	5	0	615	1242	118	23	-1	
5	1	33	1	5	1	615	1242	118	23	0.000000	πολιτῶν.
2	1	34	0	0	0	621	1300	383	12	-1	
3	1	34	1	0	0	621	1300	383	12	-1	
4	1	34	1	1	0	621	1300	383	12	-1	
5	1	34	1	1	1	621	1300	383	12	95.000000	 
2	1	35	0	0	0	1008	1310	152	7	-1	
3	1	35	1	0	0	1008	1310	152	7	-1	
4	1	35	1	1	0	1008	1310	152	7	-1	
5	1	35	1	1	1	1008	1310	152	7	95.000000	 
2	1	36	0	0	0	694	1316	622	110	-1	
3	1	36	1	0	0	694	1316	622	110	-1	
4	1	36	1	1	0	694	1316	622	110	-1	
5	1	36	1	1	1	694	1338	561	88	37.943821	᾽Αλλπλογραφία
2	1	37	0	0	0	605	1455	722	279	-1	
3	1	37	1	0	0	605	1455	722	279	-1	
4	1	37	1	1	0	640	1455	680	46	-1	
5	1	37	1	1	1	640	1455	22	21	5.869133	ϱ
5	1	37	1	1	2	679	1456	35	21	44.348389	“Ἡ
5	1	37	1	1	3	725	1457	136	29	27.747505	φιἸόλογος
5	1	37	1	1	4	874	1468	25	13	48.455765	κ.
5	1	37	1	1	5	912	1460	111	29	48.455765	᾿Αγγέλα
5	1	37	1	1	6	1037	1464	122	24	15.742188	'Ἡλιάδου
5	1	37	1	1	7	1172	1481	8	3	91.465012	-
5	1	37	1	1	8	1192	1464	128	37	77.111237	Στεφανο-
4	1	37	1	2	0	609	1491	710	43	-1	
5	1	37	1	2	1	609	1491	94	26	88.816208	πούλου
5	1	37	1	2	2	720	1492	103	28	10.083664	γράφει:
5	1	37	1	2	3	890	1496	151	31	92.023849	ἐνδιαφέρον
5	1	37	1	2	4	1052	1501	83	22	56.046410	πάντα
5	1	37	1	2	5	1146	1503	112	27	92.375481	διαθάξω
5	1	37	1	2	6	1274	1506	45	28	96.002243	τήν
4	1	37	1	3	0	610	1526	709	43	-1	
5	1	37	1	3	1	610	1526	81	28	66.533958	ὠραία
5	1	37	1	3	2	704	1528	141	29	91.803635	ἐφημερίδα
5	1	37	1	3	3	865	1532	169	29	56.671253	«Γεωργίτοι»
5	1	37	1	3	4	1052	1538	43	21	75.720840	καί
5	1	37	1	3	5	1112	1540	47	27	92.763008	σᾶς
5	1	37	1	3	6	1178	1540	141	29	91.968132	εὐχαριστῶ
4	1	37	1	4	0	608	1562	709	43	-1	
5	1	37	1	4	1	608	1562	63	22	66.723892	πολύ
5	1	37	1	4	2	688	1564	48	21	92.343437	πού
5	1	37	1	4	3	751	1567	47	25	92.585579	μοῦ
5	1	37	1	4	4	813	1567	31	27	96.733711	τή
5	1	37	1	4	5	862	1568	123	24	93.900063	στέλνετε.
5	1	37	1	4	6	1007	1572	56	28	67.467850	2ᾶς
5	1	37	1	4	7	1081	1576	130	28	92.565826	συγχαίρω
5	1	37	1	4	8	1230	1578	41	26	96.744438	γιά
5	1	37	1	4	9	1287	1578	30	27	96.245972	τή
4	1	37	1	5	0	607	1599	709	40	-1	
5	1	37	1	5	1	607	1599	157	27	83.754593	ποοοπάθειά
5	1	37	1	5	2	779	1608	48	21	95.456406	σας
5	1	37	1	5	3	838	1604	44	21	71.459045	καί
5	1	37	1	5	4	893	1606	112	22	25.376060	πιστεύω
5	1	37	1	5	5	1019	1608	58	28	94.955498	πώς
5	1	37	1	5	6	1092	1609	32	22	93.248901	θά
5	1	37	1	5	7	1138	1610	128	29	89.374588	ὑπάρξουν
5	1	37	1	5	8	1280	1614	36	21	69.457169	κι’
4	1	37	1	6	0	608	1634	708	47	-1	
5	1	37	1	6	1	608	1634	68	21	93.198738	ἄλλοι
5	1	37	1	6	2	687	1636	48	21	96.288521	πού
5	1	37	1	6	3	747	1637	32	21	80.741570	νά
5	1	37	1	6	4	791	1638	118	28	96.455765	δείχνουν
5	1	37	1	6	5	920	1641	82	22	96.996384	τέτοιο
5	1	37	1	6	6	1017	1643	150	30	92.108749	ἐνδιαφέρον
5	1	37	1	6	7	1182	1648	35	21	62.058968	κι’
5	1	37	1	6	8	1233	1644	83	37	44.488163	ἀγάσιη
4	1	37	1	7	0	608	1669	719	47	-1	
5	1	37	1	7	1	608	1669	41	27	95.362976	γιά
5	1	37	1	7	2	661	1670	31	21	96.050293	τά
5	1	37	1	7	3	701	1673	82	26	94.663422	χωριά
5	1	37	1	7	4	798	1681	69	20	93.291504	τους,
5	1	37	1	7	5	883	1675	16	27	38.235855	ἡ
5	1	37	1	7	6	918	1676	136	30	72.659180	Ἑλληνική
5	1	37	1	7	7	1070	1680	124	29	18.686409	ὅπαιθρος
5	1	37	1	7	8	1205	1683	42	22	96.699745	δέν
5	1	37	1	7	9	1262	1680	65	36	93.333199	ἔχει,
4	1	37	1	8	0	605	1705	260	29	-1	
5	1	37	1	8	1	605	1705	31	21	89.706062	νά
5	1	37	1	8	2	650	1706	110	28	73.224823	φοθηθεῖ
5	1	37	1	8	3	770	1705	95	26	96.224831	τίποτε.
2	1	38	0	0	0	837	1436	264	12	-1	
3	1	38	1	0	0	837	1436	264	12	-1	
4	1	38	1	1	0	837	1436	264	12	-1	
5	1	38	1	1	1	837	1436	264	12	95.000000	 
2	1	39	0	0	0	1001	1780	91	9	-1	
3	1	39	1	0	0	1001	1780	91	9	-1	
4	1	39	1	1	0	1001	1780	91	9	-1	
5	1	39	1	1	1	1001	1780	91	9	95.000000	 
2	1	40	0	0	0	1152	1703	198	86	-1	
3	1	40	1	0	0	1152	1703	198	86	-1	
4	1	40	1	1	0	1320	1703	12	30	-1	
5	1	40	1	1	1	1320	1703	12	30	95.000000	 
4	1	40	1	2	0	1152	1733	198	56	-1	
5	1	40	1	2	1	1152	1733	198	56	95.000000	    
2	1	41	0	0	0	1323	1490	9	349	-1	
3	1	41	1	0	0	1323	1490	9	349	-1	
4	1	41	1	1	0	1323	1490	9	349	-1	
5	1	41	1	1	1	1323	1490	9	349	95.000000	 
2	1	42	0	0	0	596	1808	717	544	-1	
3	1	42	1	0	0	603	1808	710	175	-1	
4	1	42	1	1	0	642	1808	671	41	-1	
5	1	42	1	1	1	642	1808	21	21	65.042923	ϱ
5	1	42	1	1	2	688	1809	68	23	0.000000	Οκ.
5	1	42	1	1	3	773	1811	119	23	31.121155	ΚΟΟΕΕΚ
5	1	42	1	1	4	920	1814	156	24	17.019287	ΜΤΙΙΤΕΧ
5	1	42	1	1	5	1103	1827	22	12	54.530693	τς.
5	1	42	1	1	6	1157	1820	88	29	64.568779	Α)τής
5	1	42	1	1	7	1269	1824	44	19	96.670639	τοῦ
4	1	42	1	2	0	603	1843	710	42	-1	
5	1	42	1	2	1	603	1843	61	22	91.765686	Γαλ.
5	1	42	1	2	2	681	1845	181	29	41.502285	᾿Ι]νοτιτούτου,
5	1	42	1	2	3	875	1848	148	30	89.215309	ὑφηγητής,
5	1	42	1	2	4	1036	1852	76	29	92.387390	µέλος
5	1	42	1	2	5	1124	1856	48	27	93.292931	τῆς
5	1	42	1	2	6	1188	1856	7	10	41.613277	᾿
5	1	42	1	2	7	1197	1856	116	29	44.107498	Ακαδημἰ
4	1	42	1	3	0	603	1880	710	40	-1	
5	1	42	1	3	1	603	1887	31	20	93.263527	ας
5	1	42	1	3	2	644	1880	7	9	80.688194	᾿
5	1	42	1	3	3	653	1880	117	29	69.938705	θηνῶν,
5	1	42	1	3	4	786	1885	50	25	85.201492	μᾶς
5	1	42	1	3	5	849	1884	100	30	74.923447	γράφει:
5	1	42	1	3	6	968	1886	70	23	92.944427	Καλό
5	1	42	1	3	7	1052	1889	132	30	92.044724	καλοκαίρι
5	1	42	1	3	8	1200	1892	113	28	91.557755	ἀγαπητέ
4	1	42	1	4	0	603	1916	706	39	-1	
5	1	42	1	4	1	603	1924	24	13	87.804993	5.
5	1	42	1	4	2	641	1916	165	30	87.491867	Γιαννακάκη
5	1	42	1	4	3	820	1920	44	21	95.001915	καί
5	1	42	1	4	4	876	1921	77	28	96.555962	καλές
5	1	42	1	4	5	966	1922	122	29	96.232834	διακοπές
5	1	42	1	4	6	1104	1926	43	21	96.320473	στό
5	1	42	1	4	7	1161	1928	92	27	37.564842	μαγικό
5	1	42	1	4	8	1274	1929	35	22	83.954132	κι’
4	1	42	1	5	0	603	1951	452	32	-1	
5	1	42	1	5	1	603	1951	154	29	76.809425	ἀλησμόνητο
5	1	42	1	5	2	768	1952	157	31	47.230682	ΙΓεωργίτοι.
5	1	42	1	5	3	1046	1968	9	4	0.000000	Ξ
3	1	42	2	0	0	600	1988	710	175	-1	
4	1	42	2	1	0	635	1988	674	39	-1	
5	1	42	2	1	1	635	1988	103	27	50.804131	"Έμαθα
5	1	42	2	1	2	749	1990	31	27	69.898994	µέ
5	1	42	2	1	3	791	1990	167	31	63.718765	ἑκανοποίηση
5	1	42	2	1	4	969	1994	38	21	96.949318	ὅτι
5	1	42	2	1	5	1020	1995	28	21	96.970329	τό
5	1	42	2	1	6	1062	1996	149	29	76.979836	Ξενοδοχεῖο
5	1	42	2	1	7	1227	1999	82	28	83.318855	ἔγκαι-
4	1	42	2	2	0	601	2023	707	43	-1	
5	1	42	2	2	1	601	2023	121	27	57.718067	νιάστηκε
5	1	42	2	2	2	731	2026	43	20	77.758789	καί
5	1	42	2	2	3	786	2026	148	28	76.147919	Λειτουργεῖ.
5	1	42	2	2	4	950	2029	148	28	84.225296	Σημειῶστε
5	1	42	2	2	5	1108	2040	48	19	96.171265	µου
5	1	42	2	2	6	1170	2032	138	34	79.101334	παρακαλῶ
4	1	42	2	3	0	602	2058	708	38	-1	
5	1	42	2	3	1	602	2058	41	21	39.322655	τόὀν
5	1	42	2	3	2	661	2058	65	28	60.318295	ἀριθ.
5	1	42	2	3	3	741	2061	91	27	90.836609	τηλεφ.
5	1	42	2	3	4	850	2062	64	28	86.507439	Τιμή
5	1	42	2	3	5	927	2064	157	29	86.691910	µονόκλινου,
5	1	42	2	3	6	1098	2068	32	27	83.561874	μέ
5	1	42	2	3	7	1145	2070	104	26	86.022415	πρωϊνό,
5	1	42	2	3	8	1266	2071	44	21	92.463913	καί
4	1	42	2	4	0	601	2093	706	41	-1	
5	1	42	2	4	1	601	2093	45	22	71.429077	ἕνα
5	1	42	2	4	2	661	2096	86	26	89.444077	γεῦμα.
5	1	42	2	4	3	767	2096	35	21	96.697708	Τό
5	1	42	2	4	4	813	2098	132	28	61.988979	καλοκαίρι
5	1	42	2	4	5	958	2102	43	19	93.272774	τοῦ
5	1	42	2	4	6	1019	2101	40	22	84.125244	δ4
5	1	42	2	4	7	1075	2102	16	28	67.899551	ἤ
5	1	42	2	4	8	1106	2103	28	22	68.929947	τὸ
5	1	42	2	4	9	1162	2104	145	30	85.686623	φθινόπωρο
4	1	42	2	5	0	600	2128	496	35	-1	
5	1	42	2	5	1	600	2128	32	22	96.722702	θά
5	1	42	2	5	2	647	2130	69	21	72.651382	κάνω
5	1	42	2	5	3	728	2132	46	26	46.087280	μιά
5	1	42	2	5	4	785	2132	75	22	26.021698	Βόλτα
5	1	42	2	5	5	872	2134	30	21	93.296165	σέ
5	1	42	2	5	6	914	2136	54	27	84.963821	σᾶς.
5	1	42	2	5	7	1094	2142	2	2	0.000000	;
3	1	42	3	0	0	596	2165	711	183	-1	
4	1	42	3	1	0	633	2165	674	40	-1	
5	1	42	3	1	1	633	2165	38	22	92.531425	Θά
5	1	42	3	1	2	683	2166	95	27	19.725586	μάθατε
5	1	42	3	1	3	793	2168	47	28	92.911011	τήν
5	1	42	3	1	4	852	2169	7	10	71.475525	᾿
5	1	42	3	1	5	861	2169	196	31	47.052212	Αδελφοποίηοη
5	1	42	3	1	6	1071	2176	44	19	97.006775	τοῦ
5	1	42	3	1	7	1131	2175	111	29	89.224640	Πειραιᾶ
5	1	42	3	1	8	1276	2178	31	27	66.238953	μέ
4	1	42	3	2	0	598	2201	705	36	-1	
5	1	42	3	2	1	598	2201	30	27	93.170731	τή
5	1	42	3	2	2	640	2201	144	29	0.000000	ΙΜασσαλία,
5	1	42	3	2	3	798	2205	43	26	96.267021	γιά
5	1	42	3	2	4	852	2205	46	28	93.298447	τήν
5	1	42	3	2	5	913	2206	73	23	38.610764	ὁποία
5	1	42	3	2	6	995	2208	104	29	70.780319	πάλεψα
5	1	42	3	2	7	1112	2210	48	22	94.124771	ἀπό
5	1	42	3	2	8	1172	2212	28	21	96.015450	τό
5	1	42	3	2	9	1212	2212	91	23	93.935570	1976.
4	1	42	3	3	0	597	2236	707	41	-1	
5	1	42	3	3	1	597	2236	54	22	76.825218	Μία
5	1	42	3	3	2	667	2237	160	31	46.183067	ἀνακοίνωση
5	1	42	3	3	3	841	2241	49	22	41.818687	σού
5	1	42	3	3	4	902	2242	79	23	90.579720	ἕκανα
5	1	42	3	3	5	994	2244	61	28	96.470024	στήν
5	1	42	3	3	6	1069	2245	147	30	39.655563	Ακαδημία
5	1	42	3	3	7	1231	2248	73	29	67.012375	᾿4θη-
4	1	42	3	4	0	596	2274	707	39	-1	
5	1	42	3	4	1	596	2274	52	21	90.251053	νῶν
5	1	42	3	4	2	667	2275	42	27	96.354439	γιά
5	1	42	3	4	3	724	2275	61	29	95.847092	τούς
5	1	42	3	4	4	801	2276	129	29	60.431572	"Ἕλληνες
5	1	42	3	4	5	945	2280	43	21	95.487503	καί
5	1	42	3	4	6	1003	2280	151	31	96.802399	Φιλέλληνες
5	1	42	3	4	7	1171	2286	48	27	93.280319	τῆς
5	1	42	3	4	8	1233	2284	70	23	0.000000	ΊΗασ-
4	1	42	3	5	0	597	2310	604	42	-1	
5	1	42	3	5	1	597	2310	97	29	87.954124	σαλίας,
5	1	42	3	5	2	707	2312	53	28	92.988106	εἶχε
5	1	42	3	5	3	773	2313	95	28	92.029251	µεγάλη
5	1	42	3	5	4	886	2314	95	29	96.061401	ζήτηση
5	1	42	3	5	5	995	2317	44	21	86.974648	καί
5	1	42	3	5	6	1054	2313	147	39	91.769402	ἐξηντλήθη.
2	1	43	0	0	0	591	2364	708	200	-1	
3	1	43	1	0	0	591	2364	708	200	-1	
4	1	43	1	1	0	624	2364	561	41	-1	
5	1	43	1	1	1	624	2364	74	29	93.299164	Καλή
5	1	43	1	1	2	713	2366	133	28	30.304901	ἀνχάμωση
5	1	43	1	1	3	862	2368	43	21	93.291862	στό
5	1	43	1	1	4	920	2368	150	30	46.580395	Γεωργίτσι.
5	1	43	1	1	5	1086	2368	99	37	56.237206	Φιλωιά,
4	1	43	1	2	0	801	2420	298	27	-1	
5	1	43	1	2	1	801	2420	118	24	14.683273	ΚΟάΕΕΚ
5	1	43	1	2	2	944	2423	155	24	35.623634	ΠΜΠΙΙΙΤΕΧ
4	1	43	1	3	0	615	2472	684	42	-1	
5	1	43	1	3	1	615	2472	93	22	42.204826	ΕΥΓΕ
5	1	43	1	3	2	722	2473	41	28	96.608620	γιά
5	1	43	1	3	3	774	2474	30	27	96.934814	τή
5	1	43	1	3	4	820	2475	128	30	96.125366	σύγκληση
5	1	43	1	3	5	962	2480	43	19	96.825302	τοῦ
5	1	43	1	3	6	1014	2474	285	40	79.885208	Πανγεωργιτσιάνικου
4	1	43	1	4	0	591	2524	640	40	-1	
5	1	43	1	4	1	591	2524	137	28	81.302185	Συνεδρίου
5	1	43	1	4	2	742	2527	28	21	91.986382	τό
5	1	43	1	4	3	782	2527	57	23	44.927223	δ6/
5	1	43	1	4	4	854	2529	110	35	0.000000	αμπρή
5	1	43	1	4	5	981	2532	68	22	38.774300	ἰδέα!
5	1	43	1	4	6	1065	2533	38	22	92.689140	Θά
5	1	43	1	4	7	1113	2535	118	28	72.542526	πετύχει!
2	1	44	0	0	0	929	2584	32	32	-1	
3	1	44	1	0	0	929	2584	32	32	-1	
4	1	44	1	1	0	929	2584	32	32	-1	
5	1	44	1	1	1	929	2584	32	32	0.000000	..
2	1	45	0	0	0	589	2628	708	67	-1	
3	1	45	1	0	0	589	2628	708	67	-1	
4	1	45	1	1	0	608	2628	689	41	-1	
5	1	45	1	1	1	608	2628	36	24	47.940983	«9
5	1	45	1	1	2	657	2628	188	25	0.000000	ΝΙΚΟΛΑΟΝ
5	1	45	1	1	3	859	2634	126	22	45.436104	ΔΗΠΜΟΝ
5	1	45	1	1	4	997	2636	107	23	45.566273	Η.Π.Α.
5	1	45	1	1	5	1118	2639	78	27	23.754021	θερμά
5	1	45	1	1	6	1210	2641	87	28	81.900391	εὖχαρι
4	1	45	1	2	0	589	2664	360	31	-1	
5	1	45	1	2	1	589	2664	90	26	88.891716	στοῦμε
5	1	45	1	2	2	694	2664	42	27	96.707802	γιά
5	1	45	1	2	3	753	2666	46	27	96.316811	τήν
5	1	45	1	2	4	815	2667	134	28	44.749939	συνδρομή.
2	1	46	0	0	0	934	2722	33	31	-1	
3	1	46	1	0	0	934	2722	33	31	-1	
4	1	46	1	1	0	934	2722	33	31	-1	
5	1	46	1	1	1	934	2722	33	31	17.016083	κ
2	1	47	0	0	0	585	2767	711	80	-1	
3	1	47	1	0	0	585	2767	711	76	-1	
4	1	47	1	1	0	621	2767	675	34	-1	
5	1	47	1	1	1	621	2767	21	22	84.992325	ϱ
5	1	47	1	1	2	656	2768	112	26	55.002548	/4ΜΕς
5	1	47	1	1	3	783	2770	27	21	83.206680	κ΄
5	1	47	1	1	4	826	2771	117	23	56.175385	ΑΓΕΧΑ
5	1	47	1	1	5	954	2774	176	26	15.399933	ΡΕροῦς]ς
5	1	47	1	1	6	1146	2779	97	22	42.456242	ὕ.ς.4.
5	1	47	1	1	7	1258	2780	38	21	47.705391	εὖ.
4	1	47	1	2	0	585	2806	696	41	-1	
5	1	47	1	2	1	585	2806	152	26	83.780785	χαριστοῦμε
5	1	47	1	2	2	753	2806	112	28	92.335449	ἀπείρως
5	1	47	1	2	3	879	2808	42	27	92.612144	γιά
5	1	47	1	2	4	938	2810	76	28	91.952843	εὐχές
5	1	47	1	2	5	1028	2818	48	21	96.867752	σας
5	1	47	1	2	6	1088	2814	44	21	96.042862	καί
5	1	47	1	2	7	1148	2811	133	36	40.347477	συνδρομή.
2	1	48	0	0	0	932	2863	32	32	-1	
3	1	48	1	0	0	932	2863	32	32	-1	
4	1	48	1	1	0	932	2863	32	32	-1	
5	1	48	1	1	1	932	2863	32	32	16.636871	ιά
2	1	49	0	0	0	617	2910	675	39	-1	
3	1	49	1	0	0	617	2910	675	39	-1	
4	1	49	1	1	0	617	2910	675	39	-1	
5	1	49	1	1	1	617	2910	22	20	56.684669	9
5	1	49	1	1	2	658	2911	28	21	19.373817	ο.
5	1	49	1	1	3	704	2912	269	30	24.363319	ΟύΜΟΟΤΟΕΚΕΑ.,
5	1	49	1	1	4	990	2917	181	30	92.551910	εὐχαριστοῦμε
5	1	49	1	1	5	1182	2922	41	27	93.236649	γιά
5	1	49	1	1	6	1238	2929	54	14	91.913277	συν-
2	1	50	0	0	0	582	2945	148	29	-1	
3	1	50	1	0	0	582	2945	148	29	-1	
4	1	50	1	1	0	582	2945	148	29	-1	
5	1	50	1	1	1	582	2945	78	28	83.602524	δροµή
5	1	50	1	1	2	676	2953	54	21	95.790810	σας.
2	1	51	0	0	0	588	3006	471	11	-1	
3	1	51	1	0	0	588	3006	471	11	-1	
4	1	51	1	1	0	588	3006	471	11	-1	
5	1	51	1	1	1	588	3006	471	11	95.000000	 
2	1	52	0	0	0	1087	3014	201	7	-1	
3	1	52	1	0	0	1087	3014	201	7	-1	
4	1	52	1	1	0	1087	3014	201	7	-1	
5	1	52	1	1	1	1087	3014	201	7	95.000000	 
2	1	53	0	0	0	858	3038	161	25	-1	
3	1	53	1	0	0	858	3038	161	25	-1	
4	1	53	1	1	0	858	3038	161	25	-1	
5	1	53	1	1	1	858	3038	161	25	72.206383	ΡΕΚΟΣ
2	1	54	0	0	0	652	3106	565	143	-1	
3	1	54	1	0	0	652	3106	565	143	-1	
4	1	54	1	1	0	696	3106	482	30	-1	
5	1	54	1	1	1	696	3106	211	24	47.419376	ΚΡΥΣΤΑΛΛΑ
5	1	54	1	1	2	920	3123	7	3	47.419376	-
5	1	54	1	1	3	939	3110	239	26	60.052277	ΠΟΡΣΕΛΑΝΕΣ
4	1	54	1	2	0	755	3160	363	28	-1	
5	1	54	1	2	1	755	3160	132	23	84.509048	ΥΑΛΙΚΑ
5	1	54	1	2	2	901	3176	8	3	85.647194	-
5	1	54	1	2	3	922	3164	196	24	82.610504	ΦΩΤΙΣΤΙΚΑ
4	1	54	1	3	0	652	3216	565	33	-1	
5	1	54	1	3	1	652	3216	126	28	74.033157	ΡΕΚΟΣ,
5	1	54	1	3	2	791	3218	110	23	96.670578	Σταδίου
5	1	54	1	3	3	911	3221	19	20	92.646240	4
5	1	54	1	3	4	942	3222	88	27	49.960751	--τηΛ.
5	1	54	1	3	5	1044	3223	173	24	0.000000	89.96.5939
2	1	55	0	0	0	585	3275	698	62	-1	
3	1	55	1	0	0	585	3275	698	62	-1	
4	1	55	1	1	0	585	3275	698	16	-1	
5	1	55	1	1	1	585	3275	698	16	26.275482	-------π
5	1	55	1	1	2	972	3259	66	37	46.091133	ο.
5	1	55	1	1	3	1086	3275	197	16	0.000000	ΓΚἘΚυ-,.
4	1	55	1	2	0	631	3305	608	32	-1	
5	1	55	1	2	1	631	3305	242	25	89.846375	ΠΑΡΑΚΑΛΟΥΜΕ
5	1	55	1	2	2	886	3309	122	24	89.846375	ΘΕΡΜΑ,
5	1	55	1	2	3	1021	3312	44	22	96.027596	ΝΑ
5	1	55	1	2	4	1077	3313	162	24	94.980873	ΣΤΕΙΛΟΥΝ
2	1	56	0	0	0	621	3357	613	33	-1	
3	1	56	1	0	0	621	3357	613	33	-1	
4	1	56	1	1	0	621	3357	613	33	-1	
5	1	56	1	1	1	621	3357	53	28	55.346966	«ΤΗ
5	1	56	1	1	2	692	3358	184	31	93.056541	ΣΥΝΔΡΟΜΗ,
5	1	56	1	1	3	888	3362	83	23	93.150757	ΟΣΟΙ
5	1	56	1	1	4	1000	3364	234	26	92.027306	ΚΑΘΥΣΤΕΡΟΥΝ
2	1	57	0	0	0	1295	3038	7	305	-1	
3	1	57	1	0	0	1295	3038	7	305	-1	
4	1	57	1	1	0	1295	3038	7	305	-1	
5	1	57	1	1	1	1295	3038	7	305	95.000000	 
2	1	58	0	0	0	1319	1800	99	25	-1	
3	1	58	1	0	0	1319	1800	99	25	-1	
4	1	58	1	1	0	1319	1800	99	25	-1	
5	1	58	1	1	1	1319	1800	99	25	95.000000	 
2	1	59	0	0	0	1311	2799	244	32	-1	
3	1	59	1	0	0	1311	2799	244	32	-1	
4	1	59	1	1	0	1311	2799	244	32	-1	
5	1	59	1	1	1	1311	2821	2	2	9.999458	ο
5	1	59	1	1	2	1331	2799	102	28	63.751865	«Αἰγεῖο
5	1	59	1	1	3	1439	2801	116	30	89.868073	Βράχο»..
2	1	60	0	0	0	1454	270	563	92	-1	
3	1	60	1	0	0	1454	270	563	92	-1	
4	1	60	1	1	0	1454	270	563	92	-1	
5	1	60	1	1	1	1454	266	305	100	14.713707	Τεχνηλογικύξ
5	1	60	1	1	2	1783	266	234	100	7.347992	Πολιτισμὺς
2	1	61	0	0	0	1413	373	642	36	-1	
3	1	61	1	0	0	1413	373	642	36	-1	
4	1	61	1	1	0	1413	373	642	36	-1	
5	1	61	1	1	1	1413	373	50	22	39.228600	Ἰοῦ
5	1	61	1	1	2	1479	384	24	12	95.017540	κ.
5	1	61	1	1	3	1517	376	118	23	92.205688	ΚΩΣΤΑ
5	1	61	1	1	4	1650	379	405	30	21.673325	ΠΑΠΑΘΕΟΦΙΛΟΠΟΥΛΟΥ
2	1	62	0	0	0	1350	426	735	1437	-1	
3	1	62	1	0	0	1365	426	720	502	-1	
4	1	62	1	1	0	1407	426	677	43	-1	
5	1	62	1	1	1	1407	426	123	29	22.125854	Ὑπάρχει
5	1	62	1	1	2	1548	430	95	28	87.642250	σήµερα
5	1	62	1	1	3	1661	432	35	21	92.210648	κι’
5	1	62	1	1	4	1714	433	47	22	96.383644	ἀπό
5	1	62	1	1	5	1777	434	195	32	14.697647	διανοούμενους
5	1	62	1	1	6	2004	440	80	29	30.477303	ἁκόμα
4	1	62	1	2	0	1376	461	709	47	-1	
5	1	62	1	2	1	1376	461	156	30	77.031425	ἀγθρώδους,
5	1	62	1	2	2	1542	466	45	26	89.948135	µιά
5	1	62	1	2	3	1597	466	62	29	96.610275	τάση
5	1	62	1	2	4	1675	468	198	31	91.552498	ἀναθεματιαμοῦ
5	1	62	1	2	5	1888	474	43	21	95.681259	καί
5	1	62	1	2	6	1945	471	140	37	24.953773	καταδίχης.
4	1	62	1	3	0	1374	498	707	38	-1	
5	1	62	1	3	1	1374	498	48	25	96.383057	τῆς
5	1	62	1	3	2	1438	498	144	30	96.649963	σύγχρονης
5	1	62	1	3	3	1596	502	117	29	88.618210	προόδου,
5	1	62	1	3	4	1733	507	43	20	96.931023	τοῦ
5	1	62	1	3	5	1795	508	178	28	57.738159	τεχφολογιωιοῦ
5	1	62	1	3	6	1991	512	90	22	33.059227	σπολιτι-
4	1	62	1	4	0	1374	534	707	41	-1	
5	1	62	1	4	1	1374	534	70	25	92.929008	σμοῦ,
5	1	62	1	4	2	1465	535	190	31	86.882195	συνδυασµένης
5	1	62	1	4	3	1670	540	25	27	73.732224	μ’
5	1	62	1	4	4	1717	540	45	23	78.977478	ἕνα
5	1	62	1	4	5	1775	542	119	29	65.645271	κήρυγμα
5	1	62	1	4	6	1924	545	157	30	60.435726	ἐπιστροφῆς
4	1	62	1	5	0	1372	569	709	38	-1	
5	1	62	1	5	1	1372	570	50	20	84.101425	τοῦ.
5	1	62	1	5	2	1430	569	133	29	84.101425	ἀνθρώπου
5	1	62	1	5	3	1577	574	44	21	95.604378	στό
5	1	62	1	5	4	1632	576	172	27	73.260620	παραδοσιακό
5	1	62	1	5	5	1817	578	185	29	56.755493	ἀνθρωπιοτικό
5	1	62	1	5	6	2015	583	66	22	91.790169	πολι-
4	1	62	1	6	0	1374	604	706	42	-1	
5	1	62	1	6	1	1374	604	75	27	30.681282	ζισμό.
5	1	62	1	6	2	1466	606	33	22	92.281548	Οἳ
5	1	62	1	6	3	1511	608	110	29	89.899666	κατάρες
5	1	62	1	6	4	1636	611	155	28	96.087952	στρέφονται
5	1	62	1	6	5	1806	614	120	29	87.571007	συνήθως
5	1	62	1	6	6	1942	618	65	21	94.401031	κατά
5	1	62	1	6	7	2034	620	46	26	96.264580	τῆς
4	1	62	1	7	0	1370	640	708	45	-1	
5	1	62	1	7	1	1370	640	107	27	88.896233	προόδου
5	1	62	1	7	2	1494	644	51	21	93.192833	τῶν
5	1	62	1	7	3	1560	645	203	30	62.632389	µεγαλοπόλεων,
5	1	62	1	7	4	1781	650	48	21	93.226326	πού
5	1	62	1	7	5	1849	650	54	23	15.945572	ἐκεῖ
5	1	62	1	7	6	1923	649	155	36	89.500259	συσσωρεύε-
4	1	62	1	8	0	1370	676	708	41	-1	
5	1	62	1	8	1	1370	683	40	14	91.260971	ται
5	1	62	1	8	2	1422	676	43	28	90.190727	ὅλη
5	1	62	1	8	3	1478	677	15	28	59.974052	ἡ
5	1	62	1	8	4	1508	678	72	29	90.699295	σήψη
5	1	62	1	8	5	1590	682	44	20	93.298615	τοῦ
5	1	62	1	8	6	1643	682	154	29	89.400558	πολιτισμοῦ.
5	1	62	1	8	7	1810	685	65	22	74.052368	Κατ’
5	1	62	1	8	8	1891	686	101	29	74.715591	αὐτούς,
5	1	62	1	8	9	2006	689	14	21	69.459740	ὃ
5	1	62	1	8	10	2032	690	46	27	62.038300	σύγ
4	1	62	1	9	0	1368	713	709	39	-1	
5	1	62	1	9	1	1368	718	93	21	43.231716	χφονος
5	1	62	1	9	2	1472	713	142	30	95.207497	ἄνθρωπος,
5	1	62	1	9	3	1626	718	61	27	80.080391	παρ
5	1	62	1	9	4	1700	718	38	22	97.003265	ὅτι
5	1	62	1	9	5	1748	720	71	22	96.669548	πλέει
5	1	62	1	9	6	1831	721	64	27	88.045059	µέσα
5	1	62	1	9	7	1905	722	30	21	94.115463	σέ
5	1	62	1	9	8	1942	724	43	27	79.397598	μιά
5	1	62	1	9	9	2010	724	67	28	39.891808	ἄἆφθα
4	1	62	1	10	0	1367	746	710	39	-1	
5	1	62	1	10	1	1367	746	42	30	90.465790	γία
5	1	62	1	10	2	1420	746	97	24	51.287037	ὁλωιῶν
5	1	62	1	10	3	1530	750	111	28	92.286446	ἀγαθῶν,
5	1	62	1	10	4	1656	747	111	29	48.248558	ἀνέσεων
5	1	62	1	10	5	1782	756	35	21	74.610092	κι’
5	1	62	1	10	6	1829	756	132	29	91.052544	εὐκολιῶν,
5	1	62	1	10	7	1973	760	48	21	96.044853	πού
5	1	62	1	10	8	2034	762	43	20	96.222290	τοῦ
4	1	62	1	11	0	1368	782	709	41	-1	
5	1	62	1	11	1	1368	782	127	28	94.080208	παρέχουν
5	1	62	1	11	2	1536	786	30	21	87.417839	τά
5	1	62	1	11	3	1604	789	106	26	40.000244	τεχνικά
5	1	62	1	11	4	1735	790	74	28	86.923080	µέσα,
5	1	62	1	11	5	1840	793	61	27	65.009689	παρ᾽
5	1	62	1	11	6	1926	794	39	21	89.454559	ὅτι
5	1	62	1	11	7	2006	795	71	28	38.099060	ὃδήλα-
4	1	62	1	12	0	1366	816	709	43	-1	
5	1	62	1	12	1	1366	816	31	28	95.988754	δή
5	1	62	1	12	2	1410	818	54	28	93.301277	ἔχει
5	1	62	1	12	3	1477	820	132	24	88.368652	θελπιώσει
5	1	62	1	12	4	1619	824	69	27	96.170433	πάρα
5	1	62	1	12	5	1695	825	62	22	94.295692	πολύ
5	1	62	1	12	6	1770	827	27	21	93.304031	τό
5	1	62	1	12	7	1806	827	72	22	39.829147	ἁλικό
5	1	62	1	12	8	1890	828	128	30	20.770073	ὁπόθαθρο
5	1	62	1	12	9	2029	833	46	26	96.001770	τῆς
4	1	62	1	13	0	1365	856	709	37	-1	
5	1	62	1	13	1	1365	856	118	26	55.768696	ψυχωῆς
5	1	62	1	13	2	1496	856	43	21	59.059044	καί
5	1	62	1	13	3	1550	862	175	26	31.403244	πνευµατικῆς
5	1	62	1	13	4	1737	870	44	13	96.958817	του
5	1	62	1	13	5	1795	863	71	28	87.424240	ξωῆς
5	1	62	1	13	6	1876	864	36	21	65.567612	κι)
5	1	62	1	13	7	1928	865	38	28	89.589180	ὣς,
5	1	62	1	13	8	1976	866	30	21	91.783707	ἓκ
5	1	62	1	13	9	2021	868	53	21	92.281395	τού-
4	1	62	1	14	0	1365	890	708	38	-1	
5	1	62	1	14	1	1365	886	54	43	50.853485	του,
5	1	62	1	14	2	1436	890	62	28	92.796478	αὐτή
5	1	62	1	14	3	1512	891	32	21	93.294617	θά
5	1	62	1	14	4	1558	892	93	31	75.436295	ἔπρεπε
5	1	62	1	14	5	1661	896	32	20	96.812729	νά
5	1	62	1	14	6	1705	896	65	22	92.301064	εἶναι
5	1	62	1	14	7	1780	898	77	27	82.154297	ὅμαλή
5	1	62	1	14	8	1872	900	37	28	22.087227	γι)
5	1	62	1	14	9	1924	901	87	26	90.968781	ἄριστα
5	1	62	1	14	10	2023	902	50	21	91.184967	δια-
3	1	62	2	0	0	1352	913	721	688	-1	
4	1	62	2	1	0	1352	913	721	50	-1	
5	1	62	2	1	1	1352	913	167	42	39.058846	μορφωμένη
5	1	62	2	1	2	1535	921	35	26	38.493561	2ι
5	1	62	2	1	3	1587	927	14	20	30.392822	ὅ
5	1	62	2	1	4	1616	919	141	42	96.742485	ἄνθρωπος,
5	1	62	2	1	5	1766	921	144	42	4.288185	διάγοντας
5	1	62	2	1	6	1922	935	42	25	62.621986	μιά
5	1	62	2	1	7	1990	932	83	25	94.499298	τέτοια
4	1	62	2	2	0	1365	957	707	38	-1	
5	1	62	2	2	1	1365	957	63	27	72.383736	ἑωή,
5	1	62	2	2	2	1440	958	31	21	96.671822	νά
5	1	62	2	2	3	1496	960	63	21	93.300026	εἶναι
5	1	62	2	2	4	1573	962	120	29	92.803101	εὐτυχής,
5	1	62	2	2	5	1708	965	105	28	17.170265	ὠὡστόσο,
5	1	62	2	2	6	1826	967	131	28	75.721687	συµθαίνει
5	1	62	2	2	7	1969	970	28	21	93.305626	τό
5	1	62	2	2	8	2010	970	62	22	78.873306	ἀντί-
4	1	62	2	3	0	1363	991	710	41	-1	
5	1	62	2	3	1	1363	991	65	22	90.464706	θετο:
5	1	62	2	3	2	1450	994	31	21	31.507919	'Ο
5	1	62	2	3	3	1496	995	140	30	96.636620	σύγχρονος
5	1	62	2	3	4	1650	998	133	31	94.930817	ἄνθρωπος
5	1	62	2	3	5	1795	1002	93	29	94.339851	πάσχει
5	1	62	2	3	6	1899	1006	110	26	94.866951	ψυχικά,
5	1	62	2	3	7	2026	1006	47	22	96.303619	ἀπό
4	1	62	2	4	0	1362	1027	710	42	-1	
5	1	62	2	4	1	1362	1027	118	30	60.188808	πλεῖστες
5	1	62	2	4	2	1496	1030	59	29	93.231377	ὅσες
5	1	62	2	4	3	1570	1032	138	30	61.388763	ἄσθένειες.
5	1	62	2	4	4	1729	1036	6	9	0.000000	᾿
5	1	62	2	4	5	1738	1036	56	23	65.942673	Από
5	1	62	2	4	6	1806	1037	88	29	91.003143	ἄγχος,
5	1	62	2	4	7	1913	1039	106	28	85.648987	ἀγωνία,
5	1	62	2	4	8	2032	1050	40	19	91.741447	µε-
4	1	62	2	5	0	1362	1062	710	43	-1	
5	1	62	2	5	1	1362	1062	129	30	77.432236	λαγχολία,
5	1	62	2	5	2	1507	1067	122	29	96.744858	κούραση,
5	1	62	2	5	3	1643	1069	112	30	63.508835	ὁστερία,
5	1	62	2	5	4	1770	1075	166	26	46.021637	νευρικότήτα
5	1	62	2	5	5	1950	1076	35	21	93.229568	κι’
5	1	62	2	5	6	1998	1077	74	28	92.578194	ἄλλες
4	1	62	2	6	0	1362	1098	707	42	-1	
5	1	62	2	6	1	1362	1098	147	31	87.184410	ἀρρώστιες.
5	1	62	2	6	2	1526	1102	74	23	93.258339	Γιατί
5	1	62	2	6	3	1612	1106	131	27	32.004898	συµθαίνει
5	1	62	2	6	4	1759	1108	73	27	83.087357	αὐτό;
5	1	62	2	6	5	1848	1109	51	22	96.164383	Δέν
5	1	62	2	6	6	1916	1110	65	23	96.937355	εἶναι
5	1	62	2	6	7	1991	1112	78	28	75.305206	λόγοι,
4	1	62	2	7	0	1362	1134	708	40	-1	
5	1	62	2	7	1	1362	1134	80	28	38.038246	ἀμόμα
5	1	62	2	7	2	1458	1137	43	21	80.250473	καί
5	1	62	2	7	3	1516	1140	85	25	96.777985	σοφοί,
5	1	62	2	7	4	1618	1141	49	21	96.063789	πού
5	1	62	2	7	5	1682	1142	183	29	56.852592	ὁσοστηρίξουν
5	1	62	2	7	6	1878	1146	59	28	67.940033	σπώς
5	1	62	2	7	7	1954	1148	87	26	79.460220	φταίει
5	1	62	2	7	8	2058	1148	12	22	93.045151	ὃ
4	1	62	2	8	0	1357	1166	713	45	-1	
5	1	62	2	8	1	1357	1166	144	37	95.626015	σύγχρονος
5	1	62	2	8	2	1514	1171	257	39	58.744087	τεχνοθιοµηχανωκός.
5	1	62	2	8	3	1779	1179	153	30	63.221577	πολιτισμός,
5	1	62	2	8	4	1947	1183	66	28	96.693909	χάρη
5	1	62	2	8	5	2026	1186	44	20	96.451065	τοῦ
4	1	62	2	9	0	1360	1204	709	48	-1	
5	1	62	2	9	1	1360	1204	85	23	91.733780	ὁποίου
5	1	62	2	9	2	1462	1208	23	21	93.257835	οἳ
5	1	62	2	9	3	1498	1208	127	29	74.730042	ἄνθρωποι
5	1	62	2	9	4	1640	1211	185	32	45.622097	ἐγπατέλειψαν
5	1	62	2	9	5	1840	1216	29	21	96.502197	τό
5	1	62	2	9	6	1884	1219	95	26	93.420624	φυσικό
5	1	62	2	9	7	1993	1216	76	36	96.035385	τρόπο
4	1	62	2	10	0	1360	1240	707	43	-1	
5	1	62	2	10	1	1360	1241	71	28	86.299271	ξωῆς
5	1	62	2	10	2	1448	1244	61	27	89.548485	στήν
5	1	62	2	10	3	1523	1240	110	38	81.396530	ἐπαρχία
5	1	62	2	10	4	1647	1248	35	21	36.250153	πι’
5	1	62	2	10	5	1704	1248	173	30	92.347221	ἐσυνάχθησαν
5	1	62	2	10	6	1895	1254	56	28	91.475525	στίς
5	1	62	2	10	7	1964	1256	103	27	90.530334	µεγαλο-
4	1	62	2	11	0	1358	1276	710	44	-1	
5	1	62	2	11	1	1358	1276	95	29	96.519157	πόλεις,
5	1	62	2	11	2	1471	1278	70	33	93.299934	ὅπου,
5	1	62	2	11	3	1561	1284	181	27	48.478775	στριμωγμένοι
5	1	62	2	11	4	1754	1286	64	27	92.342728	µέσα
5	1	62	2	11	5	1836	1287	58	24	73.971146	στόν
5	1	62	2	11	6	1925	1291	143	29	79.642403	οἰκοδομωκό
4	1	62	2	12	0	1360	1312	708	42	-1	
5	1	62	2	12	1	1360	1312	43	21	80.629105	καὶ
5	1	62	2	12	2	1414	1313	173	29	71.047043	π]ηθυσμιακὸ
5	1	62	2	12	3	1606	1318	156	29	91.428879	συνωστισμὸ
5	1	62	2	12	4	1782	1322	43	21	90.052567	καὶ
5	1	62	2	12	5	1838	1324	152	30	7.414566	μσιλεγμένοι
5	1	62	2	12	6	2023	1329	45	21	90.466354	στὰ
4	1	62	2	13	0	1359	1348	706	43	-1	
5	1	62	2	13	1	1359	1348	120	27	61.688278	γθανάξδια
5	1	62	2	13	2	1492	1352	48	27	96.030670	τῆς
5	1	62	2	13	3	1555	1354	186	29	88.375557	θουτινιέρικης
5	1	62	2	13	4	1756	1357	80	29	72.170349	ξωῆς,
5	1	62	2	13	5	1852	1358	65	27	89.691238	µέσα
5	1	62	2	13	6	1931	1364	78	27	89.180588	σπούς
5	1	62	2	13	7	2027	1364	38	21	45.765007	ἓν-
4	1	62	2	14	0	1357	1387	707	40	-1	
5	1	62	2	14	1	1357	1387	183	28	25.127419	πωφαντωιούς
5	1	62	2	14	2	1556	1388	107	29	51.644573	πρότους
5	1	62	2	14	3	1680	1390	193	30	80.053406	διαμορφώνουν
5	1	62	2	14	4	1886	1398	44	26	67.020218	μιά
5	1	62	2	14	5	1964	1400	100	27	66.625336	ψυχωή
4	1	62	2	15	0	1356	1420	708	42	-1	
5	1	62	2	15	1	1356	1420	43	21	0.000000	καΐ
5	1	62	2	15	2	1410	1424	156	27	54.644058	πνευματική
5	1	62	2	15	3	1581	1425	54	28	96.011711	ζωή
5	1	62	2	15	4	1650	1428	150	29	49.419056	παχεκτική.
5	1	62	2	15	5	1818	1428	7	10	73.395271	᾿
5	1	62	2	15	6	1828	1429	96	30	85.462410	Ακόμα,
5	1	62	2	15	7	1938	1436	126	26	62.845341	καταρῶν-
4	1	62	2	16	0	1355	1456	709	41	-1	
5	1	62	2	16	1	1355	1463	40	14	92.822937	ται
5	1	62	2	16	2	1408	1456	22	21	76.058441	τ’
5	1	62	2	16	3	1446	1457	82	28	91.448967	ἆγαθά
5	1	62	2	16	4	1538	1460	43	21	8.072205	καί
5	1	62	2	16	5	1592	1461	32	22	96.431625	τά
5	1	62	2	16	6	1634	1458	65	31	93.854668	µέσα
5	1	62	2	16	7	1708	1465	48	26	93.921349	τῆς
5	1	62	2	16	8	1768	1466	172	29	90.009407	τεχνολογίας,
5	1	62	2	16	9	1954	1469	71	28	93.236282	ὅπως
5	1	62	2	16	10	2037	1471	27	21	65.310867	τὀ
4	1	62	2	17	0	1354	1491	709	42	-1	
5	1	62	2	17	1	1354	1491	155	30	79.629654	ραδιόφωνο,
5	1	62	2	17	2	1525	1495	30	28	95.744499	τή
5	1	62	2	17	3	1572	1497	147	30	90.877480	τηλεόραση,
5	1	62	2	17	4	1737	1500	28	22	96.794395	τό
5	1	62	2	17	5	1780	1505	217	27	11.833435	κιυηματογράφο,
5	1	62	2	17	6	2013	1514	50	19	92.703384	για-
4	1	62	2	18	0	1354	1527	708	41	-1	
5	1	62	2	18	1	1354	1527	24	21	90.736679	τέ
5	1	62	2	18	2	1391	1528	110	27	41.936470	γίνονται
5	1	62	2	18	3	1514	1530	94	29	92.304077	ὄργανα
5	1	62	2	18	4	1618	1538	182	27	62.276031	καταστροφῆς
5	1	62	2	18	5	1814	1539	48	26	90.398422	τῆς
5	1	62	2	18	6	1875	1542	127	26	89.058250	ψυχικῆς,
5	1	62	2	18	7	2016	1549	46	14	91.961792	σω-
4	1	62	2	19	0	1353	1566	507	39	-1	
5	1	62	2	19	1	1353	1566	110	26	37.091316	ματωκῆς'
5	1	62	2	19	2	1474	1567	43	20	93.276398	καί
5	1	62	2	19	3	1526	1572	174	26	46.415909	πνευµατικῆς
5	1	62	2	19	4	1710	1568	150	37	66.994293	ζωῆς-τους.
3	1	62	3	0	0	1350	1598	713	217	-1	
4	1	62	3	1	0	1377	1598	683	41	-1	
5	1	62	3	1	1	1377	1598	168	31	5.397148	Προσωπικά,
5	1	62	3	1	2	1559	1605	122	27	96.417015	πιστεύω,
5	1	62	3	1	3	1699	1607	58	28	93.257133	πώς
5	1	62	3	1	4	1775	1608	14	21	52.196957	ὅὃ
5	1	62	3	1	5	1800	1610	179	29	57.903862	τεχνολογιπός
5	1	62	3	1	6	1994	1611	66	23	91.133018	πολι-
4	1	62	3	2	0	1352	1635	707	41	-1	
5	1	62	3	2	1	1352	1635	94	28	68.443985	τισµός,
5	1	62	3	2	2	1464	1637	76	28	83.182968	αὐτός
5	1	62	3	2	3	1554	1640	57	21	83.444641	καθ)
5	1	62	3	2	4	1628	1640	99	29	68.567291	ἑαυτός,
5	1	62	3	2	5	1744	1643	64	22	95.525246	εἶναι
5	1	62	3	2	6	1824	1644	92	29	90.169456	ἀθῶος.
5	1	62	3	2	7	1937	1646	35	22	15.178070	'"Ἡ
5	1	62	3	2	8	1984	1647	75	29	88.311531	ἑνοχή
4	1	62	3	3	0	1352	1670	711	45	-1	
5	1	62	3	3	1	1352	1670	41	26	93.302689	γιά
5	1	62	3	3	2	1410	1670	45	23	91.379059	ὅλα
5	1	62	3	3	3	1471	1673	30	21	94.881836	τά
5	1	62	3	3	4	1514	1675	67	21	45.716721	κακά
5	1	62	3	3	5	1594	1676	125	29	71.350632	σύνδραμά
5	1	62	3	3	6	1734	1687	54	18	96.146591	του,
5	1	62	3	3	7	1804	1680	49	21	96.180992	πού
5	1	62	3	3	8	1869	1683	44	19	96.919037	τοῦ
5	1	62	3	3	9	1930	1679	133	36	1.830902	καταλογί-
4	1	62	3	4	0	1350	1705	708	38	-1	
5	1	62	3	4	1	1350	1705	59	25	87.343102	ξουν
5	1	62	3	4	2	1424	1706	23	22	92.239632	οἳ
5	1	62	3	4	3	1462	1708	135	29	92.969856	ἄνθρωποι,
5	1	62	3	4	4	1613	1711	65	22	96.893951	εἶναι
5	1	62	3	4	5	1690	1712	61	29	48.923111	δµιή
5	1	62	3	4	6	1766	1722	60	20	93.205399	τους
5	1	62	3	4	7	1841	1715	86	28	55.713234	ἑνοχή,
5	1	62	3	4	8	1940	1718	49	21	93.292061	πού
5	1	62	3	4	9	2000	1718	58	22	43.816391	ὃπο-
4	1	62	3	5	0	1350	1742	708	39	-1	
5	1	62	3	5	1	1350	1742	133	27	92.038490	συνείδητα
5	1	62	3	5	2	1498	1744	124	23	91.689293	ὠθοῦνται
5	1	62	3	5	3	1635	1748	32	21	96.948242	νά
5	1	62	3	5	4	1677	1748	32	27	95.817154	τή
5	1	62	3	5	5	1720	1749	180	30	92.807663	ξεφορτωθοῦν
5	1	62	3	5	6	1914	1753	45	21	94.940079	καί
5	1	62	3	5	7	1971	1754	30	27	93.286369	τή
5	1	62	3	5	8	2016	1763	42	13	85.398277	κα-
4	1	62	3	6	0	1430	1776	628	39	-1	
5	1	62	3	6	1	1430	1772	63	40	58.305679	ίζουν
5	1	62	3	6	2	1506	1772	44	40	74.732323	οτή
5	1	62	3	6	3	1562	1772	115	40	68.263565	περιότητα
5	1	62	3	6	4	1692	1785	45	22	96.831512	τοῦ
5	1	62	3	6	5	1746	1785	271	28	0.000000	πολιτισµο5..-:.-......
3	1	62	4	0	0	1606	1832	195	31	-1	
4	1	62	4	1	0	1606	1832	195	31	-1	
5	1	62	4	1	1	1606	1832	195	31	91.476112	(Συνεχίζεται)
2	1	63	0	0	0	1356	1885	378	14	-1	
3	1	63	1	0	0	1356	1885	378	14	-1	
4	1	63	1	1	0	1356	1885	378	14	-1	
5	1	63	1	1	1	1356	1885	378	14	20.510590	ο...
2	1	64	0	0	0	1527	1920	541	69	-1	
3	1	64	1	0	0	1527	1920	541	69	-1	
4	1	64	1	1	0	1527	1920	541	69	-1	
5	1	64	1	1	1	1527	1920	24	57	38.770645	Π
5	1	64	1	1	2	1572	1921	111	68	88.703552	ΛΙΠΣ
5	1	64	1	1	3	1706	1924	21	57	37.236359	ᾗ
5	1	64	1	1	4	1749	1925	128	59	21.136414	ΑΙΙΣ
5	1	64	1	1	5	2038	1928	30	56	0.000000	ι
2	1	65	0	0	0	1419	2021	568	33	-1	
3	1	65	1	0	0	1419	2021	568	33	-1	
4	1	65	1	1	0	1419	2021	568	33	-1	
5	1	65	1	1	1	1419	2021	87	23	87.725037	Τοῦκ.
5	1	65	1	1	2	1519	2024	262	26	72.906075	ΒΠΑΜΕΙΝΩΝΔΑ
5	1	65	1	1	3	1792	2030	195	24	88.029381	ΚΑΦΕΝΊΖΗ
2	1	66	0	0	0	1946	1797	46	8	-1	
3	1	66	1	0	0	1946	1797	46	8	-1	
4	1	66	1	1	0	1946	1797	46	8	-1	
5	1	66	1	1	1	1946	1797	46	8	95.000000	 
2	1	67	0	0	0	1735	1893	217	10	-1	
3	1	67	1	0	0	1735	1893	217	10	-1	
4	1	67	1	1	0	1735	1893	217	10	-1	
5	1	67	1	1	1	1735	1893	217	10	95.000000	 
2	1	68	0	0	0	1570	2004	263	7	-1	
3	1	68	1	0	0	1570	2004	263	7	-1	
4	1	68	1	1	0	1570	2004	263	7	-1	
5	1	68	1	1	1	1570	2004	263	7	95.000000	 
2	1	69	0	0	0	1340	2072	713	74	-1	
3	1	69	1	0	0	1340	2072	713	74	-1	
4	1	69	1	1	0	1366	2072	687	44	-1	
5	1	69	1	1	1	1366	2072	107	30	89.915771	Μεγάλη
5	1	69	1	1	2	1483	2076	44	21	70.310837	καί
5	1	69	1	1	3	1539	2077	93	28	91.771538	εὔπορη
5	1	69	1	1	4	1644	2080	63	27	93.398811	πόλη
5	1	69	1	1	5	1721	2082	49	26	90.948738	τῆς
5	1	69	1	1	6	1780	2082	165	32	92.220375	προδωρικῆς
5	1	69	1	1	7	1958	2086	95	30	91.630127	ἐποχῆς
4	1	69	1	2	0	1340	2108	711	38	-1	
5	1	69	1	2	1	1340	2108	120	29	69.822311	χτισμένη
5	1	69	1	2	2	1476	2111	45	28	91.782089	στή
5	1	69	1	2	3	1536	2112	155	31	81.981850	Βορειότερη.
5	1	69	1	2	4	1701	2116	65	28	88.563736	ἄκρη
5	1	69	1	2	5	1783	2119	44	20	92.260643	τοῦ
5	1	69	1	2	6	1840	2118	154	27	78.298630	Δακωνικοῦ
5	1	69	1	2	7	2009	2125	42	21	72.622375	κά-
2	1	70	0	0	0	1321	2146	730	41	-1	
3	1	70	1	0	0	1321	2146	730	41	-1	
4	1	70	1	1	0	1321	2146	730	41	-1	
5	1	70	1	1	1	1321	2164	3	2	28.806854	-.
5	1	70	1	1	2	1341	2151	78	19	72.100677	µατου
5	1	70	1	1	3	1438	2146	45	27	92.023643	στή
5	1	70	1	1	4	1504	2146	71	27	93.296150	δεξιά
5	1	70	1	1	5	1588	2148	64	29	92.814102	ὄχθη
5	1	70	1	1	6	1670	2153	43	20	93.298996	τοῦ
5	1	70	1	1	7	1726	2152	110	29	88.476822	Εὐρώτα
5	1	70	1	1	8	1853	2154	33	21	96.226852	σέ
5	1	70	1	1	9	1896	2160	77	27	35.832596	μωρή
5	1	70	1	1	10	1994	2160	57	23	50.505821	ἅπιό-
2	1	71	0	0	0	1336	2180	714	292	-1	
3	1	71	1	0	0	1336	2180	714	288	-1	
4	1	71	1	1	0	1342	2180	708	43	-1	
5	1	71	1	1	1	1342	2185	77	22	87.776611	σταση
5	1	71	1	1	2	1432	2180	49	22	96.718414	ἀπό
5	1	71	1	1	3	1496	2182	40	28	95.982101	τίς
5	1	71	1	1	4	1547	2184	84	28	96.082619	πηγές
5	1	71	1	1	5	1647	2194	54	19	93.088051	του,
5	1	71	1	1	6	1715	2188	45	26	89.185364	µιά
5	1	71	1	1	7	1774	2188	48	23	94.270737	ἀπό
5	1	71	1	1	8	1833	2190	39	27	93.228661	τίς
5	1	71	1	1	9	1887	2194	44	28	19.629097	ἔξη
5	1	71	1	1	10	1945	2196	105	27	46.227455	µεγαλύ-
4	1	71	1	2	0	1341	2216	708	42	-1	
5	1	71	1	2	1	1341	2222	73	20	93.005898	τερες
5	1	71	1	2	2	1432	2216	87	29	96.106331	πόλεις
5	1	71	1	2	3	1536	2220	47	26	96.197937	τῆς
5	1	71	1	2	4	1597	2220	147	30	83.675278	Δακωνίας.
5	1	71	1	2	5	1779	2224	106	29	86.374367	᾿Επειδή
5	1	71	1	2	6	1916	2230	133	28	89.554558	θρισκόταν
4	1	71	1	3	0	1340	2250	709	45	-1	
5	1	71	1	3	1	1340	2250	47	21	94.809044	στά
5	1	71	1	3	2	1402	2251	93	30	93.291870	σύνορα
5	1	71	1	3	3	1507	2254	140	30	26.868889	Πακωνίας
5	1	71	1	3	4	1660	2258	43	21	83.429070	καί
5	1	71	1	3	5	1715	2258	141	30	47.180180	"Αρκαδίας
5	1	71	1	3	6	1868	2265	24	21	93.084778	οἳ
5	1	71	1	3	7	1903	2266	110	29	92.256020	Δωριεῖς
5	1	71	1	3	8	2024	2268	25	21	82.260193	ὃ-
4	1	71	1	4	0	1338	2287	710	44	-1	
5	1	71	1	4	1	1338	2287	171	24	92.466736	ποπτεύονταν
5	1	71	1	4	2	1525	2290	38	22	93.270119	ὅτι
5	1	71	1	4	3	1578	2294	127	26	90.248077	μποροῦσε
5	1	71	1	4	4	1720	2295	31	22	96.917915	νά
5	1	71	1	4	5	1769	2297	157	28	35.715202	συμμαχήσει
5	1	71	1	4	6	1945	2302	31	27	85.881393	µέ
5	1	71	1	4	7	1989	2304	59	27	91.617134	τούς
4	1	71	1	5	0	1340	2322	709	45	-1	
5	1	71	1	5	1	1340	2322	127	30	50.797073	᾿Αρκάδες
5	1	71	1	5	2	1483	2326	44	22	94.662697	καί
5	1	71	1	5	3	1539	2326	46	29	95.657753	τήν
5	1	71	1	5	4	1604	2329	188	30	27.568909	πατάστρεψαν,
5	1	71	1	5	5	1810	2333	61	28	96.500542	τούς
5	1	71	1	5	6	1913	2338	136	29	94.142441	κατοίκους
4	1	71	1	6	0	1338	2360	711	41	-1	
5	1	71	1	6	1	1338	2366	47	21	87.148514	της
5	1	71	1	6	2	1393	2360	44	22	90.008217	δέν
5	1	71	1	6	3	1453	2362	61	28	93.273849	τούς
5	1	71	1	6	4	1528	2362	228	33	91.233322	ἐξανδραπόδησαν.
5	1	71	1	6	5	1774	2368	36	23	68.216431	“Ἡ
5	1	71	1	6	6	1823	2374	164	27	94.852798	καταστροφή
5	1	71	1	6	7	2001	2382	48	19	96.584206	της
4	1	71	1	7	0	1338	2394	709	43	-1	
5	1	71	1	7	1	1338	2394	67	29	28.945068	Έγινε
5	1	71	1	7	2	1420	2397	47	28	93.297104	τήν
5	1	71	1	7	3	1480	2398	79	29	84.280914	ἐποχή
5	1	71	1	7	4	1574	2401	49	22	93.219749	πού
5	1	71	1	7	5	1634	2402	13	21	85.570457	ὅ
5	1	71	1	7	6	1658	2402	152	31	81.878914	4υκοῦργος
5	1	71	1	7	7	1822	2405	80	30	92.624596	ἔκαμε
5	1	71	1	7	8	1915	2408	45	27	88.862579	στή
5	1	71	1	7	9	1975	2409	72	28	90.268486	Σπάρ
4	1	71	1	8	0	1336	2432	633	40	-1	
5	1	71	1	8	1	1336	2438	30	20	94.977005	τη
5	1	71	1	8	2	1379	2432	61	28	93.223160	τούς
5	1	71	1	8	3	1450	2434	193	31	34.691818	Δυκούργειους
5	1	71	1	8	4	1650	2434	117	38	28.226952	θεσμούς.
5	1	71	1	8	5	1967	2448	2	2	0.000000	'
2	1	72	0	0	0	1330	2484	715	320	-1	
3	1	72	1	0	0	1330	2484	715	320	-1	
4	1	72	1	1	0	1361	2484	684	43	-1	
5	1	72	1	1	1	1361	2484	35	22	71.817139	Ἡ
5	1	72	1	1	2	1406	2488	107	27	96.017426	περιοχή
5	1	72	1	1	3	1526	2497	49	20	93.029114	της
5	1	72	1	1	4	1585	2490	163	29	71.095329	ὄνομάζονται
5	1	72	1	1	5	1759	2494	113	29	82.799042	Αἰγῆτες
5	1	72	1	1	6	1883	2497	43	21	79.490623	καί
5	1	72	1	1	7	1940	2498	15	27	57.247562	ἡ
5	1	72	1	1	8	1968	2507	77	20	88.275467	πραγ-
4	1	72	1	2	0	1334	2521	711	40	-1	
5	1	72	1	2	1	1334	2521	91	28	75.537598	µατική
5	1	72	1	2	2	1443	2530	48	20	96.215797	της
5	1	72	1	2	3	1500	2524	61	28	93.230705	θέση
5	1	72	1	2	4	1578	2525	204	30	30.931595	ἀμφισθητεῖται.
5	1	72	1	2	5	1798	2530	113	29	24.700256	{Μερωκοί
5	1	72	1	2	6	1922	2533	47	28	93.419365	τήν
5	1	72	1	2	7	1985	2543	60	13	85.864731	τοσο
4	1	72	1	3	0	1334	2555	710	39	-1	
5	1	72	1	3	1	1334	2555	88	23	91.723557	θετοῦν
5	1	72	1	3	2	1436	2558	46	27	92.935760	στή
5	1	72	1	3	3	1501	2561	120	27	92.109802	σηµερινή
5	1	72	1	3	4	1636	2564	107	27	95.692215	περιοχή
5	1	72	1	3	5	1761	2568	44	19	96.533783	τοῦ
5	1	72	1	3	6	1822	2566	87	28	80.316833	Δήμου
5	1	72	1	3	7	1928	2569	116	22	34.665306	«δαλαιοί-
4	1	72	1	4	0	1334	2592	709	40	-1	
5	1	72	1	4	1	1334	2599	38	18	91.194580	ας.
5	1	72	1	4	2	1390	2592	91	23	71.643921	"Αλλοι
5	1	72	1	4	3	1495	2595	47	21	90.699913	στά
5	1	72	1	4	4	1556	2596	130	28	58.285019	ὑψώματα
5	1	72	1	4	5	1696	2601	43	20	96.938431	τοῦ
5	1	72	1	4	6	1756	2600	168	29	81.839928	Ῥορειότατου
5	1	72	1	4	7	1941	2607	44	25	93.023659	ροῦ
5	1	72	1	4	8	2000	2608	43	19	96.869896	τοῦ
4	1	72	1	5	0	1334	2626	710	41	-1	
5	1	72	1	5	1	1334	2626	115	27	89.114952	Εὐρώτα.
5	1	72	1	5	2	1467	2629	182	30	54.446404	᾿Εκτενέστερο
5	1	72	1	5	3	1664	2634	78	27	91.982666	ἄρθρο
5	1	72	1	5	4	1754	2637	58	26	96.931343	περί
5	1	72	1	5	5	1822	2638	48	26	96.955727	τῆς
5	1	72	1	5	6	1885	2638	97	29	96.619148	θέσεως
5	1	72	1	5	7	1997	2643	47	24	95.768654	τῆς
4	1	72	1	6	0	1331	2660	710	42	-1	
5	1	72	1	6	1	1331	2660	100	28	93.278366	πόλεως
5	1	72	1	6	2	1451	2663	93	27	88.456055	ὕστερα
5	1	72	1	6	3	1558	2665	47	22	96.064384	ἀπό
5	1	72	1	6	4	1624	2670	171	25	54.429741	μακροχρόνια
5	1	72	1	6	5	1813	2671	92	27	88.516533	ἔρευνα
5	1	72	1	6	6	1923	2674	42	21	88.436584	καί
5	1	72	1	6	7	1984	2683	57	19	89.732056	χαρ-
4	1	72	1	7	0	1332	2695	667	36	-1	
5	1	72	1	7	1	1332	2695	150	28	89.871712	τογράφηση
5	1	72	1	7	2	1494	2699	49	25	93.290863	τῆς
5	1	72	1	7	3	1549	2702	125	25	89.981262	περιοχῆς
5	1	72	1	7	4	1684	2702	182	29	37.237209	δημοσιεύτηκε
5	1	72	1	7	5	1878	2708	48	20	93.232254	στά
5	1	72	1	7	6	1938	2708	61	21	22.174019	«ΐα-
4	1	72	1	8	0	1332	2730	709	40	-1	
5	1	72	1	8	1	1332	2730	112	21	0.000000	κωνιρά»
5	1	72	1	8	2	1461	2731	89	31	80.921059	ἀπό
5	1	72	1	8	3	1521	2726	28	40	95.559364	τό
5	1	72	1	8	4	1564	2742	25	13	87.583214	κ.
5	1	72	1	8	5	1608	2735	30	21	91.431511	Σ.
5	1	72	1	8	6	1650	2736	143	30	63.413128	Καφεντξζῆ
5	1	72	1	8	7	1811	2739	134	28	69.158188	θασισµένο
5	1	72	1	8	8	1960	2742	30	21	93.233025	σέ
5	1	72	1	8	9	2001	2752	40	18	88.362396	µε-
4	1	72	1	9	0	1330	2764	713	40	-1	
5	1	72	1	9	1	1330	2764	60	27	34.616096	οικά
5	1	72	1	9	2	1407	2765	128	29	91.617287	εὑρήματα
5	1	72	1	9	3	1546	2769	46	21	0.000000	καί
5	1	72	1	9	4	1608	2771	46	21	96.727432	στά
5	1	72	1	9	5	1670	2774	144	27	54.396873	τοπωνύμια
5	1	72	1	9	6	1832	2776	122	28	91.716461	«κάστρο»
5	1	72	1	9	7	1998	2780	45	20	44.560699	καὲ
2	1	73	0	0	0	1320	2852	727	463	-1	
3	1	73	1	0	0	1320	2852	727	463	-1	
4	1	73	1	1	0	1354	2852	686	43	-1	
5	1	73	1	1	1	1354	2852	36	21	51.859875	Ἡ
5	1	73	1	1	2	1402	2853	76	29	90.423149	Αἷγις
5	1	73	1	1	3	1490	2855	134	28	90.484131	θρισκόταν
5	1	73	1	1	4	1638	2860	43	21	93.020355	οτό
5	1	73	1	1	5	1692	2860	75	29	91.871536	δρόµο
5	1	73	1	1	6	1781	2863	48	22	93.306206	πού
5	1	73	1	1	7	1842	2864	124	28	72.636307	ὁδηγοῦσε
5	1	73	1	1	8	1978	2862	62	33	94.682129	στήν
4	1	73	1	2	0	1330	2887	709	41	-1	
5	1	73	1	2	1	1330	2887	132	30	9.689697	Αρκαδία,
5	1	73	1	2	2	1478	2892	62	28	89.281425	οτήν
5	1	73	1	2	3	1550	2892	150	31	29.312317	Καρύσαινα
5	1	73	1	2	4	1714	2898	44	23	63.839462	καί
5	1	73	1	2	5	1769	2899	46	29	91.702591	στή
5	1	73	1	2	6	1829	2899	143	29	68.696182	Ἰεσσηνία.
5	1	73	1	2	7	1991	2902	48	22	4.969955	"Ε-
4	1	73	1	3	0	1326	2925	710	42	-1	
5	1	73	1	3	1	1326	2932	45	13	93.255234	ταν
5	1	73	1	3	2	1387	2925	15	26	69.566872	ἡ
5	1	73	1	3	3	1418	2926	63	28	95.354668	θέση
5	1	73	1	3	4	1492	2936	47	19	96.499748	της
5	1	73	1	3	5	1552	2933	140	27	94.294388	σηµαντική
5	1	73	1	3	6	1709	2934	48	21	93.677460	ἀπό
5	1	73	1	3	7	1770	2936	155	29	93.298599	στρατηγική
5	1	73	1	3	8	1940	2937	96	30	80.867859	ἄποψη.
4	1	73	1	4	0	1325	2958	712	47	-1	
5	1	73	1	4	1	1325	2958	42	22	17.690399	4
5	1	73	1	4	2	1380	2960	60	21	84.222832	αὐτό
5	1	73	1	4	3	1453	2962	15	27	64.216995	ᾗ
5	1	73	1	4	4	1480	2965	106	26	96.872612	περιοχή
5	1	73	1	4	5	1600	2974	48	20	93.302460	της
5	1	73	1	4	6	1659	2968	93	27	61.620644	σιομλλές
5	1	73	1	4	7	1766	2971	81	27	93.295059	φορές
5	1	73	1	4	8	1863	2972	91	29	91.825562	ἄλλαξε
5	1	73	1	4	9	1969	2977	68	28	0.000000	κυρί-
4	1	73	1	5	0	1328	2995	707	46	-1	
5	1	73	1	5	1	1328	3001	53	20	92.979790	ους.
5	1	73	1	5	2	1399	2995	6	10	83.457291	᾿
5	1	73	1	5	3	1407	2996	101	28	90.423042	Αρχικά
5	1	73	1	5	4	1525	2998	15	27	10.334885	ἢ
5	1	73	1	5	5	1554	3000	108	29	93.267853	περιοχή
5	1	73	1	5	6	1681	3002	80	28	31.510986	ἂνῆκε
5	1	73	1	5	7	1776	3006	76	27	93.276924	στούς
5	1	73	1	5	8	1868	3007	167	34	34.638710	ἈἉπαρτιᾶτες.
4	1	73	1	6	0	1326	3029	710	48	-1	
5	1	73	1	6	1	1326	3029	32	22	66.111084	Οἵ
5	1	73	1	6	2	1370	3030	107	28	25.378792	Θηθαῖοι
5	1	73	1	6	3	1487	3033	101	28	93.031784	ἔχτισαν
5	1	73	1	6	4	1601	3036	30	27	96.801056	τή
5	1	73	1	6	5	1642	3036	170	32	29.933075	Π{εγαΛόπολη.
5	1	73	1	6	6	1824	3042	43	21	68.589020	καί
5	1	73	1	6	7	1876	3047	49	27	13.092117	πῄν
5	1	73	1	6	8	1939	3050	97	27	92.021469	προσάρ
4	1	73	1	7	0	1324	3067	712	45	-1	
5	1	73	1	7	1	1324	3072	78	20	82.106087	τησαν
5	1	73	1	7	2	1420	3067	23	21	22.610306	σ)᾿
5	1	73	1	7	3	1464	3068	73	29	72.933304	αὐπή.
5	1	73	1	7	4	1558	3070	143	31	39.465538	Ὁλόκληρα
5	1	73	1	7	5	1715	3076	84	27	95.906960	χωριά
5	1	73	1	7	6	1829	3084	207	28	83.927101	μετακινήθηκαν
4	1	73	1	8	0	1322	3101	711	46	-1	
5	1	73	1	8	1	1322	3101	65	27	96.138817	πρός
5	1	73	1	8	2	1398	3102	30	27	93.268051	τή
5	1	73	1	8	3	1440	3103	45	22	78.559761	νέκ
5	1	73	1	8	4	1498	3105	72	28	95.579796	πολη.
5	1	73	1	8	5	1586	3106	79	28	96.223160	(870
5	1	73	1	8	6	1678	3110	89	29	83.351639	σ.Χ.).
5	1	73	1	8	7	1783	3112	54	21	92.830032	Στά
5	1	73	1	8	8	1853	3113	64	27	63.039536	93958
5	1	73	1	8	9	1932	3120	45	27	92.669922	τήν
5	1	73	1	8	10	1994	3121	39	25	77.549316	ἔα-
4	1	73	1	9	0	1322	3138	711	45	-1	
5	1	73	1	9	1	1322	3138	114	27	39.835190	ναπἤραν
5	1	73	1	9	2	1452	3139	23	22	92.937096	οἳ
5	1	73	1	9	3	1487	3140	168	31	79.053192	Σπαρτιάτες,
5	1	73	1	9	4	1671	3144	60	23	96.224945	ἀλλά
5	1	73	1	9	5	1743	3146	94	29	46.699009	ὥστερα
5	1	73	1	9	6	1852	3148	48	28	65.337143	ἀπιό
5	1	73	1	9	7	1912	3155	45	27	93.119827	τήν
5	1	73	1	9	8	1973	3154	60	29	59.975399	ἦττα
4	1	73	1	10	0	1322	3174	725	44	-1	
5	1	73	1	10	1	1322	3180	61	21	93.301094	τους
5	1	73	1	10	2	1392	3174	45	28	81.396988	στή
5	1	73	1	10	3	1451	3175	67	30	41.985054	μάχη
5	1	73	1	10	4	1528	3178	49	28	93.283821	τῆς
5	1	73	1	10	5	1588	3178	141	33	89.222382	Σελλασίας
5	1	73	1	10	6	1742	3182	48	27	53.968956	ἀπό
5	1	73	1	10	7	1801	3183	42	23	91.643852	τόν
5	1	73	1	10	8	1860	3184	7	10	73.451973	’
5	1	73	1	10	9	1869	3188	126	30	81.884415	Αντίγονο
5	1	73	1	10	10	2005	3193	27	20	72.424637	τό
5	1	73	1	10	11	2046	3204	1	3	72.424637	|
4	1	73	1	11	0	1323	3210	710	44	-1	
5	1	73	1	11	1	1323	3210	114	24	91.282829	Δώσωνα
5	1	73	1	11	2	1452	3215	193	30	95.855644	προσαρτήθηκε
5	1	73	1	11	3	1659	3218	61	23	95.615982	πάλι
5	1	73	1	11	4	1738	3220	47	29	90.297348	στή
5	1	73	1	11	5	1798	3220	179	34	28.616142	Μεγαλόπολη.
5	1	73	1	11	6	1998	3228	35	21	96.636711	Τε
4	1	73	1	12	0	1320	3246	711	43	-1	
5	1	73	1	12	1	1320	3246	59	23	75.538055	λικά
5	1	73	1	12	2	1390	3248	32	27	82.411240	µέ
5	1	73	1	12	3	1434	3250	48	27	96.157799	τήν
5	1	73	1	12	4	1494	3252	145	29	80.495117	κατάκτηση
5	1	73	1	12	5	1650	3256	51	21	96.532829	τῶν
5	1	73	1	12	6	1715	3256	126	32	91.679527	Ῥωμαίων
5	1	73	1	12	7	1851	3262	121	27	46.681767	περιῆλθε
5	1	73	1	12	8	1987	3264	44	21	91.097916	πά-
4	1	73	1	13	0	1320	3282	242	33	-1	
5	1	73	1	13	1	1320	3282	25	21	48.285736	Ἶι
5	1	73	1	13	2	1361	3284	61	27	83.819885	οπήν
5	1	73	1	13	3	1446	3286	116	29	47.173824	Σπάρτη..
2	1	74	0	0	0	1320	3330	710	75	-1	
3	1	74	1	0	0	1320	3330	710	75	-1	
4	1	74	1	1	0	1343	3330	687	49	-1	
5	1	74	1	1	1	1343	3330	68	34	88.463814	Στήν
5	1	74	1	1	2	1427	3340	107	28	96.751877	περιοχή
5	1	74	1	1	3	1554	3350	47	19	92.887009	της
5	1	74	1	1	4	1618	3342	145	29	11.435455	θρίσκονταὶ
5	1	74	1	1	5	1794	3347	93	28	92.444817	ἀρχαῖα
5	1	74	1	1	6	1915	3350	115	29	35.385918	μάρμαρα
4	1	74	1	2	0	1320	3371	290	34	-1	
5	1	74	1	2	1	1320	3371	45	28	92.650040	στή
5	1	74	1	2	2	1378	3372	60	29	93.295708	θέση
5	1	74	1	2	3	1450	3374	160	31	33.872108	«ἸἩἩάρμαρο».
2	1	75	0	0	0	2041	2422	19	981	-1	
3	1	75	1	0	0	2041	2422	19	981	-1	
4	1	75	1	1	0	2041	2422	19	981	-1	
5	1	75	1	1	1	2041	2422	19	981	95.000000	 
2	1	76	0	0	0	2089	295	11	110	-1	
3	1	76	1	0	0	2089	295	11	89	-1	
4	1	76	1	1	0	2089	295	11	20	-1	
5	1	76	1	1	1	2089	295	11	20	80.251007	1
4	1	76	1	2	0	2096	323	4	18	-1	
5	1	76	1	2	1	2096	323	4	18	7.529480	[
4	1	76	1	3	0	2096	352	3	32	-1	
5	1	76	1	3	1	2096	352	3	32	76.881218	|
2	1	77	0	0	0	2092	501	4	58	-1	
3	1	77	1	0	0	2092	501	4	58	-1	
4	1	77	1	1	0	2092	501	4	58	-1	
5	1	77	1	1	1	2092	501	4	58	84.351746	|
2	1	78	0	0	0	2068	1598	7	83	-1	
3	1	78	1	0	0	2068	1598	7	83	-1	
4	1	78	1	1	0	2068	1598	7	83	-1	
5	1	78	1	1	1	2068	1598	7	83	95.000000	 
2	1	79	0	0	0	2710	207	123	18	-1	
3	1	79	1	0	0	2710	207	123	18	-1	
4	1	79	1	1	0	2710	207	123	18	-1	
5	1	79	1	1	1	2710	207	71	18	92.686867	Σελίδα
5	1	79	1	1	2	2793	208	40	17	74.989326	ἃ--
2	1	80	0	0	0	2239	287	544	71	-1	
3	1	80	1	0	0	2239	287	544	71	-1	
4	1	80	1	1	0	2239	287	544	71	-1	
5	1	80	1	1	1	2239	287	544	71	14.376137	ΛΠΥβΙΡΙΚή
5	1	80	1	1	2	2528	283	68	80	0.000000	μπὶ
5	1	80	1	1	3	2615	283	107	80	86.110733	ἄλλα
5	1	80	1	1	4	2755	283	27	80	54.994930	|
2	1	81	0	0	0	2241	392	476	30	-1	
3	1	81	1	0	0	2241	392	476	30	-1	
4	1	81	1	1	0	2241	392	476	30	-1	
5	1	81	1	1	1	2241	392	86	23	60.695961	Ποῦμ.
5	1	81	1	1	2	2343	394	178	23	63.304390	4ΗΜΗΤΡΗ
5	1	81	1	1	3	2528	397	189	25	72.574997	ΚΑΛΛΙΑΝΗ
2	1	82	0	0	0	2154	235	668	17	-1	
3	1	82	1	0	0	2154	235	668	17	-1	
4	1	82	1	1	0	2154	235	668	17	-1	
5	1	82	1	1	1	2154	235	668	17	95.000000	 
2	1	83	0	0	0	2406	370	142	7	-1	
3	1	83	1	0	0	2406	370	142	7	-1	
4	1	83	1	1	0	2406	370	142	7	-1	
5	1	83	1	1	1	2406	370	142	7	95.000000	 
2	1	84	0	0	0	2106	462	731	653	-1	
3	1	84	1	0	0	2118	462	709	104	-1	
4	1	84	1	1	0	2150	462	677	40	-1	
5	1	84	1	1	1	2150	462	177	29	48.285263	--Θεωρεῖται
5	1	84	1	1	2	2340	468	150	25	33.823227	γρουσουξδιά
5	1	84	1	1	3	2507	468	23	21	38.005547	ν᾿
5	1	84	1	1	4	2548	469	117	30	37.830658	ἀλλάδεις
5	1	84	1	1	5	2679	472	46	28	96.672844	τήν
5	1	84	1	1	6	2740	474	87	28	96.085281	πόρτα.
4	1	84	1	2	0	2120	497	707	39	-1	
5	1	84	1	2	1	2120	497	65	22	60.561085	᾿Από
5	1	84	1	2	2	2199	499	46	27	96.817574	τήν
5	1	84	1	2	3	2260	500	51	22	96.897568	ἴδια
5	1	84	1	2	4	2328	502	80	27	96.797890	πόρτα
5	1	84	1	2	5	2422	503	49	21	96.253944	πού
5	1	84	1	2	6	2486	506	110	27	45.399151	μµπῆκες,
5	1	84	1	2	7	2633	507	52	22	93.833534	ἀπό
5	1	84	1	2	8	2692	508	47	28	88.807228	τήν
5	1	84	1	2	9	2777	510	50	22	47.992157	ᾖἴδια
4	1	84	1	3	0	2118	532	309	34	-1	
5	1	84	1	3	1	2118	532	115	30	92.593536	ὀφείλεις
5	1	84	1	3	2	2246	536	43	21	65.425461	καί
5	1	84	1	3	3	2300	537	31	21	93.276466	νά
5	1	84	1	3	4	2348	537	79	29	54.313198	Εγεῖς.
3	1	84	2	0	0	2115	581	710	128	-1	
4	1	84	2	1	0	2150	581	675	38	-1	
5	1	84	2	1	1	2150	581	104	22	0.000000	Βάλε
5	1	84	2	1	2	2269	584	80	26	37.695091	κόµπο
5	1	84	2	1	3	2366	586	61	27	93.297256	στήν
5	1	84	2	1	4	2444	586	85	22	91.685005	κλωνά
5	1	84	2	1	5	2545	595	54	20	95.697464	σου,
5	1	84	2	1	6	2616	590	34	27	78.380981	µή
5	1	84	2	1	7	2668	585	74	33	92.214890	χαθεῖ
5	1	84	2	1	8	2754	592	15	27	82.320641	ἡ
5	1	84	2	1	9	2787	593	38	21	85.713440	6ε-
4	1	84	2	2	0	2118	615	707	45	-1	
5	1	84	2	2	1	2118	615	70	22	56.904533	λονιά
5	1	84	2	2	2	2200	624	53	15	93.295090	σου.
5	1	84	2	2	3	2268	619	68	22	81.976479	Αὐτό
5	1	84	2	2	4	2346	622	113	26	87.456741	σηµαίνει
5	1	84	2	2	5	2474	622	46	27	96.498764	ὅτι,
5	1	84	2	2	6	2536	624	42	21	95.010361	δέν
5	1	84	2	2	7	2590	625	91	28	95.737236	πρέπει
5	1	84	2	2	8	2694	627	31	21	96.079315	νά
5	1	84	2	2	9	2739	624	86	36	96.553612	χάνεις
4	1	84	2	3	0	2118	651	707	40	-1	
5	1	84	2	3	1	2118	651	99	23	91.208908	ἄσκοπα
5	1	84	2	3	2	2230	654	28	21	96.667397	τό
5	1	84	2	3	3	2272	655	75	28	95.033356	χρόνο
5	1	84	2	3	4	2367	664	44	14	96.840775	σου
5	1	84	2	3	5	2430	658	43	21	95.318001	καί
5	1	84	2	3	6	2488	658	31	21	96.696564	νά
5	1	84	2	3	7	2536	659	161	30	83.950874	ξαναρχίδεις
5	1	84	2	3	8	2716	663	45	28	96.185379	τήν
5	1	84	2	3	9	2774	664	51	22	96.920067	ἴδια
4	1	84	2	4	0	2115	686	108	23	-1	
5	1	84	2	4	1	2115	686	108	23	96.329437	δουλειά.
3	1	84	3	0	0	2144	724	561	37	-1	
4	1	84	3	1	0	2144	724	561	37	-1	
5	1	84	3	1	1	2144	724	148	29	0.000000	--ἀΠακρυά
5	1	84	3	1	2	2305	726	15	28	58.358917	ἤ
5	1	84	3	1	3	2338	728	94	26	90.781967	κλωνά,
5	1	84	3	1	4	2450	730	104	27	67.722473	ξουρλός
5	1	84	3	1	5	2567	731	14	21	50.666656	ὅ
5	1	84	3	1	6	2595	732	110	29	94.088181	ράφτης.
3	1	84	4	0	0	2112	756	711	143	-1	
4	1	84	4	1	0	2147	756	676	43	-1	
5	1	84	4	1	1	2147	760	90	21	57.225552	--Τοῦ
5	1	84	4	1	2	2250	756	107	35	58.893890	τεμπέλη
5	1	84	4	1	3	2376	764	95	27	90.980110	ράφτη,
5	1	84	4	1	4	2489	765	16	27	23.123138	ᾗ
5	1	84	4	1	5	2522	766	111	29	89.963554	κλωστή.
5	1	84	4	1	6	2653	768	112	29	81.289963	᾿Αφήνει
5	1	84	4	1	7	2781	771	42	28	90.040520	δη-
4	1	84	4	2	0	2113	794	706	40	-1	
5	1	84	4	2	1	2113	794	72	28	61.302563	λαδή,
5	1	84	4	2	2	2197	798	101	26	27.132103	μακρυά
5	1	84	4	2	3	2308	798	47	27	96.382820	τήν
5	1	84	4	2	4	2368	800	101	27	93.278618	κλωστή
5	1	84	4	2	5	2483	801	44	21	28.596596	κὰί
5	1	84	4	2	6	2537	802	42	21	96.696030	δέν
5	1	84	4	2	7	2591	806	90	25	91.325897	μπορεῖ
5	1	84	4	2	8	2693	806	31	20	93.268257	νά
5	1	84	4	2	9	2732	806	87	28	87.864166	ράψει.
4	1	84	4	3	0	2113	829	708	38	-1	
5	1	84	4	3	1	2113	829	53	22	4.756851	Ἆαί
5	1	84	4	3	2	2178	832	55	27	93.300270	στίς
5	1	84	4	3	3	2242	835	69	26	83.451019	τρεῖς
5	1	84	4	3	4	2324	835	170	29	96.225266	περιπτώσεις
5	1	84	4	3	5	2508	836	204	31	92.158775	ἐλεεινολογεῖται
5	1	84	4	3	6	2725	841	14	22	62.091572	ὃ
5	1	84	4	3	7	2763	842	58	22	81.692078	ἄκα-
4	1	84	4	4	0	2112	866	360	33	-1	
5	1	84	4	4	1	2112	866	81	28	81.115463	µάτης
5	1	84	4	4	2	2209	868	102	29	93.298157	ράφτης
5	1	84	4	4	3	2324	870	16	27	92.374619	ἤ
5	1	84	4	4	4	2356	871	116	28	83.983505	ἐργάτης.
3	1	84	5	0	0	2109	902	728	65	-1	
4	1	84	5	1	0	2138	902	679	44	-1	
5	1	84	5	1	1	2138	911	23	3	70.010208	--
5	1	84	5	1	2	2174	902	50	21	93.294052	Τόν
5	1	84	5	1	3	2233	904	104	22	91.785027	ἔπιασαν
5	1	84	5	1	4	2352	907	46	20	96.504539	στά
5	1	84	5	1	5	2409	908	84	30	93.291832	πράσα
5	1	84	5	1	6	2506	922	7	3	92.143585	-
5	1	84	5	1	7	2526	910	31	31	96.921310	τά
5	1	84	5	1	8	2567	911	88	31	82.249008	πράσα
5	1	84	5	1	9	2664	912	66	32	96.699066	εἶναι
5	1	84	5	1	10	2740	921	77	25	64.743011	χαμη-
4	1	84	5	2	0	2109	935	728	32	-1	
5	1	84	5	2	1	2109	935	30	20	47.741241	Λά
5	1	84	5	2	2	2153	936	35	20	88.482742	κι’
5	1	84	5	2	3	2201	937	14	20	75.618782	ὃ
5	1	84	5	2	4	2226	938	115	27	93.301140	κλέφτης
5	1	84	5	2	5	2351	942	203	25	29.241226	παρουσιάξεται.
5	1	84	5	2	6	2834	947	3	1	0.000000	ι
3	1	84	6	0	0	2106	970	712	145	-1	
4	1	84	6	1	0	2138	970	680	39	-1	
5	1	84	6	1	1	2138	970	88	29	49.903137	--ρέ
5	1	84	6	1	2	2236	972	87	29	64.486618	(λένε)
5	1	84	6	1	3	2340	976	75	21	61.068211	κουκί
5	1	84	6	1	4	2428	975	62	28	96.606842	ἦταν
5	1	84	6	1	5	2503	977	35	20	92.749268	κι’
5	1	84	6	1	6	2553	978	102	22	90.355438	ἔσκασε.
5	1	84	6	1	7	2670	980	148	29	91.207596	Φανερώθη-
4	1	84	6	2	0	2109	1006	707	36	-1	
5	1	84	6	2	1	2109	1013	31	13	22.796944	κε
5	1	84	6	2	2	2150	1006	105	29	82.219681	δηλαδή,
5	1	84	6	2	3	2272	1008	101	29	90.631958	ἀμέσως
5	1	84	6	2	4	2384	1011	13	21	52.074173	ὃ
5	1	84	6	2	5	2410	1012	95	27	93.297874	σκοπός
5	1	84	6	2	6	2516	1012	15	28	87.842743	ἤ
5	1	84	6	2	7	2545	1013	14	21	75.238274	ὃ
5	1	84	6	2	8	2571	1014	84	27	96.668968	λόγος,
5	1	84	6	2	9	2666	1015	15	27	64.354233	ἡ
5	1	84	6	2	10	2696	1016	67	22	78.247032	αἰτία
5	1	84	6	2	11	2774	1018	42	21	70.877144	καὶ
4	1	84	6	3	0	2110	1041	706	38	-1	
5	1	84	6	3	1	2110	1041	26	21	32.280472	Σό
5	1	84	6	3	2	2148	1042	163	29	84.381302	ἀποτέλεσμα.
5	1	84	6	3	3	2333	1046	96	28	3.341751	Ακόμη
5	1	84	6	3	4	2443	1048	28	21	96.539589	τό
5	1	84	6	3	5	2490	1048	57	21	72.356674	λένε
5	1	84	6	3	6	2568	1049	60	22	92.234489	αὐτό
5	1	84	6	3	7	2645	1051	44	21	0.787491	καί
5	1	84	6	3	8	2707	1052	42	27	95.344315	γιά
5	1	84	6	3	9	2786	1054	30	21	94.055962	τά
4	1	84	6	4	0	2106	1077	707	38	-1	
5	1	84	6	4	1	2106	1077	95	27	96.533844	παιδιά,
5	1	84	6	4	2	2215	1080	48	20	68.888367	σού
5	1	84	6	4	3	2274	1081	118	26	80.560722	µοιάξουν
5	1	84	6	4	4	2402	1084	45	19	96.935829	τοῦ
5	1	84	6	4	5	2460	1084	95	27	93.296394	πατέρα
5	1	84	6	4	6	2566	1084	17	28	91.277084	ἤ
5	1	84	6	4	7	2596	1087	48	26	93.302971	τῆς
5	1	84	6	4	8	2655	1086	81	28	18.993797	µάνας
5	1	84	6	4	9	2745	1096	68	19	18.993797	τους.
2	1	85	0	0	0	2332	1129	64	7	-1	
3	1	85	1	0	0	2332	1129	64	7	-1	
4	1	85	1	1	0	2332	1129	64	7	-1	
5	1	85	1	1	1	2332	1129	64	7	95.000000	 
2	1	86	0	0	0	2397	1130	196	7	-1	
3	1	86	1	0	0	2397	1130	196	7	-1	
4	1	86	1	1	0	2397	1130	196	7	-1	
5	1	86	1	1	1	2397	1130	196	7	95.000000	 
2	1	87	0	0	0	2099	1148	716	322	-1	
3	1	87	1	0	0	2099	1148	716	322	-1	
4	1	87	1	1	0	2135	1148	680	37	-1	
5	1	87	1	1	1	2135	1148	70	23	46.661167	--Ὁ
5	1	87	1	1	2	2216	1151	110	28	37.231461	μεγάλος
5	1	87	1	1	3	2344	1153	147	28	70.385551	ζωγράφος,
5	1	87	1	1	4	2508	1156	142	28	70.136337	µακαρίτης
5	1	87	1	1	5	2664	1158	77	27	93.236183	τώρα,
5	1	87	1	1	6	2760	1159	55	22	87.034142	Φώ-
4	1	87	1	2	0	2106	1185	706	37	-1	
5	1	87	1	2	1	2106	1192	47	19	96.301056	της
5	1	87	1	2	2	2164	1185	153	29	96.046265	Κόντογλου,
5	1	87	1	2	3	2332	1189	50	21	96.138840	πού
5	1	87	1	2	4	2398	1189	58	22	93.299454	τόσο
5	1	87	1	2	5	2470	1190	115	29	90.031700	ἀγάπησε
5	1	87	1	2	6	2598	1192	46	28	96.911072	τήν
5	1	87	1	2	7	2681	1194	131	28	67.938095	Δακωνία,
4	1	87	1	3	0	2104	1220	709	39	-1	
5	1	87	1	3	1	2104	1220	43	22	92.924377	τόν
5	1	87	1	3	2	2163	1221	108	30	0.000000	ἸἩυστρᾶ
5	1	87	1	3	3	2283	1224	43	21	96.036690	καί
5	1	87	1	3	4	2340	1224	40	29	71.828842	τίς
5	1	87	1	3	5	2396	1225	75	28	91.874496	ἄλλες
5	1	87	1	3	6	2486	1226	148	30	81.729782	θυδαντινές
5	1	87	1	3	7	2648	1238	50	19	93.244614	µας
5	1	87	1	3	8	2715	1230	98	29	90.050049	ἀρχαιό-
4	1	87	1	4	0	2105	1259	707	37	-1	
5	1	87	1	4	1	2105	1264	83	21	29.135315	τητες,
5	1	87	1	4	2	2208	1259	150	29	85.520714	ξωγράφισε
5	1	87	1	4	3	2374	1262	23	21	91.091812	σ’
5	1	87	1	4	4	2420	1262	45	22	93.770912	ἕνα
5	1	87	1	4	5	2482	1263	115	29	38.240219	πέρασμά
5	1	87	1	4	6	2613	1274	53	19	95.537102	του,
5	1	87	1	4	7	2688	1267	43	22	92.251411	στό
5	1	87	1	4	8	2748	1268	64	28	60.274281	4ογ-
4	1	87	1	5	0	2104	1294	707	35	-1	
5	1	87	1	5	1	2104	1294	97	27	90.293411	γανίκο,
5	1	87	1	5	2	2214	1296	41	21	93.283783	τόν
5	1	87	1	5	3	2272	1296	78	23	76.214722	᾿Ἠλία
5	1	87	1	5	4	2362	1298	116	28	68.182739	Δημάκη,
5	1	87	1	5	5	2496	1300	63	21	91.632843	ἐτῶν
5	1	87	1	5	6	2575	1301	40	22	48.499256	7δ8
5	1	87	1	5	7	2628	1302	67	27	93.290222	πότε,
5	1	87	1	5	8	2714	1304	44	21	59.582859	καΐ
5	1	87	1	5	9	2770	1305	41	21	96.591202	τόν
4	1	87	1	6	0	2103	1328	707	39	-1	
5	1	87	1	6	1	2103	1328	94	23	89.861313	Πόντιο
5	1	87	1	6	2	2210	1331	116	29	92.237198	οἰκονόμο
5	1	87	1	6	3	2339	1346	7	4	93.075706	-
5	1	87	1	6	4	2362	1334	79	27	47.751892	ἱερέα,
5	1	87	1	6	5	2456	1335	156	30	62.001297	Παναγιώτη
5	1	87	1	6	6	2626	1338	184	29	80.945175	Κοντσουλίδη,
4	1	87	1	7	0	2103	1364	708	39	-1	
5	1	87	1	7	1	2103	1364	122	30	84.321342	ἐφημέριο
5	1	87	1	7	2	2240	1368	42	21	78.574348	στό
5	1	87	1	7	3	2294	1368	149	29	90.539703	Καστόρειο.
5	1	87	1	7	4	2461	1370	100	23	0.000000	Έκανε
5	1	87	1	7	5	2571	1372	80	29	40.997948	ἀκόμη
5	1	87	1	7	6	2665	1375	43	21	94.568207	καί
5	1	87	1	7	7	2720	1375	91	28	96.122589	πολλές
4	1	87	1	8	0	2100	1403	709	35	-1	
5	1	87	1	8	1	2100	1403	159	27	96.610558	περιγραφές
5	1	87	1	8	2	2276	1405	51	20	96.966690	τῶν
5	1	87	1	8	3	2341	1405	83	22	96.859779	τόπων
5	1	87	1	8	4	2440	1406	44	21	95.768661	καί
5	1	87	1	8	5	2498	1408	53	21	93.300270	τῶν
5	1	87	1	8	6	2565	1408	55	27	45.871105	6έυδ.
5	1	87	1	8	7	2636	1409	173	29	89.129425	ἀρχαιοτήτων
4	1	87	1	9	0	2099	1438	522	32	-1	
5	1	87	1	9	1	2099	1444	56	20	84.847359	µας.
5	1	87	1	9	2	2176	1438	52	27	52.785591	”Ας
5	1	87	1	9	3	2242	1439	64	22	93.299133	εἶναι
5	1	87	1	9	4	2322	1441	89	22	90.012276	αἰώνια
5	1	87	1	9	5	2422	1441	15	28	65.860611	ἡ
5	1	87	1	9	6	2452	1442	94	28	13.121834	Μνήμη
5	1	87	1	9	7	2562	1445	59	21	34.882904	του!
2	1	88	0	0	0	2323	1492	266	25	-1	
3	1	88	1	0	0	2323	1492	266	25	-1	
4	1	88	1	1	0	2323	1492	266	25	-1	
5	1	88	1	1	1	2323	1492	30	22	87.780258	Δ.
5	1	88	1	1	2	2377	1493	63	22	0.000000	ΚΑ
5	1	88	1	1	3	2458	1488	131	39	0.000000	4ΛΙΑΝΗΣ
2	1	89	0	0	0	2104	1547	253	13	-1	
3	1	89	1	0	0	2104	1547	253	13	-1	
4	1	89	1	1	0	2104	1547	253	13	-1	
5	1	89	1	1	1	2104	1548	27	6	19.853088	--
5	1	89	1	1	2	2341	1547	16	13	61.036263	ας
2	1	90	0	0	0	2128	1575	642	62	-1	
3	1	90	1	0	0	2128	1575	642	62	-1	
4	1	90	1	1	0	2128	1575	642	62	-1	
5	1	90	1	1	1	2128	1575	291	48	74.150223	Ξενοδοχεῖο
5	1	90	1	1	2	2452	1584	318	53	63.010708	ΡΓεωργιτσίου
2	1	91	0	0	0	2145	1550	651	12	-1	
3	1	91	1	0	0	2145	1550	651	12	-1	
4	1	91	1	1	0	2145	1550	651	12	-1	
5	1	91	1	1	1	2145	1550	651	12	95.000000	 
2	1	92	0	0	0	2378	1696	26	1	-1	
3	1	92	1	0	0	2378	1696	26	1	-1	
4	1	92	1	1	0	2378	1696	26	1	-1	
5	1	92	1	1	1	2378	1696	26	1	95.000000	 
2	1	93	0	0	0	2377	1710	27	1	-1	
3	1	93	1	0	0	2377	1710	27	1	-1	
4	1	93	1	1	0	2377	1710	27	1	-1	
5	1	93	1	1	1	2377	1710	27	1	95.000000	 
2	1	94	0	0	0	2377	1712	29	2	-1	
3	1	94	1	0	0	2377	1712	29	2	-1	
4	1	94	1	1	0	2377	1712	29	2	-1	
5	1	94	1	1	1	2377	1712	29	2	95.000000	 
2	1	95	0	0	0	2382	1712	24	4	-1	
3	1	95	1	0	0	2382	1712	24	4	-1	
4	1	95	1	1	0	2382	1712	24	4	-1	
5	1	95	1	1	1	2382	1712	24	4	95.000000	 
2	1	96	0	0	0	2382	1715	24	1	-1	
3	1	96	1	0	0	2382	1715	24	1	-1	
4	1	96	1	1	0	2382	1715	24	1	-1	
5	1	96	1	1	1	2382	1715	24	1	95.000000	 
2	1	97	0	0	0	2373	1720	33	1	-1	
3	1	97	1	0	0	2373	1720	33	1	-1	
4	1	97	1	1	0	2373	1720	33	1	-1	
5	1	97	1	1	1	2373	1720	33	1	95.000000	 
2	1	98	0	0	0	2373	1720	33	3	-1	
3	1	98	1	0	0	2373	1720	33	3	-1	
4	1	98	1	1	0	2373	1720	33	3	-1	
5	1	98	1	1	1	2373	1720	33	3	95.000000	 
2	1	99	0	0	0	2358	1724	33	1	-1	
3	1	99	1	0	0	2358	1724	33	1	-1	
4	1	99	1	1	0	2358	1724	33	1	-1	
5	1	99	1	1	1	2358	1724	33	1	95.000000	 
2	1	100	0	0	0	2363	1731	41	2	-1	
3	1	100	1	0	0	2363	1731	41	2	-1	
4	1	100	1	1	0	2363	1731	41	2	-1	
5	1	100	1	1	1	2363	1731	41	2	95.000000	 
2	1	101	0	0	0	2363	1729	47	7	-1	
3	1	101	1	0	0	2363	1729	47	7	-1	
4	1	101	1	1	0	2363	1729	47	7	-1	
5	1	101	1	1	1	2363	1729	47	7	95.000000	 
2	1	102	0	0	0	2363	1730	47	5	-1	
3	1	102	1	0	0	2363	1730	47	5	-1	
4	1	102	1	1	0	2363	1730	47	5	-1	
5	1	102	1	1	1	2363	1730	47	5	95.000000	 
2	1	103	0	0	0	2375	1736	35	1	-1	
3	1	103	1	0	0	2375	1736	35	1	-1	
4	1	103	1	1	0	2375	1736	35	1	-1	
5	1	103	1	1	1	2375	1736	35	1	95.000000	 
2	1	104	0	0	0	2376	1736	34	3	-1	
3	1	104	1	0	0	2376	1736	34	3	-1	
4	1	104	1	1	0	2376	1736	34	3	-1	
5	1	104	1	1	1	2376	1736	34	3	95.000000	 
2	1	105	0	0	0	2492	1744	17	1	-1	
3	1	105	1	0	0	2492	1744	17	1	-1	
4	1	105	1	1	0	2492	1744	17	1	-1	
5	1	105	1	1	1	2492	1744	17	1	95.000000	 
2	1	106	0	0	0	2492	1744	17	3	-1	
3	1	106	1	0	0	2492	1744	17	3	-1	
4	1	106	1	1	0	2492	1744	17	3	-1	
5	1	106	1	1	1	2492	1744	17	3	95.000000	 
2	1	107	0	0	0	2489	1745	18	3	-1	
3	1	107	1	0	0	2489	1745	18	3	-1	
4	1	107	1	1	0	2489	1745	18	3	-1	
5	1	107	1	1	1	2489	1745	18	3	95.000000	 
2	1	108	0	0	0	2489	1748	18	1	-1	
3	1	108	1	0	0	2489	1748	18	1	-1	
4	1	108	1	1	0	2489	1748	18	1	-1	
5	1	108	1	1	1	2489	1748	18	1	95.000000	 
2	1	109	0	0	0	2373	1752	139	5	-1	
3	1	109	1	0	0	2373	1752	139	5	-1	
4	1	109	1	1	0	2373	1752	139	5	-1	
5	1	109	1	1	1	2373	1752	139	5	95.000000	 
2	1	110	0	0	0	2392	1753	120	2	-1	
3	1	110	1	0	0	2392	1753	120	2	-1	
4	1	110	1	1	0	2392	1753	120	2	-1	
5	1	110	1	1	1	2392	1753	120	2	95.000000	 
2	1	111	0	0	0	2092	1751	37	3	-1	
3	1	111	1	0	0	2092	1751	37	3	-1	
4	1	111	1	1	0	2092	1751	37	3	-1	
5	1	111	1	1	1	2092	1751	37	3	95.000000	 
2	1	112	0	0	0	2392	1755	120	2	-1	
3	1	112	1	0	0	2392	1755	120	2	-1	
4	1	112	1	1	0	2392	1755	120	2	-1	
5	1	112	1	1	1	2392	1755	120	2	95.000000	 
2	1	113	0	0	0	2392	1755	120	2	-1	
3	1	113	1	0	0	2392	1755	120	2	-1	
4	1	113	1	1	0	2392	1755	120	2	-1	
5	1	113	1	1	1	2392	1755	120	2	95.000000	 
2	1	114	0	0	0	2092	1754	24	1	-1	
3	1	114	1	0	0	2092	1754	24	1	-1	
4	1	114	1	1	0	2092	1754	24	1	-1	
5	1	114	1	1	1	2092	1754	24	1	95.000000	 
2	1	115	0	0	0	2391	1757	121	3	-1	
3	1	115	1	0	0	2391	1757	121	3	-1	
4	1	115	1	1	0	2391	1757	121	3	-1	
5	1	115	1	1	1	2391	1757	121	3	95.000000	 
2	1	116	0	0	0	2391	1757	114	5	-1	
3	1	116	1	0	0	2391	1757	114	5	-1	
4	1	116	1	1	0	2391	1757	114	5	-1	
5	1	116	1	1	1	2391	1757	114	5	95.000000	 
2	1	117	0	0	0	2381	1759	124	3	-1	
3	1	117	1	0	0	2381	1759	124	3	-1	
4	1	117	1	1	0	2381	1759	124	3	-1	
5	1	117	1	1	1	2381	1759	124	3	95.000000	 
2	1	118	0	0	0	2391	1758	114	4	-1	
3	1	118	1	0	0	2391	1758	114	4	-1	
4	1	118	1	1	0	2391	1758	114	4	-1	
5	1	118	1	1	1	2391	1758	114	4	95.000000	 
2	1	119	0	0	0	2386	1707	4	78	-1	
3	1	119	1	0	0	2386	1707	4	78	-1	
4	1	119	1	1	0	2386	1707	4	78	-1	
5	1	119	1	1	1	2386	1707	4	78	95.000000	 
2	1	120	0	0	0	2138	1742	1	18	-1	
3	1	120	1	0	0	2138	1742	1	18	-1	
4	1	120	1	1	0	2138	1742	1	18	-1	
5	1	120	1	1	1	2138	1742	1	18	95.000000	 
2	1	121	0	0	0	2378	1761	127	3	-1	
3	1	121	1	0	0	2378	1761	127	3	-1	
4	1	121	1	1	0	2378	1761	127	3	-1	
5	1	121	1	1	1	2378	1761	127	3	95.000000	 
2	1	122	0	0	0	2090	1759	80	2	-1	
3	1	122	1	0	0	2090	1759	80	2	-1	
4	1	122	1	1	0	2090	1759	80	2	-1	
5	1	122	1	1	1	2090	1759	80	2	95.000000	 
2	1	123	0	0	0	2090	1760	80	4	-1	
3	1	123	1	0	0	2090	1760	80	4	-1	
4	1	123	1	1	0	2090	1760	80	4	-1	
5	1	123	1	1	1	2090	1760	80	4	95.000000	 
2	1	124	0	0	0	2090	1761	80	2	-1	
3	1	124	1	0	0	2090	1761	80	2	-1	
4	1	124	1	1	0	2090	1761	80	2	-1	
5	1	124	1	1	1	2090	1761	80	2	95.000000	 
2	1	125	0	0	0	2386	1764	126	5	-1	
3	1	125	1	0	0	2386	1764	126	5	-1	
4	1	125	1	1	0	2386	1764	126	5	-1	
5	1	125	1	1	1	2386	1764	126	5	95.000000	 
2	1	126	0	0	0	2368	1767	146	2	-1	
3	1	126	1	0	0	2368	1767	146	2	-1	
4	1	126	1	1	0	2368	1767	146	2	-1	
5	1	126	1	1	1	2368	1767	146	2	95.000000	 
2	1	127	0	0	0	2129	1757	3	17	-1	
3	1	127	1	0	0	2129	1757	3	17	-1	
4	1	127	1	1	0	2129	1757	3	17	-1	
5	1	127	1	1	1	2129	1757	3	17	95.000000	 
2	1	128	0	0	0	2385	1766	130	6	-1	
3	1	128	1	0	0	2385	1766	130	6	-1	
4	1	128	1	1	0	2385	1766	130	6	-1	
5	1	128	1	1	1	2385	1766	130	6	95.000000	 
2	1	129	0	0	0	2386	1767	129	4	-1	
3	1	129	1	0	0	2386	1767	129	4	-1	
4	1	129	1	1	0	2386	1767	129	4	-1	
5	1	129	1	1	1	2386	1767	129	4	95.000000	 
2	1	130	0	0	0	2090	1766	48	3	-1	
3	1	130	1	0	0	2090	1766	48	3	-1	
4	1	130	1	1	0	2090	1766	48	3	-1	
5	1	130	1	1	1	2090	1766	48	3	95.000000	 
2	1	131	0	0	0	2091	1756	4	23	-1	
3	1	131	1	0	0	2091	1756	4	23	-1	
4	1	131	1	1	0	2091	1756	4	23	-1	
5	1	131	1	1	1	2091	1756	4	23	95.000000	 
2	1	132	0	0	0	2377	1771	137	3	-1	
3	1	132	1	0	0	2377	1771	137	3	-1	
4	1	132	1	1	0	2377	1771	137	3	-1	
5	1	132	1	1	1	2377	1771	137	3	95.000000	 
2	1	133	0	0	0	2090	1770	20	1	-1	
3	1	133	1	0	0	2090	1770	20	1	-1	
4	1	133	1	1	0	2090	1770	20	1	-1	
5	1	133	1	1	1	2090	1770	20	1	95.000000	 
2	1	134	0	0	0	2377	1771	132	8	-1	
3	1	134	1	0	0	2377	1771	132	8	-1	
4	1	134	1	1	0	2377	1771	132	8	-1	
5	1	134	1	1	1	2377	1771	132	8	95.000000	 
2	1	135	0	0	0	2377	1772	139	6	-1	
3	1	135	1	0	0	2377	1772	139	6	-1	
4	1	135	1	1	0	2377	1772	139	6	-1	
5	1	135	1	1	1	2377	1772	139	6	95.000000	 
2	1	136	0	0	0	2370	1775	139	3	-1	
3	1	136	1	0	0	2370	1775	139	3	-1	
4	1	136	1	1	0	2370	1775	139	3	-1	
5	1	136	1	1	1	2370	1775	139	3	95.000000	 
2	1	137	0	0	0	2090	1773	96	4	-1	
3	1	137	1	0	0	2090	1773	96	4	-1	
4	1	137	1	1	0	2090	1773	96	4	-1	
5	1	137	1	1	1	2090	1773	96	4	95.000000	 
2	1	138	0	0	0	2370	1776	140	5	-1	
3	1	138	1	0	0	2370	1776	140	5	-1	
4	1	138	1	1	0	2370	1776	140	5	-1	
5	1	138	1	1	1	2370	1776	140	5	95.000000	 
2	1	139	0	0	0	2370	1775	139	8	-1	
3	1	139	1	0	0	2370	1775	139	8	-1	
4	1	139	1	1	0	2370	1775	139	8	-1	
5	1	139	1	1	1	2370	1775	139	8	95.000000	 
2	1	140	0	0	0	2091	1775	95	5	-1	
3	1	140	1	0	0	2091	1775	95	5	-1	
4	1	140	1	1	0	2091	1775	95	5	-1	
5	1	140	1	1	1	2091	1775	95	5	95.000000	 
2	1	141	0	0	0	2092	1774	94	6	-1	
3	1	141	1	0	0	2092	1774	94	6	-1	
4	1	141	1	1	0	2092	1774	94	6	-1	
5	1	141	1	1	1	2092	1774	94	6	95.000000	 
2	1	142	0	0	0	2359	1779	151	2	-1	
3	1	142	1	0	0	2359	1779	151	2	-1	
4	1	142	1	1	0	2359	1779	151	2	-1	
5	1	142	1	1	1	2359	1779	151	2	95.000000	 
2	1	143	0	0	0	2368	1778	142	4	-1	
3	1	143	1	0	0	2368	1778	142	4	-1	
4	1	143	1	1	0	2368	1778	142	4	-1	
5	1	143	1	1	1	2368	1778	142	4	95.000000	 
2	1	144	0	0	0	2092	1780	40	1	-1	
3	1	144	1	0	0	2092	1780	40	1	-1	
4	1	144	1	1	0	2092	1780	40	1	-1	
5	1	144	1	1	1	2092	1780	40	1	95.000000	 
2	1	145	0	0	0	2379	1783	123	3	-1	
3	1	145	1	0	0	2379	1783	123	3	-1	
4	1	145	1	1	0	2379	1783	123	3	-1	
5	1	145	1	1	1	2379	1783	123	3	95.000000	 
2	1	146	0	0	0	2379	1694	6	96	-1	
3	1	146	1	0	0	2379	1694	6	96	-1	
4	1	146	1	1	0	2379	1694	6	96	-1	
5	1	146	1	1	1	2379	1694	6	96	95.000000	 
2	1	147	0	0	0	2094	1750	3	44	-1	
3	1	147	1	0	0	2094	1750	3	44	-1	
4	1	147	1	1	0	2094	1750	3	44	-1	
5	1	147	1	1	1	2094	1750	3	44	95.000000	 
2	1	148	0	0	0	2145	1756	5	49	-1	
3	1	148	1	0	0	2145	1756	5	49	-1	
4	1	148	1	1	0	2145	1756	5	49	-1	
5	1	148	1	1	1	2145	1756	5	49	95.000000	 
2	1	149	0	0	0	2092	1782	51	2	-1	
3	1	149	1	0	0	2092	1782	51	2	-1	
4	1	149	1	1	0	2092	1782	51	2	-1	
5	1	149	1	1	1	2092	1782	51	2	95.000000	 
2	1	150	0	0	0	2385	1785	117	3	-1	
3	1	150	1	0	0	2385	1785	117	3	-1	
4	1	150	1	1	0	2385	1785	117	3	-1	
5	1	150	1	1	1	2385	1785	117	3	95.000000	 
2	1	151	0	0	0	2385	1785	117	5	-1	
3	1	151	1	0	0	2385	1785	117	5	-1	
4	1	151	1	1	0	2385	1785	117	5	-1	
5	1	151	1	1	1	2385	1785	117	5	95.000000	 
2	1	152	0	0	0	2397	1783	105	8	-1	
3	1	152	1	0	0	2397	1783	105	8	-1	
4	1	152	1	1	0	2397	1783	105	8	-1	
5	1	152	1	1	1	2397	1783	105	8	95.000000	 
2	1	153	0	0	0	2116	1784	32	4	-1	
3	1	153	1	0	0	2116	1784	32	4	-1	
4	1	153	1	1	0	2116	1784	32	4	-1	
5	1	153	1	1	1	2116	1784	32	4	95.000000	 
2	1	154	0	0	0	2397	1788	121	5	-1	
3	1	154	1	0	0	2397	1788	121	5	-1	
4	1	154	1	1	0	2397	1788	121	5	-1	
5	1	154	1	1	1	2397	1788	121	5	95.000000	 
2	1	155	0	0	0	2114	1788	27	1	-1	
3	1	155	1	0	0	2114	1788	27	1	-1	
4	1	155	1	1	0	2114	1788	27	1	-1	
5	1	155	1	1	1	2114	1788	27	1	95.000000	 
2	1	156	0	0	0	2137	1789	18	3	-1	
3	1	156	1	0	0	2137	1789	18	3	-1	
4	1	156	1	1	0	2137	1789	18	3	-1	
5	1	156	1	1	1	2137	1789	18	3	95.000000	 
2	1	157	0	0	0	2387	1791	117	5	-1	
3	1	157	1	0	0	2387	1791	117	5	-1	
4	1	157	1	1	0	2387	1791	117	5	-1	
5	1	157	1	1	1	2387	1791	117	5	95.000000	 
2	1	158	0	0	0	2394	1790	110	6	-1	
3	1	158	1	0	0	2394	1790	110	6	-1	
4	1	158	1	1	0	2394	1790	110	6	-1	
5	1	158	1	1	1	2394	1790	110	6	95.000000	 
2	1	159	0	0	0	2394	1790	110	6	-1	
3	1	159	1	0	0	2394	1790	110	6	-1	
4	1	159	1	1	0	2394	1790	110	6	-1	
5	1	159	1	1	1	2394	1790	110	6	95.000000	 
2	1	160	0	0	0	2397	1789	107	9	-1	
3	1	160	1	0	0	2397	1789	107	9	-1	
4	1	160	1	1	0	2397	1789	107	9	-1	
5	1	160	1	1	1	2397	1789	107	9	95.000000	 
2	1	161	0	0	0	2397	1790	124	7	-1	
3	1	161	1	0	0	2397	1790	124	7	-1	
4	1	161	1	1	0	2397	1790	124	7	-1	
5	1	161	1	1	1	2397	1790	124	7	95.000000	 
2	1	162	0	0	0	2397	1791	124	4	-1	
3	1	162	1	0	0	2397	1791	124	4	-1	
4	1	162	1	1	0	2397	1791	124	4	-1	
5	1	162	1	1	1	2397	1791	124	4	95.000000	 
2	1	163	0	0	0	2152	1780	1	27	-1	
3	1	163	1	0	0	2152	1780	1	27	-1	
4	1	163	1	1	0	2152	1780	1	27	-1	
5	1	163	1	1	1	2152	1780	1	27	95.000000	 
2	1	164	0	0	0	2387	1797	117	3	-1	
3	1	164	1	0	0	2387	1797	117	3	-1	
4	1	164	1	1	0	2387	1797	117	3	-1	
5	1	164	1	1	1	2387	1797	117	3	95.000000	 
2	1	165	0	0	0	2128	1794	68	4	-1	
3	1	165	1	0	0	2128	1794	68	4	-1	
4	1	165	1	1	0	2128	1794	68	4	-1	
5	1	165	1	1	1	2128	1794	68	4	95.000000	 
2	1	166	0	0	0	2384	1802	118	2	-1	
3	1	166	1	0	0	2384	1802	118	2	-1	
4	1	166	1	1	0	2384	1802	118	2	-1	
5	1	166	1	1	1	2384	1802	118	2	95.000000	 
2	1	167	0	0	0	2144	1804	52	2	-1	
3	1	167	1	0	0	2144	1804	52	2	-1	
4	1	167	1	1	0	2144	1804	52	2	-1	
5	1	167	1	1	1	2144	1804	52	2	95.000000	 
2	1	168	0	0	0	2497	1807	28	3	-1	
3	1	168	1	0	0	2497	1807	28	3	-1	
4	1	168	1	1	0	2497	1807	28	3	-1	
5	1	168	1	1	1	2497	1807	28	3	95.000000	 
2	1	169	0	0	0	2157	1754	4	55	-1	
3	1	169	1	0	0	2157	1754	4	55	-1	
4	1	169	1	1	0	2157	1754	4	55	-1	
5	1	169	1	1	1	2157	1754	4	55	95.000000	 
2	1	170	0	0	0	2158	1754	5	55	-1	
3	1	170	1	0	0	2158	1754	5	55	-1	
4	1	170	1	1	0	2158	1754	5	55	-1	
5	1	170	1	1	1	2158	1754	5	55	95.000000	 
2	1	171	0	0	0	2153	1761	5	48	-1	
3	1	171	1	0	0	2153	1761	5	48	-1	
4	1	171	1	1	0	2153	1761	5	48	-1	
5	1	171	1	1	1	2153	1761	5	48	95.000000	 
2	1	172	0	0	0	2155	1761	3	48	-1	
3	1	172	1	0	0	2155	1761	3	48	-1	
4	1	172	1	1	0	2155	1761	3	48	-1	
5	1	172	1	1	1	2155	1761	3	48	95.000000	 
2	1	173	0	0	0	2103	1766	5	62	-1	
3	1	173	1	0	0	2103	1766	5	62	-1	
4	1	173	1	1	0	2103	1766	5	62	-1	
5	1	173	1	1	1	2103	1766	5	62	95.000000	 
2	1	174	0	0	0	2106	1768	2	60	-1	
3	1	174	1	0	0	2106	1768	2	60	-1	
4	1	174	1	1	0	2106	1768	2	60	-1	
5	1	174	1	1	1	2106	1768	2	60	95.000000	 
2	1	175	0	0	0	2166	1793	1	23	-1	
3	1	175	1	0	0	2166	1793	1	23	-1	
4	1	175	1	1	0	2166	1793	1	23	-1	
5	1	175	1	1	1	2166	1793	1	23	95.000000	 
2	1	176	0	0	0	2170	1795	1	23	-1	
3	1	176	1	0	0	2170	1795	1	23	-1	
4	1	176	1	1	0	2170	1795	1	23	-1	
5	1	176	1	1	1	2170	1795	1	23	95.000000	 
2	1	177	0	0	0	2498	1808	27	5	-1	
3	1	177	1	0	0	2498	1808	27	5	-1	
4	1	177	1	1	0	2498	1808	27	5	-1	
5	1	177	1	1	1	2498	1808	27	5	95.000000	 
2	1	178	0	0	0	2173	1799	1	19	-1	
3	1	178	1	0	0	2173	1799	1	19	-1	
4	1	178	1	1	0	2173	1799	1	19	-1	
5	1	178	1	1	1	2173	1799	1	19	95.000000	 
2	1	179	0	0	0	2495	1810	21	3	-1	
3	1	179	1	0	0	2495	1810	21	3	-1	
4	1	179	1	1	0	2495	1810	21	3	-1	
5	1	179	1	1	1	2495	1810	21	3	95.000000	 
2	1	180	0	0	0	2498	1812	18	1	-1	
3	1	180	1	0	0	2498	1812	18	1	-1	
4	1	180	1	1	0	2498	1812	18	1	-1	
5	1	180	1	1	1	2498	1812	18	1	95.000000	 
2	1	181	0	0	0	2156	1810	32	1	-1	
3	1	181	1	0	0	2156	1810	32	1	-1	
4	1	181	1	1	0	2156	1810	32	1	-1	
5	1	181	1	1	1	2156	1810	32	1	95.000000	 
2	1	182	0	0	0	2234	1798	1	27	-1	
3	1	182	1	0	0	2234	1798	1	27	-1	
4	1	182	1	1	0	2234	1798	1	27	-1	
5	1	182	1	1	1	2234	1798	1	27	95.000000	 
2	1	183	0	0	0	2175	1813	87	2	-1	
3	1	183	1	0	0	2175	1813	87	2	-1	
4	1	183	1	1	0	2175	1813	87	2	-1	
5	1	183	1	1	1	2175	1813	87	2	95.000000	 
2	1	184	0	0	0	2401	1815	112	3	-1	
3	1	184	1	0	0	2401	1815	112	3	-1	
4	1	184	1	1	0	2401	1815	112	3	-1	
5	1	184	1	1	1	2401	1815	112	3	95.000000	 
2	1	185	0	0	0	2401	1815	118	3	-1	
3	1	185	1	0	0	2401	1815	118	3	-1	
4	1	185	1	1	0	2401	1815	118	3	-1	
5	1	185	1	1	1	2401	1815	118	3	95.000000	 
2	1	186	0	0	0	2175	1813	330	6	-1	
3	1	186	1	0	0	2175	1813	330	6	-1	
4	1	186	1	1	0	2175	1813	330	6	-1	
5	1	186	1	1	1	2175	1813	330	6	95.000000	 
2	1	187	0	0	0	2106	1813	399	7	-1	
3	1	187	1	0	0	2106	1813	399	7	-1	
4	1	187	1	1	0	2106	1813	399	7	-1	
5	1	187	1	1	1	2106	1813	399	7	95.000000	 
2	1	188	0	0	0	2106	1814	399	9	-1	
3	1	188	1	0	0	2106	1814	399	9	-1	
4	1	188	1	1	0	2106	1814	399	9	-1	
5	1	188	1	1	1	2106	1814	399	9	95.000000	 
2	1	189	0	0	0	2106	1815	399	7	-1	
3	1	189	1	0	0	2106	1815	399	7	-1	
4	1	189	1	1	0	2106	1815	399	7	-1	
5	1	189	1	1	1	2106	1815	399	7	95.000000	 
2	1	190	0	0	0	2106	1815	399	7	-1	
3	1	190	1	0	0	2106	1815	399	7	-1	
4	1	190	1	1	0	2106	1815	399	7	-1	
5	1	190	1	1	1	2106	1815	399	7	95.000000	 
2	1	191	0	0	0	2106	1816	399	7	-1	
3	1	191	1	0	0	2106	1816	399	7	-1	
4	1	191	1	1	0	2106	1816	399	7	-1	
5	1	191	1	1	1	2106	1816	399	7	95.000000	 
2	1	192	0	0	0	2253	1818	252	9	-1	
3	1	192	1	0	0	2253	1818	252	9	-1	
4	1	192	1	1	0	2253	1818	252	9	-1	
5	1	192	1	1	1	2253	1818	252	9	95.000000	 
2	1	193	0	0	0	2106	1818	362	9	-1	
3	1	193	1	0	0	2106	1818	362	9	-1	
4	1	193	1	1	0	2106	1818	362	9	-1	
5	1	193	1	1	1	2106	1818	362	9	95.000000	 
2	1	194	0	0	0	2253	1822	215	5	-1	
3	1	194	1	0	0	2253	1822	215	5	-1	
4	1	194	1	1	0	2253	1822	215	5	-1	
5	1	194	1	1	1	2253	1822	215	5	95.000000	 
2	1	195	0	0	0	2253	1824	215	3	-1	
3	1	195	1	0	0	2253	1824	215	3	-1	
4	1	195	1	1	0	2253	1824	215	3	-1	
5	1	195	1	1	1	2253	1824	215	3	95.000000	 
2	1	196	0	0	0	2253	1824	216	5	-1	
3	1	196	1	0	0	2253	1824	216	5	-1	
4	1	196	1	1	0	2253	1824	216	5	-1	
5	1	196	1	1	1	2253	1824	216	5	95.000000	 
2	1	197	0	0	0	2096	1826	28	3	-1	
3	1	197	1	0	0	2096	1826	28	3	-1	
4	1	197	1	1	0	2096	1826	28	3	-1	
5	1	197	1	1	1	2096	1826	28	3	95.000000	 
2	1	198	0	0	0	2250	1829	17	1	-1	
3	1	198	1	0	0	2250	1829	17	1	-1	
4	1	198	1	1	0	2250	1829	17	1	-1	
5	1	198	1	1	1	2250	1829	17	1	95.000000	 
2	1	199	0	0	0	2403	1830	63	3	-1	
3	1	199	1	0	0	2403	1830	63	3	-1	
4	1	199	1	1	0	2403	1830	63	3	-1	
5	1	199	1	1	1	2403	1830	63	3	95.000000	 
2	1	200	0	0	0	2096	1829	28	1	-1	
3	1	200	1	0	0	2096	1829	28	1	-1	
4	1	200	1	1	0	2096	1829	28	1	-1	
5	1	200	1	1	1	2096	1829	28	1	95.000000	 
2	1	201	0	0	0	2253	1831	25	1	-1	
3	1	201	1	0	0	2253	1831	25	1	-1	
4	1	201	1	1	0	2253	1831	25	1	-1	
5	1	201	1	1	1	2253	1831	25	1	95.000000	 
2	1	202	0	0	0	2401	1696	9	152	-1	
3	1	202	1	0	0	2401	1696	9	152	-1	
4	1	202	1	1	0	2401	1696	9	152	-1	
5	1	202	1	1	1	2401	1696	9	152	95.000000	 
2	1	203	0	0	0	2393	1702	5	141	-1	
3	1	203	1	0	0	2393	1702	5	141	-1	
4	1	203	1	1	0	2393	1702	5	141	-1	
5	1	203	1	1	1	2393	1702	5	141	95.000000	 
2	1	204	0	0	0	2395	1702	4	141	-1	
3	1	204	1	0	0	2395	1702	4	141	-1	
4	1	204	1	1	0	2395	1702	4	141	-1	
5	1	204	1	1	1	2395	1702	4	141	95.000000	 
2	1	205	0	0	0	2113	1730	5	110	-1	
3	1	205	1	0	0	2113	1730	5	110	-1	
4	1	205	1	1	0	2113	1730	5	110	-1	
5	1	205	1	1	1	2113	1730	5	110	95.000000	 
2	1	206	0	0	0	2114	1730	5	110	-1	
3	1	206	1	0	0	2114	1730	5	110	-1	
4	1	206	1	1	0	2114	1730	5	110	-1	
5	1	206	1	1	1	2114	1730	5	110	95.000000	 
2	1	207	0	0	0	2099	1739	8	95	-1	
3	1	207	1	0	0	2099	1739	8	95	-1	
4	1	207	1	1	0	2099	1739	8	95	-1	
5	1	207	1	1	1	2099	1739	8	95	95.000000	 
2	1	208	0	0	0	2124	1751	5	88	-1	
3	1	208	1	0	0	2124	1751	5	88	-1	
4	1	208	1	1	0	2124	1751	5	88	-1	
5	1	208	1	1	1	2124	1751	5	88	95.000000	 
2	1	209	0	0	0	2120	1762	5	77	-1	
3	1	209	1	0	0	2120	1762	5	77	-1	
4	1	209	1	1	0	2120	1762	5	77	-1	
5	1	209	1	1	1	2120	1762	5	77	95.000000	 
2	1	210	0	0	0	2120	1762	2	84	-1	
3	1	210	1	0	0	2120	1762	2	84	-1	
4	1	210	1	1	0	2120	1762	2	84	-1	
5	1	210	1	1	1	2120	1762	2	84	95.000000	 
2	1	211	0	0	0	2408	1766	4	82	-1	
3	1	211	1	0	0	2408	1766	4	82	-1	
4	1	211	1	1	0	2408	1766	4	82	-1	
5	1	211	1	1	1	2408	1766	4	82	95.000000	 
2	1	212	0	0	0	2405	1769	5	79	-1	
3	1	212	1	0	0	2405	1769	5	79	-1	
4	1	212	1	1	0	2405	1769	5	79	-1	
5	1	212	1	1	1	2405	1769	5	79	95.000000	 
2	1	213	0	0	0	2180	1769	2	87	-1	
3	1	213	1	0	0	2180	1769	2	87	-1	
4	1	213	1	1	0	2180	1769	2	87	-1	
5	1	213	1	1	1	2180	1769	2	87	95.000000	 
2	1	214	0	0	0	2163	1785	1	68	-1	
3	1	214	1	0	0	2163	1785	1	68	-1	
4	1	214	1	1	0	2163	1785	1	68	-1	
5	1	214	1	1	1	2163	1785	1	68	95.000000	 
2	1	215	0	0	0	2163	1793	4	60	-1	
3	1	215	1	0	0	2163	1793	4	60	-1	
4	1	215	1	1	0	2163	1793	4	60	-1	
5	1	215	1	1	1	2163	1793	4	60	95.000000	 
2	1	216	0	0	0	2174	1799	5	57	-1	
3	1	216	1	0	0	2174	1799	5	57	-1	
4	1	216	1	1	0	2174	1799	5	57	-1	
5	1	216	1	1	1	2174	1799	5	57	95.000000	 
2	1	217	0	0	0	2264	1816	1	25	-1	
3	1	217	1	0	0	2264	1816	1	25	-1	
4	1	217	1	1	0	2264	1816	1	25	-1	
5	1	217	1	1	1	2264	1816	1	25	95.000000	 
2	1	218	0	0	0	2249	1813	3	37	-1	
3	1	218	1	0	0	2249	1813	3	37	-1	
4	1	218	1	1	0	2249	1813	3	37	-1	
5	1	218	1	1	1	2249	1813	3	37	95.000000	 
2	1	219	0	0	0	2243	1815	1	35	-1	
3	1	219	1	0	0	2243	1815	1	35	-1	
4	1	219	1	1	0	2243	1815	1	35	-1	
5	1	219	1	1	1	2243	1815	1	35	95.000000	 
2	1	220	0	0	0	2432	1833	77	5	-1	
3	1	220	1	0	0	2432	1833	77	5	-1	
4	1	220	1	1	0	2432	1833	77	5	-1	
5	1	220	1	1	1	2432	1833	77	5	95.000000	 
2	1	221	0	0	0	2228	1832	41	5	-1	
3	1	221	1	0	0	2228	1832	41	5	-1	
4	1	221	1	1	0	2228	1832	41	5	-1	
5	1	221	1	1	1	2228	1832	41	5	95.000000	 
2	1	222	0	0	0	2229	1826	1	19	-1	
3	1	222	1	0	0	2229	1826	1	19	-1	
4	1	222	1	1	0	2229	1826	1	19	-1	
5	1	222	1	1	1	2229	1826	1	19	95.000000	 
2	1	223	0	0	0	2449	1837	60	3	-1	
3	1	223	1	0	0	2449	1837	60	3	-1	
4	1	223	1	1	0	2449	1837	60	3	-1	
5	1	223	1	1	1	2449	1837	60	3	95.000000	 
2	1	224	0	0	0	2290	1829	1	17	-1	
3	1	224	1	0	0	2290	1829	1	17	-1	
4	1	224	1	1	0	2290	1829	1	17	-1	
5	1	224	1	1	1	2290	1829	1	17	95.000000	 
2	1	225	0	0	0	2104	1835	145	6	-1	
3	1	225	1	0	0	2104	1835	145	6	-1	
4	1	225	1	1	0	2104	1835	145	6	-1	
5	1	225	1	1	1	2104	1835	145	6	95.000000	 
2	1	226	0	0	0	2176	1838	354	8	-1	
3	1	226	1	0	0	2176	1838	354	8	-1	
4	1	226	1	1	0	2176	1838	354	8	-1	
5	1	226	1	1	1	2176	1838	354	8	95.000000	 
2	1	227	0	0	0	2176	1838	356	8	-1	
3	1	227	1	0	0	2176	1838	356	8	-1	
4	1	227	1	1	0	2176	1838	356	8	-1	
5	1	227	1	1	1	2176	1838	356	8	95.000000	 
2	1	228	0	0	0	2176	1839	356	8	-1	
3	1	228	1	0	0	2176	1839	356	8	-1	
4	1	228	1	1	0	2176	1839	356	8	-1	
5	1	228	1	1	1	2176	1839	356	8	95.000000	 
2	1	229	0	0	0	2176	1839	356	9	-1	
3	1	229	1	0	0	2176	1839	356	9	-1	
4	1	229	1	1	0	2176	1839	356	9	-1	
5	1	229	1	1	1	2176	1839	356	9	95.000000	 
2	1	230	0	0	0	2176	1841	356	6	-1	
3	1	230	1	0	0	2176	1841	356	6	-1	
4	1	230	1	1	0	2176	1841	356	6	-1	
5	1	230	1	1	1	2176	1841	356	6	95.000000	 
2	1	231	0	0	0	2176	1841	356	6	-1	
3	1	231	1	0	0	2176	1841	356	6	-1	
4	1	231	1	1	0	2176	1841	356	6	-1	
5	1	231	1	1	1	2176	1841	356	6	95.000000	 
2	1	232	0	0	0	2176	1839	344	11	-1	
3	1	232	1	0	0	2176	1839	344	11	-1	
4	1	232	1	1	0	2176	1839	344	11	-1	
5	1	232	1	1	1	2176	1839	344	11	95.000000	 
2	1	233	0	0	0	2176	1840	356	9	-1	
3	1	233	1	0	0	2176	1840	356	9	-1	
4	1	233	1	1	0	2176	1840	356	9	-1	
5	1	233	1	1	1	2176	1840	356	9	95.000000	 
2	1	234	0	0	0	2176	1841	356	7	-1	
3	1	234	1	0	0	2176	1841	356	7	-1	
4	1	234	1	1	0	2176	1841	356	7	-1	
5	1	234	1	1	1	2176	1841	356	7	95.000000	 
2	1	235	0	0	0	2176	1837	361	15	-1	
3	1	235	1	0	0	2176	1837	361	15	-1	
4	1	235	1	1	0	2176	1837	361	15	-1	
5	1	235	1	1	1	2176	1837	361	15	95.000000	 
2	1	236	0	0	0	2302	1838	1	19	-1	
3	1	236	1	0	0	2302	1838	1	19	-1	
4	1	236	1	1	0	2302	1838	1	19	-1	
5	1	236	1	1	1	2302	1838	1	19	95.000000	 
2	1	237	0	0	0	2184	1848	18	1	-1	
3	1	237	1	0	0	2184	1848	18	1	-1	
4	1	237	1	1	0	2184	1848	18	1	-1	
5	1	237	1	1	1	2184	1848	18	1	95.000000	 
2	1	238	0	0	0	2297	1849	240	8	-1	
3	1	238	1	0	0	2297	1849	240	8	-1	
4	1	238	1	1	0	2297	1849	240	8	-1	
5	1	238	1	1	1	2297	1849	240	8	95.000000	 
2	1	239	0	0	0	2297	1849	240	8	-1	
3	1	239	1	0	0	2297	1849	240	8	-1	
4	1	239	1	1	0	2297	1849	240	8	-1	
5	1	239	1	1	1	2297	1849	240	8	95.000000	 
2	1	240	0	0	0	2297	1850	240	8	-1	
3	1	240	1	0	0	2297	1850	240	8	-1	
4	1	240	1	1	0	2297	1850	240	8	-1	
5	1	240	1	1	1	2297	1850	240	8	95.000000	 
2	1	241	0	0	0	2297	1851	232	9	-1	
3	1	241	1	0	0	2297	1851	232	9	-1	
4	1	241	1	1	0	2297	1851	232	9	-1	
5	1	241	1	1	1	2297	1851	232	9	95.000000	 
2	1	242	0	0	0	2297	1853	240	7	-1	
3	1	242	1	0	0	2297	1853	240	7	-1	
4	1	242	1	1	0	2297	1853	240	7	-1	
5	1	242	1	1	1	2297	1853	240	7	95.000000	 
2	1	243	0	0	0	2180	1769	6	94	-1	
3	1	243	1	0	0	2180	1769	6	94	-1	
4	1	243	1	1	0	2180	1769	6	94	-1	
5	1	243	1	1	1	2180	1769	6	94	95.000000	 
2	1	244	0	0	0	2180	1769	6	94	-1	
3	1	244	1	0	0	2180	1769	6	94	-1	
4	1	244	1	1	0	2180	1769	6	94	-1	
5	1	244	1	1	1	2180	1769	6	94	95.000000	 
2	1	245	0	0	0	2181	1769	8	94	-1	
3	1	245	1	0	0	2181	1769	8	94	-1	
4	1	245	1	1	0	2181	1769	8	94	-1	
5	1	245	1	1	1	2181	1769	8	94	95.000000	 
2	1	246	0	0	0	2404	1769	5	99	-1	
3	1	246	1	0	0	2404	1769	5	99	-1	
4	1	246	1	1	0	2404	1769	5	99	-1	
5	1	246	1	1	1	2404	1769	5	99	95.000000	 
2	1	247	0	0	0	2253	1811	4	48	-1	
3	1	247	1	0	0	2253	1811	4	48	-1	
4	1	247	1	1	0	2253	1811	4	48	-1	
5	1	247	1	1	1	2253	1811	4	48	95.000000	 
2	1	248	0	0	0	2250	1813	3	46	-1	
3	1	248	1	0	0	2250	1813	3	46	-1	
4	1	248	1	1	0	2250	1813	3	46	-1	
5	1	248	1	1	1	2250	1813	3	46	95.000000	 
2	1	249	0	0	0	2186	1797	8	78	-1	
3	1	249	1	0	0	2186	1797	8	78	-1	
4	1	249	1	1	0	2186	1797	8	78	-1	
5	1	249	1	1	1	2186	1797	8	78	95.000000	 
2	1	250	0	0	0	2256	1812	3	59	-1	
3	1	250	1	0	0	2256	1812	3	59	-1	
4	1	250	1	1	0	2256	1812	3	59	-1	
5	1	250	1	1	1	2256	1812	3	59	95.000000	 
2	1	251	0	0	0	2309	1838	1	24	-1	
3	1	251	1	0	0	2309	1838	1	24	-1	
4	1	251	1	1	0	2309	1838	1	24	-1	
5	1	251	1	1	1	2309	1838	1	24	95.000000	 
2	1	252	0	0	0	2315	1842	3	25	-1	
3	1	252	1	0	0	2315	1842	3	25	-1	
4	1	252	1	1	0	2315	1842	3	25	-1	
5	1	252	1	1	1	2315	1842	3	25	95.000000	 
2	1	253	0	0	0	2320	1845	3	22	-1	
3	1	253	1	0	0	2320	1845	3	22	-1	
4	1	253	1	1	0	2320	1845	3	22	-1	
5	1	253	1	1	1	2320	1845	3	22	95.000000	 
2	1	254	0	0	0	2189	1854	334	8	-1	
3	1	254	1	0	0	2189	1854	334	8	-1	
4	1	254	1	1	0	2189	1854	334	8	-1	
5	1	254	1	1	1	2189	1854	334	8	95.000000	 
2	1	255	0	0	0	2313	1858	210	4	-1	
3	1	255	1	0	0	2313	1858	210	4	-1	
4	1	255	1	1	0	2313	1858	210	4	-1	
5	1	255	1	1	1	2313	1858	210	4	95.000000	 
2	1	256	0	0	0	2313	1859	210	5	-1	
3	1	256	1	0	0	2313	1859	210	5	-1	
4	1	256	1	1	0	2313	1859	210	5	-1	
5	1	256	1	1	1	2313	1859	210	5	95.000000	 
2	1	257	0	0	0	2313	1861	210	4	-1	
3	1	257	1	0	0	2313	1861	210	4	-1	
4	1	257	1	1	0	2313	1861	210	4	-1	
5	1	257	1	1	1	2313	1861	210	4	95.000000	 
2	1	258	0	0	0	2313	1859	227	8	-1	
3	1	258	1	0	0	2313	1859	227	8	-1	
4	1	258	1	1	0	2313	1859	227	8	-1	
5	1	258	1	1	1	2313	1859	227	8	95.000000	 
2	1	259	0	0	0	2313	1862	210	4	-1	
3	1	259	1	0	0	2313	1862	210	4	-1	
4	1	259	1	1	0	2313	1862	210	4	-1	
5	1	259	1	1	1	2313	1862	210	4	95.000000	 
2	1	260	0	0	0	2195	1848	3	29	-1	
3	1	260	1	0	0	2195	1848	3	29	-1	
4	1	260	1	1	0	2195	1848	3	29	-1	
5	1	260	1	1	1	2195	1848	3	29	95.000000	 
2	1	261	0	0	0	2341	1856	3	21	-1	
3	1	261	1	0	0	2341	1856	3	21	-1	
4	1	261	1	1	0	2341	1856	3	21	-1	
5	1	261	1	1	1	2341	1856	3	21	95.000000	 
2	1	262	0	0	0	2197	1854	3	23	-1	
3	1	262	1	0	0	2197	1854	3	23	-1	
4	1	262	1	1	0	2197	1854	3	23	-1	
5	1	262	1	1	1	2197	1854	3	23	95.000000	 
2	1	263	0	0	0	2351	1863	189	11	-1	
3	1	263	1	0	0	2351	1863	189	11	-1	
4	1	263	1	1	0	2351	1863	189	11	-1	
5	1	263	1	1	1	2351	1863	189	11	95.000000	 
2	1	264	0	0	0	2351	1867	185	7	-1	
3	1	264	1	0	0	2351	1867	185	7	-1	
4	1	264	1	1	0	2351	1867	185	7	-1	
5	1	264	1	1	1	2351	1867	185	7	95.000000	 
2	1	265	0	0	0	2351	1868	192	6	-1	
3	1	265	1	0	0	2351	1868	192	6	-1	
4	1	265	1	1	0	2351	1868	192	6	-1	
5	1	265	1	1	1	2351	1868	192	6	95.000000	 
2	1	266	0	0	0	2186	1868	357	7	-1	
3	1	266	1	0	0	2186	1868	357	7	-1	
4	1	266	1	1	0	2186	1868	357	7	-1	
5	1	266	1	1	1	2186	1868	357	7	95.000000	 
2	1	267	0	0	0	2351	1870	192	7	-1	
3	1	267	1	0	0	2351	1870	192	7	-1	
4	1	267	1	1	0	2351	1870	192	7	-1	
5	1	267	1	1	1	2351	1870	192	7	95.000000	 
2	1	268	0	0	0	2353	1863	3	19	-1	
3	1	268	1	0	0	2353	1863	3	19	-1	
4	1	268	1	1	0	2353	1863	3	19	-1	
5	1	268	1	1	1	2353	1863	3	19	95.000000	 
2	1	269	0	0	0	2352	1871	191	8	-1	
3	1	269	1	0	0	2352	1871	191	8	-1	
4	1	269	1	1	0	2352	1871	191	8	-1	
5	1	269	1	1	1	2352	1871	191	8	95.000000	 
2	1	270	0	0	0	2346	1873	176	7	-1	
3	1	270	1	0	0	2346	1873	176	7	-1	
4	1	270	1	1	0	2346	1873	176	7	-1	
5	1	270	1	1	1	2346	1873	176	7	95.000000	 
2	1	271	0	0	0	2352	1873	170	7	-1	
3	1	271	1	0	0	2352	1873	170	7	-1	
4	1	271	1	1	0	2352	1873	170	7	-1	
5	1	271	1	1	1	2352	1873	170	7	95.000000	 
2	1	272	0	0	0	2352	1876	170	5	-1	
3	1	272	1	0	0	2352	1876	170	5	-1	
4	1	272	1	1	0	2352	1876	170	5	-1	
5	1	272	1	1	1	2352	1876	170	5	95.000000	 
2	1	273	0	0	0	2372	1694	8	196	-1	
3	1	273	1	0	0	2372	1694	8	196	-1	
4	1	273	1	1	0	2372	1694	8	196	-1	
5	1	273	1	1	1	2372	1694	8	196	95.000000	 
2	1	274	0	0	0	2372	1718	3	172	-1	
3	1	274	1	0	0	2372	1718	3	172	-1	
4	1	274	1	1	0	2372	1718	3	172	-1	
5	1	274	1	1	1	2372	1718	3	172	95.000000	 
2	1	275	0	0	0	2370	1718	5	176	-1	
3	1	275	1	0	0	2370	1718	5	176	-1	
4	1	275	1	1	0	2370	1718	5	176	-1	
5	1	275	1	1	1	2370	1718	5	176	95.000000	 
2	1	276	0	0	0	2373	1718	8	177	-1	
3	1	276	1	0	0	2373	1718	8	177	-1	
4	1	276	1	1	0	2373	1718	8	177	-1	
5	1	276	1	1	1	2373	1718	8	177	95.000000	 
2	1	277	0	0	0	2365	1881	178	5	-1	
3	1	277	1	0	0	2365	1881	178	5	-1	
4	1	277	1	1	0	2365	1881	178	5	-1	
5	1	277	1	1	1	2365	1881	178	5	95.000000	 
2	1	278	0	0	0	2356	1882	187	7	-1	
3	1	278	1	0	0	2356	1882	187	7	-1	
4	1	278	1	1	0	2356	1882	187	7	-1	
5	1	278	1	1	1	2356	1882	187	7	95.000000	 
2	1	279	0	0	0	2365	1883	178	6	-1	
3	1	279	1	0	0	2365	1883	178	6	-1	
4	1	279	1	1	0	2365	1883	178	6	-1	
5	1	279	1	1	1	2365	1883	178	6	95.000000	 
2	1	280	0	0	0	2373	1886	170	5	-1	
3	1	280	1	0	0	2373	1886	170	5	-1	
4	1	280	1	1	0	2373	1886	170	5	-1	
5	1	280	1	1	1	2373	1886	170	5	95.000000	 
2	1	281	0	0	0	2382	1885	161	9	-1	
3	1	281	1	0	0	2382	1885	161	9	-1	
4	1	281	1	1	0	2382	1885	161	9	-1	
5	1	281	1	1	1	2382	1885	161	9	95.000000	 
2	1	282	0	0	0	2382	1885	161	9	-1	
3	1	282	1	0	0	2382	1885	161	9	-1	
4	1	282	1	1	0	2382	1885	161	9	-1	
5	1	282	1	1	1	2382	1885	161	9	95.000000	 
2	1	283	0	0	0	2382	1886	161	9	-1	
3	1	283	1	0	0	2382	1886	161	9	-1	
4	1	283	1	1	0	2382	1886	161	9	-1	
5	1	283	1	1	1	2382	1886	161	9	95.000000	 
2	1	284	0	0	0	2382	1888	161	6	-1	
3	1	284	1	0	0	2382	1888	161	6	-1	
4	1	284	1	1	0	2382	1888	161	6	-1	
5	1	284	1	1	1	2382	1888	161	6	95.000000	 
2	1	285	0	0	0	2503	1898	19	1	-1	
3	1	285	1	0	0	2503	1898	19	1	-1	
4	1	285	1	1	0	2503	1898	19	1	-1	
5	1	285	1	1	1	2503	1898	19	1	95.000000	 
2	1	286	0	0	0	2358	1788	4	120	-1	
3	1	286	1	0	0	2358	1788	4	120	-1	
4	1	286	1	1	0	2358	1788	4	120	-1	
5	1	286	1	1	1	2358	1788	4	120	95.000000	 
2	1	287	0	0	0	2534	1860	3	52	-1	
3	1	287	1	0	0	2534	1860	3	52	-1	
4	1	287	1	1	0	2534	1860	3	52	-1	
5	1	287	1	1	1	2534	1860	3	52	95.000000	 
2	1	288	0	0	0	2536	1867	4	45	-1	
3	1	288	1	0	0	2536	1867	4	45	-1	
4	1	288	1	1	0	2536	1867	4	45	-1	
5	1	288	1	1	1	2536	1867	4	45	95.000000	 
2	1	289	0	0	0	2537	1867	2	45	-1	
3	1	289	1	0	0	2537	1867	2	45	-1	
4	1	289	1	1	0	2537	1867	2	45	-1	
5	1	289	1	1	1	2537	1867	2	45	95.000000	 
2	1	290	0	0	0	2487	1906	56	4	-1	
3	1	290	1	0	0	2487	1906	56	4	-1	
4	1	290	1	1	0	2487	1906	56	4	-1	
5	1	290	1	1	1	2487	1906	56	4	95.000000	 
2	1	291	0	0	0	2496	1911	33	3	-1	
3	1	291	1	0	0	2496	1911	33	3	-1	
4	1	291	1	1	0	2496	1911	33	3	-1	
5	1	291	1	1	1	2496	1911	33	3	95.000000	 
2	1	292	0	0	0	2498	1911	26	6	-1	
3	1	292	1	0	0	2498	1911	26	6	-1	
4	1	292	1	1	0	2498	1911	26	6	-1	
5	1	292	1	1	1	2498	1911	26	6	95.000000	 
2	1	293	0	0	0	2498	1916	32	3	-1	
3	1	293	1	0	0	2498	1916	32	3	-1	
4	1	293	1	1	0	2498	1916	32	3	-1	
5	1	293	1	1	1	2498	1916	32	3	95.000000	 
2	1	294	0	0	0	2498	1919	19	1	-1	
3	1	294	1	0	0	2498	1919	19	1	-1	
4	1	294	1	1	0	2498	1919	19	1	-1	
5	1	294	1	1	1	2498	1919	19	1	95.000000	 
2	1	295	0	0	0	2407	1922	124	5	-1	
3	1	295	1	0	0	2407	1922	124	5	-1	
4	1	295	1	1	0	2407	1922	124	5	-1	
5	1	295	1	1	1	2407	1922	124	5	95.000000	 
2	1	296	0	0	0	2407	1923	115	5	-1	
3	1	296	1	0	0	2407	1923	115	5	-1	
4	1	296	1	1	0	2407	1923	115	5	-1	
5	1	296	1	1	1	2407	1923	115	5	95.000000	 
2	1	297	0	0	0	2412	1921	123	10	-1	
3	1	297	1	0	0	2412	1921	123	10	-1	
4	1	297	1	1	0	2412	1921	123	10	-1	
5	1	297	1	1	1	2412	1921	123	10	95.000000	 
2	1	298	0	0	0	2401	1696	4	245	-1	
3	1	298	1	0	0	2401	1696	4	245	-1	
4	1	298	1	1	0	2401	1696	4	245	-1	
5	1	298	1	1	1	2401	1696	4	245	95.000000	 
2	1	299	0	0	0	2398	1699	9	242	-1	
3	1	299	1	0	0	2398	1699	9	242	-1	
4	1	299	1	1	0	2398	1699	9	242	-1	
5	1	299	1	1	1	2398	1699	9	242	95.000000	 
2	1	300	0	0	0	2399	1699	7	242	-1	
3	1	300	1	0	0	2399	1699	7	242	-1	
4	1	300	1	1	0	2399	1699	7	242	-1	
5	1	300	1	1	1	2399	1699	7	242	95.000000	 
2	1	301	0	0	0	2394	1702	17	239	-1	
3	1	301	1	0	0	2394	1702	17	239	-1	
4	1	301	1	1	0	2394	1702	17	239	-1	
5	1	301	1	1	1	2394	1702	17	239	95.000000	 
2	1	302	0	0	0	2414	1811	5	126	-1	
3	1	302	1	0	0	2414	1811	5	126	-1	
4	1	302	1	1	0	2414	1811	5	126	-1	
5	1	302	1	1	1	2414	1811	5	126	95.000000	 
2	1	303	0	0	0	2414	1815	2	122	-1	
3	1	303	1	0	0	2414	1815	2	122	-1	
4	1	303	1	1	0	2414	1815	2	122	-1	
5	1	303	1	1	1	2414	1815	2	122	95.000000	 
2	1	304	0	0	0	2417	1811	4	138	-1	
3	1	304	1	0	0	2417	1811	4	138	-1	
4	1	304	1	1	0	2417	1811	4	138	-1	
5	1	304	1	1	1	2417	1811	4	138	95.000000	 
2	1	305	0	0	0	2398	1923	137	12	-1	
3	1	305	1	0	0	2398	1923	137	12	-1	
4	1	305	1	1	0	2398	1923	137	12	-1	
5	1	305	1	1	1	2398	1923	137	12	95.000000	 
2	1	306	0	0	0	2397	1925	138	9	-1	
3	1	306	1	0	0	2397	1925	138	9	-1	
4	1	306	1	1	0	2397	1925	138	9	-1	
5	1	306	1	1	1	2397	1925	138	9	95.000000	 
2	1	307	0	0	0	2398	1934	138	4	-1	
3	1	307	1	0	0	2398	1934	138	4	-1	
4	1	307	1	1	0	2398	1934	138	4	-1	
5	1	307	1	1	1	2398	1934	138	4	95.000000	 
2	1	308	0	0	0	2398	1934	138	5	-1	
3	1	308	1	0	0	2398	1934	138	5	-1	
4	1	308	1	1	0	2398	1934	138	5	-1	
5	1	308	1	1	1	2398	1934	138	5	95.000000	 
2	1	309	0	0	0	2487	1940	21	1	-1	
3	1	309	1	0	0	2487	1940	21	1	-1	
4	1	309	1	1	0	2487	1940	21	1	-1	
5	1	309	1	1	1	2487	1940	21	1	95.000000	 
2	1	310	0	0	0	2421	1943	25	3	-1	
3	1	310	1	0	0	2421	1943	25	3	-1	
4	1	310	1	1	0	2421	1943	25	3	-1	
5	1	310	1	1	1	2421	1943	25	3	95.000000	 
2	1	311	0	0	0	2428	1946	107	5	-1	
3	1	311	1	0	0	2428	1946	107	5	-1	
4	1	311	1	1	0	2428	1946	107	5	-1	
5	1	311	1	1	1	2428	1946	107	5	95.000000	 
2	1	312	0	0	0	2470	1949	65	5	-1	
3	1	312	1	0	0	2470	1949	65	5	-1	
4	1	312	1	1	0	2470	1949	65	5	-1	
5	1	312	1	1	1	2470	1949	65	5	95.000000	 
2	1	313	0	0	0	2470	1951	59	3	-1	
3	1	313	1	0	0	2470	1951	59	3	-1	
4	1	313	1	1	0	2470	1951	59	3	-1	
5	1	313	1	1	1	2470	1951	59	3	95.000000	 
2	1	314	0	0	0	2470	1951	57	4	-1	
3	1	314	1	0	0	2470	1951	57	4	-1	
4	1	314	1	1	0	2470	1951	57	4	-1	
5	1	314	1	1	1	2470	1951	57	4	95.000000	 
2	1	315	0	0	0	2452	1959	84	2	-1	
3	1	315	1	0	0	2452	1959	84	2	-1	
4	1	315	1	1	0	2452	1959	84	2	-1	
5	1	315	1	1	1	2452	1959	84	2	95.000000	 
2	1	316	0	0	0	2466	1959	70	5	-1	
3	1	316	1	0	0	2466	1959	70	5	-1	
4	1	316	1	1	0	2466	1959	70	5	-1	
5	1	316	1	1	1	2466	1959	70	5	95.000000	 
2	1	317	0	0	0	2474	1961	61	5	-1	
3	1	317	1	0	0	2474	1961	61	5	-1	
4	1	317	1	1	0	2474	1961	61	5	-1	
5	1	317	1	1	1	2474	1961	61	5	95.000000	 
2	1	318	0	0	0	2456	1961	79	7	-1	
3	1	318	1	0	0	2456	1961	79	7	-1	
4	1	318	1	1	0	2456	1961	79	7	-1	
5	1	318	1	1	1	2456	1961	79	7	95.000000	 
2	1	319	0	0	0	2459	1968	31	1	-1	
3	1	319	1	0	0	2459	1968	31	1	-1	
4	1	319	1	1	0	2459	1968	31	1	-1	
5	1	319	1	1	1	2459	1968	31	1	95.000000	 
2	1	320	0	0	0	2430	1971	112	2	-1	
3	1	320	1	0	0	2430	1971	112	2	-1	
4	1	320	1	1	0	2430	1971	112	2	-1	
5	1	320	1	1	1	2430	1971	112	2	95.000000	 
2	1	321	0	0	0	2430	1973	112	2	-1	
3	1	321	1	0	0	2430	1973	112	2	-1	
4	1	321	1	1	0	2430	1973	112	2	-1	
5	1	321	1	1	1	2430	1973	112	2	95.000000	 
2	1	322	0	0	0	2432	1973	110	7	-1	
3	1	322	1	0	0	2432	1973	110	7	-1	
4	1	322	1	1	0	2432	1973	110	7	-1	
5	1	322	1	1	1	2432	1973	110	7	95.000000	 
2	1	323	0	0	0	2432	1978	61	1	-1	
3	1	323	1	0	0	2432	1978	61	1	-1	
4	1	323	1	1	0	2432	1978	61	1	-1	
5	1	323	1	1	1	2432	1978	61	1	95.000000	 
2	1	324	0	0	0	2430	1756	9	235	-1	
3	1	324	1	0	0	2430	1756	9	235	-1	
4	1	324	1	1	0	2430	1756	9	235	-1	
5	1	324	1	1	1	2430	1756	9	235	95.000000	 
2	1	325	0	0	0	2443	1760	5	233	-1	
3	1	325	1	0	0	2443	1760	5	233	-1	
4	1	325	1	1	0	2443	1760	5	233	-1	
5	1	325	1	1	1	2443	1760	5	233	95.000000	 
2	1	326	0	0	0	2441	1760	5	235	-1	
3	1	326	1	0	0	2441	1760	5	235	-1	
4	1	326	1	1	0	2441	1760	5	235	-1	
5	1	326	1	1	1	2441	1760	5	235	95.000000	 
2	1	327	0	0	0	2441	1761	7	234	-1	
3	1	327	1	0	0	2441	1761	7	234	-1	
4	1	327	1	1	0	2441	1761	7	234	-1	
5	1	327	1	1	1	2441	1761	7	234	95.000000	 
2	1	328	0	0	0	2443	1760	5	235	-1	
3	1	328	1	0	0	2443	1760	5	235	-1	
4	1	328	1	1	0	2443	1760	5	235	-1	
5	1	328	1	1	1	2443	1760	5	235	95.000000	 
2	1	329	0	0	0	2430	1770	11	221	-1	
3	1	329	1	0	0	2430	1770	11	221	-1	
4	1	329	1	1	0	2430	1770	11	221	-1	
5	1	329	1	1	1	2430	1770	11	221	95.000000	 
2	1	330	0	0	0	2430	1819	3	172	-1	
3	1	330	1	0	0	2430	1819	3	172	-1	
4	1	330	1	1	0	2430	1819	3	172	-1	
5	1	330	1	1	1	2430	1819	3	172	95.000000	 
2	1	331	0	0	0	2464	1834	5	154	-1	
3	1	331	1	0	0	2464	1834	5	154	-1	
4	1	331	1	1	0	2464	1834	5	154	-1	
5	1	331	1	1	1	2464	1834	5	154	95.000000	 
2	1	332	0	0	0	2427	1919	5	72	-1	
3	1	332	1	0	0	2427	1919	5	72	-1	
4	1	332	1	1	0	2427	1919	5	72	-1	
5	1	332	1	1	1	2427	1919	5	72	95.000000	 
2	1	333	0	0	0	2432	1978	68	3	-1	
3	1	333	1	0	0	2432	1978	68	3	-1	
4	1	333	1	1	0	2432	1978	68	3	-1	
5	1	333	1	1	1	2432	1978	68	3	95.000000	 
2	1	334	0	0	0	2454	1985	25	1	-1	
3	1	334	1	0	0	2454	1985	25	1	-1	
4	1	334	1	1	0	2454	1985	25	1	-1	
5	1	334	1	1	1	2454	1985	25	1	95.000000	 
2	1	335	0	0	0	2454	1987	18	1	-1	
3	1	335	1	0	0	2454	1987	18	1	-1	
4	1	335	1	1	0	2454	1987	18	1	-1	
5	1	335	1	1	1	2454	1987	18	1	95.000000	 
2	1	336	0	0	0	2454	1990	20	1	-1	
3	1	336	1	0	0	2454	1990	20	1	-1	
4	1	336	1	1	0	2454	1990	20	1	-1	
5	1	336	1	1	1	2454	1990	20	1	95.000000	 
2	1	337	0	0	0	2097	1989	49	4	-1	
3	1	337	1	0	0	2097	1989	49	4	-1	
4	1	337	1	1	0	2097	1989	49	4	-1	
5	1	337	1	1	1	2097	1989	49	4	95.000000	 
2	1	338	0	0	0	2453	1994	31	1	-1	
3	1	338	1	0	0	2453	1994	31	1	-1	
4	1	338	1	1	0	2453	1994	31	1	-1	
5	1	338	1	1	1	2453	1994	31	1	95.000000	 
2	1	339	0	0	0	2087	1992	68	7	-1	
3	1	339	1	0	0	2087	1992	68	7	-1	
4	1	339	1	1	0	2087	1992	68	7	-1	
5	1	339	1	1	1	2087	1992	68	7	95.000000	 
2	1	340	0	0	0	2087	1993	71	6	-1	
3	1	340	1	0	0	2087	1993	71	6	-1	
4	1	340	1	1	0	2087	1993	71	6	-1	
5	1	340	1	1	1	2087	1993	71	6	95.000000	 
2	1	341	0	0	0	2472	1999	25	1	-1	
3	1	341	1	0	0	2472	1999	25	1	-1	
4	1	341	1	1	0	2472	1999	25	1	-1	
5	1	341	1	1	1	2472	1999	25	1	95.000000	 
2	1	342	0	0	0	2114	1730	5	286	-1	
3	1	342	1	0	0	2114	1730	5	286	-1	
4	1	342	1	1	0	2114	1730	5	286	-1	
5	1	342	1	1	1	2114	1730	5	286	95.000000	 
2	1	343	0	0	0	2499	1729	7	298	-1	
3	1	343	1	0	0	2499	1729	7	298	-1	
4	1	343	1	1	0	2499	1729	7	298	-1	
5	1	343	1	1	1	2499	1729	7	298	95.000000	 
2	1	344	0	0	0	2499	1729	7	298	-1	
3	1	344	1	0	0	2499	1729	7	298	-1	
4	1	344	1	1	0	2499	1729	7	298	-1	
5	1	344	1	1	1	2499	1729	7	298	95.000000	 
2	1	345	0	0	0	2493	1740	7	277	-1	
3	1	345	1	0	0	2493	1740	7	277	-1	
4	1	345	1	1	0	2493	1740	7	277	-1	
5	1	345	1	1	1	2493	1740	7	277	95.000000	 
2	1	346	0	0	0	2491	1743	7	274	-1	
3	1	346	1	0	0	2491	1743	7	274	-1	
4	1	346	1	1	0	2491	1743	7	274	-1	
5	1	346	1	1	1	2491	1743	7	274	95.000000	 
2	1	347	0	0	0	2491	1743	10	274	-1	
3	1	347	1	0	0	2491	1743	10	274	-1	
4	1	347	1	1	0	2491	1743	10	274	-1	
5	1	347	1	1	1	2491	1743	10	274	95.000000	 
2	1	348	0	0	0	2501	1734	4	293	-1	
3	1	348	1	0	0	2501	1734	4	293	-1	
4	1	348	1	1	0	2501	1734	4	293	-1	
5	1	348	1	1	1	2501	1734	4	293	95.000000	 
2	1	349	0	0	0	2498	1737	7	290	-1	
3	1	349	1	0	0	2498	1737	7	290	-1	
4	1	349	1	1	0	2498	1737	7	290	-1	
5	1	349	1	1	1	2498	1737	7	290	95.000000	 
2	1	350	0	0	0	2499	1737	8	290	-1	
3	1	350	1	0	0	2499	1737	8	290	-1	
4	1	350	1	1	0	2499	1737	8	290	-1	
5	1	350	1	1	1	2499	1737	8	290	95.000000	 
2	1	351	0	0	0	2106	1768	13	248	-1	
3	1	351	1	0	0	2106	1768	13	248	-1	
4	1	351	1	1	0	2106	1768	13	248	-1	
5	1	351	1	1	1	2106	1768	13	248	95.000000	 
2	1	352	0	0	0	2689	1808	122	219	-1	
3	1	352	1	0	0	2689	1808	122	219	-1	
4	1	352	1	1	0	2689	1808	122	219	-1	
5	1	352	1	1	1	2689	1808	122	219	95.000000	 
2	1	353	0	0	0	2100	1986	1	20	-1	
3	1	353	1	0	0	2100	1986	1	20	-1	
4	1	353	1	1	0	2100	1986	1	20	-1	
5	1	353	1	1	1	2100	1986	1	20	95.000000	 
2	1	354	0	0	0	2087	1997	74	4	-1	
3	1	354	1	0	0	2087	1997	74	4	-1	
4	1	354	1	1	0	2087	1997	74	4	-1	
5	1	354	1	1	1	2087	1997	74	4	95.000000	 
2	1	355	0	0	0	2479	2004	30	1	-1	
3	1	355	1	0	0	2479	2004	30	1	-1	
4	1	355	1	1	0	2479	2004	30	1	-1	
5	1	355	1	1	1	2479	2004	30	1	95.000000	 
2	1	356	0	0	0	2114	1991	1	25	-1	
3	1	356	1	0	0	2114	1991	1	25	-1	
4	1	356	1	1	0	2114	1991	1	25	-1	
5	1	356	1	1	1	2114	1991	1	25	95.000000	 
2	1	357	0	0	0	2108	2003	53	5	-1	
3	1	357	1	0	0	2108	2003	53	5	-1	
4	1	357	1	1	0	2108	2003	53	5	-1	
5	1	357	1	1	1	2108	2003	53	5	95.000000	 
2	1	358	0	0	0	2108	2005	59	3	-1	
3	1	358	1	0	0	2108	2005	59	3	-1	
4	1	358	1	1	0	2108	2005	59	3	-1	
5	1	358	1	1	1	2108	2005	59	3	95.000000	 
2	1	359	0	0	0	2118	1991	1	30	-1	
3	1	359	1	0	0	2118	1991	1	30	-1	
4	1	359	1	1	0	2118	1991	1	30	-1	
5	1	359	1	1	1	2118	1991	1	30	95.000000	 
2	1	360	0	0	0	2155	1994	3	25	-1	
3	1	360	1	0	0	2155	1994	3	25	-1	
4	1	360	1	1	0	2155	1994	3	25	-1	
5	1	360	1	1	1	2155	1994	3	25	95.000000	 
2	1	361	0	0	0	2156	1994	1	25	-1	
3	1	361	1	0	0	2156	1994	1	25	-1	
4	1	361	1	1	0	2156	1994	1	25	-1	
5	1	361	1	1	1	2156	1994	1	25	95.000000	 
2	1	362	0	0	0	2491	2009	117	4	-1	
3	1	362	1	0	0	2491	2009	117	4	-1	
4	1	362	1	1	0	2491	2009	117	4	-1	
5	1	362	1	1	1	2491	2009	117	4	95.000000	 
2	1	363	0	0	0	2491	2011	117	2	-1	
3	1	363	1	0	0	2491	2011	117	2	-1	
4	1	363	1	1	0	2491	2011	117	2	-1	
5	1	363	1	1	1	2491	2011	117	2	95.000000	 
2	1	364	0	0	0	2108	2007	85	4	-1	
3	1	364	1	0	0	2108	2007	85	4	-1	
4	1	364	1	1	0	2108	2007	85	4	-1	
5	1	364	1	1	1	2108	2007	85	4	95.000000	 
2	1	365	0	0	0	2121	1996	3	27	-1	
3	1	365	1	0	0	2121	1996	3	27	-1	
4	1	365	1	1	0	2121	1996	3	27	-1	
5	1	365	1	1	1	2121	1996	3	27	95.000000	 
2	1	366	0	0	0	2109	2008	114	7	-1	
3	1	366	1	0	0	2109	2008	114	7	-1	
4	1	366	1	1	0	2109	2008	114	7	-1	
5	1	366	1	1	1	2109	2008	114	7	95.000000	 
2	1	367	0	0	0	2110	2010	83	4	-1	
3	1	367	1	0	0	2110	2010	83	4	-1	
4	1	367	1	1	0	2110	2010	83	4	-1	
5	1	367	1	1	1	2110	2010	83	4	95.000000	 
2	1	368	0	0	0	2493	2016	18	1	-1	
3	1	368	1	0	0	2493	2016	18	1	-1	
4	1	368	1	1	0	2493	2016	18	1	-1	
5	1	368	1	1	1	2493	2016	18	1	95.000000	 
2	1	369	0	0	0	2124	2014	111	4	-1	
3	1	369	1	0	0	2124	2014	111	4	-1	
4	1	369	1	1	0	2124	2014	111	4	-1	
5	1	369	1	1	1	2124	2014	111	4	95.000000	 
2	1	370	0	0	0	2110	2014	113	7	-1	
3	1	370	1	0	0	2110	2014	113	7	-1	
4	1	370	1	1	0	2110	2014	113	7	-1	
5	1	370	1	1	1	2110	2014	113	7	95.000000	 
2	1	371	0	0	0	2110	2016	125	5	-1	
3	1	371	1	0	0	2110	2016	125	5	-1	
4	1	371	1	1	0	2110	2016	125	5	-1	
5	1	371	1	1	1	2110	2016	125	5	95.000000	 
2	1	372	0	0	0	2110	2017	125	3	-1	
3	1	372	1	0	0	2110	2017	125	3	-1	
4	1	372	1	1	0	2110	2017	125	3	-1	
5	1	372	1	1	1	2110	2017	125	3	95.000000	 
2	1	373	0	0	0	2101	2017	134	7	-1	
3	1	373	1	0	0	2101	2017	134	7	-1	
4	1	373	1	1	0	2101	2017	134	7	-1	
5	1	373	1	1	1	2101	2017	134	7	95.000000	 
2	1	374	0	0	0	2198	1859	8	183	-1	
3	1	374	1	0	0	2198	1859	8	183	-1	
4	1	374	1	1	0	2198	1859	8	183	-1	
5	1	374	1	1	1	2198	1859	8	183	95.000000	 
2	1	375	0	0	0	2114	1991	3	40	-1	
3	1	375	1	0	0	2114	1991	3	40	-1	
4	1	375	1	1	0	2114	1991	3	40	-1	
5	1	375	1	1	1	2114	1991	3	40	95.000000	 
2	1	376	0	0	0	2157	1994	3	42	-1	
3	1	376	1	0	0	2157	1994	3	42	-1	
4	1	376	1	1	0	2157	1994	3	42	-1	
5	1	376	1	1	1	2157	1994	3	42	95.000000	 
2	1	377	0	0	0	2149	1992	1	51	-1	
3	1	377	1	0	0	2149	1992	1	51	-1	
4	1	377	1	1	0	2149	1992	1	51	-1	
5	1	377	1	1	1	2149	1992	1	51	95.000000	 
2	1	378	0	0	0	2149	1994	4	49	-1	
3	1	378	1	0	0	2149	1994	4	49	-1	
4	1	378	1	1	0	2149	1994	4	49	-1	
5	1	378	1	1	1	2149	1994	4	49	95.000000	 
2	1	379	0	0	0	2187	2008	1	21	-1	
3	1	379	1	0	0	2187	2008	1	21	-1	
4	1	379	1	1	0	2187	2008	1	21	-1	
5	1	379	1	1	1	2187	2008	1	21	95.000000	 
2	1	380	0	0	0	2146	1992	4	56	-1	
3	1	380	1	0	0	2146	1992	4	56	-1	
4	1	380	1	1	0	2146	1992	4	56	-1	
5	1	380	1	1	1	2146	1992	4	56	95.000000	 
2	1	381	0	0	0	2154	1994	1	54	-1	
3	1	381	1	0	0	2154	1994	1	54	-1	
4	1	381	1	1	0	2154	1994	1	54	-1	
5	1	381	1	1	1	2154	1994	1	54	95.000000	 
2	1	382	0	0	0	2086	2016	149	13	-1	
3	1	382	1	0	0	2086	2016	149	13	-1	
4	1	382	1	1	0	2086	2016	149	13	-1	
5	1	382	1	1	1	2086	2016	149	13	95.000000	 
2	1	383	0	0	0	2123	1996	1	51	-1	
3	1	383	1	0	0	2123	1996	1	51	-1	
4	1	383	1	1	0	2123	1996	1	51	-1	
5	1	383	1	1	1	2123	1996	1	51	95.000000	 
2	1	384	0	0	0	2144	2001	1	44	-1	
3	1	384	1	0	0	2144	2001	1	44	-1	
4	1	384	1	1	0	2144	2001	1	44	-1	
5	1	384	1	1	1	2144	2001	1	44	95.000000	 
2	1	385	0	0	0	2086	2019	173	11	-1	
3	1	385	1	0	0	2086	2019	173	11	-1	
4	1	385	1	1	0	2086	2019	173	11	-1	
5	1	385	1	1	1	2086	2019	173	11	95.000000	 
2	1	386	0	0	0	2161	2005	3	40	-1	
3	1	386	1	0	0	2161	2005	3	40	-1	
4	1	386	1	1	0	2161	2005	3	40	-1	
5	1	386	1	1	1	2161	2005	3	40	95.000000	 
2	1	387	0	0	0	2543	2028	25	1	-1	
3	1	387	1	0	0	2543	2028	25	1	-1	
4	1	387	1	1	0	2543	2028	25	1	-1	
5	1	387	1	1	1	2543	2028	25	1	95.000000	 
2	1	388	0	0	0	2086	2021	180	9	-1	
3	1	388	1	0	0	2086	2021	180	9	-1	
4	1	388	1	1	0	2086	2021	180	9	-1	
5	1	388	1	1	1	2086	2021	180	9	95.000000	 
2	1	389	0	0	0	2086	2023	189	6	-1	
3	1	389	1	0	0	2086	2023	189	6	-1	
4	1	389	1	1	0	2086	2023	189	6	-1	
5	1	389	1	1	1	2086	2023	189	6	95.000000	 
2	1	390	0	0	0	2086	2021	203	10	-1	
3	1	390	1	0	0	2086	2021	203	10	-1	
4	1	390	1	1	0	2086	2021	203	10	-1	
5	1	390	1	1	1	2086	2021	203	10	95.000000	 
2	1	391	0	0	0	2086	2024	203	5	-1	
3	1	391	1	0	0	2086	2024	203	5	-1	
4	1	391	1	1	0	2086	2024	203	5	-1	
5	1	391	1	1	1	2086	2024	203	5	95.000000	 
2	1	392	0	0	0	2086	2026	203	4	-1	
3	1	392	1	0	0	2086	2026	203	4	-1	
4	1	392	1	1	0	2086	2026	203	4	-1	
5	1	392	1	1	1	2086	2026	203	4	95.000000	 
2	1	393	0	0	0	2086	2025	203	5	-1	
3	1	393	1	0	0	2086	2025	203	5	-1	
4	1	393	1	1	0	2086	2025	203	5	-1	
5	1	393	1	1	1	2086	2025	203	5	95.000000	 
2	1	394	0	0	0	2086	2027	203	4	-1	
3	1	394	1	0	0	2086	2027	203	4	-1	
4	1	394	1	1	0	2086	2027	203	4	-1	
5	1	394	1	1	1	2086	2027	203	4	95.000000	 
2	1	395	0	0	0	2545	2034	221	5	-1	
3	1	395	1	0	0	2545	2034	221	5	-1	
4	1	395	1	1	0	2545	2034	221	5	-1	
5	1	395	1	1	1	2545	2034	221	5	95.000000	 
2	1	396	0	0	0	2137	2031	136	4	-1	
3	1	396	1	0	0	2137	2031	136	4	-1	
4	1	396	1	1	0	2137	2031	136	4	-1	
5	1	396	1	1	1	2137	2031	136	4	95.000000	 
2	1	397	0	0	0	2137	2029	152	7	-1	
3	1	397	1	0	0	2137	2029	152	7	-1	
4	1	397	1	1	0	2137	2029	152	7	-1	
5	1	397	1	1	1	2137	2029	152	7	95.000000	 
2	1	398	0	0	0	2545	2035	221	6	-1	
3	1	398	1	0	0	2545	2035	221	6	-1	
4	1	398	1	1	0	2545	2035	221	6	-1	
5	1	398	1	1	1	2545	2035	221	6	95.000000	 
2	1	399	0	0	0	2545	2035	221	6	-1	
3	1	399	1	0	0	2545	2035	221	6	-1	
4	1	399	1	1	0	2545	2035	221	6	-1	
5	1	399	1	1	1	2545	2035	221	6	95.000000	 
2	1	400	0	0	0	2545	2036	226	3	-1	
3	1	400	1	0	0	2545	2036	226	3	-1	
4	1	400	1	1	0	2545	2036	226	3	-1	
5	1	400	1	1	1	2545	2036	226	3	95.000000	 
2	1	401	0	0	0	2137	2033	183	5	-1	
3	1	401	1	0	0	2137	2033	183	5	-1	
4	1	401	1	1	0	2137	2033	183	5	-1	
5	1	401	1	1	1	2137	2033	183	5	95.000000	 
2	1	402	0	0	0	2547	2040	18	1	-1	
3	1	402	1	0	0	2547	2040	18	1	-1	
4	1	402	1	1	0	2547	2040	18	1	-1	
5	1	402	1	1	1	2547	2040	18	1	95.000000	 
2	1	403	0	0	0	2713	2042	66	2	-1	
3	1	403	1	0	0	2713	2042	66	2	-1	
4	1	403	1	1	0	2713	2042	66	2	-1	
5	1	403	1	1	1	2713	2042	66	2	95.000000	 
2	1	404	0	0	0	2126	2035	189	6	-1	
3	1	404	1	0	0	2126	2035	189	6	-1	
4	1	404	1	1	0	2126	2035	189	6	-1	
5	1	404	1	1	1	2126	2035	189	6	95.000000	 
2	1	405	0	0	0	2126	2034	194	8	-1	
3	1	405	1	0	0	2126	2034	194	8	-1	
4	1	405	1	1	0	2126	2034	194	8	-1	
5	1	405	1	1	1	2126	2034	194	8	95.000000	 
2	1	406	0	0	0	2126	2034	194	8	-1	
3	1	406	1	0	0	2126	2034	194	8	-1	
4	1	406	1	1	0	2126	2034	194	8	-1	
5	1	406	1	1	1	2126	2034	194	8	95.000000	 
2	1	407	0	0	0	2126	2036	194	6	-1	
3	1	407	1	0	0	2126	2036	194	6	-1	
4	1	407	1	1	0	2126	2036	194	6	-1	
5	1	407	1	1	1	2126	2036	194	6	95.000000	 
2	1	408	0	0	0	2126	2037	203	3	-1	
3	1	408	1	0	0	2126	2037	203	3	-1	
4	1	408	1	1	0	2126	2037	203	3	-1	
5	1	408	1	1	1	2126	2037	203	3	95.000000	 
2	1	409	0	0	0	2295	2031	1	18	-1	
3	1	409	1	0	0	2295	2031	1	18	-1	
4	1	409	1	1	0	2295	2031	1	18	-1	
5	1	409	1	1	1	2295	2031	1	18	95.000000	 
2	1	410	0	0	0	2710	2043	57	5	-1	
3	1	410	1	0	0	2710	2043	57	5	-1	
4	1	410	1	1	0	2710	2043	57	5	-1	
5	1	410	1	1	1	2710	2043	57	5	95.000000	 
2	1	411	0	0	0	2126	2038	189	6	-1	
3	1	411	1	0	0	2126	2038	189	6	-1	
4	1	411	1	1	0	2126	2038	189	6	-1	
5	1	411	1	1	1	2126	2038	189	6	95.000000	 
2	1	412	0	0	0	2126	2037	215	10	-1	
3	1	412	1	0	0	2126	2037	215	10	-1	
4	1	412	1	1	0	2126	2037	215	10	-1	
5	1	412	1	1	1	2126	2037	215	10	95.000000	 
2	1	413	0	0	0	2126	2037	215	10	-1	
3	1	413	1	0	0	2126	2037	215	10	-1	
4	1	413	1	1	0	2126	2037	215	10	-1	
5	1	413	1	1	1	2126	2037	215	10	95.000000	 
2	1	414	0	0	0	2710	2047	56	2	-1	
3	1	414	1	0	0	2710	2047	56	2	-1	
4	1	414	1	1	0	2710	2047	56	2	-1	
5	1	414	1	1	1	2710	2047	56	2	95.000000	 
2	1	415	0	0	0	2151	2041	636	12	-1	
3	1	415	1	0	0	2151	2041	636	12	-1	
4	1	415	1	1	0	2151	2041	636	12	-1	
5	1	415	1	1	1	2151	2041	636	12	95.000000	 
2	1	416	0	0	0	2172	2044	615	9	-1	
3	1	416	1	0	0	2172	2044	615	9	-1	
4	1	416	1	1	0	2172	2044	615	9	-1	
5	1	416	1	1	1	2172	2044	615	9	95.000000	 
2	1	417	0	0	0	2172	2046	615	8	-1	
3	1	417	1	0	0	2172	2046	615	8	-1	
4	1	417	1	1	0	2172	2046	615	8	-1	
5	1	417	1	1	1	2172	2046	615	8	95.000000	 
2	1	418	0	0	0	2521	2049	35	3	-1	
3	1	418	1	0	0	2521	2049	35	3	-1	
4	1	418	1	1	0	2521	2049	35	3	-1	
5	1	418	1	1	1	2521	2049	35	3	95.000000	 
2	1	419	0	0	0	2111	1730	5	320	-1	
3	1	419	1	0	0	2111	1730	5	320	-1	
4	1	419	1	1	0	2111	1730	5	320	-1	
5	1	419	1	1	1	2111	1730	5	320	95.000000	 
2	1	420	0	0	0	2500	1737	16	336	-1	
3	1	420	1	0	0	2500	1737	16	336	-1	
4	1	420	1	1	0	2500	1737	16	336	-1	
5	1	420	1	1	1	2500	1737	16	336	95.000000	 
2	1	421	0	0	0	2500	1737	17	336	-1	
3	1	421	1	0	0	2500	1737	17	336	-1	
4	1	421	1	1	0	2500	1737	17	336	-1	
5	1	421	1	1	1	2500	1737	17	336	95.000000	 
2	1	422	0	0	0	2501	1752	15	321	-1	
3	1	422	1	0	0	2501	1752	15	321	-1	
4	1	422	1	1	0	2501	1752	15	321	-1	
5	1	422	1	1	1	2501	1752	15	321	95.000000	 
2	1	423	0	0	0	2509	1758	6	315	-1	
3	1	423	1	0	0	2509	1758	6	315	-1	
4	1	423	1	1	0	2509	1758	6	315	-1	
5	1	423	1	1	1	2509	1758	6	315	95.000000	 
2	1	424	0	0	0	2441	1760	11	314	-1	
3	1	424	1	0	0	2441	1760	11	314	-1	
4	1	424	1	1	0	2441	1760	11	314	-1	
5	1	424	1	1	1	2441	1760	11	314	95.000000	 
2	1	425	0	0	0	2508	1772	7	301	-1	
3	1	425	1	0	0	2508	1772	7	301	-1	
4	1	425	1	1	0	2508	1772	7	301	-1	
5	1	425	1	1	1	2508	1772	7	301	95.000000	 
2	1	426	0	0	0	2446	1776	6	298	-1	
3	1	426	1	0	0	2446	1776	6	298	-1	
4	1	426	1	1	0	2446	1776	6	298	-1	
5	1	426	1	1	1	2446	1776	6	298	95.000000	 
2	1	427	0	0	0	2446	1776	6	298	-1	
3	1	427	1	0	0	2446	1776	6	298	-1	
4	1	427	1	1	0	2446	1776	6	298	-1	
5	1	427	1	1	1	2446	1776	6	298	95.000000	 
2	1	428	0	0	0	2151	1994	3	63	-1	
3	1	428	1	0	0	2151	1994	3	63	-1	
4	1	428	1	1	0	2151	1994	3	63	-1	
5	1	428	1	1	1	2151	1994	3	63	95.000000	 
2	1	429	0	0	0	2142	2009	1	39	-1	
3	1	429	1	0	0	2142	2009	1	39	-1	
4	1	429	1	1	0	2142	2009	1	39	-1	
5	1	429	1	1	1	2142	2009	1	39	95.000000	 
2	1	430	0	0	0	2247	2019	3	39	-1	
3	1	430	1	0	0	2247	2019	3	39	-1	
4	1	430	1	1	0	2247	2019	3	39	-1	
5	1	430	1	1	1	2247	2019	3	39	95.000000	 
2	1	431	0	0	0	2263	2023	3	33	-1	
3	1	431	1	0	0	2263	2023	3	33	-1	
4	1	431	1	1	0	2263	2023	3	33	-1	
5	1	431	1	1	1	2263	2023	3	33	95.000000	 
2	1	432	0	0	0	2783	2038	3	19	-1	
3	1	432	1	0	0	2783	2038	3	19	-1	
4	1	432	1	1	0	2783	2038	3	19	-1	
5	1	432	1	1	1	2783	2038	3	19	95.000000	 
2	1	433	0	0	0	2181	2023	3	40	-1	
3	1	433	1	0	0	2181	2023	3	40	-1	
4	1	433	1	1	0	2181	2023	3	40	-1	
5	1	433	1	1	1	2181	2023	3	40	95.000000	 
2	1	434	0	0	0	2183	2027	3	33	-1	
3	1	434	1	0	0	2183	2027	3	33	-1	
4	1	434	1	1	0	2183	2027	3	33	-1	
5	1	434	1	1	1	2183	2027	3	33	95.000000	 
2	1	435	0	0	0	2289	2031	3	27	-1	
3	1	435	1	0	0	2289	2031	3	27	-1	
4	1	435	1	1	0	2289	2031	3	27	-1	
5	1	435	1	1	1	2289	2031	3	27	95.000000	 
2	1	436	0	0	0	2265	2028	4	35	-1	
3	1	436	1	0	0	2265	2028	4	35	-1	
4	1	436	1	1	0	2265	2028	4	35	-1	
5	1	436	1	1	1	2265	2028	4	35	95.000000	 
2	1	437	0	0	0	2273	2026	3	40	-1	
3	1	437	1	0	0	2273	2026	3	40	-1	
4	1	437	1	1	0	2273	2026	3	40	-1	
5	1	437	1	1	1	2273	2026	3	40	95.000000	 
2	1	438	0	0	0	2285	2035	3	21	-1	
3	1	438	1	0	0	2285	2035	3	21	-1	
4	1	438	1	1	0	2285	2035	3	21	-1	
5	1	438	1	1	1	2285	2035	3	21	95.000000	 
2	1	439	0	0	0	2776	2038	3	29	-1	
3	1	439	1	0	0	2776	2038	3	29	-1	
4	1	439	1	1	0	2776	2038	3	29	-1	
5	1	439	1	1	1	2776	2038	3	29	95.000000	 
2	1	440	0	0	0	2778	2044	3	17	-1	
3	1	440	1	0	0	2778	2044	3	17	-1	
4	1	440	1	1	0	2778	2044	3	17	-1	
5	1	440	1	1	1	2778	2044	3	17	95.000000	 
2	1	441	0	0	0	2170	2043	617	16	-1	
3	1	441	1	0	0	2170	2043	617	16	-1	
4	1	441	1	1	0	2170	2043	617	16	-1	
5	1	441	1	1	1	2170	2043	617	16	95.000000	 
2	1	442	0	0	0	2170	2044	617	13	-1	
3	1	442	1	0	0	2170	2044	617	13	-1	
4	1	442	1	1	0	2170	2044	617	13	-1	
5	1	442	1	1	1	2170	2044	617	13	95.000000	 
2	1	443	0	0	0	2170	2044	617	13	-1	
3	1	443	1	0	0	2170	2044	617	13	-1	
4	1	443	1	1	0	2170	2044	617	13	-1	
5	1	443	1	1	1	2170	2044	617	13	95.000000	 
2	1	444	0	0	0	2170	2045	617	14	-1	
3	1	444	1	0	0	2170	2045	617	14	-1	
4	1	444	1	1	0	2170	2045	617	14	-1	
5	1	444	1	1	1	2170	2045	617	14	95.000000	 
2	1	445	0	0	0	2170	2047	620	10	-1	
3	1	445	1	0	0	2170	2047	620	10	-1	
4	1	445	1	1	0	2170	2047	620	10	-1	
5	1	445	1	1	1	2170	2047	620	10	95.000000	 
2	1	446	0	0	0	2170	2049	592	8	-1	
3	1	446	1	0	0	2170	2049	592	8	-1	
4	1	446	1	1	0	2170	2049	592	8	-1	
5	1	446	1	1	1	2170	2049	592	8	95.000000	 
2	1	447	0	0	0	2179	2041	3	19	-1	
3	1	447	1	0	0	2179	2041	3	19	-1	
4	1	447	1	1	0	2179	2041	3	19	-1	
5	1	447	1	1	1	2179	2041	3	19	95.000000	 
2	1	448	0	0	0	2275	2043	3	17	-1	
3	1	448	1	0	0	2275	2043	3	17	-1	
4	1	448	1	1	0	2275	2043	3	17	-1	
5	1	448	1	1	1	2275	2043	3	17	95.000000	 
2	1	449	0	0	0	2287	2035	3	36	-1	
3	1	449	1	0	0	2287	2035	3	36	-1	
4	1	449	1	1	0	2287	2035	3	36	-1	
5	1	449	1	1	1	2287	2035	3	36	95.000000	 
2	1	450	0	0	0	2785	2048	3	19	-1	
3	1	450	1	0	0	2785	2048	3	19	-1	
4	1	450	1	1	0	2785	2048	3	19	-1	
5	1	450	1	1	1	2785	2048	3	19	95.000000	 
2	1	451	0	0	0	2599	2056	190	5	-1	
3	1	451	1	0	0	2599	2056	190	5	-1	
4	1	451	1	1	0	2599	2056	190	5	-1	
5	1	451	1	1	1	2599	2056	190	5	95.000000	 
2	1	452	0	0	0	2169	2050	621	15	-1	
3	1	452	1	0	0	2169	2050	621	15	-1	
4	1	452	1	1	0	2169	2050	621	15	-1	
5	1	452	1	1	1	2169	2050	621	15	95.000000	 
2	1	453	0	0	0	2162	2053	627	11	-1	
3	1	453	1	0	0	2162	2053	627	11	-1	
4	1	453	1	1	0	2162	2053	627	11	-1	
5	1	453	1	1	1	2162	2053	627	11	95.000000	 
2	1	454	0	0	0	2268	2040	3	33	-1	
3	1	454	1	0	0	2268	2040	3	33	-1	
4	1	454	1	1	0	2268	2040	3	33	-1	
5	1	454	1	1	1	2268	2040	3	33	95.000000	 
2	1	455	0	0	0	2542	2050	3	20	-1	
3	1	455	1	0	0	2542	2050	3	20	-1	
4	1	455	1	1	0	2542	2050	3	20	-1	
5	1	455	1	1	1	2542	2050	3	20	95.000000	 
2	1	456	0	0	0	2325	2045	3	26	-1	
3	1	456	1	0	0	2325	2045	3	26	-1	
4	1	456	1	1	0	2325	2045	3	26	-1	
5	1	456	1	1	1	2325	2045	3	26	95.000000	 
2	1	457	0	0	0	2599	2058	190	7	-1	
3	1	457	1	0	0	2599	2058	190	7	-1	
4	1	457	1	1	0	2599	2058	190	7	-1	
5	1	457	1	1	1	2599	2058	190	7	95.000000	 
2	1	458	0	0	0	2162	2054	356	12	-1	
3	1	458	1	0	0	2162	2054	356	12	-1	
4	1	458	1	1	0	2162	2054	356	12	-1	
5	1	458	1	1	1	2162	2054	356	12	95.000000	 
2	1	459	0	0	0	2164	2057	354	9	-1	
3	1	459	1	0	0	2164	2057	354	9	-1	
4	1	459	1	1	0	2164	2057	354	9	-1	
5	1	459	1	1	1	2164	2057	354	9	95.000000	 
2	1	460	0	0	0	2168	2060	350	7	-1	
3	1	460	1	0	0	2168	2060	350	7	-1	
4	1	460	1	1	0	2168	2060	350	7	-1	
5	1	460	1	1	1	2168	2060	350	7	95.000000	 
2	1	461	0	0	0	2168	2061	350	7	-1	
3	1	461	1	0	0	2168	2061	350	7	-1	
4	1	461	1	1	0	2168	2061	350	7	-1	
5	1	461	1	1	1	2168	2061	350	7	95.000000	 
2	1	462	0	0	0	2168	2063	587	7	-1	
3	1	462	1	0	0	2168	2063	587	7	-1	
4	1	462	1	1	0	2168	2063	587	7	-1	
5	1	462	1	1	1	2168	2063	587	7	95.000000	 
2	1	463	0	0	0	2168	2064	557	7	-1	
3	1	463	1	0	0	2168	2064	557	7	-1	
4	1	463	1	1	0	2168	2064	557	7	-1	
5	1	463	1	1	1	2168	2064	557	7	95.000000	 
2	1	464	0	0	0	2168	2063	554	12	-1	
3	1	464	1	0	0	2168	2063	554	12	-1	
4	1	464	1	1	0	2168	2063	554	12	-1	
5	1	464	1	1	1	2168	2063	554	12	95.000000	 
2	1	465	0	0	0	2168	2062	569	16	-1	
3	1	465	1	0	0	2168	2062	569	16	-1	
4	1	465	1	1	0	2168	2062	569	16	-1	
5	1	465	1	1	1	2168	2062	569	16	95.000000	 
2	1	466	0	0	0	2168	2062	569	16	-1	
3	1	466	1	0	0	2168	2062	569	16	-1	
4	1	466	1	1	0	2168	2062	569	16	-1	
5	1	466	1	1	1	2168	2062	569	16	95.000000	 
2	1	467	0	0	0	2168	2062	569	16	-1	
3	1	467	1	0	0	2168	2062	569	16	-1	
4	1	467	1	1	0	2168	2062	569	16	-1	
5	1	467	1	1	1	2168	2062	569	16	95.000000	 
2	1	468	0	0	0	2168	2061	569	17	-1	
3	1	468	1	0	0	2168	2061	569	17	-1	
4	1	468	1	1	0	2168	2061	569	17	-1	
5	1	468	1	1	1	2168	2061	569	17	95.000000	 
2	1	469	0	0	0	2158	2065	579	11	-1	
3	1	469	1	0	0	2158	2065	579	11	-1	
4	1	469	1	1	0	2158	2065	579	11	-1	
5	1	469	1	1	1	2158	2065	579	11	95.000000	 
2	1	470	0	0	0	2166	2066	571	9	-1	
3	1	470	1	0	0	2166	2066	571	9	-1	
4	1	470	1	1	0	2166	2066	571	9	-1	
5	1	470	1	1	1	2166	2066	571	9	95.000000	 
2	1	471	0	0	0	2168	2064	579	13	-1	
3	1	471	1	0	0	2168	2064	579	13	-1	
4	1	471	1	1	0	2168	2064	579	13	-1	
5	1	471	1	1	1	2168	2064	579	13	95.000000	 
2	1	472	0	0	0	2389	1702	6	380	-1	
3	1	472	1	0	0	2389	1702	6	380	-1	
4	1	472	1	1	0	2389	1702	6	380	-1	
5	1	472	1	1	1	2389	1702	6	380	95.000000	 
2	1	473	0	0	0	2389	1702	9	380	-1	
3	1	473	1	0	0	2389	1702	9	380	-1	
4	1	473	1	1	0	2389	1702	9	380	-1	
5	1	473	1	1	1	2389	1702	9	380	95.000000	 
2	1	474	0	0	0	2389	1702	9	380	-1	
3	1	474	1	0	0	2389	1702	9	380	-1	
4	1	474	1	1	0	2389	1702	9	380	-1	
5	1	474	1	1	1	2389	1702	9	380	95.000000	 
2	1	475	0	0	0	2386	1707	11	375	-1	
3	1	475	1	0	0	2386	1707	11	375	-1	
4	1	475	1	1	0	2386	1707	11	375	-1	
5	1	475	1	1	1	2386	1707	11	375	95.000000	 
2	1	476	0	0	0	2389	1702	9	390	-1	
3	1	476	1	0	0	2389	1702	9	390	-1	
4	1	476	1	1	0	2389	1702	9	390	-1	
5	1	476	1	1	1	2389	1702	9	390	95.000000	 
2	1	477	0	0	0	2388	1702	7	395	-1	
3	1	477	1	0	0	2388	1702	7	395	-1	
4	1	477	1	1	0	2388	1702	7	395	-1	
5	1	477	1	1	1	2388	1702	7	395	95.000000	 
2	1	478	0	0	0	2506	1772	21	306	-1	
3	1	478	1	0	0	2506	1772	21	306	-1	
4	1	478	1	1	0	2506	1772	21	306	-1	
5	1	478	1	1	1	2506	1772	21	306	95.000000	 
2	1	479	0	0	0	2512	1777	9	301	-1	
3	1	479	1	0	0	2512	1777	9	301	-1	
4	1	479	1	1	0	2512	1777	9	301	-1	
5	1	479	1	1	1	2512	1777	9	301	95.000000	 
2	1	480	0	0	0	2514	1784	5	294	-1	
3	1	480	1	0	0	2514	1784	5	294	-1	
4	1	480	1	1	0	2514	1784	5	294	-1	
5	1	480	1	1	1	2514	1784	5	294	95.000000	 
2	1	481	0	0	0	2514	1784	5	294	-1	
3	1	481	1	0	0	2514	1784	5	294	-1	
4	1	481	1	1	0	2514	1784	5	294	-1	
5	1	481	1	1	1	2514	1784	5	294	95.000000	 
2	1	482	0	0	0	2514	1784	5	294	-1	
3	1	482	1	0	0	2514	1784	5	294	-1	
4	1	482	1	1	0	2514	1784	5	294	-1	
5	1	482	1	1	1	2514	1784	5	294	95.000000	 
2	1	483	0	0	0	2516	1784	4	294	-1	
3	1	483	1	0	0	2516	1784	4	294	-1	
4	1	483	1	1	0	2516	1784	4	294	-1	
5	1	483	1	1	1	2516	1784	4	294	95.000000	 
2	1	484	0	0	0	2516	1784	5	294	-1	
3	1	484	1	0	0	2516	1784	5	294	-1	
4	1	484	1	1	0	2516	1784	5	294	-1	
5	1	484	1	1	1	2516	1784	5	294	95.000000	 
2	1	485	0	0	0	2524	1833	13	261	-1	
3	1	485	1	0	0	2524	1833	13	261	-1	
4	1	485	1	1	0	2524	1833	13	261	-1	
5	1	485	1	1	1	2524	1833	13	261	95.000000	 
2	1	486	0	0	0	2525	1840	10	254	-1	
3	1	486	1	0	0	2525	1840	10	254	-1	
4	1	486	1	1	0	2525	1840	10	254	-1	
5	1	486	1	1	1	2525	1840	10	254	95.000000	 
2	1	487	0	0	0	2531	1858	8	236	-1	
3	1	487	1	0	0	2531	1858	8	236	-1	
4	1	487	1	1	0	2531	1858	8	236	-1	
5	1	487	1	1	1	2531	1858	8	236	95.000000	 
2	1	488	0	0	0	2528	1862	7	232	-1	
3	1	488	1	0	0	2528	1862	7	232	-1	
4	1	488	1	1	0	2528	1862	7	232	-1	
5	1	488	1	1	1	2528	1862	7	232	95.000000	 
2	1	489	0	0	0	2528	1862	8	232	-1	
3	1	489	1	0	0	2528	1862	8	232	-1	
4	1	489	1	1	0	2528	1862	8	232	-1	
5	1	489	1	1	1	2528	1862	8	232	95.000000	 
2	1	490	0	0	0	2528	1862	8	232	-1	
3	1	490	1	0	0	2528	1862	8	232	-1	
4	1	490	1	1	0	2528	1862	8	232	-1	
5	1	490	1	1	1	2528	1862	8	232	95.000000	 
2	1	491	0	0	0	2130	1989	4	90	-1	
3	1	491	1	0	0	2130	1989	4	90	-1	
4	1	491	1	1	0	2130	1989	4	90	-1	
5	1	491	1	1	1	2130	1989	4	90	95.000000	 
2	1	492	0	0	0	2131	1989	3	90	-1	
3	1	492	1	0	0	2131	1989	3	90	-1	
4	1	492	1	1	0	2131	1989	3	90	-1	
5	1	492	1	1	1	2131	1989	3	90	95.000000	 
2	1	493	0	0	0	2136	1989	3	90	-1	
3	1	493	1	0	0	2136	1989	3	90	-1	
4	1	493	1	1	0	2136	1989	3	90	-1	
5	1	493	1	1	1	2136	1989	3	90	95.000000	 
2	1	494	0	0	0	2130	1994	6	85	-1	
3	1	494	1	0	0	2130	1994	6	85	-1	
4	1	494	1	1	0	2130	1994	6	85	-1	
5	1	494	1	1	1	2130	1994	6	85	95.000000	 
2	1	495	0	0	0	2136	1994	3	85	-1	
3	1	495	1	0	0	2136	1994	3	85	-1	
4	1	495	1	1	0	2136	1994	3	85	-1	
5	1	495	1	1	1	2136	1994	3	85	95.000000	 
2	1	496	0	0	0	2137	1994	3	85	-1	
3	1	496	1	0	0	2137	1994	3	85	-1	
4	1	496	1	1	0	2137	1994	3	85	-1	
5	1	496	1	1	1	2137	1994	3	85	95.000000	 
2	1	497	0	0	0	2127	2007	5	72	-1	
3	1	497	1	0	0	2127	2007	5	72	-1	
4	1	497	1	1	0	2127	2007	5	72	-1	
5	1	497	1	1	1	2127	2007	5	72	95.000000	 
2	1	498	0	0	0	2174	2001	3	94	-1	
3	1	498	1	0	0	2174	2001	3	94	-1	
4	1	498	1	1	0	2174	2001	3	94	-1	
5	1	498	1	1	1	2174	2001	3	94	95.000000	 
2	1	499	0	0	0	2176	2001	3	94	-1	
3	1	499	1	0	0	2176	2001	3	94	-1	
4	1	499	1	1	0	2176	2001	3	94	-1	
5	1	499	1	1	1	2176	2001	3	94	95.000000	 
2	1	500	0	0	0	2720	2033	3	57	-1	
3	1	500	1	0	0	2720	2033	3	57	-1	
4	1	500	1	1	0	2720	2033	3	57	-1	
5	1	500	1	1	1	2720	2033	3	57	95.000000	 
2	1	501	0	0	0	2217	2028	6	57	-1	
3	1	501	1	0	0	2217	2028	6	57	-1	
4	1	501	1	1	0	2217	2028	6	57	-1	
5	1	501	1	1	1	2217	2028	6	57	95.000000	 
2	1	502	0	0	0	2306	2036	3	45	-1	
3	1	502	1	0	0	2306	2036	3	45	-1	
4	1	502	1	1	0	2306	2036	3	45	-1	
5	1	502	1	1	1	2306	2036	3	45	95.000000	 
2	1	503	0	0	0	2307	2036	3	45	-1	
3	1	503	1	0	0	2307	2036	3	45	-1	
4	1	503	1	1	0	2307	2036	3	45	-1	
5	1	503	1	1	1	2307	2036	3	45	95.000000	 
2	1	504	0	0	0	2721	2033	3	62	-1	
3	1	504	1	0	0	2721	2033	3	62	-1	
4	1	504	1	1	0	2721	2033	3	62	-1	
5	1	504	1	1	1	2721	2033	3	62	95.000000	 
2	1	505	0	0	0	2311	2043	3	35	-1	
3	1	505	1	0	0	2311	2043	3	35	-1	
4	1	505	1	1	0	2311	2043	3	35	-1	
5	1	505	1	1	1	2311	2043	3	35	95.000000	 
2	1	506	0	0	0	2365	2051	3	28	-1	
3	1	506	1	0	0	2365	2051	3	28	-1	
4	1	506	1	1	0	2365	2051	3	28	-1	
5	1	506	1	1	1	2365	2051	3	28	95.000000	 
2	1	507	0	0	0	2314	2055	1	21	-1	
3	1	507	1	0	0	2314	2055	1	21	-1	
4	1	507	1	1	0	2314	2055	1	21	-1	
5	1	507	1	1	1	2314	2055	1	21	95.000000	 
2	1	508	0	0	0	2168	2063	569	16	-1	
3	1	508	1	0	0	2168	2063	569	16	-1	
4	1	508	1	1	0	2168	2063	569	16	-1	
5	1	508	1	1	1	2168	2063	569	16	95.000000	 
2	1	509	0	0	0	2368	2061	1	18	-1	
3	1	509	1	0	0	2368	2061	1	18	-1	
4	1	509	1	1	0	2368	2061	1	18	-1	
5	1	509	1	1	1	2368	2061	1	18	95.000000	 
2	1	510	0	0	0	2512	2061	1	19	-1	
3	1	510	1	0	0	2512	2061	1	19	-1	
4	1	510	1	1	0	2512	2061	1	19	-1	
5	1	510	1	1	1	2512	2061	1	19	95.000000	 
2	1	511	0	0	0	2328	2062	1	18	-1	
3	1	511	1	0	0	2328	2062	1	18	-1	
4	1	511	1	1	0	2328	2062	1	18	-1	
5	1	511	1	1	1	2328	2062	1	18	95.000000	 
2	1	512	0	0	0	2378	2061	1	23	-1	
3	1	512	1	0	0	2378	2061	1	23	-1	
4	1	512	1	1	0	2378	2061	1	23	-1	
5	1	512	1	1	1	2378	2061	1	23	95.000000	 
2	1	513	0	0	0	2692	2066	1	19	-1	
3	1	513	1	0	0	2692	2066	1	19	-1	
4	1	513	1	1	0	2692	2066	1	19	-1	
5	1	513	1	1	1	2692	2066	1	19	95.000000	 
2	1	514	0	0	0	2654	2075	83	7	-1	
3	1	514	1	0	0	2654	2075	83	7	-1	
4	1	514	1	1	0	2654	2075	83	7	-1	
5	1	514	1	1	1	2654	2075	83	7	95.000000	 
2	1	515	0	0	0	2354	2067	1	18	-1	
3	1	515	1	0	0	2354	2067	1	18	-1	
4	1	515	1	1	0	2354	2067	1	18	-1	
5	1	515	1	1	1	2354	2067	1	18	95.000000	 
2	1	516	0	0	0	2370	2065	1	24	-1	
3	1	516	1	0	0	2370	2065	1	24	-1	
4	1	516	1	1	0	2370	2065	1	24	-1	
5	1	516	1	1	1	2370	2065	1	24	95.000000	 
2	1	517	0	0	0	2365	2078	21	1	-1	
3	1	517	1	0	0	2365	2078	21	1	-1	
4	1	517	1	1	0	2365	2078	21	1	-1	
5	1	517	1	1	1	2365	2078	21	1	95.000000	 
2	1	518	0	0	0	2375	2070	1	17	-1	
3	1	518	1	0	0	2375	2070	1	17	-1	
4	1	518	1	1	0	2375	2070	1	17	-1	
5	1	518	1	1	1	2375	2070	1	17	95.000000	 
2	1	519	0	0	0	2365	2076	387	12	-1	
3	1	519	1	0	0	2365	2076	387	12	-1	
4	1	519	1	1	0	2365	2076	387	12	-1	
5	1	519	1	1	1	2365	2076	387	12	95.000000	 
2	1	520	0	0	0	2365	2078	387	8	-1	
3	1	520	1	0	0	2365	2078	387	8	-1	
4	1	520	1	1	0	2365	2078	387	8	-1	
5	1	520	1	1	1	2365	2078	387	8	95.000000	 
2	1	521	0	0	0	2365	2075	389	13	-1	
3	1	521	1	0	0	2365	2075	389	13	-1	
4	1	521	1	1	0	2365	2075	389	13	-1	
5	1	521	1	1	1	2365	2075	389	13	95.000000	 
2	1	522	0	0	0	2194	2077	556	10	-1	
3	1	522	1	0	0	2194	2077	556	10	-1	
4	1	522	1	1	0	2194	2077	556	10	-1	
5	1	522	1	1	1	2194	2077	556	10	95.000000	 
2	1	523	0	0	0	2352	2079	398	8	-1	
3	1	523	1	0	0	2352	2079	398	8	-1	
4	1	523	1	1	0	2352	2079	398	8	-1	
5	1	523	1	1	1	2352	2079	398	8	95.000000	 
2	1	524	0	0	0	2365	2080	385	7	-1	
3	1	524	1	0	0	2365	2080	385	7	-1	
4	1	524	1	1	0	2365	2080	385	7	-1	
5	1	524	1	1	1	2365	2080	385	7	95.000000	 
2	1	525	0	0	0	2365	2080	385	7	-1	
3	1	525	1	0	0	2365	2080	385	7	-1	
4	1	525	1	1	0	2365	2080	385	7	-1	
5	1	525	1	1	1	2365	2080	385	7	95.000000	 
2	1	526	0	0	0	2365	2080	376	12	-1	
3	1	526	1	0	0	2365	2080	376	12	-1	
4	1	526	1	1	0	2365	2080	376	12	-1	
5	1	526	1	1	1	2365	2080	376	12	95.000000	 
2	1	527	0	0	0	2365	2079	396	13	-1	
3	1	527	1	0	0	2365	2079	396	13	-1	
4	1	527	1	1	0	2365	2079	396	13	-1	
5	1	527	1	1	1	2365	2079	396	13	95.000000	 
2	1	528	0	0	0	2194	2081	33	4	-1	
3	1	528	1	0	0	2194	2081	33	4	-1	
4	1	528	1	1	0	2194	2081	33	4	-1	
5	1	528	1	1	1	2194	2081	33	4	95.000000	 
2	1	529	0	0	0	2455	2077	295	25	-1	
3	1	529	1	0	0	2455	2077	295	25	-1	
4	1	529	1	1	0	2455	2077	295	25	-1	
5	1	529	1	1	1	2455	2077	295	25	95.000000	 
2	1	530	0	0	0	2440	2087	319	15	-1	
3	1	530	1	0	0	2440	2087	319	15	-1	
4	1	530	1	1	0	2440	2087	319	15	-1	
5	1	530	1	1	1	2440	2087	319	15	95.000000	 
2	1	531	0	0	0	2455	2088	304	12	-1	
3	1	531	1	0	0	2455	2088	304	12	-1	
4	1	531	1	1	0	2455	2088	304	12	-1	
5	1	531	1	1	1	2455	2088	304	12	95.000000	 
2	1	532	0	0	0	2466	2087	293	15	-1	
3	1	532	1	0	0	2466	2087	293	15	-1	
4	1	532	1	1	0	2466	2087	293	15	-1	
5	1	532	1	1	1	2466	2087	293	15	95.000000	 
2	1	533	0	0	0	2455	2089	304	12	-1	
3	1	533	1	0	0	2455	2089	304	12	-1	
4	1	533	1	1	0	2455	2089	304	12	-1	
5	1	533	1	1	1	2455	2089	304	12	95.000000	 
2	1	534	0	0	0	2455	2089	304	12	-1	
3	1	534	1	0	0	2455	2089	304	12	-1	
4	1	534	1	1	0	2455	2089	304	12	-1	
5	1	534	1	1	1	2455	2089	304	12	95.000000	 
2	1	535	0	0	0	2455	2092	304	7	-1	
3	1	535	1	0	0	2455	2092	304	7	-1	
4	1	535	1	1	0	2455	2092	304	7	-1	
5	1	535	1	1	1	2455	2092	304	7	95.000000	 
2	1	536	0	0	0	2165	2089	46	5	-1	
3	1	536	1	0	0	2165	2089	46	5	-1	
4	1	536	1	1	0	2165	2089	46	5	-1	
5	1	536	1	1	1	2165	2089	46	5	95.000000	 
2	1	537	0	0	0	2455	2091	306	10	-1	
3	1	537	1	0	0	2455	2091	306	10	-1	
4	1	537	1	1	0	2455	2091	306	10	-1	
5	1	537	1	1	1	2455	2091	306	10	95.000000	 
2	1	538	0	0	0	2455	2094	304	7	-1	
3	1	538	1	0	0	2455	2094	304	7	-1	
4	1	538	1	1	0	2455	2094	304	7	-1	
5	1	538	1	1	1	2455	2094	304	7	95.000000	 
2	1	539	0	0	0	2420	2095	339	5	-1	
3	1	539	1	0	0	2420	2095	339	5	-1	
4	1	539	1	1	0	2420	2095	339	5	-1	
5	1	539	1	1	1	2420	2095	339	5	95.000000	 
2	1	540	0	0	0	2486	1743	8	379	-1	
3	1	540	1	0	0	2486	1743	8	379	-1	
4	1	540	1	1	0	2486	1743	8	379	-1	
5	1	540	1	1	1	2486	1743	8	379	95.000000	 
2	1	541	0	0	0	2486	1743	8	379	-1	
3	1	541	1	0	0	2486	1743	8	379	-1	
4	1	541	1	1	0	2486	1743	8	379	-1	
5	1	541	1	1	1	2486	1743	8	379	95.000000	 
2	1	542	0	0	0	2486	1743	8	379	-1	
3	1	542	1	0	0	2486	1743	8	379	-1	
4	1	542	1	1	0	2486	1743	8	379	-1	
5	1	542	1	1	1	2486	1743	8	379	95.000000	 
2	1	543	0	0	0	2450	1776	12	331	-1	
3	1	543	1	0	0	2450	1776	12	331	-1	
4	1	543	1	1	0	2450	1776	12	331	-1	
5	1	543	1	1	1	2450	1776	12	331	95.000000	 
2	1	544	0	0	0	2434	1770	6	347	-1	
3	1	544	1	0	0	2434	1770	6	347	-1	
4	1	544	1	1	0	2434	1770	6	347	-1	
5	1	544	1	1	1	2434	1770	6	347	95.000000	 
2	1	545	0	0	0	2434	1770	7	347	-1	
3	1	545	1	0	0	2434	1770	7	347	-1	
4	1	545	1	1	0	2434	1770	7	347	-1	
5	1	545	1	1	1	2434	1770	7	347	95.000000	 
2	1	546	0	0	0	2435	1770	6	347	-1	
3	1	546	1	0	0	2435	1770	6	347	-1	
4	1	546	1	1	0	2435	1770	6	347	-1	
5	1	546	1	1	1	2435	1770	6	347	95.000000	 
2	1	547	0	0	0	2448	1776	6	337	-1	
3	1	547	1	0	0	2448	1776	6	337	-1	
4	1	547	1	1	0	2448	1776	6	337	-1	
5	1	547	1	1	1	2448	1776	6	337	95.000000	 
2	1	548	0	0	0	2485	1777	9	345	-1	
3	1	548	1	0	0	2485	1777	9	345	-1	
4	1	548	1	1	0	2485	1777	9	345	-1	
5	1	548	1	1	1	2485	1777	9	345	95.000000	 
2	1	549	0	0	0	2186	1797	14	307	-1	
3	1	549	1	0	0	2186	1797	14	307	-1	
4	1	549	1	1	0	2186	1797	14	307	-1	
5	1	549	1	1	1	2186	1797	14	307	95.000000	 
2	1	550	0	0	0	2188	1797	11	310	-1	
3	1	550	1	0	0	2188	1797	11	310	-1	
4	1	550	1	1	0	2188	1797	11	310	-1	
5	1	550	1	1	1	2188	1797	11	310	95.000000	 
2	1	551	0	0	0	2086	1796	404	347	-1	
3	1	551	1	0	0	2086	1796	404	347	-1	
4	1	551	1	1	0	2086	1796	404	347	-1	
5	1	551	1	1	1	2086	1796	404	347	95.000000	  
2	1	552	0	0	0	2460	1809	9	298	-1	
3	1	552	1	0	0	2460	1809	9	298	-1	
4	1	552	1	1	0	2460	1809	9	298	-1	
5	1	552	1	1	1	2460	1809	9	298	95.000000	 
2	1	553	0	0	0	2461	1822	7	285	-1	
3	1	553	1	0	0	2461	1822	7	285	-1	
4	1	553	1	1	0	2461	1822	7	285	-1	
5	1	553	1	1	1	2461	1822	7	285	95.000000	 
2	1	554	0	0	0	2455	1831	6	276	-1	
3	1	554	1	0	0	2455	1831	6	276	-1	
4	1	554	1	1	0	2455	1831	6	276	-1	
5	1	554	1	1	1	2455	1831	6	276	95.000000	 
2	1	555	0	0	0	2455	1831	7	276	-1	
3	1	555	1	0	0	2455	1831	7	276	-1	
4	1	555	1	1	0	2455	1831	7	276	-1	
5	1	555	1	1	1	2455	1831	7	276	95.000000	 
2	1	556	0	0	0	2456	1831	6	276	-1	
3	1	556	1	0	0	2456	1831	6	276	-1	
4	1	556	1	1	0	2456	1831	6	276	-1	
5	1	556	1	1	1	2456	1831	6	276	95.000000	 
2	1	557	0	0	0	2457	1831	11	276	-1	
3	1	557	1	0	0	2457	1831	11	276	-1	
4	1	557	1	1	0	2457	1831	11	276	-1	
5	1	557	1	1	1	2457	1831	11	276	95.000000	 
2	1	558	0	0	0	2462	1834	4	273	-1	
3	1	558	1	0	0	2462	1834	4	273	-1	
4	1	558	1	1	0	2462	1834	4	273	-1	
5	1	558	1	1	1	2462	1834	4	273	95.000000	 
2	1	559	0	0	0	2455	1831	10	281	-1	
3	1	559	1	0	0	2455	1831	10	281	-1	
4	1	559	1	1	0	2455	1831	10	281	-1	
5	1	559	1	1	1	2455	1831	10	281	95.000000	 
2	1	560	0	0	0	2473	1845	4	260	-1	
3	1	560	1	0	0	2473	1845	4	260	-1	
4	1	560	1	1	0	2473	1845	4	260	-1	
5	1	560	1	1	1	2473	1845	4	260	95.000000	 
2	1	561	0	0	0	2462	1848	6	259	-1	
3	1	561	1	0	0	2462	1848	6	259	-1	
4	1	561	1	1	0	2462	1848	6	259	-1	
5	1	561	1	1	1	2462	1848	6	259	95.000000	 
2	1	562	0	0	0	2471	1845	9	270	-1	
3	1	562	1	0	0	2471	1845	9	270	-1	
4	1	562	1	1	0	2471	1845	9	270	-1	
5	1	562	1	1	1	2471	1845	9	270	95.000000	 
2	1	563	0	0	0	2195	1854	5	250	-1	
3	1	563	1	0	0	2195	1854	5	250	-1	
4	1	563	1	1	0	2195	1854	5	250	-1	
5	1	563	1	1	1	2195	1854	5	250	95.000000	 
2	1	564	0	0	0	2471	1845	9	273	-1	
3	1	564	1	0	0	2471	1845	9	273	-1	
4	1	564	1	1	0	2471	1845	9	273	-1	
5	1	564	1	1	1	2471	1845	9	273	95.000000	 
2	1	565	0	0	0	2199	1859	5	248	-1	
3	1	565	1	0	0	2199	1859	5	248	-1	
4	1	565	1	1	0	2199	1859	5	248	-1	
5	1	565	1	1	1	2199	1859	5	248	95.000000	 
2	1	566	0	0	0	2479	1868	5	247	-1	
3	1	566	1	0	0	2479	1868	5	247	-1	
4	1	566	1	1	0	2479	1868	5	247	-1	
5	1	566	1	1	1	2479	1868	5	247	95.000000	 
2	1	567	0	0	0	2480	1868	5	247	-1	
3	1	567	1	0	0	2480	1868	5	247	-1	
4	1	567	1	1	0	2480	1868	5	247	-1	
5	1	567	1	1	1	2480	1868	5	247	95.000000	 
2	1	568	0	0	0	2480	1868	5	251	-1	
3	1	568	1	0	0	2480	1868	5	251	-1	
4	1	568	1	1	0	2480	1868	5	251	-1	
5	1	568	1	1	1	2480	1868	5	251	95.000000	 
2	1	569	0	0	0	2599	1996	4	115	-1	
3	1	569	1	0	0	2599	1996	4	115	-1	
4	1	569	1	1	0	2599	1996	4	115	-1	
5	1	569	1	1	1	2599	1996	4	115	95.000000	 
2	1	570	0	0	0	2603	1996	3	123	-1	
3	1	570	1	0	0	2603	1996	3	123	-1	
4	1	570	1	1	0	2603	1996	3	123	-1	
5	1	570	1	1	1	2603	1996	3	123	95.000000	 
2	1	571	0	0	0	2603	1996	3	127	-1	
3	1	571	1	0	0	2603	1996	3	127	-1	
4	1	571	1	1	0	2603	1996	3	127	-1	
5	1	571	1	1	1	2603	1996	3	127	95.000000	 
2	1	572	0	0	0	2209	2016	5	86	-1	
3	1	572	1	0	0	2209	2016	5	86	-1	
4	1	572	1	1	0	2209	2016	5	86	-1	
5	1	572	1	1	1	2209	2016	5	86	95.000000	 
2	1	573	0	0	0	2209	2016	5	86	-1	
3	1	573	1	0	0	2209	2016	5	86	-1	
4	1	573	1	1	0	2209	2016	5	86	-1	
5	1	573	1	1	1	2209	2016	5	86	95.000000	 
2	1	574	0	0	0	2213	2015	6	87	-1	
3	1	574	1	0	0	2213	2015	6	87	-1	
4	1	574	1	1	0	2213	2015	6	87	-1	
5	1	574	1	1	1	2213	2015	6	87	95.000000	 
2	1	575	0	0	0	2209	2016	3	88	-1	
3	1	575	1	0	0	2209	2016	3	88	-1	
4	1	575	1	1	0	2209	2016	3	88	-1	
5	1	575	1	1	1	2209	2016	3	88	95.000000	 
2	1	576	0	0	0	2196	2018	3	86	-1	
3	1	576	1	0	0	2196	2018	3	86	-1	
4	1	576	1	1	0	2196	2018	3	86	-1	
5	1	576	1	1	1	2196	2018	3	86	95.000000	 
2	1	577	0	0	0	2190	2020	6	84	-1	
3	1	577	1	0	0	2190	2020	6	84	-1	
4	1	577	1	1	0	2190	2020	6	84	-1	
5	1	577	1	1	1	2190	2020	6	84	95.000000	 
2	1	578	0	0	0	2582	2028	5	76	-1	
3	1	578	1	0	0	2582	2028	5	76	-1	
4	1	578	1	1	0	2582	2028	5	76	-1	
5	1	578	1	1	1	2582	2028	5	76	95.000000	 
2	1	579	0	0	0	2584	2028	3	76	-1	
3	1	579	1	0	0	2584	2028	3	76	-1	
4	1	579	1	1	0	2584	2028	3	76	-1	
5	1	579	1	1	1	2584	2028	3	76	95.000000	 
2	1	580	0	0	0	2589	2023	5	85	-1	
3	1	580	1	0	0	2589	2023	5	85	-1	
4	1	580	1	1	0	2589	2023	5	85	-1	
5	1	580	1	1	1	2589	2023	5	85	95.000000	 
2	1	581	0	0	0	2169	2019	3	87	-1	
3	1	581	1	0	0	2169	2019	3	87	-1	
4	1	581	1	1	0	2169	2019	3	87	-1	
5	1	581	1	1	1	2169	2019	3	87	95.000000	 
2	1	582	0	0	0	2169	2019	3	87	-1	
3	1	582	1	0	0	2169	2019	3	87	-1	
4	1	582	1	1	0	2169	2019	3	87	-1	
5	1	582	1	1	1	2169	2019	3	87	95.000000	 
2	1	583	0	0	0	2170	2019	3	87	-1	
3	1	583	1	0	0	2170	2019	3	87	-1	
4	1	583	1	1	0	2170	2019	3	87	-1	
5	1	583	1	1	1	2170	2019	3	87	95.000000	 
2	1	584	0	0	0	2221	2011	5	103	-1	
3	1	584	1	0	0	2221	2011	5	103	-1	
4	1	584	1	1	0	2221	2011	5	103	-1	
5	1	584	1	1	1	2221	2011	5	103	95.000000	 
2	1	585	0	0	0	2221	2011	8	103	-1	
3	1	585	1	0	0	2221	2011	8	103	-1	
4	1	585	1	1	0	2221	2011	8	103	-1	
5	1	585	1	1	1	2221	2011	8	103	95.000000	 
2	1	586	0	0	0	2550	2026	6	81	-1	
3	1	586	1	0	0	2550	2026	6	81	-1	
4	1	586	1	1	0	2550	2026	6	81	-1	
5	1	586	1	1	1	2550	2026	6	81	95.000000	 
2	1	587	0	0	0	2554	2026	3	81	-1	
3	1	587	1	0	0	2554	2026	3	81	-1	
4	1	587	1	1	0	2554	2026	3	81	-1	
5	1	587	1	1	1	2554	2026	3	81	95.000000	 
2	1	588	0	0	0	2227	2014	7	100	-1	
3	1	588	1	0	0	2227	2014	7	100	-1	
4	1	588	1	1	0	2227	2014	7	100	-1	
5	1	588	1	1	1	2227	2014	7	100	95.000000	 
2	1	589	0	0	0	2554	2028	4	79	-1	
3	1	589	1	0	0	2554	2028	4	79	-1	
4	1	589	1	1	0	2554	2028	4	79	-1	
5	1	589	1	1	1	2554	2028	4	79	95.000000	 
2	1	590	0	0	0	2556	2028	5	79	-1	
3	1	590	1	0	0	2556	2028	5	79	-1	
4	1	590	1	1	0	2556	2028	5	79	-1	
5	1	590	1	1	1	2556	2028	5	79	95.000000	 
2	1	591	0	0	0	2585	2031	4	73	-1	
3	1	591	1	0	0	2585	2031	4	73	-1	
4	1	591	1	1	0	2585	2031	4	73	-1	
5	1	591	1	1	1	2585	2031	4	73	95.000000	 
2	1	592	0	0	0	2587	2031	3	73	-1	
3	1	592	1	0	0	2587	2031	3	73	-1	
4	1	592	1	1	0	2587	2031	3	73	-1	
5	1	592	1	1	1	2587	2031	3	73	95.000000	 
2	1	593	0	0	0	2196	2018	3	93	-1	
3	1	593	1	0	0	2196	2018	3	93	-1	
4	1	593	1	1	0	2196	2018	3	93	-1	
5	1	593	1	1	1	2196	2018	3	93	95.000000	 
2	1	594	0	0	0	2213	2028	6	74	-1	
3	1	594	1	0	0	2213	2028	6	74	-1	
4	1	594	1	1	0	2213	2028	6	74	-1	
5	1	594	1	1	1	2213	2028	6	74	95.000000	 
2	1	595	0	0	0	2222	2011	6	108	-1	
3	1	595	1	0	0	2222	2011	6	108	-1	
4	1	595	1	1	0	2222	2011	6	108	-1	
5	1	595	1	1	1	2222	2011	6	108	95.000000	 
2	1	596	0	0	0	2549	2026	5	85	-1	
3	1	596	1	0	0	2549	2026	5	85	-1	
4	1	596	1	1	0	2549	2026	5	85	-1	
5	1	596	1	1	1	2549	2026	5	85	95.000000	 
2	1	597	0	0	0	2750	2032	5	78	-1	
3	1	597	1	0	0	2750	2032	5	78	-1	
4	1	597	1	1	0	2750	2032	5	78	-1	
5	1	597	1	1	1	2750	2032	5	78	95.000000	 
2	1	598	0	0	0	2752	2032	3	78	-1	
3	1	598	1	0	0	2752	2032	3	78	-1	
4	1	598	1	1	0	2752	2032	3	78	-1	
5	1	598	1	1	1	2752	2032	3	78	95.000000	 
2	1	599	0	0	0	2752	2032	3	78	-1	
3	1	599	1	0	0	2752	2032	3	78	-1	
4	1	599	1	1	0	2752	2032	3	78	-1	
5	1	599	1	1	1	2752	2032	3	78	95.000000	 
2	1	600	0	0	0	2258	2021	4	92	-1	
3	1	600	1	0	0	2258	2021	4	92	-1	
4	1	600	1	1	0	2258	2021	4	92	-1	
5	1	600	1	1	1	2258	2021	4	92	95.000000	 
2	1	601	0	0	0	2756	2033	4	77	-1	
3	1	601	1	0	0	2756	2033	4	77	-1	
4	1	601	1	1	0	2756	2033	4	77	-1	
5	1	601	1	1	1	2756	2033	4	77	95.000000	 
2	1	602	0	0	0	2561	2031	4	80	-1	
3	1	602	1	0	0	2561	2031	4	80	-1	
4	1	602	1	1	0	2561	2031	4	80	-1	
5	1	602	1	1	1	2561	2031	4	80	95.000000	 
2	1	603	0	0	0	2753	2035	4	75	-1	
3	1	603	1	0	0	2753	2035	4	75	-1	
4	1	603	1	1	0	2753	2035	4	75	-1	
5	1	603	1	1	1	2753	2035	4	75	95.000000	 
2	1	604	0	0	0	2256	2024	3	89	-1	
3	1	604	1	0	0	2256	2024	3	89	-1	
4	1	604	1	1	0	2256	2024	3	89	-1	
5	1	604	1	1	1	2256	2024	3	89	95.000000	 
2	1	605	0	0	0	2715	2034	4	79	-1	
3	1	605	1	0	0	2715	2034	4	79	-1	
4	1	605	1	1	0	2715	2034	4	79	-1	
5	1	605	1	1	1	2715	2034	4	79	95.000000	 
2	1	606	0	0	0	2716	2034	6	79	-1	
3	1	606	1	0	0	2716	2034	6	79	-1	
4	1	606	1	1	0	2716	2034	6	79	-1	
5	1	606	1	1	1	2716	2034	6	79	95.000000	 
2	1	607	0	0	0	2227	2025	7	89	-1	
3	1	607	1	0	0	2227	2025	7	89	-1	
4	1	607	1	1	0	2227	2025	7	89	-1	
5	1	607	1	1	1	2227	2025	7	89	95.000000	 
2	1	608	0	0	0	2239	2023	5	97	-1	
3	1	608	1	0	0	2239	2023	5	97	-1	
4	1	608	1	1	0	2239	2023	5	97	-1	
5	1	608	1	1	1	2239	2023	5	97	95.000000	 
2	1	609	0	0	0	2746	2032	6	89	-1	
3	1	609	1	0	0	2746	2032	6	89	-1	
4	1	609	1	1	0	2746	2032	6	89	-1	
5	1	609	1	1	1	2746	2032	6	89	95.000000	 
2	1	610	0	0	0	2724	2032	5	91	-1	
3	1	610	1	0	0	2724	2032	5	91	-1	
4	1	610	1	1	0	2724	2032	5	91	-1	
5	1	610	1	1	1	2724	2032	5	91	95.000000	 
2	1	611	0	0	0	2726	2032	3	91	-1	
3	1	611	1	0	0	2726	2032	3	91	-1	
4	1	611	1	1	0	2726	2032	3	91	-1	
5	1	611	1	1	1	2726	2032	3	91	95.000000	 
2	1	612	0	0	0	2769	2035	5	85	-1	
3	1	612	1	0	0	2769	2035	5	85	-1	
4	1	612	1	1	0	2769	2035	5	85	-1	
5	1	612	1	1	1	2769	2035	5	85	95.000000	 
2	1	613	0	0	0	2254	2034	5	79	-1	
3	1	613	1	0	0	2254	2034	5	79	-1	
4	1	613	1	1	0	2254	2034	5	79	-1	
5	1	613	1	1	1	2254	2034	5	79	95.000000	 
2	1	614	0	0	0	2240	2029	5	91	-1	
3	1	614	1	0	0	2240	2029	5	91	-1	
4	1	614	1	1	0	2240	2029	5	91	-1	
5	1	614	1	1	1	2240	2029	5	91	95.000000	 
2	1	615	0	0	0	2771	2040	3	80	-1	
3	1	615	1	0	0	2771	2040	3	80	-1	
4	1	615	1	1	0	2771	2040	3	80	-1	
5	1	615	1	1	1	2771	2040	3	80	95.000000	 
2	1	616	0	0	0	2675	2070	1	33	-1	
3	1	616	1	0	0	2675	2070	1	33	-1	
4	1	616	1	1	0	2675	2070	1	33	-1	
5	1	616	1	1	1	2675	2070	1	33	95.000000	 
2	1	617	0	0	0	2709	2060	4	58	-1	
3	1	617	1	0	0	2709	2060	4	58	-1	
4	1	617	1	1	0	2709	2060	4	58	-1	
5	1	617	1	1	1	2709	2060	4	58	95.000000	 
2	1	618	0	0	0	2713	2066	3	47	-1	
3	1	618	1	0	0	2713	2066	3	47	-1	
4	1	618	1	1	0	2713	2066	3	47	-1	
5	1	618	1	1	1	2713	2066	3	47	95.000000	 
2	1	619	0	0	0	2562	2073	4	38	-1	
3	1	619	1	0	0	2562	2073	4	38	-1	
4	1	619	1	1	0	2562	2073	4	38	-1	
5	1	619	1	1	1	2562	2073	4	38	95.000000	 
2	1	620	0	0	0	2629	2083	3	19	-1	
3	1	620	1	0	0	2629	2083	3	19	-1	
4	1	620	1	1	0	2629	2083	3	19	-1	
5	1	620	1	1	1	2629	2083	3	19	95.000000	 
2	1	621	0	0	0	2628	2085	1	17	-1	
3	1	621	1	0	0	2628	2085	1	17	-1	
4	1	621	1	1	0	2628	2085	1	17	-1	
5	1	621	1	1	1	2628	2085	1	17	95.000000	 
2	1	622	0	0	0	2466	2085	293	18	-1	
3	1	622	1	0	0	2466	2085	293	18	-1	
4	1	622	1	1	0	2466	2085	293	18	-1	
5	1	622	1	1	1	2466	2085	293	18	95.000000	 
2	1	623	0	0	0	2455	2086	311	18	-1	
3	1	623	1	0	0	2455	2086	311	18	-1	
4	1	623	1	1	0	2455	2086	311	18	-1	
5	1	623	1	1	1	2455	2086	311	18	95.000000	 
2	1	624	0	0	0	2701	2076	1	41	-1	
3	1	624	1	0	0	2701	2076	1	41	-1	
4	1	624	1	1	0	2701	2076	1	41	-1	
5	1	624	1	1	1	2701	2076	1	41	95.000000	 
2	1	625	0	0	0	2470	2088	1	17	-1	
3	1	625	1	0	0	2470	2088	1	17	-1	
4	1	625	1	1	0	2470	2088	1	17	-1	
5	1	625	1	1	1	2470	2088	1	17	95.000000	 
2	1	626	0	0	0	2628	2085	3	28	-1	
3	1	626	1	0	0	2628	2085	3	28	-1	
4	1	626	1	1	0	2628	2085	3	28	-1	
5	1	626	1	1	1	2628	2085	3	28	95.000000	 
2	1	627	0	0	0	2420	2094	339	9	-1	
3	1	627	1	0	0	2420	2094	339	9	-1	
4	1	627	1	1	0	2420	2094	339	9	-1	
5	1	627	1	1	1	2420	2094	339	9	95.000000	 
2	1	628	0	0	0	2420	2094	339	9	-1	
3	1	628	1	0	0	2420	2094	339	9	-1	
4	1	628	1	1	0	2420	2094	339	9	-1	
5	1	628	1	1	1	2420	2094	339	9	95.000000	 
2	1	629	0	0	0	2668	2078	3	43	-1	
3	1	629	1	0	0	2668	2078	3	43	-1	
4	1	629	1	1	0	2668	2078	3	43	-1	
5	1	629	1	1	1	2668	2078	3	43	95.000000	 
2	1	630	0	0	0	2191	2096	24	1	-1	
3	1	630	1	0	0	2191	2096	24	1	-1	
4	1	630	1	1	0	2191	2096	24	1	-1	
5	1	630	1	1	1	2191	2096	24	1	95.000000	 
2	1	631	0	0	0	2420	2092	339	18	-1	
3	1	631	1	0	0	2420	2092	339	18	-1	
4	1	631	1	1	0	2420	2092	339	18	-1	
5	1	631	1	1	1	2420	2092	339	18	95.000000	 
2	1	632	0	0	0	2420	2093	339	17	-1	
3	1	632	1	0	0	2420	2093	339	17	-1	
4	1	632	1	1	0	2420	2093	339	17	-1	
5	1	632	1	1	1	2420	2093	339	17	95.000000	 
2	1	633	0	0	0	2597	2092	1	19	-1	
3	1	633	1	0	0	2597	2092	1	19	-1	
4	1	633	1	1	0	2597	2092	1	19	-1	
5	1	633	1	1	1	2597	2092	1	19	95.000000	 
2	1	634	0	0	0	2594	2095	1	17	-1	
3	1	634	1	0	0	2594	2095	1	17	-1	
4	1	634	1	1	0	2594	2095	1	17	-1	
5	1	634	1	1	1	2594	2095	1	17	95.000000	 
2	1	635	0	0	0	2420	2093	339	24	-1	
3	1	635	1	0	0	2420	2093	339	24	-1	
4	1	635	1	1	0	2420	2093	339	24	-1	
5	1	635	1	1	1	2420	2093	339	24	95.000000	 
2	1	636	0	0	0	2642	2093	1	25	-1	
3	1	636	1	0	0	2642	2093	1	25	-1	
4	1	636	1	1	0	2642	2093	1	25	-1	
5	1	636	1	1	1	2642	2093	1	25	95.000000	 
2	1	637	0	0	0	2708	2096	1	21	-1	
3	1	637	1	0	0	2708	2096	1	21	-1	
4	1	637	1	1	0	2708	2096	1	21	-1	
5	1	637	1	1	1	2708	2096	1	21	95.000000	 
2	1	638	0	0	0	2420	2099	339	17	-1	
3	1	638	1	0	0	2420	2099	339	17	-1	
4	1	638	1	1	0	2420	2099	339	17	-1	
5	1	638	1	1	1	2420	2099	339	17	95.000000	 
2	1	639	0	0	0	2420	2104	346	8	-1	
3	1	639	1	0	0	2420	2104	346	8	-1	
4	1	639	1	1	0	2420	2104	346	8	-1	
5	1	639	1	1	1	2420	2104	346	8	95.000000	 
2	1	640	0	0	0	2668	2098	3	24	-1	
3	1	640	1	0	0	2668	2098	3	24	-1	
4	1	640	1	1	0	2668	2098	3	24	-1	
5	1	640	1	1	1	2668	2098	3	24	95.000000	 
2	1	641	0	0	0	2670	2098	1	23	-1	
3	1	641	1	0	0	2670	2098	1	23	-1	
4	1	641	1	1	0	2670	2098	1	23	-1	
5	1	641	1	1	1	2670	2098	1	23	95.000000	 
2	1	642	0	0	0	2419	2100	340	19	-1	
3	1	642	1	0	0	2419	2100	340	19	-1	
4	1	642	1	1	0	2419	2100	340	19	-1	
5	1	642	1	1	1	2419	2100	340	19	95.000000	 
2	1	643	0	0	0	2420	2107	346	8	-1	
3	1	643	1	0	0	2420	2107	346	8	-1	
4	1	643	1	1	0	2420	2107	346	8	-1	
5	1	643	1	1	1	2420	2107	346	8	95.000000	 
2	1	644	0	0	0	2420	2104	357	13	-1	
3	1	644	1	0	0	2420	2104	357	13	-1	
4	1	644	1	1	0	2420	2104	357	13	-1	
5	1	644	1	1	1	2420	2104	357	13	95.000000	 
2	1	645	0	0	0	2420	2109	350	7	-1	
3	1	645	1	0	0	2420	2109	350	7	-1	
4	1	645	1	1	0	2420	2109	350	7	-1	
5	1	645	1	1	1	2420	2109	350	7	95.000000	 
2	1	646	0	0	0	2420	2108	358	9	-1	
3	1	646	1	0	0	2420	2108	358	9	-1	
4	1	646	1	1	0	2420	2108	358	9	-1	
5	1	646	1	1	1	2420	2108	358	9	95.000000	 
2	1	647	0	0	0	2223	2109	21	3	-1	
3	1	647	1	0	0	2223	2109	21	3	-1	
4	1	647	1	1	0	2223	2109	21	3	-1	
5	1	647	1	1	1	2223	2109	21	3	95.000000	 
2	1	648	0	0	0	2601	2111	169	10	-1	
3	1	648	1	0	0	2601	2111	169	10	-1	
4	1	648	1	1	0	2601	2111	169	10	-1	
5	1	648	1	1	1	2601	2111	169	10	95.000000	 
2	1	649	0	0	0	2221	2112	25	3	-1	
3	1	649	1	0	0	2221	2112	25	3	-1	
4	1	649	1	1	0	2221	2112	25	3	-1	
5	1	649	1	1	1	2221	2112	25	3	95.000000	 
2	1	650	0	0	0	2226	2117	20	3	-1	
3	1	650	1	0	0	2226	2117	20	3	-1	
4	1	650	1	1	0	2226	2117	20	3	-1	
5	1	650	1	1	1	2226	2117	20	3	95.000000	 
2	1	651	0	0	0	2407	2119	27	3	-1	
3	1	651	1	0	0	2407	2119	27	3	-1	
4	1	651	1	1	0	2407	2119	27	3	-1	
5	1	651	1	1	1	2407	2119	27	3	95.000000	 
2	1	652	0	0	0	2596	2121	172	4	-1	
3	1	652	1	0	0	2596	2121	172	4	-1	
4	1	652	1	1	0	2596	2121	172	4	-1	
5	1	652	1	1	1	2596	2121	172	4	95.000000	 
2	1	653	0	0	0	2503	1737	8	394	-1	
3	1	653	1	0	0	2503	1737	8	394	-1	
4	1	653	1	1	0	2503	1737	8	394	-1	
5	1	653	1	1	1	2503	1737	8	394	95.000000	 
2	1	654	0	0	0	2416	1811	11	318	-1	
3	1	654	1	0	0	2416	1811	11	318	-1	
4	1	654	1	1	0	2416	1811	11	318	-1	
5	1	654	1	1	1	2416	1811	11	318	95.000000	 
2	1	655	0	0	0	2417	1811	9	318	-1	
3	1	655	1	0	0	2417	1811	9	318	-1	
4	1	655	1	1	0	2417	1811	9	318	-1	
5	1	655	1	1	1	2417	1811	9	318	95.000000	 
2	1	656	0	0	0	2416	1811	11	322	-1	
3	1	656	1	0	0	2416	1811	11	322	-1	
4	1	656	1	1	0	2416	1811	11	322	-1	
5	1	656	1	1	1	2416	1811	11	322	95.000000	 
2	1	657	0	0	0	2415	1811	13	323	-1	
3	1	657	1	0	0	2415	1811	13	323	-1	
4	1	657	1	1	0	2415	1811	13	323	-1	
5	1	657	1	1	1	2415	1811	13	323	95.000000	 
2	1	658	0	0	0	2523	1833	9	299	-1	
3	1	658	1	0	0	2523	1833	9	299	-1	
4	1	658	1	1	0	2523	1833	9	299	-1	
5	1	658	1	1	1	2523	1833	9	299	95.000000	 
2	1	659	0	0	0	2522	1836	6	296	-1	
3	1	659	1	0	0	2522	1836	6	296	-1	
4	1	659	1	1	0	2522	1836	6	296	-1	
5	1	659	1	1	1	2522	1836	6	296	95.000000	 
2	1	660	0	0	0	2602	1996	9	140	-1	
3	1	660	1	0	0	2602	1996	9	140	-1	
4	1	660	1	1	0	2602	1996	9	140	-1	
5	1	660	1	1	1	2602	1996	9	140	95.000000	 
2	1	661	0	0	0	2608	2005	2	131	-1	
3	1	661	1	0	0	2608	2005	2	131	-1	
4	1	661	1	1	0	2608	2005	2	131	-1	
5	1	661	1	1	1	2608	2005	2	131	95.000000	 
2	1	662	0	0	0	2607	2005	4	143	-1	
3	1	662	1	0	0	2607	2005	4	143	-1	
4	1	662	1	1	0	2607	2005	4	143	-1	
5	1	662	1	1	1	2607	2005	4	143	95.000000	 
2	1	663	0	0	0	2547	2026	4	106	-1	
3	1	663	1	0	0	2547	2026	4	106	-1	
4	1	663	1	1	0	2547	2026	4	106	-1	
5	1	663	1	1	1	2547	2026	4	106	95.000000	 
2	1	664	0	0	0	2745	2032	5	98	-1	
3	1	664	1	0	0	2745	2032	5	98	-1	
4	1	664	1	1	0	2745	2032	5	98	-1	
5	1	664	1	1	1	2745	2032	5	98	95.000000	 
2	1	665	0	0	0	2241	2029	4	95	-1	
3	1	665	1	0	0	2241	2029	4	95	-1	
4	1	665	1	1	0	2241	2029	4	95	-1	
5	1	665	1	1	1	2241	2029	4	95	95.000000	 
2	1	666	0	0	0	2757	2033	3	98	-1	
3	1	666	1	0	0	2757	2033	3	98	-1	
4	1	666	1	1	0	2757	2033	3	98	-1	
5	1	666	1	1	1	2757	2033	3	98	95.000000	 
2	1	667	0	0	0	2757	2033	5	97	-1	
3	1	667	1	0	0	2757	2033	5	97	-1	
4	1	667	1	1	0	2757	2033	5	97	-1	
5	1	667	1	1	1	2757	2033	5	97	95.000000	 
2	1	668	0	0	0	2613	2031	4	102	-1	
3	1	668	1	0	0	2613	2031	4	102	-1	
4	1	668	1	1	0	2613	2031	4	102	-1	
5	1	668	1	1	1	2613	2031	4	102	95.000000	 
2	1	669	0	0	0	2745	2032	3	106	-1	
3	1	669	1	0	0	2745	2032	3	106	-1	
4	1	669	1	1	0	2745	2032	3	106	-1	
5	1	669	1	1	1	2745	2032	3	106	95.000000	 
2	1	670	0	0	0	2746	2031	3	107	-1	
3	1	670	1	0	0	2746	2031	3	107	-1	
4	1	670	1	1	0	2746	2031	3	107	-1	
5	1	670	1	1	1	2746	2031	3	107	95.000000	 
2	1	671	0	0	0	2746	2032	6	106	-1	
3	1	671	1	0	0	2746	2032	6	106	-1	
4	1	671	1	1	0	2746	2032	6	106	-1	
5	1	671	1	1	1	2746	2032	6	106	95.000000	 
2	1	672	0	0	0	2737	2034	4	103	-1	
3	1	672	1	0	0	2737	2034	4	103	-1	
4	1	672	1	1	0	2737	2034	4	103	-1	
5	1	672	1	1	1	2737	2034	4	103	95.000000	 
2	1	673	0	0	0	2743	2033	6	105	-1	
3	1	673	1	0	0	2743	2033	6	105	-1	
4	1	673	1	1	0	2743	2033	6	105	-1	
5	1	673	1	1	1	2743	2033	6	105	95.000000	 
2	1	674	0	0	0	2755	2033	4	105	-1	
3	1	674	1	0	0	2755	2033	4	105	-1	
4	1	674	1	1	0	2755	2033	4	105	-1	
5	1	674	1	1	1	2755	2033	4	105	95.000000	 
2	1	675	0	0	0	2613	2036	4	97	-1	
3	1	675	1	0	0	2613	2036	4	97	-1	
4	1	675	1	1	0	2613	2036	4	97	-1	
5	1	675	1	1	1	2613	2036	4	97	95.000000	 
2	1	676	0	0	0	2299	2033	5	101	-1	
3	1	676	1	0	0	2299	2033	5	101	-1	
4	1	676	1	1	0	2299	2033	5	101	-1	
5	1	676	1	1	1	2299	2033	5	101	95.000000	 
2	1	677	0	0	0	2762	2030	4	118	-1	
3	1	677	1	0	0	2762	2030	4	118	-1	
4	1	677	1	1	0	2762	2030	4	118	-1	
5	1	677	1	1	1	2762	2030	4	118	95.000000	 
2	1	678	0	0	0	2280	2028	2	116	-1	
3	1	678	1	0	0	2280	2028	2	116	-1	
4	1	678	1	1	0	2280	2028	2	116	-1	
5	1	678	1	1	1	2280	2028	2	116	95.000000	 
2	1	679	0	0	0	2280	2028	4	116	-1	
3	1	679	1	0	0	2280	2028	4	116	-1	
4	1	679	1	1	0	2280	2028	4	116	-1	
5	1	679	1	1	1	2280	2028	4	116	95.000000	 
2	1	680	0	0	0	2318	2038	4	98	-1	
3	1	680	1	0	0	2318	2038	4	98	-1	
4	1	680	1	1	0	2318	2038	4	98	-1	
5	1	680	1	1	1	2318	2038	4	98	95.000000	 
2	1	681	0	0	0	2492	2050	91	89	-1	
3	1	681	1	0	0	2492	2050	91	89	-1	
4	1	681	1	1	0	2492	2050	91	89	-1	
5	1	681	1	1	1	2492	2050	91	89	95.000000	  
2	1	682	0	0	0	2617	2046	3	90	-1	
3	1	682	1	0	0	2617	2046	3	90	-1	
4	1	682	1	1	0	2617	2046	3	90	-1	
5	1	682	1	1	1	2617	2046	3	90	95.000000	 
2	1	683	0	0	0	2615	2046	3	90	-1	
3	1	683	1	0	0	2615	2046	3	90	-1	
4	1	683	1	1	0	2615	2046	3	90	-1	
5	1	683	1	1	1	2615	2046	3	90	95.000000	 
2	1	684	0	0	0	2615	2046	6	90	-1	
3	1	684	1	0	0	2615	2046	6	90	-1	
4	1	684	1	1	0	2615	2046	6	90	-1	
5	1	684	1	1	1	2615	2046	6	90	95.000000	 
2	1	685	0	0	0	2731	2042	3	105	-1	
3	1	685	1	0	0	2731	2042	3	105	-1	
4	1	685	1	1	0	2731	2042	3	105	-1	
5	1	685	1	1	1	2731	2042	3	105	95.000000	 
2	1	686	0	0	0	2731	2042	3	105	-1	
3	1	686	1	0	0	2731	2042	3	105	-1	
4	1	686	1	1	0	2731	2042	3	105	-1	
5	1	686	1	1	1	2731	2042	3	105	95.000000	 
2	1	687	0	0	0	2320	2038	4	106	-1	
3	1	687	1	0	0	2320	2038	4	106	-1	
4	1	687	1	1	0	2320	2038	4	106	-1	
5	1	687	1	1	1	2320	2038	4	106	95.000000	 
2	1	688	0	0	0	2729	2045	4	102	-1	
3	1	688	1	0	0	2729	2045	4	102	-1	
4	1	688	1	1	0	2729	2045	4	102	-1	
5	1	688	1	1	1	2729	2045	4	102	95.000000	 
2	1	689	0	0	0	2320	2038	2	107	-1	
3	1	689	1	0	0	2320	2038	2	107	-1	
4	1	689	1	1	0	2320	2038	2	107	-1	
5	1	689	1	1	1	2320	2038	2	107	95.000000	 
2	1	690	0	0	0	2614	2045	5	100	-1	
3	1	690	1	0	0	2614	2045	5	100	-1	
4	1	690	1	1	0	2614	2045	5	100	-1	
5	1	690	1	1	1	2614	2045	5	100	95.000000	 
2	1	691	0	0	0	2736	2061	2	76	-1	
3	1	691	1	0	0	2736	2061	2	76	-1	
4	1	691	1	1	0	2736	2061	2	76	-1	
5	1	691	1	1	1	2736	2061	2	76	95.000000	 
2	1	692	0	0	0	2316	2055	3	81	-1	
3	1	692	1	0	0	2316	2055	3	81	-1	
4	1	692	1	1	0	2316	2055	3	81	-1	
5	1	692	1	1	1	2316	2055	3	81	95.000000	 
2	1	693	0	0	0	2664	2066	2	71	-1	
3	1	693	1	0	0	2664	2066	2	71	-1	
4	1	693	1	1	0	2664	2066	2	71	-1	
5	1	693	1	1	1	2664	2066	2	71	95.000000	 
2	1	694	0	0	0	2735	2069	3	68	-1	
3	1	694	1	0	0	2735	2069	3	68	-1	
4	1	694	1	1	0	2735	2069	3	68	-1	
5	1	694	1	1	1	2735	2069	3	68	95.000000	 
2	1	695	0	0	0	2695	2068	3	70	-1	
3	1	695	1	0	0	2695	2068	3	70	-1	
4	1	695	1	1	0	2695	2068	3	70	-1	
5	1	695	1	1	1	2695	2068	3	70	95.000000	 
2	1	696	0	0	0	2696	2071	1	67	-1	
3	1	696	1	0	0	2696	2071	1	67	-1	
4	1	696	1	1	0	2696	2071	1	67	-1	
5	1	696	1	1	1	2696	2071	1	67	95.000000	 
2	1	697	0	0	0	2655	2082	3	50	-1	
3	1	697	1	0	0	2655	2082	3	50	-1	
4	1	697	1	1	0	2655	2082	3	50	-1	
5	1	697	1	1	1	2655	2082	3	50	95.000000	 
2	1	698	0	0	0	2631	2083	3	51	-1	
3	1	698	1	0	0	2631	2083	3	51	-1	
4	1	698	1	1	0	2631	2083	3	51	-1	
5	1	698	1	1	1	2631	2083	3	51	95.000000	 
2	1	699	0	0	0	2652	2078	6	64	-1	
3	1	699	1	0	0	2652	2078	6	64	-1	
4	1	699	1	1	0	2652	2078	6	64	-1	
5	1	699	1	1	1	2652	2078	6	64	95.000000	 
2	1	700	0	0	0	2617	2085	6	51	-1	
3	1	700	1	0	0	2617	2085	6	51	-1	
4	1	700	1	1	0	2617	2085	6	51	-1	
5	1	700	1	1	1	2617	2085	6	51	95.000000	 
2	1	701	0	0	0	2652	2082	4	60	-1	
3	1	701	1	0	0	2652	2082	4	60	-1	
4	1	701	1	1	0	2652	2082	4	60	-1	
5	1	701	1	1	1	2652	2082	4	60	95.000000	 
2	1	702	0	0	0	2684	2088	5	47	-1	
3	1	702	1	0	0	2684	2088	5	47	-1	
4	1	702	1	1	0	2684	2088	5	47	-1	
5	1	702	1	1	1	2684	2088	5	47	95.000000	 
2	1	703	0	0	0	2648	2087	2	55	-1	
3	1	703	1	0	0	2648	2087	2	55	-1	
4	1	703	1	1	0	2648	2087	2	55	-1	
5	1	703	1	1	1	2648	2087	2	55	95.000000	 
2	1	704	0	0	0	2620	2084	5	64	-1	
3	1	704	1	0	0	2620	2084	5	64	-1	
4	1	704	1	1	0	2620	2084	5	64	-1	
5	1	704	1	1	1	2620	2084	5	64	95.000000	 
2	1	705	0	0	0	2646	2087	5	57	-1	
3	1	705	1	0	0	2646	2087	5	57	-1	
4	1	705	1	1	0	2646	2087	5	57	-1	
5	1	705	1	1	1	2646	2087	5	57	95.000000	 
2	1	706	0	0	0	2620	2085	2	63	-1	
3	1	706	1	0	0	2620	2085	2	63	-1	
4	1	706	1	1	0	2620	2085	2	63	-1	
5	1	706	1	1	1	2620	2085	2	63	95.000000	 
2	1	707	0	0	0	2682	2108	1	18	-1	
3	1	707	1	0	0	2682	2108	1	18	-1	
4	1	707	1	1	0	2682	2108	1	18	-1	
5	1	707	1	1	1	2682	2108	1	18	95.000000	 
2	1	708	0	0	0	2643	2093	3	51	-1	
3	1	708	1	0	0	2643	2093	3	51	-1	
4	1	708	1	1	0	2643	2093	3	51	-1	
5	1	708	1	1	1	2643	2093	3	51	95.000000	 
2	1	709	0	0	0	2412	2121	34	3	-1	
3	1	709	1	0	0	2412	2121	34	3	-1	
4	1	709	1	1	0	2412	2121	34	3	-1	
5	1	709	1	1	1	2412	2121	34	3	95.000000	 
2	1	710	0	0	0	2596	2123	172	4	-1	
3	1	710	1	0	0	2596	2123	172	4	-1	
4	1	710	1	1	0	2596	2123	172	4	-1	
5	1	710	1	1	1	2596	2123	172	4	95.000000	 
2	1	711	0	0	0	2302	2125	137	4	-1	
3	1	711	1	0	0	2302	2125	137	4	-1	
4	1	711	1	1	0	2302	2125	137	4	-1	
5	1	711	1	1	1	2302	2125	137	4	95.000000	 
2	1	712	0	0	0	2426	2117	1	19	-1	
3	1	712	1	0	0	2426	2117	1	19	-1	
4	1	712	1	1	0	2426	2117	1	19	-1	
5	1	712	1	1	1	2426	2117	1	19	95.000000	 
2	1	713	0	0	0	2318	2125	121	7	-1	
3	1	713	1	0	0	2318	2125	121	7	-1	
4	1	713	1	1	0	2318	2125	121	7	-1	
5	1	713	1	1	1	2318	2125	121	7	95.000000	 
2	1	714	0	0	0	2596	2130	198	5	-1	
3	1	714	1	0	0	2596	2130	198	5	-1	
4	1	714	1	1	0	2596	2130	198	5	-1	
5	1	714	1	1	1	2596	2130	198	5	95.000000	 
2	1	715	0	0	0	2598	2131	196	5	-1	
3	1	715	1	0	0	2598	2131	196	5	-1	
4	1	715	1	1	0	2598	2131	196	5	-1	
5	1	715	1	1	1	2598	2131	196	5	95.000000	 
2	1	716	0	0	0	2559	2129	24	10	-1	
3	1	716	1	0	0	2559	2129	24	10	-1	
4	1	716	1	1	0	2559	2129	24	10	-1	
5	1	716	1	1	1	2559	2129	24	10	95.000000	 
2	1	717	0	0	0	2309	2131	22	1	-1	
3	1	717	1	0	0	2309	2131	22	1	-1	
4	1	717	1	1	0	2309	2131	22	1	-1	
5	1	717	1	1	1	2309	2131	22	1	95.000000	 
2	1	718	0	0	0	2598	2134	196	3	-1	
3	1	718	1	0	0	2598	2134	196	3	-1	
4	1	718	1	1	0	2598	2134	196	3	-1	
5	1	718	1	1	1	2598	2134	196	3	95.000000	 
2	1	719	0	0	0	2081	2135	714	172	-1	
3	1	719	1	0	0	2435	2135	297	15	-1	
4	1	719	1	1	0	2435	2135	297	15	-1	
5	1	719	1	1	1	2435	2142	2	3	0.000000	α
5	1	719	1	1	2	2516	2145	6	2	0.000000	ἁ
5	1	719	1	1	3	2526	2131	16	24	16.778061	γεν
5	1	719	1	1	4	2546	2135	13	12	0.000000	Ἆν
5	1	719	1	1	5	2730	2148	2	2	60.592243	.
3	1	719	2	0	0	2081	2160	714	143	-1	
4	1	719	2	1	0	2116	2160	679	37	-1	
5	1	719	2	1	1	2116	2160	36	22	28.675781	Σέ
5	1	719	2	1	2	2166	2161	128	30	92.436066	ὑψόμετρο
5	1	719	2	1	3	2310	2164	72	22	93.982430	πάνω
5	1	719	2	1	4	2398	2165	47	22	93.922188	ἀπό
5	1	719	2	1	5	2466	2165	92	22	61.777321	1.000
5	1	719	2	1	6	2574	2167	77	28	90.319336	µέτρα
5	1	719	2	1	7	2666	2168	129	29	41.092754	θρίσκεται
4	1	719	2	2	0	2081	2189	712	44	-1	
5	1	719	2	2	1	2081	2189	33	28	95.961327	τό
5	1	719	2	2	2	2123	2196	96	29	92.564812	ὄμορφο
5	1	719	2	2	3	2235	2198	230	29	53.230324	«ΓΕΩΡΓΙΤΣΙ»,
5	1	719	2	2	4	2479	2202	32	27	91.033791	µέ
5	1	719	2	2	5	2522	2202	31	21	95.790939	τά
5	1	719	2	2	6	2568	2204	154	27	43.195759	τρεχούμενα
5	1	719	2	2	7	2735	2207	58	26	48.096497	γερά
4	1	719	2	3	0	2086	2232	709	36	-1	
5	1	719	2	3	1	2086	2232	43	21	62.901398	καΐ
5	1	719	2	3	2	2149	2232	83	28	67.706116	ἔλατα,
5	1	719	2	3	3	2252	2234	55	23	90.485588	ἐκεῖ
5	1	719	2	3	4	2321	2235	141	29	88.071671	Λειτουργεῖ
5	1	719	2	3	5	2481	2237	27	22	96.273094	τό
5	1	719	2	3	6	2524	2238	41	21	96.449814	νέο
5	1	719	2	3	7	2582	2239	143	29	92.076622	ξενοδοχεῖο
5	1	719	2	3	8	2745	2241	50	22	92.837860	«Τό
4	1	719	2	4	0	2084	2268	563	39	-1	
5	1	719	2	4	1	2084	2268	123	27	61.420769	µπαλοιόνι
5	1	719	2	4	2	2217	2272	44	19	91.090286	τοῦ
5	1	719	2	4	3	2278	2270	143	29	71.187019	Γαὔγετου»
5	1	719	2	4	4	2435	2272	33	21	31.682236	1’
5	1	719	2	4	5	2485	2270	162	37	92.346802	κατηγορίας.
2	1	720	0	0	0	2083	2322	709	98	-1	
3	1	720	1	0	0	2083	2322	709	98	-1	
4	1	720	1	1	0	2114	2322	678	40	-1	
5	1	720	1	1	1	2114	2322	38	21	27.634613	Τά
5	1	720	1	1	2	2168	2322	113	28	85.429832	δωµάτια
5	1	720	1	1	3	2296	2324	44	22	92.332970	ὅλα
5	1	720	1	1	4	2352	2325	32	28	87.692207	µέ
5	1	720	1	1	5	2398	2326	141	27	53.657509	μπαλκόνια
5	1	720	1	1	6	2553	2328	44	21	85.915199	καί
5	1	720	1	1	7	2629	2324	163	38	91.133408	ἀπεριόριστη
4	1	720	1	2	0	2083	2356	708	42	-1	
5	1	720	1	2	1	2083	2356	46	22	96.840080	θέα
5	1	720	1	2	2	2146	2358	130	23	93.288704	διαθέτουν
5	1	720	1	2	3	2290	2360	102	27	91.788567	ἄτομικό
5	1	720	1	2	4	2406	2361	100	28	20.158623	μπάνιο,
5	1	720	1	2	5	2524	2363	134	28	84.585716	τηλέφωνο
5	1	720	1	2	6	2678	2365	43	22	84.471497	καί
5	1	720	1	2	7	2734	2362	57	36	68.725876	μου-
4	1	720	1	3	0	2084	2393	631	27	-1	
5	1	720	1	3	1	2084	2393	68	27	43.782238	σωή.
5	1	720	1	3	2	2713	2409	2	4	0.000000	'
2	1	721	0	0	0	2080	2445	710	144	-1	
3	1	721	1	0	0	2080	2445	710	144	-1	
4	1	721	1	1	0	2112	2445	678	36	-1	
5	1	721	1	1	1	2112	2445	35	22	93.278412	Τό
5	1	721	1	1	2	2160	2446	137	30	24.354721	ἔστιατόριο
5	1	721	1	1	3	2312	2450	141	27	96.590820	προσφέρει
5	1	721	1	1	4	2469	2452	103	27	93.274529	φαγητά
5	1	721	1	1	5	2588	2452	31	27	85.908257	µέ
5	1	721	1	1	6	2638	2453	63	28	46.560738	ἀγνά
5	1	721	1	1	7	2715	2454	75	23	39.688995	ὄλικά
4	1	721	1	2	0	2082	2482	707	35	-1	
5	1	721	1	2	1	2082	2482	43	21	55.343723	καὶ
5	1	721	1	2	2	2136	2482	83	23	50.924072	πίτσα.
5	1	721	1	2	3	2234	2484	51	22	93.184715	Στό
5	1	721	1	2	4	2295	2485	70	22	83.294113	ΒΑΚ
5	1	721	1	2	5	2380	2486	137	28	52.666313	ἀπκούγεται
5	1	721	1	2	6	2529	2490	192	27	73.672180	στερεοφωνική
5	1	721	1	2	7	2732	2498	57	19	89.022873	µου-
4	1	721	1	3	0	2080	2518	708	32	-1	
5	1	721	1	3	1	2080	2518	59	27	83.951279	σική
5	1	721	1	3	2	2155	2519	44	21	79.104111	καί
5	1	721	1	3	3	2208	2521	188	27	95.518867	προσφέρονται
5	1	721	1	3	4	2410	2522	111	28	92.542397	διάφορα
5	1	721	1	3	5	2538	2524	183	23	0.000000	ΟΟΟΤΑΓΙ,5.
5	1	721	1	3	6	2740	2526	48	21	95.045372	Γιά
4	1	721	1	4	0	2081	2554	707	35	-1	
5	1	721	1	4	1	2081	2554	137	29	55.931740	πρατήσεις
5	1	721	1	4	2	2232	2556	141	28	23.277634	δωματίων,
5	1	721	1	4	3	2392	2558	183	28	89.740845	τηλεφωνῆστε
5	1	721	1	4	4	2594	2560	47	21	96.576759	στά
5	1	721	1	4	5	2674	2561	114	28	91.603287	τηλέφω-
2	1	722	0	0	0	2079	2590	480	29	-1	
3	1	722	1	0	0	2079	2590	480	29	-1	
4	1	722	1	1	0	2079	2590	480	29	-1	
5	1	722	1	1	1	2079	2597	39	15	75.881516	να:
5	1	722	1	1	2	2141	2590	58	22	8.174965	0/5
5	1	722	1	1	3	2208	2591	147	28	8.174965	1)61.996
5	1	722	1	1	4	2375	2594	44	21	88.441978	καί
5	1	722	1	1	5	2432	2594	127	22	90.975464	26.180.
2	1	723	0	0	0	2130	2646	593	67	-1	
3	1	723	1	0	0	2130	2646	593	67	-1	
4	1	723	1	1	0	2313	2646	243	29	-1	
5	1	723	1	1	1	2313	2646	56	27	62.717003	Σᾶς
5	1	723	1	1	2	2390	2647	166	28	49.311180	περιμένουμε
4	1	723	1	2	0	2130	2678	593	35	-1	
5	1	723	1	2	1	2130	2678	88	30	0.000000	ΣΤΟ
5	1	723	1	2	2	2230	2678	194	24	0.000000	ΜΠΑΛΚΟΝΙ
5	1	723	1	2	3	2437	2681	68	32	92.256088	ΤΟΥ
5	1	723	1	2	4	2518	2682	205	23	38.274647	ΤΑ.Υ.ΓΠΕΤΟΥ
2	1	724	0	0	0	2148	2735	633	10	-1	
3	1	724	1	0	0	2148	2735	633	10	-1	
4	1	724	1	1	0	2148	2735	633	10	-1	
5	1	724	1	1	1	2148	2735	633	10	95.000000	 
2	1	725	0	0	0	2251	2766	351	95	-1	
3	1	725	1	0	0	2251	2766	351	95	-1	
4	1	725	1	1	0	2265	2766	332	24	-1	
5	1	725	1	1	1	2265	2766	332	24	85.224258	ΠΡΑΚΤΟΡΕΙΟΝ
4	1	725	1	2	0	2251	2801	348	26	-1	
5	1	725	1	2	1	2251	2801	138	26	0.000000	«ΠΡΟ-ΠΟ
5	1	725	1	2	2	2406	2803	17	22	44.160316	ἃ
5	1	725	1	2	3	2450	2803	149	22	89.958405	ΛΑΧΕΙΩΝ
4	1	725	1	3	0	2255	2837	347	24	-1	
5	1	725	1	3	1	2255	2837	73	22	95.883606	«ΤΟ
5	1	725	1	3	2	2370	2838	232	23	91.781349	ΣΤΑΝΤΑΡ»
2	1	726	0	0	0	2283	2872	290	41	-1	
3	1	726	1	0	0	2283	2872	290	41	-1	
4	1	726	1	1	0	2283	2872	290	41	-1	
5	1	726	1	1	1	2283	2872	113	40	28.435959	ΤΑΣΙΛ
5	1	726	1	1	2	2427	2874	146	39	77.339249	ΒΛΛΛΣΗ
2	1	727	0	0	0	2210	2927	443	64	-1	
3	1	727	1	0	0	2210	2927	443	64	-1	
4	1	727	1	1	0	2210	2927	443	34	-1	
5	1	727	1	1	1	2210	2927	184	31	69.948463	᾿Ακροπόλεως
5	1	727	1	1	2	2404	2929	30	22	93.301254	25
5	1	727	1	1	3	2446	2929	17	22	93.076164	ἃ
5	1	727	1	1	4	2476	2930	136	31	91.995049	Βρασίδου
5	1	727	1	1	5	2623	2932	30	21	96.945061	58
4	1	727	1	2	0	2264	2965	334	26	-1	
5	1	727	1	2	1	2264	2965	129	24	93.047989	ΣΠΑΡΤΗ
5	1	727	1	2	2	2402	2980	29	3	61.720295	---
5	1	727	1	2	3	2439	2966	67	23	95.469475	ΤΗΛ.
5	1	727	1	2	4	2516	2967	82	24	90.993088	22.774
2	1	728	0	0	0	2076	3022	701	61	-1	
3	1	728	1	0	0	2076	3022	701	61	-1	
4	1	728	1	1	0	2076	3022	701	15	-1	
5	1	728	1	1	1	2072	3007	53	37	0.000000	ο--
5	1	728	1	1	2	2170	3007	26	37	38.539009	ο
5	1	728	1	1	3	2266	3007	69	37	53.817753	ο
5	1	728	1	1	4	2340	3007	35	37	45.720577	οσο
5	1	728	1	1	5	2386	3007	29	37	60.216885	ο
5	1	728	1	1	6	2442	3022	22	15	37.977264	ο
5	1	728	1	1	7	2482	3007	118	37	14.437836	''..
5	1	728	1	1	8	2716	3007	22	37	31.842636	..
4	1	728	1	2	0	2148	3054	560	29	-1	
5	1	728	1	2	1	2148	3054	230	25	91.193382	ΕΡΓΑΣΤΗΡΙΟΝ
5	1	728	1	2	2	2391	3058	317	25	95.068733	ΖΑΧΑΡΟΠΛΑΣΤΙΚΗΣ
2	1	729	0	0	0	2242	3109	371	26	-1	
3	1	729	1	0	0	2242	3109	371	26	-1	
4	1	729	1	1	0	2242	3109	371	26	-1	
5	1	729	1	1	1	2242	3109	185	24	90.791084	ΒΑΣΙΛΕΙΟΥ
5	1	729	1	1	2	2442	3112	171	23	91.979004	ΒΕΡΓΑΔΟΥ
2	1	730	0	0	0	2067	3159	711	31	-1	
3	1	730	1	0	0	2067	3159	711	31	-1	
4	1	730	1	1	0	2067	3159	711	31	-1	
5	1	730	1	1	1	2067	3159	144	24	96.150566	ΠΛΑΤΕΙΑ
5	1	730	1	1	2	2223	3162	108	23	92.952011	ΔΟΥΚΑ
5	1	730	1	1	3	2345	3164	153	23	89.877060	6ΣΠΑΡΤΗ
5	1	730	1	1	4	2512	3177	8	4	91.879715	-
5	1	730	1	1	5	2531	3166	67	22	96.926849	ΤΗΛ.
5	1	730	1	1	6	2611	3155	90	43	7.975510	249258
5	1	730	1	1	7	2705	3168	73	22	7.975510	24924
2	1	731	0	0	0	2068	3214	709	72	-1	
3	1	731	1	0	0	2068	3214	709	72	-1	
4	1	731	1	1	0	2096	3214	681	36	-1	
5	1	731	1	1	1	2096	3214	140	31	92.344223	Δεχόμεθα
5	1	731	1	1	2	2248	3218	99	27	93.304512	παντός
5	1	731	1	1	3	2357	3218	90	28	93.020805	εἴδους
5	1	731	1	1	4	2460	3220	195	29	95.898331	παραγγελίες,
5	1	731	1	1	5	2668	3222	50	27	96.125748	γιά
5	1	731	1	1	6	2729	3223	48	27	72.055794	γά-
4	1	731	1	2	0	2068	3251	709	35	-1	
5	1	731	1	2	1	2068	3256	71	22	0.000000	ους,
5	1	731	1	2	2	2156	3251	134	28	73.858887	θαπτίσια,
5	1	731	1	2	3	2305	3253	166	30	79.664261	ἀρραθῶνες.
5	1	731	1	2	4	2487	3255	116	28	91.914810	Παγωτό
5	1	731	1	2	5	2616	3257	31	29	87.913330	µέ
5	1	731	1	2	6	2663	3258	32	21	95.560684	τό
5	1	731	1	2	7	2710	3258	67	21	96.748192	κιλό.
2	1	732	0	0	0	2072	3308	704	12	-1	
3	1	732	1	0	0	2072	3308	704	12	-1	
4	1	732	1	1	0	2072	3308	704	12	-1	
5	1	732	1	1	1	2072	3308	704	12	95.000000	 
2	1	733	0	0	0	2136	3331	575	94	-1	
3	1	733	1	0	0	2136	3331	575	94	-1	
4	1	733	1	1	0	2189	3331	470	37	-1	
5	1	733	1	1	1	2189	3339	122	24	91.605843	ΠΙΝΕΤΕ
5	1	733	1	1	2	2328	3331	164	34	95.705048	ΕΛΛΗΝΙΚΑ
5	1	733	1	1	3	2500	3344	131	24	92.325523	ΚΡΑΣΙΑ
5	1	733	1	1	4	2642	3345	17	21	14.790993	ἃ
4	1	733	1	2	0	2136	3392	575	33	-1	
5	1	733	1	2	1	2136	3392	189	26	91.842590	ΑΓΟΡΑΖΕΤΕ
5	1	733	1	2	2	2344	3396	164	23	91.195618	ΕΛΛΗΜΙΚΑ
5	1	733	1	2	3	2524	3397	89	28	61.266914	ΠΡΟ.Ι
5	1	733	1	2	4	2629	3398	82	23	94.292130	ΟΝΤΑ
2	1	734	0	0	0	2406	3506	324	7	-1	
3	1	734	1	0	0	2406	3506	324	7	-1	
4	1	734	1	1	0	2406	3506	324	7	-1	
5	1	734	1	1	1	2406	3507	48	6	95.000000	 
5	1	734	1	1	2	2672	3506	58	7	95.000000	 
2	1	735	0	0	0	2895	3504	69	9	-1	
3	1	735	1	0	0	2895	3504	69	9	-1	
4	1	735	1	1	0	2895	3504	69	9	-1	
5	1	735	1	1	1	2895	3504	69	9	95.000000	 
