level	page_num	block_num	par_num	line_num	word_num	left	top	width	height	conf	text
1	1	0	0	0	0	0	0	3026	3486	-1	
2	1	1	0	0	0	0	1	2998	7	-1	
3	1	1	1	0	0	0	1	2998	7	-1	
4	1	1	1	1	0	0	1	2998	7	-1	
5	1	1	1	1	1	0	1	2998	7	95.000000	 
2	1	2	0	0	0	187	122	148	20	-1	
3	1	2	1	0	0	187	122	148	20	-1	
4	1	2	1	1	0	187	122	148	20	-1	
5	1	2	1	1	1	187	122	84	20	90.965340	Σελίδα
5	1	2	1	1	2	282	117	9	33	58.713493	4
5	1	2	1	1	3	309	131	26	5	79.627090	---
2	1	3	0	0	0	0	163	356	6	-1	
3	1	3	1	0	0	0	163	356	6	-1	
4	1	3	1	1	0	0	163	356	6	-1	
5	1	3	1	1	1	0	163	356	6	95.000000	 
2	1	4	0	0	0	19	210	333	32	-1	
3	1	4	1	0	0	19	210	333	32	-1	
4	1	4	1	1	0	19	210	333	32	-1	
5	1	4	1	1	1	19	212	153	30	37.797325	᾿᾽Αφιέρωμα
5	1	4	1	1	2	189	212	49	21	96.581551	στό
5	1	4	1	1	3	254	210	98	30	96.953827	γιατρό
2	1	5	0	0	0	2	251	354	41	-1	
3	1	5	1	0	0	2	251	354	41	-1	
4	1	5	1	1	0	2	251	354	41	-1	
5	1	5	1	1	1	2	252	136	40	15.815292	ΜΡΙΣΤΕΙΜΗ
5	1	5	1	1	2	176	251	180	39	0.000000	ΣΚΡΟΥΜΠΕΛῆ
2	1	6	0	0	0	3	299	367	1193	-1	
3	1	6	1	0	0	3	299	357	273	-1	
4	1	6	1	1	0	26	299	276	24	-1	
5	1	6	1	1	1	26	302	24	17	44.021381	ὍὉ
5	1	6	1	1	2	68	300	66	23	32.914963	χάρος
5	1	6	1	1	3	151	300	41	18	84.742218	δἐν
5	1	6	1	1	4	205	299	97	23	89.730835	ἐρώτησε
4	1	6	1	2	0	4	336	312	24	-1	
5	1	6	1	2	1	4	337	74	23	96.240326	φίλους
5	1	6	1	2	2	96	336	37	19	27.334885	καί
5	1	6	1	2	3	148	336	115	22	78.472473	συγγενεῖς
5	1	6	1	2	4	278	340	38	13	75.495667	σου
4	1	6	1	3	0	3	370	283	25	-1	
5	1	6	1	3	1	3	373	40	18	93.289764	πού
5	1	6	1	3	2	60	372	52	23	30.995033	ἤρθε
5	1	6	1	3	3	129	371	51	19	96.688789	τόσο
5	1	6	1	3	4	192	370	94	25	91.152725	ξαφνικά
4	1	6	1	4	0	3	406	270	24	-1	
5	1	6	1	4	1	3	408	37	18	23.141357	καί
5	1	6	1	4	2	55	408	57	22	90.148415	πῆρε
5	1	6	1	4	3	125	406	28	21	96.412300	τή
5	1	6	1	4	4	168	406	42	24	96.675232	ζωή
5	1	6	1	4	5	229	411	44	14	96.271683	σου.
4	1	6	1	5	0	5	442	347	23	-1	
5	1	6	1	5	1	5	443	89	18	89.796494	Παντοῦ
5	1	6	1	5	2	111	442	113	23	60.392647	παμπάνες
5	1	6	1	5	3	239	442	113	20	0.000000	πτύπησαν
4	1	6	1	6	0	6	477	308	20	-1	
5	1	6	1	6	1	6	478	28	19	85.638092	νά
5	1	6	1	6	2	51	478	56	19	85.638092	πούν
5	1	6	1	6	3	123	478	41	18	73.925041	τόν
5	1	6	1	6	4	177	477	82	19	76.634521	θάνατό
5	1	6	1	6	5	275	482	39	13	90.594704	σου
4	1	6	1	7	0	5	512	355	25	-1	
5	1	6	1	7	1	5	514	38	23	96.582466	γιά
5	1	6	1	7	2	56	514	30	18	92.109146	νά
5	1	6	1	7	3	99	513	25	19	93.243988	σέ
5	1	6	1	7	4	135	513	101	23	67.444237	πλάφουν
5	1	6	1	7	5	249	512	59	24	61.669296	φίλοι
5	1	6	1	7	6	323	517	37	14	86.469162	σου
4	1	6	1	8	0	4	548	273	24	-1	
5	1	6	1	8	1	4	550	37	19	10.633461	γαί
5	1	6	1	8	2	56	549	40	18	92.892982	ὅλο
5	1	6	1	8	3	109	548	25	19	95.221680	τό
5	1	6	1	8	4	150	548	68	24	96.383080	χωριό
5	1	6	1	8	5	233	553	44	14	96.429733	σου.
3	1	6	2	0	0	5	583	318	60	-1	
4	1	6	2	1	0	5	583	318	24	-1	
5	1	6	2	1	1	5	585	41	18	52.705746	Γιά
5	1	6	2	1	2	60	584	56	19	93.278229	σένα
5	1	6	2	1	3	128	584	102	23	43.373268	χλάφανε
5	1	6	2	1	4	245	583	78	18	96.034996	πολλοί
4	1	6	2	2	0	6	619	263	24	-1	
5	1	6	2	2	1	6	621	54	21	93.291122	νέοι,
5	1	6	2	2	2	75	620	59	23	69.128212	Υριές
5	1	6	2	2	3	151	620	38	18	69.230080	καί
5	1	6	2	2	4	207	619	62	23	91.547180	γέροι
3	1	6	3	0	0	7	654	316	60	-1	
4	1	6	3	1	0	7	654	316	25	-1	
5	1	6	3	1	1	7	656	41	19	93.298737	πού
5	1	6	3	1	2	63	656	52	23	25.993416	ἤρθε
5	1	6	3	1	3	130	655	12	19	92.806061	ὁ
5	1	6	3	1	4	154	655	68	24	91.190826	χάρος
5	1	6	3	1	5	236	654	87	23	92.364250	πρωϊνά
4	1	6	3	2	0	7	690	243	24	-1	
5	1	6	3	2	1	7	692	37	19	79.248009	καί
5	1	6	3	2	2	59	692	79	20	91.197784	ἔστησε
5	1	6	3	2	3	152	690	98	24	78.021027	καρτέρι.
3	1	6	4	0	0	7	725	306	60	-1	
4	1	6	4	1	0	7	725	306	25	-1	
5	1	6	4	1	1	7	728	25	18	0.000000	Ὢ
5	1	6	4	1	2	51	727	67	23	84.801819	χάρος
5	1	6	4	1	3	134	726	41	19	33.165146	δέν
5	1	6	4	1	4	188	726	24	18	96.486885	σέ
5	1	6	4	1	5	229	725	84	24	95.856857	ρώτησε
4	1	6	4	2	0	8	761	232	24	-1	
5	1	6	4	2	1	8	763	53	18	76.233780	πόσο
5	1	6	4	2	2	74	762	29	18	95.912888	νά
5	1	6	4	2	3	119	761	121	24	16.040634	περιμένει,
3	1	6	5	0	0	8	796	270	25	-1	
4	1	6	5	1	0	8	796	270	25	-1	
5	1	6	5	1	1	8	798	52	23	25.161659	ἥρθε
5	1	6	5	1	2	71	798	38	18	90.298218	σοῦ
5	1	6	5	1	3	123	798	56	22	35.556198	πῆρε
5	1	6	5	1	4	195	796	27	21	96.747154	τή
5	1	6	5	1	5	237	796	41	23	95.506210	ζωή
3	1	6	6	0	0	7	831	326	93	-1	
4	1	6	6	1	0	7	831	307	23	-1	
5	1	6	6	1	1	7	833	37	18	38.089771	νοί
5	1	6	6	1	2	63	832	53	19	96.405884	πίσω
5	1	6	6	1	3	134	832	42	18	93.096855	δέν
5	1	6	6	1	4	189	832	25	17	45.862892	σά
5	1	6	6	1	5	229	831	85	23	94.983742	φέρνει.
4	1	6	6	2	0	8	866	325	22	-1	
5	1	6	6	2	1	8	867	49	18	89.896408	Ἐσύ
5	1	6	6	2	2	72	866	40	19	89.046104	πού
5	1	6	6	2	3	130	866	105	22	3.331207	θρέθηκες
5	1	6	6	2	4	250	866	83	17	92.786293	παντοῦ
4	1	6	6	3	0	8	900	282	24	-1	
5	1	6	6	3	1	8	902	100	22	17.631905	χφσµάχνη
5	1	6	6	3	2	123	901	29	18	93.289154	νά
5	1	6	6	3	3	164	900	126	23	49.757378	γιατρέψφεις
3	1	6	7	0	0	8	936	362	274	-1	
4	1	6	7	1	0	8	936	338	24	-1	
5	1	6	7	1	1	8	937	27	23	46.957436	µμό
5	1	6	7	1	2	54	936	104	24	52.556435	φάρμακα
5	1	6	7	1	3	171	936	41	18	88.563705	στά
5	1	6	7	1	4	225	936	66	23	95.130386	χέρια
5	1	6	7	1	5	308	940	38	14	76.049583	σου
4	1	6	7	2	0	8	971	299	24	-1	
5	1	6	7	2	1	8	972	71	23	95.897850	λεφτά
5	1	6	7	2	2	93	972	29	18	92.944588	νά
5	1	6	7	2	3	140	972	45	23	77.352341	µήν
5	1	6	7	2	4	199	971	108	24	90.858322	γυρέψεις.
4	1	6	7	3	0	9	1006	348	25	-1	
5	1	6	7	3	1	9	1008	59	19	72.516754	Κάθε
5	1	6	7	3	2	84	1008	70	23	91.870689	χρόνο
5	1	6	7	3	3	173	1007	39	21	29.152962	στἠ
5	1	6	7	3	4	230	1006	76	24	64.722557	μνήμη
5	1	6	7	3	5	319	1011	38	14	95.759583	σου
4	1	6	7	4	0	9	1034	361	32	-1	
5	1	6	7	4	1	9	1043	25	18	56.860634	θά
5	1	6	7	4	2	51	1043	59	23	95.931747	φέρω
5	1	6	7	4	3	124	1044	36	17	49.155392	να
5	1	6	7	4	4	173	1042	93	23	95.832260	στεφάνι
5	1	6	7	4	5	363	1034	7	2	13.178329	.
4	1	6	7	5	0	9	1077	333	25	-1	
5	1	6	7	5	1	9	1080	31	17	78.794884	στ’
5	1	6	7	5	2	53	1078	121	24	45.390892	ἀρχοντικό
5	1	6	7	5	3	188	1078	26	18	96.781197	τό
5	1	6	7	5	4	231	1077	58	19	96.374054	σπίτι
5	1	6	7	5	5	304	1082	38	13	96.254005	σου
4	1	6	7	6	0	9	1113	297	24	-1	
5	1	6	7	6	1	9	1114	75	23	64.981071	κανείς
5	1	6	7	6	2	101	1114	29	18	70.338875	νά
5	1	6	7	6	3	149	1114	45	23	50.106319	μήν
5	1	6	7	6	4	209	1113	97	19	86.152634	πεθάνει.
4	1	6	7	7	0	9	1149	309	25	-1	
5	1	6	7	7	1	9	1150	57	20	96.599991	Φίλε
5	1	6	7	7	2	83	1150	45	19	96.475456	τῶν
5	1	6	7	7	3	140	1150	72	24	93.298172	φίλων
5	1	6	7	7	4	227	1149	91	24	92.240242	φίλτατε
4	1	6	7	8	0	9	1186	255	24	-1	
5	1	6	7	8	1	9	1187	77	23	86.376114	δροσιά
5	1	6	7	8	2	99	1187	13	21	91.120689	ἡ
5	1	6	7	8	3	128	1186	48	19	50.511032	θεία
5	1	6	7	8	4	191	1186	73	23	38.006805	πρήνη
3	1	6	8	0	0	10	1221	358	132	-1	
4	1	6	8	1	0	11	1221	319	25	-1	
5	1	6	8	1	1	11	1223	29	19	96.259445	νά
5	1	6	8	1	2	53	1223	47	23	95.834480	ρέει
5	1	6	8	1	3	113	1223	41	23	66.734772	μέσ
5	1	6	8	1	4	170	1222	40	18	95.772224	τόν
5	1	6	8	1	5	223	1221	56	24	96.213768	τάφο
5	1	6	8	1	6	292	1227	38	13	95.752754	σου
4	1	6	8	2	0	11	1257	261	23	-1	
5	1	6	8	2	1	11	1259	79	19	89.843742	αἰωνία
5	1	6	8	2	2	108	1264	39	12	93.290436	σου
5	1	6	8	2	3	161	1258	13	20	90.191689	ἡ
5	1	6	8	2	4	190	1257	82	23	44.129745	μνήμη.
4	1	6	8	3	0	10	1292	358	25	-1	
5	1	6	8	3	1	10	1294	80	23	38.635941	Σιατρέ
5	1	6	8	3	2	108	1299	40	18	93.298737	µου
5	1	6	8	3	3	163	1294	75	18	92.193489	στεῖλε
5	1	6	8	3	4	253	1298	41	18	52.574219	µοας
5	1	6	8	3	5	308	1292	60	24	96.060806	χαρά
4	1	6	8	4	0	11	1329	254	24	-1	
5	1	6	8	4	1	11	1330	27	23	69.443871	μέ
5	1	6	8	4	2	53	1330	25	18	93.290466	τό
5	1	6	8	4	3	91	1329	115	23	45.896145	χαμόγελό
5	1	6	8	4	4	221	1333	44	17	96.370674	σου,
3	1	6	9	0	0	9	1363	301	59	-1	
4	1	6	9	1	0	9	1363	294	24	-1	
5	1	6	9	1	1	9	1365	54	19	92.764679	αὐτό
5	1	6	9	1	2	77	1365	40	19	93.297707	πού
5	1	6	9	1	3	133	1365	61	22	82.991837	εἶχες
5	1	6	9	1	4	207	1363	96	19	96.148491	πάντοτε
4	1	6	9	2	0	12	1399	298	23	-1	
5	1	6	9	2	1	12	1401	69	18	70.732910	᾿πάνω
5	1	6	9	2	2	99	1400	38	18	38.376259	στό
5	1	6	9	2	3	150	1399	102	23	95.980026	πρόσωπό
5	1	6	9	2	4	265	1404	45	13	93.208252	σου.
3	1	6	10	0	0	19	1434	336	24	-1	
4	1	6	10	1	0	19	1434	336	24	-1	
5	1	6	10	1	1	19	1437	75	21	73.185059	Μαρν.
5	1	6	10	1	2	110	1436	34	22	91.096512	Χρ
5	1	6	10	1	3	171	1434	184	23	85.415260	Φεοδωρόπουλος
3	1	6	11	0	0	49	1469	279	23	-1	
4	1	6	11	1	0	49	1469	279	23	-1	
5	1	6	11	1	1	49	1471	108	19	90.518089	Πελλάνα
5	1	6	11	1	2	172	1481	25	4	81.012161	---
5	1	6	11	1	3	211	1469	117	23	18.280746	Δοαχκωνίας
2	1	7	0	0	0	52	1529	278	94	-1	
3	1	7	1	0	0	52	1529	278	94	-1	
4	1	7	1	1	0	77	1529	227	40	-1	
5	1	7	1	1	1	77	1531	33	38	24.249367	Τ0
5	1	7	1	1	2	141	1529	163	39	0.000000	ΕΗΡΙΠΛΤΚΗ
4	1	7	1	2	0	52	1578	278	45	-1	
5	1	7	1	2	1	52	1578	278	45	37.297649	ΛΙΛΒΕΛΤΗΡΙ4
2	1	8	0	0	0	13	1619	358	129	-1	
3	1	8	1	0	0	13	1619	358	129	-1	
4	1	8	1	1	0	49	1619	321	25	-1	
5	1	8	1	1	1	49	1621	33	18	90.570534	Τό
5	1	8	1	1	2	99	1620	123	24	67.207779	εὐρωπαϊκό
5	1	8	1	1	3	239	1619	131	23	38.116013	διαθατήριὀ
4	1	8	1	2	0	13	1654	351	24	-1	
5	1	8	1	2	1	13	1656	41	20	87.995682	δέν
5	1	8	1	2	2	72	1656	58	19	66.405243	εἶναι
5	1	8	1	2	3	145	1655	39	19	93.293663	πιά
5	1	8	1	2	4	198	1655	39	23	82.958725	µιά
5	1	8	1	2	5	265	1654	99	23	52.870975	οὐτοπίοι
4	1	8	1	3	0	13	1691	358	23	-1	
5	1	8	1	3	1	13	1693	13	17	81.780266	ὁ
5	1	8	1	3	2	58	1691	85	23	68.309433	Ῥάλλος
5	1	8	1	3	3	159	1691	106	23	90.715454	πρόεδρος
5	1	8	1	3	4	297	1691	74	21	57.718277	Όραν-
4	1	8	1	4	0	13	1725	358	23	-1	
5	1	8	1	4	1	13	1727	54	18	83.948807	σουά
5	1	8	1	4	2	80	1726	122	22	74.342827	Μιττεράν,
5	1	8	1	4	3	221	1725	25	18	92.348312	τό
5	1	8	1	4	4	263	1725	108	22	51.647842	κρατοῦσε
2	1	9	0	0	0	49	1511	317	7	-1	
3	1	9	1	0	0	49	1511	317	7	-1	
4	1	9	1	1	0	49	1511	317	7	-1	
5	1	9	1	1	1	49	1511	317	7	95.000000	 
2	1	10	0	0	0	13	1759	407	59	-1	
3	1	10	1	0	0	13	1759	407	59	-1	
4	1	10	1	1	0	13	1759	407	23	-1	
5	1	10	1	1	1	13	1761	41	17	96.911995	στά
5	1	10	1	1	2	69	1760	67	22	74.808212	χέρια
5	1	10	1	1	3	153	1765	39	12	96.263596	του
5	1	10	1	1	4	207	1759	43	18	93.297668	στό
5	1	10	1	1	5	260	1759	160	22	24.136688	Ἑὐρωπαῖ------
4	1	10	1	2	0	15	1794	370	24	-1	
5	1	10	1	2	1	15	1795	27	19	47.369827	πό
5	1	10	1	2	2	59	1794	123	24	34.570885	Συμθούλιο
5	1	10	1	2	3	203	1794	38	18	91.858353	τοῦ
5	1	10	1	2	4	258	1795	127	17	18.416885	ὥσρνταινε
5	1	10	1	2	5	376	1790	11	32	47.667061	.
2	1	11	0	0	0	12	1829	365	1516	-1	
3	1	11	1	0	0	14	1829	356	60	-1	
4	1	11	1	1	0	14	1829	356	25	-1	
5	1	11	1	1	1	14	1830	62	24	78.860687	µπλώ
5	1	11	1	1	2	107	1830	37	18	90.893066	καί
5	1	11	1	1	3	170	1829	26	19	82.421967	τό
5	1	11	1	1	4	239	1829	131	22	30.312225	παρφυσίασε
4	1	11	1	2	0	15	1865	286	24	-1	
5	1	11	1	2	1	15	1866	61	23	96.617172	στούς
5	1	11	1	2	2	94	1865	148	23	96.201294	συναδέλφους
5	1	11	1	2	3	257	1869	44	14	92.552032	του.
3	1	11	2	0	0	15	1899	358	274	-1	
4	1	11	2	1	0	39	1899	332	24	-1	
5	1	11	2	1	1	39	1902	25	17	87.450470	Ἡ
5	1	11	2	1	2	82	1901	49	18	83.705490	ἰδέα
5	1	11	2	1	3	147	1900	39	23	96.496857	γιά
5	1	11	2	1	4	202	1899	26	19	93.300713	τό
5	1	11	2	1	5	241	1899	130	23	62.525665	διαθατήριο
4	1	11	2	2	0	15	1935	357	24	-1	
5	1	11	2	2	1	15	1937	53	19	89.600311	αὐτό
5	1	11	2	2	2	84	1936	48	23	90.246429	εἶχε
5	1	11	2	2	3	149	1936	104	18	8.682922	ἀπουστεῖ
5	1	11	2	2	4	266	1935	39	23	88.842178	γιά
5	1	11	2	2	5	318	1935	54	23	90.387749	πρώ-
4	1	11	2	3	0	15	1970	357	25	-1	
5	1	11	2	3	1	15	1978	26	15	82.212692	τη
5	1	11	2	3	2	62	1972	58	23	50.254982	φορά
5	1	11	2	3	3	132	1971	25	19	92.292953	σέ
5	1	11	2	3	4	173	1971	39	23	90.327507	µιά
5	1	11	2	3	5	228	1971	58	20	87.103989	ἄλλη
5	1	11	2	3	6	309	1970	63	19	36.224022	Διάσ-
4	1	11	2	4	0	16	2006	242	26	-1	
5	1	11	2	4	1	16	2009	57	23	65.977905	κεφη
5	1	11	2	4	2	90	2008	101	23	85.471619	Κορυφῆς
5	1	11	2	4	3	220	2006	38	19	89.980377	στό
4	1	11	2	5	0	15	2043	357	23	-1	
5	1	11	2	5	1	15	2045	25	19	94.959976	τό
5	1	11	2	5	2	58	2045	51	19	91.001602	1974.
5	1	11	2	5	3	123	2044	32	18	96.140755	Τό
5	1	11	2	5	4	170	2044	52	21	71.817001	1951,
5	1	11	2	5	5	239	2043	25	18	93.189171	τό
5	1	11	2	5	6	277	2043	95	23	51.723282	Συμόθού-
4	1	11	2	6	0	15	2078	358	26	-1	
5	1	11	2	6	1	15	2082	36	18	0.000000	λιΦ
5	1	11	2	6	2	71	2080	48	24	62.039902	εἶχε
5	1	11	2	6	3	138	2079	131	24	92.243790	ἀποφασίσει
5	1	11	2	6	4	285	2079	43	21	91.558167	τήν
5	1	11	2	6	5	349	2078	24	22	83.263199	ἡ-
4	1	11	2	7	0	16	2115	350	24	-1	
5	1	11	2	7	1	16	2116	124	23	65.528091	µεροµηνία
5	1	11	2	7	2	168	2115	122	23	82.856438	εἰσαγωγῆς
5	1	11	2	7	3	320	2119	46	19	84.638565	του:
4	1	11	2	8	0	16	2150	308	23	-1	
5	1	11	2	8	1	16	2152	42	20	96.143257	τήν
5	1	11	2	8	2	76	2153	25	19	48.551582	1η
5	1	11	2	8	3	117	2150	139	23	15.025146	Ιανουαρίου
5	1	11	2	8	4	272	2151	52	18	90.133545	1985.
3	1	11	3	0	0	16	2185	359	167	-1	
4	1	11	3	1	0	39	2185	334	24	-1	
5	1	11	3	1	1	39	2187	33	19	94.663239	Τό
5	1	11	3	1	2	91	2187	39	19	79.720016	νέο
5	1	11	3	1	3	145	2186	136	23	81.376137	διαθατήριο,
5	1	11	3	1	4	297	2186	41	18	93.298561	πού
5	1	11	3	1	5	352	2185	21	19	88.495087	εἶ
4	1	11	3	2	0	16	2221	356	25	-1	
5	1	11	3	2	1	16	2229	37	13	95.789368	ναι
5	1	11	3	2	2	67	2223	113	23	56.711620	χρώματος
5	1	11	3	2	3	202	2221	108	23	77.480453	Μπορντώ,
5	1	11	3	2	4	336	2221	36	23	85.159103	φέ-
4	1	11	3	3	0	17	2257	357	25	-1	
5	1	11	3	3	1	17	2264	33	18	87.584778	ρει
5	1	11	3	3	2	64	2258	38	18	93.292198	στό
5	1	11	3	3	3	117	2257	103	23	43.396454	πάλυµµά
5	1	11	3	3	4	233	2262	38	14	96.201302	του
5	1	11	3	3	5	283	2257	44	21	80.303444	τήν
5	1	11	3	3	6	339	2257	35	18	90.997261	ἔν-
4	1	11	3	4	0	17	2292	358	26	-1	
5	1	11	3	4	1	17	2295	60	23	50.944588	δειξη
5	1	11	3	4	2	100	2293	150	23	40.010967	«Εὐρωπαϊπές
5	1	11	3	4	3	268	2292	107	21	75.262299	Ἐφινότη-
4	1	11	3	5	0	17	2323	357	29	-1	
5	1	11	3	5	1	17	2335	46	17	60.449600	τες»
5	1	11	3	5	2	82	2330	37	17	65.000237	καὶ
5	1	11	3	5	3	132	2329	26	20	85.002563	τή
5	1	11	3	5	4	182	2323	72	28	68.083870	χώρα
5	1	11	3	5	5	270	2328	104	23	70.167686	προέλευ-
3	1	11	4	0	0	2	2359	374	206	-1	
4	1	11	4	1	0	17	2363	358	25	-1	
5	1	11	4	1	1	17	2370	44	18	96.400581	σης.
5	1	11	4	1	2	79	2364	65	19	94.324585	Μετά
5	1	11	4	1	3	175	2364	41	18	82.915878	τόν
5	1	11	4	1	4	249	2363	126	23	32.164955	᾿ἸανουάριΦ
4	1	11	4	2	0	16	2398	358	24	-1	
5	1	11	4	2	1	16	2401	38	18	92.715530	τοῦ
5	1	11	4	2	2	75	2401	45	18	89.304276	1985
5	1	11	4	2	3	136	2400	26	18	96.500809	θά
5	1	11	4	2	4	179	2398	145	24	93.101273	παραδίδεται
5	1	11	4	2	5	336	2398	38	23	49.586445	µό-
4	1	11	4	3	0	17	2434	359	23	-1	
5	1	11	4	3	1	17	2441	27	13	51.986355	νο
5	1	11	4	3	2	61	2436	52	18	90.925217	αὐτό
5	1	11	4	3	3	127	2435	25	19	90.796524	τό
5	1	11	4	3	4	165	2434	137	23	28.533432	διαθατήρις,
5	1	11	4	3	5	315	2434	61	18	89.181168	ἀλλά
4	1	11	4	4	0	17	2470	357	23	-1	
5	1	11	4	4	1	17	2472	37	18	72.648529	καὶ
5	1	11	4	4	2	75	2471	27	18	95.884148	τά
5	1	11	4	4	3	116	2471	58	18	92.662933	ἄλλα
5	1	11	4	4	4	192	2470	132	23	42.837120	διαθατήρι«
5	1	11	4	4	5	348	2470	26	18	84.812500	δά
4	1	11	4	5	0	17	2505	358	25	-1	
5	1	11	4	5	1	17	2506	189	24	73.422600	ἐξαχολουθήσουν
5	1	11	4	5	2	226	2505	29	18	88.518753	νά
5	1	11	4	5	3	285	2505	90	23	49.785576	Ἰσχύουν
4	1	11	4	6	0	17	2540	350	25	-1	
5	1	11	4	6	1	17	2542	56	23	90.471001	µετά
5	1	11	4	6	2	89	2542	42	20	93.241859	τήν
5	1	11	4	6	3	150	2540	140	24	92.053131	ἡμερομηνία
5	1	11	4	6	4	305	2540	62	21	90.375504	αὐτή.
3	1	11	5	0	0	12	2576	364	63	-1	
4	1	11	5	1	0	37	2576	339	23	-1	
5	1	11	5	1	1	37	2577	114	20	94.667480	Μολονότι
5	1	11	5	1	2	165	2576	26	19	93.296898	τό
5	1	11	5	1	3	203	2576	130	23	90.873146	διαθατήριο
5	1	11	5	1	4	349	2576	27	18	90.296646	δά
4	1	11	5	2	0	12	2612	362	27	-1	
5	1	11	5	2	1	12	2614	65	23	32.372597	εἶναι
5	1	11	5	2	2	91	2614	50	24	85.700455	ἴδιο
5	1	11	5	2	3	151	2612	46	26	93.168610	γιά
5	1	11	5	2	4	206	2612	108	27	76.220596	ὅλους,
5	1	11	5	2	5	293	2608	28	35	70.109116	οἳ
5	1	11	5	2	6	341	2617	33	17	29.191833	τι-
3	1	11	6	0	0	17	2646	360	341	-1	
4	1	11	6	1	0	17	2646	357	23	-1	
5	1	11	6	1	1	17	2647	39	22	72.974991	µές
5	1	11	6	1	2	71	2646	37	18	67.514854	καί
5	1	11	6	1	3	126	2647	21	17	89.814240	οἳ
5	1	11	6	1	4	177	2646	98	21	84.710968	περίοδοι
5	1	11	6	1	5	303	2646	71	21	74.376343	ἰσχύος
4	1	11	6	2	0	18	2679	357	24	-1	
5	1	11	6	2	1	18	2681	41	18	41.541958	δὲν
5	1	11	6	2	2	75	2680	68	23	83.269875	ἔχουν
5	1	11	6	2	3	162	2680	72	22	63.847061	ἀνόμη
5	1	11	6	2	4	258	2679	117	22	40.448185	ἐναρμονι-
4	1	11	6	3	0	17	2714	358	24	-1	
5	1	11	6	3	1	17	2716	53	21	89.770889	στεῖ.
5	1	11	6	3	2	85	2715	97	23	92.304192	Σήµερα,
5	1	11	6	3	3	197	2714	28	19	93.298195	τά
5	1	11	6	3	4	241	2714	78	19	88.884537	ἔθνικά
5	1	11	6	3	5	330	2715	45	18	80.691101	δια-
4	1	11	6	4	0	19	2750	357	24	-1	
5	1	11	6	4	1	19	2751	95	23	72.827194	θατήρια
5	1	11	6	4	2	149	2750	159	23	55.889702	παραδίδονται
5	1	11	6	4	3	338	2750	38	23	94.749680	γιά
4	1	11	6	5	0	19	2786	357	23	-1	
5	1	11	6	5	1	19	2787	113	22	96.629051	περιόδους
5	1	11	6	5	2	146	2786	41	19	96.253807	πού
5	1	11	6	5	3	199	2786	135	21	20.033554	ποικίλλουν,
5	1	11	6	5	4	353	2786	23	18	84.401398	ᾱ-
4	1	11	6	6	0	19	2821	357	24	-1	
5	1	11	6	6	1	19	2822	88	23	88.652458	νάλογα
5	1	11	6	6	2	124	2822	28	23	81.865753	µέ
5	1	11	6	6	3	169	2822	28	18	96.159256	τά
5	1	11	6	6	4	214	2821	77	23	73.640503	κράτη,
5	1	11	6	6	5	310	2826	66	18	88.814438	µετα-
4	1	11	6	7	0	20	2857	357	25	-1	
5	1	11	6	7	1	20	2858	22	24	58.597263	ξύ
5	1	11	6	7	2	60	2857	67	19	95.984451	πέντε
5	1	11	6	7	3	144	2857	37	19	44.957146	καί
5	1	11	6	7	4	207	2857	56	18	83.536057	δέχα
5	1	11	6	7	5	288	2857	89	23	78.167877	χρόνων
4	1	11	6	8	0	19	2893	357	25	-1	
5	1	11	6	8	1	19	2894	38	20	47.156021	καὶ
5	1	11	6	8	2	72	2894	25	19	96.630287	σέ
5	1	11	6	8	3	112	2894	60	24	84.035133	τιµές
5	1	11	6	8	4	186	2893	44	20	95.429237	ἀπό
5	1	11	6	8	5	255	2894	32	23	80.835175	44
5	1	11	6	8	6	312	2893	64	20	52.889294	ΕΝΜ.
4	1	11	6	9	0	19	2932	357	23	-1	
5	1	11	6	9	1	19	2933	39	20	73.777779	στή
5	1	11	6	9	2	80	2932	113	23	49.548477	Γερμανία
5	1	11	6	9	3	226	2932	65	23	81.635910	µέχρι
5	1	11	6	9	4	322	2932	54	22	69.867241	55.20
4	1	11	6	10	0	18	2968	70	19	-1	
5	1	11	6	10	1	18	2968	70	19	88.156174	ΕΝΜ.
3	1	11	7	0	0	19	3003	357	342	-1	
4	1	11	7	1	0	43	3003	333	23	-1	
5	1	11	7	1	1	43	3004	33	18	92.341873	Τό
5	1	11	7	1	2	90	3004	73	22	92.341873	πρῶτο
5	1	11	7	1	3	178	3003	53	18	91.436066	αὐτό
5	1	11	7	1	4	248	3003	64	18	19.000107	γοινό
5	1	11	7	1	5	323	3003	53	18	0.000000	ὀνα-
4	1	11	7	2	0	20	3038	356	23	-1	
5	1	11	7	2	1	20	3039	132	22	76.954025	γνωριστικό
5	1	11	7	2	2	168	3039	97	22	92.119286	στοιχεῖο
5	1	11	7	2	3	288	3038	39	23	92.701714	γιά
5	1	11	7	2	4	354	3038	22	18	66.261429	ὅ-
4	1	11	7	3	0	19	3074	357	23	-1	
5	1	11	7	3	1	19	3076	50	21	45.346203	Ἄφυς
5	1	11	7	3	2	81	3074	49	23	96.799133	τούς
5	1	11	7	3	3	147	3074	86	23	96.370445	πολίτες
5	1	11	7	3	4	244	3074	38	23	93.297333	τῆς
5	1	11	7	3	5	297	3074	79	18	80.141212	Κοινό-
4	1	11	7	4	0	19	3109	357	24	-1	
5	1	11	7	4	1	19	3115	72	18	87.390617	τητας,
5	1	11	7	4	2	117	3109	186	24	88.643616	ἀντιπροσωπεύει
5	1	11	7	4	3	334	3109	42	19	92.433594	ἕνα
4	1	11	7	5	0	20	3145	354	24	-1	
5	1	11	7	5	1	20	3146	60	22	81.793282	θῆμα
5	1	11	7	5	2	97	3146	52	23	95.714386	πρός
5	1	11	7	5	3	167	3145	43	21	96.027977	τήν
5	1	11	7	5	4	240	3145	134	20	58.887539	κατεύθυνση
4	1	11	7	6	0	19	3181	356	23	-1	
5	1	11	7	6	1	19	3182	39	22	89.965599	τῆς
5	1	11	7	6	2	70	3181	141	22	34.904083	λατάργησης
5	1	11	7	6	3	231	3181	45	18	74.967499	τῶν
5	1	11	7	6	4	291	3185	84	14	70.930328	πδινοτι
4	1	11	7	7	0	19	3216	357	23	-1	
5	1	11	7	7	1	19	3217	46	18	73.107277	κῶν
5	1	11	7	7	2	79	3216	105	23	93.303741	συνόρων.
5	1	11	7	7	3	201	3216	35	19	92.630844	Φά
5	1	11	7	7	4	252	3216	124	23	43.257156	ἄναγνωρι-
4	1	11	7	8	0	19	3251	357	24	-1	
5	1	11	7	8	1	19	3252	46	18	92.477394	σθεῖ
5	1	11	7	8	2	80	3252	24	18	93.294296	σέ
5	1	11	7	8	3	117	3252	112	23	83.575150	δλόχληρο
5	1	11	7	8	4	241	3252	41	18	85.055817	τόν
5	1	11	7	8	5	307	3251	69	23	19.600182	χόσμο
4	1	11	7	9	0	19	3287	356	23	-1	
5	1	11	7	9	1	19	3287	27	23	93.297798	ὡς
5	1	11	7	9	2	60	3287	84	23	22.687332	ὶσότιμο
5	1	11	7	9	3	161	3287	27	23	56.517506	μέ
5	1	11	7	9	4	205	3287	27	18	93.231133	τά
5	1	11	7	9	5	247	3287	128	23	87.511574	ὑπάρχοντα
4	1	11	7	10	0	20	3322	231	23	-1	
5	1	11	7	10	1	20	3322	77	19	52.745316	ἐθνυιά
5	1	11	7	10	2	113	3322	138	23	0.000000	διαθατήρις.
2	1	12	0	0	0	294	0	87	15	-1	
3	1	12	1	0	0	294	0	87	15	-1	
4	1	12	1	1	0	294	0	87	15	-1	
5	1	12	1	1	1	294	0	87	15	95.000000	 
2	1	13	0	0	0	293	2006	95	24	-1	
3	1	13	1	0	0	293	2006	95	24	-1	
4	1	13	1	1	0	293	2006	95	24	-1	
5	1	13	1	1	1	293	2006	78	24	87.074821	Παρίαι
5	1	13	1	1	2	385	2019	3	1	88.225777	-
2	1	14	0	0	0	490	1756	176	13	-1	
3	1	14	1	0	0	490	1756	176	13	-1	
4	1	14	1	1	0	490	1756	176	13	-1	
5	1	14	1	1	1	490	1756	176	13	95.000000	 
2	1	15	0	0	0	740	2	40	11	-1	
3	1	15	1	0	0	740	2	40	11	-1	
4	1	15	1	1	0	740	2	40	11	-1	
5	1	15	1	1	1	740	2	40	11	95.000000	 
2	1	16	0	0	0	644	92	1645	284	-1	
3	1	16	1	0	0	644	92	1645	284	-1	
4	1	16	1	1	0	644	92	1645	284	-1	
5	1	16	1	1	1	644	92	1645	284	95.000000	 
2	1	17	0	0	0	749	408	317	48	-1	
3	1	17	1	0	0	749	408	317	48	-1	
4	1	17	1	1	0	761	408	85	18	-1	
5	1	17	1	1	1	761	408	85	18	90.081833	ΝΕΑΡΟΙ
4	1	17	1	2	0	749	437	317	19	-1	
5	1	17	1	2	1	749	437	130	19	83.972511	ΑΓΑΠΗΣΤΕ
5	1	17	1	2	2	910	437	156	19	81.960411	ΟΛΟΨΥΧΑ.....
2	1	18	0	0	0	882	408	183	19	-1	
3	1	18	1	0	0	882	408	183	19	-1	
4	1	18	1	1	0	882	408	183	19	-1	
5	1	18	1	1	1	882	408	183	19	86.505119	ΓΕΩΡΓΙΤΣΙΑΝΟΙ
2	1	19	0	0	0	1245	486	94	4	-1	
3	1	19	1	0	0	1245	486	94	4	-1	
4	1	19	1	1	0	1245	486	94	4	-1	
5	1	19	1	1	1	1245	486	94	4	95.000000	 
2	1	20	0	0	0	635	541	219	6	-1	
3	1	20	1	0	0	635	541	219	6	-1	
4	1	20	1	1	0	635	541	219	6	-1	
5	1	20	1	1	1	635	541	219	6	95.000000	 
2	1	21	0	0	0	894	544	90	3	-1	
3	1	21	1	0	0	894	544	90	3	-1	
4	1	21	1	1	0	894	544	90	3	-1	
5	1	21	1	1	1	894	544	90	3	95.000000	 
2	1	22	0	0	0	667	593	636	169	-1	
3	1	22	1	0	0	667	593	636	169	-1	
4	1	22	1	1	0	711	593	548	80	-1	
5	1	22	1	1	1	711	604	95	53	13.737244	ἴά
5	1	22	1	1	2	830	604	194	55	91.289986	τεδεῖ
5	1	22	1	1	3	1044	593	215	80	89.922195	τέρμα
4	1	22	1	2	0	667	694	636	68	-1	
5	1	22	1	2	1	667	694	174	68	86.898293	στήν
5	1	22	1	2	2	871	694	432	66	83.761848	ἀνασφάλεια
2	1	23	0	0	0	629	796	710	69	-1	
3	1	23	1	0	0	629	796	710	69	-1	
4	1	23	1	1	0	659	796	680	34	-1	
5	1	23	1	1	1	659	796	29	21	88.693230	Ὁ
5	1	23	1	1	2	701	796	78	30	87.950798	μέχρι
5	1	23	1	1	3	793	797	76	30	93.296883	τώρα
5	1	23	1	1	4	884	797	142	32	90.983765	ὀργασμός
5	1	23	1	1	5	1044	799	46	29	89.829063	τῆς
5	1	23	1	1	6	1124	799	215	31	47.019470	ἀνοικοδόμησης
4	1	23	1	2	0	629	832	709	33	-1	
5	1	23	1	2	1	629	832	47	21	94.666496	στό
5	1	23	1	2	2	688	832	85	29	95.707642	χωριό
5	1	23	1	2	3	785	839	60	23	93.305389	µας,
5	1	23	1	2	4	858	834	134	21	91.849068	συνέθαλε
5	1	23	1	2	5	1003	834	69	22	95.766670	πολύ
5	1	23	1	2	6	1086	835	63	29	93.301765	στήν
5	1	23	1	2	7	1163	835	175	30	92.283630	ἀναπτέρωση
2	1	24	0	0	0	916	770	142	7	-1	
3	1	24	1	0	0	916	770	142	7	-1	
4	1	24	1	1	0	916	770	142	7	-1	
5	1	24	1	1	1	916	770	142	7	95.000000	 
2	1	25	0	0	0	619	867	721	33	-1	
3	1	25	1	0	0	619	867	721	33	-1	
4	1	25	1	1	0	619	867	721	33	-1	
5	1	25	1	1	1	619	867	55	21	59.902664	τοῦ
5	1	25	1	1	2	689	867	101	29	86.107666	ἠθικοῦ,
5	1	25	1	1	3	808	868	46	21	93.301804	καὶ
5	1	25	1	1	4	866	869	48	28	92.780960	στή
5	1	25	1	1	5	932	870	237	30	79.624023	συνειδητοποίηση
5	1	25	1	1	6	1181	870	55	22	60.437477	-τοῦ
5	1	25	1	1	7	1267	871	73	26	89.445389	γιατὶ
2	1	26	0	0	0	624	901	716	865	-1	
3	1	26	1	0	0	626	901	714	278	-1	
4	1	26	1	1	0	627	901	713	32	-1	
5	1	26	1	1	1	627	901	207	30	86.233040	ἀγωνιζόμαστε
5	1	26	1	1	2	848	902	46	22	96.483276	καὶ
5	1	26	1	1	3	907	903	41	21	96.797409	ὅτι
5	1	26	1	1	4	959	904	94	28	95.967804	πρέπει
5	1	26	1	1	5	1066	904	35	21	96.770508	νά
5	1	26	1	1	6	1117	904	117	29	96.347710	ζήσουμε
5	1	26	1	1	7	1250	905	46	21	96.859940	καὶ
5	1	26	1	1	8	1306	906	34	21	96.653603	νά
4	1	26	1	2	0	629	936	710	33	-1	
5	1	26	1	2	1	629	936	139	31	25.998245	δράσουμε
5	1	26	1	2	2	784	938	134	29	86.458206	ἑνωμένοι.
5	1	26	1	2	3	934	938	29	21	91.100647	Ἡ
5	1	26	1	2	4	974	938	199	31	90.850952	ἀνοικοδόμηση
5	1	26	1	2	5	1191	940	48	21	93.296341	καί
5	1	26	1	2	6	1257	940	15	21	38.906193	ὁὃ
5	1	26	1	2	7	1290	946	49	15	91.861343	σω-
4	1	26	1	3	0	627	970	711	35	-1	
5	1	26	1	3	1	627	972	92	29	92.265015	τήριος
5	1	26	1	3	2	732	970	267	33	54.866814	Προγραμματισμός
5	1	26	1	3	3	1012	974	48	29	93.292381	τῆς
5	1	26	1	3	4	1074	974	117	30	91.703758	Δασικῆς
5	1	26	1	3	5	1209	975	129	30	92.841194	Ὑπηρεσὶ-
4	1	26	1	4	0	628	1008	711	38	-1	
5	1	26	1	4	1	628	1013	41	20	68.369759	ας,
5	1	26	1	4	2	686	1008	49	27	93.300758	γιά
5	1	26	1	4	3	751	1008	166	30	92.654419	ἀναδάσωση
5	1	26	1	4	4	928	1009	48	29	93.240227	τῆς
5	1	26	1	4	5	988	1010	127	29	92.785034	περιοχῆς
5	1	26	1	4	6	1130	1011	31	29	90.693604	µέ
5	1	26	1	4	7	1190	1011	149	35	88.282288	καστανιές,
4	1	26	1	5	0	630	1033	709	54	-1	
5	1	26	1	5	1	630	1042	53	29	92.758286	μᾶς
5	1	26	1	5	2	694	1043	90	30	92.813492	ἄφησε
5	1	26	1	5	3	797	1044	50	21	93.301727	ἕνα
5	1	26	1	5	4	858	1044	106	29	72.248222	µῆνυμα
5	1	26	1	5	5	976	1044	117	27	91.136398	ἐλπίδας,
5	1	26	1	5	6	1103	1046	18	41	73.103081	ἡ
5	1	26	1	5	7	1135	1033	204	47	30.960159	Γεωργιτσιανο:
4	1	26	1	6	0	626	1079	711	44	-1	
5	1	26	1	6	1	626	1079	187	30	95.917908	απογοήτευση
5	1	26	1	6	2	825	1080	57	29	92.217545	ἔχει
5	1	26	1	6	3	895	1080	158	29	90.259537	μετριασθεῖ
5	1	26	1	6	4	1068	1080	45	22	96.782448	καὶ
5	1	26	1	6	5	1124	1082	32	21	96.782448	τό
5	1	26	1	6	6	1167	1082	85	29	95.740036	χωριό
5	1	26	1	6	7	1265	1082	72	41	70.514259	ἐξέρ-
4	1	26	1	7	0	626	1114	712	33	-1	
5	1	26	1	7	1	626	1115	78	27	72.578545	χεται
5	1	26	1	7	2	714	1114	82	22	96.380081	πλέον
5	1	26	1	7	3	805	1114	55	22	96.721657	ἀπό
5	1	26	1	7	4	872	1115	47	29	93.292953	τήν
5	1	26	1	7	5	930	1115	180	30	78.629692	ἀνασφάλεια,
5	1	26	1	7	6	1123	1116	16	30	85.911407	ἡ
5	1	26	1	7	7	1152	1116	79	22	90.637749	ὁποία
5	1	26	1	7	8	1246	1117	41	22	93.299454	ἐπὶ
5	1	26	1	7	9	1302	1118	36	29	77.248886	ἀρ
4	1	26	1	8	0	628	1149	374	30	-1	
5	1	26	1	8	1	628	1149	65	21	93.176491	κετά
5	1	26	1	8	2	704	1150	97	29	95.868553	χρόνια
5	1	26	1	8	3	817	1150	31	22	91.225861	τό
5	1	26	1	8	4	866	1150	136	28	85.746582	θασόνιζε.
3	1	26	2	0	0	624	1185	714	245	-1	
4	1	26	2	1	0	655	1185	683	33	-1	
5	1	26	2	1	1	655	1185	36	21	86.346748	Τό
5	1	26	2	1	2	704	1185	82	30	78.804916	κλὶµα
5	1	26	2	1	3	799	1186	77	30	92.473816	τώρα
5	1	26	2	1	4	886	1186	71	23	93.019417	εἶναι
5	1	26	2	1	5	972	1187	169	30	92.044617	εὐνοϊκότερο
5	1	26	2	1	6	1156	1188	47	22	96.228378	καί
5	1	26	2	1	7	1214	1188	54	29	93.298851	ἀπό
5	1	26	2	1	8	1286	1189	52	29	87.635033	μᾶς
4	1	26	2	2	0	626	1220	712	34	-1	
5	1	26	2	2	1	626	1220	149	30	92.651115	ἐξαρτᾶται
5	1	26	2	2	2	794	1223	35	22	93.302025	νά
5	1	26	2	2	3	842	1221	207	31	91.800056	ἐπωφεληθοῦμε
5	1	26	2	2	4	1069	1223	49	21	84.469841	στό
5	1	26	2	2	5	1149	1224	120	30	29.618881	μµαξιµόν.
5	1	26	2	2	6	1305	1224	33	22	87.689560	Οἱ
4	1	26	2	3	0	625	1257	713	33	-1	
5	1	26	2	3	1	625	1257	92	29	90.799202	τομεῖς
5	1	26	2	3	2	729	1257	80	27	93.286736	στούς
5	1	26	2	3	3	820	1257	111	27	70.451698	ὁποῖους
5	1	26	2	3	4	944	1258	36	22	93.297600	θά
5	1	26	2	3	5	992	1259	93	29	92.813919	κριθεῖ,
5	1	26	2	3	6	1097	1259	35	22	96.404686	ἄν
5	1	26	2	3	7	1143	1259	32	22	96.942368	τό
5	1	26	2	3	8	1188	1260	85	29	96.306892	χωριό
5	1	26	2	3	9	1282	1260	56	30	96.557144	ἔχει
4	1	26	2	4	0	625	1292	712	32	-1	
5	1	26	2	4	1	625	1293	30	29	96.725067	τή
5	1	26	2	4	2	669	1292	99	30	95.929779	θέληση
5	1	26	2	4	3	783	1293	46	21	93.301666	καί
5	1	26	2	4	4	842	1293	130	30	92.178467	ὀντότητα
5	1	26	2	4	5	982	1294	35	22	93.302185	νά
5	1	26	2	4	6	1027	1294	120	30	90.603310	ἀμυνθεῖ,
5	1	26	2	4	7	1160	1295	69	22	93.285896	εἶναι
5	1	26	2	4	8	1242	1295	15	21	92.635216	ὁ
5	1	26	2	4	9	1267	1295	70	28	87.089531	ἀγώ-
4	1	26	2	5	0	625	1329	712	32	-1	
5	1	26	2	5	1	625	1334	50	20	91.216919	νας
5	1	26	2	5	2	689	1329	51	27	96.517380	γιά
5	1	26	2	5	3	748	1329	30	21	93.868408	τό
5	1	26	2	5	4	795	1329	99	29	91.881004	μέλλον
5	1	26	2	5	5	906	1329	71	22	96.387306	κατά
5	1	26	2	5	6	987	1330	49	30	93.043541	τῆς
5	1	26	2	5	7	1047	1330	206	31	88.172012	ἀθεθαιότητας,
5	1	26	2	5	8	1268	1331	69	30	92.417801	καὶ
5	1	26	2	5	9	1324	1325	18	40	89.788406	ἡ
4	1	26	2	6	0	626	1363	712	34	-1	
5	1	26	2	6	1	626	1363	180	32	86.519302	ἐπιθεθαίωση
5	1	26	2	6	2	823	1365	48	30	96.205376	τῆς
5	1	26	2	6	3	886	1365	165	31	96.501205	ταυτότητας
5	1	26	2	6	4	1069	1366	46	22	96.729370	καὶ
5	1	26	2	6	5	1131	1366	47	30	93.226295	τῆς
5	1	26	2	6	6	1194	1367	144	30	92.545143	ἰδιομορφὶ-
4	1	26	2	7	0	624	1405	111	25	-1	
5	1	26	2	7	1	624	1405	36	21	91.386658	ας
5	1	26	2	7	2	676	1406	59	24	95.469330	µας.
3	1	26	3	0	0	625	1436	714	316	-1	
4	1	26	3	1	0	649	1436	689	34	-1	
5	1	26	3	1	1	649	1436	72	22	95.331551	Πολύ
5	1	26	3	1	2	734	1439	88	29	96.449883	σωστή
5	1	26	3	1	3	838	1437	69	23	93.301659	εἶναι
5	1	26	3	1	4	920	1439	15	29	90.692482	ἡ
5	1	26	3	1	5	949	1439	121	31	96.177948	πρόταση
5	1	26	3	1	6	1084	1439	47	22	95.999817	τοῦ
5	1	26	3	1	7	1146	1440	134	30	96.312004	προέδρου
5	1	26	3	1	8	1291	1440	47	30	96.312004	τῆς
4	1	26	3	2	0	627	1473	711	32	-1	
5	1	26	3	2	1	627	1473	167	30	71.739059	Κοινότητας,
5	1	26	3	2	2	818	1475	35	21	93.054817	νά
5	1	26	3	2	3	869	1474	250	31	90.351402	ἐκμεταλλευτοῦμε
5	1	26	3	2	4	1133	1476	34	22	90.739449	τά
5	1	26	3	2	5	1207	1476	131	22	73.762238	ὑπόλοιπα
4	1	26	3	3	0	625	1508	711	38	-1	
5	1	26	3	3	1	625	1508	47	22	96.968864	τοῦ
5	1	26	3	3	2	689	1509	109	26	96.199249	δάσους,
5	1	26	3	3	3	817	1510	51	27	82.555305	γιό
5	1	26	3	3	4	883	1511	131	28	60.375706	μονωτικό
5	1	26	3	3	5	1028	1510	84	22	91.834999	ὑλικό,
5	1	26	3	3	6	1129	1511	91	27	96.147453	καθώς
5	1	26	3	3	7	1239	1511	46	22	95.995567	καὶ
5	1	26	3	3	8	1317	1508	19	38	0.000000	Γ]
4	1	26	3	4	0	625	1544	712	32	-1	
5	1	26	3	4	1	625	1544	92	30	64.417969	γνώµη
5	1	26	3	4	2	733	1545	46	21	96.600555	τοῦ
5	1	26	3	4	3	799	1551	22	15	96.664330	κ.
5	1	26	3	4	4	835	1546	90	21	93.300194	Θάνου
5	1	26	3	4	5	942	1546	110	30	20.353271	Ἡτέρου,
5	1	26	3	4	6	1067	1547	34	22	93.302887	νά
5	1	26	3	4	7	1116	1547	117	22	91.076324	ἑνωθοῦν
5	1	26	3	4	8	1246	1547	27	22	93.291992	οἱ
5	1	26	3	4	9	1291	1548	46	21	92.138634	Βο-
4	1	26	3	5	0	626	1580	711	32	-1	
5	1	26	3	5	1	626	1580	181	30	35.153778	Ρειοδηµότες,
5	1	26	3	5	2	822	1581	50	27	96.141815	γιά
5	1	26	3	5	3	886	1581	34	22	93.277855	νά
5	1	26	3	5	4	933	1581	104	30	92.147995	ἱδρυθεῖ
5	1	26	3	5	5	1051	1582	48	30	92.384239	µία
5	1	26	3	5	6	1112	1583	168	29	36.671505	θιοµηχανὶα,
5	1	26	3	5	7	1300	1583	37	22	53.282818	“Ὁ
4	1	26	3	6	0	627	1616	711	32	-1	
5	1	26	3	6	1	627	1622	61	22	34.590271	µωώς,
5	1	26	3	6	2	699	1616	62	29	95.819214	πρὶν
5	1	26	3	6	3	775	1616	93	28	39.532822	γίνουν
5	1	26	3	6	4	881	1617	178	29	77.884369	θιομηχανὶες,
5	1	26	3	6	5	1076	1618	34	26	91.497856	ἄς
5	1	26	3	6	6	1122	1617	152	31	88.923874	ἀρχίσουμε
5	1	26	3	6	7	1285	1618	53	22	96.885994	ἀπό
4	1	26	3	7	0	626	1651	713	32	-1	
5	1	26	3	7	1	626	1651	31	21	96.756027	τό
5	1	26	3	7	2	671	1651	45	22	93.298874	πιό
5	1	26	3	7	3	731	1652	106	21	92.990356	εὔκολο,
5	1	26	3	7	4	854	1652	195	28	91.623650	ἀξιοποιώντας
5	1	26	3	7	5	1063	1653	30	30	93.299889	τή
5	1	26	3	7	6	1109	1653	35	29	11.009796	γῆ
5	1	26	3	7	7	1166	1659	58	23	92.806473	µας,
5	1	26	3	7	8	1240	1653	34	27	92.806473	ἄς
5	1	26	3	7	9	1292	1654	47	29	96.384026	τήν
4	1	26	3	8	0	626	1685	713	49	-1	
5	1	26	3	8	1	626	1687	111	29	80.257668	κάνοµε
5	1	26	3	8	2	738	1687	34	22	96.716545	νά
5	1	26	3	8	3	790	1687	125	22	95.754463	δουλεύει
5	1	26	3	8	4	927	1689	50	26	95.274200	γιά
5	1	26	3	8	5	993	1688	45	22	87.787300	τό.
5	1	26	3	8	6	1037	1685	108	49	84.755760	μέλλον,
5	1	26	3	8	7	1160	1689	72	27	96.621910	ὅπως
5	1	26	3	8	8	1246	1690	93	22	96.149506	σωστό,
4	1	26	3	9	0	625	1720	538	46	-1	
5	1	26	3	9	1	625	1728	113	36	67.439255	προγρα!
5	1	26	3	9	2	757	1723	95	40	63.109657	μάτισε
5	1	26	3	9	3	851	1723	39	40	0.000000	.)
5	1	26	3	9	4	898	1720	101	46	83.299355	Δασική
5	1	26	3	9	5	1024	1724	24	20	92.930565	Ὑ
5	1	26	3	9	6	1082	1723	81	39	86.763199	ρεσὶα
2	1	27	0	0	0	818	1755	323	39	-1	
3	1	27	1	0	0	818	1755	323	39	-1	
4	1	27	1	1	0	818	1755	323	39	-1	
5	1	27	1	1	1	818	1755	136	39	48.245552	ΠΙΚΡΕΣ.
5	1	27	1	1	2	962	1760	179	34	21.368729	ΑΛΗΘΕΙΕΣ
2	1	28	0	0	0	989	1730	181	22	-1	
3	1	28	1	0	0	989	1730	181	22	-1	
4	1	28	1	1	0	989	1730	181	22	-1	
5	1	28	1	1	1	989	1730	15	22	95.000000	 
5	1	28	1	1	2	1166	1738	4	4	95.000000	 
2	1	29	0	0	0	739	1754	524	28	-1	
3	1	29	1	0	0	739	1754	524	28	-1	
4	1	29	1	1	0	739	1754	524	28	-1	
5	1	29	1	1	1	739	1754	44	11	95.000000	 
5	1	29	1	1	2	966	1755	297	27	95.000000	  
2	1	30	0	0	0	624	1825	715	530	-1	
3	1	30	1	0	0	624	1825	715	530	-1	
4	1	30	1	1	0	657	1825	682	31	-1	
5	1	30	1	1	1	657	1825	36	21	89.375900	Σέ
5	1	30	1	1	2	709	1825	132	29	34.211723	συζἠτησή
5	1	30	1	1	3	862	1831	52	23	93.292488	µας
5	1	30	1	1	4	930	1825	31	29	84.107719	µέ
5	1	30	1	1	5	979	1825	45	23	96.250633	τόν
5	1	30	1	1	6	1040	1831	23	16	93.301239	κ.
5	1	30	1	1	7	1084	1826	129	30	91.534378	Δασάρχη
5	1	30	1	1	8	1230	1827	49	27	95.029968	γιά
5	1	30	1	1	9	1292	1827	47	29	95.261299	τήν
4	1	30	1	2	0	625	1859	712	32	-1	
5	1	30	1	2	1	625	1859	165	31	92.676964	ἀναδάσωση
5	1	30	1	2	2	813	1860	32	30	88.377716	µέ
5	1	30	1	2	3	858	1861	151	25	92.940483	καστανιές,
5	1	30	1	2	4	1027	1861	52	29	91.273987	μᾶς
5	1	30	1	2	5	1098	1861	158	30	91.111069	ὑπενθύμισε
5	1	30	1	2	6	1290	1862	47	22	92.354767	ὅτι,
4	1	30	1	3	0	627	1895	710	31	-1	
5	1	30	1	3	1	627	1895	48	21	96.467705	«Τό
5	1	30	1	3	2	691	1895	69	22	96.381088	κακό
5	1	30	1	3	3	776	1895	70	22	96.381088	εἶναι
5	1	30	1	3	4	859	1896	50	21	96.189919	πού
5	1	30	1	3	5	928	1896	31	21	41.167694	τό
5	1	30	1	3	6	973	1897	85	29	93.442924	χωριό
5	1	30	1	3	7	1078	1903	52	23	96.469070	µας
5	1	30	1	3	8	1146	1897	45	22	93.753090	δέν
5	1	30	1	3	9	1204	1897	56	29	95.508179	ἔχει
5	1	30	1	3	10	1292	1898	45	21	85.667336	νέο
4	1	30	1	4	0	625	1930	712	32	-1	
5	1	30	1	4	1	625	1930	161	30	69.112274	πληθυσμό».
5	1	30	1	4	2	805	1931	51	21	90.868080	Τοῦ
5	1	30	1	4	3	869	1931	182	30	90.868080	ἀπαντήσαμε,
5	1	30	1	4	4	1066	1932	35	25	96.097694	ἄν
5	1	30	1	4	5	1118	1932	91	28	40.052605	γίνουν
5	1	30	1	4	6	1224	1933	72	29	93.278961	ἔργα
5	1	30	1	4	7	1312	1933	25	21	73.417007	ὃ-
4	1	30	1	5	0	624	1966	713	31	-1	
5	1	30	1	5	1	624	1966	126	29	84.795654	ποδομῆς,
5	1	30	1	5	2	765	1967	46	21	91.397026	καί
5	1	30	1	5	3	826	1967	194	29	86.873199	δημιουργηθεῖ
5	1	30	1	5	4	1033	1967	138	30	90.045944	εἰσόδημα,
5	1	30	1	5	5	1188	1967	70	23	95.918419	εἶναι
5	1	30	1	5	6	1270	1969	67	21	96.266022	πολυ
4	1	30	1	6	0	624	2001	715	32	-1	
5	1	30	1	6	1	624	2001	111	30	89.230827	άριθµοι
5	1	30	1	6	2	748	2002	50	21	96.843849	πού
5	1	30	1	6	3	811	2002	96	22	96.597893	θέλουν
5	1	30	1	6	4	916	2002	34	22	93.302956	νά
5	1	30	1	6	5	964	2003	182	29	90.946793	ἐπιστρέψουν,
5	1	30	1	6	6	1160	2003	45	21	93.301559	καὶ
5	1	30	1	6	7	1220	2003	31	30	90.750992	µέ
5	1	30	1	6	8	1263	2004	76	29	90.690956	χαρό,
4	1	30	1	7	0	625	2037	713	32	-1	
5	1	30	1	7	1	625	2037	35	21	95.559372	θά
5	1	30	1	7	2	679	2037	132	29	60.050064	μαζεύουν
5	1	30	1	7	3	827	2038	34	22	96.521149	τά
5	1	30	1	7	4	877	2038	145	22	94.440224	κάστανα...
5	1	30	1	7	5	1044	2038	90	26	0.000000	Αλλά,
5	1	30	1	7	6	1153	2039	135	30	81.304405	μποροῦμε
5	1	30	1	7	7	1309	2039	29	22	96.058426	ἐν
4	1	30	1	8	0	625	2072	712	32	-1	
5	1	30	1	8	1	625	2072	115	31	89.939423	ἀνάγκη,
5	1	30	1	8	2	753	2075	35	21	93.301659	νά
5	1	30	1	8	3	799	2073	113	30	88.187546	ρίξουµε
5	1	30	1	8	4	929	2073	82	31	93.237816	ζεύγη
5	1	30	1	8	5	1030	2073	183	31	46.844906	ἀγριόχοιρων
5	1	30	1	8	6	1228	2075	49	21	93.288452	στό
5	1	30	1	8	7	1293	2081	44	15	92.603798	κα-
4	1	30	1	9	0	625	2109	711	31	-1	
5	1	30	1	9	1	625	2109	177	26	92.779572	στανοδάσος,
5	1	30	1	9	2	819	2109	46	22	95.470520	καὶ
5	1	30	1	9	3	880	2109	34	22	96.410965	νά
5	1	30	1	9	4	930	2109	237	31	22.357033	δημιουργήσουμε
5	1	30	1	9	5	1186	2110	150	30	85.741081	θηρόµατα.
4	1	30	1	10	0	627	2144	710	31	-1	
5	1	30	1	10	1	627	2144	29	22	90.683365	Ὁ
5	1	30	1	10	2	671	2151	22	15	93.302551	κ.
5	1	30	1	10	3	713	2145	147	29	91.005768	Δασάρχης
5	1	30	1	10	4	878	2145	141	29	91.829918	πρόσθεσε
5	1	30	1	10	5	1056	2145	79	29	23.133301	«χι
5	1	30	1	10	6	1149	2146	78	29	92.714706	µόνον
5	1	30	1	10	7	1245	2145	92	30	86.884186	ἀγριό-
4	1	30	1	11	0	625	2180	711	31	-1	
5	1	30	1	11	1	625	2185	116	23	87.910004	χοιρους,
5	1	30	1	11	2	757	2180	75	22	96.007515	ἀλλά
5	1	30	1	11	3	848	2180	46	22	90.887543	καὶ
5	1	30	1	11	4	912	2180	132	28	90.887543	ἀξιόλογο
5	1	30	1	11	5	1058	2181	187	29	91.761238	χοιροτροφεῖο
5	1	30	1	11	6	1264	2182	31	28	85.225105	µέ
5	1	30	1	11	7	1310	2182	26	29	81.506226	ἢ-
4	1	30	1	12	0	627	2216	710	30	-1	
5	1	30	1	12	1	627	2221	70	23	40.548912	μερα
5	1	30	1	12	2	713	2216	148	30	93.299652	γουρούνια
5	1	30	1	12	3	880	2217	94	29	92.628212	μπορεῖ
5	1	30	1	12	4	986	2216	35	22	92.802925	νά
5	1	30	1	12	5	1034	2216	200	30	79.975166	δημιουργηθεῖ,
5	1	30	1	12	6	1248	2217	35	22	93.300400	νά
5	1	30	1	12	7	1295	2217	42	21	46.854137	6ό-
4	1	30	1	13	0	627	2251	710	32	-1	
5	1	30	1	13	1	627	2257	82	17	91.630318	σκουν
5	1	30	1	13	2	726	2251	132	32	91.630318	ἐλεύθερα
5	1	30	1	13	3	872	2252	47	30	92.807884	τήν
5	1	30	1	13	4	933	2251	96	31	76.880402	ἡμέρα,
5	1	30	1	13	5	1044	2252	45	22	95.053246	καί
5	1	30	1	13	6	1104	2252	31	22	92.529785	τό
5	1	30	1	13	7	1152	2252	93	31	56.396835	6ράδυ,
5	1	30	1	13	8	1279	2259	58	24	62.712448	χτυ-
4	1	30	1	14	0	625	2287	712	33	-1	
5	1	30	1	14	1	625	2287	105	29	92.480560	πώντας
5	1	30	1	14	2	752	2289	50	22	93.283173	ἕνα
5	1	30	1	14	3	823	2289	96	23	89.977638	τενεκέ,
5	1	30	1	14	4	938	2289	157	30	89.537369	συνηθὶζουν
5	1	30	1	14	5	1110	2289	35	23	93.303696	νά
5	1	30	1	14	6	1163	2289	174	31	90.840576	ἐπιστρέφουν
4	1	30	1	15	0	626	2325	513	30	-1	
5	1	30	1	15	1	626	2326	49	25	93.291145	γιά
5	1	30	1	15	2	687	2325	91	30	9.223358	ἓτοιμη
5	1	30	1	15	3	793	2326	84	29	96.502838	τροφή
5	1	30	1	15	4	894	2326	48	21	93.303444	στό
5	1	30	1	15	5	956	2326	183	29	85.932091	χοιροστάσιο.
2	1	31	0	0	0	759	2378	441	22	-1	
3	1	31	1	0	0	759	2378	441	22	-1	
4	1	31	1	1	0	759	2378	441	22	-1	
5	1	31	1	1	1	759	2378	161	21	95.488052	ΕΥΚΑΙΡΙΑ
5	1	31	1	1	2	948	2378	56	22	95.571289	ΓΙΑ
5	1	31	1	1	3	1030	2378	170	22	81.375420	ΑΝΑΠΤΥΞΗ
2	1	32	0	0	0	624	2431	714	814	-1	
3	1	32	1	0	0	624	2431	714	559	-1	
4	1	32	1	1	0	654	2431	684	31	-1	
5	1	32	1	1	1	654	2431	51	30	91.156471	Τήν
5	1	32	1	1	2	716	2431	137	30	91.655960	ἀνόπτυξη
5	1	32	1	1	3	866	2432	93	29	96.073616	πρέπει
5	1	32	1	1	4	974	2432	35	22	96.569656	νά
5	1	32	1	1	5	1022	2432	47	30	96.079521	τήν
5	1	32	1	1	6	1083	2432	192	30	27.477585	σκεφτόμαστε,
5	1	32	1	1	7	1290	2433	48	21	96.873901	καί
4	1	32	1	2	0	625	2467	712	30	-1	
5	1	32	1	2	1	625	2467	34	22	77.196571	νά
5	1	32	1	2	2	676	2467	46	30	90.905563	τήν
5	1	32	1	2	3	740	2467	160	30	90.905563	ὑλοποιοῦμε
5	1	32	1	2	4	916	2468	31	21	96.359634	σέ
5	1	32	1	2	5	962	2468	159	29	93.303368	συνάρτηση,
5	1	32	1	2	6	1138	2468	31	29	84.854630	µέ
5	1	32	1	2	7	1183	2468	36	22	90.626640	τά
5	1	32	1	2	8	1234	2468	103	22	90.626640	πλεονε-
4	1	32	1	3	0	625	2502	713	32	-1	
5	1	32	1	3	1	625	2503	121	30	90.040710	κτήµατα
5	1	32	1	3	2	761	2503	47	22	93.289108	τοῦ
5	1	32	1	3	3	818	2502	167	31	91.300056	ἀνθρώπινου
5	1	32	1	3	4	1003	2503	147	30	90.792244	δυναμικοῦ
5	1	32	1	3	5	1165	2504	46	21	96.710869	καὶ
5	1	32	1	3	6	1239	2504	99	30	95.692368	κυρίως
4	1	32	1	4	0	625	2538	711	31	-1	
5	1	32	1	4	1	625	2538	46	21	93.291916	τοῦ
5	1	32	1	4	2	689	2538	113	30	93.089561	φυσικοῦ
5	1	32	1	4	3	822	2539	115	22	96.023827	πλούτου
5	1	32	1	4	4	958	2539	49	29	93.299019	τῆς
5	1	32	1	4	5	1021	2539	134	29	90.922234	περιοχῆς.
5	1	32	1	4	6	1174	2540	162	29	91.438133	Εἰσηγούμε-
4	1	32	1	5	0	625	2574	712	30	-1	
5	1	32	1	5	1	625	2574	35	21	92.462921	θα
5	1	32	1	5	2	682	2574	28	21	92.460068	πὶ
5	1	32	1	5	3	722	2574	69	23	96.788170	τόσα
5	1	32	1	5	4	799	2574	104	29	96.176933	χρόνια,
5	1	32	1	5	5	915	2574	47	29	93.287392	τήν
5	1	32	1	5	6	973	2574	140	29	90.078247	υἱοθέτηση
5	1	32	1	5	7	1127	2575	64	29	30.143524	μιόδς
5	1	32	1	5	8	1204	2574	86	29	92.671326	ἁπλῆς
5	1	32	1	5	9	1306	2582	31	22	95.664528	µε
4	1	32	1	6	0	625	2608	710	31	-1	
5	1	32	1	6	1	625	2608	88	21	88.031456	θόδου,
5	1	32	1	6	2	729	2608	51	21	96.318527	πού
5	1	32	1	6	3	801	2608	156	21	96.574341	συνίσταται
5	1	32	1	6	4	978	2609	65	28	92.863632	στήν
5	1	32	1	6	5	1057	2609	158	30	81.673279	ἀξιοποϊηση
5	1	32	1	6	6	1233	2609	46	21	93.298790	καὶ
5	1	32	1	6	7	1295	2609	40	21	67.922226	ἐκ-
4	1	32	1	7	0	626	2642	710	29	-1	
5	1	32	1	7	1	626	2642	166	29	78.712700	µετάλλευση
5	1	32	1	7	2	807	2642	52	21	96.146065	τῶν
5	1	32	1	7	3	877	2642	184	29	95.438217	δυνατοτήτων
5	1	32	1	7	4	1075	2643	51	20	95.438217	πού
5	1	32	1	7	5	1140	2643	114	28	96.514610	παρέχει
5	1	32	1	7	6	1268	2643	31	21	93.280449	τό
5	1	32	1	7	7	1314	2644	22	20	44.661568	ἔ-
4	1	32	1	8	0	625	2677	712	30	-1	
5	1	32	1	8	1	625	2677	86	29	89.508736	δαφος
5	1	32	1	8	2	729	2677	48	29	93.299255	τῆς
5	1	32	1	8	3	793	2677	128	29	89.894737	περιοχῆς
5	1	32	1	8	4	937	2683	60	23	95.115654	µας,
5	1	32	1	8	5	1011	2677	35	22	96.404968	νά
5	1	32	1	8	6	1059	2677	32	21	93.303391	τό
5	1	32	1	8	7	1104	2678	233	29	41.020027	προετοιµάσουµε
4	1	32	1	9	0	624	2712	712	30	-1	
5	1	32	1	9	1	624	2713	50	27	94.675804	γιά
5	1	32	1	9	2	688	2713	35	21	93.303116	τά
5	1	32	1	9	3	741	2712	117	29	92.556717	ἑπόμενα
5	1	32	1	9	4	871	2712	114	29	33.233543	θήματα.
5	1	32	1	9	5	1002	2712	105	21	86.787216	᾽Αλλά...
5	1	32	1	9	6	1124	2712	46	22	96.295486	καὶ
5	1	32	1	9	7	1184	2712	35	22	93.294296	ἄν
5	1	32	1	9	8	1234	2713	102	29	85.041039	µεταδί-
4	1	32	1	10	0	625	2747	710	30	-1	
5	1	32	1	10	1	625	2748	70	29	24.906593	δὅαµε
5	1	32	1	10	2	709	2748	35	22	89.231316	τά
5	1	32	1	10	3	757	2748	43	23	93.293678	πιό
5	1	32	1	10	4	814	2748	95	29	61.347282	εὐγενῆ
5	1	32	1	10	5	925	2747	162	30	78.595551	μηνύματα...
5	1	32	1	10	6	1100	2748	15	29	81.890076	ἡ
5	1	32	1	10	7	1130	2748	96	21	41.090691	ἔλπὶδα
5	1	32	1	10	8	1236	2748	46	21	96.630608	τοῦ
5	1	32	1	10	9	1296	2754	39	23	92.916916	χω
4	1	32	1	11	0	625	2783	711	30	-1	
5	1	32	1	11	1	625	2784	59	29	87.049164	ριοῦ
5	1	32	1	11	2	702	2784	140	29	90.717506	θρίσκεται
5	1	32	1	11	3	860	2784	47	29	90.717506	στή
5	1	32	1	11	4	922	2783	166	29	96.730614	δυνατότητά
5	1	32	1	11	5	1104	2789	58	24	95.513153	µας,
5	1	32	1	11	6	1178	2784	35	21	92.058365	νά
5	1	32	1	11	7	1234	2784	102	29	83.034721	μιλᾶμε
4	1	32	1	12	0	626	2818	709	31	-1	
5	1	32	1	12	1	626	2819	32	30	47.991940	μέ
5	1	32	1	12	2	671	2819	47	30	35.032623	µία
5	1	32	1	12	3	731	2819	80	30	93.233963	φωνή,
5	1	32	1	12	4	827	2818	46	22	95.920578	καὶ
5	1	32	1	12	5	884	2819	35	22	93.304535	νά
5	1	32	1	12	6	930	2818	101	30	60.530895	δροῦμε
5	1	32	1	12	7	1044	2818	134	30	66.902519	ἑνωμένοι.
5	1	32	1	12	8	1189	2819	52	24	66.451859	"Αν
5	1	32	1	12	9	1252	2819	83	30	96.535194	τώρα,
4	1	32	1	13	0	626	2854	709	31	-1	
5	1	32	1	13	1	626	2855	111	30	92.574570	εἴμαστε
5	1	32	1	13	2	749	2854	132	30	14.658051	πρόθυμοι
5	1	32	1	13	3	897	2855	35	27	89.640617	γι’
5	1	32	1	13	4	945	2854	74	26	91.859978	αὐτό,
5	1	32	1	13	5	1034	2854	53	22	93.142876	ὅλα
5	1	32	1	13	6	1102	2855	36	22	93.267754	θά
5	1	32	1	13	7	1150	2855	68	22	91.465576	πᾶνε
5	1	32	1	13	8	1235	2855	100	29	68.562004	θαυμά-
4	1	32	1	14	0	626	2889	707	31	-1	
5	1	32	1	14	1	626	2896	53	15	92.046715	σια.
5	1	32	1	14	2	703	2890	81	22	18.040619	"Όλοι
5	1	32	1	14	3	801	2889	82	30	34.458359	μαζί,
5	1	32	1	14	4	891	2890	146	29	80.302490	σύσσωμοι,
5	1	32	1	14	5	1054	2890	33	21	93.295868	νά
5	1	32	1	14	6	1105	2890	169	29	36.270813	θοηθήσουµε
5	1	32	1	14	7	1303	2891	30	29	96.532097	τή
4	1	32	1	15	0	625	2924	711	31	-1	
5	1	32	1	15	1	625	2926	101	29	90.883400	Δασική
5	1	32	1	15	2	742	2924	147	30	50.257725	Ὑπηρεσὶα,
5	1	32	1	15	3	906	2925	34	22	93.300270	νά
5	1	32	1	15	4	955	2924	155	30	90.475143	ὑλοποιήσει
5	1	32	1	15	5	1123	2925	32	21	90.159241	τό
5	1	32	1	15	6	1168	2925	168	30	22.958710	πρόγραµµά
4	1	32	1	16	0	625	2960	376	30	-1	
5	1	32	1	16	1	625	2966	53	24	94.520676	της,
5	1	32	1	16	2	691	2961	31	22	96.864838	τό
5	1	32	1	16	3	736	2960	131	30	96.020035	ταχύτερο
5	1	32	1	16	4	881	2960	120	25	95.939285	δυνατόν.
3	1	32	2	0	0	626	2995	710	102	-1	
4	1	32	2	1	0	662	2995	674	31	-1	
5	1	32	2	1	1	662	2997	71	22	82.539734	Ἓνα
5	1	32	2	1	2	748	2996	112	22	93.304214	παιδάκι
5	1	32	2	1	3	875	2996	105	30	93.250961	ὀρφανό
5	1	32	2	1	4	993	2995	53	22	96.518547	ἀπό
5	1	32	2	1	5	1060	2996	111	30	96.536133	πατέρα,
5	1	32	2	1	6	1191	2996	95	30	96.482086	ζήλευε
5	1	32	2	1	7	1300	2997	36	22	68.984818	τό,
4	1	32	2	2	0	626	3032	708	30	-1	
5	1	32	2	2	1	626	3033	74	22	95.792030	ἄλλα
5	1	32	2	2	2	713	3032	94	22	95.792030	παιδιά
5	1	32	2	2	3	818	3032	50	21	91.392136	πού
5	1	32	2	2	4	881	3032	76	29	67.385941	εἶχαν
5	1	32	2	2	5	970	3032	45	21	96.946953	τόν
5	1	32	2	2	6	1026	3032	105	29	91.845200	πατέρα
5	1	32	2	2	7	1142	3038	70	21	91.845200	τους,
5	1	32	2	2	8	1226	3032	46	22	93.300522	καί
5	1	32	2	2	9	1286	3032	48	30	91.999519	ρώ-
4	1	32	2	3	0	626	3068	258	29	-1	
5	1	32	2	3	1	626	3074	64	23	91.151848	τησε
5	1	32	2	3	2	702	3068	29	29	92.392014	τή
5	1	32	2	3	3	743	3068	71	29	82.925423	µάνα
5	1	32	2	3	4	830	3073	54	16	96.512009	του:
3	1	32	3	0	0	625	3102	708	70	-1	
4	1	32	3	1	0	625	3102	708	31	-1	
5	1	32	3	1	1	625	3104	112	28	2.400772	-'Ἐγώ,
5	1	32	3	1	2	751	3103	75	28	92.763985	γιατὶ
5	1	32	3	1	3	838	3103	46	24	92.959435	δέν
5	1	32	3	1	4	899	3104	52	29	92.302353	ἔχω
5	1	32	3	1	5	965	3102	114	31	95.598579	πατέρα;
5	1	32	3	1	6	1101	3103	59	30	93.301613	(καί
5	1	32	3	1	7	1172	3103	16	30	42.429337	ἢ
5	1	32	3	1	8	1206	3104	71	29	84.156075	µάνα
5	1	32	3	1	9	1287	3110	46	15	96.599579	του
4	1	32	3	2	0	625	3140	135	32	-1	
5	1	32	3	2	1	625	3140	47	23	93.274811	τοῦ
5	1	32	3	2	2	681	3140	79	32	85.790916	εἶπε:)
3	1	32	4	0	0	625	3179	509	30	-1	
4	1	32	4	1	0	625	3179	509	30	-1	
5	1	32	4	1	1	625	3180	119	29	38.716515	--Εἶχες,
5	1	32	4	1	2	759	3179	76	22	93.303375	ἀλλά
5	1	32	4	1	3	848	3179	112	30	56.821243	πνὶγηκε
5	1	32	4	1	4	970	3179	47	22	96.603310	στό
5	1	32	4	1	5	1030	3179	104	30	55.118843	ποτάμι.
3	1	32	5	0	0	624	3215	528	30	-1	
4	1	32	5	1	0	624	3215	528	30	-1	
5	1	32	5	1	1	624	3230	30	3	63.250622	---
5	1	32	5	1	2	667	3216	78	22	96.472519	Γιατί,
5	1	32	5	1	3	761	3216	45	21	93.300491	δέν
5	1	32	5	1	4	821	3215	55	30	90.763824	εἶχε
5	1	32	5	1	5	890	3215	98	30	96.457535	γεφύρι
5	1	32	5	1	6	1002	3216	31	21	95.125122	τό
5	1	32	5	1	7	1043	3216	109	29	42.954445	ποτάμι;
2	1	33	0	0	0	624	3250	709	32	-1	
3	1	33	1	0	0	624	3250	750	32	-1	
4	1	33	1	1	0	624	3250	709	32	-1	
5	1	33	1	1	1	624	3252	101	30	9.721260	-Εἶχε
5	1	33	1	1	2	746	3252	105	29	96.467995	γεφύρι,
5	1	33	1	1	3	871	3251	74	23	93.067352	ἀλλά
5	1	33	1	1	4	957	3252	68	21	92.420517	αὐτό
5	1	33	1	1	5	1039	3250	69	31	80.781616	ταν
5	1	33	1	1	6	1122	3252	64	27	73.921745	λὶγο
5	1	33	1	1	7	1218	3252	115	29	83.258080	µακρυό,
5	1	33	1	1	8	1354	3267	20	8	91.671722	|...
2	1	34	0	0	0	625	3286	711	67	-1	
3	1	34	1	0	0	625	3286	711	67	-1	
4	1	34	1	1	0	627	3286	540	31	-1	
5	1	34	1	1	1	627	3288	45	22	93.300835	καὶ
5	1	34	1	1	2	684	3288	15	22	92.579849	ὁ
5	1	34	1	1	3	711	3288	120	29	95.895622	πατέρας
5	1	34	1	1	4	844	3294	48	16	96.598648	σου
5	1	34	1	1	5	906	3288	44	21	93.283455	δέν
5	1	34	1	1	6	961	3287	68	30	86.330963	πῆγε
5	1	34	1	1	7	1042	3287	54	22	93.300713	ἀπό
5	1	34	1	1	8	1105	3286	62	24	62.665054	ἔκεῖ.
4	1	34	1	2	0	625	3323	711	30	-1	
5	1	34	1	2	1	625	3325	79	21	48.314495	-'"Αν
5	1	34	1	2	2	720	3324	113	29	95.931412	πήγαινε
5	1	34	1	2	3	851	3324	54	21	95.931412	ἀπό
5	1	34	1	2	4	921	3324	31	21	96.521126	τό
5	1	34	1	2	5	964	3323	104	30	96.241196	γεφύρι,
5	1	34	1	2	6	1084	3324	44	22	96.554871	δέν
5	1	34	1	2	7	1144	3324	35	21	93.298294	θά
5	1	34	1	2	8	1194	3323	55	30	84.337616	εἶχε
5	1	34	1	2	9	1264	3324	72	29	93.106903	ἔρθει
2	1	35	0	0	0	1345	486	500	7	-1	
3	1	35	1	0	0	1345	486	500	7	-1	
4	1	35	1	1	0	1345	486	500	7	-1	
5	1	35	1	1	1	1345	486	500	7	95.000000	 
2	1	36	0	0	0	1279	1749	64	15	-1	
3	1	36	1	0	0	1279	1749	64	15	-1	
4	1	36	1	1	0	1279	1749	64	15	-1	
5	1	36	1	1	1	1279	1749	64	15	95.000000	 
2	1	37	0	0	0	1330	1745	630	37	-1	
3	1	37	1	0	0	1330	1745	630	37	-1	
4	1	37	1	1	0	1330	1745	630	37	-1	
5	1	37	1	1	1	1330	1745	170	26	0.000000	«Πεὐχάροσση,
5	1	37	1	1	2	1515	1745	146	27	0.000000	διδαρετιοιή
5	1	37	1	1	3	1667	1747	48	19	0.000000	-»εαί-
5	1	37	1	1	4	1725	1747	95	35	85.609695	φθηνή:
5	1	37	1	1	5	1815	1752	145	8	0.000000	μμ...
2	1	38	0	0	0	1345	2164	3	1173	-1	
3	1	38	1	0	0	1345	2164	3	1173	-1	
4	1	38	1	1	0	1345	2164	3	1173	-1	
5	1	38	1	1	1	1345	2164	3	1173	95.000000	 
2	1	39	0	0	0	1121	409	1046	46	-1	
3	1	39	1	0	0	1121	409	1046	46	-1	
4	1	39	1	1	0	1121	409	1046	46	-1	
5	1	39	1	1	1	1121	409	642	45	55.511055	ΤοΜΗΑΛΚΟΝΕΤΟΥ
5	1	39	1	1	2	1788	413	138	42	54.023422	ΤΑΥ
5	1	39	1	1	3	1958	414	209	41	54.023422	ΓΕΤΟΥ
2	1	40	0	0	0	2299	12	486	52	-1	
3	1	40	1	0	0	2299	12	486	52	-1	
4	1	40	1	1	0	2299	12	486	52	-1	
5	1	40	1	1	1	2299	34	40	19	65.730270	αι.
5	1	40	1	1	2	2355	16	147	48	3.038147	Χριωίνο
5	1	40	1	1	3	2535	12	250	43	0.000000	Χθάνοοό).ο
2	1	41	0	0	0	2356	141	360	240	-1	
3	1	41	1	0	0	2356	141	360	240	-1	
4	1	41	1	1	0	2356	141	360	240	-1	
5	1	41	1	1	1	2356	141	360	240	95.000000	 
2	1	42	0	0	0	1969	490	473	3	-1	
3	1	42	1	0	0	1969	490	473	3	-1	
4	1	42	1	1	0	1969	490	473	3	-1	
5	1	42	1	1	1	1969	490	473	3	95.000000	 
2	1	43	0	0	0	992	545	848	10	-1	
3	1	43	1	0	0	992	545	848	10	-1	
4	1	43	1	1	0	992	545	848	10	-1	
5	1	43	1	1	1	992	545	848	10	95.000000	 
2	1	44	0	0	0	1388	578	654	119	-1	
3	1	44	1	0	0	1388	578	654	119	-1	
4	1	44	1	1	0	1388	578	654	119	-1	
5	1	44	1	1	1	1388	606	124	69	0.000000	Πήρις
5	1	44	1	1	2	1533	578	144	119	0.000000	ΠελπηΙ
5	1	44	1	1	3	1687	620	69	46	0.000000	σου
5	1	44	1	1	4	1777	609	62	58	67.137062	Καὶ
5	1	44	1	1	5	1861	610	181	67	65.480125	Αττικής
2	1	45	0	0	0	1676	687	109	6	-1	
3	1	45	1	0	0	1676	687	109	6	-1	
4	1	45	1	1	0	1676	687	109	6	-1	
5	1	45	1	1	1	1676	687	109	6	95.000000	 
2	1	46	0	0	0	2124	609	284	94	-1	
3	1	46	1	0	0	2124	609	284	94	-1	
4	1	46	1	1	0	2124	609	284	39	-1	
5	1	46	1	1	1	2124	609	84	38	58.719807	ΕΥΧΕΣ
5	1	46	1	1	2	2227	610	52	38	23.399582	ΤΟΥ
5	1	46	1	1	3	2296	610	112	38	0.000000	ΣΕΒΤΩΥ
4	1	46	1	2	0	2134	664	264	39	-1	
5	1	46	1	2	1	2134	664	189	39	49.672962	ΜΗΤΡΟΠΟΛΙΗ
5	1	46	1	2	2	2341	665	57	38	87.687935	ΜΛΣ
2	1	47	0	0	0	1380	710	896	73	-1	
3	1	47	1	0	0	1380	710	896	73	-1	
4	1	47	1	1	0	1380	710	896	73	-1	
5	1	47	1	1	1	1380	710	49	22	76.203064	Γιά
5	1	47	1	1	2	1444	711	76	28	92.787773	ὅσους
5	1	47	1	1	3	1535	712	89	27	92.632629	ἔρθουν
5	1	47	1	1	4	1636	712	29	22	96.124794	τό
5	1	47	1	1	5	1679	713	132	28	91.876846	καλοκαίρι
5	1	47	1	1	6	1829	714	43	22	54.653477	μαέ
5	1	47	1	1	7	1888	714	133	28	92.947083	ἐπιθυμοῦν
5	1	47	1	1	8	2036	714	44	69	21.683502	|
5	1	47	1	1	9	2244	720	32	31	15.348473	π
2	1	48	0	0	0	1358	746	710	31	-1	
3	1	48	1	0	0	1358	746	710	31	-1	
4	1	48	1	1	0	1358	746	710	31	-1	
5	1	48	1	1	1	1358	746	69	22	92.716698	ἰδοῦν
5	1	48	1	1	2	1443	747	31	21	92.824326	τά
5	1	48	1	1	3	1488	747	133	26	92.570862	ἀξιοθέατα
5	1	48	1	1	4	1632	750	49	26	93.257683	τῆς
5	1	48	1	1	5	1692	748	197	29	45.260735	ΙΠελοποννήσου
5	1	48	1	1	6	1907	750	43	21	59.801361	καίΐ
5	1	48	1	1	7	1962	751	48	26	93.123154	τῆς
5	1	48	1	1	8	2022	750	46	21	44.279274	᾿Ατ
2	1	49	0	0	0	1357	783	722	30	-1	
3	1	49	1	0	0	1357	783	722	30	-1	
4	1	49	1	1	0	1357	783	722	30	-1	
5	1	49	1	1	1	1357	784	84	25	85.385231	τωῆς,
5	1	49	1	1	2	1458	783	28	21	93.300255	τό
5	1	49	1	1	3	1498	786	151	25	80.225616	πρακτορεῖο
5	1	49	1	1	4	1662	784	7	10	19.701378	᾽
5	1	49	1	1	5	1672	784	186	29	69.044708	Αντωναράκου
5	1	49	1	1	6	1874	785	127	27	0.000000	ΤΟΌΚΒΑ,
5	1	49	1	1	7	2020	790	59	23	93.586151	προ]
2	1	50	0	0	0	1337	818	733	945	-1	
3	1	50	1	0	0	1356	818	714	204	-1	
4	1	50	1	1	0	1358	818	708	31	-1	
5	1	50	1	1	1	1358	818	91	27	91.297585	σφέρει
5	1	50	1	1	2	1465	818	154	29	32.140297	πληρέστερο
5	1	50	1	1	3	1636	820	153	28	38.738747	δρομολόγιο,
5	1	50	1	1	4	1806	821	51	21	70.658737	πού
5	1	50	1	1	5	1869	822	76	27	96.421967	χάρις
5	1	50	1	1	6	1959	821	61	28	91.698883	στήν
5	1	50	1	1	7	2045	821	21	22	85.097946	ἓ-
4	1	50	1	2	0	1356	852	714	50	-1	
5	1	50	1	2	1	1356	854	91	31	74.999138	πιµονή
5	1	50	1	2	2	1461	856	43	19	92.437180	τοῦ
5	1	50	1	2	3	1514	855	127	29	0.000000	συντώρπη
5	1	50	1	2	4	1654	864	71	23	92.925880	µας,
5	1	50	1	2	5	1726	856	33	21	96.872040	θά
5	1	50	1	2	6	1772	852	151	50	30.280510	περιληφθεῖ
5	1	50	1	2	7	1939	856	64	26	86.542747	στήν
5	1	50	1	2	8	2018	856	52	26	88.794075	δή-
4	1	50	1	3	0	1356	888	710	29	-1	
5	1	50	1	3	1	1356	896	63	18	82.141579	µερη
5	1	50	1	3	2	1435	888	118	27	19.570084	ἐνιδροµή,
5	1	50	1	3	3	1570	890	15	25	60.619793	ἡ
5	1	50	1	3	4	1603	884	165	33	76.418777	ἸΜονεμέάοια
5	1	50	1	3	5	1786	892	44	20	93.295067	καί
5	1	50	1	3	6	1847	892	13	20	49.373238	ὅ
5	1	50	1	3	7	1874	890	72	27	49.414520	Λαός
5	1	50	1	3	8	1959	892	44	19	93.290497	τοῦ
5	1	50	1	3	9	2015	890	51	21	26.786400	Πο-
4	1	50	1	4	0	1358	922	708	31	-1	
5	1	50	1	4	1	1358	922	121	28	92.479790	σειδῶνος
5	1	50	1	4	2	1496	924	42	21	95.523499	στό
5	1	50	1	4	3	1552	924	92	21	93.266930	Σούνιο
5	1	50	1	4	4	1662	925	131	28	68.411758	᾿Αττωῆς,
5	1	50	1	4	5	1812	926	31	27	90.109001	µέ
5	1	50	1	4	6	1867	925	38	22	93.845451	16
5	1	50	1	4	7	1948	925	118	28	78.134331	δολλάρια
4	1	50	1	5	0	1357	959	338	38	-1	
5	1	50	1	5	1	1357	958	45	27	91.443306	τήν
5	1	50	1	5	2	1420	958	89	28	90.001160	ἡμέρα,
5	1	50	1	5	3	1525	959	111	38	89.207687	ποῦλμαν
5	1	50	1	5	4	1652	961	44	20	0.000000	φαί
4	1	50	1	6	0	1356	994	159	28	-1	
5	1	50	1	6	1	1356	994	159	28	17.338097	σπληρωμένα.
3	1	50	2	0	0	1354	1029	712	174	-1	
4	1	50	2	1	0	1384	1029	681	30	-1	
5	1	50	2	1	1	1384	1029	32	28	67.247833	1η
5	1	50	2	1	2	1434	1030	87	27	89.635376	ἡμέρα:
5	1	50	2	1	3	1541	1030	142	28	89.858185	Γεωργίτοι
5	1	50	2	1	4	1698	1045	7	3	89.858185	-
5	1	50	2	1	5	1725	1032	110	27	76.904999	Τρίπολη
5	1	50	2	1	6	1854	1046	7	3	90.741898	-
5	1	50	2	1	7	1878	1032	99	27	81.857674	"Αργος
5	1	50	2	1	8	1992	1046	7	3	82.648575	-
5	1	50	2	1	9	2012	1032	53	21	31.390617	Μν-
4	1	50	2	2	0	1356	1066	710	29	-1	
5	1	50	2	2	1	1356	1066	80	26	89.022804	κῆνες
5	1	50	2	2	2	1450	1078	7	4	90.726517	-
5	1	50	2	2	3	1469	1066	114	21	79.059715	Ναύπλιο
5	1	50	2	2	4	1618	1066	130	29	44.943043	ἐπίσκεφψη.
5	1	50	2	2	5	1784	1068	43	21	32.124969	στὸ
5	1	50	2	2	6	1861	1067	129	28	55.169670	Παλαμίδι
5	1	50	2	2	7	2024	1068	42	21	42.180565	καί
4	1	50	2	3	0	1354	1100	710	31	-1	
5	1	50	2	3	1	1354	1100	133	28	37.842339	Ππιούρτξι
5	1	50	2	3	2	1503	1115	6	3	92.073265	-
5	1	50	2	3	3	1527	1102	137	28	88.388168	᾿Επίδαυρο
5	1	50	2	3	4	1682	1116	7	3	91.687836	-
5	1	50	2	3	5	1708	1103	109	27	93.297836	Κόρινθο
5	1	50	2	3	6	1836	1117	7	3	91.442581	-
5	1	50	2	3	7	1860	1103	107	28	41.707344	Αθήνα,
5	1	50	2	3	8	1983	1103	81	22	84.660698	διανυ-
4	1	50	2	4	0	1337	1136	728	32	-1	
5	1	50	2	4	1	1337	1136	151	28	43.591576	Ἱρτέρευση.
5	1	50	2	4	2	1502	1137	63	21	73.645752	᾿Εάν
5	1	50	2	4	3	1578	1137	123	28	96.465446	θελήσουν
5	1	50	2	4	4	1715	1139	101	27	93.258530	φαγητό
5	1	50	2	4	5	1826	1139	47	28	89.994087	οτή
5	1	50	2	4	6	1890	1140	101	27	90.134491	Πλάκα,
5	1	50	2	4	7	2008	1140	57	28	25.276619	περό-
4	1	50	2	5	0	1356	1171	442	32	-1	
5	1	50	2	5	1	1356	1171	62	28	85.081947	θυµο
5	1	50	2	5	2	1433	1173	32	21	81.371521	νά
5	1	50	2	5	3	1478	1173	60	27	96.292183	τούς
5	1	50	2	5	4	1550	1173	68	21	93.214882	πάει.
5	1	50	2	5	5	1796	1201	2	2	0.000000	᾿
3	1	50	3	0	0	1354	1207	710	138	-1	
4	1	50	3	1	0	1378	1207	676	34	-1	
5	1	50	3	1	1	1378	1207	36	28	68.183731	Άη
5	1	50	3	1	2	1426	1208	88	28	92.288071	ἡμέρα:
5	1	50	3	1	3	1532	1209	114	27	70.016029	Πρωϊνό,
5	1	50	3	1	4	1662	1209	127	29	76.917107	ἐπίσκεφη
5	1	50	3	1	5	1802	1211	64	27	57.820515	«στήν
5	1	50	3	1	6	1886	1213	142	28	29.546829	)Απερόπολη
5	1	50	3	1	7	2046	1227	8	3	91.265617	-
4	1	50	3	2	0	1357	1243	707	33	-1	
5	1	50	3	2	1	1357	1243	104	23	66.464279	Εθνωιό
5	1	50	3	2	2	1475	1244	114	22	75.428711	Ἰουσεῖο
5	1	50	3	2	3	1606	1258	7	3	92.934410	-
5	1	50	3	2	4	1633	1245	92	22	93.292274	Σούνιο
5	1	50	3	2	5	1746	1259	7	3	91.514023	-
5	1	50	3	2	6	1773	1246	112	28	67.147827	Δαύρειο
5	1	50	3	2	7	1902	1263	7	3	89.452057	-
5	1	50	3	2	8	1924	1249	75	27	82.818100	Μονή
5	1	50	3	2	9	2017	1249	47	22	92.101410	Δα-
4	1	50	3	3	0	1356	1279	707	33	-1	
5	1	50	3	3	1	1356	1279	75	27	83.903946	φνίου
5	1	50	3	3	2	1443	1293	7	3	78.149841	-
5	1	50	3	3	3	1464	1279	155	27	29.594055	᾿Ἑλευσίνα
5	1	50	3	3	4	1611	1275	15	41	91.894272	-
5	1	50	3	3	5	1633	1281	74	27	80.213371	Θήδα
5	1	50	3	3	6	1719	1295	7	3	90.758766	-
5	1	50	3	3	7	1740	1281	137	23	48.146458	Δμεθαδειά
5	1	50	3	3	8	1893	1298	7	3	56.065933	-
5	1	50	3	3	9	1916	1284	147	28	54.818439	᾿Αράχωθα,
4	1	50	3	4	0	1354	1314	432	31	-1	
5	1	50	3	4	1	1354	1314	199	29	56.140308	διανυµτέρευση
5	1	50	3	4	2	1568	1317	76	27	94.972725	στούς
5	1	50	3	4	3	1658	1317	128	28	96.281013	Δελφούς.
3	1	50	4	0	0	1353	1351	710	103	-1	
4	1	50	4	1	0	1384	1351	679	32	-1	
5	1	50	4	1	1	1384	1351	37	27	44.257378	ὃη
5	1	50	4	1	2	1438	1351	88	28	86.525894	ἡμέρα:
5	1	50	4	1	3	1548	1351	148	29	43.116600	᾿Επίοκεψη
5	1	50	4	1	4	1711	1353	76	27	62.133671	στούς
5	1	50	4	1	5	1804	1353	121	30	95.877281	Δελφούς
5	1	50	4	1	6	1945	1356	43	21	93.297592	καί
5	1	50	4	1	7	2008	1356	55	21	68.976784	ἆνα-
4	1	50	4	2	0	1353	1387	710	30	-1	
5	1	50	4	2	1	1353	1387	107	28	86.431458	χώρηση
5	1	50	4	2	2	1475	1388	42	27	93.275764	γιά
5	1	50	4	2	3	1530	1387	135	29	45.580261	”.Αµφισσα
5	1	50	4	2	4	1679	1402	7	4	92.110680	-
5	1	50	4	2	5	1702	1389	117	28	57.477005	4ιδορίκι
5	1	50	4	2	6	1835	1403	7	3	92.648994	-
5	1	50	4	2	7	1856	1390	139	23	87.490219	Ναύπακτο
5	1	50	4	2	8	2005	1391	58	22	71.927811	-'Αν
4	1	50	4	3	0	1355	1424	433	30	-1	
5	1	50	4	3	1	1355	1423	78	29	91.470078	τίριον
5	1	50	4	3	2	1448	1437	8	4	90.984970	-
5	1	50	4	3	3	1471	1424	205	29	15.107269	Διανυντέρευση
5	1	50	4	3	4	1689	1425	99	29	92.532959	Πάτρα.
3	1	50	5	0	0	1356	1453	709	107	-1	
4	1	50	5	1	0	1377	1453	688	37	-1	
5	1	50	5	1	1	1377	1461	38	26	93.241798	4η
5	1	50	5	1	2	1430	1460	87	28	90.722145	ἡμέρα:
5	1	50	5	1	3	1542	1461	7	10	86.467880	᾿
5	1	50	5	1	4	1550	1461	141	26	90.956535	Αξιοθέατα
5	1	50	5	1	5	1705	1462	112	28	61.478104	Πιατρῶν
5	1	50	5	1	6	1838	1476	7	4	91.402115	-
5	1	50	5	1	7	1865	1453	128	37	17.317810	ἐπίσκεψη
5	1	50	5	1	8	2022	1463	43	21	96.787422	στό
4	1	50	5	2	0	1356	1495	708	39	-1	
5	1	50	5	2	1	1356	1495	94	29	74.358688	)Αχαΐα
5	1	50	5	2	2	1460	1496	125	28	90.388962	Κλάους
5	1	50	5	2	3	1576	1491	14	39	91.999916	-
5	1	50	5	2	4	1596	1497	91	28	93.296074	Πύργο
5	1	50	5	2	5	1700	1511	8	3	87.935638	-
5	1	50	5	2	6	1726	1497	126	29	77.835999	᾿Ολυμπία
5	1	50	5	2	7	1868	1512	7	4	92.357880	-
5	1	50	5	2	8	1875	1531	3	3	16.512711	.
5	1	50	5	2	9	1893	1497	171	29	79.032944	διανυκτέρευ-
4	1	50	5	3	0	1356	1528	256	50	-1	
5	1	50	5	3	1	1356	1538	30	20	96.634239	ση
5	1	50	5	3	2	1404	1532	46	31	36.352600	οπή
5	1	50	5	3	3	1465	1528	147	50	21.702423	Καλομάτα,
3	1	50	6	0	0	1354	1549	711	153	-1	
4	1	50	6	1	0	1378	1549	685	48	-1	
5	1	50	6	1	1	1378	1567	35	28	88.140167	δη
5	1	50	6	1	2	1426	1567	88	29	90.322472	ἡμέρα:
5	1	50	6	1	3	1531	1568	156	28	88.712646	Καλαμάτα
5	1	50	6	1	4	1681	1563	13	38	88.712646	-
5	1	50	6	1	5	1700	1569	175	28	93.267517	Καρδαμύλη
5	1	50	6	1	6	1858	1563	20	38	92.784332	-
5	1	50	6	1	7	1893	1549	91	43	78.104980	Οἴευλο
5	1	50	6	1	8	1998	1569	65	28	0.000000	-Σπή
4	1	50	6	2	0	1354	1603	711	29	-1	
5	1	50	6	2	1	1354	1603	59	21	82.392044	λαυα
5	1	50	6	2	2	1426	1603	102	28	86.804192	Διροῦ
5	1	50	6	2	3	1516	1599	13	37	92.822647	-
5	1	50	6	2	4	1542	1603	93	22	86.823250	Γύθειο
5	1	50	6	2	5	1653	1617	8	4	92.110298	-
5	1	50	6	2	6	1678	1604	166	28	10.868240	ἸἩονεμθασία
5	1	50	6	2	7	1858	1619	8	3	91.846672	-
5	1	50	6	2	8	1878	1605	187	27	0.000000	ἸΜολάους-Ἀρο
4	1	50	6	3	0	1356	1638	707	30	-1	
5	1	50	6	3	1	1356	1638	60	28	51.542171	πεές
5	1	50	6	3	2	1431	1652	7	3	92.186432	-
5	1	50	6	3	3	1455	1639	86	27	92.121292	Δαφνί
5	1	50	6	3	4	1554	1653	8	3	90.994827	-
5	1	50	6	3	5	1579	1639	113	28	94.048904	Σπάρτη,
5	1	50	6	3	6	1714	1640	70	28	93.024124	καφέ
5	1	50	6	3	7	1801	1641	18	27	72.510712	ἤ
5	1	50	6	3	8	1837	1640	109	28	93.301826	φαγητό,
5	1	50	6	3	9	1968	1640	95	28	62.445969	ἄναχώ-
4	1	50	6	4	0	1355	1675	282	27	-1	
5	1	50	6	4	1	1355	1681	66	20	68.346863	ρήση
5	1	50	6	4	2	1434	1675	43	26	93.230904	γιά
5	1	50	6	4	3	1486	1675	151	27	38.384186	Γεωργίπσι.
3	1	50	7	0	0	1376	1707	687	56	-1	
4	1	50	7	1	0	1376	1707	687	56	-1	
5	1	50	7	1	1	1376	1709	211	28	56.010483	--Προθλέπεται
5	1	50	7	1	2	1601	1711	31	21	95.465546	νά
5	1	50	7	1	3	1647	1711	64	21	93.301315	εἶναι
5	1	50	7	1	4	1724	1712	45	27	85.029640	µιά
5	1	50	7	1	5	1786	1711	128	47	65.692825	ἀξέχασαη
5	1	50	7	1	6	1944	1707	119	56	0.000000	ὀμδρομή,
2	1	51	0	0	0	1736	960	330	29	-1	
3	1	51	1	0	0	1736	960	330	29	-1	
4	1	51	1	1	0	1740	960	326	8	-1	
5	1	51	1	1	1	1740	961	17	7	12.099472	α
5	1	51	1	1	2	1861	960	72	8	59.038429	μα
5	1	51	1	1	3	2029	961	37	7	13.794319	μα
4	1	51	1	2	0	1736	961	329	28	-1	
5	1	51	1	2	1	1736	961	149	28	29.286186	Ξιενοδοχεῖο
5	1	51	1	2	2	1902	969	31	19	75.657898	µέ
5	1	51	1	2	3	1970	969	95	19	34.373085	τσορωϊνό
2	1	52	0	0	0	2020	1747	53	15	-1	
3	1	52	1	0	0	2020	1747	53	15	-1	
4	1	52	1	1	0	2020	1747	53	15	-1	
5	1	52	1	1	1	2020	1747	53	15	95.000000	 
2	1	53	0	0	0	1456	1832	509	54	-1	
3	1	53	1	0	0	1456	1832	509	54	-1	
4	1	53	1	1	0	1456	1832	509	54	-1	
5	1	53	1	1	1	1456	1832	148	48	50.634430	Ἠθχές
5	1	53	1	1	2	1626	1834	85	40	90.323563	τοῦ
5	1	53	1	1	3	1733	1834	232	52	84.081512	Νομάρχα
2	1	54	0	0	0	1354	1920	711	170	-1	
3	1	54	1	0	0	1354	1920	711	138	-1	
4	1	54	1	1	0	1386	1920	679	32	-1	
5	1	54	1	1	1	1386	1920	38	22	92.926559	Μέ
5	1	54	1	1	2	1437	1920	46	30	93.287186	τὴν
5	1	54	1	1	3	1498	1920	125	30	93.024277	εὐκαιρὶα
5	1	54	1	1	4	1636	1921	52	22	93.299500	τῶν
5	1	54	1	1	5	1703	1921	102	31	92.371544	ἑορτῶν
5	1	54	1	1	6	1820	1922	47	22	96.935638	τοῦ
5	1	54	1	1	7	1881	1923	96	29	93.300278	Πάσχα
5	1	54	1	1	8	1988	1922	77	23	42.339432	ἆπευ-
4	1	54	1	2	0	1356	1955	709	33	-1	
5	1	54	1	2	1	1356	1955	69	22	93.104324	θύνω
5	1	54	1	2	2	1446	1957	80	27	95.972000	στούς
5	1	54	1	2	3	1542	1957	142	27	96.387680	κατοίκους
5	1	54	1	2	4	1697	1957	46	22	90.390511	τοῦ
5	1	54	1	2	5	1760	1958	89	30	82.954033	Νομοῦ
5	1	54	1	2	6	1870	1965	53	23	96.472374	µας
5	1	54	1	2	7	1942	1958	46	22	96.959694	καὶ
5	1	54	1	2	8	2003	1959	62	25	96.595886	τούς
4	1	54	1	3	0	1354	1991	710	32	-1	
5	1	54	1	3	1	1354	1991	155	30	72.583466	ἁπανταχοῦ
5	1	54	1	3	2	1524	1993	123	26	91.118607	Λώκωνες
5	1	54	1	3	3	1660	1993	146	29	91.950661	ἐγκάρδιες
5	1	54	1	3	4	1820	1994	78	29	93.140244	εὐχές
5	1	54	1	3	5	1912	1994	51	28	72.772232	γιό
5	1	54	1	3	6	1978	1991	86	31	52.043060	ὑγεία,
4	1	54	1	4	0	1355	2028	297	30	-1	
5	1	54	1	4	1	1355	2028	121	29	90.673378	προκοπή
5	1	54	1	4	2	1488	2028	46	21	93.278610	καί
5	1	54	1	4	3	1542	2028	110	30	79.440338	εἰρῆνη--
3	1	54	2	0	0	1638	2065	378	25	-1	
4	1	54	2	1	0	1638	2065	378	25	-1	
5	1	54	2	1	1	1638	2065	145	22	20.934479	ΓΙΑΝΝΗΣ
5	1	54	2	1	2	1818	2066	198	24	71.206482	ΣΑΒΑΛΑΝΜΟΣ
2	1	55	0	0	0	1416	2140	589	128	-1	
3	1	55	1	0	0	1416	2140	589	128	-1	
4	1	55	1	1	0	1418	2140	335	52	-1	
5	1	55	1	1	1	1418	2140	62	51	31.349548	Ὁ
5	1	55	1	1	2	1502	2141	251	51	86.337791	ἄνδρωπος
4	1	55	1	2	0	1416	2211	589	57	-1	
5	1	55	1	2	1	1416	2211	185	51	65.196762	Βοχλός
5	1	55	1	2	2	1623	2212	96	56	80.586014	τῆς
5	1	55	1	2	3	1732	2212	273	52	65.140732	ἀνάπτυξας
2	1	56	0	0	0	1352	2280	723	710	-1	
3	1	56	1	0	0	1353	2280	722	210	-1	
4	1	56	1	1	0	1380	2280	685	32	-1	
5	1	56	1	1	1	1380	2280	35	22	93.290443	Τό
5	1	56	1	1	2	1432	2280	142	29	91.180725	ἀνθρώπινο
5	1	56	1	1	3	1594	2281	121	29	50.181458	δυναμικό
5	1	56	1	1	4	1737	2282	64	23	93.267082	εἶναι
5	1	56	1	1	5	1818	2283	61	29	59.650055	ἔνας
5	1	56	1	1	6	1913	2285	152	27	16.447922	σήηµανπωός
4	1	56	1	2	0	1353	2317	722	31	-1	
5	1	56	1	2	1	1353	2317	169	29	86.677765	παράγοντας,
5	1	56	1	2	2	1539	2319	48	21	93.044754	πού
5	1	56	1	2	3	1601	2319	32	21	93.297585	θά
5	1	56	1	2	4	1642	2319	117	27	39.646927	δεσπόδει
5	1	56	1	2	5	1772	2320	47	22	93.297943	στά
5	1	56	1	2	6	1832	2320	173	27	53.531021	ἀναστυξιαρά
5	1	56	1	2	7	2016	2329	59	19	89.513611	σερο
5	1	56	1	2	8	2067	2313	10	39	61.857307	|
4	1	56	1	3	0	1356	2354	709	30	-1	
5	1	56	1	3	1	1356	2354	137	27	17.479782	γθάµματα,
5	1	56	1	3	2	1509	2354	48	21	96.701981	πού
5	1	56	1	3	3	1572	2354	33	22	89.931427	θά
5	1	56	1	3	4	1616	2356	244	27	77.403046	χρηματοδοτοῦνται
5	1	56	1	3	5	1872	2356	49	22	96.615158	ἀπό
5	1	56	1	3	6	1933	2356	30	27	93.146446	τή
5	1	56	1	3	7	1977	2356	88	28	46.554634	Νομαρ
4	1	56	1	4	0	1354	2389	710	31	-1	
5	1	56	1	4	1	1354	2389	51	28	92.817200	χία,
5	1	56	1	4	2	1421	2390	75	27	92.123276	στούς
5	1	56	1	4	3	1510	2392	85	26	91.671509	τομεῖς
5	1	56	1	4	4	1612	2392	49	27	96.260963	τῆς
5	1	56	1	4	5	1676	2391	157	28	84.676483	"Ύδρευσης,
5	1	56	1	4	6	1850	2392	156	28	87.888367	Κοινοτικῆς
5	1	56	1	4	7	2041	2392	23	21	6.712784	ᾖ-
4	1	56	1	5	0	1353	2425	710	31	-1	
5	1	56	1	5	1	1353	2425	123	28	0.000000	δοποβας,
5	1	56	1	5	2	1493	2427	49	26	93.265091	τῆς
5	1	56	1	5	3	1559	2426	98	28	91.103706	ὑγείας,
5	1	56	1	5	4	1680	2428	47	27	93.276451	τῆς
5	1	56	1	5	5	1741	2427	139	29	90.909920	ὑποδομῆς,
5	1	56	1	5	6	1899	2428	16	28	90.909920	ἤ
5	1	56	1	5	7	1932	2430	47	25	93.280289	τῆς
5	1	56	1	5	8	1998	2428	77	31	53.439735	στολι-'
4	1	56	1	6	0	1354	2462	430	28	-1	
5	1	56	1	6	1	1354	2463	115	26	54.330196	τιστωιῆς
5	1	56	1	6	2	1483	2462	144	28	83.800819	ἀνάππυξης
5	1	56	1	6	3	1638	2464	44	20	96.726334	τοῦ
5	1	56	1	6	4	1699	2463	85	22	96.366409	τόπου.
3	1	56	2	0	0	1352	2496	713	275	-1	
4	1	56	2	1	0	1375	2496	690	31	-1	
5	1	56	2	1	1	1375	2496	49	22	49.118950	Τιά
5	1	56	2	1	2	1436	2498	29	21	96.563416	τό
5	1	56	2	1	3	1479	2498	80	21	93.294739	σκοπό
5	1	56	2	1	4	1574	2498	61	22	92.306580	αὐπό
5	1	56	2	1	5	1647	2498	32	22	96.135719	θά
5	1	56	2	1	6	1690	2499	90	27	67.535988	πρέπει
5	1	56	2	1	7	1793	2500	32	21	58.623123	νά
5	1	56	2	1	8	1840	2500	153	27	91.864204	καταθληθεῖ
5	1	56	2	1	9	2004	2488	61	33	42.885277	ἶδιαί
4	1	56	2	2	0	1354	2533	711	30	-1	
5	1	56	2	2	1	1354	2540	59	20	62.562138	τερη
5	1	56	2	2	2	1425	2533	156	27	96.479858	προσπάθεια
5	1	56	2	2	3	1592	2534	56	21	83.694611	στόν
5	1	56	2	2	4	1664	2534	76	27	91.462486	τοµέα
5	1	56	2	2	5	1751	2536	48	26	93.280281	τῆς
5	1	56	2	2	6	1812	2535	172	28	86.395767	ἐνημέρωσης,
5	1	56	2	2	7	1999	2536	66	21	96.924843	ὥστε
4	1	56	2	3	0	1354	2568	709	29	-1	
5	1	56	2	3	1	1354	2568	23	21	92.332626	οἳ
5	1	56	2	3	2	1392	2568	115	21	66.614563	κάπουκοι
5	1	56	2	3	3	1518	2570	51	20	93.301422	τῶν
5	1	56	2	3	4	1582	2570	112	27	91.829231	χωριῶν,
5	1	56	2	3	5	1708	2570	32	21	94.735435	νά
5	1	56	2	3	6	1750	2570	95	27	37.577370	μάθουν
5	1	56	2	3	7	1857	2571	32	20	93.299156	νά
5	1	56	2	3	8	1904	2570	107	27	64.485519	θοηθοῦν
5	1	56	2	3	9	2022	2570	41	22	96.599304	τόν
4	1	56	2	4	0	1354	2603	709	28	-1	
5	1	56	2	4	1	1354	2603	75	20	92.075600	ἑαυτό
5	1	56	2	4	2	1441	2611	68	18	92.609375	τους.
5	1	56	2	4	3	1533	2604	18	20	51.333370	Ὁ
5	1	56	2	4	4	1570	2604	59	26	95.803200	νέος
5	1	56	2	4	5	1640	2605	229	26	22.072937	προσανατολισμός
5	1	56	2	4	6	1882	2604	90	27	96.377266	πρέπει
5	1	56	2	4	7	1984	2605	30	20	93.198372	νά
5	1	56	2	4	8	2027	2612	36	13	92.972763	το-
4	1	56	2	5	0	1352	2637	709	28	-1	
5	1	56	2	5	1	1352	2637	101	21	56.459969	σοθετεῖ
5	1	56	2	5	2	1471	2638	42	20	83.858482	τόν
5	1	56	2	5	3	1534	2638	116	26	92.091057	ἄνθρωπο
5	1	56	2	5	4	1668	2639	43	20	96.215813	στό
5	1	56	2	5	5	1726	2638	89	27	92.554390	κέντρο
5	1	56	2	5	6	1832	2640	49	25	88.887787	τῆς
5	1	56	2	5	7	1908	2638	153	27	81.089355	ἀνάπτυξης,
4	1	56	2	6	0	1354	2671	709	30	-1	
5	1	56	2	6	1	1354	2671	43	21	52.125473	καί
5	1	56	2	6	2	1413	2672	32	21	64.568985	νά
5	1	56	2	6	3	1456	2672	155	27	41.639194	ἐφαρμοσθεῖ
5	1	56	2	6	4	1624	2672	46	23	93.798203	ἕνα
5	1	56	2	6	5	1684	2673	126	28	45.832180	κεφάλαιο
5	1	56	2	6	6	1824	2672	137	23	81.707855	κοινωνικό
5	1	56	2	6	7	1973	2672	90	22	9.466904	πολυτι-
4	1	56	2	7	0	1354	2708	709	28	-1	
5	1	56	2	7	1	1354	2708	91	26	49.863350	στωιῆς
5	1	56	2	7	2	1462	2708	177	27	93.048546	συνεργασίας,
5	1	56	2	7	3	1661	2708	32	27	86.472832	µέ
5	1	56	2	7	4	1714	2708	83	28	96.159943	φορέα
5	1	56	2	7	5	1813	2709	45	27	91.924789	τήν
5	1	56	2	7	6	1877	2708	186	27	40.930618	Αὔτοδιοίκήση
4	1	56	2	8	0	1354	2742	405	29	-1	
5	1	56	2	8	1	1354	2742	43	21	14.960205	καΐ
5	1	56	2	8	2	1409	2742	42	21	93.292564	τόν
5	1	56	2	8	3	1464	2743	164	22	88.264275	Πολιτισπωιό
5	1	56	2	8	4	1638	2744	121	27	92.731033	Σύλλογο.
3	1	56	3	0	0	1352	2778	724	376	-1	
4	1	56	3	1	0	1375	2778	688	29	-1	
5	1	56	3	1	1	1375	2778	98	27	56.238922	Στόχος
5	1	56	3	1	2	1486	2786	45	13	96.653770	του
5	1	56	3	1	3	1548	2778	31	22	96.653770	θά
5	1	56	3	1	4	1596	2779	73	27	96.620842	εἶναι,
5	1	56	3	1	5	1685	2780	31	21	95.650963	νά
5	1	56	3	1	6	1730	2780	171	27	91.238815	διασφαλίσει,
5	1	56	3	1	7	1921	2780	37	21	96.194443	ὅτι
5	1	56	3	1	8	1970	2779	31	22	93.295921	θά
5	1	56	3	1	9	2012	2779	51	22	76.201347	δια-
4	1	56	3	2	0	1353	2814	710	30	-1	
5	1	56	3	2	1	1353	2814	103	27	90.268044	τηρηθεῖ
5	1	56	3	2	2	1472	2814	15	28	38.594215	ἡ
5	1	56	3	2	3	1505	2814	156	29	8.662560	πολιιστική
5	1	56	3	2	4	1677	2815	138	29	96.369476	ταυτότητα
5	1	56	3	2	5	1834	2818	45	20	93.298035	τοῦ
5	1	56	3	2	6	1897	2817	106	26	91.266876	χωριοῦ,
5	1	56	3	2	7	2032	2815	31	21	96.842148	θά
4	1	56	3	3	0	1353	2849	710	31	-1	
5	1	56	3	3	1	1353	2849	162	28	90.454941	ἐνθαρρυνθεῖ
5	1	56	3	3	2	1530	2850	15	28	77.491776	ἡ
5	1	56	3	3	3	1564	2851	125	28	48.032509	ἀνύινωση
5	1	56	3	3	4	1703	2852	44	21	89.900681	καί
5	1	56	3	3	5	1759	2852	16	27	50.872345	ἤ
5	1	56	3	3	6	1791	2852	97	28	88.446503	αὔξηση
5	1	56	3	3	7	1905	2852	51	21	93.299583	τῶν
5	1	56	3	3	8	1969	2850	94	29	87.218628	εἴσοδη-
4	1	56	3	4	0	1352	2884	711	33	-1	
5	1	56	3	4	1	1352	2884	85	27	85.134712	µάτων
5	1	56	3	4	2	1449	2886	52	20	93.299805	τῶν
5	1	56	3	4	3	1512	2887	113	26	90.708069	χωριῶν,
5	1	56	3	4	4	1638	2887	43	20	95.879066	καί
5	1	56	3	4	5	1696	2887	42	26	96.837517	γιά
5	1	56	3	4	6	1750	2887	46	26	95.586197	τήν
5	1	56	3	4	7	1810	2888	127	29	88.195816	ἀνάπτυξη
5	1	56	3	4	8	1950	2888	32	26	54.131248	νά
5	1	56	3	4	9	1996	2887	67	23	96.985123	θέτει
4	1	56	3	5	0	1352	2920	711	34	-1	
5	1	56	3	5	1	1352	2920	41	21	26.909119	τόν
5	1	56	3	5	2	1412	2920	125	27	92.829720	ἄνθρωπο,
5	1	56	3	5	3	1559	2920	116	28	86.908844	(ἄνδρες,
5	1	56	3	5	4	1693	2924	121	25	19.620705	γυναῖπες
5	1	56	3	5	5	1828	2922	44	21	46.245186	γιαΐ
5	1	56	3	5	6	1886	2926	102	28	96.258781	παιδιά)
5	1	56	3	5	7	2011	2926	52	21	16.602692	"στό
4	1	56	3	6	0	1353	2955	710	35	-1	
5	1	56	3	6	1	1353	2955	132	28	47.013962	ἐπίκεγπρο
5	1	56	3	6	2	1497	2958	43	19	93.295616	τοῦ
5	1	56	3	6	3	1555	2956	196	29	81.516769	ἐνδιαφέρογτός
5	1	56	3	6	4	1764	2965	45	14	96.429337	του
5	1	56	3	6	5	1827	2958	44	21	0.000000	καί
5	1	56	3	6	6	1885	2962	31	22	88.239182	νά
5	1	56	3	6	7	1928	2962	135	28	8.118286	οἷα
2	1	57	0	0	0	1808	2112	255	7	-1	
3	1	57	1	0	0	1808	2112	255	7	-1	
4	1	57	1	1	0	1808	2112	255	7	-1	
5	1	57	1	1	1	1808	2112	255	7	95.000000	 
2	1	58	0	0	0	2074	2039	2	370	-1	
3	1	58	1	0	0	2074	2039	2	370	-1	
4	1	58	1	1	0	2074	2039	2	370	-1	
5	1	58	1	1	1	2074	2039	2	370	95.000000	 
2	1	59	0	0	0	2072	2410	4	29	-1	
3	1	59	1	0	0	2072	2410	4	29	-1	
4	1	59	1	1	0	2072	2410	4	29	-1	
5	1	59	1	1	1	2072	2410	4	29	23.640022	|
2	1	60	0	0	0	1351	2990	713	65	-1	
3	1	60	1	0	0	1351	2990	713	65	-1	
4	1	60	1	1	0	1352	2990	712	35	-1	
5	1	60	1	1	1	1352	2990	28	22	95.245674	τό
5	1	60	1	1	2	1392	2991	126	28	22.624763	δικαίωμά
5	1	60	1	1	3	1534	3000	44	13	93.289413	του
5	1	60	1	1	4	1595	2992	63	28	43.505360	οσήν
5	1	60	1	1	5	1668	2992	160	29	89.234291	αὐτοδύναμη
5	1	60	1	1	6	1844	2993	138	32	70.176750	ἀνάπευξη,
5	1	60	1	1	7	2001	2997	63	28	90.474045	µέσα
4	1	60	1	2	0	1351	3027	386	28	-1	
5	1	60	1	2	1	1351	3027	45	22	93.239090	στό
5	1	60	1	2	2	1407	3027	155	23	52.980385	πολιτυστικό
5	1	60	1	2	3	1573	3028	100	23	60.246353	σπελαίσιό
5	1	60	1	2	4	1683	3037	54	18	84.987167	του,
2	1	61	0	0	0	1344	3104	93	30	-1	
3	1	61	1	0	0	1344	3104	93	30	-1	
4	1	61	1	1	0	1344	3104	93	30	-1	
5	1	61	1	1	1	1344	3104	93	30	15.934921	τώρα;
2	1	62	0	0	0	1351	3141	724	216	-1	
3	1	62	1	0	0	1351	3141	565	35	-1	
4	1	62	1	1	0	1351	3141	565	35	-1	
5	1	62	1	1	1	1351	3141	70	24	27.607307	1
5	1	62	1	1	2	1442	3142	105	23	91.815125	θέδαια,
5	1	62	1	1	3	1564	3144	61	32	88.041466	µισή
5	1	62	1	1	4	1636	3144	61	31	40.922165	ρα
5	1	62	1	1	5	1708	3144	87	32	89.668167	δρόµο
5	1	62	1	1	6	1807	3144	109	25	88.651230	θάκανε.
3	1	62	2	0	0	1351	3181	711	67	-1	
4	1	62	2	1	0	1351	3181	711	32	-1	
5	1	62	2	1	1	1351	3181	136	30	44.066032	--ΕΚρῖμα,
5	1	62	2	1	2	1499	3182	51	21	96.561867	πού
5	1	62	2	1	3	1561	3182	50	27	93.303314	γιά
5	1	62	2	1	4	1623	3183	60	29	88.154099	µισή
5	1	62	2	1	5	1698	3183	65	29	76.418129	ὥρα,
5	1	62	2	1	6	1774	3183	45	21	93.242661	δέν
5	1	62	2	1	7	1832	3183	70	30	85.919159	πῆγε
5	1	62	2	1	8	1915	3184	54	21	95.762291	ἀπό
5	1	62	2	1	9	1981	3184	32	21	75.078354	τό
5	1	62	2	1	10	2020	3190	42	23	75.078354	γε-
4	1	62	2	2	0	1353	3216	538	32	-1	
5	1	62	2	2	1	1353	3216	69	30	83.703499	φύρι,
5	1	62	2	2	2	1438	3218	36	21	93.292900	θά
5	1	62	2	2	3	1488	3217	62	30	91.468262	εἶχα
5	1	62	2	2	4	1565	3219	34	20	94.129906	κι’
5	1	62	2	2	5	1610	3218	57	27	96.346489	ἐγώ
5	1	62	2	2	6	1678	3218	105	30	96.238518	πατέρα
5	1	62	2	2	7	1794	3218	97	30	96.238518	τώρα...
3	1	62	3	0	0	1388	3253	496	31	-1	
4	1	62	3	1	0	1388	3253	496	31	-1	
5	1	62	3	1	1	1388	3253	47	22	96.902802	Γιά
5	1	62	3	1	2	1447	3254	34	21	93.241684	νά
5	1	62	3	1	3	1495	3254	33	29	51.202240	µή
5	1	62	3	1	4	1541	3254	61	22	95.939331	λένε
5	1	62	3	1	5	1616	3254	26	21	96.515663	οἱ
5	1	62	3	1	6	1654	3254	230	30	68.056587	μεταγενέστεροι:
3	1	62	4	0	0	1352	3288	723	69	-1	
4	1	62	4	1	0	1378	3288	685	32	-1	
5	1	62	4	1	1	1378	3288	65	23	46.236900	«Αν
5	1	62	4	1	2	1460	3289	148	30	91.465698	φυτευόταν
5	1	62	4	1	3	1625	3289	16	22	93.207397	ὁ
5	1	62	4	1	4	1661	3290	80	26	93.275391	τόπος
5	1	62	4	1	5	1756	3290	31	30	90.794655	µέ
5	1	62	4	1	6	1801	3290	180	30	92.311600	πλατύφυλλα
5	1	62	4	1	7	2010	3290	53	22	86.148232	δέν-
4	1	62	4	2	0	1352	3324	723	33	-1	
5	1	62	4	2	1	1352	3330	58	24	92.165131	τρα,
5	1	62	4	2	2	1425	3324	35	23	93.297188	θά
5	1	62	4	2	3	1474	3325	94	30	92.292114	εἴχαμε
5	1	62	4	2	4	1581	3325	145	31	92.001732	ἀσφάλεια,
5	1	62	4	2	5	1741	3326	46	23	93.302620	καὶ
5	1	62	4	2	6	1801	3326	96	25	92.538483	κόποιο
5	1	62	4	2	7	1909	3326	166	31	34.255058	εἰσόδημα».
5	1	62	4	2	8	2069	3320	11	42	34.255058	|
2	1	63	0	0	0	2075	796	4	86	-1	
3	1	63	1	0	0	2075	796	4	86	-1	
4	1	63	1	1	0	2075	796	4	86	-1	
5	1	63	1	1	1	2075	796	4	86	95.000000	 
2	1	64	0	0	0	2060	1731	378	28	-1	
3	1	64	1	0	0	2060	1731	378	28	-1	
4	1	64	1	1	0	2060	1731	378	28	-1	
5	1	64	1	1	1	2060	1731	103	27	27.838600	᾿|σθενῆ
5	1	64	1	1	2	2178	1731	80	28	92.138977	χάριν
5	1	64	1	1	3	2270	1738	59	18	89.550034	του.
5	1	64	1	1	4	2342	1731	46	26	96.581711	διά
5	1	64	1	1	5	2412	1753	26	3	94.657158	µε
2	1	65	0	0	0	2103	755	349	53	-1	
3	1	65	1	0	0	2103	755	349	53	-1	
4	1	65	1	1	0	2103	755	349	53	-1	
5	1	65	1	1	1	2103	755	195	50	15.520058	"Ἑορτάζοντες
5	1	65	1	1	2	2317	772	31	31	69.161530	μέ
5	1	65	1	1	3	2378	772	60	22	84.657166	πολ-
5	1	65	1	1	4	2448	796	4	12	66.334259	|
2	1	66	0	0	0	2082	808	358	421	-1	
3	1	66	1	0	0	2082	808	358	421	-1	
4	1	66	1	1	0	2084	808	355	30	-1	
5	1	66	1	1	1	2084	808	50	29	92.869476	λήν
5	1	66	1	1	2	2154	808	89	30	87.327492	χαράν
5	1	66	1	1	3	2264	808	30	22	90.434906	τό
5	1	66	1	1	4	2312	815	127	23	79.834534	συνταρα-
4	1	66	1	2	0	2085	843	354	29	-1	
5	1	66	1	2	1	2085	843	160	29	90.876831	κτικώτερον
5	1	66	1	2	2	2260	844	116	26	96.463387	γεγονός
5	1	66	1	2	3	2392	844	47	28	96.787361	τῆς
4	1	66	1	3	0	2084	877	354	29	-1	
5	1	66	1	3	1	2084	877	177	28	39.589558	παγκοσμµὶου
5	1	66	1	3	2	2271	873	16	37	55.497444	΄
5	1	66	1	3	3	2308	877	130	29	90.663712	ἱστορίας,
4	1	66	1	4	0	2084	910	355	31	-1	
5	1	66	1	4	1	2084	911	47	29	93.299576	τήν
5	1	66	1	4	2	2146	910	194	31	83.290085	λαμπροφόρον
5	1	66	1	4	3	2366	912	73	21	35.089729	᾿Ανά-
4	1	66	1	5	0	2084	947	355	30	-1	
5	1	66	1	5	1	2084	952	95	16	91.858147	στασιν
5	1	66	1	5	2	2197	947	48	22	96.277870	τοῦ
5	1	66	1	5	3	2264	947	99	30	96.166832	Κυρίου
5	1	66	1	5	4	2380	954	59	23	93.533997	µας,
4	1	66	1	6	0	2083	982	354	31	-1	
5	1	66	1	6	1	2083	982	182	30	75.940750	ἀπευθύνομεν
5	1	66	1	6	2	2312	982	125	31	75.940750	ἐγκόρδι-
4	1	66	1	7	0	2083	1018	357	30	-1	
5	1	66	1	7	1	2083	1024	31	15	92.776604	ον
5	1	66	1	7	2	2129	1018	173	29	42.302185	χαιρετισµόν
5	1	66	1	7	3	2314	1018	67	30	94.955421	πρός
5	1	66	1	7	4	2394	1018	46	22	95.216156	τόν
4	1	66	1	8	0	2085	1053	353	30	-1	
5	1	66	1	8	1	2085	1053	86	30	33.052460	Ἱερόν
5	1	66	1	8	2	2191	1053	105	30	22.555450	ΓΚλῆρον
5	1	66	1	8	3	2313	1054	46	21	93.251221	καί
5	1	66	1	8	4	2393	1054	45	21	93.251221	τόν
4	1	66	1	9	0	2082	1088	355	31	-1	
5	1	66	1	9	1	2082	1088	99	30	79.425117	εὐσεθῃ
5	1	66	1	9	2	2196	1088	69	23	96.774879	λαόν
5	1	66	1	9	3	2296	1089	47	30	92.541191	τῆς
5	1	66	1	9	4	2376	1090	61	22	23.866188	ϐΘεο-
4	1	66	1	10	0	2083	1124	354	31	-1	
5	1	66	1	10	1	2083	1124	153	31	73.226021	Φρουρήτου
5	1	66	1	10	2	2271	1125	166	30	79.845062	Μητροπόλε-
4	1	66	1	11	0	2083	1160	355	33	-1	
5	1	66	1	11	1	2083	1160	37	29	95.896011	ὡς
5	1	66	1	11	2	2137	1167	62	25	91.685547	µας,
5	1	66	1	11	3	2224	1161	90	29	87.890274	καθώς
5	1	66	1	11	4	2346	1161	92	32	86.509712	ἐπίσης
4	1	66	1	12	0	2083	1197	355	32	-1	
5	1	66	1	12	1	2083	1197	46	23	96.350433	καί
5	1	66	1	12	2	2142	1198	67	30	96.968208	πρός
5	1	66	1	12	3	2223	1198	62	28	93.183144	τούς
5	1	66	1	12	4	2296	1199	142	30	91.510139	προσφιλε-
2	1	67	0	0	0	2057	1230	387	34	-1	
3	1	67	1	0	0	2057	1230	387	34	-1	
4	1	67	1	1	0	2057	1230	387	34	-1	
5	1	67	1	1	1	2057	1230	140	30	83.453896	᾿Ἱστάτους
5	1	67	1	1	2	2214	1234	165	30	52.626030	᾿Αποδῆμους
5	1	67	1	1	3	2398	1233	46	24	30.764618	ΛάΊ
2	1	68	0	0	0	2059	1274	380	452	-1	
3	1	68	1	0	0	2084	1274	93	22	-1	
4	1	68	1	1	0	2084	1274	93	22	-1	
5	1	68	1	1	1	2084	1274	93	22	54.550976	κωνας.
3	1	68	2	0	0	2081	1305	358	421	-1	
4	1	68	2	1	0	2112	1305	325	29	-1	
5	1	68	2	1	1	2112	1305	109	29	79.470650	Μοερῶς
5	1	68	2	1	2	2237	1306	154	27	90.105103	γονατιστοὶ
5	1	68	2	1	3	2416	1305	21	22	79.855530	ἑ-
4	1	68	2	2	0	2082	1340	355	31	-1	
5	1	68	2	2	1	2082	1340	96	22	56.736828	γώπιον
5	1	68	2	2	2	2217	1341	47	21	89.960144	τοῦ
5	1	68	2	2	3	2296	1341	141	30	90.980629	Ζωοδόχου
4	1	68	2	3	0	2082	1375	357	31	-1	
5	1	68	2	3	1	2082	1375	97	30	86.839722	Τάφου,
5	1	68	2	3	2	2210	1376	153	30	44.369171	ἱκετεύομεν
5	1	68	2	3	3	2392	1377	47	21	93.875267	τόν
4	1	68	2	4	0	2082	1411	355	31	-1	
5	1	68	2	4	1	2082	1411	94	27	91.941750	Μέγαν
5	1	68	2	4	2	2192	1411	186	31	44.944572	Θριαμθευτήν
5	1	68	2	4	3	2400	1413	37	21	78.294441	Κύ
4	1	68	2	5	0	2059	1447	379	30	-1	
5	1	68	2	5	1	2059	1453	88	23	0.000000	«ριον,
5	1	68	2	5	2	2158	1447	34	21	93.300026	νά
5	1	68	2	5	3	2205	1447	97	30	91.562500	φωτίζη
5	1	68	2	5	4	2318	1447	47	22	91.384773	τόν
5	1	68	2	5	5	2375	1447	63	26	91.986076	νοῦν
4	1	68	2	6	0	2082	1481	355	31	-1	
5	1	68	2	6	1	2082	1481	71	23	91.643509	ὅλων
5	1	68	2	6	2	2166	1488	61	24	93.302719	µας,
5	1	68	2	6	3	2244	1483	31	29	90.018921	µέ
5	1	68	2	6	4	2289	1483	31	21	91.911041	τό
5	1	68	2	6	5	2337	1482	100	23	90.272560	ἄπλετο
4	1	68	2	7	0	2082	1517	355	30	-1	
5	1	68	2	7	1	2082	1517	57	30	90.772224	φῶς
5	1	68	2	7	2	2152	1517	48	30	96.669144	τῆς
5	1	68	2	7	3	2214	1518	76	27	92.168480	θείας
5	1	68	2	7	4	2309	1519	128	21	92.089882	διδασκα-
4	1	68	2	8	0	2082	1553	354	31	-1	
5	1	68	2	8	1	2082	1553	62	27	91.017174	λίας
5	1	68	2	8	2	2160	1559	54	16	84.348366	του,
5	1	68	2	8	3	2242	1554	33	22	89.612816	νά
5	1	68	2	8	4	2308	1554	128	30	85.334427	θερμαϊνη
4	1	68	2	9	0	2081	1586	358	33	-1	
5	1	68	2	9	1	2081	1589	47	29	96.790451	τήν
5	1	68	2	9	2	2144	1589	115	29	96.167076	καρδίαν
5	1	68	2	9	3	2278	1586	52	33	93.291290	µας
5	1	68	2	9	4	2346	1590	31	29	81.519081	µέ
5	1	68	2	9	5	2390	1590	49	29	96.874153	τήν
4	1	68	2	10	0	2081	1624	357	30	-1	
5	1	68	2	10	1	2081	1624	112	30	91.250450	ἄπειρον
5	1	68	2	10	2	2209	1625	89	29	91.164642	θεϊκήν
5	1	68	2	10	3	2317	1631	46	15	93.290977	του
5	1	68	2	10	4	2378	1625	60	27	63.854568	ἀγά
4	1	68	2	11	0	2083	1659	353	33	-1	
5	1	68	2	11	1	2083	1665	55	24	91.159225	πην,
5	1	68	2	11	2	2153	1660	35	22	93.298958	νά
5	1	68	2	11	3	2208	1659	107	33	91.711105	ἐνισχύη
5	1	68	2	11	4	2333	1661	46	29	93.258789	τήν
5	1	68	2	11	5	2397	1660	39	23	87.484558	θέ-
4	1	68	2	12	0	2082	1695	355	31	-1	
5	1	68	2	12	1	2082	1695	78	30	92.033585	λησὶν
5	1	68	2	12	2	2182	1702	53	23	92.666023	µας
5	1	68	2	12	3	2252	1696	31	30	89.040771	µέ
5	1	68	2	12	4	2299	1697	47	29	92.204033	τήν
5	1	68	2	12	5	2377	1702	60	16	92.151253	παν-
2	1	69	0	0	0	2082	1763	358	387	-1	
3	1	69	1	0	0	2082	1763	358	316	-1	
4	1	69	1	1	0	2082	1763	357	31	-1	
5	1	69	1	1	1	2082	1763	77	27	96.221176	γάλα
5	1	69	1	1	2	2171	1764	46	20	93.296806	καί
5	1	69	1	1	3	2234	1764	90	29	89.980103	ὑψηλά
5	1	69	1	1	4	2336	1770	103	24	33.350723	πνευμα
4	1	69	1	2	0	2083	1799	354	30	-1	
5	1	69	1	2	1	2083	1799	61	21	88.729050	τικά
5	1	69	1	2	2	2160	1799	71	29	96.253197	ἔργα
5	1	69	1	2	3	2251	1799	46	22	96.036957	καί
5	1	69	1	2	4	2314	1799	35	22	82.089012	νά
5	1	69	1	2	5	2363	1799	74	30	90.790871	χαρὶ-
4	1	69	1	3	0	2084	1833	354	32	-1	
5	1	69	1	3	1	2084	1833	29	30	93.234100	ζη
5	1	69	1	3	2	2133	1834	39	26	89.511971	εἲς
5	1	69	1	3	3	2190	1834	64	22	91.400101	ὅλον
5	1	69	1	3	4	2270	1835	46	21	96.563309	τόν
5	1	69	1	3	5	2338	1835	100	30	58.876537	κόσμον
4	1	69	1	4	0	2083	1869	356	31	-1	
5	1	69	1	4	1	2083	1869	46	30	96.328392	τήν
5	1	69	1	4	2	2142	1869	81	23	74.670441	τόσον
5	1	69	1	4	3	2256	1870	183	30	43.178047	ἀπαραίτητον
4	1	69	1	5	0	2084	1905	354	29	-1	
5	1	69	1	5	1	2084	1905	105	29	92.614723	εἰρήνην
5	1	69	1	5	2	2210	1906	46	21	96.319695	καί
5	1	69	1	5	3	2272	1906	39	27	96.262215	εἰς
5	1	69	1	5	4	2331	1906	46	23	93.292854	τόν
5	1	69	1	5	5	2392	1913	46	15	91.406029	κα-
4	1	69	1	6	0	2084	1940	353	30	-1	
5	1	69	1	6	1	2084	1940	64	22	93.127937	θένα
5	1	69	1	6	2	2165	1941	46	29	93.303497	τὴν
5	1	69	1	6	3	2228	1941	121	27	84.679611	διακαῶς
5	1	69	1	6	4	2374	1941	63	21	46.767570	«ἀνα-
4	1	69	1	7	0	2084	1976	353	30	-1	
5	1	69	1	7	1	2084	1976	160	30	77.670319	ζητουµένην
5	1	69	1	7	2	2290	1983	147	23	28.963745	πραγματι:
4	1	69	1	8	0	2084	2011	356	33	-1	
5	1	69	1	8	1	2084	2011	47	31	82.779861	κὴν
5	1	69	1	8	2	2147	2012	88	30	90.987793	χαράν
5	1	69	1	8	3	2249	2012	46	23	93.301987	καὶ
5	1	69	1	8	4	2311	2012	129	32	90.980331	ἀληθινήν
4	1	69	1	9	0	2084	2049	129	30	-1	
5	1	69	1	9	1	2084	2049	129	30	90.948616	εὐτυχίαν.
3	1	69	2	0	0	2085	2085	351	65	-1	
4	1	69	2	1	0	2092	2085	339	30	-1	
5	1	69	2	1	1	2092	2085	67	22	29.687157	 Ὁ
5	1	69	2	1	2	2174	2085	190	30	63.949936	Μονεµέασίας
5	1	69	2	1	3	2385	2086	46	22	96.144104	καί
4	1	69	2	2	0	2085	2121	351	29	-1	
5	1	69	2	2	1	2085	2121	124	29	96.358162	Σπάρτης
5	1	69	2	2	2	2248	2121	188	23	95.908424	ΕΥΣΤΑΘΙΟΣ
2	1	70	0	0	0	2091	2166	339	8	-1	
3	1	70	1	0	0	2091	2166	339	8	-1	
4	1	70	1	1	0	2091	2166	339	8	-1	
5	1	70	1	1	1	2091	2166	339	8	95.000000	 
2	1	71	0	0	0	2087	2186	344	170	-1	
3	1	71	1	0	0	2087	2186	344	170	-1	
4	1	71	1	1	0	2087	2186	334	31	-1	
5	1	71	1	1	1	2087	2186	32	26	15.160294	᾿Ἡ
5	1	71	1	1	2	2138	2191	192	23	96.307571	ΕΦΗΜΕΡΙΔΑ
5	1	71	1	1	3	2352	2192	69	25	96.595856	ΜΑΣ
4	1	71	1	2	0	2156	2227	210	22	-1	
5	1	71	1	2	1	2156	2227	210	22	0.000000	ΕἷΥΧΕΤΑΙ
4	1	71	1	3	0	2094	2263	337	24	-1	
5	1	71	1	3	1	2094	2263	104	21	91.090034	ΣΤΟΥΣ
5	1	71	1	3	2	2239	2263	192	24	84.267662	ΑΠΑΝΤΑΧΟΥ
4	1	71	1	4	0	2136	2298	255	22	-1	
5	1	71	1	4	1	2136	2298	255	22	95.720131	ΣΥΜΠΑΤΡΙΩΤΕΣ
4	1	71	1	5	0	2089	2334	340	22	-1	
5	1	71	1	5	1	2089	2334	200	22	91.331299	ΧΑΡΟΥΜΕΝΟ
5	1	71	1	5	2	2318	2335	111	21	95.851540	ΠΑΣΧΑ
2	1	72	0	0	0	2099	2379	334	6	-1	
3	1	72	1	0	0	2099	2379	334	6	-1	
4	1	72	1	1	0	2099	2379	334	6	-1	
5	1	72	1	1	1	2099	2379	334	6	95.000000	 
2	1	73	0	0	0	2072	2404	365	171	-1	
3	1	73	1	0	0	2080	2404	357	171	-1	
4	1	73	1	1	0	2097	2404	340	32	-1	
5	1	73	1	1	1	2097	2404	41	23	92.868591	Μέ
5	1	73	1	1	2	2151	2404	89	32	87.073296	ἐθνική
5	1	73	1	1	3	2257	2406	101	30	91.879372	ἔξαρση
5	1	73	1	1	4	2374	2412	63	24	92.630768	γιορ
4	1	73	1	2	0	2072	2437	364	49	-1	
5	1	73	1	2	1	2072	2437	126	49	69.087547	ἱτάστηκε
5	1	73	1	2	2	2240	2442	47	29	66.037903	στ
5	1	73	1	2	3	2330	2442	106	29	92.332703	Σπάρτη
4	1	73	1	3	0	2081	2476	356	31	-1	
5	1	73	1	3	1	2081	2476	48	22	96.887596	καὶ
5	1	73	1	3	2	2141	2477	52	22	93.662788	στό
5	1	73	1	3	3	2206	2477	87	30	96.082855	χωριά
5	1	73	1	3	4	2309	2484	58	23	93.303230	µας,
5	1	73	1	3	5	2381	2478	16	29	92.141182	ἡ
5	1	73	1	3	6	2414	2477	23	22	30.531021	ἑ-
4	1	73	1	4	0	2080	2512	356	30	-1	
5	1	73	1	4	1	2080	2512	105	27	92.840240	πέτειος
5	1	73	1	4	2	2200	2512	46	30	93.298515	τῆς
5	1	73	1	4	3	2266	2512	106	30	92.139618	ἐθνικῆς
5	1	73	1	4	4	2390	2520	46	15	87.999237	πα-
4	1	73	1	5	0	2080	2548	315	27	-1	
5	1	73	1	5	1	2080	2548	176	27	88.693481	λιγγενεσίας
5	1	73	1	5	2	2270	2548	47	22	95.891411	τοῦ
5	1	73	1	5	3	2331	2548	64	22	91.271904	1821.
2	1	74	0	0	0	2089	2616	340	22	-1	
3	1	74	1	0	0	2089	2616	340	22	-1	
4	1	74	1	1	0	2089	2616	340	22	-1	
5	1	74	1	1	1	2089	2616	122	21	0.000000	ΝΥΧΤΕΣ
5	1	74	1	1	2	2228	2617	61	21	96.502831	ΤΟΥ
5	1	74	1	1	3	2306	2617	123	20	96.515541	ΑΠΡΙΛΗ
2	1	75	0	0	0	2081	2665	356	384	-1	
3	1	75	1	0	0	2081	2665	356	95	-1	
4	1	75	1	1	0	2081	2665	332	24	-1	
5	1	75	1	1	1	2081	2665	84	23	93.297371	Νύχτες
5	1	75	1	1	2	2181	2666	18	17	30.581505	τ)
5	1	75	1	1	3	2216	2666	75	22	91.991547	ἀπρίλι
5	1	75	1	1	4	2310	2666	103	23	76.424522	δροσερές
4	1	75	1	2	0	2082	2700	355	24	-1	
5	1	75	1	2	1	2082	2700	69	23	61.019066	γλυκό
5	1	75	1	2	2	2168	2702	38	17	93.297707	τοῦ
5	1	75	1	2	3	2217	2702	122	22	88.097443	φεγγαριοῦ
5	1	75	1	2	4	2354	2702	17	17	23.015144	τ’
5	1	75	1	2	5	2385	2701	52	21	65.243378	ἀσή-
4	1	75	1	3	0	2414	2742	23	18	-1	
5	1	75	1	3	1	2414	2742	23	18	66.973381	μι
3	1	75	2	0	0	2083	2772	354	59	-1	
4	1	75	2	1	0	2083	2772	353	24	-1	
5	1	75	2	1	1	2083	2772	66	18	37.704639	Ἠόθοι
5	1	75	2	1	2	2166	2772	28	19	73.795074	κι’
5	1	75	2	1	3	2212	2772	87	23	90.968735	ἐλπίδες
5	1	75	2	1	4	2316	2772	43	24	85.183800	στἰς
5	1	75	2	1	5	2385	2778	51	18	68.750374	χαρ-
4	1	75	2	2	0	2392	2808	45	23	-1	
5	1	75	2	2	1	2392	2808	45	23	93.054649	διές
3	1	75	3	0	0	2081	2843	270	24	-1	
4	1	75	3	1	0	2081	2843	270	24	-1	
5	1	75	3	1	1	2081	2843	25	18	93.294655	τό
5	1	75	3	1	2	2118	2844	111	22	55.195724	τραγουδᾶᾷ
5	1	75	3	1	3	2244	2844	13	21	91.929993	ἡ
5	1	75	3	1	4	2272	2844	79	23	45.306591	κρήνη.
3	1	75	4	0	0	2081	2877	293	29	-1	
4	1	75	4	1	0	2081	2877	293	29	-1	
5	1	75	4	1	1	2081	2880	27	19	92.738586	Οἱ
5	1	75	4	1	2	2114	2877	87	27	90.860138	γρύλοι
5	1	75	4	1	3	2219	2880	155	26	87.094879	ξεφαντώσανε
3	1	75	5	0	0	2081	2918	292	24	-1	
4	1	75	5	1	0	2081	2918	292	24	-1	
5	1	75	5	1	1	2081	2919	51	18	89.238602	στοῦ
5	1	75	5	1	2	2152	2918	71	22	64.738564	χήπου
5	1	75	5	1	3	2242	2918	27	22	93.301056	τή
5	1	75	5	1	4	2286	2918	87	24	71.474724	6ραγιά,
3	1	75	6	0	0	2081	2954	316	23	-1	
4	1	75	6	1	0	2081	2954	316	23	-1	
5	1	75	6	1	1	2081	2954	38	19	10.223343	καί
5	1	75	6	1	2	2136	2956	137	21	88.768669	τραγουδοῦν
5	1	75	6	1	3	2286	2955	111	19	12.121696	ἁδιάόχκοπα
3	1	75	7	0	0	2081	2990	244	23	-1	
4	1	75	7	1	0	2081	2990	244	23	-1	
5	1	75	7	1	1	2081	2990	39	21	89.243576	στή
5	1	75	7	1	2	2139	2990	82	23	50.455063	μαγική
5	1	75	7	1	3	2240	2990	85	23	82.141510	θραδιά.
3	1	75	8	0	0	2081	3026	306	23	-1	
4	1	75	8	1	0	2081	3026	306	23	-1	
5	1	75	8	1	1	2081	3026	45	21	40.760635	Ἁτή
5	1	75	8	1	2	2146	3026	93	23	55.605473	ρεματιά
5	1	75	8	1	3	2256	3026	131	23	33.194206	ἀχούραστοι
2	1	76	0	0	0	2054	3062	299	24	-1	
3	1	76	1	0	0	2054	3062	299	24	-1	
4	1	76	1	1	0	2054	3062	299	24	-1	
5	1	76	1	1	1	2054	3083	4	3	8.430664	:
5	1	76	1	1	2	2081	3062	77	22	19.680405	Ἱτρανοί
5	1	76	1	1	3	2170	3062	183	23	89.186478	τραγουδιστάδες
2	1	77	0	0	0	2081	3097	315	203	-1	
3	1	77	1	0	0	2081	3097	315	203	-1	
4	1	77	1	1	0	2081	3097	315	23	-1	
5	1	77	1	1	1	2081	3098	18	17	0.000000	τ
5	1	77	1	1	2	2114	3097	96	21	5.410858	ἁπδόνια
5	1	77	1	1	3	2226	3097	27	18	92.883888	τά
5	1	77	1	1	4	2268	3097	128	23	39.553562	γλυκόλαλα
4	1	77	1	2	0	2081	3133	278	24	-1	
5	1	77	1	2	1	2081	3134	38	22	91.729858	τῆς
5	1	77	1	2	2	2139	3133	88	24	88.664444	ἄνοιξης
5	1	77	1	2	3	2243	3133	116	23	90.933929	φαλτάδες.
4	1	77	1	3	0	2081	3168	297	24	-1	
5	1	77	1	3	1	2081	3169	43	18	0.000000	Μαΐ
5	1	77	1	3	2	2136	3170	19	17	29.855087	τ)
5	1	77	1	3	3	2174	3168	95	24	70.674393	ἀγεράχι
5	1	77	1	3	4	2285	3168	93	24	94.042542	δροσερό
4	1	77	1	4	0	2081	3204	276	24	-1	
5	1	77	1	4	1	2081	3204	40	19	96.630692	στά
5	1	77	1	4	2	2134	3204	72	23	93.271782	φύλλα
5	1	77	1	4	3	2220	3204	137	24	90.662682	παιγνιδίζει,
4	1	77	1	5	0	2081	3240	307	23	-1	
5	1	77	1	5	1	2081	3240	66	23	90.800644	λόγια
5	1	77	1	5	2	2161	3240	84	23	90.800644	τρελλά
5	1	77	1	5	3	2262	3241	38	17	93.293755	τοῦ
5	1	77	1	5	4	2317	3240	71	23	79.332932	ἔρωτα
4	1	77	1	6	0	2081	3276	273	24	-1	
5	1	77	1	6	1	2081	3276	72	23	92.171806	γλυκά
5	1	77	1	6	2	2170	3277	48	23	93.287689	τούς
5	1	77	1	6	3	2230	3276	109	24	62.809673	φιθυρίζει.
5	1	77	1	6	4	2352	3290	2	3	34.594673	.
2	1	78	0	0	0	2182	3325	255	20	-1	
3	1	78	1	0	0	2182	3325	255	20	-1	
4	1	78	1	1	0	2182	3325	255	20	-1	
5	1	78	1	1	1	2182	3325	128	20	0.587395	ΓΙΑΝΝΗΣ
5	1	78	1	1	2	2322	3325	115	19	86.345367	ΚΟΡΖΗΣ
2	1	79	0	0	0	2403	1660	52	149	-1	
3	1	79	1	0	0	2403	1660	52	149	-1	
4	1	79	1	1	0	2403	1660	52	88	-1	
5	1	79	1	1	1	2403	1660	52	88	95.000000	   
4	1	79	1	2	0	2439	1748	16	61	-1	
5	1	79	1	2	1	2439	1748	16	61	95.000000	 
2	1	80	0	0	0	2380	48	595	151	-1	
3	1	80	1	0	0	2380	48	595	151	-1	
4	1	80	1	1	0	2380	48	507	68	-1	
5	1	80	1	1	1	2380	64	112	47	15.243187	Γρηγνεί
5	1	80	1	1	2	2505	68	33	25	42.923401	2ο
5	1	80	1	1	3	2565	60	114	33	24.300392	Έλα.
5	1	80	1	1	4	2717	59	110	53	0.000000	Χαν
5	1	80	1	1	5	2832	48	55	68	0.000000	ονι
4	1	80	1	2	0	2783	134	192	65	-1	
5	1	80	1	2	1	2783	138	18	61	34.064056	5
5	1	80	1	2	2	2834	134	75	45	67.727539	251
5	1	80	1	2	3	2927	134	48	35	70.274887	13,
2	1	81	0	0	0	2247	413	314	49	-1	
3	1	81	1	0	0	2247	413	314	49	-1	
4	1	81	1	1	0	2247	413	314	20	-1	
5	1	81	1	1	1	2247	414	112	19	92.255104	ΠΟΥΘΕΝΑ
5	1	81	1	1	2	2374	414	48	18	89.871872	ΔΕΝ
5	1	81	1	1	3	2440	414	33	18	89.738396	ΘΑ
5	1	81	1	1	4	2488	413	73	20	80.574150	ΒΡΕΕΕΕ
4	1	81	1	2	0	2288	442	224	20	-1	
5	1	81	1	2	1	2284	438	136	34	0.000000	ΘΡΑΙΥΤΕΡΟ
5	1	81	1	2	2	2439	438	73	34	0.000000	ΧΡ
2	1	82	0	0	0	676	501	2010	31	-1	
3	1	82	1	0	0	676	501	2010	31	-1	
4	1	82	1	1	0	676	501	2010	31	-1	
5	1	82	1	1	1	676	501	92	18	84.841545	ΟΡΓΑΝΟ
5	1	82	1	1	2	791	502	146	18	84.841545	ΣΥΝΔΕΣΕΩΣ
5	1	82	1	1	3	957	502	48	18	92.922821	ΤΩΝ
5	1	82	1	1	4	1024	502	149	19	85.239609	ΑΠΑΝΤΑΧΟΥ
5	1	82	1	1	5	1195	503	194	19	85.239609	ΓΕΩΡΓΙΤΣΙΑΝΩΝ
5	1	82	1	1	6	1407	502	48	24	89.381073	ἔτος
5	1	82	1	1	7	1467	504	40	18	87.985863	9ον
5	1	82	1	1	8	1516	504	67	19	0.000000	ΦΥ.
5	1	82	1	1	9	1596	504	23	18	93.169609	46
5	1	82	1	1	10	1631	514	7	4	92.332199	-
5	1	82	1	1	11	1651	505	11	18	96.584618	4
5	1	82	1	1	12	1675	505	112	23	32.752365	Απριλίου
5	1	82	1	1	13	1802	506	45	19	88.545197	198”
5	1	82	1	1	14	1865	507	113	19	95.698700	ΕΚΔΟΤΗΣ
5	1	82	1	1	15	1992	508	21	21	29.206131	κ.
5	1	82	1	1	16	2023	509	22	22	68.454330	Η,
5	1	82	1	1	17	2059	508	170	19	0.000000	ΓΜΝΝΑΛ«ΑΚΗΣ
5	1	82	1	1	18	2249	509	86	23	93.261925	Σπάρτη
5	1	82	1	1	19	2346	508	59	19	92.303535	23ἱ00
5	1	82	1	1	20	2413	508	115	23	96.106964	Λυκούργου
5	1	82	1	1	21	2538	508	23	18	70.254662	27
5	1	82	1	1	22	2571	508	44	23	67.196747	τηλ,
5	1	82	1	1	23	2628	508	58	18	80.669434	28076
2	1	83	0	0	0	2507	608	297	39	-1	
3	1	83	1	0	0	2507	608	297	39	-1	
4	1	83	1	1	0	2507	608	297	39	-1	
5	1	83	1	1	1	2507	608	135	39	61.178322	ΝΡΟΤΙΚΟΙ
5	1	83	1	1	2	2675	608	129	39	68.214607	ΣΝΣΜΙΙ
2	1	84	0	0	0	2475	697	357	199	-1	
3	1	84	1	0	0	2475	697	357	199	-1	
4	1	84	1	1	0	2499	697	332	24	-1	
5	1	84	1	1	1	2499	698	44	20	0.000000	Ἄπό
5	1	84	1	1	2	2559	698	77	23	93.963448	σχέδιο
5	1	84	1	1	3	2649	698	75	23	96.469543	Νόμου
5	1	84	1	1	4	2743	697	39	23	96.886604	γιά
5	1	84	1	1	5	2800	698	31	23	96.506386	τίς
4	1	84	1	2	0	2476	733	355	20	-1	
5	1	84	1	2	1	2476	734	167	19	80.912376	ΑΓΡΟΤΙΚΕΣ
5	1	84	1	2	2	2692	733	139	19	75.694809	ΣΥΝΕΤΑΙ-
4	1	84	1	3	0	2477	764	355	33	-1	
5	1	84	1	3	1	2477	764	140	33	38.194141	ΡΙΣΤΙΕΕΣ
5	1	84	1	3	2	2706	768	126	20	42.058960	9ΡΓΑΝΟ-
4	1	84	1	4	0	2477	792	354	42	-1	
5	1	84	1	4	1	2477	800	74	34	48.126987	ΣΕΙΣ,
5	1	84	1	4	2	2570	792	189	41	69.122650	περιλαμθάνεται
5	1	84	1	4	3	2794	804	37	19	77.226524	καί
4	1	84	1	5	0	2475	839	355	24	-1	
5	1	84	1	5	1	2475	840	25	18	84.993942	τό
5	1	84	1	5	2	2512	840	66	23	91.774734	ἄρθρο
5	1	84	1	5	3	2592	840	12	18	94.925072	6
5	1	84	1	5	4	2621	840	41	18	30.940590	πού
5	1	84	1	5	5	2679	840	49	22	95.830734	ἔχει
5	1	84	1	5	6	2754	839	27	23	91.649353	ὡς
5	1	84	1	5	7	2810	839	20	18	76.859749	ἕ-
4	1	84	1	6	0	2476	875	320	21	-1	
5	1	84	1	6	1	2476	873	141	23	23.997467	ο
5	1	84	1	6	2	2645	878	151	6	23.997467	----
2	1	85	0	0	0	2473	924	358	453	-1	
3	1	85	1	0	0	2473	924	358	453	-1	
4	1	85	1	1	0	2506	924	324	26	-1	
5	1	85	1	1	1	2506	925	121	25	19.471550	"Αρθρονς
5	1	85	1	1	2	2672	924	158	19	19.471550	 ΕΠΙΤΡΕΠΕ-
4	1	85	1	2	0	2477	960	354	19	-1	
5	1	85	1	2	1	2477	961	51	18	0.000000	ΤΑ
5	1	85	1	2	2	2543	962	19	17	54.544109	Η
5	1	85	1	2	3	2584	960	139	19	92.213196	ΣΥΣΤΑΣΗ
5	1	85	1	2	4	2746	960	85	18	92.213196	ΑΓΡΟ-
4	1	85	1	3	0	2476	995	355	24	-1	
5	1	85	1	3	1	2476	995	93	19	57.704586	ΤΙΚΟΥ
5	1	85	1	3	2	2600	995	159	24	75.376480	ΣΥΝ)ΣΜΟΥ
5	1	85	1	3	3	2792	995	39	23	80.064224	γιά
4	1	85	1	4	0	2475	1031	355	22	-1	
5	1	85	1	4	1	2475	1031	42	21	92.542488	τήν
5	1	85	1	4	2	2534	1031	166	22	78.618546	ἐκμετάλλευση
5	1	85	1	4	3	2739	1036	91	17	27.700081	γνεωργι-
4	1	85	1	5	0	2475	1064	356	25	-1	
5	1	85	1	5	1	2475	1068	39	21	47.729816	νῆς
5	1	85	1	5	2	2527	1067	48	22	96.262100	γῆς,
5	1	85	1	5	3	2590	1066	41	19	91.670242	πού
5	1	85	1	5	4	2640	1066	81	21	26.362000	ἀνήνχει
5	1	85	1	5	5	2735	1066	58	19	12.855789	χατά
5	1	85	1	5	6	2803	1064	28	21	42.076157	Χυ
4	1	85	1	6	0	2476	1102	355	23	-1	
5	1	85	1	6	1	2476	1102	90	23	52.247040	ῥιότητα
5	1	85	1	6	2	2582	1102	40	19	92.582710	στό
5	1	85	1	6	3	2640	1102	102	23	93.981186	Δημόσιο,
5	1	85	1	6	4	2765	1102	13	21	46.055061	ή
5	1	85	1	6	5	2806	1102	25	18	91.921417	σέ
4	1	85	1	7	0	2474	1138	355	23	-1	
5	1	85	1	7	1	2474	1138	79	23	63.500320	νομικό
5	1	85	1	7	2	2569	1138	101	23	96.091713	πρόσωπο
5	1	85	1	7	3	2686	1138	105	23	63.585938	δημοσίου
5	1	85	1	7	4	2804	1144	25	13	89.008057	τὸ
4	1	85	1	8	0	2474	1175	355	24	-1	
5	1	85	1	8	1	2474	1175	49	24	80.555717	µέα,
5	1	85	1	8	2	2558	1175	58	19	86.182587	κατά
5	1	85	1	8	3	2659	1175	170	20	69.174362	ΠΑΡΕΚΔΙΣΗ
4	1	85	1	9	0	2473	1211	357	24	-1	
5	1	85	1	9	1	2473	1213	45	17	92.985588	τῶν
5	1	85	1	9	2	2536	1211	122	24	95.749542	διατάξεων
5	1	85	1	9	3	2674	1211	39	23	96.693390	γιά
5	1	85	1	9	4	2725	1211	40	19	93.301689	τόν
5	1	85	1	9	5	2779	1211	51	19	77.620064	ἐλά-
4	1	85	1	10	0	2474	1247	356	23	-1	
5	1	85	1	10	1	2474	1252	62	18	83.933777	χιστο
5	1	85	1	10	2	2550	1247	77	23	75.825012	ἀριθμό
5	1	85	1	10	3	2641	1247	86	23	85.580872	μελῶν,
5	1	85	1	10	4	2739	1247	37	19	75.439705	καὶ
5	1	85	1	10	5	2792	1247	38	23	96.115639	γιά
4	1	85	1	11	0	2474	1283	355	23	-1	
5	1	85	1	11	1	2474	1283	26	21	93.557861	τή
5	1	85	1	11	2	2522	1283	94	21	95.587761	σύσταση
5	1	85	1	11	3	2634	1283	104	23	93.302017	δεύτερου
5	1	85	1	11	4	2751	1283	78	23	88.541809	ἄγροτι
4	1	85	1	12	0	2474	1317	356	24	-1	
5	1	85	1	12	1	2474	1319	39	18	82.937210	κοῦ
5	1	85	1	12	2	2532	1319	167	22	88.648499	συνεταιρισμοῦ
5	1	85	1	12	3	2718	1317	54	23	86.973045	στόν
5	1	85	1	12	4	2786	1318	44	19	87.560249	ἴδιο
4	1	85	1	13	0	2474	1353	235	24	-1	
5	1	85	1	13	1	2474	1355	61	22	11.240776	Δῆμο
5	1	85	1	13	2	2549	1353	13	22	50.426350	ἤ
5	1	85	1	13	3	2577	1353	132	21	95.472511	Κοινότητα.
2	1	86	0	0	0	2610	671	96	7	-1	
3	1	86	1	0	0	2610	671	96	7	-1	
4	1	86	1	1	0	2610	671	96	7	-1	
5	1	86	1	1	1	2610	671	96	7	95.000000	 
2	1	87	0	0	0	2479	1413	347	6	-1	
3	1	87	1	0	0	2479	1413	347	6	-1	
4	1	87	1	1	0	2479	1413	347	6	-1	
5	1	87	1	1	1	2479	1413	347	6	95.000000	 
2	1	88	0	0	0	2535	1442	229	94	-1	
3	1	88	1	0	0	2535	1442	229	94	-1	
4	1	88	1	1	0	2558	1442	194	39	-1	
5	1	88	1	1	1	2558	1442	179	39	10.455261	ΝΝΛΛΛΙΣΗΣ
4	1	88	1	2	0	2535	1497	229	39	-1	
5	1	88	1	2	1	2535	1497	50	38	64.754150	ΜΕ.
5	1	88	1	2	2	2620	1497	144	39	7.865219	ΚΛΣΤΙΛΝΕΣ
2	1	89	0	0	0	2472	1558	356	86	-1	
3	1	89	1	0	0	2472	1558	356	86	-1	
4	1	89	1	1	0	2608	1558	96	9	-1	
5	1	89	1	1	1	2608	1558	96	9	0.000000	----
4	1	89	1	2	0	2498	1586	330	25	-1	
5	1	89	1	2	1	2498	1587	24	18	75.784912	Ὁ
5	1	89	1	2	2	2539	1586	116	23	91.500969	Δασάρχης
5	1	89	1	2	3	2676	1586	101	23	84.107079	Σπάρτης
5	1	89	1	2	4	2808	1591	20	13	71.955231	κ.
4	1	89	1	3	0	2472	1621	356	23	-1	
5	1	89	1	3	1	2472	1622	89	22	0.000000	Κώστας
5	1	89	1	3	2	2632	1621	196	23	48.550194	Τιαννοχόπουλος,
2	1	90	0	0	0	2471	1652	358	64	-1	
3	1	90	1	0	0	2471	1652	358	64	-1	
4	1	90	1	1	0	2471	1652	358	29	-1	
5	1	90	1	1	1	2471	1658	42	23	74.957321	μδ
5	1	90	1	1	2	2527	1657	156	23	91.318558	πληροφόρησε
5	1	90	1	1	3	2698	1657	41	22	93.303116	ὅτι,
5	1	90	1	1	4	2750	1652	33	24	88.576904	οἳ
5	1	90	1	1	5	2794	1656	35	24	71.586647	ἑρ-
4	1	90	1	2	0	2474	1693	355	23	-1	
5	1	90	1	2	1	2474	1693	74	23	78.831467	γασίες
5	1	90	1	2	2	2561	1693	109	23	91.610504	ὑποδομῆς
5	1	90	1	2	3	2686	1693	39	22	92.995560	γιά
5	1	90	1	2	4	2735	1693	94	23	96.288452	φύτευση
2	1	91	0	0	0	2463	1728	367	28	-1	
3	1	91	1	0	0	2463	1728	367	28	-1	
4	1	91	1	1	0	2463	1728	367	28	-1	
5	1	91	1	1	1	2463	1729	151	27	65.897270	«Καστανιῶν,
5	1	91	1	1	2	2622	1728	62	28	42.655312	στή.,
5	1	91	1	1	3	2694	1728	95	28	92.512184	περιοχή
5	1	91	1	1	4	2797	1728	33	26	94.094345	Τε
2	1	92	0	0	0	2472	1761	358	344	-1	
3	1	92	1	0	0	2473	1761	356	165	-1	
4	1	92	1	1	0	2473	1761	356	23	-1	
5	1	92	1	1	1	2473	1762	114	22	44.430653	ὠωργιτσίου
5	1	92	1	1	2	2604	1762	17	17	33.275940	8’
5	1	92	1	1	3	2642	1761	107	23	85.407684	δρχίσουν
5	1	92	1	1	4	2762	1761	67	19	58.188759	ὅπωσ-
4	1	92	1	2	0	2474	1795	355	24	-1	
5	1	92	1	2	1	2474	1796	82	21	69.813141	δήποτε
5	1	92	1	2	2	2574	1796	43	23	93.058388	τόν
5	1	92	1	2	3	2634	1796	102	22	88.189316	Ἰούνιον,
5	1	92	1	2	4	2761	1795	68	24	25.995377	καθώς
4	1	92	1	3	0	2474	1831	354	24	-1	
5	1	92	1	3	1	2474	1831	37	19	73.078156	καί
5	1	92	1	3	2	2536	1831	53	19	53.856293	στόν
5	1	92	1	3	3	2621	1831	107	24	85.712479	Προφήτη
5	1	92	1	3	4	2757	1831	71	22	11.200264	ἈἩἨλία,
4	1	92	1	4	0	2473	1867	356	23	-1	
5	1	92	1	4	1	2473	1867	39	23	95.940620	γιά
5	1	92	1	4	2	2528	1867	30	18	93.302139	νά
5	1	92	1	4	3	2572	1867	147	23	67.630692	διαμορφωθεῖ
5	1	92	1	4	4	2731	1868	70	22	91.601730	χῶρος
5	1	92	1	4	5	2815	1867	14	18	28.594009	ἆ
4	1	92	1	5	0	2473	1903	105	23	-1	
5	1	92	1	5	1	2473	1903	105	23	90.047691	ναφυχῆς.
3	1	92	2	0	0	2472	1921	358	184	-1	
4	1	92	2	1	0	2498	1921	331	43	-1	
5	1	92	2	1	1	2498	1938	103	22	89.535011	Ἐμπόδιο
5	1	92	2	1	2	2616	1938	39	18	96.647659	στό
5	1	92	2	1	3	2683	1921	74	43	86.704597	δρόµο,
5	1	92	2	1	4	2791	1937	38	23	95.382935	γιά
4	1	92	2	2	0	2473	1973	355	23	-1	
5	1	92	2	2	1	2473	1973	30	19	78.883026	νά
5	1	92	2	2	2	2531	1973	91	23	91.942039	περάσει
5	1	92	2	2	3	2648	1973	14	21	82.966286	ἡ
5	1	92	2	2	4	2692	1973	136	23	32.447983	µπουλντόζα
4	1	92	2	3	0	2473	2004	357	29	-1	
5	1	92	2	3	1	2473	2009	42	19	93.218918	δέν
5	1	92	2	3	2	2530	2009	95	24	92.212769	ὑπάρχει
5	1	92	2	3	3	2640	2004	37	24	63.787197	καί
5	1	92	2	3	4	2691	2009	49	19	92.146896	ὅλοι
5	1	92	2	3	5	2754	2009	27	19	93.238823	θά
5	1	92	2	3	6	2795	2009	35	19	65.915092	6ο9-
4	1	92	2	4	0	2472	2045	357	25	-1	
5	1	92	2	4	1	2472	2046	102	22	79.159859	ηθήσουν,
5	1	92	2	4	2	2593	2046	39	23	95.701508	γιά
5	1	92	2	4	3	2644	2045	43	22	93.131821	τήν
5	1	92	2	4	4	2700	2046	129	24	71.232460	πραγµάτω-
4	1	92	2	5	0	2472	2083	169	22	-1	
5	1	92	2	5	1	2472	2088	29	16	94.783669	ση
5	1	92	2	5	2	2516	2083	39	18	92.222992	τοῦ
5	1	92	2	5	3	2568	2083	73	22	90.771591	ἔργου.
2	1	93	0	0	0	2479	2143	93	4	-1	
3	1	93	1	0	0	2479	2143	93	4	-1	
4	1	93	1	1	0	2479	2143	93	4	-1	
5	1	93	1	1	1	2479	2143	93	4	95.000000	 
2	1	94	0	0	0	2474	2171	355	88	-1	
3	1	94	1	0	0	2474	2171	355	84	-1	
4	1	94	1	1	0	2474	2171	355	23	-1	
5	1	94	1	1	1	2474	2172	214	22	77.499702	ΑΣΥΡΜΑΤΙΚΗ
5	1	94	1	1	2	2727	2171	102	23	69.033958	ΖΕΥΞΗ
4	1	94	1	2	0	2497	2209	300	50	-1	
5	1	94	1	2	1	2497	2209	146	50	91.455505	Γεωργίτσι
5	1	94	1	2	2	2661	2237	8	4	39.079533	-.
5	1	94	1	2	3	2690	2225	107	29	95.093582	Σπάρτη
2	1	95	0	0	0	2604	2269	97	8	-1	
3	1	95	1	0	0	2604	2269	97	8	-1	
4	1	95	1	1	0	2604	2269	97	8	-1	
5	1	95	1	1	1	2604	2269	97	8	95.000000	 
2	1	96	0	0	0	2472	2295	358	481	-1	
3	1	96	1	0	0	2472	2295	358	481	-1	
4	1	96	1	1	0	2498	2295	331	23	-1	
5	1	96	1	1	1	2498	2295	34	19	83.962769	Φά
5	1	96	1	1	2	2547	2295	60	23	93.198601	γίνει
5	1	96	1	1	3	2620	2295	154	23	46.689434	ἐγκατάστασῃ
5	1	96	1	1	4	2794	2295	35	18	89.351723	νέ-
4	1	96	1	2	0	2472	2330	356	24	-1	
5	1	96	1	2	1	2472	2337	25	17	86.456619	ας
5	1	96	1	2	2	2515	2331	146	23	67.666214	ἀσυρματικῆς
5	1	96	1	2	3	2678	2330	79	24	53.756668	ζεύξης,
5	1	96	1	2	4	2773	2336	55	17	91.541595	µετα
4	1	96	1	3	0	2474	2366	353	25	-1	
5	1	96	1	3	1	2474	2366	23	25	68.477707	ξύ
5	1	96	1	3	2	2526	2366	145	23	26.862144	Τεωργιτσοίου
5	1	96	1	3	3	2690	2376	7	4	90.944679	-
5	1	96	1	3	4	2720	2366	107	23	83.002861	Ἀπάρτης,
4	1	96	1	4	0	2472	2401	356	24	-1	
5	1	96	1	4	1	2472	2402	37	19	64.551140	καί
5	1	96	1	4	2	2529	2402	125	23	11.426918	ἁπογείωση
5	1	96	1	4	3	2667	2401	110	20	23.682190	καλωδίου
5	1	96	1	4	4	2792	2402	36	23	79.748070	ζεύ
4	1	96	1	5	0	2472	2437	355	25	-1	
5	1	96	1	5	1	2472	2439	42	23	90.877281	ξης,
5	1	96	1	5	2	2530	2437	119	24	89.606079	Πελλάνας
5	1	96	1	5	3	2663	2448	8	4	91.182930	-
5	1	96	1	5	4	2686	2437	141	23	74.014153	Καστορείου.
4	1	96	1	6	0	2472	2472	357	24	-1	
5	1	96	1	6	1	2472	2474	43	18	62.006279	Καΐ
5	1	96	1	6	2	2532	2473	27	23	49.449631	μέ
5	1	96	1	6	3	2572	2473	41	19	91.892151	τόν
5	1	96	1	6	4	2626	2472	146	24	88.679443	ἐμπλουτισμό
5	1	96	1	6	5	2785	2474	44	17	86.809769	τῶν
4	1	96	1	7	0	2472	2508	358	24	-1	
5	1	96	1	7	1	2472	2510	107	22	91.348923	γραμμῶν
5	1	96	1	7	2	2589	2510	46	17	96.342522	τῶν
5	1	96	1	7	3	2650	2508	107	23	96.646088	Κέντρων
5	1	96	1	7	4	2771	2508	59	19	89.825371	ΟΤΕ
4	1	96	1	8	0	2473	2544	355	23	-1	
5	1	96	1	8	1	2473	2544	39	23	93.229218	γιά
5	1	96	1	8	2	2527	2544	134	23	89.838226	ὑπεραστική
5	1	96	1	8	3	2685	2544	143	18	58.340374	ἐπικοινωνίο
4	1	96	1	9	0	2473	2579	355	23	-1	
5	1	96	1	9	1	2473	2580	37	18	47.789173	φαΐ
5	1	96	1	9	2	2526	2580	96	22	95.873650	παροχές
5	1	96	1	9	3	2640	2579	38	22	92.639549	γιά
5	1	96	1	9	4	2694	2579	50	22	92.632416	νέες
5	1	96	1	9	5	2764	2579	64	20	71.951118	τηλε-
4	1	96	1	10	0	2472	2613	355	23	-1	
5	1	96	1	10	1	2472	2614	94	22	84.520813	φωνικές
5	1	96	1	10	2	2584	2614	118	21	91.670319	συνδέσεις,
5	1	96	1	10	3	2722	2613	27	18	90.945671	δά
5	1	96	1	10	4	2765	2618	62	17	89.999573	προσ
4	1	96	1	11	0	2473	2646	354	23	-1	
5	1	96	1	11	1	2473	2648	78	17	91.626770	τεθοῦν
5	1	96	1	11	2	2584	2648	34	16	13.206589	150
5	1	96	1	11	3	2648	2647	50	22	82.272293	νέες
5	1	96	1	11	4	2732	2646	95	23	94.279900	παροχές
4	1	96	1	12	0	2472	2680	355	24	-1	
5	1	96	1	12	1	2472	2682	62	22	93.284943	στούς
5	1	96	1	12	2	2550	2681	109	23	86.385521	οἰχισμούς
5	1	96	1	12	3	2683	2680	144	23	86.713226	Γεωργιτσίου
4	1	96	1	13	0	2472	2716	355	23	-1	
5	1	96	1	13	1	2472	2717	37	19	76.830032	ναί
5	1	96	1	13	2	2520	2717	36	18	73.266029	200
5	1	96	1	13	3	2573	2716	96	23	96.525841	παροχές
5	1	96	1	13	4	2685	2716	61	23	82.734161	στούς
5	1	96	1	13	5	2775	2716	52	19	40.233074	οἰχι-
4	1	96	1	14	0	2472	2752	220	24	-1	
5	1	96	1	14	1	2472	2753	64	23	58.926758	σμούς
5	1	96	1	14	2	2551	2752	141	23	88.181656	Καστορείου.
2	1	97	0	0	0	2477	2814	350	8	-1	
3	1	97	1	0	0	2477	2814	350	8	-1	
4	1	97	1	1	0	2477	2814	350	8	-1	
5	1	97	1	1	1	2477	2814	350	8	95.000000	 
2	1	98	0	0	0	2489	2842	325	30	-1	
3	1	98	1	0	0	2489	2842	325	30	-1	
4	1	98	1	1	0	2489	2842	325	30	-1	
5	1	98	1	1	1	2489	2842	89	22	35.415565	ΝΕΟΣ
5	1	98	1	1	2	2600	2842	100	30	91.828224	Δ)ΤΗΣ
5	1	98	1	1	3	2723	2842	91	23	87.313034	ΚΕΕΜ
2	1	99	0	0	0	2593	2906	120	9	-1	
3	1	99	1	0	0	2593	2906	120	9	-1	
4	1	99	1	1	0	2593	2906	120	9	-1	
5	1	99	1	1	1	2593	2906	120	9	95.000000	 
2	1	100	0	0	0	2472	2934	357	410	-1	
3	1	100	1	0	0	2472	2934	357	410	-1	
4	1	100	1	1	0	2496	2934	332	23	-1	
5	1	100	1	1	1	2496	2934	203	23	49.652466	᾿Αποστρατεύτηχκε
5	1	100	1	1	2	2719	2934	57	19	33.115753	κατά
5	1	100	1	1	3	2798	2934	30	23	96.246262	τίς
4	1	100	1	2	0	2472	2969	357	23	-1	
5	1	100	1	2	1	2472	2969	122	23	75.280243	πράσφατες
5	1	100	1	2	2	2627	2969	84	23	19.863136	ὀἐτήσιες
5	1	100	1	2	3	2747	2969	82	23	26.711823	µκρίσεις
4	1	100	1	3	0	2472	3004	356	25	-1	
5	1	100	1	3	1	2472	3005	45	18	92.924492	τῶν
5	1	100	1	3	2	2535	3004	122	19	85.606438	ἀνωτάτων
5	1	100	1	3	3	2676	3004	152	25	75.077820	ἀξιωματικῶν
4	1	100	1	4	0	2472	3040	356	23	-1	
5	1	100	1	4	1	2472	3041	38	18	93.287827	τοῦ
5	1	100	1	4	2	2525	3041	93	22	89.383301	στρατοῦ
5	1	100	1	4	3	2632	3040	13	18	91.791725	ὁ
5	1	100	1	4	4	2660	3040	111	23	0.000000	διδικητής
5	1	100	1	4	5	2791	3041	37	18	96.894135	τοῦ
4	1	100	1	5	0	2472	3075	355	25	-1	
5	1	100	1	5	1	2472	3076	81	19	92.313568	ΚΕΕΜ
5	1	100	1	5	2	2572	3075	115	25	95.757027	ταξίαρχος
5	1	100	1	5	3	2705	3081	21	14	91.912994	κ.
5	1	100	1	5	4	2742	3075	85	24	91.662048	Χαράλ.
4	1	100	1	6	0	2472	3111	152	24	-1	
5	1	100	1	6	1	2472	3111	152	24	88.942879	Σακελλάρης.
4	1	100	1	7	0	2474	3147	353	23	-1	
5	1	100	1	7	1	2474	3166	2	2	1.817734	;
5	1	100	1	7	2	2495	3147	57	23	96.133034	Νέος
5	1	100	1	7	3	2566	3147	111	23	45.863132	διοικητής
5	1	100	1	7	4	2693	3148	43	21	92.676849	τοῦ
5	1	100	1	7	5	2748	3147	79	18	87.349678	ΚΕΕΜ
4	1	100	1	8	0	2472	3182	356	23	-1	
5	1	100	1	8	1	2472	3182	161	21	72.814644	τοποθετήδηκε
5	1	100	1	8	2	2668	3183	12	18	31.621971	ὁ
5	1	100	1	8	3	2722	3187	106	18	0.000000	νεδπροας-
4	1	100	1	9	0	2473	3218	355	24	-1	
5	1	100	1	9	1	2473	3218	57	23	90.706047	χδείς
5	1	100	1	9	2	2546	3218	115	24	85.060692	ταξίαρχος
5	1	100	1	9	3	2681	3224	20	13	0.000000	χ.
5	1	100	1	9	4	2717	3229	3	2	54.806305	-
5	1	100	1	9	5	2730	3218	98	23	82.706680	Χρῆστος
4	1	100	1	10	0	2472	3253	355	24	-1	
5	1	100	1	10	1	2472	3254	191	23	17.348602	᾿Αρχιμανδρίτης,
5	1	100	1	10	2	2678	3254	12	18	90.620583	ὁ
5	1	100	1	10	3	2702	3254	73	23	92.756844	ὁποῖος
5	1	100	1	10	4	2790	3253	37	19	58.739529	καί
4	1	100	1	11	0	2472	3288	357	23	-1	
5	1	100	1	11	1	2472	3289	99	19	90.419601	ἀνέλαθε
5	1	100	1	11	2	2591	3289	43	22	93.213303	ἤδη
5	1	100	1	11	3	2652	3289	28	19	95.489113	τά
5	1	100	1	11	4	2702	3288	127	22	44.398556	καθήκοντά
4	1	100	1	12	0	2472	3330	44	14	-1	
5	1	100	1	12	1	2472	3330	44	14	84.402939	του,
2	1	101	0	0	0	2620	3478	48	8	-1	
3	1	101	1	0	0	2620	3478	48	8	-1	
4	1	101	1	1	0	2620	3478	48	8	-1	
5	1	101	1	1	1	2620	3478	48	8	95.000000	 
2	1	102	0	0	0	2911	3477	81	9	-1	
3	1	102	1	0	0	2911	3477	81	9	-1	
4	1	102	1	1	0	2911	3477	81	9	-1	
5	1	102	1	1	1	2911	3477	81	9	95.000000	 
