level	page_num	block_num	par_num	line_num	word_num	left	top	width	height	conf	text
1	1	0	0	0	0	0	0	2651	3486	-1	
2	1	1	0	0	0	282	66	903	28	-1	
3	1	1	1	0	0	282	66	903	28	-1	
4	1	1	1	1	0	282	66	903	28	-1	
5	1	1	1	1	1	282	66	903	28	95.000000	 
2	1	2	0	0	0	334	2715	1126	34	-1	
3	1	2	1	0	0	334	2715	1126	34	-1	
4	1	2	1	1	0	334	2715	1126	34	-1	
5	1	2	1	1	1	330	2713	100	41	0.000000	ἕ-.-κης;
5	1	2	1	1	2	442	2713	99	41	0.000000	Ἐτοδρος'
5	1	2	1	1	3	555	2713	49	41	64.487411	Ἀημ:
5	1	2	1	1	4	617	2713	110	41	0.000000	Ἑχλέκας,
5	1	2	1	1	5	739	2721	108	22	45.138744	Γεώργιος
5	1	2	1	1	6	852	2720	69	18	45.138744	Απ.
5	1	2	1	1	7	931	2717	137	22	14.506897	Κατσαρός:
5	1	2	1	1	8	1076	2710	126	38	0.000000	-“Απφελᾶ
5	1	2	1	1	9	1217	2710	153	38	44.890003	Πρόεδρο-της
5	1	2	1	1	10	1385	2710	75	38	39.232540	Κξινό-
2	1	3	0	0	0	334	2778	7	11	-1	
3	1	3	1	0	0	334	2778	7	11	-1	
4	1	3	1	1	0	334	2778	7	11	-1	
5	1	3	1	1	1	334	2778	7	11	0.000000	α
2	1	4	0	0	0	1582	39	965	20	-1	
3	1	4	1	0	0	1582	39	965	20	-1	
4	1	4	1	1	0	1582	39	965	20	-1	
5	1	4	1	1	1	1582	39	965	20	95.000000	 
2	1	5	0	0	0	2330	136	136	27	-1	
3	1	5	1	0	0	2330	136	136	27	-1	
4	1	5	1	1	0	2330	136	136	27	-1	
5	1	5	1	1	1	2330	136	136	27	32.364777	Σελδα»--
2	1	6	0	0	0	1153	174	1367	26	-1	
3	1	6	1	0	0	1153	174	1367	26	-1	
4	1	6	1	1	0	1153	174	1367	26	-1	
5	1	6	1	1	1	1153	174	1367	26	95.000000	 
2	1	7	0	0	0	348	329	715	44	-1	
3	1	7	1	0	0	348	329	715	44	-1	
4	1	7	1	1	0	348	329	715	44	-1	
5	1	7	1	1	1	348	329	19	44	95.000000	 
5	1	7	1	1	2	537	329	21	44	95.000000	 
5	1	7	1	1	3	1053	329	10	44	95.000000	 
2	1	8	0	0	0	365	212	458	14	-1	
3	1	8	1	0	0	365	212	458	14	-1	
4	1	8	1	1	0	365	212	458	14	-1	
5	1	8	1	1	1	365	212	458	14	95.000000	 
2	1	9	0	0	0	1099	242	303	80	-1	
3	1	9	1	0	0	1099	242	303	80	-1	
4	1	9	1	1	0	1099	242	303	30	-1	
5	1	9	1	1	1	1099	249	55	23	96.779671	ΓΙΑ
5	1	9	1	1	2	1167	246	62	22	93.295769	ΤΗΝ
5	1	9	1	1	3	1245	242	157	24	51.612434	ΠΡΟΛΗΨΗ.
4	1	9	1	2	0	1154	295	189	27	-1	
5	1	9	1	2	1	1154	295	189	27	14.938438	ΠΥΡΚΑΓΙΩΝ
2	1	10	0	0	0	1041	291	25	58	-1	
3	1	10	1	0	0	1041	291	25	58	-1	
4	1	10	1	1	0	1062	291	4	17	-1	
5	1	10	1	1	1	1062	291	4	17	0.000000	.
4	1	10	1	2	0	1041	341	10	8	-1	
5	1	10	1	2	1	1041	341	10	8	27.487442	ον
2	1	11	0	0	0	1202	340	94	9	-1	
3	1	11	1	0	0	1202	340	94	9	-1	
4	1	11	1	1	0	1202	340	94	9	-1	
5	1	11	1	1	1	1202	340	94	9	95.000000	 
2	1	12	0	0	0	1069	254	3	119	-1	
3	1	12	1	0	0	1069	254	3	119	-1	
4	1	12	1	1	0	1069	254	3	119	-1	
5	1	12	1	1	1	1069	254	3	119	95.000000	 
2	1	13	0	0	0	1433	334	5	53	-1	
3	1	13	1	0	0	1433	334	5	53	-1	
4	1	13	1	1	0	1433	334	5	53	-1	
5	1	13	1	1	1	1433	334	5	53	95.000000	 
2	1	14	0	0	0	561	323	880	286	-1	
3	1	14	1	0	0	561	323	880	286	-1	
4	1	14	1	1	0	561	323	876	88	-1	
5	1	14	1	1	1	561	387	24	18	89.831886	Ἡ
5	1	14	1	1	2	602	391	20	13	55.058270	κ.
5	1	14	1	1	3	639	384	76	19	72.416969	Ἀννα
5	1	14	1	1	4	731	382	46	18	80.039673	Ἠλ.
5	1	14	1	1	5	789	380	59	21	82.564758	ζήτη
5	1	14	1	1	6	863	378	43	19	95.599045	ἀπό
5	1	14	1	1	7	923	377	26	21	96.192566	τή
5	1	14	1	1	8	963	323	105	88	0.000000	αι
5	1	14	1	1	9	1097	373	24	17	92.010406	Ἡ
5	1	14	1	1	10	1137	368	117	24	89.676239	Νομαρχία
5	1	14	1	1	11	1275	365	115	21	39.597504	Δακωνίας
5	1	14	1	1	12	1406	363	31	31	60.912796	ὑ-]
4	1	14	1	2	0	1074	394	363	36	-1	
5	1	14	1	2	1	1074	406	121	24	58.678150	πενθυµίζει
5	1	14	1	2	2	1209	404	39	22	93.276421	ὅτι,
5	1	14	1	2	3	1265	402	48	18	92.059937	ὅλοι
5	1	14	1	2	4	1349	394	88	32	54.011719	πρέπει"
4	1	14	1	3	0	1063	430	376	50	-1	
5	1	14	1	3	1	1063	430	40	50	67.190536	(να
5	1	14	1	3	2	1119	441	125	23	76.290611	συµθάλουν
5	1	14	1	3	3	1265	437	53	19	73.664543	στὀν
5	1	14	1	3	4	1350	434	71	23	90.365311	ἀγώνα
5	1	14	1	3	5	1437	439	2	15	0.000000	;
4	1	14	1	4	0	1074	471	365	31	-1	
5	1	14	1	4	1	1074	479	38	23	92.940613	γιά
5	1	14	1	4	2	1127	477	48	21	84.042847	τήν
5	1	14	1	4	3	1183	474	100	24	90.974731	πρόληφη
5	1	14	1	4	4	1297	472	37	19	51.600605	καὶ
5	1	14	1	4	5	1345	471	41	20	95.048691	τήν
5	1	14	1	4	6	1399	475	40	15	64.967979	καὶ
4	1	14	1	5	0	1075	506	355	27	-1	
5	1	14	1	5	1	1075	512	94	21	65.549713	ταστολή
5	1	14	1	5	2	1188	511	44	19	93.284363	τῶν
5	1	14	1	5	3	1247	507	132	25	24.771118	πυρκαγιῶν.
5	1	14	1	5	4	1394	506	36	18	69.977776	ἕα
4	1	14	1	6	0	1063	538	377	58	-1	
5	1	14	1	6	1	1063	538	103	58	18.315048	Ῥεύνται
5	1	14	1	6	2	1178	547	51	21	82.306343	ὄλες
5	1	14	1	6	3	1240	545	20	19	96.682312	οἱ
5	1	14	1	6	4	1273	541	95	23	92.663086	Τοπικές
5	1	14	1	6	5	1381	541	59	31	39.934654	Δρ.
4	1	14	1	7	0	1075	573	366	36	-1	
5	1	14	1	7	1	1075	585	38	23	92.977730	χές
5	1	14	1	7	2	1128	583	29	19	91.757660	νά
5	1	14	1	7	3	1169	582	98	19	33.455391	ἑνώσουν
5	1	14	1	7	4	1278	578	36	20	91.126205	καί
5	1	14	1	7	5	1329	577	28	18	91.298653	νά
5	1	14	1	7	6	1370	573	71	36	50.788643	ἐντεί!
2	1	15	0	0	0	344	388	1097	311	-1	
3	1	15	1	0	0	344	388	710	97	-1	
4	1	15	1	1	0	367	388	170	23	-1	
5	1	15	1	1	1	367	388	170	23	79.585892	ΣΕΝΝΗΣΕΙΣ:
4	1	15	1	2	0	344	413	710	37	-1	
5	1	15	1	2	1	344	427	99	23	28.903801	ψάννησε
5	1	15	1	2	2	456	424	102	24	39.924717	ἀγορόνι.
5	1	15	1	2	3	571	422	64	18	84.738419	Εΐναι
5	1	15	1	2	4	653	417	109	25	72.489914	ἐγγονάνι
5	1	15	1	2	5	776	417	37	25	93.294495	τοῦ
5	1	15	1	2	6	824	413	116	25	90.648705	ἀγαπητοῦ
5	1	15	1	2	7	952	417	40	18	83.094498	µας
5	1	15	1	2	8	1006	415	48	18	74.067345	συµ-
4	1	15	1	3	0	345	455	360	30	-1	
5	1	15	1	3	1	345	461	110	24	95.317528	πατριώτη
5	1	15	1	3	2	468	458	112	24	86.835571	Γεωργίου
5	1	15	1	3	3	594	456	33	19	25.827599	ἨἩ.
5	1	15	1	3	4	639	455	66	21	68.868347	Ζήτη.
3	1	15	2	0	0	348	481	708	74	-1	
4	1	15	2	1	0	368	481	688	34	-1	
5	1	15	2	1	1	368	507	25	6	13.740753	ω-
5	1	15	2	1	2	407	497	25	17	75.788933	Ἡ
5	1	15	2	1	3	447	495	114	20	48.754791	Κανέλλα.
5	1	15	2	1	4	570	493	54	22	68.674049	Δημ.
5	1	15	2	1	5	638	489	102	24	89.551857	Δαρθύρη
5	1	15	2	1	6	752	487	43	19	96.096497	ἀπό
5	1	15	2	1	7	808	487	43	20	90.797226	τήν
5	1	15	2	1	8	865	484	121	23	0.000000	Αγόριανη
5	1	15	2	1	9	1006	481	50	23	83.004730	γέν-
4	1	15	2	2	0	348	527	301	28	-1	
5	1	15	2	2	1	348	538	53	17	81.058884	νησε
5	1	15	2	2	2	417	530	113	24	45.531197	κορντσόσιι
5	1	15	2	2	3	537	529	45	22	87.838905	στὶς
5	1	15	2	2	4	599	527	50	19	79.557220	21-7.
3	1	15	3	0	0	369	549	664	38	-1	
4	1	15	3	1	0	369	549	664	38	-1	
5	1	15	3	1	1	369	577	25	6	5.290993	--
5	1	15	3	1	2	406	567	27	18	73.667320	Ἡ
5	1	15	3	1	3	447	566	64	20	91.506393	Πόπη
5	1	15	3	1	4	528	565	81	22	28.420044	Αριστ.
5	1	15	3	1	5	623	560	117	25	39.540752	Κσυρεμπῃ
5	1	15	3	1	6	752	558	98	24	93.299774	γέννησε
5	1	15	3	1	7	864	556	38	18	82.878227	δύδ
5	1	15	3	1	8	915	549	118	31	0.000000	ἀγορόνιοα,
3	1	15	4	0	0	347	582	1094	103	-1	
4	1	15	4	1	0	370	582	688	39	-1	
5	1	15	4	1	1	370	613	25	6	0.000000	ὡ-
5	1	15	4	1	2	408	603	24	18	87.575546	Ἡ
5	1	15	4	1	3	445	601	72	20	2.963058	Ἑασία
5	1	15	4	1	4	528	599	38	19	48.186356	καὶ
5	1	15	4	1	5	576	597	109	23	67.860062	Γεώργιος
5	1	15	4	1	6	694	593	126	25	50.932369	Σουχλέρης
5	1	15	4	1	7	832	582	128	29	79.904655	ἀπέκτησαν
5	1	15	4	1	8	974	588	26	19	82.551453	τὸ
5	1	15	4	1	9	1010	587	48	19	91.711830	δεύ-
4	1	15	4	2	0	347	609	1094	76	-1	
5	1	15	4	2	1	347	643	54	19	89.137436	τερο
5	1	15	4	2	2	412	637	95	24	23.700851	ἀγορόκι
5	1	15	4	2	3	519	641	56	18	85.723953	τους.
5	1	15	4	2	4	851	629	2	2	18.672600	|
5	1	15	4	2	5	981	634	2	2	26.109459	:
5	1	15	4	2	6	1067	609	65	76	27.550705	..
5	1	15	4	2	7	1149	618	31	23	91.244896	τίς
5	1	15	4	2	8	1208	613	140	29	91.482376	προσπάθειές
5	1	15	4	2	9	1383	610	58	24	66.964996	τους,
3	1	15	5	0	0	1070	688	4	11	-1	
4	1	15	5	1	0	1070	688	4	11	-1	
5	1	15	5	1	1	1070	688	4	11	89.244064	4
2	1	16	0	0	0	1065	482	5	59	-1	
3	1	16	1	0	0	1065	482	5	59	-1	
4	1	16	1	1	0	1065	482	5	59	-1	
5	1	16	1	1	1	1065	482	5	59	95.000000	 
2	1	17	0	0	0	1441	769	5	62	-1	
3	1	17	1	0	0	1441	769	5	62	-1	
4	1	17	1	1	0	1441	769	5	62	-1	
5	1	17	1	1	1	1441	769	5	62	95.000000	 
2	1	18	0	0	0	330	837	762	250	-1	
3	1	18	1	0	0	330	837	762	250	-1	
4	1	18	1	1	0	352	837	711	38	-1	
5	1	18	1	1	1	352	857	41	18	85.193207	µας
5	1	18	1	1	2	408	849	153	25	68.426422	συμπατριώτη
5	1	18	1	1	3	578	847	98	22	90.109749	Γιώργου
5	1	18	1	1	4	690	845	90	18	6.954613	»Αναστ.
5	1	18	1	1	5	795	839	163	25	55.716118	Σκρουμπέλου.
5	1	18	1	1	6	971	837	92	19	48.018738	᾽Ανάδο-
4	1	18	1	2	0	352	874	661	38	-1	
5	1	18	1	2	1	352	892	40	20	85.919197	χος
5	1	18	1	2	2	402	887	15	19	76.856216	ὁ
5	1	18	1	2	3	432	891	20	14	95.066956	κ.
5	1	18	1	2	4	467	885	104	23	93.297829	Μιχάλης
5	1	18	1	2	5	583	883	95	22	0.000000	Ἠοῦτρος
5	1	18	1	2	6	690	880	69	19	93.146378	ἔδωσε
5	1	18	1	2	7	772	878	25	18	96.834213	τό
5	1	18	1	2	8	810	877	70	22	96.376663	ὄνομα
5	1	18	1	2	9	894	874	119	22	16.004448	Αντώνης.
4	1	18	1	3	0	377	909	687	33	-1	
5	1	18	1	3	1	377	920	184	22	74.547318	ΑΡΡΑΒΩΝΕΣ:
5	1	18	1	3	2	588	917	50	24	83.399475	Στίς
5	1	18	1	3	3	654	916	77	19	39.094772	20-1-65
5	1	18	1	3	4	748	913	137	20	42.434368	τελέσθηνιαν
5	1	18	1	3	5	902	911	21	18	79.842033	οἱ
5	1	18	1	3	6	937	909	127	23	88.141144	ἀρραθῶνες
4	1	18	1	4	0	330	944	762	40	-1	
5	1	18	1	4	1	330	982	3	1	20.232773	ο
5	1	18	1	4	2	344	959	49	25	0.000000	τᾶς
5	1	18	1	4	3	407	957	24	19	79.025024	δ..
5	1	18	1	4	4	441	945	136	38	0.000000	2Αγνελικῆς
5	1	18	1	4	5	596	953	27	17	0.000000	Ἡ.
5	1	18	1	4	6	632	950	118	27	0.000000	ΦΙπολοινη
5	1	18	1	4	7	762	947	153	28	18.828110	Καθηνήτριας
5	1	18	1	4	8	929	945	27	22	57.561115	μέ
5	1	18	1	4	9	971	944	41	17	95.742882	τόν
5	1	18	1	4	10	1025	945	67	17	36.465149	συν!
4	1	18	1	5	0	355	977	687	38	-1	
5	1	18	1	5	1	355	991	86	24	84.784683	ἀδελφό
5	1	18	1	5	2	452	981	42	38	95.867485	της
5	1	18	1	5	3	506	981	26	38	79.652382	ἐκ
5	1	18	1	5	4	545	987	120	21	69.113327	Ῥασιλικοῦ
5	1	18	1	5	5	681	985	95	22	53.612541	Ποτρῶν
5	1	18	1	5	6	791	988	19	13	7.843849	α.
5	1	18	1	5	7	823	980	119	20	15.074310	»Αθανάσιο
5	1	18	1	5	8	955	977	87	23	5.751183	ἹΚαρπῆ.
4	1	18	1	6	0	378	1011	700	37	-1	
5	1	18	1	6	1	378	1036	25	6	25.595650	--
5	1	18	1	6	2	420	1027	25	19	84.903519	Ἡ
5	1	18	1	6	3	462	1025	108	23	93.274101	Χριστίνα
5	1	18	1	6	4	583	1023	24	19	79.515732	Σ.
5	1	18	1	6	5	622	1021	109	23	78.836784	Φαρφαρᾶ
5	1	18	1	6	6	745	1019	68	19	91.438667	ἔδωσε
5	1	18	1	6	7	827	1016	110	22	91.087456	ὑπόσχεση
5	1	18	1	6	8	953	1013	71	23	40.177597	γάμου
5	1	18	1	6	9	1039	1011	39	24	22.151199	µέ
4	1	18	1	7	0	356	1056	407	31	-1	
5	1	18	1	7	1	356	1063	42	19	95.726959	νέο
5	1	18	1	7	2	412	1062	23	25	91.633667	ἐξ
5	1	18	1	7	3	449	1061	106	20	74.178818	᾿Αθηνῶν.
5	1	18	1	7	4	761	1056	2	2	0.000000	ι
2	1	19	0	0	0	349	643	1097	287	-1	
3	1	19	1	0	0	349	643	1095	211	-1	
4	1	19	1	1	0	370	643	1062	53	-1	
5	1	19	1	1	1	370	685	26	6	0.000000	--
5	1	19	1	1	2	411	675	26	18	61.540752	Ἡ
5	1	19	1	1	3	452	666	136	30	84.263428	καθηγήτρια
5	1	19	1	1	4	602	676	20	12	96.589340	κ.
5	1	19	1	1	5	636	668	74	20	93.202141	Βούλα
5	1	19	1	1	6	722	666	107	22	38.144402	Τσόγχκρα
5	1	19	1	1	7	843	663	97	23	93.297218	γέννησε
5	1	19	1	1	8	957	659	101	24	45.555328	ἀγοράχι.
5	1	19	1	1	9	1079	653	146	26	74.343948	προκειµένου
5	1	19	1	1	10	1261	651	29	17	94.470116	νά
5	1	19	1	1	11	1325	643	107	33	68.820610	ἀποσοθη-
4	1	19	1	2	0	369	682	931	47	-1	
5	1	19	1	2	1	369	720	29	9	4.401840	κ
5	1	19	1	2	2	412	710	24	18	88.643044	Ἡ
5	1	19	1	2	3	452	708	76	20	91.306274	Τούλα
5	1	19	1	2	4	544	705	109	23	67.813004	Φαρφαρᾶ
5	1	19	1	2	5	668	713	8	5	83.649178	-
5	1	19	1	2	6	688	702	98	23	33.375237	Γοδμάτου
5	1	19	1	2	7	801	700	111	19	13.337563	ἀπέχπτησε
5	1	19	1	2	8	927	697	25	18	93.053413	τό
5	1	19	1	2	9	968	695	92	23	93.292847	δεύτερο
5	1	19	1	2	10	1071	692	59	23	0.000000	'δοῦν
5	1	19	1	2	11	1145	682	155	33	47.247810	καταστροφές.
4	1	19	1	3	0	349	717	1095	52	-1	
5	1	19	1	3	1	349	745	97	24	28.321007	ἀγοράκι
5	1	19	1	3	2	453	749	44	18	77.255859	τῆς.
5	1	19	1	3	3	1071	717	5	33	88.282799	|
5	1	19	1	3	4	1104	727	24	18	88.851845	Ἡ
5	1	19	1	3	5	1143	722	114	26	90.123055	ἐφαρμογή
5	1	19	1	3	6	1271	721	60	19	92.530807	ὅλων
5	1	19	1	3	7	1346	719	44	19	96.827057	τῶν
5	1	19	1	3	8	1406	718	38	22	62.701015	μέ]
4	1	19	1	4	0	376	735	1068	72	-1	
5	1	19	1	4	1	376	778	171	22	84.864647	ΒΑΠΤΙΣΕΙΣ:
5	1	19	1	4	2	567	776	50	24	38.979626	Στίς
5	1	19	1	4	3	632	775	74	19	14.916977	12:1-55
5	1	19	1	4	4	723	772	134	20	35.081642	θαπτίστηκε
5	1	19	1	4	5	871	768	39	21	29.746872	στ
5	1	19	1	4	6	923	767	66	21	96.095352	Μονή
5	1	19	1	4	7	1017	767	44	17	28.093262	Φα-
5	1	19	1	4	8	1077	751	61	56	28.093262	τρων
5	1	19	1	4	9	1153	759	112	25	86.964783	πρόληφης
5	1	19	1	4	10	1278	756	36	20	92.285065	καί
5	1	19	1	4	11	1330	735	114	47	74.374969	καταστο-|
4	1	19	1	5	0	352	789	1082	51	-1	
5	1	19	1	5	1	352	815	131	25	65.618927	νερωμένης
5	1	19	1	5	2	494	813	135	23	72.076309	᾿Αναθρυτῆς
5	1	19	1	5	3	644	810	26	19	92.788979	τό
5	1	19	1	5	4	686	809	93	22	75.085457	δεύτερο
5	1	19	1	5	5	791	805	95	24	55.173584	ἀγοράκι
5	1	19	1	5	6	897	804	38	18	93.292641	τοῦ
5	1	19	1	5	7	948	801	115	25	88.943596	ἀγαπητοῦ
5	1	19	1	5	8	1081	799	45	21	64.449684	λῆς,
5	1	19	1	5	9	1141	795	93	21	38.509911	θθηθοῦν
5	1	19	1	5	10	1250	793	55	20	91.703636	στήν
5	1	19	1	5	11	1333	789	101	23	82.574104	ἀποφυγή
4	1	19	1	6	0	1081	824	353	30	-1	
5	1	19	1	6	1	1081	833	46	19	92.941284	τῶν
5	1	19	1	6	2	1141	830	133	24	88.867455	πυρκαγιῶν,
5	1	19	1	6	3	1289	827	30	23	77.473198	µά
5	1	19	1	6	4	1332	825	38	19	79.728447	καΐ
5	1	19	1	6	5	1395	824	39	20	84.352570	στή
3	1	19	2	0	0	1072	837	374	59	-1	
4	1	19	2	1	0	1072	837	374	59	-1	
5	1	19	2	1	1	1072	847	109	49	24.162437	{ούλληφα
5	1	19	2	1	2	1197	865	39	19	2.688866	ναὶ
5	1	19	2	1	3	1253	862	89	24	27.478951	τιμωρία
5	1	19	2	1	4	1356	861	44	18	96.276337	τῶν
5	1	19	2	1	5	1413	837	33	41	55.448601	οἱ
3	1	19	3	0	0	1073	885	246	45	-1	
4	1	19	3	1	0	1073	885	246	45	-1	
5	1	19	3	1	1	1073	885	121	45	54.741531	ἐπενθόνων
5	1	19	3	1	2	1206	901	29	22	57.216679	γύ
5	1	19	3	1	3	1250	898	69	22	91.074326	αὐτές.
2	1	20	0	0	0	1086	971	353	134	-1	
3	1	20	1	0	0	1086	971	353	134	-1	
4	1	20	1	1	0	1426	971	12	18	-1	
5	1	20	1	1	1	1426	971	12	18	38.284683	ὁ
4	1	20	1	2	0	1086	1007	352	28	-1	
5	1	20	1	2	1	1086	1014	100	21	0.000000	ψίνδυνος
5	1	20	1	2	2	1203	1010	119	24	87.368835	πυρκαγιᾶς
5	1	20	1	2	3	1339	1008	12	18	69.417953	ὁ
5	1	20	1	2	4	1376	1007	62	19	7.939995	παδό-
4	1	20	1	3	0	1086	1043	352	29	-1	
5	1	20	1	3	1	1086	1054	38	18	91.213120	νας
5	1	20	1	3	2	1143	1048	59	19	93.299606	εἶναι
5	1	20	1	3	3	1217	1044	165	25	84.607231	ὑποχρεωμένος
5	1	20	1	3	4	1410	1043	28	17	68.769829	νά
4	1	20	1	4	0	1209	1078	230	27	-1	
5	1	20	1	4	1	1209	1082	83	23	92.578178	ἀμέσως
5	1	20	1	4	2	1305	1080	42	21	92.922066	τήν
5	1	20	1	4	3	1361	1078	78	20	91.150307	πλησιέ
2	1	21	0	0	0	1108	973	289	25	-1	
3	1	21	1	0	0	1108	973	289	25	-1	
4	1	21	1	1	0	1108	973	289	25	-1	
5	1	21	1	1	1	1108	978	40	18	92.265060	Τιά
5	1	21	1	1	2	1165	977	29	18	88.821785	νά
5	1	21	1	1	3	1209	973	188	25	71.365097	ἑλαχιστοποιηθεῖ
2	1	22	0	0	0	1101	1378	143	8	-1	
3	1	22	1	0	0	1101	1378	143	8	-1	
4	1	22	1	1	0	1101	1378	143	8	-1	
5	1	22	1	1	1	1101	1378	143	8	95.000000	 
2	1	23	0	0	0	1245	1373	190	10	-1	
3	1	23	1	0	0	1245	1373	190	10	-1	
4	1	23	1	1	0	1245	1373	190	10	-1	
5	1	23	1	1	1	1245	1373	190	10	95.000000	 
2	1	24	0	0	0	1225	1465	95	6	-1	
3	1	24	1	0	0	1225	1465	95	6	-1	
4	1	24	1	1	0	1225	1465	95	6	-1	
5	1	24	1	1	1	1225	1465	95	6	95.000000	 
2	1	25	0	0	0	1095	1559	364	288	-1	
3	1	25	1	0	0	1095	1559	364	171	-1	
4	1	25	1	1	0	1095	1559	353	27	-1	
5	1	25	1	1	1	1095	1567	26	17	89.093895	τᾶ
5	1	25	1	1	2	1137	1564	40	19	92.829895	πού
5	1	25	1	1	3	1192	1564	56	22	36.620529	πῆρε
5	1	25	1	1	4	1260	1562	24	18	96.219849	τό
5	1	25	1	1	5	1305	1560	77	23	95.787148	πτυχίο
5	1	25	1	1	6	1410	1559	38	18	95.109184	τοῦ
4	1	25	1	2	0	1096	1582	363	41	-1	
5	1	25	1	2	1	1096	1601	84	22	31.844170	Ἰατροῦ
5	1	25	1	2	2	1197	1598	43	20	96.062874	ἀπό
5	1	25	1	2	3	1256	1597	26	19	95.492516	τό
5	1	25	1	2	4	1311	1582	148	40	20.497856	Πανεπιστή-΄
4	1	25	1	3	0	1097	1614	362	51	-1	
5	1	25	1	3	1	1097	1643	35	17	16.429077	μι
5	1	25	1	3	2	1159	1633	169	22	30.326996	Φεσσαλονίκης,
5	1	25	1	3	3	1357	1614	102	51	73.646637	εὐχόμα-!
4	1	25	1	4	0	1097	1662	362	32	-1	
5	1	25	1	4	1	1097	1678	37	13	92.385208	στε
5	1	25	1	4	2	1149	1671	27	23	84.734360	µέ
5	1	25	1	4	3	1193	1671	41	19	92.872200	ὅλη
5	1	25	1	4	4	1251	1669	40	20	93.297829	τήν
5	1	25	1	4	5	1305	1667	75	23	72.130081	ἀγάπη
5	1	25	1	4	6	1409	1662	50	27	78.958885	µας
4	1	25	1	5	0	1097	1703	361	25	-1	
5	1	25	1	5	1	1097	1707	56	21	71.263809	παλή
5	1	25	1	5	2	1165	1703	160	24	36.398170	σταδιοδρομία.
5	1	25	1	5	3	1455	1697	3	33	24.097282	ἱ
3	1	25	2	0	0	1096	1743	362	96	-1	
4	1	25	2	1	0	1120	1743	338	28	-1	
5	1	25	2	1	1	1120	1749	24	18	0.000000	«Ὁ
5	1	25	2	1	2	1158	1746	102	23	90.663734	παππούς,
5	1	25	2	1	3	1274	1745	13	21	89.919868	ἡ
5	1	25	2	1	4	1304	1743	81	24	49.665203	γιαγιά,
5	1	25	2	1	5	1400	1743	58	28	36.730419	Χρῃ
4	1	25	2	2	0	1097	1772	361	34	-1	
5	1	25	2	2	1	1097	1789	47	17	85.458740	στος
5	1	25	2	2	2	1159	1782	37	19	85.514717	καὶ
5	1	25	2	2	3	1213	1778	125	26	29.130196	Ταρυφαλιά
5	1	25	2	2	4	1371	1772	87	29	53.736412	᾿Αρθα-᾽
4	1	25	2	3	0	1096	1808	362	39	-1	
5	1	25	2	3	1	1096	1816	55	31	49.060291	νίτη.
5	1	25	2	3	2	1455	1808	3	29	49.640602	]
2	1	26	0	0	0	1152	1858	292	11	-1	
3	1	26	1	0	0	1152	1858	292	11	-1	
4	1	26	1	1	0	1152	1858	292	11	-1	
5	1	26	1	1	1	1152	1858	292	11	95.000000	 
2	1	27	0	0	0	1262	1985	63	5	-1	
3	1	27	1	0	0	1262	1985	63	5	-1	
4	1	27	1	1	0	1262	1985	63	5	-1	
5	1	27	1	1	1	1262	1985	63	5	95.000000	 
2	1	28	0	0	0	1463	2080	7	329	-1	
3	1	28	1	0	0	1463	2080	7	329	-1	
4	1	28	1	1	0	1463	2080	7	329	-1	
5	1	28	1	1	1	1463	2080	7	329	95.000000	 
2	1	29	0	0	0	358	1083	1111	1600	-1	
3	1	29	1	0	0	358	1083	1111	1600	-1	
4	1	29	1	1	0	380	1083	812	37	-1	
5	1	29	1	1	1	380	1097	57	19	57.752968	--Ὁ
5	1	29	1	1	2	454	1095	162	25	75.719452	συμπατριώτης
5	1	29	1	1	3	632	1097	39	18	81.670288	µας
5	1	29	1	1	4	685	1097	20	13	0.000000	ν.
5	1	29	1	1	5	719	1090	95	22	0.000000	πιάννης
5	1	29	1	1	6	827	1087	74	19	14.724922	᾿Άθαν.
5	1	29	1	1	7	915	1087	70	21	91.731750	Δῆμος
5	1	29	1	1	8	1000	1083	37	20	23.515923	ναί
5	1	29	1	1	9	1053	1083	14	20	25.060646	ἃ
5	1	29	1	1	10	1087	1084	105	20	90.688065	εἰδοποιεῖ
4	1	29	1	2	0	358	1115	1080	38	-1	
5	1	29	1	2	1	358	1134	19	19	54.175652	6.
5	1	29	1	2	2	390	1131	133	21	67.905884	᾿Αναστασία
5	1	29	1	2	3	538	1125	88	26	32.715240	Παναν.
5	1	29	1	2	4	637	1125	146	21	13.100937	Νικολοκάκη
5	1	29	1	2	5	795	1123	43	19	96.064781	ἀπό
5	1	29	1	2	6	848	1121	121	24	43.802906	Αγόριανη
5	1	29	1	2	7	983	1120	86	18	91.636551	ἔδωσαν
5	1	29	1	2	8	1086	1125	66	18	24.724854	΄στερη
5	1	29	1	2	9	1170	1118	76	23	83.073029	᾿Αρχή,
5	1	29	1	2	10	1264	1117	59	22	57.978821	μόλις
5	1	29	1	2	11	1349	1115	89	22	47.504929	ἔμφανι-
4	1	29	1	3	0	1078	1149	373	47	-1	
5	1	29	1	3	1	1078	1155	54	34	0.000000	1σθεῖ
5	1	29	1	3	2	1147	1155	12	17	68.416763	ὁ
5	1	29	1	3	3	1173	1154	109	21	87.636276	κίνδυνος.
5	1	29	1	3	4	1297	1150	39	19	96.391373	Γιά
5	1	29	1	3	5	1350	1149	24	19	88.578659	τό
5	1	29	1	3	6	1392	1153	59	43	0.000000	σα]
4	1	29	1	4	0	387	1184	1052	40	-1	
5	1	29	1	4	1	383	1194	32	34	38.168598	---
5	1	29	1	4	2	425	1194	26	34	45.241131	Ὁ.
5	1	29	1	4	3	458	1201	112	23	44.437332	᾽Ανκώνης
5	1	29	1	4	4	586	1199	44	20	57.582367	᾽Αβ.
5	1	29	1	4	5	642	1198	126	22	77.650726	Γιάνναρης
5	1	29	1	4	6	781	1193	195	25	40.493542	ἀρραθωνιάστηκε
5	1	29	1	4	7	987	1191	27	23	85.024269	μέ
5	1	29	1	4	8	1027	1189	43	21	82.826782	τήν
5	1	29	1	4	9	1088	1191	27	19	91.892807	πὀ
5	1	29	1	4	10	1127	1189	53	20	88.901527	αὐτό
5	1	29	1	4	11	1195	1189	93	23	93.003456	ὑπάρχει
5	1	29	1	4	12	1317	1185	25	20	87.593300	τὸ
5	1	29	1	4	13	1373	1184	66	19	0.000000	Τμλ.
4	1	29	1	5	0	359	1198	1093	61	-1	
5	1	29	1	5	1	359	1240	51	19	79.314545	δίδα
5	1	29	1	5	2	428	1237	66	20	0.000000	᾿Ἠλία
5	1	29	1	5	3	509	1238	28	18	3.536163	.
5	1	29	1	5	4	551	1234	174	24	89.904488	Μιχαλόπουλου
5	1	29	1	5	5	739	1231	43	19	80.977684	ἀπό
5	1	29	1	5	6	794	1230	42	21	87.453751	τήν
5	1	29	1	5	7	852	1228	114	19	88.623924	Πελλάνα.
5	1	29	1	5	8	1079	1212	63	42	46.659885	αριθ.
5	1	29	1	5	9	1157	1226	40	21	94.687737	191,
5	1	29	1	5	10	1213	1225	26	18	68.512894	τό
5	1	29	1	5	11	1253	1223	63	19	91.187019	ὁποῖο
5	1	29	1	5	12	1339	1198	113	42	21.099716	καλείται)
4	1	29	1	6	0	384	1233	1069	62	-1	
5	1	29	1	6	1	384	1273	103	21	21.343040	ΣΑΜΟΙ:
5	1	29	1	6	2	506	1272	50	23	93.120560	Στίς
5	1	29	1	6	3	571	1271	77	19	65.584450	25-7-85
5	1	29	1	6	4	660	1268	138	20	75.703445	τελέσθηκαν
5	1	29	1	6	5	811	1265	21	19	90.374237	οἳ
5	1	29	1	6	6	843	1264	67	24	48.481331	γάμοι
5	1	29	1	6	7	922	1263	38	23	93.300713	τῆς
5	1	29	1	6	8	973	1263	20	18	87.178520	δ.
5	1	29	1	6	9	1009	1261	61	20	7.448502	᾿Ἀθη-
5	1	29	1	6	10	1079	1253	53	28	4.678802	ἀπό
5	1	29	1	6	11	1149	1260	145	21	88.231483	ὁποιοδήποτε
5	1	29	1	6	12	1307	1257	77	23	1.416122	σημεῖο
5	1	29	1	6	13	1404	1233	37	49	60.798893	τοῦ
5	1	29	1	6	14	1448	1237	5	29	56.756920	|
4	1	29	1	7	0	361	1267	1093	66	-1	
5	1	29	1	7	1	361	1311	39	22	92.725334	νᾶς
5	1	29	1	7	2	413	1310	24	18	0.000000	Ἡ.
5	1	29	1	7	3	449	1307	136	21	24.942848	Κανακάνιου
5	1	29	1	7	4	595	1303	153	24	1.049568	Καθηγητρίας
5	1	29	1	7	5	759	1313	8	4	93.055405	-
5	1	29	1	7	6	777	1301	115	22	36.638851	Βιολόγου,
5	1	29	1	7	7	904	1299	27	23	83.552971	µέ
5	1	29	1	7	8	943	1298	40	18	93.277939	τόν
5	1	29	1	7	9	996	1297	74	19	88.095520	Ἰωάν-
5	1	29	1	7	10	1088	1298	82	23	91.759064	Νομοῦ,
5	1	29	1	7	11	1183	1296	65	24	96.315750	χωρίς
5	1	29	1	7	12	1267	1294	70	24	73.439293	χρήση
5	1	29	1	7	13	1364	1267	90	47	0.000000	ὁτερα.]
4	1	29	1	8	0	360	1322	810	45	-1	
5	1	29	1	8	1	360	1351	30	16	72.074791	φη
5	1	29	1	8	2	403	1344	114	20	43.447258	Σταθούλπ
5	1	29	1	8	3	532	1341	144	25	34.901985	µηχανολόνο
5	1	29	1	8	4	690	1339	40	19	93.295433	τοῦ
5	1	29	1	8	5	741	1337	73	20	59.311554	ΦΤΕ.΄
5	1	29	1	8	6	1080	1322	90	30	0.000000	ἑστικοῦ.
4	1	29	1	9	0	363	1394	722	45	-1	
5	1	29	1	9	1	363	1407	65	36	91.303185	γάμοι
5	1	29	1	9	2	440	1407	33	36	90.315506	τοῦ
5	1	29	1	9	3	489	1411	210	24	49.204826	᾽Ανθυποσμηναγοῦ
5	1	29	1	9	4	716	1415	20	13	0.000000	κ.
5	1	29	1	9	5	751	1407	110	24	84.280869	Γεωργίου
5	1	29	1	9	6	874	1406	27	18	90.843216	Π.
5	1	29	1	9	7	917	1394	152	38	86.527519	Παρασχόπου-
5	1	29	1	9	8	1081	1398	4	22	20.622368	|
4	1	29	1	10	0	363	1417	695	57	-1	
5	1	29	1	10	1	363	1453	40	19	90.212952	λου
5	1	29	1	10	2	415	1451	27	23	51.257111	μέ
5	1	29	1	10	3	455	1450	27	21	93.281403	τή
5	1	29	1	10	4	497	1450	19	18	39.847927	δ.
5	1	29	1	10	5	530	1449	68	19	72.217758	Λίτσα
5	1	29	1	10	6	610	1448	25	18	0.000000	ἔς.
5	1	29	1	10	7	648	1444	130	23	80.371964	Καθαλάρη.
5	1	29	1	10	8	807	1435	173	34	41.646458	Ἐπηκολούθησε
5	1	29	1	10	9	994	1417	64	49	11.340240	δεῖπνο
4	1	29	1	11	0	362	1469	1096	41	-1	
5	1	29	1	11	1	362	1487	29	23	54.184616	Μέ
5	1	29	1	11	2	404	1485	163	24	47.087250	πολυάριθµους΄
5	1	29	1	11	3	577	1481	155	24	60.293205	παλεσµένους.
5	1	29	1	11	4	1083	1480	3	17	49.804489	{
5	1	29	1	11	5	1154	1493	49	5	26.983940	.-.
5	1	29	1	11	6	1290	1491	4	4	0.000000	ε
5	1	29	1	11	7	1396	1489	4	3	0.000000	'
5	1	29	1	11	8	1453	1469	5	16	43.498848	ὶ
4	1	29	1	12	0	392	1494	1066	50	-1	
5	1	29	1	12	1	392	1532	26	6	52.589764	--
5	1	29	1	12	2	432	1521	46	21	18.927887	τό
5	1	29	1	12	3	492	1519	119	25	83.491173	Γεωργίτοι
5	1	29	1	12	4	630	1514	137	24	49.591412	τελέσθηκαν
5	1	29	1	12	5	782	1515	20	19	84.704590	οἱ
5	1	29	1	12	6	816	1514	66	23	37.472786	γάμοι
5	1	29	1	12	7	910	1513	37	23	91.501328	τῆς
5	1	29	1	12	8	982	1511	91	22	75.714722	Ἑλένης
5	1	29	1	12	9	1082	1499	4	4	12.751045	ι
5	1	29	1	12	10	1115	1494	60	41	41.776688	τὸν
5	1	29	1	12	11	1194	1496	131	36	0.000000	ἀγοπημόνν
5	1	29	1	12	12	1339	1494	40	18	73.074829	µας
5	1	29	1	12	13	1392	1494	66	19	0.000000	ΥΥς,
4	1	29	1	13	0	365	1525	1094	57	-1	
5	1	29	1	13	1	365	1560	56	22	93.107857	Χαρ.
5	1	29	1	13	2	433	1557	104	23	80.255844	Ἄγούρδα
5	1	29	1	13	3	553	1555	28	24	90.463753	μέ
5	1	29	1	13	4	594	1555	41	19	92.820786	τόν
5	1	29	1	13	5	648	1559	20	14	56.877434	κ.
5	1	29	1	13	6	680	1553	23	19	71.887245	Τ.
5	1	29	1	13	7	717	1551	119	20	66.529449	Ῥασιλείου
5	1	29	1	13	8	852	1549	43	19	95.866753	ἀπό
5	1	29	1	13	9	908	1549	33	18	83.886688	τό.
5	1	29	1	13	10	948	1545	103	25	89.801094	Καστόρι.
5	1	29	1	13	11	1095	1535	27	13	73.574158	Υό
5	1	29	1	13	12	1139	1530	133	20	93.760857	Παναγιώτη
5	1	29	1	13	13	1289	1526	49	18	31.873878	Νιλ.
5	1	29	1	13	14	1363	1525	96	27	0.000000	Ὕσερω,
4	1	29	1	14	0	363	1617	713	37	-1	
5	1	29	1	14	1	363	1624	128	30	82.741760	Ἠπέλου
5	1	29	1	14	2	463	1620	26	38	32.173492	Μέ
5	1	29	1	14	3	504	1628	44	19	95.994896	τόν
5	1	29	1	14	4	559	1627	51	19	61.581039	Νικ.
5	1	29	1	14	5	624	1624	124	24	10.110428	Δαμπράνη
5	1	29	1	14	6	760	1623	26	18	87.497177	ἐν
5	1	29	1	14	7	799	1620	142	24	90.270821	Καστορείου,
5	1	29	1	14	8	957	1617	119	22	84.210274	ἐπηνολού-
4	1	29	1	15	0	365	1661	333	27	-1	
5	1	29	1	15	1	365	1667	52	20	71.724609	Βησε
5	1	29	1	15	2	431	1665	78	23	89.428833	γλέντι
5	1	29	1	15	3	522	1663	55	20	19.300087	στόν
5	1	29	1	15	4	592	1661	106	20	94.826920	πλάτανο.
4	1	29	1	16	0	389	1688	688	36	-1	
5	1	29	1	16	1	389	1700	83	24	52.197525	--Στίς
5	1	29	1	16	2	487	1700	42	18	76.654434	14-7
5	1	29	1	16	3	541	1699	82	22	90.997963	ἔγιναν
5	1	29	1	16	4	634	1697	20	19	96.830170	οἱ
5	1	29	1	16	5	664	1697	68	22	43.096561	γάμοι
5	1	29	1	16	6	743	1691	37	26	96.033485	τῆς
5	1	29	1	16	7	795	1692	109	24	96.051186	Γεωργίας
5	1	29	1	16	8	917	1692	59	18	72.547874	Κων.
5	1	29	1	16	9	989	1688	88	24	29.650391	Βλαχά-
4	1	29	1	17	0	392	1756	700	35	-1	
5	1	29	1	17	1	392	1770	141	21	80.709511	ΘΑΝΑΤΟΙ:
5	1	29	1	17	2	552	1769	87	19	60.319630	Πέθανε
5	1	29	1	17	3	653	1768	44	23	92.985954	στίς
5	1	29	1	17	4	708	1767	45	18	29.300568	23-6
5	1	29	1	17	5	761	1765	37	19	92.194122	καί
5	1	29	1	17	6	810	1764	124	21	30.089874	κηδεύτηκε
5	1	29	1	17	7	947	1761	57	21	93.236458	στήν
5	1	29	1	17	8	1015	1760	63	23	65.946136	᾿Αγό-
5	1	29	1	17	9	1087	1756	5	6	0.000000	.
4	1	29	1	18	0	367	1790	479	39	-1	
5	1	29	1	18	1	367	1811	67	18	60.448986	1ρανη
5	1	29	1	18	2	448	1806	12	19	42.867767	ὅ
5	1	29	1	18	3	467	1806	54	22	93.268333	Δημ.
5	1	29	1	18	4	536	1804	77	23	44.287647	Ψαθδᾶς
5	1	29	1	18	5	630	1803	57	18	91.444839	ἐτῶν
5	1	29	1	18	6	700	1802	29	18	70.703331	75.
5	1	29	1	18	7	839	1790	7	7	0.000000	:
4	1	29	1	19	0	390	1830	687	31	-1	
5	1	29	1	19	1	390	1852	31	15	48.914352	--
5	1	29	1	19	2	431	1841	87	18	56.019573	Πέδοινε
5	1	29	1	19	3	537	1840	43	21	94.107437	στίς
5	1	29	1	19	4	591	1828	54	36	72.409500	24)6
5	1	29	1	19	5	663	1836	37	23	22.507782	καί
5	1	29	1	19	6	716	1835	125	21	84.440117	πηδεύτηκε
5	1	29	1	19	7	850	1833	45	24	93.296158	στό
5	1	29	1	19	8	910	1832	128	28	55.414200	Ἀθγκανίκο
5	1	29	1	19	9	1063	1830	14	20	54.127892	ἡ
4	1	29	1	20	0	390	1878	1071	60	-1	
5	1	29	1	20	1	390	1921	27	7	69.657974	-
5	1	29	1	20	2	427	1911	52	27	92.113373	Στίς
5	1	29	1	20	3	492	1910	75	19	57.710754	917-855
5	1	29	1	20	4	578	1908	82	19	96.090164	πέθανε
5	1	29	1	20	5	674	1906	96	25	1.180405	ξαφνικά
5	1	29	1	20	6	786	1904	37	19	95.511276	στό
5	1	29	1	20	7	836	1902	120	24	80.523102	Σεωργίτοι
5	1	29	1	20	8	969	1902	13	17	91.419891	ὁ
5	1	29	1	20	9	999	1884	79	43	60.079529	συµπα-
5	1	29	1	20	10	1197	1882	161	40	83.489723	ΕΥΓΕΝΙΚΗ
5	1	29	1	20	11	1457	1878	4	37	24.097336	|
4	1	29	1	21	0	368	1935	1071	36	-1	
5	1	29	1	21	1	364	1937	95	38	51.257915	απριώτης
5	1	29	1	21	2	474	1946	39	25	0.000000	Άας
5	1	29	1	21	3	527	1945	85	22	50.389004	Σπῦρος
5	1	29	1	21	4	623	1943	25	19	85.739075	Σ.
5	1	29	1	21	5	662	1941	125	23	92.404976	Διαμαντής
5	1	29	1	21	6	800	1940	37	19	32.759583	καί
5	1	29	1	21	7	848	1938	124	21	13.512306	χηδεύτηπε
5	1	29	1	21	8	985	1937	27	22	28.229950	μέ
5	1	29	1	21	9	1025	1935	54	19	60.345234	πόν-
5	1	29	1	21	10	1113	1941	177	24	92.714478	ΠΡΟΣΦΟΡΑ
5	1	29	1	21	11	1303	1938	136	23	91.916718	ΒΙΒΛΙΟΥ
4	1	29	1	22	0	366	1945	1098	63	-1	
5	1	29	1	22	1	366	1983	63	25	0.000000	δημι
5	1	29	1	22	2	443	1979	125	26	77.677391	συμμετοχή
5	1	29	1	22	3	582	1980	45	28	93.262634	τῶν
5	1	29	1	22	4	639	1977	118	20	24.215508	πκατούιων.
5	1	29	1	22	5	1088	1972	4	20	64.603317	1
5	1	29	1	22	6	1458	1945	6	50	89.143059	|
4	1	29	1	23	0	370	1997	1094	86	-1	
5	1	29	1	23	1	370	2054	76	19	21.467369	ωάννα
5	1	29	1	23	2	459	2052	42	31	81.719856	οὐζ.
5	1	29	1	23	3	517	2050	102	20	32.459785	Λεωνίδα
5	1	29	1	23	4	632	2048	106	23	58.920990	Μπάρμα.
5	1	29	1	23	5	1089	2037	3	34	0.000000	Ι.
5	1	29	1	23	6	1123	2048	44	22	36.926441	Ἐᾶς
5	1	29	1	23	7	1183	2045	114	24	92.677681	προσφέρω
5	1	29	1	23	8	1322	2044	25	19	95.508644	τό
5	1	29	1	23	9	1382	1997	82	64	62.376808	--
4	1	29	1	24	0	393	2062	1071	47	-1	
5	1	29	1	24	1	393	2085	200	24	77.328529	ΜΝΗΜΟΣΥΝΑ:
5	1	29	1	24	2	617	2084	49	23	93.291328	Στίς
5	1	29	1	24	3	681	2084	77	19	32.409981	23-6-δ”
5	1	29	1	24	4	771	2082	119	20	3.560989	τελέσθηνκε
5	1	29	1	24	5	908	2080	38	19	96.973000	στό
5	1	29	1	24	6	962	2079	117	23	86.519257	Γεωργίτσι
5	1	29	1	24	7	1461	2062	3	17	54.043449	]
4	1	29	1	25	0	1099	2112	366	29	-1	
5	1	29	1	25	1	1099	2119	80	22	40.531166	σχαλος
5	1	29	1	25	2	1194	2118	38	22	93.295769	τῆς
5	1	29	1	25	3	1247	2115	149	24	90.909149	Ῥωμιοσύνης»
5	1	29	1	25	4	1414	2112	51	19	79.594879	πού
5	1	29	1	25	5	1455	2108	14	37	79.594879	|
4	1	29	1	26	0	372	2149	1082	31	-1	
5	1	29	1	26	1	372	2160	38	20	96.864830	διά
5	1	29	1	26	2	424	2164	39	15	96.639053	του
5	1	29	1	26	3	474	2157	36	19	90.614662	καὶ
5	1	29	1	26	4	522	2157	27	20	96.407944	τή
5	1	29	1	26	5	563	2155	78	25	64.307358	σύζυγό
5	1	29	1	26	6	651	2160	44	16	96.526054	του,
5	1	29	1	26	7	712	2154	82	23	83.128067	µεγάλη
5	1	29	1	26	8	806	2153	56	27	93.298355	ἦταν
5	1	29	1	26	9	875	2152	14	21	88.611671	ἡ
5	1	29	1	26	10	902	2149	124	25	65.091293	συμμετοχή
5	1	29	1	26	11	1034	2150	46	18	94.023521	τῶν
5	1	29	1	26	12	1106	2153	126	24	45.173416	συνέγραψε
5	1	29	1	26	13	1249	2152	12	19	70.508575	ὃ
5	1	29	1	26	14	1281	2151	120	23	96.251053	πατριώτης
5	1	29	1	26	15	1417	2154	37	13	94.693604	του
4	1	29	1	27	0	374	2185	1092	33	-1	
5	1	29	1	27	1	374	2194	157	24	15.889023	αυγχωριανῶν
5	1	29	1	27	2	541	2191	71	24	40.443287	παβὼς
5	1	29	1	27	3	624	2190	37	19	20.469627	ναὶ
5	1	29	1	27	4	674	2190	43	18	95.552902	ἀπό
5	1	29	1	27	5	732	2189	120	22	50.531982	᾽Ανόριανη
5	1	29	1	27	6	869	2187	37	19	77.778450	ναί
5	1	29	1	27	7	921	2186	111	22	55.002155	᾿Ἀλευροῦ.
5	1	29	1	27	8	1100	2188	125	24	42.401413	καθηγητής
5	1	29	1	27	9	1245	2188	37	19	84.228310	καὶ
5	1	29	1	27	10	1319	2185	147	24	86.535141	λογοτέχνης
5	1	29	1	27	11	1456	2176	14	40	59.107559	]
4	1	29	1	28	0	396	2220	684	33	-1	
5	1	29	1	28	1	396	2239	26	7	0.000000	κ--
5	1	29	1	28	2	434	2228	51	25	0.000000	Ἑτίς
5	1	29	1	28	3	502	2228	31	19	89.921486	7-6
5	1	29	1	28	4	546	2226	120	21	54.546661	τελέσοθηκε
5	1	29	1	28	5	682	2224	25	20	73.551178	τό
5	1	29	1	28	6	720	2224	95	23	34.766701	4θήμερο
5	1	29	1	28	7	827	2222	128	24	70.924332	μνημόσυνο
5	1	29	1	28	8	969	2221	37	18	93.256622	τοῦ
5	1	29	1	28	9	1018	2220	62	19	3.165344	λδα-
4	1	29	1	29	0	1130	2257	337	25	-1	
5	1	29	1	29	1	1130	2260	49	19	93.138474	Μιά
5	1	29	1	29	2	1195	2260	74	22	92.234489	ὁμάδα
5	1	29	1	29	3	1281	2257	123	24	74.849625	μαθητριῶν
5	1	29	1	29	4	1419	2261	48	16	43.530777	του
4	1	29	1	30	0	396	2288	1060	35	-1	
5	1	29	1	30	1	396	2311	27	6	0.000000	--
5	1	29	1	30	2	434	2300	51	23	50.609840	Σπίς
5	1	29	1	30	3	502	2300	44	19	0.000000	115
5	1	29	1	30	4	559	2297	120	21	62.538181	τελέσθηκε
5	1	29	1	30	5	696	2296	55	20	91.966042	στήν
5	1	29	1	30	6	766	2294	129	19	75.286362	Ὑπαπαντή
5	1	29	1	30	7	911	2292	75	20	91.759949	ἐτήσιο
5	1	29	1	30	8	999	2290	82	24	15.256050	μνημό-
5	1	29	1	30	9	1091	2288	164	31	53.801926	᾿συνταξιοῦχες
5	1	29	1	30	10	1269	2293	108	22	8.384102	ὅχσκάλες
5	1	29	1	30	11	1401	2292	55	23	3.841629	ἕεχι-
4	1	29	1	31	0	372	2322	1085	35	-1	
5	1	29	1	31	1	372	2342	56	15	59.678352	αωνο
5	1	29	1	31	2	438	2322	37	40	93.257919	τοῦ
5	1	29	1	31	3	482	2334	109	21	91.202263	Παντελῆ
5	1	29	1	31	4	606	2332	88	20	40.698071	Τλλέκα
5	1	29	1	31	5	708	2331	27	23	81.263084	µέ
5	1	29	1	31	6	751	2330	87	23	33.849815	µεγάλη
5	1	29	1	31	7	855	2327	124	24	45.654011	αυμμετοχή
5	1	29	1	31	8	993	2326	89	23	31.384163	κόσμου.
5	1	29	1	31	9	1092	2322	95	31	74.892487	Ἰνήσαμε
5	1	29	1	31	10	1203	2330	38	22	96.271683	γιά
5	1	29	1	31	11	1255	2330	41	20	82.589691	τήν
5	1	29	1	31	12	1311	2328	92	23	95.231018	πατρίδα
5	1	29	1	31	13	1419	2332	38	13	96.625488	του
4	1	29	1	32	0	397	2357	1059	38	-1	
5	1	29	1	32	1	397	2382	25	7	59.418213	-
5	1	29	1	32	2	438	2371	50	24	20.174683	τίς
5	1	29	1	32	3	502	2370	42	20	19.599625	15-δ
5	1	29	1	32	4	558	2369	54	20	96.151230	στόν
5	1	29	1	32	5	629	2368	53	23	61.889416	"Άγ.
5	1	29	1	32	6	698	2365	119	21	70.262436	»Αθχνάσιο
5	1	29	1	32	7	830	2364	118	21	45.686455	τελέσθηκε
5	1	29	1	32	8	963	2362	25	19	89.490242	τό
5	1	29	1	32	9	1011	2362	71	19	4.457352	Χαθιε-
5	1	29	1	32	10	1093	2357	34	29	47.323044	πό
5	1	29	1	32	11	1142	2366	102	19	90.830849	Σκόπελο
5	1	29	1	32	12	1264	2364	68	23	32.431114	Γέρας
5	1	29	1	32	13	1361	2362	95	20	84.032074	Μυτιλή-
4	1	29	1	33	0	374	2428	1094	40	-1	
5	1	29	1	33	1	374	2444	121	24	64.292946	µανδρίτου
5	1	29	1	33	2	510	2441	114	24	76.089760	Σεραφείμ
5	1	29	1	33	3	639	2440	102	19	88.165535	Πάπσιου.
5	1	29	1	33	4	1094	2435	37	27	16.150482	"μή
5	1	29	1	33	5	1147	2442	37	13	95.559967	του
5	1	29	1	33	6	1198	2436	40	19	93.195366	πού
5	1	29	1	33	7	1254	2434	128	23	56.371632	ἀπεκάλυψε
5	1	29	1	33	8	1395	2433	13	18	93.123917	ὁ
5	1	29	1	33	9	1422	2428	46	27	56.762825	ἐγ-|
4	1	29	1	34	0	396	2468	1062	33	-1	
5	1	29	1	34	1	396	2479	25	16	18.775475	-ᾱ
5	1	29	1	34	2	434	2478	50	22	16.673676	Τήν
5	1	29	1	34	3	499	2479	38	22	87.665131	1)9
5	1	29	1	34	4	552	2476	119	22	43.786186	τελέσθηκε
5	1	29	1	34	5	684	2475	54	19	80.477066	στόν
5	1	29	1	34	6	753	2474	55	22	66.749084	"Αγ.
5	1	29	1	34	7	820	2472	117	20	72.184837	᾽Αδανάσιο
5	1	29	1	34	8	951	2471	25	18	77.016869	τὸ
5	1	29	1	34	9	991	2470	94	22	80.174004	4θήμερο
5	1	29	1	34	10	1104	2473	65	24	90.397385	γονός
5	1	29	1	34	11	1183	2478	37	13	94.360794	του
5	1	29	1	34	12	1237	2468	83	25	92.324486	Μίλτος
5	1	29	1	34	13	1332	2470	36	18	85.075157	καί
5	1	29	1	34	14	1384	2469	74	22	52.226051	ἐγχαι-
4	1	29	1	35	0	374	2490	1095	49	-1	
5	1	29	1	35	1	374	2515	128	24	1.798401	Ἀνημέσυνο
5	1	29	1	35	2	513	2514	38	19	93.268524	τοῦ
5	1	29	1	35	3	567	2513	87	22	48.903053	Ἀπύρου
5	1	29	1	35	4	666	2510	114	23	23.447311	Διαμαντῆ
5	1	29	1	35	5	791	2508	43	19	89.858505	ἀπό
5	1	29	1	35	6	846	2508	26	21	96.446907	τή
5	1	29	1	35	7	887	2506	77	25	49.779152	σὐξυγό
5	1	29	1	35	8	979	2510	44	17	93.264755	του,
5	1	29	1	35	9	1039	2510	46	13	76.015472	παι-
5	1	29	1	35	10	1095	2490	102	44	0.000000	ἡνιάσοιμε
5	1	29	1	35	11	1213	2507	37	18	70.873352	χα
5	1	29	1	35	12	1270	2506	38	23	92.928909	µία
5	1	29	1	35	13	1331	2504	138	20	37.775723	θιθλιοθήχκη
5	1	29	1	35	14	1459	2495	13	38	3.510010	ἰ
4	1	29	1	36	0	398	2575	1060	37	-1	
5	1	29	1	36	1	398	2584	124	22	0.000000	ΑΦΥΞΕΙΥΣ
5	1	29	1	36	2	534	2583	49	29	91.774048	ἀπό
5	1	29	1	36	3	591	2582	102	19	73.949394	Καναδᾶ:
5	1	29	1	36	4	714	2582	25	17	65.069115	Ἡ
5	1	29	1	36	5	756	2582	19	17	78.496536	δ.
5	1	29	1	36	6	795	2580	75	18	37.500374	Τούλα
5	1	29	1	36	7	885	2577	99	22	81.306366	Σταύρου
5	1	29	1	36	8	1001	2570	85	36	36.571373	Νεοφώ-
5	1	29	1	36	9	1103	2580	90	22	57.694611	πολλῶν
5	1	29	1	36	10	1213	2578	97	18	57.067207	θιθλίων.
5	1	29	1	36	11	1328	2575	130	19	70.526108	Ἐπαχθλού-
4	1	29	1	37	0	376	2603	1084	45	-1	
5	1	29	1	37	1	376	2626	78	22	8.809311	τηστου.
5	1	29	1	37	2	472	2620	25	19	87.887634	Ὁ
5	1	29	1	37	3	513	2619	88	27	76.101372	Παναγ.
5	1	29	1	37	4	615	2618	81	22	86.330002	᾿Αριστ.
5	1	29	1	37	5	714	2615	104	24	0.000000	Ἐσίχλης.
5	1	29	1	37	6	834	2614	25	18	14.805878	Ὁ
5	1	29	1	37	7	875	2612	128	22	41.182514	Αθανάσιος
5	1	29	1	37	8	1017	2610	68	23	80.636650	Τεώρ.
5	1	29	1	37	9	1095	2603	61	33	25.047424	Βησε
5	1	29	1	37	10	1177	2613	129	19	38.957329	συνεστἰαση
5	1	29	1	37	11	1322	2611	54	20	73.648529	στὴν
5	1	29	1	37	12	1405	2610	55	18	85.959999	πλα-
4	1	29	1	38	0	377	2645	1082	38	-1	
5	1	29	1	38	1	377	2656	104	23	48.855659	Ἐσίχλης.
5	1	29	1	38	2	492	2656	27	27	91.696800	Ὁ
5	1	29	1	38	3	532	2652	102	30	60.706528	Διον.
5	1	29	1	38	4	607	2648	30	39	33.509697	Ε.
5	1	29	1	38	5	649	2652	104	23	0.000000	Ἰσίχλης.
5	1	29	1	38	6	771	2651	25	18	18.915207	Ὁ
5	1	29	1	38	7	811	2650	60	19	83.101242	Λιον.
5	1	29	1	38	8	883	2649	29	19	85.364738	Ν.
5	1	29	1	38	9	929	2647	123	23	41.456142	Τσερωτᾶς.
5	1	29	1	38	10	1059	2645	26	18	77.893837	Ὁ
5	1	29	1	38	11	1106	2650	47	19	84.967758	τείχ
5	1	29	1	38	12	1167	2649	37	18	92.289635	τοῦ
5	1	29	1	38	13	1219	2648	80	23	75.566444	χωριοῦ
5	1	29	1	38	14	1315	2646	27	23	52.096882	μέ
5	1	29	1	38	15	1357	2645	102	23	73.454132	ὁμιλητές
2	1	30	0	0	0	358	1144	1110	1571	-1	
3	1	30	1	0	0	358	1144	1110	1571	-1	
4	1	30	1	1	0	358	1144	725	48	-1	
5	1	30	1	1	1	358	1167	121	25	52.395493	ἀμοιθαίαν
5	1	30	1	1	2	489	1166	120	22	92.759132	ὑπόσχεσιν
5	1	30	1	1	3	621	1163	77	23	61.912796	γάμου.
5	1	30	1	1	4	1077	1144	6	13	0.000000	ἡ
4	1	30	1	2	0	384	1363	701	36	-1	
5	1	30	1	2	1	384	1391	25	4	0.000000	α-
5	1	30	1	2	2	423	1379	146	20	45.196014	Τελέσθηκαν
5	1	30	1	2	3	580	1377	54	19	93.291733	στόν
5	1	30	1	2	4	647	1375	95	23	89.396851	Πειραιᾶ
5	1	30	1	2	5	755	1373	38	19	91.666351	στό
5	1	30	1	2	6	802	1372	48	19	96.448708	Ναό
5	1	30	1	2	7	864	1371	48	21	27.584602	“Αν.
5	1	30	1	2	8	929	1369	93	23	96.202576	Τριάδος
5	1	30	1	2	9	1050	1367	20	18	7.094284	οἳ
4	1	30	1	3	0	388	1583	688	33	-1	
5	1	30	1	3	1	384	1584	27	36	2.308006	--
5	1	30	1	3	2	423	1584	47	36	65.920052	Σπὶς
5	1	30	1	3	3	484	1593	44	19	44.531666	25.8
5	1	30	1	3	4	542	1591	81	23	52.800003	ἔγινον
5	1	30	1	3	5	640	1589	20	19	95.115372	οἱ
5	1	30	1	3	6	674	1588	67	24	54.826797	γάμοι
5	1	30	1	3	7	753	1587	38	23	90.102432	τῆς
5	1	30	1	3	8	805	1585	134	23	78.316200	᾽Αγγελικῆς
5	1	30	1	3	9	953	1584	23	18	0.000000	Ἐ,
5	1	30	1	3	10	994	1583	82	22	57.692772	Σνρου-
4	1	30	1	4	0	366	1725	711	36	-1	
5	1	30	1	4	1	366	1741	31	17	86.775848	κη
5	1	30	1	4	2	412	1736	24	25	81.409790	ἐξ
5	1	30	1	4	3	448	1735	117	23	90.215240	᾽Αλευροῦς
5	1	30	1	4	4	577	1733	28	23	77.093338	µέ
5	1	30	1	4	5	618	1733	25	18	85.398163	τό
5	1	30	1	4	6	657	1731	93	23	86.519783	Σωτήρη
5	1	30	1	4	7	763	1729	116	22	12.466080	Σταυρόωιο
5	1	30	1	4	8	889	1727	43	19	95.065094	ἀπό
5	1	30	1	4	9	945	1726	26	21	83.450035	τή
5	1	30	1	4	10	980	1725	97	23	92.563019	Σπάρτη.
4	1	30	1	5	0	365	1867	1094	29	-1	
5	1	30	1	5	1	365	1875	125	21	24.054649	αβθανασία
5	1	30	1	5	2	497	1874	72	19	67.646332	Ἰωάν.
5	1	30	1	5	3	584	1871	166	23	86.110291	Παπαλυμπέρη
5	1	30	1	5	4	766	1870	57	18	91.570290	ἔτῶν
5	1	30	1	5	5	838	1869	29	18	86.850693	74.
5	1	30	1	5	6	1087	1872	5	15	52.501621	ῃ
5	1	30	1	5	7	1457	1867	2	9	0.000000	ῃ
4	1	30	1	6	0	393	2007	926	38	-1	
5	1	30	1	6	1	389	2009	28	40	48.244247	--
5	1	30	1	6	2	425	2017	56	28	0.000000	Ἀτίς
5	1	30	1	6	3	496	2016	39	23	9.187202	99
5	1	30	1	6	4	552	2014	81	19	94.341820	πέθανε
5	1	30	1	6	5	649	2013	36	19	74.424622	καὶ
5	1	30	1	6	6	700	2012	124	22	46.780334	κηδεύτηκε
5	1	30	1	6	7	836	2010	38	19	92.625862	στό
5	1	30	1	6	8	889	2008	117	23	83.512268	Γεωργίτοι
5	1	30	1	6	9	1025	2007	14	21	89.203072	ἡ
5	1	30	1	6	10	1052	2007	29	18	58.197498	Ἰ-
5	1	30	1	6	11	1122	2014	32	17	28.844612	Έε
5	1	30	1	6	12	1167	2010	152	21	57.180576	Γιαννακάκη,
4	1	30	1	7	0	1101	2077	352	28	-1	
5	1	30	1	7	1	1101	2082	95	23	92.825081	«Μίλτος
5	1	30	1	7	2	1213	2079	143	24	68.278702	Ἐουντουράς,
5	1	30	1	7	3	1376	2078	12	19	88.640900	ὁ
5	1	30	1	7	4	1417	2077	36	18	59.568630	δά-
4	1	30	1	8	0	371	2114	708	33	-1	
5	1	30	1	8	1	371	2124	96	23	0.000000	4Οήμερο
5	1	30	1	8	2	476	2121	128	24	13.544243	µνημέσυνο
5	1	30	1	8	3	616	2121	38	18	96.135635	τοῦ
5	1	30	1	8	4	667	2118	124	23	92.589279	Δημητρίου
5	1	30	1	8	5	806	2117	112	22	47.344673	Τσάγκρα,
5	1	30	1	8	6	935	2114	44	19	92.813446	ἀπό
5	1	30	1	8	7	991	2114	28	19	87.682289	τά
5	1	30	1	8	8	1033	2119	46	13	78.002708	ποι-
4	1	30	1	9	0	1103	2224	205	23	-1	
5	1	30	1	9	1	1103	2226	26	19	62.303215	Π.
5	1	30	1	9	2	1146	2226	23	18	90.864784	Δ.
5	1	30	1	9	3	1187	2224	121	23	95.656555	Πανταζής.
4	1	30	1	10	0	375	2256	719	31	-1	
5	1	30	1	10	1	375	2265	77	21	43.488777	νασίου
5	1	30	1	10	2	464	2264	25	19	74.172600	Ἡ.
5	1	30	1	10	3	500	2263	68	24	77.662994	Ῥρίθα
5	1	30	1	10	4	580	2262	27	23	77.450195	µέ
5	1	30	1	10	5	622	2261	79	23	45.867683	γενωή
5	1	30	1	10	6	714	2259	125	23	76.685890	συµµετοχή
5	1	30	1	10	7	855	2259	44	18	94.592949	τῶν
5	1	30	1	10	8	912	2256	117	19	71.798752	κατοίκων.
5	1	30	1	10	9	1091	2258	3	24	57.355186	Ι
4	1	30	1	11	0	375	2398	1093	34	-1	
5	1	30	1	11	1	375	2408	87	24	36.863785	ῥωμένο
5	1	30	1	11	2	469	2404	157	26	55.707607	᾽Δρχιερατικό
5	1	30	1	11	3	639	2403	127	24	65.693748	μνημόσυνο
5	1	30	1	11	4	781	2402	37	18	96.866943	τοῦ
5	1	30	1	11	5	835	2400	144	23	39.859234	᾽Αείμνηστου
5	1	30	1	11	6	1011	2398	73	23	59.633118	᾿Αρχι-
5	1	30	1	11	7	1103	2408	39	18	87.847900	νης
5	1	30	1	11	8	1153	2402	54	18	93.301712	ὅπου
5	1	30	1	11	9	1224	2400	96	22	85.882370	στήσαµε
5	1	30	1	11	10	1334	2399	42	20	92.448410	τήν
5	1	30	1	11	11	1391	2402	77	19	6.417961	προτοι
4	1	30	1	12	0	375	2540	1083	32	-1	
5	1	30	1	12	1	375	2551	38	19	95.846695	διά
5	1	30	1	12	2	424	2556	40	13	96.140320	του
5	1	30	1	12	3	475	2550	37	18	47.392296	καὶ
5	1	30	1	12	4	525	2548	94	24	85.887985	ἐγγόνια
5	1	30	1	12	5	635	2552	44	14	93.954300	του,
5	1	30	1	12	6	1104	2546	26	21	83.607109	µέ
5	1	30	1	12	7	1148	2542	112	25	95.564087	προσφορά
5	1	30	1	12	8	1275	2542	27	18	83.767204	ἐκ
5	1	30	1	12	9	1315	2540	77	24	20.471458	μέρους
5	1	30	1	12	10	1416	2544	42	18	95.776367	µας
4	1	30	1	13	0	376	2679	1083	36	-1	
5	1	30	1	13	1	376	2691	147	24	54.159966	Χριστόφορος
5	1	30	1	13	2	536	2689	85	23	92.513397	Ντέρος
5	1	30	1	13	3	634	2687	179	24	55.945972	οἰχογενειακῶς,
5	1	30	1	13	4	827	2685	12	18	91.496368	ὁ
5	1	30	1	13	5	856	2684	107	22	68.864822	Ἰωάννης
5	1	30	1	13	6	978	2679	122	26	82.383034	Διναρδά-
5	1	30	1	13	7	1105	2687	41	18	51.977531	τόν
5	1	30	1	13	8	1160	2690	20	13	89.535492	κ.
5	1	30	1	13	9	1201	2684	27	18	61.458988	Π.
5	1	30	1	13	10	1243	2684	23	17	89.720032	Δ.
5	1	30	1	13	11	1301	2681	110	23	71.080032	Παντοζή,
5	1	30	1	13	12	1438	2686	21	13	58.299568	κ.
2	1	31	0	0	0	1315	2717	52	5	-1	
3	1	31	1	0	0	1315	2717	52	5	-1	
4	1	31	1	1	0	1315	2717	52	5	-1	
5	1	31	1	1	1	1315	2717	52	5	95.000000	 
2	1	32	0	0	0	377	2750	1083	351	-1	
3	1	32	1	0	0	377	2750	1083	250	-1	
4	1	32	1	1	0	398	2750	1062	29	-1	
5	1	32	1	1	1	398	2770	26	6	0.000000	α-
5	1	32	1	1	2	437	2760	56	19	0.000000	Από
5	1	32	1	1	3	508	2759	69	19	93.260696	ΗΠΑ:
5	1	32	1	1	4	598	2758	25	19	83.222900	Ἡ
5	1	32	1	1	5	642	2758	19	18	49.089500	δ.
5	1	32	1	1	6	676	2755	130	24	12.900848	Ἀταυρούλα
5	1	32	1	1	7	817	2755	26	18	59.161598	Β.
5	1	32	1	1	8	858	2752	116	22	27.478371	Κελεσίδη,
5	1	32	1	1	9	990	2752	12	18	93.250282	ὁ
5	1	32	1	1	10	1014	2756	72	13	30.512680	ταχἈτι-
5	1	32	1	1	11	1106	2761	63	18	47.864754	τητος
5	1	32	1	1	12	1183	2754	39	18	93.363876	καὶ
5	1	32	1	1	13	1241	2753	27	20	95.626358	τή
5	1	32	1	1	14	1284	2751	105	24	13.521957	μαθήτρια
5	1	32	1	1	15	1422	2750	38	18	91.542404	τοῦ
4	1	32	1	2	0	377	2782	1083	38	-1	
5	1	32	1	2	1	377	2797	37	23	41.736317	κός
5	1	32	1	2	2	429	2795	131	22	39.647449	ἐπισχέπτης
5	1	32	1	2	3	573	2799	42	18	96.882690	µας
5	1	32	1	2	4	626	2792	109	23	92.625458	Γεώργιος
5	1	32	1	2	5	749	2791	27	19	91.427307	Ν.
5	1	32	1	2	6	796	2790	99	22	48.603893	Ῥασσιᾶς,
5	1	32	1	2	7	910	2788	12	19	91.059143	ὁ
5	1	32	1	2	8	953	2786	134	23	66.824699	᾿Αποστόλης
5	1	32	1	2	9	1098	2782	30	28	0.000000	-Δ.
5	1	32	1	2	10	1143	2789	118	24	60.451221	Ὡαφείδου.
5	1	32	1	2	11	1293	2786	110	23	70.459312	Κλείσαμε
5	1	32	1	2	12	1432	2785	28	24	74.012405	μέ
4	1	32	1	3	0	378	2821	1075	35	-1	
5	1	32	1	3	1	378	2832	75	20	20.786057	θαν,
5	1	32	1	3	2	468	2829	185	22	0.000000	Αντωνόπουλος,
5	1	32	1	3	3	669	2828	12	18	92.878517	ὁ
5	1	32	1	3	4	693	2827	68	29	66.714432	Νῖκος
5	1	32	1	3	5	773	2826	24	19	27.149872	Γ.
5	1	32	1	3	6	814	2825	89	22	75.257500	Κοφιᾶς,
5	1	32	1	3	7	917	2824	14	21	90.419807	ἡ
5	1	32	1	3	8	943	2824	87	23	91.679108	σύζυγος
5	1	32	1	3	9	1043	2822	45	18	29.511894	᾿Ἀ8.
5	1	32	1	3	10	1098	2821	48	24	91.285919	τόν
5	1	32	1	3	11	1163	2826	55	21	91.273064	ὕμνο
5	1	32	1	3	12	1232	2825	37	17	92.617401	τοῦ
5	1	32	1	3	13	1288	2821	165	20	71.958405	Διδασκαλείου.
4	1	32	1	4	0	380	2847	1026	42	-1	
5	1	32	1	4	1	380	2866	25	21	73.971703	Π.
5	1	32	1	4	2	423	2866	113	23	88.010612	Γιάνναρη
5	1	32	1	4	3	552	2865	27	23	85.592270	µέ
5	1	32	1	4	4	592	2864	73	23	83.403397	γνιούς
5	1	32	1	4	5	682	2862	100	20	44.141422	᾽Ανπτώνη
5	1	32	1	4	6	803	2861	37	19	51.594887	καί
5	1	32	1	4	7	858	2859	141	23	93.824722	Παναγιώτη,
5	1	32	1	4	8	1027	2847	74	39	0.000000	Κων-ί
5	1	32	1	4	9	1167	2865	105	20	91.607910	ΔΟΜΝΑ
5	1	32	1	4	10	1282	2862	124	21	63.397263	Αἄσυπη
4	1	32	1	5	0	378	2883	988	48	-1	
5	1	32	1	5	1	378	2902	107	29	46.513554	σταντίνα
5	1	32	1	5	2	501	2901	26	24	65.736244	Ν,
5	1	32	1	5	3	543	2900	91	23	40.000710	Βορίλα,
5	1	32	1	5	4	650	2900	98	27	37.700039	Χρῆστος
5	1	32	1	5	5	768	2895	133	24	50.694866	Γχκουζούλης
5	1	32	1	5	6	918	2894	27	23	77.992249	µέ
5	1	32	1	5	7	958	2894	26	20	86.217613	τή
5	1	32	1	5	8	1011	2893	63	23	67.312241	σύξυν
5	1	32	1	5	9	1098	2883	49	18	48.506081	..
5	1	32	1	5	10	1208	2899	108	24	63.486893	μαθήτριά
5	1	32	1	5	11	1328	2904	38	13	96.953911	του
4	1	32	1	6	0	377	2929	711	30	-1	
5	1	32	1	6	1	377	2943	46	16	87.811241	που,
5	1	32	1	6	2	439	2936	127	23	47.757183	Παναγ.
5	1	32	1	6	3	540	2925	27	38	47.757183	Ν.
5	1	32	1	6	4	579	2935	131	22	26.583725	ιάνναρης,
5	1	32	1	6	5	726	2932	76	23	46.820904	'Ἠλίας
5	1	32	1	6	6	819	2932	27	18	91.335327	Χ.
5	1	32	1	6	7	861	2930	103	23	80.901405	Ἐσίχλης,
5	1	32	1	6	8	979	2929	109	19	15.982277	Ῥασιλυνή
4	1	32	1	7	0	377	2964	640	36	-1	
5	1	32	1	7	1	377	2973	27	20	80.195770	Ν.
5	1	32	1	7	2	417	2972	153	28	25.487457	Νψιοθλοκάκη,
5	1	32	1	7	3	583	2969	124	24	54.807045	Συγγνώμη
5	1	32	1	7	4	720	2969	30	18	94.238213	ἄν
5	1	32	1	7	5	765	2968	41	23	92.102821	μᾶς
5	1	32	1	7	6	819	2966	91	23	95.824066	διέφυγε
5	1	32	1	7	7	920	2964	97	23	65.074234	κάποιος.
3	1	32	2	0	0	379	2994	725	107	-1	
4	1	32	2	1	0	404	2994	688	37	-1	
5	1	32	2	1	1	404	3005	147	26	67.445610	Πολυάριθµοι
5	1	32	2	1	2	566	3006	58	21	89.128105	ἦταν
5	1	32	2	1	3	639	3005	37	19	94.511215	καί
5	1	32	2	1	4	690	3004	21	19	76.571793	οἱ
5	1	32	2	1	5	729	3003	53	20	81.340286	κάθε
5	1	32	2	1	6	803	3002	70	23	93.405960	χρόνο
5	1	32	2	1	7	889	2994	203	33	23.477264	Γεωρνιτσαιανολά-
4	1	32	2	2	0	379	3032	725	35	-1	
5	1	32	2	2	1	379	3049	50	18	90.405075	τρες
5	1	32	2	2	2	444	3042	129	23	0.000000	ἐπισχέπτες
5	1	32	2	2	3	590	3041	44	19	76.985001	ἀπό
5	1	32	2	2	4	648	3040	41	21	90.399223	ὅλη
5	1	32	2	2	5	710	3039	42	21	96.383942	τήν
5	1	32	2	2	6	769	3038	95	19	95.976562	Ἑλλάδα
5	1	32	2	2	7	878	3036	40	19	93.295990	πού
5	1	32	2	2	8	934	3036	105	23	57.282047	ἕρχονται
5	1	32	2	2	9	1052	3032	52	25	92.498184	γιά
5	1	32	2	2	10	1095	3028	13	35	60.221054	{
4	1	32	2	3	0	380	3076	289	25	-1	
5	1	32	2	3	1	380	3079	26	20	93.284859	τό
5	1	32	2	3	2	419	3078	137	23	86.267235	ἁπαραίτητο
5	1	32	2	3	3	570	3076	99	25	90.720474	ὀξυγόνο.
2	1	33	0	0	0	1078	2880	41	52	-1	
3	1	33	1	0	0	1078	2880	41	52	-1	
4	1	33	1	1	0	1078	2880	41	52	-1	
5	1	33	1	1	1	1078	2880	41	52	95.000000	   
2	1	34	0	0	0	1097	2963	378	300	-1	
3	1	34	1	0	0	1097	2963	378	300	-1	
4	1	34	1	1	0	1097	2963	312	49	-1	
5	1	34	1	1	1	1097	2963	7	37	0.000000	Γ
5	1	34	1	1	2	1164	2970	100	42	0.000000	ΜΙΚΡΕ
5	1	34	1	1	3	1287	2968	122	43	17.538986	ΜΤΗΙΕ
4	1	34	1	2	0	1152	3010	323	37	-1	
5	1	34	1	2	1	1152	3026	145	20	18.613647	ΠΩΛΕΙΤΑΙ
5	1	34	1	2	2	1313	3025	37	19	92.914932	στό
5	1	34	1	2	3	1376	3010	99	37	32.965935	«κέντροί
4	1	34	1	3	0	1109	3051	355	39	-1	
5	1	34	1	3	1	1109	3064	38	22	96.516075	τῆς
5	1	34	1	3	2	1164	3051	117	39	27.183571	᾽Αλευροῦς
5	1	34	1	3	3	1295	3061	114	18	90.383133	νεόκτιστο
5	1	34	1	3	4	1433	3064	31	18	69.376694	µι-
4	1	34	1	4	0	1109	3094	355	27	-1	
5	1	34	1	4	1	1109	3098	161	23	28.270714	σοτελειωμένο
5	1	34	1	4	2	1285	3096	57	19	96.165092	σπίτι
5	1	34	1	4	3	1357	3096	25	18	89.145210	σέ
5	1	34	1	4	4	1406	3094	58	21	0.000000	χαλή
4	1	34	1	5	0	1101	3130	365	27	-1	
5	1	34	1	5	1	1101	3133	66	23	36.602058	[τιμή,
5	1	34	1	5	2	1186	3132	159	25	82.433395	Πληροφορίες
5	1	34	1	5	3	1379	3130	87	23	39.614777	Τ1ῶργφ
4	1	34	1	6	0	1110	3166	315	25	-1	
5	1	34	1	6	1	1110	3169	173	22	65.335968	Κυριακόπουλο,
5	1	34	1	6	2	1301	3166	124	24	85.970772	Γεωργίτσι.
4	1	34	1	7	0	1136	3202	330	22	-1	
5	1	34	1	7	1	1136	3204	145	20	72.080566	ΠΟΛΕΙΤΑΙ
5	1	34	1	7	2	1301	3204	12	20	40.636459	ἤ
5	1	34	1	7	3	1333	3202	133	19	16.856621	ΕΝΟΙΜΙΑ-
4	1	34	1	8	0	1111	3237	355	26	-1	
5	1	34	1	8	1	1111	3239	87	20	88.934372	ΖΕΤΑΙ
5	1	34	1	8	2	1214	3240	60	23	96.440536	στούς
5	1	34	1	8	3	1290	3240	49	21	20.952179	"Αν.
5	1	34	1	8	4	1359	3237	107	23	40.887650	᾽Αναρνύ-
2	1	35	0	0	0	1200	2947	155	7	-1	
3	1	35	1	0	0	1200	2947	155	7	-1	
4	1	35	1	1	0	1200	2947	155	7	-1	
5	1	35	1	1	1	1200	2947	155	7	95.000000	 
2	1	36	0	0	0	388	3123	696	18	-1	
3	1	36	1	0	0	388	3123	696	18	-1	
4	1	36	1	1	0	388	3123	696	18	-1	
5	1	36	1	1	1	388	3123	696	18	0.000000	μωρο
5	1	36	1	1	2	626	3115	66	30	17.366653	νο
5	1	36	1	1	3	784	3123	300	18	0.000000	Ἱ-.ϱᾷᾷϐὐ0ὐµμ-
2	1	37	0	0	0	427	3148	1050	253	-1	
3	1	37	1	0	0	427	3148	1050	253	-1	
4	1	37	1	1	0	555	3148	375	29	-1	
5	1	37	1	1	1	555	3152	221	25	0.000000	ΕΡΑΚΡΤΑ
5	1	37	1	1	2	798	3148	132	25	39.777214	ΡΑΤά
4	1	37	1	2	0	453	3194	572	31	-1	
5	1	37	1	2	1	453	3199	214	26	14.174576	ΕΟΜΡύΤΕΕΣ
5	1	37	1	2	2	684	3213	8	4	90.741173	-
5	1	37	1	2	3	706	3194	319	27	90.285271	ΜΗΧΑΝΟΡΓΑΝΩΣΗ
4	1	37	1	3	0	582	3238	324	27	-1	
5	1	37	1	3	1	582	3238	324	27	0.000000	ΏἘΦΑΡΜΟΤΕΣ
4	1	37	1	4	0	514	3272	953	53	-1	
5	1	37	1	4	1	514	3276	259	49	40.617352	ΔΗΜΗΤΡΙΟΣ
5	1	37	1	4	2	804	3281	164	40	0.000000	ΣΙΓΛΛΗΣ
5	1	37	1	4	3	1112	3282	48	36	0.000000	ρους
5	1	37	1	4	4	1178	3275	120	41	77.321823	Γεωρνίτοι
5	1	37	1	4	5	1311	3274	91	41	0.000000	αλονοα
5	1	37	1	4	6	1431	3272	36	19	36.644508	0)
4	1	37	1	5	0	470	3308	996	61	-1	
5	1	37	1	5	1	470	3334	183	35	34.873497	ΛΟΤΙΣΤΗΣ
5	1	37	1	5	2	670	3348	7	3	84.612762	-
5	1	37	1	5	3	696	3330	308	26	42.577747	ΟΙΚΟΝΟΜΟΛΟΤΟΣ
5	1	37	1	5	4	1101	3316	150	50	3.581535	λος
5	1	37	1	5	5	1334	3304	24	69	49.105179	Ἡν
5	1	37	1	5	6	1397	3308	69	53	0.000000	Ἑκλοθα
4	1	37	1	6	0	427	3345	1050	56	-1	
5	1	37	1	6	1	427	3377	84	24	77.971970	ΚΩΝ.
5	1	37	1	6	2	525	3374	258	27	60.580261	ΠΑΛΑΙΟΛΟΓΟΥ
5	1	37	1	6	3	799	3374	40	22	76.669609	16
5	1	37	1	6	4	852	3383	24	4	76.669609	--
5	1	37	1	6	5	891	3373	48	28	92.398865	Ίος
5	1	37	1	6	6	954	3372	97	29	57.857788	ὄροφος
5	1	37	1	6	7	1102	3353	50	16	0.000000	ἵνα
5	1	37	1	6	8	1248	3352	11	17	33.225700	ο
5	1	37	1	6	9	1263	3351	58	18	36.427723	αγ.
5	1	37	1	6	10	1375	3345	102	25	6.535553	Ἀπμήερι)
2	1	38	0	0	0	468	3374	1010	73	-1	
3	1	38	1	0	0	468	3374	1010	73	-1	
4	1	38	1	1	0	1111	3374	366	39	-1	
5	1	38	1	1	1	1111	3382	126	24	76.088295	Στριγγάρη
5	1	38	1	1	2	1250	3382	12	18	57.318085	5
5	1	38	1	1	3	1287	3381	53	22	17.590485	"Αγ.
5	1	38	1	1	4	1359	3374	104	39	15.682152	Δημήτρι»
5	1	38	1	1	5	1475	3398	2	11	49.232349	|
4	1	38	1	2	0	468	3414	1010	33	-1	
5	1	38	1	2	1	468	3425	3	3	0.000000	Ἐ
5	1	38	1	2	2	516	3423	146	24	0.000000	ΣΠΑΡΤΗ
5	1	38	1	2	3	672	3434	25	4	44.922913	--
5	1	38	1	2	4	709	3422	127	23	48.649124	ΤΗΛΕΦ.
5	1	38	1	2	5	852	3420	120	24	53.576324	94.607
5	1	38	1	2	6	1111	3424	23	19	93.105591	ος
5	1	38	1	2	7	1147	3418	48	22	93.105591	τηλ.
5	1	38	1	2	8	1211	3416	89	20	76.201111	3619385.
5	1	38	1	2	9	1474	3414	4	13	17.493317	ι
2	1	39	0	0	0	1460	2080	23	1317	-1	
3	1	39	1	0	0	1460	2080	23	1317	-1	
4	1	39	1	1	0	1460	2080	23	1317	-1	
5	1	39	1	1	1	1460	2080	23	1317	95.000000	 
2	1	40	0	0	0	1098	3055	10	392	-1	
3	1	40	1	0	0	1098	3055	10	392	-1	
4	1	40	1	1	0	1098	3055	10	392	-1	
5	1	40	1	1	1	1098	3055	10	392	95.000000	 
2	1	41	0	0	0	1449	230	712	215	-1	
3	1	41	1	0	0	1449	230	712	215	-1	
4	1	41	1	1	0	1449	230	712	215	-1	
5	1	41	1	1	1	1449	230	712	215	95.000000	 
2	1	42	0	0	0	1101	915	1073	47	-1	
3	1	42	1	0	0	1101	915	1073	47	-1	
4	1	42	1	1	0	1101	915	1073	47	-1	
5	1	42	1	1	1	1101	959	17	3	27.059868	ο
5	1	42	1	1	2	1186	939	158	21	47.896561	ΤΗΛΕΦΩΝΟ
5	1	42	1	1	3	1359	938	32	18	62.310875	191
5	1	42	1	1	4	1452	953	5	6	0.000000	Ἁᾖ|.
5	1	42	1	1	5	1469	932	109	28	53.739620	ράλληλα
5	1	42	1	1	6	1592	931	54	27	96.770508	ἔχει
5	1	42	1	1	7	1661	929	42	21	95.448410	καί
5	1	42	1	1	8	1722	927	104	27	87.545288	ἰατρεῖο,
5	1	42	1	1	9	1843	925	57	26	61.852207	ὁδός
5	1	42	1	1	10	1918	922	126	28	13.302856	Ἡρασίδου
5	1	42	1	1	11	2061	921	43	21	90.138039	καί
5	1	42	1	1	12	2122	915	52	35	10.461548	1α-
2	1	43	0	0	0	1471	2701	909	30	-1	
3	1	43	1	0	0	1471	2701	909	30	-1	
4	1	43	1	1	0	1471	2701	909	30	-1	
5	1	43	1	1	1	1471	2714	58	17	0.420517	|--νιαί
5	1	43	1	1	2	1538	2713	117	18	32.855240	ξιπέκτησε
5	1	43	1	1	3	1667	2709	168	20	77.728149	πέντε-παιδιά:
5	1	43	1	1	4	1850	2708	42	20	25.808548	Τήν
5	1	43	1	1	5	1900	2697	84	38	25.808548	 Ἑλένπ
5	1	43	1	1	6	1999	2705	76	22	36.446373	ούζυνο
5	1	43	1	1	7	2088	2701	125	23	40.882763	Παναγιώ-
5	1	43	1	1	8	2220	2705	131	24	27.689888	Τκευζούκη
2	1	44	0	0	0	2170	218	333	104	-1	
3	1	44	1	0	0	2170	218	333	104	-1	
4	1	44	1	1	0	2170	218	331	53	-1	
5	1	44	1	1	1	2170	218	9	53	69.985634	[
5	1	44	1	1	2	2223	225	67	22	92.263290	ΝΕΟ
5	1	44	1	1	3	2306	223	115	22	90.366608	ΒΙΒΛΙΟ
5	1	44	1	1	4	2439	211	62	44	95.928421	ΤΗΣ
4	1	44	1	2	0	2177	272	326	50	-1	
5	1	44	1	2	1	2177	272	3	50	72.463791	|
5	1	44	1	2	2	2226	279	18	21	69.542931	Ι.
5	1	44	1	2	3	2269	275	234	24	91.702698	ΜΗΤΡΟΠΟΛΕΩΣ
2	1	45	0	0	0	2332	338	81	6	-1	
3	1	45	1	0	0	2332	338	81	6	-1	
4	1	45	1	1	0	2332	338	81	6	-1	
5	1	45	1	1	1	2332	338	81	6	95.000000	 
2	1	46	0	0	0	2177	323	363	101	-1	
3	1	46	1	0	0	2177	323	363	101	-1	
4	1	46	1	1	0	2177	323	363	69	-1	
5	1	46	1	1	1	2177	323	4	69	79.658691	|
5	1	46	1	1	2	2210	366	42	18	83.737061	Καΐ
5	1	46	1	1	3	2267	365	40	18	93.273300	νέο
5	1	46	1	1	4	2321	364	71	18	78.185623	θιθλίο
5	1	46	1	1	5	2405	364	45	18	93.008644	τῶν
5	1	46	1	1	6	2462	362	78	19	3.518616	ἐχδόσε
4	1	46	1	2	0	2179	398	361	26	-1	
5	1	46	1	2	1	2179	399	38	21	67.953613	ων
5	1	46	1	2	2	2230	402	38	22	93.288452	τῆς
5	1	46	1	2	3	2282	401	17	17	68.241234	Ἱ.
5	1	46	1	2	4	2316	398	163	24	91.206932	Μητροπόλεώς
5	1	46	1	2	5	2494	402	46	19	92.239479	µας,
2	1	47	0	0	0	1462	433	1081	59	-1	
3	1	47	1	0	0	1462	433	1081	59	-1	
4	1	47	1	1	0	1646	433	896	40	-1	
5	1	47	1	1	1	1646	466	6	7	0.000000	,
5	1	47	1	1	2	1902	462	5	7	0.000000	,
5	1	47	1	1	3	2109	459	12	6	0.000000	μ
5	1	47	1	1	4	2179	436	161	24	27.776886	Γνυκλοφόρησε
5	1	47	1	1	5	2356	435	26	23	51.205605	μέ
5	1	47	1	1	6	2400	435	61	18	91.706177	τίτλο
5	1	47	1	1	7	2479	433	63	19	90.784683	«ΠΑ-
4	1	47	1	2	0	1462	441	1081	51	-1	
5	1	47	1	2	1	1462	481	23	3	33.523163	--
5	1	47	1	2	2	1504	468	36	22	40.098377	Ἡ
5	1	47	1	2	3	1554	468	22	22	59.435486	ὃδ.
5	1	47	1	2	4	1592	466	94	23	50.641323	Γιούλα
5	1	47	1	2	5	1699	465	83	21	63.917477	Δεων.
5	1	47	1	2	6	1802	460	200	30	88.678360	Γεωργόπουλου
5	1	47	1	2	7	2015	465	155	22	64.997551	πτυχιοῦχος
5	1	47	1	2	8	2188	471	145	21	63.311253	ΡΑΔΕΙΣΟΥ
5	1	47	1	2	9	2364	471	66	18	4.486130	ΚΙ
5	1	47	1	2	10	2439	441	104	47	0.000000	ΤΟΡΕΣ
2	1	48	0	0	0	1462	490	710	268	-1	
3	1	48	1	0	0	1462	490	710	150	-1	
4	1	48	1	1	0	1463	490	705	40	-1	
5	1	48	1	1	1	1463	504	136	26	16.863739	Ταντείου,
5	1	48	1	1	2	1618	501	94	28	91.813629	ἀνεψιά
5	1	48	1	1	3	1724	501	44	21	93.288322	τοῦ
5	1	48	1	1	4	1788	498	106	29	72.770782	ἑμπόρου
5	1	48	1	1	5	1909	497	67	22	66.023994	Ίαν.
5	1	48	1	1	6	1998	495	34	22	88.032402	Η.
5	1	48	1	1	7	2064	490	104	36	50.065556	Βύόνιου,
4	1	48	1	2	0	1462	528	706	40	-1	
5	1	48	1	2	1	1462	540	94	28	96.763420	πέτυχε
5	1	48	1	2	2	1571	539	27	21	94.117020	σέ
5	1	48	1	2	3	1612	536	152	29	29.286079	διαγωνισμό
5	1	48	1	2	4	1782	534	43	22	39.570732	καὶ
5	1	48	1	2	5	1838	533	142	28	17.660019	διορύστησοε
5	1	48	1	2	6	1999	530	61	28	95.923279	στήν
5	1	48	1	2	7	2074	529	32	22	89.053307	Α΄
5	1	48	1	2	8	2124	528	44	22	29.839066	"Ε-
4	1	48	1	3	0	1466	565	706	39	-1	
5	1	48	1	3	1	1466	576	78	28	57.817474	Φορία
5	1	48	1	3	2	1555	573	149	29	93.287537	Κεφαλαίου
5	1	48	1	3	3	1722	571	6	11	22.828560	᾿
5	1	48	1	3	4	1732	570	116	28	22.828560	Αθηνῶν.
5	1	48	1	3	5	1867	568	69	28	90.572250	Στήν
5	1	48	1	3	6	1950	566	52	23	96.875084	ἴδια
5	1	48	1	3	7	2021	566	43	22	84.824226	κα
5	1	48	1	3	8	2096	565	76	27	96.487350	στούς
4	1	48	1	4	0	1466	605	446	35	-1	
5	1	48	1	4	1	1466	613	84	27	89.265572	γονεῖς
5	1	48	1	4	2	1563	618	46	20	95.799767	της
5	1	48	1	4	3	1622	607	78	29	50.509590	θερμά
5	1	48	1	4	4	1715	605	197	30	75.358932	συγχαρητήρια:
3	1	48	2	0	0	1464	648	706	110	-1	
4	1	48	2	1	0	1464	648	705	36	-1	
5	1	48	2	1	1	1464	669	23	5	0.000000	ο
5	1	48	2	1	2	1505	658	34	23	56.699711	Ὁ
5	1	48	2	1	3	1553	667	25	13	91.057129	κ.
5	1	48	2	1	4	1594	657	92	27	10.063942	"Ηλίας
5	1	48	2	1	5	1701	653	142	30	89.673088	Δημητρίου
5	1	48	2	1	6	1861	650	180	28	76.424866	Γιαννακάνης
5	1	48	2	1	7	2055	648	114	29	79.144516	προήχθή
4	1	48	2	2	0	1466	679	704	43	-1	
5	1	48	2	2	1	1466	695	112	27	92.317657	ἐπαξίως
5	1	48	2	2	2	1597	693	38	28	72.668854	εἲς
5	1	48	2	2	3	1650	690	180	29	52.500542	᾿Αρχιφύλακα
5	1	48	2	2	4	1845	690	48	26	88.528481	τῆς
5	1	48	2	2	5	1909	686	154	28	10.858238	"Ελληνωῆς
5	1	48	2	2	6	2082	679	88	37	0.000000	"Αστυ-
4	1	48	2	3	0	1466	721	642	37	-1	
5	1	48	2	3	1	1466	731	95	27	84.619019	νοµίας.
5	1	48	2	3	2	1577	728	85	29	39.477039	Θερμά
5	1	48	2	3	3	1670	725	192	30	95.815689	συγχαρητήρια
5	1	48	2	3	4	1875	724	43	22	84.608269	καί
5	1	48	2	3	5	1933	722	38	27	93.297791	εἰς
5	1	48	2	3	6	1987	721	121	28	90.974617	ἀνώτερα.
2	1	49	0	0	0	2180	496	368	353	-1	
3	1	49	1	0	0	2180	496	368	353	-1	
4	1	49	1	1	0	2180	496	363	34	-1	
5	1	49	1	1	1	2180	496	45	32	39.661560	καί
5	1	49	1	1	2	2247	508	47	22	93.286522	ἔχει
5	1	49	1	1	3	2311	507	81	23	92.030479	γραφεῖ
5	1	49	1	1	4	2408	505	43	19	93.300751	ἀπό
5	1	49	1	1	5	2467	504	76	20	74.881432	ποινοῦ
4	1	49	1	2	0	2189	540	354	24	-1	
5	1	49	1	2	1	2189	544	42	18	90.720383	ἀπό
5	1	49	1	2	2	2244	543	40	19	93.294189	τόν
5	1	49	1	2	3	2295	541	143	23	83.235153	Ἱεροχήρυνα
5	1	49	1	2	4	2453	541	37	21	96.368561	τῆς
5	1	49	1	2	5	2504	540	39	20	84.064667	Μη
4	1	49	1	3	0	2181	575	363	32	-1	
5	1	49	1	3	1	2181	579	129	28	56.113663	τροπόλεως
5	1	49	1	3	2	2343	577	37	19	45.960011	καὶ
5	1	49	1	3	3	2410	575	134	23	77.094017	χαθηγούµε-
4	1	49	1	4	0	2181	608	364	32	-1	
5	1	49	1	4	1	2181	608	48	32	10.836372	νου
5	1	49	1	4	2	2244	616	37	22	92.376274	τῆς
5	1	49	1	4	3	2311	613	71	23	49.350647	Ἱερᾶς
5	1	49	1	4	4	2395	612	78	22	91.106094	Μονῆς
5	1	49	1	4	5	2500	611	45	18	93.403259	τῶν
4	1	49	1	5	0	2191	648	354	26	-1	
5	1	49	1	5	1	2191	651	82	23	83.200714	᾽Ἁγίων
5	1	49	1	5	2	2292	648	173	22	35.721870	Τεσσαράλοντα
5	1	49	1	5	3	2480	664	2	2	74.542328	,
5	1	49	1	5	4	2506	651	39	13	83.635887	πα-
4	1	49	1	6	0	2191	681	355	28	-1	
5	1	49	1	6	1	2191	692	38	14	49.900669	νεσ
5	1	49	1	6	2	2242	686	75	23	87.947914	ἀρχιμ.
5	1	49	1	6	3	2330	690	21	14	93.232513	κ.
5	1	49	1	6	4	2364	683	124	23	89.009232	Παρθένιον
5	1	49	1	6	5	2503	681	43	19	47.805195	Δώ-
4	1	49	1	7	0	2191	717	355	29	-1	
5	1	49	1	7	1	2191	723	56	23	8.231194	ρίζα.
5	1	49	1	7	2	2261	721	37	19	57.258171	καί
5	1	49	1	7	3	2315	720	43	18	95.891701	ἀπό
5	1	49	1	7	4	2371	719	40	18	91.134468	τόν
5	1	49	1	7	5	2425	717	121	24	91.518211	ἐφημέριον
4	1	49	1	8	0	2191	752	356	27	-1	
5	1	49	1	8	1	2191	759	38	18	89.597183	τοῦ
5	1	49	1	8	2	2249	757	69	22	86.096237	Ἱεροῦ
5	1	49	1	8	3	2330	755	61	19	89.694916	Ναοῦ
5	1	49	1	8	4	2407	754	47	23	15.220497	“Αγ.
5	1	49	1	8	5	2469	752	78	23	32.453674	Ἠπυρί-
4	1	49	1	9	0	2193	789	354	27	-1	
5	1	49	1	9	1	2193	795	67	21	91.339081	δωνος
5	1	49	1	9	2	2277	791	101	23	67.194092	Σπάρτης
5	1	49	1	9	3	2396	789	151	22	71.274467	αἰδεσιμολονι
4	1	49	1	10	0	2328	824	220	25	-1	
5	1	49	1	10	1	2328	824	220	25	86.744087	πρωτοπρεσόύτερον
2	1	50	0	0	0	1467	767	706	35	-1	
3	1	50	1	0	0	1467	767	706	35	-1	
4	1	50	1	1	0	1467	767	706	35	-1	
5	1	50	1	1	1	1467	789	23	3	13.766479	--
5	1	50	1	1	2	1505	777	33	23	42.041298	10
5	1	50	1	1	3	1552	777	87	23	0.000000	Παπά.
5	1	50	1	1	4	1649	763	123	43	0.000000	Εὐθύμιος
5	1	50	1	1	5	1784	769	202	27	93.301323	Παπαδόπουλος
5	1	50	1	1	6	1999	767	119	30	83.922142	µετετέθη
5	1	50	1	1	7	2149	767	24	21	81.908821	ᾱ-
2	1	51	0	0	0	1467	807	504	34	-1	
3	1	51	1	0	0	1467	807	504	34	-1	
4	1	51	1	1	0	1467	807	504	34	-1	
5	1	51	1	1	1	1467	813	32	23	94.701561	πό
5	1	51	1	1	2	1517	813	63	28	77.381531	"Αγ.
5	1	51	1	1	3	1597	810	140	28	83.656288	Κωνστ)νο
5	1	51	1	1	4	1747	809	63	28	93.173653	στήν
5	1	51	1	1	5	1826	808	6	10	47.764999	᾽
5	1	51	1	1	6	1835	807	136	29	91.794258	Αγόριανη.
2	1	52	0	0	0	2194	829	356	203	-1	
3	1	52	1	0	0	2194	829	359	194	-1	
4	1	52	1	1	0	2194	829	85	19	-1	
5	1	52	1	1	1	2194	829	85	19	67.795998	ὥτατον
4	1	52	1	2	0	2195	859	354	27	-1	
5	1	52	1	2	1	2195	871	19	13	91.471405	κ.
5	1	52	1	2	2	2232	862	150	24	84.563385	Παναγιώτην
5	1	52	1	2	3	2397	861	105	19	83.903656	Ῥούτσην,
5	1	52	1	2	4	2517	859	32	17	95.861427	Φε
4	1	52	1	3	0	2195	895	355	27	-1	
5	1	52	1	3	1	2195	900	83	22	11.483246	Φλόγον
5	1	52	1	3	2	2297	909	7	3	83.490921	-
5	1	52	1	3	3	2322	897	133	21	83.490921	Φιλόλογον,
5	1	52	1	3	4	2473	895	77	21	44.512768	προλο-
4	1	52	1	4	0	2196	929	354	28	-1	
5	1	52	1	4	1	2196	934	82	23	35.942329	γίξεται
5	1	52	1	4	2	2294	933	35	18	74.101555	δέ
5	1	52	1	4	3	2338	931	43	19	93.300217	ἀπό
5	1	52	1	4	4	2394	930	41	18	81.970123	τέν
5	1	52	1	4	5	2448	929	102	22	71.863304	Σεθ)τον
4	1	52	1	5	0	2195	963	355	27	-1	
5	1	52	1	5	1	2195	967	173	23	71.369789	Μητροπολίτην
5	1	52	1	5	2	2384	971	40	17	92.896103	µας
5	1	52	1	5	3	2439	965	48	17	45.939949	Γον
5	1	52	1	5	4	2503	963	47	19	79.808205	ΕΥ-
4	1	52	1	6	0	2196	995	139	37	-1	
5	1	52	1	6	1	2196	995	139	37	84.232033	ΣΤΑΦΙΟΝ.
5	1	52	1	6	2	2540	993	13	28	0.000000	.
2	1	53	0	0	0	2197	1047	357	163	-1	
3	1	53	1	0	0	2197	1047	357	163	-1	
4	1	53	1	1	0	2220	1047	332	26	-1	
5	1	53	1	1	1	2220	1049	118	24	78.190796	Ἐραμμένο
5	1	53	1	1	2	2354	1048	25	19	81.248711	σέ
5	1	53	1	1	3	2394	1047	85	23	74.067490	ὅμορφη
5	1	53	1	1	4	2496	1047	56	20	13.965492	δημὸ
4	1	53	1	2	0	2197	1081	355	27	-1	
5	1	53	1	2	1	2197	1086	49	20	13.365181	τυιή
5	1	53	1	2	2	2264	1085	87	23	86.277817	γλώσσα
5	1	53	1	2	3	2371	1083	105	19	86.608246	ἀποτελεῖ
5	1	53	1	2	4	2491	1081	61	19	0.000000	ἕλην-
4	1	53	1	3	0	2197	1115	356	27	-1	
5	1	53	1	3	1	2197	1121	61	19	17.096481	στιό
5	1	53	1	3	2	2273	1120	37	19	57.481731	καὶ
5	1	53	1	3	3	2328	1119	98	23	91.905037	ὠφέλιμο
5	1	53	1	3	4	2451	1115	102	24	90.414124	ἀνάννω-
4	1	53	1	4	0	2199	1150	354	30	-1	
5	1	53	1	4	1	2199	1163	41	17	85.785461	σµα
5	1	53	1	4	2	2257	1157	57	23	96.393875	γύρω
5	1	53	1	4	3	2331	1154	43	19	94.430145	ἀπό
5	1	53	1	4	4	2387	1153	27	21	33.644257	τή
5	1	53	1	4	5	2445	1151	43	25	95.602013	ζωή
5	1	53	1	4	6	2516	1150	37	20	91.979103	καί
4	1	53	1	5	0	2471	1187	83	23	-1	
5	1	53	1	5	1	2471	1187	83	23	83.564270	Ἁγίων
2	1	54	0	0	0	1469	850	706	74	-1	
3	1	54	1	0	0	1469	850	706	74	-1	
4	1	54	1	1	0	1469	850	705	36	-1	
5	1	54	1	1	1	1469	852	23	23	0.000000	--
5	1	54	1	1	2	1504	861	33	22	24.103691	ΤὉ
5	1	54	1	1	3	1548	858	184	28	76.944748	᾿Ανθυπίατρος
5	1	54	1	1	4	1746	856	88	22	75.112465	᾿Αθαν.
5	1	54	1	1	5	1847	855	30	21	78.335144	Τ.
5	1	54	1	1	6	1895	852	153	29	67.109253	᾿Αρθανίτης
5	1	54	1	1	7	2059	850	115	28	91.783875	προήχθη
4	1	54	1	2	0	1469	887	706	37	-1	
5	1	54	1	2	1	1469	896	38	28	93.300644	εἰς
5	1	54	1	2	2	1515	896	107	27	83.816360	ὑπίατρο
5	1	54	1	2	3	1633	894	42	21	40.736649	καί
5	1	54	1	2	4	1686	893	120	27	64.809387	ὑπηρετεῖ
5	1	54	1	2	5	1818	891	43	21	96.613113	στό
5	1	54	1	2	6	1874	887	102	25	16.128571	ΚΕΕΙΜ.
5	1	54	1	2	7	1987	887	129	27	90.402969	Σπάρτης,
5	1	54	1	2	8	2131	893	44	14	53.853092	σία-
2	1	55	0	0	0	1470	967	721	225	-1	
3	1	55	1	0	0	1470	967	138	27	-1	
4	1	55	1	1	0	1470	967	138	27	-1	
5	1	55	1	1	1	1470	967	138	27	65.161224	λαιολόγου.
3	1	55	2	0	0	1470	1001	703	37	-1	
4	1	55	2	1	0	1470	1001	703	37	-1	
5	1	55	2	1	1	1470	1025	22	4	28.757111	-
5	1	55	2	1	2	1505	1013	61	23	83.128403	ΠΙΑ
5	1	55	2	1	3	1584	1011	90	27	76.847710	ΤΙΑΞΊ,
5	1	55	2	1	4	1695	1010	187	28	90.862717	τηλεφωνεῖοτε
5	1	55	2	1	5	1900	1006	43	22	95.457542	στό
5	1	55	2	1	6	1963	1003	107	23	92.136375	61368
5	1	55	2	1	7	2101	1001	72	23	93.532104	Κων.
3	1	55	3	0	0	1472	1032	704	40	-1	
4	1	55	3	1	0	1472	1032	704	40	-1	
5	1	55	3	1	1	1472	1046	249	26	75.947350	Παπαθανασόπουλο
5	1	55	3	1	2	1740	1045	42	21	94.595169	καί
5	1	55	3	1	3	1797	1043	31	23	92.049057	θά
5	1	55	3	1	4	1843	1043	71	27	90.895203	ἔχετε
5	1	55	3	1	5	1947	1041	77	27	89.054054	ἄμεση
5	1	55	3	1	6	2059	1032	117	37	9.788681	ἑξυσιηρέ-
3	1	55	4	0	0	1472	1071	719	121	-1	
4	1	55	4	1	0	1479	1071	712	42	-1	
5	1	55	4	1	1	1479	1093	72	20	87.193665	τηση.
5	1	55	4	1	2	1874	1102	6	8	0.000000	ε
5	1	55	4	1	3	2188	1071	3	9	0.000000	[
4	1	55	4	2	0	1472	1105	706	46	-1	
5	1	55	4	2	1	1472	1138	22	3	69.620079	--
5	1	55	4	2	2	1512	1126	50	23	94.601891	Στό
5	1	55	4	2	3	1576	1125	145	26	7.524200	κατάστημα
5	1	55	4	2	4	1736	1121	87	23	68.094330	᾿Αθαν.
5	1	55	4	2	5	1834	1115	30	27	80.372345	1.
5	1	55	4	2	6	1876	1105	96	46	0.000000	Δήμου
5	1	55	4	2	7	1988	1117	31	22	93.298660	θά
5	1	55	4	2	8	2035	1115	82	28	91.110100	ἐρεῖτε
5	1	55	4	2	9	2129	1114	49	27	0.000000	ὅτι
4	1	55	4	3	0	1474	1152	479	40	-1	
5	1	55	4	3	1	1474	1162	95	30	89.664307	χωράει
5	1	55	4	3	2	1582	1161	14	21	35.692642	ὃ
5	1	55	4	3	3	1607	1161	61	26	91.473297	νοῦς
5	1	55	4	3	4	1679	1166	46	20	96.409424	σας
5	1	55	4	3	5	1739	1157	27	23	79.622200	σέ
5	1	55	4	3	6	1783	1155	78	29	72.919327	καλές
5	1	55	4	3	7	1874	1152	79	31	48.991848	ἔιμές.
2	1	56	0	0	0	1826	1086	48	43	-1	
3	1	56	1	0	0	1826	1086	48	43	-1	
4	1	56	1	1	0	1826	1086	48	43	-1	
5	1	56	1	1	1	1826	1086	48	43	95.000000	  
2	1	57	0	0	0	2200	1190	236	24	-1	
3	1	57	1	0	0	2200	1190	236	24	-1	
4	1	57	1	1	0	2200	1190	236	24	-1	
5	1	57	1	1	1	2200	1193	42	21	95.654633	τήν
5	1	57	1	1	2	2259	1190	99	20	54.207081	πολιτεία
5	1	57	1	1	3	2391	1190	45	18	76.833389	τῶν
2	1	58	0	0	0	1474	1199	725	340	-1	
3	1	58	1	0	0	1474	1199	708	147	-1	
4	1	58	1	1	0	1474	1199	705	39	-1	
5	1	58	1	1	1	1474	1221	22	4	58.279057	--
5	1	58	1	1	2	1516	1209	68	29	71.800125	Στήν
5	1	58	1	1	3	1601	1206	127	30	92.090965	Κεντρική
5	1	58	1	1	4	1745	1205	114	23	83.540413	Πλατεῖα
5	1	58	1	1	5	1874	1203	83	26	78.189545	ἄνοιξε
5	1	58	1	1	6	1976	1200	54	23	93.297897	Νέο
5	1	58	1	1	7	2048	1199	131	27	29.919067	Καφενεῖο
4	1	58	1	2	0	1476	1234	705	40	-1	
5	1	58	1	2	1	1476	1247	13	22	39.538845	ὁ
5	1	58	1	2	2	1501	1247	111	27	93.297981	Γιάννης
5	1	58	1	2	3	1623	1245	33	22	63.132320	Κ.
5	1	58	1	2	4	1672	1243	126	26	84.773170	Γκλέκας,
5	1	58	1	2	5	1817	1240	46	22	93.291878	στά
5	1	58	1	2	6	1879	1239	115	29	91.223724	ἐγκαίνια
5	1	58	1	2	7	2007	1236	69	28	92.473335	ἔγινε
5	1	58	1	2	8	2089	1234	92	28	88.540878	µεγάλο
4	1	58	1	3	0	1478	1269	704	43	-1	
5	1	58	1	3	1	1478	1282	90	30	92.378075	γλέντι.
5	1	58	1	3	2	1588	1281	30	23	62.318108	Ὁ
5	1	58	1	3	3	1638	1281	30	21	90.416397	Ν.
5	1	58	1	3	4	1685	1279	136	28	86.275085	Τοερωτᾶς
5	1	58	1	3	5	1834	1277	67	27	39.538464	σπῆγε
5	1	58	1	3	6	1931	1273	117	23	90.779068	ἀπέναντι
5	1	58	1	3	7	2080	1270	48	22	19.523376	ἀπό
5	1	58	1	3	8	2153	1269	29	23	80.480698	τό
4	1	58	1	4	0	1485	1317	180	29	-1	
5	1	58	1	4	1	1485	1317	180	29	54.588436	Ταχυδρομεῖο.
3	1	58	2	0	0	1476	1355	723	179	-1	
4	1	58	2	1	0	1476	1355	706	32	-1	
5	1	58	2	1	1	1476	1376	24	4	31.226891	-
5	1	58	2	1	2	1515	1364	87	23	76.084877	ΝΕΟΙ
5	1	58	2	1	3	1621	1361	189	24	92.127930	ΦΟΙΤΗΤΕΣ:
5	1	58	2	1	4	1833	1359	35	23	75.365265	“Ἡ
5	1	58	2	1	5	1881	1359	22	22	90.621346	δ.
5	1	58	2	1	6	1922	1357	101	28	37.145039	Μαρίλη
5	1	58	2	1	7	2038	1355	25	22	82.466156	1.
5	1	58	2	1	8	2079	1355	103	27	19.646500	ΧἈριστο-
4	1	58	2	2	0	1478	1389	706	38	-1	
5	1	58	2	2	1	1478	1401	93	23	82.812935	πούλον
5	1	58	2	2	2	1585	1398	135	29	0.000000	ἃρ-στούχα
5	1	58	2	2	3	1737	1399	42	21	93.293961	τοῦ
5	1	58	2	2	4	1794	1395	162	29	63.425331	᾿Αροακείου,
5	1	58	2	2	5	1971	1391	106	29	92.660103	εἰσήχθη
5	1	58	2	2	6	2092	1389	31	29	86.412926	µέ
5	1	58	2	2	7	2134	1390	50	28	91.593819	ἄρι-
4	1	58	2	3	0	1479	1425	703	37	-1	
5	1	58	2	3	1	1479	1443	47	16	37.696404	στα
5	1	58	2	3	2	1541	1436	43	21	93.159088	στό
5	1	58	2	3	3	1602	1434	170	28	18.342789	ΤΠολυτεχνεῖο
5	1	58	2	3	4	1791	1431	125	28	57.399628	᾿Αθηνῶν,
5	1	58	2	3	5	1931	1428	99	28	93.276955	Χημεία
5	1	58	2	3	6	2049	1441	7	3	92.418716	-
5	1	58	2	3	7	2073	1425	109	27	92.149406	Φυσική,
4	1	58	2	4	0	1479	1460	703	39	-1	
5	1	58	2	4	1	1479	1473	65	21	90.534172	εἶναι
5	1	58	2	4	2	1555	1471	16	28	61.654408	ἡ
5	1	58	2	4	3	1588	1469	145	30	92.282028	ἀγαπημένη
5	1	58	2	4	4	1747	1467	138	29	92.773865	ἐγγονούλα
5	1	58	2	4	5	1895	1467	43	21	97.013817	τοῦ
5	1	58	2	4	6	1953	1464	125	27	75.422333	συντάκτη
5	1	58	2	4	7	2088	1470	49	20	95.706787	µας
5	1	58	2	4	8	2148	1460	34	23	71.619606	Κ.
4	1	58	2	5	0	1481	1502	718	37	-1	
5	1	58	2	5	1	1481	1502	171	37	13.283203	Γιαννακάκη.
5	1	58	2	5	2	2195	1514	4	18	0.000000	'
2	1	59	0	0	0	2199	1223	359	279	-1	
3	1	59	1	0	0	2199	1223	359	279	-1	
4	1	59	1	1	0	2199	1223	355	30	-1	
5	1	59	1	1	1	2199	1231	37	22	96.591911	τῆς
5	1	59	1	1	2	2256	1226	130	23	76.934464	Ἐκκλησίας
5	1	59	1	1	3	2398	1230	46	18	94.874916	µας,
5	1	59	1	1	4	2461	1224	21	18	93.254166	οἱ
5	1	59	1	1	5	2497	1223	57	19	86.923508	ὁποῖ-
4	1	59	1	2	0	2200	1258	354	30	-1	
5	1	59	1	2	1	2200	1272	20	13	62.612556	οἱ
5	1	59	1	2	2	2233	1264	29	24	78.250610	µέ
5	1	59	1	2	3	2277	1263	47	23	93.217644	τούς
5	1	59	1	2	4	2342	1262	86	22	92.256310	ἀγῶνες
5	1	59	1	2	5	2442	1265	48	17	93.853249	τους
5	1	59	1	2	6	2517	1258	37	20	65.757484	καί
4	1	59	1	3	0	2202	1294	354	30	-1	
5	1	59	1	3	1	2202	1302	26	22	85.728409	µέ
5	1	59	1	3	2	2247	1301	41	20	93.292122	τήν
5	1	59	1	3	3	2302	1299	100	22	59.152187	ἀνώτερῃ
5	1	59	1	3	4	2437	1297	36	19	32.008774	καί
5	1	59	1	3	5	2503	1294	53	23	65.673889	ὁγία
4	1	59	1	4	0	2202	1330	354	31	-1	
5	1	59	1	4	1	2202	1337	41	24	96.780914	ζωή
5	1	59	1	4	2	2258	1341	48	17	50.644493	τους
5	1	59	1	4	3	2323	1333	145	24	38.673817	χατώρθωσαν
5	1	59	1	4	4	2482	1331	30	19	96.584862	νά
5	1	59	1	4	5	2525	1330	31	23	78.502533	γί-
4	1	59	1	5	0	2203	1367	353	27	-1	
5	1	59	1	5	1	2203	1377	54	14	91.346733	νουν
5	1	59	1	5	2	2275	1369	139	25	89.168808	Παραδείσου
5	1	59	1	5	3	2435	1367	121	22	37.900429	Οἰχήτορες
4	1	59	1	6	0	2203	1402	354	26	-1	
5	1	59	1	6	1	2203	1409	37	19	56.011703	χαὶ
5	1	59	1	6	2	2253	1407	78	19	87.281960	αἰώνια
5	1	59	1	6	3	2348	1405	96	23	65.957321	πρότυπα
5	1	59	1	6	4	2459	1402	38	20	0.000000	παὶ
5	1	59	1	6	5	2519	1407	38	13	91.930077	πα-
4	1	59	1	7	0	2205	1440	353	28	-1	
5	1	59	1	7	1	2205	1443	135	25	56.754547	ραδείγµατα
5	1	59	1	7	2	2356	1441	39	23	90.248123	γιά
5	1	59	1	7	3	2407	1440	48	22	86.899223	τοὺς
5	1	59	1	7	4	2471	1443	87	19	25.901817	Χριστια
4	1	59	1	8	0	2205	1475	291	27	-1	
5	1	59	1	8	1	2205	1480	49	22	89.498207	νεύς
5	1	59	1	8	2	2269	1479	58	18	88.753021	ὅλων
5	1	59	1	8	3	2342	1477	44	19	83.938843	τὸν
5	1	59	1	8	4	2402	1475	94	22	91.268799	ἐποχῶν.
2	1	60	0	0	0	2207	1533	355	95	-1	
3	1	60	1	0	0	2207	1533	355	95	-1	
4	1	60	1	1	0	2230	1533	330	25	-1	
5	1	60	1	1	1	2230	1537	54	21	43.030846	"Από
5	1	60	1	1	2	2297	1537	27	19	91.804321	τά
5	1	60	1	1	3	2343	1536	79	20	63.729424	θιθλία,
5	1	60	1	1	4	2438	1534	40	18	92.028450	πού
5	1	60	1	1	5	2495	1533	65	22	43.603065	ἄσχο-
4	1	60	1	2	0	2207	1567	353	28	-1	
5	1	60	1	2	1	2207	1576	89	18	90.795570	λεῦνται
5	1	60	1	2	2	2313	1573	27	22	76.696632	µέ
5	1	60	1	2	3	2357	1572	56	21	80.652611	θίους
5	1	60	1	2	4	2429	1569	89	23	42.916393	'Ἁγίων,
5	1	60	1	2	5	2535	1567	25	18	82.155151	τὸ
4	1	60	1	3	0	2207	1602	355	26	-1	
5	1	60	1	3	1	2207	1610	39	18	92.339317	νέο
5	1	60	1	3	2	2263	1608	72	19	66.791862	ἐιθλίο
5	1	60	1	3	3	2349	1607	57	19	96.132645	εἶναι
5	1	60	1	3	4	2424	1605	42	19	92.532906	ἕνα
5	1	60	1	3	5	2477	1603	43	19	94.103790	ἀπό
5	1	60	1	3	6	2533	1602	29	19	96.400856	τά
2	1	61	0	0	0	1481	1545	707	179	-1	
3	1	61	1	0	0	1481	1545	705	73	-1	
4	1	61	1	1	0	1481	1545	705	35	-1	
5	1	61	1	1	1	1481	1566	23	3	30.111191	--
5	1	61	1	1	2	1519	1555	30	21	30.111191	τὉ
5	1	61	1	1	3	1565	1553	132	27	0.000000	Αντώνης
5	1	61	1	1	4	1713	1550	239	29	88.351204	Σακελλαρόπουλος
5	1	61	1	1	5	1965	1548	47	22	45.585037	ἀπό
5	1	61	1	1	6	2029	1547	29	28	96.883842	τή
5	1	61	1	1	7	2084	1545	102	28	78.475868	Σπάρτη
4	1	61	1	2	0	1483	1585	455	33	-1	
5	1	61	1	2	1	1483	1589	104	29	92.111465	εἰσήχθη
5	1	61	1	2	2	1602	1588	62	28	96.385918	στήν
5	1	61	1	2	3	1681	1587	115	29	11.102135	Ιατρική
5	1	61	1	2	4	1813	1585	125	29	58.031105	᾿Αθηνῶν.
3	1	61	2	0	0	1481	1616	707	108	-1	
4	1	61	2	1	0	1481	1616	707	36	-1	
5	1	61	2	1	1	1481	1637	24	3	74.633041	--
5	1	61	2	1	2	1518	1625	31	23	0.000000	Ὁ
5	1	61	2	1	3	1563	1624	138	28	60.737778	ὑπίλαρχος
5	1	61	2	1	4	1711	1621	225	29	63.617168	τεθωρακισμένων
5	1	61	2	1	5	1950	1628	24	13	19.039581	.
5	1	61	2	1	6	1990	1618	115	27	90.344666	Σταῦρος
5	1	61	2	1	7	2115	1616	73	27	89.394287	Γεωρ
4	1	61	2	2	0	1483	1650	705	40	-1	
5	1	61	2	2	1	1483	1663	88	27	45.332626	γίχσης
5	1	61	2	2	2	1591	1659	110	29	36.078194	γαμέρός
5	1	61	2	2	3	1715	1659	30	22	57.747383	Τ.
5	1	61	2	2	4	1762	1657	150	28	91.056763	Δυκούρεση
5	1	61	2	2	5	1925	1653	121	30	82.195457	µετετέθη
5	1	61	2	2	6	2065	1652	48	22	96.215675	ἀπό
5	1	61	2	2	7	2142	1650	46	28	96.215675	τήν
4	1	61	2	3	0	1484	1694	360	30	-1	
5	1	61	2	3	1	1484	1695	150	29	28.910477	»Ορεστιάδα
5	1	61	2	3	2	1653	1696	61	27	73.370537	οτήν
5	1	61	2	3	3	1729	1694	115	22	77.335129	Αὐλώνα.
2	1	62	0	0	0	1481	1638	1081	352	-1	
3	1	62	1	0	0	1481	1638	1081	231	-1	
4	1	62	1	1	0	2209	1638	353	28	-1	
5	1	62	1	1	1	2209	1645	117	21	51.724243	καλύτερα.
5	1	62	1	1	2	2346	1642	108	18	68.416817	Πωλεῖται
5	1	62	1	1	3	2472	1639	41	19	66.928101	ὅτά
5	1	62	1	1	4	2532	1638	30	18	84.940697	6ι-
4	1	62	1	2	0	2208	1672	353	28	-1	
5	1	62	1	2	1	2208	1679	133	21	83.430725	Ελιοπωλεῖα
5	1	62	1	2	2	2355	1678	38	22	90.201561	τῆς
5	1	62	1	2	3	2404	1675	102	23	25.048553	Ἠπάρτης
5	1	62	1	2	4	2523	1672	38	20	43.023247	πα
4	1	62	1	3	0	1585	1709	976	47	-1	
5	1	62	1	3	1	1585	1749	5	7	27.895081	,
5	1	62	1	3	2	2207	1717	41	18	88.405136	στά
5	1	62	1	3	3	2261	1714	99	23	49.712620	Γραφεῖα
5	1	62	1	3	4	2377	1712	37	19	75.263382	καὶ
5	1	62	1	3	5	2430	1711	62	22	92.294098	στούς
5	1	62	1	3	6	2517	1709	44	19	23.639633	ὙΝα-
4	1	62	1	4	0	1503	1740	1021	37	-1	
5	1	62	1	4	1	1503	1762	23	2	12.694466	--
5	1	62	1	4	2	1539	1750	51	22	96.392250	Στό
5	1	62	1	4	3	1601	1748	147	29	83.633156	δικηγορικό
5	1	62	1	4	4	1763	1748	108	27	41.288361	γθαφεῖο
5	1	62	1	4	5	1888	1753	43	14	95.681091	του
5	1	62	1	4	6	1947	1753	24	12	95.465813	κ.
5	1	62	1	4	7	1987	1743	47	27	73.203018	Χρ.
5	1	62	1	4	8	2056	1740	132	23	60.329712	"Ἠλιόπου:
5	1	62	1	4	9	2209	1753	35	22	0.000000	«ύς
5	1	62	1	4	10	2259	1751	37	22	92.425484	τῆς
5	1	62	1	4	11	2317	1749	25	18	51.483994	ἹἹ.
5	1	62	1	4	12	2356	1746	168	25	94.499763	Μητροπόλεως.
4	1	62	1	5	0	1481	1775	708	37	-1	
5	1	62	1	5	1	1481	1787	53	25	60.822533	Ίου,
5	1	62	1	5	2	1551	1786	150	26	67.810623	Δυκούργου
5	1	62	1	5	3	1721	1784	42	21	87.782928	37
5	1	62	1	5	4	1779	1783	113	25	92.860023	Σπάρτη,
5	1	62	1	5	5	1911	1780	22	21	87.686256	οἳ
5	1	62	1	5	6	1952	1776	192	29	50.614510	θορειοδηµότες
5	1	62	1	5	7	2159	1775	30	22	96.525421	θά
4	1	62	1	6	0	1483	1817	936	32	-1	
5	1	62	1	6	1	1483	1822	117	27	69.650558	Ερίσκουν
5	1	62	1	6	2	1613	1821	78	26	91.749176	ἄμεση
5	1	62	1	6	3	1707	1817	182	26	73.193253	ἐξυπηρέτηση.
5	1	62	1	6	4	2200	1832	2	2	0.000000	᾿
5	1	62	1	6	5	2414	1828	5	3	77.662186	-
4	1	62	1	7	0	1548	1833	973	36	-1	
5	1	62	1	7	1	1548	1850	2	2	0.000000	-
5	1	62	1	7	2	1831	1832	119	41	3.816650	ο...
5	1	62	1	7	3	1960	1836	243	33	0.000000	υυ-υ--------ι
5	1	62	1	7	4	2260	1836	161	24	12.524635	 ΕΓΚΑΙΠΙΑ
5	1	62	1	7	5	2433	1833	88	23	84.276360	ΜΑΟΥ
3	1	62	2	0	0	1484	1878	1051	112	-1	
4	1	62	2	1	0	1506	1878	1029	43	-1	
5	1	62	2	1	1	1506	1903	23	3	38.858879	--
5	1	62	2	1	2	1547	1890	142	27	46.298859	Διαξάξαμε
5	1	62	2	1	3	1708	1887	27	22	88.135071	σέ
5	1	62	2	1	4	1751	1884	141	29	92.423149	ἐφημερίδα
5	1	62	2	1	5	1906	1884	50	21	96.520027	τῶν
5	1	62	2	1	6	1969	1881	121	40	66.608200	Χανίων:
5	1	62	2	1	7	2105	1878	86	27	73.223587	Ἓνας
5	1	62	2	1	8	2245	1889	127	24	51.196404	ΑΣΥΛΟΥ
5	1	62	2	1	9	2386	1885	149	25	55.178398	ΑΝΙΑΤΩΝ
4	1	62	2	2	0	1484	1918	706	37	-1	
5	1	62	2	2	1	1484	1927	127	28	79.739822	Ἐρητικός
5	1	62	2	2	2	1625	1924	59	29	92.241333	ἦλθε
5	1	62	2	2	3	1699	1922	46	23	81.247749	ἀπό
5	1	62	2	2	4	1757	1922	45	27	96.684120	τήν
5	1	62	2	2	5	1820	1918	122	30	66.449692	λΑµερική
5	1	62	2	2	6	1955	1918	41	21	87.297844	66
5	1	62	2	2	7	2010	1922	108	23	91.099564	χρονῶν,
5	1	62	2	2	8	2132	1922	58	13	90.654129	παν-
4	1	62	2	3	0	1484	1940	697	50	-1	
5	1	62	2	3	1	1484	1963	121	27	90.209892	τρεύτηκε
5	1	62	2	3	2	1619	1962	23	20	93.287102	κ’
5	1	62	2	3	3	1660	1960	75	21	92.853645	ἔκανε
5	1	62	2	3	4	1748	1958	19	21	94.742989	6
5	1	62	2	3	5	1778	1956	87	23	96.777443	παιδιά
5	1	62	2	3	6	1874	1956	43	21	84.608383	καί
5	1	62	2	3	7	1931	1954	74	27	92.267242	ἔξησε
5	1	62	2	3	8	2021	1952	58	21	96.549255	104
5	1	62	2	3	9	2093	1940	88	42	20.570366	χρόνια.
2	1	63	0	0	0	2489	1810	71	5	-1	
3	1	63	1	0	0	2489	1810	71	5	-1	
4	1	63	1	1	0	2489	1810	71	5	-1	
5	1	63	1	1	1	2489	1810	71	5	95.000000	 
2	1	64	0	0	0	2212	1812	250	10	-1	
3	1	64	1	0	0	2212	1812	250	10	-1	
4	1	64	1	1	0	2212	1812	250	10	-1	
5	1	64	1	1	1	2212	1812	250	10	95.000000	 
2	1	65	0	0	0	1645	1862	185	7	-1	
3	1	65	1	0	0	1645	1862	185	7	-1	
4	1	65	1	1	0	1645	1862	185	7	-1	
5	1	65	1	1	1	1645	1862	185	7	95.000000	 
2	1	66	0	0	0	2328	1949	121	8	-1	
3	1	66	1	0	0	2328	1949	121	8	-1	
4	1	66	1	1	0	2328	1949	121	8	-1	
5	1	66	1	1	1	2328	1949	121	8	95.000000	 
2	1	67	0	0	0	1765	2002	401	11	-1	
3	1	67	1	0	0	1765	2002	401	11	-1	
4	1	67	1	1	0	1765	2002	401	11	-1	
5	1	67	1	1	1	1765	2002	401	11	95.000000	 
2	1	68	0	0	0	1497	2011	267	9	-1	
3	1	68	1	0	0	1497	2011	267	9	-1	
4	1	68	1	1	0	1497	2011	267	9	-1	
5	1	68	1	1	1	1497	2011	267	9	95.000000	 
2	1	69	0	0	0	1771	2113	141	6	-1	
3	1	69	1	0	0	1771	2113	141	6	-1	
4	1	69	1	1	0	1771	2113	141	6	-1	
5	1	69	1	1	1	1771	2113	141	6	95.000000	 
2	1	70	0	0	0	1489	1973	1080	314	-1	
3	1	70	1	0	0	2253	1973	313	28	-1	
4	1	70	1	1	0	2253	1973	313	28	-1	
5	1	70	1	1	1	2253	1978	36	19	92.628548	Μέ
5	1	70	1	1	2	2308	1976	87	25	93.915497	µεγάλη
5	1	70	1	1	3	2432	1973	134	24	86.799820	προσέλευση
3	1	70	2	0	0	1585	2008	982	98	-1	
4	1	70	2	1	0	1646	2008	920	40	-1	
5	1	70	2	1	1	1646	2038	8	10	68.263618	.
5	1	70	2	1	2	2062	2030	7	9	9.595680	ο
5	1	70	2	1	3	2212	2015	44	17	91.824318	τῶν
5	1	70	2	1	4	2271	2012	98	20	85.291580	εὐσεξῶν
5	1	70	2	1	5	2383	2009	135	25	25.962898	χριστιανὸν
5	1	70	2	1	6	2529	2008	37	21	96.959167	τῆς
4	1	70	2	2	0	1585	2033	521	73	-1	
5	1	70	2	2	1	1585	2040	152	66	0.000000	Σπύμυε
5	1	70	2	2	2	1758	2034	87	60	74.822296	Στ.
5	1	70	2	2	3	1883	2033	223	66	0.000000	ΛημΙντΗς
5	1	70	2	2	4	2213	2049	101	22	23.021133	σον
5	1	70	2	2	5	2432	2044	135	23	22.212341	πρός
3	1	70	3	0	0	1851	2077	717	30	-1	
4	1	70	3	1	0	1851	2077	717	30	-1	
5	1	70	3	1	1	1851	2081	28	22	12.335899	αυ
5	1	70	3	1	2	2213	2084	43	23	63.351738	στίς
5	1	70	3	1	3	2273	2084	63	18	23.193733	4-δ-δ5
5	1	70	3	1	4	2351	2081	147	20	56.388206	ἑτελέσθησαν
5	1	70	3	1	5	2527	2077	41	20	96.935326	ὑπό
3	1	70	4	0	0	1489	2116	1080	171	-1	
4	1	70	4	1	0	1514	2116	1054	49	-1	
5	1	70	4	1	1	1514	2145	85	18	87.281418	Πέθανε
5	1	70	4	1	2	1613	2144	41	21	89.067215	τήν
5	1	70	4	1	3	1671	2142	99	19	49.809551	30-7-1985
5	1	70	4	1	4	1783	2140	39	18	96.722977	στό
5	1	70	4	1	5	1834	2137	98	24	33.377373	Κρατικό
5	1	70	4	1	6	1943	2136	137	22	79.208946	Νοσοχομεῖο
5	1	70	4	1	7	2094	2132	100	23	0.000000	Ἐπάρτης
5	1	70	4	1	8	2214	2120	38	19	93.228752	τοῦ
5	1	70	4	1	9	2267	2119	53	19	49.894329	Σεθ.
5	1	70	4	1	10	2341	2116	168	25	81.718636	Μητροπολίτου
5	1	70	4	1	11	2528	2119	40	18	84.932808	µας
4	1	70	4	2	0	1489	2150	1080	53	-1	
5	1	70	4	2	1	1489	2182	37	17	77.493546	καὶ
5	1	70	4	2	2	1542	2181	122	22	62.786720	κηδεύτηκε
5	1	70	4	2	3	1683	2178	38	18	93.294952	στό
5	1	70	4	2	4	1738	2175	113	24	33.572792	Ειωργίΐτοι
5	1	70	4	2	5	1865	2174	43	21	93.708206	τήν
5	1	70	4	2	6	1922	2172	105	21	57.630531	31-7-1955,
5	1	70	4	2	7	2044	2170	27	23	48.669884	μέ
5	1	70	4	2	8	2091	2169	103	22	89.646721	πάνδηµη
5	1	70	4	2	9	2215	2162	42	13	4.244247	η.
5	1	70	4	2	10	2273	2152	177	23	50.631920	ΕΥΣΤΑΦΘΙΦΥ,
5	1	70	4	2	11	2479	2151	27	19	92.873375	τά
5	1	70	4	2	12	2533	2150	36	23	67.632896	ἔγ-
4	1	70	4	3	0	1489	2187	1080	53	-1	
5	1	70	4	3	1	1489	2217	130	23	20.905693	συµµετοχή,
5	1	70	4	3	2	1636	2214	78	25	89.676178	µεταξύ
5	1	70	4	3	3	1735	2212	121	23	89.742264	συγγενῶν,
5	1	70	4	3	4	1872	2210	70	24	95.376984	φίλων
5	1	70	4	3	5	1958	2208	37	18	94.883881	καί
5	1	70	4	3	6	2021	2197	174	36	81.928719	συμπατριωτῶν.
5	1	70	4	3	7	2214	2192	76	19	4.662338	Ἀαίνια
5	1	70	4	3	8	2301	2191	38	18	96.412064	τοῦ
5	1	70	4	3	9	2353	2190	30	33	3.135971	Τι.
5	1	70	4	3	10	2393	2189	62	19	89.018394	Ναοῦ
5	1	70	4	3	11	2471	2188	37	18	93.244698	τοῦ
5	1	70	4	3	12	2533	2187	36	18	15.831345	᾽ᾱ-
4	1	70	4	4	0	1491	2222	1077	53	-1	
5	1	70	4	4	1	1491	2253	24	18	82.221367	«Ὁ
5	1	70	4	4	2	1531	2252	91	23	73.269463	θάνατός
5	1	70	4	4	3	1638	2256	38	13	95.544449	του
5	1	70	4	4	4	1691	2249	39	18	93.305733	πού
5	1	70	4	4	5	1743	2247	93	24	41.929718	προΏλδε
5	1	70	4	4	6	1851	2246	43	19	92.747490	ἀπό
5	1	70	4	4	7	1908	2244	36	24	55.237877	ὀξύ
5	1	70	4	4	8	1962	2244	118	22	38.040184	ἔμφρανμα
5	1	70	4	4	9	2094	2241	38	18	93.100586	τοῦ
5	1	70	4	4	10	2147	2246	49	17	46.704491	µυο-
5	1	70	4	4	11	2215	2228	65	18	47.837811	σύλου
5	1	70	4	4	12	2296	2226	115	20	47.668209	᾿Ανιάτων,
5	1	70	4	4	13	2427	2224	40	19	93.220497	πού
5	1	70	4	4	14	2482	2222	86	20	28.534058	ἑκτίσθη
4	1	70	4	5	0	2216	2258	353	29	-1	
5	1	70	4	5	1	2216	2264	22	23	75.950699	ἓξ
5	1	70	4	5	2	2253	2261	124	22	53.296310	ὀλοκλήρου
5	1	70	4	5	3	2407	2260	27	23	41.700779	μέ
5	1	70	4	5	4	2467	2258	102	24	19.743759	χρήματα
2	1	71	0	0	0	1489	2276	1083	423	-1	
3	1	71	1	0	0	1489	2276	708	176	-1	
4	1	71	1	1	0	1489	2276	708	35	-1	
5	1	71	1	1	1	1489	2288	97	23	83.751099	παρδίου,
5	1	71	1	1	2	1602	2287	56	21	18.415138	ἧταν
5	1	71	1	1	3	1670	2284	102	26	73.540207	ξαφνιμές
5	1	71	1	1	4	1787	2283	37	18	60.191261	καί
5	1	71	1	1	5	1837	2282	85	22	88.934631	Άσυχος,
5	1	71	1	1	6	1934	2280	102	21	93.291893	δίνοντας
5	1	71	1	1	7	2046	2277	62	22	18.873405	τάλος
5	1	71	1	1	8	2121	2276	25	18	79.158508	σὲ
5	1	71	1	1	9	2159	2276	38	23	57.936958	μία
4	1	71	1	2	0	1490	2312	706	35	-1	
5	1	71	1	2	1	1490	2324	69	22	21.938164	Άσνυχη
5	1	71	1	2	2	1573	2323	41	24	93.274887	ζωή
5	1	71	1	2	3	1629	2322	23	19	80.534920	δ7
5	1	71	1	2	4	1665	2321	95	23	89.868301	χρένων,
5	1	71	1	2	5	1773	2318	42	24	78.285126	ζωή
5	1	71	1	2	6	1829	2318	55	19	93.296432	στήν
5	1	71	1	2	7	1899	2316	64	19	49.888020	ὁποία
5	1	71	1	2	8	1977	2315	25	18	96.032181	δέ
5	1	71	1	2	9	2018	2313	94	23	92.868950	γνώρισε
5	1	71	1	2	10	2122	2312	74	23	82.486397	ἔχθρες
4	1	71	1	3	0	1490	2347	707	34	-1	
5	1	71	1	3	1	1490	2360	37	17	0.000000	μαὶ
5	1	71	1	3	2	1541	2359	81	22	47.232018	ποικίες.
5	1	71	1	3	3	1636	2358	24	17	76.822433	Ὁ
5	1	71	1	3	4	1679	2357	83	20	0.000000	ἈπΌρος
5	1	71	1	3	5	1776	2353	124	23	90.396439	Διαμαντῆς
5	1	71	1	3	6	1917	2350	126	24	81.480797	γεννήθηκε
5	1	71	1	3	7	2058	2348	37	19	62.984833	στό
5	1	71	1	3	8	2110	2347	87	23	49.076160	Γιωρνί-
4	1	71	1	4	0	1490	2383	707	32	-1	
5	1	71	1	4	1	1490	2400	32	12	88.013687	ται
5	1	71	1	4	2	1537	2394	42	21	94.065384	τήν
5	1	71	1	4	3	1593	2393	105	19	66.196480	24-7-1896.
5	1	71	1	4	4	1715	2392	74	17	11.666397	"Ἠταν
5	1	71	1	4	5	1802	2389	12	18	87.485847	ὃ
5	1	71	1	4	6	1827	2390	35	21	75.769157	2ος
5	1	71	1	4	7	1879	2387	42	20	80.634758	ἀπό
5	1	71	1	4	8	1935	2386	47	23	96.301857	τούς
5	1	71	1	4	9	1999	2386	11	17	83.729897	3
5	1	71	1	4	10	2023	2384	71	24	79.191681	γυιούς
5	1	71	1	4	11	2107	2384	38	17	91.542969	τοῦ
5	1	71	1	4	12	2153	2383	44	18	73.075760	Σω-
4	1	71	1	5	0	1490	2419	696	33	-1	
5	1	71	1	5	1	1490	2430	58	22	47.585861	τήρη:
5	1	71	1	5	2	1562	2429	36	19	78.547844	καί
5	1	71	1	5	3	1614	2430	38	21	93.296036	τῆς
5	1	71	1	5	4	1665	2427	91	22	92.470795	Ἑλένης
5	1	71	1	5	5	1771	2424	113	23	74.815109	Διαμαντῆ
5	1	71	1	5	6	1898	2423	25	18	96.347687	τό
5	1	71	1	5	7	1935	2422	65	22	93.293510	γένος
5	1	71	1	5	8	2015	2421	24	18	91.948799	Ἰ.
5	1	71	1	5	9	2055	2419	131	23	13.960083	Ἑαρούτσου.
3	1	71	2	0	0	1491	2453	1081	246	-1	
4	1	71	2	1	0	1516	2453	681	35	-1	
5	1	71	2	1	1	1516	2466	24	17	67.923309	«9
5	1	71	2	1	2	1559	2464	147	24	59.628494	μεγαλύτερος
5	1	71	2	1	3	1726	2460	94	24	87.265388	ἀδελφός
5	1	71	2	1	4	1839	2465	38	13	96.284340	του
5	1	71	2	1	5	1895	2457	145	22	92.719604	Παναγιώτης
5	1	71	2	1	6	2058	2456	80	18	93.740364	πέθανε
5	1	71	2	1	7	2172	2453	25	18	93.740364	σέ
4	1	71	2	2	0	1491	2489	707	32	-1	
5	1	71	2	2	1	1491	2500	75	21	82.545197	Αλικία
5	1	71	2	2	2	1577	2501	23	18	76.772316	87
5	1	71	2	2	3	1613	2500	57	18	92.413574	ἐτῶν
5	1	71	2	2	4	1683	2499	55	20	91.469826	στήν
5	1	71	2	2	5	1748	2497	103	22	74.764084	Φλώριδα
5	1	71	2	2	6	1863	2496	36	21	93.294556	τῆς
5	1	71	2	2	7	1912	2493	116	23	41.701500	᾽Αμερικῆς
5	1	71	2	2	8	2041	2492	42	21	95.582573	τήν
5	1	71	2	2	9	2095	2489	103	20	71.308151	19-5-1984.
4	1	71	2	3	0	1492	2524	707	35	-1	
5	1	71	2	3	1	1492	2538	24	17	3.849480	Φ
5	1	71	2	3	2	1532	2536	126	23	38.796631	μικρότερος
5	1	71	2	3	3	1676	2534	94	23	71.460976	ἀδελφός
5	1	71	2	3	4	1786	2538	37	13	96.466354	του
5	1	71	2	3	5	1838	2532	98	22	96.313622	Χρῆστος
5	1	71	2	3	6	1951	2530	32	23	89.450752	ζεῖ
5	1	71	2	3	7	2001	2528	27	23	75.173164	µέ
5	1	71	2	3	8	2059	2528	42	21	96.072289	τήν
5	1	71	2	3	9	2113	2524	86	23	72.318626	οἰκογέ-
4	1	71	2	4	0	1493	2561	707	31	-1	
5	1	71	2	4	1	1493	2572	49	18	80.111473	νειά
5	1	71	2	4	2	1556	2577	37	13	96.603287	του
5	1	71	2	4	3	1610	2572	54	20	92.246056	στήν
5	1	71	2	4	4	1682	2570	88	19	88.015472	᾿Ἀθήνα,
5	1	71	2	4	5	1785	2568	54	18	86.557159	᾿Από
5	1	71	2	4	6	1853	2566	74	24	34.040520	μικρός
5	1	71	2	4	7	1942	2564	66	23	47.774067	ἔμαδε
5	1	71	2	4	8	2024	2564	42	20	94.804520	τήν
5	1	71	2	4	9	2079	2563	70	22	94.656601	τέχνη
5	1	71	2	4	10	2163	2561	37	18	96.301224	τοῦ
4	1	71	2	5	0	1492	2597	709	32	-1	
5	1	71	2	5	1	1492	2607	113	22	67.657310	τοαγκάρη
5	1	71	2	5	2	1620	2606	36	19	93.298149	καὶ
5	1	71	2	5	3	1673	2606	53	20	89.141182	αὐτή
5	1	71	2	5	4	1743	2604	41	20	85.268738	τήν
5	1	71	2	5	5	1797	2603	69	23	87.478012	τέχνη
5	1	71	2	5	6	1881	2602	82	19	67.414688	ἄσχησε
5	1	71	2	5	7	1981	2599	27	24	91.522781	μὲ
5	1	71	2	5	8	2026	2599	79	23	17.393730	µεράχι
5	1	71	2	5	9	2120	2597	81	18	45.604137	πόνον-
4	1	71	2	6	0	1493	2631	1079	34	-1	
5	1	71	2	6	1	1493	2643	36	22	94.923912	τάς
5	1	71	2	6	2	1543	2647	42	16	94.738792	την
5	1	71	2	6	3	1601	2642	63	23	37.423447	κύριο
5	1	71	2	6	4	1680	2640	130	23	91.106651	ἐπάγγελμα
5	1	71	2	6	5	1824	2638	65	23	89.151413	µέχρι
5	1	71	2	6	6	1902	2636	42	21	92.452835	τήν
5	1	71	2	6	7	1957	2632	183	27	0.000000	συνταξιοδότησή
5	1	71	2	6	8	2156	2637	45	13	92.671654	του.
5	1	71	2	6	9	2219	2647	25	4	5.515358	---.
5	1	71	2	6	10	2259	2636	24	18	65.988594	Ὁ
5	1	71	2	6	11	2298	2640	20	14	55.277573	κ,
5	1	71	2	6	12	2337	2634	86	21	27.629379	Παναν.
5	1	71	2	6	13	2437	2632	92	22	27.639420	Ῥασσιᾶς
5	1	71	2	6	14	2546	2631	26	18	44.467640	ἐκ
4	1	71	2	7	0	1493	2666	1078	33	-1	
5	1	71	2	7	1	1493	2679	33	17	0.000000	Ὕό
5	1	71	2	7	2	1541	2678	47	19	94.538551	1926
5	1	71	2	7	3	1604	2676	152	23	81.071671	παντρεύτηκε
5	1	71	2	7	4	1772	2675	42	20	95.616516	τήν
5	1	71	2	7	5	1831	2672	134	22	62.757919	Παναγιώτα
5	1	71	2	7	6	1980	2669	119	20	14.953751	Ῥασιλείου
5	1	71	2	7	7	2116	2667	86	22	51.994900	Ἀτέρου
5	1	71	2	7	8	2221	2672	27	18	83.244339	Ν.
5	1	71	2	7	9	2263	2670	93	22	65.132782	Ὑόρχης
5	1	71	2	7	10	2374	2668	29	23	84.674072	εἲς
5	1	71	2	7	11	2419	2668	88	23	5.987885	μνήμην
5	1	71	2	7	12	2528	2666	43	19	63.457520	8.
2	1	72	0	0	0	2217	2294	353	27	-1	
3	1	72	1	0	0	2217	2294	353	27	-1	
4	1	72	1	1	0	2217	2294	353	27	-1	
5	1	72	1	1	1	2217	2300	36	21	93.281090	τῆς
5	1	72	1	1	2	2265	2304	20	13	82.107590	χ.
5	1	72	1	1	3	2298	2296	80	23	81.549576	Ντίνας
5	1	72	1	1	4	2392	2296	84	22	69.127884	Ζόγκου
5	1	72	1	1	5	2489	2304	7	5	90.433350	-
5	1	72	1	1	6	2511	2294	59	19	92.215706	Πλα-
2	1	73	0	0	0	2217	2334	89	23	-1	
3	1	73	1	0	0	2217	2334	89	23	-1	
4	1	73	1	1	0	2217	2334	89	23	-1	
5	1	73	1	1	1	2217	2334	89	23	46.299133	γιάννη.
2	1	74	0	0	0	2347	2420	98	38	-1	
3	1	74	1	0	0	2347	2420	98	38	-1	
4	1	74	1	1	0	2347	2420	98	38	-1	
5	1	74	1	1	1	2347	2420	98	38	48.621971	ΜΡΗΣ
2	1	75	0	0	0	2217	2509	353	23	-1	
3	1	75	1	0	0	2217	2509	353	23	-1	
4	1	75	1	1	0	2217	2509	353	23	-1	
5	1	75	1	1	1	2217	2523	24	4	35.031044	---
5	1	75	1	1	2	2256	2513	25	18	55.874138	Ὁ
5	1	75	1	1	3	2297	2517	21	14	63.199917	κ.
5	1	75	1	1	4	2334	2510	136	22	92.581116	Δημοσθένης
5	1	75	1	1	5	2485	2509	85	21	0.000000	Ἑσερω-
2	1	76	0	0	0	2399	2394	154	6	-1	
3	1	76	1	0	0	2399	2394	154	6	-1	
4	1	76	1	1	0	2399	2394	154	6	-1	
5	1	76	1	1	1	2399	2394	154	6	95.000000	 
2	1	77	0	0	0	2338	2483	118	6	-1	
3	1	77	1	0	0	2338	2483	118	6	-1	
4	1	77	1	1	0	2338	2483	118	6	-1	
5	1	77	1	1	1	2338	2483	118	6	95.000000	 
2	1	78	0	0	0	2219	2544	353	59	-1	
3	1	78	1	0	0	2219	2544	353	59	-1	
4	1	78	1	1	0	2219	2544	353	27	-1	
5	1	78	1	1	1	2219	2549	37	22	96.877403	τάς
5	1	78	1	1	2	2269	2547	30	23	95.392204	εἰς
5	1	78	1	1	3	2316	2546	90	23	63.952904	μνήμην
5	1	78	1	1	4	2419	2544	74	23	74.349442	Ἰατροῦ
5	1	78	1	1	5	2515	2544	57	22	22.872147	Αρι-
4	1	78	1	2	0	2221	2578	351	25	-1	
5	1	78	1	2	1	2221	2584	85	18	75.881111	στείδου
5	1	78	1	2	2	2323	2580	155	23	50.462517	Σχρουμπέλου
5	1	78	1	2	3	2518	2578	54	19	71.797737	2.00
2	1	79	0	0	0	1495	2702	1138	116	-1	
3	1	79	1	0	0	1495	2702	1138	67	-1	
4	1	79	1	1	0	2416	2702	217	18	-1	
5	1	79	1	1	1	2416	2706	96	4	0.000000	σποτ
5	1	79	1	1	2	2519	2702	114	18	0.000000	θἍδο------
4	1	79	1	2	0	1495	2727	701	42	-1	
5	1	79	1	2	1	1495	2753	25	16	29.932251	τη
5	1	79	1	2	2	1536	2746	157	20	83.998062	᾽Αξανασούλα,
5	1	79	1	2	3	1711	2744	25	18	63.924088	τὸ
5	1	79	1	2	4	1753	2742	141	22	88.896217	Παναγιώτη,
5	1	79	1	2	5	1909	2740	25	19	95.762329	τό
5	1	79	1	2	6	1948	2739	99	22	92.447441	Σωτήρη,
5	1	79	1	2	7	2067	2737	24	19	96.938675	τό
5	1	79	1	2	8	2119	2727	77	36	0.000000	Βασίλη
3	1	79	2	0	0	2221	2754	352	64	-1	
4	1	79	2	1	0	2221	2754	352	27	-1	
5	1	79	2	1	1	2221	2769	25	4	10.641090	κ
5	1	79	2	1	2	2263	2759	23	18	35.879753	Ὁ
5	1	79	2	1	3	2301	2764	20	13	60.156807	κ.
5	1	79	2	1	4	2336	2757	105	24	93.296814	Ἰωάννης
5	1	79	2	1	5	2451	2756	81	23	89.216125	Ντέρος
5	1	79	2	1	6	2559	2754	14	18	69.765686	ἵ-
4	1	79	2	2	0	2222	2791	351	27	-1	
5	1	79	2	2	1	2222	2795	64	23	92.946747	ατρός
5	1	79	2	2	2	2301	2794	30	22	88.770035	εἲς
5	1	79	2	2	3	2348	2793	90	23	51.671097	μνήμην
5	1	79	2	2	4	2451	2791	122	24	75.981049	᾿Αριστείδη
2	1	80	0	0	0	2220	2824	356	33	-1	
3	1	80	1	0	0	2220	2824	356	33	-1	
4	1	80	1	1	0	2220	2824	356	33	-1	
5	1	80	1	1	1	2220	2824	160	33	58.645233	Σνρουμπέλου
5	1	80	1	1	2	2522	2825	54	20	59.693871	2.500
2	1	81	0	0	0	1495	2782	1084	315	-1	
3	1	81	1	0	0	1495	2782	181	21	-1	
4	1	81	1	1	0	1495	2782	181	21	-1	
5	1	81	1	1	1	1495	2783	36	19	49.019810	καί
5	1	81	1	1	2	1548	2782	24	19	91.896446	τό
5	1	81	1	1	3	1586	2782	90	21	71.379913	Γιῶργο.
3	1	81	2	0	0	1497	2813	1079	174	-1	
4	1	81	2	1	0	1520	2813	683	32	-1	
5	1	81	2	1	1	1520	2824	122	19	71.071716	᾽Απέκτησε
5	1	81	2	1	2	1657	2821	93	24	90.696724	ἐγγόνια
5	1	81	2	1	3	1767	2820	36	18	72.191559	καί
5	1	81	2	1	4	1819	2818	127	23	24.492485	δισέγγονο..
5	1	81	2	1	5	1961	2817	25	17	91.628250	Ἡ
5	1	81	2	1	6	2001	2815	95	23	7.987030	γυναίκα
5	1	81	2	1	7	2115	2820	37	12	95.572990	του
5	1	81	2	1	8	2167	2813	36	18	75.183472	καί
4	1	81	2	2	0	1497	2850	719	30	-1	
5	1	81	2	2	1	1497	2860	26	18	96.616821	τά
5	1	81	2	2	2	1542	2858	75	20	41.902924	παιδι
5	1	81	2	2	3	1629	2864	37	13	92.172119	του
5	1	81	2	2	4	1681	2858	51	22	91.167091	ζοῦν
5	1	81	2	2	5	1750	2856	55	20	86.076614	στήν
5	1	81	2	2	6	1820	2854	88	20	77.802505	᾿Ἀθήνα,
5	1	81	2	2	7	1923	2852	53	19	93.211960	ὅπου
5	1	81	2	2	8	1993	2851	48	23	91.665833	εἶχε
5	1	81	2	2	9	2059	2850	37	19	77.457558	καὶ
5	1	81	2	2	10	2123	2850	13	17	85.289261	ὁ
5	1	81	2	2	11	2150	2850	66	22	75.762344	ἴδιος.
4	1	81	2	3	0	1497	2874	1078	44	-1	
5	1	81	2	3	1	1497	2894	158	24	76.143570	ἐγκατασταθεῖ
5	1	81	2	3	2	1668	2892	43	19	96.452858	ἀπό
5	1	81	2	3	3	1726	2891	25	18	95.938019	τό
5	1	81	2	3	4	1765	2891	51	18	80.716690	1955.
5	1	81	2	3	5	1831	2890	45	18	96.837746	Δέν
5	1	81	2	3	6	1889	2888	81	23	96.332886	πέρασε
5	1	81	2	3	7	1987	2887	56	23	96.434921	ὅμως
5	1	81	2	3	8	2056	2884	81	25	73.504585	χρονιά
5	1	81	2	3	9	2165	2884	39	19	93.608742	πού
5	1	81	2	3	10	2214	2874	106	27	12.031136	ο
5	1	81	2	3	11	2337	2882	133	23	94.208252	Παναγιώτα
5	1	81	2	3	12	2483	2881	39	19	84.953476	Σπ.
5	1	81	2	3	13	2535	2880	40	18	45.613152	Δια
4	1	81	2	4	0	1498	2909	1078	44	-1	
5	1	81	2	4	1	1498	2931	28	18	91.630928	νά
5	1	81	2	4	2	1539	2930	27	23	75.565750	µή
5	1	81	2	4	3	1588	2929	89	22	96.431114	περάσει
5	1	81	2	4	4	1693	2926	145	23	96.209808	τουλάχιστον
5	1	81	2	4	5	1857	2924	24	19	95.965469	τό
5	1	81	2	4	6	1897	2922	117	23	6.999741	καλοκαίρι
5	1	81	2	4	7	2030	2921	38	19	86.979836	στό
5	1	81	2	4	8	2084	2920	120	23	74.474991	Γιωργίτσι,
5	1	81	2	4	9	2224	2919	70	23	29.126221	μαντῆ
5	1	81	2	4	10	2503	2909	3	2	3.302429	5
5	1	81	2	4	11	2522	2914	54	20	44.718109	00Ο
4	1	81	2	5	0	1498	2951	720	36	-1	
5	1	81	2	5	1	1498	2967	24	18	92.881340	τό
5	1	81	2	5	2	1535	2966	63	18	15.974396	ὁποῖο
5	1	81	2	5	3	1609	2962	167	25	50.962029	ὑπεραγαπεῦσε
5	1	81	2	5	4	1789	2961	37	19	93.296822	καὶ
5	1	81	2	5	5	1840	2960	13	21	91.570129	ἡ
5	1	81	2	5	6	1866	2960	64	23	57.233982	µοῖρα
5	1	81	2	5	7	1947	2964	38	13	96.253601	του
5	1	81	2	5	8	1998	2958	57	21	95.045219	ἦταν
5	1	81	2	5	9	2070	2956	30	19	95.694923	νά
5	1	81	2	5	10	2115	2951	103	23	96.744232	πεθάνει
5	1	81	2	5	11	2207	2947	14	37	60.242504	|
3	1	81	3	0	0	1497	2967	1082	130	-1	
4	1	81	3	1	0	1528	2967	1051	43	-1	
5	1	81	3	1	1	1528	3002	3	5	0.000000	͵
5	1	81	3	1	2	1576	2978	8	32	10.148849	αι
5	1	81	3	1	3	1660	3000	4	5	0.000000	β
5	1	81	3	1	4	1749	2998	4	5	0.000000	.
5	1	81	3	1	5	1883	2995	5	6	0.000000	.
5	1	81	3	1	6	2000	2994	31	5	35.935379	μα.
5	1	81	3	1	7	2117	2992	4	5	0.000000	,
5	1	81	3	1	8	2215	2982	33	15	5.507431	ἵ-.
5	1	81	3	1	9	2264	2972	24	18	68.309364	Ἡ
5	1	81	3	1	10	2306	2971	106	20	61.034294	Βασιλική
5	1	81	3	1	11	2432	2970	22	19	32.232658	Γ.
5	1	81	3	1	12	2478	2967	101	24	81.211563	Τσαγκά-
4	1	81	3	2	0	1497	2994	979	29	-1	
5	1	81	3	2	1	1497	3007	53	14	28.285896	στόν
5	1	81	3	2	2	1562	3006	54	15	86.695045	τόπο
5	1	81	3	2	3	1626	3006	42	13	93.288132	πού
5	1	81	3	2	4	1687	2998	131	25	78.204529	γεννήδηκε,
5	1	81	3	2	5	1834	2996	116	25	32.417870	μεγάλωσε
5	1	81	3	2	6	1968	3000	38	13	87.019966	καί
5	1	81	3	2	7	2021	2994	63	23	71.155472	ἔζησε
5	1	81	3	2	8	2099	2998	25	13	96.407951	τό
5	1	81	3	2	9	2140	2997	77	20	3.524261	μέγα»,
5	1	81	3	2	10	2288	3008	4	5	6.983871	.
5	1	81	3	2	11	2356	3008	4	5	0.000000	'
5	1	81	3	2	12	2472	3006	4	4	0.000000	.
4	1	81	3	3	0	1497	3010	1015	51	-1	
5	1	81	3	3	1	1497	3039	80	22	70.065788	λύτερο
5	1	81	3	3	2	1589	3038	65	23	84.677750	µέρος
5	1	81	3	3	3	1669	3036	37	23	96.765800	τῆς
5	1	81	3	3	4	1720	3036	53	23	96.632774	ζωῆς
5	1	81	3	3	5	1787	3039	43	13	93.238411	του.
5	1	81	3	3	6	1844	3032	105	25	92.697586	Ἐξάλλου
5	1	81	3	3	7	1966	3030	54	21	88.980690	αὐτή
5	1	81	3	3	8	2033	3030	59	20	88.980690	ἧταν
5	1	81	3	3	9	2107	3028	39	19	67.915482	ναί
5	1	81	3	3	10	2158	3028	14	20	89.088219	ἡ
5	1	81	3	3	11	2185	3028	33	26	19.501266	ἔ-,
5	1	81	3	3	12	2227	3014	25	35	62.398003	ρα
5	1	81	3	3	13	2274	3013	37	34	33.988884	κ
5	1	81	3	3	14	2322	3012	13	42	0.000000	μ
5	1	81	3	3	15	2355	3012	56	18	0.000000	ημην
5	1	81	3	3	16	2424	3010	88	20	0.000000	γρυεον
4	1	81	3	4	0	1498	3044	884	53	-1	
5	1	81	3	4	1	1498	3074	86	23	79.189911	πιθυµία
5	1	81	3	4	2	1599	3078	43	17	96.259552	του,
5	1	81	3	4	3	1661	3071	29	19	96.159782	νά
5	1	81	3	4	4	1703	3070	45	24	6.745689	ήν
5	1	81	3	4	5	1765	3068	145	24	90.046867	ἀποχωριστεῖ
5	1	81	3	4	6	1924	3066	53	19	96.632683	ποτέ
5	1	81	3	4	7	1991	3066	25	19	93.288094	τό
5	1	81	3	4	8	2031	3064	121	24	34.611298	Γιωργΐτόι,
5	1	81	3	4	9	2169	3044	157	52	16.557678	ο.
5	1	81	3	4	10	2346	3048	36	18	41.234776	το
2	1	82	0	0	0	2215	3115	4	26	-1	
3	1	82	1	0	0	2215	3115	4	26	-1	
4	1	82	1	1	0	2215	3115	4	26	-1	
5	1	82	1	1	1	2215	3115	4	26	0.000000	Ἱ
2	1	83	0	0	0	2527	3004	53	55	-1	
3	1	83	1	0	0	2527	3004	53	55	-1	
4	1	83	1	1	0	2541	3004	37	19	-1	
5	1	83	1	1	1	2541	3004	37	19	81.520531	ποί
4	1	83	1	2	0	2527	3041	53	18	-1	
5	1	83	1	2	1	2527	3041	53	18	90.165436	2.000
2	1	84	0	0	0	2216	3095	365	132	-1	
3	1	84	1	0	0	2216	3095	365	132	-1	
4	1	84	1	1	0	2225	3095	355	24	-1	
5	1	84	1	1	1	2225	3108	24	4	46.971703	--
5	1	84	1	1	2	2262	3098	24	18	73.589081	Ὁ
5	1	84	1	1	3	2303	3103	20	12	82.848961	κ.
5	1	84	1	1	4	2343	3097	67	22	92.725151	Γεωρ.
5	1	84	1	1	5	2431	3095	149	22	66.984909	Σαϊνόπουλος
4	1	84	1	2	0	2229	3132	351	23	-1	
5	1	84	1	2	1	2229	3133	38	21	89.901627	στή
5	1	84	1	2	2	2285	3132	75	23	74.430397	µνήµη
5	1	84	1	2	3	2378	3132	81	23	32.092010	ἰατρῶν
5	1	84	1	2	4	2500	3132	80	21	62.274021	Ἅ᾿Αριστ.
4	1	84	1	3	0	2227	3165	354	27	-1	
5	1	84	1	3	1	2227	3168	162	24	51.016922	Σκρουµπέλου,
5	1	84	1	3	2	2409	3168	87	21	76.791901	Παναγ.
5	1	84	1	3	3	2512	3165	69	24	92.476631	Τριτά
4	1	84	1	4	0	2216	3202	365	25	-1	
5	1	84	1	4	1	2216	3210	38	15	28.693527	γη
5	1	84	1	4	2	2271	3204	37	19	60.737431	καί
5	1	84	1	4	3	2324	3204	44	18	17.054604	'Αθ.
5	1	84	1	4	4	2379	3203	122	24	85.194855	Γκουζούλη
5	1	84	1	4	5	2516	3202	65	19	80.204849	15.000
2	1	85	0	0	0	1499	3227	1085	178	-1	
3	1	85	1	0	0	1499	3227	1085	174	-1	
4	1	85	1	1	0	1528	3227	675	65	-1	
5	1	85	1	1	1	1528	3269	162	23	45.088673	Ῥὐχαριστοῦμε
5	1	85	1	1	2	1703	3266	128	23	88.290642	δερµότατα,
5	1	85	1	1	3	1845	3265	64	23	59.475117	ὅλους
5	1	85	1	1	4	1921	3264	62	22	90.351990	ὅσους
5	1	85	1	1	5	1995	3227	208	62	0.000000	πωμπαραστάθηκαν
4	1	85	1	2	0	1500	3278	1082	50	-1	
5	1	85	1	2	1	1500	3306	26	22	69.989075	µέ
5	1	85	1	2	2	1540	3305	53	19	93.661163	κάθε
5	1	85	1	2	3	1611	3304	67	23	93.291176	τρόπο
5	1	85	1	2	4	1691	3303	54	18	35.784691	ατόν
5	1	85	1	2	5	1762	3302	55	18	90.780899	πένο
5	1	85	1	2	6	1831	3306	40	18	96.581741	µας
5	1	85	1	2	7	1886	3300	38	23	87.241951	γιά
5	1	85	1	2	8	1940	3299	24	19	93.193459	τό
5	1	85	1	2	9	1979	3299	82	18	95.410355	θάνατο
5	1	85	1	2	10	2073	3298	38	18	95.981750	τοῦ
5	1	85	1	2	11	2123	3296	85	23	34.005524	ἀγαπη-
5	1	85	1	2	12	2217	3278	3	19	68.600372	|
5	1	85	1	2	13	2229	3294	39	21	70.077072	στή
5	1	85	1	2	14	2284	3293	73	24	70.041702	μνήμη
5	1	85	1	2	15	2371	3294	79	25	55.901245	᾿Αριστ.
5	1	85	1	2	16	2467	3290	115	25	80.480011	Σκρουμπέ
4	1	85	1	3	0	1500	3318	1082	46	-1	
5	1	85	1	3	1	1500	3342	67	22	75.580711	µένου
5	1	85	1	3	2	1581	3346	39	17	91.637764	µας
5	1	85	1	3	3	1637	3339	119	20	79.870880	ΣΠΥΡΟΥ
5	1	85	1	3	4	1775	3338	25	19	79.333313	Σ.
5	1	85	1	3	5	1818	3336	156	19	90.551819	ΔΙΑΜΑΝΤΗ
5	1	85	1	3	6	1991	3334	40	19	94.354324	πού
5	1	85	1	3	7	2052	3333	81	19	95.784576	πέθανε
5	1	85	1	3	8	2163	3332	45	23	81.143715	στίς
5	1	85	1	3	9	2218	3318	50	32	0.000000	λου
5	1	85	1	3	10	2285	3330	60	19	67.073517	500,
5	1	85	1	3	11	2361	3328	45	22	58.242752	τή
5	1	85	1	3	12	2420	3328	74	23	55.944855	μνήμη
5	1	85	1	3	13	2509	3328	73	19	32.782875	Ἀδαν.
4	1	85	1	4	0	1499	3360	1085	45	-1	
5	1	85	1	4	1	1499	3377	99	19	1.622543	3θω].1985
5	1	85	1	4	2	1615	3375	36	19	0.000000	παί
5	1	85	1	4	3	1666	3374	123	21	15.497963	κηδεύτηκε
5	1	85	1	4	4	1803	3373	44	23	81.149277	στίς
5	1	85	1	4	5	1864	3372	98	19	71.163513	31-7-1985
5	1	85	1	4	6	1976	3370	38	19	93.288094	στό
5	1	85	1	4	7	2029	3368	121	29	40.118210	Γιωργίτσι.
5	1	85	1	4	8	2217	3360	23	45	23.664917	ΕΕ
5	1	85	1	4	9	2250	3366	103	23	23.664917	κονζούλη
5	1	85	1	4	10	2369	3365	53	18	75.393250	3.000
5	1	85	1	4	11	2437	3365	36	18	52.700806	χπαί
5	1	85	1	4	12	2486	3364	39	20	92.687798	στή
5	1	85	1	4	13	2541	3363	43	23	66.939056	µνή
2	1	86	0	0	0	1524	3400	1059	36	-1	
3	1	86	1	0	0	1524	3400	1059	36	-1	
4	1	86	1	1	0	1524	3400	1059	36	-1	
5	1	86	1	1	1	1524	3414	24	17	83.086349	Ἡ
5	1	86	1	1	2	1563	3412	86	24	92.953934	σύζυγος
5	1	86	1	1	3	1661	3420	9	5	92.719147	-
5	1	86	1	1	4	1681	3411	13	18	92.779900	ὁ
5	1	86	1	1	5	1706	3409	94	24	76.947380	ἀδελφές
5	1	86	1	1	6	1815	3418	9	5	93.204048	-
5	1	86	1	1	7	1835	3408	27	19	94.402817	τά
5	1	86	1	1	8	1875	3407	76	20	91.606285	παιδιά
5	1	86	1	1	9	1965	3406	43	19	86.610863	-τά
5	1	86	1	1	10	2021	3401	101	33	91.542610	ἐγγόνια,
5	1	86	1	1	11	2218	3402	41	33	32.980049	μη
5	1	86	1	1	12	2275	3403	67	22	44.175446	Τεωρ.
5	1	86	1	1	13	2360	3400	144	25	39.980934	᾽Αργειτάκου
5	1	86	1	1	14	2523	3400	60	18	86.267952	5.000.
2	1	87	0	0	0	1497	3100	430	33	-1	
3	1	87	1	0	0	1497	3100	430	33	-1	
4	1	87	1	1	0	1497	3100	430	33	-1	
5	1	87	1	1	1	1497	3111	63	22	73.860466	χῶμοι
5	1	87	1	1	2	1573	3110	37	17	93.283592	τοῦ
5	1	87	1	1	3	1625	3108	74	19	93.028725	ὁποίου
5	1	87	1	1	4	1712	3106	59	23	88.506157	τώρα
5	1	87	1	1	5	1783	3100	144	32	29.810471	ἀνοπαύεται.
2	1	88	0	0	0	1506	3159	698	16	-1	
3	1	88	1	0	0	1506	3159	698	16	-1	
4	1	88	1	1	0	1506	3159	698	16	-1	
5	1	88	1	1	1	1506	3159	698	16	0.549225	μυ.
5	1	88	1	1	2	1817	3149	78	30	0.000000	--
5	1	88	1	1	3	1929	3159	275	16	0.000000	Άν...
2	1	89	0	0	0	1693	3191	321	24	-1	
3	1	89	1	0	0	1693	3191	321	24	-1	
4	1	89	1	1	0	1693	3191	321	24	-1	
5	1	89	1	1	1	1693	3191	321	24	82.202827	ΕΥΧΑΡΙΣΤΗΡΙΟ
2	1	90	0	0	0	2228	3255	355	24	-1	
3	1	90	1	0	0	2228	3255	355	24	-1	
4	1	90	1	1	0	2228	3255	355	24	-1	
5	1	90	1	1	1	2228	3268	25	5	24.478767	--
5	1	90	1	1	2	2267	3258	25	18	19.738525	«Ὁ
5	1	90	1	1	3	2307	3263	21	13	83.047668	κ.
5	1	90	1	1	4	2345	3257	87	22	69.730141	Παναν.
5	1	90	1	1	5	2451	3255	132	23	25.818085	Παπαδάκος
