level	page_num	block_num	par_num	line_num	word_num	left	top	width	height	conf	text
1	1	0	0	0	0	0	0	3406	3512	-1	
2	1	1	0	0	0	1102	1	98	10	-1	
3	1	1	1	0	0	1102	1	98	10	-1	
4	1	1	1	1	0	1102	1	98	10	-1	
5	1	1	1	1	1	1102	1	98	10	95.000000	 
2	1	2	0	0	0	36	5	3364	74	-1	
3	1	2	1	0	0	36	5	3364	74	-1	
4	1	2	1	1	0	36	5	3364	74	-1	
5	1	2	1	1	1	36	5	3364	74	95.000000	 
2	1	3	0	0	0	478	156	137	34	-1	
3	1	3	1	0	0	478	156	137	34	-1	
4	1	3	1	1	0	478	156	137	34	-1	
5	1	3	1	1	1	478	167	77	22	54.129631	Σελίδα
5	1	3	1	1	2	565	169	13	21	63.373940	9
5	1	3	1	1	3	587	156	28	26	64.762848	--
2	1	4	0	0	0	6	199	667	16	-1	
3	1	4	1	0	0	6	199	667	16	-1	
4	1	4	1	1	0	6	199	667	16	-1	
5	1	4	1	1	1	6	199	667	16	95.000000	 
2	1	5	0	0	0	62	238	629	68	-1	
3	1	5	1	0	0	62	238	629	68	-1	
4	1	5	1	1	0	62	238	629	68	-1	
5	1	5	1	1	1	62	251	200	49	96.539497	Προσοχή
5	1	5	1	1	2	284	238	79	55	96.965141	στα
5	1	5	1	1	3	382	255	309	51	54.211349	Φυτοφάρμακα
2	1	6	0	0	0	11	337	714	847	-1	
3	1	6	1	0	0	13	337	712	391	-1	
4	1	6	1	1	0	44	337	681	36	-1	
5	1	6	1	1	1	44	337	27	21	77.345200	Η
5	1	6	1	1	2	83	338	207	24	95.588768	ΔΙΕΥΘΥΝΣΗ
5	1	6	1	1	3	300	341	177	23	69.869194	ΓΕΩΡΓΙΑΣ
5	1	6	1	1	4	490	343	162	29	49.831814	ὄπενθυμίξει
5	1	6	1	1	5	664	345	61	28	96.375626	τούς
4	1	6	1	2	0	16	373	708	35	-1	
5	1	6	1	2	1	16	373	133	29	72.702751	κινδύνους
5	1	6	1	2	2	163	375	48	21	96.820145	πού
5	1	6	1	2	3	226	376	137	28	89.793762	περικλείει
5	1	6	1	2	4	376	377	14	22	79.851982	ὃ
5	1	6	1	2	5	404	379	81	27	87.042419	κακός
5	1	6	1	2	6	512	380	131	28	65.100693	χειρισμός
5	1	6	1	2	7	672	382	52	20	96.596024	τῶν
4	1	6	1	3	0	16	411	707	33	-1	
5	1	6	1	3	1	16	411	148	25	15.068970	γεωργυιῶν
5	1	6	1	3	2	181	412	150	27	68.718536	φαρμάκων.
5	1	6	1	3	3	349	412	38	22	96.058159	Τά
5	1	6	1	3	4	404	415	165	27	86.240463	περισσότερα
5	1	6	1	3	5	594	417	129	27	95.981560	γεωργικά
4	1	6	1	4	0	16	444	705	37	-1	
5	1	6	1	4	1	16	444	120	27	38.571339	Φάρµανια
5	1	6	1	4	2	150	445	64	23	96.775383	εἶναι
5	1	6	1	4	3	230	447	101	28	96.621292	τοξικές
5	1	6	1	4	4	346	448	93	33	57.521549	οὐσίες.
5	1	6	1	4	5	460	449	110	28	66.098549	᾿Αρκετά
5	1	6	1	4	6	591	451	64	22	93.268280	εἶναι
5	1	6	1	4	7	671	451	50	23	92.429161	ἔπι-
4	1	6	1	5	0	14	479	708	41	-1	
5	1	6	1	5	1	14	479	104	23	14.239014	κίνδυνα
5	1	6	1	5	2	132	481	145	29	89.985413	δηλητήρια.
5	1	6	1	5	3	292	483	49	22	94.821228	Γιά
5	1	6	1	5	4	358	484	46	22	92.993996	ὅσα
5	1	6	1	5	5	416	485	107	28	90.871262	ὑπάρχει
5	1	6	1	5	6	538	486	83	28	46.712288	φόξος
5	1	6	1	5	7	633	487	31	21	96.939415	νά
5	1	6	1	5	8	670	483	52	37	66.065224	σερο
4	1	6	1	6	0	15	515	706	35	-1	
5	1	6	1	6	1	15	515	121	28	80.768196	ξενήσουν
5	1	6	1	6	2	152	517	82	29	92.026848	ὀξεῖες
5	1	6	1	6	3	250	518	193	30	96.162338	δηλητηριάσεις
5	1	6	1	6	4	461	521	95	27	96.238831	φέρουν
5	1	6	1	6	5	575	523	61	27	88.182693	στήν
5	1	6	1	6	6	675	523	46	22	0.000000	ῥἔτι-
4	1	6	1	7	0	15	550	706	41	-1	
5	1	6	1	7	1	15	550	75	23	46.344200	πέττα
5	1	6	1	7	2	107	561	43	13	93.151619	του
5	1	6	1	7	3	166	555	188	27	75.196869	νεκροκεφαλή.
5	1	6	1	7	4	391	555	38	23	74.786011	Τά
5	1	6	1	7	5	443	557	43	21	95.113503	πιό
5	1	6	1	7	6	500	557	89	26	93.406349	τοξικά
5	1	6	1	7	7	606	555	115	36	90.676476	γράφουν
4	1	6	1	8	0	14	586	706	36	-1	
5	1	6	1	8	1	14	586	30	28	96.657768	τή
5	1	6	1	8	2	65	587	59	29	85.380264	λέξη
5	1	6	1	8	3	142	589	59	21	26.173676	«4Η
5	1	6	1	8	4	204	589	186	24	26.173676	ΛΗΤΗΡΙΟ».
5	1	6	1	8	5	422	592	39	22	93.423485	Τά
5	1	6	1	8	6	472	592	115	29	86.361969	λιγότερο
5	1	6	1	8	7	602	593	33	29	96.096916	τή
5	1	6	1	8	8	660	594	60	28	87.807526	Λέξη
4	1	6	1	9	0	15	622	704	35	-1	
5	1	6	1	9	1	15	622	169	24	58.936340	«ΤΟΞΙΚΟΣ».
5	1	6	1	9	2	204	625	83	22	87.692970	"Αλλα
5	1	6	1	9	3	302	625	31	28	81.255707	µέ
5	1	6	1	9	4	347	627	166	29	19.983337	μικρότερους
5	1	6	1	9	5	527	629	135	28	95.025558	κινδύνους
5	1	6	1	9	6	689	630	30	27	95.025558	τή
4	1	6	1	10	0	13	657	708	35	-1	
5	1	6	1	10	1	13	657	60	29	88.301575	Λέξη
5	1	6	1	10	2	86	659	228	24	18.465385	ΕΠΙΚΙΝΔΥΝΟ
5	1	6	1	10	3	332	661	16	29	91.990433	ἤ
5	1	6	1	10	4	362	662	231	30	88.711342	ΕΡΕΘΙΣΤΙΚΟ,
5	1	6	1	10	5	606	665	46	21	93.225296	ὅλα
5	1	6	1	10	6	666	665	55	27	92.745232	γρά-
4	1	6	1	11	0	15	696	648	32	-1	
5	1	6	1	11	1	15	701	65	19	47.037273	Φουν
5	1	6	1	11	2	96	696	60	27	80.543159	στήν
5	1	6	1	11	3	170	696	115	22	37.892387	ἐτωκέττα
5	1	6	1	11	4	298	705	61	20	96.498276	τους
5	1	6	1	11	5	368	699	197	27	94.221336	προφυλακτικά
5	1	6	1	11	6	576	700	87	28	88.592148	µέτρα.
3	1	6	2	0	0	12	729	709	140	-1	
4	1	6	2	1	0	42	729	679	35	-1	
5	1	6	2	1	1	42	729	98	23	86.199181	ΣΤΗΝ
5	1	6	2	1	2	151	731	164	23	52.662502	ΕΠΙ4ΟΓΗ
5	1	6	2	1	3	333	733	69	22	95.682373	ΤΩΝ
5	1	6	2	1	4	416	734	195	23	64.863373	ΦΑΡΜΑΚΩΝ
5	1	6	2	1	5	621	735	32	22	74.302727	νά
5	1	6	2	1	6	664	744	57	20	40.529068	προ-
4	1	6	2	2	0	13	766	708	33	-1	
5	1	6	2	2	1	13	766	118	26	82.604668	τιμῶνται
5	1	6	2	2	2	145	767	30	21	96.540062	τά
5	1	6	2	2	3	189	767	113	28	78.785889	λιγότερο
5	1	6	2	2	4	318	768	145	23	66.640358	ἐπικίνδυνα
5	1	6	2	2	5	475	771	50	21	71.817093	σού
5	1	6	2	2	6	540	771	93	22	88.314377	κάνουν
5	1	6	2	2	7	673	771	48	28	91.772469	τήν
4	1	6	2	3	0	12	800	709	39	-1	
5	1	6	2	3	1	12	800	51	22	96.088593	ἴδια
5	1	6	2	3	2	76	801	108	23	95.468239	δουλειά.
5	1	6	2	3	3	204	803	167	28	65.211708	Μεγαλύτερη
5	1	6	2	3	4	388	805	148	27	89.010468	τοξωιότητα
5	1	6	2	3	5	548	806	44	22	96.409416	δέν
5	1	6	2	3	6	606	803	115	36	84.405258	σηµαίνει
4	1	6	2	4	0	13	835	704	34	-1	
5	1	6	2	4	1	13	835	154	29	91.901451	ἀπαραίτητα
5	1	6	2	4	2	185	839	43	20	30.225853	καί
5	1	6	2	4	3	244	839	156	27	85.801537	μεγαλύτερη
5	1	6	2	4	4	434	840	283	29	85.704620	ἀποτελεσματικότητα.
3	1	6	3	0	0	13	871	707	63	-1	
4	1	6	3	1	0	36	871	684	33	-1	
5	1	6	3	1	1	36	871	83	22	76.896362	"Ὅταν
5	1	6	3	1	2	132	873	31	20	95.655640	τά
5	1	6	3	1	3	179	873	70	27	93.242592	φυτά
5	1	6	3	1	4	261	873	65	21	93.293564	εἶναι
5	1	6	3	1	5	336	873	133	27	39.369984	ἀνθισμένα
5	1	6	3	1	6	482	876	31	20	93.298203	νά
5	1	6	3	1	7	524	876	33	26	85.643890	µή
5	1	6	3	1	8	571	883	149	21	41.108704	χρησιµοποι
4	1	6	3	2	0	13	908	298	26	-1	
5	1	6	3	2	1	13	908	84	20	89.543106	οὔνται
5	1	6	3	2	2	111	908	200	26	44.284340	µεσισσοτοξικά.
3	1	6	4	0	0	11	942	710	173	-1	
4	1	6	4	1	0	34	942	687	33	-1	
5	1	6	4	1	1	34	942	47	21	87.367424	ΝΑ
5	1	6	4	1	2	97	942	309	24	39.826851	ΑΠΟΘΗΚΕΣΥΟΝΠΑΙ
5	1	6	4	1	3	425	945	93	27	90.582870	µακριά
5	1	6	4	1	4	535	945	48	23	62.896397	ἀπό
5	1	6	4	1	5	610	946	111	29	73.440887	τρόφιμα
4	1	6	4	2	0	12	977	707	33	-1	
5	1	6	4	2	1	12	977	16	27	92.604088	ἤ
5	1	6	4	2	2	44	978	155	28	88.672874	ζωοτροφές,
5	1	6	4	2	3	216	979	43	21	87.199783	καί
5	1	6	4	2	4	273	979	28	21	96.885925	τό
5	1	6	4	2	5	313	979	80	22	90.977470	κλειδί
5	1	6	4	2	6	405	981	33	20	96.772240	νά
5	1	6	4	2	7	454	980	28	22	72.060760	τό
5	1	6	4	2	8	497	981	104	27	93.866272	κρατάει
5	1	6	4	2	9	611	982	108	28	95.424629	κάποιος
4	1	6	4	3	0	11	1013	708	31	-1	
5	1	6	4	3	1	11	1013	50	21	96.703453	πού
5	1	6	4	3	2	73	1013	66	28	96.939240	ξέρει
5	1	6	4	3	3	154	1014	61	27	96.569649	τούς
5	1	6	4	3	4	234	1013	141	29	93.251480	κινδύνους.
5	1	6	4	3	5	394	1015	137	23	92.281052	ΟΠΟΙΟΣ
5	1	6	4	3	6	541	1017	110	27	68.432190	ψεκάξει
5	1	6	4	3	7	686	1019	33	21	96.375801	νά
4	1	6	4	4	0	14	1049	705	31	-1	
5	1	6	4	4	1	14	1050	67	25	93.112350	φορᾶ
5	1	6	4	4	2	91	1049	92	27	8.698257	μάσκα,
5	1	6	4	4	3	198	1049	93	27	68.378555	φόρμα,
5	1	6	4	4	4	304	1049	102	29	90.723007	µπότες,
5	1	6	4	4	5	419	1051	88	27	96.307571	γάντια
5	1	6	4	4	6	518	1052	44	21	93.226822	καί
5	1	6	4	4	7	577	1053	84	27	86.663788	γιακά,
5	1	6	4	4	8	673	1054	46	21	35.199768	οοαΐ
4	1	6	4	5	0	12	1083	581	32	-1	
5	1	6	4	5	1	12	1084	93	28	86.688484	µακριά
5	1	6	4	5	2	118	1083	51	26	95.431229	ἀπό
5	1	6	4	5	3	180	1085	111	27	95.867065	πηγάδια
5	1	6	4	5	4	305	1085	42	21	78.081429	καί
5	1	6	4	5	5	358	1086	154	28	63.130573	τρεχούμενα
5	1	6	4	5	6	523	1087	70	28	96.031181	νερά,
3	1	6	5	0	0	13	1119	705	65	-1	
4	1	6	5	1	0	35	1119	680	34	-1	
5	1	6	5	1	1	35	1119	50	22	47.820656	Αν
5	1	6	5	1	2	102	1120	105	28	93.299004	κάποιος
5	1	6	5	1	3	222	1120	128	22	92.283165	αἰσθανθεῖ
5	1	6	5	1	4	365	1121	129	23	83.764000	ἁδιαθεσία
5	1	6	5	1	5	507	1123	44	22	86.790535	στό
5	1	6	5	1	6	586	1124	129	29	40.885586	φψέκασµα,
4	1	6	5	2	0	13	1155	705	29	-1	
5	1	6	5	2	1	13	1155	31	22	88.637482	νά
5	1	6	5	2	2	63	1156	150	28	39.270992	σπαµατήσει
5	1	6	5	2	3	231	1156	102	28	91.946327	ἁμέσως
5	1	6	5	2	4	347	1157	30	27	96.773224	τή
5	1	6	5	2	5	392	1157	99	23	95.607910	δουλειά
5	1	6	5	2	6	507	1159	44	22	96.741577	καί
5	1	6	5	2	7	566	1160	31	22	93.296379	νά
5	1	6	5	2	8	612	1160	81	22	88.874901	κλιθεῖ
5	1	6	5	2	9	703	1161	15	21	70.161446	ὅ
2	1	7	0	0	0	14	1192	108	28	-1	
3	1	7	1	0	0	14	1192	108	28	-1	
4	1	7	1	1	0	14	1192	108	28	-1	
5	1	7	1	1	1	14	1192	108	28	92.040962	γιατρός.
2	1	8	0	0	0	290	313	163	9	-1	
3	1	8	1	0	0	290	313	163	9	-1	
4	1	8	1	1	0	290	313	163	9	-1	
5	1	8	1	1	1	290	313	163	9	95.000000	 
2	1	9	0	0	0	18	1275	700	79	-1	
3	1	9	1	0	0	18	1275	700	79	-1	
4	1	9	1	1	0	18	1275	700	79	-1	
5	1	9	1	1	1	18	1285	121	64	0.000000	Πρὰς
5	1	9	1	1	2	166	1285	109	59	93.293076	τοὺς
5	1	9	1	1	3	296	1275	307	77	15.524948	ἀναπμυῶστες
5	1	9	1	1	4	630	1304	88	50	96.502632	µας
2	1	10	0	0	0	12	1388	705	462	-1	
3	1	10	1	0	0	12	1388	704	139	-1	
4	1	10	1	1	0	36	1388	680	32	-1	
5	1	10	1	1	1	36	1388	34	21	86.537048	Ἡ
5	1	10	1	1	2	85	1388	140	28	78.967621	ἐφημερίδα
5	1	10	1	1	3	240	1397	50	19	93.168037	µας
5	1	10	1	1	4	304	1389	101	28	92.435974	ἐξεδόθη
5	1	10	1	1	5	422	1391	29	21	93.271622	τό
5	1	10	1	1	6	472	1391	60	27	26.393486	’᾿77,
5	1	10	1	1	7	550	1391	31	28	89.018005	µέ
5	1	10	1	1	8	598	1391	77	29	94.636490	στόχο
5	1	10	1	1	9	684	1393	32	21	94.636490	νά
4	1	10	1	2	0	12	1423	704	33	-1	
5	1	10	1	2	1	12	1423	152	29	87.389717	ἐνημερώνει
5	1	10	1	2	2	174	1425	61	27	93.250755	τούς
5	1	10	1	2	3	249	1427	198	26	89.043350	συμσιατριῶτες,
5	1	10	1	2	4	462	1427	43	21	83.184425	καί
5	1	10	1	2	5	519	1427	32	27	72.875412	µέ
5	1	10	1	2	6	564	1427	30	28	92.229088	τή
5	1	10	1	2	7	606	1427	110	29	77.300636	διανένη-
4	1	10	1	3	0	12	1459	703	33	-1	
5	1	10	1	3	1	12	1466	29	20	96.658699	ση
5	1	10	1	3	2	55	1461	50	21	93.299934	τῶν
5	1	10	1	3	3	119	1459	73	23	92.569664	ἰδεῶν
5	1	10	1	3	4	203	1460	32	21	93.302956	νά
5	1	10	1	3	5	248	1459	119	28	70.321381	συµθάλει
5	1	10	1	3	6	381	1461	63	28	96.617790	στήν
5	1	10	1	3	7	456	1463	136	28	96.323486	προώθηση
5	1	10	1	3	8	605	1464	53	21	41.717983	τῶν
5	1	10	1	3	9	667	1472	48	20	41.717983	σερο
4	1	10	1	4	0	13	1495	690	32	-1	
5	1	10	1	4	1	13	1495	132	27	79.911346	θληµάτων
5	1	10	1	4	2	155	1497	44	20	92.729454	ποῦ
5	1	10	1	4	3	210	1497	96	26	92.829987	χωριοῦ
5	1	10	1	4	4	319	1504	50	19	96.551682	µας
5	1	10	1	4	5	382	1497	43	21	93.300827	καί
5	1	10	1	4	6	441	1497	60	29	92.825546	ὅλης
5	1	10	1	4	7	514	1500	48	26	93.304222	τῆς
5	1	10	1	4	8	571	1501	132	26	90.818619	περιοχῆς.
3	1	10	2	0	0	12	1530	705	134	-1	
4	1	10	2	1	0	32	1530	683	33	-1	
5	1	10	2	1	1	32	1530	73	22	44.988861	ατά
5	1	10	2	1	2	120	1531	86	27	89.762230	γενική
5	1	10	2	1	3	222	1531	125	27	91.610039	ὁμολογία,
5	1	10	2	1	4	360	1532	16	27	46.897259	ἡ
5	1	10	2	1	5	390	1533	112	29	68.408806	συµθολή
5	1	10	2	1	6	521	1536	48	26	90.510719	τῆς
5	1	10	2	1	7	597	1534	118	29	33.357475	ἐφημερί-
4	1	10	2	2	0	12	1566	705	32	-1	
5	1	10	2	2	1	12	1566	47	27	91.611954	δας
5	1	10	2	2	2	70	1575	48	19	96.500786	µας
5	1	10	2	2	3	134	1567	62	27	93.302238	στήν
5	1	10	2	2	4	208	1566	131	28	91.301544	ἀφύπνιση
5	1	10	2	2	5	357	1568	43	21	43.262016	καὶ
5	1	10	2	2	6	424	1569	31	27	96.049416	τή
5	1	10	2	2	7	468	1569	167	29	83.858871	διαµόρφωση
5	1	10	2	2	8	669	1572	48	26	94.834229	τῆς
4	1	10	2	3	0	14	1601	702	32	-1	
5	1	10	2	3	1	14	1601	274	31	63.238255	νεοΓεωργιτοιάνικης
5	1	10	2	3	2	316	1603	149	29	78.613220	συνείδησης
5	1	10	2	3	3	479	1605	65	22	91.463150	εἶναι
5	1	10	2	3	4	572	1605	144	28	89.169601	ἀνυπολόγι-
4	1	10	2	4	0	15	1645	54	19	-1	
5	1	10	2	4	1	15	1645	54	19	91.063896	στη.
3	1	10	3	0	0	12	1679	704	171	-1	
4	1	10	3	1	0	35	1679	681	32	-1	
5	1	10	3	1	1	35	1679	146	28	61.042591	ΠΠοναδικός
5	1	10	3	1	2	191	1680	75	27	95.861450	πόρος
5	1	10	3	1	3	278	1680	42	27	96.689514	γιά
5	1	10	3	1	4	332	1680	43	28	96.507133	τήν
5	1	10	3	1	5	387	1682	102	29	92.868004	κάλυψη
5	1	10	3	1	6	504	1685	51	20	93.292694	τῶν
5	1	10	3	1	7	568	1683	104	27	90.066788	ἐξόδων,
5	1	10	3	1	8	687	1682	29	22	60.548630	ἕκ
4	1	10	3	2	0	15	1715	700	32	-1	
5	1	10	3	2	1	15	1715	119	27	90.085190	τύπωσης
5	1	10	3	2	2	146	1715	43	22	0.000000	ραἱ
5	1	10	3	2	3	204	1715	138	29	91.144676	ἀποστολῆς
5	1	10	3	2	4	358	1718	64	22	93.293297	εἶναι
5	1	10	3	2	5	441	1719	16	27	0.000000	ἢ
5	1	10	3	2	6	482	1719	78	28	12.578545	µικρή.
5	1	10	3	2	7	590	1718	125	28	54.213249	συνδρομή
4	1	10	3	3	0	15	1751	701	43	-1	
5	1	10	3	3	1	15	1751	50	21	93.301651	τῶν
5	1	10	3	3	2	78	1751	165	27	85.479965	ἀναγνωστῶν
5	1	10	3	3	3	259	1759	58	19	94.064018	της.
5	1	10	3	3	4	330	1752	49	22	96.431999	Γιά
5	1	10	3	3	5	394	1754	45	26	93.302200	τήν
5	1	10	3	3	6	454	1755	123	25	92.647980	εἴσπραξη
5	1	10	3	3	7	596	1755	53	26	80.251717	τῆς,
5	1	10	3	3	8	661	1760	55	34	79.152893	συν-
4	1	10	3	4	0	14	1784	701	44	-1	
5	1	10	3	4	1	14	1785	102	28	85.562965	δραμῆς,
5	1	10	3	4	2	134	1786	15	27	0.000000	ᾗ
5	1	10	3	4	3	164	1786	137	28	92.582962	ἐφημερίδα
5	1	10	3	4	4	316	1784	67	31	72.162857	λόγω
5	1	10	3	4	5	405	1788	165	27	80.615883	ἀποστάσεως
5	1	10	3	4	6	582	1788	43	21	96.819374	δέν
5	1	10	3	4	7	663	1795	52	33	69.216805	ἔνο-
4	1	10	3	5	0	12	1821	703	29	-1	
5	1	10	3	5	1	12	1821	55	27	87.935997	χλεῖ
5	1	10	3	5	2	84	1821	106	22	88.261536	κανέναν
5	1	10	3	5	3	220	1824	177	26	76.981842	προσωπωιῶς,
5	1	10	3	5	4	434	1823	86	27	86.713791	ἁπλῶς
5	1	10	3	5	5	553	1822	162	28	72.595268	ὑπενθυμίξει
2	1	11	0	0	0	372	1254	316	7	-1	
3	1	11	1	0	0	372	1254	316	7	-1	
4	1	11	1	1	0	372	1254	316	7	-1	
5	1	11	1	1	1	372	1254	316	7	95.000000	 
2	1	12	0	0	0	18	1245	353	18	-1	
3	1	12	1	0	0	18	1245	353	18	-1	
4	1	12	1	1	0	18	1245	353	18	-1	
5	1	12	1	1	1	18	1245	353	18	95.000000	 
2	1	13	0	0	0	14	1853	701	69	-1	
3	1	13	1	0	0	14	1853	701	69	-1	
4	1	13	1	1	0	14	1853	701	51	-1	
5	1	13	1	1	1	14	1858	75	27	88.613075	στούς
5	1	13	1	1	2	107	1857	221	29	45.664131	καθυστερούντας
5	1	13	1	1	3	346	1858	32	28	96.179840	τή.
5	1	13	1	1	4	402	1857	133	29	27.960190	συνδρομή:
5	1	13	1	1	5	555	1857	70	27	93.097282	ἀλλά,
5	1	13	1	1	6	651	1853	64	51	90.338127	τούς
4	1	13	1	2	0	14	1892	700	30	-1	
5	1	13	1	2	1	14	1892	94	23	73.791000	στέλνει
5	1	13	1	2	2	123	1893	137	28	60.220562	ἀνελλισπῶς
5	1	13	1	2	3	274	1893	69	22	89.291763	ἐπί...
5	1	13	1	2	4	360	1893	19	23	73.309631	9
5	1	13	1	2	5	394	1893	89	29	93.297302	χρόνια
5	1	13	1	2	6	494	1893	43	22	91.602921	ὅλα
5	1	13	1	2	7	554	1902	30	13	96.047165	τά
5	1	13	1	2	8	621	1893	93	27	80.001991	«φύλλα,
2	1	14	0	0	0	10	1925	706	466	-1	
3	1	14	1	0	0	10	1925	706	409	-1	
4	1	14	1	1	0	14	1925	702	50	-1	
5	1	14	1	1	1	14	1929	43	21	78.428886	καί
5	1	14	1	1	2	66	1926	125	32	0.705231	περιμένει
5	1	14	1	1	3	205	1930	166	27	91.481705	ὑπομονετικά
5	1	14	1	1	4	388	1929	61	29	96.756645	τούς
5	1	14	1	1	5	459	1925	198	50	92.112335	πολυάσχολους.
5	1	14	1	1	6	674	1929	42	21	87.523087	Μέ
4	1	14	1	2	0	13	1960	702	51	-1	
5	1	14	1	2	1	13	1964	29	28	96.485931	τή
5	1	14	1	2	2	58	1965	45	28	53.352695	ροή
5	1	14	1	2	3	119	1967	44	20	96.223282	τοῦ
5	1	14	1	2	4	177	1966	90	28	93.298958	χρόνου
5	1	14	1	2	5	283	1966	97	27	0.000000	µερώοί
5	1	14	1	2	6	393	1965	108	29	91.742348	ἀμελεῖς,
5	1	14	1	2	7	520	1960	195	51	73.559494	συγοινούµενοι
4	1	14	1	3	0	13	1997	702	49	-1	
5	1	14	1	3	1	13	1999	47	23	96.437653	ἀπό
5	1	14	1	3	2	69	2001	47	28	93.031624	τήν
5	1	14	1	3	3	134	2001	178	29	63.315395	ἀφιλοκέρδεια
5	1	14	1	3	4	324	2002	42	21	68.359360	καὲ
5	1	14	1	3	5	379	2001	46	29	93.295677	τήν
5	1	14	1	3	6	439	2002	85	28	73.524918	ἄφογη
5	1	14	1	3	7	540	1997	175	49	74.840408	συμπεριφορά
4	1	14	1	4	0	12	2033	702	50	-1	
5	1	14	1	4	1	12	2037	47	27	93.298492	τῆς
5	1	14	1	4	2	74	2037	163	30	80.347809	ἐφημερίδας,
5	1	14	1	4	3	256	2037	116	23	95.959503	στέλνουν
5	1	14	1	4	4	388	2038	30	28	96.321907	τή
5	1	14	1	4	5	434	2033	134	50	12.392815	συνδρομή.
5	1	14	1	4	6	576	2044	61	20	91.133194	τους
5	1	14	1	4	7	663	2044	51	35	87.870277	καί
4	1	14	1	5	0	12	2069	703	51	-1	
5	1	14	1	5	1	12	2073	59	29	93.301163	τούς
5	1	14	1	5	2	81	2074	180	29	82.139359	εὐχαριστοῦμε
5	1	14	1	5	3	276	2074	85	28	89.392776	θερµά.
5	1	14	1	5	4	381	2074	52	28	0.000000	Ας
5	1	14	1	5	5	446	2069	188	51	92.289291	ἀκολουθήσουν
5	1	14	1	5	6	662	2079	53	15	91.494064	ὅσοι
4	1	14	1	6	0	12	2107	699	49	-1	
5	1	14	1	6	1	12	2108	79	29	87.227303	ἀκόμα
5	1	14	1	6	2	108	2111	177	28	90.071571	καθυστεροῦν,
5	1	14	1	6	3	304	2110	32	22	96.628708	θά
5	1	14	1	6	4	352	2111	59	27	96.628708	τούς
5	1	14	1	6	5	429	2110	98	41	87.132401	εἵμαστε
5	1	14	1	6	6	543	2107	168	49	91.614746	εὐγνώμονες.
4	1	14	1	7	0	10	2143	704	44	-1	
5	1	14	1	7	1	10	2143	43	23	15.268158	ῆΜέ
5	1	14	1	7	2	68	2147	46	26	49.867218	γιά
5	1	14	1	7	3	127	2147	122	27	39.929512	συνδρομή
5	1	14	1	7	4	264	2146	87	28	94.738228	κανείς
5	1	14	1	7	5	365	2146	42	22	93.286499	δέν
5	1	14	1	7	6	423	2153	149	21	91.658974	φτωχαίνει,
5	1	14	1	7	7	588	2152	59	35	93.126755	οὔτε
5	1	14	1	7	8	660	2140	9	51	61.659950	ἤ
5	1	14	1	7	9	691	2153	23	33	83.808014	ἕ-
4	1	14	1	8	0	13	2180	701	42	-1	
5	1	14	1	8	1	13	2181	125	28	45.213905	φηµερίδα
5	1	14	1	8	2	148	2190	50	20	95.524529	µας
5	1	14	1	8	3	212	2183	30	21	93.301338	θά
5	1	14	1	8	4	255	2182	136	26	91.985695	πλουτίσει,
5	1	14	1	8	5	408	2181	86	28	92.037277	ἁπλῶς
5	1	14	1	8	6	508	2180	32	22	96.283508	θά
5	1	14	1	8	7	550	2187	121	35	65.286179	µσορέσει
5	1	14	1	8	8	684	2187	30	14	95.875183	νά
4	1	14	1	9	0	12	2212	701	50	-1	
5	1	14	1	9	1	12	2217	126	27	92.309357	συνεχίσει
5	1	14	1	9	2	156	2217	43	21	0.000000	τόν
5	1	14	1	9	3	213	2217	86	27	72.949295	ἀγώνα
5	1	14	1	9	4	313	2217	41	26	95.627037	γιά
5	1	14	1	9	5	368	2218	45	26	84.490784	τή»
5	1	14	1	9	6	430	2217	135	27	59.548378	ἀνάναμψη
5	1	14	1	9	7	580	2223	45	14	96.970734	τοῦ
5	1	14	1	9	8	639	2212	74	50	68.902931	χωρι-
4	1	14	1	10	0	12	2251	700	29	-1	
5	1	14	1	10	1	12	2252	37	25	64.907822	οὔ,
5	1	14	1	10	2	62	2252	49	21	80.788406	σιού
5	1	14	1	10	3	127	2252	50	28	93.283333	ἤδη
5	1	14	1	10	4	192	2252	129	28	87.647179	θρίσκεται
5	1	14	1	10	5	338	2253	28	21	91.666145	σέ
5	1	14	1	10	6	383	2253	82	21	93.292122	στάδιο
5	1	14	1	10	7	480	2251	117	27	91.804558	ἀνέλιξης
5	1	14	1	10	8	613	2259	43	13	71.520584	2αΐ
5	1	14	1	10	9	674	2259	38	19	39.949150	ὅὃρ-
4	1	14	1	11	0	13	2287	682	47	-1	
5	1	14	1	11	1	13	2289	93	25	88.251328	γασμοῦ
5	1	14	1	11	2	120	2288	60	28	91.695770	στήν
5	1	14	1	11	3	199	2287	188	29	80.220093	ἀνοικοδόμηση.
5	1	14	1	11	4	689	2327	6	7	0.000000	,
3	1	14	2	0	0	10	2328	701	63	-1	
4	1	14	2	1	0	35	2328	676	30	-1	
5	1	14	2	1	1	35	2328	30	22	66.413208	Ὁ
5	1	14	2	1	2	82	2329	138	22	93.300903	Ναπολέων
5	1	14	2	1	3	238	2329	61	21	69.415436	εἶπει
5	1	14	2	1	4	324	2329	124	29	17.590981	«Όποιος
5	1	14	2	1	5	464	2328	127	28	96.377174	πληρώνει
5	1	14	2	1	6	604	2328	31	22	93.095535	τά
5	1	14	2	1	7	648	2336	63	20	95.539368	χρέη
4	1	14	2	2	0	10	2364	209	27	-1	
5	1	14	2	2	1	10	2371	43	14	91.512985	του
5	1	14	2	2	2	69	2364	150	27	59.169144	πλουτίδει».
2	1	15	0	0	0	570	2423	141	8	-1	
3	1	15	1	0	0	570	2423	141	8	-1	
4	1	15	1	1	0	570	2423	141	8	-1	
5	1	15	1	1	1	570	2423	141	8	95.000000	 
2	1	16	0	0	0	38	2415	491	19	-1	
3	1	16	1	0	0	38	2415	491	19	-1	
4	1	16	1	1	0	38	2415	491	19	-1	
5	1	16	1	1	1	38	2415	491	19	95.000000	 
2	1	17	0	0	0	60	2454	599	52	-1	
3	1	17	1	0	0	60	2454	599	52	-1	
4	1	17	1	1	0	60	2454	599	52	-1	
5	1	17	1	1	1	60	2454	275	52	82.614235	Ἡροστασία
5	1	17	1	1	2	355	2455	304	51	47.002304	µητρότητος
2	1	18	0	0	0	6	2536	703	211	-1	
3	1	18	1	0	0	6	2536	703	211	-1	
4	1	18	1	1	0	36	2536	672	51	-1	
5	1	18	1	1	1	36	2541	43	21	6.554001	Ιέ
5	1	18	1	1	2	94	2543	28	21	96.944695	τό
5	1	18	1	1	3	134	2542	62	22	95.059898	ποσό
5	1	18	1	1	4	208	2543	51	21	92.134224	τῶν
5	1	18	1	1	5	270	2541	173	23	40.048237	3.0Ο00Ο.ΟΟΟ
5	1	18	1	1	6	458	2543	116	28	69.636322	δραχμῶν.
5	1	18	1	1	7	582	2536	51	51	96.342850	στά
5	1	18	1	1	8	642	2540	66	23	13.945015	σελαί-
4	1	18	1	2	0	9	2574	699	49	-1	
5	1	18	1	2	1	9	2583	40	15	92.955322	σια
5	1	18	1	2	2	62	2579	43	19	95.174820	τοῦ
5	1	18	1	2	3	122	2577	202	29	71.925476	Προγράµµατος
5	1	18	1	2	4	354	2577	164	29	86.407425	Προστασίας
5	1	18	1	2	5	547	2574	161	49	85.344391	Μητρότητας
4	1	18	1	3	0	7	2608	701	51	-1	
5	1	18	1	3	1	7	2615	44	19	93.296028	τοῦ
5	1	18	1	3	2	68	2613	169	28	63.689465	'Ὑπουργείου
5	1	18	1	3	3	258	2614	106	26	41.714203	"Υγείας
5	1	18	1	3	4	376	2614	43	21	80.258781	καί
5	1	18	1	3	5	433	2614	126	27	59.605782	Πρόνοιας
5	1	18	1	3	6	570	2608	138	51	92.768394	ἐπιδοτοῦν-
4	1	18	1	4	0	7	2643	702	47	-1	
5	1	18	1	4	1	7	2643	51	29	48.060181	ταί,
5	1	18	1	4	2	72	2648	31	26	69.037231	µέ
5	1	18	1	4	3	118	2648	126	26	0.000000	ἀπιόφασ]
5	1	18	1	4	4	255	2649	43	19	87.560303	τοῦ
5	1	18	1	4	5	303	2647	132	27	0.000000	Πομάρχη
5	1	18	1	4	6	448	2649	137	27	59.352158	Δακωνίας.
5	1	18	1	4	7	591	2647	118	43	0.000000	-Σιάννη
4	1	18	1	5	0	6	2681	701	30	-1	
5	1	18	1	5	1	6	2681	158	26	63.955906	Σαθαλάνου,
5	1	18	1	5	2	181	2681	43	21	40.093292	60
5	1	18	1	5	3	241	2681	166	28	69.233208	ἑργαζόμενες
5	1	18	1	5	4	419	2695	8	3	89.305359	-
5	1	18	1	5	5	442	2683	57	21	72.529099	στόν
5	1	18	1	5	6	514	2683	115	28	57.092102	ἀγρατικό
5	1	18	1	5	7	642	2690	65	20	88.377312	κυρί-
4	1	18	1	6	0	6	2716	693	31	-1	
5	1	18	1	6	1	6	2725	38	19	89.727989	ως
5	1	18	1	6	2	55	2716	76	28	93.298203	τοµέα
5	1	18	1	6	3	144	2730	7	3	90.956917	-
5	1	18	1	6	4	162	2717	116	28	10.217201	μητέρες,
5	1	18	1	6	5	294	2716	23	22	88.810036	οἳ
5	1	18	1	6	6	329	2716	86	29	41.118896	δποῖες
5	1	18	1	6	7	425	2717	64	23	93.302826	εἶναι
5	1	18	1	6	8	504	2718	195	29	41.527168	ἀνασφάλιστες..
2	1	19	0	0	0	294	2514	141	10	-1	
3	1	19	1	0	0	294	2514	141	10	-1	
4	1	19	1	1	0	294	2514	141	10	-1	
5	1	19	1	1	1	294	2514	141	10	95.000000	 
2	1	20	0	0	0	3	2763	705	228	-1	
3	1	20	1	0	0	5	2763	702	101	-1	
4	1	20	1	1	0	27	2763	680	29	-1	
5	1	20	1	1	1	27	2763	42	22	80.646858	Μέ
5	1	20	1	1	2	82	2763	30	28	96.320862	τή
5	1	20	1	1	3	129	2764	102	28	92.173790	διάθεση
5	1	20	1	1	4	243	2765	50	21	95.696259	τῶν
5	1	20	1	1	5	306	2765	135	27	62.085899	χρημάτων
5	1	20	1	1	6	456	2765	81	22	93.299438	αὐτῶν
5	1	20	1	1	7	550	2766	157	22	27.775894	ἐκανοποιοῦν
4	1	20	1	2	0	6	2798	701	32	-1	
5	1	20	1	2	1	6	2798	40	24	87.883621	ται
5	1	20	1	2	2	58	2799	113	29	83.153679	αἰτήσεις
5	1	20	1	2	3	184	2801	48	21	91.565140	πού
5	1	20	1	2	4	248	2800	73	28	92.630852	ἔχουν
5	1	20	1	2	5	336	2800	139	28	90.170525	ὑποέληθεῖ
5	1	20	1	2	6	488	2801	43	22	93.292328	στό
5	1	20	1	2	7	543	2801	88	29	61.796661	Ἰμῆμα
5	1	20	1	2	8	647	2801	60	22	52.038578	ζοι-
4	1	20	1	3	0	5	2835	660	29	-1	
5	1	20	1	3	1	5	2837	113	25	34.355484	νωφνωῆς
5	1	20	1	3	2	130	2835	127	29	91.639328	Πρόνοιας
5	1	20	1	3	3	272	2835	74	28	63.556927	µέχοι
5	1	20	1	3	4	356	2836	41	27	92.619873	τίς
5	1	20	1	3	5	410	2836	19	21	51.935883	ὃδ
5	1	20	1	3	6	443	2836	116	28	44.672112	Μαρτίου
5	1	20	1	3	7	575	2835	90	23	53.026009	195865.
3	1	20	2	0	0	3	2883	705	108	-1	
4	1	20	2	1	0	26	2883	682	30	-1	
5	1	20	2	1	1	26	2883	73	23	0.000000	Ἰἠέσα
5	1	20	2	1	2	110	2883	45	23	94.695145	στό
5	1	20	2	1	3	172	2884	82	23	24.106316	1986
5	1	20	2	1	4	270	2883	31	23	93.287384	θά
5	1	20	2	1	5	316	2883	147	29	89.229607	καλυφθοῦν
5	1	20	2	1	6	478	2885	43	22	93.290756	καί
5	1	20	2	1	7	533	2885	23	22	92.672943	οἳ
5	1	20	2	1	8	573	2883	135	30	48.811131	ὑπόλοισες
4	1	20	2	2	0	3	2915	704	55	-1	
5	1	20	2	2	1	3	2921	168	33	96.549232	περιπτώσεις
5	1	20	2	2	2	184	2923	50	23	93.256256	τῶν
5	1	20	2	2	3	252	2920	173	31	63.790901	ἐργαξομένων
5	1	20	2	2	4	436	2921	115	45	37.701916	µητέρων
5	1	20	2	2	5	554	2915	68	55	67.676834	-στόν
5	1	20	2	2	6	636	2915	71	55	47.860569	ἀγρο-
4	1	20	2	3	0	5	2958	701	33	-1	
5	1	20	2	3	1	5	2962	54	24	93.250099	τικό
5	1	20	2	3	2	72	2960	84	31	93.281418	τοµέα,
5	1	20	2	3	3	172	2961	23	24	93.265503	οἳ
5	1	20	2	3	4	210	2961	84	28	86.540878	δποῖες
5	1	20	2	3	5	310	2959	138	29	64.535019	ἐκκρεμοῦν
5	1	20	2	3	6	463	2967	42	15	30.834282	στό
5	1	20	2	3	7	522	2967	81	22	81.902542	τμῆμα
5	1	20	2	3	8	640	2958	66	30	21.398888	ἍἩΠρό-
2	1	21	0	0	0	5	3009	76	19	-1	
3	1	21	1	0	0	5	3009	76	19	-1	
4	1	21	1	1	0	5	3009	76	19	-1	
5	1	21	1	1	1	5	3009	76	19	85.108246	νοιας.
2	1	22	0	0	0	575	3053	130	8	-1	
3	1	22	1	0	0	575	3053	130	8	-1	
4	1	22	1	1	0	575	3053	130	8	-1	
5	1	22	1	1	1	575	3053	130	8	95.000000	 
2	1	23	0	0	0	176	3085	370	24	-1	
3	1	23	1	0	0	176	3085	370	24	-1	
4	1	23	1	1	0	176	3085	370	24	-1	
5	1	23	1	1	1	176	3085	205	24	20.239799	ΒΡΑΚΤΑ
5	1	23	1	1	2	417	3085	22	22	27.960518	Ὁ
5	1	23	1	1	3	456	3085	90	22	27.960518	4ΑΤ4Α
2	1	24	0	0	0	50	3132	616	254	-1	
3	1	24	1	0	0	50	3132	616	254	-1	
4	1	24	1	1	0	74	3132	567	26	-1	
5	1	24	1	1	1	74	3133	211	25	0.000000	οοµΡύΤΕΚΣ5
5	1	24	1	1	2	304	3146	7	4	33.912743	-
5	1	24	1	1	3	325	3132	316	24	33.912743	ΜΗΧΑΝΟΡΓΑΝΩΣΗ
4	1	24	1	2	0	202	3175	320	23	-1	
5	1	24	1	2	1	202	3175	320	23	64.138641	ΕΦΑΡΜΟΓΕΣ
4	1	24	1	3	0	141	3217	448	41	-1	
5	1	24	1	3	1	141	3218	256	40	28.791687	ΜΗΜΗΤΡΙ0Σ
5	1	24	1	3	2	428	3217	161	41	0.000000	ΣΙΓΛΛΑΣ
4	1	24	1	4	0	91	3267	530	25	-1	
5	1	24	1	4	1	91	3267	182	24	71.143829	4ΟΓΙΣΤΗΣ
5	1	24	1	4	2	289	3281	8	3	90.019623	-
5	1	24	1	4	3	316	3267	305	25	0.000000	ΟΙΚΟΝΟΜΟΑΙΟΓΟΣ
4	1	24	1	5	0	50	3310	616	34	-1	
5	1	24	1	5	1	50	3311	83	23	90.982101	ΚΩΝ.
5	1	24	1	5	2	148	3310	254	34	35.654129	ΠΑΛΑΙΟ4ΑΟΓΟΣ
5	1	24	1	5	3	419	3311	38	24	92.741966	16
5	1	24	1	5	4	471	3323	24	3	67.239761	--
5	1	24	1	5	5	508	3311	48	29	93.296799	Ίος
5	1	24	1	5	6	571	3310	95	30	92.336876	ὄροφος
4	1	24	1	6	0	137	3359	454	27	-1	
5	1	24	1	6	1	137	3361	144	25	92.537560	ΣΠΑΡΤΗ
5	1	24	1	6	2	292	3372	24	4	53.410572	--
5	1	24	1	6	3	329	3360	126	24	53.410572	ΤΗΛΕΦ.
5	1	24	1	6	4	470	3359	121	25	80.096451	24.60Υ
2	1	25	0	0	0	197	3056	317	8	-1	
3	1	25	1	0	0	197	3056	317	8	-1	
4	1	25	1	1	0	197	3056	317	8	-1	
5	1	25	1	1	1	197	3056	317	8	95.000000	 
2	1	26	0	0	0	64	3056	132	10	-1	
3	1	26	1	0	0	64	3056	132	10	-1	
4	1	26	1	1	0	64	3056	132	10	-1	
5	1	26	1	1	1	64	3056	132	10	95.000000	 
2	1	27	0	0	0	10	3059	53	7	-1	
3	1	27	1	0	0	10	3059	53	7	-1	
4	1	27	1	1	0	10	3059	53	7	-1	
5	1	27	1	1	1	10	3059	53	7	0.000000	πσοντ--νο-
2	1	28	0	0	0	872	303	7	4	-1	
3	1	28	1	0	0	872	303	7	4	-1	
4	1	28	1	1	0	872	303	7	4	-1	
5	1	28	1	1	1	872	303	7	4	21.633453	,
2	1	29	0	0	0	876	881	452	34	-1	
3	1	29	1	0	0	876	881	452	34	-1	
4	1	29	1	1	0	876	881	452	34	-1	
5	1	29	1	1	1	876	881	145	27	0.000000	------
5	1	29	1	1	2	1033	884	39	26	52.474560	ιά
5	1	29	1	1	3	1084	885	43	27	93.289757	τήν
5	1	29	1	1	4	1124	884	153	31	26.906090	ἐκπαίδευση
5	1	29	1	1	5	1291	890	37	18	26.910278	γιαί
2	1	30	0	0	0	986	163	396	45	-1	
3	1	30	1	0	0	986	163	396	45	-1	
4	1	30	1	1	0	986	163	396	45	-1	
5	1	30	1	1	1	986	163	153	45	55.245667	ΓΕΟΡΓΙΤΣΙ
5	1	30	1	1	2	1349	175	33	21	0.000000	-
2	1	31	0	0	0	1057	218	1375	39	-1	
3	1	31	1	0	0	1057	218	1375	39	-1	
4	1	31	1	1	0	1057	218	1375	39	-1	
5	1	31	1	1	1	1057	218	1375	39	95.000000	 
2	1	32	0	0	0	995	263	952	103	-1	
3	1	32	1	0	0	995	263	1039	103	-1	
4	1	32	1	1	0	995	263	952	103	-1	
5	1	32	1	1	1	995	263	38	58	3.719742	Ἅ
5	1	32	1	1	2	1047	264	241	64	0.000000	ἐΚπῃΙὕΕΙΙΠῃ
5	1	32	1	1	3	1301	273	72	67	33.870316	πῃὺ
5	1	32	1	1	4	1386	275	63	58	41.218765	ΚΠί
5	1	32	1	1	5	1462	278	96	65	45.641953	μετή
5	1	32	1	1	6	1573	279	46	59	42.453808	τή
5	1	32	1	1	7	1637	282	75	84	45.855286	Μι
5	1	32	1	1	8	1763	269	271	39	0.000000	Ὕλλτοσεν
2	1	33	0	0	0	973	353	591	524	-1	
3	1	33	1	0	0	973	353	591	524	-1	
4	1	33	1	1	0	1125	353	439	37	-1	
5	1	33	1	1	1	1125	353	45	19	92.045845	Τοῦ
5	1	33	1	1	2	1180	355	134	23	82.674583	ἀείμνηστου
5	1	33	1	1	3	1323	359	81	21	44.655869	ΓΤΕΩΡ,
5	1	33	1	1	4	1415	362	23	18	74.852364	ᾱ.
5	1	33	1	1	5	1447	359	117	31	48.463066	ΣΚΑΕΚΑ
4	1	33	1	2	0	1007	386	332	34	-1	
5	1	33	1	2	1	1007	386	45	18	93.095116	Δέν
5	1	33	1	2	2	1066	387	85	24	92.416649	ὑπῆρχε
5	1	33	1	2	3	1167	391	38	20	92.351700	στή
5	1	33	1	2	4	1223	387	116	33	91.523560	θυζαντινή
4	1	33	1	3	0	983	420	378	28	-1	
5	1	33	1	3	1	983	420	70	24	91.865372	ἐποχή
5	1	33	1	3	2	1082	423	73	19	37.769333	ἐνιαῖο
5	1	33	1	3	3	1184	425	156	23	55.122238	ἐκπαιδευτικό
5	1	33	1	3	4	1360	430	1	3	0.000000	ὁ
4	1	33	1	4	0	984	457	354	34	-1	
5	1	33	1	4	1	984	457	138	23	40.361752	πρένγραµµα,
5	1	33	1	4	2	1147	460	49	19	94.507767	οὔτε
5	1	33	1	4	3	1232	460	106	31	0.000000	κξενπριχή
4	1	33	1	5	0	982	491	357	33	-1	
5	1	33	1	5	1	982	491	58	23	81.137634	ἀρχή
5	1	33	1	5	2	1056	493	41	19	94.531525	πού
5	1	33	1	5	3	1110	495	29	18	89.629417	νά
5	1	33	1	5	4	1166	496	116	22	77.682739	ἐπιθλέπει
5	1	33	1	5	5	1311	501	28	23	95.763794	τά
4	1	33	1	6	0	982	528	355	26	-1	
5	1	33	1	6	1	982	528	97	22	91.192093	σχολεῖα,
5	1	33	1	6	2	1096	531	37	17	0.000000	πα
5	1	33	1	6	3	1149	532	30	22	90.524948	γι
5	1	33	1	6	4	1196	533	53	19	92.175003	αὐτό
5	1	33	1	6	5	1268	535	29	18	76.875961	κι
5	1	33	1	6	6	1325	536	12	18	84.549561	ὁ
4	1	33	1	7	0	980	563	356	31	-1	
5	1	33	1	7	1	980	563	79	24	47.897896	χβόνες
5	1	33	1	7	2	1072	566	37	22	93.285843	τῆς
5	1	33	1	7	3	1125	566	93	25	56.187496	ἕναρξης
5	1	33	1	7	4	1233	570	103	24	84.029892	φοίτησης
4	1	33	1	8	0	980	598	356	28	-1	
5	1	33	1	8	1	980	598	41	18	29.675652	δέν
5	1	33	1	8	2	1037	599	42	21	80.723114	ἧτο
5	1	33	1	8	3	1094	601	124	25	69.307358	ὡρισμένος,
5	1	33	1	8	4	1233	605	52	19	93.299408	οὔτε
5	1	33	1	8	5	1299	612	37	14	92.922516	πε-
4	1	33	1	9	0	979	633	356	32	-1	
5	1	33	1	9	1	979	633	20	23	75.043381	ρί
5	1	33	1	9	2	1012	635	149	25	88.582199	διδακτηρίων
5	1	33	1	9	3	1172	641	80	21	61.933563	µπορεῖ
5	1	33	1	9	4	1262	641	30	19	93.266388	νά
5	1	33	1	9	5	1304	648	31	17	78.943344	γί-
4	1	33	1	10	0	977	670	347	29	-1	
5	1	33	1	10	1	977	673	34	14	93.013229	νει
5	1	33	1	10	2	1025	670	72	24	94.360641	λόγος,
5	1	33	1	10	3	1111	673	40	19	96.705193	Γιά
5	1	33	1	10	4	1168	675	132	24	50.869595	διδακτήρια
5	1	33	1	10	5	1313	678	11	18	67.468613	ἐ
4	1	33	1	11	0	976	709	356	27	-1	
5	1	33	1	11	1	976	709	197	19	85.208611	χρησιμοποιοῦντο
5	1	33	1	11	2	1186	711	81	19	43.402859	χελλιά
5	1	33	1	11	3	1296	718	36	18	80.470291	µο-
4	1	33	1	12	0	976	743	355	27	-1	
5	1	33	1	12	1	976	743	130	21	86.928726	ναστηριῶν,
5	1	33	1	12	2	1122	743	13	21	85.063568	ἤ
5	1	33	1	12	3	1160	745	131	25	50.948391	ἐκκλησιῶν,
5	1	33	1	12	4	1318	749	13	21	80.286514	ἤ
4	1	33	1	13	0	975	775	356	37	-1	
5	1	33	1	13	1	975	775	58	19	33.303993	ἄλλα«
5	1	33	1	13	2	1047	777	109	24	42.983978	οἰκήματα
5	1	33	1	13	3	1170	781	42	19	91.294441	πού
5	1	33	1	13	4	1224	782	26	18	83.575951	δά
5	1	33	1	13	5	1261	780	70	32	76.221611	προφύ
4	1	33	1	14	0	974	811	369	34	-1	
5	1	33	1	14	1	974	811	75	23	65.820023	λαγαν
5	1	33	1	14	2	1064	814	48	23	96.622253	τούς
5	1	33	1	14	3	1130	812	96	32	57.061466	µοθητάς
5	1	33	1	14	4	1243	818	44	27	96.913628	ἀπό
5	1	33	1	14	5	1299	820	44	23	95.392227	τίς
5	1	33	1	14	6	1335	814	12	35	96.262192	|
4	1	33	1	15	0	973	848	356	29	-1	
5	1	33	1	15	1	973	848	98	24	12.042397	καιρικές
5	1	33	1	15	2	1085	849	131	27	86.941513	ἀνωμαλίες.
5	1	33	1	15	3	1233	854	24	18	86.941513	Ἡ
5	1	33	1	15	4	1273	860	56	17	63.403980	φρον
2	1	34	0	0	0	962	913	718	325	-1	
3	1	34	1	0	0	970	913	710	46	-1	
4	1	34	1	1	0	970	913	710	46	-1	
5	1	34	1	1	1	970	917	27	17	92.172729	τά
5	1	34	1	1	2	1008	917	131	25	43.259804	διδακτήρια«
5	1	34	1	1	3	1150	921	41	20	64.167213	ἦτο
5	1	34	1	1	4	1202	922	55	23	91.639786	ἔργο
5	1	34	1	1	5	1267	925	37	22	96.169228	τῆς
5	1	34	1	1	6	1315	913	122	41	26.754242	ἐκκλησίας
5	1	34	1	1	7	1449	929	23	17	67.521484	κ΄
5	1	34	1	1	8	1485	931	44	17	95.854233	τῶν
5	1	34	1	1	9	1537	921	143	38	91.842865	κοινοτήτων.
3	1	34	2	0	0	966	952	713	142	-1	
4	1	34	2	1	0	993	952	686	39	-1	
5	1	34	2	1	1	993	952	26	18	93.299072	Οἱ
5	1	34	2	1	2	1030	953	129	21	88.763741	διδάσκαλοι
5	1	34	2	1	3	1172	957	42	17	95.590912	δέν
5	1	34	2	1	4	1229	958	109	24	73.091461	ἔπαιρναν
5	1	34	2	1	5	1351	962	83	22	20.018784	καμμία
5	1	34	2	1	6	1447	968	177	20	80.562401	προπαταρχτική
5	1	34	2	1	7	1637	969	42	22	74.095085	µόρ
4	1	34	2	2	0	968	989	710	39	-1	
5	1	34	2	2	1	968	992	67	18	43.936668	Φωση,
5	1	34	2	2	2	1050	989	95	23	58.347012	ἀρχοῦσε
5	1	34	2	2	3	1160	992	28	18	96.865067	νά
5	1	34	2	2	4	1203	994	121	24	96.356461	γνωρίζουν
5	1	34	2	2	5	1338	997	81	23	96.344093	γραφή,
5	1	34	2	2	6	1437	998	120	24	84.984886	ἀνάγνωση
5	1	34	2	2	7	1585	1003	37	18	35.084473	ναί
5	1	34	2	2	8	1647	1005	31	23	96.806580	τίς
4	1	34	2	3	0	966	1023	712	40	-1	
5	1	34	2	3	1	966	1023	101	25	92.883781	τέσσερες
5	1	34	2	3	2	1078	1025	138	26	70.229424	ἀριθμητικές
5	1	34	2	3	3	1229	1030	93	24	93.236824	πράξεις.
5	1	34	2	3	4	1338	1031	33	21	88.974052	Τή
5	1	34	2	3	5	1385	1033	115	23	93.740311	διδακτική
5	1	34	2	3	6	1513	1037	80	21	33.927437	μέθοδο
5	1	34	2	3	7	1605	1039	73	24	89.768044	ἔπαιρ-
4	1	34	2	4	0	966	1059	485	35	-1	
5	1	34	2	4	1	966	1063	44	14	91.934662	ναν
5	1	34	2	4	2	1023	1059	44	19	95.776405	ἀπό
5	1	34	2	4	3	1079	1061	50	24	93.297775	τούς
5	1	34	2	4	4	1141	1063	144	26	91.637642	διδασκάλους
5	1	34	2	4	5	1299	1072	51	14	95.674438	των.
5	1	34	2	4	6	1448	1092	3	2	0.000000	:
3	1	34	3	0	0	962	1095	712	143	-1	
4	1	34	3	1	0	989	1095	685	38	-1	
5	1	34	3	1	1	989	1095	26	18	40.711819	Φἱ
5	1	34	3	1	2	1022	1095	95	25	96.589294	πατέρες
5	1	34	3	1	3	1130	1099	37	23	96.316757	τῆς
5	1	34	3	1	4	1184	1099	119	26	48.591732	ἐχχλησίας
5	1	34	3	1	5	1323	1103	37	18	72.766571	ποαί
5	1	34	3	1	6	1376	1104	13	18	37.407871	ὁ
5	1	34	3	1	7	1404	1105	52	24	56.603500	λαός
5	1	34	3	1	8	1472	1107	59	21	91.560539	ἦσαν
5	1	34	3	1	9	1545	1109	129	24	57.020115	διχασµένοι
4	1	34	3	2	0	965	1130	708	35	-1	
5	1	34	3	2	1	965	1130	36	22	96.512146	γιά
5	1	34	3	2	2	1015	1131	26	21	93.111633	τή
5	1	34	3	2	3	1058	1133	131	20	13.073975	διδασπαλία
5	1	34	3	2	4	1204	1137	46	17	93.556862	τῶν
5	1	34	3	2	5	1264	1137	102	24	92.253220	ἀρχαίων
5	1	34	3	2	6	1380	1139	132	22	29.994583	ἑλληνικῶν,
5	1	34	3	2	7	1535	1144	83	20	96.686852	Πολλοί
5	1	34	3	2	8	1635	1152	38	13	58.781658	πα.
4	1	34	3	3	0	962	1165	711	38	-1	
5	1	34	3	3	1	962	1165	62	23	92.621315	τέρες
5	1	34	3	3	2	1036	1167	38	23	93.300865	τῆς
5	1	34	3	3	3	1081	1168	119	25	52.876282	ἐκνλησίας
5	1	34	3	3	4	1214	1172	69	23	81.388550	καθώς
5	1	34	3	3	5	1299	1173	37	18	65.643112	καί
5	1	34	3	3	6	1349	1175	80	22	85.680649	λαϊχοί,
5	1	34	3	3	7	1444	1177	104	20	96.069679	πίστευαν
5	1	34	3	3	8	1561	1181	41	22	93.275185	πῶς
5	1	34	3	3	9	1616	1181	13	21	92.268303	ἡ
5	1	34	3	3	10	1643	1183	30	17	90.836540	δι-
4	1	34	3	4	0	962	1192	711	46	-1	
5	1	34	3	4	1	962	1201	110	19	11.700470	δασχαλία
5	1	34	3	4	2	1084	1204	83	18	95.842285	τούτων
5	1	34	3	4	3	1180	1192	82	42	89.905716	αὔξανε
5	1	34	3	4	4	1278	1209	54	20	74.585052	«τήν
5	1	34	3	4	5	1345	1209	97	23	85.834175	ἄννοιαν
5	1	34	3	4	6	1455	1213	45	17	96.808060	τῶν
5	1	34	3	4	7	1518	1215	110	23	62.123657	παϊδίων»,
5	1	34	3	4	8	1636	1217	37	19	76.443977	διά.
2	1	35	0	0	0	961	1237	706	51	-1	
3	1	35	1	0	0	961	1237	725	51	-1	
4	1	35	1	1	0	961	1237	706	51	-1	
5	1	35	1	1	1	961	1237	65	19	76.518250	τεῖπο
5	1	35	1	1	2	1041	1239	78	18	93.262070	πολλοί
5	1	35	1	1	3	1132	1240	73	19	87.664627	λαϊχοί
5	1	35	1	1	4	1226	1244	146	22	82.247070	προτιμοῦσαν
5	1	35	1	1	5	1387	1246	29	18	96.694496	νά
5	1	35	1	1	6	1431	1247	109	20	96.551582	στέλνουν
5	1	35	1	1	7	1554	1251	27	17	95.716957	τά
5	1	35	1	1	8	1596	1249	71	39	0.000000	ποιδιά
2	1	36	0	0	0	960	1273	710	106	-1	
3	1	36	1	0	0	960	1273	710	106	-1	
4	1	36	1	1	0	960	1273	710	41	-1	
5	1	36	1	1	1	960	1277	45	12	64.138077	των.
5	1	36	1	1	2	1018	1273	31	23	96.102020	εἰς
5	1	36	1	1	3	1060	1274	29	18	92.409431	τά
5	1	36	1	1	4	1104	1276	91	22	90.843262	σχολεῖα
5	1	36	1	1	5	1211	1278	44	18	96.205017	τῶν
5	1	36	1	1	6	1270	1279	119	23	19.514992	κληρικόν,
5	1	36	1	1	7	1405	1282	27	18	93.294479	τά
5	1	36	1	1	8	1451	1283	65	19	92.286537	ὁποῖα
5	1	36	1	1	9	1544	1281	126	33	33.624969	ὠνομάξζουν
4	1	36	1	2	0	960	1309	141	19	-1	
5	1	36	1	2	1	960	1309	141	19	55.802635	«παπαδικά»,
4	1	36	1	3	0	983	1343	685	36	-1	
5	1	36	1	3	1	983	1343	33	18	93.298111	Τό
5	1	36	1	3	2	1032	1345	91	22	25.944244	σχελεῖο
5	1	36	1	3	3	1139	1347	95	23	79.004707	ἑλέγετο
5	1	36	1	3	4	1251	1346	175	32	45.842953	«διδασχαλεῖον,
5	1	36	1	3	5	1444	1355	166	24	91.425362	παιδαγωγεῖον
5	1	36	1	3	6	1631	1359	37	18	55.358925	γαί
2	1	37	0	0	0	956	1380	724	40	-1	
3	1	37	1	0	0	956	1380	724	40	-1	
4	1	37	1	1	0	956	1380	724	40	-1	
5	1	37	1	1	1	956	1380	245	25	35.448074	χομαιδιδασαλεῖον»,
5	1	37	1	1	2	1212	1385	27	22	79.370514	µέ
5	1	37	1	1	3	1252	1385	138	24	65.656906	ἀπαραίτητα
5	1	37	1	1	4	1406	1388	86	24	90.682518	ἔπιπλα,
5	1	37	1	1	5	1506	1391	25	19	93.268990	τό
5	1	37	1	1	6	1543	1393	125	20	72.504105	διδοσχαλι-
5	1	37	1	1	7	1677	1410	3	10	0.000000	{
2	1	38	0	0	0	948	1414	718	361	-1	
3	1	38	1	0	0	948	1414	718	361	-1	
4	1	38	1	1	0	956	1414	710	40	-1	
5	1	38	1	1	1	956	1414	27	19	82.156937	πό
5	1	38	1	1	2	995	1415	71	23	73.145081	δρόνο,
5	1	38	1	1	3	1080	1417	124	25	22.284050	σχίµποδας,
5	1	38	1	1	4	1219	1420	13	28	84.662338	ἤ
5	1	38	1	1	5	1245	1421	121	25	35.595734	ἀνάθαδβρα,
5	1	38	1	1	6	1383	1424	77	24	94.984352	ξύλινα
5	1	38	1	1	7	1471	1428	97	22	0.000000	σχοινιά
5	1	38	1	1	8	1579	1429	37	19	55.179195	καί
5	1	38	1	1	9	1628	1430	38	24	96.773399	τάς
4	1	38	1	2	0	956	1451	710	38	-1	
5	1	38	1	2	1	956	1451	93	24	45.872726	πραθέοις
5	1	38	1	2	2	1062	1453	14	21	20.344055	Ἡ
5	1	38	1	2	3	1089	1454	107	25	63.415306	διφξέρας,
5	1	38	1	2	4	1213	1457	76	19	78.068794	ἐπάνω.
5	1	38	1	2	5	1307	1459	43	23	93.296249	στίς
5	1	38	1	2	6	1365	1460	72	24	82.702599	ὁποῖες
5	1	38	1	2	7	1452	1462	112	20	39.649921	χάβονταν
5	1	38	1	2	8	1578	1470	88	19	83.232521	σταυρο-
4	1	38	1	3	0	954	1486	710	39	-1	
5	1	38	1	3	1	954	1486	49	28	88.604118	πόδι
5	1	38	1	3	2	1017	1488	21	18	74.119705	οἱ
5	1	38	1	3	3	1050	1490	74	22	61.825790	μικροί
5	1	38	1	3	4	1134	1491	100	25	54.413429	µαθητές.
5	1	38	1	3	5	1247	1494	44	19	80.874710	Στό
5	1	38	1	3	6	1304	1495	124	24	68.582100	Γεωργίτσι,
5	1	38	1	3	7	1441	1499	39	17	71.146667	στό.
5	1	38	1	3	8	1493	1501	96	22	92.030678	σχολεῖο,
5	1	38	1	3	9	1602	1501	62	24	33.903374	ἔφθα-
4	1	38	1	4	0	953	1518	711	41	-1	
5	1	38	1	4	1	953	1527	26	14	61.683594	σα
5	1	38	1	4	2	992	1523	41	19	0.000000	ἕνοι
5	1	38	1	4	3	1047	1518	145	28	48.896729	διδασχοιλικό
5	1	38	1	4	4	1208	1529	66	22	58.483795	Βρόνο
5	1	38	1	4	5	1286	1525	27	24	96.280937	σέ
5	1	38	1	4	6	1324	1532	74	22	81.802643	σχῆμα
5	1	38	1	4	7	1411	1534	19	17	89.176346	Ἡ
5	1	38	1	4	8	1444	1534	41	20	29.296295	ἧτα
5	1	38	1	4	9	1499	1537	110	22	21.445381	χεφαλαῖο
5	1	38	1	4	10	1620	1538	44	19	87.913353	ἀπό
4	1	38	1	5	0	952	1559	711	37	-1	
5	1	38	1	5	1	952	1559	96	23	33.625648	σοινίδες,
5	1	38	1	5	2	1060	1561	40	20	92.584450	στή
5	1	38	1	5	3	1114	1562	138	24	46.579712	διαζευκτική
5	1	38	1	5	4	1268	1567	79	18	93.258827	σανίδα
5	1	38	1	5	5	1363	1567	94	22	37.244305	ἐκάθητο
5	1	38	1	5	6	1471	1570	12	18	91.871002	ὁ
5	1	38	1	5	7	1497	1571	115	25	85.763802	δάσκαλος,
5	1	38	1	5	8	1643	1575	20	17	90.737312	οἱ
4	1	38	1	6	0	952	1595	710	35	-1	
5	1	38	1	6	1	952	1595	151	24	4.135315	κατανόρυφες
5	1	38	1	6	2	1119	1599	88	23	86.448196	σανίδες
5	1	38	1	6	3	1220	1600	100	23	45.692211	ἔφθαναν
5	1	38	1	6	4	1338	1603	61	23	93.301163	στούς
5	1	38	1	6	5	1414	1604	100	26	72.437927	ἀγχῶνες
5	1	38	1	6	6	1530	1609	37	17	93.024506	τοῦ
5	1	38	1	6	7	1583	1609	79	19	47.529388	δασκά-
4	1	38	1	7	0	950	1630	711	35	-1	
5	1	38	1	7	1	950	1630	41	18	44.602352	Ἅλου
5	1	38	1	7	2	1002	1631	66	23	89.677338	χωρίς
5	1	38	1	7	3	1079	1633	109	23	11.165245	ατήριγµα
5	1	38	1	7	4	1202	1636	39	22	95.872696	γιά
5	1	38	1	7	5	1253	1637	31	23	96.562592	τίς
5	1	38	1	7	6	1298	1633	85	28	96.874161	πλάτες,
5	1	38	1	7	7	1398	1640	59	23	96.808586	παρά
5	1	38	1	7	8	1472	1642	38	22	81.336960	µιά
5	1	38	1	7	9	1521	1644	67	21	93.299644	στενή
5	1	38	1	7	10	1602	1645	59	19	88.051117	σανἰ-
4	1	38	1	8	0	950	1666	710	37	-1	
5	1	38	1	8	1	950	1666	33	20	95.705132	δα,
5	1	38	1	8	2	1000	1667	37	17	90.242165	καί
5	1	38	1	8	3	1051	1667	37	23	96.080833	τάς
5	1	38	1	8	4	1108	1669	101	25	92.596924	διφθέρας
5	1	38	1	8	5	1225	1672	57	22	96.571739	γύρω
5	1	38	1	8	6	1298	1673	43	23	91.204697	στίς
5	1	38	1	8	7	1369	1676	78	22	94.574806	γωνιές
5	1	38	1	8	8	1474	1677	44	19	93.300835	ἀπό
5	1	38	1	8	9	1531	1681	129	22	31.084274	σκοτωµένα
4	1	38	1	9	0	948	1701	711	38	-1	
5	1	38	1	9	1	948	1701	44	23	64.785385	ζδοι
5	1	38	1	9	2	1004	1701	13	21	56.217464	ἥ
5	1	38	1	9	3	1031	1702	74	24	83.520844	φόφια.
5	1	38	1	9	4	1119	1705	67	23	18.777458	τούς
5	1	38	1	9	5	1200	1707	86	24	96.521202	τοίχους
5	1	38	1	9	6	1301	1709	57	21	36.788345	ἦταν
5	1	38	1	9	7	1371	1701	118	38	45.809994	γραμμένα
5	1	38	1	9	8	1506	1714	94	24	93.085434	διάφορα
5	1	38	1	9	9	1612	1716	47	21	37.330093	ἠδο-
4	1	38	1	10	0	948	1737	710	38	-1	
5	1	38	1	10	1	948	1737	108	19	95.937225	πλαστικά
5	1	38	1	10	2	1070	1740	62	22	95.411514	ρητά,
5	1	38	1	10	3	1144	1741	55	23	96.881165	ὅπως
5	1	38	1	10	4	1218	1743	70	23	91.667488	«ἀρχή
5	1	38	1	10	5	1303	1745	74	23	91.139885	σοφίας
5	1	38	1	10	6	1391	1747	66	23	33.015854	φόδος
5	1	38	1	10	7	1471	1749	87	23	41.604847	Ἰυρίου,
5	1	38	1	10	8	1584	1752	74	23	86.410538	γονεῖς
2	1	39	0	0	0	825	1769	839	40	-1	
3	1	39	1	0	0	825	1769	839	40	-1	
4	1	39	1	1	0	825	1769	839	40	-1	
5	1	39	1	1	1	825	1775	77	21	0.000000	ου
5	1	39	1	1	2	1029	1769	44	40	91.792572	πού
5	1	39	1	1	3	1085	1769	78	40	15.496826	µέχρι.
5	1	39	1	1	4	1165	1769	134	40	15.496826	τοῦ.τέλους.
5	1	39	1	1	5	1309	1769	34	40	34.228783	τοῦ
5	1	39	1	1	6	1349	1769	7	40	34.228783	-
5	1	39	1	1	7	1365	1769	148	40	25.429932	παρελθόντος.
5	1	39	1	1	8	1514	1785	92	22	16.627747	«αἰώνος.
5	1	39	1	1	9	1610	1787	54	17	88.228867	στό-.
2	1	40	0	0	0	918	1805	736	533	-1	
3	1	40	1	0	0	918	1805	736	533	-1	
4	1	40	1	1	0	946	1805	253	26	-1	
5	1	40	1	1	1	946	1805	63	23	79.530930	λιζαν
5	1	40	1	1	2	1020	1806	29	18	96.180252	τά
5	1	40	1	1	3	1062	1808	137	23	0.000000	διδακτήριο.
4	1	40	1	2	0	946	1841	708	35	-1	
5	1	40	1	2	1	946	1863	3	2	0.000000	.
5	1	40	1	2	2	969	1841	24	17	59.715191	Ἡ
5	1	40	1	2	3	1007	1841	77	20	61.250027	ἡλυκία
5	1	40	1	2	4	1096	1843	123	25	69.506737	εἰσογωγῆς
5	1	40	1	2	5	1233	1847	44	17	93.300430	τῶν
5	1	40	1	2	6	1291	1849	93	17	91.851334	παιδιῶν
5	1	40	1	2	7	1396	1850	38	18	62.081627	στό
5	1	40	1	2	8	1450	1852	96	22	65.045776	σχολεῖο,
5	1	40	1	2	9	1558	1855	57	17	84.077431	πατά
5	1	40	1	2	10	1629	1855	25	21	95.192070	τή
4	1	40	1	3	0	944	1876	710	38	-1	
5	1	40	1	3	1	944	1876	117	23	34.376648	δυζαντινή
5	1	40	1	3	2	1075	1878	77	24	92.180893	ἐποχή,
5	1	40	1	3	3	1168	1880	57	21	95.955162	ἦταν
5	1	40	1	3	4	1237	1883	158	23	60.573658	καθωρισµένη,
5	1	40	1	3	5	1413	1885	75	25	91.255539	ἄρχιζε
5	1	40	1	3	6	1503	1888	43	18	96.470238	ἀπό
5	1	40	1	3	7	1559	1890	39	18	96.470238	τοῦ
5	1	40	1	3	8	1612	1891	42	23	28.871826	πέμ
4	1	40	1	4	0	942	1913	710	40	-1	
5	1	40	1	4	1	942	1917	55	14	93.056343	πτου
5	1	40	1	4	2	1008	1913	65	23	90.357689	µέχρι
5	1	40	1	4	3	1085	1915	39	17	93.297218	τοῦ
5	1	40	1	4	4	1136	1915	95	24	44.269085	ἑθδόμου
5	1	40	1	4	5	1243	1918	67	24	92.695518	ἔτους,
5	1	40	1	4	6	1326	1919	104	25	86.765755	ἀνάλογα
5	1	40	1	4	7	1440	1923	44	17	96.755379	τῶν
5	1	40	1	4	8	1497	1921	155	32	96.354980	περιστάσεων,
4	1	40	1	5	0	942	1947	711	38	-1	
5	1	40	1	5	1	942	1947	38	19	58.182365	ναί
5	1	40	1	5	2	993	1949	37	22	93.168839	τῆς
5	1	40	1	5	3	1042	1952	132	22	6.943512	Ἀοινωνιχῆς
5	1	40	1	5	4	1185	1953	64	23	95.929161	τάξης
5	1	40	1	5	5	1265	1959	50	14	90.570847	των.
5	1	40	1	5	6	1329	1956	24	17	91.728004	Ὁ
5	1	40	1	5	7	1367	1957	150	25	71.821274	Χρυσόστομος
5	1	40	1	5	8	1530	1960	73	23	77.471939	ἁμιλεῖ
5	1	40	1	5	9	1615	1963	38	22	95.527069	γιά
4	1	40	1	6	0	942	1983	710	37	-1	
5	1	40	1	6	1	942	1983	76	19	82.313477	παιδιός
5	1	40	1	6	2	1029	1987	171	22	37.837162	καχφυχούµενα
5	1	40	1	6	3	1215	1989	37	18	61.738403	καί
5	1	40	1	6	4	1269	1991	98	21	86.226257	µένοντα
5	1	40	1	6	5	1383	1993	38	17	93.299248	στό
5	1	40	1	6	6	1437	1995	91	21	22.001717	σχολεῖφ
5	1	40	1	6	7	1548	1997	64	23	85.221436	µέχρι
5	1	40	1	6	8	1626	1998	26	18	95.981354	τό
4	1	40	1	7	0	918	2016	732	35	-1	
5	1	40	1	7	1	918	2016	135	26	20.151604	"μεσημέρι,
5	1	40	1	7	2	1068	2021	62	23	85.174911	«ἄρτι
5	1	40	1	7	3	1146	2023	37	23	93.270332	τῆς
5	1	40	1	7	4	1204	2024	66	24	87.814308	δηλῆς
5	1	40	1	7	5	1286	2026	133	23	44.440895	ἀπφστάντα,
5	1	40	1	7	6	1436	2029	84	19	89.482887	οὐδέπω
5	1	40	1	7	7	1549	2032	68	19	92.948753	πέντε
5	1	40	1	7	8	1629	2033	21	18	63.756813	ἐ-
4	1	40	1	8	0	939	2055	710	32	-1	
5	1	40	1	8	1	939	2055	45	17	93.293922	τῶν
5	1	40	1	8	2	996	2055	91	20	73.804726	ἡλικίαν
5	1	40	1	8	3	1099	2057	102	23	48.376343	ἄγονπου.
5	1	40	1	8	4	1217	2060	24	18	90.941162	Ὁ
5	1	40	1	8	5	1255	2062	81	22	10.711563	µακρός
5	1	40	1	8	6	1349	2062	107	24	34.344589	θηλασμός
5	1	40	1	8	7	1473	2065	127	21	92.290642	ἐπιστεύετο
5	1	40	1	8	8	1613	2069	36	18	16.369789	χαί
4	1	40	1	9	0	938	2090	711	34	-1	
5	1	40	1	9	1	938	2090	65	22	90.227859	µέχρι
5	1	40	1	9	2	1016	2091	46	18	92.075859	τῶν
5	1	40	1	9	3	1074	2092	77	24	92.075859	ἀρχῶν
5	1	40	1	9	4	1166	2095	38	18	96.678108	τοῦ
5	1	40	1	9	5	1224	2095	79	25	70.961563	αἰῶνος
5	1	40	1	9	6	1319	2102	46	18	95.151947	µας,
5	1	40	1	9	7	1381	2098	34	18	96.799911	ὅτι
5	1	40	1	9	8	1443	2101	151	23	84.580963	πρὀεφύλασσε
5	1	40	1	9	9	1607	2103	42	21	96.533691	τήν
4	1	40	1	10	0	938	2125	710	35	-1	
5	1	40	1	10	1	938	2125	84	23	43.870884	μητέρα
5	1	40	1	10	2	1036	2127	44	19	94.975899	ἀπό
5	1	40	1	10	3	1103	2129	43	18	93.275055	νέα
5	1	40	1	10	4	1158	2130	145	23	63.987610	ἐγχυμοσύνη.
5	1	40	1	10	5	1317	2133	26	17	62.236980	Ὁ
5	1	40	1	10	6	1355	2133	122	25	22.729736	Ὀριθάσιος
5	1	40	1	10	7	1493	2137	87	23	96.706627	γράφει,
5	1	40	1	10	8	1595	2139	53	20	96.340462	«ἀπό
4	1	40	1	11	0	936	2162	710	36	-1	
5	1	40	1	11	1	936	2162	39	18	93.266006	τοῦ
5	1	40	1	11	2	988	2162	66	19	48.029999	ἕκτου
5	1	40	1	11	3	1070	2164	37	18	84.135803	καί
5	1	40	1	11	4	1128	2165	94	23	48.336376	ἑέδόμου
5	1	40	1	11	5	1239	2167	67	24	92.744675	ἔτους,
5	1	40	1	11	6	1322	2169	48	22	93.268646	τούς
5	1	40	1	11	7	1387	2170	77	24	77.134995	παίδοις
5	1	40	1	11	8	1480	2172	37	18	48.621422	καί
5	1	40	1	11	9	1530	2173	37	23	93.297539	τάς
5	1	40	1	11	10	1580	2175	66	23	68.531242	πόρας
4	1	40	1	12	0	936	2200	710	32	-1	
5	1	40	1	12	1	936	2200	137	22	62.003170	γρομμωταῖς
5	1	40	1	12	2	1088	2201	163	23	89.281868	παραδιδόναυ,
5	1	40	1	12	3	1268	2203	54	19	30.729813	ὅἕπου
5	1	40	1	12	4	1338	2205	38	21	94.377998	γιά
5	1	40	1	12	5	1392	2206	74	22	96.157425	πρώτη
5	1	40	1	12	6	1485	2209	57	21	27.267609	φορά
5	1	40	1	12	7	1559	2209	87	23	96.233902	γίνεται
4	1	40	1	13	0	935	2233	710	34	-1	
5	1	40	1	13	1	935	2233	66	23	96.261940	λόγος
5	1	40	1	13	2	1010	2234	39	22	93.192833	γιά
5	1	40	1	13	3	1060	2235	71	23	87.431877	χόρες,
5	1	40	1	13	4	1144	2237	29	18	91.364532	ἄν
5	1	40	1	13	5	1186	2238	38	18	55.354332	καὶ
5	1	40	1	13	6	1236	2239	13	20	86.658630	ἡ
5	1	40	1	13	7	1263	2239	115	24	79.225151	θυζαντινή
5	1	40	1	13	8	1391	2244	177	23	41.926758	γραμματοχώρα
5	1	40	1	13	9	1580	2245	65	20	77.050842	χάνει
4	1	40	1	14	0	919	2269	415	30	-1	
5	1	40	1	14	1	919	2269	72	22	35.215286	"λόγο
5	1	40	1	14	2	1003	2269	38	23	93.281067	γιά
5	1	40	1	14	3	1054	2271	158	26	43.985100	διανφούµενες
5	1	40	1	14	4	1224	2276	110	23	60.171173	γυναῖχες.
4	1	40	1	15	0	1327	2313	143	25	-1	
5	1	40	1	15	1	1327	2313	143	25	60.064434	Συνεχίξεται
2	1	41	0	0	0	944	2342	145	10	-1	
3	1	41	1	0	0	944	2342	145	10	-1	
4	1	41	1	1	0	944	2342	145	10	-1	
5	1	41	1	1	1	944	2342	145	10	95.000000	 
2	1	42	0	0	0	1090	2344	142	12	-1	
3	1	42	1	0	0	1090	2344	142	12	-1	
4	1	42	1	1	0	1090	2344	142	12	-1	
5	1	42	1	1	1	1090	2344	142	12	95.000000	 
2	1	43	0	0	0	900	2365	739	703	-1	
3	1	43	1	0	0	1154	2365	272	26	-1	
4	1	43	1	1	0	1154	2365	272	26	-1	
5	1	43	1	1	1	1154	2365	153	25	95.237885	ΜΙΚΡΑ
5	1	43	1	1	2	1337	2368	89	23	93.701569	ΝΕΑ
3	1	43	2	0	0	932	2400	707	138	-1	
4	1	43	2	1	0	968	2400	670	41	-1	
5	1	43	2	1	1	968	2400	21	22	85.132744	ὁ
5	1	43	2	1	2	1012	2402	71	23	91.615768	ΣΤΟ
5	1	43	2	1	3	1096	2404	160	24	84.782791	ΚΑΣΤΟΡΙ
5	1	43	2	1	4	1270	2408	131	24	58.606239	ἐπιξατωιό
5	1	43	2	1	5	1417	2411	147	30	74.063271	αὐτοκίνητο
5	1	43	2	1	6	1580	2415	58	22	74.087914	Ι.Χ.
4	1	43	2	2	0	932	2437	707	38	-1	
5	1	43	2	2	1	932	2437	171	28	48.622440	εροσέκρουσε
5	1	43	2	2	2	1118	2441	32	21	96.311401	σέ
5	1	43	2	2	3	1163	2442	106	29	96.531410	σταθερό
5	1	43	2	2	4	1285	2444	165	29	79.970741	ἀντωκείμενο,
5	1	43	2	2	5	1467	2448	32	27	90.002724	µέ
5	1	43	2	2	6	1524	2449	115	23	62.364597	ἀποτέλε-
4	1	43	2	3	0	932	2473	707	40	-1	
5	1	43	2	3	1	932	2479	49	19	0.000000	σμα
5	1	43	2	3	2	994	2473	42	21	70.234840	τόν
5	1	43	2	3	3	1056	2474	96	29	89.172981	ἐλαφρό
5	1	43	2	3	4	1165	2479	168	29	39.459385	τραυµατυσµό
5	1	43	2	3	5	1348	2483	43	19	93.169434	τοῦ
5	1	43	2	3	6	1408	2481	58	23	18.758453	ἔπις.
5	1	43	2	3	7	1467	2484	115	29	87.249352	αίνοντος
5	1	43	2	3	8	1595	2486	44	22	31.000580	᾿Ε-
4	1	43	2	4	0	932	2507	322	31	-1	
5	1	43	2	4	1	932	2507	39	22	89.371933	Λία
5	1	43	2	4	2	982	2508	31	22	89.762505	Β.
5	1	43	2	4	3	1026	2509	88	29	85.612267	Χατζῆ
5	1	43	2	4	4	1126	2511	63	23	88.028900	ἐτῶν
5	1	43	2	4	5	1203	2514	51	22	92.109482	57.
3	1	43	3	0	0	930	2543	707	111	-1	
4	1	43	3	1	0	956	2543	681	43	-1	
5	1	43	3	1	1	956	2543	22	22	67.764069	9
5	1	43	3	1	2	996	2544	73	23	95.704849	ΣΤΗ
5	1	43	3	1	3	1083	2547	100	22	96.154396	ΚΕΝΗ
5	1	43	3	1	4	1195	2549	61	29	86.944984	θέση
5	1	43	3	1	5	1269	2553	181	27	53.704201	σεροϊοταμένου
5	1	43	3	1	6	1465	2557	43	19	93.289902	τοῦ
5	1	43	3	1	7	1521	2555	116	31	90.986237	Ταχυδρο
4	1	43	3	2	0	930	2580	703	38	-1	
5	1	43	3	2	1	930	2581	71	26	85.328827	μωιοῦ
5	1	43	3	2	2	1018	2580	132	30	80.160072	Γραφείου
5	1	43	3	2	3	1164	2583	182	31	30.510361	Γεωργιπσίου,
5	1	43	3	2	4	1363	2589	189	29	36.356667	ποποθετήθηοιε
5	1	43	3	2	5	1569	2593	13	21	80.149223	ὃ
5	1	43	3	2	6	1609	2602	24	13	84.743088	κ.
4	1	43	3	3	0	932	2615	703	39	-1	
5	1	43	3	3	1	932	2615	125	29	92.928650	Ἰωάννης
5	1	43	3	3	2	1078	2617	6	10	78.907440	᾽
5	1	43	3	3	3	1086	2617	206	31	36.468891	Αντωνόπουλος,
5	1	43	3	3	4	1311	2623	14	21	79.850311	ὃ
5	1	43	3	3	5	1339	2623	87	28	43.953751	ὅποῖος
5	1	43	3	3	6	1439	2627	155	27	21.553658	µεπιατέθηνε
5	1	43	3	3	7	1611	2629	24	21	85.672585	ᾱ-
3	1	43	4	0	0	900	2650	621	41	-1	
4	1	43	4	1	0	900	2650	621	41	-1	
5	1	43	4	1	1	900	2650	95	21	0.000000	--σπάτό
5	1	43	4	1	2	1006	2654	110	23	88.005981	γραφεῖο
5	1	43	4	1	3	1129	2653	102	28	50.984413	᾿Αοέας.
5	1	43	4	1	4	1247	2656	49	21	95.994286	Τόν
5	1	43	4	1	5	1309	2654	212	37	65.660538	καλωσορίζουµε.
3	1	43	5	0	0	952	2683	682	40	-1	
4	1	43	5	1	0	952	2683	682	40	-1	
5	1	43	5	1	1	952	2684	21	21	92.498520	9
5	1	43	5	1	2	992	2683	21	23	91.776161	Ο
5	1	43	5	1	3	1030	2684	289	28	40.816216	Π4ΠΑΕΥΘΥΜΙΟΣ
5	1	43	5	1	4	1331	2691	204	30	0.000000	ἁ{απαδόπουλος
5	1	43	5	1	5	1546	2695	44	21	95.696503	δέν
5	1	43	5	1	6	1603	2705	31	18	96.747520	µε
3	1	43	6	0	0	902	2719	730	71	-1	
4	1	43	6	1	0	926	2719	706	39	-1	
5	1	43	6	1	1	926	2719	123	22	84.800125	τατίθεται
5	1	43	6	1	2	1067	2721	61	27	91.266449	στήν
5	1	43	6	1	3	1148	2722	7	10	76.377258	᾿
5	1	43	6	1	4	1156	2722	138	30	92.936935	Αγόριανη,
5	1	43	6	1	5	1311	2739	7	3	92.431000	-
5	1	43	6	1	6	1336	2725	71	29	96.653969	ὅπως
5	1	43	6	1	7	1423	2729	90	27	76.094376	καριῶς
5	1	43	6	1	8	1530	2729	102	29	32.915878	ἄνεγρά-
4	1	43	6	2	0	902	2756	611	34	-1	
5	1	43	6	2	1	902	2759	68	22	0.000000	'Φει
5	1	43	6	2	2	986	2768	7	3	90.898987	-
5	1	43	6	2	3	1004	2756	138	27	65.089066	παραμένει
5	1	43	6	2	4	1154	2757	140	30	78.368622	ἐφημέριος
5	1	43	6	2	5	1308	2760	56	28	76.834381	'Αγ.
5	1	43	6	2	6	1406	2763	107	27	67.633667	ωνλνου.
3	1	43	7	0	0	915	2790	716	278	-1	
4	1	43	7	1	0	956	2790	675	43	-1	
5	1	43	7	1	1	956	2790	22	21	57.431404	9
5	1	43	7	1	2	999	2790	32	22	65.483551	Ὁ
5	1	43	7	1	3	1044	2791	181	31	43.259033	ἐμιλουκισμός
5	1	43	7	1	4	1233	2797	45	20	93.243156	τοῦ
5	1	43	7	1	5	1291	2796	175	29	90.656654	ὑδραγωγείου
5	1	43	7	1	6	1479	2795	152	38	75.270378	Γεωργιτσί-
4	1	43	7	2	0	920	2826	710	38	-1	
5	1	43	7	2	1	920	2833	32	14	96.287399	ου
5	1	43	7	2	2	965	2826	48	21	96.719330	ἀπό
5	1	43	7	2	3	1027	2827	41	27	95.457687	τίς
5	1	43	7	2	4	1078	2829	82	27	95.330406	πηγές
5	1	43	7	2	5	1172	2832	44	19	40.118526	τοῦ
5	1	43	7	2	6	1232	2831	204	29	35.811600	 Αντωναρέϊκου
5	1	43	7	2	7	1447	2834	103	30	96.266151	δάσους,
5	1	43	7	2	8	1567	2837	63	22	96.306854	εἶναι
4	1	43	7	3	0	920	2863	710	38	-1	
5	1	43	7	3	1	920	2863	139	27	73.523270	σηµαντωκή
5	1	43	7	3	2	1073	2863	119	30	92.301964	ἐνίσχυση
5	1	43	7	3	3	1205	2868	44	20	93.291473	τοῦ
5	1	43	7	3	4	1259	2869	74	27	69.869446	νεροῦ
5	1	43	7	3	5	1344	2876	58	20	94.814285	µας.
5	1	43	7	3	6	1417	2869	106	31	60.186089	᾿Ἐπειδή
5	1	43	7	3	7	1540	2873	90	28	96.651978	στόχος
4	1	43	7	4	0	920	2897	709	40	-1	
5	1	43	7	4	1	920	2897	63	22	93.275650	εἶναι
5	1	43	7	4	2	997	2897	15	28	0.000000	ἤ
5	1	43	7	4	3	1024	2899	100	29	80.095047	σλήρης
5	1	43	7	4	4	1142	2901	130	29	91.525467	ἐπάρκεια,
5	1	43	7	4	5	1289	2904	31	28	90.597977	ἄς
5	1	43	7	4	6	1333	2905	65	27	78.839653	γίνει
5	1	43	7	4	7	1409	2905	175	32	56.254612	ἀπομάστευση
5	1	43	7	4	8	1597	2910	32	27	76.647690	µέ
4	1	43	7	5	0	920	2932	707	34	-1	
5	1	43	7	5	1	920	2932	118	29	89.687943	σωλῆνες
5	1	43	7	5	2	1049	2934	64	22	92.946304	ὅλων
5	1	43	7	5	3	1129	2938	52	20	93.299438	τῶν
5	1	43	7	5	4	1194	2939	82	26	92.962570	νερῶν
5	1	43	7	5	5	1292	2939	48	22	82.427620	ἀπό
5	1	43	7	5	6	1353	2940	149	24	79.583405	Πλατανάκι
5	1	43	7	5	7	1522	2945	44	21	70.305138	καί
5	1	43	7	5	8	1579	2945	48	21	0.000000	Ἆε.
4	1	43	7	6	0	918	2968	709	38	-1	
5	1	43	7	6	1	918	2968	161	29	47.345387	θαϊδόθρυση,
5	1	43	7	6	2	1092	2971	32	27	88.417130	µέ
5	1	43	7	6	3	1140	2973	154	28	91.617722	ταυτόχρονη
5	1	43	7	6	4	1306	2977	147	27	0.000000	Φαταοσνευή
5	1	43	7	6	5	1467	2979	112	27	55.885117	μεγάλης
5	1	43	7	6	6	1589	2979	38	22	87.145111	δε-
4	1	43	7	7	0	917	3004	708	43	-1	
5	1	43	7	7	1	917	3004	119	28	71.434380	ξαμενῆς,
5	1	43	7	7	2	1053	3006	44	21	95.531845	καί
5	1	43	7	7	3	1110	3007	64	27	94.245461	καλή
5	1	43	7	7	4	1186	3008	107	28	90.501038	ρύθμιση
5	1	43	7	7	5	1308	3011	48	26	95.987953	τῆς
5	1	43	7	7	6	1368	3009	122	31	54.334450	διανομῆς
5	1	43	7	7	7	1506	3013	32	22	96.139046	θά
5	1	43	7	7	8	1549	3010	76	37	54.890594	ὑπάρ-
4	1	43	7	8	0	915	3039	185	29	-1	
5	1	43	7	8	1	915	3048	41	19	91.568008	χει
5	1	43	7	8	2	970	3039	130	29	15.171036	ἐπάρνεια.
2	1	44	0	0	0	941	3101	693	264	-1	
3	1	44	1	0	0	941	3101	693	264	-1	
4	1	44	1	1	0	1068	3101	404	28	-1	
5	1	44	1	1	1	1068	3101	238	25	90.300415	ΗΛΕΚΤΡΑΓΟΡΑ
5	1	44	1	1	2	1323	3105	149	24	96.652603	ΣΠΑΡΤΗΣ
4	1	44	1	2	0	1055	3136	429	46	-1	
5	1	44	1	2	1	1055	3136	120	41	0.000000	ΧΡΙΣΤΙΣ
5	1	44	1	2	2	1185	3139	228	41	0.000000	.ΠΛΠΛΛΙΠΛΝΝΗΣ
5	1	44	1	2	3	1432	3143	52	39	40.209805	ϐ.Ε.
4	1	44	1	3	0	988	3179	374	29	-1	
5	1	44	1	3	1	988	3179	199	26	83.636833	ΗΛΕΚΤΡΙΚΑΙ
5	1	44	1	3	2	1203	3183	159	25	90.290680	ΟΙΚΙΑΚΑΙ
4	1	44	1	4	0	1058	3215	517	41	-1	
5	1	44	1	4	1	1058	3215	162	41	88.945633	ΣΥΣΚΕΥΑΙ
5	1	44	1	4	2	1572	3236	3	3	0.000000	΄
4	1	44	1	5	0	948	3247	686	41	-1	
5	1	44	1	5	1	948	3254	79	22	80.834198	ΕΓΔΗ
5	1	44	1	5	2	1042	3255	230	26	87.810150	ΘΕΡΜΑΝΣΕΩΣ
5	1	44	1	5	3	1290	3272	8	4	92.928497	-
5	1	44	1	5	4	1313	3261	261	27	91.191704	ΜΙΚΡΟΣΥΣΚΕΥΑ
4	1	44	1	6	0	1055	3291	427	30	-1	
5	1	44	1	6	1	1055	3291	80	23	95.591278	ΕΙΔΗ
5	1	44	1	6	2	1154	3294	115	22	91.122482	ΔΩΡΩΝ
5	1	44	1	6	3	1280	3308	8	4	91.122482	-
5	1	44	1	6	4	1301	3296	181	25	96.099579	ΦΩΤΙΣΤΙΚΑ
4	1	44	1	7	0	941	3326	655	39	-1	
5	1	44	1	7	1	941	3326	133	30	96.041367	Κεντρικό:
5	1	44	1	7	2	1093	3328	64	22	80.596611	Κων.
5	1	44	1	7	3	1171	3329	192	31	93.858391	Παλαιολόγου
5	1	44	1	7	4	1377	3333	29	22	92.677536	84
5	1	44	1	7	5	1423	3346	8	5	92.677536	-
5	1	44	1	7	6	1443	3335	60	30	96.457817	Τηλ.
5	1	44	1	7	7	1515	3337	81	23	92.828392	28.253
2	1	45	0	0	0	922	3079	197	12	-1	
3	1	45	1	0	0	922	3079	197	12	-1	
4	1	45	1	1	0	922	3079	197	12	-1	
5	1	45	1	1	1	922	3079	197	12	95.000000	 
2	1	46	0	0	0	1342	416	350	500	-1	
3	1	46	1	0	0	1342	416	350	500	-1	
4	1	46	1	1	0	1342	416	350	500	-1	
5	1	46	1	1	1	1342	416	350	500	95.000000	 
2	1	47	0	0	0	2995	227	118	23	-1	
3	1	47	1	0	0	2995	227	118	23	-1	
4	1	47	1	1	0	2995	227	118	23	-1	
5	1	47	1	1	1	2995	227	118	23	0.000000	σελίςΣδ...
2	1	48	0	0	0	2585	260	389	10	-1	
3	1	48	1	0	0	2585	260	389	10	-1	
4	1	48	1	1	0	2585	260	389	10	-1	
5	1	48	1	1	1	2585	260	389	10	95.000000	 
2	1	49	0	0	0	1741	296	990	73	-1	
3	1	49	1	0	0	1741	296	990	73	-1	
4	1	49	1	1	0	2162	296	539	52	-1	
5	1	49	1	1	1	2162	296	216	44	33.892647	Ἠϊσφορές
5	1	49	1	1	2	2451	305	39	38	87.012794	γιἀ
5	1	49	1	1	3	2521	306	47	38	93.289963	τὸ
5	1	49	1	1	4	2611	308	7	10	87.647087	ἡ
5	1	49	1	1	5	2666	309	35	39	83.193703	ῶ
4	1	49	1	2	0	1741	311	990	58	-1	
5	1	49	1	2	1	1741	333	61	20	65.551651	"Ὅλα
5	1	49	1	2	2	1821	337	57	19	52.822491	πᾶνε
5	1	49	1	2	3	1894	340	58	18	0.000000	γχαλά
5	1	49	1	2	4	1979	342	39	22	85.683281	γιά
5	1	49	1	2	5	2044	343	25	18	95.482101	τό
5	1	49	1	2	6	2219	311	63	39	46.962296	σφ
5	1	49	1	2	7	2314	313	30	38	74.263550	ϱ
5	1	49	1	2	8	2376	314	24	34	85.141220	ς
5	1	49	1	2	9	2421	315	27	39	87.854988	γ
5	1	49	1	2	10	2472	315	27	29	48.834225	α
5	1	49	1	2	11	2551	318	26	51	79.582756	ο
5	1	49	1	2	12	2599	320	62	39	65.914330	πρ
5	1	49	1	2	13	2700	323	31	39	82.832596	ο
2	1	50	0	0	0	1671	364	1125	1324	-1	
3	1	50	1	0	0	1671	364	1125	1324	-1	
4	1	50	1	1	0	1704	364	1090	56	-1	
5	1	50	1	1	1	1704	364	91	45	26.941841	«ΕΤ»,
5	1	50	1	1	2	1811	372	85	22	83.408585	ὅπλαδή
5	1	50	1	1	3	1909	375	38	22	96.172691	γιά
5	1	50	1	1	4	1961	377	25	17	87.329140	τό
5	1	50	1	1	5	1998	378	70	22	46.374954	Ἑύρω-
5	1	50	1	1	6	2108	382	98	24	43.092606	Ἀρῆστες
5	1	50	1	1	7	2226	385	26	18	92.362534	Π.
5	1	50	1	1	8	2267	386	108	25	67.718536	Μπέλχας
5	1	50	1	1	9	2389	389	48	23	56.291958	δρχ.
5	1	50	1	1	10	2452	391	59	22	77.347061	2.000,
5	1	50	1	1	11	2527	393	58	19	88.470276	Κων.
5	1	50	1	1	12	2601	395	25	17	91.979568	Ἡ.
5	1	50	1	1	13	2639	395	155	25	38.939117	Γιαννοριάχης
4	1	50	1	2	0	1703	405	1090	55	-1	
5	1	50	1	2	1	1703	405	75	28	0.000000	παϊκό
5	1	50	1	2	2	1795	406	143	26	67.445755	Πρόγραμμα.
5	1	50	1	2	3	1957	413	110	23	37.432537	ΘΦερμοπυ-
5	1	50	1	2	4	2085	417	57	22	0.000000	'1.ε2ο,
5	1	50	1	2	5	2157	418	145	26	93.211449	Παναγιώτης
5	1	50	1	2	6	2317	423	26	18	57.558731	Ν.
5	1	50	1	2	7	2359	423	69	24	71.979462	Ζήτης
5	1	50	1	2	8	2443	426	39	22	90.127441	500,
5	1	50	1	2	9	2498	427	108	25	87.447853	Γεώργιος
5	1	50	1	2	10	2619	430	27	18	92.306595	Ν.
5	1	50	1	2	11	2677	427	116	33	24.597252	Πετράκης
4	1	50	1	3	0	1702	442	1090	48	-1	
5	1	50	1	3	1	1702	442	100	27	16.663849	ρηνικῆς
5	1	50	1	3	2	1820	443	117	26	88.075180	Σύντηξης.
5	1	50	1	3	3	1953	448	24	18	4.334991	Ὁ
5	1	50	1	3	4	1993	448	73	36	66.848297	πειρο-
5	1	50	1	3	5	2079	452	74	26	75.404541	19.000,
5	1	50	1	3	6	2175	455	127	25	23.575577	᾽Αθανάσιος
5	1	50	1	3	7	2318	459	22	18	89.792572	Ε.
5	1	50	1	3	8	2358	459	144	26	91.746666	Παπαστάθης
5	1	50	1	3	9	2517	463	59	23	92.417961	5.000,
5	1	50	1	3	10	2593	465	103	25	0.000000	Ἀάμπρος
5	1	50	1	3	11	2714	467	26	19	92.365692	Π.
5	1	50	1	3	12	2753	469	39	18	92.149284	Δε-
4	1	50	1	4	0	1701	474	1089	50	-1	
5	1	50	1	4	1	1701	474	98	35	0.000000	υματιιός
5	1	50	1	4	2	1825	474	173	36	80.194687	ἀντιδραστήρας
5	1	50	1	4	3	2027	486	37	17	96.371506	τοῦ
5	1	50	1	4	4	2074	479	85	33	30.909256	᾿δούσης
5	1	50	1	4	5	2171	491	24	17	95.541191	50
5	1	50	1	4	6	2207	492	46	18	91.861877	δολ.
5	1	50	1	4	7	2272	493	60	23	71.404465	"Ἡρα
5	1	50	1	4	8	2348	495	59	19	50.094795	Αντ.
5	1	50	1	4	9	2423	497	128	23	2.692337	Γιανονάη
5	1	50	1	4	10	2567	500	23	18	75.541550	50
5	1	50	1	4	11	2604	502	46	18	93.292892	δολ.
5	1	50	1	4	12	2671	503	79	21	85.253777	Ἑλένη
5	1	50	1	4	13	2765	505	25	18	0.000000	Χ-.
4	1	50	1	5	0	1701	506	1089	56	-1	
5	1	50	1	5	1	1701	506	132	50	0.000000	ΙΕΗΓΗΑΝ
5	1	50	1	5	2	1855	516	129	23	72.675568	(Ἠνωμένο
5	1	50	1	5	3	2000	507	65	47	33.073349	Βασί-
5	1	50	1	5	4	2082	511	150	39	33.073349	Κουτσευμπός
5	1	50	1	5	5	2247	528	23	18	92.496231	50
5	1	50	1	5	6	2283	530	46	18	87.344284	δολ.
5	1	50	1	5	7	2343	529	127	27	79.355194	᾿Αθανάσιος
5	1	50	1	5	8	2484	533	26	19	91.703094	Π.
5	1	50	1	5	9	2524	535	71	24	41.500221	Δέγος
5	1	50	1	5	10	2608	537	24	18	93.803612	50
5	1	50	1	5	11	2642	538	46	19	92.922455	δολ.
5	1	50	1	5	12	2703	539	87	23	90.710541	Παναγ.
4	1	50	1	6	0	1700	545	1096	55	-1	
5	1	50	1	6	1	1700	545	69	24	10.798050	[λειϱ)
5	1	50	1	6	2	1791	548	81	23	93.294601	πέρασε
5	1	50	1	6	3	1888	552	27	21	86.740250	µέ
5	1	50	1	6	4	1931	553	99	23	31.689781	ἀπόλυτη,
5	1	50	1	6	5	2044	556	20	18	64.207451	ἐ-
5	1	50	1	6	6	2080	558	26	32	88.824036	Ν.
5	1	50	1	6	7	2119	560	70	24	80.751686	Ἀήτης
5	1	50	1	6	8	2199	563	41	21	94.980484	500,
5	1	50	1	6	9	2253	565	48	23	95.328217	δρχ.
5	1	50	1	6	10	2314	566	108	24	93.260941	Γεώργιος
5	1	50	1	6	11	2435	568	17	18	0.000000	χ.
5	1	50	1	6	12	2465	569	101	25	45.675014	Καλύθας
5	1	50	1	6	13	2579	572	59	22	79.340103	1.000,
5	1	50	1	6	14	2653	574	98	24	93.236320	Χρῆστος
5	1	50	1	6	15	2763	576	33	24	83.141098	Ἡ.
4	1	50	1	7	0	1699	583	1091	46	-1	
5	1	50	1	7	1	1699	583	96	22	0.000000	Ιπιτυχία
5	1	50	1	7	2	1808	585	44	20	92.925484	τήν
5	1	50	1	7	3	1867	587	118	21	24.294220	τελευταία.
5	1	50	1	7	4	2000	587	63	31	95.937416	σειρά
5	1	50	1	7	5	2071	591	111	29	60.595047	"Δημάκης
5	1	50	1	7	6	2195	598	58	23	88.367279	1.000,
5	1	50	1	7	7	2266	600	72	20	0.000000	᾿Ἰωάν,
5	1	50	1	7	8	2354	601	27	19	80.435059	Π.
5	1	50	1	7	9	2391	602	82	25	87.511803	Ντέρος
5	1	50	1	7	10	2485	605	86	23	96.455536	Σικάγο
5	1	50	1	7	11	2581	607	36	19	93.979378	500
5	1	50	1	7	12	2627	609	47	19	91.799385	δολ.
5	1	50	1	7	13	2683	610	22	18	72.069374	Ἐ.
5	1	50	1	7	14	2714	611	24	18	91.881264	Δ.
5	1	50	1	7	15	2746	611	44	18	91.682686	Κα-
4	1	50	1	8	0	1698	617	1089	53	-1	
5	1	50	1	8	1	1698	617	112	24	0.000000	/δφχιμῶν,
5	1	50	1	8	2	1833	621	39	19	95.500832	πού
5	1	50	1	8	3	1903	625	160	23	69.054962	κορυφώθηκαν
5	1	50	1	8	4	2079	630	121	26	22.547920	ράγιαννης
5	1	50	1	8	5	2213	635	35	17	93.175468	100
5	1	50	1	8	6	2259	636	46	18	93.245041	δολ.
5	1	50	1	8	7	2319	637	72	19	92.111816	Ἰωάν.
5	1	50	1	8	8	2401	639	59	19	37.742477	Διον.
5	1	50	1	8	9	2476	641	158	25	95.570374	Καραγιάννης
5	1	50	1	8	10	2647	645	35	18	95.645767	100
5	1	50	1	8	11	2692	646	47	18	94.628250	δολ.
5	1	50	1	8	12	2747	647	40	23	96.774017	Χρ.
4	1	50	1	9	0	1706	653	1082	51	-1	
5	1	50	1	9	1	1706	653	20	21	28.634811	μ᾽
5	1	50	1	9	2	1745	653	41	19	71.391434	ἕνα
5	1	50	1	9	3	1799	657	77	24	93.011772	φορτίο
5	1	50	1	9	4	1891	659	66	19	93.737724	πέντε
5	1	50	1	9	5	1965	657	97	39	20.571381	ἔκατομ-
5	1	50	1	9	6	2075	657	56	39	45.077797	Έασ.
5	1	50	1	9	7	2147	668	157	26	91.380875	Καράγιαννης
5	1	50	1	9	8	2318	672	34	19	86.234535	100
5	1	50	1	9	9	2366	673	47	19	94.346405	δολ.
5	1	50	1	9	10	2430	675	142	25	37.626266	Παρασκευδς
5	1	50	1	9	11	2587	679	59	19	92.002434	Διον.
5	1	50	1	9	12	2661	681	127	23	91.129135	Καράγιαν-
4	1	50	1	10	0	1705	689	1081	50	-1	
5	1	50	1	10	1	1705	689	83	21	27.113663	µΜυρίων
5	1	50	1	10	2	1814	691	45	24	95.962967	ΑΜ
5	1	50	1	10	3	1891	694	95	25	91.111656	(ἀμπέρ)
5	1	50	1	10	4	2015	697	44	19	0.000000	νά
5	1	50	1	10	5	2073	693	42	36	71.515251	νης
5	1	50	1	10	6	2136	703	34	18	88.986496	100
5	1	50	1	10	7	2182	705	46	19	72.296089	δολ,
5	1	50	1	10	8	2243	706	110	25	77.408005	Νικόλαος
5	1	50	1	10	9	2369	709	25	18	22.288895	ΑΛ.
5	1	50	1	10	10	2411	710	75	24	59.395172	Ἠύγιος
5	1	50	1	10	11	2502	713	35	17	72.484055	1060
5	1	50	1	10	12	2549	714	46	18	93.908722	δολ.
5	1	50	1	10	13	2613	715	74	24	85.589264	Ἠλίας
5	1	50	1	10	14	2699	717	63	18	93.282707	Νταν
5	1	50	1	10	15	2770	722	16	13	49.203377	-
4	1	50	1	11	0	1704	724	1079	50	-1	
5	1	50	1	11	1	1704	724	166	24	96.428864	δευτερόλεπτο.
5	1	50	1	11	2	1885	729	72	24	93.263268	Τώρα,
5	1	50	1	11	3	1971	732	13	18	92.752182	ὁ
5	1	50	1	11	4	2000	726	60	41	64.147079	ἄντι-
5	1	50	1	11	5	2074	730	66	33	96.489380	τάσης
5	1	50	1	11	6	2154	740	33	18	94.355377	100
5	1	50	1	11	7	2197	735	47	25	95.553123	δολ.
5	1	50	1	11	8	2258	743	80	21	88.971581	Ἑλένη
5	1	50	1	11	9	2351	745	137	20	90.348167	Φιλοπούλου
5	1	50	1	11	10	2502	748	34	18	93.707321	100
5	1	50	1	11	11	2548	749	46	19	92.426659	δολ.
5	1	50	1	11	12	2611	750	31	23	89.069473	εἰς
5	1	50	1	11	13	2656	751	91	23	43.965576	μνήμην
5	1	50	1	11	14	2759	753	24	19	79.164261	Ἰ.
4	1	50	1	12	0	1704	759	1079	57	-1	
5	1	50	1	12	1	1704	759	121	26	77.423645	ὁραστήρας
5	1	50	1	12	2	1840	763	26	18	28.299591	δά
5	1	50	1	12	3	1895	760	163	42	44.615868	«ξεκουραστεῦ»
5	1	50	1	12	4	2073	760	144	42	89.091179	Φιλόπουλου,
5	1	50	1	12	5	2237	778	107	24	93.297241	Γεώργιος
5	1	50	1	12	6	2359	780	38	18	33.154251	παί
5	1	50	1	12	7	2411	781	96	23	90.786964	Κων)να
5	1	50	1	12	8	2521	784	71	24	90.358231	Δῆμος
5	1	50	1	12	9	2607	786	24	18	93.633141	50
5	1	50	1	12	10	2641	787	47	19	93.330894	δολ.
5	1	50	1	12	11	2701	783	82	33	42.511440	ἨΠόσιος
4	1	50	1	13	0	1693	795	1090	51	-1	
5	1	50	1	13	1	1693	795	47	32	44.751823	[γιά
5	1	50	1	13	2	1756	799	102	23	63.186668	μερικούς
5	1	50	1	13	3	1882	801	73	24	85.280937	μῆνες,
5	1	50	1	13	4	1988	799	68	34	94.971573	μέχρι
5	1	50	1	13	5	2065	795	45	32	7.809647	ται
5	1	50	1	13	6	2124	809	76	24	93.273720	Μαρία
5	1	50	1	13	7	2214	813	104	24	82.038284	Πανταζῆ
5	1	50	1	13	8	2328	815	24	18	96.428604	50
5	1	50	1	13	9	2363	816	45	18	93.300629	δολ.
5	1	50	1	13	10	2422	817	30	23	59.511292	εἲς
5	1	50	1	13	11	2464	819	90	22	58.972858	μνήμην
5	1	50	1	13	12	2565	821	39	22	92.247978	Χρ.
5	1	50	1	13	13	2621	821	111	25	29.801216	Πανταζη,
5	1	50	1	13	14	2745	824	38	18	43.059128	Εὺ-
4	1	50	1	14	0	1701	831	1081	50	-1	
5	1	50	1	14	1	1701	831	29	17	53.935989	νά
5	1	50	1	14	2	1744	833	36	17	94.606964	τοῦ
5	1	50	1	14	3	1794	833	59	22	93.214455	γίνει
5	1	50	1	14	4	1864	835	54	25	37.316746	ἕνοις
5	1	50	1	14	5	1930	839	88	24	93.010582	γενικός
5	1	50	1	14	6	2036	840	20	18	36.271088	ἕἔ-
5	1	50	1	14	7	2071	846	97	21	94.806526	αγγελία
5	1	50	1	14	8	2181	847	146	25	96.102219	Καραγιάννη
5	1	50	1	14	9	2343	851	24	18	96.572899	50
5	1	50	1	14	10	2378	852	46	18	95.980217	δολ.
5	1	50	1	14	11	2438	846	146	32	94.184563	Παναγιώτης
5	1	50	1	14	12	2596	857	54	19	91.000587	Σωτ.
5	1	50	1	14	13	2663	858	119	23	88.502678	Καράγιαν
4	1	50	1	15	0	1700	862	1080	56	-1	
5	1	50	1	15	1	1700	865	87	25	56.705101	λεγχος.
5	1	50	1	15	2	1802	869	63	22	92.802368	Καλή
5	1	50	1	15	3	1881	871	57	24	92.752228	ἀρχή
5	1	50	1	15	4	1957	862	98	45	60.208267	λοιπόν...
5	1	50	1	15	5	2073	862	38	45	83.832886	νης
5	1	50	1	15	6	2123	881	23	18	89.458801	50
5	1	50	1	15	7	2162	883	46	19	87.162292	δ9λ.
5	1	50	1	15	8	2225	884	106	25	92.208893	Ἰωάννης
5	1	50	1	15	9	2347	887	55	19	92.208893	Σωτ.
5	1	50	1	15	10	2418	888	154	26	15.411568	Καράγιομνης
5	1	50	1	15	11	2587	892	23	18	82.088829	25
5	1	50	1	15	12	2645	894	46	18	82.088829	δολ.
5	1	50	1	15	13	2704	894	76	24	93.433258	Φώτης
4	1	50	1	16	0	1701	901	1079	51	-1	
5	1	50	1	16	1	1701	901	24	17	15.957550	Ἡ
5	1	50	1	16	2	1756	903	175	33	15.957550	 δερµοπυρηνική
5	1	50	1	16	3	1960	910	95	28	88.226807	σύντηξη
5	1	50	1	16	4	2063	909	62	25	21.754707	Σωτ.
5	1	50	1	16	5	2142	917	158	25	18.577667	Καράνιαννης
5	1	50	1	16	6	2313	922	23	16	80.887451	25
5	1	50	1	16	7	2349	923	47	17	92.330338	δολ.
5	1	50	1	16	8	2410	923	30	22	84.976227	εἲς
5	1	50	1	16	9	2453	925	91	21	49.833111	μνήμην
5	1	50	1	16	10	2557	926	97	24	78.309509	ἀδελφοῦ
5	1	50	1	16	11	2665	934	49	18	92.528008	τους
5	1	50	1	16	12	2725	930	55	22	37.895527	Έρη-
4	1	50	1	17	0	1699	934	1082	51	-1	
5	1	50	1	17	1	1699	935	41	17	96.492386	δέν
5	1	50	1	17	2	1757	937	26	17	93.907867	θά
5	1	50	1	17	3	1799	939	59	21	95.705032	γίνει
5	1	50	1	17	4	1873	937	81	30	56.450432	ὡστόσφ
5	1	50	1	17	5	1981	945	73	22	53.968258	θιοµη-
5	1	50	1	17	6	2072	934	79	46	0.000000	ορίου,
5	1	50	1	17	7	2165	942	106	38	93.617020	Ἰωάννης
5	1	50	1	17	8	2288	951	52	28	41.747440	Ώασ.
5	1	50	1	17	9	2356	956	158	25	89.210747	Καράγιαννης
5	1	50	1	17	10	2527	960	24	17	96.625221	25
5	1	50	1	17	11	2565	951	47	34	82.580948	δολ.
5	1	50	1	17	12	2627	962	107	23	93.080132	Ἰωάννης
5	1	50	1	17	13	2752	963	29	19	64.750015	Α.
4	1	50	1	18	0	1698	971	1080	51	-1	
5	1	50	1	18	1	1698	971	82	21	57.285820	χονική
5	1	50	1	18	2	1798	977	194	21	45.568386	πραγματικότητα
5	1	50	1	18	3	2006	975	45	41	92.519287	ἅμε
5	1	50	1	18	4	2067	983	83	29	88.887344	Ντέρος
5	1	50	1	18	5	2164	987	30	23	95.163406	εἰς
5	1	50	1	18	6	2207	989	91	22	45.603275	μνήμην
5	1	50	1	18	7	2318	991	90	22	95.356499	συζύγου
5	1	50	1	18	8	2423	997	38	13	95.215767	του
5	1	50	1	18	9	2475	993	23	18	96.609322	25
5	1	50	1	18	10	2514	987	46	26	93.189484	δολ.
5	1	50	1	18	11	2576	995	110	25	88.849953	Νικόλαος
5	1	50	1	18	12	2703	998	75	24	86.391945	Τηλᾶς
4	1	50	1	19	0	1687	1006	1089	55	-1	
5	1	50	1	19	1	1687	1010	43	20	59.034805	σα,
5	1	50	1	19	2	1747	1006	55	20	95.715134	ὥστε
5	1	50	1	19	3	1819	1009	29	19	93.408073	νά
5	1	50	1	19	4	1864	1010	58	20	93.408073	εἶναι
5	1	50	1	19	5	1939	1013	25	19	94.966927	σέ
5	1	50	1	19	6	1999	1015	53	21	74.389458	θέση
5	1	50	1	19	7	2067	1020	23	18	94.409599	25
5	1	50	1	19	8	2102	1021	46	19	93.547737	δολ.
5	1	50	1	19	9	2164	1023	105	25	84.061096	Ἰωάννης
5	1	50	1	19	10	2284	1025	37	18	64.994698	καί
5	1	50	1	19	11	2335	1026	103	24	73.068062	Κων)νος
5	1	50	1	19	12	2451	1028	102	24	45.085464	Φράγκος
5	1	50	1	19	13	2567	1031	23	18	93.998444	25
5	1	50	1	19	14	2607	1032	47	18	95.409416	δολ.
5	1	50	1	19	15	2667	1029	109	32	67.886436	Γεώργιος
4	1	50	1	20	0	1686	1037	1090	55	-1	
5	1	50	1	20	1	1686	1037	39	36	9.779938	νά
5	1	50	1	20	2	1736	1043	40	23	86.415268	μᾶς
5	1	50	1	20	3	1790	1045	92	23	67.995819	παρέχει
5	1	50	1	20	4	1901	1047	90	25	89.451927	ἄφθονη,
5	1	50	1	20	5	2013	1040	79	41	0.000000	να-ἰΑ.
5	1	50	1	20	6	2107	1057	157	27	25.701729	Πυρνοκοχκᾶς
5	1	50	1	20	7	2281	1061	22	17	96.594803	25
5	1	50	1	20	8	2317	1056	46	24	93.081772	δολ.
5	1	50	1	20	9	2376	1062	115	24	43.122215	Κόμεντορ
5	1	50	1	20	10	2505	1064	114	24	93.013786	Ῥέστοραν
5	1	50	1	20	11	2631	1067	76	24	55.964222	Ἀφῶν
5	1	50	1	20	12	2719	1069	57	23	50.491238	Φρά-
4	1	50	1	21	0	1685	1072	1093	61	-1	
5	1	50	1	21	1	1685	1072	63	53	0.000000	[βερή
5	1	50	1	21	2	1767	1079	37	19	86.255188	καί
5	1	50	1	21	3	1831	1081	71	23	88.845764	φθηνή
5	1	50	1	21	4	1937	1084	111	25	70.202522	ἐνέργεια.
5	1	50	1	21	5	2061	1078	60	40	6.099030	΄γκου
5	1	50	1	21	6	2135	1094	23	18	85.634018	26
5	1	50	1	21	7	2171	1094	46	20	8.192863	δολ.
5	1	50	1	21	8	2236	1097	88	22	93.293701	Κώστας
5	1	50	1	21	9	2341	1098	25	18	87.494637	Ἡ.
5	1	50	1	21	10	2384	1098	158	26	86.007767	Καράγιαννης
5	1	50	1	21	11	2557	1101	24	19	95.269096	25
5	1	50	1	21	12	2598	1103	46	19	96.545242	δολ.
5	1	50	1	21	13	2666	1100	112	33	69.553574	1εώργιος
4	1	50	1	22	0	1695	1112	1078	50	-1	
5	1	50	1	22	1	1695	1112	60	35	23.450684	"Ηδη
5	1	50	1	22	2	1770	1114	56	33	93.301033	ὅμως
5	1	50	1	22	3	1838	1120	110	22	89.088196	μποροῦμε
5	1	50	1	22	4	1959	1121	30	19	96.526642	νά
5	1	50	1	22	5	2000	1115	47	47	77.406998	ποῦ-
5	1	50	1	22	6	2066	1119	23	39	28.100067	.
5	1	50	1	22	7	2103	1129	99	24	2.182228	Γιλέκας
5	1	50	1	22	8	2221	1132	48	22	92.156013	δρχ.
5	1	50	1	22	9	2285	1132	59	22	77.046280	3.000,
5	1	50	1	22	10	2360	1133	94	23	38.740276	Μιχαήλ
5	1	50	1	22	11	2468	1135	22	19	73.129593	Γ.
5	1	50	1	22	12	2507	1136	179	26	57.812008	Καλλιμόπουλος
5	1	50	1	22	13	2713	1141	60	21	95.360405	2.000,
4	1	50	1	23	0	1692	1149	1080	50	-1	
5	1	50	1	23	1	1692	1153	27	17	70.986450	µε
5	1	50	1	23	2	1732	1149	34	18	92.150826	ὅτι
5	1	50	1	23	3	1780	1151	12	19	89.270744	ἡ
5	1	50	1	23	4	1807	1151	129	25	43.680107	Ἐὐρωπαϊκή
5	1	50	1	23	5	1951	1152	94	42	47.311325	Κοινότη
5	1	50	1	23	6	2062	1163	84	27	61.805088	Σπύρος
5	1	50	1	23	7	2160	1165	45	19	82.320068	Ἠλ.
5	1	50	1	23	8	2221	1167	125	24	91.324471	Γιάνναρης
5	1	50	1	23	9	2361	1169	59	22	92.899399	1.009,
5	1	50	1	23	10	2435	1170	115	25	35.020706	Ἡασίλειος
5	1	50	1	23	11	2566	1173	26	19	91.014526	Π.
5	1	50	1	23	12	2607	1174	132	25	90.963242	Καραλέμας
5	1	50	1	23	13	2756	1177	16	18	87.676147	Ἱ.
4	1	50	1	24	0	1692	1185	1081	49	-1	
5	1	50	1	24	1	1692	1188	28	13	39.487144	το
5	1	50	1	24	2	1751	1185	112	22	36.944466	 Ερίσκετοι
5	1	50	1	24	3	1912	1190	134	26	74.598648	ἐπικεφαλῆς
5	1	50	1	24	4	2055	1191	48	33	15.869659	ου,
5	1	50	1	24	5	2119	1199	124	26	89.756874	Σύνδεσμος
5	1	50	1	24	6	2256	1203	182	23	89.756874	Γεωργιτσιάνων
5	1	50	1	24	7	2450	1207	101	25	12.348770	᾽Αττικῆς
5	1	50	1	24	8	2565	1209	70	23	93.236664	15.000,
5	1	50	1	24	9	2648	1211	71	23	44.228703	οἴπογ.
5	1	50	1	24	10	2733	1212	40	21	8.180229	Δη-
4	1	50	1	25	0	1683	1219	1090	51	-1	
5	1	50	1	25	1	1683	1219	60	27	0.000000	Ιστέν
5	1	50	1	25	2	1757	1220	77	22	80.286308	ἀγώνα
5	1	50	1	25	3	1848	1219	86	38	69.228058	δρόμου.
5	1	50	1	25	4	2063	1235	90	21	45.325768	Μητρίου
5	1	50	1	25	5	2163	1236	67	23	88.104233	Γεωρ.
5	1	50	1	25	6	2243	1238	88	21	66.146301	Γκλέκα
5	1	50	1	25	7	2345	1241	71	23	41.165665	10.000,
5	1	50	1	25	8	2428	1243	54	23	93.251923	Δημ.
5	1	50	1	25	9	2495	1244	122	25	89.836418	Ἡρατοίνης
5	1	50	1	25	10	2630	1247	59	23	86.862061	1.000,
5	1	50	1	25	11	2705	1248	68	20	0.000000	᾽Αδελ
4	1	50	1	26	0	1856	1265	916	42	-1	
5	1	50	1	26	1	1852	1261	88	34	0.000000	Ὅσητο
5	1	50	1	26	2	1965	1265	77	11	28.344315	ον
5	1	50	1	26	3	2062	1269	35	22	0.000000	Εφοί
5	1	50	1	26	4	2112	1270	23	18	30.475632	ὰ.
5	1	50	1	26	5	2152	1271	130	25	72.100807	ΜαυροειδΏ
5	1	50	1	26	6	2296	1277	70	22	62.425877	10.00,
5	1	50	1	26	7	2380	1277	91	24	36.591286	Μαρίκα
5	1	50	1	26	8	2484	1280	67	23	69.837448	Εὐαγ,
5	1	50	1	26	9	2566	1281	132	24	72.974899	Παπαστάβη
5	1	50	1	26	10	2716	1285	56	22	82.158234	(Κα-
4	1	50	1	27	0	1803	1293	966	54	-1	
5	1	50	1	27	1	1803	1293	133	41	9.057083	ΓΕΡΠΤΣΙ
5	1	50	1	27	2	2061	1305	72	23	78.569168	στόρι}
5	1	50	1	27	3	2150	1307	58	22	68.144722	1.000,
5	1	50	1	27	4	2225	1309	121	27	95.538261	Δημήτριος
5	1	50	1	27	5	2362	1314	122	24	0.000000	Ἡυχράμης
5	1	50	1	27	6	2504	1317	60	22	88.525864	(Αγ.
5	1	50	1	27	7	2579	1318	113	29	74.646225	Ῥων/νος)
5	1	50	1	27	8	2711	1321	58	21	86.158287	1.900,
4	1	50	1	28	0	1687	1332	1082	65	-1	
5	1	50	1	28	1	1687	1343	41	19	49.845116	Ῥιά
5	1	50	1	28	2	1741	1345	54	19	92.916458	σένα
5	1	50	1	28	3	1810	1347	73	21	60.023502	πάντο,
5	1	50	1	28	4	1897	1355	52	14	14.073090	νοστι
5	1	50	1	28	5	1945	1332	67	47	36.321716	αλνῶ
5	1	50	1	28	6	2051	1336	19	55	0.000000	[αν
5	1	50	1	28	7	2079	1336	93	55	0.000000	εόρυιες
5	1	50	1	28	8	2187	1349	37	13	48.287056	ναί
5	1	50	1	28	9	2235	1341	133	50	0.000000	"Αθανάσιος
5	1	50	1	28	10	2384	1350	24	18	65.625748	Ἡ.
5	1	50	1	28	11	2424	1350	111	40	47.112808	Περδίνης
5	1	50	1	28	12	2547	1349	63	48	82.872482	5.000,
5	1	50	1	28	13	2634	1351	135	32	78.645004	᾿Ἀριστείδης
4	1	50	1	29	0	1678	1362	1089	66	-1	
5	1	50	1	29	1	1678	1362	121	49	0.000000	ἸΓιωργίτσι
5	1	50	1	29	2	1813	1366	123	45	68.926071	παινεμένο
5	1	50	1	29	3	2050	1372	161	52	17.154457	Ἀκρουμπέλος
5	1	50	1	29	4	2223	1372	29	52	0.000000	ἰς.
5	1	50	1	29	5	2271	1381	59	25	80.659454	5.000,
5	1	50	1	29	6	2349	1385	115	24	62.561771	Πετράκης
5	1	50	1	29	7	2481	1387	119	41	93.126884	Γρηγόριος
5	1	50	1	29	8	2616	1390	55	24	54.582958	Κων.
5	1	50	1	29	9	2707	1392	60	22	84.956062	5.000,
4	1	50	1	30	0	1686	1405	1080	66	-1	
5	1	50	1	30	1	1686	1415	122	21	91.826927	Μπαλκόνι
5	1	50	1	30	2	1822	1420	37	18	95.615356	τοῦ
5	1	50	1	30	3	1875	1405	117	43	67.486847	Ῥαῦγετου
5	1	50	1	30	4	2048	1411	126	45	42.878456	Πετράκης
5	1	50	1	30	5	2183	1411	107	48	40.806587	Γεώργιος
5	1	50	1	30	6	2307	1419	49	19	0.000000	Νωι.
5	1	50	1	30	7	2369	1421	60	22	91.194511	5.000,
5	1	50	1	30	8	2439	1418	120	50	25.626305	ἨΠετρόσης
5	1	50	1	30	9	2571	1425	49	19	81.016487	Νικ,
5	1	50	1	30	10	2635	1426	58	19	54.260452	Κων.
5	1	50	1	30	11	2707	1423	59	48	75.523071	5009,
4	1	50	1	31	0	1683	1448	1083	37	-1	
5	1	50	1	31	1	1683	1450	37	20	83.939224	Μέ
5	1	50	1	31	2	1732	1453	75	22	92.744537	χιόνια
5	1	50	1	31	3	1825	1458	145	22	13.735237	σπεποσµένο,
5	1	50	1	31	4	2048	1448	126	25	11.554146	{Θεοφανιώ
5	1	50	1	31	5	2186	1451	82	24	67.096863	ἄιάθρα
5	1	50	1	31	6	2283	1455	60	22	92.409790	6.000,
5	1	50	1	31	7	2357	1457	91	22	91.366928	Δημοσθ.
5	1	50	1	31	8	2463	1458	122	24	83.485886	Ἡρατσίνης
5	1	50	1	31	9	2599	1461	70	22	83.721695	19.000,
5	1	50	1	31	10	2684	1463	82	22	39.582245	Γεώρν.
4	1	50	1	32	0	1676	1475	1090	44	-1	
5	1	50	1	32	1	1676	1475	3	11	13.878975	/
5	1	50	1	32	2	2047	1475	36	43	0.000000	.
5	1	50	1	32	3	2100	1485	108	25	84.082878	Δαρθίρης
5	1	50	1	32	4	2221	1488	60	23	86.164795	2.000,
5	1	50	1	32	5	2295	1491	53	22	88.718369	Δημ.
5	1	50	1	32	6	2363	1491	22	19	85.632118	Γ.
5	1	50	1	32	7	2400	1492	98	24	80.330429	Γκλένας
5	1	50	1	32	8	2513	1495	59	22	78.600327	1.500,
5	1	50	1	32	9	2584	1496	53	23	80.664276	Ζαχ.
5	1	50	1	32	10	2650	1497	26	19	78.037704	Κ.
5	1	50	1	32	11	2689	1498	77	18	91.889938	Μανε-
4	1	50	1	33	0	1675	1504	1090	59	-1	
5	1	50	1	33	1	1675	1504	126	27	44.463406	[Ζωγράφος
5	1	50	1	33	2	1817	1509	55	19	96.835838	θέλω
5	1	50	1	33	3	1889	1511	29	19	89.776299	νά
5	1	50	1	33	4	1933	1515	54	21	63.728867	γινῶ
5	1	50	1	33	5	2047	1519	84	25	0.000000	(σιώτης
5	1	50	1	33	6	2146	1523	59	22	41.953629	5.000,
5	1	50	1	33	7	2218	1524	56	20	91.434898	Παν.
5	1	50	1	33	8	2287	1526	26	18	91.434898	Ν.
5	1	50	1	33	9	2327	1527	107	24	77.058060	᾽Αλούπης
5	1	50	1	33	10	2446	1529	60	22	81.423615	2.00,
5	1	50	1	33	11	2519	1530	77	23	96.750175	Μαρία
5	1	50	1	33	12	2609	1524	156	39	36.908611	Κιουμουρτζά-
4	1	50	1	34	0	1674	1541	1090	47	-1	
5	1	50	1	34	1	1674	1541	47	25	0.000000	'γιά
5	1	50	1	34	2	1734	1543	29	17	94.701668	νά
5	1	50	1	34	3	1779	1544	25	18	84.707153	σέ
5	1	50	1	34	4	1815	1545	126	25	92.345993	ζωγραφίσω
5	1	50	1	34	5	2046	1547	36	29	12.968910	Ίχη
5	1	50	1	34	6	2100	1557	59	23	69.407661	1.000,
5	1	50	1	34	7	2173	1559	58	19	91.989441	Κων.
5	1	50	1	34	8	2245	1561	47	19	86.619766	Ἠλ.
5	1	50	1	34	9	2307	1562	166	25	85.947952	Πατρονικόλας
5	1	50	1	34	10	2487	1565	71	23	85.802559	10.000,
5	1	50	1	34	11	2573	1567	120	20	45.102901	᾿Αθανασία
5	1	50	1	34	12	2705	1569	59	19	91.347855	Παν-
4	1	50	1	35	0	1672	1567	909	54	-1	
5	1	50	1	35	1	1672	1567	39	40	13.626770	ἵνά
5	1	50	1	35	2	1727	1579	39	17	74.349350	πιδ
5	1	50	1	35	3	1782	1581	54	21	96.243263	νερό
5	1	50	1	35	4	1849	1582	55	19	96.294113	στόν
5	1	50	1	35	5	1919	1583	107	22	94.497490	Πλάτανο
5	1	50	1	35	6	2045	1593	101	23	85.482506	ἱταζάλου
5	1	50	1	35	7	2158	1595	71	22	73.019859	15.000,
5	1	50	1	35	8	2243	1597	124	19	86.647217	Γιαννούλα
5	1	50	1	35	9	2384	1599	111	22	81.546288	Ἡρατοίνη
5	1	50	1	35	10	2511	1601	70	19	52.308273	10.000,
4	1	50	1	36	0	1671	1608	1091	51	-1	
5	1	50	1	36	1	1671	1608	4	30	6.770432	;
5	1	50	1	36	2	1680	1612	62	22	91.552666	χίλια
5	1	50	1	36	3	1752	1615	80	22	94.142891	χρόνια
5	1	50	1	36	4	1849	1617	28	19	96.166603	νά
5	1	50	1	36	5	1891	1615	61	31	39.525494	ζήσω.
5	1	50	1	36	6	2078	1628	38	24	0.000000	Τίς
5	1	50	1	36	7	2125	1629	99	25	91.674828	εἰσφορές
5	1	50	1	36	8	2239	1637	47	19	90.205696	σας.
5	1	50	1	36	9	2315	1634	40	18	96.086800	στό
5	1	50	1	36	10	2373	1634	105	24	16.994492	Λθγ)σμό
5	1	50	1	36	11	2489	1637	122	22	38.425499	468)74δόος
5	1	50	1	36	12	2626	1649	8	4	78.071747	-
5	1	50	1	36	13	2648	1640	24	18	93.060539	56
5	1	50	1	36	14	2698	1640	64	19	54.514866	ΕΦΝ.
4	1	50	1	37	0	2053	1663	297	25	-1	
5	1	50	1	37	1	2053	1663	137	22	41.992245	ΥΡΑΠΕΖΑ
5	1	50	1	37	2	2204	1667	146	21	89.090195	ΣΠΑΡΤΗΣ.
2	1	51	0	0	0	2362	361	165	10	-1	
3	1	51	1	0	0	2362	361	165	10	-1	
4	1	51	1	1	0	2362	361	165	10	-1	
5	1	51	1	1	1	2362	361	165	10	95.000000	 
2	1	52	0	0	0	1690	565	13	420	-1	
3	1	52	1	0	0	1690	565	13	420	-1	
4	1	52	1	1	0	1690	565	13	420	-1	
5	1	52	1	1	1	1690	565	13	420	95.000000	 
2	1	53	0	0	0	1700	1259	64	7	-1	
3	1	53	1	0	0	1700	1259	64	7	-1	
4	1	53	1	1	0	1700	1259	64	7	-1	
5	1	53	1	1	1	1700	1259	64	7	95.000000	 
2	1	54	0	0	0	1765	1261	90	8	-1	
3	1	54	1	0	0	1765	1261	90	8	-1	
4	1	54	1	1	0	1765	1261	90	8	-1	
5	1	54	1	1	1	1765	1261	90	8	95.000000	 
2	1	55	0	0	0	1678	1123	10	325	-1	
3	1	55	1	0	0	1678	1123	10	325	-1	
4	1	55	1	1	0	1678	1123	10	325	-1	
5	1	55	1	1	1	1678	1123	10	325	95.000000	 
2	1	56	0	0	0	1670	1647	363	158	-1	
3	1	56	1	0	0	1670	1647	363	158	-1	
4	1	56	1	1	0	1671	1647	362	47	-1	
5	1	56	1	1	1	1671	1647	41	36	0.000000	(κν
5	1	56	1	1	2	1727	1666	55	19	96.686378	ὅταν
5	1	56	1	1	3	1795	1669	27	18	96.067650	τά
5	1	56	1	1	4	1835	1671	75	22	92.196136	χιόνια
5	1	56	1	1	5	1923	1673	110	21	91.764526	λυώσουνε
4	1	56	1	2	0	1677	1700	299	28	-1	
5	1	56	1	2	1	1677	1700	57	20	84.631126	θάλω
5	1	56	1	2	2	1749	1703	29	18	93.299217	νά
5	1	56	1	2	3	1795	1704	47	23	17.558838	᾿ρθῶ
5	1	56	1	2	4	1854	1707	70	20	83.618996	ποντά
5	1	56	1	2	5	1937	1714	39	14	96.263397	σου
4	1	56	1	3	0	1670	1736	289	34	-1	
5	1	56	1	3	1	1670	1736	32	24	21.672905	(τό
5	1	56	1	3	2	1716	1739	117	23	44.185059	καλοκαίρι
5	1	56	1	3	3	1847	1737	112	33	59.834896	ὀλόχληρο
4	1	56	1	4	0	1675	1771	319	34	-1	
5	1	56	1	4	1	1675	1771	31	21	44.471630	Νὰᾶ
5	1	56	1	4	2	1716	1773	72	19	78.657516	κάτσω
5	1	56	1	4	3	1805	1776	39	20	69.175247	στή
5	1	56	1	4	4	1858	1778	79	27	62.456902	δροσιά
5	1	56	1	4	5	1950	1785	44	14	90.085632	σου.
2	1	57	0	0	0	2151	1725	607	14	-1	
3	1	57	1	0	0	2151	1725	607	14	-1	
4	1	57	1	1	0	2151	1725	607	14	-1	
5	1	57	1	1	1	2151	1725	607	14	95.000000	 
2	1	58	0	0	0	2165	1748	564	40	-1	
3	1	58	1	0	0	2165	1748	564	40	-1	
4	1	58	1	1	0	2165	1748	564	40	-1	
5	1	58	1	1	1	2165	1748	127	36	80.752670	ΓΕΩΡΓΙΤΣΙ
5	1	58	1	1	2	2477	1762	73	23	89.967911	ΑΦΟΙ
5	1	58	1	1	3	2565	1763	164	25	64.828636	ΔΙΑΜΑΝΤΗ
2	1	59	0	0	0	1672	1798	108	10	-1	
3	1	59	1	0	0	1672	1798	108	10	-1	
4	1	59	1	1	0	1672	1798	108	10	-1	
5	1	59	1	1	1	1672	1798	108	10	95.000000	 
2	1	60	0	0	0	2422	2075	344	12	-1	
3	1	60	1	0	0	2422	2075	344	12	-1	
4	1	60	1	1	0	2422	2075	344	12	-1	
5	1	60	1	1	1	2422	2075	344	12	95.000000	 
2	1	61	0	0	0	1665	1798	1117	365	-1	
3	1	61	1	0	0	1665	1798	1117	210	-1	
4	1	61	1	1	0	1667	1798	747	54	-1	
5	1	61	1	1	1	1667	1798	9	35	0.000000	[
5	1	61	1	1	2	1780	1801	45	7	75.219704	.
5	1	61	1	1	3	2102	1828	116	24	44.422836	Ὑπεύθινος
5	1	61	1	1	4	2228	1832	52	17	87.703087	κατά
5	1	61	1	1	5	2293	1833	14	16	13.321114	Ν.
5	1	61	1	1	6	2407	1830	7	12	52.538292	Π
4	1	61	1	2	0	1667	1833	1055	60	-1	
5	1	61	1	2	1	1667	1839	78	25	9.801018	'Ἐμεῖς
5	1	61	1	2	2	1759	1842	40	18	89.600121	πού
5	1	61	1	2	3	1813	1845	155	25	32.388756	γεννηθήκαµε
5	1	61	1	2	4	2088	1833	60	48	46.331409	καν.
5	1	61	1	2	5	2157	1864	21	18	43.697914	Ἡ.
5	1	61	1	2	6	2192	1833	172	53	0.000000	(μλνάκλκης
5	1	61	1	2	7	2405	1845	9	48	29.270416	οἱ
5	1	61	1	2	8	2481	1852	44	23	49.348221	55
5	1	61	1	2	9	2534	1854	188	26	88.507706	ΜΛΙΟΥΠΟΛΙΣ
4	1	61	1	3	0	1665	1874	1097	50	-1	
5	1	61	1	3	1	1665	1874	43	21	0.000000	πο
5	1	61	1	3	2	1720	1877	102	23	91.704849	σπλάχνα
5	1	61	1	3	3	1837	1879	27	19	95.861900	τά
5	1	61	1	3	4	1880	1881	52	19	93.240318	δικά
5	1	61	1	3	5	1942	1888	38	14	95.706184	σου
5	1	61	1	3	6	2037	1905	2	3	18.507927	Ἑ
5	1	61	1	3	7	2081	1898	115	24	46.449047	Λικιούργου
5	1	61	1	3	8	2209	1900	23	18	73.858971	27
5	1	61	1	3	9	2241	1910	23	5	65.077034	--.
5	1	61	1	3	10	2277	1900	95	21	93.214722	ΣΠΑΡΤΗ
5	1	61	1	3	11	2404	1895	8	29	74.850235	3
5	1	61	1	3	12	2439	1893	116	24	42.752411	ΑΘΗΝΑ/Ι
5	1	61	1	3	13	2567	1894	66	24	45.921188	ΤΗΛ.
5	1	61	1	3	14	2644	1897	118	23	60.740734	ϱ9./5.672
4	1	61	1	4	0	1665	1911	1117	51	-1	
5	1	61	1	4	1	1665	1911	45	28	56.703609	τῆς
5	1	61	1	4	2	1725	1912	76	24	68.504425	Μοίρας
5	1	61	1	4	3	1816	1919	40	19	95.724915	µας
5	1	61	1	4	4	1873	1917	57	21	90.826149	ἦταν
5	1	61	1	4	5	1943	1920	97	23	18.097763	γραφτό
5	1	61	1	4	6	2160	1935	49	23	56.431450	τηλ.
5	1	61	1	4	7	2220	1935	69	21	60.881039	23.976
5	1	61	1	4	8	2404	1928	8	30	0.000000	ὁ
5	1	61	1	4	9	2431	1924	177	47	89.332413	ΦΩΤΙΣΤΙΚΑ-
5	1	61	1	4	10	2623	1924	159	47	76.590385	ΚΡΥΣΤΑΛΑ᾽
4	1	61	1	5	0	1671	1946	1088	63	-1	
5	1	61	1	5	1	1671	1946	30	22	6.625412	νόι
5	1	61	1	5	2	1717	1947	63	24	93.043304	ζοῦμε
5	1	61	1	5	3	1794	1951	83	23	85.484238	µακριά
5	1	61	1	5	4	1888	1958	45	14	94.927490	σου.
5	1	61	1	5	5	2088	1969	68	25	0.000000	πούθυνας
5	1	61	1	5	6	2215	1977	19	18	82.517319	Τι
5	1	61	1	5	7	2312	1980	38	22	0.000000	είς
5	1	61	1	5	8	2402	1961	9	47	44.423126	!
5	1	61	1	5	9	2438	1965	187	44	86.657906	ΠΟΡΣΕΛΑΝΕΣ
5	1	61	1	5	10	2639	1979	12	23	83.224823	-
5	1	61	1	5	11	2665	1965	94	44	65.279129	ΔΙΑΚΟ.
3	1	61	2	0	0	1667	2007	1103	145	-1	
4	1	61	2	1	0	1730	2007	931	36	-1	
5	1	61	2	1	1	1730	2017	4	5	0.000000	,
5	1	61	2	1	2	1801	2020	8	4	0.000000	ε
5	1	61	2	1	3	2086	2007	86	22	46.445084	ΞΛΕΥΘ.
5	1	61	2	1	4	2183	2011	23	19	90.139427	κ.
5	1	61	2	1	5	2218	2012	141	21	0.000000	ΝΙΚΟλΑΡΟΣ
5	1	61	2	1	6	2401	2011	173	29	0.000000	 ΣΜΗΤΙΚΑ-
5	1	61	2	1	7	2591	2003	70	44	35.037437	Δωρα
4	1	61	2	2	0	1669	2016	739	52	-1	
5	1	61	2	2	1	1669	2016	106	25	59.058876	Μεγάλος
5	1	61	2	2	2	1788	2025	59	14	19.165680	εἴναι
5	1	61	2	2	3	1861	2022	13	18	90.659927	ὁ
5	1	61	2	2	4	1887	2023	65	24	94.028091	πόνος
5	1	61	2	2	5	1965	2031	39	18	82.255737	µας
5	1	61	2	2	6	2107	2052	2	2	39.293488	-
5	1	61	2	2	7	2160	2045	65	21	57.123833	29036
5	1	61	2	2	8	2279	2049	59	19	71.169823	23.7
5	1	61	2	2	9	2401	2045	7	13	67.498245	Π
4	1	61	2	3	0	1671	2038	737	72	-1	
5	1	61	2	3	1	1671	2053	97	23	65.750526	μεγάλος
5	1	61	2	3	2	1775	2055	12	17	93.183777	ὁ
5	1	61	2	3	3	1797	2057	80	23	28.126358	ναῦμός
5	1	61	2	3	4	1890	2063	40	19	95.338417	µας
5	1	61	2	3	5	2065	2038	79	68	0.000000	σαι
5	1	61	2	3	6	2235	2048	33	19	0.000000	ν
5	1	61	2	3	7	2326	2047	39	63	12.001358	κ.
5	1	61	2	3	8	2400	2061	8	31	0.000000	;
4	1	61	2	4	0	1668	2082	1102	50	-1	
5	1	61	2	4	1	1668	2088	46	21	56.140701	μεσ'
5	1	61	2	4	2	1729	2089	42	20	85.651299	τήν
5	1	61	2	4	3	1785	2091	56	23	77.619911	ψυχή
5	1	61	2	4	4	1856	2098	40	18	94.131531	µας
5	1	61	2	4	5	1908	2095	23	17	81.727982	κ΄
5	1	61	2	4	6	1943	2097	80	22	21.949928	καρδιά)
5	1	61	2	4	7	2152	2082	100	24	0.000000	Ξυνδροµή
5	1	61	2	4	8	2262	2085	58	24	5.388329	δρχ.
5	1	61	2	4	9	2399	2095	8	31	4.686417	Ἰ
5	1	61	2	4	10	2440	2105	146	22	93.272690	ΠΩΛΕΙΤΑΙ
5	1	61	2	4	11	2604	2109	13	22	48.142387	ἤ
5	1	61	2	4	12	2638	2110	132	22	68.312843	ΕΝΟΙΕΙΑ-
4	1	61	2	5	0	1667	2115	739	48	-1	
5	1	61	2	5	1	1667	2122	61	19	23.071243	θᾷσαι
5	1	61	2	5	2	1747	2125	55	19	96.108398	σπίτι
5	1	61	2	5	3	1818	2127	49	19	96.713058	δικό
5	1	61	2	5	4	1877	2126	50	31	93.463173	μας.
5	1	61	2	5	5	2066	2115	124	48	0.000000	Ἐξιτεροοῦ
5	1	61	2	5	6	2207	2124	42	24	80.189560	δερ.
5	1	61	2	5	7	2269	2126	43	21	95.667374	δολ.
5	1	61	2	5	8	2376	2129	30	19	8.439018	ον]
2	1	62	0	0	0	2069	2143	700	54	-1	
3	1	62	1	0	0	2069	2147	700	46	-1	
4	1	62	1	1	0	2398	2147	269	14	-1	
5	1	62	1	1	1	2398	2147	8	13	68.577629	Η
5	1	62	1	1	2	2559	2150	5	6	0.000000	μα
5	1	62	1	1	3	2594	2152	4	6	36.396057	«
5	1	62	1	1	4	2662	2153	5	8	0.000000	’
4	1	62	1	2	0	2069	2143	700	54	-1	
5	1	62	1	2	1	2069	2154	105	24	74.058151	Νομικῶν
5	1	62	1	2	2	2185	2159	121	22	96.190033	προσώπων
5	1	62	1	2	3	2316	2164	54	19	82.266190	1.000
5	1	62	1	2	4	2397	2143	103	54	1.910507	ΕΖΕΤΑΙ
5	1	62	1	2	5	2517	2155	60	19	96.724396	στούς
5	1	62	1	2	6	2599	2151	42	23	70.904160	Αγ.
5	1	62	1	2	7	2668	2153	101	24	52.334896	᾽Αναργύ-
2	1	63	0	0	0	2038	2184	730	116	-1	
3	1	63	1	0	0	2064	2184	704	44	-1	
4	1	63	1	1	0	2064	2184	704	44	-1	
5	1	63	1	1	1	2064	2191	117	26	51.484089	χυνθροµέ:
5	1	63	1	1	2	2224	2196	41	18	59.009254	Στό
5	1	63	1	1	3	2284	2184	102	44	34.362419	Γευργῆσι
5	1	63	1	1	4	2397	2194	65	18	0.000000	Ἓβρους
5	1	63	1	1	5	2481	2191	118	23	89.075058	Γεωργίτσι
5	1	63	1	1	6	2615	2193	88	20	76.076530	αἴθουσα
5	1	63	1	1	7	2732	2196	36	18	57.396675	200
4	1	63	1	2	0	2177	2205	227	21	-1	
5	1	63	1	2	1	2177	2205	5	7	40.487961	1
5	1	63	1	2	2	2388	2213	16	13	0.000000	.
3	1	63	2	0	0	2038	2226	729	74	-1	
4	1	63	2	1	0	2039	2226	728	34	-1	
5	1	63	2	1	1	2039	2227	25	22	84.452782	εἰς
5	1	63	2	1	2	2077	2226	117	23	16.357513	᾿Αβεράσιοι
5	1	63	2	1	3	2205	2230	75	24	46.446358	Δῆμον,
5	1	63	2	1	4	2294	2226	109	38	0.000000	Στήν-Α-ι
5	1	63	2	1	5	2413	2230	83	24	88.809517	ἀτόμων
5	1	63	2	1	6	2515	2233	37	19	18.729370	καί
5	1	63	2	1	7	2569	2234	111	25	86.589851	εὐρύχωρο
5	1	63	2	1	8	2698	2237	69	23	82.449677	προαύ
4	1	63	2	2	0	2038	2261	729	39	-1	
5	1	63	2	2	1	2038	2261	49	24	91.895981	θήνα
5	1	63	2	2	2	2099	2263	27	23	92.896446	εἰς
5	1	63	2	2	3	2141	2265	21	17	91.179146	Β.
5	1	63	2	2	4	2174	2265	118	25	12.967110	Καραλέμην
5	1	63	2	2	5	2310	2255	88	42	0.000000	Σκαδίου)
5	1	63	2	2	6	2412	2263	40	30	92.274612	λιο.
5	1	63	2	2	7	2470	2273	151	27	93.289619	Πληροφορίες
5	1	63	2	2	8	2637	2277	23	19	85.920868	Γ.
5	1	63	2	2	9	2675	2278	92	19	92.217201	Καλύέα
2	1	64	0	0	0	1664	2161	368	100	-1	
3	1	64	1	0	0	1664	2161	368	100	-1	
4	1	64	1	1	0	1760	2161	272	26	-1	
5	1	64	1	1	1	1760	2161	45	19	80.405365	ΧΡ.
5	1	64	1	1	2	1817	2162	193	25	87.182030	ΜΑΡΓΑΡΙΤΗΣ
5	1	64	1	1	3	2030	2164	2	9	96.611176	|
4	1	64	1	2	0	1669	2194	351	37	-1	
5	1	64	1	2	1	1669	2194	44	22	62.339100	(Τό
5	1	64	1	2	2	1726	2195	115	24	92.748970	ἀφιερώνω
5	1	64	1	2	3	1857	2200	55	21	96.503418	στήν
5	1	64	1	2	4	1935	2198	85	33	38.208179	δἰκογέ-
4	1	64	1	3	0	1664	2232	355	29	-1	
5	1	64	1	3	1	1664	2234	51	14	49.463081	νεια
5	1	64	1	3	2	1733	2232	38	18	93.292259	τοῦ
5	1	64	1	3	3	1785	2233	133	23	84.954987	ἀείμνηστου
5	1	64	1	3	4	1933	2237	86	24	48.966301	Σπύρου
2	1	65	0	0	0	2339	2401	184	7	-1	
3	1	65	1	0	0	2339	2401	184	7	-1	
4	1	65	1	1	0	2339	2401	184	7	-1	
5	1	65	1	1	1	2339	2401	184	7	95.000000	 
2	1	66	0	0	0	1663	2265	1103	140	-1	
3	1	66	1	0	0	1663	2265	1103	140	-1	
4	1	66	1	1	0	1663	2265	740	45	-1	
5	1	66	1	1	1	1663	2265	25	19	88.072090	Σ.
5	1	66	1	1	2	1702	2266	136	26	50.810204	Διαμαντῃ).
5	1	66	1	1	3	2100	2301	2	2	4.858002	ἳ
5	1	66	1	1	4	2396	2297	7	13	90.236229	:
4	1	66	1	2	0	1939	2297	827	40	-1	
5	1	66	1	2	1	1939	2321	2	2	0.000000	ι
5	1	66	1	2	2	2039	2297	22	19	91.662643	48
5	1	66	1	2	3	2074	2299	37	18	93.031563	στὰ
5	1	66	1	2	4	2126	2300	118	25	82.625389	Δικαστήρκι
5	1	66	1	2	5	2256	2307	32	18	83.607544	καὶ
5	1	66	1	2	6	2303	2307	21	19	87.349091	Κ.
5	1	66	1	2	7	2340	2293	61	43	0.000000	Γκνν-α
5	1	66	1	2	8	2414	2307	120	25	51.435020	Ἀτριγγάρη
5	1	66	1	2	9	2550	2311	12	19	96.883499	9
5	1	66	1	2	10	2587	2311	53	24	75.007973	"Αγ.
5	1	66	1	2	11	2659	2314	107	23	91.716049	Δημήτρι-
4	1	66	1	3	0	1674	2319	924	49	-1	
5	1	66	1	3	1	1674	2319	344	21	0.000000	ὃσσππσσππσν
5	1	66	1	3	2	2037	2334	75	24	0.000000	Ὄνομάκη
5	1	66	1	3	3	2125	2336	101	26	0.000000	Σπάρτης,
5	1	66	1	3	4	2395	2331	37	37	0.000000	Ἶος
5	1	66	1	3	5	2445	2345	49	20	92.639397	τηλ.
5	1	66	1	3	6	2510	2346	88	20	56.880379	3619480.
4	1	66	1	4	0	1697	2357	810	48	-1	
5	1	66	1	4	1	1697	2357	67	41	50.407402	ΝΕΟΣ
5	1	66	1	4	2	1783	2359	108	42	43.278160	ΠΙΤΡΙΣ
5	1	66	1	4	3	1910	2365	79	39	42.972534	ΚΕ
5	1	66	1	4	4	2045	2392	293	13	0.000000	|...
2	1	67	0	0	0	2523	2405	215	9	-1	
3	1	67	1	0	0	2523	2405	215	9	-1	
4	1	67	1	1	0	2523	2405	215	9	-1	
5	1	67	1	1	1	2523	2405	215	9	95.000000	 
2	1	68	0	0	0	1658	2407	368	159	-1	
3	1	68	1	0	0	1658	2407	368	155	-1	
4	1	68	1	1	0	1684	2407	332	33	-1	
5	1	68	1	1	1	1684	2407	110	32	76.651955	᾿Ἀνέλαθε
5	1	68	1	1	2	1815	2416	112	24	91.106880	πρόαφατα
5	1	68	1	1	3	1942	2420	26	20	93.294205	τή
5	1	68	1	1	4	1985	2422	31	18	66.986435	δι-
4	1	68	1	2	0	1660	2446	354	38	-1	
5	1	68	1	2	1	1660	2446	90	23	90.223381	εύθυνση
5	1	68	1	2	2	1779	2451	36	22	94.802185	τῆς
5	1	68	1	2	3	1847	2448	167	36	31.927940	Ὑψειονομικῆς
4	1	68	1	3	0	1659	2473	367	53	-1	
5	1	68	1	3	1	1659	2482	129	26	88.486130	Ὑπηρεσίας
5	1	68	1	3	2	1802	2487	38	18	89.799026	τοῦ
5	1	68	1	3	3	1852	2489	82	19	85.027756	ΚΕΕΜ.
5	1	68	1	3	4	1948	2491	12	18	89.815735	ὁ
5	1	68	1	3	5	1973	2473	53	53	28.449158	συμ]
4	1	68	1	4	0	1658	2515	366	51	-1	
5	1	68	1	4	1	1658	2519	120	25	64.328110	παπριώτης
5	1	68	1	4	2	1793	2527	40	19	93.274948	µας
5	1	68	1	4	3	1847	2523	73	25	54.136940	Ἰατρός
5	1	68	1	4	4	1934	2531	20	14	30.608131	κ.
5	1	68	1	4	5	1970	2515	54	51	4.089340	"Αα.
2	1	69	0	0	0	2138	2426	539	33	-1	
3	1	69	1	0	0	2138	2426	539	33	-1	
4	1	69	1	1	0	2138	2426	539	33	-1	
5	1	69	1	1	1	2138	2426	144	26	93.303314	ΓΡΑΦΕΙΟ
5	1	69	1	1	2	2301	2430	144	24	92.059998	ΓΕΝΙΚΟΥ
5	1	69	1	1	3	2463	2434	191	25	96.473824	ΤΟΥΡΙΣΜΟΥ
5	1	69	1	1	4	2676	2441	1	3	61.304531	|
2	1	70	0	0	0	2219	2482	428	44	-1	
3	1	70	1	0	0	2219	2482	428	44	-1	
4	1	70	1	1	0	2219	2482	428	44	-1	
5	1	70	1	1	1	2219	2482	193	42	4.369431	ΛΝΤΝΛΡΛΚΟΥ
5	1	70	1	1	2	2439	2487	85	39	31.904709	ΤΠ
5	1	70	1	1	3	2623	2502	24	10	10.542831	 -
2	1	71	0	0	0	1655	2535	948	49	-1	
3	1	71	1	0	0	1655	2535	948	49	-1	
4	1	71	1	1	0	2162	2535	441	32	-1	
5	1	71	1	1	1	2162	2535	128	25	93.288704	ΣΠΑΡΤΗ
5	1	71	1	1	2	2304	2531	29	41	77.789001	--
5	1	71	1	1	3	2332	2540	176	27	96.672409	ΤΗΛΕΦΩΝΟ
5	1	71	1	1	4	2521	2544	82	23	42.063622	22132
4	1	71	1	2	0	1655	2553	369	31	-1	
5	1	71	1	2	1	1655	2553	101	25	17.986214	δανάσιος
5	1	71	1	2	2	1774	2557	22	19	64.225128	Τ.
5	1	71	1	2	3	1810	2558	137	26	47.562477	᾿Αρθανίτης,
5	1	71	1	2	4	1969	2563	55	20	94.683182	ἀπό
5	1	71	1	2	5	2016	2554	12	36	96.802956	|
2	1	72	0	0	0	1649	2585	1090	319	-1	
3	1	72	1	0	0	1649	2585	1090	319	-1	
4	1	72	1	1	0	1655	2585	1083	49	-1	
5	1	72	1	1	1	1655	2589	43	20	96.245865	τήν
5	1	72	1	1	2	1713	2591	127	23	0.000000	Αγόριανη,
5	1	72	1	1	3	2056	2585	40	42	92.254410	Μέ
5	1	72	1	1	4	2108	2587	33	41	95.633781	τό
5	1	72	1	1	5	2158	2589	146	30	93.290802	πολυτελές
5	1	72	1	1	6	2321	2593	122	31	83.960342	ποῦλμαν
5	1	72	1	1	7	2459	2597	47	21	96.439346	τοῦ
5	1	72	1	1	8	2522	2600	133	34	65.689026	γραφείου
5	1	72	1	1	9	2685	2608	53	23	93.787018	µας
4	1	72	1	2	0	1680	2618	1059	74	-1	
5	1	72	1	2	1	1680	2631	24	17	14.723633	Ὁ
5	1	72	1	2	2	1719	2637	20	13	77.274582	κ.
5	1	72	1	2	3	1760	2633	130	26	4.892647	᾽Αρθανίτης
5	1	72	1	2	4	1921	2641	90	19	51.437912	µετατέ-
5	1	72	1	2	5	2030	2618	42	55	71.328529	καί
5	1	72	1	2	6	2090	2628	46	41	78.827530	τόν
5	1	72	1	2	7	2143	2619	112	51	92.282738	ἐκλεκτό
5	1	72	1	2	8	2267	2623	95	39	31.379143	ὁδηνό,
5	1	72	1	2	9	2370	2626	140	64	0.000000	αλημήτριο
5	1	72	1	2	10	2523	2630	117	62	10.139282	Γοσκινᾶ
5	1	72	1	2	11	2650	2637	40	39	92.199852	θά
5	1	72	1	2	12	2705	2643	34	15	96.740860	συ
4	1	72	1	3	0	1654	2661	1026	37	-1	
5	1	72	1	3	1	1654	2665	52	19	0.000000	8ηκε
5	1	72	1	3	2	1718	2665	44	19	95.949631	ἀπό
5	1	72	1	3	3	1775	2667	25	18	95.414764	τό
5	1	72	1	3	4	1812	2669	34	18	94.005501	401
5	1	72	1	3	5	1861	2671	149	22	50.139282	Στρατιωτικό
5	1	72	1	3	6	2028	2661	24	15	9.338524	ος
5	1	72	1	3	7	2057	2661	112	25	0.000000	Χίσουμε
5	1	72	1	3	8	2186	2665	46	16	96.465454	καί
5	1	72	1	3	9	2244	2662	31	20	96.970970	τό
5	1	72	1	3	10	2291	2663	58	21	93.159569	1985
5	1	72	1	3	11	2364	2669	165	25	56.103188	ὡραιότωτες
5	1	72	1	3	12	2557	2668	123	30	70.833755	κδροµές.
4	1	72	1	4	0	1649	2694	278	36	-1	
5	1	72	1	4	1	1649	2694	140	31	41.668812	Νοσοκομεῖο
5	1	72	1	4	2	1821	2699	106	31	53.199150	᾿Αδηνῶν,
4	1	72	1	5	0	1651	2732	274	26	-1	
5	1	72	1	5	1	1651	2732	134	23	89.091736	ὑπηρετοῦσε
5	1	72	1	5	2	1799	2736	35	19	96.532883	ἐπί
5	1	72	1	5	3	1844	2733	81	25	24.957581	διετίας,
4	1	72	1	6	0	1675	2768	667	43	-1	
5	1	72	1	6	1	1675	2768	105	24	91.454720	Διατηρεῖ
5	1	72	1	6	2	1793	2772	37	18	88.268608	καί
5	1	72	1	6	3	1851	2774	50	18	92.939964	δικό
5	1	72	1	6	4	1915	2781	37	13	96.775520	του
5	1	72	1	6	5	1975	2773	31	30	0.000000	1οι-
5	1	72	1	6	6	2073	2798	33	4	48.187485	..
5	1	72	1	6	7	2341	2808	1	3	0.000000	᾿
4	1	72	1	7	0	1650	2804	724	49	-1	
5	1	72	1	7	1	1650	2804	66	22	24.543549	τρεῖο,
5	1	72	1	7	2	1743	2806	25	18	54.477505	Ἐ.
5	1	72	1	7	3	1784	2806	156	26	93.983452	Παλαιολόγου
5	1	72	1	7	4	1967	2813	38	19	32.664505	γα
5	1	72	1	7	5	2120	2813	49	21	4.771820	-..
5	1	72	1	7	6	2268	2821	22	20	50.026112	.
5	1	72	1	7	7	2345	2822	29	31	71.796906	.
4	1	72	1	8	0	1649	2839	747	22	-1	
5	1	72	1	8	1	1649	2839	109	22	75.783401	Ἡρασίδου
5	1	72	1	8	2	1770	2842	30	18	92.705963	40.
5	1	72	1	8	3	2053	2845	2	3	0.000000	͵
5	1	72	1	8	4	2162	2849	4	2	0.000000	ε
5	1	72	1	8	5	2228	2858	2	2	21.640640	;
5	1	72	1	8	6	2394	2854	2	3	0.000000	:
4	1	72	1	9	0	1673	2875	234	29	-1	
5	1	72	1	9	1	1673	2875	54	21	92.500893	Τηλ.
5	1	72	1	9	2	1739	2877	58	20	69.415497	27687
5	1	72	1	9	3	1810	2879	97	25	78.025558	Σπάρτη.
2	1	73	0	0	0	1679	2949	294	80	-1	
3	1	73	1	0	0	1679	2949	294	80	-1	
4	1	73	1	1	0	1715	2949	225	33	-1	
5	1	73	1	1	1	1715	2949	57	23	95.112328	ΓΙΑ
5	1	73	1	1	2	1795	2952	40	21	93.296318	ΤΗ
5	1	73	1	1	3	1857	2954	83	28	87.380646	Δ)ΣΗ
4	1	73	1	2	0	1679	3000	294	29	-1	
5	1	73	1	2	1	1679	3000	89	22	81.225739	ΤΕΧΝ.
5	1	73	1	2	2	1779	3003	194	26	76.173607	ΥΠΗΡΕΣΙΩΝ
2	1	74	0	0	0	1666	3051	332	29	-1	
3	1	74	1	0	0	1666	3051	332	29	-1	
4	1	74	1	1	0	1666	3051	332	29	-1	
5	1	74	1	1	1	1666	3051	45	19	96.358673	Στό
5	1	74	1	1	2	1726	3053	23	19	71.196983	7ο
5	1	74	1	1	3	1761	3055	128	25	78.753906	χιλιόμετρο
5	1	74	1	1	4	1903	3060	37	18	87.455132	τοῦ
5	1	74	1	1	5	1967	3061	31	18	87.267426	Ἐ-
2	1	75	0	0	0	2025	1882	15	588	-1	
3	1	75	1	0	0	2025	1882	15	588	-1	
4	1	75	1	1	0	2025	1882	15	588	-1	
5	1	75	1	1	1	2025	1882	15	588	95.000000	 
2	1	76	0	0	0	1954	2705	780	25	-1	
3	1	76	1	0	0	1954	2705	780	25	-1	
4	1	76	1	1	0	1954	2705	780	25	-1	
5	1	76	1	1	1	1954	2707	13	17	13.572304	ο
5	1	76	1	1	2	1969	2713	40	13	39.104496	ο
5	1	76	1	1	3	2093	2705	101	11	24.145538	αμ
5	1	76	1	1	4	2280	2710	32	10	0.000000	ο
5	1	76	1	1	5	2354	2714	171	10	0.000000	ϱϱ«οοο
5	1	76	1	1	6	2568	2718	166	12	0.000000	----”μ---
2	1	77	0	0	0	2305	2778	20	3	-1	
3	1	77	1	0	0	2305	2778	20	3	-1	
4	1	77	1	1	0	2305	2778	20	3	-1	
5	1	77	1	1	1	2305	2778	20	3	95.000000	 
2	1	78	0	0	0	2296	2786	25	1	-1	
3	1	78	1	0	0	2296	2786	25	1	-1	
4	1	78	1	1	0	2296	2786	25	1	-1	
5	1	78	1	1	1	2296	2786	25	1	95.000000	 
2	1	79	0	0	0	2296	2786	29	4	-1	
3	1	79	1	0	0	2296	2786	29	4	-1	
4	1	79	1	1	0	2296	2786	29	4	-1	
5	1	79	1	1	1	2296	2786	29	4	95.000000	 
2	1	80	0	0	0	2304	2790	25	3	-1	
3	1	80	1	0	0	2304	2790	25	3	-1	
4	1	80	1	1	0	2304	2790	25	3	-1	
5	1	80	1	1	1	2304	2790	25	3	95.000000	 
2	1	81	0	0	0	2306	2792	21	3	-1	
3	1	81	1	0	0	2306	2792	21	3	-1	
4	1	81	1	1	0	2306	2792	21	3	-1	
5	1	81	1	1	1	2306	2792	21	3	95.000000	 
2	1	82	0	0	0	2018	2743	88	64	-1	
3	1	82	1	0	0	2018	2743	88	64	-1	
4	1	82	1	1	0	2018	2743	88	64	-1	
5	1	82	1	1	1	2018	2743	88	64	95.000000	 
2	1	83	0	0	0	2316	2802	24	3	-1	
3	1	83	1	0	0	2316	2802	24	3	-1	
4	1	83	1	1	0	2316	2802	24	3	-1	
5	1	83	1	1	1	2316	2802	24	3	95.000000	 
2	1	84	0	0	0	2305	2804	25	3	-1	
3	1	84	1	0	0	2305	2804	25	3	-1	
4	1	84	1	1	0	2305	2804	25	3	-1	
5	1	84	1	1	1	2305	2804	25	3	95.000000	 
2	1	85	0	0	0	2323	2817	18	1	-1	
3	1	85	1	0	0	2323	2817	18	1	-1	
4	1	85	1	1	0	2323	2817	18	1	-1	
5	1	85	1	1	1	2323	2817	18	1	95.000000	 
2	1	86	0	0	0	2314	2818	19	3	-1	
3	1	86	1	0	0	2314	2818	19	3	-1	
4	1	86	1	1	0	2314	2818	19	3	-1	
5	1	86	1	1	1	2314	2818	19	3	95.000000	 
2	1	87	0	0	0	2319	2824	23	3	-1	
3	1	87	1	0	0	2319	2824	23	3	-1	
4	1	87	1	1	0	2319	2824	23	3	-1	
5	1	87	1	1	1	2319	2824	23	3	95.000000	 
2	1	88	0	0	0	2069	2816	1	19	-1	
3	1	88	1	0	0	2069	2816	1	19	-1	
4	1	88	1	1	0	2069	2816	1	19	-1	
5	1	88	1	1	1	2069	2816	1	19	95.000000	 
2	1	89	0	0	0	2067	2826	17	1	-1	
3	1	89	1	0	0	2067	2826	17	1	-1	
4	1	89	1	1	0	2067	2826	17	1	-1	
5	1	89	1	1	1	2067	2826	17	1	95.000000	 
2	1	90	0	0	0	2419	2834	24	3	-1	
3	1	90	1	0	0	2419	2834	24	3	-1	
4	1	90	1	1	0	2419	2834	24	3	-1	
5	1	90	1	1	1	2419	2834	24	3	95.000000	 
2	1	91	0	0	0	2421	2837	23	3	-1	
3	1	91	1	0	0	2421	2837	23	3	-1	
4	1	91	1	1	0	2421	2837	23	3	-1	
5	1	91	1	1	1	2421	2837	23	3	95.000000	 
2	1	92	0	0	0	2058	2833	22	1	-1	
3	1	92	1	0	0	2058	2833	22	1	-1	
4	1	92	1	1	0	2058	2833	22	1	-1	
5	1	92	1	1	1	2058	2833	22	1	95.000000	 
2	1	93	0	0	0	2071	2825	1	17	-1	
3	1	93	1	0	0	2071	2825	1	17	-1	
4	1	93	1	1	0	2071	2825	1	17	-1	
5	1	93	1	1	1	2071	2825	1	17	95.000000	 
2	1	94	0	0	0	2316	2843	129	5	-1	
3	1	94	1	0	0	2316	2843	129	5	-1	
4	1	94	1	1	0	2316	2843	129	5	-1	
5	1	94	1	1	1	2316	2843	129	5	95.000000	 
2	1	95	0	0	0	2315	2844	130	5	-1	
3	1	95	1	0	0	2315	2844	130	5	-1	
4	1	95	1	1	0	2315	2844	130	5	-1	
5	1	95	1	1	1	2315	2844	130	5	95.000000	 
2	1	96	0	0	0	2316	2785	5	78	-1	
3	1	96	1	0	0	2316	2785	5	78	-1	
4	1	96	1	1	0	2316	2785	5	78	-1	
5	1	96	1	1	1	2316	2785	5	78	95.000000	 
2	1	97	0	0	0	2317	2785	6	78	-1	
3	1	97	1	0	0	2317	2785	6	78	-1	
4	1	97	1	1	0	2317	2785	6	78	-1	
5	1	97	1	1	1	2317	2785	6	78	95.000000	 
2	1	98	0	0	0	2319	2851	126	5	-1	
3	1	98	1	0	0	2319	2851	126	5	-1	
4	1	98	1	1	0	2319	2851	126	5	-1	
5	1	98	1	1	1	2319	2851	126	5	95.000000	 
2	1	99	0	0	0	2312	2852	124	4	-1	
3	1	99	1	0	0	2312	2852	124	4	-1	
4	1	99	1	1	0	2312	2852	124	4	-1	
5	1	99	1	1	1	2312	2852	124	4	95.000000	 
2	1	100	0	0	0	2319	2851	117	5	-1	
3	1	100	1	0	0	2319	2851	117	5	-1	
4	1	100	1	1	0	2319	2851	117	5	-1	
5	1	100	1	1	1	2319	2851	117	5	95.000000	 
2	1	101	0	0	0	2041	2851	17	1	-1	
3	1	101	1	0	0	2041	2851	17	1	-1	
4	1	101	1	1	0	2041	2851	17	1	-1	
5	1	101	1	1	1	2041	2851	17	1	95.000000	 
2	1	102	0	0	0	2062	2844	3	19	-1	
3	1	102	1	0	0	2062	2844	3	19	-1	
4	1	102	1	1	0	2062	2844	3	19	-1	
5	1	102	1	1	1	2062	2844	3	19	95.000000	 
2	1	103	0	0	0	2290	2855	161	8	-1	
3	1	103	1	0	0	2290	2855	161	8	-1	
4	1	103	1	1	0	2290	2855	161	8	-1	
5	1	103	1	1	1	2290	2855	161	8	95.000000	 
2	1	104	0	0	0	2370	2865	66	2	-1	
3	1	104	1	0	0	2370	2865	66	2	-1	
4	1	104	1	1	0	2370	2865	66	2	-1	
5	1	104	1	1	1	2370	2865	66	2	95.000000	 
2	1	105	0	0	0	2046	2861	18	1	-1	
3	1	105	1	0	0	2046	2861	18	1	-1	
4	1	105	1	1	0	2046	2861	18	1	-1	
5	1	105	1	1	1	2046	2861	18	1	95.000000	 
2	1	106	0	0	0	2427	2868	23	3	-1	
3	1	106	1	0	0	2427	2868	23	3	-1	
4	1	106	1	1	0	2427	2868	23	3	-1	
5	1	106	1	1	1	2427	2868	23	3	95.000000	 
2	1	107	0	0	0	2058	2847	3	22	-1	
3	1	107	1	0	0	2058	2847	3	22	-1	
4	1	107	1	1	0	2058	2847	3	22	-1	
5	1	107	1	1	1	2058	2847	3	22	95.000000	 
2	1	108	0	0	0	2055	2849	3	25	-1	
3	1	108	1	0	0	2055	2849	3	25	-1	
4	1	108	1	1	0	2055	2849	3	25	-1	
5	1	108	1	1	1	2055	2849	3	25	95.000000	 
2	1	109	0	0	0	2060	2849	3	27	-1	
3	1	109	1	0	0	2060	2849	3	27	-1	
4	1	109	1	1	0	2060	2849	3	27	-1	
5	1	109	1	1	1	2060	2849	3	27	95.000000	 
2	1	110	0	0	0	2029	2862	47	4	-1	
3	1	110	1	0	0	2029	2862	47	4	-1	
4	1	110	1	1	0	2029	2862	47	4	-1	
5	1	110	1	1	1	2029	2862	47	4	95.000000	 
2	1	111	0	0	0	2022	2865	54	2	-1	
3	1	111	1	0	0	2022	2865	54	2	-1	
4	1	111	1	1	0	2022	2865	54	2	-1	
5	1	111	1	1	1	2022	2865	54	2	95.000000	 
2	1	112	0	0	0	2432	2872	18	3	-1	
3	1	112	1	0	0	2432	2872	18	3	-1	
4	1	112	1	1	0	2432	2872	18	3	-1	
5	1	112	1	1	1	2432	2872	18	3	95.000000	 
2	1	113	0	0	0	2053	2868	108	4	-1	
3	1	113	1	0	0	2053	2868	108	4	-1	
4	1	113	1	1	0	2053	2868	108	4	-1	
5	1	113	1	1	1	2053	2868	108	4	95.000000	 
2	1	114	0	0	0	2077	2869	84	5	-1	
3	1	114	1	0	0	2077	2869	84	5	-1	
4	1	114	1	1	0	2077	2869	84	5	-1	
5	1	114	1	1	1	2077	2869	84	5	95.000000	 
2	1	115	0	0	0	2077	2871	86	3	-1	
3	1	115	1	0	0	2077	2871	86	3	-1	
4	1	115	1	1	0	2077	2871	86	3	-1	
5	1	115	1	1	1	2077	2871	86	3	95.000000	 
2	1	116	0	0	0	2439	2881	18	1	-1	
3	1	116	1	0	0	2439	2881	18	1	-1	
4	1	116	1	1	0	2439	2881	18	1	-1	
5	1	116	1	1	1	2439	2881	18	1	95.000000	 
2	1	117	0	0	0	2374	2881	83	6	-1	
3	1	117	1	0	0	2374	2881	83	6	-1	
4	1	117	1	1	0	2374	2881	83	6	-1	
5	1	117	1	1	1	2374	2881	83	6	95.000000	 
2	1	118	0	0	0	2079	2878	47	3	-1	
3	1	118	1	0	0	2079	2878	47	3	-1	
4	1	118	1	1	0	2079	2878	47	3	-1	
5	1	118	1	1	1	2079	2878	47	3	95.000000	 
2	1	119	0	0	0	2086	2877	40	5	-1	
3	1	119	1	0	0	2086	2877	40	5	-1	
4	1	119	1	1	0	2086	2877	40	5	-1	
5	1	119	1	1	1	2086	2877	40	5	95.000000	 
2	1	120	0	0	0	2374	2883	83	4	-1	
3	1	120	1	0	0	2374	2883	83	4	-1	
4	1	120	1	1	0	2374	2883	83	4	-1	
5	1	120	1	1	1	2374	2883	83	4	95.000000	 
2	1	121	0	0	0	2086	2881	93	3	-1	
3	1	121	1	0	0	2086	2881	93	3	-1	
4	1	121	1	1	0	2086	2881	93	3	-1	
5	1	121	1	1	1	2086	2881	93	3	95.000000	 
2	1	122	0	0	0	2086	2881	92	5	-1	
3	1	122	1	0	0	2086	2881	92	5	-1	
4	1	122	1	1	0	2086	2881	92	5	-1	
5	1	122	1	1	1	2086	2881	92	5	95.000000	 
2	1	123	0	0	0	2371	2888	85	5	-1	
3	1	123	1	0	0	2371	2888	85	5	-1	
4	1	123	1	1	0	2371	2888	85	5	-1	
5	1	123	1	1	1	2371	2888	85	5	95.000000	 
2	1	124	0	0	0	2446	2865	3	44	-1	
3	1	124	1	0	0	2446	2865	3	44	-1	
4	1	124	1	1	0	2446	2865	3	44	-1	
5	1	124	1	1	1	2446	2865	3	44	95.000000	 
2	1	125	0	0	0	2450	2871	4	38	-1	
3	1	125	1	0	0	2450	2871	4	38	-1	
4	1	125	1	1	0	2450	2871	4	38	-1	
5	1	125	1	1	1	2450	2871	4	38	95.000000	 
2	1	126	0	0	0	2039	2862	1	45	-1	
3	1	126	1	0	0	2039	2862	1	45	-1	
4	1	126	1	1	0	2039	2862	1	45	-1	
5	1	126	1	1	1	2039	2862	1	45	95.000000	 
2	1	127	0	0	0	2084	2863	3	46	-1	
3	1	127	1	0	0	2084	2863	3	46	-1	
4	1	127	1	1	0	2084	2863	3	46	-1	
5	1	127	1	1	1	2084	2863	3	46	95.000000	 
2	1	128	0	0	0	2028	2887	22	1	-1	
3	1	128	1	0	0	2028	2887	22	1	-1	
4	1	128	1	1	0	2028	2887	22	1	-1	
5	1	128	1	1	1	2028	2887	22	1	95.000000	 
2	1	129	0	0	0	2087	2869	4	39	-1	
3	1	129	1	0	0	2087	2869	4	39	-1	
4	1	129	1	1	0	2087	2869	4	39	-1	
5	1	129	1	1	1	2087	2869	4	39	95.000000	 
2	1	130	0	0	0	2109	2886	347	13	-1	
3	1	130	1	0	0	2109	2886	347	13	-1	
4	1	130	1	1	0	2109	2886	347	13	-1	
5	1	130	1	1	1	2109	2886	347	13	95.000000	 
2	1	131	0	0	0	2131	2873	1	33	-1	
3	1	131	1	0	0	2131	2873	1	33	-1	
4	1	131	1	1	0	2131	2873	1	33	-1	
5	1	131	1	1	1	2131	2873	1	33	95.000000	 
2	1	132	0	0	0	2145	2870	1	41	-1	
3	1	132	1	0	0	2145	2870	1	41	-1	
4	1	132	1	1	0	2145	2870	1	41	-1	
5	1	132	1	1	1	2145	2870	1	41	95.000000	 
2	1	133	0	0	0	2109	2889	347	9	-1	
3	1	133	1	0	0	2109	2889	347	9	-1	
4	1	133	1	1	0	2109	2889	347	9	-1	
5	1	133	1	1	1	2109	2889	347	9	95.000000	 
2	1	134	0	0	0	2171	2878	3	32	-1	
3	1	134	1	0	0	2171	2878	3	32	-1	
4	1	134	1	1	0	2171	2878	3	32	-1	
5	1	134	1	1	1	2171	2878	3	32	95.000000	 
2	1	135	0	0	0	2109	2891	342	12	-1	
3	1	135	1	0	0	2109	2891	342	12	-1	
4	1	135	1	1	0	2109	2891	342	12	-1	
5	1	135	1	1	1	2109	2891	342	12	95.000000	 
2	1	136	0	0	0	2448	2891	1	18	-1	
3	1	136	1	0	0	2448	2891	1	18	-1	
4	1	136	1	1	0	2448	2891	1	18	-1	
5	1	136	1	1	1	2448	2891	1	18	95.000000	 
2	1	137	0	0	0	2327	2900	124	6	-1	
3	1	137	1	0	0	2327	2900	124	6	-1	
4	1	137	1	1	0	2327	2900	124	6	-1	
5	1	137	1	1	1	2327	2900	124	6	95.000000	 
2	1	138	0	0	0	2038	2895	153	7	-1	
3	1	138	1	0	0	2038	2895	153	7	-1	
4	1	138	1	1	0	2038	2895	153	7	-1	
5	1	138	1	1	1	2038	2895	153	7	95.000000	 
2	1	139	0	0	0	2178	2889	1	21	-1	
3	1	139	1	0	0	2178	2889	1	21	-1	
4	1	139	1	1	0	2178	2889	1	21	-1	
5	1	139	1	1	1	2178	2889	1	21	95.000000	 
2	1	140	0	0	0	2023	2897	168	5	-1	
3	1	140	1	0	0	2023	2897	168	5	-1	
4	1	140	1	1	0	2023	2897	168	5	-1	
5	1	140	1	1	1	2023	2897	168	5	95.000000	 
2	1	141	0	0	0	2173	2892	1	18	-1	
3	1	141	1	0	0	2173	2892	1	18	-1	
4	1	141	1	1	0	2173	2892	1	18	-1	
5	1	141	1	1	1	2173	2892	1	18	95.000000	 
2	1	142	0	0	0	2027	2896	164	8	-1	
3	1	142	1	0	0	2027	2896	164	8	-1	
4	1	142	1	1	0	2027	2896	164	8	-1	
5	1	142	1	1	1	2027	2896	164	8	95.000000	 
2	1	143	0	0	0	2027	2898	164	8	-1	
3	1	143	1	0	0	2027	2898	164	8	-1	
4	1	143	1	1	0	2027	2898	164	8	-1	
5	1	143	1	1	1	2027	2898	164	8	95.000000	 
2	1	144	0	0	0	2358	2905	100	6	-1	
3	1	144	1	0	0	2358	2905	100	6	-1	
4	1	144	1	1	0	2358	2905	100	6	-1	
5	1	144	1	1	1	2358	2905	100	6	95.000000	 
2	1	145	0	0	0	2027	2905	168	5	-1	
3	1	145	1	0	0	2027	2905	168	5	-1	
4	1	145	1	1	0	2027	2905	168	5	-1	
5	1	145	1	1	1	2027	2905	168	5	95.000000	 
2	1	146	0	0	0	2090	2857	5	58	-1	
3	1	146	1	0	0	2090	2857	5	58	-1	
4	1	146	1	1	0	2090	2857	5	58	-1	
5	1	146	1	1	1	2090	2857	5	58	95.000000	 
2	1	147	0	0	0	2080	2851	6	69	-1	
3	1	147	1	0	0	2080	2851	6	69	-1	
4	1	147	1	1	0	2080	2851	6	69	-1	
5	1	147	1	1	1	2080	2851	6	69	95.000000	 
2	1	148	0	0	0	2031	2861	5	51	-1	
3	1	148	1	0	0	2031	2861	5	51	-1	
4	1	148	1	1	0	2031	2861	5	51	-1	
5	1	148	1	1	1	2031	2861	5	51	95.000000	 
2	1	149	0	0	0	2141	2861	4	53	-1	
3	1	149	1	0	0	2141	2861	4	53	-1	
4	1	149	1	1	0	2141	2861	4	53	-1	
5	1	149	1	1	1	2141	2861	4	53	95.000000	 
2	1	150	0	0	0	2028	2861	6	55	-1	
3	1	150	1	0	0	2028	2861	6	55	-1	
4	1	150	1	1	0	2028	2861	6	55	-1	
5	1	150	1	1	1	2028	2861	6	55	95.000000	 
2	1	151	0	0	0	2088	2869	2	55	-1	
3	1	151	1	0	0	2088	2869	2	55	-1	
4	1	151	1	1	0	2088	2869	2	55	-1	
5	1	151	1	1	1	2088	2869	2	55	95.000000	 
2	1	152	0	0	0	2111	2877	5	41	-1	
3	1	152	1	0	0	2111	2877	5	41	-1	
4	1	152	1	1	0	2111	2877	5	41	-1	
5	1	152	1	1	1	2111	2877	5	41	95.000000	 
2	1	153	0	0	0	2027	2888	1	21	-1	
3	1	153	1	0	0	2027	2888	1	21	-1	
4	1	153	1	1	0	2027	2888	1	21	-1	
5	1	153	1	1	1	2027	2888	1	21	95.000000	 
2	1	154	0	0	0	2185	2888	4	27	-1	
3	1	154	1	0	0	2185	2888	4	27	-1	
4	1	154	1	1	0	2185	2888	4	27	-1	
5	1	154	1	1	1	2185	2888	4	27	95.000000	 
2	1	155	0	0	0	2186	2888	2	27	-1	
3	1	155	1	0	0	2186	2888	2	27	-1	
4	1	155	1	1	0	2186	2888	2	27	-1	
5	1	155	1	1	1	2186	2888	2	27	95.000000	 
2	1	156	0	0	0	2034	2893	1	19	-1	
3	1	156	1	0	0	2034	2893	1	19	-1	
4	1	156	1	1	0	2034	2893	1	19	-1	
5	1	156	1	1	1	2034	2893	1	19	95.000000	 
2	1	157	0	0	0	2160	2883	5	43	-1	
3	1	157	1	0	0	2160	2883	5	43	-1	
4	1	157	1	1	0	2160	2883	5	43	-1	
5	1	157	1	1	1	2160	2883	5	43	95.000000	 
2	1	158	0	0	0	2164	2883	4	43	-1	
3	1	158	1	0	0	2164	2883	4	43	-1	
4	1	158	1	1	0	2164	2883	4	43	-1	
5	1	158	1	1	1	2164	2883	4	43	95.000000	 
2	1	159	0	0	0	2184	2888	3	34	-1	
3	1	159	1	0	0	2184	2888	3	34	-1	
4	1	159	1	1	0	2184	2888	3	34	-1	
5	1	159	1	1	1	2184	2888	3	34	95.000000	 
2	1	160	0	0	0	2113	2891	3	27	-1	
3	1	160	1	0	0	2113	2891	3	27	-1	
4	1	160	1	1	0	2113	2891	3	27	-1	
5	1	160	1	1	1	2113	2891	3	27	95.000000	 
2	1	161	0	0	0	2160	2883	3	45	-1	
3	1	161	1	0	0	2160	2883	3	45	-1	
4	1	161	1	1	0	2160	2883	3	45	-1	
5	1	161	1	1	1	2160	2883	3	45	95.000000	 
2	1	162	0	0	0	2300	2897	3	21	-1	
3	1	162	1	0	0	2300	2897	3	21	-1	
4	1	162	1	1	0	2300	2897	3	21	-1	
5	1	162	1	1	1	2300	2897	3	21	95.000000	 
2	1	163	0	0	0	2148	2901	3	16	-1	
3	1	163	1	0	0	2148	2901	3	16	-1	
4	1	163	1	1	0	2148	2901	3	16	-1	
5	1	163	1	1	1	2148	2901	3	16	95.000000	 
2	1	164	0	0	0	2096	2898	3	22	-1	
3	1	164	1	0	0	2096	2898	3	22	-1	
4	1	164	1	1	0	2096	2898	3	22	-1	
5	1	164	1	1	1	2096	2898	3	22	95.000000	 
2	1	165	0	0	0	2076	2907	119	7	-1	
3	1	165	1	0	0	2076	2907	119	7	-1	
4	1	165	1	1	0	2076	2907	119	7	-1	
5	1	165	1	1	1	2076	2907	119	7	95.000000	 
2	1	166	0	0	0	2113	2891	5	39	-1	
3	1	166	1	0	0	2113	2891	5	39	-1	
4	1	166	1	1	0	2113	2891	5	39	-1	
5	1	166	1	1	1	2113	2891	5	39	95.000000	 
2	1	167	0	0	0	2153	2903	3	19	-1	
3	1	167	1	0	0	2153	2903	3	19	-1	
4	1	167	1	1	0	2153	2903	3	19	-1	
5	1	167	1	1	1	2153	2903	3	19	95.000000	 
2	1	168	0	0	0	2075	2911	127	5	-1	
3	1	168	1	0	0	2075	2911	127	5	-1	
4	1	168	1	1	0	2075	2911	127	5	-1	
5	1	168	1	1	1	2075	2911	127	5	95.000000	 
2	1	169	0	0	0	2155	2907	3	17	-1	
3	1	169	1	0	0	2155	2907	3	17	-1	
4	1	169	1	1	0	2155	2907	3	17	-1	
5	1	169	1	1	1	2155	2907	3	17	95.000000	 
2	1	170	0	0	0	2076	2913	126	5	-1	
3	1	170	1	0	0	2076	2913	126	5	-1	
4	1	170	1	1	0	2076	2913	126	5	-1	
5	1	170	1	1	1	2076	2913	126	5	95.000000	 
2	1	171	0	0	0	2076	2914	126	5	-1	
3	1	171	1	0	0	2076	2914	126	5	-1	
4	1	171	1	1	0	2076	2914	126	5	-1	
5	1	171	1	1	1	2076	2914	126	5	95.000000	 
2	1	172	0	0	0	2076	2916	143	4	-1	
3	1	172	1	0	0	2076	2916	143	4	-1	
4	1	172	1	1	0	2076	2916	143	4	-1	
5	1	172	1	1	1	2076	2916	143	4	95.000000	 
2	1	173	0	0	0	2212	2913	3	19	-1	
3	1	173	1	0	0	2212	2913	3	19	-1	
4	1	173	1	1	0	2212	2913	3	19	-1	
5	1	173	1	1	1	2212	2913	3	19	95.000000	 
2	1	174	0	0	0	2378	2924	60	4	-1	
3	1	174	1	0	0	2378	2924	60	4	-1	
4	1	174	1	1	0	2378	2924	60	4	-1	
5	1	174	1	1	1	2378	2924	60	4	95.000000	 
2	1	175	0	0	0	2378	2924	66	4	-1	
3	1	175	1	0	0	2378	2924	66	4	-1	
4	1	175	1	1	0	2378	2924	66	4	-1	
5	1	175	1	1	1	2378	2924	66	4	95.000000	 
2	1	176	0	0	0	2113	2920	325	9	-1	
3	1	176	1	0	0	2113	2920	325	9	-1	
4	1	176	1	1	0	2113	2920	325	9	-1	
5	1	176	1	1	1	2113	2920	325	9	95.000000	 
2	1	177	0	0	0	2113	2924	328	8	-1	
3	1	177	1	0	0	2113	2924	328	8	-1	
4	1	177	1	1	0	2113	2924	328	8	-1	
5	1	177	1	1	1	2113	2924	328	8	95.000000	 
2	1	178	0	0	0	2113	2924	328	10	-1	
3	1	178	1	0	0	2113	2924	328	10	-1	
4	1	178	1	1	0	2113	2924	328	10	-1	
5	1	178	1	1	1	2113	2924	328	10	95.000000	 
2	1	179	0	0	0	2113	2931	20	1	-1	
3	1	179	1	0	0	2113	2931	20	1	-1	
4	1	179	1	1	0	2113	2931	20	1	-1	
5	1	179	1	1	1	2113	2931	20	1	95.000000	 
2	1	180	0	0	0	2092	2857	3	77	-1	
3	1	180	1	0	0	2092	2857	3	77	-1	
4	1	180	1	1	0	2092	2857	3	77	-1	
5	1	180	1	1	1	2092	2857	3	77	95.000000	 
2	1	181	0	0	0	2075	2857	7	81	-1	
3	1	181	1	0	0	2075	2857	7	81	-1	
4	1	181	1	1	0	2075	2857	7	81	-1	
5	1	181	1	1	1	2075	2857	7	81	95.000000	 
2	1	182	0	0	0	2078	2864	3	74	-1	
3	1	182	1	0	0	2078	2864	3	74	-1	
4	1	182	1	1	0	2078	2864	3	74	-1	
5	1	182	1	1	1	2078	2864	3	74	95.000000	 
2	1	183	0	0	0	2182	2888	4	46	-1	
3	1	183	1	0	0	2182	2888	4	46	-1	
4	1	183	1	1	0	2182	2888	4	46	-1	
5	1	183	1	1	1	2182	2888	4	46	95.000000	 
2	1	184	0	0	0	2237	2918	1	17	-1	
3	1	184	1	0	0	2237	2918	1	17	-1	
4	1	184	1	1	0	2237	2918	1	17	-1	
5	1	184	1	1	1	2237	2918	1	17	95.000000	 
2	1	185	0	0	0	1776	2921	80	7	-1	
3	1	185	1	0	0	1776	2921	80	7	-1	
4	1	185	1	1	0	1776	2921	80	7	-1	
5	1	185	1	1	1	1776	2921	80	7	95.000000	 
2	1	186	0	0	0	2246	2922	1	20	-1	
3	1	186	1	0	0	2246	2922	1	20	-1	
4	1	186	1	1	0	2246	2922	1	20	-1	
5	1	186	1	1	1	2246	2922	1	20	95.000000	 
2	1	187	0	0	0	2118	2917	1	27	-1	
3	1	187	1	0	0	2118	2917	1	27	-1	
4	1	187	1	1	0	2118	2917	1	27	-1	
5	1	187	1	1	1	2118	2917	1	27	95.000000	 
2	1	188	0	0	0	2239	2920	1	25	-1	
3	1	188	1	0	0	2239	2920	1	25	-1	
4	1	188	1	1	0	2239	2920	1	25	-1	
5	1	188	1	1	1	2239	2920	1	25	95.000000	 
2	1	189	0	0	0	1865	2925	108	7	-1	
3	1	189	1	0	0	1865	2925	108	7	-1	
4	1	189	1	1	0	1865	2925	108	7	-1	
5	1	189	1	1	1	1865	2925	108	7	95.000000	 
2	1	190	0	0	0	2113	2925	236	18	-1	
3	1	190	1	0	0	2113	2925	236	18	-1	
4	1	190	1	1	0	2113	2925	236	18	-1	
5	1	190	1	1	1	2113	2925	236	18	95.000000	 
2	1	191	0	0	0	2113	2933	20	1	-1	
3	1	191	1	0	0	2113	2933	20	1	-1	
4	1	191	1	1	0	2113	2933	20	1	-1	
5	1	191	1	1	1	2113	2933	20	1	95.000000	 
2	1	192	0	0	0	2113	2930	236	13	-1	
3	1	192	1	0	0	2113	2930	236	13	-1	
4	1	192	1	1	0	2113	2930	236	13	-1	
5	1	192	1	1	1	2113	2930	236	13	95.000000	 
2	1	193	0	0	0	2255	2929	1	25	-1	
3	1	193	1	0	0	2255	2929	1	25	-1	
4	1	193	1	1	0	2255	2929	1	25	-1	
5	1	193	1	1	1	2255	2929	1	25	95.000000	 
2	1	194	0	0	0	2448	2953	19	1	-1	
3	1	194	1	0	0	2448	2953	19	1	-1	
4	1	194	1	1	0	2448	2953	19	1	-1	
5	1	194	1	1	1	2448	2953	19	1	95.000000	 
2	1	195	0	0	0	2248	2950	24	3	-1	
3	1	195	1	0	0	2248	2950	24	3	-1	
4	1	195	1	1	0	2248	2950	24	3	-1	
5	1	195	1	1	1	2248	2950	24	3	95.000000	 
2	1	196	0	0	0	2266	2954	192	6	-1	
3	1	196	1	0	0	2266	2954	192	6	-1	
4	1	196	1	1	0	2266	2954	192	6	-1	
5	1	196	1	1	1	2266	2954	192	6	95.000000	 
2	1	197	0	0	0	2305	2774	9	201	-1	
3	1	197	1	0	0	2305	2774	9	201	-1	
4	1	197	1	1	0	2305	2774	9	201	-1	
5	1	197	1	1	1	2305	2774	9	201	95.000000	 
2	1	198	0	0	0	2305	2776	8	199	-1	
3	1	198	1	0	0	2305	2776	8	199	-1	
4	1	198	1	1	0	2305	2776	8	199	-1	
5	1	198	1	1	1	2305	2776	8	199	95.000000	 
2	1	199	0	0	0	2305	2778	9	197	-1	
3	1	199	1	0	0	2305	2778	9	197	-1	
4	1	199	1	1	0	2305	2778	9	197	-1	
5	1	199	1	1	1	2305	2778	9	197	95.000000	 
2	1	200	0	0	0	2370	2841	8	138	-1	
3	1	200	1	0	0	2370	2841	8	138	-1	
4	1	200	1	1	0	2370	2841	8	138	-1	
5	1	200	1	1	1	2370	2841	8	138	95.000000	 
2	1	201	0	0	0	2120	2862	6	94	-1	
3	1	201	1	0	0	2120	2862	6	94	-1	
4	1	201	1	1	0	2120	2862	6	94	-1	
5	1	201	1	1	1	2120	2862	6	94	95.000000	 
2	1	202	0	0	0	2123	2862	2	94	-1	
3	1	202	1	0	0	2123	2862	2	94	-1	
4	1	202	1	1	0	2123	2862	2	94	-1	
5	1	202	1	1	1	2123	2862	2	94	95.000000	 
2	1	203	0	0	0	2123	2862	6	96	-1	
3	1	203	1	0	0	2123	2862	6	96	-1	
4	1	203	1	1	0	2123	2862	6	96	-1	
5	1	203	1	1	1	2123	2862	6	96	95.000000	 
2	1	204	0	0	0	2123	2862	8	96	-1	
3	1	204	1	0	0	2123	2862	8	96	-1	
4	1	204	1	1	0	2123	2862	8	96	-1	
5	1	204	1	1	1	2123	2862	8	96	95.000000	 
2	1	205	0	0	0	2124	2862	4	96	-1	
3	1	205	1	0	0	2124	2862	4	96	-1	
4	1	205	1	1	0	2124	2862	4	96	-1	
5	1	205	1	1	1	2124	2862	4	96	95.000000	 
2	1	206	0	0	0	2362	2898	4	76	-1	
3	1	206	1	0	0	2362	2898	4	76	-1	
4	1	206	1	1	0	2362	2898	4	76	-1	
5	1	206	1	1	1	2362	2898	4	76	95.000000	 
2	1	207	0	0	0	2363	2898	4	76	-1	
3	1	207	1	0	0	2363	2898	4	76	-1	
4	1	207	1	1	0	2363	2898	4	76	-1	
5	1	207	1	1	1	2363	2898	4	76	95.000000	 
2	1	208	0	0	0	2364	2898	9	81	-1	
3	1	208	1	0	0	2364	2898	9	81	-1	
4	1	208	1	1	0	2364	2898	9	81	-1	
5	1	208	1	1	1	2364	2898	9	81	95.000000	 
2	1	209	0	0	0	2259	2939	1	18	-1	
3	1	209	1	0	0	2259	2939	1	18	-1	
4	1	209	1	1	0	2259	2939	1	18	-1	
5	1	209	1	1	1	2259	2939	1	18	95.000000	 
2	1	210	0	0	0	2248	2938	1	21	-1	
3	1	210	1	0	0	2248	2938	1	21	-1	
4	1	210	1	1	0	2248	2938	1	21	-1	
5	1	210	1	1	1	2248	2938	1	21	95.000000	 
2	1	211	0	0	0	2271	2938	1	23	-1	
3	1	211	1	0	0	2271	2938	1	23	-1	
4	1	211	1	1	0	2271	2938	1	23	-1	
5	1	211	1	1	1	2271	2938	1	23	95.000000	 
2	1	212	0	0	0	2360	2927	3	47	-1	
3	1	212	1	0	0	2360	2927	3	47	-1	
4	1	212	1	1	0	2360	2927	3	47	-1	
5	1	212	1	1	1	2360	2927	3	47	95.000000	 
2	1	213	0	0	0	2279	2940	1	24	-1	
3	1	213	1	0	0	2279	2940	1	24	-1	
4	1	213	1	1	0	2279	2940	1	24	-1	
5	1	213	1	1	1	2279	2940	1	24	95.000000	 
2	1	214	0	0	0	2284	2943	1	20	-1	
3	1	214	1	0	0	2284	2943	1	20	-1	
4	1	214	1	1	0	2284	2943	1	20	-1	
5	1	214	1	1	1	2284	2943	1	20	95.000000	 
2	1	215	0	0	0	2262	2952	196	9	-1	
3	1	215	1	0	0	2262	2952	196	9	-1	
4	1	215	1	1	0	2262	2952	196	9	-1	
5	1	215	1	1	1	2262	2952	196	9	95.000000	 
2	1	216	0	0	0	2277	2945	1	19	-1	
3	1	216	1	0	0	2277	2945	1	19	-1	
4	1	216	1	1	0	2277	2945	1	19	-1	
5	1	216	1	1	1	2277	2945	1	19	95.000000	 
2	1	217	0	0	0	2454	2950	1	18	-1	
3	1	217	1	0	0	2454	2950	1	18	-1	
4	1	217	1	1	0	2454	2950	1	18	-1	
5	1	217	1	1	1	2454	2950	1	18	95.000000	 
2	1	218	0	0	0	2286	2954	172	8	-1	
3	1	218	1	0	0	2286	2954	172	8	-1	
4	1	218	1	1	0	2286	2954	172	8	-1	
5	1	218	1	1	1	2286	2954	172	8	95.000000	 
2	1	219	0	0	0	2286	2945	1	25	-1	
3	1	219	1	0	0	2286	2945	1	25	-1	
4	1	219	1	1	0	2286	2945	1	25	-1	
5	1	219	1	1	1	2286	2945	1	25	95.000000	 
2	1	220	0	0	0	2286	2956	172	6	-1	
3	1	220	1	0	0	2286	2956	172	6	-1	
4	1	220	1	1	0	2286	2956	172	6	-1	
5	1	220	1	1	1	2286	2956	172	6	95.000000	 
2	1	221	0	0	0	2276	2958	182	7	-1	
3	1	221	1	0	0	2276	2958	182	7	-1	
4	1	221	1	1	0	2276	2958	182	7	-1	
5	1	221	1	1	1	2276	2958	182	7	95.000000	 
2	1	222	0	0	0	2276	2960	187	5	-1	
3	1	222	1	0	0	2276	2960	187	5	-1	
4	1	222	1	1	0	2276	2960	187	5	-1	
5	1	222	1	1	1	2276	2960	187	5	95.000000	 
2	1	223	0	0	0	2291	2948	1	25	-1	
3	1	223	1	0	0	2291	2948	1	25	-1	
4	1	223	1	1	0	2291	2948	1	25	-1	
5	1	223	1	1	1	2291	2948	1	25	95.000000	 
2	1	224	0	0	0	2276	2961	158	5	-1	
3	1	224	1	0	0	2276	2961	158	5	-1	
4	1	224	1	1	0	2276	2961	158	5	-1	
5	1	224	1	1	1	2276	2961	158	5	95.000000	 
2	1	225	0	0	0	2297	2971	146	5	-1	
3	1	225	1	0	0	2297	2971	146	5	-1	
4	1	225	1	1	0	2297	2971	146	5	-1	
5	1	225	1	1	1	2297	2971	146	5	95.000000	 
2	1	226	0	0	0	2297	2971	146	5	-1	
3	1	226	1	0	0	2297	2971	146	5	-1	
4	1	226	1	1	0	2297	2971	146	5	-1	
5	1	226	1	1	1	2297	2971	146	5	95.000000	 
2	1	227	0	0	0	2297	2971	150	5	-1	
3	1	227	1	0	0	2297	2971	150	5	-1	
4	1	227	1	1	0	2297	2971	150	5	-1	
5	1	227	1	1	1	2297	2971	150	5	95.000000	 
2	1	228	0	0	0	2310	2981	30	3	-1	
3	1	228	1	0	0	2310	2981	30	3	-1	
4	1	228	1	1	0	2310	2981	30	3	-1	
5	1	228	1	1	1	2310	2981	30	3	95.000000	 
2	1	229	0	0	0	2319	2984	17	3	-1	
3	1	229	1	0	0	2319	2984	17	3	-1	
4	1	229	1	1	0	2319	2984	17	3	-1	
5	1	229	1	1	1	2319	2984	17	3	95.000000	 
2	1	230	0	0	0	2320	2772	14	248	-1	
3	1	230	1	0	0	2320	2772	14	248	-1	
4	1	230	1	1	0	2320	2772	14	248	-1	
5	1	230	1	1	1	2320	2772	14	248	95.000000	 
2	1	231	0	0	0	2321	2796	12	224	-1	
3	1	231	1	0	0	2321	2796	12	224	-1	
4	1	231	1	1	0	2321	2796	12	224	-1	
5	1	231	1	1	1	2321	2796	12	224	95.000000	 
2	1	232	0	0	0	2329	2803	13	217	-1	
3	1	232	1	0	0	2329	2803	13	217	-1	
4	1	232	1	1	0	2329	2803	13	217	-1	
5	1	232	1	1	1	2329	2803	13	217	95.000000	 
2	1	233	0	0	0	2337	2803	8	219	-1	
3	1	233	1	0	0	2337	2803	8	219	-1	
4	1	233	1	1	0	2337	2803	8	219	-1	
5	1	233	1	1	1	2337	2803	8	219	95.000000	 
2	1	234	0	0	0	2326	2814	6	206	-1	
3	1	234	1	0	0	2326	2814	6	206	-1	
4	1	234	1	1	0	2326	2814	6	206	-1	
5	1	234	1	1	1	2326	2814	6	206	95.000000	 
2	1	235	0	0	0	2002	2879	330	190	-1	
3	1	235	1	0	0	2002	2879	330	190	-1	
4	1	235	1	1	0	2002	2879	330	190	-1	
5	1	235	1	1	1	2002	2879	330	190	95.000000	  
2	1	236	0	0	0	2325	3002	26	1	-1	
3	1	236	1	0	0	2325	3002	26	1	-1	
4	1	236	1	1	0	2325	3002	26	1	-1	
5	1	236	1	1	1	2325	3002	26	1	95.000000	 
2	1	237	0	0	0	2325	3004	33	2	-1	
3	1	237	1	0	0	2325	3004	33	2	-1	
4	1	237	1	1	0	2325	3004	33	2	-1	
5	1	237	1	1	1	2325	3004	33	2	95.000000	 
2	1	238	0	0	0	2328	3007	28	1	-1	
3	1	238	1	0	0	2328	3007	28	1	-1	
4	1	238	1	1	0	2328	3007	28	1	-1	
5	1	238	1	1	1	2328	3007	28	1	95.000000	 
2	1	239	0	0	0	2333	3009	18	1	-1	
3	1	239	1	0	0	2333	3009	18	1	-1	
4	1	239	1	1	0	2333	3009	18	1	-1	
5	1	239	1	1	1	2333	3009	18	1	95.000000	 
2	1	240	0	0	0	2325	3014	17	1	-1	
3	1	240	1	0	0	2325	3014	17	1	-1	
4	1	240	1	1	0	2325	3014	17	1	-1	
5	1	240	1	1	1	2325	3014	17	1	95.000000	 
2	1	241	0	0	0	2328	3020	67	4	-1	
3	1	241	1	0	0	2328	3020	67	4	-1	
4	1	241	1	1	0	2328	3020	67	4	-1	
5	1	241	1	1	1	2328	3020	67	4	95.000000	 
2	1	242	0	0	0	2349	3002	1	30	-1	
3	1	242	1	0	0	2349	3002	1	30	-1	
4	1	242	1	1	0	2349	3002	1	30	-1	
5	1	242	1	1	1	2349	3002	1	30	95.000000	 
2	1	243	0	0	0	2354	3004	1	28	-1	
3	1	243	1	0	0	2354	3004	1	28	-1	
4	1	243	1	1	0	2354	3004	1	28	-1	
5	1	243	1	1	1	2354	3004	1	28	95.000000	 
2	1	244	0	0	0	2346	3029	49	3	-1	
3	1	244	1	0	0	2346	3029	49	3	-1	
4	1	244	1	1	0	2346	3029	49	3	-1	
5	1	244	1	1	1	2346	3029	49	3	95.000000	 
2	1	245	0	0	0	2393	3024	3	18	-1	
3	1	245	1	0	0	2393	3024	3	18	-1	
4	1	245	1	1	0	2393	3024	3	18	-1	
5	1	245	1	1	1	2393	3024	3	18	95.000000	 
2	1	246	0	0	0	2380	3038	18	1	-1	
3	1	246	1	0	0	2380	3038	18	1	-1	
4	1	246	1	1	0	2380	3038	18	1	-1	
5	1	246	1	1	1	2380	3038	18	1	95.000000	 
2	1	247	0	0	0	2365	3042	30	3	-1	
3	1	247	1	0	0	2365	3042	30	3	-1	
4	1	247	1	1	0	2365	3042	30	3	-1	
5	1	247	1	1	1	2365	3042	30	3	95.000000	 
2	1	248	0	0	0	2381	3045	19	1	-1	
3	1	248	1	0	0	2381	3045	19	1	-1	
4	1	248	1	1	0	2381	3045	19	1	-1	
5	1	248	1	1	1	2381	3045	19	1	95.000000	 
2	1	249	0	0	0	2362	2898	7	151	-1	
3	1	249	1	0	0	2362	2898	7	151	-1	
4	1	249	1	1	0	2362	2898	7	151	-1	
5	1	249	1	1	1	2362	2898	7	151	95.000000	 
2	1	250	0	0	0	2457	2948	5	116	-1	
3	1	250	1	0	0	2457	2948	5	116	-1	
4	1	250	1	1	0	2457	2948	5	116	-1	
5	1	250	1	1	1	2457	2948	5	116	95.000000	 
2	1	251	0	0	0	2457	2966	3	98	-1	
3	1	251	1	0	0	2457	2966	3	98	-1	
4	1	251	1	1	0	2457	2966	3	98	-1	
5	1	251	1	1	1	2457	2966	3	98	95.000000	 
2	1	252	0	0	0	2386	2908	4	181	-1	
3	1	252	1	0	0	2386	2908	4	181	-1	
4	1	252	1	1	0	2386	2908	4	181	-1	
5	1	252	1	1	1	2386	2908	4	181	95.000000	 
2	1	253	0	0	0	2039	3005	404	64	-1	
3	1	253	1	0	0	2039	3005	404	64	-1	
4	1	253	1	1	0	2039	3005	404	64	-1	
5	1	253	1	1	1	2039	3005	404	64	95.000000	 
2	1	254	0	0	0	2407	3069	1	19	-1	
3	1	254	1	0	0	2407	3069	1	19	-1	
4	1	254	1	1	0	2407	3069	1	19	-1	
5	1	254	1	1	1	2407	3069	1	19	95.000000	 
2	1	255	0	0	0	2028	3072	63	4	-1	
3	1	255	1	0	0	2028	3072	63	4	-1	
4	1	255	1	1	0	2028	3072	63	4	-1	
5	1	255	1	1	1	2028	3072	63	4	95.000000	 
2	1	256	0	0	0	2045	3075	64	4	-1	
3	1	256	1	0	0	2045	3075	64	4	-1	
4	1	256	1	1	0	2045	3075	64	4	-1	
5	1	256	1	1	1	2045	3075	64	4	95.000000	 
2	1	257	0	0	0	2059	3078	50	3	-1	
3	1	257	1	0	0	2059	3078	50	3	-1	
4	1	257	1	1	0	2059	3078	50	3	-1	
5	1	257	1	1	1	2059	3078	50	3	95.000000	 
2	1	258	0	0	0	2053	3077	56	6	-1	
3	1	258	1	0	0	2053	3077	56	6	-1	
4	1	258	1	1	0	2053	3077	56	6	-1	
5	1	258	1	1	1	2053	3077	56	6	95.000000	 
2	1	259	0	0	0	2059	3078	65	4	-1	
3	1	259	1	0	0	2059	3078	65	4	-1	
4	1	259	1	1	0	2059	3078	65	4	-1	
5	1	259	1	1	1	2059	3078	65	4	95.000000	 
2	1	260	0	0	0	2054	3078	55	7	-1	
3	1	260	1	0	0	2054	3078	55	7	-1	
4	1	260	1	1	0	2054	3078	55	7	-1	
5	1	260	1	1	1	2054	3078	55	7	95.000000	 
2	1	261	0	0	0	2403	3086	25	1	-1	
3	1	261	1	0	0	2403	3086	25	1	-1	
4	1	261	1	1	0	2403	3086	25	1	-1	
5	1	261	1	1	1	2403	3086	25	1	95.000000	 
2	1	262	0	0	0	2414	3089	22	1	-1	
3	1	262	1	0	0	2414	3089	22	1	-1	
4	1	262	1	1	0	2414	3089	22	1	-1	
5	1	262	1	1	1	2414	3089	22	1	95.000000	 
2	1	263	0	0	0	2869	313	290	28	-1	
3	1	263	1	0	0	2869	313	290	28	-1	
4	1	263	1	1	0	2869	313	290	28	-1	
5	1	263	1	1	1	2869	313	68	23	92.186897	ΝΕΟ
5	1	263	1	1	2	2948	315	211	26	9.938278	ΕΤΙΡΙΟΚΕΤΕ
2	1	264	0	0	0	3189	348	3	7	-1	
3	1	264	1	0	0	3189	348	3	7	-1	
4	1	264	1	1	0	3189	348	3	7	-1	
5	1	264	1	1	1	3189	348	3	7	38.173576	͵
2	1	265	0	0	0	2965	377	95	8	-1	
3	1	265	1	0	0	2965	377	95	8	-1	
4	1	265	1	1	0	2965	377	95	8	-1	
5	1	265	1	1	1	2965	377	95	8	95.000000	 
2	1	266	0	0	0	2817	400	369	559	-1	
3	1	266	1	0	0	2827	400	359	137	-1	
4	1	266	1	1	0	2853	400	331	34	-1	
5	1	266	1	1	1	2853	400	38	18	92.005478	Μέ
5	1	266	1	1	2	2909	401	43	21	89.789215	τήν
5	1	266	1	1	3	2967	403	81	25	81.890648	ἔναρξη
5	1	266	1	1	4	3066	406	37	22	96.965591	τῆς
5	1	266	1	1	5	3133	403	51	31	59.475903	νέας
4	1	266	1	2	0	2831	436	355	28	-1	
5	1	266	1	2	1	2831	436	103	24	91.601303	σχολικῆς
5	1	266	1	2	2	2954	440	91	23	86.616959	χρονιᾶς
5	1	266	1	2	3	3065	442	121	22	52.094173	παραδόβη-
4	1	266	1	3	0	2829	472	356	26	-1	
5	1	266	1	3	1	2829	475	33	17	9.900627	Χξ,
5	1	266	1	3	2	2879	472	39	21	91.893021	στή
5	1	266	1	3	3	2935	473	127	25	95.065239	λειτουργία
5	1	266	1	3	4	3091	477	25	18	79.345741	τό
5	1	266	1	3	5	3144	478	41	19	94.731041	νέο
4	1	266	1	4	0	2827	507	337	30	-1	
5	1	266	1	4	1	2827	507	71	22	42.214821	Ἀτίριο
5	1	266	1	4	2	2912	509	38	18	91.995773	τοῦ
5	1	266	1	4	3	2962	510	77	20	91.435448	ΚΕΤΕ
5	1	266	1	4	4	3056	512	108	25	94.007370	Σπάρτης.
3	1	266	2	0	0	2817	543	367	416	-1	
4	1	266	2	1	0	2852	543	329	29	-1	
5	1	266	2	1	1	2852	543	23	17	92.311661	Ἡ
5	1	266	2	1	2	2893	546	124	21	66.675529	πατασκευή
5	1	266	2	1	3	3034	548	42	18	95.095673	τοῦ.
5	1	266	2	1	4	3099	549	82	23	90.867310	ΚΕΤΕ,
4	1	266	2	2	0	2827	575	357	32	-1	
5	1	266	2	2	1	2827	575	189	32	73.036034	προὔπολογισμοῦ
5	1	266	2	2	2	3065	584	119	20	37.951050	109.000.006
4	1	266	2	3	0	2825	613	356	29	-1	
5	1	266	2	3	1	2825	613	48	23	90.049904	δρχ.
5	1	266	2	3	2	2885	614	77	24	80.474670	ἄρχισε
5	1	266	2	3	3	2975	617	25	18	96.743446	τό
5	1	266	2	3	4	3013	619	117	23	49.702629	παλοχαίρι
5	1	266	2	3	5	3143	622	38	18	96.113800	τοῦ
4	1	266	2	4	0	2825	649	356	31	-1	
5	1	266	2	4	1	2825	649	29	17	40.283794	55
5	1	266	2	4	2	2867	651	37	17	49.250984	καί
5	1	266	2	4	3	2922	651	107	21	89.221397	ἀποτελεῖ
5	1	266	2	4	4	3042	655	24	17	96.160255	τό
5	1	266	2	4	5	3087	655	94	25	96.160255	τέταρτο
4	1	266	2	5	0	2822	685	357	28	-1	
5	1	266	2	5	1	2822	685	91	22	93.294174	σχολικό
5	1	266	2	5	2	2927	687	71	23	66.566757	πτίριο
5	1	266	2	5	3	3011	689	41	19	93.167465	πού
5	1	266	2	5	4	3063	691	116	22	92.214417	παραδίδε-
4	1	266	2	6	0	2823	721	355	29	-1	
5	1	266	2	6	1	2823	724	34	14	93.286133	ται
5	1	266	2	6	2	2873	721	39	21	91.669044	στή
5	1	266	2	6	3	2929	723	94	19	14.358078	νεφλαίος
5	1	266	2	6	4	3042	726	37	22	96.907341	τῆς
5	1	266	2	6	5	3106	726	72	24	84.933968	Σπάρ-
4	1	266	2	7	0	2820	756	356	30	-1	
5	1	266	2	7	1	2820	760	44	18	91.369972	της.
5	1	266	2	7	2	2876	756	44	20	10.493431	τό
5	1	266	2	7	3	2935	759	41	18	95.184456	νέο
5	1	266	2	7	4	2989	759	76	24	82.457245	κτίριο,
5	1	266	2	7	5	3079	761	43	19	93.265457	ἀπό
5	1	266	2	7	6	3140	762	36	24	92.422409	φέ-
4	1	266	2	8	0	2821	792	356	26	-1	
5	1	266	2	8	1	2821	795	35	19	95.394920	τος
5	1	266	2	8	2	2879	792	26	18	90.671631	θά
5	1	266	2	8	3	2935	794	172	24	78.384926	λειτουργήσουν
5	1	266	2	8	4	3138	799	39	17	94.039749	δυό
4	1	266	2	9	0	2819	826	357	29	-1	
5	1	266	2	9	1	2819	826	42	18	96.112442	νέα
5	1	266	2	9	2	2876	828	100	22	13.053444	τμήματα
5	1	266	2	9	3	2993	832	92	22	92.922379	σχετικά
5	1	266	2	9	4	3097	833	27	22	77.778900	µέ
5	1	266	2	9	5	3150	834	26	18	96.115402	τό
4	1	266	2	10	0	2819	862	355	30	-1	
5	1	266	2	10	1	2819	862	138	22	50.845779	αὐτοχίνητο.
5	1	266	2	10	2	2975	866	81	23	26.342422	Ἑμῆμα
5	1	266	2	10	3	3072	867	102	25	90.865623	Μηχανι-
4	1	266	2	11	0	2818	898	356	26	-1	
5	1	266	2	11	1	2818	898	47	18	19.972778	πῶν
5	1	266	2	11	2	2879	899	159	23	82.017624	Αὐτοκινήτων
5	1	266	2	11	3	3055	903	37	19	91.443428	καί
5	1	266	2	11	4	3106	905	68	19	86.647903	Ἠλεκ
4	1	266	2	12	0	2817	934	292	25	-1	
5	1	266	2	12	1	2817	934	115	22	89.049133	τρθλόγων
5	1	266	2	12	2	2946	937	163	22	73.429016	Αὐτονινήτων.
2	1	267	0	0	0	2839	991	323	9	-1	
3	1	267	1	0	0	2839	991	323	9	-1	
4	1	267	1	1	0	2839	991	323	9	-1	
5	1	267	1	1	1	2839	991	323	9	95.000000	 
2	1	268	0	0	0	2799	1001	371	269	-1	
3	1	268	1	0	0	2799	1001	371	269	-1	
4	1	268	1	1	0	2839	1001	331	51	-1	
5	1	268	1	1	1	2839	1001	175	47	84.786270	ΜΕΛΕΤΑΤΑΙ
5	1	268	1	1	2	3044	1020	126	32	4.518349	ἐγχαπάστα
4	1	268	1	2	0	2804	1054	366	34	-1	
5	1	268	1	2	1	2804	1056	36	18	21.266510	Ίσῃ
5	1	268	1	2	2	2862	1054	167	26	90.027580	Τηλεμετρικοῦ
5	1	268	1	2	3	3043	1057	127	31	65.783127	σεισµολογι
4	1	268	1	3	0	2813	1090	354	34	-1	
5	1	268	1	3	1	2813	1090	39	18	33.762871	ποῦ
5	1	268	1	3	2	2869	1091	92	23	82.167061	σταθμοῦ
5	1	268	1	3	3	2978	1094	61	24	95.107208	στούς
5	1	268	1	3	4	3057	1091	110	33	86.312943	Μολάους.
4	1	268	1	4	0	2799	1181	295	89	-1	
5	1	268	1	4	1	2799	1181	5	89	89.931854	|
5	1	268	1	4	2	2887	1181	128	25	96.453102	ΕΥΡΩΠΗ
5	1	268	1	4	3	3033	1185	61	22	96.464981	ΤΗΣ
2	1	269	0	0	0	2873	1235	228	27	-1	
3	1	269	1	0	0	2873	1235	228	27	-1	
4	1	269	1	1	0	2873	1235	228	27	-1	
5	1	269	1	1	1	2873	1235	228	27	10.130997	ΤΕΧΝΟΛΟΓΙΑΣ
2	1	270	0	0	0	2941	1299	95	9	-1	
3	1	270	1	0	0	2941	1299	95	9	-1	
4	1	270	1	1	0	2941	1299	95	9	-1	
5	1	270	1	1	1	2941	1299	95	9	95.000000	 
2	1	271	0	0	0	2787	1312	375	491	-1	
3	1	271	1	0	0	2787	1312	375	491	-1	
4	1	271	1	1	0	2833	1312	329	38	-1	
5	1	271	1	1	1	2833	1312	24	28	80.330864	Ἡ
5	1	271	1	1	2	2875	1323	116	24	68.092751	Ἐπιτροπή
5	1	271	1	1	3	3009	1328	112	22	92.113953	προτείνει
5	1	271	1	1	4	3142	1330	20	17	50.322289	ν᾿
4	1	271	1	2	0	2797	1357	365	30	-1	
5	1	271	1	2	1	2797	1357	115	25	19.984116	[αὐξηδοῦν
5	1	271	1	2	2	2925	1361	20	18	96.721687	οἱ
5	1	271	1	2	3	2959	1362	97	24	96.422234	δαπάνες
5	1	271	1	2	4	3069	1365	37	22	93.291992	τῆς
5	1	271	1	2	5	3123	1365	39	18	91.534927	Εὺ-
4	1	271	1	3	0	2795	1372	365	51	-1	
5	1	271	1	3	1	2795	1372	5	30	57.363209	|
5	1	271	1	3	2	2805	1395	111	23	52.958866	Ρωπαϊκῆς
5	1	271	1	3	3	2936	1397	135	26	86.716255	Κοινότητας
5	1	271	1	3	4	3105	1400	55	22	92.726601	(ἀπό
4	1	271	1	4	0	2794	1404	366	56	-1	
5	1	271	1	4	1	2794	1404	84	56	17.950020	|249)9
5	1	271	1	4	2	2900	1432	37	18	91.608482	τοῦ
5	1	271	1	4	3	2971	1434	189	24	73.085938	προὐπολογισμοῦ
4	1	271	1	5	0	2794	1457	364	38	-1	
5	1	271	1	5	1	2794	1457	34	25	0.000000	τσέ
5	1	271	1	5	2	2842	1465	74	23	60.323963	6-δ9)ο
5	1	271	1	5	3	2929	1468	64	23	90.162392	µέχρι
5	1	271	1	5	4	3008	1469	25	19	96.661850	τό
5	1	271	1	5	5	3044	1471	64	23	96.280045	τέλος
5	1	271	1	5	6	3121	1473	37	22	95.663422	τῆς
4	1	271	1	6	0	2793	1476	364	53	-1	
5	1	271	1	6	1	2793	1476	125	53	27.568283	|δεκαετίας
5	1	271	1	6	2	2932	1504	38	18	93.823700	τοῦ
5	1	271	1	6	3	2989	1505	57	23	93.823700	1990)
5	1	271	1	6	4	3064	1506	25	18	91.348236	σέ
5	1	271	1	6	5	3101	1507	56	19	85.136238	δέχα
4	1	271	1	7	0	2791	1514	365	57	-1	
5	1	271	1	7	1	2791	1518	5	49	0.000000	|
5	1	271	1	7	2	2801	1514	144	57	0.000000	σημαντικούς
5	1	271	1	7	3	2958	1541	72	22	91.369804	τομεῖς
5	1	271	1	7	4	3044	1542	38	22	93.299072	τῆς
5	1	271	1	7	5	3097	1542	59	23	92.576462	ἔρευ-
4	1	271	1	8	0	2791	1568	366	33	-1	
5	1	271	1	8	1	2791	1568	49	26	84.739876	ἵνας
5	1	271	1	8	2	2853	1573	39	21	96.591331	γιά
5	1	271	1	8	3	2905	1573	30	23	94.393661	τίς
5	1	271	1	8	4	2953	1576	143	24	93.293922	τεχνολογίες
5	1	271	1	8	5	3110	1578	47	23	89.622658	αἰχ-
4	1	271	1	9	0	2791	1587	364	49	-1	
5	1	271	1	9	1	2791	1587	56	43	0.000000	Ἴμῆς,
5	1	271	1	9	2	2865	1603	146	33	12.982399	ἀνοανκοίνωσε,
5	1	271	1	9	3	3029	1612	43	23	94.469780	στίς
5	1	271	1	9	4	3088	1613	24	18	91.925430	24
5	1	271	1	9	5	3129	1614	26	18	88.195702	Ἰ-
4	1	271	1	10	0	2790	1642	364	28	-1	
5	1	271	1	10	1	2790	1642	84	26	0.000000	:Φυνίοῦ
5	1	271	1	10	2	2906	1645	43	23	95.485451	στίς
5	1	271	1	10	3	2979	1646	129	24	66.208603	Βρυξέλλες
5	1	271	1	10	4	3141	1649	13	18	66.208603	 ὁ
4	1	271	1	11	0	2789	1670	364	36	-1	
5	1	271	1	11	1	2789	1670	90	36	2.524857	ΚΑΠ,
5	1	271	1	11	2	2896	1689	7	4	92.074760	-
5	1	271	1	11	3	2919	1681	87	19	32.471764	ΗΕΙΝΖ
5	1	271	1	11	4	3034	1683	119	23	32.652344	ΝΑΠΟΕς,
4	1	271	1	12	0	2787	1713	364	31	-1	
5	1	271	1	12	1	2787	1733	4	11	0.000000	'
5	1	271	1	12	2	2812	1713	87	24	36.188141	ρμόδιος
5	1	271	1	12	3	2915	1715	114	25	91.805199	ἐπίτροπος
5	1	271	1	12	4	3054	1719	38	22	95.962753	γιά
5	1	271	1	12	5	3125	1720	26	22	94.633339	τή
4	1	271	1	13	0	2787	1748	365	30	-1	
5	1	271	1	13	1	2787	1748	151	29	40.118256	(Βιομηχανία
5	1	271	1	13	2	2956	1752	38	19	59.675770	καί
5	1	271	1	13	3	3012	1753	42	21	72.980621	τήν
5	1	271	1	13	4	3074	1754	78	24	39.100395	Ἔρευ-
4	1	271	1	14	0	2787	1781	43	22	-1	
5	1	271	1	14	1	2787	1781	43	22	0.000000	Ίνα.
2	1	272	0	0	0	2090	1794	1079	52	-1	
3	1	272	1	0	0	2090	1794	1079	52	-1	
4	1	272	1	1	0	2090	1794	1079	52	-1	
5	1	272	1	1	1	2090	1795	131	23	0.000000	ΑΗμνιαία
5	1	272	1	1	2	2226	1794	142	46	35.477554	ἘΒΗΦΕΡΙΑΑ
5	1	272	1	1	3	2379	1794	47	46	1.828545	ΟΕ
5	1	272	1	1	4	2444	1794	154	46	0.000000	λεωφ--ΡΟΥ.
5	1	272	1	1	5	2529	1816	2	2	0.000000	-
5	1	272	1	1	6	2593	1817	160	22	60.808025	ΛΙΑΓΜΕΝΗΣ
5	1	272	1	1	7	2803	1819	46	20	31.779770	τό
5	1	272	1	1	8	2855	1823	118	2	33.135574	-ἔγψραφο-
5	1	272	1	1	9	2982	1825	187	21	14.081993	πού--ἐνέκρινε---
2	1	273	0	0	0	2785	1852	364	240	-1	
3	1	273	1	0	0	2785	1852	364	240	-1	
4	1	273	1	1	0	2793	1852	356	33	-1	
5	1	273	1	1	1	2793	1852	13	20	71.236763	ἡ
5	1	273	1	1	2	2824	1853	123	23	70.995148	᾿Ἐπιτροπή,
5	1	273	1	1	3	2961	1856	61	22	92.159569	ζητεῖ
5	1	273	1	1	4	3035	1858	26	20	96.410400	τή
5	1	273	1	1	5	3089	1854	60	31	73.335121	δηµι-
4	1	273	1	2	0	2785	1888	363	29	-1	
5	1	273	1	2	1	2785	1888	85	22	57.235756	ἱφυργία
5	1	273	1	2	2	2904	1890	49	23	51.038136	μιᾶς
5	1	273	1	2	3	2995	1889	153	28	25.813766	«ΒἙὐρωπαϊκῆς
4	1	273	1	3	0	2792	1923	356	29	-1	
5	1	273	1	3	1	2792	1923	135	25	10.257462	Μφινότητας
5	1	273	1	3	2	2944	1927	48	22	76.911163	τῆς
5	1	273	1	3	3	3012	1927	136	25	85.876373	Τεχνολογί-
4	1	273	1	4	0	2790	1959	357	27	-1	
5	1	273	1	4	1	2790	1963	42	19	82.449455	ας»,
5	1	273	1	4	2	2845	1959	55	19	96.980202	ὥστε
5	1	273	1	4	3	2914	1961	28	19	93.050316	νά
5	1	273	1	4	4	2958	1962	113	21	90.851128	θελτιωθεῖ
5	1	273	1	4	5	3082	1965	14	21	88.549118	ἡ
5	1	273	1	4	6	3109	1965	38	19	83.410629	ἂν-
4	1	273	1	5	0	2789	1997	356	26	-1	
5	1	273	1	5	1	2789	1997	146	20	35.221649	τογωνιστική
5	1	273	1	5	2	2959	1997	51	21	79.746979	θέση
5	1	273	1	5	3	3025	2000	37	22	93.089149	τῆς
5	1	273	1	5	4	3075	2000	70	23	92.313309	Ἑὐρώ-
4	1	273	1	6	0	2789	2030	355	25	-1	
5	1	273	1	6	1	2789	2034	40	19	91.271126	πης
5	1	273	1	6	2	2849	2030	77	20	45.958893	ἔναντι
5	1	273	1	6	3	2943	2033	45	18	93.757713	τῶν
5	1	273	1	6	4	3014	2034	62	20	43.661785	ΗΠΑ
5	1	273	1	6	5	3107	2036	37	19	83.966179	ναί
4	1	273	1	7	0	2788	2066	171	26	-1	
5	1	273	1	7	1	2788	2066	37	23	93.275047	τῆς
5	1	273	1	7	2	2838	2067	121	25	62.303154	Ἰσπωνίας.
2	1	274	0	0	0	2800	2157	332	45	-1	
3	1	274	1	0	0	2800	2157	332	45	-1	
4	1	274	1	1	0	2800	2157	332	45	-1	
5	1	274	1	1	1	2800	2157	120	40	50.580360	ΛΡΛΕΙΣΗ
5	1	274	1	1	2	2934	2160	198	42	0.000000	ΞΗΡΙΚΛΗΠΙΔΥ
2	1	275	0	0	0	2769	2247	378	559	-1	
3	1	275	1	0	0	2773	2247	366	239	-1	
4	1	275	1	1	0	2807	2247	332	29	-1	
5	1	275	1	1	1	2807	2247	25	18	72.431664	Ὁ
5	1	275	1	1	2	2847	2247	117	26	79.389633	Νομάρχης
5	1	275	1	1	3	2978	2251	117	25	0.000000	Λακωνίας
5	1	275	1	1	4	3114	2254	25	18	18.277008	Ώι
4	1	275	1	2	0	2773	2282	364	33	-1	
5	1	275	1	2	1	2773	2282	79	24	26.999832	]άννης
5	1	275	1	2	2	2870	2284	131	26	91.124969	Σαθαλάνος
5	1	275	1	2	3	3033	2283	104	32	83.656822	ἐνέχρινε
4	1	275	1	3	0	2781	2317	355	35	-1	
5	1	275	1	3	1	2781	2317	25	19	93.293144	τό
5	1	275	1	3	2	2821	2319	141	25	90.506760	ἀποτέλεσμα
5	1	275	1	3	3	2982	2323	38	18	95.961487	τοῦ
5	1	275	1	3	4	3040	2320	96	32	91.418320	διεθνοῦς
4	1	275	1	4	0	2780	2354	356	25	-1	
5	1	275	1	4	1	2780	2354	147	24	57.855576	διαγωνισμοῦ
5	1	275	1	4	2	2940	2357	28	22	89.498779	µέ
5	1	275	1	4	3	2982	2358	41	18	91.705299	τόν
5	1	275	1	4	4	3035	2359	63	19	91.729324	ὁποῖο
5	1	275	1	4	5	3112	2360	24	18	78.228027	ᾱ-
4	1	275	1	5	0	2780	2389	356	26	-1	
5	1	275	1	5	1	2780	2389	110	19	66.016075	νατίθεται
5	1	275	1	5	2	2899	2392	28	20	93.298271	σέ
5	1	275	1	5	3	2945	2392	113	23	59.018955	ἐργολάθο
5	1	275	1	5	4	3071	2395	13	20	90.802139	ἡ
5	1	275	1	5	5	3100	2395	36	19	81.422577	ἐκ-
4	1	275	1	6	0	2778	2423	356	30	-1	
5	1	275	1	6	1	2778	2423	80	23	96.681717	τέλεση
5	1	275	1	6	2	2872	2427	38	17	93.266235	τοῦ
5	1	275	1	6	3	2923	2427	130	23	78.970123	ἁρδευτικοῦ
5	1	275	1	6	4	3067	2430	67	23	91.645096	ἔργου
4	1	275	1	7	0	2778	2459	347	27	-1	
5	1	275	1	7	1	2778	2459	77	20	0.000000	ΤΦΕΒ
5	1	275	1	7	2	2870	2462	162	24	39.617813	Ἑηροχαμπίου,
5	1	275	1	7	3	3123	2464	2	2	58.691132	|
3	1	275	2	0	0	2769	2496	378	304	-1	
4	1	275	2	1	0	2801	2496	332	30	-1	
5	1	275	2	1	1	2801	2496	32	18	96.505836	Τό
5	1	275	2	1	2	2847	2498	120	22	93.285477	παραπάνω
5	1	275	2	1	3	2981	2500	56	23	83.494957	ἔργο
5	1	275	2	1	4	3048	2501	26	19	90.636574	θά
5	1	275	2	1	5	3085	2502	48	24	37.978344	ἄξιο
4	1	275	2	2	0	2775	2532	357	28	-1	
5	1	275	2	2	1	2775	2532	85	20	92.160851	ποιήσει
5	1	275	2	2	2	2878	2533	43	21	91.636772	τήν
5	1	275	2	2	3	2934	2536	92	23	95.572205	περιοχή
5	1	275	2	2	4	3041	2538	37	22	91.679375	τῆς
5	1	275	2	2	5	3090	2538	42	18	91.190880	Κοι
4	1	275	2	3	0	2776	2567	354	29	-1	
5	1	275	2	3	1	2776	2567	92	24	86.310982	νότητας
5	1	275	2	3	2	2900	2569	156	25	0.000000	Ἑπροκαμπίου
5	1	275	2	3	3	3100	2574	30	22	70.108841	μέ
4	1	275	2	4	0	2774	2602	356	34	-1	
5	1	275	2	4	1	2774	2602	42	21	92.901772	τήν
5	1	275	2	4	2	2832	2603	98	23	91.379745	ἄρδευση
5	1	275	2	4	3	2943	2606	55	19	85.641716	3.000
5	1	275	2	4	4	3024	2605	106	31	52.682846	στρεµµά-
4	1	275	2	5	0	2773	2639	355	27	-1	
5	1	275	2	5	1	2773	2643	45	13	92.377464	των
5	1	275	2	5	2	2833	2639	27	21	86.890015	µέ
5	1	275	2	5	3	2883	2641	112	23	83.843628	κλειστούς
5	1	275	2	5	4	3022	2643	106	23	89.314011	ἀγωγούς.
4	1	275	2	6	0	2773	2672	355	28	-1	
5	1	275	2	6	1	2773	2672	24	17	79.642998	Ἡ
5	1	275	2	6	2	2816	2673	116	23	89.466217	προθεσµία
5	1	275	2	6	3	2947	2676	39	21	96.264816	γιά
5	1	275	2	6	4	3000	2677	42	20	94.988739	τήν
5	1	275	2	6	5	3064	2679	64	21	90.080276	περά-
4	1	275	2	7	0	2771	2708	376	25	-1	
5	1	275	2	7	1	2771	2711	58	15	75.375893	τωση
5	1	275	2	7	2	2842	2709	38	16	93.289368	τοῦ
5	1	275	2	7	3	2896	2708	68	22	91.943726	ἔργου
5	1	275	2	7	4	2979	2710	100	23	63.278069	δρίζεται
5	1	275	2	7	5	3101	2713	25	17	85.862305	σέ
5	1	275	2	7	6	3145	2710	2	2	68.039482	΄
4	1	275	2	8	0	2770	2740	356	28	-1	
5	1	275	2	8	1	2770	2740	11	17	94.408592	3
5	1	275	2	8	2	2796	2741	80	21	84.722511	χρόνια
5	1	275	2	8	3	2891	2742	43	18	95.630081	ἀπό
5	1	275	2	8	4	2964	2744	43	20	92.180870	τήν
5	1	275	2	8	5	3033	2745	93	23	84.656479	ἐγκατά-
4	1	275	2	9	0	2769	2768	265	38	-1	
5	1	275	2	9	1	2769	2768	67	28	34.382149	σταση
5	1	275	2	9	2	2852	2777	37	17	97.012222	τοῦ
5	1	275	2	9	3	2904	2773	130	33	44.835815	ἐργολάξέου.
2	1	276	0	0	0	2776	1818	14	368	-1	
3	1	276	1	0	0	2776	1818	14	368	-1	
4	1	276	1	1	0	2776	1818	14	368	-1	
5	1	276	1	1	1	2776	1818	14	368	95.000000	 
2	1	277	0	0	0	2903	2223	120	8	-1	
3	1	277	1	0	0	2903	2223	120	8	-1	
4	1	277	1	1	0	2903	2223	120	8	-1	
5	1	277	1	1	1	2903	2223	120	8	95.000000	 
2	1	278	0	0	0	2759	2801	5	32	-1	
3	1	278	1	0	0	2759	2801	5	32	-1	
4	1	278	1	1	0	2759	2801	5	32	-1	
5	1	278	1	1	1	2759	2801	5	32	52.147251	|
2	1	279	0	0	0	2770	2831	354	20	-1	
3	1	279	1	0	0	2770	2831	354	20	-1	
4	1	279	1	1	0	2770	2831	354	20	-1	
5	1	279	1	1	1	2770	2831	354	20	0.000000	καασνσναιολνι
5	1	279	1	1	2	2961	2823	23	33	0.000000	νι
5	1	279	1	1	3	2988	2831	136	20	0.000000	σσνσγσλνω
2	1	280	0	0	0	2774	2865	345	81	-1	
3	1	280	1	0	0	2774	2865	345	81	-1	
4	1	280	1	1	0	2819	2865	259	27	-1	
5	1	280	1	1	1	2819	2865	90	23	95.925049	ΩΡΕΣ
5	1	280	1	1	2	2925	2868	153	24	95.956718	ΕΙΣΟΔΟΥ
4	1	280	1	2	0	2774	2916	345	30	-1	
5	1	280	1	2	1	2774	2918	61	22	95.858604	ΤΟΥ
5	1	280	1	2	2	2843	2916	126	27	94.972748	ΚΟΙΝΟΥ
5	1	280	1	2	3	2980	2923	79	23	44.472206	ΣΤΙΣ
5	1	280	1	2	4	3071	2925	48	21	39.256535	ΔΥ
2	1	281	0	0	0	2884	2984	120	9	-1	
3	1	281	1	0	0	2884	2984	120	9	-1	
4	1	281	1	1	0	2884	2984	120	9	-1	
5	1	281	1	1	1	2884	2984	120	9	95.000000	 
2	1	282	0	0	0	2774	3009	338	70	-1	
3	1	282	1	0	0	2774	3009	338	66	-1	
4	1	282	1	1	0	2787	3009	309	28	-1	
5	1	282	1	1	1	2787	3009	44	19	93.186890	ἀπό
5	1	282	1	1	2	2846	3011	74	19	21.144646	1-11-65
5	1	282	1	1	3	2937	3013	64	24	88.770142	µέχρι
5	1	282	1	1	4	3021	3016	75	18	28.758530	15-5-56
4	1	282	1	2	0	2774	3045	338	34	-1	
5	1	282	1	2	1	2774	3045	44	19	93.285324	Στό
5	1	282	1	2	2	2834	3049	93	21	88.909683	γραφεῖο
5	1	282	1	2	3	2945	3050	38	18	96.852692	τοῦ
5	1	282	1	2	4	2997	3047	115	32	88.456718	Νομάρχη:
2	1	283	0	0	0	2434	2818	8	293	-1	
3	1	283	1	0	0	2434	2818	8	293	-1	
4	1	283	1	1	0	2434	2818	8	293	-1	
5	1	283	1	1	1	2434	2818	8	293	95.000000	 
2	1	284	0	0	0	2416	2832	11	271	-1	
3	1	284	1	0	0	2416	2832	11	271	-1	
4	1	284	1	1	0	2416	2832	11	271	-1	
5	1	284	1	1	1	2416	2832	11	271	95.000000	 
2	1	285	0	0	0	2416	2832	13	272	-1	
3	1	285	1	0	0	2416	2832	13	272	-1	
4	1	285	1	1	0	2416	2832	13	272	-1	
5	1	285	1	1	1	2416	2832	13	272	95.000000	 
2	1	286	0	0	0	2417	2832	8	271	-1	
3	1	286	1	0	0	2417	2832	8	271	-1	
4	1	286	1	1	0	2417	2832	8	271	-1	
5	1	286	1	1	1	2417	2832	8	271	95.000000	 
2	1	287	0	0	0	2432	2832	12	278	-1	
3	1	287	1	0	0	2432	2832	12	278	-1	
4	1	287	1	1	0	2432	2832	12	278	-1	
5	1	287	1	1	1	2432	2832	12	278	95.000000	 
2	1	288	0	0	0	2437	2844	8	266	-1	
3	1	288	1	0	0	2437	2844	8	266	-1	
4	1	288	1	1	0	2437	2844	8	266	-1	
5	1	288	1	1	1	2437	2844	8	266	95.000000	 
2	1	289	0	0	0	2411	2851	14	252	-1	
3	1	289	1	0	0	2411	2851	14	252	-1	
4	1	289	1	1	0	2411	2851	14	252	-1	
5	1	289	1	1	1	2411	2851	14	252	95.000000	 
2	1	290	0	0	0	2412	2851	13	252	-1	
3	1	290	1	0	0	2412	2851	13	252	-1	
4	1	290	1	1	0	2412	2851	13	252	-1	
5	1	290	1	1	1	2412	2851	13	252	95.000000	 
2	1	291	0	0	0	2435	2844	9	267	-1	
3	1	291	1	0	0	2435	2844	9	267	-1	
4	1	291	1	1	0	2435	2844	9	267	-1	
5	1	291	1	1	1	2435	2844	9	267	95.000000	 
2	1	292	0	0	0	2413	2851	14	253	-1	
3	1	292	1	0	0	2413	2851	14	253	-1	
4	1	292	1	1	0	2413	2851	14	253	-1	
5	1	292	1	1	1	2413	2851	14	253	95.000000	 
2	1	293	0	0	0	2435	2859	11	252	-1	
3	1	293	1	0	0	2435	2859	11	252	-1	
4	1	293	1	1	0	2435	2859	11	252	-1	
5	1	293	1	1	1	2435	2859	11	252	95.000000	 
2	1	294	0	0	0	2423	2915	8	189	-1	
3	1	294	1	0	0	2423	2915	8	189	-1	
4	1	294	1	1	0	2423	2915	8	189	-1	
5	1	294	1	1	1	2423	2915	8	189	95.000000	 
2	1	295	0	0	0	2424	2916	6	188	-1	
3	1	295	1	0	0	2424	2916	6	188	-1	
4	1	295	1	1	0	2424	2916	6	188	-1	
5	1	295	1	1	1	2424	2916	6	188	95.000000	 
2	1	296	0	0	0	2753	3081	363	28	-1	
3	1	296	1	0	0	2753	3081	363	28	-1	
4	1	296	1	1	0	2753	3081	363	28	-1	
5	1	296	1	1	1	2753	3081	67	19	0.000000	ἠκάδε
5	1	296	1	1	2	2837	3082	69	23	95.105133	Τρίτη
5	1	296	1	1	3	2923	3085	37	17	88.099419	καὶ
5	1	296	1	1	4	2983	3085	133	24	93.223671	Παρασκευή
2	1	297	0	0	0	2039	3078	70	9	-1	
3	1	297	1	0	0	2039	3078	70	9	-1	
4	1	297	1	1	0	2039	3078	70	9	-1	
5	1	297	1	1	1	2039	3078	70	9	95.000000	 
2	1	298	0	0	0	2409	3091	21	1	-1	
3	1	298	1	0	0	2409	3091	21	1	-1	
4	1	298	1	1	0	2409	3091	21	1	-1	
5	1	298	1	1	1	2409	3091	21	1	95.000000	 
2	1	299	0	0	0	2030	3086	110	3	-1	
3	1	299	1	0	0	2030	3086	110	3	-1	
4	1	299	1	1	0	2030	3086	110	3	-1	
5	1	299	1	1	1	2030	3086	110	3	95.000000	 
2	1	300	0	0	0	2112	3079	3	17	-1	
3	1	300	1	0	0	2112	3079	3	17	-1	
4	1	300	1	1	0	2112	3079	3	17	-1	
5	1	300	1	1	1	2112	3079	3	17	95.000000	 
2	1	301	0	0	0	2414	3092	28	3	-1	
3	1	301	1	0	0	2414	3092	28	3	-1	
4	1	301	1	1	0	2414	3092	28	3	-1	
5	1	301	1	1	1	2414	3092	28	3	95.000000	 
2	1	302	0	0	0	2030	3086	123	6	-1	
3	1	302	1	0	0	2030	3086	123	6	-1	
4	1	302	1	1	0	2030	3086	123	6	-1	
5	1	302	1	1	1	2030	3086	123	6	95.000000	 
2	1	303	0	0	0	2030	3086	123	6	-1	
3	1	303	1	0	0	2030	3086	123	6	-1	
4	1	303	1	1	0	2030	3086	123	6	-1	
5	1	303	1	1	1	2030	3086	123	6	95.000000	 
2	1	304	0	0	0	2084	3071	3	35	-1	
3	1	304	1	0	0	2084	3071	3	35	-1	
4	1	304	1	1	0	2084	3071	3	35	-1	
5	1	304	1	1	1	2084	3071	3	35	95.000000	 
2	1	305	0	0	0	2119	3082	3	18	-1	
3	1	305	1	0	0	2119	3082	3	18	-1	
4	1	305	1	1	0	2119	3082	3	18	-1	
5	1	305	1	1	1	2119	3082	3	18	95.000000	 
2	1	306	0	0	0	2051	3090	101	7	-1	
3	1	306	1	0	0	2051	3090	101	7	-1	
4	1	306	1	1	0	2051	3090	101	7	-1	
5	1	306	1	1	1	2051	3090	101	7	95.000000	 
2	1	307	0	0	0	2084	3091	76	5	-1	
3	1	307	1	0	0	2084	3091	76	5	-1	
4	1	307	1	1	0	2084	3091	76	5	-1	
5	1	307	1	1	1	2084	3091	76	5	95.000000	 
2	1	308	0	0	0	2035	3089	178	18	-1	
3	1	308	1	0	0	2035	3089	178	18	-1	
4	1	308	1	1	0	2035	3089	178	18	-1	
5	1	308	1	1	1	2035	3089	178	18	95.000000	 
2	1	309	0	0	0	2054	3095	106	5	-1	
3	1	309	1	0	0	2054	3095	106	5	-1	
4	1	309	1	1	0	2054	3095	106	5	-1	
5	1	309	1	1	1	2054	3095	106	5	95.000000	 
2	1	310	0	0	0	2054	3096	128	5	-1	
3	1	310	1	0	0	2054	3096	128	5	-1	
4	1	310	1	1	0	2054	3096	128	5	-1	
5	1	310	1	1	1	2054	3096	128	5	95.000000	 
2	1	311	0	0	0	2054	3091	159	16	-1	
3	1	311	1	0	0	2054	3091	159	16	-1	
4	1	311	1	1	0	2054	3091	159	16	-1	
5	1	311	1	1	1	2054	3091	159	16	95.000000	 
2	1	312	0	0	0	2083	3092	4	14	-1	
3	1	312	1	0	0	2083	3092	4	14	-1	
4	1	312	1	1	0	2083	3092	4	14	-1	
5	1	312	1	1	1	2083	3092	4	14	95.000000	 
2	1	313	0	0	0	2022	3096	191	9	-1	
3	1	313	1	0	0	2022	3096	191	9	-1	
4	1	313	1	1	0	2022	3096	191	9	-1	
5	1	313	1	1	1	2022	3096	191	9	95.000000	 
2	1	314	0	0	0	1644	3090	355	28	-1	
3	1	314	1	0	0	1644	3090	355	28	-1	
4	1	314	1	1	0	1644	3090	355	28	-1	
5	1	314	1	1	1	1644	3090	123	20	0.000000	παρχιοποῦ
5	1	314	1	1	2	1789	3091	81	23	0.000000	δρόμου
5	1	314	1	1	3	1900	3094	99	24	77.743721	Σπάρτη-
2	1	315	0	0	0	2043	3098	170	7	-1	
3	1	315	1	0	0	2043	3098	170	7	-1	
4	1	315	1	1	0	2043	3098	170	7	-1	
5	1	315	1	1	1	2043	3098	170	7	95.000000	 
2	1	316	0	0	0	2029	3100	184	4	-1	
3	1	316	1	0	0	2029	3100	184	4	-1	
4	1	316	1	1	0	2029	3100	184	4	-1	
5	1	316	1	1	1	2029	3100	184	4	95.000000	 
2	1	317	0	0	0	2043	3101	170	7	-1	
3	1	317	1	0	0	2043	3101	170	7	-1	
4	1	317	1	1	0	2043	3101	170	7	-1	
5	1	317	1	1	1	2043	3101	170	7	95.000000	 
2	1	318	0	0	0	2043	3102	170	5	-1	
3	1	318	1	0	0	2043	3102	170	5	-1	
4	1	318	1	1	0	2043	3102	170	5	-1	
5	1	318	1	1	1	2043	3102	170	5	95.000000	 
2	1	319	0	0	0	2043	3102	170	5	-1	
3	1	319	1	0	0	2043	3102	170	5	-1	
4	1	319	1	1	0	2043	3102	170	5	-1	
5	1	319	1	1	1	2043	3102	170	5	95.000000	 
2	1	320	0	0	0	2446	2790	303	332	-1	
3	1	320	1	0	0	2446	2790	303	332	-1	
4	1	320	1	1	0	2446	2790	303	332	-1	
5	1	320	1	1	1	2446	2790	303	332	95.000000	 
2	1	321	0	0	0	2077	2864	6	245	-1	
3	1	321	1	0	0	2077	2864	6	245	-1	
4	1	321	1	1	0	2077	2864	6	245	-1	
5	1	321	1	1	1	2077	2864	6	245	95.000000	 
2	1	322	0	0	0	2076	3088	3	21	-1	
3	1	322	1	0	0	2076	3088	3	21	-1	
4	1	322	1	1	0	2076	3088	3	21	-1	
5	1	322	1	1	1	2076	3088	3	21	95.000000	 
2	1	323	0	0	0	2082	3092	1	20	-1	
3	1	323	1	0	0	2082	3092	1	20	-1	
4	1	323	1	1	0	2082	3092	1	20	-1	
5	1	323	1	1	1	2082	3092	1	20	95.000000	 
2	1	324	0	0	0	2031	3106	203	9	-1	
3	1	324	1	0	0	2031	3106	203	9	-1	
4	1	324	1	1	0	2031	3106	203	9	-1	
5	1	324	1	1	1	2031	3106	203	9	95.000000	 
2	1	325	0	0	0	2031	3107	182	8	-1	
3	1	325	1	0	0	2031	3107	182	8	-1	
4	1	325	1	1	0	2031	3107	182	8	-1	
5	1	325	1	1	1	2031	3107	182	8	95.000000	 
2	1	326	0	0	0	2031	3110	203	5	-1	
3	1	326	1	0	0	2031	3110	203	5	-1	
4	1	326	1	1	0	2031	3110	203	5	-1	
5	1	326	1	1	1	2031	3110	203	5	95.000000	 
2	1	327	0	0	0	2031	3109	203	6	-1	
3	1	327	1	0	0	2031	3109	203	6	-1	
4	1	327	1	1	0	2031	3109	203	6	-1	
5	1	327	1	1	1	2031	3109	203	6	95.000000	 
2	1	328	0	0	0	2174	3103	1	19	-1	
3	1	328	1	0	0	2174	3103	1	19	-1	
4	1	328	1	1	0	2174	3103	1	19	-1	
5	1	328	1	1	1	2174	3103	1	19	95.000000	 
2	1	329	0	0	0	2185	3101	2	24	-1	
3	1	329	1	0	0	2185	3101	2	24	-1	
4	1	329	1	1	0	2185	3101	2	24	-1	
5	1	329	1	1	1	2185	3101	2	24	95.000000	 
2	1	330	0	0	0	2031	3111	203	5	-1	
3	1	330	1	0	0	2031	3111	203	5	-1	
4	1	330	1	1	0	2031	3111	203	5	-1	
5	1	330	1	1	1	2031	3111	203	5	95.000000	 
2	1	331	0	0	0	2031	3107	215	12	-1	
3	1	331	1	0	0	2031	3107	215	12	-1	
4	1	331	1	1	0	2031	3107	215	12	-1	
5	1	331	1	1	1	2031	3107	215	12	95.000000	 
2	1	332	0	0	0	2666	3126	34	3	-1	
3	1	332	1	0	0	2666	3126	34	3	-1	
4	1	332	1	1	0	2666	3126	34	3	-1	
5	1	332	1	1	1	2666	3126	34	3	95.000000	 
2	1	333	0	0	0	2760	3116	357	29	-1	
3	1	333	1	0	0	2760	3116	357	29	-1	
4	1	333	1	1	0	2760	3116	357	29	-1	
5	1	333	1	1	1	2760	3116	43	18	96.323639	ἀπό
5	1	333	1	1	2	2819	3117	30	23	96.567307	τίς
5	1	333	1	1	3	2867	3119	53	18	76.270340	10.00
5	1	333	1	1	4	2934	3125	42	18	70.641296	π.μ.
5	1	333	1	1	5	2991	3121	64	24	92.119926	µέχρι
5	1	333	1	1	6	3075	3123	42	19	73.606003	1.090
2	1	334	0	0	0	2057	3118	203	4	-1	
3	1	334	1	0	0	2057	3118	203	4	-1	
4	1	334	1	1	0	2057	3118	203	4	-1	
5	1	334	1	1	1	2057	3118	203	4	95.000000	 
2	1	335	0	0	0	2057	3115	217	12	-1	
3	1	335	1	0	0	2057	3115	217	12	-1	
4	1	335	1	1	0	2057	3115	217	12	-1	
5	1	335	1	1	1	2057	3115	217	12	95.000000	 
2	1	336	0	0	0	2036	3118	226	10	-1	
3	1	336	1	0	0	2036	3118	226	10	-1	
4	1	336	1	1	0	2036	3118	226	10	-1	
5	1	336	1	1	1	2036	3118	226	10	95.000000	 
2	1	337	0	0	0	2057	3118	205	10	-1	
3	1	337	1	0	0	2057	3118	205	10	-1	
4	1	337	1	1	0	2057	3118	205	10	-1	
5	1	337	1	1	1	2057	3118	205	10	95.000000	 
2	1	338	0	0	0	2057	3119	205	8	-1	
3	1	338	1	0	0	2057	3119	205	8	-1	
4	1	338	1	1	0	2057	3119	205	8	-1	
5	1	338	1	1	1	2057	3119	205	8	95.000000	 
2	1	339	0	0	0	2057	3118	205	11	-1	
3	1	339	1	0	0	2057	3118	205	11	-1	
4	1	339	1	1	0	2057	3118	205	11	-1	
5	1	339	1	1	1	2057	3118	205	11	95.000000	 
2	1	340	0	0	0	2057	3117	220	14	-1	
3	1	340	1	0	0	2057	3117	220	14	-1	
4	1	340	1	1	0	2057	3117	220	14	-1	
5	1	340	1	1	1	2057	3117	220	14	95.000000	 
2	1	341	0	0	0	2024	3121	238	6	-1	
3	1	341	1	0	0	2024	3121	238	6	-1	
4	1	341	1	1	0	2024	3121	238	6	-1	
5	1	341	1	1	1	2024	3121	238	6	95.000000	 
2	1	342	0	0	0	1640	3123	357	105	-1	
3	1	342	1	0	0	1640	3123	357	105	-1	
4	1	342	1	1	0	1642	3123	355	31	-1	
5	1	342	1	1	1	1642	3123	125	23	40.373913	Σεωργίτσι,
5	1	342	1	1	2	1789	3129	79	20	91.646309	προτοῦ
5	1	342	1	1	3	1884	3129	113	25	86.290932	ἀφήσουμε
4	1	342	1	2	0	1640	3159	355	31	-1	
5	1	342	1	2	1	1640	3159	40	18	90.847534	τόν
5	1	342	1	2	2	1692	3160	89	23	90.847534	Εὐρώτα
5	1	342	1	2	3	1796	3164	37	18	21.793556	γχαί
5	1	342	1	2	4	1850	3165	96	25	3.609451	πάρουμε
5	1	342	1	2	5	1968	3168	27	22	96.465172	τή
4	1	342	1	3	0	1640	3197	356	31	-1	
5	1	342	1	3	1	1640	3197	81	24	89.508751	στροφή
5	1	342	1	3	2	1737	3199	51	25	51.288586	πρός
5	1	342	1	3	3	1814	3200	122	28	37.365768	Βορδώνια,
5	1	342	1	3	4	1967	3205	29	21	62.801929	εἴ-
2	1	343	0	0	0	1630	3235	364	30	-1	
3	1	343	1	0	0	1630	3235	364	30	-1	
4	1	343	1	1	0	1630	3235	364	30	-1	
5	1	343	1	1	1	1630	3239	46	14	21.432800	ναι
5	1	343	1	1	2	1693	3235	38	19	67.502525	δύο
5	1	343	1	1	3	1748	3238	97	24	93.994431	παγίδες,
5	1	343	1	1	4	1862	3241	67	24	96.380554	δεξιά,
5	1	343	1	1	5	1951	3243	43	19	95.114319	ἀπό
2	1	344	0	0	0	1638	3271	386	31	-1	
3	1	344	1	0	0	1638	3271	386	31	-1	
4	1	344	1	1	0	1638	3271	386	31	-1	
5	1	344	1	1	1	1638	3271	109	22	90.572601	διάόρωση
5	1	344	1	1	2	1811	3275	181	27	8.192673	(νεροφάγωμα).
5	1	344	1	1	3	2010	3286	14	13	11.519539	 π
2	1	345	0	0	0	1617	3306	533	35	-1	
3	1	345	1	0	0	1617	3306	533	35	-1	
4	1	345	1	1	0	1617	3306	533	35	-1	
5	1	345	1	1	1	1617	3317	2	2	0.000000	1
5	1	345	1	1	2	1638	3306	33	21	0.000000	Τή
5	1	345	1	1	3	1684	3307	76	23	75.313423	νύχτα,
5	1	345	1	1	4	1773	3309	14	21	88.958900	ἤ
5	1	345	1	1	5	1802	3310	30	18	31.895432	ἄν
5	1	345	1	1	6	1844	3315	149	20	81.576309	συναντηδοῦν
5	1	345	1	1	7	2002	3317	148	24	0.000000	:Μανεσιώτη,
2	1	346	0	0	0	1636	3342	386	37	-1	
3	1	346	1	0	0	1636	3342	386	37	-1	
4	1	346	1	1	0	1636	3342	386	37	-1	
5	1	346	1	1	1	1636	3342	12	17	90.813461	3
5	1	346	1	1	2	1660	3342	107	24	87.584946	ὀχήματα,
5	1	346	1	1	3	1781	3345	25	19	93.298347	τό
5	1	346	1	1	4	1821	3349	91	21	83.999771	τροχαῖο
5	1	346	1	1	5	1924	3350	26	18	86.881012	θά
5	1	346	1	1	6	1963	3351	29	18	84.456879	εἴ-
5	1	346	1	1	7	2001	3348	21	31	0.000000	ὴγ.
2	1	347	0	0	0	1629	2414	27	986	-1	
3	1	347	1	0	0	1629	2414	27	986	-1	
4	1	347	1	1	0	1629	2414	27	986	-1	
5	1	347	1	1	1	1629	2414	27	986	95.000000	 
2	1	348	0	0	0	910	3361	708	42	-1	
3	1	348	1	0	0	910	3361	708	42	-1	
4	1	348	1	1	0	910	3361	708	42	-1	
5	1	348	1	1	1	910	3361	45	22	91.166901	2ον
5	1	348	1	1	2	968	3361	135	30	91.166901	Βρασίδου
5	1	348	1	1	3	1114	3363	28	23	93.269684	68
5	1	348	1	1	4	1153	3365	80	23	92.417229	Πλατ.
5	1	348	1	1	5	1249	3367	184	33	91.416565	Λαχαναγορά
5	1	348	1	1	6	1446	3383	8	5	92.982651	-
5	1	348	1	1	7	1466	3372	60	31	96.761047	Τηλ.
5	1	348	1	1	8	1537	3374	81	23	95.745590	22.487
2	1	349	0	0	0	1637	3380	382	41	-1	
3	1	349	1	0	0	1637	3380	382	41	-1	
4	1	349	1	1	0	1637	3380	382	41	-1	
5	1	349	1	1	1	1637	3382	36	14	93.266518	ναι
5	1	349	1	1	2	1688	3380	93	22	84.281723	μοιραῖς,
5	1	349	1	1	3	1998	3400	4	21	36.433746	|
5	1	349	1	1	4	2008	3393	11	18	76.491028	β
2	1	350	0	0	0	2023	3069	420	159	-1	
3	1	350	1	0	0	2023	3069	420	159	-1	
4	1	350	1	1	0	2023	3069	420	159	-1	
5	1	350	1	1	1	2023	3069	420	159	95.000000	  
2	1	351	0	0	0	2477	3130	17	1	-1	
3	1	351	1	0	0	2477	3130	17	1	-1	
4	1	351	1	1	0	2477	3130	17	1	-1	
5	1	351	1	1	1	2477	3130	17	1	95.000000	 
2	1	352	0	0	0	2639	3133	49	2	-1	
3	1	352	1	0	0	2639	3133	49	2	-1	
4	1	352	1	1	0	2639	3133	49	2	-1	
5	1	352	1	1	1	2639	3133	49	2	95.000000	 
2	1	353	0	0	0	2642	3133	46	5	-1	
3	1	353	1	0	0	2642	3133	46	5	-1	
4	1	353	1	1	0	2642	3133	46	5	-1	
5	1	353	1	1	1	2642	3133	46	5	95.000000	 
2	1	354	0	0	0	2034	3124	243	8	-1	
3	1	354	1	0	0	2034	3124	243	8	-1	
4	1	354	1	1	0	2034	3124	243	8	-1	
5	1	354	1	1	1	2034	3124	243	8	95.000000	 
2	1	355	0	0	0	2642	3135	60	4	-1	
3	1	355	1	0	0	2642	3135	60	4	-1	
4	1	355	1	1	0	2642	3135	60	4	-1	
5	1	355	1	1	1	2642	3135	60	4	95.000000	 
2	1	356	0	0	0	2642	3136	60	4	-1	
3	1	356	1	0	0	2642	3136	60	4	-1	
4	1	356	1	1	0	2642	3136	60	4	-1	
5	1	356	1	1	1	2642	3136	60	4	95.000000	 
2	1	357	0	0	0	2465	3135	20	1	-1	
3	1	357	1	0	0	2465	3135	20	1	-1	
4	1	357	1	1	0	2465	3135	20	1	-1	
5	1	357	1	1	1	2465	3135	20	1	95.000000	 
2	1	358	0	0	0	2368	2829	24	326	-1	
3	1	358	1	0	0	2368	2829	24	326	-1	
4	1	358	1	1	0	2368	2829	24	326	-1	
5	1	358	1	1	1	2368	2829	24	326	95.000000	 
2	1	359	0	0	0	2370	2841	13	315	-1	
3	1	359	1	0	0	2370	2841	13	315	-1	
4	1	359	1	1	0	2370	2841	13	315	-1	
5	1	359	1	1	1	2370	2841	13	315	95.000000	 
2	1	360	0	0	0	2370	2841	17	314	-1	
3	1	360	1	0	0	2370	2841	17	314	-1	
4	1	360	1	1	0	2370	2841	17	314	-1	
5	1	360	1	1	1	2370	2841	17	314	95.000000	 
2	1	361	0	0	0	2376	2851	10	304	-1	
3	1	361	1	0	0	2376	2851	10	304	-1	
4	1	361	1	1	0	2376	2851	10	304	-1	
5	1	361	1	1	1	2376	2851	10	304	95.000000	 
2	1	362	0	0	0	2372	2851	13	304	-1	
3	1	362	1	0	0	2372	2851	13	304	-1	
4	1	362	1	1	0	2372	2851	13	304	-1	
5	1	362	1	1	1	2372	2851	13	304	95.000000	 
2	1	363	0	0	0	2373	2851	13	304	-1	
3	1	363	1	0	0	2373	2851	13	304	-1	
4	1	363	1	1	0	2373	2851	13	304	-1	
5	1	363	1	1	1	2373	2851	13	304	95.000000	 
2	1	364	0	0	0	2375	2883	9	273	-1	
3	1	364	1	0	0	2375	2883	9	273	-1	
4	1	364	1	1	0	2375	2883	9	273	-1	
5	1	364	1	1	1	2375	2883	9	273	95.000000	 
2	1	365	0	0	0	2462	3015	9	138	-1	
3	1	365	1	0	0	2462	3015	9	138	-1	
4	1	365	1	1	0	2462	3015	9	138	-1	
5	1	365	1	1	1	2462	3015	9	138	95.000000	 
2	1	366	0	0	0	2059	3066	4	68	-1	
3	1	366	1	0	0	2059	3066	4	68	-1	
4	1	366	1	1	0	2059	3066	4	68	-1	
5	1	366	1	1	1	2059	3066	4	68	95.000000	 
2	1	367	0	0	0	2060	3066	3	77	-1	
3	1	367	1	0	0	2060	3066	3	77	-1	
4	1	367	1	1	0	2060	3066	3	77	-1	
5	1	367	1	1	1	2060	3066	3	77	95.000000	 
2	1	368	0	0	0	2176	3098	4	41	-1	
3	1	368	1	0	0	2176	3098	4	41	-1	
4	1	368	1	1	0	2176	3098	4	41	-1	
5	1	368	1	1	1	2176	3098	4	41	95.000000	 
2	1	369	0	0	0	2178	3098	2	46	-1	
3	1	369	1	0	0	2178	3098	2	46	-1	
4	1	369	1	1	0	2178	3098	2	46	-1	
5	1	369	1	1	1	2178	3098	2	46	95.000000	 
2	1	370	0	0	0	2645	3123	1	21	-1	
3	1	370	1	0	0	2645	3123	1	21	-1	
4	1	370	1	1	0	2645	3123	1	21	-1	
5	1	370	1	1	1	2645	3123	1	21	95.000000	 
2	1	371	0	0	0	2654	3124	1	20	-1	
3	1	371	1	0	0	2654	3124	1	20	-1	
4	1	371	1	1	0	2654	3124	1	20	-1	
5	1	371	1	1	1	2654	3124	1	20	95.000000	 
2	1	372	0	0	0	2034	3128	246	6	-1	
3	1	372	1	0	0	2034	3128	246	6	-1	
4	1	372	1	1	0	2034	3128	246	6	-1	
5	1	372	1	1	1	2034	3128	246	6	95.000000	 
2	1	373	0	0	0	2680	3127	1	25	-1	
3	1	373	1	0	0	2680	3127	1	25	-1	
4	1	373	1	1	0	2680	3127	1	25	-1	
5	1	373	1	1	1	2680	3127	1	25	95.000000	 
2	1	374	0	0	0	2034	3128	246	7	-1	
3	1	374	1	0	0	2034	3128	246	7	-1	
4	1	374	1	1	0	2034	3128	246	7	-1	
5	1	374	1	1	1	2034	3128	246	7	95.000000	 
2	1	375	0	0	0	2121	3129	159	7	-1	
3	1	375	1	0	0	2121	3129	159	7	-1	
4	1	375	1	1	0	2121	3129	159	7	-1	
5	1	375	1	1	1	2121	3129	159	7	95.000000	 
2	1	376	0	0	0	2273	3126	1	18	-1	
3	1	376	1	0	0	2273	3126	1	18	-1	
4	1	376	1	1	0	2273	3126	1	18	-1	
5	1	376	1	1	1	2273	3126	1	18	95.000000	 
2	1	377	0	0	0	2459	3137	28	1	-1	
3	1	377	1	0	0	2459	3137	28	1	-1	
4	1	377	1	1	0	2459	3137	28	1	-1	
5	1	377	1	1	1	2459	3137	28	1	95.000000	 
2	1	378	0	0	0	2635	3137	84	8	-1	
3	1	378	1	0	0	2635	3137	84	8	-1	
4	1	378	1	1	0	2635	3137	84	8	-1	
5	1	378	1	1	1	2635	3137	84	8	95.000000	 
2	1	379	0	0	0	2638	3139	81	5	-1	
3	1	379	1	0	0	2638	3139	81	5	-1	
4	1	379	1	1	0	2638	3139	81	5	-1	
5	1	379	1	1	1	2638	3139	81	5	95.000000	 
2	1	380	0	0	0	2638	3138	83	7	-1	
3	1	380	1	0	0	2638	3138	83	7	-1	
4	1	380	1	1	0	2638	3138	83	7	-1	
5	1	380	1	1	1	2638	3138	83	7	95.000000	 
2	1	381	0	0	0	2034	3128	354	14	-1	
3	1	381	1	0	0	2034	3128	354	14	-1	
4	1	381	1	1	0	2034	3128	354	14	-1	
5	1	381	1	1	1	2034	3128	354	14	95.000000	 
2	1	382	0	0	0	2034	3128	354	14	-1	
3	1	382	1	0	0	2034	3128	354	14	-1	
4	1	382	1	1	0	2034	3128	354	14	-1	
5	1	382	1	1	1	2034	3128	354	14	95.000000	 
2	1	383	0	0	0	2638	3141	81	2	-1	
3	1	383	1	0	0	2638	3141	81	2	-1	
4	1	383	1	1	0	2638	3141	81	2	-1	
5	1	383	1	1	1	2638	3141	81	2	95.000000	 
2	1	384	0	0	0	2646	3131	3	25	-1	
3	1	384	1	0	0	2646	3131	3	25	-1	
4	1	384	1	1	0	2646	3131	3	25	-1	
5	1	384	1	1	1	2646	3131	3	25	95.000000	 
2	1	385	0	0	0	2648	3127	3	34	-1	
3	1	385	1	0	0	2648	3127	3	34	-1	
4	1	385	1	1	0	2648	3127	3	34	-1	
5	1	385	1	1	1	2648	3127	3	34	95.000000	 
2	1	386	0	0	0	2093	3135	295	9	-1	
3	1	386	1	0	0	2093	3135	295	9	-1	
4	1	386	1	1	0	2093	3135	295	9	-1	
5	1	386	1	1	1	2093	3135	295	9	95.000000	 
2	1	387	0	0	0	2635	3143	67	6	-1	
3	1	387	1	0	0	2635	3143	67	6	-1	
4	1	387	1	1	0	2635	3143	67	6	-1	
5	1	387	1	1	1	2635	3143	67	6	95.000000	 
2	1	388	0	0	0	2093	3135	295	11	-1	
3	1	388	1	0	0	2093	3135	295	11	-1	
4	1	388	1	1	0	2093	3135	295	11	-1	
5	1	388	1	1	1	2093	3135	295	11	95.000000	 
2	1	389	0	0	0	2632	3145	70	4	-1	
3	1	389	1	0	0	2632	3145	70	4	-1	
4	1	389	1	1	0	2632	3145	70	4	-1	
5	1	389	1	1	1	2632	3145	70	4	95.000000	 
2	1	390	0	0	0	2639	3145	63	4	-1	
3	1	390	1	0	0	2639	3145	63	4	-1	
4	1	390	1	1	0	2639	3145	63	4	-1	
5	1	390	1	1	1	2639	3145	63	4	95.000000	 
2	1	391	0	0	0	2278	3133	1	17	-1	
3	1	391	1	0	0	2278	3133	1	17	-1	
4	1	391	1	1	0	2278	3133	1	17	-1	
5	1	391	1	1	1	2278	3133	1	17	95.000000	 
2	1	392	0	0	0	2698	3139	3	20	-1	
3	1	392	1	0	0	2698	3139	3	20	-1	
4	1	392	1	1	0	2698	3139	3	20	-1	
5	1	392	1	1	1	2698	3139	3	20	95.000000	 
2	1	393	0	0	0	2093	3139	292	9	-1	
3	1	393	1	0	0	2093	3139	292	9	-1	
4	1	393	1	1	0	2093	3139	292	9	-1	
5	1	393	1	1	1	2093	3139	292	9	95.000000	 
2	1	394	0	0	0	2093	3138	292	10	-1	
3	1	394	1	0	0	2093	3138	292	10	-1	
4	1	394	1	1	0	2093	3138	292	10	-1	
5	1	394	1	1	1	2093	3138	292	10	95.000000	 
2	1	395	0	0	0	2639	3148	63	4	-1	
3	1	395	1	0	0	2639	3148	63	4	-1	
4	1	395	1	1	0	2639	3148	63	4	-1	
5	1	395	1	1	1	2639	3148	63	4	95.000000	 
2	1	396	0	0	0	2093	3141	292	9	-1	
3	1	396	1	0	0	2093	3141	292	9	-1	
4	1	396	1	1	0	2093	3141	292	9	-1	
5	1	396	1	1	1	2093	3141	292	9	95.000000	 
2	1	397	0	0	0	2085	3142	300	10	-1	
3	1	397	1	0	0	2085	3142	300	10	-1	
4	1	397	1	1	0	2085	3142	300	10	-1	
5	1	397	1	1	1	2085	3142	300	10	95.000000	 
2	1	398	0	0	0	2634	3155	23	1	-1	
3	1	398	1	0	0	2634	3155	23	1	-1	
4	1	398	1	1	0	2634	3155	23	1	-1	
5	1	398	1	1	1	2634	3155	23	1	95.000000	 
2	1	399	0	0	0	2639	3157	28	1	-1	
3	1	399	1	0	0	2639	3157	28	1	-1	
4	1	399	1	1	0	2639	3157	28	1	-1	
5	1	399	1	1	1	2639	3157	28	1	95.000000	 
2	1	400	0	0	0	2319	2796	8	368	-1	
3	1	400	1	0	0	2319	2796	8	368	-1	
4	1	400	1	1	0	2319	2796	8	368	-1	
5	1	400	1	1	1	2319	2796	8	368	95.000000	 
2	1	401	0	0	0	2370	2841	7	316	-1	
3	1	401	1	0	0	2370	2841	7	316	-1	
4	1	401	1	1	0	2370	2841	7	316	-1	
5	1	401	1	1	1	2370	2841	7	316	95.000000	 
2	1	402	0	0	0	2373	2851	13	311	-1	
3	1	402	1	0	0	2373	2851	13	311	-1	
4	1	402	1	1	0	2373	2851	13	311	-1	
5	1	402	1	1	1	2373	2851	13	311	95.000000	 
2	1	403	0	0	0	2462	3015	4	161	-1	
3	1	403	1	0	0	2462	3015	4	161	-1	
4	1	403	1	1	0	2462	3015	4	161	-1	
5	1	403	1	1	1	2462	3015	4	161	95.000000	 
2	1	404	0	0	0	2103	3077	5	80	-1	
3	1	404	1	0	0	2103	3077	5	80	-1	
4	1	404	1	1	0	2103	3077	5	80	-1	
5	1	404	1	1	1	2103	3077	5	80	95.000000	 
2	1	405	0	0	0	2098	3079	11	78	-1	
3	1	405	1	0	0	2098	3079	11	78	-1	
4	1	405	1	1	0	2098	3079	11	78	-1	
5	1	405	1	1	1	2098	3079	11	78	95.000000	 
2	1	406	0	0	0	2100	3085	9	72	-1	
3	1	406	1	0	0	2100	3085	9	72	-1	
4	1	406	1	1	0	2100	3085	9	72	-1	
5	1	406	1	1	1	2100	3085	9	72	95.000000	 
2	1	407	0	0	0	2101	3085	9	72	-1	
3	1	407	1	0	0	2101	3085	9	72	-1	
4	1	407	1	1	0	2101	3085	9	72	-1	
5	1	407	1	1	1	2101	3085	9	72	95.000000	 
2	1	408	0	0	0	2097	3085	5	82	-1	
3	1	408	1	0	0	2097	3085	5	82	-1	
4	1	408	1	1	0	2097	3085	5	82	-1	
5	1	408	1	1	1	2097	3085	5	82	95.000000	 
2	1	409	0	0	0	2192	3103	2	59	-1	
3	1	409	1	0	0	2192	3103	2	59	-1	
4	1	409	1	1	0	2192	3103	2	59	-1	
5	1	409	1	1	1	2192	3103	2	59	95.000000	 
2	1	410	0	0	0	2192	3103	4	59	-1	
3	1	410	1	0	0	2192	3103	4	59	-1	
4	1	410	1	1	0	2192	3103	4	59	-1	
5	1	410	1	1	1	2192	3103	4	59	95.000000	 
2	1	411	0	0	0	2206	3108	2	54	-1	
3	1	411	1	0	0	2206	3108	2	54	-1	
4	1	411	1	1	0	2206	3108	2	54	-1	
5	1	411	1	1	1	2206	3108	2	54	95.000000	 
2	1	412	0	0	0	2745	3142	370	292	-1	
3	1	412	1	0	0	2751	3142	364	186	-1	
4	1	412	1	1	0	2751	3142	364	44	-1	
5	1	412	1	1	1	2751	3142	51	32	46.396938	[μ.μ.
5	1	412	1	1	2	2819	3153	47	19	83.885651	Στά
5	1	412	1	1	3	2881	3155	53	22	93.294678	Δημ.
5	1	412	1	1	4	2957	3156	93	24	92.485085	Ταμεῖα,
5	1	412	1	1	5	3071	3154	44	32	96.493744	στίς
4	1	412	1	2	0	2751	3177	363	40	-1	
5	1	412	1	2	1	2751	3177	56	29	0.000000	{δὶκ.
5	1	412	1	2	2	2822	3189	98	24	80.279709	Ἐφορίες
5	1	412	1	2	3	2947	3192	37	18	31.550705	καὶ
5	1	412	1	2	4	2999	3193	39	18	91.785912	στό
5	1	412	1	2	5	3061	3194	53	23	35.799316	Τρα-
4	1	412	1	3	0	2758	3224	356	29	-1	
5	1	412	1	3	1	2758	3224	50	22	89.509232	φεῖο
5	1	412	1	3	2	2829	3225	177	25	78.521721	Συγκοινωνιῶν,
5	1	412	1	3	3	3023	3229	43	19	94.269684	ἀπό
5	1	412	1	3	4	3082	3230	32	23	96.998428	τίς
4	1	412	1	4	0	2755	3259	357	29	-1	
5	1	412	1	4	1	2755	3259	43	18	89.182671	δ.00
5	1	412	1	4	2	2812	3265	41	17	15.580048	μ.μ.
5	1	412	1	4	3	2871	3255	59	37	15.580048	μέχρι
5	1	412	1	4	4	2949	3263	41	19	90.100868	1.00
5	1	412	1	4	5	3004	3269	43	18	50.701027	μ.μ.
5	1	412	1	4	6	3061	3265	51	23	93.154503	ὅλες
4	1	412	1	5	0	2756	3294	224	34	-1	
5	1	412	1	5	1	2756	3294	30	23	93.297783	τίς
5	1	412	1	5	2	2800	3295	86	24	92.336639	ἡμέρες.
5	1	412	1	5	3	2978	3326	2	2	0.000000	'
3	1	412	2	0	0	2755	3336	355	63	-1	
4	1	412	2	1	0	2779	3336	331	30	-1	
5	1	412	2	1	1	2779	3336	50	23	85.378578	Στίς
5	1	412	2	1	2	2843	3337	115	25	42.754711	ὑἠπόλοιπες
5	1	412	2	1	3	2983	3341	127	25	91.772400	Ὑπηρεσίες
4	1	412	2	2	0	2755	3371	354	28	-1	
5	1	412	2	2	1	2755	3371	36	18	7.055435	Ἆαί
5	1	412	2	2	2	2806	3372	91	24	94.653908	Δήμους:
5	1	412	2	2	3	2917	3374	43	25	46.314411	ἀπό
5	1	412	2	2	4	2974	3375	30	24	90.868637	τίς
5	1	412	2	2	5	3023	3377	53	19	71.972099	19.00
5	1	412	2	2	6	3089	3383	20	14	76.284676	π,
3	1	412	3	0	0	2745	3407	216	27	-1	
4	1	412	3	1	0	2745	3407	216	27	-1	
5	1	412	3	1	1	2745	3411	28	19	8.111610	ἶμ,
5	1	412	3	1	2	2788	3407	64	24	73.930161	µέχρι
5	1	412	3	1	3	2865	3409	42	19	88.979836	1.00
5	1	412	3	1	4	2919	3415	42	19	36.903458	μ.μ.
2	1	413	0	0	0	2092	3124	3	49	-1	
3	1	413	1	0	0	2092	3124	3	49	-1	
4	1	413	1	1	0	2092	3124	3	49	-1	
5	1	413	1	1	1	2092	3124	3	49	95.000000	 
2	1	414	0	0	0	2252	3139	3	24	-1	
3	1	414	1	0	0	2252	3139	3	24	-1	
4	1	414	1	1	0	2252	3139	3	24	-1	
5	1	414	1	1	1	2252	3139	3	24	95.000000	 
2	1	415	0	0	0	2095	3149	167	8	-1	
3	1	415	1	0	0	2095	3149	167	8	-1	
4	1	415	1	1	0	2095	3149	167	8	-1	
5	1	415	1	1	1	2095	3149	167	8	95.000000	 
2	1	416	0	0	0	2095	3152	176	5	-1	
3	1	416	1	0	0	2095	3152	176	5	-1	
4	1	416	1	1	0	2095	3152	176	5	-1	
5	1	416	1	1	1	2095	3152	176	5	95.000000	 
2	1	417	0	0	0	2587	3158	89	8	-1	
3	1	417	1	0	0	2587	3158	89	8	-1	
4	1	417	1	1	0	2587	3158	89	8	-1	
5	1	417	1	1	1	2587	3158	89	8	95.000000	 
2	1	418	0	0	0	2620	3154	1	18	-1	
3	1	418	1	0	0	2620	3154	1	18	-1	
4	1	418	1	1	0	2620	3154	1	18	-1	
5	1	418	1	1	1	2620	3154	1	18	95.000000	 
2	1	419	0	0	0	2458	3162	180	7	-1	
3	1	419	1	0	0	2458	3162	180	7	-1	
4	1	419	1	1	0	2458	3162	180	7	-1	
5	1	419	1	1	1	2458	3162	180	7	95.000000	 
2	1	420	0	0	0	2458	3162	180	7	-1	
3	1	420	1	0	0	2458	3162	180	7	-1	
4	1	420	1	1	0	2458	3162	180	7	-1	
5	1	420	1	1	1	2458	3162	180	7	95.000000	 
2	1	421	0	0	0	2670	3159	1	18	-1	
3	1	421	1	0	0	2670	3159	1	18	-1	
4	1	421	1	1	0	2670	3159	1	18	-1	
5	1	421	1	1	1	2670	3159	1	18	95.000000	 
2	1	422	0	0	0	2458	3162	221	11	-1	
3	1	422	1	0	0	2458	3162	221	11	-1	
4	1	422	1	1	0	2458	3162	221	11	-1	
5	1	422	1	1	1	2458	3162	221	11	95.000000	 
2	1	423	0	0	0	2592	3159	1	17	-1	
3	1	423	1	0	0	2592	3159	1	17	-1	
4	1	423	1	1	0	2592	3159	1	17	-1	
5	1	423	1	1	1	2592	3159	1	17	95.000000	 
2	1	424	0	0	0	2597	3156	1	23	-1	
3	1	424	1	0	0	2597	3156	1	23	-1	
4	1	424	1	1	0	2597	3156	1	23	-1	
5	1	424	1	1	1	2597	3156	1	23	95.000000	 
2	1	425	0	0	0	2093	3165	17	1	-1	
3	1	425	1	0	0	2093	3165	17	1	-1	
4	1	425	1	1	0	2093	3165	17	1	-1	
5	1	425	1	1	1	2093	3165	17	1	95.000000	 
2	1	426	0	0	0	2449	3171	47	4	-1	
3	1	426	1	0	0	2449	3171	47	4	-1	
4	1	426	1	1	0	2449	3171	47	4	-1	
5	1	426	1	1	1	2449	3171	47	4	95.000000	 
2	1	427	0	0	0	2222	3171	18	1	-1	
3	1	427	1	0	0	2222	3171	18	1	-1	
4	1	427	1	1	0	2222	3171	18	1	-1	
5	1	427	1	1	1	2222	3171	18	1	95.000000	 
2	1	428	0	0	0	2390	3176	171	4	-1	
3	1	428	1	0	0	2390	3176	171	4	-1	
4	1	428	1	1	0	2390	3176	171	4	-1	
5	1	428	1	1	1	2390	3176	171	4	95.000000	 
2	1	429	0	0	0	2379	3019	6	172	-1	
3	1	429	1	0	0	2379	3019	6	172	-1	
4	1	429	1	1	0	2379	3019	6	172	-1	
5	1	429	1	1	1	2379	3019	6	172	95.000000	 
2	1	430	0	0	0	2381	3021	6	170	-1	
3	1	430	1	0	0	2381	3021	6	170	-1	
4	1	430	1	1	0	2381	3021	6	170	-1	
5	1	430	1	1	1	2381	3021	6	170	95.000000	 
2	1	431	0	0	0	2099	3085	4	103	-1	
3	1	431	1	0	0	2099	3085	4	103	-1	
4	1	431	1	1	0	2099	3085	4	103	-1	
5	1	431	1	1	1	2099	3085	4	103	95.000000	 
2	1	432	0	0	0	2195	3112	4	68	-1	
3	1	432	1	0	0	2195	3112	4	68	-1	
4	1	432	1	1	0	2195	3112	4	68	-1	
5	1	432	1	1	1	2195	3112	4	68	95.000000	 
2	1	433	0	0	0	2477	3114	4	74	-1	
3	1	433	1	0	0	2477	3114	4	74	-1	
4	1	433	1	1	0	2477	3114	4	74	-1	
5	1	433	1	1	1	2477	3114	4	74	95.000000	 
2	1	434	0	0	0	2198	3105	4	85	-1	
3	1	434	1	0	0	2198	3105	4	85	-1	
4	1	434	1	1	0	2198	3105	4	85	-1	
5	1	434	1	1	1	2198	3105	4	85	95.000000	 
2	1	435	0	0	0	2198	3105	6	87	-1	
3	1	435	1	0	0	2198	3105	6	87	-1	
4	1	435	1	1	0	2198	3105	6	87	-1	
5	1	435	1	1	1	2198	3105	6	87	95.000000	 
2	1	436	0	0	0	2201	3105	2	87	-1	
3	1	436	1	0	0	2201	3105	2	87	-1	
4	1	436	1	1	0	2201	3105	2	87	-1	
5	1	436	1	1	1	2201	3105	2	87	95.000000	 
2	1	437	0	0	0	2268	3126	4	54	-1	
3	1	437	1	0	0	2268	3126	4	54	-1	
4	1	437	1	1	0	2268	3126	4	54	-1	
5	1	437	1	1	1	2268	3126	4	54	95.000000	 
2	1	438	0	0	0	2196	3112	2	80	-1	
3	1	438	1	0	0	2196	3112	2	80	-1	
4	1	438	1	1	0	2196	3112	2	80	-1	
5	1	438	1	1	1	2196	3112	2	80	95.000000	 
2	1	439	0	0	0	2232	3117	2	71	-1	
3	1	439	1	0	0	2232	3117	2	71	-1	
4	1	439	1	1	0	2232	3117	2	71	-1	
5	1	439	1	1	1	2232	3117	2	71	95.000000	 
2	1	440	0	0	0	2483	3113	4	89	-1	
3	1	440	1	0	0	2483	3113	4	89	-1	
4	1	440	1	1	0	2483	3113	4	89	-1	
5	1	440	1	1	1	2483	3113	4	89	95.000000	 
2	1	441	0	0	0	2686	3122	2	80	-1	
3	1	441	1	0	0	2686	3122	2	80	-1	
4	1	441	1	1	0	2686	3122	2	80	-1	
5	1	441	1	1	1	2686	3122	2	80	95.000000	 
2	1	442	0	0	0	2221	3123	4	63	-1	
3	1	442	1	0	0	2221	3123	4	63	-1	
4	1	442	1	1	0	2221	3123	4	63	-1	
5	1	442	1	1	1	2221	3123	4	63	95.000000	 
2	1	443	0	0	0	2672	3134	2	58	-1	
3	1	443	1	0	0	2672	3134	2	58	-1	
4	1	443	1	1	0	2672	3134	2	58	-1	
5	1	443	1	1	1	2672	3134	2	58	95.000000	 
2	1	444	0	0	0	2230	3133	5	55	-1	
3	1	444	1	0	0	2230	3133	5	55	-1	
4	1	444	1	1	0	2230	3133	5	55	-1	
5	1	444	1	1	1	2230	3133	5	55	95.000000	 
2	1	445	0	0	0	2684	3136	4	66	-1	
3	1	445	1	0	0	2684	3136	4	66	-1	
4	1	445	1	1	0	2684	3136	4	66	-1	
5	1	445	1	1	1	2684	3136	4	66	95.000000	 
2	1	446	0	0	0	2227	3131	4	62	-1	
3	1	446	1	0	0	2227	3131	4	62	-1	
4	1	446	1	1	0	2227	3131	4	62	-1	
5	1	446	1	1	1	2227	3131	4	62	95.000000	 
2	1	447	0	0	0	2289	3160	1	18	-1	
3	1	447	1	0	0	2289	3160	1	18	-1	
4	1	447	1	1	0	2289	3160	1	18	-1	
5	1	447	1	1	1	2289	3160	1	18	95.000000	 
2	1	448	0	0	0	2594	3165	1	19	-1	
3	1	448	1	0	0	2594	3165	1	19	-1	
4	1	448	1	1	0	2594	3165	1	19	-1	
5	1	448	1	1	1	2594	3165	1	19	95.000000	 
2	1	449	0	0	0	2210	3148	5	44	-1	
3	1	449	1	0	0	2210	3148	5	44	-1	
4	1	449	1	1	0	2210	3148	5	44	-1	
5	1	449	1	1	1	2210	3148	5	44	95.000000	 
2	1	450	0	0	0	2516	3163	1	24	-1	
3	1	450	1	0	0	2516	3163	1	24	-1	
4	1	450	1	1	0	2516	3163	1	24	-1	
5	1	450	1	1	1	2516	3163	1	24	95.000000	 
2	1	451	0	0	0	2542	3167	1	17	-1	
3	1	451	1	0	0	2542	3167	1	17	-1	
4	1	451	1	1	0	2542	3167	1	17	-1	
5	1	451	1	1	1	2542	3167	1	17	95.000000	 
2	1	452	0	0	0	2390	3176	164	7	-1	
3	1	452	1	0	0	2390	3176	164	7	-1	
4	1	452	1	1	0	2390	3176	164	7	-1	
5	1	452	1	1	1	2390	3176	164	7	95.000000	 
2	1	453	0	0	0	2390	3177	164	6	-1	
3	1	453	1	0	0	2390	3177	164	6	-1	
4	1	453	1	1	0	2390	3177	164	6	-1	
5	1	453	1	1	1	2390	3177	164	6	95.000000	 
2	1	454	0	0	0	2556	3172	1	19	-1	
3	1	454	1	0	0	2556	3172	1	19	-1	
4	1	454	1	1	0	2556	3172	1	19	-1	
5	1	454	1	1	1	2556	3172	1	19	95.000000	 
2	1	455	0	0	0	2599	3175	1	18	-1	
3	1	455	1	0	0	2599	3175	1	18	-1	
4	1	455	1	1	0	2599	3175	1	18	-1	
5	1	455	1	1	1	2599	3175	1	18	95.000000	 
2	1	456	0	0	0	2632	3164	4	41	-1	
3	1	456	1	0	0	2632	3164	4	41	-1	
4	1	456	1	1	0	2632	3164	4	41	-1	
5	1	456	1	1	1	2632	3164	4	41	95.000000	 
2	1	457	0	0	0	2398	3173	1	18	-1	
3	1	457	1	0	0	2398	3173	1	18	-1	
4	1	457	1	1	0	2398	3173	1	18	-1	
5	1	457	1	1	1	2398	3173	1	18	95.000000	 
2	1	458	0	0	0	2391	3173	1	23	-1	
3	1	458	1	0	0	2391	3173	1	23	-1	
4	1	458	1	1	0	2391	3173	1	23	-1	
5	1	458	1	1	1	2391	3173	1	23	95.000000	 
2	1	459	0	0	0	2539	3178	1	17	-1	
3	1	459	1	0	0	2539	3178	1	17	-1	
4	1	459	1	1	0	2539	3178	1	17	-1	
5	1	459	1	1	1	2539	3178	1	17	95.000000	 
2	1	460	0	0	0	2151	3181	536	11	-1	
3	1	460	1	0	0	2151	3181	536	11	-1	
4	1	460	1	1	0	2151	3181	536	11	-1	
5	1	460	1	1	1	2151	3181	536	11	95.000000	 
2	1	461	0	0	0	2151	3181	536	11	-1	
3	1	461	1	0	0	2151	3181	536	11	-1	
4	1	461	1	1	0	2151	3181	536	11	-1	
5	1	461	1	1	1	2151	3181	536	11	95.000000	 
2	1	462	0	0	0	2151	3180	536	12	-1	
3	1	462	1	0	0	2151	3180	536	12	-1	
4	1	462	1	1	0	2151	3180	536	12	-1	
5	1	462	1	1	1	2151	3180	536	12	95.000000	 
2	1	463	0	0	0	2151	3180	536	12	-1	
3	1	463	1	0	0	2151	3180	536	12	-1	
4	1	463	1	1	0	2151	3180	536	12	-1	
5	1	463	1	1	1	2151	3180	536	12	95.000000	 
2	1	464	0	0	0	2146	3181	541	14	-1	
3	1	464	1	0	0	2146	3181	541	14	-1	
4	1	464	1	1	0	2146	3181	541	14	-1	
5	1	464	1	1	1	2146	3181	541	14	95.000000	 
2	1	465	0	0	0	2033	3178	654	20	-1	
3	1	465	1	0	0	2033	3178	654	20	-1	
4	1	465	1	1	0	2033	3178	654	20	-1	
5	1	465	1	1	1	2033	3178	654	20	95.000000	 
2	1	466	0	0	0	2049	3175	638	31	-1	
3	1	466	1	0	0	2049	3175	638	31	-1	
4	1	466	1	1	0	2049	3175	638	31	-1	
5	1	466	1	1	1	2049	3175	638	31	95.000000	 
2	1	467	0	0	0	2033	3188	235	6	-1	
3	1	467	1	0	0	2033	3188	235	6	-1	
4	1	467	1	1	0	2033	3188	235	6	-1	
5	1	467	1	1	1	2033	3188	235	6	95.000000	 
2	1	468	0	0	0	2030	3193	141	4	-1	
3	1	468	1	0	0	2030	3193	141	4	-1	
4	1	468	1	1	0	2030	3193	141	4	-1	
5	1	468	1	1	1	2030	3193	141	4	95.000000	 
2	1	469	0	0	0	2045	2834	10	368	-1	
3	1	469	1	0	0	2045	2834	10	368	-1	
4	1	469	1	1	0	2045	2834	10	368	-1	
5	1	469	1	1	1	2045	2834	10	368	95.000000	 
2	1	470	0	0	0	2042	2851	12	351	-1	
3	1	470	1	0	0	2042	2851	12	351	-1	
4	1	470	1	1	0	2042	2851	12	351	-1	
5	1	470	1	1	1	2042	2851	12	351	95.000000	 
2	1	471	0	0	0	2042	2851	12	351	-1	
3	1	471	1	0	0	2042	2851	12	351	-1	
4	1	471	1	1	0	2042	2851	12	351	-1	
5	1	471	1	1	1	2042	2851	12	351	95.000000	 
2	1	472	0	0	0	2042	2851	13	351	-1	
3	1	472	1	0	0	2042	2851	13	351	-1	
4	1	472	1	1	0	2042	2851	13	351	-1	
5	1	472	1	1	1	2042	2851	13	351	95.000000	 
2	1	473	0	0	0	2043	2851	9	353	-1	
3	1	473	1	0	0	2043	2851	9	353	-1	
4	1	473	1	1	0	2043	2851	9	353	-1	
5	1	473	1	1	1	2043	2851	9	353	95.000000	 
2	1	474	0	0	0	2038	2893	8	311	-1	
3	1	474	1	0	0	2038	2893	8	311	-1	
4	1	474	1	1	0	2038	2893	8	311	-1	
5	1	474	1	1	1	2038	2893	8	311	95.000000	 
2	1	475	0	0	0	2059	3064	14	146	-1	
3	1	475	1	0	0	2059	3064	14	146	-1	
4	1	475	1	1	0	2059	3064	14	146	-1	
5	1	475	1	1	1	2059	3064	14	146	95.000000	 
2	1	476	0	0	0	2059	3066	13	144	-1	
3	1	476	1	0	0	2059	3066	13	144	-1	
4	1	476	1	1	0	2059	3066	13	144	-1	
5	1	476	1	1	1	2059	3066	13	144	95.000000	 
2	1	477	0	0	0	2061	3066	9	144	-1	
3	1	477	1	0	0	2061	3066	9	144	-1	
4	1	477	1	1	0	2061	3066	9	144	-1	
5	1	477	1	1	1	2061	3066	9	144	95.000000	 
2	1	478	0	0	0	2051	3073	5	137	-1	
3	1	478	1	0	0	2051	3073	5	137	-1	
4	1	478	1	1	0	2051	3073	5	137	-1	
5	1	478	1	1	1	2051	3073	5	137	95.000000	 
2	1	479	0	0	0	2051	3073	5	137	-1	
3	1	479	1	0	0	2051	3073	5	137	-1	
4	1	479	1	1	0	2051	3073	5	137	-1	
5	1	479	1	1	1	2051	3073	5	137	95.000000	 
2	1	480	0	0	0	2051	3073	5	137	-1	
3	1	480	1	0	0	2051	3073	5	137	-1	
4	1	480	1	1	0	2051	3073	5	137	-1	
5	1	480	1	1	1	2051	3073	5	137	95.000000	 
2	1	481	0	0	0	2132	3085	11	119	-1	
3	1	481	1	0	0	2132	3085	11	119	-1	
4	1	481	1	1	0	2132	3085	11	119	-1	
5	1	481	1	1	1	2132	3085	11	119	95.000000	 
2	1	482	0	0	0	2154	3092	4	108	-1	
3	1	482	1	0	0	2154	3092	4	108	-1	
4	1	482	1	1	0	2154	3092	4	108	-1	
5	1	482	1	1	1	2154	3092	4	108	95.000000	 
2	1	483	0	0	0	2155	3092	4	108	-1	
3	1	483	1	0	0	2155	3092	4	108	-1	
4	1	483	1	1	0	2155	3092	4	108	-1	
5	1	483	1	1	1	2155	3092	4	108	95.000000	 
2	1	484	0	0	0	2139	3087	3	117	-1	
3	1	484	1	0	0	2139	3087	3	117	-1	
4	1	484	1	1	0	2139	3087	3	117	-1	
5	1	484	1	1	1	2139	3087	3	117	95.000000	 
2	1	485	0	0	0	2139	3087	3	117	-1	
3	1	485	1	0	0	2139	3087	3	117	-1	
4	1	485	1	1	0	2139	3087	3	117	-1	
5	1	485	1	1	1	2139	3087	3	117	95.000000	 
2	1	486	0	0	0	2139	3088	5	116	-1	
3	1	486	1	0	0	2139	3088	5	116	-1	
4	1	486	1	1	0	2139	3088	5	116	-1	
5	1	486	1	1	1	2139	3088	5	116	95.000000	 
2	1	487	0	0	0	2139	3087	5	117	-1	
3	1	487	1	0	0	2139	3087	5	117	-1	
4	1	487	1	1	0	2139	3087	5	117	-1	
5	1	487	1	1	1	2139	3087	5	117	95.000000	 
2	1	488	0	0	0	2139	3087	6	118	-1	
3	1	488	1	0	0	2139	3087	6	118	-1	
4	1	488	1	1	0	2139	3087	6	118	-1	
5	1	488	1	1	1	2139	3087	6	118	95.000000	 
2	1	489	0	0	0	2164	3095	3	107	-1	
3	1	489	1	0	0	2164	3095	3	107	-1	
4	1	489	1	1	0	2164	3095	3	107	-1	
5	1	489	1	1	1	2164	3095	3	107	95.000000	 
2	1	490	0	0	0	2167	3095	4	107	-1	
3	1	490	1	0	0	2167	3095	4	107	-1	
4	1	490	1	1	0	2167	3095	4	107	-1	
5	1	490	1	1	1	2167	3095	4	107	95.000000	 
2	1	491	0	0	0	2141	3088	10	124	-1	
3	1	491	1	0	0	2141	3088	10	124	-1	
4	1	491	1	1	0	2141	3088	10	124	-1	
5	1	491	1	1	1	2141	3088	10	124	95.000000	 
2	1	492	0	0	0	2161	3098	4	104	-1	
3	1	492	1	0	0	2161	3098	4	104	-1	
4	1	492	1	1	0	2161	3098	4	104	-1	
5	1	492	1	1	1	2161	3098	4	104	95.000000	 
2	1	493	0	0	0	2037	3094	6	110	-1	
3	1	493	1	0	0	2037	3094	6	110	-1	
4	1	493	1	1	0	2037	3094	6	110	-1	
5	1	493	1	1	1	2037	3094	6	110	95.000000	 
2	1	494	0	0	0	2124	3084	7	132	-1	
3	1	494	1	0	0	2124	3084	7	132	-1	
4	1	494	1	1	0	2124	3084	7	132	-1	
5	1	494	1	1	1	2124	3084	7	132	95.000000	 
2	1	495	0	0	0	2216	3110	6	90	-1	
3	1	495	1	0	0	2216	3110	6	90	-1	
4	1	495	1	1	0	2216	3110	6	90	-1	
5	1	495	1	1	1	2216	3110	6	90	95.000000	 
2	1	496	0	0	0	2217	3117	3	83	-1	
3	1	496	1	0	0	2217	3117	3	83	-1	
4	1	496	1	1	0	2217	3117	3	83	-1	
5	1	496	1	1	1	2217	3117	3	83	95.000000	 
2	1	497	0	0	0	2147	3111	5	101	-1	
3	1	497	1	0	0	2147	3111	5	101	-1	
4	1	497	1	1	0	2147	3111	5	101	-1	
5	1	497	1	1	1	2147	3111	5	101	95.000000	 
2	1	498	0	0	0	2243	3118	3	90	-1	
3	1	498	1	0	0	2243	3118	3	90	-1	
4	1	498	1	1	0	2243	3118	3	90	-1	
5	1	498	1	1	1	2243	3118	3	90	95.000000	 
2	1	499	0	0	0	2255	3121	4	84	-1	
3	1	499	1	0	0	2255	3121	4	84	-1	
4	1	499	1	1	0	2255	3121	4	84	-1	
5	1	499	1	1	1	2255	3121	4	84	95.000000	 
2	1	500	0	0	0	2262	3123	2	81	-1	
3	1	500	1	0	0	2262	3123	2	81	-1	
4	1	500	1	1	0	2262	3123	2	81	-1	
5	1	500	1	1	1	2262	3123	2	81	95.000000	 
2	1	501	0	0	0	2262	3123	2	81	-1	
3	1	501	1	0	0	2262	3123	2	81	-1	
4	1	501	1	1	0	2262	3123	2	81	-1	
5	1	501	1	1	1	2262	3123	2	81	95.000000	 
2	1	502	0	0	0	2241	3123	4	85	-1	
3	1	502	1	0	0	2241	3123	4	85	-1	
4	1	502	1	1	0	2241	3123	4	85	-1	
5	1	502	1	1	1	2241	3123	4	85	95.000000	 
2	1	503	0	0	0	2145	3121	4	91	-1	
3	1	503	1	0	0	2145	3121	4	91	-1	
4	1	503	1	1	0	2145	3121	4	91	-1	
5	1	503	1	1	1	2145	3121	4	91	95.000000	 
2	1	504	0	0	0	2235	3125	7	87	-1	
3	1	504	1	0	0	2235	3125	7	87	-1	
4	1	504	1	1	0	2235	3125	7	87	-1	
5	1	504	1	1	1	2235	3125	7	87	95.000000	 
2	1	505	0	0	0	2692	3127	6	100	-1	
3	1	505	1	0	0	2692	3127	6	100	-1	
4	1	505	1	1	0	2692	3127	6	100	-1	
5	1	505	1	1	1	2692	3127	6	100	95.000000	 
2	1	506	0	0	0	2238	3132	7	76	-1	
3	1	506	1	0	0	2238	3132	7	76	-1	
4	1	506	1	1	0	2238	3132	7	76	-1	
5	1	506	1	1	1	2238	3132	7	76	95.000000	 
2	1	507	0	0	0	2247	3127	4	89	-1	
3	1	507	1	0	0	2247	3127	4	89	-1	
4	1	507	1	1	0	2247	3127	4	89	-1	
5	1	507	1	1	1	2247	3127	4	89	95.000000	 
2	1	508	0	0	0	2237	3132	8	85	-1	
3	1	508	1	0	0	2237	3132	8	85	-1	
4	1	508	1	1	0	2237	3132	8	85	-1	
5	1	508	1	1	1	2237	3132	8	85	95.000000	 
2	1	509	0	0	0	2354	3164	3	53	-1	
3	1	509	1	0	0	2354	3164	3	53	-1	
4	1	509	1	1	0	2354	3164	3	53	-1	
5	1	509	1	1	1	2354	3164	3	53	95.000000	 
2	1	510	0	0	0	2492	3180	1	25	-1	
3	1	510	1	0	0	2492	3180	1	25	-1	
4	1	510	1	1	0	2492	3180	1	25	-1	
5	1	510	1	1	1	2492	3180	1	25	95.000000	 
2	1	511	0	0	0	2354	3164	5	55	-1	
3	1	511	1	0	0	2354	3164	5	55	-1	
4	1	511	1	1	0	2354	3164	5	55	-1	
5	1	511	1	1	1	2354	3164	5	55	95.000000	 
2	1	512	0	0	0	2328	3186	115	42	-1	
3	1	512	1	0	0	2328	3186	115	42	-1	
4	1	512	1	1	0	2328	3186	115	42	-1	
5	1	512	1	1	1	2328	3186	115	42	95.000000	  
2	1	513	0	0	0	2049	3188	219	12	-1	
3	1	513	1	0	0	2049	3188	219	12	-1	
4	1	513	1	1	0	2049	3188	219	12	-1	
5	1	513	1	1	1	2049	3188	219	12	95.000000	 
2	1	514	0	0	0	2706	3194	3	20	-1	
3	1	514	1	0	0	2706	3194	3	20	-1	
4	1	514	1	1	0	2706	3194	3	20	-1	
5	1	514	1	1	1	2706	3194	3	20	95.000000	 
2	1	515	0	0	0	2049	3193	122	5	-1	
3	1	515	1	0	0	2049	3193	122	5	-1	
4	1	515	1	1	0	2049	3193	122	5	-1	
5	1	515	1	1	1	2049	3193	122	5	95.000000	 
2	1	516	0	0	0	2045	3194	126	7	-1	
3	1	516	1	0	0	2045	3194	126	7	-1	
4	1	516	1	1	0	2045	3194	126	7	-1	
5	1	516	1	1	1	2045	3194	126	7	95.000000	 
2	1	517	0	0	0	2349	3187	3	33	-1	
3	1	517	1	0	0	2349	3187	3	33	-1	
4	1	517	1	1	0	2349	3187	3	33	-1	
5	1	517	1	1	1	2349	3187	3	33	95.000000	 
2	1	518	0	0	0	2233	3203	119	4	-1	
3	1	518	1	0	0	2233	3203	119	4	-1	
4	1	518	1	1	0	2233	3203	119	4	-1	
5	1	518	1	1	1	2233	3203	119	4	95.000000	 
2	1	519	0	0	0	2124	3199	235	11	-1	
3	1	519	1	0	0	2124	3199	235	11	-1	
4	1	519	1	1	0	2124	3199	235	11	-1	
5	1	519	1	1	1	2124	3199	235	11	95.000000	 
2	1	520	0	0	0	2575	3198	5	25	-1	
3	1	520	1	0	0	2575	3198	5	25	-1	
4	1	520	1	1	0	2575	3198	5	25	-1	
5	1	520	1	1	1	2575	3198	5	25	95.000000	 
2	1	521	0	0	0	2124	3201	228	9	-1	
3	1	521	1	0	0	2124	3201	228	9	-1	
4	1	521	1	1	0	2124	3201	228	9	-1	
5	1	521	1	1	1	2124	3201	228	9	95.000000	 
2	1	522	0	0	0	2342	3198	3	19	-1	
3	1	522	1	0	0	2342	3198	3	19	-1	
4	1	522	1	1	0	2342	3198	3	19	-1	
5	1	522	1	1	1	2342	3198	3	19	95.000000	 
2	1	523	0	0	0	2694	3213	22	1	-1	
3	1	523	1	0	0	2694	3213	22	1	-1	
4	1	523	1	1	0	2694	3213	22	1	-1	
5	1	523	1	1	1	2694	3213	22	1	95.000000	 
2	1	524	0	0	0	2122	3204	236	9	-1	
3	1	524	1	0	0	2122	3204	236	9	-1	
4	1	524	1	1	0	2122	3204	236	9	-1	
5	1	524	1	1	1	2122	3204	236	9	95.000000	 
2	1	525	0	0	0	2564	3215	153	6	-1	
3	1	525	1	0	0	2564	3215	153	6	-1	
4	1	525	1	1	0	2564	3215	153	6	-1	
5	1	525	1	1	1	2564	3215	153	6	95.000000	 
2	1	526	0	0	0	2122	3208	148	6	-1	
3	1	526	1	0	0	2122	3208	148	6	-1	
4	1	526	1	1	0	2122	3208	148	6	-1	
5	1	526	1	1	1	2122	3208	148	6	95.000000	 
2	1	527	0	0	0	2567	3217	150	4	-1	
3	1	527	1	0	0	2567	3217	150	4	-1	
4	1	527	1	1	0	2567	3217	150	4	-1	
5	1	527	1	1	1	2567	3217	150	4	95.000000	 
2	1	528	0	0	0	2563	3218	154	5	-1	
3	1	528	1	0	0	2563	3218	154	5	-1	
4	1	528	1	1	0	2563	3218	154	5	-1	
5	1	528	1	1	1	2563	3218	154	5	95.000000	 
2	1	529	0	0	0	2437	3219	24	2	-1	
3	1	529	1	0	0	2437	3219	24	2	-1	
4	1	529	1	1	0	2437	3219	24	2	-1	
5	1	529	1	1	1	2437	3219	24	2	95.000000	 
2	1	530	0	0	0	2566	3222	66	4	-1	
3	1	530	1	0	0	2566	3222	66	4	-1	
4	1	530	1	1	0	2566	3222	66	4	-1	
5	1	530	1	1	1	2566	3222	66	4	95.000000	 
2	1	531	0	0	0	2036	2851	13	368	-1	
3	1	531	1	0	0	2036	2851	13	368	-1	
4	1	531	1	1	0	2036	2851	13	368	-1	
5	1	531	1	1	1	2036	2851	13	368	95.000000	 
2	1	532	0	0	0	2038	2893	9	326	-1	
3	1	532	1	0	0	2038	2893	9	326	-1	
4	1	532	1	1	0	2038	2893	9	326	-1	
5	1	532	1	1	1	2038	2893	9	326	95.000000	 
2	1	533	0	0	0	2129	3085	6	135	-1	
3	1	533	1	0	0	2129	3085	6	135	-1	
4	1	533	1	1	0	2129	3085	6	135	-1	
5	1	533	1	1	1	2129	3085	6	135	95.000000	 
2	1	534	0	0	0	2137	3087	5	133	-1	
3	1	534	1	0	0	2137	3087	5	133	-1	
4	1	534	1	1	0	2137	3087	5	133	-1	
5	1	534	1	1	1	2137	3087	5	133	95.000000	 
2	1	535	0	0	0	2035	3094	6	125	-1	
3	1	535	1	0	0	2035	3094	6	125	-1	
4	1	535	1	1	0	2035	3094	6	125	-1	
5	1	535	1	1	1	2035	3094	6	125	95.000000	 
2	1	536	0	0	0	2033	3097	5	122	-1	
3	1	536	1	0	0	2033	3097	5	122	-1	
4	1	536	1	1	0	2033	3097	5	122	-1	
5	1	536	1	1	1	2033	3097	5	122	95.000000	 
2	1	537	0	0	0	2637	3138	6	98	-1	
3	1	537	1	0	0	2637	3138	6	98	-1	
4	1	537	1	1	0	2637	3138	6	98	-1	
5	1	537	1	1	1	2637	3138	6	98	95.000000	 
2	1	538	0	0	0	2571	3199	3	29	-1	
3	1	538	1	0	0	2571	3199	3	29	-1	
4	1	538	1	1	0	2571	3199	3	29	-1	
5	1	538	1	1	1	2571	3199	3	29	95.000000	 
2	1	539	0	0	0	2572	3199	6	30	-1	
3	1	539	1	0	0	2572	3199	6	30	-1	
4	1	539	1	1	0	2572	3199	6	30	-1	
5	1	539	1	1	1	2572	3199	6	30	95.000000	 
2	1	540	0	0	0	2569	3199	4	34	-1	
3	1	540	1	0	0	2569	3199	4	34	-1	
4	1	540	1	1	0	2569	3199	4	34	-1	
5	1	540	1	1	1	2569	3199	4	34	95.000000	 
2	1	541	0	0	0	2022	3201	699	229	-1	
3	1	541	1	0	0	2036	3201	454	33	-1	
4	1	541	1	1	0	2036	3201	454	33	-1	
5	1	541	1	1	1	2036	3201	83	19	7.240311	ο.
5	1	541	1	1	2	2200	3214	5	20	0.000000	-
5	1	541	1	1	3	2257	3221	4	5	48.517910	.
5	1	541	1	1	4	2339	3211	151	21	7.694008	απ“.
3	1	541	2	0	0	2022	3239	699	187	-1	
4	1	541	2	1	0	2035	3239	686	35	-1	
5	1	541	2	1	1	2035	3239	38	19	82.984734	το
5	1	541	2	1	2	2087	3241	184	29	86.855293	ΞΕΝΟΔΟΧΕΙΟ
5	1	541	2	1	3	2286	3248	131	22	94.772049	παρουσίασε
5	1	541	2	1	4	2429	3250	70	24	75.650330	ξωηρή
5	1	541	2	1	5	2513	3252	80	22	89.059357	κίνηση
5	1	541	2	1	6	2607	3254	25	18	93.289719	τό
5	1	541	2	1	7	2644	3255	77	19	63.815559	Φθινό-
4	1	541	2	2	0	2025	3283	694	35	-1	
5	1	541	2	2	1	2025	3286	49	18	57.578754	ὠρφ,
5	1	541	2	2	2	2092	3283	58	23	93.298790	χάρη
5	1	541	2	2	3	2165	3286	38	20	73.222580	στή
5	1	541	2	2	4	2219	3287	73	23	96.687340	δωρεά
5	1	541	2	2	5	2306	3289	76	19	78.424377	770.000
5	1	541	2	2	6	2394	3291	48	23	75.100937	δρχ.
5	1	541	2	2	7	2456	3293	37	17	96.469856	τοῦ
5	1	541	2	2	8	2507	3298	20	14	19.295013	κ.
5	1	541	2	2	9	2541	3295	139	23	79.540138	Θεμιστοκλή
5	1	541	2	2	10	2693	3297	26	19	91.040726	Ν.
4	1	541	2	3	0	2166	3321	554	33	-1	
5	1	541	2	3	1	2166	3321	38	22	92.429932	γιά
5	1	541	2	3	2	2218	3322	154	24	73.885162	ἐγκατάσταση
5	1	541	2	3	3	2385	3329	117	22	56.216957	κεντρικῆς
5	1	541	2	3	4	2515	3329	121	25	33.080688	θέρμανσης
5	1	541	2	3	5	2651	3333	37	18	76.715134	χαί
5	1	541	2	3	6	2696	3333	24	19	90.103348	ᾱ-
4	1	541	2	4	0	2024	3354	695	37	-1	
5	1	541	2	4	1	2024	3354	52	22	63.977325	ορᾶς
5	1	541	2	4	2	2091	3357	137	21	91.736641	πετρελαίου.
5	1	541	2	4	3	2250	3359	59	19	30.427979	Ἓνα
5	1	541	2	4	4	2325	3361	98	24	84.747650	ποῦλμαν
5	1	541	2	4	5	2437	3363	67	23	89.585144	ἔφερε
5	1	541	2	4	6	2516	3365	13	17	92.971771	ὁ
5	1	541	2	4	7	2543	3371	20	13	94.431129	κ.
5	1	541	2	4	8	2580	3367	72	24	33.229965	Θάνος
5	1	541	2	4	9	2665	3368	54	20	90.652939	Ντέ-
4	1	541	2	5	0	2022	3389	582	41	-1	
5	1	541	2	5	1	2022	3393	21	18	32.181931	ὃς
5	1	541	2	5	2	2057	3389	36	19	93.770920	καὶ
5	1	541	2	5	3	2107	3390	42	20	66.872040	Ένα
5	1	541	2	5	4	2163	3392	12	18	85.614159	ὁ
5	1	541	2	5	5	2189	3393	171	27	71.838692	Φυσιολατρικός
5	1	541	2	5	6	2371	3397	112	25	95.791504	Σύλλογος
5	1	541	2	5	7	2497	3396	107	34	38.767815	᾽Αττικῆς.
2	1	542	0	0	0	2612	3213	1	17	-1	
3	1	542	1	0	0	2612	3213	1	17	-1	
4	1	542	1	1	0	2612	3213	1	17	-1	
5	1	542	1	1	1	2612	3213	1	17	95.000000	 
2	1	543	0	0	0	2614	3213	1	17	-1	
3	1	543	1	0	0	2614	3213	1	17	-1	
4	1	543	1	1	0	2614	3213	1	17	-1	
5	1	543	1	1	1	2614	3213	1	17	95.000000	 
2	1	544	0	0	0	2710	3207	3	31	-1	
3	1	544	1	0	0	2710	3207	3	31	-1	
4	1	544	1	1	0	2710	3207	3	31	-1	
5	1	544	1	1	1	2710	3207	3	31	95.000000	 
2	1	545	0	0	0	2609	3213	1	17	-1	
3	1	545	1	0	0	2609	3213	1	17	-1	
4	1	545	1	1	0	2609	3213	1	17	-1	
5	1	545	1	1	1	2609	3213	1	17	95.000000	 
2	1	546	0	0	0	2583	3217	1	17	-1	
3	1	546	1	0	0	2583	3217	1	17	-1	
4	1	546	1	1	0	2583	3217	1	17	-1	
5	1	546	1	1	1	2583	3217	1	17	95.000000	 
2	1	547	0	0	0	2747	2776	16	635	-1	
3	1	547	1	0	0	2747	2776	16	635	-1	
4	1	547	1	1	0	2747	2776	16	635	-1	
5	1	547	1	1	1	2747	2776	16	635	95.000000	 
2	1	548	0	0	0	2995	3502	110	10	-1	
3	1	548	1	0	0	2995	3502	110	10	-1	
4	1	548	1	1	0	2995	3502	110	10	-1	
5	1	548	1	1	1	2995	3502	110	10	95.000000	 
2	1	549	0	0	0	3195	3503	64	9	-1	
3	1	549	1	0	0	3195	3503	64	9	-1	
4	1	549	1	1	0	3195	3503	64	9	-1	
5	1	549	1	1	1	3195	3503	64	9	95.000000	 
