level	page_num	block_num	par_num	line_num	word_num	left	top	width	height	conf	text
1	1	0	0	0	0	0	0	2584	3558	-1	
2	1	1	0	0	0	0	32	2565	22	-1	
3	1	1	1	0	0	0	32	2565	22	-1	
4	1	1	1	1	0	0	32	2565	22	-1	
5	1	1	1	1	1	0	32	2565	22	95.000000	 
2	1	2	0	0	0	64	1548	10	121	-1	
3	1	2	1	0	0	64	1548	10	121	-1	
4	1	2	1	1	0	64	1548	10	121	-1	
5	1	2	1	1	1	64	1548	10	121	4.524452	......
2	1	3	0	0	0	156	1801	662	32	-1	
3	1	3	1	0	0	156	1801	662	32	-1	
4	1	3	1	1	0	156	1801	662	32	-1	
5	1	3	1	1	1	156	1801	161	31	0.000000	παράξενο
5	1	3	1	1	2	311	1807	42	18	96.288872	να
5	1	3	1	1	3	359	1801	121	21	96.226387	κλείνουν
5	1	3	1	1	4	487	1807	30	26	95.940422	οι
5	1	3	1	1	5	528	1801	149	32	19.784637	δεξαμενές
5	1	3	1	1	6	688	1809	31	23	92.107697	το
5	1	3	1	1	7	730	1801	88	33	75.446602	πρωῖ..
2	1	4	0	0	0	183	274	2003	298	-1	
3	1	4	1	0	0	183	274	2003	298	-1	
4	1	4	1	1	0	183	274	2003	298	-1	
5	1	4	1	1	1	183	274	2003	298	95.000000	 
2	1	5	0	0	0	277	591	355	52	-1	
3	1	5	1	0	0	277	591	355	52	-1	
4	1	5	1	1	0	277	591	355	19	-1	
5	1	5	1	1	1	277	591	110	18	48.888954	ΝΕΑΡΟΙ
5	1	5	1	1	2	401	591	231	19	40.537743	ΓΕΩΡΥΙΤΣΙΑΝΟΙ
4	1	5	1	2	0	280	620	349	23	-1	
5	1	5	1	2	1	280	620	159	20	25.172180	ΑΣΑΠΗΣΤΕ
5	1	5	1	2	2	452	620	177	23	58.784374	ΦΔΦΡΥΧΑ...,
2	1	6	0	0	0	474	674	390	7	-1	
3	1	6	1	0	0	474	674	390	7	-1	
4	1	6	1	1	0	474	674	390	7	-1	
5	1	6	1	1	1	474	674	390	7	95.000000	 
2	1	7	0	0	0	175	692	697	20	-1	
3	1	7	1	0	0	175	692	697	20	-1	
4	1	7	1	1	0	175	692	697	20	-1	
5	1	7	1	1	1	175	692	92	17	72.344643	ΟΡΓΑΜΟ
5	1	7	1	1	2	290	692	146	19	65.276550	ΣΥΝΔΕΣΕΩΣ
5	1	7	1	1	3	456	693	48	18	90.200279	ΤΩΝ
5	1	7	1	1	4	522	693	150	18	86.162491	ΑΠΑΝΤΑΧΟΥ
5	1	7	1	1	5	695	694	177	18	48.248131	ΓΕΩΡΓΙΤΣΙΑΝΩ
2	1	8	0	0	0	184	733	336	5	-1	
3	1	8	1	0	0	184	733	336	5	-1	
4	1	8	1	1	0	184	733	336	5	-1	
5	1	8	1	1	1	184	733	336	5	95.000000	 
2	1	9	0	0	0	697	600	1042	63	-1	
3	1	9	1	0	0	697	600	1042	63	-1	
4	1	9	1	1	0	697	600	1042	63	-1	
5	1	9	1	1	1	697	600	86	41	86.441887	Το
5	1	9	1	1	2	804	600	381	46	44.351578	ΜΠΑΛΗΜΟΝΙ
5	1	9	1	1	3	1205	605	134	58	94.879959	ΤΟΥ
5	1	9	1	1	4	1367	607	88	40	0.013344	ΤΑ
5	1	9	1	1	5	1527	607	212	45	77.543602	ΓΕΤΟΥ
2	1	10	0	0	0	884	677	504	10	-1	
3	1	10	1	0	0	884	677	504	10	-1	
4	1	10	1	1	0	884	677	504	10	-1	
5	1	10	1	1	1	884	677	504	10	95.000000	 
2	1	11	0	0	0	1985	88	362	169	-1	
3	1	11	1	0	0	1985	88	154	58	-1	
4	1	11	1	1	0	1985	88	154	58	-1	
5	1	11	1	1	1	1985	88	154	58	0.000000	ρωσ
3	1	11	2	0	0	2004	124	343	101	-1	
4	1	11	2	1	0	2170	126	127	26	-1	
5	1	11	2	1	1	2170	126	47	26	0.000000	Στο
5	1	11	2	1	2	2282	140	15	11	5.553322	Τρω
4	1	11	2	2	0	2022	118	325	70	-1	
5	1	11	2	2	1	2022	118	256	70	0.000000	αμ.
5	1	11	2	2	2	2297	136	50	22	0.000000	ρυ
4	1	11	2	3	0	1995	171	324	86	-1	
5	1	11	2	3	1	1995	171	59	52	63.422363	ΧΑ.
5	1	11	2	3	2	2031	173	162	75	14.622269	ΛΑΝΑΡ/.
5	1	11	2	3	3	2201	194	72	63	0.000000	--
5	1	11	2	3	4	2278	194	41	60	72.345108	8.
2	1	12	0	0	0	2285	229	90	38	-1	
3	1	12	1	0	0	2285	229	90	38	-1	
4	1	12	1	1	0	2285	229	90	38	-1	
5	1	12	1	1	1	2285	229	90	38	95.000000	 
2	1	13	0	0	0	2241	286	31	287	-1	
3	1	13	1	0	0	2241	286	31	287	-1	
4	1	13	1	1	0	2242	286	30	49	-1	
5	1	13	1	1	1	2242	276	32	59	0.000000	ἔ
4	1	13	1	2	0	2249	359	22	43	-1	
5	1	13	1	2	1	2249	359	22	43	36.096554	.
4	1	13	1	3	0	2245	402	18	22	-1	
5	1	13	1	3	1	2245	402	18	22	41.068211	να
4	1	13	1	4	0	2241	440	29	61	-1	
5	1	13	1	4	1	2241	440	29	61	62.616142	ξ
4	1	13	1	5	0	2241	504	28	69	-1	
5	1	13	1	5	1	2241	504	28	69	0.000000	:
2	1	14	0	0	0	1842	604	360	49	-1	
3	1	14	1	0	0	1842	604	360	49	-1	
4	1	14	1	1	0	1842	604	360	20	-1	
5	1	14	1	1	1	1842	604	140	19	92.617729	ΠΟΥΦΕΝΑ
5	1	14	1	1	2	1994	605	35	18	92.951965	ΔΕ
5	1	14	1	1	3	2042	606	40	17	92.743019	ΦΑ
5	1	14	1	1	4	2096	605	106	19	92.724739	ΒΡΕΙΤΕ
4	1	14	1	2	0	1874	633	277	20	-1	
5	1	14	1	2	1	1874	633	171	20	52.208900	ΟΡΑΙΩΤΕΡΟ
5	1	14	1	2	2	2058	634	93	19	28.730469	χΧΏΡΙΟ
2	1	15	0	0	0	1602	684	630	11	-1	
3	1	15	1	0	0	1602	684	630	11	-1	
4	1	15	1	1	0	1602	684	630	11	-1	
5	1	15	1	1	1	1602	684	630	11	95.000000	 
2	1	16	0	0	0	886	694	197	22	-1	
3	1	16	1	0	0	886	694	197	22	-1	
4	1	16	1	1	0	886	694	197	22	-1	
5	1	16	1	1	1	886	694	47	22	90.696205	έπος
5	1	16	1	1	2	949	695	49	18	17.280617	19δν
5	1	16	1	1	3	1016	696	67	19	0.000000	ΦΥ.
2	1	17	0	0	0	527	735	854	12	-1	
3	1	17	1	0	0	527	735	854	12	-1	
4	1	17	1	1	0	527	735	854	12	-1	
5	1	17	1	1	1	527	735	854	12	95.000000	 
2	1	18	0	0	0	207	792	646	80	-1	
3	1	18	1	0	0	207	792	646	80	-1	
4	1	18	1	1	0	207	792	646	80	-1	
5	1	18	1	1	1	207	793	53	58	85.054367	Η
5	1	18	1	1	2	285	792	156	71	96.183197	αξία
5	1	18	1	1	3	482	814	119	40	96.967484	του
5	1	18	1	1	4	634	797	219	75	95.378838	νερού.
2	1	19	0	0	0	167	911	712	546	-1	
3	1	19	1	0	0	167	911	712	546	-1	
4	1	19	1	1	0	268	911	503	28	-1	
5	1	19	1	1	1	268	922	6	3	0.000000	τν
5	1	19	1	1	2	315	907	72	36	0.000000	ζμβστό
5	1	19	1	1	3	402	907	153	36	11.500305	Βυσωπαωκή
5	1	19	1	1	4	573	912	160	27	35.397942	Εφημερίδα)
4	1	19	1	2	0	198	962	681	31	-1	
5	1	19	1	2	1	198	962	86	21	72.938438	«΄Ἑνα
5	1	19	1	2	2	301	963	93	29	96.351707	ποτήρι
5	1	19	1	2	3	409	963	63	29	96.838127	νερό
5	1	19	1	2	4	487	963	87	27	94.397476	αξίζει
5	1	19	1	2	5	593	963	49	22	96.299431	όσο
5	1	19	1	2	6	655	964	122	29	96.213028	χιλιάδες
5	1	19	1	2	7	792	964	87	21	96.682487	τόννοι
4	1	19	1	3	0	167	997	712	32	-1	
5	1	19	1	3	1	167	997	151	29	96.633202	πετρέλαιο,
5	1	19	1	3	2	333	998	74	27	96.720413	γιατί
5	1	19	1	3	3	419	998	65	22	96.757568	όταν
5	1	19	1	3	4	496	998	63	27	96.138252	ένας
5	1	19	1	3	5	569	999	141	29	93.014053	άνθρωπος
5	1	19	1	3	6	725	1000	96	29	13.163132	διψάει;
5	1	19	1	3	7	834	999	45	24	95.500542	δεν
4	1	19	1	4	0	170	1033	709	32	-1	
5	1	19	1	4	1	170	1033	115	30	70.622559	μπορούν
5	1	19	1	4	2	299	1040	34	15	96.600327	να
5	1	19	1	4	3	350	1040	45	15	93.297882	τον
5	1	19	1	4	4	410	1034	163	30	91.852768	ξεδιψάσουν
5	1	19	1	4	5	592	1034	53	22	96.121841	όλα
5	1	19	1	4	6	658	1041	33	15	81.450493	τα
5	1	19	1	4	7	721	1035	158	30	85.074242	αποθέµατα
4	1	19	1	5	0	169	1068	703	32	-1	
5	1	19	1	5	1	169	1068	157	30	96.518883	πετρελαίου
5	1	19	1	5	2	343	1076	62	16	96.892303	στον
5	1	19	1	5	3	422	1070	94	30	89.768219	κόσµο.
5	1	19	1	5	4	534	1070	136	27	91.731575	Τονίζεται
5	1	19	1	5	5	684	1071	23	29	68.128311	μ᾿
5	1	19	1	5	6	728	1071	66	21	95.517014	αυτό
5	1	19	1	5	7	823	1070	49	23	92.493462	ότι:
4	1	19	1	6	0	170	1104	708	31	-1	
5	1	19	1	6	1	170	1105	21	21	90.031891	Ο
5	1	19	1	6	2	207	1104	139	30	95.588943	άνθρωπος
5	1	19	1	6	3	359	1106	91	29	96.294182	πρέπει
5	1	19	1	6	4	463	1112	34	15	93.292351	να
5	1	19	1	6	5	516	1106	121	29	88.600975	ιεραρχεί
5	1	19	1	6	6	648	1112	39	23	96.296921	τις
5	1	19	1	6	7	701	1106	75	27	96.484657	αξίες
5	1	19	1	6	8	790	1112	51	16	41.112518	των
5	1	19	1	6	9	848	1113	30	15	41.112518	α-
4	1	19	1	7	0	169	1140	709	31	-1	
5	1	19	1	7	1	169	1140	91	27	87.891663	γαθών
5	1	19	1	7	2	277	1147	85	16	88.460320	καινα
5	1	19	1	7	3	379	1141	66	22	96.506935	δίνει
5	1	19	1	7	4	458	1142	215	29	96.373466	προτεραιότητα
5	1	19	1	7	5	684	1142	127	27	96.099899	ανάλογα
5	1	19	1	7	6	847	1148	31	23	92.374718	µε
4	1	19	1	8	0	169	1176	709	31	-1	
5	1	19	1	8	1	169	1182	45	24	95.707275	την
5	1	19	1	8	2	228	1176	157	30	95.602951	περίπτωση,
5	1	19	1	8	3	400	1177	83	30	95.723053	χωρίς
5	1	19	1	8	4	502	1184	34	15	96.818062	να
5	1	19	1	8	5	556	1178	167	22	95.924728	κατατάσσει
5	1	19	1	8	6	734	1184	36	16	95.281929	τα
5	1	19	1	8	7	784	1178	94	28	95.281929	αγαθά
4	1	19	1	9	0	170	1213	709	30	-1	
5	1	19	1	9	1	170	1213	31	28	93.291756	μέ
5	1	19	1	9	2	215	1213	69	30	92.415695	θάση
5	1	19	1	9	3	299	1219	29	24	65.150681	τῃ
5	1	19	1	9	4	341	1213	150	30	28.190773	χρηματική
5	1	19	1	9	5	502	1219	64	21	96.520760	τους
5	1	19	1	9	6	582	1213	73	26	95.396721	αξία.
5	1	19	1	9	7	672	1213	83	22	96.668320	Πόσοι
5	1	19	1	9	8	767	1213	112	30	73.941154	πόλεμοι
4	1	19	1	10	0	169	1248	710	31	-1	
5	1	19	1	10	1	169	1248	91	26	96.744423	γίνανε
5	1	19	1	10	2	272	1249	48	27	74.522728	γιά
5	1	19	1	10	3	327	1254	30	16	58.402554	το
5	1	19	1	10	4	368	1248	144	30	95.967293	πετρέλαιο
5	1	19	1	10	5	526	1255	47	15	95.883942	και
5	1	19	1	10	6	587	1249	81	27	96.887962	πόσες
5	1	19	1	10	7	678	1249	67	27	95.967285	ζωές
5	1	19	1	10	8	757	1249	122	30	95.967285	χάθηκαν
4	1	19	1	11	0	170	1283	709	31	-1	
5	1	19	1	11	1	170	1283	36	27	0.000000	Ὑι’
5	1	19	1	11	2	221	1284	73	22	93.289757	αυτό.
5	1	19	1	11	3	314	1283	79	23	85.234779	΄Ολοι
5	1	19	1	11	4	412	1284	160	30	95.819748	σκέφτονται
5	1	19	1	11	5	587	1290	46	16	92.736824	και
5	1	19	1	11	6	653	1285	121	29	82.958893	μοχθούν,
5	1	19	1	11	7	792	1291	32	23	93.298035	µε
5	1	19	1	11	8	849	1291	30	15	86.129883	α-
4	1	19	1	12	0	170	1319	709	30	-1	
5	1	19	1	12	1	170	1319	177	30	81.517487	νορθέδοξους
5	1	19	1	12	2	364	1319	99	27	96.270706	πολλές
5	1	19	1	12	3	480	1320	83	29	79.878067	φορές
5	1	19	1	12	4	579	1320	115	29	96.694138	τρόπους
5	1	19	1	12	5	713	1326	34	16	95.770004	να
5	1	19	1	12	6	764	1326	30	16	93.292137	το
5	1	19	1	12	7	814	1326	65	16	90.531982	απο-
4	1	19	1	13	0	169	1355	710	30	-1	
5	1	19	1	13	1	169	1355	118	29	70.842102	κτήσουν,
5	1	19	1	13	2	303	1361	48	21	90.254837	για
5	1	19	1	13	3	365	1361	34	15	90.119987	να
5	1	19	1	13	4	414	1355	155	30	90.119987	ὠφεληθούν
5	1	19	1	13	5	581	1355	89	23	92.270027	υλικά.
5	1	19	1	13	6	691	1355	139	28	90.378494	Μαζεύουν
5	1	19	1	13	7	848	1361	31	16	96.968788	σε
4	1	19	1	14	0	169	1391	710	30	-1	
5	1	19	1	14	1	169	1391	137	30	5.143753	τεράστιες
5	1	19	1	14	2	321	1391	146	29	35.118752	δεξαμενές
5	1	19	1	14	3	482	1397	29	16	95.943314	το
5	1	19	1	14	4	532	1391	89	30	93.770073	μαύρο
5	1	19	1	14	5	639	1391	151	27	88.264145	ΧΡΥΣΑΦΙ,
5	1	19	1	14	6	804	1391	75	23	95.137009	αλλά
4	1	19	1	15	0	169	1427	710	30	-1	
5	1	19	1	15	1	169	1428	98	21	96.354385	κάποια
5	1	19	1	15	2	280	1427	96	29	93.165352	στιγµή
5	1	19	1	15	3	391	1433	62	21	96.065468	τους
5	1	19	1	15	4	468	1427	69	22	96.052704	είναι
5	1	19	1	15	5	548	1427	127	30	90.058868	άχρηστο,
5	1	19	1	15	6	693	1427	62	23	96.904900	τότε
5	1	19	1	15	7	769	1434	49	16	96.325546	που
5	1	19	1	15	8	833	1434	46	18	96.325546	και
2	1	20	0	0	0	445	887	70	3	-1	
3	1	20	1	0	0	445	887	70	3	-1	
4	1	20	1	1	0	445	887	70	3	-1	
5	1	20	1	1	1	445	887	70	3	95.000000	 
2	1	21	0	0	0	147	1462	731	34	-1	
3	1	21	1	0	0	147	1462	731	34	-1	
4	1	21	1	1	0	147	1462	731	34	-1	
5	1	21	1	1	1	147	1470	47	26	0.000000	.οι
5	1	21	1	1	2	209	1463	62	23	88.490517	ίδιοι
5	1	21	1	1	3	285	1463	49	22	95.698776	ενώ
5	1	21	1	1	4	351	1463	79	29	95.698776	έχουν
5	1	21	1	1	5	449	1462	106	30	95.376686	ανάγκη
5	1	21	1	1	6	569	1463	54	21	71.660309	από
5	1	21	1	1	7	638	1463	48	23	96.375893	ένα
5	1	21	1	1	8	699	1464	95	30	96.267006	ποτήρι
5	1	21	1	1	9	807	1465	71	29	87.358665	νερό,
2	1	22	0	0	0	169	1499	710	69	-1	
3	1	22	1	0	0	169	1499	710	69	-1	
4	1	22	1	1	0	169	1499	710	31	-1	
5	1	22	1	1	1	169	1500	44	22	96.983902	δεν
5	1	22	1	1	2	229	1499	93	31	95.356964	µπορεί
5	1	22	1	1	3	337	1505	33	15	96.862091	να
5	1	22	1	1	4	384	1505	63	23	96.728615	τους
5	1	22	1	1	5	465	1499	128	28	92.027718	γλιτώσει
5	1	22	1	1	6	617	1500	55	22	96.258514	από
5	1	22	1	1	7	690	1506	29	16	95.495659	το
5	1	22	1	1	8	748	1501	131	29	93.421844	μαρτύριο
4	1	22	1	2	0	169	1535	670	33	-1	
5	1	22	1	2	1	169	1542	45	16	96.481148	και
5	1	22	1	2	2	227	1542	31	16	96.481148	το
5	1	22	1	2	3	273	1535	99	23	96.319916	θάνατο
5	1	22	1	2	4	387	1541	48	24	92.972328	της
5	1	22	1	2	5	453	1535	81	30	92.569214	δίψας
5	1	22	1	2	6	552	1541	30	16	93.276398	το
5	1	22	1	2	7	594	1536	144	30	89.227806	πετρέλαιό
5	1	22	1	2	8	752	1542	87	26	95.506500	τους».
2	1	23	0	0	0	167	1589	713	458	-1	
3	1	23	1	0	0	167	1589	713	206	-1	
4	1	23	1	1	0	221	1589	573	31	-1	
5	1	23	1	1	1	221	1605	5	5	0.000000	«
5	1	23	1	1	2	245	1589	157	21	34.838669	ΓΡΑΨΑΜΕ
5	1	23	1	1	3	423	1595	48	15	95.600021	στο
5	1	23	1	1	4	489	1589	189	31	25.548454	προηγούμενο
5	1	23	1	1	5	707	1590	87	29	9.133652	Φύλλο
4	1	23	1	2	0	167	1625	713	31	-1	
5	1	23	1	2	1	167	1625	153	29	95.682228	χρειάζεται
5	1	23	1	2	2	336	1625	164	29	96.050407	ορθολογική
5	1	23	1	2	3	518	1625	113	30	93.920898	ρύθμιση
5	1	23	1	2	4	666	1631	48	24	95.943756	της
5	1	23	1	2	5	746	1625	134	31	78.526489	ύδρευσης
4	1	23	1	3	0	168	1660	711	30	-1	
5	1	23	1	3	1	168	1667	45	15	97.014893	και
5	1	23	1	3	2	229	1661	135	28	96.336494	άρδευσης
5	1	23	1	3	3	379	1667	48	15	96.424393	του
5	1	23	1	3	4	440	1660	109	30	92.100136	χωριού.
5	1	23	1	3	5	585	1661	76	29	26.696541	Περά
5	1	23	1	3	6	676	1661	143	29	92.897247	υπάρχουν,
5	1	23	1	3	7	853	1663	26	20	64.325180	σ᾿
4	1	23	1	4	0	167	1696	713	30	-1	
5	1	23	1	4	1	167	1696	65	22	96.010345	αυτό
5	1	23	1	4	2	247	1696	91	27	96.092514	κανείς
5	1	23	1	4	3	351	1696	46	22	95.929535	δεν
5	1	23	1	4	4	414	1696	134	30	59.647427	διαφωνεί
5	1	23	1	4	5	563	1696	80	22	94.587196	αλλά,
5	1	23	1	4	6	661	1697	70	22	95.787766	είναι
5	1	23	1	4	7	742	1697	91	22	96.330223	σωστό
5	1	23	1	4	8	846	1703	34	16	96.875412	να
4	1	23	1	5	0	167	1731	712	30	-1	
5	1	23	1	5	1	167	1731	177	22	92.700142	σπαταλιέται
5	1	23	1	5	2	357	1737	32	15	96.327217	το
5	1	23	1	5	3	403	1732	63	28	95.284180	νερό
5	1	23	1	5	4	478	1738	30	22	95.284180	τη
5	1	23	1	5	5	528	1732	95	28	96.718910	νύχτα;
5	1	23	1	5	6	643	1738	46	15	95.655815	και
5	1	23	1	5	7	706	1737	30	16	95.655815	το
5	1	23	1	5	8	750	1732	70	29	96.745911	πρωί
5	1	23	1	5	9	845	1739	34	15	96.807846	να
4	1	23	1	6	0	169	1765	710	30	-1	
5	1	23	1	6	1	169	1772	49	23	74.357010	μην
5	1	23	1	6	2	233	1767	57	27	96.444153	έχει
5	1	23	1	6	3	304	1772	16	15	95.212845	ο
5	1	23	1	6	4	336	1767	101	28	33.826332	κόσμος
5	1	23	1	6	5	456	1765	61	22	95.444557	ούτε
5	1	23	1	6	6	534	1766	50	27	92.356956	γιό
5	1	23	1	6	7	602	1772	35	15	90.877342	να
5	1	23	1	6	8	649	1766	63	26	53.308350	πυε;
5	1	23	1	6	9	744	1767	50	21	88.528465	Δεν
5	1	23	1	6	10	810	1768	69	23	96.109489	είναι
3	1	23	2	0	0	167	1809	712	238	-1	
4	1	23	2	1	0	867	1810	12	14	-1	
5	1	23	2	1	1	867	1810	12	14	72.178932	έ
4	1	23	2	2	0	167	1803	711	67	-1	
5	1	23	2	2	1	167	1842	45	22	84.480621	χρι
5	1	23	2	2	2	224	1841	30	15	96.642616	το
5	1	23	2	2	3	269	1830	155	34	18.685211	μεσημέρι;
5	1	23	2	2	4	425	1828	180	36	82.556107	Ἐπιτρέπεται
5	1	23	2	2	5	620	1842	47	15	97.008110	στο
5	1	23	2	2	6	680	1815	151	55	90.121300	Τεωργίτσι
5	1	23	2	2	7	840	1803	38	62	0.000000	μ
4	1	23	2	3	0	169	1870	709	30	-1	
5	1	23	2	3	1	169	1877	40	21	95.369125	τις
5	1	23	2	3	2	225	1870	97	27	96.252502	πολλές
5	1	23	2	3	3	338	1870	95	29	95.935890	πηγές,
5	1	23	2	3	4	449	1876	34	16	96.541573	να
5	1	23	2	3	5	504	1870	66	30	91.582573	λέμε
5	1	23	2	3	6	590	1882	8	4	91.582573	-
5	1	23	2	3	7	620	1875	81	21	96.380180	στους
5	1	23	2	3	8	720	1871	79	29	74.373398	µήνες
5	1	23	2	3	9	830	1876	48	24	92.609299	της
4	1	23	2	4	0	169	1905	709	31	-1	
5	1	23	2	4	1	169	1906	96	30	47.888641	αιχμής
5	1	23	2	4	2	277	1917	8	5	92.623955	-
5	1	23	2	4	3	296	1912	31	15	96.415344	το
5	1	23	2	4	4	340	1906	63	29	96.345665	νερό
5	1	23	2	4	5	415	1906	105	29	95.022842	νεράκι;
5	1	23	2	4	6	538	1906	73	22	56.272049	Γιατί
5	1	23	2	4	7	619	1913	16	23	56.272049	η
5	1	23	2	4	8	649	1905	128	30	91.752182	Αλευρού,
5	1	23	2	4	9	790	1912	15	23	89.761078	η
5	1	23	2	4	10	814	1906	64	21	84.030518	Πελ-
4	1	23	2	5	0	169	1941	709	30	-1	
5	1	23	2	5	1	169	1941	69	22	93.265259	λάνα
5	1	23	2	5	2	250	1947	47	15	95.900803	και
5	1	23	2	5	3	309	1947	47	23	86.435722	η...
5	1	23	2	5	4	371	1941	76	29	96.478271	Μάνη
5	1	23	2	5	5	459	1941	114	29	86.441887	φέρνουν
5	1	23	2	5	6	588	1947	30	16	96.664230	το
5	1	23	2	5	7	630	1941	65	29	96.878647	νερό
5	1	23	2	5	8	708	1947	63	21	96.557289	τους
5	1	23	2	5	9	784	1947	33	24	93.261307	µε
5	1	23	2	5	10	829	1947	49	16	35.500481	σῶ-
4	1	23	2	6	0	168	1973	710	34	-1	
5	1	23	2	6	1	168	1973	81	33	93.275101	λήνες
5	1	23	2	6	2	259	1977	54	21	96.595573	από
5	1	23	2	6	3	325	1977	68	21	96.532959	πολύ
5	1	23	2	6	4	407	1976	113	30	93.482811	µακριά;
5	1	23	2	6	5	537	1977	76	21	96.617203	Είναι
5	1	23	2	6	6	626	1977	131	22	96.349068	σπουδαίο
5	1	23	2	6	7	768	1984	36	18	92.993683	να
5	1	23	2	6	8	816	1984	62	23	91.948837	προ-
4	1	23	2	7	0	168	2012	669	35	-1	
5	1	23	2	7	1	168	2013	109	21	92.349808	στεθούν
5	1	23	2	7	2	291	2013	104	30	90.215050	µερικοί
5	1	23	2	7	3	410	2012	119	31	95.985741	σωλήνες
5	1	23	2	7	4	543	2018	46	16	81.974289	και
5	1	23	2	7	5	606	2019	68	23	95.998291	προς
5	1	23	2	7	6	688	2019	41	28	93.070610	τις
5	1	23	2	7	7	746	2013	91	27	91.841423	δέσες;
2	1	24	0	0	0	839	1590	40	22	-1	
3	1	24	1	0	0	839	1590	40	22	-1	
4	1	24	1	1	0	839	1590	40	22	-1	
5	1	24	1	1	1	839	1590	40	22	95.471588	ότι
2	1	25	0	0	0	160	2065	718	391	-1	
3	1	25	1	0	0	160	2065	718	391	-1	
4	1	25	1	1	0	200	2065	678	31	-1	
5	1	25	1	1	1	200	2067	18	19	72.909714	9
5	1	25	1	1	2	234	2067	45	21	92.921196	ΜΕ
5	1	25	1	1	3	294	2066	186	22	92.403389	ΚΛΕΙΣΤΟΥΣ
5	1	25	1	1	4	497	2065	136	28	95.410233	αγωγούς,
5	1	25	1	1	5	647	2066	92	30	95.893524	πρέπει
5	1	25	1	1	6	754	2072	35	16	92.491592	να
5	1	25	1	1	7	800	2073	78	23	92.472107	περισ
4	1	25	1	2	0	166	2101	711	31	-1	
5	1	25	1	2	1	166	2101	74	23	91.306213	σεύει
5	1	25	1	2	2	249	2102	71	30	96.434898	νερό,
5	1	25	1	2	3	330	2101	80	31	96.618553	αρκεί
5	1	25	1	2	4	420	2108	35	16	96.197342	να
5	1	25	1	2	5	470	2108	33	24	90.605530	µη
5	1	25	1	2	6	516	2101	105	28	93.303200	γίνεται
5	1	25	1	2	7	632	2101	133	30	91.611359	αλόγιστη
5	1	25	1	2	8	780	2102	97	22	92.150627	σποτά-
4	1	25	1	3	0	165	2137	713	31	-1	
5	1	25	1	3	1	165	2138	40	30	4.596786	λη,
5	1	25	1	3	2	220	2144	46	23	96.527443	την
5	1	25	1	3	3	281	2137	111	22	88.644119	οποία...
5	1	25	1	3	4	411	2137	64	30	89.871788	µόνο
5	1	25	1	3	5	493	2143	34	17	93.144142	τα
5	1	25	1	3	6	542	2137	198	21	91.657051	ΥΔΡΟΜΕΤΡΑ
5	1	25	1	3	7	761	2137	117	30	84.849426	μπορούν
4	1	25	1	4	0	160	2173	718	30	-1	
5	1	25	1	4	1	160	2179	40	22	73.099731	νο
5	1	25	1	4	2	214	2173	159	30	86.652794	φρενάρουν,
5	1	25	1	4	3	389	2179	46	15	92.922012	και
5	1	25	1	4	4	449	2179	34	15	96.115349	να
5	1	25	1	4	5	502	2179	46	23	96.115349	την
5	1	25	1	4	6	562	2173	173	29	96.775055	περιορίσουν
5	1	25	1	4	7	752	2178	48	16	93.294373	στο
5	1	25	1	4	8	815	2178	63	16	61.532475	απο-
4	1	25	1	5	0	165	2208	711	30	-1	
5	1	25	1	5	1	165	2209	87	27	92.747650	λύτως
5	1	25	1	5	2	268	2209	167	29	94.464897	απαραίτητο
5	1	25	1	5	3	452	2208	124	30	0.000000	πότισμα.
5	1	25	1	5	4	600	2209	39	21	95.889252	Με
5	1	25	1	5	5	658	2208	117	30	95.013580	ρολόγια
5	1	25	1	5	6	797	2208	36	22	56.041069	θα
5	1	25	1	5	7	846	2214	30	16	89.881065	α-
4	1	25	1	6	0	165	2243	712	31	-1	
5	1	25	1	6	1	165	2244	194	30	92.762611	νακουφιστούν
5	1	25	1	6	2	376	2244	61	22	95.904640	όσοι
5	1	25	1	6	3	451	2243	182	31	95.698799	καλλιεργούν
5	1	25	1	6	4	659	2243	105	30	94.248695	κήπους,
5	1	25	1	6	5	802	2243	75	28	94.248695	γιατί
4	1	25	1	7	0	165	2279	712	31	-1	
5	1	25	1	7	1	165	2280	36	22	91.684258	θα
5	1	25	1	7	2	217	2281	123	27	91.684258	ποτίζουν
5	1	25	1	7	3	353	2279	139	30	96.117439	ελεύθερα,
5	1	25	1	7	4	507	2286	15	23	95.371361	η
5	1	25	1	7	5	540	2279	103	30	96.594368	δαπάνη
5	1	25	1	7	6	664	2280	35	21	79.756226	θα
5	1	25	1	7	7	714	2279	69	23	93.283928	είναι
5	1	25	1	7	8	796	2279	81	31	78.907532	µηδα-
4	1	25	1	8	0	166	2315	710	33	-1	
5	1	25	1	8	1	166	2316	65	31	68.396301	µινή,
5	1	25	1	8	2	247	2316	36	24	93.294502	θα
5	1	25	1	8	3	294	2316	156	32	96.654175	πληρώνουν
5	1	25	1	8	4	465	2316	60	22	96.750977	κάτι
5	1	25	1	8	5	544	2315	59	23	96.505341	αντί
5	1	25	1	8	6	617	2322	50	22	89.343086	για
5	1	25	1	8	7	694	2315	182	31	89.343086	νεροφοριάτι-
4	1	25	1	9	0	165	2351	711	33	-1	
5	1	25	1	9	1	165	2360	41	16	80.863205	και
5	1	25	1	9	2	223	2361	45	16	93.980247	και
5	1	25	1	9	3	279	2353	175	31	82.125427	οπωσδήποτε
5	1	25	1	9	4	468	2359	31	25	96.586487	µε
5	1	25	1	9	5	512	2359	29	25	93.261253	τη
5	1	25	1	9	6	559	2352	206	31	86.997009	νοικοκυρεµένη
5	1	25	1	9	7	790	2351	86	31	94.908501	χρήση
4	1	25	1	10	0	164	2389	713	32	-1	
5	1	25	1	10	1	164	2396	46	16	96.158417	του
5	1	25	1	10	2	225	2390	79	30	0.000000	νερού
5	1	25	1	10	3	313	2398	15	23	0.000000	η
5	1	25	1	10	4	341	2391	153	29	95.800598	παραγωγή
5	1	25	1	10	5	511	2390	35	21	95.908928	θα
5	1	25	1	10	6	564	2389	119	30	91.838699	αυξηθεί,
5	1	25	1	10	7	700	2389	177	30	95.652046	τουλάχιστον
4	1	25	1	11	0	163	2425	713	31	-1	
5	1	25	1	11	1	163	2432	35	16	96.285866	να
5	1	25	1	11	2	209	2427	112	29	96.285866	επαρκεί
5	1	25	1	11	3	332	2426	51	28	22.010231	γιά
5	1	25	1	11	4	395	2433	39	22	76.854050	τις
5	1	25	1	11	5	446	2426	107	27	96.925079	τοπικές
5	1	25	1	11	6	567	2426	128	27	92.597824	ανάγκες.
5	1	25	1	11	7	713	2425	111	30	93.269798	Σήµερα
5	1	25	1	11	8	834	2425	42	22	91.939636	δυ-
2	1	26	0	0	0	165	2462	726	30	-1	
3	1	26	1	0	0	165	2462	726	30	-1	
4	1	26	1	1	0	165	2462	726	30	-1	
5	1	26	1	1	1	165	2462	109	29	92.356804	στυχώς,
5	1	26	1	1	2	290	2462	61	22	95.588760	ούτε
5	1	26	1	1	3	363	2468	32	15	93.231026	το
5	1	26	1	1	4	409	2462	46	29	91.168678	1)4
5	1	26	1	1	5	474	2468	52	16	95.938187	των
5	1	26	1	1	6	541	2462	88	30	96.854141	κήπων
5	1	26	1	1	7	647	2462	46	22	93.296440	δεν
5	1	26	1	1	8	707	2462	184	29	0.000000	καλλιεργεί-,
2	1	27	0	0	0	163	2498	620	86	-1	
3	1	27	1	0	0	163	2498	620	86	-1	
4	1	27	1	1	0	163	2498	213	22	-1	
5	1	27	1	1	1	163	2503	45	16	96.277336	ται
5	1	27	1	1	2	218	2498	158	22	94.869949	αποδοτικά.
4	1	27	1	2	0	260	2550	523	34	-1	
5	1	27	1	2	1	260	2552	198	32	91.510262	ΧΡΕΙΑΖΕΤΑΙ
5	1	27	1	2	2	481	2550	302	24	57.141361	ΕΚΣΥΓΧΡΟΝΜΙΣΜΟΣ
2	1	28	0	0	0	162	2602	715	449	-1	
3	1	28	1	0	0	162	2602	715	137	-1	
4	1	28	1	1	0	196	2602	681	31	-1	
5	1	28	1	1	1	196	2602	18	22	92.427612	Φ
5	1	28	1	1	2	233	2604	87	22	92.593437	ΗΡΘΕ
5	1	28	1	1	3	339	2604	96	29	96.311424	καιρός
5	1	28	1	1	4	446	2610	35	15	93.301903	να
5	1	28	1	1	5	495	2603	262	30	90.389214	εκσυγχρονιστούµε
5	1	28	1	1	6	772	2610	47	16	95.974518	και
5	1	28	1	1	7	843	2610	34	16	96.081589	να
4	1	28	1	2	0	163	2639	714	31	-1	
5	1	28	1	2	1	163	2640	108	29	95.082497	αρχίσει
5	1	28	1	2	2	286	2646	35	15	96.000427	να
5	1	28	1	2	3	329	2640	130	29	0.000000	ωριμάζει
5	1	28	1	2	4	473	2646	15	24	96.138321	η
5	1	28	1	2	5	509	2640	66	29	95.586548	ορθή
5	1	28	1	2	6	592	2646	47	15	96.967300	και
5	1	28	1	2	7	654	2639	90	30	64.835861	δίκαιη
5	1	28	1	2	8	758	2640	119	30	91.302757	συνείδη-
4	1	28	1	3	0	163	2675	714	30	-1	
5	1	28	1	3	1	163	2681	42	23	96.404518	ση.
5	1	28	1	3	2	221	2676	40	21	93.301590	Με
5	1	28	1	3	3	273	2676	122	29	90.387444	αίσθηµα
5	1	28	1	3	4	404	2675	175	29	96.035591	δικαιοσύνης
5	1	28	1	3	5	590	2682	33	15	96.205170	να
5	1	28	1	3	6	636	2675	177	30	26.900742	φροντίζουμε
5	1	28	1	3	7	828	2682	49	20	92.553703	για
4	1	28	1	4	0	162	2710	714	29	-1	
5	1	28	1	4	1	162	2716	30	15	96.653046	το
5	1	28	1	4	2	208	2710	135	29	81.808159	συμφέρον
5	1	28	1	4	3	358	2716	46	15	96.195267	του
5	1	28	1	4	4	424	2710	155	21	96.238182	κοινωνικού
5	1	28	1	4	5	594	2710	123	21	96.047905	συνόλου.
5	1	28	1	4	6	734	2710	81	28	82.209198	Τώρα
5	1	28	1	4	7	826	2716	50	15	82.209198	που
3	1	28	2	0	0	162	2743	713	308	-1	
4	1	28	2	1	0	179	2743	696	30	-1	
5	1	28	2	1	1	179	2745	159	28	73.301025	εριµένουμε
5	1	28	2	1	2	353	2744	90	21	96.193810	πολλά
5	1	28	2	1	3	460	2744	54	21	95.195648	από
5	1	28	2	1	4	526	2750	46	15	95.838287	τον
5	1	28	2	1	5	586	2743	141	28	80.903656	Τουρισμό,
5	1	28	2	1	6	745	2744	130	27	92.349670	επιτρέπε-
4	1	28	2	2	0	163	2776	712	31	-1	
5	1	28	2	2	1	163	2786	45	15	95.911400	ται
5	1	28	2	2	2	227	2786	34	15	93.299774	να
5	1	28	2	2	3	278	2778	245	29	33.344551	οπισθοδρομούμε;
5	1	28	2	2	4	542	2777	151	30	86.066788	Οφείλουµε
5	1	28	2	2	5	709	2783	34	16	93.297089	να
5	1	28	2	2	6	759	2776	116	31	92.241875	δράσου-
4	1	28	2	3	0	165	2812	710	33	-1	
5	1	28	2	3	1	165	2822	31	23	94.908173	µε
5	1	28	2	3	2	209	2813	188	32	3.026512	δημιουργικά,
5	1	28	2	3	3	416	2813	69	22	95.511177	είναι
5	1	28	2	3	4	500	2812	68	30	91.363976	θέµα
5	1	28	2	3	5	583	2812	150	30	33.878662	επιδίὠσης,
5	1	28	2	3	6	750	2812	125	30	91.942017	διαφορε-
4	1	28	2	4	0	163	2848	710	30	-1	
5	1	28	2	4	1	163	2850	69	26	75.352119	τικά,
5	1	28	2	4	2	250	2850	35	22	79.017189	θα
5	1	28	2	4	3	301	2850	68	21	96.052513	είναι
5	1	28	2	4	4	389	2848	117	30	95.113716	αδύνατη
5	1	28	2	4	5	523	2854	14	23	96.249046	η
5	1	28	2	4	6	555	2848	95	26	79.265671	έξοδος
5	1	28	2	4	7	665	2848	53	21	96.619347	από
5	1	28	2	4	8	736	2854	47	23	96.160820	την
5	1	28	2	4	9	796	2848	77	30	96.369743	κρίση
4	1	28	2	5	0	162	2883	712	32	-1	
5	1	28	2	5	1	162	2893	50	16	96.330864	που
5	1	28	2	5	2	222	2892	53	23	93.299751	µας
5	1	28	2	5	3	287	2884	168	30	92.072281	κατατρέχει.
5	1	28	2	5	4	497	2883	104	30	91.876808	Επίσης,
5	1	28	2	5	5	618	2890	34	16	94.946648	να
5	1	28	2	5	6	681	2883	193	30	20.234436	δημιουργηθεί
4	1	28	2	6	0	163	2918	711	34	-1	
5	1	28	2	6	1	163	2923	83	29	61.788269	Κλίμα
5	1	28	2	6	2	261	2920	146	31	53.717480	αµοιθαίου
5	1	28	2	6	3	423	2919	146	31	89.059044	σεθασμού,
5	1	28	2	6	4	584	2926	47	15	93.258003	και
5	1	28	2	6	5	647	2930	8	5	88.331635	-
5	1	28	2	6	6	671	2918	55	23	19.397583	κατ
5	1	28	2	6	7	747	2919	127	28	89.293716	αναλογί-
4	1	28	2	7	0	163	2955	711	32	-1	
5	1	28	2	7	1	163	2965	33	15	93.289536	αν
5	1	28	2	7	2	211	2970	7	4	93.026833	-
5	1	28	2	7	3	231	2958	102	29	49.898621	ισότιμη
5	1	28	2	7	4	350	2956	150	31	71.061394	συμμετοχή
5	1	28	2	7	5	514	2961	47	24	96.831749	στη
5	1	28	2	7	6	575	2955	86	30	96.084999	χρήση
5	1	28	2	7	7	674	2961	47	16	96.408913	του
5	1	28	2	7	8	732	2955	89	30	93.298370	νερού.
5	1	28	2	7	9	834	2955	40	22	83.572815	Εί-
4	1	28	2	8	0	162	2991	712	32	-1	
5	1	28	2	8	1	162	3001	45	15	93.297653	ναι
5	1	28	2	8	2	223	2994	179	29	85.843689	ανεπίτρεπτο,
5	1	28	2	8	3	420	2992	104	30	11.519180	μερικοί
5	1	28	2	8	4	538	2998	34	15	96.496239	να
5	1	28	2	8	5	588	2991	157	30	96.188980	στερούνται
5	1	28	2	8	6	760	2998	31	15	96.830688	το
5	1	28	2	8	7	810	2992	64	29	95.758598	νερό
4	1	28	2	9	0	164	3026	425	25	-1	
5	1	28	2	9	1	164	3036	46	15	96.820862	και
5	1	28	2	9	2	223	3029	82	22	95.972046	άλλοι
5	1	28	2	9	3	324	3035	34	15	96.249771	να
5	1	28	2	9	4	379	3034	30	17	91.179230	το
5	1	28	2	9	5	426	3026	163	24	90.944504	σπατολούν.
2	1	29	0	0	0	162	3080	711	138	-1	
3	1	29	1	0	0	162	3080	711	138	-1	
4	1	29	1	1	0	197	3080	676	31	-1	
5	1	29	1	1	1	197	3084	18	19	36.875290	9
5	1	29	1	1	2	233	3082	35	21	92.623512	Το
5	1	29	1	1	3	284	3082	145	29	78.125496	πρόόληµα
5	1	29	1	1	4	443	3081	69	21	93.299164	είναι
5	1	29	1	1	5	526	3080	123	27	92.725800	οξύτατο.
5	1	29	1	1	6	676	3080	57	21	92.286690	Στα
5	1	29	1	1	7	751	3080	122	29	92.286690	παραπά-
4	1	29	1	2	0	162	3115	711	31	-1	
5	1	29	1	2	1	162	3124	46	20	92.799065	νω,
5	1	29	1	2	2	226	3118	91	26	92.448105	όποιος
5	1	29	1	2	3	329	3117	56	29	96.691696	έχει
5	1	29	1	2	4	400	3116	171	30	96.310890	αντιρρήσεις
5	1	29	1	2	5	583	3116	15	29	90.950142	ή
5	1	29	1	2	6	613	3122	35	15	96.609489	να
5	1	29	1	2	7	660	3115	132	29	96.604515	προτείνει
5	1	29	1	2	8	806	3115	67	22	77.121468	κάτι,
4	1	29	1	3	0	162	3150	709	33	-1	
5	1	29	1	3	1	162	3160	35	15	53.478058	να
5	1	29	1	3	2	206	3160	51	23	53.478058	µας
5	1	29	1	3	3	271	3159	31	16	96.832260	το
5	1	29	1	3	4	317	3152	107	30	84.295830	γράψει
5	1	29	1	3	5	439	3152	35	21	96.134239	θα
5	1	29	1	3	6	490	3150	213	31	56.129604	δημοσιεύσουμε
5	1	29	1	3	7	717	3157	30	24	95.228683	τη
5	1	29	1	3	8	781	3150	90	30	81.105080	γνώµη
4	1	29	1	4	0	162	3186	710	32	-1	
5	1	29	1	4	1	162	3196	55	19	96.973343	του,
5	1	29	1	4	2	229	3195	46	16	79.753822	και
5	1	29	1	4	3	289	3189	35	22	82.943092	θα
5	1	29	1	4	4	340	3188	91	30	81.066772	θρεθεί
5	1	29	1	4	5	442	3195	15	23	96.849289	η
5	1	29	1	4	6	474	3187	104	30	95.855659	ιδανική
5	1	29	1	4	7	588	3186	79	30	96.731277	λύση.
5	1	29	1	4	8	780	3186	92	22	86.323334	Κ.Π.Γ.
2	1	30	0	0	0	296	3246	572	5	-1	
3	1	30	1	0	0	296	3246	572	5	-1	
4	1	30	1	1	0	296	3246	572	5	-1	
5	1	30	1	1	1	296	3246	572	5	95.000000	 
2	1	31	0	0	0	375	3278	318	72	-1	
3	1	31	1	0	0	375	3278	318	72	-1	
4	1	31	1	1	0	375	3278	318	23	-1	
5	1	31	1	1	1	375	3280	23	21	44.139297	Ἡ
5	1	31	1	1	2	416	3278	193	23	96.706650	ΕΦΗΜΕΡΙΔΑ
5	1	31	1	1	3	622	3278	71	22	96.706650	ΜΑΣ
4	1	31	1	2	0	429	3320	180	30	-1	
5	1	31	1	2	1	429	3320	180	30	95.606247	ΕΥΧΕΤΑΙ
2	1	32	0	0	0	255	3372	529	109	-1	
3	1	32	1	0	0	255	3372	529	109	-1	
4	1	32	1	1	0	365	3372	313	26	-1	
5	1	32	1	1	1	365	3376	104	21	93.018433	ΣΤΟΥΣ
5	1	32	1	1	2	485	3372	193	26	92.491806	ΑΓΑΠΗΤΟΥΣ
4	1	32	1	2	0	369	3417	300	22	-1	
5	1	32	1	2	1	369	3417	220	22	36.855652	ΑΝΑΓΝΩΣΤΕΣ
5	1	32	1	2	2	606	3418	63	21	89.525169	ΤΗΣ
4	1	32	1	3	0	255	3458	529	23	-1	
5	1	32	1	3	1	255	3458	200	23	67.052628	ΧΔΡΟΥΜΕΝΟ
5	1	32	1	3	2	468	3459	18	22	29.455559	ἆ
5	1	32	1	3	3	501	3458	164	23	74.130859	ΕΙΡΗΝΙΚΟ
5	1	32	1	3	4	674	3458	110	23	74.130859	ΠΑΣΧΑ
2	1	33	0	0	0	175	3249	87	5	-1	
3	1	33	1	0	0	175	3249	87	5	-1	
4	1	33	1	1	0	175	3249	87	5	-1	
5	1	33	1	1	1	175	3249	87	5	95.000000	 
2	1	34	0	0	0	1116	697	1113	33	-1	
3	1	34	1	0	0	1116	697	1113	33	-1	
4	1	34	1	1	0	1116	697	1113	33	-1	
5	1	34	1	1	1	1116	697	81	19	6.748695	53-32
5	1	34	1	1	2	1208	698	107	23	93.250404	Απριλίου
5	1	34	1	1	3	1333	700	46	18	92.118477	19δ6
5	1	34	1	1	4	1393	700	128	23	65.444183	Ιδιοκτήτης
5	1	34	1	1	5	1536	702	22	21	63.143806	Κ.
5	1	34	1	1	6	1567	702	22	23	91.904770	Η,
5	1	34	1	1	7	1604	702	169	20	19.035706	ΓΜΔΦΝΑΚΑΚΗΣ
5	1	34	1	1	8	1793	705	86	23	57.305798	Σπάρτη
5	1	34	1	1	9	1889	701	59	33	82.187088	23100
5	1	34	1	1	10	1959	701	111	33	0.000000	Αιπούργον
5	1	34	1	1	11	2081	707	24	17	46.653603	3
5	1	34	1	1	12	2114	708	45	22	70.173111	πλ
5	1	34	1	1	13	2171	707	58	19	67.890411	140076
2	1	35	0	0	0	1387	743	845	12	-1	
3	1	35	1	0	0	1387	743	845	12	-1	
4	1	35	1	1	0	1387	743	845	12	-1	
5	1	35	1	1	1	1387	743	845	12	95.000000	 
2	1	36	0	0	0	1308	775	288	116	-1	
3	1	36	1	0	0	1308	775	288	116	-1	
4	1	36	1	1	0	1346	775	213	60	-1	
5	1	36	1	1	1	1346	775	150	59	0.000000	ΕΚΥΚΙΙΙΣ
5	1	36	1	1	2	1507	796	52	39	0.000000	Τ4Υ
4	1	36	1	2	0	1308	849	288	42	-1	
5	1	36	1	2	1	1308	849	59	38	10.635406	ΣΕ,
5	1	36	1	2	2	1386	851	210	40	12.788391	ΙΗΤΡΟΠΙΙΤΟΥ
2	1	37	0	0	0	1262	903	370	232	-1	
3	1	37	1	0	0	1262	903	370	232	-1	
4	1	37	1	1	0	1278	903	354	24	-1	
5	1	37	1	1	1	1278	903	34	17	0.000000	9
5	1	37	1	1	2	1327	903	199	23	47.933308	Σεθασμιώτατος
5	1	37	1	1	3	1519	899	11	32	83.597534	-
5	1	37	1	1	4	1538	905	94	22	81.043327	Μητρο--
4	1	37	1	2	0	1271	936	354	25	-1	
5	1	37	1	2	1	1271	936	88	23	90.930649	πολίτης
5	1	37	1	2	2	1389	938	157	23	0.000000	ἩΜονεμθασίας
5	1	37	1	2	3	1589	944	36	13	84.753227	γαι
4	1	37	1	3	0	1263	971	362	24	-1	
5	1	37	1	3	1	1263	971	108	24	0.000000	ἸΣπάρτης
5	1	37	1	3	2	1387	978	41	13	54.616970	κ.κ.
5	1	37	1	3	3	1455	973	170	20	89.720192	ΕΥΣΤΑΦΙΟΣ
4	1	37	1	4	0	1271	1007	354	26	-1	
5	1	37	1	4	1	1271	1007	115	19	93.607780	απευθύνει
5	1	37	1	4	2	1401	1013	52	19	95.708092	προς
5	1	37	1	4	3	1481	1014	25	13	86.470268	τὸ
5	1	37	1	4	4	1538	1010	87	23	43.821735	ευσεθές
4	1	37	1	5	0	1272	1042	354	26	-1	
5	1	37	1	5	1	1272	1042	105	23	79.725739	πλήρωμα
5	1	37	1	5	2	1393	1049	37	17	93.302055	της
5	1	37	1	5	3	1447	1044	65	23	83.942795	Ἱεράς
5	1	37	1	5	4	1539	1045	87	23	0.000000	Μητρο-
4	1	37	1	6	0	1262	1078	363	23	-1	
5	1	37	1	6	1	1262	1078	99	23	85.808456	Ἰπόλεως,
5	1	37	1	6	2	1394	1079	231	20	38.576286	ΠΦΙΜΑΝΤΟΡΙΚΗ
4	1	37	1	7	0	1273	1112	352	23	-1	
5	1	37	1	7	1	1273	1112	172	21	32.111267	ΠΑΣΧΑΛΙΝΗ
5	1	37	1	7	2	1478	1116	147	19	63.713108	ΕΓΚΥΚΑΙΟ
2	1	38	0	0	0	886	1140	739	57	-1	
3	1	38	1	0	0	886	1140	739	57	-1	
4	1	38	1	1	0	886	1140	739	41	-1	
5	1	38	1	1	1	886	1140	51	21	66.043007	Ιένα
5	1	38	1	1	2	954	1140	77	23	65.240952	Πάσχο
5	1	38	1	1	3	1062	1143	126	26	43.538689	χαρούμενο
5	1	38	1	1	4	1215	1149	95	17	0.000000	κχαὶΙπου
5	1	38	1	1	5	1326	1149	25	18	52.163628	θα
5	1	38	1	1	6	1377	1150	112	19	53.360352	διαδασθεί
5	1	38	1	1	7	1522	1148	103	33	50.640976	ξυκρινώς
4	1	38	1	2	0	896	1176	106	21	-1	
5	1	38	1	2	1	896	1176	106	21	73.817581	ειρηνικό.
2	1	39	0	0	0	951	777	315	167	-1	
3	1	39	1	0	0	951	777	315	167	-1	
4	1	39	1	1	0	1036	777	230	62	-1	
5	1	39	1	1	1	1036	777	83	62	94.566925	ΕΥΧΕΣ
5	1	39	1	1	2	1263	796	3	40	52.760323	|
4	1	39	1	2	0	978	846	198	40	-1	
5	1	39	1	2	1	978	846	51	38	67.427505	ΤΟΥ
5	1	39	1	2	2	1045	846	131	40	0.000000	ΝΟΜΛΡΧΗ
4	1	39	1	3	0	951	906	224	38	-1	
5	1	39	1	3	1	951	906	70	36	12.898163	«ΠΛ
5	1	39	1	3	2	1087	908	88	36	32.926147	ΠΛΣΧΛ
2	1	40	0	0	0	895	962	359	98	-1	
3	1	40	1	0	0	895	962	359	98	-1	
4	1	40	1	1	0	920	962	334	26	-1	
5	1	40	1	1	1	920	962	37	18	95.915726	Με
5	1	40	1	1	2	969	968	43	14	96.031693	την
5	1	40	1	1	3	1031	964	100	23	92.784973	ευκαιρία
5	1	40	1	1	4	1146	970	45	13	92.294350	των
5	1	40	1	1	5	1207	972	47	16	61.006050	ε9ρ-
4	1	40	1	2	0	896	997	357	25	-1	
5	1	40	1	2	1	896	997	45	18	93.430237	τών
5	1	40	1	2	2	961	1003	38	13	96.160400	του
5	1	40	1	2	3	1030	998	78	24	88.563782	Πάσχα
5	1	40	1	2	4	1140	1001	113	19	88.563782	απευθύνω
4	1	40	1	3	0	895	1034	358	26	-1	
5	1	40	1	3	1	895	1038	60	17	89.908203	στους
5	1	40	1	3	2	972	1034	115	24	2.687492	πατοΐίκους
5	1	40	1	3	3	1110	1041	38	13	92.281837	του
5	1	40	1	3	4	1178	1036	75	24	73.276413	ὙΝομού
2	1	41	0	0	0	887	829	6	167	-1	
3	1	41	1	0	0	888	863	5	133	-1	
4	1	41	1	1	0	888	863	3	11	-1	
5	1	41	1	1	1	888	863	3	11	84.432930	{
4	1	41	1	2	0	888	957	3	10	-1	
5	1	41	1	2	1	888	957	3	10	52.329174	4
4	1	41	1	3	0	888	968	5	28	-1	
5	1	41	1	3	1	888	968	5	28	52.207191	|
2	1	42	0	0	0	886	1053	366	42	-1	
3	1	42	1	0	0	886	1053	366	42	-1	
4	1	42	1	1	0	886	1053	4	15	-1	
5	1	42	1	1	1	886	1053	4	15	85.312027	}
4	1	42	1	2	0	887	1069	365	26	-1	
5	1	42	1	2	1	887	1069	48	26	24.403122	μας
5	1	42	1	2	2	950	1074	36	13	80.091240	και
5	1	42	1	2	3	1001	1075	48	18	96.127747	τους
5	1	42	1	2	4	1063	1072	130	23	92.328033	απανταχού
5	1	42	1	2	5	1210	1073	42	18	0.000000	ἃά-
2	1	43	0	0	0	885	1104	368	49	-1	
3	1	43	1	0	0	885	1104	368	49	-1	
4	1	43	1	1	0	885	1104	368	49	-1	
5	1	43	1	1	1	885	1104	80	49	0.000000	[ῶνες
5	1	43	1	1	2	981	1106	117	23	70.170593	Εγκάρδιες
5	1	43	1	1	3	1121	1108	64	23	95.672600	ευχές
5	1	43	1	1	4	1215	1109	38	22	96.160286	γιά
2	1	44	0	0	0	1262	808	5	350	-1	
3	1	44	1	0	0	1262	808	5	350	-1	
4	1	44	1	1	0	1262	808	5	350	-1	
5	1	44	1	1	1	1262	808	5	350	95.000000	 
2	1	45	0	0	0	1262	1180	356	36	-1	
3	1	45	1	0	0	1262	1180	356	36	-1	
4	1	45	1	1	0	1262	1180	356	36	-1	
5	1	45	1	1	1	1262	1189	51	22	11.358330	Ίτην
5	1	45	1	1	2	1327	1185	68	19	79.561089	νύχτα
5	1	45	1	1	3	1411	1191	38	19	79.162033	τῆς
5	1	45	1	1	4	1467	1180	151	36	89.216553	Αναστάσεως.
2	1	46	0	0	0	886	1191	111	55	-1	
3	1	46	1	0	0	886	1191	111	55	-1	
4	1	46	1	1	0	886	1191	111	55	-1	
5	1	46	1	1	1	886	1191	111	55	22.187103	-.
2	1	47	0	0	0	1000	1234	258	13	-1	
3	1	47	1	0	0	1000	1234	258	13	-1	
4	1	47	1	1	0	1000	1234	258	13	-1	
5	1	47	1	1	1	1000	1234	258	13	95.000000	 
2	1	48	0	0	0	1259	1241	362	16	-1	
3	1	48	1	0	0	1259	1241	362	16	-1	
4	1	48	1	1	0	1259	1241	362	16	-1	
5	1	48	1	1	1	1255	1235	75	29	0.000000	Ὕσππνπκρρ
5	1	48	1	1	2	1332	1235	15	29	28.088821	το.
5	1	48	1	1	3	1351	1235	47	29	0.000000	τνιεορθδα
5	1	48	1	1	4	1402	1235	15	29	0.000000	να
5	1	48	1	1	5	1419	1235	35	29	0.000000	εκνωρον
5	1	48	1	1	6	1455	1235	8	29	5.185074	λε
5	1	48	1	1	7	1465	1241	156	16	0.000000	νπκομαθθν---«ακοννιορκεννα.
2	1	49	0	0	0	1004	1267	181	95	-1	
3	1	49	1	0	0	1004	1267	181	95	-1	
4	1	49	1	1	0	1014	1267	161	40	-1	
5	1	49	1	1	1	1014	1267	161	40	0.000000	ΠρΟΣΦΟΡΕ
4	1	49	1	2	0	1004	1321	181	41	-1	
5	1	49	1	2	1	1004	1321	40	38	65.475372	ΠΛ
5	1	49	1	2	2	1060	1322	36	38	15.697418	Τῆ
5	1	49	1	2	3	1116	1323	69	39	0.000000	ΙΡΠῆ
2	1	50	0	0	0	913	1382	421	390	-1	
3	1	50	1	0	0	1046	1382	97	12	-1	
4	1	50	1	1	0	1046	1382	97	12	-1	
5	1	50	1	1	1	1046	1382	97	12	0.000000	ἱν----.ᾱ
3	1	50	2	0	0	913	1410	421	274	-1	
4	1	50	2	1	0	913	1410	421	34	-1	
5	1	50	2	1	1	913	1410	105	24	47.552280	Μέσω
5	1	50	2	1	2	1031	1419	37	23	96.290947	της
5	1	50	2	1	3	1079	1415	129	28	89.706047	εφημερίδας
5	1	50	2	1	4	1222	1423	48	21	0.000000	µας,
4	1	50	2	2	0	913	1448	357	30	-1	
5	1	50	2	2	1	913	1455	14	20	59.699585	Ἡ
5	1	50	2	2	2	942	1455	21	14	0.000000	Δ.
5	1	50	2	2	3	978	1448	71	22	31.452927	Ἠξτσα
5	1	50	2	2	4	1067	1450	88	28	20.475082	σύζυγος
5	1	50	2	2	5	1178	1451	92	23	87.762894	Ἰωάννου
4	1	50	2	3	0	915	1483	356	34	-1	
5	1	50	2	3	1	915	1483	196	24	85.350227	ΠΑΧΥΡΙΑΝΝΗ
5	1	50	2	3	2	1163	1488	108	29	72.478371	πρόσφερε
4	1	50	2	4	0	915	1520	356	31	-1	
5	1	50	2	4	1	915	1520	60	21	88.434128	πέντε
5	1	50	2	4	2	992	1521	93	27	93.243347	χιλιάδες
5	1	50	2	4	3	1103	1523	56	28	83.795486	δρχ.,
5	1	50	2	4	4	1180	1531	37	20	85.213928	για
5	1	50	2	4	5	1247	1533	24	13	87.263992	το
4	1	50	2	5	0	914	1555	355	33	-1	
5	1	50	2	5	1	914	1555	65	29	88.847466	Ἡρώο
5	1	50	2	5	2	994	1564	40	15	72.600647	των
5	1	50	2	5	3	1064	1557	128	30	72.600647	Αεροπόρων
5	1	50	2	5	4	1222	1568	47	20	91.604233	µας,
4	1	50	2	6	0	914	1593	356	31	-1	
5	1	50	2	6	1	914	1599	29	17	77.627579	εις
5	1	50	2	6	2	959	1593	82	27	74.623589	μνήμην
5	1	50	2	6	3	1060	1601	36	14	90.066605	του
5	1	50	2	6	4	1111	1596	78	26	44.771774	πατρὸς
5	1	50	2	6	5	1206	1597	64	27	59.976368	αυτής
4	1	50	2	7	0	914	1626	356	27	-1	
5	1	50	2	7	1	914	1626	168	24	47.267838	ΕΥΑΤΓΕΛΟΥ
5	1	50	2	7	2	1118	1629	152	24	69.201775	ΠΑΠΑΣΤΑ-
4	1	50	2	8	0	914	1662	50	22	-1	
5	1	50	2	8	1	914	1662	50	22	65.162994	ΘΗ.
3	1	50	3	0	0	915	1704	354	68	-1	
4	1	50	3	1	0	915	1704	354	32	-1	
5	1	50	3	1	1	915	1717	29	3	38.070229	---
5	1	50	3	1	2	956	1704	80	29	55.760517	Ἠπίσης
5	1	50	3	1	3	1055	1713	14	21	66.047043	η
5	1	50	3	1	4	1084	1714	21	14	95.000816	κ.
5	1	50	3	1	5	1126	1707	88	29	57.085960	Μαρίκα
5	1	50	3	1	6	1242	1709	27	21	45.452423	Ἡ.
4	1	50	3	2	0	916	1738	353	34	-1	
5	1	50	3	2	1	916	1738	185	25	38.572571	ΗΔΠΑΣΤΑΘΗ
5	1	50	3	2	2	1162	1744	107	28	81.068367	πρόσφερε
2	1	51	0	0	0	905	1777	727	1616	-1	
3	1	51	1	0	0	913	811	727	996	-1	
4	1	51	1	1	0	913	1777	556	30	-1	
5	1	51	1	1	1	913	1782	37	20	24.840446	Ύνα
5	1	51	1	1	2	964	1783	23	14	56.762486	τω
5	1	51	1	1	3	1020	1777	66	28	58.047401	Ἡρώο
5	1	51	1	1	4	1114	1779	36	20	92.939346	δύο
5	1	51	1	1	5	1176	1780	94	26	75.767563	χιλιάδες
5	1	51	1	1	6	1408	1803	3	4	15.153412	5
5	1	51	1	1	7	1466	1800	3	1	42.278629	Ξ
3	1	51	2	0	0	905	1811	581	30	-1	
4	1	51	2	1	0	905	1811	581	30	-1	
5	1	51	2	1	1	905	1811	62	26	10.372955	«δρχ.
5	1	51	2	1	2	985	1811	92	29	59.441353	(9.000).
5	1	51	2	1	3	1092	1821	33	18	70.159035	εες
5	1	51	2	1	4	1135	1815	88	26	74.362320	μνήμην.
5	1	51	2	1	5	1232	1822	37	14	95.306694	του
5	1	51	2	1	6	1467	1817	19	24	0.000000	-
3	1	51	3	0	0	914	1845	680	30	-1	
4	1	51	3	1	0	914	1845	638	30	-1	
5	1	51	3	1	1	914	1845	89	25	81.425018	συζύγου
5	1	51	3	1	2	1024	1853	36	18	93.296249	της
5	1	51	3	1	3	1075	1846	123	27	18.882370	Βυαγγέλου
5	1	51	3	1	4	1220	1847	106	28	0.000000	ΠΑ-τ-.
5	1	51	3	1	5	1540	1855	54	13	4.843704	ο.
3	1	51	4	0	0	914	1867	551	48	-1	
4	1	51	4	1	0	914	1867	551	48	-1	
5	1	51	4	1	1	914	1867	151	48	45.211121	ΠΑΣΤΑΘΗ.
5	1	51	4	1	2	1355	1895	3	3	0.000000	’
5	1	51	4	1	3	1463	1877	2	2	69.333145	|
3	1	51	5	0	0	914	1913	699	37	-1	
4	1	51	5	1	0	914	1913	699	37	-1	
5	1	51	5	1	1	914	1913	90	22	0.000000	---
5	1	51	5	1	2	956	1907	12	43	47.771469	Ο
5	1	51	5	1	3	981	1913	23	22	93.841591	κ.
5	1	51	5	1	4	1015	1914	122	22	58.426308	ΓΙΩΡΓΟΣ
5	1	51	5	1	5	1150	1915	48	23	85.132713	ΑΘ.
5	1	51	5	1	6	1214	1916	51	22	91.276291	ΚΟΥ
5	1	51	5	1	7	1300	1935	15	8	0.000000	οπ
5	1	51	5	1	8	1420	1914	71	27	17.568939	..
5	1	51	5	1	9	1606	1941	7	9	0.000000	:
3	1	51	6	0	0	913	1946	690	34	-1	
4	1	51	6	1	0	913	1948	624	32	-1	
5	1	51	6	1	1	913	1948	76	22	89.321625	ΤΣΗΣ
5	1	51	6	1	2	1010	1950	79	22	18.633797	έστειλε
5	1	51	6	1	3	1105	1952	40	20	85.665237	απὀ
5	1	51	6	1	4	1165	1951	28	21	89.727570	Ν.
5	1	51	6	1	5	1218	1951	51	29	0.000000	δρ
5	1	51	6	1	6	1324	1954	3	4	0.000000	ο
5	1	51	6	1	7	1394	1946	77	17	30.538750	υπο
5	1	51	6	1	8	1526	1949	11	4	32.359818	ο
5	1	51	6	1	9	1576	1947	27	17	0.000000	αστ
3	1	51	7	0	0	914	1987	711	29	-1	
4	1	51	7	1	0	914	1987	711	29	-1	
5	1	51	7	1	1	914	1991	36	21	43.909248	Χη»
5	1	51	7	1	2	964	1992	46	15	96.688950	στον
5	1	51	7	1	3	1025	1987	90	27	78.892944	πρόεδρο
5	1	51	7	1	4	1130	1995	36	19	90.920822	της
5	1	51	7	1	5	1180	1987	129	29	84.414436	Κοινότητας
5	1	51	7	1	6	1326	1988	141	28	40.993431	Τεωργιτσίου
5	1	51	7	1	7	1482	1996	21	13	91.677460	κ.
5	1	51	7	1	8	1518	1987	24	22	70.678993	Τ.
5	1	51	7	1	9	1561	1987	64	22	53.787975	Τκου-
3	1	51	8	0	0	913	2020	712	32	-1	
4	1	51	8	1	0	913	2020	712	32	-1	
5	1	51	8	1	1	913	2020	64	28	90.920174	ζούλη
5	1	51	8	1	2	994	2021	43	21	56.523788	300.
5	1	51	8	1	3	1056	2023	101	27	92.114792	δολλάρια
5	1	51	8	1	4	1177	2022	90	28	68.805237	(21.416
5	1	51	8	1	5	1284	2024	57	28	83.863220	δρχ.)
5	1	51	8	1	6	1364	2031	36	15	93.084686	και
5	1	51	8	1	7	1414	2025	144	27	82.802330	κατετέθησαν
5	1	51	8	1	8	1588	2031	37	14	96.005440	στο
3	1	51	9	0	0	913	2055	719	1338	-1	
4	1	51	9	1	0	913	2055	712	33	-1	
5	1	51	9	1	1	913	2055	48	28	73.192764	λοΥ)
5	1	51	9	1	2	970	2057	37	27	76.063026	ομὸ
5	1	51	9	1	3	1020	2057	53	28	93.159843	468)
5	1	51	9	1	4	1081	2058	86	22	88.029266	Τ45606
5	1	51	9	1	5	1177	2058	51	23	91.733307	Ἐθν.
5	1	51	9	1	6	1242	2059	100	28	95.726875	Τράπεζα
5	1	51	9	1	7	1355	2059	106	29	93.305367	Σπάρτης.
5	1	51	9	1	8	1484	2059	34	29	0.000000	(Σ'
5	1	51	9	1	9	1532	2060	49	21	92.667793	αυτὸ
5	1	51	9	1	10	1589	2067	36	15	96.530746	τον
4	1	51	9	2	0	1628	3335	4	28	-1	
5	1	51	9	2	1	1628	3335	4	33	92.249847	|
4	1	51	9	3	0	1629	3371	3	22	-1	
5	1	51	9	3	1	1629	3371	3	22	15.577812	'
2	1	52	0	0	0	1314	1443	1	20	-1	
3	1	52	1	0	0	1314	1443	1	20	-1	
4	1	52	1	1	0	1314	1443	1	20	-1	
5	1	52	1	1	1	1314	1443	1	20	95.000000	 
2	1	53	0	0	0	1392	1519	19	1	-1	
3	1	53	1	0	0	1392	1519	19	1	-1	
4	1	53	1	1	0	1392	1519	19	1	-1	
5	1	53	1	1	1	1392	1519	19	1	95.000000	 
2	1	54	0	0	0	1406	1516	1	17	-1	
3	1	54	1	0	0	1406	1516	1	17	-1	
4	1	54	1	1	0	1406	1516	1	17	-1	
5	1	54	1	1	1	1406	1516	1	17	95.000000	 
2	1	55	0	0	0	1404	1518	1	17	-1	
3	1	55	1	0	0	1404	1518	1	17	-1	
4	1	55	1	1	0	1404	1518	1	17	-1	
5	1	55	1	1	1	1404	1518	1	17	95.000000	 
2	1	56	0	0	0	1402	1531	19	1	-1	
3	1	56	1	0	0	1402	1531	19	1	-1	
4	1	56	1	1	0	1402	1531	19	1	-1	
5	1	56	1	1	1	1402	1531	19	1	95.000000	 
2	1	57	0	0	0	1315	1671	22	1	-1	
3	1	57	1	0	0	1315	1671	22	1	-1	
4	1	57	1	1	0	1315	1671	22	1	-1	
5	1	57	1	1	1	1315	1671	22	1	95.000000	 
2	1	58	0	0	0	1330	1666	1	19	-1	
3	1	58	1	0	0	1330	1666	1	19	-1	
4	1	58	1	1	0	1330	1666	1	19	-1	
5	1	58	1	1	1	1330	1666	1	19	95.000000	 
2	1	59	0	0	0	1323	1681	17	1	-1	
3	1	59	1	0	0	1323	1681	17	1	-1	
4	1	59	1	1	0	1323	1681	17	1	-1	
5	1	59	1	1	1	1323	1681	17	1	95.000000	 
2	1	60	0	0	0	1313	1683	26	1	-1	
3	1	60	1	0	0	1313	1683	26	1	-1	
4	1	60	1	1	0	1313	1683	26	1	-1	
5	1	60	1	1	1	1313	1683	26	1	95.000000	 
2	1	61	0	0	0	1332	1671	1	22	-1	
3	1	61	1	0	0	1332	1671	1	22	-1	
4	1	61	1	1	0	1332	1671	1	22	-1	
5	1	61	1	1	1	1332	1671	1	22	95.000000	 
2	1	62	0	0	0	908	1305	720	1608	-1	
3	1	62	1	0	0	908	1305	720	1608	-1	
4	1	62	1	1	0	1368	1305	260	585	-1	
5	1	62	1	1	1	1368	1305	260	585	95.000000	 
4	1	62	1	2	0	908	2424	720	489	-1	
5	1	62	1	2	1	908	2424	720	489	95.000000	   
2	1	63	0	0	0	911	2091	740	197	-1	
3	1	63	1	0	0	913	2091	629	38	-1	
4	1	63	1	1	0	913	2091	629	38	-1	
5	1	63	1	1	1	913	2087	45	39	89.470032	λογ)
5	1	63	1	1	2	970	2091	37	29	43.344555	σµὀ
5	1	63	1	1	3	1021	2100	26	14	92.598434	να
5	1	63	1	1	4	1065	2095	118	21	89.344719	ατέλνονται
5	1	63	1	1	5	1196	2096	47	20	41.161308	κατ
5	1	63	1	1	6	1260	2096	83	21	78.066460	ευθείαν
5	1	63	1	1	7	1356	2103	25	13	96.889198	τα
5	1	63	1	1	8	1396	2091	146	38	49.951267	εμβάσματα).
3	1	63	2	0	0	912	2127	712	49	-1	
4	1	63	2	1	0	912	2127	712	49	-1	
5	1	63	2	1	1	912	2140	30	2	7.036255	ος
5	1	63	2	1	2	950	2127	48	25	87.735916	Ἆτις
5	1	63	2	1	3	1012	2128	51	22	32.507309	19-4
5	1	63	2	1	4	1073	2130	89	30	30.549644	συγἦλθε
5	1	63	2	1	5	1174	2136	20	22	54.457722	Ἠ
5	1	63	2	1	6	1200	2130	107	29	77.660728	Ἐπιτροπὴ
5	1	63	2	1	7	1328	2131	34	29	55.419811	(Τ.
5	1	63	2	1	8	1375	2127	141	49	47.423607	Γκουξούλης,
5	1	63	2	1	9	1531	2132	28	22	37.601055	Ἐ..
5	1	63	2	1	10	1573	2133	51	22	77.014709	Γιαν
3	1	63	3	0	0	914	2163	737	35	-1	
4	1	63	3	1	0	914	2163	737	35	-1	
5	1	63	3	1	1	914	2163	94	27	0.000000	νακόρκης
5	1	63	3	1	2	1024	2163	25	22	11.062279	Σ.
5	1	63	3	1	3	1059	2164	128	29	83.821899	Γιάνναρης)
5	1	63	3	1	4	1208	2173	36	14	20.699898	και
5	1	63	3	1	5	1265	2167	117	27	86.927040	απεφάσισε
5	1	63	3	1	6	1399	2175	37	19	87.625168	την
5	1	63	3	1	7	1456	2167	68	31	92.385757	ἄμεση
5	1	63	3	1	8	1541	2170	110	28	21.372208	διαμὀρ-].
3	1	63	4	0	0	913	2206	710	64	-1	
4	1	63	4	1	0	913	2206	710	29	-1	
5	1	63	4	1	1	913	2206	61	20	67.991043	φωση
5	1	63	4	1	2	988	2207	35	13	96.373718	του
5	1	63	4	1	3	1034	2201	81	27	93.288696	χώρου,
5	1	63	4	1	4	1129	2202	102	28	85.050102	αὕμφωνα
5	1	63	4	1	5	1243	2209	25	21	95.158669	µε
5	1	63	4	1	6	1283	2210	37	20	82.822266	την
5	1	63	4	1	7	1335	2204	138	26	46.596928	εγκεκριµένη
5	1	63	4	1	8	1491	2207	75	28	88.197868	µελέτη
5	1	63	4	1	9	1587	2214	36	20	92.167328	της
4	1	63	4	2	0	911	2232	682	56	-1	
5	1	63	4	2	1	911	2233	84	27	76.819077	ΤΥΔΚ,
5	1	63	4	2	2	1010	2243	37	20	90.969818	για
5	1	63	4	2	3	1065	2243	25	15	96.295425	να
5	1	63	4	2	4	1105	2232	71	56	69.001740	στηθεί
5	1	63	4	2	5	1192	2245	23	13	95.529556	το
5	1	63	4	2	6	1230	2238	85	28	25.072548	μνημείο
5	1	63	4	2	7	1330	2239	57	24	87.583092	εντός
5	1	63	4	2	8	1398	2246	36	14	93.012146	του
5	1	63	4	2	9	1447	2239	146	31	0.000000	Χλλοχαιριοῦ.
2	1	64	0	0	0	928	2290	680	14	-1	
3	1	64	1	0	0	928	2290	680	14	-1	
4	1	64	1	1	0	928	2290	680	14	-1	
5	1	64	1	1	1	928	2290	680	14	95.000000	 
2	1	65	0	0	0	944	2294	643	90	-1	
3	1	65	1	0	0	944	2294	643	90	-1	
4	1	65	1	1	0	944	2294	643	90	-1	
5	1	65	1	1	1	944	2319	290	63	0.000000	ΒὩενοδοχεῖο
5	1	65	1	1	2	1268	2294	319	90	70.828880	Τεωργιτσίου
2	1	66	0	0	0	1205	2496	17	1	-1	
3	1	66	1	0	0	1205	2496	17	1	-1	
4	1	66	1	1	0	1205	2496	17	1	-1	
5	1	66	1	1	1	1205	2496	17	1	95.000000	 
2	1	67	0	0	0	1205	2498	128	4	-1	
3	1	67	1	0	0	1205	2498	128	4	-1	
4	1	67	1	1	0	1205	2498	128	4	-1	
5	1	67	1	1	1	1205	2498	128	4	95.000000	 
2	1	68	0	0	0	1316	2506	17	1	-1	
3	1	68	1	0	0	1316	2506	17	1	-1	
4	1	68	1	1	0	1316	2506	17	1	-1	
5	1	68	1	1	1	1316	2506	17	1	95.000000	 
2	1	69	0	0	0	1310	2508	22	1	-1	
3	1	69	1	0	0	1310	2508	22	1	-1	
4	1	69	1	1	0	1310	2508	22	1	-1	
5	1	69	1	1	1	1310	2508	22	1	95.000000	 
2	1	70	0	0	0	924	2512	17	1	-1	
3	1	70	1	0	0	924	2512	17	1	-1	
4	1	70	1	1	0	924	2512	17	1	-1	
5	1	70	1	1	1	924	2512	17	1	95.000000	 
2	1	71	0	0	0	1180	2510	146	3	-1	
3	1	71	1	0	0	1180	2510	146	3	-1	
4	1	71	1	1	0	1180	2510	146	3	-1	
5	1	71	1	1	1	1180	2510	146	3	95.000000	 
2	1	72	0	0	0	927	2514	22	1	-1	
3	1	72	1	0	0	927	2514	22	1	-1	
4	1	72	1	1	0	927	2514	22	1	-1	
5	1	72	1	1	1	927	2514	22	1	95.000000	 
2	1	73	0	0	0	918	2519	21	1	-1	
3	1	73	1	0	0	918	2519	21	1	-1	
4	1	73	1	1	0	918	2519	21	1	-1	
5	1	73	1	1	1	918	2519	21	1	95.000000	 
2	1	74	0	0	0	1318	2522	19	1	-1	
3	1	74	1	0	0	1318	2522	19	1	-1	
4	1	74	1	1	0	1318	2522	19	1	-1	
5	1	74	1	1	1	1318	2522	19	1	95.000000	 
2	1	75	0	0	0	919	2526	28	1	-1	
3	1	75	1	0	0	919	2526	28	1	-1	
4	1	75	1	1	0	919	2526	28	1	-1	
5	1	75	1	1	1	919	2526	28	1	95.000000	 
2	1	76	0	0	0	936	2528	23	1	-1	
3	1	76	1	0	0	936	2528	23	1	-1	
4	1	76	1	1	0	936	2528	23	1	-1	
5	1	76	1	1	1	936	2528	23	1	95.000000	 
2	1	77	0	0	0	1310	2527	27	1	-1	
3	1	77	1	0	0	1310	2527	27	1	-1	
4	1	77	1	1	0	1310	2527	27	1	-1	
5	1	77	1	1	1	1310	2527	27	1	95.000000	 
2	1	78	0	0	0	946	2508	1	35	-1	
3	1	78	1	0	0	946	2508	1	35	-1	
4	1	78	1	1	0	946	2508	1	35	-1	
5	1	78	1	1	1	946	2508	1	35	95.000000	 
2	1	79	0	0	0	944	2511	1	32	-1	
3	1	79	1	0	0	944	2511	1	32	-1	
4	1	79	1	1	0	944	2511	1	32	-1	
5	1	79	1	1	1	944	2511	1	32	95.000000	 
2	1	80	0	0	0	1198	2529	131	3	-1	
3	1	80	1	0	0	1198	2529	131	3	-1	
4	1	80	1	1	0	1198	2529	131	3	-1	
5	1	80	1	1	1	1198	2529	131	3	95.000000	 
2	1	81	0	0	0	1199	2532	130	3	-1	
3	1	81	1	0	0	1199	2532	130	3	-1	
4	1	81	1	1	0	1199	2532	130	3	-1	
5	1	81	1	1	1	1199	2532	130	3	95.000000	 
2	1	82	0	0	0	1199	2534	131	1	-1	
3	1	82	1	0	0	1199	2534	131	1	-1	
4	1	82	1	1	0	1199	2534	131	1	-1	
5	1	82	1	1	1	1199	2534	131	1	95.000000	 
2	1	83	0	0	0	1199	2532	140	8	-1	
3	1	83	1	0	0	1199	2532	140	8	-1	
4	1	83	1	1	0	1199	2532	140	8	-1	
5	1	83	1	1	1	1199	2532	140	8	95.000000	 
2	1	84	0	0	0	1199	2534	141	3	-1	
3	1	84	1	0	0	1199	2534	141	3	-1	
4	1	84	1	1	0	1199	2534	141	3	-1	
5	1	84	1	1	1	1199	2534	141	3	95.000000	 
2	1	85	0	0	0	1196	2535	135	7	-1	
3	1	85	1	0	0	1196	2535	135	7	-1	
4	1	85	1	1	0	1196	2535	135	7	-1	
5	1	85	1	1	1	1196	2535	135	7	95.000000	 
2	1	86	0	0	0	913	2540	55	1	-1	
3	1	86	1	0	0	913	2540	55	1	-1	
4	1	86	1	1	0	913	2540	55	1	-1	
5	1	86	1	1	1	913	2540	55	1	95.000000	 
2	1	87	0	0	0	960	2530	1	21	-1	
3	1	87	1	0	0	960	2530	1	21	-1	
4	1	87	1	1	0	960	2530	1	21	-1	
5	1	87	1	1	1	960	2530	1	21	95.000000	 
2	1	88	0	0	0	1178	2538	153	4	-1	
3	1	88	1	0	0	1178	2538	153	4	-1	
4	1	88	1	1	0	1178	2538	153	4	-1	
5	1	88	1	1	1	1178	2538	153	4	95.000000	 
2	1	89	0	0	0	963	2533	1	18	-1	
3	1	89	1	0	0	963	2533	1	18	-1	
4	1	89	1	1	0	963	2533	1	18	-1	
5	1	89	1	1	1	963	2533	1	18	95.000000	 
2	1	90	0	0	0	941	2542	35	1	-1	
3	1	90	1	0	0	941	2542	35	1	-1	
4	1	90	1	1	0	941	2542	35	1	-1	
5	1	90	1	1	1	941	2542	35	1	95.000000	 
2	1	91	0	0	0	1203	2545	123	2	-1	
3	1	91	1	0	0	1203	2545	123	2	-1	
4	1	91	1	1	0	1203	2545	123	2	-1	
5	1	91	1	1	1	1203	2545	123	2	95.000000	 
2	1	92	0	0	0	948	2547	30	1	-1	
3	1	92	1	0	0	948	2547	30	1	-1	
4	1	92	1	1	0	948	2547	30	1	-1	
5	1	92	1	1	1	948	2547	30	1	95.000000	 
2	1	93	0	0	0	915	2551	106	3	-1	
3	1	93	1	0	0	915	2551	106	3	-1	
4	1	93	1	1	0	915	2551	106	3	-1	
5	1	93	1	1	1	915	2551	106	3	95.000000	 
2	1	94	0	0	0	915	2552	106	1	-1	
3	1	94	1	0	0	915	2552	106	1	-1	
4	1	94	1	1	0	915	2552	106	1	-1	
5	1	94	1	1	1	915	2552	106	1	95.000000	 
2	1	95	0	0	0	915	2552	106	3	-1	
3	1	95	1	0	0	915	2552	106	3	-1	
4	1	95	1	1	0	915	2552	106	3	-1	
5	1	95	1	1	1	915	2552	106	3	95.000000	 
2	1	96	0	0	0	1305	2552	32	2	-1	
3	1	96	1	0	0	1305	2552	32	2	-1	
4	1	96	1	1	0	1305	2552	32	2	-1	
5	1	96	1	1	1	1305	2552	32	2	95.000000	 
2	1	97	0	0	0	1317	2504	1	60	-1	
3	1	97	1	0	0	1317	2504	1	60	-1	
4	1	97	1	1	0	1317	2504	1	60	-1	
5	1	97	1	1	1	1317	2504	1	60	95.000000	 
2	1	98	0	0	0	1218	2496	4	77	-1	
3	1	98	1	0	0	1218	2496	4	77	-1	
4	1	98	1	1	0	1218	2496	4	77	-1	
5	1	98	1	1	1	1218	2496	4	77	95.000000	 
2	1	99	0	0	0	1218	2496	1	81	-1	
3	1	99	1	0	0	1218	2496	1	81	-1	
4	1	99	1	1	0	1218	2496	1	81	-1	
5	1	99	1	1	1	1218	2496	1	81	95.000000	 
2	1	100	0	0	0	920	2508	3	64	-1	
3	1	100	1	0	0	920	2508	3	64	-1	
4	1	100	1	1	0	920	2508	3	64	-1	
5	1	100	1	1	1	920	2508	3	64	95.000000	 
2	1	101	0	0	0	1180	2511	1	57	-1	
3	1	101	1	0	0	1180	2511	1	57	-1	
4	1	101	1	1	0	1180	2511	1	57	-1	
5	1	101	1	1	1	1180	2511	1	57	95.000000	 
2	1	102	0	0	0	1180	2511	3	57	-1	
3	1	102	1	0	0	1180	2511	3	57	-1	
4	1	102	1	1	0	1180	2511	3	57	-1	
5	1	102	1	1	1	1180	2511	3	57	95.000000	 
2	1	103	0	0	0	1177	2557	142	6	-1	
3	1	103	1	0	0	1177	2557	142	6	-1	
4	1	103	1	1	0	1177	2557	142	6	-1	
5	1	103	1	1	1	1177	2557	142	6	95.000000	 
2	1	104	0	0	0	998	2551	1	21	-1	
3	1	104	1	0	0	998	2551	1	21	-1	
4	1	104	1	1	0	998	2551	1	21	-1	
5	1	104	1	1	1	998	2551	1	21	95.000000	 
2	1	105	0	0	0	1177	2559	142	4	-1	
3	1	105	1	0	0	1177	2559	142	4	-1	
4	1	105	1	1	0	1177	2559	142	4	-1	
5	1	105	1	1	1	1177	2559	142	4	95.000000	 
2	1	106	0	0	0	1000	2554	1	18	-1	
3	1	106	1	0	0	1000	2554	1	18	-1	
4	1	106	1	1	0	1000	2554	1	18	-1	
5	1	106	1	1	1	1000	2554	1	18	95.000000	 
2	1	107	0	0	0	1019	2554	1	17	-1	
3	1	107	1	0	0	1019	2554	1	17	-1	
4	1	107	1	1	0	1019	2554	1	17	-1	
5	1	107	1	1	1	1019	2554	1	17	95.000000	 
2	1	108	0	0	0	919	2562	400	3	-1	
3	1	108	1	0	0	919	2562	400	3	-1	
4	1	108	1	1	0	919	2562	400	3	-1	
5	1	108	1	1	1	919	2562	400	3	95.000000	 
2	1	109	0	0	0	919	2562	400	3	-1	
3	1	109	1	0	0	919	2562	400	3	-1	
4	1	109	1	1	0	919	2562	400	3	-1	
5	1	109	1	1	1	919	2562	400	3	95.000000	 
2	1	110	0	0	0	919	2562	400	3	-1	
3	1	110	1	0	0	919	2562	400	3	-1	
4	1	110	1	1	0	919	2562	400	3	-1	
5	1	110	1	1	1	919	2562	400	3	95.000000	 
2	1	111	0	0	0	919	2562	400	3	-1	
3	1	111	1	0	0	919	2562	400	3	-1	
4	1	111	1	1	0	919	2562	400	3	-1	
5	1	111	1	1	1	919	2562	400	3	95.000000	 
2	1	112	0	0	0	1195	2561	124	3	-1	
3	1	112	1	0	0	1195	2561	124	3	-1	
4	1	112	1	1	0	1195	2561	124	3	-1	
5	1	112	1	1	1	1195	2561	124	3	95.000000	 
2	1	113	0	0	0	1195	2562	124	3	-1	
3	1	113	1	0	0	1195	2562	124	3	-1	
4	1	113	1	1	0	1195	2562	124	3	-1	
5	1	113	1	1	1	1195	2562	124	3	95.000000	 
2	1	114	0	0	0	1220	2571	127	4	-1	
3	1	114	1	0	0	1220	2571	127	4	-1	
4	1	114	1	1	0	1220	2571	127	4	-1	
5	1	114	1	1	1	1220	2571	127	4	95.000000	 
2	1	115	0	0	0	915	2576	180	3	-1	
3	1	115	1	0	0	915	2576	180	3	-1	
4	1	115	1	1	0	915	2576	180	3	-1	
5	1	115	1	1	1	915	2576	180	3	95.000000	 
2	1	116	0	0	0	1307	2576	42	1	-1	
3	1	116	1	0	0	1307	2576	42	1	-1	
4	1	116	1	1	0	1307	2576	42	1	-1	
5	1	116	1	1	1	1307	2576	42	1	95.000000	 
2	1	117	0	0	0	930	2509	4	83	-1	
3	1	117	1	0	0	930	2509	4	83	-1	
4	1	117	1	1	0	930	2509	4	83	-1	
5	1	117	1	1	1	930	2509	4	83	95.000000	 
2	1	118	0	0	0	1263	2502	3	98	-1	
3	1	118	1	0	0	1263	2502	3	98	-1	
4	1	118	1	1	0	1263	2502	3	98	-1	
5	1	118	1	1	1	1263	2502	3	98	95.000000	 
2	1	119	0	0	0	925	2551	3	41	-1	
3	1	119	1	0	0	925	2551	3	41	-1	
4	1	119	1	1	0	925	2551	3	41	-1	
5	1	119	1	1	1	925	2551	3	41	95.000000	 
2	1	120	0	0	0	927	2551	1	47	-1	
3	1	120	1	0	0	927	2551	1	47	-1	
4	1	120	1	1	0	927	2551	1	47	-1	
5	1	120	1	1	1	927	2551	1	47	95.000000	 
2	1	121	0	0	0	1022	2562	1	28	-1	
3	1	121	1	0	0	1022	2562	1	28	-1	
4	1	121	1	1	0	1022	2562	1	28	-1	
5	1	121	1	1	1	1022	2562	1	28	95.000000	 
2	1	122	0	0	0	918	2565	1	28	-1	
3	1	122	1	0	0	918	2565	1	28	-1	
4	1	122	1	1	0	918	2565	1	28	-1	
5	1	122	1	1	1	918	2565	1	28	95.000000	 
2	1	123	0	0	0	1043	2563	1	34	-1	
3	1	123	1	0	0	1043	2563	1	34	-1	
4	1	123	1	1	0	1043	2563	1	34	-1	
5	1	123	1	1	1	1043	2563	1	34	95.000000	 
2	1	124	0	0	0	915	2575	428	11	-1	
3	1	124	1	0	0	915	2575	428	11	-1	
4	1	124	1	1	0	915	2575	428	11	-1	
5	1	124	1	1	1	915	2575	428	11	95.000000	 
2	1	125	0	0	0	918	2574	425	13	-1	
3	1	125	1	0	0	918	2574	425	13	-1	
4	1	125	1	1	0	918	2574	425	13	-1	
5	1	125	1	1	1	918	2574	425	13	95.000000	 
2	1	126	0	0	0	1069	2570	1	22	-1	
3	1	126	1	0	0	1069	2570	1	22	-1	
4	1	126	1	1	0	1069	2570	1	22	-1	
5	1	126	1	1	1	1069	2570	1	22	95.000000	 
2	1	127	0	0	0	1320	2579	18	1	-1	
3	1	127	1	0	0	1320	2579	18	1	-1	
4	1	127	1	1	0	1320	2579	18	1	-1	
5	1	127	1	1	1	1320	2579	18	1	95.000000	 
2	1	128	0	0	0	925	2577	158	12	-1	
3	1	128	1	0	0	925	2577	158	12	-1	
4	1	128	1	1	0	925	2577	158	12	-1	
5	1	128	1	1	1	925	2577	158	12	95.000000	 
2	1	129	0	0	0	918	2582	165	3	-1	
3	1	129	1	0	0	918	2582	165	3	-1	
4	1	129	1	1	0	918	2582	165	3	-1	
5	1	129	1	1	1	918	2582	165	3	95.000000	 
2	1	130	0	0	0	910	2578	173	13	-1	
3	1	130	1	0	0	910	2578	173	13	-1	
4	1	130	1	1	0	910	2578	173	13	-1	
5	1	130	1	1	1	910	2578	173	13	95.000000	 
2	1	131	0	0	0	1225	2570	1	27	-1	
3	1	131	1	0	0	1225	2570	1	27	-1	
4	1	131	1	1	0	1225	2570	1	27	-1	
5	1	131	1	1	1	1225	2570	1	27	95.000000	 
2	1	132	0	0	0	1224	2583	119	4	-1	
3	1	132	1	0	0	1224	2583	119	4	-1	
4	1	132	1	1	0	1224	2583	119	4	-1	
5	1	132	1	1	1	1224	2583	119	4	95.000000	 
2	1	133	0	0	0	925	2585	412	3	-1	
3	1	133	1	0	0	925	2585	412	3	-1	
4	1	133	1	1	0	925	2585	412	3	-1	
5	1	133	1	1	1	925	2585	412	3	95.000000	 
2	1	134	0	0	0	925	2584	418	5	-1	
3	1	134	1	0	0	925	2584	418	5	-1	
4	1	134	1	1	0	925	2584	418	5	-1	
5	1	134	1	1	1	925	2584	418	5	95.000000	 
2	1	135	0	0	0	925	2586	412	3	-1	
3	1	135	1	0	0	925	2586	412	3	-1	
4	1	135	1	1	0	925	2586	412	3	-1	
5	1	135	1	1	1	925	2586	412	3	95.000000	 
2	1	136	0	0	0	1114	2580	1	17	-1	
3	1	136	1	0	0	1114	2580	1	17	-1	
4	1	136	1	1	0	1114	2580	1	17	-1	
5	1	136	1	1	1	1114	2580	1	17	95.000000	 
2	1	137	0	0	0	1064	2583	1	20	-1	
3	1	137	1	0	0	1064	2583	1	20	-1	
4	1	137	1	1	0	1064	2583	1	20	-1	
5	1	137	1	1	1	1064	2583	1	20	95.000000	 
2	1	138	0	0	0	1062	2585	3	18	-1	
3	1	138	1	0	0	1062	2585	3	18	-1	
4	1	138	1	1	0	1062	2585	3	18	-1	
5	1	138	1	1	1	1062	2585	3	18	95.000000	 
2	1	139	0	0	0	1219	2591	120	5	-1	
3	1	139	1	0	0	1219	2591	120	5	-1	
4	1	139	1	1	0	1219	2591	120	5	-1	
5	1	139	1	1	1	1219	2591	120	5	95.000000	 
2	1	140	0	0	0	1219	2594	116	2	-1	
3	1	140	1	0	0	1219	2594	116	2	-1	
4	1	140	1	1	0	1219	2594	116	2	-1	
5	1	140	1	1	1	1219	2594	116	2	95.000000	 
2	1	141	0	0	0	964	2597	19	1	-1	
3	1	141	1	0	0	964	2597	19	1	-1	
4	1	141	1	1	0	964	2597	19	1	-1	
5	1	141	1	1	1	964	2597	19	1	95.000000	 
2	1	142	0	0	0	1219	2595	124	4	-1	
3	1	142	1	0	0	1219	2595	124	4	-1	
4	1	142	1	1	0	1219	2595	124	4	-1	
5	1	142	1	1	1	1219	2595	124	4	95.000000	 
2	1	143	0	0	0	1002	2602	21	1	-1	
3	1	143	1	0	0	1002	2602	21	1	-1	
4	1	143	1	1	0	1002	2602	21	1	-1	
5	1	143	1	1	1	1002	2602	21	1	95.000000	 
2	1	144	0	0	0	984	2508	1	105	-1	
3	1	144	1	0	0	984	2508	1	105	-1	
4	1	144	1	1	0	984	2508	1	105	-1	
5	1	144	1	1	1	984	2508	1	105	95.000000	 
2	1	145	0	0	0	984	2508	1	105	-1	
3	1	145	1	0	0	984	2508	1	105	-1	
4	1	145	1	1	0	984	2508	1	105	-1	
5	1	145	1	1	1	984	2508	1	105	95.000000	 
2	1	146	0	0	0	986	2508	1	105	-1	
3	1	146	1	0	0	986	2508	1	105	-1	
4	1	146	1	1	0	986	2508	1	105	-1	
5	1	146	1	1	1	986	2508	1	105	95.000000	 
2	1	147	0	0	0	1329	2501	3	118	-1	
3	1	147	1	0	0	1329	2501	3	118	-1	
4	1	147	1	1	0	1329	2501	3	118	-1	
5	1	147	1	1	1	1329	2501	3	118	95.000000	 
2	1	148	0	0	0	993	2538	1	72	-1	
3	1	148	1	0	0	993	2538	1	72	-1	
4	1	148	1	1	0	993	2538	1	72	-1	
5	1	148	1	1	1	993	2538	1	72	95.000000	 
2	1	149	0	0	0	991	2539	3	71	-1	
3	1	149	1	0	0	991	2539	3	71	-1	
4	1	149	1	1	0	991	2539	3	71	-1	
5	1	149	1	1	1	991	2539	3	71	95.000000	 
2	1	150	0	0	0	1008	2546	4	67	-1	
3	1	150	1	0	0	1008	2546	4	67	-1	
4	1	150	1	1	0	1008	2546	4	67	-1	
5	1	150	1	1	1	1008	2546	4	67	95.000000	 
2	1	151	0	0	0	993	2554	3	56	-1	
3	1	151	1	0	0	993	2554	3	56	-1	
4	1	151	1	1	0	993	2554	3	56	-1	
5	1	151	1	1	1	993	2554	3	56	95.000000	 
2	1	152	0	0	0	1074	2559	1	49	-1	
3	1	152	1	0	0	1074	2559	1	49	-1	
4	1	152	1	1	0	1074	2559	1	49	-1	
5	1	152	1	1	1	1074	2559	1	49	95.000000	 
2	1	153	0	0	0	1010	2546	1	81	-1	
3	1	153	1	0	0	1010	2546	1	81	-1	
4	1	153	1	1	0	1010	2546	1	81	-1	
5	1	153	1	1	1	1010	2546	1	81	95.000000	 
2	1	154	0	0	0	1010	2546	1	81	-1	
3	1	154	1	0	0	1010	2546	1	81	-1	
4	1	154	1	1	0	1010	2546	1	81	-1	
5	1	154	1	1	1	1010	2546	1	81	95.000000	 
2	1	155	0	0	0	1010	2546	3	81	-1	
3	1	155	1	0	0	1010	2546	3	81	-1	
4	1	155	1	1	0	1010	2546	3	81	-1	
5	1	155	1	1	1	1010	2546	3	81	95.000000	 
2	1	156	0	0	0	1072	2569	3	39	-1	
3	1	156	1	0	0	1072	2569	3	39	-1	
4	1	156	1	1	0	1072	2569	3	39	-1	
5	1	156	1	1	1	1072	2569	3	39	95.000000	 
2	1	157	0	0	0	1282	2568	1	46	-1	
3	1	157	1	0	0	1282	2568	1	46	-1	
4	1	157	1	1	0	1282	2568	1	46	-1	
5	1	157	1	1	1	1282	2568	1	46	95.000000	 
2	1	158	0	0	0	1060	2581	3	24	-1	
3	1	158	1	0	0	1060	2581	3	24	-1	
4	1	158	1	1	0	1060	2581	3	24	-1	
5	1	158	1	1	1	1060	2581	3	24	95.000000	 
2	1	159	0	0	0	1081	2575	3	38	-1	
3	1	159	1	0	0	1081	2575	3	38	-1	
4	1	159	1	1	0	1081	2575	3	38	-1	
5	1	159	1	1	1	1081	2575	3	38	95.000000	 
2	1	160	0	0	0	974	2585	1	23	-1	
3	1	160	1	0	0	974	2585	1	23	-1	
4	1	160	1	1	0	974	2585	1	23	-1	
5	1	160	1	1	1	974	2585	1	23	95.000000	 
2	1	161	0	0	0	977	2586	1	22	-1	
3	1	161	1	0	0	977	2586	1	22	-1	
4	1	161	1	1	0	977	2586	1	22	-1	
5	1	161	1	1	1	977	2586	1	22	95.000000	 
2	1	162	0	0	0	1075	2587	3	21	-1	
3	1	162	1	0	0	1075	2587	3	21	-1	
4	1	162	1	1	0	1075	2587	3	21	-1	
5	1	162	1	1	1	1075	2587	3	21	95.000000	 
2	1	163	0	0	0	1076	2587	1	23	-1	
3	1	163	1	0	0	1076	2587	1	23	-1	
4	1	163	1	1	0	1076	2587	1	23	-1	
5	1	163	1	1	1	1076	2587	1	23	95.000000	 
2	1	164	0	0	0	1083	2587	1	26	-1	
3	1	164	1	0	0	1083	2587	1	26	-1	
4	1	164	1	1	0	1083	2587	1	26	-1	
5	1	164	1	1	1	1083	2587	1	26	95.000000	 
2	1	165	0	0	0	1284	2591	1	23	-1	
3	1	165	1	0	0	1284	2591	1	23	-1	
4	1	165	1	1	0	1284	2591	1	23	-1	
5	1	165	1	1	1	1284	2591	1	23	95.000000	 
2	1	166	0	0	0	1338	2602	18	1	-1	
3	1	166	1	0	0	1338	2602	18	1	-1	
4	1	166	1	1	0	1338	2602	18	1	-1	
5	1	166	1	1	1	1338	2602	18	1	95.000000	 
2	1	167	0	0	0	1281	2595	3	19	-1	
3	1	167	1	0	0	1281	2595	3	19	-1	
4	1	167	1	1	0	1281	2595	3	19	-1	
5	1	167	1	1	1	1281	2595	3	19	95.000000	 
2	1	168	0	0	0	967	2606	328	3	-1	
3	1	168	1	0	0	967	2606	328	3	-1	
4	1	168	1	1	0	967	2606	328	3	-1	
5	1	168	1	1	1	967	2606	328	3	95.000000	 
2	1	169	0	0	0	967	2604	330	6	-1	
3	1	169	1	0	0	967	2604	330	6	-1	
4	1	169	1	1	0	967	2604	330	6	-1	
5	1	169	1	1	1	967	2604	330	6	95.000000	 
2	1	170	0	0	0	1267	2612	28	1	-1	
3	1	170	1	0	0	1267	2612	28	1	-1	
4	1	170	1	1	0	1267	2612	28	1	-1	
5	1	170	1	1	1	1267	2612	28	1	95.000000	 
2	1	171	0	0	0	1147	2604	1	21	-1	
3	1	171	1	0	0	1147	2604	1	21	-1	
4	1	171	1	1	0	1147	2604	1	21	-1	
5	1	171	1	1	1	1147	2604	1	21	95.000000	 
2	1	172	0	0	0	1005	2614	151	3	-1	
3	1	172	1	0	0	1005	2614	151	3	-1	
4	1	172	1	1	0	1005	2614	151	3	-1	
5	1	172	1	1	1	1005	2614	151	3	95.000000	 
2	1	173	0	0	0	1005	2614	151	3	-1	
3	1	173	1	0	0	1005	2614	151	3	-1	
4	1	173	1	1	0	1005	2614	151	3	-1	
5	1	173	1	1	1	1005	2614	151	3	95.000000	 
2	1	174	0	0	0	1005	2616	151	6	-1	
3	1	174	1	0	0	1005	2616	151	6	-1	
4	1	174	1	1	0	1005	2616	151	6	-1	
5	1	174	1	1	1	1005	2616	151	6	95.000000	 
2	1	175	0	0	0	1276	2615	85	7	-1	
3	1	175	1	0	0	1276	2615	85	7	-1	
4	1	175	1	1	0	1276	2615	85	7	-1	
5	1	175	1	1	1	1276	2615	85	7	95.000000	 
2	1	176	0	0	0	1005	2621	56	1	-1	
3	1	176	1	0	0	1005	2621	56	1	-1	
4	1	176	1	1	0	1005	2621	56	1	-1	
5	1	176	1	1	1	1005	2621	56	1	95.000000	 
2	1	177	0	0	0	1253	2623	110	3	-1	
3	1	177	1	0	0	1253	2623	110	3	-1	
4	1	177	1	1	0	1253	2623	110	3	-1	
5	1	177	1	1	1	1253	2623	110	3	95.000000	 
2	1	178	0	0	0	1005	2626	20	1	-1	
3	1	178	1	0	0	1005	2626	20	1	-1	
4	1	178	1	1	0	1005	2626	20	1	-1	
5	1	178	1	1	1	1005	2626	20	1	95.000000	 
2	1	179	0	0	0	1201	2458	1	188	-1	
3	1	179	1	0	0	1201	2458	1	188	-1	
4	1	179	1	1	0	1201	2458	1	188	-1	
5	1	179	1	1	1	1201	2458	1	188	95.000000	 
2	1	180	0	0	0	1050	2545	1	84	-1	
3	1	180	1	0	0	1050	2545	1	84	-1	
4	1	180	1	1	0	1050	2545	1	84	-1	
5	1	180	1	1	1	1050	2545	1	84	95.000000	 
2	1	181	0	0	0	1010	2546	3	86	-1	
3	1	181	1	0	0	1010	2546	3	86	-1	
4	1	181	1	1	0	1010	2546	3	86	-1	
5	1	181	1	1	1	1010	2546	3	86	95.000000	 
2	1	182	0	0	0	1211	2552	1	85	-1	
3	1	182	1	0	0	1211	2552	1	85	-1	
4	1	182	1	1	0	1211	2552	1	85	-1	
5	1	182	1	1	1	1211	2552	1	85	95.000000	 
2	1	183	0	0	0	1046	2573	3	56	-1	
3	1	183	1	0	0	1046	2573	3	56	-1	
4	1	183	1	1	0	1046	2573	3	56	-1	
5	1	183	1	1	1	1046	2573	3	56	95.000000	 
2	1	184	0	0	0	1280	2595	1	33	-1	
3	1	184	1	0	0	1280	2595	1	33	-1	
4	1	184	1	1	0	1280	2595	1	33	-1	
5	1	184	1	1	1	1280	2595	1	33	95.000000	 
2	1	185	0	0	0	1346	2599	3	49	-1	
3	1	185	1	0	0	1346	2599	3	49	-1	
4	1	185	1	1	0	1346	2599	3	49	-1	
5	1	185	1	1	1	1346	2599	3	49	95.000000	 
2	1	186	0	0	0	1253	2625	113	3	-1	
3	1	186	1	0	0	1253	2625	113	3	-1	
4	1	186	1	1	0	1253	2625	113	3	-1	
5	1	186	1	1	1	1253	2625	113	3	95.000000	 
2	1	187	0	0	0	1176	2626	190	7	-1	
3	1	187	1	0	0	1176	2626	190	7	-1	
4	1	187	1	1	0	1176	2626	190	7	-1	
5	1	187	1	1	1	1176	2626	190	7	95.000000	 
2	1	188	0	0	0	1187	2628	179	4	-1	
3	1	188	1	0	0	1187	2628	179	4	-1	
4	1	188	1	1	0	1187	2628	179	4	-1	
5	1	188	1	1	1	1187	2628	179	4	95.000000	 
2	1	189	0	0	0	1187	2631	178	1	-1	
3	1	189	1	0	0	1187	2631	178	1	-1	
4	1	189	1	1	0	1187	2631	178	1	-1	
5	1	189	1	1	1	1187	2631	178	1	95.000000	 
2	1	190	0	0	0	1342	2631	23	1	-1	
3	1	190	1	0	0	1342	2631	23	1	-1	
4	1	190	1	1	0	1342	2631	23	1	-1	
5	1	190	1	1	1	1342	2631	23	1	95.000000	 
2	1	191	0	0	0	1364	2626	1	18	-1	
3	1	191	1	0	0	1364	2626	1	18	-1	
4	1	191	1	1	0	1364	2626	1	18	-1	
5	1	191	1	1	1	1364	2626	1	18	95.000000	 
2	1	192	0	0	0	1194	2626	1	20	-1	
3	1	192	1	0	0	1194	2626	1	20	-1	
4	1	192	1	1	0	1194	2626	1	20	-1	
5	1	192	1	1	1	1194	2626	1	20	95.000000	 
2	1	193	0	0	0	1197	2638	153	1	-1	
3	1	193	1	0	0	1197	2638	153	1	-1	
4	1	193	1	1	0	1197	2638	153	1	-1	
5	1	193	1	1	1	1197	2638	153	1	95.000000	 
2	1	194	0	0	0	1197	2638	153	1	-1	
3	1	194	1	0	0	1197	2638	153	1	-1	
4	1	194	1	1	0	1197	2638	153	1	-1	
5	1	194	1	1	1	1197	2638	153	1	95.000000	 
2	1	195	0	0	0	1188	2638	162	3	-1	
3	1	195	1	0	0	1188	2638	162	3	-1	
4	1	195	1	1	0	1188	2638	162	3	-1	
5	1	195	1	1	1	1188	2638	162	3	95.000000	 
2	1	196	0	0	0	1197	2638	154	3	-1	
3	1	196	1	0	0	1197	2638	154	3	-1	
4	1	196	1	1	0	1197	2638	154	3	-1	
5	1	196	1	1	1	1197	2638	154	3	95.000000	 
2	1	197	0	0	0	1184	2644	141	5	-1	
3	1	197	1	0	0	1184	2644	141	5	-1	
4	1	197	1	1	0	1184	2644	141	5	-1	
5	1	197	1	1	1	1184	2644	141	5	95.000000	 
2	1	198	0	0	0	1184	2647	143	2	-1	
3	1	198	1	0	0	1184	2647	143	2	-1	
4	1	198	1	1	0	1184	2647	143	2	-1	
5	1	198	1	1	1	1184	2647	143	2	95.000000	 
2	1	199	0	0	0	1204	2495	3	158	-1	
3	1	199	1	0	0	1204	2495	3	158	-1	
4	1	199	1	1	0	1204	2495	3	158	-1	
5	1	199	1	1	1	1204	2495	3	158	95.000000	 
2	1	200	0	0	0	1206	2495	5	159	-1	
3	1	200	1	0	0	1206	2495	5	159	-1	
4	1	200	1	1	0	1206	2495	5	159	-1	
5	1	200	1	1	1	1206	2495	5	159	95.000000	 
2	1	201	0	0	0	1209	2495	1	159	-1	
3	1	201	1	0	0	1209	2495	1	159	-1	
4	1	201	1	1	0	1209	2495	1	159	-1	
5	1	201	1	1	1	1209	2495	1	159	95.000000	 
2	1	202	0	0	0	1331	2501	7	152	-1	
3	1	202	1	0	0	1331	2501	7	152	-1	
4	1	202	1	1	0	1331	2501	7	152	-1	
5	1	202	1	1	1	1331	2501	7	152	95.000000	 
2	1	203	0	0	0	1310	2504	8	153	-1	
3	1	203	1	0	0	1310	2504	8	153	-1	
4	1	203	1	1	0	1310	2504	8	153	-1	
5	1	203	1	1	1	1310	2504	8	153	95.000000	 
2	1	204	0	0	0	936	2511	3	147	-1	
3	1	204	1	0	0	936	2511	3	147	-1	
4	1	204	1	1	0	936	2511	3	147	-1	
5	1	204	1	1	1	936	2511	3	147	95.000000	 
2	1	205	0	0	0	937	2511	3	147	-1	
3	1	205	1	0	0	937	2511	3	147	-1	
4	1	205	1	1	0	937	2511	3	147	-1	
5	1	205	1	1	1	937	2511	3	147	95.000000	 
2	1	206	0	0	0	1310	2510	1	147	-1	
3	1	206	1	0	0	1310	2510	1	147	-1	
4	1	206	1	1	0	1310	2510	1	147	-1	
5	1	206	1	1	1	1310	2510	1	147	95.000000	 
2	1	207	0	0	0	1310	2510	3	147	-1	
3	1	207	1	0	0	1310	2510	3	147	-1	
4	1	207	1	1	0	1310	2510	3	147	-1	
5	1	207	1	1	1	1310	2510	3	147	95.000000	 
2	1	208	0	0	0	934	2513	8	145	-1	
3	1	208	1	0	0	934	2513	8	145	-1	
4	1	208	1	1	0	934	2513	8	145	-1	
5	1	208	1	1	1	934	2513	8	145	95.000000	 
2	1	209	0	0	0	1335	2519	3	134	-1	
3	1	209	1	0	0	1335	2519	3	134	-1	
4	1	209	1	1	0	1335	2519	3	134	-1	
5	1	209	1	1	1	1335	2519	3	134	95.000000	 
2	1	210	0	0	0	1336	2522	1	131	-1	
3	1	210	1	0	0	1336	2522	1	131	-1	
4	1	210	1	1	0	1336	2522	1	131	-1	
5	1	210	1	1	1	1336	2522	1	131	95.000000	 
2	1	211	0	0	0	1310	2521	4	136	-1	
3	1	211	1	0	0	1310	2521	4	136	-1	
4	1	211	1	1	0	1310	2521	4	136	-1	
5	1	211	1	1	1	1310	2521	4	136	95.000000	 
2	1	212	0	0	0	1336	2522	11	137	-1	
3	1	212	1	0	0	1336	2522	11	137	-1	
4	1	212	1	1	0	1336	2522	11	137	-1	
5	1	212	1	1	1	1336	2522	11	137	95.000000	 
2	1	213	0	0	0	1309	2526	3	131	-1	
3	1	213	1	0	0	1309	2526	3	131	-1	
4	1	213	1	1	0	1309	2526	3	131	-1	
5	1	213	1	1	1	1309	2526	3	131	95.000000	 
2	1	214	0	0	0	1305	2547	9	110	-1	
3	1	214	1	0	0	1305	2547	9	110	-1	
4	1	214	1	1	0	1305	2547	9	110	-1	
5	1	214	1	1	1	1305	2547	9	110	95.000000	 
2	1	215	0	0	0	1207	2552	7	102	-1	
3	1	215	1	0	0	1207	2552	7	102	-1	
4	1	215	1	1	0	1207	2552	7	102	-1	
5	1	215	1	1	1	1207	2552	7	102	95.000000	 
2	1	216	0	0	0	1306	2547	1	115	-1	
3	1	216	1	0	0	1306	2547	1	115	-1	
4	1	216	1	1	0	1306	2547	1	115	-1	
5	1	216	1	1	1	1306	2547	1	115	95.000000	 
2	1	217	0	0	0	1343	2556	2	103	-1	
3	1	217	1	0	0	1343	2556	2	103	-1	
4	1	217	1	1	0	1343	2556	2	103	-1	
5	1	217	1	1	1	1343	2556	2	103	95.000000	 
2	1	218	0	0	0	1341	2582	4	77	-1	
3	1	218	1	0	0	1341	2582	4	77	-1	
4	1	218	1	1	0	1341	2582	4	77	-1	
5	1	218	1	1	1	1341	2582	4	77	95.000000	 
2	1	219	0	0	0	1360	2616	1	48	-1	
3	1	219	1	0	0	1360	2616	1	48	-1	
4	1	219	1	1	0	1360	2616	1	48	-1	
5	1	219	1	1	1	1360	2616	1	48	95.000000	 
2	1	220	0	0	0	1184	2647	182	4	-1	
3	1	220	1	0	0	1184	2647	182	4	-1	
4	1	220	1	1	0	1184	2647	182	4	-1	
5	1	220	1	1	1	1184	2647	182	4	95.000000	 
2	1	221	0	0	0	1339	2652	23	1	-1	
3	1	221	1	0	0	1339	2652	23	1	-1	
4	1	221	1	1	0	1339	2652	23	1	-1	
5	1	221	1	1	1	1339	2652	23	1	95.000000	 
2	1	222	0	0	0	1340	2654	22	2	-1	
3	1	222	1	0	0	1340	2654	22	2	-1	
4	1	222	1	1	0	1340	2654	22	2	-1	
5	1	222	1	1	1	1340	2654	22	2	95.000000	 
2	1	223	0	0	0	1339	2664	19	1	-1	
3	1	223	1	0	0	1339	2664	19	1	-1	
4	1	223	1	1	0	1339	2664	19	1	-1	
5	1	223	1	1	1	1339	2664	19	1	95.000000	 
2	1	224	0	0	0	1308	2510	3	165	-1	
3	1	224	1	0	0	1308	2510	3	165	-1	
4	1	224	1	1	0	1308	2510	3	165	-1	
5	1	224	1	1	1	1308	2510	3	165	95.000000	 
2	1	225	0	0	0	1234	2529	1	155	-1	
3	1	225	1	0	0	1234	2529	1	155	-1	
4	1	225	1	1	0	1234	2529	1	155	-1	
5	1	225	1	1	1	1234	2529	1	155	95.000000	 
2	1	226	0	0	0	1230	2544	5	140	-1	
3	1	226	1	0	0	1230	2544	5	140	-1	
4	1	226	1	1	0	1230	2544	5	140	-1	
5	1	226	1	1	1	1230	2544	5	140	95.000000	 
2	1	227	0	0	0	1168	2611	1	87	-1	
3	1	227	1	0	0	1168	2611	1	87	-1	
4	1	227	1	1	0	1168	2611	1	87	-1	
5	1	227	1	1	1	1168	2611	1	87	95.000000	 
2	1	228	0	0	0	1340	2690	19	1	-1	
3	1	228	1	0	0	1340	2690	19	1	-1	
4	1	228	1	1	0	1340	2690	19	1	-1	
5	1	228	1	1	1	1340	2690	19	1	95.000000	 
2	1	229	0	0	0	1339	2692	20	1	-1	
3	1	229	1	0	0	1339	2692	20	1	-1	
4	1	229	1	1	0	1339	2692	20	1	-1	
5	1	229	1	1	1	1339	2692	20	1	95.000000	 
2	1	230	0	0	0	1230	2529	4	187	-1	
3	1	230	1	0	0	1230	2529	4	187	-1	
4	1	230	1	1	0	1230	2529	4	187	-1	
5	1	230	1	1	1	1230	2529	4	187	95.000000	 
2	1	231	0	0	0	1349	2599	3	115	-1	
3	1	231	1	0	0	1349	2599	3	115	-1	
4	1	231	1	1	0	1349	2599	3	115	-1	
5	1	231	1	1	1	1349	2599	3	115	95.000000	 
2	1	232	0	0	0	1225	2708	20	1	-1	
3	1	232	1	0	0	1225	2708	20	1	-1	
4	1	232	1	1	0	1225	2708	20	1	-1	
5	1	232	1	1	1	1225	2708	20	1	95.000000	 
2	1	233	0	0	0	1229	2713	18	1	-1	
3	1	233	1	0	0	1229	2713	18	1	-1	
4	1	233	1	1	0	1229	2713	18	1	-1	
5	1	233	1	1	1	1229	2713	18	1	95.000000	 
2	1	234	0	0	0	1227	2715	18	1	-1	
3	1	234	1	0	0	1227	2715	18	1	-1	
4	1	234	1	1	0	1227	2715	18	1	-1	
5	1	234	1	1	1	1227	2715	18	1	95.000000	 
2	1	235	0	0	0	1323	2482	3	246	-1	
3	1	235	1	0	0	1323	2482	3	246	-1	
4	1	235	1	1	0	1323	2482	3	246	-1	
5	1	235	1	1	1	1323	2482	3	246	95.000000	 
2	1	236	0	0	0	1321	2484	6	244	-1	
3	1	236	1	0	0	1321	2484	6	244	-1	
4	1	236	1	1	0	1321	2484	6	244	-1	
5	1	236	1	1	1	1321	2484	6	244	95.000000	 
2	1	237	0	0	0	1321	2484	6	244	-1	
3	1	237	1	0	0	1321	2484	6	244	-1	
4	1	237	1	1	0	1321	2484	6	244	-1	
5	1	237	1	1	1	1321	2484	6	244	95.000000	 
2	1	238	0	0	0	1238	2538	3	185	-1	
3	1	238	1	0	0	1238	2538	3	185	-1	
4	1	238	1	1	0	1238	2538	3	185	-1	
5	1	238	1	1	1	1238	2538	3	185	95.000000	 
2	1	239	0	0	0	1238	2567	6	156	-1	
3	1	239	1	0	0	1238	2567	6	156	-1	
4	1	239	1	1	0	1238	2567	6	156	-1	
5	1	239	1	1	1	1238	2567	6	156	95.000000	 
2	1	240	0	0	0	1290	2576	3	148	-1	
3	1	240	1	0	0	1290	2576	3	148	-1	
4	1	240	1	1	0	1290	2576	3	148	-1	
5	1	240	1	1	1	1290	2576	3	148	95.000000	 
2	1	241	0	0	0	1290	2588	8	136	-1	
3	1	241	1	0	0	1290	2588	8	136	-1	
4	1	241	1	1	0	1290	2588	8	136	-1	
5	1	241	1	1	1	1290	2588	8	136	95.000000	 
2	1	242	0	0	0	1290	2598	6	126	-1	
3	1	242	1	0	0	1290	2598	6	126	-1	
4	1	242	1	1	0	1290	2598	6	126	-1	
5	1	242	1	1	1	1290	2598	6	126	95.000000	 
2	1	243	0	0	0	1290	2598	18	126	-1	
3	1	243	1	0	0	1290	2598	18	126	-1	
4	1	243	1	1	0	1290	2598	18	126	-1	
5	1	243	1	1	1	1290	2598	18	126	95.000000	 
2	1	244	0	0	0	1243	2704	3	24	-1	
3	1	244	1	0	0	1243	2704	3	24	-1	
4	1	244	1	1	0	1243	2704	3	24	-1	
5	1	244	1	1	1	1243	2704	3	24	95.000000	 
2	1	245	0	0	0	963	2767	1	18	-1	
3	1	245	1	0	0	963	2767	1	18	-1	
4	1	245	1	1	0	963	2767	1	18	-1	
5	1	245	1	1	1	963	2767	1	18	95.000000	 
2	1	246	0	0	0	1113	2791	28	1	-1	
3	1	246	1	0	0	1113	2791	28	1	-1	
4	1	246	1	1	0	1113	2791	28	1	-1	
5	1	246	1	1	1	1113	2791	28	1	95.000000	 
2	1	247	0	0	0	1135	2615	7	194	-1	
3	1	247	1	0	0	1135	2615	7	194	-1	
4	1	247	1	1	0	1135	2615	7	194	-1	
5	1	247	1	1	1	1135	2615	7	194	95.000000	 
2	1	248	0	0	0	1136	2615	7	194	-1	
3	1	248	1	0	0	1136	2615	7	194	-1	
4	1	248	1	1	0	1136	2615	7	194	-1	
5	1	248	1	1	1	1136	2615	7	194	95.000000	 
2	1	249	0	0	0	1029	2781	1	19	-1	
3	1	249	1	0	0	1029	2781	1	19	-1	
4	1	249	1	1	0	1029	2781	1	19	-1	
5	1	249	1	1	1	1029	2781	1	19	95.000000	 
2	1	250	0	0	0	1008	2793	134	4	-1	
3	1	250	1	0	0	1008	2793	134	4	-1	
4	1	250	1	1	0	1008	2793	134	4	-1	
5	1	250	1	1	1	1008	2793	134	4	95.000000	 
2	1	251	0	0	0	1008	2795	169	3	-1	
3	1	251	1	0	0	1008	2795	169	3	-1	
4	1	251	1	1	0	1008	2795	169	3	-1	
5	1	251	1	1	1	1008	2795	169	3	95.000000	 
2	1	252	0	0	0	1008	2794	178	5	-1	
3	1	252	1	0	0	1008	2794	178	5	-1	
4	1	252	1	1	0	1008	2794	178	5	-1	
5	1	252	1	1	1	1008	2794	178	5	95.000000	 
2	1	253	0	0	0	1101	2802	109	6	-1	
3	1	253	1	0	0	1101	2802	109	6	-1	
4	1	253	1	1	0	1101	2802	109	6	-1	
5	1	253	1	1	1	1101	2802	109	6	95.000000	 
2	1	254	0	0	0	1177	2798	3	20	-1	
3	1	254	1	0	0	1177	2798	3	20	-1	
4	1	254	1	1	0	1177	2798	3	20	-1	
5	1	254	1	1	1	1177	2798	3	20	95.000000	 
2	1	255	0	0	0	1088	2808	122	3	-1	
3	1	255	1	0	0	1088	2808	122	3	-1	
4	1	255	1	1	0	1088	2808	122	3	-1	
5	1	255	1	1	1	1088	2808	122	3	95.000000	 
2	1	256	0	0	0	1088	2808	122	3	-1	
3	1	256	1	0	0	1088	2808	122	3	-1	
4	1	256	1	1	0	1088	2808	122	3	-1	
5	1	256	1	1	1	1088	2808	122	3	95.000000	 
2	1	257	0	0	0	1088	2808	127	5	-1	
3	1	257	1	0	0	1088	2808	127	5	-1	
4	1	257	1	1	0	1088	2808	127	5	-1	
5	1	257	1	1	1	1088	2808	127	5	95.000000	 
2	1	258	0	0	0	1088	2809	139	3	-1	
3	1	258	1	0	0	1088	2809	139	3	-1	
4	1	258	1	1	0	1088	2809	139	3	-1	
5	1	258	1	1	1	1088	2809	139	3	95.000000	 
2	1	259	0	0	0	1505	2813	70	3	-1	
3	1	259	1	0	0	1505	2813	70	3	-1	
4	1	259	1	1	0	1505	2813	70	3	-1	
5	1	259	1	1	1	1505	2813	70	3	95.000000	 
2	1	260	0	0	0	1190	2815	25	1	-1	
3	1	260	1	0	0	1190	2815	25	1	-1	
4	1	260	1	1	0	1190	2815	25	1	-1	
5	1	260	1	1	1	1190	2815	25	1	95.000000	 
2	1	261	0	0	0	1196	2814	19	3	-1	
3	1	261	1	0	0	1196	2814	19	3	-1	
4	1	261	1	1	0	1196	2814	19	3	-1	
5	1	261	1	1	1	1196	2814	19	3	95.000000	 
2	1	262	0	0	0	1505	2813	58	5	-1	
3	1	262	1	0	0	1505	2813	58	5	-1	
4	1	262	1	1	0	1505	2813	58	5	-1	
5	1	262	1	1	1	1505	2813	58	5	95.000000	 
2	1	263	0	0	0	1196	2817	19	1	-1	
3	1	263	1	0	0	1196	2817	19	1	-1	
4	1	263	1	1	0	1196	2817	19	1	-1	
5	1	263	1	1	1	1196	2817	19	1	95.000000	 
2	1	264	0	0	0	1137	2615	5	211	-1	
3	1	264	1	0	0	1137	2615	5	211	-1	
4	1	264	1	1	0	1137	2615	5	211	-1	
5	1	264	1	1	1	1137	2615	5	211	95.000000	 
2	1	265	0	0	0	1349	2599	18	241	-1	
3	1	265	1	0	0	1349	2599	18	241	-1	
4	1	265	1	1	0	1349	2599	18	241	-1	
5	1	265	1	1	1	1349	2599	18	241	95.000000	 
2	1	266	0	0	0	1350	2599	13	241	-1	
3	1	266	1	0	0	1350	2599	13	241	-1	
4	1	266	1	1	0	1350	2599	13	241	-1	
5	1	266	1	1	1	1350	2599	13	241	95.000000	 
2	1	267	0	0	0	1357	2613	3	227	-1	
3	1	267	1	0	0	1357	2613	3	227	-1	
4	1	267	1	1	0	1357	2613	3	227	-1	
5	1	267	1	1	1	1357	2613	3	227	95.000000	 
2	1	268	0	0	0	1357	2621	8	219	-1	
3	1	268	1	0	0	1357	2621	8	219	-1	
4	1	268	1	1	0	1357	2621	8	219	-1	
5	1	268	1	1	1	1357	2621	8	219	95.000000	 
2	1	269	0	0	0	1041	2765	1	68	-1	
3	1	269	1	0	0	1041	2765	1	68	-1	
4	1	269	1	1	0	1041	2765	1	68	-1	
5	1	269	1	1	1	1041	2765	1	68	95.000000	 
2	1	270	0	0	0	1207	2803	1	18	-1	
3	1	270	1	0	0	1207	2803	1	18	-1	
4	1	270	1	1	0	1207	2803	1	18	-1	
5	1	270	1	1	1	1207	2803	1	18	95.000000	 
2	1	271	0	0	0	1176	2798	1	30	-1	
3	1	271	1	0	0	1176	2798	1	30	-1	
4	1	271	1	1	0	1176	2798	1	30	-1	
5	1	271	1	1	1	1176	2798	1	30	95.000000	 
2	1	272	0	0	0	1212	2805	1	18	-1	
3	1	272	1	0	0	1212	2805	1	18	-1	
4	1	272	1	1	0	1212	2805	1	18	-1	
5	1	272	1	1	1	1212	2805	1	18	95.000000	 
2	1	273	0	0	0	1339	2802	1	24	-1	
3	1	273	1	0	0	1339	2802	1	24	-1	
4	1	273	1	1	0	1339	2802	1	24	-1	
5	1	273	1	1	1	1339	2802	1	24	95.000000	 
2	1	274	0	0	0	1050	2807	1	18	-1	
3	1	274	1	0	0	1050	2807	1	18	-1	
4	1	274	1	1	0	1050	2807	1	18	-1	
5	1	274	1	1	1	1050	2807	1	18	95.000000	 
2	1	275	0	0	0	1337	2801	1	27	-1	
3	1	275	1	0	0	1337	2801	1	27	-1	
4	1	275	1	1	0	1337	2801	1	27	-1	
5	1	275	1	1	1	1337	2801	1	27	95.000000	 
2	1	276	0	0	0	1188	2801	1	31	-1	
3	1	276	1	0	0	1188	2801	1	31	-1	
4	1	276	1	1	0	1188	2801	1	31	-1	
5	1	276	1	1	1	1188	2801	1	31	95.000000	 
2	1	277	0	0	0	1105	2804	1	29	-1	
3	1	277	1	0	0	1105	2804	1	29	-1	
4	1	277	1	1	0	1105	2804	1	29	-1	
5	1	277	1	1	1	1105	2804	1	29	95.000000	 
2	1	278	0	0	0	1202	2805	1	25	-1	
3	1	278	1	0	0	1202	2805	1	25	-1	
4	1	278	1	1	0	1202	2805	1	25	-1	
5	1	278	1	1	1	1202	2805	1	25	95.000000	 
2	1	279	0	0	0	1121	2815	442	10	-1	
3	1	279	1	0	0	1121	2815	442	10	-1	
4	1	279	1	1	0	1121	2815	442	10	-1	
5	1	279	1	1	1	1121	2815	442	10	95.000000	 
2	1	280	0	0	0	1121	2819	398	4	-1	
3	1	280	1	0	0	1121	2819	398	4	-1	
4	1	280	1	1	0	1121	2819	398	4	-1	
5	1	280	1	1	1	1121	2819	398	4	95.000000	 
2	1	281	0	0	0	1038	2814	541	15	-1	
3	1	281	1	0	0	1038	2814	541	15	-1	
4	1	281	1	1	0	1038	2814	541	15	-1	
5	1	281	1	1	1	1038	2814	541	15	95.000000	 
2	1	282	0	0	0	1053	2812	1	21	-1	
3	1	282	1	0	0	1053	2812	1	21	-1	
4	1	282	1	1	0	1053	2812	1	21	-1	
5	1	282	1	1	1	1053	2812	1	21	95.000000	 
2	1	283	0	0	0	1121	2819	458	5	-1	
3	1	283	1	0	0	1121	2819	458	5	-1	
4	1	283	1	1	0	1121	2819	458	5	-1	
5	1	283	1	1	1	1121	2819	458	5	95.000000	 
2	1	284	0	0	0	1192	2812	1	19	-1	
3	1	284	1	0	0	1192	2812	1	19	-1	
4	1	284	1	1	0	1192	2812	1	19	-1	
5	1	284	1	1	1	1192	2812	1	19	95.000000	 
2	1	285	0	0	0	1196	2816	383	10	-1	
3	1	285	1	0	0	1196	2816	383	10	-1	
4	1	285	1	1	0	1196	2816	383	10	-1	
5	1	285	1	1	1	1196	2816	383	10	95.000000	 
2	1	286	0	0	0	1209	2810	1	25	-1	
3	1	286	1	0	0	1209	2810	1	25	-1	
4	1	286	1	1	0	1209	2810	1	25	-1	
5	1	286	1	1	1	1209	2810	1	25	95.000000	 
2	1	287	0	0	0	1121	2820	458	8	-1	
3	1	287	1	0	0	1121	2820	458	8	-1	
4	1	287	1	1	0	1121	2820	458	8	-1	
5	1	287	1	1	1	1121	2820	458	8	95.000000	 
2	1	288	0	0	0	1121	2820	458	8	-1	
3	1	288	1	0	0	1121	2820	458	8	-1	
4	1	288	1	1	0	1121	2820	458	8	-1	
5	1	288	1	1	1	1121	2820	458	8	95.000000	 
2	1	289	0	0	0	1121	2820	458	8	-1	
3	1	289	1	0	0	1121	2820	458	8	-1	
4	1	289	1	1	0	1121	2820	458	8	-1	
5	1	289	1	1	1	1121	2820	458	8	95.000000	 
2	1	290	0	0	0	1121	2820	458	8	-1	
3	1	290	1	0	0	1121	2820	458	8	-1	
4	1	290	1	1	0	1121	2820	458	8	-1	
5	1	290	1	1	1	1121	2820	458	8	95.000000	 
2	1	291	0	0	0	1121	2820	458	8	-1	
3	1	291	1	0	0	1121	2820	458	8	-1	
4	1	291	1	1	0	1121	2820	458	8	-1	
5	1	291	1	1	1	1121	2820	458	8	95.000000	 
2	1	292	0	0	0	1121	2821	458	5	-1	
3	1	292	1	0	0	1121	2821	458	5	-1	
4	1	292	1	1	0	1121	2821	458	5	-1	
5	1	292	1	1	1	1121	2821	458	5	95.000000	 
2	1	293	0	0	0	1204	2807	1	33	-1	
3	1	293	1	0	0	1204	2807	1	33	-1	
4	1	293	1	1	0	1204	2807	1	33	-1	
5	1	293	1	1	1	1204	2807	1	33	95.000000	 
2	1	294	0	0	0	1121	2820	456	10	-1	
3	1	294	1	0	0	1121	2820	456	10	-1	
4	1	294	1	1	0	1121	2820	456	10	-1	
5	1	294	1	1	1	1121	2820	456	10	95.000000	 
2	1	295	0	0	0	1121	2822	458	5	-1	
3	1	295	1	0	0	1121	2822	458	5	-1	
4	1	295	1	1	0	1121	2822	458	5	-1	
5	1	295	1	1	1	1121	2822	458	5	95.000000	 
2	1	296	0	0	0	1491	2814	1	21	-1	
3	1	296	1	0	0	1491	2814	1	21	-1	
4	1	296	1	1	0	1491	2814	1	21	-1	
5	1	296	1	1	1	1491	2814	1	21	95.000000	 
2	1	297	0	0	0	1025	2823	554	5	-1	
3	1	297	1	0	0	1025	2823	554	5	-1	
4	1	297	1	1	0	1025	2823	554	5	-1	
5	1	297	1	1	1	1025	2823	554	5	95.000000	 
2	1	298	0	0	0	1500	2814	1	25	-1	
3	1	298	1	0	0	1500	2814	1	25	-1	
4	1	298	1	1	0	1500	2814	1	25	-1	
5	1	298	1	1	1	1500	2814	1	25	95.000000	 
2	1	299	0	0	0	1536	2817	1	17	-1	
3	1	299	1	0	0	1536	2817	1	17	-1	
4	1	299	1	1	0	1536	2817	1	17	-1	
5	1	299	1	1	1	1536	2817	1	17	95.000000	 
2	1	300	0	0	0	1566	2817	1	19	-1	
3	1	300	1	0	0	1566	2817	1	19	-1	
4	1	300	1	1	0	1566	2817	1	19	-1	
5	1	300	1	1	1	1566	2817	1	19	95.000000	 
2	1	301	0	0	0	1498	2816	1	26	-1	
3	1	301	1	0	0	1498	2816	1	26	-1	
4	1	301	1	1	0	1498	2816	1	26	-1	
5	1	301	1	1	1	1498	2816	1	26	95.000000	 
2	1	302	0	0	0	1185	2818	1	23	-1	
3	1	302	1	0	0	1185	2818	1	23	-1	
4	1	302	1	1	0	1185	2818	1	23	-1	
5	1	302	1	1	1	1185	2818	1	23	95.000000	 
2	1	303	0	0	0	1365	2822	1	18	-1	
3	1	303	1	0	0	1365	2822	1	18	-1	
4	1	303	1	1	0	1365	2822	1	18	-1	
5	1	303	1	1	1	1365	2822	1	18	95.000000	 
2	1	304	0	0	0	1535	2830	28	1	-1	
3	1	304	1	0	0	1535	2830	28	1	-1	
4	1	304	1	1	0	1535	2830	28	1	-1	
5	1	304	1	1	1	1535	2830	28	1	95.000000	 
2	1	305	0	0	0	1557	2822	1	17	-1	
3	1	305	1	0	0	1557	2822	1	17	-1	
4	1	305	1	1	0	1557	2822	1	17	-1	
5	1	305	1	1	1	1557	2822	1	17	95.000000	 
2	1	306	0	0	0	1363	2834	17	1	-1	
3	1	306	1	0	0	1363	2834	17	1	-1	
4	1	306	1	1	0	1363	2834	17	1	-1	
5	1	306	1	1	1	1363	2834	17	1	95.000000	 
2	1	307	0	0	0	1199	2836	180	2	-1	
3	1	307	1	0	0	1199	2836	180	2	-1	
4	1	307	1	1	0	1199	2836	180	2	-1	
5	1	307	1	1	1	1199	2836	180	2	95.000000	 
2	1	308	0	0	0	1564	2835	23	1	-1	
3	1	308	1	0	0	1564	2835	23	1	-1	
4	1	308	1	1	0	1564	2835	23	1	-1	
5	1	308	1	1	1	1564	2835	23	1	95.000000	 
2	1	309	0	0	0	1195	2836	184	4	-1	
3	1	309	1	0	0	1195	2836	184	4	-1	
4	1	309	1	1	0	1195	2836	184	4	-1	
5	1	309	1	1	1	1195	2836	184	4	95.000000	 
2	1	310	0	0	0	1199	2838	180	2	-1	
3	1	310	1	0	0	1199	2838	180	2	-1	
4	1	310	1	1	0	1199	2838	180	2	-1	
5	1	310	1	1	1	1199	2838	180	2	95.000000	 
2	1	311	0	0	0	1356	2839	23	1	-1	
3	1	311	1	0	0	1356	2839	23	1	-1	
4	1	311	1	1	0	1356	2839	23	1	-1	
5	1	311	1	1	1	1356	2839	23	1	95.000000	 
2	1	312	0	0	0	1544	2840	45	1	-1	
3	1	312	1	0	0	1544	2840	45	1	-1	
4	1	312	1	1	0	1544	2840	45	1	-1	
5	1	312	1	1	1	1544	2840	45	1	95.000000	 
2	1	313	0	0	0	1119	2780	5	86	-1	
3	1	313	1	0	0	1119	2780	5	86	-1	
4	1	313	1	1	0	1119	2780	5	86	-1	
5	1	313	1	1	1	1119	2780	5	86	95.000000	 
2	1	314	0	0	0	1198	2805	4	39	-1	
3	1	314	1	0	0	1198	2805	4	39	-1	
4	1	314	1	1	0	1198	2805	4	39	-1	
5	1	314	1	1	1	1198	2805	4	39	95.000000	 
2	1	315	0	0	0	1131	2818	1	27	-1	
3	1	315	1	0	0	1131	2818	1	27	-1	
4	1	315	1	1	0	1131	2818	1	27	-1	
5	1	315	1	1	1	1131	2818	1	27	95.000000	 
2	1	316	0	0	0	1089	2805	4	60	-1	
3	1	316	1	0	0	1089	2805	4	60	-1	
4	1	316	1	1	0	1089	2805	4	60	-1	
5	1	316	1	1	1	1089	2805	4	60	95.000000	 
2	1	317	0	0	0	1572	2809	3	48	-1	
3	1	317	1	0	0	1572	2809	3	48	-1	
4	1	317	1	1	0	1572	2809	3	48	-1	
5	1	317	1	1	1	1572	2809	3	48	95.000000	 
2	1	318	0	0	0	1086	2805	3	61	-1	
3	1	318	1	0	0	1086	2805	3	61	-1	
4	1	318	1	1	0	1086	2805	3	61	-1	
5	1	318	1	1	1	1086	2805	3	61	95.000000	 
2	1	319	0	0	0	1122	2805	3	61	-1	
3	1	319	1	0	0	1122	2805	3	61	-1	
4	1	319	1	1	0	1122	2805	3	61	-1	
5	1	319	1	1	1	1122	2805	3	61	95.000000	 
2	1	320	0	0	0	1332	2816	3	39	-1	
3	1	320	1	0	0	1332	2816	3	39	-1	
4	1	320	1	1	0	1332	2816	3	39	-1	
5	1	320	1	1	1	1332	2816	3	39	95.000000	 
2	1	321	0	0	0	1576	2816	1	39	-1	
3	1	321	1	0	0	1576	2816	1	39	-1	
4	1	321	1	1	0	1576	2816	1	39	-1	
5	1	321	1	1	1	1576	2816	1	39	95.000000	 
2	1	322	0	0	0	1448	2829	1	18	-1	
3	1	322	1	0	0	1448	2829	1	18	-1	
4	1	322	1	1	0	1448	2829	1	18	-1	
5	1	322	1	1	1	1448	2829	1	18	95.000000	 
2	1	323	0	0	0	1574	2816	3	44	-1	
3	1	323	1	0	0	1574	2816	3	44	-1	
4	1	323	1	1	0	1574	2816	3	44	-1	
5	1	323	1	1	1	1574	2816	3	44	95.000000	 
2	1	324	0	0	0	1218	2821	2	40	-1	
3	1	324	1	0	0	1218	2821	2	40	-1	
4	1	324	1	1	0	1218	2821	2	40	-1	
5	1	324	1	1	1	1218	2821	2	40	95.000000	 
2	1	325	0	0	0	1112	2843	30	1	-1	
3	1	325	1	0	0	1112	2843	30	1	-1	
4	1	325	1	1	0	1112	2843	30	1	-1	
5	1	325	1	1	1	1112	2843	30	1	95.000000	 
2	1	326	0	0	0	1098	2836	1	20	-1	
3	1	326	1	0	0	1098	2836	1	20	-1	
4	1	326	1	1	0	1098	2836	1	20	-1	
5	1	326	1	1	1	1098	2836	1	20	95.000000	 
2	1	327	0	0	0	1569	2832	1	24	-1	
3	1	327	1	0	0	1569	2832	1	24	-1	
4	1	327	1	1	0	1569	2832	1	24	-1	
5	1	327	1	1	1	1569	2832	1	24	95.000000	 
2	1	328	0	0	0	1317	2843	258	6	-1	
3	1	328	1	0	0	1317	2843	258	6	-1	
4	1	328	1	1	0	1317	2843	258	6	-1	
5	1	328	1	1	1	1317	2843	258	6	95.000000	 
2	1	329	0	0	0	1434	2836	1	21	-1	
3	1	329	1	0	0	1434	2836	1	21	-1	
4	1	329	1	1	0	1434	2836	1	21	-1	
5	1	329	1	1	1	1434	2836	1	21	95.000000	 
2	1	330	0	0	0	1074	2847	158	3	-1	
3	1	330	1	0	0	1074	2847	158	3	-1	
4	1	330	1	1	0	1074	2847	158	3	-1	
5	1	330	1	1	1	1074	2847	158	3	95.000000	 
2	1	331	0	0	0	1317	2845	258	4	-1	
3	1	331	1	0	0	1317	2845	258	4	-1	
4	1	331	1	1	0	1317	2845	258	4	-1	
5	1	331	1	1	1	1317	2845	258	4	95.000000	 
2	1	332	0	0	0	1086	2847	146	5	-1	
3	1	332	1	0	0	1086	2847	146	5	-1	
4	1	332	1	1	0	1086	2847	146	5	-1	
5	1	332	1	1	1	1086	2847	146	5	95.000000	 
2	1	333	0	0	0	1046	2843	1	20	-1	
3	1	333	1	0	0	1046	2843	1	20	-1	
4	1	333	1	1	0	1046	2843	1	20	-1	
5	1	333	1	1	1	1046	2843	1	20	95.000000	 
2	1	334	0	0	0	1077	2842	1	21	-1	
3	1	334	1	0	0	1077	2842	1	21	-1	
4	1	334	1	1	0	1077	2842	1	21	-1	
5	1	334	1	1	1	1077	2842	1	21	95.000000	 
2	1	335	0	0	0	1422	2842	1	19	-1	
3	1	335	1	0	0	1422	2842	1	19	-1	
4	1	335	1	1	0	1422	2842	1	19	-1	
5	1	335	1	1	1	1422	2842	1	19	95.000000	 
2	1	336	0	0	0	1083	2852	41	3	-1	
3	1	336	1	0	0	1083	2852	41	3	-1	
4	1	336	1	1	0	1083	2852	41	3	-1	
5	1	336	1	1	1	1083	2852	41	3	95.000000	 
2	1	337	0	0	0	1318	2840	1	26	-1	
3	1	337	1	0	0	1318	2840	1	26	-1	
4	1	337	1	1	0	1318	2840	1	26	-1	
5	1	337	1	1	1	1318	2840	1	26	95.000000	 
2	1	338	0	0	0	1414	2851	156	3	-1	
3	1	338	1	0	0	1414	2851	156	3	-1	
4	1	338	1	1	0	1414	2851	156	3	-1	
5	1	338	1	1	1	1414	2851	156	3	95.000000	 
2	1	339	0	0	0	1096	2843	1	24	-1	
3	1	339	1	0	0	1096	2843	1	24	-1	
4	1	339	1	1	0	1096	2843	1	24	-1	
5	1	339	1	1	1	1096	2843	1	24	95.000000	 
2	1	340	0	0	0	1414	2850	192	7	-1	
3	1	340	1	0	0	1414	2850	192	7	-1	
4	1	340	1	1	0	1414	2850	192	7	-1	
5	1	340	1	1	1	1414	2850	192	7	95.000000	 
2	1	341	0	0	0	1414	2851	192	7	-1	
3	1	341	1	0	0	1414	2851	192	7	-1	
4	1	341	1	1	0	1414	2851	192	7	-1	
5	1	341	1	1	1	1414	2851	192	7	95.000000	 
2	1	342	0	0	0	1084	2847	1	19	-1	
3	1	342	1	0	0	1084	2847	1	19	-1	
4	1	342	1	1	0	1084	2847	1	19	-1	
5	1	342	1	1	1	1084	2847	1	19	95.000000	 
2	1	343	0	0	0	1429	2847	1	18	-1	
3	1	343	1	0	0	1429	2847	1	18	-1	
4	1	343	1	1	0	1429	2847	1	18	-1	
5	1	343	1	1	1	1429	2847	1	18	95.000000	 
2	1	344	0	0	0	1432	2847	1	17	-1	
3	1	344	1	0	0	1432	2847	1	17	-1	
4	1	344	1	1	0	1432	2847	1	17	-1	
5	1	344	1	1	1	1432	2847	1	17	95.000000	 
2	1	345	0	0	0	1074	2859	25	2	-1	
3	1	345	1	0	0	1074	2859	25	2	-1	
4	1	345	1	1	0	1074	2859	25	2	-1	
5	1	345	1	1	1	1074	2859	25	2	95.000000	 
2	1	346	0	0	0	1074	2861	47	3	-1	
3	1	346	1	0	0	1074	2861	47	3	-1	
4	1	346	1	1	0	1074	2861	47	3	-1	
5	1	346	1	1	1	1074	2861	47	3	95.000000	 
2	1	347	0	0	0	1372	2860	81	3	-1	
3	1	347	1	0	0	1372	2860	81	3	-1	
4	1	347	1	1	0	1372	2860	81	3	-1	
5	1	347	1	1	1	1372	2860	81	3	95.000000	 
2	1	348	0	0	0	1091	2864	30	1	-1	
3	1	348	1	0	0	1091	2864	30	1	-1	
4	1	348	1	1	0	1091	2864	30	1	-1	
5	1	348	1	1	1	1091	2864	30	1	95.000000	 
2	1	349	0	0	0	1552	2807	1	59	-1	
3	1	349	1	0	0	1552	2807	1	59	-1	
4	1	349	1	1	0	1552	2807	1	59	-1	
5	1	349	1	1	1	1552	2807	1	59	95.000000	 
2	1	350	0	0	0	1550	2809	3	57	-1	
3	1	350	1	0	0	1550	2809	3	57	-1	
4	1	350	1	1	0	1550	2809	3	57	-1	
5	1	350	1	1	1	1550	2809	3	57	95.000000	 
2	1	351	0	0	0	1214	2821	1	49	-1	
3	1	351	1	0	0	1214	2821	1	49	-1	
4	1	351	1	1	0	1214	2821	1	49	-1	
5	1	351	1	1	1	1214	2821	1	49	95.000000	 
2	1	352	0	0	0	1510	2809	3	74	-1	
3	1	352	1	0	0	1510	2809	3	74	-1	
4	1	352	1	1	0	1510	2809	3	74	-1	
5	1	352	1	1	1	1510	2809	3	74	95.000000	 
2	1	353	0	0	0	1384	2819	1	57	-1	
3	1	353	1	0	0	1384	2819	1	57	-1	
4	1	353	1	1	0	1384	2819	1	57	-1	
5	1	353	1	1	1	1384	2819	1	57	95.000000	 
2	1	354	0	0	0	1550	2809	1	75	-1	
3	1	354	1	0	0	1550	2809	1	75	-1	
4	1	354	1	1	0	1550	2809	1	75	-1	
5	1	354	1	1	1	1550	2809	1	75	95.000000	 
2	1	355	0	0	0	1370	2825	3	51	-1	
3	1	355	1	0	0	1370	2825	3	51	-1	
4	1	355	1	1	0	1370	2825	3	51	-1	
5	1	355	1	1	1	1370	2825	3	51	95.000000	 
2	1	356	0	0	0	1595	2842	1	25	-1	
3	1	356	1	0	0	1595	2842	1	25	-1	
4	1	356	1	1	0	1595	2842	1	25	-1	
5	1	356	1	1	1	1595	2842	1	25	95.000000	 
2	1	357	0	0	0	944	2849	1	25	-1	
3	1	357	1	0	0	944	2849	1	25	-1	
4	1	357	1	1	0	944	2849	1	25	-1	
5	1	357	1	1	1	944	2849	1	25	95.000000	 
2	1	358	0	0	0	1560	2833	3	53	-1	
3	1	358	1	0	0	1560	2833	3	53	-1	
4	1	358	1	1	0	1560	2833	3	53	-1	
5	1	358	1	1	1	1560	2833	3	53	95.000000	 
2	1	359	0	0	0	1157	2849	1	28	-1	
3	1	359	1	0	0	1157	2849	1	28	-1	
4	1	359	1	1	0	1157	2849	1	28	-1	
5	1	359	1	1	1	1157	2849	1	28	95.000000	 
2	1	360	0	0	0	1502	2872	23	3	-1	
3	1	360	1	0	0	1502	2872	23	3	-1	
4	1	360	1	1	0	1502	2872	23	3	-1	
5	1	360	1	1	1	1502	2872	23	3	95.000000	 
2	1	361	0	0	0	1588	2865	1	20	-1	
3	1	361	1	0	0	1588	2865	1	20	-1	
4	1	361	1	1	0	1588	2865	1	20	-1	
5	1	361	1	1	1	1588	2865	1	20	95.000000	 
2	1	362	0	0	0	1497	2877	71	3	-1	
3	1	362	1	0	0	1497	2877	71	3	-1	
4	1	362	1	1	0	1497	2877	71	3	-1	
5	1	362	1	1	1	1497	2877	71	3	95.000000	 
2	1	363	0	0	0	1499	2876	69	4	-1	
3	1	363	1	0	0	1499	2876	69	4	-1	
4	1	363	1	1	0	1499	2876	69	4	-1	
5	1	363	1	1	1	1499	2876	69	4	95.000000	 
2	1	364	0	0	0	1499	2879	68	3	-1	
3	1	364	1	0	0	1499	2879	68	3	-1	
4	1	364	1	1	0	1499	2879	68	3	-1	
5	1	364	1	1	1	1499	2879	68	3	95.000000	 
2	1	365	0	0	0	1524	2873	1	17	-1	
3	1	365	1	0	0	1524	2873	1	17	-1	
4	1	365	1	1	0	1524	2873	1	17	-1	
5	1	365	1	1	1	1524	2873	1	17	95.000000	 
2	1	366	0	0	0	890	2872	731	236	-1	
3	1	366	1	0	0	891	2872	730	155	-1	
4	1	366	1	1	0	922	2872	698	51	-1	
5	1	366	1	1	1	922	2890	17	22	83.082352	0
5	1	366	1	1	2	956	2872	135	51	46.936142	Αρχιτέκτων
5	1	366	1	1	3	1122	2899	21	13	65.653572	κ.
5	1	366	1	1	4	1178	2890	68	26	59.603386	Ἠλίας
5	1	366	1	1	5	1263	2885	41	36	78.543480	ἔοπ
5	1	366	1	1	6	1340	2880	33	40	0.000000	μᾶ,
5	1	366	1	1	7	1389	2893	39	21	28.548965	υπὸ
5	1	366	1	1	8	1443	2900	37	20	95.925636	την
5	1	366	1	1	9	1498	2892	71	27	94.480659	αιγίδα
5	1	366	1	1	10	1585	2900	35	13	96.760071	του
4	1	366	1	2	0	891	2926	730	31	-1	
5	1	366	1	2	1	891	2926	158	31	43.792461	ἨΠατρονιχόλας
5	1	366	1	2	2	1064	2934	35	14	67.118965	χαι
5	1	366	1	2	3	1115	2935	10	13	95.423759	ο
5	1	366	1	2	4	1141	2934	21	14	82.509949	κ.
5	1	366	1	2	5	1178	2926	24	22	0.000000	Ὦ.
5	1	366	1	2	6	1221	2926	24	23	92.458290	Α.
5	1	366	1	2	7	1254	2922	7	39	88.809998	|
5	1	366	1	2	8	1270	2927	151	29	5.677063	ἀξωραϊστικοῦ
5	1	366	1	2	9	1442	2928	115	27	92.844315	Συλλόγου.
5	1	366	1	2	10	1575	2927	46	29	96.047188	Τηλ
4	1	366	1	3	0	891	2962	730	31	-1	
5	1	366	1	3	1	891	2962	102	29	8.196014	Σμυρνἰός
5	1	366	1	3	2	1007	2970	40	22	93.634308	µας
5	1	366	1	3	3	1062	2964	148	28	33.744164	πληροφορούν
5	1	366	1	3	4	1227	2964	18	21	87.647156	ὁ-
5	1	366	1	3	5	1264	2963	130	30	42.027489	|Ἰζαλαμάτας
5	1	366	1	3	6	1420	2964	80	25	79.603210	90006,
5	1	366	1	3	7	1530	2963	91	29	46.830917	Τεωρχι-
4	1	366	1	4	0	890	2998	659	29	-1	
5	1	366	1	4	1	890	2999	27	24	0.000000	τὶ,
5	1	366	1	4	2	936	3006	23	14	96.683517	το
5	1	366	1	4	3	974	2998	123	28	63.972248	Ξενοδοχείο
5	1	366	1	4	4	1122	3000	125	27	45.582687	Γεωργιτοί-
5	1	366	1	4	5	1264	3002	57	21	39.863159	|ησίου
5	1	366	1	4	6	1334	3001	72	20	95.689537	61296
5	1	366	1	4	7	1418	3009	37	13	73.216217	και
5	1	366	1	4	8	1468	3000	81	22	47.845955	61060.
3	1	366	2	0	0	891	3034	728	70	-1	
4	1	366	2	1	0	891	3034	728	34	-1	
5	1	366	2	1	1	891	3041	22	13	96.482788	ου
5	1	366	2	1	2	928	3035	27	19	93.727127	θα
5	1	366	2	1	3	967	3034	145	27	16.379631	λειτουργήσει
5	1	366	2	1	4	1126	3042	25	20	93.278130	µε
5	1	366	2	1	5	1164	3036	82	19	71.253624	εστιατὸ|
5	1	366	2	1	6	1294	3035	65	24	16.144867	Ἅτους
5	1	366	2	1	7	1375	3038	122	25	38.360168	απανταχοῦ
5	1	366	2	1	8	1518	3046	101	22	80.259323	συµπατρι
4	1	366	2	2	0	891	3069	727	39	-1	
5	1	366	2	2	1	891	3076	40	19	69.073532	ριο,
5	1	366	2	2	2	936	3069	123	39	53.055359	θέρμανση,
5	1	366	2	2	3	1076	3076	35	14	54.347305	και
5	1	366	2	2	4	1125	3070	70	27	87.658813	πλήρη
5	1	366	2	2	5	1228	3077	19	13	84.764198	ε-
5	1	366	2	2	6	1255	3069	63	32	0.000000	τὗτας
5	1	366	2	2	7	1331	3071	104	27	23.191757	ευχόµεθα
5	1	366	2	2	8	1451	3072	53	25	60.184219	καλό
5	1	366	2	2	9	1532	3076	86	28	94.717628	Πάσχα.
2	1	367	0	0	0	923	3125	568	8	-1	
3	1	367	1	0	0	923	3125	568	8	-1	
4	1	367	1	1	0	923	3125	568	8	-1	
5	1	367	1	1	1	923	3125	568	8	95.000000	 
2	1	368	0	0	0	907	3150	713	261	-1	
3	1	368	1	0	0	907	3150	713	261	-1	
4	1	368	1	1	0	1137	3150	272	31	-1	
5	1	368	1	1	1	1137	3150	272	31	0.000000	κο
4	1	368	1	2	0	932	3204	647	35	-1	
5	1	368	1	2	1	932	3204	17	19	32.639679	ο
5	1	368	1	2	2	962	3210	19	13	85.104362	κ.
5	1	368	1	2	3	996	3204	97	21	35.560959	ΠΟΟΕΕΒ
5	1	368	1	2	4	1108	3206	71	18	0.000000	ΜΙΤ
5	1	368	1	2	5	1186	3206	46	19	0.000000	ΙΕΧ
5	1	368	1	2	6	1247	3211	41	19	95.420708	µας
5	1	368	1	2	7	1306	3206	79	24	95.858086	γράφει
5	1	368	1	2	8	1401	3208	79	23	72.781647	μεταξύ
5	1	368	1	2	9	1491	3204	88	35	85.903397	άλλων:
4	1	368	1	3	0	933	3240	687	29	-1	
5	1	368	1	3	1	933	3240	71	19	77.968765	ἘΥΓΕ
5	1	368	1	3	2	1019	3246	37	19	94.218979	για
5	1	368	1	3	3	1070	3247	25	13	96.139168	τα
5	1	368	1	3	4	1112	3242	23	19	81.288132	10
5	1	368	1	3	5	1150	3242	80	24	94.458588	χρόνια
5	1	368	1	3	6	1242	3247	37	19	96.581192	της
5	1	368	1	3	7	1294	3243	142	24	59.590408	εφημερίδας]
5	1	368	1	3	8	1452	3244	122	25	85.513924	Αξιέπαινη
5	1	368	1	3	9	1582	3254	38	13	51.886940	ναι
4	1	368	1	4	0	909	3279	673	27	-1	
5	1	368	1	4	1	909	3282	13	17	95.198456	η
5	1	368	1	4	2	935	3278	81	25	91.620735	αρχική
5	1	368	1	4	3	1030	3279	149	24	71.589348	πρωτοθουλία
5	1	368	1	4	4	1194	3285	37	20	93.035439	σας
5	1	368	1	4	5	1246	3286	38	15	88.471176	χαι
5	1	368	1	4	6	1299	3286	13	17	56.934052	Ἡ
5	1	368	1	4	7	1332	3281	94	25	74.329697	Επίµονη
5	1	368	1	4	8	1443	3284	139	22	69.955368	προσπάθεια.
4	1	368	1	5	0	931	3317	689	26	-1	
5	1	368	1	5	1	931	3317	37	18	95.087135	Με
5	1	368	1	5	2	984	3318	124	21	93.678993	προσωπική
5	1	368	1	5	3	1120	3319	155	22	93.302963	ευχαρίστηση,
5	1	368	1	5	4	1290	3320	143	23	66.388550	διαθάζοντας
5	1	368	1	5	5	1451	3325	26	14	93.294006	το
5	1	368	1	5	6	1495	3320	125	18	61.469635	«ΤΕΩΡΕΙ-
4	1	368	1	6	0	909	3352	534	39	-1	
5	1	368	1	6	1	909	3352	67	22	22.615700	ΤΣ,
5	1	368	1	6	2	993	3354	150	22	54.862232	µεταφέροµαι
5	1	368	1	6	3	1160	3354	71	23	88.530090	νοερά
5	1	368	1	6	4	1246	3360	37	13	94.614700	στο
5	1	368	1	6	5	1305	3352	138	39	45.200771	αγαπημένο,
4	1	368	1	7	0	907	3388	126	23	-1	
5	1	368	1	7	1	907	3388	69	23	93.216995	χωριό
5	1	368	1	7	2	988	3394	45	17	94.865158	µας.
2	1	369	0	0	0	1477	3356	154	22	-1	
3	1	369	1	0	0	1477	3356	154	22	-1	
4	1	369	1	1	0	1477	3356	154	22	-1	
5	1	369	1	1	1	1477	3356	154	22	22.833870	αλησμόνητο
5	1	369	1	1	2	1620	3352	13	30	34.414818	|
2	1	370	0	0	0	1145	3422	241	60	-1	
3	1	370	1	0	0	1145	3422	241	60	-1	
4	1	370	1	1	0	1163	3422	206	27	-1	
5	1	370	1	1	1	1163	3426	37	18	86.154320	Με
5	1	370	1	1	2	1215	3426	64	21	42.140167	πιστή
5	1	370	1	1	3	1291	3422	78	27	33.761147	οιγώπη.
4	1	370	1	2	0	1145	3462	241	20	-1	
5	1	370	1	2	1	1145	3462	98	20	24.804016	ἨἩΟΟΕΕΒ
5	1	370	1	2	2	1261	3462	31	19	38.209297	ΜΗ
5	1	370	1	2	3	1317	3462	69	19	26.648811	ΠΕΝ
2	1	371	0	0	0	1929	890	177	6	-1	
3	1	371	1	0	0	1929	890	177	6	-1	
4	1	371	1	1	0	1929	890	177	6	-1	
5	1	371	1	1	1	1929	890	177	6	95.000000	 
2	1	372	0	0	0	1720	782	585	120	-1	
3	1	372	1	0	0	1720	782	585	120	-1	
4	1	372	1	1	0	1720	782	585	120	-1	
5	1	372	1	1	1	1720	805	39	59	22.422569	/!
5	1	372	1	1	2	1780	802	111	100	0.000000	ΚήΠΜΙ
5	1	372	1	1	3	1914	820	165	56	19.837967	ΙΙΙ
5	1	372	1	1	4	2096	782	27	85	75.806198	[
5	1	372	1	1	5	2126	808	179	70	0.000000	Ι(υβγ]τίι
2	1	373	0	0	0	1659	907	712	889	-1	
3	1	373	1	0	0	1660	907	711	567	-1	
4	1	373	1	1	0	1663	907	623	32	-1	
5	1	373	1	1	1	1663	912	5	9	0.000000	τ
5	1	373	1	1	2	1691	910	26	19	70.120132	Ἡ
5	1	373	1	1	3	1734	910	158	27	43.066422	πκαλλυέργεια
5	1	373	1	1	4	1908	909	55	22	93.155090	των
5	1	373	1	1	5	1975	910	90	26	27.285530	κήσιὼν
5	1	373	1	1	6	2079	920	47	17	96.106514	µας
5	1	373	1	1	7	2133	907	153	32	94.074341	εἶναι
5	1	373	1	1	8	2225	903	44	40	68.396957	µία
4	1	373	1	2	0	1663	944	708	29	-1	
5	1	373	1	2	1	1663	944	134	27	58.347603	ευχάριστη
5	1	373	1	2	2	1818	945	161	27	82.681808	απααχόληση
5	1	373	1	2	3	1995	954	30	18	93.032494	µε
5	1	373	1	2	4	2044	945	95	28	92.204941	σοθαρό
5	1	373	1	2	5	2156	946	141	27	54.835018	οικονομικό
5	1	373	1	2	6	2312	946	59	27	71.457146	όφε-
4	1	373	1	3	0	1662	978	709	31	-1	
5	1	373	1	3	1	1662	978	51	28	76.706871	λος":
5	1	373	1	3	2	1728	987	15	19	60.727955	η
5	1	373	1	3	3	1756	980	87	27	96.215546	πρώτη
5	1	373	1	3	4	1856	988	49	19	93.299782	µας
5	1	373	1	3	5	1915	980	88	29	0.000000	επαρή
5	1	373	1	3	6	2019	981	95	28	96.214600	γίνεται
5	1	373	1	3	7	2128	989	47	20	51.097065	την
5	1	373	1	3	8	2190	981	95	28	96.637581	άνοιξη,
5	1	373	1	3	9	2300	990	31	19	95.893456	µε
5	1	373	1	3	10	2343	990	28	13	96.014442	το
4	1	373	1	4	0	1663	1015	708	30	-1	
5	1	373	1	4	1	1663	1015	112	28	6.248581	σκάψιμο
5	1	373	1	4	2	1788	1016	14	27	94.855133	ή
5	1	373	1	4	3	1818	1024	31	19	90.305756	µε
5	1	373	1	4	4	1864	1024	29	13	90.305756	το
5	1	373	1	4	5	1908	1016	110	27	15.906555	όργωμα.
5	1	373	1	4	6	2037	1016	34	21	93.262978	Το
5	1	373	1	4	7	2085	1016	117	28	70.065613	φύτευμα
5	1	373	1	4	8	2216	1017	97	28	74.614685	αρχίξει
5	1	373	1	4	9	2326	1025	45	14	74.614685	του
4	1	373	1	5	0	1662	1050	709	30	-1	
5	1	373	1	5	1	1662	1050	173	28	45.145840	Ῥαγγελισμού
5	1	373	1	5	2	1848	1052	74	27	91.480484	µέχρι
5	1	373	1	5	3	1934	1052	79	26	73.011955	Μάϊο,
5	1	373	1	5	4	2029	1052	62	21	73.770432	Καλό
5	1	373	1	5	5	2102	1052	64	21	83.924843	είναι
5	1	373	1	5	6	2180	1060	30	13	96.356628	να
5	1	373	1	5	7	2227	1060	32	20	90.389198	µη
5	1	373	1	5	8	2274	1052	97	27	90.899788	φυτεύε
4	1	373	1	6	0	1662	1086	708	29	-1	
5	1	373	1	6	1	1662	1094	39	13	96.973503	ται
5	1	373	1	6	2	1718	1086	57	27	93.385254	όλος
5	1	373	1	6	3	1789	1094	12	13	93.060318	ο
5	1	373	1	6	4	1814	1086	83	28	0.000000	πήπος
5	1	373	1	6	5	1915	1095	44	19	96.074089	την
5	1	373	1	6	6	1976	1087	49	21	88.377190	ίδια
5	1	373	1	6	7	2036	1087	72	28	84.935638	µέρα,
5	1	373	1	6	8	2126	1087	70	27	92.473816	αλλά,
5	1	373	1	6	9	2221	1094	31	15	57.148205	'σε
5	1	373	1	6	10	2264	1088	106	27	27.889694	χρονικά
4	1	373	1	7	0	1661	1121	708	30	-1	
5	1	373	1	7	1	1661	1121	154	28	0.000000	διαστήματα
5	1	373	1	7	2	1828	1122	73	21	83.381012	6-10
5	1	373	1	7	3	1918	1123	109	28	82.682350	ημερών,
5	1	373	1	7	4	2044	1123	73	28	91.389198	µέχρι
5	1	373	1	7	5	2135	1131	44	14	86.402550	και
5	1	373	1	7	6	2191	1123	95	26	39.680042	Τούνιο,
5	1	373	1	7	7	2304	1132	65	19	89.470825	µερι-
4	1	373	1	8	0	1662	1157	708	31	-1	
5	1	373	1	8	1	1662	1157	40	22	48.747032	ποί
5	1	373	1	8	2	1717	1166	26	13	92.534821	το
5	1	373	1	8	3	1758	1158	167	28	40.306206	εαφρµόξουν,
5	1	373	1	8	4	1942	1159	41	28	94.446625	γιά
5	1	373	1	8	5	1996	1167	30	14	87.137573	να
5	1	373	1	8	6	2038	1159	75	28	95.973862	έχουν
5	1	373	1	8	7	2124	1159	192	29	63.067429	παρατεταμένη
5	1	373	1	8	8	2326	1168	44	14	89.018097	πα-
4	1	373	1	9	0	1660	1195	710	29	-1	
5	1	373	1	9	1	1660	1195	105	27	31.054291	ϱαγωγή
5	1	373	1	9	2	1779	1203	31	19	96.666374	µε
5	1	373	1	9	3	1820	1203	33	13	95.329292	τα
5	1	373	1	9	4	1863	1195	175	28	76.906853	παραδοσιακά
5	1	373	1	9	5	2052	1195	64	29	93.295311	είδη:
5	1	373	1	9	6	2134	1195	115	28	92.502495	Πατάτα,
5	1	373	1	9	7	2264	1196	106	28	31.035179	κρομµύ-
4	1	373	1	10	0	1660	1229	709	31	-1	
5	1	373	1	10	1	1660	1231	50	26	91.857445	δια,
5	1	373	1	10	2	1728	1231	157	28	12.421532	πολορυθνές,
5	1	373	1	10	3	1906	1229	153	30	53.560532	φασολάκια,
5	1	373	1	10	4	2076	1232	115	27	22.724380	ντομάτα,
5	1	373	1	10	5	2212	1231	103	29	90.848083	καρότα,
5	1	373	1	10	6	2330	1240	39	20	28.741776	µε-
4	1	373	1	11	0	1660	1267	710	29	-1	
5	1	373	1	11	1	1660	1267	124	28	50.372162	λαξάνες,
5	1	373	1	11	2	1801	1267	124	29	91.452980	πιπεριές,
5	1	373	1	11	3	1941	1267	130	29	88.127853	μαρούλια,
5	1	373	1	11	4	2090	1268	79	28	86.431564	θλήτα
5	1	373	1	11	5	2182	1277	51	13	77.726852	κ.α.
5	1	373	1	11	6	2256	1268	50	23	92.796906	Τον
5	1	373	1	11	7	2321	1268	49	22	49.984268	«Αύ-
4	1	373	1	12	0	1662	1299	708	33	-1	
5	1	373	1	12	1	1662	1311	89	19	91.204865	γουστο
5	1	373	1	12	2	1771	1299	157	32	64.331612	φυπεύονται
5	1	373	1	12	3	1939	1313	30	13	93.296005	τα
5	1	373	1	12	4	1983	1305	162	27	71.016235	µαπολάχανα
5	1	373	1	12	5	2166	1313	43	13	93.270599	και
5	1	373	1	12	6	2223	1305	147	27	61.820351	σπέρνονται
4	1	373	1	13	0	1662	1340	708	28	-1	
5	1	373	1	13	1	1662	1340	104	26	87.020920	αντίδια,
5	1	373	1	13	2	1783	1340	126	22	74.849480	σπανάκια
5	1	373	1	13	3	1923	1340	129	28	87.991676	γογγύλια.
5	1	373	1	13	4	2068	1340	68	22	94.842171	Κάτι
5	1	373	1	13	5	2147	1349	48	13	93.297997	που
5	1	373	1	13	6	2214	1341	111	27	75.783875	θάπρεσε
5	1	373	1	13	7	2339	1349	31	13	95.411934	να
4	1	373	1	14	0	1660	1375	709	29	-1	
5	1	373	1	14	1	1660	1383	31	19	66.456619	μη
5	1	373	1	14	2	1707	1375	80	21	93.338402	λείπει
5	1	373	1	14	3	1803	1375	48	22	95.729553	από
5	1	373	1	14	4	1863	1384	40	18	95.683517	τις
5	1	373	1	14	5	1921	1376	77	27	3.945923	άκρες
5	1	373	1	14	6	2009	1384	52	13	96.677155	των
5	1	373	1	14	7	2076	1376	99	28	1.091347	κήπων,
5	1	373	1	14	8	2192	1376	15	28	70.521355	ή
5	1	373	1	14	9	2218	1385	46	13	0.000000	ναι
5	1	373	1	14	10	2276	1383	30	15	68.973358	σε
5	1	373	1	14	11	2317	1376	52	22	34.452301	ολό-
4	1	373	1	15	0	1661	1411	709	29	-1	
5	1	373	1	15	1	1661	1411	94	27	72.402229	κληρες
5	1	373	1	15	2	1764	1411	107	27	25.132439	ϐ6ραγιυές
5	1	373	1	15	3	1886	1412	64	21	96.043785	είναι
5	1	373	1	15	4	1966	1419	23	14	80.357254	οι
5	1	373	1	15	5	2006	1412	144	28	79.093689	αγγινάρες,
5	1	373	1	15	6	2167	1412	140	28	86.517250	εξαιρεπικό
5	1	373	1	15	7	2328	1420	42	14	89.613411	και
4	1	373	1	16	0	1661	1447	255	27	-1	
5	1	373	1	16	1	1661	1447	115	27	80.041595	ὠφέλιμο
5	1	373	1	16	2	1784	1447	132	27	15.704697	λαχανωιό.
3	1	373	2	0	0	1659	1482	711	314	-1	
4	1	373	2	1	0	1682	1482	687	29	-1	
5	1	373	2	1	1	1682	1482	164	28	88.873627	Απαραίτηπη
5	1	373	2	1	2	1856	1483	65	21	84.456100	είναι
5	1	373	2	1	3	1937	1491	14	19	81.180672	η
5	1	373	2	1	4	1970	1483	93	27	95.158203	αλλαγή
5	1	373	2	1	5	2082	1491	43	13	95.674599	του
5	1	373	2	1	6	2156	1483	116	28	93.865662	εδάφους
5	1	373	2	1	7	2307	1483	62	22	93.865662	κάθε
4	1	373	2	2	0	1659	1517	709	29	-1	
5	1	373	2	2	1	1659	1517	77	28	79.339500	χθόνο
5	1	373	2	2	2	1751	1525	28	14	8.652557	ος
5	1	373	2	2	3	1790	1518	64	22	0.000000	οὐάθε
5	1	373	2	2	4	1865	1518	78	27	87.429512	εἶδος.
5	1	373	2	2	5	1963	1518	32	22	90.542877	Όι
5	1	373	2	2	6	2016	1518	231	28	28.618813	πομοκολοκυθιές
5	1	373	2	2	7	2264	1519	66	22	71.043930	είναι
5	1	373	2	2	8	2345	1527	23	13	88.055733	α-
4	1	373	2	3	0	1659	1553	711	29	-1	
5	1	373	2	3	1	1659	1553	192	28	86.865387	ποδοτικότερες
5	1	373	2	3	2	1865	1554	47	21	94.574692	από
5	1	373	2	3	3	1924	1562	39	19	95.530449	τις
5	1	373	2	3	4	1972	1554	107	28	37.852779	μακριές
5	1	373	2	3	5	2092	1561	27	15	93.292625	σε
5	1	373	2	3	6	2135	1554	144	22	21.477722	κολοκύθια.
5	1	373	2	3	7	2297	1554	28	22	85.247871	Ἡ
5	1	373	2	3	8	2334	1561	36	15	42.211121	στα
4	1	373	2	4	0	1660	1589	707	28	-1	
5	1	373	2	4	1	1660	1589	91	21	91.873650	τάτα...
5	1	373	2	4	2	1766	1589	91	27	93.686745	µπορεί
5	1	373	2	4	3	1869	1597	31	13	93.287971	να
5	1	373	2	4	4	1916	1589	191	22	87.558510	4Οπλασιασθεί
5	1	373	2	4	5	2121	1598	30	19	93.284309	µε
5	1	373	2	4	6	2165	1589	116	28	92.781006	διαλεχτό
5	1	373	2	4	7	2292	1589	75	28	95.367950	φυτό,
4	1	373	2	5	0	1661	1624	708	28	-1	
5	1	373	2	5	1	1661	1624	62	21	43.324734	θαθύ
5	1	373	2	5	2	1737	1625	110	27	49.706211	όργωμα,
5	1	373	2	5	3	1864	1625	71	27	93.088936	αραιό
5	1	373	2	5	4	1946	1625	116	27	38.457138	φύπτευμα
5	1	373	2	5	5	2076	1632	27	14	93.293602	σε
5	1	373	2	5	6	2117	1625	118	27	77.562988	αυλάνια,
5	1	373	2	5	7	2254	1633	44	14	73.840767	και
5	1	373	2	5	8	2311	1633	58	14	0.000000	συα-
4	1	373	2	6	0	1660	1660	709	28	-1	
5	1	373	2	6	1	1660	1660	104	27	40.013481	λίσματα
5	1	373	2	6	2	1780	1667	30	20	89.021301	µε
5	1	373	2	6	3	1821	1660	150	28	22.624405	πιαράχωμµα.
5	1	373	2	6	4	1990	1660	112	28	40.401539	Ἀήγουρα
5	1	373	2	6	5	2123	1669	28	13	96.642715	το
5	1	373	2	6	6	2172	1660	73	28	59.734901	κλίμα
5	1	373	2	6	7	2262	1669	43	13	94.050873	και
5	1	373	2	6	8	2340	1669	29	13	94.676048	το
4	1	373	2	7	0	1661	1695	708	29	-1	
5	1	373	2	7	1	1661	1695	127	28	75.360252	υψόμετρο
5	1	373	2	7	2	1804	1695	63	22	82.523270	είναι
5	1	373	2	7	3	1883	1696	82	22	96.296852	εκείνο
5	1	373	2	7	4	1977	1703	48	14	96.460052	που
5	1	373	2	7	5	2041	1696	72	21	95.994049	κάνει
5	1	373	2	7	6	2131	1703	44	21	92.338264	την
5	1	373	2	7	7	2194	1697	106	26	57.560287	πατάτα,
5	1	373	2	7	8	2337	1704	32	15	28.686508	πα
4	1	373	2	8	0	1660	1731	708	28	-1	
5	1	373	2	8	1	1660	1731	192	27	14.815918	Ωπαριμπούγνια,
5	1	373	2	8	2	1871	1739	42	14	34.508698	Μαι
5	1	373	2	8	3	1927	1731	46	21	95.405945	όλα
5	1	373	2	8	4	1992	1739	31	14	95.405945	τα
5	1	373	2	8	5	2041	1732	141	27	91.897476	κηπευτικά
5	1	373	2	8	6	2196	1740	50	19	90.168510	µας
5	1	373	2	8	7	2258	1732	59	22	93.048157	τόσο
5	1	373	2	8	8	2330	1731	38	22	74.698997	νό-
4	1	373	2	9	0	1660	1767	407	29	-1	
5	1	373	2	9	1	1660	1774	72	20	85.417519	στιµα
5	1	373	2	9	2	1748	1775	43	13	87.153152	και
5	1	373	2	9	3	1800	1767	108	28	81.228470	αρίστης
5	1	373	2	9	4	1919	1767	148	33	9.776421	ποιόκηκας{
2	1	374	0	0	0	1684	1798	706	39	-1	
3	1	374	1	0	0	1684	1798	706	39	-1	
4	1	374	1	1	0	1684	1798	706	39	-1	
5	1	374	1	1	1	1684	1803	32	21	92.886253	Οι
5	1	374	1	1	2	1731	1803	76	34	72.172096	κήποι
5	1	374	1	1	3	1822	1800	43	35	95.740036	του
5	1	374	1	1	4	1884	1798	173	36	46.925858	Γεωργιτοίου
5	1	374	1	1	5	2074	1811	48	13	93.288742	που
5	1	374	1	1	6	2138	1803	62	27	66.887459	ήπαν
5	1	374	1	1	7	2212	1803	157	28	25.412590	πραγµατωκό
5	1	374	1	1	8	2387	1815	3	2	48.643856	-
2	1	375	0	0	0	1658	1837	715	568	-1	
3	1	375	1	0	0	1658	1837	715	350	-1	
4	1	375	1	1	0	1658	1837	715	25	-1	
5	1	375	1	1	1	1650	1832	139	29	0.000000	᾿μάνάθιρεο
5	1	375	1	1	2	1787	1838	52	24	0.000000	τά
5	1	375	1	1	3	1832	1837	85	20	45.426693	κάθε
5	1	375	1	1	4	1930	1832	78	28	55.936245	οσέεῖ,
5	1	375	1	1	5	2026	1841	42	15	79.191299	και
5	1	375	1	1	6	2083	1837	129	25	0.000000	ἔθρέιραν
5	1	375	1	1	7	2221	1837	152	25	29.546265	πολυμιελεῖς
4	1	375	1	2	0	1660	1869	708	29	-1	
5	1	375	1	2	1	1660	1869	155	28	17.092667	οὐεογένειες
5	1	375	1	2	2	1828	1869	98	22	96.074127	πολλών
5	1	375	1	2	3	1942	1870	104	27	94.792740	γενεών,
5	1	375	1	2	4	2067	1870	105	28	90.608467	σήµερα,
5	1	375	1	2	5	2191	1878	22	13	93.299820	οι
5	1	375	1	2	6	2226	1870	142	28	61.873951	περισσότε-
4	1	375	1	3	0	1659	1905	709	29	-1	
5	1	375	1	3	1	1659	1913	38	19	31.955673	ροι
5	1	375	1	3	2	1709	1905	63	21	93.298752	είναι
5	1	375	1	3	3	1786	1905	198	28	36.684273	απκαλλιέργητοι.
5	1	375	1	3	4	2000	1905	185	28	81.528748	Δυερωτόμεθα,
5	1	375	1	3	5	2198	1914	58	19	96.521820	πως
5	1	375	1	3	6	2269	1905	28	22	90.256836	δε
5	1	375	1	3	7	2314	1905	54	29	64.985718	θρέ-
4	1	375	1	4	0	1660	1935	708	33	-1	
5	1	375	1	4	1	1660	1935	62	33	30.242241	θηνε
5	1	375	1	4	2	1739	1941	106	27	93.297150	κάποιος
5	1	375	1	4	3	1860	1941	188	27	42.109829	προοδευπωκός,
5	1	375	1	4	4	2071	1949	30	13	95.765152	να
5	1	375	1	4	5	2120	1949	61	19	86.864853	τους
5	1	375	1	4	6	2208	1941	160	22	79.776093	αναλαξαίνει
4	1	375	1	5	0	1660	1977	708	27	-1	
5	1	375	1	5	1	1660	1984	40	19	96.080421	για
5	1	375	1	5	2	1712	1977	101	27	78.614769	όργωμα
5	1	375	1	5	3	1826	1985	42	13	78.265709	και
5	1	375	1	5	4	1879	1977	128	27	86.992012	φύτευμα;
5	1	375	1	5	5	2018	1985	31	19	95.868088	µε
5	1	375	1	5	6	2062	1977	74	27	0.000000	μωρό
5	1	375	1	5	7	2150	1977	161	27	35.262314	τρακτεράνει,
5	1	375	1	5	8	2326	1985	42	13	20.682846	ία-
4	1	375	1	6	0	1659	2011	709	29	-1	
5	1	375	1	6	1	1659	2011	104	28	48.074574	τάλλήηλο
5	1	375	1	6	2	1779	2019	42	14	95.124321	και
5	1	375	1	6	3	1834	2020	42	20	96.663742	για
5	1	375	1	6	4	1890	2019	31	14	93.289337	τα
5	1	375	1	6	5	1938	2012	113	28	71.240341	αμσυέλια.
5	1	375	1	6	6	2070	2012	75	21	69.986122	Ἠίναι
5	1	375	1	6	7	2158	2011	85	29	26.568077	κρίμα,
5	1	375	1	6	8	2258	2011	110	23	91.598335	αποδοτι-
4	1	375	1	7	0	1659	2047	708	29	-1	
5	1	375	1	7	1	1659	2047	41	22	85.887642	κοί
5	1	375	1	7	2	1714	2047	77	28	0.000000	2ήσοι
5	1	375	1	7	3	1805	2055	43	14	96.228477	του
5	1	375	1	7	4	1860	2049	96	27	95.206223	χωριού
5	1	375	1	7	5	1969	2056	32	13	92.508781	να
5	1	375	1	7	6	2012	2047	91	28	12.200890	μένουν
5	1	375	1	7	7	2122	2048	118	28	50.255096	αδρανείς
5	1	375	1	7	8	2258	2056	58	14	92.778069	και.
5	1	375	1	7	9	2336	2055	31	15	87.683151	να
4	1	375	1	8	0	1659	2083	708	29	-1	
5	1	375	1	8	1	1659	2091	32	21	65.617142	μή
5	1	375	1	8	2	1709	2083	143	23	64.765701	καλύππονν
5	1	375	1	8	3	1862	2092	41	20	93.149254	τις
5	1	375	1	8	4	1920	2083	111	29	64.747017	ανάγκες
5	1	375	1	8	5	2052	2083	107	23	88.777092	ντόπιων
5	1	375	1	8	6	2181	2092	42	14	45.129272	και
5	1	375	1	8	7	2261	2084	106	28	60.015858	παραθε-
4	1	375	1	9	0	1658	2120	101	29	-1	
5	1	375	1	9	1	1658	2120	101	29	38.347275	ριστών.
4	1	375	1	10	0	1783	2164	464	23	-1	
5	1	375	1	10	1	1783	2164	76	22	96.597252	ΛΙΓΑ
5	1	375	1	10	2	1869	2164	100	22	37.148647	ΛΟΓΙΑ
5	1	375	1	10	3	1979	2164	105	23	37.148647	ΓΙΑΤΟ
5	1	375	1	10	4	2095	2165	152	22	91.268814	ΠΟΤΙΣΜΑ
3	1	375	2	0	0	1658	2205	710	200	-1	
4	1	375	2	1	0	1680	2205	687	29	-1	
5	1	375	2	1	1	1680	2205	72	21	51.628754	Πόσο
5	1	375	2	1	2	1764	2205	56	28	93.894409	νερό
5	1	375	2	1	3	1836	2206	105	27	93.302200	χάνεται
5	1	375	2	1	4	1958	2205	47	22	91.107513	απὀ
5	1	375	2	1	5	2019	2214	39	19	93.298386	τις
5	1	375	2	1	6	2072	2205	74	28	92.764801	δέσες
5	1	375	2	1	7	2158	2205	75	29	73.929588	µέχοι
5	1	375	2	1	8	2246	2214	39	19	93.300522	τις
5	1	375	2	1	9	2299	2205	68	28	46.199310	στέἑρ-
4	1	375	2	2	0	1659	2241	709	28	-1	
5	1	375	2	2	1	1659	2249	56	19	66.596573	γες;
5	1	375	2	2	2	1726	2241	101	27	96.503365	επίσης,
5	1	375	2	2	3	1840	2241	61	21	78.195084	πόσο
5	1	375	2	2	4	1914	2241	57	28	62.588753	νερό
5	1	375	2	2	5	1982	2241	103	28	96.333000	χάνεται
5	1	375	2	2	6	2100	2241	47	22	84.786682	από
5	1	375	2	2	7	2158	2249	40	19	93.270485	τις
5	1	375	2	2	8	2210	2241	105	28	89.719444	στέρνες
5	1	375	2	2	9	2327	2241	41	27	77.723312	µέ-
4	1	375	2	3	0	1659	2277	708	27	-1	
5	1	375	2	3	1	1659	2285	41	19	29.178444	χσι
5	1	375	2	3	2	1711	2285	30	13	96.210129	να
5	1	375	2	3	3	1760	2277	92	27	94.712753	φθάσει
5	1	375	2	3	4	1866	2283	45	15	93.096725	στο
5	1	375	2	3	5	1935	2277	70	27	0.000000	ἈἨήπο
5	1	375	2	3	6	2018	2285	43	13	95.737595	του
5	1	375	2	3	7	2076	2277	120	27	95.581154	καθενός;
5	1	375	2	3	8	2212	2277	67	27	93.295197	αφού
5	1	375	2	3	9	2292	2284	75	20	89.945023	προη-
4	1	375	2	4	0	1659	2312	708	28	-1	
5	1	375	2	4	1	1659	2312	130	27	45.394417	γουµένως
5	1	375	2	4	2	1803	2313	97	21	91.277084	ποτίσει
5	1	375	2	4	3	1916	2312	75	28	95.149727	όλους
5	1	375	2	4	4	2005	2321	61	19	92.179985	τους
5	1	375	2	4	5	2080	2312	121	28	89.386093	δρόµους;
5	1	375	2	4	6	2218	2312	36	22	91.964699	Δε
5	1	375	2	4	7	2273	2312	30	22	92.019981	θα
5	1	375	2	4	8	2322	2312	45	22	43.969360	πᾶ-
4	1	375	2	5	0	1658	2348	709	28	-1	
5	1	375	2	5	1	1658	2356	59	19	68.055092	θουν
5	1	375	2	5	2	1731	2356	42	13	0.000000	χααι
5	1	375	2	5	3	1784	2349	99	27	0.000000	μερικοί
5	1	375	2	5	4	1902	2349	47	21	59.528320	από
5	1	375	2	5	5	1965	2357	28	13	92.337189	το
5	1	375	2	5	6	2010	2348	99	27	75.355278	αυλάνι,
5	1	375	2	5	7	2127	2356	71	20	96.594360	για...
5	1	375	2	5	8	2305	2348	62	27	96.336586	άνθη
4	1	375	2	6	0	2304	2384	64	21	-1	
5	1	375	2	6	1	2304	2384	64	21	95.618019	είναι
2	1	376	0	0	0	1656	2356	713	726	-1	
3	1	376	1	0	0	1657	2356	712	306	-1	
4	1	376	1	1	0	2238	2356	30	13	-1	
5	1	376	1	1	1	2238	2356	30	13	96.746223	τα
4	1	376	1	2	0	1658	2384	610	28	-1	
5	1	376	1	2	1	1658	2392	68	19	95.412025	τους;
5	1	376	1	2	2	1741	2392	47	17	92.568123	και
5	1	376	1	2	3	1801	2392	28	13	95.508759	αν
5	1	376	1	2	4	1844	2385	106	27	96.089760	κάποιος
5	1	376	1	2	5	1962	2392	48	14	90.918953	που
5	1	376	1	2	6	2026	2384	159	28	5.804527	κπαωχήθηραε,
5	1	376	1	2	7	2200	2384	68	22	38.892330	ότι...
4	1	376	1	3	0	1658	2420	709	28	-1	
5	1	376	1	3	1	1658	2420	87	27	41.391930	ὠκαγός
5	1	376	1	3	2	1755	2428	32	13	96.898354	να
5	1	376	1	3	3	1798	2420	121	28	93.301247	στερέψει
5	1	376	1	3	4	1934	2420	43	22	78.077980	όλό
5	1	376	1	3	5	1989	2428	30	13	96.006844	το
5	1	376	1	3	6	2032	2420	91	21	93.300995	αυλάκι
5	1	376	1	3	7	2136	2420	133	28	23.846581	οὔχνονπας
5	1	376	1	3	8	2281	2428	30	19	96.603600	µε
5	1	376	1	3	9	2324	2428	43	13	94.883041	τον
4	1	376	1	4	0	1658	2451	709	32	-1	
5	1	376	1	4	1	1658	2456	81	20	54.746193	πουθδά
5	1	376	1	4	2	1754	2456	56	27	75.214203	νερό
5	1	376	1	4	3	1821	2463	47	13	96.120491	στο
5	1	376	1	4	4	1882	2456	57	21	19.946396	δικό
5	1	376	1	4	5	1954	2464	43	13	96.700844	του
5	1	376	1	4	6	2015	2456	80	26	96.526016	κήπο;
5	1	376	1	4	7	2112	2455	71	22	95.538658	Πόσο
5	1	376	1	4	8	2202	2456	59	27	93.299400	νερό
5	1	376	1	4	9	2279	2451	88	26	70.382568	τελυιά
4	1	376	1	5	0	1657	2490	709	29	-1	
5	1	376	1	5	1	1657	2490	93	28	90.855179	θφάνει
5	1	376	1	5	2	1763	2498	42	14	96.305611	στο
5	1	376	1	5	3	1816	2490	72	23	94.615654	κάτω
5	1	376	1	5	4	1907	2491	92	28	93.292870	χωριό;
5	1	376	1	5	5	2016	2490	54	27	13.128624	Ἰα,
5	1	376	1	5	6	2087	2499	28	13	94.602242	το
5	1	376	1	5	7	2132	2490	105	29	65.846413	γεγονός
5	1	376	1	5	8	2249	2491	40	22	72.745895	ὅτι
5	1	376	1	5	9	2303	2490	63	22	88.114380	κλεί-
4	1	376	1	6	0	1658	2526	708	29	-1	
5	1	376	1	6	1	1658	2535	74	19	79.973732	νουµε
5	1	376	1	6	2	1748	2534	27	14	78.513412	το
5	1	376	1	6	3	1785	2526	61	28	41.814453	.µερό
5	1	376	1	6	4	1861	2534	54	21	93.295433	στις
5	1	376	1	6	5	1931	2527	104	28	67.265518	στέρνες
5	1	376	1	6	6	2051	2535	42	19	96.784943	για
5	1	376	1	6	7	2109	2535	29	13	90.524918	να
5	1	376	1	6	8	2158	2526	143	28	78.316956	αυξήσουµε
5	1	376	1	6	9	2321	2534	45	20	79.615654	την
4	1	376	1	7	0	1659	2562	710	28	-1	
5	1	376	1	7	1	1659	2563	196	26	57.321732	αποδατικότηπάἁ
5	1	376	1	7	2	1868	2570	53	19	96.371788	του,
5	1	376	1	7	3	1943	2562	159	22	82.756500	αποδεικνύει
5	1	376	1	7	4	2116	2562	47	27	94.254974	ότι,
5	1	376	1	7	5	2184	2570	27	14	96.532524	το
5	1	376	1	7	6	2226	2562	58	28	92.069321	νερό
5	1	376	1	7	7	2301	2573	2	2	19.159256	΄
5	1	376	1	7	8	2321	2570	48	19	96.866043	της
4	1	376	1	8	0	1657	2597	709	28	-1	
5	1	376	1	8	1	1657	2598	77	27	87.653503	δέσης
5	1	376	1	8	2	1746	2598	59	27	56.955223	µιόνο
5	1	376	1	8	3	1821	2606	53	19	96.693398	του,
5	1	376	1	8	4	1892	2598	42	21	80.738869	δεν
5	1	376	1	8	5	1973	2598	115	27	80.738869	θάφθανε
5	1	376	1	8	6	2128	2598	63	21	90.331360	ποτέ
5	1	376	1	8	7	2206	2605	76	20	64.530350	στους
5	1	376	1	8	8	2323	2597	43	28	75.329552	κή-
4	1	376	1	9	0	1657	2634	560	28	-1	
5	1	376	1	9	1	1657	2642	72	19	90.978760	πους,
5	1	376	1	9	2	1746	2634	61	21	95.805641	διότι
5	1	376	1	9	3	1821	2634	31	21	93.301178	θα
5	1	376	1	9	4	1867	2634	194	28	49.562500	απορροφιώπταν
5	1	376	1	9	5	2077	2641	42	14	79.384666	στο
5	1	376	1	9	6	2134	2634	83	27	89.945190	δρόµο.
3	1	376	2	0	0	1656	2669	712	308	-1	
4	1	376	2	1	0	1710	2669	656	28	-1	
5	1	376	2	1	1	1710	2686	5	4	35.036049	.
5	1	376	2	1	2	1730	2670	37	21	90.363800	Αν
5	1	376	2	1	3	1780	2670	194	27	81.171814	αναλογισθούµε
5	1	376	2	1	4	1988	2678	32	19	68.851875	τή
5	1	376	2	1	5	2035	2670	96	27	68.890182	µεγάλη
5	1	376	2	1	6	2146	2669	111	22	94.519661	απώλεια
5	1	376	2	1	7	2272	2677	43	14	93.251144	του
5	1	376	2	1	8	2329	2677	37	13	91.443436	νε-
4	1	376	2	2	0	1657	2704	709	28	-1	
5	1	376	2	2	1	1657	2705	44	26	91.869545	ρού
5	1	376	2	2	2	1716	2705	63	21	77.253838	Κατά
5	1	376	2	2	3	1792	2713	29	18	96.088242	τη
5	1	376	2	2	4	1835	2705	129	27	29.871635	διαδρομή,
5	1	376	2	2	5	1981	2705	46	21	73.387360	απόὀ
5	1	376	2	2	6	2041	2713	32	18	93.295395	τη
5	1	376	2	2	7	2084	2705	61	26	88.556961	δέση
5	1	376	2	2	8	2160	2705	74	26	84.449188	µέχοι
5	1	376	2	2	9	2251	2712	61	19	92.989136	τους
5	1	376	2	2	10	2322	2704	44	27	4.388573	γεή-
4	1	376	2	3	0	1657	2739	709	26	-1	
5	1	376	2	3	1	1657	2747	73	18	91.948547	πους,
5	1	376	2	3	2	1743	2740	90	25	88.131210	πρέπει
5	1	376	2	3	3	1846	2747	32	13	93.619568	να
5	1	376	2	3	4	1898	2739	63	26	91.156464	γίνει
5	1	376	2	3	5	1979	2739	76	26	33.687775	σιάγιο
5	1	376	2	3	6	2073	2739	91	26	82.112793	αἰτημά
5	1	376	2	3	7	2177	2747	59	18	96.168701	µας,
5	1	376	2	3	8	2254	2746	43	13	80.667953	και
5	1	376	2	3	9	2308	2739	58	20	81.098770	σύσ-
4	1	376	2	4	0	1657	2772	711	27	-1	
5	1	376	2	4	1	1657	2780	78	19	56.392197	σωµοι
5	1	376	2	4	2	1748	2780	30	13	96.399353	να
5	1	376	2	4	3	1792	2774	162	25	45.971367	φωνάξουμε:
5	1	376	2	4	4	1971	2772	115	22	58.635372	«ΜΟΝΟ
5	1	376	2	4	5	2097	2772	52	21	92.157578	ΜΕ
5	1	376	2	4	6	2161	2772	207	21	28.254234	Κ4ΑΕΙΣΤΟΥΣ
4	1	376	2	5	0	1657	2805	709	23	-1	
5	1	376	2	5	1	1657	2806	161	22	82.169891	ΑΓΩΓΟΥΣ
5	1	376	2	5	2	1850	2806	254	22	9.601105	ΑΠΟΦΕΥΓΗΕΠΑΙ
5	1	376	2	5	3	2139	2806	27	21	83.325706	Η
5	1	376	2	5	4	2193	2805	173	22	10.043152	ΑΠΩΛΕΙΑ
4	1	376	2	6	0	1658	2840	707	29	-1	
5	1	376	2	6	1	1658	2842	69	21	95.110268	ΤΟΥ
5	1	376	2	6	2	1739	2842	146	21	31.451881	ΝΕΡΟΥ!»
5	1	376	2	6	3	1902	2850	43	13	96.292465	και
5	1	376	2	6	4	1960	2850	31	13	89.764854	να
5	1	376	2	6	5	2004	2841	197	28	88.148911	ενσωματωθούν
5	1	376	2	6	6	2218	2849	23	13	95.218765	οι
5	1	376	2	6	7	2260	2840	105	28	95.274994	αγωγοί,
4	1	376	2	7	0	1656	2876	709	29	-1	
5	1	376	2	7	1	1656	2878	71	27	85.043480	όπως
5	1	376	2	7	2	1740	2878	96	27	94.317924	γίνεται
5	1	376	2	7	3	1849	2878	95	21	95.806427	παντού
5	1	376	2	7	4	1962	2884	42	15	96.323509	στο
5	1	376	2	7	5	2018	2877	87	22	91.675957	δίκτυο
5	1	376	2	7	6	2118	2885	47	20	96.175377	της
5	1	376	2	7	7	2177	2876	135	28	88.886597	ύδρευσης,
5	1	376	2	7	8	2350	2884	15	19	16.547638	η
4	1	376	2	8	0	1656	2912	709	28	-1	
5	1	376	2	8	1	1656	2913	118	27	88.004486	ποιότητα
5	1	376	2	8	2	1787	2921	43	14	96.397156	του
5	1	376	2	8	3	1844	2914	74	26	62.863449	νερού
5	1	376	2	8	4	1933	2913	63	22	86.644943	εἶναι
5	1	376	2	8	5	2009	2913	58	26	86.818878	ίδια,
5	1	376	2	8	6	2084	2921	42	19	94.848373	για
5	1	376	2	8	7	2142	2920	31	14	50.807266	να
5	1	376	2	8	8	2187	2912	96	26	89.263268	ποτίδει
5	1	376	2	8	9	2298	2920	11	13	92.030411	ο
5	1	376	2	8	10	2322	2920	43	13	0.000000	γία-
4	1	376	2	9	0	1656	2948	650	29	-1	
5	1	376	2	9	1	1656	2949	76	28	91.809326	θένας
5	1	376	2	9	2	1745	2949	118	28	96.430138	ελεύθερα
5	1	376	2	9	3	1879	2957	42	14	93.265244	και
5	1	376	2	9	4	1938	2948	141	29	54.384571	µετρήμιένα
5	1	376	2	9	5	2096	2948	45	22	92.830223	όσο
5	1	376	2	9	6	2154	2948	152	28	46.764526	χρειάδεται.
3	1	376	3	0	0	1656	2984	709	69	-1	
4	1	376	3	1	0	1686	2984	679	30	-1	
5	1	376	3	1	1	1686	2985	37	22	93.242279	Το
5	1	376	3	1	2	1738	2986	147	28	27.547142	Ἐηροκάμπι
5	1	376	3	1	3	1902	2985	127	27	11.369370	θαποτίδει
5	1	376	3	1	4	2047	2984	95	23	48.503738	δ.ΟΟΟ
5	1	376	3	1	5	2174	2984	140	29	0.000000	στρέμματα
5	1	376	3	1	6	2334	2992	31	21	96.329407	µε
4	1	376	3	2	0	1656	3018	576	64	-1	
5	1	376	3	2	1	1656	3018	133	64	46.729015	Ἀλεισεούς
5	1	376	3	2	2	1800	3022	137	31	63.822418	αγωγούς!
5	1	376	3	2	3	1948	3022	73	31	78.722397	γιατί
5	1	376	3	2	4	2038	3022	41	31	94.432396	όχι
5	1	376	3	2	5	2094	3030	43	15	95.858589	και
5	1	376	3	2	6	2148	3022	84	31	55.249859	εμείς;
2	1	377	0	0	0	1630	3068	734	103	-1	
3	1	377	1	0	0	1630	3068	735	103	-1	
4	1	377	1	1	0	1630	3068	734	103	-1	
5	1	377	1	1	1	1630	3072	225	94	0.000000	χρήιμεῖ
5	1	377	1	1	2	1867	3098	281	68	7.216553	ΠληβηιβΙει
5	1	377	1	1	3	2160	3097	47	58	69.472733	πέ
5	1	377	1	1	4	2222	3068	142	103	31.205833	γονείς
2	1	378	0	0	0	1654	3203	698	31	-1	
3	1	378	1	0	0	1654	3203	698	31	-1	
4	1	378	1	1	0	1654	3203	698	31	-1	
5	1	378	1	1	1	1654	3203	50	22	91.773056	Του
5	1	378	1	1	2	1718	3210	22	16	91.773056	τ.
5	1	378	1	1	3	1757	3204	184	29	90.974083	Επιθεωρητού
5	1	378	1	1	4	1955	3210	24	15	96.415497	κ.
5	1	378	1	1	5	2001	3204	50	21	93.299690	ΕΠ.
5	1	378	1	1	6	2068	3204	28	21	90.634064	Δ.
5	1	378	1	1	7	2111	3204	165	21	21.694252	ΚΑΦΕΝΤΖΗ
5	1	378	1	1	8	2298	3204	54	30	54.325195	(29)
2	1	379	0	0	0	1654	3245	711	141	-1	
3	1	379	1	0	0	1654	3245	711	141	-1	
4	1	379	1	1	0	1685	3245	680	33	-1	
5	1	379	1	1	1	1685	3250	20	21	78.221512	Ο
5	1	379	1	1	2	1718	3250	100	22	83.160400	Μέντελ
5	1	379	1	1	3	1832	3250	166	28	94.155563	καλλιέργησε
5	1	379	1	1	4	2007	3245	93	32	95.946213	πολλές
5	1	379	1	1	5	2112	3250	88	28	95.829071	γενεές
5	1	379	1	1	6	2212	3258	50	14	95.833664	των
5	1	379	1	1	7	2276	3250	89	28	22.156296	φυτών
4	1	379	1	2	0	1656	3286	709	28	-1	
5	1	379	1	2	1	1656	3286	82	21	71.576462	αυτών
5	1	379	1	2	2	1757	3286	63	27	87.435432	µέσα
5	1	379	1	2	3	1836	3293	27	14	90.200073	σε
5	1	379	1	2	4	1878	3286	166	28	3.249123	υαλόφραμπα
5	1	379	1	2	5	2058	3286	122	28	46.710594	πιαρτέρια
5	1	379	1	2	6	2195	3294	42	19	95.292625	για
5	1	379	1	2	7	2248	3294	32	14	93.275879	να
5	1	379	1	2	8	2298	3286	67	28	90.556168	ελέγ-
4	1	379	1	3	0	1654	3322	711	28	-1	
5	1	379	1	3	1	1654	3329	41	19	90.252365	χει
5	1	379	1	3	2	1710	3329	29	21	92.211517	τη
5	1	379	1	3	3	1759	3322	178	27	8.686836	γονιμοποίησή
5	1	379	1	3	4	1950	3330	69	19	91.594238	πους.
5	1	379	1	3	5	2036	3322	191	28	55.596027	Καταχωρούσε
5	1	379	1	3	6	2243	3328	122	22	81.161667	συστηµα-
4	1	379	1	4	0	1654	3357	710	29	-1	
5	1	379	1	4	1	1654	3357	57	21	21.318672	τυωκά
5	1	379	1	4	2	1722	3366	40	19	95.148560	τις
5	1	379	1	4	3	1773	3358	189	27	94.957489	παρατηρήσεις
5	1	379	1	4	4	1976	3366	43	13	95.660248	του
5	1	379	1	4	5	2033	3366	43	14	96.701836	και
5	1	379	1	4	6	2086	3365	31	20	41.325001	µε
5	1	379	1	4	7	2128	3358	67	27	92.480103	θάση
5	1	379	1	4	8	2207	3366	40	19	91.636871	τις
5	1	379	1	4	9	2260	3357	104	29	65.093002	σηµειώ-
2	1	380	0	0	0	1651	3393	714	65	-1	
3	1	380	1	0	0	1651	3393	714	65	-1	
4	1	380	1	1	0	1654	3393	711	29	-1	
5	1	380	1	1	1	1654	3400	55	20	0.000000	σεις
5	1	380	1	1	2	1718	3401	45	13	0.000000	που
5	1	380	1	1	3	1782	3393	77	28	91.792763	αυπές
5	1	380	1	1	4	1876	3393	144	22	88.822433	διατύπωσε
5	1	380	1	1	5	2033	3401	62	20	93.301483	τους
5	1	380	1	1	6	2110	3393	92	28	78.529694	γόµους
5	1	380	1	1	7	2238	3394	127	28	92.712067	σύμφωνα
4	1	380	1	2	0	1651	3429	712	29	-1	
5	1	380	1	2	1	1651	3436	31	19	94.791992	µε
5	1	380	1	2	2	1697	3436	60	20	94.791992	τους
5	1	380	1	2	3	1772	3429	102	27	1.349571	οποίους
5	1	380	1	2	4	1892	3429	141	28	83.377769	Λειτουργεί
5	1	380	1	2	5	2047	3438	27	13	96.683617	το
5	1	380	1	2	6	2091	3429	136	28	31.441956	φαινόμενο
5	1	380	1	2	7	2240	3437	47	21	90.913086	της
5	1	380	1	2	8	2305	3429	58	29	85.221039	κλη-
2	1	381	0	0	0	1866	3466	289	29	-1	
3	1	381	1	0	0	1866	3466	289	29	-1	
4	1	381	1	1	0	1866	3466	289	29	-1	
5	1	381	1	1	1	1866	3466	103	28	52.769958	Συνέχεια.
5	1	381	1	1	2	1983	3473	50	22	85.918358	στην
5	1	381	1	1	3	2045	3466	29	29	37.652641	8η
5	1	381	1	1	4	2083	3466	72	22	94.888565	σελίδα
2	1	382	0	0	0	2307	912	81	21	-1	
3	1	382	1	0	0	2307	912	81	21	-1	
4	1	382	1	1	0	2307	912	81	21	-1	
5	1	382	1	1	1	2307	912	63	21	57.876694	στολύ
2	1	383	0	0	0	2416	1544	104	149	-1	
3	1	383	1	0	0	2416	1544	104	149	-1	
4	1	383	1	1	0	2416	1544	104	149	-1	
5	1	383	1	1	1	2416	1544	104	149	95.000000	 
2	1	384	0	0	0	2464	1834	90	12	-1	
3	1	384	1	0	0	2464	1834	90	12	-1	
4	1	384	1	1	0	2464	1834	90	12	-1	
5	1	384	1	1	1	2464	1834	90	12	0.000000	Ἱ----
