level	page_num	block_num	par_num	line_num	word_num	left	top	width	height	conf	text
1	1	0	0	0	0	0	0	3404	3511	-1	
2	1	1	0	0	0	586	0	2792	45	-1	
3	1	1	1	0	0	586	0	2792	45	-1	
4	1	1	1	1	0	586	0	2792	45	-1	
5	1	1	1	1	1	586	0	2792	45	95.000000	 
2	1	2	0	0	0	0	0	434	12	-1	
3	1	2	1	0	0	0	0	434	12	-1	
4	1	2	1	1	0	0	0	434	12	-1	
5	1	2	1	1	1	0	0	434	12	95.000000	 
2	1	3	0	0	0	541	107	142	22	-1	
3	1	3	1	0	0	541	107	142	22	-1	
4	1	3	1	1	0	541	107	142	22	-1	
5	1	3	1	1	1	541	107	78	22	95.699738	Σελίδα
5	1	3	1	1	2	629	108	13	21	63.534359	3
5	1	3	1	1	3	653	120	30	3	74.342010	---
2	1	4	0	0	0	98	140	223	12	-1	
3	1	4	1	0	0	98	140	223	12	-1	
4	1	4	1	1	0	98	140	223	12	-1	
5	1	4	1	1	1	98	140	223	12	95.000000	 
2	1	5	0	0	0	334	145	387	8	-1	
3	1	5	1	0	0	334	145	387	8	-1	
4	1	5	1	1	0	334	145	387	8	-1	
5	1	5	1	1	1	334	145	387	8	95.000000	 
2	1	6	0	0	0	0	144	88	7	-1	
3	1	6	1	0	0	0	144	88	7	-1	
4	1	6	1	1	0	0	144	88	7	-1	
5	1	6	1	1	1	0	144	88	7	37.835773	ο.
2	1	7	0	0	0	77	191	603	62	-1	
3	1	7	1	0	0	77	191	603	62	-1	
4	1	7	1	1	0	77	191	603	62	-1	
5	1	7	1	1	1	77	191	285	42	6.780533	Ἔπεθοεσε
5	1	7	1	1	2	401	204	122	49	67.441605	τις
5	1	7	1	1	3	554	196	126	50	63.155293	ΕΤΕ
2	1	8	0	0	0	2	280	740	2772	-1	
3	1	8	1	0	0	204	280	340	23	-1	
4	1	8	1	1	0	204	280	340	23	-1	
5	1	8	1	1	1	204	280	112	23	51.650600	Σωνέχειοα
5	1	8	1	1	2	327	282	43	20	65.261688	από
5	1	8	1	1	3	379	286	43	16	90.939972	την
5	1	8	1	1	4	432	282	26	20	42.198883	1η
5	1	8	1	1	5	465	282	79	20	63.788166	σελίδα
3	1	8	2	0	0	16	314	711	242	-1	
4	1	8	2	1	0	17	314	709	27	-1	
5	1	8	2	1	1	17	314	101	23	18.775398	έγναρος,
5	1	8	2	1	2	130	320	30	17	27.101433	μδ;
5	1	8	2	1	3	170	316	104	23	23.442947	Επίπονες
5	1	8	2	1	4	289	321	39	14	67.464165	παν
5	1	8	2	1	5	340	318	158	23	42.286476	συστηματικές
5	1	8	2	1	6	527	318	149	23	41.908409	προσπόβειες,
5	1	8	2	1	7	706	320	20	17	35.676506	ν’
4	1	8	2	2	0	17	350	710	28	-1	
5	1	8	2	2	1	17	350	119	24	23.308632	αναπτύξει
5	1	8	2	2	2	148	356	28	13	80.654785	το
5	1	8	2	2	3	187	352	67	18	87.609070	έσοδα.
5	1	8	2	2	4	268	357	39	18	95.372246	της
5	1	8	2	2	5	318	352	112	24	81.161316	Τράπεζας
5	1	8	2	2	6	445	354	45	18	32.857277	από
5	1	8	2	2	7	505	358	49	19	93.702393	τους
5	1	8	2	2	8	565	354	81	24	91.101044	άλλους
5	1	8	2	2	9	653	354	74	24	93.778206	τοµείς
4	1	8	2	3	0	16	387	711	26	-1	
5	1	8	2	3	1	16	391	37	18	92.463478	της
5	1	8	2	3	2	64	387	186	23	88.158195	ὁρασπηριότητάς
5	1	8	2	3	3	261	393	45	18	92.649467	της.
5	1	8	2	3	4	322	388	66	22	52.014397	΄Ἔπσι,
5	1	8	2	3	5	403	394	30	17	93.467720	µε
5	1	8	2	3	6	446	394	42	16	96.011803	την
5	1	8	2	3	7	497	390	133	21	67.191467	κατάλληλη
5	1	8	2	3	8	643	390	84	23	44.973999	διοιχεί-
4	1	8	2	4	0	17	423	710	24	-1	
5	1	8	2	4	1	17	426	55	18	21.420525	Ρησᾳ
5	1	8	2	4	2	86	427	45	13	93.230606	των
5	1	8	2	4	3	145	423	131	22	51.090607	δυκθεσίµων
5	1	8	2	4	4	294	429	37	18	94.673248	της
5	1	8	2	4	5	343	428	39	15	70.331177	και
5	1	8	2	4	6	398	429	44	16	83.595215	την
5	1	8	2	4	7	457	425	113	21	70.356644	επένταση
5	1	8	2	4	8	585	430	46	14	96.444778	των
5	1	8	2	4	9	641	426	86	19	85.260963	λοιπών
4	1	8	2	5	0	17	458	709	25	-1	
5	1	8	2	5	1	17	458	115	22	90.914314	εργασιών,
5	1	8	2	5	2	145	459	123	22	55.662910	κατόρβωσε.
5	1	8	2	5	3	280	460	58	22	2.841217	μέσα
5	1	8	2	5	4	348	465	26	16	96.247375	σε
5	1	8	2	5	5	389	460	51	23	67.949516	τρία
5	1	8	2	5	6	453	461	81	22	95.767136	χρόνια
5	1	8	2	5	7	544	465	30	14	72.725266	νο:
5	1	8	2	5	8	587	462	139	19	54.740440	διπλασιάσει
4	1	8	2	6	0	16	494	710	27	-1	
5	1	8	2	6	1	16	498	28	13	93.256943	τα
5	1	8	2	6	2	57	494	65	18	23.961075	ἔσθδκ
5	1	8	2	6	3	134	494	45	18	58.750263	από
5	1	8	2	6	4	184	500	32	17	58.750263	τις
5	1	8	2	6	5	234	495	87	23	77.136063	πράξεις
5	1	8	2	6	6	332	496	35	18	76.370087	επί
5	1	8	2	6	7	383	497	181	23	74.588028	συνοιλλάγµατος
5	1	8	2	6	8	581	502	40	14	41.587582	καὶ
5	1	8	2	6	9	631	502	33	19	93.116913	τις
5	1	8	2	6	10	675	501	51	20	81.607819	προ-
4	1	8	2	7	0	16	530	564	26	-1	
5	1	8	2	7	1	16	530	86	22	14.863953	µήξειες
5	1	8	2	7	2	113	530	45	19	85.212555	οιπό
5	1	8	2	7	3	169	530	103	23	93.290237	διάφορες
5	1	8	2	7	4	283	532	175	23	34.540924	µεσολαβηπικές
5	1	8	2	7	5	471	533	109	23	42.393906	εργασίες.
3	1	8	3	0	0	14	566	712	201	-1	
4	1	8	3	1	0	41	566	685	25	-1	
5	1	8	3	1	1	41	566	82	19	71.865250	Θετική
5	1	8	3	1	2	138	566	108	22	75.664680	επίδραση
5	1	8	3	1	3	261	566	71	23	93.064392	είχαν,
5	1	8	3	1	4	351	568	101	23	92.703461	εξάλλου,
5	1	8	3	1	5	465	572	43	17	87.780762	στο
5	1	8	3	1	6	525	568	71	23	43.340652	χέρδη
5	1	8	3	1	7	614	574	39	17	93.301018	της
5	1	8	3	1	8	667	569	59	22	74.885361	Τρά-
4	1	8	3	2	0	16	601	710	27	-1	
5	1	8	3	2	1	16	601	63	24	31.025047	πεζας
5	1	8	3	2	2	94	606	38	13	39.316174	και
5	1	8	3	2	3	145	606	22	13	64.853325	δι
5	1	8	3	2	4	177	602	107	23	55.127037	ρυθμίσεις
5	1	8	3	2	5	298	608	42	13	93.262047	που
5	1	8	3	2	6	355	603	165	22	37.229507	επιτεύχθηνον
5	1	8	3	2	7	543	604	43	20	79.939163	από
5	1	8	3	2	8	597	608	31	19	79.939163	τις
5	1	8	3	2	9	657	604	69	24	93.179543	αρχές
4	1	8	3	3	0	15	637	711	25	-1	
5	1	8	3	3	1	15	641	39	13	93.145470	του
5	1	8	3	3	2	67	637	51	20	76.277672	1954,
5	1	8	3	3	3	132	642	37	17	53.774342	για
5	1	8	3	3	4	186	641	43	16	90.693214	την
5	1	8	3	3	5	238	638	187	23	46.300488	ορθολογιιότερη
5	1	8	3	3	6	439	640	142	22	45.005360	δικµόρφωση
5	1	8	3	3	7	596	644	46	14	88.506378	των.
5	1	8	3	3	8	655	644	71	16	24.255737	επιτο-
4	1	8	3	4	0	15	672	710	27	-1	
5	1	8	3	4	1	15	672	55	18	45.124474	χίων
5	1	8	3	4	2	82	676	55	16	94.373329	στην
5	1	8	3	4	3	147	673	74	22	67.492554	αγορά
5	1	8	3	4	4	233	677	45	14	93.270683	των
5	1	8	3	4	5	288	674	102	19	26.519531	εντόχκων
5	1	8	3	4	6	405	675	143	22	45.153679	γραμματίων
5	1	8	3	4	7	561	680	39	14	96.654991	του
5	1	8	3	4	8	609	675	116	24	82.575821	Δημοσίου,
4	1	8	3	5	0	15	708	711	25	-1	
5	1	8	3	5	1	15	708	69	23	6.008728	κριθώς
5	1	8	3	5	2	100	713	37	13	30.795296	γαι
5	1	8	3	5	3	149	713	39	17	65.541054	γιο
5	1	8	3	5	4	201	714	26	15	58.936432	τή
5	1	8	3	5	5	239	709	106	22	63.221684	διόρθωση
5	1	8	3	5	6	359	714	38	18	93.280014	της
5	1	8	3	5	7	412	711	123	22	45.085175	αἰρήητικής
5	1	8	3	5	8	546	711	110	22	61.276711	απόδοσης
5	1	8	3	5	9	679	716	47	13	94.512253	των
4	1	8	3	6	0	14	744	481	23	-1	
5	1	8	3	6	1	14	744	145	22	29.628395	ὀψηλότοχων
5	1	8	3	6	2	170	744	167	23	0.000000	προδεσµιοιών
5	1	8	3	6	3	348	746	147	19	60.624416	καταθέσεων.
3	1	8	4	0	0	13	780	729	372	-1	
4	1	8	4	1	0	38	780	687	25	-1	
5	1	8	4	1	1	38	780	45	19	13.136658	Ὢτο
5	1	8	4	1	2	97	780	51	21	63.007809	19δ5,
5	1	8	4	1	3	161	785	28	13	88.129456	τα,
5	1	8	4	1	4	205	780	71	23	49.846146	κέρδη
5	1	8	4	1	5	286	785	39	18	93.298912	της
5	1	8	4	1	6	340	781	114	24	18.996033	Ἐράπεξας
5	1	8	4	1	7	470	782	126	21	60.770767	υπέστησαν
5	1	8	4	1	8	608	788	39	13	0.000000	αν
5	1	8	4	1	9	671	782	54	19	83.366989	πάλι
4	1	8	4	2	0	14	815	711	26	-1	
5	1	8	4	2	1	14	815	109	22	0.000000	αρνητυκή
5	1	8	4	2	2	135	816	114	22	84.930969	επίδραση,
5	1	8	4	2	3	262	821	38	13	34.324066	Ἆάι
5	1	8	4	2	4	311	816	96	22	71.792015	µάλισπα
5	1	8	4	2	5	420	818	57	18	95.272232	πολύ
5	1	8	4	2	6	490	818	135	23	77.098259	εντονότερη
5	1	8	4	2	7	635	822	25	14	87.246017	σε
5	1	8	4	2	8	674	818	51	23	81.236801	σχέ-
4	1	8	4	3	0	15	851	711	26	-1	
5	1	8	4	3	1	15	855	28	15	71.121857	ση
5	1	8	4	3	2	54	856	28	16	96.397980	µε
5	1	8	4	3	3	95	855	25	13	64.339684	το
5	1	8	4	3	4	134	851	51	20	62.251514	1284,
5	1	8	4	3	5	203	852	43	18	87.045975	από
5	1	8	4	3	6	257	856	25	15	70.534805	τη
5	1	8	4	3	7	300	852	42	18	80.848740	νέο
5	1	8	4	3	8	356	852	91	22	86.727051	µεγάλη
5	1	8	4	3	9	459	853	118	22	45.270851	διεύρυνση
5	1	8	4	3	10	588	858	46	19	88.182709	των
5	1	8	4	3	11	657	856	69	21	34.040337	νεφα-
4	1	8	4	4	0	15	872	711	39	-1	
5	1	8	4	4	1	15	872	71	38	0.000000	λαίοχν
5	1	8	4	4	2	97	889	45	18	79.391983	της,
5	1	8	4	4	3	157	890	41	13	61.277855	πευ
5	1	8	4	4	4	211	886	144	21	35.391167	παραμένουν
5	1	8	4	4	5	369	887	138	21	40.050739	δεσµευµένα
5	1	8	4	4	6	536	892	57	15	88.943535	στην
5	1	8	4	4	7	622	888	104	23	36.094048	ἘΤράπεζο
4	1	8	4	5	0	14	919	712	26	-1	
5	1	8	4	5	1	14	924	39	17	88.685745	της
5	1	8	4	5	2	69	919	104	23	30.209763	Ἑλλάδος,
5	1	8	4	5	3	186	925	30	17	87.947884	µε.
5	1	8	4	5	4	227	920	89	22	36.402794	χαμπλό
5	1	8	4	5	5	327	921	103	21	49.292473	επιτόκιφ,
5	1	8	4	5	6	447	926	39	17	0.000000	γὶα
5	1	8	4	5	7	501	927	29	15	92.505898	τη
5	1	8	4	5	8	541	922	185	23	59.965546	χρηματοδότηση
4	1	8	4	6	0	14	955	710	24	-1	
5	1	8	4	6	1	14	955	77	22	0.000000	πορίως
5	1	8	4	6	2	103	960	37	17	93.262222	της
5	1	8	4	6	3	153	955	125	23	4.389786	θυεπεχνίας
5	1	8	4	6	4	290	961	39	13	46.487686	και
5	1	8	4	6	5	341	960	47	14	93.026009	των
5	1	8	4	6	6	401	956	167	23	17.530678	θιομηχανυιών
5	1	8	4	6	7	575	958	149	19	93.740601	επενδύσεων.
4	1	8	4	7	0	15	990	711	26	-1	
5	1	8	4	7	1	15	990	18	17	89.372383	Ἡ
5	1	8	4	7	2	44	990	125	23	62.132267	παροπόνω
5	1	8	4	7	3	177	991	120	22	42.051422	διεύρυνση
5	1	8	4	7	4	307	992	123	22	92.922066	συνδέεται,
5	1	8	4	7	5	445	992	57	23	71.815514	όπως
5	1	8	4	7	6	511	998	39	13	61.289757	αι
5	1	8	4	7	7	562	998	42	14	45.189156	ὅτο
5	1	8	4	7	8	617	994	109	22	47.750084	προηγού-
4	1	8	4	8	0	14	1026	728	25	-1	
5	1	8	4	8	1	14	1030	59	18	49.750362	µενο:
5	1	8	4	8	2	83	1026	87	23	25.987473	χρένικ,
5	1	8	4	8	3	183	1031	28	18	94.521294	µε
5	1	8	4	8	4	225	1031	26	16	72.107758	τη
5	1	8	4	8	5	269	1027	87	23	3.130707	χαλαρή
5	1	8	4	8	6	373	1028	83	23	94.452377	ζήτηση
5	1	8	4	8	7	465	1032	45	14	93.296165	των
5	1	8	4	8	8	525	1029	111	22	60.196884	σχετιιών
5	1	8	4	8	9	647	1029	77	18	91.991905	πιστώ-
5	1	8	4	8	10	741	1039	1	3	44.448616	:
4	1	8	4	9	0	14	1062	709	25	-1	
5	1	8	4	9	1	14	1066	64	17	89.499939	σεων,
5	1	8	4	9	2	90	1062	61	17	71.659500	αλλά
5	1	8	4	9	3	164	1067	38	13	51.680542	και
5	1	8	4	9	4	217	1067	29	17	70.042191	µε
5	1	8	4	9	5	257	1067	43	16	93.277428	την.
5	1	8	4	9	6	315	1063	81	22	51.757122	τοχεία
5	1	8	4	9	7	411	1063	84	24	65.798141	αύξηση
5	1	8	4	9	8	519	1069	46	12	92.999489	των
5	1	8	4	9	9	576	1064	147	22	10.055611	ψαταθέσεων,
4	1	8	4	10	0	13	1098	711	24	-1	
5	1	8	4	10	1	13	1102	43	13	90.885994	που
5	1	8	4	10	2	71	1098	124	19	13.649048	οπουελούν
5	1	8	4	10	3	206	1102	29	16	56.493031	τη
5	1	8	4	10	4	251	1098	57	21	87.490669	θάση
5	1	8	4	10	5	322	1098	146	23	71.985474	υπολογισμού
5	1	8	4	10	6	508	1104	46	13	89.340469	των
5	1	8	4	10	7	584	1100	140	22	50.982239	δεσμεύσεων,
4	1	8	4	11	0	9	1127	188	34	-1	
5	1	8	4	11	1	9	1127	85	34	89.856400	αυτών.
5	1	8	4	11	2	194	1150	3	2	0.000000	.
3	1	8	5	0	0	12	1170	712	239	-1	
4	1	8	5	1	0	35	1170	689	29	-1	
5	1	8	5	1	1	35	1170	47	20	0.000000	Ἔπο
5	1	8	5	1	2	94	1170	78	22	62.950066	σηµείο
5	1	8	5	1	3	183	1170	56	20	92.838654	αυτό
5	1	8	5	1	4	249	1170	103	29	51.032177	πρίνεποι
5	1	8	5	1	5	367	1171	95	23	0.000000	σκόπιμο
5	1	8	5	1	6	477	1176	31	14	77.510834	νο
5	1	8	5	1	7	522	1172	152	24	15.434647	Εποινκληφθεί
5	1	8	5	1	8	682	1177	42	18	14.513329	γνα
4	1	8	5	2	0	12	1206	712	25	-1	
5	1	8	5	2	1	12	1211	40	18	23.024033	μυοι
5	1	8	5	2	2	60	1206	75	24	21.351097	ουιόµῃ
5	1	8	5	2	3	145	1207	59	23	88.174492	φορώ
5	1	8	5	2	4	211	1207	33	18	64.559402	ότι
5	1	8	5	2	5	257	1213	14	13	75.897491	ο
5	1	8	5	2	6	283	1208	131	23	10.680695	ασφυχτικός
5	1	8	5	2	7	427	1208	94	23	95.049583	έλεγχος
5	1	8	5	2	8	533	1213	45	14	89.239082	των
5	1	8	5	2	9	589	1208	135	23	30.148010	περιδωρίων'
4	1	8	5	3	0	13	1237	711	32	-1	
5	1	8	5	3	1	13	1243	92	22	68.221237	χέρδευς
5	1	8	5	3	2	119	1237	46	25	73.913055	των
5	1	8	5	3	3	175	1244	121	23	45.424835	τροπεζών,
5	1	8	5	3	4	309	1249	43	13	52.825035	ιπουὺ
5	1	8	5	3	5	365	1244	107	22	30.896568	οἰπορρέει
5	1	8	5	3	6	490	1245	45	18	71.716339	οπό
5	1	8	5	3	7	553	1249	41	14	86.250504	τον
5	1	8	5	3	8	624	1245	100	24	77.134323	εξωγενή
4	1	8	5	4	0	13	1278	711	25	-1	
5	1	8	5	4	1	13	1278	154	23	21.498337	προσδιορισμό
5	1	8	5	4	2	176	1283	38	18	84.040009	της
5	1	8	5	4	3	227	1280	111	22	14.613640	οἰπώδασης
5	1	8	5	4	4	348	1284	46	13	93.287193	των
5	1	8	5	4	5	409	1280	167	21	83.503334	τοποβετήσεών
5	1	8	5	4	6	591	1286	56	17	88.838760	τους,
5	1	8	5	4	7	665	1280	59	19	0.000000	οιλλάξ
4	1	8	5	5	0	13	1314	711	26	-1	
5	1	8	5	5	1	13	1319	37	13	45.148727	και
5	1	8	5	5	2	63	1318	45	15	92.747543	των
5	1	8	5	5	3	121	1314	134	23	58.366756	πυριέπερων
5	1	8	5	5	4	266	1315	45	20	56.771961	οἰπό
5	1	8	5	5	5	325	1319	30	14	96.285439	πα
5	1	8	5	5	6	370	1316	100	22	92.752472	στοιχεία
5	1	8	5	5	7	485	1317	95	22	52.157257	χόστους,
5	1	8	5	5	8	603	1316	121	24	38.906994	περιορίζει
4	1	8	5	6	0	12	1350	711	24	-1	
5	1	8	5	6	1	12	1350	126	22	0.000000	σηµαντυιά
5	1	8	5	6	2	151	1354	31	19	93.276665	τις
5	1	8	5	6	3	193	1351	146	22	26.234848	δυνοτόπηιτές
5	1	8	5	6	4	351	1355	47	18	83.488358	τους
5	1	8	5	6	5	415	1355	39	18	87.123772	για
5	1	8	5	6	6	471	1351	108	21	65.889420	θελτίωση
5	1	8	5	6	7	595	1357	39	13	68.096458	και
5	1	8	5	6	8	647	1356	76	18	15.721832	εκσυγ-
4	1	8	5	7	0	13	1385	509	24	-1	
5	1	8	5	7	1	13	1385	107	22	46.552605	χρονισμό
5	1	8	5	7	2	131	1390	45	14	93.261177	των
5	1	8	5	7	3	186	1386	126	22	73.528893	ὑπηρεσιὼν
5	1	8	5	7	4	323	1390	41	15	95.293968	που
5	1	8	5	7	5	377	1386	145	23	95.293968	προσφέρουν.
3	1	8	6	0	0	2	1421	722	554	-1	
4	1	8	6	1	0	37	1421	685	25	-1	
5	1	8	6	1	1	37	1422	18	17	89.934425	Ἡ
5	1	8	6	1	2	71	1421	134	23	22.360031	προσπάβειος
5	1	8	6	1	3	216	1426	40	18	86.835258	γιο
5	1	8	6	1	4	268	1426	43	16	92.678658	την
5	1	8	6	1	5	322	1422	121	24	0.000000	εξυψίοινση
5	1	8	6	1	6	460	1426	45	15	95.440140	των
5	1	8	6	1	7	531	1422	191	23	68.889587	αποτελεσμάτων,
4	1	8	6	2	0	11	1457	713	24	-1	
5	1	8	6	2	1	11	1457	58	22	93.273956	όπως
5	1	8	6	2	2	84	1457	144	22	24.861946	«ανοκρέρβηνε
5	1	8	6	2	3	238	1462	58	16	90.830994	στην
5	1	8	6	2	4	307	1458	58	23	95.423630	αρχή
5	1	8	6	2	5	379	1462	39	15	93.158745	του
5	1	8	6	2	6	432	1458	116	23	85.918274	πορόντος,
5	1	8	6	2	7	565	1459	27	18	90.059700	δει
5	1	8	6	2	8	601	1458	123	23	22.732391	συνειπόνε-
4	1	8	6	3	0	13	1492	711	25	-1	
5	1	8	6	3	1	13	1496	35	14	73.800522	τοι
5	1	8	6	3	2	59	1492	115	22	44.189598	αυτόματος
5	1	8	6	3	3	187	1498	37	13	30.614388	χοι
5	1	8	6	3	4	239	1496	43	17	93.303886	την
5	1	8	6	3	5	299	1493	74	22	73.311806	πλήρη
5	1	8	6	3	6	389	1494	121	23	22.548447	εξωγίοινση
5	1	8	6	3	7	523	1490	40	23	92.131424	του
5	1	8	6	3	8	577	1494	147	22	54.772305	προθληµατι-
4	1	8	6	4	0	12	1528	712	25	-1	
5	1	8	6	4	1	12	1528	41	20	64.164078	πού
5	1	8	6	4	2	64	1528	179	25	43.631634	χριρτοφυλοφίου
5	1	8	6	4	3	259	1533	39	18	93.252609	της
5	1	8	6	4	4	311	1529	119	23	3.483521	Ἐρώπεξας,
5	1	8	6	4	5	444	1529	60	21	85.723099	Αυτή
5	1	8	6	4	6	521	1529	28	18	41.087486	δα
5	1	8	6	4	7	565	1529	159	23	5.610161	επιτειχθεί
5	1	8	6	4	8	695	1524	32	37	33.673042	µε
4	1	8	6	5	0	11	1564	713	24	-1	
5	1	8	6	5	1	11	1568	29	16	83.517319	τη
5	1	8	6	5	2	50	1564	164	22	33.774574	μετεκεποίηση
5	1	8	6	5	3	225	1568	47	15	91.427788	των
5	1	8	6	5	4	280	1565	107	22	45.649837	αδροινών
5	1	8	6	5	5	401	1565	97	20	37.630836	δανείων
5	1	8	6	5	6	514	1570	45	13	93.300751	των
5	1	8	6	5	7	571	1565	153	23	79.145981	υπερχρεωµέ-
4	1	8	6	6	0	13	1593	711	30	-1	
5	1	8	6	6	1	13	1604	47	14	92.113892	νων
5	1	8	6	6	2	77	1600	169	22	77.958908	Επιχειρήσεων,
5	1	8	6	6	3	263	1593	58	30	33.384865	ὅπως
5	1	8	6	6	4	334	1600	167	23	30.113289	αποφασίστηριε
5	1	8	6	6	5	519	1600	45	19	28.712624	οιπό
5	1	8	6	6	6	578	1606	26	13	90.268967	το
5	1	8	6	6	7	615	1600	109	22	17.307556	Ανώτατο
4	1	8	6	7	0	12	1636	710	23	-1	
5	1	8	6	7	1	12	1636	124	22	25.493767	Συμβούλιο
5	1	8	6	7	2	145	1636	150	23	0.000000	Οὐιονομυιῖς
5	1	8	6	7	3	308	1637	119	22	61.751503	Πολιτικής
5	1	8	6	7	4	437	1640	42	17	93.193985	τον
5	1	8	6	7	5	488	1637	116	22	7.399429	Ὀκτώέθριςο
5	1	8	6	7	6	616	1642	38	15	95.111511	του
5	1	8	6	7	7	670	1637	52	18	71.242783	1955.
4	1	8	6	8	0	12	1671	710	24	-1	
5	1	8	6	8	1	12	1671	46	20	30.616974	Ἅτος
5	1	8	6	8	2	72	1671	90	18	16.621353	πλοίσιοας
5	1	8	6	8	3	177	1676	37	18	91.853172	της
5	1	8	6	8	4	231	1672	115	23	55.242119	απόφασης
5	1	8	6	8	5	361	1672	75	23	79.480759	αυπής,
5	1	8	6	8	6	449	1677	26	15	79.272202	τὸ
5	1	8	6	8	7	484	1673	67	22	0.000000	509)
5	1	8	6	8	8	563	1677	39	14	88.242996	του
5	1	8	6	8	9	613	1672	109	23	18.328537	οδρανούς
4	1	8	6	9	0	11	1707	712	26	-1	
5	1	8	6	9	1	11	1707	183	22	56.200302	χαρτοφυλακίου,
5	1	8	6	9	2	206	1711	39	18	92.128273	της
5	1	8	6	9	3	257	1708	113	22	51.654720	Ἠράπεξας
5	1	8	6	9	4	381	1708	169	25	32.170700	εξοισφρολίζεται
5	1	8	6	9	5	559	1713	30	17	61.759850	µε
5	1	8	6	9	6	599	1712	45	17	87.311546	την
5	1	8	6	9	7	657	1708	66	23	0.000000	ΕΥΥύ-
4	1	8	6	10	0	12	1742	711	21	-1	
5	1	8	6	10	1	12	1746	42	15	54.554855	Ἠση
5	1	8	6	10	2	68	1746	38	13	93.295395	του
5	1	8	6	10	3	118	1742	127	19	22.271629	Ἑλληνιού
5	1	8	6	10	4	255	1743	108	20	53.855293	Δημεσίου
5	1	8	6	10	5	377	1748	39	12	32.155220	καν
5	1	8	6	10	6	425	1743	89	18	0.000000	αποντό
5	1	8	6	10	7	523	1743	167	20	0.000000	ιοινοποσιητινή.
5	1	8	6	10	8	698	1747	25	14	41.396103	οἱ-
4	1	8	6	11	0	11	1776	711	22	-1	
5	1	8	6	11	1	11	1776	106	19	72.664795	απόδοση,
5	1	8	6	11	2	130	1776	46	16	90.826141	ενώ
5	1	8	6	11	3	189	1776	114	21	39.165936	οαινόλογες
5	1	8	6	11	4	316	1776	132	21	16.433624	προσππυωιές
5	1	8	6	11	5	471	1776	187	22	43.422516	δημιουρνούνται
5	1	8	6	11	6	683	1780	39	13	66.994072	γαι
4	1	8	6	12	0	11	1805	711	27	-1	
5	1	8	6	12	1	11	1814	39	17	94.849174	για
5	1	8	6	12	2	63	1814	25	13	83.983238	τὸ
5	1	8	6	12	3	99	1809	106	19	92.734436	υπόλοιπο
5	1	8	6	12	4	216	1809	71	22	33.892807	509)9,
5	1	8	6	12	5	300	1810	58	21	70.778091	αφού
5	1	8	6	12	6	369	1814	15	15	55.367981	η
5	1	8	6	12	7	391	1805	145	26	66.426025	ελεγχόμενη
5	1	8	6	12	8	545	1815	40	12	62.793446	πιο
5	1	8	6	12	9	593	1810	129	22	14.390869	λειτουργίος
4	1	8	6	13	0	2	1844	718	24	-1	
5	1	8	6	13	1	2	1848	54	17	0.185020	των
5	1	8	6	13	2	71	1844	185	23	64.389412	προθληµατυιών
5	1	8	6	13	3	268	1844	168	23	79.616882	επιχειρήσεων,
5	1	8	6	13	4	453	1850	40	13	92.653091	που
5	1	8	6	13	5	504	1845	172	23	28.080994	εξυγιούΜοντοι,
5	1	8	6	13	6	702	1845	18	18	37.199062	θ)
4	1	8	6	14	0	9	1880	713	24	-1	
5	1	8	6	14	1	9	1880	91	23	13.459480	αὐξήσει
5	1	8	6	14	2	114	1884	43	16	60.705486	την
5	1	8	6	14	3	169	1880	177	22	0.000000	οποδετιότητά
5	1	8	6	14	4	356	1885	50	18	90.785500	τοὺς
5	1	8	6	14	5	421	1885	39	13	52.327656	παν
5	1	8	6	14	6	470	1885	43	16	92.898109	την
5	1	8	6	14	7	523	1880	139	23	44.866875	προνµατωκή
5	1	8	6	14	8	670	1880	52	24	11.476181	οξία
4	1	8	6	15	0	10	1916	712	22	-1	
5	1	8	6	15	1	10	1920	45	13	93.051468	των
5	1	8	6	15	2	71	1916	160	21	12.774139	περιδυσιουιών
5	1	8	6	15	3	244	1920	48	18	67.933136	τους
5	1	8	6	15	4	307	1916	123	22	59.540066	στοιχείων,
5	1	8	6	15	5	444	1916	20	18	90.802254	Η
5	1	8	6	15	6	478	1916	54	21	94.736015	λύση
5	1	8	6	15	7	552	1916	63	22	81.687019	αυτή,
5	1	8	6	15	8	631	1919	57	18	90.268028	στην
5	1	8	6	15	9	698	1921	24	13	62.780624	δ-
4	1	8	6	16	0	11	1951	711	24	-1	
5	1	8	6	16	1	11	1952	52	17	34.816147	ποία
5	1	8	6	16	2	78	1952	125	19	40.268089	ουσιοαστωιή
5	1	8	6	16	3	219	1952	98	21	63.484722	συµθολή
5	1	8	6	16	4	332	1951	67	22	66.893204	είχαν
5	1	8	6	16	5	414	1956	40	13	22.598297	νικί
5	1	8	6	16	6	466	1958	20	12	84.110466	οι
5	1	8	6	16	7	496	1952	163	23	66.259918	µανρόχρονιες
5	1	8	6	16	8	682	1956	40	15	31.011559	Όλοι
3	1	8	7	0	0	10	1987	711	204	-1	
4	1	8	7	1	0	13	1987	708	24	-1	
5	1	8	7	1	1	13	1987	103	22	37.564224	Επήπονες
5	1	8	7	1	2	127	1987	142	22	39.156719	προσπάθειες
5	1	8	7	1	3	286	1992	38	17	94.534935	της
5	1	8	7	1	4	341	1987	117	23	34.375549	Διοίκησης
5	1	8	7	1	5	475	1992	39	18	95.566086	της
5	1	8	7	1	6	530	1988	120	23	0.338623	Τράπεζας,
5	1	8	7	1	7	667	1991	54	19	43.216766	Ἠπο-
4	1	8	7	2	0	11	2023	710	24	-1	
5	1	8	7	2	1	11	2023	34	23	11.403008	ρεἰ
5	1	8	7	2	2	58	2028	30	13	87.981224	να
5	1	8	7	2	3	101	2023	104	24	11.596336	δεωρηθεί
5	1	8	7	2	4	217	2023	76	20	0.000000	δίκαὶη.
5	1	8	7	2	5	305	2028	40	13	92.640419	στο
5	1	8	7	2	6	358	2023	117	23	18.946747	πρόθληµα
5	1	8	7	2	7	485	2028	37	19	93.292511	της
5	1	8	7	2	8	531	2024	130	23	0.000000	χκτονοµής
5	1	8	7	2	9	681	2027	40	15	96.521263	του
4	1	8	7	3	0	11	2060	710	23	-1	
5	1	8	7	3	1	11	2060	79	23	82.332512	θάρευς
5	1	8	7	3	2	101	2064	37	19	87.752090	της
5	1	8	7	3	3	167	2060	127	23	76.334839	εξυγίανσης
5	1	8	7	3	4	309	2064	45	14	93.078331	των
5	1	8	7	3	5	367	2060	191	23	60.406181	υπερχρεωµένων
5	1	8	7	3	6	581	2060	140	23	17.295288	επυχειρήσε-
4	1	8	7	4	0	10	2096	709	23	-1	
5	1	8	7	4	1	10	2101	37	17	61.867043	ὧν,
5	1	8	7	4	2	63	2096	43	19	95.911667	ενώ
5	1	8	7	4	3	122	2096	140	23	53.176304	ταυτόχρονα
5	1	8	7	4	4	272	2096	106	19	75.190170	αποτελεί
5	1	8	7	4	5	394	2101	39	13	0.000000	χι
5	1	8	7	4	6	445	2101	39	18	58.165222	µια
5	1	8	7	4	7	493	2096	99	23	43.568924	τολμηρή
5	1	8	7	4	8	617	2096	102	21	47.674179	πολιτική
4	1	8	7	5	0	10	2132	711	23	-1	
5	1	8	7	5	1	10	2137	38	17	76.041199	για
5	1	8	7	5	2	59	2137	28	16	66.881195	τῃ
5	1	8	7	5	3	97	2132	96	20	80.609795	διάσωση
5	1	8	7	5	4	201	2132	52	23	94.721680	ενός
5	1	8	7	5	5	262	2132	101	22	60.113033	μεγάλου
5	1	8	7	5	6	374	2132	77	23	0.000000	μέρους
5	1	8	7	5	7	465	2137	39	13	92.595245	του
5	1	8	7	5	8	515	2132	157	23	70.804619	παραγωγιιού
5	1	8	7	5	9	685	2132	36	18	14.753838	ὅν-
4	1	8	7	6	0	10	2168	242	23	-1	
5	1	8	7	6	1	10	2168	93	23	34.882088	νομωιεύ
5	1	8	7	6	2	118	2173	38	17	95.464821	της
5	1	8	7	6	3	168	2168	84	22	46.865082	Χώρας.
3	1	8	8	0	0	9	2204	711	129	-1	
4	1	8	8	1	0	33	2204	687	23	-1	
5	1	8	8	1	1	33	2204	38	18	78.505516	Με
5	1	8	8	1	2	80	2208	44	15	88.846054	την
5	1	8	8	1	3	136	2204	119	23	41.909561	εξυγίανση.
5	1	8	8	1	4	266	2208	45	13	86.023666	των
5	1	8	8	1	5	319	2204	187	21	67.558838	αποτελεσμάτων
5	1	8	8	1	6	518	2209	37	12	43.820553	και
5	1	8	8	1	7	571	2209	38	12	92.320099	του
5	1	8	8	1	8	621	2208	99	18	82.905334	χαρτοφυ
4	1	8	8	2	0	9	2238	710	25	-1	
5	1	8	8	2	1	9	2240	78	18	0.326767	λοωίου
5	1	8	8	2	2	102	2244	37	17	90.689034	της
5	1	8	8	2	3	154	2239	113	23	62.185966	Ἐράπεζας
5	1	8	8	2	4	281	2239	165	24	37.580128	εξοσφαλίδεται
5	1	8	8	2	5	463	2244	36	17	91.466347	γικ
5	1	8	8	2	6	512	2244	26	13	92.437431	το
5	1	8	8	2	7	547	2240	70	21	27.787796	άμεσο
5	1	8	8	2	8	627	2238	92	24	85.499092	µέλλον,
4	1	8	8	3	0	9	2259	709	43	-1	
5	1	8	8	3	1	9	2259	38	43	22.144287	σαι
5	1	8	8	3	2	58	2275	95	22	72.488815	Μάλιστα
5	1	8	8	3	3	163	2280	24	13	89.832611	σε
5	1	8	8	3	4	199	2275	83	22	0.000000	Μόνη
5	1	8	8	3	5	293	2280	38	13	31.941338	κάν
5	1	8	8	3	6	341	2275	94	22	80.437317	σταξερή
5	1	8	8	3	7	453	2275	61	21	56.591530	ἐάσῃ,
5	1	8	8	3	8	528	2280	14	18	64.125206	Ἡ
5	1	8	8	3	9	558	2275	108	20	43.804546	θελπίωση
5	1	8	8	3	10	681	2280	37	17	95.059715	της
4	1	8	8	4	0	9	2311	244	22	-1	
5	1	8	8	4	1	9	2311	184	22	35.677818	αποδατικόὀτητάς
5	1	8	8	4	2	209	2316	44	17	95.456230	της.
3	1	8	9	0	0	7	2340	713	208	-1	
4	1	8	9	1	0	31	2340	687	29	-1	
5	1	8	9	1	1	31	2346	93	20	74.993584	Αποητά
5	1	8	9	1	2	137	2346	47	18	71.684486	έτσι
5	1	8	9	1	3	190	2340	18	26	40.621040	η
5	1	8	9	1	4	223	2346	103	23	68.647377	Τράπεξα
5	1	8	9	1	5	339	2351	27	15	90.487411	τη
5	1	8	9	1	6	379	2346	137	20	61.273125	δυνατέτητα
5	1	8	9	1	7	531	2351	30	13	94.653305	να
5	1	8	9	1	8	578	2346	140	23	86.953247	παρουσιάσει
4	1	8	9	2	0	7	2382	712	23	-1	
5	1	8	9	2	1	7	2383	115	22	0.000000	αυξημένο
5	1	8	9	2	2	133	2382	85	22	22.456795	παξχρά
5	1	8	9	2	3	233	2382	69	22	23.849083	κέρδη
5	1	8	9	2	4	318	2387	39	12	93.979782	στο
5	1	8	9	2	5	372	2382	70	22	46.962414	άμεσο
5	1	8	9	2	6	454	2382	91	22	31.266830	µέλλεν.
5	1	8	9	2	7	557	2382	17	17	56.043182	Η
5	1	8	9	2	8	587	2378	86	31	77.532906	εξέλιξη
5	1	8	9	2	9	685	2378	37	31	14.191452	αὺ-
4	1	8	9	3	0	7	2417	711	22	-1	
5	1	8	9	3	1	7	2418	26	19	22.105293	τὰ
5	1	8	9	3	2	46	2418	27	17	45.989323	ὃς
5	1	8	9	3	3	85	2418	48	21	15.463715	ἔχει
5	1	8	9	3	4	146	2418	71	21	19.950424	όμιεσο
5	1	8	9	3	5	228	2422	39	13	0.000000	πι
5	1	8	9	3	6	279	2417	88	18	0.000000	ευνοϊκό
5	1	8	9	3	7	381	2418	119	17	52.286587	αντίπτωπο
5	1	8	9	3	8	515	2422	42	15	82.338745	στη
5	1	8	9	3	9	573	2421	145	18	54.587326	χρηµατιστη-
4	1	8	9	4	0	8	2452	710	25	-1	
5	1	8	9	4	1	8	2454	65	23	22.431366	ριουιή
5	1	8	9	4	2	87	2453	49	22	80.080414	τιµή
5	1	8	9	4	3	149	2458	37	18	93.951843	της
5	1	8	9	4	4	199	2453	102	23	33.977501	μετοχής,
5	1	8	9	4	5	315	2458	14	15	62.716942	Ἡ
5	1	8	9	4	6	342	2453	63	18	0.000000	ἀπεία
5	1	8	9	4	7	415	2458	37	13	64.602692	και
5	1	8	9	4	8	464	2452	60	19	40.989586	κάτω
5	1	8	9	4	9	535	2452	45	19	95.939568	από
5	1	8	9	4	10	590	2458	32	17	92.383896	τις
5	1	8	9	4	11	630	2457	88	18	59.227791	σημερὶ-
4	1	8	9	5	0	8	2488	712	24	-1	
5	1	8	9	5	1	8	2490	38	22	80.337456	νές
5	1	8	9	5	2	57	2490	112	21	57.333603	συνθήκες,
5	1	8	9	5	3	183	2490	56	17	5.218033	δέλω
5	1	8	9	5	4	253	2494	32	13	90.451324	να
5	1	8	9	5	5	300	2489	134	18	84.018761	επανκλόθω
5	1	8	9	5	6	446	2489	40	21	88.183838	ότι,
5	1	8	9	5	7	504	2489	60	18	54.111015	εἶναν
5	1	8	9	5	8	593	2488	127	23	17.656036	σηµαντυά
4	1	8	9	6	0	7	2523	675	25	-1	
5	1	8	9	6	1	7	2524	143	24	0.000000	χαμηλότερη
5	1	8	9	6	2	169	2525	43	18	91.086380	οἰπό
5	1	8	9	6	3	225	2529	43	16	91.244301	την
5	1	8	9	6	4	283	2524	140	23	39.238220	πραγματική
5	1	8	9	6	5	441	2524	121	23	73.740204	εσωτερική
5	1	8	9	6	6	577	2529	37	18	93.294815	της
5	1	8	9	6	7	627	2523	55	24	71.242973	αξίοι
3	1	8	10	0	0	4	2565	717	454	-1	
4	1	8	10	1	0	29	2565	690	24	-1	
5	1	8	10	1	1	29	2566	30	18	32.770935	Όι
5	1	8	10	1	2	73	2566	144	23	73.996201	πρεσπάξειες
5	1	8	10	1	3	231	2571	40	18	96.345177	της
5	1	8	10	1	4	283	2566	123	23	69.094528	Διοίκησης,
5	1	8	10	1	5	422	2571	39	17	57.092194	για
5	1	8	10	1	6	476	2571	42	15	91.969841	την
5	1	8	10	1	7	549	2565	170	23	63.252647	αναδιάρθρωσπ
4	1	8	10	2	0	7	2600	712	25	-1	
5	1	8	10	2	1	7	2607	45	13	93.158417	των
5	1	8	10	2	2	67	2602	187	22	67.425568	οἰποτελεσμάτων
5	1	8	10	2	3	267	2607	38	12	35.445900	γαι
5	1	8	10	2	4	324	2607	38	13	92.339645	του
5	1	8	10	2	5	379	2602	178	22	25.634155	χαρτοφυλοκίσυ
5	1	8	10	2	6	570	2606	38	19	90.912193	της
5	1	8	10	2	7	633	2600	86	23	5.892372	Τράπε-
4	1	8	10	3	0	7	2636	714	23	-1	
5	1	8	10	3	1	7	2638	42	21	69.408218	ζας,
5	1	8	10	3	2	57	2638	30	17	96.466682	δε
5	1	8	10	3	3	100	2637	266	21	7.349945	μείωσαν
5	1	8	10	3	4	207	2632	37	31	92.276779	τις
5	1	8	10	3	5	256	2637	110	21	78.383232	φροντίδες
5	1	8	10	3	6	377	2640	40	18	93.328087	της
5	1	8	10	3	7	434	2632	42	31	73.612770	γιο:
5	1	8	10	3	8	493	2632	61	31	49.144173	άρτιο
5	1	8	10	3	9	567	2636	154	23	26.350624	εξυπηρέτηση.
4	1	8	10	4	0	6	2670	712	23	-1	
5	1	8	10	4	1	6	2676	39	13	67.521454	του
5	1	8	10	4	2	58	2671	78	22	94.636497	υγιούς,
5	1	8	10	4	3	151	2676	37	13	52.137283	και
5	1	8	10	4	4	203	2676	31	17	88.148071	µε.
5	1	8	10	4	5	247	2671	160	22	15.076950	«νοππυξιακές
5	1	8	10	4	6	420	2671	129	22	75.609390	προοπτικές
5	1	8	10	4	7	561	2670	157	23	8.059174	ποραγωγυιδῷ
4	1	8	10	5	0	7	2706	710	23	-1	
5	1	8	10	5	1	7	2706	120	23	0.000000	δυναμικού
5	1	8	10	5	2	139	2711	39	18	92.739143	της
5	1	8	10	5	3	190	2706	120	22	39.337116	ελληνωιής
5	1	8	10	5	4	321	2706	134	23	58.115532	οὐιονοµίας,
5	1	8	10	5	5	465	2706	45	19	65.231201	από
5	1	8	10	5	6	523	2706	95	23	26.609581	πλευράς
5	1	8	10	5	7	633	2710	84	19	22.879379	χρημούν
4	1	8	10	6	0	7	2742	710	23	-1	
5	1	8	10	6	1	7	2743	119	22	89.573212	τοδότησης
5	1	8	10	6	2	139	2747	39	14	25.862831	και
5	1	8	10	6	3	190	2742	82	22	84.661209	γενικά
5	1	8	10	6	4	285	2742	97	23	93.928917	παροχής
5	1	8	10	6	5	397	2742	85	23	95.457535	υψηλής
5	1	8	10	6	6	494	2742	114	23	62.721386	ποιότητας
5	1	8	10	6	7	619	2742	98	23	30.757111	τροπεξι-
4	1	8	10	7	0	6	2778	711	23	-1	
5	1	8	10	7	1	6	2779	47	18	63.263210	κών
5	1	8	10	7	2	64	2778	130	23	42.724663	υπηρεσιών.
5	1	8	10	7	3	212	2778	56	22	95.232613	Προς
5	1	8	10	7	4	284	2781	42	17	93.288399	την
5	1	8	10	7	5	338	2778	134	20	22.693336	χατεύθυνση
5	1	8	10	7	6	487	2778	55	20	94.302208	αυτή
5	1	8	10	7	7	557	2778	116	20	81.754471	«συνέβαλε
5	1	8	10	7	8	701	2782	16	16	63.347034	η
4	1	8	10	8	0	6	2813	711	24	-1	
5	1	8	10	8	1	6	2814	114	23	10.745705	προώξηση
5	1	8	10	8	2	134	2819	38	12	93.265442	του
5	1	8	10	8	3	189	2814	135	19	12.364044	διοινητικού
5	1	8	10	8	4	341	2818	38	13	75.164200	καὶ
5	1	8	10	8	5	395	2813	166	23	59.320187	λειτουργινιού
5	1	8	10	8	6	556	2809	9	32	62.986057	.
5	1	8	10	8	7	573	2818	144	18	18.251083	εὐσυγχρονι-
4	1	8	10	9	0	5	2849	711	24	-1	
5	1	8	10	9	1	5	2850	53	23	81.473480	αμού
5	1	8	10	9	2	67	2855	39	18	93.277374	της
5	1	8	10	9	3	117	2850	120	23	59.018105	Ἐρώπεξας.
5	1	8	10	9	4	249	2850	19	17	88.559555	Ἡ
5	1	8	10	9	5	278	2849	82	21	64.668930	Εξνυκή
5	1	8	10	9	6	373	2849	104	24	45.745399	Ἐράπεξα
5	1	8	10	9	7	489	2849	183	24	72.445610	χρηματοδότησε
5	1	8	10	9	8	684	2854	32	18	96.619171	τις
4	1	8	10	10	0	4	2878	712	31	-1	
5	1	8	10	10	1	4	2886	143	23	1.751221	επενδυτιωιές
5	1	8	10	10	2	163	2891	39	13	0.000000	κο
5	1	8	10	10	3	216	2878	154	30	0.000000	παραγωγές
5	1	8	10	10	4	387	2886	183	23	89.834076	δραστηριότητες
5	1	8	10	10	5	585	2890	47	13	93.077965	των
5	1	8	10	10	6	651	2889	65	19	11.358643	µετο-
4	1	8	10	11	0	4	2922	711	27	-1	
5	1	8	10	11	1	4	2922	122	23	0.000000	ποιητικών:
5	1	8	10	11	2	138	2922	161	24	51.620995	επιχειρήσεων
5	1	8	10	11	3	312	2927	38	14	0.000000	αι
5	1	8	10	11	4	364	2926	28	19	88.946671	µε
5	1	8	10	11	5	404	2922	107	23	32.505325	ιδιάίτερο
5	1	8	10	11	6	525	2922	136	27	45.275936	ενδικφέρον
5	1	8	10	11	7	677	2925	38	16	15.947639	αἲν-
4	1	8	10	12	0	5	2951	711	31	-1	
5	1	8	10	12	1	5	2951	147	31	10.803345	ταἰικιρίθίησιε.
5	1	8	10	12	2	167	2963	41	16	90.300163	στη
5	1	8	10	12	3	219	2959	81	23	82.429741	ζήτηση.
5	1	8	10	12	4	317	2958	99	21	64.705170	δανείων,
5	1	8	10	12	5	429	2958	45	20	21.504585	από
5	1	8	10	12	6	487	2963	31	18	96.786522	τις
5	1	8	10	12	7	527	2958	156	23	36.807594	μικρομεσαίες,
5	1	8	10	12	8	695	2963	21	13	90.333305	ε-
4	1	8	10	13	0	4	2987	593	36	-1	
5	1	8	10	13	1	4	2987	151	36	45.582588	πιχειρήσεις.-
5	1	8	10	13	2	359	2989	2	2	39.524895	|
5	1	8	10	13	3	594	2991	3	6	0.000000	.
3	1	8	11	0	0	3	3031	265	21	-1	
4	1	8	11	1	0	3	3031	265	21	-1	
5	1	8	11	1	1	3	3032	78	20	72.855942	Αθήνα
5	1	8	11	1	2	96	3032	11	17	92.091797	5
5	1	8	11	1	3	121	3031	87	19	15.520813	Ἰουνίδω
5	1	8	11	1	4	222	3031	46	18	38.770981	19566
2	1	9	0	0	0	302	252	142	11	-1	
3	1	9	1	0	0	302	252	142	11	-1	
4	1	9	1	1	0	302	252	142	11	-1	
5	1	9	1	1	1	302	252	142	11	95.000000	 
2	1	10	0	0	0	111	3120	590	133	-1	
3	1	10	1	0	0	111	3120	590	133	-1	
4	1	10	1	1	0	111	3120	517	24	-1	
5	1	10	1	1	1	111	3121	151	23	93.262184	ΓΡΑΦΕΙΟ
5	1	10	1	1	2	273	3120	145	23	92.396477	ΓΕΝΙΚΟΥ
5	1	10	1	1	3	435	3120	193	23	96.252022	ΤΟΥΡΙΣΜΟΥ
4	1	10	1	2	0	239	3174	462	39	-1	
5	1	10	1	2	1	239	3176	2	2	7.201958	ΤΙ
5	1	10	1	2	2	273	3174	192	39	15.110741	ΝΝΤΝΛΡΙΚΟΥ
5	1	10	1	2	3	491	3174	87	39	36.725372	ΤΟΙΣ
4	1	10	1	3	0	138	3229	496	24	-1	
5	1	10	1	3	1	138	3229	129	22	87.746262	ΣΠΑΡΤΗ
5	1	10	1	3	2	279	3237	21	3	83.907043	--
5	1	10	1	3	3	313	3229	172	24	96.821419	ΤΗΛΕΦΩΝΟ
5	1	10	1	3	4	498	3230	82	22	38.025948	22132
2	1	11	0	0	0	3	3277	712	110	-1	
3	1	11	1	0	0	3	3277	712	110	-1	
4	1	11	1	1	0	32	3277	683	38	-1	
5	1	11	1	1	1	32	3284	41	21	92.921944	Μέ
5	1	11	1	1	2	86	3283	32	22	96.723518	τό
5	1	11	1	1	3	135	3283	146	27	93.300064	πολυτελές
5	1	11	1	1	4	297	3283	123	31	86.375557	ποῦλμαν
5	1	11	1	1	5	436	3283	48	22	96.472794	τοῦ
5	1	11	1	1	6	498	3284	136	31	95.543900	γραφείου
5	1	11	1	1	7	663	3277	52	38	96.117683	µας
4	1	11	1	2	0	4	3318	711	32	-1	
5	1	11	1	2	1	4	3319	46	22	96.910751	καί
5	1	11	1	2	2	62	3319	46	22	38.857330	τόν
5	1	11	1	2	3	118	3318	112	23	89.511101	ἐκλεκτό
5	1	11	1	2	4	242	3318	94	31	92.794113	ὁδηγό,
5	1	11	1	2	5	350	3320	136	30	93.303085	Δημήτριο
5	1	11	1	2	6	497	3320	119	23	90.040115	Κοσκινᾶ
5	1	11	1	2	7	630	3320	36	23	96.799393	θά
5	1	11	1	2	8	681	3325	34	18	96.813736	συ
4	1	11	1	3	0	3	3354	657	33	-1	
5	1	11	1	3	1	3	3355	143	30	82.447754	νεχίσουµε
5	1	11	1	3	2	158	3354	48	23	86.058449	καί
5	1	11	1	3	3	223	3355	33	22	95.815460	τό
5	1	11	1	3	4	270	3355	58	22	72.138199	19866
5	1	11	1	3	5	343	3354	165	31	90.713303	ὡραιότατες
5	1	11	1	3	6	519	3356	141	31	87.176163	ἐκδρομές.
2	1	12	0	0	0	485	3087	229	12	-1	
3	1	12	1	0	0	485	3087	229	12	-1	
4	1	12	1	1	0	485	3087	229	12	-1	
5	1	12	1	1	1	485	3087	229	12	95.000000	 
2	1	13	0	0	0	13	3091	463	7	-1	
3	1	13	1	0	0	13	3091	463	7	-1	
4	1	13	1	1	0	13	3091	463	7	-1	
5	1	13	1	1	1	13	3091	463	7	95.000000	 
2	1	14	0	0	0	850	891	12	717	-1	
3	1	14	1	0	0	850	891	12	717	-1	
4	1	14	1	1	0	850	891	12	717	-1	
5	1	14	1	1	1	850	891	12	717	95.000000	 
2	1	15	0	0	0	997	95	207	31	-1	
3	1	15	1	0	0	997	95	207	31	-1	
4	1	15	1	1	0	997	95	207	31	-1	
5	1	15	1	1	1	997	99	38	22	89.179558	το
5	1	15	1	1	2	1051	95	153	31	7.774826	ΤΕΩΡΓΤΙΣΙ
2	1	16	0	0	0	997	140	254	9	-1	
3	1	16	1	0	0	997	140	254	9	-1	
4	1	16	1	1	0	997	140	254	9	-1	
5	1	16	1	1	1	997	140	254	9	95.000000	 
2	1	17	0	0	0	1252	144	288	9	-1	
3	1	17	1	0	0	1252	144	288	9	-1	
4	1	17	1	1	0	1252	144	288	9	-1	
5	1	17	1	1	1	1252	144	288	9	95.000000	 
2	1	18	0	0	0	993	187	704	76	-1	
3	1	18	1	0	0	993	187	704	76	-1	
4	1	18	1	1	0	993	187	704	76	-1	
5	1	18	1	1	1	993	188	25	58	56.045551	Β
5	1	18	1	1	2	1039	187	239	62	12.548332	εκΠαΙΠεύΠῃ
5	1	18	1	1	3	1299	204	73	56	26.676529	ΠβΟ
5	1	18	1	1	4	1388	206	59	47	56.964958	Καὶ
5	1	18	1	1	5	1463	196	96	67	10.132507	μετή
5	1	18	1	1	6	1574	209	45	46	77.304688	το
5	1	18	1	1	7	1638	199	59	58	73.800537	2
2	1	19	0	0	0	982	294	716	606	-1	
3	1	19	1	0	0	1096	294	504	26	-1	
4	1	19	1	1	0	1096	294	504	26	-1	
5	1	19	1	1	1	1096	294	45	19	94.039436	Του
5	1	19	1	1	2	1150	296	135	21	0.000000	αείμνηστου
5	1	19	1	1	3	1296	297	144	22	83.067352	ΓΕΩΡΓΙΟΥ
5	1	19	1	1	4	1448	300	25	18	39.483078	Δ,.
5	1	19	1	1	5	1482	300	118	20	47.585293	ΓΚΑΕΚΑ.
3	1	19	2	0	0	986	328	712	243	-1	
4	1	19	2	1	0	1012	328	686	36	-1	
5	1	19	2	1	1	1012	328	46	19	72.159882	Τευ
5	1	19	2	1	2	1069	331	130	21	81.110329	παραπάνευ
5	1	19	2	1	3	1212	333	170	21	54.850636	αναφεροµένου
5	1	19	2	1	4	1397	329	102	28	43.081722	Ἱερεμίευ:
5	1	19	2	1	5	1515	337	134	20	94.706482	διδασκάλου
5	1	19	2	1	6	1662	345	36	19	96.347939	εις
4	1	19	2	2	0	987	364	710	31	-1	
5	1	19	2	2	1	987	368	26	13	73.151863	τὸ
5	1	19	2	2	2	1026	364	100	23	74.246460	Ἱστορικό
5	1	19	2	2	3	1138	366	85	23	46.233002	Αρχείο
5	1	19	2	2	4	1234	367	100	24	42.803894	Σπάρτης
5	1	19	2	2	5	1347	369	106	23	87.990768	σώζανπαι
5	1	19	2	2	6	1468	371	40	18	93.085434	δύο
5	1	19	2	2	7	1522	372	97	23	24.775864	χαρτώφι
5	1	19	2	2	8	1634	371	63	22	84.370346	χώδι-
4	1	19	2	3	0	987	400	708	33	-1	
5	1	19	2	3	1	987	404	37	18	73.310692	Ἆες
5	1	19	2	3	2	1038	400	91	24	0.000000	λογής
5	1	19	2	3	3	1140	402	144	23	74.935287	χειρόγραφοι
5	1	19	2	3	4	1301	408	28	17	95.284508	µε
5	1	19	2	3	5	1345	409	41	15	95.074921	την
5	1	19	2	3	6	1404	405	87	24	62.211922	ένδειξη
5	1	19	2	3	7	1506	412	50	14	40.313549	ὠἷχι
5	1	19	2	3	8	1568	408	63	19	95.202530	τούτο
5	1	19	2	3	9	1644	415	51	18	91.631004	προς
4	1	19	2	4	0	987	436	709	32	-1	
5	1	19	2	4	1	987	440	44	17	93.251663	τοις
5	1	19	2	4	2	1047	436	76	23	87.298050	ἄλλεις
5	1	19	2	4	3	1136	438	102	22	57.073040	Γερεμίου
5	1	19	2	4	4	1252	439	134	20	68.488571	διδασκάλου
5	1	19	2	4	5	1400	446	27	13	55.162235	ΕΧ
5	1	19	2	4	6	1441	442	82	22	92.068161	χωρίου
5	1	19	2	4	7	1560	444	136	24	65.952255	Γεωργίτζη»
4	1	19	2	5	0	991	471	704	31	-1	
5	1	19	2	5	1	991	471	34	21	0.000000	(3ξ
5	1	19	2	5	2	1041	476	38	14	14.067398	ποι
5	1	19	2	5	3	1090	472	24	18	59.159031	65
5	1	19	2	5	4	1126	471	109	24	0.000000	αρίξλση
5	1	19	2	5	5	1253	474	59	23	42.091251	Ῥόη)
5	1	19	2	5	6	1333	475	59	18	95.667099	αλλά
5	1	19	2	5	7	1406	482	39	16	92.605545	για
5	1	19	2	5	8	1457	478	20	17	66.696167	ν᾿
5	1	19	2	5	9	1491	479	123	22	29.772346	οἰσχολήται
5	1	19	2	5	10	1628	486	67	16	25.773933	μετη
4	1	19	2	6	0	986	506	708	38	-1	
5	1	19	2	6	1	986	506	79	23	39.889572	λαγωιή
5	1	19	2	6	2	1077	508	89	23	49.904499	µάδηµοι
5	1	19	2	6	3	1181	514	37	17	80.744392	της
5	1	19	2	6	4	1232	509	91	23	62.111927	θύραθεν
5	1	19	2	6	5	1336	512	105	23	69.122246	παιδείας,
5	1	19	2	6	6	1456	514	41	17	94.411781	δεν
5	1	19	2	6	7	1515	507	41	28	88.815018	ήτο
5	1	19	2	6	8	1586	509	108	35	16.417381	δάσνλος
4	1	19	2	7	0	986	543	453	28	-1	
5	1	19	2	7	1	986	543	76	22	80.161926	Χφινής
5	1	19	2	7	2	1073	544	120	23	6.870453	μόρφωσης.
5	1	19	2	7	3	1436	568	3	3	0.000000	.
3	1	19	3	0	0	982	578	711	317	-1	
4	1	19	3	1	0	1008	578	685	31	-1	
5	1	19	3	1	1	1008	578	50	19	94.151733	Από
5	1	19	3	1	2	1070	584	27	13	92.781631	τα
5	1	19	3	1	3	1110	580	130	22	24.728706	παραπάνευ
5	1	19	3	1	4	1252	581	78	19	56.583744	λοιπόν
5	1	19	3	1	5	1343	583	108	22	91.831696	φαίνεται,
5	1	19	3	1	6	1468	585	33	19	86.930191	ότι
5	1	19	3	1	7	1517	590	15	16	55.709991	η
5	1	19	3	1	8	1558	587	135	22	38.033241	Εκπαίδευση
4	1	19	3	2	0	985	614	708	33	-1	
5	1	19	3	2	1	985	618	41	17	19.814827	στις
5	1	19	3	2	2	1037	614	81	23	91.100868	χρόνια
5	1	19	3	2	3	1130	620	37	19	93.293449	της
5	1	19	3	2	4	1184	616	177	25	58.284874	Τευρχοχρατίας
5	1	19	3	2	5	1378	619	41	20	73.201828	ήτο
5	1	19	3	2	6	1436	620	113	23	37.919579	ελεύξδερη,
5	1	19	3	2	7	1561	622	44	18	75.744781	από
5	1	19	3	2	8	1617	624	25	17	96.162430	δε
5	1	19	3	2	9	1656	629	37	18	96.337715	της
4	1	19	3	3	0	986	650	706	36	-1	
5	1	19	3	3	1	986	650	110	23	93.656136	Γαλλικής
5	1	19	3	3	2	1110	652	158	23	4.430130	Επανάστασης
5	1	19	3	3	3	1282	658	36	13	70.936081	πο;
5	1	19	3	3	4	1333	658	44	14	93.296783	των
5	1	19	3	3	5	1391	655	174	20	36.653870	Ναπολενπτείων
5	1	19	3	3	6	1584	654	108	32	65.673676	πολέμων,
4	1	19	3	4	0	985	686	708	27	-1	
5	1	19	3	4	1	985	686	71	18	79.268005	πολλά
5	1	19	3	4	2	1075	688	146	21	21.966309	οφελήξησαν
5	1	19	3	4	3	1238	693	21	13	92.527344	οι
5	1	19	3	4	4	1278	689	108	24	30.989891	΄Ἓλληνες
5	1	19	3	4	5	1398	696	36	13	74.110748	πχι
5	1	19	3	4	6	1454	692	97	21	96.253334	θέλησαν
5	1	19	3	4	7	1566	698	28	13	96.706558	να
5	1	19	3	4	8	1608	694	85	19	56.786541	δώσουν
4	1	19	3	5	0	984	713	708	40	-1	
5	1	19	3	5	1	984	725	40	14	75.349419	στα
5	1	19	3	5	2	1041	723	76	17	93.257401	παιδιά
5	1	19	3	5	3	1132	727	46	14	89.019371	των
5	1	19	3	5	4	1188	725	125	20	59.825134	ευρωποϊνή
5	1	19	3	5	5	1326	713	113	40	42.876297	μόρφωση,
5	1	19	3	5	6	1457	728	112	23	67.944870	ιδρύονπες
5	1	19	3	5	7	1590	730	102	23	89.663727	ανώτερα
4	1	19	3	6	0	982	757	709	38	-1	
5	1	19	3	6	1	982	757	92	22	92.206520	σχολεία
5	1	19	3	6	2	1084	763	30	18	96.725342	εις
5	1	19	3	6	3	1127	764	30	17	93.822388	τις
5	1	19	3	6	4	1172	760	131	21	55.286011	οικονομικά
5	1	19	3	6	5	1316	762	159	23	46.172985	εευρωστότερες
5	1	19	3	6	6	1491	764	133	23	2.858597	Ἐοινότητές
5	1	19	3	6	7	1635	763	56	32	95.561890	τους,
4	1	19	3	7	0	982	792	707	29	-1	
5	1	19	3	7	1	982	792	56	23	50.280510	όπως
5	1	19	3	7	2	1051	797	41	17	94.800537	στη
5	1	19	3	7	3	1102	794	97	22	92.135445	Σμύρνη,
5	1	19	3	7	4	1214	795	48	21	93.295944	Χίο,
5	1	19	3	7	5	1277	796	116	23	35.704193	Κυδωνιές,
5	1	19	3	7	6	1409	797	82	24	90.050438	Πάτμο,
5	1	19	3	7	7	1511	799	112	22	57.673321	Ἰωώννινα
5	1	19	3	7	8	1639	802	50	19	8.889786	νιλπ.
4	1	19	3	8	0	986	828	705	31	-1	
5	1	19	3	8	1	986	828	101	23	0.000000	(ὰστορία
5	1	19	3	8	2	1100	830	82	20	66.019302	Ἑλλην.
5	1	19	3	8	3	1195	830	172	24	65.041702	Ἐπαναστάσεως
5	1	19	3	8	4	1377	833	58	18	57.863724	ποτά
5	1	19	3	8	5	1449	837	48	20	95.267433	τους
5	1	19	3	8	6	1514	835	109	24	31.762474	Τούρκους
5	1	19	3	8	7	1637	841	54	14	84.605713	ιστο-
4	1	19	3	9	0	982	864	694	36	-1	
5	1	19	3	9	1	982	864	130	23	83.419708	Ριογράφους
5	1	19	3	9	2	1124	865	81	23	57.089577	Νιχηφ.
5	1	19	3	9	3	1219	866	166	23	42.819794	Μεοσχαπούλευ,
5	1	19	3	9	4	1397	868	85	19	48.723091	Αβήναι
5	1	19	3	9	5	1496	869	46	20	95.560890	1960
5	1	19	3	9	6	1558	871	45	18	93.921333	σελ.
5	1	19	3	9	7	1621	868	55	32	90.822060	114).
2	1	20	0	0	0	1264	269	165	10	-1	
3	1	20	1	0	0	1264	269	165	10	-1	
4	1	20	1	1	0	1264	269	165	10	-1	
5	1	20	1	1	1	1264	269	165	10	95.000000	 
2	1	21	0	0	0	822	895	868	34	-1	
3	1	21	1	0	0	822	895	868	34	-1	
4	1	21	1	1	0	822	895	868	34	-1	
5	1	21	1	1	1	822	922	2	2	0.000000	ι
5	1	21	1	1	2	844	895	31	30	38.832455	..
5	1	21	1	1	3	890	897	74	16	0.000000	σκενονκ
5	1	21	1	1	4	1005	898	18	18	16.640030	9
5	1	21	1	1	5	1030	898	169	25	37.269539	μοωιροχρόνιος
5	1	21	1	1	6	1216	893	73	35	0.000000	αγών.
5	1	21	1	1	7	1294	893	44	35	0.000000	της.
5	1	21	1	1	8	1344	898	129	35	33.045242	Ἑλληνιιής
5	1	21	1	1	9	1489	898	147	35	81.892838	επανάστασης
5	1	21	1	1	10	1649	908	41	18	41.692043	-δα
2	1	22	0	0	0	973	933	716	533	-1	
3	1	22	1	0	0	979	933	710	135	-1	
4	1	22	1	1	0	980	933	709	30	-1	
5	1	22	1	1	1	980	933	162	23	64.033524	εδηµιούργησε
5	1	22	1	1	2	1155	936	115	21	56.349300	ανωμαλία
5	1	22	1	1	3	1286	941	43	15	62.741482	στη
5	1	22	1	1	4	1341	937	127	22	95.552681	λειτουργία
5	1	22	1	1	5	1480	942	37	14	96.031799	του
5	1	22	1	1	6	1531	940	109	23	68.066132	Σχολείου
5	1	22	1	1	7	1651	948	38	13	96.575188	του
4	1	22	1	2	0	981	968	706	30	-1	
5	1	22	1	2	1	981	968	151	23	88.124496	Γεωργιτσίου,
5	1	22	1	2	2	1144	971	29	17	41.424530	άν
5	1	22	1	2	3	1187	976	38	13	84.754463	χαι
5	1	22	1	2	4	1237	971	50	23	20.889221	εἶχε
5	1	22	1	2	5	1296	976	41	15	93.259956	την
5	1	22	1	2	6	1350	972	123	23	51.265316	εξαιρετινή
5	1	22	1	2	7	1484	974	54	23	95.312492	τύχη
5	1	22	1	2	8	1551	980	30	14	69.637787	να
5	1	22	1	2	9	1592	981	47	17	93.273773	µην
5	1	22	1	2	10	1648	983	39	13	44.379883	πα-
4	1	22	1	3	0	980	1004	707	31	-1	
5	1	22	1	3	1	980	1004	53	21	53.803158	τηθή
5	1	22	1	3	2	1045	1005	45	18	91.551453	από
5	1	22	1	3	3	1101	1006	88	23	35.211861	εχθρούς
5	1	22	1	3	4	1204	1007	59	18	62.128521	κατά
5	1	22	1	3	5	1274	1012	25	15	89.919540	τη
5	1	22	1	3	6	1311	1007	102	23	58.444729	διάρνεια
5	1	22	1	3	7	1426	1014	38	15	96.310730	του
5	1	22	1	3	8	1473	1010	82	22	67.462433	αγώνα,
5	1	22	1	3	9	1568	1016	37	14	66.190041	και
5	1	22	1	3	10	1630	1014	57	21	93.113823	µετά
4	1	22	1	4	0	979	1041	588	27	-1	
5	1	22	1	4	1	979	1044	42	16	96.782623	την
5	1	22	1	4	2	1034	1041	140	25	83.694862	επανάσταση
5	1	22	1	4	3	1192	1042	27	17	60.098206	ἓκ.
5	1	22	1	4	4	1232	1042	130	23	73.315781	ελειτούργη
5	1	22	1	4	5	1375	1048	27	13	96.703491	τα
5	1	22	1	4	6	1416	1045	151	23	62.341419	συνηθισμένα.
3	1	22	2	0	0	973	1076	713	390	-1	
4	1	22	2	1	0	1001	1076	685	32	-1	
5	1	22	2	1	1	1001	1076	49	19	56.543854	Στο
5	1	22	2	1	2	1065	1077	46	18	50.138454	18584
5	1	22	2	1	3	1123	1078	43	17	43.935120	από
5	1	22	2	1	4	1176	1082	44	15	93.294601	την
5	1	22	2	1	5	1231	1078	153	19	40.072586	ανπιθασιλείο
5	1	22	2	1	6	1398	1080	105	23	89.953537	εφηφίσθη
5	1	22	2	1	7	1512	1087	15	13	90.634628	ο
5	1	22	2	1	8	1537	1082	72	25	96.003616	Νόμος
5	1	22	2	1	9	1634	1085	52	23	96.716522	περί
4	1	22	2	2	0	978	1112	708	31	-1	
5	1	22	2	2	1	978	1116	44	13	96.406433	των
5	1	22	2	2	2	1034	1112	55	23	91.762650	Δημ.
5	1	22	2	2	3	1101	1113	117	23	22.412285	Ἀχολείων
5	1	22	2	2	4	1233	1118	28	18	93.245193	µε
5	1	22	2	2	5	1276	1114	128	23	40.951210	επτάχρονη,
5	1	22	2	2	6	1414	1118	150	22	58.565018	υποχρεωτική
5	1	22	2	2	7	1592	1120	94	23	53.498253	φοίπηση
4	1	22	2	3	0	977	1148	708	31	-1	
5	1	22	2	3	1	977	1152	39	13	96.735390	στο
5	1	22	2	3	2	1025	1148	101	19	23.241814	Ναύπλιο
5	1	22	2	3	3	1137	1153	43	18	96.872574	στις
5	1	22	2	3	4	1192	1149	23	18	46.139908	15
5	1	22	2	3	5	1229	1154	39	13	94.150154	του
5	1	22	2	3	6	1280	1150	104	23	43.932480	Φλεβάρη
5	1	22	2	3	7	1395	1152	104	23	80.972794	σύµφωνα.
5	1	22	2	3	8	1510	1158	28	18	92.363388	µε
5	1	22	2	3	9	1552	1159	26	16	85.405266	τη
5	1	22	2	3	10	1592	1156	93	23	13.586388	Βαυαρι-
4	1	22	2	4	0	977	1183	708	32	-1	
5	1	22	2	4	1	977	1183	28	20	70.906601	κή
5	1	22	2	4	2	1018	1184	141	22	42.546661	Εππαίδευση,
5	1	22	2	4	3	1173	1190	30	17	53.187271	µκ
5	1	22	2	4	4	1220	1185	77	22	48.407082	έμεινε
5	1	22	2	4	5	1308	1190	41	15	94.311989	στα
5	1	22	2	4	6	1358	1188	86	21	69.232185	χαρτιά,
5	1	22	2	4	7	1460	1189	18	18	64.845062	Ὁ
5	1	22	2	4	8	1495	1189	72	24	87.085922	Νόμος
5	1	22	2	4	9	1580	1196	41	13	90.755104	που
5	1	22	2	4	10	1634	1192	51	23	50.066715	εῴῃ-
4	1	22	2	5	0	976	1219	708	37	-1	
5	1	22	2	5	1	976	1219	70	22	88.059433	φίσθη,
5	1	22	2	5	2	1058	1224	50	19	90.925980	τους
5	1	22	2	5	3	1118	1220	122	23	79.885780	δασκάλους
5	1	22	2	5	4	1254	1226	37	17	96.522545	της
5	1	22	2	5	5	1304	1222	149	25	86.899918	στοιχειώδους
5	1	22	2	5	6	1471	1225	144	25	52.471882	εππαίδευσης
5	1	22	2	5	7	1629	1223	55	33	89.078957	εχώ-
4	1	22	2	6	0	977	1255	705	30	-1	
5	1	22	2	6	1	977	1255	51	22	28.206253	ΡΕ,
5	1	22	2	6	2	1040	1260	31	18	85.031212	εις
5	1	22	2	6	3	1084	1256	86	22	86.495644	Νομών,
5	1	22	2	6	4	1187	1256	119	23	92.011887	Ἐπαρχιών
5	1	22	2	6	5	1318	1262	36	13	93.124809	και
5	1	22	2	6	6	1370	1258	81	23	94.278244	Δήμων
5	1	22	2	6	7	1465	1260	65	23	0.000000	-,6,Υ,
5	1	22	2	6	8	1545	1261	92	24	92.101830	Τάξεως.
5	1	22	2	6	9	1663	1264	19	17	45.639427	ὃ
4	1	22	2	7	0	976	1290	707	35	-1	
5	1	22	2	7	1	976	1290	133	24	58.403275	διδάσραλος
5	1	22	2	7	2	1118	1292	24	22	18.582611	γ΄
5	1	22	2	7	3	1156	1292	65	23	95.949249	τάξης
5	1	22	2	7	4	1232	1292	57	22	0.000000	κατά
5	1	22	2	7	5	1300	1297	28	14	96.769005	το
5	1	22	2	7	6	1340	1293	67	24	4.032791	άρθρο
5	1	22	2	7	7	1418	1295	20	19	83.657326	1
5	1	22	2	7	8	1454	1297	116	21	90.840828	«χρεωστεί
5	1	22	2	7	9	1582	1294	101	31	88.191116	τουλάχι-
4	1	22	2	8	0	975	1327	708	30	-1	
5	1	22	2	8	1	975	1330	53	14	83.626396	στον
5	1	22	2	8	2	1039	1327	20	16	67.176132	ν᾿
5	1	22	2	8	3	1071	1328	151	21	37.279572	αναγινώσχη,
5	1	22	2	8	4	1236	1331	29	14	91.936043	να
5	1	22	2	8	5	1280	1328	80	23	90.604683	γράφη,
5	1	22	2	8	6	1374	1330	20	17	18.368927	ν’
5	1	22	2	8	7	1408	1331	85	26	47.106895	αριθµή
5	1	22	2	8	8	1504	1332	123	24	89.392891	ελευθέρως,
5	1	22	2	8	9	1652	1338	31	15	88.527634	να
4	1	22	2	9	0	975	1362	707	34	-1	
5	1	22	2	9	1	975	1362	69	23	78.787613	εξηγή
5	1	22	2	9	2	1057	1367	44	16	93.277985	την
5	1	22	2	9	3	1113	1364	129	22	45.432220	κπατήχησιν,
5	1	22	2	9	4	1257	1368	29	14	92.367226	να
5	1	22	2	9	5	1302	1365	96	24	89.612930	γνωρίζη
5	1	22	2	9	6	1424	1367	99	18	89.612930	οπωσούν
5	1	22	2	9	7	1548	1365	134	31	52.340183	Φφωνητικήν
4	1	22	2	10	0	974	1398	706	31	-1	
5	1	22	2	10	1	974	1398	108	22	20.025482	µουσυιήν
5	1	22	2	10	2	1094	1404	38	13	63.920128	και
5	1	22	2	10	3	1143	1404	30	14	94.641495	να
5	1	22	2	10	4	1188	1399	48	22	93.298332	έχει
5	1	22	2	10	5	1249	1401	119	23	75.198120	πρακτικάς
5	1	22	2	10	6	1384	1402	90	24	96.845337	γνώσεις
5	1	22	2	10	7	1488	1408	40	19	63.751129	πης
5	1	22	2	10	8	1540	1406	140	23	64.798828	αγρονοµίας,
4	1	22	2	11	0	973	1434	707	32	-1	
5	1	22	2	11	1	973	1434	140	23	43.337936	Ἀηπιουρικής,
5	1	22	2	11	2	1129	1435	184	24	30.343994	θομθυσιοτροφίας
5	1	22	2	11	3	1330	1442	39	16	51.733513	οι
5	1	22	2	11	4	1383	1439	194	27	30.026367	µελισσοτροφίαο.
5	1	22	2	11	5	1600	1441	18	18	26.433876	ὁ
5	1	22	2	11	6	1639	1442	41	18	89.727219	Νέ-
2	1	23	0	0	0	954	1470	726	33	-1	
3	1	23	1	0	0	954	1470	726	33	-1	
4	1	23	1	1	0	954	1470	726	33	-1	
5	1	23	1	1	1	954	1496	3	2	0.000000	:
5	1	23	1	1	2	973	1475	39	18	2.531731	µος
5	1	23	1	1	3	1023	1470	124	23	56.548687	προέόλεπε
5	1	23	1	1	4	1163	1476	37	13	79.279419	Ἆαι
5	1	23	1	1	5	1211	1471	37	18	80.239502	δια
5	1	23	1	1	6	1259	1472	93	23	96.544022	σχολεία
5	1	23	1	1	7	1366	1474	109	29	55.517296	πορωσίων
5	1	23	1	1	8	1488	1475	47	23	71.099258	ἀρθ.
5	1	23	1	1	9	1548	1476	23	18	92.047142	5δ
5	1	23	1	1	10	1584	1482	40	13	93.014664	«τα
5	1	23	1	1	11	1630	1482	50	19	88.169388	σχο-
2	1	24	0	0	0	971	1506	709	171	-1	
3	1	24	1	0	0	971	1506	709	136	-1	
4	1	24	1	1	0	972	1506	707	29	-1	
5	1	24	1	1	1	972	1506	52	19	66.920151	λείο
5	1	24	1	1	2	1035	1510	45	15	58.482319	των
5	1	24	1	1	3	1090	1508	118	22	67.838837	πορασίων,
5	1	24	1	1	4	1222	1507	53	20	76.689026	όπου
5	1	24	1	1	5	1288	1508	65	21	74.980202	τούτο
5	1	24	1	1	6	1368	1510	61	19	95.733315	είναι
5	1	24	1	1	7	1444	1511	101	22	95.724228	δυνατόν,
5	1	24	1	1	8	1559	1512	79	23	96.636429	πρέπει
5	1	24	1	1	9	1649	1518	30	15	65.655563	νο
4	1	24	1	2	0	973	1543	707	26	-1	
5	1	24	1	2	1	973	1543	59	18	17.083939	εἶναι
5	1	24	1	2	2	1041	1543	97	23	94.382408	χωριστά
5	1	24	1	2	3	1153	1543	45	19	95.249313	από
5	1	24	1	2	4	1209	1548	46	14	95.249313	των
5	1	24	1	2	5	1268	1544	89	23	55.564137	παίδων,
5	1	24	1	2	6	1374	1550	29	14	91.217468	να
5	1	24	1	2	7	1417	1547	143	22	88.196327	προϊστανται
5	1	24	1	2	8	1573	1549	20	18	24.640434	δ᾽
5	1	24	1	2	9	1606	1550	74	18	91.675804	αυτών
4	1	24	1	3	0	972	1578	706	29	-1	
5	1	24	1	3	1	972	1578	165	20	44.631645	διδοσυιάλισσαι
5	1	24	1	3	2	1151	1579	91	18	90.033463	«θέλουν
5	1	24	1	3	3	1255	1581	149	22	92.007584	προσδιορισθή
5	1	24	1	3	4	1419	1583	46	18	67.205704	καθ
5	1	24	1	3	5	1482	1583	55	21	69.941269	ὁσον
5	1	24	1	3	6	1552	1589	29	13	93.290169	τα
5	1	24	1	3	7	1595	1586	83	21	86.977142	εισοδή-
4	1	24	1	4	0	971	1614	622	28	-1	
5	1	24	1	4	1	971	1617	59	18	0.000000	ατα
5	1	24	1	4	2	1041	1618	46	16	94.063271	των
5	1	24	1	4	3	1102	1614	76	23	38.860062	δήμων
5	1	24	1	4	4	1189	1616	137	22	91.602402	επιτρέπουσι
5	1	24	1	4	5	1338	1617	64	19	87.955353	τούτα
5	1	24	1	4	6	1420	1618	37	23	91.520927	(Γ΄
5	1	24	1	4	7	1476	1618	59	23	71.761391	ἄρθρ.
5	1	24	1	4	8	1548	1620	45	22	95.933716	23).
3	1	24	2	0	0	1072	1652	385	25	-1	
4	1	24	2	1	0	1072	1652	385	25	-1	
5	1	24	2	1	1	1072	1658	1	3	0.000000	:
5	1	24	2	1	2	1312	1652	145	25	75.826683	Σωνεχίζεπαι
2	1	25	0	0	0	1094	1723	483	68	-1	
3	1	25	1	0	0	1094	1723	483	68	-1	
4	1	25	1	1	0	1094	1723	483	68	-1	
5	1	25	1	1	1	1094	1723	483	68	30.821289	Πελλάνα
2	1	26	0	0	0	980	1694	685	14	-1	
3	1	26	1	0	0	980	1694	685	14	-1	
4	1	26	1	1	0	980	1694	685	14	-1	
5	1	26	1	1	1	980	1694	685	14	95.000000	 
2	1	27	0	0	0	943	1806	733	993	-1	
3	1	27	1	0	0	965	1806	708	107	-1	
4	1	27	1	1	0	989	1806	684	35	-1	
5	1	27	1	1	1	989	1806	45	22	50.210361	Πε
5	1	27	1	1	2	1045	1807	161	29	8.870842	Λαμώιρότητα
5	1	27	1	1	3	1218	1817	46	14	43.876022	αι
5	1	27	1	1	4	1276	1811	201	29	55.583763	μεγαλοσερέτιεια
5	1	27	1	1	5	1508	1814	165	27	42.642178	γιορτιάστηραε
4	1	27	1	2	0	965	1842	708	35	-1	
5	1	27	1	2	1	965	1850	44	13	86.618210	και
5	1	27	1	2	2	1025	1842	81	29	33.247322	οιέτος
5	1	27	1	2	3	1117	1851	59	20	60.453892	σις
5	1	27	1	2	4	1187	1844	73	23	52.954330	91-56
5	1	27	1	2	5	1276	1854	19	20	90.224998	η
5	1	27	1	2	6	1304	1847	84	28	40.442883	μνήμη
5	1	27	1	2	7	1401	1855	50	15	92.416321	των
5	1	27	1	2	8	1462	1848	150	29	9.626038	Π[ολιούχων
5	1	27	1	2	9	1625	1858	48	19	96.228096	της
4	1	27	1	3	0	965	1877	632	40	-1	
5	1	27	1	3	1	965	1877	143	30	30.996498	ἨΠελλάνας,
5	1	27	1	3	2	1122	1880	87	27	93.269218	Αγίων
5	1	27	1	3	3	1224	1881	197	25	71.417847	Κωνοταντήνου
5	1	27	1	3	4	1432	1892	45	13	23.791893	σαι
5	1	27	1	3	5	1490	1880	107	37	9.993896	Ελένης.
3	1	27	2	0	0	961	1913	715	182	-1	
4	1	27	2	1	0	989	1913	684	36	-1	
5	1	27	2	1	1	989	1913	54	22	48.439312	Ἴϊου
5	1	27	2	1	2	1057	1917	173	26	43.047585	σιανηγυρικού
5	1	27	2	1	3	1243	1918	108	27	56.318039	μεγάλου
5	1	27	2	1	4	1366	1920	143	27	7.728729	«εσσπερινού,
5	1	27	2	1	5	1524	1920	109	29	53.909256	περοέοπη
5	1	27	2	1	6	1658	1930	15	13	96.032623	ο
4	1	27	2	2	0	965	1950	706	34	-1	
5	1	27	2	2	1	965	1950	145	28	20.028976	αεικίνηπος
5	1	27	2	2	2	1125	1960	43	13	32.361320	χιαι
5	1	27	2	2	3	1179	1953	159	28	4.361458	αριούραστος
5	1	27	2	2	4	1351	1955	179	28	49.085670	ΠΠοιμενάρχης
5	1	27	2	2	5	1540	1963	57	21	80.328400	µας,
5	1	27	2	2	6	1624	1957	47	22	85.620590	Σε-
4	1	27	2	3	0	965	1984	707	34	-1	
5	1	27	2	3	1	965	1984	174	31	14.740997	δασμιώπαπος
5	1	27	2	3	2	1169	1988	196	30	15.144508	ἸΠητροπολίτης
5	1	27	2	3	3	1382	1999	53	15	0.000000	κ.µ.
5	1	27	2	3	4	1470	1991	202	24	94.952576	ΕΥΣΤΑΘΙΟΣ
4	1	27	2	4	0	965	2020	704	36	-1	
5	1	27	2	4	1	965	2020	284	31	7.285271	συμιπαρασπαπούµιενος
5	1	27	2	4	2	1262	2025	48	21	90.910034	απὀ
5	1	27	2	4	3	1328	2026	39	21	74.232742	15
5	1	27	2	4	4	1380	2027	80	27	77.143044	φερείς
5	1	27	2	4	5	1473	2035	32	13	44.304832	«νε
5	1	27	2	4	6	1520	2029	55	20	90.752335	πων
5	1	27	2	4	7	1602	2036	67	20	0.000000	σερι-
4	1	27	2	5	0	961	2056	715	39	-1	
5	1	27	2	5	1	961	2056	93	28	96.505241	χώρων
5	1	27	2	5	2	1069	2066	45	13	91.859314	και
5	1	27	2	5	3	1123	2067	49	20	5.609741	της
5	1	27	2	5	4	1185	2060	129	28	52.982201	Σπάρτης.
5	1	27	2	5	5	1674	2093	2	2	0.000000	᾿
3	1	27	3	0	0	954	2092	714	283	-1	
4	1	27	3	1	0	982	2092	686	34	-1	
5	1	27	3	1	1	982	2092	128	29	36.066536	Απήμερα,
5	1	27	3	1	2	1129	2103	37	20	93.161301	ως
5	1	27	3	1	3	1179	2096	166	28	57.864441	εναιρόσωσος
5	1	27	3	1	4	1357	2105	44	14	93.023132	του
5	1	27	3	1	5	1418	2097	61	23	87.635544	Σε6.
5	1	27	3	1	6	1511	2098	157	28	31.437141	«μητοοσολί-
4	1	27	3	2	0	959	2130	708	33	-1	
5	1	27	3	2	1	959	2136	43	13	95.673576	του
5	1	27	3	2	2	1015	2136	59	20	93.284531	µας,
5	1	27	3	2	3	1107	2130	176	29	24.643448	ελεικούργησε
5	1	27	3	2	4	1300	2140	14	13	93.242371	ο
5	1	27	3	2	5	1330	2133	257	29	43.763691	σορωτοσιρεσξύπιερος
5	1	27	3	2	6	1600	2138	67	25	47.288445	πιροῖ-
4	1	27	3	3	0	959	2164	708	34	-1	
5	1	27	3	3	1	959	2164	123	28	63.638023	στάµενος
5	1	27	3	3	2	1091	2173	46	14	92.875557	του
5	1	27	3	3	3	1145	2166	49	29	62.557877	Αγ.
5	1	27	3	3	4	1208	2167	121	28	90.018524	Νίκωνος
5	1	27	3	3	5	1340	2168	121	29	86.090088	Σπάρτης
5	1	27	3	3	6	1477	2169	126	29	93.298042	Θεολόγος
5	1	27	3	3	7	1616	2171	51	23	88.191666	Κα-
4	1	27	3	4	0	957	2198	710	36	-1	
5	1	27	3	4	1	957	2199	116	28	56.413937	θηγηπής
5	1	27	3	4	2	1082	2210	27	12	75.952103	κ.
5	1	27	3	4	3	1126	2202	120	28	58.062645	Ιωάννης
5	1	27	3	4	4	1258	2198	195	34	39.402588	Μιχαλόπουλος
5	1	27	3	4	5	1466	2212	50	15	69.191833	σου
5	1	27	3	4	6	1532	2207	135	27	45.127998	καπώγεπαι
4	1	27	3	5	0	956	2235	709	37	-1	
5	1	27	3	5	1	956	2235	50	22	44.098911	από
5	1	27	3	5	2	1019	2243	48	20	15.404671	την’
5	1	27	3	5	3	1079	2236	128	29	24.460571	Πιελλάνια,,
5	1	27	3	5	4	1224	2240	285	32	40.242226	συμσπαραστιαπούµενος
5	1	27	3	5	5	1522	2242	47	21	72.560532	από
5	1	27	3	5	6	1587	2250	46	14	67.940498	τοι
5	1	27	3	5	7	1644	2251	21	14	88.834373	ε-
4	1	27	3	6	0	957	2272	705	33	-1	
5	1	27	3	6	1	957	2272	128	28	28.412247	φημέριον.
5	1	27	3	6	2	1121	2281	55	20	34.146339	της.
5	1	27	3	6	3	1196	2275	172	28	62.505943	πωμµοπόλεως
5	1	27	3	6	4	1404	2276	198	29	58.294380	αμδεσιμώπαπον
5	1	27	3	6	5	1636	2288	26	13	61.361855	-ε.
4	1	27	3	7	0	954	2307	712	37	-1	
5	1	27	3	7	1	954	2307	124	29	0.000000	ζωνλ)νον
5	1	27	3	7	2	1088	2309	101	29	79.531517	Βλάχον
5	1	27	3	7	3	1203	2318	44	14	0.000000	-ααι
5	1	27	3	7	4	1256	2317	90	16	11.607292	πον.εκε
5	1	27	3	7	5	1362	2311	147	31	88.841911	Τριπόλεως
5	1	27	3	7	6	1524	2314	78	29	79.344864	ιερέα,
5	1	27	3	7	7	1614	2323	52	21	48.877529	γαμ.
4	1	27	3	8	0	955	2344	381	31	-1	
5	1	27	3	8	1	955	2344	45	27	76.922966	6ρό
5	1	27	3	8	2	1011	2352	47	14	93.019241	που
5	1	27	3	8	3	1071	2346	123	28	14.220970	ΠΠονάγου
5	1	27	3	8	4	1204	2346	108	29	10.276779	ΠΜσιααή.
3	1	27	4	0	0	949	2380	715	137	-1	
4	1	27	4	1	0	984	2380	680	33	-1	
5	1	27	4	1	1	984	2380	76	23	11.841881	Κατά
5	1	27	4	1	2	1071	2388	47	21	66.730316	σην
5	1	27	4	1	3	1131	2382	78	22	90.504997	Θείαν
5	1	27	4	1	4	1221	2382	166	29	19.260262	Δειιουργίαν
5	1	27	4	1	5	1402	2385	98	28	43.368702	κήρυξε
5	1	27	4	1	6	1511	2394	48	14	47.648983	τον
5	1	27	4	1	7	1588	2388	76	23	0.000000	Θείον.
4	1	27	4	2	0	951	2415	712	36	-1	
5	1	27	4	2	1	951	2415	82	28	53.467201	«όγον
5	1	27	4	2	2	1048	2424	14	14	88.051590	ο
5	1	27	4	2	3	1077	2424	26	15	52.929344	σπ.
5	1	27	4	2	4	1121	2418	119	27	38.866112	Ιωάννης
5	1	27	4	2	5	1256	2419	205	30	56.874943	Μιχαλόπουλος,
5	1	27	4	2	6	1480	2430	16	13	86.150826	ο
5	1	27	4	2	7	1510	2423	87	28	56.546520	οποίος
5	1	27	4	2	8	1630	2431	33	20	71.411011	µε
4	1	27	4	3	0	951	2452	712	34	-1	
5	1	27	4	3	1	951	2458	45	20	83.405533	την
5	1	27	4	3	2	1008	2452	180	29	79.692024	γλαφωρότηπα
5	1	27	4	3	3	1200	2462	50	14	90.770119	που
5	1	27	4	3	4	1263	2462	43	15	86.028778	τον.
5	1	27	4	3	5	1318	2455	125	29	25.389893	διανερίνει
5	1	27	4	3	6	1457	2458	149	28	30.934357	ισυνήριασε
5	1	27	4	3	7	1632	2468	31	13	96.143188	το
4	1	27	4	4	0	949	2488	527	29	-1	
5	1	27	4	4	1	949	2488	81	21	21.037132	σουρανό
5	1	27	4	4	2	1043	2488	183	29	0.000000	«εοωαληισίαἰσμὺα..
5	1	27	4	4	3	1473	2513	3	2	0.000000	ι
3	1	27	5	0	0	947	2523	713	140	-1	
4	1	27	5	1	0	970	2523	690	36	-1	
5	1	27	5	1	1	970	2523	54	28	36.242653	ἆΣπη
5	1	27	5	1	2	1041	2524	96	28	0.000000	γιορσή,
5	1	27	5	1	3	1152	2525	75	28	46.989769	ετός
5	1	27	5	1	4	1240	2526	51	21	24.994057	από
5	1	27	5	1	5	1303	2534	30	20	89.603958	τη
5	1	27	5	1	6	1352	2529	143	27	40.165535	συμμεποχή
5	1	27	5	1	7	1513	2529	66	22	69.693405	όλων
5	1	27	5	1	8	1603	2537	57	22	75.391090	οχε-
4	1	27	5	2	0	947	2558	712	35	-1	
5	1	27	5	2	1	947	2558	44	22	92.514000	δόν
5	1	27	5	2	2	1005	2567	51	14	92.911858	των
5	1	27	5	2	3	1068	2560	110	23	33.192993	νεότιων
5	1	27	5	2	4	1187	2561	198	28	12.998627	ΊΤελλανιωπών,
5	1	27	5	2	5	1402	2564	121	28	28.516243	ετίµηοίαν
5	1	27	5	2	6	1534	2574	65	19	79.106506	πους
5	1	27	5	2	7	1608	2567	51	21	65.415436	1Το-
4	1	27	5	3	0	947	2594	711	35	-1	
5	1	27	5	3	1	947	2594	120	28	44.789925	υούχους
5	1	27	5	3	2	1078	2603	49	20	50.230427	της
5	1	27	5	3	3	1135	2596	138	29	58.070694	Πελλάνας
5	1	27	5	3	4	1284	2598	87	22	51.930618	πολλού
5	1	27	5	3	5	1381	2600	84	21	37.001705	συιστοί
5	1	27	5	3	6	1479	2601	52	21	39.203533	-ασίό
5	1	27	5	3	7	1544	2609	33	14	88.357880	πα
5	1	27	5	3	8	1590	2602	68	27	96.516426	γύρω
4	1	27	5	4	0	947	2630	709	33	-1	
5	1	27	5	4	1	947	2630	91	26	91.081184	χωριά,
5	1	27	5	4	2	1055	2631	60	21	93.292366	αλλά
5	1	27	5	4	3	1131	2639	43	14	15.077911	2αι
5	1	27	5	4	4	1183	2632	125	27	0.000000	απόδημοι
5	1	27	5	4	5	1317	2632	55	23	32.187561	'απὀ
5	1	27	5	4	6	1382	2634	105	27	95.050514	Σπάρτη
5	1	27	5	4	7	1505	2642	42	14	94.573624	και
5	1	27	5	4	8	1560	2636	96	27	91.096802	Αθήνα.
3	1	27	6	0	0	943	2664	715	135	-1	
4	1	27	6	1	0	971	2664	686	33	-1	
5	1	27	6	1	1	971	2664	53	27	79.325363	Την
5	1	27	6	1	2	1036	2666	163	27	0.000000	σεανημγαλριεόή
5	1	27	6	1	3	1210	2674	44	13	0.000000	2εαι
5	1	27	6	1	4	1268	2667	81	26	77.134552	ωραία
5	1	27	6	1	5	1358	2668	67	26	19.410446	αππή
5	1	27	6	1	6	1444	2670	86	25	48.910629	γιορτή
5	1	27	6	1	7	1548	2671	109	26	21.700058	σωμσιλή-
4	1	27	6	2	0	945	2700	713	32	-1	
5	1	27	6	2	1	945	2705	69	21	14.174385	6ωσε
5	1	27	6	2	2	1027	2707	13	13	93.253250	ο
5	1	27	6	2	3	1055	2700	180	27	17.470245	Πολυτυσπωιός
5	1	27	6	2	4	1248	2700	130	29	93.282471	Σύλλογος
5	1	27	6	2	5	1392	2710	50	19	70.730881	πης
5	1	27	6	2	6	1457	2703	144	28	52.305191	ΠΠελλάνας,
5	1	27	6	2	7	1626	2712	32	20	74.799683	µε
4	1	27	6	3	0	946	2735	711	30	-1	
5	1	27	6	3	1	946	2742	29	13	96.902023	το
5	1	27	6	3	2	989	2735	83	27	95.975929	γλέντι
5	1	27	6	3	3	1083	2743	50	14	66.867371	που.
5	1	27	6	3	4	1147	2736	131	27	64.251427	οργάνωισε
5	1	27	6	3	5	1293	2745	43	13	50.721390	αι
5	1	27	6	3	6	1372	2738	110	27	6.495621	ᾖ«ράπησε
5	1	27	6	3	7	1514	2739	143	22	32.844818	αδιάστωτο
4	1	27	6	4	0	943	2770	597	29	-1	
5	1	27	6	4	1	943	2770	75	28	89.173531	µέχρι
5	1	27	6	4	2	1031	2771	64	27	96.134232	αργά
5	1	27	6	4	3	1108	2779	29	20	82.984711	τη
5	1	27	6	4	4	1154	2773	88	26	96.634285	νύχτα.
5	1	27	6	4	5	1538	2788	2	2	0.000000	ι
2	1	28	0	0	0	959	2816	340	7	-1	
3	1	28	1	0	0	959	2816	340	7	-1	
4	1	28	1	1	0	959	2816	340	7	-1	
5	1	28	1	1	1	959	2816	340	7	95.000000	 
2	1	29	0	0	0	984	2838	652	72	-1	
3	1	29	1	0	0	984	2838	652	72	-1	
4	1	29	1	1	0	1059	2838	577	34	-1	
5	1	29	1	1	1	1059	2838	127	34	60.956589	ΠΕΟΡΓΙΤΣΙ
5	1	29	1	1	2	1309	2852	4	13	3.741547	ι
5	1	29	1	1	3	1374	2844	48	23	73.898422	Τηλ.
5	1	29	1	1	4	1436	2844	66	19	4.600739	289-076
5	1	29	1	1	5	1514	2846	31	19	96.362724	καί
5	1	29	1	1	6	1557	2846	79	19	0.000000	29-43
4	1	29	1	2	0	984	2889	281	21	-1	
5	1	29	1	2	1	984	2889	132	20	40.265789	ΑΒΗΗΝΜΙΑ
5	1	29	1	2	2	1130	2885	63	34	23.686752	ΕΦΗΜμ
5	1	29	1	2	3	1206	2885	63	34	21.119629	μια.
2	1	30	0	0	0	1492	2819	136	10	-1	
3	1	30	1	0	0	1492	2819	136	10	-1	
4	1	30	1	1	0	1492	2819	136	10	-1	
5	1	30	1	1	1	1492	2819	136	10	95.000000	 
2	1	31	0	0	0	1310	2895	351	27	-1	
3	1	31	1	0	0	1310	2895	351	27	-1	
4	1	31	1	1	0	1310	2895	351	27	-1	
5	1	31	1	1	1	1310	2914	3	5	9.822128	:.
5	1	31	1	1	2	1331	2896	82	21	74.578247	Ἐτῆσια
5	1	31	1	1	3	1424	2895	109	26	40.363373	συνδρομὴ
5	1	31	1	1	4	1545	2900	63	22	40.948097	δραχ.
5	1	31	1	1	5	1618	2900	43	19	83.823502	250.
2	1	32	0	0	0	1304	2924	11	62	-1	
3	1	32	1	0	0	1304	2924	11	62	-1	
4	1	32	1	1	0	1304	2924	11	62	-1	
5	1	32	1	1	1	1304	2924	11	62	95.000000	 
2	1	33	0	0	0	976	2936	697	209	-1	
3	1	33	1	0	0	976	2936	697	209	-1	
4	1	33	1	1	0	997	2936	676	27	-1	
5	1	33	1	1	1	997	2936	117	25	77.411865	Ὑπεύθννος
5	1	33	1	1	2	1125	2939	49	18	92.970512	κατά
5	1	33	1	1	3	1188	2939	64	23	24.722092	Ινόμον
5	1	33	1	1	4	1343	2938	124	24	90.623131	᾿Εξωτερικοῦ
5	1	33	1	1	5	1486	2941	42	22	10.209610	ἀερ.
5	1	33	1	1	6	1548	2942	43	18	95.503143	δολ.
5	1	33	1	1	7	1654	2943	19	18	96.752831	12
4	1	33	1	2	0	983	2977	666	35	-1	
5	1	33	1	2	1	983	2982	57	20	89.848236	ΚΩΝ.
5	1	33	1	2	2	1050	2985	24	18	87.241058	Η.
5	1	33	1	2	3	1087	2985	174	20	59.331215	ΓΑΝΝΑΚΑΚΗΣ
5	1	33	1	2	4	1307	2984	4	28	0.000000	|
5	1	33	1	2	5	1348	2984	105	23	25.104027	 Νομικῶν
5	1	33	1	2	6	1463	2977	122	32	95.718948	προσώπων
5	1	33	1	2	7	1596	2988	53	19	88.253021	1.000
4	1	33	1	3	0	976	3015	697	49	-1	
5	1	33	1	3	1	976	3025	116	24	35.774414	Ἀκκούργου
5	1	33	1	3	2	1104	3026	24	19	55.521805	97
5	1	33	1	3	3	1136	3036	24	5	38.807838	---
5	1	33	1	3	4	1172	3028	95	18	96.054924	ΣΠΑΡΤΗ
5	1	33	1	3	5	1306	3015	4	46	77.628326	|
5	1	33	1	3	6	1342	3032	118	24	14.592598	Συνδρομές:
5	1	33	1	3	7	1504	3035	39	18	80.665619	Στό
5	1	33	1	3	8	1564	3016	109	48	0.000000	Γεωργότι,
4	1	33	1	4	0	983	3119	325	26	-1	
5	1	33	1	4	1	983	3119	117	26	36.311474	«Ὑπούθυνος
5	1	33	1	4	2	1111	3122	17	19	80.911980	Τι
5	1	33	1	4	3	1305	3126	3	3	37.641163	ἵ
2	1	34	0	0	0	981	3165	523	37	-1	
3	1	34	1	0	0	981	3165	523	37	-1	
4	1	34	1	1	0	981	3165	523	37	-1	
5	1	34	1	1	1	981	3167	87	21	90.940346	ΕΛΕΥΘ.
5	1	34	1	1	2	1081	3170	21	19	91.886124	Κ.
5	1	34	1	1	3	1115	3170	139	21	92.212303	ΝΙΚΟΛΑΡΟΣ
5	1	34	1	1	4	1304	3165	3	18	31.853271	|
5	1	34	1	1	5	1316	3175	74	25	31.853271	νακάκη
5	1	34	1	1	6	1403	3176	101	26	69.550804	Σπάρτην,
2	1	35	0	0	0	1541	149	521	22	-1	
3	1	35	1	0	0	1541	149	521	22	-1	
4	1	35	1	1	0	1541	149	521	22	-1	
5	1	35	1	1	1	1537	140	56	35	7.112839	μμ
5	1	35	1	1	2	1541	149	521	22	0.000000	ϱ”-”-.-Οὑϐϱϱϱ“-μ--
2	1	36	0	0	0	2999	139	181	23	-1	
3	1	36	1	0	0	2999	139	181	23	-1	
4	1	36	1	1	0	2999	139	181	23	-1	
5	1	36	1	1	1	2999	139	78	23	88.711594	Σελίδα
5	1	36	1	1	2	3088	142	13	20	64.738846	ὃ
5	1	36	1	1	3	3114	141	41	17	2.521194	---
2	1	37	0	0	0	2270	165	701	16	-1	
3	1	37	1	0	0	2270	165	701	16	-1	
4	1	37	1	1	0	2270	165	701	16	-1	
5	1	37	1	1	1	2270	165	701	16	95.000000	 
2	1	38	0	0	0	1738	200	706	104	-1	
3	1	38	1	0	0	1738	200	707	104	-1	
4	1	38	1	1	0	1738	200	706	104	-1	
5	1	38	1	1	1	1738	200	24	59	31.354279	ή
5	1	38	1	1	2	1784	202	209	70	0.000000	πήγχβυΥΗ
5	1	38	1	1	3	2014	207	97	60	0.000000	τἕπῃ
5	1	38	1	1	4	2126	222	100	57	25.166481	πρυε
5	1	38	1	1	5	2240	208	204	96	0.000000	μύββιμΠῃ
2	1	39	0	0	0	1710	305	742	1470	-1	
3	1	39	1	0	0	1712	305	740	964	-1	
4	1	39	1	1	0	1758	305	687	53	-1	
5	1	39	1	1	1	1758	305	53	28	0.000000	Ζτη
5	1	39	1	1	2	1821	308	128	29	24.233368	σύγχρονη
5	1	39	1	1	3	1966	312	78	27	93.303429	εποχή
5	1	39	1	1	4	2059	316	181	27	26.833862	οοαρατηρείται
5	1	39	1	1	5	2250	318	97	27	85.932098	ισχυρή
5	1	39	1	1	6	2379	316	66	42	95.498627	πάση
4	1	39	1	2	0	1734	343	706	40	-1	
5	1	39	1	2	1	1734	348	51	14	88.101440	των
5	1	39	1	2	2	1802	343	95	26	65.552406	γοµέων
5	1	39	1	2	3	1909	353	33	13	78.571396	να
5	1	39	1	2	4	1955	346	86	24	70.272896	δίνουν
5	1	39	1	2	5	2056	349	128	29	20.483307	μόρφωση
5	1	39	1	2	6	2199	359	49	15	0.000000	.στα
5	1	39	1	2	7	2260	353	88	22	95.215813	παιδιά
5	1	39	1	2	8	2371	362	69	21	84.912384	πους.
4	1	39	1	3	0	1733	376	712	42	-1	
5	1	39	1	3	1	1733	376	26	21	5.994034	Ἡ
5	1	39	1	3	2	1772	378	63	27	92.981453	τόση
5	1	39	1	3	3	1846	379	91	23	61.078140	δέδαια
5	1	39	1	3	4	1946	382	67	28	58.799606	ιαυπή.
5	1	39	1	3	5	2024	386	106	21	73.505661	συνιστά
5	1	39	1	3	6	2138	388	95	27	56.672176	ιευγιενῄ
5	1	39	1	3	7	2250	388	133	29	17.652931	Απιυδίωξη,
5	1	39	1	3	8	2400	399	45	19	72.539520	για
4	1	39	1	4	0	1733	412	708	41	-1	
5	1	39	1	4	1	1733	412	23	21	67.106064	τί
5	1	39	1	4	2	1770	421	15	19	93.422913	η
5	1	39	1	4	3	1797	414	125	29	31.617790	μόρφωση
5	1	39	1	4	4	1938	419	119	23	35.672676	"αποτελεί
5	1	39	1	4	5	2072	420	97	28	83.629623	ύψισπο
5	1	39	1	4	6	2184	424	82	26	85.129318	αγαθό
5	1	39	1	4	7	2280	433	43	20	96.171837	για
5	1	39	1	4	8	2336	433	42	15	93.074013	τον
5	1	39	1	4	9	2403	427	38	21	37.349449	ὧν:
4	1	39	1	5	0	1725	448	716	43	-1	
5	1	39	1	5	1	1725	448	101	28	0.000000	ἵθρωπιο,
5	1	39	1	5	2	1844	452	86	27	90.071335	επειδή
5	1	39	1	5	3	1942	461	47	14	1.196533	πιο)
5	1	39	1	5	4	2002	454	174	29	64.082550	διαμορφώνει
5	1	39	1	5	5	2188	460	45	26	61.465904	μιά
5	1	39	1	5	6	2249	460	119	29	0.000000	ιαφιώπιερη}
5	1	39	1	5	7	2384	470	57	21	67.222229	σεοο-
4	1	39	1	6	0	1733	486	706	43	-1	
5	1	39	1	6	1	1733	486	168	27	37.858070	σωστφοόπητα,
5	1	39	1	6	2	1921	496	44	13	93.227211	τον
5	1	39	1	6	3	1976	490	157	28	0.000000	εξεπιγενίδει
5	1	39	1	6	4	2148	500	44	15	19.476433	αι
5	1	39	1	6	5	2208	503	44	14	58.583427	σον
5	1	39	1	6	6	2270	492	169	37	31.272102	αηθρωσιεύει.
4	1	39	1	7	0	1736	519	714	43	-1	
5	1	39	1	7	1	1736	519	77	23	75.390137	΄Οταν
5	1	39	1	7	2	1824	522	93	23	78.906265	θέθαµα
5	1	39	1	7	3	1929	532	16	20	92.432899	η
5	1	39	1	7	4	1954	525	127	29	40.485893	μόρφωση
5	1	39	1	7	5	2094	528	65	23	84.957474	είναι,
5	1	39	1	7	6	2172	531	98	28	30.414894	σωσαή.
5	1	39	1	7	7	2288	532	52	22	45.965099	Κ-αι
5	1	39	1	7	8	2354	533	96	29	64.721420	σωστή
5	1	39	1	7	9	2444	527	10	39	94.727699	|
4	1	39	1	8	0	1730	555	710	40	-1	
5	1	39	1	8	1	1730	555	65	30	63.765041	θύμαι
5	1	39	1	8	2	1806	557	59	24	0.000000	ἆταν
5	1	39	1	8	3	1883	559	54	28	93.122528	έχει
5	1	39	1	8	4	1952	561	187	28	57.293663	ανθρωπαιοϊτωιά
5	1	39	1	8	5	2157	573	43	14	0.000000	γαι
5	1	39	1	8	6	2216	569	161	26	44.754585	χθιστιανωιά
5	1	39	1	8	7	2402	570	38	22	4.468277	-θἱε-
4	1	39	1	9	0	1728	591	710	40	-1	
5	1	39	1	9	1	1728	591	80	28	73.016495	μέλμα.
5	1	39	1	9	2	1825	593	33	22	85.700211	Οι
5	1	39	1	9	3	1872	596	128	28	6.556023	ωιρέλειες
5	1	39	1	9	4	2015	598	36	26	73.490265	εξ’
5	1	39	1	9	5	2070	599	75	22	37.901783	άλλου
5	1	39	1	9	6	2161	609	30	14	59.186493	υει
5	1	39	1	9	7	2208	604	165	27	0.000000	εωειοιετωυές
5	1	39	1	9	8	2388	613	50	14	15.246567	εσει-
4	1	39	1	10	0	1729	627	711	40	-1	
5	1	39	1	10	1	1729	627	103	29	69.858810	δράσεις
5	1	39	1	10	2	1847	638	48	19	62.736210	της
5	1	39	1	10	3	1904	632	143	30	39.652706	μόρφωσης
5	1	39	1	10	4	2059	634	42	23	92.812759	δεν
5	1	39	1	10	5	2118	637	186	28	12.269653	σιεριορίξοναιας
5	1	39	1	10	6	2318	639	62	28	33.001945	μιόνο
5	1	39	1	10	7	2394	647	46	17	56.301685	σπια
4	1	39	1	11	0	1730	663	707	36	-1	
5	1	39	1	11	1	1730	663	56	22	4.364861	Ἀαθ’
5	1	39	1	11	2	1798	664	99	26	34.151314	ἑκαστα
5	1	39	1	11	3	1909	667	86	29	83.540909	άτοµα,
5	1	39	1	11	4	2006	669	55	22	61.229626	αλλ’
5	1	39	1	11	5	2075	671	159	24	92.520119	απλώνονται
5	1	39	1	11	6	2248	682	47	17	3.931847	»0αµ
5	1	39	1	11	7	2308	681	47	16	93.182503	στο
5	1	39	1	11	8	2368	676	69	22	36.896858	σύϊνο-
4	1	39	1	12	0	1727	699	709	40	-1	
5	1	39	1	12	1	1727	699	38	26	32.115891	Λο,
5	1	39	1	12	2	1778	706	43	17	28.416206	οἵεο
5	1	39	1	12	3	1831	702	140	29	53.789974	συλαπιύπιερο
5	1	39	1	12	4	1982	707	136	21	56.292210	κοινωνιωιό
5	1	39	1	12	5	2129	708	74	28	38.291176	σώμα
5	1	39	1	12	6	2214	717	47	16	0.000000	ροαν
5	1	39	1	12	7	2269	710	26	21	36.807411	-σ)
5	1	39	1	12	8	2308	711	62	28	28.127251	αυπή
5	1	39	1	12	9	2382	712	54	21	86.546936	τού-
4	1	39	1	13	0	1727	737	710	39	-1	
5	1	39	1	13	1	1727	742	32	19	34.876724	Τη
5	1	39	1	13	2	1768	742	33	21	75.495316	τη,
5	1	39	1	13	3	1813	737	56	28	36.762375	δων
5	1	39	1	13	4	1881	744	46	22	59.062561	της
5	1	39	1	13	5	1936	739	137	30	62.293888	σιολυτεύας.
5	1	39	1	13	6	2088	742	74	25	20.466927	Γιαπί
5	1	39	1	13	7	2176	752	17	19	5.915680	Ἠ)
5	1	39	1	13	8	2209	746	87	27	34.451485	σωσπσή
5	1	39	1	13	9	2310	746	127	30	30.922432	μόρφωση
4	1	39	1	14	0	1726	770	709	41	-1	
5	1	39	1	14	1	1726	770	147	25	20.173386	δυασολκσίσει,
5	1	39	1	14	2	1888	781	44	15	29.271782	γαι
5	1	39	1	14	3	1944	782	61	21	93.229713	τους
5	1	39	1	14	4	2018	778	116	27	36.371250	σωιστούς.
5	1	39	1	14	5	2148	780	113	28	40.381413	σοολήσιες,
5	1	39	1	14	6	2278	782	91	28	0.000000	ομαθώς
5	1	39	1	14	7	2393	790	42	21	0.000000	αι
4	1	39	1	15	0	1726	810	707	35	-1	
5	1	39	1	15	1	1726	814	61	19	42.308006	Έσως
5	1	39	1	15	2	1800	810	115	27	34.690834	σωσπούς
5	1	39	1	15	3	1930	810	135	30	77.651779	δημόσιους
5	1	39	1	15	4	2080	813	175	31	81.568901	Λειπουργούς,
5	1	39	1	15	5	2269	817	30	28	29.641182	μ’
5	1	39	1	15	6	2316	818	117	23	61.304947	«αποπέλε-
4	1	39	1	16	0	1726	844	710	39	-1	
5	1	39	1	16	1	1726	848	49	21	83.342903	σµα
5	1	39	1	16	2	1788	851	33	19	57.545067	πη
5	1	39	1	16	3	1833	844	149	29	38.205776	δημιουργίαι
5	1	39	1	16	4	1991	848	61	27	63.212826	μιάς
5	1	39	1	16	5	2065	849	129	29	36.291885	σολυτείας
5	1	39	1	16	6	2208	852	112	29	78.086823	εύνομης
5	1	39	1	16	7	2331	860	45	15	7.343460	ο0αι
5	1	39	1	16	8	2386	862	50	21	27.974777	σερο
4	1	39	1	17	0	1725	874	727	45	-1	
5	1	39	1	17	1	1725	874	118	43	40.867161	ηγμένης.
5	1	39	1	17	2	2100	912	3	4	0.000000	ι
5	1	39	1	17	3	2393	917	2	2	32.595413	ο
5	1	39	1	17	4	2440	900	12	5	42.638073	Τ
4	1	39	1	18	0	1712	912	721	39	-1	
5	1	39	1	18	1	1712	912	88	22	0.000000	Ττ4Μἱε
5	1	39	1	18	2	1811	921	32	20	63.835045	τη’
5	1	39	1	18	3	1856	916	324	30	0.000000	συνευδηῇεοσοούηιση
5	1	39	1	18	4	2103	908	78	42	0.000000	υγών
5	1	39	1	18	5	2195	926	54	18	15.618713	τῶν.
5	1	39	1	18	6	2264	924	108	27	0.094231	υπρηλών
5	1	39	1	18	7	2385	927	48	19	13.270454	ὅχο
4	1	39	1	19	0	1722	946	710	47	-1	
5	1	39	1	19	1	1722	946	55	22	82.697769	πών
5	1	39	1	19	2	1790	955	47	20	85.700439	της
5	1	39	1	19	3	1847	950	150	29	52.392799	μόρφωσης,
5	1	39	1	19	4	2011	954	91	27	28.466003	μστορεέ
5	1	39	1	19	5	2114	963	32	13	92.536026	να
5	1	39	1	19	6	2161	956	152	24	43.220383	ισυνδυασπεύ
5	1	39	1	19	7	2330	960	48	21	0.000000	από
5	1	39	1	19	8	2399	957	33	36	96.749687	πο
4	1	39	1	20	0	1722	982	709	41	-1	
5	1	39	1	20	1	1722	982	43	21	91.349663	νέο
5	1	39	1	20	2	1778	991	26	13	64.977013	κι
5	1	39	1	20	3	1816	992	14	19	87.296982	η
5	1	39	1	20	4	1842	986	125	28	72.100754	επιδίωξη
5	1	39	1	20	5	1980	988	61	28	48.090202	μιάς
5	1	39	1	20	6	2054	989	279	32	17.754105	δημοσιοὔσαλληΛωσής
5	1	39	1	20	7	2347	996	84	27	39.261314	ρααριέ-
4	1	39	1	21	0	1722	1019	710	36	-1	
5	1	39	1	21	1	1722	1026	55	19	50.106297	Θας.
5	1	39	1	21	2	1791	1019	69	22	46.899834	Αυπό
5	1	39	1	21	3	1872	1022	65	22	37.561874	εἶναι,
5	1	39	1	21	4	1949	1024	116	22	25.419838	επιαινετό
5	1	39	1	21	5	2074	1033	27	14	0.000000	αι
5	1	39	1	21	6	2114	1026	202	29	0.000000	εσειδορειµιασίέο.
5	1	39	1	21	7	2352	1030	80	23	24.120872	’Όἶπαν
4	1	39	1	22	0	1720	1054	709	45	-1	
5	1	39	1	22	1	1720	1054	71	28	80.897675	όμως
5	1	39	1	22	2	1803	1063	14	13	93.227867	ο
5	1	39	1	22	3	1830	1057	139	30	38.291508	απόφοιπος
5	1	39	1	22	4	1984	1061	138	28	64.965057	παραμένει
5	1	39	1	22	5	2139	1064	180	22	9.398384	αποορλειστυκά
5	1	39	1	22	6	2336	1073	44	14	80.817841	καὶ
5	1	39	1	22	7	2385	1062	44	37	73.853600	μοό-
4	1	39	1	23	0	1720	1090	710	39	-1	
5	1	39	1	23	1	1720	1097	30	14	56.359921	νο
5	1	39	1	23	2	1760	1090	25	21	84.798523	σ᾿
5	1	39	1	23	3	1797	1092	68	27	27.500320	αωπῄ
5	1	39	1	23	4	1874	1101	48	20	67.920525	πην
5	1	39	1	23	5	1934	1094	106	29	37.957870	ιδιοπελή
5	1	39	1	23	6	2050	1097	133	29	22.756340	επιδίωξη,
5	1	39	1	23	7	2200	1100	61	27	27.117844	χιάρι
5	1	39	1	23	8	2274	1102	156	27	20.465691	2οουνωφωκής
4	1	39	1	24	0	1722	1126	707	45	-1	
5	1	39	1	24	1	1722	1126	160	29	32.624756	ἐπυφάνενας,
5	1	39	1	24	2	1894	1130	60	22	95.568192	τότε
5	1	39	1	24	3	1964	1138	17	20	32.902931	ή
5	1	39	1	24	4	1989	1131	125	29	39.805584	μόρφωση
5	1	39	1	24	5	2126	1134	51	22	44.126938	«από
5	1	39	1	24	6	2188	1135	107	29	11.974792	ισκκοσύός.,
5	1	39	1	24	7	2307	1132	122	39	68.233574	ξεσιέφτει
4	1	39	1	25	0	1721	1162	708	39	-1	
5	1	39	1	25	1	1721	1167	28	15	93.213585	σε
5	1	39	1	25	2	1760	1162	85	27	46.771606	μέσον.
5	1	39	1	25	3	1858	1164	38	22	11.727890	Ἔι
5	1	39	1	25	4	1905	1166	79	27	39.279434	ιαυπός
5	1	39	1	25	5	1996	1174	14	14	92.949638	ο
5	1	39	1	25	6	2021	1167	124	30	9.911308	Κεσπεσμός'
5	1	39	1	25	7	2159	1169	67	24	78.021667	είναι,
5	1	39	1	25	8	2240	1172	134	29	37.622967	εσοιδιήµωος:
5	1	39	1	25	9	2385	1180	44	15	27.394356	24αι
4	1	39	1	26	0	1721	1199	706	36	-1	
5	1	39	1	26	1	1721	1204	42	19	0.000000	γω,
5	1	39	1	26	2	1777	1206	44	13	93.280243	τον
5	1	39	1	26	3	1841	1199	88	24	72.950546	ἴδιοπο
5	1	39	1	26	4	1940	1204	155	27	44.312344	μορφωμέψο
5	1	39	1	26	5	2114	1212	44	15	17.035049	αι
5	1	39	1	26	6	2178	1206	43	28	76.640182	γιά
5	1	39	1	26	7	2232	1215	48	20	87.378571	την
5	1	39	1	26	8	2307	1209	120	23	43.379784	κοηνωνία
4	1	39	1	27	0	1717	1233	620	36	-1	
5	1	39	1	27	1	1717	1233	64	26	42.101917	μέσα
5	1	39	1	27	2	1793	1241	62	20	15.780861	-σπη]ν
5	1	39	1	27	3	1869	1237	74	22	11.173447	οσιούα
5	1	39	1	27	4	1966	1238	46	26	11.704140	δει.
5	1	39	1	27	5	2335	1266	2	3	0.000000	'
3	1	39	2	0	0	1710	1260	723	515	-1	
4	1	39	2	1	0	1710	1260	715	48	-1	
5	1	39	2	1	1	1710	1260	58	31	57.897964	[η
5	1	39	2	1	2	1783	1270	64	28	38.608025	πάσι
5	1	39	2	1	3	1862	1279	64	21	0.000000	σάρος
5	1	39	2	1	4	1936	1273	125	29	46.351315	μόρφωση
5	1	39	2	1	5	2078	1282	54	15	95.814209	των
5	1	39	2	1	6	2148	1277	68	24	50.209702	νέων
5	1	39	2	1	7	2226	1278	99	30	59.183029	οήμιερα
5	1	39	2	1	8	2338	1280	87	25	0.000000	δυοῖευ-
4	1	39	2	2	0	1717	1304	708	41	-1	
5	1	39	2	2	1	1717	1304	56	27	92.968079	χώς
5	1	39	2	2	2	1786	1305	65	23	77.760742	εύναι
5	1	39	2	2	3	1861	1307	129	29	0.000000	«αδιοτθλής
5	1	39	2	2	4	2004	1317	42	14	12.991371	»4αι
5	1	39	2	2	5	2057	1312	171	29	21.373032	ωσσερόθοωλη
5	1	39	2	2	6	2246	1323	44	15	54.125221	2οαυ
5	1	39	2	2	7	2305	1316	45	22	74.902252	δεν
5	1	39	2	2	8	2363	1324	62	21	90.824661	γνω-
4	1	39	2	3	0	1716	1340	709	38	-1	
5	1	39	2	3	1	1716	1340	65	27	21.213623	θΐδει
5	1	39	2	3	2	1796	1342	94	23	0.000000	»ααμένα
5	1	39	2	3	3	1910	1346	108	26	70.113235	φραγµό.
5	1	39	2	3	4	2034	1346	74	22	0.000000	Για
5	1	39	2	3	5	2124	1347	46	22	95.841057	δεν
5	1	39	2	3	6	2187	1349	178	29	6.608185	συοδηγεπιεύται
5	1	39	2	3	7	2376	1353	49	22	0.000000	στό
4	1	39	2	4	0	1716	1376	710	38	-1	
5	1	39	2	4	1	1716	1383	32	20	92.758324	τη
5	1	39	2	4	2	1761	1376	99	29	31.180954	λογωιή,
5	1	39	2	4	3	1885	1379	56	22	2.113922	αλλ’
5	1	39	2	4	4	1959	1381	118	28	80.124878	αφήνεται
5	1	39	2	4	5	2090	1383	177	31	67.165833	ανεξέλεγκτη,
5	1	39	2	4	6	2289	1388	70	22	7.964790	µάτω
5	1	39	2	4	7	2376	1389	50	22	94.589584	από
4	1	39	2	5	0	1716	1412	709	40	-1	
5	1	39	2	5	1	1716	1419	29	20	96.627045	τη
5	1	39	2	5	2	1758	1412	77	29	87.036446	πίεση
5	1	39	2	5	3	1851	1423	48	20	66.847198	πης
5	1	39	2	5	4	1912	1416	87	28	9.469315	μόδας.
5	1	39	2	5	5	2018	1418	37	22	86.614029	Κι
5	1	39	2	5	6	2072	1418	71	29	90.218796	όµως
5	1	39	2	5	7	2154	1420	129	29	80.578506	υσιάρχουν
5	1	39	2	5	8	2313	1425	112	27	25.526512	«φραγµοί
4	1	39	2	6	0	1716	1450	709	38	-1	
5	1	39	2	6	1	1716	1453	60	22	85.101089	στην
5	1	39	2	6	2	1786	1450	119	28	40.159267	επιθυμία
5	1	39	2	6	3	1915	1459	53	15	55.964046	σων
5	1	39	2	6	4	1978	1453	66	23	59.159996	φιέωὶν
5	1	39	2	6	5	2056	1455	42	27	96.074257	γιά
5	1	39	2	6	6	2110	1462	33	15	96.074257	τα
5	1	39	2	6	7	2154	1456	145	30	37.911209	Τράµµαπα,
5	1	39	2	6	8	2313	1466	48	15	91.908714	που
5	1	39	2	6	9	2375	1460	50	28	25.457405	σπρέ
4	1	39	2	7	0	1714	1484	707	39	-1	
5	1	39	2	7	1	1714	1491	43	14	76.405975	πιει
5	1	39	2	7	2	1770	1492	13	13	92.733887	ο
5	1	39	2	7	3	1793	1484	61	29	61.558830	Μέος
5	1	39	2	7	4	1863	1495	28	13	37.405441	αι
5	1	39	2	7	5	1908	1496	26	13	86.273209	οἱ
5	1	39	2	7	6	1950	1490	85	27	83.301254	γοψείς
5	1	39	2	7	7	2052	1497	44	15	95.957611	του
5	1	39	2	7	8	2115	1499	33	14	77.693558	γα
5	1	39	2	7	9	2163	1492	101	23	65.138214	«λάξουν
5	1	39	2	7	10	2300	1494	45	22	43.832607	ουσ)
5	1	39	2	7	11	2357	1495	64	28	89.422737	όψη,
4	1	39	2	8	0	1716	1520	706	38	-1	
5	1	39	2	8	1	1716	1520	66	26	82.282356	γιατί
5	1	39	2	8	2	1794	1528	17	20	0.000000	!
5	1	39	2	8	3	1835	1524	180	29	87.752480	παραγνώρισή
5	1	39	2	8	4	2028	1533	63	21	94.787270	τους
5	1	39	2	8	5	2101	1527	148	30	54.292557	δημιουργεί
5	1	39	2	8	6	2268	1538	42	20	93.531853	για
5	1	39	2	8	7	2326	1538	29	14	96.337555	το
5	1	39	2	8	8	2379	1531	43	22	54.055107	νέο
4	1	39	2	9	0	1714	1557	708	36	-1	
5	1	39	2	9	1	1714	1557	206	30	6.606781	απεσανόρθωτες
5	1	39	2	9	2	1936	1560	90	29	29.159195	ῥημιές
5	1	39	2	9	3	2038	1568	61	21	93.701523	στην
5	1	39	2	9	4	2112	1564	205	29	0.000000	επαγγελματική,
5	1	39	2	9	5	2336	1574	46	14	94.714714	του
5	1	39	2	9	6	2390	1574	32	15	75.707260	τα
4	1	39	2	10	0	1714	1592	707	41	-1	
5	1	39	2	10	1	1714	1592	145	29	10.623444	κζοπούήση.
5	1	39	2	10	2	1880	1594	111	30	39.962181	Ἱγρώπος
5	1	39	2	10	3	2004	1598	117	28	45.711742	φιραγµός
5	1	39	2	10	4	2137	1599	65	22	71.918350	είναι
5	1	39	2	10	5	2216	1608	15	20	53.468342	ή
5	1	39	2	10	6	2246	1601	78	32	23.070763	ειαρή
5	1	39	2	10	7	2344	1611	27	13	46.520432	κ
5	1	39	2	10	8	2387	1605	34	19	0.000000	ἁδ-
4	1	39	2	11	0	1712	1626	709	45	-1	
5	1	39	2	11	1	1712	1626	47	28	68.904709	χνή
5	1	39	2	11	2	1776	1628	137	29	0.000000	Οωιονομία
5	1	39	2	11	3	1930	1639	48	20	95.618797	της
5	1	39	2	11	4	1992	1632	89	29	96.177299	χώρας
5	1	39	2	11	5	2098	1641	59	21	93.040634	µας,
5	1	39	2	11	6	2172	1642	51	15	81.691216	στου
5	1	39	2	11	7	2233	1636	46	22	79.768333	δεν.
5	1	39	2	11	8	2314	1634	107	37	0.000000	σιαριέχει
4	1	39	2	12	0	1711	1662	710	45	-1	
5	1	39	2	12	1	1711	1662	167	31	40.293011	δυνακότηκιες
5	1	39	2	12	2	1894	1668	182	29	38.285301	απορρόφησης
5	1	39	2	12	3	2088	1670	75	22	93.139084	τόσου
5	1	39	2	12	4	2180	1672	113	27	38.937752	μεγάλου
5	1	39	2	12	5	2303	1669	118	38	22.142670	συλήθους
4	1	39	2	13	0	1712	1698	710	44	-1	
5	1	39	2	13	1	1712	1698	153	28	80.091118	απόφοικων.
5	1	39	2	13	2	1884	1701	77	24	50.987900	΄Όταν
5	1	39	2	13	3	1975	1704	26	21	40.781002	σὐ
5	1	39	2	13	4	2016	1704	45	24	86.029808	όνα
5	1	39	2	13	5	2073	1705	154	30	34.255554	διαγωκνισµό
5	1	39	2	13	6	2232	1704	190	38	24.629097	σεροσέρχονπιαι
4	1	39	2	14	0	1711	1726	722	49	-1	
5	1	39	2	14	1	1711	1733	106	23	46.599998	60000
5	1	39	2	14	2	1831	1738	147	27	93.178894	υποψήφιοι
5	1	39	2	14	3	1995	1748	42	19	96.300621	για
5	1	39	2	14	4	2048	1740	41	22	52.765881	6Ο
5	1	39	2	14	5	2103	1741	93	29	89.910194	θέσεις,
5	1	39	2	14	6	2211	1744	66	28	75.082886	αυπή
5	1	39	2	14	7	2290	1752	19	19	68.500771	η
5	1	39	2	14	8	2321	1745	99	28	63.220215	τερατώ
5	1	39	2	14	9	2428	1726	5	49	82.802139	|
2	1	40	0	0	0	1684	1805	747	905	-1	
3	1	40	1	0	0	1709	1805	483	33	-1	
4	1	40	1	1	0	1709	1805	483	33	-1	
5	1	40	1	1	1	1709	1809	75	21	79.238548	οτους
5	1	40	1	1	2	1794	1805	76	27	95.171616	νέους
5	1	40	1	1	3	1885	1814	44	13	57.728024	και
5	1	40	1	1	4	1940	1813	77	22	89.715584	στους
5	1	40	1	1	5	2030	1810	84	27	58.674042	γονείς
5	1	40	1	1	6	2122	1817	70	21	85.616341	τους.
3	1	40	2	0	0	1698	1838	733	362	-1	
4	1	40	2	1	0	1735	1838	683	44	-1	
5	1	40	2	1	1	1735	1838	5	7	44.426235	΄
5	1	40	2	1	2	1744	1838	83	29	46.614067	Αλλος
5	1	40	2	1	3	1839	1842	117	27	66.586716	φραγµός
5	1	40	2	1	4	1974	1843	64	22	79.538002	εἶναι
5	1	40	2	1	5	2052	1853	27	12	54.602325	κι
5	1	40	2	1	6	2094	1853	13	13	89.143005	ο
5	1	40	2	1	7	2124	1846	101	28	68.189468	σωστός
5	1	40	2	1	8	2234	1844	184	38	0.000000	εσταγελμίαπι-
4	1	40	2	2	0	1708	1874	708	42	-1	
5	1	40	2	2	1	1708	1874	46	28	83.191010	κός
5	1	40	2	2	2	1768	1877	236	29	35.905144	προσανατολισμός.
5	1	40	2	2	3	2023	1879	51	22	83.154465	Δεν
5	1	40	2	2	4	2093	1881	67	22	56.866840	είναι
5	1	40	2	2	5	2172	1882	53	22	95.447037	όλοι
5	1	40	2	2	6	2238	1891	25	14	68.342094	οὐ
5	1	40	2	2	7	2280	1879	136	37	55.624393	ασυόφροιπιοι
4	1	40	2	3	0	1706	1910	709	37	-1	
5	1	40	2	3	1	1706	1910	101	23	8.487366	λωφαείου
5	1	40	2	3	2	1820	1912	136	28	1.132202	πλασμένοι
5	1	40	2	3	3	1968	1922	41	19	92.291283	για
5	1	40	2	3	4	2022	1915	114	28	16.289337	δημόσιοι
5	1	40	2	3	5	2149	1918	145	28	0.000000	υπάλληλοι.
5	1	40	2	3	6	2307	1918	54	29	66.701149	Ας
5	1	40	2	3	7	2371	1926	44	15	36.770561	οὐα-
4	1	40	2	4	0	1698	1946	717	35	-1	
5	1	40	2	4	1	1698	1946	160	24	52.093964	Γπευθυνθούν
5	1	40	2	4	2	1869	1957	42	13	93.096664	και
5	1	40	2	4	3	1925	1958	65	19	44.603939	στρος
5	1	40	2	4	4	2002	1950	62	22	35.944817	άλλα
5	1	40	2	4	5	2076	1953	183	28	63.317307	επαγγέλματα,
5	1	40	2	4	6	2271	1961	49	15	89.488312	που
5	1	40	2	4	7	2334	1954	25	21	85.066986	Θ’
5	1	40	2	4	8	2376	1961	39	16	29.050232	αν-
4	1	40	2	5	0	1698	1981	714	37	-1	
5	1	40	2	5	1	1698	1981	201	30	3.559181	(πιαπορερίνονται
5	1	40	2	5	2	1909	1992	65	20	80.105919	προς
5	1	40	2	5	3	1988	1994	39	19	93.243141	τις
5	1	40	2	5	4	2042	1989	174	27	9.203224	πραγµαπωοές
5	1	40	2	5	5	2230	1997	63	20	62.423676	πους
5	1	40	2	5	6	2317	1990	95	28	58.899078	τιάσιεις.
4	1	40	2	6	0	1704	2016	727	38	-1	
5	1	40	2	6	1	1704	2016	110	29	0.000000	Ἡσοίσηις,
5	1	40	2	6	2	1831	2020	58	22	3.935280	οεάτι
5	1	40	2	6	3	1905	2028	50	14	20.080658	σου
5	1	40	2	6	4	1966	2022	91	27	0.000000	σερέσιει
5	1	40	2	6	5	2070	2030	32	14	71.804672	να
5	1	40	2	6	6	2113	2025	136	27	19.526558	σεροσιεχπἰεί
5	1	40	2	6	7	2268	2033	27	14	85.240158	κι;
5	1	40	2	6	8	2312	2026	48	21	78.534737	από
5	1	40	2	6	9	2375	2034	38	20	70.690506	γο-
5	1	40	2	6	10	2429	2038	2	2	70.690506	|
4	1	40	2	7	0	1704	2053	709	38	-1	
5	1	40	2	7	1	1704	2053	55	27	11.064178	γεύς
5	1	40	2	7	2	1772	2061	30	14	36.714420	«κυ
5	1	40	2	7	3	1810	2055	51	20	49.799824	απιό
5	1	40	2	7	4	1871	2056	158	29	11.869698	ιασιόφοιπους
5	1	40	2	7	5	2046	2058	64	22	90.310249	είναι
5	1	40	2	7	6	2129	2067	29	14	93.288277	το
5	1	40	2	7	7	2176	2062	105	26	4.620598	τιθχφιωεό
5	1	40	2	7	8	2295	2070	27	15	40.526360	κ
5	1	40	2	7	9	2331	2062	82	29	53.600098	όχυπο
4	1	40	2	8	0	1704	2090	709	38	-1	
5	1	40	2	8	1	1704	2090	157	26	34.456856	πραγµαπωιό
5	1	40	2	8	2	1874	2090	150	30	82.557129	ενδιαφέρον
5	1	40	2	8	3	2036	2100	43	20	33.557861	γιαι
5	1	40	2	8	4	2092	2095	119	28	61.783283	σσιουδές.
5	1	40	2	8	5	2226	2096	51	25	20.196564	Για
5	1	40	2	8	6	2286	2092	33	29	20.196564	να
5	1	40	2	8	7	2350	2099	63	29	68.317413	γίνει
4	1	40	2	9	0	1705	2124	706	40	-1	
5	1	40	2	9	1	1705	2124	88	28	24.840286	παφείς
5	1	40	2	9	2	1807	2126	168	29	21.458984	εσισαήµοψας
5	1	40	2	9	3	1986	2128	91	28	43.864075	πορέπιει
5	1	40	2	9	4	2093	2136	32	15	89.667503	να
5	1	40	2	9	5	2138	2130	59	29	3.452087	ιέχιειυ
5	1	40	2	9	6	2206	2132	92	32	14.394180	ζωημρή
5	1	40	2	9	7	2309	2142	1	3	44.226688	'
5	1	40	2	9	8	2325	2136	86	28	0.000000	κιγάσιη
4	1	40	2	10	0	1702	2162	708	38	-1	
5	1	40	2	10	1	1702	2167	65	20	34.165138	ορος
5	1	40	2	10	2	1800	2169	29	13	69.609238	τα
5	1	40	2	10	3	1846	2162	128	29	17.156937	γράμματα
5	1	40	2	10	4	1992	2171	43	14	25.621429	κι.
5	1	40	2	10	5	2054	2166	89	27	14.864319	υιρηλίή
5	1	40	2	10	6	2154	2171	157	28	0.000000	συνευµαπωοή
5	1	40	2	10	7	2352	2178	58	22	4.617950	συιγ-
3	1	40	3	0	0	1684	2231	727	479	-1	
4	1	40	3	1	0	1735	2231	674	36	-1	
5	1	40	3	1	1	1735	2231	27	22	36.399532	Η
5	1	40	3	1	2	1774	2234	181	33	36.875080	παραγινώριυση
5	1	40	3	1	3	1966	2236	49	21	61.412476	από
5	1	40	3	1	4	2032	2244	30	14	87.371521	πο
5	1	40	3	1	5	2074	2238	154	28	15.065628	µορφωμένο
5	1	40	3	1	6	2240	2246	51	19	93.082298	των
5	1	40	3	1	7	2309	2243	44	22	21.683434	συιό
5	1	40	3	1	8	2365	2244	44	21	46.860809	πιά.
4	1	40	3	2	0	1701	2269	709	38	-1	
5	1	40	3	2	1	1701	2275	37	14	81.590866	νω
5	1	40	3	2	2	1752	2269	125	26	69.973167	εμσοδίων
5	1	40	3	2	3	1898	2278	41	20	92.408340	για
5	1	40	3	2	4	1953	2271	262	32	31.534836	δημοσιούπιαλληλωεή.
5	1	40	3	2	5	2232	2278	109	29	0.000000	ῥήαριῆρα!
5	1	40	3	2	6	2363	2287	47	14	0.000000	ορ.
4	1	40	3	3	0	1700	2303	711	40	-1	
5	1	40	3	3	1	1700	2303	147	30	29.554321	δημμουργεὖ
5	1	40	3	3	2	1860	2307	131	29	61.228825	επιξήµιες
5	1	40	3	3	3	2005	2309	160	30	49.031349	σιεριπιέτειες
5	1	40	3	3	4	2174	2316	49	24	57.916077	οἵτη
5	1	40	3	3	5	2236	2312	56	31	83.796341	ζωή
5	1	40	3	3	6	2303	2322	45	14	77.522919	του.
5	1	40	3	3	7	2362	2321	49	22	70.905846	την.
4	1	40	3	4	0	1699	2341	710	38	-1	
5	1	40	3	4	1	1699	2341	102	28	0.000000	ἠρυχωή
5	1	40	3	4	2	1814	2351	26	13	93.285873	κι
5	1	40	3	4	3	1854	2344	211	30	35.855927	επαγγεΛµατωή.
5	1	40	3	4	4	2079	2347	128	23	53.481873	ΑΛΛά.ριαι
5	1	40	3	4	5	2218	2356	45	15	41.635811	οἵτο
5	1	40	3	4	6	2272	2350	96	28	37.724972	φοράπος.
5	1	40	3	4	7	2376	2350	33	29	61.844582	δη
4	1	40	3	5	0	1698	2378	709	35	-1	
5	1	40	3	5	1	1698	2378	115	27	58.532799	μυουργεύ
5	1	40	3	5	2	1830	2378	141	31	76.512817	δυσνολίες,
5	1	40	3	5	3	1986	2389	50	15	80.086746	πίου
5	1	40	3	5	4	2049	2382	79	29	67.032951	έχουν
5	1	40	3	5	5	2136	2391	42	21	79.664413	τις
5	1	40	3	5	6	2191	2385	82	28	35.488274	κανές
5	1	40	3	5	7	2299	2386	108	21	44.263626	«Επισύεώ-
4	1	40	3	6	0	1698	2416	709	33	-1	
5	1	40	3	6	1	1698	2418	56	23	14.748947	Φεις
5	1	40	3	6	2	1766	2422	62	20	90.264648	τους
5	1	40	3	6	3	1846	2422	45	16	24.604950	οσο
5	1	40	3	6	4	1904	2416	53	22	81.047935	Λαό.
5	1	40	3	6	5	1977	2418	76	23	56.581795	Γιασί
5	1	40	3	6	6	2065	2427	17	20	91.601921	η
5	1	40	3	6	7	2109	2420	97	28	70.195946	µεγάλη
5	1	40	3	6	8	2228	2420	179	29	33.974678	σιεστὠοότηπα
4	1	40	3	7	0	1698	2449	707	36	-1	
5	1	40	3	7	1	1698	2457	42	18	64.845276	για
5	1	40	3	7	2	1755	2449	145	30	18.268112	δυοριομούς
5	1	40	3	7	3	1909	2452	68	28	92.818756	λόγω
5	1	40	3	7	4	1991	2454	154	29	33.613312	θειοιθηρίας,
5	1	40	3	7	5	2159	2456	148	29	26.023117	δημιουργιεῦ
5	1	40	3	7	6	2318	2465	29	14	93.202278	το
5	1	40	3	7	7	2360	2464	45	15	25.390038	οοα-
4	1	40	3	8	0	1697	2485	708	36	-1	
5	1	40	3	8	1	1697	2485	30	21	90.963203	κό
5	1	40	3	8	2	1741	2493	47	19	93.281281	της
5	1	40	3	8	3	1805	2489	224	28	31.558716	γθαφιειοκρακίας,
5	1	40	3	8	4	2043	2498	50	15	58.830467	στου
5	1	40	3	8	5	2107	2497	48	16	0.973015	Φα
5	1	40	3	8	6	2166	2499	44	14	48.041149	τοι
5	1	40	3	8	7	2221	2493	90	28	17.510750	σεολύτη
5	1	40	3	8	8	2324	2493	81	22	75.804115	τιαλαι-
4	1	40	3	9	0	1696	2521	709	32	-1	
5	1	40	3	9	1	1696	2521	81	27	61.811451	παρεύ
5	1	40	3	9	2	1788	2528	49	21	85.414131	στη
5	1	40	3	9	3	1854	2522	189	31	21.991364	δύερωιαιρέωση
5	1	40	3	9	4	2058	2534	51	14	93.172188	των
5	1	40	3	9	5	2124	2528	147	22	19.574806	υποθέοικών
5	1	40	3	9	6	2284	2536	45	15	92.891548	του
5	1	40	3	9	7	2362	2537	43	14	72.974319	και
4	1	40	3	10	0	1696	2557	709	35	-1	
5	1	40	3	10	1	1696	2563	45	20	93.204712	την
5	1	40	3	10	2	1756	2557	113	23	33.340034	πολιπεέα
5	1	40	3	10	3	1882	2560	146	28	35.007324	εσιβαρύψει
5	1	40	3	10	4	2038	2564	171	27	24.534363	οωέονοαμιωοώς
5	1	40	3	10	5	2223	2573	46	13	0.000000	αι
5	1	40	3	10	6	2280	2572	47	20	45.785019	τήν
5	1	40	3	10	7	2338	2564	67	23	85.521469	σεολι-
4	1	40	3	11	0	1685	2592	720	42	-1	
5	1	40	3	11	1	1685	2592	68	42	0.000000	ἱσρή
5	1	40	3	11	2	1770	2593	53	27	50.890541	ξωή
5	1	40	3	11	3	1843	2595	165	28	20.897057	υποθαβµέξδει
5	1	40	3	11	4	2018	2604	33	20	82.935638	µε
5	1	40	3	11	5	2064	2604	33	21	84.621155	τη
5	1	40	3	11	6	2108	2599	139	28	91.234467	χαλάρωση
5	1	40	3	11	7	2266	2608	45	14	83.760933	τοι
5	1	40	3	11	8	2325	2600	80	28	95.965271	ήθους
4	1	40	3	12	0	1684	2628	719	82	-1	
5	1	40	3	12	1	1684	2634	61	76	27.463730	[νος
5	1	40	3	12	2	1758	2628	145	27	22.275131	σεολιπιωεώνν,
5	1	40	3	12	3	1920	2632	168	26	28.441246	σοροροειμαένου.
5	1	40	3	12	4	2100	2641	31	24	90.822571	να
5	1	40	3	12	5	2144	2634	209	27	18.288109	'εξυσηρεπήσίουν
5	1	40	3	12	6	2364	2642	39	20	0.000000	µνή
2	1	41	0	0	0	2414	2500	5	81	-1	
3	1	41	1	0	0	2414	2500	5	81	-1	
4	1	41	1	1	0	2414	2500	5	81	-1	
5	1	41	1	1	1	2414	2500	5	81	95.000000	 
2	1	42	0	0	0	1685	2662	718	134	-1	
3	1	42	1	0	0	1695	2662	708	34	-1	
4	1	42	1	1	0	1695	2662	708	34	-1	
5	1	42	1	1	1	1695	2662	146	26	20.123428	Φοφρόρους.
5	1	42	1	1	2	1852	2664	51	24	76.379707	Εξ’
5	1	42	1	1	3	1912	2664	85	27	94.548309	άλλου,
5	1	42	1	1	4	2016	2673	17	19	80.232521	η
5	1	42	1	1	5	2046	2667	118	27	70.605331	αλόγισπη
5	1	42	1	1	6	2174	2668	66	27	0.000000	τεῖσηΓ
5	1	42	1	1	7	2253	2676	66	20	49.726490	συρος
5	1	42	1	1	8	2329	2676	74	15	22.233650	σνανε-
3	1	42	2	0	0	1685	2696	716	35	-1	
4	1	42	2	1	0	1685	2696	716	35	-1	
5	1	42	2	1	1	1685	2696	162	27	0.000000	Πσαμσιζημιαρσή
5	1	42	2	1	2	1868	2698	127	27	53.757839	μόρφωση
5	1	42	2	1	3	2028	2700	118	29	52.053596	επιφέρει
5	1	42	2	1	4	2162	2709	46	20	89.351738	την
5	1	42	2	1	5	2243	2702	158	29	47.283806	υποθάθμισή
3	1	42	3	0	0	1694	2732	705	64	-1	
4	1	42	3	1	0	1694	2732	705	34	-1	
5	1	42	3	1	1	1694	2735	47	22	28.947220	τηό:
5	1	42	3	1	2	1752	2737	50	15	77.411186	συου
5	1	42	3	1	3	1810	2739	46	20	23.529739	ττῃν
5	1	42	3	1	4	1865	2732	129	29	39.801556	σεληγρώφνειι
5	1	42	3	1	5	2003	2742	14	13	94.732224	ο
5	1	42	3	1	6	2028	2735	62	28	76.322128	Λαός
5	1	42	3	1	7	2100	2743	43	20	0.000000	γα
5	1	42	3	1	8	2150	2738	141	27	77.312378	ευνόητους
5	1	42	3	1	9	2300	2737	99	29	82.576683	λόγους.
4	1	42	3	2	0	1765	2766	572	30	-1	
5	1	42	3	2	1	1765	2766	144	23	0.000000	Κ4ΟΣΠΑΣ
5	1	42	3	2	2	1929	2769	408	27	11.588760	ΠΑΠΑΘΕΟΦΙΙΟΠΟΥΔΛΟΣ
2	1	43	0	0	0	1708	2826	510	9	-1	
3	1	43	1	0	0	1708	2826	510	9	-1	
4	1	43	1	1	0	1708	2826	510	9	-1	
5	1	43	1	1	1	1708	2826	510	9	95.000000	 
2	1	44	0	0	0	1682	2858	717	263	-1	
3	1	44	1	0	0	1682	2858	717	263	-1	
4	1	44	1	1	0	1846	2858	402	54	-1	
5	1	44	1	1	1	1846	2858	402	54	17.317589	ποόνροµµα
4	1	44	1	2	0	1820	2913	457	37	-1	
5	1	44	1	2	1	1820	2916	58	18	96.360695	ΤΟΥ
5	1	44	1	2	2	1890	2913	221	37	34.199600	ΗΦΘΔΙΤΙΣΓΙΚΟΥ
5	1	44	1	2	3	2120	2921	157	21	38.207710	ΣΥΔΑΦΓΟΥ
4	1	44	1	3	0	1713	2956	686	38	-1	
5	1	44	1	3	1	1713	2956	32	17	79.889702	9-δ
5	1	44	1	3	2	1766	2956	40	17	4.032318	ΔΑ
5	1	44	1	3	3	1832	2956	33	19	26.379845	Κο
5	1	44	1	3	4	1882	2958	117	19	55.543335	ΦΕΑΤΡΟ᾽
5	1	44	1	3	5	2019	2960	124	19	94.925034	ΠΕΙΡΑΙΑ
5	1	44	1	3	6	2159	2966	30	18	0.000000	ἂνε
5	1	44	1	3	7	2206	2962	56	23	84.379616	έργο
5	1	44	1	3	8	2274	2972	13	16	86.070625	η
5	1	44	1	3	9	2303	2962	96	32	0.000000	«ειρήνη
4	1	44	1	4	0	1690	2991	208	24	-1	
5	1	44	1	4	1	1690	2996	38	13	96.191887	του
5	1	44	1	4	2	1740	2991	158	24	94.602295	Αριστοφάνη».
4	1	44	1	5	0	1713	3027	556	34	-1	
5	1	44	1	5	1	1713	3027	42	18	61.190544	10-6
5	1	44	1	5	2	1768	3028	120	23	54.120640	Ανώμαλος
5	1	44	1	5	3	1900	3030	85	23	88.590164	δρόµος,
5	1	44	1	5	4	2004	3036	24	13	69.807129	«9
5	1	44	1	5	5	2043	3032	64	23	92.918419	γύρος
5	1	44	1	5	6	2122	3038	39	13	86.390930	του.
5	1	44	1	5	7	2171	3030	98	31	68.680077	χωριού»,
4	1	44	1	6	0	1682	3063	715	35	-1	
5	1	44	1	6	1	1682	3077	2	3	0.000000	{.
5	1	44	1	6	2	1714	3063	41	18	29.265259	13-δ
5	1	44	1	6	3	1765	3063	33	18	76.541290	Το
5	1	44	1	6	4	1809	3064	88	23	93.296715	Θέατρο
5	1	44	1	6	5	1907	3066	104	22	0.000000	Κεριίδα,
5	1	44	1	6	6	2021	3072	30	17	94.186241	µε
5	1	44	1	6	7	2062	3072	26	14	92.024757	το
5	1	44	1	6	8	2101	3068	55	23	96.152214	έργο
5	1	44	1	6	9	2168	3073	39	14	94.061554	του
5	1	44	1	6	10	2218	3070	179	28	78.474640	Κωσταντέλλου,
4	1	44	1	7	0	1689	3099	399	22	-1	
5	1	44	1	7	1	1689	3099	48	17	50.957088	«Το
5	1	44	1	7	2	1748	3099	150	22	30.785484	Δαχτυλίδιου.
5	1	44	1	7	3	2086	3107	2	2	0.000000	ι
2	1	45	0	0	0	1305	3133	1107	41	-1	
3	1	45	1	0	0	1305	3133	1107	41	-1	
4	1	45	1	1	0	1305	3133	1107	41	-1	
5	1	45	1	1	1	1305	3133	34	23	83.869911	Γ49
5	1	45	1	1	2	1352	3139	38	18	77.012444	στὰ
5	1	45	1	1	3	1404	3140	119	25	92.675377	Δικαστήρια
5	1	45	1	1	4	1536	3143	31	18	92.692177	καί
5	1	45	1	1	5	1582	3144	21	17	92.692177	Κ.
5	1	45	1	1	6	1618	3137	66	25	4.067795	Γιαν.)
5	1	45	1	1	7	1747	3134	89	25	90.016418	Μεταξύ
5	1	45	1	1	8	1847	3136	23	18	92.492111	10
5	1	45	1	1	9	1881	3142	38	13	69.517876	γαι
5	1	45	1	1	10	1931	3138	42	17	85.350655	13-8
5	1	45	1	1	11	1988	3138	89	23	66.255913	γίνεται
5	1	45	1	1	12	2089	3141	136	22	0.000000	προσπάθεια
5	1	45	1	1	13	2240	3142	31	23	77.381470	νὀ,
5	1	45	1	1	14	2282	3140	115	34	74.156242	πορουσια-
5	1	45	1	1	15	2408	3135	4	18	72.227676	|
2	1	46	0	0	0	1686	3170	710	37	-1	
3	1	46	1	0	0	1686	3170	710	37	-1	
4	1	46	1	1	0	1686	3170	710	37	-1	
5	1	46	1	1	1	1686	3170	65	19	88.977058	σθούν
5	1	46	1	1	2	1762	3172	132	25	70.280411	επδηλώσεις
5	1	46	1	1	3	1906	3179	39	14	83.360229	παι
5	1	46	1	1	4	1957	3174	45	21	95.998611	από
5	1	46	1	1	5	2014	3175	81	26	91.500671	ἄλλους
5	1	46	1	1	6	2108	3176	126	27	18.435150	Σολλόγους
5	1	46	1	1	7	2242	3183	39	23	78.760712	τῆς
5	1	46	1	1	8	2292	3184	104	23	79.053787	περιοχής
2	1	47	0	0	0	969	3211	1042	18	-1	
3	1	47	1	0	0	969	3211	1042	18	-1	
4	1	47	1	1	0	969	3211	1042	18	-1	
5	1	47	1	1	1	969	3211	1042	18	95.000000	 
2	1	48	0	0	0	993	3241	620	34	-1	
3	1	48	1	0	0	993	3241	620	34	-1	
4	1	48	1	1	0	993	3241	620	34	-1	
5	1	48	1	1	1	993	3241	197	26	90.846588	ΦΑΡΜΑΚΕΙΟ
5	1	48	1	1	2	1206	3244	18	23	89.568466	ἃ
5	1	48	1	1	3	1240	3246	373	29	83.042747	ΦΑΡΜΑΚΟΒΙΟΜΗΧΑΝΙΑ
2	1	49	0	0	0	978	3280	637	110	-1	
3	1	49	1	0	0	978	3280	637	110	-1	
4	1	49	1	1	0	1136	3280	328	44	-1	
5	1	49	1	1	1	1136	3280	132	39	37.016701	ΝΙΚΟΛΛΟΥ
5	1	49	1	1	2	1283	3282	68	39	37.830521	[ῇΛΝ,
5	1	49	1	1	3	1371	3284	93	40	83.658813	ΡΛΣΣΙΛ
4	1	49	1	2	0	978	3324	635	35	-1	
5	1	49	1	2	1	978	3324	90	24	93.297874	ΟΔΟΣ
5	1	49	1	2	2	1082	3327	264	26	65.804688	ΣΑΡΑΝΤΑΠΟΡΟΥ
5	1	49	1	2	3	1355	3332	30	22	64.232323	5Ο
5	1	49	1	2	4	1396	3334	217	25	63.632183	--ΠΕΡΙστερι
4	1	49	1	3	0	1192	3364	423	26	-1	
5	1	49	1	3	1	1192	3364	68	23	96.805038	ΤΗΛ.
5	1	49	1	3	2	1276	3366	38	22	64.828712	571
5	1	49	1	3	3	1328	3368	67	22	64.828712	61.40
2	1	50	0	0	0	1799	3253	486	30	-1	
3	1	50	1	0	0	1799	3253	486	30	-1	
4	1	50	1	1	0	1799	3253	486	30	-1	
5	1	50	1	1	1	1799	3253	43	22	96.647980	ΤΟ
5	1	50	1	1	2	1854	3254	211	25	93.164246	ΕΡΓΑΣΤΗΡΙΟ
5	1	50	1	1	3	2077	3258	208	25	90.727226	ΖΩΓΡΑΤΙΚΗΣ
2	1	51	0	0	0	1681	3304	714	105	-1	
3	1	51	1	0	0	1681	3304	714	105	-1	
4	1	51	1	1	0	1683	3304	712	42	-1	
5	1	51	1	1	1	1683	3304	46	23	96.082687	τοῦ
5	1	51	1	1	2	1747	3311	22	16	96.082687	κ.
5	1	51	1	1	3	1782	3306	128	32	95.652733	Βαγγέλη
5	1	51	1	1	4	1925	3309	158	31	96.520126	Δημητρίου,
5	1	51	1	1	5	2102	3314	187	31	37.709541	μεταφέρθηκε
5	1	51	1	1	6	2306	3315	89	31	66.753464	᾿Ακρο-
4	1	51	1	2	0	1682	3340	711	43	-1	
5	1	51	1	2	1	1682	3340	104	29	96.639900	πόλεως
5	1	51	1	2	2	1795	3342	36	22	90.807129	49,
5	1	51	1	2	3	1846	3343	81	24	96.698395	δίπλα
5	1	51	1	2	4	1939	3346	51	22	93.292572	στό
5	1	51	1	2	5	2000	3346	160	33	92.321220	Ἐενοδοχεῖο
5	1	51	1	2	6	2175	3350	113	31	91.051636	Σπάρτα
5	1	51	1	2	7	2300	3351	27	23	85.580635	ἴν
5	1	51	1	2	8	2336	3352	57	31	96.243225	τηλ.
4	1	51	1	3	0	1681	3376	407	33	-1	
5	1	51	1	3	1	1681	3376	81	23	90.231163	24.600
5	1	51	1	3	2	1773	3389	8	4	90.231163	-
5	1	51	1	3	3	1795	3378	88	23	86.029770	27912,
5	1	51	1	3	4	1897	3380	89	29	91.514023	οἰκίας
5	1	51	1	3	5	2000	3382	88	23	88.689011	22.887.
2	1	52	0	0	0	2138	3228	152	10	-1	
3	1	52	1	0	0	2138	3228	152	10	-1	
4	1	52	1	1	0	2138	3228	152	10	-1	
5	1	52	1	1	1	2138	3228	152	10	95.000000	 
2	1	53	0	0	0	2293	3229	96	8	-1	
3	1	53	1	0	0	2293	3229	96	8	-1	
4	1	53	1	1	0	2293	3229	96	8	-1	
5	1	53	1	1	1	2293	3229	96	8	33.555069	ου
2	1	54	0	0	0	2461	205	734	984	-1	
3	1	54	1	0	0	2484	205	709	150	-1	
4	1	54	1	1	0	2484	205	709	95	-1	
5	1	54	1	1	1	2484	217	197	72	0.000000	Χρήπμες
5	1	54	1	1	2	2692	205	281	90	35.870369	πλπροφιῃίες
5	1	54	1	1	3	2985	227	46	59	84.105324	σε
5	1	54	1	1	4	3050	231	143	69	39.872364	γονείς
4	1	54	1	2	0	2754	301	165	10	-1	
5	1	54	1	2	1	2754	301	165	10	0.000000	-
4	1	54	1	3	0	2586	324	542	31	-1	
5	1	54	1	3	1	2586	324	45	19	93.302551	Του
5	1	54	1	3	2	2643	326	150	23	91.104599	Επιθεωρητού
5	1	54	1	3	3	2804	334	22	14	85.332443	χ.
5	1	54	1	3	4	2836	330	69	23	92.443344	Ἐπαμ.
5	1	54	1	3	5	2918	332	25	18	91.462173	Δ.
5	1	54	1	3	6	2953	327	142	28	0.000000	ΚΑΦΕΤσηΗ
3	1	54	2	0	0	2461	358	734	831	-1	
4	1	54	2	1	0	2502	358	338	33	-1	
5	1	54	2	1	1	2502	358	50	19	91.338448	Από
5	1	54	2	1	2	2566	360	41	18	76.310349	όσο
5	1	54	2	1	3	2621	361	78	23	29.888092	εποµε
5	1	54	2	1	4	2716	368	26	18	85.166290	ὡς
5	1	54	2	1	5	2776	360	64	31	28.034164	τώρο.
4	1	54	2	2	0	2480	400	355	27	-1	
5	1	54	2	2	1	2480	400	118	21	0.000000	προριύππει
5	1	54	2	2	2	2618	402	35	20	94.702225	ότι
5	1	54	2	2	3	2674	408	22	13	89.589706	οἱ
5	1	54	2	2	4	2723	406	112	21	89.879211	προδιαθέ-
4	1	54	2	3	0	2479	444	355	25	-1	
5	1	54	2	3	1	2479	445	44	18	90.520706	σεις
5	1	54	2	3	2	2540	447	40	13	96.171127	που
5	1	54	2	3	3	2594	444	79	25	58.000065	φέρνει
5	1	54	2	3	4	2694	445	42	18	47.173161	όνα
5	1	54	2	3	5	2766	447	68	22	6.437057	άτομο
4	1	54	2	4	0	2477	482	356	29	-1	
5	1	54	2	4	1	2477	482	44	17	76.653503	από
5	1	54	2	4	2	2532	487	28	16	88.156212	τη
5	1	54	2	4	3	2570	484	84	21	74.095009	γένησή
5	1	54	2	4	4	2669	490	40	14	83.982224	του
5	1	54	2	4	5	2722	487	60	19	43.152115	είνικι
5	1	54	2	4	6	2792	493	41	18	91.914886	προ
4	1	54	2	5	0	2477	517	356	29	-1	
5	1	54	2	5	1	2477	517	105	24	44.406952	διοβέσεις
5	1	54	2	5	2	2598	521	87	23	96.485893	ισχυρές
5	1	54	2	5	3	2702	527	37	14	15.001831	αι
5	1	54	2	5	4	2754	524	79	22	58.035587	προδια
4	1	54	2	6	0	2477	542	355	40	-1	
5	1	54	2	6	1	2477	542	69	38	86.107239	θέσεις
5	1	54	2	6	2	2562	559	25	14	93.252083	σε
5	1	54	2	6	3	2610	557	127	21	86.309891	παποπίεση.
5	1	54	2	6	4	2771	559	61	23	69.966171	Ίσχυ-
4	1	54	2	7	0	2474	588	356	28	-1	
5	1	54	2	7	1	2474	588	38	23	21.916039	ρές
5	1	54	2	7	2	2532	590	59	21	86.377121	είνοι
5	1	54	2	7	3	2604	596	43	18	96.630013	π.χ.
5	1	54	2	7	4	2663	597	14	15	94.411171	η
5	1	54	2	7	5	2692	593	66	21	61.280228	κλίση
5	1	54	2	7	6	2791	600	39	16	28.528023	ατη
4	1	54	2	8	0	2471	619	359	36	-1	
5	1	54	2	8	1	2471	619	112	35	41.616867	Μωυσή,
5	1	54	2	8	2	2601	631	20	24	0.000000	Ἠ
5	1	54	2	8	3	2630	627	83	23	0.000000	έμφυτη
5	1	54	2	8	4	2729	630	101	21	0.000000	ννότη-
4	1	54	2	9	0	2474	662	355	26	-1	
5	1	54	2	9	1	2474	664	28	14	96.443527	τα
5	1	54	2	9	2	2517	665	56	16	92.933449	στην
5	1	54	2	9	3	2589	662	88	22	64.798058	ποίηση,
5	1	54	2	9	4	2693	668	41	17	93.261177	στη
5	1	54	2	9	5	2748	665	81	23	91.033035	ζωγρα-
4	1	54	2	10	0	2468	696	360	26	-1	
5	1	54	2	10	1	2468	696	57	21	39.219696	Ἰφυιή
5	1	54	2	10	2	2540	697	63	18	64.988503	Χ.λωπ.
5	1	54	2	10	3	2623	698	70	24	75.108032	Αυτές
5	1	54	2	10	4	2708	700	42	18	93.265518	δεν
5	1	54	2	10	5	2762	706	66	14	34.157608	γοτο-
4	1	54	2	11	0	2472	731	356	28	-1	
5	1	54	2	11	1	2472	731	119	24	0.000000	πέδαντρα,
5	1	54	2	11	2	2610	734	88	21	0.000000	μάλλον
5	1	54	2	11	3	2725	736	103	23	0.000000	ολλιερ-
4	1	54	2	12	0	2474	766	353	25	-1	
5	1	54	2	12	1	2474	766	91	22	53.667759	Υαύνται
5	1	54	2	12	2	2582	773	38	14	58.644211	και
5	1	54	2	12	3	2643	770	142	20	55.192932	αποθαίνουν.
5	1	54	2	12	4	2811	778	16	13	90.511185	ι-
4	1	54	2	13	0	2471	802	355	28	-1	
5	1	54	2	13	1	2471	802	137	25	59.505047	σχυρέπερες,
5	1	54	2	13	2	2623	805	89	24	77.568527	Ἰσχυρές
5	1	54	2	13	3	2746	809	80	21	79.144272	προδια
4	1	54	2	14	0	2470	837	356	30	-1	
5	1	54	2	14	1	2470	837	70	24	61.310745	Βέσεις
5	1	54	2	14	2	2553	839	60	20	0.000000	εήναι
5	1	54	2	14	3	2626	841	76	24	79.430847	επίσης
5	1	54	2	14	4	2719	842	50	24	96.249229	όσες
5	1	54	2	14	5	2784	849	42	18	96.220139	προ
4	1	54	2	15	0	2470	873	355	28	-1	
5	1	54	2	15	1	2470	873	105	23	41.614677	ἐρχοντοι
5	1	54	2	15	2	2594	876	43	20	80.539093	απὀ
5	1	54	2	15	3	2650	877	89	24	72.674179	χρόνιες
5	1	54	2	15	4	2756	880	69	20	67.312698	δηλη-
4	1	54	2	16	0	2461	910	734	31	-1	
5	1	54	2	16	1	2461	910	118	21	44.238861	«τηριόσεις
5	1	54	2	16	2	2592	916	50	16	69.978714	των.
5	1	54	2	16	3	2650	913	93	22	86.950661	γονέων,
5	1	54	2	16	4	2756	915	47	17	88.603294	από
5	1	54	2	16	5	2814	916	159	23	31.262321	«νευροπάθειες
5	1	54	2	16	6	2987	923	38	13	57.504059	ναι
5	1	54	2	16	7	3038	919	91	22	53.063217	ψυχινές
5	1	54	2	16	8	3145	924	50	15	58.362350	οἱ»
5	1	54	2	16	9	3188	906	10	39	80.480476	-
4	1	54	2	17	0	2468	942	727	33	-1	
5	1	54	2	17	1	2468	942	50	23	87.379036	τίες.
5	1	54	2	17	2	2532	944	68	23	57.397598	Αυτές
5	1	54	2	17	3	2618	946	42	17	37.402859	δει
5	1	54	2	17	4	2676	948	168	23	34.830727	ποιτουπιέζσντοι
5	1	54	2	17	5	2857	954	38	13	61.065525	καὶ
5	1	54	2	17	6	2907	951	95	22	46.147324	υπάρχιει
5	1	54	2	17	7	3016	952	90	23	55.060051	µεγάλη
5	1	54	2	17	8	3118	954	60	18	75.477463	πιβοι-
5	1	54	2	17	9	3192	965	3	1	88.351776	-
4	1	54	2	18	0	2468	978	719	35	-1	
5	1	54	2	18	1	2468	978	83	21	1.470871	νόπιγτοι
5	1	54	2	18	2	2564	984	28	14	76.460365	να
5	1	54	2	18	3	2604	982	146	20	12.502151	επδηλωθούν.
5	1	54	2	18	4	2768	984	5	5	79.910866	΄
5	1	54	2	18	5	2777	984	73	23	94.918610	Άλλες
5	1	54	2	18	6	2865	986	149	24	66.355667	προδιαβέσεις
5	1	54	2	18	7	3030	988	157	25	37.367748	λανθάνουσες΄
4	1	54	2	19	0	2467	1014	720	33	-1	
5	1	54	2	19	1	2467	1014	13	19	76.028915	ἡ
5	1	54	2	19	2	2494	1015	42	19	92.305016	υπό
5	1	54	2	19	3	2548	1017	120	20	75.390724	κατοπίεση
5	1	54	2	19	4	2686	1019	79	23	83.986198	µπορεί
5	1	54	2	19	5	2785	1024	30	15	45.126705	ναι
5	1	54	2	19	6	2827	1021	142	21	32.672050	αιδρανήσουν
5	1	54	2	19	7	2986	1021	39	20	51.754845	πο
5	1	54	2	19	8	3039	1028	30	13	54.598228	νος
5	1	54	2	19	9	3081	1029	47	18	65.657639	Μην
5	1	54	2	19	10	3141	1030	46	13	0.000000	εγις
5	1	54	2	19	11	3181	1019	9	33	31.184555	-
4	1	54	2	20	0	2466	1049	711	34	-1	
5	1	54	2	20	1	2466	1049	113	20	27.513367	δπιλωθούν
5	1	54	2	20	2	2589	1056	28	17	88.751419	µε
5	1	54	2	20	3	2630	1055	146	20	35.945038	συστηματική
5	1	54	2	20	4	2791	1056	134	21	23.402008	προσπάβειο
5	1	54	2	20	5	2937	1062	39	18	94.467384	της
5	1	54	2	20	6	2992	1059	89	23	91.567787	αγωγής
5	1	54	2	20	7	3095	1055	30	32	61.101269	να
5	1	54	2	20	8	3133	1055	44	32	61.101269	µην
4	1	54	2	21	0	2465	1085	727	32	-1	
5	1	54	2	21	1	2465	1085	109	24	0.000000	ὁπζρξρων
5	1	54	2	21	2	2591	1087	95	24	54.234673	νένητρο:
5	1	54	2	21	3	2702	1090	151	24	17.842316	επδηλώσεως.
5	1	54	2	21	4	2866	1092	21	17	70.258896	Ὁ
5	1	54	2	21	5	2900	1092	150	25	14.946304	θεθοίρυµένος
5	1	54	2	21	6	3063	1100	30	17	75.984207	µε
5	1	54	2	21	7	3109	1100	68	16	13.920212	ποτος-
4	1	54	2	22	0	2465	1120	721	35	-1	
5	1	54	2	22	1	2465	1120	64	23	81.291557	θολές
5	1	54	2	22	2	2545	1122	88	24	5.252213	Ἠλοπής,
5	1	54	2	22	3	2648	1124	109	24	7.885674	ροβυµίας,
5	1	54	2	22	4	2772	1126	105	23	70.518021	φλυκρίος
5	1	54	2	22	5	2896	1128	51	20	0.000000	κλπ.
5	1	54	2	22	6	2960	1129	30	18	85.610794	δε
5	1	54	2	22	7	3004	1129	28	19	50.933502	δε
5	1	54	2	22	8	3054	1131	132	24	53.516052	αναππύδει
4	1	54	2	23	0	2463	1158	724	31	-1	
5	1	54	2	23	1	2463	1161	32	18	93.258934	τις
5	1	54	2	23	2	2508	1158	123	24	39.345509	παποθαλές
5	1	54	2	23	3	2646	1160	63	23	0.000000	αὐτές
5	1	54	2	23	4	2718	1166	27	13	93.304489	σε
5	1	54	2	23	5	2756	1162	106	23	80.356514	υδιόπητες
5	1	54	2	23	6	2874	1163	30	19	0.000000	ὁν
5	1	54	2	23	7	2916	1164	43	18	62.537834	δεν.
5	1	54	2	23	8	2969	1166	153	23	41.925793	παρασχεθούν
5	1	54	2	23	9	3128	1168	46	18	0.000000	ανά
2	1	55	0	0	0	2971	180	221	9	-1	
3	1	55	1	0	0	2971	180	221	9	-1	
4	1	55	1	1	0	2971	180	221	9	-1	
5	1	55	1	1	1	2971	180	221	9	95.000000	 
2	1	56	0	0	0	2925	387	48	3	-1	
3	1	56	1	0	0	2925	387	48	3	-1	
4	1	56	1	1	0	2925	387	48	3	-1	
5	1	56	1	1	1	2925	387	48	3	95.000000	 
2	1	57	0	0	0	2959	392	206	5	-1	
3	1	57	1	0	0	2959	392	206	5	-1	
4	1	57	1	1	0	2959	392	206	5	-1	
5	1	57	1	1	1	2959	392	206	5	95.000000	 
2	1	58	0	0	0	3010	383	1	17	-1	
3	1	58	1	0	0	3010	383	1	17	-1	
4	1	58	1	1	0	3010	383	1	17	-1	
5	1	58	1	1	1	3010	383	1	17	95.000000	 
2	1	59	0	0	0	2930	381	1	21	-1	
3	1	59	1	0	0	2930	381	1	21	-1	
4	1	59	1	1	0	2930	381	1	21	-1	
5	1	59	1	1	1	2930	381	1	21	95.000000	 
2	1	60	0	0	0	2959	394	210	5	-1	
3	1	60	1	0	0	2959	394	210	5	-1	
4	1	60	1	1	0	2959	394	210	5	-1	
5	1	60	1	1	1	2959	394	210	5	95.000000	 
2	1	61	0	0	0	2950	386	1	21	-1	
3	1	61	1	0	0	2950	386	1	21	-1	
4	1	61	1	1	0	2950	386	1	21	-1	
5	1	61	1	1	1	2950	386	1	21	95.000000	 
2	1	62	0	0	0	2925	395	244	7	-1	
3	1	62	1	0	0	2925	395	244	7	-1	
4	1	62	1	1	0	2925	395	244	7	-1	
5	1	62	1	1	1	2925	395	244	7	95.000000	 
2	1	63	0	0	0	2970	385	1	30	-1	
3	1	63	1	0	0	2970	385	1	30	-1	
4	1	63	1	1	0	2970	385	1	30	-1	
5	1	63	1	1	1	2970	385	1	30	95.000000	 
2	1	64	0	0	0	2949	401	27	3	-1	
3	1	64	1	0	0	2949	401	27	3	-1	
4	1	64	1	1	0	2949	401	27	3	-1	
5	1	64	1	1	1	2949	401	27	3	95.000000	 
2	1	65	0	0	0	3127	404	27	1	-1	
3	1	65	1	0	0	3127	404	27	1	-1	
4	1	65	1	1	0	3127	404	27	1	-1	
5	1	65	1	1	1	3127	404	27	1	95.000000	 
2	1	66	0	0	0	3106	407	33	3	-1	
3	1	66	1	0	0	3106	407	33	3	-1	
4	1	66	1	1	0	3106	407	33	3	-1	
5	1	66	1	1	1	3106	407	33	3	95.000000	 
2	1	67	0	0	0	3122	401	1	20	-1	
3	1	67	1	0	0	3122	401	1	20	-1	
4	1	67	1	1	0	3122	401	1	20	-1	
5	1	67	1	1	1	3122	401	1	20	95.000000	 
2	1	68	0	0	0	2957	410	194	5	-1	
3	1	68	1	0	0	2957	410	194	5	-1	
4	1	68	1	1	0	2957	410	194	5	-1	
5	1	68	1	1	1	2957	410	194	5	95.000000	 
2	1	69	0	0	0	3093	417	59	3	-1	
3	1	69	1	0	0	3093	417	59	3	-1	
4	1	69	1	1	0	3093	417	59	3	-1	
5	1	69	1	1	1	3093	417	59	3	95.000000	 
2	1	70	0	0	0	3068	389	1	42	-1	
3	1	70	1	0	0	3068	389	1	42	-1	
4	1	70	1	1	0	3068	389	1	42	-1	
5	1	70	1	1	1	3068	389	1	42	95.000000	 
2	1	71	0	0	0	2964	396	1	30	-1	
3	1	71	1	0	0	2964	396	1	30	-1	
4	1	71	1	1	0	2964	396	1	30	-1	
5	1	71	1	1	1	2964	396	1	30	95.000000	 
2	1	72	0	0	0	3092	383	3	58	-1	
3	1	72	1	0	0	3092	383	3	58	-1	
4	1	72	1	1	0	3092	383	3	58	-1	
5	1	72	1	1	1	3092	383	3	58	95.000000	 
2	1	73	0	0	0	3077	391	3	48	-1	
3	1	73	1	0	0	3077	391	3	48	-1	
4	1	73	1	1	0	3077	391	3	48	-1	
5	1	73	1	1	1	3077	391	3	48	95.000000	 
2	1	74	0	0	0	3108	412	1	18	-1	
3	1	74	1	0	0	3108	412	1	18	-1	
4	1	74	1	1	0	3108	412	1	18	-1	
5	1	74	1	1	1	3108	412	1	18	95.000000	 
2	1	75	0	0	0	2951	422	180	3	-1	
3	1	75	1	0	0	2951	422	180	3	-1	
4	1	75	1	1	0	2951	422	180	3	-1	
5	1	75	1	1	1	2951	422	180	3	95.000000	 
2	1	76	0	0	0	3141	411	3	29	-1	
3	1	76	1	0	0	3141	411	3	29	-1	
4	1	76	1	1	0	3141	411	3	29	-1	
5	1	76	1	1	1	3141	411	3	29	95.000000	 
2	1	77	0	0	0	3087	413	3	27	-1	
3	1	77	1	0	0	3087	413	3	27	-1	
4	1	77	1	1	0	3087	413	3	27	-1	
5	1	77	1	1	1	3087	413	3	27	95.000000	 
2	1	78	0	0	0	3063	428	49	1	-1	
3	1	78	1	0	0	3063	428	49	1	-1	
4	1	78	1	1	0	3063	428	49	1	-1	
5	1	78	1	1	1	3063	428	49	1	95.000000	 
2	1	79	0	0	0	3086	433	96	3	-1	
3	1	79	1	0	0	3086	433	96	3	-1	
4	1	79	1	1	0	3086	433	96	3	-1	
5	1	79	1	1	1	3086	433	96	3	95.000000	 
2	1	80	0	0	0	2908	432	18	1	-1	
3	1	80	1	0	0	2908	432	18	1	-1	
4	1	80	1	1	0	2908	432	18	1	-1	
5	1	80	1	1	1	2908	432	18	1	95.000000	 
2	1	81	0	0	0	3077	437	57	3	-1	
3	1	81	1	0	0	3077	437	57	3	-1	
4	1	81	1	1	0	3077	437	57	3	-1	
5	1	81	1	1	1	3077	437	57	3	95.000000	 
2	1	82	0	0	0	3171	402	3	52	-1	
3	1	82	1	0	0	3171	402	3	52	-1	
4	1	82	1	1	0	3171	402	3	52	-1	
5	1	82	1	1	1	3171	402	3	52	95.000000	 
2	1	83	0	0	0	3047	392	3	72	-1	
3	1	83	1	0	0	3047	392	3	72	-1	
4	1	83	1	1	0	3047	392	3	72	-1	
5	1	83	1	1	1	3047	392	3	72	95.000000	 
2	1	84	0	0	0	2919	409	3	36	-1	
3	1	84	1	0	0	2919	409	3	36	-1	
4	1	84	1	1	0	2919	409	3	36	-1	
5	1	84	1	1	1	2919	409	3	36	95.000000	 
2	1	85	0	0	0	3081	430	3	20	-1	
3	1	85	1	0	0	3081	430	3	20	-1	
4	1	85	1	1	0	3081	430	3	20	-1	
5	1	85	1	1	1	3081	430	3	20	95.000000	 
2	1	86	0	0	0	3139	444	37	1	-1	
3	1	86	1	0	0	3139	444	37	1	-1	
4	1	86	1	1	0	3139	444	37	1	-1	
5	1	86	1	1	1	3139	444	37	1	95.000000	 
2	1	87	0	0	0	2885	430	3	25	-1	
3	1	87	1	0	0	2885	430	3	25	-1	
4	1	87	1	1	0	2885	430	3	25	-1	
5	1	87	1	1	1	2885	430	3	25	95.000000	 
2	1	88	0	0	0	2915	442	22	1	-1	
3	1	88	1	0	0	2915	442	22	1	-1	
4	1	88	1	1	0	2915	442	22	1	-1	
5	1	88	1	1	1	2915	442	22	1	95.000000	 
2	1	89	0	0	0	3111	433	2	27	-1	
3	1	89	1	0	0	3111	433	2	27	-1	
4	1	89	1	1	0	3111	433	2	27	-1	
5	1	89	1	1	1	3111	433	2	27	95.000000	 
2	1	90	0	0	0	3091	448	17	1	-1	
3	1	90	1	0	0	3091	448	17	1	-1	
4	1	90	1	1	0	3091	448	17	1	-1	
5	1	90	1	1	1	3091	448	17	1	95.000000	 
2	1	91	0	0	0	3087	454	21	1	-1	
3	1	91	1	0	0	3087	454	21	1	-1	
4	1	91	1	1	0	3087	454	21	1	-1	
5	1	91	1	1	1	3087	454	21	1	95.000000	 
2	1	92	0	0	0	2905	455	259	7	-1	
3	1	92	1	0	0	2905	455	259	7	-1	
4	1	92	1	1	0	2905	455	259	7	-1	
5	1	92	1	1	1	2905	455	259	7	95.000000	 
2	1	93	0	0	0	3149	464	29	1	-1	
3	1	93	1	0	0	3149	464	29	1	-1	
4	1	93	1	1	0	3149	464	29	1	-1	
5	1	93	1	1	1	3149	464	29	1	95.000000	 
2	1	94	0	0	0	3151	387	3	94	-1	
3	1	94	1	0	0	3151	387	3	94	-1	
4	1	94	1	1	0	3151	387	3	94	-1	
5	1	94	1	1	1	3151	387	3	94	95.000000	 
2	1	95	0	0	0	3097	401	3	70	-1	
3	1	95	1	0	0	3097	401	3	70	-1	
4	1	95	1	1	0	3097	401	3	70	-1	
5	1	95	1	1	1	3097	401	3	70	95.000000	 
2	1	96	0	0	0	3101	412	3	58	-1	
3	1	96	1	0	0	3101	412	3	58	-1	
4	1	96	1	1	0	3101	412	3	58	-1	
5	1	96	1	1	1	3101	412	3	58	95.000000	 
2	1	97	0	0	0	3161	426	3	54	-1	
3	1	97	1	0	0	3161	426	3	54	-1	
4	1	97	1	1	0	3161	426	3	54	-1	
5	1	97	1	1	1	3161	426	3	54	95.000000	 
2	1	98	0	0	0	2923	427	3	48	-1	
3	1	98	1	0	0	2923	427	3	48	-1	
4	1	98	1	1	0	2923	427	3	48	-1	
5	1	98	1	1	1	2923	427	3	48	95.000000	 
2	1	99	0	0	0	3116	431	3	50	-1	
3	1	99	1	0	0	3116	431	3	50	-1	
4	1	99	1	1	0	3116	431	3	50	-1	
5	1	99	1	1	1	3116	431	3	50	95.000000	 
2	1	100	0	0	0	2859	462	320	9	-1	
3	1	100	1	0	0	2859	462	320	9	-1	
4	1	100	1	1	0	2859	462	320	9	-1	
5	1	100	1	1	1	2859	462	320	9	95.000000	 
2	1	101	0	0	0	3052	457	1	25	-1	
3	1	101	1	0	0	3052	457	1	25	-1	
4	1	101	1	1	0	3052	457	1	25	-1	
5	1	101	1	1	1	3052	457	1	25	95.000000	 
2	1	102	0	0	0	3140	474	18	1	-1	
3	1	102	1	0	0	3140	474	18	1	-1	
4	1	102	1	1	0	3140	474	18	1	-1	
5	1	102	1	1	1	3140	474	18	1	95.000000	 
2	1	103	0	0	0	2855	471	62	3	-1	
3	1	103	1	0	0	2855	471	62	3	-1	
4	1	103	1	1	0	2855	471	62	3	-1	
5	1	103	1	1	1	2855	471	62	3	95.000000	 
2	1	104	0	0	0	3149	478	19	1	-1	
3	1	104	1	0	0	3149	478	19	1	-1	
4	1	104	1	1	0	3149	478	19	1	-1	
5	1	104	1	1	1	3149	478	19	1	95.000000	 
2	1	105	0	0	0	2908	478	19	1	-1	
3	1	105	1	0	0	2908	478	19	1	-1	
4	1	105	1	1	0	2908	478	19	1	-1	
5	1	105	1	1	1	2908	478	19	1	95.000000	 
2	1	106	0	0	0	2853	481	27	3	-1	
3	1	106	1	0	0	2853	481	27	3	-1	
4	1	106	1	1	0	2853	481	27	3	-1	
5	1	106	1	1	1	2853	481	27	3	95.000000	 
2	1	107	0	0	0	3153	488	17	1	-1	
3	1	107	1	0	0	3153	488	17	1	-1	
4	1	107	1	1	0	3153	488	17	1	-1	
5	1	107	1	1	1	3153	488	17	1	95.000000	 
2	1	108	0	0	0	2953	420	3	91	-1	
3	1	108	1	0	0	2953	420	3	91	-1	
4	1	108	1	1	0	2953	420	3	91	-1	
5	1	108	1	1	1	2953	420	3	91	95.000000	 
2	1	109	0	0	0	2944	456	1	34	-1	
3	1	109	1	0	0	2944	456	1	34	-1	
4	1	109	1	1	0	2944	456	1	34	-1	
5	1	109	1	1	1	2944	456	1	34	95.000000	 
2	1	110	0	0	0	2866	465	1	43	-1	
3	1	110	1	0	0	2866	465	1	43	-1	
4	1	110	1	1	0	2866	465	1	43	-1	
5	1	110	1	1	1	2866	465	1	43	95.000000	 
2	1	111	0	0	0	2932	487	18	3	-1	
3	1	111	1	0	0	2932	487	18	3	-1	
4	1	111	1	1	0	2932	487	18	3	-1	
5	1	111	1	1	1	2932	487	18	3	95.000000	 
2	1	112	0	0	0	2856	468	1	41	-1	
3	1	112	1	0	0	2856	468	1	41	-1	
4	1	112	1	1	0	2856	468	1	41	-1	
5	1	112	1	1	1	2856	468	1	41	95.000000	 
2	1	113	0	0	0	3127	492	55	3	-1	
3	1	113	1	0	0	3127	492	55	3	-1	
4	1	113	1	1	0	3127	492	55	3	-1	
5	1	113	1	1	1	3127	492	55	3	95.000000	 
2	1	114	0	0	0	2855	491	75	3	-1	
3	1	114	1	0	0	2855	491	75	3	-1	
4	1	114	1	1	0	2855	491	75	3	-1	
5	1	114	1	1	1	2855	491	75	3	95.000000	 
2	1	115	0	0	0	2988	486	1	19	-1	
3	1	115	1	0	0	2988	486	1	19	-1	
4	1	115	1	1	0	2988	486	1	19	-1	
5	1	115	1	1	1	2988	486	1	19	95.000000	 
2	1	116	0	0	0	2863	495	95	4	-1	
3	1	116	1	0	0	2863	495	95	4	-1	
4	1	116	1	1	0	2863	495	95	4	-1	
5	1	116	1	1	1	2863	495	95	4	95.000000	 
2	1	117	0	0	0	2934	487	1	19	-1	
3	1	117	1	0	0	2934	487	1	19	-1	
4	1	117	1	1	0	2934	487	1	19	-1	
5	1	117	1	1	1	2934	487	1	19	95.000000	 
2	1	118	0	0	0	3149	502	19	1	-1	
3	1	118	1	0	0	3149	502	19	1	-1	
4	1	118	1	1	0	3149	502	19	1	-1	
5	1	118	1	1	1	3149	502	19	1	95.000000	 
2	1	119	0	0	0	3120	508	22	1	-1	
3	1	119	1	0	0	3120	508	22	1	-1	
4	1	119	1	1	0	3120	508	22	1	-1	
5	1	119	1	1	1	3120	508	22	1	95.000000	 
2	1	120	0	0	0	2855	505	18	3	-1	
3	1	120	1	0	0	2855	505	18	3	-1	
4	1	120	1	1	0	2855	505	18	3	-1	
5	1	120	1	1	1	2855	505	18	3	95.000000	 
2	1	121	0	0	0	3138	512	19	1	-1	
3	1	121	1	0	0	3138	512	19	1	-1	
4	1	121	1	1	0	3138	512	19	1	-1	
5	1	121	1	1	1	3138	512	19	1	95.000000	 
2	1	122	0	0	0	2938	377	3	139	-1	
3	1	122	1	0	0	2938	377	3	139	-1	
4	1	122	1	1	0	2938	377	3	139	-1	
5	1	122	1	1	1	2938	377	3	139	95.000000	 
2	1	123	0	0	0	3136	388	3	130	-1	
3	1	123	1	0	0	3136	388	3	130	-1	
4	1	123	1	1	0	3136	388	3	130	-1	
5	1	123	1	1	1	3136	388	3	130	95.000000	 
2	1	124	0	0	0	3146	393	3	131	-1	
3	1	124	1	0	0	3146	393	3	131	-1	
4	1	124	1	1	0	3146	393	3	131	-1	
5	1	124	1	1	1	3146	393	3	131	95.000000	 
2	1	125	0	0	0	3141	514	25	1	-1	
3	1	125	1	0	0	3141	514	25	1	-1	
4	1	125	1	1	0	3141	514	25	1	-1	
5	1	125	1	1	1	3141	514	25	1	95.000000	 
2	1	126	0	0	0	2912	512	30	1	-1	
3	1	126	1	0	0	2912	512	30	1	-1	
4	1	126	1	1	0	2912	512	30	1	-1	
5	1	126	1	1	1	2912	512	30	1	95.000000	 
2	1	127	0	0	0	2903	516	17	1	-1	
3	1	127	1	0	0	2903	516	17	1	-1	
4	1	127	1	1	0	2903	516	17	1	-1	
5	1	127	1	1	1	2903	516	17	1	95.000000	 
2	1	128	0	0	0	2903	532	21	1	-1	
3	1	128	1	0	0	2903	532	21	1	-1	
4	1	128	1	1	0	2903	532	21	1	-1	
5	1	128	1	1	1	2903	532	21	1	95.000000	 
2	1	129	0	0	0	2958	380	3	166	-1	
3	1	129	1	0	0	2958	380	3	166	-1	
4	1	129	1	1	0	2958	380	3	166	-1	
5	1	129	1	1	1	2958	380	3	166	95.000000	 
2	1	130	0	0	0	3176	526	1	19	-1	
3	1	130	1	0	0	3176	526	1	19	-1	
4	1	130	1	1	0	3176	526	1	19	-1	
5	1	130	1	1	1	3176	526	1	19	95.000000	 
2	1	131	0	0	0	3154	538	26	1	-1	
3	1	131	1	0	0	3154	538	26	1	-1	
4	1	131	1	1	0	3154	538	26	1	-1	
5	1	131	1	1	1	3154	538	26	1	95.000000	 
2	1	132	0	0	0	2871	536	41	1	-1	
3	1	132	1	0	0	2871	536	41	1	-1	
4	1	132	1	1	0	2871	536	41	1	-1	
5	1	132	1	1	1	2871	536	41	1	95.000000	 
2	1	133	0	0	0	3153	542	29	1	-1	
3	1	133	1	0	0	3153	542	29	1	-1	
4	1	133	1	1	0	3153	542	29	1	-1	
5	1	133	1	1	1	3153	542	29	1	95.000000	 
2	1	134	0	0	0	2903	542	20	1	-1	
3	1	134	1	0	0	2903	542	20	1	-1	
4	1	134	1	1	0	2903	542	20	1	-1	
5	1	134	1	1	1	2903	542	20	1	95.000000	 
2	1	135	0	0	0	3153	548	29	1	-1	
3	1	135	1	0	0	3153	548	29	1	-1	
4	1	135	1	1	0	3153	548	29	1	-1	
5	1	135	1	1	1	3153	548	29	1	95.000000	 
2	1	136	0	0	0	2865	545	19	3	-1	
3	1	136	1	0	0	2865	545	19	3	-1	
4	1	136	1	1	0	2865	545	19	3	-1	
5	1	136	1	1	1	2865	545	19	3	95.000000	 
2	1	137	0	0	0	3164	552	19	1	-1	
3	1	137	1	0	0	3164	552	19	1	-1	
4	1	137	1	1	0	3164	552	19	1	-1	
5	1	137	1	1	1	3164	552	19	1	95.000000	 
2	1	138	0	0	0	3155	558	26	1	-1	
3	1	138	1	0	0	3155	558	26	1	-1	
4	1	138	1	1	0	3155	558	26	1	-1	
5	1	138	1	1	1	3155	558	26	1	95.000000	 
2	1	139	0	0	0	3155	456	3	110	-1	
3	1	139	1	0	0	3155	456	3	110	-1	
4	1	139	1	1	0	3155	456	3	110	-1	
5	1	139	1	1	1	3155	456	3	110	95.000000	 
2	1	140	0	0	0	2869	481	3	97	-1	
3	1	140	1	0	0	2869	481	3	97	-1	
4	1	140	1	1	0	2869	481	3	97	-1	
5	1	140	1	1	1	2869	481	3	97	95.000000	 
2	1	141	0	0	0	3180	547	1	17	-1	
3	1	141	1	0	0	3180	547	1	17	-1	
4	1	141	1	1	0	3180	547	1	17	-1	
5	1	141	1	1	1	3180	547	1	17	95.000000	 
2	1	142	0	0	0	3151	562	19	1	-1	
3	1	142	1	0	0	3151	562	19	1	-1	
4	1	142	1	1	0	3151	562	19	1	-1	
5	1	142	1	1	1	3151	562	19	1	95.000000	 
2	1	143	0	0	0	2857	558	313	7	-1	
3	1	143	1	0	0	2857	558	313	7	-1	
4	1	143	1	1	0	2857	558	313	7	-1	
5	1	143	1	1	1	2857	558	313	7	95.000000	 
2	1	144	0	0	0	2859	564	155	5	-1	
3	1	144	1	0	0	2859	564	155	5	-1	
4	1	144	1	1	0	2859	564	155	5	-1	
5	1	144	1	1	1	2859	564	155	5	95.000000	 
2	1	145	0	0	0	2859	569	18	3	-1	
3	1	145	1	0	0	2859	569	18	3	-1	
4	1	145	1	1	0	2859	569	18	3	-1	
5	1	145	1	1	1	2859	569	18	3	95.000000	 
2	1	146	0	0	0	3006	576	22	1	-1	
3	1	146	1	0	0	3006	576	22	1	-1	
4	1	146	1	1	0	3006	576	22	1	-1	
5	1	146	1	1	1	3006	576	22	1	95.000000	 
2	1	147	0	0	0	2860	454	3	131	-1	
3	1	147	1	0	0	2860	454	3	131	-1	
4	1	147	1	1	0	2860	454	3	131	-1	
5	1	147	1	1	1	2860	454	3	131	95.000000	 
2	1	148	0	0	0	2889	590	189	3	-1	
3	1	148	1	0	0	2889	590	189	3	-1	
4	1	148	1	1	0	2889	590	189	3	-1	
5	1	148	1	1	1	2889	590	189	3	95.000000	 
2	1	149	0	0	0	3053	592	25	1	-1	
3	1	149	1	0	0	3053	592	25	1	-1	
4	1	149	1	1	0	3053	592	25	1	-1	
5	1	149	1	1	1	3053	592	25	1	95.000000	 
2	1	150	0	0	0	3055	391	5	225	-1	
3	1	150	1	0	0	3055	391	5	225	-1	
4	1	150	1	1	0	3055	391	5	225	-1	
5	1	150	1	1	1	3055	391	5	225	95.000000	 
2	1	151	0	0	0	3011	553	3	70	-1	
3	1	151	1	0	0	3011	553	3	70	-1	
4	1	151	1	1	0	3011	553	3	70	-1	
5	1	151	1	1	1	3011	553	3	70	95.000000	 
2	1	152	0	0	0	3065	579	3	33	-1	
3	1	152	1	0	0	3065	579	3	33	-1	
4	1	152	1	1	0	3065	579	3	33	-1	
5	1	152	1	1	1	3065	579	3	33	95.000000	 
2	1	153	0	0	0	2897	588	3	34	-1	
3	1	153	1	0	0	2897	588	3	34	-1	
4	1	153	1	1	0	2897	588	3	34	-1	
5	1	153	1	1	1	2897	588	3	34	95.000000	 
2	1	154	0	0	0	3054	610	22	1	-1	
3	1	154	1	0	0	3054	610	22	1	-1	
4	1	154	1	1	0	3054	610	22	1	-1	
5	1	154	1	1	1	3054	610	22	1	95.000000	 
2	1	155	0	0	0	3155	616	19	1	-1	
3	1	155	1	0	0	3155	616	19	1	-1	
4	1	155	1	1	0	3155	616	19	1	-1	
5	1	155	1	1	1	3155	616	19	1	95.000000	 
2	1	156	0	0	0	3113	619	69	3	-1	
3	1	156	1	0	0	3113	619	69	3	-1	
4	1	156	1	1	0	3113	619	69	3	-1	
5	1	156	1	1	1	3113	619	69	3	95.000000	 
2	1	157	0	0	0	3046	604	1	28	-1	
3	1	157	1	0	0	3046	604	1	28	-1	
4	1	157	1	1	0	3046	604	1	28	-1	
5	1	157	1	1	1	3046	604	1	28	95.000000	 
2	1	158	0	0	0	3017	625	39	3	-1	
3	1	158	1	0	0	3017	625	39	3	-1	
4	1	158	1	1	0	3017	625	39	3	-1	
5	1	158	1	1	1	3017	625	39	3	95.000000	 
2	1	159	0	0	0	2921	628	131	5	-1	
3	1	159	1	0	0	2921	628	131	5	-1	
4	1	159	1	1	0	2921	628	131	5	-1	
5	1	159	1	1	1	2921	628	131	5	95.000000	 
2	1	160	0	0	0	2861	633	81	3	-1	
3	1	160	1	0	0	2861	633	81	3	-1	
4	1	160	1	1	0	2861	633	81	3	-1	
5	1	160	1	1	1	2861	633	81	3	95.000000	 
2	1	161	0	0	0	2976	627	1	22	-1	
3	1	161	1	0	0	2976	627	1	22	-1	
4	1	161	1	1	0	2976	627	1	22	-1	
5	1	161	1	1	1	2976	627	1	22	95.000000	 
2	1	162	0	0	0	2871	638	110	3	-1	
3	1	162	1	0	0	2871	638	110	3	-1	
4	1	162	1	1	0	2871	638	110	3	-1	
5	1	162	1	1	1	2871	638	110	3	95.000000	 
2	1	163	0	0	0	2932	629	1	19	-1	
3	1	163	1	0	0	2932	629	1	19	-1	
4	1	163	1	1	0	2932	629	1	19	-1	
5	1	163	1	1	1	2932	629	1	19	95.000000	 
2	1	164	0	0	0	2902	459	5	202	-1	
3	1	164	1	0	0	2902	459	5	202	-1	
4	1	164	1	1	0	2902	459	5	202	-1	
5	1	164	1	1	1	2902	459	5	202	95.000000	 
2	1	165	0	0	0	2878	511	3	150	-1	
3	1	165	1	0	0	2878	511	3	150	-1	
4	1	165	1	1	0	2878	511	3	150	-1	
5	1	165	1	1	1	2878	511	3	150	95.000000	 
2	1	166	0	0	0	2874	622	1	49	-1	
3	1	166	1	0	0	2874	622	1	49	-1	
4	1	166	1	1	0	2874	622	1	49	-1	
5	1	166	1	1	1	2874	622	1	49	95.000000	 
2	1	167	0	0	0	2882	647	96	3	-1	
3	1	167	1	0	0	2882	647	96	3	-1	
4	1	167	1	1	0	2882	647	96	3	-1	
5	1	167	1	1	1	2882	647	96	3	95.000000	 
2	1	168	0	0	0	2888	642	1	21	-1	
3	1	168	1	0	0	2888	642	1	21	-1	
4	1	168	1	1	0	2888	642	1	21	-1	
5	1	168	1	1	1	2888	642	1	21	95.000000	 
2	1	169	0	0	0	2874	654	20	1	-1	
3	1	169	1	0	0	2874	654	20	1	-1	
4	1	169	1	1	0	2874	654	20	1	-1	
5	1	169	1	1	1	2874	654	20	1	95.000000	 
2	1	170	0	0	0	2881	658	51	1	-1	
3	1	170	1	0	0	2881	658	51	1	-1	
4	1	170	1	1	0	2881	658	51	1	-1	
5	1	170	1	1	1	2881	658	51	1	95.000000	 
2	1	171	0	0	0	3020	648	71	24	-1	
3	1	171	1	0	0	3020	648	71	24	-1	
4	1	171	1	1	0	3020	648	71	24	-1	
5	1	171	1	1	1	3020	648	71	24	95.000000	 
2	1	172	0	0	0	2903	663	107	3	-1	
3	1	172	1	0	0	2903	663	107	3	-1	
4	1	172	1	1	0	2903	663	107	3	-1	
5	1	172	1	1	1	2903	663	107	3	95.000000	 
2	1	173	0	0	0	2883	668	49	1	-1	
3	1	173	1	0	0	2883	668	49	1	-1	
4	1	173	1	1	0	2883	668	49	1	-1	
5	1	173	1	1	1	2883	668	49	1	95.000000	 
2	1	174	0	0	0	2907	407	5	277	-1	
3	1	174	1	0	0	2907	407	5	277	-1	
4	1	174	1	1	0	2907	407	5	277	-1	
5	1	174	1	1	1	2907	407	5	277	95.000000	 
2	1	175	0	0	0	2913	455	7	227	-1	
3	1	175	1	0	0	2913	455	7	227	-1	
4	1	175	1	1	0	2913	455	7	227	-1	
5	1	175	1	1	1	2913	455	7	227	95.000000	 
2	1	176	0	0	0	2996	527	3	163	-1	
3	1	176	1	0	0	2996	527	3	163	-1	
4	1	176	1	1	0	2996	527	3	163	-1	
5	1	176	1	1	1	2996	527	3	163	95.000000	 
2	1	177	0	0	0	3169	614	3	69	-1	
3	1	177	1	0	0	3169	614	3	69	-1	
4	1	177	1	1	0	3169	614	3	69	-1	
5	1	177	1	1	1	3169	614	3	69	95.000000	 
2	1	178	0	0	0	2965	637	3	53	-1	
3	1	178	1	0	0	2965	637	3	53	-1	
4	1	178	1	1	0	2965	637	3	53	-1	
5	1	178	1	1	1	2965	637	3	53	95.000000	 
2	1	179	0	0	0	2883	656	3	27	-1	
3	1	179	1	0	0	2883	656	3	27	-1	
4	1	179	1	1	0	2883	656	3	27	-1	
5	1	179	1	1	1	2883	656	3	27	95.000000	 
2	1	180	0	0	0	2931	676	92	9	-1	
3	1	180	1	0	0	2931	676	92	9	-1	
4	1	180	1	1	0	2931	676	92	9	-1	
5	1	180	1	1	1	2931	676	92	9	95.000000	 
2	1	181	0	0	0	2910	687	252	5	-1	
3	1	181	1	0	0	2910	687	252	5	-1	
4	1	181	1	1	0	2910	687	252	5	-1	
5	1	181	1	1	1	2910	687	252	5	95.000000	 
2	1	182	0	0	0	3001	692	165	5	-1	
3	1	182	1	0	0	3001	692	165	5	-1	
4	1	182	1	1	0	3001	692	165	5	-1	
5	1	182	1	1	1	3001	692	165	5	95.000000	 
2	1	183	0	0	0	2921	628	3	85	-1	
3	1	183	1	0	0	2921	628	3	85	-1	
4	1	183	1	1	0	2921	628	3	85	-1	
5	1	183	1	1	1	2921	628	3	85	95.000000	 
2	1	184	0	0	0	2911	663	3	39	-1	
3	1	184	1	0	0	2911	663	3	39	-1	
4	1	184	1	1	0	2911	663	3	39	-1	
5	1	184	1	1	1	2911	663	3	39	95.000000	 
2	1	185	0	0	0	2955	671	3	31	-1	
3	1	185	1	0	0	2955	671	3	31	-1	
4	1	185	1	1	0	2955	671	3	31	-1	
5	1	185	1	1	1	2955	671	3	31	95.000000	 
2	1	186	0	0	0	3001	694	170	5	-1	
3	1	186	1	0	0	3001	694	170	5	-1	
4	1	186	1	1	0	3001	694	170	5	-1	
5	1	186	1	1	1	3001	694	170	5	95.000000	 
2	1	187	0	0	0	2910	697	50	3	-1	
3	1	187	1	0	0	2910	697	50	3	-1	
4	1	187	1	1	0	2910	697	50	3	-1	
5	1	187	1	1	1	2910	697	50	3	95.000000	 
2	1	188	0	0	0	2946	682	1	32	-1	
3	1	188	1	0	0	2946	682	1	32	-1	
4	1	188	1	1	0	2946	682	1	32	-1	
5	1	188	1	1	1	2946	682	1	32	95.000000	 
2	1	189	0	0	0	3108	703	18	3	-1	
3	1	189	1	0	0	3108	703	18	3	-1	
4	1	189	1	1	0	3108	703	18	3	-1	
5	1	189	1	1	1	3108	703	18	3	95.000000	 
2	1	190	0	0	0	2921	704	24	1	-1	
3	1	190	1	0	0	2921	704	24	1	-1	
4	1	190	1	1	0	2921	704	24	1	-1	
5	1	190	1	1	1	2921	704	24	1	95.000000	 
2	1	191	0	0	0	2917	708	23	1	-1	
3	1	191	1	0	0	2917	708	23	1	-1	
4	1	191	1	1	0	2917	708	23	1	-1	
5	1	191	1	1	1	2917	708	23	1	95.000000	 
2	1	192	0	0	0	3114	703	1	17	-1	
3	1	192	1	0	0	3114	703	1	17	-1	
4	1	192	1	1	0	3114	703	1	17	-1	
5	1	192	1	1	1	3114	703	1	17	95.000000	 
2	1	193	0	0	0	2925	714	21	1	-1	
3	1	193	1	0	0	2925	714	21	1	-1	
4	1	193	1	1	0	2925	714	21	1	-1	
5	1	193	1	1	1	2925	714	21	1	95.000000	 
2	1	194	0	0	0	2922	726	244	5	-1	
3	1	194	1	0	0	2922	726	244	5	-1	
4	1	194	1	1	0	2922	726	244	5	-1	
5	1	194	1	1	1	2922	726	244	5	95.000000	 
2	1	195	0	0	0	2922	726	182	5	-1	
3	1	195	1	0	0	2922	726	182	5	-1	
4	1	195	1	1	0	2922	726	182	5	-1	
5	1	195	1	1	1	2922	726	182	5	95.000000	 
2	1	196	0	0	0	2914	732	26	1	-1	
3	1	196	1	0	0	2914	732	26	1	-1	
4	1	196	1	1	0	2914	732	26	1	-1	
5	1	196	1	1	1	2914	732	26	1	95.000000	 
2	1	197	0	0	0	3113	737	53	3	-1	
3	1	197	1	0	0	3113	737	53	3	-1	
4	1	197	1	1	0	3113	737	53	3	-1	
5	1	197	1	1	1	3113	737	53	3	95.000000	 
2	1	198	0	0	0	3128	433	7	325	-1	
3	1	198	1	0	0	3128	433	7	325	-1	
4	1	198	1	1	0	3128	433	7	325	-1	
5	1	198	1	1	1	3128	433	7	325	95.000000	 
2	1	199	0	0	0	3153	456	5	292	-1	
3	1	199	1	0	0	3153	456	5	292	-1	
4	1	199	1	1	0	3153	456	5	292	-1	
5	1	199	1	1	1	3153	456	5	292	95.000000	 
2	1	200	0	0	0	3163	485	7	263	-1	
3	1	200	1	0	0	3163	485	7	263	-1	
4	1	200	1	1	0	3163	485	7	263	-1	
5	1	200	1	1	1	3163	485	7	263	95.000000	 
2	1	201	0	0	0	3040	615	3	135	-1	
3	1	201	1	0	0	3040	615	3	135	-1	
4	1	201	1	1	0	3040	615	3	135	-1	
5	1	201	1	1	1	3040	615	3	135	95.000000	 
2	1	202	0	0	0	2925	618	3	130	-1	
3	1	202	1	0	0	2925	618	3	130	-1	
4	1	202	1	1	0	2925	618	3	130	-1	
5	1	202	1	1	1	2925	618	3	130	95.000000	 
2	1	203	0	0	0	3119	615	3	141	-1	
3	1	203	1	0	0	3119	615	3	141	-1	
4	1	203	1	1	0	3119	615	3	141	-1	
5	1	203	1	1	1	3119	615	3	141	95.000000	 
2	1	204	0	0	0	3124	693	1	52	-1	
3	1	204	1	0	0	3124	693	1	52	-1	
4	1	204	1	1	0	3124	693	1	52	-1	
5	1	204	1	1	1	3124	693	1	52	95.000000	 
2	1	205	0	0	0	3150	689	1	59	-1	
3	1	205	1	0	0	3150	689	1	59	-1	
4	1	205	1	1	0	3150	689	1	59	-1	
5	1	205	1	1	1	3150	689	1	59	95.000000	 
2	1	206	0	0	0	3079	741	97	3	-1	
3	1	206	1	0	0	3079	741	97	3	-1	
4	1	206	1	1	0	3079	741	97	3	-1	
5	1	206	1	1	1	3079	741	97	3	95.000000	 
2	1	207	0	0	0	3036	727	1	31	-1	
3	1	207	1	0	0	3036	727	1	31	-1	
4	1	207	1	1	0	3036	727	1	31	-1	
5	1	207	1	1	1	3036	727	1	31	95.000000	 
2	1	208	0	0	0	3023	746	111	5	-1	
3	1	208	1	0	0	3023	746	111	5	-1	
4	1	208	1	1	0	3023	746	111	5	-1	
5	1	208	1	1	1	3023	746	111	5	95.000000	 
2	1	209	0	0	0	3024	751	20	3	-1	
3	1	209	1	0	0	3024	751	20	3	-1	
4	1	209	1	1	0	3024	751	20	3	-1	
5	1	209	1	1	1	3024	751	20	3	95.000000	 
2	1	210	0	0	0	3007	761	25	3	-1	
3	1	210	1	0	0	3007	761	25	3	-1	
4	1	210	1	1	0	3007	761	25	3	-1	
5	1	210	1	1	1	3007	761	25	3	95.000000	 
2	1	211	0	0	0	3029	588	5	182	-1	
3	1	211	1	0	0	3029	588	5	182	-1	
4	1	211	1	1	0	3029	588	5	182	-1	
5	1	211	1	1	1	3029	588	5	182	95.000000	 
2	1	212	0	0	0	3005	772	17	1	-1	
3	1	212	1	0	0	3005	772	17	1	-1	
4	1	212	1	1	0	3005	772	17	1	-1	
5	1	212	1	1	1	3005	772	17	1	95.000000	 
2	1	213	0	0	0	2999	777	109	5	-1	
3	1	213	1	0	0	2999	777	109	5	-1	
4	1	213	1	1	0	2999	777	109	5	-1	
5	1	213	1	1	1	2999	777	109	5	95.000000	 
2	1	214	0	0	0	3070	771	1	17	-1	
3	1	214	1	0	0	3070	771	1	17	-1	
4	1	214	1	1	0	3070	771	1	17	-1	
5	1	214	1	1	1	3070	771	1	17	95.000000	 
2	1	215	0	0	0	3014	671	5	133	-1	
3	1	215	1	0	0	3014	671	5	133	-1	
4	1	215	1	1	0	3014	671	5	133	-1	
5	1	215	1	1	1	3014	671	5	133	95.000000	 
2	1	216	0	0	0	3099	705	3	91	-1	
3	1	216	1	0	0	3099	705	3	91	-1	
4	1	216	1	1	0	3099	705	3	91	-1	
5	1	216	1	1	1	3099	705	3	91	95.000000	 
2	1	217	0	0	0	3083	727	3	68	-1	
3	1	217	1	0	0	3083	727	3	68	-1	
4	1	217	1	1	0	3083	727	3	68	-1	
5	1	217	1	1	1	3083	727	3	68	95.000000	 
2	1	218	0	0	0	2939	756	3	32	-1	
3	1	218	1	0	0	2939	756	3	32	-1	
4	1	218	1	1	0	2939	756	3	32	-1	
5	1	218	1	1	1	2939	756	3	32	95.000000	 
2	1	219	0	0	0	3020	771	1	17	-1	
3	1	219	1	0	0	3020	771	1	17	-1	
4	1	219	1	1	0	3020	771	1	17	-1	
5	1	219	1	1	1	3020	771	1	17	95.000000	 
2	1	220	0	0	0	3010	769	1	23	-1	
3	1	220	1	0	0	3010	769	1	23	-1	
4	1	220	1	1	0	3010	769	1	23	-1	
5	1	220	1	1	1	3010	769	1	23	95.000000	 
2	1	221	0	0	0	3075	792	35	1	-1	
3	1	221	1	0	0	3075	792	35	1	-1	
4	1	221	1	1	0	3075	792	35	1	-1	
5	1	221	1	1	1	3075	792	35	1	95.000000	 
2	1	222	0	0	0	3090	786	1	18	-1	
3	1	222	1	0	0	3090	786	1	18	-1	
4	1	222	1	1	0	3090	786	1	18	-1	
5	1	222	1	1	1	3090	786	1	18	95.000000	 
2	1	223	0	0	0	3005	557	5	261	-1	
3	1	223	1	0	0	3005	557	5	261	-1	
4	1	223	1	1	0	3005	557	5	261	-1	
5	1	223	1	1	1	3005	557	5	261	95.000000	 
2	1	224	0	0	0	3064	799	1	19	-1	
3	1	224	1	0	0	3064	799	1	19	-1	
4	1	224	1	1	0	3064	799	1	19	-1	
5	1	224	1	1	1	3064	799	1	19	95.000000	 
2	1	225	0	0	0	2934	663	5	170	-1	
3	1	225	1	0	0	2934	663	5	170	-1	
4	1	225	1	1	0	2934	663	5	170	-1	
5	1	225	1	1	1	2934	663	5	170	95.000000	 
2	1	226	0	0	0	2464	1188	709	36	-1	
3	1	226	1	0	0	2464	1188	709	36	-1	
4	1	226	1	1	0	2464	1188	709	36	-1	
5	1	226	1	1	1	2464	1192	66	24	63.807049	Ἄθγες
5	1	226	1	1	2	2546	1188	115	31	71.435295	ευναιρίες.
5	1	226	1	1	3	2682	1197	61	20	76.229507	΄Έπσι
5	1	226	1	1	4	2757	1202	20	14	79.223160	οι
5	1	226	1	1	5	2798	1198	123	24	62.180580	ποταθολές
5	1	226	1	1	6	2936	1200	65	24	51.783531	αωτές
5	1	226	1	1	7	3016	1201	28	20	40.389381	8ο
5	1	226	1	1	8	3068	1206	105	17	0.000000	γατρπις-
2	1	227	0	0	0	2456	1229	731	396	-1	
3	1	227	1	0	0	2462	1229	659	30	-1	
4	1	227	1	1	0	2462	1229	659	30	-1	
5	1	227	1	1	1	2462	1229	70	19	64.715080	σδοών.
5	1	227	1	1	2	2546	1230	105	22	22.435776	Κοαθήνιον
5	1	227	1	1	3	2667	1233	79	19	89.881752	λοιπόν
5	1	227	1	1	4	2762	1239	46	14	94.952332	των
5	1	227	1	1	5	2832	1235	89	23	10.627457	γονέων
5	1	227	1	1	6	2932	1236	67	23	0.959396	είν,
5	1	227	1	1	7	3119	1243	2	2	25.541641	:
3	1	227	2	0	0	2484	1272	614	32	-1	
4	1	227	2	1	0	2484	1272	614	32	-1	
5	1	227	2	1	1	2484	1272	31	21	13.815956	ο).
5	1	227	2	1	2	2526	1272	37	18	66.182945	Νας
5	1	227	2	1	3	2576	1273	58	19	14.842606	είνοι
5	1	227	2	1	4	2649	1279	37	14	8.429787	πι
5	1	227	2	1	5	2700	1279	28	14	49.499023	να
5	1	227	2	1	6	2746	1276	156	23	57.132359	δικτηρούντοι
5	1	227	2	1	7	2914	1279	98	23	76.773193	εντελώς
5	1	227	2	1	8	3023	1280	75	24	94.464264	υγιείς.
3	1	227	3	0	0	2460	1307	727	66	-1	
4	1	227	3	1	0	2485	1307	702	40	-1	
5	1	227	3	1	1	2485	1307	25	22	85.518120	ϐ)
5	1	227	3	1	2	2530	1308	36	18	61.093014	Να
5	1	227	3	1	3	2583	1310	121	23	78.286194	γνωρίζουν
5	1	227	3	1	4	2716	1316	28	14	93.044472	τα
5	1	227	3	1	5	2756	1312	144	24	69.437256	ελοπτώμοτά
5	1	227	3	1	6	2912	1319	50	18	95.969482	τους
5	1	227	3	1	7	2978	1320	39	13	68.720924	καὶ
5	1	227	3	1	8	3029	1320	30	14	68.894211	νου
5	1	227	3	1	9	3083	1310	104	37	32.453621	φρονπί---
4	1	227	3	2	0	2460	1342	701	31	-1	
5	1	227	3	2	1	2460	1342	51	23	55.131680	ὅσων
5	1	227	3	2	2	2524	1348	29	13	82.247780	να
5	1	227	3	2	3	2564	1350	27	12	87.722527	τα
5	1	227	3	2	4	2605	1347	146	23	52.538681	κριταπνέζουν
5	1	227	3	2	5	2762	1352	41	14	59.904076	στο,
5	1	227	3	2	6	2817	1349	70	18	25.276970	τέρινοι
5	1	227	3	2	7	2898	1354	55	19	92.431450	τους.
5	1	227	3	2	8	2967	1358	3	3	70.978386	-
5	1	227	3	2	9	3048	1350	113	17	0.000000	 Ἱ-
3	1	227	4	0	0	2458	1373	715	146	-1	
4	1	227	4	1	0	2483	1373	687	41	-1	
5	1	227	4	1	1	2483	1379	27	22	74.335281	Υ).
5	1	227	4	1	2	2528	1380	37	18	96.890053	Να
5	1	227	4	1	3	2579	1382	143	22	40.920525	αποφεύγουν:
5	1	227	4	1	4	2734	1383	29	20	0.000000	ἀν
5	1	227	4	1	5	2774	1384	80	19	92.988007	θέλουν
5	1	227	4	1	6	2866	1389	30	14	96.487015	να
5	1	227	4	1	7	2906	1373	137	41	18.903343	μορφώσουν;
5	1	227	4	1	8	3052	1388	71	20	80.140106	τέννο
5	1	227	4	1	9	3136	1394	34	13	91.920143	ευ-
4	1	227	4	2	0	2459	1415	707	36	-1	
5	1	227	4	2	1	2459	1415	54	22	92.114014	τοχή
5	1	227	4	2	2	2530	1419	29	15	77.925041	νο
5	1	227	4	2	3	2570	1417	145	20	44.577034	ειδηλώναυν
5	1	227	4	2	4	2729	1420	107	22	9.865112	παρουσία
5	1	227	4	2	5	2848	1425	49	18	95.800186	τους
5	1	227	4	2	6	2914	1426	28	13	90.825943	τα
5	1	227	4	2	7	2957	1422	144	23	34.289604	ελαττώμιατό
5	1	227	4	2	8	3112	1418	54	33	50.834980	τους,
4	1	227	4	3	0	2458	1450	711	31	-1	
5	1	227	4	3	1	2458	1450	81	23	20.779144	θυμούς,
5	1	227	4	3	2	2555	1452	92	23	63.168835	θρυσνές,
5	1	227	4	3	3	2666	1454	136	24	12.554352	θλαστήμιες,
5	1	227	4	3	4	2822	1456	70	23	23.836807	δίαιες
5	1	227	4	3	5	2902	1457	95	24	89.297829	πρόξεις,
5	1	227	4	3	6	3012	1458	76	23	81.440102	φεύδη,
5	1	227	4	3	7	3106	1464	63	15	0.000000	συος-
4	1	227	4	4	0	2458	1486	629	33	-1	
5	1	227	4	4	1	2458	1486	95	23	76.086136	φανπίες,
5	1	227	4	4	2	2568	1488	128	24	78.466812	ἑωμολιχίες
5	1	227	4	4	3	2711	1495	38	13	48.910316	αι
5	1	227	4	4	4	2764	1491	98	20	35.735146	θάναυση
5	1	227	4	4	5	2879	1494	156	25	42.067673	συμπεριφορά,
5	1	227	4	4	6	3142	1495	24	16	0.000000	ὰ
3	1	227	5	0	0	2456	1522	711	103	-1	
4	1	227	5	1	0	2479	1522	688	30	-1	
5	1	227	5	1	1	2479	1522	30	22	3.329575	ὅ):
5	1	227	5	1	2	2520	1522	37	19	19.816292	Νο
5	1	227	5	1	3	2569	1524	126	19	65.446083	αποτελούν
5	1	227	5	1	4	2707	1526	100	26	52.653618	πρότυπα
5	1	227	5	1	5	2818	1528	101	21	90.789230	ευγενών
5	1	227	5	1	6	2928	1528	95	23	94.999298	τρόπων;
5	1	227	5	1	7	3034	1530	89	20	36.629223	λεπτών:
5	1	227	5	1	8	3134	1536	33	15	0.000000	οιι-
4	1	227	5	2	0	2457	1557	708	32	-1	
5	1	227	5	2	1	2457	1557	120	28	60.815018	σθηµώτων,
5	1	227	5	2	2	2593	1559	82	24	39.068954	ήρεμης
5	1	227	5	2	3	2690	1561	87	23	59.454288	σνέφης,
5	1	227	5	2	4	2806	1563	181	24	55.395943	εριτικότηπας,
5	1	227	5	2	5	3014	1561	151	28	0.000000	εντιµόπιγτας,
4	1	227	5	3	0	2456	1594	711	31	-1	
5	1	227	5	3	1	2456	1594	167	23	20.208321	γελνοιότητας,
5	1	227	5	3	2	2634	1596	135	24	28.271515	εωπρέπίειρις,
5	1	227	5	3	3	2782	1598	130	23	0.000000	Ἠθυκότητας
5	1	227	5	3	4	2926	1604	40	14	9.832718	γν
5	1	227	5	3	5	2993	1600	109	23	32.772133	σεξοσμού
5	1	227	5	3	6	3114	1606	53	19	96.158585	προς
2	1	228	0	0	0	2446	1626	738	30	-1	
3	1	228	1	0	0	2446	1626	738	30	-1	
4	1	228	1	1	0	2446	1626	738	30	-1	
5	1	228	1	1	1	2446	1628	43	18	0.000000	ότι
5	1	228	1	1	2	2503	1626	72	26	83.855713	υφηλό
5	1	228	1	1	3	2589	1635	37	14	52.551517	αι
5	1	228	1	1	4	2642	1632	74	21	17.680244	ωραῄκι,
5	1	228	1	1	5	2730	1633	74	18	0.000000	δίκδίο
5	1	228	1	1	6	2820	1638	39	14	88.746475	και
5	1	228	1	1	7	2876	1634	76	22	96.021072	σωστό,
5	1	228	1	1	8	2972	1635	94	21	69.655586	αληθινό
5	1	228	1	1	9	3079	1641	40	14	63.909904	καὶ
5	1	228	1	1	10	3125	1637	40	18	52.453136	ευ-.
5	1	228	1	1	11	3180	1650	4	2	37.636715	-
2	1	229	0	0	0	2454	1660	710	110	-1	
3	1	229	1	0	0	2454	1660	710	110	-1	
4	1	229	1	1	0	2454	1660	683	33	-1	
5	1	229	1	1	1	2454	1660	97	33	86.323715	χάριστο.
5	1	229	1	1	2	3135	1690	2	2	0.000000	ι
4	1	229	1	2	0	2476	1700	688	30	-1	
5	1	229	1	2	1	2476	1700	37	18	86.368240	Αν
5	1	229	1	2	2	2528	1702	114	21	76.308975	πρόπειται
5	1	229	1	2	3	2657	1707	30	14	83.110382	να
5	1	229	1	2	4	2700	1704	141	23	37.989918	αγοράσουμε
5	1	229	1	2	5	2856	1705	42	18	66.398567	ένο
5	1	229	1	2	6	2916	1706	42	23	52.965794	ζώς.
5	1	229	1	2	7	2976	1707	123	23	10.228210	ερευνοόµε
5	1	229	1	2	8	3134	1712	30	15	91.884811	να
4	1	229	1	3	0	2454	1736	710	34	-1	
5	1	229	1	3	1	2454	1736	95	23	38.033073	μάθουμε
5	1	229	1	3	2	2562	1742	25	13	85.301300	το
5	1	229	1	3	3	2597	1739	99	22	84.713310	ιστορωιό
5	1	229	1	3	4	2709	1744	46	17	94.008018	του,
5	1	229	1	3	5	2773	1745	43	16	87.805214	την
5	1	229	1	3	6	2833	1741	79	20	17.223511	πλιπίρι
5	1	229	1	3	7	2929	1746	44	24	96.591782	του,
5	1	229	1	3	8	2987	1747	44	16	80.754509	την
5	1	229	1	3	9	3056	1743	108	23	55.991898	ποιότητος
2	1	230	0	0	0	1708	1769	1478	39	-1	
3	1	230	1	0	0	1708	1769	1478	39	-1	
4	1	230	1	1	0	1708	1769	1478	39	-1	
5	1	230	1	1	1	1708	1769	49	28	0.000000	ης
5	1	230	1	1	2	1766	1770	175	30	63.244820	δυσαναλογέα
5	1	230	1	1	3	1948	1775	96	26	50.038651	πορέπει
5	1	230	1	1	4	2054	1784	36	15	78.327965	να
5	1	230	1	1	5	2106	1777	148	28	47.991676	δημιουργεί
5	1	230	1	1	6	2279	1781	146	26	12.530685	ανοισωχήες
5	1	230	1	1	7	2442	1776	56	27	0.000000	|..τ99,
5	1	230	1	1	8	2510	1774	106	30	19.197624	αδελφών
5	1	230	1	1	9	2622	1779	50	24	23.729050	που,
5	1	230	1	1	10	2686	1779	43	16	52.812149	την
5	1	230	1	1	11	2741	1776	66	22	66.632156	υγεία
5	1	230	1	1	12	2818	1782	40	13	93.213097	του
5	1	230	1	1	13	2873	1776	58	19	40.891930	ἴδιου
5	1	230	1	1	14	2946	1782	41	14	3.802505	χρω:
5	1	230	1	1	15	3016	1783	37	25	3.802505	των
5	1	230	1	1	16	3073	1780	86	21	75.454628	γανέων
5	1	230	1	1	17	3183	1788	3	3	51.708492	:
2	1	231	0	0	0	2442	1839	742	661	-1	
3	1	231	1	0	0	2442	1839	742	657	-1	
4	1	231	1	1	0	2452	1839	707	31	-1	
5	1	231	1	1	1	2452	1839	131	23	27.721718	Ἀλοιττόμουτά
5	1	231	1	1	2	2593	1846	40	15	59.156513	που
5	1	231	1	1	3	2648	1842	51	19	54.921703	κά.
5	1	231	1	1	4	2717	1843	88	22	24.723373	Ἐηπόμε
5	1	231	1	1	5	2822	1844	152	26	83.792587	πληροφορίες,
5	1	231	1	1	6	2997	1846	162	23	10.345200	πριροπηρούµει
4	1	231	1	2	0	2451	1875	711	29	-1	
5	1	231	1	2	1	2451	1875	121	23	75.749588	ερευνούµε
5	1	231	1	2	2	2587	1877	49	19	83.181702	κλπ.
5	1	231	1	2	3	2655	1878	61	20	55.254471	Πόσο
5	1	231	1	2	4	2731	1879	144	23	19.947159	περισσότερα
5	1	231	1	2	5	2886	1880	31	17	16.256134	ἄν
5	1	231	1	2	6	2928	1880	114	22	5.816360	πρόνειτοι
5	1	231	1	2	7	3055	1882	39	22	87.737732	γιά
5	1	231	1	2	8	3117	1887	45	16	92.484924	την
4	1	231	1	3	0	2451	1910	710	29	-1	
5	1	231	1	3	1	2451	1910	73	21	80.959526	ὄνωση
5	1	231	1	3	2	2535	1912	41	18	61.607872	δύᾳ
5	1	231	1	3	3	2586	1912	122	23	37.393898	ανθρώπων;
5	1	231	1	3	4	2720	1910	79	26	93.305984	πρέπει
5	1	231	1	3	5	2811	1919	30	14	82.166840	νοι
5	1	231	1	3	6	2851	1915	142	24	30.438965	φροντίζουμε
5	1	231	1	3	7	3007	1922	42	13	89.148109	που
5	1	231	1	3	8	3062	1918	47	20	42.982895	οὐπό
5	1	231	1	3	9	3123	1922	38	14	40.447945	αυ-
4	1	231	1	4	0	2450	1946	673	29	-1	
5	1	231	1	4	1	2450	1946	48	23	92.919373	τούς
5	1	231	1	4	2	2511	1947	28	18	0.000000	ὃα:
5	1	231	1	4	3	2551	1949	124	20	93.278503	γεννηθούν
5	1	231	1	4	4	2687	1950	71	18	66.856651	τένινα
5	1	231	1	4	5	2771	1951	148	22	0.000000	ευτιαχισµένι
5	1	231	1	4	6	2929	1951	14	20	73.569443	ἡ
5	1	231	1	4	7	2954	1952	169	23	23.776268	δυστυχισµέννου:
4	1	231	1	5	0	2475	1987	698	29	-1	
5	1	231	1	5	1	2475	1987	83	18	93.197815	Πολλοί
5	1	231	1	5	2	2573	1988	108	23	34.196884	ὄνξρωποι
5	1	231	1	5	3	2695	1990	42	18	92.029793	δεν
5	1	231	1	5	4	2750	1990	127	19	36.402687	κατονοούν
5	1	231	1	5	5	2888	1991	39	19	82.053215	όσο
5	1	231	1	5	6	2938	1992	80	22	91.883728	πρέπει
5	1	231	1	5	7	3030	1996	42	15	86.755302	τον
5	1	231	1	5	8	3088	1993	72	23	6.332870	ἀραικ-
5	1	231	1	5	9	3171	2004	2	2	63.912128	-
4	1	231	1	6	0	2450	2015	729	35	-1	
5	1	231	1	6	1	2450	2015	145	30	74.361427	τοµικέτητα.
5	1	231	1	6	2	2606	2024	38	19	87.386261	Με
5	1	231	1	6	3	2659	2025	69	18	90.002571	αυτόν
5	1	231	1	6	4	2744	2027	41	17	85.572769	τον
5	1	231	1	6	5	2796	2026	41	23	79.401062	όρα
5	1	231	1	6	6	2848	2027	109	23	57.808693	εννοσύµε
5	1	231	1	6	7	2970	2032	25	14	89.462135	το
5	1	231	1	6	8	3008	2028	82	19	74.439896	σύνολο
5	1	231	1	6	9	3112	2034	47	13	90.674850	των
5	1	231	1	6	10	3175	2031	4	5	64.544273	΄
4	1	231	1	7	0	2449	2060	710	29	-1	
5	1	231	1	7	1	2449	2060	162	23	83.639229	πρεδιαθέσεων
5	1	231	1	7	2	2624	2066	40	15	93.132751	που
5	1	231	1	7	3	2675	2062	79	27	95.090187	φέρνει
5	1	231	1	7	4	2768	2063	57	23	91.874641	µέσα
5	1	231	1	7	5	2834	2068	40	15	93.475227	του
5	1	231	1	7	6	2885	2064	43	22	43.176159	ένο
5	1	231	1	7	7	2940	2064	70	24	74.080994	ἄτομο
5	1	231	1	7	8	3025	2070	42	16	91.458099	που
5	1	231	1	7	9	3082	2071	27	14	83.118027	τα
5	1	231	1	7	10	3119	2062	40	24	38.583023	γά-
4	1	231	1	8	0	2448	2098	711	29	-1	
5	1	231	1	8	1	2448	2101	55	14	87.718872	νουν
5	1	231	1	8	2	2519	2101	30	15	86.655357	να
5	1	231	1	8	3	2559	2098	61	21	22.691109	είναι
5	1	231	1	8	4	2636	2099	141	24	42.362782	δικφορεπυιό
5	1	231	1	8	5	2794	2101	43	19	96.585190	από
5	1	231	1	8	6	2849	2105	28	14	96.305717	τα
5	1	231	1	8	7	2888	2101	59	19	51.510155	άλλα
5	1	231	1	8	8	2959	2102	77	23	31.825531	άτοµα.
5	1	231	1	8	9	3050	2103	36	19	39.837872	Αν
5	1	231	1	8	10	3098	2103	61	24	0.000000	τώρρέ
4	1	231	1	9	0	2449	2133	709	30	-1	
5	1	231	1	9	1	2449	2133	42	20	62.213356	ένα
5	1	231	1	9	2	2508	2134	69	23	66.484856	άτομο
5	1	231	1	9	3	2587	2135	50	23	90.640945	έχει
5	1	231	1	9	4	2655	2136	132	23	95.201851	κατορθώσει
5	1	231	1	9	5	2805	2142	30	17	92.506111	να
5	1	231	1	9	6	2851	2138	93	23	75.209351	εξελίδει
5	1	231	1	9	7	2958	2128	33	39	85.498169	τις
5	1	231	1	9	8	3000	2135	158	28	0.000000	προδιαβέσεις
4	1	231	1	10	0	2446	2171	709	27	-1	
5	1	231	1	10	1	2446	2174	39	13	90.881256	του
5	1	231	1	10	2	2500	2175	24	13	95.688019	σε
5	1	231	1	10	3	2542	2171	106	23	87.485550	ιδιότητες
5	1	231	1	10	4	2664	2177	30	17	94.581322	µε
5	1	231	1	10	5	2705	2177	30	18	91.946014	τις
5	1	231	1	10	6	2746	2173	73	23	68.439224	οποίες
5	1	231	1	10	7	2832	2174	63	21	85.566551	έγινε
5	1	231	1	10	8	2910	2175	66	17	56.634998	υιανὸ
5	1	231	1	10	9	2988	2178	31	15	33.788208	νο
5	1	231	1	10	10	3032	2176	123	22	0.000000	πρθογόέγει
4	1	231	1	11	0	2446	2206	708	29	-1	
5	1	231	1	11	1	2446	2210	28	15	93.256065	τος
5	1	231	1	11	2	2484	2206	139	19	11.004471	πολισιστικό:
5	1	231	1	11	3	2637	2208	73	22	45.383415	ογαθά
5	1	231	1	11	4	2724	2213	37	18	89.551346	της
5	1	231	1	11	5	2778	2209	117	22	44.693638	ποινωνίας
5	1	231	1	11	6	2908	2209	39	23	89.325867	µές
5	1	231	1	11	7	2960	2214	57	17	37.109482	ατην
5	1	231	1	11	8	3031	2207	66	23	89.553726	οποία
5	1	231	1	11	9	3116	2212	38	23	96.408882	ζει,
4	1	231	1	12	0	2445	2241	700	32	-1	
5	1	231	1	12	1	2445	2241	51	21	87.594543	τάτε
5	1	231	1	12	2	2508	2242	57	22	70.008392	λέμε
5	1	231	1	12	3	2576	2247	41	18	95.875984	πως
5	1	231	1	12	4	2631	2246	27	15	78.259628	το
5	1	231	1	12	5	2668	2244	69	29	34.531219	άποµο
5	1	231	1	12	6	2746	2244	54	20	61.850590	ουωτό
5	1	231	1	12	7	2812	2245	59	18	51.439789	είναι
5	1	231	1	12	8	2900	2245	41	22	17.025955	μίρ
5	1	231	1	12	9	2955	2246	190	23	46.040611	προσωπιοόπτήτος:
4	1	231	1	13	0	2470	2280	714	36	-1	
5	1	231	1	13	1	2470	2283	213	25	33.802223	Παρροιολουθώνπας
5	1	231	1	13	2	2703	2286	75	23	48.040283	πανείς
5	1	231	1	13	3	2798	2286	77	23	10.935989	οὐωτούς
5	1	231	1	13	4	2894	2275	49	45	18.517570	τους
5	1	231	1	13	5	2951	2280	153	31	25.829285	περίσελονους
5	1	231	1	13	6	3116	2292	50	24	0.000000	µη-
4	1	231	1	14	0	2444	2316	709	31	-1	
5	1	231	1	14	1	2444	2320	118	22	49.235573	Χπινισμούς
5	1	231	1	14	2	2574	2324	44	15	96.737602	των
5	1	231	1	14	3	2630	2321	104	22	95.647354	οργάνων
5	1	231	1	14	4	2746	2326	27	18	96.193031	µε
5	1	231	1	14	5	2786	2326	28	17	87.153587	το
5	1	231	1	14	6	2824	2322	67	21	83.639427	οποία
5	1	231	1	14	7	2901	2327	14	13	60.938866	ο
5	1	231	1	14	8	2931	2322	56	23	93.271568	Θεός
5	1	231	1	14	9	3004	2316	149	31	65.689903	προδιέγραφε
4	1	231	1	15	0	2444	2356	710	25	-1	
5	1	231	1	15	1	2444	2359	42	16	92.351982	την
5	1	231	1	15	2	2499	2356	121	23	60.978924	ποιρογωγή:
5	1	231	1	15	3	2634	2361	37	18	96.778381	της
5	1	231	1	15	4	2687	2357	52	23	93.525742	νέος
5	1	231	1	15	5	2754	2358	53	22	96.374107	ζωής
5	1	231	1	15	6	2820	2358	41	19	67.305344	δεν.
5	1	231	1	15	7	2871	2358	78	23	88.168381	µπορεί
5	1	231	1	15	8	2962	2358	60	23	48.915638	παρά
5	1	231	1	15	9	3034	2363	29	16	91.881805	νο
5	1	231	1	15	10	3076	2357	78	22	74.617264	αισθον
4	1	231	1	16	0	2442	2390	709	29	-1	
5	1	231	1	16	1	2442	2390	32	17	32.462860	8εί
5	1	231	1	16	2	2488	2390	49	23	96.198311	δέος
5	1	231	1	16	3	2550	2395	36	15	30.821106	καὶ
5	1	231	1	16	4	2601	2392	112	23	54.320694	θαυμασμό
5	1	231	1	16	5	2726	2398	39	17	69.432220	για
5	1	231	1	16	6	2779	2398	27	15	93.827553	τη
5	1	231	1	16	7	2818	2393	66	23	90.280701	σοφία
5	1	231	1	16	8	2896	2397	39	19	96.022324	της
5	1	231	1	16	9	2952	2394	143	25	70.819977	δημιουργίας
5	1	231	1	16	10	3112	2401	39	13	44.998852	νιοι
4	1	231	1	17	0	2442	2426	639	32	-1	
5	1	231	1	17	1	2442	2430	38	15	93.276360	του
5	1	231	1	17	2	2494	2426	143	23	73.327057	Δημιουργού.
5	1	231	1	17	3	2657	2428	3	11	43.737354	|
5	1	231	1	17	4	2716	2428	3	2	0.000000	:
5	1	231	1	17	5	2832	2454	2	4	0.000000	ι
5	1	231	1	17	6	2885	2438	2	2	5.235741	:
5	1	231	1	17	7	2979	2440	22	14	16.880119	..
5	1	231	1	17	8	3079	2443	2	2	0.000000	:
4	1	231	1	18	0	2567	2460	462	40	-1	
5	1	231	1	18	1	2567	2462	236	24	66.233673	ΕΠΑΜΕΙΝΩΝΔΑΣ
5	1	231	1	18	2	2813	2465	26	18	88.932648	Δ.
5	1	231	1	18	3	2849	2460	180	40	24.973694	ΚΑΦΕΝΤΖΗΣ
2	1	232	0	0	0	2444	2508	720	122	-1	
3	1	232	1	0	0	2444	2508	720	122	-1	
4	1	232	1	1	0	2444	2508	720	122	-1	
5	1	232	1	1	1	2444	2515	281	114	0.000000	Ανοικιδύμη
5	1	232	1	1	2	2763	2515	76	114	0.000000	ᾱ.
5	1	232	1	1	3	2836	2508	328	122	0.000000	λπππλώσεις,
2	1	233	0	0	0	2428	2639	743	782	-1	
3	1	233	1	0	0	2440	2639	731	101	-1	
4	1	233	1	1	0	2462	2639	702	36	-1	
5	1	233	1	1	1	2462	2639	181	27	48.313255	Συνιεχάξονται
5	1	233	1	1	2	2656	2648	24	13	77.928856	οι
5	1	233	1	1	3	2694	2642	190	25	17.409142	αμασπτημλώσεις
5	1	233	1	1	4	2896	2647	47	17	0.000000	οσο
5	1	233	1	1	5	2956	2642	143	27	0.000000	Ἰεωργίτοι
5	1	233	1	1	6	3118	2650	31	19	79.038330	µε
5	1	233	1	1	7	3161	2639	3	36	0.000000	ι
4	1	233	1	2	0	2440	2674	731	31	-1	
5	1	233	1	2	1	2440	2674	137	26	30.458351	συψερφιεύα
5	1	233	1	2	2	2589	2681	54	14	64.543732	τω»
5	1	233	1	2	3	2661	2675	70	27	95.922935	γύρω
5	1	233	1	2	4	2745	2676	104	27	55.662170	χωριών
5	1	233	1	2	5	2863	2682	48	17	1.740761	ρααα
5	1	233	1	2	6	2922	2676	52	22	35.180428	από
5	1	233	1	2	7	2986	2683	37	20	89.318306	τη
5	1	233	1	2	8	3033	2676	120	29	5.626724	υιάριηῃ».
5	1	233	1	2	9	3169	2697	2	4	3.760635	.
4	1	233	1	3	0	2444	2707	715	33	-1	
5	1	233	1	3	1	2444	2707	87	27	0.000000	΄Εηγωνε
5	1	233	1	3	2	2545	2710	187	26	3.064156	"αναροεράµωση
5	1	233	1	3	3	2744	2717	47	20	91.194916	της
5	1	233	1	3	4	2808	2710	172	27	30.557236	Ὑπανανπής..
5	1	233	1	3	5	3157	2728	2	7	0.000000	᾿
3	1	233	2	0	0	2439	2742	707	67	-1	
4	1	233	2	1	0	2470	2742	676	31	-1	
5	1	233	2	1	1	2470	2744	19	19	64.742874	9
5	1	233	2	1	2	2512	2742	32	23	92.140564	Οι
5	1	233	2	1	3	2559	2743	71	27	45.809731	ἄφοι
5	1	233	2	1	4	2643	2744	48	21	82.884499	Σσ.
5	1	233	2	1	5	2708	2744	130	28	0.000000	Διαμαντή!
5	1	233	2	1	6	2854	2745	204	28	22.531227	ιανεωκακάσταση
5	1	233	2	1	7	3093	2746	53	22	12.975845	Ἅπιέ-
4	1	233	2	2	0	2439	2777	682	32	-1	
5	1	233	2	2	1	2439	2785	55	20	89.915733	γης,
5	1	233	2	2	2	2512	2779	87	28	26.949272	γενιωαή
5	1	233	2	2	3	2614	2780	147	27	0.000000	αφιαριαύνεση
5	1	233	2	2	4	2777	2788	44	14	25.172997	2ιαι
5	1	233	2	2	5	2832	2777	223	32	0.000000	εὐωσιγχιοοπιόμὀ.
5	1	233	2	2	6	3118	2782	3	3	0.000000	ι
3	1	233	3	0	0	2436	2812	718	103	-1	
4	1	233	3	1	0	2464	2812	683	33	-1	
5	1	233	3	1	1	2464	2816	18	18	86.465279	9
5	1	233	3	1	2	2499	2814	22	22	89.918076	Ο
5	1	233	3	1	3	2534	2814	119	29	93.301117	Θανάσης
5	1	233	3	1	4	2666	2815	35	22	90.386932	Π.
5	1	233	3	1	5	2718	2815	146	29	22.706566	Γωάνναρης
5	1	233	3	1	6	2877	2823	51	15	71.941406	σίαυ
5	1	233	3	1	7	2939	2812	64	33	93.863937	ήρθε
5	1	233	3	1	8	3014	2819	30	19	96.760681	το
5	1	233	3	1	9	3052	2817	95	28	95.935135	Πάσχα
4	1	233	3	2	0	2438	2848	714	33	-1	
5	1	233	3	2	1	2438	2850	47	22	42.380508	από
5	1	233	3	2	2	2495	2850	123	28	23.344383	Αμερική,
5	1	233	3	2	3	2631	2851	73	22	49.135288	κάνει
5	1	233	3	2	4	2715	2848	91	31	13.635712	γενιωυή
5	1	233	3	2	5	2815	2850	212	30	0.000000	ἀναναάένισηῃ
5	1	233	3	2	6	2977	2844	49	41	55.204769	«στο
5	1	233	3	2	7	3039	2852	113	29	0.000000	συαριωοό
4	1	233	3	3	0	2436	2886	718	29	-1	
5	1	233	3	3	1	2436	2892	56	15	87.381592	του.
5	1	233	3	3	2	2503	2886	101	28	41.211166	Επίσης
5	1	233	3	3	3	2616	2894	14	14	92.229156	ο
5	1	233	3	3	4	2639	2886	173	29	0.000000	ΙΠαναγιώπης
5	1	233	3	3	5	2824	2884	142	31	21.762810	ΠΠερδώσης.
5	1	233	3	3	6	3152	2897	2	2	74.612350	:
3	1	233	4	0	0	2433	2921	711	106	-1	
4	1	233	4	1	0	2464	2921	680	29	-1	
5	1	233	4	1	1	2464	2921	22	22	64.892479	8
5	1	233	4	1	2	2507	2922	93	24	70.472572	Αλλαγὴ
5	1	233	4	1	3	2617	2922	78	25	94.688446	στέγης
5	1	233	4	1	4	2712	2928	38	14	94.228897	του
5	1	233	4	1	5	2770	2924	83	19	76.958229	σπιτιού
5	1	233	4	1	6	2867	2923	59	20	79.324112	Ἡλία
5	1	233	4	1	7	2944	2924	41	23	88.610062	Χρ.
5	1	233	4	1	8	2999	2924	91	26	3.505905	Μπονιὴ
5	1	233	4	1	9	3104	2930	40	16	92.137955	στη
4	1	233	4	2	0	2435	2960	651	26	-1	
5	1	233	4	2	1	2435	2960	69	24	17.855301	Ράχη.
5	1	233	4	2	2	2823	2982	3	4	0.000000	,
5	1	233	4	2	3	2939	2977	2	2	51.700317	:
5	1	233	4	2	4	3044	2971	42	15	47.257141	..
4	1	233	4	3	0	2433	2998	638	29	-1	
5	1	233	4	3	1	2433	2998	77	27	5.939270	Λέρος
5	1	233	4	3	2	2522	2998	148	29	14.597733	Ἰιαμσσέρης,
5	1	233	4	3	3	2687	3007	43	14	95.760391	του
5	1	233	4	3	4	2744	3000	73	22	90.139709	κάνει
5	1	233	4	3	5	2830	2999	89	28	35.063522	γεωαή
5	1	233	4	3	6	2940	3000	131	27	19.286308	εσισνοδυή.
3	1	233	5	0	0	2433	3034	711	65	-1	
4	1	233	5	1	0	2466	3034	678	29	-1	
5	1	233	5	1	1	2466	3035	18	19	83.433418	9
5	1	233	5	1	2	2501	3034	37	21	51.841885	Το
5	1	233	5	1	3	2550	3035	67	22	37.912861	συΐτι
5	1	233	5	1	4	2630	3043	46	15	96.333122	του
5	1	233	5	1	5	2688	3035	48	28	45.369629	«Αρ.
5	1	233	5	1	6	2753	3036	35	21	84.547272	Κ.
5	1	233	5	1	7	2802	3034	181	28	55.719612	Σκρουµσέλου
5	1	233	5	1	8	2994	3043	30	15	96.900131	το
5	1	233	5	1	9	3036	3036	108	27	96.130196	αγόρασε
4	1	233	5	2	0	2433	3070	640	29	-1	
5	1	233	5	2	1	2433	3077	15	19	0.000000	{
5	1	233	5	2	2	2464	3070	63	27	1.465302	όρη
5	1	233	5	2	3	2536	3078	45	13	83.124962	του
5	1	233	5	2	4	2595	3070	30	22	93.105255	4.
5	1	233	5	2	5	2640	3071	169	28	24.775536	Νιωιολιαρεάρωῃ
5	1	233	5	2	6	2820	3079	44	13	0.000000	20α..
5	1	233	5	2	7	2874	3078	31	14	85.840897	πο
5	1	233	5	2	8	2923	3071	150	28	25.635750	φριεονοάριει».
3	1	233	6	0	0	2466	3106	547	29	-1	
4	1	233	6	1	0	2466	3106	547	29	-1	
5	1	233	6	1	1	2466	3107	18	19	4.276894	ϐ
5	1	233	6	1	2	2503	3106	102	29	81.093628	ΑΛλαγή
5	1	233	6	1	3	2621	3107	93	28	0.000000	σαέγης
5	1	233	6	1	4	2726	3114	43	15	93.278412	του
5	1	233	6	1	5	2785	3107	32	21	11.067337	.Ε.
5	1	233	6	1	6	2836	3106	177	29	37.856297	Νιωκολαροάνω).
3	1	233	7	0	0	2431	3139	712	103	-1	
4	1	233	7	1	0	2466	3139	677	31	-1	
5	1	233	7	1	1	2466	3142	18	19	44.281181	9
5	1	233	7	1	2	2499	3142	158	28	13.674080	Ανωιαίνιση
5	1	233	7	1	3	2667	3149	44	15	95.104431	του
5	1	233	7	1	4	2719	3143	50	21	89.797012	ΗΛ.
5	1	233	7	1	5	2781	3142	32	22	91.744118	Χ.
5	1	233	7	1	6	2831	3142	95	28	88.042320	Τούχλη
5	1	233	7	1	7	2942	3149	43	14	85.876160	και
5	1	233	7	1	8	2994	3142	35	22	85.876160	Π.
5	1	233	7	1	9	3043	3142	32	22	89.137695	Ν.
5	1	233	7	1	10	3092	3139	51	25	81.501740	Τοε
4	1	233	7	2	0	2431	3178	710	28	-1	
5	1	233	7	2	1	2431	3178	78	26	50.750294	θωπίά.
5	1	233	7	2	2	2524	3178	35	21	38.620495	Σε
5	1	233	7	2	3	2578	3178	99	27	85.337952	εξέλιξη
5	1	233	7	2	4	2693	3185	31	15	80.348534	τια
5	1	233	7	2	5	2736	3178	141	26	7.363098	νεόγπµσπα,
5	1	233	7	2	6	2895	3178	38	21	51.508476	Π.
5	1	233	7	2	7	2955	3178	35	21	82.326111	Η.
5	1	233	7	2	8	3006	3178	135	28	47.915863	Ππολάνη,
4	1	233	7	3	0	2431	3212	682	30	-1	
5	1	233	7	3	1	2431	3212	67	23	0.000000	Ηλία
5	1	233	7	3	2	2508	3214	109	27	28.574890	ἠΜπαρή,
5	1	233	7	3	3	2632	3214	31	21	21.070641	Ἡ..
5	1	233	7	3	4	2680	3214	129	28	46.496349	Δαρθύρη,
5	1	233	7	3	5	2824	3214	31	22	53.999447	1.
5	1	233	7	3	6	2874	3213	148	28	0.000000	Γιάνναρη..
3	1	233	8	0	0	2428	3248	715	173	-1	
4	1	233	8	1	0	2458	3248	685	35	-1	
5	1	233	8	1	1	2458	3250	18	19	95.559540	9
5	1	233	8	1	2	2495	3249	32	22	82.809341	Οι
5	1	233	8	1	3	2540	3249	73	22	93.295464	Κων.
5	1	233	8	1	4	2632	3249	135	28	26.710892	ἸΜανιάπης
5	1	233	8	1	5	2786	3250	43	21	0.000000	αι
5	1	233	8	1	6	2846	3248	113	28	59.468948	Γιάννης
5	1	233	8	1	7	2972	3249	27	22	4.908035	Ι..
5	1	233	8	1	8	3001	3249	142	34	0.000000	ΙΓναλέναας
4	1	233	8	2	0	2430	3285	711	28	-1	
5	1	233	8	2	1	2430	3292	49	14	46.224106	σσου
5	1	233	8	2	2	2492	3285	180	27	34.591431	αγωνήστηνεαν
5	1	233	8	2	3	2683	3285	65	22	31.476028	σεοΛύ
5	1	233	8	2	4	2760	3293	78	20	49.987064	µιε.τη
5	1	233	8	2	5	2856	3285	134	28	29.943466	μεπιαφορά
5	1	233	8	2	6	3025	3294	52	13	93.149658	των
5	1	233	8	2	7	3091	3285	50	22	75.663528	υλι-
4	1	233	8	3	0	2430	3320	710	29	-1	
5	1	233	8	3	1	2430	3320	63	27	74.096085	κών,
5	1	233	8	3	2	2507	3320	109	29	57.523804	σύνποµα
5	1	233	8	3	3	2627	3320	32	22	46.459431	θα
5	1	233	8	3	4	2669	3327	80	22	75.266693	µσύουν
5	1	233	8	3	5	2760	3320	35	22	46.372982	Ίσε
5	1	233	8	3	6	2807	3320	63	28	74.741821	δωσή
5	1	233	8	3	7	2880	3327	61	21	86.378685	τους
5	1	233	8	3	8	2952	3320	87	29	0.000000	οπσέγη,
5	1	233	8	3	9	3050	3329	32	14	53.781860	να
5	1	233	8	3	10	3091	3329	49	15	12.339211	ασυο
4	1	233	8	4	0	2428	3354	714	31	-1	
5	1	233	8	4	1	2428	3355	144	29	64.552704	Ἄαμθάνουν
5	1	233	8	4	2	2580	3350	34	40	53.519901	τα
5	1	233	8	4	3	2620	3354	117	30	0.000000	αηδώιύα
5	1	233	8	4	4	2748	3350	40	40	58.501720	οἵτο
5	1	233	8	4	5	2800	3350	105	40	8.573883	σιλούσιο
5	1	233	8	4	6	2919	3356	109	29	38.497673	σεράοινο
5	1	233	8	4	7	3040	3364	44	14	0.000000	ουαι
5	1	233	8	4	8	3098	3364	44	15	82.146637	τον
4	1	233	8	5	0	2430	3391	641	30	-1	
5	1	233	8	5	1	2430	3391	125	30	13.930092	απέραντο
5	1	233	8	5	2	2567	3392	122	28	0.000000	ορήξοπήτα.
5	1	233	8	5	3	2803	3398	81	13	36.016617	 “ἑ
5	1	233	8	5	4	2954	3407	2	2	0.000000	-
5	1	233	8	5	5	3068	3410	3	2	6.750092	:
2	1	234	0	0	0	2452	2507	381	10	-1	
3	1	234	1	0	0	2452	2507	381	10	-1	
4	1	234	1	1	0	2452	2507	381	10	-1	
5	1	234	1	1	1	2452	2507	381	10	95.000000	 
2	1	235	0	0	0	2834	2512	303	7	-1	
3	1	235	1	0	0	2834	2512	303	7	-1	
4	1	235	1	1	0	2834	2512	303	7	-1	
5	1	235	1	1	1	2834	2512	303	7	95.000000	 
