level	page_num	block_num	par_num	line_num	word_num	left	top	width	height	conf	text
1	1	0	0	0	0	0	0	2582	3588	-1	
2	1	1	0	0	0	166	53	1445	31	-1	
3	1	1	1	0	0	166	53	1445	31	-1	
4	1	1	1	1	0	166	53	1445	31	-1	
5	1	1	1	1	1	166	53	1445	31	95.000000	 
2	1	2	0	0	0	260	2757	425	30	-1	
3	1	2	1	0	0	260	2757	425	30	-1	
4	1	2	1	1	0	260	2757	425	30	-1	
5	1	2	1	1	1	260	2766	101	21	0.000000	Ὅποσητσσῃ
5	1	2	1	1	2	373	2761	73	25	0.000000	μηγημρῃ
5	1	2	1	1	3	463	2766	38	19	69.972321	τῆς
5	1	2	1	1	4	510	2759	99	25	0.000000	Ἱνηπέρας
5	1	2	1	1	5	626	2757	59	25	37.932571	της:
2	1	3	0	0	0	1326	58	71	14	-1	
3	1	3	1	0	0	1326	58	71	14	-1	
4	1	3	1	1	0	1326	58	71	14	-1	
5	1	3	1	1	1	1326	58	71	14	95.000000	 
2	1	4	0	0	0	293	181	207	27	-1	
3	1	4	1	0	0	293	181	207	27	-1	
4	1	4	1	1	0	293	181	207	27	-1	
5	1	4	1	1	1	293	186	38	22	92.914497	το
5	1	4	1	1	2	348	181	152	25	70.327332	ΤΕΩΡΓΙΤΣΙ
2	1	5	0	0	0	1024	223	725	102	-1	
3	1	5	1	0	0	1024	223	725	102	-1	
4	1	5	1	1	0	1024	223	725	102	-1	
5	1	5	1	1	1	1024	256	240	69	0.000000	Πομππύρον
5	1	5	1	1	2	1289	223	74	96	43.026657	µας;
5	1	5	1	1	3	1401	244	135	41	0.000000	εσο
5	1	5	1	1	4	1555	239	165	51	0.000000	ΕΕΣ
5	1	5	1	1	5	1741	259	8	56	88.952644	|
2	1	6	0	0	0	1515	306	95	7	-1	
3	1	6	1	0	0	1515	306	95	7	-1	
4	1	6	1	1	0	1515	306	95	7	-1	
5	1	6	1	1	1	1515	306	95	7	22.672485	ο
2	1	7	0	0	0	363	268	201	55	-1	
3	1	7	1	0	0	363	268	201	55	-1	
4	1	7	1	1	0	363	268	201	55	-1	
5	1	7	1	1	1	363	268	201	55	42.189056	ΣΙΤΧΙΡΗΤΗΡΙ
2	1	8	0	0	0	276	358	375	688	-1	
3	1	8	1	0	0	276	358	369	281	-1	
4	1	8	1	1	0	313	358	327	31	-1	
5	1	8	1	1	1	313	363	53	21	27.883957	Στον
5	1	8	1	1	2	382	361	99	28	23.149597	αγαπητὸ
5	1	8	1	1	3	494	366	40	21	87.033066	µου
5	1	8	1	1	4	560	358	80	27	49.053455	αγηφιὸ
4	1	8	1	2	0	285	394	355	31	-1	
5	1	8	1	2	1	285	398	57	22	90.488152	Ἠλία
5	1	8	1	2	2	358	396	103	29	55.062061	Κων)νου
5	1	8	1	2	3	484	394	87	27	79.869354	Αλούπη
5	1	8	1	2	4	600	400	40	14	95.439049	που
4	1	8	1	3	0	284	429	358	32	-1	
5	1	8	1	3	1	284	434	55	27	59.054367	πήρε
5	1	8	1	3	2	354	440	23	14	92.284966	το
5	1	8	1	3	3	392	432	75	27	82.461456	πτυχίο
5	1	8	1	3	4	496	437	39	20	92.865746	της
5	1	8	1	3	5	562	429	80	28	40.769810	αχολής
4	1	8	1	4	0	284	463	359	34	-1	
5	1	8	1	4	1	284	469	103	28	77.784019	Χημικών
5	1	8	1	4	2	402	466	132	28	70.119125	Μηχανικών
5	1	8	1	4	3	550	472	37	13	90.750854	του
5	1	8	1	4	4	600	463	43	22	92.953232	Με-
4	1	8	1	5	0	287	499	357	34	-1	
5	1	8	1	5	1	287	504	83	29	6.019501	τσοβίου
5	1	8	1	5	2	387	501	170	28	0.000000	Πολυτεχνείου,
5	1	8	1	5	3	565	499	79	28	78.377174	εκφρά-
4	1	8	1	6	0	276	534	369	32	-1	
5	1	8	1	6	1	276	540	41	26	32.997635	ζω
5	1	8	1	6	2	332	546	26	14	85.449699	πα
5	1	8	1	6	3	376	538	67	28	78.518318	θερμά
5	1	8	1	6	4	453	544	41	21	92.343826	µου
5	1	8	1	6	5	511	534	134	29	54.501209	συγχαρητή-
4	1	8	1	7	0	288	570	357	34	-1	
5	1	8	1	7	1	288	583	36	21	0.000000	ρυα.
5	1	8	1	7	2	336	582	37	14	24.967155	κα
5	1	8	1	7	3	384	581	37	14	82.365822	που
5	1	8	1	7	4	432	574	91	27	23.018288	εὖχομαι
5	1	8	1	7	5	535	570	56	28	76.097305	παλή
5	1	8	1	7	6	604	577	41	15	71.032181	στο,
4	1	8	1	8	0	290	605	116	34	-1	
5	1	8	1	8	1	290	605	116	34	43.497330	διοδρομία.
3	1	8	2	0	0	290	642	358	168	-1	
4	1	8	2	1	0	317	642	328	29	-1	
5	1	8	2	1	1	317	646	41	22	34.896118	Τμα
5	1	8	2	1	2	369	652	37	16	91.901115	ταν
5	1	8	2	1	3	419	644	41	21	79.356018	ἶδυο
5	1	8	2	1	4	472	644	54	27	94.729927	λόγο
5	1	8	2	1	5	536	642	109	27	72.708794	συγχαίρω
4	1	8	2	2	0	290	676	357	33	-1	
5	1	8	2	2	1	290	682	74	27	61.438816	επίσης
5	1	8	2	2	2	377	688	36	14	85.469170	και
5	1	8	2	2	3	430	687	26	20	65.922806	τη
5	1	8	2	2	4	475	678	120	22	45.800190	δεσποινΐδα
5	1	8	2	2	5	607	676	40	22	33.889969	Όνυ-
4	1	8	2	3	0	291	713	357	33	-1	
5	1	8	2	3	1	291	718	63	28	12.121468	ρανία,
5	1	8	2	3	2	367	716	114	23	11.793449	Τσούσσια,
5	1	8	2	3	3	493	713	155	29	46.352406	συµφοιτήτρια
4	1	8	2	4	0	290	748	357	32	-1	
5	1	8	2	4	1	290	760	36	15	57.063522	και
5	1	8	2	4	2	340	752	80	28	25.673225	μνηστῆ
5	1	8	2	4	3	431	757	38	16	93.279343	του
5	1	8	2	4	4	483	748	112	29	71.830330	αγαπητοῦ
5	1	8	2	4	5	608	754	39	22	59.376125	µου
4	1	8	2	5	0	293	783	327	38	-1	
5	1	8	2	5	1	293	783	65	38	51.764526	Ἠλίν.
5	1	8	2	5	2	618	800	2	2	11.600304	ἳ
3	1	8	3	0	0	294	822	357	136	-1	
4	1	8	3	1	0	322	822	316	29	-1	
5	1	8	3	1	1	322	823	76	28	63.756786	Ακόμη
5	1	8	3	1	2	414	822	90	27	0.000000	εὐχομκι
5	1	8	3	1	3	520	827	37	15	56.930794	αι
5	1	8	3	1	4	586	826	52	14	0.000000	'σσου.
4	1	8	3	2	0	294	856	356	31	-1	
5	1	8	3	2	1	294	860	37	21	86.964897	δύο
5	1	8	3	2	2	345	859	114	28	44.097054	γρήγορη.
5	1	8	3	2	3	475	856	175	25	42.552967	αποκατάσταση,
4	1	8	3	3	0	294	890	357	33	-1	
5	1	8	3	3	1	294	895	116	28	93.184021	ευχάριστη
5	1	8	3	3	2	440	892	103	28	88.414619	διαβίωση
5	1	8	3	3	3	569	890	82	29	6.707458	γεμάτη
4	1	8	3	4	0	295	929	202	29	-1	
5	1	8	3	4	1	295	931	62	27	91.958740	υγεία
5	1	8	3	4	2	367	937	36	14	66.275970	και
5	1	8	3	4	3	414	929	83	27	80.896027	ευρήνη.
3	1	8	4	0	0	304	964	343	82	-1	
4	1	8	4	1	0	337	964	213	28	-1	
5	1	8	4	1	1	337	989	10	3	45.673515	.
5	1	8	4	1	2	403	964	20	21	86.752945	Ἡ
5	1	8	4	1	3	439	964	49	20	84.949364	θεία
5	1	8	4	1	4	501	968	49	19	94.758125	τους
4	1	8	4	2	0	348	996	259	28	-1	
5	1	8	4	2	1	348	998	96	23	84.726532	Αντωνία
5	1	8	4	2	2	455	997	25	22	0.000000	Ῥ.
5	1	8	4	2	3	491	996	116	28	54.752975	Κουρεμπή
4	1	8	4	3	0	304	1030	343	16	-1	
5	1	8	4	3	1	300	1026	78	24	24.832703	οσο
5	1	8	4	3	2	420	1026	86	24	0.000000	οσο
5	1	8	4	3	3	526	1026	124	24	0.000000	σου
2	1	9	0	0	0	309	1065	340	97	-1	
3	1	9	1	0	0	309	1065	340	97	-1	
4	1	9	1	1	0	348	1065	254	42	-1	
5	1	9	1	1	1	348	1069	35	38	0.000000	19
5	1	9	1	1	2	403	1066	147	40	16.219978	ΜΙΣΟΡΡΛΧΙ
5	1	9	1	1	3	568	1065	34	38	0.000000	9
4	1	9	1	2	0	309	1118	340	44	-1	
5	1	9	1	2	1	309	1122	136	40	39.914555	ΦΥΤΕΥΒΕΙ
5	1	9	1	2	2	452	1121	41	38	93.108749	ΜΕ
5	1	9	1	2	3	504	1118	145	41	39.509434	ΚΛΣΙΛΝΙΕΣ
2	1	10	0	0	0	432	1182	97	8	-1	
3	1	10	1	0	0	432	1182	97	8	-1	
4	1	10	1	1	0	432	1182	97	8	-1	
5	1	10	1	1	1	432	1182	97	8	22.595139	ο]
2	1	11	0	0	0	658	264	344	71	-1	
3	1	11	1	0	0	658	264	344	71	-1	
4	1	11	1	1	0	658	264	344	71	-1	
5	1	11	1	1	1	658	267	51	59	67.310898	Το
5	1	11	1	1	2	730	264	165	71	0.000000	ΜΗΠΗΕΙ8
5	1	11	1	1	3	915	272	87	47	43.523098	ΤΝ
2	1	12	0	0	0	290	375	1480	1592	-1	
3	1	12	1	0	0	669	375	713	890	-1	
4	1	12	1	1	0	969	375	399	36	-1	
5	1	12	1	1	1	969	376	29	35	19.829102	ςἆ
5	1	12	1	1	2	1011	390	40	21	94.455978	µας
5	1	12	1	1	3	1066	382	54	21	93.305626	εἶναι
5	1	12	1	1	4	1135	380	70	27	87.302391	ἔτοιμο
5	1	12	1	1	5	1220	384	37	13	13.277672	Ἆπι
5	1	12	1	1	6	1282	375	86	26	0.000000	ολοσχε-
4	1	12	1	2	0	1013	405	355	41	-1	
5	1	12	1	2	1	1013	419	41	27	75.830589	ρῶς
5	1	12	1	2	2	1068	414	130	30	76.241592	εξοφληµένα
5	1	12	1	2	3	1214	420	25	20	79.302155	µε
5	1	12	1	2	4	1272	405	96	37	92.871117	600.000
4	1	12	1	3	0	985	444	384	41	-1	
5	1	12	1	3	1	985	482	5	3	0.000000	τ.
5	1	12	1	3	2	1013	454	48	27	61.937923	δρχ.
5	1	12	1	3	3	1075	452	41	21	71.485107	απὀ
5	1	12	1	3	4	1128	458	23	13	96.213623	το
5	1	12	1	3	5	1161	445	113	30	0.000000	καλοκαίρι
5	1	12	1	3	6	1285	453	37	15	86.500648	του
5	1	12	1	3	7	1333	444	36	21	43.582108	'86
4	1	12	1	4	0	964	483	405	37	-1	
5	1	12	1	4	1	964	488	36	32	0.000000	-ωά
5	1	12	1	4	2	1013	490	57	27	29.641510	µένθι
5	1	12	1	4	3	1089	488	23	20	79.884865	ὃε
5	1	12	1	4	4	1129	493	36	14	96.653694	στο
5	1	12	1	4	5	1184	483	115	30	1.003433	εργαστήρι
5	1	12	1	4	6	1332	486	37	15	61.211926	ου
4	1	12	1	5	0	980	516	390	37	-1	
5	1	12	1	5	1	980	519	2	2	1.760864	'
5	1	12	1	5	2	993	547	7	6	27.034996	α
5	1	12	1	5	3	1013	524	92	27	16.930237	γλύπτου
5	1	12	1	5	4	1121	520	122	29	22.552391	Πραξιτέλη
5	1	12	1	5	5	1257	516	113	27	23.491959	Τζανουλί-
4	1	12	1	6	0	990	547	381	44	-1	
5	1	12	1	6	1	990	567	69	24	6.509590	 γου,
5	1	12	1	6	2	1076	558	142	27	16.971069	αγομένοντας
5	1	12	1	6	3	1231	561	27	16	76.084732	νὰ
5	1	12	1	6	4	1288	547	83	37	0.000000	διανορ-
4	1	12	1	7	0	989	590	382	33	-1	
5	1	12	1	7	1	989	590	13	5	0.000000	ἡ
5	1	12	1	7	2	1015	594	66	29	15.838554	φωθεὶ
5	1	12	1	7	3	1095	602	11	13	93.208405	ο
5	1	12	1	7	4	1119	591	116	24	6.237595	κουνοπιώς
5	1	12	1	7	5	1249	590	71	27	93.289307	χώρος
5	1	12	1	7	6	1333	593	38	15	33.466263	κον
4	1	12	1	8	0	1016	621	356	34	-1	
5	1	12	1	8	1	1016	632	26	20	87.668686	τὰ
5	1	12	1	8	2	1058	637	36	14	86.451912	στο
5	1	12	1	8	3	1105	621	62	29	69.740372	σπίτι
5	1	12	1	8	4	1179	634	36	14	71.870766	του
5	1	12	1	8	5	1229	625	27	22	83.772110	Ν.
5	1	12	1	8	6	1286	624	86	31	22.586838	ἸΚάτσου
4	1	12	1	9	0	1016	660	356	31	-1	
5	1	12	1	9	1	1016	674	38	17	20.025917	καὶ
5	1	12	1	9	2	1068	665	26	22	76.377380	Ὦ.
5	1	12	1	9	3	1111	664	91	23	29.211151	Ἱόνπτου,
5	1	12	1	9	4	1221	662	51	20	44.909508	ὅπου
5	1	12	1	9	5	1290	660	82	27	85.080177	ὅμως...
4	1	12	1	10	0	990	696	384	27	-1	
5	1	12	1	10	1	990	714	3	3	35.049049	Ὁ
5	1	12	1	10	2	1017	701	135	22	93.283493	απαιτούνται
5	1	12	1	10	3	1178	697	68	22	69.057190	πολλὰ
5	1	12	1	10	4	1274	696	100	27	36.217899	χρήβατα
4	1	12	1	11	0	1018	732	357	31	-1	
5	1	12	1	11	1	1018	745	36	14	67.761276	και
5	1	12	1	11	2	1063	737	67	23	92.647377	πολὺς
5	1	12	1	11	3	1143	734	76	29	93.320259	χρόνος
5	1	12	1	11	4	1231	732	38	28	31.874786	γιά
5	1	12	1	11	5	1283	738	27	15	72.760429	να
5	1	12	1	11	6	1323	736	52	15	86.357605	ετοι-
4	1	12	1	12	0	1019	770	221	31	-1	
5	1	12	1	12	1	1019	772	75	29	23.143738	Μασθεί
5	1	12	1	12	2	1108	770	132	27	63.724586	κατάλληλα.
4	1	12	1	13	0	1050	801	326	32	-1	
5	1	12	1	13	1	1050	807	88	26	55.204468	Πολλοί,
5	1	12	1	13	2	1151	806	79	23	88.336327	ντόπιοι
5	1	12	1	13	3	1245	810	36	13	0.000000	Ἆάι
5	1	12	1	13	4	1297	801	79	26	65.594307	απὀδη-
4	1	12	1	14	0	995	838	382	35	-1	
5	1	12	1	14	1	995	847	2	2	0.469215	ο
5	1	12	1	14	2	1021	840	41	33	86.567719	µοι,
5	1	12	1	14	3	1080	842	55	23	80.783607	λένε:
5	1	12	1	14	4	1151	840	61	29	79.157463	Αφοῦ
5	1	12	1	14	5	1228	839	55	21	93.208145	εἶναι
5	1	12	1	14	6	1293	838	84	26	85.398956	πληρω-
4	1	12	1	15	0	1021	871	356	37	-1	
5	1	12	1	15	1	1021	879	61	29	0.000000	μένο!
5	1	12	1	15	2	1099	878	26	21	34.002617	Τι
5	1	12	1	15	3	1139	878	70	27	32.585129	Ὑόημα
5	1	12	1	15	4	1220	875	54	27	58.796021	ἔχει,
5	1	12	1	15	5	1285	880	27	15	78.797066	να
5	1	12	1	15	6	1342	871	35	28	67.192253	μέ-
4	1	12	1	16	0	996	909	382	35	-1	
5	1	12	1	16	1	1022	923	30	15	8.438187	ει
5	1	12	1	16	2	1063	914	92	27	49.157524	αδρανές
5	1	12	1	16	3	1167	918	53	21	76.578995	στην
5	1	12	1	16	4	1231	909	99	27	13.262932	αποθίρση
5	1	12	1	16	5	1341	914	37	14	77.295334	που
4	1	12	1	17	0	983	941	395	36	-1	
5	1	12	1	17	1	983	953	21	16	0.000000	οἳ
5	1	12	1	17	2	1022	951	98	26	13.835556	χλύπτοωυ:
5	1	12	1	17	3	1133	948	63	27	50.495270	Ἑμείς
5	1	12	1	17	4	1210	947	34	20	53.879936	δεν
5	1	12	1	17	5	1259	945	77	26	58.388256	ἔχουμε
5	1	12	1	17	6	1343	941	35	28	83.760117	μὲ-
4	1	12	1	18	0	1023	977	356	36	-1	
5	1	12	1	18	1	997	992	62	25	0.000000	προς
5	1	12	1	18	2	1070	991	29	20	87.351868	να
5	1	12	1	18	3	1114	990	24	13	90.343079	το
5	1	12	1	18	4	1155	980	128	29	45.517597	φυλάδουµε;
5	1	12	1	18	5	1300	977	79	26	30.427422	ΣΥΚΑ
4	1	12	1	19	0	990	1011	390	36	-1	
5	1	12	1	19	1	990	1014	20	13	0.000000	Ἠ
5	1	12	1	19	2	1022	1020	90	27	4.429008	πριμένα
5	1	12	1	19	3	1125	1026	12	13	92.604897	ο
5	1	12	1	19	4	1151	1016	94	27	73.614288	Σταύρος
5	1	12	1	19	5	1257	1013	25	21	70.564240	Τ.
5	1	12	1	19	6	1293	1011	87	28	89.283661	Νεοφώ-
4	1	12	1	20	0	669	1046	710	43	-1	
5	1	12	1	20	1	669	1069	68	17	14.524246	πισπος
5	1	12	1	20	2	749	1068	26	21	75.664902	µε
5	1	12	1	20	3	790	1068	37	19	70.584679	την
5	1	12	1	20	4	841	1056	123	30	25.043930	ευθυκρισία,
5	1	12	1	20	5	978	1064	40	13	96.898048	που
5	1	12	1	20	6	1033	1062	35	16	73.044319	τον
5	1	12	1	20	7	1081	1054	113	27	41.242653	δυριρίνου,
5	1	12	1	20	8	1207	1050	97	28	29.715889	πρότεινε
5	1	12	1	20	9	1316	1046	63	29	74.389404	(μαζί
4	1	12	1	21	0	670	1079	710	47	-1	
5	1	12	1	21	1	670	1106	25	20	77.810951	µε
5	1	12	1	21	2	712	1104	35	15	85.571236	τον
5	1	12	1	21	3	760	1096	29	21	71.912155	Κ..
5	1	12	1	21	4	802	1092	137	31	41.998955	Γεωργούλη)
5	1	12	1	21	5	957	1099	27	16	83.473618	ναι
5	1	12	1	21	6	996	1099	25	13	89.615646	το
5	1	12	1	21	7	1037	1091	92	28	27.487869	φἐρουµε
5	1	12	1	21	8	1143	1096	36	14	0.000000	Ἆπι
5	1	12	1	21	9	1195	1094	29	15	15.934380	ναι
5	1	12	1	21	10	1237	1092	23	14	88.490112	νο
5	1	12	1	21	11	1270	1079	110	37	23.953461	σπῄσουμε
4	1	12	1	22	0	671	1118	710	43	-1	
5	1	12	1	22	1	671	1141	36	14	95.669846	στο
5	1	12	1	22	2	720	1134	70	27	27.919319	βόρειο
5	1	12	1	22	3	804	1131	103	28	33.155296	προαύλιο
5	1	12	1	22	4	918	1136	38	21	43.034801	πῃς
5	1	12	1	22	5	969	1126	135	27	66.505035	Υπαπαντής,
5	1	12	1	22	6	1121	1124	50	21	93.277649	ὅπου
5	1	12	1	22	7	1185	1131	12	14	90.778923	α
5	1	12	1	22	8	1209	1122	73	28	68.926582	χώροά
5	1	12	1	22	9	1291	1120	56	21	82.012772	εἶναι
5	1	12	1	22	10	1363	1118	18	20	90.503479	ἐ-
4	1	12	1	23	0	671	1154	711	43	-1	
5	1	12	1	23	1	671	1176	77	21	65.092239	ταιµος,
5	1	12	1	23	2	760	1168	84	27	69.783249	στερεός
5	1	12	1	23	3	853	1173	38	15	0.000000	χα
5	1	12	1	23	4	901	1164	108	29	72.211098	ασφαλής.
5	1	12	1	23	5	1025	1162	41	22	61.409706	Του.
5	1	12	1	23	6	1094	1162	40	20	91.364105	ἴδιο
5	1	12	1	23	7	1146	1160	59	28	93.244530	χώρο
5	1	12	1	23	8	1220	1158	45	26	89.989967	εἶχε
5	1	12	1	23	9	1277	1154	105	25	75.796967	υποδείξει,
4	1	12	1	24	0	671	1192	711	38	-1	
5	1	12	1	24	1	671	1213	36	14	39.986969	και
5	1	12	1	24	2	721	1212	13	14	90.747864	ο
5	1	12	1	24	3	747	1204	119	26	23.492416	Τιαννάης
5	1	12	1	24	4	880	1200	57	23	21.172516	Δίον.
5	1	12	1	24	5	954	1199	160	28	2.480682	Καράγιαλνης,
5	1	12	1	24	6	1130	1202	40	15	67.280617	που
5	1	12	1	24	7	1185	1192	149	29	36.585098	συγκέντρωσε,
5	1	12	1	24	8	1345	1196	37	14	51.820320	και
4	1	12	1	25	0	673	1228	548	37	-1	
5	1	12	1	25	1	673	1240	78	23	67.447220	ἔστειλε
5	1	12	1	25	2	767	1238	58	22	72.859978	1650
5	1	12	1	25	3	837	1237	101	28	78.425583	δολλάρια
5	1	12	1	25	4	947	1236	29	27	63.979900	γι
5	1	12	1	25	5	988	1234	51	21	92.337463	αυτὸ
5	1	12	1	25	6	1051	1240	23	14	92.304321	το
5	1	12	1	25	7	1087	1232	73	21	81.461655	σκοπὀ.
3	1	12	2	0	0	671	1260	1088	150	-1	
4	1	12	2	1	0	702	1260	1050	42	-1	
5	1	12	2	1	1	702	1275	22	22	86.078697	Ἡ
5	1	12	2	1	2	738	1274	120	28	85.081833	εφημερίδα
5	1	12	2	1	3	873	1279	40	21	92.510056	µας
5	1	12	2	1	4	923	1270	109	28	80.158195	συμφωνεί
5	1	12	2	1	5	1044	1275	37	14	30.467056	γω
5	1	12	2	1	6	1096	1266	113	29	66.942566	προτρέπει,
5	1	12	2	1	7	1223	1270	38	23	59.072304	τήν
5	1	12	2	1	8	1274	1260	110	31	60.819088	Ἐπιτραπὴ
5	1	12	2	1	9	1390	1256	14	39	18.245758	1,
5	1	12	2	1	10	1545	1278	5	4	9.416901	µ
5	1	12	2	1	11	1747	1271	5	5	0.000000	,
4	1	12	2	2	0	671	1279	1086	65	-1	
5	1	12	2	2	1	671	1310	29	24	35.745796	ἵνα
5	1	12	2	2	2	710	1318	23	15	81.815094	τρ
5	1	12	2	2	3	740	1309	120	29	27.798737	παραλάβει
5	1	12	2	2	4	867	1315	37	14	0.000000	κοω,
5	1	12	2	2	5	915	1314	27	14	41.168934	Ὑα,
5	1	12	2	2	6	952	1305	73	28	73.615295	στηθεί
5	1	12	2	2	7	1035	1302	123	29	17.739227	προσωρἀ,
5	1	12	2	2	8	1169	1307	47	15	90.978889	στον
5	1	12	2	2	9	1227	1300	87	28	46.512459	ασφαλή
5	1	12	2	2	10	1324	1299	60	27	90.470215	χώρο
5	1	12	2	2	11	1392	1281	56	63	0.000000	ἐς
5	1	12	2	2	12	1459	1286	40	50	75.401123	τον
5	1	12	2	2	13	1511	1283	98	58	0.000000	...
5	1	12	2	2	14	1619	1279	138	58	28.873734	---
4	1	12	2	3	0	674	1327	1020	48	-1	
5	1	12	2	3	1	674	1354	37	21	78.948929	σης
5	1	12	2	3	2	722	1345	136	27	68.277725	Υπαπαντής,
5	1	12	2	3	3	868	1350	28	15	0.000000	Ὑ
5	1	12	2	3	4	904	1341	134	23	10.362404	επωσπευσθεί
5	1	12	2	3	5	1052	1340	23	20	57.963089	δε
5	1	12	2	3	6	1085	1346	14	20	93.300461	η
5	1	12	2	3	7	1111	1337	138	28	0.000000	διώινόρφωση
5	1	12	2	3	8	1261	1342	37	15	93.167503	του
5	1	12	2	3	9	1308	1340	124	16	0.000000	ορισιοι-]ὴ.
5	1	12	2	3	10	1555	1349	5	4	0.000000	α
5	1	12	2	3	11	1645	1327	49	23	26.706169	ο.
4	1	12	2	4	0	674	1342	1085	68	-1	
5	1	12	2	4	1	674	1384	37	20	35.160889	κού
5	1	12	2	4	2	721	1377	79	33	91.541656	χώρου,
5	1	12	2	4	3	810	1382	50	20	95.628914	ὅπου
5	1	12	2	4	4	873	1380	27	20	57.379452	θα
5	1	12	2	4	5	909	1378	55	28	50.665405	γίνοι
5	1	12	2	4	6	976	1384	37	14	73.014030	καὶ
5	1	12	2	4	7	1025	1375	66	28	24.667618	ωραΐο
5	1	12	2	4	8	1098	1369	86	36	92.048729	πάρκο.
5	1	12	2	4	9	1323	1342	10	21	0.000000	'
5	1	12	2	4	10	1403	1358	67	22	71.760521	ρείας.
5	1	12	2	4	11	1484	1349	112	28	0.000000	Ἀγνοθίναι
5	1	12	2	4	12	1625	1351	83	22	0.000000	Ὑθνῤιῶν
5	1	12	2	4	13	1734	1349	25	14	33.538986	35
3	1	12	3	0	0	308	1404	1454	265	-1	
4	1	12	3	1	0	705	1404	680	40	-1	
5	1	12	3	1	1	705	1418	20	21	80.637314	Ἡ
5	1	12	3	1	2	736	1412	83	32	59.778881	αδελφή
5	1	12	3	1	3	831	1423	36	14	83.354584	του
5	1	12	3	1	4	877	1414	118	28	32.417229	αεροπόρου
5	1	12	3	1	5	1009	1411	28	22	88.960526	Ν.
5	1	12	3	1	6	1050	1409	150	29	52.974495	Σρουμπέλου
5	1	12	3	1	7	1211	1406	113	23	45.390812	Αθρνασία
5	1	12	3	1	8	1337	1404	48	22	71.106995	Παν
4	1	12	3	2	0	676	1440	967	39	-1	
5	1	12	3	2	1	676	1454	95	25	76.636917	ταζέλου,
5	1	12	3	2	2	783	1460	41	13	96.494453	που
5	1	12	3	2	3	837	1452	53	21	94.332512	εἶναι
5	1	12	3	2	4	901	1457	37	14	85.952713	στο
5	1	12	3	2	5	948	1448	10	22	40.142006	1
5	1	12	3	2	6	965	1447	114	29	44.076385	ηροκομεῖσ
5	1	12	3	2	7	1093	1445	108	27	93.303108	Σπάρτης,
5	1	12	3	2	8	1215	1443	125	27	6.940010	οωθόρινήνα
5	1	12	3	2	9	1367	1440	19	21	87.794624	ἐ-
5	1	12	3	2	10	1469	1458	5	5	15.185249	ε
5	1	12	3	2	11	1559	1456	5	4	0.000000	ε
5	1	12	3	2	12	1637	1453	6	5	3.573410	:
4	1	12	3	3	0	677	1450	1082	67	-1	
5	1	12	3	3	1	677	1491	54	21	88.946831	δωσε
5	1	12	3	3	2	744	1490	114	27	0.000000	πρόσφατα
5	1	12	3	3	3	868	1487	38	21	91.601982	ὅλο
5	1	12	3	3	4	918	1492	38	21	96.556328	της
5	1	12	3	3	5	968	1491	24	14	84.712128	το
5	1	12	3	3	6	1004	1482	122	29	26.581581	παμπόδεμο,
5	1	12	3	3	7	1140	1474	85	38	79.372726	96.000
5	1	12	3	3	8	1238	1450	47	56	15.023056	δη,
5	1	12	3	3	9	1296	1484	36	15	91.569412	και
5	1	12	3	3	10	1344	1475	43	27	15.239929	εξξ-
5	1	12	3	3	11	1395	1458	42	49	45.687202	[πε
5	1	12	3	3	12	1450	1460	55	45	28.010010	μόνη
5	1	12	3	3	13	1517	1451	74	52	21.994484	εξαέρε:
5	1	12	3	3	14	1583	1456	36	59	27.704170	κα
5	1	12	3	3	15	1631	1454	67	46	0.000000	θρ5
5	1	12	3	3	16	1716	1456	43	51	42.137394	..
4	1	12	3	4	0	678	1493	1082	63	-1	
5	1	12	3	4	1	678	1533	67	23	44.104485	φρασε
5	1	12	3	4	2	757	1532	38	22	93.298592	την
5	1	12	3	4	3	806	1523	98	30	61.391998	επιθυµέά
5	1	12	3	4	4	913	1529	25	16	88.232712	να
5	1	12	3	4	5	947	1519	101	30	0.000000	προλάβει
5	1	12	3	4	6	1061	1525	27	16	85.050842	να
5	1	12	3	4	7	1097	1517	41	22	59.427574	τδεὶ
5	1	12	3	4	8	1149	1523	26	21	89.785599	τη
5	1	12	3	4	9	1185	1514	118	28	57.157501	λαξευμόνη
5	1	12	3	4	10	1314	1511	73	30	50.886135	μορφή
5	1	12	3	4	11	1396	1500	80	33	74.282608	ἡμιρερές
5	1	12	3	4	12	1495	1496	126	35	27.220444	εφηµερισες
5	1	12	3	4	13	1636	1495	40	14	76.437302	που
5	1	12	3	4	14	1704	1494	14	32	0.000000	ἅ
5	1	12	3	4	15	1745	1493	15	43	0.000000	.
4	1	12	3	5	0	678	1526	1083	64	-1	
5	1	12	3	5	1	678	1570	35	15	72.794586	που
5	1	12	3	5	2	726	1562	93	28	53.081238	αδελφού
5	1	12	3	5	3	834	1568	46	20	50.880821	τῆς.
5	1	12	3	5	4	895	1558	92	28	85.027252	Τώρα...
5	1	12	3	5	5	1000	1557	54	22	45.822224	εἶναι
5	1	12	3	5	6	1068	1554	125	26	10.474747	πατάκοιτη,
5	1	12	3	5	7	1209	1552	35	21	42.203125	δεν
5	1	12	3	5	8	1259	1548	77	29	70.104881	μπορεί
5	1	12	3	5	9	1360	1554	29	15	29.568146	Ὑα,
5	1	12	3	5	10	1406	1531	69	22	42.388939	κά
5	1	12	3	5	11	1509	1534	45	34	35.356583	απο
5	1	12	3	5	12	1577	1526	184	55	11.364227	αμάν
4	1	12	3	6	0	677	1564	1085	84	-1	
5	1	12	3	6	1	677	1600	63	27	89.605087	πᾶρει
5	1	12	3	6	2	748	1604	39	21	69.455849	την
5	1	12	3	6	3	798	1596	68	29	95.332001	τροφή
5	1	12	3	6	4	878	1601	37	21	94.895248	της
5	1	12	3	6	5	923	1594	55	28	63.621490	Μόνη
5	1	12	3	6	6	990	1599	47	20	72.094818	της,
5	1	12	3	6	7	1048	1598	37	14	68.259705	κα
5	1	12	3	6	8	1097	1589	93	28	83.606400	θλίβεται
5	1	12	3	6	9	1200	1594	39	14	93.159866	που
5	1	12	3	6	10	1251	1586	35	21	29.270081	ὃεν
5	1	12	3	6	11	1301	1585	27	20	57.159977	θά
5	1	12	3	6	12	1337	1588	51	23	39.607891	µπο-
5	1	12	3	6	13	1397	1569	150	79	12.028923	-.)
5	1	12	3	6	14	1552	1568	48	57	0.000000	..
5	1	12	3	6	15	1603	1567	28	50	0.000000	.
5	1	12	3	6	16	1647	1566	57	49	1.111183	κ.
5	1	12	3	6	17	1706	1564	56	51	16.054993	πὸ
4	1	12	3	7	0	308	1616	1327	53	-1	
5	1	12	3	7	1	308	1642	79	27	53.849262	συοργἡ
5	1	12	3	7	2	401	1648	25	20	93.006416	τη
5	1	12	3	7	3	438	1639	83	28	45.850903	περιπού
5	1	12	3	7	4	576	1644	42	16	34.170143	των
5	1	12	3	7	5	629	1638	34	21	83.040024	δεν
5	1	12	3	7	6	680	1636	55	27	2.242805	ἱρέσει
5	1	12	3	7	7	750	1641	27	14	55.760021	ναι
5	1	12	3	7	8	792	1640	25	14	93.752579	το
5	1	12	3	7	9	833	1632	47	21	58.735928	(δεί.
5	1	12	3	7	10	1417	1616	33	26	53.601616	κ.
5	1	12	3	7	11	1630	1631	5	5	0.444565	.
3	1	12	4	0	0	308	1628	1454	82	-1	
4	1	12	4	1	0	308	1628	1454	82	-1	
5	1	12	4	1	1	308	1672	110	38	92.526009	δρυλλίων.
5	1	12	4	1	2	517	1641	48	66	21.489143	ση
5	1	12	4	1	3	604	1698	2	2	0.000000	'
5	1	12	4	1	4	713	1669	22	22	30.556709	ϐ
5	1	12	4	1	5	755	1668	18	23	30.556709	Ο
5	1	12	4	1	6	785	1668	98	28	93.226624	Χρήστος
5	1	12	4	1	7	898	1665	29	22	89.347992	Π.
5	1	12	4	1	8	941	1664	106	27	86.714867	Δεβούσης
5	1	12	4	1	9	1065	1661	79	23	42.245224	έστειλε
5	1	12	4	1	10	1159	1655	42	26	84.362427	απὸ
5	1	12	4	1	11	1216	1664	39	21	82.312851	την
5	1	12	4	1	12	1282	1653	107	30	19.203751	Κομοπνή
5	1	12	4	1	13	1399	1639	79	46	35.515640	σον"
5	1	12	4	1	14	1489	1634	44	41	51.300262	Και
5	1	12	4	1	15	1551	1640	23	41	0.000000	α
5	1	12	4	1	16	1589	1637	61	18	0.000000	ης
5	1	12	4	1	17	1709	1628	53	64	0.000000	ο
3	1	12	5	0	0	309	1669	1455	178	-1	
4	1	12	5	1	0	343	1669	1421	69	-1	
5	1	12	5	1	1	343	1712	22	21	69.085022	6
5	1	12	5	1	2	384	1712	86	21	82.022743	Κανένα
5	1	12	5	1	3	481	1710	73	28	38.325600	δέντρο
5	1	12	5	1	4	565	1716	37	14	57.988609	και
5	1	12	5	1	5	613	1706	134	24	29.035095	κανέ|ὅ.000
5	1	12	5	1	6	760	1706	48	27	88.734543	δρχ.
5	1	12	5	1	7	823	1711	37	20	91.155769	για
5	1	12	5	1	8	870	1709	25	14	91.183235	το
5	1	12	5	1	9	906	1701	73	28	59.923607	Ἡρώο.
5	1	12	5	1	10	1149	1690	14	9	33.603043	.
5	1	12	5	1	11	1408	1669	260	66	17.023125	μη,
5	1	12	5	1	12	1676	1672	36	51	0.712517	Ὃ
5	1	12	5	1	13	1735	1671	29	49	0.000000	ον
4	1	12	5	2	0	309	1704	1455	98	-1	
5	1	12	5	2	1	309	1756	36	17	18.192230	ας
5	1	12	5	2	2	358	1748	62	41	62.107117	Ὅπος
5	1	12	5	2	3	430	1748	60	39	12.286308	δρ
5	1	12	5	2	4	502	1746	65	23	0.000000	ἔσμος
5	1	12	5	2	5	580	1751	38	34	42.050762	της
5	1	12	5	2	6	629	1743	36	22	91.259460	Κα
5	1	12	5	2	7	846	1763	208	39	0.000000	 ωτ.
5	1	12	5	2	8	1200	1757	13	9	0.000000	«
5	1	12	5	2	9	1409	1744	54	28	25.577644	ριού,
5	1	12	5	2	10	1478	1717	31	64	95.809952	τη
5	1	12	5	2	11	1527	1741	44	28	89.477379	ζωή
5	1	12	5	2	12	1585	1746	44	18	95.221191	του,
5	1	12	5	2	13	1643	1704	121	65	0.000000	νωνλᾶς
4	1	12	5	3	0	311	1766	1453	81	-1	
5	1	12	5	3	1	311	1783	151	64	8.679047	αμ,
5	1	12	5	3	2	462	1782	205	63	31.568390	μα
5	1	12	5	3	3	819	1766	430	68	0.000000	ΑθΑπζογθαφεα
5	1	12	5	3	4	1392	1780	116	43	16.658867	ωφήρεις,
5	1	12	5	3	5	1522	1777	63	40	2.079811	ἆλλος,
5	1	12	5	3	6	1614	1772	150	43	0.000000	πληροφορία,
3	1	12	6	0	0	290	1814	1478	153	-1	
4	1	12	6	1	0	311	1814	1455	66	-1	
5	1	12	6	1	1	311	1862	40	14	84.173271	σιοι
5	1	12	6	1	2	366	1855	43	20	29.740204	απὀ
5	1	12	6	1	3	423	1854	88	26	89.593857	ἔδαφος.
5	1	12	6	1	4	918	1830	122	26	48.363693	Αγαπητέ
5	1	12	6	1	5	1061	1825	97	22	42.593975	Ἰώσσα
5	1	12	6	1	6	1401	1820	115	22	23.693604	᾽ανοφορές
5	1	12	6	1	7	1530	1819	44	32	27.001350	σεῖς
5	1	12	6	1	8	1587	1815	91	33	70.998497	ανάγκες
5	1	12	6	1	9	1691	1815	39	12	88.661316	που
5	1	12	6	1	10	1747	1814	19	35	0.000000	ὃ-
4	1	12	6	2	0	290	1847	1476	48	-1	
5	1	12	6	2	1	290	1883	9	2	7.901718	κ
5	1	12	6	2	2	448	1881	3	2	0.000000	:
5	1	12	6	2	3	531	1877	38	9	0.000000	ον
5	1	12	6	2	4	710	1869	90	26	11.454300	"Έχεις
5	1	12	6	2	5	809	1874	34	13	92.813995	πια
5	1	12	6	2	6	855	1863	123	27	5.343666	ευλωερανή
5	1	12	6	2	7	994	1859	191	29	20.105423	συγχαρηπήριά
5	1	12	6	2	8	1196	1863	50	21	92.540970	µου
5	1	12	6	2	9	1257	1862	44	20	74.270859	για
5	1	12	6	2	10	1311	1860	41	20	57.635593	τς
5	1	12	6	2	11	1361	1859	33	20	91.657936	µε
5	1	12	6	2	12	1409	1856	53	21	53.968414	χουν
5	1	12	6	2	13	1473	1855	21	14	78.946976	οἳ
5	1	12	6	2	14	1506	1853	73	22	0.000000	μύκρὲς
5	1	12	6	2	15	1595	1850	66	17	57.416729	αυτὲς
5	1	12	6	2	16	1673	1847	93	16	26.630051	πουνωνί-
4	1	12	6	3	0	685	1877	1082	54	-1	
5	1	12	6	3	1	685	1903	76	28	47.373241	γάλις
5	1	12	6	3	2	771	1899	170	29	53.574394	σεροισσοάθειες
5	1	12	6	3	3	955	1905	45	15	0.000000	2ααν
5	1	12	6	3	4	1016	1903	29	16	94.004822	το
5	1	12	6	3	5	1055	1894	82	26	94.701180	πάθος
5	1	12	6	3	6	1152	1897	50	18	40.049252	που!
5	1	12	6	3	7	1217	1887	177	29	39.447243	υποσπηρίδευς
5	1	12	6	3	8	1411	1891	30	18	78.944206	55)
5	1	12	6	3	9	1454	1881	131	29	73.875580	περιγραφές
5	1	12	6	3	10	1593	1873	11	41	86.280273	:
5	1	12	6	3	11	1615	1877	85	29	79.405281	εορτών,
5	1	12	6	3	12	1727	1881	40	21	63.211483	ην
4	1	12	6	4	0	683	1905	1087	62	-1	
5	1	12	6	4	1	683	1947	31	20	90.249710	µε
5	1	12	6	4	2	729	1945	47	20	27.075104	πην
5	1	12	6	4	3	788	1936	44	24	74.615280	εί
5	1	12	6	4	4	849	1935	63	22	91.365730	πόσα
5	1	12	6	4	5	927	1933	89	28	52.768501	χρόνέα
5	1	12	6	4	6	1036	1929	93	27	57.991482	έκδοση
5	1	12	6	4	7	1163	1935	50	20	85.888329	πης
5	1	12	6	4	8	1238	1922	156	30	51.485046	οφημερίδος
5	1	12	6	4	9	1411	1917	141	29	19.173264	παργωγυκἠ
5	1	12	6	4	10	1565	1915	97	24	77.094398	απόδοση
5	1	12	6	4	11	1672	1916	44	16	0.000000	ων
5	1	12	6	4	12	1722	1905	48	36	9.533524	χκάλ
2	1	13	0	0	0	1383	331	361	391	-1	
3	1	13	1	0	0	1383	331	361	391	-1	
4	1	13	1	1	0	1410	331	328	32	-1	
5	1	13	1	1	1	1410	336	150	27	30.548019	Ἐπισκέφθηκε
5	1	13	1	1	2	1577	341	25	14	80.784332	το.
5	1	13	1	1	3	1626	331	112	28	33.894966	καλοναέρε
4	1	13	1	2	0	1383	367	355	34	-1	
5	1	13	1	2	1	1383	380	38	21	95.631294	την
5	1	13	1	2	2	1436	371	110	30	26.858276	γενέτειρά
5	1	13	1	2	3	1562	377	44	17	87.732948	του,
5	1	13	1	2	4	1635	367	103	27	41.244888	Καστὸρι,
4	1	13	1	3	0	1383	402	357	33	-1	
5	1	13	1	3	1	1383	418	12	13	96.222092	ο
5	1	13	1	3	2	1411	409	49	21	93.278786	τόσο
5	1	13	1	3	3	1477	406	149	29	4.849182	δημιαυργωὀς
5	1	13	1	3	4	1655	402	85	29	35.710007	ἨΝομᾶρ-
4	1	13	1	4	0	1384	438	357	35	-1	
5	1	13	1	4	1	1384	452	41	21	40.911602	χης
5	1	13	1	4	2	1437	443	93	28	93.560226	Αχαΐας,
5	1	13	1	4	3	1539	449	22	15	90.181984	κ.
5	1	13	1	4	4	1573	440	78	27	71.879044	Μάκης
5	1	13	1	4	5	1666	438	75	21	25.429192	Πάντα
4	1	13	1	5	0	1385	476	356	32	-1	
5	1	13	1	5	1	1385	481	38	27	42.028755	ζῆς
5	1	13	1	5	2	1437	480	54	28	78.126205	μετὰ
5	1	13	1	5	3	1501	485	39	20	53.242218	της
5	1	13	1	5	4	1554	476	90	29	94.531670	συζύγου
5	1	13	1	5	5	1657	481	45	18	94.588867	του,
5	1	13	1	5	6	1714	480	27	14	74.561073	πε
4	1	13	1	6	0	1387	510	355	35	-1	
5	1	13	1	6	1	1387	515	147	30	2.786934	ριυβαλλόµεγος
5	1	13	1	6	2	1547	512	43	22	83.620316	απὀ
5	1	13	1	6	3	1603	510	93	27	71.284164	πολλούς,
5	1	13	1	6	4	1709	510	33	27	24.233307	φὶ-
4	1	13	1	7	0	1385	536	357	45	-1	
5	1	13	1	7	1	1385	553	51	23	48.678841	λοὺς
5	1	13	1	7	2	1447	558	36	14	37.467094	κά
5	1	13	1	7	3	1489	536	122	45	77.944954	πατριώτες
5	1	13	1	7	4	1624	553	44	15	94.631470	του.
5	1	13	1	7	5	1681	544	61	26	70.794922	Είναι
4	1	13	1	8	0	1387	581	356	34	-1	
5	1	13	1	8	1	1387	596	11	13	89.767715	ο
5	1	13	1	8	2	1416	586	128	29	54.277874	εμπνευστής
5	1	13	1	8	3	1561	591	36	14	73.996155	και
5	1	13	1	8	4	1613	581	130	28	77.234650	συνεργάτης
4	1	13	1	9	0	1388	616	356	33	-1	
5	1	13	1	9	1	1388	631	36	15	95.846756	του
5	1	13	1	9	2	1441	630	23	14	94.221992	κ.
5	1	13	1	9	3	1484	620	105	29	89.835602	Νομάρχη
5	1	13	1	9	4	1623	616	121	25	78.374313	Λακωνίας,
4	1	13	1	10	0	1388	652	356	35	-1	
5	1	13	1	10	1	1388	666	38	21	95.293442	για
5	1	13	1	10	2	1441	657	69	22	58.640560	πολλὰ
5	1	13	1	10	3	1544	653	115	24	0.000000	αποδοτικά
5	1	13	1	10	4	1691	652	53	27	83.392670	ἐργα
4	1	13	1	11	0	1391	692	217	30	-1	
5	1	13	1	11	1	1391	701	50	21	38.678150	στην
5	1	13	1	11	2	1454	692	90	29	39.419273	περιοχἡ
5	1	13	1	11	3	1559	698	49	21	80.636009	µας.
2	1	14	0	0	0	1393	756	367	517	-1	
3	1	14	1	0	0	1400	756	338	91	-1	
4	1	14	1	1	0	1427	756	287	37	-1	
5	1	14	1	1	1	1427	764	17	29	0.000000	ϱ,
5	1	14	1	1	2	1463	759	153	34	60.756805	ΕΠΛΡΧΙΑΚΟΣ
5	1	14	1	1	3	1636	756	78	32	22.921913	ΤΥΠΙΣ
4	1	14	1	2	0	1400	810	338	37	-1	
5	1	14	1	2	1	1400	813	122	34	7.531235	Απόψεις
5	1	14	1	2	2	1531	815	29	21	91.606506	Δ.
5	1	14	1	2	3	1571	810	167	25	73.167801	ΚΑΛΛΙΑΝΗ
3	1	14	2	0	0	1393	846	363	427	-1	
4	1	14	2	1	0	1423	846	326	33	-1	
5	1	14	2	1	1	1423	853	18	22	37.260681	ϱ
5	1	14	2	1	2	1457	851	129	28	12.188278	επαρχιακὸς
5	1	14	2	1	3	1601	849	63	23	89.939873	τὖπος
5	1	14	2	1	4	1680	859	7	4	91.406105	-
5	1	14	2	1	5	1697	846	52	28	62.911484	6βδο
4	1	14	2	2	0	1393	877	355	40	-1	
5	1	14	2	2	1	1393	889	96	28	46.931587	μαδιαίες
5	1	14	2	2	2	1505	888	15	27	81.765266	ἡ
5	1	14	2	2	3	1537	886	97	27	19.049438	βαρναίες
5	1	14	2	2	4	1648	877	100	37	80.619698	εφημερί-
4	1	14	2	3	0	1395	919	355	30	-1	
5	1	14	2	3	1	1395	926	34	22	90.760872	δες
5	1	14	2	3	2	1438	931	36	13	49.255424	και
5	1	14	2	3	3	1487	920	119	29	67.718521	περιοδικά,
5	1	14	2	3	4	1619	931	8	3	90.657600	-
5	1	14	2	3	5	1640	919	34	20	0.000000	δεν
5	1	14	2	3	6	1688	923	62	15	12.082062	ἄντο-
4	1	14	2	4	0	1393	954	358	31	-1	
5	1	14	2	4	1	1393	958	122	27	4.669739	ποκρίνεται
5	1	14	2	4	2	1526	961	56	21	91.461136	στην
5	1	14	2	4	3	1593	954	102	26	90.489937	ευρύτερη
5	1	14	2	4	4	1708	958	43	13	86.146721	«πο
4	1	14	2	5	0	1395	981	355	43	-1	
5	1	14	2	5	1	1395	993	64	31	62.304272	στολή
5	1	14	2	5	2	1472	999	44	14	80.638321	που.
5	1	14	2	5	3	1529	990	45	22	0.000000	Κπιι
5	1	14	2	5	4	1587	988	41	22	91.213005	ενὼ
5	1	14	2	5	5	1636	981	114	37	0.000000	θμφρανίζε-
4	1	14	2	6	0	1395	1021	356	33	-1	
5	1	14	2	6	1	1395	1037	34	14	57.986366	ται
5	1	14	2	6	2	1442	1035	28	18	83.836441	ως
5	1	14	2	6	3	1483	1025	128	29	34.387459	εποιρχωυκὸς
5	1	14	2	6	4	1622	1024	72	23	93.083794	τύπος,
5	1	14	2	6	5	1705	1021	46	27	86.157181	δήλ.
4	1	14	2	7	0	1398	1052	355	40	-1	
5	1	14	2	7	1	1398	1066	50	26	82.049591	ὄλης
5	1	14	2	7	2	1464	1070	37	20	94.558342	της
5	1	14	2	7	3	1515	1060	105	29	87.791435	επαρχίας
5	1	14	2	7	4	1635	1059	14	27	37.462173	Ἡ
5	1	14	2	7	5	1663	1064	38	14	96.326752	του
5	1	14	2	7	6	1712	1052	41	36	0.000000	Νο-
4	1	14	2	8	0	1398	1087	356	42	-1	
5	1	14	2	8	1	1398	1101	47	28	90.776154	μού,
5	1	14	2	8	2	1461	1097	136	29	31.249992	περισορέφει
5	1	14	2	8	3	1613	1102	25	13	88.852066	το
5	1	14	2	8	4	1657	1087	97	38	0.000000	νδιοφὲ-
4	1	14	2	9	0	1399	1130	354	35	-1	
5	1	14	2	9	1	1399	1142	37	23	13.316132	Ρον
5	1	14	2	9	2	1451	1142	36	14	95.284378	του
5	1	14	2	9	3	1502	1140	39	15	95.284378	στα
5	1	14	2	9	4	1554	1130	140	29	39.568996	προβλήματα
5	1	14	2	9	5	1711	1133	42	16	75.435295	των
4	1	14	2	10	0	1398	1165	356	28	-1	
5	1	14	2	10	1	1398	1172	89	21	93.003532	πόλεων.
5	1	14	2	10	2	1505	1168	40	22	93.911888	Δεν
5	1	14	2	10	3	1561	1165	153	28	62.434269	απασχολείται
5	1	14	2	10	4	1727	1170	27	21	94.424202	µε
4	1	14	2	11	0	1399	1200	356	30	-1	
5	1	14	2	11	1	1399	1215	23	14	93.223213	το
5	1	14	2	11	2	1439	1206	86	23	73.280411	σύγολον
5	1	14	2	11	3	1533	1210	44	17	73.546478	των
5	1	14	2	11	4	1601	1200	154	30	0.000000	προβλημάτων
4	1	14	2	12	0	1400	1232	360	41	-1	
5	1	14	2	12	1	1400	1244	48	29	77.555138	μιάς
5	1	14	2	12	2	1460	1241	102	29	80.362595	περιοχής
5	1	14	2	12	3	1575	1240	49	20	64.926399	οὗνε
5	1	14	2	12	4	1636	1244	37	15	61.786274	και
5	1	14	2	12	5	1704	1232	56	36	89.567123	δίδει
2	1	15	0	0	0	1373	376	17	586	-1	
3	1	15	1	0	0	1373	376	17	586	-1	
4	1	15	1	1	0	1373	376	6	42	-1	
5	1	15	1	1	1	1373	376	6	42	95.000000	 
4	1	15	1	2	0	1375	418	4	33	-1	
5	1	15	1	2	1	1375	418	4	33	95.000000	 
4	1	15	1	3	0	1375	451	6	111	-1	
5	1	15	1	3	1	1375	451	6	111	95.000000	   
4	1	15	1	4	0	1377	562	5	31	-1	
5	1	15	1	4	1	1377	562	5	31	95.000000	 
4	1	15	1	5	0	1378	593	6	39	-1	
5	1	15	1	5	1	1378	593	6	39	95.000000	 
4	1	15	1	6	0	1378	632	6	31	-1	
5	1	15	1	6	1	1378	632	6	31	95.000000	 
4	1	15	1	7	0	1379	663	11	299	-1	
5	1	15	1	7	1	1379	663	11	299	95.000000	  
2	1	16	0	0	0	748	383	254	659	-1	
3	1	16	1	0	0	748	383	254	659	-1	
4	1	16	1	1	0	748	383	180	46	-1	
5	1	16	1	1	1	748	383	180	46	95.000000	 
4	1	16	1	2	0	748	429	254	48	-1	
5	1	16	1	2	1	748	429	228	48	95.000000	  
5	1	16	1	2	2	999	464	3	13	95.000000	 
4	1	16	1	3	0	748	477	254	57	-1	
5	1	16	1	3	1	748	477	254	57	95.000000	  
4	1	16	1	4	0	748	534	254	34	-1	
5	1	16	1	4	1	748	534	254	34	95.000000	 
4	1	16	1	5	0	748	568	254	33	-1	
5	1	16	1	5	1	748	568	254	33	95.000000	 
4	1	16	1	6	0	748	601	180	43	-1	
5	1	16	1	6	1	748	601	180	43	95.000000	 
4	1	16	1	7	0	748	644	180	26	-1	
5	1	16	1	7	1	748	644	180	26	95.000000	 
4	1	16	1	8	0	748	670	180	36	-1	
5	1	16	1	8	1	748	670	180	36	95.000000	 
4	1	16	1	9	0	748	706	180	217	-1	
5	1	16	1	9	1	748	706	180	217	95.000000	  
4	1	16	1	10	0	748	923	235	72	-1	
5	1	16	1	10	1	748	923	235	72	95.000000	 
4	1	16	1	11	0	748	995	180	47	-1	
5	1	16	1	11	1	748	995	180	47	95.000000	 
2	1	17	0	0	0	1742	320	37	1623	-1	
3	1	17	1	0	0	1742	320	37	1623	-1	
4	1	17	1	1	0	1742	320	16	252	-1	
5	1	17	1	1	1	1742	320	16	252	95.000000	    
4	1	17	1	2	0	1746	722	17	108	-1	
5	1	17	1	2	1	1746	722	17	108	95.000000	   
4	1	17	1	3	0	1752	830	11	65	-1	
5	1	17	1	3	1	1752	830	11	65	95.000000	 
4	1	17	1	4	0	1752	895	16	421	-1	
5	1	17	1	4	1	1752	895	16	421	95.000000	   
4	1	17	1	5	0	1763	1316	16	372	-1	
5	1	17	1	5	1	1763	1316	16	372	95.000000	  
4	1	17	1	6	0	1765	1688	14	57	-1	
5	1	17	1	6	1	1765	1688	14	57	95.000000	 
4	1	17	1	7	0	1765	1745	14	198	-1	
5	1	17	1	7	1	1765	1745	14	198	95.000000	   
2	1	18	0	0	0	979	440	20	13	-1	
3	1	18	1	0	0	979	440	20	13	-1	
4	1	18	1	1	0	979	440	20	13	-1	
5	1	18	1	1	1	979	440	20	13	0.000000	1
2	1	19	0	0	0	709	647	3	19	-1	
3	1	19	1	0	0	709	647	3	19	-1	
4	1	19	1	1	0	709	647	3	19	-1	
5	1	19	1	1	1	709	647	3	19	95.000000	 
2	1	20	0	0	0	717	803	19	3	-1	
3	1	20	1	0	0	717	803	19	3	-1	
4	1	20	1	1	0	717	803	19	3	-1	
5	1	20	1	1	1	717	803	19	3	95.000000	 
2	1	21	0	0	0	709	806	24	1	-1	
3	1	21	1	0	0	709	806	24	1	-1	
4	1	21	1	1	0	709	806	24	1	-1	
5	1	21	1	1	1	709	806	24	1	95.000000	 
2	1	22	0	0	0	718	803	1	17	-1	
3	1	22	1	0	0	718	803	1	17	-1	
4	1	22	1	1	0	718	803	1	17	-1	
5	1	22	1	1	1	718	803	1	17	95.000000	 
2	1	23	0	0	0	723	793	3	95	-1	
3	1	23	1	0	0	723	793	3	95	-1	
4	1	23	1	1	0	723	793	3	95	-1	
5	1	23	1	1	1	723	793	3	95	95.000000	 
2	1	24	0	0	0	712	870	24	1	-1	
3	1	24	1	0	0	712	870	24	1	-1	
4	1	24	1	1	0	712	870	24	1	-1	
5	1	24	1	1	1	712	870	24	1	95.000000	 
2	1	25	0	0	0	714	870	1	21	-1	
3	1	25	1	0	0	714	870	1	21	-1	
4	1	25	1	1	0	714	870	1	21	-1	
5	1	25	1	1	1	714	870	1	21	95.000000	 
2	1	26	0	0	0	654	726	329	775	-1	
3	1	26	1	0	0	654	726	329	775	-1	
4	1	26	1	1	0	654	726	329	421	-1	
5	1	26	1	1	1	654	726	329	421	95.000000	    
4	1	26	1	2	0	663	1218	7	139	-1	
5	1	26	1	2	1	663	1218	7	139	95.000000	   
4	1	26	1	3	0	665	1357	8	144	-1	
5	1	26	1	3	1	665	1357	8	144	95.000000	 
2	1	27	0	0	0	302	1203	361	432	-1	
3	1	27	1	0	0	302	1203	358	281	-1	
4	1	27	1	1	0	330	1203	327	38	-1	
5	1	27	1	1	1	330	1212	27	23	62.769337	Οι
5	1	27	1	1	2	368	1212	98	29	33.298454	αρμόδυοι
5	1	27	1	1	3	484	1218	38	15	87.859909	του
5	1	27	1	1	4	540	1203	117	34	76.568588	Δασαρχεὶ-
4	1	27	1	2	0	302	1245	355	31	-1	
5	1	27	1	2	1	302	1257	23	14	96.224350	ου
5	1	27	1	2	2	343	1248	99	28	89.151276	Σπάρτης
5	1	27	1	2	3	460	1254	41	21	86.880501	µας
5	1	27	1	2	4	519	1245	138	29	94.898476	βεβαιώνουν,
4	1	27	1	3	0	302	1280	357	31	-1	
5	1	27	1	3	1	302	1286	31	20	74.372177	ὃτι
5	1	27	1	3	2	350	1292	25	13	77.713173	πο
5	1	27	1	3	3	386	1282	179	29	55.505173	προετοιμασμένο
5	1	27	1	3	4	579	1280	80	27	63.894150	ἸΜισορ-
4	1	27	1	4	0	302	1316	357	33	-1	
5	1	27	1	4	1	302	1321	50	28	74.487572	ρᾶχι
5	1	27	1	4	2	366	1320	28	21	90.880402	θα
5	1	27	1	4	3	409	1317	98	30	84.890320	φυτευθεί
5	1	27	1	4	4	522	1316	137	27	74.309586	οπιοσδήποτε
4	1	27	1	5	0	302	1352	357	32	-1	
5	1	27	1	5	1	302	1364	27	20	91.687630	µε
5	1	27	1	5	2	343	1356	96	21	76.190887	κάσπωα
5	1	27	1	5	3	448	1354	15	28	34.504471	ἡ
5	1	27	1	5	4	476	1360	28	21	48.353409	µε
5	1	27	1	5	5	518	1352	93	29	11.624222	φυτάρω
5	1	27	1	5	6	622	1358	37	14	72.388733	κα-
4	1	27	1	6	0	304	1388	356	28	-1	
5	1	27	1	6	1	304	1392	93	23	31.922562	στανιάς.
5	1	27	1	6	2	411	1388	113	28	85.582108	Δυστυχώς
5	1	27	1	6	3	534	1395	37	15	41.593979	χι
5	1	27	1	6	4	584	1394	25	14	92.342598	πο
5	1	27	1	6	5	624	1394	36	20	84.122749	φυ-
4	1	27	1	7	0	304	1422	356	33	-1	
5	1	27	1	7	1	304	1434	34	21	17.170547	ριο
5	1	27	1	7	2	352	1433	37	21	93.699539	της
5	1	27	1	7	3	402	1424	108	29	61.719563	Τρίπολης
5	1	27	1	7	4	539	1423	36	22	93.595215	δεν
5	1	27	1	7	5	602	1422	58	28	70.479675	πήγε
4	1	27	1	8	0	303	1462	64	22	-1	
5	1	27	1	8	1	303	1462	64	22	23.956421	χαιλά.
3	1	27	2	0	0	306	1494	357	141	-1	
4	1	27	2	1	0	334	1494	328	31	-1	
5	1	27	2	1	1	334	1496	132	29	76.494400	Ανυπόμονοι
5	1	27	2	1	2	482	1494	126	29	38.889877	περιμένουν
5	1	27	2	1	3	640	1500	22	15	56.809864	οι
4	1	27	2	2	0	306	1529	356	34	-1	
5	1	27	2	2	1	306	1529	187	34	39.445076	Τεωργιπσιάνοι
5	1	27	2	2	2	484	1525	11	42	73.458603	-
5	1	27	2	2	3	510	1530	79	30	2.816940	πωρίως
5	1	27	2	2	4	604	1538	21	14	93.261757	οἱ
5	1	27	2	2	5	638	1537	24	14	76.384186	ᾱ-
4	1	27	2	3	0	306	1568	357	31	-1	
5	1	27	2	3	1	306	1572	89	27	75.473763	πόδηµοι
5	1	27	2	3	2	413	1582	8	3	93.118446	-
5	1	27	2	3	3	437	1576	26	15	93.239532	να
5	1	27	2	3	4	482	1568	97	28	3.673851	φυτευθεὶ
5	1	27	2	3	5	590	1574	24	13	93.211990	το
5	1	27	2	3	6	628	1572	35	15	79.430473	τα-
4	1	27	2	4	0	306	1603	357	32	-1	
5	1	27	2	4	1	306	1608	86	27	65.632927	χύτερο,
5	1	27	2	4	2	408	1605	39	28	16.955017	γιά
5	1	27	2	4	3	462	1611	28	15	68.427361	να
5	1	27	2	4	4	501	1603	120	28	91.472229	αναλάβουν
5	1	27	2	4	5	636	1609	27	20	74.868332	µε
2	1	28	0	0	0	1402	1380	356	71	-1	
3	1	28	1	0	0	1402	1380	356	71	-1	
4	1	28	1	1	0	1402	1380	356	36	-1	
5	1	28	1	1	1	1402	1387	67	29	58.245613	χωριό
5	1	28	1	1	2	1484	1392	40	14	75.927635	που
5	1	28	1	1	3	1539	1384	56	21	72.641273	εἶνα,
5	1	28	1	1	4	1611	1384	25	20	86.368645	τά
5	1	28	1	1	5	1667	1380	91	27	30.245781	Ἀὔππαρο
4	1	28	1	2	0	1403	1411	355	40	-1	
5	1	28	1	2	1	1403	1430	38	21	92.739487	της
5	1	28	1	2	2	1476	1418	132	31	37.561413	επαρχιακής
5	1	28	1	2	3	1634	1411	124	36	14.233521	κοινωνίας.
2	1	29	0	0	0	1396	1534	4	71	-1	
3	1	29	1	0	0	1396	1534	4	71	-1	
4	1	29	1	1	0	1396	1534	4	71	-1	
5	1	29	1	1	1	1396	1534	4	71	95.000000	 
2	1	30	0	0	0	1398	1679	6	80	-1	
3	1	30	1	0	0	1398	1679	6	80	-1	
4	1	30	1	1	0	1398	1679	6	80	-1	
5	1	30	1	1	1	1398	1679	6	80	95.000000	 
2	1	31	0	0	0	366	1919	243	25	-1	
3	1	31	1	0	0	366	1919	243	25	-1	
4	1	31	1	1	0	366	1919	243	25	-1	
5	1	31	1	1	1	366	1923	27	21	89.958694	Ὁ
5	1	31	1	1	2	408	1919	201	25	57.495190	ΣΥΝΔΕΣΜΟΣ
2	1	32	0	0	0	446	2017	97	6	-1	
3	1	32	1	0	0	446	2017	97	6	-1	
4	1	32	1	1	0	446	2017	97	6	-1	
5	1	32	1	1	1	446	2017	97	6	95.000000	 
2	1	33	0	0	0	319	1946	1451	126	-1	
3	1	33	1	0	0	319	1946	1451	126	-1	
4	1	33	1	1	0	319	1946	1449	58	-1	
5	1	33	1	1	1	319	1973	192	31	68.709976	ΓΕΩΡΓ)ΝΩΝ
5	1	33	1	1	2	518	1971	143	24	93.521919	ΑΤΤΙΚΗΣ
5	1	33	1	1	3	686	1981	42	16	0.000000	«πο
5	1	33	1	1	4	742	1971	157	29	60.814899	Γεωργίασι»
5	1	33	1	1	5	909	1971	49	25	73.945915	πην
5	1	33	1	1	6	975	1964	156	29	9.301079	ααθάθµιση
5	1	33	1	1	7	1141	1971	47	14	0.000000	γθαι
5	1	33	1	1	8	1201	1959	126	27	44.712063	ανάπσυξη
5	1	33	1	1	9	1342	1964	53	14	64.866272	των
5	1	33	1	1	10	1411	1953	111	29	64.502174	|λεργειών
5	1	33	1	1	11	1535	1951	45	21	41.261063	κ.ᾱ.
5	1	33	1	1	12	1597	1949	61	21	7.973259	Εΐναι
5	1	33	1	1	13	1667	1955	21	13	91.477547	οι
5	1	33	1	1	14	1699	1946	69	27	52.791439	Ίρῶες
4	1	33	1	2	0	565	1987	1203	50	-1	
5	1	33	1	2	1	565	2016	2	2	27.294907	ι
5	1	33	1	2	2	684	2010	117	27	61.339157	θεμάτων
5	1	33	1	2	3	813	2015	51	15	0.000000	σου
5	1	33	1	2	4	881	2003	160	29	79.817940	απασχολούν
5	1	33	1	2	5	1057	2006	64	23	54.541477	ους.
5	1	33	1	2	6	1138	1997	124	29	69.413582	Ἡορείους
5	1	33	1	2	7	1292	1993	104	28	70.329811	Δήμους
5	1	33	1	2	8	1412	1997	38	20	76.000755	[της
5	1	33	1	2	9	1480	1989	181	26	50.653252	δηµασιαγραφίις
5	1	33	1	2	10	1705	1987	63	21	72.315628	αυτῆς
4	1	33	1	3	0	343	2021	1427	51	-1	
5	1	33	1	3	1	343	2047	31	21	83.201645	Το
5	1	33	1	3	2	389	2045	66	23	48.315048	Δίου.
5	1	33	1	3	3	485	2044	118	28	73.471161	Συμβούλιο
5	1	33	1	3	4	633	2049	97	20	0.000000	του]χαυ
5	1	33	1	3	5	742	2044	122	26	0.000000	υδἠαίσερια
5	1	33	1	3	6	873	2049	28	14	91.432014	το
5	1	33	1	3	7	911	2039	151	28	0.000000	ΓΓεωργάσοι.
5	1	33	1	3	8	1412	2032	40	14	96.676544	που
5	1	33	1	3	9	1463	2022	139	29	62.542568	αγωνίζονται
5	1	33	1	3	10	1614	2021	104	25	76.383652	συνεχώς,
5	1	33	1	3	11	1731	2022	39	21	34.497215	Ύνα,
2	1	34	0	0	0	1414	2054	361	395	-1	
3	1	34	1	0	0	1414	2054	272	34	-1	
4	1	34	1	1	0	1414	2054	272	34	-1	
5	1	34	1	1	1	1414	2067	38	21	74.381874	την
5	1	34	1	1	2	1461	2059	79	28	69.408081	πρόοδο
5	1	34	1	1	3	1547	2063	37	15	94.994583	του
5	1	34	1	1	4	1598	2054	88	30	12.666656	χωριού.
3	1	34	2	0	0	1415	2087	357	212	-1	
4	1	34	2	1	0	1443	2087	327	36	-1	
5	1	34	2	1	1	1443	2095	44	22	93.369118	Και
5	1	34	2	1	2	1503	2095	53	28	32.347252	εἶναι
5	1	34	2	1	3	1568	2092	72	27	49.763557	ακόµη
5	1	34	2	1	4	1655	2097	21	13	58.671097	οἱ
5	1	34	2	1	5	1698	2087	72	23	0.000000	σῦνδε-
4	1	34	2	2	0	1415	2126	356	36	-1	
5	1	34	2	2	1	1415	2141	47	21	57.330643	αμοι
5	1	34	2	2	2	1473	2129	81	32	39.264801	μεπαξὺ
5	1	34	2	2	3	1566	2136	41	16	93.213150	των
5	1	34	2	2	4	1620	2126	102	25	47.988705	εντοπῖων
5	1	34	2	2	5	1733	2131	38	15	0.000000	Ίαι
4	1	34	2	3	0	1415	2162	357	36	-1	
5	1	34	2	3	1	1415	2177	41	15	73.982178	των.
5	1	34	2	3	2	1473	2166	135	32	21.829956	μεταναστών
5	1	34	2	3	3	1619	2171	37	15	51.540749	«κά
5	1	34	2	3	4	1683	2162	89	28	11.669830	συνήγο-
4	1	34	2	4	0	1417	2199	354	35	-1	
5	1	34	2	4	1	1417	2214	33	20	77.851204	ρου
5	1	34	2	4	2	1467	2205	38	28	79.257965	γιὰ
5	1	34	2	4	3	1523	2210	36	15	88.844940	τον
5	1	34	2	4	4	1574	2199	142	29	61.962883	πατριωτισμό
5	1	34	2	4	5	1731	2204	40	14	95.717995	που
4	1	34	2	5	0	1415	2238	357	28	-1	
5	1	34	2	5	1	1415	2241	97	22	68.892296	αποδίδει
5	1	34	2	5	2	1528	2238	66	28	68.179581	ηθικά
5	1	34	2	5	3	1611	2244	39	14	45.211884	Χα
5	1	34	2	5	4	1670	2240	102	20	0.000000	οὐκονοµἠ-
4	1	34	2	6	0	1416	2278	36	21	-1	
5	1	34	2	6	1	1416	2278	36	21	89.019798	κά.
3	1	34	3	0	0	1418	2303	357	146	-1	
4	1	34	3	1	0	1447	2303	327	33	-1	
5	1	34	3	1	1	1447	2312	68	24	66.785248	Αυτός
5	1	34	3	1	2	1528	2318	12	13	95.896233	ο
5	1	34	3	1	3	1557	2308	84	24	59.918285	τοπικός
5	1	34	3	1	4	1655	2307	63	23	89.659073	τύπος
5	1	34	3	1	5	1745	2303	29	28	86.159370	(ὁ-
4	1	34	3	2	0	1418	2339	356	35	-1	
5	1	34	3	2	1	1418	2356	44	18	96.933624	πως
5	1	34	3	2	2	1478	2354	25	14	93.303368	το
5	1	34	3	2	3	1521	2341	167	32	13.954620	«Γεωργίτοι»)ι,
5	1	34	3	2	4	1705	2339	69	27	87.519081	αξίζει
4	1	34	3	3	0	1419	2372	356	40	-1	
5	1	34	3	3	1	1419	2386	38	26	31.230621	ὅλη
5	1	34	3	3	2	1477	2390	37	21	94.898903	την
5	1	34	3	3	3	1526	2382	73	28	55.137604	αγάπη
5	1	34	3	3	4	1613	2387	36	14	28.675774	κά
5	1	34	3	3	5	1661	2372	114	37	73.344604	υποστήρι-
4	1	34	3	4	0	1420	2415	197	34	-1	
5	1	34	3	4	1	1420	2421	26	28	17.397224	ξἠ
5	1	34	3	4	2	1459	2427	49	21	90.131927	µας.
5	1	34	3	4	3	1613	2415	4	3	8.217049	'
2	1	35	0	0	0	1491	2485	220	97	-1	
3	1	35	1	0	0	1491	2485	220	97	-1	
4	1	35	1	1	0	1516	2485	168	42	-1	
5	1	35	1	1	1	1516	2485	168	42	6.496742	ΝλΚΟΙΗΙΣΗ
4	1	35	1	2	0	1491	2539	220	43	-1	
5	1	35	1	2	1	1491	2543	77	39	0.000000	ΣΣ
5	1	35	1	2	2	1588	2539	123	41	0.000000	ΓΗΙΠΙΑΣ
2	1	36	0	0	0	1453	2633	327	28	-1	
3	1	36	1	0	0	1453	2633	327	28	-1	
4	1	36	1	1	0	1453	2633	327	28	-1	
5	1	36	1	1	1	1453	2635	39	22	66.339272	Τια
5	1	36	1	1	2	1503	2640	39	21	46.227108	την
5	1	36	1	1	3	1550	2633	96	25	57.772781	θνύσιωση
5	1	36	1	1	4	1659	2636	41	15	93.170189	των
5	1	36	1	1	5	1713	2635	67	20	88.837158	παρα-
2	1	37	0	0	0	313	2080	362	456	-1	
3	1	37	1	0	0	313	2080	362	456	-1	
4	1	37	1	1	0	313	2080	357	30	-1	
5	1	37	1	1	1	313	2083	120	27	42.452465	Συνδέσμου
5	1	37	1	1	2	444	2080	121	28	70.979301	αποφάσισε
5	1	37	1	1	3	575	2086	26	15	62.071472	γκι
5	1	37	1	1	4	612	2085	58	21	57.464577	πρωγ
4	1	37	1	2	0	314	2115	356	31	-1	
5	1	37	1	2	1	314	2118	136	28	62.802574	µαποποιήσει
5	1	37	1	2	2	477	2115	129	27	38.750626	συγεστίαση
5	1	37	1	2	3	628	2120	42	16	94.745323	των
4	1	37	1	3	0	316	2148	356	34	-1	
5	1	37	1	3	1	316	2153	68	29	80.991440	μελών
5	1	37	1	3	2	400	2159	45	18	73.548233	νου,
5	1	37	1	3	3	461	2156	39	22	95.905052	την
5	1	37	1	3	4	519	2150	65	21	79.652359	18-19
5	1	37	1	3	5	598	2150	46	27	91.460251	ὥρα
5	1	37	1	3	6	658	2148	14	22	96.589592	9
4	1	37	1	4	0	316	2185	356	32	-1	
5	1	37	1	4	1	316	2196	46	21	17.339493	μμ.
5	1	37	1	4	2	377	2195	36	14	92.891739	στο
5	1	37	1	4	3	422	2188	76	26	62.834431	χέντρο
5	1	37	1	4	4	511	2185	86	27	10.806664	Ῥώπχος
5	1	37	1	4	5	621	2190	51	22	94.731392	στην
4	1	37	1	5	0	317	2219	357	30	-1	
5	1	37	1	5	1	317	2224	86	21	56.633644	Ἠλόνα.
5	1	37	1	5	2	420	2222	85	27	48.137085	Ἠλῆρες
5	1	37	1	5	3	518	2221	73	28	32.094788	μενού.
5	1	37	1	5	4	620	2219	54	28	11.698181	Σοµ-
4	1	37	1	6	0	317	2255	358	33	-1	
5	1	37	1	6	1	317	2259	79	29	86.176285	µετοχή
5	1	37	1	6	2	413	2257	57	22	76.399063	1500
5	1	37	1	6	3	484	2257	49	27	92.982498	δρχ.
5	1	37	1	6	4	549	2255	126	29	58.398968	Προμήθεια
4	1	37	1	7	0	318	2290	356	33	-1	
5	1	37	1	7	1	318	2294	150	29	44.411255	πραακλήσεων
5	1	37	1	7	2	482	2292	41	21	25.408806	ἀπὸ
5	1	37	1	7	3	538	2299	25	13	90.507248	νο
5	1	37	1	7	4	580	2290	94	28	57.868385	Τραφείο
4	1	37	1	8	0	318	2325	356	30	-1	
5	1	37	1	8	1	318	2338	35	14	64.178596	και
5	1	37	1	8	2	364	2330	42	21	17.793419	οιπὀ
5	1	37	1	8	3	421	2329	38	21	70.833664	ὅλα
5	1	37	1	8	4	472	2335	27	14	87.763657	πα
5	1	37	1	8	5	511	2327	55	28	81.636032	µέλη
5	1	37	1	8	6	581	2333	35	14	83.074387	του
5	1	37	1	8	7	639	2325	35	24	90.004494	Δι-
4	1	37	1	9	0	317	2363	263	31	-1	
5	1	37	1	9	1	317	2365	107	29	35.023781	οὐκητωιοῦ
5	1	37	1	9	2	441	2363	139	29	82.344215	Συμβουλίου.
4	1	37	1	10	0	428	2394	162	35	-1	
5	1	37	1	10	1	428	2400	18	23	62.487469	0.
5	1	37	1	10	2	462	2399	111	30	41.654556	Πρόεδρος
4	1	37	1	11	0	356	2432	263	35	-1	
5	1	37	1	11	1	356	2432	6	4	14.518066	ο
5	1	37	1	11	2	380	2438	43	29	56.334957	Χρ.
5	1	37	1	11	3	438	2436	181	28	46.982109	Κωστοανέλλης
4	1	37	1	12	0	386	2472	227	29	-1	
5	1	37	1	12	1	386	2474	21	22	88.606323	Ἡ
5	1	37	1	12	2	417	2473	47	22	54.898872	Ἐνδ.
5	1	37	1	12	3	474	2472	139	29	29.068527	Τραµµατξας
4	1	37	1	13	0	420	2508	161	28	-1	
5	1	37	1	13	1	420	2509	29	21	17.057610	Κ..
5	1	37	1	13	2	464	2508	117	28	70.620789	Κουρεμπή
2	1	38	0	0	0	326	2542	346	17	-1	
3	1	38	1	0	0	326	2542	346	17	-1	
4	1	38	1	1	0	326	2542	346	17	-1	
5	1	38	1	1	1	322	2535	54	28	28.253006	ασ
5	1	38	1	1	2	394	2535	15	28	25.873688	ο
5	1	38	1	1	3	424	2535	27	28	25.873688	ο
5	1	38	1	1	4	469	2535	52	28	18.549332	σος
5	1	38	1	1	5	532	2542	140	17	0.847916	οοροσσοόσος
2	1	39	0	0	0	376	2578	245	119	-1	
3	1	39	1	0	0	376	2578	245	119	-1	
4	1	39	1	1	0	428	2578	146	40	-1	
5	1	39	1	1	1	428	2578	146	40	38.653187	ΜΗΡΕΕΣ
4	1	39	1	2	0	376	2628	245	69	-1	
5	1	39	1	2	1	376	2634	58	63	18.132645	πὶ
5	1	39	1	2	2	450	2628	171	60	0.000000	ΠΗΡΩΚΙΜΕΗῦ
2	1	40	0	0	0	321	2722	359	30	-1	
3	1	40	1	0	0	321	2722	359	30	-1	
4	1	40	1	1	0	321	2722	359	30	-1	
5	1	40	1	1	1	321	2740	30	3	42.917473	ο
5	1	40	1	1	2	364	2726	70	22	73.398613	Ἠΐτσα
5	1	40	1	1	3	446	2725	141	27	83.873512	Παχύγιαννη
5	1	40	1	1	4	598	2722	82	22	75.799568	109.000
2	1	41	0	0	0	683	2066	723	616	-1	
3	1	41	1	0	0	686	2066	711	149	-1	
4	1	41	1	1	0	710	2066	686	42	-1	
5	1	41	1	1	1	710	2081	52	27	93.156021	Την
5	1	41	1	1	2	777	2077	141	30	31.614418	εφημειοίδα
5	1	41	1	1	3	933	2083	50	15	76.452179	σεου
5	1	41	1	1	4	997	2073	112	29	0.000000	οεᾳάση]σιε
5	1	41	1	1	5	1125	2078	45	14	37.381977	24.0
5	1	41	1	1	6	1180	2066	159	29	46.648819	ιαἰνεξάρτητή
5	1	41	1	1	7	1352	2068	44	17	27.213684	αι
4	1	41	1	2	0	686	2098	711	45	-1	
5	1	41	1	2	1	686	2117	140	26	61.510010	πιλύφωνη
5	1	41	1	2	2	841	2112	115	30	41.908546	μολονότι
5	1	41	1	2	3	965	2109	110	27	27.246033	άλλαξαν
5	1	41	1	2	4	1092	2116	23	14	18.906616	ον
5	1	41	1	2	5	1128	2102	186	31	43.062195	Ἐωθερνήσεις.
5	1	41	1	2	6	1328	2099	27	22	90.783836	Ἡ
5	1	41	1	2	7	1368	2098	29	22	95.909569	δε
4	1	41	1	3	0	687	2131	710	49	-1	
5	1	41	1	3	1	687	2153	56	27	32.876007	Πχώ
5	1	41	1	3	2	757	2158	48	21	96.159401	της
5	1	41	1	3	3	818	2150	54	27	94.044144	έχει
5	1	41	1	3	4	887	2147	122	28	13.367172	απήχηση
5	1	41	1	3	5	1023	2145	26	22	27.594467	ο)
5	1	41	1	3	6	1068	2144	74	26	18.143700	ὅλους
5	1	41	1	3	7	1153	2148	63	20	77.863068	ποως
5	1	41	1	3	8	1247	2131	150	39	78.488922	απιανπαχού
4	1	41	1	4	0	683	2181	279	39	-1	
5	1	41	1	4	1	683	2183	158	37	18.446930	σπιατριώπίες.
5	1	41	1	4	2	960	2181	2	2	37.037296	|
3	1	41	2	0	0	688	2209	714	332	-1	
4	1	41	2	1	0	716	2209	682	37	-1	
5	1	41	2	1	1	716	2223	77	23	64.847214	Πίσω
5	1	41	2	1	2	809	2221	51	23	21.200310	από
5	1	41	2	1	3	878	2219	64	22	79.051514	κάθε
5	1	41	2	1	4	955	2215	94	28	77.271675	ἐκδοσή
5	1	41	2	1	5	1064	2221	47	20	68.518494	της
5	1	41	2	1	6	1129	2211	123	29	0.000000	»ερύθεπιαι,
5	1	41	2	1	7	1264	2210	65	24	38.588318	πολύ
5	1	41	2	1	8	1344	2209	54	22	90.870811	δου-
4	1	41	2	2	0	688	2245	710	39	-1	
5	1	41	2	2	1	688	2259	56	22	90.003006	λειά
5	1	41	2	2	2	759	2264	44	15	33.885666	αι
5	1	41	2	2	3	814	2255	120	29	0.000000	τεράσπια
5	1	41	2	2	4	950	2252	102	27	91.001953	εωθύνη,
5	1	41	2	2	5	1067	2249	135	27	32.836906	διάθασµια,
5	1	41	2	2	6	1217	2247	91	28	95.271210	εκλογή
5	1	41	2	2	7	1324	2245	74	27	91.988991	ύλης,
4	1	41	2	3	0	690	2279	709	44	-1	
5	1	41	2	3	1	690	2295	112	28	39.968983	γδάφιµο
5	1	41	2	3	2	818	2291	64	27	80.028893	ξανά
5	1	41	2	3	3	901	2289	121	29	26.072029	γοάψιμο,
5	1	41	2	3	4	1039	2284	159	29	13.946922	δισοθώσεις,
5	1	41	2	3	5	1225	2282	130	29	64.990974	επιμέλεια
5	1	41	2	3	6	1373	2279	26	22	54.897163	ὁ-
4	1	41	2	4	0	689	2316	710	42	-1	
5	1	41	2	4	1	689	2331	56	27	82.017067	Άης,
5	1	41	2	4	2	762	2325	190	30	23.324326	πυσοογραφινά,
5	1	41	2	4	3	968	2321	141	31	45.858772	μοπαφορά,
5	1	41	2	4	4	1123	2317	104	29	0.000000	διανομή
5	1	41	2	4	5	1241	2327	46	14	0.000000	ααι
5	1	41	2	4	6	1302	2316	97	23	0.000000	σοάλι
5	1	41	2	4	7	1375	2312	27	39	71.536110	α-
4	1	41	2	5	0	690	2351	711	43	-1	
5	1	41	2	5	1	690	2366	32	22	67.476326	πό
5	1	41	2	5	2	736	2372	45	22	83.491959	πην
5	1	41	2	5	3	797	2363	71	29	96.194275	αρχή
5	1	41	2	5	4	882	2367	42	23	86.770088	για
5	1	41	2	5	5	936	2368	47	20	77.487022	σην
5	1	41	2	5	6	1001	2358	108	28	29.797638	επόμενη:
5	1	41	2	5	7	1123	2355	101	26	57.064137	ἐκδοση.
5	1	41	2	5	8	1257	2353	65	23	0.000000	'Οἶια
5	1	41	2	5	9	1338	2351	63	24	90.182343	αυπά
4	1	41	2	6	0	690	2386	710	46	-1	
5	1	41	2	6	1	690	2402	152	30	0.000000	επιμώνται
5	1	41	2	6	2	852	2399	50	25	78.519669	από
5	1	41	2	6	3	915	2405	62	20	85.478394	τους
5	1	41	2	6	4	992	2394	155	30	18.895004	συμσάολίτας
5	1	41	2	6	5	1163	2400	43	15	0.000000	2αα:
5	1	41	2	6	6	1219	2391	34	28	0.000000	9’
5	1	41	2	6	7	1269	2388	63	24	32.569130	αυσό
5	1	41	2	6	8	1344	2386	56	23	15.188049	επέ-
4	1	41	2	7	0	692	2425	710	44	-1	
5	1	41	2	7	1	692	2441	60	28	0.000000	ζηϊσε
5	1	41	2	7	2	769	2438	61	23	68.148888	τόσα
5	1	41	2	7	3	843	2436	89	29	2.282776	χιθόνα
5	1	41	2	7	4	943	2442	45	14	10.348495	20.0
5	1	41	2	7	5	1003	2433	33	22	93.155502	θα
5	1	41	2	7	6	1052	2429	128	29	49.958450	συµεχίσει
5	1	41	2	7	7	1190	2435	48	20	50.081982	την
5	1	41	2	7	8	1253	2425	92	26	76.492294	ἐπδοση
5	1	41	2	7	9	1357	2430	45	14	0.000000	2αα:
4	1	41	2	8	0	693	2461	708	41	-1	
5	1	41	2	8	1	693	2484	45	15	62.255699	σου
5	1	41	2	8	2	754	2475	105	27	12.614853	εύχομαι
5	1	41	2	8	3	874	2471	75	29	20.954269	Ὅγιεία
5	1	41	2	8	4	965	2477	41	21	59.035423	γυα
5	1	41	2	8	5	1017	2476	33	17	91.846947	να
5	1	41	2	8	6	1060	2465	106	30	44.530487	µπορεύς
5	1	41	2	8	7	1180	2472	31	15	67.904739	να
5	1	41	2	8	8	1223	2461	117	26	32.224861	ιαντέξεις
5	1	41	2	8	9	1354	2464	47	21	40.513412	οἴση
4	1	41	2	9	0	692	2498	440	43	-1	
5	1	41	2	9	1	692	2511	95	30	80.205017	µεγάλη
5	1	41	2	9	2	803	2507	157	30	0.000000	πραοσάθιεὺα
5	1	41	2	9	3	970	2512	46	15	20.187218	θα
5	1	41	2	9	4	1031	2498	101	37	92.801422	ευθύνη.
3	1	41	3	0	0	693	2532	709	78	-1	
4	1	41	3	1	0	714	2532	688	38	-1	
5	1	41	3	1	1	714	2547	38	23	8.600479	Αν
5	1	41	3	1	2	761	2553	48	16	8.600479	σου
5	1	41	3	1	3	817	2553	41	14	94.065765	πω
5	1	41	3	1	4	871	2544	39	21	28.922943	ότι
5	1	41	3	1	5	921	2539	131	29	35.623528	νοσταλγώ
5	1	41	3	1	6	1064	2546	30	14	92.886391	το
5	1	41	3	1	7	1103	2536	82	28	27.635864	σιαλ]ό
5	1	41	3	1	8	1196	2532	143	29	62.689423	Πεωργίτσι
5	1	41	3	1	9	1371	2538	31	19	75.962196	µε
4	1	41	3	2	0	693	2571	651	39	-1	
5	1	41	3	2	1	693	2583	58	27	93.051193	όλες
5	1	41	3	2	2	765	2589	40	20	93.243095	τις
5	1	41	3	2	3	814	2579	114	30	27.254631	µιξδέριες
5	1	41	3	2	4	940	2585	41	16	54.637978	κου
5	1	41	3	2	5	995	2583	40	20	34.053879	Ὅις
5	1	41	3	2	6	1047	2573	92	27	79.448204	πολλές
5	1	41	3	2	7	1151	2571	129	27	92.717636	ελλείψεις
5	1	41	3	2	8	1291	2575	53	14	76.628876	τοι.
3	1	41	4	0	0	695	2602	711	80	-1	
4	1	41	4	1	0	722	2602	682	41	-1	
5	1	41	4	1	1	722	2618	93	23	47.481823	Κάπου
5	1	41	4	1	2	831	2613	185	30	5.952820	δημοσμεύθηναε
5	1	41	4	1	3	1033	2611	94	22	29.022255	ράποια
5	1	41	4	1	4	1139	2605	117	30	0.000000	τοµηπωή
5	1	41	4	1	5	1287	2602	117	27	20.662651	διάρορίση
4	1	41	4	2	0	695	2636	711	46	-1	
5	1	41	4	2	1	695	2662	50	15	93.122719	που
5	1	41	4	2	2	755	2654	69	28	0.000000	έγινε
5	1	41	4	2	3	836	2657	31	16	27.631897	τε
5	1	41	4	2	4	879	2650	63	28	59.312099	μένα
5	1	41	4	2	5	958	2657	43	13	0.000000	20:
5	1	41	4	2	6	1011	2653	41	21	0.000000	ες
5	1	41	4	2	7	1063	2652	44	16	55.571232	πίαν
5	1	41	4	2	8	1123	2653	24	13	48.727570	26.
5	1	41	4	2	9	1164	2642	68	23	65.317169	Θάνο
5	1	41	4	2	10	1242	2638	83	28	24.529182	Ναιέρο
5	1	41	4	2	11	1400	2636	6	7	29.833130	ύ
2	1	42	0	0	0	677	2036	7	329	-1	
3	1	42	1	0	0	677	2036	7	329	-1	
4	1	42	1	1	0	677	2036	7	329	-1	
5	1	42	1	1	1	677	2036	7	329	95.000000	 
2	1	43	0	0	0	1429	2448	335	18	-1	
3	1	43	1	0	0	1429	2448	335	18	-1	
4	1	43	1	1	0	1429	2448	335	18	-1	
5	1	43	1	1	1	1429	2448	335	18	95.000000	 
2	1	44	0	0	0	1544	2607	118	7	-1	
3	1	44	1	0	0	1544	2607	118	7	-1	
4	1	44	1	1	0	1544	2607	118	7	-1	
5	1	44	1	1	1	1544	2607	118	7	95.000000	 
2	1	45	0	0	0	1359	2644	46	15	-1	
3	1	45	1	0	0	1359	2644	46	15	-1	
4	1	45	1	1	0	1359	2644	46	15	-1	
5	1	45	1	1	1	1359	2644	46	15	89.253555	απο
2	1	46	0	0	0	458	2695	96	8	-1	
3	1	46	1	0	0	458	2695	96	8	-1	
4	1	46	1	1	0	458	2695	96	8	-1	
5	1	46	1	1	1	458	2695	96	8	95.000000	 
2	1	47	0	0	0	696	2664	1085	155	-1	
3	1	47	1	0	0	696	2664	1085	121	-1	
4	1	47	1	1	0	696	2664	1083	51	-1	
5	1	47	1	1	1	696	2696	44	18	56.846870	που
5	1	47	1	1	2	753	2687	131	28	37.934837	Σύνδειομὸ
5	1	47	1	1	3	897	2692	53	16	55.786385	σων
5	1	47	1	1	4	960	2680	207	29	0.000000	«Δαλοεδαιμιονίων
5	1	47	1	1	5	1193	2685	43	15	0.000000	ύαι
5	1	47	1	1	6	1264	2671	142	29	93.239067	προφανώς
5	1	47	1	1	7	1423	2671	77	27	80.197540	|γωγών
5	1	47	1	1	8	1521	2667	148	28	82.954926	αιγοπροβείου
5	1	47	1	1	9	1690	2664	89	28	51.699448	κρέατος
4	1	47	1	2	0	698	2703	1083	49	-1	
5	1	47	1	2	1	698	2727	47	21	96.718040	από
5	1	47	1	2	2	755	2725	77	27	93.890770	λάθος
5	1	47	1	2	3	844	2731	32	20	90.161392	µε
5	1	47	1	2	4	889	2722	80	27	91.572754	έφερε
5	1	47	1	2	5	977	2726	51	17	32.771332	σίαιν
5	1	47	1	2	6	1039	2715	181	28	27.126152	αντιστράτηγο
5	1	47	1	2	7	1234	2719	43	15	56.123844	αι
5	1	47	1	2	8	1290	2707	117	25	48.975700	εννοούσε
5	1	47	1	2	9	1415	2714	28	19	46.500519	[οι
5	1	47	1	2	10	1456	2705	66	22	69.657112	οποίοι
5	1	47	1	2	11	1535	2704	35	22	56.784775	δεν
5	1	47	1	2	12	1582	2703	97	21	44.962391	διέθεσαν
5	1	47	1	2	13	1692	2707	38	21	86.778656	την
5	1	47	1	2	14	1743	2707	38	13	13.974213	πα-
4	1	47	1	3	0	697	2749	473	36	-1	
5	1	47	1	3	1	697	2757	44	25	93.156631	τον
5	1	47	1	3	2	754	2754	156	31	0.126488	Δομησράνώι
5	1	47	1	3	3	925	2754	64	23	0.000000	Διού.
5	1	47	1	3	4	1007	2748	97	41	9.115784	Συμαλό.
5	1	47	1	3	5	1165	2749	5	5	29.789970	ι
3	1	47	2	0	0	734	2791	154	28	-1	
4	1	47	2	1	0	734	2791	154	28	-1	
5	1	47	2	1	1	734	2793	45	22	36.006947	14ε.
5	1	47	2	1	2	798	2791	90	28	29.334686	ιαγάσοη
2	1	48	0	0	0	1177	2769	605	87	-1	
3	1	48	1	0	0	1177	2769	605	87	-1	
4	1	48	1	1	0	1177	2769	605	87	-1	
5	1	48	1	1	1	1177	2775	111	38	30.047752	Σιγαλός
5	1	48	1	1	2	1415	2775	84	81	24.698364	μη
5	1	48	1	1	3	1523	2770	151	30	0.000000	χυβερνητυκές
5	1	48	1	1	4	1699	2769	83	27	12.812431	αἀποφά-
2	1	49	0	0	0	1167	2838	253	43	-1	
3	1	49	1	0	0	1167	2817	309	64	-1	
4	1	49	1	1	0	1167	2838	253	43	-1	
5	1	49	1	1	1	1167	2838	135	41	0.000000	ΙΙ
5	1	49	1	1	2	1416	2817	60	64	10.962265	τὰ
2	1	50	0	0	0	324	2791	386	457	-1	
3	1	50	1	0	0	324	2791	299	31	-1	
4	1	50	1	1	0	324	2791	299	31	-1	
5	1	50	1	1	1	324	2794	86	28	88.245552	Μαρίας
5	1	50	1	1	2	424	2793	39	20	15.580414	Ἐν.
5	1	50	1	1	3	480	2791	143	27	74.798225	Παποστάθη.
3	1	50	2	0	0	324	2822	360	107	-1	
4	1	50	2	1	0	326	2822	358	30	-1	
5	1	50	2	1	1	326	2842	31	4	30.094612	ο
5	1	50	2	1	2	372	2827	120	25	86.244072	Αβανάσιος
5	1	50	2	1	3	510	2826	39	21	12.865631	Ἐν.
5	1	50	2	1	4	570	2822	114	24	56.449627	Παπαστὰ-
4	1	50	2	2	0	328	2862	355	30	-1	
5	1	50	2	2	1	328	2866	37	26	82.929817	θης
5	1	50	2	2	2	385	2863	81	22	91.766502	10.000
5	1	50	2	2	3	483	2869	40	21	66.479851	συη
5	1	50	2	2	4	539	2862	73	28	67.254181	μνήμη
5	1	50	2	2	5	643	2867	40	21	44.748768	ππῆς
4	1	50	2	3	0	324	2898	244	31	-1	
5	1	50	2	3	1	324	2901	93	28	50.450512	μητέρας
5	1	50	2	3	2	428	2907	35	13	95.808311	του
5	1	50	2	3	3	474	2898	94	28	91.640053	Μαρίας.
3	1	50	3	0	0	325	2931	385	317	-1	
4	1	50	3	1	0	326	2931	357	33	-1	
5	1	50	3	1	1	326	2949	30	3	47.111851	---
5	1	50	3	1	2	368	2935	109	29	45.136948	Ἀρυσάφω
5	1	50	3	1	3	491	2932	160	30	0.000000	Δημητρωιάκη
5	1	50	3	1	4	661	2931	22	21	84.552010	ὅ.
4	1	50	3	2	0	325	2969	357	29	-1	
5	1	50	3	2	1	325	2971	45	22	82.082596	000.
5	1	50	3	2	2	389	2978	39	20	94.308487	στη
5	1	50	3	2	3	442	2970	73	28	57.946312	μνήμη
5	1	50	3	2	4	532	2969	81	27	65.904114	γονέων
5	1	50	3	2	5	644	2974	38	16	12.513344	και
4	1	50	3	3	0	326	3003	357	31	-1	
5	1	50	3	3	1	326	3007	98	27	35.859680	αδελφών
5	1	50	3	3	2	440	3013	45	20	95.668167	της,
5	1	50	3	3	3	498	3004	69	22	90.274216	2.500
5	1	50	3	3	4	577	3010	42	21	52.878288	σση
5	1	50	3	3	5	632	3003	51	27	0.000000	νη-
4	1	50	3	4	0	327	3039	356	32	-1	
5	1	50	3	4	1	327	3050	28	21	85.410072	µη
5	1	50	3	4	2	373	3041	86	29	90.419312	Μαρίας
5	1	50	3	4	3	484	3039	135	27	45.617290	ὩΠαπαστάθη
5	1	50	3	4	4	646	3045	37	15	70.110191	κι
4	1	50	3	5	0	328	3073	357	31	-1	
5	1	50	3	5	1	328	3077	68	22	89.719963	9.500
5	1	50	3	5	2	410	3083	40	21	84.431824	στη
5	1	50	3	5	3	459	3076	72	28	76.360802	μνήμη
5	1	50	3	5	4	546	3081	36	15	90.531685	του
5	1	50	3	5	5	592	3073	93	28	91.308823	συζύγου
4	1	50	3	6	0	330	3109	356	32	-1	
5	1	50	3	6	1	330	3121	37	20	93.263428	της
5	1	50	3	6	2	378	3111	131	28	52.149319	Ἠανογνώτῃ
5	1	50	3	6	3	519	3109	167	29	0.000000	Δημμητραριάρση.
4	1	50	3	7	0	327	3145	383	28	-1	
5	1	50	3	7	1	327	3147	60	23	0.000000	«0
5	1	50	3	7	2	399	3156	22	13	58.145348	κ,
5	1	50	3	7	3	433	3147	68	25	63.685143	Ηλίας
5	1	50	3	7	4	515	3146	25	21	85.147171	Τ.
5	1	50	3	7	5	554	3145	81	28	91.896332	Ντέρος
5	1	50	3	7	6	644	3151	40	15	93.153145	που
5	1	50	3	7	7	708	3152	2	2	75.186890	|΄
4	1	50	3	8	0	328	3180	358	32	-1	
5	1	50	3	8	1	328	3185	54	27	61.345821	ἠρθε
5	1	50	3	8	2	394	3184	43	21	90.988167	απὀ
5	1	50	3	8	3	448	3189	35	15	93.217911	τον
5	1	50	3	8	4	495	3181	91	23	80.623260	Καναδὰ
5	1	50	3	8	5	597	3180	42	21	96.275009	100
5	1	50	3	8	6	650	3180	36	21	86.896423	δολ.
4	1	50	3	9	0	331	3220	72	28	-1	
5	1	50	3	9	1	331	3220	72	28	51.580154	λάρια.
2	1	51	0	0	0	1030	2783	126	29	-1	
3	1	51	1	0	0	1030	2783	126	29	-1	
4	1	51	1	1	0	1030	2783	126	29	-1	
5	1	51	1	1	1	1030	2785	64	27	53.510773	Δημ.
5	1	51	1	1	2	1118	2783	38	21	0.000000	Ἐ.
2	1	52	0	0	0	1041	2812	351	12	-1	
3	1	52	1	0	0	1041	2812	351	12	-1	
4	1	52	1	1	0	1041	2812	351	12	-1	
5	1	52	1	1	1	1041	2812	351	12	95.000000	 
2	1	53	0	0	0	1077	2839	706	105	-1	
3	1	53	1	0	0	1077	2839	706	105	-1	
4	1	53	1	1	0	1457	2839	325	29	-1	
5	1	53	1	1	1	1457	2845	20	21	88.453056	1,
5	1	53	1	1	2	1495	2844	40	21	26.587997	Τι
5	1	53	1	1	3	1551	2850	25	14	58.532825	τα
5	1	53	1	1	4	1595	2841	81	27	60.486137	θηλυκά
5	1	53	1	1	5	1685	2839	97	28	0.000000	Ιαμυοερί-
4	1	53	1	2	0	1417	2874	366	35	-1	
5	1	53	1	2	1	1417	2882	48	27	36.619888	Ίφια
5	1	53	1	2	2	1483	2879	118	27	71.336121	ενισχύεται
5	1	53	1	2	3	1615	2884	14	14	79.462631	ο
5	1	53	1	2	4	1654	2874	129	29	29.331520	παρχγωγὸς
4	1	53	1	3	0	1077	2889	705	55	-1	
5	1	53	1	3	1	1077	2897	51	39	17.915993	ΜΒ
5	1	53	1	3	2	1145	2896	39	38	62.572685	ΤΑ
5	1	53	1	3	3	1198	2889	198	44	0.000000	ΣΠΦΙΜΝΙΦΤΕΡΑ
5	1	53	1	3	4	1469	2914	130	28	1.756271	πό
5	1	53	1	3	5	1615	2910	167	28	0.000000	οσα,
2	1	54	0	0	0	1116	2939	668	60	-1	
3	1	54	1	0	0	1116	2939	668	60	-1	
4	1	54	1	1	0	1116	2939	668	60	-1	
5	1	54	1	1	1	1116	2949	120	40	28.429840	ΜΛΥΣΙΚΛ
5	1	54	1	1	2	1255	2945	103	40	0.000000	ΚΗΙΤΡΑ
5	1	54	1	1	3	1417	2939	47	60	58.337715	[πα
5	1	54	1	1	4	1478	2958	26	20	92.785522	τη
5	1	54	1	1	5	1518	2948	118	28	47.519493	δυκτρησή
5	1	54	1	1	6	1649	2953	48	19	59.545029	τους
5	1	54	1	1	7	1708	2953	27	21	93.302139	µε
5	1	54	1	1	8	1746	2951	38	15	52.881756	σκο
2	1	55	0	0	0	1057	2983	727	266	-1	
3	1	55	1	0	0	1057	2983	727	192	-1	
4	1	55	1	1	0	1418	2983	273	61	-1	
5	1	55	1	1	1	1418	2995	36	49	33.009705	σύ
5	1	55	1	1	2	1466	2993	40	21	82.770508	την
5	1	55	1	1	3	1520	2983	171	31	76.753738	αναπαραγωγή.
4	1	55	1	2	0	1086	3015	697	54	-1	
5	1	55	1	2	1	1086	3043	34	21	11.852760	δε
5	1	55	1	2	2	1135	3041	104	28	12.633476	«νομικές»
5	1	55	1	2	3	1255	3046	36	14	53.195885	και
5	1	55	1	2	4	1301	3037	63	24	90.622391	ἄλλες
5	1	55	1	2	5	1374	3041	48	25	65.740189	συν
5	1	55	1	2	6	1444	3023	36	41	6.967529	.
5	1	55	1	2	7	1495	3022	41	22	63.331013	Ένα
5	1	55	1	2	8	1547	3029	27	15	93.353905	τα
5	1	55	1	2	9	1585	3017	104	49	5.067024	αρσεγικό
5	1	55	1	2	10	1706	3015	77	39	0.000000	αμνοε-
4	1	55	1	3	0	1058	3055	726	49	-1	
5	1	55	1	3	1	1058	3080	68	22	94.624298	θέσεις
5	1	55	1	3	2	1143	3085	36	13	55.155380	και
5	1	55	1	3	3	1192	3083	27	21	92.931023	µε
5	1	55	1	3	4	1229	3073	113	25	26.623154	αχουστικὁ
5	1	55	1	3	5	1367	3071	46	31	65.006798	τρὀ-
5	1	55	1	3	6	1429	3063	61	46	0.000000	ἠνννὰ
5	1	55	1	3	7	1508	3064	125	25	35.743683	χαρηγεΐται
5	1	55	1	3	8	1653	3055	131	31	0.000000	θισοδηµατι-
4	1	55	1	4	0	1057	3093	727	50	-1	
5	1	55	1	4	1	1057	3122	35	18	93.464951	πο,
5	1	55	1	4	2	1107	3121	21	14	88.970337	οι
5	1	55	1	4	3	1148	3111	130	28	49.136543	Ὑπαρτιάπες
5	1	55	1	4	4	1309	3094	104	49	28.743347	προωγὀν-
5	1	55	1	4	5	1471	3097	100	27	94.257637	ενίσχυση
5	1	55	1	4	6	1586	3095	42	21	74.363998	160
5	1	55	1	4	7	1640	3095	48	27	93.200302	δρχ.
5	1	55	1	4	8	1705	3093	79	22	72.000626	συνολι-
4	1	55	1	5	0	1057	3131	643	44	-1	
5	1	55	1	5	1	1057	3156	76	16	38.922340	τουσαλ
5	1	55	1	5	2	1148	3149	129	26	23.580391	πνευματύκὰ,
5	1	55	1	5	3	1292	3156	38	13	81.804924	και
5	1	55	1	5	4	1353	3140	105	35	52.229877	φυχι
5	1	55	1	5	5	1432	3136	30	43	0.000000	δν
5	1	55	1	5	6	1473	3133	55	21	10.965584	κατὰ,
5	1	55	1	5	7	1543	3132	47	21	33.964417	κιλό
5	1	55	1	5	8	1603	3131	97	27	36.371059	χρέαπος.
3	1	55	2	0	0	1057	3181	365	31	-1	
4	1	55	2	1	0	1057	3181	365	31	-1	
5	1	55	2	1	1	1057	3187	28	21	31.671104	κἀ
5	1	55	2	1	2	1099	3184	99	28	78.706207	διαρκώς,
5	1	55	2	1	3	1215	3186	55	24	58.929512	γιατί
5	1	55	2	1	4	1282	3185	82	27	32.624977	υπήρχε
5	1	55	2	1	5	1375	3181	47	22	82.941269	παι|
3	1	55	3	0	0	1058	3219	354	30	-1	
4	1	55	3	1	0	1058	3219	354	30	-1	
5	1	55	3	1	1	1058	3221	92	24	79.590378	δευτικός
5	1	55	3	1	2	1167	3221	138	28	86.628944	χαρακτήρας
5	1	55	3	1	3	1326	3219	86	27	0.000000	όμιμος
2	1	56	0	0	0	1189	3010	95	8	-1	
3	1	56	1	0	0	1189	3010	95	8	-1	
4	1	56	1	1	0	1189	3010	95	8	-1	
5	1	56	1	1	1	1189	3010	95	8	95.000000	 
2	1	57	0	0	0	710	3055	349	319	-1	
3	1	57	1	0	0	710	3055	349	319	-1	
4	1	57	1	1	0	718	3055	300	99	-1	
5	1	57	1	1	1	718	3055	300	99	95.000000	  
4	1	57	1	2	0	718	3154	297	35	-1	
5	1	57	1	2	1	718	3154	297	35	95.000000	 
4	1	57	1	3	0	718	3189	285	37	-1	
5	1	57	1	3	1	718	3189	285	37	95.000000	 
4	1	57	1	4	0	721	3226	281	38	-1	
5	1	57	1	4	1	721	3226	281	38	95.000000	 
4	1	57	1	5	0	741	3264	318	36	-1	
5	1	57	1	5	1	741	3264	318	36	95.000000	 
4	1	57	1	6	0	710	3300	345	74	-1	
5	1	57	1	6	1	710	3300	345	74	95.000000	 
2	1	58	0	0	0	1483	3201	252	26	-1	
3	1	58	1	0	0	1483	3201	252	26	-1	
4	1	58	1	1	0	1483	3201	252	26	-1	
5	1	58	1	1	1	1483	3203	74	24	90.699348	ΑΦΟΙ
5	1	58	1	1	2	1571	3201	164	24	67.793037	«ΔΙΑΜΑΝΤΗ
2	1	59	0	0	0	689	3078	14	366	-1	
3	1	59	1	0	0	689	3078	14	366	-1	
4	1	59	1	1	0	689	3078	14	366	-1	
5	1	59	1	1	1	689	3078	14	366	95.000000	 
2	1	60	0	0	0	330	3235	1472	298	-1	
3	1	60	1	0	0	330	3235	1472	298	-1	
4	1	60	1	1	0	330	3235	1448	51	-1	
5	1	60	1	1	1	330	3254	60	24	13.903793	«0
5	1	60	1	1	2	402	3263	22	14	65.006401	κ.
5	1	60	1	1	3	438	3254	99	28	25.397659	Χρήστος
5	1	60	1	1	4	552	3252	30	22	88.263443	Π.
5	1	60	1	1	5	613	3250	75	23	44.639938	Δεδού-
5	1	60	1	1	6	1059	3265	35	15	54.102203	καὶ
5	1	60	1	1	7	1113	3257	92	29	21.632706	μόνυμος.
5	1	60	1	1	8	1443	3240	86	23	96.148277	ΛΕΩΦ.
5	1	60	1	1	9	1545	3235	233	27	72.692505	ΒΟΥΛΙΑΓΜΕΝΗΣ
4	1	60	1	2	0	332	3241	1466	79	-1	
5	1	60	1	2	1	332	3300	39	20	93.222260	σης
5	1	60	1	2	2	384	3291	79	22	28.147209	ἑστειλε
5	1	60	1	2	3	475	3290	42	22	81.423096	απὀ
5	1	60	1	2	4	528	3296	39	21	93.234612	την
5	1	60	1	2	5	580	3287	107	29	37.666584	Κομοπινὴ
5	1	60	1	2	6	1491	3274	42	23	36.296505	550
5	1	60	1	2	7	1543	3271	187	25	87.893799	ΗΛΙΟΥΠΟΛΙΣ
5	1	60	1	2	8	1793	3241	5	64	86.875443	|
4	1	60	1	3	0	331	3305	1441	50	-1	
5	1	60	1	3	1	331	3327	68	23	94.839508	6.000
5	1	60	1	3	2	410	3334	38	21	90.613907	για
5	1	60	1	3	3	456	3333	25	15	88.041885	πο
5	1	60	1	3	4	494	3324	79	23	31.311172	συλα
5	1	60	1	3	5	582	3323	105	26	30.042503	Αγιάτων,
5	1	60	1	3	6	1083	3311	93	23	67.050903	Ἔθελαν
5	1	60	1	3	7	1185	3310	53	22	86.108315	πολὺ
5	1	60	1	3	8	1248	3316	25	16	78.729286	γα
5	1	60	1	3	9	1286	3311	80	27	61.696251	μάθουν
5	1	60	1	3	10	1378	3316	37	14	6.689613	πι
5	1	60	1	3	11	1450	3309	116	25	83.148346	ΑΘΗΝΑΙ
5	1	60	1	3	12	1578	3308	66	24	96.524864	ΤΗΛ.
5	1	60	1	3	13	1655	3305	117	25	64.442322	59.19.6472
4	1	60	1	4	0	330	3302	1470	88	-1	
5	1	60	1	4	1	330	3363	68	21	76.967270	6.000
5	1	60	1	4	2	429	3369	38	21	70.361549	για
5	1	60	1	4	3	497	3368	25	14	56.901798	πο.
5	1	60	1	4	4	556	3359	130	29	58.686874	Γηροκομείο
5	1	60	1	4	5	1057	3350	105	28	48.984558	μάθαιναν
5	1	60	1	4	6	1178	3348	105	28	64.478134	πρόθυμα,
5	1	60	1	4	7	1301	3345	58	29	0.000000	γιατί
5	1	60	1	4	8	1384	3329	41	36	8.602341	-
5	1	60	1	4	9	1441	3339	117	39	66.685173	ΦΩΤΙΣΤ.
5	1	60	1	4	10	1555	3343	67	23	0.000000	ἡΚλ.
5	1	60	1	4	11	1634	3302	166	77	42.562557	ΚΡΥΣΤΑΛΑΙ
4	1	60	1	5	0	330	3375	1443	51	-1	
5	1	60	1	5	1	330	3399	108	27	73.207245	Σπάρτης,
5	1	60	1	5	2	457	3396	67	22	83.705658	5.000
5	1	60	1	5	3	542	3403	38	21	4.931190	για
5	1	60	1	5	4	592	3403	23	13	77.801056	πο
5	1	60	1	5	5	631	3395	65	28	51.996937	ηρώο,
5	1	60	1	5	6	706	3391	81	39	43.154263	πρεπε».
5	1	60	1	5	7	800	3389	76	28	0.000000	Ανιόμα
5	1	60	1	5	8	886	3389	82	27	51.490498	υπήρχε
5	1	60	1	5	9	980	3386	82	29	71.468109	μεγάλο
5	1	60	1	5	10	1072	3386	68	27	70.146194	νόημα
5	1	60	1	5	11	1156	3391	43	18	94.031448	στις
5	1	60	1	5	12	1214	3383	106	23	65.977844	αυνθέσεις
5	1	60	1	5	13	1333	3388	36	14	93.300880	και
5	1	60	1	5	14	1381	3380	44	27	2.613815	πὲ-ὶ
5	1	60	1	5	15	1451	3377	198	26	50.393951	ΠΟΡΣΕΛΑΝΕΣ
5	1	60	1	5	16	1655	3389	11	5	35.957436	-
5	1	60	1	5	17	1671	3375	102	26	35.957436	ΔΙΑΚΟ’
4	1	60	1	6	0	330	3378	1471	84	-1	
5	1	60	1	6	1	330	3441	43	15	90.525635	των
5	1	60	1	6	2	386	3433	13	22	9.427597	δ
5	1	60	1	6	3	414	3433	123	29	73.805481	αεροπὀρων
5	1	60	1	6	4	551	3439	50	21	62.077671	µκις,
5	1	60	1	6	5	614	3438	37	14	78.346909	και
5	1	60	1	6	6	665	3429	22	22	17.387932	ὅ.
5	1	60	1	6	7	702	3428	47	24	0.000000	λεία
5	1	60	1	6	8	756	3426	118	28	12.773125	μεθόδευση
5	1	60	1	6	9	886	3431	38	21	46.492073	Ύιο,
5	1	60	1	6	10	934	3423	54	29	62.849842	ορθἡ
5	1	60	1	6	11	998	3421	184	30	57.242416	εκφραστικότητα
5	1	60	1	6	12	1191	3427	37	15	84.103432	καὶ,
5	1	60	1	6	13	1238	3417	175	27	37.714729	οκουστυκότητα,
5	1	60	1	6	14	1423	3409	164	4	0.000000	ΙΣΜΗΤΙΚΑ-
5	1	60	1	6	15	1595	3413	81	25	86.076614	ΔΩΡΑ.
5	1	60	1	6	16	1796	3378	5	74	84.637497	|
4	1	60	1	7	0	331	3444	1470	75	-1	
5	1	60	1	7	1	331	3470	44	22	91.199516	000
5	1	60	1	7	2	390	3477	37	20	84.326378	για
5	1	60	1	7	3	443	3476	23	14	93.266403	το
5	1	60	1	7	4	478	3468	47	21	71.439720	Ναὸ
5	1	60	1	7	5	536	3467	43	28	88.766243	Αγ.
5	1	60	1	7	6	598	3460	82	59	17.350121	Νοιολά,
5	1	60	1	7	7	738	3462	56	28	72.869324	(Απὸ
5	1	60	1	7	8	809	3469	26	14	96.855309	το
5	1	60	1	7	9	847	3461	68	28	96.266563	βιβλίο
5	1	60	1	7	10	927	3467	36	14	93.120674	του
5	1	60	1	7	11	976	3457	150	32	47.320801	αρχηιουσικού
5	1	60	1	7	12	1141	3456	87	28	40.386654	Μιχάχη
5	1	60	1	7	13	1245	3453	111	29	57.828720	Μαχαίρα,
5	1	60	1	7	14	1364	3447	50	38	66.712013	οδός
5	1	60	1	7	15	1533	3444	157	38	64.771431	ΕΥΧΟΝΤΑΙ
5	1	60	1	7	16	1798	3452	3	20	68.915520	]
4	1	60	1	8	0	332	3468	1470	65	-1	
5	1	60	1	8	1	332	3513	24	15	73.432991	ου
5	1	60	1	8	2	370	3504	151	29	50.457989	Ῥεωργιωσίου.
5	1	60	1	8	3	702	3498	107	28	87.840103	Καλαμὼν
5	1	60	1	8	4	826	3497	96	28	87.455460	Σπάρτη,
5	1	60	1	8	5	937	3496	116	28	0.000000	παρέχεται
5	1	60	1	8	6	1070	3491	105	31	66.790024	δωρεάν)
5	1	60	1	8	7	1324	3498	2	2	1.794479	;
5	1	60	1	8	8	1422	3481	247	30	62.256767	ΓΕΥΤΥΧΙΣΜΕΝΟ
5	1	60	1	8	9	1677	3483	36	22	87.543564	το
5	1	60	1	8	10	1729	3468	52	48	77.488586	1987
5	1	60	1	8	11	1797	3472	5	17	77.488586	ἱ
2	1	61	0	0	0	2304	137	147	24	-1	
3	1	61	1	0	0	2304	137	147	24	-1	
4	1	61	1	1	0	2304	137	147	24	-1	
5	1	61	1	1	1	2304	138	80	23	23.659019	δελίδο
5	1	61	1	1	2	2393	137	16	20	89.139236	4
5	1	61	1	1	3	2420	149	31	4	66.094238	----
2	1	62	0	0	0	1844	176	637	18	-1	
3	1	62	1	0	0	1844	176	637	18	-1	
4	1	62	1	1	0	1844	176	637	18	-1	
5	1	62	1	1	1	1844	176	637	18	95.000000	 
2	1	63	0	0	0	1927	229	399	82	-1	
3	1	63	1	0	0	1927	229	399	82	-1	
4	1	63	1	1	0	1927	229	399	82	-1	
5	1	63	1	1	1	1927	229	399	82	90.028831	Χωροταξία
2	1	64	0	0	0	1774	335	734	1505	-1	
3	1	64	1	0	0	1913	335	462	98	-1	
4	1	64	1	1	0	1913	335	430	34	-1	
5	1	64	1	1	1	1913	342	32	21	86.990601	Τα
5	1	64	1	1	2	1954	341	78	28	0.000000	ποτάμι
5	1	64	1	1	3	2040	346	42	16	84.686401	που
5	1	64	1	1	4	2091	337	88	30	47.173004	χωρίζει
5	1	64	1	1	5	2187	342	51	18	78.425911	πους
5	1	64	1	1	6	2245	335	98	28	88.642021	βόρειους
4	1	64	1	2	0	1974	372	309	32	-1	
5	1	64	1	2	1	1974	376	83	28	93.460815	Δήμους
5	1	64	1	2	2	2068	382	27	21	81.638428	µε
5	1	64	1	2	3	2103	380	50	18	85.352875	τους
5	1	64	1	2	4	2161	372	78	29	59.338955	μύλους
5	1	64	1	2	5	2248	378	35	13	96.381424	του
4	1	64	1	3	0	1967	404	408	29	-1	
5	1	64	1	3	1	1967	412	44	21	75.743874	Ίου
5	1	64	1	3	2	2025	408	144	24	89.637848	ΔΗΜΗΤΡΗ
5	1	64	1	3	3	2180	408	24	21	65.670715	Τ.
5	1	64	1	3	4	2216	404	159	24	43.577332	ΚΛΑΛΔΙΛΝΗ
3	1	64	2	0	0	1774	449	727	1070	-1	
4	1	64	2	1	0	1797	449	688	34	-1	
5	1	64	2	1	1	1797	463	19	17	92.007133	Ἡ
5	1	64	2	1	2	1828	460	95	23	51.793472	ποτοαµιά
5	1	64	2	1	3	1933	463	41	14	96.022949	που
5	1	64	2	1	4	1982	457	90	24	69.831947	χωρίζει,
5	1	64	2	1	5	2082	460	44	15	74.577652	τΏΝ
5	1	64	2	1	6	2136	454	69	19	46.616978	ποϊλνός
5	1	64	2	1	7	2215	451	116	21	35.344856	αστανιά
5	1	64	2	1	8	2341	460	10	5	86.070099	-
5	1	64	2	1	9	2361	449	124	22	33.876808	Εαστόρειο
4	1	64	2	2	0	1774	480	710	41	-1	
5	1	64	2	2	1	1774	504	28	17	91.382439	µε
5	1	64	2	2	2	1816	502	28	14	93.244072	τα
5	1	64	2	2	3	1853	497	62	19	74.804909	άλλος
5	1	64	2	2	4	1924	493	118	25	39.040863	γεντονινάς
5	1	64	2	2	5	2050	491	80	24	94.003616	χωριά,
5	1	64	2	2	6	2141	494	42	17	92.219986	την
5	1	64	2	2	7	2195	487	106	24	38.107735	Αλευρού,
5	1	64	2	2	8	2315	492	28	13	68.668320	τοι
5	1	64	2	2	9	2356	480	128	32	9.652672	Περιξόλιο,
4	1	64	2	3	0	1775	524	710	32	-1	
5	1	64	2	3	1	1775	538	25	15	90.709686	το
5	1	64	2	3	2	1815	532	127	24	39.302181	Γεωρνίσαι,
5	1	64	2	3	3	1949	535	28	14	83.837418	το
5	1	64	2	3	4	1989	528	138	23	0.000000	Δογριανήιο,
5	1	64	2	3	5	2139	530	43	16	62.147568	την
5	1	64	2	3	6	2193	524	118	23	92.287224	Αγόριανη
5	1	64	2	3	7	2322	526	40	15	67.445625	κο
5	1	64	2	3	8	2374	526	50	18	16.980331	τόους
5	1	64	2	3	9	2435	524	50	15	83.123062	συν-
4	1	64	2	4	0	1775	551	714	41	-1	
5	1	64	2	4	1	1775	568	110	24	62.418945	«ικισμούς
5	1	64	2	4	2	1895	572	49	18	91.484535	τους
5	1	64	2	4	3	1956	570	91	16	29.066490	καπου
5	1	64	2	4	4	2061	568	26	16	87.845856	σε
5	1	64	2	4	5	2098	562	56	22	65.992432	αυτή
5	1	64	2	4	6	2167	560	108	23	40.007874	συβρέουν
5	1	64	2	4	7	2287	564	23	13	91.549362	οι
5	1	64	2	4	8	2320	558	71	23	55.634178	πηγές
5	1	64	2	4	9	2403	561	42	17	80.976746	του
5	1	64	2	4	10	2455	551	34	30	88.863983	Α-
4	1	64	2	5	0	1777	594	710	34	-1	
5	1	64	2	5	1	1777	606	90	22	47.413464	γιώννη,
5	1	64	2	5	2	1879	608	38	14	84.239281	του
5	1	64	2	5	3	1935	602	47	19	6.706284	Πὶσ'
5	1	64	2	5	4	1998	600	104	23	15.054405	Ἁγιάνναν
5	1	64	2	5	5	2121	598	106	23	13.878929	(ύδρευση
5	1	64	2	5	6	2241	594	160	23	85.651611	Περιθολίων),
5	1	64	2	5	7	2417	598	16	15	64.025345	π
5	1	64	2	5	8	2447	596	40	19	64.671204	χα
4	1	64	2	6	0	1779	628	705	36	-1	
5	1	64	2	6	1	1779	642	71	22	85.432167	ράδρα
5	1	64	2	6	2	1860	644	39	16	78.105347	του
5	1	64	2	6	3	1915	637	91	20	53.024326	«λουνό»
5	1	64	2	6	4	2015	641	45	15	65.717606	που
5	1	64	2	6	5	2070	634	131	19	53.023598	νοεθαίνει
5	1	64	2	6	6	2209	631	45	19	75.014999	από
5	1	64	2	6	7	2266	635	43	16	14.786499	Πιν
5	1	64	2	6	8	2322	628	162	23	0.000000	Ἀλετρέῦνι
5	1	64	2	6	9	2445	624	42	33	0.000000	(ο)
4	1	64	2	7	0	1778	664	710	34	-1	
5	1	64	2	7	1	1778	677	59	21	27.461380	Δέσα
5	1	64	2	7	2	1849	680	39	15	68.772232	καὶ
5	1	64	2	7	3	1902	678	29	15	70.380219	τα
5	1	64	2	7	4	1946	672	147	24	35.943306	Βρυσσώτωκο,
5	1	64	2	7	5	2110	670	60	20	46.863808	κάτω
5	1	64	2	7	6	2181	668	44	20	87.746796	από
5	1	64	2	7	7	2241	670	41	16	91.536514	τον
5	1	64	2	7	8	2300	666	88	22	16.172798	΄Άνγιο.
5	1	64	2	7	9	2400	664	88	20	39.989437	Παάντε-
4	1	64	2	8	0	1778	696	710	40	-1	
5	1	64	2	8	1	1778	713	111	21	36.205582	λεήμωνο,
5	1	64	2	8	2	1903	714	27	14	95.595749	το
5	1	64	2	8	3	1947	696	180	40	27.820663	Γεωργιτσάνώκα
5	1	64	2	8	4	2139	705	79	23	37.142876	ρέμµοι,
5	1	64	2	8	5	2233	708	15	13	67.487717	ο
5	1	64	2	8	6	2258	701	143	22	70.031662	Ἀλευρίτωιος
5	1	64	2	8	7	2419	698	69	23	37.950062	«πάρ-
4	1	64	2	9	0	1779	738	711	33	-1	
5	1	64	2	9	1	1779	748	87	23	77.812920	δαρης»,
5	1	64	2	9	2	1877	751	39	14	45.358330	καὶ
5	1	64	2	9	3	1925	743	127	23	71.261261	αποτελούν
5	1	64	2	9	4	2065	746	26	15	83.854881	το
5	1	64	2	9	5	2103	741	108	23	24.127686	χείμαρρο
5	1	64	2	9	6	2225	738	137	21	43.701210	«Κάστωρο»,
5	1	64	2	9	7	2374	739	52	20	42.430573	πρυν
5	1	64	2	9	8	2439	738	51	15	37.377113	Εχος-
4	1	64	2	10	0	1780	770	711	35	-1	
5	1	64	2	10	1	1780	784	26	18	91.812805	τό
5	1	64	2	10	2	1817	783	87	22	54.354546	χρόνιο,
5	1	64	2	10	3	1919	781	60	20	87.815735	ήταν
5	1	64	2	10	4	1993	779	95	23	67.772331	γεμάτος
5	1	64	2	10	5	2104	777	45	21	93.296036	από
5	1	64	2	10	6	2161	774	139	24	77.147789	υδρέµυλους.
5	1	64	2	10	7	2317	772	53	19	57.965561	Ἐπεί
5	1	64	2	10	8	2399	770	92	21	84.818138	ἄλεδαν,
4	1	64	2	11	0	1780	806	711	35	-1	
5	1	64	2	11	1	1780	820	44	19	90.104362	όλα
5	1	64	2	11	2	1833	822	29	15	95.102020	τα
5	1	64	2	11	3	1872	817	71	24	93.574089	χωριά
5	1	64	2	11	4	1956	820	45	15	91.685150	των
5	1	64	2	11	5	2009	814	95	23	18.403511	θδβείων
5	1	64	2	11	6	2115	813	86	21	95.364838	Δήμων,
5	1	64	2	11	7	2212	814	29	17	13.947693	το
5	1	64	2	11	8	2252	807	132	25	11.493744	γειννήµατός
5	1	64	2	11	9	2393	810	56	19	96.437592	τους.
5	1	64	2	11	10	2462	806	29	18	46.547321	Οι
4	1	64	2	12	0	1781	842	712	36	-1	
5	1	64	2	12	1	1781	855	64	23	78.051277	μύλοι
5	1	64	2	12	2	1857	853	63	20	33.267532	αωταί
5	1	64	2	12	3	1934	852	92	21	15.157333	οἰνήρωενι
5	1	64	2	12	4	2035	853	63	19	72.292526	στους
5	1	64	2	12	5	2117	845	201	25	16.409119	Ποαρασπευόπουλα
5	1	64	2	12	6	2329	848	42	17	84.368416	στα
5	1	64	2	12	7	2387	842	106	26	0.000000	«Ἑουπτσο-
4	1	64	2	13	0	1783	878	709	35	-1	
5	1	64	2	13	1	1783	891	72	22	22.920700	μίλισο
5	1	64	2	13	2	1866	898	10	5	48.386688	-
5	1	64	2	13	3	1888	889	114	21	60.883980	υπάρχουν
5	1	64	2	13	4	2011	890	29	17	65.241119	τα
5	1	64	2	13	5	2051	885	91	22	69.688614	ερείπιο,
5	1	64	2	13	6	2155	888	38	14	39.011150	του
5	1	64	2	13	7	2205	881	81	23	0.000000	οριόµη,
5	1	64	2	13	8	2300	879	74	23	36.215248	ΑἈφούς
5	1	64	2	13	9	2385	878	107	22	34.113190	εΕάρχους,
4	1	64	2	14	0	1783	911	709	34	-1	
5	1	64	2	14	1	1783	928	39	17	73.844894	στα
5	1	64	2	14	2	1839	922	124	20	0.000000	νονΜονίό
5	1	64	2	14	3	1978	922	95	21	69.256485	ὑπόρχεν
5	1	64	2	14	4	2103	923	39	15	29.091957	Ἀφι
5	1	64	2	14	5	2154	922	16	15	0.000000	απ
5	1	64	2	14	6	2196	916	68	22	0.000000	θρύσι
5	1	64	2	14	7	2289	919	40	16	54.663422	του
5	1	64	2	14	8	2359	911	133	21	13.278343	Γιαοννοκού,
4	1	64	2	15	0	1782	946	712	36	-1	
5	1	64	2	15	1	1782	960	57	22	85.912666	µετά
5	1	64	2	15	2	1867	962	42	17	90.812027	την
5	1	64	2	15	3	1954	956	91	23	20.288429	μελη
5	1	64	2	15	4	2083	954	85	22	31.618347	γέφυρας
5	1	64	2	15	5	2192	954	54	15	96.040665	στον
5	1	64	2	15	6	2306	948	68	20	85.853180	πολιό
5	1	64	2	15	7	2413	946	81	23	55.491951	δρόμο
4	1	64	2	16	0	1783	982	712	36	-1	
5	1	64	2	16	1	1783	1000	29	17	0.894714	Μει
5	1	64	2	16	2	1826	999	28	13	93.629372	το
5	1	64	2	16	3	1864	994	52	24	0.000000	ζώο,
5	1	64	2	16	4	1922	997	40	17	0.000000	που
5	1	64	2	16	5	1975	992	95	21	34.422623	ἐθυγκινεὶ
5	1	64	2	16	6	2080	993	40	14	53.671188	στὸ
5	1	64	2	16	7	2132	986	130	23	35.213135	Σταυρούλα
5	1	64	2	16	8	2275	990	39	18	93.157814	της
5	1	64	2	16	9	2324	982	118	24	39.790382	Ἀλευρούς,
5	1	64	2	16	10	2455	985	40	15	95.734428	του
4	1	64	2	17	0	1785	1012	710	38	-1	
5	1	64	2	17	1	1785	1030	85	20	19.562744	Γιάννη
5	1	64	2	17	2	1878	1034	40	14	91.094536	του
5	1	64	2	17	3	1926	1026	143	24	3.738861	Καυτρευμπή
5	1	64	2	17	4	2082	1030	40	15	61.561211	κάν
5	1	64	2	17	5	2133	1024	77	18	93.273613	Πάνου
5	1	64	2	17	6	2220	1021	103	24	24.662506	Ἠζελέπη
5	1	64	2	17	7	2333	1024	42	14	61.959785	που
5	1	64	2	17	8	2385	1012	110	34	67.300240	διατηρεί-
4	1	64	2	18	0	1784	1053	711	36	-1	
5	1	64	2	18	1	1784	1070	37	14	73.238235	τον
5	1	64	2	18	2	1831	1066	75	23	21.178787	οικόµη
5	1	64	2	18	3	1915	1069	30	18	86.725876	µε
5	1	64	2	18	4	1955	1068	33	18	93.249413	τις
5	1	64	2	18	5	1997	1062	96	22	51.343235	χρµάρες
5	1	64	2	18	6	2108	1064	38	16	94.595428	του
5	1	64	2	18	7	2156	1064	33	17	96.272606	τις
5	1	64	2	18	8	2200	1057	134	22	29.815460	λιθόντιστες
5	1	64	2	18	9	2343	1059	40	14	93.228493	του
5	1	64	2	18	10	2392	1053	103	23	41.443478	μυλάόθλο
4	1	64	2	19	0	1786	1084	710	40	-1	
5	1	64	2	19	1	1786	1107	47	16	55.065773	κον,
5	1	64	2	19	2	1850	1098	148	26	36.145996	χαµπιλώτερα
5	1	64	2	19	3	2010	1104	13	13	84.570923	ο
5	1	64	2	19	4	2035	1097	68	23	30.617500	μύλος
5	1	64	2	19	5	2117	1100	39	13	91.687492	του
5	1	64	2	19	6	2169	1094	90	23	27.775993	Ἀτρότη
5	1	64	2	19	7	2274	1097	39	19	94.796097	του
5	1	64	2	19	8	2339	1084	157	33	30.720901	Σὐιοιρλατίνη-
4	1	64	2	20	0	1787	1124	710	36	-1	
5	1	64	2	20	1	1787	1137	115	23	19.219971	Σαριφάλη
5	1	64	2	20	2	1918	1141	38	13	48.756615	καὶ
5	1	64	2	20	3	1967	1140	14	13	29.086197	ο
5	1	64	2	20	4	1996	1131	185	26	0.000000	Ἑζωρτζαπεῖκος.
5	1	64	2	20	5	2194	1130	57	21	88.012383	Τους
5	1	64	2	20	6	2264	1126	172	24	14.989944	περισσάτερους,
5	1	64	2	20	7	2452	1124	45	20	49.149967	από
4	1	64	2	21	0	1787	1160	710	36	-1	
5	1	64	2	21	1	1787	1174	83	22	18.242554	αωτούς,
5	1	64	2	21	2	1885	1177	50	18	94.871696	τους
5	1	64	2	21	3	1947	1171	57	23	83.162338	πήρε
5	1	64	2	21	4	2018	1173	26	15	83.162338	το
5	1	64	2	21	5	2055	1167	83	23	40.106239	ποτάμι
5	1	64	2	21	6	2148	1171	29	18	89.991737	µε
5	1	64	2	21	7	2193	1169	33	20	92.512787	τις
5	1	64	2	21	8	2239	1164	98	24	41.743389	Μεγώλες
5	1	64	2	21	9	2365	1160	132	23	0.000000	«ατεθοσιές
4	1	64	2	22	0	1786	1193	712	39	-1	
5	1	64	2	22	1	1786	1215	42	14	35.661293	που
5	1	64	2	22	2	1840	1209	148	23	54.377480	γινόντουσαν
5	1	64	2	22	3	1999	1206	26	24	64.134132	εξ
5	1	64	2	22	4	2033	1204	73	23	0.000000	ατίος
5	1	64	2	22	5	2119	1206	47	16	43.703278	των
5	1	64	2	22	6	2178	1200	172	27	64.232422	ξεχερσωµάτων
5	1	64	2	22	7	2361	1202	48	15	4.649803	των.
5	1	64	2	22	8	2423	1193	75	31	96.381439	δασών
4	1	64	2	23	0	1788	1233	710	35	-1	
5	1	64	2	23	1	1788	1246	43	21	69.310989	απὀ
5	1	64	2	23	2	1839	1250	50	18	93.275146	τους
5	1	64	2	23	3	1897	1244	138	22	21.110985	Αλαγόνιευς
5	1	64	2	23	4	2044	1240	80	23	76.171631	πυρίως
5	1	64	2	23	5	2132	1242	39	16	2.730797	φιώι
5	1	64	2	23	6	2181	1242	49	19	93.919502	τους
5	1	64	2	23	7	2241	1236	102	23	93.259972	συνεχείς
5	1	64	2	23	8	2352	1233	146	24	23.291176	εµμπρησμούς,
4	1	64	2	24	0	1789	1269	709	36	-1	
5	1	64	2	24	1	1789	1287	39	18	90.780762	για
5	1	64	2	24	2	1837	1280	133	25	72.566299	δημιουργία
5	1	64	2	24	3	1981	1278	126	23	9.504082	κτημάτων,
5	1	64	2	24	4	2116	1276	36	18	96.195908	Τα
5	1	64	2	24	5	2161	1273	139	22	41.132847	ιποιλονότεροα:
5	1	64	2	24	6	2309	1271	82	23	87.068039	χρόνια
5	1	64	2	24	7	2401	1269	97	26	80.060043	υπόφερε
4	1	64	2	25	0	1790	1306	709	34	-1	
5	1	64	2	25	1	1790	1324	14	15	90.149773	π
5	1	64	2	25	2	1821	1316	91	24	93.264610	περιοχή
5	1	64	2	25	3	1927	1316	45	21	81.031021	οἰπό
5	1	64	2	25	4	1985	1317	48	20	73.112274	τους
5	1	64	2	25	5	2048	1312	92	22	35.238632	θαλτούς
5	1	64	2	25	6	2153	1310	76	23	85.975883	αυτούς
5	1	64	2	25	7	2240	1306	139	25	43.543758	εμπρησμοσύς
5	1	64	2	25	8	2393	1310	40	14	45.760704	οι
5	1	64	2	25	9	2444	1306	55	17	37.470886	οὐνο-
4	1	64	2	26	0	1790	1335	708	40	-1	
5	1	64	2	26	1	1790	1354	156	21	49.419476	οτατώναντων
5	1	64	2	26	2	1961	1354	28	15	95.393875	τα
5	1	64	2	26	3	1999	1348	71	25	95.393875	χωριά
5	1	64	2	26	4	2085	1352	42	19	74.682007	ας
5	1	64	2	26	5	2140	1350	42	16	88.659218	που
5	1	64	2	26	6	2195	1346	99	22	33.190292	ἐτπρεχοίν
5	1	64	2	26	7	2309	1346	29	15	86.138405	νο
5	1	64	2	26	8	2349	1347	32	18	44.630123	τις
5	1	64	2	26	9	2395	1335	103	33	78.699097	σθήσουν.
4	1	64	2	27	0	1790	1376	711	36	-1	
5	1	64	2	27	1	1790	1390	20	18	86.878677	Ἡ
5	1	64	2	27	2	1824	1389	94	23	25.463226	ἐλλειῴη
5	1	64	2	27	3	1929	1380	47	30	76.738075	γης
5	1	64	2	27	4	1987	1386	57	22	94.549309	ήταν
5	1	64	2	27	5	2052	1389	29	14	79.511993	πο
5	1	64	2	27	6	2090	1382	88	25	33.822678	µεγόλο
5	1	64	2	27	7	2187	1380	117	24	50.870476	πρὀθληµαι
5	1	64	2	27	8	2315	1382	46	14	93.230499	των
5	1	64	2	27	9	2370	1376	131	24	15.225212	φρεσειδίων.
4	1	64	2	28	0	1791	1411	709	38	-1	
5	1	64	2	28	1	1791	1424	111	25	92.027382	χωρικών,
5	1	64	2	28	2	1917	1423	109	19	19.388443	Φαίνεται
5	1	64	2	28	3	2044	1420	57	23	72.099190	ὅμως
5	1	64	2	28	4	2112	1418	36	20	71.205330	ὅτι
5	1	64	2	28	5	2163	1420	40	16	6.702820	ποὺ
5	1	64	2	28	6	2217	1422	25	13	69.094986	τὸ
5	1	64	2	28	7	2258	1414	70	24	92.143166	χωριό
5	1	64	2	28	8	2339	1412	109	23	62.531044	Αλευρού,
5	1	64	2	28	9	2473	1411	27	18	21.796806	ἔα
4	1	64	2	29	0	1792	1448	708	36	-1	
5	1	64	2	29	1	1792	1462	50	22	64.223358	είχε
5	1	64	2	29	2	1854	1460	79	23	65.493088	μύλους
5	1	64	2	29	3	1944	1459	58	22	14.358765	Ἠέσα
5	1	64	2	29	4	2010	1460	41	18	71.624771	στρ
5	1	64	2	29	5	2061	1454	93	22	0.000000	Χοντινό
5	1	64	2	29	6	2163	1454	74	23	37.129982	ρέμµο
5	1	64	2	29	7	2245	1450	65	24	86.119774	αφού,
5	1	64	2	29	8	2321	1449	46	19	89.467491	από
5	1	64	2	29	9	2376	1453	28	16	96.386124	το
5	1	64	2	29	10	2415	1448	85	22	89.047310	αλεύρι,
4	1	64	2	30	0	1791	1490	400	29	-1	
5	1	64	2	30	1	1791	1497	140	22	33.660362	ονομάστηκε
5	1	64	2	30	2	1941	1500	13	13	47.238701	ο
5	1	64	2	30	3	1971	1491	137	23	48.900772	συνοικισμός
5	1	64	2	30	4	2119	1490	72	22	96.030663	αυτός.
3	1	64	3	0	0	1792	1518	716	322	-1	
4	1	64	3	1	0	1815	1518	685	36	-1	
5	1	64	3	1	1	1815	1532	48	19	54.838135	Στο
5	1	64	3	1	2	1877	1529	117	25	0.673248	θυζοαντινά
5	1	64	3	1	3	2005	1528	81	23	76.943703	χρόνιο
5	1	64	3	1	4	2100	1531	38	14	40.705605	και
5	1	64	3	1	5	2155	1522	141	23	0.000000	παλαιότερο,
5	1	64	3	1	6	2309	1526	17	15	0.000000	5
5	1	64	3	1	7	2335	1520	97	23	3.754570	ποτοµιά:
5	1	64	3	1	8	2445	1518	55	21	93.202896	αυτή
4	1	64	3	2	0	1792	1554	710	36	-1	
5	1	64	3	2	1	1792	1573	42	15	87.035019	που
5	1	64	3	2	2	1847	1568	87	22	84.777710	σήµερα
5	1	64	3	2	3	1951	1566	50	23	85.936111	ἔχευ
5	1	64	3	2	4	2014	1563	88	24	0.000000	μεγάλο
5	1	64	3	2	5	2118	1561	83	22	83.565277	πλάτος
5	1	64	3	2	6	2213	1564	39	16	51.197273	ρα
5	1	64	3	2	7	2267	1558	62	20	44.711769	είνου
5	1	64	3	2	8	2342	1556	86	23	43.164364	γεμάτη
5	1	64	3	2	9	2458	1554	44	19	91.726059	από
4	1	64	3	3	0	1793	1590	711	36	-1	
5	1	64	3	3	1	1793	1602	166	24	13.705261	παροισυρµένες
5	1	64	3	3	2	1974	1600	79	23	96.077873	πέτρες
5	1	64	3	3	3	2068	1602	39	15	92.545494	του
5	1	64	3	3	4	2121	1595	86	22	28.664780	θουνού,
5	1	64	3	3	5	2219	1592	137	23	54.875969	αποτελεύσε
5	1	64	3	3	6	2369	1590	135	23	41.870529	παλλιεργή-
4	1	64	3	4	0	1794	1625	710	37	-1	
5	1	64	3	4	1	1794	1644	53	18	48.959625	σιμη
5	1	64	3	4	2	1860	1642	29	19	64.695839	γη
5	1	64	3	4	3	1905	1637	69	23	54.864151	καθώς
5	1	64	3	4	4	1987	1640	25	15	92.735161	το
5	1	64	3	4	5	2027	1633	164	21	2.451126	αποδεικνύδυν
5	1	64	3	4	6	2204	1636	22	13	25.412109	οι
5	1	64	3	4	7	2243	1628	140	23	82.561890	ενατέρωθεν
5	1	64	3	4	8	2411	1625	93	24	57.422195	πλαγιές
4	1	64	3	5	0	1796	1661	709	34	-1	
5	1	64	3	5	1	1796	1675	40	19	85.364517	πού
5	1	64	3	5	2	1849	1674	62	19	82.232895	εἶνοι
5	1	64	3	5	3	1921	1673	68	22	60.235928	κήπει
5	1	64	3	5	4	2003	1670	128	20	0.000000	οιποδοτιονοὶ
5	1	64	3	5	5	2148	1674	29	17	82.844307	µε
5	1	64	3	5	6	2189	1665	109	24	23.335449	Ἀαρυδιές,
5	1	64	3	5	7	2311	1662	124	24	38.961266	λαστανιές,
5	1	64	3	5	8	2451	1661	54	21	0.000000	πλή-
4	1	64	3	6	0	1795	1698	711	37	-1	
5	1	64	3	6	1	1795	1715	60	20	53.350502	µατο
5	1	64	3	6	2	1868	1716	39	13	72.163162	και
5	1	64	3	6	3	1922	1708	108	24	0.000000	κερασµές.
5	1	64	3	6	4	2045	1706	59	21	13.905632	Ολη
5	1	64	3	6	5	2118	1704	56	21	18.587685	αωτή
5	1	64	3	6	6	2185	1708	15	15	64.829491	η
5	1	64	3	6	7	2217	1703	84	20	0.000000	ένιτρισαν
5	1	64	3	6	8	2312	1698	138	23	40.841705	αποτελούσε
5	1	64	3	6	9	2461	1701	45	16	88.549225	την
4	1	64	3	7	0	1799	1728	708	43	-1	
5	1	64	3	7	1	1799	1747	155	24	0.000000	πά(ν)στεήῃ,
5	1	64	3	7	2	1971	1749	29	14	86.171585	το
5	1	64	3	7	3	2015	1728	177	42	0.000000	«ξξουτσεμήλλοο,
5	1	64	3	7	4	2202	1739	68	24	0.000000	Μέχρι
5	1	64	3	7	5	2282	1742	28	14	93.262329	το
5	1	64	3	7	6	2321	1735	83	21	21.514557	ουλάφνι
5	1	64	3	7	7	2416	1739	40	14	92.910255	του
5	1	64	3	7	8	2470	1737	37	14	88.821053	νε-
4	1	64	3	8	0	1799	1769	709	38	-1	
5	1	64	3	8	1	1799	1784	37	23	91.974937	ρού
5	1	64	3	8	2	1847	1788	41	14	95.577904	που
5	1	64	3	8	3	1902	1783	90	22	8.971924	έρχεται
5	1	64	3	8	4	2002	1780	44	20	63.302338	από
5	1	64	3	8	5	2061	1783	41	15	91.732353	τον
5	1	64	3	8	6	2116	1778	48	18	53.496544	Πίσ᾽
5	1	64	3	8	7	2178	1775	106	25	66.341049	Αγιώννη
5	1	64	3	8	8	2296	1776	39	16	12.731621	Ἆοευ
5	1	64	3	8	9	2345	1769	107	23	66.119980	οποτελεί
5	1	64	3	8	10	2479	1772	29	15	74.019562	τα
4	1	64	3	9	0	1798	1800	710	40	-1	
5	1	64	3	9	1	1798	1819	114	21	66.902145	λεγόμενο
5	1	64	3	9	2	1925	1817	69	21	23.016579	«Ἡρίοι
5	1	64	3	9	3	2007	1815	118	19	0.000000	Δωλόρισο,
5	1	64	3	9	4	2141	1813	61	20	55.670830	Σπην
5	1	64	3	9	5	2211	1811	42	22	78.246536	µία
5	1	64	3	9	6	2263	1809	91	22	65.194328	πλευρά,
5	1	64	3	9	7	2366	1806	50	20	12.806717	εεί
5	1	64	3	9	8	2425	1800	40	32	92.065849	που
5	1	64	3	9	9	2478	1804	30	18	78.639763	εἰ-
2	1	65	0	0	0	2053	313	149	7	-1	
3	1	65	1	0	0	2053	313	149	7	-1	
4	1	65	1	1	0	2053	313	149	7	-1	
5	1	65	1	1	1	2053	313	149	7	95.000000	 
2	1	66	0	0	0	1799	1839	739	34	-1	
3	1	66	1	0	0	1799	1839	739	34	-1	
4	1	66	1	1	0	1799	1839	739	34	-1	
5	1	66	1	1	1	1799	1856	38	15	38.605877	νον
5	1	66	1	1	2	1849	1856	27	14	87.062729	το
5	1	66	1	1	3	1891	1849	107	24	59.325600	σηµεβινό
5	1	66	1	1	4	2009	1847	202	23	0.000000	νενιρατοφείὰ
5	1	66	1	1	5	2174	1839	33	38	0.000000	Ἔσυ
5	1	66	1	1	6	2222	1843	141	22	19.172531	Εοσταρείένν
5	1	66	1	1	7	2378	1846	14	13	28.761307	ο
5	1	66	1	1	8	2405	1839	115	23	22.345825	Άγιο-Νν-
2	1	67	0	0	0	1799	1872	712	141	-1	
3	1	67	1	0	0	1799	1872	712	141	-1	
4	1	67	1	1	0	1799	1872	711	36	-1	
5	1	67	1	1	1	1799	1887	75	21	0.000000	πόλος,
5	1	67	1	1	2	1885	1885	90	23	24.820221	σύρριζοο
5	1	67	1	1	3	1989	1887	37	14	93.042755	στο
5	1	67	1	1	4	2043	1881	73	21	58.949043	θουνό,
5	1	67	1	1	5	2130	1880	52	22	90.627014	είχε
5	1	67	1	1	6	2193	1877	82	21	61.106564	πτισθεί
5	1	67	1	1	7	2286	1882	17	16	43.527752	Ἡ
5	1	67	1	1	8	2320	1874	119	26	29.737518	θυζαντινή
5	1	67	1	1	9	2449	1872	61	22	62.397820	πολί-
4	1	67	1	2	0	1800	1910	710	34	-1	
5	1	67	1	2	1	1800	1926	46	18	88.508553	χνη
5	1	67	1	2	2	1855	1921	63	23	72.117233	χώρα:
5	1	67	1	2	3	1929	1919	97	23	29.563187	(σήμερα
5	1	67	1	2	4	2035	1916	148	22	27.535324	πολιόχωρα)
5	1	67	1	2	5	2192	1919	40	13	54.194546	καὶ
5	1	67	1	2	6	2240	1919	14	13	57.002647	ο
5	1	67	1	2	7	2263	1913	55	22	43.637169	ναός
5	1	67	1	2	8	2327	1911	66	23	88.119492	αυτός
5	1	67	1	2	9	2402	1910	60	20	9.378647	ἡπριν
5	1	67	1	2	10	2471	1913	39	18	64.705200	µη-
4	1	67	1	3	0	1800	1945	711	35	-1	
5	1	67	1	3	1	1800	1956	158	24	48.720890	τροπολιτνκός.
5	1	67	1	3	2	1973	1954	107	22	70.857819	Ανάμεσα
5	1	67	1	3	3	2092	1955	40	15	61.821121	ο
5	1	67	1	3	4	2143	1951	64	20	94.248276	πάνω
5	1	67	1	3	5	2219	1949	45	19	78.554520	από
5	1	67	1	3	6	2275	1952	45	17	93.268936	την
5	1	67	1	3	7	2330	1946	70	23	51.200481	πνή,
5	1	67	1	3	8	2413	1945	62	20	12.416992	εἰνρν
5	1	67	1	3	9	2484	1948	27	14	71.268295	π9
4	1	67	1	4	0	1800	1979	711	34	-1	
5	1	67	1	4	1	1800	1993	96	20	42.240940	απάλοιιο
5	1	67	1	4	2	1908	1995	40	18	91.016029	της
5	1	67	1	4	3	1964	1988	124	23	0.000000	Παναγιάς,
5	1	67	1	4	4	2099	1985	198	26	0.000000	ανλονραφπσμένο
5	1	67	1	4	5	2309	1989	30	18	80.653885	µε
5	1	67	1	4	6	2365	1981	117	23	76.101021	σποσµάνα
5	1	67	1	4	7	2495	1979	16	21	27.751915	ή
2	1	68	0	0	0	2526	1841	56	9	-1	
3	1	68	1	0	0	2526	1841	56	9	-1	
4	1	68	1	1	0	2526	1841	56	9	-1	
5	1	68	1	1	1	2526	1841	56	9	0.000000	πετηρρστο
2	1	69	0	0	0	1802	2017	734	35	-1	
3	1	69	1	0	0	1802	2017	734	35	-1	
4	1	69	1	1	0	1802	2017	734	35	-1	
5	1	69	1	1	1	1802	2027	115	25	20.282906	φβαρµέιναί
5	1	69	1	1	2	1928	2026	95	22	0.000000	αέτρινοί
5	1	69	1	1	3	2034	2024	60	23	59.572205	τόξου
5	1	69	1	1	4	2110	2027	40	19	73.419609	τς
5	1	69	1	1	5	2162	2021	88	20	48.558586	Ἐπσόδου
5	1	69	1	1	6	2265	2024	38	15	38.610542	γάιι
5	1	69	1	1	7	2321	2023	37	15	95.838074	του
5	1	69	1	1	8	2375	2017	61	23	55.882984	ιερού
5	1	69	1	1	9	2463	2019	47	18	25.554764	που,
5	1	69	1	1	10	2534	2027	2	2	59.527512	-
2	1	70	0	0	0	1802	2053	719	469	-1	
3	1	70	1	0	0	1802	2053	715	285	-1	
4	1	70	1	1	0	1802	2053	710	32	-1	
5	1	70	1	1	1	1802	2064	47	21	9.731003	ναβ’
5	1	70	1	1	2	1859	2063	51	22	95.992813	όλες
5	1	70	1	1	3	1924	2067	32	17	96.068115	τις
5	1	70	1	1	4	1969	2060	111	24	94.119087	ενδείξεις,
5	1	70	1	1	5	2093	2059	59	21	88.284698	ήταν
5	1	70	1	1	6	2163	2057	66	20	96.459023	Μονή
5	1	70	1	1	7	2243	2059	46	17	96.427414	των
5	1	70	1	1	8	2302	2053	103	20	63.494373	ποιλανών
5	1	70	1	1	9	2415	2054	97	21	75.607697	χριστια-
4	1	70	1	2	0	1803	2089	710	31	-1	
5	1	70	1	2	1	1803	2100	47	20	80.204086	νών
5	1	70	1	2	2	1859	2103	39	16	91.197647	του
5	1	70	1	2	3	1908	2098	68	19	79.634583	τόπευ
5	1	70	1	2	4	1986	2102	40	14	60.087807	αι
5	1	70	1	2	5	2035	2099	56	19	32.657158	στην
5	1	70	1	2	6	2100	2094	112	20	4.601929	οὐπέναϊντυ
5	1	70	1	2	7	2225	2091	83	24	90.939880	πλευρά
5	1	70	1	2	8	2319	2089	112	25	55.883068	υφώνετρα
5	1	70	1	2	9	2439	2093	15	14	73.743736	9
5	1	70	1	2	10	2461	2091	52	21	8.279755	Ύρο»
4	1	70	1	3	0	1803	2125	711	36	-1	
5	1	70	1	3	1	1803	2137	63	24	12.639351	φυνός
5	1	70	1	3	2	1875	2137	67	22	83.543961	λόφος
5	1	70	1	3	3	1954	2139	38	15	85.131363	τευ
5	1	70	1	3	4	2009	2134	5	6	0.000000	΄
5	1	70	1	3	5	2017	2133	59	23	0.000000	Αγιο
5	1	70	1	3	6	2084	2147	8	5	83.713913	-
5	1	70	1	3	7	2099	2131	47	20	43.727020	διά
5	1	70	1	3	8	2156	2136	42	15	78.150787	που
5	1	70	1	3	9	2211	2134	38	14	0.000000	πο
5	1	70	1	3	10	2258	2128	71	22	68.438454	οωτός,
5	1	70	1	3	11	2341	2127	57	23	84.082260	όπως
5	1	70	1	3	12	2408	2125	106	23	78.389900	δείχνουν
4	1	70	1	4	0	1805	2161	710	35	-1	
5	1	70	1	4	1	1805	2177	27	15	59.048035	τα
5	1	70	1	4	2	1846	2173	96	23	76.086594	ερεήπιος,
5	1	70	1	4	3	1956	2171	58	22	62.531174	ήταν
5	1	70	1	4	4	2026	2169	76	21	66.232193	Μονή,
5	1	70	1	4	5	2116	2172	40	16	87.839348	πεν
5	1	70	1	4	6	2171	2165	155	23	53.943321	λειτουργούσε
5	1	70	1	4	7	2343	2163	41	23	96.603104	έως
5	1	70	1	4	8	2399	2167	30	15	88.399193	ται
5	1	70	1	4	9	2439	2161	76	19	47.299953	τελευ-
4	1	70	1	5	0	1805	2197	710	45	-1	
5	1	70	1	5	1	1805	2209	51	20	24.176445	ταῄος
5	1	70	1	5	2	1868	2208	88	23	27.178505	χιράνιος,
5	1	70	1	5	3	1971	2201	75	41	0.000000	Σντενς,
5	1	70	1	5	4	2058	2205	94	22	67.983383	χρόνκυς
5	1	70	1	5	5	2169	2206	39	15	96.479919	του
5	1	70	1	5	6	2219	2200	107	24	72.899734	εμφυλίου
5	1	70	1	5	7	2359	2197	156	24	23.286049	µεταθλήδηνε
4	1	70	1	6	0	1806	2228	715	40	-1	
5	1	70	1	6	1	1806	2250	25	14	81.082535	σε
5	1	70	1	6	2	1843	2245	100	23	14.677856	φυλόφιις.
5	1	70	1	6	3	1957	2242	79	21	0.000000	Ἠείτον
5	1	70	1	6	4	2043	2239	105	23	94.999878	υπεράνω
5	1	70	1	6	5	2159	2243	39	17	93.289085	της
5	1	70	1	6	6	2212	2236	110	23	0.000000	δηµασιάς,
5	1	70	1	6	7	2336	2239	52	18	96.421631	προς
5	1	70	1	6	8	2398	2237	27	15	48.188702	το
5	1	70	1	6	9	2434	2228	87	31	0.000000	κτουὺ-
4	1	70	1	7	0	1805	2267	712	37	-1	
5	1	70	1	7	1	1805	2281	81	23	36.974442	ρσύλι»,
5	1	70	1	7	2	1897	2284	27	13	77.856842	το
5	1	70	1	7	3	1935	2277	97	23	60.866211	γραφικό
5	1	70	1	7	4	2043	2275	125	24	0.000000	εξωκκλήσι
5	1	70	1	7	5	2177	2277	40	19	61.996216	της
5	1	70	1	7	6	2229	2267	117	27	85.429581	Αλευρούς.
5	1	70	1	7	7	2360	2268	122	24	80.148727	Προφανώς
5	1	70	1	7	8	2495	2273	22	13	90.349640	ε-
4	1	70	1	8	0	1806	2301	562	37	-1	
5	1	70	1	8	1	1806	2317	42	21	0.000000	εί,
5	1	70	1	8	2	1863	2315	86	23	16.545242	υπήρηε
5	1	70	1	8	3	1963	2312	104	23	60.969711	Στουρός,
5	1	70	1	8	4	2076	2315	42	16	31.078552	πκο
5	1	70	1	8	5	2135	2310	90	22	90.669708	έδειχνε
5	1	70	1	8	6	2237	2311	43	17	28.966995	την
5	1	70	1	8	7	2295	2301	73	33	88.132698	Μονή.
3	1	70	2	0	0	1807	2339	713	177	-1	
4	1	70	2	1	0	1830	2339	688	34	-1	
5	1	70	2	1	1	1830	2352	64	21	67.394226	Κατά
5	1	70	2	1	2	1905	2354	43	17	93.139572	την
5	1	70	2	1	3	1960	2341	151	30	71.208046	παράδεση
5	1	70	2	1	4	2081	2335	29	42	82.996536	το
5	1	70	2	1	5	2119	2346	79	22	31.789825	ποτάμι
5	1	70	2	1	6	2210	2344	99	23	74.808266	χωνόταν
5	1	70	2	1	7	2319	2341	76	22	93.288033	αλλού,
5	1	70	2	1	8	2409	2340	54	20	60.468044	πίσρ
5	1	70	2	1	9	2473	2339	45	18	89.519203	οὐπό
4	1	70	2	2	0	1808	2375	711	34	-1	
5	1	70	2	2	1	1808	2392	25	15	82.958939	τα
5	1	70	2	2	2	1847	2386	130	23	10.812805	Στουρούλα,
5	1	70	2	2	3	1985	2376	61	27	92.708183	αλλά:
5	1	70	2	2	4	2057	2389	23	13	66.303101	οἱ
5	1	70	2	2	5	2093	2382	121	22	75.650269	καλόγεροι
5	1	70	2	2	6	2227	2384	37	18	81.460701	της
5	1	70	2	2	7	2278	2378	84	23	84.031151	Μιενής,
5	1	70	2	2	8	2373	2382	27	14	93.306221	τὸ
5	1	70	2	2	9	2412	2375	107	23	61.267605	ἑστριφαν
4	1	70	2	3	0	1807	2411	713	32	-1	
5	1	70	2	3	1	1807	2424	49	19	43.333820	ενεί
5	1	70	2	3	2	1867	2428	40	15	73.607323	πευ
5	1	70	2	3	3	1918	2423	60	18	34.165146	είναι
5	1	70	2	3	4	1987	2425	15	16	93.818695	η
5	1	70	2	3	5	2013	2418	108	24	61.058121	σηµερινή
5	1	70	2	3	6	2132	2422	39	14	0.000000	ευ
5	1	70	2	3	7	2180	2417	71	19	28.684128	χαίτη.
5	1	70	2	3	8	2263	2414	102	23	0.000000	Αρχίστε
5	1	70	2	3	9	2377	2418	31	13	93.249619	να
5	1	70	2	3	10	2420	2411	100	24	42.143929	γρόκρετε
4	1	70	2	4	0	1809	2448	711	33	-1	
5	1	70	2	4	1	1809	2464	43	17	93.091385	την
5	1	70	2	4	2	1865	2459	83	22	82.587143	ιστορία
5	1	70	2	4	3	1957	2460	46	16	86.650032	των
5	1	70	2	4	4	2015	2455	89	24	95.138954	χωριών
5	1	70	2	4	5	2116	2459	47	17	45.033875	σας,
5	1	70	2	4	6	2209	2451	82	23	1.787354	εστορία
5	1	70	2	4	7	2301	2450	61	18	93.283844	είναι
5	1	70	2	4	8	2372	2448	42	24	50.858921	µίο
5	1	70	2	4	9	2424	2448	46	22	44.251328	ὀφῃι
5	1	70	2	4	10	2479	2450	41	20	94.010483	της
4	1	70	2	5	0	1809	2483	667	39	-1	
5	1	70	2	5	1	1809	2491	152	31	55.672092	σνωνιότητας,
5	1	70	2	5	2	2408	2485	24	17	92.418694	Δ.
5	1	70	2	5	3	2447	2483	29	19	4.295502	Ε.
2	1	71	0	0	0	2393	2530	103	7	-1	
3	1	71	1	0	0	2393	2530	103	7	-1	
4	1	71	1	1	0	2393	2530	103	7	-1	
5	1	71	1	1	1	2393	2530	103	7	95.000000	 
2	1	72	0	0	0	2176	2534	215	7	-1	
3	1	72	1	0	0	2176	2534	215	7	-1	
4	1	72	1	1	0	2176	2534	215	7	-1	
5	1	72	1	1	1	2176	2534	215	7	95.000000	 
2	1	73	0	0	0	1815	2554	703	85	-1	
3	1	73	1	0	0	1815	2554	703	85	-1	
4	1	73	1	1	0	1815	2554	703	85	-1	
5	1	73	1	1	1	1815	2563	275	76	0.000000	Ηεκπα(ζσυσῃ
5	1	73	1	1	2	2106	2573	88	55	38.464996	ΠῃΙν
5	1	73	1	1	3	2210	2571	60	47	71.800217	Κα
5	1	73	1	1	4	2286	2556	97	70	80.818741	μετὰ
5	1	73	1	1	5	2394	2569	46	45	51.448994	τη
5	1	73	1	1	6	2458	2554	60	59	69.995667	21
2	1	74	0	0	0	1843	2661	677	77	-1	
3	1	74	1	0	0	1843	2661	677	77	-1	
4	1	74	1	1	0	1920	2661	497	37	-1	
5	1	74	1	1	1	1920	2671	44	21	93.243507	Του
5	1	74	1	1	2	1975	2671	124	27	14.087021	αεἶμνηατου
5	1	74	1	1	3	2109	2664	140	24	17.393311	ΓΕΩΡΓΙΟΥ
5	1	74	1	1	4	2261	2663	25	21	90.125580	Δ.
5	1	74	1	1	5	2299	2661	118	23	64.641464	ΤΚΔΕΚΑ.
4	1	74	1	2	0	1843	2700	677	38	-1	
5	1	74	1	2	1	1843	2714	45	21	91.000313	Στα
5	1	74	1	2	2	1905	2712	57	22	60.299076	1854
5	1	74	1	2	3	1975	2711	43	21	61.537544	απὀ
5	1	74	1	2	4	2032	2716	38	21	92.894539	την
5	1	74	1	2	5	2083	2699	143	43	43.650364	αντιβασιλεία
5	1	74	1	2	6	2236	2703	109	35	89.484238	εφηφίσθη
5	1	74	1	2	7	2362	2709	12	13	95.689331	ο
5	1	74	1	2	8	2389	2701	70	27	89.595322	Νόμος
5	1	74	1	2	9	2472	2700	48	27	92.298706	περί
2	1	75	0	0	0	1882	2541	112	7	-1	
3	1	75	1	0	0	1882	2541	112	7	-1	
4	1	75	1	1	0	1882	2541	112	7	-1	
5	1	75	1	1	1	1882	2541	112	7	95.000000	 
2	1	76	0	0	0	1996	2539	152	6	-1	
3	1	76	1	0	0	1996	2539	152	6	-1	
4	1	76	1	1	0	1996	2539	152	6	-1	
5	1	76	1	1	1	1996	2539	152	6	95.000000	 
2	1	77	0	0	0	2093	2642	148	6	-1	
3	1	77	1	0	0	2093	2642	148	6	-1	
4	1	77	1	1	0	2093	2642	148	6	-1	
5	1	77	1	1	1	2093	2642	148	6	95.000000	 
2	1	78	0	0	0	1807	2728	713	46	-1	
3	1	78	1	0	0	1807	2728	713	46	-1	
4	1	78	1	1	0	1807	2728	713	46	-1	
5	1	78	1	1	1	1807	2751	47	19	28.452515	ππων
5	1	78	1	1	2	1870	2742	53	32	57.867924	Δημ:
5	1	78	1	1	3	1937	2747	107	26	0.701675	Σχολετών
5	1	78	1	1	4	2060	2743	25	28	61.805767	µε
5	1	78	1	1	5	2100	2740	126	28	47.253910	επτάχρονή
5	1	78	1	1	6	2245	2737	144	28	0.416275	ὑπρχρεωπυνή
5	1	78	1	1	7	2407	2728	113	39	34.876511	πφοϊτηση,
2	1	79	0	0	0	1815	2766	713	543	-1	
3	1	79	1	0	0	1815	2766	713	543	-1	
4	1	79	1	1	0	1815	2766	705	39	-1	
5	1	79	1	1	1	1815	2791	37	13	96.616447	στο
5	1	79	1	1	2	1862	2783	96	20	76.086136	Ναύπλιο
5	1	79	1	1	3	1970	2788	43	17	90.113655	στις
5	1	79	1	1	4	2026	2779	26	21	96.348038	18
5	1	79	1	1	5	2067	2786	35	14	95.151634	του
5	1	79	1	1	6	2115	2777	101	27	75.391571	Φλεβάρη
5	1	79	1	1	7	2227	2775	100	27	93.561699	σύμφωνα
5	1	79	1	1	8	2336	2779	25	21	95.305565	µε
5	1	79	1	1	9	2371	2779	26	19	95.305565	τη
5	1	79	1	1	10	2409	2766	111	37	61.419605	Ἑαυαρυκὴ
4	1	79	1	2	0	1815	2807	705	37	-1	
5	1	79	1	2	1	1815	2819	136	25	52.617523	εκπαίδευση,
5	1	79	1	2	2	1966	2823	29	21	57.867653	μαι
5	1	79	1	2	3	2007	2817	67	26	12.969467	έμεινε
5	1	79	1	2	4	2087	2820	39	14	92.636261	στα
5	1	79	1	2	5	2138	2811	86	29	74.430984	χαρτά.
5	1	79	1	2	6	2237	2810	19	22	96.224564	0
5	1	79	1	2	7	2266	2808	71	28	35.534027	Κόμος
5	1	79	1	2	8	2348	2815	40	13	70.189224	ποὺ
5	1	79	1	2	9	2404	2807	116	28	76.310249	εφηφίσθη,
4	1	79	1	3	0	1815	2842	707	36	-1	
5	1	79	1	3	1	1815	2861	48	17	83.627602	τοὺς
5	1	79	1	3	2	1879	2852	125	24	58.833393	δασκάλους,
5	1	79	1	3	3	2017	2857	40	21	74.813705	της
5	1	79	1	3	4	2069	2848	147	28	51.194988	σποιχειώδους
5	1	79	1	3	5	2226	2845	140	26	40.555695	Εκποΐδευσης
5	1	79	1	3	6	2381	2842	97	28	36.318024	εχώρ.ζε,
5	1	79	1	3	7	2491	2848	31	18	94.501053	εις
4	1	79	1	4	0	1816	2878	706	39	-1	
5	1	79	1	4	1	1816	2889	85	28	92.608383	Νομών,
5	1	79	1	4	2	1909	2887	115	28	37.308533	Ἐπαρχιὼν
5	1	79	1	4	3	2033	2893	37	13	57.549248	και
5	1	79	1	4	4	2081	2883	77	29	93.229515	Δήμων
5	1	79	1	4	5	2167	2891	23	17	48.739426	α,
5	1	79	1	4	6	2203	2882	19	28	87.017715	β,
5	1	79	1	4	7	2233	2889	23	21	47.659691	Υ,
5	1	79	1	4	8	2268	2880	86	26	93.576241	τάξεως.
5	1	79	1	4	9	2368	2878	20	22	90.696838	Ο
5	1	79	1	4	10	2398	2878	124	24	53.864082	διδάσκαλος
4	1	79	1	5	0	1816	2914	706	38	-1	
5	1	79	1	5	1	1816	2925	21	27	0.000000	Υ΄
5	1	79	1	5	2	1850	2924	66	27	80.388367	τάξης
5	1	79	1	5	3	1931	2924	55	20	32.790146	χαπὰ
5	1	79	1	5	4	1997	2930	23	14	93.281548	το
5	1	79	1	5	5	2033	2921	68	28	92.653419	ἄρθρο
5	1	79	1	5	6	2116	2919	26	21	93.149940	11
5	1	79	1	5	7	2159	2917	113	29	60.056919	«χρεωστεί
5	1	79	1	5	8	2288	2915	135	27	76.966438	τουλάχιστον
5	1	79	1	5	9	2440	2914	18	22	16.034630	ν
5	1	79	1	5	10	2473	2920	49	15	42.301315	ανα-
4	1	79	1	6	0	1816	2949	706	39	-1	
5	1	79	1	6	1	1816	2960	114	28	47.965034	χιηνῶσκει
5	1	79	1	6	2	1946	2966	26	15	0.000000	Υα
5	1	79	1	6	3	1983	2958	88	28	75.608795	γράφει,
5	1	79	1	6	4	2087	2957	18	21	41.360420	ν΄
5	1	79	1	6	5	2119	2955	84	29	53.336594	αριθμεί
5	1	79	1	6	6	2218	2953	124	27	78.675293	ελευθέρως,
5	1	79	1	6	7	2358	2958	28	14	0.000000	Ὑα
5	1	79	1	6	8	2399	2949	71	29	80.495499	εξηγεί
5	1	79	1	6	9	2484	2955	38	22	95.429871	την
4	1	79	1	7	0	1815	2987	710	37	-1	
5	1	79	1	7	1	1815	2997	127	27	75.436325	κατήχησιν,
5	1	79	1	7	2	1955	3003	26	14	84.868515	να
5	1	79	1	7	3	1991	2993	92	29	35.212692	γνωρίζη
5	1	79	1	7	4	2096	2992	98	22	37.191734	οπωσοῦΥ
5	1	79	1	7	5	2204	2989	120	30	0.000000	φωνηπυνήν
5	1	79	1	7	6	2336	2987	101	29	37.390732	μουσωκήν
5	1	79	1	7	7	2449	2993	38	14	0.000000	Ἠαι
5	1	79	1	7	8	2497	2993	28	14	89.542686	να
4	1	79	1	8	0	1817	3012	708	50	-1	
5	1	79	1	8	1	1817	3034	45	28	75.436638	ὄχει
5	1	79	1	8	2	1874	3031	116	30	4.321892	πρακτικὰς
5	1	79	1	8	3	2001	3030	88	29	91.450462	γνώσεις
5	1	79	1	8	4	2102	3035	38	21	93.289612	της
5	1	79	1	8	5	2152	3027	136	29	23.307068	αγροναμίας,
5	1	79	1	8	6	2299	3019	139	39	85.713272	κηπουρικῆς,
5	1	79	1	8	7	2450	3012	75	44	60.290051	βομβυ-
4	1	79	1	9	0	1817	3058	709	42	-1	
5	1	79	1	9	1	1817	3069	115	31	85.917320	κατροφίας
5	1	79	1	9	2	1943	3077	37	14	86.795181	καὶ
5	1	79	1	9	3	1991	3066	193	31	53.937565	µελισσοτροφίας».
5	1	79	1	9	4	2200	3063	18	24	70.828644	0
5	1	79	1	9	5	2229	3064	71	28	90.969025	Νόμος
5	1	79	1	9	6	2311	3061	117	29	92.649422	προέβλεπε
5	1	79	1	9	7	2441	3067	36	14	29.854637	Ἆαι
5	1	79	1	9	8	2491	3058	35	22	59.519714	διὰ
4	1	79	1	10	0	1819	3095	708	41	-1	
5	1	79	1	10	1	1819	3107	87	29	65.966537	σχολεία
5	1	79	1	10	2	1920	3105	106	29	84.171204	κορασίων
5	1	79	1	10	3	2039	3104	63	28	53.094807	ἀρθρ.
5	1	79	1	10	4	2117	3102	28	22	61.727707	ὃ8
5	1	79	1	10	5	2159	3109	37	14	96.065819	«τα
5	1	79	1	10	6	2211	3100	86	29	89.195061	σχολεία,
5	1	79	1	10	7	2310	3105	43	15	80.576584	των
5	1	79	1	10	8	2363	3096	116	28	86.899338	πορασίων,
5	1	79	1	10	9	2508	3095	19	20	87.748863	ὁ-
4	1	79	1	11	0	1818	3131	708	35	-1	
5	1	79	1	11	1	1818	3151	41	15	74.981232	ποὺ
5	1	79	1	11	2	1870	3143	61	21	92.725937	τούτο
5	1	79	1	11	3	1945	3142	55	22	93.305801	εἶναι
5	1	79	1	11	4	2012	3140	96	24	81.094360	δυνατὀν,
5	1	79	1	11	5	2121	3139	75	27	83.773163	πρέπει
5	1	79	1	11	6	2211	3145	26	15	94.077950	να
5	1	79	1	11	7	2250	3137	55	21	88.736397	εἶναι
5	1	79	1	11	8	2319	3132	97	30	41.931503	χωριστά
5	1	79	1	11	9	2431	3131	41	21	0.000000	ὤπὸ
5	1	79	1	11	10	2485	3136	41	15	36.509445	τυν
4	1	79	1	12	0	1818	3167	709	39	-1	
5	1	79	1	12	1	1818	3179	89	25	59.492489	παίδων,
5	1	79	1	12	2	1921	3185	27	16	85.567062	να
5	1	79	1	12	3	1958	3177	136	29	1.093246	προϊσναντοι
5	1	79	1	12	4	2125	3175	19	21	69.066696	ὃ
5	1	79	1	12	5	2155	3174	71	22	46.060806	οωυτῶὼν
5	1	79	1	12	6	2256	3171	160	23	46.854549	διδασκάλισσαι
5	1	79	1	12	7	2443	3167	84	21	95.074715	«θέλουν
4	1	79	1	13	0	1819	3201	709	42	-1	
5	1	79	1	13	1	1819	3214	156	29	87.571991	προσδιορισθεί
5	1	79	1	13	2	1990	3213	49	21	37.250534	«αθ᾽
5	1	79	1	13	3	2056	3212	49	21	58.106785	ὁσον
5	1	79	1	13	4	2117	3218	27	14	81.766396	τα
5	1	79	1	13	5	2160	3209	130	27	32.021027	εισοδήµανα
5	1	79	1	13	6	2303	3213	40	15	89.832611	νων
5	1	79	1	13	7	2361	3205	71	28	46.860458	δήμων
5	1	79	1	13	8	2448	3201	80	29	31.820236	Επιτρέ-
4	1	79	1	14	0	1819	3245	331	32	-1	
5	1	79	1	14	1	1819	3257	61	15	87.656425	πουσι
5	1	79	1	14	2	1895	3250	60	21	71.298798	ποῦτο
5	1	79	1	14	3	1973	3248	32	29	45.495522	(Γ΄
5	1	79	1	14	4	2022	3248	62	27	69.724304	ἀρθρ.
5	1	79	1	14	5	2098	3245	52	28	83.149872	29).
4	1	79	1	15	0	2099	3279	154	30	-1	
5	1	79	1	15	1	2099	3279	154	30	69.265991	(Συνεχίζεται)
2	1	80	0	0	0	2106	3319	398	12	-1	
3	1	80	1	0	0	2106	3319	398	12	-1	
4	1	80	1	1	0	2106	3319	398	12	-1	
5	1	80	1	1	1	2106	3319	398	12	95.000000	 
2	1	81	0	0	0	1853	3329	205	7	-1	
3	1	81	1	0	0	1853	3329	205	7	-1	
4	1	81	1	1	0	1853	3329	205	7	-1	
5	1	81	1	1	1	1853	3329	205	7	95.000000	 
2	1	82	0	0	0	1871	3345	619	33	-1	
3	1	82	1	0	0	1871	3345	619	33	-1	
4	1	82	1	1	0	1871	3345	619	33	-1	
5	1	82	1	1	1	1871	3353	197	25	91.072037	ΦΑΡΜΑΚΕΙΟ
5	1	82	1	1	2	2084	3352	18	22	92.692886	ἃ
5	1	82	1	1	3	2118	3345	372	28	52.031364	ΦΑΡΜΑΚΟΡΒΙΟΜΗΧΑΝΙΑ
2	1	83	0	0	0	2016	3383	328	45	-1	
3	1	83	1	0	0	2016	3383	328	45	-1	
4	1	83	1	1	0	2016	3383	328	45	-1	
5	1	83	1	1	1	2016	3387	131	41	0.317978	ΜΚΟΛΛΟΥ
5	1	83	1	1	2	2163	3386	67	38	0.000000	[ΛΛΝ,
5	1	83	1	1	3	2249	3383	95	39	36.596455	ΡΛΣΣΙΛ
2	1	84	0	0	0	1864	3434	634	66	-1	
3	1	84	1	0	0	1864	3434	634	66	-1	
4	1	84	1	1	0	1864	3434	634	34	-1	
5	1	84	1	1	1	1864	3445	90	23	93.139359	ΟΔΟΣ
5	1	84	1	1	2	1969	3439	261	27	72.182457	ΣΑΡΑΜΤΑΠΟΡΟΥ
5	1	84	1	1	3	2240	3439	30	22	89.982193	59
5	1	84	1	1	4	2281	3447	25	5	29.327454	--
5	1	84	1	1	5	2315	3434	183	25	95.597221	ΠΕΡΙΣΤΕΡΙ
4	1	84	1	2	0	1984	3475	300	25	-1	
5	1	84	1	2	1	1984	3487	3	2	0.000000	ι
5	1	84	1	2	2	2081	3477	69	23	96.526207	ΤΗΛ.
5	1	84	1	2	3	2165	3475	78	23	0.000000	571.61
5	1	84	1	2	4	2249	3475	35	21	0.000000	.40
