level	page_num	block_num	par_num	line_num	word_num	left	top	width	height	conf	text
1	1	0	0	0	0	0	0	3361	3588	-1	
2	1	1	0	0	0	14	0	3310	4	-1	
3	1	1	1	0	0	14	0	3310	4	-1	
4	1	1	1	1	0	14	0	3310	4	-1	
5	1	1	1	1	1	14	0	3310	4	95.000000	 
2	1	2	0	0	0	538	139	143	36	-1	
3	1	2	1	0	0	538	139	143	36	-1	
4	1	2	1	1	0	538	139	143	36	-1	
5	1	2	1	1	1	538	139	78	36	58.125172	Σελίδα
5	1	2	1	1	2	649	164	32	5	0.000000	--
2	1	3	0	0	0	588	192	121	6	-1	
3	1	3	1	0	0	588	192	121	6	-1	
4	1	3	1	1	0	588	192	121	6	-1	
5	1	3	1	1	1	588	192	121	6	95.000000	 
2	1	4	0	0	0	0	195	209	6	-1	
3	1	4	1	0	0	0	195	209	6	-1	
4	1	4	1	1	0	0	195	209	6	-1	
5	1	4	1	1	1	0	195	209	6	95.000000	 
2	1	5	0	0	0	94	240	538	122	-1	
3	1	5	1	0	0	94	240	538	122	-1	
4	1	5	1	1	0	100	240	519	54	-1	
5	1	5	1	1	1	100	244	30	40	92.602112	Η
5	1	5	1	1	2	148	243	161	51	89.945274	µεγάλη
5	1	5	1	1	3	329	240	290	51	49.921379	φυσιογνωμία
4	1	5	1	2	0	94	305	538	57	-1	
5	1	5	1	2	1	94	327	74	29	96.308296	του
5	1	5	1	2	2	187	314	99	41	93.206825	Ηλία
5	1	5	1	2	3	305	305	327	57	91.788376	Γκορτσολόγου
2	1	6	0	0	0	288	374	142	6	-1	
3	1	6	1	0	0	288	374	142	6	-1	
4	1	6	1	1	0	288	374	142	6	-1	
5	1	6	1	1	1	288	374	142	6	95.000000	 
2	1	7	0	0	0	3	400	712	358	-1	
3	1	7	1	0	0	190	400	345	31	-1	
4	1	7	1	1	0	190	400	345	31	-1	
5	1	7	1	1	1	190	403	91	28	53.634129	(Πρώην.
5	1	7	1	1	2	294	401	118	29	83.021996	Δημάρχου
5	1	7	1	1	3	427	400	108	28	0.000000	Σπάρτης)
3	1	7	2	0	0	3	442	712	316	-1	
4	1	7	2	1	0	187	442	347	32	-1	
5	1	7	2	1	1	187	444	105	30	68.890572	Συνέχεια,
5	1	7	2	1	2	301	444	43	20	79.088135	απὀ
5	1	7	2	1	3	355	450	23	14	93.209885	το
5	1	7	2	1	4	386	442	148	29	32.706352	πραηγούµελα
4	1	7	2	2	0	34	476	680	32	-1	
5	1	7	2	2	1	34	481	20	21	87.343994	Ἡ
5	1	7	2	2	2	70	481	121	27	53.241386	περίπτωση
5	1	7	2	2	3	202	487	36	15	79.550140	που
5	1	7	2	2	4	256	479	58	21	59.425045	Ηλία
5	1	7	2	2	5	327	479	158	27	32.534195	Γκορπσολόγου
5	1	7	2	2	6	503	478	93	21	93.296265	διδάσκει
5	1	7	2	2	7	611	483	38	21	83.823578	νην
5	1	7	2	2	8	662	476	52	26	96.656334	αξία
4	1	7	2	3	0	3	512	710	32	-1	
5	1	7	2	3	1	3	523	38	21	93.821892	της
5	1	7	2	3	2	55	516	92	28	91.886024	πράξης,
5	1	7	2	3	3	163	523	39	21	96.389420	την
5	1	7	2	3	4	214	515	53	27	94.296722	αξία
5	1	7	2	3	5	279	523	38	14	45.628704	και
5	1	7	2	3	6	331	522	24	15	71.817581	το
5	1	7	2	3	7	369	515	65	27	62.771233	βάρος
5	1	7	2	3	8	449	520	39	15	94.906204	που
5	1	7	2	3	9	500	514	54	27	94.946167	ἔχει,
5	1	7	2	3	10	584	513	36	27	78.067352	ὄχι
5	1	7	2	3	11	634	512	50	21	93.415894	τόσο
5	1	7	2	3	12	698	519	15	20	67.478859	η
4	1	7	2	4	0	5	547	709	33	-1	
5	1	7	2	4	1	5	553	85	27	89.107552	θεωρία,
5	1	7	2	4	2	103	553	56	21	90.521553	αλλά
5	1	7	2	4	3	172	559	14	21	93.221863	η
5	1	7	2	4	4	199	552	68	27	91.227325	ἄμεση
5	1	7	2	4	5	281	551	116	27	18.980103	υλοποΐηση
5	1	7	2	4	6	409	557	42	15	79.688171	των
5	1	7	2	4	7	467	549	134	28	15.164932	θεωρηπικὼν
5	1	7	2	4	8	613	547	101	29	72.469444	πρατάσε-
4	1	7	2	5	0	5	584	709	31	-1	
5	1	7	2	5	1	5	595	29	15	93.449387	ων
5	1	7	2	5	2	45	595	36	14	95.861092	στο
5	1	7	2	5	3	95	588	89	22	65.681870	δύσκολο
5	1	7	2	5	4	197	588	65	27	17.697411	δρώμο
5	1	7	2	5	5	270	594	38	20	89.743233	της
5	1	7	2	5	6	317	585	83	29	76.463531	πράξης
5	1	7	2	5	7	411	593	37	13	75.682495	καὶ
5	1	7	2	5	8	459	592	44	15	93.282806	των
5	1	7	2	5	9	511	584	155	27	43.341125	αντιξοοτήτων
5	1	7	2	5	10	677	590	37	14	2.348297	καὶ
4	1	7	2	6	0	6	618	709	33	-1	
5	1	7	2	6	1	6	623	114	22	13.737671	δυσκολιών
5	1	7	2	6	2	131	631	38	20	90.692673	πης
5	1	7	2	6	3	183	623	206	28	36.319695	πραγµαπικάπητας.
5	1	7	2	6	4	404	621	18	21	76.786461	Ὁ
5	1	7	2	6	5	439	620	157	28	4.790154	Τκαρησολόγος
5	1	7	2	6	6	611	619	35	22	91.885902	δεν
5	1	7	2	6	7	662	618	53	26	13.525528	ξεκι-
4	1	7	2	7	0	5	654	710	32	-1	
5	1	7	2	7	1	5	660	61	21	51.771980	γούσε
5	1	7	2	7	2	78	659	43	21	29.142258	απὀὸ
5	1	7	2	7	3	134	659	127	27	16.200264	θεωρητικές
5	1	7	2	7	4	271	657	129	25	14.300072	χαϊπασκευός
5	1	7	2	7	5	416	663	36	15	92.085815	στο
5	1	7	2	7	6	469	657	65	27	51.710972	Ὀράμο
5	1	7	2	7	7	547	662	37	21	93.287354	της
5	1	7	2	7	8	597	654	118	26	45.252869	αὐποεξέλι-
4	1	7	2	8	0	6	686	709	36	-1	
5	1	7	2	8	1	6	695	38	27	76.722794	ξης
5	1	7	2	8	2	55	702	37	14	93.744728	και
5	1	7	2	8	3	106	702	37	20	91.858200	της
5	1	7	2	8	4	154	694	126	27	67.636719	ποινωνικῆς
5	1	7	2	8	5	292	693	90	28	26.986137	προόδου
5	1	7	2	8	6	394	699	36	14	79.569412	του
5	1	7	2	8	7	444	692	62	21	96.760086	τόπου
5	1	7	2	8	8	518	698	45	18	93.263710	του,
5	1	7	2	8	9	578	691	58	27	58.310539	αφοῦ
5	1	7	2	8	10	645	686	70	33	33.620316	ἄλλω-
4	1	7	2	9	0	5	724	709	34	-1	
5	1	7	2	9	1	5	737	36	14	93.281670	στε
5	1	7	2	9	2	48	738	21	13	75.993790	χι
5	1	7	2	9	3	78	738	21	13	86.119621	οι
5	1	7	2	9	4	110	730	144	28	33.413452	γραμμαπικὲς
5	1	7	2	9	5	265	735	35	15	95.877998	του
5	1	7	2	9	6	313	729	89	27	56.221348	γνώσεις
5	1	7	2	9	7	413	728	35	21	89.917969	δεν
5	1	7	2	9	8	458	727	55	28	49.609303	σαν
5	1	7	2	9	9	521	726	120	27	93.167145	αξιόλογες.
5	1	7	2	9	10	652	724	62	29	79.765564	Άφορ
2	1	8	0	0	0	5	761	836	68	-1	
3	1	8	1	0	0	5	761	836	68	-1	
4	1	8	1	1	0	5	761	836	37	-1	
5	1	8	1	1	1	5	767	53	27	67.601959	μάτο
5	1	8	1	1	2	67	766	43	22	90.321190	απὀ
5	1	8	1	1	3	125	773	37	21	96.301674	την
5	1	8	1	1	4	173	765	106	29	17.911758	εμπειρία,
5	1	8	1	1	5	291	765	44	22	59.931370	αππὀ
5	1	8	1	1	6	343	771	26	21	30.405746	τῃ
5	1	8	1	1	7	382	764	74	27	36.595615	γνώση
5	1	8	1	1	8	465	770	43	14	96.794037	των
5	1	8	1	1	9	521	769	34	16	0.000000	αν
5	1	8	1	1	10	568	757	52	41	0.000000	γκὦν
5	1	8	1	1	11	634	768	38	14	84.401344	νου
5	1	8	1	1	12	682	761	33	21	38.958488	τὸ-
5	1	8	1	1	13	837	777	4	21	66.615219	[
4	1	8	1	2	0	5	798	836	31	-1	
5	1	8	1	2	1	5	809	39	14	93.925285	που
5	1	8	1	2	2	57	809	35	15	90.051094	του
5	1	8	1	2	3	102	809	23	13	80.652931	Χι
5	1	8	1	2	4	139	801	187	28	26.421043	απυστραπεύοντας
5	1	8	1	2	5	340	807	34	14	96.753181	τον
5	1	8	1	2	6	388	800	96	27	91.350441	ανήσυχο
5	1	8	1	2	7	499	806	22	14	73.645172	Χι
5	1	8	1	2	8	535	798	67	28	78.920723	ευφυή
5	1	8	1	2	9	617	804	36	15	89.846603	νου
5	1	8	1	2	10	678	803	37	15	92.395279	που
5	1	8	1	2	11	837	799	4	27	7.535065	Ι
2	1	9	0	0	0	5	834	715	956	-1	
3	1	9	1	0	0	5	834	713	492	-1	
4	1	9	1	1	0	5	834	711	30	-1	
5	1	9	1	1	1	5	845	35	13	66.196594	χαι
5	1	9	1	1	2	53	844	23	14	92.843102	το
5	1	9	1	1	3	86	837	137	27	0.000000	προοδευτωκὸὀ
5	1	9	1	1	4	236	844	35	13	96.511322	του
5	1	9	1	1	5	282	837	90	26	86.560493	πνεύμα,
5	1	9	1	1	6	381	835	138	27	46.732193	προχωρούσε
5	1	9	1	1	7	531	841	26	20	92.466270	µε
5	1	9	1	1	8	567	834	75	26	85.775101	τόλμη,
5	1	9	1	1	9	656	839	60	14	40.145687	αυτο-
4	1	9	1	2	0	5	869	711	31	-1	
5	1	9	1	2	1	5	873	117	27	40.729797	πεποἰθῄσηῃ
5	1	9	1	2	2	135	879	22	13	61.520359	κι
5	1	9	1	2	3	167	872	109	25	26.608688	ακάθεκτη
5	1	9	1	2	4	284	870	178	27	64.960052	ενεργητικότητα
5	1	9	1	2	5	471	869	25	30	28.682701	-σ᾿
5	1	9	1	2	6	509	869	54	26	93.260536	ἔργα
5	1	9	1	2	7	573	873	143	21	32.728287	πρωτνοπορύα-
4	1	9	1	3	0	5	901	711	32	-1	
5	1	9	1	3	1	5	907	37	24	87.241310	κά,
5	1	9	1	3	2	56	907	113	21	0.000000	κουκονωιὰ
5	1	9	1	3	3	181	906	103	27	0.000000	ωφέλήμα,.
5	1	9	1	3	4	299	905	79	27	87.558128	Ἔφερε
5	1	9	1	3	5	393	910	24	15	83.029572	πο
5	1	9	1	3	6	429	903	50	27	85.256721	νερὸ
5	1	9	1	3	7	495	909	38	21	70.990646	στη
5	1	9	1	3	8	547	902	96	27	35.551010	Σπάρπη,
5	1	9	1	3	9	659	901	57	27	83.789032	αφού
4	1	9	1	4	0	5	937	711	31	-1	
5	1	9	1	4	1	5	942	73	26	56.052319	λόγυσε
5	1	9	1	4	2	90	948	27	20	10.373070	µε
5	1	9	1	4	3	128	942	53	26	67.424110	τόση.
5	1	9	1	4	4	195	940	193	27	44.018471	διπλωμαπικότητα
5	1	9	1	4	5	402	946	22	13	88.526726	κι
5	1	9	1	4	6	440	937	146	27	74.262390	επιδεξιώτητα
5	1	9	1	4	7	600	943	25	20	87.172340	τη
5	1	9	1	4	8	640	937	76	20	33.259453	λμσσα-
4	1	9	1	5	0	5	971	711	33	-1	
5	1	9	1	5	1	5	977	39	21	86.922867	λέα
5	1	9	1	5	2	58	977	116	27	61.442268	αντίδραση
5	1	9	1	5	3	194	982	41	16	92.247963	των
5	1	9	1	5	4	249	975	137	28	76.742767	Τρυπιωτών,
5	1	9	1	5	5	399	973	161	27	16.618156	καπαπολέµηησε
5	1	9	1	5	6	576	978	25	15	43.573372	πα
5	1	9	1	5	7	617	971	99	22	71.834167	πουνοῦπι
4	1	9	1	6	0	6	1008	710	32	-1	
5	1	9	1	6	1	6	1020	36	14	86.149742	και
5	1	9	1	6	2	55	1019	25	21	88.635704	τη
5	1	9	1	6	3	94	1013	86	23	45.113342	σίπα,
5	1	9	1	6	4	194	1019	40	13	96.926682	που
5	1	9	1	6	5	247	1010	97	28	63.829380	υπήρξαν
5	1	9	1	6	6	354	1010	99	28	78.510498	μάστιγες
5	1	9	1	6	7	465	1009	38	27	63.428875	γιὰ
5	1	9	1	6	8	516	1015	26	21	92.650681	τη
5	1	9	1	6	9	555	1008	63	27	93.286148	πόλη,
5	1	9	1	6	10	629	1007	87	22	15.087234	αὐαϊκοζ-
4	1	9	1	7	0	7	1045	709	31	-1	
5	1	9	1	7	1	5	1055	46	24	74.905991	γισε
5	1	9	1	7	2	62	1055	27	20	92.994225	τη
5	1	9	1	7	3	104	1047	87	29	95.521439	Σπάρτη
5	1	9	1	7	4	202	1055	28	20	58.316925	µε
5	1	9	1	7	5	241	1047	175	27	30.801720	δενυροφύτευση,
5	1	9	1	7	6	429	1045	131	27	38.012203	ασφἀλτωση
5	1	9	1	7	7	573	1051	23	13	88.074692	κι
5	1	9	1	7	8	607	1043	109	27	55.868813	ὠραιοποί-
4	1	9	1	8	0	6	1078	711	33	-1	
5	1	9	1	8	1	6	1091	42	20	25.798309	ὖση
5	1	9	1	8	2	57	1090	42	15	96.828697	των
5	1	9	1	8	3	111	1084	82	27	59.581013	δρόμων
5	1	9	1	8	4	203	1090	39	20	75.134903	της
5	1	9	1	8	5	254	1090	38	15	66.241348	και
5	1	9	1	8	6	299	1089	40	20	20.394531	ππης
5	1	9	1	8	7	349	1081	121	28	89.240448	προσέδωσε
5	1	9	1	8	8	483	1080	36	28	61.757397	μιὰ
5	1	9	1	8	9	529	1080	51	20	79.476929	τόσο
5	1	9	1	8	10	588	1078	86	28	78.721634	λομπρή
5	1	9	1	8	11	685	1085	32	14	64.002129	αι-
4	1	9	1	9	0	7	1113	710	35	-1	
5	1	9	1	9	1	7	1119	89	28	56.775307	σθητική
5	1	9	1	9	2	111	1119	51	29	76.773071	ὀψη,
5	1	9	1	9	3	175	1119	53	21	91.450569	ὥστε
5	1	9	1	9	4	241	1125	26	15	51.308647	να
5	1	9	1	9	5	276	1117	100	23	63.551346	χαπασπεί
5	1	9	1	9	6	388	1124	16	20	89.534271	η
5	1	9	1	9	7	417	1116	133	28	81.306702	ομορφότερη
5	1	9	1	9	8	560	1115	54	27	92.023056	πόλη
5	1	9	1	9	9	625	1121	39	21	93.267609	της
5	1	9	1	9	10	677	1113	40	22	0.000000	Ἠλ-
4	1	9	1	10	0	6	1149	711	34	-1	
5	1	9	1	10	1	6	1155	74	25	92.768875	λάδας.
5	1	9	1	10	2	94	1153	76	30	45.467628	Ακόμα
5	1	9	1	10	3	181	1155	102	27	90.683334	ανήγειρε
5	1	9	1	10	4	292	1153	103	28	86.329575	γυμνάσιο
5	1	9	1	10	5	408	1159	38	14	62.028542	και
5	1	9	1	10	6	454	1151	103	28	0.000000	δημοτικό
5	1	9	1	10	7	567	1151	94	27	81.291687	σχολείο.
5	1	9	1	10	8	675	1149	42	21	77.002319	Πὲ-
4	1	9	1	11	0	8	1186	709	34	-1	
5	1	9	1	11	1	8	1199	27	21	87.522797	ρα
5	1	9	1	11	2	46	1191	38	22	0.000000	απ΄
5	1	9	1	11	3	93	1191	55	21	22.249557	αλτά
5	1	9	1	11	4	159	1198	27	15	95.702271	τα
5	1	9	1	11	5	199	1191	61	27	71.430649	έργα,
5	1	9	1	11	6	275	1190	63	22	78.668076	ἔκανε
5	1	9	1	11	7	349	1197	21	13	96.027954	κι
5	1	9	1	11	8	381	1189	64	24	75.221268	ἄλλα,
5	1	9	1	11	9	456	1195	40	14	87.956734	που
5	1	9	1	11	10	510	1188	36	21	93.484001	δεν
5	1	9	1	11	11	556	1194	24	14	94.509552	το
5	1	9	1	11	12	592	1186	125	28	60.420128	επιτρέπει
5	1	9	1	11	13	707	1182	15	42	79.366173	ο
4	1	9	1	12	0	8	1222	709	34	-1	
5	1	9	1	12	1	8	1228	70	25	0.000000	στενός
5	1	9	1	12	2	93	1227	71	29	57.710258	χώρος
5	1	9	1	12	3	177	1227	67	28	27.761826	αωτῆς
5	1	9	1	12	4	259	1233	37	21	93.251549	της
5	1	9	1	12	5	307	1225	168	29	31.524513	εγκωμιαστωής
5	1	9	1	12	6	490	1223	104	29	95.232147	εργασίας
5	1	9	1	12	7	606	1223	20	22	59.427090	ν΄
5	1	9	1	12	8	638	1222	79	28	0.000000	αὐιφὲ-
4	1	9	1	13	0	8	1260	710	32	-1	
5	1	9	1	13	1	8	1271	58	21	88.310265	ροµε.
5	1	9	1	13	2	82	1263	74	23	73.752457	Πολλά
5	1	9	1	13	3	171	1263	100	28	26.360687	χρήματα
5	1	9	1	13	4	283	1263	69	27	3.719780	ἠρθαν
5	1	9	1	13	5	363	1262	39	20	92.359383	απ᾿
5	1	9	1	13	6	413	1267	49	18	72.383232	νους
5	1	9	1	13	7	475	1260	117	28	48.588177	ομογενείς,
5	1	9	1	13	8	604	1265	54	22	96.383652	προς
5	1	9	1	13	9	669	1265	49	17	94.198120	τους
4	1	9	1	14	0	8	1296	532	30	-1	
5	1	9	1	14	1	8	1300	82	24	88.505356	οποίους
5	1	9	1	14	2	103	1306	12	14	92.076881	ο
5	1	9	1	14	3	126	1299	50	25	85.295471	ἴδιος
5	1	9	1	14	4	187	1298	125	28	46.093086	προσωπιρὰ
5	1	9	1	14	5	325	1297	83	22	21.353943	ἑατελνε
5	1	9	1	14	6	419	1296	121	28	5.639053	γράμματα.
3	1	9	2	0	0	5	1329	715	461	-1	
4	1	9	2	1	0	35	1329	682	33	-1	
5	1	9	2	1	1	35	1335	50	21	74.711594	Έι
5	1	9	2	1	2	77	1342	37	15	18.495728	ἐνοι
5	1	9	2	1	3	127	1335	71	27	0.000000	ακόμκι
5	1	9	2	1	4	209	1334	135	28	48.894306	παράδειγµα,
5	1	9	2	1	5	354	1339	53	27	93.160027	προς
5	1	9	2	1	6	415	1333	82	27	35.958214	μήνηση
5	1	9	2	1	7	508	1330	88	22	22.943489	συνιατά,
5	1	9	2	1	8	606	1337	16	21	90.911133	η
5	1	9	2	1	9	632	1329	85	29	68.472649	λαμπρή
4	1	9	2	2	0	7	1368	711	31	-1	
5	1	9	2	2	1	7	1371	174	28	26.533730	προσωπικὀτητἁ
5	1	9	2	2	2	194	1377	45	15	92.946854	του:
5	1	9	2	2	3	253	1369	96	28	81.770691	Σήμερα,
5	1	9	2	2	4	359	1364	73	25	79.057953	πολλοί
5	1	9	2	2	5	447	1366	171	28	85.693703	ουκογενειάρχες
5	1	9	2	2	6	630	1366	22	28	0.514290	μ᾿
5	1	9	2	2	7	680	1365	38	22	1.006317	να
4	1	9	2	3	0	7	1402	711	33	-1	
5	1	9	2	3	1	7	1407	51	28	87.265137	μόνο
5	1	9	2	3	2	66	1406	68	25	10.200264	παιδί,
5	1	9	2	3	3	147	1405	142	29	34.133827	ισχυρίζονται
5	1	9	2	3	4	301	1412	44	17	93.284309	πως
5	1	9	2	3	5	357	1403	157	28	21.212624	ουκογενειοικὲς
5	1	9	2	3	6	524	1410	24	14	71.882614	κι.
5	1	9	2	3	7	560	1402	62	24	37.387970	λλες
5	1	9	2	3	8	633	1408	85	20	59.864479	απασχο
4	1	9	2	4	0	6	1437	711	33	-1	
5	1	9	2	4	1	6	1443	72	27	70.972824	λήσεις
5	1	9	2	4	2	90	1442	35	22	95.168465	δεν
5	1	9	2	4	3	138	1449	48	17	44.489403	τους
5	1	9	2	4	4	195	1441	123	27	53.311699	επιτρέπουν
5	1	9	2	4	5	327	1440	39	28	81.259941	μιά
5	1	9	2	4	6	377	1439	79	21	65.683167	κάποιο
5	1	9	2	4	7	464	1438	143	27	34.957779	αποιαχὀληση
5	1	9	2	4	8	617	1437	57	27	77.919312	πέρα,
5	1	9	2	4	9	679	1437	38	20	0.000000	απ
4	1	9	2	5	0	7	1472	710	33	-1	
5	1	9	2	5	1	7	1485	24	14	91.101959	το
5	1	9	2	5	2	42	1478	66	20	72.074280	χύχλα
5	1	9	2	5	3	121	1484	42	15	89.921539	των
5	1	9	2	5	4	175	1476	139	29	85.740494	προσωπωιών
5	1	9	2	5	5	325	1475	121	22	46.233261	υποθἐσεὠν
5	1	9	2	5	6	454	1481	58	17	86.921509	πους,
5	1	9	2	5	7	525	1480	38	21	0.000000	Ύια
5	1	9	2	5	8	574	1479	24	16	91.726013	πο
5	1	9	2	5	9	610	1472	55	21	21.286827	Χαλό
5	1	9	2	5	10	676	1478	41	15	95.731522	των
4	1	9	2	6	0	9	1507	709	34	-1	
5	1	9	2	6	1	9	1513	153	28	72.755928	συγανθρώπων
5	1	9	2	6	2	175	1520	55	17	96.038208	τους.
5	1	9	2	6	3	249	1511	51	25	28.931641	ως
5	1	9	2	6	4	314	1511	29	21	0.000000	θα
5	1	9	2	6	5	358	1510	174	27	9.633942	διωιολογήσοον
5	1	9	2	6	6	562	1515	26	20	32.292854	τη
5	1	9	2	6	7	619	1507	99	28	35.727829	τεμπελιά,
4	1	9	2	7	0	7	1543	711	33	-1	
5	1	9	2	7	1	7	1556	56	18	23.555283	τους,
5	1	9	2	7	2	75	1555	39	21	47.382828	την
5	1	9	2	7	3	125	1549	136	26	46.088772	αναπολίτωση
5	1	9	2	7	4	277	1547	111	27	10.983261	νοοτροπία
5	1	9	2	7	5	403	1553	74	17	82.937485	τους...
5	1	9	2	7	6	491	1544	43	22	83.273102	Του
5	1	9	2	7	7	551	1543	167	28	53.290024	Γκορπσολόγου,
4	1	9	2	8	0	5	1578	713	35	-1	
5	1	9	2	8	1	5	1593	27	20	93.672287	µε
5	1	9	2	8	2	43	1592	31	18	96.228409	τις
5	1	9	2	8	3	83	1585	61	25	90.868721	τόσες
5	1	9	2	8	4	153	1584	159	27	83.916916	απασχολήσεις
5	1	9	2	8	5	322	1589	38	21	89.764404	για
5	1	9	2	8	6	369	1589	28	21	89.386986	τη
5	1	9	2	8	7	406	1581	106	28	20.140717	πολυμελή
5	1	9	2	8	8	525	1580	43	22	33.780449	αιπὀὸ
5	1	9	2	8	9	579	1579	53	21	32.825172	επτὰ
5	1	9	2	8	10	643	1578	75	22	86.559753	παιδιά,
4	1	9	2	9	0	6	1610	712	38	-1	
5	1	9	2	9	1	6	1621	119	27	51.861900	ουκαγἐνειά
5	1	9	2	9	2	134	1628	44	17	96.048653	του,
5	1	9	2	9	3	189	1627	27	21	78.226250	µε
5	1	9	2	9	4	228	1627	30	17	93.216454	τις
5	1	9	2	9	5	270	1618	136	28	69.874069	περισπᾶσεις
5	1	9	2	9	6	416	1624	36	14	85.564194	του
5	1	9	2	9	7	463	1624	39	20	63.066628	Ύνα,
5	1	9	2	9	8	511	1623	28	21	35.319412	τὴ
5	1	9	2	9	9	548	1615	96	29	64.229736	προκοπῇ
5	1	9	2	9	10	653	1610	65	37	83.138199	μεγά-
4	1	9	2	10	0	7	1651	713	33	-1	
5	1	9	2	10	1	7	1657	42	22	92.925835	λων
5	1	9	2	10	2	59	1655	36	29	92.572632	επ)
5	1	9	2	10	3	101	1657	56	21	90.942810	σεών
5	1	9	2	10	4	165	1663	37	14	93.203644	που
5	1	9	2	10	5	219	1654	97	29	0.000000	(Θργ/σια
5	1	9	2	10	6	326	1653	150	29	80.133896	βυρσοδεφίας,
5	1	9	2	10	7	487	1653	96	27	66.000397	εµπόρυο,
5	1	9	2	10	8	593	1651	127	27	58.730858	χαπάστηµα.
4	1	9	2	11	0	7	1687	711	33	-1	
5	1	9	2	11	1	7	1692	144	28	53.587997	λιπασμάτων,
5	1	9	2	11	2	170	1691	96	27	26.011688	ιδιωτυκὴ
5	1	9	2	11	3	279	1690	103	28	35.698105	τρώπεζα,
5	1	9	2	11	4	403	1689	127	27	85.223686	εργοστάσιο
5	1	9	2	11	5	565	1687	153	27	65.657822	Ἠλεκεροφωτι-
4	1	9	2	12	0	9	1723	709	33	-1	
5	1	9	2	12	1	9	1727	75	29	42.184368	σμοῦ),
5	1	9	2	12	2	103	1728	59	27	63.529606	ἔμεχε
5	1	9	2	12	3	175	1727	75	27	68.479370	καιρός
5	1	9	2	12	4	263	1734	37	13	94.618309	και
5	1	9	2	12	5	312	1733	39	20	46.367790	για
5	1	9	2	12	6	364	1733	24	13	95.598625	το
5	1	9	2	12	7	405	1725	87	27	57.115105	δημόσιο
5	1	9	2	12	8	508	1723	144	27	52.635582	λειτούργημα
5	1	9	2	12	9	680	1728	38	21	61.727520	τῆς
4	1	9	2	13	0	9	1757	710	33	-1	
5	1	9	2	13	1	9	1763	132	27	82.546738	Δημαρχίας,
5	1	9	2	13	2	156	1769	24	14	96.792892	το
5	1	9	2	13	3	189	1762	60	20	87.385437	οποίο
5	1	9	2	13	4	261	1762	83	25	0.175011	ἄσιύησε
5	1	9	2	13	5	355	1761	50	20	91.106110	τόσο
5	1	9	2	13	6	417	1760	85	26	59.129837	γόνήνα,
5	1	9	2	13	7	515	1757	125	24	51.684261	αποδατυκὀ,,
5	1	9	2	13	8	653	1757	66	27	0.000000	ηθυιὰ
2	1	10	0	0	0	8	1786	832	36	-1	
3	1	10	1	0	0	8	1786	832	36	-1	
4	1	10	1	1	0	8	1786	832	36	-1	
5	1	10	1	1	1	8	1805	22	13	51.265530	κι
5	1	10	1	1	2	45	1797	83	25	77.568253	επάξια.
5	1	10	1	1	3	143	1797	78	20	92.545380	Πολλοί
5	1	10	1	1	4	237	1797	28	19	80.445641	θαι
5	1	10	1	1	5	277	1795	135	27	30.512421	ισχυρυσπούν
5	1	10	1	1	6	427	1794	32	20	56.168041	ὅτι
5	1	10	1	1	7	476	1792	80	27	50.595215	υπήρξε
5	1	10	1	1	8	572	1791	55	29	54.435749	μκά-
5	1	10	1	1	9	636	1782	80	40	40.134197	ἔκπαπη
5	1	10	1	1	10	746	1786	94	22	22.271042	πο
2	1	11	0	0	0	9	1825	713	642	-1	
3	1	11	1	0	0	9	1825	711	320	-1	
4	1	11	1	1	0	9	1825	711	34	-1	
5	1	11	1	1	1	9	1831	153	28	69.310738	φυσιογνωμία,
5	1	11	1	1	2	173	1837	40	14	66.576965	που
5	1	11	1	1	3	226	1829	135	28	0.000000	θµιφαφίζεται
5	1	11	1	1	4	371	1829	19	20	61.676048	σ᾿
5	1	11	1	1	5	404	1827	118	28	25.884743	αραιότατα,
5	1	11	1	1	6	532	1825	90	29	26.772377	χρονικά,
5	1	11	1	1	7	635	1825	85	27	7.423927	διαστή-
4	1	11	1	2	0	9	1861	711	34	-1	
5	1	11	1	2	1	9	1873	63	21	11.731758	ατα.
5	1	11	1	2	2	83	1865	35	21	92.701813	Το
5	1	11	1	2	3	131	1867	31	21	81.141510	ὅτι
5	1	11	1	2	4	174	1865	82	27	54.080559	υπήρξε
5	1	11	1	2	5	270	1863	120	28	74.938766	εξαιρετικά
5	1	11	1	2	6	400	1862	147	33	32.553879	προικισμένος
5	1	11	1	2	7	559	1869	27	20	90.639954	µε
5	1	11	1	2	8	601	1861	119	27	29.000488	χορίσμαπα,
4	1	11	1	3	0	9	1895	711	33	-1	
5	1	11	1	3	1	9	1902	54	22	96.839142	εἶναι
5	1	11	1	3	2	75	1902	97	26	77.146561	γεγονός.
5	1	11	1	3	3	189	1900	78	28	91.334900	Ὅμως,
5	1	11	1	3	4	278	1900	68	21	29.435158	εκεύνο
5	1	11	1	3	5	358	1906	40	14	96.469963	που
5	1	11	1	3	6	410	1899	28	20	93.845230	θα
5	1	11	1	3	7	451	1898	75	27	54.117592	πρέπει
5	1	11	1	3	8	538	1904	28	14	47.779980	Ὑα
5	1	11	1	3	9	577	1895	111	28	27.456955	διδαιχτούν
5	1	11	1	3	10	699	1902	21	14	89.376228	οι
4	1	11	1	4	0	9	1931	711	34	-1	
5	1	11	1	4	1	9	1938	106	27	90.356483	ἄνθρωποι
5	1	11	1	4	2	127	1944	38	20	36.086842	της
5	1	11	1	4	3	176	1936	116	28	24.060059	σημερινής
5	1	11	1	4	4	305	1935	116	27	82.646698	«λάμπρας»
5	1	11	1	4	5	433	1933	80	27	60.601505	εποχής
5	1	11	1	4	6	522	1939	38	21	78.605103	τῆς
5	1	11	1	4	7	571	1931	149	28	80.533829	καλοπέρασης
4	1	11	1	5	0	9	1967	711	33	-1	
5	1	11	1	5	1	9	1981	36	13	49.770618	και
5	1	11	1	5	2	58	1973	160	27	68.181030	τρυφηλότητας
5	1	11	1	5	3	236	1971	44	28	0.000000	(ααι
5	1	11	1	5	4	293	1971	78	27	10.943665	χορίως
5	1	11	1	5	5	381	1970	56	28	50.690842	εμείς
5	1	11	1	5	6	450	1976	21	14	93.321533	οι
5	1	11	1	5	7	485	1968	99	28	87.912773	Ἕλληνες
5	1	11	1	5	8	595	1972	42	16	96.551628	που
5	1	11	1	5	9	645	1973	25	15	90.442062	το
5	1	11	1	5	10	682	1967	38	21	69.800957	ένα
4	1	11	1	6	0	9	2002	710	35	-1	
5	1	11	1	6	1	9	2016	40	21	95.922295	µας
5	1	11	1	6	2	60	2009	48	21	79.473862	πόδι
5	1	11	1	6	3	120	2016	24	13	93.239006	το
5	1	11	1	6	4	155	2009	62	27	89.247444	ἔχομε
5	1	11	1	6	5	230	2014	36	14	93.988968	στο
5	1	11	1	6	6	274	2007	59	27	78.654785	τρίτο
5	1	11	1	6	7	343	2005	107	29	57.758671	κόσμο)...
5	1	11	1	6	8	461	2005	55	21	8.048309	εἶναι
5	1	11	1	6	9	531	2005	29	20	32.834000	ότι
5	1	11	1	6	10	571	2011	26	13	75.079544	ται
5	1	11	1	6	11	607	2003	57	21	39.220806	καλά,
5	1	11	1	6	12	674	2002	45	21	30.151245	«κὁ-
4	1	11	1	7	0	9	2037	710	34	-1	
5	1	11	1	7	1	9	2052	45	18	93.196274	ποις
5	1	11	1	7	2	67	2044	110	22	58.635788	κπώνπαι».
5	1	11	1	7	3	187	2043	29	22	82.864883	Κι
5	1	11	1	7	4	227	2043	36	28	80.222153	ὄχι
5	1	11	1	7	5	272	2050	26	21	93.690666	µε
5	1	11	1	7	6	310	2049	25	15	93.280174	το
5	1	11	1	7	7	345	2041	129	29	63.421486	πηφηνισμὀ,
5	1	11	1	7	8	485	2039	151	28	47.863983	επιδιωχόµενο
5	1	11	1	7	9	644	2037	75	25	70.452934	πολλές
4	1	11	1	8	0	10	2075	708	35	-1	
5	1	11	1	8	1	10	2081	64	29	85.410957	φαρὲς
5	1	11	1	8	2	87	2081	22	28	2.155060	μ’
5	1	11	1	8	3	123	2081	69	28	26.438080	ἄνομκι
5	1	11	1	8	4	205	2080	63	28	88.066727	µέσα,
5	1	11	1	8	5	283	2087	26	21	92.753105	µε
5	1	11	1	8	6	320	2079	77	24	71.219124	πλάπες
5	1	11	1	8	7	409	2078	77	28	86.254753	τρίτων
5	1	11	1	8	8	499	2084	37	14	0.000000	πι
5	1	11	1	8	9	551	2083	26	14	52.329140	σε
5	1	11	1	8	10	589	2075	64	29	91.910072	βάρος
5	1	11	1	8	11	682	2081	36	15	79.958069	του
4	1	11	1	9	0	9	2111	711	34	-1	
5	1	11	1	9	1	9	2117	123	23	70.048096	καινωγιχοῦ
5	1	11	1	9	2	143	2117	104	28	11.006935	συνόλου.
5	1	11	1	9	3	257	2115	17	23	80.572983	Ο
5	1	11	1	9	4	289	2115	69	25	90.899338	Ἠλίας
5	1	11	1	9	5	368	2114	157	28	2.769058	Σκαρτσολύγος
5	1	11	1	9	6	540	2111	80	29	77.994881	υπήρξε
5	1	11	1	9	7	632	2111	88	28	52.027145	αυποδη-
3	1	11	2	0	0	10	2147	712	320	-1	
4	1	11	2	1	0	26	2147	694	35	-1	
5	1	11	2	1	1	26	2155	118	27	28.556000	ιούργητος,
5	1	11	2	1	2	159	2153	131	28	92.462128	αγωνίστηκε
5	1	11	2	1	3	300	2158	41	21	94.360161	στη
5	1	11	2	1	4	355	2150	45	28	95.207321	ζωή
5	1	11	2	1	5	415	2158	27	20	93.593788	µε
5	1	11	2	1	6	453	2149	66	28	76.869202	ηθικά
5	1	11	2	1	7	532	2149	55	28	88.270729	µέσα
5	1	11	2	1	8	599	2155	37	14	77.230896	και
5	1	11	2	1	9	652	2147	68	29	94.290863	πέραν
4	1	11	2	2	0	10	2183	710	35	-1	
5	1	11	2	2	1	10	2197	38	21	81.618912	τῆς
5	1	11	2	2	2	59	2190	104	27	74.830124	ωφέλειας
5	1	11	2	2	3	177	2196	40	14	72.331535	που
5	1	11	2	2	4	233	2188	89	28	54.645439	παρείχε
5	1	11	2	2	5	335	2194	41	20	84.604042	στη
5	1	11	2	2	6	391	2187	57	26	88.344727	πόλη
5	1	11	2	2	7	460	2193	27	20	66.572395	µε
5	1	11	2	2	8	499	2193	28	13	92.877747	τα
5	1	11	2	2	9	539	2184	103	28	33.494400	δηµοτωι
5	1	11	2	2	10	658	2183	62	28	3.957581	έργα,
4	1	11	2	3	0	11	2219	709	33	-1	
5	1	11	2	3	1	11	2226	91	20	55.276867	ασκούσε
5	1	11	2	3	2	115	2233	22	13	79.342560	κι
5	1	11	2	3	3	149	2225	93	27	38.613972	ιδιωτικἡ
5	1	11	2	3	4	256	2223	154	29	78.562134	φιλανθρωπία,
5	1	11	2	3	5	425	2229	39	20	74.657913	για
5	1	11	2	3	6	473	2227	40	21	93.156059	την
5	1	11	2	3	7	525	2221	63	22	70.119621	οπρία
5	1	11	2	3	8	599	2227	23	14	58.498375	κι
5	1	11	2	3	9	638	2219	82	28	83.362625	ἔγραφε
4	1	11	2	4	0	11	2255	709	35	-1	
5	1	11	2	4	1	11	2261	117	29	52.021988	εμφαντυκὰ
5	1	11	2	4	2	137	2269	13	13	74.419174	ο
5	1	11	2	4	3	161	2260	150	28	21.247864	σπαρτιασωός
5	1	11	2	4	4	321	2259	64	24	96.278175	τύπος
5	1	11	2	4	5	394	2264	38	21	91.876198	την
5	1	11	2	4	6	445	2257	70	28	0.000000	μέρα
5	1	11	2	4	7	525	2264	36	14	63.252239	του
5	1	11	2	4	8	574	2255	90	22	87.568237	θανάτου
5	1	11	2	4	9	675	2261	45	15	93.409019	του.
4	1	11	2	5	0	10	2291	712	33	-1	
5	1	11	2	5	1	10	2297	38	25	95.561043	Τις
5	1	11	2	5	2	61	2297	113	27	85.139977	υπηρεσίες
5	1	11	2	5	3	185	2303	41	14	91.066254	που
5	1	11	2	5	4	234	2296	47	27	74.634613	εἶχε
5	1	11	2	5	5	295	2295	56	21	57.127998	σπίτι
5	1	11	2	5	6	361	2301	36	14	91.285660	του
5	1	11	2	5	7	409	2297	31	21	93.489265	Τις
5	1	11	2	5	8	453	2293	157	26	8.206749	αποκατέστησε
5	1	11	2	5	9	625	2291	97	28	0.000000	προυκώα.
4	1	11	2	6	0	11	2326	711	34	-1	
5	1	11	2	6	1	11	2340	35	14	52.177727	και
5	1	11	2	6	2	57	2340	31	17	93.226219	τις
5	1	11	2	6	3	100	2332	159	28	22.433739	μεταχειρίζετο
5	1	11	2	6	4	273	2337	41	15	91.319237	σαν
5	1	11	2	6	5	325	2330	85	24	60.403328	οικείες.
5	1	11	2	6	6	426	2329	32	21	93.264160	Το
5	1	11	2	6	7	471	2329	54	20	22.192184	σπῖτι
5	1	11	2	6	8	539	2335	35	14	96.129150	του
5	1	11	2	6	9	587	2328	53	27	83.550148	ἦταν
5	1	11	2	6	10	654	2326	68	22	79.030663	πάντα,
4	1	11	2	7	0	11	2357	711	39	-1	
5	1	11	2	7	1	11	2369	86	27	45.291245	ανουγχτὸ
5	1	11	2	7	2	105	2369	39	26	66.238480	γιά
5	1	11	2	7	3	154	2369	70	23	87.072990	ὅλους.
5	1	11	2	7	4	238	2367	86	21	93.295616	Κάποτε
5	1	11	2	7	5	337	2365	101	28	72.635048	αναφἑρε.
5	1	11	2	7	6	449	2372	13	13	93.169151	ο
5	1	11	2	7	7	475	2363	170	29	78.056664	Ἀημοσιογράφος
5	1	11	2	7	8	657	2357	65	36	29.741272	Τκου-
4	1	11	2	8	0	11	2398	710	34	-1	
5	1	11	2	8	1	11	2405	76	27	88.843399	ζούλης
5	1	11	2	8	2	104	2403	96	29	60.035904	Γιῶργος
5	1	11	2	8	3	211	2409	54	21	70.950638	στην
5	1	11	2	8	4	280	2401	120	29	62.845135	εφημερίδα
5	1	11	2	8	5	415	2408	44	16	61.421425	του,
5	1	11	2	8	6	472	2400	59	27	27.379257	εἶχαο
5	1	11	2	8	7	547	2398	119	28	10.755722	επισκεφπεί
5	1	11	2	8	8	695	2405	26	19	72.249939	τη
4	1	11	2	9	0	13	2429	709	38	-1	
5	1	11	2	9	1	13	2440	86	27	0.000000	Ἀπάρτη
5	1	11	2	9	2	115	2439	109	27	92.082970	εξέχοντες
5	1	11	2	9	3	240	2437	170	28	0.000000	δημοσισγράφοι
5	1	11	2	9	4	428	2443	21	13	82.640244	κι
5	1	11	2	9	5	465	2435	59	21	91.842102	ἄλλοι
5	1	11	2	9	6	537	2435	37	20	52.626640	απ
5	1	11	2	9	7	592	2441	38	21	95.361641	την
5	1	11	2	9	8	647	2429	75	36	93.658264	Αθήνα
2	1	12	0	0	0	11	2465	830	37	-1	
3	1	12	1	0	0	11	2465	830	37	-1	
4	1	12	1	1	0	11	2465	830	37	-1	
5	1	12	1	1	1	11	2483	36	13	44.782265	καὶ
5	1	12	1	1	2	57	2476	34	21	90.836311	δεν
5	1	12	1	1	3	103	2475	60	27	87.998116	εἶχαν
5	1	12	1	1	4	174	2482	40	13	71.988144	που
5	1	12	1	1	5	223	2482	28	14	87.830750	να
5	1	12	1	1	6	262	2473	139	22	44.712124	καπαλύσουν.
5	1	12	1	1	7	414	2471	18	22	48.644218	0
5	1	12	1	1	8	444	2470	156	29	64.814392	Γκορτσολόγος
5	1	12	1	1	9	611	2465	76	41	47.513775	χάλασε
5	1	12	1	1	10	693	2465	29	41	47.513775	το
5	1	12	1	1	11	831	2465	10	32	21.997505	|
2	1	13	0	0	0	1	2505	803	386	-1	
3	1	13	1	0	0	1	2505	803	386	-1	
4	1	13	1	1	0	11	2505	711	33	-1	
5	1	13	1	1	1	11	2511	75	27	10.891960	χάσιο,
5	1	13	1	1	2	101	2510	91	28	53.421574	ξύπνησε
5	1	13	1	1	3	207	2517	26	20	84.139656	τη
5	1	13	1	1	4	247	2510	67	27	91.071861	νύχτα
5	1	13	1	1	5	327	2509	111	27	24.461555	εμπόρους,
5	1	13	1	1	6	451	2514	47	18	75.958855	τους
5	1	13	1	1	7	511	2506	131	28	57.617058	εξασφάλισε
5	1	13	1	1	8	655	2505	67	21	24.465210	Ἀλινο-
4	1	13	1	2	0	13	2541	710	33	-1	
5	1	13	1	2	1	13	2547	137	27	26.529961	αχεπἀσµωώτα
5	1	13	1	2	2	167	2553	36	15	17.300934	χαι
5	1	13	1	2	3	218	2553	49	17	90.995026	τους
5	1	13	1	2	4	284	2544	122	28	31.882790	προπέζωσε
5	1	13	1	2	5	423	2544	69	23	84.395943	ὄλους.
5	1	13	1	2	6	507	2541	27	23	24.963913	Οι,
5	1	13	1	2	7	550	2542	55	26	93.286827	ξένοι
5	1	13	1	2	8	620	2541	103	21	62.524303	σάστισαν
4	1	13	1	3	0	12	2577	588	33	-1	
5	1	13	1	3	1	12	2583	21	27	22.735580	μ᾽
5	1	13	1	3	2	43	2582	54	28	95.903107	αυτή
5	1	13	1	3	3	109	2588	39	22	93.270561	την
5	1	13	1	3	4	160	2581	177	28	84.143211	ενεργητικόπητα
5	1	13	1	3	5	348	2587	36	13	92.121674	και
5	1	13	1	3	6	396	2586	26	20	75.791336	νη
5	1	13	1	3	7	435	2577	109	29	36.695877	φιλοξενία,
5	1	13	1	3	8	555	2584	45	14	94.274307	νου.
4	1	13	1	4	0	43	2611	680	35	-1	
5	1	13	1	4	1	43	2617	19	23	70.260590	0.
5	1	13	1	4	2	76	2617	165	29	80.620926	Γκορτσολόγος,
5	1	13	1	4	3	259	2623	41	15	93.144722	σαν
5	1	13	1	4	4	316	2615	182	28	0.000000	οπκογευειάρχῆς,
5	1	13	1	4	5	513	2612	82	30	0.000000	υπἠρξε
5	1	13	1	4	6	620	2611	103	29	91.749046	λαμπρός.
4	1	13	1	5	0	14	2648	710	33	-1	
5	1	13	1	5	1	14	2653	148	28	61.366283	Δημιούργησε
5	1	13	1	5	2	180	2653	121	27	24.790733	ουιωγένεια
5	1	13	1	5	3	319	2651	164	27	6.704521	υπαδευγµοπωὴ
5	1	13	1	5	4	505	2657	39	19	31.266769	Ύμνο
5	1	13	1	5	5	565	2655	26	21	63.581020	πῃ
5	1	13	1	5	6	623	2648	101	22	45.716816	πκουνωνία,
4	1	13	1	6	0	1	2684	803	30	-1	
5	1	13	1	6	1	1	2695	55	19	0.000000	-πης.
5	1	13	1	6	2	76	2680	99	38	31.963066	πώρτης.
5	1	13	1	6	3	186	2687	46	23	84.769478	Μας
5	1	13	1	6	4	247	2686	54	21	19.688202	εἶνα:
5	1	13	1	6	5	314	2686	84	26	33.881119	γνωστό
5	1	13	1	6	6	413	2692	25	14	80.330376	το
5	1	13	1	6	7	446	2685	90	21	26.330688	πωπεινὸ
5	1	13	1	6	8	548	2696	2	2	12.426949	:
5	1	13	1	6	9	563	2684	101	26	63.711544	φρόνημα,
5	1	13	1	6	10	672	2689	23	14	45.097080	κ.
5	1	13	1	6	11	709	2684	73	24	55.557640	η...
5	1	13	1	6	12	801	2704	3	2	67.626434	.
4	1	13	1	7	0	13	2715	711	33	-1	
5	1	13	1	7	1	13	2722	108	26	90.491562	απλότητα
5	1	13	1	7	2	134	2727	41	15	91.961418	των
5	1	13	1	7	3	188	2720	89	21	70.143829	παιδιών
5	1	13	1	7	4	290	2726	44	14	95.196091	του.
5	1	13	1	7	5	348	2719	45	26	89.685760	Στη
5	1	13	1	7	6	403	2718	73	28	64.908165	μνήμη
5	1	13	1	7	7	487	2725	39	20	94.551643	µας
5	1	13	1	7	8	537	2717	59	27	36.624779	μένει
5	1	13	1	7	9	610	2715	114	27	66.654968	ανεξίτηλη
4	1	13	1	8	0	13	2751	711	33	-1	
5	1	13	1	8	1	13	2764	15	20	45.338669	Ἡ
5	1	13	1	8	2	40	2757	128	27	39.686340	αγαπημένη
5	1	13	1	8	3	179	2755	71	29	85.322586	µορφή
5	1	13	1	8	4	259	2762	37	14	93.304008	του
5	1	13	1	8	5	308	2754	78	27	41.785728	ἄτυχου
5	1	13	1	8	6	399	2754	47	27	85.429207	γιοῦ
5	1	13	1	8	7	456	2760	36	14	93.985489	που
5	1	13	1	8	8	503	2752	75	25	33.092377	Νίκου,
5	1	13	1	8	9	589	2759	39	13	93.509247	που
5	1	13	1	8	10	640	2758	35	15	93.158295	τον
5	1	13	1	8	11	685	2751	39	27	42.643326	πῆ-
4	1	13	1	9	0	15	2785	708	35	-1	
5	1	13	1	9	1	15	2800	24	20	86.360794	ρε
5	1	13	1	9	2	49	2792	85	28	68.851440	πρὠιμα,
5	1	13	1	9	3	145	2799	11	14	89.936554	ο
5	1	13	1	9	4	166	2791	68	28	36.878708	χᾶρος
5	1	13	1	9	5	243	2798	36	14	50.145981	Χαι
5	1	13	1	9	6	289	2791	37	21	69.144760	δεν
5	1	13	1	9	7	334	2797	42	21	72.957260	µας
5	1	13	1	9	8	384	2790	65	27	67.569450	ἄφισε
5	1	13	1	9	9	461	2796	28	15	74.868774	να,
5	1	13	1	9	10	499	2795	35	15	91.488106	ταν
5	1	13	1	9	11	543	2788	95	28	68.801498	χαρούμε
5	1	13	1	9	12	649	2785	74	29	90.021095	Δήμαρ
4	1	13	1	10	0	13	2823	712	43	-1	
5	1	13	1	10	1	13	2836	35	20	93.285217	χο,
5	1	13	1	10	2	67	2824	111	32	65.429855	συνεχιστή
5	1	13	1	10	3	193	2835	37	13	96.375931	του
5	1	13	1	10	4	247	2827	78	27	35.250954	ωραίου
5	1	13	1	10	5	337	2826	63	40	72.579857	ἔργου
5	1	13	1	10	6	414	2832	37	14	90.634781	που
5	1	13	1	10	7	467	2825	83	27	52.807411	ποπέρα,
5	1	13	1	10	8	563	2831	45	17	69.406227	του,
5	1	13	1	10	9	619	2823	57	28	66.508476	αφού
5	1	13	1	10	10	689	2823	36	21	85.626137	ἅλ-
4	1	13	1	11	0	14	2865	437	26	-1	
5	1	13	1	11	1	14	2865	67	20	78.631363	λωστε
5	1	13	1	11	2	91	2864	53	27	87.370331	ἦταν
5	1	13	1	11	3	157	2864	37	21	54.695820	ἆναι
5	1	13	1	11	4	205	2863	61	21	81.112526	πιστὸ
5	1	13	1	11	5	277	2861	119	28	40.916214	αντἰγραφὀ
5	1	13	1	11	6	407	2867	44	15	95.611488	του.
2	1	14	0	0	0	92	2930	562	100	-1	
3	1	14	1	0	0	92	2930	562	100	-1	
4	1	14	1	1	0	92	2930	562	53	-1	
5	1	14	1	1	1	92	2949	232	25	89.410095	ΕΡΓΑΣΤΗΡΙΟΝ
5	1	14	1	1	2	331	2930	323	53	71.360748	ΖΑΧΑΡΟΠΛΑΣΤΙΚΗΣ
4	1	14	1	2	0	188	3003	371	27	-1	
5	1	14	1	2	1	188	3005	186	25	92.180725	ΒΑΣΙΛΕΙΟΥ
5	1	14	1	2	2	389	3003	170	25	92.180725	ΒΕΡΓΑΔΟΥ
2	1	15	0	0	0	15	3044	712	126	-1	
3	1	15	1	0	0	15	3044	712	126	-1	
4	1	15	1	1	0	15	3044	712	49	-1	
5	1	15	1	1	1	15	3061	146	23	78.814667	ΠΛΑΤΕΙΑ
5	1	15	1	1	2	172	3061	109	32	96.874664	ΔΟΥΚΑ
5	1	15	1	1	3	293	3060	15	23	95.534035	6
5	1	15	1	1	4	319	3048	129	35	88.655952	ΣΠΑΡΤΗ
5	1	15	1	1	5	460	3070	9	6	92.806183	-
5	1	15	1	1	6	480	3044	67	37	93.220619	ΤΗΛ.
5	1	15	1	1	7	559	3057	168	23	86.569344	24925824924
4	1	15	1	2	0	34	3099	692	35	-1	
5	1	15	1	2	1	34	3103	152	31	75.910347	᾿Δεχόμεθα
5	1	15	1	2	2	198	3103	99	27	93.303665	παντός
5	1	15	1	2	3	306	3101	90	28	93.234756	εἴδους
5	1	15	1	2	4	409	3099	195	32	88.846169	παραγγελίες,
5	1	15	1	2	5	617	3099	51	29	93.202728	γιά
5	1	15	1	2	6	677	3099	49	28	68.443466	γά-
4	1	15	1	3	0	17	3134	709	36	-1	
5	1	15	1	3	1	17	3145	72	25	40.212494	µμους,
5	1	15	1	3	2	105	3139	135	26	83.693939	θαπτίσια,
5	1	15	1	3	3	254	3137	166	31	88.354660	ἀρραθῶνες,
5	1	15	1	3	4	436	3136	116	29	91.483749	Παγωτό
5	1	15	1	3	5	563	3135	34	31	87.155258	µέ
5	1	15	1	3	6	612	3135	32	23	96.894974	τό
5	1	15	1	3	7	659	3134	67	23	95.118790	κιλό.
2	1	16	0	0	0	102	2917	562	7	-1	
3	1	16	1	0	0	102	2917	562	7	-1	
4	1	16	1	1	0	102	2917	562	7	-1	
5	1	16	1	1	1	102	2917	562	7	95.000000	 
2	1	17	0	0	0	623	3194	101	5	-1	
3	1	17	1	0	0	623	3194	101	5	-1	
4	1	17	1	1	0	623	3194	101	5	-1	
5	1	17	1	1	1	623	3194	101	5	95.000000	 
2	1	18	0	0	0	36	3196	514	6	-1	
3	1	18	1	0	0	36	3196	514	6	-1	
4	1	18	1	1	0	36	3196	514	6	-1	
5	1	18	1	1	1	36	3196	514	6	95.000000	 
2	1	19	0	0	0	197	3225	348	95	-1	
3	1	19	1	0	0	197	3225	348	95	-1	
4	1	19	1	1	0	205	3225	335	24	-1	
5	1	19	1	1	1	205	3225	335	24	29.423889	ΠΡΑΚΤΟΡΕΙΟΗΝ
4	1	19	1	2	0	205	3260	336	25	-1	
5	1	19	1	2	1	205	3261	161	24	91.798836	ΠΡΟ-ΠΟ
5	1	19	1	2	2	349	3256	19	37	92.021217	ἃ
5	1	19	1	2	3	392	3260	149	23	91.073441	ΛΑΧΕΙΩΝ
4	1	19	1	3	0	197	3297	348	23	-1	
5	1	19	1	3	1	197	3297	74	23	95.857536	«ΤΟ
5	1	19	1	3	2	312	3297	233	22	64.681198	ΣΤΑΝΤΑΡ»
2	1	20	0	0	0	259	3326	228	45	-1	
3	1	20	1	0	0	259	3326	228	45	-1	
4	1	20	1	1	0	259	3326	228	45	-1	
5	1	20	1	1	1	259	3326	77	45	52.221886	ΤΛΣΙΛ
5	1	20	1	1	2	365	3332	122	38	83.346634	ΒΛΛΛΣΣΗ
2	1	21	0	0	0	153	3393	445	60	-1	
3	1	21	1	0	0	153	3393	445	60	-1	
4	1	21	1	1	0	153	3393	445	32	-1	
5	1	21	1	1	1	153	3393	186	32	55.608536	᾿Ακροπόλεως
5	1	21	1	1	2	349	3393	31	23	93.293755	25
5	1	21	1	1	3	390	3393	18	23	86.044662	ἃ
5	1	21	1	1	4	420	3393	137	31	92.766533	Βρασίδου
5	1	21	1	1	5	568	3393	30	22	94.579407	58
4	1	21	1	2	0	210	3428	335	25	-1	
5	1	21	1	2	1	210	3428	129	25	92.968170	ΣΠΑΡΤΗ
5	1	21	1	2	2	349	3442	28	4	31.494553	---
5	1	21	1	2	3	385	3429	67	23	96.616928	ΤΗΛ.
5	1	21	1	2	4	463	3429	82	23	77.537323	22.774
2	1	22	0	0	0	960	386	429	27	-1	
3	1	22	1	0	0	960	386	429	27	-1	
4	1	22	1	1	0	960	386	429	27	-1	
5	1	22	1	1	1	960	386	95	27	4.669914	ημέρα
5	1	22	1	1	2	1065	394	52	15	94.071915	των
5	1	22	1	1	3	1131	386	149	27	80.516350	Ενωμένων
5	1	22	1	1	4	1289	386	100	22	88.339531	Εθνών.
2	1	23	0	0	0	949	1776	1075	46	-1	
3	1	23	1	0	0	949	1776	1075	46	-1	
4	1	23	1	1	0	949	1776	1075	46	-1	
5	1	23	1	1	1	949	1793	65	14	1.271889	{σοι
5	1	23	1	1	2	1015	1793	15	19	1.850975	η
5	1	23	1	1	3	1039	1787	114	26	19.879791	Βοοθτησία
5	1	23	1	1	4	1163	1783	44	39	87.084518	του”
5	1	23	1	1	5	1221	1783	59	39	70.695908	Ἁγίου
5	1	23	1	1	6	1294	1787	114	20	34.860550	Νωολάου
5	1	23	1	1	7	1416	1794	42	13	0.000000	Ἆαὶ
5	1	23	1	1	8	1461	1787	124	31	8.542816	σ-πεατέρας
5	1	23	1	1	9	1599	1776	89	46	27.660728	ετουμᾶ-η
5	1	23	1	1	10	1702	1776	57	46	0.000000	ὦσες-
5	1	23	1	1	11	1752	1777	65	41	17.711708	«μας,
5	1	23	1	1	12	1833	1777	76	41	0.046127	φίλους.
5	1	23	1	1	13	1915	1777	45	41	0.046127	και.
5	1	23	1	1	14	1963	1788	61	16	0.000000	σΗγ]
2	1	24	0	0	0	950	2537	726	29	-1	
3	1	24	1	0	0	950	2537	726	29	-1	
4	1	24	1	1	0	950	2537	726	29	-1	
5	1	24	1	1	1	950	2539	58	27	0.000000	"εγῶ
5	1	24	1	1	2	1019	2545	26	15	94.980606	να
5	1	24	1	1	3	1056	2546	36	13	96.637741	του
5	1	24	1	1	4	1101	2545	39	21	85.970581	την
5	1	24	1	1	5	1151	2538	152	24	75.092117	ανταποδώσω,
5	1	24	1	1	6	1313	2538	56	20	93.622726	αλλά
5	1	24	1	1	7	1378	2545	14	13	96.680992	ο
5	1	24	1	1	8	1400	2538	94	27	50.172203	πατέρας
5	1	24	1	1	9	1506	2537	54	21	90.091682	εἶπε:
5	1	24	1	1	10	1573	2537	103	28	0.000000	θρόνιμα,
2	1	25	0	0	0	1330	0	123	8	-1	
3	1	25	1	0	0	1330	0	123	8	-1	
4	1	25	1	1	0	1330	0	123	8	-1	
5	1	25	1	1	1	1330	0	123	8	95.000000	 
2	1	26	0	0	0	980	156	208	24	-1	
3	1	26	1	0	0	980	156	208	24	-1	
4	1	26	1	1	0	980	156	208	24	-1	
5	1	26	1	1	1	980	157	38	23	93.265732	ΤΟ
5	1	26	1	1	2	1035	156	153	23	80.611969	ΤΕΩΡΕΙΤΣΤ
2	1	27	0	0	0	981	197	1093	7	-1	
3	1	27	1	0	0	981	197	1093	7	-1	
4	1	27	1	1	0	981	197	1093	7	-1	
5	1	27	1	1	1	981	197	1093	7	95.000000	 
2	1	28	0	0	0	2994	159	144	23	-1	
3	1	28	1	0	0	2994	159	144	23	-1	
4	1	28	1	1	0	2994	159	144	23	-1	
5	1	28	1	1	1	2994	159	80	23	72.614365	Σελίδα
5	1	28	1	1	2	3080	160	18	21	75.861244	ὃ
5	1	28	1	1	3	3108	173	30	3	77.040619	---
2	1	29	0	0	0	2214	200	353	2	-1	
3	1	29	1	0	0	2214	200	353	2	-1	
4	1	29	1	1	0	2214	200	353	2	-1	
5	1	29	1	1	1	2214	200	353	2	95.000000	 
2	1	30	0	0	0	2100	247	331	93	-1	
3	1	30	1	0	0	2100	247	331	93	-1	
4	1	30	1	1	0	2120	247	311	41	-1	
5	1	30	1	1	1	2120	248	33	38	69.456642	Τὸ
5	1	30	1	1	2	2179	249	33	37	28.402908	ΝΕ
5	1	30	1	1	3	2215	247	174	39	41.668797	ΚΟΙΝΤΙΚΟ
4	1	30	1	2	0	2100	302	326	38	-1	
5	1	30	1	2	1	2100	302	153	38	40.150524	ΣΥΜΒΟΥΝΘ
5	1	30	1	2	2	2272	302	137	38	27.544304	ΠΕΛΛΝΙΛΣ
2	1	31	0	0	0	1986	357	445	738	-1	
3	1	31	1	0	0	2066	357	365	207	-1	
4	1	31	1	1	0	2103	357	328	28	-1	
5	1	31	1	1	1	2103	357	160	28	0.000000	Ἑωνχαρηστούμε
5	1	31	1	1	2	2278	358	54	21	92.877029	πολύ
5	1	31	1	1	3	2348	358	83	26	58.643360	ανεξαι-
4	1	31	1	2	0	2076	393	355	29	-1	
5	1	31	1	2	1	2076	393	65	27	78.945732	ρέτως
5	1	31	1	2	2	2155	393	62	25	52.293171	ὅλους
5	1	31	1	2	3	2232	400	47	18	94.118889	τους
5	1	31	1	2	4	2293	394	138	28	1.228752	ψηφοφόρους
4	1	31	1	3	0	2076	429	355	27	-1	
5	1	31	1	3	1	2076	435	40	15	95.827553	των
5	1	31	1	3	2	2129	429	84	27	82.882690	χωριών
5	1	31	1	3	3	2248	436	41	20	86.011574	µας
5	1	31	1	3	4	2320	429	111	25	86.011574	Πελλάνας
4	1	31	1	4	0	2074	464	357	32	-1	
5	1	31	1	4	1	2074	471	37	14	41.147964	και
5	1	31	1	4	2	2123	464	132	28	87.202789	Παρδαλίου,
5	1	31	1	4	3	2266	472	40	15	90.764084	που
5	1	31	1	4	4	2317	472	27	20	48.364471	µε.
5	1	31	1	4	5	2355	471	28	25	49.480839	τη
5	1	31	1	4	6	2389	465	42	28	58.452599	ψή-
4	1	31	1	5	0	2066	507	365	25	-1	
5	1	31	1	5	1	2066	507	37	25	18.466187	ἴφο
5	1	31	1	5	2	2118	507	47	17	54.186287	τους
5	1	31	1	5	3	2180	501	101	27	30.588890	τίμησαν
5	1	31	1	5	4	2296	501	14	27	15.977211	ἡ
5	1	31	1	5	5	2339	501	35	27	94.414909	ὄχι
5	1	31	1	5	6	2407	508	24	13	92.010498	το
4	1	31	1	6	0	2066	522	193	46	-1	
5	1	31	1	6	1	2066	522	127	46	34.098663	{συνδυασμό
5	1	31	1	6	2	2209	533	50	35	80.943314	μας.
3	1	31	2	0	0	2073	571	358	135	-1	
4	1	31	2	1	0	2105	571	326	28	-1	
5	1	31	2	1	1	2105	571	139	28	21.898056	Υποσχόμεθα
5	1	31	2	1	2	2260	572	33	20	93.113365	ὅτι
5	1	31	2	1	3	2306	572	29	21	76.883041	θα
5	1	31	2	1	4	2362	572	69	21	43.636879	δουλὲ-
4	1	31	2	2	0	2076	607	354	28	-1	
5	1	31	2	2	1	2076	607	66	27	0.000000	Ψοιηνε
5	1	31	2	2	2	2158	614	37	20	93.550430	για
5	1	31	2	2	3	2210	614	38	20	78.794426	την
5	1	31	2	2	4	2278	607	152	28	65.126038	καλλιπέρευση
4	1	31	2	3	0	2073	643	358	27	-1	
5	1	31	2	3	1	2073	650	36	16	64.113586	και
5	1	31	2	3	2	2122	643	179	27	70.590683	ανασυγκρότηση
5	1	31	2	3	3	2321	649	44	16	89.598503	των
5	1	31	2	3	4	2388	649	43	21	0.651436	τχω-
4	1	31	2	4	0	2074	685	112	21	-1	
5	1	31	2	4	1	2074	679	51	27	91.801842	ριών
5	1	31	2	4	2	2136	685	50	21	91.084343	µας.
3	1	31	3	0	0	2073	698	357	183	-1	
4	1	31	3	1	0	2104	698	326	48	-1	
5	1	31	3	1	1	2104	713	18	22	84.615166	0
5	1	31	3	1	2	2137	698	161	48	63.003330	γοοεκλεγµένος
5	1	31	3	1	3	2321	713	109	28	68.498962	Ἡρόεδρος
4	1	31	3	2	0	2073	748	356	23	-1	
5	1	31	3	2	1	2073	749	68	21	93.736389	ΚΩΝ.
5	1	31	3	2	2	2152	749	47	22	67.510086	ΙΣΤ.
5	1	31	3	2	3	2214	748	150	23	78.609314	ΣΓΟΥΤΔΑΣ
5	1	31	3	2	4	2392	757	37	13	87.926308	και
4	1	31	3	3	0	2074	784	354	26	-1	
5	1	31	3	3	1	2074	792	26	14	51.041759	οἱ
5	1	31	3	3	2	2116	785	79	21	84.363708	ΤΕΩΡ.
5	1	31	3	3	3	2230	785	19	21	84.833885	Ἱ.
5	1	31	3	3	4	2280	784	148	26	87.508751	ΒΑΛΑΣΗΣ,
4	1	31	3	4	0	2074	819	354	26	-1	
5	1	31	3	4	1	2074	819	47	23	90.947243	ΑΘ.
5	1	31	3	4	2	2139	820	24	21	90.721527	Δ.
5	1	31	3	4	3	2182	819	182	26	90.721527	ΒΑΡΟΥΤΣΟΣ,
5	1	31	3	4	4	2382	819	46	22	96.493408	ΧΡ.
4	1	31	3	5	0	2073	855	356	26	-1	
5	1	31	3	5	1	2073	855	24	21	92.715775	Δ.
5	1	31	3	5	2	2111	855	222	26	72.183456	ΛΑΦΟΓΙΑΝΝΗΣ,
5	1	31	3	5	3	2349	855	80	22	47.207863	ΙΩΑΝ.
3	1	31	4	0	0	1986	890	443	205	-1	
4	1	31	4	1	0	2073	890	355	25	-1	
5	1	31	4	1	1	2073	890	191	25	0.000000	Τ:-ΡΑΣΣΙΑΣ,
5	1	31	4	1	2	2263	890	86	21	0.000000	ΕΩΝ.
5	1	31	4	1	3	2363	891	65	19	41.763149	ΗΛ.
4	1	31	4	2	0	1986	919	442	57	-1	
5	1	31	4	2	1	1986	923	70	27	85.966965	ρέντα.
5	1	31	4	2	2	2062	919	227	57	34.684021	ΙΤΟΥΜΕΛΙΩΤΗΣ,
5	1	31	4	2	3	2318	923	52	27	57.498474	ΗΛ.
5	1	31	4	2	4	2382	924	46	22	84.587387	ΧΡ.
4	1	31	4	3	0	2062	943	367	50	-1	
5	1	31	4	3	1	2062	943	148	50	28.299644	ΙΣΤΓΑΛΟΣ,
5	1	31	4	3	2	2224	960	62	21	7.498306	ΝΤ.
5	1	31	4	3	3	2301	960	19	21	75.685577	1.
5	1	31	4	3	4	2338	959	91	22	92.676552	ΣΚΑΦΙ
4	1	31	4	4	0	2072	994	356	26	-1	
5	1	31	4	4	1	2072	994	64	26	90.402611	ΔΑΣ,
5	1	31	4	4	2	2147	995	62	23	23.183739	ΑΙΚ.
5	1	31	4	4	3	2221	996	19	21	42.392792	1.
5	1	31	4	4	4	2254	995	125	22	73.568802	ΦΕΤΚΟΥ
5	1	31	4	4	5	2392	1003	36	15	94.844444	και
4	1	31	4	5	0	2072	1030	355	26	-1	
5	1	31	4	5	1	2072	1030	109	23	69.687866	ΠΑΝΑΓ.
5	1	31	4	5	2	2195	1031	28	21	89.716347	Χ.
5	1	31	4	5	3	2243	1031	184	25	82.098846	ΣΚΡΕΠΕΤΗΣ,
4	1	31	4	6	0	2071	1062	252	33	-1	
5	1	31	4	6	1	2071	1067	105	27	28.489059	πάρεδρος
5	1	31	4	6	2	2191	1062	132	33	90.967911	Παρδαλίου.
2	1	32	0	0	0	2114	1137	275	52	-1	
3	1	32	1	0	0	2114	1137	275	52	-1	
4	1	32	1	1	0	2114	1137	275	52	-1	
5	1	32	1	1	1	2114	1137	59	38	21.222786	ΝΕΟΙ
5	1	32	1	1	2	2191	1137	198	52	60.833729	ΣΥΝΛΡΟΜΗΤΕΣ
2	1	33	0	0	0	1697	1227	739	740	-1	
3	1	33	1	0	0	1698	1227	731	138	-1	
4	1	33	1	1	0	1700	1227	728	57	-1	
5	1	33	1	1	1	1700	1249	37	19	86.044952	τῆς
5	1	33	1	1	2	1750	1242	89	27	89.072655	εφορίας
5	1	33	1	1	3	1850	1243	37	27	60.945164	βρε
5	1	33	1	1	4	1899	1243	74	22	30.331474	παμδιὰ
5	1	33	1	1	5	2062	1266	21	18	10.989006	.
5	1	33	1	1	6	2100	1227	142	41	3.264023	Ἐξεβήλωσαν
5	1	33	1	1	7	2261	1235	38	21	91.955124	την
5	1	33	1	1	8	2331	1230	97	41	9.896835	Επιθυμία
4	1	33	1	2	0	1698	1266	731	41	-1	
5	1	33	1	2	1	1698	1278	29	20	59.858406	κι᾿
5	1	33	1	2	2	1740	1277	36	21	83.365227	ὅσο
5	1	33	1	2	3	1786	1279	118	27	25.244156	προχωρεῖς
5	1	33	1	2	4	1916	1286	37	14	87.345024	και
5	1	33	1	2	5	1964	1271	133	36	57.235508	γράφεις).
5	1	33	1	2	6	2115	1271	19	13	31.834991	ο
5	1	33	1	2	7	2164	1271	50	33	12.580147	ΣΥ
5	1	33	1	2	8	2244	1271	39	20	39.054771	Την
5	1	33	1	2	9	2311	1273	80	21	0.000000	εφημερ
5	1	33	1	2	10	2392	1266	37	20	46.562950	ἴδα
4	1	33	1	3	0	1698	1298	731	49	-1	
5	1	33	1	3	1	1698	1313	50	21	91.992264	τόσα
5	1	33	1	3	2	1758	1320	37	14	23.906044	χα
5	1	33	1	3	3	1808	1314	19	20	90.964981	σ᾿
5	1	33	1	3	4	1836	1314	81	28	25.598648	ανοΐγει
5	1	33	1	3	5	1929	1321	39	21	95.949944	την
5	1	33	1	3	6	1973	1302	79	45	0.000000	καρδιά
5	1	33	1	3	7	2120	1303	43	36	14.530319	σα
5	1	33	1	3	8	2171	1301	128	43	52.468102	Ύραφνηκον
5	1	33	1	3	9	2312	1298	117	48	12.147202	συνδροµη
4	1	33	1	4	0	2072	1337	355	28	-1	
5	1	33	1	4	1	2072	1340	33	19	42.126373	τές
5	1	33	1	4	2	2120	1342	21	14	40.675488	οι
5	1	33	1	4	3	2155	1342	116	20	0.000000	παρακάτω
5	1	33	1	4	4	2304	1337	56	28	82.508247	φίλοι
5	1	33	1	4	5	2391	1345	36	13	66.358810	πι
3	1	33	2	0	0	1697	1371	731	596	-1	
4	1	33	2	1	0	2039	1371	389	35	-1	
5	1	33	2	1	1	2039	1379	2	2	0.000000	᾿
5	1	33	2	1	2	2062	1371	174	35	13.213303	1συμπαπριώτες,
5	1	33	2	1	3	2266	1378	48	19	15.407928	ους
5	1	33	2	1	4	2344	1373	84	24	43.264965	οποίους
4	1	33	2	2	0	2071	1407	357	29	-1	
5	1	33	2	2	1	2071	1413	36	15	76.047646	και
5	1	33	2	2	2	2126	1407	161	27	49.273277	ευχαριστούμε.
5	1	33	2	2	3	2318	1408	110	28	0.000000	Γεώργιος
4	1	33	2	3	0	1699	1439	728	33	-1	
5	1	33	2	3	1	1699	1439	29	27	51.441429	γι
5	1	33	2	3	2	1740	1439	53	21	58.638248	αυτὸ
5	1	33	2	3	3	1806	1446	37	16	67.311661	και
5	1	33	2	3	4	1856	1447	35	20	58.674156	γω
5	1	33	2	3	5	1904	1447	39	17	93.255692	σας
5	1	33	2	3	6	1953	1440	86	28	89.697426	εὔχομαι
5	1	33	2	3	7	2072	1441	27	22	68.937859	|Ν.
5	1	33	2	3	8	2120	1441	135	29	70.291153	Μοσχοβίτης
5	1	33	2	3	9	2272	1441	85	31	69.998489	Αθήνα,
5	1	33	2	3	10	2387	1443	40	23	50.444523	Αν-
4	1	33	2	4	0	1699	1475	728	32	-1	
5	1	33	2	4	1	1699	1481	62	15	79.743118	του...
5	1	33	2	4	2	1776	1475	78	28	95.163864	χρόνου
5	1	33	2	4	3	1870	1483	27	21	95.163864	µε
5	1	33	2	4	4	1912	1476	70	28	83.961487	υγεία,
5	1	33	2	4	5	1996	1490	2	5	59.718075	.
5	1	33	2	4	6	2072	1479	72	25	70.656815	τώνιος
5	1	33	2	4	7	2164	1477	83	30	93.792267	Δούμας
5	1	33	2	4	8	2266	1478	83	29	78.213745	Ἀθήνα,
5	1	33	2	4	9	2369	1479	58	28	60.625107	Κική
4	1	33	2	5	0	1697	1511	730	31	-1	
5	1	33	2	5	1	1697	1518	39	14	96.504707	που
5	1	33	2	5	2	1748	1511	74	25	87.883072	αλλού;
5	1	33	2	5	3	1834	1511	83	28	60.665684	την...
5	1	33	2	5	4	1931	1512	122	28	26.125931	Ἡφορία]!...
5	1	33	2	5	5	2062	1514	37	21	19.282753	ΕΚ.
5	1	33	2	5	6	2117	1515	160	27	84.606239	Σπαυροπούλου
5	1	33	2	5	7	2292	1515	96	27	36.571831	πάρπη,
5	1	33	2	5	8	2403	1515	24	21	78.130356	Τι
4	1	33	2	6	0	2062	1541	365	37	-1	
5	1	33	2	6	1	2062	1541	102	37	7.018349	Ἰάννορης
5	1	33	2	6	2	2175	1549	123	26	67.244270	Απόστολος
5	1	33	2	6	3	2326	1537	57	46	3.003036	θε)
5	1	33	2	6	4	2395	1558	32	20	0.000000	η,
4	1	33	2	7	0	2061	1585	365	29	-1	
5	1	33	2	7	1	2061	1585	112	29	25.461510	ἹΣμυρνιὸς
5	1	33	2	7	2	2194	1585	69	29	64.990997	Τεωρ.
5	1	33	2	7	3	2278	1586	29	21	91.150261	Ἡ.
5	1	33	2	7	4	2343	1585	83	29	90.043144	Αθήνα,
4	1	33	2	8	0	2061	1621	365	29	-1	
5	1	33	2	8	1	2061	1621	140	25	31.560547	:Ἡλιόπουλος
5	1	33	2	8	2	2216	1621	99	29	87.949371	Χρήστος
5	1	33	2	8	3	2328	1621	98	29	39.300804	«πάρτη,
4	1	33	2	9	0	2061	1656	366	31	-1	
5	1	33	2	9	1	2061	1656	119	36	0.000000	ἸἨφιγένεια
5	1	33	2	9	2	2211	1657	24	21	0.000000	Ῥ.
5	1	33	2	9	3	2270	1657	157	28	41.611580	Μανδραπήλια
4	1	33	2	10	0	2061	1688	365	50	-1	
5	1	33	2	10	1	2061	1688	140	50	0.000000	(Βηροκάμαο,
5	1	33	2	10	2	2216	1692	54	29	95.138275	Δημ.
5	1	33	2	10	3	2287	1700	37	15	73.935959	και
5	1	33	2	10	4	2340	1693	86	27	88.955452	Παναγ.
4	1	33	2	11	0	2061	1722	366	34	-1	
5	1	33	2	11	1	2061	1722	108	34	57.416615	Ἰλλούπης
5	1	33	2	11	2	2202	1728	97	28	37.495987	θεσ)]κη,
5	1	33	2	11	3	2346	1728	81	21	55.371643	Ῥόσσια
4	1	33	2	12	0	2070	1763	357	29	-1	
5	1	33	2	12	1	2070	1763	108	28	40.897064	Ντάρμαυ,
5	1	33	2	12	2	2195	1764	124	28	60.785278	Στρατηγού
5	1	33	2	12	3	2333	1765	23	20	0.925079	κ
5	1	33	2	12	4	2371	1763	56	29	31.654671	Τζι
4	1	33	2	13	0	2088	1799	325	25	-1	
5	1	33	2	13	1	2088	1799	109	25	19.467331	λωχόρης
5	1	33	2	13	2	2205	1799	59	19	24.704292	ΗΠΑ
5	1	33	2	13	3	2302	1795	111	34	22.838509	Σταυροῦλ
4	1	33	2	14	0	2069	1831	357	29	-1	
5	1	33	2	14	1	2069	1831	119	29	43.872192	Τσεχούρα,
5	1	33	2	14	2	2205	1832	118	28	53.992386	Χαρίκλεια
5	1	33	2	14	3	2354	1831	72	28	0.000000	ἆἹαρα-
4	1	33	2	15	0	2068	1867	368	50	-1	
5	1	33	2	15	1	2068	1868	87	27	68.566055	κούσης,
5	1	33	2	15	2	2166	1867	68	27	73.116341	Τζένυ
5	1	33	2	15	3	2250	1867	85	25	93.966202	Παπάς,
5	1	33	2	15	4	2353	1867	83	50	0.000000	Πηρερ|
4	1	33	2	16	0	2068	1903	272	29	-1	
5	1	33	2	16	1	2068	1903	130	29	56.937618	Ἐαραλέμας
5	1	33	2	16	2	2208	1903	132	29	70.860443	Αυστρολία,
4	1	33	2	17	0	2068	1939	274	28	-1	
5	1	33	2	17	1	2068	1939	161	28	41.249081	Καουτσοβασίλη
5	1	33	2	17	2	2246	1939	96	27	90.128860	Σπάρτη.
2	1	34	0	0	0	2123	2008	251	39	-1	
3	1	34	1	0	0	2123	2008	251	39	-1	
4	1	34	1	1	0	2123	2008	251	39	-1	
5	1	34	1	1	1	2123	2008	15	38	58.620216	0
5	1	34	1	1	2	2156	2008	218	39	0.000000	ΙΗΝΛΡΟΛΙΡΛΙΙΣ
2	1	35	0	0	0	2068	2062	358	354	-1	
3	1	35	1	0	0	2068	2062	358	354	-1	
4	1	35	1	1	0	2098	2062	327	30	-1	
5	1	35	1	1	1	2098	2062	31	22	92.221100	Το
5	1	35	1	1	2	2147	2063	50	21	72.637436	τσὰϊ
5	1	35	1	1	3	2212	2070	38	15	93.251785	του
5	1	35	1	1	4	2265	2064	160	28	82.777550	δεγδρολίβανου
4	1	35	1	2	0	2069	2099	356	30	-1	
5	1	35	1	2	1	2069	2099	53	21	42.308022	εὖναι
5	1	35	1	2	2	2130	2099	56	20	21.363297	καπά
5	1	35	1	2	3	2199	2106	37	20	91.045845	της
5	1	35	1	2	4	2247	2099	132	30	10.975258	λιποθυμίας.
5	1	35	1	2	5	2391	2099	34	23	1.904907	Ῥ-
4	1	35	1	3	0	2069	2133	356	33	-1	
5	1	35	1	3	1	2069	2133	34	26	83.872452	ἕες
5	1	35	1	3	2	2122	2134	159	28	63.177010	δεγδρολίβανου
5	1	35	1	3	3	2301	2145	27	21	53.802864	µε
5	1	35	1	3	4	2361	2138	64	28	21.654289	παρασί
4	1	35	1	4	0	2069	2169	357	32	-1	
5	1	35	1	4	1	2069	2169	116	28	9.051529	ρασμένες
5	1	35	1	4	2	2197	2170	69	21	79.290047	ὥσπου
5	1	35	1	4	3	2279	2177	29	18	82.037636	να
5	1	35	1	4	4	2320	2174	69	27	59.199036	μεῖνει
5	1	35	1	4	5	2401	2180	25	14	91.382614	το
4	1	35	1	5	0	2069	2205	356	31	-1	
5	1	35	1	5	1	2069	2205	37	21	27.799873	ένα
5	1	35	1	5	2	2122	2205	64	27	85.383286	τρίτο,
5	1	35	1	5	3	2205	2206	53	21	55.045109	εἶναι
5	1	35	1	5	4	2268	2209	57	22	26.410988	χαιτὰ
5	1	35	1	5	5	2338	2216	38	20	93.018829	της
5	1	35	1	5	6	2393	2209	32	21	89.440140	δυ-
4	1	35	1	6	0	2069	2241	356	31	-1	
5	1	35	1	6	1	2069	2241	114	27	50.321823	σεντερίας.
5	1	35	1	6	2	2203	2241	115	29	80.833984	Φρέσκειες
5	1	35	1	6	3	2333	2245	92	27	37.878250	χορυφὲς
4	1	35	1	7	0	2069	2281	356	27	-1	
5	1	35	1	7	1	2069	2283	35	13	91.440582	του
5	1	35	1	7	2	2124	2283	73	21	22.977737	φυποῦ,
5	1	35	1	7	3	2217	2281	152	27	0.000000	«κοπαβσινόες
5	1	35	1	7	4	2385	2281	40	20	17.370110	ππὰ-
4	1	35	1	8	0	2068	2313	357	31	-1	
5	1	35	1	8	1	2068	2319	28	15	18.133865	Χω
5	1	35	1	8	2	2110	2320	43	18	92.907425	στις
5	1	35	1	8	3	2166	2313	135	28	4.791878	αμμιοροΐδες
5	1	35	1	8	4	2315	2323	30	18	93.273956	τις
5	1	35	1	8	5	2357	2316	68	28	61.273148	ξεραί-
4	1	35	1	9	0	2068	2348	357	32	-1	
5	1	35	1	9	1	2068	2356	39	16	41.219444	γε.
5	1	35	1	9	2	2124	2348	71	30	68.223801	Χωμὸς
5	1	35	1	9	3	2210	2355	37	17	87.828598	του
5	1	35	1	9	4	2276	2353	65	26	54.562469	φυτοῦ
5	1	35	1	9	5	2370	2352	55	28	76.785049	μέσα
4	1	35	1	10	0	2069	2387	355	29	-1	
5	1	35	1	10	1	2069	2393	35	16	93.240051	στο
5	1	35	1	10	2	2120	2387	52	29	15.107117	αὐτί
5	1	35	1	10	3	2183	2387	97	28	56.533768	σταμωτὰ
5	1	35	1	10	4	2307	2395	36	14	75.969284	τον
5	1	35	1	10	5	2372	2388	52	21	95.659836	πόνο
2	1	36	0	0	0	1015	242	641	95	-1	
3	1	36	1	0	0	1015	242	641	95	-1	
4	1	36	1	1	0	1015	242	641	95	-1	
5	1	36	1	1	1	1015	246	302	67	18.774345	ΛΝΙΚΟΙΝΠΕΙΕ
5	1	36	1	1	2	1254	242	64	95	30.681526	εις
5	1	36	1	1	3	1333	257	78	76	73.312744	της
5	1	36	1	1	4	1432	245	224	69	0.000000	ΝΙΙΕβχίΠΕ
2	1	37	0	0	0	1004	325	1008	75	-1	
3	1	37	1	0	0	1004	325	1008	75	-1	
4	1	37	1	1	0	1004	325	999	57	-1	
5	1	37	1	1	1	1004	351	22	21	55.994102	9
5	1	37	1	1	2	1043	351	53	21	93.047234	ΜΕ
5	1	37	1	1	3	1108	325	158	57	46.115589	λαμπρότητα
5	1	37	1	1	4	1279	325	129	57	22.635262	γιορεάσου
5	1	37	1	1	5	1282	350	167	28	0.000000	γιορπάσιτηνιε
5	1	37	1	1	6	1462	356	57	22	86.024048	οπις
5	1	37	1	1	7	1537	350	11	22	0.000000	3
5	1	37	1	1	8	1574	351	60	27	0.000000	4)1Ο
5	1	37	1	1	9	1669	359	16	19	94.637604	η
5	1	37	1	1	10	1703	335	57	23	80.621307	Αωτὸ
5	1	37	1	1	11	1770	344	25	14	93.432999	το
5	1	37	1	1	12	1805	337	58	27	12.886818	μήνα
5	1	37	1	1	13	1878	337	38	28	93.211700	βρε
5	1	37	1	1	14	1929	337	74	23	52.197998	παιδιό,
4	1	37	1	2	0	1703	373	309	27	-1	
5	1	37	1	2	1	1703	379	44	18	93.190086	πως
5	1	37	1	2	2	1760	379	26	15	14.612961	Ὑα
5	1	37	1	2	3	1804	373	18	20	45.466934	τ'
5	1	37	1	2	4	1836	373	176	27	69.741295	αμφισβητήσεις:
2	1	38	0	0	0	1705	407	364	102	-1	
3	1	38	1	0	0	1705	407	364	102	-1	
4	1	38	1	1	0	1705	407	364	71	-1	
5	1	38	1	1	1	1705	407	63	26	51.611019	Ὅλος
5	1	38	1	1	2	1780	416	11	13	94.975105	ο
5	1	38	1	1	3	1802	409	78	27	75.155983	κόσμος
5	1	38	1	1	4	1891	409	100	27	78.988609	χαΐρεταυ
5	1	38	1	1	5	2066	421	3	57	92.412689	|
4	1	38	1	2	0	2066	479	3	30	-1	
5	1	38	1	2	1	2066	479	3	30	83.390038	|
2	1	39	0	0	0	1761	246	247	39	-1	
3	1	39	1	0	0	1761	246	247	39	-1	
4	1	39	1	1	0	1761	246	247	39	-1	
5	1	39	1	1	1	1761	246	120	38	37.183159	ΒΗΙΙΚΝΙΡΑ
5	1	39	1	1	2	1897	246	111	39	32.687927	ΘΕΜΛΙΛ
2	1	40	0	0	0	946	418	1120	1102	-1	
3	1	40	1	0	0	1004	418	681	50	-1	
4	1	40	1	1	0	1004	418	681	50	-1	
5	1	40	1	1	1	1004	421	21	22	82.624390	9
5	1	40	1	1	2	1044	421	46	23	91.033615	ΤΟ
5	1	40	1	1	3	1100	421	239	23	84.310959	ΝΟΜΑΡΙΧΙΑΚΟ
5	1	40	1	1	4	1350	421	143	28	56.921047	Συμµθούλιο
5	1	40	1	1	5	1503	418	117	50	0.000000	ενέκρανε
5	1	40	1	1	6	1630	422	55	28	43.021515	Ὁμό-
3	1	40	2	0	0	977	451	975	34	-1	
4	1	40	2	1	0	977	451	975	34	-1	
5	1	40	2	1	1	977	465	75	20	58.667469	φωνα
5	1	40	2	1	2	1063	465	33	14	91.611526	τια
5	1	40	2	1	3	1107	457	144	28	31.256149	Αιοδευπιναά
5	1	40	2	1	4	1268	457	81	28	3.907318	Εργα
5	1	40	2	1	5	1359	457	162	28	40.840614	Κονιδίαοιας,
5	1	40	2	1	6	1538	457	148	28	5.281990	«Ἐηρορααμσιί
5	1	40	2	1	7	1702	445	29	19	0.000000	Ἀε
5	1	40	2	1	8	1747	451	14	20	69.337646	η
5	1	40	2	1	9	1776	445	75	27	38.861851	οφορία
5	1	40	2	1	10	1862	445	101	34	45.256905	επίσης...
3	1	40	3	0	0	974	493	1085	100	-1	
4	1	40	3	1	0	975	493	1084	32	-1	
5	1	40	3	1	1	971	489	43	40	93.257416	αυ,
5	1	40	3	1	2	1031	501	131	13	86.018059	Καλυδίων
5	1	40	3	1	3	1174	493	87	28	92.048744	Σοχάς
5	1	40	3	1	4	1274	501	44	14	51.897537	24αι
5	1	40	3	1	5	1328	501	44	19	32.888710	ση
5	1	40	3	1	6	1374	493	109	28	25.042770	σύνκαξη
5	1	40	3	1	7	1496	493	135	28	18.888687	ορυστιωεών
5	1	40	3	1	8	1644	497	103	25	0.000000	|εε-|Και
5	1	40	3	1	9	1761	497	57	28	80.481049	τώρα
5	1	40	3	1	10	1827	498	92	21	71.009171	ακούστε
5	1	40	3	1	11	1934	505	26	17	69.982880	ναι
5	1	40	3	1	12	1974	504	37	18	95.719482	σας
5	1	40	3	1	13	2026	505	33	14	96.337059	πω
4	1	40	3	2	0	974	501	1006	62	-1	
5	1	40	3	2	1	974	501	82	49	0.943344	ειν
5	1	40	3	2	2	1065	536	53	14	93.018440	πων
5	1	40	3	2	3	1135	529	156	28	71.016647	αρδευπικών
5	1	40	3	2	4	1306	529	83	28	89.116814	έργων
5	1	40	3	2	5	1403	529	144	28	49.309181	Ἰελλάνας,
5	1	40	3	2	6	1566	529	119	22	80.295959	Σελλασί-
5	1	40	3	2	7	1693	533	48	30	54.173855	Ἰάνα
5	1	40	3	2	8	1754	534	64	27	55.655014	μικρὸ
5	1	40	3	2	9	1832	541	39	20	77.257835	µου
5	1	40	3	2	10	1884	534	96	27	43.968716	μωστικὸ.
4	1	40	3	3	0	976	549	721	44	-1	
5	1	40	3	3	1	976	573	30	19	96.769112	ας
5	1	40	3	3	2	1018	573	46	16	2.852852	αι
5	1	40	3	3	3	1077	565	168	28	39.874973	Καοπορεύου.
5	1	40	3	3	4	1692	549	5	37	61.065865	[
3	1	40	4	0	0	973	601	712	135	-1	
4	1	40	4	1	0	1003	601	681	27	-1	
5	1	40	4	1	1	1003	601	22	21	90.900261	ϐ
5	1	40	4	1	2	1045	601	53	21	12.150223	ΜΕ
5	1	40	4	1	3	1109	601	123	27	88.059776	απόφιαση
5	1	40	4	1	4	1244	609	47	13	54.945644	που
5	1	40	4	1	5	1306	601	123	27	49.430099	Νομάρχη
5	1	40	4	1	6	1447	601	135	27	8.506287	διαπέθη»ιε
5	1	40	4	1	7	1607	601	77	23	72.652512	σιοσόν
4	1	40	4	2	0	973	636	712	28	-1	
5	1	40	4	2	1	973	637	176	25	42.617462	Β.800.0ΟΟΟ
5	1	40	4	2	2	1168	637	55	27	87.086250	δρχ.
5	1	40	4	2	3	1244	637	42	27	87.636780	γιά
5	1	40	4	2	4	1301	644	40	20	70.131348	πες
5	1	40	4	2	5	1373	636	175	28	0.000000	ΛΆειτουργωπιές
5	1	40	4	2	6	1572	637	113	27	29.597969	«ανάγγαες
4	1	40	4	3	0	973	672	712	28	-1	
5	1	40	4	3	1	973	679	53	15	93.282700	των
5	1	40	4	3	2	1043	672	149	28	32.321976	Δημοτώωιών
5	1	40	4	3	3	1209	672	131	28	46.332970	Ἀχολείων
5	1	40	4	3	4	1355	681	43	13	78.277512	και
5	1	40	4	3	5	1413	679	54	15	92.888153	των
5	1	40	4	3	6	1480	672	205	28	8.533585	ἸΨησιαγωγείων
4	1	40	4	4	0	974	704	261	32	-1	
5	1	40	4	4	1	974	704	44	27	96.407562	του
5	1	40	4	4	2	1030	708	88	27	85.375168	Νομού
5	1	40	4	4	3	1132	715	58	21	79.451157	µας.
3	1	40	5	0	0	973	743	1086	177	-1	
4	1	40	5	1	0	1002	743	682	29	-1	
5	1	40	5	1	1	1002	743	22	22	56.214371	6
5	1	40	5	1	2	1042	743	32	23	84.736420	Οἱ
5	1	40	5	1	3	1085	743	148	28	52.850700	πραοφορές
5	1	40	5	1	4	1242	751	51	15	45.284241	πων
5	1	40	5	1	5	1305	743	106	28	94.958153	φορέων
5	1	40	5	1	6	1420	751	45	16	95.886993	του
5	1	40	5	1	7	1478	743	87	29	89.055771	Νομού
5	1	40	5	1	8	1576	751	59	21	92.701103	µας,
5	1	40	5	1	9	1649	751	35	14	68.547119	244
4	1	40	5	2	0	973	779	712	29	-1	
5	1	40	5	2	1	973	779	95	24	0.000000	ποΐκανν
5	1	40	5	2	2	1084	786	44	15	26.027802	»άαι
5	1	40	5	2	3	1144	779	139	29	0.000000	Συλλόγωνι
5	1	40	5	2	4	1294	786	65	21	71.176468	σίρος
5	1	40	5	2	5	1372	786	64	20	33.810135	πιαως
5	1	40	5	2	6	1470	779	215	28	11.497375	ἰεισμόσεληρούους
4	1	40	5	3	0	973	815	1026	31	-1	
5	1	40	5	3	1	973	821	47	21	90.014252	σης
5	1	40	5	3	2	1028	815	156	27	1.113922	Καλαμάτας
5	1	40	5	3	3	1195	815	66	22	46.706207	είναι
5	1	40	5	3	4	1269	815	75	27	21.641350	μιέχοι
5	1	40	5	3	5	1353	815	72	27	93.281921	τώρα
5	1	40	5	3	6	1438	815	172	21	37.913174	δ.δ.14.5685
5	1	40	5	3	7	1625	815	56	28	93.303734	δρχ.
5	1	40	5	3	8	1702	817	45	28	17.694817	!Την
5	1	40	5	3	9	1761	817	84	29	80.014664	Ἐφορία
5	1	40	5	3	10	1860	819	25	24	10.237900	ἂς
5	1	40	5	3	11	1892	819	107	27	31.536850	ππιᾶσουµε
4	1	40	5	4	0	974	846	1053	47	-1	
5	1	40	5	4	1	974	858	44	13	0.000000	24αια
5	1	40	5	4	2	1027	850	51	25	2.968102	ιαμτό
5	1	40	5	4	3	1089	846	150	47	55.006546	σιροσφορές.
5	1	40	5	4	4	1248	857	33	20	65.542664	σης:
5	1	40	5	4	5	1310	851	24	21	36.910477	Τ.
5	1	40	5	4	6	1348	851	191	27	36.262711	Πηκροπόλεως
5	1	40	5	4	7	1557	850	124	22	79.032455	10.000.
5	1	40	5	4	8	1701	854	38	26	0.000000	ἡμιὰ
5	1	40	5	4	9	1751	861	36	13	15.541107	και
5	1	40	5	4	10	1799	854	78	27	15.186646	πὀφερε
5	1	40	5	4	11	1887	861	15	20	92.746117	η
5	1	40	5	4	12	1916	854	111	28	76.609238	χουβντα,
4	1	40	5	5	0	946	881	1113	39	-1	
5	1	40	5	5	1	946	881	107	25	47.313354	'"σοῦ
5	1	40	5	5	2	1059	885	139	27	29.053627	δράχμές
5	1	40	5	5	3	1201	887	20	2	17.682037	ο
5	1	40	5	5	4	1357	883	30	9	22.975082	πο
5	1	40	5	5	5	1443	886	12	3	31.765297	σος
5	1	40	5	5	6	1494	887	27	8	0.000000	Ὅππἒο
5	1	40	5	5	7	1585	890	3	1	8.583946	ο
5	1	40	5	5	8	1647	889	36	9	9.961502	τν
5	1	40	5	5	9	1698	889	41	25	40.811127	Πνιᾶ
5	1	40	5	5	10	1752	889	27	19	63.651939	κι
5	1	40	5	5	11	1798	889	48	20	12.469116	αὐτὸ
5	1	40	5	5	12	1862	883	24	41	61.431717	το
5	1	40	5	5	13	1886	889	67	31	40.197594	μήνα
5	1	40	5	5	14	1967	889	59	26	82.984192	ἔχει
5	1	40	5	5	15	2018	883	8	41	73.626175	-
5	1	40	5	5	16	2037	898	22	7	60.675346	---
3	1	40	6	0	0	973	919	1093	99	-1	
4	1	40	6	1	0	1002	919	966	31	-1	
5	1	40	6	1	1	1002	919	22	21	82.487854	ϱ
5	1	40	6	1	2	1045	919	73	21	93.303207	ΤΗΝ
5	1	40	6	1	3	1135	919	73	27	40.367188	11ην
5	1	40	6	1	4	1217	919	156	27	85.469040	Ιανουαρίου
5	1	40	6	1	5	1390	919	83	21	59.670479	1987
5	1	40	6	1	6	1487	919	33	21	93.066185	θα
5	1	40	6	1	7	1534	919	149	27	0.000000	δµεξαχθούν
5	1	40	6	1	8	1700	929	37	13	36.899303	και
5	1	40	6	1	9	1755	929	39	20	93.065277	την
5	1	40	6	1	10	1812	923	35	19	75.612122	πιὸ
5	1	40	6	1	11	1859	923	109	27	75.042717	µεγάλη...
4	1	40	6	2	0	974	954	1019	28	-1	
5	1	40	6	2	1	974	955	106	27	83.668533	εκλογές
5	1	40	6	2	2	1091	961	42	21	44.055847	γία
5	1	40	6	2	3	1143	961	47	21	7.879105	πῃῃν
5	1	40	6	2	4	1203	955	120	27	93.119781	ανάδειξη
5	1	40	6	2	5	1333	954	83	28	63.910896	μελών
5	1	40	6	2	6	1430	961	51	15	91.166428	των
5	1	40	6	2	7	1496	954	187	28	3.269569	ἸΝομαρχιανών
5	1	40	6	2	8	1857	975	51	5	38.657490	...
5	1	40	6	2	9	1988	976	5	5	0.000000	.
4	1	40	6	3	0	973	969	1093	51	-1	
5	1	40	6	3	1	973	990	175	28	30.972969	Συμέουλίων.
5	1	40	6	3	2	1700	973	45	27	65.981613	αι
5	1	40	6	3	3	1757	982	30	34	90.851433	μη
5	1	40	6	3	4	1802	969	83	37	49.069771	θαρείτε
5	1	40	6	3	5	1899	970	30	50	2.536430	ὅλι
5	1	40	6	3	6	1945	970	59	50	0.000000	λχοᾶ,
5	1	40	6	3	7	2062	974	4	38	93.809547	|
3	1	40	7	0	0	971	1017	1057	143	-1	
4	1	40	7	1	0	1011	1017	964	36	-1	
5	1	40	7	1	1	1011	1026	21	21	86.674377	ϱ
5	1	40	7	1	2	1048	1026	52	21	92.640915	ΜΕ
5	1	40	7	1	3	1112	1026	141	21	89.639870	ΕΞΑΡΣΗ
5	1	40	7	1	4	1266	1026	68	27	86.843674	έγινε
5	1	40	7	1	5	1347	1034	14	13	86.843674	ο
5	1	40	7	1	6	1373	1025	138	28	4.908234	εορτασμός
5	1	40	7	1	7	1526	1033	47	20	90.540398	της
5	1	40	7	1	8	1609	1025	72	23	33.059532	Έθνι-
5	1	40	7	1	9	1693	1013	49	45	0.000000	ᾗοο
5	1	40	7	1	10	1760	1017	55	34	15.548080	ον
5	1	40	7	1	11	1832	1017	121	35	26.914146	οποίες,
4	1	40	7	2	0	974	1047	1054	42	-1	
5	1	40	7	2	1	974	1061	50	28	93.063492	κής
5	1	40	7	2	2	1037	1061	160	28	2.546089	Αναύσεασης.
5	1	40	7	2	3	1207	1064	59	25	10.864334	τος
5	1	40	7	2	4	1281	1061	84	28	69.636131	23)
5	1	40	7	2	5	1368	1061	26	27	90.152039	1.1,
5	1	40	7	2	6	1411	1061	88	28	90.985474	καθώς
5	1	40	7	2	7	1511	1069	45	14	0.000000	ριαν
5	1	40	7	2	8	1570	1069	18	20	69.694122	η
5	1	40	7	2	9	1599	1061	84	28	48.627808	μνήμη
5	1	40	7	2	10	1700	1053	57	34	0.142349	{της
5	1	40	7	2	11	1774	1054	39	20	2.976418	ἐν,
5	1	40	7	2	12	1832	1047	107	41	30.345329	βόλτα
5	1	40	7	2	13	1915	1043	24	57	69.392700	ἂν
5	1	40	7	2	14	1952	1054	76	15	60.507961	κάνετε
4	1	40	7	3	0	972	1082	961	42	-1	
5	1	40	7	3	1	972	1105	52	14	0.000000	πω
5	1	40	7	3	2	1042	1097	60	21	79.748230	1.158
5	1	40	7	3	3	1115	1097	202	23	29.780243	εωπελεσθένπων
5	1	40	7	3	4	1330	1104	46	14	93.300224	στα
5	1	40	7	3	5	1386	1097	165	27	0.000000	ΙΗονοδέμτρι,
5	1	40	7	3	6	1568	1103	43	17	46.896397	και
5	1	40	7	3	7	1626	1103	57	21	25.941116	σπις
5	1	40	7	3	8	1701	1089	22	33	49.647099	|.
5	1	40	7	3	9	1736	1082	47	24	0.000000	ὃλες
5	1	40	7	3	10	1796	1089	31	18	53.000328	τς
5	1	40	7	3	11	1840	1082	93	42	33.419609	Ἠφορίες
4	1	40	7	4	0	971	1115	994	50	-1	
5	1	40	7	4	1	971	1133	95	22	37.162865	26-11
5	1	40	7	4	2	1080	1141	18	19	94.535210	η
5	1	40	7	4	3	1109	1133	115	27	81.348969	επέτειος
5	1	40	7	4	4	1236	1139	47	15	92.300293	που
5	1	40	7	4	5	1292	1133	201	27	26.731544	ΙΤολυπεχνιεύον..
5	1	40	7	4	6	1700	1125	58	19	51.923355	μόνοι
5	1	40	7	4	7	1773	1125	38	17	56.842720	σας
5	1	40	7	4	8	1823	1119	27	19	0.000000	θα
5	1	40	7	4	9	1866	1115	99	50	87.666977	θελήσετε
3	1	40	8	0	0	971	1153	994	150	-1	
4	1	40	8	1	0	1010	1153	955	43	-1	
5	1	40	8	1	1	1010	1169	22	21	76.420670	ϱ
5	1	40	8	1	2	1051	1168	244	22	89.938728	ΠΑΡΑΔΟΘΗΚΕ
5	1	40	8	1	3	1306	1168	49	22	71.685684	από
5	1	40	8	1	4	1370	1175	29	14	92.295227	το
5	1	40	8	1	5	1410	1168	124	28	59.120232	µελοτησή
5	1	40	8	1	6	1546	1168	135	28	8.717766	:"ορισπιρή
5	1	40	8	1	7	1701	1160	10	14	31.851379	|
5	1	40	8	1	8	1743	1161	25	19	0.000000	Ε5
5	1	40	8	1	9	1786	1153	179	29	0.000000	ὃ:ολαγήσετε,
4	1	40	8	2	0	971	1203	710	29	-1	
5	1	40	8	2	1	971	1204	92	28	56.601776	µελέση
5	1	40	8	2	2	1077	1212	46	13	87.471512	του
5	1	40	8	2	3	1134	1203	154	28	44.467537	αοδευπιωσού
5	1	40	8	2	4	1300	1203	77	28	74.624008	έργου
5	1	40	8	2	5	1391	1203	136	28	51.305984	Πελλώνιας
5	1	40	8	2	6	1538	1210	51	15	29.505951	σου
5	1	40	8	2	7	1623	1209	58	23	12.152252	µσάρο-
4	1	40	8	3	0	973	1239	708	28	-1	
5	1	40	8	3	1	973	1239	85	23	62.909313	θλέπιει
5	1	40	8	3	2	1072	1239	110	28	81.351578	ἄρδευση
5	1	40	8	3	3	1196	1239	84	21	53.415188	1900
5	1	40	8	3	4	1291	1239	165	28	30.300339	σποεμιμάτων
5	1	40	8	3	5	1465	1239	216	28	10.870224	σεοοὔσεολιογσμιού
4	1	40	8	4	0	975	1275	291	28	-1	
5	1	40	8	4	1	975	1275	217	22	30.697754	18δΟ.ΟΟΟ.ΟΟΟ
5	1	40	8	4	2	1201	1275	65	28	81.088150	δοχ..
3	1	40	9	0	0	970	1310	723	100	-1	
4	1	40	9	1	0	998	1310	683	28	-1	
5	1	40	9	1	1	998	1311	22	22	91.012161	6
5	1	40	9	1	2	1035	1311	299	21	78.355133	ΕΓΚΑΙΝΙΑΣΤΗΚΕ
5	1	40	9	1	3	1344	1317	58	21	49.314537	σσις
5	1	40	9	1	4	1414	1310	93	22	8.583229	21-11
5	1	40	9	1	5	1520	1317	49	21	92.865936	στη
5	1	40	9	1	6	1584	1311	97	22	23.784935	Νεάτίο-
4	1	40	9	2	0	970	1346	723	28	-1	
5	1	40	9	2	1	970	1347	31	27	83.879784	λη
5	1	40	9	2	2	1013	1347	88	22	44.720840	Βοκών
5	1	40	9	2	3	1110	1354	30	14	92.109413	πο
5	1	40	9	2	4	1153	1346	178	28	0.000000	Εηρηιοδῳοεία
5	1	40	9	2	5	1341	1353	50	17	10.803902	σσου
5	1	40	9	2	6	1402	1346	188	28	33.817169	ιπιανιδούθηροε
5	1	40	9	2	7	1598	1355	32	19	6.679626	µε
5	1	40	9	2	8	1653	1355	40	14	21.223953	τα-
5	1	40	9	2	9	1687	1341	10	37	95.200012	|
4	1	40	9	3	0	970	1382	501	28	-1	
5	1	40	9	3	1	970	1383	98	27	82.084473	πόφιασι
5	1	40	9	3	2	1079	1389	47	17	93.277374	που
5	1	40	9	3	3	1143	1382	134	28	28.125412	Ὑποουργού
5	1	40	9	3	4	1292	1382	179	28	27.841232	Δωκαιοσύνης.
3	1	40	10	0	0	969	1418	711	102	-1	
4	1	40	10	1	0	1005	1418	675	30	-1	
5	1	40	10	1	1	1005	1419	21	22	73.013367	ϐ
5	1	40	10	1	2	1045	1419	86	22	96.240395	ΣΤΙΣ
5	1	40	10	1	3	1141	1418	102	30	51.280693	26-11
5	1	40	10	1	4	1257	1425	16	15	95.918060	ο
5	1	40	10	1	5	1282	1418	140	29	71.905182	Νομάρχης
5	1	40	10	1	6	1434	1419	140	28	37.324081	Δακωνίας
5	1	40	10	1	7	1606	1418	74	23	59.270317	Γιάν-
4	1	40	10	2	0	969	1449	710	35	-1	
5	1	40	10	2	1	969	1463	49	21	86.033485	γης
5	1	40	10	2	2	1035	1449	149	35	48.796574	Σαθαλάνος
5	1	40	10	2	3	1194	1455	122	28	68.469383	απιένειµε
5	1	40	10	2	4	1329	1455	133	28	27.728256	μµετάλλεία
5	1	40	10	2	5	1476	1463	44	14	0.000000	2έαι
5	1	40	10	2	6	1532	1461	147	22	0.000000	αναµνήστι-
4	1	40	10	3	0	971	1491	706	29	-1	
5	1	40	10	3	1	971	1492	33	21	34.499390	πιά
5	1	40	10	3	2	1015	1492	147	28	0.000000	διπλώματα
5	1	40	10	3	3	1172	1498	33	18	17.748184	«σε
5	1	40	10	3	4	1214	1491	146	29	41.919651	ιαγωνιοσπές
5	1	40	10	3	5	1371	1497	49	22	44.081787	 πῃς
5	1	40	10	3	6	1432	1491	62	23	82.048149	Εθν.
5	1	40	10	3	7	1510	1491	167	28	33.270691	Αντίστασης.
2	1	41	0	0	0	1701	585	342	208	-1	
3	1	41	1	0	0	1704	585	287	30	-1	
4	1	41	1	1	0	1704	585	287	30	-1	
5	1	41	1	1	1	1704	585	18	23	84.644592	Ο
5	1	41	1	1	2	1740	586	103	28	39.585129	Ἓλληνας
5	1	41	1	1	3	1856	594	39	20	92.497429	µες
5	1	41	1	1	4	1906	594	27	20	94.101082	τη
5	1	41	1	1	5	1946	587	45	28	72.897430	ζωή
3	1	41	2	0	0	1704	623	267	27	-1	
4	1	41	2	1	0	1704	623	267	27	-1	
5	1	41	2	1	1	1704	623	37	20	70.524033	δυό
5	1	41	2	1	2	1756	623	81	27	51.661514	θηλυκά
5	1	41	2	1	3	1851	623	120	27	45.809174	συχαίνεται
3	1	41	3	0	0	1702	658	341	64	-1	
4	1	41	3	1	0	1702	658	341	28	-1	
5	1	41	3	1	1	1702	658	28	20	48.877083	χι
5	1	41	3	1	2	1746	658	49	21	77.087608	οὖπε
5	1	41	3	1	3	1810	659	19	21	36.265060	ν΄
5	1	41	3	1	4	1840	659	89	20	0.000000	ακούσει
5	1	41	3	1	5	1944	659	30	27	77.670181	γἤι
5	1	41	3	1	6	1989	659	54	21	23.617592	αυτά
4	1	41	3	2	0	1703	694	274	28	-1	
5	1	41	3	2	1	1703	694	34	21	96.745819	δεν
5	1	41	3	2	2	1753	694	56	20	94.800987	θέλει
5	1	41	3	2	3	1822	694	99	28	69.592293	συμφορά
5	1	41	3	2	4	1934	701	43	18	96.455444	του,
3	1	41	4	0	0	1702	730	289	31	-1	
4	1	41	4	1	0	1702	730	289	31	-1	
5	1	41	4	1	1	1702	736	13	20	35.432693	Ἡ
5	1	41	4	1	2	1730	730	77	27	72.050095	εφορία
5	1	41	4	1	3	1817	730	40	21	40.087341	εἶν᾽
5	1	41	4	1	4	1872	737	13	20	88.948471	η
5	1	41	4	1	5	1894	730	39	27	64.098862	μιά
5	1	41	4	1	6	1988	757	3	4	0.000000	᾿
3	1	41	5	0	0	1701	765	338	28	-1	
4	1	41	5	1	0	1701	765	338	28	-1	
5	1	41	5	1	1	1701	765	30	21	53.683167	κι
5	1	41	5	1	2	1745	772	14	20	69.056839	η
5	1	41	5	1	3	1772	765	55	27	94.833931	ἄλλη
5	1	41	5	1	4	1844	773	41	19	32.264565	η...
5	1	41	5	1	5	1902	765	80	28	87.114174	πεθερά
5	1	41	5	1	6	1994	766	45	20	53.338047	τουὶ
2	1	42	0	0	0	1274	857	41	41	-1	
3	1	42	1	0	0	1274	857	41	41	-1	
4	1	42	1	1	0	1274	857	41	41	-1	
5	1	42	1	1	1	1274	857	41	41	95.000000	   
2	1	43	0	0	0	2191	1204	121	6	-1	
3	1	43	1	0	0	2191	1204	121	6	-1	
4	1	43	1	1	0	2191	1204	121	6	-1	
5	1	43	1	1	1	2191	1204	121	6	95.000000	 
2	1	44	0	0	0	1700	1205	282	29	-1	
3	1	44	1	0	0	1700	1205	282	29	-1	
4	1	44	1	1	0	1700	1205	282	29	-1	
5	1	44	1	1	1	1700	1205	31	21	95.441078	Το
5	1	44	1	1	2	1747	1207	53	27	66.946579	θέμα
5	1	44	1	1	3	1815	1207	37	21	0.000000	εν)
5	1	44	1	1	4	1868	1207	114	21	0.000000	ατέλειωτο
2	1	45	0	0	0	1699	1365	228	66	-1	
3	1	45	1	0	0	1699	1365	228	66	-1	
4	1	45	1	1	0	1700	1365	215	29	-1	
5	1	45	1	1	1	1700	1365	30	22	90.110596	Το
5	1	45	1	1	2	1742	1366	54	28	80.842194	ξέρω
5	1	45	1	1	3	1811	1367	31	21	60.909374	ὁτι
5	1	45	1	1	4	1856	1367	59	27	50.825943	έγινε.
4	1	45	1	2	0	1699	1403	228	28	-1	
5	1	45	1	2	1	1699	1409	24	14	84.180641	το
5	1	45	1	2	2	1735	1403	49	27	71.414650	κέφι
5	1	45	1	2	3	1800	1410	37	18	71.722107	σας
5	1	45	1	2	4	1847	1403	80	28	69.809631	μαγεία,
2	1	46	0	0	0	1690	1075	4	457	-1	
3	1	46	1	0	0	1690	1075	4	457	-1	
4	1	46	1	1	0	1690	1075	4	457	-1	
5	1	46	1	1	1	1690	1075	4	457	95.000000	 
2	1	47	0	0	0	2062	1453	3	61	-1	
3	1	47	1	0	0	2062	1453	3	61	-1	
4	1	47	1	1	0	2062	1453	3	61	-1	
5	1	47	1	1	1	2062	1453	3	61	95.000000	 
2	1	48	0	0	0	1748	1564	265	30	-1	
3	1	48	1	0	0	1748	1564	265	30	-1	
4	1	48	1	1	0	1748	1564	265	30	-1	
5	1	48	1	1	1	1748	1564	74	28	93.181061	Μαρία
5	1	48	1	1	2	1835	1564	178	30	0.000000	ΠΚνουμουρτζάκη
2	1	49	0	0	0	1773	1623	193	69	-1	
3	1	49	1	0	0	1773	1623	193	69	-1	
4	1	49	1	1	0	1773	1623	193	69	-1	
5	1	49	1	1	1	1773	1623	193	69	34.139832	ΕΙΡΣΤΗΡΗ
2	1	50	0	0	0	1832	1715	95	9	-1	
3	1	50	1	0	0	1832	1715	95	9	-1	
4	1	50	1	1	0	1832	1715	95	9	-1	
5	1	50	1	1	1	1832	1715	95	9	30.623596	ο.”
2	1	51	0	0	0	1148	1574	357	22	-1	
3	1	51	1	0	0	1148	1574	357	22	-1	
4	1	51	1	1	0	1148	1574	357	22	-1	
5	1	51	1	1	1	1148	1575	147	21	14.896027	«ΙΣΤΟΡΙΕΣ
5	1	51	1	1	2	1310	1574	57	22	94.577522	ΤΟΥ
5	1	51	1	1	3	1384	1574	121	22	93.461937	ΧΩΡΙΟΥ»
2	1	52	0	0	0	1017	1628	608	51	-1	
3	1	52	1	0	0	1017	1628	608	51	-1	
4	1	52	1	1	0	1017	1628	608	51	-1	
5	1	52	1	1	1	1017	1628	36	40	91.855629	Ο
5	1	52	1	1	2	1074	1629	237	50	82.085045	χειμώνας
5	1	52	1	1	3	1332	1641	87	27	95.128967	του
5	1	52	1	1	4	1440	1628	185	40	96.732780	παππού
2	1	53	0	0	0	1971	1624	74	6	-1	
3	1	53	1	0	0	1971	1624	74	6	-1	
4	1	53	1	1	0	1971	1624	74	6	-1	
5	1	53	1	1	1	1971	1624	74	6	95.000000	 
2	1	54	0	0	0	2062	1282	3	376	-1	
3	1	54	1	0	0	2062	1282	3	376	-1	
4	1	54	1	1	0	2062	1282	3	376	-1	
5	1	54	1	1	1	2062	1282	3	376	95.000000	 
2	1	55	0	0	0	966	1716	1097	698	-1	
3	1	55	1	0	0	967	1716	1087	275	-1	
4	1	55	1	1	0	1079	1716	493	28	-1	
5	1	55	1	1	1	1079	1716	43	22	93.255257	Του
5	1	55	1	1	2	1133	1716	71	28	18.722748	Ἐπαμ..
5	1	55	1	1	3	1217	1716	115	28	65.965622	Καφεντζή
5	1	55	1	1	4	1340	1717	43	21	88.944351	απὀ
5	1	55	1	1	5	1393	1724	26	20	73.664055	τῃ
5	1	55	1	1	6	1432	1717	93	27	91.299103	συλλογή
5	1	55	1	1	7	1535	1724	37	14	95.501610	του
4	1	55	1	2	0	997	1744	1057	42	-1	
5	1	55	1	2	1	997	1752	42	21	25.102127	ὰτο
5	1	55	1	2	2	1049	1753	67	27	83.870247	χωριὸ
5	1	55	1	2	3	1128	1760	40	20	94.097687	µας
5	1	55	1	2	4	1181	1752	111	28	86.876526	Αγόριανη
5	1	55	1	2	5	1306	1752	89	26	73.940857	σώζετα,
5	1	55	1	2	6	1405	1753	43	20	84.972740	απὀ
5	1	55	1	2	7	1460	1760	27	13	91.517395	τα
5	1	55	1	2	8	1497	1751	119	26	55.062569	Ῥυζανπινά
5	1	55	1	2	9	1630	1745	61	41	45.970974	χρό-|
5	1	55	1	2	10	1728	1744	59	28	36.372169	Προς
5	1	55	1	2	11	1803	1745	61	25	76.178085	ὅλους
5	1	55	1	2	12	1878	1752	47	18	90.968330	τους
5	1	55	1	2	13	1943	1752	111	22	76.735466	συµπατρι-
4	1	55	1	3	0	969	1798	1085	55	-1	
5	1	55	1	3	1	969	1828	64	20	89.909454	στηκε
5	1	55	1	3	2	1047	1828	25	14	88.203117	να
5	1	55	1	3	3	1084	1821	57	24	0.980057	πάς,
5	1	55	1	3	4	1151	1821	57	27	77.032013	γιατὶ
5	1	55	1	3	5	1223	1821	44	20	42.254734	εκεί
5	1	55	1	3	6	1277	1821	30	20	63.218395	θα,
5	1	55	1	3	7	1318	1821	149	27	84.635605	λειτουργούσε
5	1	55	1	3	8	1477	1827	12	14	79.875839	ο
5	1	55	1	3	9	1504	1821	78	23	58.827469	παπάς.
5	1	55	1	3	10	1612	1820	67	22	22.405617	παν
5	1	55	1	3	11	1685	1809	12	43	68.937279	,
5	1	55	1	3	12	1698	1813	43	24	2.906967	ὶς
5	1	55	1	3	13	1756	1820	41	14	47.055626	σου
5	1	55	1	3	14	1814	1821	41	19	90.287888	µας
5	1	55	1	3	15	1878	1798	176	55	69.289551	συμπαραστάθη-
4	1	55	1	4	0	967	1849	1086	35	-1	
5	1	55	1	4	1	967	1857	98	27	26.346962	ταχτωίός
5	1	55	1	4	2	1081	1863	52	21	83.134277	στην
5	1	55	1	4	3	1143	1856	110	28	22.848816	Ἐωιλησία
5	1	55	1	4	4	1266	1863	38	14	82.360260	και
5	1	55	1	4	5	1318	1856	46	27	92.480545	εἶχε
5	1	55	1	4	6	1383	1856	45	20	59.082031	δικὸ
5	1	55	1	4	7	1442	1862	35	14	93.233116	του
5	1	55	1	4	8	1491	1856	91	20	38.078136	στασῖδι.
5	1	55	1	4	9	1596	1855	82	28	88.952438	Φόρεσε
5	1	55	1	4	10	1696	1855	41	16	0.000000	Ἀ9ὺ
5	1	55	1	4	11	1747	1849	50	20	45.479771	καθ
5	1	55	1	4	12	1809	1849	124	27	85.726822	οιανδήποτε
5	1	55	1	4	13	1944	1850	74	27	76.214142	τρόπο,
5	1	55	1	4	14	2029	1851	24	20	95.427612	τὸ
4	1	55	1	5	0	968	1885	1086	35	-1	
5	1	55	1	5	1	968	1899	26	21	90.677361	τη
5	1	55	1	5	2	1010	1893	145	27	38.796059	φουστανέλλα
5	1	55	1	5	3	1165	1899	45	18	91.600883	που,
5	1	55	1	5	4	1224	1893	112	27	0.000000	κοὔμπωσε
5	1	55	1	5	5	1351	1899	32	17	93.171265	τις
5	1	55	1	5	6	1394	1892	123	27	69.097565	σαγεπιένες
5	1	55	1	5	7	1530	1891	90	25	38.305202	κάλτσες
5	1	55	1	5	8	1634	1890	89	30	23.791290	του,
5	1	55	1	5	9	1695	1886	33	38	5.945473	σο
5	1	55	1	5	10	1738	1884	56	21	0.000000	Ἀαπά
5	1	55	1	5	11	1805	1891	26	21	88.382416	τη
5	1	55	1	5	12	1840	1885	77	27	17.926620	κηῤεῖα
5	1	55	1	5	13	1930	1885	59	25	17.606491	24-0,
5	1	55	1	5	14	2018	1886	36	20	86.016846	ὅσο
4	1	55	1	6	0	968	1920	1085	36	-1	
5	1	55	1	6	1	968	1928	62	28	51.254242	ἔβαλε
5	1	55	1	6	2	1045	1935	27	14	73.811081	τα.
5	1	55	1	6	3	1085	1929	80	27	84.658119	χοντρά
5	1	55	1	6	4	1177	1935	36	14	96.360649	του
5	1	55	1	6	5	1223	1928	126	24	73.148102	παπούτσια,
5	1	55	1	6	6	1366	1935	23	13	87.275360	το
5	1	55	1	6	7	1399	1928	78	27	56.943420	σελώχι
5	1	55	1	6	8	1488	1935	45	17	95.465004	του,
5	1	55	1	6	9	1548	1927	56	29	50.863155	έριξε
5	1	55	1	6	10	1618	1928	59	21	62.910507	πάνω
5	1	55	1	6	11	1696	1926	37	16	61.549690	Αλ
5	1	55	1	6	12	1751	1920	56	23	47.822845	παπά
5	1	55	1	6	13	1820	1927	27	17	23.027184	(το
5	1	55	1	6	14	1861	1921	97	28	55.552219	40ἧμερα
5	1	55	1	6	15	1974	1922	79	27	23.550713	μνημό-
4	1	55	1	7	0	967	1956	1086	35	-1	
5	1	55	1	7	1	967	1971	37	13	95.840897	που
5	1	55	1	7	2	1017	1971	24	14	93.263840	το
5	1	55	1	7	3	1049	1965	67	20	85.238777	παλτὸ
5	1	55	1	7	4	1129	1971	35	14	92.201096	νου
5	1	55	1	7	5	1179	1971	38	13	49.948334	και
5	1	55	1	7	6	1232	1964	97	27	66.782059	ξεκίνησε
5	1	55	1	7	7	1340	1964	109	26	94.322639	λέγοντας:
5	1	55	1	7	8	1698	1963	49	14	76.144905	συνο
5	1	55	1	7	9	1759	1962	45	18	31.180496	στις
5	1	55	1	7	10	1818	1956	89	22	28.446861	39-11-86
5	1	55	1	7	11	1918	1963	39	15	75.001663	του
5	1	55	1	7	12	1967	1957	86	28	47.535660	λασρευ-
3	1	55	2	0	0	966	1991	1011	71	-1	
4	1	55	2	1	0	999	1991	889	35	-1	
5	1	55	2	1	1	999	1998	39	23	58.200344	Ὃν
5	1	55	2	1	2	1047	2000	55	20	91.102783	θόλει
5	1	55	2	1	3	1113	2000	72	24	34.462975	χαγεὶς
5	1	55	2	1	4	1195	2000	43	20	54.541664	απὸ
5	1	55	2	1	5	1250	2006	41	18	92.199318	σας
5	1	55	2	1	6	1302	2006	28	14	88.393860	να
5	1	55	2	1	7	1341	1999	57	27	81.233231	έρθει
5	1	55	2	1	8	1407	1999	51	27	78.433319	μαζί
5	1	55	2	1	9	1468	2006	40	20	93.134605	µου
5	1	55	2	1	10	1519	2005	28	15	96.706474	να
5	1	55	2	1	11	1558	1999	59	21	91.274460	κάνει
5	1	55	2	1	12	1628	1999	51	27	90.704193	γρή-
5	1	55	2	1	13	1698	1991	35	20	28.673264	[τοῦ
5	1	55	2	1	14	1746	1998	42	20	83.938660	µας
5	1	55	2	1	15	1798	1992	90	28	60.096573	πατέρα,
4	1	55	2	2	0	966	2025	1011	37	-1	
5	1	55	2	2	1	966	2043	63	19	42.680340	γορα,
5	1	55	2	2	2	1041	2035	57	21	89.508118	αλλά
5	1	55	2	2	3	1113	2042	26	14	93.164940	να
5	1	55	2	2	4	1150	2035	69	22	41.093288	υτυθεί
5	1	55	2	2	5	1234	2035	63	21	54.767464	καλά.
5	1	55	2	2	6	1778	2025	75	22	57.911449	ΗΛΙΑ
5	1	55	2	2	7	1866	2026	111	23	86.663498	ΒΥΝΙΟΥ
3	1	55	3	0	0	967	2047	976	86	-1	
4	1	55	3	1	0	999	2047	944	55	-1	
5	1	55	3	1	1	999	2069	90	22	48.377136	΄Αστα
5	1	55	3	1	2	1076	2077	28	14	65.232956	τχ.
5	1	55	3	1	3	1115	2071	73	20	3.201515	παιδιά,
5	1	55	3	1	4	1198	2077	41	21	15.236900	µην
5	1	55	3	1	5	1252	2070	137	21	27.182396	πουνπιάσουν
5	1	55	3	1	6	1402	2077	38	13	0.000000	θύωι
5	1	55	3	1	7	1449	2077	42	20	45.328438	µοις
5	1	55	3	1	8	1503	2070	48	27	85.866844	βγευ
5	1	55	3	1	9	1559	2047	61	55	39.113621	Ενώ,
5	1	55	3	1	10	1632	2070	46	20	93.072243	εἶπε
5	1	55	3	1	11	1696	2061	134	28	78.895317	[εκφράζουμε
5	1	55	3	1	12	1844	2069	33	33	64.258156	τις
5	1	55	3	1	13	1907	2070	36	13	6.555725	πιο
4	1	55	3	2	0	967	2104	920	29	-1	
5	1	55	3	2	1	967	2113	15	20	87.371223	η
5	1	55	3	2	2	996	2106	56	27	76.579399	μάνα
5	1	55	3	2	3	1061	2113	49	20	90.884827	µας.
5	1	55	3	2	4	1696	2104	41	20	93.799133	µας
5	1	55	3	2	5	1746	2104	141	20	95.645195	ευχαριστίες.
3	1	55	4	0	0	966	2131	1097	109	-1	
4	1	55	4	1	0	998	2131	990	37	-1	
5	1	55	4	1	1	998	2141	29	25	93.960831	Ὡς
5	1	55	4	1	2	1040	2149	40	13	89.199509	ποὺ
5	1	55	4	1	3	1093	2148	26	15	48.500458	να
5	1	55	4	1	4	1129	2141	83	27	63.677135	καπεβοί
5	1	55	4	1	5	1227	2141	58	20	47.178539	κάτω
5	1	55	4	1	6	1300	2148	13	13	94.038994	ο
5	1	55	4	1	7	1324	2141	101	27	93.300117	πατέρας,
5	1	55	4	1	8	1439	2147	27	15	0.000000	α
5	1	55	4	1	9	1478	2147	37	14	0.000000	αι
5	1	55	4	1	10	1528	2147	31	20	76.585258	γω
5	1	55	4	1	11	1572	2141	41	20	91.508102	απὀ
5	1	55	4	1	12	1624	2141	54	20	94.606804	πίσω
5	1	55	4	1	13	1767	2131	40	22	92.905167	ΤΑ
5	1	55	4	1	14	1816	2131	172	25	36.831150	ἨΑΙΔΙΑ.ΤΟΥ.
4	1	55	4	2	0	968	2167	1095	37	-1	
5	1	55	4	2	1	968	2183	44	14	93.288208	του.
5	1	55	4	2	2	1029	2177	66	27	88.756966	χρᾶπ,
5	1	55	4	2	3	1107	2183	78	21	74.419708	χρουπ,
5	1	55	4	2	4	1199	2183	67	21	66.648415	χραπ,
5	1	55	4	2	5	1283	2175	77	29	65.546814	Ἄρουπ,
5	1	55	4	2	6	1374	2176	56	27	89.529755	µέσα
5	1	55	4	2	7	1443	2182	39	14	92.676292	στο
5	1	55	4	2	8	1496	2176	64	27	95.000145	χιόνι,
5	1	55	4	2	9	1578	2183	39	13	88.395660	που
5	1	55	4	2	10	1652	2177	27	19	87.058792	θα
5	1	55	4	2	11	1697	2167	114	29	25.783264	Γεώργιος,
5	1	55	4	2	12	1828	2168	119	28	81.916473	Παντελής,
5	1	55	4	2	13	1981	2169	82	26	13.465164	Ἠωνα-ι
4	1	55	4	3	0	966	2204	991	36	-1	
5	1	55	4	3	1	966	2213	52	27	59.603443	ἦταν
5	1	55	4	3	2	1029	2213	64	21	64.989708	αλλού
5	1	55	4	3	3	1105	2213	88	27	93.262016	τριάντα
5	1	55	4	3	4	1205	2219	36	14	69.595139	χαι
5	1	55	4	3	5	1256	2212	67	21	55.417244	αλλαύ
5	1	55	4	3	6	1336	2212	97	27	7.288574	σαράντα
5	1	55	4	3	7	1443	2212	96	24	54.929882	πόντρυς.
5	1	55	4	3	8	1554	2211	42	21	80.073318	Πιό
5	1	55	4	3	9	1622	2212	55	28	90.025024	πέρα
5	1	55	4	3	10	1696	2204	79	27	23.206604	Ὑιώτης
5	1	55	4	3	11	1787	2205	170	27	14.714600	«οιογενειαικώς.
3	1	55	5	0	0	967	2247	1082	29	-1	
4	1	55	5	1	0	967	2247	1082	29	-1	
5	1	55	5	1	1	967	2255	11	13	76.031433	ϱ
5	1	55	5	1	2	993	2248	77	28	91.020981	δρόμος
5	1	55	5	1	3	1082	2248	55	28	42.800335	ἦταν
5	1	55	5	1	4	1149	2248	48	28	86.760094	λίγο
5	1	55	5	1	5	1211	2247	119	29	58.543503	πατηµένος
5	1	55	5	1	6	1342	2248	43	20	90.673721	απὀ
5	1	55	5	1	7	1396	2247	79	25	70.834167	ἄλλους
5	1	55	5	1	8	1489	2247	132	28	90.238831	ανθρώπους,
5	1	55	5	1	9	1637	2254	39	14	79.999901	που
5	1	55	5	1	10	1694	2255	355	19	0.000000	[ψννυνυ
5	1	55	5	1	11	1801	2243	32	37	0.000000	ντ
5	1	55	5	1	12	1847	2255	202	19	0.000000	νυνυνννννννν:
3	1	55	6	0	0	966	2283	984	33	-1	
4	1	55	6	1	0	966	2283	984	33	-1	
5	1	55	6	1	1	966	2285	61	27	75.289795	εἶχαν
5	1	55	6	1	2	1041	2284	88	28	89.454758	περάσει
5	1	55	6	1	3	1145	2291	48	21	38.454445	πρυν
5	1	55	6	1	4	1206	2285	44	20	84.503624	απὀ
5	1	55	6	1	5	1261	2291	50	21	53.006706	κας.
5	1	55	6	1	6	1323	2283	56	29	93.606598	Στην
5	1	55	6	1	7	1393	2284	102	28	44.472775	εκκλησία
5	1	55	6	1	8	1507	2284	55	27	56.686234	ἦταν
5	1	55	6	1	9	1575	2284	35	22	92.291306	Σεν
5	1	55	6	1	10	1624	2284	53	28	78.112755	ἦταν
5	1	55	6	1	11	1807	2291	143	25	39.007431	ΤΒΕΛΛΑΝΑ,
3	1	55	7	0	0	967	2320	711	30	-1	
4	1	55	7	1	0	967	2320	711	30	-1	
5	1	55	7	1	1	967	2321	52	22	89.182404	δέκα
5	1	55	7	1	2	1027	2321	117	29	57.848557	ἀνθρωποι.
5	1	55	7	1	3	1156	2321	50	28	50.484764	Ἐγώ
5	1	55	7	1	4	1219	2321	74	28	25.804893	μπήκα,
5	1	55	7	1	5	1307	2327	36	15	93.202614	στο
5	1	55	7	1	6	1356	2320	49	28	55.944374	Ἱερὸ
5	1	55	7	1	7	1416	2328	38	13	4.391068	καν
5	1	55	7	1	8	1464	2320	165	28	60.505066	ζεσταινόμρυνα,
5	1	55	7	1	9	1640	2326	38	22	46.404110	στη
3	1	55	8	0	0	967	2346	1095	68	-1	
4	1	55	8	1	0	967	2346	1095	41	-1	
5	1	55	8	1	1	967	2359	69	28	49.460442	σόμπα,
5	1	55	8	1	2	1048	2365	40	15	93.224083	που
5	1	55	8	1	3	1103	2358	73	28	79.041695	ἔχαιγε
5	1	55	8	1	4	1189	2365	42	21	93.810295	στη
5	1	55	8	1	5	1246	2357	68	29	89.007919	γωνία
5	1	55	8	1	6	1324	2357	53	22	74.944939	πίσω
5	1	55	8	1	7	1388	2357	44	22	62.889988	απὀ
5	1	55	8	1	8	1443	2357	43	22	79.358017	απὀ
5	1	55	8	1	9	1498	2363	36	17	83.028793	τον
5	1	55	8	1	10	1546	2355	131	31	96.329300	Αρχάγγελο
5	1	55	8	1	11	1718	2346	121	25	23.619583	Ἀναλωτοκὰ,
5	1	55	8	1	12	1852	2348	160	30	8.594666	αποτελέσµαπαι
5	1	55	8	1	13	2029	2356	33	20	39.347744	εκ.
4	1	55	8	2	0	1695	2380	367	34	-1	
5	1	55	8	2	1	1695	2384	70	28	88.031052	λογὼν
5	1	55	8	2	2	1782	2385	111	22	92.620316	19-10-86.
5	1	55	8	2	3	1921	2380	141	34	30.759613	λειοφήφι-!
2	1	56	0	0	0	967	2394	1400	56	-1	
3	1	56	1	0	0	967	2394	1400	56	-1	
4	1	56	1	1	0	967	2394	1095	29	-1	
5	1	56	1	1	1	967	2395	95	28	65.675430	Μιχαήλ.
5	1	56	1	1	2	1083	2394	20	22	93.207878	Ἡ
5	1	56	1	1	3	1118	2395	122	27	88.704781	λειτουργία
5	1	56	1	1	4	1252	2395	99	21	81.979156	τέλειωσε
5	1	56	1	1	5	1370	2401	36	14	93.298683	στο
5	1	56	1	1	6	1421	2394	52	28	81.923309	ἄφε,
5	1	56	1	1	7	1492	2394	71	28	46.564598	σβὺσε,
5	1	56	1	1	8	1593	2394	84	28	32.014511	πήραμε
5	1	56	1	1	9	2060	2414	2	4	6.352272	ἱ
4	1	56	1	2	0	1696	2419	671	31	-1	
5	1	56	1	2	1	1696	2428	23	13	89.669258	σε
5	1	56	1	2	2	1735	2429	13	13	52.786385	ο
5	1	56	1	2	3	1758	2421	133	28	3.998856	συνδυασμός
5	1	56	1	2	4	1916	2421	69	29	95.598953	ΚΩΝ)
5	1	56	1	2	5	1997	2415	63	39	78.784836	ΝΟΥ.
5	1	56	1	2	6	2074	2421	35	29	94.456398	(µε
5	1	56	1	2	7	2124	2423	91	27	59.140190	βαμβάκι
5	1	56	1	2	8	2231	2422	136	28	22.499916	στριμμένο)
5	1	56	1	2	9	2358	2415	14	39	22.499916	.
2	1	57	0	0	0	965	2431	1460	95	-1	
3	1	57	1	0	0	965	2431	1460	95	-1	
4	1	57	1	1	0	965	2431	1361	32	-1	
5	1	57	1	1	1	965	2431	103	27	73.872223	αντίδωρο
5	1	57	1	1	2	1081	2439	37	13	54.568676	και
5	1	57	1	1	3	1132	2431	113	27	46.711102	γυρίσαμε:
5	1	57	1	1	4	1344	2446	3	1	18.122101	:
5	1	57	1	1	5	2009	2458	5	4	0.000000	ἁ
5	1	57	1	1	6	2260	2459	5	4	42.857265	ά
5	1	57	1	1	7	2321	2459	5	4	4.264542	’
4	1	57	1	2	0	996	2455	1429	42	-1	
5	1	57	1	2	1	996	2467	56	27	80.385574	Στην
5	1	57	1	2	2	1066	2467	116	27	92.348999	επιστροφή
5	1	57	1	2	3	1196	2474	14	14	93.298897	ο
5	1	57	1	2	4	1222	2466	109	28	53.009983	Πωνώγος,
5	1	57	1	2	5	1348	2466	49	24	54.744156	ἕνας
5	1	57	1	2	6	1411	2465	136	29	35.456787	συμμαθητής
5	1	57	1	2	7	1560	2473	49	21	85.768967	µου,
5	1	57	1	2	8	1638	2472	39	21	45.957024	ου
5	1	57	1	2	9	1696	2455	44	22	95.254295	ΣΤ.
5	1	57	1	2	10	1754	2456	140	41	0.000000	ΣΤΟΥΥΔΑ,
5	1	57	1	2	11	1913	2465	39	13	92.736038	που
5	1	57	1	2	12	1968	2458	83	27	11.911240	εκλέγε-.
5	1	57	1	2	13	2097	2457	40	22	35.785400	Τι
5	1	57	1	2	14	2154	2465	115	21	92.026871	εσωτερική
5	1	57	1	2	15	2285	2465	82	24	93.295799	χρήση:
5	1	57	1	2	16	2388	2458	37	21	92.794220	10-
4	1	57	1	3	0	1695	2493	728	33	-1	
5	1	57	1	3	1	1695	2499	33	16	44.784271	ται
5	1	57	1	3	2	1743	2493	102	27	67.869186	πρόεδρος
5	1	57	1	3	3	1860	2500	27	20	94.451553	µε
5	1	57	1	3	4	1907	2493	42	21	61.283939	996
5	1	57	1	3	5	1968	2493	127	33	24.901260	ψήφους
5	1	57	1	3	6	2066	2489	29	41	80.220169	δ0
5	1	57	1	3	7	2114	2501	65	21	61.858517	γραμ.
5	1	57	1	3	8	2194	2495	125	27	48.489765	ανθισµένες
5	1	57	1	3	9	2331	2495	92	27	72.481918	καρυφὲς
2	1	58	0	0	0	967	2501	1457	57	-1	
3	1	58	1	0	0	967	2501	1457	57	-1	
4	1	58	1	1	0	967	2501	1094	31	-1	
5	1	58	1	1	1	967	2503	79	21	46.662994	ἔστειλε
5	1	58	1	1	2	1056	2510	52	20	92.104607	σσην
5	1	58	1	1	3	1119	2503	69	27	93.099403	πλάτη
5	1	58	1	1	4	1201	2503	39	27	38.535202	μιὰ
5	1	58	1	1	5	1254	2502	73	28	56.202415	μπάλα
5	1	58	1	1	6	1340	2502	63	28	52.218315	χμόνι.
5	1	58	1	1	7	1418	2501	97	28	21.094566	Ἔσχοψα
5	1	58	1	1	8	1526	2508	29	15	69.594254	να
5	1	58	1	1	9	1566	2501	61	28	57.882275	πδρω
5	1	58	1	1	10	1640	2509	36	13	0.000000	και
5	1	58	1	1	11	2059	2527	2	4	3.196991	,
4	1	58	1	2	0	1696	2529	728	29	-1	
5	1	58	1	2	1	1696	2535	69	15	69.497978	ἐναντι
5	1	58	1	2	2	1782	2535	37	15	85.533852	του
5	1	58	1	2	3	1832	2529	181	28	22.586792	μειοψηφίσαντος
5	1	58	1	2	4	2025	2525	25	37	6.602570	1.
5	1	58	1	2	5	2058	2533	35	18	92.267899	να
5	1	58	1	2	6	2108	2530	91	27	73.232536	βράσουν
5	1	58	1	2	7	2214	2537	25	13	63.484901	σε
5	1	58	1	2	8	2256	2530	38	22	25.071877	ένα
5	1	58	1	2	9	2306	2530	61	28	0.000000	λίνρο
5	1	58	1	2	10	2392	2537	32	15	0.000000	Ύε-
2	1	59	0	0	0	1692	2551	736	404	-1	
3	1	59	1	0	0	1692	2551	736	404	-1	
4	1	59	1	1	0	1695	2551	675	50	-1	
5	1	59	1	1	1	1695	2563	118	29	27.710907	Τκλέκα
5	1	59	1	1	2	1785	2559	27	38	94.273590	µε
5	1	59	1	1	3	1827	2564	51	26	72.749176	2939,
5	1	59	1	1	4	1892	2565	93	28	71.505196	διαφορά
5	1	59	1	1	5	2000	2551	59	50	45.345161	107.)
5	1	59	1	1	6	2066	2555	35	42	59.762878	ρὸ.
5	1	59	1	1	7	2119	2565	88	23	37.005600	Ἠΐνεται
5	1	59	1	1	8	2222	2573	39	14	56.268688	σαν
5	1	59	1	1	9	2275	2566	95	27	87.426674	ρόφημα.
4	1	59	1	2	0	1695	2596	733	33	-1	
5	1	59	1	2	1	1695	2599	26	21	70.471725	Οι
5	1	59	1	2	2	1736	2599	117	29	83.816879	Σύμβουλοι
5	1	59	1	2	3	1869	2601	143	27	75.017044	πλειοφηφίας
5	1	59	1	2	4	2032	2598	29	24	29.711411	ἕ-ι
5	1	59	1	2	5	2088	2600	85	29	78.576576	Βάμμα:
5	1	59	1	2	6	2187	2601	28	21	93.490105	10
5	1	59	1	2	7	2228	2608	66	21	72.010956	γραμ.
5	1	59	1	2	8	2307	2602	69	27	89.217537	φύλλα
5	1	59	1	2	9	2387	2596	41	26	62.296490	και]
4	1	59	1	3	0	1694	2635	729	29	-1	
5	1	59	1	3	1	1694	2635	75	27	79.972916	λαβαν:
5	1	59	1	3	2	1788	2635	27	21	88.075188	Ν.
5	1	59	1	3	3	1832	2635	20	21	43.773937	1.
5	1	59	1	3	4	1872	2636	109	28	45.202698	Σκαφιδὰς
5	1	59	1	3	5	1995	2631	4	37	0.348877	΄
5	1	59	1	3	6	2013	2637	36	24	57.808994	Τ9,
5	1	59	1	3	7	2067	2637	122	27	4.870369	αὐθισμένες
5	1	59	1	3	8	2210	2637	93	27	38.537861	χορυφὲς
5	1	59	1	3	9	2338	2644	25	14	96.233780	σε
5	1	59	1	3	10	2395	2637	28	21	89.682167	50
4	1	59	1	4	0	1694	2668	729	30	-1	
5	1	59	1	4	1	1694	2669	42	21	68.096718	Ἡλ.
5	1	59	1	4	2	1754	2670	28	20	91.161087	Χ.
5	1	59	1	4	3	1802	2671	91	26	64.969177	Σιχαλὸς
5	1	59	1	4	4	1909	2671	36	24	90.088333	64,
5	1	59	1	4	5	1963	2671	37	20	60.650818	Ἰω.
5	1	59	1	4	6	2022	2664	27	38	69.227905	Ἱ.
5	1	59	1	4	7	2058	2668	131	30	68.871399	γραμμάρια
5	1	59	1	4	8	2202	2673	127	25	46.098690	ουνόπνευμα
5	1	59	1	4	9	2344	2679	25	19	66.804573	µε
5	1	59	1	4	10	2386	2679	37	13	56.563583	χα-
4	1	59	1	5	0	1694	2703	693	29	-1	
5	1	59	1	5	1	1694	2703	93	24	72.272980	Ῥασσιᾶς
5	1	59	1	5	2	1805	2704	38	24	91.801193	49,
5	1	59	1	5	3	1858	2705	42	25	92.497513	Χρ.
5	1	59	1	5	4	1914	2704	25	20	92.497513	Δ.
5	1	59	1	5	5	1958	2699	91	37	87.194351	Λαφογι-
5	1	59	1	5	6	2063	2699	104	37	54.537643	τεργασία
5	1	59	1	5	7	2183	2706	28	18	92.883812	15
5	1	59	1	5	8	2223	2706	94	25	27.840454	ημερῶν.
4	1	59	1	6	0	1694	2723	665	47	-1	
5	1	59	1	6	1	1694	2737	64	27	0.000000	ἄλλης
5	1	59	1	6	2	1774	2737	37	21	93.277489	41.
5	1	59	1	6	3	1828	2737	112	28	69.318382	Πάρεδρος
5	1	59	1	6	4	1963	2723	96	47	74.995102	Παρδα-)
5	1	59	1	6	5	2269	2737	90	22	78.577713	Α.Π.Α.
4	1	59	1	7	0	1692	2772	298	29	-1	
5	1	59	1	7	1	1692	2773	68	21	78.631248	λίουιο
5	1	59	1	7	2	1774	2772	29	21	7.549782	Π.
5	1	59	1	7	3	1816	2772	31	23	84.053391	Χ.
5	1	59	1	7	4	1862	2773	128	28	75.099998	Ἀκρεπέπης.
4	1	59	1	8	0	1722	2807	326	29	-1	
5	1	59	1	8	1	1722	2807	117	29	81.966972	Σύμβουλοι
5	1	59	1	8	2	1852	2809	137	27	0.000000	μειοψηφίας:
5	1	59	1	8	3	2011	2809	37	21	65.367371	Ἰω.
4	1	59	1	9	0	1693	2828	366	47	-1	
5	1	59	1	9	1	1693	2843	94	25	58.225426	Τκλέκας
5	1	59	1	9	2	1800	2851	37	16	74.483505	και
5	1	59	1	9	3	1855	2843	42	22	51.872906	Ἡλ.
5	1	59	1	9	4	1913	2843	26	23	82.115921	Θ.
5	1	59	1	9	5	1964	2828	95	47	46.569290	Αλεξά-ἰ
4	1	59	1	10	0	1692	2867	367	64	-1	
5	1	59	1	10	1	1692	2887	39	20	31.828262	πης
5	1	59	1	10	2	1745	2879	36	21	50.461662	98.
5	1	59	1	10	3	2055	2867	4	64	71.934647	|
4	1	59	1	11	0	2055	2933	3	22	-1	
5	1	59	1	11	1	2055	2933	3	29	85.879868	|
2	1	60	0	0	0	1796	2927	155	24	-1	
3	1	60	1	0	0	1796	2927	155	24	-1	
4	1	60	1	1	0	1796	2927	155	24	-1	
5	1	60	1	1	1	1796	2927	155	24	22.249329	ΑΤΓΟΡΙΑΝΗ.
2	1	61	0	0	0	2074	1979	349	10	-1	
3	1	61	1	0	0	2074	1979	349	10	-1	
4	1	61	1	1	0	2074	1979	349	10	-1	
5	1	61	1	1	1	2074	1979	349	10	95.000000	 
2	1	62	0	0	0	1978	2046	85	44	-1	
3	1	62	1	0	0	1978	2046	85	44	-1	
4	1	62	1	1	0	1978	2046	85	44	-1	
5	1	62	1	1	1	1978	2063	75	27	65.685547	θερμές
5	1	62	1	1	2	2060	2046	3	23	64.265869	|
2	1	63	0	0	0	1701	2257	346	3	-1	
3	1	63	1	0	0	1701	2257	346	3	-1	
4	1	63	1	1	0	1701	2257	346	3	-1	
5	1	63	1	1	1	1701	2257	346	3	95.000000	 
2	1	64	0	0	0	2060	2072	5	401	-1	
3	1	64	1	0	0	2060	2072	5	401	-1	
4	1	64	1	1	0	2060	2072	5	401	-1	
5	1	64	1	1	1	2060	2072	5	401	95.000000	 
2	1	65	0	0	0	962	2573	1473	892	-1	
3	1	65	1	0	0	963	2573	726	179	-1	
4	1	65	1	1	0	965	2573	711	29	-1	
5	1	65	1	1	1	965	2575	28	20	93.241631	θα
5	1	65	1	1	2	1005	2575	115	27	89.667633	παγώσεις,
5	1	65	1	1	3	1133	2574	61	22	50.341839	χάνει
5	1	65	1	1	4	1202	2575	61	27	61.148384	κρύα.
5	1	65	1	1	5	1280	2573	42	21	0.000000	το
5	1	65	1	1	6	1337	2574	64	27	3.261528	δρὸμό
5	1	65	1	1	7	1414	2573	97	28	87.586884	θαύμαζα,
5	1	65	1	1	8	1522	2580	28	14	90.917450	το
5	1	65	1	1	9	1560	2573	79	27	90.733940	δέντρα
5	1	65	1	1	10	1651	2580	25	20	95.168549	µε
4	1	65	1	2	0	965	2609	710	29	-1	
5	1	65	1	2	1	965	2617	23	14	95.830887	το
5	1	65	1	2	2	998	2611	54	27	94.539757	χιόνι
5	1	65	1	2	3	1065	2617	39	14	96.673500	που
5	1	65	1	2	4	1115	2610	100	21	94.277397	στεκόταν
5	1	65	1	2	5	1227	2617	40	13	96.980209	στα
5	1	65	1	2	6	1276	2609	78	22	78.197411	κλαδιά
5	1	65	1	2	7	1365	2616	48	18	94.106689	τους
5	1	65	1	2	8	1422	2616	38	14	55.753792	Χαν
5	1	65	1	2	9	1473	2616	26	14	83.987679	τα
5	1	65	1	2	10	1509	2609	66	21	10.139000	ἔκανε
5	1	65	1	2	11	1584	2615	27	15	42.769276	ναι
5	1	65	1	2	12	1618	2609	57	27	52.955978	μοιά-
4	1	65	1	3	0	964	2645	711	27	-1	
5	1	65	1	3	1	964	2646	62	26	96.122238	ζουν
5	1	65	1	3	2	1024	2653	42	15	9.629059	σαν
5	1	65	1	3	3	1077	2646	129	21	17.166351	πολυέλαιοι.
5	1	65	1	3	4	1216	2645	35	21	74.455078	Τα.
5	1	65	1	3	5	1265	2645	66	21	69.303436	ἔλωτα
5	1	65	1	3	6	1344	2645	36	21	66.754929	πιό
5	1	65	1	3	7	1390	2645	59	21	53.491024	πάνω
5	1	65	1	3	8	1463	2645	126	27	82.004501	φορτωμένα
5	1	65	1	3	9	1599	2645	76	27	67.113747	σοροὺς
4	1	65	1	4	0	963	2676	712	43	-1	
5	1	65	1	4	1	963	2681	55	28	54.109528	γτόνι
5	1	65	1	4	2	1030	2681	100	26	14.566742	μριάζανε
5	1	65	1	4	3	1143	2687	38	14	95.238586	σαν
5	1	65	1	4	4	1196	2676	166	42	50.449379	εσπροπρᾶάσινες
5	1	65	1	4	5	1377	2676	123	43	69.107674	πυραμίδες.
5	1	65	1	4	6	1513	2679	35	33	94.542450	Τα
5	1	65	1	4	7	1560	2679	65	27	52.422123	μώτια
5	1	65	1	4	8	1640	2679	35	19	54.091980	θά-
4	1	65	1	5	0	964	2689	738	63	-1	
5	1	65	1	5	1	964	2711	86	29	30.549347	µπώγαν
5	1	65	1	5	2	1062	2715	43	19	88.992813	απὀ
5	1	65	1	5	3	1119	2711	39	29	96.604095	την
5	1	65	1	5	4	1166	2715	67	25	88.587631	πολλή
5	1	65	1	5	5	1245	2714	101	26	28.701660	ασπρϊλα..
5	1	65	1	5	6	1683	2689	19	63	36.606030	µ
3	1	65	2	0	0	963	2747	713	172	-1	
4	1	65	2	1	0	993	2747	683	28	-1	
5	1	65	2	1	1	993	2748	30	20	76.267273	Τα
5	1	65	2	1	2	1033	2748	105	27	44.992622	Ἑλληνιὼ
5	1	65	2	1	3	1148	2748	90	27	89.751877	Σχολεία
5	1	65	2	1	4	1249	2754	40	16	93.131012	που
5	1	65	2	1	5	1301	2747	127	27	33.677071	φουτούσαμε
5	1	65	2	1	6	1436	2747	45	27	77.230309	εγώ
5	1	65	2	1	7	1491	2753	38	14	0.000000	αυ
5	1	65	2	1	8	1538	2753	15	14	56.722359	ιο
5	1	65	2	1	9	1561	2747	115	27	58.886829	μεγαλύτε-
4	1	65	2	2	0	965	2781	710	30	-1	
5	1	65	2	2	1	965	2791	35	20	43.037109	ρος
5	1	65	2	2	2	1011	2784	42	20	84.674393	απὀ
5	1	65	2	2	3	1063	2784	55	27	20.956116	ένο
5	1	65	2	2	4	1129	2783	93	27	58.906052	αδελφός
5	1	65	2	2	5	1232	2790	38	20	90.446945	µου
5	1	65	2	2	6	1285	2783	54	27	55.096588	ἠσαν
5	1	65	2	2	7	1351	2789	39	14	96.937675	στο
5	1	65	2	2	8	1401	2782	105	27	72.813217	γειτονικό
5	1	65	2	2	9	1516	2782	76	27	80.149918	χωριό,
5	1	65	2	2	10	1604	2781	38	28	57.609169	μιᾶ
5	1	65	2	2	11	1649	2781	26	21	91.056953	ὦ-
4	1	65	2	3	0	964	2816	711	30	-1	
5	1	65	2	3	1	964	2826	28	20	82.832336	ρα
5	1	65	2	3	2	1007	2819	64	27	85.197525	δρόµο
5	1	65	2	3	3	1080	2826	27	20	93.112946	µε
5	1	65	2	3	4	1122	2819	36	21	88.838058	δυὀ
5	1	65	2	3	5	1169	2819	92	27	45.111069	ποτάμια
5	1	65	2	3	6	1272	2818	105	28	69.172470	ανάμεσα.
5	1	65	2	3	7	1390	2816	169	29	66.686813	Ανησυχούσαμε
5	1	65	2	3	8	1572	2824	45	18	93.343834	πως
5	1	65	2	3	9	1647	2817	28	21	85.406090	θα
4	1	65	2	4	0	963	2853	712	29	-1	
5	1	65	2	4	1	963	2855	120	27	61.974491	πηγαΐναμε
5	1	65	2	4	2	1095	2861	38	21	96.069397	την
5	1	65	2	4	3	1149	2854	53	27	96.488251	ἄλλη
5	1	65	2	4	4	1216	2854	78	27	85.645775	ημέρα.
5	1	65	2	4	5	1310	2853	38	25	84.404793	Ας
5	1	65	2	4	6	1367	2853	149	27	80.574150	ξημερωθούμε
5	1	65	2	4	7	1531	2860	27	20	91.957985	µε
5	1	65	2	4	8	1573	2860	23	14	93.172775	το
5	1	65	2	4	9	1621	2853	54	21	30.554703	ααλόὸ
4	1	65	2	5	0	963	2889	352	30	-1	
5	1	65	2	5	1	963	2898	36	14	84.918755	χαι
5	1	65	2	5	2	1013	2891	27	21	48.184303	θα
5	1	65	2	5	3	1049	2890	72	29	0.000000	δούμε
5	1	65	2	5	4	1134	2890	46	21	92.545334	εἶπε
5	1	65	2	5	5	1192	2897	11	14	96.150047	ο
5	1	65	2	5	6	1214	2889	101	29	95.486328	πατέρας.
3	1	65	3	0	0	962	2925	1473	406	-1	
4	1	65	3	1	0	994	2925	680	30	-1	
5	1	65	3	1	1	994	2926	53	29	74.912247	Ὅλη
5	1	65	3	1	2	1061	2934	39	21	96.168640	την
5	1	65	3	1	3	1111	2927	69	28	77.660347	ημέρα
5	1	65	3	1	4	1194	2927	73	27	47.111443	ἔχαιγε
5	1	65	3	1	5	1279	2933	25	15	65.522911	το
5	1	65	3	1	6	1319	2926	60	26	66.422791	τζάκι
5	1	65	3	1	7	1394	2933	37	14	82.789017	χαι
5	1	65	3	1	8	1444	2926	54	21	83.932861	κάθε
5	1	65	3	1	9	1509	2926	49	28	91.845062	λίγο
5	1	65	3	1	10	1569	2925	105	29	53.775845	παΐρναμε
4	1	65	3	2	0	963	2957	1096	51	-1	
5	1	65	3	2	1	963	2963	41	20	57.450771	απὀ
5	1	65	3	2	2	1020	2963	45	20	86.561226	εκεί
5	1	65	3	2	3	1077	2963	97	27	68.077393	αναµένα
5	1	65	3	2	4	1189	2963	108	26	51.846355	κάρβουνα
5	1	65	3	2	5	1310	2969	37	13	83.280579	χαι
5	1	65	3	2	6	1362	2962	81	27	21.513641	βόζαμε
5	1	65	3	2	7	1460	2968	36	14	93.264587	στο
5	1	65	3	2	8	1514	2961	101	27	33.178055	µαγγᾶλι,
5	1	65	3	2	9	1634	2968	53	14	94.705521	που
5	1	65	3	2	10	1677	2957	14	38	83.415001	|
5	1	65	3	2	11	1683	2974	5	34	76.736557	|
5	1	65	3	2	12	1722	2964	148	27	84.972893	Ἠλειοφήφισε
5	1	65	3	2	13	1883	2972	13	12	94.404259	ο
5	1	65	3	2	14	1919	2957	140	48	56.609695	συνδυασμός;
4	1	65	3	3	0	963	2981	1096	44	-1	
5	1	65	3	3	1	963	2998	75	27	89.402534	εἶχαμε
5	1	65	3	3	2	1050	3005	39	13	87.232300	-στο
5	1	65	3	3	3	1101	2997	53	21	76.875046	ἄλλο
5	1	65	3	3	4	1166	2997	99	28	14.271500	δωμάτιο,
5	1	65	3	3	5	1280	3004	40	14	91.541962	που
5	1	65	3	3	6	1338	2996	117	28	36.064068	διαβάζαµε
5	1	65	3	3	7	1470	3003	36	14	32.749748	και
5	1	65	3	3	8	1520	2996	109	28	82.787956	γράφαμε.
5	1	65	3	3	9	1643	2995	84	24	51.106476	Τοιτου
5	1	65	3	3	10	1741	2997	70	22	91.812569	ΚΩΝ.
5	1	65	3	3	11	1831	2999	26	20	90.288635	Σ.
5	1	65	3	3	12	1882	2998	63	21	87.537949	ΠΑΠ
5	1	65	3	3	13	1947	2981	112	44	15.489685	ΑΤΕΟΡ.᾽
4	1	65	3	4	0	964	3033	1094	58	-1	
5	1	65	3	4	1	964	3034	55	20	78.378029	απίτι
5	1	65	3	4	2	1031	3034	45	26	91.792900	εἶχε
5	1	65	3	4	3	1087	3033	73	25	75.383301	κάπως
5	1	65	3	4	4	1168	3033	98	25	91.045288	ζεσταθεί
5	1	65	3	4	5	1278	3040	38	13	88.822830	και
5	1	65	3	4	6	1326	3040	24	21	93.300926	το
5	1	65	3	4	7	1361	3033	55	27	84.382568	χιάνι
5	1	65	3	4	8	1429	3038	40	15	96.988770	που
5	1	65	3	4	9	1483	3032	53	28	51.850082	ἦταν
5	1	65	3	4	10	1549	3038	40	14	92.392067	στα
5	1	65	3	4	11	1597	3033	296	26	4.375076	χεραµ-/ΚΑΚΟΠΟΥΛΟΥ
5	1	65	3	4	12	1907	3041	40	15	96.120499	που
5	1	65	3	4	13	1976	3036	82	55	0.000000	ο
4	1	65	3	5	0	963	3067	1009	31	-1	
5	1	65	3	5	1	963	3069	63	29	88.213531	μύδια
5	1	65	3	5	2	1037	3069	73	22	35.970970	έλιωνε
5	1	65	3	5	3	1119	3076	37	14	51.877155	και
5	1	65	3	5	4	1163	3076	21	14	64.071953	οἳ
5	1	65	3	5	5	1195	3069	71	27	91.506615	ρεύτες
5	1	65	3	5	6	1280	3059	89	35	76.680344	στάζανε
5	1	65	3	5	7	1380	3068	63	27	69.630524	λίγο,
5	1	65	3	5	8	1447	3068	49	28	85.005020	λίγο
5	1	65	3	5	9	1504	3074	25	15	92.439148	το
5	1	65	3	5	10	1541	3068	56	27	32.169754	νερὸ.
5	1	65	3	5	11	1607	3067	68	25	37.289024	Μόλις
5	1	65	3	5	12	1692	3070	97	27	80.399200	κλέγεται
5	1	65	3	5	13	1806	3069	109	29	47.771011	Πρόεδρος
5	1	65	3	5	14	1945	3078	27	20	95.301590	µε
4	1	65	3	6	0	963	3070	1417	77	-1	
5	1	65	3	6	1	963	3105	101	28	28.706360	βγαΐνανε
5	1	65	3	6	2	1078	3113	18	13	96.697899	οι
5	1	65	3	6	3	1109	3105	100	27	18.605484	σταγόνες
5	1	65	3	6	4	1221	3111	51	21	90.168053	στην
5	1	65	3	6	5	1286	3105	55	27	87.190582	ἄκρη
5	1	65	3	6	6	1353	3111	28	15	84.677437	να
5	1	65	3	6	7	1393	3104	77	36	87.165497	πέσουν
5	1	65	3	6	8	1486	3104	35	22	64.778442	δεν
5	1	65	3	6	9	1534	3103	140	28	0.000000	πρὀφταιήρυ,
5	1	65	3	6	10	1684	3106	93	27	31.326347	ιφήγρους
5	1	65	3	6	11	1792	3106	69	23	0.000000	ἔναντυ
5	1	65	3	6	12	1876	3105	42	22	92.092300	169
5	1	65	3	6	13	1935	3113	36	14	92.092300	του
5	1	65	3	6	14	1992	3070	66	77	34.277405	μα
5	1	65	3	6	15	2110	3103	84	18	93.016296	ΕΛΕΥΘ.
5	1	65	3	6	16	2207	3104	22	17	92.424461	Κ.
5	1	65	3	6	17	2242	3103	138	24	92.028458	ΝΙΚΟΛΑΡΟΣ
4	1	65	3	7	0	962	3139	1411	36	-1	
5	1	65	3	7	1	962	3141	57	27	64.899475	γιατί
5	1	65	3	7	2	1031	3148	13	14	79.812866	ο
5	1	65	3	7	3	1053	3141	81	27	84.700150	βοριάς,
5	1	65	3	7	4	1147	3148	38	14	84.084328	ποὺ
5	1	65	3	7	5	1199	3141	83	27	90.138756	φύσαγε
5	1	65	3	7	6	1296	3140	93	28	74.104370	παγερὸς
5	1	65	3	7	7	1402	3147	31	17	93.215904	τις
5	1	65	3	7	8	1441	3136	97	31	43.688515	πάγωνε.
5	1	65	3	7	9	1552	3139	57	22	61.215462	Ἔπσι
5	1	65	3	7	10	1624	3147	50	20	91.390610	σχη-
5	1	65	3	7	11	1682	3142	142	33	0.000000	.φηφίσαντος
5	1	65	3	7	12	1840	3141	76	29	41.223763	Ἠπαιν.
5	1	65	3	7	13	1924	3141	25	21	43.577484	Ὦ.
5	1	65	3	7	14	1970	3141	87	29	59.681168	Δεμπέ-
5	1	65	3	7	15	2119	3144	48	24	93.264732	Τηλ.
5	1	65	3	7	16	2180	3144	67	19	79.212204	28-076
5	1	65	3	7	17	2258	3145	32	18	92.097763	καί
5	1	65	3	7	18	2302	3150	71	18	17.062912	239-473
4	1	65	3	8	0	963	3153	1442	64	-1	
5	1	65	3	8	1	963	3176	125	28	78.048729	μωτιζόνταν
5	1	65	3	8	2	1102	3183	60	18	93.277534	στους
5	1	65	3	8	3	1177	3177	72	27	26.925507	ρεῦπες
5	1	65	3	8	4	1267	3176	135	28	62.321095	σταλαχτίτες
5	1	65	3	8	5	1434	3176	43	22	84.332329	απὀ
5	1	65	3	8	6	1490	3175	65	29	0.000000	πάγο,
5	1	65	3	8	7	1589	3175	85	29	5.581940	ἸΧοντροί
5	1	65	3	8	8	1682	3153	45	52	0.000000	.
5	1	65	3	8	9	1744	3177	26	21	67.788315	Οι
5	1	65	3	8	10	1786	3177	119	29	24.276283	Σύμβουλοι
5	1	65	3	8	11	1919	3159	115	51	0.000000	πλεοφηφί
5	1	65	3	8	12	2076	3179	83	20	88.353531	Ἐτὴσια
5	1	65	3	8	13	2169	3179	110	23	76.452057	συνδρομὴ
5	1	65	3	8	14	2287	3173	66	44	81.528244	δραχ.
5	1	65	3	8	15	2364	3173	41	44	72.101845	350
4	1	65	3	9	0	964	3209	1456	47	-1	
5	1	65	3	9	1	964	3219	51	23	94.264343	στην
5	1	65	3	9	2	1027	3213	59	29	77.506561	αρχή
5	1	65	3	9	3	1097	3221	37	15	85.120750	χαι
5	1	65	3	9	4	1145	3213	138	29	89.947197	λεππότεροι
5	1	65	3	9	5	1278	3220	35	15	53.189510	όσο
5	1	65	3	9	6	1324	3213	127	29	15.834267	µάκραυναν.
5	1	65	3	9	7	1468	3211	68	25	86.430511	Ἠταν
5	1	65	3	9	8	1548	3213	37	23	85.228592	ἕνα
5	1	65	3	9	9	1597	3218	77	24	68.830734	φαντα-
5	1	65	3	9	10	1683	3222	34	30	30.479767	µας
5	1	65	3	9	11	1736	3214	85	30	87.080276	ἔλαβαν:
5	1	65	3	9	12	1838	3214	24	23	59.021015	Τ.
5	1	65	3	9	13	1878	3213	42	24	51.890251	Ἡλ.
5	1	65	3	9	14	1938	3209	120	47	48.397652	Ῥέργαδος,
5	1	65	3	9	15	2088	3217	125	25	88.892059	Ἐξωτερικοῦ
5	1	65	3	9	16	2232	3217	41	25	76.459045	ἀερ.
5	1	65	3	9	17	2294	3222	43	18	96.545181	δολ.
5	1	65	3	9	18	2400	3223	20	17	84.811935	19
4	1	65	3	10	0	965	3233	1431	68	-1	
5	1	65	3	10	1	965	3251	116	30	11.590431	σιαγορωιὸ
5	1	65	3	10	2	1096	3251	68	30	38.597145	θέαμα
5	1	65	3	10	3	1177	3258	41	16	93.300522	που
5	1	65	3	10	4	1229	3251	90	29	25.899971	γοήπευε
5	1	65	3	10	5	1330	3257	39	23	77.899979	την
5	1	65	3	10	6	1380	3251	78	29	82.783485	ὀραση.
5	1	65	3	10	7	1472	3249	59	25	82.910477	Μόνο
5	1	65	3	10	8	1546	3258	21	14	92.818817	οι
5	1	65	3	10	9	1580	3250	94	24	42.462826	κάπουχκοι
5	1	65	3	10	10	1684	3251	45	48	6.904037	ῥ1.
5	1	65	3	10	11	1744	3251	58	24	61.816525	Κων.
5	1	65	3	10	12	1818	3251	37	23	51.309555	Ιω.
5	1	65	3	10	13	1868	3251	141	31	55.069218	Γαρουφάλης
5	1	65	3	10	14	2020	3233	38	41	0.000000	οτ]
5	1	65	3	10	15	2054	3265	4	36	61.313206	|
5	1	65	3	10	16	2095	3253	105	25	40.422783	Νομικῶν
5	1	65	3	10	17	2210	3253	121	25	96.116058	προσώπων
5	1	65	3	10	18	2342	3257	54	18	69.739944	1.909
4	1	65	3	11	0	964	3286	1471	45	-1	
5	1	65	3	11	1	964	3289	87	27	93.085144	ορεινών
5	1	65	3	11	2	1059	3289	85	27	96.221413	χωριών
5	1	65	3	11	3	1156	3289	62	27	40.933273	έχουν
5	1	65	3	11	4	1232	3289	38	21	63.151085	ιδεί
5	1	65	3	11	5	1284	3289	78	24	90.353127	τέτοιες
5	1	65	3	11	6	1373	3289	88	24	74.425217	εικόνες.
5	1	65	3	11	7	1598	3307	2	2	0.000000	'
5	1	65	3	11	8	1684	3289	76	28	0.000000	Ιεὦρ.
5	1	65	3	11	9	1778	3289	25	21	64.408371	Σ.
5	1	65	3	11	10	1820	3289	167	25	0.000000	Παπαδόπουλος
5	1	65	3	11	11	2011	3290	36	20	27.859589	ὅδ9.
5	1	65	3	11	12	2055	3314	2	10	9.180618	ἳ
5	1	65	3	11	13	2157	3286	180	35	73.797989	ΣΥΝΔΡΟΜΕΣ,
5	1	65	3	11	14	2430	3296	5	35	86.220184	|
3	1	65	4	0	0	964	3323	1403	102	-1	
4	1	65	4	1	0	994	3323	1373	29	-1	
5	1	65	4	1	1	994	3324	74	28	95.503777	Νύχτα
5	1	65	4	1	2	1080	3325	71	27	61.423439	ακόμα
5	1	65	4	1	3	1163	3332	41	20	77.753754	µας
5	1	65	4	1	4	1221	3324	116	28	11.019379	ξύπνησαν.
5	1	65	4	1	5	1355	3323	129	28	21.290833	Σηηκωθείτε,
5	1	65	4	1	6	1498	3331	42	21	93.174538	µας
5	1	65	4	1	7	1554	3324	63	22	92.357559	εἶπαν
5	1	65	4	1	8	1649	3330	26	16	57.084381	γα
5	1	65	4	1	9	1684	3325	52	21	28.464676	᾿Ἡλ.
5	1	65	4	1	10	1749	3324	42	22	94.526184	Αθ.
5	1	65	4	1	11	1808	3324	177	26	56.727692	Αθανασόπουλος
5	1	65	4	1	12	2011	3325	47	21	0.000000	29.
5	1	65	4	1	13	2070	3326	126	23	44.703590	Γεωργίποι:
5	1	65	4	1	14	2210	3327	69	21	46.816460	Ἀβαν.
5	1	65	4	1	15	2289	3327	78	24	28.354149	Δήμον
4	1	65	4	2	0	964	3360	1385	29	-1	
5	1	65	4	2	1	964	3360	132	26	49.265141	ζεσταθείται,
5	1	65	4	2	2	1110	3367	39	21	96.347610	στη
5	1	65	4	2	3	1165	3361	76	27	94.188263	φωτιά,
5	1	65	4	2	4	1256	3367	27	15	87.547218	να
5	1	65	4	2	5	1294	3360	111	26	70.513641	ζεστάνετε
5	1	65	4	2	6	1416	3367	25	14	89.359749	τα
5	1	65	4	2	7	1456	3360	119	21	67.529724	ποποῦτσια
5	1	65	4	2	8	1586	3366	40	18	85.178078	σας
5	1	65	4	2	9	1638	3367	36	14	79.999161	Ἆαι
5	1	65	4	2	10	1684	3361	125	28	79.352188	Σύμβουλοι
5	1	65	4	2	11	1826	3362	131	27	75.287369	μειοψηφίας
5	1	65	4	2	12	1968	3361	41	21	76.664467	Ἐπ.
5	1	65	4	2	13	2023	3361	24	21	13.710266	Ὦ.'
5	1	65	4	2	14	2073	3362	77	21	88.898697	Αβήνα
5	1	65	4	2	15	2162	3363	70	22	90.491249	Γεώρ.
5	1	65	4	2	16	2240	3363	109	23	0.157684	Φράγνιον,
4	1	65	4	3	0	965	3382	1356	48	-1	
5	1	65	4	3	1	965	3404	25	14	71.159531	να
5	1	65	4	3	2	1004	3397	61	27	0.000000	φᾶτε.
5	1	65	4	3	3	1080	3395	34	23	83.564217	θα
5	1	65	4	3	4	1124	3403	40	19	95.440620	σας
5	1	65	4	3	5	1173	3397	47	20	68.629570	πάω
5	1	65	4	3	6	1233	3396	44	28	94.730164	εγώ
5	1	65	4	3	7	1289	3397	91	27	93.155708	σήµερα,
5	1	65	4	3	8	1395	3396	46	21	10.961418	εἶπε
5	1	65	4	3	9	1451	3403	11	14	96.230164	ο
5	1	65	4	3	10	1472	3396	101	28	85.521820	πατέρας.
5	1	65	4	3	11	1693	3396	108	29	87.172890	Δεμπέλης
5	1	65	4	3	12	1812	3405	38	15	92.676132	και
5	1	65	4	3	13	1863	3397	30	21	83.381523	Π.
5	1	65	4	3	14	1908	3397	28	22	88.762177	Χ.
5	1	65	4	3	15	1950	3382	109	48	0.000000	Παπαδὸ-,
5	1	65	4	3	16	2169	3393	152	32	32.336433	(Καρενείον)
3	1	65	5	0	0	1244	3411	1189	54	-1	
4	1	65	5	1	0	1244	3411	1189	54	-1	
5	1	65	5	1	1	1244	3426	154	39	38.103809	(Συνεχίζεται)
5	1	65	5	1	2	1470	3429	2	2	0.000000	)
5	1	65	5	1	3	1691	3433	77	25	79.265076	πουλος
5	1	65	5	1	4	1782	3433	38	21	75.765800	45.
5	1	65	5	1	5	2055	3411	4	52	46.174934	|
5	1	65	5	1	6	2119	3434	213	23	0.000000	Πανεπισπηµήσο4ἑ
5	1	65	5	1	7	2341	3434	27	18	41.774712	δ΄
5	1	65	5	1	8	2429	3432	4	13	0.000000	ἱ
2	1	66	0	0	0	2069	2791	101	9	-1	
3	1	66	1	0	0	2069	2791	101	9	-1	
4	1	66	1	1	0	2069	2791	101	9	-1	
5	1	66	1	1	1	2069	2791	101	9	1.600571	ποσο.
2	1	67	0	0	0	2170	2791	247	10	-1	
3	1	67	1	0	0	2170	2791	247	10	-1	
4	1	67	1	1	0	2170	2791	247	10	-1	
5	1	67	1	1	1	2170	2791	247	10	95.000000	 
2	1	68	0	0	0	2056	2757	3	68	-1	
3	1	68	1	0	0	2056	2757	3	68	-1	
4	1	68	1	1	0	2056	2757	3	68	-1	
5	1	68	1	1	1	2056	2757	3	68	95.000000	 
2	1	69	0	0	0	2101	2826	290	270	-1	
3	1	69	1	0	0	2101	2826	290	270	-1	
4	1	69	1	1	0	2184	2826	124	18	-1	
5	1	69	1	1	1	2184	2826	124	18	85.068176	ΓΕΩΡΓΙΤΣΙ
4	1	69	1	2	0	2106	2867	280	19	-1	
5	1	69	1	2	1	2106	2867	131	18	91.306931	ΔΙΜΗΝΙΑΙΑ
5	1	69	1	2	2	2250	2867	136	19	93.771034	ΕΦΗΜΕΡΙΔΑ
4	1	69	1	3	0	2119	2909	255	24	-1	
5	1	69	1	3	1	2119	2909	116	24	92.534988	Ὑπεύθυνος
5	1	69	1	3	2	2246	2909	51	20	93.301262	κατά
5	1	69	1	3	3	2310	2909	64	22	87.413261	Νόμον
4	1	69	1	4	0	2106	2951	277	19	-1	
5	1	69	1	4	1	2106	2952	57	17	93.266434	ΚΩΝ.
5	1	69	1	4	2	2175	2953	22	16	92.211319	Η.
5	1	69	1	4	3	2212	2951	171	19	86.704552	ΓΙΑΝΝΑΚΑΚΗΣ
4	1	69	1	5	0	2101	2991	290	22	-1	
5	1	69	1	5	1	2101	2991	115	22	96.409821	Λυκούργου
5	1	69	1	5	2	2228	2991	23	17	93.286201	27
5	1	69	1	5	3	2260	3001	24	3	79.737595	--
5	1	69	1	5	4	2296	2995	95	18	96.282188	ΣΠΑΡΤΗ
4	1	69	1	6	0	2180	3026	129	24	-1	
5	1	69	1	6	1	2180	3027	49	23	93.240585	Τηλ.
5	1	69	1	6	2	2241	3026	68	24	84.862816	28-576
4	1	69	1	7	0	2108	3066	278	30	-1	
5	1	69	1	7	1	2108	3067	117	23	90.509476	Ὑπεύθυνος
5	1	69	1	7	2	2235	3066	151	30	85.228882	Τυπογραφείου
2	1	70	0	0	0	1451	3558	86	30	-1	
3	1	70	1	0	0	1451	3558	86	30	-1	
4	1	70	1	1	0	1451	3558	86	30	-1	
5	1	70	1	1	1	1451	3558	86	30	95.000000	 
2	1	71	0	0	0	2414	419	37	1399	-1	
3	1	71	1	0	0	2414	419	37	1399	-1	
4	1	71	1	1	0	2432	419	14	47	-1	
5	1	71	1	1	1	2432	419	14	47	95.000000	  
4	1	71	1	2	0	2432	466	14	61	-1	
5	1	71	1	2	1	2432	466	14	61	95.000000	  
4	1	71	1	3	0	2432	527	14	30	-1	
5	1	71	1	3	1	2432	527	14	30	95.000000	 
4	1	71	1	4	0	2432	557	13	92	-1	
5	1	71	1	4	1	2432	557	13	92	95.000000	  
4	1	71	1	5	0	2431	649	14	31	-1	
5	1	71	1	5	1	2431	649	14	31	95.000000	 
4	1	71	1	6	0	2431	680	14	19	-1	
5	1	71	1	6	1	2431	680	14	19	95.000000	 
4	1	71	1	7	0	2431	699	14	57	-1	
5	1	71	1	7	1	2431	699	14	57	95.000000	 
4	1	71	1	8	0	2431	756	14	26	-1	
5	1	71	1	8	1	2431	756	14	26	95.000000	 
4	1	71	1	9	0	2431	782	14	35	-1	
5	1	71	1	9	1	2431	782	14	35	95.000000	 
4	1	71	1	10	0	2431	817	14	36	-1	
5	1	71	1	10	1	2431	817	14	36	95.000000	 
4	1	71	1	11	0	2431	853	14	35	-1	
5	1	71	1	11	1	2431	853	14	35	95.000000	 
4	1	71	1	12	0	2431	888	14	33	-1	
5	1	71	1	12	1	2431	888	14	33	95.000000	 
4	1	71	1	13	0	2431	921	13	42	-1	
5	1	71	1	13	1	2431	921	13	42	95.000000	 
4	1	71	1	14	0	2430	963	14	30	-1	
5	1	71	1	14	1	2430	963	14	30	95.000000	 
4	1	71	1	15	0	2430	993	14	223	-1	
5	1	71	1	15	1	2430	993	14	223	95.000000	   
4	1	71	1	16	0	2430	1216	14	92	-1	
5	1	71	1	16	1	2430	1216	14	92	95.000000	  
4	1	71	1	17	0	2430	1308	13	34	-1	
5	1	71	1	17	1	2430	1308	13	34	95.000000	 
4	1	71	1	18	0	2430	1342	14	37	-1	
5	1	71	1	18	1	2430	1342	14	37	95.000000	 
4	1	71	1	19	0	2430	1379	14	27	-1	
5	1	71	1	19	1	2430	1379	14	27	95.000000	 
4	1	71	1	20	0	2430	1406	14	44	-1	
5	1	71	1	20	1	2430	1406	14	44	95.000000	 
4	1	71	1	21	0	2430	1450	13	37	-1	
5	1	71	1	21	1	2430	1450	13	37	95.000000	 
4	1	71	1	22	0	2430	1487	13	35	-1	
5	1	71	1	22	1	2430	1487	13	35	95.000000	 
4	1	71	1	23	0	2429	1522	14	34	-1	
5	1	71	1	23	1	2429	1522	14	34	95.000000	 
4	1	71	1	24	0	2429	1556	14	36	-1	
5	1	71	1	24	1	2429	1556	14	36	95.000000	 
4	1	71	1	25	0	2429	1592	13	36	-1	
5	1	71	1	25	1	2429	1592	13	36	95.000000	 
4	1	71	1	26	0	2429	1628	12	36	-1	
5	1	71	1	26	1	2429	1628	12	36	95.000000	 
4	1	71	1	27	0	2429	1664	12	35	-1	
5	1	71	1	27	1	2429	1664	12	35	95.000000	 
4	1	71	1	28	0	2428	1699	13	36	-1	
5	1	71	1	28	1	2428	1699	13	36	95.000000	 
4	1	71	1	29	0	2428	1735	13	24	-1	
5	1	71	1	29	1	2428	1735	13	24	95.000000	 
4	1	71	1	30	0	2414	1759	37	59	-1	
5	1	71	1	30	1	2414	1759	37	59	95.000000	  
2	1	72	0	0	0	3074	201	99	3	-1	
3	1	72	1	0	0	3074	201	99	3	-1	
4	1	72	1	1	0	3074	201	99	3	-1	
5	1	72	1	1	1	3074	201	99	3	95.000000	 
2	1	73	0	0	0	2560	247	523	58	-1	
3	1	73	1	0	0	2560	247	523	58	-1	
4	1	73	1	1	0	2560	247	523	23	-1	
5	1	73	1	1	1	2560	247	191	23	90.484329	ΠΕΡΙΠΑΤΟΣ
5	1	73	1	1	2	2761	247	88	22	96.977448	ΠΡΟΣ
5	1	73	1	1	3	2860	247	83	22	91.244827	ΤΟΥΣ
5	1	73	1	1	4	2955	247	128	22	91.244827	ΜΥΛΟΥΣ
4	1	73	1	2	0	2646	283	352	22	-1	
5	1	73	1	2	1	2646	284	55	21	95.556152	ΚΑΙ
5	1	73	1	2	2	2720	283	43	21	92.244850	ΤΑ
5	1	73	1	2	3	2790	283	208	22	44.063229	ΒΡΥΣΙΟΤΙΚΑ.
2	1	74	0	0	0	2463	336	712	136	-1	
3	1	74	1	0	0	2463	336	712	136	-1	
4	1	74	1	1	0	2493	336	682	28	-1	
5	1	74	1	1	1	2493	336	76	21	93.333466	ΤΩΡΑ
5	1	74	1	1	2	2580	344	38	14	93.281799	που
5	1	74	1	1	3	2632	337	57	27	76.270950	ἐγωε
5	1	74	1	1	4	2703	337	147	27	16.006660	αμαξόδραμος
5	1	74	1	1	5	2862	337	55	21	81.250366	οἶναι
5	1	74	1	1	6	2931	337	136	27	2.291656	γοητευτικός
5	1	74	1	1	7	3081	337	49	25	41.057430	ένας
5	1	74	1	1	8	3141	345	34	13	91.879700	πε-
4	1	74	1	2	0	2464	372	711	28	-1	
5	1	74	1	2	1	2464	373	85	27	60.553211	ρἴπατος
5	1	74	1	2	2	2560	380	52	20	96.870064	προς
5	1	74	1	2	3	2623	380	48	17	86.710938	τους
5	1	74	1	2	4	2684	372	85	25	93.972176	Μύλους
5	1	74	1	2	5	2780	380	37	14	78.299744	και
5	1	74	1	2	6	2827	380	26	13	93.233681	τα
5	1	74	1	2	7	2863	372	142	28	6.539032	Βροσιώτυια.
5	1	74	1	2	8	3018	372	21	21	92.680138	Ἡ
5	1	74	1	2	9	3049	373	126	27	47.113590	πανέμορφη
4	1	74	1	3	0	2463	408	712	28	-1	
5	1	74	1	3	1	2463	409	62	26	64.943489	τούτη
5	1	74	1	3	2	2538	409	73	27	29.805466	ορειγἠ
5	1	74	1	3	3	2623	409	98	27	59.046055	περιοχη,
5	1	74	1	3	4	2732	415	15	21	95.650879	η
5	1	74	1	3	5	2758	409	122	27	78.391228	ειδυλλιακή
5	1	74	1	3	6	2894	408	91	28	75.197006	πατρίδα
5	1	74	1	3	7	2996	415	41	21	70.541382	ας
5	1	74	1	3	8	3048	415	39	14	96.250771	που
5	1	74	1	3	9	3102	415	28	21	92.965607	τη
5	1	74	1	3	10	3144	416	31	20	92.965607	χι-
4	1	74	1	4	0	2463	444	712	28	-1	
5	1	74	1	4	1	2463	444	181	27	35.355194	λιοτραγούδησαν
5	1	74	1	4	2	2655	451	28	14	93.286957	τα
5	1	74	1	4	3	2693	444	154	28	53.066971	χλεφτόπουλα,
5	1	74	1	4	4	2862	451	37	13	66.855217	και
5	1	74	1	4	5	2913	451	39	20	82.658638	την
5	1	74	1	4	6	2962	445	93	27	8.977623	ὑμνησαν
5	1	74	1	4	7	3069	445	53	20	87.884666	δικοί
5	1	74	1	4	8	3135	451	40	21	96.012108	µας
2	1	75	0	0	0	2448	479	726	28	-1	
3	1	75	1	0	0	2448	479	726	28	-1	
4	1	75	1	1	0	2448	479	726	28	-1	
5	1	75	1	1	1	2448	487	50	13	0.000000	Ὅπαι
5	1	75	1	1	2	2512	479	63	26	81.754349	ξένοι,
5	1	75	1	1	3	2586	481	63	26	72.109940	τούτη
5	1	75	1	1	4	2660	487	15	20	72.109940	η
5	1	75	1	1	5	2690	480	105	27	94.182785	θαυμάσια
5	1	75	1	1	6	2808	487	21	13	85.949631	κι
5	1	75	1	1	7	2844	480	129	27	56.356537	ευλαγηµένη
5	1	75	1	1	8	2985	480	99	27	67.442268	περιαχἡ,
5	1	75	1	1	9	3100	487	39	13	96.778976	που
5	1	75	1	1	10	3154	487	20	13	96.047516	οι
2	1	76	0	0	0	2458	515	731	1277	-1	
3	1	76	1	0	0	2463	515	711	99	-1	
4	1	76	1	1	0	2464	515	709	28	-1	
5	1	76	1	1	1	2464	516	121	27	38.970680	απανταχού
5	1	76	1	1	2	2603	516	102	27	93.273697	παρόντες
5	1	76	1	1	3	2722	515	163	28	19.510818	Γεωργιτσιάνοι
5	1	76	1	1	4	2904	522	38	21	93.228462	την
5	1	76	1	1	5	2961	515	77	28	88.523102	ἔχουμε
5	1	76	1	1	6	3050	515	69	22	92.512413	πάντα
5	1	76	1	1	7	3136	523	37	20	95.263359	στη
4	1	76	1	2	0	2464	551	710	28	-1	
5	1	76	1	2	1	2464	552	68	27	35.215668	σκέψη
5	1	76	1	2	2	2547	559	36	13	36.061310	και
5	1	76	1	2	3	2600	558	37	21	37.198647	«τη
5	1	76	1	2	4	2650	552	79	27	55.100742	καρδιά
5	1	76	1	2	5	2738	559	49	20	91.177216	µας,
5	1	76	1	2	6	2800	552	46	27	95.230927	ἔχει
5	1	76	1	2	7	2859	559	36	13	67.198097	και
5	1	76	1	2	8	2907	559	27	13	78.841080	να
5	1	76	1	2	9	2950	551	79	25	81.798378	ζωτικὰ
5	1	76	1	2	10	3058	558	39	20	87.352013	της
5	1	76	1	2	11	3124	559	50	20	87.352013	προ-
4	1	76	1	3	0	2463	587	104	27	-1	
5	1	76	1	3	1	2463	587	104	27	75.917511	βλήματα.
3	1	76	2	0	0	2461	622	719	206	-1	
4	1	76	2	1	0	2490	622	684	28	-1	
5	1	76	2	1	1	2490	622	57	21	88.344788	ΕΝΩ
5	1	76	2	1	2	2564	623	97	21	76.398193	αποτελεί
5	1	76	2	1	3	2676	630	37	20	81.807976	την
5	1	76	2	1	4	2727	623	124	27	81.228447	αστείρευτη
5	1	76	2	1	5	2864	622	103	28	72.739037	δεξαμενή
5	1	76	2	1	6	2982	623	143	27	88.665840	υδροδότησης
5	1	76	2	1	7	3154	623	20	20	67.981049	ὁ-
4	1	76	2	2	0	2462	657	712	29	-1	
5	1	76	2	2	1	2462	659	42	21	91.897964	λων
5	1	76	2	2	2	2516	665	40	15	96.362938	των
5	1	76	2	2	3	2571	659	93	27	80.411835	χωριών,
5	1	76	2	2	4	2678	666	14	20	94.288132	η
5	1	76	2	2	5	2708	659	42	20	94.971825	ἴδια
5	1	76	2	2	6	2764	659	57	27	61.379620	μένει
5	1	76	2	2	7	2836	659	89	26	71.723511	ἄνωδρη,
5	1	76	2	2	8	2942	657	60	28	87.264717	ξερή,
5	1	76	2	2	9	3014	658	111	27	64.067719	απὀτιστη,
5	1	76	2	2	10	3152	658	22	20	50.311413	ᾱ-
4	1	76	2	3	0	2462	693	711	28	-1	
5	1	76	2	3	1	2462	701	61	20	54.970417	Ύονη.
5	1	76	2	3	2	2539	694	79	20	74.564461	Φυσικό
5	1	76	2	3	3	2636	694	129	22	31.561554	εποφόλουθο
5	1	76	2	3	4	2780	701	15	20	93.249229	η
5	1	76	2	3	5	2807	694	69	27	44.420174	αἴναη
5	1	76	2	3	6	2891	694	57	27	77.845200	φυγή
5	1	76	2	3	7	2962	700	43	15	95.778503	των
5	1	76	2	3	8	3023	693	80	22	27.672310	τέκνων
5	1	76	2	3	9	3136	701	37	19	78.951454	της
4	1	76	2	4	0	2461	728	713	29	-1	
5	1	76	2	4	1	2461	737	52	19	92.023376	προς
5	1	76	2	4	2	2527	724	54	37	73.313370	κἄθε
5	1	76	2	4	3	2587	729	148	28	58.036686	κατεύθυνση,
5	1	76	2	4	4	2750	730	55	27	76.566528	µέσα
5	1	76	2	4	5	2819	737	23	13	30.603035	κι
5	1	76	2	4	6	2860	729	40	25	77.563171	ἔξω
5	1	76	2	4	7	2914	729	43	21	62.598358	απὀ
5	1	76	2	4	8	2970	736	38	20	81.781265	νην
5	1	76	2	4	9	3020	728	86	22	93.932098	Ἑλλάδα
5	1	76	2	4	10	3136	736	38	20	71.261002	για
4	1	76	2	5	0	2461	765	712	28	-1	
5	1	76	2	5	1	2461	766	106	27	63.938103	καλύτερη
5	1	76	2	5	2	2583	766	62	26	85.412766	τύχη,
5	1	76	2	5	3	2660	773	39	13	96.741318	που
5	1	76	2	5	4	2717	773	25	20	79.852478	µε
5	1	76	2	5	5	2756	765	90	27	21.359818	σηροὺς
5	1	76	2	5	6	2859	765	83	27	54.584812	αγὠνες
5	1	76	2	5	7	2958	765	100	27	65.680214	βρίσκουν
5	1	76	2	5	8	3075	772	36	14	54.786793	Ἆαι
5	1	76	2	5	9	3127	765	46	27	34.923782	χαὶ-
4	1	76	2	6	0	2463	799	717	29	-1	
5	1	76	2	6	1	2463	808	78	20	17.578445	ῥρονται,
5	1	76	2	6	2	2556	801	65	27	37.831474	χωρίς
5	1	76	2	6	3	2632	801	50	21	89.584152	πατὲ
5	1	76	2	6	4	2697	808	26	14	96.649040	να
5	1	76	2	6	5	2737	801	87	27	70.283356	ξεχνούν
5	1	76	2	6	6	2838	807	39	21	96.778465	την
5	1	76	2	6	7	2888	801	86	27	24.995392	όμορφη
5	1	76	2	6	8	2985	801	118	27	82.282928	γενέτειρα.
5	1	76	2	6	9	3178	799	2	2	9.903450	'
3	1	76	3	0	0	2460	835	729	421	-1	
4	1	76	3	1	0	2492	835	681	29	-1	
5	1	76	3	1	1	2492	835	77	23	76.088295	ΟΜΩΣ
5	1	76	3	1	2	2586	837	18	20	42.729004	σ’
5	1	76	3	1	3	2618	837	46	24	61.145840	όλες
5	1	76	3	1	4	2677	844	32	17	96.052513	τις
5	1	76	3	1	5	2719	837	88	27	10.271576	πλαγιές
5	1	76	3	1	6	2818	844	37	13	71.414017	και
5	1	76	3	1	7	2866	843	32	18	93.263016	τις
5	1	76	3	1	8	2912	836	161	28	9.545631	μικροιουλάδες
5	1	76	3	1	9	3086	843	38	21	89.972214	της
5	1	76	3	1	10	3139	843	34	14	89.972214	πε-
4	1	76	3	2	0	2462	872	711	28	-1	
5	1	76	3	2	1	2462	873	74	26	80.313332	ριοχής
5	1	76	3	2	2	2547	880	14	19	95.864960	η
5	1	76	3	2	3	2578	873	75	26	95.615654	φτωχή
5	1	76	3	2	4	2669	873	119	26	88.331612	παραγωγή
5	1	76	3	2	5	2804	873	35	21	80.722610	δεν
5	1	76	3	2	6	2854	873	109	27	94.860405	οφείλεται
5	1	76	3	2	7	2974	878	55	21	89.000999	στην
5	1	76	3	2	8	3040	872	90	28	48.924385	ἑλλειψη
5	1	76	3	2	9	3142	879	31	14	90.031281	νε-
4	1	76	3	3	0	2462	907	727	26	-1	
5	1	76	3	3	1	2462	907	45	26	17.103821	ροῦὺ,
5	1	76	3	3	2	2524	913	37	13	53.948860	και
5	1	76	3	3	3	2575	907	53	20	95.973076	εἶναι
5	1	76	3	3	4	2644	907	65	26	43.791470	κρίμα
5	1	76	3	3	5	2720	914	22	12	79.718544	κι
5	1	76	3	3	6	2756	907	144	25	30.581879	εγχχηµατυκή
5	1	76	3	3	7	2908	907	131	25	73.790558	παράλειψη
5	1	76	3	3	8	3057	913	26	14	84.539574	Ὑα
5	1	76	3	3	9	3096	907	77	25	34.053253	μένουν
4	1	76	3	4	0	2460	941	713	27	-1	
5	1	76	3	4	1	2460	942	158	26	58.342480	ακαλλιέργητα
5	1	76	3	4	2	2634	949	21	13	40.676971	κι
5	1	76	3	4	3	2669	941	102	21	74.744293	απὀτιστα
5	1	76	3	4	4	2782	941	97	27	58.041306	χπήµατα
5	1	76	3	4	5	2894	941	61	21	95.725800	δίπλα
5	1	76	3	4	6	2970	947	63	18	59.819660	στους
5	1	76	3	4	7	3046	941	127	27	92.455658	πολύνερους
4	1	76	3	5	0	2462	976	710	28	-1	
5	1	76	3	5	1	2462	977	75	27	63.645088	μύλους
5	1	76	3	5	2	2552	984	39	14	93.034904	στα
5	1	76	3	5	3	2604	977	141	27	61.842407	Ἡαρασχέῖχα
5	1	76	3	5	4	2762	984	35	13	65.761765	και
5	1	76	3	5	5	2813	984	39	13	91.261482	στα
5	1	76	3	5	6	2868	976	143	28	87.713448	Βρυσιώτικα,
5	1	76	3	5	7	3026	976	71	28	36.100533	ακόμα
5	1	76	3	5	8	3114	977	58	27	50.095894	γιατί
4	1	76	3	6	0	2461	1011	712	29	-1	
5	1	76	3	6	1	2461	1013	34	27	78.313370	όχι
5	1	76	3	6	2	2509	1020	36	13	54.558113	χαι
5	1	76	3	6	3	2556	1020	13	13	93.163330	ο
5	1	76	3	6	4	2583	1013	146	27	29.242798	μικροκάμιπος
5	1	76	3	6	5	2746	1018	37	22	93.294540	της
5	1	76	3	6	6	2800	1011	136	28	83.644798	Μαυτσάρας.
5	1	76	3	6	7	2952	1011	151	29	82.275848	Προπολεμικά
5	1	76	3	6	8	3118	1012	55	28	63.729206	ταν
4	1	76	3	7	0	2462	1047	710	29	-1	
5	1	76	3	7	1	2462	1049	78	24	91.401009	σωστὸς
5	1	76	3	7	2	2553	1049	128	27	91.401009	παρᾶδεισος
5	1	76	3	7	3	2698	1049	19	20	64.126755	σ᾿
5	1	76	3	7	4	2730	1048	92	28	12.355263	ομορφιά
5	1	76	3	7	5	2834	1055	37	13	35.114738	και
5	1	76	3	7	6	2887	1048	84	24	38.235535	πλούτο,
5	1	76	3	7	7	2987	1048	57	26	56.723190	γιατὶ
5	1	76	3	7	8	3062	1047	110	26	83.280136	ποτιζόταν
4	1	76	3	8	0	2461	1083	712	28	-1	
5	1	76	3	8	1	2461	1085	20	26	39.078278	μ᾿
5	1	76	3	8	2	2500	1084	66	27	90.765656	ἄνθση
5	1	76	3	8	3	2583	1085	40	20	89.892670	απὀ
5	1	76	3	8	4	2634	1091	49	17	93.305618	τους
5	1	76	3	8	5	2698	1084	126	27	26.341217	νερὀμυλους
5	1	76	3	8	6	2840	1090	39	14	93.894577	που
5	1	76	3	8	7	2894	1083	37	21	96.522682	δεν
5	1	76	3	8	8	2948	1083	107	27	78.426315	υπάρχουν
5	1	76	3	8	9	3068	1091	37	13	77.304916	και
5	1	76	3	8	10	3134	1090	39	14	95.334496	στα
4	1	76	3	9	0	2461	1118	711	29	-1	
5	1	76	3	9	1	2461	1118	133	29	0.000000	Ἠρυσιώτικα
5	1	76	3	9	2	2606	1120	42	22	67.555862	απὸ
5	1	76	3	9	3	2662	1127	31	17	93.296280	τις
5	1	76	3	9	4	2705	1119	90	28	92.720428	ἄφθονες
5	1	76	3	9	5	2808	1119	68	27	40.512081	πηγές
5	1	76	3	9	6	2891	1126	39	14	89.467361	που
5	1	76	3	9	7	2944	1119	154	27	66.800377	παλλιεργόταν
5	1	76	3	9	8	3114	1126	58	14	92.590988	εντα-
4	1	76	3	10	0	2460	1155	711	29	-1	
5	1	76	3	10	1	2460	1155	48	21	64.272110	πυκά
5	1	76	3	10	2	2522	1156	35	20	86.925423	απ᾿
5	1	76	3	10	3	2571	1155	55	29	17.951729	ἄπορη
5	1	76	3	10	4	2640	1156	21	20	81.549316	σ᾿
5	1	76	3	10	5	2679	1155	56	28	45.346851	ἄχρη
5	1	76	3	10	6	2751	1163	36	14	77.527771	και
5	1	76	3	10	7	2800	1155	153	27	88.071190	τροφοδοτούσε
5	1	76	3	10	8	2968	1155	91	21	82.707901	πλούσια,
5	1	76	3	10	9	3071	1162	23	13	96.411278	το
5	1	76	3	10	10	3104	1155	67	27	67.023880	χωριό
4	1	76	3	11	0	2460	1190	712	30	-1	
5	1	76	3	11	1	2460	1199	36	14	0.000000	Χαι
5	1	76	3	11	2	2510	1192	38	21	83.973602	ὅλα
5	1	76	3	11	3	2558	1199	28	13	92.870461	τα
5	1	76	3	11	4	2600	1192	67	28	93.193787	γύρω,
5	1	76	3	11	5	2678	1192	70	28	31.626198	ακόµα,
5	1	76	3	11	6	2758	1199	36	13	70.662918	και
5	1	76	3	11	7	2807	1199	26	20	80.957977	νη
5	1	76	3	11	8	2846	1190	87	28	6.175919	Ἀπάρτη
5	1	76	3	11	9	2948	1191	22	27	41.230759	μ᾿
5	1	76	3	11	10	2986	1191	84	27	91.992943	ἄφθονα
5	1	76	3	11	11	3082	1198	21	14	87.132484	κι
5	1	76	3	11	12	3113	1191	59	20	73.552124	εκλε-
4	1	76	3	12	0	2460	1227	489	29	-1	
5	1	76	3	12	1	2460	1228	40	21	30.308029	χτὰά
5	1	76	3	12	2	2509	1229	100	27	93.681694	προϊόντα
5	1	76	3	12	3	2618	1235	39	15	93.245819	που
5	1	76	3	12	4	2668	1228	137	28	37.375717	γιωῤήτωσαν
5	1	76	3	12	5	2817	1227	132	29	66.924454	ανάρπαστα.
3	1	76	4	0	0	2458	1263	714	422	-1	
4	1	76	4	1	0	2490	1263	682	29	-1	
5	1	76	4	1	1	2490	1263	75	23	73.706741	ΤΟΤΕ
5	1	76	4	1	2	2578	1265	62	27	93.296989	ὅμως,
5	1	76	4	1	3	2654	1265	47	27	90.157104	εἶχε
5	1	76	4	1	4	2716	1265	67	27	91.220879	κόσμο
5	1	76	4	1	5	2794	1271	25	14	87.102951	το
5	1	76	4	1	6	2835	1264	76	27	91.093323	χωριὸ,
5	1	76	4	1	7	2925	1263	88	28	46.027275	βοὐϊζαν
5	1	76	4	1	8	3030	1263	87	27	65.154770	πλαγιές
5	1	76	4	1	9	3135	1271	37	13	59.262108	Ἆαι
4	1	76	4	2	0	2460	1299	712	29	-1	
5	1	76	4	2	1	2460	1301	113	27	59.997173	λαγκαδιές.
5	1	76	4	2	2	2587	1301	42	20	74.804138	απὀ
5	1	76	4	2	3	2642	1301	68	27	38.058681	φωνές
5	1	76	4	2	4	2724	1300	116	27	95.989105	ανθρώπων
5	1	76	4	2	5	2855	1307	37	14	0.000000	αι
5	1	76	4	2	6	2908	1299	119	25	61.019897	ζωνπανών,
5	1	76	4	2	7	3040	1299	132	27	38.613480	χαλλιεργιό-
4	1	76	4	3	0	2460	1334	711	30	-1	
5	1	76	4	3	1	2460	1343	38	14	93.200211	ταν
5	1	76	4	3	2	2513	1336	54	21	40.423008	χὠθε
5	1	76	4	3	3	2581	1336	92	28	38.166027	σπιθαµἠ
5	1	76	4	3	4	2688	1342	41	21	72.952576	γῆς
5	1	76	4	3	5	2742	1343	37	13	21.992172	και
5	1	76	4	3	6	2792	1343	38	13	96.645081	στα
5	1	76	4	3	7	2844	1335	59	27	96.145157	γύρω
5	1	76	4	3	8	2922	1335	72	27	92.365860	βουνά,
5	1	76	4	3	9	3012	1334	99	26	9.396622	κοίταζαν
5	1	76	4	3	10	3126	1335	45	21	93.145256	ὅλοι
4	1	76	4	4	0	2460	1370	712	30	-1	
5	1	76	4	4	1	2460	1379	26	14	63.357880	να
5	1	76	4	4	2	2498	1372	92	28	94.509918	βγάλουν
5	1	76	4	4	3	2606	1379	23	13	93.192062	τα
5	1	76	4	4	4	2645	1372	56	27	59.788139	φωμέ
5	1	76	4	4	5	2716	1379	47	17	93.293037	τους
5	1	76	4	4	6	2780	1379	37	20	39.948711	Ύγυκ
5	1	76	4	4	7	2835	1378	26	15	96.018280	να
5	1	76	4	4	8	2873	1371	84	27	1.962845	μείνουν
5	1	76	4	4	9	2970	1377	49	16	95.661011	στον
5	1	76	4	4	10	3046	1370	126	28	76.845444	αγαπημένο
4	1	76	4	5	0	2459	1406	713	29	-1	
5	1	76	4	5	1	2459	1408	51	20	35.676132	τόπο
5	1	76	4	5	2	2527	1415	55	17	94.989525	τους.
5	1	76	4	5	3	2598	1407	65	28	84.488289	Τώρα
5	1	76	4	5	4	2681	1415	24	13	94.782631	σε
5	1	76	4	5	5	2719	1407	70	22	65.830673	πιάνει
5	1	76	4	5	6	2805	1407	73	27	78.991592	θλίψη,
5	1	76	4	5	7	2892	1407	109	27	90.018539	παράπονο
5	1	76	4	5	8	3016	1413	23	14	59.705238	χι
5	1	76	4	5	9	3057	1406	115	21	84.284546	απελπισία,
4	1	76	4	6	0	2458	1442	713	29	-1	
5	1	76	4	6	1	2458	1444	42	20	71.507225	απὸ
5	1	76	4	6	2	2516	1451	38	20	93.217560	την
5	1	76	4	6	3	2566	1443	91	28	39.306709	ερεικἀ,
5	1	76	4	6	4	2673	1450	37	20	92.548485	την
5	1	76	4	6	5	2723	1443	145	27	0.000000	εγκατάλειψη
5	1	76	4	6	6	2882	1449	38	14	60.525452	και
5	1	76	4	6	7	2931	1449	40	21	90.150421	την
5	1	76	4	6	8	2981	1442	95	28	79.526443	αγριᾶδα
5	1	76	4	6	9	3087	1449	37	14	93.189293	του
5	1	76	4	6	10	3138	1442	33	20	75.021278	τὸ-
4	1	76	4	7	0	2459	1477	712	29	-1	
5	1	76	4	7	1	2459	1487	48	17	93.225967	που,
5	1	76	4	7	2	2518	1479	91	27	59.538391	γεμάπος
5	1	76	4	7	3	2620	1479	160	27	25.230721	καλοθρεµμένα
5	1	76	4	7	4	2791	1478	56	28	72.494606	βάτα
5	1	76	4	7	5	2857	1485	22	14	82.995087	κι
5	1	76	4	7	6	2890	1478	101	27	0.000000	αγκάθια,
5	1	76	4	7	7	3002	1485	40	13	96.385735	που
5	1	76	4	7	8	3058	1478	35	21	93.292206	δεν
5	1	76	4	7	9	3102	1477	69	28	74.943039	σχίζει
4	1	76	4	8	0	2460	1513	711	29	-1	
5	1	76	4	8	1	2460	1515	53	27	76.158546	φίδι,
5	1	76	4	8	2	2541	1523	21	13	50.834888	οι
5	1	76	4	8	3	2576	1515	90	27	77.532578	άφθονες
5	1	76	4	8	4	2681	1515	99	27	6.259628	χαρυδιές
5	1	76	4	8	5	2790	1515	67	26	49.595520	χωρίς
5	1	76	4	8	6	2873	1513	102	28	46.147316	φροντίδα
5	1	76	4	8	7	2986	1521	27	20	93.157906	µε
5	1	76	4	8	8	3023	1513	85	28	45.257545	λιγοστόὀ
5	1	76	4	8	9	3120	1521	51	20	72.492706	χαρ-
4	1	76	4	9	0	2459	1549	712	29	-1	
5	1	76	4	9	1	2459	1551	27	20	84.741135	πὸ
5	1	76	4	9	2	2496	1558	21	14	87.636932	χι
5	1	76	4	9	3	2529	1551	50	21	57.228260	αυτό
5	1	76	4	9	4	2589	1551	65	27	80.126846	χωρίς
5	1	76	4	9	5	2664	1551	163	27	29.203674	εμπορικότητα,
5	1	76	4	9	6	2836	1557	35	13	79.643333	και
5	1	76	4	9	7	2882	1556	27	14	94.307388	τα
5	1	76	4	9	8	2920	1549	89	27	63.188828	λιγοστά
5	1	76	4	9	9	3017	1549	46	25	68.081161	ζώα
5	1	76	4	9	10	3076	1549	35	21	93.273193	δεν
5	1	76	4	9	11	3120	1556	51	20	79.402573	µπο-
4	1	76	4	10	0	2460	1585	710	29	-1	
5	1	76	4	10	1	2460	1587	49	27	29.897751	ροὺν
5	1	76	4	10	2	2522	1593	29	15	40.287140	Ὑά
5	1	76	4	10	3	2564	1593	68	21	84.388077	µπουν
5	1	76	4	10	4	2645	1593	38	21	89.500786	για
5	1	76	4	10	5	2695	1586	76	28	11.468880	βοσκή.
5	1	76	4	10	6	2787	1585	130	27	87.580032	Κατάσταση
5	1	76	4	10	7	2930	1585	86	27	87.302200	θλιβερή
5	1	76	4	10	8	3032	1591	38	15	93.238861	σου
5	1	76	4	10	9	3082	1585	88	27	27.211418	σφίγγε.
4	1	76	4	11	0	2459	1620	711	31	-1	
5	1	76	4	11	1	2459	1629	24	20	94.767761	τη
5	1	76	4	11	2	2494	1622	77	29	70.426529	καρδιά
5	1	76	4	11	3	2582	1629	37	14	79.235054	και
5	1	76	4	11	4	2628	1622	22	20	42.358543	ισ᾿
5	1	76	4	11	5	2665	1622	122	27	22.394073	αγαναντεῖὶ,
5	1	76	4	11	6	2801	1628	47	18	78.288857	που;
5	1	76	4	11	7	2860	1627	54	21	0.000000	'συην
5	1	76	4	11	8	2927	1621	76	21	70.104836	ἄλλοτε
5	1	76	4	11	9	3012	1620	107	28	78.989792	πολύβουη
5	1	76	4	11	10	3133	1627	37	14	40.559498	αι
4	1	76	4	12	0	2458	1658	262	27	-1	
5	1	76	4	12	1	2458	1658	151	27	50.903240	παραδεισέλια,
5	1	76	4	12	2	2620	1658	100	27	71.290405	περιοχη]
3	1	76	5	0	0	2458	1691	712	101	-1	
4	1	76	5	1	0	2487	1691	682	30	-1	
5	1	76	5	1	1	2487	1693	34	21	90.484421	ΚΙ
5	1	76	5	1	2	2536	1692	77	22	86.144714	ΟΜΟΣ
5	1	76	5	1	3	2630	1694	26	20	95.955315	θα
5	1	76	5	1	4	2669	1693	104	28	64.146454	μπορούσε
5	1	76	5	1	5	2789	1691	99	29	83.195320	γρήγορα
5	1	76	5	1	6	2904	1699	35	15	73.099686	χαι
5	1	76	5	1	7	2953	1699	28	21	91.949944	µε
5	1	76	5	1	8	2998	1692	65	27	31.124672	μικρή
5	1	76	5	1	9	3078	1691	91	28	94.635826	δαπάνη,
4	1	76	5	2	0	2459	1727	711	30	-1	
5	1	76	5	2	1	2459	1730	82	32	91.745506	σήµερα
5	1	76	5	2	2	2554	1737	27	19	96.533325	µε
5	1	76	5	2	3	2595	1735	26	15	94.389626	τα
5	1	76	5	2	4	2634	1729	51	21	88.501213	τόσα,
5	1	76	5	2	5	2694	1729	56	27	78.177704	µέσα,
5	1	76	5	2	6	2764	1736	36	13	25.603035	και
5	1	76	5	2	7	2812	1728	165	28	61.693161	μηχανήματα
5	1	76	5	2	8	2965	1723	13	37	92.950119	-
5	1	76	5	2	9	2990	1735	40	13	95.225716	που
5	1	76	5	2	10	3042	1727	128	22	90.361191	διευκολύνει
4	1	76	5	3	0	2458	1763	711	29	-1	
5	1	76	5	3	1	2458	1765	125	27	28.987015	αφάνταστα
5	1	76	5	3	2	2594	1772	22	14	38.846706	κι
5	1	76	5	3	3	2627	1772	13	14	87.910278	ο
5	1	76	5	3	4	2652	1765	75	27	77.601051	δρόμος
5	1	76	5	3	5	2742	1777	7	3	92.909134	-
5	1	76	5	3	6	2764	1771	27	15	86.188896	να
5	1	76	5	3	7	2803	1764	54	33	7.724899	γΐνει
5	1	76	5	3	8	2874	1764	39	22	0.000000	ὀγα
5	1	76	5	3	9	2922	1764	108	27	95.997345	σύγχρονο
5	1	76	5	3	10	3056	1763	113	28	37.794910	αρδευτυκό
2	1	77	0	0	0	2440	1798	883	27	-1	
3	1	77	1	0	0	2440	1798	883	27	-1	
4	1	77	1	1	0	2440	1798	883	27	-1	
5	1	77	1	1	1	2440	1798	76	1	0.000000	““Ἔρυοι
5	1	77	1	1	2	2530	1791	58	38	73.071373	ὅπως
5	1	77	1	1	3	2603	1800	52	22	78.208496	πόσα
5	1	77	1	1	4	2668	1800	57	18	91.962280	ἄλλα
5	1	77	1	1	5	2733	1804	26	20	11.599350	νε
5	1	77	1	1	6	2765	1791	39	38	6.485672	γίδια
5	1	77	1	1	7	2838	1791	32	38	6.485672	παπί
5	1	77	1	1	8	2885	1796	61	28	29.374939	πυρά
5	1	77	1	1	9	2958	1791	42	38	43.018909	που
5	1	77	1	1	10	3007	1795	316	29	0.000000	γένονταςπαν--“ἵπ---------
2	1	78	0	0	0	2457	1831	713	456	-1	
3	1	78	1	0	0	2457	1831	713	207	-1	
4	1	78	1	1	0	2459	1831	710	29	-1	
5	1	78	1	1	1	2459	1833	43	25	88.757233	τού,
5	1	78	1	1	2	2516	1840	27	14	63.634052	να
5	1	78	1	1	3	2554	1833	150	27	36.958279	παλλιεργηθεὶ
5	1	78	1	1	4	2716	1839	25	21	93.283607	µε
5	1	78	1	1	5	2757	1832	34	21	37.027657	νὲο
5	1	78	1	1	6	2805	1832	74	27	77.988525	τρόπο,
5	1	78	1	1	7	2892	1838	37	14	27.747261	χαι
5	1	78	1	1	8	2944	1838	28	20	61.332733	κ
5	1	78	1	1	9	2980	1831	41	21	28.891609	νέα
5	1	78	1	1	10	3034	1831	56	27	84.113892	εἴδη,
5	1	78	1	1	11	3106	1831	63	24	52.466465	αὐτὸς
4	1	78	1	2	0	2457	1866	713	30	-1	
5	1	78	1	2	1	2457	1876	12	13	60.680771	ο
5	1	78	1	2	2	2484	1869	137	27	9.969826	ανεκτίµνητος
5	1	78	1	2	3	2638	1868	70	24	58.034092	τόπος,
5	1	78	1	2	4	2724	1875	25	14	81.989044	να
5	1	78	1	2	5	2773	1867	89	28	61.807766	ξαναβρεί
5	1	78	1	2	6	2879	1874	38	14	50.714722	καν
5	1	78	1	2	7	2930	1873	27	16	86.190712	να
5	1	78	1	2	8	2973	1866	112	28	78.582649	ξεπεράσει
5	1	78	1	2	9	3114	1866	56	21	17.505806	Ἰχατὰ
4	1	78	1	3	0	2457	1902	711	29	-1	
5	1	78	1	3	1	2457	1905	53	20	95.940285	πολὺ
5	1	78	1	3	2	2520	1911	38	20	82.829659	την
5	1	78	1	3	3	2570	1904	65	21	71.768753	παλιά
5	1	78	1	3	4	2646	1911	35	13	96.530418	του
5	1	78	1	3	5	2696	1903	59	26	93.978592	δόξα,
5	1	78	1	3	6	2770	1910	26	15	95.567719	να
5	1	78	1	3	7	2806	1903	105	27	14.961967	κρατήσει
5	1	78	1	3	8	2924	1903	63	23	79.234436	όσους
5	1	78	1	3	9	2995	1902	72	27	85.637039	ακόµα
5	1	78	1	3	10	3092	1902	76	27	60.580639	μένουν
4	1	78	1	4	0	2458	1937	711	30	-1	
5	1	78	1	4	1	2458	1940	49	24	79.369347	εδώ,
5	1	78	1	4	2	2522	1940	57	27	21.601364	γιατί
5	1	78	1	4	3	2594	1940	33	27	96.049545	ὄχι
5	1	78	1	4	4	2642	1947	37	15	78.791626	και
5	1	78	1	4	5	2692	1946	27	15	0.000000	ὂα
5	1	78	1	4	6	2730	1939	143	27	54.202042	ξαναμαζέψει
5	1	78	1	4	7	2887	1938	63	24	49.105728	ὅσους
5	1	78	1	4	8	2962	1937	112	28	64.184769	επιθυμούν
5	1	78	1	4	9	3087	1945	36	13	83.958450	χαι
5	1	78	1	4	10	3136	1944	33	15	92.462120	νο-
4	1	78	1	5	0	2459	1973	711	30	-1	
5	1	78	1	5	1	2459	1976	102	27	56.558128	σταλγούν
5	1	78	1	5	2	2575	1982	38	20	91.400436	την
5	1	78	1	5	3	2627	1976	46	26	95.020050	ιερή
5	1	78	1	5	4	2684	1975	117	27	82.043976	γενέτειρα,
5	1	78	1	5	5	2818	1975	91	27	57.519169	γάρθουν
5	1	78	1	5	6	2922	1980	51	15	93.297386	στον
5	1	78	1	5	7	2985	1973	118	28	55.077629	αγιασμένο
5	1	78	1	5	8	3118	1973	52	21	90.337097	τόπο
4	1	78	1	6	0	2457	2010	323	28	-1	
5	1	78	1	6	1	2457	2019	48	17	94.973106	τους
5	1	78	1	6	2	2516	2018	26	15	93.887352	να
5	1	78	1	6	3	2552	2011	78	27	54.396904	ζήσουν
5	1	78	1	6	4	2644	2011	69	27	18.015533	Ίρεμη
5	1	78	1	6	5	2726	2010	54	28	53.805843	ζωή.
3	1	78	2	0	0	2458	2043	711	243	-1	
4	1	78	2	1	0	2488	2043	681	32	-1	
5	1	78	2	1	1	2488	2047	20	21	76.035400	Ἡ
5	1	78	2	1	2	2520	2045	145	24	80.991554	ΠΟΛΙΤΕΙΑ.
5	1	78	2	1	3	2679	2047	45	28	76.590042	ἔχει
5	1	78	2	1	4	2734	2046	71	29	0.450607	χρδος,
5	1	78	2	1	5	2820	2053	24	15	78.799561	το
5	1	78	2	1	6	2855	2045	78	23	50.790016	Ἐθνυιόὸ
5	1	78	2	1	7	2944	2045	109	29	33.404114	συμφέρον
5	1	78	2	1	8	3065	2051	37	16	61.838646	καν
5	1	78	2	1	9	3116	2052	16	21	93.135063	η
5	1	78	2	1	10	3142	2043	27	23	70.110291	Ἑ-
4	1	78	2	2	0	2458	2082	711	30	-1	
5	1	78	2	2	1	2458	2085	60	27	0.000000	θνωκή
5	1	78	2	2	2	2532	2083	115	29	34.458290	Οικονομία,
5	1	78	2	2	3	2658	2083	124	29	93.097786	επιβάλλουν
5	1	78	2	2	4	2794	2083	20	23	0.000000	Υ᾿
5	1	78	2	2	5	2828	2082	131	29	37.598778	αξιοππουηθεί
5	1	78	2	2	6	2968	2090	14	15	90.877953	ο
5	1	78	2	2	7	2991	2083	112	28	90.378922	πολύτιμος
5	1	78	2	2	8	3114	2090	22	13	52.249268	χι
5	1	78	2	2	9	3145	2089	24	14	43.869251	αᾱ-
4	1	78	2	3	0	2459	2119	710	31	-1	
5	1	78	2	3	1	2459	2122	109	28	28.155342	δυκηµέγος
5	1	78	2	3	2	2584	2122	69	25	94.165215	τόπος,
5	1	78	2	3	3	2667	2121	52	23	81.126816	εἶναι
5	1	78	2	3	4	2732	2121	143	28	82.278831	ασυγχώρητη
5	1	78	2	3	5	2889	2121	30	20	39.601608	κα
5	1	78	2	3	6	2932	2120	115	28	93.296196	ασύμφορη
5	1	78	2	3	7	3058	2120	43	21	90.079590	απὀ
5	1	78	2	3	8	3115	2119	54	22	79.741203	χάθε
4	1	78	2	4	0	2458	2156	709	30	-1	
5	1	78	2	4	1	2458	2159	73	27	90.976028	ἄποψη
5	1	78	2	4	2	2544	2165	15	21	96.443275	η
5	1	78	2	4	3	2572	2158	101	28	0.000000	σηµερινή
5	1	78	2	4	4	2684	2165	37	13	83.574409	του
5	1	78	2	4	5	2736	2157	152	28	49.589859	εγκαπἀλειφη.
5	1	78	2	4	6	2900	2156	147	28	16.136047	Τουλάχιστον
5	1	78	2	4	7	3056	2162	27	15	94.562317	σε
5	1	78	2	4	8	3094	2156	73	27	91.263039	πρώτη
4	1	78	2	5	0	2459	2190	709	32	-1	
5	1	78	2	5	1	2459	2195	66	27	52.000534	φάση,
5	1	78	2	5	2	2539	2201	26	15	10.511925	Ύα
5	1	78	2	5	3	2578	2194	54	27	65.166183	Ὑΐνει
5	1	78	2	5	4	2648	2194	102	27	0.000000	µεθοδική
5	1	78	2	5	5	2766	2193	138	32	65.280975	καλλιέργεια
5	1	78	2	5	6	2917	2199	39	21	70.392288	της
5	1	78	2	5	7	2986	2190	182	26	85.077919	ΚΑΣΤΑΝΙΑΣ,
4	1	78	2	6	0	2458	2226	710	31	-1	
5	1	78	2	6	1	2458	2237	35	13	92.601471	στο
5	1	78	2	6	2	2506	2229	120	28	85.469963	Μισορράχι
5	1	78	2	6	3	2638	2237	36	13	61.189430	χαι
5	1	78	2	6	4	2690	2235	36	16	66.419212	απο
5	1	78	2	6	5	2738	2228	81	28	83.935287	Λόγγο,
5	1	78	2	6	6	2830	2235	42	18	95.046440	που
5	1	78	2	6	7	2882	2229	36	21	96.549850	δεν
5	1	78	2	6	8	2930	2228	85	21	0.000000	απαιτεί
5	1	78	2	6	9	3027	2226	68	29	37.623253	πολλή
5	1	78	2	6	10	3106	2233	62	22	77.971642	φρον-
4	1	78	2	7	0	2459	2263	566	24	-1	
5	1	78	2	7	1	2459	2267	53	20	39.674911	τίδα.
5	1	78	2	7	2	2938	2263	87	21	62.140232	Κ.Η.Γ.
2	1	79	0	0	0	2582	2287	461	47	-1	
3	1	79	1	0	0	2582	2287	461	47	-1	
4	1	79	1	1	0	2582	2287	461	47	-1	
5	1	79	1	1	1	2582	2312	120	22	95.968590	ΦΤΑΙΝΕ
5	1	79	1	1	2	2718	2287	147	46	0.000000	ΤσΙἜλρο
5	1	79	1	1	3	2877	2311	61	21	79.704018	ΚΑΙ
5	1	79	1	1	4	2948	2310	95	23	91.741394	ΛΙΠΟΙ
2	1	80	0	0	0	2456	2361	729	705	-1	
3	1	80	1	0	0	2456	2361	712	166	-1	
4	1	80	1	1	0	2480	2361	687	25	-1	
5	1	80	1	1	1	2480	2364	79	19	32.360291	ΣΤΗΝ
5	1	80	1	1	2	2573	2364	80	18	67.070343	ΚΑΚΗ
5	1	80	1	1	3	2667	2363	137	23	27.282883	νωκλοφορία
5	1	80	1	1	4	2816	2367	39	14	96.630966	του
5	1	80	1	1	5	2869	2362	92	23	39.393700	αίματος
5	1	80	1	1	6	2977	2361	122	21	89.022430	αποδίδουν
5	1	80	1	1	7	3109	2364	58	20	95.134888	τρεις
4	1	80	1	2	0	2457	2397	710	25	-1	
5	1	80	1	2	1	2457	2400	83	18	78.405678	Γάλλοι
5	1	80	1	2	2	2558	2399	118	23	96.019112	ερευνητές
5	1	80	1	2	3	2690	2404	29	16	91.998238	τη
5	1	80	1	2	4	2733	2398	135	24	88.515549	σεξουαλική
5	1	80	1	2	5	2876	2397	154	21	52.944027	οινωιονότητα
5	1	80	1	2	6	3048	2401	62	19	45.791328	στους
5	1	80	1	2	7	3129	2397	38	17	28.653381	ἁν-
4	1	80	1	3	0	2456	2433	712	25	-1	
5	1	80	1	3	1	2456	2440	49	18	88.940346	τρες
5	1	80	1	3	2	2519	2441	37	13	70.888153	και
5	1	80	1	3	3	2570	2439	47	19	72.218613	τοὺς
5	1	80	1	3	4	2632	2435	137	22	90.036240	προτείνουν,
5	1	80	1	3	5	2785	2438	39	18	6.715858	γνιοα
5	1	80	1	3	6	2841	2438	30	14	95.476807	να
5	1	80	1	3	7	2881	2438	27	15	62.858551	το
5	1	80	1	3	8	2919	2433	193	23	46.622429	αντιμετωπίσουν,
5	1	80	1	3	9	3136	2437	32	13	43.842831	νου
4	1	80	1	4	0	2458	2465	708	51	-1	
5	1	80	1	4	1	2458	2471	105	23	22.622353	Φιόφουνν
5	1	80	1	4	2	2580	2476	27	13	50.750862	το
5	1	80	1	4	3	2618	2471	92	22	18.907944	τουγάρο
5	1	80	1	4	4	2722	2474	39	14	60.275517	παν
5	1	80	1	4	5	2772	2474	29	16	92.668129	νο
5	1	80	1	4	6	2818	2465	143	51	0.000000	αποιλλάξουν
5	1	80	1	4	7	2976	2473	27	16	78.335762	τη
5	1	80	1	4	8	3019	2468	74	19	15.491821	δίαιτά
5	1	80	1	4	9	3118	2473	48	18	95.837357	τους
4	1	80	1	5	0	2456	2507	155	20	-1	
5	1	80	1	5	1	2456	2507	44	19	93.848648	από
5	1	80	1	5	2	2512	2512	28	13	69.497528	τα
5	1	80	1	5	3	2552	2507	59	20	84.165886	λίπη.
3	1	80	2	0	0	2456	2539	729	169	-1	
4	1	80	2	1	0	2479	2539	689	27	-1	
5	1	80	2	1	1	2479	2543	170	23	27.368675	Ὑποστηρίζουν,
5	1	80	2	1	2	2661	2542	100	23	34.350212	μάλιστα,
5	1	80	2	1	3	2772	2541	35	19	93.423470	ότι
5	1	80	2	1	4	2821	2546	14	16	20.454285	η
5	1	80	2	1	5	2845	2540	154	22	94.366333	ανικανότητα
5	1	80	2	1	6	3012	2541	43	18	93.904503	δεν
5	1	80	2	1	7	3068	2539	50	23	73.248283	έχει
5	1	80	2	1	8	3129	2544	39	14	3.211632	χοι-
4	1	80	2	2	0	2456	2575	711	26	-1	
5	1	80	2	2	1	2456	2579	39	22	39.401432	μιά
5	1	80	2	2	2	2509	2579	70	22	95.803703	σχέση
5	1	80	2	2	3	2589	2583	30	18	91.105774	µε
5	1	80	2	2	4	2629	2582	32	19	91.854065	τις
5	1	80	2	2	5	2676	2577	145	24	23.664658	φυχολογυιές
5	1	80	2	2	6	2837	2577	107	22	96.264938	διαθέσεις
5	1	80	2	2	7	2960	2581	39	13	95.943260	του
5	1	80	2	2	8	3016	2576	79	22	72.606247	άντρο,
5	1	80	2	2	9	3106	2575	61	19	65.973839	αλλά
4	1	80	2	3	0	2456	2612	711	25	-1	
5	1	80	2	3	1	2456	2620	27	17	82.317154	µε
5	1	80	2	3	2	2498	2619	44	16	95.552856	την
5	1	80	2	3	3	2552	2614	111	22	0.000000	αδυναμία
5	1	80	2	3	4	2676	2618	37	18	96.468811	της
5	1	80	2	3	5	2724	2613	110	23	92.804428	αρτηρίας,
5	1	80	2	3	6	2850	2617	43	17	0.000000	που
5	1	80	2	3	7	2906	2612	95	23	95.593307	υπάρχει
5	1	80	2	3	8	3013	2616	40	16	82.265007	στο
5	1	80	2	3	9	3064	2615	103	19	82.431900	γεννητι-
4	1	80	2	4	0	2456	2647	711	27	-1	
5	1	80	2	4	1	2456	2651	28	17	75.416862	κό
5	1	80	2	4	2	2494	2654	40	14	49.402065	που
5	1	80	2	4	3	2547	2649	86	23	89.705093	όργανο
5	1	80	2	4	4	2646	2654	30	13	82.955193	νο
5	1	80	2	4	5	2688	2649	122	25	71.905975	µεποφέρει
5	1	80	2	4	6	2826	2652	44	16	80.112373	την
5	1	80	2	4	7	2898	2647	134	21	11.808708	νιατάλληλα
5	1	80	2	4	8	3056	2647	111	21	40.964542	ποσότητα
4	1	80	2	5	0	2456	2681	729	30	-1	
5	1	80	2	5	1	2456	2681	96	30	27.764603	αἰμωτος.
5	1	80	2	5	2	3098	2701	32	5	27.694260	--
5	1	80	2	5	3	3179	2705	6	3	29.204765	-
3	1	80	3	0	0	2456	2699	712	183	-1	
4	1	80	3	1	0	2478	2699	690	45	-1	
5	1	80	3	1	1	2478	2703	143	41	71.391663	Ἐξετάζοντας
5	1	80	3	1	2	2640	2707	2	2	74.230972	«
5	1	80	3	1	3	2640	2723	22	11	42.474182	οι
5	1	80	3	1	4	2677	2714	60	24	59.517933	τρεις
5	1	80	3	1	5	2750	2700	124	43	65.966705	ερευνητές,
5	1	80	3	1	6	2885	2713	33	29	95.402664	τις
5	1	80	3	1	7	2934	2702	146	39	65.647202	περιπτώσεις.
5	1	80	3	1	8	3089	2699	79	41	0.000000	ανινιου-
4	1	80	3	2	0	2457	2748	710	26	-1	
5	1	80	3	2	1	2457	2752	92	22	59.909878	νέπητοις
5	1	80	3	2	2	2563	2752	36	18	87.070084	440
5	1	80	3	2	3	2614	2751	96	22	93.256248	αντρών,
5	1	80	3	2	4	2722	2751	45	19	86.062035	απὀ
5	1	80	3	2	5	2778	2751	22	19	92.108582	21
5	1	80	3	2	6	2818	2750	67	22	67.301865	µέχρι
5	1	80	3	2	7	2903	2750	22	18	88.296616	75
5	1	80	3	2	8	2940	2749	63	21	90.330757	επών,
5	1	80	3	2	9	3018	2748	149	22	23.768829	οαἰνουιόλοφριν
4	1	80	3	3	0	2456	2784	711	26	-1	
5	1	80	3	3	1	2456	2788	34	18	89.819641	ότι
5	1	80	3	3	2	2501	2788	12	18	87.311577	δ
5	1	80	3	3	3	2527	2792	61	18	8.318054	τους
5	1	80	3	3	4	2604	2787	23	18	83.431633	10
5	1	80	3	3	5	2640	2787	67	22	43.889107	εἰχαν
5	1	80	3	3	6	2723	2785	167	24	0.000000	νωνλορθριονός
5	1	80	3	3	7	2905	2785	152	23	42.248569	σπροθλήµοτο.
5	1	80	3	3	8	3070	2784	44	19	49.152679	Κωι
5	1	80	3	3	9	3138	2787	29	15	95.661346	τα
4	1	80	3	4	0	2456	2820	711	26	-1	
5	1	80	3	4	1	2456	2823	145	23	74.524506	προθλήµαπο
5	1	80	3	4	2	2618	2823	57	19	87.921913	αυτό
5	1	80	3	4	3	2688	2823	59	20	33.134033	ἠταν'
5	1	80	3	4	4	2760	2822	113	22	48.491661	συνέπειες
5	1	80	3	4	5	2885	2826	40	14	92.742058	του
5	1	80	3	4	6	2942	2820	155	23	4.255875	ναπνίσµατος
5	1	80	3	4	7	3127	2824	40	14	20.804588	του
4	1	80	3	5	0	2456	2855	687	27	-1	
5	1	80	3	5	1	2456	2859	93	21	53.153187	διαθήτη
5	1	80	3	5	2	2565	2864	38	13	76.316132	καν
5	1	80	3	5	3	2613	2863	39	18	96.577026	της
5	1	80	3	5	4	2667	2858	84	24	93.065392	υψηλής
5	1	80	3	5	5	2765	2857	160	23	89.328468	χοληστερίνης
5	1	80	3	5	6	2942	2860	53	15	85.666809	στον
5	1	80	3	5	7	3012	2855	131	24	39.312702	ὀργανισµό.
3	1	80	4	0	0	2456	2891	711	175	-1	
4	1	80	4	1	0	2481	2891	686	27	-1	
5	1	80	4	1	1	2481	2895	39	18	35.227844	«Φιν
5	1	80	4	1	2	2532	2899	58	19	95.946014	τρεις
5	1	80	4	1	3	2602	2894	63	19	44.759857	αυτοί
5	1	80	4	1	4	2680	2894	139	23	58.937836	παράγοντες
5	1	80	4	1	5	2848	2893	159	23	54.894733	εμφανίζονται
5	1	80	4	1	6	3042	2891	125	23	28.579948	συχνέπερου
4	1	80	4	2	0	2456	2927	709	27	-1	
5	1	80	4	2	1	2456	2935	61	19	46.468689	ατους
5	1	80	4	2	2	2532	2931	36	18	89.083405	440
5	1	80	4	2	3	2584	2930	117	23	51.867668	ανίκανους
5	1	80	4	2	4	2718	2930	79	22	96.528625	άντρες
5	1	80	4	2	5	2816	2934	41	14	95.518692	που
5	1	80	4	2	6	2875	2928	148	24	41.184925	εξετάζουμε»,
5	1	80	4	2	7	3055	2927	110	19	41.298965	«αποκαιλύ-
4	1	80	4	3	0	2456	2963	710	29	-1	
5	1	80	4	3	1	2456	2973	68	16	93.208000	πτουν
5	1	80	4	3	2	2535	2974	20	14	96.354408	οι
5	1	80	4	3	3	2568	2968	85	24	94.028107	γιατροί
5	1	80	4	3	4	2664	2972	55	18	93.295547	στην
5	1	80	4	3	5	2734	2967	83	24	75.062698	ἐρευνά
5	1	80	4	3	6	2830	2972	55	18	96.279915	τους,
5	1	80	4	3	7	2901	2971	41	15	96.835663	που
5	1	80	4	3	8	2954	2965	131	24	22.541878	δημοσίευσε
5	1	80	4	3	9	3096	2968	26	16	80.007492	το
5	1	80	4	3	10	3130	2963	36	25	46.521782	ἔγ-
4	1	80	4	4	0	2456	3002	710	28	-1	
5	1	80	4	4	1	2456	3010	54	20	59.864586	πυρο
5	1	80	4	4	2	2526	3005	120	25	5.699883	θρετανιιό
5	1	80	4	4	3	2662	3004	156	24	60.689537	επιστημονικό
5	1	80	4	4	4	2834	3003	113	24	0.000000	περιδδιφιό
5	1	80	4	4	5	2968	3003	117	19	33.975975	«Ἀάνσετ.
5	1	80	4	4	6	3120	3002	46	18	67.233688	«Το
4	1	80	4	5	0	2456	3039	711	27	-1	
5	1	80	4	5	1	2456	3043	65	23	0.000000	640)ο
5	1	80	4	5	2	2536	3043	59	21	92.573647	ήταν
5	1	80	4	5	3	2605	3043	122	22	88.562729	καπνιστές,
5	1	80	4	5	4	2741	3046	26	15	90.913078	το
5	1	80	4	5	5	2778	3042	66	22	49.459923	349)9
5	1	80	4	5	6	2859	3041	51	23	93.041252	είχε
5	1	80	4	5	7	2924	3040	73	23	10.599899	υψηλό
5	1	80	4	5	8	3009	3039	78	21	64.044762	δείκτη
5	1	80	4	5	9	3099	3039	68	23	90.340546	χολη-
2	1	81	0	0	0	2430	3075	578	31	-1	
3	1	81	1	0	0	2430	3075	578	31	-1	
4	1	81	1	1	0	2430	3075	578	31	-1	
5	1	81	1	1	1	2430	3079	126	27	0.000000	 στερίνης
5	1	81	1	1	2	2570	3084	39	13	52.933723	πρα
5	1	81	1	1	3	2620	3083	27	14	81.075226	το
5	1	81	1	1	4	2659	3079	65	22	7.786011	ὅθο)ο
5	1	81	1	1	5	2737	3078	83	22	19.343376	έπασχε
5	1	81	1	1	6	2837	3077	44	19	88.485306	από
5	1	81	1	1	7	2896	3075	112	22	26.061668	διαθήτη».
2	1	82	0	0	0	2465	3117	643	7	-1	
3	1	82	1	0	0	2465	3117	643	7	-1	
4	1	82	1	1	0	2465	3117	643	7	-1	
5	1	82	1	1	1	2465	3117	643	7	95.000000	 
2	1	83	0	0	0	2874	3147	285	317	-1	
3	1	83	1	0	0	2874	3147	285	317	-1	
4	1	83	1	1	0	2944	3147	174	23	-1	
5	1	83	1	1	1	2944	3147	174	23	85.726738	ΜΕΤΑΦΟΡΕΣ
4	1	83	1	2	0	2920	3194	223	25	-1	
5	1	83	1	2	1	2920	3194	223	25	88.052765	ΜΕΤΑΚΟΜΙΣΕΙΣ
4	1	83	1	3	0	2902	3242	253	24	-1	
5	1	83	1	3	1	2902	3243	69	23	94.419518	ΠΑΝ.
5	1	83	1	3	2	2985	3243	47	23	57.297020	Πλ.
5	1	83	1	3	3	3049	3242	106	23	91.575363	ΒΥΝΙΟΣ
4	1	83	1	4	0	2874	3291	285	29	-1	
5	1	83	1	4	1	2874	3318	2	2	0.000000	:.
5	1	83	1	4	2	2898	3291	55	29	66.573227	Τηλ.
5	1	83	1	4	3	2960	3292	75	22	87.031281	61484
5	1	83	1	4	4	3045	3291	114	28	90.553398	Γεωργίτοι
4	1	83	1	5	0	2921	3338	218	29	-1	
5	1	83	1	5	1	2921	3338	95	29	85.010674	Διανομή
5	1	83	1	5	2	3026	3339	48	21	30.414711	κωτ
5	1	83	1	5	3	3081	3339	58	21	56.806141	οἶκον
4	1	83	1	6	0	2919	3385	221	30	-1	
5	1	83	1	6	1	2919	3386	115	29	0.000000	Τεωργέτσ,
5	1	83	1	6	2	3042	3398	8	4	91.533081	-
5	1	83	1	6	3	3060	3385	80	29	0.000000	Αθήνα
4	1	83	1	7	0	2918	3433	220	31	-1	
5	1	83	1	7	1	2918	3433	80	31	0.000000	Αθήνα
5	1	83	1	7	2	3008	3447	7	3	85.821121	-
5	1	83	1	7	3	3025	3434	113	30	0.000000	Γεωργίτσι
2	1	84	0	0	0	2456	3147	446	305	-1	
3	1	84	1	0	0	2456	3147	446	305	-1	
4	1	84	1	1	0	2456	3147	446	187	-1	
5	1	84	1	1	1	2456	3147	446	187	95.000000	    
4	1	84	1	2	0	2456	3334	446	118	-1	
5	1	84	1	2	1	2456	3334	446	118	95.000000	 
