level	page_num	block_num	par_num	line_num	word_num	left	top	width	height	conf	text
1	1	0	0	0	0	0	0	3438	3538	-1	
2	1	1	0	0	0	21	0	849	8	-1	
3	1	1	1	0	0	21	0	849	8	-1	
4	1	1	1	1	0	21	0	849	8	-1	
5	1	1	1	1	1	21	0	849	8	95.000000	 
2	1	2	0	0	0	542	117	141	23	-1	
3	1	2	1	0	0	542	117	141	23	-1	
4	1	2	1	1	0	542	117	141	23	-1	
5	1	2	1	1	1	542	117	78	21	94.839653	Σελίδα
5	1	2	1	1	2	628	117	16	23	87.915459	4
5	1	2	1	1	3	652	130	31	4	69.986755	---
2	1	3	0	0	0	0	159	218	8	-1	
3	1	3	1	0	0	0	159	218	8	-1	
4	1	3	1	1	0	0	159	218	8	-1	
5	1	3	1	1	1	0	159	218	8	95.000000	 
2	1	4	0	0	0	123	207	509	56	-1	
3	1	4	1	0	0	123	207	509	56	-1	
4	1	4	1	1	0	123	207	509	56	-1	
5	1	4	1	1	1	123	211	55	52	70.412811	ΜΗ
5	1	4	1	1	2	197	207	397	52	46.499401	τεόόαρακοσότή
2	1	5	0	0	0	9	290	712	70	-1	
3	1	5	1	0	0	9	290	712	70	-1	
4	1	5	1	1	0	9	290	709	34	-1	
5	1	5	1	1	1	9	295	35	23	84.567200	θα
5	1	5	1	1	2	55	290	134	34	55.308006	διατρἐξουµε
5	1	5	1	1	3	199	303	27	21	63.972183	τη
5	1	5	1	1	4	235	296	86	28	88.655006	περίοδο
5	1	5	1	1	5	330	303	40	20	92.777969	της
5	1	5	1	1	6	379	295	178	28	18.412636	Τεσσαρωκοστής
5	1	5	1	1	7	567	302	39	22	96.595612	που
5	1	5	1	1	8	619	295	54	22	95.878571	εἶναι
5	1	5	1	1	9	681	295	37	21	47.811466	ένα
4	1	5	1	2	0	9	331	712	29	-1	
5	1	5	1	2	1	9	333	73	21	90.051224	στάδια
5	1	5	1	2	2	92	332	83	28	92.467133	αγώνος
5	1	5	1	2	3	187	339	39	20	43.688255	Ύμα
5	1	5	1	2	4	239	339	27	20	92.059662	τη
5	1	5	1	2	5	277	332	107	28	19.183746	σωµατωή
5	1	5	1	2	6	398	338	40	21	93.671646	µας
5	1	5	1	2	7	453	331	99	29	92.951897	κάθαρση
5	1	5	1	2	8	566	338	36	14	53.974052	και
5	1	5	1	2	9	615	338	25	20	93.222237	τη
5	1	5	1	2	10	658	331	63	29	78.596176	φυχι-
2	1	6	0	0	0	8	367	726	29	-1	
3	1	6	1	0	0	8	367	726	29	-1	
4	1	6	1	1	0	8	367	726	29	-1	
5	1	6	1	1	1	8	369	28	27	42.888229	κ
5	1	6	1	1	2	48	375	41	21	79.045074	µας
5	1	6	1	1	3	104	368	158	28	49.401249	προεποιμασία,
5	1	6	1	1	4	277	368	38	27	86.995583	γιὰ
5	1	6	1	1	5	327	375	26	15	93.019005	να
5	1	6	1	1	6	366	367	102	28	20.882484	γευτοὺμε
5	1	6	1	1	7	483	374	31	18	96.304565	τις
5	1	6	1	1	8	527	367	66	27	78.000900	χαρές
5	1	6	1	1	9	603	373	42	15	90.841125	των
5	1	6	1	1	10	657	373	61	21	35.608315	αγια-
2	1	7	0	0	0	9	403	709	29	-1	
3	1	7	1	0	0	9	403	709	29	-1	
4	1	7	1	1	0	9	403	709	29	-1	
5	1	7	1	1	1	9	405	81	27	30.773148	αμένων
5	1	7	1	1	2	103	404	85	28	86.955505	ημερών
5	1	7	1	1	3	202	411	36	13	95.874962	του
5	1	7	1	1	4	257	403	86	28	93.489273	Πάσχα.
5	1	7	1	1	5	356	403	99	27	0.000000	Ανάγκη,
5	1	7	1	1	6	470	403	81	24	36.579037	λοιπόν,
5	1	7	1	1	7	571	409	26	15	92.674889	να
5	1	7	1	1	8	615	403	103	27	58.072773	σταθούμε
2	1	8	0	0	0	8	437	749	30	-1	
3	1	8	1	0	0	8	437	749	30	-1	
4	1	8	1	1	0	8	437	749	30	-1	
5	1	8	1	1	1	8	447	36	14	67.616875	και
5	1	8	1	1	2	58	447	26	15	79.799988	να
5	1	8	1	1	3	101	440	118	27	57.580471	σκεφτούμε
5	1	8	1	1	4	232	439	59	22	46.059525	πάνω
5	1	8	1	1	5	309	446	39	20	96.043777	στη
5	1	8	1	1	6	366	439	154	26	62.720112	σπουδαιότητα
5	1	8	1	1	7	533	438	29	20	34.424362	χι
5	1	8	1	1	8	574	437	52	27	93.561447	αξία
5	1	8	1	1	9	653	439	78	25	50.098530	αὐτοῦ.
5	1	8	1	1	10	755	458	2	2	55.473495	..
2	1	9	0	0	0	9	473	709	105	-1	
3	1	9	1	0	0	9	473	709	105	-1	
4	1	9	1	1	0	9	473	708	30	-1	
5	1	9	1	1	1	9	483	35	13	96.485657	του
5	1	9	1	1	2	58	475	156	28	92.298317	γυμναστηρίου
5	1	9	1	1	3	226	482	42	14	95.832375	των
5	1	9	1	1	4	283	475	145	27	45.401207	πνευματικών
5	1	9	1	1	5	439	481	40	21	95.973808	µας
5	1	9	1	1	6	494	473	88	28	20.529449	αρετών.
5	1	9	1	1	7	601	473	24	21	92.486603	Ἡ
5	1	9	1	1	8	637	473	80	21	79.950066	Τεσσα-
4	1	9	1	2	0	10	509	708	30	-1	
5	1	9	1	2	1	10	511	100	28	0.000000	ῥααστή,
5	1	9	1	2	2	123	511	27	21	75.643204	ἂν
5	1	9	1	2	3	165	518	27	20	93.077446	τη
5	1	9	1	2	4	202	511	102	27	66.335289	βιώσουµε
5	1	9	1	2	5	318	517	26	21	93.200569	µε
5	1	9	1	2	6	359	510	138	28	36.846489	Ὑρηγοροῦσα,
5	1	9	1	2	7	509	509	132	27	80.304321	χριστιανική
5	1	9	1	2	8	653	509	65	21	43.958534	συνεῖ-
4	1	9	1	3	0	10	545	708	33	-1	
5	1	9	1	3	1	10	547	62	31	55.292976	δηση,
5	1	9	1	3	2	89	547	69	21	0.000000	σπέκει
5	1	9	1	3	3	168	553	42	15	88.685722	σαν
5	1	9	1	3	4	223	547	36	27	75.686661	μιά
5	1	9	1	3	5	269	546	138	30	56.523056	κολυμπήθραι
5	1	9	1	3	6	419	545	159	28	17.170578	οιναβοπούΐσεως
5	1	9	1	3	7	595	551	37	21	93.126053	της
5	1	9	1	3	8	649	545	69	27	72.715317	φυχἠς
2	1	10	0	0	0	9	579	726	30	-1	
3	1	10	1	0	0	9	579	726	30	-1	
4	1	10	1	1	0	9	579	726	30	-1	
5	1	10	1	1	1	9	590	35	13	95.113243	του
5	1	10	1	1	2	57	583	73	20	83.149452	πιστού
5	1	10	1	1	3	147	589	38	13	93.094757	στα
5	1	10	1	1	4	199	582	82	27	44.397575	νάµαπα
5	1	10	1	1	5	295	589	38	20	93.301613	της
5	1	10	1	1	6	348	580	190	29	30.825432	αγιπνευµάτωής
5	1	10	1	1	7	552	580	64	27	89.131454	ζωής,
5	1	10	1	1	8	625	579	63	23	15.292770	Είναι
5	1	10	1	1	9	704	587	14	20	65.211441	η
2	1	11	0	0	0	9	615	709	31	-1	
3	1	11	1	0	0	9	615	709	31	-1	
4	1	11	1	1	0	9	615	709	31	-1	
5	1	11	1	1	1	9	617	165	29	74.633469	Τεσσαρακοστή
5	1	11	1	1	2	189	617	37	22	36.592251	ἕνα
5	1	11	1	1	3	237	617	75	21	79.315910	στάδια
5	1	11	1	1	4	326	617	124	27	85.772430	καθάρσεως
5	1	11	1	1	5	462	623	38	21	93.623001	της
5	1	11	1	1	6	513	615	133	28	73.208916	ανθρώπινης.
5	1	11	1	1	7	662	615	56	28	92.630211	ζωής
2	1	12	0	0	0	9	651	720	30	-1	
3	1	12	1	0	0	9	651	720	30	-1	
4	1	12	1	1	0	9	651	720	30	-1	
5	1	12	1	1	1	9	654	41	24	91.503937	απὀ
5	1	12	1	1	2	63	660	25	14	68.839767	τα
5	1	12	1	1	3	98	653	64	28	87.160889	χοϊκά
5	1	12	1	1	4	176	661	37	20	93.296173	της
5	1	12	1	1	5	224	653	101	28	77.746826	στοιχεύα,
5	1	12	1	1	6	341	653	53	21	37.279888	ὦσπε
5	1	12	1	1	7	407	659	26	15	92.817932	να
5	1	12	1	1	8	441	651	112	29	62.595871	περυσωθεῖ
5	1	12	1	1	9	566	659	16	20	33.973785	η
5	1	12	1	1	10	591	652	138	27	28.189346	πνευμαπικὀ
5	1	12	1	1	11	720	647	13	39	28.189346	.
2	1	13	0	0	0	9	687	710	66	-1	
3	1	13	1	0	0	9	687	710	66	-1	
4	1	13	1	1	0	9	687	709	30	-1	
5	1	13	1	1	1	9	689	53	28	58.293755	τητά
5	1	13	1	1	2	75	696	47	21	94.435081	της.
5	1	13	1	1	3	135	689	46	21	78.668274	Μία
5	1	13	1	1	4	199	689	97	28	0.000000	ευκανρία
5	1	13	1	1	5	309	696	38	20	68.245193	για
5	1	13	1	1	6	361	696	23	14	57.544472	πο
5	1	13	1	1	7	400	689	110	27	66.364189	χριστιανό
5	1	13	1	1	8	527	695	26	14	93.262505	να
5	1	13	1	1	9	565	687	111	27	55.825043	επανεύρει
5	1	13	1	1	10	691	694	27	20	94.890213	τη
4	1	13	1	2	0	9	723	710	30	-1	
5	1	13	1	2	1	9	725	181	28	8.127884	πγευμοπικάτητά
5	1	13	1	2	2	207	731	43	19	93.185516	του,
5	1	13	1	2	3	272	725	136	27	25.412964	εννοούµενης
5	1	13	1	2	4	426	725	41	20	81.734550	υπὀ
5	1	13	1	2	5	483	723	133	28	52.917961	χρισπιανωή
5	1	13	1	2	6	645	723	74	27	36.969955	ἄποφη
2	1	14	0	0	0	9	758	725	30	-1	
3	1	14	1	0	0	9	758	725	30	-1	
4	1	14	1	1	0	9	758	725	30	-1	
5	1	14	1	1	1	9	768	39	20	82.240364	την
5	1	14	1	1	2	65	761	61	22	85.943901	οποία
5	1	14	1	1	3	135	761	67	27	56.586300	ἔχασε
5	1	14	1	1	4	213	761	57	27	80.628082	µέσα
5	1	14	1	1	5	281	767	43	21	93.043762	στη
5	1	14	1	1	6	335	760	67	28	24.300018	τύρβη
5	1	14	1	1	7	417	767	38	21	96.675102	της
5	1	14	1	1	8	469	760	127	26	79.238029	σύγχρονης
5	1	14	1	1	9	616	758	102	21	79.238029	δαιδαλώ-
5	1	14	1	1	10	732	767	2	2	1.974907	:
2	1	15	0	0	0	9	794	714	672	-1	
3	1	15	1	0	0	9	794	710	133	-1	
4	1	15	1	1	0	11	794	707	30	-1	
5	1	15	1	1	1	11	797	47	24	71.759789	δους
5	1	15	1	1	2	73	797	28	22	48.852821	κι
5	1	15	1	1	3	116	797	107	27	52.263546	υλιστικῆς
5	1	15	1	1	4	234	796	64	28	96.036751	ζωής.
5	1	15	1	1	5	315	795	59	22	31.010773	Γιατί
5	1	15	1	1	6	387	803	15	20	76.891991	η
5	1	15	1	1	7	414	795	111	27	25.803696	Ἐνοθηησίαι
5	1	15	1	1	8	537	794	116	28	0.000000	προσφέρει
5	1	15	1	1	9	665	794	53	23	87.765991	θεπι-
4	1	15	1	2	0	9	825	710	46	-1	
5	1	15	1	2	1	9	832	28	20	68.709023	κά
5	1	15	1	2	2	49	833	54	26	87.731071	µέσα
5	1	15	1	2	3	119	833	29	19	62.010406	χι
5	1	15	1	2	4	165	832	129	21	80.837822	υποδεωινύει
5	1	15	1	2	5	307	831	104	28	50.015427	ασφαλείς
5	1	15	1	2	6	423	831	90	27	11.395721	τρόπους
5	1	15	1	2	7	529	836	39	26	4.394112	Ύνα
5	1	15	1	2	8	582	836	26	20	69.871742	τη
5	1	15	1	2	9	632	825	87	46	88.123291	τόνωση
4	1	15	1	3	0	10	865	708	36	-1	
5	1	15	1	3	1	10	873	37	20	95.936584	της
5	1	15	1	3	2	61	867	141	26	32.386208	πνευματικής
5	1	15	1	3	3	215	867	55	25	67.081985	ζωῆς
5	1	15	1	3	4	288	874	37	14	0.000000	-το
5	1	15	1	3	5	339	867	61	19	76.572906	πιστὸ
5	1	15	1	3	6	413	873	36	13	37.192116	και
5	1	15	1	3	7	465	866	37	25	96.229042	την
5	1	15	1	3	8	516	865	95	36	0.000000	εκὀνωσή
5	1	15	1	3	9	628	871	36	13	86.718079	του
5	1	15	1	3	10	691	871	27	14	85.519585	να
4	1	15	1	4	0	10	901	498	26	-1	
5	1	15	1	4	1	10	901	60	26	17.891144	ζήσει
5	1	15	1	4	2	83	908	25	13	96.676430	το
5	1	15	1	4	3	122	901	79	26	88.876762	Πάσχα
5	1	15	1	4	4	219	901	87	26	69.747513	Ἰνήσια,
5	1	15	1	4	5	322	897	186	29	3.583054	αγιοπνευμαπῳάὰ..
3	1	15	2	0	0	10	933	713	281	-1	
4	1	15	2	1	0	39	933	679	29	-1	
5	1	15	2	1	1	39	935	33	21	69.875610	Τα
5	1	15	2	1	2	83	935	55	27	75.558014	µέσα,
5	1	15	2	1	3	150	943	38	13	93.273445	που
5	1	15	2	1	4	203	935	115	27	77.614273	προσφἑρθι
5	1	15	2	1	5	330	935	62	27	90.715416	ἔχουν
5	1	15	2	1	6	406	933	119	29	61.896919	δοκιμαστεί
5	1	15	2	1	7	541	941	39	19	74.608688	στη
5	1	15	2	1	8	592	933	70	27	81.224304	πράξη
5	1	15	2	1	9	677	933	41	21	92.912811	απὀ
4	1	15	2	2	0	10	969	708	29	-1	
5	1	15	2	2	1	10	971	96	27	59.294819	συραπιές
5	1	15	2	2	2	121	969	73	29	95.582809	Αγίων
5	1	15	2	2	3	206	971	29	20	64.583748	πι
5	1	15	2	2	4	252	971	63	27	91.877243	ἔχουν
5	1	15	2	2	5	327	977	25	21	87.336700	τη
5	1	15	2	2	6	368	970	106	28	77.537857	μαρτυρία
5	1	15	2	2	7	487	976	38	21	91.652161	της
5	1	15	2	2	8	536	969	111	27	10.805527	αξιόσητὰς
5	1	15	2	2	9	661	975	57	18	95.815178	τους,
4	1	15	2	3	0	10	1005	709	31	-1	
5	1	15	2	3	1	10	1007	61	24	74.224655	ώστε,
5	1	15	2	3	2	85	1013	13	21	73.672073	η
5	1	15	2	3	3	111	1006	126	28	7.804802	παραδροµή
5	1	15	2	3	4	253	1013	47	17	93.304153	τους
5	1	15	2	3	5	311	1006	41	20	92.938309	απὀ
5	1	15	2	3	6	366	1013	47	17	63.908878	τους
5	1	15	2	3	7	429	1006	130	27	84.851631	σύγχρονους
5	1	15	2	3	8	585	1005	134	31	71.261383	Χριστιανοὺς
4	1	15	2	4	0	11	1039	708	31	-1	
5	1	15	2	4	1	11	1049	26	15	58.386345	ναι
5	1	15	2	4	2	48	1043	101	27	75.475426	μαρτυρεί
5	1	15	2	4	3	167	1042	55	28	25.967606	ρηχή
5	1	15	2	4	4	237	1049	36	14	26.661995	και
5	1	15	2	4	5	287	1042	88	28	24.541374	φεύπωση
5	1	15	2	4	6	390	1041	134	28	35.573166	Χρυστιανωκὴ
5	1	15	2	4	7	539	1041	67	27	91.368362	βιοτή.
5	1	15	2	4	8	617	1039	34	22	96.500175	Τα
5	1	15	2	4	9	665	1041	54	27	88.929977	µέσα
4	1	15	2	5	0	11	1076	708	30	-1	
5	1	15	2	5	1	11	1085	37	21	93.284851	της
5	1	15	2	5	2	63	1078	93	28	49.891708	φυχωκῆς
5	1	15	2	5	3	169	1085	38	14	50.809093	αι
5	1	15	2	5	4	223	1078	141	27	7.728027	πγευματωνής
5	1	15	2	5	5	377	1077	161	27	21.197350	ανογεννήσεως
5	1	15	2	5	6	554	1076	53	22	93.244652	εἶναι
5	1	15	2	5	7	626	1076	93	30	47.891712	γνωστὰ:
4	1	15	2	6	0	10	1110	713	32	-1	
5	1	15	2	6	1	10	1113	214	29	0.000000	Αυποσυγκέννρωση,
5	1	15	2	6	2	237	1113	93	28	77.857040	νηστεία,
5	1	15	2	6	3	346	1113	116	28	0.000000	προσευχή,
5	1	15	2	6	4	476	1106	181	40	59.094727	παρωκολοὐθήση
5	1	15	2	6	5	682	1111	41	29	92.841637	της
4	1	15	2	7	0	11	1143	708	55	-1	
5	1	15	2	7	1	11	1149	144	29	34.452522	µυσπηριακής
5	1	15	2	7	2	171	1149	56	28	93.518242	ζωής
5	1	15	2	7	3	240	1156	38	21	92.884163	της
5	1	15	2	7	4	310	1148	120	36	60.052067	Εκκλησίας
5	1	15	2	7	5	471	1143	163	55	0.000000	(εξομολόγηση,
5	1	15	2	7	6	666	1147	53	23	90.855270	θεία
4	1	15	2	8	0	11	1185	143	29	-1	
5	1	15	2	8	1	11	1185	143	29	52.488640	Μετάληφη).
3	1	15	3	0	0	10	1221	712	245	-1	
4	1	15	3	1	0	39	1221	683	30	-1	
5	1	15	3	1	1	39	1222	34	22	96.625725	Με
5	1	15	3	1	2	86	1229	38	21	92.365044	την
5	1	15	3	1	3	135	1222	200	29	14.469185	αυπασυγκἐντρωση
5	1	15	3	1	4	348	1223	80	27	86.955963	γίνεται
5	1	15	3	1	5	441	1221	37	28	58.795998	μιᾶ
5	1	15	3	1	6	493	1213	132	37	85.538879	προσπάθεια,
5	1	15	3	1	7	636	1229	86	20	31.060410	περίσυ-,
4	1	15	3	2	0	11	1256	708	30	-1	
5	1	15	3	2	1	11	1258	80	26	79.678650	γάξεως
5	1	15	3	2	2	103	1265	37	15	83.357925	του
5	1	15	3	2	3	157	1265	36	15	0.000000	γου
5	1	15	3	2	4	209	1258	43	21	81.060638	απὀ
5	1	15	3	2	5	265	1265	24	15	91.379379	το
5	1	15	3	2	6	303	1257	155	29	51.450394	διασκορπισιὀ
5	1	15	3	2	7	471	1263	36	15	74.406036	που
5	1	15	3	2	8	537	1264	39	13	93.203346	στα
5	1	15	3	2	9	605	1256	114	29	27.570435	εξωτερικά
4	1	15	3	3	0	10	1293	709	30	-1	
5	1	15	3	3	1	10	1295	121	28	32.226273	πράγματα,
5	1	15	3	3	2	143	1299	39	17	89.032127	στα,
5	1	15	3	3	3	195	1294	65	28	29.568413	γηΐνα,
5	1	15	3	3	4	273	1301	37	15	50.806755	και
5	1	15	3	3	5	322	1294	84	28	77.103867	φθαρτᾶ
5	1	15	3	3	6	421	1294	29	20	40.757568	χι’
5	1	15	3	3	7	461	1293	142	27	7.729424	αναφτἑρωσή
5	1	15	3	3	8	616	1299	36	15	93.838722	του
5	1	15	3	3	9	667	1300	52	20	96.751015	προς
4	1	15	3	4	0	11	1325	707	33	-1	
5	1	15	3	4	1	11	1338	25	13	95.835083	τα
5	1	15	3	4	2	49	1331	89	27	38.846188	ουράνια
5	1	15	3	4	3	146	1331	29	20	44.044041	κι
5	1	15	3	4	4	189	1330	139	22	64.701050	αναλλρίωτα..
5	1	15	3	4	5	341	1329	84	23	36.954800	Τἱνεπαί
5	1	15	3	4	6	436	1329	80	29	57.962627	δηλαδἠ
5	1	15	3	4	7	531	1325	39	25	93.273590	ἕνα
5	1	15	3	4	8	581	1328	55	25	92.762039	εἶδος
5	1	15	3	4	9	649	1328	69	28	28.919594	εξισορ
4	1	15	3	5	0	12	1364	706	30	-1	
5	1	15	3	5	1	12	1367	108	27	11.824028	ῥοπῄσεως
5	1	15	3	5	2	137	1373	37	21	93.299461	της
5	1	15	3	5	3	186	1365	126	28	15.358185	εξωτερωκἠς
5	1	15	3	5	4	328	1373	25	20	95.968590	µε
5	1	15	3	5	5	366	1372	39	21	92.375412	την
5	1	15	3	5	6	423	1364	115	28	89.883224	εσωτερικἠ
5	1	15	3	5	7	549	1364	57	28	90.239464	ζωή,
5	1	15	3	5	8	622	1365	50	20	63.258904	ὅπου
5	1	15	3	5	9	704	1371	14	21	63.258904	Ἡ
4	1	15	3	6	0	11	1400	707	32	-1	
5	1	15	3	6	1	11	1396	113	40	82.598373	εξωπερική
5	1	15	3	6	2	137	1402	44	28	26.088783	ζωῇ
5	1	15	3	6	3	198	1402	153	27	83.813797	αναπτύσσεται
5	1	15	3	6	4	369	1401	115	31	5.660553	υπέροχα,
5	1	15	3	6	5	497	1407	25	13	96.638565	σε
5	1	15	3	6	6	536	1400	64	28	96.503220	βάρος
5	1	15	3	6	7	617	1407	39	20	93.294014	της
5	1	15	3	6	8	668	1407	50	13	74.270020	εσω-
4	1	15	3	7	0	10	1433	592	33	-1	
5	1	15	3	7	1	10	1438	92	28	19.450951	τερῳκῆς,
5	1	15	3	7	2	117	1445	24	20	93.300522	µε
5	1	15	3	7	3	153	1437	93	28	89.497780	ολέθριες
5	1	15	3	7	4	261	1437	122	24	84.806435	επιπτώσεις
5	1	15	3	7	5	395	1443	38	21	0.000000	Ύκα.
5	1	15	3	7	6	447	1443	37	14	93.184616	τον
5	1	15	3	7	7	495	1433	107	30	92.479546	ἄνθρωπο.
2	1	16	0	0	0	10	1487	710	174	-1	
3	1	16	1	0	0	10	1487	710	174	-1	
4	1	16	1	1	0	40	1487	678	30	-1	
5	1	16	1	1	1	40	1489	20	21	91.258240	Ἡ
5	1	16	1	1	2	74	1490	86	27	88.757416	νηστεία
5	1	16	1	1	3	170	1490	44	27	95.952255	ἔχει
5	1	16	1	1	4	229	1497	27	13	90.372185	σα
5	1	16	1	1	5	265	1490	67	21	66.532867	σκαπὀ
5	1	16	1	1	6	342	1497	40	20	91.775131	την
5	1	16	1	1	7	394	1487	138	28	54.615234	χαθυπόταξη
5	1	16	1	1	8	542	1495	36	21	96.020798	της
5	1	16	1	1	9	593	1488	79	28	11.866562	σάρκας
5	1	16	1	1	10	683	1495	35	13	96.950897	στο
4	1	16	1	2	0	11	1522	709	45	-1	
5	1	16	1	2	1	11	1522	88	36	34.530899	πγεύμα,.
5	1	16	1	2	2	117	1525	49	42	28.454849	Ὄχι
5	1	16	1	2	3	179	1533	38	20	75.659836	για.
5	1	16	1	2	4	231	1533	26	14	67.514877	να
5	1	16	1	2	5	271	1525	115	23	13.425232	καπαποθεί
5	1	16	1	2	6	398	1525	37	21	90.123657	απ᾿
5	1	16	1	2	7	447	1524	54	21	88.065010	αὐτὸ
5	1	16	1	2	8	528	1531	16	19	75.410751	Ἡ
5	1	16	1	2	9	559	1523	79	28	73.202042	σάρκα,
5	1	16	1	2	10	663	1523	57	21	78.877045	αλλὰ
4	1	16	1	3	0	10	1559	708	30	-1	
5	1	16	1	3	1	10	1562	38	27	63.701401	γιὰ
5	1	16	1	3	2	65	1569	26	14	92.014099	να
5	1	16	1	3	3	105	1561	63	28	0.906265	πᾶρει
5	1	16	1	3	4	182	1569	26	20	95.184418	τη
5	1	16	1	3	5	227	1561	69	28	91.324455	σωστή
5	1	16	1	3	6	311	1568	38	21	30.788185	πης
5	1	16	1	3	7	365	1560	111	29	45.409893	ιεραρχική
5	1	16	1	3	8	495	1559	85	28	65.519958	ὄνπαξη:
5	1	16	1	3	9	596	1559	122	28	24.255592	ΗἩγεμονικὴ
4	1	16	1	4	0	12	1595	707	30	-1	
5	1	16	1	4	1	12	1597	52	28	88.686394	θέση
5	1	16	1	4	2	79	1604	23	14	96.875282	το
5	1	16	1	4	3	113	1598	88	27	77.621872	πνεύμα,
5	1	16	1	4	4	217	1597	114	28	75.184883	υπηρεπωκ
5	1	16	1	4	5	345	1604	15	20	94.959976	η
5	1	16	1	4	6	377	1597	77	27	84.287796	σάρκα.
5	1	16	1	4	7	469	1595	35	21	91.465714	Να
5	1	16	1	4	8	516	1595	54	27	49.427319	γΐνει
5	1	16	1	4	9	589	1595	81	28	85.316750	δηλαδή
5	1	16	1	4	10	682	1595	37	27	78.410179	μιά
4	1	16	1	5	0	10	1631	710	30	-1	
5	1	16	1	5	1	10	1634	129	27	55.816216	αὐπυστροφή
5	1	16	1	5	2	147	1636	45	25	0.000000	της
5	1	16	1	5	3	205	1633	151	25	28.103836	καταστάσεως
5	1	16	1	5	4	368	1640	39	14	96.056717	που
5	1	16	1	5	5	423	1632	91	28	90.001778	υπάρχει
5	1	16	1	5	6	525	1631	92	27	31.543686	σημερα,
5	1	16	1	5	7	630	1631	52	21	80.092728	ὅπου
5	1	16	1	5	8	705	1637	15	21	88.366859	Ἡ
2	1	17	0	0	0	11	1666	721	30	-1	
3	1	17	1	0	0	11	1666	721	30	-1	
4	1	17	1	1	0	11	1666	721	30	-1	
5	1	17	1	1	1	11	1669	77	27	40.432209	σάρκα,
5	1	17	1	1	2	102	1676	24	14	96.510780	το
5	1	17	1	1	3	141	1669	59	27	75.080688	σώμα
5	1	17	1	1	4	212	1669	44	27	86.120583	έχει
5	1	17	1	1	5	273	1669	117	27	38.206921	θεοποµηθεἰ
5	1	17	1	1	6	407	1675	39	13	59.342316	καν
5	1	17	1	1	7	457	1667	123	27	55.523144	λατρεύεπαι
5	1	17	1	1	8	593	1673	26	21	93.202263	µε
5	1	17	1	1	9	637	1666	95	21	16.802322	ειδωλο-
2	1	18	0	0	0	9	1701	711	181	-1	
3	1	18	1	0	0	9	1701	711	99	-1	
4	1	18	1	1	0	10	1701	710	31	-1	
5	1	18	1	1	1	10	1705	86	27	40.056919	λαισρωιό
5	1	18	1	1	2	108	1705	74	24	68.501526	πάθος.
5	1	18	1	1	3	197	1703	28	22	96.741692	Τι
5	1	18	1	1	4	241	1705	28	20	83.567650	θα
5	1	18	1	1	5	281	1705	85	26	92.151436	πετύχει
5	1	18	1	1	6	378	1711	13	14	90.208817	ο
5	1	18	1	1	7	406	1704	112	27	92.016617	ἄνθρωπος
5	1	18	1	1	8	532	1703	21	27	62.809246	μ᾽
5	1	18	1	1	9	565	1703	59	24	39.389305	αυτό,
5	1	18	1	1	10	639	1701	81	22	91.813858	Απλοῦ-
4	1	18	1	2	0	12	1733	708	53	-1	
5	1	18	1	2	1	12	1746	72	17	37.914089	ατατα,
5	1	18	1	2	2	99	1740	27	19	94.762100	θα
5	1	18	1	2	3	136	1734	124	52	66.644066	πλησιάσει,
5	1	18	1	2	4	267	1746	23	13	96.602692	το
5	1	18	1	2	5	301	1738	51	24	86.056763	Θεό,
5	1	18	1	2	6	369	1739	71	26	0.000000	επειδή
5	1	18	1	2	7	456	1738	56	20	76.969368	κατά,
5	1	18	1	2	8	524	1733	88	50	84.012939	Χριστό,
5	1	18	1	2	9	627	1744	23	13	93.264008	«ο
5	1	18	1	2	10	667	1736	53	25	62.270844	Θεὸς
4	1	18	1	3	0	9	1781	457	19	-1	
5	1	18	1	3	1	9	1775	82	25	84.204063	πνεύμα
5	1	18	1	3	2	106	1774	64	20	16.557396	εστἰ».
5	1	18	1	3	3	464	1787	2	2	0.000000	ἳ
3	1	18	2	0	0	13	1789	707	93	-1	
4	1	18	2	1	0	40	1789	680	57	-1	
5	1	18	2	1	1	40	1818	74	25	55.287933	Ἓδλος,
5	1	18	2	1	2	129	1825	15	21	79.222374	η
5	1	18	2	1	3	159	1818	108	28	94.801102	προσευχή
5	1	18	2	1	4	280	1818	28	20	68.396820	κι
5	1	18	2	1	5	325	1824	17	21	70.614777	η
5	1	18	2	1	6	360	1817	132	33	0.000000	μυστηρώωνή
5	1	18	2	1	7	495	1789	61	55	0.000000	χωὴ
5	1	18	2	1	8	569	1817	94	27	78.068077	στοχεύει
5	1	18	2	1	9	683	1824	37	20	95.654915	την
4	1	18	2	2	0	13	1853	707	29	-1	
5	1	18	2	2	1	13	1854	79	28	31.978004	φυχική
5	1	18	2	2	2	104	1854	134	27	89.016647	αναγέννηση
5	1	18	2	2	3	253	1860	36	15	70.023201	σου
5	1	18	2	2	4	305	1850	82	27	78.704887	πιστού,
5	1	18	2	2	5	399	1860	28	20	84.797012	τη
5	1	18	2	2	6	440	1853	69	27	85.943321	θἐωσή
5	1	18	2	2	7	525	1859	37	13	96.453339	του
5	1	18	2	2	8	577	1859	37	14	38.762939	και
5	1	18	2	2	9	625	1859	38	21	90.400177	την
5	1	18	2	2	10	677	1852	43	21	81.771881	υκά-
2	1	19	0	0	0	12	1887	716	31	-1	
3	1	19	1	0	0	12	1887	716	31	-1	
4	1	19	1	1	0	12	1887	716	31	-1	
5	1	19	1	1	1	12	1890	56	27	89.947037	γωσή
5	1	19	1	1	2	81	1896	37	15	32.888977	ου
5	1	19	1	1	3	133	1896	27	15	1.836327	:γα
5	1	19	1	1	4	172	1889	71	29	61.777218	νιώσεν
5	1	19	1	1	5	254	1896	24	13	96.069397	το
5	1	19	1	1	6	293	1895	45	21	96.849922	φως
5	1	19	1	1	7	352	1895	38	20	93.255806	της
5	1	19	1	1	8	402	1887	149	25	30.734619	Ανασνάσεως,
5	1	19	1	1	9	564	1888	36	27	96.751648	ὄχι
5	1	19	1	1	10	615	1889	52	27	78.165855	μόνο
5	1	19	1	1	11	681	1889	47	19	46.653908	υπὸ΄
2	1	20	0	0	0	12	1922	708	143	-1	
3	1	20	1	0	0	12	1922	707	30	-1	
4	1	20	1	1	0	12	1922	707	30	-1	
5	1	20	1	1	1	12	1925	114	27	39.309963	εξωπεριχἠ
5	1	20	1	1	2	139	1925	77	24	76.594147	ἔννοια,
5	1	20	1	1	3	233	1925	54	20	91.478371	αλλά
5	1	20	1	1	4	303	1931	36	14	25.034767	Ἆαι
5	1	20	1	1	5	352	1931	38	20	89.594727	µες
5	1	20	1	1	6	401	1925	29	19	53.722195	τα.
5	1	20	1	1	7	439	1922	87	29	0.000000	ἔγοαπα
5	1	20	1	1	8	542	1929	36	21	92.058197	της
5	1	20	1	1	9	591	1924	70	27	38.119331	ψυχἠς
5	1	20	1	1	10	675	1930	44	18	95.784821	του,
3	1	20	2	0	0	12	1959	708	28	-1	
4	1	20	2	1	0	12	1959	708	28	-1	
5	1	20	2	1	1	12	1961	54	24	91.953743	ὅπως
5	1	20	2	1	2	79	1968	24	14	77.003922	το
5	1	20	2	1	3	117	1961	89	21	18.447044	ένιωθαν
5	1	20	2	1	4	215	1967	23	14	87.604004	χι
5	1	20	2	1	5	252	1967	19	13	96.902832	οι
5	1	20	2	1	6	287	1960	120	27	66.755081	παλιότερο,
5	1	20	2	1	7	418	1959	100	28	84.859940	πρὀγονοί
5	1	20	2	1	8	531	1965	49	21	80.606041	µας,
5	1	20	2	1	9	596	1966	40	14	93.134781	που
5	1	20	2	1	10	651	1959	69	27	50.800911	δικτη-
3	1	20	3	0	0	12	1994	634	71	-1	
4	1	20	3	1	0	12	1994	634	30	-1	
5	1	20	3	1	1	12	1997	78	27	83.818909	ρούσαν
5	1	20	3	1	2	101	2003	25	21	85.177032	τη
5	1	20	3	1	3	142	1997	71	27	33.161201	πίστη,
5	1	20	3	1	4	228	1996	63	24	62.883888	αὐπὲς
5	1	20	3	1	5	307	2002	30	18	96.770432	τις
5	1	20	3	1	6	349	1995	86	28	33.846733	ημέρες,
5	1	20	3	1	7	448	1994	106	28	0.000000	αναμμένο
5	1	20	3	1	8	570	1995	76	27	7.299301	πυρσὀ.
4	1	20	3	2	0	106	2035	497	30	-1	
5	1	20	3	2	1	106	2037	142	23	0.000000	 ΚΩΣΤΑΣ
5	1	20	3	2	2	265	2035	338	30	29.782852	ΠΑΠΑΘΠΟΦΙΛΟΠΟΥΛΟΣ
2	1	21	0	0	0	14	2090	708	7	-1	
3	1	21	1	0	0	14	2090	708	7	-1	
4	1	21	1	1	0	14	2090	708	7	-1	
5	1	21	1	1	1	14	2090	708	7	95.000000	 
2	1	22	0	0	0	31	2108	629	74	-1	
3	1	22	1	0	0	31	2108	629	74	-1	
4	1	22	1	1	0	31	2108	629	74	-1	
5	1	22	1	1	1	31	2143	5	4	0.000000	:
5	1	22	1	1	2	79	2110	236	71	90.793983	Ειδήσεις
5	1	22	1	1	3	333	2137	24	12	73.126785	-
5	1	22	1	1	4	378	2108	282	74	95.452347	Γεγονότα
2	1	23	0	0	0	0	2180	722	761	-1	
3	1	23	1	0	0	6	2180	716	230	-1	
4	1	23	1	1	0	6	2180	714	57	-1	
5	1	23	1	1	1	6	2200	28	37	51.172863	--
5	1	23	1	1	2	48	2180	22	46	96.990944	ο
5	1	23	1	1	3	86	2212	24	13	17.618164	..
5	1	23	1	1	4	125	2204	136	28	77.128197	Βαγγέλης
5	1	23	1	1	5	274	2203	47	28	87.003487	Χο.
5	1	23	1	1	6	334	2200	192	31	45.426270	Καλαθουτινός
5	1	23	1	1	7	537	2210	47	14	74.683891	σου
5	1	23	1	1	8	600	2202	120	29	74.131485	τελείωσε
4	1	23	1	2	0	11	2238	709	30	-1	
5	1	23	1	2	1	11	2248	30	20	93.235687	τη
5	1	23	1	2	2	55	2239	169	28	0.000000	οπρατιωτωῇ
5	1	23	1	2	3	236	2247	46	14	96.817261	του
5	1	23	1	2	4	299	2239	95	28	96.586334	θητεία,
5	1	23	1	2	5	413	2239	125	28	95.383781	επανήλθε
5	1	23	1	2	6	549	2244	64	22	91.093536	στην
5	1	23	1	2	7	639	2238	81	28	12.380081	Εμστο-
4	1	23	1	3	0	12	2273	710	30	-1	
5	1	23	1	3	1	12	2276	58	27	5.854248	οὐέή
5	1	23	1	3	2	88	2275	118	28	72.790390	Τράπεξα
5	1	23	1	3	3	223	2275	115	28	96.007828	Ελλάδος
5	1	23	1	3	4	353	2275	62	22	94.876183	όπου
5	1	23	1	3	5	433	2275	64	21	89.610527	είναι
5	1	23	1	3	6	523	2273	199	29	0.000000	τοποθετημένος
4	1	23	1	4	0	12	2306	709	33	-1	
5	1	23	1	4	1	12	2319	43	14	33.890778	παν
5	1	23	1	4	2	73	2311	105	21	80.799530	ανέλαθε
5	1	23	1	4	3	195	2311	145	28	17.018776	προσωρινά
5	1	23	1	4	4	354	2306	124	32	95.569427	υπηρεσία
5	1	23	1	4	5	493	2318	43	14	93.244858	στο
5	1	23	1	4	6	549	2310	172	28	26.082336	υσεὀναπιάση-
4	1	23	1	5	0	10	2345	711	29	-1	
5	1	23	1	5	1	10	2355	34	19	78.172516	µα
5	1	23	1	5	2	54	2347	111	27	95.075249	Σκάλας.
5	1	23	1	5	3	184	2347	50	21	93.299820	Του
5	1	23	1	5	4	250	2347	132	27	80.234787	ευχόµεθα,
5	1	23	1	5	5	401	2347	91	27	56.512352	«καλός
5	1	23	1	5	6	503	2345	118	27	91.790710	πολίτης»
5	1	23	1	5	7	634	2353	46	14	0.000000	σέαι
5	1	23	1	5	8	689	2353	32	14	5.161880	ει
4	1	23	1	6	0	10	2380	656	30	-1	
5	1	23	1	6	1	10	2383	123	27	41.287762	σλήρωιση
5	1	23	1	6	2	144	2380	96	30	31.675705	σταητός
5	1	23	1	6	3	256	2382	94	27	56.794678	ωραίου
5	1	23	1	6	4	367	2390	43	13	94.785103	και
5	1	23	1	6	5	423	2381	122	28	85.598602	ευγενούς
5	1	23	1	6	6	556	2381	110	21	28.085449	«συιοσού.
3	1	23	2	0	0	0	2416	722	452	-1	
4	1	23	2	1	0	11	2416	710	29	-1	
5	1	23	2	1	1	11	2428	23	3	86.159714	-
5	1	23	2	1	2	53	2418	90	27	44.474545	Όπως
5	1	23	2	1	3	154	2425	56	20	77.457726	µας
5	1	23	2	1	4	217	2418	179	27	38.243793	πληροφόρησε
5	1	23	2	1	5	407	2425	13	13	93.278404	ο
5	1	23	2	1	6	434	2416	159	28	8.612892	γραωµαπτέας
5	1	23	2	1	7	604	2424	46	14	96.465141	του
5	1	23	2	1	8	659	2416	62	26	72.572319	Έξω
4	1	23	2	2	0	11	2452	710	28	-1	
5	1	23	2	2	1	11	2453	129	27	7.780502	θαϊστιωκού
5	1	23	2	2	2	155	2453	129	27	90.576317	Συλλόγου
5	1	23	2	2	3	300	2461	24	13	0.000000	.
5	1	23	2	2	4	338	2453	137	27	71.033020	Πανπελής
5	1	23	2	2	5	485	2452	105	27	43.795052	Κοψιάς
5	1	23	2	2	6	602	2459	44	14	90.488976	και
5	1	23	2	2	7	659	2459	62	15	0.000000	ααἰ-
4	1	23	2	3	0	10	2487	710	29	-1	
5	1	23	2	3	1	10	2489	152	27	13.631287	τωτρόεδρος'
5	1	23	2	3	2	176	2497	24	13	89.055801	κ.
5	1	23	2	3	3	219	2488	82	28	81.560249	Γεώρ.
5	1	23	2	3	4	322	2488	35	22	84.644310	Ἡ.
5	1	23	2	3	5	372	2488	103	27	25.859390	Βύνιος,
5	1	23	2	3	6	493	2495	28	14	93.216866	το
5	1	23	2	3	7	534	2487	152	27	51.912273	Ἐενοδοχιεο
5	1	23	2	3	8	699	2495	21	13	90.169449	ε-
4	1	23	2	4	0	11	2523	711	29	-1	
5	1	23	2	4	1	11	2524	163	28	0.000000	νοιρειάστηνιε
5	1	23	2	4	2	184	2532	34	14	67.825226	σε
5	1	23	2	4	3	238	2524	44	27	41.890457	µυά
5	1	23	2	4	4	299	2524	139	28	5.451630	δραστήρια
5	1	23	2	4	5	463	2523	121	27	0.000000	ὀδωωιγόρο
5	1	23	2	4	6	613	2523	109	27	92.361206	Αθηνών
4	1	23	2	5	0	11	2558	708	30	-1	
5	1	23	2	5	1	11	2567	65	21	96.878838	προς
5	1	23	2	5	2	90	2560	118	22	49.885082	60.000
5	1	23	2	5	3	222	2568	29	14	96.761307	το
5	1	23	2	5	4	263	2559	75	29	91.119896	µήνα,
5	1	23	2	5	5	354	2568	41	20	93.239594	για
5	1	23	2	5	6	407	2559	124	28	82.505249	τοσιρώπο
5	1	23	2	5	7	562	2558	68	28	95.590782	έπος,
5	1	23	2	5	8	669	2558	50	22	13.786484	60.
4	1	23	2	6	0	13	2595	708	42	-1	
5	1	23	2	6	1	13	2596	66	41	67.279297	00ο
5	1	23	2	6	2	94	2597	42	27	96.609573	γιά
5	1	23	2	6	3	147	2604	30	14	93.200317	πο
5	1	23	2	6	4	191	2596	105	28	83.629570	δεύπιερο
5	1	23	2	6	5	308	2603	43	15	39.874809	και
5	1	23	2	6	6	363	2595	117	23	39.397274	7Ο.ΟΟΟ
5	1	23	2	6	7	494	2595	44	28	94.845299	γιά
5	1	23	2	6	8	551	2603	28	13	96.841614	το
5	1	23	2	6	9	593	2595	70	27	89.270401	τρίτο
5	1	23	2	6	10	697	2595	24	21	2.173531	κἑ-
4	1	23	2	7	0	11	2639	53	19	-1	
5	1	23	2	7	1	11	2639	53	19	96.566772	τος.
4	1	23	2	8	0	0	2655	721	40	-1	
5	1	23	2	8	1	0	2659	159	31	52.190308	᾿Λευτουργία
5	1	23	2	8	2	165	2673	45	12	94.162735	που
5	1	23	2	8	3	231	2666	76	25	95.658813	φώτα
5	1	23	2	8	4	309	2655	156	40	0.000000	᾿ασοράλιειας
5	1	23	2	8	5	484	2671	55	19	82.683014	στις
5	1	23	2	8	6	552	2665	104	25	92.920456	εξόδους
5	1	23	2	8	7	669	2671	52	14	19.380981	οεέν-
4	1	23	2	9	0	11	2698	709	28	-1	
5	1	23	2	9	1	11	2698	85	26	89.487930	δύνου,
5	1	23	2	9	2	111	2699	206	27	51.050140	πυροσθεσιτήρες
5	1	23	2	9	3	332	2701	44	19	77.133217	και
5	1	23	2	9	4	388	2698	200	28	67.419449	πυροσθεσοτωκές
5	1	23	2	9	5	605	2698	115	28	33.653999	φαωληές.
4	1	23	2	10	0	11	2733	709	29	-1	
5	1	23	2	10	1	11	2733	55	22	92.415886	Από
5	1	23	2	10	2	78	2733	72	28	92.409058	πώρα
5	1	23	2	10	3	161	2737	47	23	87.787796	την
5	1	23	2	10	4	226	2734	129	28	19.636169	θεωρούμε
5	1	23	2	10	5	373	2734	220	27	19.647964	συμσιασριώπιοσα
5	1	23	2	10	6	609	2733	111	28	50.146667	ΓΓεωργι-
4	1	23	2	11	0	11	2769	707	28	-1	
5	1	23	2	11	1	11	2769	89	22	45.907188	τσιάνα
5	1	23	2	11	2	112	2775	45	17	52.521790	και
5	1	23	2	11	3	175	2776	48	20	93.297737	της
5	1	23	2	11	4	239	2769	122	28	82.726006	ευχόµεθα
5	1	23	2	11	5	379	2769	115	28	39.724964	ολόφψυχα
5	1	23	2	11	6	509	2769	67	27	85.330276	καλή
5	1	23	2	11	7	595	2769	123	28	55.209244	επιπυχία.
4	1	23	2	12	0	11	2805	711	27	-1	
5	1	23	2	12	1	11	2805	27	20	72.896378	Ἡ
5	1	23	2	12	2	49	2805	197	27	7.400116	συμωεαράοπιασή
5	1	23	2	12	3	263	2813	51	19	0.000000	µας
5	1	23	2	12	4	323	2805	33	21	88.248718	θα
5	1	23	2	12	5	368	2805	65	23	76.564133	εἶναι
5	1	23	2	12	6	449	2805	120	27	32.531822	αμέριστη
5	1	23	2	12	7	605	2813	42	19	80.978249	για
5	1	23	2	12	8	675	2811	47	21	95.061150	την
4	1	23	2	13	0	10	2839	584	29	-1	
5	1	23	2	13	1	10	2840	113	27	0.000000	σεροθολή
5	1	23	2	13	2	137	2847	47	14	95.857201	του
5	1	23	2	13	3	194	2840	97	28	94.863510	χωριού
5	1	23	2	13	4	305	2846	43	15	60.723911	και
5	1	23	2	13	5	363	2847	45	15	96.442123	του
5	1	23	2	13	6	419	2839	175	28	0.000000	«Ξενοδοχείου.
3	1	23	3	0	0	10	2875	710	66	-1	
4	1	23	3	1	0	11	2875	709	29	-1	
5	1	23	3	1	1	11	2875	64	22	59.772816	--Ἡ
5	1	23	3	1	2	87	2875	99	22	91.272018	εοοδεία
5	1	23	3	1	3	194	2883	54	14	86.135078	των
5	1	23	3	1	4	257	2875	77	22	88.677704	ελιών
5	1	23	3	1	5	350	2875	80	28	93.264252	φέτος
5	1	23	3	1	6	442	2875	64	29	54.345718	ήπαν
5	1	23	3	1	7	520	2875	74	28	38.658165	καλή,
5	1	23	3	1	8	609	2882	29	15	92.603714	το
5	1	23	3	1	9	647	2875	73	28	65.058380	µάδε-
4	1	23	3	2	0	10	2911	708	30	-1	
5	1	23	3	2	1	10	2920	34	20	69.919983	µα
5	1	23	3	2	2	64	2920	30	14	68.379013	αν
5	1	23	3	2	3	117	2913	44	21	68.379013	καυ
5	1	23	3	2	4	176	2907	87	38	91.997246	άρχισε
5	1	23	3	2	5	278	2907	102	38	24.752617	πιρώίμα
5	1	23	3	2	6	399	2911	158	30	28.024879	συνεχίζεπαι
5	1	23	3	2	7	571	2911	90	29	58.475307	ακόµα,
5	1	23	3	2	8	681	2911	37	23	47.000587	Λό-
2	1	24	0	0	0	12	2948	728	30	-1	
3	1	24	1	0	0	12	2948	728	30	-1	
4	1	24	1	1	0	12	2948	728	30	-1	
5	1	24	1	1	1	12	2957	36	20	93.217812	γω
5	1	24	1	1	2	63	2949	122	29	49.104198	έλλεαρης
5	1	24	1	1	3	195	2948	103	30	92.245163	χεριών.
5	1	24	1	1	4	313	2948	44	22	0.000000	ε
5	1	24	1	1	5	375	2949	170	29	74.127388	ευχαρίστηση
5	1	24	1	1	6	573	2948	146	30	66.402000	διαρρύναµε
5	1	24	1	1	7	737	2967	3	3	70.136925	-
2	1	25	0	0	0	9	2986	709	28	-1	
3	1	25	1	0	0	9	2986	709	28	-1	
4	1	25	1	1	0	9	2986	709	28	-1	
5	1	25	1	1	1	9	2986	109	28	95.582161	πολλούς
5	1	25	1	1	2	131	2986	144	28	71.778374	Αθηναίους
5	1	25	1	1	3	287	2989	45	20	76.616348	μαι
5	1	25	1	1	4	341	2986	127	28	66.570480	Αθηναίες
5	1	25	1	1	5	482	2994	50	14	46.790470	που
5	1	25	1	1	6	545	2986	79	28	4.256638	ήροθαν
5	1	25	1	1	7	638	2994	44	14	80.592224	και
5	1	25	1	1	8	697	2995	21	13	90.988205	ε-
2	1	26	0	0	0	9	3021	728	29	-1	
3	1	26	1	0	0	9	3021	728	29	-1	
4	1	26	1	1	0	9	3021	728	29	-1	
5	1	26	1	1	1	9	3023	140	27	46.834126	σιδόθη»εαν
5	1	26	1	1	2	161	3023	151	27	0.000000	σεροσωσοαά
5	1	26	1	1	3	322	3029	46	21	40.869583	ὁτη
5	1	26	1	1	4	381	3023	109	27	90.743866	συλλογή
5	1	26	1	1	5	509	3029	45	15	63.824562	του
5	1	26	1	1	6	582	3021	136	29	45.828354	ελαιο-ράρ-
5	1	26	1	1	7	735	3024	2	2	41.993900	᾿
2	1	27	0	0	0	9	3057	709	101	-1	
3	1	27	1	0	0	9	3057	709	101	-1	
4	1	27	1	1	0	10	3057	708	29	-1	
5	1	27	1	1	1	10	3060	57	20	90.464783	που.
5	1	27	1	1	2	84	3058	159	28	64.311554	Ἐύγετους!
5	1	27	1	1	3	261	3058	39	22	69.822411	Τία
5	1	27	1	1	4	313	3058	97	28	30.154015	µάδεµα
5	1	27	1	1	5	423	3066	53	14	95.849777	των
5	1	27	1	1	6	490	3057	76	23	92.971886	ελιών
5	1	27	1	1	7	585	3057	64	22	54.404610	εἶναι
5	1	27	1	1	8	660	3057	58	22	75.137817	θαυ-
4	1	27	1	2	0	9	3093	708	29	-1	
5	1	27	1	2	1	9	3094	75	28	50.055138	μάσυο
5	1	27	1	2	2	93	3100	64	22	0.000000	σπορ
5	1	27	1	2	3	166	3101	49	14	81.837517	που
5	1	27	1	2	4	228	3094	119	27	27.626427	γυμνάδει
5	1	27	1	2	5	360	3094	46	22	96.479927	όλα
5	1	27	1	2	6	418	3101	32	15	96.000687	τα
5	1	27	1	2	7	459	3094	64	28	93.205093	µέλη
5	1	27	1	2	8	535	3101	45	14	91.895500	του
5	1	27	1	2	9	593	3093	124	28	89.516586	σώμαπος,
4	1	27	1	3	0	11	3129	707	29	-1	
5	1	27	1	3	1	11	3138	73	13	81.678680	και...
5	1	27	1	3	2	99	3137	28	14	96.617157	το
5	1	27	1	3	3	141	3129	89	28	78.678970	προϊόν
5	1	27	1	3	4	242	3129	44	24	95.560379	δεν
5	1	27	1	3	5	301	3129	89	29	18.761787	πρέπει
5	1	27	1	3	6	403	3137	32	15	93.620018	να
5	1	27	1	3	7	449	3129	112	29	0.000000	χάνεται.
5	1	27	1	3	8	581	3129	137	28	45.314857	Υσπενθυμί-
2	1	28	0	0	0	77	2630	679	31	-1	
3	1	28	1	0	0	77	2630	679	31	-1	
4	1	28	1	1	0	77	2630	679	31	-1	
5	1	28	1	1	1	77	2632	97	29	39.444275	''Ηδη,
5	1	28	1	1	2	180	2632	203	32	46.019829	τοποθεπούνται
5	1	28	1	1	3	395	2639	32	15	96.582909	τα
5	1	28	1	1	4	443	2630	155	33	38.492577	απαραύτηπια
5	1	28	1	1	5	612	2630	51	30	28.154129	γιά
5	1	28	1	1	6	679	2637	46	23	82.108109	απ
5	1	28	1	1	7	743	2634	13	18	32.942184	.;
2	1	29	0	0	0	11	3164	735	29	-1	
3	1	29	1	0	0	11	3164	735	29	-1	
4	1	29	1	1	0	11	3164	735	29	-1	
5	1	29	1	1	1	11	3165	84	28	71.639893	ξουµε,
5	1	29	1	1	2	111	3173	50	14	93.270744	που
5	1	29	1	1	3	177	3165	159	28	68.340179	ξεναγιήσίαµε
5	1	29	1	1	4	348	3165	122	28	34.687561	ποόσίερσι
5	1	29	1	1	5	490	3171	45	21	92.616859	στη
5	1	29	1	1	6	555	3164	103	28	56.658611	Σπάρπη
5	1	29	1	1	7	699	3165	19	22	77.026230	ϐ
5	1	29	1	1	8	743	3177	3	2	61.929733	-
2	1	30	0	0	0	9	3200	708	116	-1	
3	1	30	1	0	0	9	3200	708	99	-1	
4	1	30	1	1	0	11	3200	706	29	-1	
5	1	30	1	1	1	11	3201	180	28	22.099709	εθιοαιοπυούΛιες'
5	1	30	1	1	2	209	3201	156	28	0.000000	φοιπήποιες,
5	1	30	1	1	3	383	3208	50	16	22.647049	πιου
5	1	30	1	1	4	451	3201	126	28	0.000000	σσήγιαιναν
5	1	30	1	1	5	590	3200	50	23	94.852135	από
5	1	30	1	1	6	672	3208	45	20	30.956528	την
4	1	30	1	2	0	9	3236	195	24	-1	
5	1	30	1	2	1	9	3236	110	24	37.894127	Ἑλθιεπύα
5	1	30	1	2	2	129	3242	75	18	46.205177	στο...
4	1	30	1	3	0	9	3268	161	48	-1	
5	1	30	1	3	1	9	3268	161	48	0.000000	πορζοριάλια.
2	1	31	0	0	0	224	3233	516	64	-1	
3	1	31	1	0	0	224	3233	516	64	-1	
4	1	31	1	1	0	224	3233	516	64	-1	
5	1	31	1	1	1	224	3233	98	36	27.192032	Ισραήλ
5	1	31	1	1	2	337	3241	39	23	70.533379	γία
5	1	31	1	1	3	391	3242	31	16	60.432709	να
5	1	31	1	1	4	420	3291	2	2	41.202736	'
5	1	31	1	1	5	437	3233	127	64	15.845222	μοδάφουν
5	1	31	1	1	6	579	3236	70	28	77.698303	ελιές
5	1	31	1	1	7	671	3245	47	14	34.453842	«και
2	1	32	0	0	0	9	3282	708	60	-1	
3	1	32	1	0	0	9	3282	708	60	-1	
4	1	32	1	1	0	9	3282	708	60	-1	
5	1	32	1	1	1	9	3318	24	3	50.189098	--
5	1	32	1	1	2	52	3308	21	22	88.536896	Ο
5	1	32	1	1	3	84	3307	139	28	48.899635	Πολιπωαός
5	1	32	1	1	4	236	3282	156	60	25.770935	Μηχανωιός
5	1	32	1	1	5	399	3317	28	13	0.000000	26ν
5	1	32	1	1	6	420	3291	2	2	9.637497	:
5	1	32	1	1	7	452	3287	128	55	95.746269	Βασίλειος
5	1	32	1	1	8	609	3307	108	23	39.802647	Βασιλά-
2	1	33	0	0	0	10	3343	705	66	-1	
3	1	33	1	0	0	10	3343	705	66	-1	
4	1	33	1	1	0	11	3343	704	30	-1	
5	1	33	1	1	1	11	3352	46	19	80.838379	κος
5	1	33	1	1	2	68	3351	50	21	93.291977	µας
5	1	33	1	1	3	129	3343	158	29	14.068184	πΛηιροφορεύ
5	1	33	1	1	4	299	3345	40	21	96.428276	ότι
5	1	33	1	1	5	351	3350	43	19	52.741371	στο
5	1	33	1	1	6	406	3345	82	27	96.554848	χωριό
5	1	33	1	1	7	497	3351	46	15	91.823929	του
5	1	33	1	1	8	555	3343	160	30	43.089733	Τραπεξονκή
4	1	33	1	2	0	10	3379	684	30	-1	
5	1	33	1	2	1	10	3379	213	29	52.990372	ανεζιαλύφθήσαν
5	1	33	1	2	2	234	3380	117	28	96.445091	αξιόλογα
5	1	33	1	2	3	365	3380	181	29	46.984619	αρχαιολογικά
5	1	33	1	2	4	558	3380	136	28	0.000000	ευρήματα.
2	1	34	0	0	0	875	818	12	81	-1	
3	1	34	1	0	0	875	818	12	81	-1	
4	1	34	1	1	0	875	818	12	81	-1	
5	1	34	1	1	1	875	818	12	81	13.296143	.--
2	1	35	0	0	0	884	1823	8	1047	-1	
3	1	35	1	0	0	884	1823	8	1047	-1	
4	1	35	1	1	0	884	1823	8	1047	-1	
5	1	35	1	1	1	884	1823	8	1047	95.000000	 
2	1	36	0	0	0	1044	2	815	7	-1	
3	1	36	1	0	0	1044	2	815	7	-1	
4	1	36	1	1	0	1044	2	815	7	-1	
5	1	36	1	1	1	1044	2	815	7	95.000000	 
2	1	37	0	0	0	997	127	1895	45	-1	
3	1	37	1	0	0	997	127	1895	45	-1	
4	1	37	1	1	0	997	127	1895	45	-1	
5	1	37	1	1	1	997	127	1895	45	95.000000	 
2	1	38	0	0	0	1077	437	362	57	-1	
3	1	38	1	0	0	1077	437	362	54	-1	
4	1	38	1	1	0	1077	437	352	24	-1	
5	1	38	1	1	1	1077	437	110	24	91.327835	ΝΕΑΡΟΙ
5	1	38	1	1	2	1201	442	228	19	67.031189	ΓΕΩΡΓΙΥΣΙΑΝΟΙ
4	1	38	1	2	0	1081	471	358	23	-1	
5	1	38	1	2	1	1081	472	159	19	73.411583	ΑΡΑΠΗΣΤΕ
5	1	38	1	2	2	1251	471	177	23	0.000000	ΦΔΦΡΥΧΑ..,
2	1	39	0	0	0	1592	527	90	5	-1	
3	1	39	1	0	0	1592	527	90	5	-1	
4	1	39	1	1	0	1592	527	90	5	-1	
5	1	39	1	1	1	1592	527	90	5	95.000000	 
2	1	40	0	0	0	989	585	374	4	-1	
3	1	40	1	0	0	989	585	374	4	-1	
4	1	40	1	1	0	989	585	374	4	-1	
5	1	40	1	1	1	989	585	374	4	95.000000	 
2	1	41	0	0	0	1691	527	498	8	-1	
3	1	41	1	0	0	1691	527	498	8	-1	
4	1	41	1	1	0	1691	527	498	8	-1	
5	1	41	1	1	1	1691	527	498	8	95.000000	 
2	1	42	0	0	0	1111	542	1161	49	-1	
3	1	42	1	0	0	1111	542	1161	49	-1	
4	1	42	1	1	0	1111	542	1161	49	-1	
5	1	42	1	1	1	1111	542	105	20	1.107216	ΞΟΡΓΑΝΟ
5	1	42	1	1	2	1239	543	146	24	87.491562	ΣΥΝΔΕΣΕΩΣ
5	1	42	1	1	3	1404	543	49	19	92.006897	ΤΩΝ
5	1	42	1	1	4	1470	544	149	18	72.888351	ΑΠΑΝΤΑΧΟΥ
5	1	42	1	1	5	1642	545	175	19	80.332886	ΓΕΩΡΓΙΤΣΙΑΝΩ
5	1	42	1	1	6	1834	545	23	18	84.176384	δέ
5	1	42	1	1	7	1869	555	8	4	81.911285	-
5	1	42	1	1	8	1892	546	24	18	87.294815	14
5	1	42	1	1	9	1924	542	151	42	55.396809	Φεδρευαρίου
5	1	42	1	1	10	2084	542	56	31	67.533043	1957:
5	1	42	1	1	11	2141	542	131	49	0.000000	Ἰδιρκτήνης
2	1	43	0	0	0	2030	7	1372	5	-1	
3	1	43	1	0	0	2030	7	1372	5	-1	
4	1	43	1	1	0	2030	7	1372	5	-1	
5	1	43	1	1	1	2030	7	1372	5	95.000000	 
2	1	44	0	0	0	1495	416	1046	115	-1	
3	1	44	1	0	0	1495	416	1048	115	-1	
4	1	44	1	1	0	1495	416	1046	115	-1	
5	1	44	1	1	1	1495	439	86	67	95.237358	το
5	1	44	1	1	2	1600	416	357	104	57.999821	ΜΗΑΛΚΟΝ
5	1	44	1	1	3	1957	454	21	66	71.076790	Ι
5	1	44	1	1	4	1992	436	150	81	69.198837	ΤΟΥ.
5	1	44	1	1	5	2154	454	163	62	0.000000	ΤΑ.
5	1	44	1	1	6	2326	425	215	106	29.784004	ΓΗΤΟΥ.
2	1	45	0	0	0	2308	529	713	63	-1	
3	1	45	1	0	0	2308	529	717	63	-1	
4	1	45	1	1	0	2308	529	713	63	-1	
5	1	45	1	1	1	2290	544	72	27	0.000000	ΞΚ.Η,
5	1	45	1	1	2	2376	529	171	63	0.000000	ΓμαμμακακηΣ
5	1	45	1	1	3	2566	536	80	45	14.676331	Σπόρτη
5	1	45	1	1	4	2660	529	56	56	70.155579	14100
5	1	45	1	1	5	2730	529	112	56	68.753662	Λυκούργου
5	1	45	1	1	6	2856	545	19	33	56.995392	27
5	1	45	1	1	7	2888	538	44	35	70.902374	πηλ.
5	1	45	1	1	8	2935	530	86	44	0.000000	γα
5	1	45	1	1	9	3022	548	3	24	0.000000	ἡ
2	1	46	0	0	0	1566	588	326	4	-1	
3	1	46	1	0	0	1566	588	326	4	-1	
4	1	46	1	1	0	1566	588	326	4	-1	
5	1	46	1	1	1	1566	588	326	4	95.000000	 
2	1	47	0	0	0	1033	612	595	119	-1	
3	1	47	1	0	0	1033	612	598	119	-1	
4	1	47	1	1	0	1033	612	595	119	-1	
5	1	47	1	1	1	1033	618	197	110	87.317245	Κίνητρα
5	1	47	1	1	2	1252	616	66	91	61.592415	για
5	1	47	1	1	3	1347	612	60	119	68.504791	το
5	1	47	1	1	4	1353	658	109	43	96.092247	τους
5	1	47	1	1	5	1488	617	140	112	62.177017	νέους
2	1	48	0	0	0	975	719	709	165	-1	
3	1	48	1	0	0	975	719	709	165	-1	
4	1	48	1	1	0	1001	719	682	62	-1	
5	1	48	1	1	1	1001	721	71	57	94.443710	ΑΠΟ
5	1	48	1	1	2	1083	725	43	42	88.037483	το
5	1	48	1	1	3	1140	745	186	23	91.235062	ΔΑΣΑΡΧΕΙΟ
5	1	48	1	1	4	1346	719	60	60	88.567856	Σπά
5	1	48	1	1	5	1350	746	123	30	96.122917	Σπάρτης
5	1	48	1	1	6	1486	747	70	22	95.997253	είναι
5	1	48	1	1	7	1567	723	116	58	72.496918	προετοι-
4	1	48	1	2	0	977	780	707	33	-1	
5	1	48	1	2	1	977	777	120	33	61.651272	µασμένο
5	1	48	1	2	2	1107	786	32	16	90.731438	το
5	1	48	1	2	3	1150	781	154	30	59.815353	Μισορράχι
5	1	48	1	2	4	1316	782	54	21	93.300827	από
5	1	48	1	2	5	1379	782	136	30	92.977127	πρόπερσι,
5	1	48	1	2	6	1528	783	50	27	96.269051	γιά
5	1	48	1	2	7	1592	789	35	16	93.162842	να
5	1	48	1	2	8	1640	787	44	26	87.344475	φυ-
4	1	48	1	3	0	975	815	709	34	-1	
5	1	48	1	3	1	975	815	87	22	92.198074	τευθεί
5	1	48	1	3	2	1080	822	31	24	93.298531	µε
5	1	48	1	3	3	1126	817	118	29	89.357986	φυτάρια
5	1	48	1	3	4	1260	817	161	26	86.382233	Καστανιάς.
5	1	48	1	3	5	1460	817	90	27	71.874725	΄Οπως
5	1	48	1	3	6	1562	825	54	24	86.751183	µας
5	1	48	1	3	7	1644	819	40	21	70.861069	6ε-
4	1	48	1	4	0	976	851	707	33	-1	
5	1	48	1	4	1	962	851	135	33	0.000000	«δαίωσαν
5	1	48	1	4	2	1108	859	28	15	96.219109	οι
5	1	48	1	4	3	1147	853	137	28	19.484772	αρμόδιοι,
5	1	48	1	4	4	1301	853	35	21	57.851059	θα
5	1	48	1	4	5	1347	853	146	34	88.993034	φυτευθούν
5	1	48	1	4	6	1504	859	47	23	96.442650	την
5	1	48	1	4	7	1566	855	117	29	95.320930	προσεχή
2	1	49	0	0	0	973	919	711	177	-1	
3	1	49	1	0	0	973	919	711	177	-1	
4	1	49	1	1	0	974	919	710	35	-1	
5	1	49	1	1	1	974	919	84	30	96.540581	πολης
5	1	49	1	1	2	1075	921	69	21	93.254791	1.000
5	1	49	1	1	3	1159	921	118	29	92.020103	φυτάρια
5	1	49	1	1	4	1295	922	161	26	96.479279	Καστανιάς,
5	1	49	1	1	5	1472	928	75	16	93.289383	και...
5	1	49	1	1	6	1564	923	67	31	79.286789	ἴσως
5	1	49	1	1	7	1650	929	34	15	96.489609	να
4	1	49	1	2	0	975	957	709	31	-1	
5	1	49	1	2	1	975	957	241	29	95.609451	χρησιμοποιηθούν
5	1	49	1	2	2	1230	963	49	15	93.292145	και
5	1	49	1	2	3	1290	957	129	21	90.855980	Κάστανα
5	1	49	1	2	4	1432	963	50	21	95.768539	για
5	1	49	1	2	5	1496	963	35	16	93.206184	να
5	1	49	1	2	6	1542	957	142	31	92.322105	ολοκληρω
4	1	49	1	3	0	975	991	708	33	-1	
5	1	49	1	3	1	975	991	41	21	93.165054	θεί
5	1	49	1	3	2	1027	998	31	15	93.298523	το
5	1	49	1	3	3	1074	991	121	31	19.190308	φύτευμα
5	1	49	1	3	4	1203	999	53	15	96.367233	σαν
5	1	49	1	3	5	1283	991	161	31	54.709824	κίνητρο
5	1	49	1	3	6	1467	993	50	27	79.071213	γιά
5	1	49	1	3	7	1530	999	64	25	93.506691	τους
5	1	49	1	3	8	1606	994	77	26	96.380020	νέους
4	1	49	1	4	0	973	1027	710	31	-1	
5	1	49	1	4	1	973	1027	235	29	92.224854	Γεωργιτσιάνους,
5	1	49	1	4	2	1221	1027	122	27	96.391701	ντόπιους
5	1	49	1	4	3	1358	1035	48	15	93.298935	και
5	1	49	1	4	4	1419	1028	156	30	91.683395	απόδηµους
5	1	49	1	4	5	1590	1034	51	18	93.230865	που
5	1	49	1	4	6	1654	1036	29	16	68.267960	α-
4	1	49	1	5	0	974	1059	709	37	-1	
5	1	49	1	5	1	974	1063	162	33	84.324554	νυπομονούν
5	1	49	1	5	2	1152	1070	35	15	93.160378	να
5	1	49	1	5	3	1203	1059	185	35	93.129364	περιποιηθούν
5	1	49	1	5	4	1402	1070	35	16	93.296440	τα
5	1	49	1	5	5	1454	1059	171	35	75.687737	δενδρύλλια.
5	1	49	1	5	6	1644	1065	39	22	88.161018	Εί-
2	1	50	0	0	0	974	1098	711	32	-1	
3	1	50	1	0	0	974	1098	711	32	-1	
4	1	50	1	1	0	974	1098	711	32	-1	
5	1	50	1	1	1	974	1103	44	17	95.708702	ναι
5	1	50	1	1	2	1030	1105	15	22	93.289368	η
5	1	50	1	1	3	1061	1098	63	31	82.635468	µόνη
5	1	50	1	1	4	1137	1105	56	23	96.162956	µας
5	1	50	1	1	5	1204	1099	96	22	96.427094	ελπίδα
5	1	50	1	1	6	1311	1105	77	25	96.422714	προς
5	1	50	1	1	7	1392	1105	32	17	96.547798	το
5	1	50	1	1	8	1436	1100	93	30	93.431564	παρόν,
5	1	50	1	1	9	1545	1100	91	22	88.998619	ώσπου
5	1	50	1	1	10	1649	1107	36	15	96.671875	να
2	1	51	0	0	0	1693	646	4	13	-1	
3	1	51	1	0	0	1693	646	4	13	-1	
4	1	51	1	1	0	1693	646	4	13	-1	
5	1	51	1	1	1	1693	646	4	13	44.658279	1
2	1	52	0	0	0	947	875	745	44	-1	
3	1	52	1	0	0	947	875	745	44	-1	
4	1	52	1	1	0	947	875	745	44	-1	
5	1	52	1	1	1	947	886	3	2	32.253105	|
5	1	52	1	1	2	957	875	114	44	41.768208	"ἐνοιξῆ
5	1	52	1	1	3	1085	875	52	44	94.620140	από
5	1	52	1	1	4	1149	892	31	16	96.884338	το
5	1	52	1	1	5	1197	886	121	29	94.283264	φυτώριο
5	1	52	1	1	6	1323	889	52	26	94.283264	τῆς
5	1	52	1	1	7	1386	884	124	33	96.204750	Πάτρας
5	1	52	1	1	8	1508	892	46	17	93.045273	και
5	1	52	1	1	9	1568	894	46	22	96.169693	της
5	1	52	1	1	10	1627	889	65	28	41.799553	Τρί:
2	1	53	0	0	0	1693	935	4	103	-1	
3	1	53	1	0	0	1693	935	4	103	-1	
4	1	53	1	1	0	1693	935	4	103	-1	
5	1	53	1	1	1	1693	935	4	103	95.000000	 
2	1	54	0	0	0	1688	1039	9	101	-1	
3	1	54	1	0	0	1688	1039	9	101	-1	
4	1	54	1	1	0	1692	1039	4	41	-1	
5	1	54	1	1	1	1692	1039	4	41	76.312660	|
4	1	54	1	2	0	1688	1083	9	29	-1	
5	1	54	1	2	1	1688	1083	9	29	87.904495	1
4	1	54	1	3	0	1692	1114	5	26	-1	
5	1	54	1	3	1	1692	1114	5	26	86.725357	{
2	1	55	0	0	0	975	1132	720	54	-1	
3	1	55	1	0	0	975	1132	720	54	-1	
4	1	55	1	1	0	975	1132	720	54	-1	
5	1	55	1	1	1	975	1133	113	29	61.595963	όρεθούν
5	1	55	1	1	2	1107	1140	26	16	95.249222	κι
5	1	55	1	1	3	1150	1134	74	22	96.295456	άλλα
5	1	55	1	1	4	1240	1134	111	30	96.422478	κίνητρα
5	1	55	1	1	5	1368	1141	35	15	96.867630	να
5	1	55	1	1	6	1432	1132	154	54	69.115540	κρατήσουν
5	1	55	1	1	7	1605	1142	90	36	50.375443	μερι]
2	1	56	0	0	0	975	1169	320	31	-1	
3	1	56	1	0	0	975	1169	320	31	-1	
4	1	56	1	1	0	975	1169	320	31	-1	
5	1	56	1	1	1	975	1169	63	25	92.015686	κούς
5	1	56	1	1	2	1050	1169	78	31	94.811485	νέους
5	1	56	1	1	3	1141	1175	48	30	96.346840	στο
5	1	56	1	1	4	1203	1170	92	31	96.141914	χωριό.
2	1	57	0	0	0	1019	1196	620	120	-1	
3	1	57	1	0	0	1019	1196	623	120	-1	
4	1	57	1	1	0	1019	1196	620	120	-1	
5	1	57	1	1	1	1019	1240	213	60	0.000000	Ανέληῆαν
5	1	57	1	1	2	1253	1238	226	65	0.000000	κηθήκηντᾶ
5	1	57	1	1	3	1499	1255	48	61	59.252892	Τά
5	1	57	1	1	4	1557	1196	82	117	0.000000	η!
2	1	58	0	0	0	1236	1215	440	8	-1	
3	1	58	1	0	0	1236	1215	440	8	-1	
4	1	58	1	1	0	1236	1215	440	8	-1	
5	1	58	1	1	1	1236	1215	440	8	95.000000	 
2	1	59	0	0	0	978	1325	1429	114	-1	
3	1	59	1	0	0	978	1313	1429	126	-1	
4	1	59	1	1	0	978	1325	1429	114	-1	
5	1	59	1	1	1	978	1328	42	59	92.651062	Κ.
5	1	59	1	1	2	1042	1328	222	70	13.415359	Συμούλιᾶ
5	1	59	1	1	3	1279	1341	66	48	0.000000	ΚΙ
5	1	59	1	1	4	1361	1341	34	47	15.822037	01
5	1	59	1	1	5	1412	1325	271	114	12.588989	Κηνητήμχες
5	1	59	1	1	6	1775	1357	190	60	20.852577	Ανέλιῦε
5	1	59	1	1	7	1984	1367	48	49	56.952942	τα
5	1	59	1	1	8	2051	1357	229	61	13.275253	καδήκουτή
5	1	59	1	1	9	2300	1361	107	75	50.552467	τοι
2	1	60	0	0	0	997	1435	685	31	-1	
3	1	60	1	0	0	997	1435	685	31	-1	
4	1	60	1	1	0	997	1435	685	31	-1	
5	1	60	1	1	1	997	1435	52	27	93.229202	Την
5	1	60	1	1	2	1066	1437	183	27	45.392879	σπιρωποχρονιά,
5	1	60	1	1	3	1267	1443	30	15	96.797050	σε
5	1	60	1	1	4	1312	1437	81	29	33.759369	σεμνή,
5	1	60	1	1	5	1407	1437	94	27	68.655441	πελετή
5	1	60	1	1	6	1511	1444	47	14	68.655441	ιστο
5	1	60	1	1	7	1569	1437	113	23	0.000000	Κοινοτι-
2	1	61	0	0	0	1692	1261	4	83	-1	
3	1	61	1	0	0	1692	1261	4	83	-1	
4	1	61	1	1	0	1692	1261	4	83	-1	
5	1	61	1	1	1	1692	1261	4	83	95.000000	 
2	1	62	0	0	0	974	1469	703	53	-1	
3	1	62	1	0	0	974	1469	721	53	-1	
4	1	62	1	1	0	974	1469	703	53	-1	
5	1	62	1	1	1	974	1471	30	21	94.331848	κό
5	1	62	1	1	2	1020	1471	155	29	0.000000	Κατάστημα
5	1	62	1	1	3	1191	1473	68	27	37.390537	έγινε
5	1	62	1	1	4	1273	1479	17	21	0.000000	Ἡ
5	1	62	1	1	5	1304	1473	173	27	35.489594	εγκατάσταση
5	1	62	1	1	6	1492	1481	46	14	96.716782	του
5	1	62	1	1	7	1566	1469	111	53	0.000000	οκλεγέν
2	1	63	0	0	0	947	1504	2188	124	-1	
3	1	63	1	0	0	947	1504	2188	120	-1	
4	1	63	1	1	0	947	1504	735	32	-1	
5	1	63	1	1	1	947	1504	69	31	7.540848	τος
5	1	63	1	1	2	1030	1508	64	21	78.935555	κατά
5	1	63	1	1	3	1109	1517	39	19	96.733643	τις
5	1	63	1	1	4	1163	1509	108	27	95.446991	εκλογές
5	1	63	1	1	5	1285	1517	49	19	78.945236	της
5	1	63	1	1	6	1350	1509	147	21	80.729080	19-10-86
5	1	63	1	1	7	1507	1509	61	22	0.000000	ψέου
5	1	63	1	1	8	1578	1504	104	29	22.253380	Κουνοπι
4	1	63	1	2	0	973	1541	743	45	-1	
5	1	63	1	2	1	973	1545	49	21	61.922298	πού
5	1	63	1	2	2	1033	1543	157	28	73.332039	Συμβουλίου
5	1	63	1	2	3	1205	1553	45	13	93.270050	του
5	1	63	1	2	4	1262	1541	183	31	43.794765	Γεωργιπσίου,
5	1	63	1	2	5	1456	1545	90	27	86.002922	καθώς
5	1	63	1	2	6	1556	1552	46	15	0.000000	»αι
5	1	63	1	2	7	1616	1545	66	22	96.379616	όλων
5	1	63	1	2	8	1692	1547	8	39	89.963562	[
5	1	63	1	2	9	1713	1552	3	2	0.000000	ι
4	1	63	1	3	0	972	1577	2163	51	-1	
5	1	63	1	3	1	972	1586	52	14	95.847458	των
5	1	63	1	3	2	1041	1579	69	28	96.240479	γύρω
5	1	63	1	3	3	1125	1581	110	27	47.263432	χωριών,
5	1	63	1	3	4	1249	1588	32	20	95.912392	µε
5	1	63	1	3	5	1296	1580	130	28	95.332466	παράδοση
5	1	63	1	3	6	1437	1588	55	14	92.882927	των
5	1	63	1	3	7	1500	1577	175	51	70.833504	απερχοµένων
5	1	63	1	3	8	1691	1591	4	33	50.013542	͵
5	1	63	1	3	9	1717	1590	80	28	85.510124	νήθηκε
5	1	63	1	3	10	1809	1597	38	15	96.391922	στο
5	1	63	1	3	11	1858	1591	67	27	72.677010	χωριό
5	1	63	1	3	12	1938	1590	85	32	50.820675	΄σπρα
5	1	63	1	3	13	2032	1590	41	22	51.889351	Σπί
5	1	63	1	3	14	2089	1591	72	22	74.492432	τέλεσα
5	1	63	1	3	15	2176	1585	137	36	48.088310	γραμματέας
5	1	63	1	3	16	2328	1591	42	28	93.231873	της
5	1	63	1	3	17	2388	1588	57	24	34.879417	Τ.Ό.
5	1	63	1	3	18	2460	1585	67	22	93.305756	ΤΟΝ.
5	1	63	1	3	19	2542	1585	20	22	91.428314	Ἡ
5	1	63	1	3	20	2578	1587	90	24	87.922440	αἴθουσα
5	1	63	1	3	21	2679	1581	120	35	96.030807	ΚΟΣΜΟΣ
5	1	63	1	3	22	2816	1586	54	22	92.744095	εἶναι
5	1	63	1	3	23	2885	1586	98	29	42.432617	δυπλασία
5	1	63	1	3	24	2990	1593	59	20	34.340576	της
5	1	63	1	3	25	3036	1577	16	43	91.037422	-
5	1	63	1	3	26	3048	1579	87	36	46.789631	περυσι
2	1	64	0	0	0	972	1615	709	65	-1	
3	1	64	1	0	0	972	1615	709	65	-1	
4	1	64	1	1	0	972	1615	486	28	-1	
5	1	64	1	1	1	972	1612	44	24	19.694862	ποι
5	1	64	1	1	2	1029	1615	132	28	52.094364	παραλαβή
5	1	64	1	1	3	1181	1617	50	20	93.182625	των
5	1	64	1	1	4	1247	1616	211	27	19.658501	νεοενκλεγέντων.
4	1	64	1	2	0	993	1650	688	30	-1	
5	1	64	1	2	1	993	1650	39	26	69.787292	Έξ
5	1	64	1	2	2	1048	1651	75	21	63.753914	άλλου
5	1	64	1	2	3	1138	1659	46	19	96.347183	την
5	1	64	1	2	4	1196	1651	119	27	90.048569	Κυριακή
5	1	64	1	2	5	1332	1652	19	20	95.684288	4
5	1	64	1	2	6	1365	1651	163	28	52.286598	Ιανουαρίου
5	1	64	1	2	7	1530	1652	67	28	94.843979	έγινε
5	1	64	1	2	8	1610	1661	16	19	89.374413	η
5	1	64	1	2	9	1643	1661	38	13	89.377937	εκ-
2	1	65	0	0	0	973	1719	722	31	-1	
3	1	65	1	0	0	973	1719	722	31	-1	
4	1	65	1	1	0	973	1719	722	31	-1	
5	1	65	1	1	1	973	1729	42	19	95.709656	για
5	1	65	1	1	2	1032	1729	46	19	95.348953	την
5	1	65	1	1	3	1092	1722	108	27	58.415817	επόμενη
5	1	65	1	1	4	1218	1722	81	22	42.878212	διετία
5	1	65	1	1	5	1314	1730	53	14	29.198677	ου.
5	1	65	1	1	6	1381	1722	84	28	14.147118	Νύνκος
5	1	65	1	1	7	1478	1722	31	22	57.303574	ΙΓ.
5	1	65	1	1	8	1526	1719	169	31	70.855469	Πιάνναρης.
2	1	66	0	0	0	898	1756	2115	38	-1	
3	1	66	1	0	0	898	1756	2115	38	-1	
4	1	66	1	1	0	898	1756	2115	38	-1	
5	1	66	1	1	1	894	1752	63	43	0.853500	τοτε»
5	1	66	1	1	2	972	1752	73	43	0.000000	ΠΑΛΗΣ
5	1	66	1	1	3	1058	1752	238	43	3.368057	παῃς..«σελειοαρηκρέας
5	1	66	1	1	4	1309	1752	101	43	0.000000	αείναμ:..
5	1	66	1	1	5	1417	1752	29	43	20.152199	Ομ
5	1	66	1	1	6	1449	1757	230	24	0.000000	οωρες.-Διον......δ.
5	1	66	1	1	7	1690	1772	94	20	0.000000	{:.5ν
5	1	66	1	1	8	1782	1766	168	27	13.594849	Άρθιο-Πάγου
5	1	66	1	1	9	1951	1761	120	42	9.915428	-με--ειδικό-
5	1	66	1	1	10	2085	1761	116	42	0.000000	παξιώθαριε
5	1	66	1	1	11	2214	1761	53	42	41.732437	μέσα
5	1	66	1	1	12	2274	1761	109	42	26.031799	-απιὸ--Όην
5	1	66	1	1	13	2393	1761	49	42	57.055313	πολ.
5	1	66	1	1	14	2449	1761	53	42	7.876358	-Χρά.
5	1	66	1	1	15	2509	1761	52	42	36.113377	όλες.
5	1	66	1	1	16	2564	1761	32	42	0.000000	πις
5	1	66	1	1	17	2585	1765	117	34	27.256409	Ἠλωῤες.
5	1	66	1	1	18	2726	1782	33	4	12.706772	ο...
5	1	66	1	1	19	2827	1780	7	2	0.000000	μ
5	1	66	1	1	20	2986	1780	27	8	42.299614	..
2	1	67	0	0	0	2824	11	441	174	-1	
3	1	67	1	0	0	2824	11	441	134	-1	
4	1	67	1	1	0	2824	11	441	81	-1	
5	1	67	1	1	1	2824	61	46	26	0.000000	Ά.
5	1	67	1	1	2	2852	11	83	74	71.349785	-
5	1	67	1	1	3	2956	39	250	53	0.000000	λριωνοωνολών
4	1	67	1	2	0	2876	86	342	99	-1	
5	1	67	1	2	1	2876	100	213	85	5.127251	....
5	1	67	1	2	2	3110	86	108	64	0.000000	Ε1.,
2	1	68	0	0	0	997	127	2366	343	-1	
3	1	68	1	0	0	997	127	2366	343	-1	
4	1	68	1	1	0	997	127	2366	301	-1	
5	1	68	1	1	1	997	127	2366	301	95.000000	  
4	1	68	1	2	0	2543	428	685	42	-1	
5	1	68	1	2	1	2543	428	685	42	95.000000	    
2	1	69	0	0	0	2642	426	382	94	-1	
3	1	69	1	0	0	2642	426	382	71	-1	
4	1	69	1	1	0	2642	426	382	53	-1	
5	1	69	1	1	1	2642	427	134	52	89.644722	ΠΟΥΘΕΝΑ
5	1	69	1	1	2	2790	426	21	3	80.883751	Α
5	1	69	1	1	3	2793	440	35	27	96.283119	ΔΕ
5	1	69	1	1	4	2839	430	43	38	49.443935	ΦΑ
5	1	69	1	1	5	2894	433	89	43	45.012287	ΒΡΕΙΤΕ
5	1	69	1	1	6	3022	472	2	2	0.000000	'
4	1	69	1	2	0	2681	471	283	49	-1	
5	1	69	1	2	1	2681	471	173	49	26.418846	ΒΡΛΙιΩτερο
5	1	69	1	2	2	2863	474	101	44	43.633923	κωριο
2	1	70	0	0	0	2632	533	94	3	-1	
3	1	70	1	0	0	2632	533	94	3	-1	
4	1	70	1	1	0	2632	533	94	3	-1	
5	1	70	1	1	1	2632	533	94	3	95.000000	 
2	1	71	0	0	0	2445	591	462	4	-1	
3	1	71	1	0	0	2445	591	462	4	-1	
4	1	71	1	1	0	2445	591	462	4	-1	
5	1	71	1	1	1	2445	591	462	4	95.000000	 
2	1	72	0	0	0	1719	583	736	158	-1	
3	1	72	1	0	0	1719	583	736	158	-1	
4	1	72	1	1	0	1719	583	736	158	-1	
5	1	72	1	1	1	1719	610	254	117	0.000000	ἡμερολύγιι
5	1	72	1	1	2	1989	632	115	79	51.119137	τς.
5	1	72	1	1	3	1999	583	106	158	0.000000	πε.
5	1	72	1	1	4	2130	632	106	79	0.000000	Μπ
5	1	72	1	1	5	2288	587	167	150	0.000000	όλεος,
2	1	73	0	0	0	1718	723	724	407	-1	
3	1	73	1	0	0	1720	723	710	160	-1	
4	1	73	1	1	0	1754	723	674	65	-1	
5	1	73	1	1	1	1754	747	125	27	52.289867	΄Ομορφο,
5	1	73	1	1	2	1891	734	116	50	77.954941	ωφέλίωο
5	1	73	1	1	3	2022	723	44	65	92.724197	και
5	1	73	1	1	4	2082	723	71	65	57.923500	γομάϊ
5	1	73	1	1	5	2024	756	43	13	74.474365	2αι
5	1	73	1	1	6	2081	749	91	27	40.803143	γεμµάπο
5	1	73	1	1	7	2182	735	164	47	64.674828	πνευματικά.
5	1	73	1	1	8	2354	742	74	34	35.285637	μηνώ-
4	1	73	1	2	0	1719	780	711	46	-1	
5	1	73	1	2	1	1719	788	65	21	7.944839	ατα
5	1	73	1	2	2	1801	783	64	25	96.695953	είναι
5	1	73	1	2	3	1883	779	29	25	93.287964	το
5	1	73	1	2	4	1927	779	158	32	92.568909	Ἡμερολόγιο
5	1	73	1	2	5	2102	791	47	25	96.322815	της
5	1	73	1	2	6	2162	780	196	46	0.000000	ἠΠητροπόλεώς
5	1	73	1	2	7	2380	793	50	19	79.149094	μας
4	1	73	1	3	0	1722	817	707	31	-1	
5	1	73	1	3	1	1722	818	41	27	96.347031	γιά
5	1	73	1	3	2	1776	827	28	13	91.144325	το
5	1	73	1	3	3	1821	817	91	28	76.687599	19δ7,
5	1	73	1	3	4	1930	827	29	13	96.330887	σε
5	1	73	1	3	5	1971	819	84	28	35.777176	σχήμα
5	1	73	1	3	6	2071	819	103	28	88.005333	τοέπης,
5	1	73	1	3	7	2191	822	50	19	27.594795	ἴου
5	1	73	1	3	8	2255	820	80	28	94.283363	φέτος
5	1	73	1	3	9	2366	820	63	22	84.187897	είναι
4	1	73	1	4	0	1720	854	576	42	-1	
5	1	73	1	4	1	1720	855	161	41	78.343277	αφιερωμένό
5	1	73	1	4	2	1893	860	78	29	93.297340	στους
5	1	73	1	4	3	1985	854	153	32	53.724091	Αποδήμους
5	1	73	1	4	4	2149	855	147	28	1.562256	«Δνέωνες.᾽
3	1	73	2	0	0	1718	883	724	247	-1	
4	1	73	2	1	0	1742	883	686	40	-1	
5	1	73	2	1	1	1742	889	103	34	9.311584	Όπως
5	1	73	2	1	2	1850	883	63	38	0.000000	ομ]μεε
5	1	73	2	1	3	1922	887	71	25	0.000000	ιών
5	1	73	2	1	4	1997	891	225	33	9.687454	Λαανατηρίσιυκά
5	1	73	2	1	5	2223	892	23	20	5.412399	ὁ-
5	1	73	2	1	6	2247	890	181	26	4.425552	᾿Σεξασαιώτα-
4	1	73	2	2	0	1719	917	710	46	-1	
5	1	73	2	2	1	1719	931	44	19	96.623726	τος
5	1	73	2	2	2	1777	917	195	43	18.192078	Μητροπολίτης
5	1	73	2	2	3	1984	932	51	20	85.822586	µας
5	1	73	2	2	4	2047	933	24	12	85.071030	κ.
5	1	73	2	2	5	2088	920	157	43	36.322250	ΕΥΣΤΑΘΙ.
5	1	73	2	2	6	2246	925	54	26	66.354111	ΟΣ,
5	1	73	2	2	7	2315	926	29	20	61.155464	Μο
5	1	73	2	2	8	2355	931	74	21	84.169876	φετει
4	1	73	2	3	0	1718	959	724	29	-1	
5	1	73	2	3	1	1718	958	29	21	85.902512	νό
5	1	73	2	3	2	1761	959	147	27	60.471714	ἡμερολόγιο
5	1	73	2	3	3	1918	955	183	31	3.595932	αφιερώνεται:
5	1	73	2	3	4	2111	957	79	25	79.461365	«Στὰ
5	1	73	2	3	5	2203	960	144	28	21.636688	ξενιτεµένα
5	1	73	2	3	6	2379	959	63	28	54.384953	µας”
4	1	73	2	4	0	1718	994	708	32	-1	
5	1	73	2	4	1	1718	994	87	22	87.798157	παιδιά
5	1	73	2	4	2	1815	1003	48	13	90.741333	που
5	1	73	2	4	3	1878	995	95	21	8.668213	κάτεοτε
5	1	73	2	4	4	1986	995	103	27	0.000000	έφυγαν
5	1	73	2	4	5	2102	1004	32	22	93.279099	µε
5	1	73	2	4	6	2145	995	62	22	42.606674	σενο
5	1	73	2	4	7	2218	996	48	22	93.751297	από
5	1	73	2	4	8	2280	995	77	23	93.916481	κοντά
5	1	73	2	4	9	2367	1003	59	20	84.027023	µας,
4	1	73	2	5	0	1719	1030	706	29	-1	
5	1	73	2	5	1	1719	1037	44	13	78.592392	και
5	1	73	2	5	2	1778	1030	95	28	0.000000	σήμερα
5	1	73	2	5	3	1887	1031	153	27	18.743782	διατιριέπουν
5	1	73	2	5	4	2067	1036	47	22	78.762283	στη
5	1	73	2	5	5	2147	1031	120	28	38.317574	«φιυλόξενη
5	1	73	2	5	6	2296	1031	129	27	23.532875	᾽᾿Αμερωκή,
4	1	73	2	6	0	1719	1065	713	29	-1	
5	1	73	2	6	1	1719	1070	57	16	66.834122	στον
5	1	73	2	6	2	1796	1065	97	28	78.714249	όμορφο
5	1	73	2	6	3	1908	1066	115	26	81.629654	Καναδά,
5	1	73	2	6	4	2042	1074	63	20	51.284374	στη
5	1	73	2	6	5	2124	1067	125	27	38.797310	µακρυνή”
5	1	73	2	6	6	2272	1067	160	27	24.714066	Αυστραλία,
4	1	73	2	7	0	1718	1101	709	29	-1	
5	1	73	2	7	1	1718	1103	61	25	54.480568	οἵσην
5	1	73	2	7	2	1792	1101	113	28	23.592262	Ειυρώση
5	1	73	2	7	3	1922	1102	19	28	71.467285	ἡ
5	1	73	2	7	4	1952	1102	80	26	75.495941	ακόµη
5	1	73	2	7	5	2047	1103	65	26	75.825386	-στην
5	1	73	2	7	6	2127	1102	66	22	77.448120	Ασία
5	1	73	2	7	7	2207	1111	45	13	94.308685	και
5	1	73	2	7	8	2269	1109	62	21	93.281006	στην
5	1	73	2	7	9	2346	1102	81	28	75.890526	Αφρι-
2	1	74	0	0	0	1718	1136	738	33	-1	
3	1	74	1	0	0	1718	1136	738	33	-1	
4	1	74	1	1	0	1718	1136	738	33	-1	
5	1	74	1	1	1	1718	1136	43	27	17.226105	ή.
5	1	74	1	1	2	1780	1136	108	33	65.440880	Επισης,
5	1	74	1	1	3	1904	1145	93	20	89.117661	µε.την
5	1	74	1	1	4	2014	1137	134	27	87.716301	ευκαιρίαν
5	1	74	1	1	5	2159	1144	46	15	93.225555	του
5	1	74	1	1	6	2215	1137	66	22	25.603928	γέου
5	1	74	1	1	7	2294	1138	106	28	39.398720	έτους,"
5	1	74	1	1	8	2415	1144	12	16	0.000000	Ὁ
2	1	75	0	0	0	1718	1170	721	102	-1	
3	1	75	1	0	0	1718	1170	721	102	-1	
4	1	75	1	1	0	1718	1170	713	30	-1	
5	1	75	1	1	1	1718	1171	61	27	87.920639	2ε6.
5	1	75	1	1	2	1798	1170	194	37	80.440216	Μητροπολίτης
5	1	75	1	1	3	2009	1181	24	13	93.257782	κ.
5	1	75	1	1	4	2049	1172	203	24	62.221020	ΒΥΣΤΑΘΙΟΣ
5	1	75	1	1	5	2275	1191	2	2	74.968079	.
5	1	75	1	1	6	2290	1174	141	24	73.637558	απευθύνει
4	1	75	1	2	0	1718	1201	721	45	-1	
5	1	75	1	2	1	1718	1203	39	43	91.719383	τις
5	1	75	1	2	2	1774	1204	134	36	19.807892	εγμιάρδιες
5	1	75	1	2	3	1922	1201	91	35	0.000000	πευχέξ
5	1	75	1	2	4	2017	1214	46	22	96.667137	του
5	1	75	1	2	5	2079	1209	42	21	93.041008	δια
5	1	75	1	2	6	2137	1209	97	27	86.993744	υγείαν,
5	1	75	1	2	7	2269	1211	90	29	85.257294	᾿χαράν
5	1	75	1	2	8	2385	1218	54	15	30.706947	και"
4	1	75	1	3	0	1718	1243	528	29	-1	
5	1	75	1	3	1	1718	1241	172	30	43.915123	σπνευµαπωσήν
5	1	75	1	3	2	1901	1244	128	28	44.282188	προνοπή,
5	1	75	1	3	3	2046	1241	65	31	74.390862	προς
5	1	75	1	3	4	2124	1250	43	16	96.378929	τον
5	1	75	1	3	5	2185	1245	61	21	95.653191	λαόν
2	1	76	0	0	0	2286	1252	153	23	-1	
3	1	76	1	0	0	2286	1252	153	23	-1	
4	1	76	1	1	0	2286	1252	153	23	-1	
5	1	76	1	1	1	2286	1252	44	17	84.065781	και
5	1	76	1	1	2	2363	1254	76	21	17.353256	'σρος:
2	1	77	0	0	0	1718	1279	458	29	-1	
3	1	77	1	0	0	1718	1279	458	29	-1	
4	1	77	1	1	0	1718	1279	458	29	-1	
5	1	77	1	1	1	1718	1285	60	21	96.788994	τους
5	1	77	1	1	2	1796	1280	145	28	96.193970	αγαπητούς
5	1	77	1	1	3	1954	1288	49	20	93.207428	µας
5	1	77	1	1	4	2016	1279	160	29	38.007881	«Αποδήμους.
2	1	78	0	0	0	1769	1432	594	100	-1	
3	1	78	1	0	0	1769	1432	604	100	-1	
4	1	78	1	1	0	1769	1432	594	100	-1	
5	1	78	1	1	1	1769	1460	21	46	88.081673	ϐ
5	1	78	1	1	2	1805	1439	105	87	0.000000	γέης
5	1	78	1	1	3	1930	1432	220	100	0.000000	Νμήρχις
5	1	78	1	1	4	2160	1432	203	91	0.000000	ΛικΗΝίπς
2	1	79	0	0	0	1748	1545	697	47	-1	
3	1	79	1	0	0	1748	1545	697	47	-1	
4	1	79	1	1	0	1748	1545	697	47	-1	
5	1	79	1	1	1	1748	1554	17	22	85.119400	0.
5	1	79	1	1	2	1783	1555	72	25	92.068604	Πάνας
5	1	79	1	1	3	1866	1549	157	33	0.000000	Σπηλιόπούλος
5	1	79	1	1	4	2035	1562	38	20	73.300644	γεν
5	1	79	1	1	5	2085	1551	101	39	91.344208	τάχθηκε
5	1	79	1	1	6	2196	1545	43	47	55.280045	στο
5	1	79	1	1	7	2249	1555	102	23	94.797615	ΠΑΣΟΚ
5	1	79	1	1	8	2364	1552	37	25	78.335083	και
5	1	79	1	1	9	2414	1556	31	21	90.049019	διε
2	1	80	0	0	0	2446	854	686	43	-1	
3	1	80	1	0	0	2446	854	686	43	-1	
4	1	80	1	1	0	2446	854	686	43	-1	
5	1	80	1	1	1	2446	885	7	6	23.782387	,
5	1	80	1	1	2	2458	858	74	23	85.567482	στοὺς,
5	1	80	1	1	3	2539	859	127	25	30.506973	απαµταχοῦ.
5	1	80	1	1	4	2674	854	110	43	60.045158	αδελφούς,
5	1	80	1	1	5	2798	857	136	29	46.383862	Συνδέσµους.
5	1	80	1	1	6	2943	865	42	14	93.136017	των
5	1	80	1	1	7	2996	857	136	33	25.775764	Γεωργιπσιά,
2	1	81	0	0	0	2434	1387	594	48	-1	
3	1	81	1	0	0	2434	1387	594	48	-1	
4	1	81	1	1	0	2434	1387	594	48	-1	
5	1	81	1	1	1	2434	1411	3	2	0.000000	᾿
5	1	81	1	1	2	2452	1390	145	45	59.800385	προκεϊμένου
5	1	81	1	1	3	2606	1388	30	35	83.189224	γα
5	1	81	1	1	4	2639	1388	113	46	0.000000	“Αόηθηθεί
5	1	81	1	1	5	2760	1387	31	41	94.122597	το
5	1	81	1	1	6	2800	1389	24	22	75.609375	Δ.
5	1	81	1	1	7	2826	1391	26	41	67.136505	Σ:
5	1	81	1	1	8	2863	1388	48	35	60.153500	στο᾽
5	1	81	1	1	9	2918	1391	51	42	42.955193	ἔργο
5	1	81	1	1	10	2985	1397	43	27	96.160606	του.
2	1	82	0	0	0	3030	470	195	518	-1	
3	1	82	1	0	0	3030	470	195	518	-1	
4	1	82	1	1	0	3030	470	176	155	-1	
5	1	82	1	1	1	3030	470	176	155	95.000000	 
4	1	82	1	2	0	3121	719	102	91	-1	
5	1	82	1	2	1	3121	719	102	91	95.000000	  
4	1	82	1	3	0	3109	829	116	99	-1	
5	1	82	1	3	1	3109	829	116	99	95.000000	   
4	1	82	1	4	0	3142	928	75	60	-1	
5	1	82	1	4	1	3142	928	75	60	95.000000	  
2	1	83	0	0	0	3129	636	36	2	-1	
3	1	83	1	0	0	3129	636	36	2	-1	
4	1	83	1	1	0	3129	636	36	2	-1	
5	1	83	1	1	1	3129	636	36	2	95.000000	 
2	1	84	0	0	0	2456	596	728	177	-1	
3	1	84	1	0	0	2456	596	735	177	-1	
4	1	84	1	1	0	2456	596	728	177	-1	
5	1	84	1	1	1	2456	596	240	146	0.000000	ΣΗΒΡμΕΙ
5	1	84	1	1	2	2717	641	36	95	36.755165	ἴ
5	1	84	1	1	3	2756	640	85	97	0.000000	ευ
5	1	84	1	1	4	2897	613	84	126	6.204483	νων
5	1	84	1	1	5	2989	597	195	176	0.000000	Ἁπῖς
2	1	85	0	0	0	3169	719	10	10	-1	
3	1	85	1	0	0	3169	719	10	10	-1	
4	1	85	1	1	0	3169	719	10	10	-1	
5	1	85	1	1	1	3169	719	10	10	95.000000	 
2	1	86	0	0	0	2748	727	145	6	-1	
3	1	86	1	0	0	2748	727	145	6	-1	
4	1	86	1	1	0	2748	727	145	6	-1	
5	1	86	1	1	1	2748	727	145	6	95.000000	 
2	1	87	0	0	0	2456	734	717	116	-1	
3	1	87	1	0	0	2456	734	717	116	-1	
4	1	87	1	1	0	2549	734	554	49	-1	
5	1	87	1	1	1	2549	764	2	2	8.501617	ο
5	1	87	1	1	2	2577	734	105	48	23.847412	Αγαπητοί
5	1	87	1	1	3	2700	735	162	48	0.000000	αυμπίριώτες.
5	1	87	1	1	4	2906	762	51	11	34.053574	ο.
5	1	87	1	1	5	3101	764	2	2	0.000000	:
4	1	87	1	2	0	2494	758	679	65	-1	
5	1	87	1	2	1	2494	785	31	21	92.154976	Το
5	1	87	1	2	2	2544	760	120	63	0.000000	Δικησιὸ
5	1	87	1	2	3	2680	786	117	28	49.217094	Συμβούλιο
5	1	87	1	2	4	2812	793	35	14	95.763840	του
5	1	87	1	2	5	2857	758	134	61	21.215286	Σωνδέσμου.
5	1	87	1	2	6	3006	762	5	10	67.476532	μ
5	1	87	1	2	7	3001	794	50	20	74.447960	µας,
5	1	87	1	2	8	3062	799	5	9	43.185966	-
5	1	87	1	2	9	3060	768	3	2	0.000000	ς
5	1	87	1	2	10	3084	764	89	57	22.207375	αὗχατας
4	1	87	1	3	0	2456	818	661	32	-1	
5	1	87	1	3	1	2456	818	32	24	33.998146	ἴσε
5	1	87	1	3	2	2505	817	41	25	54.345913	ὅλα
5	1	87	1	3	3	2560	829	27	13	83.371414	τα
5	1	87	1	3	4	2600	823	53	27	86.311913	µέλη
5	1	87	1	3	5	2672	829	35	14	96.534744	του
5	1	87	1	3	6	2722	829	36	14	55.625336	και
5	1	87	1	3	7	2776	829	45	23	94.350761	στις
5	1	87	1	3	8	2834	822	131	27	19.847069	οικογένειές
5	1	87	1	3	9	2974	829	47	17	96.336868	τους
5	1	87	1	3	10	3032	823	85	28	76.396263	καθώς
2	1	88	0	0	0	2464	892	656	42	-1	
3	1	88	1	0	0	2464	892	656	42	-1	
4	1	88	1	1	0	2464	892	656	42	-1	
5	1	88	1	1	1	2464	892	143	28	74.569687	ευτυχισμένο,
5	1	88	1	1	2	2619	891	125	27	64.947479	χαρούμενο
5	1	88	1	1	3	2744	897	57	27	38.109512	και
5	1	88	1	1	4	2808	892	143	42	30.942711	δημιουργωώ,
5	1	88	1	1	5	2958	897	40	15	53.982967	πο"
5	1	88	1	1	6	3004	888	67	24	0.000000	πρβ
5	1	88	1	1	7	3115	897	5	1	82.431168	-
2	1	89	0	0	0	2458	935	881	181	-1	
3	1	89	1	0	0	2455	935	884	179	-1	
4	1	89	1	1	0	2486	935	662	54	-1	
5	1	89	1	1	1	2486	943	37	21	65.518036	Το
5	1	89	1	1	2	2537	942	52	22	79.775406	Δ.Σ.
5	1	89	1	1	3	2603	950	36	14	47.286690	που
5	1	89	1	1	4	2656	943	120	27	41.827656	Σνδέσµου
5	1	89	1	1	5	2786	937	48	34	37.154655	μκις
5	1	89	1	1	6	2840	936	55	47	86.569588	στην
5	1	89	1	1	7	2912	943	27	40	34.941277	Α΄
5	1	89	1	1	8	2958	939	87	50	0.000000	πποστωνή
5	1	89	1	1	9	3057	935	39	40	90.787361	τοῦ
5	1	89	1	1	10	3115	937	33	37	96.568550	συν
4	1	89	1	2	0	2458	975	881	31	-1	
5	1	89	1	2	1	2458	975	82	31	48.055874	δρίαση
5	1	89	1	2	2	2553	986	37	20	92.985611	της
5	1	89	1	2	3	2607	979	96	25	66.103149	19-1-8Τ,
5	1	89	1	2	4	2722	979	131	27	78.570160	αποφάσισε:
5	1	89	1	2	5	3145	975	59	17	46.351006	..
5	1	89	1	2	6	3320	990	19	6	46.885410	-
4	1	89	1	3	0	2463	986	710	66	-1	
5	1	89	1	3	1	2463	1027	30	4	38.978771	-
5	1	89	1	3	2	2509	1010	34	25	73.102890	Να
5	1	89	1	3	3	2557	1013	124	29	41.628349	συγκαλέσει
5	1	89	1	3	4	2696	1015	142	27	28.406509	χωτωστατυκή
5	1	89	1	3	5	2852	1010	84	32	17.329163	Γενωή:
5	1	89	1	3	6	2944	986	122	66	0.000000	υέλευσή
5	1	89	1	3	7	3081	1010	46	31	33.359001	πων.
5	1	89	1	3	8	3139	1017	34	26	51.957241	μὰ-
4	1	89	1	4	0	2458	1034	747	74	-1	
5	1	89	1	4	1	2458	1051	55	24	0.000000	λών,
5	1	89	1	4	2	2529	1057	38	21	72.317368	την
5	1	89	1	4	3	2588	1050	81	25	78.789314	1:2-8Τ,
5	1	89	1	4	4	2683	1051	45	27	75.551445	ώρα
5	1	89	1	4	5	2748	1050	65	21	86.415329	10.00
5	1	89	1	4	6	2832	1057	51	20	90.908356	στην
5	1	89	1	4	7	2899	1046	88	25	65.028351	αἴθουσά
5	1	89	1	4	8	3001	1054	36	17	96.210297	του
5	1	89	1	4	9	3050	1034	137	74	0.000000	Ἀννδόομν᾽
5	1	89	1	4	10	3187	1046	18	11	49.986931	.
4	1	89	1	5	0	2467	1085	412	31	-1	
5	1	89	1	5	1	2467	1092	37	22	74.177818	των
5	1	89	1	5	2	2517	1085	184	31	92.080154	Λακεδαιμονίων,
5	1	89	1	5	3	2714	1085	110	28	36.731152	Πειραιώς.
5	1	89	1	5	4	2834	1085	45	32	38.030590	45.’
2	1	90	0	0	0	3173	1008	49	11	-1	
3	1	90	1	0	0	3173	1008	49	11	-1	
4	1	90	1	1	0	3173	1008	49	11	-1	
5	1	90	1	1	1	3173	1008	49	11	95.000000	 
2	1	91	0	0	0	3075	1089	40	45	-1	
3	1	91	1	0	0	3075	1089	40	45	-1	
4	1	91	1	1	0	3075	1089	40	45	-1	
5	1	91	1	1	1	3075	1089	40	45	95.000000	 
2	1	92	0	0	0	2450	1125	744	277	-1	
3	1	92	1	0	0	2454	1125	755	258	-1	
4	1	92	1	1	0	2454	1125	714	52	-1	
5	1	92	1	1	1	2454	1165	2	5	24.096817	τι
5	1	92	1	1	2	2491	1137	62	22	9.939819	Κατά
5	1	92	1	1	3	2571	1146	27	31	96.452606	τη
5	1	92	1	1	4	2614	1133	101	34	77.442673	διάρκεια
5	1	92	1	1	5	2723	1135	40	31	75.404434	σης
5	1	92	1	1	6	2780	1139	125	33	53.899681	ουνἐλεύσης
5	1	92	1	1	7	2916	1136	71	34	69.174927	αὐτῆς
5	1	92	1	1	8	3004	1135	56	31	0.000000	γωνέ
5	1	92	1	1	9	3074	1125	94	51	0.000000	απόλογο
5	1	92	1	1	10	3181	1136	13	11	20.722900	.
4	1	92	1	2	0	2456	1169	720	53	-1	
5	1	92	1	2	1	2456	1175	58	27	14.345001	᾿σμὸς
5	1	92	1	2	2	2528	1182	35	14	90.658325	του
5	1	92	1	2	3	2571	1175	66	25	7.286980	έτους
5	1	92	1	2	4	2650	1175	64	26	73.761360	1986,
5	1	92	1	2	5	2723	1169	133	41	10.285561	ΞΕηΥΥέΧΘΗ:
5	1	92	1	2	6	2860	1182	13	14	43.316654	9
5	1	92	1	2	7	2885	1171	201	51	20.064880	προγραμιαπὰσμὸς
5	1	92	1	2	8	3100	1176	37	27	0.000000	Ὑνα
5	1	92	1	2	9	3150	1175	27	21	48.607216	το
4	1	92	1	3	0	2464	1206	730	46	-1	
5	1	92	1	3	1	2454	1211	74	36	55.224174	1981,
5	1	92	1	3	2	2542	1212	80	28	86.419342	κόπηκε
5	1	92	1	3	3	2638	1219	15	21	61.440140	Ἡ
5	1	92	1	3	4	2664	1211	60	23	31.518921	πίττα
5	1	92	1	3	5	2740	1215	37	24	67.296036	για
5	1	92	1	3	6	2792	1217	34	16	93.273987	τοῦ
5	1	92	1	3	7	2840	1212	123	34	24.389618	χαωνοῦργιο
5	1	92	1	3	8	2974	1212	80	28	62.285172	χρόνο
5	1	92	1	3	9	3044	1207	11	44	60.176910	|
5	1	92	1	3	10	3062	1206	47	46	52.082848	καὶ
5	1	92	1	3	11	3118	1207	76	33	0.000000	στη
4	1	92	1	4	0	2454	1238	719	47	-1	
5	1	92	1	4	1	2454	1238	112	42	38.987423	συνέχεια.
5	1	92	1	4	2	2570	1245	139	31	34.440292	προτάθηκαν
5	1	92	1	4	3	2726	1246	41	24	32.414658	ἀπὸ
5	1	92	1	4	4	2780	1244	27	25	84.095337	το
5	1	92	1	4	5	2815	1247	52	22	84.095337	Δ.Σ:
5	1	92	1	4	6	2882	1251	44	18	30.402122	και
5	1	92	1	4	7	2928	1249	48	20	38.946991	απὸ
5	1	92	1	4	8	2992	1255	26	14	90.723602	τα
5	1	92	1	4	9	3030	1243	64	33	56.925255	μέλη”
5	1	92	1	4	10	3099	1246	74	39	11.249474	τροπο:
4	1	92	1	5	0	2451	1280	698	42	-1	
5	1	92	1	5	1	2451	1285	104	26	14.536400	εποκῆσεις
5	1	92	1	5	2	2568	1291	37	14	86.851471	του
5	1	92	1	5	3	2620	1284	161	32	66.231392	Καταστατικού
5	1	92	1	5	4	2790	1291	36	14	89.864166	χαι
5	1	92	1	5	5	2842	1280	179	41	63.852745	εκσυγχρονυσμὸς
5	1	92	1	5	6	3035	1291	38	29	0.000000	Ύνα
5	1	92	1	5	7	3082	1281	50	41	31.273811	τη,
5	1	92	1	5	8	3135	1291	14	14	38.290756	κι
4	1	92	1	6	0	2462	1319	694	29	-1	
5	1	92	1	6	1	2462	1320	77	28	83.690620	λύτερη
5	1	92	1	6	2	2554	1320	121	28	7.664505	λεϊνουργία
5	1	92	1	6	3	2694	1327	35	14	93.000870	του
5	1	92	1	6	4	2746	1315	130	32	50.230270	Συγδἐόμου
5	1	92	1	6	5	2881	1327	48	20	39.614822	"µας.
5	1	92	1	6	6	2948	1319	44	27	0.000000	τη
5	1	92	1	6	7	3012	1317	98	30	80.586128	συνέχεια
5	1	92	1	6	8	3128	1316	28	31	55.540558	ἐἔγι
4	1	92	1	7	0	2450	1347	744	55	-1	
5	1	92	1	7	1	2450	1362	49	15	0.000000	γον
5	1	92	1	7	2	2510	1352	135	46	56.636940	αρχαερεσίες
5	1	92	1	7	3	2660	1363	39	22	52.834755	Ύνα
5	1	92	1	7	4	2711	1362	38	20	92.401108	την
5	1	92	1	7	5	2765	1355	100	34	85.588600	ανάδειξη
5	1	92	1	7	6	2880	1347	209	55	0.000000	ανασληρωμαικῶν
5	1	92	1	7	7	3102	1349	91	49	37.581425	μελών”
5	1	92	1	7	8	3191	1364	3	2	0.131187	ἳ
2	1	93	0	0	0	3176	1211	45	11	-1	
3	1	93	1	0	0	3176	1211	45	11	-1	
4	1	93	1	1	0	3176	1211	45	11	-1	
5	1	93	1	1	1	3176	1211	45	11	95.000000	 
2	1	94	0	0	0	3150	1238	66	103	-1	
3	1	94	1	0	0	3150	1238	66	103	-1	
4	1	94	1	1	0	3171	1238	45	25	-1	
5	1	94	1	1	1	3171	1238	45	25	95.000000	  
4	1	94	1	2	0	3150	1278	56	27	-1	
5	1	94	1	2	1	3150	1278	56	27	95.000000	 
4	1	94	1	3	0	3156	1305	50	36	-1	
5	1	94	1	3	1	3156	1305	50	36	95.000000	 
2	1	95	0	0	0	3314	1239	79	89	-1	
3	1	95	1	0	0	3314	1239	79	89	-1	
4	1	95	1	1	0	3314	1239	25	89	-1	
5	1	95	1	1	1	3314	1239	25	89	0.000000	υήυ]λυΣ
4	1	95	1	2	0	3376	1241	17	61	-1	
5	1	95	1	2	1	3376	1241	17	61	56.088825	ανδρι
2	1	96	0	0	0	3344	1261	45	135	-1	
3	1	96	1	0	0	3344	1261	45	135	-1	
4	1	96	1	1	0	3344	1261	25	125	-1	
5	1	96	1	1	1	3344	1261	25	125	91.486389	ΕΠΙΧΕΙΡΗΣΕΙΣ
4	1	96	1	2	0	3370	1305	19	91	-1	
5	1	96	1	2	1	3370	1389	14	7	46.410683	4
5	1	96	1	2	2	3373	1305	16	41	49.639717	Χαλ
2	1	97	0	0	0	3390	1383	8	104	-1	
3	1	97	1	0	0	3390	1383	8	104	-1	
4	1	97	1	1	0	3390	1383	8	104	-1	
5	1	97	1	1	1	3396	1481	2	6	9.632957	ο
5	1	97	1	1	2	3390	1383	8	73	0.000000	«Αλονας
2	1	98	0	0	0	2448	1423	757	160	-1	
3	1	98	1	0	0	2456	1423	749	84	-1	
4	1	98	1	1	0	2456	1423	749	53	-1	
5	1	98	1	1	1	2456	1440	36	36	44.130131	---
5	1	98	1	1	2	2484	1430	60	41	0.000000	την
5	1	98	1	1	3	2556	1433	89	31	20.889580	98-9-81
5	1	98	1	1	4	2658	1440	70	36	75.114517	ημέρα,
5	1	98	1	1	5	2741	1423	109	53	48.639076	Σάββατο”
5	1	98	1	1	6	2851	1451	37	15	52.852737	και
5	1	98	1	1	7	2900	1444	47	27	26.905434	ὡρα
5	1	98	1	1	8	2948	1430	38	34	62.489964	91
5	1	98	1	1	9	2989	1443	35	21	62.489964	90
5	1	98	1	1	10	3037	1424	43	40	47.545906	θα
5	1	98	1	1	11	3072	1427	96	48	30.267502	πραήμα.
5	1	98	1	1	12	3176	1455	11	14	88.827507	-
5	1	98	1	1	13	3198	1457	7	11	0.000000	π
4	1	98	1	2	0	2448	1473	745	63	-1	
5	1	98	1	2	1	2448	1473	118	63	0.000000	ποβοί
5	1	98	1	2	2	2579	1487	15	19	63.435402	η
5	1	98	1	2	3	2608	1480	93	27	7.532005	επίσημη
5	1	98	1	2	4	2717	1479	124	27	34.207352	συνεστασή
5	1	98	1	2	5	2858	1485	94	23	0.000000	µαςῖστη
5	1	98	1	2	6	2966	1479	97	29	49.016945	µεγάλη
5	1	98	1	2	7	3079	1474	93	26	0.000000	Ἀήθουσα,
3	1	98	2	0	0	2460	1513	711	65	-1	
4	1	98	2	1	0	2461	1513	710	29	-1	
5	1	98	2	1	1	2461	1514	119	23	95.921616	ΚΟΣΜΟΣ
5	1	98	2	1	2	2597	1522	35	14	93.205544	του
5	1	98	2	1	3	2645	1515	125	29	54.699844	πολυτελοὺς
5	1	98	2	1	4	2782	1514	141	28	36.555115	Ῥεγοδρχείου
5	1	98	2	1	5	2936	1508	165	36	33.164627	ΧΟΛΙΝΤΕΥ’
5	1	98	2	1	6	3117	1514	54	25	61.867058	ΙΝΝ
4	1	98	2	2	0	2456	1537	684	46	-1	
5	1	98	2	2	1	2456	1545	57	38	30.970131	᾿οδὸς
5	1	98	2	2	2	2522	1537	190	46	91.110222	Μιχαλακοπούλου
5	1	98	2	2	3	2728	1550	37	25	53.367771	60,
5	1	98	2	2	4	2784	1551	88	32	59.660282	πλησίον
5	1	98	2	2	5	2888	1557	35	14	48.779472	νου
5	1	98	2	2	6	2939	1549	156	31	44.633694	Ξενοδοχείου",
5	1	98	2	2	7	3104	1546	36	36	72.655602	ΧΙ
2	1	99	0	0	0	3363	1413	19	83	-1	
3	1	99	1	0	0	3363	1413	19	83	-1	
4	1	99	1	1	0	3363	1413	19	83	-1	
5	1	99	1	1	1	3363	1413	19	83	93.751740	ΑΤΤΙΚΟΥ
2	1	100	0	0	0	3334	1399	63	127	-1	
3	1	100	1	0	0	3334	1399	63	127	-1	
4	1	100	1	1	0	3334	1399	27	123	-1	
5	1	100	1	1	1	3334	1399	27	123	8.790161	ΟΙΚΟΔΟΝΙΚΕΣ
4	1	100	1	2	0	3383	1488	14	38	-1	
5	1	100	1	2	1	3383	1488	14	38	48.065258	Ἐμλ.
2	1	101	0	0	0	3298	1331	35	213	-1	
3	1	101	1	0	0	3298	1331	35	213	-1	
4	1	101	1	1	0	3298	1331	35	213	-1	
5	1	101	1	1	1	3298	1459	28	85	38.552490	ΙΟΑΝΝΗΣ
5	1	101	1	1	2	3307	1412	21	18	72.413383	Α.
5	1	101	1	1	3	3310	1331	23	56	36.417355	χριΣ]
2	1	102	0	0	0	3172	1528	34	6	-1	
3	1	102	1	0	0	3172	1528	34	6	-1	
4	1	102	1	1	0	3172	1528	34	6	-1	
5	1	102	1	1	1	3172	1528	34	6	95.000000	 
2	1	103	0	0	0	3135	1535	78	79	-1	
3	1	103	1	0	0	3135	1535	78	79	-1	
4	1	103	1	1	0	3140	1535	73	55	-1	
5	1	103	1	1	1	3140	1535	73	55	95.000000	  
4	1	103	1	2	0	3135	1591	38	23	-1	
5	1	103	1	2	1	3135	1591	38	23	95.000000	 
2	1	104	0	0	0	972	1609	2239	127	-1	
3	1	104	1	0	0	972	1609	2239	117	-1	
4	1	104	1	1	0	1717	1609	1494	70	-1	
5	1	104	1	1	1	1717	1633	34	13	27.171188	ται
5	1	104	1	1	2	1766	1633	35	13	92.820984	νου
5	1	104	1	1	3	1817	1625	72	29	44.663002	Νομοὺ
5	1	104	1	1	4	1905	1626	87	25	80.606201	Ἠλείας.
5	1	104	1	1	5	2006	1626	68	30	46.739822	Σποῦ-
5	1	104	1	1	6	2079	1626	22	36	65.181099	3
5	1	104	1	1	7	2119	1626	99	28	93.089035	Αιγάλεω
5	1	104	1	1	8	2245	1635	37	13	61.526005	χαι
5	1	104	1	1	9	2308	1627	137	28	36.904816	γραμμαπέας
5	1	104	1	1	10	2459	1629	36	14	74.884850	Ἆπι
5	1	104	1	1	11	2508	1623	98	26	15.838585	μπορεῖΐτε
5	1	104	1	1	12	2616	1630	26	14	71.648232	να
5	1	104	1	1	13	2651	1610	104	59	80.188980	καλέσετε
5	1	104	1	1	14	2768	1622	63	21	88.937637	ἄνεπα
5	1	104	1	1	15	2843	1628	48	18	87.685898	τους
5	1	104	1	1	16	2906	1609	84	70	0.000000	Ἓλους.
5	1	104	1	1	17	2987	1619	52	48	0.000000	Ἴσας.
5	1	104	1	1	18	3040	1629	43	19	4.995285	..
5	1	104	1	1	19	3088	1615	105	53	45.078243	συνδας..
5	1	104	1	1	20	3182	1630	29	7	7.533493	.
4	1	104	1	2	0	1692	1650	1021	46	-1	
5	1	104	1	2	1	1692	1674	3	16	0.000000	}
5	1	104	1	2	2	1718	1661	51	21	45.394329	δωσε
5	1	104	1	2	3	1789	1661	83	28	79.553085	Νομικά
5	1	104	1	2	4	1886	1669	38	13	93.245171	στο
5	1	104	1	2	5	1942	1661	131	28	62.940392	Πανεπιστή-
5	1	104	1	2	6	2079	1650	50	46	17.616722	Ἴτης
5	1	104	1	2	7	2139	1661	153	34	16.086365	Νομαρχιακής
5	1	104	1	2	8	2320	1661	125	29	16.026039	πινροπῆς
5	1	104	1	2	9	2461	1658	114	24	19.299011	σχεδάσουν
5	1	104	1	2	10	2590	1657	49	29	80.700302	μαζί
5	1	104	1	2	11	2654	1665	59	20	31.403320	µας.
4	1	104	1	3	0	972	1668	2218	68	-1	
5	1	104	1	3	1	972	1685	62	28	82.848785	Λογή
5	1	104	1	3	2	1053	1687	177	27	42.144638	αντωτροέδρου
5	1	104	1	3	3	1249	1694	50	20	75.101425	σης
5	1	104	1	3	4	1315	1687	27	21	71.394730	«Κ.
5	1	104	1	3	5	1343	1687	139	35	68.654953	οινάτηπας,
5	1	104	1	3	6	1498	1687	63	22	93.089401	όπου
5	1	104	1	3	7	1576	1688	119	30	77.796135	εξελέγη
5	1	104	1	3	8	1711	1693	40	31	24.212852	ιο
5	1	104	1	3	9	1765	1703	38	21	87.780212	της
5	1	104	1	3	10	1818	1686	93	50	79.044693	Αθήνας,
5	1	104	1	3	11	1923	1696	61	23	43.762924	Είναι
5	1	104	1	3	12	1998	1697	75	27	33.340309	δικηγὸ
5	1	104	1	3	13	2080	1691	98	42	0.000000	Δυτικῆς
5	1	104	1	3	14	2193	1697	96	29	77.508652	Ἀθήνας.
5	1	104	1	3	15	2311	1697	58	34	85.499847	Ἔτσι
5	1	104	1	3	16	2387	1697	57	23	19.685104	σωνὲ-
5	1	104	1	3	17	2460	1706	29	2	52.240204	--
5	1	104	1	3	18	2501	1693	30	21	87.002457	Το
5	1	104	1	3	19	2542	1694	86	27	74.651543	μουσικό
5	1	104	1	3	20	2643	1701	47	20	83.159332	µας
5	1	104	1	3	21	2694	1683	138	37	1.254486	συγκρότημα.
5	1	104	1	3	22	2844	1671	31	44	57.783218	θὰ
5	1	104	1	3	23	2884	1693	56	23	90.809708	εἶναι
5	1	104	1	3	24	2955	1693	41	20	74.465805	οιπὀ
5	1	104	1	3	25	3008	1699	27	17	91.380501	τα,
5	1	104	1	3	26	3045	1668	81	58	0.000000	αλάον.
5	1	104	1	3	27	3124	1698	66	21	44.423832	Επι»
2	1	105	0	0	0	1692	1718	752	49	-1	
3	1	105	1	0	0	1692	1718	752	49	-1	
4	1	105	1	1	0	1692	1718	752	49	-1	
5	1	105	1	1	1	1692	1751	2	8	0.000000	Ὦ
5	1	105	1	1	2	1718	1739	35	20	20.203026	Ρος
5	1	105	1	1	3	1764	1732	41	20	41.165161	απὀὸ
5	1	105	1	1	4	1817	1739	24	14	95.322830	το
5	1	105	1	1	5	1848	1729	64	24	93.185669	1910
5	1	105	1	1	6	1923	1739	52	21	86.943153	σσην
5	1	105	1	1	7	1988	1718	95	49	64.304085	Ἀθήνα,
5	1	105	1	1	8	2088	1731	48	29	83.258698	χισε
5	1	105	1	1	9	2148	1740	47	18	48.925545	τους
5	1	105	1	1	10	2207	1733	82	28	79.792068	αγώνες
5	1	105	1	1	11	2304	1731	39	24	96.437744	του
5	1	105	1	1	12	2356	1734	37	21	0.000000	και
5	1	105	1	1	13	2407	1734	37	22	65.177940	κά-
2	1	106	0	0	0	2460	1725	708	63	-1	
3	1	106	1	0	0	2460	1725	744	63	-1	
4	1	106	1	1	0	2460	1725	708	63	-1	
5	1	106	1	1	1	2460	1729	107	27	0.000000	τοχηµόνα
5	1	106	1	1	2	2581	1737	37	13	78.960648	χαι
5	1	106	1	1	3	2634	1737	39	19	94.485092	µας
5	1	106	1	1	4	2690	1729	104	27	71.690247	εγγυάται
5	1	106	1	1	5	2810	1725	102	63	0.000000	ευμοὸς,
5	1	106	1	1	6	2918	1735	37	21	89.990662	για
5	1	106	1	1	7	2968	1729	44	21	51.075562	όλα
5	1	106	1	1	8	3024	1735	43	14	88.703537	τα
5	1	106	1	1	9	3056	1725	13	35	88.703537	:
5	1	106	1	1	10	3067	1729	101	51	0.000000	σόσμο
5	1	106	1	1	11	3192	1741	12	4	56.161823	τε
2	1	107	0	0	0	3041	1778	150	8	-1	
3	1	107	1	0	0	3041	1778	150	8	-1	
4	1	107	1	1	0	3041	1778	150	8	-1	
5	1	107	1	1	1	3041	1783	9	3	24.530197	.
5	1	107	1	1	2	3189	1778	2	2	51.159626	κ
2	1	108	0	0	0	2702	1783	332	4	-1	
3	1	108	1	0	0	2702	1783	332	4	-1	
4	1	108	1	1	0	2702	1783	332	4	-1	
5	1	108	1	1	1	2702	1783	332	4	95.000000	 
2	1	109	0	0	0	973	1778	2198	56	-1	
3	1	109	1	0	0	973	1778	2198	56	-1	
4	1	109	1	1	0	973	1778	2198	56	-1	
5	1	109	1	1	1	973	1789	145	31	7.015419	Τϊσερωτάς,
5	1	109	1	1	2	1137	1790	113	27	35.490005	Βασίλης
5	1	109	1	1	3	1270	1789	30	21	32.981934	1.
5	1	109	1	1	4	1323	1790	190	27	76.324310	Σκρουμπέλος,
5	1	109	1	1	5	1548	1778	127	56	38.697273	Διονύσιος
5	1	109	1	1	6	1717	1806	53	20	76.849030	τητα
5	1	109	1	1	7	1783	1806	42	14	96.518677	στα
5	1	109	1	1	8	1834	1801	104	26	45.137310	εργατικά,
5	1	109	1	1	9	1951	1801	88	27	87.632736	θέµατα.
5	1	109	1	1	10	2052	1800	19	20	92.587303	Ἡ
5	1	109	1	1	11	2080	1786	55	42	0.000000	ἡσρρὴ
5	1	109	1	1	12	2152	1809	38	13	69.633224	του
5	1	109	1	1	13	2208	1802	77	27	81.600380	δράση.
5	1	109	1	1	14	2316	1801	172	30	32.998329	Ἐργάστηκε--
5	1	109	1	1	15	2500	1797	59	20	89.880196	Κάθε
5	1	109	1	1	16	2574	1798	123	26	53.202156	πρόσκληση
5	1	109	1	1	17	2708	1797	69	26	45.881714	υσχύει
5	1	109	1	1	18	2792	1804	39	19	66.887878	για;
5	1	109	1	1	19	2844	1797	37	25	89.980133	ὄνα
5	1	109	1	1	20	2891	1797	73	26	36.269661	ἀπομο.
5	1	109	1	1	21	2976	1804	26	20	78.752411	µε
5	1	109	1	1	22	3015	1778	75	55	0.000000	πλήρος
5	1	109	1	1	23	3104	1783	67	49	2.134003	μενού.
2	1	110	0	0	0	972	1824	707	29	-1	
3	1	110	1	0	0	972	1824	707	29	-1	
4	1	110	1	1	0	972	1824	707	29	-1	
5	1	110	1	1	1	972	1824	30	22	79.511612	Σ.
5	1	110	1	1	2	1019	1825	207	27	92.115334	Γεωργόπουλος.
5	1	110	1	1	3	1248	1825	55	27	95.159073	Της
5	1	110	1	1	4	1319	1825	163	28	80.753250	μειοψηφίας
5	1	110	1	1	5	1498	1833	14	14	91.139709	ο
5	1	110	1	1	6	1526	1825	79	22	23.954102	Άθαν.
5	1	110	1	1	7	1648	1827	31	21	87.010590	«Α.
2	1	111	0	0	0	971	1853	834	53	-1	
3	1	111	1	0	0	971	1853	834	53	-1	
4	1	111	1	1	0	971	1853	834	53	-1	
5	1	111	1	1	1	971	1856	29	36	84.848595	Κ.
5	1	111	1	1	2	996	1853	96	53	73.482300	ούπσης
5	1	111	1	1	3	1108	1869	43	13	87.130615	και
5	1	111	1	1	4	1169	1869	15	19	96.055893	η
5	1	111	1	1	5	1200	1869	24	13	93.289665	κ.
5	1	111	1	1	6	1245	1861	130	27	82.274437	Τιεριυθέα
5	1	111	1	1	7	1387	1861	31	21	77.780701	Γ.
5	1	111	1	1	8	1433	1861	194	29	62.602692	Καλαθρυτυνού
5	1	111	1	1	9	1641	1869	55	23	0.000000	µεε-
5	1	111	1	1	10	1718	1859	87	43	94.754974	διορίσει
2	1	112	0	0	0	971	1897	647	28	-1	
3	1	112	1	0	0	971	1897	647	28	-1	
4	1	112	1	1	0	971	1897	647	28	-1	
5	1	112	1	1	1	971	1895	31	22	96.807487	τά
5	1	112	1	1	2	1016	1904	46	20	92.027695	την
5	1	112	1	1	3	1074	1897	142	27	96.340790	παραίτηση
5	1	112	1	1	4	1234	1904	45	14	93.232918	του
5	1	112	1	1	5	1292	1897	174	27	31.521294	απερχοµένου
5	1	112	1	1	6	1478	1905	27	13	32.053688	«κ.
5	1	112	1	1	7	1525	1897	93	28	57.435341	Γεωρ.
2	1	113	0	0	0	1692	1831	3	24	-1	
3	1	113	1	0	0	1692	1831	3	24	-1	
4	1	113	1	1	0	1692	1831	3	12	-1	
5	1	113	1	1	1	1692	1831	3	12	90.483078	ῃ
4	1	113	1	2	0	1693	1848	2	7	-1	
5	1	113	1	2	1	1693	1848	2	7	36.626320	1
2	1	114	0	0	0	971	1931	724	31	-1	
3	1	114	1	0	0	971	1931	724	31	-1	
4	1	114	1	1	0	971	1931	724	31	-1	
5	1	114	1	1	1	971	1931	157	28	45.163860	Σκουζούλη,
5	1	114	1	1	2	1147	1940	15	14	96.225586	ο
5	1	114	1	1	3	1181	1933	86	27	89.908539	οποίος
5	1	114	1	1	4	1282	1932	44	22	83.188812	δεν
5	1	114	1	1	5	1342	1933	144	28	52.251465	παρευρέθη:
5	1	114	1	1	6	1498	1939	62	22	27.046318	«στην
5	1	114	1	1	7	1575	1933	120	29	8.000122	συαράδο-
2	1	115	0	0	0	971	1968	551	28	-1	
3	1	115	1	0	0	971	1968	551	28	-1	
4	1	115	1	1	0	971	1968	551	28	-1	
5	1	115	1	1	1	971	1974	31	20	92.884331	ση
5	1	115	1	1	2	1020	1974	43	14	47.530750	και
5	1	115	1	1	3	1073	1968	133	27	84.965767	παραλαθή
5	1	115	1	1	4	1223	1968	58	21	7.925301	ούτε
5	1	115	1	1	5	1296	1975	62	20	58.741646	στην
5	1	115	1	1	6	1371	1969	151	27	56.031044	αρκοµωσία.
2	1	116	0	0	0	977	2014	678	7	-1	
3	1	116	1	0	0	977	2014	678	7	-1	
4	1	116	1	1	0	977	2014	678	7	-1	
5	1	116	1	1	1	977	2014	678	7	95.000000	 
2	1	117	0	0	0	1000	2038	681	192	-1	
3	1	117	1	0	0	1000	2038	681	192	-1	
4	1	117	1	1	0	1040	2038	576	47	-1	
5	1	117	1	1	1	1040	2038	238	41	23.709572	Στώχεοι
5	1	117	1	1	2	1299	2049	122	35	91.466743	τες
5	1	117	1	1	3	1443	2039	173	46	0.000000	νέσς
4	1	117	1	2	0	1001	2109	644	50	-1	
5	1	117	1	2	1	1001	2109	396	45	5.184769	Κοινοτεκῶώς
5	1	117	1	2	2	1417	2110	228	49	40.030090	Ἀρχεῆς
4	1	117	1	3	0	1000	2181	681	49	-1	
5	1	117	1	3	1	1000	2185	111	45	37.764149	Βασιιός.
5	1	117	1	3	2	1123	2195	94	29	96.486839	στόχος
5	1	117	1	3	3	1233	2205	43	13	83.481873	και
5	1	117	1	3	4	1291	2197	79	27	93.529968	όραμα
5	1	117	1	3	5	1386	2205	40	13	44.237373	ταυ
5	1	117	1	3	6	1438	2181	63	48	1.612305	νέου
5	1	117	1	3	7	1528	2198	153	23	36.379219	Κουνοπωιού
2	1	118	0	0	0	969	2229	712	69	-1	
3	1	118	1	0	0	969	2229	712	69	-1	
4	1	118	1	1	0	970	2229	711	33	-1	
5	1	118	1	1	1	970	2229	157	30	62.597778	Συμθουλίου
5	1	118	1	1	2	1137	2232	67	22	96.153961	είναι
5	1	118	1	1	3	1217	2241	15	19	95.242134	η
5	1	118	1	1	4	1247	2232	136	28	91.364845	υλοποίηση
5	1	118	1	1	5	1396	2233	175	28	59.715279	αναξάθµίσης
5	1	118	1	1	6	1582	2242	48	20	96.718277	της
5	1	118	1	1	7	1645	2234	36	22	96.262939	Το
4	1	118	1	2	0	969	2267	712	31	-1	
5	1	118	1	2	1	969	2267	80	29	14.143387	πιωκής
5	1	118	1	2	2	1063	2267	211	30	19.998100	Αυτοδιούωῄσης,
5	1	118	1	2	3	1295	2276	31	14	89.947456	να
5	1	118	1	2	4	1357	2269	122	23	33.858955	νιακασιπεί
5	1	118	1	2	5	1494	2277	18	21	76.587967	η
5	1	118	1	2	6	1538	2269	143	29	16.702988	Κουνότήητα
2	1	119	0	0	0	1691	2011	380	32	-1	
3	1	119	1	0	0	1691	2011	380	32	-1	
4	1	119	1	1	0	1691	2011	380	32	-1	
5	1	119	1	1	1	1691	2028	4	15	0.000000	!.
5	1	119	1	1	2	1717	2011	122	23	78.555855	Αναστασία
5	1	119	1	1	3	1858	2012	102	29	20.780228	Ἑζανάκη
5	1	119	1	1	4	1973	2021	36	13	62.817783	και
5	1	119	1	1	5	2027	2013	44	28	94.004448	ἔχει
2	1	120	0	0	0	1691	2047	4	29	-1	
3	1	120	1	0	0	1691	2047	4	29	-1	
4	1	120	1	1	0	1692	2047	3	15	-1	
5	1	120	1	1	1	1692	2047	3	15	35.668976	[
4	1	120	1	2	0	1691	2063	4	13	-1	
5	1	120	1	2	1	1691	2063	4	13	32.503342	ῄ
2	1	121	0	0	0	1691	2119	240	28	-1	
3	1	121	1	0	0	1691	2119	240	28	-1	
4	1	121	1	1	0	1691	2119	240	28	-1	
5	1	121	1	1	1	1691	2126	67	19	0.000000	 νων
5	1	121	1	1	2	1776	2119	131	28	87.260040	αντίστουχα.
5	1	121	1	1	3	1929	2129	2	4	80.504425	'
2	1	122	0	0	0	969	2304	722	50	-1	
3	1	122	1	0	0	969	2304	722	50	-1	
4	1	122	1	1	0	969	2304	722	50	-1	
5	1	122	1	1	1	969	2305	161	27	23.771385	σιρωπαγεγές
5	1	122	1	1	2	1150	2305	109	28	10.747467	µύτταρο
5	1	122	1	1	3	1273	2305	118	28	93.293236	εξουσίας
5	1	122	1	1	4	1404	2314	47	14	0.000000	ὀέας
5	1	122	1	1	5	1464	2304	227	50	0.000000	»οοκοκυρεµένης.
2	1	123	0	0	0	967	2340	713	562	-1	
3	1	123	1	0	0	969	2340	144	29	-1	
4	1	123	1	1	0	969	2340	144	29	-1	
5	1	123	1	1	1	969	2340	144	29	56.665024	διοίκησης..
3	1	123	2	0	0	967	2366	713	392	-1	
4	1	123	2	1	0	999	2366	681	58	-1	
5	1	123	2	1	1	999	2377	36	21	96.940140	Το
5	1	123	2	1	2	1051	2373	152	51	45.489693	Γοωργύτοι,
5	1	123	2	1	3	1217	2386	48	14	94.140648	που
5	1	123	2	1	4	1280	2378	67	22	53.940292	είναι
5	1	123	2	1	5	1359	2379	146	23	19.104805	κιαπάλευκο
5	1	123	2	1	6	1520	2387	29	14	96.737648	το
5	1	123	2	1	7	1563	2366	117	41	38.095932	χειμώνα
4	1	123	2	2	0	970	2414	710	29	-1	
5	1	123	2	2	1	970	2413	48	21	86.494324	απὀ
5	1	123	2	2	2	1033	2420	32	14	73.380890	πα
5	1	123	2	2	3	1072	2413	91	27	73.380890	χιόνια,
5	1	123	2	2	4	1178	2422	46	14	2.721832	0:
5	1	123	2	2	5	1241	2414	170	27	23.869888	λοαπασεράσίινο
5	1	123	2	2	6	1428	2421	29	15	93.280769	το
5	1	123	2	2	7	1472	2415	133	28	75.898781	καλορίαίρι
5	1	123	2	2	8	1630	2415	50	22	30.495331	«από
4	1	123	2	3	0	968	2448	710	30	-1	
5	1	123	2	3	1	968	2456	31	20	93.227020	τη
5	1	123	2	3	2	1012	2449	136	27	9.063560	θλάσπηση,
5	1	123	2	3	3	1167	2449	54	29	17.650612	χει
5	1	123	2	3	4	1235	2456	46	21	28.968475	τηϊν'
5	1	123	2	3	5	1295	2449	182	29	36.905479	εδιαιπερότήτα
5	1	123	2	3	6	1491	2458	32	14	89.250778	να
5	1	123	2	3	7	1556	2448	122	25	2.328140	ματούάεί-
4	1	123	2	4	0	968	2485	710	29	-1	
5	1	123	2	4	1	968	2492	41	14	81.522621	ται
5	1	123	2	4	2	1019	2491	29	15	81.522621	το
5	1	123	2	4	3	1060	2485	114	27	47.499908	χειμώνα
5	1	123	2	4	4	1187	2485	47	23	67.392815	ασ
5	1	123	2	4	5	1243	2485	128	28	56.143936	μειωμένο
5	1	123	2	4	6	1381	2486	138	28	21.225784	σληθυοιµό,
5	1	123	2	4	7	1531	2487	52	21	93.284615	ενώ
5	1	123	2	4	8	1594	2495	31	13	75.138649	τιο
5	1	123	2	4	9	1636	2496	42	18	0.000000	»α-
4	1	123	2	5	0	968	2520	711	31	-1	
5	1	123	2	5	1	968	2520	107	28	52.231827	λοκαέρι,
5	1	123	2	5	2	1089	2521	79	27	96.351440	ιδίως
5	1	123	2	5	3	1179	2529	61	20	93.298882	τους
5	1	123	2	5	4	1255	2522	106	27	71.536407	δεστούς
5	1	123	2	5	5	1390	2521	81	29	69.751572	µήνες
5	1	123	2	5	6	1483	2530	18	14	94.973213	ο
5	1	123	2	5	7	1534	2523	145	28	49.541798	πληθυσμός
4	1	123	2	6	0	967	2557	711	29	-1	
5	1	123	2	6	1	967	2564	46	14	92.460152	του
5	1	123	2	6	2	1024	2557	234	26	49.919086	ορισαπιλιασιάζεπαυ.
5	1	123	2	6	3	1275	2557	28	21	82.450089	Ἡ
5	1	123	2	6	4	1316	2557	161	28	54.525230	'εξασιράλιση
5	1	123	2	6	5	1490	2566	53	15	93.091171	των
5	1	123	2	6	6	1559	2565	119	21	60.631996	οὐκονομι-
4	1	123	2	7	0	969	2592	708	30	-1	
5	1	123	2	7	1	969	2592	55	21	94.390411	κών
5	1	123	2	7	2	1035	2592	88	27	36.906647	(µέσων
5	1	123	2	7	3	1135	2593	71	27	38.776031	ζωής
5	1	123	2	7	4	1222	2601	51	13	93.232826	των
5	1	123	2	7	5	1286	2593	128	23	0.000000	λιαπούεων
5	1	123	2	7	6	1432	2602	43	12	95.549667	και
5	1	123	2	7	7	1490	2602	15	18	83.641312	η
5	1	123	2	7	8	1539	2594	138	28	27.557510	διακήρηση
4	1	123	2	8	0	968	2627	709	28	-1	
5	1	123	2	8	1	968	2634	47	19	96.625839	της
5	1	123	2	8	2	1029	2627	167	27	48.041134	κληρονομιάς
5	1	123	2	8	3	1208	2636	48	12	62.221039	που
5	1	123	2	8	4	1274	2628	64	20	95.590935	δίνει
5	1	123	2	8	5	1350	2635	29	13	96.299728	το
5	1	123	2	8	6	1397	2628	104	27	80.470695	«χρώμα
5	1	123	2	8	7	1515	2636	51	13	92.891609	των
5	1	123	2	8	8	1584	2629	93	21	91.241714	παπού-
4	1	123	2	9	0	967	2658	710	48	-1	
5	1	123	2	9	1	967	2661	67	21	90.107819	δων»
5	1	123	2	9	2	1051	2667	59	15	92.481857	στον
5	1	123	2	9	3	1121	2661	78	27	92.481857	πρόπο
5	1	123	2	9	4	1214	2661	80	27	74.164238	ζωής,
5	1	123	2	9	5	1311	2661	75	22	79.548744	είναι.
5	1	123	2	9	6	1388	2658	173	48	0.000000	απειαραύτηγεες:
5	1	123	2	9	7	1571	2665	106	24	66.714600	σοροῦστο-
4	1	123	2	10	0	967	2695	710	38	-1	
5	1	123	2	10	1	967	2696	85	26	92.890388	θέσεις
5	1	123	2	10	2	1069	2704	43	19	94.179298	για
5	1	123	2	10	3	1123	2704	33	13	95.525429	να
5	1	123	2	10	4	1168	2704	48	19	89.131516	µην
5	1	123	2	10	5	1230	2695	127	28	62.127052	ερηµώσίει
5	1	123	2	10	6	1373	2703	45	13	66.045654	νέαι
5	1	123	2	10	7	1414	2731	3	2	24.266266	.
5	1	123	2	10	8	1433	2695	74	27	54.031101	χαθεί
5	1	123	2	10	9	1522	2696	47	22	86.862061	ένα
5	1	123	2	10	10	1598	2697	79	27	88.049767	χωριό
4	1	123	2	11	0	968	2731	361	27	-1	
5	1	123	2	11	1	968	2739	46	19	92.421715	της
5	1	123	2	11	2	1036	2731	146	27	71.279053	Ελληνωιής
5	1	123	2	11	3	1198	2731	131	27	0.000000	επαρχίας.
3	1	123	3	0	0	968	2741	709	161	-1	
4	1	123	3	1	0	997	2741	679	58	-1	
5	1	123	3	1	1	997	2766	67	22	87.782799	Αυτό
5	1	123	3	1	2	1081	2774	29	14	93.154152	το
5	1	123	3	1	3	1122	2767	89	27	90.987267	χωρίό,
5	1	123	3	1	4	1228	2775	17	19	75.547752	ή
5	1	123	3	1	5	1256	2766	47	22	15.903511	νέα
5	1	123	3	1	6	1320	2765	143	29	25.963638	Κοινοτωκή,
5	1	123	3	1	7	1476	2766	80	28	95.600296	Αρχή,
5	1	123	3	1	8	1578	2741	98	58	44.680542	φιλοδο-
4	1	123	3	2	0	968	2801	708	29	-1	
5	1	123	3	2	1	968	2803	39	25	79.411072	ξεί
5	1	123	3	2	2	1019	2810	34	14	95.867462	να
5	1	123	3	2	3	1071	2802	64	27	83.959747	γίνει
5	1	123	3	2	4	1150	2802	114	28	20.302155	τορότυποι
5	1	123	3	2	5	1280	2801	145	27	88.223289	ανάπτυξης
5	1	123	3	2	6	1441	2802	26	21	77.677597	ιο)
5	1	123	3	2	7	1482	2801	46	28	94.576370	όλη
5	1	123	3	2	8	1542	2810	31	20	90.805450	τη
5	1	123	3	2	9	1586	2802	90	23	40.330193	{ακω-
4	1	123	3	3	0	968	2833	709	60	-1	
5	1	123	3	3	1	968	2838	48	21	85.721039	νία.
5	1	123	3	3	2	1039	2837	53	31	91.136581	Της
5	1	123	3	3	3	1099	2837	129	33	32.962097	«ευχάµεθα
5	1	123	3	3	4	1241	2843	33	17	86.092278	να
5	1	123	3	3	5	1288	2837	104	34	87.477905	σετύχει
5	1	123	3	3	6	1406	2845	43	13	56.322586	και
5	1	123	3	3	7	1478	2845	42	13	75.532104	να.
5	1	123	3	3	8	1540	2833	137	60	0.000000	βαπεράσει
4	1	123	3	4	0	968	2873	272	29	-1	
5	1	123	3	4	1	968	2882	40	20	93.282211	τις
5	1	123	3	4	2	1021	2873	163	28	42.134838	σπροισδονίες
5	1	123	3	4	3	1183	2882	57	19	93.065002	µας.
2	1	124	0	0	0	1007	2877	663	133	-1	
3	1	124	1	0	0	1007	2877	663	133	-1	
4	1	124	1	1	0	1007	2877	663	133	-1	
5	1	124	1	1	1	1007	2933	168	76	0.000000	Λμβεές
5	1	124	1	1	2	1197	2945	70	46	0.000000	Π10
5	1	124	1	1	3	1291	2883	150	124	33.100372	πι
5	1	124	1	1	4	1451	2877	219	133	0.000000	πᾶ
2	1	125	0	0	0	974	2913	698	8	-1	
3	1	125	1	0	0	974	2913	698	8	-1	
4	1	125	1	1	0	974	2913	698	8	-1	
5	1	125	1	1	1	974	2913	698	8	95.000000	 
2	1	126	0	0	0	967	3020	459	64	-1	
3	1	126	1	0	0	967	3020	459	64	-1	
4	1	126	1	1	0	968	3020	277	28	-1	
5	1	126	1	1	1	968	3021	63	22	17.383789	0
5	1	126	1	1	2	1046	3029	21	13	75.172592	κ.
5	1	126	1	1	3	1082	3011	70	35	80.519333	θάνος
5	1	126	1	1	4	1166	3021	79	27	91.539726	Ντέρος
4	1	126	1	2	0	967	3055	459	29	-1	
5	1	126	1	2	1	967	3065	31	17	96.694580	εις
5	1	126	1	2	2	1013	3057	69	27	76.830849	μνήμη
5	1	126	1	2	3	1099	3057	57	21	49.467239	Ηλία
5	1	126	1	2	4	1173	3056	110	22	3.745110	Ξανθάκου
5	1	126	1	2	5	1295	3056	48	28	94.702835	δρχ.
5	1	126	1	2	6	1359	3055	67	22	38.380909	5.000
2	1	127	0	0	0	967	3084	715	60	-1	
3	1	127	1	0	0	967	3084	715	60	-1	
4	1	127	1	1	0	967	3084	715	60	-1	
5	1	127	1	1	1	967	3106	30	2	52.300552	--
5	1	127	1	1	2	1009	3092	80	28	96.120590	Επίσης
5	1	127	1	1	3	1104	3100	12	14	90.117859	ο
5	1	127	1	1	4	1135	3092	94	28	42.364483	Δημήπρ.
5	1	127	1	1	5	1236	3084	187	60	0.000000	᾿Νεολεσόπουλος
5	1	127	1	1	6	1441	3099	31	22	50.161179	εις
5	1	127	1	1	7	1503	3089	86	47	52.989586	μνήμην
5	1	127	1	1	8	1617	3093	65	36	59.567795	Ἠλία]
2	1	128	0	0	0	966	3128	527	140	-1	
3	1	128	1	0	0	968	3128	242	22	-1	
4	1	128	1	1	0	968	3128	242	22	-1	
5	1	128	1	1	1	968	3128	108	22	15.280678	Βανθώκου
5	1	128	1	1	2	1089	3128	68	22	62.424053	5.000.
5	1	128	1	1	3	1208	3145	2	2	58.316727	.
3	1	128	2	0	0	966	3137	527	131	-1	
4	1	128	2	1	0	966	3137	458	61	-1	
5	1	128	2	1	1	966	3164	61	22	21.474648	--0
5	1	128	2	1	2	1042	3172	22	14	94.405167	κ.
5	1	128	2	1	3	1079	3146	135	51	63.170601	Δημοσθένης
5	1	128	2	1	4	1230	3137	114	61	42.668205	Τοερωτᾶς
5	1	128	2	1	5	1357	3143	12	42	87.262131	8
5	1	128	2	1	6	1374	3163	50	22	69.112213	«900
4	1	128	2	2	0	966	3199	497	32	-1	
5	1	128	2	2	1	966	3200	61	23	45.534050	--0
5	1	128	2	2	2	1041	3209	21	13	93.192085	κ.
5	1	128	2	2	3	1074	3200	74	22	26.137451	Νωολ.
5	1	128	2	2	4	1163	3199	24	23	91.498352	Δ.
5	1	128	2	2	5	1202	3200	179	31	45.995296	Μικωλόχρηστας
5	1	128	2	2	6	1396	3199	67	23	64.915436	ὅ.000
4	1	128	2	3	0	967	3233	526	35	-1	
5	1	128	2	3	1	967	3239	53	22	60.040703	-0
5	1	128	2	3	2	1033	3247	21	13	60.040703	κ.
5	1	128	2	3	3	1069	3239	139	29	79.852005	Παντελής
5	1	128	2	3	4	1212	3256	4	4	91.727768	Δ.
5	1	128	2	3	5	1232	3233	180	34	70.793549	Μιχαλόχρησπας
5	1	128	2	3	6	1426	3239	67	22	80.352684	5.000
2	1	129	0	0	0	967	3275	861	51	-1	
3	1	129	1	0	0	967	3275	861	51	-1	
4	1	129	1	1	0	967	3275	861	51	-1	
5	1	129	1	1	1	967	3289	30	2	0.000000	---
5	1	129	1	1	2	1008	3275	19	21	77.011108	Ἡ
5	1	129	1	1	3	1043	3283	21	13	64.988281	κ.
5	1	129	1	1	4	1079	3275	54	22	39.921043	Στελ
5	1	129	1	1	5	1142	3275	27	21	61.686951	Ν.
5	1	129	1	1	6	1182	3275	110	28	92.225571	Βέργαδου
5	1	129	1	1	7	1306	3283	29	17	94.910225	εις
5	1	129	1	1	8	1348	3276	82	27	57.581944	μνήμην
5	1	129	1	1	9	1440	3277	93	49	0.000000	ῥησέρας
5	1	129	1	1	10	1546	3283	37	21	49.956284	της
5	1	129	1	1	11	1589	3277	86	21	49.956284	16.000].
5	1	129	1	1	12	1710	3277	118	23	18.981087	Βεκίησια.
2	1	130	0	0	0	968	3311	508	100	-1	
3	1	130	1	0	0	968	3311	508	100	-1	
4	1	130	1	1	0	968	3311	430	29	-1	
5	1	130	1	1	1	968	3325	29	2	0.000000	---
5	1	130	1	1	2	1010	3311	18	22	39.622082	Ὁ
5	1	130	1	1	3	1043	3319	21	19	91.166557	κ.
5	1	130	1	1	4	1079	3311	106	29	56.981091	Γεώργως
5	1	130	1	1	5	1201	3311	118	28	87.497574	Ψυχράνης
5	1	130	1	1	6	1332	3311	66	21	83.509880	9.000
4	1	130	1	2	0	968	3347	423	28	-1	
5	1	130	1	2	1	968	3360	29	3	30.059677	--
5	1	130	1	2	2	1013	3347	18	21	41.369080	0
5	1	130	1	2	3	1043	3355	22	14	87.833656	κ.
5	1	130	1	2	4	1076	3347	97	28	78.927704	Χρήστος
5	1	130	1	2	5	1188	3347	121	27	46.804165	Ἠλαγιανὸς
5	1	130	1	2	6	1324	3347	67	21	93.871170	9.000
4	1	130	1	3	0	969	3382	507	29	-1	
5	1	130	1	3	1	969	3396	28	3	9.832687	---
5	1	130	1	3	2	1010	3383	19	21	87.561707	Ἡ
5	1	130	1	3	3	1045	3383	50	28	83.417297	Ἱερὰ
5	1	130	1	3	4	1111	3383	60	28	93.294830	Μονή
5	1	130	1	3	5	1185	3383	154	27	17.362366	Παντανάσσης
5	1	130	1	3	6	1356	3382	94	22	55.970505	8.000...
5	1	130	1	3	7	1474	3403	2	3	55.970505	3
2	1	131	0	0	0	1264	3003	438	68	-1	
3	1	131	1	0	0	1264	3003	438	68	-1	
4	1	131	1	1	0	1264	3003	438	68	-1	
5	1	131	1	1	1	1264	3020	78	21	85.136322	ἔσπειλε
5	1	131	1	1	2	1358	3021	57	27	75.836205	µέσω
5	1	131	1	1	3	1431	3025	40	23	77.786217	της.
5	1	131	1	1	4	1479	3003	130	51	76.099510	εψημερίδας
5	1	131	1	1	5	1625	3003	77	68	37.652443	μας
2	1	132	0	0	0	1681	2347	12	1065	-1	
3	1	132	1	0	0	1681	2347	12	1065	-1	
4	1	132	1	1	0	1681	2347	12	1065	-1	
5	1	132	1	1	1	1681	2347	12	1065	95.000000	  
2	1	133	0	0	0	1717	1836	595	63	-1	
3	1	133	1	0	0	1717	1836	595	63	-1	
4	1	133	1	1	0	1717	1836	595	28	-1	
5	1	133	1	1	1	1717	1834	79	28	71.934929	χαύνπα,
5	1	133	1	1	2	1808	1835	46	27	91.658043	εἶχε
5	1	133	1	1	3	1870	1836	89	27	77.258537	αρνηθεί
5	1	133	1	1	4	1984	1842	27	16	92.809959	να
5	1	133	1	1	5	2037	1842	36	15	48.040283	ταν
5	1	133	1	1	6	2089	1843	24	14	46.443840	σε
5	1	133	1	1	7	2130	1837	113	27	91.920013	συλλόγους
5	1	133	1	1	8	2258	1842	54	22	18.328140	της
4	1	133	1	2	0	1842	1871	109	28	-1	
5	1	133	1	2	1	1842	1871	109	28	73.268639	δικηγόρο,
2	1	134	0	0	0	1985	1836	459	81	-1	
3	1	134	1	0	0	1985	1836	459	76	-1	
4	1	134	1	1	0	2335	1836	108	28	-1	
5	1	134	1	1	1	2335	1836	108	28	71.724739	Περιοχής
4	1	134	1	2	0	1985	1867	459	50	-1	
5	1	134	1	2	1	1985	1867	89	37	64.552162	πράγμα
5	1	134	1	2	2	2080	1871	110	42	0.000000	Αάλεω
5	1	134	1	2	3	2192	1868	41	37	74.809326	και
5	1	134	1	2	4	2240	1868	141	49	64.676956	ασχολήθηκε
5	1	134	1	2	5	2394	1879	50	14	9.267029	αποο-
2	1	135	0	0	0	1717	1938	354	71	-1	
3	1	135	1	0	0	1717	1938	354	71	-1	
4	1	135	1	1	0	1717	1938	330	50	-1	
5	1	135	1	1	1	1717	1948	37	14	82.024330	στο
5	1	135	1	1	2	1770	1941	116	29	29.441734	Σιμιβούλιο
5	1	135	1	1	3	1897	1938	150	50	59.983829	Ἠποκραπείας.
4	1	135	1	2	0	1739	1973	332	36	-1	
5	1	135	1	2	1	1739	1973	67	26	31.984215	Ἐλναι
5	1	135	1	2	2	1822	1978	141	31	51.451038	παντρεμένος
5	1	135	1	2	3	1978	1985	27	21	73.971756	µε
5	1	135	1	2	4	2034	1979	37	27	46.268883	ήν
2	1	136	0	0	0	2085	1939	368	299	-1	
3	1	136	1	0	0	2088	1939	103	50	-1	
4	1	136	1	1	0	2088	1939	103	50	-1	
5	1	136	1	1	1	2088	1939	103	50	41.660999	βλήματα.
3	1	136	2	0	0	2085	1977	362	261	-1	
4	1	136	2	1	0	2113	1977	334	51	-1	
5	1	136	2	1	1	2113	1991	52	37	96.785240	Στις
5	1	136	2	1	2	2192	1977	136	51	85.213120	βουλευτικές
5	1	136	2	1	3	2356	1996	91	27	68.846375	εκλογές
4	1	136	2	2	0	2086	2031	357	30	-1	
5	1	136	2	2	1	2086	2039	36	15	76.293037	νου
5	1	136	2	2	2	2136	2031	55	21	39.803612	1911
5	1	136	2	2	3	2204	2032	54	28	17.389870	Ίνα)
5	1	136	2	2	4	2274	2031	120	30	86.359039	υποφήφυος
5	1	136	2	2	5	2406	2039	37	14	95.353859	του
4	1	136	2	3	0	2088	2064	365	34	-1	
5	1	136	2	3	1	2088	2066	101	22	83.514046	ΠΑΣΟΚ
5	1	136	2	3	2	2193	2075	52	24	93.038414	στη
5	1	136	2	3	3	2265	2067	26	21	0.000000	Β'
5	1	136	2	3	4	2305	2064	148	36	0.000000	Περιφέρεια,
4	1	136	2	4	0	2087	2099	355	36	-1	
5	1	136	2	4	1	2087	2101	94	30	5.895073	Αθήνας,
5	1	136	2	4	2	2210	2099	47	25	55.388111	Από
5	1	136	2	4	3	2272	2110	25	14	92.966827	το
5	1	136	2	4	4	2308	2103	58	23	91.497452	1919
5	1	136	2	4	5	2380	2105	62	30	78.943390	µέχρι
4	1	136	2	5	0	2087	2129	366	56	-1	
5	1	136	2	5	1	2087	2145	22	13	64.990395	το
5	1	136	2	5	2	2125	2134	57	25	91.079216	1986
5	1	136	2	5	3	2194	2138	104	22	68.678772	διετέλεσε
5	1	136	2	5	4	2330	2129	123	56	67.638809	Δήμαρχος
4	1	136	2	6	0	2086	2165	367	54	-1	
5	1	136	2	6	1	2086	2173	99	28	90.245682	Λιγάλεω
5	1	136	2	6	2	2202	2181	26	21	63.140213	µε
5	1	136	2	6	3	2242	2170	104	48	40.444756	πληθυσμό
5	1	136	2	6	4	2383	2165	55	54	74.260330	πάνω
5	1	136	2	6	5	2450	2169	3	22	74.260330	|
4	1	136	2	7	0	2085	2209	284	29	-1	
5	1	136	2	7	1	2085	2209	44	28	85.337814	απὀ
5	1	136	2	7	2	2142	2209	100	29	91.363525	120.000
5	1	136	2	7	3	2250	2209	119	28	42.764507	καποἴχους.
2	1	137	0	0	0	1716	2048	354	64	-1	
3	1	137	1	0	0	1716	2048	354	64	-1	
4	1	137	1	1	0	1717	2048	353	32	-1	
5	1	137	1	1	1	1717	2048	37	32	93.106941	δύο
5	1	137	1	1	2	1768	2048	86	25	62.479206	παιδιά,
5	1	137	1	1	3	1877	2055	41	21	74.234543	την
5	1	137	1	1	4	1949	2049	121	27	50.048603	Εὐαγγελίς
4	1	137	1	2	0	1716	2083	354	29	-1	
5	1	137	1	2	1	1716	2091	36	13	58.244926	και
5	1	137	1	2	2	1767	2091	26	20	93.282028	τη
5	1	137	1	2	3	1807	2083	56	29	3.454346	Νΐκη
5	1	137	1	2	4	1878	2083	27	22	89.171715	18
5	1	137	1	2	5	1916	2092	39	14	30.376289	και
5	1	137	1	2	6	1969	2085	27	20	87.527390	14
5	1	137	1	2	7	2022	2085	48	27	25.027702	χρό-
2	1	138	0	0	0	1711	2154	756	473	-1	
3	1	138	1	0	0	1714	2154	356	172	-1	
4	1	138	1	1	0	1746	2154	324	30	-1	
5	1	138	1	1	1	1746	2154	55	28	75.797218	Στην
5	1	138	1	1	2	1815	2156	96	28	62.909378	πολιτωκή
5	1	138	1	1	3	1928	2156	55	22	93.286293	εἶναι
5	1	138	1	1	4	1996	2156	74	27	0.000000	υαἡμὲ-
4	1	138	1	2	0	1711	2186	359	55	-1	
5	1	138	1	2	1	1711	2186	39	55	1.624741	σος
5	1	138	1	2	2	1763	2197	39	21	86.751053	στη
5	1	138	1	2	3	1816	2191	149	28	88.331642	Δημοκρατικὴ
5	1	138	1	2	4	1980	2190	90	29	0.000000	Πἀαράπα
4	1	138	1	3	0	1716	2225	353	30	-1	
5	1	138	1	3	1	1716	2225	25	28	62.362625	ξη
5	1	138	1	3	2	1754	2233	37	14	60.542110	και
5	1	138	1	3	3	1805	2233	39	15	94.624847	σαν
5	1	138	1	3	4	1860	2227	101	27	68.035332	φοιτητής
5	1	138	1	3	5	1978	2236	2	3	69.246170	'
5	1	138	1	3	6	1986	2227	83	28	78.580658	μετείχε
4	1	138	1	4	0	1715	2258	356	53	-1	
5	1	138	1	4	1	1715	2261	77	28	53.974564	εγεργά
5	1	138	1	4	2	1807	2269	37	14	28.852409	και
5	1	138	1	4	3	1858	2269	61	18	92.244720	στους
5	1	138	1	4	4	1935	2263	43	21	50.248878	δῦο’
5	1	138	1	4	5	1986	2258	85	53	14.831924	ανένδο-
4	1	138	1	5	0	1714	2305	234	21	-1	
5	1	138	1	5	1	1714	2305	47	17	95.659584	τους
5	1	138	1	5	2	1774	2297	91	29	78.309700	αγώνες.
5	1	138	1	5	3	1947	2311	1	3	0.000000	ἳ
3	1	138	2	0	0	1713	2305	728	274	-1	
4	1	138	2	1	0	1742	2305	699	63	-1	
5	1	138	2	1	1	1742	2333	64	23	69.499161	Κατὰ
5	1	138	2	1	2	1822	2341	27	27	95.597038	τη
5	1	138	2	1	3	1863	2305	95	63	0.000000	Δάρα
5	1	138	2	1	4	1973	2309	10	5	49.902771	-
5	1	138	2	1	5	1978	2339	37	24	92.045799	της
5	1	138	2	1	6	2040	2335	29	21	76.684105	δι-
5	1	138	2	1	7	2084	2335	78	29	38.859283	Εθνική
5	1	138	2	1	8	2178	2335	157	29	38.755188	Ανεξαρτησία,
5	1	138	2	1	9	2355	2344	29	20	77.099411	τη
5	1	138	2	1	10	2394	2336	47	22	89.126961	Διε-
4	1	138	2	2	0	1713	2371	733	29	-1	
5	1	138	2	2	1	1713	2371	112	28	73.469940	Χταπαρίας
5	1	138	2	2	2	1839	2372	170	28	85.969849	υπερασπίστηκε
5	1	138	2	2	3	2021	2378	48	21	40.527626	«γω
5	1	138	2	2	4	2085	2372	38	28	47.112473	θνἡ
5	1	138	2	2	5	2137	2371	81	29	26.931931	Βκρήνη
5	1	138	2	2	6	2237	2379	44	21	92.261238	την.
5	1	138	2	2	7	2294	2371	82	29	72.954056	Ὕφεση
5	1	138	2	2	8	2403	2379	43	14	0.000000	και
4	1	138	2	3	0	1714	2406	714	30	-1	
5	1	138	2	3	1	1714	2407	67	24	5.106277	Ψιατὲς
5	1	138	2	3	2	1796	2414	24	14	93.209686	σε
5	1	138	2	3	3	1830	2407	105	25	89.996368	πολιτικὲς
5	1	138	2	3	4	1949	2408	66	27	79.130974	δίκες,
5	1	138	2	3	5	2028	2414	41	14	71.019348	αι
5	1	138	2	3	6	2076	2414	43	28	93.082550	τον
5	1	138	2	3	7	2134	2407	128	29	9.423157	Αφοπλισμό
5	1	138	2	3	8	2278	2406	150	30	53.530464	(ΚΕΛΔΕΑ).
4	1	138	2	4	0	1714	2442	725	29	-1	
5	1	138	2	4	1	1714	2442	77	21	32.988182	ἔχκτατα
5	1	138	2	4	2	1806	2442	162	28	26.027763	Στρατοδικεία
5	1	138	2	4	3	1962	2438	11	37	85.498955	.
5	1	138	2	4	4	1975	2450	36	15	66.186729	και
5	1	138	2	4	5	2026	2433	52	35	70.644112	στα.
5	1	138	2	4	6	2114	2443	48	25	18.808823	Στις
5	1	138	2	4	7	2178	2443	13	21	79.255875	3
5	1	138	2	4	8	2204	2443	93	28	74.618759	Τεγάρη,
5	1	138	2	4	9	2304	2451	29	15	75.555687	νο
5	1	138	2	4	10	2346	2443	93	28	89.065025	Υπουργι
4	1	138	2	5	0	1713	2472	727	35	-1	
5	1	138	2	5	1	1713	2479	61	21	70.642815	κοιν
5	1	138	2	5	2	1810	2477	90	23	9.666382	Ἠοινικὰ
5	1	138	2	5	3	1918	2501	1	2	5.732941	.
5	1	138	2	5	4	1938	2472	140	35	0.000000	Δυιαστῆριαι
5	1	138	2	5	5	2080	2479	29	22	26.438026	κὀ
5	1	138	2	5	6	2123	2479	118	28	72.243347	Συμβούλυο
5	1	138	2	5	7	2254	2486	37	15	96.336395	τον
5	1	138	2	5	8	2302	2479	87	26	78.574432	επέλεξε
5	1	138	2	5	9	2400	2479	40	21	58.867397	Νο-
4	1	138	2	6	0	1719	2511	748	32	-1	
5	1	138	2	6	1	1719	2513	64	29	0.000000	(Δίπη
5	1	138	2	6	2	1794	2515	69	27	76.398666	µελών
5	1	138	2	6	3	1879	2522	36	14	83.578285	νου
5	1	138	2	6	4	1931	2514	71	26	67.002785	ΠΑΚ,
5	1	138	2	6	5	2018	2515	51	21	89.354233	απὀ-
5	1	138	2	6	6	2076	2515	81	27	56.514915	μάρχη
5	1	138	2	6	7	2176	2522	37	14	59.752712	9ου
5	1	138	2	6	8	2232	2514	71	29	44.127861	Νοιοῦ
5	1	138	2	6	9	2315	2511	152	29	86.974121	Λακωνίας,
5	1	138	2	6	10	2445	2507	24	40	81.519531	|λ
4	1	138	2	7	0	1715	2545	726	46	-1	
5	1	138	2	7	1	1715	2550	67	28	89.110748	δραση
5	1	138	2	7	2	1797	2549	29	22	91.251587	Ν.
5	1	138	2	7	3	1843	2549	100	29	75.792839	Ζαμπέλη
5	1	138	2	7	4	1954	2549	71	29	8.334816	κ.α).
5	1	138	2	7	5	2076	2549	2	38	1.366669	|
5	1	138	2	7	6	2087	2545	51	46	1.366669	όπου
5	1	138	2	7	7	2143	2551	96	28	47.400951	ανέλαβε
5	1	138	2	7	8	2269	2558	26	16	68.405991	τα
5	1	138	2	7	9	2319	2551	122	30	0.000000	καθήκονσὰ
3	1	138	3	0	0	1742	2568	657	59	-1	
4	1	138	3	1	0	1742	2568	657	59	-1	
5	1	138	3	1	1	1742	2585	61	21	88.210556	Μετά
5	1	138	3	1	2	1817	2593	24	20	96.588692	τη
5	1	138	3	1	3	1858	2568	164	59	8.463814	μεταπαλίνευση
5	1	138	3	1	4	2038	2575	40	33	38.725822	εν.
5	1	138	3	1	5	2086	2593	35	14	69.472267	το
5	1	138	3	1	6	2136	2593	43	18	96.633698	στις
5	1	138	3	1	7	2195	2586	28	21	81.400063	14.
5	1	138	3	1	8	2241	2587	58	27	73.229416	τρὲχ.
5	1	138	3	1	9	2314	2587	85	27	59.867561	µηνός.
5	1	138	3	1	10	2394	2582	10	37	78.283035	-
2	1	139	0	0	0	1761	2637	673	183	-1	
3	1	139	1	0	0	1761	2637	673	181	-1	
4	1	139	1	1	0	1761	2637	673	92	-1	
5	1	139	1	1	1	1761	2654	215	66	25.410530	Πεβίππτος
5	1	139	1	1	2	1994	2667	73	43	7.289268	πτΏ
5	1	139	1	1	3	2082	2637	145	92	27.560364	Ὀππικύ
5	1	139	1	1	4	2248	2638	186	84	33.660400	ὑρήμι
5	1	139	1	1	5	2399	2634	33	98	83.982048	-
4	1	139	1	2	0	1770	2739	619	81	-1	
5	1	139	1	2	1	1770	2739	96	69	84.533112	Ἁγία
5	1	139	1	2	2	1888	2739	182	69	0.000000	Τβιήδα
5	1	139	1	2	3	2048	2735	26	97	91.373238	-
5	1	139	1	2	4	2091	2740	298	81	0.000000	ΡιγΠΝΜλΙΚΚΙ.
2	1	140	0	0	0	1716	2631	708	7	-1	
3	1	140	1	0	0	1716	2631	708	7	-1	
4	1	140	1	1	0	1716	2631	708	7	-1	
5	1	140	1	1	1	1716	2631	708	7	95.000000	 
2	1	141	0	0	0	1740	2844	682	31	-1	
3	1	141	1	0	0	1740	2842	709	33	-1	
4	1	141	1	1	0	1740	2844	682	31	-1	
5	1	141	1	1	1	1740	2844	124	28	20.917114	Σράψαµε
5	1	141	1	1	2	1879	2852	44	14	96.881966	στο
5	1	141	1	1	3	1934	2845	173	28	31.131226	προηγούμενο
5	1	141	1	1	4	2119	2845	83	29	54.813271	φύλλο
5	1	141	1	1	5	2215	2852	50	22	73.839249	µὰς
5	1	141	1	1	6	2280	2854	43	21	95.972023	για
5	1	141	1	1	7	2337	2853	30	14	96.058792	το
5	1	141	1	1	8	2378	2845	44	22	72.312080	νέο
2	1	142	0	0	0	1713	2874	707	49	-1	
3	1	142	1	0	0	1713	2874	707	49	-1	
4	1	142	1	1	0	1713	2874	707	49	-1	
5	1	142	1	1	1	1713	2874	155	34	60.008614	αμαξόδροµο
5	1	142	1	1	2	1882	2889	64	21	30.778000	προς
5	1	142	1	1	3	1963	2890	32	14	96.239204	τα
5	1	142	1	1	4	2008	2878	170	45	0.000000	Παρασχεῖκα
5	1	142	1	1	5	2193	2891	50	14	66.523567	σου
5	1	142	1	1	6	2258	2883	75	23	0.000000	«εὐναί-
5	1	142	1	1	7	2343	2881	77	29	44.793297	σποάγ-
2	1	143	0	0	0	1710	2918	734	29	-1	
3	1	143	1	0	0	1710	2918	734	29	-1	
4	1	143	1	1	0	1710	2918	734	29	-1	
5	1	143	1	1	1	1710	2923	59	19	63.882679	ματι
5	1	143	1	1	2	1782	2918	163	26	41.209755	µαγευπωιός.
5	1	143	1	1	3	1960	2918	39	21	91.062096	Θα
5	1	143	1	1	4	2015	2917	63	27	90.193924	ήπαν
5	1	143	1	1	5	2097	2919	164	26	58.935200	παράλεµρη
5	1	143	1	1	6	2262	2927	31	13	93.762436	να
5	1	143	1	1	7	2310	2924	36	22	68.985054	μή
5	1	143	1	1	8	2364	2918	80	29	65.096489	γρά--
2	1	144	0	0	0	1697	2950	745	464	-1	
3	1	144	1	0	0	1709	2950	733	464	-1	
4	1	144	1	1	0	1711	2950	710	35	-1	
5	1	144	1	1	1	1711	2958	85	20	68.913574	Ψουμε
5	1	144	1	1	2	1815	2951	58	22	25.573433	πάτε
5	1	144	1	1	3	1889	2950	42	28	95.805275	για
5	1	144	1	1	4	1946	2959	29	14	96.442352	το
5	1	144	1	1	5	1992	2951	44	21	90.665192	νέο
5	1	144	1	1	6	2054	2951	97	23	27.013977	Δασωοό
5	1	144	1	1	7	2168	2952	76	28	86.162315	δρόµο
5	1	144	1	1	8	2258	2960	49	14	93.292145	που
5	1	144	1	1	9	2323	2955	98	30	57.655140	ἀρχίξει
4	1	144	1	2	0	1712	2986	722	35	-1	
5	1	144	1	2	1	1712	2986	47	21	89.056068	από
5	1	144	1	2	2	1772	2994	45	19	96.136497	την
5	1	144	1	2	3	1826	2987	71	28	94.383675	Αγία
5	1	144	1	2	4	1912	2987	106	27	95.775475	Τριάδα,
5	1	144	1	2	5	2035	2987	124	28	2.571754	διασχίζει
5	1	144	1	2	6	2202	2995	68	21	76.718071	τους.
5	1	144	1	2	7	2293	2988	126	33	29.575874	Πιεπρομέ-
5	1	144	1	2	8	2432	3003	2	2	35.470474	'
4	1	144	1	3	0	1711	3021	731	35	-1	
5	1	144	1	3	1	1711	3029	69	20	95.261169	νους,
5	1	144	1	3	2	1798	3030	31	13	90.568405	τα
5	1	144	1	3	3	1850	3022	217	28	76.771103	Σιγαλοχώραφα,
5	1	144	1	3	4	2085	3030	60	20	93.296196	τους
5	1	144	1	3	5	2158	3021	203	35	15.991585	Περδῳοαέΐκους
5	1	144	1	3	6	2352	3017	11	43	16.956825	.
5	1	144	1	3	7	2375	3029	45	27	0.000000	οιή-
4	1	144	1	4	0	1710	3053	728	44	-1	
5	1	144	1	4	1	1710	3064	65	20	80.529030	πους
5	1	144	1	4	2	1784	3064	46	15	95.909271	στο
5	1	144	1	4	3	1842	3053	157	44	34.734871	Πλατανάνι,
5	1	144	1	4	4	2012	3059	128	27	92.446518	προχωρεί
5	1	144	1	4	5	2154	3059	90	23	66.301628	"σχεδόν
5	1	144	1	4	6	2259	3059	86	27	38.358654	ευθεζα
5	1	144	1	4	7	2357	3066	64	26	40.020767	περὀξ
4	1	144	1	5	0	1709	3086	710	46	-1	
5	1	144	1	5	1	1709	3093	78	27	66.558357	Κακή
5	1	144	1	5	2	1802	3091	91	31	92.727722	Ῥάχη,
5	1	144	1	5	3	1898	3095	105	27	95.818062	περνάει
5	1	144	1	5	4	2018	3095	42	21	96.721657	πιό
5	1	144	1	5	5	2073	3095	72	21	96.810715	πάνω
5	1	144	1	5	6	2159	3095	50	23	60.891407	από
5	1	144	1	5	7	2226	3103	28	13	95.359161	το
5	1	144	1	5	8	2286	3086	133	46	14.399605	Συδερονό-
4	1	144	1	6	0	1697	3130	740	43	-1	
5	1	144	1	6	1	1697	3137	95	19	0.000000	ἵτρωνο
5	1	144	1	6	2	1807	3137	43	14	94.209648	και
5	1	144	1	6	3	1865	3130	140	28	22.674400	σταμάτησε
5	1	144	1	6	4	2018	3130	72	22	96.098526	πάνω
5	1	144	1	6	5	2111	3131	47	21	74.960388	από
5	1	144	1	6	6	2175	3139	28	13	93.242828	το
5	1	144	1	6	7	2220	3131	77	22	91.344704	αλώνι
5	1	144	1	6	8	2316	3140	48	33	56.346565	της
5	1	144	1	6	9	2378	3136	41	22	62.861374	Ῥι-
5	1	144	1	6	10	2435	3153	2	2	71.268517	.
4	1	144	1	7	0	1712	3165	708	39	-1	
5	1	144	1	7	1	1712	3165	159	29	35.328583	γανόλαρώιας
5	1	144	1	7	2	1888	3173	86	23	93.184189	στους
5	1	144	1	7	3	1982	3166	112	30	40.911377	ἐράχαυς
5	1	144	1	7	4	2112	3175	47	29	96.626068	της
5	1	144	1	7	5	2172	3167	121	29	0.000000	“Σάλας.
5	1	144	1	7	6	2324	3172	96	28	0.000000	"Έγινε
4	1	144	1	8	0	1710	3202	709	47	-1	
5	1	144	1	8	1	1710	3202	48	22	95.707481	από
5	1	144	1	8	2	1769	3211	28	14	96.923912	το
5	1	144	1	8	3	1812	3203	143	30	96.779037	Δασαρχείο
5	1	144	1	8	4	1968	3204	120	30	96.413094	Σπάρτης
5	1	144	1	8	5	2096	3213	39	36	57.595634	με
5	1	144	1	8	6	2145	3205	145	30	12.661011	προοπτική
5	1	144	1	8	7	2306	3214	33	22	51.314148	να.
5	1	144	1	8	8	2354	3207	65	28	51.314148	φθά-
4	1	144	1	9	0	1711	3236	707	60	-1	
5	1	144	1	9	1	1711	3245	47	17	93.226486	σει
5	1	144	1	9	2	1766	3248	61	20	95.784653	στην
5	1	144	1	9	3	1844	3236	126	59	91.443466	Ανάληψη
5	1	144	1	9	4	1999	3251	55	13	11.950226	«φαωι
5	1	144	1	9	5	2069	3242	79	28	0.000000	σιέραν
5	1	144	1	9	6	2157	3238	91	58	48.600464	αυτής
5	1	144	1	9	7	2287	3251	67	33	95.851112	προς
5	1	144	1	9	8	2388	3250	30	21	93.998146	τη
4	1	144	1	10	0	1903	3279	488	15	-1	
5	1	144	1	10	1	1903	3287	2	3	0.000000	.
5	1	144	1	10	2	2268	3289	1	5	0.000000	ι
5	1	144	1	10	3	2306	3289	2	2	0.000000	:
5	1	144	1	10	4	2372	3279	19	14	37.230171	τι
4	1	144	1	11	0	1742	3279	699	67	-1	
5	1	144	1	11	1	1742	3313	87	27	87.748276	΄Ολος
5	1	144	1	11	2	1836	3321	13	13	96.591644	ο
5	1	144	1	11	3	1865	3313	92	29	47.099342	δρόμος
5	1	144	1	11	4	1973	3315	43	21	68.381104	δεν
5	1	144	1	11	5	2033	3310	64	26	6.869164	είναι
5	1	144	1	11	6	2111	3311	72	30	0.000000	μέσα
5	1	144	1	11	7	2186	3306	47	30	0.000000	σε.
5	1	144	1	11	8	2231	3311	86	35	44.344246	πυκνό
5	1	144	1	11	9	2279	3279	162	65	0.000000	..-.
4	1	144	1	12	0	1709	3348	729	31	-1	
5	1	144	1	12	1	1709	3348	69	28	39.891125	λόγω
5	1	144	1	12	2	1798	3356	49	20	73.421844	πης
5	1	144	1	12	3	1862	3350	144	27	64.115341	πυροαγιάς
5	1	144	1	12	4	2017	3351	46	20	60.648033	του
5	1	144	1	12	5	2082	3350	93	26	95.376373	1977,
5	1	144	1	12	6	2189	3350	81	28	95.021950	αλλά,
5	1	144	1	12	7	2287	3351	65	24	48.780979	διότι
5	1	144	1	12	8	2358	3351	61	28	16.126671	δοί-
5	1	144	1	12	9	2434	3364	4	6	1.446777	.
4	1	144	1	13	0	1711	3385	720	29	-1	
5	1	144	1	13	1	1711	3390	86	16	22.431961	σκιεται
5	1	144	1	13	2	1817	3385	28	25	96.282585	εξ
5	1	144	1	13	3	1863	3385	138	28	94.157982	ολοκλήρου
5	1	144	1	13	4	2017	3391	60	22	92.848862	στην
5	1	144	1	13	5	2095	3386	134	28	35.191376	ανατολωωή
5	1	144	1	13	6	2247	3386	115	28	63.668240	πλευρά
5	1	144	1	13	7	2370	3389	65	19	0.000000	:τυ
2	1	145	0	0	0	2085	2261	399	68	-1	
3	1	145	1	0	0	2085	2261	399	68	-1	
4	1	145	1	1	0	2114	2261	370	33	-1	
5	1	145	1	1	1	2114	2257	44	41	44.435329	Απὸ
5	1	145	1	1	2	2171	2269	26	14	44.435329	το
5	1	145	1	1	3	2212	2262	56	21	90.071480	1982
5	1	145	1	1	4	2287	2263	53	24	76.999550	εἶναι
5	1	145	1	1	5	2353	2266	98	28	79.500427	αντιπρὸ.
5	1	145	1	1	6	2482	2261	2	2	92.349403	|
4	1	145	1	2	0	2085	2295	367	34	-1	
5	1	145	1	2	1	2085	2299	61	28	84.924545	θδρος
5	1	145	1	2	2	2160	2306	38	21	91.908951	της
5	1	145	1	2	3	2209	2298	96	29	0.000000	Κὔνησης
5	1	145	1	2	4	2334	2309	38	20	71.303329	γω
5	1	145	1	2	5	2402	2295	50	34	65.691559	την.
2	1	146	0	0	0	2422	2583	774	61	-1	
3	1	146	1	0	0	2422	2583	774	61	-1	
4	1	146	1	1	0	2422	2583	774	61	-1	
5	1	146	1	1	1	2422	2609	4	3	0.000000	.
5	1	146	1	1	2	2449	2583	48	61	0.000000	[λα
5	1	146	1	1	3	2502	2587	99	46	0.000000	ῤγότον,
5	1	146	1	1	4	2612	2595	26	13	69.445190	κι
5	1	146	1	1	5	2651	2587	54	27	89.186363	έχει
5	1	146	1	1	6	2715	2587	45	27	82.588364	µιά
5	1	146	1	1	7	2773	2587	67	21	54.593357	πόσο᾽
5	1	146	1	1	8	2843	2586	132	32	86.520622	απέραντη
5	1	146	1	1	9	2988	2586	55	22	76.318573	θέα᾽
5	1	146	1	1	10	3043	2583	70	42	27.264107	φεοὺς.
5	1	146	1	1	11	3124	2586	72	41	51.215759	τόν
2	1	147	0	0	0	2417	2716	775	83	-1	
3	1	147	1	0	0	2417	2716	775	70	-1	
4	1	147	1	1	0	2417	2716	775	44	-1	
5	1	147	1	1	1	2417	2718	25	30	36.857994	.
5	1	147	1	1	2	2458	2716	152	44	48.672539	επυσφεεφθεύ
5	1	147	1	1	3	2628	2724	64	21	65.785469	φιάθε
5	1	147	1	1	4	2702	2719	214	31	0.000000	«Γεωργιχοιάνος.
5	1	147	1	1	5	2927	2731	29	13	13.599625	το.
5	1	147	1	1	6	2971	2723	141	28	10.274109	ραλοροαέρι.
5	1	147	1	1	7	3122	2731	70	14	67.731255	αυ----
4	1	147	1	2	0	2430	2755	481	44	-1	
5	1	147	1	2	1	2430	2775	4	3	29.900085	.
5	1	147	1	2	2	2457	2759	42	21	92.455772	τόν
5	1	147	1	2	3	2515	2766	42	14	95.584129	τον
5	1	147	1	2	4	2577	2759	53	21	61.669140	νέο.
5	1	147	1	2	5	2636	2759	89	23	19.942841	δαισώθό
5	1	147	1	2	6	2740	2755	76	44	82.686295	δρόµο
5	1	147	1	2	7	2824	2766	87	26	0.000000	σσορι»εὶ
2	1	148	0	0	0	2452	1832	743	72	-1	
3	1	148	1	0	0	2452	1832	743	63	-1	
4	1	148	1	1	0	2452	1832	743	32	-1	
5	1	148	1	1	1	2452	1832	97	26	31.124794	[κοστίζει
5	1	148	1	1	2	2560	1832	67	21	88.391502	2.000
5	1	148	1	1	3	2639	1833	47	27	94.857819	δρχ.
5	1	148	1	1	4	3170	1853	25	11	10.979607	-
4	1	148	1	2	0	2461	1848	707	56	-1	
5	1	148	1	2	1	2461	1867	39	21	66.421104	Γαι
5	1	148	1	2	2	2518	1875	26	14	93.138062	να
5	1	148	1	2	3	2556	1867	166	33	58.993053	εξασφαλίσεπε
5	1	148	1	2	4	2728	1848	148	56	39.923706	προσλήσοις
5	1	148	1	2	5	2884	1849	153	54	46.814747	τηλεφωνείστε
5	1	148	1	2	6	3051	1851	60	48	96.614502	στους
5	1	148	1	2	7	3121	1860	47	30	19.682533	κος.
2	1	149	0	0	0	1650	1883	1519	67	-1	
3	1	149	1	0	0	1650	1883	1519	67	-1	
4	1	149	1	1	0	1650	1883	1519	67	-1	
5	1	149	1	1	1	1650	1883	46	50	0.000000	ᾱ.᾿
5	1	149	1	1	2	1717	1913	39	13	74.741402	που
5	1	149	1	1	3	1771	1906	78	28	80.747696	πέτωχε
5	1	149	1	1	4	1861	1913	27	21	80.341003	µε
5	1	149	1	1	5	1905	1907	114	28	25.182434	προσφυγή
5	1	149	1	1	6	2036	1914	36	14	9.240799	τα
5	1	149	1	1	7	2087	1908	108	21	34.436539	Χχλειστικά
5	1	149	1	1	8	2212	1915	44	31	84.364128	µε
5	1	149	1	1	9	2257	1915	27	14	85.495728	τα
5	1	149	1	1	10	2295	1899	81	51	0.000000	τοπύνὰ
5	1	149	1	1	11	2394	1914	49	21	79.899429	προ-
5	1	149	1	1	12	2460	1903	166	28	71.616096	Κωστοκανέλλη
5	1	149	1	1	13	2643	1903	41	28	93.778885	Χρ:
5	1	149	1	1	14	2700	1902	141	22	87.541542	64.604.888
5	1	149	1	1	15	2830	1898	11	41	65.982330	:
5	1	149	1	1	16	2852	1902	119	29	78.712906	Κουρεμπή
5	1	149	1	1	17	2980	1899	55	25	57.802689	Κατ.
5	1	149	1	1	18	3045	1897	124	27	0.000000	Τπ:Τ6.064
2	1	150	0	0	0	2449	1933	750	165	-1	
3	1	150	1	0	0	2449	1933	718	69	-1	
4	1	150	1	1	0	2449	1933	718	45	-1	
5	1	150	1	1	1	2449	1935	117	31	7.077103	ἸΔίαμιωτὴ
5	1	150	1	1	2	2584	1939	55	21	91.894928	Παν.
5	1	150	1	1	3	2660	1951	7	3	92.965691	-
5	1	150	1	1	4	2681	1938	142	22	4.888519	99.15.6015
5	1	150	1	1	5	2808	1931	18	40	88.801125	-
5	1	150	1	1	6	2837	1933	121	45	0.000000	Τκουζούληη
5	1	150	1	1	7	2973	1937	56	23	46.104908	Διον.
5	1	150	1	1	8	3048	1938	119	30	45.290066	94.959.412
4	1	150	1	2	0	2450	1968	729	45	-1	
5	1	150	1	2	1	2450	1968	160	28	0.000000	γΑγτωνόπουλο
5	1	150	1	2	2	2628	1974	53	28	63.622276	Δημ.
5	1	150	1	2	3	2702	1974	65	28	70.327637	99.11
5	1	150	1	2	4	2772	1969	49	44	73.236778	3998
5	1	150	1	2	5	2840	1972	116	29	63.999676	Φράγκο
5	1	150	1	2	6	2966	1971	157	24	33.534920	Αθαύ..95.90.
5	1	150	1	2	7	3125	1965	54	29	61.685043	861”
3	1	150	2	0	0	2459	2005	744	70	-1	
4	1	150	2	1	0	2459	2007	691	31	-1	
5	1	150	2	1	1	2459	2009	82	22	31.322624	Ῥασσιά
5	1	150	2	1	2	2556	2009	67	23	46.481232	Ἀθαν.
5	1	150	2	1	3	2638	2008	147	23	48.518482	98:96:069
5	1	150	2	1	4	2794	2001	122	37	24.655624	--"Καράλέμα
5	1	150	2	1	5	2927	2008	80	22	75.334396	Βασιλ.
5	1	150	2	1	6	3015	2007	135	23	0.000000	97.55:1τ0:
5	1	150	2	1	7	3192	2005	11	36	0.000000	.
4	1	150	2	2	0	2460	2040	739	58	-1	
5	1	150	2	2	1	2460	2040	123	58	0.000000	Πρνόκωρ
5	1	150	2	2	2	2596	2047	41	28	91.518433	Χρ.
5	1	150	2	2	3	2653	2043	143	25	34.338165	5Τ.10.182΄
5	1	150	2	2	4	2788	2037	11	42	82.566086	-
5	1	150	2	2	5	2808	2041	140	31	0.000000	Πανπάζἑλο
5	1	150	2	2	6	2942	2037	11	42	72.399925	-
5	1	150	2	2	7	2966	2044	74	43	0.000000	Αθ.
5	1	150	2	2	8	3044	2044	68	52	0.000000	ντοι
5	1	150	2	2	9	3122	2043	77	54	0.000000	ὰ.
2	1	151	0	0	0	2459	2082	614	235	-1	
3	1	151	1	0	0	2459	2082	614	112	-1	
4	1	151	1	1	0	2482	2082	531	52	-1	
5	1	151	1	1	1	2482	2117	25	8	0.000000	..
5	1	151	1	1	2	2660	2082	90	46	95.959122	Καλύβα
5	1	151	1	1	3	2766	2086	64	43	38.923611	Τωῶ).
5	1	151	1	1	4	2844	2086	39	39	22.320602	Ἐδ.
5	1	151	1	1	5	2882	2087	41	39	52.939129	58.
5	1	151	1	1	6	2921	2083	65	51	60.522865	688.
5	1	151	1	1	7	3010	2090	3	2	53.515404	'
4	1	151	1	2	0	2459	2121	614	56	-1	
5	1	151	1	2	1	2459	2131	32	21	85.266769	Με
5	1	151	1	2	2	2505	2129	37	30	85.266769	την
5	1	151	1	2	3	2552	2122	70	55	54.710651	Ελπίδα
5	1	151	1	2	4	2635	2132	12	41	87.345627	ὁ
5	1	151	1	2	5	2637	2139	30	13	75.122635	ὅτι
5	1	151	1	2	6	2678	2132	27	20	76.552620	θᾳ
5	1	151	1	2	7	2714	2138	38	18	93.125320	σας
5	1	151	1	2	8	2762	2126	77	32	41.759281	ἐχαύμε
5	1	151	1	2	9	2846	2130	69	25	35.996521	πουτά
5	1	151	1	2	10	2925	2125	54	47	12.720100	μας,
5	1	151	1	2	11	2983	2121	66	49	51.535484	καλής
5	1	151	1	2	12	3054	2138	19	26	79.147232	αν
4	1	151	1	3	0	2736	2162	259	33	-1	
5	1	151	1	3	1	2736	2164	23	24	67.648743	Ὁ
5	1	151	1	3	2	2773	2162	132	36	67.937012	Ἡρόεδρος
5	1	151	1	3	3	2993	2173	2	2	0.000000	ἱ
3	1	151	2	0	0	2650	2185	352	113	-1	
4	1	151	2	1	0	2653	2185	349	57	-1	
5	1	151	2	1	1	2653	2203	46	36	90.883209	ΧΡ.
5	1	151	2	1	2	2704	2185	262	57	13.783173	᾿ΚΟΣΤΟΚΑΝΕΛΛΗΣ
5	1	151	2	1	3	2998	2199	4	3	0.000000	;
4	1	151	2	2	0	2695	2235	271	33	-1	
5	1	151	2	2	1	2695	2230	82	37	73.092377	0:Τεν.
5	1	151	2	2	2	2795	2231	153	37	41.864731	Τραµµαπέας
4	1	151	2	3	0	2650	2261	325	56	-1	
5	1	151	2	3	1	2650	2264	70	44	88.131973	ΔΗΜ.
5	1	151	2	3	2	2727	2261	248	56	0.000000	ΙΑΝΤΩΝΟΠΟΥΛΟΣ
2	1	152	0	0	0	2700	2341	246	47	-1	
3	1	152	1	0	0	2700	2341	246	47	-1	
4	1	152	1	1	0	2700	2341	246	47	-1	
5	1	152	1	1	1	2700	2332	140	56	27.826912	ΠΙΕΠΗΙ
5	1	152	1	1	2	2844	2332	63	55	0.000000	ΣΗΠΙ
2	1	153	0	0	0	2446	2403	752	159	-1	
3	1	153	1	0	0	2446	2403	752	100	-1	
4	1	153	1	1	0	2446	2403	730	31	-1	
5	1	153	1	1	1	2446	2403	147	31	31.454956	{Πωλείται
5	1	153	1	1	2	2608	2411	24	13	96.881142	το
5	1	153	1	1	3	2649	2405	55	20	86.518219	σπίτι
5	1	153	1	1	4	2718	2411	35	13	92.828720	και
5	1	153	1	1	5	2784	2411	25	13	77.441071	ον
5	1	153	1	1	6	2817	2404	63	35	0.000000	κήπαι
5	1	153	1	1	7	2886	2405	62	26	50.990444	της
5	1	153	1	1	8	2964	2403	55	21	84.034653	Βασ.
5	1	153	1	1	9	3030	2403	146	29	0.000000	Παναγιώτη”
4	1	153	1	2	0	2457	2437	719	30	-1	
5	1	153	1	2	1	2457	2439	141	34	76.738724	Καρᾶγιαννη
5	1	153	1	2	2	2614	2447	39	14	88.553734	στα
5	1	153	1	2	3	2671	2439	124	25	57.904289	Τκλεχεῖκα,
5	1	153	1	2	4	2815	2440	48	27	58.100128	Έχει
5	1	153	1	2	5	2877	2440	108	27	70.084221	απέρανδη
5	1	153	1	2	6	3001	2438	40	22	43.399586	θέα
5	1	153	1	2	7	3049	2441	68	26	21.887215	᾽προς"
5	1	153	1	2	8	3124	2437	52	30	0.000000	Αβ-΄
4	1	153	1	3	0	2456	2465	742	64	-1	
5	1	153	1	3	1	2456	2465	69	46	35.118698	καδία,
5	1	153	1	3	2	2538	2483	38	13	60.852722	και
5	1	153	1	3	3	2591	2473	108	25	89.821426	Λακωνία.
5	1	153	1	3	4	2718	2475	161	54	9.020729	Πηροφορίς,
5	1	153	1	3	5	2880	2471	52	37	73.642059	οδὸς
5	1	153	1	3	6	2945	2473	103	54	0.000000	Καροθή
5	1	153	1	3	7	3062	2475	18	21	71.913788	6
5	1	153	1	3	8	3097	2475	84	50	0.000000	Άμπε-΄
5	1	153	1	3	9	3196	2473	2	2	0.000000	ἳ
3	1	153	2	0	0	2468	2505	730	57	-1	
4	1	153	2	1	0	2468	2505	730	57	-1	
5	1	153	2	1	1	2468	2505	75	54	0.000000	Ἄσροοι
5	1	153	2	1	2	2554	2508	84	54	0.000000	τλεφ.
5	1	153	2	1	3	2650	2511	73	22	20.381500	Ττ.δ8.
5	1	153	2	1	4	2726	2507	65	50	61.825172	860.
5	1	153	2	1	5	3166	2515	32	6	32.633102	.
2	1	154	0	0	0	2455	1983	768	570	-1	
3	1	154	1	0	0	2455	1983	768	570	-1	
4	1	154	1	1	0	3150	1983	50	37	-1	
5	1	154	1	1	1	3150	1983	50	37	95.000000	  
4	1	154	1	2	0	3000	2113	205	137	-1	
5	1	154	1	2	1	3000	2113	205	137	95.000000	  
4	1	154	1	3	0	2996	2259	210	187	-1	
5	1	154	1	3	1	2996	2259	210	187	95.000000	  
4	1	154	1	4	0	2455	2446	768	107	-1	
5	1	154	1	4	1	2455	2523	27	30	95.000000	 
5	1	154	1	4	2	3166	2446	57	77	95.000000	   
2	1	155	0	0	0	2967	2123	15	4	-1	
3	1	155	1	0	0	2967	2123	15	4	-1	
4	1	155	1	1	0	2967	2123	15	4	-1	
5	1	155	1	1	1	2967	2123	15	4	95.000000	 
2	1	156	0	0	0	2458	2326	708	9	-1	
3	1	156	1	0	0	2458	2326	708	9	-1	
4	1	156	1	1	0	2458	2326	708	9	-1	
5	1	156	1	1	1	2458	2326	708	9	95.000000	 
2	1	157	0	0	0	2455	2523	769	176	-1	
3	1	157	1	0	0	2455	2523	769	176	-1	
4	1	157	1	1	0	2769	2523	454	30	-1	
5	1	157	1	1	1	2769	2523	454	30	95.000000	 
4	1	157	1	2	0	2455	2553	768	35	-1	
5	1	157	1	2	1	2455	2553	768	35	95.000000	  
4	1	157	1	3	0	3128	2623	96	76	-1	
5	1	157	1	3	1	3128	2623	96	76	95.000000	   
2	1	158	0	0	0	2806	2582	28	1	-1	
3	1	158	1	0	0	2806	2582	28	1	-1	
4	1	158	1	1	0	2806	2582	28	1	-1	
5	1	158	1	1	1	2806	2582	28	1	95.000000	 
2	1	159	0	0	0	2457	2613	725	103	-1	
3	1	159	1	0	0	2457	2613	725	103	-1	
4	1	159	1	1	0	2458	2613	724	51	-1	
5	1	159	1	1	1	2458	2629	11	12	50.605232	κ
5	1	159	1	1	2	2477	2628	64	19	58.922924	ἅμπο
5	1	159	1	1	3	2556	2618	151	42	59.821720	ολόκληρης”
5	1	159	1	1	4	2710	2627	50	21	76.229424	της'
5	1	159	1	1	5	2767	2616	191	41	0.000000	Αανεδάΐμονος
5	1	159	1	1	6	2970	2622	51	20	14.750023	θὲαὺ
5	1	159	1	1	7	3027	2628	57	25	34.463203	της
5	1	159	1	1	8	3086	2613	77	51	30.328590	μισής
5	1	159	1	1	9	3180	2631	2	2	0.000000	[
4	1	159	1	2	0	2458	2651	688	39	-1	
5	1	159	1	2	1	2458	2651	137	30	0.000000	Αεριαδίας,
5	1	159	1	2	2	2607	2662	43	20	51.516361	-με-
5	1	159	1	2	3	2654	2654	124	22	47.461147	απέναντι
5	1	159	1	2	4	2791	2655	50	21	66.828674	τον-
5	1	159	1	2	5	2853	2651	144	39	40.389576	Ἠάρνώνα,,
5	1	159	1	2	6	3006	2651	113	37	0.000000	2σαθισισά
5	1	159	1	2	7	3134	2652	12	11	0.000000	«
4	1	159	1	3	0	2457	2689	712	27	-1	
5	1	159	1	3	1	2457	2689	119	26	0.000000	διαδρομή
5	1	159	1	3	2	2592	2689	141	27	24.763000	µαγευπωσή
5	1	159	1	3	3	2754	2697	54	13	26.979996	και
5	1	159	1	3	4	2808	2685	209	31	0.000000	᾽αμειαλάλησοση,
5	1	159	1	3	5	3029	2693	1	3	26.758118	΄
5	1	159	1	3	6	3037	2685	80	31	50.897263	ἀξίδιὲι
5	1	159	1	3	7	3132	2687	39	23	45.221451	νά
2	1	160	0	0	0	3171	2706	28	38	-1	
3	1	160	1	0	0	3171	2706	28	38	-1	
4	1	160	1	1	0	3171	2706	28	38	-1	
5	1	160	1	1	1	3171	2706	28	38	95.000000	 
2	1	161	0	0	0	2456	2799	16	41	-1	
3	1	161	1	0	0	2456	2799	16	41	-1	
4	1	161	1	1	0	2456	2799	16	41	-1	
5	1	161	1	1	1	2456	2799	16	41	95.000000	 
2	1	162	0	0	0	2887	2767	2	5	-1	
3	1	162	1	0	0	2887	2767	2	5	-1	
4	1	162	1	1	0	2887	2767	2	5	-1	
5	1	162	1	1	1	2887	2767	2	5	95.000000	 
2	1	163	0	0	0	2456	2788	711	56	-1	
3	1	163	1	0	0	2456	2788	711	56	-1	
4	1	163	1	1	0	2456	2788	711	56	-1	
5	1	163	1	1	1	2456	2802	53	20	63.888264	γως
5	1	163	1	1	2	2520	2795	94	49	78.264923	αρκετά
5	1	163	1	1	3	2621	2795	130	27	81.555962	᾿χωράφια
5	1	163	1	1	4	2763	2793	45	29	0.000000	ἆαι
5	1	163	1	1	5	2818	2794	108	28	60.639820	κήπους.
5	1	163	1	1	6	2932	2789	74	27	7.066864	Νά!
5	1	163	1	1	7	3012	2794	22	22	91.896683	Ο
5	1	163	1	1	8	3038	2788	129	35	95.427155	Γιώργος
2	1	164	0	0	0	2456	2799	748	317	-1	
3	1	164	1	0	0	2456	2799	748	317	-1	
4	1	164	1	1	0	2456	2799	743	126	-1	
5	1	164	1	1	1	2456	2799	743	126	95.000000	  
4	1	164	1	2	0	2996	2925	208	96	-1	
5	1	164	1	2	1	2996	2925	208	96	95.000000	   
4	1	164	1	3	0	2945	3021	256	95	-1	
5	1	164	1	3	1	2945	3021	256	95	95.000000	   
2	1	165	0	0	0	2445	2910	577	178	-1	
3	1	165	1	0	0	2445	2910	556	161	-1	
4	1	165	1	1	0	2455	2910	544	70	-1	
5	1	165	1	1	1	2455	2916	30	46	67.564026	Γ.
5	1	165	1	1	2	2494	2910	105	65	0.000000	Βὐνιου
5	1	165	1	1	3	2610	2939	37	31	92.939415	ότι
5	1	165	1	1	4	2660	2919	34	43	67.035110	θα
5	1	165	1	1	5	2701	2925	129	55	0.000000	πήγαιναν
5	1	165	1	1	6	2843	2934	45	34	90.089943	μια
5	1	165	1	1	7	2892	2931	58	37	1.624565	'μέρι
5	1	165	1	1	8	2962	2967	3	2	39.830589	Ἶ
5	1	165	1	1	9	2966	2930	33	44	0.000000	-μι
4	1	165	1	2	0	2445	2973	556	47	-1	
5	1	165	1	2	1	2445	2972	156	33	43.886986	;αγαζημένό
5	1	165	1	2	2	2618	2979	60	26	0.000000	ἑους
5	1	165	1	2	3	2692	2977	108	43	0.000000	χωράφα
5	1	165	1	2	4	2830	2973	70	42	84.183334	Τους
5	1	165	1	2	5	2913	2973	88	45	0.000000	σοροσεύ
4	1	165	1	3	0	2455	3008	567	47	-1	
5	1	165	1	3	1	2455	3021	29	13	96.937172	το
5	1	165	1	3	2	2492	3008	145	47	20.295380	2αλοκκαίρε,
5	1	165	1	3	3	2652	3014	77	36	51.760883	γυατί
5	1	165	1	3	4	2735	3013	52	37	96.716316	έχω
5	1	165	1	3	5	2800	3011	23	38	67.659927	ν
5	1	165	1	3	6	2825	3008	100	46	31.713982	᾽ανεέώ
5	1	165	1	3	7	2930	3010	92	43	0.000000	σον
4	1	165	1	4	0	2456	3047	276	41	-1	
5	1	165	1	4	1	2448	3049	55	26	71.000397	-από
5	1	165	1	4	2	2519	3057	36	24	96.013924	το
5	1	165	1	4	3	2575	3049	18	39	88.950630	1
5	1	165	1	4	4	2597	3047	86	37	50.459167	9δ6.
5	1	165	1	4	5	2718	3047	14	3	71.278595	.
2	1	166	0	0	0	2445	3083	754	189	-1	
3	1	166	1	0	0	2445	3083	754	189	-1	
4	1	166	1	1	0	2477	3083	722	52	-1	
5	1	166	1	1	1	2477	3085	59	44	45.457397	Ἔπν
5	1	166	1	1	2	2550	3103	115	27	6.911240	ευκαιρία
5	1	166	1	1	3	2675	3110	43	14	96.148262	του
5	1	166	1	1	4	2734	3102	61	21	72.473831	νέου.
5	1	166	1	1	5	2786	3093	1	3	68.381813	ν
5	1	166	1	1	6	2806	3093	75	36	96.893501	έτους
5	1	166	1	1	7	2890	3109	32	14	93.682571	σε
5	1	166	1	1	8	2930	3083	178	52	28.808044	τηλοφωνωκή.
5	1	166	1	1	9	3115	3110	46	20	0.000000	μα
5	1	166	1	1	10	3170	3111	29	16	0.000000	ον
4	1	166	1	2	0	2456	3122	735	48	-1	
5	1	166	1	2	1	2456	3122	149	48	86.594406	ουνδιάλεξη
5	1	166	1	2	2	2621	3146	14	13	73.487015	ο
5	1	166	1	2	3	2650	3147	24	12	73.487015	κ.
5	1	166	1	2	4	2690	3138	147	33	90.853439	Αθανάσιὸς
5	1	166	1	2	5	2846	3137	34	25	41.007965	1...
5	1	166	1	2	6	2889	3137	120	29	31.382515	Βύνιος..
5	1	166	1	2	7	3020	3137	171	29	24.311668	σιιέραρχος.-:
4	1	166	1	3	0	2456	3173	716	29	-1	
5	1	166	1	3	1	2456	3173	48	29	23.295395	ἐ-ά.
5	1	166	1	3	2	2518	3181	51	21	81.923302	µας
5	1	166	1	3	3	2578	3167	155	33	0.000000	 διαξιθάζει:
5	1	166	1	3	4	2743	3181	40	19	47.023705	σις
5	1	166	1	3	5	2799	3173	76	28	93.235260	ευχές
5	1	166	1	3	6	2891	3181	47	21	84.555161	του-
5	1	166	1	3	7	2954	3181	56	14	61.776024	και.
5	1	166	1	3	8	3023	3173	149	28	50.859261	“προσθέτει;
4	1	166	1	4	0	2448	3208	718	29	-1	
5	1	166	1	4	1	2448	3209	52	26	31.432861	ότι,
5	1	166	1	4	2	2506	3209	45	21	95.333801	θα
5	1	166	1	4	3	2570	3216	45	16	96.438934	του
5	1	166	1	4	4	2632	3209	73	22	82.181679	είναι.
5	1	166	1	4	5	2712	3209	117	22	50.911674	δύσοιολο
5	1	166	1	4	6	2835	3209	76	27	57.957596	Λόγω
5	1	166	1	4	7	2913	3208	116	28	10.339188	ηλωιῖας,
5	1	166	1	4	8	3045	3217	45	14	63.853569	να:
5	1	166	1	4	9	3096	3209	70	28	93.395012	έρθει
4	1	166	1	5	0	2445	3244	706	28	-1	
5	1	166	1	5	1	2445	3246	37	20	38.583153	το
5	1	166	1	5	2	2492	3245	129	27	23.248016	προσεχές
5	1	166	1	5	3	2630	3245	138	27	20.200607	καλοκαίρι
5	1	166	1	5	4	2778	3253	42	19	61.275944	για
5	1	166	1	5	5	2829	3253	34	13	49.314713	να
5	1	166	1	5	6	2876	3244	189	28	47.446259	εισνιεφθούμε
5	1	166	1	5	7	3070	3253	38	18	49.803726	πο
5	1	166	1	5	8	3120	3245	31	27	47.148323	δρι
2	1	167	0	0	0	3151	3164	48	102	-1	
3	1	167	1	0	0	3151	3164	48	102	-1	
4	1	167	1	1	0	3154	3164	20	50	-1	
5	1	167	1	1	1	3154	3169	16	45	95.000000	  
5	1	167	1	1	2	3172	3164	2	27	95.000000	 
4	1	167	1	2	0	3151	3218	48	48	-1	
5	1	167	1	2	1	3151	3218	48	48	95.000000	   
2	1	168	0	0	0	2441	3280	750	28	-1	
3	1	168	1	0	0	2441	3280	750	28	-1	
4	1	168	1	1	0	2441	3280	750	28	-1	
5	1	168	1	1	1	2441	3280	134	22	0.000000	Ισόλουστο
5	1	168	1	1	2	2588	3280	75	22	9.081429	έουνό
5	1	168	1	1	3	2676	3288	65	20	56.359283	.µας.
5	1	168	1	1	4	2758	3280	45	22	94.442947	Θα
5	1	168	1	1	5	2809	3281	67	27	62.875614	πάμε
5	1	168	1	1	6	2885	3280	57	22	95.642403	όσοι
5	1	168	1	1	7	2953	3280	170	28	32.629456	μπορέσουμε.
5	1	168	1	1	8	3129	3280	62	22	30.616028	«Α::.
2	1	169	0	0	0	2441	3309	732	101	-1	
3	1	169	1	0	0	2454	3309	719	100	-1	
4	1	169	1	1	0	2454	3309	719	46	-1	
5	1	169	1	1	1	2454	3316	89	27	37.228298	πό-τιες
5	1	169	1	1	2	2556	3309	163	46	25.553940	οωιογένειες,
5	1	169	1	1	3	2732	3316	41	21	19.018822	Γι
5	1	169	1	1	4	2781	3316	104	26	19.018822	βύνιου,,
5	1	169	1	1	5	2895	3316	134	28	12.272072	Αλούση,'
5	1	169	1	1	6	3051	3315	122	27	28.298325	Γολένας,
4	1	169	1	2	0	2441	3345	705	65	-1	
5	1	169	1	2	1	2441	3351	69	59	1.405167	-
5	1	169	1	2	2	2592	3345	247	62	0.000000	Παρασκόπουλου,,
5	1	169	1	2	3	2846	3351	180	29	51.411209	Κλουζσούγη,.
5	1	169	1	2	4	3040	3351	81	23	0.000000	--νειά.
4	1	169	1	3	0	2476	3387	625	23	-1	
5	1	169	1	3	1	2476	3395	2	2	40.289440	;
5	1	169	1	3	2	2991	3387	107	23	0.000000	Κ.Η.Ι
2	1	170	0	0	0	3094	3357	109	60	-1	
3	1	170	1	0	0	3094	3357	109	60	-1	
4	1	170	1	1	0	3094	3357	109	60	-1	
5	1	170	1	1	1	3094	3357	109	60	95.000000	  
