level	page_num	block_num	par_num	line_num	word_num	left	top	width	height	conf	text
1	1	0	0	0	0	0	0	2542	3509	-1	
2	1	1	0	0	0	0	41	2513	36	-1	
3	1	1	1	0	0	0	41	2513	36	-1	
4	1	1	1	1	0	0	41	2513	36	-1	
5	1	1	1	1	1	0	41	2513	36	95.000000	 
2	1	2	0	0	0	55	914	636	47	-1	
3	1	2	1	0	0	55	914	636	47	-1	
4	1	2	1	1	0	55	914	636	47	-1	
5	1	2	1	1	1	55	922	52	29	0.000000	ἴζει
5	1	2	1	1	2	112	927	82	24	68.279404	τίποπε,
5	1	2	1	1	3	209	927	38	21	80.265213	κι”
5	1	2	1	1	4	256	929	55	26	96.106812	ὅμως
5	1	2	1	1	5	323	929	62	21	82.252541	εἶναι
5	1	2	1	1	6	388	914	51	47	0.000000	πος.
5	1	2	1	1	7	444	930	41	23	61.867729	σαν
5	1	2	1	1	8	496	934	115	26	57.034645	Ἡμερήσια,
5	1	2	1	1	9	632	943	59	4	0.000000	Ἱ----
2	1	3	0	0	0	79	161	209	24	-1	
3	1	3	1	0	0	79	161	209	24	-1	
4	1	3	1	1	0	79	161	209	24	-1	
5	1	3	1	1	1	79	161	162	24	28.255661	ΤΕΩΡΕΕΤΣΕ
2	1	4	0	0	0	173	230	168	61	-1	
3	1	4	1	0	0	173	230	168	61	-1	
4	1	4	1	1	0	173	230	168	61	-1	
5	1	4	1	1	1	173	230	168	61	25.399406	ΝΛΟΙΝΙΣΗ
2	1	5	0	0	0	77	304	357	66	-1	
3	1	5	1	0	0	77	304	357	66	-1	
4	1	5	1	1	0	103	304	330	32	-1	
5	1	5	1	1	1	103	304	110	28	10.034561	Σύμφωνα
5	1	5	1	1	2	225	313	27	21	95.388573	µε
5	1	5	1	1	3	267	313	33	18	93.130096	τις
5	1	5	1	1	4	311	307	21	28	82.608086	ὃ)
5	1	5	1	1	5	339	307	43	26	57.688976	ξεις
5	1	5	1	1	6	397	315	36	21	96.312782	της
4	1	5	1	2	0	77	339	357	31	-1	
5	1	5	1	2	1	77	339	119	29	0.000000	Ἐκλογωσῆς
5	1	5	1	2	2	217	341	132	29	60.604393	Νομιαθεσίος
5	1	5	1	2	3	370	344	64	23	50.197483	απὲ-
2	1	6	0	0	0	441	244	678	106	-1	
3	1	6	1	0	0	441	244	683	106	-1	
4	1	6	1	1	0	441	244	678	106	-1	
5	1	6	1	1	1	441	272	4	6	0.000000	Ὅ
5	1	6	1	1	2	490	244	295	106	0.000000	Ανακηνήσεις
5	1	6	1	1	3	743	248	135	101	0.000000	Ι6τῃς
5	1	6	1	1	4	899	262	220	71	34.829948	Νυμρχίας
2	1	7	0	0	0	69	344	1109	805	-1	
3	1	7	1	0	0	69	344	1105	802	-1	
4	1	7	1	1	0	261	344	898	54	-1	
5	1	7	1	1	1	261	378	5	4	19.261032	ν
5	1	7	1	1	2	372	379	5	5	0.000000	.
5	1	7	1	1	3	469	349	26	33	93.317856	ο
5	1	7	1	1	4	502	344	252	53	38.161407	ΕΓΚΑΙΝΊΑΣΘΗΚΕ
5	1	7	1	1	5	769	373	45	19	93.024277	στις
5	1	7	1	1	6	833	350	34	38	48.023582	14
5	1	7	1	1	7	870	367	65	22	81.197052	12-86
5	1	7	1	1	8	951	375	24	15	86.474228	το
5	1	7	1	1	9	986	369	83	29	90.200569	Κέντρο
5	1	7	1	1	10	1082	370	77	28	94.767349	Υγείας
4	1	7	1	2	0	76	377	1015	50	-1	
5	1	7	1	2	1	76	382	80	21	28.559616	Ἀφησαυ
5	1	7	1	2	2	173	383	23	13	90.132217	το
5	1	7	1	2	3	211	377	104	28	0.000000	δωέωμαι
5	1	7	1	2	4	331	373	56	51	22.273415	αλλό,
5	1	7	1	2	5	399	373	39	51	46.612720	και
5	1	7	1	2	6	449	396	88	23	76.537796	Συθείαυ,
5	1	7	1	2	7	559	406	39	14	95.738060	που
5	1	7	1	2	8	614	400	27	20	91.466782	θα
5	1	7	1	2	9	653	400	151	26	9.778610	εξυπηρετήσει
5	1	7	1	2	10	847	410	9	14	96.329582	ὄχι
5	1	7	1	2	11	883	403	36	22	78.083153	μόνο
5	1	7	1	2	12	930	411	36	14	56.884140	ους
5	1	7	1	2	13	994	406	97	21	26.289505	χατούκο
4	1	7	1	3	0	144	399	1015	47	-1	
5	1	7	1	3	1	144	412	77	27	65.287422	υποχρέ
5	1	7	1	3	2	321	399	113	47	54.204773	εγγραφἠς
5	1	7	1	3	3	494	414	51	9	32.597847	σον
5	1	7	1	3	4	705	402	80	27	62.511841	ηρετήσ
5	1	7	1	3	5	822	403	30	34	90.834091	ὄχι
5	1	7	1	3	6	868	411	15	20	0.000000	Μ
5	1	7	1	3	7	968	412	11	17	82.757286	5
5	1	7	1	3	8	1036	414	68	17	0.000000	Ὄώνους
5	1	7	1	3	9	1120	415	39	20	96.208107	της
4	1	7	1	4	0	77	413	996	67	-1	
5	1	7	1	4	1	77	413	40	47	27.660233	τν
5	1	7	1	4	2	140	457	2	8	62.814594	Ὃ
5	1	7	1	4	3	164	419	40	49	3.877243	αν
5	1	7	1	4	4	219	416	66	64	2.905411	οι
5	1	7	1	4	5	285	450	41	20	0.000000	οιοῦ
5	1	7	1	4	6	448	433	73	31	90.781960	πόλης,
5	1	7	1	4	7	534	435	55	20	77.636124	αλλό,
5	1	7	1	4	8	602	435	105	29	94.763130	ολόκληρη
5	1	7	1	4	9	721	444	25	20	96.917007	τη
5	1	7	1	4	10	760	437	71	32	87.604576	Μάνη,
5	1	7	1	4	11	843	439	92	27	52.530575	στοίχισε
5	1	7	1	4	12	945	439	28	22	61.630219	9ὔ
5	1	7	1	4	13	988	448	85	21	17.287865	εκατομ.
4	1	7	1	5	0	77	453	1081	53	-1	
5	1	7	1	5	1	77	453	48	34	0.000000	Όρος
5	1	7	1	5	2	154	454	48	18	0.000000	πυρ
5	1	7	1	5	3	240	457	101	35	0.000000	πργωρης
5	1	7	1	5	4	371	457	62	15	0.000000	Ἠαπο
5	1	7	1	5	5	468	467	22	22	37.865646	ϕ
5	1	7	1	5	6	505	467	324	34	90.554031	ΗΡΑΓΜΑΤΟΠΟΙΗΘΗΚΕ
5	1	7	1	5	7	844	481	45	18	69.491760	σεις
5	1	7	1	5	8	905	475	101	22	75.913002	10-19-86
5	1	7	1	5	9	1026	484	36	14	93.270576	στο
5	1	7	1	5	10	1074	477	84	29	60.715260	Νομαρ-
4	1	7	1	6	0	75	482	357	30	-1	
5	1	7	1	6	1	75	482	75	28	91.884880	λόγους
5	1	7	1	6	2	160	489	43	15	85.513763	των
5	1	7	1	6	3	217	482	77	30	80.379440	Δήμων
5	1	7	1	6	4	309	491	35	15	68.704163	και
5	1	7	1	6	5	358	484	74	23	62.433182	Κοινο-
4	1	7	1	7	0	92	505	1065	41	-1	
5	1	7	1	7	1	92	518	51	21	16.510574	Ίπων
5	1	7	1	7	2	161	525	39	21	95.109161	της
5	1	7	1	7	3	215	519	79	25	93.215897	Χώρας
5	1	7	1	7	4	307	521	45	21	90.186996	ὅσοι
5	1	7	1	7	5	447	505	64	26	49.871735	Χιακό
5	1	7	1	7	6	523	505	132	33	2.355644	Καπάστημα
5	1	7	1	7	7	670	508	127	28	49.174465	συνεδρίαση
5	1	7	1	7	8	816	517	38	19	87.122681	της
5	1	7	1	7	9	869	509	152	30	16.496574	Νομαρχιῆς
5	1	7	1	7	10	1038	512	119	30	50.862106	Επιτροπής
4	1	7	1	8	0	74	525	1082	65	-1	
5	1	7	1	8	1	74	525	38	49	36.373161	κ,
5	1	7	1	8	2	130	561	58	14	46.157574	ωσαν
5	1	7	1	8	3	207	562	23	14	80.278473	τὸ
5	1	7	1	8	4	250	527	18	48	0.000000	τ
5	1	7	1	8	5	263	555	13	21	54.454132	Β
5	1	7	1	8	6	293	555	47	26	0.000000	έτος
5	1	7	1	8	7	382	528	52	54	15.561714	κι
5	1	7	1	8	8	449	531	101	48	95.387688	Παιδείας
5	1	7	1	8	9	562	549	35	18	95.998817	του
5	1	7	1	8	10	606	541	87	29	11.319595	Νομού.
5	1	7	1	8	11	708	539	70	43	39.521004	Ἔχγωε
5	1	7	1	8	12	786	541	110	49	92.099983	εισήγηση
5	1	7	1	8	13	910	554	37	20	26.995316	Ύνα
5	1	7	1	8	14	963	547	82	29	72.696571	ἵδρυση,
5	1	7	1	8	15	1060	556	96	21	21.079575	προαγω-
4	1	7	1	9	0	73	561	1101	57	-1	
5	1	7	1	9	1	73	561	69	53	0.000000	ἁας
5	1	7	1	9	2	156	596	47	18	96.669403	τους,
5	1	7	1	9	3	230	590	99	28	95.649162	Ἕλληνες
5	1	7	1	9	4	329	564	52	49	0.000000	.
5	1	7	1	9	5	392	564	42	50	40.857925	ο
5	1	7	1	9	6	446	573	41	30	53.453560	γῆν
5	1	7	1	9	7	496	573	133	42	63.679005	υποβιβασμὀ,
5	1	7	1	9	8	642	581	4	22	9.174057	᾿
5	1	7	1	9	9	649	579	128	29	0.000000	Ἀαπδργηση
5	1	7	1	9	10	786	581	22	21	72.735153	κ᾿
5	1	7	1	9	11	822	581	137	29	94.770599	συγχώνευση
5	1	7	1	9	12	973	582	54	29	92.781624	Δημ.
5	1	7	1	9	13	1035	584	120	28	92.946800	Σχολείων.
5	1	7	1	9	14	1171	613	3	2	0.000000	ι
4	1	7	1	10	0	72	602	1083	54	-1	
5	1	7	1	10	1	72	624	84	26	57.919838	χηνίδες
5	1	7	1	10	2	169	602	98	53	63.994431	πολίτες,
5	1	7	1	10	3	279	602	49	53	67.464813	ὅσοι
5	1	7	1	10	4	336	628	95	28	13.685272	«δηλαδή
5	1	7	1	10	5	466	611	22	25	52.899124	6
5	1	7	1	10	6	506	612	243	24	93.442703	ΕΓΚΑΙΝΙΑΣΤΗΚΕ
5	1	7	1	10	7	763	623	44	18	72.536232	σας
5	1	7	1	10	8	824	617	105	22	92.113846	91-19-86
5	1	7	1	10	9	940	619	42	21	82.246162	απὀ
5	1	7	1	10	10	995	627	24	13	96.924828	το
5	1	7	1	10	11	1050	619	105	30	92.126778	Νομάρχη
4	1	7	1	11	0	85	631	1072	58	-1	
5	1	7	1	11	1	85	631	28	21	24.420593	κ
5	1	7	1	11	2	139	661	11	20	0.000000	ϱ
5	1	7	1	11	3	259	643	5	8	13.406693	ε
5	1	7	1	11	4	447	647	78	29	40.324280	Τιάννη
5	1	7	1	11	5	540	649	119	28	79.991135	Σαβαλάνο,
5	1	7	1	11	6	673	658	24	24	93.058487	το
5	1	7	1	11	7	714	651	35	22	77.703979	γὲο
5	1	7	1	11	8	766	650	104	30	44.909752	Δηματικὸ
5	1	7	1	11	9	886	653	89	28	89.962151	Σχολείο
5	1	7	1	11	10	999	651	158	38	37.202641	Φλωμοχωρίου
4	1	7	1	12	0	72	662	817	48	-1	
5	1	7	1	12	1	72	659	135	29	36.351463	Ὑεννήθηραν
5	1	7	1	12	2	219	669	25	13	90.385757	το
5	1	7	1	12	3	260	662	46	25	86.736511	ἔτος
5	1	7	1	12	4	322	662	69	22	95.923309	1969.
5	1	7	1	12	5	401	663	29	26	88.291824	Ὡς
5	1	7	1	12	6	461	691	9	13	50.619545	5
5	1	7	1	12	7	486	684	15	20	92.889931	4
5	1	7	1	12	8	513	685	84	26	14.648834	αἴθοωσες,
5	1	7	1	12	9	631	692	92	16	56.252827	στοίχισε
5	1	7	1	12	10	734	687	29	21	89.848145	20
5	1	7	1	12	11	774	695	41	14	46.611000	εχα;
5	1	7	1	12	12	877	690	12	20	65.534836	δ
4	1	7	1	13	0	171	691	754	34	-1	
5	1	7	1	13	1	171	697	33	21	19.794464	νι
5	1	7	1	13	2	227	698	119	27	35.048210	γεννἡσεώς
5	1	7	1	13	3	382	706	47	18	0.000000	τους
5	1	7	1	13	4	599	693	18	17	46.134953	ον
5	1	7	1	13	5	654	687	59	27	40.838882	στοέχισ
5	1	7	1	13	6	814	695	46	21	26.011017	ον.
5	1	7	1	13	7	889	697	36	20	0.000000	9ΡΧ.
4	1	7	1	14	0	73	698	1089	57	-1	
5	1	7	1	14	1	73	698	97	57	11.333252	μάνα
5	1	7	1	14	2	465	719	22	21	73.989845	ϱ
5	1	7	1	14	3	505	719	117	23	94.135880	ΕΓΙΝΑΝ
5	1	7	1	14	4	630	729	43	17	86.166748	στις
5	1	7	1	14	5	689	723	102	21	96.641945	18-19-86
5	1	7	1	14	6	808	732	27	13	93.260223	τα
5	1	7	1	14	7	850	725	97	27	0.000000	εγκαύλα
5	1	7	1	14	8	960	733	35	15	80.397446	του
5	1	7	1	14	9	1007	728	48	20	93.149490	νέου
5	1	7	1	14	10	1068	727	94	23	14.582428	Αππιλο-
4	1	7	1	15	0	87	733	353	30	-1	
5	1	7	1	15	1	87	738	96	21	79.015923	εωρείται
5	1	7	1	15	2	201	740	17	20	92.560448	η
5	1	7	1	15	3	232	733	36	28	47.567177	«ἴη
5	1	7	1	15	4	305	733	135	30	38.500565	Ἰανουαρίυ.
4	1	7	1	16	0	72	752	1080	40	-1	
5	1	7	1	16	1	72	773	36	15	93.257919	που
5	1	7	1	16	2	125	767	58	25	73.448776	ἔτους
5	1	7	1	16	3	198	769	73	21	65.791061	αυπού.
5	1	7	1	16	4	436	752	94	37	64.441666	[λογωιοῦ
5	1	7	1	16	5	545	756	158	29	32.912613	Μηχανήµατος
5	1	7	1	16	6	721	765	37	16	88.027496	που
5	1	7	1	16	7	770	759	147	31	87.958817	Νασοχομείου
5	1	7	1	16	8	930	761	92	23	75.049774	Μολάων
5	1	7	1	16	9	1036	763	61	26	95.414078	αξίας
5	1	7	1	16	10	1117	764	35	21	89.063988	15.
4	1	7	1	17	0	444	790	711	35	-1	
5	1	7	1	17	1	444	790	97	22	70.390991	000.000.
5	1	7	1	17	2	556	793	48	27	91.060165	δρχ.
5	1	7	1	17	3	618	794	71	24	61.916607	καθώς
5	1	7	1	17	4	700	801	35	14	81.185959	και
5	1	7	1	17	5	748	795	117	34	64.517151	μηχάνημα
5	1	7	1	17	6	878	797	111	28	92.263283	υπερήχων
5	1	7	1	17	7	1002	797	153	24	68.077431	5.000.000
4	1	7	1	18	0	365	817	789	45	-1	
5	1	7	1	18	1	365	841	2	2	0.000000	ἳ
5	1	7	1	18	2	434	817	5	42	49.447552	|
5	1	7	1	18	3	464	825	22	21	55.561047	9
5	1	7	1	18	4	502	827	41	21	74.904022	ΝΕ
5	1	7	1	18	5	555	827	219	24	92.365608	ΕΠΙΣΗΜΟΤΗΤΑ
5	1	7	1	18	6	790	838	37	14	75.130493	και
5	1	7	1	18	7	840	836	26	23	87.053986	µε
5	1	7	1	18	8	880	832	91	28	96.232170	δεξίωση
5	1	7	1	18	9	986	841	36	13	91.632629	του
5	1	7	1	18	10	1038	833	116	29	76.078369	Νομάρχου
4	1	7	1	19	0	147	837	772	55	-1	
5	1	7	1	19	1	147	837	51	38	48.668701	ΕΗΛ
5	1	7	1	19	2	213	837	145	41	11.063690	ΧΛΜ(ΓΕΛΑ
5	1	7	1	19	3	443	863	140	27	28.892876	γιορπάστηροε
5	1	7	1	19	4	596	871	13	21	92.585922	η
5	1	7	1	19	5	626	864	27	28	75.205284	1η
5	1	7	1	19	6	670	872	35	14	77.405479	του
5	1	7	1	19	7	720	866	46	20	61.999466	νέου
5	1	7	1	19	8	781	867	58	25	91.691795	ἔτους
5	1	7	1	19	9	854	867	65	21	90.160286	1997.
4	1	7	1	20	0	102	887	1049	71	-1	
5	1	7	1	20	1	102	891	50	21	25.517654	Ἕνα
5	1	7	1	20	2	167	888	111	49	34.631393	χαμόγελο
5	1	7	1	20	3	290	893	34	23	96.678459	δεν
5	1	7	1	20	4	348	887	80	49	42.775307	στοιχί-
5	1	7	1	20	5	435	918	9	14	43.981178	,
5	1	7	1	20	6	464	897	21	21	80.034882	9
5	1	7	1	20	7	505	897	210	35	88.499794	ΚΑΘΟΡΙΣΤΗΚΕ
5	1	7	1	20	8	735	909	25	39	28.267891	η
5	1	7	1	20	9	761	903	132	49	31.938705	ημερίδα
5	1	7	1	20	10	906	899	165	59	12.927231	παρφιάτοια,
5	1	7	1	20	11	1088	905	63	43	60.737461	Νέον
4	1	7	1	21	0	69	946	1085	61	-1	
5	1	7	1	21	1	69	956	81	36	16.780998	λύτυμο.
5	1	7	1	21	2	434	986	4	19	47.971222	ἱ
5	1	7	1	21	3	462	966	22	20	60.124634	6
5	1	7	1	21	4	500	967	67	30	95.385246	ΣΤΙΣ
5	1	7	1	21	5	578	969	85	27	38.762440	εκλογές
5	1	7	1	21	6	677	977	38	20	93.252380	της
5	1	7	1	21	7	727	971	86	21	45.538502	11-1-ΒΤ
5	1	7	1	21	8	826	979	38	19	88.421959	για
5	1	7	1	21	9	876	979	39	20	71.923775	την
5	1	7	1	21	10	926	952	101	50	48.254017	ανάδειξη
5	1	7	1	21	11	1040	975	15	20	95.853325	4
5	1	7	1	21	12	1065	946	89	61	55.144669	Νομαρ.
4	1	7	1	22	0	100	995	1051	48	-1	
5	1	7	1	22	1	100	995	110	27	86.357819	Πλουτίζει
5	1	7	1	22	2	227	999	80	21	57.803909	εκείνον
5	1	7	1	22	3	333	1006	40	14	93.769531	που
5	1	7	1	22	4	403	1007	23	14	91.504753	το
5	1	7	1	22	5	434	994	88	35	30.720329	χεχκὼν
5	1	7	1	22	6	535	1002	134	29	63.913132	Συμβούλων,
5	1	7	1	22	7	684	1006	36	26	88.826706	γιά
5	1	7	1	22	8	736	1013	37	20	96.390053	την
5	1	7	1	22	9	787	1008	92	26	92.418159	επαρχία
5	1	7	1	22	10	893	1007	157	30	0.000000	Λαιεδαύμονος
5	1	7	1	22	11	1063	1006	88	37	5.730911	εξελέγη
4	1	7	1	23	0	70	1026	691	43	-1	
5	1	7	1	23	1	70	1031	91	28	91.508881	δέχεται,
5	1	7	1	23	2	181	1033	65	27	74.172081	χωρίς
5	1	7	1	23	3	263	1041	25	14	96.910728	να
5	1	7	1	23	4	311	1026	112	42	23.959763	φτωχαίνει
5	1	7	1	23	5	432	1030	23	34	13.473907	|
5	1	7	1	23	6	470	1045	21	13	87.018524	κ.
5	1	7	1	23	7	506	1037	120	30	76.524864	Χρυσάνθη
5	1	7	1	23	8	639	1040	122	29	63.536282	Σούμπαση.
4	1	7	1	24	0	69	1069	250	22	-1	
5	1	7	1	24	1	69	1067	81	22	70.238953	εκείνον
5	1	7	1	24	2	167	1075	39	13	94.146988	που
5	1	7	1	24	3	223	1075	23	15	94.916626	το
5	1	7	1	24	4	260	1069	59	22	73.020317	δίνει.
4	1	7	1	25	0	98	1099	1080	50	-1	
5	1	7	1	25	1	98	1102	40	22	96.558578	Δεν
5	1	7	1	25	2	152	1103	80	27	67.202209	διαρκεί
5	1	7	1	25	3	256	1105	59	27	14.435966	παρὰ
5	1	7	1	25	4	338	1103	97	46	71.464386	μονάχα
5	1	7	1	25	5	440	1109	50	27	50.016296	25-1
5	1	7	1	25	6	505	1117	44	21	10.549843	ση.
5	1	7	1	25	7	554	1099	124	45	30.680840	Κουότητα,
5	1	7	1	25	8	686	1104	114	36	3.359634	Απτερίου,
5	1	7	1	25	9	812	1116	30	26	59.889503	με.
5	1	7	1	25	10	849	1122	25	20	59.889503	τη
5	1	7	1	25	11	889	1117	119	27	60.657574	συμμετοχή
5	1	7	1	25	12	1017	1125	44	24	65.257675	νου.
5	1	7	1	25	13	1075	1117	103	31	50.133686	Νομᾶρ
2	1	8	0	0	0	432	1063	747	50	-1	
3	1	8	1	0	0	432	1063	747	50	-1	
4	1	8	1	1	0	432	1063	747	50	-1	
5	1	8	1	1	1	432	1063	51	31	4.625153	9
5	1	8	1	1	2	501	1073	122	32	0.000000	ΜΕΓΑΛΗ
5	1	8	1	1	3	637	1076	64	28	79.424286	λαϊκή
5	1	8	1	1	4	710	1078	122	29	86.628601	συνέλευση
5	1	8	1	1	5	862	1065	216	48	42.174820	πραγμαποποιήθηριε
5	1	8	1	1	6	1106	1089	43	19	93.472092	στις
5	1	8	1	1	7	1175	1093	4	15	67.619553	|
2	1	9	0	0	0	300	202	1478	33	-1	
3	1	9	1	0	0	300	202	1478	33	-1	
4	1	9	1	1	0	300	202	1478	33	-1	
5	1	9	1	1	1	300	202	1478	33	95.000000	 
2	1	10	0	0	0	1242	231	228	97	-1	
3	1	10	1	0	0	1242	231	228	97	-1	
4	1	10	1	1	0	1242	231	228	97	-1	
5	1	10	1	1	1	1242	280	16	21	0.000000	τ
5	1	10	1	1	2	1281	231	68	97	46.985497	ΗΝ
5	1	10	1	1	3	1364	269	106	39	22.133682	ΙΣΤΡΙΛ
2	1	11	0	0	0	1186	331	391	625	-1	
3	1	11	1	0	0	1192	331	357	271	-1	
4	1	11	1	1	0	1211	331	234	60	-1	
5	1	11	1	1	1	1211	351	76	38	0.000000	᾿Ἕνας
5	1	11	1	1	2	1299	331	146	60	20.077812	πάμπλουτος
4	1	11	1	2	0	1192	428	357	32	-1	
5	1	11	1	2	1	1192	428	47	27	89.757553	βρει
5	1	11	1	2	2	1252	429	69	28	73.646988	νύφη:
5	1	11	1	2	3	1332	429	18	22	35.625778	Ο.
5	1	11	1	2	4	1367	431	130	27	0.000000	προξενητῆς
5	1	11	1	2	5	1514	439	35	21	92.745850	αρ-
4	1	11	1	3	0	1193	463	356	32	-1	
5	1	11	1	3	1	1193	463	54	27	83.487343	χίζει
5	1	11	1	3	2	1260	465	126	27	70.668816	αμέσως
5	1	11	1	3	3	1358	459	26	37	81.682686	να
5	1	11	1	3	4	1396	466	81	22	23.731133	Άλέκει.
5	1	11	1	3	5	1485	473	24	15	92.753525	το
5	1	11	1	3	6	1524	475	25	20	95.378700	ΕΥ
4	1	11	1	4	0	1192	499	357	31	-1	
5	1	11	1	4	1	1192	499	66	28	45.451935	Χώμιο
5	1	11	1	4	2	1272	501	53	26	67.662041	μιάς
5	1	11	1	4	3	1335	502	52	20	91.219757	πολύ
5	1	11	1	4	4	1401	503	97	27	29.903366	ωραίαςί
5	1	11	1	4	5	1514	510	35	14	57.068996	χο-
4	1	11	1	5	0	1192	534	355	32	-1	
5	1	11	1	5	1	1192	534	85	25	79.764664	πέλλας,
5	1	11	1	5	2	1298	543	60	14	15.827515	που
5	1	11	1	5	3	1381	537	44	27	0.000000	ἔχει
5	1	11	1	5	4	1438	530	7	40	0.000000	'
5	1	11	1	5	5	1463	539	84	27	34.884880	εχλεγεὶ
4	1	11	1	6	0	1192	571	340	31	-1	
5	1	11	1	6	1	1192	577	56	21	93.306068	τρεις
5	1	11	1	6	2	1262	572	66	26	89.265022	φορὲς
5	1	11	1	6	3	1342	571	55	26	76.526581	«ις
5	1	11	1	6	4	1410	572	122	30	4.041245	Αμερική».
3	1	11	2	0	0	1191	605	356	65	-1	
4	1	11	2	1	0	1220	605	327	32	-1	
5	1	11	2	1	1	1220	605	60	23	71.981583	Αλλά
5	1	11	2	1	2	1298	614	12	14	45.240517	Ὁ
5	1	11	2	1	3	1319	608	107	26	34.087761	πλοῦσιος
5	1	11	2	1	4	1441	610	106	27	12.964592	υποψἠφι-
4	1	11	2	2	0	1191	643	312	27	-1	
5	1	11	2	2	1	1191	647	27	19	70.367981	ος
5	1	11	2	2	2	1230	643	95	27	68.122559	γαμπρός
5	1	11	2	2	3	1339	649	34	16	92.693398	τον
5	1	11	2	2	4	1390	643	113	23	50.164879	δυαρόπτει:
3	1	11	3	0	0	1190	676	357	64	-1	
4	1	11	3	1	0	1190	676	357	52	-1	
5	1	11	3	1	1	1190	689	30	9	38.732178	--
5	1	11	3	1	2	1236	676	110	30	0.000000	Ὁμορφιὰ"
5	1	11	3	1	3	1350	679	59	49	25.856010	ἔχω”
5	1	11	3	1	4	1404	687	28	14	44.642784	κιν
5	1	11	3	1	5	1438	681	53	45	43.455597	εγώ
5	1	11	3	1	6	1509	688	38	20	81.242340	αρ-
4	1	11	3	2	0	1190	713	135	27	-1	
5	1	11	3	2	1	1190	713	60	27	40.039314	χετὴ!
5	1	11	3	2	2	1270	721	55	6	50.947075	----
3	1	11	4	0	0	1189	727	357	158	-1	
4	1	11	4	1	0	1220	727	325	57	-1	
5	1	11	4	1	1	1220	747	23	22	6.398842	ϐ.
5	1	11	4	1	2	1254	749	143	29	56.837990	προξενητής,
5	1	11	4	1	3	1410	757	26	22	89.851868	µε
5	1	11	4	1	4	1439	727	106	57	0.000000	Γαπαγγελ
4	1	11	4	2	0	1190	787	356	27	-1	
5	1	11	4	2	1	1190	785	76	27	32.503098	μασυκή
5	1	11	4	2	2	1280	785	124	29	26.921722	ευστροφία,,
5	1	11	4	2	3	1419	787	85	27	92.380005	αρχίζει
5	1	11	4	2	4	1520	794	26	15	96.828171	να
4	1	11	4	3	0	1190	809	387	55	-1	
5	1	11	4	3	1	1190	819	81	27	85.443100	εξυμνεί
5	1	11	4	3	2	1286	821	51	27	61.635632	μιὰ
5	1	11	4	3	3	1339	821	63	28	72.294205	“άλλη.
5	1	11	4	3	4	1416	809	125	55	44.406631	ενδεχόμενη
5	1	11	4	3	5	1554	813	23	47	15.829544	"'
4	1	11	4	4	0	1189	861	356	24	-1	
5	1	11	4	4	1	1189	855	76	27	14.717651	υύφη,
5	1	11	4	4	2	1270	863	14	19	0.000000	η
5	1	11	4	4	3	1298	857	80	27	14.653748	προΐκα
5	1	11	4	4	4	1395	864	48	21	0.000000	της
5	1	11	4	4	5	1471	856	83	26	61.665916	«οποίας
3	1	11	5	0	0	1186	893	347	63	-1	
4	1	11	5	1	0	1188	893	340	25	-1	
5	1	11	5	1	1	1188	890	114	28	82.252853	ανέρχεται
5	1	11	5	1	2	1318	898	25	14	96.294388	σε
5	1	11	5	1	3	1356	893	69	21	75.106682	πολλὰ
5	1	11	5	1	4	1436	900	38	15	84.902496	εκ.
5	1	11	5	1	5	1481	893	47	21	95.381439	δολ.
4	1	11	5	2	0	1186	925	357	31	-1	
5	1	11	5	2	1	1186	933	24	21	33.598808	--'
5	1	11	5	2	2	1223	925	104	29	81.005173	Χρήματα
5	1	11	5	2	3	1341	928	41	25	71.259415	δευ
5	1	11	5	2	4	1399	928	144	28	91.207298	«χρειάζομαι,
2	1	12	0	0	0	1170	957	382	33	-1	
3	1	12	1	0	0	1170	957	382	33	-1	
4	1	12	1	1	0	1170	957	382	33	-1	
5	1	12	1	1	1	1170	957	129	25	0.000000	απαντά,
5	1	12	1	1	2	1282	953	12	45	79.788147	ο
5	1	12	1	1	3	1306	961	75	25	85.916641	ἄλλος,
5	1	12	1	1	4	1394	963	43	27	30.388512	ἔχὼ
5	1	12	1	1	5	1445	963	107	26	0.000000	᾽αροετὰ!
5	1	12	1	1	6	1544	953	12	45	26.941986	-
2	1	13	0	0	0	1175	994	368	137	-1	
3	1	13	1	0	0	1184	994	359	137	-1	
4	1	13	1	1	0	1215	994	328	30	-1	
5	1	13	1	1	1	1215	994	135	27	46.874866	Ἀλλάζονπας
5	1	13	1	1	2	1365	997	47	21	42.098316	τόνο
5	1	13	1	1	3	1422	1003	21	14	59.502678	ο
5	1	13	1	1	4	1458	997	85	27	84.683014	.προξε-
4	1	13	1	2	0	1186	1030	355	30	-1	
5	1	13	1	2	1	1186	1030	64	28	72.761215	γηπής
5	1	13	1	2	2	1264	1031	35	21	51.739769	του
5	1	13	1	2	3	1314	1032	51	27	80.385025	μιλά
5	1	13	1	2	4	1376	1033	42	27	91.494431	γιὰ,
5	1	13	1	2	5	1428	1033	41	27	44.344368	μιά,
5	1	13	1	2	6	1481	1033	60	27	4.055191	τρίτη
4	1	13	1	3	0	1186	1067	355	27	-1	
5	1	13	1	3	1	1186	1067	112	27	66.141273	υποφήφια
5	1	13	1	3	2	1311	1075	40	14	88.075325	που
5	1	13	1	3	3	1368	1075	41	14	67.216995	ατα
5	1	13	1	3	4	1436	1069	105	21	49.765656	εικοσιένα
4	1	13	1	4	0	1175	1101	366	30	-1	
5	1	13	1	4	1	1175	1101	85	28	65.582962	Ἰχρόνια,
5	1	13	1	4	2	1277	1109	46	21	45.801167	της
5	1	13	1	4	3	1330	1102	79	29	0.000000	ἡλαν
5	1	13	1	4	4	1398	1097	8	44	0.000000	:
5	1	13	1	4	5	1418	1103	123	28	35.890587	υφἠγήπρια
2	1	14	0	0	0	1464	356	85	32	-1	
3	1	14	1	0	0	1464	356	85	32	-1	
4	1	14	1	1	0	1464	356	85	32	-1	
5	1	14	1	1	1	1464	356	85	32	0.000000	ἁξητᾶει
2	1	15	0	0	0	1796	227	467	9	-1	
3	1	15	1	0	0	1796	227	467	9	-1	
4	1	15	1	1	0	1796	227	467	9	-1	
5	1	15	1	1	1	1796	227	467	9	95.000000	 
2	1	16	0	0	0	1552	317	762	839	-1	
3	1	16	1	0	0	1564	317	750	131	-1	
4	1	16	1	1	0	1592	317	681	75	-1	
5	1	16	1	1	1	1592	317	65	52	80.837357	Σεις
5	1	16	1	1	2	1678	343	123	22	25.511971	11-1-57
5	1	16	1	1	3	1818	351	45	29	95.727745	στη
5	1	16	1	1	4	1876	341	104	51	59.287117	μεγάλη.
5	1	16	1	1	5	1985	347	111	23	58.168114	᾽αΐθουσια
5	1	16	1	1	6	2111	355	45	15	89.455910	του
5	1	16	1	1	7	2170	349	103	21	0.000000	Σενοδο-
4	1	16	1	2	0	1565	376	716	54	-1	
5	1	16	1	2	1	1565	377	72	27	91.049103	χείου
5	1	16	1	2	2	1654	371	54	43	6.150513	ΧΙΕ4
5	1	16	1	2	3	1718	375	67	27	6.150513	ΤΟΝ:
5	1	16	1	2	4	1799	377	71	31	19.702057	όγινε
5	1	16	1	2	5	1878	379	19	29	16.758972	ή
5	1	16	1	2	6	1905	380	132	30	25.450356	ἁοπ.της
5	1	16	1	2	7	2049	377	91	53	40.885410	πύεεὼς
5	1	16	1	2	8	2146	382	54	24	10.386490	του
5	1	16	1	2	9	2212	385	69	22	0.000000	Συν:
4	1	16	1	3	0	1564	412	750	36	-1	
5	1	16	1	3	1	1564	412	94	29	90.365753	ὀέσμου
5	1	16	1	3	2	1665	420	102	20	49.404469	των”εν
5	1	16	1	3	3	1770	413	107	31	79.022125	Απτική
5	1	16	1	3	4	1881	417	208	29	18.741821	«Δωεεδαψιονέων
5	1	16	1	3	5	2102	419	85	29	22.300339	ὄτους
5	1	16	1	3	6	2186	421	128	26	36.384701	108:7....
3	1	16	2	0	0	1560	446	752	357	-1	
4	1	16	2	1	0	1593	446	664	45	-1	
5	1	16	2	1	1	1593	449	75	28	9.899681	ὄτην
5	1	16	2	1	2	1672	446	146	45	0.000000	ραράµεισπη
5	1	16	2	1	3	1836	450	106	24	92.538818	αἴθουσα
5	1	16	2	1	4	1958	460	46	21	93.302002	την
5	1	16	2	1	5	2018	454	239	30	10.517380	εεδήλωση-σύµησια
4	1	16	2	2	0	1563	485	733	35	-1	
5	1	16	2	2	1	1563	485	174	28	0.000000	περισιούσεφα΄
5	1	16	2	2	2	1743	487	51	22	24.085625	αὐτό
5	1	16	2	2	3	1810	489	130	26	41.354717	 εριανιόσια
5	1	16	2	2	4	1953	489	130	28	0.000000	σορόσωᾶτα.
5	1	16	2	2	5	2111	491	185	29	19.327278	.Διακρύναμιε.-
4	1	16	2	3	0	1564	521	748	49	-1	
5	1	16	2	3	1	1564	527	54	14	86.349243	τον
5	1	16	2	3	2	1624	521	187	29	1.883583	ἹἩητροπολίκη
5	1	16	2	3	3	1817	545	3	2	14.559113	ἶ
5	1	16	2	3	4	1816	523	153	29	35.149849	όῤτυνος
5	1	16	2	3	5	1969	533	55	14	0.000000	--24αέ
5	1	16	2	3	6	2035	522	252	48	0.533554	"Μεγαλοπόλεως,"
5	1	16	2	3	7	2298	530	14	19	0.000000	ι
4	1	16	2	4	0	1562	556	701	55	-1	
5	1	16	2	4	1	1562	557	64	26	88.372833	τους.
5	1	16	2	4	2	1637	556	147	29	0.000000	θουλευδές.
5	1	16	2	4	3	1787	559	117	27	62.299999	Αθηνών
5	1	16	2	4	4	1905	568	65	14	0.000000	-ει.ε
5	1	16	2	4	5	1977	561	37	21	15.996872	«1.
5	1	16	2	4	6	2023	557	194	54	23.494804	Ῥαρθιεσιώτη:
5	1	16	2	4	7	2226	570	37	15	0.000000	Φε
4	1	16	2	5	0	1563	581	707	43	-1	
5	1	16	2	5	1	1563	581	138	43	0.000000	Φίκιώρην,
5	1	16	2	5	2	1724	601	42	13	93.288734	τον
5	1	16	2	5	3	1784	592	137	30	38.607910	θοωλιεωκήν
5	1	16	2	5	4	1948	595	191	29	0.000000	«Ἠαριωνίας.ε:
5	1	16	2	5	5	2168	593	102	27	0.000000	-Σδπαθό-
4	1	16	2	6	0	1561	627	713	40	-1	
5	1	16	2	6	1	1561	624	102	30	13.577911	πουΆον,
5	1	16	2	6	2	1674	632	91	18	42.035553	Ἔον-κι
5	1	16	2	6	3	1775	629	125	28	46.610527	Χρήσπον:
5	1	16	2	6	4	1907	631	142	28	40.693073	Δουριδάν,
5	1	16	2	6	5	2063	640	81	20	89.833893	τους
5	1	16	2	6	6	2132	620	16	44	56.393162	.
5	1	16	2	6	7	2141	629	133	38	0.000000	εδσοφιγἑ-
4	1	16	2	7	0	1562	657	700	57	-1	
5	1	16	2	7	1	1562	657	56	33	62.110115	λείς'
5	1	16	2	7	2	1627	663	131	27	5.232819	'Εφενών
5	1	16	2	7	3	1761	672	62	15	21.477417	οι.οε.
5	1	16	2	7	4	1832	666	24	22	79.455833	Σ:
5	1	16	2	7	5	1860	664	149	42	33.490532	᾿Ευριαξήν
5	1	16	2	7	6	2020	675	49	14	12.858818	και
5	1	16	2	7	7	2072	667	31	23	17.872513	1).
5	1	16	2	7	8	2112	664	150	50	21.744965	"Αρθανίτην,
4	1	16	2	8	0	1561	700	709	33	-1	
5	1	16	2	8	1	1552	703	51	26	20.265411	“τον
5	1	16	2	8	2	1615	699	74	28	0.000000	“πέως
5	1	16	2	8	3	1700	700	123	28	91.451324	πρόεδρον
5	1	16	2	8	4	1840	701	155	28	0.000000	Εφετών.»
5	1	16	2	8	5	2000	703	148	29	0.000000	-Ζαθάρον,
5	1	16	2	8	6	2154	705	76	28	0.000000	ἔους-
5	1	16	2	8	7	2234	713	36	15	24.251114	μα
4	1	16	2	9	0	1560	732	708	42	-1	
5	1	16	2	9	1	1552	732	155	30	0.000000	᾿τρούς:-.νὲ:
5	1	16	2	9	2	1723	735	149	29	0.000000	Ἡλαχάνην
5	1	16	2	9	3	1878	744	56	16	43.271515	ναί
5	1	16	2	9	4	1938	738	165	28	30.630310	Ζερεούλιαν,
5	1	16	2	9	5	2120	748	46	14	96.574501	τον
5	1	16	2	9	6	2171	737	97	37	27.254333	Ἔσουχει-
4	1	16	2	10	0	1560	771	700	32	-1	
5	1	16	2	10	1	1560	770	129	26	19.084946	θηματίαν.
5	1	16	2	10	2	1697	771	145	23	89.480675	Αθανάσιον.
5	1	16	2	10	3	1856	773	97	28	56.894817	Νπέρον
5	1	16	2	10	4	1967	782	44	14	0.000000	»σαυ
5	1	16	2	10	5	2026	775	112	28	2.443657	πολλύς:--
5	1	16	2	10	6	2136	776	124	27	18.329285	Λακεδὰι.
3	1	16	3	0	0	1558	805	714	46	-1	
4	1	16	3	1	0	1558	805	714	46	-1	
5	1	16	3	1	1	1558	805	103	28	84.052338	µονίους
5	1	16	3	1	2	1680	806	148	29	53.435055	καν:ξένους
5	1	16	3	1	3	1840	809	74	27	48.950813	µετά
5	1	16	3	1	4	1916	817	65	14	48.950813	των-
5	1	16	3	1	5	1977	806	172	45	5.286324	"οωιογενειών
5	1	16	3	1	6	2157	811	67	23	85.834229	των.
5	1	16	3	1	7	2267	829	5	4	0.000000	''ς
3	1	16	4	0	0	1552	839	750	317	-1	
4	1	16	4	1	0	1591	839	676	36	-1	
5	1	16	4	1	1	1591	839	59	29	92.038452	Την.
5	1	16	4	1	2	1658	842	103	28	60.629444	ἔνασξη
5	1	16	4	1	3	1768	851	54	20	14.503571	ης.
5	1	16	4	1	4	1827	845	119	27	13.916771	«γιορπύής.᾿
5	1	16	4	1	5	1955	844	79	28	2.161118	ὁρεαμσε
5	1	16	4	1	6	2046	853	22	14	60.786049	ο
5	1	16	4	1	7	2069	845	198	30	25.956825	ἹΓρόεδρος..του
4	1	16	4	2	0	1559	874	681	44	-1	
5	1	16	4	2	1	1559	872	146	32	41.045639	Συνδέοκου
5	1	16	4	2	2	1717	887	27	12	49.409443	σε.
5	1	16	4	2	3	1761	874	136	44	38.222641	Ῥενιζέλος
5	1	16	4	2	4	1914	880	173	29	0.000000	“Αεονταρίτης
5	1	16	4	2	5	2100	891	31	18	93.262573	µε
5	1	16	4	2	6	2148	883	92	28	38.123531	σύνπομι
4	1	16	4	3	0	1552	895	714	52	-1	
5	1	16	4	3	1	1552	895	177	49	0.000000	περυενηεμῤήν-
5	1	16	4	3	2	1735	919	43	17	8.653305	πα
5	1	16	4	3	3	1796	912	98	30	15.022308	ὡραίαν
5	1	16	4	3	4	1902	916	171	27	56.831188	ομιλίαν.που.
5	1	16	4	3	5	2094	916	172	31	1.231827	'Αὐιολούθησε
4	1	16	4	4	0	1559	948	708	44	-1	
5	1	16	4	4	1	1559	948	123	26	0.000000	απονομή
5	1	16	4	4	2	1683	950	145	26	26.949532	σἡμηπωεών
5	1	16	4	4	3	1838	951	170	28	39.351242	δισελωμιάκωνν
5	1	16	4	4	4	2012	949	71	43	5.890793	ψαεπιά.
5	1	16	4	4	5	2090	960	46	14	93.107414	που
5	1	16	4	4	6	2142	953	125	29	0.000000	ῥεπαλέου
4	1	16	4	5	0	1558	980	708	34	-1	
5	1	16	4	5	1	1558	980	215	29	26.517776	τουσυνδέσµοω
5	1	16	4	5	2	1768	987	102	23	49.548870	ειζ-τον
5	1	16	4	5	3	1874	985	81	21	83.044846	Ἠλέαν
5	1	16	4	5	4	1966	985	153	28	13.624313	ΠΠΓεργαντήν
5	1	16	4	5	5	2126	981	140	33	17.206161	μεεταθανα-
4	1	16	4	6	0	1557	1012	730	47	-1	
5	1	16	4	6	1	1557	1016	68	38	26.563240	τίως"
5	1	16	4	6	2	1631	1016	43	22	69.637939	δια
5	1	16	4	6	3	1687	1017	44	28	66.207275	τις
5	1	16	4	6	4	1742	1012	201	47	0.000000	πἀρασχεθεύσες’
5	1	16	4	6	5	1958	1026	45	18	37.344635	σεο
5	1	16	4	6	6	2017	1020	132	30	37.344635	Σύνδεσμο
5	1	16	4	6	7	2154	1023	133	27	63.882034	υπηοεσέ
5	1	16	4	6	8	2276	1016	14	38	80.219131	-
4	1	16	4	7	0	1557	1054	737	32	-1	
5	1	16	4	7	1	1557	1049	31	30	70.012367	ες
5	1	16	4	7	2	1602	1049	53	25	89.303963	καὶ
5	1	16	4	7	3	1660	1059	57	21	89.303963	την
5	1	16	4	7	4	1723	1054	128	28	4.238663	'συμξολήν
5	1	16	4	7	5	1862	1055	101	28	44.250061	εου"εις-
5	1	16	4	7	6	1971	1056	46	27	94.009430	την
5	1	16	4	7	7	2025	1056	161	29	34.300812	«ΕΛληνωσήν.
5	1	16	4	7	8	2196	1059	86	27	0.000000	κινηῃ-
5	1	16	4	7	9	2290	1069	4	2	0.000000	ἱ--
4	1	16	4	8	0	1555	1088	710	33	-1	
5	1	16	4	8	1	1555	1088	184	36	35.273262	ματογραφύαν΄
5	1	16	4	8	2	1743	1096	104	22	48.049500	καιτεις.
5	1	16	4	8	3	1855	1088	54	24	90.534485	τον
5	1	16	4	8	4	1906	1099	31	13	30.595238	«ος.
5	1	16	4	8	5	1952	1091	198	36	66.939644	Ἐπαμεινώνδαν
5	1	16	4	8	6	2161	1093	104	28	4.618683	Έαφιεν-
4	1	16	4	9	0	1554	1123	748	33	-1	
5	1	16	4	9	1	1554	1123	71	27	50.255081	τξήν
5	1	16	4	9	2	1628	1124	43	22	49.837654	δίά
5	1	16	4	9	3	1686	1122	55	30	0.000000	ζας
5	1	16	4	9	4	1747	1124	306	31	28.915413	σολλάς-του-υσιηρεδίας
5	1	16	4	9	5	2066	1135	73	21	86.270782	σερος
5	1	16	4	9	6	2143	1137	52	13	6.587608	του.
5	1	16	4	9	7	2201	1130	101	21	1.190910	σύνε..--
2	1	17	0	0	0	2240	457	76	500	-1	
3	1	17	1	0	0	2240	457	76	500	-1	
4	1	17	1	1	0	2258	457	57	18	-1	
5	1	17	1	1	1	2258	457	57	18	95.000000	 
4	1	17	1	2	0	2261	475	54	44	-1	
5	1	17	1	2	1	2261	475	54	44	95.000000	 
4	1	17	1	3	0	2263	571	50	48	-1	
5	1	17	1	3	1	2263	571	50	48	95.000000	   
4	1	17	1	4	0	2269	621	17	34	-1	
5	1	17	1	4	1	2269	621	17	34	95.000000	 
4	1	17	1	5	0	2269	676	47	43	-1	
5	1	17	1	5	1	2269	676	47	43	95.000000	   
4	1	17	1	6	0	2268	720	44	44	-1	
5	1	17	1	6	1	2268	720	44	44	95.000000	  
4	1	17	1	7	0	2248	787	63	37	-1	
5	1	17	1	7	1	2248	787	63	37	95.000000	  
4	1	17	1	8	0	2267	824	44	44	-1	
5	1	17	1	8	1	2267	824	44	44	95.000000	 
4	1	17	1	9	0	2240	883	71	54	-1	
5	1	17	1	9	1	2240	883	71	54	95.000000	   
4	1	17	1	10	0	2268	937	21	20	-1	
5	1	17	1	10	1	2268	937	21	20	95.000000	 
2	1	18	0	0	0	2265	775	36	10	-1	
3	1	18	1	0	0	2265	775	36	10	-1	
4	1	18	1	1	0	2265	775	36	10	-1	
5	1	18	1	1	1	2265	775	36	10	95.000000	 
2	1	19	0	0	0	2265	1068	48	46	-1	
3	1	19	1	0	0	2265	1068	48	46	-1	
4	1	19	1	1	0	2265	1068	48	14	-1	
5	1	19	1	1	1	2265	1068	48	14	95.000000	 
4	1	19	1	2	0	2265	1103	48	11	-1	
5	1	19	1	2	1	2265	1103	48	11	95.000000	 
2	1	20	0	0	0	2266	1139	45	47	-1	
3	1	20	1	0	0	2266	1139	45	47	-1	
4	1	20	1	1	0	2266	1139	45	47	-1	
5	1	20	1	1	1	2266	1139	45	47	95.000000	 
2	1	21	0	0	0	1687	190	652	147	-1	
3	1	21	1	0	0	1687	190	652	147	-1	
4	1	21	1	1	0	1687	190	652	147	-1	
5	1	21	1	1	1	1687	190	652	147	95.000000	 
2	1	22	0	0	0	2268	963	63	44	-1	
3	1	22	1	0	0	2268	963	63	44	-1	
4	1	22	1	1	0	2268	963	63	44	-1	
5	1	22	1	1	1	2268	963	63	44	95.000000	 
2	1	23	0	0	0	67	1130	2201	245	-1	
3	1	23	1	0	0	69	1130	1471	68	-1	
4	1	23	1	1	0	69	1130	1471	68	-1	
5	1	23	1	1	1	69	1145	37	20	70.358589	μια
5	1	23	1	1	2	121	1139	83	27	81.274529	στιγµή,
5	1	23	1	1	3	220	1140	56	21	79.151825	αλλά
5	1	23	1	1	4	287	1147	16	21	96.661972	η
5	1	23	1	1	5	311	1136	124	46	58.801884	ανάμνηση
5	1	23	1	1	6	431	1152	37	33	0.000000	χη
5	1	23	1	1	7	484	1145	112	27	7.942772	Λακωνίας
5	1	23	1	1	8	608	1154	22	13	91.045586	κ.
5	1	23	1	1	9	649	1147	72	22	92.757744	Πάνου
5	1	23	1	1	10	737	1149	165	27	79.217896	Σπηλιόπουλου.
5	1	23	1	1	11	918	1151	61	22	66.198212	Είναι
5	1	23	1	1	12	992	1159	14	20	71.585876	Ἠ
5	1	23	1	1	13	1018	1153	73	28	65.436195	πρώτη
5	1	23	1	1	14	1108	1161	40	14	95.690613	που
5	1	23	1	1	15	1174	1130	47	68	15.574158	[σον
5	1	23	1	1	16	1238	1130	131	68	0.000000	μαθηματιὰ
5	1	23	1	1	17	1391	1130	34	68	0.000000	αι
5	1	23	1	1	18	1439	1142	40	48	22.132423	κά
5	1	23	1	1	19	1494	1146	46	50	13.545898	μή
3	1	23	2	0	0	68	1175	2200	89	-1	
4	1	23	2	1	0	68	1175	2200	74	-1	
5	1	23	2	1	1	68	1180	35	14	88.332901	του
5	1	23	2	1	2	118	1173	53	21	47.318756	εἶναι
5	1	23	2	1	3	186	1175	82	29	25.208458	καμμιὰ
5	1	23	2	1	4	281	1175	60	28	63.695526	φορ
5	1	23	2	1	5	348	1175	86	23	48.018665	αιώνια
5	1	23	2	1	6	439	1181	80	26	35.819000	γύμετχι
5	1	23	2	1	7	532	1188	36	15	93.695511	στο
5	1	23	2	1	8	582	1181	59	29	69.367790	Νομό
5	1	23	2	1	9	657	1190	49	20	95.379776	µας,
5	1	23	2	1	10	720	1185	52	26	53.022942	µετά
5	1	23	2	1	11	785	1191	38	21	94.692413	την
5	1	23	2	1	12	838	1186	101	28	88.878517	ανάληψη
5	1	23	2	1	13	954	1188	135	26	74.410156	καθηκόντων
5	1	23	2	1	14	1107	1189	41	21	73.427155	απὸ
5	1	23	2	1	15	1173	1196	4	15	7.439392	ἡ
5	1	23	2	1	16	1244	1179	51	50	15.671326	μα
5	1	23	2	1	17	1310	1181	38	20	60.100170	ης
5	1	23	2	1	18	1362	1181	46	21	0.000000	ΙΧ»
5	1	23	2	1	19	1425	1182	26	14	0.000000	ν
5	1	23	2	1	20	1474	1178	65	71	0.000000	καθη
5	1	23	2	1	21	1553	1195	131	24	0.000000	κώνικών
5	1	23	2	1	22	1685	1202	66	22	32.038185	“της
5	1	23	2	1	23	1756	1194	94	31	0.000000	οποίας
5	1	23	2	1	24	1857	1196	121	30	83.673447	τυψχάνει
5	1	23	2	1	25	1992	1195	188	46	95.059502	αναπληρωτής
5	1	23	2	1	26	2187	1198	81	37	50.727165	σερόε-.
4	1	23	2	2	0	98	1209	2164	80	-1	
5	1	23	2	2	1	98	1209	50	21	70.660179	Ἔνα
5	1	23	2	2	2	184	1210	108	27	81.391754	χαμόγελο
5	1	23	2	2	3	320	1212	103	21	23.285004	αναπαὼει
5	1	23	2	2	4	430	1221	32	25	78.399925	το
5	1	23	2	2	5	476	1217	36	20	61.179234	γέο
5	1	23	2	2	6	528	1216	114	29	94.899109	Νομάρχη,
5	1	23	2	2	7	661	1212	52	45	88.294044	ὅπου
5	1	23	2	2	8	729	1211	143	49	79.348938	εξετάστηκαν
5	1	23	2	2	9	904	1222	38	21	91.502655	ὅλα
5	1	23	2	2	10	956	1229	27	14	81.777634	τα
5	1	23	2	2	11	1010	1217	141	51	0.000000	προβλή]ναι
5	1	23	2	2	12	1173	1213	45	31	15.776550	5η
5	1	23	2	2	13	1238	1215	21	14	70.527588	Ἡ
5	1	23	2	2	14	1308	1216	35	55	23.657616	κα
5	1	23	2	2	15	1357	1210	110	59	23.906067	μμ
5	1	23	2	2	16	1474	1218	65	33	39.091759	κά
5	1	23	2	2	17	1554	1230	61	28	30.892555	δρος
5	1	23	2	2	18	1626	1229	45	24	8.544319	και
5	1	23	2	2	19	1678	1238	54	22	8.544319	την.
5	1	23	2	2	20	1744	1232	132	29	19.115532	ἀλλην.που
5	1	23	2	2	21	1886	1233	95	41	0.000000	δράσοὀ.
5	1	23	2	2	22	1986	1235	64	27	92.245956	κατά
5	1	23	2	2	23	2061	1234	28	23	28.832565	τσ
5	1	23	2	2	24	2103	1236	102	52	12.859108	μοριῤόν.
5	1	23	2	2	25	2207	1231	55	58	21.685333	'δυά-
3	1	23	3	0	0	67	1233	2044	72	-1	
4	1	23	3	1	0	67	1233	2044	72	-1	
5	1	23	3	1	1	67	1251	35	15	94.915359	τον
5	1	23	3	1	2	120	1241	139	41	34.558624	κουρασμέγο,
5	1	23	3	1	3	279	1242	51	36	92.810959	δένει
5	1	23	3	1	4	343	1233	91	47	0.000000	θάρρας᾽
5	1	23	3	1	5	438	1258	37	20	96.175560	της
5	1	23	3	1	6	492	1253	109	27	67.486900	περιοχής.
5	1	23	3	1	7	716	1260	2	2	0.000000	'
5	1	23	3	1	8	1152	1262	8	8	0.000000	.
5	1	23	3	1	9	1172	1243	97	56	40.137669	κ.
5	1	23	3	1	10	1280	1257	41	48	0.000000	νάδ
5	1	23	3	1	11	1334	1258	2	3	0.000000	ἳ
5	1	23	3	1	12	1347	1266	42	36	22.928009	..
5	1	23	3	1	13	1545	1246	88	50	0.000000	στημα
5	1	23	3	1	14	1648	1276	43	14	95.471710	του
5	1	23	3	1	15	1706	1270	174	28	64.046112	υπηρεσιακού
5	1	23	3	1	16	1891	1269	56	24	0.000000	τού.
5	1	23	3	1	17	1946	1270	71	26	0.000000	6ύου.
5	1	23	3	1	18	2107	1281	4	2	40.458984	.
3	1	23	4	0	0	67	1259	1471	75	-1	
4	1	23	4	1	0	67	1259	1471	75	-1	
5	1	23	4	1	1	67	1286	47	15	92.822281	στον
5	1	23	4	1	2	131	1281	177	27	41.024570	απογαητευµένο,
5	1	23	4	1	3	325	1273	108	53	82.214874	παρηγο-|
5	1	23	4	1	4	458	1285	21	22	57.146545	ϱ
5	1	23	4	1	5	498	1287	20	21	86.092621	Ἡ
5	1	23	4	1	6	535	1287	173	24	96.337372	ΠΡΟΘΕΣΜΙΑ
5	1	23	4	1	7	721	1287	107	41	93.436790	υποβολής
5	1	23	4	1	8	841	1293	104	32	39.762325	αὐτῆσεων
5	1	23	4	1	9	961	1301	38	24	89.476280	για,
5	1	23	4	1	10	1013	1291	72	43	19.226921	δάνειᾳ,
5	1	23	4	1	11	1096	1303	50	13	0.000000	απο
5	1	23	4	1	12	1244	1279	93	25	5.896515	Ενπνάδα
5	1	23	4	1	13	1405	1259	133	70	6.671799	Χβειάζομαι,
3	1	23	5	0	0	67	1299	1471	76	-1	
4	1	23	5	1	0	67	1299	1471	76	-1	
5	1	23	5	1	1	67	1315	31	27	70.322037	ρεί
5	1	23	5	1	2	117	1322	33	14	93.278992	τον
5	1	23	5	1	3	165	1316	115	28	47.560581	λυπηµένο,
5	1	23	5	1	4	297	1299	136	53	0.000000	αναπτερώ-'
5	1	23	5	1	5	436	1323	133	28	91.282898	περάτωσης,
5	1	23	5	1	6	582	1325	112	28	39.059517	επισκευής
5	1	23	5	1	7	707	1327	16	26	68.072380	Ἡ
5	1	23	5	1	8	740	1327	117	36	48.552773	επέκπασης.
5	1	23	5	1	9	878	1329	115	34	21.513939	παπουκίας,
5	1	23	5	1	10	1022	1323	124	52	36.686310	παραπηρή-
5	1	23	5	1	11	1163	1315	108	31	28.107635	αντ
5	1	23	5	1	12	1279	1317	166	27	0.000000	περιφρονητωκᾶ,
5	1	23	5	1	13	1458	1327	11	13	81.721306	ο
5	1	23	5	1	14	1482	1320	56	21	75.642151	δεσε-
2	1	24	0	0	0	1555	1157	708	35	-1	
3	1	24	1	0	0	1555	1157	708	35	-1	
4	1	24	1	1	0	1555	1157	708	35	-1	
5	1	24	1	1	1	1555	1157	147	29	0.000000	δεσμεον-νιαι
5	1	24	1	1	2	1714	1168	43	21	70.099426	εἰς
5	1	24	1	1	3	1764	1166	52	23	42.697800	«ση
5	1	24	1	1	4	1830	1162	146	28	0.000000	Εφπροσήν
5	1	24	1	1	5	1983	1164	158	28	32.201836	συνεάξεως'
5	1	24	1	1	6	2147	1167	60	19	62.045116	των"
5	1	24	1	1	7	2214	1165	49	22	36.590347	-Λα-
2	1	25	0	0	0	2259	1197	57	29	-1	
3	1	25	1	0	0	2259	1197	57	29	-1	
4	1	25	1	1	0	2259	1197	57	29	-1	
5	1	25	1	1	1	2259	1197	57	29	95.000000	 
2	1	26	0	0	0	1485	1245	828	53	-1	
3	1	26	1	0	0	1485	1245	828	53	-1	
4	1	26	1	1	0	1485	1245	828	53	-1	
5	1	26	1	1	1	1485	1245	53	31	95.000000	 
5	1	26	1	1	2	2253	1246	60	52	95.000000	  
2	1	27	0	0	0	1552	1278	708	106	-1	
3	1	27	1	0	0	1552	1278	709	95	-1	
4	1	27	1	1	0	1578	1278	681	63	-1	
5	1	27	1	1	1	1578	1303	146	29	29.954224	Ῥωσήγηοιν
5	1	27	1	1	2	1738	1306	79	28	48.979256	έκαμε
5	1	27	1	1	3	1835	1315	14	13	89.296577	ο
5	1	27	1	1	4	1867	1315	32	13	83.900116	κ..
5	1	27	1	1	5	1911	1307	191	29	0.000000	Ἰζρόεδρος.του
5	1	27	1	1	6	2116	1278	143	63	54.019791	Συνδέσμου
4	1	27	1	2	0	1552	1337	708	47	-1	
5	1	27	1	2	1	1552	1339	41	22	96.254738	διά
5	1	27	1	2	2	1608	1348	45	19	94.825394	την
5	1	27	1	2	3	1662	1337	134	43	27.844231	ασεόφιασι».
5	1	27	1	2	4	1802	1350	55	25	67.921204	του
5	1	27	1	2	5	1865	1343	69	32	83.947205	4.5.
5	1	27	1	2	6	1941	1351	37	26	35.400070	γα.
5	1	27	1	2	7	1990	1341	126	40	0.000000	απσοφεύµει
5	1	27	1	2	8	2127	1341	90	43	7.028122	τιμής.
5	1	27	1	2	9	2219	1345	41	33	84.184250	έγε
2	1	28	0	0	0	65	1349	357	104	-1	
3	1	28	1	0	0	65	1349	357	104	-1	
4	1	28	1	1	0	66	1349	356	47	-1	
5	1	28	1	1	1	66	1357	29	14	74.912209	γει
5	1	28	1	1	2	111	1357	37	21	96.478172	την
5	1	28	1	1	3	164	1351	121	27	53.786068	αισιοδοξία,
5	1	28	1	1	4	295	1360	37	14	6.012146	και
5	1	28	1	1	5	364	1349	58	47	28.954529	δηµις
4	1	28	1	2	0	65	1393	356	23	-1	
5	1	28	1	2	1	65	1386	72	28	79.419609	ουργεί
5	1	28	1	2	2	154	1393	38	21	95.950768	την
5	1	28	1	2	3	209	1389	87	27	85.868599	ευτυχία
5	1	28	1	2	4	310	1396	36	14	76.085464	στο
5	1	28	1	2	5	356	1390	65	21	73.472153	σπίτι.
4	1	28	1	3	0	94	1421	327	32	-1	
5	1	28	1	3	1	94	1421	35	22	43.016163	Κι)
5	1	28	1	3	2	145	1429	25	15	95.577217	αν
5	1	28	1	3	3	186	1424	80	28	82.060493	καμμιά
5	1	28	1	3	4	285	1425	56	28	64.278641	φορά
5	1	28	1	3	5	357	1433	64	15	92.770187	συναν
2	1	29	0	0	0	437	1359	244	28	-1	
3	1	29	1	0	0	437	1359	244	28	-1	
4	1	29	1	1	0	437	1359	244	28	-1	
5	1	29	1	1	1	437	1359	51	27	77.117065	θηκε
5	1	29	1	1	2	504	1359	63	28	80.081985	µέχρι
5	1	29	1	1	3	585	1360	96	22	42.700287	28-02-87.
2	1	30	0	0	0	456	1381	689	62	-1	
3	1	30	1	0	0	456	1381	689	62	-1	
4	1	30	1	1	0	456	1381	689	62	-1	
5	1	30	1	1	1	456	1393	23	22	83.414841	ϱ
5	1	30	1	1	2	495	1392	173	28	35.189011	ΤΓΚΡΙΘΗΚΕ
5	1	30	1	1	3	675	1405	21	20	95.529243	η
5	1	30	1	1	4	707	1384	104	47	30.900658	Ἱαριστικὴ
5	1	30	1	1	5	826	1381	80	46	84.330315	μελέτη
5	1	30	1	1	6	915	1396	44	37	93.641190	του
5	1	30	1	1	7	972	1388	129	55	0.000000	αρδευοικού,
5	1	30	1	1	8	1103	1388	42	50	76.979805	ἐρ-
2	1	31	0	0	0	428	1430	195	29	-1	
3	1	31	1	0	0	428	1430	195	29	-1	
4	1	31	1	1	0	428	1430	195	29	-1	
5	1	31	1	1	1	428	1437	46	28	0.000000	Ύω
5	1	31	1	1	2	490	1430	133	29	65.938126	Κωγιδίτσας.
2	1	32	0	0	0	66	1455	1108	62	-1	
3	1	32	1	0	0	66	1455	1108	62	-1	
4	1	32	1	1	0	66	1455	1108	62	-1	
5	1	32	1	1	1	66	1458	72	28	80.741684	τήσετε
5	1	32	1	1	2	155	1459	87	23	61.263962	κάποιον
5	1	32	1	1	3	257	1461	99	27	0.000000	άνθρωπο
5	1	32	1	1	4	381	1469	50	15	65.810013	που:
5	1	32	1	1	5	455	1466	22	21	91.154053	Φ
5	1	32	1	1	6	496	1467	39	22	86.636673	ΤΟ
5	1	32	1	1	7	548	1466	107	24	58.360199	ΤΥΘΕΙΟ
5	1	32	1	1	8	672	1455	139	43	71.349770	επισκέφθηκε
5	1	32	1	1	9	832	1457	3	2	78.877762	ς
5	1	32	1	1	10	830	1478	43	18	64.067390	στις
5	1	32	1	1	11	888	1471	35	24	75.299965	2-0
5	1	32	1	1	12	942	1480	11	13	94.985909	ο
5	1	32	1	1	13	967	1459	116	47	87.923737	Νομάρχης
5	1	32	1	1	14	1100	1474	35	22	59.679497	Πά
5	1	32	1	1	15	1159	1487	15	30	77.391479	|
2	1	33	0	0	0	65	1493	356	33	-1	
3	1	33	1	0	0	65	1493	356	33	-1	
4	1	33	1	1	0	65	1493	356	33	-1	
5	1	33	1	1	1	65	1493	34	23	94.739258	δεν
5	1	33	1	1	2	115	1501	40	19	96.220306	σας
5	1	33	1	1	3	171	1496	83	28	78.707626	χαρίζει
5	1	33	1	1	4	267	1504	24	14	93.104797	το
5	1	33	1	1	5	313	1497	108	29	49.779800	χαμόγελὀ
2	1	34	0	0	0	60	1565	369	172	-1	
3	1	34	1	0	0	60	1565	369	172	-1	
4	1	34	1	1	0	63	1565	353	49	-1	
5	1	34	1	1	1	63	1565	63	28	88.607285	δωροι
5	1	34	1	1	2	139	1573	36	15	41.413727	και
5	1	34	1	1	3	190	1568	104	28	61.538712	ανώτεροι
5	1	34	1	1	4	313	1565	103	49	2.545044	ἄνθρωποι
4	1	34	1	2	0	61	1602	368	54	-1	
5	1	34	1	2	1	61	1608	37	14	81.547462	χαι
5	1	34	1	2	2	113	1602	65	21	66.438576	δώστε
5	1	34	1	2	3	189	1609	37	15	77.741966	του
5	1	34	1	2	4	241	1605	56	23	87.466850	εσείς
5	1	34	1	2	5	326	1612	24	14	40.440464	το
5	1	34	1	2	6	374	1602	55	54	0.000000	διό|
4	1	34	1	3	0	63	1616	366	64	-1	
5	1	34	1	3	1	63	1643	45	19	69.689995	σας,
5	1	34	1	3	2	123	1638	57	26	0.000000	Ὑαπὶ
5	1	34	1	3	3	196	1639	90	25	21.885521	κανένας
5	1	34	1	3	4	299	1639	38	23	28.740395	ὃν
5	1	34	1	3	5	349	1647	23	14	96.491623	το
5	1	34	1	3	6	398	1616	31	64	0.000000	ε]
4	1	34	1	4	0	61	1660	368	72	-1	
5	1	34	1	4	1	61	1679	33	20	93.179199	χει
5	1	34	1	4	2	110	1673	52	27	96.431885	τόση
5	1	34	1	4	3	179	1674	85	28	81.240479	ανάγκη
5	1	34	1	4	4	285	1675	38	28	76.774033	ὅση
5	1	34	1	4	5	339	1660	90	72	8.621185	ναί
4	1	34	1	5	0	60	1708	342	29	-1	
5	1	34	1	5	1	60	1715	41	13	95.841217	που
5	1	34	1	5	2	117	1708	35	22	89.972046	δεν
5	1	34	1	5	3	175	1710	75	27	80.863464	µπορεί
5	1	34	1	5	4	263	1717	28	15	70.351784	Ὑά
5	1	34	1	5	5	306	1718	25	14	95.379677	το
5	1	34	1	5	6	346	1711	56	22	96.620430	δώσει
2	1	35	0	0	0	89	1777	277	41	-1	
3	1	35	1	0	0	89	1777	277	41	-1	
4	1	35	1	1	0	89	1777	277	41	-1	
5	1	35	1	1	1	79	1814	16	6	22.503143	ο
5	1	35	1	1	2	100	1777	83	43	0.000000	ΠΣ
5	1	35	1	1	3	197	1779	202	45	0.000000	ΞΟΜΗΘΙΤΙΙ
2	1	36	0	0	0	112	1830	256	39	-1	
3	1	36	1	0	0	112	1830	256	39	-1	
4	1	36	1	1	0	112	1830	256	39	-1	
5	1	36	1	1	1	112	1830	47	37	35.194611	ΠΛ:
5	1	36	1	1	2	172	1831	34	36	93.294533	ΤΗ
5	1	36	1	1	3	221	1831	147	38	30.609955	ΣΙΛΙΥΕΠΛ
2	1	37	0	0	0	49	1883	377	989	-1	
3	1	37	1	0	0	54	1883	372	529	-1	
4	1	37	1	1	0	83	1883	343	32	-1	
5	1	37	1	1	1	83	1883	28	21	50.725616	Σε
5	1	37	1	1	2	125	1884	95	28	54.945175	συνέδριο
5	1	37	1	1	3	235	1892	40	14	93.260300	που
5	1	37	1	1	4	289	1885	58	29	35.197693	ἐγινε
5	1	37	1	1	5	362	1887	64	28	75.932480	πρὀσ.
4	1	37	1	2	0	61	1919	355	31	-1	
5	1	37	1	2	1	61	1925	56	22	28.703072	φαπά
5	1	37	1	2	2	135	1926	39	19	93.204575	στο
5	1	37	1	2	3	188	1919	106	24	64.614708	Ἡαπικανὸ
5	1	37	1	2	4	305	1922	42	22	53.015549	απὸ
5	1	37	1	2	5	377	1930	39	20	49.211674	ην
4	1	37	1	3	0	59	1953	365	33	-1	
5	1	37	1	3	1	59	1953	110	30	60.366425	Καθολωή
5	1	37	1	3	2	185	1957	103	27	88.740654	εκκλησία
5	1	37	1	3	3	306	1957	118	29	28.080994	τονΐσπηκε,
4	1	37	1	4	0	59	1991	356	30	-1	
5	1	37	1	4	1	59	1991	31	21	45.150303	ὁτι
5	1	37	1	4	2	105	1998	14	20	60.517544	η
5	1	37	1	4	3	135	1993	159	27	20.187035	φαρμαευτικἡ
5	1	37	1	4	4	317	1994	98	27	76.222832	περίθαλ-
4	1	37	1	5	0	59	2026	355	31	-1	
5	1	37	1	5	1	59	2026	31	28	27.127563	η
5	1	37	1	5	2	103	2033	37	21	95.780952	για
5	1	37	1	5	3	157	2033	23	15	92.994026	το
5	1	37	1	5	4	191	2027	29	30	32.513481	Τθ
5	1	37	1	5	5	238	2035	45	18	90.964714	τοις
5	1	37	1	5	6	299	2030	64	20	83.341965	εκαπὀ
5	1	37	1	5	7	377	2037	37	14	86.336403	νου
4	1	37	1	6	0	57	2062	356	29	-1	
5	1	37	1	6	1	57	2062	121	28	88.067497	πληθυσμού
5	1	37	1	6	2	191	2069	39	21	93.228943	της
5	1	37	1	6	3	248	2071	41	20	50.259987	γης
5	1	37	1	6	4	306	2064	53	22	93.226051	εἶναι
5	1	37	1	6	5	390	2073	23	13	61.852898	α-
4	1	37	1	7	0	57	2097	357	31	-1	
5	1	37	1	7	1	57	2097	115	29	41.523075	νύπαρκτη.
5	1	37	1	7	2	188	2097	53	23	75.051773	Στον
5	1	37	1	7	3	258	2099	66	28	31.073570	Τρίτο
5	1	37	1	7	4	340	2099	74	29	95.489014	Κόσμο
4	1	37	1	8	0	57	2133	355	30	-1	
5	1	37	1	8	1	57	2133	95	27	86.598923	θερίζουν
5	1	37	1	8	2	162	2141	15	20	93.116890	η
5	1	37	1	8	3	191	2134	76	27	87.334305	λέπρα,
5	1	37	1	8	4	279	2142	15	20	93.256912	η
5	1	37	1	8	5	309	2135	103	28	74.481369	φύμαπίω-
4	1	37	1	9	0	57	2158	355	43	-1	
5	1	37	1	9	1	57	2175	35	20	94.120277	ση,
5	1	37	1	9	2	105	2176	21	14	78.967865	οὐ
5	1	37	1	9	3	142	2158	97	43	59.208504	τροπυκὲς
5	1	37	1	9	4	251	2170	108	25	76.990440	ασθένειες
5	1	37	1	9	5	376	2178	36	14	93.054688	και
4	1	37	1	10	0	56	2191	366	47	-1	
5	1	37	1	10	1	56	2211	26	13	95.051704	τα
5	1	37	1	10	2	99	2205	114	27	82.656120	παράσιτα.
5	1	37	1	10	3	244	2204	26	22	89.973419	Όι
5	1	37	1	10	4	281	2191	141	47	0.000000	ανεπτυημέ-|
4	1	37	1	11	0	56	2236	365	50	-1	
5	1	37	1	11	1	56	2246	34	18	84.416954	νες
5	1	37	1	11	2	101	2237	69	30	95.086212	χώρες
5	1	37	1	11	3	185	2239	99	27	96.163528	ξοδεύουν
5	1	37	1	11	4	293	2241	53	21	68.007607	κάθε
5	1	37	1	11	5	362	2236	59	50	14.636536	χρό-ι
4	1	37	1	12	0	57	2275	364	31	-1	
5	1	37	1	12	1	57	2281	23	15	60.200459	Υο
5	1	37	1	12	2	92	2275	60	21	43.980164	πάνω
5	1	37	1	12	3	167	2276	43	20	76.187103	απὀ
5	1	37	1	12	4	226	2275	42	22	64.813812	100
5	1	37	1	12	5	291	2277	130	29	32.933418	δισεκατομ-᾿
4	1	37	1	13	0	56	2311	355	30	-1	
5	1	37	1	13	1	56	2311	63	28	72.258003	μύρια,
5	1	37	1	13	2	134	2311	100	29	94.897415	δολλάρια
5	1	37	1	13	3	253	2319	37	21	83.684540	για
5	1	37	1	13	4	310	2313	101	28	79.225723	φᾶρμαικα
4	1	37	1	14	0	54	2349	355	27	-1	
5	1	37	1	14	1	54	2355	36	14	92.648224	και
5	1	37	1	14	2	103	2349	120	27	57.645317	πρωτίστως
5	1	37	1	14	3	242	2356	38	20	16.552345	για
5	1	37	1	14	4	295	2356	22	14	82.382401	νο
5	1	37	1	14	5	333	2349	76	23	54.484730	αδυνά-
4	1	37	1	15	0	55	2385	161	27	-1	
5	1	37	1	15	1	55	2385	62	27	40.608612	τυσµά
5	1	37	1	15	2	130	2385	86	25	93.724472	τους]...
3	1	37	2	0	0	49	2419	361	453	-1	
4	1	37	2	1	0	85	2419	325	31	-1	
5	1	37	2	1	1	85	2419	107	29	83.962975	Ἔφτασαν
5	1	37	2	1	2	209	2428	23	14	85.137245	κι
5	1	37	2	1	3	247	2421	36	21	72.220024	εδώ
5	1	37	2	1	4	295	2428	28	14	72.220024	.οι
5	1	37	2	1	5	338	2421	72	29	0.000000	διᾶφο-
4	1	37	2	2	0	54	2455	356	28	-1	
5	1	37	2	2	1	54	2462	35	20	81.571266	ρες
5	1	37	2	2	2	104	2455	84	28	80.592499	μπίζνες
5	1	37	2	2	3	199	2463	26	20	95.116089	µε
5	1	37	2	2	4	242	2463	26	14	85.550049	τα
5	1	37	2	2	5	294	2455	116	21	46.659950	ΒΜΕΙΟΗΤ
4	1	37	2	3	0	53	2489	355	29	-1	
5	1	37	2	3	1	53	2489	143	19	36.549091	ΨΑΟΗΕΕΝ/
5	1	37	2	3	2	225	2498	36	14	28.436058	αι
5	1	37	2	3	3	276	2492	61	26	84.403564	ἄλλες
5	1	37	2	3	4	369	2501	39	14	96.658249	που
4	1	37	2	4	0	53	2525	356	31	-1	
5	1	37	2	4	1	53	2527	139	27	85.674484	ασχολούνπαι
5	1	37	2	4	2	212	2534	26	21	82.066040	µε
5	1	37	2	4	3	251	2525	37	31	77.141312	τη.
5	1	37	2	4	4	301	2529	108	22	83.472328	σιλουέττα,
4	1	37	2	5	0	51	2563	357	28	-1	
5	1	37	2	5	1	51	2569	37	13	95.033264	και
5	1	37	2	5	2	106	2569	24	14	67.121735	το
5	1	37	2	5	3	143	2563	154	28	57.841660	αδυνάπισµα...
5	1	37	2	5	4	315	2564	43	22	93.058823	Και
5	1	37	2	5	5	375	2573	33	13	93.058823	συ-
4	1	37	2	6	0	52	2597	355	31	-1	
5	1	37	2	6	1	52	2597	75	27	18.588181	ζηποῦν
5	1	37	2	6	2	145	2599	78	21	8.293770	παντού
5	1	37	2	6	3	254	2599	102	29	39.646835	υδιαίτερα
5	1	37	2	6	4	389	2608	18	14	96.319443	οι
4	1	37	2	7	0	49	2633	358	28	-1	
5	1	37	2	7	1	49	2633	100	27	18.410484	γυναώνες
5	1	37	2	7	2	157	2641	37	20	93.533127	για
5	1	37	2	7	3	207	2641	27	16	93.304054	το
5	1	37	2	7	4	248	2635	66	21	89.798904	«πᾶσα
5	1	37	2	7	5	325	2636	70	21	31.890205	κιλά
5	1	37	2	7	6	386	2644	21	13	51.518894	ἑ-
4	1	37	2	8	0	49	2669	357	29	-1	
5	1	37	2	8	1	49	2674	89	21	19.759827	χαίσαν»,
5	1	37	2	8	2	168	2669	56	21	62.465740	αλλά
5	1	37	2	8	3	261	2671	145	27	74.986435	διαπηρώντας
4	1	37	2	9	0	49	2704	356	28	-1	
5	1	37	2	9	1	49	2709	37	13	0.000000	καπ
5	1	37	2	9	2	101	2709	39	20	95.166672	την
5	1	37	2	9	3	155	2704	56	26	75.360847	καλή
5	1	37	2	9	4	228	2711	47	17	69.867760	τους
5	1	37	2	9	5	315	2705	90	27	6.623085	ῥὀρεξη...
4	1	37	2	10	0	49	2735	356	31	-1	
5	1	37	2	10	1	49	2735	28	21	95.857384	Κι
5	1	37	2	10	2	90	2737	40	20	78.644569	ενώ
5	1	37	2	10	3	145	2737	60	21	77.272331	ἄλλοι
5	1	37	2	10	4	215	2739	119	27	70.413589	υπαφέρουν
5	1	37	2	10	5	345	2741	60	20	35.413963	απιὸ..
4	1	37	2	11	0	50	2771	355	31	-1	
5	1	37	2	11	1	50	2771	87	28	78.419518	ἐλλειφη
5	1	37	2	11	2	162	2772	86	27	87.211479	βάρους,
5	1	37	2	11	3	284	2775	121	27	73.847046	υποσιτισμὀ
4	1	37	2	12	0	49	2807	355	30	-1	
5	1	37	2	12	1	49	2813	36	14	77.985641	και
5	1	37	2	12	2	97	2807	125	28	54.964622	"αδυναμίες,
5	1	37	2	12	3	242	2809	56	27	59.987709	εμείς
5	1	37	2	12	4	328	2810	76	27	76.634377	υποφὲ-
4	1	37	2	13	0	51	2843	291	29	-1	
5	1	37	2	13	1	51	2849	62	20	0.000000	Ρουμ
5	1	37	2	13	2	127	2843	42	20	78.636490	απὀ
5	1	37	2	13	3	182	2845	160	27	34.647491	ὑπερσιτισμὀ...
2	1	38	0	0	0	69	1747	350	15	-1	
3	1	38	1	0	0	69	1747	350	15	-1	
4	1	38	1	1	0	69	1747	350	15	-1	
5	1	38	1	1	1	69	1747	350	15	95.000000	 
2	1	39	0	0	0	412	1997	13	896	-1	
3	1	39	1	0	0	412	1997	13	896	-1	
4	1	39	1	1	0	412	1997	13	896	-1	
5	1	39	1	1	1	412	1997	13	896	95.000000	 
2	1	40	0	0	0	51	2913	278	31	-1	
3	1	40	1	0	0	51	2913	278	31	-1	
4	1	40	1	1	0	51	2913	278	31	-1	
5	1	40	1	1	1	51	2913	86	28	33.525948	ῥοῇθειὰ,
5	1	40	1	1	2	151	2920	61	19	73.711334	στους
5	1	40	1	1	3	225	2915	104	29	78.485718	φτωχούς,
2	1	41	0	0	0	49	3027	151	21	-1	
3	1	41	1	0	0	49	3027	151	21	-1	
4	1	41	1	1	0	49	3027	151	21	-1	
5	1	41	1	1	1	49	3027	35	13	93.218567	του
5	1	41	1	1	2	100	3020	100	28	56.319805	σώμαπος;
2	1	42	0	0	0	123	3077	190	42	-1	
3	1	42	1	0	0	123	3077	190	42	-1	
4	1	42	1	1	0	123	3077	190	42	-1	
5	1	42	1	1	1	123	3077	190	42	0.000000	ΗΧΙΡΠΡΙΑ
2	1	43	0	0	0	81	3133	320	50	-1	
3	1	43	1	0	0	81	3133	332	50	-1	
4	1	43	1	1	0	81	3133	320	50	-1	
5	1	43	1	1	1	81	3134	73	26	48.263390	ὌὍλους
5	1	43	1	1	2	167	3141	46	19	96.360817	τους
5	1	43	1	1	3	227	3143	27	21	94.939766	µε
5	1	43	1	1	4	276	3133	125	50	6.236420	αποιοδήτω-
2	1	44	0	0	0	63	1503	1083	106	-1	
3	1	44	1	0	0	63	1503	1083	72	-1	
4	1	44	1	1	0	435	1503	708	35	-1	
5	1	44	1	1	1	435	1510	24	14	0.000000	ὂος
5	1	44	1	1	2	460	1503	181	28	27.286156	Ἀπηλιόπουλος
5	1	44	1	1	3	656	1513	26	21	96.665024	µε
5	1	44	1	1	4	695	1513	39	21	95.147057	την
5	1	44	1	1	5	744	1508	99	27	88.936035	ευκαιρία
5	1	44	1	1	6	856	1515	37	21	93.262863	της
5	1	44	1	1	7	907	1509	74	28	48.164783	εορτής
5	1	44	1	1	8	992	1516	39	22	91.025467	της
5	1	44	1	1	9	1048	1509	95	26	57.627846	Υπαπαν-
4	1	44	1	2	0	63	1514	1083	95	-1	
5	1	44	1	2	1	55	1527	47	23	49.989197	Ἴπου
5	1	44	1	2	2	119	1530	90	26	88.473862	αξίζεπε,
5	1	44	1	2	3	225	1533	85	27	78.918068	φανεῖτε
5	1	44	1	2	4	325	1514	154	56	2.284027	Ὑενναιό-[σῆς,
5	1	44	1	2	5	488	1534	85	38	45.603870	Ἐπίσης
5	1	44	1	2	6	590	1536	146	56	0.000000	πισκέφθηµε
5	1	44	1	2	7	766	1538	31	36	95.344383	τις
5	1	44	1	2	8	826	1539	145	70	24.687019	μα...
5	1	44	1	2	9	982	1541	108	38	49.785610	Ἁπαρτιὰς
5	1	44	1	2	10	1107	1555	39	31	42.505417	και,
2	1	45	0	0	0	435	1574	86	29	-1	
3	1	45	1	0	0	435	1574	86	29	-1	
4	1	45	1	1	0	435	1574	86	29	-1	
5	1	45	1	1	1	435	1574	86	29	35.841537	Ἂρνας.
2	1	46	0	0	0	435	1611	710	15	-1	
3	1	46	1	0	0	435	1611	710	15	-1	
4	1	46	1	1	0	435	1611	710	15	-1	
5	1	46	1	1	1	435	1611	710	15	95.000000	 
2	1	47	0	0	0	413	1601	737	213	-1	
3	1	47	1	0	0	413	1601	729	197	-1	
4	1	47	1	1	0	413	1601	729	132	-1	
5	1	47	1	1	1	413	1729	4	4	48.245281	|
5	1	47	1	1	2	473	1635	129	69	9.361946	Βερμή
5	1	47	1	1	3	630	1604	313	104	1.957893	χαρεί.
5	1	47	1	1	4	953	1601	189	109	26.599670	τσ]
4	1	47	1	2	0	472	1718	678	96	-1	
5	1	47	1	2	1	426	1729	2	2	0.000000	:
5	1	47	1	2	2	472	1734	72	47	72.544464	τοι
5	1	47	1	2	3	564	1725	100	57	0.000000	γέτι
5	1	47	1	2	4	698	1718	194	96	40.089455	Νομάρχη
5	1	47	1	2	5	913	1729	237	69	6.163239	Λκνίαι
2	1	48	0	0	0	763	1830	393	11	-1	
3	1	48	1	0	0	763	1830	393	11	-1	
4	1	48	1	1	0	763	1830	393	11	-1	
5	1	48	1	1	1	763	1830	393	11	95.000000	 
2	1	49	0	0	0	432	1804	413	123	-1	
3	1	49	1	0	0	432	1804	413	123	-1	
4	1	49	1	1	0	483	1804	362	56	-1	
5	1	49	1	1	1	483	1821	79	27	10.119896	ἁθουκοι
5	1	49	1	1	2	569	1823	42	25	44.498817	νου
5	1	49	1	1	3	625	1823	77	37	83.627426	Νομοῦ
5	1	49	1	1	4	704	1828	57	22	0.000000	λα
5	1	49	1	1	5	793	1804	52	56	0.000000	Ἴρον
4	1	49	1	2	0	432	1866	348	31	-1	
5	1	49	1	2	1	432	1861	45	24	68.445267	γίας
5	1	49	1	2	2	489	1868	37	14	50.008286	και
5	1	49	1	2	3	540	1863	124	27	35.949249	αποαππαιχοῦ
5	1	49	1	2	4	678	1870	39	20	92.924500	της
5	1	49	1	2	5	726	1866	54	31	27.385063	Ύπς.
4	1	49	1	3	0	460	1895	327	32	-1	
5	1	49	1	3	1	460	1895	91	23	90.781952	Νοιώθω
5	1	49	1	3	2	567	1897	102	29	47.548790	ιδιαΐτερη
5	1	49	1	3	3	680	1899	61	28	92.884018	χαρά,
5	1	49	1	3	4	751	1907	36	13	85.677979	χαι
2	1	50	0	0	0	429	1997	367	107	-1	
3	1	50	1	0	0	429	1997	367	107	-1	
4	1	50	1	1	0	430	1997	366	37	-1	
5	1	50	1	1	1	430	2003	91	27	10.987617	θήκοντα,
5	1	50	1	1	2	534	2011	35	15	69.447388	του
5	1	50	1	1	3	584	2004	106	30	85.327492	Νσιάρχη
5	1	50	1	1	4	701	2013	38	15	49.850697	ατο
5	1	50	1	1	5	754	1997	42	31	85.042961	Νο
4	1	50	1	2	0	429	2041	350	29	-1	
5	1	50	1	2	1	429	2039	26	27	28.597923	μό
5	1	50	1	2	2	468	2045	46	19	95.474190	σας,
5	1	50	1	2	3	527	2047	40	13	93.293770	που
5	1	50	1	2	4	584	2041	43	21	40.497150	απὀὸ
5	1	50	1	2	5	657	2048	31	18	93.807266	τις
5	1	50	1	2	6	703	2041	76	29	96.179222	14)
5	1	50	1	2	7	756	2035	27	39	96.039810	1)
4	1	50	1	3	0	430	2074	355	30	-1	
5	1	50	1	3	1	430	2074	56	22	45.478409	1987
5	1	50	1	3	2	502	2075	53	21	92.151497	εἶναι
5	1	50	1	3	3	570	2082	37	15	92.696938	και
5	1	50	1	3	4	621	2076	58	25	48.664036	δικός
5	1	50	1	3	5	690	2084	41	20	90.686104	µου
5	1	50	1	3	6	744	2077	41	22	84.651588	Νο-
2	1	51	0	0	0	420	2109	53	28	-1	
3	1	51	1	0	0	420	2109	53	28	-1	
4	1	51	1	1	0	420	2109	53	28	-1	
5	1	51	1	1	1	420	2109	53	28	0.000000	μλὸς.
2	1	52	0	0	0	423	2139	390	394	-1	
3	1	52	1	0	0	423	2139	361	358	-1	
4	1	52	1	1	0	456	2139	328	36	-1	
5	1	52	1	1	1	456	2144	30	22	93.228813	Κι
5	1	52	1	1	2	496	2139	53	28	49.455925	αυπὸ
5	1	52	1	1	3	560	2139	59	34	81.688484	γιαπὶ
5	1	52	1	1	4	630	2154	12	14	93.282295	ο
5	1	52	1	1	5	656	2146	72	29	61.308064	Νομὸς
5	1	52	1	1	6	740	2147	44	22	77.389847	Λα-
4	1	52	1	2	0	426	2181	387	30	-1	
5	1	52	1	2	1	426	2181	77	25	28.104477	κωνίας
5	1	52	1	2	2	514	2181	53	22	92.642174	εἶναι
5	1	52	1	2	3	579	2183	94	26	62.395454	γγωστὸς
5	1	52	1	2	4	686	2183	22	21	67.369003	σ᾿
5	1	52	1	2	5	723	2183	90	28	55.451141	ὄλους|γ
4	1	52	1	3	0	427	2215	356	32	-1	
5	1	52	1	3	1	427	2223	48	17	95.520828	τους
5	1	52	1	3	2	491	2215	100	29	87.017067	Ἕλληνες
5	1	52	1	3	3	606	2218	42	20	89.883698	απὀ
5	1	52	1	3	4	664	2225	28	21	89.682579	τη
5	1	52	1	3	5	717	2219	66	28	51.415600	µικρή
4	1	52	1	4	0	426	2242	357	41	-1	
5	1	52	1	4	1	426	2247	48	34	89.488113	ταυς
5	1	52	1	4	2	480	2242	86	41	21.845894	Ἠλυκία,
5	1	52	1	4	3	578	2253	56	21	91.954544	αλλά
5	1	52	1	4	4	647	2260	36	14	78.025696	χαι
5	1	52	1	4	5	696	2249	36	35	94.560928	στα
5	1	52	1	4	6	743	2254	40	26	96.276764	εξω
4	1	52	1	5	0	426	2287	357	32	-1	
5	1	52	1	5	1	426	2287	79	27	50.110706	τερικὀ,
5	1	52	1	5	2	517	2288	58	28	80.565323	αφού
5	1	52	1	5	3	589	2289	20	21	75.565979	σ᾿
5	1	52	1	5	4	622	2302	2	2	63.743710	.
5	1	52	1	5	5	638	2289	65	23	74.975334	αυτὸν
5	1	52	1	5	6	731	2291	52	28	51.141502	ανή-
4	1	52	1	6	0	424	2322	359	32	-1	
5	1	52	1	6	1	424	2329	53	16	94.458450	χουν
5	1	52	1	6	2	488	2331	15	21	93.238533	η
5	1	52	1	6	3	512	2322	88	30	29.597099	Αρχαΐα
5	1	52	1	6	4	611	2324	96	30	0.000000	πάρτη,
5	1	52	1	6	5	722	2333	15	21	93.159958	η
5	1	52	1	6	6	751	2325	32	23	52.028080	ἐν-
4	1	52	1	7	0	426	2358	356	31	-1	
5	1	52	1	7	1	426	2358	52	30	91.268845	δοξη
5	1	52	1	7	2	488	2358	73	31	78.938492	Μάνη.
5	1	52	1	7	3	576	2368	11	14	93.265991	ο
5	1	52	1	7	4	598	2359	130	28	42.292290	Ῥυζαντυνὸς
5	1	52	1	7	5	737	2361	45	23	85.481552	Μυ-
4	1	52	1	8	0	425	2395	355	30	-1	
5	1	52	1	8	1	425	2395	72	28	88.618088	στρᾶς,
5	1	52	1	8	2	510	2403	24	15	95.942398	το
5	1	52	1	8	3	548	2397	94	28	22.519814	γραφικό
5	1	52	1	8	4	658	2397	75	23	0.000000	Ῥύθειο
5	1	52	1	8	5	744	2406	36	14	27.266426	και
4	1	52	1	9	0	424	2430	357	34	-1	
5	1	52	1	9	1	424	2430	143	34	24.115540	Ελαφονήσι,
5	1	52	1	9	2	579	2440	25	15	91.610825	το
5	1	52	1	9	3	620	2433	103	27	56.174793	ξακουστό
5	1	52	1	9	4	736	2434	45	22	66.324120	Κά-
4	1	52	1	10	0	423	2467	324	30	-1	
5	1	52	1	10	1	423	2474	52	21	93.225525	στρο
5	1	52	1	10	2	489	2475	38	21	88.785347	της
5	1	52	1	10	3	540	2467	150	30	32.804520	ἸΜανεμβασιὰς
5	1	52	1	10	4	701	2471	46	21	37.098942	χ.ᾶ.
3	1	52	2	0	0	452	2502	327	31	-1	
4	1	52	2	1	0	452	2502	327	31	-1	
5	1	52	2	1	1	452	2502	110	30	0.000000	νλυκρωά
5	1	52	2	1	2	580	2505	97	28	74.108505	Ὑνωρίζω
5	1	52	2	1	3	693	2513	46	18	96.838608	πως
5	1	52	2	1	4	760	2514	19	14	96.192245	οἱ
2	1	53	0	0	0	415	2539	364	35	-1	
3	1	53	1	0	0	415	2539	364	35	-1	
4	1	53	1	1	0	415	2539	364	35	-1	
5	1	53	1	1	1	415	2539	93	35	30.579803	ιεωθύνες
5	1	53	1	1	2	521	2547	40	14	92.718666	που
5	1	53	1	1	3	577	2541	129	28	23.932335	επωµίζοµαι
5	1	53	1	1	4	724	2541	55	23	96.141388	εἶναι
2	1	54	0	0	0	423	2575	356	64	-1	
3	1	54	1	0	0	423	2575	356	64	-1	
4	1	54	1	1	0	423	2575	356	28	-1	
5	1	54	1	1	1	423	2575	99	27	86.034058	µεγάλες,
5	1	54	1	1	2	536	2577	65	26	93.171898	αφού,
5	1	54	1	1	3	612	2577	65	25	80.000496	εχτὸς
5	1	54	1	1	4	694	2578	43	22	92.267960	απὀ
5	1	54	1	1	5	755	2585	24	15	68.251633	το
4	1	54	1	2	0	423	2610	354	29	-1	
5	1	54	1	2	1	423	2610	52	28	92.932266	ἔργο
5	1	54	1	2	2	489	2615	39	17	27.748535	που
5	1	54	1	2	3	548	2611	42	28	90.060738	ἔχω
5	1	54	1	2	4	610	2618	27	16	26.281876	να
5	1	54	1	2	5	664	2613	113	22	69.149521	επιπελέσω
2	1	55	0	0	0	50	2645	1468	497	-1	
3	1	55	1	0	0	50	2645	1468	497	-1	
4	1	55	1	1	0	421	2645	740	36	-1	
5	1	55	1	1	1	421	2645	50	28	75.287712	μαζί
5	1	55	1	1	2	484	2653	46	18	93.296104	σας,
5	1	55	1	1	3	544	2648	145	21	33.099274	ανικαπαστῷ
5	1	55	1	1	4	703	2655	36	16	95.875893	ταν
5	1	55	1	1	5	749	2656	30	14	22.860886	χα
5	1	55	1	1	6	793	2651	51	26	22.860886	|μόνο
5	1	55	1	1	7	850	2651	48	21	80.903969	ἔτσι
5	1	55	1	1	8	911	2653	106	26	39.602547	μπαρούμε
5	1	55	1	1	9	1030	2659	26	15	88.903900	γα
5	1	55	1	1	10	1066	2643	95	38	27.305382	προχω-
4	1	55	1	2	0	420	2680	737	39	-1	
5	1	55	1	2	1	420	2680	117	28	70.863800	ταξιωμένο
5	1	55	1	2	2	548	2688	39	20	39.353939	σνη
5	1	55	1	2	3	599	2683	115	27	55.760933	συνείδηση
5	1	55	1	2	4	723	2684	56	22	79.776093	ὅλων
5	1	55	1	2	5	794	2685	91	27	56.773827	|ρίσουμε
5	1	55	1	2	6	899	2687	70	20	26.790146	σὠστά
5	1	55	1	2	7	983	2694	37	14	87.302589	χαι
5	1	55	1	2	8	1034	2684	123	35	27.465660	μεθοδωά..
4	1	55	1	3	0	422	2711	731	56	-1	
5	1	55	1	3	1	422	2717	48	21	96.805122	σας
5	1	55	1	3	2	469	2713	114	29	54.412682	«Νομάρχη
5	1	55	1	3	3	589	2711	90	56	0.000000	-Τιάννη
5	1	55	1	3	4	699	2717	78	28	8.315781	"Σαβα-
5	1	55	1	3	5	792	2718	97	28	0.000000	|Σίγουρά
5	1	55	1	3	6	902	2721	39	21	93.277740	δεν
5	1	55	1	3	7	952	2721	62	26	93.106636	ἔχουν
5	1	55	1	3	8	1029	2722	107	26	77.282166	θἐση
5	1	55	1	3	9	1091	2713	24	39	49.737507	οι
5	1	55	1	3	10	1128	2727	25	15	46.467052	ὅ--
4	1	55	1	4	0	416	2741	1102	46	-1	
5	1	55	1	4	1	416	2741	63	36	88.162125	λάνα.
5	1	55	1	4	2	792	2759	54	14	83.424072	ποιοι
5	1	55	1	4	3	862	2754	131	27	65.366722	παράγοντες
5	1	55	1	4	4	1005	2755	14	27	72.863533	ἡ
5	1	55	1	4	5	1030	2757	181	30	0.000000	παραγοντί[ρους
5	1	55	1	4	6	1230	2762	95	21	87.436401	σπαυδὼν
5	1	55	1	4	7	1352	2769	44	16	42.977379	«ων
5	1	55	1	4	8	1420	2763	98	21	48.625828	παιδιῶν
4	1	55	1	5	0	450	2755	697	62	-1	
5	1	55	1	5	1	450	2782	19	22	91.874084	Ο
5	1	55	1	5	2	486	2783	90	28	54.055805	Τωῶννης
5	1	55	1	5	3	589	2755	126	62	58.256165	Σαβαλλνος
5	1	55	1	5	4	729	2787	117	27	38.050468	ἐβα-Ίσχοι,
5	1	55	1	5	5	864	2795	48	18	66.849457	που,
5	1	55	1	5	6	926	2789	119	28	40.028923	αἰνόχλητα
5	1	55	1	5	7	1059	2797	36	15	89.326492	χαι
5	1	55	1	5	8	1111	2797	36	15	15.188370	συο
4	1	55	1	6	0	418	2818	729	36	-1	
5	1	55	1	6	1	418	2818	25	22	94.791115	λε
5	1	55	1	6	2	460	2825	27	21	71.411446	η
5	1	55	1	6	3	506	2819	49	29	0.000000	δω
5	1	55	1	6	4	582	2827	37	14	83.716713	που
5	1	55	1	6	5	651	2823	124	27	77.092964	πρασωπυκή
5	1	55	1	6	6	791	2823	65	28	62.352928	[όνομα
5	1	55	1	6	7	870	2830	38	15	41.505833	Ίου
5	1	55	1	6	8	921	2823	69	27	93.275864	Λαού,
5	1	55	1	6	9	1012	2826	135	28	9.459442	εμδιαφέρον-
4	1	55	1	7	0	158	2855	989	49	-1	
5	1	55	1	7	1	158	2878	6	4	0.000000	ώ
5	1	55	1	7	2	420	2855	108	27	81.788422	σφραγίδα
5	1	55	1	7	3	545	2861	50	22	87.202003	στην
5	1	55	1	7	4	608	2857	132	26	93.269356	προσπάθεια
5	1	55	1	7	5	753	2865	23	13	74.317490	α-
5	1	55	1	7	6	790	2864	34	15	83.134903	[οχι
5	1	55	1	7	7	834	2865	38	21	83.658730	για
5	1	55	1	7	8	882	2866	27	14	45.699230	"κ
5	1	55	1	7	9	922	2856	159	48	68.028549	«συμφξρονσαν
5	1	55	1	7	10	1092	2868	55	21	62.114777	μεμο
4	1	55	1	8	0	79	2877	1066	58	-1	
5	1	55	1	8	1	79	2877	62	21	58.115444	Πόσα
5	1	55	1	8	2	153	2885	69	21	87.210144	ἄραγε
5	1	55	1	8	3	241	2879	110	29	51.266369	ξοδεύουµε
5	1	55	1	8	4	367	2887	35	21	0.000000	Τη
5	1	55	1	8	5	414	2883	110	52	22.497902	νάπανξης
5	1	55	1	8	6	537	2897	38	21	34.106895	της
5	1	55	1	8	7	604	2892	103	28	46.974136	περιοχής
5	1	55	1	8	8	738	2900	37	14	43.919544	αι
5	1	55	1	8	9	790	2893	92	29	57.742916	[ναμένων
5	1	55	1	8	10	893	2895	84	28	35.210953	ατόμων
5	1	55	1	8	11	987	2895	16	28	72.591820	ἦ
5	1	55	1	8	12	1015	2903	37	14	49.477058	και
5	1	55	1	8	13	1063	2897	50	27	52.006500	μιᾶς
5	1	55	1	8	14	1125	2904	20	14	91.057655	ο-
4	1	55	1	9	0	79	2919	1066	51	-1	
5	1	55	1	9	1	79	2949	6	5	35.573860	Ἶ
5	1	55	1	9	2	357	2919	43	51	38.864243	905
5	1	55	1	9	3	416	2919	117	51	74.371147	βελπίωσης
5	1	55	1	9	4	541	2933	42	15	69.001114	των
5	1	55	1	9	5	596	2927	111	27	53.470253	συγθημών
5	1	55	1	9	6	718	2927	139	30	86.174438	ζωής]μάδας
5	1	55	1	9	7	870	2931	93	28	34.978706	απάμων,
5	1	55	1	9	8	974	2932	121	26	94.196037	πουλώντας
5	1	55	1	9	9	1121	2940	24	15	65.193192	το
4	1	55	1	10	0	50	2947	1094	52	-1	
5	1	55	1	10	1	50	2949	121	26	24.914528	αδύναπους,
5	1	55	1	10	2	188	2957	48	19	71.313866	τους
5	1	55	1	10	3	242	2947	156	52	46.198853	πεινασμένους!
5	1	55	1	10	4	415	2959	44	36	73.894531	των
5	1	55	1	10	5	472	2968	105	16	2.981995	Χαποϊκων
5	1	55	1	10	6	589	2969	36	15	93.204781	του
5	1	55	1	10	7	641	2962	73	29	35.528404	Ναμοῦ
5	1	55	1	10	8	727	2971	47	18	76.197723	σας.
5	1	55	1	10	9	790	2967	98	26	62.133389	|ραισφέτι
5	1	55	1	10	10	900	2973	29	18	96.893745	ως
5	1	55	1	10	11	945	2967	63	27	49.909676	δήθεν
5	1	55	1	10	12	1024	2969	120	27	87.447014	υπηρεσίες:
4	1	55	1	11	0	50	2983	1103	63	-1	
5	1	55	1	11	1	50	2983	39	25	89.323799	Ὡς
5	1	55	1	11	2	93	2985	50	20	33.149200	πότε
5	1	55	1	11	3	161	2986	27	19	84.866058	θα
5	1	55	1	11	4	207	2987	84	27	54.515953	εἶμωσνε
5	1	55	1	11	5	319	2987	84	27	88.811562	λάτρεις
5	1	55	1	11	6	418	2995	34	22	68.925468	Τι"
5	1	55	1	11	7	462	2997	56	21	0.000000	αυτό
5	1	55	1	11	8	528	2993	28	41	95.631996	θα
5	1	55	1	11	9	569	2997	69	27	60.972282	μείνει
5	1	55	1	11	10	651	3005	45	21	86.186928	για
5	1	55	1	11	11	705	2999	69	22	6.661469	πάντα
5	1	55	1	11	12	819	3000	81	28	48.604893	Πρέπει
5	1	55	1	11	13	915	3008	27	15	96.405891	να
5	1	55	1	11	14	955	3001	79	29	88.703278	ξέρετε,
5	1	55	1	11	15	1047	3010	44	18	96.816986	πως
5	1	55	1	11	16	1103	3004	50	42	16.290497	φὲρ.
4	1	55	1	12	0	261	3026	892	57	-1	
5	1	55	1	12	1	261	3026	66	38	25.495178	--
5	1	55	1	12	2	419	3038	38	21	96.835571	στη
5	1	55	1	12	3	468	3033	69	27	64.642044	μνήμη
5	1	55	1	12	4	550	3032	54	22	92.300110	ὅλων
5	1	55	1	12	5	617	3039	46	19	93.301208	σας,
5	1	55	1	12	6	675	3034	50	21	15.869629	τὖσο
5	1	55	1	12	7	736	3041	81	21	48.125843	ἤια[νω
5	1	55	1	12	8	834	3036	50	26	0.821846	μαζί
5	1	55	1	12	9	896	3043	41	21	92.752884	µου
5	1	55	1	12	10	952	3044	39	20	95.787674	µια
5	1	55	1	12	11	1006	3038	91	21	96.329651	πλούσια
5	1	55	1	12	12	1110	3029	43	54	0.000000	εμ.,
4	1	55	1	13	0	410	3067	750	45	-1	
5	1	55	1	13	1	410	3074	32	37	78.787285	[το
5	1	55	1	13	2	459	3067	137	29	77.319221	δημιουργικό
5	1	55	1	13	3	611	3074	37	15	53.377300	του
5	1	55	1	13	4	661	3069	60	28	87.660225	ἔργο,
5	1	55	1	13	5	732	3070	127	28	77.919197	ὁσο|πειρία
5	1	55	1	13	6	870	3078	41	14	93.287674	που
5	1	55	1	13	7	923	3072	111	28	81.860519	απὀκτησα
5	1	55	1	13	8	1048	3081	40	15	92.961510	σαν
5	1	55	1	13	9	1103	3073	50	29	48.720932	Δή-'
5	1	55	1	13	10	1158	3110	2	2	55.122711	;
4	1	55	1	14	0	409	3105	734	37	-1	
5	1	55	1	14	1	409	3110	44	32	39.214230	[αι
5	1	55	1	14	2	468	3110	38	21	0.000000	Ίνα
5	1	55	1	14	3	532	3110	40	22	50.801311	ην
5	1	55	1	14	4	598	3105	175	29	0.000000	προσωπικὀτηπἁ
5	1	55	1	14	5	788	3113	81	21	0.000000	(μαρχος
5	1	55	1	14	6	885	3113	37	15	35.972397	νου
5	1	55	1	14	7	936	3106	100	30	86.005600	Αιγάλεω
5	1	55	1	14	8	1053	3116	39	14	51.068119	στι
5	1	55	1	14	9	1124	3117	19	14	89.840424	ο-
2	1	56	0	0	0	416	3140	357	62	-1	
3	1	56	1	0	0	416	3140	357	62	-1	
4	1	56	1	1	0	417	3140	356	29	-1	
5	1	56	1	1	1	417	3146	36	14	66.865723	που
5	1	56	1	1	2	468	3146	37	14	58.380547	Ἆαι
5	1	56	1	1	3	516	3146	27	14	80.131050	Ὅο
5	1	56	1	1	4	557	3140	92	28	76.310699	ακέραιο
5	1	56	1	1	5	656	3147	38	15	64.288071	τα
5	1	56	1	1	6	706	3148	67	21	78.956337	χαρα-
4	1	56	1	2	0	416	3181	128	21	-1	
5	1	56	1	2	1	416	3174	70	28	60.244743	κτήρα
5	1	56	1	2	2	499	3181	45	15	82.844437	που.
2	1	57	0	0	0	795	1838	4	76	-1	
3	1	57	1	0	0	795	1838	4	76	-1	
4	1	57	1	1	0	795	1838	4	76	-1	
5	1	57	1	1	1	795	1838	4	76	95.000000	 
2	1	58	0	0	0	801	1815	1372	67	-1	
3	1	58	1	0	0	801	1815	1372	67	-1	
4	1	58	1	1	0	801	1815	1372	67	-1	
5	1	58	1	1	1	801	1817	48	45	21.103455	ρον-
5	1	58	1	1	2	856	1825	29	36	48.630989	να
5	1	58	1	1	3	892	1815	113	44	0.000000	εφορῥόω
5	1	58	1	1	4	1013	1822	38	33	0.000000	σας
5	1	58	1	1	5	1056	1825	51	36	24.963814	εχῶ;
5	1	58	1	1	6	1109	1827	48	30	30.454910	σαν
5	1	58	1	1	7	1171	1823	50	44	46.538109	της"
5	1	58	1	1	8	1217	1823	120	43	0.000000	περιοχής.
5	1	58	1	1	9	1337	1831	60	24	26.256836	ους,
5	1	58	1	1	10	1394	1828	46	54	0.000000	κι
5	1	58	1	1	11	1453	1828	35	54	24.173538	ὄχι
5	1	58	1	1	12	1498	1833	14	13	23.618347	με
5	1	58	1	1	13	1547	1828	37	54	52.227482	τον
5	1	58	1	1	14	1592	1828	141	54	0.000000	-Ἀουστόν».,
5	1	58	1	1	15	1725	1835	74	44	27.785736	μόνον
5	1	58	1	1	16	1807	1853	7	10	71.994949	-
5	1	58	1	1	17	1811	1835	96	41	0.000000	-ροωνόν
5	1	58	1	1	18	1915	1834	100	46	0.000000	ανα:παῄν.
5	1	58	1	1	19	2022	1834	134	46	0.000000	σπαῥάσμρεύ.
5	1	58	1	1	20	2150	1859	23	5	0.000000	--
2	1	59	0	0	0	804	1867	355	30	-1	
3	1	59	1	0	0	804	1867	355	30	-1	
4	1	59	1	1	0	804	1867	355	30	-1	
5	1	59	1	1	1	804	1866	135	26	39.904251	Εκπρόσωπος
5	1	59	1	1	2	956	1874	37	20	52.408676	της
5	1	59	1	1	3	1019	1867	140	30	72.897507	Ἐυβέρνησης
2	1	60	0	0	0	422	1896	1830	110	-1	
3	1	60	1	0	0	429	1896	1860	110	-1	
4	1	60	1	1	0	794	1896	364	49	-1	
5	1	60	1	1	1	794	1896	50	49	93.342270	[στο
5	1	60	1	1	2	857	1900	59	29	88.212143	Νομὸ
5	1	60	1	1	3	930	1909	47	19	96.036438	σας,
5	1	60	1	1	4	992	1910	38	20	86.705116	µια
5	1	60	1	1	5	1049	1911	109	21	38.236767	συγχεκρι-
4	1	60	1	2	0	432	1934	1820	54	-1	
5	1	60	1	2	1	432	1932	117	28	0.000000	συγκίνηση
5	1	60	1	2	2	568	1933	138	29	61.915749	παυτόχρονα,,
5	1	60	1	2	3	720	1941	40	15	96.566917	που
5	1	60	1	2	4	772	1942	15	21	95.831650	η
5	1	60	1	2	5	794	1943	60	27	0.000000	μένη
5	1	60	1	2	6	871	1937	95	29	74.440536	πολιτικὴ
5	1	60	1	2	7	987	1946	44	21	90.911102	που
5	1	60	1	2	8	1061	1941	95	30	25.776596	στοχεύει
5	1	60	1	2	9	1174	1941	141	35	37.885418	Ραμερίσσυμε
5	1	60	1	2	10	1328	1949	31	18	93.272812	τις
5	1	60	1	2	11	1369	1942	127	31	10.337563	πομματικὲς
5	1	60	1	2	12	1505	1943	24	21	95.444405	δι
5	1	60	1	2	13	1542	1947	33	17	22.114326	να
5	1	60	1	2	14	1588	1935	239	48	95.354378	παρακολουθήσουν
5	1	60	1	2	15	1842	1934	115	46	0.000000	ἐσόδειξον
5	1	60	1	2	16	1968	1941	6	9	46.354546	᾿
5	1	60	1	2	17	1992	1939	98	41	63.943562	μόδας
5	1	60	1	2	18	2100	1941	152	47	27.127762	γυναμθείων
5	1	60	1	2	19	2273	1949	16	5	15.144348	.
4	1	60	1	3	0	422	1966	1106	40	-1	
5	1	60	1	3	1	422	1966	136	30	0.000000	ΓΚωβέρνηση
5	1	60	1	3	2	570	1976	41	21	63.271877	µου
5	1	60	1	3	3	621	1970	92	26	20.777512	αλέθεσει
5	1	60	1	3	4	724	1962	31	40	59.996952	ναι
5	1	60	1	3	5	761	1962	35	40	54.024857	χα.
5	1	60	1	3	6	794	1979	59	27	10.156921	Ίστην
5	1	60	1	3	7	868	1973	160	29	59.799866	αποκέντρωση,
5	1	60	1	3	8	1048	1982	25	14	88.583580	τὸ
5	1	60	1	3	9	1094	1975	63	29	10.974167	ὂημο-
5	1	60	1	3	10	1171	1973	80	31	91.898682	αφορὲς
5	1	60	1	3	11	1267	1983	38	15	88.509949	χαι
5	1	60	1	3	12	1315	1977	45	25	0.000000	ὅντι
5	1	60	1	3	13	1378	1975	94	31	19.301987	:διχάζει
5	1	60	1	3	14	1503	1984	25	15	96.206696	το
2	1	61	0	0	0	793	2006	372	639	-1	
3	1	61	1	0	0	798	2006	367	174	-1	
4	1	61	1	1	0	800	2006	365	47	-1	
5	1	61	1	1	1	800	2009	88	26	72.795914	πραπικὸ
5	1	61	1	1	2	902	2012	188	26	21.541031	προγραμματισμό
5	1	61	1	1	3	1115	2006	50	47	55.615101	και
4	1	61	1	2	0	800	2044	354	32	-1	
5	1	61	1	2	1	800	2050	39	20	92.909668	την
5	1	61	1	2	2	860	2044	102	31	39.128567	ισόρροπη
5	1	61	1	2	3	974	2045	109	31	90.320770	ανάπτυξη
5	1	61	1	2	4	1117	2053	37	15	30.494034	«ου
4	1	61	1	3	0	800	2080	355	28	-1	
5	1	61	1	3	1	800	2079	71	25	57.694252	τόπου,
5	1	61	1	3	2	884	2086	40	21	40.836838	στη
5	1	61	1	3	3	938	2080	121	28	17.943077	λειτουργία
5	1	61	1	3	4	1071	2080	42	24	92.567818	των
5	1	61	1	3	5	1124	2082	31	22	41.510101	νξ-
4	1	61	1	4	0	799	2111	365	45	-1	
5	1	61	1	4	1	799	2120	30	15	92.693993	ων
5	1	61	1	4	2	842	2114	90	28	53.761272	θεσμών,
5	1	61	1	4	3	945	2111	103	45	12.919968	εδιαίνερα
5	1	61	1	4	4	1062	2122	41	17	0.000000	9ΟΥ
5	1	61	1	4	5	1112	2125	52	24	13.433868	συμ,
4	1	61	1	5	0	794	2145	359	45	-1	
5	1	61	1	5	1	794	2145	129	36	8.345230	Μετοχυών,
5	1	61	1	5	2	931	2146	43	44	96.120995	την
5	1	61	1	5	3	1006	2151	84	29	25.571594	πάταξη
5	1	61	1	5	4	1110	2160	54	24	14.876823	«της
3	1	61	2	0	0	796	2186	365	200	-1	
4	1	61	2	1	0	797	2186	364	30	-1	
5	1	61	2	1	1	797	2183	181	30	36.351261	Υραφειακρατίας
5	1	61	2	1	2	990	2193	37	15	84.881401	χαι
5	1	61	2	1	3	1040	2194	28	21	94.567230	τη
5	1	61	2	1	4	1084	2184	77	32	0.000000	σωστή.
4	1	61	2	2	0	798	2216	355	55	-1	
5	1	61	2	2	1	798	2219	120	29	62.598038	λειπουργία,
5	1	61	2	2	2	928	2221	55	23	83.617638	ὅλων
5	1	61	2	2	3	996	2229	42	15	94.486137	των
5	1	61	2	2	4	1048	2216	105	55	0.000000	Ύπηρεσι-
4	1	61	2	3	0	798	2255	364	41	-1	
5	1	61	2	3	1	798	2255	29	22	53.384666	ὤν
5	1	61	2	3	2	837	2257	37	19	79.356339	ταυ
5	1	61	2	3	3	891	2255	80	29	60.831089	Ναμού,
5	1	61	2	3	4	985	2264	40	15	95.586319	που
5	1	61	2	3	5	1034	2257	55	29	93.673515	εἶναι
5	1	61	2	3	6	1100	2256	62	40	55.803146	ταγ-
4	1	61	2	4	0	798	2297	355	25	-1	
5	1	61	2	4	1	798	2291	60	27	23.940842	μένες
5	1	61	2	4	2	870	2298	27	19	81.327377	να
5	1	61	2	4	3	908	2293	117	27	94.047241	υπηρετούν
5	1	61	2	4	4	1035	2301	28	13	79.382385	πα
5	1	61	2	4	5	1077	2295	76	27	18.061905	σαυμφέ-
4	1	61	2	5	0	798	2324	362	49	-1	
5	1	61	2	5	1	798	2333	63	21	1.278046	βΡαντα
5	1	61	2	5	2	872	2334	42	16	95.462212	των
5	1	61	2	5	3	920	2324	110	49	0.000000	ποπρίκων
5	1	61	2	5	4	1038	2325	65	38	33.776741	αυτού
5	1	61	2	5	5	1115	2337	45	32	65.800903	ου
4	1	61	2	6	0	796	2369	71	17	-1	
5	1	61	2	6	1	796	2363	71	23	11.265198	τόπου.
3	1	61	3	0	0	793	2389	367	256	-1	
4	1	61	3	1	0	825	2389	326	42	-1	
5	1	61	3	1	1	825	2399	41	22	70.381210	Το.
5	1	61	3	1	2	864	2389	73	37	0.000000	στὸ,
5	1	61	3	1	3	948	2398	19	24	42.455582	α΄
5	1	61	3	1	4	978	2395	55	35	37.476494	αμτῇ
5	1	61	3	1	5	1048	2409	39	21	73.580246	µου
5	1	61	3	1	6	1107	2401	44	30	55.113106	την
4	1	61	3	2	0	795	2437	357	32	-1	
5	1	61	3	2	1	795	2437	150	27	91.544403	προσπάθεια,
5	1	61	3	2	2	949	2437	63	29	35.154442	ἔχαυν
5	1	61	3	2	3	1024	2438	55	29	83.344208	θέση
5	1	61	3	2	4	1087	2433	11	40	32.835228	.
5	1	61	3	2	5	1107	2439	45	30	91.721504	ὅλοι
4	1	61	3	3	0	795	2471	365	39	-1	
5	1	61	3	3	1	795	2479	28	14	70.123886	οι.
5	1	61	3	3	2	828	2471	109	27	70.123886	Λάχώνες,
5	1	61	3	3	3	950	2473	143	29	73.379639	ανεξάρτητα
5	1	61	3	3	4	1086	2467	11	39	71.580650	-
5	1	61	3	3	5	1105	2472	55	38	54.358349	από
4	1	61	3	4	0	795	2508	356	28	-1	
5	1	61	3	4	1	795	2508	221	28	42.929649	ιδεολογυκοπολετυκὲς
5	1	61	3	4	2	1029	2517	38	15	73.461197	και
5	1	61	3	4	3	1078	2517	73	16	51.386780	χοινω-
4	1	61	3	5	0	795	2541	354	29	-1	
5	1	61	3	5	1	795	2541	62	27	59.026680	γωκές
5	1	61	3	5	2	866	2544	78	26	93.305862	θέσεις,
5	1	61	3	5	3	958	2545	43	21	92.964073	ὅλοι
5	1	61	3	5	4	1016	2553	20	14	76.700600	αι
5	1	61	3	5	5	1046	2552	3	1	63.785664	΄
5	1	61	3	5	6	1056	2548	93	20	44.550179	χοινωνι-
4	1	61	3	6	0	794	2579	355	29	-1	
5	1	61	3	6	1	794	2579	33	27	0.000000	οί
5	1	61	3	6	2	840	2580	72	28	57.754826	φορείς
5	1	61	3	6	3	928	2583	41	19	80.038734	του
5	1	61	3	6	4	978	2580	68	27	94.780487	Λαού,
5	1	61	3	6	5	1059	2581	57	26	93.294563	ὅπως
5	1	61	3	6	6	1130	2589	19	15	93.078232	ε-
4	1	61	3	7	0	793	2616	356	29	-1	
5	1	61	3	7	1	793	2615	99	21	29.097633	κάσποτε.
5	1	61	3	7	2	911	2616	152	28	48.188751	Εχφράζονπται,
5	1	61	3	7	3	1091	2619	58	26	48.826790	Ὑγωπὶ
2	1	62	0	0	0	1156	2551	364	65	-1	
3	1	62	1	0	0	1156	2551	364	65	-1	
4	1	62	1	1	0	1156	2551	364	31	-1	
5	1	62	1	1	1	1156	2551	78	28	91.334373	[βρεθώ
5	1	62	1	1	2	1248	2553	65	21	16.379089	κοντό
5	1	62	1	1	3	1326	2559	49	19	63.582054	σας,
5	1	62	1	1	4	1386	2561	62	21	4.325287	στην.
5	1	62	1	1	5	1457	2555	63	27	62.546867	πόλη
4	1	62	1	2	0	1156	2589	181	27	-1	
5	1	62	1	2	1	1156	2594	43	14	29.258919	Ίκαι
5	1	62	1	2	2	1216	2594	35	14	96.245735	στο
5	1	62	1	2	3	1262	2589	75	27	49.935974	χωριό,
2	1	63	0	0	0	1171	1347	382	204	-1	
3	1	63	1	0	0	1171	1347	366	138	-1	
4	1	63	1	1	0	1171	1347	363	43	-1	
5	1	63	1	1	1	1171	1347	203	43	24.731148	:καπομμωριούχος,.
5	1	63	1	1	2	1387	1352	42	28	88.150276	ἔχω
5	1	63	1	1	3	1445	1356	89	27	48.376431	αρκετή!
4	1	63	1	2	0	1181	1385	372	31	-1	
5	1	63	1	2	1	1181	1397	33	4	21.167137	---
5	1	63	1	2	2	1227	1385	44	25	30.461121	Μα,
5	1	63	1	2	3	1287	1386	45	28	58.764973	γιά.
5	1	63	1	2	4	1342	1387	65	28	77.958817	ὄνομα
5	1	63	1	2	5	1422	1395	36	21	53.900127	νου
5	1	63	1	2	6	1473	1389	80	27	85.505661	Θερύ,
5	1	63	1	2	7	1547	1381	11	39	47.346573	-
4	1	63	1	3	0	1171	1421	381	32	-1	
5	1	63	1	3	1	1171	1428	28	14	0.000000	τι
5	1	63	1	3	2	1220	1421	71	22	0.000000	θέλεθε
5	1	63	1	3	3	1306	1423	117	25	75.050888	επιτέλους;
5	1	63	1	3	4	1441	1426	72	27	73.954483	ρωτά
5	1	63	1	3	5	1526	1435	26	13	15.925377	-ο-
4	1	63	1	4	0	1179	1453	138	50	-1	
5	1	63	1	4	1	1179	1453	138	50	37.523285	προξεγητής.
3	1	63	2	0	0	1208	1481	328	70	-1	
4	1	63	2	1	0	1208	1481	328	70	-1	
5	1	63	2	1	1	1208	1491	69	23	73.203430	Καιο
5	1	63	2	1	2	1290	1489	123	62	21.474396	ὑποψήρως
5	1	63	2	1	3	1439	1481	97	69	0.000000	Ἰαμαρὸς
2	1	64	0	0	0	1164	1526	130	34	-1	
3	1	64	1	0	0	1164	1526	130	34	-1	
4	1	64	1	1	0	1164	1526	130	34	-1	
5	1	64	1	1	1	1164	1544	2	2	7.755951	:
5	1	64	1	1	2	1178	1526	90	34	61.379768	απαντά;
5	1	64	1	1	3	1289	1536	5	3	0.000000	.
2	1	65	0	0	0	1178	1541	357	76	-1	
3	1	65	1	0	0	1178	1541	357	76	-1	
4	1	65	1	1	0	1178	1541	357	76	-1	
5	1	65	1	1	1	1178	1579	30	2	44.077145	-
5	1	65	1	1	2	1221	1565	47	48	70.731735	Μιά
5	1	65	1	1	3	1276	1541	61	58	61.011459	καλή
5	1	65	1	1	4	1348	1551	65	61	2.189957	σιμνή
5	1	65	1	1	5	1423	1553	98	64	0.000000	ασπέλαι
5	1	65	1	1	6	1531	1576	4	7	0.000000	τ
2	1	66	0	0	0	1168	1605	22	39	-1	
3	1	66	1	0	0	1168	1605	22	39	-1	
4	1	66	1	1	0	1168	1605	22	39	-1	
5	1	66	1	1	1	1168	1605	5	39	45.489010	ἱ
5	1	66	1	1	2	1187	1625	3	3	16.772118	.
2	1	67	0	0	0	1191	1623	181	7	-1	
3	1	67	1	0	0	1191	1623	181	7	-1	
4	1	67	1	1	0	1191	1623	181	7	-1	
5	1	67	1	1	1	1191	1623	181	7	95.000000	 
2	1	68	0	0	0	1425	1624	94	8	-1	
3	1	68	1	0	0	1425	1624	94	8	-1	
4	1	68	1	1	0	1425	1624	94	8	-1	
5	1	68	1	1	1	1425	1624	94	8	95.000000	 
2	1	69	0	0	0	1172	1643	374	197	-1	
3	1	69	1	0	0	1175	1643	360	182	-1	
4	1	69	1	1	0	1177	1643	358	52	-1	
5	1	69	1	1	1	1177	1655	56	25	95.932587	πως
5	1	69	1	1	2	1244	1662	39	14	95.932587	σαν
5	1	69	1	1	3	1314	1643	73	47	96.545250	πρώην
5	1	69	1	1	4	1413	1647	122	48	58.519592	συνάδελφό
4	1	69	1	2	0	1176	1683	357	49	-1	
5	1	69	1	2	1	1176	1696	49	18	94.336395	τους
5	1	69	1	2	2	1234	1691	27	20	94.336395	θα
5	1	69	1	2	3	1275	1697	25	21	91.340347	µε
5	1	69	1	2	4	1312	1691	63	27	31.901093	έχουν
5	1	69	1	2	5	1382	1683	73	49	26.411453	θερμό’
5	1	69	1	2	6	1461	1693	72	34	12.897408	συµαπα,
4	1	69	1	3	0	1172	1727	359	27	-1	
5	1	69	1	3	1	1172	1725	99	28	46.137978	ραστάτη
5	1	69	1	3	2	1288	1727	20	20	62.714588	σ᾿
5	1	69	1	3	3	1322	1727	47	30	92.586716	ὄλες
5	1	69	1	3	4	1384	1726	48	26	80.559868	τους
5	1	69	1	3	5	1450	1733	31	19	92.268959	τις
5	1	69	1	3	6	1500	1725	31	23	40.269527	΄ε-
4	1	69	1	4	0	1176	1755	361	48	-1	
5	1	69	1	4	1	1176	1761	113	29	21.952049	γέργειες,
5	1	69	1	4	2	1292	1761	50	22	78.604874	ὅταν
5	1	69	1	4	3	1355	1761	66	26	62.373024	αυτὲς
5	1	69	1	4	4	1429	1755	108	48	33.704468	εξύπηρε-,
4	1	69	1	5	0	1175	1792	371	48	-1	
5	1	69	1	5	1	1175	1797	48	29	66.061218	πούν
5	1	69	1	5	2	1240	1803	25	15	93.429947	το
5	1	69	1	5	3	1275	1792	136	48	83.094086	συμφέροντα
5	1	69	1	5	4	1426	1797	41	23	64.998352	του
5	1	69	1	5	5	1478	1798	68	22	15.444092	λαοῦ
2	1	70	0	0	0	1174	1859	355	75	-1	
3	1	70	1	0	0	1174	1859	355	75	-1	
4	1	70	1	1	0	1174	1859	315	49	-1	
5	1	70	1	1	1	1174	1859	163	37	66.701584	κροκομματικά,
5	1	70	1	1	2	1342	1861	147	47	79.254982	συμφέροντα.
4	1	70	1	2	0	1204	1903	325	31	-1	
5	1	70	1	2	1	1204	1903	59	23	80.328232	Ὅλοι
5	1	70	1	2	2	1276	1912	41	21	95.858795	µας
5	1	70	1	2	3	1326	1907	29	20	92.087646	θα
5	1	70	1	2	4	1367	1902	80	32	78.194443	πρέπευ
5	1	70	1	2	5	1455	1913	27	15	74.511337	να,
5	1	70	1	2	6	1492	1899	44	29	46.354233	πα
2	1	71	0	0	0	1168	2011	359	63	-1	
3	1	71	1	0	0	1170	2011	357	63	-1	
4	1	71	1	1	0	1170	2011	356	30	-1	
5	1	71	1	1	1	1170	2011	47	22	76.031967	λαό.
5	1	71	1	1	2	1232	2011	33	22	96.141602	θα
5	1	71	1	1	3	1280	2013	74	27	96.091438	πρέπει
5	1	71	1	1	4	1370	2020	25	14	85.494278	να
5	1	71	1	1	5	1407	2013	78	28	28.143532	βραύκε
5	1	71	1	1	6	1500	2019	26	15	62.720654	τα
4	1	71	1	2	0	1168	2047	359	27	-1	
5	1	71	1	2	1	1168	2047	90	27	87.445915	σηµεία
5	1	71	1	2	2	1264	2048	70	21	51.075802	εκεύνα
5	1	71	1	2	3	1346	2055	41	18	56.052132	ποὺ
5	1	71	1	2	4	1399	2048	91	28	75.711952	ενώνουν
5	1	71	1	2	5	1500	2055	27	23	66.916344	το
2	1	72	0	0	0	1162	2081	379	36	-1	
3	1	72	1	0	0	1162	2081	379	36	-1	
4	1	72	1	1	0	1162	2081	379	36	-1	
5	1	72	1	1	1	1162	2081	47	36	7.787918	λαό
5	1	72	1	1	2	1220	2089	41	14	47.106789	και,
5	1	72	1	1	3	1272	2083	46	26	29.406883	ὅλοι
5	1	72	1	1	4	1323	2079	49	38	55.625023	μαζί
5	1	72	1	1	5	1384	2090	31	21	93.188110	γα
5	1	72	1	1	6	1421	2084	105	29	90.399307	προχωρή
5	1	72	1	1	7	1538	2102	3	1	94.863396	|.
2	1	73	0	0	0	1160	2118	382	429	-1	
3	1	73	1	0	0	1168	2118	357	104	-1	
4	1	73	1	1	0	1170	2118	355	30	-1	
5	1	73	1	1	1	1162	2106	72	38	20.629913	᾿σουμε
5	1	73	1	1	2	1246	2125	48	20	65.376022	γιὰ
5	1	73	1	1	3	1299	2125	26	15	43.752686	να
5	1	73	1	1	4	1334	2108	133	42	46.454979	φπάξουµε
5	1	73	1	1	5	1488	2127	37	21	91.604317	µια
4	1	73	1	2	0	1169	2151	373	34	-1	
5	1	73	1	2	1	1162	2146	53	27	14.794312	“Νέα
5	1	73	1	2	2	1229	2152	102	24	89.861496	Λακωνία
5	1	73	1	2	3	1341	2154	91	29	61.177254	αντάξια
5	1	73	1	2	4	1441	2151	40	34	89.853882	της
5	1	73	1	2	5	1495	2157	47	28	47.648125	φἠ|.
4	1	73	1	3	0	1168	2195	303	25	-1	
5	1	73	1	3	1	1162	2186	47	29	0.000000	μηῆς
5	1	73	1	3	2	1221	2195	37	15	12.130013	αι
5	1	73	1	3	3	1272	2195	37	21	92.937668	της
5	1	73	1	3	4	1319	2180	92	46	37.482330	εστορίας
5	1	73	1	3	5	1422	2180	49	46	64.486382	της.
5	1	73	1	3	6	1512	2209	11	13	29.818199	..
3	1	73	2	0	0	1164	2228	361	319	-1	
4	1	73	2	1	0	1196	2228	329	34	-1	
5	1	73	2	1	1	1196	2228	51	28	70.876740	Ἠγώ
5	1	73	2	1	2	1256	2229	38	23	31.109795	δεν
5	1	73	2	1	3	1307	2230	59	30	17.482841	ἦρθα
5	1	73	2	1	4	1374	2237	28	15	80.033356	γα
5	1	73	2	1	5	1412	2231	62	31	63.682678	πάρω
5	1	73	2	1	6	1487	2235	38	23	61.521755	κά.
4	1	73	2	2	0	1160	2242	379	59	-1	
5	1	73	2	2	1	1160	2246	26	51	0.000000	ἵτι
5	1	73	2	2	2	1200	2242	40	59	13.849045	απὸ
5	1	73	2	2	3	1252	2272	51	18	22.575623	σας,
5	1	73	2	2	4	1310	2265	57	28	41.407478	Ίρθα
5	1	73	2	2	5	1377	2261	30	38	81.255051	γα
5	1	73	2	2	6	1422	2261	54	38	93.217613	δώσω
5	1	73	2	2	7	1495	2270	44	25	17.466164	ὁ,-ι.
4	1	73	2	3	0	1160	2293	369	45	-1	
5	1	73	2	3	1	1160	2293	26	27	42.023521	(τι
5	1	73	2	3	2	1199	2300	74	28	33.203590	µπαρώ
5	1	73	2	3	3	1283	2307	38	21	95.688858	για
5	1	73	2	3	4	1334	2296	39	38	95.688858	σας
5	1	73	2	3	5	1384	2296	38	38	61.863266	και
5	1	73	2	3	6	1436	2309	27	17	30.603806	Ὅα,
5	1	73	2	3	7	1473	2306	56	32	0.000000	παα-.
4	1	73	2	4	0	1163	2372	365	30	-1	
5	1	73	2	4	1	1163	2368	63	38	51.229111	“αυτόν
5	1	73	2	4	2	1241	2368	36	38	36.232063	τον
5	1	73	2	4	3	1290	2373	59	26	36.175980	τάπο,
5	1	73	2	4	4	1362	2381	45	21	95.713371	σεις
5	1	73	2	4	5	1418	2375	56	27	13.620522	ὅμως
5	1	73	2	4	6	1486	2384	42	16	51.136074	 καά
4	1	73	2	5	0	1167	2409	356	29	-1	
5	1	73	2	5	1	1167	2415	25	13	90.451904	τα
5	1	73	2	5	2	1208	2409	73	22	49.869034	παιδιά
5	1	73	2	5	3	1294	2416	39	18	96.966751	σας
5	1	73	2	5	4	1346	2410	27	21	92.226471	θα
5	1	73	2	5	5	1384	2411	91	27	2.916145	µείχεοε.
5	1	73	2	5	6	1491	2411	32	23	30.455864	Βὸ
4	1	73	2	6	0	1162	2444	359	31	-1	
5	1	73	2	6	1	1162	2444	87	27	44.856071	“ηθείστε
5	1	73	2	6	2	1263	2452	25	21	92.348099	µε
5	1	73	2	6	3	1300	2452	36	15	75.345238	σπο
5	1	73	2	6	4	1351	2446	51	28	70.557579	ἔργο
5	1	73	2	6	5	1411	2440	50	39	68.444305	µου,
5	1	73	2	6	6	1468	2440	53	39	68.444305	 γία-
4	1	73	2	7	0	1164	2480	357	29	-1	
5	1	73	2	7	1	1164	2480	25	21	68.827332	πὶ,
5	1	73	2	7	2	1200	2481	43	21	12.694618	ἔπσι
5	1	73	2	7	3	1256	2481	91	28	92.895096	βοηθάτε
5	1	73	2	7	4	1356	2489	39	15	93.306000	τον
5	1	73	2	7	5	1406	2483	63	21	88.717445	εαυτὸ
5	1	73	2	7	6	1483	2489	38	19	95.652092	σας
4	1	73	2	8	0	1164	2516	370	31	-1	
5	1	73	2	8	1	1164	2522	37	14	43.799812	Ἆσι
5	1	73	2	8	2	1215	2523	35	15	78.092010	νου
5	1	73	2	8	3	1261	2516	51	22	93.237907	τόπο
5	1	73	2	8	4	1327	2521	49	22	96.704178	σας,
5	1	73	2	8	5	1384	2517	150	30	29.347870	Σύντομο,
5	1	73	2	8	6	1491	2512	27	39	34.915047	θα
5	1	73	2	8	7	1524	2512	13	39	34.915047	|
2	1	74	0	0	0	1155	2589	369	167	-1	
3	1	74	1	0	0	1162	2589	358	133	-1	
4	1	74	1	1	0	1371	2589	149	29	-1	
5	1	74	1	1	1	1371	2596	36	14	83.810776	συα
5	1	74	1	1	2	1433	2589	87	29	0.000000	χωράφι
4	1	74	1	2	0	1156	2624	363	29	-1	
5	1	74	1	2	1	1156	2627	48	24	0.000000	/και
5	1	74	1	2	2	1216	2630	61	18	94.870705	στους
5	1	74	1	2	3	1306	2624	85	25	94.127228	τόπους
5	1	74	1	2	4	1418	2625	101	28	93.783791	εργασίας
4	1	74	1	3	0	1163	2659	361	57	-1	
5	1	74	1	3	1	1163	2665	46	18	96.534554	σας,
5	1	74	1	3	2	1226	2666	59	18	87.400017	στοὺς
5	1	74	1	3	3	1297	2659	83	28	87.975754	χώραυς
5	1	74	1	3	4	1388	2661	136	55	0.000000	νκρνιη
4	1	74	1	4	0	1155	2695	315	27	-1	
5	1	74	1	4	1	1155	2696	33	21	43.897232	τὰς
5	1	74	1	4	2	1202	2700	37	14	80.060600	και
5	1	74	1	4	3	1252	2695	143	27	12.200974	διισκἑδασής
5	1	74	1	4	4	1406	2703	48	17	93.151611	σας,
5	1	74	1	4	5	1468	2712	2	2	85.595718	.
3	1	74	2	0	0	1163	2702	357	54	-1	
4	1	74	2	1	0	1163	2702	357	54	-1	
5	1	74	2	1	1	1163	2727	84	26	72.513161	σχολείο
5	1	74	2	1	2	1259	2735	38	13	15.935440	και
5	1	74	2	1	3	1309	2735	62	18	52.418205	«τους
5	1	74	2	1	4	1389	2729	77	24	70.583466	 ἄλλους
5	1	74	2	1	5	1478	2702	42	54	19.660103	μά
2	1	75	0	0	0	1152	2797	405	207	-1	
3	1	75	1	0	0	1161	2797	358	98	-1	
4	1	75	1	1	0	1162	2797	357	29	-1	
5	1	75	1	1	1	1162	2802	46	18	93.296272	σας,
5	1	75	1	1	2	1218	2803	38	20	57.220467	Ύμα
5	1	75	1	1	3	1269	2803	26	15	32.389153	Ὑα
5	1	75	1	1	4	1304	2797	159	29	42.250294	ανπαλλάξουμε
5	1	75	1	1	5	1476	2798	43	21	69.218849	απὸ
4	1	75	1	2	0	1162	2828	356	57	-1	
5	1	75	1	2	1	1162	2831	47	27	82.978745	φεις
5	1	75	1	2	2	1221	2838	38	14	33.690025	και
5	1	75	1	2	3	1271	2839	27	14	40.018738	Ὑα
5	1	75	1	2	4	1313	2828	80	52	42.972126	βρούμα
5	1	75	1	2	5	1402	2829	69	36	23.395721	χουνό,
5	1	75	1	2	6	1478	2839	40	46	77.694443	κ
4	1	75	1	3	0	1161	2867	256	28	-1	
5	1	75	1	3	1	1161	2867	48	26	45.824539	μεία
5	1	75	1	3	2	1225	2867	192	28	23.253647	πλεύσης"):
3	1	75	2	0	0	1159	2880	398	124	-1	
4	1	75	2	1	0	1190	2880	367	52	-1	
5	1	75	2	1	1	1190	2900	34	22	96.540176	Με
5	1	75	2	1	2	1236	2899	99	32	83.641052	σεβασμό.
5	1	75	2	1	3	1342	2911	36	13	85.779526	και
5	1	75	2	1	4	1394	2905	63	27	79.626923	πίστη
5	1	75	2	1	5	1472	2880	85	49	64.589447	σᾶς]πο
4	1	75	2	2	0	1152	2938	373	30	-1	
5	1	75	2	2	1	1152	2938	143	28	19.550018	(παραδόσεις,
5	1	75	2	2	2	1308	2946	27	15	0.000000	αι
5	1	75	2	2	3	1347	2939	44	29	19.454834	ἠθη
5	1	75	2	2	4	1405	2948	36	15	70.219185	καὶ
5	1	75	2	2	5	1449	2946	32	15	46.019608	τα
5	1	75	2	2	6	1498	2940	27	27	11.923218	ἔτι
4	1	75	2	3	0	1160	2973	355	31	-1	
5	1	75	2	3	1	1160	2974	50	26	32.861259	θιμὰ
5	1	75	2	3	2	1228	2976	75	23	95.411392	σας,
5	1	75	2	3	3	1292	2973	47	23	92.129639	θα
5	1	75	2	3	4	1328	2969	14	39	70.986816	'
5	1	75	2	3	5	1347	2977	168	27	51.261490	πραχωρήσουµε
2	1	76	0	0	0	1524	1994	13	958	-1	
3	1	76	1	0	0	1524	1994	13	958	-1	
4	1	76	1	1	0	1524	1994	13	958	-1	
5	1	76	1	1	1	1524	1994	13	958	95.000000	 
2	1	77	0	0	0	1158	3039	357	65	-1	
3	1	77	1	0	0	1158	3039	357	65	-1	
4	1	77	1	1	0	1158	3039	357	65	-1	
5	1	77	1	1	1	1158	3039	149	37	78.428200	αχριβοδύχανη
5	1	77	1	1	2	1317	3045	173	59	31.668900	πόση
5	1	77	1	1	3	1495	3051	20	21	0.000000	ὁ-
4	1	77	1	2	0	1158	3075	137	29	-1	
5	1	77	1	2	1	1158	3075	43	25	93.151054	λων
5	1	77	1	2	2	1216	3083	51	21	92.173775	σας:
5	1	77	1	2	3	1293	3091	2	4	89.541000	:
2	1	78	0	0	0	1522	1994	15	1126	-1	
3	1	78	1	0	0	1522	1994	15	1126	-1	
4	1	78	1	1	0	1522	1994	15	1126	-1	
5	1	78	1	1	1	1522	1994	15	1126	95.000000	 
2	1	79	0	0	0	1150	2314	13	827	-1	
3	1	79	1	0	0	1150	2314	13	827	-1	
4	1	79	1	1	0	1150	2314	13	827	-1	
5	1	79	1	1	1	1150	2314	13	827	95.000000	 
2	1	80	0	0	0	1186	3105	329	37	-1	
3	1	80	1	0	0	1186	3105	329	37	-1	
4	1	80	1	1	0	1186	3105	329	37	-1	
5	1	80	1	1	1	1186	3113	35	22	95.862961	Με
5	1	80	1	1	2	1232	3121	39	21	95.442154	την
5	1	80	1	1	3	1289	3116	93	21	91.144760	ελπίδα
5	1	80	1	1	4	1371	3122	41	16	42.077911	ὅτι
5	1	80	1	1	5	1419	3117	40	24	89.163818	ὅλα,
5	1	80	1	1	6	1486	3105	29	37	96.169380	θα
2	1	81	0	0	0	1530	1589	624	78	-1	
3	1	81	1	0	0	1530	1589	624	78	-1	
4	1	81	1	1	0	1530	1589	624	78	-1	
5	1	81	1	1	1	1530	1615	43	34	0.000000	Ὄδες
5	1	81	1	1	2	1588	1617	27	30	0.000000	Εὲ
5	1	81	1	1	3	1613	1597	140	58	0.000000	αφενεζής
5	1	81	1	1	4	1748	1618	185	45	15.127907	ευχαρίστησε.
5	1	81	1	1	5	1931	1636	38	25	46.722813	με
5	1	81	1	1	6	1979	1622	71	45	62.136662	λίγα.
5	1	81	1	1	7	2036	1589	82	71	0.000000	να
5	1	81	1	1	8	2130	1590	24	8	23.425461	αν
2	1	82	0	0	0	1549	1368	716	101	-1	
3	1	82	1	0	0	1549	1368	711	78	-1	
4	1	82	1	1	0	1549	1368	711	44	-1	
5	1	82	1	1	1	1547	1377	50	20	66.560860	κεν
5	1	82	1	1	2	1614	1377	38	26	67.604340	εις
5	1	82	1	1	3	1665	1385	30	13	94.636841	τα
5	1	82	1	1	4	1699	1375	70	28	51.036018	άξια
5	1	82	1	1	5	1782	1373	78	27	5.619598	τιένονα
5	1	82	1	1	6	1871	1376	48	30	96.462234	της
5	1	82	1	1	7	1929	1370	200	42	48.870613	Δακεδάίμόνος
5	1	82	1	1	8	2133	1381	31	21	96.303207	τα
5	1	82	1	1	9	2179	1368	81	40	7.078644	σλεσὺ-
4	1	82	1	2	0	1551	1406	714	63	-1	
5	1	82	1	2	1	1551	1411	33	36	74.055862	κά
5	1	82	1	2	2	1578	1447	2	2	12.587624	{
5	1	82	1	2	3	1600	1406	150	55	0.000000	δαπλώμακα,
5	1	82	1	2	4	1756	1421	43	26	78.375214	και
5	1	82	1	2	5	1814	1421	32	35	96.369835	τα
5	1	82	1	2	6	1840	1411	42	58	1.928085	νε
5	1	82	1	2	7	1902	1412	93	56	0.000000	άλλία,
5	1	82	1	2	8	1998	1414	26	32	17.564453	ΜΗ
5	1	82	1	2	9	2028	1410	105	52	0.000000	Σενιωοή
5	1	82	1	2	10	2145	1411	120	52	4.080215	Τραµµα-.
2	1	83	0	0	0	1549	1445	764	95	-1	
3	1	83	1	0	0	1549	1445	764	95	-1	
4	1	83	1	1	0	1549	1445	764	60	-1	
5	1	83	1	1	1	1549	1445	764	60	95.000000	 
4	1	83	1	2	0	1549	1505	1	35	-1	
5	1	83	1	2	1	1549	1505	1	35	95.000000	 
2	1	84	0	0	0	1546	1505	767	91	-1	
3	1	84	1	0	0	1546	1505	767	91	-1	
4	1	84	1	1	0	1546	1505	767	91	-1	
5	1	84	1	1	1	1546	1562	2	34	95.000000	 
5	1	84	1	1	2	1907	1505	406	57	95.000000	 
2	1	85	0	0	0	1548	1499	381	97	-1	
3	1	85	1	0	0	1548	1499	381	83	-1	
4	1	85	1	1	0	1550	1499	379	51	-1	
5	1	85	1	1	1	1550	1504	53	40	82.498810	τον,
5	1	85	1	1	2	1609	1499	150	49	0.000000	σπολνεώιόν΄
5	1	85	1	1	3	1758	1501	148	49	0.000000	ηχανώκόν,
5	1	85	1	1	4	1920	1520	9	5	0.000000	:
5	1	85	1	1	5	1921	1539	2	4	0.000000	ἕ
4	1	85	1	2	0	1548	1546	369	50	-1	
5	1	85	1	2	1	1548	1560	45	26	71.396988	τοι.
5	1	85	1	2	2	1607	1546	82	50	0.000000	δδιον,.
5	1	85	1	2	3	1693	1554	28	32	96.411896	τὸ
5	1	85	1	2	4	1716	1555	53	41	25.908577	δε
5	1	85	1	2	5	1771	1552	128	44	57.005005	μειζάλλίον
5	1	85	1	2	6	1910	1557	7	31	57.005005	.
2	1	86	0	0	0	1546	1562	942	385	-1	
3	1	86	1	0	0	1546	1562	942	385	-1	
4	1	86	1	1	0	1906	1562	407	34	-1	
5	1	86	1	1	1	1906	1562	407	34	95.000000	 
4	1	86	1	2	0	1546	1596	767	55	-1	
5	1	86	1	2	1	1546	1596	767	55	95.000000	     
4	1	86	1	3	0	2232	1673	56	69	-1	
5	1	86	1	3	1	2232	1673	56	69	95.000000	  
4	1	86	1	4	0	2195	1742	120	76	-1	
5	1	86	1	4	1	2195	1742	120	76	95.000000	   
4	1	86	1	5	0	2197	1818	291	28	-1	
5	1	86	1	5	1	2197	1818	291	28	95.000000	 
4	1	86	1	6	0	2173	1846	315	40	-1	
5	1	86	1	6	1	2173	1846	315	40	95.000000	 
4	1	86	1	7	0	2154	1886	163	61	-1	
5	1	86	1	7	1	2154	1886	163	61	95.000000	   
2	1	87	0	0	0	1545	1636	752	212	-1	
3	1	87	1	0	0	1545	1636	752	200	-1	
4	1	87	1	1	0	2160	1636	116	21	-1	
5	1	87	1	1	1	2152	1628	51	34	0.000000	ὀφυαῖ
5	1	87	1	1	2	2213	1638	46	24	0.000000	20αι
5	1	87	1	1	3	2273	1636	3	2	55.960358	|
4	1	87	1	2	0	1545	1652	752	40	-1	
5	1	87	1	2	1	1545	1652	113	40	36.389351	δέχκηνις
5	1	87	1	2	2	1671	1670	31	13	92.182022	τα
5	1	87	1	2	3	1717	1659	192	36	10.925873	'συγλαοήσήρια
5	1	87	1	2	4	1917	1665	52	20	92.349045	που
5	1	87	1	2	5	1984	1665	27	20	40.777515	υε.
5	1	87	1	2	6	2015	1653	158	39	29.076057	“Προέδρου,
5	1	87	1	2	7	2202	1660	36	26	39.719391	πων
5	1	87	1	2	8	2289	1664	8	3	7.886276	Ἱ
4	1	87	1	3	0	1546	1693	705	51	-1	
5	1	87	1	3	1	1542	1694	88	32	93.059433	μελών
5	1	87	1	3	2	1638	1705	46	13	95.826042	που
5	1	87	1	3	3	1697	1693	146	33	29.813972	Συνδέσμου
5	1	87	1	3	4	1858	1699	45	21	73.737030	και
5	1	87	1	3	5	1913	1693	102	28	27.305389	πολλών
5	1	87	1	3	6	2025	1693	120	51	0.000000	Υυὼσεών
5	1	87	1	3	7	2165	1693	86	51	47.467171	φίλων.
4	1	87	1	4	0	1568	1727	642	42	-1	
5	1	87	1	4	1	1568	1731	60	35	68.850128	Στη
5	1	87	1	4	2	1639	1733	118	29	96.383537	συνέχεια
5	1	87	1	4	3	1776	1741	13	13	95.842552	ο
5	1	87	1	4	4	1806	1728	209	41	0.000000	Σοξασμιώκακος
5	1	87	1	4	5	2050	1727	131	40	49.112000	ευλόγησε
5	1	87	1	4	6	2208	1739	2	2	17.910706	|
4	1	87	1	5	0	1545	1758	650	53	-1	
5	1	87	1	5	1	1537	1766	82	35	16.374222	σείττα
5	1	87	1	5	2	1629	1768	49	33	43.251995	σεν
5	1	87	1	5	3	1690	1758	131	53	0.000000	απηύθωνε:
5	1	87	1	5	4	1827	1765	86	46	32.512405	δωχές
5	1	87	1	5	5	1921	1778	69	27	95.661888	προς
5	1	87	1	5	6	1996	1778	43	26	95.498650	τον
5	1	87	1	5	7	2050	1767	145	39	27.922714	Ἄύὐνδεσμον
4	1	87	1	6	0	1545	1797	695	51	-1	
5	1	87	1	6	1	1545	1799	100	35	89.379288	μήνυμα
5	1	87	1	6	2	1659	1803	102	43	86.631401	εἰσήνης
5	1	87	1	6	3	1778	1799	20	38	67.313728	ο
5	1	87	1	6	4	1782	1797	57	29	0.000000	σοον
5	1	87	1	6	5	1856	1805	82	43	7.101791	πόθο,
5	1	87	1	6	6	1950	1807	32	27	89.160332	με
5	1	87	1	6	7	1996	1802	51	40	0.000000	έην'
5	1	87	1	6	8	2056	1803	144	39	12.794006	αφοσύῶδὲν
5	1	87	1	6	9	2205	1805	35	39	17.906342	εἰ
2	1	88	0	0	0	1795	1818	18	12	-1	
3	1	88	1	0	0	1795	1818	18	12	-1	
4	1	88	1	1	0	1795	1818	18	12	-1	
5	1	88	1	1	1	1795	1818	18	12	95.000000	 
2	1	89	0	0	0	1544	1867	623	78	-1	
3	1	89	1	0	0	1544	1867	623	71	-1	
4	1	89	1	1	0	1546	1867	602	47	-1	
5	1	89	1	1	1	1546	1879	29	19	96.581039	ος
5	1	89	1	1	2	1586	1867	87	46	0.000000	δρεοφρε
5	1	89	1	1	3	1685	1874	48	40	79.891823	την
5	1	89	1	1	4	1747	1873	73	31	0.000000	πίτα
5	1	89	1	1	5	1840	1881	43	13	58.758774	και
5	1	89	1	1	6	1898	1870	69	43	19.746086	ἐγιψε
5	1	89	1	1	7	1977	1867	107	45	9.205177	διαφομύή
5	1	89	1	1	8	2101	1876	47	36	96.143776	της
4	1	89	1	2	0	1544	1899	623	46	-1	
5	1	89	1	2	1	1544	1899	255	44	47.479130	πιαρευριοκόµεναυς,
5	1	89	1	2	2	1817	1917	23	22	48.910339	Ὃν
5	1	89	1	2	3	1852	1907	83	23	0.000000	οστοίος
5	1	89	1	2	4	1947	1909	78	36	21.448067	είχαν.
5	1	89	1	2	5	2052	1912	45	30	56.282024	σην
5	1	89	1	2	6	2120	1907	47	38	51.535450	όρο
2	1	90	0	0	0	2153	1907	2	4	-1	
3	1	90	1	0	0	2153	1907	2	4	-1	
4	1	90	1	1	0	2153	1907	2	4	-1	
5	1	90	1	1	1	2153	1907	2	4	95.000000	 
2	1	91	0	0	0	2189	1919	64	19	-1	
3	1	91	1	0	0	2189	1919	64	19	-1	
4	1	91	1	1	0	2189	1919	64	19	-1	
5	1	91	1	1	1	2189	1919	64	19	0.000000	ιθίαν
2	1	92	0	0	0	2266	1949	21	45	-1	
3	1	92	1	0	0	2266	1949	21	45	-1	
4	1	92	1	1	0	2266	1949	21	45	-1	
5	1	92	1	1	1	2266	1949	21	45	95.000000	 
2	1	93	0	0	0	1541	1971	712	81	-1	
3	1	93	1	0	0	1541	1971	712	69	-1	
4	1	93	1	1	0	1545	1971	708	57	-1	
5	1	93	1	1	1	1545	1977	161	33	50.252300	Φορεμάτων
5	1	93	1	1	2	1709	1987	44	21	12.636551	ρεαι
5	1	93	1	1	3	1767	1987	32	14	96.957794	να
5	1	93	1	1	4	1802	1971	195	47	26.722839	διαὐκεδάσουν.
5	1	93	1	1	5	2002	1981	74	47	24.165695	µέσα.
5	1	93	1	1	6	2075	1986	34	30	95.465225	σε
5	1	93	1	1	7	2118	1979	45	37	16.194748	ἑνά
5	1	93	1	1	8	2178	1981	75	39	65.150352	θερμό
4	1	93	1	2	0	1541	2007	412	45	-1	
5	1	93	1	2	1	1541	2013	156	39	40.086460	πάτριωπωιό
5	1	93	1	2	2	1704	2008	37	42	48.090965	σιε
5	1	93	1	2	3	1752	2007	6	8	0.000000	ν
5	1	93	1	2	4	1891	2017	62	4	0.000000	.Ἱ
2	1	94	0	0	0	1543	2001	769	115	-1	
3	1	94	1	0	0	1543	2001	769	115	-1	
4	1	94	1	1	0	2253	2001	59	24	-1	
5	1	94	1	1	1	2253	2001	59	24	95.000000	 
4	1	94	1	2	0	1739	2025	572	25	-1	
5	1	94	1	2	1	1739	2025	572	25	95.000000	 
4	1	94	1	3	0	1543	2050	768	17	-1	
5	1	94	1	3	1	1543	2050	768	17	95.000000	 
4	1	94	1	4	0	1566	2067	58	49	-1	
5	1	94	1	4	1	1566	2067	58	49	95.000000	 
2	1	95	0	0	0	1752	2011	109	29	-1	
3	1	95	1	0	0	1752	2011	109	29	-1	
4	1	95	1	1	0	1752	2011	109	29	-1	
5	1	95	1	1	1	1752	2011	109	29	95.000000	 
2	1	96	0	0	0	2093	2067	218	65	-1	
3	1	96	1	0	0	2093	2067	218	65	-1	
4	1	96	1	1	0	2093	2067	218	65	-1	
5	1	96	1	1	1	2093	2067	218	65	95.000000	  
2	1	97	0	0	0	1632	2056	490	101	-1	
3	1	97	1	0	0	1632	2056	490	98	-1	
4	1	97	1	1	0	1632	2056	490	54	-1	
5	1	97	1	1	1	1632	2075	27	26	58.577076	Ἠ
5	1	97	1	1	2	1672	2060	228	50	46.099926	ΕΚΠΑΊΔΕΥΣΗ᾽
5	1	97	1	1	3	1906	2072	65	32	94.204613	Στο
5	1	97	1	1	4	1979	2056	143	54	91.046524	ΓΕΩΡΓΙΤ
4	1	97	1	2	0	1719	2108	388	49	-1	
5	1	97	1	2	1	1719	2117	89	35	76.672302	ΠΡΙΝ.
5	1	97	1	2	2	1811	2108	61	43	86.479118	και
5	1	97	1	2	3	1878	2118	99	39	18.521683	ΜΛΕΤΑ΄
5	1	97	1	2	4	1982	2118	46	32	37.702126	το'
5	1	97	1	2	5	2060	2119	45	38	0.000000	...
5	1	97	1	2	6	2102	2148	5	2	0.000000	.
2	1	98	0	0	0	1551	2152	673	58	-1	
3	1	98	1	0	0	1551	2152	674	58	-1	
4	1	98	1	1	0	1551	2152	673	58	-1	
5	1	98	1	1	1	1551	2152	52	58	96.577797	Του
5	1	98	1	1	2	1610	2155	164	50	50.978706	αείμνηστου
5	1	98	1	1	3	1788	2160	107	42	96.594742	ΓΕΩΡΓ
5	1	98	1	1	4	1895	2157	56	45	86.726929	ΤΟΥ
5	1	98	1	1	5	1964	2164	33	31	89.890488	Δ.
5	1	98	1	1	6	2007	2173	20	29	85.640823	ΓΙ
5	1	98	1	1	7	2028	2165	109	41	71.195946	ΚΛΕΚΑ
5	1	98	1	1	8	2140	2174	84	33	6.387146	(6ου)
2	1	99	0	0	0	1517	2204	767	767	-1	
3	1	99	1	0	0	1531	2204	753	767	-1	
4	1	99	1	1	0	1566	2204	687	69	-1	
5	1	99	1	1	1	1566	2204	48	46	0.000000	ην
5	1	99	1	1	2	1620	2220	102	36	0.000000	Εμπειρία,
5	1	99	1	1	3	1728	2220	42	44	84.063286	μου
5	1	99	1	1	4	1781	2225	37	33	0.000000	γιά
5	1	99	1	1	5	1826	2233	30	27	89.991341	ην
5	1	99	1	1	6	1867	2217	133	45	0.000000	Εκπαἰδούξτη
5	1	99	1	1	7	2009	2233	39	29	93.398552	στα
5	1	99	1	1	8	2057	2228	69	27	82.171593	χωριό.
5	1	99	1	1	9	2137	2225	116	48	0.000000	μπόκτήσα,
4	1	99	1	2	0	1540	2253	701	55	-1	
5	1	99	1	2	1	1540	2259	27	20	45.925529	σ᾿:
5	1	99	1	2	2	1567	2259	114	21	0.000000	ανύποπτο
5	1	99	1	2	3	1686	2257	83	47	75.330765	χρόνο,
5	1	99	1	2	4	1784	2261	49	22	78.640671	ὅταν
5	1	99	1	2	5	1846	2269	27	13	72.235565	πα
5	1	99	1	2	6	1885	2255	141	51	0.000000	θκπαμδεικοιὰ
5	1	99	1	2	7	2051	2253	106	55	12.025589	ζητήματα
5	1	99	1	2	8	2177	2260	51	26	93.695259	δεν
5	1	99	1	2	9	2226	2264	21	28	73.414917	μ΄
4	1	99	1	3	0	1517	2285	731	66	-1	
5	1	99	1	3	1	1517	2285	18	66	0.000000	«|
5	1	99	1	3	2	1546	2289	116	34	0.000000	9βλάφεραν
5	1	99	1	3	3	1678	2290	68	33	66.186150	ποιρὰ
5	1	99	1	3	4	1749	2296	39	22	0.000000	σὰν
5	1	99	1	3	5	1802	2292	99	30	40.235832	παλαιές
5	1	99	1	3	6	1907	2294	98	32	0.000000	υατορίεξ;
5	1	99	1	3	7	2013	2294	68	26	19.780380	“ὁτου)
5	1	99	1	3	8	2085	2297	24	29	17.496048	αν)
5	1	99	1	3	9	2122	2297	126	30	0.000000	εὑδιέφεραν
4	1	99	1	4	0	1540	2332	718	35	-1	
5	1	99	1	4	1	1523	2337	61	27	21.034325	ήσαν.
5	1	99	1	4	2	1594	2332	179	33	0.000000	επκογελμαπικὲς
5	1	99	1	4	3	1784	2333	97	33	88.013962	γνώσεις,
5	1	99	1	4	4	1896	2334	49	31	41.639160	ᾖτο
5	1	99	1	4	5	1945	2334	63	32	83.524269	πλέον
5	1	99	1	4	6	2018	2335	69	33	25.845573	αργὰ
5	1	99	1	4	7	2093	2335	59	27	57.761936	γιατί
5	1	99	1	4	8	2165	2343	21	26	68.154121	οι
5	1	99	1	4	9	2198	2336	60	31	60.025703	πλη-.
4	1	99	1	5	0	1539	2358	741	49	-1	
5	1	99	1	5	1	1539	2359	149	42	63.998943	βοφοριοδότες,
5	1	99	1	5	2	1696	2375	39	20	79.994621	µου
5	1	99	1	5	3	1749	2368	69	28	93.071533	εἶχαν
5	1	99	1	5	4	1821	2369	64	25	58.026848	πλέον
5	1	99	1	5	5	1900	2359	55	43	50.988892	εκλεί
5	1	99	1	5	6	1970	2358	46	49	0.000000	δι.
5	1	99	1	5	7	2044	2385	4	3	0.083092	:
5	1	99	1	5	8	2264	2396	16	8	18.758865	-
4	1	99	1	6	0	1564	2389	702	52	-1	
5	1	99	1	6	1	1564	2400	43	33	0.000000	τα
5	1	99	1	6	2	1611	2403	58	28	72.086731	πάρα
5	1	99	1	6	3	1682	2403	59	32	61.051430	πόνω
5	1	99	1	6	4	1756	2398	71	33	58.328468	ἐζῆπει
5	1	99	1	6	5	1834	2412	17	17	96.352669	ο
5	1	99	1	6	6	1859	2399	70	39	73.867554	Νόμος
5	1	99	1	6	7	1940	2413	48	25	60.537888	γα
5	1	99	1	6	8	1995	2398	46	39	93.980232	τους
5	1	99	1	6	9	2033	2393	5	3	91.404564	ς
5	1	99	1	6	10	2054	2389	134	52	41.314793	δασκάλους,
5	1	99	1	6	11	2192	2401	55	37	75.125565	αλλά
4	1	99	1	7	0	1536	2430	731	53	-1	
5	1	99	1	7	1	1536	2444	43	19	88.213806	που
5	1	99	1	7	2	1587	2445	29	22	53.955681	να
5	1	99	1	7	3	1631	2439	108	27	0.000000	εὑρισκον
5	1	99	1	7	4	1746	2446	51	23	30.583710	νους,
5	1	99	1	7	5	1804	2430	132	45	77.386780	καλύτερους
5	1	99	1	7	6	1953	2448	37	22	56.584278	και
5	1	99	1	7	7	1996	2435	107	48	0.000000	οῬόλισσα,
5	1	99	1	7	8	2112	2443	26	33	68.026123	ος
5	1	99	1	7	9	2152	2465	3	2	0.000000	ο
5	1	99	1	7	10	2168	2439	83	33	36.434258	ππωχοί,
5	1	99	1	7	11	2262	2459	5	5	0.000000	.
4	1	99	1	8	0	1537	2460	725	54	-1	
5	1	99	1	8	1	1537	2460	78	51	61.000809	Δήμοι
5	1	99	1	8	2	1626	2473	42	25	0.000000	Ἅπο
5	1	99	1	8	3	1678	2463	117	51	0.000000	Τυωργίται,
5	1	99	1	8	4	1804	2475	59	29	93.040573	εἶχαν
5	1	99	1	8	5	1874	2472	78	31	6.272522	κάπανε
5	1	99	1	8	6	1964	2469	59	38	91.720009	φέρει
5	1	99	1	8	7	2036	2474	58	38	22.142723	ἐναν
5	1	99	1	8	8	2096	2472	45	37	61.898884	᾽απὸ
5	1	99	1	8	9	2153	2474	99	35	35.545715	το.Κλου
4	1	99	1	9	0	1537	2500	743	50	-1	
5	1	99	1	9	1	1537	2509	80	27	34.373779	πσούνι,
5	1	99	1	9	2	1626	2507	128	36	10.435425	συνομσμὀ
5	1	99	1	9	3	1758	2518	46	16	63.539982	τω.
5	1	99	1	9	4	1810	2500	160	50	65.328865	Καλαβρύτων,
5	1	99	1	9	5	1979	2519	40	23	91.606606	που
5	1	99	1	9	6	2025	2508	56	35	0.000000	ἦπο
5	1	99	1	9	7	2080	2502	43	43	23.778587	και
5	1	99	1	9	8	2122	2508	121	42	22.394676	΄παλωμα-
5	1	99	1	9	9	2278	2544	2	3	18.568863	ι
4	1	99	1	10	0	1535	2536	749	50	-1	
5	1	99	1	10	1	1535	2545	45	27	87.116379	τῆς
5	1	99	1	10	2	1583	2543	84	29	51.248596	παλιών
5	1	99	1	10	3	1678	2536	148	46	40.156380	παπουσσιών,
5	1	99	1	10	4	1834	2554	43	24	81.477371	στο,
5	1	99	1	10	5	1877	2542	60	38	0.000000	πλὰχ
5	1	99	1	10	6	1941	2544	45	35	67.703751	που
5	1	99	1	10	7	1995	2539	25	34	87.493591	δε
5	1	99	1	10	8	2024	2549	59	31	51.291840	«Εὖχε
5	1	99	1	10	9	2091	2556	36	26	17.747803	Ἆκάι
5	1	99	1	10	10	2141	2549	38	21	39.104733	ένα,
5	1	99	1	10	11	2189	2548	51	38	26.864235	σωρό
5	1	99	1	10	12	2268	2548	16	35	5.200714	-
4	1	99	1	11	0	1535	2572	733	54	-1	
5	1	99	1	11	1	1535	2581	87	26	79.488464	χαλίκια
5	1	99	1	11	2	1636	2588	27	23	94.045403	µε
5	1	99	1	11	3	1677	2589	28	17	83.014114	τα
5	1	99	1	11	4	1715	2582	61	30	31.874153	οποία
5	1	99	1	11	5	1785	2583	86	33	79.250122	εχτύπα,
5	1	99	1	11	6	1884	2577	48	32	91.263008	τους
5	1	99	1	11	7	1942	2572	147	50	61.567333	απρόσεκπους
5	1	99	1	11	8	2104	2580	22	37	37.161427	ἦ,
5	1	99	1	11	9	2125	2577	113	49	0.000000	«ἀτάχτους
5	1	99	1	11	10	2266	2582	2	2	19.229324	͵
4	1	99	1	12	0	1533	2606	704	56	-1	
5	1	99	1	12	1	1533	2616	57	25	67.191704	ὅπως
5	1	99	1	12	2	1604	2617	29	20	13.514854	κι
5	1	99	1	12	3	1652	2624	11	14	93.168396	ο
5	1	99	1	12	4	1676	2617	66	28	13.007088	πόᾶπα-
5	1	99	1	12	5	1743	2606	142	48	7.516479	Παναγιώτης
5	1	99	1	12	6	1902	2614	140	48	36.580753	Τκουζοῦλης,
5	1	99	1	12	7	2058	2627	36	24	95.032387	του
5	1	99	1	12	8	2108	2617	93	34	68.186234	πρώτο
5	1	99	1	12	9	2211	2616	26	26	41.050610	Ἀι
4	1	99	1	13	0	1536	2651	708	43	-1	
5	1	99	1	13	1	1536	2651	123	32	50.022690	δασκαλείου
5	1	99	1	13	2	1676	2660	36	20	84.250092	τῃς
5	1	99	1	13	3	1728	2653	104	25	91.834915	Ἑλλάδας,
5	1	99	1	13	4	1846	2661	46	26	65.518250	πρυ
5	1	99	1	13	5	1904	2655	44	27	65.518250	εἶχε
5	1	99	1	13	6	1960	2654	51	31	37.386528	ἕνα
5	1	99	1	13	7	2019	2655	76	32	52.242985	μακρύ,
5	1	99	1	13	8	2100	2651	98	43	0.000000	αλάμε,
5	1	99	1	13	9	2210	2652	39	25	55.590271	δις.
4	1	99	1	14	0	1534	2678	642	47	-1	
5	1	99	1	14	1	1534	2693	35	13	86.516312	του
5	1	99	1	14	2	1587	2688	69	19	89.315498	οποίου
5	1	99	1	14	3	1666	2688	69	26	3.180923	ἐχοίε
5	1	99	1	14	4	1748	2689	42	26	40.594872	ὄττι
5	1	99	1	14	5	1803	2695	11	13	54.521389	ο
5	1	99	1	14	6	1825	2678	157	44	45.682926	προηγούμενος
5	1	99	1	14	7	1997	2697	31	21	73.885033	µε
5	1	99	1	14	8	2039	2692	26	27	94.759605	τα
5	1	99	1	14	9	2075	2682	101	43	0.000000	χαλόκις.
4	1	99	1	15	0	1564	2719	718	39	-1	
5	1	99	1	15	1	1564	2725	18	21	91.989510	Ο
5	1	99	1	15	2	1596	2733	32	13	38.862362	εκ
5	1	99	1	15	3	1633	2728	134	26	38.862362	μητρός:µου
5	1	99	1	15	4	1772	2727	103	26	26.818176	πάσίπος,
5	1	99	1	15	5	1876	2730	65	21	31.382843	Ἱάακ,
5	1	99	1	15	6	1947	2729	103	27	61.337421	Γιάννης
5	1	99	1	15	7	2056	2724	101	33	0.000000	Σηἡαλὸς-
5	1	99	1	15	8	2165	2719	102	39	0.000000	ἄβδριτ
5	1	99	1	15	9	2277	2745	5	2	76.720566	Ξ
4	1	99	1	16	0	1536	2760	715	32	-1	
5	1	99	1	16	1	1536	2760	81	26	22.258438	1990),
5	1	99	1	16	2	1624	2762	68	26	45.142879	ἤθελε
5	1	99	1	16	3	1705	2768	42	14	88.029701	στα
5	1	99	1	16	4	1764	2763	84	26	16.315292	«πρὠτᾶ
5	1	99	1	16	5	1865	2764	64	26	61.267921	"χρόννα
5	1	99	1	16	6	1931	2760	173	30	0.000000	-ἐου.«σχολείου-
5	1	99	1	16	7	2111	2772	29	14	85.590881	να.
5	1	99	1	16	8	2145	2765	106	27	1.072472	διαβάζωὶ
4	1	99	1	17	0	1534	2794	730	49	-1	
5	1	99	1	17	1	1530	2791	41	37	69.361198	στο
5	1	99	1	17	2	1585	2791	87	37	38.674210	ψαλσῆρι
5	1	99	1	17	3	1686	2803	22	13	72.386055	κι
5	1	99	1	17	4	1730	2791	100	37	17.237099	οχνωήχί,
5	1	99	1	17	5	1841	2791	58	37	0.000000	γιαπὶ
5	1	99	1	17	6	1914	2794	135	49	0.000000	διαβόζοηοας
5	1	99	1	17	7	2061	2799	22	21	84.151604	σ'
5	1	99	1	17	8	2093	2799	64	22	0.000000	Ἀωβό
5	1	99	1	17	9	2166	2801	31	20	73.476074	θα.
5	1	99	1	17	10	2209	2805	55	3	0.000000	μῶγι"
4	1	99	1	18	0	1529	2826	715	47	-1	
5	1	99	1	18	1	1529	2826	71	37	0.000000	θαΐναι
5	1	99	1	18	2	1601	2827	118	46	0.000000	Ἀαλύτερα..
5	1	99	1	18	3	1722	2832	122	28	71.716316	γράμματα,
5	1	99	1	18	4	1860	2833	104	27	41.463799	γιατὶ.κ.
5	1	99	1	18	5	1970	2834	67	24	65.292038	αυτός
5	1	99	1	18	6	2049	2835	24	26	82.543991	σ᾿
5	1	99	1	18	7	2082	2835	57	21	23.074890	αυτά,
5	1	99	1	18	8	2148	2835	52	28	8.863533	εἶχα
5	1	99	1	18	9	2205	2836	39	27	61.253811	-μᾶς
4	1	99	1	19	0	1532	2866	710	32	-1	
5	1	99	1	19	1	1532	2866	45	25	11.128983	θε;
5	1	99	1	19	2	1584	2867	46	27	33.902786	ἦτα.
5	1	99	1	19	3	1640	2865	70	27	0.000000	ὑκωνὸς
5	1	99	1	19	4	1723	2869	18	20	37.128433	Υ᾿
5	1	99	1	19	5	1752	2869	121	27	33.215576	απαγγεῖλη
5	1	99	1	19	6	1883	2876	54	20	88.744896	τους.
5	1	99	1	19	7	1946	2869	97	29	85.229034	φαλμοὺς
5	1	99	1	19	8	2054	2877	36	14	93.245171	του
5	1	99	1	19	9	2105	2869	77	29	53.568329	Δαυῖδ,
5	1	99	1	19	10	2193	2871	87	22	0.000000	τδέα---.
4	1	99	1	20	0	1558	2899	720	35	-1	
5	1	99	1	20	1	1558	2909	11	13	37.832108	υ
5	1	99	1	20	2	1577	2899	112	31	57.936535	βασανίζει
5	1	99	1	20	3	1701	2910	56	18	7.410126	τους:
5	1	99	1	20	4	1762	2904	149	28	35.323715	ἠλώκιωμένους
5	1	99	1	20	5	1925	2912	27	14	0.000000	Υαι
5	1	99	1	20	6	1962	2905	125	25	30.196518	πιατεύουν.:
5	1	99	1	20	7	2096	2906	34	21	62.943531	ὅτι
5	1	99	1	20	8	2139	2913	27	15	77.906761	τὰ
5	1	99	1	20	9	2175	2907	66	27	19.837151	πράγ»
5	1	99	1	20	10	2273	2919	5	9	51.153622	«.:
4	1	99	1	21	0	1531	2939	721	32	-1	
5	1	99	1	21	1	1531	2937	106	29	1.466484	Ῥαπατης
5	1	99	1	21	2	1652	2939	105	28	55.688576	παιδικής
5	1	99	1	21	3	1762	2947	46	15	0.000000	των’
5	1	99	1	21	4	1818	2940	94	27	39.230522	Πλωκΐας
5	1	99	1	21	5	1913	2941	60	27	35.303963	«ἦσαν
5	1	99	1	21	6	1985	2941	109	29	0.000000	καλύτερα,
5	1	99	1	21	7	2106	2942	46	28	91.983505	απὀ
5	1	99	1	21	8	2163	2950	30	15	51.018085	τα,
5	1	99	1	21	9	2205	2950	72	21	0.000000	ση»...
2	1	100	0	0	0	2028	2147	77	20	-1	
3	1	100	1	0	0	2028	2147	77	20	-1	
4	1	100	1	1	0	2028	2147	77	20	-1	
5	1	100	1	1	1	2028	2147	77	20	95.000000	 
2	1	101	0	0	0	2186	2364	101	155	-1	
3	1	101	1	0	0	2186	2364	101	155	-1	
4	1	101	1	1	0	2186	2364	98	48	-1	
5	1	101	1	1	1	2186	2364	98	48	95.000000	  
4	1	101	1	2	0	2246	2449	41	35	-1	
5	1	101	1	2	1	2246	2449	41	35	95.000000	 
4	1	101	1	3	0	2260	2484	27	35	-1	
5	1	101	1	3	1	2260	2484	27	35	95.000000	 
2	1	102	0	0	0	1992	2370	8	28	-1	
3	1	102	1	0	0	1992	2370	8	28	-1	
4	1	102	1	1	0	1992	2370	8	28	-1	
5	1	102	1	1	1	1992	2370	8	28	95.000000	 
2	1	103	0	0	0	2237	2601	50	121	-1	
3	1	103	1	0	0	2237	2601	50	121	-1	
4	1	103	1	1	0	2237	2601	47	34	-1	
5	1	103	1	1	1	2237	2601	47	34	95.000000	  
4	1	103	1	2	0	2244	2635	40	28	-1	
5	1	103	1	2	1	2244	2635	40	28	95.000000	 
4	1	103	1	3	0	2244	2663	43	36	-1	
5	1	103	1	3	1	2244	2663	43	36	95.000000	  
4	1	103	1	4	0	2238	2699	13	23	-1	
5	1	103	1	4	1	2238	2699	13	23	95.000000	 
2	1	104	0	0	0	2244	2811	42	48	-1	
3	1	104	1	0	0	2244	2811	42	48	-1	
4	1	104	1	1	0	2245	2811	41	11	-1	
5	1	104	1	1	1	2245	2811	41	11	95.000000	 
4	1	104	1	2	0	2244	2825	41	34	-1	
5	1	104	1	2	1	2244	2825	41	34	95.000000	   
2	1	105	0	0	0	2246	2823	29	1	-1	
3	1	105	1	0	0	2246	2823	29	1	-1	
4	1	105	1	1	0	2246	2823	29	1	-1	
5	1	105	1	1	1	2246	2823	29	1	95.000000	 
2	1	106	0	0	0	2244	2883	47	51	-1	
3	1	106	1	0	0	2244	2883	47	51	-1	
4	1	106	1	1	0	2244	2883	47	51	-1	
5	1	106	1	1	1	2244	2883	47	51	95.000000	 
2	1	107	0	0	0	1158	2971	1122	111	-1	
3	1	107	1	0	0	1158	2971	1122	107	-1	
4	1	107	1	1	0	1520	2971	760	71	-1	
5	1	107	1	1	1	1520	2971	92	38	24.464333	μεριά,
5	1	107	1	1	2	1626	2975	54	25	96.838562	ὅπως
5	1	107	1	1	3	1695	2982	40	14	61.054459	παν
5	1	107	1	1	4	1742	2975	27	22	78.421112	τὰ
5	1	107	1	1	5	1782	2976	88	22	36.277466	παιδιά,
5	1	107	1	1	6	1874	2975	51	23	62.729454	«Απὸ
5	1	107	1	1	7	1934	2977	129	29	0.000000	αριθμητική
5	1	107	1	1	8	2073	2977	78	29	49.339809	«ἔκανα..
5	1	107	1	1	9	2150	2974	130	68	0.000000	πρ».
4	1	107	1	2	0	1158	3009	1100	64	-1	
5	1	107	1	2	1	1158	3008	48	27	89.269188	χέρι
5	1	107	1	2	2	1218	3015	7	8	46.115669	«
5	1	107	1	2	3	1242	3009	49	27	79.174774	χέρι
5	1	107	1	2	4	1302	3017	25	20	96.557877	µε
5	1	107	1	2	5	1344	3008	123	30	87.969650	ειλικρίνεια,
5	1	107	1	2	6	1478	3010	82	27	0.000000	και;τις
5	1	107	1	2	7	1571	3010	64	31	86.603363	τρεις.
5	1	107	1	2	8	1640	3012	139	30	47.160385	αριθμητικές
5	1	107	1	2	9	1792	3009	100	62	0.000000	πράβαις)
5	1	107	1	2	10	1892	3010	61	38	46.689568	ποτὰ.
5	1	107	1	2	11	1955	3010	70	63	25.685204	όνος
5	1	107	1	2	12	2034	3014	46	24	42.217506	δεν΄
5	1	107	1	2	13	2086	3023	43	16	42.217506	του-
5	1	107	1	2	14	2139	3015	60	23	66.420532	εἶδα
5	1	107	1	2	15	2203	3023	55	19	39.662498	..να
5	1	107	1	2	16	2247	3010	14	39	58.821121	-
4	1	107	1	3	0	1521	3034	521	48	-1	
5	1	107	1	3	1	1521	3034	68	48	5.733070	(κόρη
5	1	107	1	3	2	1600	3049	120	29	0.000000	διαίρεση...
5	1	107	1	3	3	1757	3055	34	10	1.803879	ν-
5	1	107	1	3	4	2021	3063	21	9	0.000000	..
2	1	108	0	0	0	2045	3058	245	88	-1	
3	1	108	1	0	0	2045	3058	245	88	-1	
4	1	108	1	1	0	2045	3058	245	88	-1	
5	1	108	1	1	1	2045	3058	245	88	95.000000	   
2	1	109	0	0	0	2174	3081	29	2	-1	
3	1	109	1	0	0	2174	3081	29	2	-1	
4	1	109	1	1	0	2174	3081	29	2	-1	
5	1	109	1	1	1	2174	3081	29	2	95.000000	 
2	1	110	0	0	0	1525	3061	726	103	-1	
3	1	110	1	0	0	1530	3061	708	92	-1	
4	1	110	1	1	0	1560	3061	678	60	-1	
5	1	110	1	1	1	1560	3084	73	23	39.452724	Οταν
5	1	110	1	1	2	1632	3085	72	28	0.000000	.ἡμρυν.
5	1	110	1	1	3	1720	3062	101	52	40.346115	ωθητής.
5	1	110	1	1	4	1829	3061	128	53	60.829601	--
5	1	110	1	1	5	1960	3088	48	27	27.737389	μιά,
5	1	110	1	1	6	2023	3062	131	59	0.000000	Ὠλῤλρυστη,
5	1	110	1	1	7	2158	3093	80	25	0.000000	ἐχεήνω:
4	1	110	1	2	0	1525	3118	726	46	-1	
5	1	110	1	2	1	1525	3126	51	22	3.325470	Ύίκη
5	1	110	1	2	2	1591	3121	69	27	63.850063	ημέρα
5	1	110	1	2	3	1674	3129	66	20	93.060295	µπρος
5	1	110	1	2	4	1750	3129	39	14	91.611343	σπο
5	1	110	1	2	5	1797	3118	107	46	85.378075	υπόστεγο
5	1	110	1	2	6	1912	3123	49	25	27.165047	Ἑνός
5	1	110	1	2	7	1975	3124	133	28	17.465141	"κριφαγείου,
5	1	110	1	2	8	2107	3125	26	21	54.197830	-π᾽
5	1	110	1	2	9	2145	3125	106	28	81.438812	ασπαμᾶ-
5	1	110	1	2	10	2242	3119	11	39	51.180859	.
2	1	111	0	0	0	788	3145	1461	43	-1	
3	1	111	1	0	0	788	3145	1461	43	-1	
4	1	111	1	1	0	788	3145	1461	43	-1	
5	1	111	1	1	1	788	3142	41	21	0.000000	απὼ
5	1	111	1	1	2	844	3142	76	28	85.311279	χρόνια
5	1	111	1	1	3	939	3150	36	21	87.408630	της
5	1	111	1	1	4	989	3145	45	20	61.953907	εκεί
5	1	111	1	1	5	1058	3145	83	28	90.776306	θητείας
5	1	111	1	1	6	1156	3149	54	22	72.145584	πάνε
5	1	111	1	1	7	1228	3151	89	25	68.682228	-χαλά,
5	1	111	1	1	8	1324	3157	51	19	7.286758	΄-σας
5	1	111	1	1	9	1402	3157	121	23	52.891575	απουθύγω΄
5	1	111	1	1	10	1529	3163	53	23	54.872009	τητα
5	1	111	1	1	11	1595	3157	96	27	85.713547	ἔτρεχαν
5	1	111	1	1	12	1693	3164	28	17	62.644836	οι
5	1	111	1	1	13	1726	3157	73	28	71.453163	ρέχτες
5	1	111	1	1	14	1813	3159	46	26	89.387276	απὀ.
5	1	111	1	1	15	1866	3158	33	22	88.110931	το.
5	1	111	1	1	16	1905	3159	61	27	44.903252	χιόνι
5	1	111	1	1	17	1972	3160	21	20	43.902454	π᾿
5	1	111	1	1	18	2007	3160	86	24	66.284126	ἔλυωνε,
5	1	111	1	1	19	2105	3168	16	14	92.380295	ο
5	1	111	1	1	20	2134	3160	115	28	24.305717	γέρα.(Α.:
2	1	112	0	0	0	2242	3203	39	15	-1	
3	1	112	1	0	0	2242	3203	39	15	-1	
4	1	112	1	1	0	2242	3203	39	15	-1	
5	1	112	1	1	1	2242	3203	39	15	95.000000	 
2	1	113	0	0	0	47	3177	2228	205	-1	
3	1	113	1	0	0	47	3177	2228	198	-1	
4	1	113	1	1	0	49	3177	2218	59	-1	
5	1	113	1	1	1	49	3178	23	14	96.770348	τε
5	1	113	1	1	2	86	3171	63	27	91.463097	τρόπο
5	1	113	1	1	3	167	3178	183	22	42.595642	συμμετασχόνπας
5	1	113	1	1	4	366	3179	38	15	89.728310	στο
5	1	113	1	1	5	787	3184	46	20	53.398170	μσυ,
5	1	113	1	1	6	846	3179	50	20	57.309029	τόσο
5	1	113	1	1	7	909	3185	38	15	65.546463	στα
5	1	113	1	1	8	964	3179	80	28	0.000000	θέµατα,
5	1	113	1	1	9	1059	3179	82	30	65.804825	Διούκη-
5	1	113	1	1	10	1147	3182	58	54	1.490631	[τους
5	1	113	1	1	11	1214	3182	39	36	86.914429	πιὸ
5	1	113	1	1	12	1264	3178	128	48	20.242149	εγκάρδισος
5	1	113	1	1	13	1421	3195	91	41	0.000000	Ἀβάρε-
5	1	113	1	1	14	1528	3186	36	37	80.692520	Β.)
5	1	113	1	1	15	1586	3187	123	46	3.850861	Εβδομήναα,
5	1	113	1	1	16	1722	3201	35	13	15.674515	Χαι
5	1	113	1	1	17	1778	3195	155	27	71.194962	περισσοπέρων
5	1	113	1	1	18	1946	3195	103	28	62.878334	χρόνων,"
5	1	113	1	1	19	2056	3195	75	29	89.028915	ἄρχισε
5	1	113	1	1	20	2143	3203	43	15	41.035629	«να.-
5	1	113	1	1	21	2195	3197	45	27	14.089539	δση--
5	1	113	1	1	22	2253	3204	14	21	0.000000	ἵ
4	1	113	1	2	0	48	3207	2196	53	-1	
5	1	113	1	2	1	48	3207	74	25	95.603836	πένθος
5	1	113	1	2	2	135	3214	48	21	59.106335	µας
5	1	113	1	2	3	197	3214	41	21	93.210678	στη
5	1	113	1	2	4	255	3208	77	28	7.038185	πηδεία
5	1	113	1	2	5	365	3215	36	14	53.028702	και
5	1	113	1	2	6	440	3209	77	29	30.182961	Ηρθα
5	1	113	1	2	7	531	3217	37	15	91.655128	στο
5	1	113	1	2	8	579	3210	60	30	76.580429	Νομὸ
5	1	113	1	2	9	651	3219	39	18	95.038147	σας
5	1	113	1	2	10	698	3219	27	21	91.700119	µε
5	1	113	1	2	11	736	3218	105	23	48.355904	Ἰμε-[σης,
5	1	113	1	2	12	847	3214	37	21	66.742813	ἀσο
5	1	113	1	2	13	896	3221	37	15	9.252853	Ὑαι
5	1	113	1	2	14	946	3221	40	15	92.642372	στα,
5	1	113	1	2	15	998	3215	80	30	30.444473	θέµηπα
5	1	113	1	2	16	1093	3217	48	23	30.106598	ανᾶ-
5	1	113	1	2	17	1157	3227	63	22	64.050522	σμοὺς
5	1	113	1	2	18	1238	3229	36	15	76.482101	Χαι
5	1	113	1	2	19	1286	3229	32	19	90.471588	τις
5	1	113	1	2	20	1331	3221	64	31	83.545113	ευχὲς
5	1	113	1	2	21	1409	3229	75	34	0.000000	βρυ,
5	1	113	1	2	22	1492	3228	21	21	0.000000	Ἱ-ὁ-
5	1	113	1	2	23	1519	3225	134	41	0.000000	Ὕμέταιγνὰ
5	1	113	1	2	24	1654	3226	31	23	52.262169	τα
5	1	113	1	2	25	1694	3228	106	28	32.004303	μαθητωιὰ
5	1	113	1	2	26	1812	3236	44	21	67.418915	του:
5	1	113	1	2	27	1863	3230	90	27	1.800903	Χρόνια».
5	1	113	1	2	28	1958	3236	51	19	1.800903	πως,
5	1	113	1	2	29	2014	3231	106	28	73.545113	µάβαινων.
5	1	113	1	2	30	2131	3235	32	17	80.180305	τα
5	1	113	1	2	31	2165	3232	79	28	0.000000	«γράῄεὲ,
4	1	113	1	3	0	50	3243	2162	52	-1	
5	1	113	1	3	1	50	3250	37	14	93.275093	στο
5	1	113	1	3	2	101	3244	117	28	13.252937	μημόσονο
5	1	113	1	3	3	231	3250	38	22	91.378403	της
5	1	113	1	3	4	286	3243	116	29	78.981018	λαπρευτής
5	1	113	1	3	5	416	3245	58	30	70.973495	γάλη
5	1	113	1	3	6	487	3246	128	28	93.036507	αισιοδοξία,
5	1	113	1	3	7	629	3255	26	23	95.845879	µε
5	1	113	1	3	8	668	3248	103	30	36.155128	κουράγιο
5	1	113	1	3	9	781	3244	82	48	33.196823	πνυξης
5	1	113	1	3	10	877	3257	37	16	5.071457	αι
5	1	113	1	3	11	931	3251	80	30	55.790596	ἅμεσης
5	1	113	1	3	12	1034	3253	167	32	15.788818	παρέμβα-,πυς
5	1	113	1	3	13	1218	3266	23	15	96.935883	το
5	1	113	1	3	14	1256	3259	37	35	28.951782	γέᾳ
5	1	113	1	3	15	1304	3260	46	27	84.177170	ἔτος
5	1	113	1	3	16	1361	3262	55	26	84.891327	σας
5	1	113	1	3	17	1424	3261	96	30	10.875031	᾿φἐρειν-
5	1	113	1	3	18	1519	3261	68	29	15.311928	᾿µαπά.
5	1	113	1	3	19	1593	3262	220	27	11.666992	-σίους.-«πινάκους».'
5	1	113	1	3	20	1826	3264	104	29	0.646378	“Αρχιζαν
5	1	113	1	3	21	1941	3273	34	21	50.062721	µε.
5	1	113	1	3	22	1983	3273	38	21	50.062721	την
5	1	113	1	3	23	2026	3263	92	31	60.835014	ἄλφα..,
5	1	113	1	3	24	2131	3268	81	27	60.750580	ὠμέγά,
4	1	113	1	4	0	47	3281	2228	56	-1	
5	1	113	1	4	1	47	3287	41	22	56.305344	µας
5	1	113	1	4	2	103	3281	89	29	65.365952	μητέρας
5	1	113	1	4	3	205	3289	37	13	78.983421	χαι
5	1	113	1	4	4	256	3281	95	29	78.596390	γιαγιάς,
5	1	113	1	4	5	365	3281	36	23	16.962700	Ἐ}.
5	1	113	1	4	6	406	3291	46	29	0.000000	ναι
5	1	113	1	4	7	467	3283	64	30	89.950363	ὀρεξη
5	1	113	1	4	8	546	3291	38	23	24.411919	Ύμι
5	1	113	1	4	9	610	3286	53	22	78.273376	πολύ
5	1	113	1	4	10	685	3286	139	30	48.312416	δολειά]σης
5	1	113	1	4	11	836	3289	21	21	81.523735	σ᾿
5	1	113	1	4	12	870	3290	137	28	94.078842	οποιοδήποτε
5	1	113	1	4	13	1021	3291	119	29	74.546280	πρόβλημα.
5	1	113	1	4	14	1146	3284	58	53	42.502846	[τεῖα
5	1	113	1	4	15	1220	3303	46	15	51.875881	και
5	1	113	1	4	16	1269	3297	74	29	87.855995	χαρᾶ
5	1	113	1	4	17	1350	3305	39	15	0.000000	᾿χαι
5	1	113	1	4	18	1411	3299	56	25	89.100189	-ὅλες
5	1	113	1	4	19	1483	3305	40	15	20.878540	-οι
5	1	113	1	4	20	1524	3299	164	34	0.000000	᾽αλϕαωμέγα...
5	1	113	1	4	21	1702	3299	53	29	92.234085	βήτα
5	1	113	1	4	22	1768	3301	52	27	38.195198	ψι...
5	1	113	1	4	23	1830	3301	53	27	38.195198	βου-α
5	1	113	1	4	24	1922	3301	105	28	0.000000	-βα:-.Ὕου
5	1	113	1	4	25	2040	3303	22	21	0.000000	αἲ
5	1	113	1	4	26	2074	3309	55	21	36.503239	γα.:-
5	1	113	1	4	27	2136	3310	21	16	76.410431	χι
5	1	113	1	4	28	2167	3303	70	29	27.724495	ἀλλες..
5	1	113	1	4	29	2264	3321	11	4	3.973198	...
4	1	113	1	5	0	48	3299	2193	83	-1	
5	1	113	1	5	1	48	3316	105	23	92.414719	ΤΕΝΙΑΣ
5	1	113	1	5	2	171	3317	48	22	82.189178	ΗΔ.
5	1	113	1	5	3	234	3317	80	40	28.553192	2ΗΤΗ
5	1	113	1	5	4	327	3299	84	53	0.000000	ευχαρι;
5	1	113	1	5	5	415	3328	26	20	88.435005	µε
5	1	113	1	5	6	453	3321	38	21	83.077911	δύο
5	1	113	1	5	7	504	3322	155	26	0.000000	κατευθύνσεις;
5	1	113	1	5	8	680	3321	117	30	58.020218	Ἱρώτον|΄
5	1	113	1	5	9	814	3323	27	23	93.140747	Οι
5	1	113	1	5	10	857	3324	110	30	88.579239	Δήμαρχαι
5	1	113	1	5	11	981	3333	36	15	92.220932	χαι
5	1	113	1	5	12	1035	3335	21	13	93.257362	οι
5	1	113	1	5	13	1072	3327	68	29	77.920204	Ἡρόε-
5	1	113	1	5	14	1145	3324	134	55	20.403336	[πρασδοκέες
5	1	113	1	5	15	1294	3367	3	3	48.294086	«
5	1	113	1	5	16	1294	3333	44	25	32.759186	σας
5	1	113	1	5	17	1347	3336	35	20	92.116325	να
5	1	113	1	5	18	1388	3334	77	28	56.795963	γίνουν
5	1	113	1	5	19	1473	3342	39	40	89.099365	μα
5	1	113	1	5	20	1518	3330	117	30	2.905869	᾽συνθέσεις
5	1	113	1	5	21	1649	3341	41	21	64.901878	της.
5	1	113	1	5	22	1697	3335	153	29	68.758148	αλφαβήτου.
5	1	113	1	5	23	1847	3326	9	45	89.044563	:
5	1	113	1	5	24	1858	3335	40	23	93.680817	Τα.
5	1	113	1	5	25	1906	3337	70	28	90.329491	πάρα
5	1	113	1	5	26	1974	3338	73	22	71.524811	«πόνου
5	1	113	1	5	27	2064	3345	39	14	92.702286	τα
5	1	113	1	5	28	2102	3339	139	28	8.475891	-απόγγειλει.
2	1	114	0	0	0	2214	3279	65	43	-1	
3	1	114	1	0	0	2214	3279	65	43	-1	
4	1	114	1	1	0	2214	3279	65	43	-1	
5	1	114	1	1	1	2214	3279	65	43	95.000000	  
2	1	115	0	0	0	2238	3324	30	2	-1	
3	1	115	1	0	0	2238	3324	30	2	-1	
4	1	115	1	1	0	2238	3324	30	2	-1	
5	1	115	1	1	1	2238	3324	30	2	95.000000	 
2	1	116	0	0	0	1478	3382	21	46	-1	
3	1	116	1	0	0	1478	3382	21	46	-1	
4	1	116	1	1	0	1478	3382	21	46	-1	
5	1	116	1	1	1	1478	3382	21	46	95.000000	 
2	1	117	0	0	0	48	3354	2220	119	-1	
3	1	117	1	0	0	48	3354	2220	119	-1	
4	1	117	1	1	0	48	3354	2220	47	-1	
5	1	117	1	1	1	48	3353	75	29	45.046448	στούμε
5	1	117	1	1	2	141	3354	73	28	89.290070	θερμά.
5	1	117	1	1	3	414	3363	28	15	2.061401	Ύα
5	1	117	1	1	4	458	3357	101	27	96.262192	συνεχίσω
5	1	117	1	1	5	578	3364	25	15	92.656494	το
5	1	117	1	1	6	621	3359	148	28	35.578545	δημιουργικό
5	1	117	1	1	7	785	3359	45	29	0.000000	|δροι
5	1	117	1	1	8	848	3360	141	30	75.254150	Ἐοινοτήνων,
5	1	117	1	1	9	1011	3363	26	21	77.166229	τὰ
5	1	117	1	1	10	1052	3362	87	30	38.622665	Δημαα-
5	1	117	1	1	11	1154	3366	95	30	58.372765	ζωντανή
5	1	117	1	1	12	1262	3367	209	31	39.919125	πραγµαπικότητα,-
5	1	117	1	1	13	1509	3369	91	22	42.013287	''--ὀπείτα
5	1	117	1	1	14	1614	3371	41	21	80.709610	απὀ
5	1	117	1	1	15	1665	3372	62	20	45.483433	τόσα
5	1	117	1	1	16	1731	3372	88	28	51.870369	χρόνιας,
5	1	117	1	1	17	1831	3380	29	20	83.489014	µε:
5	1	117	1	1	18	1870	3373	199	28	22.386353	μεγάλη.-ευχέρια,
5	1	117	1	1	19	2080	3374	67	23	92.662979	αλλά
5	1	117	1	1	20	2152	3375	34	22	89.367210	-δεν
5	1	117	1	1	21	2199	3376	69	20	30.343102	καν.”
4	1	117	1	2	0	137	3389	2100	72	-1	
5	1	117	1	2	1	137	3389	37	22	71.322266	Τα,
5	1	117	1	2	2	186	3390	76	21	26.334061	παιδιᾶ,
5	1	117	1	2	3	274	3396	39	22	89.619072	της
5	1	117	1	2	4	414	3399	37	15	52.466694	κο
5	1	117	1	2	5	464	3393	143	26	3.075348	ολαποτυξωικό
5	1	117	1	2	6	641	3395	128	28	66.400993	πρόγραμμα
5	1	117	1	2	7	783	3396	29	20	82.965134	|κά
5	1	117	1	2	8	822	3403	43	15	54.822975	και
5	1	117	1	2	9	878	3396	123	23	43.962738	Κοινοσικά
5	1	117	1	2	10	1020	3398	142	29	32.784767	Συμβούλια|.
5	1	117	1	2	11	1193	3402	26	22	49.169270	0
5	1	117	1	2	12	1230	3403	122	29	88.403572	Νομάρχης
5	1	117	1	2	13	1356	3404	116	27	72.420151	Λακωνίας
5	1	117	1	2	14	1515	3393	98	64	0.000000	(Ἄόρθωσε
5	1	117	1	2	15	1632	3450	2	3	0.000000	᾿
5	1	117	1	2	16	1632	3405	27	23	95.989624	γα
5	1	117	1	2	17	1671	3402	115	52	0.000000	τελευώσοι”
5	1	117	1	2	18	1784	3402	27	37	88.149872	το
5	1	117	1	2	19	1809	3403	68	58	36.909470	Δημ.
5	1	117	1	2	20	1882	3408	106	28	84.148926	«Σχολείο
5	1	117	1	2	21	1992	3410	47	27	80.857300	εἶχε
5	1	117	1	2	22	2047	3405	111	53	33.395332	τελειώσευ
5	1	117	1	2	23	2170	3410	67	44	74.693802	(11):
5	1	117	1	2	24	2228	3421	38	16	17.220566	ο.
4	1	117	1	3	0	131	3424	2020	49	-1	
5	1	117	1	3	1	131	3424	36	22	89.293732	Τα.
5	1	117	1	3	2	179	3426	89	28	20.685760	εγγόνω,
5	1	117	1	3	3	280	3431	40	23	96.495178	της
5	1	117	1	3	4	414	3435	40	14	93.275856	που
5	1	117	1	3	5	464	3428	77	28	92.281914	ἄρχισε
5	1	117	1	3	6	556	3435	23	15	92.665649	το
5	1	117	1	3	7	589	3427	58	23	86.161316	1982
5	1	117	1	3	8	658	3437	37	14	57.831612	χσι
5	1	117	1	3	9	709	3429	148	30	9.839478	δεύτε[πρέπει
5	1	117	1	3	10	877	3433	88	28	54.334084	γώχουν
5	1	117	1	3	11	987	3435	73	27	91.202881	υπόψη
5	1	117	1	3	12	1081	3442	57	19	0.000000	"τους
5	1	117	1	3	13	1190	3445	10	12	76.563194	-,
5	1	117	1	3	14	1214	3438	72	26	38.854507	Ἠάνος
5	1	117	1	3	15	1297	3439	201	29	34.712463	Ὑπηλιάπουλος
5	1	117	1	3	16	1456	3434	60	38	5.592087	--''.
5	1	117	1	3	17	1520	3441	100	27	5.635208	πίναπες:
5	1	117	1	3	18	1691	3449	11	6	0.000000	α
5	1	117	1	3	19	1781	3461	3	3	44.292831	ο
5	1	117	1	3	20	1820	3453	18	5	0.000000	Ἵθηκον
5	1	117	1	3	21	1885	3448	64	17	12.160492	νεο
5	1	117	1	3	22	1950	3444	149	29	17.057190	Συνεχίζεται
5	1	117	1	3	23	2119	3440	22	37	31.168579	τ-
2	1	118	0	0	0	2155	3451	133	22	-1	
3	1	118	1	0	0	2155	3451	133	22	-1	
4	1	118	1	1	0	2155	3451	133	22	-1	
5	1	118	1	1	1	2155	3451	133	22	95.000000	 
2	1	119	0	0	0	2461	1347	23	224	-1	
3	1	119	1	0	0	2461	1347	23	224	-1	
4	1	119	1	1	0	2461	1347	23	224	-1	
5	1	119	1	1	1	2461	1565	6	6	24.042427	ο
5	1	119	1	1	2	2462	1468	12	72	0.000000	νονικ/
5	1	119	1	1	3	2466	1347	18	73	0.000000	418
