level	page_num	block_num	par_num	line_num	word_num	left	top	width	height	conf	text
1	1	0	0	0	0	0	0	2530	3538	-1	
2	1	1	0	0	0	55	1781	288	22	-1	
3	1	1	1	0	0	55	1781	288	22	-1	
4	1	1	1	1	0	55	1781	288	22	-1	
5	1	1	1	1	1	55	1783	34	16	28.569633	νι
5	1	1	1	1	2	95	1781	76	22	79.983765	φέρει
5	1	1	1	1	3	176	1786	38	12	0.000000	τοι
5	1	1	1	1	4	227	1787	39	15	48.210419	γιο
5	1	1	1	1	5	281	1784	62	19	0.000000	ους:
2	1	2	0	0	0	460	22	2000	10	-1	
3	1	2	1	0	0	460	22	2000	10	-1	
4	1	2	1	1	0	460	22	2000	10	-1	
5	1	2	1	1	1	460	22	2000	10	95.000000	 
2	1	3	0	0	0	70	197	152	26	-1	
3	1	3	1	0	0	70	197	152	26	-1	
4	1	3	1	1	0	70	197	152	26	-1	
5	1	3	1	1	1	70	197	152	26	12.683884	ΤΕΩΡΕΤΤΣΓ
2	1	4	0	0	0	72	236	455	10	-1	
3	1	4	1	0	0	72	236	455	10	-1	
4	1	4	1	1	0	72	236	455	10	-1	
5	1	4	1	1	1	72	236	455	10	95.000000	 
2	1	5	0	0	0	152	285	546	50	-1	
3	1	5	1	0	0	152	285	546	50	-1	
4	1	5	1	1	0	152	285	546	50	-1	
5	1	5	1	1	1	152	285	166	49	95.458771	Δωρεές
5	1	5	1	1	2	338	298	79	28	96.032288	στο
5	1	5	1	1	3	437	286	261	49	4.630524	Γηροκομείο
2	1	6	0	0	0	64	372	724	589	-1	
3	1	6	1	0	0	66	372	712	167	-1	
4	1	6	1	1	0	74	372	703	23	-1	
5	1	6	1	1	1	74	380	39	13	27.731339	ο
5	1	6	1	1	2	127	372	17	17	81.036537	Ἡ
5	1	6	1	1	3	157	376	21	13	88.968544	κ.
5	1	6	1	1	4	191	372	176	18	26.404030	ΑΤΗΑΝΑΘΕΑ
5	1	6	1	1	5	378	372	76	19	0.000000	ϐ0ΗΝ
5	1	6	1	1	6	471	373	53	18	63.802799	ΨΑΕ
5	1	6	1	1	7	537	367	48	33	94.027542	ΤΕΕ
5	1	6	1	1	8	601	373	86	19	51.451675	έστειλε
5	1	6	1	1	9	718	373	59	22	85.896149	µέσω
4	1	6	1	2	0	66	408	712	25	-1	
5	1	6	1	2	1	66	411	38	18	96.079872	της
5	1	6	1	2	2	115	408	136	22	49.440559	εφημερίδας
5	1	6	1	2	3	264	412	40	18	93.055641	µας
5	1	6	1	2	4	314	412	37	17	77.192345	γικ
5	1	6	1	2	5	364	413	26	12	71.374901	το
5	1	6	1	2	6	402	408	136	22	37.133728	Γηροκεµείς
5	1	6	1	2	7	550	408	101	25	61.500629	Ἀπάρτης
5	1	6	1	2	8	662	408	54	18	44.379150	5.0
5	1	6	1	2	9	727	409	51	22	36.642487	δρχ.
4	1	6	1	3	0	66	442	712	24	-1	
5	1	6	1	3	1	66	447	31	18	95.048027	εις
5	1	6	1	3	2	108	442	92	23	84.120110	μνήμην
5	1	6	1	3	3	211	448	45	13	95.378983	των
5	1	6	1	3	4	267	443	88	22	38.876938	γονέων
5	1	6	1	3	5	366	448	37	18	82.980377	της
5	1	6	1	3	6	414	443	88	22	86.807365	Σπύρευ
5	1	6	1	3	7	514	448	38	14	48.442741	χο
5	1	6	1	3	8	560	444	122	22	60.640911	Αατρεινής
5	1	6	1	3	9	696	444	82	21	36.626606	Ῥρισσάι,
4	1	6	1	4	0	66	473	712	30	-1	
5	1	6	1	4	1	66	482	39	13	50.601124	τευ
5	1	6	1	4	2	115	478	99	25	24.234726	σδελφεύ
5	1	6	1	4	3	226	484	38	17	91.211998	της
5	1	6	1	4	4	279	479	125	22	84.824425	Δημητρίευ
5	1	6	1	4	5	415	484	37	13	91.031776	καὶ
5	1	6	1	4	6	468	484	39	14	90.622307	τευ
5	1	6	1	4	7	519	479	59	19	9.525558	Βείου
5	1	6	1	4	8	591	473	37	29	89.784805	της
5	1	6	1	4	9	642	479	136	23	3.682693	Ποινοιψιώπη
4	1	6	1	5	0	66	511	215	28	-1	
5	1	6	1	5	1	66	514	124	21	40.048058	ἀναντούλη.
5	1	6	1	5	2	212	531	2	2	0.000000	.
5	1	6	1	5	3	250	537	2	2	17.822418	ο
3	1	6	2	0	0	64	550	715	95	-1	
4	1	6	2	1	0	88	550	691	24	-1	
5	1	6	2	1	1	88	560	25	3	55.622879	--
5	1	6	2	1	2	126	550	80	23	71.775604	Επίσις
5	1	6	2	1	3	217	551	110	22	60.624878	πρόαφερς
5	1	6	2	1	4	339	555	27	13	86.864883	τε
5	1	6	2	1	5	376	550	70	20	0.000000	πὠσέν
5	1	6	2	1	6	459	555	45	14	80.703064	των
5	1	6	2	1	7	513	551	56	22	53.621220	5.000
5	1	6	2	1	8	583	552	49	21	88.628212	δρχ.
5	1	6	2	1	9	645	555	31	19	82.508652	εἰς
5	1	6	2	1	10	687	551	92	22	69.944359	μνήμην
4	1	6	2	2	0	64	586	714	23	-1	
5	1	6	2	2	1	64	589	45	14	95.077087	των
5	1	6	2	2	2	120	586	93	21	71.829567	γονέων,
5	1	6	2	2	3	234	591	39	14	87.457626	του
5	1	6	2	2	4	281	586	91	23	82.767090	συζύγκυ
5	1	6	2	2	5	384	591	38	17	91.783188	της
5	1	6	2	2	6	431	586	95	22	58.240105	Ἐρράνευ,
5	1	6	2	2	7	536	591	38	15	25.916496	πο
5	1	6	2	2	8	586	586	137	23	47.426987	ΠηΜελέπηις
5	1	6	2	2	9	733	586	45	19	61.356052	Του
4	1	6	2	3	0	65	620	711	25	-1	
5	1	6	2	3	1	65	620	71	23	73.628426	ὠλπερ
5	1	6	2	3	2	152	626	37	15	27.254211	Ἅχι
5	1	6	2	3	3	216	621	105	23	82.729347	αδελφών
5	1	6	2	3	4	336	626	38	15	79.947380	τευ
5	1	6	2	3	5	386	622	132	22	74.747879	Δημητρίοω,
5	1	6	2	3	6	532	622	96	22	44.347679	Μιχρήλ
5	1	6	2	3	7	637	622	24	17	68.554649	κ΄
5	1	6	2	3	8	681	622	95	23	88.553467	Δανάης.
3	1	6	3	0	0	64	656	715	131	-1	
4	1	6	3	1	0	94	656	685	24	-1	
5	1	6	3	1	1	94	666	25	5	31.766579	--
5	1	6	3	1	2	126	657	20	17	45.280270	Η
5	1	6	3	1	3	158	662	19	13	67.478249	κ.
5	1	6	3	1	4	188	656	144	19	65.883026	ΔΗΜΗΤΡΑ
5	1	6	3	1	5	343	657	28	22	80.638138	Ν
5	1	6	3	1	6	383	657	170	19	65.332512	ΔΙΝΑΡΔΑΚΗ
5	1	6	3	1	7	567	662	26	13	96.086815	το
5	1	6	3	1	8	603	657	66	23	91.448624	γένος
5	1	6	3	1	9	682	657	27	19	80.368576	Σ.
5	1	6	3	1	10	723	657	56	22	32.715790	Όασ-
4	1	6	3	2	0	66	692	712	25	-1	
5	1	6	3	2	1	66	692	34	21	27.978165	σό,
5	1	6	3	2	2	113	692	119	23	66.735870	πρεσφέρει
5	1	6	3	2	3	246	697	39	20	58.696362	στο
5	1	6	3	2	4	300	692	138	23	47.540825	Γηρεκσµείς
5	1	6	3	2	5	447	692	102	23	93.590843	Σπάρτης
5	1	6	3	2	6	563	693	55	18	0.000000	5.00
5	1	6	3	2	7	629	693	49	22	35.505356	ὄρκ.
5	1	6	3	2	8	692	698	30	17	93.285057	εις
5	1	6	3	2	9	732	693	46	22	23.983192	μνή
4	1	6	3	3	0	65	728	713	23	-1	
5	1	6	3	3	1	65	732	45	18	71.689453	µην
5	1	6	3	3	2	125	732	45	14	95.041885	των
5	1	6	3	3	3	184	728	89	22	41.694733	γονέων
5	1	6	3	3	4	283	733	39	18	65.632408	της
5	1	6	3	3	5	336	728	92	23	73.302185	Σπύρου,
5	1	6	3	3	6	441	728	110	23	79.883591	Ἀστρινής
5	1	6	3	3	7	566	728	81	22	61.682476	Ῥοισσά,
5	1	6	3	3	8	658	734	39	15	83.426514	του
5	1	6	3	3	9	711	729	67	19	39.162369	αδειλ-
4	1	6	3	4	0	64	764	714	23	-1	
5	1	6	3	4	1	64	763	41	24	62.510963	φεύ
5	1	6	3	4	2	118	767	37	19	93.298370	της
5	1	6	3	4	3	169	764	124	22	47.383556	Δημητρίευ
5	1	6	3	4	4	302	769	39	12	45.315647	οι
5	1	6	3	4	5	353	768	39	14	70.058716	τευ
5	1	6	3	4	6	404	764	91	22	44.789146	πεβερού
5	1	6	3	4	7	508	768	38	18	92.675049	της
5	1	6	3	4	8	555	764	69	19	29.011650	Ἀδον.
5	1	6	3	4	9	639	764	139	23	0.000000	Διναρδόστη,
3	1	6	4	0	0	66	799	722	55	-1	
4	1	6	4	1	0	92	799	684	27	-1	
5	1	6	4	1	1	92	808	25	4	73.679413	--
5	1	6	4	1	2	132	799	20	27	85.327492	Ἡ
5	1	6	4	1	3	162	800	130	21	0.000000	ὀνιεγένεις
5	1	6	4	1	4	305	799	114	18	53.898453	Διονυσίου
5	1	6	4	1	5	432	799	113	22	72.123505	Γιάνναρη
5	1	6	4	1	6	562	800	54	17	48.256779	5.500
5	1	6	4	1	7	627	804	32	18	57.820213	εις
5	1	6	4	1	8	685	800	91	22	43.423405	μνήμην
4	1	6	4	2	0	66	834	722	23	-1	
5	1	6	4	2	1	66	834	57	19	70.957481	Ηλία
5	1	6	4	2	2	135	835	100	22	8.516426	Ραλίδα,
5	1	6	4	2	3	785	837	3	1	0.000000	ι
3	1	6	5	0	0	106	854	661	50	-1	
4	1	6	5	1	0	106	854	661	50	-1	
5	1	6	5	1	1	106	870	34	26	14.625092	-ὃ
5	1	6	5	1	2	146	875	29	24	0.000000	ε.
5	1	6	5	1	3	186	865	76	37	35.517899	των,
5	1	6	5	1	4	271	854	171	50	67.278976	Γεωργόπουλος
5	1	6	5	1	5	458	875	34	27	68.361496	εις.
5	1	6	5	1	6	500	870	93	22	66.598480	μνήμην.
5	1	6	5	1	7	606	870	83	24	35.112488	μαρός
5	1	6	5	1	8	699	871	25	17	44.449577	5ο
5	1	6	5	1	9	726	871	41	21	39.351307	ο
3	1	6	6	0	0	66	894	634	67	-1	
4	1	6	6	1	0	133	894	517	36	-1	
5	1	6	6	1	1	133	896	22	25	64.247360	Ἡ
5	1	6	6	1	2	167	910	21	16	0.000000	.
5	1	6	6	1	3	198	896	59	28	0.000000	Κκή
5	1	6	6	1	4	270	904	27	17	18.298035	Ἐ.
5	1	6	6	1	5	308	894	176	36	13.054886	Σποαμρωπούλου᾽
5	1	6	6	1	6	486	900	36	26	64.434464	εις
5	1	6	6	1	7	531	899	93	26	84.154617	μνήμην
5	1	6	6	1	8	635	902	15	19	75.933945	τ
4	1	6	6	2	0	66	938	634	23	-1	
5	1	6	6	2	1	66	944	37	17	90.588257	της
5	1	6	6	2	2	118	944	41	12	65.665100	καν
5	1	6	6	2	3	172	943	40	18	93.298309	της
5	1	6	6	2	4	227	938	109	23	60.787266	αδελγρής
5	1	6	6	2	5	337	943	36	18	42.919693	ης
5	1	6	6	2	6	389	938	116	25	0.000000	Ανεεύλκςι
5	1	6	6	2	7	518	938	182	22	21.945427	Παπαγεωσγίκο,
2	1	7	0	0	0	67	891	620	33	-1	
3	1	7	1	0	0	67	891	620	33	-1	
4	1	7	1	1	0	67	891	620	33	-1	
5	1	7	1	1	1	67	891	54	30	95.000000	  
5	1	7	1	1	2	650	902	37	22	95.000000	 
2	1	8	0	0	0	65	974	206	23	-1	
3	1	8	1	0	0	65	974	206	23	-1	
4	1	8	1	1	0	65	974	206	23	-1	
5	1	8	1	1	1	65	974	137	23	28.220184	Τηραπεµιείσο
5	1	8	1	1	2	211	974	60	17	0.000000	δ.ος5.
2	1	9	0	0	0	68	1038	709	73	-1	
3	1	9	1	0	0	68	1038	709	73	-1	
4	1	9	1	1	0	68	1038	709	73	-1	
5	1	9	1	1	1	68	1050	301	46	42.765511	Ειδήσεις
5	1	9	1	1	2	399	1072	17	9	92.650261	-
5	1	9	1	1	3	439	1038	338	73	90.257637	Γεγονότα
2	1	10	0	0	0	60	1138	718	655	-1	
3	1	10	1	0	0	61	1138	717	94	-1	
4	1	10	1	1	0	61	1138	717	24	-1	
5	1	10	1	1	1	61	1139	54	18	19.581970	--.Ὁ
5	1	10	1	1	2	125	1138	111	24	14.298027	ΤΙΑΈΤΡΟΣ
5	1	10	1	1	3	250	1138	146	23	47.820053	Παναγιώτης
5	1	10	1	1	4	410	1139	50	18	0.000000	Χιπ.
5	1	10	1	1	5	471	1139	116	22	20.005791	Σσερωτάς
5	1	10	1	1	6	601	1138	127	24	62.842819	διορίστηκε
5	1	10	1	1	7	738	1144	40	14	72.054192	στο
4	1	10	1	2	0	62	1174	715	23	-1	
5	1	10	1	2	1	62	1174	97	22	82.491280	Δημέσια
5	1	10	1	2	2	170	1174	139	23	15.153107	Ναοσσκομείο
5	1	10	1	2	3	318	1174	139	23	55.936527	Νοσημάτων
5	1	10	1	2	4	472	1174	106	23	65.664474	ΦΘώρανιος
5	1	10	1	2	5	586	1174	96	20	53.550755	Αθηνών,
5	1	10	1	2	6	696	1179	40	13	20.468033	κοιν
5	1	10	1	2	7	749	1180	28	12	81.423912	εἰ-
4	1	10	1	3	0	64	1209	630	23	-1	
5	1	10	1	3	1	64	1210	113	18	2.310295	ξικεύσπουι
5	1	10	1	3	2	188	1214	57	16	59.839005	στην
5	1	10	1	3	3	256	1210	234	22	18.106628	Ανὐτινοδιογνωστική.
5	1	10	1	3	4	508	1209	186	23	25.390121	(Απτιναλόγας).,
3	1	10	2	0	0	62	1245	716	94	-1	
4	1	10	2	1	0	62	1245	716	23	-1	
5	1	10	2	1	1	62	1255	24	4	77.628166	--
5	1	10	2	1	2	99	1246	152	18	88.218384	ΔΙΑΚΟΠΕΣ
5	1	10	2	1	3	261	1250	38	16	81.001465	στο
5	1	10	2	1	4	312	1246	105	22	32.053329	ἱΜαραξιά
5	1	10	2	1	5	425	1250	38	17	93.299805	της
5	1	10	2	1	6	475	1245	84	23	30.647881	Ἑλήνος
5	1	10	2	1	7	572	1245	70	21	44.149414	έχανε
5	1	10	2	1	8	652	1249	41	14	44.149414	τον
5	1	10	2	1	9	703	1245	75	22	85.424088	Αύγου
4	1	10	2	2	0	63	1277	712	27	-1	
5	1	10	2	2	1	63	1285	40	16	78.034576	στη
5	1	10	2	2	2	112	1281	181	22	0.000000	οἰκαγενειωφιώς,
5	1	10	2	2	3	304	1286	16	13	34.209732	5
5	1	10	2	2	4	333	1282	111	22	26.681747	εµεγενής
5	1	10	2	2	5	475	1285	43	18	81.206146	µας
5	1	10	2	2	6	545	1277	164	26	13.618057	Υερευσικσπής
5	1	10	2	2	7	728	1285	47	14	45.630661	των.
4	1	10	2	3	0	64	1311	339	28	-1	
5	1	10	2	3	1	64	1316	63	19	94.220131	ΗΠΑ
5	1	10	2	3	2	141	1322	22	12	88.057724	κ.
5	1	10	2	3	3	177	1317	53	18	24.238518	ἴξωλ
5	1	10	2	3	4	242	1316	140	23	4.218109	Σιαρμιπάνης.
3	1	10	3	0	0	63	1352	659	97	-1	
4	1	10	3	1	0	63	1352	565	23	-1	
5	1	10	3	1	1	63	1352	210	21	14.472305	ΕΠΕΣΤΡΕΨΕ
5	1	10	3	1	2	285	1352	43	18	91.223076	απὀ
5	1	10	3	1	3	339	1356	43	16	86.821526	την
5	1	10	3	1	4	397	1352	101	23	42.353607	Αμερική
5	1	10	3	1	5	515	1357	13	13	81.193359	ο
5	1	10	3	1	6	539	1352	89	23	69.631020	Σάθθας
4	1	10	3	2	0	65	1388	657	23	-1	
5	1	10	3	2	1	65	1393	40	13	37.028599	πάω
5	1	10	3	2	2	122	1388	80	23	95.099098	πέρασε
5	1	10	3	2	3	217	1392	26	14	73.448936	το
5	1	10	3	2	4	255	1388	118	23	17.421036	κκλθκαέρι
5	1	10	3	2	5	391	1388	70	21	40.624069	πηντά
5	1	10	3	2	6	468	1389	42	20	0.000000	ατα
5	1	10	3	2	7	528	1388	78	19	69.563400	παιδιά
5	1	10	3	2	8	621	1391	39	15	91.937004	του
5	1	10	3	2	9	682	1393	40	15	9.613174	σον
4	1	10	3	3	0	64	1415	290	34	-1	
5	1	10	3	3	1	64	1425	94	24	29.327225	εγγένυκ
5	1	10	3	3	2	172	1430	47	17	59.994118	του,
5	1	10	3	3	3	351	1415	3	3	42.850891	|
3	1	10	4	0	0	61	1460	715	167	-1	
4	1	10	4	1	0	62	1460	714	24	-1	
5	1	10	4	1	1	62	1470	23	5	0.000000	ὤ-
5	1	10	4	1	2	100	1461	79	23	82.831146	Επίσης
5	1	10	4	1	3	206	1461	76	19	20.396820	ΕΠΕΕΣ
5	1	10	4	1	4	290	1455	95	34	0.000000	ΤΕΡΨΗ,
5	1	10	4	1	5	395	1462	45	19	53.064026	από
5	1	10	4	1	6	455	1465	44	16	91.131584	την
5	1	10	4	1	7	513	1461	97	19	91.039413	Ἑλθετίο
5	1	10	4	1	8	620	1465	17	16	85.328255	πι
5	1	10	4	1	9	647	1460	95	24	0.000000	ΙΜρήλη
5	1	10	4	1	10	756	1461	20	18	28.034370	1.
4	1	10	4	2	0	64	1496	711	24	-1	
5	1	10	4	2	1	64	1497	172	22	15.629425	Χριοτοπεύλευ,
5	1	10	4	2	2	246	1497	87	22	33.749306	εγγενή
5	1	10	4	2	3	345	1498	27	17	33.724083	Ε.
5	1	10	4	2	4	390	1497	151	21	19.453896	Γιυκννουκόνιῃ,
5	1	10	4	2	5	558	1497	56	19	65.241135	όπευ
5	1	10	4	2	6	622	1496	130	24	27.898865	εργάστηκε,
5	1	10	4	2	7	763	1497	12	18	83.491928	2
4	1	10	4	3	0	63	1532	713	24	-1	
5	1	10	4	3	1	63	1533	68	22	87.135910	µήνες
5	1	10	4	3	2	147	1538	27	17	78.137146	ως
5	1	10	4	3	3	188	1533	76	23	84.158806	θεηξός
5	1	10	4	3	4	279	1533	98	22	56.496181	Χημικός
5	1	10	4	3	5	388	1532	133	23	89.025887	Μηχανικός
5	1	10	4	3	6	537	1536	41	17	72.329437	στη
5	1	10	4	3	7	591	1533	130	22	29.417297	Φκρμαχκο
5	1	10	4	3	8	709	1528	14	32	89.211899	-
5	1	10	4	3	9	733	1532	43	19	0.000000	6ἱδ-
4	1	10	4	4	0	62	1564	714	43	-1	
5	1	10	4	4	1	62	1568	100	23	31.223885	μηχανία
5	1	10	4	4	2	174	1568	72	19	61.865784	ΟΙΒΑ
5	1	10	4	4	3	256	1573	29	18	95.198608	µε
5	1	10	4	4	4	296	1564	85	39	0.000000	πλήρηις
5	1	10	4	4	5	395	1568	118	23	26.177910	οιπεδεχές,
5	1	10	4	4	6	527	1568	66	39	0.000000	Ῥένοο
5	1	10	4	4	7	602	1573	39	16	70.838257	στο
5	1	10	4	4	8	655	1568	61	22	95.182999	τρίτο
5	1	10	4	4	9	728	1568	48	23	96.272881	έτος
4	1	10	4	5	0	61	1604	225	23	-1	
5	1	10	4	5	1	61	1610	38	13	85.109032	τευ
5	1	10	4	5	2	116	1604	170	23	35.774757	Πολυτεχνείου.
3	1	10	5	0	0	60	1639	715	130	-1	
4	1	10	5	1	0	60	1639	715	23	-1	
5	1	10	5	1	1	60	1640	132	19	17.268204	.--ΗΡΦΑΝ
5	1	10	5	1	2	203	1640	57	19	70.297989	από
5	1	10	5	1	3	260	1640	95	18	0.000000	δακναδά
5	1	10	5	1	4	368	1642	14	15	48.831676	ὁ
5	1	10	5	1	5	398	1640	66	22	0.000000	Ἀκύις
5	1	10	5	1	6	476	1640	23	18	43.747425	Γ.
5	1	10	5	1	7	513	1640	85	22	89.563614	Ντέρος
5	1	10	5	1	8	609	1644	30	18	7.321259	μὶί:
5	1	10	5	1	9	654	1643	28	16	32.524734	τα
5	1	10	5	1	10	695	1639	80	23	9.963974	σύὐξυνό
4	1	10	5	2	0	60	1674	714	24	-1	
5	1	10	5	2	1	60	1680	38	13	79.820381	του
5	1	10	5	2	2	113	1680	22	17	72.805984	κ,
5	1	10	5	2	3	150	1676	121	22	85.132660	Αφροδίτη.
5	1	10	5	2	4	286	1675	44	18	95.118744	από
5	1	10	5	2	5	343	1676	100	22	86.615036	Αμερική
5	1	10	5	2	6	458	1680	15	13	82.255432	ὁ
5	1	10	5	2	7	483	1675	67	19	31.661781	Ἀθχν.
5	1	10	5	2	8	569	1675	27	18	91.996414	Π.
5	1	10	5	2	9	625	1674	93	24	41.487000	Γκέκας,
5	1	10	5	2	10	727	1674	47	20	65.592575	εἰπί-
4	1	10	5	3	0	60	1710	712	23	-1	
5	1	10	5	3	1	60	1716	40	17	93.303291	σης
5	1	10	5	3	2	111	1711	46	19	86.543030	απὀ
5	1	10	5	3	3	168	1711	64	18	61.295620	ΗΠΑ.
5	1	10	5	3	4	245	1716	14	13	56.838398	ο
5	1	10	5	3	5	276	1710	116	23	92.707024	Παντελής
5	1	10	5	3	6	411	1711	39	18	91.018524	Ηλ.
5	1	10	5	3	7	462	1710	112	23	0.000000	ὈἈράγπος,
5	1	10	5	3	8	586	1711	59	18	38.092384	εἶπε:
5	1	10	5	3	9	659	1710	113	19	0.000000	ανοικάλυ-
4	1	10	5	4	0	61	1742	713	51	-1	
5	1	10	5	4	1	61	1747	28	22	63.088486	φε
5	1	10	5	4	2	104	1751	27	13	93.254944	το
5	1	10	5	4	3	145	1746	86	22	34.521805	χαπόχκι
5	1	10	5	4	4	244	1751	40	13	84.915520	που
5	1	10	5	4	5	298	1742	95	46	0.000000	πρατόίσι
5	1	10	5	4	6	403	1750	41	14	96.874458	τον
5	1	10	5	4	7	446	1781	3	2	0.000000	.
5	1	10	5	4	8	463	1742	99	51	17.515625	ἄνθρωπο
5	1	10	5	4	9	578	1746	46	21	76.419594	νέο,
5	1	10	5	4	10	623	1786	2	2	3.828201	'
5	1	10	5	4	11	640	1742	134	51	0.000000	Ὀπθορέθηνς
2	1	11	0	0	0	346	1116	146	6	-1	
3	1	11	1	0	0	346	1116	146	6	-1	
4	1	11	1	1	0	346	1116	146	6	-1	
5	1	11	1	1	1	346	1116	146	6	95.000000	 
2	1	12	0	0	0	747	1391	30	16	-1	
3	1	12	1	0	0	747	1391	30	16	-1	
4	1	12	1	1	0	747	1391	30	16	-1	
5	1	12	1	1	1	747	1391	30	16	34.310463	πο
2	1	13	0	0	0	644	1767	153	46	-1	
3	1	13	1	0	0	644	1767	153	46	-1	
4	1	13	1	1	0	644	1767	153	46	-1	
5	1	13	1	1	1	644	1767	153	46	95.000000	  
2	1	14	0	0	0	527	1777	99	19	-1	
3	1	14	1	0	0	527	1777	99	19	-1	
4	1	14	1	1	0	527	1777	99	19	-1	
5	1	14	1	1	1	527	1777	99	19	95.000000	 
2	1	15	0	0	0	58	1815	718	702	-1	
3	1	15	1	0	0	59	1815	717	58	-1	
4	1	15	1	1	0	59	1815	717	21	-1	
5	1	15	1	1	1	59	1815	77	18	35.390671	--Στο
5	1	15	1	1	2	152	1815	170	18	46.707062	ΛΟΓΕΑΝΙΕΟ
5	1	15	1	1	3	336	1815	88	21	92.351715	γίνεται
5	1	15	1	1	4	438	1815	187	21	0.000000	οσφαλτὀαίρωση
5	1	15	1	1	5	635	1818	38	14	93.287964	του
5	1	15	1	1	6	689	1818	87	18	0.000000	εντρι-
4	1	15	1	2	0	60	1849	626	24	-1	
5	1	15	1	2	1	60	1851	41	18	6.461716	ντύ
5	1	15	1	2	2	117	1851	134	22	10.578262	εσωτερικού
5	1	15	1	2	3	262	1850	81	22	72.781296	δρέµευ
5	1	15	1	2	4	354	1849	143	23	0.000000	πρισὐπ)σμιού
5	1	15	1	2	5	512	1849	100	23	50.950054	3400400
5	1	15	1	2	6	620	1849	66	23	60.908974	δροχ.
3	1	15	2	0	0	59	1885	714	59	-1	
4	1	15	2	1	0	60	1885	713	23	-1	
5	1	15	2	1	1	60	1897	24	3	33.102509	--
5	1	15	2	1	2	97	1887	81	18	38.476299	ΣΤΗΝ
5	1	15	2	1	3	193	1886	150	19	90.123421	ΑΓΟΡΙΑΝΗ
5	1	15	2	1	4	358	1885	193	23	38.729992	κατασνευάζετοι
5	1	15	2	1	5	558	1885	88	23	64.883034	γήπεδο
5	1	15	2	1	6	673	1885	100	22	19.569382	µπάσοετ
4	1	15	2	2	0	59	1921	439	23	-1	
5	1	15	2	2	1	59	1922	44	21	17.351486	από
5	1	15	2	2	2	113	1927	27	13	93.209412	το
5	1	15	2	2	3	156	1922	93	22	53.345901	΄Ίδρυμα
5	1	15	2	2	4	258	1921	126	20	77.984116	Αξανασίου
5	1	15	2	2	5	399	1922	99	22	49.854622	ζάχαρη.
3	1	15	3	0	0	58	1957	717	90	-1	
4	1	15	3	1	0	58	1957	715	23	-1	
5	1	15	3	1	1	58	1957	153	19	9.853699	ΜΕΓΑΛΟ
5	1	15	3	1	2	228	1957	78	23	93.299736	γλέντι
5	1	15	3	1	3	319	1957	117	22	70.836029	«βγάνωσε
5	1	15	3	1	4	453	1961	38	18	87.939980	της
5	1	15	3	1	5	507	1957	117	23	82.416718	Παναγίας
5	1	15	3	1	6	634	1961	39	15	28.330437	σπα
5	1	15	3	1	7	708	1957	65	22	64.032623	Πηγή
4	1	15	3	2	0	59	1992	716	24	-1	
5	1	15	3	2	1	59	1993	106	23	76.535324	Κάρδαρη
5	1	15	3	2	2	178	1998	38	14	92.569138	στο
5	1	15	3	2	3	230	1993	133	19	29.303291	ΚΑΣΙΤΟΡΙ
5	1	15	3	2	4	373	1998	15	13	94.553795	ο
5	1	15	3	2	5	404	1993	113	22	14.912247	Σύλλογος
5	1	15	3	2	6	528	1992	185	23	24.980118	Βερευοδημοτών
5	1	15	3	2	7	743	1993	32	18	59.875435	«Ὁ
4	1	15	3	3	0	60	2029	232	18	-1	
5	1	15	3	3	1	60	2029	232	18	18.992447	ΠΕΙΝΟΚΦΟΕΚΑΣ».
3	1	15	4	0	0	58	2063	717	95	-1	
4	1	15	4	1	0	58	2063	716	22	-1	
5	1	15	4	1	1	58	2064	115	18	44.459068	--ΕΑΤΕΣ
5	1	15	4	1	2	181	2064	44	18	79.699821	απὀ
5	1	15	4	1	3	238	2068	43	16	96.498360	την
5	1	15	4	1	4	292	2064	96	18	33.990257	πλατεία
5	1	15	4	1	5	400	2064	44	21	86.716461	Αν.
5	1	15	4	1	6	453	2063	125	20	35.911339	Ἀξανασίου
5	1	15	4	1	7	590	2063	184	22	58.420212	εγκαταστόάθηνε
4	1	15	4	2	0	60	2097	715	25	-1	
5	1	15	4	2	1	60	2105	12	13	24.244492	9
5	1	15	4	2	2	83	2099	142	23	89.020576	σιδηρευργές
5	1	15	4	2	3	238	2099	97	23	95.651680	Γιάννης
5	1	15	4	2	4	346	2099	120	19	34.927856	Βασιλείου
5	1	15	4	2	5	474	2098	96	23	42.445595	γαµάρός
5	1	15	4	2	6	584	2103	39	13	94.664505	του
5	1	15	4	2	7	633	2098	55	24	34.028122	Χαρ.
5	1	15	4	2	8	701	2097	74	23	23.653091	Σούρ
4	1	15	4	3	0	59	2133	421	25	-1	
5	1	15	4	3	1	59	2136	34	17	40.557636	δα.
5	1	15	4	3	2	106	2135	45	19	88.095924	Τευ
5	1	15	4	3	3	162	2135	111	23	40.829491	ευχόμεξχ
5	1	15	4	3	4	287	2135	93	19	7.704071	ανοδική
5	1	15	4	3	5	393	2133	87	24	59.822464	πορείο,
3	1	15	5	0	0	58	2161	717	174	-1	
4	1	15	5	1	0	58	2161	714	32	-1	
5	1	15	5	1	1	58	2171	79	17	59.199657	-ΜΕ
5	1	15	5	1	2	152	2171	38	20	96.002800	ΤΗ
5	1	15	5	1	3	206	2171	98	19	81.270187	ΒΡΟΧΗ
5	1	15	5	1	4	312	2161	29	27	84.110336	το
5	1	15	5	1	5	356	2157	87	42	34.409454	γήπεδς
5	1	15	5	1	6	453	2157	46	42	91.402008	στη
5	1	15	5	1	7	521	2169	83	21	0.000000	«λάκκα
5	1	15	5	1	8	630	2169	142	24	1.267746	πλημμύρεσε,
4	1	15	5	2	0	59	2205	714	24	-1	
5	1	15	5	2	1	59	2210	43	19	96.625046	στις
5	1	15	5	2	2	116	2206	115	23	76.781548	Επισκευές
5	1	15	5	2	3	240	2211	43	14	94.259216	που
5	1	15	5	2	4	295	2206	28	18	63.870312	8ο:
5	1	15	5	2	5	333	2205	79	23	88.160034	γίνευν
5	1	15	5	2	6	423	2205	56	19	80.118454	δέον
5	1	15	5	2	7	488	2209	30	15	69.967117	νο
5	1	15	5	2	8	528	2205	60	19	27.174210	δοθεί
5	1	15	5	2	9	601	2205	90	23	36.185669	ελορρά
5	1	15	5	2	10	701	2205	72	20	83.677063	κλίση.
4	1	15	5	3	0	60	2235	707	34	-1	
5	1	15	5	3	1	60	2235	95	25	0.000000	«ΣΤΟ
5	1	15	5	3	2	162	2241	133	22	46.089973	ΚΑΣΤΟΡΗ
5	1	15	5	3	3	308	2246	19	16	53.450920	πι
5	1	15	5	3	4	341	2241	157	23	41.097458	συµταξιεύχος
5	1	15	5	3	5	511	2241	143	26	16.730621	λιριειάρχίης
5	1	15	5	3	6	663	2243	26	23	4.250534	νο;
5	1	15	5	3	7	703	2240	64	29	32.490662	Νωφή
4	1	15	5	4	0	59	2276	716	24	-1	
5	1	15	5	4	1	59	2277	164	23	0.000000	Δημητροσιόσιη
5	1	15	5	4	2	236	2277	109	23	45.201599	ανεγήρει
5	1	15	5	4	3	360	2277	42	18	77.365448	νκό
5	1	15	5	4	4	413	2282	38	13	87.536201	τευ
5	1	15	5	4	5	469	2276	130	23	55.634163	Πρεδρόμου
5	1	15	5	4	6	608	2278	40	18	77.693726	καν
5	1	15	5	4	7	661	2276	114	21	12.283005	Βαπτιστή
4	1	15	5	5	0	60	2315	107	20	-1	
5	1	15	5	5	1	60	2315	95	20	45.735111	Ιωάννη.
5	1	15	5	5	2	165	2330	2	4	59.008789	,
3	1	15	6	0	0	58	2349	716	168	-1	
4	1	15	6	1	0	58	2349	716	28	-1	
5	1	15	6	1	1	58	2362	25	4	57.810097	--
5	1	15	6	1	2	94	2351	57	20	91.964188	ΣΤΗ
5	1	15	6	1	3	167	2351	97	19	78.722649	ΒΡΥΣΗ
5	1	15	6	1	4	276	2355	38	14	68.880272	του
5	1	15	6	1	5	331	2351	117	26	89.765961	Παράσχη,
5	1	15	6	1	6	455	2350	127	20	80.145737	ανατολικά
5	1	15	6	1	7	594	2354	40	16	56.657639	του
5	1	15	6	1	8	645	2349	90	24	89.966736	ὄρόμου,
5	1	15	6	1	9	747	2355	27	15	78.794701	πο
4	1	15	6	2	0	60	2386	714	26	-1	
5	1	15	6	2	1	60	2388	151	21	34.543243	ποβετήξηκαν
5	1	15	6	2	2	224	2393	38	13	76.351639	στο
5	1	15	6	2	3	274	2387	59	25	49.306507	ῥέμο
5	1	15	6	2	4	344	2387	77	23	86.155708	οχετοί
5	1	15	6	2	5	433	2387	101	23	28.196877	μεγάλης
5	1	15	6	2	6	543	2386	126	24	34.636978	διαμέτρου,
5	1	15	6	2	7	682	2391	24	13	64.980362	ὃν
5	1	15	6	2	8	715	2387	59	19	8.530083	οπιοί-
4	1	15	6	3	0	58	2422	714	24	-1	
5	1	15	6	3	1	58	2429	14	13	35.772697	Φ
5	1	15	6	3	2	88	2424	33	18	41.859962	ἵνα
5	1	15	6	3	3	134	2423	183	23	0.000000	επιχωματωξσύν
5	1	15	6	3	4	327	2428	39	14	62.599693	χο
5	1	15	6	3	5	382	2423	28	19	45.753983	8
5	1	15	6	3	6	421	2423	155	22	17.509308	δηµιουρνηβεί
5	1	15	6	3	7	591	2423	71	22	90.132294	χώρος
5	1	15	6	3	8	689	2422	83	23	30.149628	ανοφυ-
4	1	15	6	4	0	60	2458	714	24	-1	
5	1	15	6	4	1	60	2460	40	22	91.010193	χής
5	1	15	6	4	2	116	2463	38	14	80.686356	και
5	1	15	6	4	3	170	2459	111	23	92.159439	ευρύχωρο
5	1	15	6	4	4	294	2459	119	23	0.000000	πάρµινγνι,
5	1	15	6	4	5	429	2463	25	14	89.153137	τὸ
5	1	15	6	4	6	465	2454	43	32	40.556202	ἰδιο
5	1	15	6	4	7	513	2458	161	22	35.382736	προθλέπεταιν
5	1	15	6	4	8	685	2462	40	16	62.188156	νο
5	1	15	6	4	9	735	2463	39	15	57.644737	στο
4	1	15	6	5	0	58	2495	180	22	-1	
5	1	15	6	5	1	58	2495	180	22	8.051872	Κοαρθευνέρεµα.
2	1	16	0	0	0	61	2548	713	7	-1	
3	1	16	1	0	0	61	2548	713	7	-1	
4	1	16	1	1	0	61	2548	713	7	-1	
5	1	16	1	1	1	61	2548	713	7	95.000000	 
2	1	17	0	0	0	467	2571	292	39	-1	
3	1	17	1	0	0	467	2571	292	39	-1	
4	1	17	1	1	0	467	2571	292	39	-1	
5	1	17	1	1	1	467	2571	15	39	0.000000	ᾗ
5	1	17	1	1	2	493	2571	145	39	13.554001	ΝΟΙΛΡΧΗΣ
5	1	17	1	1	3	650	2571	109	38	0.000000	ΛΛΛΤΑΣ
2	1	18	0	0	0	431	2619	358	308	-1	
3	1	18	1	0	0	431	2619	358	308	-1	
4	1	18	1	1	0	462	2619	327	29	-1	
5	1	18	1	1	1	462	2619	22	21	28.240379	ὁ
5	1	18	1	1	2	503	2619	18	22	87.033035	Ο
5	1	18	1	1	3	545	2621	96	27	32.007126	λαμπρὸς
5	1	18	1	1	4	672	2620	117	28	35.302544	Νομάρχης
4	1	18	1	2	0	434	2654	351	27	-1	
5	1	18	1	2	1	434	2654	85	26	50.971188	Αχαΐας
5	1	18	1	2	2	531	2662	19	12	57.285465	κ.
5	1	18	1	2	3	583	2655	71	26	0.000000	Μήνης
5	1	18	1	2	4	672	2655	113	25	49.809757	Ἠανταζῆς
4	1	18	1	3	0	433	2688	353	26	-1	
5	1	18	1	3	1	433	2688	81	26	91.079460	πέρασε
5	1	18	1	3	2	530	2688	116	26	7.530548	ευχάριστα
5	1	18	1	3	3	660	2695	30	17	92.184723	τις
5	1	18	1	3	4	718	2689	68	19	0.000000	δισκο-
4	1	18	1	4	0	431	2721	358	28	-1	
5	1	18	1	4	1	431	2722	37	24	93.121063	πὲς
5	1	18	1	4	2	480	2728	36	14	87.436775	στο
5	1	18	1	4	3	527	2723	68	25	22.262764	χωριό
5	1	18	1	4	4	608	2729	35	13	61.012871	του
5	1	18	1	4	5	654	2729	23	13	71.244774	νο
5	1	18	1	4	6	686	2721	103	28	88.315598	Καστὸρ.,
4	1	18	1	5	0	433	2757	355	28	-1	
5	1	18	1	5	1	433	2757	96	27	75.862190	ανάμεσα,
5	1	18	1	5	2	544	2764	23	13	96.661263	σε
5	1	18	1	5	3	584	2757	118	27	59.940395	συγγενείς,
5	1	18	1	5	4	715	2757	73	28	86.322784	φίλους
4	1	18	1	6	0	431	2792	357	28	-1	
5	1	18	1	6	1	431	2799	37	14	63.318863	και
5	1	18	1	6	2	481	2793	166	27	63.964798	συγχωριανούς.
5	1	18	1	6	3	678	2792	44	21	40.850067	αι
5	1	18	1	6	4	737	2793	51	27	82.153030	χθὲς
4	1	18	1	7	0	432	2828	355	27	-1	
5	1	18	1	7	1	432	2828	129	27	64.951561	αναχώρήσε
5	1	18	1	7	2	573	2835	38	20	93.384331	για
5	1	18	1	7	3	622	2835	38	20	76.208694	την
5	1	18	1	7	4	677	2828	52	27	89.803337	ἔδρα
5	1	18	1	7	5	743	2835	44	18	83.653198	τω,
4	1	18	1	8	0	433	2863	351	28	-1	
5	1	18	1	8	1	433	2870	38	20	95.582893	την
5	1	18	1	8	2	488	2863	84	28	92.544662	Πάτρα.
5	1	18	1	8	3	591	2863	18	21	73.110474	Ο
5	1	18	1	8	4	621	2870	21	14	90.360771	κ.
5	1	18	1	8	5	659	2863	24	21	92.071114	Δ.
5	1	18	1	8	6	701	2863	83	23	34.582245	Παντα-
4	1	18	1	9	0	433	2899	355	28	-1	
5	1	18	1	9	1	433	2899	38	27	47.494392	ζής
5	1	18	1	9	2	483	2900	54	21	93.272980	εἶναι
5	1	18	1	9	3	548	2900	56	21	64.813004	χατὰ
5	1	18	1	9	4	619	2900	60	26	24.877518	κοινή
5	1	18	1	9	5	695	2901	93	26	37.641968	ανοαγνώ-
2	1	19	0	0	0	87	2556	301	54	-1	
3	1	19	1	0	0	87	2556	301	54	-1	
4	1	19	1	1	0	87	2556	301	54	-1	
5	1	19	1	1	1	87	2572	144	38	0.000000	ΣΤΕῴΛΝΑΣ
5	1	19	1	1	2	242	2556	26	54	39.284016	[,
5	1	19	1	1	3	277	2556	111	54	0.000000	ΠΛΤΣΗΣ
2	1	20	0	0	0	76	2628	338	342	-1	
3	1	20	1	0	0	76	2628	338	342	-1	
4	1	20	1	1	0	76	2628	338	342	-1	
5	1	20	1	1	1	76	2628	338	342	95.000000	 
2	1	21	0	0	0	802	897	1	12	-1	
3	1	21	1	0	0	802	897	1	12	-1	
4	1	21	1	1	0	802	897	1	12	-1	
5	1	21	1	1	1	802	897	1	12	95.000000	 
2	1	22	0	0	0	687	897	112	30	-1	
3	1	22	1	0	0	687	897	112	30	-1	
4	1	22	1	1	0	687	897	112	30	-1	
5	1	22	1	1	1	687	902	95	25	18.369583	αυζύγιου
5	1	22	1	1	2	797	897	2	2	68.958115	|
2	1	23	0	0	0	433	2935	381	27	-1	
3	1	23	1	0	0	433	2935	381	27	-1	
4	1	23	1	1	0	433	2935	381	27	-1	
5	1	23	1	1	1	433	2942	49	20	75.764954	ριση
5	1	23	1	1	2	494	2935	48	24	64.045746	ἔνας
5	1	23	1	1	3	556	2936	42	20	48.886852	'απὀὸ
5	1	23	1	1	4	613	2942	46	16	87.959343	τοὺς
5	1	23	1	1	5	673	2935	35	21	71.955902	πιὸ
5	1	23	1	1	6	723	2941	66	15	0.000000	επιτυ-ᾗ
2	1	24	0	0	0	56	2975	359	354	-1	
3	1	24	1	0	0	56	2975	359	354	-1	
4	1	24	1	1	0	88	2975	326	29	-1	
5	1	24	1	1	1	88	2976	18	22	89.478149	Ο
5	1	24	1	1	2	118	2977	108	27	92.826637	Στέφανος
5	1	24	1	1	3	239	2976	30	20	41.516197	Π.
5	1	24	1	1	4	286	2975	92	24	91.312286	Πάτσιος
5	1	24	1	1	5	393	2983	21	13	77.243576	α-
4	1	24	1	2	0	59	3013	355	27	-1	
5	1	24	1	2	1	59	3013	76	27	88.075966	δελφός
5	1	24	1	2	2	150	3019	37	13	92.275444	του
5	1	24	1	2	3	199	3013	125	26	0.000000	αξίμνηστου
5	1	24	1	2	4	355	3018	59	20	79.045242	αρχι-
4	1	24	1	3	0	59	3047	353	30	-1	
5	1	24	1	3	1	59	3049	112	28	43.893089	μαγδρίτου
5	1	24	1	3	2	186	3047	117	28	42.864384	Σεραφείμ.,
5	1	24	1	3	3	320	3047	92	27	85.929001	γεννήθη
4	1	24	1	4	0	56	3082	358	29	-1	
5	1	24	1	4	1	56	3086	25	20	86.198914	χε
5	1	24	1	4	2	94	3091	36	14	92.631973	στο
5	1	24	1	4	3	142	3083	116	28	74.063560	Γεωργίτοι
5	1	24	1	4	4	273	3090	23	13	95.287483	το
5	1	24	1	4	5	308	3082	65	25	84.426422	1915,
5	1	24	1	4	6	390	3089	24	21	50.278286	εγ
4	1	24	1	5	0	58	3117	350	29	-1	
5	1	24	1	5	1	58	3120	149	26	52.913658	κατασπάθηκε
5	1	24	1	5	2	225	3125	50	21	95.977280	στην
5	1	24	1	5	3	290	3117	78	28	77.141228	Ἀθήνα
5	1	24	1	5	4	383	3124	25	15	82.032257	το
4	1	24	1	6	0	60	3153	350	30	-1	
5	1	24	1	6	1	60	3155	65	26	79.087418	1996,
5	1	24	1	6	2	138	3155	145	28	80.921989	παντρεύτηκε
5	1	24	1	6	3	296	3161	23	13	94.585716	το
5	1	24	1	6	4	346	3153	64	22	89.870399	1941.
4	1	24	1	7	0	58	3189	357	31	-1	
5	1	24	1	7	1	58	3193	34	21	96.379814	Με
5	1	24	1	7	2	103	3199	40	21	93.279816	την
5	1	24	1	7	3	159	3191	90	28	63.177383	σὐζυγὸν
5	1	24	1	7	4	263	3198	35	14	92.818604	του
5	1	24	1	7	5	314	3189	101	29	60.779099	Δικατερὶ
4	1	24	1	8	0	57	3227	357	31	-1	
5	1	24	1	8	1	57	3236	39	22	90.751305	γην
5	1	24	1	8	2	108	3228	77	27	82.102783	ζούσαν
5	1	24	1	8	3	198	3236	32	18	93.255470	εις
5	1	24	1	8	4	240	3227	123	24	39.033287	Καλλιθέαν
5	1	24	1	8	5	377	3235	37	15	6.723389	και
4	1	24	1	9	0	60	3265	351	56	-1	
5	1	24	1	9	1	60	3266	121	26	63.409943	απέκτησαν
5	1	24	1	9	2	196	3265	12	21	82.882141	ὃ
5	1	24	1	9	3	201	3265	147	56	37.338356	..-
5	1	24	1	9	4	370	3266	41	51	19.430656	ἴδη
4	1	24	1	10	0	58	3307	139	22	-1	
5	1	24	1	10	1	58	3301	139	28	52.985634	παντρεµένες
2	1	25	0	0	0	62	3354	353	65	-1	
3	1	25	1	0	0	62	3354	353	65	-1	
4	1	25	1	1	0	89	3354	326	28	-1	
5	1	25	1	1	1	89	3354	68	22	36.307735	ταν
5	1	25	1	1	2	170	3355	104	27	83.387466	ανώτερος
5	1	25	1	1	3	297	3354	118	28	70.873291	υπάλληλος
4	1	25	1	2	0	62	3390	350	29	-1	
5	1	25	1	2	1	62	3398	37	21	70.195511	πης
5	1	25	1	2	2	112	3391	112	27	78.832932	Ἐπαιρείας
5	1	25	1	2	3	236	3390	76	22	12.681381	ΣΕΛΔ
5	1	25	1	2	4	341	3391	71	24	66.904884	καθώς
2	1	26	0	0	0	431	2971	359	205	-1	
3	1	26	1	0	0	431	2971	359	205	-1	
4	1	26	1	1	0	432	2971	355	27	-1	
5	1	26	1	1	1	432	2971	105	27	38.428917	χημένους
5	1	26	1	1	2	549	2971	105	27	82.144852	νομάρχες
5	1	26	1	1	3	666	2977	37	20	93.289764	της
5	1	26	1	1	4	719	2971	68	21	89.365570	τελευ-
4	1	26	1	2	0	431	3005	359	26	-1	
5	1	26	1	2	1	427	3001	63	34	44.469025	ταΐας
5	1	26	1	2	2	498	3005	111	26	21.854935	 εξωθτίας.
5	1	26	1	2	3	640	3005	42	21	6.128784	αι
5	1	26	1	2	4	697	3006	46	20	88.670074	ὅλοι
5	1	26	1	2	5	770	3013	20	13	63.607517	οἱ
4	1	26	1	3	0	431	3041	357	27	-1	
5	1	26	1	3	1	431	3041	101	25	29.614120	λόκωνες,
5	1	26	1	3	2	547	3041	133	27	40.572170	ανεξάρτητα
5	1	26	1	3	3	689	3042	41	20	92.590515	απὀ
5	1	26	1	3	4	741	3042	47	20	96.863907	πολι
4	1	26	1	4	0	432	3077	356	27	-1	
5	1	26	1	4	1	432	3077	56	23	24.302361	τηκὲς
5	1	26	1	4	2	499	3077	155	27	6.058113	οποθετήσεις,
5	1	26	1	4	3	670	3077	74	27	95.756180	πρέπει
5	1	26	1	4	4	761	3083	27	16	54.597580	να
4	1	26	1	5	0	433	3113	346	27	-1	
5	1	26	1	5	1	433	3113	143	27	27.629417	σεμνυνόμεθα
5	1	26	1	5	2	588	3119	40	20	34.261490	γία
5	1	26	1	5	3	639	3118	25	15	89.463547	το
5	1	26	1	5	4	675	3113	104	27	4.023552	δµαριεπιρυ-
4	1	26	1	6	0	431	3143	341	33	-1	
5	1	26	1	6	1	431	3148	49	28	41.104134	µένο
5	1	26	1	6	2	495	3149	51	21	53.140491	αυτὸ
5	1	26	1	6	3	561	3143	148	33	71.645859	συμπατριώτη
5	1	26	1	6	4	722	3156	50	20	0.000000	ας.
2	1	27	0	0	0	679	3190	99	12	-1	
3	1	27	1	0	0	679	3190	99	12	-1	
4	1	27	1	1	0	679	3190	99	12	-1	
5	1	27	1	1	1	679	3190	99	12	0.000000	-μ-
2	1	28	0	0	0	433	3208	353	27	-1	
3	1	28	1	0	0	433	3208	353	27	-1	
4	1	28	1	1	0	433	3208	353	27	-1	
5	1	28	1	1	1	433	3215	34	16	52.989685	Χαν
5	1	28	1	1	2	480	3208	176	26	0.000000	συνλικαλιστικὸς
5	1	28	1	1	3	673	3209	113	26	94.757950	υπεύθυνος
2	1	29	0	0	0	449	3193	89	8	-1	
3	1	29	1	0	0	449	3193	89	8	-1	
4	1	29	1	1	0	449	3193	89	8	-1	
5	1	29	1	1	1	449	3193	89	8	95.000000	 
2	1	30	0	0	0	459	3244	1	27	-1	
3	1	30	1	0	0	459	3244	1	27	-1	
4	1	30	1	1	0	459	3244	1	27	-1	
5	1	30	1	1	1	459	3244	1	27	95.000000	 
2	1	31	0	0	0	429	3247	358	94	-1	
3	1	31	1	0	0	431	3247	356	94	-1	
4	1	31	1	1	0	433	3247	352	28	-1	
5	1	31	1	1	1	433	3247	158	28	21.118301	δημισυργῆσας
5	1	31	1	1	2	607	3248	125	27	0.000000	επκουρυκά
5	1	31	1	1	3	751	3254	34	15	32.972595	τα-
4	1	31	1	2	0	429	3283	358	28	-1	
5	1	31	1	2	1	429	3283	50	28	57.782665	μεία
5	1	31	1	2	2	493	3290	56	20	78.276779	για
5	1	31	1	2	3	557	3291	48	17	82.055878	τους
5	1	31	1	2	4	634	3283	153	28	33.941833	εργαζοιένως
4	1	31	1	3	0	609	3318	173	23	-1	
5	1	31	1	3	1	609	3326	44	21	55.231228	του.
5	1	31	1	3	2	681	3318	101	23	82.124466	Απέθανε
2	1	32	0	0	0	429	3315	149	35	-1	
3	1	32	1	0	0	429	3315	149	35	-1	
4	1	32	1	1	0	429	3315	149	35	-1	
5	1	32	1	1	1	429	3315	149	35	95.000000	 
2	1	33	0	0	0	431	3333	355	79	-1	
3	1	33	1	0	0	431	3333	355	79	-1	
4	1	33	1	1	0	433	3333	353	50	-1	
5	1	33	1	1	1	433	3361	42	18	94.292023	στις
5	1	33	1	1	2	491	3355	29	20	86.243019	94
5	1	33	1	1	3	533	3333	55	49	0.000000	Απρι
5	1	33	1	1	4	585	3355	51	21	44.598816	ελίου
5	1	33	1	1	5	649	3355	55	21	54.114422	1981
5	1	33	1	1	6	722	3363	30	17	93.220627	εις
5	1	33	1	1	7	764	3362	22	21	36.338726	η-
4	1	33	1	2	0	431	3391	182	21	-1	
5	1	33	1	2	1	431	3391	69	21	12.669891	λικίαν
5	1	33	1	2	2	517	3391	27	20	39.590984	Τά
5	1	33	1	2	3	555	3391	58	21	49.272900	ετὠν.
2	1	34	0	0	0	803	287	682	60	-1	
3	1	34	1	0	0	803	287	682	60	-1	
4	1	34	1	1	0	803	287	682	60	-1	
5	1	34	1	1	1	803	304	5	43	0.000000	Ι.
5	1	34	1	1	2	869	287	39	39	81.532242	Ἡ
5	1	34	1	1	3	929	287	192	51	64.465088	τόνωσπ
5	1	34	1	1	4	1143	300	87	28	93.296394	του
5	1	34	1	1	5	1251	288	234	52	58.006378	υπαίδρου
2	1	35	0	0	0	803	344	680	32	-1	
3	1	35	1	0	0	803	344	680	32	-1	
4	1	35	1	1	0	803	344	680	32	-1	
5	1	35	1	1	1	803	347	6	29	80.798225	]
5	1	35	1	1	2	883	344	46	26	29.604477	Σαν)
5	1	35	1	1	3	939	345	137	28	26.838158	παρὰγανπας
5	1	35	1	1	4	1091	353	38	20	74.721352	της
5	1	35	1	1	5	1138	347	136	27	0.000000	Ιοἱριονομωκὴῆς
5	1	35	1	1	6	1287	354	42	20	24.256279	µας
5	1	35	1	1	7	1339	348	123	27	0.000000	ονόποξης
5	1	35	1	1	8	1479	356	4	2	84.385460	-
2	1	36	0	0	0	812	391	715	210	-1	
3	1	36	1	0	0	812	391	715	210	-1	
4	1	36	1	1	0	837	391	689	32	-1	
5	1	36	1	1	1	837	391	62	25	58.324081	Ἔνας
5	1	36	1	1	2	916	392	134	27	13.043526	πχράγοντχς
5	1	36	1	1	3	1065	393	93	28	41.179317	αοβαρός
5	1	36	1	1	4	1175	392	48	30	68.941177	(που
5	1	36	1	1	5	1238	387	80	34	68.167953	οφείλει
5	1	36	1	1	6	1330	399	22	22	73.000717	η
5	1	36	1	1	7	1361	394	121	29	45.842838	χωβέρνηση
5	1	36	1	1	8	1499	403	27	14	94.035172	να
4	1	36	1	2	0	813	427	711	32	-1	
5	1	36	1	2	1	813	427	58	27	92.641159	λάβει
5	1	36	1	2	2	887	428	33	20	89.558800	υπ᾿
5	1	36	1	2	3	936	428	46	27	88.890656	ὀψη
5	1	36	1	2	4	997	427	60	28	80.096657	της),
5	1	36	1	2	5	1070	428	130	28	96.238373	χαλάρωσης
5	1	36	1	2	6	1213	435	39	27	86.528305	της
5	1	36	1	2	7	1264	430	90	27	87.903008	ἔντασης
5	1	36	1	2	8	1369	437	37	20	45.107460	τῆς
5	1	36	1	2	9	1423	438	101	21	7.476273	οὔκογοµα-
4	1	36	1	3	0	813	464	707	33	-1	
5	1	36	1	3	1	813	462	39	27	89.459946	κῆς
5	1	36	1	3	2	867	463	84	27	73.608467	κρίσης,
5	1	36	1	3	3	968	468	38	16	48.346069	πο
5	1	36	1	3	4	1021	464	96	27	28.148582	μαιστίζει
5	1	36	1	3	5	1133	472	28	19	73.471771	τη
5	1	36	1	3	6	1171	464	63	27	60.835766	χώρα
5	1	36	1	3	7	1243	472	45	23	33.939651	µαις
5	1	36	1	3	8	1298	466	57	21	58.731148	εἶναι.
5	1	36	1	3	9	1369	473	23	19	54.845463	κα
5	1	36	1	3	10	1404	473	14	20	78.833054	Ἡ
5	1	36	1	3	11	1435	467	85	30	90.153320	τόνωση
4	1	36	1	4	0	812	496	713	36	-1	
5	1	36	1	4	1	812	505	35	14	0.000000	χο
5	1	36	1	4	2	863	499	118	28	0.000000	πρεώθησι,
5	1	36	1	4	3	993	506	37	26	92.460274	της
5	1	36	1	4	4	1045	496	121	31	45.578960	Αγροτωκής
5	1	36	1	4	5	1180	498	135	30	25.673218	Οιονομύας,
5	1	36	1	4	6	1329	501	55	22	42.775707	κατὰ
5	1	36	1	4	7	1403	502	122	28	8.194016	πρατεραιό-
4	1	36	1	5	0	813	533	714	32	-1	
5	1	36	1	5	1	813	541	59	20	11.734840	τητα.
5	1	36	1	5	2	888	533	59	29	39.484478	Αυτῇ
5	1	36	1	5	3	963	542	13	20	95.786346	η
5	1	36	1	5	4	988	535	38	22	81.294067	νέα
5	1	36	1	5	5	1039	535	87	28	87.002106	χάραξη
5	1	36	1	5	6	1135	536	110	27	0.000000	πολινωοής
5	1	36	1	5	7	1261	536	142	29	52.305454	οπρατηγικής
5	1	36	1	5	8	1417	538	26	20	69.077560	θα
5	1	36	1	5	9	1457	538	70	27	84.603340	επιφὲ-
4	1	36	1	6	0	813	569	713	32	-1	
5	1	36	1	6	1	813	577	30	20	25.085052	ρει
5	1	36	1	6	2	859	569	137	29	78.230133	οπωσδήποτε
5	1	36	1	6	3	1009	572	150	27	17.608749	αμαβέρµανση
5	1	36	1	6	4	1174	577	36	17	91.690323	του
5	1	36	1	6	5	1223	572	161	28	0.000000	Ἀνδιαφέρονπος
5	1	36	1	6	6	1397	579	41	16	91.227997	των
5	1	36	1	6	7	1463	580	63	21	77.773727	χωρι-
2	1	37	0	0	0	803	605	723	32	-1	
3	1	37	1	0	0	803	605	723	32	-1	
4	1	37	1	1	0	803	605	723	32	-1	
5	1	37	1	1	1	803	606	51	21	30.873337	[κῶν
5	1	37	1	1	2	876	605	29	28	26.183311	(κ
5	1	37	1	1	3	918	607	72	20	46.126747	αυτών,
5	1	37	1	1	4	1003	607	71	27	9.995506	ορόµα,
5	1	37	1	1	5	1083	614	41	14	73.229935	τω»
5	1	37	1	1	6	1139	607	101	28	39.187363	μετοίχων
5	1	37	1	1	7	1253	615	39	20	55.372429	στη
5	1	37	1	1	8	1305	608	147	28	84.311279	πρωτεύουσα)
5	1	37	1	1	9	1461	616	65	21	38.042328	,προς
2	1	38	0	0	0	812	642	714	30	-1	
3	1	38	1	0	0	812	642	714	30	-1	
4	1	38	1	1	0	812	642	714	30	-1	
5	1	38	1	1	1	812	648	30	17	72.975685	τις
5	1	38	1	1	2	855	642	111	27	57.644745	αγροτωκές
5	1	38	1	1	3	979	642	109	27	84.763527	ασχολίες.
5	1	38	1	1	4	1102	642	89	25	93.005623	Τελικά,
5	1	38	1	1	5	1202	644	36	27	82.978683	εφ᾽
5	1	38	1	1	6	1253	644	49	21	64.559425	ὁσον
5	1	38	1	1	7	1311	651	25	14	92.162506	το
5	1	38	1	1	8	1350	643	125	29	0.744904	ενδιαφἑρον
5	1	38	1	1	9	1491	650	35	15	96.219833	του
2	1	39	0	0	0	812	666	728	55	-1	
3	1	39	1	0	0	812	666	728	55	-1	
4	1	39	1	1	0	812	666	728	55	-1	
5	1	39	1	1	1	812	677	92	27	17.556808	κράποως
5	1	39	1	1	2	919	685	51	20	18.333389	προς
5	1	39	1	1	3	986	684	37	15	94.651192	τον
5	1	39	1	1	4	1039	674	81	43	85.385193	αγρότη
5	1	39	1	1	5	1129	679	122	27	62.401600	αποδειχτεί
5	1	39	1	1	6	1267	680	95	27	27.525742	ενεργὀν,
5	1	39	1	1	7	1373	680	113	27	39.207237	ευλωκρωνές
5	1	39	1	1	8	1502	687	21	14	59.985931	κι
5	1	39	1	1	9	1534	666	6	55	79.414932	|
2	1	40	0	0	0	801	712	739	828	-1	
3	1	40	1	0	0	803	712	737	239	-1	
4	1	40	1	1	0	812	712	728	31	-1	
5	1	40	1	1	1	812	712	93	28	26.003532	ἔπρακτο
5	1	40	1	1	2	915	720	37	15	64.758896	χαυ
5	1	40	1	1	3	959	713	87	28	88.067474	περάσει
5	1	40	1	1	4	1062	714	41	21	89.843857	απὀ
5	1	40	1	1	5	1113	713	78	25	33.020370	ἀλλους
5	1	40	1	1	6	1207	714	89	28	68.913437	δρόμους
5	1	40	1	1	7	1306	716	36	20	31.781837	πιὀὸ
5	1	40	1	1	8	1364	712	176	31	36.949276	ρηξυκέλευθρυς
5	1	40	1	1	9	1529	708	14	39	44.228683	|
4	1	40	1	2	0	803	749	723	30	-1	
5	1	40	1	2	1	803	749	45	20	85.644783	Γκαν
5	1	40	1	2	2	860	750	204	27	37.616913	πρωταπορειωούς,
5	1	40	1	2	3	1077	749	41	26	78.766357	ἐξω
5	1	40	1	2	4	1128	750	42	22	90.714226	απὀ
5	1	40	1	2	5	1182	757	30	17	93.303276	τις
5	1	40	1	2	6	1223	751	150	27	0.000000	ρουπωπέρυχες
5	1	40	1	2	7	1384	752	106	27	75.104561	τωχτικές,
5	1	40	1	2	8	1500	752	26	19	83.279976	θα,
4	1	40	1	3	0	813	783	709	31	-1	
5	1	40	1	3	1	813	784	76	22	7.341309	σπάσεμ
5	1	40	1	3	2	901	784	78	21	32.320663	κάπαπε
5	1	40	1	3	3	995	791	23	14	96.230812	το
5	1	40	1	3	4	1031	785	93	28	46.045013	πάγωμα,
5	1	40	1	3	5	1133	783	41	30	53.257370	τῆς
5	1	40	1	3	6	1185	786	126	27	50.850262	αστοφιλίας
5	1	40	1	3	7	1325	792	37	15	37.973366	και
5	1	40	1	3	8	1393	787	129	27	59.080654	ενδεχόμενα
4	1	40	1	4	0	814	820	707	29	-1	
5	1	40	1	4	1	814	826	27	14	18.327637	Υὰ
5	1	40	1	4	2	851	820	127	27	46.880131	προκαλέσει
5	1	40	1	4	3	993	821	39	26	30.627731	µιὰ
5	1	40	1	4	4	1047	821	79	20	0.000000	κάποια,
5	1	40	1	4	5	1137	822	57	26	43.738953	τάση]
5	1	40	1	4	6	1207	822	129	27	30.675209	επιστροφής
5	1	40	1	4	7	1345	828	45	15	74.647568	πων.
5	1	40	1	4	8	1401	822	120	27	61.705231	αποδήμων.
4	1	40	1	5	0	804	853	722	32	-1	
5	1	40	1	5	1	804	859	53	20	39.287334	ἴατις
5	1	40	1	5	2	871	856	72	24	94.501404	πόλεις
5	1	40	1	5	3	957	863	53	20	95.996475	προς
5	1	40	1	5	4	1023	863	47	17	85.968063	τους
5	1	40	1	5	5	1086	857	125	26	27.289536	αγρατικοὺς
5	1	40	1	5	6	1223	853	48	28	79.341095	τους
5	1	40	1	5	7	1284	858	100	27	19.294060	χλήρωυς.
5	1	40	1	5	8	1397	856	129	29	48.208271	Οπωσδήπο-
4	1	40	1	6	0	843	890	683	55	-1	
5	1	40	1	6	1	843	890	67	26	53.252098	όμως,
5	1	40	1	6	2	923	891	30	20	42.400505	-θᾳ
5	1	40	1	6	3	960	891	54	26	74.283981	γίνει
5	1	40	1	6	4	1027	886	133	37	57.585449	συνπελειστής
5	1	40	1	6	5	1172	886	148	37	2.254684	ανηκαήπησης,
5	1	40	1	6	6	1328	893	198	52	0.000000	µὉμ--ᾱ
4	1	40	1	7	0	813	926	379	25	-1	
5	1	40	1	7	1	813	924	101	26	50.617630	ρεύματος
5	1	40	1	7	2	925	932	51	19	96.002617	προς
5	1	40	1	7	3	991	931	31	17	93.278290	τις
5	1	40	1	7	4	1031	926	161	25	13.684578	μδγαλοπόλεις.
3	1	40	2	0	0	801	958	726	420	-1	
4	1	40	2	1	0	842	958	685	31	-1	
5	1	40	2	1	1	842	958	45	21	83.479767	Μιά
5	1	40	2	1	2	903	959	99	28	26.228455	ρωμαλέα
5	1	40	2	1	3	1015	967	23	13	76.910568	κι
5	1	40	2	1	4	1052	960	165	27	30.687813	εκλογΏνευµένη
5	1	40	2	1	5	1227	962	103	27	5.285431	αγροτική
5	1	40	2	1	6	1343	961	95	28	59.447525	πολιτική
5	1	40	2	1	7	1452	962	75	27	80.517235	θαπρο
4	1	40	2	2	0	811	994	716	31	-1	
5	1	40	2	2	1	811	994	87	21	0.000000	Χαλέσε,
5	1	40	2	2	2	909	995	82	27	58.840324	τόνωση
5	1	40	2	2	3	1007	1002	37	21	32.134995	Όης
5	1	40	2	2	4	1055	996	135	28	42.916622	ουχολοµωκῆς
5	1	40	2	2	5	1201	996	57	27	71.753815	ζωής
5	1	40	2	2	6	1271	1003	38	21	79.480095	της
5	1	40	2	2	7	1319	997	112	27	93.702484	επαρχίας,
5	1	40	2	2	8	1447	1004	27	21	76.754700	µε
5	1	40	2	2	9	1488	1003	39	21	20.986259	την
4	1	40	2	3	0	814	1030	707	31	-1	
5	1	40	2	3	1	814	1030	82	27	32.412170	αὐξηση
5	1	40	2	3	2	911	1038	38	20	57.391045	της
5	1	40	2	3	3	965	1032	205	27	47.905594	παραγωγυκὀτηπὰς
5	1	40	2	3	4	1186	1039	46	20	85.291557	της.
5	1	40	2	3	5	1244	1031	59	29	89.094353	Αυτή
5	1	40	2	3	6	1319	1034	28	20	41.736809	θα
5	1	40	2	3	7	1357	1033	107	28	0.000000	προχύφει
5	1	40	2	3	8	1485	1040	36	20	90.718971	φυ-
4	1	40	2	4	0	813	1062	711	33	-1	
5	1	40	2	4	1	813	1066	110	27	67.371460	ανολογωκά
5	1	40	2	4	2	939	1067	41	20	88.076584	απὀ
5	1	40	2	4	3	994	1074	26	13	93.171638	το
5	1	40	2	4	4	1031	1067	107	27	13.402466	πλάταυμα
5	1	40	2	4	5	1149	1062	42	32	85.492622	της
5	1	40	2	4	6	1202	1068	168	27	81.376190	εκμετάλλευσης
5	1	40	2	4	7	1381	1074	42	15	86.732475	των
5	1	40	2	4	8	1439	1068	85	21	0.000000	πίνουτο-
4	1	40	2	5	0	812	1097	712	34	-1	
5	1	40	2	5	1	812	1102	158	27	85.093994	παραγωγικών
5	1	40	2	5	2	985	1099	39	30	77.394417	τής
5	1	40	2	5	3	1038	1103	80	26	92.493538	πόρων,
5	1	40	2	5	4	1129	1109	39	21	55.863567	τηλ
5	1	40	2	5	5	1183	1097	112	33	73.292030	εφαρµογή
5	1	40	2	5	6	1307	1103	36	21	45.857426	πιό
5	1	40	2	5	7	1356	1102	168	29	57.921600	συσπηματικὠν,
4	1	40	2	6	0	812	1137	707	32	-1	
5	1	40	2	6	1	812	1137	34	20	54.257397	πιό
5	1	40	2	6	2	863	1138	112	22	0.000000	εηπαπκών
5	1	40	2	6	3	991	1138	97	27	52.293133	μεθόδων
5	1	40	2	6	4	1099	1138	149	27	0.000000	πκλλήέργειας
5	1	40	2	6	5	1258	1146	40	20	96.352264	της
5	1	40	2	6	6	1309	1145	52	24	12.985909	γης,
5	1	40	2	6	7	1374	1139	46	27	93.240402	δηλ.
5	1	40	2	6	8	1437	1140	82	27	41.531120	γευικὸ-
4	1	40	2	7	0	811	1167	714	36	-1	
5	1	40	2	7	1	811	1179	59	20	82.567413	τερα,
5	1	40	2	7	2	885	1179	40	20	73.548264	την
5	1	40	2	7	3	940	1167	114	33	43.787540	ποθέπηση
5	1	40	2	7	4	1069	1179	36	15	93.302071	του
5	1	40	2	7	5	1117	1174	171	27	45.732513	αρθολογιστωιού
5	1	40	2	7	6	1301	1174	116	27	1.713028	πιεύματος
5	1	40	2	7	7	1430	1182	40	21	72.965622	στη
5	1	40	2	7	8	1483	1175	42	22	76.198006	δια-
4	1	40	2	8	0	813	1208	712	30	-1	
5	1	40	2	8	1	813	1208	84	20	0.000000	δωωισία
5	1	40	2	8	2	911	1215	36	20	93.039833	της
5	1	40	2	8	3	959	1209	114	27	45.665085	αγροτωκής
5	1	40	2	8	4	1083	1209	140	28	50.431129	παραγωγῆς.
5	1	40	2	8	5	1238	1209	66	25	81.702538	Ἔπσι,
5	1	40	2	8	6	1314	1217	24	16	96.426773	το
5	1	40	2	8	7	1350	1212	136	26	0.000000	πραγματικό
5	1	40	2	8	8	1499	1218	26	14	74.237701	ει-
4	1	40	2	9	0	813	1244	712	31	-1	
5	1	40	2	9	1	813	1244	81	27	0.000000	σἆδημα
5	1	40	2	9	2	907	1250	43	15	55.661129	πων
5	1	40	2	9	3	963	1244	99	27	24.396057	αγροτών
5	1	40	2	9	4	1079	1245	19	20	85.148827	θ᾽
5	1	40	2	9	5	1110	1244	86	28	94.665611	αυξήσει
5	1	40	2	9	6	1212	1246	118	27	26.369232	σημαντικά
5	1	40	2	9	7	1340	1252	21	14	49.193985	κι
5	1	40	2	9	8	1373	1246	53	21	67.570114	αυτὸ
5	1	40	2	9	9	1441	1247	84	28	35.752716	θαπρο-
4	1	40	2	10	0	802	1279	718	41	-1	
5	1	40	2	10	1	802	1279	94	41	28.823257	[καλέσει
5	1	40	2	10	2	908	1280	124	27	8.646637	αὐπὶστουχα,
5	1	40	2	10	3	1047	1280	85	28	0.000000	ἄνθησηι
5	1	40	2	10	4	1144	1287	37	16	76.343788	που
5	1	40	2	10	5	1191	1281	101	27	53.295746	εμπορίου
5	1	40	2	10	6	1306	1288	41	20	30.671516	της
5	1	40	2	10	7	1361	1282	111	27	78.126923	επαρχίας,
5	1	40	2	10	8	1485	1284	35	27	91.381256	δη-
4	1	40	2	11	0	801	1314	719	49	-1	
5	1	40	2	11	1	801	1314	66	49	0.000000	ἠλαβ
5	1	40	2	11	2	882	1316	105	27	43.385117	αλύψωση
5	1	40	2	11	3	1001	1322	39	20	93.099800	της
5	1	40	2	11	4	1051	1316	133	27	7.172737	ουκονοµωνής
5	1	40	2	11	5	1197	1316	58	30	81.978271	ζωής
5	1	40	2	11	6	1265	1323	39	15	91.569420	του
5	1	40	2	11	7	1329	1316	124	29	39.524727	πληθυσμού
5	1	40	2	11	8	1483	1325	37	17	81.565765	που
4	1	40	2	12	0	801	1345	121	33	-1	
5	1	40	2	12	1	801	1345	121	33	0.000000	;ὐπαίθρου.
3	1	40	3	0	0	801	1378	722	162	-1	
4	1	40	3	1	0	801	1378	718	44	-1	
5	1	40	3	1	1	801	1378	6	44	71.547684	ἵ
5	1	40	3	1	2	842	1385	88	26	72.008430	Ὡστόσο,
5	1	40	3	1	3	947	1387	75	22	86.836388	πολλοί
5	1	40	3	1	4	1037	1387	53	22	93.299698	εἶναι
5	1	40	3	1	5	1103	1387	152	26	46.954224	απαισιόδοξοι,
5	1	40	3	1	6	1270	1388	154	29	53.349251	προβόλλονπες
5	1	40	3	1	7	1435	1393	41	24	78.694748	την
5	1	40	3	1	8	1488	1391	31	21	77.571045	ἐν-
4	1	40	3	2	0	801	1423	722	50	-1	
5	1	40	3	2	1	801	1424	21	49	26.343033	µ
5	1	40	3	2	2	819	1430	67	21	11.738113	πση,
5	1	40	3	2	3	901	1430	43	18	93.295517	πως
5	1	40	3	2	4	957	1423	116	28	26.214523	οσκδήποπε
5	1	40	3	2	5	1084	1424	90	28	0.000000	κίνητρα
5	1	40	3	2	6	1186	1431	35	14	33.583771	και
5	1	40	3	2	7	1233	1424	132	28	0.390213	δελεάισµαινα
5	1	40	3	2	8	1377	1432	22	13	76.936508	χι
5	1	40	3	2	9	1415	1424	25	23	94.196907	ἄν
5	1	40	3	2	10	1448	1423	75	25	76.237457	δοθούν
4	1	40	3	3	0	801	1476	3	29	-1	
5	1	40	3	3	1	801	1476	3	29	76.277023	|
4	1	40	3	4	0	801	1508	3	32	-1	
5	1	40	3	4	1	801	1508	3	32	82.212677	|
2	1	41	0	0	0	808	856	36	53	-1	
3	1	41	1	0	0	808	856	36	53	-1	
4	1	41	1	1	0	842	856	2	19	-1	
5	1	41	1	1	1	842	856	2	19	95.000000	 
4	1	41	1	2	0	808	897	35	12	-1	
5	1	41	1	2	1	808	897	35	12	95.000000	 
2	1	42	0	0	0	803	879	14	127	-1	
3	1	42	1	0	0	803	879	5	127	-1	
4	1	42	1	1	0	803	879	4	41	-1	
5	1	42	1	1	1	803	879	4	41	48.718475	|
4	1	42	1	2	0	803	923	4	18	-1	
5	1	42	1	2	1	803	923	4	18	47.160603	|
4	1	42	1	3	0	803	942	4	21	-1	
5	1	42	1	3	1	803	942	4	21	67.354416	|
4	1	42	1	4	0	803	964	14	42	-1	
5	1	42	1	4	1	803	964	14	49	10.299698	|;
2	1	43	0	0	0	800	1460	724	316	-1	
3	1	43	1	0	0	801	1460	723	314	-1	
4	1	43	1	1	0	811	1460	712	28	-1	
5	1	43	1	1	1	811	1466	59	18	92.226616	στους
5	1	43	1	1	2	885	1460	99	27	86.402695	αγρότες,
5	1	43	1	1	3	999	1466	15	21	55.344543	Ἠ
5	1	43	1	1	4	1027	1460	53	27	94.846718	τάση
5	1	43	1	1	5	1090	1466	52	22	92.993835	προς
5	1	43	1	1	6	1155	1466	39	21	86.833000	πην
5	1	43	1	1	7	1202	1460	55	28	93.359154	πόλη
5	1	43	1	1	8	1270	1460	36	24	91.598114	δεν
5	1	43	1	1	9	1318	1461	29	28	56.765015	θα
5	1	43	1	1	10	1359	1461	95	27	46.829945	μειωθεί.
5	1	43	1	1	11	1464	1460	59	23	0.000000	Γεουτὶ
4	1	43	1	2	0	810	1495	714	29	-1	
5	1	43	1	2	1	810	1496	52	27	26.368408	αὐτὴ
5	1	43	1	2	2	875	1502	32	22	74.594688	τη
5	1	43	1	2	3	917	1496	53	27	80.204201	τάση
5	1	43	1	2	4	983	1495	35	22	46.325813	δεν
5	1	43	1	2	5	1030	1503	39	20	79.861488	την
5	1	43	1	2	6	1081	1496	125	28	88.626450	παθορίζουν
5	1	43	1	2	7	1216	1496	53	28	66.783134	μόνο
5	1	43	1	2	8	1281	1496	123	33	0.000000	οικονομικά
5	1	43	1	2	9	1433	1497	91	27	11.961349	χὔνπραι
4	1	43	1	3	0	801	1531	721	29	-1	
5	1	43	1	3	1	801	1538	46	13	41.982559	ἴποι
5	1	43	1	3	2	862	1531	142	25	19.356689	συντελεστές,
5	1	43	1	3	3	1019	1532	57	21	90.873779	αλλά
5	1	43	1	3	4	1089	1539	24	14	0.000000	Ὑν
5	1	43	1	3	5	1123	1532	60	21	77.228790	ἄλλοι
5	1	43	1	3	6	1211	1532	133	27	2.615120	παράγοντες
5	1	43	1	3	7	1367	1533	126	27	24.715134	πκουνωνυκής
5	1	43	1	3	8	1507	1533	15	26	62.899200	ἡ
4	1	43	1	4	0	801	1543	723	59	-1	
5	1	43	1	4	1	801	1543	154	59	0.000000	|φυχώσγωής
5	1	43	1	4	2	969	1567	76	28	94.368469	φύσης,
5	1	43	1	4	3	1072	1568	56	24	96.543594	ὅπως
5	1	43	1	4	4	1137	1568	59	27	64.715881	λόγοι
5	1	43	1	4	5	1210	1566	153	30	23.292374	αναφερόμενοι
5	1	43	1	4	6	1374	1574	43	19	79.038422	στις
5	1	43	1	4	7	1429	1568	95	27	88.774124	ανάγκες
4	1	43	1	5	0	801	1595	718	56	-1	
5	1	43	1	5	1	801	1595	159	56	28.456543	(ψυχαγωγίας,
5	1	43	1	5	2	976	1604	127	27	21.414948	πουνωνωσής
5	1	43	1	5	3	1116	1604	124	26	95.251648	ελευθερίας
5	1	43	1	5	4	1249	1604	51	20	41.139938	κλπ.
5	1	43	1	5	5	1315	1603	79	28	86.061737	Ὅμως,
5	1	43	1	5	6	1406	1604	64	24	91.978111	ὅλους
5	1	43	1	5	7	1483	1611	36	13	0.000000	αὖ-
4	1	43	1	6	0	800	1633	716	43	-1	
5	1	43	1	6	1	800	1633	58	43	47.338455	ἐτοὺς
5	1	43	1	6	2	870	1645	49	18	90.929802	τους
5	1	43	1	6	3	931	1638	139	28	17.143219	παράγοντες,
5	1	43	1	6	4	1087	1646	39	14	96.444519	που
5	1	43	1	6	5	1139	1639	117	27	88.034805	συντηρούν
5	1	43	1	6	6	1269	1645	28	22	65.456818	τη
5	1	43	1	6	7	1307	1639	55	27	78.465263	τάση
5	1	43	1	6	8	1376	1643	52	24	70.379448	πρὸς
5	1	43	1	6	9	1443	1645	27	16	88.976242	πο
5	1	43	1	6	10	1485	1639	31	26	86.377747	ξε-
4	1	43	1	7	0	809	1674	711	27	-1	
5	1	43	1	7	1	809	1674	103	27	3.632080	απίτωνκι,
5	1	43	1	7	2	929	1674	28	20	46.126064	θᾳ,
5	1	43	1	7	3	971	1674	74	27	96.283028	πρέπει
5	1	43	1	7	4	1056	1681	15	20	93.348076	η
5	1	43	1	7	5	1084	1669	122	32	93.302254	κυβέρνηση
5	1	43	1	7	6	1215	1680	29	16	44.849377	Ὑαι
5	1	43	1	7	7	1259	1674	95	26	84.425827	εξετάσει
5	1	43	1	7	8	1379	1682	24	13	41.201569	χω
5	1	43	1	7	9	1418	1675	102	21	0.000000	εΜτοπίσει
4	1	43	1	8	0	807	1709	714	28	-1	
5	1	43	1	8	1	799	1707	45	22	0.000000	ἴκαι
5	1	43	1	8	2	855	1716	27	20	95.174622	µε
5	1	43	1	8	3	897	1716	26	21	92.708038	τη
5	1	43	1	8	4	933	1709	125	28	61.024940	καπάλληλη
5	1	43	1	8	5	1070	1710	149	27	93.412773	καθοδήγηση,
5	1	43	1	8	6	1229	1710	77	27	87.349220	αγωγή
5	1	43	1	8	7	1321	1717	38	20	93.046219	της
5	1	43	1	8	8	1375	1710	104	27	24.935043	υαουάσης
5	1	43	1	8	9	1484	1717	37	13	10.991455	χι
4	1	43	1	9	0	810	1745	708	31	-1	
5	1	43	1	9	1	810	1745	123	27	68.064049	υρατροπίας
5	1	43	1	9	2	947	1751	39	15	24.275558	καὶ
5	1	43	1	9	3	1001	1750	27	22	88.799507	τη
5	1	43	1	9	4	1042	1745	62	28	73.478966	λήφη
5	1	43	1	9	5	1113	1752	23	14	29.783852	αν
5	1	43	1	9	6	1149	1745	71	21	92.929298	ἄλλων
5	1	43	1	9	7	1230	1746	139	30	30.002785	ανωγκαζων.,
5	1	43	1	9	8	1383	1746	91	28	9.572227	µένρων,
5	1	43	1	9	9	1490	1752	43	28	28.783997	να
2	1	44	0	0	0	527	238	1031	9	-1	
3	1	44	1	0	0	527	238	1031	9	-1	
4	1	44	1	1	0	527	238	1031	9	-1	
5	1	44	1	1	1	527	238	1031	9	95.000000	 
2	1	45	0	0	0	1535	294	662	189	-1	
3	1	45	1	0	0	1535	294	662	189	-1	
4	1	45	1	1	0	1535	294	662	124	-1	
5	1	45	1	1	1	1535	294	6	109	0.000000	Γ
5	1	45	1	1	2	1580	399	14	2	6.440880	ο
5	1	45	1	1	3	1661	344	277	41	38.593060	ψΟΜΙΚΑΙ
5	1	45	1	1	4	1958	313	239	105	64.159225	ΣΙΚΑΛΗ.
4	1	45	1	2	0	1536	412	33	71	-1	
5	1	45	1	2	1	1536	400	12	83	0.000000	᾿
2	1	46	0	0	0	1536	498	60	26	-1	
3	1	46	1	0	0	1536	498	60	26	-1	
4	1	46	1	1	0	1536	498	3	9	-1	
5	1	46	1	1	1	1536	498	3	9	53.012169	1
4	1	46	1	2	0	1561	510	35	14	-1	
5	1	46	1	2	1	1561	510	35	14	5.072021	σι
2	1	47	0	0	0	1535	549	4	53	-1	
3	1	47	1	0	0	1535	549	4	53	-1	
4	1	47	1	1	0	1535	549	4	53	-1	
5	1	47	1	1	1	1535	549	4	53	91.844398	|
2	1	48	0	0	0	1535	604	489	59	-1	
3	1	48	1	0	0	1535	604	489	59	-1	
4	1	48	1	1	0	1535	604	3	12	-1	
5	1	48	1	1	1	1535	604	3	12	23.669167	ι
4	1	48	1	2	0	1535	608	489	55	-1	
5	1	48	1	2	1	1535	617	5	46	53.153858	|
5	1	48	1	2	2	1589	610	54	21	24.658531	Τότε
5	1	48	1	2	3	1652	608	202	35	13.693779	εγκαταλείφθγκαν
5	1	48	1	2	4	1864	619	39	20	0.000000	γάνν
5	1	48	1	2	5	1913	619	17	13	65.659218	ο
5	1	48	1	2	6	1945	612	79	27	42.334953	ορεινές
2	1	49	0	0	0	785	1779	865	29	-1	
3	1	49	1	0	0	785	1779	865	29	-1	
4	1	49	1	1	0	785	1779	865	29	-1	
5	1	49	1	1	1	785	1785	71	18	22.700745	Ἔἶπους
5	1	49	1	1	2	868	1779	116	27	90.711647	εξαλείψει.
5	1	49	1	1	3	992	1779	71	22	16.380219	-Αωπά-
5	1	49	1	1	4	1068	1786	29	14	83.561333	τα.
5	1	49	1	1	5	1108	1781	67	27	61.583843	µέπρα,
5	1	49	1	1	6	1181	1781	31	19	36.695805	θα
5	1	49	1	1	7	1223	1781	132	26	34.711548	µποορρύσρωλ
5	1	49	1	1	8	1359	1787	30	15	27.249283	ναι
5	1	49	1	1	9	1398	1771	135	32	0.000000	αυνύσπωτα
5	1	49	1	1	10	1544	1783	2	2	68.159599	.
5	1	49	1	1	11	1577	1789	13	3	23.003288	ο
5	1	49	1	1	12	1634	1797	16	4	0.000000	α
2	1	50	0	0	0	811	1813	710	29	-1	
3	1	50	1	0	0	811	1813	710	29	-1	
4	1	50	1	1	0	811	1813	710	29	-1	
5	1	50	1	1	1	811	1819	51	21	90.361229	στην
5	1	50	1	1	2	875	1813	112	27	72.850006	ανάπτυξη,
5	1	50	1	1	3	1003	1820	37	20	72.683105	της
5	1	50	1	1	4	1054	1814	142	27	41.264107	πολιτιστυκῆς
5	1	50	1	1	5	1206	1821	38	14	27.091003	Ἅπι
5	1	50	1	1	6	1256	1815	142	27	0.000000	πουευμασρύής
5	1	50	1	1	7	1410	1815	56	27	33.242447	ζωής
5	1	50	1	1	8	1481	1820	40	22	55.434723	της,
2	1	51	0	0	0	808	1849	714	65	-1	
3	1	51	1	0	0	808	1849	714	65	-1	
4	1	51	1	1	0	809	1849	111	27	-1	
5	1	51	1	1	1	809	1849	111	27	76.715210	επαρχίας,
4	1	51	1	2	0	808	1885	714	29	-1	
5	1	51	1	2	1	808	1885	173	27	13.930923	πισιχθμνσνικών
5	1	51	1	2	2	996	1885	83	27	80.835716	µέτρων
5	1	51	1	2	3	1093	1892	38	20	93.290596	της
5	1	51	1	2	4	1141	1885	125	28	59.410091	καινωνωκής
5	1	51	1	2	5	1279	1885	145	29	69.231918	υποβάθµισης
5	1	51	1	2	6	1433	1892	41	16	90.346207	που
5	1	51	1	2	7	1481	1892	41	20	85.433670	πρα
2	1	52	0	0	0	808	1915	1086	136	-1	
3	1	52	1	0	0	808	1915	1086	136	-1	
4	1	52	1	1	0	808	1915	1086	35	-1	
5	1	52	1	1	1	808	1920	60	22	92.858543	καλεί
5	1	52	1	1	2	881	1927	15	21	92.186279	η
5	1	52	1	1	3	909	1921	90	27	63.960072	σύνδεση
5	1	52	1	1	4	1008	1927	26	21	95.091782	µε
5	1	52	1	1	5	1047	1927	24	15	92.946487	το
5	1	52	1	1	6	1079	1921	103	28	35.067383	αγροτφιό
5	1	52	1	1	7	1193	1921	134	29	23.107986	επὀγγελμα,
5	1	52	1	1	8	1348	1920	66	29	63.962669	(ὅπως
5	1	52	1	1	9	1427	1929	17	21	88.769966	η
5	1	52	1	1	10	1457	1928	65	20	90.121529	παρο-
5	1	52	1	1	11	1537	1915	129	22	78.158447	ΒΑΣΙΤΗΣ
5	1	52	1	1	12	1678	1923	36	14	93.984169	και
5	1	52	1	1	13	1728	1923	16	20	92.945480	η
5	1	52	1	1	14	1756	1915	89	28	0.000000	σὐζωγὸς
5	1	52	1	1	15	1857	1922	37	14	70.456917	που
4	1	52	1	2	0	1294	1950	599	43	-1	
5	1	52	1	2	1	1294	1950	80	43	23.488884	Ἔπσι,,
5	1	52	1	2	2	1371	1958	80	30	0.000000	σπθλιιός
5	1	52	1	2	3	1461	1963	57	21	18.227318	νω-
5	1	52	1	2	4	1536	1959	22	13	30.402130	Ἡ-
5	1	52	1	2	5	1571	1951	105	25	6.960876	ΝΕΛΑΛΥ,
5	1	52	1	2	6	1689	1959	39	13	95.666512	που
5	1	52	1	2	7	1741	1951	110	27	18.282127	διαμένουν
5	1	52	1	2	8	1866	1957	27	21	22.874664	μα
4	1	52	1	3	0	809	1985	1083	35	-1	
5	1	52	1	3	1	809	1990	94	28	85.647774	βέρνηση
5	1	52	1	3	2	919	1992	27	20	88.757378	θα
5	1	52	1	3	3	960	1992	150	27	75.831215	δημιουργήσει
5	1	52	1	3	4	1123	1993	161	26	59.459038	φιλοκγροπικὲς
5	1	52	1	3	5	1299	1987	137	32	83.224777	αυνειδήσεις,
5	1	52	1	3	6	1448	1999	26	21	93.236725	µε
5	1	52	1	3	7	1489	1998	31	14	90.219376	πι-
5	1	52	1	3	8	1539	1987	63	28	0.000000	γήμως
5	1	52	1	3	9	1617	1985	51	29	93.259933	στην
5	1	52	1	3	10	1684	1987	105	27	37.309265	Αμερωνὴ,
5	1	52	1	3	11	1802	1993	52	21	54.738346	προ
5	1	52	1	3	12	1877	1985	15	21	95.910332	4
4	1	52	1	4	0	1519	2023	373	28	-1	
5	1	52	1	4	1	1519	2046	3	3	0.000000	Ὁ
5	1	52	1	4	2	1538	2023	76	28	88.583664	χρόνια
5	1	52	1	4	3	1624	2023	101	21	78.082321	τέλεσαν
5	1	52	1	4	4	1726	2029	34	14	85.295998	τον
5	1	52	1	4	5	1771	2022	57	28	48.959805	γάμο
5	1	52	1	4	6	1842	2027	50	18	0.000000	πους
2	1	53	0	0	0	807	1956	475	29	-1	
3	1	53	1	0	0	807	1956	475	29	-1	
4	1	53	1	1	0	807	1956	475	29	-1	
5	1	53	1	1	1	807	1956	29	27	26.646004	χή
5	1	53	1	1	2	851	1956	117	27	38.599796	μόρφωσης
5	1	53	1	1	3	982	1957	59	26	73.838882	µέσω
5	1	53	1	1	4	1056	1957	141	27	0.000000	βήβλισθηκών
5	1	53	1	1	5	1208	1956	74	29	86.644791	λα.)
5	1	53	1	1	6	1272	1951	12	44	73.844437	.
2	1	54	0	0	0	809	2031	611	53	-1	
3	1	54	1	0	0	809	2031	611	53	-1	
4	1	54	1	1	0	809	2031	577	24	-1	
5	1	54	1	1	1	809	2027	90	26	37.629147	στότητα,
5	1	54	1	1	2	912	2032	42	22	1.378525	σΌη
5	1	54	1	1	3	967	2033	31	21	23.717247	γη
5	1	54	1	1	4	1011	2034	22	13	75.295425	κι
5	1	54	1	1	5	1043	2027	74	27	94.466522	αγάπη
5	1	54	1	1	6	1129	2034	52	20	93.242432	προς
5	1	54	1	1	7	1192	2034	40	20	41.066559	Ὅῃν
5	1	54	1	1	8	1241	2028	102	27	33.552673	επαρχία.
4	1	54	1	2	0	910	2061	510	23	-1	
5	1	54	1	2	1	910	2061	118	21	78.515762	ΚΟΣΤΑΣ
5	1	54	1	2	2	1045	2061	19	21	58.140369	Τ.
5	1	54	1	2	3	1080	2061	340	23	48.209358	ΠΑΠΑΘΕΟΦΙΛΟΠΟΥΑΟΣ
2	1	55	0	0	0	977	2115	377	25	-1	
3	1	55	1	0	0	977	2115	377	25	-1	
4	1	55	1	1	0	977	2115	377	25	-1	
5	1	55	1	1	1	977	2115	100	21	94.229927	ΛΟΓΙΑ
5	1	55	1	1	2	1107	2115	66	22	95.840218	ΤΗΣ
5	1	55	1	1	3	1203	2116	151	24	36.886307	ΣΤΙΓΜΗΣ.
2	1	56	0	0	0	811	2096	711	8	-1	
3	1	56	1	0	0	811	2096	711	8	-1	
4	1	56	1	1	0	811	2096	711	8	-1	
5	1	56	1	1	1	811	2096	711	8	95.000000	 
2	1	57	0	0	0	806	2161	715	247	-1	
3	1	57	1	0	0	806	2161	715	211	-1	
4	1	57	1	1	0	839	2161	123	27	-1	
5	1	57	1	1	1	839	2161	34	22	92.982414	θα
5	1	57	1	1	2	886	2163	76	25	6.525589	αναΐξοι
4	1	57	1	2	0	808	2198	712	29	-1	
5	1	57	1	2	1	808	2198	72	27	78.152985	βέρνες
5	1	57	1	2	2	893	2199	107	27	56.121056	ἀνθρωποι
5	1	57	1	2	3	1009	2199	68	20	85.888474	χάθθε
5	1	57	1	2	4	1091	2200	84	26	69.454285	ηλικίας
5	1	57	1	2	5	1188	2207	22	13	90.101913	κι
5	1	57	1	2	6	1218	2200	43	21	59.679699	απὀ
5	1	57	1	2	7	1275	2207	27	14	62.814224	τα
5	1	57	1	2	8	1314	2201	37	20	72.766022	δὺο
5	1	57	1	2	9	1365	2201	57	26	81.867950	φύλα.
5	1	57	1	2	10	1435	2201	30	22	39.961044	θ,
5	1	57	1	2	11	1475	2203	45	23	39.808685	στὲ-
4	1	57	1	3	0	806	2234	712	29	-1	
5	1	57	1	3	1	806	2240	73	18	0.000000	κογται
5	1	57	1	3	2	893	2234	97	27	10.351952	μπροστά
5	1	57	1	3	3	1004	2240	52	21	80.820839	στην
5	1	57	1	3	4	1071	2235	101	24	13.844070	κάνολλα,
5	1	57	1	3	5	1184	2235	124	27	34.332718	γεμίζαντας
5	1	57	1	3	6	1322	2236	60	27	53.553082	μισή,
5	1	57	1	3	7	1398	2243	36	13	89.830238	και
5	1	57	1	3	8	1447	2237	29	22	0.000000	θµι
5	1	57	1	3	9	1487	2239	31	20	76.040878	πί-
4	1	57	1	4	0	810	2267	705	37	-1	
5	1	57	1	4	1	810	2277	48	16	0.000000	νσου
5	1	57	1	4	2	866	2267	34	31	93.213150	µε
5	1	57	1	4	3	913	2270	123	28	24.278961	ευφροσύνη
5	1	57	1	4	4	1045	2277	28	25	75.597519	τὸ
5	1	57	1	4	5	1085	2270	81	26	51.426025	εξαίσιο
5	1	57	1	4	6	1180	2271	113	28	46.829308	γιοματάρι
5	1	57	1	4	7	1309	2278	37	14	58.571705	καὶ
5	1	57	1	4	8	1354	2270	161	34	71.126289	πεπληρωμέγοι
4	1	57	1	5	0	809	2307	712	28	-1	
5	1	57	1	5	1	809	2307	89	28	69.690727	μούστου
5	1	57	1	5	2	915	2308	25	20	88.611198	θα
5	1	57	1	5	3	950	2307	112	28	82.950142	γυρίζουνε
5	1	57	1	5	4	1075	2308	70	21	48.082741	σπίτια,
5	1	57	1	5	5	1157	2314	49	18	93.294502	τους
5	1	57	1	5	6	1221	2307	79	28	10.768356	«φᾶσι»,
5	1	57	1	5	7	1316	2307	88	26	89.753799	«τάπα»,
5	1	57	1	5	8	1417	2310	104	24	87.634727	«σπουπί»,
4	1	57	1	6	0	809	2340	419	36	-1	
5	1	57	1	6	1	809	2340	97	36	67.102921	ατάβλα».
5	1	57	1	6	2	1226	2351	2	4	0.000000	.
3	1	57	2	0	0	839	2372	681	36	-1	
4	1	57	2	1	0	839	2372	681	36	-1	
5	1	57	2	1	1	839	2379	19	21	88.003204	Ἡ
5	1	57	2	1	2	876	2380	92	28	0.000000	βιωυχικἡ
5	1	57	2	1	3	981	2380	145	28	24.364937	φρασεαλαγία,
5	1	57	2	1	4	1137	2372	55	31	71.870796	θἶναι
5	1	57	2	1	5	1205	2381	141	27	79.102707	απέραντη...
5	1	57	2	1	6	1356	2380	97	26	53.918194	Κανένας
5	1	57	2	1	7	1469	2381	51	24	82.995346	λαὸς
2	1	58	0	0	0	809	2416	727	30	-1	
3	1	58	1	0	0	809	2416	727	30	-1	
4	1	58	1	1	0	809	2416	727	30	-1	
5	1	58	1	1	1	809	2416	35	21	92.024902	δεν
5	1	58	1	1	2	855	2416	159	30	47.061989	χρησιιοποιεὶ
5	1	58	1	1	3	1015	2416	50	21	93.112114	νόσο
5	1	58	1	1	4	1079	2416	155	34	25.805931	παραστατωιὲς
5	1	58	1	1	5	1250	2416	89	28	89.027809	φράσεις
5	1	58	1	1	6	1352	2423	39	21	57.004238	για
5	1	58	1	1	7	1403	2423	26	15	96.110138	να
5	1	58	1	1	8	1453	2423	83	33	10.157349	παρα.
2	1	59	0	0	0	807	2443	715	108	-1	
3	1	59	1	0	0	807	2443	715	108	-1	
4	1	59	1	1	0	807	2443	715	37	-1	
5	1	59	1	1	1	807	2452	95	27	30.661812	Χπηρίσει
5	1	59	1	1	2	920	2459	26	20	95.953491	τη
5	1	59	1	1	3	959	2443	57	36	87.213989	μέθη
5	1	59	1	1	4	1024	2459	36	20	79.896683	καν
5	1	59	1	1	5	1073	2458	48	18	88.147652	τους
5	1	59	1	1	6	1135	2452	149	28	58.371857	µεθυσμέγους.
5	1	59	1	1	7	1301	2452	92	28	13.054565	Μερικές
5	1	59	1	1	8	1408	2453	37	20	87.522690	απ᾿
5	1	59	1	1	9	1459	2452	63	24	60.743443	αυτές
4	1	59	1	2	0	808	2480	464	37	-1	
5	1	59	1	2	1	808	2487	94	27	61.269714	δεύχνουν
5	1	59	1	2	2	914	2495	24	13	95.558411	το
5	1	59	1	2	3	950	2480	105	37	29.090309	σκυπτωιὸ
5	1	59	1	2	4	1068	2489	82	27	85.189590	πνεύμα,
5	1	59	1	2	5	1163	2493	35	15	74.570160	του.
5	1	59	1	2	6	1212	2484	60	33	74.256592	λαρὺ:
4	1	59	1	3	0	831	2522	688	29	-1	
5	1	59	1	3	1	831	2523	83	27	56.040680	«Ἔγωε
5	1	59	1	3	2	931	2523	95	21	11.127739	σχίποο:
5	1	59	1	3	3	1042	2522	49	22	85.643616	Απὸ
5	1	59	1	3	4	1100	2531	28	14	71.014030	τα
5	1	59	1	3	5	1138	2523	96	28	0.000000	μ.γόσμα,
5	1	59	1	3	6	1247	2531	40	13	92.518250	που
5	1	59	1	3	7	1302	2524	76	21	0.000000	πεπαύν
5	1	59	1	3	8	1392	2524	60	27	87.398209	γύρω
5	1	59	1	3	9	1479	2524	40	20	67.704391	απὀ
2	1	60	0	0	0	933	1849	599	29	-1	
3	1	60	1	0	0	933	1849	599	29	-1	
4	1	60	1	1	0	933	1849	599	29	-1	
5	1	60	1	1	1	933	1856	37	20	61.425930	της
5	1	60	1	1	2	983	1849	99	28	43.722923	παροχής
5	1	60	1	1	3	1094	1849	141	28	73.269196	φυχαγωγίας
5	1	60	1	1	4	1248	1857	36	13	82.727608	και
5	1	60	1	1	5	1295	1855	40	23	92.623695	στη
5	1	60	1	1	6	1348	1850	124	28	42.008495	καθιέρωση
5	1	60	1	1	7	1486	1856	46	22	0.000000	αἰὖ-
2	1	61	0	0	0	1527	2126	6	36	-1	
3	1	61	1	0	0	1527	2126	6	36	-1	
4	1	61	1	1	0	1527	2126	6	36	-1	
5	1	61	1	1	1	1527	2126	6	36	21.976677	ἵ
2	1	62	0	0	0	961	2163	931	33	-1	
3	1	62	1	0	0	961	2163	931	33	-1	
4	1	62	1	1	0	961	2163	931	33	-1	
5	1	62	1	1	1	961	2169	22	15	64.277206	ον
5	1	62	1	1	2	994	2170	36	14	90.208908	και
5	1	62	1	1	3	1045	2163	99	28	76.359818	φέτος
5	1	62	1	1	4	1117	2159	25	41	93.101212	τα
5	1	62	1	1	5	1156	2164	128	27	3.765526	γιομαπάρια,
5	1	62	1	1	6	1297	2171	37	14	54.417648	Χαν
5	1	62	1	1	7	1345	2171	45	18	90.120522	ατις
5	1	62	1	1	8	1400	2165	72	27	34.654129	λαϊκές
5	1	62	1	1	9	1488	2175	34	13	90.661972	τα-
5	1	62	1	1	10	1536	2175	37	20	71.969025	τη)
5	1	62	1	1	11	1589	2167	95	29	47.636551	Αμερική
5	1	62	1	1	12	1695	2175	37	19	52.396931	για
5	1	62	1	1	13	1744	2174	26	14	70.463791	να
5	1	62	1	1	14	1780	2167	112	28	41.914085	βαπαίσουν
2	1	63	0	0	0	1529	2273	357	29	-1	
3	1	63	1	0	0	1529	2273	357	29	-1	
4	1	63	1	1	0	1529	2273	357	29	-1	
5	1	63	1	1	1	1529	2273	163	29	21.518784	πολυάριθμους
5	1	63	1	1	2	1703	2274	149	28	0.000000	καλεσμένους,
5	1	63	1	1	3	1867	2281	19	13	92.410545	ε-
2	1	64	0	0	0	807	2559	725	113	-1	
3	1	64	1	0	0	807	2559	725	105	-1	
4	1	64	1	1	0	807	2559	725	31	-1	
5	1	64	1	1	1	807	2565	38	20	78.237778	σην
5	1	64	1	1	2	854	2559	101	25	84.842667	κάνουλα,
5	1	64	1	1	3	967	2559	121	25	27.251328	ζαλίζανται
5	1	64	1	1	4	1099	2559	43	21	28.971428	απὸ
5	1	64	1	1	5	1154	2566	31	17	95.600258	τις
5	1	64	1	1	6	1196	2559	151	28	46.092911	αναθυμιάσεις
5	1	64	1	1	7	1356	2566	36	14	65.851669	καὶ
5	1	64	1	1	8	1401	2559	131	31	0.000000	πυίγονται.,
4	1	64	1	2	0	837	2593	694	36	-1	
5	1	64	1	2	1	837	2593	71	23	54.872978	«Εγαι
5	1	64	1	2	2	925	2595	71	20	47.166489	στουπὶ
5	1	64	1	2	3	1005	2602	40	13	20.663139	στο
5	1	64	1	2	4	1054	2595	94	27	75.307152	μεθύσι»:
5	1	64	1	2	5	1165	2593	26	22	91.343132	Όι
5	1	64	1	2	6	1206	2595	164	27	59.656944	ταβερνιάρηδες
5	1	64	1	2	7	1385	2602	38	20	79.878555	για
5	1	64	1	2	8	1435	2602	39	20	89.382858	την
5	1	64	1	2	9	1485	2602	46	27	16.974823	πε,
4	1	64	1	3	0	809	2626	723	46	-1	
5	1	64	1	3	1	809	2629	95	27	76.483299	ριτύλιξη
5	1	64	1	3	2	917	2637	39	19	93.246941	της
5	1	64	1	3	3	967	2629	107	25	0.000000	κόνλουλας,
5	1	64	1	3	4	1080	2626	171	46	0.000000	Χρησψοποιοῦν
5	1	64	1	3	5	1269	2629	80	25	5.063629	στουπἰ,
5	1	64	1	3	6	1365	2636	41	14	82.609177	που.
5	1	64	1	3	7	1419	2637	91	19	55.755348	ἄπορρο-
5	1	64	1	3	8	1528	2630	4	34	17.238510	ἰ
2	1	65	0	0	0	1369	2661	69	57	-1	
3	1	65	1	0	0	1369	2661	69	57	-1	
4	1	65	1	1	0	1369	2661	69	22	-1	
5	1	65	1	1	1	1369	2661	69	22	95.000000	 
4	1	65	1	2	0	1374	2683	64	35	-1	
5	1	65	1	2	1	1374	2683	64	35	95.000000	  
2	1	66	0	0	0	807	2663	63	40	-1	
3	1	66	1	0	0	807	2663	63	40	-1	
4	1	66	1	1	0	807	2663	63	40	-1	
5	1	66	1	1	1	807	2663	63	40	95.000000	  
2	1	67	0	0	0	806	2663	713	168	-1	
3	1	67	1	0	0	808	2663	593	96	-1	
4	1	67	1	1	0	870	2663	485	27	-1	
5	1	67	1	1	1	870	2670	23	12	73.889664	το
5	1	67	1	1	2	919	2664	73	25	41.525349	κρασί.
5	1	67	1	1	3	1008	2663	20	19	88.580124	Ἡ
5	1	67	1	1	4	1047	2665	71	25	28.942078	φράση,
5	1	67	1	1	5	1134	2664	54	25	41.345268	αὐτὴ
5	1	67	1	1	6	1203	2665	95	25	52.813919	σηµαίνει
5	1	67	1	1	7	1311	2671	44	16	95.326439	πως
4	1	67	1	2	0	808	2697	566	28	-1	
5	1	67	1	2	1	808	2697	34	26	10.662216	φδι
5	1	67	1	2	2	857	2697	114	27	41.432053	ολόκληρος
5	1	67	1	2	3	983	2697	40	20	89.889992	απὀ
5	1	67	1	2	4	1035	2698	72	26	27.175713	χρασί.
5	1	67	1	2	5	1122	2697	34	21	96.984375	Με
5	1	67	1	2	6	1170	2704	38	20	89.490013	την
5	1	67	1	2	7	1223	2698	42	20	81.928940	ἴδια
5	1	67	1	2	8	1281	2699	93	26	54.646385	σημασία
4	1	67	1	3	0	806	2733	595	26	-1	
5	1	67	1	3	1	806	2738	23	13	92.411110	το
5	1	67	1	3	2	841	2731	68	27	18.874695	«ἔγωλε
5	1	67	1	3	3	925	2732	56	20	51.284409	τάπα
5	1	67	1	3	4	988	2739	39	13	92.649597	στο
5	1	67	1	3	5	1041	2733	93	26	65.962196	μεθύσι».
5	1	67	1	3	6	1398	2757	3	2	0.000000	ι
3	1	67	2	0	0	806	2765	713	66	-1	
4	1	67	2	1	0	836	2765	682	31	-1	
5	1	67	2	1	1	836	2765	82	28	79.599548	«Ἔγινε
5	1	67	2	1	2	931	2767	67	27	6.667976	φέσω:
5	1	67	2	1	3	1013	2765	95	29	50.131111	Δηλαδή,
5	1	67	2	1	4	1124	2767	167	25	0.000000	κατονόνωωίνος,.
5	1	67	2	1	5	1301	2768	78	27	46.445084	ἀναφε,
5	1	67	2	1	6	1411	2769	107	27	60.125427	φούντωσε
4	1	67	2	2	0	806	2801	713	30	-1	
5	1	67	2	2	1	806	2801	59	22	42.108673	Γιαπί
5	1	67	2	2	2	874	2809	16	20	51.666279	η
5	1	67	2	2	3	902	2802	127	28	0.000000	υπερβολική
5	1	67	2	2	4	1044	2803	110	21	32.631294	ουνοποσία,
5	1	67	2	2	5	1167	2803	102	27	93.280861	προκαλεί
5	1	67	2	2	6	1284	2803	138	28	19.260971	.ερυθρότηπα.
5	1	67	2	2	7	1445	2803	41	28	83.974632	(Το
5	1	67	2	2	8	1498	2811	21	13	43.096146	ν-
2	1	68	0	0	0	805	2837	725	75	-1	
3	1	68	1	0	0	805	2830	740	74	-1	
4	1	68	1	1	0	805	2837	725	29	-1	
5	1	68	1	1	1	805	2837	141	28	46.319431	παβρέχεσθα,
5	1	68	1	1	2	960	2838	35	20	78.119965	Σια
5	1	68	1	1	3	1007	2843	35	15	92.801956	του
5	1	68	1	1	4	1060	2838	193	28	58.434822	διαθερµαϊνεσθαι,
5	1	68	1	1	5	1270	2839	128	21	27.792496	δισείεσθαι
5	1	68	1	1	6	1411	2839	68	27	9.147446	μέθη
5	1	68	1	1	7	1485	2839	45	20	25.164131	-ἐ-
4	1	68	1	2	0	806	2867	724	45	-1	
5	1	68	1	2	1	806	2873	66	27	46.005760	χεγκν
5	1	68	1	2	2	880	2881	22	13	70.575409	οι
5	1	68	1	2	3	909	2872	111	30	79.222061	αρχαίοι)
5	1	68	1	2	4	1014	2868	10	38	79.222061	.
5	1	68	1	2	5	1035	2873	65	29	31.857979	Ἑμείς
5	1	68	1	2	6	1111	2867	57	45	86.421585	λέμε:
5	1	68	1	2	7	1183	2873	96	31	42.238598	«ναψε
5	1	68	1	2	8	1291	2875	37	21	90.220619	απ᾿
5	1	68	1	2	9	1341	2882	23	14	96.797607	το
5	1	68	1	2	10	1373	2875	53	22	96.791748	πολὺ
5	1	68	1	2	11	1427	2875	103	36	44.977089	κρασί»,
2	1	69	0	0	0	805	2910	713	97	-1	
3	1	69	1	0	0	805	2910	713	97	-1	
4	1	69	1	1	0	806	2910	182	27	-1	
5	1	69	1	1	1	806	2910	103	27	72.385147	«πόρωσε»
5	1	69	1	1	2	920	2911	68	20	74.274551	κ.λ.π.
4	1	69	1	2	0	836	2917	682	84	-1	
5	1	69	1	2	1	836	2945	19	19	86.190491	Ἡ
5	1	69	1	2	2	868	2946	116	19	30.810059	παλυποσία
5	1	69	1	2	3	995	2945	71	27	89.283272	φέρνει
5	1	69	1	2	4	1081	2947	72	54	5.712631	---
5	1	69	1	2	5	1166	2953	38	13	54.042938	και,
5	1	69	1	2	6	1217	2917	96	60	29.808243	αδράνεια
5	1	69	1	2	7	1333	2921	6	3	53.068649	3
5	1	69	1	2	8	1335	2947	107	26	78.528938	διαφόρων
5	1	69	1	2	9	1456	2947	62	28	68.225067	οργά-
4	1	69	1	3	0	805	2980	425	27	-1	
5	1	69	1	3	1	805	2986	42	14	0.000000	Υῶν
5	1	69	1	3	2	857	2987	37	13	68.031807	καν
5	1	69	1	3	3	908	2980	75	27	86.016914	πρώτα,
5	1	69	1	3	4	996	2986	38	20	57.597054	στῃ
5	1	69	1	3	5	1050	2981	74	26	75.327255	γλὠασα.
5	1	69	1	3	6	1142	2980	88	24	52.264500	Ἔπσι,
2	1	70	0	0	0	1397	2665	134	59	-1	
3	1	70	1	0	0	1397	2665	134	59	-1	
4	1	70	1	1	0	1431	2665	100	25	-1	
5	1	70	1	1	1	1431	2665	100	25	0.000000	ποσκὰ-,
4	1	70	1	2	0	1397	2705	133	19	-1	
5	1	70	1	2	1	1397	2705	71	19	91.317192	ἔγεται
5	1	70	1	2	2	1483	2705	47	18	8.552948	πι.
2	1	71	0	0	0	1526	2791	4	154	-1	
3	1	71	1	0	0	1526	2791	4	154	-1	
4	1	71	1	1	0	1527	2791	3	18	-1	
5	1	71	1	1	1	1527	2791	3	18	22.225510	!
4	1	71	1	2	0	1527	2861	3	17	-1	
5	1	71	1	2	1	1527	2861	3	17	39.968983	|
4	1	71	1	3	0	1526	2901	4	28	-1	
5	1	71	1	3	1	1526	2901	4	28	42.445187	ἱ
4	1	71	1	4	0	1527	2930	3	15	-1	
5	1	71	1	4	1	1527	2930	3	15	41.218559	ι
2	1	72	0	0	0	1244	2976	286	44	-1	
3	1	72	1	0	0	1244	2976	286	44	-1	
4	1	72	1	1	0	1244	2976	286	44	-1	
5	1	72	1	1	1	1244	2988	39	20	46.142651	για,
5	1	72	1	1	2	1295	2988	31	14	68.965622	νο
5	1	72	1	1	3	1335	2982	156	26	28.254944	χαρακτηρίσει
5	1	72	1	1	4	1506	2976	24	44	55.206940	οἱ
2	1	73	0	0	0	2089	192	181	37	-1	
3	1	73	1	0	0	2089	192	181	37	-1	
4	1	73	1	1	0	2089	192	181	37	-1	
5	1	73	1	1	1	2089	200	79	22	94.074005	Σελίδα
5	1	73	1	1	2	2177	192	34	37	89.452408	8η
5	1	73	1	1	3	2221	214	49	6	36.541973	----.
2	1	74	0	0	0	1661	242	601	4	-1	
3	1	74	1	0	0	1661	242	601	4	-1	
4	1	74	1	1	0	1661	242	601	4	-1	
5	1	74	1	1	1	1661	242	601	4	95.000000	 
2	1	75	0	0	0	1767	290	315	23	-1	
3	1	75	1	0	0	1767	290	315	23	-1	
4	1	75	1	1	0	1767	290	315	23	-1	
5	1	75	1	1	1	1767	290	123	23	96.582634	ΑΛΛΟΤΕ
5	1	75	1	1	2	1906	291	58	21	93.257683	ΚΑΙ
5	1	75	1	1	3	1983	290	99	22	86.093719	ΤΩΡΑ.
2	1	76	0	0	0	2202	292	59	45	-1	
3	1	76	1	0	0	2202	292	59	45	-1	
4	1	76	1	1	0	2202	292	59	45	-1	
5	1	76	1	1	1	2202	292	59	45	95.000000	 
2	1	77	0	0	0	1849	404	141	8	-1	
3	1	77	1	0	0	1849	404	141	8	-1	
4	1	77	1	1	0	1849	404	141	8	-1	
5	1	77	1	1	1	1849	404	141	8	95.000000	 
2	1	78	0	0	0	1559	431	715	458	-1	
3	1	78	1	0	0	1559	431	715	386	-1	
4	1	78	1	1	0	1594	431	669	30	-1	
5	1	78	1	1	1	1594	431	20	21	83.557495	Ἡ
5	1	78	1	1	2	1629	426	162	33	61.670219	απελευθέρωση
5	1	78	1	1	3	1807	440	38	20	85.724602	της
5	1	78	1	1	4	1860	433	114	27	2.604980	ελληλωκής
5	1	78	1	1	5	1987	440	41	21	22.767273	γης
5	1	78	1	1	6	2043	433	43	21	69.411926	απᾶ
5	1	78	1	1	7	2103	440	48	17	85.912560	τους
5	1	78	1	1	8	2165	440	98	21	19.249313	καποκτη
4	1	78	1	2	0	1906	468	361	29	-1	
5	1	78	1	2	1	1906	469	76	27	24.242264	ἑλεσμα,
5	1	78	1	2	2	1997	468	69	22	72.954224	πολλὰ
5	1	78	1	2	3	2096	469	86	28	85.846138	ορεινά
5	1	78	1	2	4	2176	464	10	37	84.297928	.
5	1	78	1	2	5	2197	469	70	28	78.683975	χωριά
4	1	78	1	3	0	1611	504	662	28	-1	
5	1	78	1	3	1	1611	504	107	27	0.000000	οικισμιαί
5	1	78	1	3	2	1713	511	39	13	93.598511	που
5	1	78	1	3	3	1769	504	132	28	69.195633	συστάθηκαν
5	1	78	1	3	4	1916	505	40	20	26.493576	αποὸ
5	1	78	1	3	5	1970	512	39	20	91.153404	την
5	1	78	1	3	6	2023	504	84	28	16.592316	αάγκη
5	1	78	1	3	7	2121	505	152	27	87.848808	σωτηρίας,
5	1	78	1	3	8	2248	500	29	37	45.919147	Υκ
4	1	78	1	4	0	1560	540	712	28	-1	
5	1	78	1	4	1	1560	540	114	21	48.163956	κοπέλθουν
5	1	78	1	4	2	1688	546	43	18	96.755608	στις
5	1	78	1	4	3	1743	540	87	25	0.000000	πεδινές
5	1	78	1	4	4	1837	540	94	25	36.648949	εκτάσεις
5	1	78	1	4	5	1944	548	36	13	59.788490	χα
5	1	78	1	4	6	1997	541	35	27	94.073944	ὄχι
5	1	78	1	4	7	2047	540	75	28	31.539337	βέβαια
5	1	78	1	4	8	2136	540	80	28	44.496948	µακριά
5	1	78	1	4	9	2231	540	41	28	90.616341	απὀ
4	1	78	1	5	0	1561	576	508	27	-1	
5	1	78	1	5	1	1561	582	30	17	83.246689	τις
5	1	78	1	5	2	1605	576	105	27	41.803165	οροσειρὲς
5	1	78	1	5	3	1725	583	37	20	93.508415	για
5	1	78	1	5	4	1775	576	54	21	55.666737	κάθε
5	1	78	1	5	5	1843	573	121	30	85.374176	μελλοντικό
5	1	78	1	5	6	1977	576	92	22	48.861889	χύνδυνο.
4	1	78	1	6	0	2053	596	170	47	-1	
5	1	78	1	6	1	2053	596	153	47	50.006466	καλλιέργειες,
5	1	78	1	6	2	2219	631	4	6	0.000000	ε
4	1	78	1	7	0	1561	646	712	29	-1	
5	1	78	1	7	1	1561	646	94	28	74.960724	σύκαλης
5	1	78	1	7	2	1663	647	87	27	60.019180	χωρίως,
5	1	78	1	7	3	1764	654	39	13	85.138649	που
5	1	78	1	7	4	1815	647	87	21	76.883171	απόδιδε
5	1	78	1	7	5	1917	648	147	21	69.344162	πολλαπλάσια
5	1	78	1	7	6	2075	647	43	21	49.396687	απὀὸ
5	1	78	1	7	7	2133	654	27	13	96.927612	τα
5	1	78	1	7	8	2172	647	55	24	92.571213	ἄλλα
5	1	78	1	7	9	2238	647	35	28	88.830154	δη-
4	1	78	1	8	0	1561	682	713	29	-1	
5	1	78	1	8	1	1561	682	113	27	33.203842	μητριά.
5	1	78	1	8	2	1688	682	184	29	76.488457	Περιορίσθηκε
5	1	78	1	8	3	1857	682	77	22	68.407349	μάλλον
5	1	78	1	8	4	1946	690	36	13	77.962601	και
5	1	78	1	8	5	1995	690	15	20	86.622955	η
5	1	78	1	8	6	2026	683	144	27	59.641846	Ἀπηνοτροφία,
5	1	78	1	8	7	2184	689	42	20	79.428856	νων
5	1	78	1	8	8	2239	689	35	21	70.222252	αἲ--
4	1	78	1	9	0	1559	697	715	49	-1	
5	1	78	1	9	1	1559	718	138	27	90.858635	γοπροβάτων
5	1	78	1	9	2	1709	725	36	14	70.734291	καὶ
5	1	78	1	9	3	1759	725	40	15	96.716537	των
5	1	78	1	9	4	1815	697	175	49	27.820633	αγριογελαδιών,
5	1	78	1	9	5	2003	725	41	14	77.921326	που
5	1	78	1	9	6	2058	717	92	28	55.628620	ἕβοσιαν
5	1	78	1	9	7	2169	718	105	27	91.142792	ελεύθερα.
4	1	78	1	10	0	1559	753	712	28	-1	
5	1	78	1	10	1	1559	760	37	13	88.115013	καν
5	1	78	1	10	2	1610	754	108	21	26.484009	ελίπχιναν
5	1	78	1	10	3	1729	760	30	18	81.486702	τ'ς
5	1	78	1	10	4	1772	754	188	27	34.983948	χαλλνεργούμενες
5	1	78	1	10	5	1971	754	105	24	0.000000	εσοάσεις,
5	1	78	1	10	6	2091	753	67	28	25.514290	ωπρά
5	1	78	1	10	7	2181	754	90	27	85.813103	τεμάχια,
4	1	78	1	11	0	1560	789	351	28	-1	
5	1	78	1	11	1	1560	796	48	20	38.640633	γης,
5	1	78	1	11	2	1621	796	29	17	93.253166	τις
5	1	78	1	11	3	1665	789	150	28	44.094894	ονομαζόμενες
5	1	78	1	11	4	1825	790	86	23	41.103668	λάκες.
3	1	78	2	0	0	1561	819	711	70	-1	
4	1	78	2	1	0	1590	819	682	56	-1	
5	1	78	2	1	1	1590	824	28	21	96.533058	Σε
5	1	78	2	1	2	1622	825	48	50	0.000000	ἆη
5	1	78	2	1	3	1682	832	37	20	87.285309	γην
5	1	78	2	1	4	1732	825	134	28	0.000000	περέοδοΐτης
5	1	78	2	1	5	1882	819	176	34	57.471142	πουρκοκρασίας,
5	1	78	2	1	6	2071	820	23	25	84.964317	οι
5	1	78	2	1	7	2103	825	76	27	30.505440	ορευγοί
5	1	78	2	1	8	2193	819	79	33	37.657028	πληθν-
4	1	78	2	2	0	1561	857	709	32	-1	
5	1	78	2	2	1	1561	861	47	26	27.663132	σμαῖ
5	1	78	2	2	2	1622	861	33	22	14.511841	2ευ
5	1	78	2	2	3	1667	861	113	22	65.951698	επείγασαν
5	1	78	2	2	4	1792	862	46	20	87.636200	αλλ᾽
5	1	78	2	2	5	1850	862	46	20	74.040833	οὖτε
5	1	78	2	2	6	1908	857	141	32	50.116814	απερήθηκαν.
5	1	78	2	2	7	2055	861	42	20	91.164627	απὀ
5	1	78	2	2	8	2107	859	55	23	96.522346	ἄλλα
5	1	78	2	2	9	2169	854	101	35	0.000000	τρόφιμα.
2	1	79	0	0	0	1563	466	341	29	-1	
3	1	79	1	0	0	1563	466	341	29	-1	
4	1	79	1	1	0	1563	466	341	29	-1	
5	1	79	1	1	1	1563	468	33	23	91.259476	τὲς
5	1	79	1	1	2	1611	466	127	29	19.205864	Οθωμανοὸς
5	1	79	1	1	3	1751	468	51	27	38.936787	εἶχξ,
5	1	79	1	1	4	1808	476	40	15	78.659790	σαν
5	1	79	1	1	5	1859	476	45	13	28.364296	απτι
2	1	80	0	0	0	1905	469	1	33	-1	
3	1	80	1	0	0	1905	469	1	33	-1	
4	1	80	1	1	0	1905	469	1	33	-1	
5	1	80	1	1	1	1905	469	1	33	95.000000	 
2	1	81	0	0	0	1605	517	4	9	-1	
3	1	81	1	0	0	1605	517	4	9	-1	
4	1	81	1	1	0	1605	517	4	9	-1	
5	1	81	1	1	1	1605	517	4	9	95.000000	 
2	1	82	0	0	0	1561	892	737	65	-1	
3	1	82	1	0	0	1561	892	737	65	-1	
4	1	82	1	1	0	1561	892	727	46	-1	
5	1	82	1	1	1	1561	895	24	22	80.373459	Τι
5	1	82	1	1	2	1596	896	50	19	54.994820	αὐτὸ
5	1	82	1	1	3	1656	903	40	13	29.964485	και
5	1	82	1	1	4	1710	904	19	12	91.919838	ο
5	1	82	1	1	5	1732	897	128	26	40.428764	ἐφολιασμός
5	1	82	1	1	6	1872	902	40	15	91.237610	των
5	1	82	1	1	7	1917	897	111	26	52.963947	μοχητὼν
5	1	82	1	1	8	2037	892	182	46	39.893768	απελευθερωπών
5	1	82	1	1	9	2247	902	27	25	72.164551	σε
4	1	82	1	2	0	2058	928	240	29	-1	
5	1	82	1	2	1	2058	929	20	20	87.098198	Ἡ
5	1	82	1	2	2	2093	925	97	31	64.312378	σἴκκλη
5	1	82	1	2	3	2190	924	50	33	9.427216	Ἴπων
5	1	82	1	2	4	2249	925	25	24	68.043495	ᾱ-
2	1	83	0	0	0	1555	930	716	675	-1	
3	1	83	1	0	0	1560	930	709	99	-1	
4	1	83	1	1	0	1561	930	470	27	-1	
5	1	83	1	1	1	1561	930	89	27	52.961231	φωμί,
5	1	83	1	1	2	1641	930	45	27	84.363564	τορί
5	1	83	1	1	3	1698	937	36	13	87.637245	και
5	1	83	1	1	4	1749	930	100	25	21.938599	δέρµα,
5	1	83	1	1	5	1861	931	53	30	0.000000	ἦπαν
5	1	83	1	1	6	1929	930	102	27	70.752243	επαρκής.
4	1	83	1	2	0	1560	964	709	28	-1	
5	1	83	1	2	1	1560	965	66	26	81.946236	Φθονη
5	1	83	1	2	2	1641	972	35	13	69.389008	και
5	1	83	1	2	3	1688	972	50	20	94.463684	µε
5	1	83	1	2	4	1726	971	24	14	96.614349	το
5	1	83	1	2	5	1759	966	84	26	5.598297	αλεύρι
5	1	83	1	2	6	1851	972	45	20	82.975479	της,
5	1	83	1	2	7	1912	965	143	27	0.477791	ανοκατεμένο
5	1	83	1	2	8	2066	972	28	19	45.940308	µε
5	1	83	1	2	9	2102	964	118	28	22.220230	συπᾶλευρο
5	1	83	1	2	10	2233	971	36	14	81.474503	Ἆπι
4	1	83	1	3	0	1560	1000	612	29	-1	
5	1	83	1	3	1	1560	1000	94	28	51.806644	σμιγᾶδι,
5	1	83	1	3	2	1669	1000	164	27	28.723740	πορασκεύὐαζαν
5	1	83	1	3	3	1848	1000	81	29	60.960510	ἄφθονο
5	1	83	1	3	4	1941	1001	65	28	44.647923	φωμέ.
5	1	83	1	3	5	2166	1010	6	2	47.663506	.
3	1	83	2	0	0	1555	1034	716	567	-1	
4	1	83	2	1	0	1590	1034	680	30	-1	
5	1	83	2	1	1	1590	1035	20	21	88.499268	Ἡ
5	1	83	2	1	2	1622	1036	136	27	95.517387	καλλιέργεια
5	1	83	2	1	3	1769	1043	37	20	93.266594	της
5	1	83	2	1	4	1820	1037	87	26	80.090607	σίκαλης
5	1	83	2	1	5	1920	1043	51	20	86.479439	στην
5	1	83	2	1	6	1987	1036	71	27	83.473724	ορεινή
5	1	83	2	1	7	2072	1036	90	28	41.934856	περιοχή
5	1	83	2	1	8	2171	1034	43	29	45.184269	ης
5	1	83	2	1	9	2218	1028	52	28	87.652077	Λα-
4	1	83	2	2	0	1558	1071	710	28	-1	
5	1	83	2	2	1	1558	1071	134	28	11.316849	κεδαίμονας,
5	1	83	2	2	2	1707	1072	95	27	45.059486	κράτησε
5	1	83	2	2	3	1816	1072	64	27	77.586075	µέχρι
5	1	83	2	2	4	1897	1078	35	15	92.877655	τον
5	1	83	2	2	5	1945	1072	71	27	92.180061	πρὠτο
5	1	83	2	2	6	2031	1071	137	27	65.970276	παγκόσμιο
5	1	83	2	2	7	2177	1071	91	27	29.238312	'"πῤλενο:
4	1	83	2	3	0	1559	1106	709	32	-1	
5	1	83	2	3	1	1559	1106	26	21	0.000000	Οὲ
5	1	83	2	3	2	1597	1107	159	28	28.545860	καλλιεργησές,
5	1	83	2	3	3	1772	1108	127	27	26.743202	επιδόθηκκν
5	1	83	2	3	4	1912	1114	42	17	92.421432	στις
5	1	83	2	3	5	1967	1107	83	25	0.000000	πεδωκές
5	1	83	2	3	6	2060	1107	83	27	65.591949	απορὲς
5	1	83	2	3	7	2157	1110	36	28	0.000000	ἴπι
5	1	83	2	3	8	2208	1108	24	19	16.890671	τά
5	1	83	2	3	9	2245	1108	23	19	74.624878	Ὁ-
4	1	83	2	4	0	1559	1142	711	29	-1	
5	1	83	2	4	1	1559	1143	59	27	27.854012	ρειγνά
5	1	83	2	4	2	1632	1144	97	27	60.836933	χτήµατα
5	1	83	2	4	3	1743	1143	205	28	60.246449	εγκωπαλείφθηκαν,
5	1	83	2	4	4	1962	1150	39	21	41.130852	για
5	1	83	2	4	5	2013	1150	26	15	92.979187	να
5	1	83	2	4	6	2051	1142	146	29	60.263187	μεταβληθοὺν
5	1	83	2	4	7	2213	1142	26	21	87.823624	σε
5	1	83	2	4	8	2247	1149	23	14	80.222069	α-
4	1	83	2	5	0	1558	1178	710	29	-1	
5	1	83	2	5	1	1558	1179	131	27	7.767365	Υριόυαπους,
5	1	83	2	5	2	1703	1180	58	23	42.514290	Εχπὸς
5	1	83	2	5	3	1776	1180	41	20	80.717697	απὀ
5	1	83	2	5	4	1829	1187	25	13	84.709900	τα,
5	1	83	2	5	5	1867	1179	117	24	30.191902	παπιουικἁ,
5	1	83	2	5	6	2000	1186	44	14	70.585739	που
5	1	83	2	5	7	2055	1186	27	13	48.789650	πα.
5	1	83	2	5	8	2111	1178	103	29	0.000000	ἔσπερνκν
5	1	83	2	5	9	2242	1180	26	25	92.744049	μὲ
4	1	83	2	6	0	1558	1211	712	32	-1	
5	1	83	2	6	1	1558	1214	112	29	60.790718	αραπασίτι
5	1	83	2	6	2	1683	1222	36	15	91.100235	καὶ
5	1	83	2	6	3	1735	1223	26	13	68.009453	σα
5	1	83	2	6	4	1775	1216	92	27	55.413975	φύτευα)
5	1	83	2	6	5	1880	1222	25	21	95.814842	µε
5	1	83	2	6	6	1919	1215	99	26	11.738678	πατάτες,
5	1	83	2	6	7	2034	1222	39	14	73.238464	ποὺ
5	1	83	2	6	8	2086	1214	45	29	92.708351	εἶχε
5	1	83	2	6	9	2143	1214	62	29	78.426064	φέρει
5	1	83	2	6	10	2216	1211	54	32	92.523109	φυτὸ
4	1	83	2	7	0	1558	1250	711	30	-1	
5	1	83	2	7	1	1558	1259	12	14	92.401978	ο
5	1	83	2	7	2	1579	1252	81	27	67.670609	πρώτος
5	1	83	2	7	3	1672	1252	130	28	36.745102	κυβερνήτης
5	1	83	2	7	4	1813	1259	37	20	81.495544	τῆς
5	1	83	2	7	5	1861	1252	113	27	0.000000	ολεύθερης
5	1	83	2	7	6	1987	1251	104	24	87.879318	Ἑλλάδος.
5	1	83	2	7	7	2103	1250	166	29	82.113350	Καποδίστριας.
4	1	83	2	8	0	1569	1283	702	32	-1	
5	1	83	2	8	1	1569	1283	3	24	0.000000	:
5	1	83	2	8	2	1587	1287	111	25	5.337616	Ανπίθετα,
5	1	83	2	8	3	1714	1294	38	21	90.808716	στη
5	1	83	2	8	4	1769	1288	88	27	95.514626	δεύτερη
5	1	83	2	8	5	1870	1288	81	27	95.589653	κατοχή
5	1	83	2	8	6	1965	1295	27	20	94.886581	µε
5	1	83	2	8	7	2008	1294	46	18	65.281120	τοὺς
5	1	83	2	8	8	2070	1279	66	41	26.422928	Ιπαλο
5	1	83	2	8	9	2142	1279	129	41	0.000000	Γερμανούς,
4	1	83	2	9	0	1558	1322	710	29	-1	
5	1	83	2	9	1	1558	1331	18	13	69.403481	οι
5	1	83	2	9	2	1591	1324	93	21	59.368191	κάτοικοι
5	1	83	2	9	3	1697	1324	109	25	53.024559	πείγασαν,
5	1	83	2	9	4	1835	1324	58	27	29.223389	Ὑιαπί
5	1	83	2	9	5	1919	1323	133	28	64.093491	μαζεύτηκαν
5	1	83	2	9	6	2069	1330	39	13	96.459137	στα
5	1	83	2	9	7	2134	1322	79	28	88.875328	χωριά:
5	1	83	2	9	8	2230	1322	38	20	28.230713	καί
4	1	83	2	10	0	1557	1358	711	29	-1	
5	1	83	2	10	1	1557	1360	71	20	25.422813	πολλοί
5	1	83	2	10	2	1642	1359	56	26	84.975410	ξένοι
5	1	83	2	10	3	1712	1366	36	14	71.102798	και
5	1	83	2	10	4	1763	1360	57	27	55.016182	γιαπὶ
5	1	83	2	10	5	1831	1358	131	26	0.000000	αλτάλλαζαν
5	1	83	2	10	6	1976	1366	23	13	93.235909	το
5	1	83	2	10	7	2017	1359	67	27	84.995613	σιτᾶρι
5	1	83	2	10	8	2099	1365	37	14	31.135780	και
5	1	83	2	10	9	2152	1364	22	15	89.694664	το
5	1	83	2	10	10	2189	1364	79	22	0.511391	αραποο:
4	1	83	2	11	0	1558	1392	710	31	-1	
5	1	83	2	11	1	1558	1396	39	20	50.132614	οἷτι
5	1	83	2	11	2	1613	1403	24	20	96.506538	µε
5	1	83	2	11	3	1650	1396	54	20	95.622215	ἄλλα
5	1	83	2	11	4	1717	1396	107	26	53.455322	αναγκαία
5	1	83	2	11	5	1837	1396	46	26	47.347038	εἶδη
5	1	83	2	11	6	1898	1407	7	3	93.000244	-
5	1	83	2	11	7	1917	1394	130	28	55.088005	υποδήματα,
5	1	83	2	11	8	2059	1394	113	27	75.693115	ενδύματα
5	1	83	2	11	9	2175	1394	49	20	30.408752	κλτο.
5	1	83	2	11	10	2236	1392	32	21	56.753258	Τί
4	1	83	2	12	0	1557	1426	707	43	-1	
5	1	83	2	12	1	1557	1431	129	22	64.186920	νόντουσαν
5	1	83	2	12	2	1686	1431	75	28	49.120716	βέβαια,
5	1	83	2	12	3	1772	1438	36	14	82.828796	και
5	1	83	2	12	4	1824	1431	115	27	30.378510	διαρπαγὲς
5	1	83	2	12	5	1951	1430	41	21	30.105110	απὸ
5	1	83	2	12	6	2005	1436	48	29	93.087013	τους
5	1	83	2	12	7	2065	1426	134	43	0.000000	καρρυτηνὲς
5	1	83	2	12	8	2228	1430	36	20	40.310204	καί
4	1	83	2	13	0	1556	1463	713	31	-1	
5	1	83	2	13	1	1556	1466	138	28	22.115692	επιβάλοντα)
5	1	83	2	13	2	1709	1466	97	28	49.907108	εισφορές
5	1	83	2	13	3	1821	1474	38	19	76.062378	για
5	1	83	2	13	4	1874	1473	38	20	73.576324	την
5	1	83	2	13	5	1929	1462	109	31	32.956474	διαπροφή
5	1	83	2	13	6	2048	1464	42	23	93.332680	των
5	1	83	2	13	7	2103	1464	117	29	14.619667	ανταρτών.
5	1	83	2	13	8	2245	1463	24	22	91.780792	Ἡ
4	1	83	2	14	0	1556	1500	712	30	-1	
5	1	83	2	14	1	1556	1502	62	22	38.323280	πείνα,
5	1	83	2	14	2	1631	1502	79	28	81.515198	ἔφθασε
5	1	83	2	14	3	1723	1509	24	14	96.614304	σε
5	1	83	2	14	4	1758	1502	92	22	72.930817	απίθανα
5	1	83	2	14	5	1863	1502	83	27	87.279121	σηµεία.
5	1	83	2	14	6	1964	1501	88	22	49.980396	Ἠολλοὶ
5	1	83	2	14	7	2059	1501	84	28	90.721718	ἔφαγαν
5	1	83	2	14	8	2159	1500	72	28	0.000000	βελόνε
5	1	83	2	14	9	2246	1501	22	19	78.473938	α-
4	1	83	2	15	0	1556	1531	712	51	-1	
5	1	83	2	15	1	1556	1538	103	27	62.005257	Υκόρησα,
5	1	83	2	15	2	1672	1538	88	21	69.840393	λούπινα
5	1	83	2	15	3	1774	1545	24	20	93.872734	µε
5	1	83	2	15	4	1813	1538	49	27	93.392967	λίγο
5	1	83	2	15	5	1871	1533	85	49	75.053192	αλεύρι
5	1	83	2	15	6	1963	1538	43	20	82.213875	απὀ
5	1	83	2	15	7	2017	1536	111	28	50.319847	αραποσῖτι
5	1	83	2	15	8	2139	1543	35	14	52.004021	κα
5	1	83	2	15	9	2182	1531	86	48	0.000000	ποπάτα
4	1	83	2	16	0	1555	1570	686	35	-1	
5	1	83	2	16	1	1555	1570	61	35	84.223579	χυλό.
5	1	83	2	16	2	2176	1578	4	3	0.000000	ι
5	1	83	2	16	3	2239	1581	2	2	51.931709	|
2	1	84	0	0	0	1810	1079	33	20	-1	
3	1	84	1	0	0	1810	1079	33	20	-1	
4	1	84	1	1	0	1810	1079	33	20	-1	
5	1	84	1	1	1	1810	1079	33	20	95.000000	 
2	1	85	0	0	0	1586	1605	692	32	-1	
3	1	85	1	0	0	1586	1605	692	32	-1	
4	1	85	1	1	0	1586	1605	692	32	-1	
5	1	85	1	1	1	1586	1608	20	22	71.417084	Ἡ
5	1	85	1	1	2	1623	1610	107	27	79.457161	σύγχρονη
5	1	85	1	1	3	1747	1609	69	21	16.568024	Σίαπα,
5	1	85	1	1	4	1833	1601	85	29	8.724983	συγστά
5	1	85	1	1	5	1935	1608	55	28	80.044067	φωμί
5	1	85	1	1	6	2007	1605	47	24	91.237297	απὀ
5	1	85	1	1	7	2076	1607	74	28	72.190758	αλεύρι
5	1	85	1	1	8	2172	1605	70	22	51.551380	σίκαλης
2	1	86	0	0	0	1555	1642	712	159	-1	
3	1	86	1	0	0	1555	1642	711	101	-1	
4	1	86	1	1	0	1555	1642	710	30	-1	
5	1	86	1	1	1	1555	1652	39	13	80.579437	ποὺ
5	1	86	1	1	2	1608	1646	52	21	93.183151	εἶναι
5	1	86	1	1	3	1676	1645	132	27	31.821671	εισωγόμανο.
5	1	86	1	1	4	1822	1644	77	24	87.067627	Άλλες
5	1	86	1	1	5	1910	1644	78	27	92.917076	χώρες,
5	1	86	1	1	6	2004	1642	139	28	65.541061	παλλυεργοὺν
5	1	86	1	1	7	2161	1642	104	28	7.302917	συστημα
4	1	86	1	2	0	1555	1674	712	55	-1	
5	1	86	1	2	1	1555	1680	49	21	26.277939	τικὰ
5	1	86	1	2	2	1617	1688	26	20	92.629128	τη
5	1	86	1	2	3	1658	1680	76	27	3.695793	αἵμαλη
5	1	86	1	2	4	1749	1680	46	21	83.880180	αλλ
5	1	86	1	2	5	1810	1681	55	26	86.835449	εμεῖς
5	1	86	1	2	6	1882	1680	99	27	46.515614	εµένουµε
5	1	86	1	2	7	1994	1686	56	28	75.935745	στην
5	1	86	1	2	8	2053	1674	155	55	0.000000	παραδοσιονή
5	1	86	1	2	9	2216	1674	51	47	0.000000	σπο
4	1	86	1	3	0	1557	1714	465	35	-1	
5	1	86	1	3	1	1557	1716	27	27	45.257168	ρά
5	1	86	1	3	2	1597	1723	34	13	91.056900	του
5	1	86	1	3	3	1643	1723	67	21	0.000000	σιτορν
5	1	86	1	3	4	1713	1716	23	20	92.278725	οὗ
5	1	86	1	3	5	1745	1723	36	13	37.733112	κι
5	1	86	1	3	6	1793	1723	35	26	92.645096	του
5	1	86	1	3	7	1844	1714	115	33	0.000000	αραποοσιτν.
5	1	86	1	3	8	1949	1715	38	20	2.194656	νοὺ.
3	1	86	2	0	0	1973	1744	235	57	-1	
4	1	86	2	1	0	1973	1744	235	57	-1	
5	1	86	2	1	1	1973	1745	47	47	19.324997	Απο
5	1	86	2	1	2	2035	1762	10	26	36.048553	Ἰ
5	1	86	2	1	3	2041	1749	23	18	66.859772	Τ.
5	1	86	2	1	4	2079	1748	15	48	0.000000	Ἀ
5	1	86	2	1	5	2108	1744	100	57	0.000000	λλιάνης
2	1	87	0	0	0	1995	1786	186	78	-1	
3	1	87	1	0	0	1995	1786	191	78	-1	
4	1	87	1	1	0	1995	1786	186	78	-1	
5	1	87	1	1	1	1995	1786	186	78	0.000000	ΠΡΙΝ
2	1	88	0	0	0	1537	1876	729	918	-1	
3	1	88	1	0	0	1537	1876	729	391	-1	
4	1	88	1	1	0	1940	1876	322	28	-1	
5	1	88	1	1	1	1940	1878	37	25	67.187584	Ἆις
5	1	88	1	1	2	1993	1885	35	16	90.605682	του
5	1	88	1	1	3	2042	1877	60	22	53.051029	Ναὸν
5	1	88	1	1	4	2127	1875	40	29	71.353836	πης
5	1	88	1	1	5	2193	1876	69	28	25.543472	Αγίας
4	1	88	1	2	0	1910	1912	348	30	-1	
5	1	88	1	2	1	1910	1914	93	28	89.673470	Τριάδος
5	1	88	1	2	2	2015	1913	149	28	21.753937	Ξηροκαμπίοι
5	1	88	1	2	3	2190	1912	68	21	56.618309	«ετελέ-
4	1	88	1	3	0	1911	1949	350	28	-1	
5	1	88	1	3	1	1911	1951	42	26	92.587112	σθη
5	1	88	1	3	2	1967	1949	109	28	33.781296	4θήμερον
5	1	88	1	3	3	2087	1949	133	27	20.750999	μνημόσυνον.
5	1	88	1	3	4	2231	1955	30	16	84.363487	ν-
4	1	88	1	4	0	1911	1983	354	32	-1	
5	1	88	1	4	1	1911	1985	40	27	91.525932	πὲρ
5	1	88	1	4	2	1965	1985	141	23	58.264198	-αναπαύσεως
5	1	88	1	4	3	2117	1991	39	20	89.490868	της
5	1	88	1	4	4	2188	1983	77	32	64.937393	φυχής.
4	1	88	1	5	0	1909	2018	355	29	-1	
5	1	88	1	5	1	1909	2028	36	15	39.699497	το)
5	1	88	1	5	2	1955	2028	22	14	89.453125	κ.
5	1	88	1	5	3	1992	2020	113	23	21.346161	Βασιλείου
5	1	88	1	5	4	2117	2018	101	29	54.692799	Ὀρφανοῦ
5	1	88	1	5	5	2234	2019	30	20	88.880165	τὲ-
4	1	88	1	6	0	1911	2055	347	30	-1	
5	1	88	1	6	1	1911	2065	28	17	88.678970	ως
5	1	88	1	6	2	1956	2057	121	28	0.000000	διευθυντοῦ
5	1	88	1	6	3	2089	2063	35	14	96.644341	του
5	1	88	1	6	4	2135	2055	123	29	0.000000	Δημοτικού
4	1	88	1	7	0	1911	2091	353	31	-1	
5	1	88	1	7	1	1911	2094	103	28	14.294449	Σχολείου
5	1	88	1	7	2	2027	2093	161	28	0.000000	παρυσόαµένων:
5	1	88	1	7	3	2213	2091	51	26	75.607437	πολ-
4	1	88	1	8	0	1910	2129	353	28	-1	
5	1	88	1	8	1	1910	2131	42	21	72.293610	λών
5	1	88	1	8	2	1965	2129	160	28	66.563797	συγχωριανών
5	1	88	1	8	3	2133	2136	31	17	83.323349	εις
5	1	88	1	8	4	2173	2129	55	21	63.463478	αυτό
5	1	88	1	8	5	2242	2135	21	14	85.655769	ο-
4	1	88	1	9	0	1909	2164	357	30	-1	
5	1	88	1	9	1	1909	2167	89	27	0.000000	μίλησε
5	1	88	1	9	2	2011	2174	13	13	95.027939	ο
5	1	88	1	9	3	2035	2173	22	13	92.426582	κ.
5	1	88	1	9	4	2069	2165	107	27	46.103607	«Γεώργ...
5	1	88	1	9	5	2188	2164	78	27	81.587418	Μαχά-
4	1	88	1	10	0	1537	2199	723	32	-1	
5	1	88	1	10	1	1537	2211	37	15	82.811371	του
5	1	88	1	10	2	1590	2204	79	27	37.696056	Όχρον»
5	1	88	1	10	3	1683	2203	79	28	66.752563	βλαστὸ
5	1	88	1	10	4	1777	2210	47	17	66.349770	τος
5	1	88	1	10	5	1835	2203	51	20	16.685242	πᾶλι
5	1	88	1	10	6	1909	2209	58	19	52.544998	Ίμποης,
5	1	88	1	10	7	1980	2201	125	24	1.693558	διδάσκαλος
5	1	88	1	10	8	2131	2199	129	29	79.422134	αναφερθεὶς
4	1	88	1	11	0	1539	2236	600	31	-1	
5	1	88	1	11	1	1539	2247	51	20	85.296989	στηλ
5	1	88	1	11	2	1604	2239	123	27	87.396370	Υπαπαντή,
5	1	88	1	11	3	1738	2239	98	27	67.400017	ανάμεσα
5	1	88	1	11	4	1867	2245	71	17	83.229706	σε]εις
5	1	88	1	11	5	1955	2245	22	13	93.305946	το
5	1	88	1	11	6	1993	2237	63	28	90.449432	ἐργόν
5	1	88	1	11	7	2068	2236	71	21	89.013824	αυτοῦ.
3	1	88	2	0	0	1909	2271	356	279	-1	
4	1	88	2	1	0	1941	2271	322	29	-1	
5	1	88	2	1	1	1941	2272	23	22	77.629692	Ἡ,
5	1	88	2	1	2	1974	2272	125	28	40.898170	κωμόπολης
5	1	88	2	1	3	2115	2271	148	28	10.375221	Ἐηροχαμπίου
4	1	88	2	2	0	1909	2307	355	29	-1	
5	1	88	2	2	1	1909	2309	120	27	18.541656	πυτύχησεν
5	1	88	2	2	2	2041	2315	27	14	31.949310	να
5	1	88	2	2	3	2082	2307	40	27	78.594498	ἐχη
5	1	88	2	2	4	2141	2307	58	28	71.704018	ιερέα,
5	1	88	2	2	5	2218	2309	46	17	82.263885	του
4	1	88	2	3	0	1911	2341	352	30	-1	
5	1	88	2	3	1	1911	2344	62	22	58.157269	Ναόν
5	1	88	2	3	2	1985	2351	39	20	95.396835	της
5	1	88	2	3	3	2040	2343	69	27	42.112198	Αγίας
5	1	88	2	3	4	2120	2341	93	29	96.308472	Τριάδος
5	1	88	2	3	5	2229	2344	34	19	89.810516	τοῦ
4	1	88	2	4	0	1911	2377	353	30	-1	
5	1	88	2	4	1	1911	2380	82	27	14.948792	σειιὰν,
5	1	88	2	4	2	2008	2379	127	28	39.833084	δραστήρυον
5	1	88	2	4	3	2149	2385	39	14	52.494301	καν
5	1	88	2	4	4	2199	2377	65	28	49.935287	ευχά-
4	1	88	2	5	0	1909	2413	356	29	-1	
5	1	88	2	5	1	1909	2422	71	20	39.912994	Ριστον
5	1	88	2	5	2	1992	2413	130	28	41.807102	λειτουργὀν,
5	1	88	2	5	3	2134	2414	56	24	89.132599	ὅστις
5	1	88	2	5	4	2201	2415	27	26	91.762878	µε
5	1	88	2	5	5	2238	2413	27	27	8.819412	ζἢ
4	1	88	2	6	0	1910	2449	355	29	-1	
5	1	88	2	6	1	1910	2451	25	21	91.388702	λο
5	1	88	2	6	2	1952	2451	97	27	80.067535	επεδώθη
5	1	88	2	6	3	2077	2455	49	25	86.897469	στα
5	1	88	2	6	4	2141	2449	124	27	51.300438	καθήκώντα
4	1	88	2	7	0	1910	2478	354	56	-1	
5	1	88	2	7	1	1910	2494	36	13	93.222656	και
5	1	88	2	7	2	1961	2484	105	30	29.430435	Επέφερεν
5	1	88	2	7	3	2076	2478	129	49	61.868168	ορισμένους,
5	1	88	2	7	4	2213	2484	51	50	0.000000	εξου
4	1	88	2	8	0	1906	2519	266	47	-1	
5	1	88	2	8	1	1906	2519	104	47	3.493202	ρᾳβσμοῦς.
5	1	88	2	8	2	2023	2527	11	15	0.000000	΄
5	1	88	2	8	3	2170	2528	2	2	69.502136	|
3	1	88	3	0	0	1909	2532	357	262	-1	
4	1	88	3	1	0	1939	2532	327	53	-1	
5	1	88	3	1	1	1939	2557	57	28	76.990540	δη
5	1	88	3	1	2	2006	2558	89	27	27.573380	ἤρχισεν
5	1	88	3	1	3	2108	2549	38	35	88.277512	την
5	1	88	3	1	4	2159	2532	107	46	46.466339	---
4	1	88	3	2	0	1910	2591	355	30	-1	
5	1	88	3	2	1	1910	2600	62	21	17.293030	μήσιν
5	1	88	3	2	2	1989	2600	29	17	74.316727	θις
5	1	88	3	2	3	2033	2592	111	28	77.844513	περίβολον
5	1	88	3	2	4	2155	2599	37	13	96.274437	του
5	1	88	3	2	5	2206	2591	59	21	54.510403	Ναού
4	1	88	3	3	0	1909	2626	355	28	-1	
5	1	88	3	3	1	1909	2629	102	25	70.139771	αιθούσης
5	1	88	3	3	2	2027	2629	36	19	64.360184	δια
5	1	88	3	3	3	2073	2627	105	27	7.783615	γραφείον
5	1	88	3	3	4	2194	2627	18	27	62.699558	Ἡ
5	1	88	3	3	5	2220	2626	44	21	84.475647	στὲ-
4	1	88	3	4	0	1910	2661	355	29	-1	
5	1	88	3	4	1	1910	2669	63	21	38.584953	Ύασιν
5	1	88	3	4	2	1986	2669	36	14	89.709373	του
5	1	88	3	4	3	2037	2662	162	29	11.242172	Κατηχήτηιοῦ”
5	1	88	3	4	4	2212	2661	53	27	21.968773	Σχο-
4	1	88	3	5	0	1909	2697	356	26	-1	
5	1	88	3	5	1	1909	2697	65	20	91.599831	λείου
5	1	88	3	5	2	1977	2697	13	26	0.000000	"ἡ
5	1	88	3	5	3	2001	2697	76	26	28.705078	μεκρᾶς
5	1	88	3	5	4	2091	2696	174	26	0.000000	συγγενυρὠσείς:
4	1	88	3	6	0	1910	2730	350	26	-1	
5	1	88	3	6	1	1910	2730	76	26	67.471191	Αξίζει
5	1	88	3	6	2	1997	2731	83	23	66.797073	λοιπόν
5	1	88	3	6	3	2101	2735	55	21	0.000000	ην,
5	1	88	3	6	4	2167	2729	93	27	0.000000	αρωγή!
4	1	88	3	7	0	1909	2765	338	29	-1	
5	1	88	3	7	1	1909	2773	40	15	93.202225	των
5	1	88	3	7	2	1961	2764	100	30	45.232391	εορισών
5	1	88	3	7	3	2071	2765	13	27	29.841225	ἡ
5	1	88	3	7	4	2096	2765	123	27	13.078835	αποδήμων.
2	1	89	0	0	0	1701	1801	384	7	-1	
3	1	89	1	0	0	1701	1801	384	7	-1	
4	1	89	1	1	0	1701	1801	384	7	-1	
5	1	89	1	1	1	1701	1801	384	7	95.000000	 
2	1	90	0	0	0	1585	1757	305	109	-1	
3	1	90	1	0	0	1585	1757	305	109	-1	
4	1	90	1	1	0	1585	1757	305	109	-1	
5	1	90	1	1	1	1585	1800	116	64	13.438576	ας
5	1	90	1	1	2	1751	1757	99	109	17.393784	ιδ
5	1	90	1	1	3	1877	1801	13	2	5.743561	ι
2	1	91	0	0	0	1567	1878	325	30	-1	
3	1	91	1	0	0	1567	1878	325	30	-1	
4	1	91	1	1	0	1567	1878	325	30	-1	
5	1	91	1	1	1	1567	1880	17	22	56.673641	0
5	1	91	1	1	2	1595	1888	22	13	56.673641	κ.
5	1	91	1	1	3	1629	1880	100	28	74.092308	Γιώργος
5	1	91	1	1	4	1747	1879	28	21	87.978333	Ν.
5	1	91	1	1	5	1788	1878	104	22	77.456848	ΜΟΝΕΜ
2	1	92	0	0	0	1537	2057	356	102	-1	
3	1	92	1	0	0	1537	2057	356	102	-1	
4	1	92	1	1	0	1537	2057	356	31	-1	
5	1	92	1	1	1	1537	2067	48	15	29.638626	στον
5	1	92	1	1	2	1597	2060	82	28	57.310684	ὅμαρφο
5	1	92	1	1	3	1691	2059	41	23	0.000000	υλκό
5	1	92	1	1	4	1744	2066	37	20	93.266876	της
5	1	92	1	1	5	1796	2057	97	24	23.906822	Υπαπαν-
4	1	92	1	2	0	1539	2092	347	32	-1	
5	1	92	1	2	1	1539	2097	37	27	89.470306	τῆς
5	1	92	1	2	2	1587	2092	150	32	0.000000	Τεωργιτοῖου.
5	1	92	1	2	3	1884	2116	2	2	8.328781	ι
4	1	92	1	3	0	1561	2131	327	28	-1	
5	1	92	1	3	1	1561	2132	50	25	89.424156	Στις
5	1	92	1	3	2	1627	2132	49	21	86.666847	19-9
5	1	92	1	3	3	1692	2131	123	28	4.312073	ξανκήλθαν
5	1	92	1	3	4	1845	2131	43	21	42.754707	απὀὸ
2	1	93	0	0	0	1535	2309	358	169	-1	
3	1	93	1	0	0	1535	2309	358	169	-1	
4	1	93	1	1	0	1535	2309	358	28	-1	
5	1	93	1	1	1	1535	2311	100	24	65.277863	κλεκτοὺς
5	1	93	1	1	2	1650	2310	140	27	0.000000	Ἀπαρτιάτες.
5	1	93	1	1	3	1813	2309	80	22	84.427902	Ανάδο-
4	1	93	1	2	0	1538	2345	348	29	-1	
5	1	93	1	2	1	1538	2353	46	21	83.473274	χος,
5	1	93	1	2	2	1601	2354	13	13	72.342827	ο
5	1	93	1	2	3	1625	2354	21	12	52.609959	κ.
5	1	93	1	2	4	1659	2345	89	27	26.020744	Παναγ.
5	1	93	1	2	5	1779	2345	107	27	41.787304	Ρερουλά-
4	1	93	1	3	0	1537	2380	350	28	-1	
5	1	93	1	3	1	1537	2389	46	17	57.018208	κος,
5	1	93	1	3	2	1595	2382	67	20	90.870087	ἔδωκε
5	1	93	1	3	3	1677	2388	24	14	96.654305	το
5	1	93	1	3	4	1715	2381	67	27	66.126450	ὄνομα
5	1	93	1	3	5	1796	2380	91	21	42.286793	Νικόλα-
4	1	93	1	4	0	1538	2415	352	28	-1	
5	1	93	1	4	1	1538	2423	32	17	87.740448	ος,
5	1	93	1	4	2	1583	2416	35	21	94.658997	Να
5	1	93	1	4	3	1630	2422	47	19	90.591805	τους
5	1	93	1	4	4	1692	2415	60	28	42.250389	ζήσει
5	1	93	1	4	5	1766	2416	30	20	28.161888	πι
5	1	93	1	4	6	1813	2416	77	23	90.885567	ἄλλους
4	1	93	1	5	0	1536	2453	96	25	-1	
5	1	93	1	5	1	1536	2453	96	25	72.659180	πολλαὺς,
2	1	94	0	0	0	1753	2498	127	6	-1	
3	1	94	1	0	0	1753	2498	127	6	-1	
4	1	94	1	1	0	1753	2498	127	6	-1	
5	1	94	1	1	1	1753	2498	127	6	95.000000	 
2	1	95	0	0	0	1591	2500	92	4	-1	
3	1	95	1	0	0	1591	2500	92	4	-1	
4	1	95	1	1	0	1591	2500	92	4	-1	
5	1	95	1	1	1	1591	2500	92	4	95.000000	 
2	1	96	0	0	0	1550	2523	340	491	-1	
3	1	96	1	0	0	1573	2523	290	184	-1	
4	1	96	1	1	0	1656	2523	123	19	-1	
5	1	96	1	1	1	1656	2523	123	19	85.334061	ΓΕΩΡΓΙΤΣΙ
4	1	96	1	2	0	1578	2565	279	19	-1	
5	1	96	1	2	1	1578	2565	131	18	90.157211	ΔΙΜΗΝΙΑΙΑ
5	1	96	1	2	2	1721	2565	136	19	76.631172	ΕΦΗΜΕΡΙΔΑ
4	1	96	1	3	0	1591	2605	254	23	-1	
5	1	96	1	3	1	1591	2606	116	22	90.553757	Ὑπεύθυνος
5	1	96	1	3	2	1718	2605	50	19	93.296280	κατά
5	1	96	1	3	3	1781	2605	64	23	71.490051	Νόμον
4	1	96	1	4	0	1581	2646	274	18	-1	
5	1	96	1	4	1	1581	2646	54	17	93.016426	ΚΩΝ.
5	1	96	1	4	2	1647	2647	22	17	92.677452	Η.
5	1	96	1	4	3	1684	2646	171	18	90.644661	ΓΙΑΝΝΑΚΑΚΗΣ
4	1	96	1	5	0	1573	2685	290	22	-1	
5	1	96	1	5	1	1573	2686	115	21	95.887169	Λυκούργου
5	1	96	1	5	2	1700	2685	24	17	90.865982	27
5	1	96	1	5	3	1733	2695	24	3	68.755264	---
5	1	96	1	5	4	1768	2686	95	17	96.843605	ΣΠΑΡΤΗ
3	1	96	2	0	0	1550	2719	340	294	-1	
4	1	96	2	1	0	1651	2719	173	28	-1	
5	1	96	2	1	1	1651	2720	49	22	95.528336	Τηλ.
5	1	96	2	1	2	1712	2719	68	18	31.571976	29-76
4	1	96	2	2	0	1580	2749	276	39	-1	
5	1	96	2	2	1	1580	2755	119	32	92.574898	Ὑπεύθυνος
5	1	96	2	2	2	1707	2749	149	39	94.973335	Τυπογραφείου
4	1	96	2	3	0	1562	2795	290	19	-1	
5	1	96	2	3	1	1562	2807	2	2	0.000000	:
5	1	96	2	3	2	1582	2795	84	19	0.000000	ΕΛΕΥΘ.
5	1	96	2	3	3	1679	2796	21	18	92.701805	Κ.
5	1	96	2	3	4	1713	2796	139	18	87.091438	ΝΙΚΟΛΑΡΟΣ
4	1	96	2	4	0	1590	2835	254	25	-1	
5	1	96	2	4	1	1590	2837	48	23	74.104752	Τηλ.
5	1	96	2	4	2	1651	2837	67	19	12.654503	268-076
5	1	96	2	4	3	1729	2837	32	18	93.225540	καὶ
5	1	96	2	4	4	1773	2835	71	21	79.336205	23-473
4	1	96	2	5	0	1550	2877	324	23	-1	
5	1	96	2	5	1	1550	2877	83	20	21.621384	Ετήσια
5	1	96	2	5	2	1648	2877	111	23	9.706955	συνδρομή
5	1	96	2	5	3	1776	2879	48	21	96.208786	δρχ.
5	1	96	2	5	4	1837	2879	37	18	84.024895	300
4	1	96	2	6	0	1559	2906	331	32	-1	
5	1	96	2	6	1	1559	2913	125	25	91.043022	Ἐξωτερικοῦ
5	1	96	2	6	2	1703	2906	41	32	71.105942	ἀερ.
5	1	96	2	6	3	1765	2915	43	19	83.081894	δολ.
5	1	96	2	6	4	1871	2915	19	19	49.225964	2
4	1	96	2	7	0	1565	2949	301	24	-1	
5	1	96	2	7	1	1565	2949	105	24	89.021683	Νομικῶν
5	1	96	2	7	2	1681	2950	120	29	96.477722	προσώπων
5	1	96	2	7	3	1812	2951	54	19	90.483727	1.009
4	1	96	2	8	0	1627	2993	178	21	-1	
5	1	96	2	8	1	1627	2993	178	21	80.056061	ΣΥΝΔΡΟΜΕΣ
2	1	97	0	0	0	1918	2805	341	8	-1	
3	1	97	1	0	0	1918	2805	341	8	-1	
4	1	97	1	1	0	1918	2805	341	8	-1	
5	1	97	1	1	1	1918	2805	341	8	95.000000	 
2	1	98	0	0	0	1915	2831	349	205	-1	
3	1	98	1	0	0	1922	2831	335	191	-1	
4	1	98	1	1	0	1963	2831	263	49	-1	
5	1	98	1	1	1	1963	2833	74	39	77.716705	ΑΦΟΙ
5	1	98	1	1	2	2053	2831	173	49	0.000000	ΔΙΑΜΑΝΤΗ’
4	1	98	1	2	0	1922	2867	338	61	-1	
5	1	98	1	2	1	1922	2885	88	41	91.604950	ΛΕΩΦ.
5	1	98	1	2	2	2020	2867	136	58	22.520088	ΒΟΥΛΙΑΓ.
5	1	98	1	2	3	2152	2873	108	55	53.184551	ΜΕΝΗΣ
4	1	98	1	3	0	1950	2922	260	65	-1	
5	1	98	1	3	1	1950	2939	69	48	23.346008	φορ.
5	1	98	1	3	2	2017	2922	193	65	84.656036	ΗΑΙΟΥΠΟΛΙΣ
4	1	98	1	4	0	1915	2979	349	57	-1	
5	1	98	1	4	1	1915	2979	130	49	0.000000	᾿ΑΘΗΝΑΙ
5	1	98	1	4	2	2057	2988	72	45	59.607742	ΤΗΛ.
5	1	98	1	4	3	2134	2989	37	39	0.000000	ολ
5	1	98	1	4	4	2171	2983	35	47	68.254623	18.
5	1	98	1	4	5	2207	2987	57	49	25.969154	672
2	1	99	0	0	0	805	3015	1033	44	-1	
3	1	99	1	0	0	805	3015	1033	44	-1	
4	1	99	1	1	0	805	3015	1033	44	-1	
5	1	99	1	1	1	805	3015	51	24	46.498169	λαός
5	1	99	1	1	2	866	3023	25	13	87.166672	το
5	1	99	1	1	3	899	3015	118	28	75.212784	μεθυσμένο
5	1	99	1	1	4	1033	3023	39	13	95.631813	που
5	1	99	1	1	5	1085	3016	56	21	51.322765	παπά
5	1	99	1	1	6	1155	3022	23	14	95.964539	το
5	1	99	1	1	7	1194	3015	64	28	84.396194	Μέγα
5	1	99	1	1	8	1270	3016	119	22	0.000000	Βασίλειο
5	1	99	1	1	9	1382	3024	44	20	94.207573	ἔχει
5	1	99	1	1	10	1438	3021	80	27	4.624161	«γλώσ-
5	1	99	1	1	11	1542	3029	126	22	53.752995	Γεωργίτσι:
5	1	99	1	1	12	1682	3029	69	19	39.062042	ἈΆβαν.
5	1	99	1	1	13	1757	3015	81	44	70.689575	Δήμον,
2	1	100	0	0	0	805	3053	1012	69	-1	
3	1	100	1	0	0	805	3053	1012	69	-1	
4	1	100	1	1	0	805	3053	1012	69	-1	
5	1	100	1	1	1	805	3057	39	15	35.096451	σαι
5	1	100	1	1	2	858	3051	138	28	25.539734	παρειμένην,
5	1	100	1	1	3	1007	3058	37	14	57.900024	καὶ
5	1	100	1	1	4	1057	3052	98	28	47.031143	κρανγήν.
5	1	100	1	1	5	1170	3051	102	29	81.492348	ἄσημον»,
5	1	100	1	1	6	1287	3053	44	20	69.679718	λέει
5	1	100	1	1	7	1346	3053	32	20	48.302666	ὁτυ
5	1	100	1	1	8	1394	3057	122	26	16.860573	«μιερδεύὺει
5	1	100	1	1	9	1541	3064	78	21	36.015354	Ἀθήνα
5	1	100	1	1	10	1631	3065	67	57	6.214447	τών
5	1	100	1	1	11	1708	3065	109	23	12.336304	Φράγκον;
2	1	101	0	0	0	1527	3107	23	36	-1	
3	1	101	1	0	0	1527	3107	23	36	-1	
4	1	101	1	1	0	1527	3107	23	36	-1	
5	1	101	1	1	1	1527	3102	23	41	31.248383	[
2	1	102	0	0	0	803	3086	727	155	-1	
3	1	102	1	0	0	803	3086	726	138	-1	
4	1	102	1	1	0	807	3086	722	30	-1	
5	1	102	1	1	1	807	3093	25	21	80.019684	τῃ
5	1	102	1	1	2	842	3087	89	27	49.107864	γλὠσσα.
5	1	102	1	1	3	945	3094	56	14	61.188293	το».
5	1	102	1	1	4	1015	3086	112	26	24.350418	Αητίθετα,
5	1	102	1	1	5	1144	3093	25	15	96.282860	σε
5	1	102	1	1	6	1185	3088	77	25	22.518829	άλλους
5	1	102	1	1	7	1275	3095	16	21	95.858849	η
5	1	102	1	1	8	1305	3089	57	27	18.550079	μέθη
5	1	102	1	1	9	1373	3089	156	27	0.000000	εκδηλώνεται
4	1	102	1	2	0	805	3123	725	28	-1	
5	1	102	1	2	1	805	3130	24	20	59.096481	µε
5	1	102	1	2	2	841	3123	135	27	77.221169	ακατάσχετη
5	1	102	1	2	3	991	3123	101	27	34.338982	φλωαρία.
5	1	102	1	2	4	1125	3123	75	25	38.784538	«Οἶνος
5	1	102	1	2	5	1215	3124	125	27	90.612183	φιλολόγους
5	1	102	1	2	6	1353	3124	81	24	55.324268	πάντας
5	1	102	1	2	7	1462	3129	68	20	44.270149	ποιεί
5	1	102	1	2	8	1524	3119	9	36	88.936264	|
4	1	102	1	3	0	803	3158	727	30	-1	
5	1	102	1	3	1	803	3165	48	18	79.814529	τους
5	1	102	1	3	2	859	3159	64	21	67.171417	πλέον
5	1	102	1	3	3	939	3159	98	24	64.252594	πίνοντας
5	1	102	1	3	4	1047	3159	85	34	0.000000	αὐτὸν».
5	1	102	1	3	5	1149	3158	47	22	69.153595	Απὸ
5	1	102	1	3	6	1209	3166	34	14	0.000000	Ἠει
5	1	102	1	3	7	1258	3159	68	29	75.988686	βγήκε
5	1	102	1	3	8	1339	3167	15	21	93.285049	η
5	1	102	1	3	9	1368	3159	80	34	93.253960	φράση:
5	1	102	1	3	10	1463	3159	67	25	65.294395	«Τω:
4	1	102	1	4	0	804	3192	391	49	-1	
5	1	102	1	4	1	804	3195	80	28	24.754044	λόθιηριε
5	1	102	1	4	2	893	3203	17	23	96.681709	η
5	1	102	1	4	3	920	3192	90	49	4.647301	Ἠλώσσα
5	1	102	1	4	4	1019	3196	43	20	91.286507	απὀ
5	1	102	1	4	5	1074	3191	26	26	61.787548	πο
5	1	102	1	4	6	1111	3196	84	28	69.714554	χρασί».
2	1	103	0	0	0	807	3237	428	5	-1	
3	1	103	1	0	0	807	3237	428	5	-1	
4	1	103	1	1	0	807	3237	428	5	-1	
5	1	103	1	1	1	807	3237	428	5	95.000000	 
2	1	104	0	0	0	803	3222	713	124	-1	
3	1	104	1	0	0	803	3222	713	124	-1	
4	1	104	1	1	0	882	3222	587	80	-1	
5	1	104	1	1	1	882	3231	238	53	92.309280	ΕΡΓΑΣΤΗΡΙΟΝ
5	1	104	1	1	2	1122	3222	314	80	0.000000	ΛΑΧΑΡΟΠΛΑΣΤΙΚΗΣ
5	1	104	1	1	3	1455	3270	14	28	32.404022	᾽
4	1	104	1	2	0	978	3285	372	25	-1	
5	1	104	1	2	1	978	3285	186	25	85.642494	ΒΑΣΙΛΕΙΟΥ
5	1	104	1	2	2	1179	3287	171	23	92.468086	ΒΕΡΓΑΔΟΥ
4	1	104	1	3	0	803	3320	713	26	-1	
5	1	104	1	3	1	803	3320	145	23	95.930756	ΠΛΑΤΕΙΑ
5	1	104	1	3	2	960	3321	109	23	96.312157	ΔΟΥΚΑ
5	1	104	1	3	3	1081	3322	15	22	96.821114	6
5	1	104	1	3	4	1106	3321	151	24	93.301468	ΣΠΑΡΤΗ
5	1	104	1	3	5	1245	3316	15	40	92.826004	-
5	1	104	1	3	6	1268	3323	70	23	95.620575	ΤΗΛ.
5	1	104	1	3	7	1349	3316	87	40	1.518723	249258
5	1	104	1	3	8	1442	3316	87	40	1.518723	24924.
2	1	105	0	0	0	805	3353	732	72	-1	
3	1	105	1	0	0	805	3353	732	72	-1	
4	1	105	1	1	0	833	3353	703	39	-1	
5	1	105	1	1	1	833	3356	141	32	89.814781	Δεχόμεθα
5	1	105	1	1	2	985	3357	100	29	84.621880	παντός
5	1	105	1	1	3	1094	3358	90	29	92.958542	εἴδους
5	1	105	1	1	4	1197	3358	203	31	0.000000	παραγγελίες,
5	1	105	1	1	5	1405	3359	51	29	55.377697	γιά
5	1	105	1	1	6	1467	3360	49	28	39.317871	Υά-
5	1	105	1	1	7	1527	3353	9	39	0.000000	᾿
4	1	105	1	2	0	805	3392	732	33	-1	
5	1	105	1	2	1	805	3397	72	25	73.176247	μους,
5	1	105	1	2	2	893	3392	135	28	42.765064	δαπτίσια,
5	1	105	1	2	3	1041	3392	167	32	92.007782	ἀρραθῶνες,
5	1	105	1	2	4	1225	3394	116	29	38.778908	Γαγωτό
5	1	105	1	2	5	1352	3395	34	30	68.529465	μέ
5	1	105	1	2	6	1400	3395	33	23	96.327034	τό
5	1	105	1	2	7	1447	3395	68	23	86.915611	κιλό.
5	1	105	1	2	8	1534	3410	3	10	50.585953	-
2	1	106	0	0	0	1918	3029	345	57	-1	
3	1	106	1	0	0	1918	3029	345	57	-1	
4	1	106	1	1	0	1918	3029	345	57	-1	
5	1	106	1	1	1	1918	3051	182	24	63.101849	ΦΩΤΙΣΓΙΚΑ»
5	1	106	1	1	2	2103	3029	160	57	87.000549	ΚΡΥΣΤΑΛΑ
2	1	107	0	0	0	1912	3085	347	79	-1	
3	1	107	1	0	0	1912	3085	347	79	-1	
4	1	107	1	1	0	1925	3085	334	55	-1	
5	1	107	1	1	1	1925	3093	218	40	7.555893	ΠΟΡΒΣΕΛΑΝΕΣ-
5	1	107	1	1	2	2149	3085	110	55	64.997437	ΔΙΑΚΟ:
4	1	107	1	2	0	1912	3137	319	27	-1	
5	1	107	1	2	1	1903	3139	162	39	0.000000	ΣΜΗΤΗΚΑ-
5	1	107	1	2	2	2072	3139	88	25	95.407318	ΔΩΡΑ.
5	1	107	1	2	3	2229	3137	2	2	71.637146	|
2	1	108	0	0	0	1568	3102	270	84	-1	
3	1	108	1	0	0	1568	3102	270	84	-1	
4	1	108	1	1	0	1568	3102	270	84	-1	
5	1	108	1	1	1	1568	3138	3	2	5.686371	ι
5	1	108	1	1	2	1580	3102	189	84	15.988991	πανκπασημου
5	1	108	1	1	3	1779	3137	24	19	94.612045	46
5	1	108	1	1	4	1811	3138	27	18	75.175011	δ΄
2	1	109	0	0	0	1598	3173	656	5	-1	
3	1	109	1	0	0	1598	3173	656	5	-1	
4	1	109	1	1	0	1598	3173	656	5	-1	
5	1	109	1	1	1	1598	3173	656	5	95.000000	 
2	1	110	0	0	0	1526	3205	4	101	-1	
3	1	110	1	0	0	1526	3205	4	101	-1	
4	1	110	1	1	0	1526	3205	4	13	-1	
5	1	110	1	1	1	1526	3205	4	13	31.263535	1
4	1	110	1	2	0	1527	3219	3	9	-1	
5	1	110	1	2	1	1527	3219	3	9	0.000000	ι
4	1	110	1	3	0	1526	3299	3	7	-1	
5	1	110	1	3	1	1526	3299	4	14	46.369514	Σ
2	1	111	0	0	0	1733	3180	364	111	-1	
3	1	111	1	0	0	1733	3180	348	111	-1	
4	1	111	1	1	0	1742	3180	334	52	-1	
5	1	111	1	1	1	1742	3180	243	41	91.523506	ΠΡΑΚΤΟΡΕ
5	1	111	1	1	2	2001	3193	75	39	44.275536	1ΟΝ8
4	1	111	1	2	0	1742	3233	355	23	-1	
5	1	111	1	2	1	1742	3233	160	23	87.917580	ΠΡΟ-ΠΟ
5	1	111	1	2	2	1887	3229	17	39	91.372169	ἃ
5	1	111	1	2	3	1928	3233	169	23	38.052345	ΛΑΧΕΙΩΝ
4	1	111	1	3	0	1733	3269	348	22	-1	
5	1	111	1	3	1	1733	3269	73	22	94.947296	«ΤΟ
5	1	111	1	3	2	1848	3269	233	22	0.000000	ΣΤΑΝΤΑΡ»
2	1	112	0	0	0	1690	3304	444	114	-1	
3	1	112	1	0	0	1690	3304	444	114	-1	
4	1	112	1	1	0	1796	3304	228	39	-1	
5	1	112	1	1	1	1796	3305	77	38	2.870186	ΤΛΣΙΛ
5	1	112	1	1	2	1903	3304	121	39	81.790878	ΒΛΛΛΣΣΗ
4	1	112	1	2	0	1690	3357	444	33	-1	
5	1	112	1	2	1	1690	3360	186	30	85.458862	᾿Ακροπόλεως
5	1	112	1	2	2	1885	3359	31	23	93.259430	25
5	1	112	1	2	3	1927	3359	19	23	91.942245	ἃ
5	1	112	1	2	4	1957	3357	138	33	91.942245	Βρασίδου
5	1	112	1	2	5	2104	3359	30	26	93.264244	58
4	1	112	1	3	0	1729	3395	353	23	-1	
5	1	112	1	3	1	1729	3395	146	23	0.000000	ΣΠΑΡΤΗ
5	1	112	1	3	2	1884	3395	105	23	47.125771	---ΤΗΛ.
5	1	112	1	3	3	1999	3395	83	23	46.248417	22.774
2	1	113	0	0	0	2067	3531	116	7	-1	
3	1	113	1	0	0	2067	3531	116	7	-1	
4	1	113	1	1	0	2067	3531	116	7	-1	
5	1	113	1	1	1	2067	3531	116	7	95.000000	 
2	1	114	0	0	0	2235	618	37	21	-1	
3	1	114	1	0	0	2235	618	37	21	-1	
4	1	114	1	1	0	2235	618	37	21	-1	
5	1	114	1	1	1	2235	618	37	21	96.391579	της
2	1	115	0	0	0	2227	2821	52	31	-1	
3	1	115	1	0	0	2227	2821	52	31	-1	
4	1	115	1	1	0	2227	2821	52	31	-1	
5	1	115	1	1	1	2227	2821	52	31	95.000000	 
2	1	116	0	0	0	2432	923	54	18	-1	
3	1	116	1	0	0	2432	923	54	18	-1	
4	1	116	1	1	0	2432	923	54	18	-1	
5	1	116	1	1	1	2432	923	54	18	95.000000	 
2	1	117	0	0	0	2252	3525	210	13	-1	
3	1	117	1	0	0	2252	3525	210	13	-1	
4	1	117	1	1	0	2252	3525	210	13	-1	
5	1	117	1	1	1	2252	3525	210	13	95.000000	 
