level	page_num	block_num	par_num	line_num	word_num	left	top	width	height	conf	text
1	1	0	0	0	0	0	0	2630	3476	-1	
2	1	1	0	0	0	201	5	501	4	-1	
3	1	1	1	0	0	201	5	501	4	-1	
4	1	1	1	1	0	201	5	501	4	-1	
5	1	1	1	1	1	201	5	501	4	95.000000	 
2	1	2	0	0	0	151	3467	345	9	-1	
3	1	2	1	0	0	151	3467	345	9	-1	
4	1	2	1	1	0	151	3467	345	9	-1	
5	1	2	1	1	1	151	3467	345	9	95.000000	 
2	1	3	0	0	0	332	1222	540	28	-1	
3	1	3	1	0	0	332	1222	540	28	-1	
4	1	3	1	1	0	332	1222	540	28	-1	
5	1	3	1	1	1	332	1229	65	15	0.000000	Ἴτου
5	1	3	1	1	2	421	1222	109	23	0.000000	ΚΕΑ
5	1	3	1	1	3	553	1222	99	23	42.963188	ΚΑΝΤ
5	1	3	1	1	4	668	1230	43	15	78.166786	και
5	1	3	1	1	5	724	1231	15	19	91.068031	η
5	1	3	1	1	6	755	1223	61	27	72.388885	κόρη
5	1	3	1	1	7	827	1230	45	14	92.994453	του
2	1	4	0	0	0	367	212	154	24	-1	
3	1	4	1	0	0	367	212	154	24	-1	
4	1	4	1	1	0	367	212	154	24	-1	
5	1	4	1	1	1	367	212	154	24	52.864655	ΤΕΩΡΓΙΤΣΙ
2	1	5	0	0	0	696	6	1039	21	-1	
3	1	5	1	0	0	696	6	1039	21	-1	
4	1	5	1	1	0	696	6	1039	21	-1	
5	1	5	1	1	1	696	6	1039	21	95.000000	 
2	1	6	0	0	0	747	249	921	9	-1	
3	1	6	1	0	0	747	249	921	9	-1	
4	1	6	1	1	0	747	249	921	9	-1	
5	1	6	1	1	1	747	249	921	9	95.000000	 
2	1	7	0	0	0	358	253	276	7	-1	
3	1	7	1	0	0	358	253	276	7	-1	
4	1	7	1	1	0	358	253	276	7	-1	
5	1	7	1	1	1	358	253	276	7	95.000000	 
2	1	8	0	0	0	434	301	553	86	-1	
3	1	8	1	0	0	434	301	553	86	-1	
4	1	8	1	1	0	434	301	553	86	-1	
5	1	8	1	1	1	434	302	40	58	6.294746	Όι
5	1	8	1	1	2	496	301	195	68	36.280293	Απόζημιι
5	1	8	1	1	3	713	301	274	86	7.275146	ὑπμπυργούν
2	1	9	0	0	0	483	404	453	25	-1	
3	1	9	1	0	0	483	404	453	25	-1	
4	1	9	1	1	0	483	404	453	25	-1	
5	1	9	1	1	1	483	404	72	25	4.049004	ΣΤό
5	1	9	1	1	2	576	406	193	23	81.467041	ΜΟΝΤΡΕΑΙ
5	1	9	1	1	3	792	406	144	21	67.588570	ΚΑΝΑΔΑ
2	1	10	0	0	0	349	458	717	792	-1	
3	1	10	1	0	0	354	458	711	101	-1	
4	1	10	1	1	0	381	458	683	28	-1	
5	1	10	1	1	1	381	460	22	22	79.548279	9
5	1	10	1	1	2	414	460	32	31	90.009636	Ο
5	1	10	1	1	3	458	459	164	23	88.328896	ΣΤΑΣΡΟΣ
5	1	10	1	1	4	635	460	31	21	63.538353	Γ.
5	1	10	1	1	5	678	459	256	22	42.588722	ΝΕΟΦΩΤΙΣΤΟΣ
5	1	10	1	1	6	948	458	116	28	39.600239	δηµιούρ-
4	1	10	1	2	0	354	494	711	30	-1	
5	1	10	1	2	1	354	500	66	24	83.191147	γησε
5	1	10	1	2	2	428	502	45	15	93.109764	στο
5	1	10	1	2	3	482	495	134	28	0.000000	Ἰἡόνπρεαλ
5	1	10	1	2	4	627	495	45	22	76.674126	νέο
5	1	10	1	2	5	686	495	130	28	41.476372	ρέσπωραν
5	1	10	1	2	6	823	494	155	27	62.020603	πολυσελούς
5	1	10	1	2	7	991	501	74	16	78.197289	καπια-
4	1	10	1	3	0	354	532	416	27	-1	
5	1	10	1	3	1	354	532	97	27	90.583900	σκευής
5	1	10	1	3	2	465	532	42	27	91.532776	γιά
5	1	10	1	3	3	520	532	107	27	21.980522	ενελερατή
5	1	10	1	3	4	642	532	128	21	73.701134	σελατεία.
3	1	10	2	0	0	352	572	712	101	-1	
4	1	10	2	1	0	390	572	673	29	-1	
5	1	10	2	1	1	390	573	23	22	37.149086	9
5	1	10	2	1	2	432	573	33	22	45.766670	Οἱ:
5	1	10	2	1	3	476	573	72	28	94.038681	Αφοί
5	1	10	2	1	4	562	573	175	28	95.848511	Παναγιώτης
5	1	10	2	1	5	753	580	42	15	76.586517	μαι
5	1	10	2	1	6	805	573	113	27	83.051308	Γιάννης
5	1	10	2	1	7	932	572	31	21	32.057564	1.
5	1	10	2	1	8	978	572	85	27	45.086231	Γεωρ-
4	1	10	2	2	0	353	608	711	29	-1	
5	1	10	2	2	1	353	609	94	28	78.669189	γούλης
5	1	10	2	2	2	456	608	203	29	9.070633	επµοτρέφαντες
5	1	10	2	2	3	670	615	44	16	93.293678	στο
5	1	10	2	2	4	725	609	142	27	48.231834	ἸΜόνπρεαλ,
5	1	10	2	2	5	876	608	188	28	52.517643	δημιούργησαν
4	1	10	2	3	0	352	644	255	29	-1	
5	1	10	2	3	1	352	645	59	28	44.126797	νέες
5	1	10	2	3	2	426	644	181	29	45.842403	επιχειρήσεις.
3	1	10	3	0	0	353	686	712	141	-1	
4	1	10	3	1	0	390	686	675	34	-1	
5	1	10	3	1	1	390	686	23	28	67.659859	Φ
5	1	10	3	1	2	431	692	33	22	75.863937	Οἱ
5	1	10	3	1	3	473	692	72	27	96.049881	Αφοί
5	1	10	3	1	4	558	692	49	21	79.196198	Ηλ.
5	1	10	3	1	5	618	692	148	27	90.461876	Καλαντξή:
5	1	10	3	1	6	778	692	31	28	91.721535	α)
5	1	10	3	1	7	825	692	21	22	91.721535	Ο
5	1	10	3	1	8	860	692	114	27	74.626404	Γιάννης
5	1	10	3	1	9	1008	692	57	27	90.859612	έχει
4	1	10	3	2	0	355	727	710	29	-1	
5	1	10	3	2	1	355	728	186	28	62.976311	εµποροραφείο
5	1	10	3	2	2	551	735	32	20	80.132133	µε
5	1	10	3	2	3	593	728	108	22	88.872597	πλούσια
5	1	10	3	2	4	709	728	128	26	73.184464	πελατεία,
5	1	10	3	2	5	850	728	30	27	76.713684	ϐ)
5	1	10	3	2	6	890	735	15	14	95.510406	ο
5	1	10	3	2	7	915	727	119	27	62.355507	Γιώργος
5	1	10	3	2	8	1044	727	21	20	89.863350	έ-
4	1	10	3	3	0	353	763	711	29	-1	
5	1	10	3	3	1	353	763	41	28	93.218437	χει
5	1	10	3	3	2	404	763	173	27	46.557346	ΡΕΡΑΝΕΙ,,
5	1	10	3	3	3	591	764	30	28	84.492157	γ)
5	1	10	3	3	4	634	764	133	27	48.185886	Ανπώνης,
5	1	10	3	3	5	777	763	175	28	93.005135	Παναγιώτης
5	1	10	3	3	6	962	769	44	16	14.037735	24αι
5	1	10	3	3	7	1021	763	13	21	0.000000	4
5	1	10	3	3	8	1042	770	22	19	0.000000	π-
4	1	10	3	4	0	349	789	411	42	-1	
5	1	10	3	4	1	349	789	104	42	59.041260	μήσρης.
5	1	10	3	4	2	469	799	51	22	92.757149	ένα
5	1	10	3	4	3	530	799	79	28	26.696304	ὠραίο
5	1	10	3	4	4	620	799	140	28	64.420990	οεστωράν.
3	1	10	4	0	0	353	840	712	63	-1	
4	1	10	4	1	0	380	840	685	28	-1	
5	1	10	4	1	1	380	840	31	30	68.629028	ϐ
5	1	10	4	1	2	418	840	113	27	66.930725	Κώστας
5	1	10	4	1	3	542	840	49	21	93.282410	Σπ.
5	1	10	4	1	4	606	841	115	27	53.897778	Ῥασσυάς
5	1	10	4	1	5	731	840	104	28	82.290840	αρίσπην
5	1	10	4	1	6	846	840	162	27	25.761322	οὐιοδοµωκήν
5	1	10	4	1	7	1043	848	22	13	35.867401	ε-
4	1	10	4	2	0	353	884	182	21	-1	
5	1	10	4	2	1	353	876	128	29	0.000000	ταιρείαν.
3	1	10	5	0	0	352	895	714	84	-1	
4	1	10	5	1	0	380	895	686	52	-1	
5	1	10	5	1	1	380	916	22	21	86.328949	ϐ
5	1	10	5	1	2	418	910	81	33	59.680832	Αούις
5	1	10	5	1	3	508	916	31	21	19.728912	Τ.
5	1	10	5	1	4	552	895	109	52	26.445282	Νεέρος.
5	1	10	5	1	5	659	916	113	27	58.952560	επαιρεία
5	1	10	5	1	6	787	916	143	25	21.611420	Ο1ΙΝΕΚΕ,
5	1	10	5	1	7	943	924	15	12	96.542862	ο
5	1	10	5	1	8	969	916	29	20	93.282455	δε
5	1	10	5	1	9	1009	915	57	27	25.416618	ωμός
4	1	10	5	2	0	352	950	657	29	-1	
5	1	10	5	2	1	352	959	45	13	91.810104	του
5	1	10	5	2	2	410	950	153	29	52.609947	οοχολείται
5	1	10	5	2	3	576	958	32	20	93.289398	µε
5	1	10	5	2	4	623	951	193	28	0.000000	ξενοδοχειανές
5	1	10	5	2	5	828	950	181	28	41.203453	εσοιχειρήσιες.
3	1	10	6	0	0	352	984	712	71	-1	
4	1	10	6	1	0	388	984	676	36	-1	
5	1	10	6	1	1	388	992	22	21	77.405045	ϐ
5	1	10	6	1	2	427	992	113	27	91.913010	Κώστας
5	1	10	6	1	3	554	992	31	21	74.873306	Γ.
5	1	10	6	1	4	600	984	100	36	88.590820	Ντέρος
5	1	10	6	1	5	712	997	31	22	93.057510	µε
5	1	10	6	1	6	756	992	132	22	11.260544	ΟΙΙΙΝΕΕ
5	1	10	6	1	7	904	1000	44	13	91.231621	και
5	1	10	6	1	8	963	999	32	14	85.478981	ται
5	1	10	6	1	9	1009	998	55	14	0.000000	σόαι-
4	1	10	6	2	0	352	1027	511	28	-1	
5	1	10	6	2	1	352	1028	42	21	96.841080	διά
5	1	10	6	2	2	417	1034	45	15	91.986618	του
5	1	10	6	2	3	476	1027	193	28	33.051872	ξενοδοχ.ειωαές
5	1	10	6	2	4	684	1028	179	27	11.562164	επιχειρήσεις.
3	1	10	7	0	0	381	1068	587	29	-1	
4	1	10	7	1	0	381	1068	587	29	-1	
5	1	10	7	1	1	381	1069	15	22	41.692650	9
5	1	10	7	1	2	418	1069	84	28	87.747406	Νίκος
5	1	10	7	1	3	513	1068	101	29	91.121468	Νπέρος
5	1	10	7	1	4	625	1069	143	28	56.122055	ασχολείται
5	1	10	7	1	5	778	1077	31	27	92.748672	µε
5	1	10	7	1	6	820	1069	148	35	6.379395	ΟΙ.ΙΝΕΚ.
3	1	10	8	0	0	354	1110	708	66	-1	
4	1	10	8	1	0	382	1110	680	29	-1	
5	1	10	8	1	1	382	1111	23	22	75.136108	ϐ
5	1	10	8	1	2	425	1110	174	29	60.991394	Παναγιώτης
5	1	10	8	1	3	616	1111	172	28	41.315720	Δαλαμπήρας
5	1	10	8	1	4	799	1118	32	21	72.427925	µε
5	1	10	8	1	5	841	1117	29	15	72.427925	το
5	1	10	8	1	6	886	1111	39	28	0.000000	γιό
5	1	10	8	1	7	936	1118	44	14	0.000000	του
5	1	10	8	1	8	996	1111	66	27	78.352432	Χρή-
4	1	10	8	2	0	354	1146	503	30	-1	
5	1	10	8	2	1	354	1153	43	15	91.650223	στο
5	1	10	8	2	2	410	1146	246	23	1.514526	ΚΕΡΓΑὉΤΚΑΝΤ’.
5	1	10	8	2	3	852	1173	5	3	0.000000	:
3	1	10	9	0	0	379	1187	686	63	-1	
4	1	10	9	1	0	379	1187	686	28	-1	
5	1	10	9	1	1	379	1187	22	22	90.235832	ϐ
5	1	10	9	1	2	418	1187	175	28	60.012459	Παναγιώτης
5	1	10	9	1	3	604	1188	173	27	76.811279	ΠΜανεσιώτης
5	1	10	9	1	4	786	1196	31	19	90.101883	µε
5	1	10	9	1	5	828	1188	143	25	22.934692	ΟΙ,1ΝΕΧΚ,
5	1	10	9	1	6	985	1195	15	13	96.519501	ο
5	1	10	9	1	7	1010	1188	55	25	96.394890	γιός
4	1	10	9	2	0	912	1223	146	27	-1	
5	1	10	9	2	1	912	1223	146	27	51.075535	εργοστάσιο
2	1	11	0	0	0	652	384	104	4	-1	
3	1	11	1	0	0	652	384	104	4	-1	
4	1	11	1	1	0	652	384	104	4	-1	
5	1	11	1	1	1	652	384	104	4	95.000000	 
2	1	12	0	0	0	351	1258	713	333	-1	
3	1	12	1	0	0	353	1258	156	28	-1	
4	1	12	1	1	0	353	1258	156	28	-1	
5	1	12	1	1	1	353	1258	156	28	38.899540	ενδυμάτων.
3	1	12	2	0	0	353	1299	711	70	-1	
4	1	12	2	1	0	378	1299	686	29	-1	
5	1	12	2	1	1	378	1300	23	21	55.740776	6
5	1	12	2	1	2	422	1299	21	22	89.201912	Ο
5	1	12	2	1	3	455	1299	171	28	86.682053	Χαράλαμπος
5	1	12	2	1	4	647	1300	178	28	81.086769	Ανδριανάκης
5	1	12	2	1	5	838	1300	48	27	92.089264	ήδη
5	1	12	2	1	6	920	1300	144	25	81.277275	συνπαξιού-
4	1	12	2	2	0	353	1335	630	34	-1	
5	1	12	2	2	1	353	1341	46	22	80.440620	χος
5	1	12	2	2	2	410	1335	146	34	88.894806	ασχολείται
5	1	12	2	2	3	569	1344	32	19	46.959797	µε
5	1	12	2	2	4	615	1336	42	27	96.771065	την
5	1	12	2	2	5	674	1336	87	28	80.926041	άριστη
5	1	12	2	2	6	776	1336	142	27	81.151840	οικογένειά
5	1	12	2	2	7	931	1343	52	14	96.182121	του.
3	1	12	3	0	0	379	1374	683	34	-1	
4	1	12	3	1	0	379	1374	683	34	-1	
5	1	12	3	1	1	379	1376	14	22	84.858162	9
5	1	12	3	1	2	409	1374	86	30	85.742592	Γιώρ.
5	1	12	3	1	3	512	1376	47	23	88.767670	4θ.
5	1	12	3	1	4	576	1376	137	29	66.359795	Καχσαρός
5	1	12	3	1	5	726	1377	142	28	60.856358	ασχολείσαι
5	1	12	3	1	6	878	1384	34	24	92.918159	µε
5	1	12	3	1	7	922	1377	140	27	66.832291	οέσπωραν.
3	1	12	4	0	0	386	1418	596	30	-1	
4	1	12	4	1	0	386	1418	596	30	-1	
5	1	12	4	1	1	386	1418	23	23	87.250862	6
5	1	12	4	1	2	428	1418	21	24	92.311600	Ο
5	1	12	4	1	3	460	1418	119	30	94.590973	Χρήστος
5	1	12	4	1	4	588	1419	48	23	88.718178	46.
5	1	12	4	1	5	648	1419	137	29	24.910133	Κατσαρός
5	1	12	4	1	6	792	1428	31	20	24.910133	µε
5	1	12	4	1	7	840	1419	142	24	15.411751	6ΙΙΝΕΙΚ.
3	1	12	5	0	0	351	1456	713	64	-1	
4	1	12	5	1	0	380	1456	684	29	-1	
5	1	12	5	1	1	380	1456	23	21	92.250793	9
5	1	12	5	1	2	421	1456	21	23	90.882111	Ο
5	1	12	5	1	3	457	1456	174	28	95.815399	Παναγιώτης
5	1	12	5	1	4	644	1457	47	28	59.987888	40.
5	1	12	5	1	5	705	1456	113	29	88.555115	Τοίχλης
5	1	12	5	1	6	830	1452	138	37	67.451775	εργολήνεης
5	1	12	5	1	7	980	1456	84	21	37.223354	-ελαιο-
4	1	12	5	2	0	351	1486	273	39	-1	
5	1	12	5	2	1	351	1486	194	39	83.909767	χθωματισμών.
5	1	12	5	2	2	622	1509	2	2	0.000000	ι
3	1	12	6	0	0	379	1509	649	47	-1	
4	1	12	6	1	0	379	1509	649	47	-1	
5	1	12	6	1	1	379	1528	22	21	61.590786	ϐ
5	1	12	6	1	2	416	1527	81	26	61.590786	Αθαν.
5	1	12	6	1	3	516	1536	44	13	43.834797	γαι
5	1	12	6	1	4	575	1528	135	27	85.194466	Διονύσιος
5	1	12	6	1	5	721	1509	114	47	8.058151	Ποίχλης
5	1	12	6	1	6	846	1536	32	20	61.214317	µε
5	1	12	6	1	7	889	1528	139	27	60.774796	ρέστωραν.
3	1	12	7	0	0	380	1563	652	28	-1	
4	1	12	7	1	0	380	1563	652	28	-1	
5	1	12	7	1	1	380	1563	22	22	75.428986	6
5	1	12	7	1	2	421	1563	120	28	51.384468	Ιωάννης
5	1	12	7	1	3	550	1563	165	28	33.334534	Διναρδάνης
5	1	12	7	1	4	727	1564	166	27	25.682877	ξυλουργωσές
5	1	12	7	1	5	907	1564	125	27	47.313461	εργασίες.
2	1	13	0	0	0	429	1642	539	56	-1	
3	1	13	1	0	0	429	1642	539	56	-1	
4	1	13	1	1	0	429	1642	539	56	-1	
5	1	13	1	1	1	429	1642	539	56	0.000000	«ΕΕΣζΑΛΡΒΕΕΤΗΠΙΡΕΟ
2	1	14	0	0	0	350	1728	714	595	-1	
3	1	14	1	0	0	350	1728	714	311	-1	
4	1	14	1	1	0	374	1728	688	22	-1	
5	1	14	1	1	1	374	1728	234	22	29.575104	ΕΥΧΑΡΙΣΤΩ
5	1	14	1	1	2	618	1740	24	3	68.773941	--
5	1	14	1	1	3	654	1729	141	21	71.606750	ΕΠΑΙΝΩ
5	1	14	1	1	4	805	1729	67	21	39.197559	ΑΙ
5	1	14	1	1	5	886	1729	176	21	88.907692	ΣΥΓΧΑΙΡΩ
4	1	14	1	2	0	352	1761	709	29	-1	
5	1	14	1	2	1	352	1761	61	29	92.388466	τοὺς
5	1	14	1	2	2	425	1763	102	27	27.034332	ιαπρούς
5	1	14	1	2	3	538	1767	48	22	92.885391	της
5	1	14	1	2	4	597	1763	189	27	85.489845	Χειρουογικής
5	1	14	1	2	5	800	1763	128	27	0.000000	Κλινωθής
5	1	14	1	2	6	939	1767	48	17	85.618271	που
5	1	14	1	2	7	1001	1763	60	21	63.913273	Γεν.
4	1	14	1	3	0	353	1797	701	28	-1	
5	1	14	1	3	1	353	1797	130	27	69.215897	Κροατωιού
5	1	14	1	3	2	496	1797	177	28	8.284691	Ἰοσονεομείου
5	1	14	1	3	3	682	1798	133	27	0.000000	ὶπάρτης,
5	1	14	1	3	4	831	1806	53	12	65.405807	κ.κ.
5	1	14	1	3	5	904	1797	150	22	38.015213	ΦΕΣΣΑ4ΑΝ-
4	1	14	1	4	0	352	1829	712	29	-1	
5	1	14	1	4	1	352	1829	171	25	29.209663	ΣΟΔΩΜΟΥ
5	1	14	1	4	2	539	1845	8	4	87.880287	-
5	1	14	1	4	3	562	1832	164	22	85.683548	ΤΟΡΝΑΡΗ
5	1	14	1	4	4	743	1840	43	15	92.940910	και
5	1	14	1	4	5	796	1832	167	26	37.678684	40:1:20Ν,
5	1	14	1	4	6	999	1833	65	21	52.676357	ὁόπου
4	1	14	1	5	0	353	1868	711	28	-1	
5	1	14	1	5	1	353	1868	65	21	47.736595	κατά
5	1	14	1	5	2	430	1868	45	28	63.061176	τν
5	1	14	1	5	3	490	1868	139	28	31.851913	ασερὀοσετον
5	1	14	1	5	4	644	1869	144	27	41.171867	ευσαγωγήν
5	1	14	1	5	5	804	1876	48	20	96.130371	µου
5	1	14	1	5	6	872	1875	47	14	37.195221	στο
5	1	14	1	5	7	933	1868	131	23	0.000000	 ΙΝνοσοψιο-
4	1	14	1	6	0	350	1903	712	29	-1	
5	1	14	1	6	1	350	1903	65	29	72.444061	µείο,
5	1	14	1	6	2	432	1903	130	27	96.194809	επέδειξαν
5	1	14	1	6	3	577	1904	156	33	93.494240	ενδιαφέρον
5	1	14	1	6	4	740	1911	43	14	89.245026	και
5	1	14	1	6	5	792	1904	130	28	31.027649	προσοχήν
5	1	14	1	6	6	937	1910	61	20	88.435944	στην
5	1	14	1	6	7	1021	1911	41	13	67.152458	πε-
4	1	14	1	7	0	352	1939	410	29	-1	
5	1	14	1	7	1	352	1939	113	34	72.364487	ρἰπτωσή
5	1	14	1	7	2	479	1947	48	20	95.197266	µου
5	1	14	1	7	3	540	1939	73	22	96.952766	τόσον
5	1	14	1	7	4	627	1940	61	28	79.332687	εμού
5	1	14	1	7	5	702	1940	60	21	86.941620	όσον
4	1	14	1	8	0	352	1976	711	28	-1	
5	1	14	1	8	1	352	1984	50	13	96.166084	των
5	1	14	1	8	2	424	1971	126	31	85.419952	ασθενών,
5	1	14	1	8	3	568	1977	88	27	28.171417	ριαθώς
5	1	14	1	8	4	671	1984	43	14	62.321392	2αι
5	1	14	1	8	5	728	1984	28	13	89.713242	το
5	1	14	1	8	6	765	1971	149	33	0.000000	σιροσωσεωιό
5	1	14	1	8	7	928	1984	52	13	93.242561	των
5	1	14	1	8	8	993	1976	70	22	28.686562	«δελ-
4	1	14	1	9	0	352	2011	564	28	-1	
5	1	14	1	9	1	352	2011	59	27	88.850647	φών
5	1	14	1	9	2	423	2011	165	27	63.790939	Νοσοκόκων,
5	1	14	1	9	3	604	2012	80	25	89.779449	αξίδει
5	1	14	1	9	4	697	2012	219	27	13.284065	σαγχαρητηρίων.
3	1	14	2	0	0	350	2046	714	207	-1	
4	1	14	2	1	0	376	2046	688	28	-1	
5	1	14	2	1	1	376	2046	111	28	57.838463	"Επίσης
5	1	14	2	1	2	497	2047	142	27	0.000000	ευχαριστώ
5	1	14	2	1	3	650	2047	81	27	34.978607	θερμά
5	1	14	2	1	4	742	2055	62	19	91.317780	πους
5	1	14	2	1	5	810	2047	132	27	89.458794	συγγενίς,
5	1	14	2	1	6	956	2047	108	26	21.575211	πιαποιώ-
4	1	14	2	2	0	352	2082	711	28	-1	
5	1	14	2	2	1	352	2089	53	21	96.049294	τες,
5	1	14	2	2	2	420	2082	93	28	94.477180	φίλους
5	1	14	2	2	3	526	2090	43	14	47.450111	γαι
5	1	14	2	2	4	582	2083	139	27	83.128532	γνωστούς,
5	1	14	2	2	5	740	2091	23	13	86.048927	οἱ
5	1	14	2	2	6	774	2083	80	21	46.756805	οποίου
5	1	14	2	2	7	867	2082	27	28	61.544865	μι)
5	1	14	2	2	8	913	2082	150	26	26.155922	εσιεσρεεύθη-
4	1	14	2	3	0	351	2116	711	33	-1	
5	1	14	2	3	1	351	2112	56	41	52.784153	σαν,
5	1	14	2	3	2	422	2112	42	41	52.784153	µου
5	1	14	2	3	3	477	2116	186	30	78.837784	τηλεφώνησαν
5	1	14	2	3	4	677	2118	15	28	88.803101	ή
5	1	14	2	3	5	703	2125	42	16	28.587852	αι
5	1	14	2	3	6	758	2118	69	28	87.610718	µέσω
5	1	14	2	3	7	839	2118	91	27	73.836395	τρίτων
5	1	14	2	3	8	943	2117	119	22	28.083618	επυκουνώ
4	1	14	2	4	0	352	2148	708	34	-1	
5	1	14	2	4	1	352	2148	80	33	81.747925	νησον
5	1	14	2	4	2	444	2148	60	33	72.085670	µαδί
5	1	14	2	4	3	514	2149	63	32	24.845299	μου.
5	1	14	2	4	4	589	2154	18	21	61.387096	Ἐ
5	1	14	2	4	5	611	2154	93	28	56.110794	ύχαμαι
5	1	14	2	4	6	718	2153	150	28	66.399269	πανποτεινή
5	1	14	2	4	7	880	2153	76	28	86.488594	υγεία
5	1	14	2	4	8	969	2157	31	19	16.875168	οἷε
5	1	14	2	4	9	1039	2153	21	21	62.465607	ῥὁ-
4	1	14	2	5	0	350	2189	713	28	-1	
5	1	14	2	5	1	350	2189	62	27	91.527077	λους
5	1	14	2	5	2	422	2197	47	14	0.000000	οσαμ
5	1	14	2	5	3	480	2197	39	19	94.061920	εις
5	1	14	2	5	4	533	2189	45	21	91.478264	ένα
5	1	14	2	5	5	593	2189	116	27	37.778645	έκαστον,
5	1	14	2	5	6	722	2197	43	14	93.926514	και
5	1	14	2	5	7	790	2189	106	28	39.356216	ταχεία)
5	1	14	2	5	8	929	2189	134	27	92.864830	ανάρρωση
4	1	14	2	6	0	352	2225	237	28	-1	
5	1	14	2	6	1	352	2233	76	20	93.302063	στους
5	1	14	2	6	2	438	2225	151	28	83.986008	σιάσχοντες.
3	1	14	3	0	0	526	2261	365	62	-1	
4	1	14	3	1	0	526	2261	365	30	-1	
5	1	14	3	1	1	526	2261	43	23	92.571259	Με
5	1	14	3	1	2	594	2262	120	29	86.254120	εκτίµηση
5	1	14	3	1	3	739	2270	46	14	84.628700	καὶ
5	1	14	3	1	4	804	2261	87	29	63.853172	αγάπη
4	1	14	3	2	0	606	2299	206	24	-1	
5	1	14	3	2	1	606	2299	54	24	65.197998	46.
5	1	14	3	2	2	687	2299	125	23	62.366711	4ΗΜΟΣ
2	1	15	0	0	0	796	1939	279	29	-1	
3	1	15	1	0	0	796	1939	279	29	-1	
4	1	15	1	1	0	796	1939	279	29	-1	
5	1	15	1	1	1	796	1946	43	27	23.521942	παν
5	1	15	1	1	2	850	1946	45	14	95.677238	που
5	1	15	1	1	3	927	1939	136	21	62.162292	υσιολοίπου
5	1	15	1	1	4	1073	1958	2	10	93.980843	|
2	1	16	0	0	0	1073	299	611	51	-1	
3	1	16	1	0	0	1073	299	611	51	-1	
4	1	16	1	1	0	1073	299	611	51	-1	
5	1	16	1	1	1	1073	299	34	43	40.556175	ΓΕ
5	1	16	1	1	2	1180	300	504	50	74.391083	ΠΕΛΛΑΝΑ
2	1	17	0	0	0	1073	387	731	1220	-1	
3	1	17	1	0	0	1074	387	720	137	-1	
4	1	17	1	1	0	1109	387	683	30	-1	
5	1	17	1	1	1	1109	388	22	21	61.744762	ϐ
5	1	17	1	1	2	1147	388	32	22	91.842514	Το
5	1	17	1	1	3	1188	390	49	27	59.063446	νερό
5	1	17	1	1	4	1249	394	35	17	37.120956	νου
5	1	17	1	1	5	1297	389	75	28	75.998329	βουνοῦ
5	1	17	1	1	6	1385	389	63	20	93.055367	ἔπεσε
5	1	17	1	1	7	1460	395	39	20	70.123611	σνη
5	1	17	1	1	8	1513	388	112	28	47.677383	δεξαμενή,
5	1	17	1	1	9	1636	395	38	14	36.599419	αν
5	1	17	1	1	10	1680	388	44	27	42.127110	Ίδη
5	1	17	1	1	11	1738	387	54	28	0.000000	Υένε-
4	1	17	1	2	0	1074	421	720	37	-1	
5	1	17	1	2	1	1074	432	41	26	28.614227	ἴπαι
5	1	17	1	2	2	1130	421	103	26	0.000000	καθνονυκά
5	1	17	1	2	3	1241	432	16	20	92.437035	η
5	1	17	1	2	4	1269	424	92	29	82.933228	ὕδρευση
5	1	17	1	2	5	1369	431	44	15	92.817535	των
5	1	17	1	2	6	1423	424	113	22	64.247116	πατοΐκων.
5	1	17	1	2	7	1546	424	63	21	8.618103	Ἠΐναι
5	1	17	1	2	8	1619	430	25	14	77.649033	το
5	1	17	1	2	9	1649	423	83	28	75.966232	μεγάλο
5	1	17	1	2	10	1742	429	52	15	63.212463	«σπο-
4	1	17	1	3	0	1075	459	719	29	-1	
5	1	17	1	3	1	1075	459	54	29	0.000000	Ἰρικὸ
5	1	17	1	3	2	1143	460	97	27	78.757568	γεγονός,
5	1	17	1	3	3	1257	466	24	15	96.034630	το
5	1	17	1	3	4	1291	460	35	22	57.378143	πιό
5	1	17	1	3	5	1335	460	114	28	12.991859	ευχάριστο
5	1	17	1	3	6	1460	466	38	21	71.431557	της
5	1	17	1	3	7	1509	460	95	27	41.817318	χρανιᾶς,
5	1	17	1	3	8	1618	465	25	15	67.841515	το
5	1	17	1	3	9	1654	459	68	28	90.095467	ὄνειρο
5	1	17	1	3	10	1737	464	57	16	0.000000	συνΕ-
4	1	17	1	4	0	1082	494	522	30	-1	
5	1	17	1	4	1	1082	496	87	27	80.519318	τελέσθη
5	1	17	1	4	2	1180	496	34	21	55.936249	επἰ
5	1	17	1	4	3	1229	496	114	28	84.334938	προεδρίας
5	1	17	1	4	4	1355	495	80	22	85.775032	Κώστο,
5	1	17	1	4	5	1445	495	37	21	93.250534	Στ.
5	1	17	1	4	6	1495	494	109	29	73.720100	Σγούρδα.
3	1	17	2	0	0	1082	530	712	137	-1	
4	1	17	2	1	0	1110	530	684	30	-1	
5	1	17	2	1	1	1110	531	22	21	51.016281	ϐ
5	1	17	2	1	2	1144	532	90	28	83.366127	Επίσης,
5	1	17	2	1	3	1243	532	102	27	76.853081	αξιόλογα
5	1	17	2	1	4	1356	532	52	21	89.341690	εἶναι
5	1	17	2	1	5	1419	539	25	14	79.354904	το
5	1	17	2	1	6	1456	531	52	28	90.588806	ἔργο
5	1	17	2	1	7	1517	538	40	14	90.174995	που
5	1	17	2	1	8	1570	531	56	27	73.784027	ἔγινε
5	1	17	2	1	9	1637	537	37	14	93.194115	στο
5	1	17	2	1	10	1687	530	107	28	4.030525	Κκυμηπή-
4	1	17	2	2	0	1085	566	708	30	-1	
5	1	17	2	2	1	1085	576	32	20	83.006996	ριο
5	1	17	2	2	2	1133	575	37	21	75.251831	της
5	1	17	2	2	3	1183	568	113	24	66.002632	Πελλάνας
5	1	17	2	2	4	1310	574	26	22	18.900711	νε
5	1	17	2	2	5	1351	567	82	27	70.472481	δαπάνη
5	1	17	2	2	6	1449	573	38	15	62.074238	νου
5	1	17	2	2	7	1500	566	108	28	0.000000	Σλλλάγου
5	1	17	2	2	8	1639	566	154	22	51.173584	Πελλαννυπῶν
4	1	17	2	3	0	1082	602	712	30	-1	
5	1	17	2	3	1	1082	604	126	28	29.870674	Στάμφορνκ
5	1	17	2	3	2	1217	602	73	27	1.098091	ΗΠΑ,
5	1	17	2	3	3	1303	603	182	28	29.810829	τσιμεντόστρωση
5	1	17	2	3	4	1495	609	37	14	96.178741	του
5	1	17	2	3	5	1545	602	99	25	80.861252	δαπέδου,
5	1	17	2	3	6	1659	602	69	27	0.000000	σούχος
5	1	17	2	3	7	1738	608	56	15	0.000000	αντι-
4	1	17	2	4	0	1083	638	602	29	-1	
5	1	17	2	4	1	1083	640	101	27	92.590889	στήριξης
5	1	17	2	4	2	1197	646	51	21	79.102036	στη
5	1	17	2	4	3	1259	639	69	22	37.622852	εἶσοδο
5	1	17	2	4	4	1337	646	44	14	52.395153	και.
5	1	17	2	4	5	1386	638	130	27	24.625381	υοποθέτηση
5	1	17	2	4	6	1527	638	133	27	45.808151	κάγκελλων.
3	1	17	3	0	0	1081	679	713	208	-1	
4	1	17	3	1	0	1112	679	678	30	-1	
5	1	17	3	1	1	1112	680	22	21	63.827244	ϐ
5	1	17	3	1	2	1152	681	87	28	0.000000	Ἔχυαν.
5	1	17	3	1	3	1253	688	36	14	96.474205	και
5	1	17	3	1	4	1304	681	38	20	43.336926	δύο
5	1	17	3	1	5	1355	680	77	29	86.801102	βρύσες
5	1	17	3	1	6	1446	687	26	21	74.715080	µε
5	1	17	3	1	7	1482	680	99	28	1.382439	χαμάρικ
5	1	17	3	1	8	1597	680	38	28	51.810436	μιᾶ
5	1	17	3	1	9	1645	686	39	16	93.171547	στο
5	1	17	3	1	10	1700	679	90	28	44.424095	Σχαλείο
4	1	17	3	2	0	1084	715	707	30	-1	
5	1	17	3	2	1	1084	717	62	22	54.339470	δίπλα,
5	1	17	3	2	2	1159	724	39	15	32.636070	απο
5	1	17	3	2	3	1213	716	66	29	90.790405	Ἡρώο
5	1	17	3	2	4	1294	724	36	14	35.035103	πι
5	1	17	3	2	5	1343	723	14	20	40.955521	η
5	1	17	3	2	6	1370	716	55	27	91.794769	ἄλλη
5	1	17	3	2	7	1441	716	57	21	54.280617	κάτω
5	1	17	3	2	8	1514	722	48	15	85.334709	σπου
5	1	17	3	2	9	1575	715	123	28	0.000000	Καλα,
5	1	17	3	2	10	1728	720	63	17	0.000000	«τα
4	1	17	3	3	0	1084	752	708	29	-1	
5	1	17	3	3	1	1084	753	146	27	26.265320	σκεμάστηαν
5	1	17	3	3	2	1239	760	27	21	73.897514	µε
5	1	17	3	3	3	1280	752	148	27	5.665741	καλλητενυκό
5	1	17	3	3	4	1440	752	88	21	74.089333	παλένπο
5	1	17	3	3	5	1539	752	43	22	27.098991	απὀὸ
5	1	17	3	3	6	1597	758	37	15	56.150135	τοῦ
5	1	17	3	3	7	1660	757	132	22	26.691078	µαρμαρατε-
4	1	17	3	4	0	1081	785	712	31	-1	
5	1	17	3	4	1	1081	789	62	27	14.300735	χνίπη
5	1	17	3	4	2	1153	788	81	23	79.500008	Κώστα
5	1	17	3	4	3	1248	788	37	21	62.734123	Σπ.
5	1	17	3	4	4	1297	787	101	28	86.061172	Σγούρδα
5	1	17	3	4	5	1411	794	40	14	96.660744	που
5	1	17	3	4	6	1464	788	55	20	94.044342	εἶναι.
5	1	17	3	4	7	1529	794	36	14	72.247833	και
5	1	17	3	4	8	1579	787	104	28	52.295914	πρὀεδρος
5	1	17	3	4	9	1692	793	37	21	79.930260	της
5	1	17	3	4	10	1744	785	49	22	0.000000	Ἔοι-
4	1	17	3	5	0	1082	822	712	29	-1	
5	1	17	3	5	1	1082	824	96	27	52.070892	νέτηπως.
5	1	17	3	5	2	1195	824	20	21	91.693542	Ἡ
5	1	17	3	5	3	1227	824	83	27	48.161350	δαπάνη,
5	1	17	3	5	4	1323	823	123	28	72.645691	κωτεβλήθη
5	1	17	3	5	5	1457	823	41	20	90.767044	απὀ
5	1	17	3	5	6	1512	830	24	13	59.818855	τὸ
5	1	17	3	5	7	1551	822	96	28	0.000000	Σἆλλογο
5	1	17	3	5	8	1675	822	119	21	80.532036	Πελλανιω-
4	1	17	3	6	0	1082	859	168	28	-1	
5	1	17	3	6	1	1082	860	40	21	72.063416	τών.
5	1	17	3	6	2	1150	859	100	28	3.593452	Ατοιῆς.
3	1	17	4	0	0	1074	895	720	176	-1	
4	1	17	4	1	0	1115	895	678	30	-1	
5	1	17	4	1	1	1115	899	22	20	86.057449	9
5	1	17	4	1	2	1151	900	21	20	21.145164	ἩΠ
5	1	17	4	1	3	1183	895	125	26	91.379227	ΕΕΤΕΙΟΣ
5	1	17	4	1	4	1317	906	42	15	93.292641	των
5	1	17	4	1	5	1369	899	117	26	85.411316	πολιούχων
5	1	17	4	1	6	1499	898	45	21	72.845993	ΑΓ.
5	1	17	4	1	7	1556	898	107	27	87.849876	ΚΩΝΣΤ)
5	1	17	4	1	8	1670	897	58	22	0.000000	κο
5	1	17	4	1	9	1739	897	54	21	95.692894	ΚΑΙ
4	1	17	4	2	0	1074	934	720	28	-1	
5	1	17	4	2	1	1074	934	124	24	25.543640	ΠΒΛΕΝΗΣ
5	1	17	4	2	2	1213	934	141	28	59.990852	γιορπάστηρα
5	1	17	4	2	3	1364	941	24	13	62.855259	Χν
5	1	17	4	2	4	1399	934	73	26	82.086967	εφέτος
5	1	17	4	2	5	1487	940	26	20	92.679626	µε
5	1	17	4	2	6	1525	934	171	26	63.383759	μεγαλοπρέπεια
5	1	17	4	2	7	1707	940	38	15	54.504143	κ.
5	1	17	4	2	8	1757	939	37	14	0.000000	κ
4	1	17	4	3	0	1081	967	711	30	-1	
5	1	17	4	3	1	1081	969	78	28	18.214478	τάνοξη
5	1	17	4	3	2	1168	970	85	27	84.748589	μεγάλη
5	1	17	4	3	3	1265	969	83	28	88.141945	συρραή
5	1	17	4	3	4	1358	968	79	22	88.679855	πιστών
5	1	17	4	3	5	1449	968	41	22	71.006081	απὀ
5	1	17	4	3	6	1504	975	27	14	94.659912	τα.
5	1	17	4	3	7	1541	969	60	27	94.659912	γύρω
5	1	17	4	3	8	1612	968	78	27	89.409645	χωριά,
5	1	17	4	3	9	1706	967	86	28	50.067062	Σπάρπη
4	1	17	4	4	0	1074	1002	719	31	-1	
5	1	17	4	4	1	1074	1012	42	14	66.117928	ἵκαι
5	1	17	4	4	2	1130	1006	80	27	84.170631	πλήρες
5	1	17	4	4	3	1219	1004	119	29	68.118866	λεωφορείο
5	1	17	4	4	4	1348	1004	40	21	75.623016	απὀ
5	1	17	4	4	5	1402	1003	75	28	93.450447	Αθήνα
5	1	17	4	4	6	1487	1011	28	20	94.863907	µε
5	1	17	4	4	7	1526	1004	52	27	61.062454	µέλη
5	1	17	4	4	8	1593	1010	36	15	91.681503	του
5	1	17	4	4	9	1637	1004	108	27	11.891701	Συλλήγωυ
5	1	17	4	4	10	1753	1002	40	21	2.846870	Απ.
4	1	17	4	5	0	1082	1038	649	33	-1	
5	1	17	4	5	1	1082	1041	59	27	43.205189	τωκής
5	1	17	4	5	2	1155	1048	37	16	67.129044	κα
5	1	17	4	5	3	1208	1040	130	31	15.995865	θπηχεφοιλἠς
5	1	17	4	5	4	1345	1046	37	15	92.370560	τον
5	1	17	4	5	5	1394	1039	100	28	13.499817	ἹΤρόεδρο
5	1	17	4	5	6	1506	1038	54	29	68.206894	Δημ.
5	1	17	4	5	7	1574	1039	157	28	0.000000	Μνχαλόπολο.
3	1	17	5	0	0	1073	1074	731	461	-1	
4	1	17	5	1	0	1111	1074	681	30	-1	
5	1	17	5	1	1	1111	1076	27	21	24.025963	Οι
5	1	17	5	1	2	1153	1076	126	28	54.773693	εκδηλώσεις
5	1	17	5	1	3	1291	1076	93	27	85.891556	ἄρχισαν
5	1	17	5	1	4	1393	1076	43	21	91.664505	απὀ
5	1	17	5	1	5	1450	1082	38	21	66.161659	τι
5	1	17	5	1	6	1499	1075	112	28	61.824371	παραµονἡ
5	1	17	5	1	7	1624	1076	51	20	73.286621	ὀπου
5	1	17	5	1	8	1688	1074	70	28	66.334969	εφάλη
5	1	17	5	1	9	1766	1081	26	21	80.039696	µε
4	1	17	5	2	0	1081	1110	712	31	-1	
5	1	17	5	2	1	1081	1113	65	27	75.690887	γάλος
5	1	17	5	2	2	1154	1113	110	28	88.722954	εσπερινὸς
5	1	17	5	2	3	1275	1118	36	15	25.183510	Ἆπι
5	1	17	5	2	4	1323	1112	92	27	0.000000	ὠµίληησε
5	1	17	5	2	5	1425	1118	15	14	95.318512	ο
5	1	17	5	2	6	1451	1111	125	28	48.444210	καθηγητής
5	1	17	5	2	7	1587	1111	95	28	89.320694	φυσικών
5	1	17	5	2	8	1691	1118	22	13	76.728699	κ.
5	1	17	5	2	9	1728	1110	65	21	31.148376	Σκικῦ-
4	1	17	5	3	0	1082	1147	722	50	-1	
5	1	17	5	3	1	1082	1156	35	20	35.005280	ῥρος
5	1	17	5	3	2	1134	1148	122	28	38.778984	Μααίρας.
5	1	17	5	3	3	1269	1148	47	28	87.146378	Την
5	1	17	5	3	4	1327	1148	60	21	63.354702	θείων
5	1	17	5	3	5	1395	1147	133	28	72.973557	λειτουργίαν
5	1	17	5	3	6	1541	1148	119	28	80.271820	ελάμπρυνε
5	1	17	5	3	7	1671	1147	35	21	58.416981	δια
5	1	17	5	3	8	1714	1152	38	23	85.989540	της
5	1	17	5	3	9	1764	1153	40	44	0.000000	ώ
4	1	17	5	4	0	1083	1182	703	31	-1	
5	1	17	5	4	1	1083	1184	84	27	45.206520	βουσίας
5	1	17	5	4	2	1179	1190	35	14	58.156960	που
5	1	17	5	4	3	1229	1192	14	13	93.825340	ο
5	1	17	5	4	4	1251	1184	173	29	60.737434	Σεβασμιώτατος
5	1	17	5	4	5	1438	1184	161	29	21.943161	Μητροπηλίνης
5	1	17	5	4	6	1612	1192	41	21	67.225967	µας
5	1	17	5	4	7	1669	1192	44	13	19.591354	και.
5	1	17	5	4	8	1741	1182	45	23	38.882259	Βλ
5	1	17	5	4	9	1774	1178	14	39	38.882259	-
4	1	17	5	5	0	1073	1218	717	36	-1	
5	1	17	5	5	1	1073	1218	146	36	48.521286	ΙΣΤΑΘΤΟΣ,
5	1	17	5	5	2	1231	1222	241	27	57.225929	ἰσυμπαρασταπούμενος
5	1	17	5	5	3	1488	1221	40	21	40.727798	υπὸ
5	1	17	5	5	4	1541	1228	35	14	63.693718	που
5	1	17	5	5	5	1607	1220	183	29	56.938034	πρωτοπρβσβύτε-
4	1	17	5	6	0	1073	1255	719	30	-1	
5	1	17	5	6	1	1073	1262	45	20	0.000000	ρου
5	1	17	5	6	2	1128	1255	113	28	0.000000	παθηγησή
5	1	17	5	6	3	1252	1257	152	28	64.500198	προϊσπωμένου
5	1	17	5	6	4	1416	1263	38	16	51.543167	που
5	1	17	5	6	5	1463	1256	19	21	33.850639	].
5	1	17	5	6	6	1497	1256	60	22	30.982956	Ναού
5	1	17	5	6	7	1567	1256	43	29	76.685043	ΑΥ.
5	1	17	5	6	8	1624	1256	96	25	0.000000	Νύκωνος
5	1	17	5	6	9	1731	1256	61	27	45.871395	Σπάρ
4	1	17	5	7	0	1081	1290	709	31	-1	
5	1	17	5	7	1	1081	1298	37	20	43.943401	πης
5	1	17	5	7	2	1133	1298	21	13	61.583599	Χ.
5	1	17	5	7	3	1170	1290	64	22	45.423538	Ἰωάν.
5	1	17	5	7	4	1251	1290	165	31	45.154034	Μικαλάπουλου
5	1	17	5	7	5	1426	1300	36	13	91.851799	του
5	1	17	5	7	6	1481	1293	97	22	47.251095	διακόνου
5	1	17	5	7	7	1587	1299	38	15	91.298340	που
5	1	17	5	7	8	1639	1299	37	14	28.865517	Άρα
5	1	17	5	7	9	1689	1299	37	14	85.957527	του
5	1	17	5	7	10	1738	1299	52	21	39.207130	ΘφΥ-
4	1	17	5	8	0	1081	1326	710	31	-1	
5	1	17	5	8	1	1081	1326	72	27	33.387024	µερύου
5	1	17	5	8	2	1166	1332	36	15	90.975975	που
5	1	17	5	8	3	1217	1326	67	23	0.000000	Ναρὸ.
5	1	17	5	8	4	1301	1328	18	22	62.589622	Ο
5	1	17	5	8	5	1330	1328	175	29	47.042900	Σεβασμιώτατος
5	1	17	5	8	6	1519	1329	80	27	65.582275	ὠἴλησε
5	1	17	5	8	7	1612	1328	113	27	0.000000	επωκκέρως
5	1	17	5	8	8	1755	1334	36	14	76.901634	και
4	1	17	5	9	0	1082	1362	708	30	-1	
5	1	17	5	9	1	1082	1362	120	27	71.281166	συγήρπασε
5	1	17	5	9	2	1215	1370	26	20	80.621719	µε
5	1	17	5	9	3	1256	1369	39	20	80.189728	την
5	1	17	5	9	4	1306	1364	152	28	23.080818	γλαφυρότητά
5	1	17	5	9	5	1474	1371	36	14	89.985092	του
5	1	17	5	9	6	1519	1371	25	14	93.270355	το
5	1	17	5	9	7	1558	1364	66	22	72.499535	πυκνὸ
5	1	17	5	9	8	1638	1364	152	27	45.074036	εκκλησίασµα..
4	1	17	5	10	0	1079	1395	724	33	-1	
5	1	17	5	10	1	1079	1397	62	24	18.444824	Καπὰ
5	1	17	5	10	2	1151	1404	29	23	81.850830	τη
5	1	17	5	10	3	1191	1398	97	29	85.608231	διάρκεια
5	1	17	5	10	4	1313	1407	38	21	95.962502	της
5	1	17	5	10	5	1361	1400	57	25	69.412659	θείας
5	1	17	5	10	6	1446	1395	164	33	19.716682	λειτουργίας,ο
5	1	17	5	10	7	1633	1399	170	29	0.000000	Σεβασιώταπος
5	1	17	5	10	8	1796	1391	11	42	55.201950	|
4	1	17	5	11	0	1081	1434	710	30	-1	
5	1	17	5	11	1	1081	1436	98	28	61.386322	απένειµα
5	1	17	5	11	2	1190	1443	39	15	53.441071	τοῦ
5	1	17	5	11	3	1243	1436	124	28	0.000000	εραρχυκέν
5	1	17	5	11	4	1379	1436	68	27	39.673027	βαθµὀ
5	1	17	5	11	5	1463	1443	36	13	73.273666	του
5	1	17	5	11	6	1510	1434	180	23	88.332520	ΑΝΑΓΝΩΣΤΗ
5	1	17	5	11	7	1705	1441	49	16	77.726913	στον
5	1	17	5	11	8	1768	1442	23	13	86.923843	α-
4	1	17	5	12	0	1081	1470	701	30	-1	
5	1	17	5	12	1	1081	1472	106	27	42.208004	κούραστο
5	1	17	5	12	2	1199	1480	38	13	64.528015	χα
5	1	17	5	12	3	1251	1472	70	28	57.799931	σεμνό-
5	1	17	5	12	4	1329	1472	115	27	31.703262	εροφόᾶλτη
5	1	17	5	12	5	1457	1470	101	29	0.000000	Δημήνρη
5	1	17	5	12	6	1567	1471	50	28	31.547852	Χρ.
5	1	17	5	12	7	1632	1471	98	28	30.614761	Περδίωῃ
5	1	17	5	12	8	1743	1478	39	14	80.995132	που
4	1	17	5	13	0	1080	1507	560	28	-1	
5	1	17	5	13	1	1080	1508	34	21	72.978676	επὶ
5	1	17	5	13	2	1128	1508	69	21	69.638016	πολλὰ
5	1	17	5	13	3	1208	1508	77	27	82.919556	χρόνιο,
5	1	17	5	13	4	1295	1507	116	28	32.044945	πρασφἑρει
5	1	17	5	13	5	1427	1514	31	17	95.894211	τις
5	1	17	5	13	6	1468	1508	113	27	96.067284	υπηρεσίες
5	1	17	5	13	7	1595	1513	45	15	68.364899	που.
3	1	17	6	0	0	1079	1542	712	65	-1	
4	1	17	6	1	0	1102	1542	689	46	-1	
5	1	17	6	1	1	1102	1543	165	28	0.000000	Ἐπηρκολούθηησε
5	1	17	6	1	2	1278	1543	70	28	57.982323	γεύμα
5	1	17	6	1	3	1358	1550	38	14	31.410469	χι
5	1	17	6	1	4	1409	1549	24	16	92.873589	το
5	1	17	6	1	5	1442	1542	68	29	40.185059	βράδυ
5	1	17	6	1	6	1522	1543	71	27	74.226257	γλέντι
5	1	17	6	1	7	1604	1539	47	25	92.891083	που
5	1	17	6	1	8	1655	1542	96	29	39.639259	χράπῃσε,
5	1	17	6	1	9	1757	1542	34	46	50.864235	..
4	1	17	6	2	0	1079	1582	262	25	-1	
5	1	17	6	2	1	1079	1586	36	21	70.439987	χρι
5	1	17	6	2	2	1130	1585	32	19	93.289589	τις
5	1	17	6	2	3	1177	1580	90	27	89.536758	πρωϊνὲς
5	1	17	6	2	4	1279	1579	62	28	87.842911	ώρες.
2	1	18	0	0	0	1118	1656	638	74	-1	
3	1	18	1	0	0	1118	1656	638	74	-1	
4	1	18	1	1	0	1118	1656	638	74	-1	
5	1	18	1	1	1	1118	1657	17	65	0.000000	ἳ
5	1	18	1	1	2	1154	1657	68	66	0.000000	[
5	1	18	1	1	3	1242	1657	132	73	46.781765	ΙΙ
5	1	18	1	1	4	1393	1686	10	6	20.645187	-
5	1	18	1	1	5	1569	1657	187	65	0.000000	-ΙΝΝ
2	1	19	0	0	0	1072	1758	720	382	-1	
3	1	19	1	0	0	1072	1758	720	382	-1	
4	1	19	1	1	0	1102	1758	688	28	-1	
5	1	19	1	1	1	1102	1759	20	21	89.396034	Ο
5	1	19	1	1	2	1132	1760	110	26	84.120773	Γενικός
5	1	19	1	1	3	1253	1758	168	28	12.392776	Τρομεματέας
5	1	19	1	1	4	1432	1758	177	26	44.825779	Περιφθρείας
5	1	19	1	1	5	1631	1758	159	25	71.696136	Ἰελοποννή-
4	1	19	1	2	0	1072	1791	719	28	-1	
5	1	19	1	2	1	1072	1799	52	18	36.134602	σου
5	1	19	1	2	2	1137	1801	24	13	50.143314	η.
5	1	19	1	2	3	1175	1793	33	21	37.642345	Γ.
5	1	19	1	2	4	1220	1792	99	26	69.563866	4ΡΥΣ,
5	1	19	1	2	5	1334	1792	179	26	0.000000	επισκέφθηγαε
5	1	19	1	2	6	1521	1799	57	20	92.409698	στις
5	1	19	1	2	7	1589	1791	106	22	43.577496	δ-6-5δ
5	1	19	1	2	8	1710	1799	40	19	94.740021	τις
5	1	19	1	2	9	1761	1798	30	14	50.149273	εν
4	1	19	1	3	0	1072	1827	718	29	-1	
5	1	19	1	3	1	1072	1828	158	28	77.085915	ἱτελούμενες
5	1	19	1	3	2	1242	1827	117	29	95.754440	εργασίες
5	1	19	1	3	3	1375	1834	44	14	92.435532	στο
5	1	19	1	3	4	1435	1827	58	27	90.647972	έργο
5	1	19	1	3	5	1508	1827	179	27	24.862045	«Παράκαμιη
5	1	19	1	3	6	1704	1827	86	26	0.000000	'πεγια-
4	1	19	1	4	0	1073	1857	717	34	-1	
5	1	19	1	4	1	1073	1861	139	29	0.000000	λόπολης»,
5	1	19	1	4	2	1226	1857	217	34	51.144432	προὔπολογισμού
5	1	19	1	4	3	1459	1862	48	26	50.644600	1,ἃ
5	1	19	1	4	4	1521	1862	80	22	69.540863	δισεκ.
5	1	19	1	4	5	1617	1863	73	27	37.594090	δραχ.
5	1	19	1	4	6	1706	1862	34	20	93.304146	Το
5	1	19	1	4	7	1754	1862	36	27	20.487724	ἔρ-
4	1	19	1	5	0	1081	1897	708	29	-1	
5	1	19	1	5	1	1081	1907	29	19	91.819321	γο
5	1	19	1	5	2	1120	1899	169	27	36.689346	προθλέπίεται
5	1	19	1	5	3	1295	1906	32	14	82.652725	να
5	1	19	1	5	4	1337	1897	170	28	39.847454	ολολληλοωθεί
5	1	19	1	5	5	1514	1899	75	27	66.837036	µέχοι
5	1	19	1	5	6	1602	1898	72	27	54.081108	τέλος
5	1	19	1	5	7	1681	1905	48	14	54.081108	που
5	1	19	1	5	8	1738	1897	51	21	81.758156	δδ.
4	1	19	1	6	0	1073	1933	719	30	-1	
5	1	19	1	6	1	1073	1943	3	12	0.000000	Γ
5	1	19	1	6	2	1103	1935	21	21	82.069580	Ο
5	1	19	1	6	3	1139	1935	167	28	32.827248	εκπρόσωπος
5	1	19	1	6	4	1317	1941	47	20	89.634300	της
5	1	19	1	6	5	1376	1933	73	21	48.091507	4ΕΗ
5	1	19	1	6	6	1461	1933	83	22	64.984764	πόνιοε
5	1	19	1	6	7	1555	1941	47	20	86.281654	την
5	1	19	1	6	8	1612	1933	100	27	82.600609	ανάγκη
5	1	19	1	6	9	1746	1941	46	19	63.756660	της
4	1	19	1	7	0	1080	1969	710	30	-1	
5	1	19	1	7	1	1080	1971	175	28	70.252533	πιαράκαµψης
5	1	19	1	7	2	1269	1973	49	20	92.398529	που
5	1	19	1	7	3	1328	1969	159	23	0.000000	διευνολύνιει
5	1	19	1	7	4	1500	1965	50	38	9.086647	σημ
5	1	19	1	7	5	1569	1969	68	22	0.000000	ντωκά
5	1	19	1	7	6	1652	1977	40	19	90.299019	τις
5	1	19	1	7	7	1718	1976	72	20	74.858971	εργα-
4	1	19	1	8	0	1081	2005	710	29	-1	
5	1	19	1	8	1	1081	2007	54	27	84.626175	σίες
5	1	19	1	8	2	1148	2014	44	14	93.237274	στο
5	1	19	1	8	3	1203	2006	163	28	90.315308	λιγνικοφόρο
5	1	19	1	8	4	1377	2005	73	23	66.867989	σοεδίο
5	1	19	1	8	5	1464	2013	48	21	95.982536	της
5	1	19	1	8	6	1523	2001	23	38	28.598648	ΠΜ
5	1	19	1	8	7	1554	2005	162	29	44.887741	εγαλόπολαις.
5	1	19	1	8	8	1730	2005	61	21	0.000000	Ἔσεί-
4	1	19	1	9	0	1081	2042	710	30	-1	
5	1	19	1	9	1	1081	2048	48	21	93.198021	σης
5	1	19	1	9	2	1140	2042	158	24	13.295097	διευκιολόψει
5	1	19	1	9	3	1311	2043	139	29	0.000000	σημαντικά
5	1	19	1	9	4	1463	2051	27	14	92.589088	το
5	1	19	1	9	5	1507	2043	192	29	0.000000	κυνοοφοριαρό
5	1	19	1	9	6	1734	2042	57	28	33.662048	σερό-
4	1	19	1	10	0	1073	2076	718	46	-1	
5	1	19	1	10	1	1073	2077	97	33	0.000000	/όλημα,
5	1	19	1	10	2	1187	2081	252	30	25.197060	αποσυμµφορίζοντας
5	1	19	1	10	3	1470	2088	30	14	94.726135	το
5	1	19	1	10	4	1516	2081	90	27	80.744629	κέντρο
5	1	19	1	10	5	1621	2088	47	20	94.664665	της
5	1	19	1	10	6	1701	2076	90	46	0.000000	Ίπεγα-
4	1	19	1	11	0	1073	2111	122	29	-1	
5	1	19	1	11	1	1073	2111	122	29	50.233185	Ιλόπολης.
2	1	20	0	0	0	1802	478	4	15	-1	
3	1	20	1	0	0	1802	478	4	15	-1	
4	1	20	1	1	0	1802	478	4	15	-1	
5	1	20	1	1	1	1802	478	4	15	36.827217	|
2	1	21	0	0	0	1802	364	4	774	-1	
3	1	21	1	0	0	1802	364	4	774	-1	
4	1	21	1	1	0	1802	364	4	774	-1	
5	1	21	1	1	1	1802	364	4	774	95.000000	 
2	1	22	0	0	0	1074	345	4	1366	-1	
3	1	22	1	0	0	1074	345	4	1366	-1	
4	1	22	1	1	0	1074	345	4	1366	-1	
5	1	22	1	1	1	1074	345	4	1366	95.000000	 
2	1	23	0	0	0	1801	1382	2	577	-1	
3	1	23	1	0	0	1801	1382	2	577	-1	
4	1	23	1	1	0	1801	1382	2	577	-1	
5	1	23	1	1	1	1801	1382	2	577	95.000000	 
2	1	24	0	0	0	1073	1908	4	300	-1	
3	1	24	1	0	0	1073	1908	4	300	-1	
4	1	24	1	1	0	1073	1908	4	300	-1	
5	1	24	1	1	1	1073	1908	4	300	95.000000	 
2	1	25	0	0	0	1073	2189	730	163	-1	
3	1	25	1	0	0	1073	2189	730	141	-1	
4	1	25	1	1	0	1111	2189	692	33	-1	
5	1	25	1	1	1	1111	2189	143	23	35.024811	ΠΟΛΕΙΤΤΑΙ
5	1	25	1	1	2	1266	2198	24	16	96.036331	το
5	1	25	1	1	3	1300	2195	54	20	89.932388	σπίτι
5	1	25	1	1	4	1368	2201	36	14	71.053940	και
5	1	25	1	1	5	1417	2201	18	14	96.802162	οι
5	1	25	1	1	6	1446	2194	63	28	73.994675	κήποι
5	1	25	1	1	7	1523	2201	37	21	93.295837	της
5	1	25	1	1	8	1570	2193	76	23	91.448486	Βασιλ.
5	1	25	1	1	9	1661	2193	142	29	94.144287	Παναγιώτη
5	1	25	1	1	10	1793	2185	14	42	83.221092	|
4	1	25	1	2	0	1073	2216	719	59	-1	
5	1	25	1	2	1	1073	2216	149	59	0.000000	ΠΚαράγιαννη
5	1	25	1	2	2	1237	2233	39	15	93.256393	στα
5	1	25	1	2	3	1288	2229	146	26	22.613670	Γκλεκέῦκα,
5	1	25	1	2	4	1427	2237	44	21	96.997177	ἔχει
5	1	25	1	2	5	1485	2229	109	29	96.298889	απέραντη
5	1	25	1	2	6	1605	2229	39	22	57.241936	θέα
5	1	25	1	2	7	1657	2236	53	22	93.215660	προς
5	1	25	1	2	8	1721	2228	71	30	81.694733	Άρκα-
4	1	25	1	3	0	1073	2261	719	43	-1	
5	1	25	1	3	1	1073	2263	44	41	0.000000	[δία
5	1	25	1	3	2	1127	2270	38	15	71.955948	και
5	1	25	1	3	3	1177	2261	109	25	85.706818	Λαχωνία.
5	1	25	1	3	4	1299	2265	157	32	52.823021	Πληροφορίες,
5	1	25	1	3	5	1469	2265	48	25	76.727646	οδός
5	1	25	1	3	6	1527	2264	104	30	63.939709	Καρτάλη
5	1	25	1	3	7	1645	2265	14	22	88.969841	6
5	1	25	1	3	8	1669	2264	123	30	28.992126	Αμπελόκη-
4	1	25	1	4	0	1073	2287	591	65	-1	
5	1	25	1	4	1	1073	2287	43	48	65.317368	ἴποι
5	1	25	1	4	2	1123	2300	56	48	65.166183	ηλ.
5	1	25	1	4	3	1194	2300	74	23	26.179764	ττ.δ8.
5	1	25	1	4	4	1265	2296	57	56	60.466927	50.
5	1	25	1	4	5	1662	2316	2	2	29.324295	:
2	1	26	0	0	0	606	2343	770	4	-1	
3	1	26	1	0	0	606	2343	770	4	-1	
4	1	26	1	1	0	606	2343	770	4	-1	
5	1	26	1	1	1	606	2343	770	4	95.000000	 
2	1	27	0	0	0	523	2392	234	4	-1	
3	1	27	1	0	0	523	2392	234	4	-1	
4	1	27	1	1	0	523	2392	234	4	-1	
5	1	27	1	1	1	523	2392	234	4	95.000000	 
2	1	28	0	0	0	692	2384	1	19	-1	
3	1	28	1	0	0	692	2384	1	19	-1	
4	1	28	1	1	0	692	2384	1	19	-1	
5	1	28	1	1	1	692	2384	1	19	95.000000	 
2	1	29	0	0	0	746	2384	1	21	-1	
3	1	29	1	0	0	746	2384	1	21	-1	
4	1	29	1	1	0	746	2384	1	21	-1	
5	1	29	1	1	1	746	2384	1	21	95.000000	 
2	1	30	0	0	0	523	2393	236	6	-1	
3	1	30	1	0	0	523	2393	236	6	-1	
4	1	30	1	1	0	523	2393	236	6	-1	
5	1	30	1	1	1	523	2393	236	6	95.000000	 
2	1	31	0	0	0	736	2384	1	25	-1	
3	1	31	1	0	0	736	2384	1	25	-1	
4	1	31	1	1	0	736	2384	1	25	-1	
5	1	31	1	1	1	736	2384	1	25	95.000000	 
2	1	32	0	0	0	542	2389	1	22	-1	
3	1	32	1	0	0	542	2389	1	22	-1	
4	1	32	1	1	0	542	2389	1	22	-1	
5	1	32	1	1	1	542	2389	1	22	95.000000	 
2	1	33	0	0	0	734	2403	25	1	-1	
3	1	33	1	0	0	734	2403	25	1	-1	
4	1	33	1	1	0	734	2403	25	1	-1	
5	1	33	1	1	1	734	2403	25	1	95.000000	 
2	1	34	0	0	0	613	2409	159	1	-1	
3	1	34	1	0	0	613	2409	159	1	-1	
4	1	34	1	1	0	613	2409	159	1	-1	
5	1	34	1	1	1	613	2409	159	1	95.000000	 
2	1	35	0	0	0	750	2390	1	22	-1	
3	1	35	1	0	0	750	2390	1	22	-1	
4	1	35	1	1	0	750	2390	1	22	-1	
5	1	35	1	1	1	750	2390	1	22	95.000000	 
2	1	36	0	0	0	484	2389	1	28	-1	
3	1	36	1	0	0	484	2389	1	28	-1	
4	1	36	1	1	0	484	2389	1	28	-1	
5	1	36	1	1	1	484	2389	1	28	95.000000	 
2	1	37	0	0	0	624	2394	1	18	-1	
3	1	37	1	0	0	624	2394	1	18	-1	
4	1	37	1	1	0	624	2394	1	18	-1	
5	1	37	1	1	1	624	2394	1	18	95.000000	 
2	1	38	0	0	0	532	2394	1	21	-1	
3	1	38	1	0	0	532	2394	1	21	-1	
4	1	38	1	1	0	532	2394	1	21	-1	
5	1	38	1	1	1	532	2394	1	21	95.000000	 
2	1	39	0	0	0	620	2396	1	17	-1	
3	1	39	1	0	0	620	2396	1	17	-1	
4	1	39	1	1	0	620	2396	1	17	-1	
5	1	39	1	1	1	620	2396	1	17	95.000000	 
2	1	40	0	0	0	768	2397	1	18	-1	
3	1	40	1	0	0	768	2397	1	18	-1	
4	1	40	1	1	0	768	2397	1	18	-1	
5	1	40	1	1	1	768	2397	1	18	95.000000	 
2	1	41	0	0	0	854	2401	1	16	-1	
3	1	41	1	0	0	854	2401	1	16	-1	
4	1	41	1	1	0	854	2401	1	16	-1	
5	1	41	1	1	1	854	2401	1	16	95.000000	 
2	1	42	0	0	0	666	2406	1	21	-1	
3	1	42	1	0	0	666	2406	1	21	-1	
4	1	42	1	1	0	666	2406	1	21	-1	
5	1	42	1	1	1	666	2406	1	21	95.000000	 
2	1	43	0	0	0	560	2410	1	19	-1	
3	1	43	1	0	0	560	2410	1	19	-1	
4	1	43	1	1	0	560	2410	1	19	-1	
5	1	43	1	1	1	560	2410	1	19	95.000000	 
2	1	44	0	0	0	861	2431	21	1	-1	
3	1	44	1	0	0	861	2431	21	1	-1	
4	1	44	1	1	0	861	2431	21	1	-1	
5	1	44	1	1	1	861	2431	21	1	95.000000	 
2	1	45	0	0	0	628	2418	1	25	-1	
3	1	45	1	0	0	628	2418	1	25	-1	
4	1	45	1	1	0	628	2418	1	25	-1	
5	1	45	1	1	1	628	2418	1	25	95.000000	 
2	1	46	0	0	0	872	2424	1	17	-1	
3	1	46	1	0	0	872	2424	1	17	-1	
4	1	46	1	1	0	872	2424	1	17	-1	
5	1	46	1	1	1	872	2424	1	17	95.000000	 
2	1	47	0	0	0	860	2439	21	1	-1	
3	1	47	1	0	0	860	2439	21	1	-1	
4	1	47	1	1	0	860	2439	21	1	-1	
5	1	47	1	1	1	860	2439	21	1	95.000000	 
2	1	48	0	0	0	619	2441	25	1	-1	
3	1	48	1	0	0	619	2441	25	1	-1	
4	1	48	1	1	0	619	2441	25	1	-1	
5	1	48	1	1	1	619	2441	25	1	95.000000	 
2	1	49	0	0	0	866	2430	1	27	-1	
3	1	49	1	0	0	866	2430	1	27	-1	
4	1	49	1	1	0	866	2430	1	27	-1	
5	1	49	1	1	1	866	2430	1	27	95.000000	 
2	1	50	0	0	0	678	2438	1	21	-1	
3	1	50	1	0	0	678	2438	1	21	-1	
4	1	50	1	1	0	678	2438	1	21	-1	
5	1	50	1	1	1	678	2438	1	21	95.000000	 
2	1	51	0	0	0	640	2439	1	21	-1	
3	1	51	1	0	0	640	2439	1	21	-1	
4	1	51	1	1	0	640	2439	1	21	-1	
5	1	51	1	1	1	640	2439	1	21	95.000000	 
2	1	52	0	0	0	621	2451	21	1	-1	
3	1	52	1	0	0	621	2451	21	1	-1	
4	1	52	1	1	0	621	2451	21	1	-1	
5	1	52	1	1	1	621	2451	21	1	95.000000	 
2	1	53	0	0	0	636	2446	1	17	-1	
3	1	53	1	0	0	636	2446	1	17	-1	
4	1	53	1	1	0	636	2446	1	17	-1	
5	1	53	1	1	1	636	2446	1	17	95.000000	 
2	1	54	0	0	0	633	2457	17	1	-1	
3	1	54	1	0	0	633	2457	17	1	-1	
4	1	54	1	1	0	633	2457	17	1	-1	
5	1	54	1	1	1	633	2457	17	1	95.000000	 
2	1	55	0	0	0	848	2486	1	17	-1	
3	1	55	1	0	0	848	2486	1	17	-1	
4	1	55	1	1	0	848	2486	1	17	-1	
5	1	55	1	1	1	848	2486	1	17	95.000000	 
2	1	56	0	0	0	1015	2554	1	17	-1	
3	1	56	1	0	0	1015	2554	1	17	-1	
4	1	56	1	1	0	1015	2554	1	17	-1	
5	1	56	1	1	1	1015	2554	1	17	95.000000	 
2	1	57	0	0	0	828	2706	1	27	-1	
3	1	57	1	0	0	828	2706	1	27	-1	
4	1	57	1	1	0	828	2706	1	27	-1	
5	1	57	1	1	1	828	2706	1	27	95.000000	 
2	1	58	0	0	0	1033	2730	1	25	-1	
3	1	58	1	0	0	1033	2730	1	25	-1	
4	1	58	1	1	0	1033	2730	1	25	-1	
5	1	58	1	1	1	1033	2730	1	25	95.000000	 
2	1	59	0	0	0	1036	2787	17	1	-1	
3	1	59	1	0	0	1036	2787	17	1	-1	
4	1	59	1	1	0	1036	2787	17	1	-1	
5	1	59	1	1	1	1036	2787	17	1	95.000000	 
2	1	60	0	0	0	1043	2780	1	17	-1	
3	1	60	1	0	0	1043	2780	1	17	-1	
4	1	60	1	1	0	1043	2780	1	17	-1	
5	1	60	1	1	1	1043	2780	1	17	95.000000	 
2	1	61	0	0	0	1034	2795	19	1	-1	
3	1	61	1	0	0	1034	2795	19	1	-1	
4	1	61	1	1	0	1034	2795	19	1	-1	
5	1	61	1	1	1	1034	2795	19	1	95.000000	 
2	1	62	0	0	0	827	2815	28	1	-1	
3	1	62	1	0	0	827	2815	28	1	-1	
4	1	62	1	1	0	827	2815	28	1	-1	
5	1	62	1	1	1	827	2815	28	1	95.000000	 
2	1	63	0	0	0	828	2819	22	1	-1	
3	1	63	1	0	0	828	2819	22	1	-1	
4	1	63	1	1	0	828	2819	22	1	-1	
5	1	63	1	1	1	828	2819	22	1	95.000000	 
2	1	64	0	0	0	834	2813	1	18	-1	
3	1	64	1	0	0	834	2813	1	18	-1	
4	1	64	1	1	0	834	2813	1	18	-1	
5	1	64	1	1	1	834	2813	1	18	95.000000	 
2	1	65	0	0	0	848	2814	1	21	-1	
3	1	65	1	0	0	848	2814	1	21	-1	
4	1	65	1	1	0	848	2814	1	21	-1	
5	1	65	1	1	1	848	2814	1	21	95.000000	 
2	1	66	0	0	0	991	2824	1	17	-1	
3	1	66	1	0	0	991	2824	1	17	-1	
4	1	66	1	1	0	991	2824	1	17	-1	
5	1	66	1	1	1	991	2824	1	17	95.000000	 
2	1	67	0	0	0	977	2826	1	21	-1	
3	1	67	1	0	0	977	2826	1	21	-1	
4	1	67	1	1	0	977	2826	1	21	-1	
5	1	67	1	1	1	977	2826	1	21	95.000000	 
2	1	68	0	0	0	976	2839	18	1	-1	
3	1	68	1	0	0	976	2839	18	1	-1	
4	1	68	1	1	0	976	2839	18	1	-1	
5	1	68	1	1	1	976	2839	18	1	95.000000	 
2	1	69	0	0	0	957	2843	30	1	-1	
3	1	69	1	0	0	957	2843	30	1	-1	
4	1	69	1	1	0	957	2843	30	1	-1	
5	1	69	1	1	1	957	2843	30	1	95.000000	 
2	1	70	0	0	0	985	2835	1	22	-1	
3	1	70	1	0	0	985	2835	1	22	-1	
4	1	70	1	1	0	985	2835	1	22	-1	
5	1	70	1	1	1	985	2835	1	22	95.000000	 
2	1	71	0	0	0	1037	2775	3	117	-1	
3	1	71	1	0	0	1037	2775	3	117	-1	
4	1	71	1	1	0	1037	2775	3	117	-1	
5	1	71	1	1	1	1037	2775	3	117	95.000000	 
2	1	72	0	0	0	966	2909	18	1	-1	
3	1	72	1	0	0	966	2909	18	1	-1	
4	1	72	1	1	0	966	2909	18	1	-1	
5	1	72	1	1	1	966	2909	18	1	95.000000	 
2	1	73	0	0	0	967	2894	1	34	-1	
3	1	73	1	0	0	967	2894	1	34	-1	
4	1	73	1	1	0	967	2894	1	34	-1	
5	1	73	1	1	1	967	2894	1	34	95.000000	 
2	1	74	0	0	0	1400	2342	420	112	-1	
3	1	74	1	0	0	1400	2342	402	112	-1	
4	1	74	1	1	0	1400	2342	384	41	-1	
5	1	74	1	1	1	1400	2343	17	3	0.000000	-
5	1	74	1	1	2	1437	2343	160	33	13.735550	ΡΕΘΡΓΙΤΡΣΙ
5	1	74	1	1	3	1620	2342	164	41	5.521805	μεγαλόπροπο,
4	1	74	1	2	0	1461	2391	216	27	-1	
5	1	74	1	2	1	1461	2391	77	27	57.212376	υφηλό,
5	1	74	1	2	2	1551	2391	126	27	39.262474	χυριαρχυό
4	1	74	1	3	0	1435	2421	385	33	-1	
5	1	74	1	3	1	1435	2425	71	29	51.116829	Έχεις
5	1	74	1	3	2	1516	2426	56	28	61.372673	μέγα
5	1	74	1	3	3	1585	2427	106	27	65.664322	υφόµετρο
5	1	74	1	3	4	1703	2433	37	21	93.234917	και
5	1	74	1	3	5	1751	2421	69	26	14.005814	κλί-ιν
2	1	75	0	0	0	1241	2381	1	18	-1	
3	1	75	1	0	0	1241	2381	1	18	-1	
4	1	75	1	1	0	1241	2381	1	18	-1	
5	1	75	1	1	1	1241	2381	1	18	95.000000	 
2	1	76	0	0	0	1800	1382	4	1037	-1	
3	1	76	1	0	0	1800	1382	4	1037	-1	
4	1	76	1	1	0	1800	1382	4	1037	-1	
5	1	76	1	1	1	1800	1382	4	1037	95.000000	 
2	1	77	0	0	0	1218	2487	21	1	-1	
3	1	77	1	0	0	1218	2487	21	1	-1	
4	1	77	1	1	0	1218	2487	21	1	-1	
5	1	77	1	1	1	1218	2487	21	1	95.000000	 
2	1	78	0	0	0	1798	2444	4	65	-1	
3	1	78	1	0	0	1798	2444	4	65	-1	
4	1	78	1	1	0	1798	2444	4	65	-1	
5	1	78	1	1	1	1798	2444	4	65	95.000000	 
2	1	79	0	0	0	1219	2475	1	23	-1	
3	1	79	1	0	0	1219	2475	1	23	-1	
4	1	79	1	1	0	1219	2475	1	23	-1	
5	1	79	1	1	1	1219	2475	1	23	95.000000	 
2	1	80	0	0	0	1233	2480	1	17	-1	
3	1	80	1	0	0	1233	2480	1	17	-1	
4	1	80	1	1	0	1233	2480	1	17	-1	
5	1	80	1	1	1	1233	2480	1	17	95.000000	 
2	1	81	0	0	0	1217	2491	20	1	-1	
3	1	81	1	0	0	1217	2491	20	1	-1	
4	1	81	1	1	0	1217	2491	20	1	-1	
5	1	81	1	1	1	1217	2491	20	1	95.000000	 
2	1	82	0	0	0	1273	2520	1	20	-1	
3	1	82	1	0	0	1273	2520	1	20	-1	
4	1	82	1	1	0	1273	2520	1	20	-1	
5	1	82	1	1	1	1273	2520	1	20	95.000000	 
2	1	83	0	0	0	1800	1382	3	1212	-1	
3	1	83	1	0	0	1800	1382	3	1212	-1	
4	1	83	1	1	0	1800	1382	3	1212	-1	
5	1	83	1	1	1	1800	1382	3	1212	95.000000	 
2	1	84	0	0	0	1291	2695	26	1	-1	
3	1	84	1	0	0	1291	2695	26	1	-1	
4	1	84	1	1	0	1291	2695	26	1	-1	
5	1	84	1	1	1	1291	2695	26	1	95.000000	 
2	1	85	0	0	0	1293	2689	1	20	-1	
3	1	85	1	0	0	1293	2689	1	20	-1	
4	1	85	1	1	0	1293	2689	1	20	-1	
5	1	85	1	1	1	1293	2689	1	20	95.000000	 
2	1	86	0	0	0	1311	2690	1	21	-1	
3	1	86	1	0	0	1311	2690	1	21	-1	
4	1	86	1	1	0	1311	2690	1	21	-1	
5	1	86	1	1	1	1311	2690	1	21	95.000000	 
2	1	87	0	0	0	1798	2717	4	44	-1	
3	1	87	1	0	0	1798	2717	4	44	-1	
4	1	87	1	1	0	1798	2717	4	44	-1	
5	1	87	1	1	1	1798	2717	4	44	95.000000	 
2	1	88	0	0	0	1145	2773	18	1	-1	
3	1	88	1	0	0	1145	2773	18	1	-1	
4	1	88	1	1	0	1145	2773	18	1	-1	
5	1	88	1	1	1	1145	2773	18	1	95.000000	 
2	1	89	0	0	0	1140	2781	17	1	-1	
3	1	89	1	0	0	1140	2781	17	1	-1	
4	1	89	1	1	0	1140	2781	17	1	-1	
5	1	89	1	1	1	1140	2781	17	1	95.000000	 
2	1	90	0	0	0	1381	2791	1	30	-1	
3	1	90	1	0	0	1381	2791	1	30	-1	
4	1	90	1	1	0	1381	2791	1	30	-1	
5	1	90	1	1	1	1381	2791	1	30	95.000000	 
2	1	91	0	0	0	1405	2798	1	23	-1	
3	1	91	1	0	0	1405	2798	1	23	-1	
4	1	91	1	1	0	1405	2798	1	23	-1	
5	1	91	1	1	1	1405	2798	1	23	95.000000	 
2	1	92	0	0	0	1371	2803	1	17	-1	
3	1	92	1	0	0	1371	2803	1	17	-1	
4	1	92	1	1	0	1371	2803	1	17	-1	
5	1	92	1	1	1	1371	2803	1	17	95.000000	 
2	1	93	0	0	0	1368	2813	17	1	-1	
3	1	93	1	0	0	1368	2813	17	1	-1	
4	1	93	1	1	0	1368	2813	17	1	-1	
5	1	93	1	1	1	1368	2813	17	1	95.000000	 
2	1	94	0	0	0	1361	2816	26	3	-1	
3	1	94	1	0	0	1361	2816	26	3	-1	
4	1	94	1	1	0	1361	2816	26	3	-1	
5	1	94	1	1	1	1361	2816	26	3	95.000000	 
2	1	95	0	0	0	1155	2768	1	85	-1	
3	1	95	1	0	0	1155	2768	1	85	-1	
4	1	95	1	1	0	1155	2768	1	85	-1	
5	1	95	1	1	1	1155	2768	1	85	95.000000	 
2	1	96	0	0	0	1292	2841	22	1	-1	
3	1	96	1	0	0	1292	2841	22	1	-1	
4	1	96	1	1	0	1292	2841	22	1	-1	
5	1	96	1	1	1	1292	2841	22	1	95.000000	 
2	1	97	0	0	0	1289	2851	19	1	-1	
3	1	97	1	0	0	1289	2851	19	1	-1	
4	1	97	1	1	0	1289	2851	19	1	-1	
5	1	97	1	1	1	1289	2851	19	1	95.000000	 
2	1	98	0	0	0	1301	2834	1	20	-1	
3	1	98	1	0	0	1301	2834	1	20	-1	
4	1	98	1	1	0	1301	2834	1	20	-1	
5	1	98	1	1	1	1301	2834	1	20	95.000000	 
2	1	99	0	0	0	1305	2833	1	24	-1	
3	1	99	1	0	0	1305	2833	1	24	-1	
4	1	99	1	1	0	1305	2833	1	24	-1	
5	1	99	1	1	1	1305	2833	1	24	95.000000	 
2	1	100	0	0	0	1111	2836	1	27	-1	
3	1	100	1	0	0	1111	2836	1	27	-1	
4	1	100	1	1	0	1111	2836	1	27	-1	
5	1	100	1	1	1	1111	2836	1	27	95.000000	 
2	1	101	0	0	0	1279	2856	1	17	-1	
3	1	101	1	0	0	1279	2856	1	17	-1	
4	1	101	1	1	0	1279	2856	1	17	-1	
5	1	101	1	1	1	1279	2856	1	17	95.000000	 
2	1	102	0	0	0	1201	2803	1	97	-1	
3	1	102	1	0	0	1201	2803	1	97	-1	
4	1	102	1	1	0	1201	2803	1	97	-1	
5	1	102	1	1	1	1201	2803	1	97	95.000000	 
2	1	103	0	0	0	1175	2877	42	3	-1	
3	1	103	1	0	0	1175	2877	42	3	-1	
4	1	103	1	1	0	1175	2877	42	3	-1	
5	1	103	1	1	1	1175	2877	42	3	95.000000	 
2	1	104	0	0	0	1175	2879	43	3	-1	
3	1	104	1	0	0	1175	2879	43	3	-1	
4	1	104	1	1	0	1175	2879	43	3	-1	
5	1	104	1	1	1	1175	2879	43	3	95.000000	 
2	1	105	0	0	0	1161	2882	48	4	-1	
3	1	105	1	0	0	1161	2882	48	4	-1	
4	1	105	1	1	0	1161	2882	48	4	-1	
5	1	105	1	1	1	1161	2882	48	4	95.000000	 
2	1	106	0	0	0	1191	2874	1	21	-1	
3	1	106	1	0	0	1191	2874	1	21	-1	
4	1	106	1	1	0	1191	2874	1	21	-1	
5	1	106	1	1	1	1191	2874	1	21	95.000000	 
2	1	107	0	0	0	1177	2874	1	23	-1	
3	1	107	1	0	0	1177	2874	1	23	-1	
4	1	107	1	1	0	1177	2874	1	23	-1	
5	1	107	1	1	1	1177	2874	1	23	95.000000	 
2	1	108	0	0	0	1099	2880	1	19	-1	
3	1	108	1	0	0	1099	2880	1	19	-1	
4	1	108	1	1	0	1099	2880	1	19	-1	
5	1	108	1	1	1	1099	2880	1	19	95.000000	 
2	1	109	0	0	0	1162	2891	52	3	-1	
3	1	109	1	0	0	1162	2891	52	3	-1	
4	1	109	1	1	0	1162	2891	52	3	-1	
5	1	109	1	1	1	1162	2891	52	3	95.000000	 
2	1	110	0	0	0	1162	2892	55	4	-1	
3	1	110	1	0	0	1162	2892	55	4	-1	
4	1	110	1	1	0	1162	2892	55	4	-1	
5	1	110	1	1	1	1162	2892	55	4	95.000000	 
2	1	111	0	0	0	1195	2884	1	21	-1	
3	1	111	1	0	0	1195	2884	1	21	-1	
4	1	111	1	1	0	1195	2884	1	21	-1	
5	1	111	1	1	1	1195	2884	1	21	95.000000	 
2	1	112	0	0	0	1170	2899	35	1	-1	
3	1	112	1	0	0	1170	2899	35	1	-1	
4	1	112	1	1	0	1170	2899	35	1	-1	
5	1	112	1	1	1	1170	2899	35	1	95.000000	 
2	1	113	0	0	0	1165	2903	34	1	-1	
3	1	113	1	0	0	1165	2903	34	1	-1	
4	1	113	1	1	0	1165	2903	34	1	-1	
5	1	113	1	1	1	1165	2903	34	1	95.000000	 
2	1	114	0	0	0	1151	2761	1	163	-1	
3	1	114	1	0	0	1151	2761	1	163	-1	
4	1	114	1	1	0	1151	2761	1	163	-1	
5	1	114	1	1	1	1151	2761	1	163	95.000000	 
2	1	115	0	0	0	1181	2878	1	34	-1	
3	1	115	1	0	0	1181	2878	1	34	-1	
4	1	115	1	1	0	1181	2878	1	34	-1	
5	1	115	1	1	1	1181	2878	1	34	95.000000	 
2	1	116	0	0	0	1210	2863	3	66	-1	
3	1	116	1	0	0	1210	2863	3	66	-1	
4	1	116	1	1	0	1210	2863	3	66	-1	
5	1	116	1	1	1	1210	2863	3	66	95.000000	 
2	1	117	0	0	0	1211	2863	3	66	-1	
3	1	117	1	0	0	1211	2863	3	66	-1	
4	1	117	1	1	0	1211	2863	3	66	-1	
5	1	117	1	1	1	1211	2863	3	66	95.000000	 
2	1	118	0	0	0	1089	2896	1	21	-1	
3	1	118	1	0	0	1089	2896	1	21	-1	
4	1	118	1	1	0	1089	2896	1	21	-1	
5	1	118	1	1	1	1089	2896	1	21	95.000000	 
2	1	119	0	0	0	1141	2901	1	16	-1	
3	1	119	1	0	0	1141	2901	1	16	-1	
4	1	119	1	1	0	1141	2901	1	16	-1	
5	1	119	1	1	1	1141	2901	1	16	95.000000	 
2	1	120	0	0	0	1140	2911	89	1	-1	
3	1	120	1	0	0	1140	2911	89	1	-1	
4	1	120	1	1	0	1140	2911	89	1	-1	
5	1	120	1	1	1	1140	2911	89	1	95.000000	 
2	1	121	0	0	0	964	2910	261	6	-1	
3	1	121	1	0	0	964	2910	261	6	-1	
4	1	121	1	1	0	964	2910	261	6	-1	
5	1	121	1	1	1	964	2910	261	6	95.000000	 
2	1	122	0	0	0	964	2912	263	6	-1	
3	1	122	1	0	0	964	2912	263	6	-1	
4	1	122	1	1	0	964	2912	263	6	-1	
5	1	122	1	1	1	964	2912	263	6	95.000000	 
2	1	123	0	0	0	981	2902	1	29	-1	
3	1	123	1	0	0	981	2902	1	29	-1	
4	1	123	1	1	0	981	2902	1	29	-1	
5	1	123	1	1	1	981	2902	1	29	95.000000	 
2	1	124	0	0	0	1271	2906	1	22	-1	
3	1	124	1	0	0	1271	2906	1	22	-1	
4	1	124	1	1	0	1271	2906	1	22	-1	
5	1	124	1	1	1	1271	2906	1	22	95.000000	 
2	1	125	0	0	0	965	2917	262	1	-1	
3	1	125	1	0	0	965	2917	262	1	-1	
4	1	125	1	1	0	965	2917	262	1	-1	
5	1	125	1	1	1	965	2917	262	1	95.000000	 
2	1	126	0	0	0	394	2950	764	31	-1	
3	1	126	1	0	0	394	2950	764	31	-1	
4	1	126	1	1	0	394	2950	764	31	-1	
5	1	126	1	1	1	394	2950	200	29	91.804901	Δεροφωτογραφία
5	1	126	1	1	2	603	2951	147	29	48.143517	Γεωργιτσίου.
5	1	126	1	1	3	764	2951	135	29	27.576668	Ακρασπιχίς:
5	1	126	1	1	4	917	2951	29	22	72.183884	Κ.
5	1	126	1	1	5	963	2951	29	22	86.856544	Ἡ.
5	1	126	1	1	6	1013	2951	145	30	0.000000	Τιανγακάκη.
2	1	127	0	0	0	348	2991	726	176	-1	
3	1	127	1	0	0	348	2991	726	137	-1	
4	1	127	1	1	0	373	2991	701	30	-1	
5	1	127	1	1	1	373	2991	32	23	96.810837	Το
5	1	127	1	1	2	419	2992	57	22	69.490128	1959
5	1	127	1	1	3	486	2992	122	28	37.484631	περνώχτας
5	1	127	1	1	4	618	2993	42	21	78.678429	απὀ
5	1	127	1	1	5	674	3000	25	21	92.574905	τη
5	1	127	1	1	6	712	2993	94	28	48.471828	Γαλλωκὴ
5	1	127	1	1	7	818	2993	97	28	49.877815	Ῥιβιέρο,,
5	1	127	1	1	8	927	2993	49	28	81.430443	μαζί
5	1	127	1	1	9	985	3001	27	20	91.559700	µε
5	1	127	1	1	10	1026	2993	48	21	69.478485	ἅλ-
5	1	127	1	1	11	1067	2987	11	39	94.196121	|
4	1	127	1	2	0	350	3029	713	28	-1	
5	1	127	1	2	1	350	3029	27	21	82.781120	λα,
5	1	127	1	2	2	391	3029	86	27	43.673889	ὄμορφα
5	1	127	1	2	3	486	3029	69	24	55.728455	τοπία,
5	1	127	1	2	4	569	3029	123	28	21.504990	αγοράσαµε
5	1	127	1	2	5	706	3036	36	14	55.487244	και
5	1	127	1	2	6	756	3029	38	28	80.636299	µία
5	1	127	1	2	7	806	3029	85	28	76.075111	µεγάλη
5	1	127	1	2	8	904	3029	102	27	64.967041	έγχρωμη
5	1	127	1	2	9	1019	3030	44	26	91.461746	φω-
4	1	127	1	3	0	348	3063	726	30	-1	
5	1	127	1	3	1	348	3064	109	28	50.629135	πογραφἰα
5	1	127	1	3	2	468	3071	35	15	78.780861	τω
5	1	127	1	3	3	518	3063	102	22	83.335983	ΜΟΝΤΕ
5	1	127	1	3	4	632	3063	108	34	0.000000	(ΛΒΗΟ,
5	1	127	1	3	5	755	3071	40	15	92.850952	που
5	1	127	1	3	6	806	3064	82	29	9.064148	µοιᾶξει
5	1	127	1	3	7	901	3064	173	28	40.638519	καπαπληρπικἁ
5	1	127	1	3	8	1065	3059	11	42	87.151031	|
4	1	127	1	4	0	348	3099	573	29	-1	
5	1	127	1	4	1	348	3107	27	21	92.055489	µε
5	1	127	1	4	2	386	3106	24	15	92.665009	το
5	1	127	1	4	3	419	3099	124	29	46.224857	Γεωργίτου.
5	1	127	1	4	4	556	3099	62	24	56.318344	Είναι
5	1	127	1	4	5	628	3107	21	16	92.999908	χι
5	1	127	1	4	6	662	3094	71	32	41.875420	εκείνο
5	1	127	1	4	7	742	3101	53	21	25.536423	πολύ
5	1	127	1	4	8	808	3100	113	25	54.269390	επικλινές.
3	1	127	2	0	0	373	3135	689	32	-1	
4	1	127	2	1	0	373	3135	689	32	-1	
5	1	127	2	1	1	373	3135	48	24	49.120888	Ἀπὸ
5	1	127	2	1	2	436	3137	54	25	38.906292	τώτε,
5	1	127	2	1	3	502	3137	101	29	34.375824	επιθυμία
5	1	127	2	1	4	617	3144	41	23	89.002144	µας
5	1	127	2	1	5	671	3137	62	30	49.506626	ἦπαν,
5	1	127	2	1	6	750	3144	27	17	0.000000	α
5	1	127	2	1	7	788	3137	93	30	32.865440	κάνουμε
5	1	127	2	1	8	895	3137	39	30	86.983940	µία
5	1	127	2	1	9	955	3137	107	30	0.000000	παρόμιια
2	1	128	0	0	0	334	3174	726	30	-1	
3	1	128	1	0	0	334	3174	726	30	-1	
4	1	128	1	1	0	334	3174	726	30	-1	
5	1	128	1	1	1	334	3181	49	21	0.000000	καὶ
5	1	128	1	1	2	398	3180	38	16	65.273438	πουν
5	1	128	1	1	3	447	3174	80	28	42.485092	χωριού
5	1	128	1	1	4	536	3181	49	21	93.048859	µας,
5	1	128	1	1	5	598	3182	27	15	91.838737	να
5	1	128	1	1	6	638	3175	54	29	91.820381	εἶναι
5	1	128	1	1	7	706	3175	96	29	36.488003	ωφέλήμη
5	1	128	1	1	8	812	3182	38	22	77.790703	για
5	1	128	1	1	9	863	3181	36	18	48.308624	τον
5	1	128	1	1	10	911	3176	100	28	77.064240	τουρισμό
5	1	128	1	1	11	1024	3183	36	15	55.864967	χαι
2	1	129	0	0	0	348	3210	714	101	-1	
3	1	129	1	0	0	348	3210	714	101	-1	
4	1	129	1	1	0	348	3210	714	30	-1	
5	1	129	1	1	1	348	3217	38	20	0.000000	Υνν
5	1	129	1	1	2	401	3217	48	17	83.773369	τους
5	1	129	1	1	3	459	3210	129	28	47.789707	νοσταλγοὺς
5	1	129	1	1	4	604	3218	39	21	93.293236	µας
5	1	129	1	1	5	655	3210	129	30	71.965866	απὀδηµους.
5	1	129	1	1	6	800	3211	34	21	95.751663	Με
5	1	129	1	1	7	846	3212	110	27	93.289696	τεράστιες
5	1	129	1	1	8	969	3211	93	28	19.195877	πρωσπὰ-
4	1	129	1	2	0	349	3245	713	30	-1	
5	1	129	1	2	1	349	3246	55	24	85.294395	θειες
5	1	129	1	2	2	415	3245	98	29	76.447647	φθάσαμε
5	1	129	1	2	3	526	3252	38	17	71.062546	ατο
5	1	129	1	2	4	577	3245	122	30	35.299026	Ὀητούμενα,
5	1	129	1	2	5	712	3254	63	14	35.643539	Χαμ...
5	1	129	1	2	6	792	3247	50	28	50.229355	ἤδη,
5	1	129	1	2	7	854	3254	49	21	82.935394	την.
5	1	129	1	2	8	926	3247	136	28	57.907097	εκπυπώσαμε
4	1	129	1	3	0	348	3280	712	31	-1	
5	1	129	1	3	1	348	3281	112	29	53.936043	ἐγχρωμη,
5	1	129	1	3	2	474	3280	80	22	37.765877	21Χ50
5	1	129	1	3	3	568	3282	124	28	29.648827	καπάλληλη
5	1	129	1	3	4	702	3287	40	23	56.072124	για
5	1	129	1	3	5	751	3283	76	28	93.211411	κάδρα.
5	1	129	1	3	6	844	3282	115	24	20.558022	Φαΐνονπα.
5	1	129	1	3	7	969	3283	91	27	37.891487	γενικώς
2	1	130	0	0	0	1121	2908	1	20	-1	
3	1	130	1	0	0	1121	2908	1	20	-1	
4	1	130	1	1	0	1121	2908	1	20	-1	
5	1	130	1	1	1	1121	2908	1	20	95.000000	 
2	1	131	0	0	0	1161	2908	1	21	-1	
3	1	131	1	0	0	1161	2908	1	21	-1	
4	1	131	1	1	0	1161	2908	1	21	-1	
5	1	131	1	1	1	1161	2908	1	21	95.000000	 
2	1	132	0	0	0	1134	2925	185	1	-1	
3	1	132	1	0	0	1134	2925	185	1	-1	
4	1	132	1	1	0	1134	2925	185	1	-1	
5	1	132	1	1	1	1134	2925	185	1	95.000000	 
2	1	133	0	0	0	1169	2909	1	24	-1	
3	1	133	1	0	0	1169	2909	1	24	-1	
4	1	133	1	1	0	1169	2909	1	24	-1	
5	1	133	1	1	1	1169	2909	1	24	95.000000	 
2	1	134	0	0	0	1223	2914	1	18	-1	
3	1	134	1	0	0	1223	2914	1	18	-1	
4	1	134	1	1	0	1223	2914	1	18	-1	
5	1	134	1	1	1	1223	2914	1	18	95.000000	 
2	1	135	0	0	0	1125	2915	1	17	-1	
3	1	135	1	0	0	1125	2915	1	17	-1	
4	1	135	1	1	0	1125	2915	1	17	-1	
5	1	135	1	1	1	1125	2915	1	17	95.000000	 
2	1	136	0	0	0	1165	2916	1	17	-1	
3	1	136	1	0	0	1165	2916	1	17	-1	
4	1	136	1	1	0	1165	2916	1	17	-1	
5	1	136	1	1	1	1165	2916	1	17	95.000000	 
2	1	137	0	0	0	1313	2916	1	18	-1	
3	1	137	1	0	0	1313	2916	1	18	-1	
4	1	137	1	1	0	1313	2916	1	18	-1	
5	1	137	1	1	1	1313	2916	1	18	95.000000	 
2	1	138	0	0	0	1317	2916	1	17	-1	
3	1	138	1	0	0	1317	2916	1	17	-1	
4	1	138	1	1	0	1317	2916	1	17	-1	
5	1	138	1	1	1	1317	2916	1	17	95.000000	 
2	1	139	0	0	0	1302	2931	19	1	-1	
3	1	139	1	0	0	1302	2931	19	1	-1	
4	1	139	1	1	0	1302	2931	19	1	-1	
5	1	139	1	1	1	1302	2931	19	1	95.000000	 
2	1	140	0	0	0	1347	2461	455	525	-1	
3	1	140	1	0	0	1347	2461	455	525	-1	
4	1	140	1	1	0	1461	2461	132	28	-1	
5	1	140	1	1	1	1461	2467	31	22	72.840080	μα
5	1	140	1	1	2	1505	2461	88	25	53.500763	ιδανικό,
4	1	140	1	2	0	1437	2492	365	46	-1	
5	1	140	1	2	1	1437	2495	16	22	79.274551	Ὦ
5	1	140	1	2	2	1463	2497	47	27	57.481758	ραΐα
5	1	140	1	2	3	1521	2497	105	27	15.612900	ορίζοντα,
5	1	140	1	2	4	1639	2497	106	27	0.000000	απόραντο
5	1	140	1	2	5	1757	2492	45	46	45.697655	και
4	1	140	1	3	0	1464	2538	132	21	-1	
5	1	140	1	3	1	1464	2538	132	21	12.497643	γαηπευτικὸ.
4	1	140	1	4	0	1436	2567	357	29	-1	
5	1	140	1	4	1	1436	2567	16	21	93.038582	Ῥ
5	1	140	1	4	2	1462	2568	65	24	68.173248	αἶγεις
5	1	140	1	4	3	1541	2575	25	21	96.466087	µε
5	1	140	1	4	4	1581	2569	45	21	65.702347	θεία
5	1	140	1	4	5	1635	2568	97	28	51.801205	βάλσαμο
5	1	140	1	4	6	1757	2575	36	14	58.485062	κα-
4	1	140	1	5	0	1448	2600	217	36	-1	
5	1	140	1	5	1	1448	2600	152	36	13.529770	««παπεροθντικό
5	1	140	1	5	2	1609	2622	17	8	46.816589	..
5	1	140	1	5	3	1642	2623	23	5	19.410797	--
4	1	140	1	6	0	1436	2617	366	49	-1	
5	1	140	1	6	1	1436	2620	15	35	86.065483	Τ
5	1	140	1	6	2	1461	2636	102	25	33.479469	ιαπρεῦεις
5	1	140	1	6	3	1573	2636	53	19	77.344963	κάθε
5	1	140	1	6	4	1627	2617	37	49	0.000000	αν
5	1	140	1	6	5	1676	2623	73	39	0.000000	μνπορα
5	1	140	1	6	6	1761	2625	21	7	24.127487	κι
5	1	140	1	6	7	1762	2636	29	18	77.681740	πι
5	1	140	1	6	8	1782	2625	20	31	7.407669	.
4	1	140	1	7	0	1461	2669	108	21	-1	
5	1	140	1	7	1	1461	2669	108	21	26.032013	ασθενικό.
4	1	140	1	8	0	1439	2704	349	28	-1	
5	1	140	1	8	1	1439	2704	105	28	57.903236	Τριδίεις
5	1	140	1	8	2	1559	2712	24	20	91.205551	µε
5	1	140	1	8	3	1592	2712	26	13	34.984612	ορ
5	1	140	1	8	4	1634	2704	101	28	90.399681	φύλλωμά
5	1	140	1	8	5	1751	2711	37	15	94.836555	σου
4	1	140	1	9	0	1463	2741	99	21	-1	
5	1	140	1	9	1	1463	2747	23	15	63.957993	το
5	1	140	1	9	2	1496	2741	66	21	70.416748	πυκνό
4	1	140	1	10	0	1437	2774	353	29	-1	
5	1	140	1	10	1	1437	2774	18	22	81.849915	Τ
5	1	140	1	10	2	1464	2776	10	20	81.849915	ὁ
5	1	140	1	10	3	1487	2775	98	28	67.098434	πράσινο,
5	1	140	1	10	4	1595	2783	25	13	93.304565	το
5	1	140	1	10	5	1636	2775	89	28	31.634315	δρασερὸ
5	1	140	1	10	6	1754	2781	36	15	7.959480	αι
4	1	140	1	11	0	1459	2811	130	28	-1	
5	1	140	1	11	1	1459	2811	130	28	72.718460	πληθωρικὸ.
4	1	140	1	12	0	1347	2846	454	24	-1	
5	1	140	1	12	1	1347	2857	24	11	9.947693	ο
5	1	140	1	12	2	1438	2846	16	21	85.154564	Σ
5	1	140	1	12	3	1464	2847	156	23	0.000000	επισιἑπτοντα,
5	1	140	1	12	4	1636	2847	29	20	26.111481	κι
5	1	140	1	12	5	1675	2847	43	20	59.735428	κπὀ
5	1	140	1	12	6	1726	2846	30	30	0.000000	Ἱτο
5	1	140	1	12	7	1772	2853	29	13	24.613640	ε-ι
4	1	140	1	13	0	1466	2882	100	31	-1	
5	1	140	1	13	1	1466	2882	100	31	22.445251	ξωπερυκὸ
4	1	140	1	14	0	1435	2897	367	53	-1	
5	1	140	1	14	1	1435	2921	77	26	86.089958	Σδίως,
5	1	140	1	14	2	1528	2923	38	27	73.544746	γιὰ
5	1	140	1	14	3	1577	2923	17	21	28.431534	τ
5	1	140	1	14	4	1607	2923	97	27	85.331108	ἄσκληρο
5	1	140	1	14	5	1733	2897	69	53	0.000000	--
4	1	140	1	15	0	1459	2959	140	27	-1	
5	1	140	1	15	1	1459	2965	24	14	80.702080	φο
5	1	140	1	15	2	1495	2959	104	27	19.211586	υαματωιὀ.
2	1	141	0	0	0	1069	2995	733	319	-1	
3	1	141	1	0	0	1071	2995	730	103	-1	
4	1	141	1	1	0	1079	2995	722	33	-1	
5	1	141	1	1	1	1079	2995	37	21	5.808830	ένα
5	1	141	1	1	2	1130	2995	107	25	33.453918	ανπίπνπο,
5	1	141	1	1	3	1248	3002	27	18	89.958153	ας
5	1	141	1	1	4	1289	2999	93	23	84.540833	στείλουν
5	1	141	1	1	5	1395	2999	49	29	52.463737	μαζί
5	1	141	1	1	6	1458	3007	26	21	92.086792	µε
5	1	141	1	1	7	1495	3005	26	22	76.938591	τῃ
5	1	141	1	1	8	1536	2999	105	29	67.278763	συγδροµή
5	1	141	1	1	9	1651	3006	48	18	64.248672	πους
5	1	141	1	1	10	1707	3006	38	20	5.800179	γυκ
5	1	141	1	1	11	1753	3005	48	21	47.171444	ση»!
4	1	141	1	2	0	1071	3031	718	33	-1	
5	1	141	1	2	1	1071	3031	126	30	75.759285	[εφημερίδα
5	1	141	1	2	2	1207	3038	37	14	43.204990	κάν
5	1	141	1	2	3	1254	3038	25	14	71.232567	το
5	1	141	1	2	4	1290	3035	95	29	17.117264	αντίπυμα
5	1	141	1	2	5	1395	3035	49	28	75.853447	μιάς
5	1	141	1	2	6	1461	3035	112	28	42.199951	ἐγχρωμης
5	1	141	1	2	7	1586	3035	160	28	93.283760	φωτογραφίας,
5	1	141	1	2	8	1754	3042	35	13	0.000000	Χπὶ
4	1	141	1	3	0	1079	3066	302	32	-1	
5	1	141	1	3	1	1079	3066	25	20	60.148933	θα
5	1	141	1	3	2	1114	3073	38	21	46.197262	την
5	1	141	1	3	3	1163	3061	77	33	95.039719	λάβουν
5	1	141	1	3	4	1255	3071	126	27	48.253944	συσπημένη.
3	1	141	2	0	0	1069	3101	721	213	-1	
4	1	141	2	1	0	1101	3101	687	33	-1	
5	1	141	2	1	1	1101	3115	31	3	0.000000	-
5	1	141	2	1	2	1147	3101	89	29	0.000000	Ἐπήσης,
5	1	141	2	1	3	1251	3103	121	31	53.375542	διαθέτουμε
5	1	141	2	1	4	1384	3107	70	27	53.365219	οὐκόμη,
5	1	141	2	1	5	1470	3107	38	27	57.498177	μιᾶ
5	1	141	2	1	6	1523	3107	87	27	64.572495	δεύτερι
5	1	141	2	1	7	1624	3113	164	21	56.608147	αεροφωταγρα-
4	1	141	2	2	0	1079	3139	711	31	-1	
5	1	141	2	2	1	1079	3139	38	30	60.727623	φίᾳ
5	1	141	2	2	2	1127	3139	63	27	92.781044	αλλά,
5	1	141	2	2	3	1206	3139	142	31	31.984955	ασπρόὀµκυρη
5	1	141	2	2	4	1357	3147	37	16	85.392204	σπο
5	1	141	2	2	5	1406	3142	41	21	85.469727	ἴδιο
5	1	141	2	2	6	1453	3142	170	28	0.000000	σχἠµα.21Χ650,
5	1	141	2	2	7	1635	3143	53	27	0.000000	αωή
5	1	141	2	2	8	1699	3142	91	28	1.910210	περιλαμι
4	1	141	2	3	0	1070	3177	720	29	-1	
5	1	141	2	3	1	1070	3177	66	28	32.290848	[βάνει
5	1	141	2	3	2	1151	3179	60	24	0.000000	θἄτὸς
5	1	141	2	3	3	1225	3179	43	20	47.917961	απὀ
5	1	141	2	3	4	1279	3178	38	22	73.450485	ὅλα
5	1	141	2	3	5	1330	3185	26	14	70.901909	πα.
5	1	141	2	3	6	1371	3178	77	25	74.658218	σπίτια,
5	1	141	2	3	7	1461	3178	106	28	88.911865	ολόκληρη,
5	1	141	2	3	8	1581	3185	38	21	90.553009	την
5	1	141	2	3	9	1629	3179	58	27	95.125412	γύρω
5	1	141	2	3	10	1699	3178	91	28	51.009338	περιοχή
4	1	141	2	4	0	1070	3193	720	49	-1	
5	1	141	2	4	1	1070	3193	43	41	45.941242	[πω
5	1	141	2	4	2	1127	3214	89	28	89.941391	χωριοῦ,
5	1	141	2	4	3	1233	3214	40	21	34.020332	από
5	1	141	2	4	4	1287	3214	90	27	33.058380	στροφές
5	1	141	2	4	5	1385	3220	37	15	75.422951	τω
5	1	141	2	4	6	1437	3212	85	29	45.509705	Αη-Λιά
5	1	141	2	4	7	1536	3214	62	28	81.655914	µέχρι
5	1	141	2	4	8	1614	3221	24	14	74.896477	το
5	1	141	2	4	9	1649	3214	89	28	83.746536	γήπεδο,
5	1	141	2	4	10	1753	3220	37	15	43.264622	καά
4	1	141	2	5	0	1077	3249	712	29	-1	
5	1	141	2	5	1	1077	3250	41	20	61.893505	απὀ
5	1	141	2	5	2	1128	3249	118	29	0.000000	Μελεγόοι,
5	1	141	2	5	3	1260	3250	61	28	83.213333	μέχρι
5	1	141	2	5	4	1333	3257	22	13	96.251602	το
5	1	141	2	5	5	1369	3250	35	22	44.176159	νέο
5	1	141	2	5	6	1415	3249	72	21	27.273682	ξασωώ
5	1	141	2	5	7	1501	3249	65	29	50.451969	Σρόμο
5	1	141	2	5	8	1575	3249	163	29	73.339188	Πετρομένους
5	1	141	2	5	9	1728	3245	14	38	84.306564	-
5	1	141	2	5	10	1746	3249	43	21	4.666298	Κα-
4	1	141	2	6	0	1069	3264	733	50	-1	
5	1	141	2	6	1	1069	3264	35	48	59.600159	μα
5	1	141	2	6	2	1120	3284	70	29	91.606766	Ῥάχη.
5	1	141	2	6	3	1207	3285	25	21	30.153229	Σ᾽
5	1	141	2	6	4	1245	3285	55	28	84.937904	αυτή
5	1	141	2	6	5	1310	3293	26	13	83.174683	τα
5	1	141	2	6	6	1351	3285	71	21	54.557308	σπίτια,
5	1	141	2	6	7	1435	3285	108	28	40.964615	φαϊΐνονται
5	1	141	2	6	8	1560	3293	23	14	95.450012	σε
5	1	141	2	6	9	1596	3286	90	28	57.286598	μέγεθος
5	1	141	2	6	10	1713	3285	89	29	0.000000	μικροὺ
5	1	141	2	6	11	1793	3280	14	38	33.039978	|
2	1	142	0	0	0	350	3304	833	48	-1	
3	1	142	1	0	0	350	3304	833	48	-1	
4	1	142	1	1	0	350	3304	833	48	-1	
5	1	142	1	1	1	350	3317	39	21	75.623962	ὅλαι
5	1	142	1	1	2	401	3323	28	15	91.040787	πα
5	1	142	1	1	3	440	3317	70	24	33.372688	απύται
5	1	142	1	1	4	524	3323	27	16	94.360916	σε
5	1	142	1	1	5	561	3317	91	29	72.874207	μέγεθος
5	1	142	1	1	6	666	3319	94	28	38.893608	μεγάλου
5	1	142	1	1	7	774	3318	106	29	43.865242	ρεβυθιοῦ.
5	1	142	1	1	8	898	3318	61	23	53.969402	Ὅσα,
5	1	142	1	1	9	984	3300	72	56	25.335655	θέλωυν
5	1	142	1	1	10	1069	3300	114	56	60.236248	|ρεβυθιοῦ.
2	1	143	0	0	0	932	3468	48	8	-1	
3	1	143	1	0	0	932	3468	48	8	-1	
4	1	143	1	1	0	932	3468	48	8	-1	
5	1	143	1	1	1	932	3468	48	8	95.000000	 
2	1	144	0	0	0	2234	5	387	4	-1	
3	1	144	1	0	0	2234	5	387	4	-1	
4	1	144	1	1	0	2234	5	387	4	-1	
5	1	144	1	1	1	2234	5	387	4	95.000000	 
2	1	145	0	0	0	2359	193	233	43	-1	
3	1	145	1	0	0	2359	193	233	43	-1	
4	1	145	1	1	0	2359	193	233	43	-1	
5	1	145	1	1	1	2359	206	79	24	69.596008	Σελίδα
5	1	145	1	1	2	2451	202	80	34	8.164047	ἁη--
2	1	146	0	0	0	1829	248	589	5	-1	
3	1	146	1	0	0	1829	248	589	5	-1	
4	1	146	1	1	0	1829	248	589	5	-1	
5	1	146	1	1	1	1829	248	589	5	95.000000	 
2	1	147	0	0	0	1830	296	319	40	-1	
3	1	147	1	0	0	1830	296	319	40	-1	
4	1	147	1	1	0	1830	296	319	40	-1	
5	1	147	1	1	1	1830	296	162	39	16.370514	ΤΜΛΤΙΟΤΕ
5	1	147	1	1	2	2003	296	60	40	75.325928	ΜΚΟ
5	1	147	1	1	3	2074	296	75	39	0.000000	ΜΩΙ:
2	1	148	0	0	0	1809	358	359	766	-1	
3	1	148	1	0	0	1809	358	359	659	-1	
4	1	148	1	1	0	1930	358	120	10	-1	
5	1	148	1	1	1	1930	358	120	10	7.937653	κκ»
4	1	148	1	2	0	1809	388	281	29	-1	
5	1	148	1	2	1	1809	388	53	22	25.598419	Βΐδα
5	1	148	1	2	2	1875	396	36	15	93.115219	τον
5	1	148	1	2	3	1921	389	49	28	62.916904	Ίλιο
5	1	148	1	2	4	1980	395	41	21	68.199005	την
5	1	148	1	2	5	2033	389	57	28	86.284439	αυγή
4	1	148	1	3	0	1810	424	294	28	-1	
5	1	148	1	3	1	1810	425	35	20	91.012016	απ᾿
5	1	148	1	3	2	1860	431	23	14	56.270988	νο
5	1	148	1	3	3	1893	424	62	28	81.930557	βουνό
5	1	148	1	3	4	1971	431	28	14	93.225327	ναι
5	1	148	1	3	5	2013	424	91	28	36.722267	βγαύνεε,
4	1	148	1	4	0	1809	460	244	27	-1	
5	1	148	1	4	1	1809	460	99	27	0.000000	εχάρηκα,
5	1	148	1	4	2	1920	467	63	14	0.000000	Αμ...
5	1	148	1	4	3	1997	460	56	21	0.000000	θποι
4	1	148	1	5	0	1810	494	228	29	-1	
5	1	148	1	5	1	1810	508	7	3	8.385773	-
5	1	148	1	5	2	1833	494	63	26	8.385773	Δικὸς
5	1	148	1	5	3	1911	502	39	21	41.569771	µου
5	1	148	1	5	4	1961	496	55	21	57.493664	εἶσαι
5	1	148	1	5	5	2030	507	8	4	93.166573	-
4	1	148	1	6	0	1810	531	298	28	-1	
5	1	148	1	6	1	1810	531	44	22	84.408875	Σαν
5	1	148	1	6	2	1865	531	69	28	79.745041	βγήκε
5	1	148	1	6	3	1945	538	37	15	73.782364	και
5	1	148	1	6	4	1993	538	27	21	93.292358	µε
5	1	148	1	6	5	2035	531	73	22	87.405205	ἔλουσε
4	1	148	1	7	0	1810	566	317	29	-1	
5	1	148	1	7	1	1810	574	26	21	81.802231	µε
5	1	148	1	7	2	1847	574	30	17	84.388260	τις
5	1	148	1	7	3	1893	566	78	28	61.546665	χρυσές
5	1	148	1	7	4	1986	573	36	15	93.134727	του
5	1	148	1	7	5	2035	567	92	24	0.000000	απτύνες,
4	1	148	1	8	0	1810	602	265	27	-1	
5	1	148	1	8	1	1810	602	146	27	39.555649	ζαστάθημκα....
5	1	148	1	8	2	1970	609	38	15	0.000000	Χπάι
5	1	148	1	8	3	2020	602	55	21	12.547714	εὔπου:
4	1	148	1	9	0	1810	636	222	29	-1	
5	1	148	1	9	1	1810	636	78	26	18.021706	«Δικὸς
5	1	148	1	9	2	1901	644	38	14	93.302231	σου
5	1	148	1	9	3	1951	637	57	28	77.127388	εἶμαι
5	1	148	1	9	4	2024	650	8	3	93.183487	-
4	1	148	1	10	0	1811	672	357	29	-1	
5	1	148	1	10	1	1811	672	65	29	84.507622	Πήρα
5	1	148	1	10	2	1885	680	24	14	96.982101	το
5	1	148	1	10	3	1919	673	63	28	93.138420	χώμα
5	1	148	1	10	4	1991	674	37	20	58.506729	απ’
5	1	148	1	10	5	2037	680	39	21	95.406708	την
5	1	148	1	10	6	2087	673	81	28	64.594315	πλαγιά
4	1	148	1	11	0	1810	709	309	28	-1	
5	1	148	1	11	1	1810	715	39	14	22.133621	στκ
5	1	148	1	11	2	1861	709	64	27	85.305710	χέρια
5	1	148	1	11	3	1934	716	66	21	57.031982	μου...
5	1	148	1	11	4	2013	716	36	20	71.544373	καὶ
5	1	148	1	11	5	2063	709	56	21	18.947105	εἴπουιι
4	1	148	1	12	0	1812	743	205	29	-1	
5	1	148	1	12	1	1812	743	67	22	17.268303	-:Δικὸ
5	1	148	1	12	2	1893	752	39	20	90.437119	µου
5	1	148	1	12	3	1945	744	55	21	64.033226	εἶσαι
5	1	148	1	12	4	2009	756	8	5	84.030052	-
4	1	148	1	13	0	1809	779	328	31	-1	
5	1	148	1	13	1	1809	779	31	22	82.560638	Το
5	1	148	1	13	2	1852	779	78	31	92.607224	ἔσφιξα
5	1	148	1	13	3	1943	786	41	21	15.545410	στη
5	1	148	1	13	4	1993	781	84	27	90.414284	χούφτα
5	1	148	1	13	5	2088	788	49	20	10.075302	µοῦ,
4	1	148	1	14	0	1809	815	231	26	-1	
5	1	148	1	14	1	1809	822	35	14	40.237137	καὶ
5	1	148	1	14	2	1853	815	69	22	35.489555	νιῴθω
5	1	148	1	14	3	1932	815	108	26	25.135223	ζεστασιό,,
4	1	148	1	15	0	1809	850	288	28	-1	
5	1	148	1	15	1	1809	850	31	21	92.768661	Το
5	1	148	1	15	2	1852	851	121	27	38.581539	χάϊδεψα...
5	1	148	1	15	3	1987	858	38	15	84.926460	και
5	1	148	1	15	4	2039	852	58	19	76.948303	εἶπα:
4	1	148	1	16	0	1810	884	211	28	-1	
5	1	148	1	16	1	1810	884	78	25	11.013153	«Διός
5	1	148	1	16	2	1901	892	37	13	90.347618	σου
5	1	148	1	16	3	1949	885	57	27	90.940025	εἶμαι
5	1	148	1	16	4	2013	897	8	3	91.727135	-
4	1	148	1	17	0	1810	919	256	28	-1	
5	1	148	1	17	1	1810	919	29	20	75.009674	Σε
5	1	148	1	17	2	1856	920	105	27	22.688766	γνερομάνα,
5	1	148	1	17	3	1974	920	92	26	43.455814	ἔφτασνα,
4	1	148	1	18	0	1810	954	277	28	-1	
5	1	148	1	18	1	1810	961	26	15	62.148487	γα
5	1	148	1	18	2	1845	954	40	21	57.772781	πιώ
5	1	148	1	18	3	1895	954	37	21	68.997749	απ
5	1	148	1	18	4	1943	961	25	14	93.205162	το
5	1	148	1	18	5	1978	955	51	27	34.284538	Ἡερὸ
5	1	148	1	18	6	2041	962	46	20	28.471802	της.
4	1	148	1	19	0	1809	989	252	28	-1	
5	1	148	1	19	1	1809	989	128	28	50.984116	Ἠκάθησα...
5	1	148	1	19	2	1952	996	38	15	46.218132	πι
5	1	148	1	19	3	2005	990	56	21	9.267967	εἶτοα:
3	1	148	2	0	0	1809	1024	293	100	-1	
4	1	148	2	1	0	1825	1024	193	29	-1	
5	1	148	2	1	1	1825	1024	53	28	35.573944	Δυνὴ
5	1	148	2	1	2	1892	1032	39	21	87.708672	µου
5	1	148	2	1	3	1944	1025	54	21	89.785080	εἶσαι
5	1	148	2	1	4	2011	1038	7	3	92.929932	-
4	1	148	2	2	0	1810	1060	292	29	-1	
5	1	148	2	2	1	1810	1060	44	22	89.323959	Σαν
5	1	148	2	2	2	1866	1060	54	27	0.000000	πια
5	1	148	2	2	3	1935	1068	36	13	0.000000	πι
5	1	148	2	2	4	1986	1061	116	28	19.026810	εχόρτασα,
4	1	148	2	3	0	1809	1096	237	28	-1	
5	1	148	2	3	1	1809	1102	23	15	93.106422	το
5	1	148	2	3	2	1841	1096	98	28	81.443077	γάργαρο
5	1	148	2	3	3	1950	1096	48	28	66.847610	νερό
5	1	148	2	3	4	2008	1104	38	20	73.494308	της
2	1	149	0	0	0	1801	1131	265	29	-1	
3	1	149	1	0	0	1801	1131	265	29	-1	
4	1	149	1	1	0	1801	1131	265	29	-1	
5	1	149	1	1	1	1801	1131	140	29	30.559479	Γξεδίφασα...
5	1	149	1	1	2	1956	1139	38	17	50.295906	αν
5	1	149	1	1	3	2010	1132	56	21	15.445023	εἶποι:
2	1	150	0	0	0	1807	1166	313	424	-1	
3	1	150	1	0	0	1811	1166	223	31	-1	
4	1	150	1	1	0	1811	1166	223	31	-1	
5	1	150	1	1	1	1811	1166	78	28	6.344444	«Δικᾶς
5	1	150	1	1	2	1906	1176	38	19	79.313477	σου
5	1	150	1	1	3	1956	1168	55	29	34.635498	εἶμαι
5	1	150	1	1	4	2027	1181	7	4	91.233490	-
3	1	150	2	0	0	1808	1204	266	29	-1	
4	1	150	2	1	0	1808	1204	266	29	-1	
5	1	150	2	1	1	1808	1204	81	29	48.957157	Μπήκα
5	1	150	2	1	2	1905	1212	36	15	92.715294	στο
5	1	150	2	1	3	1958	1206	116	22	67.643402	ελατόδασο
3	1	150	3	0	0	1807	1241	225	28	-1	
4	1	150	3	1	0	1807	1241	225	28	-1	
5	1	150	3	1	1	1807	1241	37	28	81.428688	γιά
5	1	150	3	1	2	1856	1241	88	28	55.128765	δροσερό
5	1	150	3	1	3	1953	1242	79	27	56.726269	αγέρα.
3	1	150	4	0	0	1808	1276	277	27	-1	
4	1	150	4	1	0	1808	1276	277	27	-1	
5	1	150	4	1	1	1808	1276	31	21	84.669403	Το
5	1	150	4	1	2	1849	1276	114	27	14.693939	κοίπαξα...
5	1	150	4	1	3	1976	1284	36	14	5.347404	Χπι
5	1	150	4	1	4	2029	1278	56	21	44.925747	εἶπου:
3	1	150	5	0	0	1808	1311	232	29	-1	
4	1	150	5	1	0	1808	1311	232	29	-1	
5	1	150	5	1	1	1808	1311	67	23	24.674805	-Δυιὸ
5	1	150	5	1	2	1887	1320	66	20	80.274803	µου...
5	1	150	5	1	3	1966	1312	55	23	27.319298	εὔσαι
5	1	150	5	1	4	2033	1325	7	4	90.952591	-
3	1	150	6	0	0	1808	1347	277	28	-1	
4	1	150	6	1	0	1808	1347	277	28	-1	
5	1	150	6	1	1	1808	1347	44	22	86.475998	Σαν
5	1	150	6	1	2	1869	1348	82	27	91.671837	φύσηξε
5	1	150	6	1	3	1962	1356	37	15	4.896927	κάν
5	1	150	6	1	4	2011	1355	74	19	0.000000	1νύωσα,
3	1	150	7	0	0	1809	1384	250	28	-1	
4	1	150	7	1	0	1809	1384	250	28	-1	
5	1	150	7	1	1	1809	1390	37	21	92.661087	την
5	1	150	7	1	2	1859	1384	53	27	92.519279	τόση
5	1	150	7	1	3	1923	1389	37	16	64.765854	του
5	1	150	7	1	4	1974	1384	85	28	85.004517	δρασιά,
3	1	150	8	0	0	1809	1418	263	27	-1	
4	1	150	8	1	0	1809	1418	263	27	-1	
5	1	150	8	1	1	1809	1418	147	27	48.636093	ξαπόσπαισαι...
5	1	150	8	1	2	1967	1427	36	13	0.000000	αι
5	1	150	8	1	3	2015	1420	57	23	23.711975	επ:
3	1	150	9	0	0	1809	1453	222	30	-1	
4	1	150	9	1	0	1809	1453	222	30	-1	
5	1	150	9	1	1	1809	1453	77	26	9.233521	:Δωιὸς
5	1	150	9	1	2	1901	1462	37	14	88.531631	σου
5	1	150	9	1	3	1954	1455	56	28	43.246414	εἶμαι
5	1	150	9	1	4	2023	1468	8	3	93.160255	-
3	1	150	10	0	0	1807	1489	293	30	-1	
4	1	150	10	1	0	1807	1489	293	30	-1	
5	1	150	10	1	1	1807	1489	43	22	77.180389	Απ
5	1	150	10	1	2	1864	1490	38	21	90.473732	ὅλα
5	1	150	10	1	3	1916	1490	56	28	89.870850	εἶμαι
5	1	150	10	1	4	1983	1491	117	28	61.501667	σκέφτηκα.
3	1	150	11	0	0	1809	1521	311	69	-1	
4	1	150	11	1	0	1809	1521	310	33	-1	
5	1	150	11	1	1	1809	1524	37	22	92.505463	Μα
5	1	150	11	1	2	1857	1526	69	21	80.256454	τἶποτε
5	1	150	11	1	3	1941	1526	46	21	44.989159	δυκὀ
5	1	150	11	1	4	1997	1521	51	33	90.849274	µου.
5	1	150	11	1	5	2117	1549	2	2	0.000000	ι
4	1	150	11	2	0	1857	1566	263	24	-1	
5	1	150	11	2	1	1857	1566	133	22	67.692459	ΡΙΑΝΝΗΣ
5	1	150	11	2	2	2004	1566	116	24	90.477486	ΚΟΡΖΗΣ
2	1	151	0	0	0	1814	1624	346	7	-1	
3	1	151	1	0	0	1814	1624	346	7	-1	
4	1	151	1	1	0	1814	1624	346	7	-1	
5	1	151	1	1	1	1814	1624	346	7	95.000000	 
2	1	152	0	0	0	1832	1654	312	44	-1	
3	1	152	1	0	0	1832	1654	312	44	-1	
4	1	152	1	1	0	1832	1654	312	44	-1	
5	1	152	1	1	1	1832	1654	40	39	67.896339	ΠΛ
5	1	152	1	1	2	1891	1654	122	40	7.147583	ΛΙΛΝΟΙΞΗ
5	1	152	1	1	3	2032	1655	112	43	5.976013	ΙΡΙΜΗΙ
2	1	153	0	0	0	1806	1709	368	495	-1	
3	1	153	1	0	0	1806	1709	360	342	-1	
4	1	153	1	1	0	1829	1709	337	28	-1	
5	1	153	1	1	1	1829	1709	51	24	91.794006	Στις
5	1	153	1	1	2	1893	1709	98	25	39.070377	29-4-68,
5	1	153	1	1	3	2005	1716	37	15	0.000000	συ
5	1	153	1	1	4	2071	1710	95	27	1.791161	ΤΠραφείο
4	1	153	1	2	0	1807	1743	356	27	-1	
5	1	153	1	2	1	1807	1750	35	12	78.064194	νου
5	1	153	1	2	2	1857	1743	107	25	95.799248	Συλλόγου
5	1	153	1	2	3	1981	1750	41	15	85.218895	των
5	1	153	1	2	4	2032	1751	24	14	60.798836	ϐν
5	1	153	1	2	5	2083	1743	80	27	0.000000	Αποκ
4	1	153	1	3	0	1806	1774	360	30	-1	
5	1	153	1	3	1	1806	1774	178	30	17.285172	Τεωργισσιόνων
5	1	153	1	3	2	1993	1776	87	28	92.407845	εγένετο
5	1	153	1	3	3	2092	1777	74	22	0.000000	σύσκε-
4	1	153	1	4	0	1811	1810	350	30	-1	
5	1	153	1	4	1	1811	1811	41	28	31.871750	φην
5	1	153	1	4	2	1863	1818	30	18	96.474571	εις
5	1	153	1	4	3	1907	1818	40	20	49.968151	ήν
5	1	153	1	4	4	1957	1810	75	27	46.976528	οποίων
5	1	153	1	4	5	2059	1812	102	28	0.000000	παιοέστ-
4	1	153	1	5	0	1809	1845	355	30	-1	
5	1	153	1	5	1	1809	1853	37	16	95.082275	σαν
5	1	153	1	5	2	1861	1853	18	14	92.168182	οι
5	1	153	1	5	3	1893	1853	53	14	52.696953	χα.
5	1	153	1	5	4	1977	1845	19	23	70.999954	0
5	1	153	1	5	5	2006	1845	110	30	44.123772	Πρόθδρος
5	1	153	1	5	6	2127	1853	37	21	95.716415	της
4	1	153	1	6	0	1807	1881	357	29	-1	
5	1	153	1	6	1	1807	1881	129	28	0.000000	Κριότητας
5	1	153	1	6	2	1950	1881	143	29	54.585247	Τεωργιπαίου
5	1	153	1	6	3	2104	1881	60	22	40.049076	Απὸς
4	1	153	1	7	0	1809	1916	353	29	-1	
5	1	153	1	7	1	1809	1916	170	26	88.893196	Αντωνόπουλος,
5	1	153	1	7	2	2001	1917	111	28	24.342148	Παντελής
5	1	153	1	7	3	2136	1917	26	21	90.840302	Δ.
4	1	153	1	8	0	1807	1952	358	29	-1	
5	1	153	1	8	1	1807	1952	160	28	87.432579	Καράγιαννης,
5	1	153	1	8	2	1981	1952	97	29	88.386642	Ἀρήστος
5	1	153	1	8	3	2089	1953	27	21	59.076187	Γ.
5	1	153	1	8	4	2126	1953	39	21	86.825798	ζω
4	1	153	1	9	0	1808	1987	358	29	-1	
5	1	153	1	9	1	1808	1988	140	28	0.000000	στυγκαλἑλλης
5	1	153	1	9	2	1958	1994	38	16	84.656357	χαι
5	1	153	1	9	3	2006	1987	59	24	57.985954	Κων.
5	1	153	1	9	4	2077	1987	41	24	63.650608	ΑΧ.
5	1	153	1	9	5	2129	1988	37	22	93.404892	Πα
4	1	153	1	10	0	1807	2025	359	26	-1	
5	1	153	1	10	1	1807	2025	194	26	20.109955	παθωνασόπουλος,
5	1	153	1	10	2	2014	2025	117	23	68.447372	απουσίασε
5	1	153	1	10	3	2155	2033	11	14	96.774811	ο
3	1	153	2	0	0	1807	2061	359	143	-1	
4	1	153	2	1	0	1807	2061	359	31	-1	
5	1	153	2	1	1	1807	2062	84	29	18.358116	Ἐυάγγ.
5	1	153	2	1	2	1904	2061	137	31	56.101192	Μπαθούλης.
5	1	153	2	1	3	2059	2062	14	23	92.811592	Ἡ
5	1	153	2	1	4	2085	2062	81	30	57.019787	Έπιτρο
4	1	153	2	2	0	1809	2099	353	29	-1	
5	1	153	2	2	1	1809	2100	27	27	88.815063	πἠ
5	1	153	2	2	2	1851	2099	53	28	58.087379	αυτή
5	1	153	2	2	3	1917	2100	64	27	70.250092	ὤρυσε
5	1	153	2	2	4	1993	2099	85	29	52.162811	Ῥαμίαν
5	1	153	2	2	5	2093	2107	37	15	89.864799	τον
5	1	153	2	2	6	2141	2107	21	14	94.437920	κ.
4	1	153	2	3	0	1809	2139	353	30	-1	
5	1	153	2	3	1	1809	2139	85	29	85.765900	Παναγ.
5	1	153	2	3	2	1907	2139	24	22	92.345016	Δ.
5	1	153	2	3	3	1948	2140	162	29	82.364807	Καράγιαννην,
5	1	153	2	3	4	2126	2141	36	21	89.164345	Τε-
4	1	153	2	4	0	1808	2175	366	29	-1	
5	1	153	2	4	1	1808	2176	56	22	19.733673	υυνὸν
5	1	153	2	4	2	1878	2175	128	29	42.638367	Τραμματέα
5	1	153	2	4	3	2022	2183	36	15	77.164299	τον
5	1	153	2	4	4	2069	2184	22	13	95.546463	κ.
5	1	153	2	4	5	2104	2176	70	30	49.925636	Κων.
5	1	153	2	4	6	2168	2171	10	39	9.083786	!
2	1	154	0	0	0	1800	2202	374	38	-1	
3	1	154	1	0	0	1800	2202	374	38	-1	
4	1	154	1	1	0	1800	2202	374	38	-1	
5	1	154	1	1	1	1800	2211	240	26	0.000000	{Παπαθαναισόπουλον,
5	1	154	1	1	2	2049	2213	62	27	80.471489	µέλη:
5	1	154	1	1	3	2123	2202	51	38	0.000000	Χρ.᾽
2	1	155	0	0	0	2174	485	3	325	-1	
3	1	155	1	0	0	2174	485	3	325	-1	
4	1	155	1	1	0	2174	485	3	325	-1	
5	1	155	1	1	1	2174	485	3	325	95.000000	 
2	1	156	0	0	0	2172	1146	4	393	-1	
3	1	156	1	0	0	2172	1146	4	393	-1	
4	1	156	1	1	0	2172	1146	4	393	-1	
5	1	156	1	1	1	2172	1146	4	393	95.000000	 
2	1	157	0	0	0	1809	2233	341	42	-1	
3	1	157	1	0	0	1809	2233	365	42	-1	
4	1	157	1	1	0	1809	2233	341	42	-1	
5	1	157	1	1	1	1809	2246	180	29	25.035713	Κωστοκανέλλην
5	1	157	1	1	2	2004	2254	36	15	9.991119	και
5	1	157	1	1	3	2051	2247	39	21	22.472824	Εν».
5	1	157	1	1	4	2103	2233	47	35	0.000000	πα
2	1	158	0	0	0	1809	2282	356	29	-1	
3	1	158	1	0	0	1809	2282	356	29	-1	
4	1	158	1	1	0	1809	2282	356	29	-1	
5	1	158	1	1	1	1809	2283	84	27	81.355736	θούλην.
5	1	158	1	1	2	1907	2282	43	28	13.513809	τη
5	1	158	1	1	3	1965	2283	99	28	26.194565	συνέχεια
5	1	158	1	1	4	2116	2283	49	21	26.362068	Έπι-
2	1	159	0	0	0	1810	2317	365	38	-1	
3	1	159	1	0	0	1810	2317	365	38	-1	
4	1	159	1	1	0	1810	2317	365	38	-1	
5	1	159	1	1	1	1810	2319	67	27	75.888855	τροπὴ
5	1	159	1	1	2	1890	2319	121	27	85.339020	απεφἀσίσε
5	1	159	1	1	3	2022	2327	24	13	88.810310	το
5	1	159	1	1	4	2071	2319	47	22	31.377022	ἄν».
5	1	159	1	1	5	2120	2317	55	38	13.951279	γλα,
2	1	160	0	0	0	1808	2353	367	99	-1	
3	1	160	1	0	0	1808	2353	367	99	-1	
4	1	160	1	1	0	1808	2353	367	36	-1	
5	1	160	1	1	1	1808	2353	108	29	72.087967	λογ/σμού
5	1	160	1	1	2	1929	2360	52	22	9.336868	σσην
5	1	160	1	1	3	1990	2353	80	29	15.869904	Ῥθνωκή
5	1	160	1	1	4	2083	2353	92	36	0.000000	Τρῶπε--
4	1	160	1	2	0	1810	2388	365	30	-1	
5	1	160	1	2	1	1810	2389	26	25	92.078651	ζα
5	1	160	1	2	2	1850	2388	98	29	92.583771	Αθηνών,
5	1	160	1	2	3	1967	2397	25	20	92.717712	µε
5	1	160	1	2	4	2003	2391	65	20	65.259705	σκοπὀ
5	1	160	1	2	5	2081	2397	26	21	9.826569	τη
5	1	160	1	2	6	2121	2391	54	23	0.000000	ὃ-ὰ-
5	1	160	1	2	7	2166	2384	11	38	11.427727	ἰ
4	1	160	1	3	0	1810	2425	352	27	-1	
5	1	160	1	3	1	1810	2425	59	27	29.937347	νοιξη
5	1	160	1	3	2	1887	2425	77	27	53.827850	δρόμου
5	1	160	1	3	3	1973	2426	47	25	0.000000	μποὸ
5	1	160	1	3	4	2036	2426	55	22	7.962151	σπίτ.
5	1	160	1	3	5	2105	2425	57	23	71.821106	Διον.
2	1	161	0	0	0	1808	2457	367	31	-1	
3	1	161	1	0	0	1808	2457	367	31	-1	
4	1	161	1	1	0	1808	2457	367	31	-1	
5	1	161	1	1	1	1808	2459	149	29	0.000000	Καράγωωνη,
5	1	161	1	1	2	1970	2461	98	27	84.425293	Σχολείο,
5	1	161	1	1	3	2079	2461	24	21	16.878700	Ὦ.
5	1	161	1	1	4	2119	2457	56	30	50.349026	Κω-;
2	1	162	0	0	0	1809	2495	356	29	-1	
3	1	162	1	0	0	1809	2495	356	29	-1	
4	1	162	1	1	0	1809	2495	356	29	-1	
5	1	162	1	1	1	1809	2496	135	26	45.361244	σταχανέλλη,
5	1	162	1	1	2	1957	2495	69	23	66.155762	Λεων.
5	1	162	1	1	3	2039	2496	126	28	0.000000	Ἐαραλέμας,
2	1	163	0	0	0	1816	2554	340	3	-1	
3	1	163	1	0	0	1816	2554	340	3	-1	
4	1	163	1	1	0	1816	2554	340	3	-1	
5	1	163	1	1	1	1816	2554	340	3	95.000000	 
2	1	164	0	0	0	1836	2570	310	66	-1	
3	1	164	1	0	0	1836	2570	310	66	-1	
4	1	164	1	1	0	1836	2570	310	66	-1	
5	1	164	1	1	1	1836	2583	69	51	0.000000	ΝΕΛΣ
5	1	164	1	1	2	1907	2570	239	66	2.181206	ΗΙΤΕΤΜΛΜΗΙΙΣ.
2	1	165	0	0	0	1804	2629	360	70	-1	
3	1	165	1	0	0	1804	2629	360	70	-1	
4	1	165	1	1	0	1804	2629	358	33	-1	
5	1	165	1	1	1	1804	2627	29	27	75.735779	Ὁ
5	1	165	1	1	2	1840	2627	104	33	90.353775	ανώτερος
5	1	165	1	1	3	1960	2629	119	33	0.000000	ὑπάλρηηλος
5	1	165	1	1	4	2089	2642	41	20	0.000000	ης
5	1	165	1	1	5	2136	2629	26	26	80.685356	Ἡ-
4	1	165	1	2	0	1807	2667	357	32	-1	
5	1	165	1	2	1	1807	2668	72	31	0.000000	θνυκῆς
5	1	165	1	2	2	1889	2667	113	29	37.399906	Ἡράπεζας
5	1	165	1	2	3	2017	2676	22	14	74.564636	κ.
5	1	165	1	2	4	2053	2668	19	22	43.361835	Ἱ.
5	1	165	1	2	5	2104	2668	60	24	0.000000	ἘΤήν-
2	1	166	0	0	0	1807	2704	366	28	-1	
3	1	166	1	0	0	1807	2704	366	28	-1	
4	1	166	1	1	0	1807	2704	366	28	-1	
5	1	166	1	1	1	1807	2711	42	17	81.572830	γες,
5	1	166	1	1	2	1865	2704	155	28	26.334656	τοποθετήθηκε
5	1	166	1	1	3	2046	2710	40	22	81.226410	στη
5	1	166	1	1	4	2112	2705	61	27	65.835724	θέση]
2	1	167	0	0	0	1806	2739	358	289	-1	
3	1	167	1	0	0	1806	2739	357	64	-1	
4	1	167	1	1	0	1806	2739	357	28	-1	
5	1	167	1	1	1	1806	2746	36	14	89.655251	του
5	1	167	1	1	2	1856	2739	148	28	0.000000	εντετκλμέλου
5	1	167	1	1	3	2015	2746	36	15	70.458412	του
5	1	167	1	1	4	2082	2739	81	23	0.425812	Υποκα-
4	1	167	1	2	0	1808	2775	252	28	-1	
5	1	167	1	2	1	1808	2775	131	27	72.636169	παστήµατος
5	1	167	1	2	2	1953	2775	107	28	0.182991	Σπάρπης.
3	1	167	2	0	0	1806	2815	357	213	-1	
4	1	167	2	1	0	1836	2815	327	29	-1	
5	1	167	2	1	1	1836	2815	18	21	86.208893	0
5	1	167	2	1	2	1865	2823	22	13	86.208893	κ.
5	1	167	2	1	3	1902	2815	95	25	6.407837	Τιάννες,
5	1	167	2	1	4	2010	2823	39	14	93.267090	που
5	1	167	2	1	5	2057	2817	106	27	76.910248	υπηρετοῦ
4	1	167	2	2	0	1807	2851	357	29	-1	
5	1	167	2	2	1	1807	2859	23	13	96.753983	σε
5	1	167	2	2	2	1842	2851	64	29	79.050797	µέχρι
5	1	167	2	2	3	1918	2851	58	29	72.745712	τώρα
5	1	167	2	2	4	1989	2858	39	15	55.842201	σοο
5	1	167	2	2	5	2056	2851	108	24	0.000000	Υποαπά-
4	1	167	2	3	0	1807	2887	356	34	-1	
5	1	167	2	3	1	1807	2895	67	25	31.485321	οτηµα
5	1	167	2	3	2	1886	2887	120	33	33.614044	Παπησίων
5	1	167	2	3	3	2014	2895	39	25	90.489304	της
5	1	167	2	3	4	2067	2887	96	34	95.318054	Αθήνας,
4	1	167	2	4	0	1806	2922	357	34	-1	
5	1	167	2	4	1	1806	2922	154	34	0.000000	αὐυκαπάσπησε
5	1	167	2	4	2	1973	2935	35	15	77.008873	τον
5	1	167	2	4	3	2021	2936	22	14	92.851891	κ.
5	1	167	2	4	4	2067	2928	96	28	18.759567	ἨΜνώληι
4	1	167	2	5	0	1807	2962	355	30	-1	
5	1	167	2	5	1	1807	2962	201	30	59.521568	Δημητρωκάπουλο,
5	1	167	2	5	2	2019	2972	41	14	51.687347	που
5	1	167	2	5	3	2086	2971	76	16	18.316986	συντοι-
4	1	167	2	6	0	1807	2999	145	29	-1	
5	1	167	2	6	1	1807	2999	145	29	31.078552	ξιοδοτήθηροε.
2	1	168	0	0	0	1812	3058	65	4	-1	
3	1	168	1	0	0	1812	3058	65	4	-1	
4	1	168	1	1	0	1812	3058	65	4	-1	
5	1	168	1	1	1	1812	3058	65	4	95.000000	 
2	1	169	0	0	0	1904	3059	209	67	-1	
3	1	169	1	0	0	1904	3059	209	67	-1	
4	1	169	1	1	0	1904	3059	209	67	-1	
5	1	169	1	1	1	1904	3059	209	67	0.000000	πο
2	1	170	0	0	0	1806	3141	359	102	-1	
3	1	170	1	0	0	1807	3141	358	102	-1	
4	1	170	1	1	0	1830	3141	335	31	-1	
5	1	170	1	1	1	1830	3141	18	23	90.023018	Ο
5	1	170	1	1	2	1859	3142	214	29	74.075493	Ἠλαιοχρωμαπιστῆς
5	1	170	1	1	3	2087	3143	78	29	0.000000	Ἡροβι-
4	1	170	1	2	0	1807	3177	355	29	-1	
5	1	170	1	2	1	1807	3178	25	25	0.000000	ἅς
5	1	170	1	2	2	1847	3177	112	26	74.614563	Νικόλαος,
5	1	170	1	2	3	1972	3179	145	27	86.530457	γνωστοποιεί,
5	1	170	1	2	4	2131	3179	31	22	58.352364	ὅτι
4	1	170	1	3	0	1806	3214	358	29	-1	
5	1	170	1	3	1	1806	3214	142	28	43.127968	ανολωμβάλει
5	1	170	1	3	2	2000	3215	164	28	30.092026	 ελαιοχρωμαία-
2	1	171	0	0	0	1798	3245	366	49	-1	
3	1	171	1	0	0	1798	3245	366	49	-1	
4	1	171	1	1	0	1798	3245	366	49	-1	
5	1	171	1	1	1	1798	3245	80	49	0.000000	μσμούς,
5	1	171	1	1	2	1893	3246	65	36	39.358932	υδραχ
5	1	171	1	1	3	1945	3247	161	47	6.846634	ρωμκισμοὺς
5	1	171	1	1	4	2123	3248	41	35	12.642578	κο
2	1	172	0	0	0	1806	3285	356	64	-1	
3	1	172	1	0	0	1806	3285	356	64	-1	
4	1	172	1	1	0	1807	3285	355	29	-1	
5	1	172	1	1	1	1807	3285	107	28	47.965645	γωάλησμα
5	1	172	1	1	2	1925	3285	139	29	43.624554	παπωµόπων.
5	1	172	1	1	3	2077	3285	85	29	73.667709	Τηλέφ.
4	1	172	1	2	0	1806	3321	199	28	-1	
5	1	172	1	2	1	1806	3321	72	21	72.497360	38871
5	1	172	1	2	2	1892	3333	8	3	93.056641	-
5	1	172	1	2	3	1907	3321	98	28	75.440109	Σπάρτη.
2	1	173	0	0	0	2171	2416	4	861	-1	
3	1	173	1	0	0	2171	2416	4	861	-1	
4	1	173	1	1	0	2171	2416	4	861	-1	
5	1	173	1	1	1	2171	2416	4	861	95.000000	 
2	1	174	0	0	0	2225	295	330	176	-1	
3	1	174	1	0	0	2225	295	330	176	-1	
4	1	174	1	1	0	2312	295	136	40	-1	
5	1	174	1	1	1	2312	295	136	40	20.049660	ΣΜΙΠΙΣ
5	1	174	1	1	2	2460	295	28	32	76.063515	-
4	1	174	1	2	0	2225	351	281	38	-1	
5	1	174	1	2	1	2225	376	3	1	0.000000	τ
5	1	174	1	2	2	2304	351	202	38	0.000000	ΠΡΝΟΚΟΚΚΛΣΗ
4	1	174	1	3	0	2235	420	320	51	-1	
5	1	174	1	3	1	2235	442	31	22	96.689064	Το
5	1	174	1	3	2	2290	420	120	50	60.831436	--
5	1	174	1	3	3	2438	442	117	29	88.862213	Συμβούλιο
2	1	175	0	0	0	2199	477	357	66	-1	
3	1	175	1	0	0	2199	477	357	66	-1	
4	1	175	1	1	0	2200	477	354	30	-1	
5	1	175	1	1	1	2200	486	36	14	95.978943	του
5	1	175	1	1	2	2247	478	107	28	89.064438	Συλλόγου
5	1	175	1	1	3	2380	477	174	30	18.010109	ἈΒορειοδημοπὼν
4	1	175	1	2	0	2199	514	357	29	-1	
5	1	175	1	2	1	2199	514	107	28	85.667656	Σπάρτης,
5	1	175	1	2	2	2321	514	45	27	77.555428	εἶχε
5	1	175	1	2	3	2377	520	41	21	51.675907	η)
5	1	175	1	2	4	2438	514	118	29	89.614708	πρωτρβου-
2	1	176	0	0	0	2344	418	80	5	-1	
3	1	176	1	0	0	2344	418	80	5	-1	
4	1	176	1	1	0	2344	418	80	5	-1	
5	1	176	1	1	1	2344	418	80	5	95.000000	 
2	1	177	0	0	0	2191	548	365	29	-1	
3	1	177	1	0	0	2191	548	365	29	-1	
4	1	177	1	1	0	2191	548	365	29	-1	
5	1	177	1	1	1	2191	548	43	23	0.000000	᾿λία,
5	1	177	1	1	2	2249	557	35	15	46.564247	κι
5	1	177	1	1	3	2296	550	115	27	0.000000	πελέσθηρε
5	1	177	1	1	4	2425	555	43	19	29.360672	συις
5	1	177	1	1	5	2497	549	59	22	59.361511	19-6-
2	1	178	0	0	0	2197	585	381	626	-1	
3	1	178	1	0	0	2197	585	381	626	-1	
4	1	178	1	1	0	2199	585	356	28	-1	
5	1	178	1	1	1	2199	585	27	21	80.121002	88
5	1	178	1	1	2	2235	586	121	27	10.442444	μνημόσυνο
5	1	178	1	1	3	2371	590	37	23	43.934853	στη
5	1	178	1	1	4	2419	585	73	28	19.511871	μνήμη
5	1	178	1	1	5	2512	592	43	16	54.400406	που
4	1	178	1	2	0	2197	620	359	29	-1	
5	1	178	1	2	1	2197	621	62	28	0.000000	ἤρωα,
5	1	178	1	2	2	2271	620	136	29	22.057739	Πρινοκοχικά
5	1	178	1	2	3	2418	627	40	16	87.798096	που
5	1	178	1	2	4	2469	621	87	22	37.930531	αντιστᾶ,
4	1	178	1	3	0	2199	656	357	28	-1	
5	1	178	1	3	1	2199	657	51	27	63.580097	θηκε
5	1	178	1	3	2	2264	664	27	20	96.697136	µε
5	1	178	1	3	3	2304	656	44	21	93.066017	500
5	1	178	1	3	4	2359	656	153	27	75.321121	συναγωνυστὲς
5	1	178	1	3	5	2519	662	37	16	94.573036	του
4	1	178	1	4	0	2201	691	351	29	-1	
5	1	178	1	4	1	2201	699	75	14	86.326599	ατον...
5	1	178	1	4	2	2293	691	93	28	76.935211	Μωδμεθ
5	1	178	1	4	3	2398	698	35	15	79.283661	το
5	1	178	1	4	4	2445	692	107	28	72.714920	παρθητή.
4	1	178	1	5	0	2197	727	357	29	-1	
5	1	178	1	5	1	2197	727	32	22	88.124718	Το
5	1	178	1	5	2	2242	728	120	27	73.168465	μνημόσυνο
5	1	178	1	5	3	2373	734	39	15	90.402481	που
5	1	178	1	5	4	2440	727	114	29	11.980782	τελέσθηκε
4	1	178	1	6	0	2199	762	355	29	-1	
5	1	178	1	6	1	2199	770	47	15	93.287682	στον
5	1	178	1	6	2	2261	762	49	29	92.706429	Ἱερὸ
5	1	178	1	6	3	2321	762	46	22	88.290916	Ναό
5	1	178	1	6	4	2375	769	39	22	40.843086	της
5	1	178	1	6	5	2426	762	70	29	91.486069	Αγίας
5	1	178	1	6	6	2507	762	47	29	53.795425	Βαρ
4	1	178	1	7	0	2201	798	352	29	-1	
5	1	178	1	7	1	2201	799	67	28	92.125839	βάρας
5	1	178	1	7	2	2294	798	84	28	86.881981	Καστρί
5	1	178	1	7	3	2392	810	8	3	89.993286	-
5	1	178	1	7	4	2411	798	142	29	21.274658	Καστορεῖρυ,
4	1	178	1	8	0	2200	832	350	33	-1	
5	1	178	1	8	1	2200	842	36	13	50.810894	χο
5	1	178	1	8	2	2251	834	97	22	44.748421	αποτελεί
5	1	178	1	8	3	2359	834	105	27	50.671650	ελάχιστη
5	1	178	1	8	4	2473	832	77	33	70.812958	συµβο-
4	1	178	1	9	0	2198	865	357	32	-1	
5	1	178	1	9	1	2198	870	27	26	40.004601	χἠ
5	1	178	1	9	2	2238	876	36	13	80.792725	και
5	1	178	1	9	3	2285	870	64	25	90.884842	χρέος
5	1	178	1	9	4	2361	865	67	31	19.038170	τιμής,
5	1	178	1	9	5	2441	876	63	18	93.000000	στους
5	1	178	1	9	6	2512	875	43	22	27.492332	µκρ
4	1	178	1	10	0	2201	904	351	27	-1	
5	1	178	1	10	1	2201	904	96	27	62.283512	τορυκοὺς
5	1	178	1	10	2	2307	904	81	27	50.221706	ήρωες,
5	1	178	1	10	3	2399	910	42	15	72.644043	ποὺ
5	1	178	1	10	4	2454	904	44	22	69.970215	ενώ.
5	1	178	1	10	5	2525	904	27	22	71.084213	θα
4	1	178	1	11	0	2199	934	362	32	-1	
5	1	178	1	11	1	2199	939	120	26	56.216961	μπορούσαν
5	1	178	1	11	2	2333	938	108	27	48.819008	θαυμάσια
5	1	178	1	11	3	2453	944	28	15	69.155273	ναι
5	1	178	1	11	4	2495	934	66	32	51.024670	σκορ-.
4	1	178	1	12	0	2197	973	359	28	-1	
5	1	178	1	12	1	2197	974	73	21	44.277267	πίσουν
5	1	178	1	12	2	2282	980	27	21	93.757980	µε
5	1	178	1	12	3	2317	979	28	15	90.672112	το
5	1	178	1	12	4	2355	973	155	28	0.000000	γυνακιόπαµδα
5	1	178	1	12	5	2517	980	39	16	28.871170	σοο
4	1	178	1	13	0	2198	1008	358	29	-1	
5	1	178	1	13	1	2198	1008	97	28	39.623867	Ταὔγετο
5	1	178	1	13	2	2304	1016	37	15	57.884819	καὶ
5	1	178	1	13	3	2352	1015	29	16	90.748283	να
5	1	178	1	13	4	2392	1009	124	28	94.615669	αποφύγουν
5	1	178	1	13	5	2529	1016	27	21	96.079361	τη
4	1	178	1	14	0	2201	1044	353	29	-1	
5	1	178	1	14	1	2201	1044	86	27	0.000000	θλωβερή
5	1	178	1	14	2	2300	1044	132	28	15.197662	σύγκροωση,
5	1	178	1	14	3	2455	1045	99	28	44.250168	ππροπίμηη-
4	1	178	1	15	0	2199	1080	355	28	-1	
5	1	178	1	15	1	2199	1086	38	15	93.518433	σαν
5	1	178	1	15	2	2250	1086	26	15	67.913422	νο
5	1	178	1	15	3	2292	1080	131	27	48.525047	πολεήσουν
5	1	178	1	15	4	2437	1080	117	28	36.418861	ποληαρὶ-
4	1	178	1	16	0	2198	1115	357	29	-1	
5	1	178	1	16	1	2198	1122	43	17	19.890121	συο,
5	1	178	1	16	2	2253	1122	54	15	0.000000	Χσά...
5	1	178	1	16	3	2311	1115	67	29	0.000000	μοδί
5	1	178	1	16	4	2387	1121	49	20	89.547478	τους
5	1	178	1	16	5	2451	1116	104	27	43.734406	σχεπώθη-
4	1	178	1	17	0	2197	1149	381	44	-1	
5	1	178	1	17	1	2197	1158	41	16	47.158852	Χαν
5	1	178	1	17	2	2248	1159	38	14	79.409752	και
5	1	178	1	17	3	2299	1158	26	15	73.042847	το
5	1	178	1	17	4	2339	1152	73	21	0.000000	παιδιά
5	1	178	1	17	5	2418	1149	59	44	62.081802	στου
5	1	178	1	17	6	2486	1152	68	29	16.875977	χάρου.
4	1	178	1	18	0	2198	1188	106	23	-1	
5	1	178	1	18	1	2198	1196	22	14	90.922455	το
5	1	178	1	18	2	2230	1188	74	23	0.000000	αλώνε.
2	1	179	0	0	0	2209	1277	331	94	-1	
3	1	179	1	0	0	2209	1277	331	94	-1	
4	1	179	1	1	0	2209	1277	331	51	-1	
5	1	179	1	1	1	2209	1278	17	37	21.297516	Η
5	1	179	1	1	2	2245	1277	155	51	75.633514	ΚΠΗΜΛΤΙΚΗ
5	1	179	1	1	3	2419	1277	121	39	42.756176	ΤΡΛΠΗΛ
4	1	179	1	2	0	2297	1331	160	40	-1	
5	1	179	1	2	1	2297	1331	160	40	0.346901	ΙΗΤΟΥΠΤΕΙ
2	1	180	0	0	0	2196	1383	377	390	-1	
3	1	180	1	0	0	2196	1383	377	282	-1	
4	1	180	1	1	0	2227	1383	325	33	-1	
5	1	180	1	1	1	2227	1387	88	29	0.513092	Άρχισε
5	1	180	1	1	2	2327	1395	37	14	67.651489	και
5	1	180	1	1	3	2373	1383	124	33	41.407360	λειτουργεί
5	1	180	1	1	4	2512	1392	40	24	96.396423	στη
4	1	180	1	2	0	2197	1424	355	28	-1	
5	1	180	1	2	1	2197	1424	87	27	50.802349	Ἀπάρτη
5	1	180	1	2	2	2293	1431	28	20	42.352123	Με
5	1	180	1	2	3	2333	1424	126	27	36.720577	τετραμελές
5	1	180	1	2	4	2471	1430	81	22	40.497108	πρασω-
4	1	180	1	3	0	2197	1458	356	29	-1	
5	1	180	1	3	1	2197	1460	47	20	79.931244	πικὀ
5	1	180	1	3	2	2255	1467	24	13	93.270309	το
5	1	180	1	3	3	2291	1460	35	21	51.508759	νὲο
5	1	180	1	3	4	2339	1458	67	29	6.395737	Υπο)
5	1	180	1	3	5	2411	1466	31	21	82.766693	µα
5	1	180	1	3	6	2454	1465	38	22	67.780296	της
5	1	180	1	3	7	2502	1458	51	23	51.984039	Ἐθνι
4	1	180	1	4	0	2196	1494	358	29	-1	
5	1	180	1	4	1	2196	1495	40	27	71.722252	κῆς
5	1	180	1	4	2	2247	1494	138	29	0.000000	ἀτηματωκής
5	1	180	1	4	3	2395	1494	114	29	73.682457	Τράπεζας
5	1	180	1	4	4	2517	1500	37	23	52.948479	της
4	1	180	1	5	0	2198	1528	354	30	-1	
5	1	180	1	5	1	2198	1530	102	25	62.009495	Ἑλλάδος,
5	1	180	1	5	2	2312	1530	43	26	0.000000	μπὸ
5	1	180	1	5	3	2386	1536	26	22	66.215179	τη
5	1	180	1	5	4	2441	1528	111	30	58.869915	διεύθυνσς
4	1	180	1	6	0	2197	1564	376	30	-1	
5	1	180	1	6	1	2197	1573	36	14	96.888016	του
5	1	180	1	6	2	2244	1573	23	14	88.956886	κ.
5	1	180	1	6	3	2277	1565	75	22	77.945175	Νικολ.
5	1	180	1	6	4	2363	1564	93	30	89.818298	Κελερά,
5	1	180	1	6	5	2467	1573	41	14	87.399094	που
5	1	180	1	6	6	2517	1573	37	15	77.700851	κα-
5	1	180	1	6	7	2569	1575	4	2	71.817909	-
4	1	180	1	7	0	2197	1597	358	60	-1	
5	1	180	1	7	1	2197	1602	87	28	0.000000	τάγεται
5	1	180	1	7	2	2299	1602	43	23	90.603149	απὀ
5	1	180	1	7	3	2356	1608	25	15	96.449013	το
5	1	180	1	7	4	2393	1597	110	60	19.762680	---.
5	1	180	1	7	5	2513	1600	42	39	34.673676	Κο.
4	1	180	1	8	0	2198	1638	88	27	-1	
5	1	180	1	8	1	2198	1638	88	27	67.701042	ρυνθίας.
3	1	180	2	0	0	2197	1677	374	96	-1	
4	1	180	2	1	0	2225	1677	329	28	-1	
5	1	180	2	1	1	2225	1677	33	22	95.347916	Τα
5	1	180	2	1	2	2269	1678	92	27	33.525360	επίσημα
5	1	180	2	1	3	2373	1677	96	28	10.512680	εγχαῦκα
5	1	180	2	1	4	2483	1678	28	21	93.008545	θα
5	1	180	2	1	5	2522	1678	32	27	80.577072	γἱ-
4	1	180	2	2	0	2197	1712	374	30	-1	
5	1	180	2	2	1	2197	1720	48	15	54.700779	νουν
5	1	180	2	2	2	2259	1719	43	18	93.279526	στις
5	1	180	2	2	3	2313	1712	59	25	29.407272	28-Τ,
5	1	180	2	2	4	2385	1720	25	20	60.807728	µε
5	1	180	2	2	5	2422	1720	28	20	60.807728	πῃ
5	1	180	2	2	6	2476	1718	78	24	85.714363	παρου-
5	1	180	2	2	7	2569	1720	2	2	41.681553	᾿
4	1	180	2	3	0	2197	1746	357	27	-1	
5	1	180	2	3	1	2197	1748	35	18	85.515549	σία
5	1	180	2	3	2	2245	1753	36	14	10.908569	το.
5	1	180	2	3	3	2293	1746	111	26	23.675468	Δυοωσητοῦ
5	1	180	2	3	4	2419	1754	38	18	93.286415	της
5	1	180	2	3	5	2471	1747	83	26	32.540543	Πράπε-
2	1	181	0	0	0	2193	1779	280	29	-1	
3	1	181	1	0	0	2193	1779	280	29	-1	
4	1	181	1	1	0	2193	1779	280	29	-1	
5	1	181	1	1	1	2193	1779	43	26	92.477417	ζας
5	1	181	1	1	2	2243	1780	22	20	90.801544	κ.
5	1	181	1	1	3	2276	1779	29	21	63.289112	Τ.
5	1	181	1	1	4	2310	1779	133	29	14.808502	Ανωμερύτη.
2	1	182	0	0	0	2204	1837	326	122	-1	
3	1	182	1	0	0	2204	1837	326	122	-1	
4	1	182	1	1	0	2204	1837	326	67	-1	
5	1	182	1	1	1	2204	1837	40	67	0.000000	[μ
5	1	182	1	1	2	2261	1846	188	58	0.000000	ΚΙΙΡΙΠΗΤΗ
5	1	182	1	1	3	2462	1866	68	38	9.162666	ΕΝΝΙ
4	1	182	1	2	0	2269	1921	217	38	-1	
5	1	182	1	2	1	2269	1921	68	38	0.000000	ΜΙΣΗ
5	1	182	1	2	2	2356	1921	130	38	0.000000	ΜΡΙΠΗΤΙΙ
2	1	183	0	0	0	2195	1976	359	643	-1	
3	1	183	1	0	0	2195	1976	358	208	-1	
4	1	183	1	1	0	2219	1976	334	28	-1	
5	1	183	1	1	1	2219	1976	60	22	31.157288	Εθνος
5	1	183	1	1	2	2294	1976	113	28	66.737915	παρήγαρα
5	1	183	1	1	3	2417	1982	41	15	77.303978	που
5	1	183	1	1	4	2489	1976	64	28	75.496872	υπὰρ-
4	1	183	1	2	0	2198	2012	350	31	-1	
5	1	183	1	2	1	2198	2019	52	23	82.297775	χων
5	1	183	1	2	2	2265	2019	37	15	26.494225	καὶ
5	1	183	1	2	3	2311	2012	135	30	49.236694	μερωκλήδες
5	1	183	1	2	4	2457	2018	39	25	72.544655	γα
5	1	183	1	2	5	2506	2015	42	26	55.566147	των
4	1	183	1	3	0	2196	2049	357	31	-1	
5	1	183	1	3	1	2196	2050	151	30	65.718315	καθαριότητα,
5	1	183	1	3	2	2360	2050	34	29	96.892296	ὄχι
5	1	183	1	3	3	2408	2049	51	31	74.390335	μόνα
5	1	183	1	3	4	2468	2056	38	18	89.810280	του
5	1	183	1	3	5	2516	2056	37	16	25.394272	στι
4	1	183	1	4	0	2197	2087	356	29	-1	
5	1	183	1	4	1	2197	2089	44	21	86.450180	τιοῦ
5	1	183	1	4	2	2253	2095	47	18	87.201736	τοὺς
5	1	183	1	4	3	2310	2095	36	14	18.915802	Χα
5	1	183	1	4	4	2357	2095	35	13	89.656197	που
5	1	183	1	4	5	2407	2087	77	29	84.775246	δρόμου
5	1	183	1	4	6	2497	2093	56	19	95.787560	τους,
4	1	183	1	5	0	2197	2123	356	43	-1	
5	1	183	1	5	1	2197	2124	53	21	90.784531	αλλά
5	1	183	1	5	2	2261	2130	37	17	80.413460	καὶ
5	1	183	1	5	3	2313	2130	37	14	85.854385	του
5	1	183	1	5	4	2365	2124	69	27	43.651005	τοίχου
5	1	183	1	5	5	2449	2130	38	17	75.007843	που
5	1	183	1	5	6	2515	2123	38	43	27.940552	κἡ-
4	1	183	1	6	0	2195	2165	106	19	-1	
5	1	183	1	6	1	2195	2167	39	13	76.513161	που
5	1	183	1	6	2	2246	2165	55	19	0.000000	ους,
3	1	183	2	0	0	2198	2199	356	307	-1	
4	1	183	2	1	0	2227	2199	327	23	-1	
5	1	183	2	1	1	2227	2200	17	22	49.515816	0
5	1	183	2	1	2	2258	2199	114	22	87.855301	ΣΑΒΒΑΣ
5	1	183	2	1	3	2387	2199	167	23	63.611244	ΚΕΛΕΣΙΛΗΣ
4	1	183	2	2	0	2373	2237	179	27	-1	
5	1	183	2	2	1	2373	2237	179	27	65.187134	σγολαστικότητα
4	1	183	2	3	0	2267	2272	285	28	-1	
5	1	183	2	3	1	2267	2279	35	20	0.000000	χο
5	1	183	2	3	2	2315	2279	33	13	62.033241	του
5	1	183	2	3	3	2359	2272	68	28	46.379150	κήπου
5	1	183	2	3	4	2441	2279	45	18	82.365257	που,
5	1	183	2	3	5	2513	2279	39	15	82.365257	που
4	1	183	2	4	0	2373	2307	181	25	-1	
5	1	183	2	4	1	2373	2321	15	11	67.732468	ο,
5	1	183	2	4	2	2399	2307	102	23	0.000000	απένοντι
5	1	183	2	4	3	2511	2308	43	21	79.931427	απὀ
4	1	183	2	5	0	2268	2343	284	27	-1	
5	1	183	2	5	1	2268	2344	40	20	0.000000	τα
5	1	183	2	5	2	2320	2351	34	13	14.715042	τς
5	1	183	2	5	3	2369	2343	135	27	0.000000	Εωρρλκριάθόη
5	1	183	2	5	4	2516	2350	36	14	71.385315	και
4	1	183	2	6	0	2199	2378	353	28	-1	
5	1	183	2	6	1	2199	2385	33	14	0.000000	τω
5	1	183	2	6	2	2247	2378	123	28	0.000000	ἑκωρασλη,
5	1	183	2	6	3	2383	2385	36	15	72.757278	τον.
5	1	183	2	6	4	2448	2379	104	27	0.000000	«πωθάρυσε
4	1	183	2	7	0	2197	2414	357	28	-1	
5	1	183	2	7	1	2197	2415	34	27	59.311527	ἐχι
5	1	183	2	7	2	2246	2414	50	28	81.600960	μόνο
5	1	183	2	7	3	2306	2414	43	20	54.519920	απὀ
5	1	183	2	7	4	2374	2414	97	28	67.324776	παβόπα,
5	1	183	2	7	5	2499	2414	55	22	67.572777	αλλά
4	1	183	2	8	0	2198	2449	356	28	-1	
5	1	183	2	8	1	2198	2449	100	28	92.533073	ξερίζωσε
5	1	183	2	8	2	2312	2450	38	21	56.901661	ἆλα
5	1	183	2	8	3	2362	2456	26	14	89.769447	πα
5	1	183	2	8	4	2399	2449	66	27	0.000000	ἀγρικ
5	1	183	2	8	5	2477	2450	77	27	66.989708	χδρπαι.
4	1	183	2	9	0	2198	2484	149	22	-1	
5	1	183	2	9	1	2198	2484	72	22	89.091400	ΕΥΣΕ
5	1	183	2	9	2	2280	2484	67	22	94.157524	ΤΟΥ.
3	1	183	3	0	0	2197	2519	357	100	-1	
4	1	183	3	1	0	2225	2519	329	26	-1	
5	1	183	3	1	1	2225	2519	33	22	56.867020	Αγ
5	1	183	3	1	2	2267	2520	47	25	87.497620	ὅλοι
5	1	183	3	1	3	2325	2520	78	21	86.161766	κάνουν
5	1	183	3	1	4	2416	2527	26	15	60.680538	πα
5	1	183	3	1	5	2456	2520	48	25	26.555107	ἶδιο,
5	1	183	3	1	6	2531	2527	23	14	94.582794	το
4	1	183	3	2	0	2197	2555	355	28	-1	
5	1	183	3	2	1	2197	2555	66	28	88.836472	χωριό
5	1	183	3	2	2	2276	2562	40	21	58.294846	µας
5	1	183	3	2	3	2327	2555	27	21	93.110878	θα
5	1	183	3	2	4	2366	2555	78	28	56.038506	λάμπει
5	1	183	3	2	5	2458	2556	44	21	8.946869	από
5	1	183	3	2	6	2515	2563	37	16	8.918396	πκα-
4	1	183	3	3	0	2197	2590	354	29	-1	
5	1	183	3	3	1	2197	2591	122	28	52.247044	θαριότητα..
5	1	183	3	3	2	2336	2590	120	28	85.160385	Δυστοχός,
5	1	183	3	3	3	2468	2592	83	27	0.000000	µερικοέ
2	1	184	0	0	0	2198	2237	142	27	-1	
3	1	184	1	0	0	2198	2237	142	27	-1	
4	1	184	1	1	0	2198	2237	142	27	-1	
5	1	184	1	1	1	2198	2237	103	27	22.966309	καθάρισε
5	1	184	1	1	2	2316	2243	24	21	93.812675	µε
2	1	185	0	0	0	2191	2254	193	114	-1	
3	1	185	1	0	0	2191	2254	193	114	-1	
4	1	185	1	1	0	2210	2254	66	40	-1	
5	1	185	1	1	1	2210	2254	66	40	95.000000	   
4	1	185	1	2	0	2191	2308	193	22	-1	
5	1	185	1	2	1	2191	2308	193	22	95.000000	 
4	1	185	1	3	0	2191	2330	98	38	-1	
5	1	185	1	3	1	2191	2330	98	38	95.000000	 
2	1	186	0	0	0	2168	2625	415	26	-1	
3	1	186	1	0	0	2168	2625	415	26	-1	
4	1	186	1	1	0	2168	2625	415	26	-1	
5	1	186	1	1	1	2168	2625	286	25	0.000000	Τ"ανέχοντας”-μεγάλες-''
5	1	186	1	1	2	2464	2626	89	25	0.000000	βρωμεές
5	1	186	1	1	3	2572	2629	11	8	47.210167	--
2	1	187	0	0	0	2195	2657	358	168	-1	
3	1	187	1	0	0	2195	2657	358	168	-1	
4	1	187	1	1	0	2196	2657	357	27	-1	
5	1	187	1	1	1	2196	2657	94	27	0.000000	µποροστά
5	1	187	1	1	2	2300	2663	38	14	95.267914	στο
5	1	187	1	1	3	2347	2657	55	20	85.661858	σπίτι
5	1	187	1	1	4	2411	2664	48	16	76.563278	τους
5	1	187	1	1	5	2469	2663	37	15	48.628925	καν
5	1	187	1	1	6	2517	2658	36	26	77.098312	δη-
4	1	187	1	2	0	2195	2691	358	29	-1	
5	1	187	1	2	1	2195	2692	113	27	77.521881	μιουργοῦν
5	1	187	1	2	2	2322	2691	97	28	32.652824	χειρΐίσπη
5	1	187	1	2	3	2443	2692	110	28	80.859520	εντύπωση
4	1	187	1	3	0	2197	2725	355	30	-1	
5	1	187	1	3	1	2197	2733	60	19	96.020775	στους
5	1	187	1	3	2	2273	2727	73	25	85.648315	ξένους
5	1	187	1	3	3	2357	2734	50	20	91.293793	µας.
5	1	187	1	3	4	2433	2725	44	23	81.788559	Και
5	1	187	1	3	5	2489	2727	63	28	82.022285	όμως,
4	1	187	1	4	0	2195	2763	357	21	-1	
5	1	187	1	4	1	2195	2763	53	21	70.623199	εἶναι
5	1	187	1	4	2	2259	2763	51	20	92.619682	τόσο
5	1	187	1	4	3	2321	2763	83	20	15.315590	εὐκολοί
5	1	187	1	4	4	2420	2769	37	14	73.558098	και
5	1	187	1	4	5	2470	2763	51	21	59.585308	τόσο
5	1	187	1	4	6	2529	2770	23	14	33.608879	ϱὐ
4	1	187	1	5	0	2197	2797	286	28	-1	
5	1	187	1	5	1	2197	2797	93	28	75.960464	χάριστγ;
5	1	187	1	5	2	2301	2805	14	20	31.766693	Ἡ
5	1	187	1	5	3	2327	2798	156	27	11.633713	χαθαριῤτηταϊ
2	1	188	0	0	0	2225	2885	301	99	-1	
3	1	188	1	0	0	2225	2885	301	99	-1	
4	1	188	1	1	0	2225	2885	301	45	-1	
5	1	188	1	1	1	2225	2885	153	44	0.000000	ΠΜ)
5	1	188	1	1	2	2396	2885	130	45	0.000000	ΣΝΗΡΙῆ
4	1	188	1	2	0	2284	2946	184	38	-1	
5	1	188	1	2	1	2284	2946	52	38	55.969948	ΣΤΗ
5	1	188	1	2	2	2355	2946	113	38	32.845100	ΛΛΡΡΣΑ
2	1	189	0	0	0	2193	3001	361	349	-1	
3	1	189	1	0	0	2193	3001	361	349	-1	
4	1	189	1	1	0	2220	3001	334	30	-1	
5	1	189	1	1	1	2220	3001	223	29	30.615677	Ἡραγμαποποιήθημα
5	1	189	1	1	2	2457	3009	41	22	69.411995	συη
5	1	189	1	1	3	2511	3002	43	22	37.477020	ΛΔά-
4	1	189	1	2	0	2196	3037	358	29	-1	
5	1	189	1	2	1	2196	3044	49	22	25.046783	ρισᾳ
5	1	189	1	2	2	2257	3039	41	20	91.500458	απὀ
5	1	189	1	2	3	2310	3037	13	21	79.151810	6
5	1	189	1	2	4	2339	3049	7	3	92.421860	-
5	1	189	1	2	5	2359	3037	29	21	92.737076	10
5	1	189	1	2	6	2400	3037	91	27	58.422894	Τολίου,
5	1	189	1	2	7	2515	3045	39	21	78.961060	για
4	1	189	1	3	0	2198	3073	353	29	-1	
5	1	189	1	3	1	2198	3073	87	27	89.659599	δεύτερη
5	1	189	1	3	2	2301	3073	57	27	24.809059	φαρᾶ
5	1	189	1	3	3	2375	3073	126	29	91.714714	Παγκόσμιο
5	1	189	1	3	4	2510	3073	41	23	92.008034	Συ-
4	1	189	1	4	0	2195	3108	357	29	-1	
5	1	189	1	4	1	2195	3109	70	27	78.784401	γέδριο
5	1	189	1	4	2	2274	3116	27	20	96.100594	µε
5	1	189	1	4	3	2312	3109	60	27	86.705406	θέµα:
5	1	189	1	4	4	2387	3108	33	22	83.871620	«Ἡ
5	1	189	1	4	5	2428	3109	78	28	42.811836	έρευνα
5	1	189	1	4	6	2515	3116	37	16	92.690323	που
4	1	189	1	5	0	2194	3144	359	29	-1	
5	1	189	1	5	1	2194	3144	74	22	85.994583	λαϊκοῦ
5	1	189	1	5	2	2278	3144	91	28	65.947411	χωριού»
5	1	189	1	5	3	2383	3151	37	16	22.812775	χα
5	1	189	1	5	4	2433	3150	25	17	85.521759	τα
5	1	189	1	5	5	2467	3152	86	21	0.000000	πκρηκο
4	1	189	1	6	0	2195	3179	356	29	-1	
5	1	189	1	6	1	2195	3179	107	27	16.846703	λούθγσα»
5	1	189	1	6	2	2314	3179	44	21	71.777855	500
5	1	189	1	6	3	2389	3179	101	29	71.777855	Ἕλληνες
5	1	189	1	6	4	2514	3188	37	14	27.051132	αυ
4	1	189	1	7	0	2197	3214	355	30	-1	
5	1	189	1	7	1	2197	3215	41	21	85.737427	100
5	1	189	1	7	2	2251	3214	55	27	85.737427	ξένοι
5	1	189	1	7	3	2319	3215	42	22	55.724297	απὀ
5	1	189	1	7	4	2376	3215	29	21	94.872391	40
5	1	189	1	7	5	2413	3215	78	29	96.545700	χώρες.
5	1	189	1	7	6	2517	3215	35	23	89.951653	Τα
4	1	189	1	8	0	2195	3251	357	30	-1	
5	1	189	1	8	1	2195	3251	82	28	74.467278	βράδυα
5	1	189	1	8	2	2288	3251	45	27	92.541748	εἶχε
5	1	189	1	8	3	2347	3251	123	28	24.241547	χορευτμκές
5	1	189	1	8	4	2491	3252	61	29	48.144993	εκδη-
4	1	189	1	9	0	2193	3287	359	29	-1	
5	1	189	1	9	1	2193	3287	75	25	75.930130	λῶσεις
5	1	189	1	9	2	2278	3292	38	17	59.003250	στο
5	1	189	1	9	3	2345	3287	135	29	5.809082	ηποθόκπρο
5	1	189	1	9	4	2508	3287	44	23	61.137985	Λά-
4	1	189	1	10	0	2195	3328	68	22	-1	
5	1	189	1	10	1	2195	3328	68	22	13.561470	ρισας.
2	1	190	0	0	0	2457	2856	87	4	-1	
3	1	190	1	0	0	2457	2856	87	4	-1	
4	1	190	1	1	0	2457	2856	87	4	-1	
5	1	190	1	1	1	2457	2856	87	4	95.000000	 
