level	page_num	block_num	par_num	line_num	word_num	left	top	width	height	conf	text
1	1	0	0	0	0	0	0	3385	3434	-1	
2	1	1	0	0	0	1242	0	303	7	-1	
3	1	1	1	0	0	1242	0	303	7	-1	
4	1	1	1	1	0	1242	0	303	7	-1	
5	1	1	1	1	1	1242	0	303	7	95.000000	 
2	1	2	0	0	0	492	0	2887	56	-1	
3	1	2	1	0	0	492	0	2887	56	-1	
4	1	2	1	1	0	492	0	2887	56	-1	
5	1	2	1	1	1	492	0	2887	56	95.000000	 
2	1	3	0	0	0	613	0	60	13	-1	
3	1	3	1	0	0	613	0	60	13	-1	
4	1	3	1	1	0	613	0	60	13	-1	
5	1	3	1	1	1	613	0	60	13	95.000000	 
2	1	4	0	0	0	19	295	708	470	-1	
3	1	4	1	0	0	98	295	590	88	-1	
4	1	4	1	1	0	153	295	535	78	-1	
5	1	4	1	1	1	153	295	220	78	0.000000	υκοινώτεις
5	1	4	1	1	2	433	298	185	75	45.764931	Νομαρχίας
4	1	4	1	2	0	98	314	546	69	-1	
5	1	4	1	2	1	98	316	302	67	0.000000	ΑνπκοιΥΠεις
5	1	4	1	2	2	419	314	225	68	0.000000	ΝΟµΙΡχίΗς
3	1	4	2	0	0	19	419	707	182	-1	
4	1	4	2	1	0	46	419	680	29	-1	
5	1	4	2	1	1	46	420	22	22	72.621613	ϐ
5	1	4	2	1	2	83	420	187	23	34.383667	ΞΕΗΚΙΝΗΙΣΕ
5	1	4	2	1	3	282	427	57	21	21.208359	οἵπις
5	1	4	2	1	4	355	420	38	21	53.096146	10
5	1	4	2	1	5	405	419	159	28	76.859505	Ονατὠθρίου,
5	1	4	2	1	6	576	428	20	19	30.514320	3)
5	1	4	2	1	7	617	427	109	20	61.616386	εφιαρµο-
4	1	4	2	2	0	21	450	705	51	-1	
5	1	4	2	2	1	21	456	31	28	95.280182	γή
5	1	4	2	2	2	62	463	54	15	93.183586	των
5	1	4	2	2	3	128	456	202	28	0.000000	σριογιραµμιάτων
5	1	4	2	2	4	338	456	107	27	10.100571	γαξωτού
5	1	4	2	2	5	455	450	162	51	9.595673	αθλησισµού.
5	1	4	2	2	6	630	454	39	22	94.522514	Τα
5	1	4	2	2	7	679	462	47	34	89.169662	προ
4	1	4	2	3	0	21	490	705	29	-1	
5	1	4	2	3	1	21	492	129	27	52.905346	γαάµµιατα
5	1	4	2	3	2	165	492	63	23	82.918297	αυτά
5	1	4	2	3	3	237	490	260	29	49.333073	συνδιαργιανώκνοιντιαι
5	1	4	2	3	4	507	498	51	33	91.912621	από
5	1	4	2	3	5	565	498	33	19	62.235485	ση
5	1	4	2	3	6	630	490	96	27	68.630905	Γενική
4	1	4	2	4	0	19	524	707	37	-1	
5	1	4	2	4	1	19	526	161	28	25.886421	Τβαμµατεία
5	1	4	2	4	2	192	526	159	28	59.903263	Αθληπιομού
5	1	4	2	4	3	367	534	43	14	50.321075	και
5	1	4	2	4	4	421	532	62	21	96.885521	τους
5	1	4	2	4	5	494	525	106	32	80.276016	Δήμους
5	1	4	2	4	6	611	532	43	29	0.000000	χα
5	1	4	2	4	7	668	524	58	22	79.024521	Κου-
4	1	4	2	5	0	21	561	650	40	-1	
5	1	4	2	5	1	21	561	104	28	71.010811	νότητες
5	1	4	2	5	2	137	561	63	22	55.859100	μάθε
5	1	4	2	5	3	211	561	96	28	87.874649	Νομού.
5	1	4	2	5	4	666	595	5	6	0.000000	,
3	1	4	3	0	0	21	594	706	171	-1	
4	1	4	3	1	0	46	594	680	29	-1	
5	1	4	3	1	1	46	596	22	23	83.028374	9
5	1	4	3	1	2	83	596	234	23	0.000000	ΕΚΔΗΛΩΣΕΙΣ
5	1	4	3	1	3	330	603	46	16	66.209442	στα
5	1	4	3	1	4	385	596	103	22	66.119209	πλαίσια
5	1	4	3	1	5	499	603	47	20	89.436722	της
5	1	4	3	1	6	555	595	136	28	55.737526	«Γοαµµής
5	1	4	3	1	7	700	594	26	23	78.555466	Ἱ-
4	1	4	3	2	0	22	625	703	52	-1	
5	1	4	3	2	1	22	633	120	27	68.388077	σότητας»
5	1	4	3	2	2	157	632	87	28	73.817764	έγιναν
5	1	4	3	2	3	259	639	44	15	78.560074	σπο
5	1	4	3	2	4	313	631	71	29	3.994659	Ἁιομό
5	1	4	3	2	5	392	639	50	20	56.120148	µιας
5	1	4	3	2	6	455	637	55	22	29.541100	οἵτις
5	1	4	3	2	7	523	630	20	23	84.940392	6
5	1	4	3	2	8	559	638	44	15	47.954567	γαι
5	1	4	3	2	9	616	630	20	22	41.402317	6
5	1	4	3	2	10	647	625	78	52	27.224319	Νοεμ-
4	1	4	3	3	0	22	660	704	53	-1	
5	1	4	3	3	1	22	667	80	28	40.896294	δρίου,
5	1	4	3	3	2	115	676	31	20	93.239540	µε
5	1	4	3	3	3	162	667	81	24	44.985878	οκοπό
5	1	4	3	3	4	254	675	47	20	91.444695	πην
5	1	4	3	3	5	313	666	121	29	72.809258	ανάδειξη
5	1	4	3	3	6	444	674	48	21	95.390953	της
5	1	4	3	3	7	505	660	221	53	19.637527	«Φυσιογνωμέας»
4	1	4	3	4	0	22	702	705	41	-1	
5	1	4	3	4	1	22	712	42	15	16.896507	ρα
5	1	4	3	4	2	76	710	49	21	40.549564	πη]ς
5	1	4	3	4	3	136	703	116	28	5.632408	ύσίαοξης
5	1	4	3	4	4	261	711	52	14	89.202972	των
5	1	4	3	4	5	322	702	148	28	0.000000	Ελληνίδων
5	1	4	3	4	6	483	702	104	28	0.000000	σήμιερια,
5	1	4	3	4	7	599	707	31	16	49.722027	οἷε
5	1	4	3	4	8	645	707	82	36	0.000000	Επόσεε-
4	1	4	3	5	0	21	736	704	29	-1	
5	1	4	3	5	1	21	738	29	21	92.966049	δα
5	1	4	3	5	2	61	738	147	27	49.382187	κουνωνώαά,
5	1	4	3	5	3	225	738	154	27	21.230042	οιεοοµιυσά,
5	1	4	3	5	4	391	737	117	23	21.376137	σοοιλυτυριά
5	1	4	3	5	5	520	743	44	15	0.000000	21
5	1	4	3	5	6	571	736	154	23	27.036636	σοολιωτυοσιρθά
2	1	5	0	0	0	20	788	719	410	-1	
3	1	5	1	0	0	20	788	719	181	-1	
4	1	5	1	1	0	24	788	702	30	-1	
5	1	5	1	1	1	24	812	3	2	18.839066	ο
5	1	5	1	1	2	46	790	22	22	32.735664	8
5	1	5	1	1	3	83	790	133	23	85.317520	ΑΡΧΙΣΕ
5	1	5	1	1	4	228	790	125	24	46.823574	σταδιανιά
5	1	5	1	1	5	366	798	16	20	30.415771	η
5	1	5	1	1	6	391	789	166	29	2.199440	δοριμασϊτωαή
5	1	5	1	1	7	593	788	133	29	76.984482	εφαρμογή
4	1	5	1	2	0	21	824	706	33	-1	
5	1	5	1	2	1	21	833	51	13	94.643456	των
5	1	5	1	2	2	85	825	157	22	0.000000	αναλυτών
5	1	5	1	2	3	255	825	200	26	44.480782	σοοογραμιµάπων
5	1	5	1	2	4	467	832	30	13	92.442917	σε
5	1	5	1	2	5	509	824	103	33	82.610329	οχολεία
5	1	5	1	2	6	618	820	49	41	68.592522	του
5	1	5	1	2	7	679	824	48	21	12.570541	Ίο-
4	1	5	1	3	0	20	857	719	42	-1	
5	1	5	1	3	1	20	859	45	28	70.208954	μού
5	1	5	1	3	2	77	867	58	19	92.748863	µιας.
5	1	5	1	3	3	146	859	34	21	39.393749	Σ᾽
5	1	5	1	3	4	197	859	102	22	62.487473	αωυτάτα
5	1	5	1	3	5	310	858	131	27	64.867622	Δημοτωιά
5	1	5	1	3	6	473	858	110	27	58.823246	«Σχολεία
5	1	5	1	3	7	595	858	40	41	86.936554	θα
5	1	5	1	3	8	660	857	79	23	19.195488	δυδα--.
4	1	5	1	4	0	22	887	717	51	-1	
5	1	5	1	4	1	22	893	78	28	35.607918	χθούν.
5	1	5	1	4	2	109	893	50	24	0.000000	ιασιό
5	1	5	1	4	3	170	892	161	29	3.516045	ιειδιευµιένο.
5	1	5	1	4	4	345	892	149	28	2.048576	σηοοισιωσαιρεό
5	1	5	1	4	5	503	895	20	24	75.816208	[η
5	1	5	1	4	6	537	887	103	51	37.510574	Φυσιροή
5	1	5	1	4	7	659	900	80	20	33.958900	αγω--
4	1	5	1	5	0	22	923	623	50	-1	
5	1	5	1	5	1	22	928	40	27	93.195282	γή,
5	1	5	1	5	2	81	936	23	14	75.428940	οἳ
5	1	5	1	5	3	129	928	61	27	52.573288	δόνιες'
5	1	5	1	5	4	204	928	115	27	40.698570	γώιίσες
5	1	5	1	5	5	329	933	43	17	12.551231	2ίαι
5	1	5	1	5	6	384	927	140	28	15.926750	.Αυσθητὠσή
5	1	5	1	5	7	537	923	108	50	94.225983	Αγωγή.
3	1	5	2	0	0	20	962	707	78	-1	
4	1	5	2	1	0	47	962	680	29	-1	
5	1	5	2	1	1	47	962	21	23	81.905136	ϐ
5	1	5	2	1	2	85	964	64	27	93.439011	Στις
5	1	5	2	1	3	163	962	97	23	83.615982	27-10
5	1	5	2	1	4	275	962	166	29	5.291176	γιαρτάσίι]αε
5	1	5	2	1	5	452	968	32	21	93.187607	µε
5	1	5	2	1	6	492	962	168	28	40.224724	λαμσιοότητα,
5	1	5	2	1	7	677	971	17	20	92.942032	η
5	1	5	2	1	8	705	971	22	14	89.670578	ε-
4	1	5	2	2	0	20	997	698	43	-1	
5	1	5	2	2	1	20	999	100	27	67.054749	πέπευος
5	1	5	2	2	2	133	1004	46	16	96.574913	του
5	1	5	2	2	3	190	997	63	24	87.371262	ΟΧΙ
5	1	5	2	2	4	264	1005	46	14	95.386696	του
5	1	5	2	2	5	323	997	91	22	95.547813	1940.
5	1	5	2	2	6	479	1000	48	30	2.080620	..
5	1	5	2	2	7	567	1032	6	7	0.000000	,
5	1	5	2	2	8	682	1016	36	24	45.580448	.
3	1	5	3	0	0	20	1032	706	79	-1	
4	1	5	3	1	0	46	1032	680	29	-1	
5	1	5	3	1	1	46	1033	22	22	82.007973	ϐ
5	1	5	3	1	2	85	1034	64	27	92.203644	Στις
5	1	5	3	1	3	163	1033	97	22	82.510963	81-10
5	1	5	3	1	4	275	1032	167	29	45.903275	γιορτάστηνοε
5	1	5	3	1	5	453	1040	17	20	0.000000	ϱ!
5	1	5	3	1	6	480	1032	170	29	23.227196	ΠΠαγοόσμιος.
5	1	5	3	1	7	659	1032	67	29	58.659019	Ημέ-
4	1	5	3	2	0	20	1069	636	42	-1	
5	1	5	3	2	1	20	1078	32	18	88.596176	θα
5	1	5	3	2	2	62	1069	202	28	77.366730	Αποπαμίευσης.
5	1	5	3	2	3	459	1081	34	10	54.238972	τον
5	1	5	3	2	4	651	1104	5	7	0.000000	;
3	1	5	4	0	0	21	1103	710	95	-1	
4	1	5	4	1	0	46	1103	680	30	-1	
5	1	5	4	1	1	46	1104	22	23	65.057243	ϐ
5	1	5	4	1	2	91	1104	61	23	82.639091	1690
5	1	5	4	1	3	167	1110	102	23	39.962124	εκατομ.
5	1	5	4	1	4	283	1103	183	28	37.120903	δαπανήθηρααν
5	1	5	4	1	5	481	1112	41	20	66.013458	για
5	1	5	4	1	6	540	1110	186	22	24.291756	αποπεράτωση
4	1	5	4	2	0	23	1139	708	30	-1	
5	1	5	4	2	1	23	1141	37	22	75.373917	19
5	1	5	4	2	2	76	1140	158	29	40.097435	υδρευτωκών
5	1	5	4	2	3	251	1139	83	29	31.423180	έργων
5	1	5	4	2	4	344	1145	46	18	61.485859	το
5	1	5	4	2	5	399	1139	71	29	0.000000	.Ψομό
5	1	5	4	2	6	481	1148	59	20	83.526398	µιας,
5	1	5	4	2	7	553	1140	94	28	71.892624	μεταξύ
5	1	5	4	2	8	674	1148	57	14	59.869083	των.
4	1	5	4	3	0	21	1175	599	23	-1	
5	1	5	4	3	1	21	1177	91	21	93.283279	οποίων
5	1	5	4	3	2	123	1175	230	23	83.781845	ΚΑΣΤΟΕΕΙΟΥ
5	1	5	4	3	3	360	1177	50	21	55.797585	καν
5	1	5	4	3	4	427	1175	41	23	20.981224	ΠΕ
5	1	5	4	3	5	479	1175	141	23	20.981224	Λ4ΑΙΝΑΣ.
2	1	6	0	0	0	20	1229	711	281	-1	
3	1	6	1	0	0	20	1229	711	149	-1	
4	1	6	1	1	0	46	1229	680	29	-1	
5	1	6	1	1	1	46	1230	22	22	50.395523	98
5	1	6	1	1	2	87	1230	52	21	92.722305	ΜΕ
5	1	6	1	1	3	150	1229	184	23	59.159927	ΕΤΚΥΚ4ΙΟ
5	1	6	1	1	4	345	1237	49	20	0.000000	της
5	1	6	1	1	5	401	1238	18	19	0.000000	η
5	1	6	1	1	6	429	1229	141	29	28.890427	Νοαμαοχύα,
5	1	6	1	1	7	595	1229	131	28	36.722607	υπενθυμµί-
4	1	6	1	2	0	22	1263	704	35	-1	
5	1	6	1	2	1	22	1266	36	25	92.888756	δει
5	1	6	1	2	2	73	1272	55	20	58.835526	οἷτις
5	1	6	1	2	3	140	1265	97	28	70.511597	ορεινές
5	1	6	1	2	4	247	1264	129	29	15.411957	πἱεριοχές,
5	1	6	1	2	5	389	1272	32	16	24.441010	Φα
5	1	6	1	2	6	428	1265	148	33	46.933014	σιαήρνοντιαι
5	1	6	1	2	7	583	1263	52	24	59.719959	από
5	1	6	1	2	8	656	1265	70	28	89.189598	τώρα
4	1	6	1	3	0	20	1299	711	34	-1	
5	1	6	1	3	1	20	1300	44	22	96.644394	όλα
5	1	6	1	3	2	77	1308	31	14	93.213287	τα
5	1	6	1	3	3	121	1301	142	27	0.000000	καπάᾖληλα
5	1	6	1	3	4	273	1300	87	28	92.546761	µέτρα,
5	1	6	1	3	5	372	1300	141	28	49.694183	ποοµήθεια
5	1	6	1	3	6	518	1299	143	29	49.494843	τουφίµων,
5	1	6	1	3	7	676	1301	55	32	87.282425	ζωο
4	1	6	1	4	0	21	1331	703	51	-1	
5	1	6	1	4	1	21	1336	102	27	12.592758	τοοφὤώφ
5	1	6	1	4	2	134	1336	59	22	39.103897	ολσο,
5	1	6	1	4	3	204	1344	46	20	24.988182	γυα
5	1	6	1	4	4	261	1344	47	19	91.395020	την
5	1	6	1	4	5	319	1336	185	27	29.369431	αντιμεπώσηιση
5	1	6	1	4	6	515	1331	209	51	52.955894	θαφυχειμωνιάς.
3	1	6	2	0	0	20	1366	711	144	-1	
4	1	6	2	1	0	46	1366	685	45	-1	
5	1	6	2	1	1	46	1370	22	22	84.046265	9
5	1	6	2	1	2	83	1370	62	22	75.956841	ΓΓΑ
5	1	6	2	1	3	157	1371	23	21	66.357605	τ)
5	1	6	2	1	4	193	1371	139	28	25.197151	αρδευπῳυά
5	1	6	2	1	5	340	1370	64	28	31.005615	ἕεγια
5	1	6	2	1	6	413	1370	158	28	3.997467	Σοοιοτσινού
5	1	6	2	1	7	585	1383	7	4	92.953239	-
5	1	6	2	1	8	603	1366	128	45	62.307945	Δογγανί-
4	1	6	2	2	0	20	1405	704	29	-1	
5	1	6	2	2	1	20	1414	44	13	76.116364	που
5	1	6	2	2	2	77	1405	134	28	33.739227	διαπέθηνοε
5	1	6	2	2	3	219	1405	65	24	31.414581	σαοσό
5	1	6	2	2	4	297	1406	41	22	56.632370	δ5
5	1	6	2	2	5	349	1414	40	14	39.244019	ες.
5	1	6	2	2	6	404	1401	7	37	0.000000	]
5	1	6	2	2	7	399	1406	51	23	3.066132	ία
5	1	6	2	2	8	461	1405	105	28	48.649216	μιθλέτιες
5	1	6	2	2	9	576	1413	51	15	74.024933	ταν
5	1	6	2	2	10	636	1405	88	29	43.587723	ιαἱἰοδευ-
4	1	6	2	3	0	20	1440	704	28	-1	
5	1	6	2	3	1	20	1440	78	23	46.478729	σωεώιν
5	1	6	2	3	2	109	1441	126	27	14.072067	σοεούοχών
5	1	6	2	3	3	246	1440	167	28	24.676437	Ἰαστορείου,
5	1	6	2	3	4	427	1440	135	28	0.000000	ΙΠελλάνας
5	1	6	2	3	5	577	1447	43	16	65.706589	γαι
5	1	6	2	3	6	639	1441	85	21	19.261353	Εελλι-
4	1	6	2	4	0	20	1475	508	35	-1	
5	1	6	2	4	1	20	1475	34	21	91.199959	ὧν
5	1	6	2	4	2	65	1475	63	23	23.187088	ποσό
5	1	6	2	4	3	145	1475	115	27	78.331146	11.900
5	1	6	2	4	4	267	1475	199	35	0.000000	εκαπομµυρίων
5	1	6	2	4	5	472	1475	56	29	29.243515	Τοχ.
2	1	7	0	0	0	19	1518	706	110	-1	
3	1	7	1	0	0	19	1518	706	110	-1	
4	1	7	1	1	0	44	1518	680	39	-1	
5	1	7	1	1	1	44	1529	22	22	63.809441	9
5	1	7	1	1	2	81	1528	201	23	72.277695	ΠΙΣΤΩΣΕΙΣ
5	1	7	1	1	3	295	1518	196	33	88.623726	96.000.000
5	1	7	1	1	4	505	1528	57	29	78.101234	δρχ.
5	1	7	1	1	5	573	1529	151	23	43.884731	διατίθενται
4	1	7	1	2	0	20	1563	705	30	-1	
5	1	7	1	2	1	20	1573	40	19	93.089310	για
5	1	7	1	2	2	72	1564	62	28	81.445274	έργα
5	1	7	1	2	3	143	1570	30	19	11.576096	σε
5	1	7	1	2	4	188	1564	171	29	21.060493	γυμναοσπτήία
5	1	7	1	2	5	368	1572	47	16	93.259361	του
5	1	7	1	2	6	422	1564	96	28	32.253143	ἸΝομιού,
5	1	7	1	2	7	532	1563	96	29	32.831573	μεταξύ
5	1	7	1	2	8	638	1571	54	15	78.327606	των
5	1	7	1	2	9	701	1571	24	14	91.646553	ο-
4	1	7	1	3	0	19	1599	551	29	-1	
5	1	7	1	3	1	19	1599	79	23	92.460640	ποίων
5	1	7	1	3	2	106	1607	46	15	88.784439	που
5	1	7	1	3	3	162	1599	161	29	49.781471	«Δογγιανίρου
5	1	7	1	3	4	337	1608	43	14	0.000000	αν
5	1	7	1	3	5	388	1599	14	22	36.430534	1
5	1	7	1	3	6	413	1599	157	28	71.117790	εωργιτοίου.
2	1	8	0	0	0	15	1645	711	281	-1	
3	1	8	1	0	0	19	1645	707	81	-1	
4	1	8	1	1	0	45	1645	681	34	-1	
5	1	8	1	1	1	45	1651	21	23	42.212097	9
5	1	8	1	1	2	85	1651	292	23	0.000000	ΟΛΟΚΛΗΡΩΘΗΚΕ
5	1	8	1	1	3	387	1652	85	27	14.424973	τµήµα
5	1	8	1	1	4	485	1651	94	28	38.945755	δρόμου
5	1	8	1	1	5	589	1659	66	20	88.878395	σερος
5	1	8	1	1	6	668	1651	11	22	7.255981	Β
5	1	8	1	1	7	686	1645	40	33	7.255981	οι
4	1	8	1	2	0	19	1687	635	39	-1	
5	1	8	1	2	1	19	1687	69	23	44.551392	δόνιια
5	1	8	1	2	2	102	1687	110	27	17.497360	οἵτούχιίοιε
5	1	8	1	2	3	229	1687	39	21	91.123299	17
5	1	8	1	2	4	280	1692	70	17	14.068153	ενάαῖτ.
5	1	8	1	2	5	610	1699	44	27	51.539993	-
3	1	8	2	0	0	19	1719	707	148	-1	
4	1	8	2	1	0	45	1719	681	28	-1	
5	1	8	2	1	1	45	1719	21	22	45.517860	64
5	1	8	2	1	2	84	1720	86	21	93.297272	ΣΤΙΣ
5	1	8	2	1	3	182	1720	20	21	91.385880	δ
5	1	8	2	1	4	217	1719	153	27	74.861221	Γανουαοίου
5	1	8	2	1	5	386	1719	82	22	82.680656	1959
5	1	8	2	1	6	478	1720	34	21	92.013756	θα
5	1	8	2	1	7	521	1719	152	28	91.341934	διεξαχθούν
5	1	8	2	1	8	686	1728	40	13	89.578217	εκ-
4	1	8	2	2	0	19	1753	706	29	-1	
5	1	8	2	2	1	19	1753	73	28	58.131577	λογές
5	1	8	2	2	2	108	1762	42	19	85.500938	για
5	1	8	2	2	3	161	1761	46	20	92.854630	την
5	1	8	2	2	4	215	1753	124	28	68.629242	ανάδευξι
5	1	8	2	2	5	347	1754	19	20	92.603317	4
5	1	8	2	2	6	379	1754	84	26	82.452156	µελών
5	1	8	2	2	7	477	1760	46	15	95.543747	του
5	1	8	2	2	8	544	1753	181	29	81.339005	«Νομαρχιακού
4	1	8	2	3	0	19	1788	707	28	-1	
5	1	8	2	3	1	19	1788	165	28	1.752769	Συμβουλίου.
5	1	8	2	3	2	225	1788	74	23	6.996849	Οἶσιι
5	1	8	2	3	3	309	1788	138	28	0.000000	(επιθυμούν
5	1	8	2	3	4	461	1795	33	19	62.430908	φία
5	1	8	2	3	5	515	1788	143	23	50.440933	ωποθάλουν
5	1	8	2	3	6	690	1796	36	16	18.255264	Ἂαἰ-
4	1	8	2	4	0	15	1819	692	48	-1	
5	1	8	2	4	1	15	1819	97	36	23.043968	τήσαις..
5	1	8	2	4	2	234	1845	2	2	0.000000	ι
5	1	8	2	4	3	390	1838	24	11	37.628708	-
5	1	8	2	4	4	514	1859	6	7	0.000000	,
5	1	8	2	4	5	701	1859	6	8	0.000000	,
3	1	8	3	0	0	19	1857	706	64	-1	
4	1	8	3	1	0	43	1857	682	31	-1	
5	1	8	3	1	1	43	1857	23	23	87.022064	9
5	1	8	3	1	2	82	1857	87	23	94.508492	ΣΤΙΣ
5	1	8	3	1	3	181	1859	93	21	86.236488	27-11
5	1	8	3	1	4	294	1859	67	27	86.509399	έγινε
5	1	8	3	1	5	376	1867	11	13	92.012054	ο
5	1	8	3	1	6	395	1866	141	21	64.540619	εορτασμός
5	1	8	3	1	7	551	1867	47	21	93.201065	της
5	1	8	3	1	8	609	1859	116	29	57.871624	Ἐθνινής
4	1	8	3	2	0	15	1889	637	37	-1	
5	1	8	3	2	1	15	1889	168	37	0.000000	Αιντήσιπαου]ς.
5	1	8	3	2	2	650	1901	2	2	41.018822	|
2	1	9	0	0	0	0	263	638	10	-1	
3	1	9	1	0	0	0	263	638	10	-1	
4	1	9	1	1	0	0	263	638	10	-1	
5	1	9	1	1	1	0	263	638	10	95.000000	 
2	1	10	0	0	0	29	1927	707	32	-1	
3	1	10	1	0	0	29	1927	707	32	-1	
4	1	10	1	1	0	29	1927	707	32	-1	
5	1	10	1	1	1	29	1927	35	23	29.796432	:9
5	1	10	1	1	2	80	1928	64	28	92.503021	Στις
5	1	10	1	1	3	152	1929	95	22	77.799011	24-11
5	1	10	1	1	4	263	1929	255	29	36.380543	σεραγµιαποσυοιήθηνοε
5	1	10	1	1	5	530	1936	46	22	34.274651	οἵτη
5	1	10	1	1	6	585	1931	138	28	16.478340	Καλαμάτα
5	1	10	1	1	7	734	1944	2	2	92.701408	-
2	1	11	0	0	0	17	1964	713	172	-1	
3	1	11	1	0	0	17	1964	713	172	-1	
4	1	11	1	1	0	18	1964	705	31	-1	
5	1	11	1	1	1	18	1964	148	29	45.916386	συνεδρίαση
5	1	11	1	1	2	179	1972	47	16	92.085953	που
5	1	11	1	1	3	237	1965	208	29	43.339977	ΠΠεοιφιερειακού
5	1	11	1	1	4	457	1965	158	29	40.213161	Συμθουλίου
5	1	11	1	1	5	624	1975	48	20	96.740555	της
5	1	11	1	1	6	682	1967	41	23	88.687088	Πε
4	1	11	1	2	0	18	2000	701	31	-1	
5	1	11	1	2	1	18	2000	134	29	31.571014	ριφέρείας
5	1	11	1	2	2	167	2000	207	30	34.970963	ΙΠελοσοινήσου,
5	1	11	1	2	3	390	2002	50	22	76.858727	υπιό
5	1	11	1	2	4	452	2001	47	29	92.437744	την
5	1	11	1	2	5	522	2002	120	29	69.646187	πιροεδρύα
5	1	11	1	2	6	675	2011	44	15	94.208649	του
4	1	11	1	3	0	19	2036	704	32	-1	
5	1	11	1	3	1	19	2036	56	23	93.071609	Γεν.
5	1	11	1	3	2	87	2036	152	29	59.095940	Ποαμμαπέα
5	1	11	1	3	3	251	2045	24	14	93.501541	κ.
5	1	11	1	3	4	282	2037	128	29	87.451096	Γιώργου
5	1	11	1	3	5	419	2037	62	29	56.493759	Δου,
5	1	11	1	3	6	494	2038	63	22	93.288887	όπου
5	1	11	1	3	7	569	2039	82	22	53.019749	τόνυσε
5	1	11	1	3	8	683	2048	40	20	63.211063	σις
4	1	11	1	4	0	17	2071	713	43	-1	
5	1	11	1	4	1	17	2072	168	28	5.720123	σεεοιοσυάθεµες
5	1	11	1	4	2	199	2079	49	16	11.982956	που
5	1	11	1	4	3	260	2073	200	22	0.000000	οῥαταθάλλοντιαι
5	1	11	1	4	4	473	2082	41	19	85.915359	για
5	1	11	1	4	5	537	2082	47	20	95.394081	την
5	1	11	1	4	6	616	2071	114	43	23.465759	αασωγ-
4	1	11	1	5	0	18	2106	342	30	-1	
5	1	11	1	5	1	18	2106	108	28	20.121201	πρότηση
5	1	11	1	5	2	141	2115	47	20	95.797318	της
5	1	11	1	5	3	199	2107	161	29	30.304688	Καλαμάτας.
2	1	12	0	0	0	51	2195	652	50	-1	
3	1	12	1	0	0	51	2195	652	50	-1	
4	1	12	1	1	0	51	2195	652	50	-1	
5	1	12	1	1	1	51	2195	443	50	0.000000	Σιπώρτοθήου
5	1	12	1	1	2	537	2199	166	41	41.391365	1988
2	1	13	0	0	0	15	2283	706	277	-1	
3	1	13	1	0	0	15	2283	706	277	-1	
4	1	13	1	1	0	39	2283	681	32	-1	
5	1	13	1	1	1	39	2283	56	22	78.128731	Οκ.
5	1	13	1	1	2	115	2283	120	24	93.276840	ΤΑΚΗΣ
5	1	13	1	1	3	247	2284	35	22	90.796860	Η.
5	1	13	1	1	4	295	2285	198	27	82.246506	ΣΤΑΘΑΚΟΣ,
5	1	13	1	1	5	507	2295	31	19	90.216927	µε
5	1	13	1	1	6	552	2288	104	27	90.216927	ανουχτή
5	1	13	1	1	7	670	2295	50	15	0.000000	εσι-
4	1	13	1	2	0	17	2318	704	31	-1	
5	1	13	1	2	1	17	2318	73	28	52.002140	οτολή
5	1	13	1	2	2	103	2326	65	21	2.386482	σίρος
5	1	13	1	2	3	177	2327	45	16	85.045822	πιαν
5	1	13	1	2	4	235	2320	145	28	34.025246	Σσήαρπιάση
5	1	13	1	2	5	396	2320	172	29	20.465401	Αρχιμοαυσυρό
5	1	13	1	2	6	579	2330	27	14	73.431992	κ.
5	1	13	1	2	7	619	2322	102	22	46.414986	ΙΗ1ΙΧ.Α-
4	1	13	1	3	0	17	2353	704	32	-1	
5	1	13	1	3	1	17	2353	48	22	89.646217	4Η
5	1	13	1	3	2	79	2353	169	28	48.960590	ΠΜΑΙΧΑΙΡΑ,
5	1	13	1	3	3	266	2362	45	16	90.864021	του
5	1	13	1	3	4	343	2356	126	27	46.170082	εκφράδει
5	1	13	1	3	5	490	2364	32	19	55.880657	µε
5	1	13	1	3	6	551	2357	170	28	42.896599	εμπνευσμένο
4	1	13	1	4	0	17	2388	704	33	-1	
5	1	13	1	4	1	17	2388	108	23	28.273193	«ΠΕΙΓΟ
5	1	13	1	4	2	140	2388	112	23	39.542221	ΥΜΝΟ»
5	1	13	1	4	3	267	2390	79	21	93.226700	πολλά
5	1	13	1	4	4	357	2390	93	23	46.022930	ΕΥΓΙΒ
5	1	13	1	4	5	464	2399	45	20	94.430069	για
5	1	13	1	4	6	520	2399	30	15	1.455627	πο
5	1	13	1	4	7	559	2392	107	29	26.982262	ιμοωσιωοό
5	1	13	1	4	8	677	2401	44	13	96.477196	του
4	1	13	1	5	0	16	2424	705	31	-1	
5	1	13	1	5	1	16	2425	114	26	18.833771	ποορωάπι,
5	1	13	1	5	2	145	2424	51	24	5.211113	Ιασυό
5	1	13	1	5	3	208	2432	30	14	96.618698	το
5	1	13	1	5	4	248	2425	176	29	53.529427	τελετουργικό
5	1	13	1	5	5	456	2434	46	14	39.386658	σου
5	1	13	1	5	6	528	2428	193	27	8.598930	σποογοάµµαπος
4	1	13	1	6	0	15	2460	705	30	-1	
5	1	13	1	6	1	15	2467	47	20	68.066978	της
5	1	13	1	6	2	72	2460	131	28	40.087158	"απονομής
5	1	13	1	6	3	215	2468	53	14	93.233864	των
5	1	13	1	6	4	283	2460	117	23	47.959824	επάθλων
5	1	13	1	6	5	411	2468	79	21	0.000000	στους
5	1	13	1	6	6	499	2470	70	19	27.932617	τοεις
5	1	13	1	6	7	601	2463	119	27	49.508286	σποώτους
4	1	13	1	7	0	17	2494	703	35	-1	
5	1	13	1	7	1	17	2494	101	27	31.908142	νιροηπίές
5	1	13	1	7	2	131	2502	43	14	15.167908	αι
5	1	13	1	7	3	189	2502	29	14	56.707184	σε
5	1	13	1	7	4	229	2496	77	27	93.299049	όσους
5	1	13	1	7	5	316	2498	147	26	0.000000	τερμιάπιοίαν
5	1	13	1	7	6	477	2504	43	15	96.643105	στο
5	1	13	1	7	7	557	2494	163	35	61.672421	Σπάρταθλον
4	1	13	1	8	0	19	2528	701	32	-1	
5	1	13	1	8	1	19	2528	91	27	57.037350	198δ,
5	1	13	1	8	2	124	2530	119	27	91.442612	απότους
5	1	13	1	8	3	258	2530	39	22	57.564682	698
5	1	13	1	8	4	311	2531	107	28	38.196011	αθλητές
5	1	13	1	8	5	427	2540	51	14	38.196011	των
5	1	13	1	8	6	493	2533	38	21	78.886185	165
5	1	13	1	8	7	547	2533	100	27	92.271461	χωοών,
5	1	13	1	8	8	672	2542	48	13	96.355301	που
2	1	14	0	0	0	35	2165	99	7	-1	
3	1	14	1	0	0	35	2165	99	7	-1	
4	1	14	1	1	0	35	2165	99	7	-1	
5	1	14	1	1	1	35	2165	99	7	95.000000	 
2	1	15	0	0	0	135	2165	140	10	-1	
3	1	15	1	0	0	135	2165	140	10	-1	
4	1	15	1	1	0	135	2165	140	10	-1	
5	1	15	1	1	1	135	2165	140	10	95.000000	 
2	1	16	0	0	0	0	2562	768	43	-1	
3	1	16	1	0	0	0	2562	768	43	-1	
4	1	16	1	1	0	399	2564	369	20	-1	
5	1	16	1	1	1	399	2568	6	6	35.409836	.
5	1	16	1	1	2	553	2564	9	20	0.000000	Μ,
5	1	16	1	1	3	706	2568	6	7	15.096878	ο
5	1	16	1	1	4	744	2577	24	5	0.000000	δν
5	1	16	1	1	5	763	2568	9	20	0.000000	α
4	1	16	1	2	0	0	2562	758	43	-1	
5	1	16	1	2	1	0	2562	106	23	8.577888	-ἐλαβίαν
5	1	16	1	2	2	119	2558	77	41	0.000000	µέρος.
5	1	16	1	2	3	218	2558	59	41	25.533852	όπου
5	1	16	1	2	4	287	2566	119	27	20.236778	«ανάμεσά
5	1	16	1	2	5	417	2575	61	20	93.223267	τους
5	1	16	1	2	6	486	2572	132	22	21.164764	τεριιάτυσίε
5	1	16	1	2	7	628	2574	53	31	0.000000	-α
5	1	16	1	2	8	698	2576	22	13	2.258820	ἑ-
5	1	16	1	2	9	756	2583	2	2	12.926193	Ὁ
2	1	17	0	0	0	16	2597	226	28	-1	
3	1	17	1	0	0	16	2597	226	28	-1	
4	1	17	1	1	0	16	2597	226	28	-1	
5	1	17	1	1	1	16	2604	46	19	6.903793	νας
5	1	17	1	1	2	73	2597	169	28	65.974930	Ἀπαρτιάτης.
2	1	18	0	0	0	454	2686	252	119	-1	
3	1	18	1	0	0	454	2686	252	119	-1	
4	1	18	1	1	0	498	2686	174	23	-1	
5	1	18	1	1	1	498	2686	174	23	64.245468	ΜΕΤΑΦΟΡΕΣ
4	1	18	1	2	0	474	2734	222	23	-1	
5	1	18	1	2	1	474	2734	222	23	52.676643	ΜΕΤΑΚΟΜΙΣΗΙΣ
4	1	18	1	3	0	454	2781	252	24	-1	
5	1	18	1	3	1	454	2781	67	22	92.099731	ΠΑΝ.
5	1	18	1	3	2	536	2782	47	23	78.655380	Ἡλ.
5	1	18	1	3	3	600	2782	106	23	89.589119	ΒΥΝΙΟΣ
2	1	19	0	0	0	414	2657	25	5	-1	
3	1	19	1	0	0	414	2657	25	5	-1	
4	1	19	1	1	0	414	2657	25	5	-1	
5	1	19	1	1	1	414	2657	25	5	95.000000	 
2	1	20	0	0	0	36	2653	59	7	-1	
3	1	20	1	0	0	36	2653	59	7	-1	
4	1	20	1	1	0	36	2653	59	7	-1	
5	1	20	1	1	1	36	2653	59	7	95.000000	 
2	1	21	0	0	0	96	2651	157	12	-1	
3	1	21	1	0	0	96	2651	157	12	-1	
4	1	21	1	1	0	96	2651	157	12	-1	
5	1	21	1	1	1	96	2651	157	12	95.000000	 
2	1	22	0	0	0	472	2878	216	29	-1	
3	1	22	1	0	0	472	2878	216	29	-1	
4	1	22	1	1	0	472	2878	216	29	-1	
5	1	22	1	1	1	472	2878	92	29	31.072655	Ἀιανονή
5	1	22	1	1	2	577	2880	47	21	52.813751	κατ’
5	1	22	1	1	3	631	2880	57	22	61.428135	οἴχον
2	1	23	0	0	0	469	2926	223	77	-1	
3	1	23	1	0	0	469	2926	223	77	-1	
4	1	23	1	1	0	473	2926	219	30	-1	
5	1	23	1	1	1	473	2926	109	29	90.520660	Γεωργίται
5	1	23	1	1	2	595	2940	6	2	75.420471	-
5	1	23	1	1	3	613	2927	79	29	65.630295	᾿Αθήνα
4	1	23	1	2	0	469	2973	220	30	-1	
5	1	23	1	2	1	469	2973	79	29	72.886330	᾿Αθήνα
5	1	23	1	2	2	559	2987	7	3	60.909546	-
5	1	23	1	2	3	576	2974	113	29	60.909546	Γεωργίτσι
2	1	24	0	0	0	10	2680	437	310	-1	
3	1	24	1	0	0	10	2680	437	310	-1	
4	1	24	1	1	0	10	2680	437	310	-1	
5	1	24	1	1	1	10	2680	437	310	95.000000	 
2	1	25	0	0	0	21	3023	676	19	-1	
3	1	25	1	0	0	21	3023	676	19	-1	
4	1	25	1	1	0	21	3023	676	19	-1	
5	1	25	1	1	1	21	3023	676	19	95.000000	 
2	1	26	0	0	0	83	3060	560	77	-1	
3	1	26	1	0	0	83	3060	560	77	-1	
4	1	26	1	1	0	83	3060	560	26	-1	
5	1	26	1	1	1	83	3060	230	23	85.872574	ΕΡΓΑΣΤΗΡΙΟΝ
5	1	26	1	1	2	325	3061	318	25	72.816765	ΔΑΧΑΡΟΠΛΑΣΤΙΚΗΣ
4	1	26	1	2	0	149	3102	397	35	-1	
5	1	26	1	2	1	149	3102	214	35	1.396515	ΒΑΣΙΛΕΙΟΥ
5	1	26	1	2	2	378	3115	168	22	92.323456	ΒΕΡΓΑΔΟΥ
2	1	27	0	0	0	5	3166	708	132	-1	
3	1	27	1	0	0	6	3166	707	27	-1	
4	1	27	1	1	0	6	3166	707	27	-1	
5	1	27	1	1	1	6	3166	143	23	93.851738	ΠΛΑΤΕΙΑ
5	1	27	1	1	2	161	3167	108	22	96.609665	ΔΟΥΚΑ
5	1	27	1	1	3	281	3167	15	22	94.207100	6
5	1	27	1	1	4	307	3167	127	24	88.089806	ΣΠΑΡΤΗ
5	1	27	1	1	5	448	3180	8	4	88.089806	-
5	1	27	1	1	6	468	3168	66	23	96.406937	ΤΗΛ.
5	1	27	1	1	7	548	3162	87	41	0.000000	249258
5	1	27	1	1	8	640	3162	77	41	0.000000	24924
3	1	27	2	0	0	34	3202	678	33	-1	
4	1	27	2	1	0	34	3202	678	33	-1	
5	1	27	2	1	1	34	3202	140	31	91.529335	Δεχόμεθα
5	1	27	2	1	2	185	3203	99	28	93.304382	παντός
5	1	27	2	1	3	294	3202	90	30	92.777206	εἴδους
5	1	27	2	1	4	397	3204	193	31	94.294037	παραγγελίες,
5	1	27	2	1	5	603	3205	51	29	93.300140	γιά
5	1	27	2	1	6	665	3207	47	28	90.895493	γά-
3	1	27	3	0	0	5	3237	707	61	-1	
4	1	27	3	1	0	5	3237	707	33	-1	
5	1	27	3	1	1	5	3242	72	25	46.896858	µους,
5	1	27	3	1	2	93	3237	134	26	11.375580	θαπτίσια,
5	1	27	3	1	3	241	3237	166	31	28.536438	ἀρραθῶνες
5	1	27	3	1	4	423	3238	116	29	79.189484	Παγωτό
5	1	27	3	1	5	550	3240	33	30	88.548309	µέ
5	1	27	3	1	6	599	3240	32	23	34.440735	τό
5	1	27	3	1	7	645	3241	67	26	94.113014	κιλό.
4	1	27	3	2	0	89	3273	541	25	-1	
5	1	27	3	2	1	89	3273	109	22	96.951859	ΕΡΜΟΥ
5	1	27	3	2	2	213	3273	30	22	76.418541	235
5	1	27	3	2	3	255	3274	120	23	88.720383	ΓΥΘΕΙΟ
5	1	27	3	2	4	388	3282	20	3	56.930500	-
5	1	27	3	2	5	420	3274	109	23	77.934456	ΤΗΛΕΦ.
5	1	27	3	2	6	545	3276	85	22	96.002777	23.033
2	1	28	0	0	0	0	3423	525	11	-1	
3	1	28	1	0	0	0	3423	525	11	-1	
4	1	28	1	1	0	0	3423	525	11	-1	
5	1	28	1	1	1	0	3424	255	10	95.000000	  
5	1	28	1	1	2	309	3423	216	11	95.000000	 
2	1	29	0	0	0	428	2823	298	36	-1	
3	1	29	1	0	0	428	2823	298	36	-1	
4	1	29	1	1	0	428	2823	298	36	-1	
5	1	29	1	1	1	428	2853	2	3	0.000000	Ἱ.
5	1	29	1	1	2	450	2828	54	30	94.379250	Τηλ.
5	1	29	1	1	3	515	2819	71	44	37.093754	61484
5	1	29	1	1	4	600	2819	110	44	24.726929	Γεωργίοσι
2	1	30	0	0	0	864	514	15	203	-1	
3	1	30	1	0	0	864	514	15	203	-1	
4	1	30	1	1	0	864	514	15	203	-1	
5	1	30	1	1	1	866	643	7	74	0.000000	ο.
5	1	30	1	1	2	864	514	15	116	0.000000	---
2	1	31	0	0	0	862	718	9	376	-1	
3	1	31	1	0	0	862	718	9	376	-1	
4	1	31	1	1	0	862	718	9	376	-1	
5	1	31	1	1	1	862	718	9	376	95.000000	 
2	1	32	0	0	0	844	2063	8	186	-1	
3	1	32	1	0	0	844	2063	8	186	-1	
4	1	32	1	1	0	844	2063	8	186	-1	
5	1	32	1	1	1	844	2063	8	186	0.000000	--υ-υὉὪ--Ὁ-
2	1	33	0	0	0	933	1	2446	60	-1	
3	1	33	1	0	0	933	1	2446	60	-1	
4	1	33	1	1	0	933	1	2446	60	-1	
5	1	33	1	1	1	933	1	2446	60	95.000000	 
2	1	34	0	0	0	1071	99	99	44	-1	
3	1	34	1	0	0	1071	99	99	44	-1	
4	1	34	1	1	0	1071	99	99	44	-1	
5	1	34	1	1	1	1071	99	99	44	95.000000	 
2	1	35	0	0	0	991	217	159	46	-1	
3	1	35	1	0	0	991	217	159	46	-1	
4	1	35	1	1	0	991	217	159	46	-1	
5	1	35	1	1	1	991	217	159	46	0.000000	ΤΕΩΡΤΤΗΣΙ.
2	1	36	0	0	0	1704	339	745	69	-1	
3	1	36	1	0	0	1704	339	745	69	-1	
4	1	36	1	1	0	1704	339	745	69	-1	
5	1	36	1	1	1	1704	347	7	30	72.969193	|
5	1	36	1	1	2	1758	339	53	51	59.789413	Α
5	1	36	1	1	3	1830	340	326	53	44.851120	Αναπτυξιακό
5	1	36	1	1	4	2186	350	240	58	96.281044	Συνέδριο
2	1	37	0	0	0	977	318	727	491	-1	
3	1	37	1	0	0	977	318	727	491	-1	
4	1	37	1	1	0	1143	322	9	10	-1	
5	1	37	1	1	1	1143	322	9	10	0.000000	ν
4	1	37	1	2	0	991	318	360	77	-1	
5	1	37	1	2	1	991	318	27	59	0.000000	ϐ
5	1	37	1	2	2	1039	319	312	76	0.000000	ΜΙΤήνΗμΠυς
4	1	37	1	3	0	1275	417	280	23	-1	
5	1	37	1	3	1	1275	417	10	23	38.842236	μα
5	1	37	1	3	2	1547	426	8	11	0.000000	ν)
4	1	37	1	4	0	1271	422	424	75	-1	
5	1	37	1	4	1	1271	432	72	57	13.785027	ἵης
5	1	37	1	4	2	1364	422	331	75	0.000000	ΜΕγΠλ0ύπολης
4	1	37	1	5	0	1270	491	425	13	-1	
5	1	37	1	5	1	1266	472	43	39	31.165024	ο
5	1	37	1	5	2	1363	472	69	39	9.992210	αμ
5	1	37	1	5	3	1454	472	76	39	0.255516	αμ
5	1	37	1	5	4	1574	491	121	13	0.000000	μάμμως]
4	1	37	1	6	0	1015	508	677	42	-1	
5	1	37	1	6	1	1015	508	66	26	15.150436	Ἅτοωυς
5	1	37	1	6	2	1092	511	108	28	43.620525	θλιβεροὺς
5	1	37	1	6	3	1210	511	38	26	37.032494	κόάι
5	1	37	1	6	4	1258	516	109	27	48.107391	κρίσιμους
5	1	37	1	6	5	1377	518	88	27	10.173370	ἨἈαροὺς
5	1	37	1	6	6	1472	526	49	21	0.000000	νις,
5	1	37	1	6	7	1529	528	28	15	62.858074	πο
5	1	37	1	6	8	1569	521	74	29	69.425491	ἄτοινα,
5	1	37	1	6	9	1650	524	42	21	80.174492	απὀ
4	1	37	1	7	0	985	540	719	46	-1	
5	1	37	1	7	1	985	540	181	35	60.870926	ανθρώπινη
5	1	37	1	7	2	1195	549	84	28	66.898407	ὕπαρξη
5	1	37	1	7	3	1293	551	156	29	20.417503	υποβιβάσοιριε
5	1	37	1	7	4	1463	555	21	20	69.452507	σ'
5	1	37	1	7	5	1508	556	196	30	1.490875	ανθρωπος
4	1	37	1	8	0	984	580	706	39	-1	
5	1	37	1	8	1	984	586	10	13	0.000000	εἩ
5	1	37	1	8	2	1023	580	57	28	3.527481	δἡ.
5	1	37	1	8	3	1108	580	88	31	36.314110	Δηλαδή
5	1	37	1	8	4	1204	583	26	22	90.129745	σε
5	1	37	1	8	5	1242	576	36	47	72.231262	μιά
5	1	37	1	8	6	1288	586	103	28	23.286552	ονούπητα
5	1	37	1	8	7	1418	596	26	20	53.247013	µε
5	1	37	1	8	8	1458	586	150	33	30.802238	αυγκεχυμένα,
5	1	37	1	8	9	1622	594	18	19	42.522282	τ'
5	1	37	1	8	10	1655	600	35	15	0.000000	οὐ
4	1	37	1	9	0	985	614	718	41	-1	
5	1	37	1	9	1	985	614	94	28	67.022469	θρώπυνα,
5	1	37	1	9	2	1093	620	191	26	23.645584	Χαρροιπηρυσαικἁ..
5	1	37	1	9	3	1300	620	65	29	45.531921	Ἐμείς
5	1	37	1	9	4	1374	630	21	13	53.458076	ον
5	1	37	1	9	5	1409	624	84	22	65.199081	παλαιοί
5	1	37	1	9	6	1506	626	121	29	89.870338	θυμόμαστε
5	1	37	1	9	7	1652	633	37	22	41.103462	Ίου
5	1	37	1	9	8	1701	632	2	3	91.076744	|
4	1	37	1	10	0	983	650	706	39	-1	
5	1	37	1	10	1	983	650	111	28	43.455597	παλιότερο
5	1	37	1	10	2	1105	652	106	29	76.464531	ἄγθρωπο.
5	1	37	1	10	3	1223	654	41	23	93.025330	Δεν
5	1	37	1	10	4	1270	656	49	28	69.137985	Εἶχε
5	1	37	1	10	5	1330	657	77	28	47.385757	βέβαια,
5	1	37	1	10	6	1415	665	31	18	47.385757	τις
5	1	37	1	10	7	1457	661	87	25	41.171638	ανέσεις,
5	1	37	1	10	8	1553	670	31	17	80.633324	τις
5	1	37	1	10	9	1598	664	91	25	93.112251	ευκολίες
4	1	37	1	11	0	977	686	710	41	-1	
5	1	37	1	11	1	977	691	40	15	41.621330	και
5	1	37	1	11	2	1031	686	19	21	0.000000	τ)
5	1	37	1	11	3	1065	687	74	27	41.742027	αγαθά
5	1	37	1	11	4	1154	695	36	21	37.553822	τες
5	1	37	1	11	5	1202	692	116	27	33.261177	σημερινής
5	1	37	1	11	6	1326	694	79	27	8.705292	εποχής
5	1	37	1	11	7	1415	701	22	14	88.057373	κι
5	1	37	1	11	8	1446	702	15	20	51.905197	Ἠ
5	1	37	1	11	9	1471	695	44	29	82.087830	ζωή
5	1	37	1	11	10	1524	701	40	17	63.554428	που
5	1	37	1	11	11	1578	698	54	27	54.584846	ἦταν
5	1	37	1	11	12	1645	706	42	21	67.503593	γις-
4	1	37	1	12	0	980	720	720	51	-1	
5	1	37	1	12	1	980	720	55	27	24.707329	μάπη
5	1	37	1	12	2	1043	721	24	27	5.430641	μ’
5	1	37	1	12	3	1079	716	100	43	52.480511	εμπόδια,
5	1	37	1	12	4	1191	716	112	43	7.742355	δυσηολίες
5	1	37	1	12	5	1310	734	40	18	80.718903	και
5	1	37	1	12	6	1361	730	133	25	0.000000	ακοτοπιές.
5	1	37	1	12	7	1523	731	70	29	67.854546	Ὅμως
5	1	37	1	12	8	1605	741	15	20	74.086700	η
5	1	37	1	12	9	1642	722	58	49	36.355865	ζωή]
4	1	37	1	13	0	1601	764	98	45	-1	
5	1	37	1	13	1	1601	764	84	38	89.724686	Υπήρχε
5	1	37	1	13	2	1695	772	4	37	0.000000	ἱ
2	1	38	0	0	0	1872	412	515	63	-1	
3	1	38	1	0	0	1872	412	515	66	-1	
4	1	38	1	1	0	1872	412	515	63	-1	
5	1	38	1	1	1	1872	412	165	57	95.535942	Νομού
5	1	38	1	1	2	2059	418	252	53	89.157425	Λακωνίας
5	1	38	1	1	3	2328	437	59	41	44.744305	-
2	1	39	0	0	0	1725	497	715	283	-1	
3	1	39	1	0	0	1725	497	715	283	-1	
4	1	39	1	1	0	1819	497	565	36	-1	
5	1	39	1	1	1	1819	497	250	28	96.360016	ΧΑΙΡΕΤΙΣΜΟΣ
5	1	39	1	1	2	2092	505	70	22	56.964973	τον
5	1	39	1	1	3	2182	504	176	29	0.000000	ΝοΜµαρχΗ
4	1	39	1	2	0	1740	531	697	49	-1	
5	1	39	1	2	1	1740	531	61	24	0.000000	"άλμα
5	1	39	1	2	2	1810	540	51	21	94.572014	µας
5	1	39	1	2	3	1871	534	29	23	69.872177	δε
5	1	39	1	2	4	1910	537	96	25	0.000000	νοείται
5	1	39	1	2	5	2020	538	163	31	21.854843	Δημονραπία
5	1	39	1	2	6	2194	545	83	27	53.119808	χωρίς
5	1	39	1	2	7	2282	554	34	19	53.119808	τη
5	1	39	1	2	8	2329	543	108	37	19.265480	24αθηιε-
4	1	39	1	3	0	1729	567	706	52	-1	
5	1	39	1	3	1	1729	567	56	28	0.000000	θανιή
5	1	39	1	3	2	1797	570	125	26	0.000000	σἠαιρουί(αὶ
5	1	39	1	3	3	1934	578	47	18	51.149818	που
5	1	39	1	3	4	1988	573	73	23	19.198502	«Διαού
5	1	39	1	3	5	2072	582	48	17	0.000000	οἵ]α
5	1	39	1	3	6	2135	577	92	29	0.000000	άντρα
5	1	39	1	3	7	2237	579	92	30	32.224152	Λήπρης:
5	1	39	1	3	8	2335	579	100	40	26.102310	ασίοφρά-
4	1	39	1	4	0	1730	603	710	41	-1	
5	1	39	1	4	1	1730	608	74	21	76.434586	σεων,
5	1	39	1	4	2	1818	603	83	30	74.997375	δίχως
5	1	39	1	4	3	1911	607	89	24	36.380173	τπελωιά
5	1	39	1	4	4	2010	617	47	20	93.175308	την
5	1	39	1	4	5	2074	610	100	30	0.000000	ἀοναῃση.
5	1	39	1	4	6	2186	621	48	21	47.415924	πῃῃς:
5	1	39	1	4	7	2242	615	121	29	0.000000	εξοωσίας
5	1	39	1	4	8	2374	615	7	3	81.572800	᾽
5	1	39	1	4	9	2390	619	50	28	2.552498	αποό.
4	1	39	1	5	0	1728	638	706	42	-1	
5	1	39	1	5	1	1728	644	43	15	43.716618	τον
5	1	39	1	5	2	1781	638	50	22	45.426300	ἴδιο
5	1	39	1	5	3	1840	647	32	15	92.971863	πιο
5	1	39	1	5	4	1884	642	63	22	10.491104	«αό.
5	1	39	1	5	5	1958	643	105	29	22.277504	Ἰαμμιά
5	1	39	1	5	6	2075	644	131	32	93.265442	απόφαση,
5	1	39	1	5	7	2223	657	49	15	35.291855	σπου
5	1	39	1	5	8	2283	649	91	31	50.935780	αφορά
5	1	39	1	5	9	2383	662	51	15	0.000000	τεσει-
4	1	39	1	6	0	1726	671	708	44	-1	
5	1	39	1	6	1	1726	671	75	29	84.487251	λαγές
5	1	39	1	6	2	1812	680	43	21	69.304291	για
5	1	39	1	6	3	1861	683	48	21	0.000000	ππηιν
5	1	39	1	6	4	1918	677	121	30	59.754005	επίσευξη
5	1	39	1	6	5	2051	688	54	16	13.925171	ππων
5	1	39	1	6	6	2114	685	197	25	0.000000	(αναφοτυξιανιώχν
5	1	39	1	6	7	2318	694	51	21	91.077271	µιας
5	1	39	1	6	8	2382	688	52	29	0.000000	σιτό-
4	1	39	1	7	0	1726	708	707	41	-1	
5	1	39	1	7	1	1726	715	55	20	73.843338	χων
5	1	39	1	7	2	1790	708	31	23	42.843685	ἃς
5	1	39	1	7	3	1841	712	91	27	40.499008	μύοριεύ
5	1	39	1	7	4	1942	719	35	16	0.000000	/α
5	1	39	1	7	5	1985	716	164	28	0.000000	σιθοχωρήιίει
5	1	39	1	7	6	2161	725	33	16	0.000000	αν
5	1	39	1	7	7	2208	719	45	22	85.463348	δεν
5	1	39	1	7	8	2265	720	55	29	13.097931	έχει
5	1	39	1	7	9	2331	730	30	19	83.327271	ση
5	1	39	1	7	10	2374	719	59	29	57.990891	σελα-
4	1	39	1	8	0	1725	743	530	37	-1	
5	1	39	1	8	1	1725	743	40	21	52.914093	ταά
5	1	39	1	8	2	1775	744	76	29	0.000000	λαθσή
5	1	39	1	8	3	1862	748	144	28	43.044304	«υμιμεποχή
5	1	39	1	8	4	2017	758	46	15	61.795197	νααι
5	1	39	1	8	5	2072	752	183	28	40.562286	σερωποξουλία,
2	1	40	0	0	0	2024	481	119	7	-1	
3	1	40	1	0	0	2024	481	119	7	-1	
4	1	40	1	1	0	2024	481	119	7	-1	
5	1	40	1	1	1	2024	481	119	7	95.000000	 
2	1	41	0	0	0	1695	377	14	458	-1	
3	1	41	1	0	0	1695	377	14	458	-1	
4	1	41	1	1	0	1695	377	14	458	-1	
5	1	41	1	1	1	1695	377	14	458	95.000000	 
2	1	42	0	0	0	976	746	1460	114	-1	
3	1	42	1	0	0	976	746	1455	110	-1	
4	1	42	1	1	0	976	746	1455	79	-1	
5	1	42	1	1	1	976	746	31	53	87.066963	του
5	1	42	1	1	2	1024	746	58	53	34.256699	Ίων
5	1	42	1	1	3	1089	760	118	37	46.101837	Εσωτερικά
5	1	42	1	1	4	1220	760	98	40	14.164215	πλούσαν,
5	1	42	1	1	5	1328	762	47	27	92.553207	εἶχε
5	1	42	1	1	6	1384	765	125	37	19.689362	ποιόττ
5	1	42	1	1	7	1518	768	79	39	52.458900	..
5	1	42	1	1	8	1744	778	113	28	0.000000	Ἐήμασίτε
5	1	42	1	1	9	1865	781	116	30	59.271904	σίγουρον
5	1	42	1	1	10	1994	783	39	27	50.902435	ότι
5	1	42	1	1	11	2041	787	162	29	26.383476	σοροὔσόθεση
5	1	42	1	1	12	2214	796	49	21	79.084869	της
5	1	42	1	1	13	2299	778	132	47	19.535660	επιτυχίας
4	1	42	1	2	0	978	793	1458	67	-1	
5	1	42	1	2	1	978	796	40	15	59.736519	κατ
5	1	42	1	2	2	1039	798	72	21	81.804146	αρχήν
5	1	42	1	2	3	1123	793	91	25	37.374329	πλαΐσια,
5	1	42	1	2	4	1227	796	76	24	62.980427	πολλές
5	1	42	1	2	5	1317	797	136	28	42.517757	δυνατότητες
5	1	42	1	2	6	1464	806	48	16	58.992912	στον
5	1	42	1	2	7	1526	808	47	15	27.773415	τότε
5	1	42	1	2	8	1588	804	98	27	61.936119	ἀνθρωποἱ
5	1	42	1	2	9	1722	819	44	14	93.223457	του
5	1	42	1	2	10	1778	813	139	30	47.310295	Συνεδρίου
5	1	42	1	2	11	1928	825	51	21	39.612457	µιας.
5	1	42	1	2	12	1988	818	68	26	73.949486	είναι,
5	1	42	1	2	13	2069	829	16	19	51.775288	{
5	1	42	1	2	14	2098	821	124	30	17.919701	δυναµιραή
5	1	42	1	2	15	2232	827	127	26	11.003281	σιαροπλοΐζα
5	1	42	1	2	16	2380	818	56	42	0.000000	σας.
2	1	43	0	0	0	978	825	707	49	-1	
3	1	43	1	0	0	978	825	707	49	-1	
4	1	43	1	1	0	978	825	707	49	-1	
5	1	43	1	1	1	978	825	18	21	50.728958	ν΄
5	1	43	1	1	2	1011	826	113	26	63.049511	αναπαύξει
5	1	43	1	1	3	1135	830	125	26	12.357239	προσωπφ(ή
5	1	43	1	1	4	1268	830	46	33	83.084892	ζωή
5	1	43	1	1	5	1325	832	108	33	0.838638	αωτάνομτη
5	1	43	1	1	6	1438	842	24	14	8.406410	σαν
5	1	43	1	1	7	1470	833	215	41	19.790955	αυτοκαθωριζόµενηη,
2	1	44	0	0	0	943	857	753	94	-1	
3	1	44	1	0	0	943	857	753	94	-1	
4	1	44	1	1	0	943	857	753	42	-1	
5	1	44	1	1	1	943	860	5	2	0.000000	Ὁ
5	1	44	1	1	2	978	857	52	23	5.659828	πδσο
5	1	44	1	1	3	1032	860	54	21	83.498871	στον
5	1	44	1	1	4	1093	861	174	28	0.000000	εποαγγελμιατιώ
5	1	44	1	1	5	1280	864	66	28	93.290695	χώρο,
5	1	44	1	1	6	1357	867	85	21	60.881287	ὅσα-καν
5	1	44	1	1	7	1454	875	38	14	91.497833	στα
5	1	44	1	1	8	1502	871	59	26	53.078213	χώρο
5	1	44	1	1	9	1573	879	40	14	92.543541	των
5	1	44	1	1	10	1630	874	54	21	34.962112	διαν-
5	1	44	1	1	11	1688	868	8	31	60.260612	Ἱ
4	1	44	1	2	0	977	893	718	58	-1	
5	1	44	1	2	1	977	893	109	28	56.191708	θρώπννων
5	1	44	1	2	2	1099	896	96	27	90.670090	σχέσεων
5	1	44	1	2	3	1207	904	37	15	48.637115	και
5	1	44	1	2	4	1254	900	129	22	22.746819	κουνωνικών
5	1	44	1	2	5	1393	904	126	27	25.187454	αιιφορὼν.
5	1	44	1	2	6	1529	904	52	29	45.390190	Είχε
5	1	44	1	2	7	1593	900	102	51	0.000000	άμφις,
2	1	45	0	0	0	1722	850	707	107	-1	
3	1	45	1	0	0	1722	850	707	107	-1	
4	1	45	1	1	0	1722	850	707	39	-1	
5	1	45	1	1	1	1722	854	56	21	57.447174	σεις
5	1	45	1	1	2	1788	846	111	47	37.349552	ερμασίες
5	1	45	1	1	3	1913	846	56	47	11.084915	πριν
5	1	45	1	1	4	1987	854	65	25	76.643845	ὁπίου
5	1	45	1	1	5	2060	864	18	18	95.352425	η
5	1	45	1	1	6	2089	856	123	30	36.386177	ελεύθερη.
5	1	45	1	1	7	2236	861	117	28	2.188988	συολασιρή
5	1	45	1	1	8	2388	863	41	22	28.540184	«ὃς.
4	1	45	1	2	0	1722	885	707	38	-1	
5	1	45	1	2	1	1722	885	87	24	0.874847	Φεαίση
5	1	45	1	2	2	1821	891	69	16	0.000000	αμα
5	1	45	1	2	3	1900	885	187	32	0.000000	δηµοναρασωιός
5	1	45	1	2	4	2097	890	119	30	94.250938	διάλογος
5	1	45	1	2	5	2229	894	33	22	82.199219	θα
5	1	45	1	2	6	2270	896	159	27	1.332466	μετασχήμία-
4	1	45	1	3	0	1722	915	705	42	-1	
5	1	45	1	3	1	1722	915	84	24	47.158352	τίσίσων
5	1	45	1	3	2	1813	925	42	20	61.708698	τοις’
5	1	45	1	3	3	1865	920	144	30	18.098358	Ιαητιθέσίεις.
5	1	45	1	3	4	2020	924	111	28	16.925720	ανιάµιεσία
5	1	45	1	3	5	2142	933	57	22	42.211746	οπως
5	1	45	1	3	6	2222	929	89	28	42.612923	πιάξεις
5	1	45	1	3	7	2320	938	46	15	0.000000	ρα
5	1	45	1	3	8	2398	938	29	15	30.237457	πα
2	1	46	0	0	0	977	928	717	42	-1	
3	1	46	1	0	0	977	928	717	42	-1	
4	1	46	1	1	0	977	928	717	42	-1	
5	1	46	1	1	1	977	928	91	29	75.497437	σβήπητο
5	1	46	1	1	2	1082	930	60	22	43.017204	πάνω
5	1	46	1	1	3	1156	938	36	24	92.734230	του
5	1	46	1	1	4	1204	940	13	13	81.564789	ο
5	1	46	1	1	5	1228	934	157	27	10.574150	παρκδοσιοκὀς
5	1	46	1	1	6	1396	936	109	29	25.087570	άνθρωπος
5	1	46	1	1	7	1519	946	29	21	58.367561	πῃ
5	1	46	1	1	8	1573	943	121	27	85.428795	σφραγίδα
5	1	46	1	1	9	1686	932	11	42	93.365097	|
2	1	47	0	0	0	1720	953	707	38	-1	
3	1	47	1	0	0	1720	953	707	38	-1	
4	1	47	1	1	0	1720	953	707	38	-1	
5	1	47	1	1	1	1720	953	138	22	0.000000	2εΟΗνιοννιραά
5	1	47	1	1	2	1866	956	147	29	0.000000	«σἹτρώματία,
5	1	47	1	1	3	2027	958	34	24	59.567558	θα
5	1	47	1	1	4	2072	964	308	27	9.901047	στυιγυαερεριμενοπιο
5	1	47	1	1	5	2296	959	19	37	11.694427	μή
5	1	47	1	1	6	2323	959	57	37	0.000000	σιουΝν
5	1	47	1	1	7	2394	974	33	15	37.673965	Ιτια
2	1	48	0	0	0	3003	271	198	41	-1	
3	1	48	1	0	0	3003	271	198	41	-1	
4	1	48	1	1	0	3003	271	198	41	-1	
5	1	48	1	1	1	3003	271	83	34	0.000000	Φδελίδα
5	1	48	1	1	2	3099	284	77	28	15.961868	ὃη-
2	1	49	0	0	0	2742	316	380	10	-1	
3	1	49	1	0	0	2742	316	380	10	-1	
4	1	49	1	1	0	2742	316	380	10	-1	
5	1	49	1	1	1	2742	316	380	10	95.000000	 
2	1	50	0	0	0	2478	328	706	210	-1	
3	1	50	1	0	0	2478	328	706	210	-1	
4	1	50	1	1	0	2480	328	652	115	-1	
5	1	50	1	1	1	2480	328	45	114	0.000000	.
5	1	50	1	1	2	2542	328	132	108	0.000000	Ἀνοκ
5	1	50	1	1	3	2698	337	372	106	57.553421	τασκευάζονται
5	1	50	1	1	4	3090	388	42	39	95.295151	οἱ
4	1	50	1	2	0	2478	444	706	94	-1	
5	1	50	1	2	1	2478	444	231	94	52.975483	μέφυρες:
5	1	50	1	2	2	2732	454	452	84	31.493668	Ευρώτα-Κελεφίνα
2	1	51	0	0	0	2772	534	120	10	-1	
3	1	51	1	0	0	2772	534	120	10	-1	
4	1	51	1	1	0	2772	534	120	10	-1	
5	1	51	1	1	1	2772	534	120	10	95.000000	 
2	1	52	0	0	0	2470	551	721	322	-1	
3	1	52	1	0	0	2471	551	720	216	-1	
4	1	52	1	1	0	2496	551	695	40	-1	
5	1	52	1	1	1	2477	556	5	28	0.000000	:
5	1	52	1	1	2	2496	551	56	23	66.977043	Νέα
5	1	52	1	1	3	2565	552	101	30	95.855171	γέφυρα
5	1	52	1	1	4	2680	564	31	19	96.504936	µε
5	1	52	1	1	5	2725	558	18	20	94.301537	4
5	1	52	1	1	6	2758	558	109	29	69.455498	λωρίδες
5	1	52	1	1	7	2877	556	184	35	8.905296	κυριλοφορίας,
5	1	52	1	1	8	3074	564	47	23	96.604271	δύο
5	1	52	1	1	9	3134	568	57	20	7.671112	ανά.
4	1	52	1	2	0	2476	587	704	42	-1	
5	1	52	1	2	1	2476	587	165	32	0.000000	αιεύθιση,
5	1	52	1	2	2	2656	591	101	29	45.910576	μήκους
5	1	52	1	2	3	2766	593	67	22	57.217667	136
5	1	52	1	2	4	2842	595	100	28	3.543251	ῥίέτρων
5	1	52	1	2	5	2952	605	43	15	32.333252	2ααι
5	1	52	1	2	6	3004	598	113	30	44.025005	σαλώποως
5	1	52	1	2	7	3127	601	53	28	77.804199	39,
4	1	52	1	3	0	2474	620	705	45	-1	
5	1	52	1	3	1	2474	620	30	23	15.993416	θα
5	1	52	1	3	2	2520	626	201	23	0.000000	;αατἱασκιευιασίτεί
5	1	52	1	3	3	2742	634	61	16	53.165833	«οπίου
5	1	52	1	3	4	2825	630	119	28	57.971985	Ἐωρώπα,
5	1	52	1	3	5	2960	639	45	21	91.223457	οπη
5	1	52	1	3	6	3036	634	65	29	77.016373	«θέση
5	1	52	1	3	7	3133	643	46	22	82.783371	της
4	1	52	1	4	0	2474	658	388	28	-1	
5	1	52	1	4	1	2474	658	151	28	0.000000	σημιερωμής..
5	1	52	1	4	2	2652	673	2	2	83.939438	-
5	1	52	1	4	3	2793	676	2	2	25.175598	:
5	1	52	1	4	4	2860	669	2	2	0.000000	'
4	1	52	1	5	0	2474	691	704	42	-1	
5	1	52	1	5	1	2474	696	2	2	34.320091	΄
5	1	52	1	5	2	2491	691	102	30	80.234428	Επίσης
5	1	52	1	5	3	2608	694	101	30	89.889076	γέφυρα
5	1	52	1	5	4	2720	697	32	23	90.519051	θα
5	1	52	1	5	5	2761	702	204	23	0.000000	ναατασραεπλασίτιαέ
5	1	52	1	5	6	2973	710	46	16	31.667969	αι
5	1	52	1	5	7	3026	710	65	23	15.531464	σπιν
5	1	52	1	5	8	3100	706	78	27	67.870132	Κελε
4	1	52	1	6	0	2471	726	661	41	-1	
5	1	52	1	6	1	2471	726	72	27	47.925217	Φίνα,
5	1	52	1	6	2	2556	735	51	16	20.444473	σίου
5	1	52	1	6	3	2616	729	34	22	83.512001	θα
5	1	52	1	6	4	2659	730	55	29	92.529518	έχει
5	1	52	1	6	5	2721	733	84	28	24.826958	µήνιος
5	1	52	1	6	6	2816	734	41	23	62.948059	6δ
5	1	52	1	6	7	2867	744	26	19	38.540825	με.
5	1	52	1	6	8	2907	737	44	22	20.384560	νιᾶι
5	1	52	1	6	9	2962	738	96	29	88.931664	πλάτος
5	1	52	1	6	10	3084	740	48	23	70.305878	1-4.
3	1	52	2	0	0	2470	761	705	112	-1	
4	1	52	2	1	0	2471	761	704	41	-1	
5	1	52	2	1	1	2471	763	3	22	1.448738	:
5	1	52	2	1	2	2489	761	50	24	0.000000	ιά
5	1	52	2	1	3	2549	769	42	22	14.131119	τις
5	1	52	2	1	4	2604	764	47	22	93.304543	δύο
5	1	52	2	1	5	2661	766	116	29	75.617905	γιέφυριες
5	1	52	2	1	6	2787	770	140	28	13.077507	εγνερίθηραε
5	1	52	2	1	7	2940	780	16	19	73.430984	η
5	1	52	2	1	8	2964	772	107	30	32.474289	διάθεσι}
5	1	52	2	1	9	3081	776	94	24	19.275780	συνιολι-
4	1	52	2	2	0	2470	796	699	39	-1	
5	1	52	2	2	1	2470	796	49	28	50.106644	κής
5	1	52	2	2	2	2530	797	133	31	17.843155	σιέσπωσηις
5	1	52	2	2	3	2677	796	17	26	72.472809	ἃ
5	1	52	2	2	4	2699	802	44	21	45.144081	5Ο
5	1	52	2	2	5	2752	810	103	22	21.929169	(εκατομ.
5	1	52	2	2	6	2866	804	129	31	0.000000	δραιχμιών..
5	1	52	2	2	7	3151	808	18	10	45.839836	.
4	1	52	2	3	0	2470	832	704	41	-1	
5	1	52	2	3	1	2470	832	61	22	0.000000	΄Ηα
5	1	52	2	3	2	2543	835	138	26	45.202526	σηµειωθιύ
5	1	52	2	3	3	2690	837	40	23	94.067337	ὅτι
5	1	52	2	3	4	2739	846	26	13	95.521324	οι
5	1	52	2	3	5	2774	836	106	32	8.708023	μελέτες
5	1	52	2	3	6	2886	841	79	28	86.871002	έχουν
5	1	52	2	3	7	2974	843	51	28	28.123329	δη
5	1	52	2	3	8	3038	846	136	27	0.000000	εσθοινηθ]εί
2	1	53	0	0	0	2468	868	761	39	-1	
3	1	53	1	0	0	2468	868	794	39	-1	
4	1	53	1	1	0	2468	868	761	39	-1	
5	1	53	1	1	1	2468	872	43	17	0.000000	ας
5	1	53	1	1	2	2522	874	18	20	54.828587	3
5	1	53	1	1	3	2560	868	179	31	35.566795	Φδημιοσεράξη
5	1	53	1	1	4	2709	864	28	42	51.314655	ση
5	1	53	1	1	5	2752	870	35	24	48.774445	θα
5	1	53	1	1	6	2795	874	68	26	30.328995	γήνει
5	1	53	1	1	7	2870	876	66	26	22.410149	ιµέσία
5	1	53	1	1	8	2945	882	47	18	16.803505	ιοἶτο
5	1	53	1	1	9	3002	878	93	28	10.646591	πἱριέχοῖν.
5	1	53	1	1	10	3104	880	68	27	18.043854	ἐπίοι..
5	1	53	1	1	11	3182	892	80	2	18.989578	-------
2	1	54	0	0	0	2466	897	706	80	-1	
3	1	54	1	0	0	2466	897	706	80	-1	
4	1	54	1	1	0	2467	897	705	44	-1	
5	1	54	1	1	1	2467	897	22	24	93.110283	Ὁ
5	1	54	1	1	2	2505	900	60	29	92.095757	όνας
5	1	54	1	1	3	2586	903	95	28	87.455193	κλάδος
5	1	54	1	1	4	2691	912	49	21	47.172832	τς
5	1	54	1	1	5	2751	907	120	28	96.329620	γέφυρας
5	1	54	1	1	6	2880	916	48	15	22.632965	ου
5	1	54	1	1	7	2936	910	112	29	35.151299	Συρώπια
5	1	54	1	1	8	3069	914	103	27	1.617905	σήροβΛιέ-
4	1	54	1	2	0	2466	941	706	36	-1	
5	1	54	1	2	1	2466	941	72	18	36.202057	πιείαυ
5	1	54	1	2	2	2551	943	33	15	37.438549	γα
5	1	54	1	2	3	2595	941	203	24	0.000000	Μαπίασρεευαιίσεύ
5	1	54	1	2	4	2808	949	31	16	63.025723	οἷε
5	1	54	1	2	5	2852	944	38	21	59.027145	13
5	1	54	1	2	6	2902	945	89	28	14.526321	µήνες,
5	1	54	1	2	7	3016	946	76	23	82.947807	δίπλα
5	1	54	1	2	8	3126	955	46	22	61.816555	σπη
2	1	55	0	0	0	971	964	713	221	-1	
3	1	55	1	0	0	974	964	706	103	-1	
4	1	55	1	1	0	976	964	704	46	-1	
5	1	55	1	1	1	976	969	36	22	26.019066	της
5	1	55	1	1	2	1024	964	116	29	29.591530	(διαΐτερης
5	1	55	1	1	3	1154	969	186	28	1.126694	προσωπωώτηπὰς
5	1	55	1	1	4	1350	977	38	14	83.832237	του
5	1	55	1	1	5	1417	972	75	29	71.672401	ζωηρή
5	1	55	1	1	6	1500	981	24	14	77.211845	ο
5	1	55	1	1	7	1547	972	133	38	0.000000	ολοκάθαρηη.
4	1	55	1	2	0	974	998	706	43	-1	
5	1	55	1	2	1	974	998	57	23	82.848015	Τόσα
5	1	55	1	2	2	1044	1007	21	14	79.708702	ον
5	1	55	1	2	3	1077	1001	73	26	80.771057	αρθτὲς
5	1	55	1	2	4	1163	1009	37	14	42.869209	και
5	1	55	1	2	5	1212	1010	29	14	46.197762	πα
5	1	55	1	2	6	1252	1006	148	27	0.000000	προπερημα(τ,
5	1	55	1	2	7	1428	1013	45	19	76.730919	πιω,
5	1	55	1	2	8	1488	1009	39	21	69.343582	ὁσο
5	1	55	1	2	9	1550	1018	21	13	68.506233	κι
5	1	55	1	2	10	1586	1018	17	21	10.044792	Ἠ
5	1	55	1	2	11	1618	1014	62	27	16.859268	σκανή
4	1	55	1	3	0	974	1033	383	34	-1	
5	1	55	1	3	1	974	1033	44	28	28.216690	ὀψη
5	1	55	1	3	2	1031	1040	39	22	65.121475	πῃς
5	1	55	1	3	3	1078	1035	58	28	88.660347	ζωής
5	1	55	1	3	4	1146	1043	36	14	61.161804	τω
5	1	55	1	3	5	1189	1037	56	28	25.475243	ἧσαν
5	1	55	1	3	6	1256	1039	101	28	33.022682	διάφανα.
3	1	55	2	0	0	971	1063	713	117	-1	
4	1	55	2	1	0	995	1068	689	47	-1	
5	1	55	2	1	1	987	1063	97	37	39.109413	"Σήμερα
5	1	55	2	1	2	1095	1077	26	14	75.678123	τα
5	1	55	2	1	3	1134	1072	103	28	0.000000	(δακίτερα,
5	1	55	2	1	4	1249	1078	183	25	14.391594	χαιραδισηρυστωκὀ,
5	1	55	2	1	5	1443	1083	36	16	82.371864	του
5	1	55	2	1	6	1491	1080	53	21	39.478729	χάθε
5	1	55	2	1	7	1563	1075	121	40	81.094757	ανθρώπου
4	1	55	2	2	0	973	1104	706	43	-1	
5	1	55	2	2	1	973	1104	36	21	92.976166	ὅλο
5	1	55	2	2	2	1019	1112	23	14	86.333939	κι
5	1	55	2	2	3	1051	1106	140	28	0.000000	απασβύηνται
5	1	55	2	2	4	1201	1115	20	14	82.352859	κι
5	1	55	2	2	5	1236	1116	14	13	93.286690	ο
5	1	55	2	2	6	1260	1109	111	28	49.740677	ἄνθρωπος
5	1	55	2	2	7	1386	1113	146	23	48.418701	ισαπεδώνεται
5	1	55	2	2	8	1545	1116	56	27	74.242706	µέσα,
5	1	55	2	2	9	1626	1123	53	24	0.000000	ασην
4	1	55	2	3	0	971	1138	706	47	-1	
5	1	55	2	3	1	971	1139	74	30	10.972229	ἄφωκη
5	1	55	2	3	2	1058	1140	58	28	80.416916	μάζα
5	1	55	2	3	3	1129	1138	38	25	93.136856	του
5	1	55	2	3	4	1180	1143	100	28	0.000000	πλήθωυς.
5	1	55	2	3	5	1293	1143	24	23	93.103264	Ἡ
5	1	55	2	3	6	1332	1147	99	22	15.216743	καὐνωνία
5	1	55	2	3	7	1442	1154	46	20	0.000000	ια
5	1	55	2	3	8	1516	1145	161	40	0.000000	βεγαλοπόλεις,
2	1	56	0	0	0	971	1175	717	41	-1	
3	1	56	1	0	0	971	1175	717	41	-1	
4	1	56	1	1	0	971	1175	717	41	-1	
5	1	56	1	1	1	971	1175	51	22	0.000000	ὅπου
5	1	56	1	1	2	1029	1177	216	27	13.374969	σογκοερώνετοι
5	1	56	1	1	3	1221	1171	22	43	96.779366	το
5	1	56	1	1	4	1255	1181	132	29	69.299988	μεγαλύτερα
5	1	56	1	1	5	1398	1184	66	27	58.575588	μέρος
5	1	56	1	1	6	1488	1192	39	14	67.130554	του
5	1	56	1	1	7	1555	1187	133	29	62.887085	πληθυσμού
5	1	56	1	1	8	1680	1180	11	40	87.306961	!
2	1	57	0	0	0	958	1211	717	466	-1	
3	1	57	1	0	0	958	1211	717	466	-1	
4	1	57	1	1	0	969	1211	706	38	-1	
5	1	57	1	1	1	969	1216	37	21	0.000000	Όης
5	1	57	1	1	2	1018	1211	80	27	90.812729	χώρας,
5	1	57	1	1	3	1113	1212	56	27	43.871475	ἔγωε
5	1	57	1	1	4	1185	1214	37	26	45.894756	μιά
5	1	57	1	1	5	1232	1215	110	29	0.000000	απέραπη
5	1	57	1	1	6	1372	1218	73	28	4.579681	Φυχρή
5	1	57	1	1	7	1470	1221	205	28	51.043434	ανθρωποθάλασσα,,
4	1	57	1	2	0	967	1245	708	37	-1	
5	1	57	1	2	1	967	1252	39	13	96.300270	που
5	1	57	1	2	2	1016	1245	58	28	57.420841	µέσα
5	1	57	1	2	3	1079	1253	39	20	57.420841	της
5	1	57	1	2	4	1133	1247	87	27	44.262360	χάνεται
5	1	57	1	2	5	1232	1256	16	20	68.699692	η
5	1	57	1	2	6	1260	1253	125	27	44.483334	πρασωπική
5	1	57	1	2	7	1394	1255	137	27	0.000000	πηχυοβολία
5	1	57	1	2	8	1559	1263	38	15	24.383255	που
5	1	57	1	2	9	1622	1259	53	21	0.000000	κάθε
4	1	57	1	3	0	967	1276	705	42	-1	
5	1	57	1	3	1	967	1276	118	33	91.027771	ανθρώπου.
5	1	57	1	3	2	1100	1280	27	22	26.942863	Οἱ
5	1	57	1	3	3	1141	1285	119	21	0.000000	πρινωνιρυοί
5	1	57	1	3	4	1271	1285	82	27	0.000000	Ἠόηίλον,
5	1	57	1	3	5	1366	1288	56	27	73.852875	µέσα
5	1	57	1	3	6	1432	1295	63	20	7.631462	ἄἴρυς
5	1	57	1	3	7	1507	1293	84	25	49.969933	οποίους
5	1	57	1	3	8	1602	1294	30	20	67.892967	θα
5	1	57	1	3	9	1639	1301	33	15	67.892967	πε-
4	1	57	1	4	0	967	1315	705	35	-1	
5	1	57	1	4	1	967	1315	96	27	0.000000	ῥίληφπεί
5	1	57	1	4	2	1079	1323	12	13	93.242973	ο
5	1	57	1	4	3	1101	1319	111	25	38.503258	σημεριγὸς
5	1	57	1	4	4	1220	1319	109	28	91.750946	ἄνθρωπος
5	1	57	1	4	5	1340	1333	8	4	83.871933	-
5	1	57	1	4	6	1357	1323	60	25	82.827972	εδίως
5	1	57	1	4	7	1426	1332	13	13	92.280579	ο
5	1	57	1	4	8	1449	1326	48	24	48.221359	νέας
5	1	57	1	4	9	1508	1335	53	13	13.349991	-χαι
5	1	57	1	4	10	1576	1329	21	20	43.485394	θ᾽
5	1	57	1	4	11	1604	1329	68	21	33.711151	απἰκῶ-
4	1	57	1	5	0	967	1351	704	43	-1	
5	1	57	1	5	1	967	1355	31	15	91.626717	σει
5	1	57	1	5	2	1013	1357	31	18	93.258064	τις
5	1	57	1	5	3	1061	1351	165	29	0.000000	θυχπροσωπικές
5	1	57	1	5	4	1239	1362	36	16	80.859863	του
5	1	57	1	5	5	1287	1357	82	28	90.040924	σχέσεις
5	1	57	1	5	6	1380	1367	28	21	50.802647	µε
5	1	57	1	5	7	1419	1367	26	15	59.613556	σα
5	1	57	1	5	8	1456	1361	55	29	4.434357	µέλη
5	1	57	1	5	9	1521	1369	56	21	77.630272	τους,
5	1	57	1	5	10	1586	1373	25	13	57.660835	πο
5	1	57	1	5	11	1618	1366	53	28	79.936493	πρώ-
4	1	57	1	6	0	965	1388	707	45	-1	
5	1	57	1	6	1	965	1391	69	16	0.000000	Τνσπσλ
5	1	57	1	6	2	1048	1393	39	15	48.983902	που
5	1	57	1	6	3	1096	1388	28	32	67.445755	θο
5	1	57	1	6	4	1131	1388	106	29	38.592766	ζητήσουν
5	1	57	1	6	5	1246	1393	43	21	54.170361	απὸ
5	1	57	1	6	6	1300	1394	53	21	76.199493	σένα,
5	1	57	1	6	7	1362	1395	55	22	88.189537	εἶναι
5	1	57	1	6	8	1430	1404	28	15	36.298504	"να,
5	1	57	1	6	9	1468	1398	55	22	60.184258	εἶσοι,
5	1	57	1	6	10	1550	1397	122	36	31.463112	προετοιμια-
4	1	57	1	7	0	964	1420	705	42	-1	
5	1	57	1	7	1	964	1420	73	28	47.233284	σµένας
5	1	57	1	7	2	1055	1423	80	28	69.461494	ψυχικό,
5	1	57	1	7	3	1147	1432	37	14	54.615105	και
5	1	57	1	7	4	1195	1429	130	26	0.000000	πονευμιρπμκά
5	1	57	1	7	5	1339	1430	52	26	67.880661	ἔτοι,
5	1	57	1	7	6	1404	1431	54	24	67.780045	ὦστε
5	1	57	1	7	7	1471	1440	28	15	50.182159	νο
5	1	57	1	7	8	1517	1436	112	26	0.000000	µπιορέσεις
5	1	57	1	7	9	1643	1444	26	15	72.177528	να
4	1	57	1	8	0	963	1458	706	40	-1	
5	1	57	1	8	1	963	1458	106	27	43.123802	θντοχτεῖς
5	1	57	1	8	2	1077	1460	105	27	76.452255	αρμονικά
5	1	57	1	8	3	1193	1467	53	22	34.016296	ση»
5	1	57	1	8	4	1256	1464	78	27	60.376381	ομάδα,
5	1	57	1	8	5	1349	1472	54	22	14.245903	απην
5	1	57	1	8	6	1412	1468	88	29	38.340221	απλωτὴ
5	1	57	1	8	7	1529	1471	78	27	14.422546	παρέα.
5	1	57	1	8	8	1634	1472	35	22	93.642487	Να
4	1	57	1	9	0	962	1493	706	43	-1	
5	1	57	1	9	1	962	1498	59	21	75.468842	πεις
5	1	57	1	9	2	1035	1499	39	22	88.191216	ση;
5	1	57	1	9	3	1088	1493	46	29	95.682991	ζωή
5	1	57	1	9	4	1148	1501	38	22	91.998154	της
5	1	57	1	9	5	1197	1497	69	27	63.138992	μάζας
5	1	57	1	9	6	1280	1507	37	14	52.733009	και
5	1	57	1	9	7	1326	1507	29	15	60.843636	Να,
5	1	57	1	9	8	1369	1505	162	27	53.192429	συμμορφωθείς
5	1	57	1	9	9	1542	1507	126	29	14.112862	αδιαμιαρτή-
4	1	57	1	10	0	961	1529	706	41	-1	
5	1	57	1	10	1	961	1534	55	20	6.349136	Ρηπα
5	1	57	1	10	2	1025	1534	42	22	81.576859	σπη
5	1	57	1	10	3	1077	1529	133	30	63.977669	δεονπολωηία
5	1	57	1	10	4	1221	1540	40	21	81.513298	τῆς
5	1	57	1	10	5	1275	1541	37	15	29.893547	και
5	1	57	1	10	6	1323	1543	32	18	88.167366	τις
5	1	57	1	10	7	1369	1537	163	30	39.366249	οχλοπουηµένες
5	1	57	1	10	8	1544	1543	123	27	0.000000	αποήτήσεις
4	1	57	1	11	0	960	1562	706	43	-1	
5	1	57	1	11	1	960	1568	44	21	64.500031	σης.
5	1	57	1	11	2	1016	1562	90	27	43.286858	Φυσικά,
5	1	57	1	11	3	1122	1567	45	20	28.623749	εκεί
5	1	57	1	11	4	1179	1567	28	21	54.137287	θα
5	1	57	1	11	5	1219	1569	76	27	16.974991	πρὀπει
5	1	57	1	11	6	1304	1577	28	15	69.230270	ναι
5	1	57	1	11	7	1344	1571	99	29	74.140015	ξεχάσεις
5	1	57	1	11	8	1454	1581	45	19	72.346054	πως
5	1	57	1	11	9	1509	1576	27	20	47.772331	θα:
5	1	57	1	11	10	1549	1579	117	26	39.522316	μππωρούσες
4	1	57	1	12	0	959	1598	706	43	-1	
5	1	57	1	12	1	959	1604	26	14	0.000000	ν»
5	1	57	1	12	2	1001	1598	55	28	88.117416	ὄχεις
5	1	57	1	12	3	1073	1599	117	31	53.264084	ξοχωριστὴ
5	1	57	1	12	4	1202	1604	78	28	26.632607	σχέφν,,
5	1	57	1	12	5	1289	1606	75	28	67.570549	Ὑνώμη
5	1	57	1	12	6	1374	1612	37	17	74.362061	καὶ
5	1	57	1	12	7	1423	1610	88	26	24.576302	γούστα,
5	1	57	1	12	8	1522	1613	58	25	48.950150	γιαπί
5	1	57	1	12	9	1592	1614	73	27	64.698685	πρόποει
4	1	57	1	13	0	958	1632	707	45	-1	
5	1	57	1	13	1	958	1632	39	21	80.750320	ὅλαι
5	1	57	1	13	2	1010	1640	28	14	64.400574	να,
5	1	57	1	13	3	1051	1641	29	14	73.284317	τα
5	1	57	1	13	4	1091	1637	176	28	0.000000	ευθυγραμμέσεις
5	1	57	1	13	5	1280	1648	26	20	74.258560	µε
5	1	57	1	13	6	1319	1647	28	22	91.617798	τη
5	1	57	1	13	7	1356	1643	73	28	70.343414	σκέψη
5	1	57	1	13	8	1442	1650	38	16	58.147053	καν
5	1	57	1	13	9	1493	1651	28	15	92.070854	τα
5	1	57	1	13	10	1532	1648	81	26	17.496735	γούστα
5	1	57	1	13	11	1628	1656	37	21	65.860947	ης
2	1	58	0	0	0	926	1668	751	74	-1	
3	1	58	1	0	0	926	1668	751	74	-1	
4	1	58	1	1	0	957	1668	720	41	-1	
5	1	58	1	1	1	957	1668	88	26	14.575790	ὀµάλας,
5	1	58	1	1	2	1056	1676	37	15	91.997314	του
5	1	58	1	1	3	1102	1671	80	27	71.155960	ὀμιλου,
5	1	58	1	1	4	1193	1681	40	20	72.902603	σης
5	1	58	1	1	5	1245	1675	77	27	56.271873	μόχας.
5	1	58	1	1	6	1336	1676	21	22	92.849701	Ἡ
5	1	58	1	1	7	1369	1679	131	28	40.361538	προλλονάδα,
5	1	58	1	1	8	1512	1679	76	30	48.310287	βέβρια;
5	1	58	1	1	9	1602	1684	29	20	81.394852	θα,
5	1	58	1	1	10	1644	1668	33	37	51.741264	ἐ]
4	1	58	1	2	0	926	1706	743	36	-1	
5	1	58	1	2	1	926	1718	17	10	5.005051	Ὃ
5	1	58	1	2	2	956	1709	34	19	0.000000	Χθι
5	1	58	1	2	3	1000	1708	36	20	65.371872	του
5	1	58	1	2	4	1047	1705	75	26	64.566467	πρῶπο
5	1	58	1	2	5	1132	1706	53	27	39.655834	λόγο,
5	1	58	1	2	6	1198	1713	53	21	1.511200	σόγρ
5	1	58	1	2	7	1260	1711	133	27	46.058182	κρπεύθυνση
5	1	58	1	2	8	1404	1720	39	19	9.694672	πτης
5	1	58	1	2	9	1452	1714	58	27	69.924507	ζωής
5	1	58	1	2	10	1517	1701	50	45	0.946037	σου.
5	1	58	1	2	11	1578	1724	91	18	23.264030	νους.
2	1	59	0	0	0	947	1736	722	738	-1	
3	1	59	1	0	0	947	1736	722	738	-1	
4	1	59	1	1	0	956	1736	706	40	-1	
5	1	59	1	1	1	956	1736	96	27	13.722626	Επιλογὲς
5	1	59	1	1	2	1065	1743	47	15	76.762390	σου.
5	1	59	1	1	3	1125	1739	21	20	92.855576	Ἡ
5	1	59	1	1	4	1155	1742	85	26	0.000000	κρυτρο]
5	1	59	1	1	5	1251	1743	76	27	23.006966	στάση,
5	1	59	1	1	6	1342	1745	16	25	49.759842	Ἡ
5	1	59	1	1	7	1368	1745	80	21	50.848774	κάπίουκ
5	1	59	1	1	8	1460	1750	113	26	33.523743	πορασφυγή
5	1	59	1	1	9	1602	1755	60	20	65.453552	στους
4	1	59	1	2	0	955	1770	706	42	-1	
5	1	59	1	2	1	955	1770	73	26	96.120712	τόπους
5	1	59	1	2	2	1040	1779	37	20	73.288422	σης
5	1	59	1	2	3	1091	1775	222	28	7.538826	ολτοσυγκάντρωσης,
5	1	59	1	2	4	1326	1779	38	26	60.451828	γιά,
5	1	59	1	2	5	1378	1781	114	27	37.289604	ατοχασμὀ,
5	1	59	1	2	6	1518	1784	96	28	41.902069	αρπίωση
5	1	59	1	2	7	1640	1793	21	13	69.051727	νι
4	1	59	1	3	0	955	1805	705	42	-1	
5	1	59	1	3	1	955	1805	108	29	56.482559	ωρίμανση
5	1	59	1	3	2	1073	1815	39	20	90.973907	της
5	1	59	1	3	3	1121	1811	186	28	0.000000	προσωπηκόπηπὰς
5	1	59	1	3	4	1320	1819	37	15	22.514038	σρυ
5	1	59	1	3	5	1371	1814	53	22	41.746681	εὔναι
5	1	59	1	3	6	1435	1819	169	28	30.543617	απαιγορεύσιπῃ.
5	1	59	1	3	7	1635	1819	25	23	20.267479	Οι
4	1	59	1	4	0	954	1840	706	42	-1	
5	1	59	1	4	1	954	1840	137	30	47.561775	φυχαγωγίες
5	1	59	1	4	2	1103	1851	37	14	53.615650	σο»
5	1	59	1	4	3	1152	1845	27	21	0.000000	θα,
5	1	59	1	4	4	1190	1847	77	27	64.954285	πρέπει
5	1	59	1	4	5	1277	1854	26	15	0.000000	κ.
5	1	59	1	4	6	1316	1848	54	22	39.227226	εἶναι
5	1	59	1	4	7	1378	1857	37	15	56.397598	καὶ
5	1	59	1	4	8	1425	1851	135	28	65.916718	φυχαγωγίες
5	1	59	1	4	9	1571	1861	39	21	27.775940	πτῃς
5	1	59	1	4	10	1623	1863	37	14	31.466080	πα-
4	1	59	1	5	0	953	1877	707	40	-1	
5	1	59	1	5	1	953	1877	57	27	28.803200	βέὲος!
5	1	59	1	5	2	1028	1877	80	29	55.582840	Σινεμά,
5	1	59	1	5	3	1122	1880	14	27	60.811310	ἡ
5	1	59	1	5	4	1149	1881	122	29	0.000000	τηλεόραση
5	1	59	1	5	5	1278	1891	28	20	53.385841	με
5	1	59	1	5	6	1318	1884	54	28	95.187576	ἔργα
5	1	59	1	5	7	1384	1888	157	26	0.000000	σοσκοπισπικὰ,,
5	1	59	1	5	8	1556	1890	104	27	5.001915	σεξουαλι-
4	1	59	1	6	0	953	1911	706	42	-1	
5	1	59	1	6	1	953	1911	35	31	27.874031	χἀ,
5	1	59	1	6	2	1005	1920	24	20	92.191757	µε
5	1	59	1	6	3	1040	1911	80	29	21.978607	φωινὲς
5	1	59	1	6	4	1134	1915	128	29	0.000000	βαότητας,
5	1	59	1	6	5	1276	1918	132	30	75.310173	ποδόσφαιρο
5	1	59	1	6	6	1422	1929	36	14	51.416775	και
5	1	59	1	6	7	1470	1926	132	27	46.711166	κπιφετερίες.
5	1	59	1	6	8	1628	1926	31	22	93.650276	Το
4	1	59	1	7	0	953	1947	705	43	-1	
5	1	59	1	7	1	953	1947	84	21	55.611740	επίπεδα
5	1	59	1	7	2	1048	1954	43	16	47.690350	πυν
5	1	59	1	7	3	1099	1950	91	27	65.010147	γνωμών
5	1	59	1	7	4	1199	1957	39	16	70.684906	καν
5	1	59	1	7	5	1254	1953	135	27	28.855598	συζηπήσεων
5	1	59	1	7	6	1402	1957	27	20	52.922039	θα;
5	1	59	1	7	7	1443	1958	53	21	67.002075	εὖναι
5	1	59	1	7	8	1509	1960	68	22	0.000000	τόμ,
5	1	59	1	7	9	1592	1969	66	21	15.415535	χα
4	1	59	1	8	0	952	1982	717	51	-1	
5	1	59	1	8	1	952	1982	74	28	67.128860	λομένα
5	1	59	1	8	2	1039	1990	37	14	96.595291	στο
5	1	59	1	8	3	1087	1984	85	22	87.299942	επίπεδα
5	1	59	1	8	4	1183	1991	36	22	75.471825	πης
5	1	59	1	8	5	1229	1987	84	27	0.000000	σκέψης
5	1	59	1	8	6	1325	1994	39	21	84.168419	της
5	1	59	1	8	7	1374	1991	87	32	42.486488	αμάδαις,
5	1	59	1	8	8	1469	2000	41	26	50.932037	που
5	1	59	1	8	9	1522	1996	95	27	45.219994	συνήθως
5	1	59	1	8	10	1627	1994	42	39	64.378136	της
4	1	59	1	9	0	951	2018	705	38	-1	
5	1	59	1	9	1	951	2018	129	26	0.000000	συγκραυούν
5	1	59	1	9	2	1092	2019	79	21	19.756577	κάποιοι
5	1	59	1	9	3	1179	2020	129	29	45.344463	ζωντόβολας,
5	1	59	1	9	4	1321	2030	26	21	96.125687	µε
5	1	59	1	9	5	1362	2029	40	23	53.877708	την
5	1	59	1	9	6	1413	2027	136	29	55.467827	καλλιέργεια
5	1	59	1	9	7	1563	2034	35	18	34.442421	κοῖ
5	1	59	1	9	8	1612	2038	44	15	62.835964	νοο-
4	1	59	1	10	0	952	2052	703	41	-1	
5	1	59	1	10	1	952	2052	53	28	90.032318	τάση
5	1	59	1	10	2	1015	2059	37	21	16.687393	της
5	1	59	1	10	3	1066	2053	74	27	89.263840	μάζας.
5	1	59	1	10	4	1153	2054	44	23	87.775406	Και
5	1	59	1	10	5	1207	2063	45	18	96.539490	πως
5	1	59	1	10	6	1264	2057	87	29	61.544044	µπορεί
5	1	59	1	10	7	1365	2067	12	13	65.740807	ο
5	1	59	1	10	8	1399	2063	113	26	79.217361	σημερινός
5	1	59	1	10	9	1538	2065	117	28	59.425819	ἄνθρωπος,
4	1	59	1	11	0	949	2087	706	41	-1	
5	1	59	1	11	1	949	2087	93	28	0.000000	«Ἀλλρίως
5	1	59	1	11	2	1056	2095	21	13	70.753975	ον
5	1	59	1	11	3	1089	2089	44	21	0.000000	νάου
5	1	59	1	11	4	1143	2102	15	13	88.457764	-,
5	1	59	1	11	5	1170	2095	27	17	23.546265	Μι
5	1	59	1	11	6	1213	2091	91	23	91.762856	διαθέτει
5	1	59	1	11	7	1316	2095	93	27	61.424019	παθαρή,
5	1	59	1	11	8	1422	2095	71	30	32.830841	ώριμη
5	1	59	1	11	9	1522	2101	71	27	0.000000	σκέψη
5	1	59	1	11	10	1619	2099	36	25	34.946716	χαι
4	1	59	1	12	0	949	2123	705	40	-1	
5	1	59	1	12	1	949	2123	114	27	46.067940	στοχασιὀ,
5	1	59	1	12	2	1075	2131	27	19	95.590363	µε
5	1	59	1	12	3	1115	2130	26	22	72.789001	τη
5	1	59	1	12	4	1154	2127	102	27	32.830872	σηµερυνἠ
5	1	59	1	12	5	1267	2128	69	28	96.892792	πλύση
5	1	59	1	12	6	1350	2131	120	27	60.943863	εγκεφάλου
5	1	59	1	12	7	1480	2131	42	23	70.537506	που
5	1	59	1	12	8	1544	2136	110	27	59.262978	υφίσταται
4	1	59	1	13	0	949	2159	704	41	-1	
5	1	59	1	13	1	949	2165	36	14	54.474762	καν
5	1	59	1	13	2	996	2155	24	41	94.798119	νο
5	1	59	1	13	3	1026	2159	88	27	50.381271	συνεχές
5	1	59	1	13	4	1125	2159	139	30	1.957481	ξεκούπιασμα
5	1	59	1	13	5	1276	2169	37	14	82.247650	του
5	1	59	1	13	6	1323	2165	80	26	26.298180	μμαλού
5	1	59	1	13	7	1415	2173	43	19	65.567368	το»,
5	1	59	1	13	8	1472	2174	41	15	92.999588	που
5	1	59	1	13	9	1524	2170	42	21	86.585693	ὅλοι
5	1	59	1	13	10	1583	2179	18	13	85.381348	οι
5	1	59	1	13	11	1617	2169	36	31	71.595451	μη:
4	1	59	1	14	0	948	2193	705	41	-1	
5	1	59	1	14	1	948	2193	98	29	63.851017	χανυσμοί
5	1	59	1	14	2	1060	2200	38	22	24.706177	της
5	1	59	1	14	3	1110	2196	109	25	53.182140	κουχωνίοίς
5	1	59	1	14	4	1234	2205	35	14	0.000000	Ότο
5	1	59	1	14	5	1283	2198	62	28	52.778175	ἔχουν
5	1	59	1	14	6	1357	2195	159	39	16.905937	δυμιουργήσει:
5	1	59	1	14	7	1534	2205	46	22	20.531418	δε
5	1	59	1	14	8	1607	2215	46	18	84.093933	τους
4	1	59	1	15	0	947	2229	705	41	-1	
5	1	59	1	15	1	947	2229	35	21	83.413963	πιὸ
5	1	59	1	15	2	991	2229	60	22	88.082703	πᾶνω
5	1	59	1	15	3	1065	2229	156	29	74.491493	συμβιῥασμοὺς
5	1	59	1	15	4	1233	2232	76	28	89.035881	βέβαια
5	1	59	1	15	5	1322	2234	27	20	92.165527	θα
5	1	59	1	15	6	1362	2237	142	27	40.624062	καπαρθώσεις
5	1	59	1	15	7	1516	2247	28	15	53.543644	να,
5	1	59	1	15	8	1570	2243	82	27	11.605751	επιβιὼ-
4	1	59	1	16	0	949	2265	703	42	-1	
5	1	59	1	16	1	949	2272	50	19	93.292328	σεις,
5	1	59	1	16	2	1011	2265	137	30	0.000000	οπυσδήπρπε
5	1	59	1	16	3	1159	2266	55	29	88.470444	ὅμως
5	1	59	1	16	4	1225	2267	54	28	89.633301	µέσα
5	1	59	1	16	5	1289	2269	19	21	70.168114	σ᾿
5	1	59	1	16	6	1320	2269	39	22	31.907166	ἔνα
5	1	59	1	16	7	1366	2271	83	28	56.758965	κλουβί,
5	1	59	1	16	8	1460	2280	24	15	65.631943	να
5	1	59	1	16	9	1490	2275	72	29	0.000000	Χλουβί
5	1	59	1	16	10	1576	2284	39	23	13.069679	Ἱνης
5	1	59	1	16	11	1629	2287	23	14	73.976593	ᾱ-
4	1	59	1	17	0	950	2295	700	48	-1	
5	1	59	1	17	1	950	2295	138	32	84.744743	νελευθεσίας,
5	1	59	1	17	2	1103	2303	41	21	91.890846	ενώ
5	1	59	1	17	3	1155	2303	27	21	88.742104	σὺ
5	1	59	1	17	4	1195	2303	83	28	73.616211	θλιβερέ
5	1	59	1	17	5	1289	2312	41	20	91.679718	µου
5	1	59	1	17	6	1343	2307	149	26	38.704948	μονοδιάστατε
5	1	59	1	17	7	1506	2312	105	29	40.479069	ἄνθρωπε,
5	1	59	1	17	8	1627	2324	23	19	96.513412	µε
4	1	59	1	18	0	950	2330	701	48	-1	
5	1	59	1	18	1	950	2330	130	32	1.416367	ντουντώκες
5	1	59	1	18	2	1093	2346	36	13	91.031662	και
5	1	59	1	18	3	1146	2338	156	28	49.606201	φεατολάβαρα,
5	1	59	1	18	4	1318	2341	27	20	90.963966	θα
5	1	59	1	18	5	1356	2344	147	26	39.855888	πουχηγυρίζεις
5	1	59	1	18	6	1517	2352	39	23	90.953613	την
5	1	59	1	18	7	1570	2349	81	29	16.575844	ἄφτεργ;
4	1	59	1	19	0	951	2370	699	38	-1	
5	1	59	1	19	1	951	2370	107	29	77.061447	ελευθερία
5	1	59	1	19	2	1069	2380	37	19	93.247673	της
5	1	59	1	19	3	1115	2372	154	29	0.000000	Δημοχραέας,
5	1	59	1	19	4	1280	2375	38	26	74.467033	γιά
5	1	59	1	19	5	1330	2373	39	30	62.804115	την
5	1	59	1	19	6	1378	2378	63	20	80.466446	οποία
5	1	59	1	19	7	1453	2382	108	26	0.000000	ελοπίασες
5	1	59	1	19	8	1575	2392	38	14	27.442055	και
5	1	59	1	19	9	1619	2386	31	21	0.000000	κὲ-
4	1	59	1	20	0	950	2407	492	28	-1	
5	1	59	1	20	1	950	2413	27	15	87.287384	σα
5	1	59	1	20	2	990	2407	59	22	32.276337	δενά
5	1	59	1	20	3	1061	2409	110	26	84.425827	υπέφερες.
5	1	59	1	20	4	1439	2410	3	3	0.000000	ι
4	1	59	1	21	0	1050	2442	579	32	-1	
5	1	59	1	21	1	1050	2442	114	23	58.200478	ΚΩΣΤΑΣ
5	1	59	1	21	2	1181	2442	19	21	66.799713	Τ.
5	1	59	1	21	3	1218	2443	332	31	77.493607	ΠΑΠΑΘΕΟΦΙΛΟΠΟΥΛΟΣ
5	1	59	1	21	4	1626	2452	3	6	0.000000	'
2	1	60	0	0	0	947	2494	717	21	-1	
3	1	60	1	0	0	947	2494	717	21	-1	
4	1	60	1	1	0	947	2494	717	21	-1	
5	1	60	1	1	1	943	2488	150	31	0.000000	“ΕΕ
5	1	60	1	1	2	947	2494	717	21	0.000000	“ΑΙ“ΗΕΑ1Α1ΑΡΑΣΑΕἛΡἛ.Ἓ«2ᾱ----Ἂμ.
2	1	61	0	0	0	935	2528	717	547	-1	
3	1	61	1	0	0	966	2528	669	54	-1	
4	1	61	1	1	0	1140	2528	269	16	-1	
5	1	61	1	1	1	1140	2528	8	10	82.653717	4
5	1	61	1	1	2	1402	2533	7	11	59.602554	τ
4	1	61	1	2	0	966	2528	669	54	-1	
5	1	61	1	2	1	966	2528	264	41	91.804733	Συνεστίαση
5	1	61	1	2	2	1249	2531	245	50	94.801888	Αποφοίτων
5	1	61	1	2	3	1514	2540	121	42	82.540405	1947.
3	1	61	2	0	0	943	2612	709	179	-1	
4	1	61	2	1	0	964	2612	679	42	-1	
5	1	61	2	1	1	964	2612	63	27	72.158180	Ζπυς
5	1	61	2	1	2	1037	2612	149	24	5.261772	39-10-58
5	1	61	2	1	3	1198	2624	32	18	96.246399	µε
5	1	61	2	1	4	1239	2618	94	27	87.975250	µεγάλη
5	1	61	2	1	5	1341	2621	67	26	93.297775	χαρά
5	1	61	2	1	6	1419	2622	82	29	89.670616	είδαµε
5	1	61	2	1	7	1514	2633	46	19	93.175758	στη
5	1	61	2	1	8	1572	2627	71	27	81.813515	Σπάς
4	1	61	2	2	0	943	2649	700	38	-1	
5	1	61	2	2	1	943	2655	29	19	34.042892	Τ
5	1	61	2	2	2	982	2655	30	15	80.017288	πιο
5	1	61	2	2	3	1019	2649	178	28	58.494373	συμπατειώπη
5	1	61	2	2	4	1209	2659	50	19	92.795738	µας
5	1	61	2	2	5	1268	2652	73	27	22.119278	Συιέ.
5	1	61	2	2	6	1343	2654	152	32	32.784874	ολαινογράφο
5	1	61	2	2	7	1502	2660	32	21	0.000000	Ί.
5	1	61	2	2	8	1548	2660	95	27	5.435684	1ωγύας
4	1	61	2	3	0	943	2682	699	41	-1	
5	1	61	2	3	1	943	2690	23	13	17.146835	κ».
5	1	61	2	3	2	981	2682	89	22	55.338730	ΗΑΙΑ
5	1	61	2	3	3	1082	2683	24	22	80.576370	Τ.
5	1	61	2	3	4	1119	2684	167	25	16.364731	ΣΓΟΥΡΔ4
5	1	61	2	3	5	1258	2678	33	38	26.988647	4.
5	1	61	2	3	6	1296	2688	65	28	55.568829	Είχε
5	1	61	2	3	7	1373	2690	67	27	90.128906	έοθει
5	1	61	2	3	8	1451	2700	46	22	87.503510	στη
5	1	61	2	3	9	1508	2695	63	28	63.722908	πόλη
5	1	61	2	3	10	1594	2704	48	19	61.145718	ας
4	1	61	2	4	0	943	2717	709	46	-1	
5	1	61	2	4	1	943	2717	151	29	55.597977	Μαλιεσιιένος
5	1	61	2	4	2	1104	2720	51	21	68.927437	σπό
5	1	61	2	4	3	1167	2728	61	19	95.897209	τους
5	1	61	2	4	4	1240	2723	159	30	45.133266	σωμμαθηπές
5	1	61	2	4	5	1410	2734	53	21	83.623978	ταυ,
5	1	61	2	4	6	1484	2726	49	37	37.923912	ιασεο
5	1	61	2	4	7	1544	2726	91	37	24.866783	ρούτίοικς
5	1	61	2	4	8	1650	2730	2	11	96.923553	|
4	1	61	2	5	0	943	2753	652	38	-1	
5	1	61	2	5	1	943	2761	45	19	91.629875	της
5	1	61	2	5	2	998	2753	54	28	82.363144	δης
5	1	61	2	5	3	1063	2754	78	28	96.592155	τάξης
5	1	61	2	5	4	1154	2764	44	13	92.811829	τον
5	1	61	2	5	5	1205	2756	142	28	21.218521	Γυμνασίαυ
5	1	61	2	5	6	1360	2768	43	14	96.406105	του
5	1	61	2	5	7	1418	2761	73	30	96.429489	έτους
5	1	61	2	5	8	1505	2766	90	21	79.868805	194.
3	1	61	3	0	0	935	2788	716	287	-1	
4	1	61	3	1	0	961	2788	679	39	-1	
5	1	61	3	1	1	961	2788	27	21	67.091110	Η
5	1	61	3	1	2	997	2789	87	28	2.384483	πρώτη
5	1	61	3	1	3	1095	2798	61	19	95.048676	τους
5	1	61	3	1	4	1169	2791	61	21	93.095772	πολύ
5	1	61	3	1	5	1240	2796	168	27	20.855362	σογνινητωκή
5	1	61	3	1	6	1419	2799	140	28	77.202682	συνάντηση
5	1	61	3	1	7	1574	2801	66	26	78.699287	έγινε
4	1	61	3	2	0	941	2824	699	39	-1	
5	1	61	3	2	1	941	2830	44	21	93.014877	στη
5	1	61	3	2	2	998	2824	86	27	84.440826	έσχη
5	1	61	3	2	3	1097	2825	70	22	95.523888	κάτω
5	1	61	3	2	4	1183	2827	47	21	36.769352	από
5	1	61	3	2	5	1237	2835	30	14	64.631866	το
5	1	61	3	2	6	1280	2828	143	30	16.680237	Δηκορχείο
5	1	61	3	2	7	1437	2832	128	31	53.009930	Σπάρτης,
5	1	61	3	2	8	1578	2836	62	22	96.373466	όπου
4	1	61	3	3	0	941	2859	710	38	-1	
5	1	61	3	3	1	941	2859	172	27	33.523369	γνωρίστηκαν
5	1	61	3	3	2	1125	2869	43	12	92.498573	και
5	1	61	3	3	3	1179	2861	145	28	6.644432	θυιμήθηριαν
5	1	61	3	3	4	1339	2873	30	13	94.955078	τα
5	1	61	3	3	5	1379	2866	193	31	0.000000	μαθητικάτους
5	1	61	3	3	6	1606	2866	45	27	0.000000	Άι!
4	1	61	3	4	0	939	2893	710	39	-1	
5	1	61	3	4	1	939	2893	79	28	9.988106	µέρμα,
5	1	61	3	4	2	1031	2894	93	27	80.700417	ύστερα
5	1	61	3	4	3	1137	2896	47	21	84.682556	από
5	1	61	3	4	4	1197	2896	40	22	94.691765	40
5	1	61	3	4	5	1249	2898	122	28	92.634140	ολόκληρα
5	1	61	3	4	6	1382	2901	95	26	90.505447	χθόνισ.
5	1	61	3	4	7	1494	2904	51	28	88.124626	Στη
5	1	61	3	4	8	1570	2906	79	21	23.348404	συνέ-
4	1	61	3	5	0	939	2929	709	39	-1	
5	1	61	3	5	1	939	2936	55	20	87.840958	χεια
5	1	61	3	5	2	1005	2929	84	27	85.711372	πήγαν
5	1	61	3	5	3	1102	2937	43	14	96.566711	στο
5	1	61	3	5	4	1159	2931	136	29	56.946495	πολυτελές
5	1	61	3	5	5	1306	2934	101	28	70.945496	εξοχωκό
5	1	61	3	5	6	1417	2936	42	22	55.941177	έν
5	1	61	3	5	7	1468	2946	39	17	25.983643	«το
5	1	61	3	5	8	1542	2940	106	28	27.278374	Βάολα,
5	1	61	3	5	9	1640	2936	12	36	4.629150	ἰ
4	1	61	3	6	0	939	2964	709	37	-1	
5	1	61	3	6	1	939	2971	57	14	58.683304	στον
5	1	61	3	6	2	1007	2964	111	29	87.089096	Αγιάννη
5	1	61	3	6	3	1130	2974	43	13	30.119621	γαι
5	1	61	3	6	4	1185	2970	254	28	26.308907	σεοαγατοποιήθη»εε
5	1	61	3	6	5	1447	2981	16	19	85.412598	ῃ
5	1	61	3	6	6	1474	2975	174	26	30.777115	προξλεπόιωε-
4	1	61	3	7	0	938	2995	710	43	-1	
5	1	61	3	7	1	938	3007	28	20	90.409599	νη
5	1	61	3	7	2	983	2995	157	33	25.302338	συµεστίαση,
5	1	61	3	7	3	1155	3008	48	14	63.882500	σίου
5	1	61	3	7	4	1217	3002	110	28	46.119392	κρότοισε
5	1	61	3	7	5	1336	3004	76	29	38.845753	αέχαι
5	1	61	3	7	6	1422	3006	54	29	93.267151	ώρα
5	1	61	3	7	7	1491	3009	21	22	26.781380	Ὦ
5	1	61	3	7	8	1522	3012	61	26	74.628693	µετά
5	1	61	3	7	9	1608	3009	40	32	29.526604	σα:
4	1	61	3	8	0	935	3035	712	40	-1	
5	1	61	3	8	1	935	3035	150	28	68.056412	µεσάνωχτα.
5	1	61	3	8	2	1109	3036	25	22	87.627197	Ὁ
5	1	61	3	8	3	1146	3036	56	22	92.340950	τότε
5	1	61	3	8	4	1213	3038	182	29	18.110428	σπουσμολόγος
5	1	61	3	8	5	1410	3050	43	15	68.561432	αι
5	1	61	3	8	6	1463	3044	48	28	81.042870	ἤδη
5	1	61	3	8	7	1533	3046	114	29	0.000000	Ἐνρηνο-,
2	1	62	0	0	0	935	3069	701	43	-1	
3	1	62	1	0	0	935	3069	701	43	-1	
4	1	62	1	1	0	935	3069	701	43	-1	
5	1	62	1	1	1	935	3069	74	30	52.055737	δύσης
5	1	62	1	1	2	1017	3071	155	29	93.049339	Καλαμάτας
5	1	62	1	1	3	1181	3079	24	14	33.567268	κ.
5	1	62	1	1	4	1219	3072	135	31	32.064102	Ἑασύλειὰς
5	1	62	1	1	5	1364	3075	111	31	28.051651	Δούμας»,
5	1	62	1	1	6	1484	3081	111	30	90.514465	ανέφερε
5	1	62	1	1	7	1606	3093	30	19	96.302780	µε
2	1	63	0	0	0	932	3107	715	216	-1	
3	1	63	1	0	0	933	3107	714	134	-1	
4	1	63	1	1	0	935	3107	712	45	-1	
5	1	63	1	1	1	935	3107	137	30	92.246574	συγκίνηση
5	1	63	1	1	2	1084	3115	41	22	48.350639	τιυς
5	1	63	1	1	3	1137	3108	144	30	76.217651	τελευταίες
5	1	63	1	1	4	1292	3111	131	30	83.416359	απουσίες.
5	1	63	1	1	5	1438	3114	6	7	64.346741	'
5	1	63	1	1	6	1447	3114	72	25	69.521667	παν
5	1	63	1	1	7	1527	3115	120	37	0.000000	σηερίσιου,
4	1	63	1	2	0	935	3143	711	40	-1	
5	1	63	1	2	1	935	3143	39	22	94.065651	40
5	1	63	1	2	2	993	3144	87	27	86.120125	άτοµα,
5	1	63	1	2	3	1094	3145	112	28	77.402893	πέρασαν
5	1	63	1	2	4	1218	3146	107	28	57.139534	«αληθινά
5	1	63	1	2	5	1336	3152	175	30	26.126595	σοραιγκιοιιωοές'
5	1	63	1	2	6	1519	3162	115	21	0.000000	σγρεην-
4	1	63	1	3	0	934	3179	700	38	-1	
5	1	63	1	3	1	934	3179	70	27	85.125389	τωοές
5	1	63	1	3	2	1017	3180	111	27	16.492226	στιγμές,
5	1	63	1	3	3	1142	3181	178	28	31.555244	ενθυμούμπενου
5	1	63	1	3	4	1328	3190	32	15	0.000000	πα
5	1	63	1	3	5	1366	3184	77	23	70.977158	σπαλιά
5	1	63	1	3	6	1454	3188	61	28	93.294319	τους
5	1	63	1	3	7	1524	3198	57	19	51.458363	σιρυν
5	1	63	1	3	8	1592	3191	42	22	90.876320	40
4	1	63	1	4	0	933	3214	94	27	-1	
5	1	63	1	4	1	933	3214	94	27	55.846252	χρόνια.
3	1	63	2	0	0	932	3248	712	75	-1	
4	1	63	2	1	0	952	3248	681	39	-1	
5	1	63	2	1	1	952	3248	28	22	87.815979	Ἡ
5	1	63	2	1	2	993	3250	141	28	51.529312	εφημερίδα
5	1	63	2	1	3	1143	3260	51	20	95.879082	µας
5	1	63	2	1	4	1204	3260	60	21	92.455231	τους
5	1	63	2	1	5	1270	3253	104	28	69.162018	εὐχέπαι
5	1	63	2	1	6	1386	3255	122	31	60.011707	ολόψωχα,
5	1	63	2	1	7	1519	3263	34	19	93.295967	να
5	1	63	2	1	8	1563	3262	70	25	50.644836	ἔανα-
4	1	63	2	2	0	932	3280	712	43	-1	
5	1	63	2	2	1	932	3284	147	28	75.240616	γιορτάσουν
5	1	63	2	2	2	1094	3287	70	27	90.694977	γεροί
5	1	63	2	2	3	1175	3296	43	14	80.106026	και
5	1	63	2	2	4	1228	3288	101	23	93.281425	δυνατοί
5	1	63	2	2	5	1339	3290	92	29	47.515930	συολλές.
5	1	63	2	2	6	1436	3294	156	29	53.235622	επετείους.
5	1	63	2	2	7	1630	3280	14	33	78.019745	1
2	1	64	0	0	0	574	3423	1218	11	-1	
3	1	64	1	0	0	574	3423	1218	11	-1	
4	1	64	1	1	0	574	3423	1218	11	-1	
5	1	64	1	1	1	574	3423	1218	11	95.000000	 
2	1	65	0	0	0	1668	3225	707	46	-1	
3	1	65	1	0	0	1642	3224	733	47	-1	
4	1	65	1	1	0	1668	3225	707	46	-1	
5	1	65	1	1	1	1642	3224	3	30	0.000000	Γ
5	1	65	1	1	2	1668	3225	237	32	0.000000	δέα.ΙΤληροφορίες
5	1	65	1	1	3	1916	3230	31	23	46.896061	1’,
5	1	65	1	1	4	1962	3231	107	25	84.371262	Καλύξα
5	1	65	1	1	5	2082	3235	147	32	84.237656	Στριγγάρη
5	1	65	1	1	6	2240	3239	23	23	0.000000	Θϐ.
5	1	65	1	1	7	2278	3240	97	31	54.650681	"Άγιος
2	1	66	0	0	0	2456	972	723	244	-1	
3	1	66	1	0	0	2462	972	717	97	-1	
4	1	66	1	1	0	2466	972	713	39	-1	
5	1	66	1	1	1	2466	972	118	27	54.834259	σημιερινή
5	1	66	1	1	2	2600	972	197	31	41.138596	σωδηρογέφωριαι.
5	1	66	1	1	3	2809	977	55	28	72.190720	Στ
5	1	66	1	1	4	2872	979	122	29	49.633217	Ισίαψέχιεια
5	1	66	1	1	5	3001	975	34	40	46.545868	θ]α
5	1	66	1	1	6	3044	990	11	13	0.227020	ο
5	1	66	1	1	7	3060	981	119	30	0.000000	απτιοίστιρια΄
4	1	66	1	2	0	2464	1004	705	41	-1	
5	1	66	1	2	1	2464	1004	72	29	26.535248	φιεύ
5	1	66	1	2	2	2520	1000	12	43	68.302399	1
5	1	66	1	2	3	2545	1006	236	33	0.000000	«οιδηιρορθαπιαἰσραεωύή
5	1	66	1	2	4	2793	1020	46	14	11.281166	εαι
5	1	66	1	2	5	2845	1019	48	22	80.660767	σπη]
5	1	66	1	2	6	2906	1014	61	29	45.944199	θέση
5	1	66	1	2	7	2975	1023	51	20	45.944199	της
5	1	66	1	2	8	3034	1016	34	23	95.679443	θα
5	1	66	1	2	9	3082	1018	64	27	58.331970	γίνει
5	1	66	1	2	10	3155	1021	14	20	83.143562	Ὁ
4	1	66	1	3	0	2462	1034	650	41	-1	
5	1	66	1	3	1	2462	1034	119	41	41.197071	δεύπίεροις
5	1	66	1	3	2	2642	1046	2	2	0.000000	ι
5	1	66	1	3	3	2831	1051	11	4	0.000000	.
5	1	66	1	3	4	3067	1058	45	4	34.723289	..
3	1	66	2	0	0	2460	1074	714	139	-1	
4	1	66	2	1	0	2481	1074	686	43	-1	
5	1	66	2	1	1	2481	1074	28	22	54.797970	11
5	1	66	2	1	2	2519	1080	256	27	0.000000	(αμαραα[]αισρασυή
5	1	66	2	1	3	2725	1070	53	42	0.000000	ρα,
5	1	66	2	1	4	2788	1090	54	14	30.483063	παν
5	1	66	2	1	5	2851	1082	47	23	24.298744	Δύο
5	1	66	2	1	6	2912	1086	123	28	50.867191	γεφυρών
5	1	66	2	1	7	3046	1087	35	23	89.242310	θα
5	1	66	2	1	8	3104	1088	63	29	29.213951	γίνει
4	1	66	2	2	0	2462	1112	705	36	-1	
5	1	66	2	2	1	2462	1112	29	24	74.264641	με
5	1	66	2	2	2	2504	1112	101	27	35.053009	µσπεπόν;
5	1	66	2	2	3	2616	1115	69	22	0.000000	νεαπίά
5	1	66	2	2	4	2695	1122	32	16	22.930504	πα
5	1	66	2	2	5	2736	1117	131	28	51.101967	σύγχρονα
5	1	66	2	2	6	2874	1120	123	28	52.126114	σεράτυσια,
5	1	66	2	2	7	3012	1128	47	17	0.000000	Φήαι
5	1	66	2	2	8	3071	1123	40	23	43.379826	θία΄
5	1	66	2	2	9	3123	1130	44	17	64.517944	σια-
4	1	66	2	3	0	2462	1144	712	45	-1	
5	1	66	2	3	1	2462	1144	90	29	45.642395	θέσουν
5	1	66	2	3	2	2565	1149	195	31	57.995571	κωνλοφρορμακή,
5	1	66	2	3	3	2773	1153	130	28	30.740250	ασφάλεια
5	1	66	2	3	4	2916	1161	46	17	37.203251	ράαι
5	1	66	2	3	5	2995	1157	77	29	7.802780	ἀφεσή
5	1	66	2	3	6	3106	1166	68	23	3.232994	σεοο-΄
4	1	66	2	4	0	2456	1177	689	39	-1	
5	1	66	2	4	1	2456	1177	122	39	0.000000	σσεέλιαση..
5	1	66	2	4	2	3142	1212	3	1	16.040573	-
2	1	67	0	0	0	1681	985	767	1256	-1	
3	1	67	1	0	0	1681	985	767	1256	-1	
4	1	67	1	1	0	1718	985	708	42	-1	
5	1	67	1	1	1	1718	985	77	28	0.000000	µέτρα
5	1	67	1	1	2	1805	988	135	30	28.531128	σπολιτιωσήις:
5	1	67	1	1	3	1948	998	46	16	0.000000	»άαἰε
5	1	67	1	1	4	2004	999	34	17	36.516434	ια
5	1	67	1	1	5	2045	997	176	26	0.000000	ιαμασύπυξιακά
5	1	67	1	1	6	2236	999	71	28	76.684555	έργα,
5	1	67	1	1	7	2319	999	34	25	79.319260	θα
5	1	67	1	1	8	2363	1000	63	26	43.117069	εξει-
4	1	67	1	2	0	1717	1020	708	41	-1	
5	1	67	1	2	1	1717	1020	135	27	0.000000	διωιεύσοων
5	1	67	1	2	2	1859	1030	43	21	32.214981	πις
5	1	67	1	2	3	1922	1026	147	30	63.435246	«επαιδιώξεις
5	1	67	1	2	4	2078	1037	45	16	0.000000	ρα
5	1	67	1	2	5	2134	1031	61	28	31.532310	Ὅους
5	1	67	1	2	6	2209	1034	119	27	20.846176	γιελωοούς
5	1	67	1	2	7	2334	1041	91	19	0.813919	σύοµοῖτι-
4	1	67	1	3	0	1718	1056	706	42	-1	
5	1	67	1	3	1	1718	1056	63	27	11.188522	αούς
5	1	67	1	3	2	1792	1057	110	30	5.010086	σἰσόχους
5	1	67	1	3	3	1910	1067	47	16	43.556591	ρᾳαι
5	1	67	1	3	4	1968	1061	33	24	74.364471	θα
5	1	67	1	3	5	2009	1064	192	29	33.922798	σεριἰσδηοιρήσίον
5	1	67	1	3	6	2213	1075	32	15	24.013748	"το
5	1	67	1	3	7	2255	1069	102	22	36.649376	συλιαύσιο
5	1	67	1	3	8	2368	1070	56	28	79.083000	δρά-
4	1	67	1	4	0	1716	1096	707	37	-1	
5	1	67	1	4	1	1716	1096	48	22	34.567070	σης
5	1	67	1	4	2	1776	1098	43	19	44.446793	και
5	1	67	1	4	3	1827	1100	34	21	47.013531	ιτ.
5	1	67	1	4	4	1870	1098	157	27	21.518929	οπιραπηγιωκή.
5	1	67	1	4	5	2040	1105	49	15	37.533737	σίου
5	1	67	1	4	6	2103	1099	33	22	77.416229	θα
5	1	67	1	4	7	2143	1102	169	29	61.627117	ιακολουθηθεί
5	1	67	1	4	8	2320	1113	48	19	20.128059	γα
5	1	67	1	4	9	2378	1113	45	20	87.716705	την
4	1	67	1	5	0	1686	1125	610	45	-1	
5	1	67	1	5	1	1686	1128	5	11	18.799011	{
5	1	67	1	5	2	1715	1125	136	31	44.109730	υλοπιοήησή
5	1	67	1	5	3	1866	1136	70	22	50.480759	τους.
5	1	67	1	5	4	2294	1138	63	32	17.111855	.Ἱ
4	1	67	1	6	0	1740	1161	693	45	-1	
5	1	67	1	6	1	1740	1161	76	23	2.852158	΄Εἶπσι
5	1	67	1	6	2	1824	1168	46	19	42.218281	στία
5	1	67	1	6	3	1879	1165	103	25	61.833363	σολιαίσιία
5	1	67	1	6	4	1989	1176	48	13	63.889168	του
5	1	67	1	6	5	2052	1169	195	29	1.126236	Αημοσκροπισισύ
5	1	67	1	6	6	2254	1173	167	32	0.000000	Π1ρογοαμιμα-
5	1	67	1	6	7	2430	1188	3	18	64.760941	]
4	1	67	1	7	0	1713	1197	712	48	-1	
5	1	67	1	7	1	1713	1197	95	27	0.000000	τοσμοό,
5	1	67	1	7	2	1821	1197	99	31	0.000000	δηλαδή
5	1	67	1	7	3	1928	1201	65	27	4.561523	μιέο]α
5	1	67	1	7	4	2005	1203	52	22	54.872955	ιασεό
5	1	67	1	7	5	2063	1202	187	43	6.199043	σιμμοτοχωσές
5	1	67	1	7	6	2263	1202	162	43	22.630493	διαδωκασίες.
4	1	67	1	8	0	1713	1232	706	48	-1	
5	1	67	1	8	1	1713	1236	43	16	55.922470	σπίο
5	1	67	1	8	2	1766	1232	137	30	8.900986	οἰχιεδιαιομιό
5	1	67	1	8	3	1914	1242	43	15	0.000000	246ἱ,
5	1	67	1	8	4	1966	1243	48	21	0.000000	πη]ν
5	1	67	1	8	5	2027	1238	137	30	9.393272	υλοσπούηισηῃ
5	1	67	1	8	6	2171	1250	48	13	18.938515	Ίου
5	1	67	1	8	7	2230	1243	189	37	6.622841	[οασστυξἠαριού
4	1	67	1	9	0	1711	1267	708	44	-1	
5	1	67	1	9	1	1711	1267	200	30	27.712921	προγιράμμµαπίος,
5	1	67	1	9	2	1927	1270	95	28	0.000000	γήνειτοι,
5	1	67	1	9	3	2034	1275	85	27	77.818604	πιοάξη
5	1	67	1	9	4	2129	1277	48	21	0.000000	μαάι
5	1	67	1	9	5	2184	1285	19	13	85.569199	ο.
5	1	67	1	9	6	2214	1277	116	33	29.242088	Ἐϊνερνός
5	1	67	1	9	7	2352	1283	67	28	20.040337	ΊΠοο-
4	1	67	1	10	0	1714	1304	702	46	-1	
5	1	67	1	10	1	1714	1304	191	28	0.000000	θιαμμαπισµός,,
5	1	67	1	10	2	1918	1305	99	29	0.000000	«δηλιιδή
5	1	67	1	10	3	2031	1316	20	19	43.402195	η.
5	1	67	1	10	4	2065	1308	40	24	11.080666	δισ
5	1	67	1	10	5	2124	1300	95	44	0.000000	ύπιωσνῃ,
5	1	67	1	10	6	2232	1321	34	19	60.777050	η].
5	1	67	1	10	7	2284	1313	132	37	18.315094	μισοόνηισνι
4	1	67	1	11	0	1711	1337	706	44	-1	
5	1	67	1	11	1	1711	1343	42	14	0.000000	χα
5	1	67	1	11	2	1767	1344	18	20	0.000000	πῃ
5	1	67	1	11	3	1798	1337	138	32	46.497215	λοσίούηση
5	1	67	1	11	4	1950	1345	207	27	33.951759	συγοσεερωµένων
5	1	67	1	11	5	2164	1349	197	27	0.000000	ιαμοσήιυξυακών
5	1	67	1	11	6	2377	1353	40	28	34.011726	έο-
4	1	67	1	12	0	1711	1379	708	24	-1	
5	1	67	1	12	1	1711	1379	60	19	20.442421	γααν.
5	1	67	1	12	2	2416	1395	3	2	0.000000	ι
4	1	67	1	13	0	1728	1407	691	44	-1	
5	1	67	1	13	1	1728	1407	113	29	2.823425	Ἐίμαιότε
5	1	67	1	13	2	1852	1411	114	29	54.963074	σήγουροι
5	1	67	1	13	3	1975	1412	40	26	73.441116	ότι
5	1	67	1	13	4	2022	1423	20	20	89.506340	η
5	1	67	1	13	5	2048	1415	145	26	0.000000	διαδιριοἰσία
5	1	67	1	13	6	2204	1419	61	29	51.989635	ιός:
5	1	67	1	13	7	2273	1424	146	27	0.000000	οισγαἰνοοιμέ-.
4	1	67	1	14	0	1708	1444	708	42	-1	
5	1	67	1	14	1	1708	1449	43	16	82.736687	νου
5	1	67	1	14	2	1764	1444	192	30	43.415283	Δημιοροραπωκού
5	1	67	1	14	3	1966	1448	128	30	94.337730	διαλόγου,
5	1	67	1	14	4	2106	1461	32	19	12.789528	µε
5	1	67	1	14	5	2150	1453	60	29	77.565018	όλες
5	1	67	1	14	6	2215	1462	44	21	19.777908	σις
5	1	67	1	14	7	2277	1457	139	29	60.855267	"αδυναμίες
4	1	67	1	15	0	1706	1481	706	39	-1	
5	1	67	1	15	1	1706	1485	49	16	81.818382	πιου
5	1	67	1	15	2	1763	1481	91	28	30.390007	µσταριέ
5	1	67	1	15	3	1862	1489	35	16	33.228485	Ινα
5	1	67	1	15	4	1905	1484	138	28	58.216751	υσιάρξαυν,
5	1	67	1	15	5	2052	1488	91	27	4.261642	'µστοιρεί
5	1	67	1	15	6	2154	1496	32	16	32.406189	φίαι
5	1	67	1	15	7	2197	1493	215	27	13.044022	ἁμονιμοσιοιήνσιει»
4	1	67	1	16	0	1706	1514	707	42	-1	
5	1	67	1	16	1	1706	1521	29	20	74.150742	το!
5	1	67	1	16	2	1744	1514	127	31	33.485535	δυναµφεή
5	1	67	1	16	3	1880	1520	126	26	0.000000	πιαρουσία
5	1	67	1	16	4	2014	1529	47	17	50.977894	του
5	1	67	1	16	5	2074	1525	153	23	1.069122	κοἰνωνῳαού
5	1	67	1	16	6	2232	1526	109	24	86.524651	συνόλου
5	1	67	1	16	7	2351	1534	62	22	0.000000	οἵτηιν
4	1	67	1	17	0	1706	1551	707	39	-1	
5	1	67	1	17	1	1706	1551	171	29	36.933029	αναπιτωξιαριή
5	1	67	1	17	2	1893	1553	146	26	35.283386	διαδιεαἰσία
5	1	67	1	17	3	2053	1564	43	16	50.593758	και
5	1	67	1	17	4	2107	1559	66	24	47.994316	είναι
5	1	67	1	17	5	2183	1566	29	16	74.722496	πο
5	1	67	1	17	6	2227	1563	112	27	37.923527	Οτιομχιεύο
5	1	67	1	17	7	2349	1564	64	22	0.000000	(αυπό
4	1	67	1	18	0	1706	1587	701	36	-1	
5	1	67	1	18	1	1706	1590	47	18	93.173340	που
5	1	67	1	18	2	1767	1587	156	27	28.926453	εναάρµανίδει
5	1	67	1	18	3	1936	1597	32	20	48.985855	πηῃ
5	1	67	1	18	4	1976	1589	168	31	3.125954	ἸΔομιορεραπία
5	1	67	1	18	5	2169	1603	32	19	41.682106	(ας
5	1	67	1	18	6	2210	1601	49	22	38.441982	την
5	1	67	1	18	7	2291	1599	116	22	32.007568	ιαποπίελε-
4	1	67	1	19	0	1700	1615	345	39	-1	
5	1	67	1	19	1	1700	1615	178	39	17.795265	σμκα[τινάόπη]τια.
5	1	67	1	19	2	2043	1628	2	3	0.000000	)
4	1	67	1	20	0	1724	1655	685	38	-1	
5	1	67	1	20	1	1724	1655	23	21	89.790565	Ο
5	1	67	1	20	2	1761	1655	172	32	94.514587	Υφυπουργός
5	1	67	1	20	3	1946	1669	23	13	89.684875	κ.
5	1	67	1	20	4	1995	1661	188	31	5.115799	2Ζκουλιαρύκης,
5	1	67	1	20	5	2210	1667	96	26	62.276752	μεταξύ
5	1	67	1	20	6	2327	1667	82	23	83.433105	ἄλλων
4	1	67	1	21	0	1697	1685	751	49	-1	
5	1	67	1	21	1	1697	1685	96	38	16.209526	τόψισιε:
5	1	67	1	21	2	2223	1721	3	1	0.000000	᾿
5	1	67	1	21	3	2446	1731	2	3	30.481003	.
4	1	67	1	22	0	1681	1721	742	47	-1	
5	1	67	1	22	1	1681	1732	56	12	1.186180	πο
5	1	67	1	22	2	1772	1721	137	37	0.000000	ιασσόισσεαισίῃ
5	1	67	1	22	3	1920	1721	60	37	4.050606	των.
5	1	67	1	22	4	1982	1726	175	42	0.000000	Θεμιάτίωχν.:αιά
5	1	67	1	22	5	2174	1726	35	42	0.000000	οαλ
5	1	67	1	22	6	2223	1726	189	42	0.000000	σηρογΙθαμιμααϊσα.-.
5	1	67	1	22	7	2420	1758	3	1	4.174301	'
4	1	67	1	23	0	1701	1757	705	41	-1	
5	1	67	1	23	1	1701	1757	62	26	0.000000	σμιού
5	1	67	1	23	2	1772	1759	51	20	30.799530	-ατιό
5	1	67	1	23	3	1830	1766	31	14	93.289169	πα
5	1	67	1	23	4	1868	1760	93	28	0.000000	οίόντρο
5	1	67	1	23	5	1968	1769	45	15	0.000000	24αι
5	1	67	1	23	6	2023	1770	48	20	0.000000	(ην
5	1	67	1	23	7	2080	1765	154	29	24.088043	Ἀωθέρνηση
5	1	67	1	23	8	2247	1775	60	21	83.037453	στην
5	1	67	1	23	9	2339	1778	67	20	42.490406	σπερι-
4	1	67	1	24	0	1702	1790	703	42	-1	
5	1	67	1	24	1	1702	1790	92	28	79.767715	Φέρεια
5	1	67	1	24	2	1806	1792	64	24	53.596649	εύναι
5	1	67	1	24	3	1881	1803	17	13	96.213387	ο
5	1	67	1	24	4	1908	1795	95	29	77.229874	στόχος
5	1	67	1	24	5	2012	1797	50	23	95.332764	του
5	1	67	1	24	6	2099	1800	188	30	0.000000	σερωπόγφωφσυ
5	1	67	1	24	7	2310	1803	95	29	51.540741	θεσμού
4	1	67	1	25	0	1699	1829	706	38	-1	
5	1	67	1	25	1	1699	1833	51	14	81.321823	των
5	1	67	1	25	2	1763	1829	194	26	2.244583	αασπυξιανιών
5	1	67	1	25	3	1971	1833	149	28	23.467918	πωνεδρίων.
5	1	67	1	25	4	2136	1835	75	23	42.274612	Είναι,
5	1	67	1	25	5	2243	1846	17	19	78.374542	ἡ
5	1	67	1	25	6	2290	1839	115	28	36.227528	εωροαθοία
4	1	67	1	26	0	1697	1863	707	39	-1	
5	1	67	1	26	1	1697	1869	49	14	64.765205	ποωι
5	1	67	1	26	2	1754	1863	173	29	30.681374	σηροσφέριετιαι
5	1	67	1	26	3	1936	1872	46	16	95.022156	στο
5	1	67	1	26	4	1990	1867	47	23	47.026806	Λαό
5	1	67	1	26	5	2048	1877	31	14	95.113121	να
5	1	67	1	26	6	2086	1871	171	29	39.628876	σωμμανάσιχιει
5	1	67	1	26	7	2264	1879	47	17	40.872570	σας
5	1	67	1	26	8	2322	1879	33	17	67.196587	γα
5	1	67	1	26	9	2363	1874	41	28	37.537689	ὅη-
4	1	67	1	27	0	1698	1897	704	45	-1	
5	1	67	1	27	1	1698	1897	154	28	0.000000	πεουργη]σιε,
5	1	67	1	27	2	1876	1908	17	19	51.056427	η
5	1	67	1	27	3	1905	1901	76	28	30.050407	λοὐθία
5	1	67	1	27	4	1992	1905	158	25	44.505417	σεροσπιάθεια
5	1	67	1	27	5	2157	1914	46	19	63.093750	«ία
5	1	67	1	27	6	2209	1903	193	39	0.000000	ιασιοροέντιοωσηγ.
4	1	67	1	28	0	1700	1931	702	41	-1	
5	1	67	1	28	1	1700	1931	105	28	58.855049	΄Οποιος
5	1	67	1	28	2	1818	1935	111	26	48.327007	αρνεήται
5	1	67	1	28	3	1936	1937	64	23	85.763191	ιαυτό
5	1	67	1	28	4	2006	1945	32	15	69.978867	πο
5	1	67	1	28	5	2046	1938	85	29	55.726990	θεσμό,
5	1	67	1	28	6	2138	1942	116	26	12.813980	(αιοηλείύτίαι,
5	1	67	1	28	7	2262	1952	51	14	14.231613	»ααι
5	1	67	1	28	8	2319	1951	48	21	44.152225	ην
5	1	67	1	28	9	2375	1953	27	13	62.186985	-α-
4	1	67	1	29	0	1696	1966	667	35	-1	
5	1	67	1	29	1	1696	1966	109	29	22.174599	άπσυξη
5	1	67	1	29	2	1814	1975	50	21	61.338310	της.
5	1	67	1	29	3	1884	1971	192	30	4.631241	σιεριφέρειας».
5	1	67	1	29	4	2290	1997	4	1	30.666542	-
5	1	67	1	29	5	2361	1994	2	2	61.005939	|
4	1	67	1	30	0	1715	2001	686	43	-1	
5	1	67	1	30	1	1715	2001	43	21	8.886955	7Ηε
5	1	67	1	30	2	1772	2008	31	19	95.963707	τα
5	1	67	1	30	3	1812	2003	73	27	0.000000	Λόγια
5	1	67	1	30	4	1894	2007	75	26	61.025928	αυτά,
5	1	67	1	30	5	1980	2015	17	13	93.405212	ο
5	1	67	1	30	6	2004	2007	194	32	61.398407	Αναπληρωπής
5	1	67	1	30	7	2211	2013	134	31	67.451752	Ὑπιουργός
5	1	67	1	30	8	2368	2016	33	22	55.061718	Ἐ-
4	1	67	1	31	0	1694	2037	706	45	-1	
5	1	67	1	31	1	1694	2037	147	27	49.374580	σωπερικών
5	1	67	1	31	2	1850	2038	113	30	93.290123	Γιάννης
5	1	67	1	31	3	1975	2042	180	31	59.848473	Σκιουλαρύκης
5	1	67	1	31	4	2164	2046	99	28	0.000000	υαήουξε
5	1	67	1	31	5	2271	2057	52	23	36.195862	τηῃν;
5	1	67	1	31	6	2329	2052	71	30	31.827156	ἔνιαο-
4	1	67	1	32	0	1693	2071	706	46	-1	
5	1	67	1	32	1	1693	2071	30	27	71.026978	ξη
5	1	67	1	32	2	1737	2078	52	15	95.283798	των
5	1	67	1	32	3	1799	2075	128	25	89.676117	εργασιών
5	1	67	1	32	4	1942	2083	45	16	76.464043	του.
5	1	67	1	32	5	2003	2078	13	21	94.401825	1
5	1	67	1	32	6	2029	2074	196	38	0.000000	Αφιαπιτυιξιαράού.
5	1	67	1	32	7	2259	2084	140	33	82.077682	Συνεδρίου
4	1	67	1	33	0	1692	2107	706	46	-1	
5	1	67	1	33	1	1692	2113	43	14	96.704514	του
5	1	67	1	33	2	1749	2107	86	28	70.377068	Νομού
5	1	67	1	33	3	1846	2108	147	31	57.769508	Διανανίας,
5	1	67	1	33	4	2006	2120	51	15	67.393242	που
5	1	67	1	33	5	2060	2113	266	37	0.000000	σαριαγιµα[οσποιήθηήμε.
5	1	67	1	33	6	2342	2130	56	23	83.810432	στις
4	1	67	1	34	0	1695	2141	702	43	-1	
5	1	67	1	34	1	1695	2141	37	22	87.755386	13
5	1	67	1	34	2	1746	2149	46	16	27.715286	ναι
5	1	67	1	34	3	1807	2143	37	21	63.464905	19
5	1	67	1	34	4	1857	2144	144	29	54.448208	Νοεμβρίου
5	1	67	1	34	5	2010	2153	48	23	23.294113	(στη
5	1	67	1	34	6	2068	2149	114	31	0.000000	Σσυάρτη,
5	1	67	1	34	7	2194	2158	65	23	48.359360	«στον
5	1	67	1	34	8	2290	2158	107	26	2.322014	αίθουσα
4	1	67	1	35	0	1691	2176	705	50	-1	
5	1	67	1	35	1	1691	2176	168	28	8.503464	ενοδηγλώσιεων
5	1	67	1	35	2	1874	2187	44	15	91.469818	του
5	1	67	1	35	3	1928	2181	61	23	42.829552	νέου
5	1	67	1	35	4	2001	2184	99	27	3.118103	ὀασιρίου
5	1	67	1	35	5	2108	2192	49	22	57.857246	«ης
5	1	67	1	35	6	2192	2183	128	43	62.466255	Δημόσμας.
5	1	67	1	35	7	2353	2195	43	23	12.615555	Β.-
4	1	67	1	36	0	1691	2210	146	31	-1	
5	1	67	1	36	1	1691	2210	146	31	29.766930	θλιοθήρεης.
2	1	68	0	0	0	2438	1233	739	557	-1	
3	1	68	1	0	0	2438	1233	739	557	-1	
4	1	68	1	1	0	2438	1233	739	557	-1	
5	1	68	1	1	1	2438	1233	739	557	95.000000	    
2	1	69	0	0	0	2465	1242	448	11	-1	
3	1	69	1	0	0	2465	1242	448	11	-1	
4	1	69	1	1	0	2465	1242	448	11	-1	
5	1	69	1	1	1	2465	1242	448	11	95.000000	 
2	1	70	0	0	0	2438	1244	51	4	-1	
3	1	70	1	0	0	2438	1244	51	4	-1	
4	1	70	1	1	0	2438	1244	51	4	-1	
5	1	70	1	1	1	2438	1244	51	4	95.000000	 
2	1	71	0	0	0	2432	1735	734	355	-1	
3	1	71	1	0	0	2478	1735	688	64	-1	
4	1	71	1	1	0	2482	1735	684	43	-1	
5	1	71	1	1	1	2482	1758	16	2	32.867203	9.
5	1	71	1	1	2	2507	1735	192	33	10.763687	ΞΕΝΟΔΟΧΕΙΟ
5	1	71	1	1	3	2707	1739	212	34	54.472633	ΓΕΩΡΓΙΤΣΙΟΥ:
5	1	71	1	1	4	2925	1743	124	31	21.492760	Βρίσκεται
5	1	71	1	1	5	3064	1753	25	14	91.675148	σε
5	1	71	1	1	6	3103	1748	63	30	7.012131	υψὸ-
4	1	71	1	2	0	2478	1775	533	24	-1	
5	1	71	1	2	1	2478	1775	11	19	76.086159	ρο
5	1	71	1	2	2	2512	1775	15	19	0.000000	Χέλι
5	1	71	1	2	3	2583	1771	75	25	33.148758	μάτρα..
5	1	71	1	2	4	3008	1797	3	2	0.000000	:
3	1	71	2	0	0	2437	1801	714	111	-1	
4	1	71	2	1	0	2468	1801	683	41	-1	
5	1	71	2	1	1	2468	1801	35	21	89.719048	Τα.
5	1	71	2	1	2	2525	1803	104	30	72.945999	δωμάτια,
5	1	71	2	1	3	2639	1805	43	29	92.957222	ὅλα
5	1	71	2	1	4	2688	1813	27	21	91.733925	µε
5	1	71	2	1	5	2726	1807	117	27	0.000000	µπαλιόνυα
5	1	71	2	1	6	2854	1816	37	14	45.031258	ναι.
5	1	71	2	1	7	2902	1811	137	29	70.323051	απεριόριστη,
5	1	71	2	1	8	3051	1813	39	25	75.347961	θέα
5	1	71	2	1	9	3099	1821	52	21	96.075729	προς
4	1	71	2	2	0	2439	1837	712	41	-1	
5	1	71	2	2	1	2439	1842	35	16	79.277725	του
5	1	71	2	2	2	2487	1837	80	30	94.035355	Κάμπο
5	1	71	2	2	3	2576	1846	36	15	82.894287	και
5	1	71	2	2	4	2624	1847	36	15	94.125389	τον
5	1	71	2	2	5	2673	1840	115	30	93.171326	Πάρνωνα,
5	1	71	2	2	6	2802	1844	110	23	82.017044	διαθότουν
5	1	71	2	2	7	2921	1843	84	39	20.123505	ατομικό
5	1	71	2	2	8	3017	1843	84	39	32.978889	µποάνια,
5	1	71	2	2	9	3116	1857	35	21	4.565620	ση-
4	1	71	2	3	0	2437	1873	687	39	-1	
5	1	71	2	3	1	2437	1873	83	27	79.276840	λέφωνο
5	1	71	2	3	2	2531	1881	38	15	83.840126	και
5	1	71	2	3	3	2582	1877	99	27	29.733086	µουσωή.
5	1	71	2	3	4	2943	1909	2	3	0.000000	ι
5	1	71	2	3	5	3122	1888	2	2	46.414177	|
3	1	71	3	0	0	2432	1907	730	183	-1	
4	1	71	3	1	0	2465	1907	697	43	-1	
5	1	71	3	1	1	2465	1907	31	23	90.052467	Το
5	1	71	3	1	2	2507	1911	117	28	0.000000	βσπιαπόρια
5	1	71	3	1	3	2632	1913	116	29	64.723267	προσφέρει
5	1	71	3	1	4	2762	1916	87	27	27.380020	φαγητᾶ
5	1	71	3	1	5	2857	1924	28	20	77.035187	µε
5	1	71	3	1	6	2895	1918	56	26	0.000000	αγνά
5	1	71	3	1	7	2959	1918	69	22	63.448246	υλικὰ.
5	1	71	3	1	8	3042	1911	42	43	83.907120	Στο
5	1	71	3	1	9	3098	1924	64	2	32.715057	παρ΄
4	1	71	3	2	0	2436	1946	713	38	-1	
5	1	71	3	2	1	2436	1946	114	28	34.237053	αριοὔγεταν
5	1	71	3	2	2	2562	1949	157	28	0.000000	στερεοφωνικἠ
5	1	71	3	2	3	2733	1951	98	31	27.325020	µουσµκή.
5	1	71	3	2	4	2858	1951	31	23	56.670135	Όι
5	1	71	3	2	5	2896	1953	90	31	90.732925	πελάτες
5	1	71	3	2	6	2999	1957	94	26	52.252964	μπορούν
5	1	71	3	2	7	3121	1963	28	17	92.294235	να
4	1	71	3	3	0	2437	1981	710	40	-1	
5	1	71	3	3	1	2437	1981	129	28	24.205231	δενοηηθαὺν
5	1	71	3	3	2	2578	1990	45	18	93.301895	στις
5	1	71	3	3	3	2636	1983	122	28	88.615082	αξιοθέατες
5	1	71	3	3	4	2773	1987	122	27	59.475525	τοποθεσίες
5	1	71	3	3	5	2909	1996	37	14	96.502800	του
5	1	71	3	3	6	2958	1995	80	23	86.923485	χωριού
5	1	71	3	3	7	3048	1998	45	20	72.345604	στις
5	1	71	3	3	8	3108	1999	39	22	51.362015	παη-
4	1	71	3	4	0	2434	2017	726	42	-1	
5	1	71	3	4	1	2434	2023	36	22	84.527222	Ύες
5	1	71	3	4	2	2481	2024	36	18	67.260849	που
5	1	71	3	4	3	2538	2017	91	32	73.966232	Βυρώτα
5	1	71	3	4	4	2639	2027	40	23	24.745163	σνη;
5	1	71	3	4	5	2690	2020	61	32	66.093246	Μονή
5	1	71	3	4	6	2764	2021	113	33	0.000000	Αιπελάσο
5	1	71	3	4	7	2886	2033	37	16	92.716187	και
5	1	71	3	4	8	2932	2025	92	32	83.196175	Καστρὶ.
5	1	71	3	4	9	3041	2027	41	25	58.336887	να
5	1	71	3	4	10	3095	2037	51	22	47.088718	κρα-
4	1	71	3	5	0	2432	2054	718	36	-1	
5	1	71	3	5	1	2432	2054	71	28	54.714359	τήσεις
5	1	71	3	5	2	2515	2056	109	28	80.002922	δωµαπίων
5	1	71	3	5	3	2634	2059	111	29	78.387390	τηλέφωνο
5	1	71	3	5	4	2764	2060	77	30	70.107697	(0751)
5	1	71	3	5	5	2861	2062	80	23	93.930710	61996.
5	1	71	3	5	6	3007	2066	36	18	51.161682	..
5	1	71	3	5	7	3146	2085	4	3	0.000000	.
2	1	72	0	0	0	2438	1766	146	24	-1	
3	1	72	1	0	0	2438	1766	146	24	-1	
4	1	72	1	1	0	2438	1766	146	24	-1	
5	1	72	1	1	1	2438	1766	146	24	95.000000	  
2	1	73	0	0	0	2411	365	45	1637	-1	
3	1	73	1	0	0	2411	365	45	1637	-1	
4	1	73	1	1	0	2411	365	45	1637	-1	
5	1	73	1	1	1	2411	365	45	1637	95.000000	 
2	1	74	0	0	0	2795	2102	87	7	-1	
3	1	74	1	0	0	2795	2102	87	7	-1	
4	1	74	1	1	0	2795	2102	87	7	-1	
5	1	74	1	1	1	2795	2102	87	7	95.000000	 
2	1	75	0	0	0	2432	2114	713	140	-1	
3	1	75	1	0	0	2432	2114	713	140	-1	
4	1	75	1	1	0	2437	2114	708	42	-1	
5	1	75	1	1	1	2437	2128	3	8	0.000000	::
5	1	75	1	1	2	2450	2114	156	25	50.280479	ΠΟΛΕΤΤΑΙ
5	1	75	1	1	3	2618	2125	24	15	93.294495	το
5	1	75	1	1	4	2652	2119	57	22	56.894257	σπῖτε
5	1	75	1	1	5	2720	2127	36	15	90.822449	και
5	1	75	1	1	6	2769	2129	18	14	96.202423	οι
5	1	75	1	1	7	2798	2122	64	29	65.629906	κήποι
5	1	75	1	1	8	2875	2131	37	21	93.163460	της
5	1	75	1	1	9	2925	2119	81	41	11.254417	Βασιλ.'
5	1	75	1	1	10	3017	2119	131	41	57.569824	Παναγιώτη
4	1	75	1	2	0	2432	2149	711	43	-1	
5	1	75	1	2	1	2432	2149	141	32	66.021652	Καράγιαννη
5	1	75	1	2	2	2588	2160	39	15	90.356232	στα
5	1	75	1	2	3	2638	2153	125	29	0.000000	Γκλεχέῖκα,
5	1	75	1	2	4	2776	2157	46	29	92.151215	ἔχει
5	1	75	1	2	5	2836	2159	108	29	92.808418	απέραντη
5	1	75	1	2	6	2956	2161	39	22	0.000000	θὲα
5	1	75	1	2	7	3008	2169	53	21	93.264404	προς
5	1	75	1	2	8	3072	2161	71	31	57.880634	Άρκα-
4	1	75	1	3	0	2432	2185	710	43	-1	
5	1	75	1	3	1	2432	2185	35	22	85.371094	δία
5	1	75	1	3	2	2477	2194	38	15	59.084633	ναι
5	1	75	1	3	3	2527	2187	110	25	92.483559	Λακωνία.
5	1	75	1	3	4	2648	2189	157	32	88.231796	Πληροφορίες,
5	1	75	1	3	5	2819	2195	48	25	79.459213	οδός
5	1	75	1	3	6	2878	2194	103	31	92.721100	Καρτάλη
5	1	75	1	3	7	2994	2197	15	22	73.368210	ϐ
5	1	75	1	3	8	3019	2196	123	32	79.607689	Αμπελόκη-
4	1	75	1	4	0	2432	2223	695	31	-1	
5	1	75	1	4	1	2432	2229	34	14	90.676857	ποι
5	1	75	1	4	2	2482	2223	47	28	94.187408	τηλ.
5	1	75	1	4	3	2544	2223	128	25	62.604717	11.898.880.
5	1	75	1	4	4	2737	2236	59	9	0.000000	ἀ{.
5	1	75	1	4	5	2926	2242	201	12	30.884674	--
2	1	76	0	0	0	2954	2106	189	8	-1	
3	1	76	1	0	0	2954	2106	189	8	-1	
4	1	76	1	1	0	2954	2106	189	8	-1	
5	1	76	1	1	1	2954	2106	189	8	95.000000	 
2	1	77	0	0	0	2490	2280	143	10	-1	
3	1	77	1	0	0	2490	2280	143	10	-1	
4	1	77	1	1	0	2490	2280	143	10	-1	
5	1	77	1	1	1	2490	2280	143	10	95.000000	 
2	1	78	0	0	0	2790	2287	342	12	-1	
3	1	78	1	0	0	2790	2287	342	12	-1	
4	1	78	1	1	0	2790	2287	342	12	-1	
5	1	78	1	1	1	2790	2287	342	12	95.000000	 
2	1	79	0	0	0	1732	2302	590	56	-1	
3	1	79	1	0	0	1732	2302	590	56	-1	
4	1	79	1	1	0	1732	2302	590	56	-1	
5	1	79	1	1	1	1732	2302	325	56	37.632584	Οικονομική
5	1	79	1	1	2	2085	2310	237	46	74.863632	Ενίσχυση
2	1	80	0	0	0	1915	2277	362	11	-1	
3	1	80	1	0	0	1915	2277	362	11	-1	
4	1	80	1	1	0	1915	2277	362	11	-1	
5	1	80	1	1	1	1915	2277	362	11	95.000000	 
2	1	81	0	0	0	2473	2318	611	13	-1	
3	1	81	1	0	0	2473	2318	611	13	-1	
4	1	81	1	1	0	2473	2318	611	13	-1	
5	1	81	1	1	1	2473	2318	611	13	95.000000	 
2	1	82	0	0	0	2480	2339	607	225	-1	
3	1	82	1	0	0	2479	2339	608	225	-1	
4	1	82	1	1	0	2614	2339	344	40	-1	
5	1	82	1	1	1	2614	2339	217	36	1.030342	1ΟὕςΟύ1.Ο5
5	1	82	1	1	2	2849	2353	109	26	28.668701	ΡΙΖΖ4
4	1	82	1	2	0	2666	2384	413	41	-1	
5	1	82	1	2	1	2666	2384	240	36	27.658630	κΕσταυκανπ
4	1	82	1	3	0	2493	2435	570	40	-1	
5	1	82	1	3	1	2493	2435	134	32	0.000000	ΛΘΑΝΛΣΙΔΣ
5	1	82	1	3	2	2640	2438	132	31	69.297455	ΜΠΘΛΑΝΗΣ
5	1	82	1	3	3	2780	2454	29	4	46.625473	---
5	1	82	1	3	4	2824	2441	109	32	19.765869	ΓΕΠΡΓΙΙΣ
5	1	82	1	3	5	2946	2444	117	31	7.657738	ΚΕΚΚΙΙΠΣ
4	1	82	1	4	0	2500	2486	559	41	-1	
5	1	82	1	4	1	2500	2488	147	25	92.211815	ΠΕΡΙΚΛΗ
5	1	82	1	4	2	2664	2492	146	23	96.728043	ΣΤΑΥΡΟΥ
5	1	82	1	4	3	2820	2494	29	22	86.008766	13
5	1	82	1	4	4	2862	2510	9	5	49.474178	..
5	1	82	1	4	5	2883	2492	39	35	48.943573	ΠΠ,
5	1	82	1	4	6	2932	2486	127	34	79.351517	ΨΥΧΙΚΟ.
4	1	82	1	5	0	2480	2522	607	42	-1	
5	1	82	1	5	1	2480	2522	143	33	88.798561	(Κηφισίας
5	1	82	1	5	2	2638	2526	16	37	80.059967	ἃ
5	1	82	1	5	3	2658	2525	166	39	89.592239	Κατεχάκη)
5	1	82	1	5	4	2842	2538	21	3	60.157173	--
5	1	82	1	5	5	2877	2530	68	26	93.294197	ΤΗΛ.
5	1	82	1	5	6	2963	2532	124	25	74.775917	69.29.540
2	1	83	0	0	0	1982	2374	120	8	-1	
3	1	83	1	0	0	1982	2374	120	8	-1	
4	1	83	1	1	0	1982	2374	120	8	-1	
5	1	83	1	1	1	1982	2374	120	8	95.000000	 
2	1	84	0	0	0	1678	2383	727	359	-1	
3	1	84	1	0	0	1678	2383	727	359	-1	
4	1	84	1	1	0	1709	2383	696	54	-1	
5	1	84	1	1	1	1709	2389	55	28	82.842331	Σας
5	1	84	1	1	2	1777	2389	194	33	40.849640	πληροφορούμε
5	1	84	1	1	3	1986	2396	47	27	86.479454	ὅτι,
5	1	84	1	1	4	2048	2404	41	21	53.567047	για
5	1	84	1	1	5	2100	2406	47	21	0.000000	την
5	1	84	1	1	6	2160	2403	148	28	0.000000	οὐνονοµιωοή
5	1	84	1	1	7	2332	2383	52	54	0.000000	οκνή.
5	1	84	1	1	8	2395	2387	10	34	85.773651	|
4	1	84	1	2	0	1687	2423	705	38	-1	
5	1	84	1	2	1	1687	2423	80	34	64.147438	ἄχυση
5	1	84	1	2	2	1777	2431	62	22	0.000000	«σην
5	1	84	1	2	3	1852	2430	139	28	0.000000	παραγωγή
5	1	84	1	2	4	2003	2432	148	27	63.956852	ελαμολάδου
5	1	84	1	2	5	2165	2436	60	23	89.949600	195
5	1	84	1	2	6	2229	2438	73	22	80.624298	7-δδ
5	1	84	1	2	7	2314	2446	78	15	87.681610	ουσια-
4	1	84	1	3	0	1686	2460	705	43	-1	
5	1	84	1	3	1	1686	2460	112	27	62.030293	θαγωγοί
5	1	84	1	3	2	1806	2463	151	27	29.099312	χωρίξόνπαι
5	1	84	1	3	3	1971	2474	30	14	88.230118	σε
5	1	84	1	3	4	2014	2469	95	28	0.000000	αππαούς
5	1	84	1	3	5	2119	2477	32	20	0.000000	µε
5	1	84	1	3	6	2161	2471	66	28	22.593803	μέση
5	1	84	1	3	7	2249	2475	142	28	65.640839	σιαραγωγή
4	1	84	1	4	0	1685	2493	706	42	-1	
5	1	84	1	4	1	1685	2493	84	23	74.780373	Λαδιού
5	1	84	1	4	2	1781	2496	49	22	69.060852	από
5	1	84	1	4	3	1840	2498	63	23	48.496689	ΘΟ0
5	1	84	1	4	4	1912	2500	60	22	0.000000	ροωλά
5	1	84	1	4	5	1980	2510	45	15	0.000000	2αι
5	1	84	1	4	6	2036	2503	53	23	93.966743	άνω
5	1	84	1	4	7	2101	2504	132	31	57.669441	(μεγάλαι)
5	1	84	1	4	8	2242	2515	51	18	10.620499	ο0αι
5	1	84	1	4	9	2301	2509	23	22	38.786407	σ
5	1	84	1	4	10	2346	2518	45	14	10.375534	αυ-
4	1	84	1	5	0	1683	2529	707	50	-1	
5	1	84	1	5	1	1683	2529	61	28	96.498360	τούς
5	1	84	1	5	2	1764	2539	32	18	96.829285	µε
5	1	84	1	5	3	1816	2532	66	29	58.495491	«μέση
5	1	84	1	5	4	1892	2538	140	27	26.880196	παραγωγή
5	1	84	1	5	5	2047	2539	72	22	34.979469	κάτω
5	1	84	1	5	6	2135	2547	53	17	89.836601	των
5	1	84	1	5	7	2222	2542	63	23	68.586411	800
5	1	84	1	5	8	2310	2540	80	39	0.000000	οοιλών
4	1	84	1	6	0	1684	2564	705	41	-1	
5	1	84	1	6	1	1684	2564	123	28	0.612404	(ωωαροί)..
5	1	84	1	6	2	1824	2568	32	20	51.784573	Οἱ
5	1	84	1	6	3	1866	2570	104	25	41.417603	μεγάλοι
5	1	84	1	6	4	1980	2571	86	38	4.892105	σηαἰοιαγ
5	1	84	1	6	5	2078	2571	54	38	41.511463	ωφγού
5	1	84	1	6	6	2141	2576	33	27	63.020172	θα
5	1	84	1	6	7	2188	2578	97	27	31.170776	σιάροων
5	1	84	1	6	8	2298	2586	91	19	15.295929	σήροσεα-
4	1	84	1	7	0	1682	2597	705	40	-1	
5	1	84	1	7	1	1682	2597	93	27	0.000000	ταθολή
5	1	84	1	7	2	1789	2600	101	27	27.680809	ουαθαρά
5	1	84	1	7	3	1898	2603	106	25	74.421066	περίπου
5	1	84	1	7	4	2020	2605	40	20	92.305092	79
5	1	84	1	7	5	2073	2606	98	27	23.616455	δρχ-το
5	1	84	1	7	6	2186	2612	56	19	67.241791	κιλό
5	1	84	1	7	7	2255	2620	43	17	95.196381	για
5	1	84	1	7	8	2309	2619	28	14	93.090233	το
5	1	84	1	7	9	2348	2613	39	20	39.846581	Λά-
4	1	84	1	8	0	1681	2630	706	41	-1	
5	1	84	1	8	1	1681	2630	84	21	39.998894	δισίου
5	1	84	1	8	2	1776	2632	76	27	95.385246	έχουν
5	1	84	1	8	3	1864	2635	81	22	46.053307	κάνει.
5	1	84	1	8	4	1958	2636	70	23	9.883156	ΑΛλά
5	1	84	1	8	5	2040	2647	29	13	96.958763	αν
5	1	84	1	8	6	2081	2648	28	13	78.341080	το
5	1	84	1	8	7	2117	2641	56	22	78.341080	λάδι
5	1	84	1	8	8	2186	2651	61	20	91.461792	πους
5	1	84	1	8	9	2270	2645	65	22	56.664680	εἶναι
5	1	84	1	8	10	2346	2653	41	14	48.952454	σοε-
4	1	84	1	9	0	1682	2664	705	43	-1	
5	1	84	1	9	1	1682	2664	138	29	46.817810	β'σσότερο
5	1	84	1	9	2	1833	2668	47	21	83.389542	από
5	1	84	1	9	3	1893	2668	46	24	82.348907	όσο
5	1	84	1	9	4	1949	2670	96	28	35.817230	ἐγαίνει
5	1	84	1	9	5	2060	2674	72	23	47.860214	ἑάοει
5	1	84	1	9	6	2144	2677	86	28	87.725266	ξώνης
5	1	84	1	9	7	2242	2687	42	18	87.934494	για
5	1	84	1	9	8	2320	2680	67	27	44.264282	αυσή
4	1	84	1	10	0	1678	2699	705	43	-1	
5	1	84	1	10	1	1678	2707	29	18	93.280602	τη
5	1	84	1	10	2	1720	2699	110	29	75.635780	διχφορά
5	1	84	1	10	3	1841	2702	31	21	93.155472	θα
5	1	84	1	10	4	1884	2704	149	28	23.264305	σληοωθούιν
5	1	84	1	10	5	2045	2715	61	22	93.139427	στην
5	1	84	1	10	6	2116	2711	88	28	0.000000	τελιυή
5	1	84	1	10	7	2218	2713	165	29	0.000000	ελαθάοµοη].
2	1	85	0	0	0	2481	2581	255	10	-1	
3	1	85	1	0	0	2481	2581	255	10	-1	
4	1	85	1	1	0	2481	2581	255	10	-1	
5	1	85	1	1	1	2481	2581	255	10	95.000000	 
2	1	86	0	0	0	2745	2587	340	10	-1	
3	1	86	1	0	0	2745	2587	340	10	-1	
4	1	86	1	1	0	2745	2587	340	10	-1	
5	1	86	1	1	1	2745	2587	340	10	95.000000	 
2	1	87	0	0	0	2529	2617	477	10	-1	
3	1	87	1	0	0	2529	2617	477	10	-1	
4	1	87	1	1	0	2529	2617	477	10	-1	
5	1	87	1	1	1	2529	2617	477	10	95.000000	 
2	1	88	0	0	0	2520	2642	563	152	-1	
3	1	88	1	0	0	2509	2641	644	153	-1	
4	1	88	1	1	0	2523	2642	542	56	-1	
5	1	88	1	1	1	2509	2641	91	57	19.342056	“Αρ.
5	1	88	1	1	2	2625	2642	136	50	89.888657	Ηλίας
5	1	88	1	1	3	2774	2646	125	44	82.127167	Διον.
5	1	88	1	1	4	2908	2651	157	47	67.434158	Ζήτης
4	1	88	1	2	0	2579	2698	504	54	-1	
5	1	88	1	2	1	2579	2698	169	52	73.882736	Χειρουργός
5	1	88	1	2	2	2762	2713	211	38	16.713989	Ὀφθαλμίατρος
5	1	88	1	2	3	3075	2712	8	15	54.255341	|
4	1	88	1	3	0	2520	2744	521	50	-1	
5	1	88	1	3	1	2520	2744	19	39	50.068951	δι
5	1	88	1	3	2	2551	2745	144	48	79.124115	Διδάκτωρ.
5	1	88	1	3	3	2706	2748	212	41	92.030312	Πανεπιστηµίου
5	1	88	1	3	4	2931	2756	110	38	95.335754	Αθηνών
2	1	89	0	0	0	1687	2758	475	14	-1	
3	1	89	1	0	0	1687	2758	475	14	-1	
4	1	89	1	1	0	1687	2758	475	14	-1	
5	1	89	1	1	1	1687	2758	475	14	95.000000	 
2	1	90	0	0	0	2031	2766	64	8	-1	
3	1	90	1	0	0	2031	2766	64	8	-1	
4	1	90	1	1	0	2031	2766	64	8	-1	
5	1	90	1	1	1	2031	2766	64	8	95.000000	 
2	1	91	0	0	0	1807	2791	676	258	-1	
3	1	91	1	0	0	1807	2790	676	259	-1	
4	1	91	1	1	0	1863	2791	568	34	-1	
5	1	91	1	1	1	1863	2791	332	34	31.046661	ΠΡΑΚΤΟΡΕΙοΟονΝ
5	1	91	1	1	2	2259	2790	54	45	24.212685	 .
5	1	91	1	1	3	2350	2793	81	42	1.170662	ο]
4	1	91	1	2	0	1863	2832	369	39	-1	
5	1	91	1	2	1	1863	2832	157	27	52.968563	ΠΡΟ-ΠΟ
5	1	91	1	2	2	2004	2822	19	53	47.042259	ἃ
5	1	91	1	2	3	2048	2838	184	33	44.523407	ΛΑΧΕΙΩΝ
4	1	91	1	3	0	1843	2875	383	30	-1	
5	1	91	1	3	1	1843	2875	82	22	77.799026	«ΤΟ
5	1	91	1	3	2	1966	2878	260	27	46.879372	ΣΤΑΝΤΑΡ,
4	1	91	1	4	0	1828	2911	564	54	-1	
5	1	91	1	4	1	1828	2954	2	2	10.808372	ο
5	1	91	1	4	2	1911	2911	76	39	0.000000	ΤΛΣΙΑ
5	1	91	1	4	3	2018	2914	121	40	0.000000	ΒΜΛΣΣΗ
5	1	91	1	4	4	2197	2927	32	38	63.268448	.
4	1	91	1	5	0	1807	2963	676	44	-1	
5	1	91	1	5	1	1807	2963	441	42	72.141632	Ακροπόλεως
5	1	91	1	5	2	2004	2956	42	55	55.776665	25
5	1	91	1	5	3	2073	2963	175	42	0.000000	Ἡρασίδυπ
5	1	91	1	5	4	2342	2966	49	41	25.910934	{|
5	1	91	1	5	5	2432	2989	51	2	1.636650	--
4	1	91	1	6	0	1857	2993	534	56	-1	
5	1	91	1	6	1	1857	2993	125	44	78.823929	ΣΠΑΡΤΗ
5	1	91	1	6	2	1996	2993	12	44	69.227341	-
5	1	91	1	6	3	2014	3015	12	5	79.173294	-
5	1	91	1	6	4	2040	2993	62	44	95.258728	ΤΗΛ.
5	1	91	1	6	5	2117	2993	77	44	81.048515	22.714
5	1	91	1	6	6	2265	3006	42	6	22.429581	..
5	1	91	1	6	7	2387	3006	4	43	27.373459	|
2	1	92	0	0	0	2280	2771	87	8	-1	
3	1	92	1	0	0	2280	2771	87	8	-1	
4	1	92	1	1	0	2280	2771	87	8	-1	
5	1	92	1	1	1	2280	2771	87	8	95.000000	 
2	1	93	0	0	0	2244	2800	821	183	-1	
3	1	93	1	0	0	2466	2800	599	40	-1	
4	1	93	1	1	0	2466	2800	599	40	-1	
5	1	93	1	1	1	2466	2800	127	30	43.072281	«Δέχεται
5	1	93	1	1	2	2604	2803	37	22	88.161018	9-Ί
5	1	93	1	1	3	2653	2809	50	18	93.286011	στο
5	1	93	1	1	4	2722	2806	109	29	14.610100	Γατρικό
5	1	93	1	1	5	2841	2808	102	31	0.000000	Πέντρο
5	1	93	1	1	6	2956	2810	109	30	96.464729	Αθηνών
3	1	93	2	0	0	2258	2836	771	37	-1	
4	1	93	2	1	0	2258	2836	771	37	-1	
5	1	93	2	1	1	2258	2858	133	4	9.224586	..ἑ
5	1	93	2	1	2	2509	2836	83	31	94.845100	Λεωφ.
5	1	93	2	1	3	2610	2839	133	30	94.802696	Κηφισίας
5	1	93	2	1	4	2757	2848	46	17	96.877174	και
5	1	93	2	1	5	2815	2842	134	31	91.973129	Διστόμου
5	1	93	2	1	6	2961	2845	15	22	91.835670	5
5	1	93	2	1	7	2990	2857	8	5	84.400063	-
5	1	93	2	1	8	3016	2846	13	21	72.192001	Ἰ
3	1	93	3	0	0	2244	2869	770	39	-1	
4	1	93	3	1	0	2244	2869	770	39	-1	
5	1	93	3	1	1	2244	2874	44	23	54.931965	..
5	1	93	3	1	2	2391	2869	2	5	47.701420	|
5	1	93	3	1	3	2461	2873	2	2	22.246170	ο
5	1	93	3	1	4	2508	2881	2	4	20.980225	τς
5	1	93	3	1	5	2550	2888	174	4	0.000000	νδαρούσι--
5	1	93	3	1	6	2736	2877	56	31	88.991440	Τηλ.
5	1	93	3	1	7	2807	2878	116	26	53.204498	6Ε20.146
5	1	93	3	1	8	2935	2886	51	17	42.580624	και
3	1	93	4	0	0	2298	2900	732	83	-1	
4	1	93	4	1	0	2298	2900	695	48	-1	
5	1	93	4	1	1	2298	2900	2	2	0.000000	)
5	1	93	4	1	2	2380	2906	2	3	22.235023	|
5	1	93	4	1	3	2557	2912	144	32	57.754807	Ἀπόγευμα
5	1	93	4	1	4	2714	2914	41	23	93.270172	6-8
5	1	93	4	1	5	2765	2921	50	17	94.618164	στο
5	1	93	4	1	6	2831	2917	104	31	83.136734	ιατρείο
5	1	93	4	1	7	2946	2924	47	18	96.721497	του
4	1	93	4	2	0	2514	2947	516	36	-1	
5	1	93	4	2	1	2514	2947	85	30	94.360542	Λεωφ.
5	1	93	4	2	2	2616	2950	133	29	95.823288	Κηφισίας
5	1	93	4	2	3	2764	2952	57	27	96.251938	314,
5	1	93	4	2	4	2837	2953	59	30	89.308472	τηλ.
5	1	93	4	2	5	2909	2954	121	27	76.045059	6718.232
2	1	94	0	0	0	2393	2492	10	376	-1	
3	1	94	1	0	0	2393	2492	10	376	-1	
4	1	94	1	1	0	2393	2492	10	376	-1	
5	1	94	1	1	1	2393	2492	10	376	95.000000	 
2	1	95	0	0	0	2492	2989	486	10	-1	
3	1	95	1	0	0	2492	2989	486	10	-1	
4	1	95	1	1	0	2492	2989	486	10	-1	
5	1	95	1	1	1	2492	2989	486	10	95.000000	 
2	1	96	0	0	0	2986	2998	135	8	-1	
3	1	96	1	0	0	2986	2998	135	8	-1	
4	1	96	1	1	0	2986	2998	135	8	-1	
5	1	96	1	1	1	2986	2998	135	8	95.000000	 
2	1	97	0	0	0	2554	3029	418	47	-1	
3	1	97	1	0	0	2554	3029	418	47	-1	
4	1	97	1	1	0	2554	3029	418	47	-1	
5	1	97	1	1	1	2554	3055	143	2	63.628849	«ΚΕΝΤΡΟ
5	1	97	1	1	2	2715	3045	257	31	92.129547	ΦΟΡΟΤΕΧΝΙΚΩΝ
2	1	98	0	0	0	1695	3056	558	15	-1	
3	1	98	1	0	0	1695	3056	558	15	-1	
4	1	98	1	1	0	1695	3056	558	15	-1	
5	1	98	1	1	1	1695	3056	558	15	95.000000	 
2	1	99	0	0	0	1669	3083	720	152	-1	
3	1	99	1	0	0	1669	3083	720	152	-1	
4	1	99	1	1	0	1876	3083	513	38	-1	
5	1	99	1	1	1	1876	3083	285	28	35.704315	ΠΩΛΕΙΤΑΙ
5	1	99	1	1	2	2309	3085	80	36	26.071808	|
4	1	99	1	2	0	1683	3117	705	41	-1	
5	1	99	1	2	1	1683	3117	31	23	91.959694	Τό
5	1	99	1	2	2	1724	3117	143	30	25.692101	ὡσαιότατο
5	1	99	1	2	3	1879	3121	90	30	93.857773	κέντρο
5	1	99	1	2	4	1977	3123	49	22	93.280548	πού
5	1	99	1	2	5	2038	3124	85	25	71.896790	ἔκτισε
5	1	99	1	2	6	2133	3127	135	31	79.509361	ποόσφατα
5	1	99	1	2	7	2280	3130	15	23	86.628891	ἆ
5	1	99	1	2	8	2306	3134	30	23	76.746033	Π.
5	1	99	1	2	9	2350	3125	38	32	0.000000	.᾽
4	1	99	1	3	0	1669	3154	707	39	-1	
5	1	99	1	3	1	1669	3154	122	28	65.341301	Καλύδας
5	1	99	1	3	2	1804	3157	77	27	95.825912	στούς
5	1	99	1	3	3	1896	3158	61	29	11.104523	Αγ.
5	1	99	1	3	4	1971	3160	183	32	29.233803	᾿Αναογύρονς.
5	1	99	1	3	5	2170	3166	112	24	90.433151	Αἴθουσα
5	1	99	1	3	6	2299	3170	77	23	14.472626	-500
4	1	99	1	4	0	1669	3189	705	46	-1	
5	1	99	1	4	1	1669	3189	98	28	89.838585	ἀτόμων
5	1	99	1	4	2	1786	3191	43	22	90.672890	καί
5	1	99	1	4	3	1844	3192	135	31	81.140800	εὐρύχωρο
5	1	99	1	4	4	1992	3198	121	27	47.680912	προαύλιο
5	1	99	1	4	5	2125	3201	32	27	66.264641	µέ
5	1	99	1	4	6	2184	3207	190	28	0.000000	σανοραματιοή
2	1	100	0	0	0	2415	3093	718	258	-1	
3	1	100	1	0	0	2452	3093	681	135	-1	
4	1	100	1	1	0	2452	3093	634	49	-1	
5	1	100	1	1	1	2452	3093	41	36	0.000000	ἄ
5	1	100	1	1	2	2496	3104	262	38	15.545563	εάρρερπος
5	1	100	1	1	3	2784	3100	302	41	9.718590	Απόστοβος
4	1	100	1	2	0	2482	3159	651	63	-1	
5	1	100	1	2	1	2482	3159	88	23	89.129417	ΠΤΥΧ.
5	1	100	1	2	2	2588	3161	175	24	95.125023	ΑΝΩΤΑΤΗΣ
5	1	100	1	2	3	2777	3165	263	26	80.617409	ΒΙΟΜΗΧΑΝΙΚΗΣ:
5	1	100	1	2	4	3110	3168	6	54	68.157822	|
5	1	100	1	2	5	3131	3180	2	2	0.000000	ἳ
4	1	100	1	3	0	2471	3194	612	34	-1	
5	1	100	1	3	1	2471	3194	190	31	76.275490	Κλεομθρότου
5	1	100	1	3	2	2674	3197	29	25	96.573524	15
5	1	100	1	3	3	2718	3198	62	30	92.315742	Τηλ.
5	1	100	1	3	4	2794	3200	117	27	79.816696	25702.--.
5	1	100	1	3	5	2927	3203	132	24	84.679825	ΣΠΑΡΤΗ.
5	1	100	1	3	6	3080	3213	3	4	84.679825	-
3	1	100	2	0	0	2446	3229	643	34	-1	
4	1	100	2	1	0	2446	3229	643	34	-1	
5	1	100	2	1	1	2446	3229	189	25	0.000000	ΊΛΟΓΙΣΤΗΚΑ
5	1	100	2	1	2	2647	3233	256	25	0.000000	-.ΦΟΡΟΛΟΓΙΚΑ᾽-
5	1	100	2	1	3	2914	3239	175	24	14.102585	ΕΡΓΑΤΙΚΑ.᾽
3	1	100	3	0	0	2460	3264	599	40	-1	
4	1	100	3	1	0	2460	3264	599	40	-1	
5	1	100	3	1	1	2460	3264	227	29	54.035778	ΑΣΦΑΛΙΣΤΙΜΑ
5	1	100	3	1	2	2702	3280	8	5	92.531578	-
5	1	100	3	1	3	2724	3265	335	39	66.945892	ΔΑΚΤΥΛΟΓΡΑΦΗΣΕΙΣ
3	1	100	4	0	0	2415	3294	561	57	-1	
4	1	100	4	1	0	2501	3294	475	40	-1	
5	1	100	4	1	1	2501	3294	18	35	16.975517	το
5	1	100	4	1	2	2572	3325	44	9	28.131577	κο,
5	1	100	4	1	3	2632	3303	271	31	46.701389	ΦΩΤΟΑΝΤΙΓΡΑΦΑ
4	1	100	4	2	0	2415	3339	362	12	-1	
5	1	100	4	2	1	2415	3339	362	12	25.037796	αμ
2	1	101	0	0	0	3113	2745	11	500	-1	
3	1	101	1	0	0	3113	2745	11	500	-1	
4	1	101	1	1	0	3113	2745	11	500	-1	
5	1	101	1	1	1	3113	2745	11	500	95.000000	 
2	1	102	0	0	0	2419	2736	14	549	-1	
3	1	102	1	0	0	2419	2736	14	549	-1	
4	1	102	1	1	0	2419	2736	14	549	-1	
5	1	102	1	1	1	2419	2736	14	549	95.000000	 
2	1	103	0	0	0	1654	3260	729	44	-1	
3	1	103	1	0	0	1654	3260	729	44	-1	
4	1	103	1	1	0	1654	3260	729	44	-1	
5	1	103	1	1	1	1654	3260	157	30	3.478203	'ημήκρίος
5	1	103	1	1	2	1824	3262	7	11	43.506805	᾿
5	1	103	1	1	3	1832	3262	98	31	43.506805	Αθήνα,
5	1	103	1	1	4	1942	3267	55	28	25.368141	πηλ.
5	1	103	1	1	5	2013	3268	152	26	87.625443	Θ717994
5	1	103	1	1	6	2182	3274	45	23	0.000000	μα
5	1	103	1	1	7	2262	3276	121	28	75.875397	325976,
2	1	104	0	0	0	2551	3325	46	10	-1	
3	1	104	1	0	0	2551	3325	46	10	-1	
4	1	104	1	1	0	2551	3325	46	10	-1	
5	1	104	1	1	1	2551	3325	46	10	95.000000	 
2	1	105	0	0	0	2778	3348	339	11	-1	
3	1	105	1	0	0	2778	3348	339	11	-1	
4	1	105	1	1	0	2778	3348	339	11	-1	
5	1	105	1	1	1	2778	3348	339	11	19.630905	πολ
5	1	105	1	1	2	3016	3336	22	28	0.000000	υ
5	1	105	1	1	3	3061	3336	59	28	0.000000	(..
2	1	106	0	0	0	1869	3424	236	10	-1	
3	1	106	1	0	0	1869	3424	236	10	-1	
4	1	106	1	1	0	1869	3424	236	10	-1	
5	1	106	1	1	1	1869	3424	236	10	95.000000	 
2	1	107	0	0	0	2231	3404	1096	30	-1	
3	1	107	1	0	0	2231	3404	1096	30	-1	
4	1	107	1	1	0	2231	3404	1096	30	-1	
5	1	107	1	1	1	2231	3404	1096	30	95.000000	 
