level	page_num	block_num	par_num	line_num	word_num	left	top	width	height	conf	text
1	1	0	0	0	0	0	0	2284	3137	-1	
2	1	1	0	0	0	47	40	707	67	-1	
3	1	1	1	0	0	47	40	707	67	-1	
4	1	1	1	1	0	47	40	707	67	-1	
5	1	1	1	1	1	47	40	259	53	65.237198	Κοινωνικά
5	1	1	1	1	2	322	41	89	52	95.765335	ἀπὸ
5	1	1	1	1	3	427	41	53	52	65.332268	τή
5	1	1	1	1	4	496	42	151	64	87.389946	χωριᾶ
5	1	1	1	1	5	667	58	87	49	94.019897	µας
2	1	2	0	0	0	325	162	148	21	-1	
3	1	2	1	0	0	325	162	148	21	-1	
4	1	2	1	1	0	325	162	148	21	-1	
5	1	2	1	1	1	325	162	148	21	46.937134	ΑΠΟΡΙΑΝΗ
2	1	3	0	0	0	385	200	113	23	-1	
3	1	3	1	0	0	385	200	113	23	-1	
4	1	3	1	1	0	385	200	113	23	-1	
5	1	3	1	1	1	385	198	56	24	49.149193	ἐντός
5	1	3	1	1	2	462	200	36	23	96.606674	τῆς
2	1	4	0	0	0	44	205	517	141	-1	
3	1	4	1	0	0	44	205	517	141	-1	
4	1	4	1	1	0	44	205	517	120	-1	
5	1	4	1	1	1	44	205	517	120	95.000000	    
4	1	4	1	2	0	44	325	44	21	-1	
5	1	4	1	2	1	44	325	44	21	95.000000	 
2	1	5	0	0	0	544	235	207	56	-1	
3	1	5	1	0	0	564	235	187	55	-1	
4	1	5	1	1	0	564	235	187	26	-1	
5	1	5	1	1	1	564	235	97	26	88.728607	υντήρηση
5	1	5	1	1	2	678	243	73	18	0.000000	τσ:μεν-
4	1	5	1	2	0	544	270	62	21	-1	
5	1	5	1	2	1	544	270	39	21	34.880341	οἵα
5	1	5	1	2	2	602	271	4	19	68.949539	1
2	1	6	0	0	0	614	271	130	26	-1	
3	1	6	1	0	0	614	271	130	26	-1	
4	1	6	1	1	0	614	271	130	26	-1	
5	1	6	1	1	1	614	271	77	20	79.930313	00.000.
5	1	6	1	1	2	708	272	36	25	74.059013	2ρχ
2	1	7	0	0	0	43	312	578	54	-1	
3	1	7	1	0	0	43	312	578	54	-1	
4	1	7	1	1	0	43	312	578	54	-1	
5	1	7	1	1	1	43	313	84	45	24.975540	η.
5	1	7	1	1	2	134	338	80	27	91.852928	σύζυγος
5	1	7	1	1	3	233	341	33	19	95.928062	τοῦ
5	1	7	1	1	4	257	312	69	53	0.000000	αμ
5	1	7	1	1	5	347	340	123	26	56.396835	Ἰουχο.ύτση
5	1	7	1	1	6	487	350	29	12	96.734344	ὑπ.
5	1	7	1	1	7	519	322	3	4	0.000000	ο
5	1	7	1	1	8	550	323	71	39	0.000000	ωσεία
2	1	8	0	0	0	44	374	500	28	-1	
3	1	8	1	0	0	44	374	500	28	-1	
4	1	8	1	1	0	44	374	500	28	-1	
5	1	8	1	1	1	44	382	80	18	7.640221	Ὑέννησε
5	1	8	1	1	2	138	374	123	27	64.543289	χαριτωμένο
5	1	8	1	1	3	273	375	103	21	68.013870	χοριτσάκι
5	1	8	1	1	4	390	376	24	21	95.456139	νά
5	1	8	1	1	5	426	376	44	24	86.645706	τούς
5	1	8	1	1	6	483	377	61	25	95.076820	ζήσει.
2	1	9	0	0	0	42	410	175	62	-1	
3	1	9	1	0	0	42	410	147	62	-1	
4	1	9	1	1	0	42	410	96	20	-1	
5	1	9	1	1	1	42	422	27	2	0.000000	-
5	1	9	1	1	2	87	410	51	20	50.420700	Ἡ
5	1	9	1	1	3	126	397	17	38	50.420700	δ
4	1	9	1	2	0	43	428	174	44	-1	
5	1	9	1	2	1	43	447	32	19	84.910957	τοῦ
5	1	9	1	2	2	92	445	23	22	77.170853	ἐχι
5	1	9	1	2	3	134	428	44	38	26.258499	σκά
5	1	9	1	2	4	167	454	50	18	22.618477	άρτη
2	1	10	0	0	0	44	465	231	43	-1	
3	1	10	1	0	0	44	465	231	43	-1	
4	1	10	1	1	0	44	465	231	43	-1	
5	1	10	1	1	1	44	488	40	14	38.924492	πων
5	1	10	1	1	2	98	481	34	21	55.001266	καί
5	1	10	1	1	3	146	482	10	20	85.549835	ἆ
5	1	10	1	1	4	159	465	116	43	22.909019	ιο
2	1	11	0	0	0	295	380	27	22	-1	
3	1	11	1	0	0	295	380	27	22	-1	
4	1	11	1	1	0	295	380	27	22	-1	
5	1	11	1	1	1	295	380	27	22	95.000000	 
2	1	12	0	0	0	143	410	608	29	-1	
3	1	12	1	0	0	143	410	608	29	-1	
4	1	12	1	1	0	143	410	608	29	-1	
5	1	12	1	1	1	143	428	2	3	37.138714	.
5	1	12	1	1	2	164	410	70	27	92.341934	Μαρία
5	1	12	1	1	3	251	410	48	27	93.162254	κόρη
5	1	12	1	1	4	325	419	61	16	85.069687	ἱερέως
5	1	12	1	1	5	403	412	98	26	34.096802	Ἐὐθυμίου
5	1	12	1	1	6	524	413	160	21	74.536865	Πιαπαδοπούλου
5	1	12	1	1	7	702	414	49	25	88.394440	µετά
2	1	13	0	0	0	676	457	74	18	-1	
3	1	13	1	0	0	676	457	74	18	-1	
4	1	13	1	1	0	676	457	74	18	-1	
5	1	13	1	1	1	676	457	74	18	49.262081	γάμους
2	1	14	0	0	0	221	447	433	26	-1	
3	1	14	1	0	0	221	447	433	26	-1	
4	1	14	1	1	0	221	447	433	26	-1	
5	1	14	1	1	1	221	454	9	16	92.456406	ς
5	1	14	1	1	2	247	447	63	26	69.606705	Γεωρ.
5	1	14	1	1	3	346	447	144	21	28.754959	ἨΝικολακάκον
5	1	14	1	1	4	509	448	82	21	33.215164	τέλεσαυ.
5	1	14	1	1	5	610	448	44	25	95.762413	τούς
2	1	15	0	0	0	209	482	358	75	-1	
3	1	15	1	0	0	209	482	358	75	-1	
4	1	15	1	1	0	300	482	150	27	-1	
5	1	15	1	1	1	300	482	35	26	80.701538	γιά
5	1	15	1	1	2	346	483	104	26	12.822502	Αμερική,
4	1	15	1	2	0	209	525	358	32	-1	
5	1	15	1	2	1	209	525	108	31	0.000000	ΑΓΙΟΣ
5	1	15	1	2	2	334	535	233	22	87.566139	ΚΩΝΣΤΑΝΤΙΝΟΣ
2	1	16	0	0	0	439	572	142	27	-1	
3	1	16	1	0	0	439	572	142	27	-1	
4	1	16	1	1	0	439	572	142	27	-1	
5	1	16	1	1	1	439	579	33	18	96.343483	της
5	1	16	1	1	2	487	572	94	27	23.332275	προήχθη
2	1	17	0	0	0	403	579	44	83	-1	
3	1	17	1	0	0	403	579	44	83	-1	
4	1	17	1	1	0	403	579	44	49	-1	
5	1	17	1	1	1	403	579	44	49	95.000000	  
4	1	17	1	2	0	419	628	21	34	-1	
5	1	17	1	2	1	419	628	21	34	95.000000	 
2	1	18	0	0	0	45	569	374	28	-1	
3	1	18	1	0	0	45	569	374	28	-1	
4	1	18	1	1	0	45	569	374	28	-1	
5	1	18	1	1	1	45	582	28	1	0.000000	-
5	1	18	1	1	2	100	569	24	20	55.457993	Ὁ
5	1	18	1	1	3	142	578	18	13	73.693855	κ,
5	1	18	1	1	4	178	569	134	27	67.903793	Γεώργιος
5	1	18	1	1	5	296	565	42	36	87.377899	Χρ.
5	1	18	1	1	6	351	571	68	26	30.966675	᾿Αρέαί
2	1	19	0	0	0	419	579	5	11	-1	
3	1	19	1	0	0	419	579	5	11	-1	
4	1	19	1	1	0	419	579	5	11	-1	
5	1	19	1	1	1	419	579	5	11	95.000000	 
2	1	20	0	0	0	47	604	563	30	-1	
3	1	20	1	0	0	47	604	563	30	-1	
4	1	20	1	1	0	47	604	563	30	-1	
5	1	20	1	1	1	47	604	128	27	12.232521	Εήσαηγελέα
5	1	20	1	1	2	452	607	37	25	83.414978	στή
5	1	20	1	1	3	512	607	98	27	44.690590	Λάρισσαι,
2	1	21	0	0	0	44	675	269	25	-1	
3	1	21	1	0	0	44	675	269	25	-1	
4	1	21	1	1	0	44	675	269	25	-1	
5	1	21	1	1	1	44	675	36	23	84.122375	τῆς
5	1	21	1	1	2	99	675	155	25	55.025784	Σρατιωτυκῆς
5	1	21	1	1	3	275	677	38	19	35.176788	Δι
2	1	22	0	0	0	142	605	610	66	-1	
3	1	22	1	0	0	142	605	610	65	-1	
4	1	22	1	1	0	199	605	199	28	-1	
5	1	22	1	1	1	199	606	87	26	78.188507	Ἐφετῶν
5	1	22	1	1	2	304	605	32	22	53.373875	καὶ
5	1	22	1	1	3	351	606	47	27	88.663864	ὑπηρ
4	1	22	1	2	0	142	640	610	31	-1	
5	1	22	1	2	1	142	649	17	12	84.142632	κ.
5	1	22	1	2	2	174	640	114	27	77.500343	Δημήπριος
5	1	22	1	2	3	302	642	26	21	87.205757	Χ.
5	1	22	1	2	4	346	642	120	26	48.459167	᾿Αρθαλίτης
5	1	22	1	2	5	481	643	93	27	78.084816	προήχθη
5	1	22	1	2	6	592	643	29	24	93.133179	εἰς
5	1	22	1	2	7	638	644	114	27	0.730270	᾿Αντ)ργηῃλ
2	1	23	0	0	0	668	681	83	18	-1	
3	1	23	1	0	0	668	681	83	18	-1	
4	1	23	1	1	0	668	681	83	18	-1	
5	1	23	1	1	1	668	681	83	18	0.000000	απαιδεύ-
2	1	24	0	0	0	317	677	66	20	-1	
3	1	24	1	0	0	317	677	66	20	-1	
4	1	24	1	1	0	317	677	66	20	-1	
5	1	24	1	1	1	317	677	66	20	95.000000	 
2	1	25	0	0	0	380	679	215	22	-1	
3	1	25	1	0	0	380	679	215	22	-1	
4	1	25	1	1	0	380	679	215	22	-1	
5	1	25	1	1	1	380	684	34	17	60.520866	ης.
5	1	25	1	1	2	432	677	120	20	0.000000	ἐπαλθλθών
5	1	25	1	1	3	572	679	23	19	75.234039	ἐκ.
2	1	26	0	0	0	613	686	73	12	-1	
3	1	26	1	0	0	613	686	73	12	-1	
4	1	26	1	1	0	613	686	73	12	-1	
5	1	26	1	1	1	613	686	73	12	95.000000	 
2	1	27	0	0	0	42	709	521	96	-1	
3	1	27	1	0	0	42	709	521	96	-1	
4	1	27	1	1	0	43	709	520	56	-1	
5	1	27	1	1	1	43	716	51	16	89.840775	σεως
5	1	27	1	1	2	123	709	28	24	89.826935	εἰς
5	1	27	1	1	3	163	709	101	22	0.000000	Λονδίνου,
5	1	27	1	1	4	276	710	118	26	38.654438	Θεομότατα
5	1	27	1	1	5	406	719	20	39	38.555599	ο
5	1	27	1	1	6	474	711	89	54	29.340195	δε
4	1	27	1	2	0	44	744	366	27	-1	
5	1	27	1	2	1	44	756	26	2	52.889915	---
5	1	27	1	2	2	92	744	16	20	75.167549	Ἡ
5	1	27	1	2	3	126	759	16	6	23.523758	δ,
5	1	27	1	2	4	160	744	115	27	33.223030	Εὐαγγελία
5	1	27	1	2	5	295	746	31	20	80.919495	Τ.
5	1	27	1	2	6	341	745	69	26	52.340626	Δημοπ
4	1	27	1	3	0	42	779	114	26	-1	
5	1	27	1	3	1	42	779	114	26	21.338486	χανολόγων
2	1	28	0	0	0	178	746	572	63	-1	
3	1	28	1	0	0	185	747	565	62	-1	
4	1	28	1	1	0	449	747	301	26	-1	
5	1	28	1	1	1	449	753	20	13	61.501411	οὐ
5	1	28	1	1	2	482	745	72	28	32.600548	πέτυχε
5	1	28	1	1	3	569	747	35	25	88.321907	στή
5	1	28	1	1	4	619	747	69	26	0.000000	Σχολή
5	1	28	1	1	5	705	747	45	26	17.168304	Μη-
4	1	28	1	2	0	178	746	528	63	-1	
5	1	28	1	2	1	178	780	171	27	47.421345	Ἠλεκτουλόγων,
5	1	28	1	2	2	366	781	27	20	70.974030	Θε
5	1	28	1	2	3	397	746	61	56	17.330811	μες
5	1	28	1	2	4	450	781	74	26	24.043579	ονήκης.
5	1	28	1	2	5	543	782	163	27	27.072021	Συγχαρητήρια.
2	1	29	0	0	0	71	814	133	21	-1	
3	1	29	1	0	0	71	814	133	21	-1	
4	1	29	1	1	0	71	814	133	21	-1	
5	1	29	1	1	1	71	814	30	21	90.124954	Τό
5	1	29	1	1	2	116	815	88	20	40.271244	ἐσωτερ'ῃ
2	1	30	0	0	0	40	815	503	366	-1	
3	1	30	1	0	0	40	815	503	366	-1	
4	1	30	1	1	0	40	815	502	255	-1	
5	1	30	1	1	1	40	815	502	255	95.000000	  
4	1	30	1	2	0	40	1070	502	38	-1	
5	1	30	1	2	1	40	1070	502	38	95.000000	 
4	1	30	1	3	0	403	1153	140	28	-1	
5	1	30	1	3	1	403	1153	140	28	95.000000	 
2	1	31	0	0	0	448	825	99	18	-1	
3	1	31	1	0	0	448	825	99	18	-1	
4	1	31	1	1	0	448	825	99	18	-1	
5	1	31	1	1	1	448	825	38	16	73.043137	τως
5	1	31	1	1	2	506	825	41	18	35.401489	ἔγιλ
2	1	32	0	0	0	548	826	168	13	-1	
3	1	32	1	0	0	548	826	168	13	-1	
4	1	32	1	1	0	548	826	168	13	-1	
5	1	32	1	1	1	548	826	168	13	95.000000	 
2	1	33	0	0	0	614	1013	134	57	-1	
3	1	33	1	0	0	614	1013	134	57	-1	
4	1	33	1	1	0	614	1013	134	26	-1	
5	1	33	1	1	1	614	1009	11	34	35.972855	,.
5	1	33	1	1	2	635	1013	10	25	19.105606	ἡ
5	1	33	1	1	3	664	1013	84	26	96.450439	σύσταση
4	1	33	1	2	0	676	1049	72	21	-1	
5	1	33	1	2	1	676	1050	8	20	92.336273	ὁ
5	1	33	1	2	2	701	1049	47	20	39.498184	Θεο-
2	1	34	0	0	0	542	1083	204	28	-1	
3	1	34	1	0	0	542	1083	204	28	-1	
4	1	34	1	1	0	542	1083	204	28	-1	
5	1	34	1	1	1	542	1092	31	17	0.138901	κης
5	1	34	1	1	2	588	1083	33	21	85.161148	καὶ
5	1	34	1	1	3	639	1084	107	27	90.483139	συνήρπασε
2	1	35	0	0	0	573	1020	86	55	-1	
3	1	35	1	0	0	573	1020	86	55	-1	
4	1	35	1	1	0	573	1020	86	55	-1	
5	1	35	1	1	1	573	1020	56	55	25.916283	μεν
5	1	35	1	1	2	650	1056	9	16	93.204926	ς
2	1	36	0	0	0	74	1116	8	20	-1	
3	1	36	1	0	0	74	1116	8	20	-1	
4	1	36	1	1	0	74	1116	8	20	-1	
5	1	36	1	1	1	74	1116	8	20	0.000000	ω-
2	1	37	0	0	0	39	1116	248	169	-1	
3	1	37	1	0	0	41	1116	176	27	-1	
4	1	37	1	1	0	41	1116	176	27	-1	
5	1	37	1	1	1	41	1125	10	12	73.386551	τὸ
5	1	37	1	1	2	83	1116	134	27	7.005600	ἐχικλησίασμ.
3	1	37	2	0	0	39	1152	234	27	-1	
4	1	37	2	1	0	39	1152	234	27	-1	
5	1	37	2	1	1	39	1165	28	2	8.700272	-
5	1	37	2	1	2	83	1152	26	20	85.843643	Ἡ
5	1	37	2	1	3	125	1154	16	19	79.432526	δ.
5	1	37	2	1	4	159	1152	69	27	92.077972	Μαρία
5	1	37	2	1	5	248	1153	25	21	92.077972	Ν.
3	1	37	3	0	0	45	1187	242	58	-1	
4	1	37	3	1	0	45	1187	222	27	-1	
5	1	37	3	1	1	45	1187	103	27	13.298119	Ἡρονοίας
5	1	37	3	1	2	167	1189	100	25	0.000000	᾿Ανῶν.
4	1	37	3	2	0	68	1222	219	23	-1	
5	1	37	3	2	1	68	1222	28	21	46.573776	9
5	1	37	3	2	2	111	1223	176	22	36.928215	ΤΟΝΝΗΣΕΙΣ:
3	1	37	4	0	0	40	1258	225	27	-1	
4	1	37	4	1	0	40	1258	225	27	-1	
5	1	37	4	1	1	40	1271	28	3	0.000000	-
5	1	37	4	1	2	83	1259	26	20	64.893097	Ἡ
5	1	37	4	1	3	123	1258	80	27	91.908226	σύζυγος
5	1	37	4	1	4	218	1260	47	20	76.158188	Ἠλ.
2	1	38	0	0	0	294	1154	452	28	-1	
3	1	38	1	0	0	294	1154	452	28	-1	
4	1	38	1	1	0	294	1154	452	28	-1	
5	1	38	1	1	1	294	1154	109	26	57.944664	Καλαθρυτ
5	1	38	1	1	2	549	1155	35	25	42.972340	στή.
5	1	38	1	1	3	602	1155	69	27	0.000000	Σχολή
5	1	38	1	1	4	690	1156	56	21	52.391319	Κον.
2	1	39	0	0	0	290	1259	458	30	-1	
3	1	39	1	0	0	290	1259	458	30	-1	
4	1	39	1	1	0	290	1259	458	30	-1	
5	1	39	1	1	1	290	1260	26	21	91.458595	Ν.
5	1	39	1	1	2	330	1259	78	22	60.989952	Ἱκάτσου
5	1	39	1	1	3	425	1260	81	27	9.601585	γόννησε
5	1	39	1	1	4	519	1261	123	27	78.828430	χαριτωμένο
5	1	39	1	1	5	658	1262	90	27	71.644012	χοριπσά-
2	1	40	0	0	0	76	1330	203	23	-1	
3	1	40	1	0	0	76	1330	203	23	-1	
4	1	40	1	1	0	76	1330	203	23	-1	
5	1	40	1	1	1	76	1330	20	20	74.552116	ϐ
5	1	40	1	1	2	111	1330	168	23	40.118404	ΡΛΠΗΤΙΣΕΙΣ:
2	1	41	0	0	0	41	1364	706	31	-1	
3	1	41	1	0	0	41	1364	706	31	-1	
4	1	41	1	1	0	41	1364	706	31	-1	
5	1	41	1	1	1	41	1364	66	22	44.076729	---Τό
5	1	41	1	1	2	122	1367	68	25	83.581940	ζεῦγος
5	1	41	1	1	3	210	1365	80	27	85.683838	Βασίλη
5	1	41	1	1	4	308	1367	26	21	87.902237	Π.
5	1	41	1	1	5	354	1366	109	28	86.051147	Βούλγαρη
5	1	41	1	1	6	481	1367	79	22	0.000000	ἑάπτισε
5	1	41	1	1	7	578	1368	34	26	84.325813	τήν
5	1	41	1	1	8	629	1368	49	27	62.705799	κόρη
5	1	41	1	1	9	696	1377	51	16	94.603020	τους.
2	1	42	0	0	0	150	1410	26	12	-1	
3	1	42	1	0	0	150	1410	26	12	-1	
4	1	42	1	1	0	150	1410	26	12	-1	
5	1	42	1	1	1	150	1410	26	12	95.000000	  
2	1	43	0	0	0	43	1401	447	27	-1	
3	1	43	1	0	0	43	1401	447	27	-1	
4	1	43	1	1	0	43	1401	447	27	-1	
5	1	43	1	1	1	43	1401	33	20	67.152527	ονά
5	1	43	1	1	2	89	1401	12	25	90.863358	ἡ
5	1	43	1	1	3	118	1401	100	27	93.275177	Κατερίνη
5	1	43	1	1	4	233	1402	82	26	30.705994	Ζιάδρα,
5	1	43	1	1	5	327	1402	58	25	90.299423	ὄνομα
5	1	43	1	1	6	399	1402	73	26	55.031490	Ελένη
5	1	43	1	1	7	483	1416	7	2	93.185654	-
2	1	44	0	0	0	41	1403	564	133	-1	
3	1	44	1	0	0	70	1403	535	91	-1	
4	1	44	1	1	0	501	1403	104	26	-1	
5	1	44	1	1	1	501	1403	104	26	79.299339	Χριστίνα.
4	1	44	1	2	0	70	1436	181	27	-1	
5	1	44	1	2	1	70	1436	35	21	83.983093	Νά
5	1	44	1	2	2	119	1436	44	25	96.678642	τούς
5	1	44	1	2	3	176	1437	75	26	91.990417	ζήσουν.
4	1	44	1	3	0	76	1471	136	23	-1	
5	1	44	1	3	1	76	1471	21	21	86.289467	6
5	1	44	1	3	2	112	1472	100	22	85.677826	ΓΑΜΟΙ:
3	1	44	2	0	0	41	1508	531	28	-1	
4	1	44	2	1	0	41	1508	531	28	-1	
5	1	44	2	1	1	41	1521	29	3	23.370697	--
5	1	44	2	1	2	84	1508	83	26	25.577660	Έγιναν
5	1	44	2	1	3	182	1508	15	21	81.956772	οἱ
5	1	44	2	1	4	216	1508	57	27	20.668076	γάμοι
5	1	44	2	1	5	288	1511	36	24	91.422508	τῆς
5	1	44	2	1	6	342	1508	141	28	58.825420	Παναγιώτας
5	1	44	2	1	7	500	1510	15	22	27.898758	].
5	1	44	2	1	8	535	1511	37	20	82.744164	Πα
2	1	45	0	0	0	274	1545	46	19	-1	
3	1	45	1	0	0	274	1545	46	19	-1	
4	1	45	1	1	0	274	1545	46	19	-1	
5	1	45	1	1	1	274	1545	46	19	81.261414	Ἠλ.
2	1	46	0	0	0	573	1511	176	27	-1	
3	1	46	1	0	0	573	1511	176	27	-1	
4	1	46	1	1	0	573	1511	176	27	-1	
5	1	46	1	1	1	573	1511	176	27	95.000000	 
2	1	47	0	0	0	495	1545	51	26	-1	
3	1	47	1	0	0	495	1545	51	26	-1	
4	1	47	1	1	0	495	1545	51	26	-1	
5	1	47	1	1	1	495	1545	51	26	10.052322	Εχό.
2	1	48	0	0	0	338	1545	136	25	-1	
3	1	48	1	0	0	338	1545	136	25	-1	
4	1	48	1	1	0	338	1545	136	25	-1	
5	1	48	1	1	1	338	1545	136	25	43.435001	Γεωργάτσου.,
2	1	49	0	0	0	41	1543	707	40	-1	
3	1	49	1	0	0	41	1543	707	40	-1	
4	1	49	1	1	0	41	1543	707	40	-1	
5	1	49	1	1	1	41	1543	155	40	95.000000	 
5	1	49	1	1	2	547	1547	201	26	95.000000	 
2	1	50	0	0	0	40	1586	356	105	-1	
3	1	50	1	0	0	40	1586	353	86	-1	
4	1	50	1	1	0	42	1586	66	17	-1	
5	1	50	1	1	1	42	1586	66	17	39.762886	σμένη.
4	1	50	1	2	0	70	1612	182	23	-1	
5	1	50	1	2	1	70	1612	27	21	77.484543	Φ
5	1	50	1	2	2	112	1614	140	21	89.094818	ΘΑΝΑΤΟΙ:
4	1	50	1	3	0	40	1649	356	42	-1	
5	1	50	1	3	1	40	1662	23	1	19.692917	κ
5	1	50	1	3	2	82	1649	41	25	26.647964	Την
5	1	50	1	3	3	138	1649	71	22	25.247231	19-50
5	1	50	1	3	4	223	1649	96	22	91.379387	ἀπεξίωσε
5	1	50	1	3	5	326	1651	14	40	78.288406	ὁ
5	1	50	1	3	6	354	1651	42	20	31.623726	Νις
2	1	51	0	0	0	296	1687	103	24	-1	
3	1	51	1	0	0	296	1687	103	24	-1	
4	1	51	1	1	0	296	1687	103	24	-1	
5	1	51	1	1	1	296	1687	103	24	95.000000	 
2	1	52	0	0	0	41	1684	278	62	-1	
3	1	52	1	0	0	41	1684	278	62	-1	
4	1	52	1	1	0	41	1684	255	27	-1	
5	1	52	1	1	1	41	1684	63	27	93.279510	κράτη
5	1	52	1	1	2	121	1685	68	26	0.000000	Κοψιᾶ
5	1	52	1	1	3	209	1685	33	21	87.377937	καί
5	1	52	1	1	4	262	1686	34	20	2.170494	ἔκη
4	1	52	1	2	0	41	1721	278	25	-1	
5	1	52	1	2	1	41	1720	117	26	29.936295	μνημόσυνον
5	1	52	1	2	2	169	1721	44	24	84.749802	στίς
5	1	52	1	2	3	226	1721	93	21	56.762409	5-10-80.
2	1	53	0	0	0	87	1755	426	29	-1	
3	1	53	1	0	0	87	1755	426	29	-1	
4	1	53	1	1	0	87	1755	426	29	-1	
5	1	53	1	1	1	87	1755	82	27	90.661743	Ἐπίσης
5	1	53	1	1	2	187	1756	95	22	57.451649	ἀπεδίωσε
5	1	53	1	1	3	299	1758	8	20	92.852913	ὁ
5	1	53	1	1	4	326	1757	75	24	91.398491	Ἠλίας
5	1	53	1	1	5	425	1757	88	27	63.661179	Πάτσης
2	1	54	0	0	0	533	1759	200	26	-1	
3	1	54	1	0	0	533	1767	131	17	-1	
4	1	54	1	1	0	533	1767	11	17	-1	
5	1	54	1	1	1	533	1767	11	17	17.134644	ο.
4	1	54	1	2	0	593	1767	11	12	-1	
5	1	54	1	2	1	593	1767	11	12	0.000000	.
4	1	54	1	3	0	606	1767	11	12	-1	
5	1	54	1	3	1	606	1767	11	12	28.130112	Βἰ
4	1	54	1	4	0	618	1768	11	11	-1	
5	1	54	1	4	1	618	1768	11	11	30.515480	Ἀ
4	1	54	1	5	0	630	1767	16	12	-1	
5	1	54	1	5	1	630	1767	16	12	18.522865	εν
4	1	54	1	6	0	647	1767	17	12	-1	
5	1	54	1	6	1	647	1767	17	12	0.000000	εἩ
3	1	54	2	0	0	668	1775	8	8	-1	
4	1	54	2	1	0	668	1775	8	8	-1	
5	1	54	2	1	1	668	1775	8	8	0.000000	ς
3	1	54	3	0	0	679	1768	10	17	-1	
4	1	54	3	1	0	679	1768	10	17	-1	
5	1	54	3	1	1	679	1768	10	17	15.341537	κο
3	1	54	4	0	0	693	1759	40	24	-1	
4	1	54	4	1	0	693	1775	10	8	-1	
5	1	54	4	1	1	693	1775	10	8	0.000000	π
4	1	54	4	2	0	720	1759	13	20	-1	
5	1	54	4	2	1	720	1759	13	20	60.134369	οο
2	1	55	0	0	0	42	1791	55	22	-1	
3	1	55	1	0	0	42	1791	55	22	-1	
4	1	55	1	1	0	42	1791	55	22	-1	
5	1	55	1	1	1	42	1791	55	22	71.022057	ἐτῶν.
2	1	56	0	0	0	43	1846	415	62	-1	
3	1	56	1	0	0	43	1846	415	57	-1	
4	1	56	1	1	0	331	1846	127	42	-1	
5	1	56	1	1	1	331	1846	127	42	53.799911	ΚΑΣΤΟΡΙ
4	1	56	1	2	0	43	1881	331	27	-1	
5	1	56	1	2	1	43	1894	25	1	17.251808	---
5	1	56	1	2	2	88	1881	16	20	49.212498	Ἡ
5	1	56	1	2	3	118	1882	15	20	85.953323	δ.
5	1	56	1	2	4	146	1881	154	27	90.382942	Σταυρούλα
5	1	56	1	2	5	275	1877	30	35	60.132629	Ἑ.
5	1	56	1	2	6	315	1882	59	21	25.329323	Μπόν
2	1	57	0	0	0	42	1917	162	40	-1	
3	1	57	1	0	0	42	1917	162	40	-1	
4	1	57	1	1	0	42	1917	162	40	-1	
5	1	57	1	1	1	42	1917	106	40	0.000000	παρης
5	1	57	1	1	2	143	1925	61	18	0.000000	τηρις,
2	1	58	0	0	0	37	1948	713	104	-1	
3	1	58	1	0	0	37	1948	713	104	-1	
4	1	58	1	1	0	37	1948	713	104	-1	
5	1	58	1	1	1	37	1948	713	104	95.000000	 
2	1	59	0	0	0	315	2079	335	62	-1	
3	1	59	1	0	0	315	2079	335	62	-1	
4	1	59	1	1	0	315	2079	166	21	-1	
5	1	59	1	1	1	315	2079	166	21	33.408226	ΠΕΡΙΡΟΔΙΑ,
4	1	59	1	2	0	354	2114	296	27	-1	
5	1	59	1	2	1	354	2122	19	13	90.113510	ου
5	1	59	1	2	2	390	2115	8	21	92.674248	ὁ
5	1	59	1	2	3	416	2114	75	24	86.000694	Ἠλίας
5	1	59	1	2	4	506	2115	65	21	48.350693	Λεων.
5	1	59	1	2	5	586	2116	64	25	23.535919	Σµυρν
2	1	60	0	0	0	708	2107	15	10	-1	
3	1	60	1	0	0	708	2107	15	10	-1	
4	1	60	1	1	0	708	2107	15	10	-1	
5	1	60	1	1	1	708	2107	15	10	95.000000	 
2	1	61	0	0	0	371	2149	377	29	-1	
3	1	61	1	0	0	371	2149	377	29	-1	
4	1	61	1	1	0	371	2149	377	29	-1	
5	1	61	1	1	1	371	2150	35	20	90.488670	ἀπὸ
5	1	61	1	1	2	430	2149	110	22	74.769585	Πελλάνα.
5	1	61	1	1	3	561	2150	68	27	93.050041	Θερμά
5	1	61	1	1	4	650	2159	98	19	87.571281	συγχαρη-
2	1	62	0	0	0	42	2112	311	98	-1	
3	1	62	1	0	0	42	2112	311	98	-1	
4	1	62	1	1	0	42	2112	311	98	-1	
5	1	62	1	1	1	42	2112	311	98	95.000000	 
2	1	63	0	0	0	327	2079	4	168	-1	
3	1	63	1	0	0	327	2079	4	168	-1	
4	1	63	1	1	0	327	2079	4	168	-1	
5	1	63	1	1	1	327	2079	4	168	95.000000	 
2	1	64	0	0	0	41	2227	707	210	-1	
3	1	64	1	0	0	41	2227	707	210	-1	
4	1	64	1	1	0	323	2227	145	20	-1	
5	1	64	1	1	1	323	2227	145	20	64.656456	ΠΒΛΛΑΝΙΑ.
4	1	64	1	2	0	41	2261	624	40	-1	
5	1	64	1	2	1	41	2274	27	1	44.886009	---
5	1	64	1	2	2	81	2261	23	20	57.970123	Ὁ
5	1	64	1	2	3	118	2270	18	12	92.128563	κ.
5	1	64	1	2	4	155	2261	95	26	90.779175	Ἰωάννης
5	1	64	1	2	5	281	2261	94	25	57.354408	ΓΓκλέχας
5	1	64	1	2	6	391	2262	94	39	34.318481	πρόεδρος
5	1	64	1	2	7	503	2264	36	24	93.295792	τῆς
5	1	64	1	2	8	554	2263	111	24	69.137810	Πελλάνας
4	1	64	1	3	0	41	2296	634	28	-1	
5	1	64	1	3	1	41	2305	20	12	54.621300	σε
5	1	64	1	3	2	71	2296	20	21	81.325813	τό
5	1	64	1	3	3	105	2296	122	27	81.000214	χαριτωμένο
5	1	64	1	3	4	235	2297	104	27	49.787033	ικαριπσάκι
5	1	64	1	3	5	354	2306	39	14	90.027824	του.
5	1	64	1	3	6	407	2297	58	27	24.358795	ὄνημα
5	1	64	1	3	7	483	2298	81	26	38.864212	᾿Ἀθηνά.
5	1	64	1	3	8	581	2298	34	21	92.518929	Νά
5	1	64	1	3	9	631	2298	44	25	87.479622	τούς
4	1	64	1	4	0	330	2339	133	42	-1	
5	1	64	1	4	1	330	2339	59	42	2.135178	ΠΑΕ
5	1	64	1	4	2	401	2340	62	21	2.135178	ΝΑΑΙ
4	1	64	1	5	0	440	2376	306	26	-1	
5	1	64	1	5	1	440	2375	21	21	79.530991	τὸ
5	1	64	1	5	2	480	2376	102	26	42.351295	περιτσάχι
5	1	64	1	5	3	603	2385	39	13	93.274445	του.
5	1	64	1	5	4	658	2377	45	21	8.428345	νονά
5	1	64	1	5	5	735	2377	11	25	89.140060	ἡ
4	1	64	1	6	0	380	2410	368	27	-1	
5	1	64	1	6	1	380	2412	73	19	0.000000	λούλα.
5	1	64	1	6	2	471	2411	24	20	72.062759	'Ὁ
5	1	64	1	6	3	512	2410	69	26	72.234039	Τέλης
5	1	64	1	6	4	596	2412	22	20	90.648163	Δ.
5	1	64	1	6	5	633	2411	115	26	74.113503	Καράγιαν-
2	1	65	0	0	0	40	2374	394	62	-1	
3	1	65	1	0	0	40	2374	394	62	-1	
4	1	65	1	1	0	40	2374	394	62	-1	
5	1	65	1	1	1	40	2374	394	62	95.000000	 
2	1	66	0	0	0	125	2440	235	48	-1	
3	1	66	1	0	0	125	2440	235	48	-1	
4	1	66	1	1	0	125	2440	235	48	-1	
5	1	66	1	1	1	125	2440	235	48	95.000000	   
2	1	67	0	0	0	714	2447	34	20	-1	
3	1	67	1	0	0	714	2447	34	20	-1	
4	1	67	1	1	0	714	2447	34	20	-1	
5	1	67	1	1	1	714	2447	34	20	0.000000	2Α.,
2	1	68	0	0	0	707	2490	38	13	-1	
3	1	68	1	0	0	707	2490	38	13	-1	
4	1	68	1	1	0	707	2490	38	13	-1	
5	1	68	1	1	1	707	2490	38	13	93.211838	του.
2	1	69	0	0	0	40	2444	658	29	-1	
3	1	69	1	0	0	40	2444	658	29	-1	
4	1	69	1	1	0	40	2444	658	29	-1	
5	1	69	1	1	1	40	2452	37	18	74.758018	νης
5	1	69	1	1	2	93	2444	38	21	52.779770	ἑάπ'
5	1	69	1	1	3	362	2448	31	19	91.419914	τοῦ
5	1	69	1	1	4	412	2446	20	21	60.830250	Γ.
5	1	69	1	1	5	452	2446	169	27	61.550999	Μιχαλάχρηστα,
5	1	69	1	1	6	639	2446	59	26	95.077744	ὄνομα
2	1	70	0	0	0	40	2480	634	29	-1	
3	1	70	1	0	0	40	2480	634	29	-1	
4	1	70	1	1	0	40	2480	634	29	-1	
5	1	70	1	1	1	40	2480	77	21	83.997910	σπασία,
5	1	70	1	1	2	135	2480	82	27	45.279888	Ἠπίσης
5	1	70	1	1	3	235	2482	8	20	92.986496	ὁ
5	1	70	1	1	4	260	2481	25	21	51.191982	ἸΚ.
5	1	70	1	1	5	304	2482	95	23	43.727909	Γκλόκας
5	1	70	1	1	6	420	2481	79	22	68.894562	θάπτισε
5	1	70	1	1	7	535	2481	20	21	84.945480	τό
5	1	70	1	1	8	572	2481	102	28	54.287712	κοριτσάκι
2	1	71	0	0	0	41	2516	187	26	-1	
3	1	71	1	0	0	41	2516	187	26	-1	
4	1	71	1	1	0	41	2516	187	25	-1	
5	1	71	1	1	1	41	2516	35	21	92.168991	Νά
5	1	71	1	1	2	92	2516	44	24	95.422096	τούς
5	1	71	1	1	3	154	2516	74	25	74.633842	ζήσουν.
4	1	71	1	2	0	174	2535	2	7	-1	
5	1	71	1	2	1	174	2535	2	7	31.711990	Ι
2	1	72	0	0	0	43	2573	484	8	-1	
3	1	72	1	0	0	43	2573	484	8	-1	
4	1	72	1	1	0	43	2573	484	8	-1	
5	1	72	1	1	1	43	2573	484	8	95.000000	 
2	1	73	0	0	0	129	2608	513	66	-1	
3	1	73	1	0	0	129	2608	513	66	-1	
4	1	73	1	1	0	129	2608	513	66	-1	
5	1	73	1	1	1	129	2608	116	52	96.074944	Ποτέ
5	1	73	1	1	2	267	2609	86	52	95.038307	δὲν
5	1	73	1	1	3	375	2609	125	51	93.302177	εἶναι
5	1	73	1	1	4	522	2609	120	65	52.993694	ἀργά
2	1	74	0	0	0	41	2713	706	385	-1	
3	1	74	1	0	0	213	2713	366	23	-1	
4	1	74	1	1	0	213	2713	366	23	-1	
5	1	74	1	1	1	213	2723	19	6	87.513832	Ξ-
5	1	74	1	1	2	247	2713	84	22	89.674583	Συνέχεα
5	1	74	1	1	3	350	2713	40	17	95.643517	ἀπό
5	1	74	1	1	4	403	2714	34	22	93.293472	τήν
5	1	74	1	1	5	454	2714	20	20	48.915169	Ιη
5	1	74	1	1	6	487	2713	66	18	93.080620	σελίδα
5	1	74	1	1	7	565	2721	14	6	92.646393	--
3	1	74	2	0	0	41	2748	706	350	-1	
4	1	74	2	1	0	41	2748	706	29	-1	
5	1	74	2	1	1	41	2748	70	25	93.245163	Κάτω,
5	1	74	2	1	2	128	2749	41	21	92.506088	σύν
5	1	74	2	1	3	188	2750	30	20	93.303253	τά
5	1	74	2	1	4	234	2749	109	25	50.835476	ἔἕκτακτα,
5	1	74	2	1	5	362	2749	183	28	95.783920	Χριστούγεννα,
5	1	74	2	1	6	561	2750	94	27	93.298149	Πάσχα,
5	1	74	2	1	7	672	2750	75	21	91.605362	Καλο-
4	1	74	2	2	0	41	2784	706	29	-1	
5	1	74	2	2	1	41	2784	69	28	49.654461	Καΐρι,
5	1	74	2	2	2	129	2785	41	20	92.657173	σύν
5	1	74	2	2	3	188	2785	158	27	91.335495	ἑκατονπάδες
5	1	74	2	2	4	366	2785	38	27	95.649605	γιά
5	1	74	2	2	5	420	2785	56	27	95.649605	τούς
5	1	74	2	2	6	492	2786	132	27	68.142723	τουρίστες
5	1	74	2	2	7	641	2786	39	21	81.419823	καί
5	1	74	2	2	8	699	2786	48	21	96.951782	ἀπό
4	1	74	2	3	0	42	2820	704	28	-1	
5	1	74	2	3	1	42	2820	73	27	92.895134	ἀρχές
5	1	74	2	3	2	129	2820	98	21	0.000000	Ιουνίου
5	1	74	2	3	3	242	2821	31	26	96.845718	ὡς
5	1	74	2	3	4	288	2821	69	26	93.295380	τέλος
5	1	74	2	3	5	370	2820	138	28	91.961182	Αὐγούστου
5	1	74	2	3	6	525	2821	24	21	41.804588	Ι2
5	1	74	2	3	7	562	2822	128	26	90.769508	λευφορεῖα
5	1	74	2	3	8	705	2821	41	27	96.977661	τήν
4	1	74	2	4	0	41	2856	705	28	-1	
5	1	74	2	4	1	41	2856	77	27	92.224838	ἡμέρα
5	1	74	2	4	2	133	2856	39	27	96.126938	γιά
5	1	74	2	4	3	186	2856	32	21	96.433044	τά
5	1	74	2	4	4	236	2857	119	21	95.910851	θαλάσσια
5	1	74	2	4	5	373	2857	99	27	15.906769	λουτρά.
5	1	74	2	4	6	491	2857	31	20	93.293968	Τό
5	1	74	2	4	7	539	2858	82	26	53.315178	τραῖνο
5	1	74	2	4	8	638	2857	108	27	86.732559	Σπάρτη-
4	1	74	2	5	0	42	2892	704	28	-1	
5	1	74	2	5	1	42	2892	109	20	93.420601	θάλασσα
5	1	74	2	5	2	173	2892	30	21	91.647064	θά
5	1	74	2	5	3	223	2893	113	20	42.775768	καταστεϊῖ
5	1	74	2	5	4	353	2892	43	24	92.235870	ὅ,τι
5	1	74	2	5	5	415	2893	13	20	92.847473	ὁ
5	1	74	2	5	6	447	2892	150	28	82.789825	᾿Ηλεκτρικός
5	1	74	2	5	7	635	2893	111	27	80.433861	᾿Αθηνῶν-
4	1	74	2	6	0	42	2927	705	29	-1	
5	1	74	2	6	1	42	2928	118	26	91.646835	Πειραιῶς.
5	1	74	2	6	2	178	2928	40	21	96.747345	Γιά
5	1	74	2	6	3	229	2928	41	21	96.575043	τόν
5	1	74	2	6	4	286	2928	55	22	96.259491	ΟΣΕ
5	1	74	2	6	5	354	2928	29	21	95.513863	θά
5	1	74	2	6	6	397	2927	55	22	93.299927	εἶναι
5	1	74	2	6	7	466	2928	12	28	91.717239	ἡ
5	1	74	2	6	8	491	2928	39	21	96.504761	πιό
5	1	74	2	6	9	545	2928	81	28	36.491169	γόνιμη
5	1	74	2	6	10	642	2929	105	27	61.685081	γραµµή,
4	1	74	2	7	0	41	2963	706	29	-1	
5	1	74	2	7	1	41	2963	61	27	96.388283	γιατί
5	1	74	2	7	2	118	2963	30	21	92.309036	θά
5	1	74	2	7	3	162	2964	76	21	93.301193	πιάνει
5	1	74	2	7	4	257	2964	45	21	92.736992	ὅλα
5	1	74	2	7	5	320	2964	31	21	96.718597	τά
5	1	74	2	7	6	365	2964	78	27	95.924232	χωριά
5	1	74	2	7	7	458	2965	42	26	96.104729	τῆς
5	1	74	2	7	8	517	2964	87	27	93.303856	Νότιας
5	1	74	2	7	9	621	2964	126	28	42.024361	᾿Αρκαδίας
4	1	74	2	8	0	41	2998	706	30	-1	
5	1	74	2	8	1	41	2998	38	21	93.228897	καί
5	1	74	2	8	2	95	2999	46	21	93.147690	ὅλα
5	1	74	2	8	3	155	3000	42	26	96.948692	τῆς
5	1	74	2	8	4	214	3000	127	26	86.761909	Λακωνίας.
5	1	74	2	8	5	359	3000	25	20	45.584179	Ὁ
5	1	74	2	8	6	400	3000	140	27	96.624496	πράκτορας
5	1	74	2	8	7	555	3001	43	20	96.861595	τοῦ
5	1	74	2	8	8	615	3000	56	21	65.289413	ΟΣΕ
5	1	74	2	8	9	703	3000	44	28	65.289413	στή
4	1	74	2	9	0	41	3034	706	30	-1	
5	1	74	2	9	1	41	3034	96	28	96.200424	Σπάρτη
5	1	74	2	9	2	154	3035	46	21	96.200424	πού
5	1	74	2	9	3	217	3035	115	27	96.439552	φορτώνει
5	1	74	2	9	4	348	3035	87	25	93.305313	πολλά,
5	1	74	2	9	5	450	3036	87	27	92.290054	μπορεῖ
5	1	74	2	9	6	549	3036	29	21	93.301559	νά
5	1	74	2	9	7	592	3036	155	28	91.784637	πληροφορή-
4	1	74	2	10	0	43	3071	176	27	-1	
5	1	74	2	10	1	43	3078	33	14	91.498894	σει
5	1	74	2	10	2	93	3071	126	27	96.234772	Καλύτερα.
2	1	75	0	0	0	525	194	230	35	-1	
3	1	75	1	0	0	525	194	230	35	-1	
4	1	75	1	1	0	525	194	230	35	-1	
5	1	75	1	1	1	525	194	230	35	95.000000	 
2	1	76	0	0	0	764	350	2	325	-1	
3	1	76	1	0	0	764	350	2	325	-1	
4	1	76	1	1	0	764	350	2	325	-1	
5	1	76	1	1	1	764	350	2	325	95.000000	 
2	1	77	0	0	0	404	1578	394	135	-1	
3	1	77	1	0	0	404	1578	394	135	-1	
4	1	77	1	1	0	404	1578	394	135	-1	
5	1	77	1	1	1	404	1578	394	135	95.000000	 
2	1	78	0	0	0	762	2171	54	28	-1	
3	1	78	1	0	0	762	2171	54	28	-1	
4	1	78	1	1	0	762	2171	54	28	-1	
5	1	78	1	1	1	762	2171	54	28	95.000000	 
2	1	79	0	0	0	680	2259	73	69	-1	
3	1	79	1	0	0	680	2259	73	69	-1	
4	1	79	1	1	0	680	2259	73	69	-1	
5	1	79	1	1	1	680	2259	73	69	95.000000	 
2	1	80	0	0	0	758	1391	6	1708	-1	
3	1	80	1	0	0	758	1391	6	1708	-1	
4	1	80	1	1	0	758	1391	6	1708	-1	
5	1	80	1	1	1	758	1391	6	1708	95.000000	 
2	1	81	0	0	0	774	37	351	72	-1	
3	1	81	1	0	0	774	37	351	72	-1	
4	1	81	1	1	0	774	37	351	72	-1	
5	1	81	1	1	1	774	37	351	72	95.000000	 
2	1	82	0	0	0	1074	139	52	17	-1	
3	1	82	1	0	0	1074	139	52	17	-1	
4	1	82	1	1	0	1074	139	52	17	-1	
5	1	82	1	1	1	1074	139	52	17	28.631790	οιμια-
2	1	83	0	0	0	808	128	262	29	-1	
3	1	83	1	0	0	808	128	262	29	-1	
4	1	83	1	1	0	808	128	262	29	-1	
5	1	83	1	1	1	808	128	21	22	61.303452	ϐ
5	1	83	1	1	2	850	130	84	20	43.073578	ΕΓΙΝΕ
5	1	83	1	1	3	966	131	11	25	70.030777	ἡ
5	1	83	1	1	4	1012	139	58	18	53.973194	πρθετ
2	1	84	0	0	0	774	166	351	66	-1	
3	1	84	1	0	0	774	166	351	66	-1	
4	1	84	1	1	0	775	166	350	29	-1	
5	1	84	1	1	1	775	172	31	12	92.957489	σία
5	1	84	1	1	2	884	166	33	25	56.721733	τών
5	1	84	1	1	3	957	167	168	28	48.826412	ἀσφαλτόστρωση
4	1	84	1	2	0	774	202	351	30	-1	
5	1	84	1	2	1	774	202	31	19	93.106186	τοῦ
5	1	84	1	2	2	823	204	95	24	62.130688	Ὑραφικοῦ
5	1	84	1	2	3	936	202	68	26	87.927963	δρόµου
5	1	84	1	2	4	1034	204	22	21	92.274063	ἀπό
5	1	84	1	2	5	1072	205	53	27	34.845383	Ἱκαρ-
2	1	85	0	0	0	1021	204	11	20	-1	
3	1	85	1	0	0	1021	204	11	20	-1	
4	1	85	1	1	0	1021	204	11	20	-1	
5	1	85	1	1	1	1021	204	11	20	16.235031	ον
2	1	86	0	0	0	772	239	126	27	-1	
3	1	86	1	0	0	772	239	126	27	-1	
4	1	86	1	1	0	772	239	126	27	-1	
5	1	86	1	1	1	772	239	126	27	95.000000	 
2	1	87	0	0	0	825	238	300	59	-1	
3	1	87	1	0	0	833	238	292	59	-1	
4	1	87	1	1	0	917	238	208	28	-1	
5	1	87	1	1	1	917	238	103	28	53.321907	Ἡιαράσχη
5	1	87	1	1	2	1039	254	7	1	87.348167	-
5	1	87	1	1	3	1066	240	59	21	60.243507	Ὕπα-
4	1	87	1	2	0	825	273	250	24	-1	
5	1	87	1	2	1	825	281	18	16	40.730171	Ἠ,
5	1	87	1	2	2	863	273	46	21	11.393196	Εΐθε
5	1	87	1	2	3	928	274	23	20	93.293900	νά
5	1	87	1	2	4	967	278	108	18	16.891136	συνεγχιστεῖ
2	1	88	0	0	0	769	268	69	28	-1	
3	1	88	1	0	0	769	268	69	28	-1	
4	1	88	1	1	0	769	268	69	28	-1	
5	1	88	1	1	1	769	268	69	28	95.000000	 
2	1	89	0	0	0	774	308	296	54	-1	
3	1	89	1	0	0	774	308	296	54	-1	
4	1	89	1	1	0	774	308	296	39	-1	
5	1	89	1	1	1	774	315	58	32	15.763931	πρός
5	1	89	1	1	2	844	308	33	26	88.366814	τήν
5	1	89	1	1	3	897	309	122	27	36.710773	Καλαμάτα,
5	1	89	1	1	4	1036	312	34	26	93.525528	γιά
4	1	89	1	2	0	1041	347	4	15	-1	
5	1	89	1	2	1	1041	347	4	15	89.944260	{
2	1	90	0	0	0	830	344	214	40	-1	
3	1	90	1	0	0	830	344	214	40	-1	
4	1	90	1	1	0	830	344	214	40	-1	
5	1	90	1	1	1	830	344	45	40	23.305763	πρ
5	1	90	1	1	2	874	353	44	12	12.501900	ντα!
5	1	90	1	1	3	935	345	59	22	4.700714	ἄνέτα
5	1	90	1	1	4	1012	355	32	12	87.249596	χαί
2	1	91	0	0	0	773	343	74	56	-1	
3	1	91	1	0	0	773	343	74	56	-1	
4	1	91	1	1	0	773	351	12	48	-1	
5	1	91	1	1	1	773	386	8	13	24.995079	ο
4	1	91	1	2	0	788	345	12	18	-1	
5	1	91	1	2	1	788	345	12	18	0.000000	σἩ
4	1	91	1	3	0	802	351	9	16	-1	
5	1	91	1	3	1	802	351	9	16	47.265633	όν
4	1	91	1	4	0	827	343	10	21	-1	
5	1	91	1	4	1	827	343	10	21	73.811340	ως
4	1	91	1	5	0	839	352	8	18	-1	
5	1	91	1	5	1	839	352	17	18	64.386848	σο
2	1	92	0	0	0	930	381	107	44	-1	
3	1	92	1	0	0	930	381	107	44	-1	
4	1	92	1	1	0	930	381	107	44	-1	
5	1	92	1	1	1	930	381	44	44	3.610687	τς
5	1	92	1	1	2	956	382	81	25	16.698212	εσσήνο:
2	1	93	0	0	0	809	383	92	25	-1	
3	1	93	1	0	0	809	383	92	25	-1	
4	1	93	1	1	0	809	383	92	25	-1	
5	1	93	1	1	1	809	383	92	25	95.000000	 
2	1	94	0	0	0	928	419	196	130	-1	
3	1	94	1	0	0	928	419	196	130	-1	
4	1	94	1	1	0	928	419	196	130	-1	
5	1	94	1	1	1	928	419	196	130	95.000000	   
2	1	95	0	0	0	774	449	164	64	-1	
3	1	95	1	0	0	774	449	164	64	-1	
4	1	95	1	1	0	774	449	164	29	-1	
5	1	95	1	1	1	774	449	21	21	89.331345	ἄν
5	1	95	1	1	2	815	450	123	28	48.103481	ἀσφαλτοστρ
4	1	95	1	2	0	774	485	150	28	-1	
5	1	95	1	2	1	774	485	104	27	0.000000	Αρκαδία,
5	1	95	1	2	2	913	496	11	17	65.194962	Υ
2	1	96	0	0	0	774	520	190	29	-1	
3	1	96	1	0	0	774	520	190	29	-1	
4	1	96	1	1	0	774	520	190	29	-1	
5	1	96	1	1	1	774	520	33	21	0.000000	πιαί
5	1	96	1	1	2	820	530	11	12	54.336746	νά
5	1	96	1	1	3	821	521	67	28	39.217304	κέτρον
5	1	96	1	1	4	901	531	63	18	59.157806	τουρησ
2	1	97	0	0	0	773	573	351	128	-1	
3	1	97	1	0	0	773	573	351	128	-1	
4	1	97	1	1	0	800	573	324	27	-1	
5	1	97	1	1	1	800	573	21	21	46.394356	9
5	1	97	1	1	2	845	575	37	21	89.183769	Το
5	1	97	1	1	3	899	576	225	24	64.254715	ΚΛΠΡΟΔΟΤΗΝΜΑ
4	1	97	1	2	0	775	609	213	27	-1	
5	1	97	1	2	1	775	609	99	27	69.035919	Σεραφείμ,
5	1	97	1	2	2	896	611	13	21	67.025322	Τ
5	1	97	1	2	3	923	611	65	22	85.286873	άτσιου
4	1	97	1	3	0	773	644	223	30	-1	
5	1	97	1	3	1	773	644	43	22	71.559319	δµκό
5	1	97	1	3	2	832	654	31	13	69.319077	του
5	1	97	1	3	3	879	650	82	23	75.346619	Ὑραφεῖο
5	1	97	1	3	4	974	648	22	26	88.776031	µέ
4	1	97	1	4	0	773	682	68	19	-1	
5	1	97	1	4	1	773	682	68	19	4.529877	πιπλα,
2	1	98	0	0	0	1006	609	123	103	-1	
3	1	98	1	0	0	1006	609	123	103	-1	
4	1	98	1	1	0	1006	609	123	103	-1	
5	1	98	1	1	1	1006	609	123	103	95.000000	 
2	1	99	0	0	0	773	666	252	75	-1	
3	1	99	1	0	0	773	666	252	75	-1	
4	1	99	1	1	0	861	666	164	47	-1	
5	1	99	1	1	1	861	678	24	35	26.654755	Ἱ]
5	1	99	1	1	2	892	690	22	17	70.559433	αρ
5	1	99	1	1	3	918	691	8	11	3.995987	ο
5	1	99	1	1	4	943	666	82	42	0.000000	ιρην
4	1	99	1	2	0	773	714	233	27	-1	
5	1	99	1	2	1	773	714	62	20	41.578579	Άκυσα
5	1	99	1	2	2	855	717	31	18	94.221893	τοῦ
5	1	99	1	2	3	903	716	103	25	84.412643	Σχολείου,
2	1	100	0	0	0	775	749	259	28	-1	
3	1	100	1	0	0	775	749	259	28	-1	
4	1	100	1	1	0	775	749	259	28	-1	
5	1	100	1	1	1	775	756	21	17	52.420433	ην
5	1	100	1	1	2	811	749	105	21	35.104721	Κοινοτικό
5	1	100	1	1	3	929	750	105	27	0.000000	Γραφείο).
2	1	101	0	0	0	773	801	351	77	-1	
3	1	101	1	0	0	773	801	351	61	-1	
4	1	101	1	1	0	807	801	317	26	-1	
5	1	101	1	1	1	807	801	21	21	70.502106	9
5	1	101	1	1	2	853	803	44	21	71.139526	ΓΑ
5	1	101	1	1	3	917	804	37	20	56.029900	το
5	1	101	1	1	4	976	805	148	22	81.823097	ΚΛΗΡΟΔΟ-
4	1	101	1	2	0	773	837	351	41	-1	
5	1	101	1	2	1	773	837	84	21	51.327663	ΤΗΜΑ.
5	1	101	1	2	2	876	848	9	3	77.660393	τ
5	1	101	1	2	3	899	839	42	39	25.604660	τν
5	1	101	1	2	4	960	839	3	6	0.000000	ν
5	1	101	1	2	5	1037	841	87	21	0.000000	᾿Αόθσνα-
2	1	102	0	0	0	772	871	99	23	-1	
3	1	102	1	0	0	772	871	99	23	-1	
4	1	102	1	1	0	772	871	99	23	-1	
5	1	102	1	1	1	772	871	99	23	16.680725	λα.
2	1	103	0	0	0	1015	752	9	25	-1	
3	1	103	1	0	0	1015	752	9	25	-1	
4	1	103	1	1	0	1015	752	9	25	-1	
5	1	103	1	1	1	1015	752	9	25	95.000000	 
2	1	104	0	0	0	881	848	246	343	-1	
3	1	104	1	0	0	881	848	246	343	-1	
4	1	104	1	1	0	929	848	198	165	-1	
5	1	104	1	1	1	929	848	198	165	95.000000	   
5	1	104	1	1	2	1124	869	3	3	95.000000	 
4	1	104	1	2	0	881	1141	68	50	-1	
5	1	104	1	2	1	881	1141	68	50	95.000000	  
2	1	105	0	0	0	856	975	64	35	-1	
3	1	105	1	0	0	856	975	64	35	-1	
4	1	105	1	1	0	856	975	64	35	-1	
5	1	105	1	1	1	856	975	64	35	85.980331	δρόµο,
2	1	106	0	0	0	770	1001	353	195	-1	
3	1	106	1	0	0	770	1001	353	195	-1	
4	1	106	1	1	0	795	1001	326	51	-1	
5	1	106	1	1	1	795	1024	29	22	54.251015	“9
5	1	106	1	1	2	843	1026	36	21	78.666878	το
5	1	106	1	1	3	895	1001	193	50	61.658424	ΤΗΛΕΦΩΝΙΚΟ
5	1	106	1	1	4	1105	1031	16	21	83.492752	δί
4	1	106	1	2	0	771	1062	351	31	-1	
5	1	106	1	2	1	771	1069	46	13	0.000000	Ἀπυς.
5	1	106	1	2	2	834	1062	131	27	10.921906	Γεωργηπσίου
5	1	106	1	2	3	984	1065	32	21	66.009689	γαί
5	1	106	1	2	4	1035	1067	37	20	93.183449	τῶν
5	1	106	1	2	5	1091	1067	31	26	71.416534	γύ-
4	1	106	1	3	0	770	1103	352	21	-1	
5	1	106	1	3	1	770	1104	26	18	94.366760	ρω
5	1	106	1	3	2	818	1105	28	19	94.366760	χω
5	1	106	1	3	3	1076	1103	46	20	77.973541	πολ-
4	1	106	1	4	0	770	1131	353	30	-1	
5	1	106	1	4	1	770	1131	35	25	93.071304	λές
5	1	106	1	4	2	825	1133	52	26	72.627121	ἀνωμ
5	1	106	1	4	3	962	1136	77	25	92.043518	Καλεῖς
5	1	106	1	4	4	1056	1137	67	22	69.479675	χάποι-
4	1	106	1	5	0	954	1171	71	25	-1	
5	1	106	1	5	1	954	1171	71	25	53.273720	ἄλλος.
2	1	107	0	0	0	772	978	70	21	-1	
3	1	107	1	0	0	772	978	70	21	-1	
4	1	107	1	1	0	772	978	70	21	-1	
5	1	107	1	1	1	772	978	70	21	79.535339	πολλοί
2	1	108	0	0	0	846	1106	18	18	-1	
3	1	108	1	0	0	846	1106	18	18	-1	
4	1	108	1	1	0	846	1106	18	18	-1	
5	1	108	1	1	1	846	1106	18	18	95.000000	  
2	1	109	0	0	0	860	1100	150	26	-1	
3	1	109	1	0	0	860	1100	150	26	-1	
4	1	109	1	1	0	860	1100	150	26	-1	
5	1	109	1	1	1	860	1100	36	19	0.000000	υῶν
5	1	109	1	1	2	917	1100	93	26	54.432922	παρουσιά
2	1	110	0	0	0	1011	1103	33	22	-1	
3	1	110	1	0	0	1011	1103	33	22	-1	
4	1	110	1	1	0	1011	1103	33	22	-1	
5	1	110	1	1	1	1011	1103	33	22	95.000000	 
2	1	111	0	0	0	1021	1139	27	3	-1	
3	1	111	1	0	0	1021	1139	27	3	-1	
4	1	111	1	1	0	1021	1139	27	3	-1	
5	1	111	1	1	1	1021	1139	27	3	95.000000	 
2	1	112	0	0	0	770	1168	71	41	-1	
3	1	112	1	0	0	770	1168	71	41	-1	
4	1	112	1	1	0	770	1168	71	21	-1	
5	1	112	1	1	1	770	1175	19	13	82.925682	ον
5	1	112	1	1	2	808	1168	33	21	39.326405	καά
4	1	112	1	2	0	785	1202	4	7	-1	
5	1	112	1	2	1	785	1202	4	7	0.000000	Ἶ
2	1	113	0	0	0	861	1169	44	26	-1	
3	1	113	1	0	0	861	1169	44	26	-1	
4	1	113	1	1	0	861	1169	44	26	-1	
5	1	113	1	1	1	861	1169	44	26	84.674408	θγαί
2	1	114	0	0	0	1047	1172	75	27	-1	
3	1	114	1	0	0	1047	1172	75	27	-1	
4	1	114	1	1	0	1051	1172	7	7	-1	
5	1	114	1	1	1	1051	1172	7	7	0.000000	γ
4	1	114	1	2	0	1047	1182	75	17	-1	
5	1	114	1	2	1	1047	1182	11	16	33.632416	η
5	1	114	1	2	2	1079	1182	43	17	90.920250	σφυ-
2	1	115	0	0	0	792	1204	186	27	-1	
3	1	115	1	0	0	792	1204	186	27	-1	
4	1	115	1	1	0	792	1204	186	27	-1	
5	1	115	1	1	1	792	1204	186	27	95.000000	 
2	1	116	0	0	0	772	1263	352	7	-1	
3	1	116	1	0	0	772	1263	352	7	-1	
4	1	116	1	1	0	772	1263	352	7	-1	
5	1	116	1	1	1	772	1263	352	7	95.000000	 
2	1	117	0	0	0	772	1401	27	12	-1	
3	1	117	1	0	0	772	1401	27	12	-1	
4	1	117	1	1	0	772	1401	27	12	-1	
5	1	117	1	1	1	772	1401	27	12	33.009361	ο)
2	1	118	0	0	0	812	1393	310	64	-1	
3	1	118	1	0	0	812	1393	310	64	-1	
4	1	118	1	1	0	812	1393	64	27	-1	
5	1	118	1	1	1	812	1393	64	27	0.000000	μυίηα.
4	1	118	1	2	0	812	1428	310	29	-1	
5	1	118	1	2	1	812	1428	29	21	95.578239	Τό
5	1	118	1	2	2	854	1429	23	21	94.729843	νά
5	1	118	1	2	3	888	1430	67	25	61.008492	μιλάει
5	1	118	1	2	4	970	1430	45	27	86.848175	λίγο
5	1	118	1	2	5	1028	1431	48	21	93.026558	εἶναι
5	1	118	1	2	6	1089	1440	33	13	74.528175	κα-
2	1	119	0	0	0	768	1455	191	41	-1	
3	1	119	1	0	0	768	1455	191	41	-1	
4	1	119	1	1	0	768	1455	191	41	-1	
5	1	119	1	1	1	768	1455	191	41	95.000000	 
2	1	120	0	0	0	1046	1498	79	33	-1	
3	1	120	1	0	0	1046	1498	79	33	-1	
4	1	120	1	1	0	1046	1498	79	33	-1	
5	1	120	1	1	1	1046	1498	79	33	95.000000	 
2	1	121	0	0	0	815	1500	202	28	-1	
3	1	121	1	0	0	815	1500	202	28	-1	
4	1	121	1	1	0	815	1500	202	28	-1	
5	1	121	1	1	1	815	1500	99	26	81.927734	᾿Ανάμεσα
5	1	121	1	1	2	931	1501	36	21	94.410347	ἀπό
5	1	121	1	1	3	983	1502	34	26	96.381760	τήν
2	1	122	0	0	0	1050	1534	45	25	-1	
3	1	122	1	0	0	1050	1534	45	25	-1	
4	1	122	1	1	0	1050	1534	45	25	-1	
5	1	122	1	1	1	1050	1534	45	25	95.000000	  
2	1	123	0	0	0	861	1536	189	26	-1	
3	1	123	1	0	0	861	1536	189	26	-1	
4	1	123	1	1	0	861	1536	189	26	-1	
5	1	123	1	1	1	861	1536	47	26	75.406601	νύφη
5	1	123	1	1	2	923	1537	63	25	83.353645	ἔμεινε
5	1	123	1	1	3	1004	1538	46	21	54.581852	ἆσχο
2	1	124	0	0	0	797	1569	325	27	-1	
3	1	124	1	0	0	797	1569	325	27	-1	
4	1	124	1	1	0	846	1569	215	8	-1	
5	1	124	1	1	1	846	1569	3	7	0.000000	,
5	1	124	1	1	2	910	1571	2	5	0.000000	'
5	1	124	1	1	3	983	1571	4	6	0.000000	ρ
5	1	124	1	1	4	1054	1574	7	2	0.000000	.
4	1	124	1	2	0	797	1571	325	25	-1	
5	1	124	1	2	1	797	1573	78	20	59.885712	χουζίνα
5	1	124	1	2	2	897	1571	34	25	83.766571	(ἐξ
5	1	124	1	2	3	949	1579	65	16	88.252632	αἰτίας
5	1	124	1	2	4	1030	1580	32	13	91.106064	τοῦ
5	1	124	1	2	5	1078	1580	44	12	82.192337	χαυ-
2	1	125	0	0	0	770	1535	73	26	-1	
3	1	125	1	0	0	770	1535	73	26	-1	
4	1	125	1	1	0	770	1535	73	26	-1	
5	1	125	1	1	1	770	1535	32	21	80.752449	καὶ
5	1	125	1	1	2	821	1536	22	25	95.539612	τή
2	1	126	0	0	0	805	1601	319	106	-1	
3	1	126	1	0	0	805	1601	319	106	-1	
4	1	126	1	1	0	805	1601	319	106	-1	
5	1	126	1	1	1	805	1601	319	106	95.000000	 
2	1	127	0	0	0	771	1712	293	99	-1	
3	1	127	1	0	0	771	1712	293	99	-1	
4	1	127	1	1	0	814	1712	250	27	-1	
5	1	127	1	1	1	814	1712	108	27	93.181450	Καλύτερα
5	1	127	1	1	2	936	1721	23	12	85.426559	νά
5	1	127	1	1	3	973	1721	66	17	92.825798	πέσεις
5	1	127	1	1	4	1055	1723	9	12	91.680115	σ
4	1	127	1	2	0	771	1748	269	28	-1	
5	1	127	1	2	1	771	1748	94	26	54.748516	ὀρμητικό
5	1	127	1	2	2	884	1748	77	26	0.000000	ποτά...
5	1	127	1	2	3	1032	1758	8	18	65.840538	ρ
4	1	127	1	3	0	771	1782	219	29	-1	
5	1	127	1	3	1	771	1782	61	26	86.691833	στόµα
5	1	127	1	3	2	845	1785	37	20	93.245499	τῶν
5	1	127	1	3	3	896	1783	94	28	63.339916	ἀνθρώπω
2	1	128	0	0	0	992	1792	9	12	-1	
3	1	128	1	0	0	992	1792	9	12	-1	
4	1	128	1	1	0	992	1792	9	12	-1	
5	1	128	1	1	1	992	1792	9	12	95.000000	 
2	1	129	0	0	0	405	1817	721	140	-1	
3	1	129	1	0	0	405	1817	721	140	-1	
4	1	129	1	1	0	625	1817	501	60	-1	
5	1	129	1	1	1	625	1817	501	60	95.000000	  
4	1	129	1	2	0	405	1877	721	48	-1	
5	1	129	1	2	1	405	1877	721	48	95.000000	 
4	1	129	1	3	0	882	1925	242	32	-1	
5	1	129	1	3	1	882	1925	242	32	95.000000	 
2	1	130	0	0	0	775	1798	29	19	-1	
3	1	130	1	0	0	775	1798	29	19	-1	
4	1	130	1	1	0	775	1798	29	19	-1	
5	1	130	1	1	1	775	1798	29	19	95.000000	 
2	1	131	0	0	0	743	1926	376	99	-1	
3	1	131	1	0	0	768	1926	351	99	-1	
4	1	131	1	1	0	769	1926	99	26	-1	
5	1	131	1	1	1	769	1926	99	26	55.366955	χοήµατα,
4	1	131	1	2	0	743	1961	203	27	-1	
5	1	131	1	2	1	743	1961	37	26	0.000000	:]ἡ
5	1	131	1	2	2	793	1961	83	26	59.285568	γυναίκα
5	1	131	1	2	3	890	1964	31	19	91.821793	τοῦ
5	1	131	1	2	4	934	1971	12	17	57.888622	µ.
4	1	131	1	3	0	768	1997	351	28	-1	
5	1	131	1	3	1	768	2010	27	1	45.392590	---
5	1	131	1	3	2	811	1997	28	21	88.221085	Τό
5	1	131	1	3	3	857	1997	45	26	28.463661	μάτι,
5	1	131	1	3	4	923	1999	31	20	92.964417	τοῦ
5	1	131	1	3	5	971	1998	72	27	71.666481	ἀφέντη
5	1	131	1	3	6	1058	1998	61	27	83.335152	παχαί
2	1	132	0	0	0	815	2032	106	27	-1	
3	1	132	1	0	0	815	2032	106	27	-1	
4	1	132	1	1	0	815	2032	106	27	-1	
5	1	132	1	1	1	815	2032	21	21	85.499130	τὸ
5	1	132	1	1	2	854	2033	67	26	88.735954	ἄλογο,
2	1	133	0	0	0	769	2041	27	12	-1	
3	1	133	1	0	0	769	2041	27	12	-1	
4	1	133	1	1	0	769	2041	27	12	-1	
5	1	133	1	1	1	769	2041	27	12	0.000000	νι
2	1	134	0	0	0	768	2068	352	28	-1	
3	1	134	1	0	0	768	2068	352	28	-1	
4	1	134	1	1	0	768	2068	352	28	-1	
5	1	134	1	1	1	768	2081	16	1	40.027374	---
5	1	134	1	1	2	813	2068	111	26	55.448307	᾿Απόκτησε
5	1	134	1	1	3	945	2078	32	12	49.960022	μιά
5	1	134	1	1	4	997	2070	53	25	2.337837	πακή
5	1	134	1	1	5	1068	2070	52	26	67.711655	φήμη
2	1	135	0	0	0	767	2090	178	19	-1	
3	1	135	1	0	0	767	2090	178	19	-1	
4	1	135	1	1	0	767	2090	178	19	-1	
5	1	135	1	1	1	767	2090	178	19	95.000000	   
2	1	136	0	0	0	768	2140	353	27	-1	
3	1	136	1	0	0	768	2140	353	27	-1	
4	1	136	1	1	0	768	2140	353	27	-1	
5	1	136	1	1	1	768	2152	15	1	21.092743	--
5	1	136	1	1	2	813	2140	25	19	21.092743	Ἡ
5	1	136	1	1	3	854	2139	54	22	52.173027	ὑγεία
5	1	136	1	1	4	924	2148	31	13	96.916817	τοῦ
5	1	136	1	1	5	972	2139	91	27	15.470642	σώματος
5	1	136	1	1	6	1080	2140	41	27	90.011642	χτί-
2	1	137	0	0	0	979	2175	24	5	-1	
3	1	137	1	0	0	979	2175	24	5	-1	
4	1	137	1	1	0	979	2175	24	5	-1	
5	1	137	1	1	1	979	2175	24	5	95.000000	 
2	1	138	0	0	0	820	2174	213	27	-1	
3	1	138	1	0	0	820	2174	213	27	-1	
4	1	138	1	1	0	820	2174	213	27	-1	
5	1	138	1	1	1	820	2185	4	12	0.000000	"
5	1	138	1	1	2	837	2174	48	26	94.191193	μέσα
5	1	138	1	1	3	899	2175	33	21	95.125946	στό
5	1	138	1	1	4	944	2184	89	17	38.342445	στοµαχ..
2	1	139	0	0	0	1029	2207	92	27	-1	
3	1	139	1	0	0	1029	2207	92	27	-1	
4	1	139	1	1	0	1029	2207	92	27	-1	
5	1	139	1	1	1	1029	2207	92	27	95.000000	 
2	1	140	0	0	0	967	2212	58	20	-1	
3	1	140	1	0	0	967	2212	58	20	-1	
4	1	140	1	1	0	967	2212	58	20	-1	
5	1	140	1	1	1	967	2212	58	20	0.000000	χλαῖν
2	1	141	0	0	0	923	2218	25	17	-1	
3	1	141	1	0	0	923	2218	25	17	-1	
4	1	141	1	1	0	923	2218	25	17	-1	
5	1	141	1	1	1	923	2218	25	17	95.000000	 
2	1	142	0	0	0	768	2210	352	134	-1	
3	1	142	1	0	0	768	2210	352	134	-1	
4	1	142	1	1	0	784	2210	141	27	-1	
5	1	142	1	1	1	784	2224	8	1	67.758423	-
5	1	142	1	1	2	811	2210	25	21	83.034721	Οἱ
5	1	142	1	1	3	856	2212	69	25	3.366859	γυναῖο
4	1	142	1	2	0	826	2243	255	20	-1	
5	1	142	1	2	1	826	2246	3	5	13.721611	ή
5	1	142	1	2	2	893	2245	3	7	14.894440	{
5	1	142	1	2	3	958	2243	10	20	0.000000	ἐπ
5	1	142	1	2	4	1011	2246	4	6	0.000000	͵
5	1	142	1	2	5	1044	2246	3	7	23.414955	{
4	1	142	1	3	0	768	2247	352	26	-1	
5	1	142	1	3	1	768	2254	22	12	71.903931	να
5	1	142	1	3	2	805	2254	45	18	68.022858	μάτι
5	1	142	1	3	3	863	2254	33	13	38.435978	καὶ
5	1	142	1	3	4	911	2247	69	26	81.308472	Ὑελοῦν
5	1	142	1	3	5	994	2255	22	17	56.242657	µέ
5	1	142	1	3	6	1029	2255	20	14	93.884827	τὸ
5	1	142	1	3	7	1062	2249	58	19	36.933292	ἄλλα.
4	1	142	1	4	0	768	2281	352	27	-1	
5	1	142	1	4	1	768	2295	28	1	0.000000	ο
5	1	142	1	4	2	812	2282	26	20	0.000000	μΤ
5	1	142	1	4	3	855	2281	84	27	0.000000	γυναΐα
5	1	142	1	4	4	952	2283	65	25	47.279781	χρατᾶ
5	1	142	1	4	5	1032	2282	20	21	80.083572	τό
5	1	142	1	4	6	1066	2291	54	17	0.000000	μυστι
4	1	142	1	5	0	770	2317	166	27	-1	
5	1	142	1	5	1	770	2317	23	21	61.872478	κό
5	1	142	1	5	2	809	2317	35	22	92.166374	πού
5	1	142	1	5	3	858	2318	78	26	0.000000	ιἀγνοςῖ,
2	1	143	0	0	0	1037	2354	75	24	-1	
3	1	143	1	0	0	1037	2354	75	24	-1	
4	1	143	1	1	0	1037	2362	15	13	-1	
5	1	143	1	1	1	1037	2362	15	13	57.306885	δ
4	1	143	1	2	0	1056	2362	9	16	-1	
5	1	143	1	2	1	1056	2362	9	16	53.185745	ών
4	1	143	1	3	0	1079	2354	8	20	-1	
5	1	143	1	3	1	1079	2354	8	20	38.012409	ως
4	1	143	1	4	0	1090	2363	12	12	-1	
5	1	143	1	4	1	1090	2363	12	12	40.965919	2
4	1	143	1	5	0	1104	2363	8	12	-1	
5	1	143	1	5	1	1104	2363	8	12	0.000000	ὣ
2	1	144	0	0	0	772	2353	268	26	-1	
3	1	144	1	0	0	772	2353	268	26	-1	
4	1	144	1	1	0	772	2353	268	26	-1	
5	1	144	1	1	1	772	2367	22	1	54.873318	---
5	1	144	1	1	2	812	2353	63	21	72.470215	Ὅπου
5	1	144	1	1	3	892	2353	76	26	35.469429	μπαίνει
5	1	144	1	1	4	983	2355	8	20	89.336708	ὁ
5	1	144	1	1	5	1009	2354	31	25	0.000000	ἠλι
2	1	145	0	0	0	770	2389	350	96	-1	
3	1	145	1	0	0	770	2389	350	96	-1	
4	1	145	1	1	0	770	2389	246	27	-1	
5	1	145	1	1	1	770	2389	32	20	84.329185	δέν
5	1	145	1	1	2	812	2388	79	26	11.893883	μπαίνει
5	1	145	1	1	3	904	2390	8	20	92.723312	ὁ
5	1	145	1	1	4	927	2389	89	27	22.702438	γιατρός.
4	1	145	1	2	0	770	2423	350	27	-1	
5	1	145	1	2	1	770	2437	26	1	50.300156	--
5	1	145	1	2	2	817	2424	105	26	54.155571	Πλήρωσε
5	1	145	1	2	3	939	2432	23	12	95.263847	τά
5	1	145	1	2	4	981	2423	48	27	86.131042	χρέη
5	1	145	1	2	5	1046	2432	31	12	96.340073	σου
5	1	145	1	2	6	1087	2424	33	26	84.959846	γιά
4	1	145	1	3	0	770	2459	197	26	-1	
5	1	145	1	3	1	770	2459	23	20	90.684036	νά
5	1	145	1	3	2	808	2459	159	26	29.686218	ἀναικουφιστεῖς.
2	1	146	0	0	0	769	2519	353	3	-1	
3	1	146	1	0	0	769	2519	353	3	-1	
4	1	146	1	1	0	769	2519	353	3	-1	
5	1	146	1	1	1	769	2519	353	3	95.000000	 
2	1	147	0	0	0	822	2547	250	22	-1	
3	1	147	1	0	0	822	2547	250	22	-1	
4	1	147	1	1	0	822	2547	250	22	-1	
5	1	147	1	1	1	822	2547	250	22	38.424171	ΣΥΠΧΑΡΗΤΗΡΙΟΝ
2	1	148	0	0	0	769	2606	351	63	-1	
3	1	148	1	0	0	769	2606	351	63	-1	
4	1	148	1	1	0	798	2606	220	27	-1	
5	1	148	1	1	1	798	2606	32	22	93.199142	Τά
5	1	148	1	1	2	846	2607	116	26	87.211342	ἀγαπημένα
5	1	148	1	1	3	980	2615	38	18	94.622002	µας
4	1	148	1	2	0	769	2642	351	22	-1	
5	1	148	1	2	1	769	2642	33	21	54.659557	καὶ
5	1	148	1	2	2	825	2642	100	22	12.872574	Ἐρδέλφια
5	1	148	1	2	3	945	2642	57	21	83.979721	Μίνα
5	1	148	1	2	4	1022	2642	98	22	0.000000	Γεωργίου
4	1	148	1	3	0	825	2658	262	11	-1	
5	1	148	1	3	1	825	2659	12	8	71.530380	-
5	1	148	1	3	2	1068	2658	19	11	52.691971	πι
2	1	149	0	0	0	1050	2607	70	26	-1	
3	1	149	1	0	0	1050	2607	70	26	-1	
4	1	149	1	1	0	1050	2607	70	26	-1	
5	1	149	1	1	1	1050	2607	70	26	74.424973	ἀνήψια
2	1	150	0	0	0	769	2677	351	28	-1	
3	1	150	1	0	0	769	2677	351	28	-1	
4	1	150	1	1	0	769	2677	351	28	-1	
5	1	150	1	1	1	769	2677	33	22	47.375908	καὶ
5	1	150	1	1	2	819	2678	69	26	39.339596	Νῴνης
5	1	150	1	1	3	906	2678	98	27	91.703064	Μαρούλη
5	1	150	1	1	4	1022	2678	33	21	85.727188	πού
5	1	150	1	1	5	1072	2680	48	25	62.135891	πῆρε
2	1	151	0	0	0	769	2714	352	98	-1	
3	1	151	1	0	0	769	2714	351	98	-1	
4	1	151	1	1	0	769	2714	351	26	-1	
5	1	151	1	1	1	769	2714	21	21	94.606071	τό
5	1	151	1	1	2	807	2713	67	27	92.427246	πτυχίο
5	1	151	1	1	3	891	2715	36	24	93.262527	τῆς
5	1	151	1	1	4	945	2714	175	26	48.962257	Φαρμακευτικῆς.
4	1	151	1	2	0	769	2749	352	27	-1	
5	1	151	1	2	1	769	2749	70	27	58.976517	Μαίρη
5	1	151	1	2	2	854	2749	62	21	90.898422	Ἠλία
5	1	151	1	2	3	931	2749	33	21	90.502693	καί
5	1	151	1	2	4	980	2750	16	20	90.038994	Ἡ
5	1	151	1	2	5	1007	2749	47	24	90.038994	ότας
5	1	151	1	2	6	1067	2749	54	21	2.745171	Πκλέ
4	1	151	1	3	0	770	2785	350	27	-1	
5	1	151	1	3	1	770	2793	26	13	0.000000	Χά
5	1	151	1	3	2	814	2785	34	21	93.299263	πού
5	1	151	1	3	3	866	2786	49	26	80.200790	πῆρε
5	1	151	1	3	4	938	2784	21	22	87.623474	τό
5	1	151	1	3	5	977	2784	67	28	95.231255	πτυχίο
5	1	151	1	3	6	1084	2786	36	24	93.438499	τῆς
2	1	152	0	0	0	769	2820	352	98	-1	
3	1	152	1	0	0	769	2820	352	97	-1	
4	1	152	1	1	0	769	2820	351	27	-1	
5	1	152	1	1	1	769	2821	165	26	27.681274	ἸὈδωπιατρικῆς
5	1	152	1	1	2	949	2820	32	21	85.053070	καί
5	1	152	1	1	3	999	2821	80	26	65.932686	Χρῆστο
5	1	152	1	1	4	1095	2821	25	20	82.555176	Τε
4	1	152	1	2	0	1065	2856	55	25	-1	
5	1	152	1	2	1	1065	2856	55	25	27.095619	Δελη
4	1	152	1	3	0	913	2877	208	41	-1	
5	1	152	1	3	1	913	2877	61	41	25.932770	ος
5	1	152	1	3	2	993	2892	128	25	44.381374	Τ[ιανεπιστή-
2	1	153	0	0	0	770	2855	259	43	-1	
3	1	153	1	0	0	770	2855	259	43	-1	
4	1	153	1	1	0	770	2855	259	43	-1	
5	1	153	1	1	1	770	2855	71	28	0.000000	ωργίου
5	1	153	1	1	2	862	2855	33	43	0.000000	παΐ
5	1	153	1	1	3	919	2855	110	28	86.623299	Χριστίνας
2	1	154	0	0	0	768	2884	142	35	-1	
3	1	154	1	0	0	768	2884	142	35	-1	
4	1	154	1	1	0	768	2884	142	35	-1	
5	1	154	1	1	1	768	2884	142	35	95.000000	 
2	1	155	0	0	0	767	2900	352	54	-1	
3	1	155	1	0	0	767	2900	352	54	-1	
4	1	155	1	1	0	767	2900	352	54	-1	
5	1	155	1	1	1	767	2936	31	18	84.170380	μιο
5	1	155	1	1	2	814	2900	113	53	33.766052	ως
5	1	155	1	1	3	940	2927	129	27	66.214912	συγχαίρουµε
5	1	155	1	1	4	1082	2928	37	26	0.000000	ερ
2	1	156	0	0	0	769	2963	350	98	-1	
3	1	156	1	0	0	769	2963	350	98	-1	
4	1	156	1	1	0	769	2963	350	27	-1	
5	1	156	1	1	1	769	2963	25	26	41.089058	μά
5	1	156	1	1	2	810	2963	33	21	87.336273	καὶ
5	1	156	1	1	3	863	2964	137	26	91.073326	εὐχαριστοῦμε
5	1	156	1	1	4	1032	2963	33	26	22.747948	ιά
5	1	156	1	1	5	1097	2972	22	17	94.738708	τή
4	1	156	1	2	0	770	2998	244	28	-1	
5	1	156	1	2	1	770	2999	52	27	57.215977	χαρά
5	1	156	1	2	2	834	2998	34	22	92.446564	πού
5	1	156	1	2	3	883	3001	37	23	92.623413	μᾶς
5	1	156	1	2	4	933	2998	81	22	61.896946	δώσαυε.
4	1	156	1	3	0	886	3033	123	28	-1	
5	1	156	1	3	1	886	3033	123	28	20.301483	Οὐνογένειαι
2	1	157	0	0	0	839	3069	216	28	-1	
3	1	157	1	0	0	839	3069	216	28	-1	
4	1	157	1	1	0	839	3069	216	28	-1	
5	1	157	1	1	1	839	3070	100	27	0.000000	Γεωργίου
5	1	157	1	1	2	957	3069	98	28	70.301407	Μαρούλη
2	1	158	0	0	0	1011	206	277	96	-1	
3	1	158	1	0	0	1011	206	277	96	-1	
4	1	158	1	1	0	1142	206	73	29	-1	
5	1	158	1	1	1	1142	206	73	29	95.000000	 
4	1	158	1	2	0	1011	235	277	67	-1	
5	1	158	1	2	1	1011	235	277	67	95.000000	  
2	1	159	0	0	0	1142	1229	291	27	-1	
3	1	159	1	0	0	1142	1229	291	27	-1	
4	1	159	1	1	0	1142	1229	291	27	-1	
5	1	159	1	1	1	1142	1229	84	27	35.460983	πιατοικὀ
5	1	159	1	1	2	1242	1238	31	13	89.616173	του
5	1	159	1	1	3	1290	1229	72	25	56.995968	χαδώς
5	1	159	1	1	4	1379	1229	32	22	51.085659	καί
5	1	159	1	1	5	1428	1232	8	20	93.205345	ὁ
2	1	160	0	0	0	1133	41	7	2126	-1	
3	1	160	1	0	0	1133	41	7	2126	-1	
4	1	160	1	1	0	1133	41	7	2126	-1	
5	1	160	1	1	1	1133	41	7	2126	95.000000	 
2	1	161	0	0	0	1131	2423	93	29	-1	
3	1	161	1	0	0	1131	2423	93	29	-1	
4	1	161	1	1	0	1131	2423	93	29	-1	
5	1	161	1	1	1	1131	2423	33	29	0.000000	δ-
5	1	161	1	1	2	1176	2423	48	20	38.170639	Αλ.
2	1	162	0	0	0	1131	2319	4	672	-1	
3	1	162	1	0	0	1131	2319	4	672	-1	
4	1	162	1	1	0	1131	2319	4	672	-1	
5	1	162	1	1	1	1131	2319	4	672	95.000000	 
2	1	163	0	0	0	1291	43	441	51	-1	
3	1	163	1	0	0	1291	43	441	51	-1	
4	1	163	1	1	0	1291	43	441	51	-1	
5	1	163	1	1	1	1291	43	441	51	86.120911	᾿Ανοικοδόμπση
2	1	164	0	0	0	1173	130	679	69	-1	
3	1	164	1	0	0	1173	130	679	64	-1	
4	1	164	1	1	0	1181	130	671	41	-1	
5	1	164	1	1	1	1181	130	57	21	53.806271	ΦἩ
5	1	164	1	1	2	1254	131	236	40	87.783340	ΑΝΟΙΚΟΔΟΜΗΣΗ
5	1	164	1	1	3	1503	131	33	22	59.026024	καί
5	1	164	1	1	4	1551	132	11	26	53.579628	ἡ
5	1	164	1	1	5	1577	132	132	26	90.889954	ἀναστήλωση
5	1	164	1	1	6	1721	134	37	20	93.148514	τῶν
5	1	164	1	1	7	1772	134	80	19	49.462349	σπιτιῶν
4	1	164	1	2	0	1173	163	679	36	-1	
5	1	164	1	2	1	1173	168	6	2	17.509773	ὃ
5	1	164	1	2	2	1645	163	70	36	14.887146	Ἐφέτο
5	1	164	1	2	3	1798	168	54	26	72.550079	ἄλλη
2	1	165	0	0	0	1385	108	235	6	-1	
3	1	165	1	0	0	1385	108	235	6	-1	
4	1	165	1	1	0	1385	108	235	6	-1	
5	1	165	1	1	1	1385	108	235	6	95.000000	 
2	1	166	0	0	0	1687	167	28	21	-1	
3	1	166	1	0	0	1687	167	28	21	-1	
4	1	166	1	1	0	1687	167	28	21	-1	
5	1	166	1	1	1	1687	167	28	21	18.367996	Ρα
2	1	167	0	0	0	1408	163	216	59	-1	
3	1	167	1	0	0	1408	163	216	59	-1	
4	1	167	1	1	0	1408	163	216	59	-1	
5	1	167	1	1	1	1408	175	18	13	52.490154	αι
5	1	167	1	1	2	1450	167	22	26	53.599735	μέ
5	1	167	1	1	3	1488	177	12	45	0.000000	ο
5	1	167	1	1	4	1560	163	64	50	0.000000	ροὴμό.
2	1	168	0	0	0	1281	172	425	35	-1	
3	1	168	1	0	0	1281	172	425	35	-1	
4	1	168	1	1	0	1281	172	425	35	-1	
5	1	168	1	1	1	1281	172	371	35	95.000000	    
5	1	168	1	1	2	1618	194	34	12	95.000000	 
5	1	168	1	1	3	1693	194	13	12	95.000000	 
2	1	169	0	0	0	1707	169	70	38	-1	
3	1	169	1	0	0	1707	169	70	38	-1	
4	1	169	1	1	0	1707	169	70	38	-1	
5	1	169	1	1	1	1707	176	23	31	14.969673	ὃς
5	1	169	1	1	2	1751	169	26	20	46.621063	κ’
2	1	170	0	0	0	1281	206	425	28	-1	
3	1	170	1	0	0	1281	206	425	28	-1	
4	1	170	1	1	0	1281	206	425	28	-1	
5	1	170	1	1	1	1281	206	425	28	95.000000	  
2	1	171	0	0	0	1287	211	410	77	-1	
3	1	171	1	0	0	1287	211	410	77	-1	
4	1	171	1	1	0	1287	211	410	77	-1	
5	1	171	1	1	1	1287	219	73	43	0.000000	πι
5	1	171	1	1	2	1353	212	114	76	6.930092	μα.»
5	1	171	1	1	3	1461	247	29	18	89.608185	γαι
5	1	171	1	1	4	1488	211	60	54	31.717842	ο
5	1	171	1	1	5	1562	241	31	19	96.775894	τοῦ
5	1	171	1	1	6	1605	238	92	22	96.518456	Λεωνίδα
2	1	172	0	0	0	1181	269	671	103	-1	
3	1	172	1	0	0	1181	269	671	103	-1	
4	1	172	1	1	0	1223	269	570	46	-1	
5	1	172	1	1	1	1223	269	16	35	72.380051	ιό,
5	1	172	1	1	2	1316	274	22	26	59.234028	μέ
5	1	172	1	1	3	1355	274	137	21	15.223152	παραδοσιακά
5	1	172	1	1	4	1509	283	25	32	40.130852	μαι
5	1	172	1	1	5	1537	274	84	22	60.183578	αλικόνια
5	1	172	1	1	6	1640	274	33	22	72.335175	καὶ
5	1	172	1	1	7	1692	275	101	27	89.596802	δεράντες.
4	1	172	1	2	0	1181	291	671	46	-1	
5	1	172	1	2	1	1181	308	21	22	80.952461	ϐ
5	1	172	1	2	2	1221	309	36	21	72.075012	Το
5	1	172	1	2	3	1273	291	38	39	0.000000	Ώρ
5	1	172	1	2	4	1314	310	39	20	79.452438	ΑΙΟ
5	1	172	1	2	5	1369	293	13	37	21.126724	9
5	1	172	1	2	6	1378	309	101	22	27.324135	νεόχτιστο
5	1	172	1	2	7	1492	309	51	22	94.673660	σπίτι
5	1	172	1	2	8	1558	312	38	19	91.877708	τῶν
5	1	172	1	2	9	1625	311	65	26	83.236938	᾿Αφῶν
5	1	172	1	2	10	1707	311	111	26	21.392036	Καρδούνη,
5	1	172	1	2	11	1836	312	16	20	90.824905	ὁ-
4	1	172	1	3	0	1210	345	642	27	-1	
5	1	172	1	3	1	1210	364	3	6	4.789619	ῇ
5	1	172	1	3	2	1315	345	21	26	60.559715	μέ
5	1	172	1	3	3	1359	346	111	25	43.801201	εὐρωπαϊκή
5	1	172	1	3	4	1489	345	126	27	0.000000	κεραµ/δένια
5	1	172	1	3	5	1636	345	67	27	92.331284	στέγη.
5	1	172	1	3	6	1721	346	80	25	49.369553	Ἰαθώς
5	1	172	1	3	7	1819	346	33	21	65.652847	καί
2	1	173	0	0	0	1253	380	600	58	-1	
3	1	173	1	0	0	1253	380	600	58	-1	
4	1	173	1	1	0	1253	380	600	58	-1	
5	1	173	1	1	1	1253	388	43	19	25.701683	αγ.
5	1	173	1	1	2	1316	380	112	27	87.462181	Γκουζούλη
5	1	173	1	1	3	1441	390	40	48	39.341682	ο
5	1	173	1	1	4	1529	381	74	27	26.927841	ο
5	1	173	1	1	5	1621	381	69	27	91.869514	ἐπίσης
5	1	173	1	1	6	1708	382	22	26	82.528320	µέ
5	1	173	1	1	7	1751	382	102	27	37.640320	κεραµιδέ-
2	1	174	0	0	0	1471	408	25	30	-1	
3	1	174	1	0	0	1471	408	25	30	-1	
4	1	174	1	1	0	1471	408	25	30	-1	
5	1	174	1	1	1	1471	408	25	30	95.000000	  
2	1	175	0	0	0	1496	416	117	28	-1	
3	1	175	1	0	0	1496	416	117	28	-1	
4	1	175	1	1	0	1496	416	117	28	-1	
5	1	175	1	1	1	1496	416	30	22	67.488480	υκό
5	1	175	1	1	2	1537	419	76	25	91.652390	χρῶμα.
2	1	176	0	0	0	1341	430	336	44	-1	
3	1	176	1	0	0	1341	430	336	44	-1	
4	1	176	1	1	0	1341	430	336	44	-1	
5	1	176	1	1	1	1341	452	83	21	75.393066	ΑΛΟΠ
5	1	176	1	1	2	1431	430	116	43	54.482342	ΡΕΠΕΣΤ
5	1	176	1	1	3	1550	453	56	21	41.811218	Α.ΤΟ
5	1	176	1	1	4	1627	462	50	12	93.871948	σπίτι
2	1	177	0	0	0	1151	382	316	91	-1	
3	1	177	1	0	0	1168	382	278	91	-1	
4	1	177	1	1	0	1171	382	8	19	-1	
5	1	177	1	1	1	1171	382	8	19	58.276234	Ἡ
4	1	177	1	2	0	1151	416	316	27	-1	
5	1	177	1	2	1	1151	424	28	12	23.665077	για
5	1	177	1	2	2	1190	416	67	26	90.255241	στέγη,
5	1	177	1	2	3	1271	416	32	21	0.000000	καά
5	1	177	1	2	4	1316	416	93	27	0.000000	θεράήτες
5	1	177	1	2	5	1422	416	45	27	64.711243	µέτ
4	1	177	1	3	0	1181	451	122	22	-1	
5	1	177	1	3	1	1181	451	21	21	74.114906	9
5	1	177	1	3	2	1224	452	36	21	66.249153	Το
5	1	177	1	3	3	1281	452	22	20	85.561378	Μ,
2	1	178	0	0	0	1147	486	219	27	-1	
3	1	178	1	0	0	1147	486	219	27	-1	
4	1	178	1	1	0	1147	486	219	27	-1	
5	1	178	1	1	1	1147	486	87	27	42.085350	Ἀπαύρου
5	1	178	1	1	2	1250	488	77	20	0.000000	Σηκιαδᾶ
5	1	178	1	1	3	1344	496	22	13	96.101463	πο
2	1	179	0	0	0	1304	452	38	21	-1	
3	1	179	1	0	0	1304	452	38	21	-1	
4	1	179	1	1	0	1304	452	38	21	-1	
5	1	179	1	1	1	1304	452	38	21	95.000000	 
2	1	180	0	0	0	1712	454	139	26	-1	
3	1	180	1	0	0	1712	454	139	26	-1	
4	1	180	1	1	0	1712	454	139	26	-1	
5	1	180	1	1	1	1712	455	37	20	19.243309	τῶν
5	1	180	1	1	2	1786	454	65	26	19.243309	 ᾿Αφῶν
2	1	181	0	0	0	1405	487	448	29	-1	
3	1	181	1	0	0	1405	487	448	29	-1	
4	1	181	1	1	0	1405	487	448	29	-1	
5	1	181	1	1	1	1405	487	74	27	47.357616	εσπόήε,
5	1	181	1	1	2	1495	488	35	26	92.493042	στή
5	1	181	1	1	3	1548	487	67	28	86.640633	Ῥάχη.
5	1	181	1	1	4	1631	497	22	17	82.941086	µέ
5	1	181	1	1	5	1672	497	30	13	76.092529	τόν
5	1	181	1	1	6	1722	488	96	28	92.140976	ἀπέραντο
5	1	181	1	1	7	1835	490	18	20	90.277405	ὁ-
2	1	182	0	0	0	1322	489	92	65	-1	
3	1	182	1	0	0	1322	489	92	65	-1	
4	1	182	1	1	0	1369	489	32	19	-1	
5	1	182	1	1	1	1369	489	32	19	95.000000	   
4	1	182	1	2	0	1327	512	86	16	-1	
5	1	182	1	2	1	1327	512	86	16	95.000000	  
4	1	182	1	3	0	1322	528	92	26	-1	
5	1	182	1	3	1	1322	528	92	26	95.000000	 
2	1	183	0	0	0	1148	522	66	27	-1	
3	1	183	1	0	0	1148	522	66	27	-1	
4	1	183	1	1	0	1148	522	66	27	-1	
5	1	183	1	1	1	1148	522	66	27	95.000000	 
2	1	184	0	0	0	1177	597	3	2	-1	
3	1	184	1	0	0	1177	597	3	2	-1	
4	1	184	1	1	0	1177	597	3	2	-1	
5	1	184	1	1	1	1177	597	3	2	95.000000	 
2	1	185	0	0	0	1147	601	71	18	-1	
3	1	185	1	0	0	1147	601	71	18	-1	
4	1	185	1	1	0	1147	601	71	18	-1	
5	1	185	1	1	1	1147	601	71	18	95.000000	 
2	1	186	0	0	0	1173	525	678	96	-1	
3	1	186	1	0	0	1180	525	671	96	-1	
4	1	186	1	1	0	1215	525	258	25	-1	
5	1	186	1	1	1	1215	523	10	20	79.952484	ἆ
5	1	186	1	1	2	1238	531	38	13	93.164146	που.
5	1	186	1	1	3	1295	524	24	20	24.932938	ἀπι
5	1	186	1	1	4	1413	525	60	25	0.000000	ὄηκε.
4	1	186	1	2	0	1173	544	678	43	-1	
5	1	186	1	2	1	1173	544	28	35	85.234970	9
5	1	186	1	2	2	1222	558	60	21	92.766609	ΤΩΝ
5	1	186	1	2	3	1298	559	212	21	86.808868	ΚΛΗΡΟΝΟΜΩΝ
5	1	186	1	2	4	1526	559	63	21	77.521957	Ἠλία
5	1	186	1	2	5	1606	559	88	26	69.881470	᾽Αλούπη
5	1	186	1	2	6	1709	559	35	22	93.196312	στά
5	1	186	1	2	7	1759	560	92	27	56.970325	ΘοΡωρα-
4	1	186	1	3	0	1191	593	659	28	-1	
5	1	186	1	3	1	1191	593	42	22	68.126694	εὔχα
5	1	186	1	3	2	1250	594	168	24	31.149582	καλλωπίζονται,
5	1	186	1	3	3	1436	594	107	27	75.839996	Ἱδιαίτερα
5	1	186	1	3	4	1558	597	32	19	96.579437	τοῦ
5	1	186	1	3	5	1606	594	88	27	89.900261	Γιώργου
5	1	186	1	3	6	1710	594	33	22	71.004730	καί
5	1	186	1	3	7	1776	594	74	22	90.525589	Κώστα
2	1	187	0	0	0	1146	629	706	306	-1	
3	1	187	1	0	0	1147	629	450	63	-1	
4	1	187	1	1	0	1292	629	305	27	-1	
5	1	187	1	1	1	1292	629	30	25	90.432709	τίς
5	1	187	1	1	2	1341	630	73	26	67.967804	ὡραῖες
5	1	187	1	1	3	1430	629	75	25	26.898346	σκάλες
5	1	187	1	1	4	1524	629	32	22	73.246155	καί
5	1	187	1	1	5	1573	638	24	13	94.026993	τά
4	1	187	1	2	0	1147	665	374	27	-1	
5	1	187	1	2	1	1147	673	37	13	25.015320	για,
5	1	187	1	2	2	1202	665	94	24	88.637711	ἄλλαξαν
5	1	187	1	2	3	1310	665	33	25	93.301605	τήν
5	1	187	1	2	4	1358	665	38	26	46.024113	ὄψη
5	1	187	1	2	5	1408	668	31	19	96.387398	τοῦ
5	1	187	1	2	6	1451	665	70	27	96.013741	χώρου.
3	1	187	2	0	0	1146	699	706	60	-1	
4	1	187	2	1	0	1179	699	673	40	-1	
5	1	187	2	1	1	1179	699	21	20	72.987000	9
5	1	187	2	1	2	1220	700	60	19	93.069557	ΤΩΝ
5	1	187	2	1	3	1297	700	212	20	91.222343	ΚΛΗΡΟΝΟΜΩΝ
5	1	187	2	1	4	1524	700	92	25	76.968292	Χρήστου
5	1	187	2	1	5	1632	700	84	39	0.000000	Τοηός
5	1	187	2	1	6	1717	702	58	19	2.692535	Ὄὐλου
5	1	187	2	1	7	1797	701	55	25	45.924679	(Αν-
4	1	187	2	2	0	1146	732	445	27	-1	
5	1	187	2	2	1	1146	732	111	26	16.314728	δριαμέῦα)
5	1	187	2	2	2	1273	732	154	26	85.891129	ἐπισχευάστηκε
5	1	187	2	2	3	1439	734	25	19	29.908943	κι᾿
5	1	187	2	2	4	1478	733	63	20	75.068604	ἔδειξε
5	1	187	2	2	5	1554	734	37	25	64.789497	ἀρχ'
3	1	187	3	0	0	1146	767	446	57	-1	
4	1	187	3	1	0	1179	767	413	27	-1	
5	1	187	3	1	1	1179	767	21	21	83.784645	6
5	1	187	3	1	2	1218	767	17	21	61.673962	ϱ
5	1	187	3	1	3	1251	767	165	22	86.224319	ΑΘΑΝΑΣΙΟΣ
5	1	187	3	1	4	1429	768	14	21	0.000000	].
5	1	187	3	1	5	1458	768	67	26	67.366760	Δήμος
5	1	187	3	1	6	1537	767	55	22	20.552368	στὀλ.
4	1	187	3	2	0	1146	803	316	27	-1	
5	1	187	3	2	1	1146	805	44	25	79.753204	ραΐο
5	1	187	3	2	2	1204	803	101	26	10.223625	µμπαλικόνι
5	1	187	3	2	3	1320	803	33	21	30.937126	καά
5	1	187	3	2	4	1371	803	91	27	14.643745	θεράητα.
3	1	187	4	0	0	1146	838	497	63	-1	
4	1	187	4	1	0	1178	838	465	27	-1	
5	1	187	4	1	1	1178	838	21	21	71.464195	9
5	1	187	4	1	2	1221	839	17	20	73.158615	0
5	1	187	4	1	3	1255	838	138	21	91.654076	ΧΡΗΣΤΟΣ
5	1	187	4	1	4	1417	838	149	26	55.916130	Πιαπαστάθης,
5	1	187	4	1	5	1585	838	58	27	71.117775	ἀχούρ
4	1	187	4	2	0	1146	873	354	28	-1	
5	1	187	4	2	1	1146	873	21	21	93.290482	τό
5	1	187	4	2	2	1181	873	98	28	91.113815	εὐρύχωρο
5	1	187	4	2	3	1290	874	88	26	21.523277	λυώμενο
5	1	187	4	2	4	1392	874	53	21	91.225906	σπίτι
5	1	187	4	2	5	1462	882	38	13	91.866638	του.
3	1	187	5	0	0	1177	908	499	27	-1	
4	1	187	5	1	0	1177	908	499	27	-1	
5	1	187	5	1	1	1177	908	21	22	66.829269	ϐ
5	1	187	5	1	2	1221	909	51	21	51.495686	Οκ.
5	1	187	5	1	3	1291	909	195	21	88.970131	ΠΑΝΑΠΩΤΗΣ
5	1	187	5	1	4	1504	910	21	21	84.806335	7.
5	1	187	5	1	5	1542	909	134	26	70.265228	Μανεσιώτης
2	1	188	0	0	0	1144	944	704	46	-1	
3	1	188	1	0	0	1144	944	704	46	-1	
4	1	188	1	1	0	1144	944	704	29	-1	
5	1	188	1	1	1	1144	945	110	26	52.133984	δλοκλήρου
5	1	188	1	1	2	1270	945	21	21	79.140579	τό
5	1	188	1	1	3	1307	944	83	27	80.674095	πατρικό
5	1	188	1	1	4	1407	953	38	16	96.204880	του,
5	1	188	1	1	5	1460	944	47	27	94.633705	µέσα
5	1	188	1	1	6	1522	944	33	22	85.342407	καὶ
5	1	188	1	1	7	1571	945	46	25	92.877632	ἔξω.
5	1	188	1	1	8	1632	944	75	25	34.230453	Ἰαθώς
5	1	188	1	1	9	1722	945	32	21	69.893303	καί
5	1	188	1	1	10	1772	947	8	20	90.520363	ὁ
5	1	188	1	1	11	1797	945	51	28	40.137459	Δημ,
4	1	188	1	2	0	1392	982	7	8	-1	
5	1	188	1	2	1	1392	982	7	8	22.147324	.
2	1	189	0	0	0	1147	629	703	28	-1	
3	1	189	1	0	0	1147	629	703	28	-1	
4	1	189	1	1	0	1147	629	703	28	-1	
5	1	189	1	1	1	1147	629	87	26	39.257908	Αλούπη
5	1	189	1	1	2	1253	629	21	27	41.494835	μέ
5	1	189	1	1	3	1611	630	136	27	35.643860	παραδεσιανιά
5	1	189	1	1	4	1763	630	87	26	2.916405	μπαλικό-
2	1	190	0	0	0	1514	740	244	50	-1	
3	1	190	1	0	0	1514	740	244	50	-1	
4	1	190	1	1	0	1514	740	244	50	-1	
5	1	190	1	1	1	1514	747	19	10	95.000000	 
5	1	190	1	1	2	1587	740	171	50	95.000000	  
2	1	191	0	0	0	1648	838	199	96	-1	
3	1	191	1	0	0	1648	838	199	96	-1	
4	1	191	1	1	0	1648	838	199	25	-1	
5	1	191	1	1	1	1648	846	57	17	0.000000	4στος
5	1	191	1	1	2	1724	838	123	25	53.111923	καλλωπίζει
4	1	191	1	2	0	1693	909	154	25	-1	
5	1	191	1	2	1	1693	909	112	22	40.691582	ἀναικαίνισε
5	1	191	1	2	2	1826	910	21	24	96.717339	ἐξ
2	1	192	0	0	0	1144	979	705	28	-1	
3	1	192	1	0	0	1144	979	705	28	-1	
4	1	192	1	1	0	1144	979	705	28	-1	
5	1	192	1	1	1	1144	980	20	21	63.384464	Τ.
5	1	192	1	1	2	1183	979	93	25	6.191025	Γχλέκας
5	1	192	1	1	3	1297	980	21	21	76.711807	τὸ
5	1	192	1	1	4	1335	990	11	11	81.827911	πι
5	1	192	1	1	5	1433	990	6	7	57.139229	6
5	1	192	1	1	6	1458	980	22	26	82.273972	µέ
5	1	192	1	1	7	1501	980	118	26	32.161263	μονομπλόκ,
5	1	192	1	1	8	1637	980	132	27	53.887409	παραδοσιακό
5	1	192	1	1	9	1787	989	62	18	40.606201	µπα]-
2	1	193	0	0	0	1349	980	91	27	-1	
3	1	193	1	0	0	1349	980	91	27	-1	
4	1	193	1	1	0	1349	980	91	27	-1	
5	1	193	1	1	1	1349	980	91	27	95.000000	 
2	1	194	0	0	0	1144	1015	704	170	-1	
3	1	194	1	0	0	1144	1015	704	170	-1	
4	1	194	1	1	0	1146	1015	276	28	-1	
5	1	194	1	1	1	1146	1015	38	22	54.758625	κόνι
5	1	194	1	1	2	1199	1015	33	22	60.399746	καί
5	1	194	1	1	3	1247	1016	59	26	92.922218	ὡραῖο
5	1	194	1	1	4	1324	1016	98	27	19.347916	διάδρομο.
4	1	194	1	2	0	1177	1051	264	27	-1	
5	1	194	1	2	1	1177	1051	21	21	58.765545	6
5	1	194	1	2	2	1219	1052	28	20	79.702667	ΟΙ
5	1	194	1	2	3	1264	1052	67	21	90.061096	ΑΦΟΙ
5	1	194	1	2	4	1348	1051	93	27	94.202812	Θανάσης
4	1	194	1	3	0	1144	1087	571	27	-1	
5	1	194	1	3	1	1144	1087	45	21	66.601700	στόν
5	1	194	1	3	2	1206	1087	96	27	31.870918	ἐργολάδο
5	1	194	1	3	3	1317	1088	22	21	85.895782	Δ.
5	1	194	1	3	4	1353	1087	158	21	37.994774	ΤΓιννακάπουλο
5	1	194	1	3	5	1525	1087	80	27	0.000000	μεγώλη
5	1	194	1	3	6	1616	1088	99	26	10.522072	οὐχοδομή.
4	1	194	1	4	0	1176	1123	672	28	-1	
5	1	194	1	4	1	1176	1123	21	20	91.904785	6
5	1	194	1	4	2	1219	1123	16	21	84.772636	ϱ
5	1	194	1	4	3	1258	1123	194	21	87.256813	ΠΑΝΑΠΩΤΗΣ
5	1	194	1	4	4	1474	1123	125	27	74.670364	Παναγάκος
5	1	194	1	4	5	1616	1123	96	27	0.000000	πρόφΒεσε
5	1	194	1	4	6	1729	1124	73	27	86.946205	ὡραῖες
5	1	194	1	4	7	1820	1126	28	19	81.090073	δε-
4	1	194	1	5	0	1145	1158	398	27	-1	
5	1	194	1	5	1	1145	1158	48	27	56.175770	ράήτες
5	1	194	1	5	2	1229	1158	33	22	54.199287	κάἱ
5	1	194	1	5	3	1276	1159	135	26	0.000000	παραδοσιακά
5	1	194	1	5	4	1424	1159	119	26	0.000000	µπαλκόνυλ.
2	1	195	0	0	0	1177	1194	659	27	-1	
3	1	195	1	0	0	1177	1194	659	27	-1	
4	1	195	1	1	0	1177	1194	659	27	-1	
5	1	195	1	1	1	1177	1194	21	21	75.182297	ϱ
5	1	195	1	1	2	1219	1195	16	20	77.168045	ϱ
5	1	195	1	1	3	1253	1195	139	20	43.942471	ΓΕΩΡΓΙΟΣ
5	1	195	1	1	4	1409	1195	26	21	29.615746	Ι.
5	1	195	1	1	5	1452	1194	76	25	60.358727	Κόντος
5	1	195	1	1	6	1548	1195	128	25	41.316116	ἀνχστήλωσε
5	1	195	1	1	7	1693	1195	99	26	34.864433	Δαυμάσια
5	1	195	1	1	8	1827	1204	9	4	86.860977	τ
2	1	196	0	0	0	1752	1047	99	31	-1	
3	1	196	1	0	0	1752	1047	99	31	-1	
4	1	196	1	1	0	1752	1047	99	31	-1	
5	1	196	1	1	1	1752	1047	99	31	95.000000	 
2	1	197	0	0	0	1461	1053	274	26	-1	
3	1	197	1	0	0	1461	1053	274	26	-1	
4	1	197	1	1	0	1461	1053	274	26	-1	
5	1	197	1	1	1	1461	1051	32	22	73.166199	καὶ
5	1	197	1	1	2	1511	1053	77	26	57.737839	Σπῦρος
5	1	197	1	1	3	1605	1053	14	21	41.796822	1.
5	1	197	1	1	4	1639	1053	96	23	50.462158	Ῥασσιᾶς,
2	1	198	0	0	0	1194	1167	37	16	-1	
3	1	198	1	0	0	1194	1167	37	16	-1	
4	1	198	1	1	0	1194	1167	37	16	-1	
5	1	198	1	1	1	1194	1167	37	16	95.000000	  
2	1	199	0	0	0	1839	1195	9	21	-1	
3	1	199	1	0	0	1839	1195	9	21	-1	
4	1	199	1	1	0	1839	1195	9	21	-1	
5	1	199	1	1	1	1839	1195	9	21	0.000000	ὃ.
2	1	200	0	0	0	1145	1226	702	102	-1	
3	1	200	1	0	0	1145	1226	702	100	-1	
4	1	200	1	1	0	1428	1226	419	49	-1	
5	1	200	1	1	1	1428	1239	8	13	91.599693	ὁ
5	1	200	1	1	2	1450	1230	91	27	45.409859	γεἰτουάς
5	1	200	1	1	3	1558	1239	31	13	96.780731	του
5	1	200	1	1	4	1603	1226	119	49	9.913727	Γάνναρης,
5	1	200	1	1	5	1737	1230	20	22	73.582520	τὸ
5	1	200	1	1	6	1771	1231	76	26	81.273102	συµπλή
4	1	200	1	2	0	1145	1267	293	25	-1	
5	1	200	1	2	1	1145	1273	49	19	75.667992	ρωσε
5	1	200	1	2	2	1212	1265	21	26	80.831253	µέ
5	1	200	1	2	3	1251	1265	73	27	86.646309	ὡραῖες
5	1	200	1	2	4	1337	1266	101	26	50.273872	θεράντες.
4	1	200	1	3	0	1177	1300	569	28	-1	
5	1	200	1	3	1	1177	1300	21	21	68.862198	6
5	1	200	1	3	2	1217	1302	27	20	90.974396	ΟΙ
5	1	200	1	3	3	1259	1301	66	21	39.360130	ΔΦΟΙ
5	1	200	1	3	4	1343	1301	134	25	76.149597	Πανταζέλου
5	1	200	1	3	5	1493	1301	33	21	91.496124	ὅλο
5	1	200	1	3	6	1540	1301	33	22	55.992073	καί
5	1	200	1	3	7	1589	1301	157	27	73.954300	συμπληρώνουν,
2	1	201	0	0	0	1143	1336	309	27	-1	
3	1	201	1	0	0	1143	1336	309	27	-1	
4	1	201	1	1	0	1143	1336	309	27	-1	
5	1	201	1	1	1	1143	1336	32	20	78.088974	καΐ
5	1	201	1	1	2	1190	1337	8	20	92.598602	ὁ
5	1	201	1	1	3	1215	1337	53	20	81.498108	Διω.
5	1	201	1	1	4	1284	1336	118	27	81.260994	Γιάνναρης.
5	1	201	1	1	5	1419	1337	33	20	50.129044	Κι’
2	1	202	0	0	0	1144	1302	705	168	-1	
3	1	202	1	0	0	1144	1302	703	96	-1	
4	1	202	1	1	0	1776	1302	71	24	-1	
5	1	202	1	1	1	1776	1302	71	24	56.542240	χαθώς
4	1	202	1	2	0	1470	1337	377	27	-1	
5	1	202	1	2	1	1470	1337	58	21	91.360207	ἄλλοι
5	1	202	1	2	2	1543	1337	70	21	93.275810	πολλοί
5	1	202	1	2	3	1629	1337	55	27	92.692924	ἔχουν
5	1	202	1	2	4	1698	1338	149	26	37.660007	πραγµιατοπονή
4	1	202	1	3	0	1144	1371	575	27	-1	
5	1	202	1	3	1	1144	1381	27	12	88.441048	σει
5	1	202	1	3	2	1185	1371	109	27	83.587837	ὀληγώτερο
5	1	202	1	3	3	1306	1372	92	26	41.640594	ἐμφανεῖς
5	1	202	1	3	4	1411	1372	116	25	75.206833	δελτιώσεις
5	1	202	1	3	5	1540	1372	37	22	95.407974	στά
5	1	202	1	3	6	1589	1372	65	22	84.847321	σπίτια
5	1	202	1	3	7	1668	1380	51	17	95.731438	τους.
3	1	202	2	0	0	1561	1408	288	62	-1	
4	1	202	2	1	0	1590	1408	259	26	-1	
5	1	202	2	1	1	1590	1408	23	20	1.906448	Ο
5	1	202	2	1	2	1630	1409	72	20	26.738083	᾽Αδαν.
5	1	202	2	1	3	1717	1409	70	25	32.706802	Αγησ.
5	1	202	2	1	4	1802	1409	47	20	0.000000	Μίπο
4	1	202	2	2	0	1561	1443	288	27	-1	
5	1	202	2	2	1	1561	1444	23	20	60.089066	Ὁ
5	1	202	2	2	2	1597	1443	82	27	46.354031	γιατρός
5	1	202	2	2	3	1694	1444	63	26	13.925819	Αρις.
5	1	202	2	2	4	1770	1444	79	26	21.859344	Ἄκρουμ.
2	1	203	0	0	0	1143	1407	705	203	-1	
3	1	203	1	0	0	1143	1407	704	134	-1	
4	1	203	1	1	0	1178	1407	396	27	-1	
5	1	203	1	1	1	1178	1407	21	21	59.646629	ϐ
5	1	203	1	1	2	1220	1407	83	26	22.635338	᾿ἨἘπίσης
5	1	203	1	1	3	1319	1408	79	20	65.835571	ἔχτισαν
5	1	203	1	1	4	1412	1408	35	25	91.549873	στή
5	1	203	1	1	5	1464	1408	110	26	73.499146	Μαγούλα:
4	1	203	1	2	0	1144	1442	401	28	-1	
5	1	203	1	2	1	1144	1442	64	27	3.948586	λάνης
5	1	203	1	2	2	1225	1443	75	26	23.544952	µεγάλο
5	1	203	1	2	3	1313	1442	33	22	70.343010	καὶ
5	1	203	1	2	4	1359	1442	115	28	90.555405	ὡραιώπαπο
5	1	203	1	2	5	1487	1443	58	22	79.269455	σπίτι.
4	1	203	1	3	0	1144	1478	703	27	-1	
5	1	203	1	3	1	1144	1478	83	24	63.803421	πέλλος.
5	1	203	1	3	2	1245	1480	8	20	91.435455	ὁ
5	1	203	1	3	3	1271	1478	76	27	62.891609	ΓεώρΥ.
5	1	203	1	3	4	1364	1479	41	21	72.316284	Αν.
5	1	203	1	3	5	1423	1478	133	27	57.643871	Γκουζούλης.
5	1	203	1	3	6	1572	1480	8	20	91.984344	ὁ
5	1	203	1	3	7	1598	1478	76	27	31.936935	ΤεώρΥ.
5	1	203	1	3	8	1690	1480	15	21	15.566864	Ι.
5	1	203	1	3	9	1721	1479	102	24	75.370941	Γκλόκας,
5	1	203	1	3	10	1839	1481	8	20	92.887512	ὁ
4	1	203	1	4	0	1143	1513	704	29	-1	
5	1	203	1	4	1	1143	1513	76	28	37.858486	ΤΕώρΥ.
5	1	203	1	4	2	1233	1514	33	22	84.050026	καὶ
5	1	203	1	4	3	1279	1515	94	26	73.239288	Χρῆστος
5	1	203	1	4	4	1388	1515	44	26	24.479225	Αη.
5	1	203	1	4	5	1448	1514	100	27	88.485062	Μπαλάνη
5	1	203	1	4	6	1562	1514	33	22	84.700912	καί
5	1	203	1	4	7	1611	1515	8	21	93.132767	ὁ
5	1	203	1	4	8	1634	1514	118	25	61.925999	᾿Αἰθαμάσιος
5	1	203	1	4	9	1769	1515	78	27	42.874649	Σκρουμ,
3	1	203	2	0	0	1144	1549	704	61	-1	
4	1	203	2	1	0	1144	1549	704	27	-1	
5	1	203	2	1	1	1144	1549	75	24	87.819542	πέλλος
5	1	203	2	1	2	1236	1550	33	20	93.289421	στό
5	1	203	2	1	3	1285	1550	91	25	80.128601	ἸΜυστρᾶ,
5	1	203	2	1	4	1391	1551	8	20	93.002441	ὁ
5	1	203	2	1	5	1419	1551	113	24	46.904976	Παντελής
5	1	203	2	1	6	1548	1551	48	20	91.601501	Ἠλ.
5	1	203	2	1	7	1612	1551	79	25	50.626129	Ἰζοψιᾶς
5	1	203	2	1	8	1706	1550	75	26	64.863174	µεγάλο
5	1	203	2	1	9	1796	1550	52	21	94.514893	σπίτι
4	1	203	2	2	0	1144	1583	143	27	-1	
5	1	203	2	2	1	1144	1583	37	26	91.529716	στή
5	1	203	2	2	2	1198	1583	89	27	80.971321	Σπάρτη.
2	1	204	0	0	0	1388	1618	86	7	-1	
3	1	204	1	0	0	1388	1618	86	7	-1	
4	1	204	1	1	0	1388	1618	86	7	-1	
5	1	204	1	1	1	1388	1619	4	6	32.466125	ο
5	1	204	1	1	2	1424	1618	3	7	0.000000	ὰ
5	1	204	1	1	3	1471	1618	3	16	70.889404	/
2	1	205	0	0	0	1173	1618	377	28	-1	
3	1	205	1	0	0	1173	1618	377	28	-1	
4	1	205	1	1	0	1173	1618	377	28	-1	
5	1	205	1	1	1	1173	1618	143	28	19.094856	Καλλορίζικα
5	1	205	1	1	2	1326	1618	32	22	55.068115	καί
5	1	205	1	1	3	1370	1627	23	13	94.514183	νά
5	1	205	1	1	4	1406	1627	22	13	88.944839	τά
5	1	205	1	1	5	1442	1627	108	19	37.100800	χαΐρουται,
2	1	206	0	0	0	1234	1666	502	4	-1	
3	1	206	1	0	0	1234	1666	502	4	-1	
4	1	206	1	1	0	1234	1666	502	4	-1	
5	1	206	1	1	1	1234	1666	502	4	95.000000	 
2	1	207	0	0	0	1290	1696	415	21	-1	
3	1	207	1	0	0	1290	1696	415	21	-1	
4	1	207	1	1	0	1290	1696	415	21	-1	
5	1	207	1	1	1	1290	1696	66	21	62.079205	ΑΠΟ
5	1	207	1	1	2	1370	1696	39	21	89.562386	ΤΗ
5	1	207	1	1	3	1424	1696	57	21	8.340492	ΖΏΠ
5	1	207	1	1	4	1493	1696	48	21	96.128746	ΚΑΙ
5	1	207	1	1	5	1557	1696	37	21	95.367149	ΤΗ
5	1	207	1	1	6	1609	1696	96	21	95.687546	ΔΡΑΣΗ
2	1	208	0	0	0	1210	1751	585	65	-1	
3	1	208	1	0	0	1210	1751	585	65	-1	
4	1	208	1	1	0	1210	1751	585	65	-1	
5	1	208	1	1	1	1210	1752	86	52	92.821846	Τοῦ
5	1	208	1	1	2	1324	1751	263	65	0.000000	Συνδέσμου
5	1	208	1	1	3	1616	1753	179	57	49.920517	᾿Ατικῆς
2	1	209	0	0	0	1172	1855	92	22	-1	
3	1	209	1	0	0	1172	1855	92	22	-1	
4	1	209	1	1	0	1172	1855	92	22	-1	
5	1	209	1	1	1	1172	1855	28	21	96.088799	Τό
5	1	209	1	1	2	1215	1856	49	21	77.114166	Δ.Σ,
2	1	210	0	0	0	1143	1891	558	27	-1	
3	1	210	1	0	0	1143	1891	558	27	-1	
4	1	210	1	1	0	1143	1891	558	27	-1	
5	1	210	1	1	1	1143	1891	65	26	29.292267	Ἰνώση
5	1	210	1	1	2	1227	1893	36	20	93.128639	τῶν
5	1	210	1	1	3	1282	1892	64	25	77.821663	μελῶν
5	1	210	1	1	4	1365	1899	31	13	95.395630	του
5	1	210	1	1	5	1414	1891	33	21	21.274048	πα
5	1	210	1	1	6	1464	1892	37	21	90.396408	τῶν
5	1	210	1	1	7	1521	1891	111	27	87.617134	ἁπανταχοῦ
5	1	210	1	1	8	1651	1891	50	27	92.137039	φίλω
2	1	211	0	0	0	1365	1833	58	3	-1	
3	1	211	1	0	0	1365	1833	58	3	-1	
4	1	211	1	1	0	1365	1833	58	3	-1	
5	1	211	1	1	1	1365	1833	58	3	95.000000	 
2	1	212	0	0	0	1280	1855	567	56	-1	
3	1	212	1	0	0	1280	1855	567	56	-1	
4	1	212	1	1	0	1280	1855	567	56	-1	
5	1	212	1	1	1	1280	1858	31	19	81.525246	ποῦ
5	1	212	1	1	2	1327	1855	108	26	23.756935	Σὐδέσμου
5	1	212	1	1	3	1453	1855	162	27	70.645309	Γεωρηιπσιάνων
5	1	212	1	1	4	1635	1856	56	20	0.000000	΄Αττι
5	1	212	1	1	5	1694	1857	46	54	20.468964	η
5	1	212	1	1	6	1757	1855	54	28	81.389030	φέρει,
5	1	212	1	1	7	1827	1855	20	22	66.600441	'σέ
2	1	213	0	0	0	1776	1899	71	55	-1	
3	1	213	1	0	0	1776	1899	71	55	-1	
4	1	213	1	1	0	1776	1899	71	20	-1	
5	1	213	1	1	1	1776	1894	71	25	64.539604	χωριρῦ
4	1	213	1	2	0	1783	1935	64	19	-1	
5	1	213	1	2	1	1783	1935	64	19	77.787704	τρωση
2	1	214	0	0	0	1723	1864	15	49	-1	
3	1	214	1	0	0	1723	1864	15	49	-1	
4	1	214	1	1	0	1723	1864	15	49	-1	
5	1	214	1	1	1	1729	1901	9	12	23.798004	απ
5	1	214	1	1	2	1720	1864	20	16	22.354568	ο
2	1	215	0	0	0	1481	1899	298	49	-1	
3	1	215	1	0	0	1481	1899	298	49	-1	
4	1	215	1	1	0	1481	1899	291	48	-1	
5	1	215	1	1	1	1481	1922	4	25	95.000000	 
5	1	215	1	1	2	1738	1899	34	30	95.000000	  
4	1	215	1	2	0	1744	1929	35	19	-1	
5	1	215	1	2	1	1744	1929	35	19	95.000000	 
2	1	216	0	0	0	1154	1927	590	26	-1	
3	1	216	1	0	0	1154	1927	590	26	-1	
4	1	216	1	1	0	1154	1927	590	26	-1	
5	1	216	1	1	1	1154	1935	24	13	73.343933	τι,
5	1	216	1	1	2	1196	1926	20	22	48.496582	σέ
5	1	216	1	1	3	1233	1926	89	27	96.648354	συνέχεια
5	1	216	1	1	4	1340	1928	37	19	93.285164	τῶν
5	1	216	1	1	5	1395	1928	134	25	89.930618	προσπαθειῶν
5	1	216	1	1	6	1547	1935	32	13	96.376518	του
5	1	216	1	1	7	1599	1927	33	26	94.965889	γιά
5	1	216	1	1	8	1654	1927	23	25	92.818352	τή
5	1	216	1	1	9	1710	1935	34	18	84.280998	συγ
2	1	217	0	0	0	1142	1962	704	27	-1	
3	1	217	1	0	0	1142	1962	704	27	-1	
4	1	217	1	1	0	1142	1962	704	27	-1	
5	1	217	1	1	1	1142	1962	105	26	46.220406	χρημάτων
5	1	217	1	1	2	1265	1962	33	27	93.294907	γιά
5	1	217	1	1	3	1314	1963	50	26	27.227776	ἔριηα
5	1	217	1	1	4	1672	1962	101	21	31.012390	ἀχόλουδια
5	1	217	1	1	5	1787	1962	59	22	70.877266	ποσά:
2	1	218	0	0	0	1143	1927	47	162	-1	
3	1	218	1	0	0	1143	1927	22	162	-1	
4	1	218	1	1	0	1143	1927	22	20	-1	
5	1	218	1	1	1	1143	1927	9	20	30.611885	ὅ
5	1	218	1	1	2	1164	1935	1	3	0.000000	:
4	1	218	1	2	0	1143	1970	21	19	-1	
5	1	218	1	2	1	1143	1970	21	19	90.329659	χρ
4	1	218	1	3	0	1143	1999	25	20	-1	
5	1	218	1	3	1	1143	1999	25	20	84.855957	Α-
4	1	218	1	4	0	1146	2033	18	21	-1	
5	1	218	1	4	1	1146	2033	18	21	0.000000	Ἱς,
4	1	218	1	5	0	1144	2068	46	21	-1	
5	1	218	1	5	1	1144	2068	11	21	48.147377	9
5	1	218	1	5	2	1173	2069	17	20	48.147377	ΛΑ
2	1	219	0	0	0	1380	1964	111	40	-1	
3	1	219	1	0	0	1380	1964	111	40	-1	
4	1	219	1	1	0	1380	1964	111	40	-1	
5	1	219	1	1	1	1380	1964	32	19	93.473038	τοῦ
5	1	219	1	1	2	1426	1970	65	34	19.040253	ο
2	1	220	0	0	0	1489	1959	168	45	-1	
3	1	220	1	0	0	1489	1959	168	45	-1	
4	1	220	1	1	0	1489	1959	168	45	-1	
5	1	220	1	1	1	1489	1959	168	45	95.000000	 
2	1	221	0	0	0	1177	1998	452	98	-1	
3	1	221	1	0	0	1183	1998	446	92	-1	
4	1	221	1	1	0	1183	1998	446	41	-1	
5	1	221	1	1	1	1183	1998	49	21	71.306229	᾿Από
5	1	221	1	1	2	1244	1998	124	41	38.640053	χρηματικές
5	1	221	1	1	3	1383	1998	25	20	60.607864	ἐνι
5	1	221	1	1	4	1505	1999	124	26	78.856125	ἐσωτερικοῦ.
4	1	221	1	2	0	1177	2034	232	62	-1	
5	1	221	1	2	1	1177	2034	48	62	16.372696	ος
5	1	221	1	2	2	1239	2034	76	21	72.906708	10.000
5	1	221	1	2	3	1330	2033	35	21	93.288719	ἀπό
5	1	221	1	2	4	1379	2034	30	20	89.409943	Βα
4	1	221	1	3	0	1220	2069	240	26	-1	
5	1	221	1	3	1	1220	2087	3	3	21.319893	.
5	1	221	1	3	2	1239	2069	74	21	39.539955	10.000
5	1	221	1	3	3	1326	2069	35	21	89.366547	ἀπό
5	1	221	1	3	4	1375	2069	85	26	87.897362	ἀνώνυμο
2	1	222	0	0	0	1245	2104	318	26	-1	
3	1	222	1	0	0	1245	2104	318	26	-1	
4	1	222	1	1	0	1245	2104	318	26	-1	
5	1	222	1	1	1	1245	2104	78	21	53.473145	95.000
5	1	222	1	1	2	1336	2104	36	21	90.756294	ἀπό
5	1	222	1	1	3	1386	2112	85	18	57.962704	ἀνώνυμο
5	1	222	1	1	4	1486	2104	31	21	89.011932	διά
5	1	222	1	1	5	1533	2113	30	13	96.252327	τοῦ
2	1	223	0	0	0	1408	2005	97	50	-1	
3	1	223	1	0	0	1408	2005	97	50	-1	
4	1	223	1	1	0	1408	2005	97	22	-1	
5	1	223	1	1	1	1408	2005	97	22	95.000000	   
4	1	223	1	2	0	1410	2027	73	28	-1	
5	1	223	1	2	1	1410	2027	73	28	95.000000	  
2	1	224	0	0	0	1474	2033	217	97	-1	
3	1	224	1	0	0	1474	2033	217	97	-1	
4	1	224	1	1	0	1487	2033	178	27	-1	
5	1	224	1	1	1	1487	2034	48	21	0.000000	Νὴκ,
5	1	224	1	1	2	1547	2033	118	27	14.108994	Τσαηάρη.
4	1	224	1	2	0	1474	2069	203	25	-1	
5	1	224	1	2	1	1474	2069	30	20	95.292053	διά
5	1	224	1	2	2	1518	2071	32	19	96.751984	τοῦ
5	1	224	1	2	3	1561	2078	18	12	93.233032	κ.
5	1	224	1	2	4	1593	2069	84	25	39.971790	Μπακη.
4	1	224	1	3	0	1575	2104	116	26	-1	
5	1	224	1	3	1	1575	2113	19	13	77.875374	χ.
5	1	224	1	3	2	1607	2104	84	26	64.232147	Μπακη.
2	1	225	0	0	0	1441	2139	170	27	-1	
3	1	225	1	0	0	1441	2139	170	27	-1	
4	1	225	1	1	0	1441	2139	170	27	-1	
5	1	225	1	1	1	1441	2151	7	9	77.948509	ο
5	1	225	1	1	2	1461	2139	150	27	82.891373	Γεωρηάπουλο.
2	1	226	0	0	0	1570	2085	3	5	-1	
3	1	226	1	0	0	1570	2085	3	5	-1	
4	1	226	1	1	0	1570	2085	3	5	-1	
5	1	226	1	1	1	1570	2085	3	5	95.000000	 
2	1	227	0	0	0	1177	2101	57	34	-1	
3	1	227	1	0	0	1177	2101	57	34	-1	
4	1	227	1	1	0	1177	2101	57	34	-1	
5	1	227	1	1	1	1177	2101	57	34	95.000000	 
2	1	228	0	0	0	1145	2078	302	88	-1	
3	1	228	1	0	0	1145	2078	302	88	-1	
4	1	228	1	1	0	1145	2078	302	88	-1	
5	1	228	1	1	1	1145	2140	19	19	91.117126	4-
5	1	228	1	1	2	1175	2078	49	88	0.000000	ς
5	1	228	1	1	3	1237	2140	62	21	0.000000	ο000
5	1	228	1	1	4	1312	2139	37	21	42.379360	ἀπὸ
5	1	228	1	1	5	1360	2139	87	27	0.000000	Γεάρηιο
2	1	229	0	0	0	1416	2154	10	12	-1	
3	1	229	1	0	0	1416	2154	10	12	-1	
4	1	229	1	1	0	1416	2154	10	12	-1	
5	1	229	1	1	1	1416	2154	10	12	0.000000	Αν
2	1	230	0	0	0	1371	2174	265	27	-1	
3	1	230	1	0	0	1371	2174	265	27	-1	
4	1	230	1	1	0	1371	2174	265	27	-1	
5	1	230	1	1	1	1371	2175	99	25	12.451241	Παυτελή
5	1	230	1	1	2	1484	2176	21	20	74.821426	Τ.
5	1	230	1	1	3	1518	2174	118	27	27.920013	Τσαηριάρη.
2	1	231	0	0	0	1144	2175	555	309	-1	
3	1	231	1	0	0	1144	2175	209	26	-1	
4	1	231	1	1	0	1144	2175	209	26	-1	
5	1	231	1	1	1	1144	2175	20	21	64.976288	ὅ-
5	1	231	1	1	2	1178	2175	48	26	0.000000	Δρχ.
5	1	231	1	1	3	1241	2175	61	21	70.239227	1.000
5	1	231	1	1	4	1317	2175	36	21	96.136192	ἀπό
3	1	231	2	0	0	1144	2210	555	274	-1	
4	1	231	2	1	0	1173	2210	211	27	-1	
5	1	231	2	1	1	1173	2210	74	21	38.987850	Σύνολο
5	1	231	2	1	2	1260	2210	77	22	0.000000	ϐ4.000
5	1	231	2	1	3	1349	2213	35	24	95.680283	δρα
4	1	231	2	2	0	1145	2245	178	42	-1	
5	1	231	2	2	1	1145	2246	25	20	47.887993	Β-
5	1	231	2	2	2	1182	2245	49	21	27.975464	Από
5	1	231	2	2	3	1244	2247	79	40	15.929871	ες
4	1	231	2	3	0	1146	2281	140	21	-1	
5	1	231	2	3	1	1146	2281	16	21	79.644585	1.
5	1	231	2	3	2	1174	2281	48	21	64.706818	Δολ.
5	1	231	2	3	3	1238	2281	21	21	80.476738	90
5	1	231	2	3	4	1275	2282	11	20	65.598770	ἆ
4	1	231	2	4	0	1144	2289	555	59	-1	
5	1	231	2	4	1	1144	2316	20	21	48.224754	ὃ-
5	1	231	2	4	2	1177	2317	48	21	17.643997	Δεκ,
5	1	231	2	4	3	1238	2316	26	22	92.992332	20
5	1	231	2	4	4	1279	2295	36	43	64.212631	ἀπό
5	1	231	2	4	5	1400	2313	47	35	86.602112	Ἠλ.
5	1	231	2	4	6	1464	2317	54	20	0.000000	πο
5	1	231	2	4	7	1565	2289	32	48	0.000000	ὰ
5	1	231	2	4	8	1605	2295	94	53	8.324020	Ἰαναδά,
4	1	231	2	5	0	1144	2352	555	28	-1	
5	1	231	2	5	1	1144	2352	21	21	87.279572	ὃ-
5	1	231	2	5	2	1176	2353	48	21	84.294960	Δολ.
5	1	231	2	5	3	1239	2353	49	21	79.788986	90
5	1	231	2	5	4	1292	2352	22	21	78.846214	ἀπό
5	1	231	2	5	5	1330	2353	82	26	0.000000	Πσυαη.
5	1	231	2	5	6	1428	2353	75	26	21.575462	᾿Αριστ.
5	1	231	2	5	7	1518	2352	80	28	61.612690	Ἠσίχλη
5	1	231	2	5	8	1609	2352	90	22	42.165855	Καναδά.
4	1	231	2	6	0	1145	2388	325	21	-1	
5	1	231	2	6	1	1145	2388	20	20	89.897392	ᾱ-
5	1	231	2	6	2	1177	2389	48	20	80.169220	Δολ.
5	1	231	2	6	3	1238	2388	26	21	73.039490	98.
5	1	231	2	6	4	1279	2388	35	21	85.194351	ἀπό
5	1	231	2	6	5	1328	2388	52	21	22.720810	Δ.ον.
5	1	231	2	6	6	1393	2389	77	20	0.000000	Νωκ.
5	1	231	2	6	7	1456	2384	18	36	14.420822	Τ
4	1	231	2	7	0	1239	2422	202	26	-1	
5	1	231	2	7	1	1239	2423	27	20	88.738319	20
5	1	231	2	7	2	1279	2422	35	21	90.130608	ἀπό
5	1	231	2	7	3	1327	2422	64	20	89.244232	Ἠλία
5	1	231	2	7	4	1403	2423	38	25	80.612862	Χο.
4	1	231	2	8	0	1171	2457	257	27	-1	
5	1	231	2	8	1	1171	2457	79	21	0.000000	Ιδύνολο,
5	1	231	2	8	2	1267	2457	41	21	55.651588	140
5	1	231	2	8	3	1324	2457	104	27	60.093868	Δολλάρια
2	1	232	0	0	0	1172	2493	131	24	-1	
3	1	232	1	0	0	1172	2493	131	24	-1	
4	1	232	1	1	0	1172	2493	131	24	-1	
5	1	232	1	1	1	1172	2493	131	24	0.000000	Τνωστοποιεζ
2	1	233	0	0	0	1323	2210	342	95	-1	
3	1	233	1	0	0	1323	2210	342	95	-1	
4	1	233	1	1	0	1323	2210	342	95	-1	
5	1	233	1	1	1	1323	2210	342	95	95.000000	   
2	1	234	0	0	0	1329	2317	27	20	-1	
3	1	234	1	0	0	1329	2317	27	20	-1	
4	1	234	1	1	0	1329	2317	27	20	-1	
5	1	234	1	1	1	1329	2317	27	20	84.082603	θε
2	1	235	0	0	0	1347	2318	32	12	-1	
3	1	235	1	0	0	1347	2318	32	12	-1	
4	1	235	1	1	0	1347	2318	32	12	-1	
5	1	235	1	1	1	1347	2318	39	20	0.000000	Ῥλομ
2	1	236	0	0	0	1508	2388	180	60	-1	
3	1	236	1	0	0	1508	2388	180	60	-1	
4	1	236	1	1	0	1508	2388	145	21	-1	
5	1	236	1	1	1	1508	2391	42	18	64.197235	ωτά
5	1	236	1	1	2	1564	2388	89	21	79.583115	Καναδά,
4	1	236	1	2	0	1526	2422	162	26	-1	
5	1	236	1	2	1	1526	2422	60	26	86.223068	πίρας
5	1	236	1	2	2	1598	2422	90	21	2.315834	[αυαδά.
2	1	237	0	0	0	1473	2394	35	48	-1	
3	1	237	1	0	0	1473	2394	35	48	-1	
4	1	237	1	1	0	1473	2394	35	25	-1	
5	1	237	1	1	1	1473	2394	35	25	95.000000	  
4	1	237	1	2	0	1487	2419	13	23	-1	
5	1	237	1	2	1	1487	2419	13	23	95.000000	 
2	1	238	0	0	0	1456	2423	31	19	-1	
3	1	238	1	0	0	1456	2423	31	19	-1	
4	1	238	1	1	0	1456	2423	31	19	-1	
5	1	238	1	1	1	1456	2423	31	19	87.810593	Δα
2	1	239	0	0	0	1504	2431	8	12	-1	
3	1	239	1	0	0	1504	2431	8	12	-1	
4	1	239	1	1	0	1504	2431	8	12	-1	
5	1	239	1	1	1	1504	2431	8	12	95.000000	 
2	1	240	0	0	0	1515	2431	11	12	-1	
3	1	240	1	0	0	1515	2431	11	12	-1	
4	1	240	1	1	0	1515	2431	11	12	-1	
5	1	240	1	1	1	1515	2431	11	12	95.000000	 
2	1	241	0	0	0	1512	2431	13	12	-1	
3	1	241	1	0	0	1512	2431	13	12	-1	
4	1	241	1	1	0	1512	2431	13	12	-1	
5	1	241	1	1	1	1512	2431	13	12	20.866592	μι
2	1	242	0	0	0	1439	2492	319	7	-1	
3	1	242	1	0	0	1439	2492	319	7	-1	
4	1	242	1	1	0	1439	2492	319	7	-1	
5	1	242	1	1	1	1439	2492	7	7	0.000000	φ
5	1	242	1	1	2	1509	2492	3	6	43.118935	/
5	1	242	1	1	3	1583	2492	4	7	16.564240	/
5	1	242	1	1	4	1631	2494	6	4	91.978004	3
5	1	242	1	1	5	1686	2492	4	7	38.785900	/
5	1	242	1	1	6	1754	2493	4	6	41.064304	/
2	1	243	0	0	0	1305	2492	448	28	-1	
3	1	243	1	0	0	1305	2492	448	28	-1	
4	1	243	1	1	0	1305	2492	448	28	-1	
5	1	243	1	1	1	1305	2501	30	12	93.165871	ται
5	1	243	1	1	2	1353	2492	69	27	93.016151	ἐπίσης
5	1	243	1	1	3	1438	2501	35	14	87.528976	ὅτι.
5	1	243	1	1	4	1491	2501	48	18	90.709503	µέσα
5	1	243	1	1	5	1556	2501	33	13	56.660732	στό
5	1	243	1	1	6	1604	2499	106	21	4.938118	πχλοχαίρι
5	1	243	1	1	7	1726	2501	27	13	90.503319	ποί
2	1	244	0	0	0	1282	2483	570	41	-1	
3	1	244	1	0	0	1282	2483	570	41	-1	
4	1	244	1	1	0	1282	2483	570	41	-1	
5	1	244	1	1	1	1282	2485	15	33	95.000000	 
5	1	244	1	1	2	1773	2483	79	41	95.000000	  
2	1	245	0	0	0	1808	2535	40	19	-1	
3	1	245	1	0	0	1808	2535	40	19	-1	
4	1	245	1	1	0	1808	2535	40	19	-1	
5	1	245	1	1	1	1808	2535	40	19	95.000000	 
2	1	246	0	0	0	1224	2594	514	32	-1	
3	1	246	1	0	0	1224	2594	514	32	-1	
4	1	246	1	1	0	1224	2594	514	32	-1	
5	1	246	1	1	1	1224	2596	81	25	95.000000	 
5	1	246	1	1	2	1431	2608	41	18	95.000000	  
5	1	246	1	1	3	1707	2594	31	26	95.000000	 
2	1	247	0	0	0	1142	2528	705	169	-1	
3	1	247	1	0	0	1143	2528	666	27	-1	
4	1	247	1	1	0	1143	2528	666	27	-1	
5	1	247	1	1	1	1143	2528	22	26	11.097145	μά
5	1	247	1	1	2	1183	2528	90	27	40.546993	φρουτίδα
5	1	247	1	1	3	1290	2528	33	21	71.113083	καί
5	1	247	1	1	4	1342	2529	94	26	67.909851	χρήματα
5	1	247	1	1	5	1451	2531	31	19	96.707901	τοῦ
5	1	247	1	1	6	1499	2528	115	26	59.002335	Συνδέσμου,
5	1	247	1	1	7	1635	2528	174	22	34.613892	ἀνακιατασκευάστ
3	1	247	2	0	0	1142	2563	705	99	-1	
4	1	247	2	1	0	1142	2563	705	28	-1	
5	1	247	2	1	1	1142	2564	12	26	65.210648	ἡ
5	1	247	2	1	2	1172	2564	66	27	86.530373	Βρύση
5	1	247	2	1	3	1255	2564	120	21	63.947941	«Μαλεθοῦ»
5	1	247	2	1	4	1394	2564	36	21	90.969460	πού
5	1	247	2	1	5	1447	2563	48	27	88.821861	ἦταν
5	1	247	2	1	6	1512	2564	154	27	42.837753	ὁλοχληρωτυκά
5	1	247	2	1	7	1682	2564	115	27	44.495770	χαλασµένη
5	1	247	2	1	8	1814	2564	33	21	73.930634	καὶ
4	1	247	2	2	0	1143	2599	704	27	-1	
5	1	247	2	2	1	1143	2599	63	27	0.000000	κόμη
5	1	247	2	2	2	1309	2599	91	27	81.234146	ρώβηκαν
5	1	247	2	2	3	1419	2602	41	19	92.270493	τρεῖς
5	1	247	2	2	4	1487	2599	63	27	93.181122	πηγές
5	1	247	2	2	5	1565	2600	35	25	81.352074	στή
5	1	247	2	2	6	1615	2599	48	27	93.190338	θέση
5	1	247	2	2	7	1679	2600	168	26	80.377029	«Σιδερόγουρνα»
4	1	247	2	3	0	1143	2608	704	89	-1	
5	1	247	2	3	1	1143	2635	32	41	1.461258	σος
5	1	247	2	3	2	1233	2608	58	89	0.000000	ας
5	1	247	2	3	3	1293	2643	44	16	93.280487	τους
5	1	247	2	3	4	1357	2637	9	19	92.269165	ὃ
5	1	247	2	3	5	1515	2635	33	21	77.845978	στό
5	1	247	2	3	6	1565	2635	118	27	64.496719	Ὑδραγωγεῖο
5	1	247	2	3	7	1720	2637	31	20	93.272026	τοῦ
5	1	247	2	3	8	1768	2637	79	25	88.921356	χωριοῦ.
2	1	248	0	0	0	1367	2631	339	50	-1	
3	1	248	1	0	0	1367	2631	339	50	-1	
4	1	248	1	1	0	1367	2631	339	50	-1	
5	1	248	1	1	1	1367	2631	144	50	95.000000	  
5	1	248	1	1	2	1681	2637	25	23	95.000000	 
2	1	249	0	0	0	1318	2670	530	93	-1	
3	1	249	1	0	0	1339	2670	509	93	-1	
4	1	249	1	1	0	1444	2670	404	28	-1	
5	1	249	1	1	1	1444	2671	21	22	83.915619	τό
5	1	249	1	1	2	1479	2672	65	26	92.896179	πρῶτο
5	1	249	1	1	3	1562	2671	45	26	49.170349	ἔργο
5	1	249	1	1	4	1625	2671	43	24	61.718800	στίς
5	1	249	1	1	5	1683	2671	63	21	24.932182	9.004.
5	1	249	1	1	6	1762	2670	34	22	64.572891	καί
5	1	249	1	1	7	1814	2671	34	26	86.190277	γιά
4	1	249	1	2	0	1318	2683	200	50	-1	
5	1	249	1	2	1	1318	2683	49	45	46.042118	ο
5	1	249	1	2	2	1371	2685	38	43	60.766068	00
5	1	249	1	2	3	1418	2688	15	27	33.283234	ὰ
5	1	249	1	2	4	1425	2706	93	27	60.560295	δραχμές.
4	1	249	1	3	0	1355	2742	156	21	-1	
5	1	249	1	3	1	1355	2742	38	21	78.622253	Τι
5	1	249	1	3	2	1410	2742	20	21	87.919899	τό
5	1	249	1	3	3	1448	2743	63	20	7.224762	Δ'οικ.
2	1	250	0	0	0	1143	2706	93	21	-1	
3	1	250	1	0	0	1143	2706	93	21	-1	
4	1	250	1	1	0	1143	2706	93	21	-1	
5	1	250	1	1	1	1143	2706	93	21	95.000000	 
2	1	251	0	0	0	1239	2714	578	90	-1	
3	1	251	1	0	0	1239	2714	578	90	-1	
4	1	251	1	1	0	1239	2714	77	19	-1	
5	1	251	1	1	1	1239	2715	20	18	72.266869	ρο
5	1	251	1	1	2	1274	2706	42	25	83.410484	στίς
4	1	251	1	2	0	1597	2743	40	20	-1	
5	1	251	1	2	1	1597	2743	40	20	25.784012	όλ
4	1	251	1	3	0	1587	2777	230	27	-1	
5	1	251	1	3	1	1587	2778	24	20	40.098831	Ο
5	1	251	1	3	2	1626	2778	42	21	77.245255	Τεν,
5	1	251	1	3	3	1686	2777	131	27	52.369423	Γραμματέας
2	1	252	0	0	0	1643	2819	176	22	-1	
3	1	252	1	0	0	1643	2819	176	22	-1	
4	1	252	1	1	0	1643	2819	176	22	-1	
5	1	252	1	1	1	1643	2819	22	22	89.561035	Δ.
5	1	252	1	1	2	1684	2819	135	21	90.093880	ΜΠΑΚΗΣ
2	1	253	0	0	0	1475	2742	132	26	-1	
3	1	253	1	0	0	1475	2742	132	26	-1	
4	1	253	1	1	0	1475	2742	132	26	-1	
5	1	253	1	1	1	1475	2742	132	26	95.000000	 
2	1	254	0	0	0	1172	2777	207	63	-1	
3	1	254	1	0	0	1172	2777	207	63	-1	
4	1	254	1	1	0	1172	2777	143	27	-1	
5	1	254	1	1	1	1172	2778	24	21	43.361553	Ὁ
5	1	254	1	1	2	1213	2777	102	27	23.768753	Πρόεδρος
4	1	254	1	2	0	1172	2819	207	21	-1	
5	1	254	1	2	1	1172	2820	45	20	61.961754	ΧΡ.
5	1	254	1	2	2	1235	2819	144	21	79.959557	ΜΠΕΛΚΑΣ
2	1	255	0	0	0	1202	2892	590	200	-1	
3	1	255	1	0	0	1202	2892	590	200	-1	
4	1	255	1	1	0	1309	2892	374	23	-1	
5	1	255	1	1	1	1309	2892	144	23	79.180618	ΑΠΙΟΘΗΚΗ
5	1	255	1	1	2	1467	2892	216	20	83.530449	ΝΕΩΤΕΡΙΣΜΩΝ
4	1	255	1	2	0	1261	2927	473	22	-1	
5	1	255	1	2	1	1261	2927	131	21	90.978958	ΠΩΛΗΣΙΣ
5	1	255	1	2	2	1403	2927	154	22	93.059967	ΧΟΝΔΡΙΚΗ
5	1	255	1	2	3	1569	2940	28	2	77.701218	---
5	1	255	1	2	4	1607	2927	127	21	95.566055	ΛΙΑΝΙΚΗ
4	1	255	1	3	0	1339	2963	316	21	-1	
5	1	255	1	3	1	1339	2963	176	21	93.266785	ΔΗΜΗΤΡΙΟΣ
5	1	255	1	3	2	1530	2963	125	21	92.878220	ΡΑΣΣΙΑΣ
4	1	255	1	4	0	1202	2999	590	22	-1	
5	1	255	1	4	1	1202	2999	142	21	89.763199	ΖΗΝΩΝΟΣ
5	1	255	1	4	2	1356	2999	12	20	86.395592	ό
5	1	255	1	4	3	1381	2999	16	21	88.604904	ἆ
5	1	255	1	4	4	1411	2999	145	22	85.137833	ΓΕΡΑΝΙΟΥ
5	1	255	1	4	5	1567	3011	28	2	84.922432	--
5	1	255	1	4	6	1607	2999	65	21	92.110138	ΤΗΛ.
5	1	255	1	4	7	1685	2999	107	21	40.979576	92392.774
4	1	255	1	5	0	1268	3034	456	25	-1	
5	1	255	1	5	1	1268	3035	123	21	91.781700	ΑΠΑΝΤΑ
5	1	255	1	5	2	1404	3035	38	21	95.338005	ΤΑ
5	1	255	1	5	3	1455	3035	71	21	96.028313	ΕΙΔΗ
5	1	255	1	5	4	1539	3034	185	25	96.028313	ΕΝΔΥΜΑΤΩΝ
4	1	255	1	6	0	1302	3070	390	22	-1	
5	1	255	1	6	1	1302	3071	48	21	92.050880	ΕΙΣ
5	1	255	1	6	2	1366	3071	151	21	91.924126	ΠΛΟΥΣΙΑΝ
5	1	255	1	6	3	1535	3070	157	21	92.939857	ΣΥΛΛΟΓΗΝ
2	1	256	0	0	0	1863	46	4	635	-1	
3	1	256	1	0	0	1863	46	4	635	-1	
4	1	256	1	1	0	1863	46	4	635	-1	
5	1	256	1	1	1	1863	46	4	635	95.000000	 
2	1	257	0	0	0	1859	825	7	2273	-1	
3	1	257	1	0	0	1859	825	7	2273	-1	
4	1	257	1	1	0	1859	825	7	2273	-1	
5	1	257	1	1	1	1859	825	7	2273	95.000000	 
2	1	258	0	0	0	1895	40	342	62	-1	
3	1	258	1	0	0	1895	40	342	62	-1	
4	1	258	1	1	0	1987	40	249	38	-1	
5	1	258	1	1	1	1987	40	156	38	50.870438	ΓΕΩΡΠΤΣΙ
5	1	258	1	1	2	2230	44	6	2	0.000000	ἓ
4	1	258	1	2	0	1895	79	342	23	-1	
5	1	258	1	2	1	1895	79	156	23	79.045898	ΔΙΜΗΝΙΑΙΑ
5	1	258	1	2	2	2066	80	171	22	94.104828	ΕΦΗΜΕΡΙΔΑ
2	1	259	0	0	0	1870	113	373	26	-1	
3	1	259	1	0	0	1870	113	373	26	-1	
4	1	259	1	1	0	1870	113	373	26	-1	
5	1	259	1	1	1	1870	113	158	25	32.676178	ΕΚΔΟΤΗΣ
5	1	259	1	1	2	2046	115	197	24	91.243454	-ΔΙΕΥΘΥΝΤΗΣ
2	1	260	0	0	0	1892	151	350	136	-1	
3	1	260	1	0	0	1892	151	350	101	-1	
4	1	260	1	1	0	1922	151	291	28	-1	
5	1	260	1	1	1	1922	151	123	26	50.084976	Ὑπεύθυνος
5	1	260	1	1	2	2065	151	53	23	92.569344	κατὰ
5	1	260	1	1	3	2144	151	69	28	36.261688	Νόμον
4	1	260	1	2	0	1892	187	350	23	-1	
5	1	260	1	2	1	1892	187	70	23	93.173096	ΚΩΝ.
5	1	260	1	2	2	1979	187	28	23	69.612686	Η.
5	1	260	1	2	3	2028	187	214	23	0.106857	ΠΙΑΝΝΑΚΑΚΗΣ
4	1	260	1	3	0	1893	222	349	30	-1	
5	1	260	1	3	1	1893	222	113	30	39.070721	Λυκούργου
5	1	260	1	3	2	2023	223	28	22	73.067230	27
5	1	260	1	3	3	2067	236	30	4	57.666737	--
5	1	260	1	3	4	2113	223	129	23	95.694717	ΣΠΑΡΤΗ
3	1	260	2	0	0	1995	258	160	29	-1	
4	1	260	2	1	0	1995	258	160	29	-1	
5	1	260	2	1	1	1995	259	54	28	70.539055	Τηλ.
5	1	260	2	1	2	2067	258	88	24	44.920418	28-0-16
2	1	261	0	0	0	1899	312	321	160	-1	
3	1	261	1	0	0	1899	312	321	160	-1	
4	1	261	1	1	0	1914	312	306	29	-1	
5	1	261	1	1	1	1914	312	119	26	90.490616	Ὑπεύθυνος
5	1	261	1	1	2	2070	312	150	29	59.907616	"Τυπογραφείου
4	1	261	1	2	0	1924	350	286	18	-1	
5	1	261	1	2	1	1924	350	83	17	91.251320	ΕΛΕΥΘ.
5	1	261	1	2	2	2029	350	21	18	91.964691	Κ.
5	1	261	1	2	3	2072	350	138	18	91.417259	ΝΙΚΟΛΑΡΟΣ
4	1	261	1	3	0	1899	374	269	22	-1	
5	1	261	1	3	1	1899	374	69	22	71.401733	Ετησία
5	1	261	1	3	2	1997	374	96	22	84.386887	συνδροµή
5	1	261	1	3	3	2113	374	55	22	91.056839	δραχ.
4	1	261	1	4	0	1921	408	176	28	-1	
5	1	261	1	4	1	1921	408	111	28	77.657127	᾽Αμερικῆς
5	1	261	1	4	2	2053	408	44	23	96.479248	δολ.
4	1	261	1	5	0	1964	443	188	29	-1	
5	1	261	1	5	1	1964	443	129	29	92.001648	Αὐστραλίας
5	1	261	1	5	2	2108	444	44	23	94.365562	δολ.
2	1	262	0	0	0	2185	375	57	92	-1	
3	1	262	1	0	0	2185	375	57	92	-1	
4	1	262	1	1	0	2212	375	30	17	-1	
5	1	262	1	1	1	2212	375	30	17	95.161621	150
4	1	262	1	2	0	2185	408	27	23	-1	
5	1	262	1	2	1	2185	408	27	23	86.586716	19
4	1	262	1	3	0	2185	444	28	23	-1	
5	1	262	1	3	1	2185	444	28	23	93.726952	10
2	1	263	0	0	0	1904	504	327	3	-1	
3	1	263	1	0	0	1904	504	327	3	-1	
4	1	263	1	1	0	1904	504	327	3	-1	
5	1	263	1	1	1	1904	504	327	3	95.000000	 
2	1	264	0	0	0	1884	532	366	350	-1	
3	1	264	1	0	0	1884	532	366	350	-1	
4	1	264	1	1	0	1884	532	366	350	-1	
5	1	264	1	1	1	1884	532	366	350	95.000000	 
2	1	265	0	0	0	1889	899	352	204	-1	
3	1	265	1	0	0	1889	899	352	204	-1	
4	1	265	1	1	0	1890	899	351	21	-1	
5	1	265	1	1	1	1890	900	17	20	49.128094	ο
5	1	265	1	1	2	1927	900	37	20	60.397984	ΕΚ
5	1	265	1	1	3	2000	899	163	21	90.220627	ΠΕΛΛΑΝΗΣ
5	1	265	1	1	4	2182	907	59	13	53.556664	χατα-
4	1	265	1	2	0	1890	934	350	27	-1	
5	1	265	1	2	1	1890	934	82	27	64.829887	Ἰόμενος
5	1	265	1	2	2	1993	944	18	12	82.169067	κ.
5	1	265	1	2	3	2029	935	69	21	92.970558	ΚΩΝ.
5	1	265	1	2	4	2116	935	23	21	57.577003	Σ,
5	1	265	1	2	5	2160	934	80	21	90.960556	ΣΓΟΥ-
4	1	265	1	3	0	1889	970	351	27	-1	
5	1	265	1	3	1	1889	971	74	20	59.180954	ΏΔΑΣ
5	1	265	1	3	2	1980	970	137	27	92.547989	καλλιτέχνης
5	1	265	1	3	3	2135	970	105	27	72.476051	μαρμάρων
4	1	265	1	4	0	2050	1005	191	27	-1	
5	1	265	1	4	1	2050	1005	121	27	58.840691	Ἐργατικὲς
5	1	265	1	4	2	2208	1014	33	13	47.621605	-κα-
4	1	265	1	5	0	1995	1041	237	27	-1	
5	1	265	1	5	1	1995	1043	45	25	75.549500	τηλ.
5	1	265	1	5	2	2063	1041	85	22	36.289120	26-152.
5	1	265	1	5	3	2169	1042	63	20	34.706505	θε
4	1	265	1	6	0	1940	1077	298	26	-1	
5	1	265	1	6	1	1940	1077	97	24	6.033752	"ὌὌψωνος
5	1	265	1	6	2	2054	1077	142	26	39.498169	---᾽Αμαλίας
5	1	265	1	6	3	2205	1077	33	21	33.388252	υαὶ
2	1	266	0	0	0	2016	1113	148	26	-1	
3	1	266	1	0	0	2016	1113	148	26	-1	
4	1	266	1	1	0	2016	1113	148	26	-1	
5	1	266	1	1	1	2016	1114	45	25	81.566025	τηλ.
5	1	266	1	1	2	2079	1113	85	21	27.079887	243016.
2	1	267	0	0	0	1891	1006	138	27	-1	
3	1	267	1	0	0	1891	1006	138	27	-1	
4	1	267	1	1	0	1891	1006	138	27	-1	
5	1	267	1	1	1	1891	1006	138	27	31.958527	Ἡργοστάσιον
2	1	268	0	0	0	2232	1053	12	3	-1	
3	1	268	1	0	0	2232	1053	12	3	-1	
4	1	268	1	1	0	2232	1053	12	3	-1	
5	1	268	1	1	1	2232	1053	12	3	95.000000	 
2	1	269	0	0	0	1890	1034	78	36	-1	
3	1	269	1	0	0	1890	1034	78	36	-1	
4	1	269	1	1	0	1890	1034	78	36	-1	
5	1	269	1	1	1	1890	1034	78	36	95.000000	 
2	1	270	0	0	0	1888	1085	115	54	-1	
3	1	270	1	0	0	1888	1085	115	54	-1	
4	1	270	1	1	0	1888	1085	37	16	-1	
5	1	270	1	1	1	1888	1085	37	16	59.630188	σις,
4	1	270	1	2	0	1891	1113	112	26	-1	
5	1	270	1	2	1	1891	1113	112	26	8.068398	᾽Αμυμλῶν.
2	1	271	0	0	0	1890	1173	346	3	-1	
3	1	271	1	0	0	1890	1173	346	3	-1	
4	1	271	1	1	0	1890	1173	346	3	-1	
5	1	271	1	1	1	1890	1173	346	3	95.000000	 
2	1	272	0	0	0	2010	1186	135	36	-1	
3	1	272	1	0	0	2010	1186	135	36	-1	
4	1	272	1	1	0	2010	1186	135	36	-1	
5	1	272	1	1	1	2010	1202	115	20	35.044624	ΔΩΡΗΕΣ.
2	1	273	0	0	0	1917	1290	67	21	-1	
3	1	273	1	0	0	1917	1290	67	21	-1	
4	1	273	1	1	0	1917	1290	67	21	-1	
5	1	273	1	1	1	1917	1290	26	20	42.198143	Ἡ
5	1	273	1	1	2	1966	1299	18	12	79.292786	κ.
2	1	274	0	0	0	1887	1325	193	26	-1	
3	1	274	1	0	0	1887	1325	193	26	-1	
4	1	274	1	1	0	1887	1325	193	26	-1	
5	1	274	1	1	1	1887	1325	100	26	60.123795	Τιάνλαρη
5	1	274	1	1	2	2003	1325	77	21	89.142479	ἔστειλε
2	1	275	0	0	0	2005	1289	235	56	-1	
3	1	275	1	0	0	2005	1289	235	56	-1	
4	1	275	1	1	0	2005	1289	233	27	-1	
5	1	275	1	1	1	2005	1290	77	26	26.246445	Ἑλρήνη
5	1	275	1	1	2	2103	1289	135	26	0.000000	Παυαγιώπου
4	1	275	1	2	0	2207	1325	33	20	-1	
5	1	275	1	2	1	2207	1325	33	20	0.000000	Ἂν
2	1	276	0	0	0	2086	1360	152	27	-1	
3	1	276	1	0	0	2086	1360	152	27	-1	
4	1	276	1	1	0	2086	1360	152	27	-1	
5	1	276	1	1	1	2086	1362	42	24	69.906555	μεῖο
5	1	276	1	1	2	2143	1360	95	27	19.004517	πάρτης
2	1	277	0	0	0	2099	1324	87	26	-1	
3	1	277	1	0	0	2099	1324	87	26	-1	
4	1	277	1	1	0	2099	1324	87	26	-1	
5	1	277	1	1	1	2099	1324	35	22	95.357307	ἀπό
5	1	277	1	1	2	2152	1325	34	25	95.099403	τήν
2	1	278	0	0	0	2075	1368	7	4	-1	
3	1	278	1	0	0	2075	1368	7	4	-1	
4	1	278	1	1	0	2075	1368	7	4	-1	
5	1	278	1	1	1	2075	1368	7	4	95.000000	 
2	1	279	0	0	0	1886	1360	353	97	-1	
3	1	279	1	0	0	1886	1360	353	97	-1	
4	1	279	1	1	0	1887	1360	198	27	-1	
5	1	279	1	1	1	1887	1360	54	26	0.000000	Φήνα
5	1	279	1	1	2	1958	1360	33	21	78.294662	στό
5	1	279	1	1	3	2007	1361	78	26	66.988571	Γηροκοι
4	1	279	1	2	0	1890	1396	349	26	-1	
5	1	279	1	2	1	1890	1396	77	21	63.058437	10.000.
5	1	279	1	2	2	1987	1398	42	24	95.533195	δρχ.
5	1	279	1	2	3	2050	1396	29	24	96.386833	εἰς
5	1	279	1	2	4	2100	1396	74	25	15.643906	μνήμη»
5	1	279	1	2	5	2207	1397	32	19	93.264008	τοῦ
4	1	279	1	3	0	1886	1430	351	27	-1	
5	1	279	1	3	1	1886	1431	79	26	52.173248	συζύγωυ
5	1	279	1	3	2	1982	1439	56	18	95.314964	της
5	1	279	1	3	3	2034	1431	34	21	91.368164	πού
5	1	279	1	3	4	2084	1430	96	22	90.409668	ἀπεξίωσε
5	1	279	1	3	5	2195	1430	42	27	63.499844	ποίν
2	1	280	0	0	0	1888	1466	113	28	-1	
3	1	280	1	0	0	1888	1466	113	28	-1	
4	1	280	1	1	0	1888	1466	113	28	-1	
5	1	280	1	1	1	1888	1467	34	20	59.850555	ἕνα
5	1	280	1	1	2	1938	1466	63	28	57.140774	χρόν».
2	1	281	0	0	0	1887	1526	351	3	-1	
3	1	281	1	0	0	1887	1526	351	3	-1	
4	1	281	1	1	0	1887	1526	351	3	-1	
5	1	281	1	1	1	1887	1526	351	3	95.000000	 
2	1	282	0	0	0	1951	1555	228	20	-1	
3	1	282	1	0	0	1951	1555	228	20	-1	
4	1	282	1	1	0	1951	1555	228	20	-1	
5	1	282	1	1	1	1951	1555	228	20	0.000000	ΣΥΓΧΑΡΗΤΗΡΙΑ
2	1	283	0	0	0	1915	1622	320	27	-1	
3	1	283	1	0	0	1915	1622	320	27	-1	
4	1	283	1	1	0	1915	1622	320	27	-1	
5	1	283	1	1	1	1915	1623	53	26	79.314713	Στήν
5	1	283	1	1	2	1985	1623	72	26	90.445282	ἐγγονή
5	1	283	1	1	3	2073	1631	33	18	60.682800	µου
5	1	283	1	1	4	2123	1622	112	26	30.040932	᾽Αγηελ/κή
2	1	284	0	0	0	1886	1694	222	27	-1	
3	1	284	1	0	0	1886	1694	222	27	-1	
4	1	284	1	1	0	1886	1694	222	27	-1	
5	1	284	1	1	1	1886	1695	21	21	76.784317	τό
5	1	284	1	1	2	1924	1694	69	27	93.160416	πτυχίο
5	1	284	1	1	3	2009	1695	99	26	13.284439	ἰατρυκῆς,
2	1	285	0	0	0	1886	1657	351	170	-1	
3	1	285	1	0	0	1886	1657	351	135	-1	
4	1	285	1	1	0	1953	1657	282	28	-1	
5	1	285	1	1	1	1953	1657	161	28	19.700333	Ὑκρουμπέλλου.
5	1	285	1	1	2	2135	1657	35	22	93.270805	πού
5	1	285	1	1	3	2187	1659	48	25	72.718826	πῆρε
4	1	285	1	2	0	2127	1693	108	27	-1	
5	1	285	1	2	1	2127	1693	60	27	60.011772	θερμά
5	1	285	1	2	2	2202	1702	33	17	75.425522	συγ
4	1	285	1	3	0	1886	1729	351	29	-1	
5	1	285	1	3	1	1886	1731	112	27	0.000000	χαρωτήρια
5	1	285	1	3	2	2015	1729	33	22	0.000000	Ἀπί
5	1	285	1	3	3	2065	1730	53	25	12.201477	Ἠαϊκή
5	1	285	1	3	4	2136	1730	101	26	0.000000	σταδ!δρυ
4	1	285	1	4	0	1889	1766	41	26	-1	
5	1	285	1	4	1	1889	1766	41	26	76.066429	μία,
3	1	285	2	0	0	2051	1801	51	26	-1	
4	1	285	2	1	0	2051	1801	51	26	-1	
5	1	285	2	1	1	2051	1801	51	26	54.528549	Δι.
2	1	286	0	0	0	2118	1800	119	24	-1	
3	1	286	1	0	0	2118	1800	119	24	-1	
4	1	286	1	1	0	2118	1800	119	24	-1	
5	1	286	1	1	1	2118	1801	27	20	89.041077	Ν.
5	1	286	1	1	2	2162	1800	75	24	74.184402	Ψαθᾶς
2	1	287	0	0	0	1890	1860	351	4	-1	
3	1	287	1	0	0	1890	1860	351	4	-1	
4	1	287	1	1	0	1890	1860	351	4	-1	
5	1	287	1	1	1	1890	1860	351	4	95.000000	 
2	1	288	0	0	0	1975	1889	182	23	-1	
3	1	288	1	0	0	1975	1889	182	23	-1	
4	1	288	1	1	0	1975	1889	182	23	-1	
5	1	288	1	1	1	1975	1889	182	23	0.000000	ΕΙΣΠΡΑΞΜΙΣ
2	1	289	0	0	0	1921	2010	103	35	-1	
3	1	289	1	0	0	1921	2010	103	35	-1	
4	1	289	1	1	0	1921	2010	103	35	-1	
5	1	289	1	1	1	1921	2010	103	35	95.000000	 
2	1	290	0	0	0	1895	2053	55	60	-1	
3	1	290	1	0	0	1895	2053	55	60	-1	
4	1	290	1	1	0	1895	2053	55	35	-1	
5	1	290	1	1	1	1895	2053	55	35	95.000000	   
4	1	290	1	2	0	1931	2088	18	25	-1	
5	1	290	1	2	1	1931	2088	18	25	95.000000	 
2	1	291	0	0	0	1887	1942	351	282	-1	
3	1	291	1	0	0	1887	1942	351	282	-1	
4	1	291	1	1	0	1961	1942	210	23	-1	
5	1	291	1	1	1	1961	1942	210	23	42.292713	ΗΜΗΡΟΛΟΠΙΟΥ
4	1	291	1	2	0	2035	2013	172	26	-1	
5	1	291	1	2	1	2035	2014	35	21	96.860870	ἀπὸ
5	1	291	1	2	2	2083	2014	34	25	70.084457	τὴν
5	1	291	1	2	3	2131	2013	76	26	32.434433	/ησελ.
4	1	291	1	3	0	1950	2054	288	28	-1	
5	1	291	1	3	1	1950	2056	60	26	81.155220	εάδης
5	1	291	1	3	2	2031	2056	54	20	76.051826	Κων.
5	1	291	1	3	3	2197	2054	41	21	78.497284	500
4	1	291	1	4	0	1888	2089	349	30	-1	
5	1	291	1	4	1	1888	2091	118	28	34.408714	Κρεωµέδας
5	1	291	1	4	2	2027	2091	54	21	93.452805	Κων.
5	1	291	1	4	3	2197	2089	40	22	96.370667	500
4	1	291	1	5	0	1887	2125	351	28	-1	
5	1	291	1	5	1	1887	2127	142	26	66.029297	Καριαξούλιας
5	1	291	1	5	2	2051	2125	75	25	86.288910	Ἠλίας
5	1	291	1	5	3	2176	2125	62	21	35.560333	10900
4	1	291	1	6	0	1888	2160	350	28	-1	
5	1	291	1	6	1	1888	2164	67	24	85.174042	Δήμος
5	1	291	1	6	2	1979	2162	114	26	89.781403	Δημήτριος
5	1	291	1	6	3	2197	2160	41	21	68.987747	900
4	1	291	1	7	0	1887	2196	351	28	-1	
5	1	291	1	7	1	1887	2199	67	25	93.657303	Δήμος
5	1	291	1	7	2	1973	2197	104	24	93.908333	Νικόλαος
5	1	291	1	7	3	2197	2196	41	20	96.671463	900
2	1	292	0	0	0	2212	2231	25	21	-1	
3	1	292	1	0	0	2212	2231	25	21	-1	
4	1	292	1	1	0	2212	2231	25	21	-1	
5	1	292	1	1	1	2212	2231	25	21	96.635674	00
2	1	293	0	0	0	1888	2231	321	29	-1	
3	1	293	1	0	0	1888	2231	321	29	-1	
4	1	293	1	1	0	1888	2231	321	29	-1	
5	1	293	1	1	1	1888	2233	142	27	54.763489	Ἱκαράγιαννης
5	1	293	1	1	2	2054	2233	113	24	49.753601	Παντελῆς
5	1	293	1	1	3	2197	2231	12	21	89.933357	ὃ
2	1	294	0	0	0	1902	2272	156	58	-1	
3	1	294	1	0	0	1902	2272	156	58	-1	
4	1	294	1	1	0	1902	2272	156	23	-1	
5	1	294	1	1	1	1902	2272	36	23	95.000000	 
5	1	294	1	1	2	2057	2279	1	6	95.000000	 
4	1	294	1	2	0	2017	2273	38	57	-1	
5	1	294	1	2	1	2017	2273	38	57	95.000000	  
2	1	295	0	0	0	1887	2267	349	100	-1	
3	1	295	1	0	0	1887	2267	349	97	-1	
4	1	295	1	1	0	1887	2267	349	28	-1	
5	1	295	1	1	1	1887	2269	98	26	83.605545	Δεδούσης
5	1	295	1	1	2	2004	2269	84	20	0.000000	Νηκονλ.
5	1	295	1	1	3	2110	2268	50	25	47.404404	Δημ,
5	1	295	1	1	4	2197	2267	39	20	37.382614	900
4	1	295	1	2	0	1888	2302	348	26	-1	
5	1	295	1	2	1	1888	2306	71	22	51.112854	Ῥύνιος
5	1	295	1	2	2	1980	2305	104	22	80.919006	Σωτήριος
5	1	295	1	2	3	2197	2302	39	21	74.568504	900
4	1	295	1	3	0	1887	2338	347	29	-1	
5	1	295	1	3	1	1887	2340	142	27	71.988373	Καραγιάννης
5	1	295	1	3	2	2048	2338	101	28	54.354076	Γεώργιος
5	1	295	1	3	3	2197	2338	37	21	2.945213	ὅοθί
2	1	296	0	0	0	1889	2374	347	132	-1	
3	1	296	1	0	0	1889	2374	346	29	-1	
4	1	296	1	1	0	1889	2374	346	29	-1	
5	1	296	1	1	1	1889	2377	83	26	15.896111	ΤΠαναη.
5	1	296	1	1	2	1992	2376	30	21	43.972427	Α.
5	1	296	1	1	3	2040	2374	141	26	29.509689	Γιαννακάης
5	1	296	1	1	4	2197	2374	38	21	91.899666	900
3	1	296	2	0	0	2159	2409	76	21	-1	
4	1	296	2	1	0	2159	2409	76	21	-1	
5	1	296	2	1	1	2159	2409	76	21	56.023407	14,600
3	1	296	3	0	0	1957	2443	279	63	-1	
4	1	296	3	1	0	1957	2443	279	22	-1	
5	1	296	3	1	1	1957	2445	118	20	78.204620	ΣΥΝΟΛΟ
5	1	296	3	1	2	2161	2443	75	21	75.085785	40.800
4	1	296	3	2	0	2080	2478	126	28	-1	
5	1	296	3	2	1	2080	2478	126	28	0.000000	Συνηχίζεται
2	1	297	0	0	0	1897	2538	344	5	-1	
3	1	297	1	0	0	1897	2538	344	5	-1	
4	1	297	1	1	0	1897	2538	344	5	-1	
5	1	297	1	1	1	1897	2538	344	5	95.000000	 
2	1	298	0	0	0	1884	2563	358	106	-1	
3	1	298	1	0	0	1884	2563	358	106	-1	
4	1	298	1	1	0	1884	2563	358	106	-1	
5	1	298	1	1	1	1884	2563	358	106	95.000000	 
2	1	299	0	0	0	1937	2673	300	29	-1	
3	1	299	1	0	0	1937	2673	300	29	-1	
4	1	299	1	1	0	1937	2673	300	29	-1	
5	1	299	1	1	1	1937	2676	71	26	23.894501	ότητες
5	1	299	1	1	2	2026	2674	33	22	90.221199	καί
5	1	299	1	1	3	2078	2673	159	27	43.246147	ἀνακουφιζόταν.
2	1	300	0	0	0	1883	2681	55	26	-1	
3	1	300	1	0	0	1883	2681	55	26	-1	
4	1	300	1	1	0	1883	2681	55	26	-1	
5	1	300	1	1	1	1883	2681	55	26	95.000000	 
2	1	301	0	0	0	1888	2734	352	5	-1	
3	1	301	1	0	0	1888	2734	352	5	-1	
4	1	301	1	1	0	1888	2734	352	5	-1	
5	1	301	1	1	1	1888	2734	352	5	95.000000	 
2	1	302	0	0	0	1918	2766	20	19	-1	
3	1	302	1	0	0	1918	2766	20	19	-1	
4	1	302	1	1	0	1918	2766	20	19	-1	
5	1	302	1	1	1	1918	2766	20	19	47.820656	πΠ
2	1	303	0	0	0	1886	2799	295	28	-1	
3	1	303	1	0	0	1886	2799	295	28	-1	
4	1	303	1	1	0	1886	2799	295	28	-1	
5	1	303	1	1	1	1886	2809	33	13	45.856789	σαν
5	1	303	1	1	2	1936	2801	23	25	96.824036	τή
5	1	303	1	1	3	1977	2800	93	27	14.742622	συνδρομή
5	1	303	1	1	4	2090	2807	51	16	88.043480	τους.
5	1	303	1	1	5	2157	2799	24	20	87.012390	νά
2	1	304	0	0	0	1885	2763	352	99	-1	
3	1	304	1	0	0	1885	2763	352	99	-1	
4	1	304	1	1	0	1946	2763	291	28	-1	
5	1	304	1	1	1	1946	2765	125	26	19.172424	αρακαλλοῦμε
5	1	304	1	1	2	2089	2763	54	24	91.373444	ὅσους
5	1	304	1	1	3	2165	2764	72	25	70.355118	ἀμέλη-
4	1	304	1	2	0	1885	2834	352	28	-1	
5	1	304	1	2	1	1885	2836	89	21	90.644272	στείλουν
5	1	304	1	2	2	1991	2836	33	26	95.289963	γιά
5	1	304	1	2	3	2040	2835	22	21	95.186142	νά
5	1	304	1	2	4	2079	2834	118	27	12.743904	μπορέσουμε
5	1	304	1	2	5	2214	2842	23	12	94.814590	νά
2	1	305	0	0	0	1887	2871	130	28	-1	
3	1	305	1	0	0	1887	2871	130	28	-1	
4	1	305	1	1	0	1887	2871	130	28	-1	
5	1	305	1	1	1	1887	2871	130	28	50.226868	συνεχίσουμε.
2	1	306	0	0	0	1888	2929	351	6	-1	
3	1	306	1	0	0	1888	2929	351	6	-1	
4	1	306	1	1	0	1888	2929	351	6	-1	
5	1	306	1	1	1	1888	2929	351	6	95.000000	 
2	1	307	0	0	0	1887	2958	349	63	-1	
3	1	307	1	0	0	1887	2958	349	63	-1	
4	1	307	1	1	0	1914	2958	322	26	-1	
5	1	307	1	1	1	1914	2960	234	24	83.883087	ΤΣΙΜΕΝΤΟΛΙΘΟΙ
5	1	307	1	1	2	2178	2958	58	22	0.000000	ἸΑσθε
4	1	307	1	2	0	1887	2995	275	26	-1	
5	1	307	1	2	1	1887	3006	30	12	74.749771	στι
5	1	307	1	2	2	1931	2996	32	22	70.086723	καὶ
5	1	307	1	2	3	1978	2995	59	22	81.276352	ὑλυκά
5	1	307	1	2	4	2049	2996	113	25	18.931580	οὐκοδομῶν,
2	1	308	0	0	0	1911	3030	303	65	-1	
3	1	308	1	0	0	1911	3030	303	65	-1	
4	1	308	1	1	0	1911	3030	303	24	-1	
5	1	308	1	1	1	1911	3032	72	22	93.281960	ΠΑΝ.
5	1	308	1	1	2	2002	3032	26	21	83.292801	Κ.
5	1	308	1	1	3	2045	3030	169	23	43.670380	ΓΙΑΝΝΑΡΗΣ
4	1	308	1	2	0	1936	3066	258	29	-1	
5	1	308	1	2	1	1936	3067	107	28	42.849510	Γεωρηΐτσι
5	1	308	1	2	2	2059	3068	44	26	93.570671	τηλ.
5	1	308	1	2	3	2117	3066	77	22	0.000000	1.212
