level	page_num	block_num	par_num	line_num	word_num	left	top	width	height	conf	text
1	1	0	0	0	0	0	0	2277	3205	-1	
2	1	1	0	0	0	42	35	721	114	-1	
3	1	1	1	0	0	42	35	721	114	-1	
4	1	1	1	1	0	42	35	721	114	-1	
5	1	1	1	1	1	42	35	721	114	95.000000	 
2	1	2	0	0	0	72	165	671	63	-1	
3	1	2	1	0	0	72	165	671	63	-1	
4	1	2	1	1	0	319	165	151	21	-1	
5	1	2	1	1	1	319	165	151	21	10.584450	ΡΕΩΡΓΙΤΣΙ
4	1	2	1	2	0	72	200	671	28	-1	
5	1	2	1	2	1	72	200	174	21	22.216820	ΡΗΝΝΗΣΗΙΣ:
5	1	2	1	2	2	264	200	49	25	88.197830	Στίς
5	1	2	1	2	3	329	200	107	28	75.088058	11-10-80,
5	1	2	1	2	4	450	200	21	22	90.193008	τό
5	1	2	1	2	5	483	203	70	25	90.211639	ζεῦγος
5	1	2	1	2	6	566	201	103	22	0.000000	Νικολάου
5	1	2	1	2	7	689	202	54	21	86.030777	Παν.
2	1	3	0	0	0	45	235	436	29	-1	
3	1	3	1	0	0	45	235	436	29	-1	
4	1	3	1	1	0	45	235	436	29	-1	
5	1	3	1	1	1	45	235	53	26	62.080376	Ζήτη
5	1	3	1	1	2	119	235	96	27	40.654545	ἀπέκτησε
5	1	3	1	1	3	231	236	122	27	57.632309	χαριτωμένο
5	1	3	1	1	4	370	236	111	28	0.000000	κοριτσάνα.
2	1	4	0	0	0	40	237	705	557	-1	
3	1	4	1	0	0	44	237	700	61	-1	
4	1	4	1	1	0	512	237	232	27	-1	
5	1	4	1	1	1	512	237	68	26	91.854912	Θερμά
5	1	4	1	1	2	597	238	147	26	58.247299	συ/χαρητήρια
4	1	4	1	2	0	44	270	300	28	-1	
5	1	4	1	2	1	44	270	56	25	93.147774	στούς
5	1	4	1	2	2	109	273	64	25	1.252045	γοιεῖς
5	1	4	1	2	3	183	270	32	22	79.685646	καὶ
5	1	4	1	2	4	226	273	118	23	91.518646	παπποῦδες.
3	1	4	2	0	0	43	305	701	95	-1	
4	1	4	2	1	0	43	305	701	30	-1	
5	1	4	2	1	1	43	319	27	2	56.029354	-
5	1	4	2	1	2	83	307	26	20	60.888378	Ἡ
5	1	4	2	1	3	121	316	18	12	92.722229	κ.
5	1	4	2	1	4	152	307	80	27	13.717270	Ἰιλαίρη
5	1	4	2	1	5	245	307	80	27	94.923035	σύζυγος
5	1	4	2	1	6	345	308	100	26	76.649033	Παντελή
5	1	4	2	1	7	458	309	22	21	53.256775	Τ.
5	1	4	2	1	8	493	305	81	30	23.163620	Τσέχβιη
5	1	4	2	1	9	587	308	21	21	58.172188	τό
5	1	4	2	1	10	624	308	57	27	6.797035	γένος
5	1	4	2	1	11	697	309	47	22	88.482140	Ἠλ.
4	1	4	2	2	0	43	341	701	30	-1	
5	1	4	2	2	1	43	341	106	28	41.576942	Ἠρατσίνη,
5	1	4	2	2	2	161	342	80	27	52.091400	Ὑέννησε
5	1	4	2	2	3	256	342	33	23	58.461052	να
5	1	4	2	2	4	305	343	120	27	62.101646	χοριτωμένο
5	1	4	2	2	5	439	343	90	28	7.918358	ἀγορώμι.
5	1	4	2	2	6	543	344	33	21	89.733536	Νά
5	1	4	2	2	7	591	344	44	25	95.171440	τούς
5	1	4	2	2	8	647	344	53	26	90.989136	ζήσει
5	1	4	2	2	9	717	345	27	21	61.426098	κι
4	1	4	2	3	0	43	377	141	23	-1	
5	1	4	2	3	1	43	377	54	21	87.801582	ἄλλα
5	1	4	2	3	2	112	378	72	22	13.583382	πολλά.
3	1	4	3	0	0	42	413	703	63	-1	
4	1	4	3	1	0	42	413	703	29	-1	
5	1	4	3	1	1	42	413	69	21	15.447762	Τό
5	1	4	3	1	2	122	414	68	26	84.275681	ζεῦγος
5	1	4	3	1	3	206	414	133	26	93.277214	Παναγιώτου
5	1	4	3	1	4	352	414	69	27	70.042297	Πρίξα,
5	1	4	3	1	5	435	414	21	22	88.294945	τὸ
5	1	4	3	1	6	469	414	57	28	38.466496	γέρος
5	1	4	3	1	7	539	415	104	21	86.527153	Νικολάου
5	1	4	3	1	8	656	415	89	27	21.736191	Ιαρικού-
4	1	4	3	2	0	42	448	586	28	-1	
5	1	4	3	2	1	42	450	28	25	90.437653	λη
5	1	4	3	2	2	80	448	110	27	26.158310	ἀπέικτησαν
5	1	4	3	2	3	200	449	101	27	61.633801	κοριτσάκι
5	1	4	3	2	4	311	449	43	22	93.278313	στόν
5	1	4	3	2	5	367	450	90	22	21.624596	ἸΚαναδᾶ.
5	1	4	3	2	6	469	450	34	22	87.487114	Νά
5	1	4	3	2	7	513	450	44	25	92.739334	τούς
5	1	4	3	2	8	567	451	61	25	90.791359	ζήσει,
3	1	4	4	0	0	41	484	704	63	-1	
4	1	4	4	1	0	41	484	704	29	-1	
5	1	4	4	1	1	41	497	28	2	40.797268	---
5	1	4	4	1	2	83	484	48	25	56.113964	Στίς
5	1	4	4	1	3	147	484	84	22	65.361038	9-19-86
5	1	4	4	1	4	246	485	11	26	56.575676	ἡ
5	1	4	4	1	5	274	485	94	27	93.250076	Γεωργία
5	1	4	4	1	6	381	485	39	28	84.751778	σύς.
5	1	4	4	1	7	439	486	44	22	0.000000	Αθ.
5	1	4	4	1	8	498	486	153	27	86.734856	Γεωργοπούλου
5	1	4	4	1	9	669	486	76	27	57.322124	ἀπέντη
4	1	4	4	2	0	41	520	319	27	-1	
5	1	4	4	2	1	41	528	21	12	95.741776	σε
5	1	4	4	2	2	79	520	101	27	32.496994	κοριτσάκι
5	1	4	4	2	3	197	520	24	21	90.620560	νά
5	1	4	4	2	4	237	520	45	25	96.470863	τούς
5	1	4	4	2	5	299	521	61	25	87.400139	ζήσει.
3	1	4	5	0	0	40	555	704	167	-1	
4	1	4	5	1	0	69	555	675	29	-1	
5	1	4	5	1	1	69	555	175	22	79.396935	ΒΑΠΙΤΙΣΕΙΣ:
5	1	4	5	1	2	260	556	126	27	38.024063	Ἐξαπτίσθη
5	1	4	5	1	3	402	556	21	22	93.291588	τό
5	1	4	5	1	4	437	557	120	27	70.074959	χοριπωµένο
5	1	4	5	1	5	577	557	82	27	54.874401	ἀγοράνι
5	1	4	5	1	6	680	559	36	24	86.623032	τῆς
5	1	4	5	1	7	726	566	18	13	86.623032	κ.
4	1	4	5	2	0	41	589	703	31	-1	
5	1	4	5	2	1	41	589	85	28	22.442558	Ἑλένης
5	1	4	5	2	2	139	590	78	28	88.833099	συζύγου
5	1	4	5	2	3	231	593	31	20	93.192429	τοῦ
5	1	4	5	2	4	276	592	95	27	91.179955	Λοχαγοῦ
5	1	4	5	2	5	387	601	18	13	81.598930	χ.
5	1	4	5	2	6	422	592	31	22	46.414734	ΤΠ.
5	1	4	5	2	7	473	593	150	26	69.251205	Πετρόπουλου,
5	1	4	5	2	8	637	592	62	28	62.406010	χόρης
5	1	4	5	2	9	712	595	32	19	97.017036	τοῦ
4	1	4	5	3	0	40	626	704	30	-1	
5	1	4	5	3	1	40	626	96	26	21.027008	Ἠαντολη
5	1	4	5	3	2	147	627	47	21	89.036964	Ἠλ.
5	1	4	5	3	3	211	626	77	23	25.586128	Ῥύμο.
5	1	4	5	3	4	299	627	109	28	0.000000	Ανάδοχος
5	1	4	5	3	5	421	629	10	21	92.881187	ὁ
5	1	4	5	3	6	447	627	95	28	76.486084	Λοχαγός
5	1	4	5	3	7	556	637	18	13	46.281086	κ.
5	1	4	5	3	8	585	629	15	21	73.510513	1.
5	1	4	5	3	9	611	628	133	28	84.347160	Πρηγοράκης
4	1	4	5	4	0	42	661	702	28	-1	
5	1	4	5	4	1	42	661	22	21	92.903580	τό
5	1	4	5	4	2	80	661	80	27	48.029514	ὀνόμασε
5	1	4	5	4	3	176	662	72	27	69.844437	Ῥπύρο,
5	1	4	5	4	4	265	663	165	26	26.086212	Ἠπιηκολούδησε
5	1	4	5	4	5	447	663	78	22	47.190327	πλούσιο
5	1	4	5	4	6	546	665	72	21	43.486473	δεῖπνο,
5	1	4	5	4	7	648	664	35	21	77.118889	Νά
5	1	4	5	4	8	700	664	44	24	96.646683	τούς
4	1	4	5	5	0	40	697	245	25	-1	
5	1	4	5	5	1	40	697	57	25	69.790825	ζήσει.
5	1	4	5	5	2	112	698	25	20	76.369896	κ
5	1	4	5	5	3	148	698	54	21	93.152573	ἄλλα
5	1	4	5	5	4	211	698	74	21	85.228218	παλλά.
3	1	4	6	0	0	40	731	705	63	-1	
4	1	4	6	1	0	41	731	654	27	-1	
5	1	4	6	1	1	41	745	28	1	44.931789	--
5	1	4	6	1	2	82	731	29	22	93.085266	Τό
5	1	4	6	1	3	126	733	69	25	88.187080	ζεῦγος
5	1	4	6	1	4	212	731	135	27	57.325104	Μποσκαϊρόν,
5	1	4	6	1	5	361	731	57	27	95.537430	γένος
5	1	4	6	1	6	432	732	54	21	0.000000	Κων.
5	1	4	6	1	7	503	731	84	27	39.238388	᾽Αδάμη,
5	1	4	6	1	8	601	731	94	21	92.191208	θάπτισαν
4	1	4	6	2	0	40	766	705	28	-1	
5	1	4	6	2	1	40	768	66	25	91.098541	πρῶτο
5	1	4	6	2	2	123	766	82	27	27.536484	ἀγαρώκι
5	1	4	6	2	3	220	774	51	17	91.794113	τους.
5	1	4	6	2	4	286	766	110	28	62.929993	᾿Ανάδοχος
5	1	4	6	2	5	410	767	11	26	89.689270	ἡ
5	1	4	6	2	6	435	766	139	27	0.000000	Διαμαιτούλα
5	1	4	6	2	7	588	766	109	28	96.664894	Μαρτίνου,
5	1	4	6	2	8	722	766	23	22	95.509499	νά
2	1	5	0	0	0	538	592	8	6	-1	
3	1	5	1	0	0	538	592	8	6	-1	
4	1	5	1	1	0	538	592	8	6	-1	
5	1	5	1	1	1	538	592	8	6	95.000000	 
2	1	6	0	0	0	536	601	9	12	-1	
3	1	6	1	0	0	536	601	9	12	-1	
4	1	6	1	1	0	536	601	9	12	-1	
5	1	6	1	1	1	536	601	9	12	95.000000	 
2	1	7	0	0	0	724	731	22	21	-1	
3	1	7	1	0	0	724	731	22	21	-1	
4	1	7	1	1	0	739	731	5	7	-1	
5	1	7	1	1	1	739	731	5	7	49.264721	/
4	1	7	1	2	0	724	740	22	12	-1	
5	1	7	1	2	1	724	740	22	12	95.262161	το
2	1	8	0	0	0	40	802	705	169	-1	
3	1	8	1	0	0	41	802	121	26	-1	
4	1	8	1	1	0	41	802	121	26	-1	
5	1	8	1	1	1	41	802	44	25	79.992134	πούς
5	1	8	1	1	2	102	802	60	26	92.055542	ζήσει.
3	1	8	2	0	0	40	837	705	134	-1	
4	1	8	2	1	0	68	837	677	28	-1	
5	1	8	2	1	1	68	837	187	22	38.423058	ΑΡΡΑΒΩΝΗΕΣ:
5	1	8	2	1	2	269	838	43	26	88.504639	Στή
5	1	8	2	1	3	324	837	85	28	12.032074	Ὑπάρτη
5	1	8	2	1	4	420	837	174	28	67.206116	ἀρραθωνιάστηκε
5	1	8	2	1	5	609	838	12	26	87.025795	ἡ
5	1	8	2	1	6	635	837	110	28	73.882416	χαριτωµέ-
4	1	8	2	2	0	40	872	704	28	-1	
5	1	8	2	2	1	40	881	34	18	49.882545	ννη
5	1	8	2	2	2	87	873	209	27	86.205299	Γεωργιτσιανοπούλα
5	1	8	2	2	3	311	872	97	22	93.285393	Δέσποινα
5	1	8	2	2	4	423	872	117	22	87.286606	᾿Αθανασίου
5	1	8	2	2	5	558	868	18	36	29.945213	ΠΠ
5	1	8	2	2	6	585	873	106	25	88.526718	ανταζέλου
5	1	8	2	2	7	720	872	24	27	78.721664	µέ
4	1	8	2	3	0	88	907	656	29	-1	
5	1	8	2	3	1	88	908	84	21	71.550293	ἐχλεκτό
5	1	8	2	3	2	182	908	32	22	94.324715	νέο
5	1	8	2	3	3	225	909	50	21	95.457329	Νικ.
5	1	8	2	3	4	287	908	96	28	93.265503	Μασούρα
5	1	8	2	3	5	399	907	147	28	28.447327	Πλεκτρολόγον
5	1	8	2	3	6	562	908	33	21	76.611588	καὶ
5	1	8	2	3	7	611	909	133	26	87.222160	ἀνταποκριτή
4	1	8	2	4	0	90	943	590	28	-1	
5	1	8	2	4	1	90	944	112	26	64.909470	ἀθλητικῆς
5	1	8	2	4	2	215	943	120	28	90.657883	ἐφημερίδας
5	1	8	2	4	3	349	944	69	22	27.914062	ἩἨΧΩ.
5	1	8	2	4	4	446	943	69	28	52.275158	Θερμά
5	1	8	2	4	5	531	944	149	27	96.559975	συγχαρητήρια
2	1	9	0	0	0	39	908	704	169	-1	
3	1	9	1	0	0	40	908	162	98	-1	
4	1	9	1	1	0	40	908	31	22	-1	
5	1	9	1	1	1	40	908	31	22	38.694225	τό,
4	1	9	1	2	0	40	945	35	24	-1	
5	1	9	1	2	1	40	945	35	24	94.960785	τῆς
4	1	9	1	3	0	40	979	162	27	-1	
5	1	9	1	3	1	40	979	55	21	72.694260	καλά
5	1	9	1	3	2	111	979	91	27	85.808098	στέφανα.
3	1	9	2	0	0	39	1014	704	63	-1	
4	1	9	2	1	0	39	1014	704	28	-1	
5	1	9	2	1	1	39	1028	29	2	22.233223	---
5	1	9	2	1	2	83	1015	92	21	40.252487	Ἔβωσαν
5	1	9	2	1	3	190	1014	101	27	84.387100	ἀμοιθαίαν
5	1	9	2	1	4	306	1014	101	28	93.080803	ὑπόσχεσιν
5	1	9	2	1	5	421	1014	63	27	36.956070	γάμου
5	1	9	2	1	6	497	1015	11	26	3.976822	ἡ
5	1	9	2	1	7	523	1016	17	20	86.694618	δ.
5	1	9	2	1	8	568	1015	55	26	68.720390	Κική
5	1	9	2	1	9	652	1014	91	28	26.981476	Φδυγάτηρ
4	1	9	2	2	0	550	1050	97	27	-1	
5	1	9	2	2	1	550	1050	97	27	48.680222	Αθηνῶ».
2	1	10	0	0	0	711	943	33	22	-1	
3	1	10	1	0	0	711	943	33	22	-1	
4	1	10	1	1	0	740	943	4	7	-1	
5	1	10	1	1	1	740	943	4	7	88.820282	/
4	1	10	1	2	0	711	952	32	13	-1	
5	1	10	1	2	1	711	952	32	13	47.023285	και
2	1	11	0	0	0	39	1049	706	278	-1	
3	1	11	1	0	0	39	1049	706	64	-1	
4	1	11	1	1	0	39	1049	706	29	-1	
5	1	11	1	1	1	39	1050	55	22	0.000000	ζων.
5	1	11	1	1	2	111	1051	37	21	93.258759	Σπ.
5	1	11	1	1	3	161	1050	114	27	63.630653	Πκουζούλη
5	1	11	1	1	4	285	1050	51	27	93.093529	µετά
5	1	11	1	1	5	349	1052	89	26	90.449875	λαμπροῦ
5	1	11	1	1	6	451	1049	42	23	87.077835	νέου
5	1	11	1	1	7	510	1051	24	24	95.395416	ἐξ
5	1	11	1	1	8	676	1050	69	27	82.660866	θερμά
4	1	11	1	2	0	40	1085	378	28	-1	
5	1	11	1	2	1	40	1086	150	27	89.089859	συγχαρητήρια
5	1	11	1	2	2	206	1085	32	22	53.234440	καὶ
5	1	11	1	2	3	256	1086	54	21	47.537937	καλά
5	1	11	1	2	4	324	1086	94	27	95.546234	στέφανα.
3	1	11	2	0	0	39	1121	705	206	-1	
4	1	11	2	1	0	67	1121	677	28	-1	
5	1	11	2	1	1	67	1122	102	21	35.285545	ΤΑΙΜΟΙ:
5	1	11	2	1	2	180	1121	50	25	33.640358	Στίς
5	1	11	2	1	3	247	1122	102	21	70.742279	25-41-80
5	1	11	2	1	4	369	1122	66	26	90.783928	ἔγιναν
5	1	11	2	1	5	450	1122	16	21	96.834412	οἱ
5	1	11	2	1	6	478	1121	57	28	53.738308	γάμοι
5	1	11	2	1	7	551	1123	36	24	93.296982	τῆς
5	1	11	2	1	8	602	1121	142	27	61.989128	Παναγιώτας
4	1	11	2	2	0	40	1157	703	28	-1	
5	1	11	2	2	1	40	1157	100	28	82.769501	Γεωργίου
5	1	11	2	2	2	154	1157	91	21	8.323097	Ἰωάνμου
5	1	11	2	2	3	259	1157	126	27	50.269997	Ἰλουτσούνη
5	1	11	2	2	4	398	1157	51	27	91.571159	µετά
5	1	11	2	2	5	465	1159	33	20	96.599899	τοῦ
5	1	11	2	2	6	515	1157	91	28	86.138214	Χρήστου
5	1	11	2	2	7	621	1158	69	26	86.821533	Ῥιμπᾶ
5	1	11	2	2	8	719	1158	24	24	96.440414	ἐξ
4	1	11	2	3	0	40	1192	704	28	-1	
5	1	11	2	3	1	40	1193	96	26	35.007759	᾿Αθηνῶν.
5	1	11	2	3	2	149	1193	28	21	91.690323	Ἡ
5	1	11	2	3	3	191	1194	22	26	92.009735	ἐφ
5	1	11	2	3	4	364	1193	44	25	93.075027	τούς
5	1	11	2	3	5	421	1192	101	28	89.148056	συγχαίρει
5	1	11	2	3	6	535	1193	67	27	46.292847	θερμά
5	1	11	2	3	7	613	1192	33	22	80.968834	καί
5	1	11	2	3	8	659	1193	45	25	93.302528	τούς
5	1	11	2	3	9	717	1193	27	22	80.536224	εὔ-
4	1	11	2	4	0	40	1229	156	27	-1	
5	1	11	2	4	1	40	1235	58	21	72.373955	χεται
5	1	11	2	4	2	114	1229	42	25	96.041710	ζωή
5	1	11	2	4	3	170	1237	26	18	68.556473	τρ.
4	1	11	2	5	0	39	1264	705	27	-1	
5	1	11	2	5	1	39	1277	29	3	29.278702	---
5	1	11	2	5	2	82	1264	85	27	0.000000	γιωαν
5	1	11	2	5	3	180	1273	46	17	93.231651	στήν
5	1	11	2	5	4	240	1264	80	26	0.000000	᾿ΑΑήνα
5	1	11	2	5	5	333	1264	15	22	96.508888	οἱ
5	1	11	2	5	6	362	1264	60	27	43.708427	γάμοι
5	1	11	2	5	7	434	1266	31	20	96.066101	τοῦ
5	1	11	2	5	8	478	1273	18	13	83.250549	κ.
5	1	11	2	5	9	513	1264	63	26	89.983475	Λάκη
5	1	11	2	5	10	591	1264	56	22	85.803955	Παν.
5	1	11	2	5	11	660	1264	84	22	32.028320	Άθανα-
4	1	11	2	6	0	41	1299	703	28	-1	
5	1	11	2	6	1	41	1299	66	27	88.907532	σούλα,
5	1	11	2	6	2	126	1300	80	27	92.793594	ἐγγονοῦ
5	1	11	2	6	3	227	1300	77	27	93.296661	Σπύρου
5	1	11	2	6	4	319	1300	102	26	80.014343	Διαμαντῆ
5	1	11	2	6	5	442	1300	50	26	90.616234	µετά
5	1	11	2	6	6	509	1301	36	24	93.294250	τῆς
5	1	11	2	6	7	562	1301	16	20	89.659546	δ.
5	1	11	2	6	8	596	1299	76	28	90.812195	Φώφης
5	1	11	2	6	9	688	1301	56	19	65.548111	Γιαν-
2	1	12	0	0	0	244	1193	104	27	-1	
3	1	12	1	0	0	244	1193	104	27	-1	
4	1	12	1	1	0	244	1193	104	27	-1	
5	1	12	1	1	1	244	1193	54	27	92.895226	ερίδα
5	1	12	1	1	2	308	1201	40	18	96.371399	µας
2	1	13	0	0	0	196	1199	48	51	-1	
3	1	13	1	0	0	196	1199	48	51	-1	
4	1	13	1	1	0	216	1199	28	20	-1	
5	1	13	1	1	1	216	1199	28	20	95.000000	 
4	1	13	1	2	0	196	1236	42	14	-1	
5	1	13	1	2	1	196	1236	42	14	95.000000	 
2	1	14	0	0	0	239	1228	110	28	-1	
3	1	14	1	0	0	239	1228	110	28	-1	
4	1	14	1	1	0	239	1228	110	28	-1	
5	1	14	1	1	1	239	1228	110	28	55.440845	πυχισµένη.
2	1	15	0	0	0	39	1335	705	58	-1	
3	1	15	1	0	0	39	1335	705	58	-1	
4	1	15	1	1	0	39	1335	705	28	-1	
5	1	15	1	1	1	39	1335	131	23	56.576797	νιτσοπούλου,
5	1	15	1	1	2	184	1335	69	27	84.908951	Θερμά
5	1	15	1	1	3	265	1335	150	28	81.111557	συγχαρητήρια
5	1	15	1	1	4	427	1335	33	22	91.460007	καί
5	1	15	1	1	5	473	1335	24	22	81.651245	νά
5	1	15	1	1	6	508	1335	68	26	93.303947	ζήσουν
5	1	15	1	1	7	590	1335	154	28	68.824829	τρισευτυχισµέ-
4	1	15	1	2	0	40	1378	35	15	-1	
5	1	15	1	2	1	40	1378	35	15	12.107834	μοι,
2	1	16	0	0	0	69	1424	570	28	-1	
3	1	16	1	0	0	69	1424	570	28	-1	
4	1	16	1	1	0	69	1424	570	28	-1	
5	1	16	1	1	1	69	1425	125	21	84.478630	ΑΦΙΞΕΙΣ:
5	1	16	1	1	2	210	1424	119	28	79.386528	Ἐπέστρεψε
5	1	16	1	1	3	347	1424	36	22	93.284874	ἀπό
5	1	16	1	1	4	397	1425	96	26	89.802040	᾽Αμερική
5	1	16	1	1	5	508	1425	11	25	90.820259	ἡ
5	1	16	1	1	6	533	1434	18	12	93.221626	κ.
5	1	16	1	1	7	565	1424	74	26	38.245735	Βλένη
2	1	17	0	0	0	40	1459	705	28	-1	
3	1	17	1	0	0	40	1459	705	28	-1	
4	1	17	1	1	0	40	1459	705	28	-1	
5	1	17	1	1	1	40	1459	160	28	50.368938	Ἀκρουμπέάλλου,
5	1	17	1	1	2	214	1459	44	22	92.926689	ὅπου
5	1	17	1	1	3	276	1459	130	27	38.520767	τακἰτοποίησε
5	1	17	1	1	4	419	1459	20	22	89.664162	σέ
5	1	17	1	1	5	453	1459	92	22	38.471977	ἀώτατα
5	1	17	1	1	6	560	1459	140	22	32.079453	ἐκπαιδευτυκά
5	1	17	1	1	7	731	1460	14	20	0.000000	ᾖἵἱ-
2	1	18	0	0	0	668	1424	75	27	-1	
3	1	18	1	0	0	668	1424	75	27	-1	
4	1	18	1	1	0	668	1424	75	27	-1	
5	1	18	1	1	1	668	1424	75	27	0.000000	ἸΑριστ.
2	1	19	0	0	0	41	1495	706	133	-1	
3	1	19	1	0	0	41	1495	704	28	-1	
4	1	19	1	1	0	41	1495	704	25	-1	
5	1	19	1	1	1	41	1495	84	22	18.095177	δρύµατα
5	1	19	1	1	2	140	1495	25	23	91.591087	τά
5	1	19	1	1	3	181	1495	31	22	96.515610	δύο
5	1	19	1	1	4	230	1495	67	22	96.157089	παιδιά
5	1	19	1	1	5	312	1504	43	16	83.727219	της.
5	1	19	1	1	6	370	1495	20	22	76.408585	σὲ
5	1	19	1	1	7	405	1496	75	21	92.364891	ἐντελῶς
5	1	19	1	1	8	507	1495	76	21	14.581985	γνωστό
5	1	19	1	1	9	598	1504	23	13	93.255058	της
5	1	19	1	1	10	652	1495	93	22	87.953453	περιβάλ-
4	1	19	1	2	0	333	1504	353	19	-1	
5	1	19	1	2	1	333	1513	22	10	34.793686	5;
5	1	19	1	2	2	513	1514	3	8	68.061539	ἥ
5	1	19	1	2	3	619	1508	4	14	72.703018	ᾗ
3	1	19	2	0	0	718	1531	28	21	-1	
4	1	19	2	1	0	718	1531	28	21	-1	
5	1	19	2	1	1	718	1531	28	21	67.157410	80
3	1	19	3	0	0	41	1566	706	27	-1	
4	1	19	3	1	0	41	1566	706	27	-1	
5	1	19	3	1	1	41	1567	68	26	71.458916	Χρόνια
5	1	19	3	1	2	121	1566	93	25	92.986771	ἀπουσίας
5	1	19	3	1	3	227	1575	37	17	96.206100	της
5	1	19	3	1	4	277	1567	37	21	93.239136	ἀπό
5	1	19	3	1	5	336	1567	81	21	0.000000	ἵ..5.Α.
5	1	19	3	1	6	433	1566	98	27	88.367889	ἰδιαίτερη
5	1	19	3	1	7	543	1566	101	26	90.694984	ἐντύπωση
5	1	19	3	1	8	656	1568	36	24	93.277000	τῆς
5	1	19	3	1	9	701	1574	46	18	93.042313	προ-
3	1	19	4	0	0	41	1600	703	28	-1	
4	1	19	4	1	0	41	1600	703	28	-1	
5	1	19	4	1	1	41	1601	67	25	76.064301	ξένησε
5	1	19	4	1	2	122	1601	11	25	90.949234	ἡ
5	1	19	4	1	3	148	1601	155	26	80.321571	καταπληκτική
5	1	19	4	1	4	318	1601	131	27	0.080765	τεχμολογική
5	1	19	4	1	5	467	1600	82	28	51.519032	πρόοδος
5	1	19	4	1	6	563	1601	38	21	93.290062	τῶν
5	1	19	4	1	7	619	1600	90	22	75.271080	Ἡ.Π.Α.
5	1	19	4	1	8	724	1600	20	21	93.032761	σέ
2	1	20	0	0	0	41	1530	648	29	-1	
3	1	20	1	0	0	41	1530	648	29	-1	
4	1	20	1	1	0	41	1530	648	29	-1	
5	1	20	1	1	1	41	1533	32	20	85.722282	λο
5	1	20	1	1	2	91	1530	33	23	61.268150	καί
5	1	20	1	1	3	142	1531	148	28	0.000000	πολυαρίἈμους
5	1	20	1	1	4	304	1532	150	27	70.759293	συμπατριῶτες
5	1	20	1	1	5	472	1539	45	19	83.393822	µας.
5	1	20	1	1	6	547	1531	90	28	25.413872	"Ὕστερα
5	1	20	1	1	7	653	1530	36	23	96.672478	ἀπό
2	1	21	0	0	0	40	1635	706	385	-1	
3	1	21	1	0	0	41	1635	703	28	-1	
4	1	21	1	1	0	41	1635	703	28	-1	
5	1	21	1	1	1	41	1636	57	24	93.194595	ὅλους
5	1	21	1	1	2	115	1636	44	24	93.306015	τούς
5	1	21	1	1	3	173	1638	73	24	80.727524	τομεῖς.
5	1	21	1	1	4	266	1636	62	21	62.902130	"Όλοι
5	1	21	1	1	5	346	1636	15	21	93.302788	οἱ
5	1	21	1	1	6	376	1638	148	25	57.486057	συμπατριῶτες
5	1	21	1	1	7	549	1644	38	18	96.001686	µας
5	1	21	1	1	8	601	1635	48	22	93.305717	εἶναι
5	1	21	1	1	9	663	1635	81	22	15.854584	εὐχατά-
3	1	21	2	0	0	41	1671	704	28	-1	
4	1	21	2	1	0	41	1671	704	28	-1	
5	1	21	2	1	1	41	1680	72	19	75.614456	στατο:,
5	1	21	2	1	2	131	1671	102	26	90.399498	διαθάζουν
5	1	21	2	1	3	250	1671	22	27	83.296791	µέ
5	1	21	2	1	4	287	1671	132	28	91.355598	εὐχαρίστηση
5	1	21	2	1	5	438	1671	21	23	84.645218	τό
5	1	21	2	1	6	473	1672	176	22	37.729584	«ΓΕΩΡΕΙΤΙΣΕ)
5	1	21	2	1	7	669	1671	33	22	64.711662	καὶ
5	1	21	2	1	8	716	1679	29	13	92.380035	νο-
3	1	21	3	0	0	41	1707	261	28	-1	
4	1	21	3	1	0	41	1707	261	28	-1	
5	1	21	3	1	1	41	1709	96	25	46.770966	σταλγοῦν
5	1	21	3	1	2	148	1707	21	22	95.967476	τό
5	1	21	3	1	3	178	1707	62	28	96.401726	χωριό
5	1	21	3	1	4	257	1715	45	19	95.489975	µας.
3	1	21	4	0	0	42	1742	703	28	-1	
4	1	21	4	1	0	42	1742	703	28	-1	
5	1	21	4	1	1	42	1756	27	2	52.569805	-
5	1	21	4	1	2	87	1743	69	27	74.102936	Ηρθε
5	1	21	4	1	3	171	1744	24	24	93.259430	ἐξ
5	1	21	4	1	4	214	1743	110	27	85.080421	᾽Αμερικῆς
5	1	21	4	1	5	340	1744	8	21	92.889992	ὁ
5	1	21	4	1	6	367	1743	141	27	39.865387	Παναγιώτης
5	1	21	4	1	7	524	1743	85	27	56.743542	Λυκουρ.
5	1	21	4	1	8	629	1738	24	36	29.964333	ΤΠ
5	1	21	4	1	9	660	1742	85	22	29.964333	απαστά-
3	1	21	5	0	0	42	1778	644	28	-1	
4	1	21	5	1	0	42	1778	644	28	-1	
5	1	21	5	1	1	42	1781	43	25	90.166817	θης,
5	1	21	5	1	2	97	1778	31	23	68.932480	τά)
5	1	21	5	1	3	154	1778	158	28	0.000000	καλωσορίζουμε
5	1	21	5	1	4	325	1778	33	22	67.566071	καί
5	1	21	5	1	5	375	1780	31	21	93.045586	τοῦ
5	1	21	5	1	6	419	1779	97	27	92.319710	εὐχάμεθα
5	1	21	5	1	7	531	1779	54	26	60.550354	καϊλή
5	1	21	5	1	8	598	1779	88	26	36.823547	διαμονή.
3	1	21	6	0	0	41	1814	703	28	-1	
4	1	21	6	1	0	41	1814	703	28	-1	
5	1	21	6	1	1	41	1827	27	4	68.859222	--
5	1	21	6	1	2	81	1815	37	21	22.349167	κ
5	1	21	6	1	3	132	1814	84	22	82.318512	Καναδᾶ
5	1	21	6	1	4	228	1815	23	21	20.133545	δι)
5	1	21	6	1	5	266	1815	128	27	59.058365	ὀλιγοήμερον
5	1	21	6	1	6	411	1814	112	27	58.247810	παραµονήν
5	1	21	6	1	7	537	1815	11	26	85.620338	ἡ
5	1	21	6	1	8	562	1814	84	22	72.144592	Ιωάννα
5	1	21	6	1	9	657	1814	87	28	37.649681	θυγάτηρ
3	1	21	7	0	0	40	1850	706	62	-1	
4	1	21	7	1	0	40	1850	660	28	-1	
5	1	21	7	1	1	40	1850	99	27	73.216164	Γεωργίου
5	1	21	7	1	2	150	1850	89	27	47.263565	Γκλέκα,
5	1	21	7	1	3	254	1850	47	22	46.505337	εἶναι.
5	1	21	7	1	4	319	1850	118	26	88.535858	ὑπάλληλος
5	1	21	7	1	5	454	1850	129	28	61.430443	πρακπορείου
5	1	21	7	1	6	597	1850	103	25	88.683823	ταξιδίων.
4	1	21	7	2	0	70	1885	676	27	-1	
5	1	21	7	2	1	70	1886	139	21	16.435059	ΘΑΙΝΑ΄ΤΟΙ:
5	1	21	7	2	2	224	1885	108	22	26.142456	᾽Απεξίωσε
5	1	21	7	2	3	348	1886	46	26	96.701553	στήν
5	1	21	7	2	4	407	1885	116	27	92.759621	Καλαμάτα
5	1	21	7	2	5	536	1887	9	21	93.058029	ὁ
5	1	21	7	2	6	558	1886	95	26	93.302254	Ἰωάννης
5	1	21	7	2	7	665	1887	23	21	75.225281	Τ.
5	1	21	7	2	8	701	1886	45	21	90.815910	Μα-
3	1	21	8	0	0	41	1921	102	27	-1	
4	1	21	8	1	0	41	1921	102	27	-1	
5	1	21	8	1	1	41	1921	102	27	77.228470	νεσιώτης.
3	1	21	9	0	0	41	1957	704	28	-1	
4	1	21	9	1	0	41	1957	704	28	-1	
5	1	21	9	1	1	37	1953	37	36	19.378090	---᾽
5	1	21	9	1	2	82	1957	96	25	39.699707	Απεβίωσε
5	1	21	9	1	3	198	1958	28	24	91.556961	εἰς
5	1	21	9	1	4	242	1958	107	26	44.370834	᾽Αμερικῆν
5	1	21	9	1	5	364	1959	9	21	92.217827	ὁ
5	1	21	9	1	6	387	1957	153	28	76.981903	συμπατριώτης
5	1	21	9	1	7	555	1966	38	18	95.919022	µας
5	1	21	9	1	8	608	1957	102	28	90.423874	Γεώργιος
5	1	21	9	1	9	718	1958	27	22	1.797546	Β.
3	1	21	10	0	0	41	1992	120	28	-1	
4	1	21	10	1	0	41	1992	120	28	-1	
5	1	21	10	1	1	41	1992	120	28	67.751877	Μπολάνης.
2	1	22	0	0	0	41	2047	706	205	-1	
3	1	22	1	0	0	41	2047	706	205	-1	
4	1	22	1	1	0	319	2047	151	21	-1	
5	1	22	1	1	1	319	2047	151	21	85.093811	ΑΠΟΡΙΑΝΗ
4	1	22	1	2	0	42	2082	704	28	-1	
5	1	22	1	2	1	42	2096	27	2	38.047253	---
5	1	22	1	2	2	81	2083	83	26	15.833771	Ἔγθαν
5	1	22	1	2	3	178	2082	15	22	91.775391	οἱ
5	1	22	1	2	4	207	2082	58	27	66.930771	Ἱάμοι
5	1	22	1	2	5	281	2084	36	24	93.297012	τῆς
5	1	22	1	2	6	329	2082	142	27	0.000000	Κρυστάλλως
5	1	22	1	2	7	488	2082	157	23	95.755035	Παπαδοπούλου
5	1	22	1	2	8	659	2082	50	28	92.244469	κόρη
5	1	22	1	2	9	722	2082	24	21	0.000000	{ε-
4	1	22	1	3	0	41	2117	706	29	-1	
5	1	22	1	3	1	41	2118	58	28	47.217030	ρέως,
5	1	22	1	3	2	109	2118	49	27	94.194458	µετά
5	1	22	1	3	3	170	2120	31	21	96.633827	τοῦ
5	1	22	1	3	4	212	2119	21	25	91.880814	ἐξ
5	1	22	1	3	5	247	2118	94	27	12.602982	᾿Διθηνῶν
5	1	22	1	3	6	352	2118	101	26	2.082527	Κονδύλη.
5	1	22	1	3	7	466	2118	36	21	92.260170	Νά
5	1	22	1	3	8	512	2118	67	27	67.530914	ζήσουν
5	1	22	1	3	9	592	2117	155	28	70.710098	τρισευτυχισµέ-
4	1	22	1	4	0	41	2155	148	20	-1	
5	1	22	1	4	1	41	2162	35	13	75.482216	νου,
5	1	22	1	4	2	187	2155	2	2	0.000000	᾿
4	1	22	1	5	0	42	2188	703	29	-1	
5	1	22	1	5	1	42	2202	28	3	60.632381	-
5	1	22	1	5	2	88	2190	24	21	60.632381	Ὁ
5	1	22	1	5	3	129	2198	18	13	57.171593	κ.
5	1	22	1	5	4	165	2189	141	27	93.265404	Παναγιώτης
5	1	22	1	5	5	323	2189	122	28	84.924301	᾿Αρθανίτης
5	1	22	1	5	6	460	2189	95	27	15.618294	πρόθδρος
5	1	22	1	5	7	571	2190	36	25	93.289536	τῆς
5	1	22	1	5	8	622	2188	123	27	32.165222	Ἰζομλότητος
4	1	22	1	6	0	42	2224	705	28	-1	
5	1	22	1	6	1	42	2224	80	22	80.867142	θάπτισε
5	1	22	1	6	2	133	2224	21	23	92.368378	τό
5	1	22	1	6	3	170	2225	101	27	65.122833	κοριτσάκι
5	1	22	1	6	4	284	2233	33	14	92.299171	του
5	1	22	1	6	5	329	2224	77	28	37.761444	Γεώρη.
5	1	22	1	6	6	417	2225	26	22	39.646606	Κ.
5	1	22	1	6	7	461	2224	168	23	84.670128	Παπαδοπούλου.
5	1	22	1	6	8	640	2224	29	22	93.292267	Τό
5	1	22	1	6	9	680	2224	67	27	76.100784	ὀνόμα-
2	1	23	0	0	0	43	2260	347	28	-1	
3	1	23	1	0	0	43	2260	347	28	-1	
4	1	23	1	1	0	43	2260	347	28	-1	
5	1	23	1	1	1	43	2269	20	13	62.987827	σε
5	1	23	1	1	2	76	2260	134	28	32.340561	Παιαγιώτα,
5	1	23	1	1	3	227	2260	23	22	89.577271	νά
5	1	23	1	1	4	268	2260	44	25	89.753586	τούς
5	1	23	1	1	5	329	2261	61	25	85.034943	ζήσει.
2	1	24	0	0	0	42	2314	706	311	-1	
3	1	24	1	0	0	211	2314	366	27	-1	
4	1	24	1	1	0	211	2314	366	27	-1	
5	1	24	1	1	1	211	2314	186	21	84.619911	ΛΟΠΠΑΝΙΚΟΣ
5	1	24	1	1	2	418	2314	83	27	15.504700	(1919:
5	1	24	1	1	3	512	2314	65	27	76.583839	1918)
3	1	24	2	0	0	42	2348	706	277	-1	
4	1	24	2	1	0	70	2348	677	28	-1	
5	1	24	2	1	1	70	2350	45	21	44.146465	ΠΙΑ
5	1	24	2	1	2	127	2350	59	21	93.303474	ΤΟΝ
5	1	24	2	1	3	199	2350	159	21	78.869934	ΕΟΡΤΑΣΜΟ
5	1	24	2	1	4	371	2351	36	24	93.298615	τῆς
5	1	24	2	1	5	421	2349	182	27	77.032852	ἀπελευθερώσεως
5	1	24	2	1	6	616	2348	88	28	91.920822	Σερδίων
5	1	24	2	1	7	716	2350	31	20	90.266014	Κο
4	1	24	2	2	0	42	2384	704	29	-1	
5	1	24	2	2	1	42	2385	61	27	84.680435	ζάνης
5	1	24	2	2	2	117	2385	33	22	78.090210	καὶ
5	1	24	2	2	3	165	2385	140	27	69.235718	Πτολεμαΐδος
5	1	24	2	2	4	324	2385	22	23	72.024002	τόὀ
5	1	24	2	2	5	360	2386	62	26	57.040833	1919,
5	1	24	2	2	6	440	2385	37	22	96.716370	ἀπό
5	1	24	2	2	7	491	2385	30	22	68.107094	τό)
5	1	24	2	2	8	540	2385	99	28	43.955837	Τουρκικό
5	1	24	2	2	9	652	2384	53	29	84.250267	ζυγό,
5	1	24	2	2	10	738	2386	8	21	87.315056	ὁ
4	1	24	2	3	0	42	2420	705	28	-1	
5	1	24	2	3	1	42	2421	111	27	80.389969	Ναμάρχης
5	1	24	2	3	2	168	2421	94	26	73.859550	Κοζάνης
5	1	24	2	3	3	278	2430	18	12	96.981598	κ.
5	1	24	2	3	4	313	2421	110	22	80.587906	Θεοδοσίου.
5	1	24	2	3	5	438	2421	125	26	95.894867	προσκάλεσε
5	1	24	2	3	6	579	2420	31	21	90.003807	τόν
5	1	24	2	3	7	628	2421	23	20	93.271400	ἐκ
5	1	24	2	3	8	665	2421	82	26	89.938477	Λογγα-
4	1	24	2	4	0	43	2455	704	28	-1	
5	1	24	2	4	1	43	2456	52	22	0.000000	νόκου
5	1	24	2	4	2	114	2455	146	22	69.721230	ἐκπαιδευτικόν
5	1	24	2	4	3	276	2464	18	13	93.254295	κ.
5	1	24	2	4	4	314	2456	91	27	63.332115	Χρῆστον
5	1	24	2	4	5	420	2456	49	21	29.147095	ἨΠλ.
5	1	24	2	4	6	484	2455	104	28	39.826347	Δημάκη»,
5	1	24	2	4	7	607	2455	24	21	93.284721	νά
5	1	24	2	4	8	647	2455	44	25	92.879639	τούς
5	1	24	2	4	9	707	2456	40	25	65.263191	δνη-
4	1	24	2	5	0	42	2490	705	29	-1	
5	1	24	2	5	1	42	2493	58	25	81.870239	γηθεῖ
5	1	24	2	5	2	111	2491	30	25	96.474373	τίς
5	1	24	2	5	3	159	2491	62	28	37.347214	μάχες
5	1	24	2	5	4	233	2491	34	21	95.584015	πού
5	1	24	2	5	5	289	2491	29	24	93.287178	ὡς
5	1	24	2	5	6	330	2491	132	27	87.170021	πυροθολητή,
5	1	24	2	5	7	474	2492	9	21	93.268585	ὁ
5	1	24	2	5	8	494	2491	50	24	93.093773	ἴδιος
5	1	24	2	5	9	556	2490	152	27	19.159470	χανονιοθόλησε
5	1	24	2	5	10	724	2490	23	22	96.612953	τά
4	1	24	2	6	0	43	2526	704	28	-1	
5	1	24	2	6	1	43	2527	73	27	57.026299	Σέρθ-α
5	1	24	2	6	2	132	2527	33	21	63.479561	καὶ
5	1	24	2	6	3	181	2526	151	28	81.737694	χατετρόπωσαν
5	1	24	2	6	4	354	2526	31	23	92.511665	τό)
5	1	24	2	6	5	401	2526	69	28	81.065506	ἐχδρό,
5	1	24	2	6	6	490	2527	9	21	92.307022	ὁ
5	1	24	2	6	7	516	2527	65	24	92.214813	ὁποῖος
5	1	24	2	6	8	602	2526	107	27	92.712654	φεύγοντας
5	1	24	2	6	9	727	2526	20	21	91.731056	ᾱ-
4	1	24	2	7	0	43	2561	705	29	-1	
5	1	24	2	7	1	43	2572	47	18	63.749729	φησε
5	1	24	2	7	2	100	2563	27	21	55.674252	24
5	1	24	2	7	3	138	2563	86	21	33.639503	κανόνια!
5	1	24	2	7	4	236	2562	33	22	93.286301	καὶ
5	1	24	2	7	5	279	2563	36	25	91.217590	στή
5	1	24	2	7	6	332	2562	86	22	72.782677	πλατεία
5	1	24	2	7	7	431	2563	37	21	93.253349	τῶν
5	1	24	2	7	8	479	2561	96	28	90.860535	Σερθίων,
5	1	24	2	7	9	587	2562	21	22	86.580833	τό
5	1	24	2	7	10	619	2562	85	27	92.291405	θάρθαρο
5	1	24	2	7	11	717	2562	31	27	75.616653	ἔρ-
4	1	24	2	8	0	565	2597	183	28	-1	
5	1	24	2	8	1	565	2597	67	28	82.141586	ἱερέων
5	1	24	2	8	2	646	2597	33	22	28.551750	καί
5	1	24	2	8	3	696	2599	52	19	77.757027	διδα-
2	1	25	0	0	0	566	2606	6	12	-1	
3	1	25	1	0	0	566	2606	6	12	-1	
4	1	25	1	1	0	566	2606	6	12	-1	
5	1	25	1	1	1	566	2606	6	12	95.000000	 
2	1	26	0	0	0	42	2597	706	245	-1	
3	1	26	1	0	0	42	2597	706	245	-1	
4	1	26	1	1	0	42	2597	509	28	-1	
5	1	26	1	1	1	42	2607	24	18	25.154358	χο
5	1	26	1	1	2	82	2607	38	18	54.260254	του,
5	1	26	1	1	3	138	2599	28	21	76.089279	20.
5	1	26	1	1	4	180	2598	117	26	31.163963	πτώματα...
5	1	26	1	1	5	311	2598	106	26	51.271736	Ἑλλήνων
5	1	26	1	1	6	434	2597	117	28	68.612312	προκρίτων,
4	1	26	1	2	0	43	2633	705	28	-1	
5	1	26	1	2	1	43	2634	86	27	28.917282	σκάλων,
5	1	26	1	2	2	145	2634	45	24	93.289467	τούς
5	1	26	1	2	3	205	2633	77	25	91.742928	ὁποίους
5	1	26	1	2	4	300	2633	147	27	83.664276	ἀποχεφάλισαν
5	1	26	1	2	5	461	2633	17	21	93.297722	οἱ
5	1	26	1	2	6	496	2635	76	25	56.049385	τοῦρχοι
5	1	26	1	2	7	588	2633	52	22	87.172241	κατά
5	1	26	1	2	8	655	2633	34	26	92.915375	τήν
5	1	26	1	2	9	705	2633	43	27	23.910294	ὥρα
4	1	26	1	3	0	44	2670	260	27	-1	
5	1	26	1	3	1	44	2671	36	25	91.891220	τῆς
5	1	26	1	3	2	91	2670	82	27	48.065117	αἰσχρής
5	1	26	1	3	3	186	2671	62	26	86.551834	φυγῆς
5	1	26	1	3	4	260	2677	44	14	78.404312	τω».
4	1	26	1	4	0	72	2704	384	28	-1	
5	1	26	1	4	1	72	2705	43	21	57.330048	Στά
5	1	26	1	4	2	128	2705	74	27	0.000000	Σέρβια
5	1	26	1	4	3	220	2705	81	27	93.077621	ὑπάρχει
5	1	26	1	4	4	317	2705	78	26	43.955574	τύµδος,
5	1	26	1	4	5	413	2704	43	22	96.905640	ὅπου
4	1	26	1	5	0	43	2739	703	29	-1	
5	1	26	1	5	1	43	2749	52	18	91.273232	µατα
5	1	26	1	5	2	111	2742	37	20	91.693619	τῶν
5	1	26	1	5	3	165	2740	102	22	18.565247	Λακώνων
5	1	26	1	5	4	281	2740	24	27	89.484009	µέ
5	1	26	1	5	5	321	2740	20	23	84.641258	τό
5	1	26	1	5	6	356	2740	62	28	96.753616	χωριό
5	1	26	1	5	7	432	2748	51	17	96.636246	τους,
5	1	26	1	5	8	502	2740	34	21	93.295631	πού
5	1	26	1	5	9	550	2740	70	22	92.701248	ἔπεσαν
5	1	26	1	5	10	635	2740	35	26	93.065918	στή
5	1	26	1	5	11	685	2739	61	28	23.728409	μάχη.
4	1	26	1	6	0	483	2775	205	28	-1	
5	1	26	1	6	1	483	2777	39	26	90.667114	Χρ.
5	1	26	1	6	2	540	2776	27	21	56.012093	Η.
5	1	26	1	6	3	589	2775	99	27	84.889374	Δημάκης
4	1	26	1	7	0	298	2818	197	24	-1	
5	1	26	1	7	1	298	2818	197	24	49.101822	ΒΒΡΓΑΔΕΤΚΑ,
2	1	27	0	0	0	72	2852	675	28	-1	
3	1	27	1	0	0	72	2852	675	28	-1	
4	1	27	1	1	0	72	2852	675	28	-1	
5	1	27	1	1	1	72	2854	27	20	85.846489	Ἡ
5	1	27	1	1	2	111	2853	110	26	55.184517	μπολυτόζα
5	1	27	1	1	3	236	2852	72	28	82.171417	ἀνοίγει
5	1	27	1	1	4	322	2853	94	21	71.151314	ἐντατυκά
5	1	27	1	1	5	431	2852	117	27	47.420330	ἀγροτικούς
5	1	27	1	1	6	562	2852	88	28	80.985695	δράμους,
5	1	27	1	1	7	667	2852	80	28	88.061195	ἐργάζε-
2	1	28	0	0	0	487	2704	260	28	-1	
3	1	28	1	0	0	487	2704	260	28	-1	
4	1	28	1	1	0	487	2704	260	28	-1	
5	1	28	1	1	1	487	2705	48	21	96.774902	εἶναι
5	1	28	1	1	2	550	2704	102	28	10.641518	γραμμένα
5	1	28	1	1	3	667	2704	25	21	82.430984	τά
5	1	28	1	1	4	708	2704	39	21	86.841698	ὀνό-
2	1	29	0	0	0	283	2888	3	7	-1	
3	1	29	1	0	0	283	2888	3	7	-1	
4	1	29	1	1	0	283	2888	3	7	-1	
5	1	29	1	1	1	283	2888	3	7	40.375359	/
2	1	30	0	0	0	302	2899	4	3	-1	
3	1	30	1	0	0	302	2899	4	3	-1	
4	1	30	1	1	0	302	2899	4	3	-1	
5	1	30	1	1	1	302	2899	4	3	95.000000	 
2	1	31	0	0	0	73	2888	673	141	-1	
3	1	31	1	0	0	292	2888	454	63	-1	
4	1	31	1	1	0	306	2888	440	28	-1	
5	1	31	1	1	1	306	2888	27	23	94.264153	τόν
5	1	31	1	1	2	351	2888	64	27	64.069092	κάμπο
5	1	31	1	1	3	430	2890	32	20	93.155502	τοῦ
5	1	31	1	1	4	475	2888	135	28	36.196285	Λογγαμίκου,
5	1	31	1	1	5	628	2888	68	27	90.311348	ἐπίσης
5	1	31	1	1	6	710	2889	36	26	92.055229	στή
4	1	31	1	2	0	292	2932	63	19	-1	
5	1	31	1	2	1	292	2932	63	19	73.247551	τηρος.
3	1	31	2	0	0	73	2966	673	63	-1	
4	1	31	2	1	0	329	2966	135	22	-1	
5	1	31	2	1	1	329	2966	135	22	39.626724	ΑΙΛΕΥΡΟΥ
4	1	31	2	2	0	73	3001	673	28	-1	
5	1	31	2	2	1	73	3001	49	25	88.327118	Σπίς
5	1	31	2	2	2	137	3001	102	22	66.499985	29-14-80
5	1	31	2	2	3	254	3001	96	24	79.889671	ἀπεθίωσε
5	1	31	2	2	4	365	3002	46	26	93.269821	στήν
5	1	31	2	2	5	427	3001	96	28	31.235924	᾿Αλευροῦ
5	1	31	2	2	6	537	3003	9	21	91.817612	ὁ
5	1	31	2	2	7	561	3001	103	28	59.039047	Γεώργιος
5	1	31	2	2	8	679	3002	67	26	91.379044	Ζήτης
2	1	32	0	0	0	44	2888	220	28	-1	
3	1	32	1	0	0	44	2888	220	28	-1	
4	1	32	1	1	0	44	2888	220	28	-1	
5	1	32	1	1	1	44	2897	30	13	96.356003	ται
5	1	32	1	1	2	88	2888	34	28	94.738518	γιά
5	1	32	1	1	3	138	2889	24	21	92.154259	νά
5	1	32	1	1	4	175	2890	73	20	53.120422	ἑνωφθεῖ
5	1	32	1	1	5	263	2908	1	3	62.663937	|
2	1	33	0	0	0	265	2898	34	47	-1	
3	1	33	1	0	0	265	2898	34	47	-1	
4	1	33	1	1	0	265	2898	34	25	-1	
5	1	33	1	1	1	265	2898	34	25	95.000000	  
4	1	33	1	2	0	270	2923	22	22	-1	
5	1	33	1	2	1	270	2923	22	22	95.000000	   
2	1	34	0	0	0	43	2924	224	28	-1	
3	1	34	1	0	0	43	2924	224	28	-1	
4	1	34	1	1	0	43	2924	224	28	-1	
5	1	34	1	1	1	43	2924	153	28	94.455818	Μεταμόρφωση
5	1	34	1	1	2	209	2926	32	20	93.146606	τοῦ
5	1	34	1	1	3	251	2925	16	20	90.613182	Σ
2	1	35	0	0	0	41	3036	705	66	-1	
3	1	35	1	0	0	41	3036	705	66	-1	
4	1	35	1	1	0	47	3036	699	29	-1	
5	1	35	1	1	1	47	3037	87	28	0.000000	(Κόκος)
5	1	35	1	1	2	154	3037	35	22	95.265991	πού
5	1	35	1	1	3	202	3037	116	25	82.529831	διασκέδαζε
5	1	35	1	1	4	336	3037	37	27	80.581207	ὅλη
5	1	35	1	1	5	388	3037	33	26	91.063454	τήν
5	1	35	1	1	6	436	3037	81	28	95.125137	περιοχή
5	1	35	1	1	7	532	3037	22	27	51.842342	μέ
5	1	35	1	1	8	573	3036	20	24	94.242905	τό
5	1	35	1	1	9	611	3037	81	28	87.439217	κλαρίνο
5	1	35	1	1	10	708	3046	38	13	96.863380	του.
4	1	35	1	2	0	41	3072	374	30	-1	
5	1	35	1	2	1	41	3073	154	29	33.016388	Συλλυπούμεθα
5	1	35	1	2	2	210	3072	47	26	86.607704	τούς
5	1	35	1	2	3	274	3073	85	25	0.000000	οἰχείους
5	1	35	1	2	4	377	3081	38	15	93.586464	του,
2	1	36	0	0	0	768	41	350	234	-1	
3	1	36	1	0	0	768	41	350	234	-1	
4	1	36	1	1	0	851	41	189	22	-1	
5	1	36	1	1	1	851	42	18	21	67.498398	0
5	1	36	1	1	2	885	41	155	22	27.681763	ΣΥΛΛΟΓΟΣ
4	1	36	1	2	0	826	83	237	21	-1	
5	1	36	1	2	1	826	83	237	21	8.277344	ΤΕΩΡΡΠΗΗΣΙΑΝΩΝ
4	1	36	1	3	0	881	124	131	22	-1	
5	1	36	1	3	1	881	124	131	22	91.166428	ΑΤΤΙΚΗΣ
4	1	36	1	4	0	797	176	320	28	-1	
5	1	36	1	4	1	797	177	55	21	0.000000	Αντί
5	1	36	1	4	2	869	176	124	26	88.773903	ἀποδείξεως
5	1	36	1	4	3	1009	177	108	27	53.026070	δημοσιεύει
4	1	36	1	5	0	768	213	350	27	-1	
5	1	36	1	5	1	768	221	116	19	70.159538	κατάσταση
5	1	36	1	5	2	900	221	116	19	91.817131	ἐμφαίνουσα
5	1	36	1	5	3	1032	213	30	25	92.047325	τίς
5	1	36	1	5	4	1082	213	36	22	37.647049	εἰσ-
4	1	36	1	6	0	768	248	335	27	-1	
5	1	36	1	6	1	768	248	86	27	95.984253	πράξεις
5	1	36	1	6	2	868	249	23	21	70.666809	ἐκ
5	1	36	1	6	3	906	250	31	21	92.177155	τοῦ
5	1	36	1	6	4	952	248	151	27	47.862877	'Ἡμερολογίου.
2	1	37	0	0	0	768	284	352	311	-1	
3	1	37	1	0	0	768	284	352	311	-1	
4	1	37	1	1	0	769	284	350	27	-1	
5	1	37	1	1	1	769	284	110	27	11.875069	ἹΜποζάνης
5	1	37	1	1	2	897	284	111	27	37.471813	Γρηγόριος
5	1	37	1	1	3	1056	284	63	22	78.316177	1.000
4	1	37	1	2	0	768	319	351	28	-1	
5	1	37	1	2	1	768	319	155	28	54.293358	Ἠατρονικόλας
5	1	37	1	2	2	936	320	27	22	16.404694	Ἱς.
5	1	37	1	2	3	1057	320	62	21	61.601562	1.000
4	1	37	1	3	0	769	355	350	27	-1	
5	1	37	1	3	1	769	355	92	27	55.292046	ἸΚούτσης
5	1	37	1	3	2	877	355	95	27	36.908985	Ἰωάννης
5	1	37	1	3	3	1078	355	41	22	81.817749	300
4	1	37	1	4	0	772	390	347	28	-1	
5	1	37	1	4	1	768	386	21	36	33.461716	ΠΠ
5	1	37	1	4	2	800	390	66	25	78.752411	άτσιος
5	1	37	1	4	3	881	390	103	28	79.656189	Στέφανος
5	1	37	1	4	4	1057	391	62	21	88.585747	1.900
4	1	37	1	5	0	769	425	351	28	-1	
5	1	37	1	5	1	769	425	104	28	34.555527	Ἱερδήκης
5	1	37	1	5	2	887	426	48	22	9.868782	᾿ΑΑ.
5	1	37	1	5	3	1057	426	63	22	83.280128	1200
4	1	37	1	6	0	770	461	342	28	-1	
5	1	37	1	6	1	770	461	90	27	13.145363	Σηαλὸς
5	1	37	1	6	2	878	462	83	27	88.675995	"Ίκαρος
5	1	37	1	6	3	1071	462	41	22	94.763870	500
4	1	37	1	7	0	768	497	351	27	-1	
5	1	37	1	7	1	768	497	168	27	86.503365	Δημητρόπουλος
5	1	37	1	7	2	953	498	83	26	81.304916	Παναγ.
5	1	37	1	7	3	1078	497	41	23	88.045647	500
4	1	37	1	8	0	768	532	352	28	-1	
5	1	37	1	8	1	768	532	144	27	91.332756	Ῥουμελιώτης
5	1	37	1	8	2	931	533	104	27	71.154289	Σωπήριος
5	1	37	1	8	3	1078	533	42	21	77.604080	900
4	1	37	1	9	0	768	568	351	27	-1	
5	1	37	1	9	1	768	568	139	26	35.093643	Ἰλουτσούνης
5	1	37	1	9	2	919	568	64	27	77.290802	Γεώρ.
5	1	37	1	9	3	1078	569	41	21	95.500137	400
2	1	38	0	0	0	758	603	363	102	-1	
3	1	38	1	0	0	758	603	363	102	-1	
4	1	38	1	1	0	768	603	353	28	-1	
5	1	38	1	1	1	768	603	126	27	73.015633	Τκουζούλης
5	1	38	1	1	2	912	604	63	27	32.348854	Γεωρ.
5	1	38	1	1	3	994	604	53	22	73.954620	Διον.
5	1	38	1	1	4	1078	604	43	21	83.877113	900.
4	1	38	1	2	0	768	639	352	28	-1	
5	1	38	1	2	1	768	639	140	26	33.476776	Γιανλαιιάκης
5	1	38	1	2	2	919	640	65	27	0.000000	Ῥεωρ.
5	1	38	1	2	3	1000	640	31	21	80.395294	Ἡ.
5	1	38	1	2	4	1078	639	42	22	39.633289	500
4	1	38	1	3	0	758	674	361	31	-1	
5	1	38	1	3	1	758	674	99	31	59.666866	|᾿Αλούπη
5	1	38	1	3	2	872	674	65	26	95.148094	Δόμνα
5	1	38	1	3	3	1077	675	42	21	95.312813	900
2	1	39	0	0	0	1056	708	64	54	-1	
3	1	39	1	0	0	1056	708	64	54	-1	
4	1	39	1	1	0	1077	708	43	21	-1	
5	1	39	1	1	1	1077	708	43	21	58.149002	500.
4	1	39	1	2	0	1056	742	64	20	-1	
5	1	39	1	2	1	1056	742	64	20	59.249214	1.900:
2	1	40	0	0	0	758	707	240	61	-1	
3	1	40	1	0	0	758	707	240	61	-1	
4	1	40	1	1	0	758	707	240	27	-1	
5	1	40	1	1	1	758	707	1	4	71.840950	|
5	1	40	1	1	2	768	709	109	25	53.643616	Τσερωτᾶς
5	1	40	1	1	3	889	708	109	24	68.858658	Βασίλειος
4	1	40	1	2	0	768	741	203	27	-1	
5	1	40	1	2	1	768	741	167	27	87.222176	Τσερωτόπουλος
5	1	40	1	2	2	948	742	23	21	93.014038	Δ.
2	1	41	0	0	0	766	776	354	99	-1	
3	1	41	1	0	0	766	776	354	99	-1	
4	1	41	1	1	0	770	776	350	27	-1	
5	1	41	1	1	1	770	776	128	27	47.354389	ἨΠαναγάχος
5	1	41	1	1	2	920	777	84	26	32.140076	Παναγ.
5	1	41	1	1	3	1077	776	43	22	73.159012	500:
4	1	41	1	2	0	767	811	352	28	-1	
5	1	41	1	2	1	767	811	115	28	88.718605	Ἑλαχάκης
5	1	41	1	2	2	898	813	80	26	83.580574	Παναγ.
5	1	41	1	2	3	996	812	47	22	19.524376	᾽ΑΑ.
5	1	41	1	2	4	1076	812	43	21	95.914162	900
4	1	41	1	3	0	766	847	354	28	-1	
5	1	41	1	3	1	766	847	123	28	51.245800	ἹΚατσορίδου
5	1	41	1	3	2	901	847	72	27	81.287827	Μαίρη
5	1	41	1	3	3	1077	847	43	22	80.162094	600:
2	1	42	0	0	0	766	883	354	62	-1	
3	1	42	1	0	0	766	883	354	62	-1	
4	1	42	1	1	0	768	883	351	26	-1	
5	1	42	1	1	1	768	883	91	26	45.472416	᾿Αδάμης
5	1	42	1	1	2	878	884	22	21	70.028366	Τ.
5	1	42	1	1	3	916	884	23	21	76.278702	Δ.
5	1	42	1	1	4	1077	883	42	21	67.051605	500:
4	1	42	1	2	0	766	918	354	27	-1	
5	1	42	1	2	1	766	918	111	27	10.809479	Πετράκης
5	1	42	1	2	2	891	919	62	26	51.553329	Τρηγ.
5	1	42	1	2	3	967	919	26	21	40.420261	Κ.
5	1	42	1	2	4	1077	918	43	21	65.792320	500.
2	1	43	0	0	0	766	953	354	134	-1	
3	1	43	1	0	0	766	953	354	134	-1	
4	1	43	1	1	0	768	953	351	28	-1	
5	1	43	1	1	1	768	953	152	28	14.426186	Κιαλαδρυτινός
5	1	43	1	1	2	934	954	27	21	92.384590	Ν.
5	1	43	1	1	3	1077	953	42	22	96.677780	500
4	1	43	1	2	0	768	988	351	27	-1	
5	1	43	1	2	1	768	988	134	27	75.462059	Μανεσιώτης
5	1	43	1	2	2	918	988	76	26	34.814240	ἩἨλίας
5	1	43	1	2	3	1013	990	48	21	80.832275	Ἠλ.
5	1	43	1	2	4	1077	989	42	21	94.187393	300
4	1	43	1	3	0	766	1024	353	28	-1	
5	1	43	1	3	1	766	1024	90	28	84.154747	Ῥορίλας
5	1	43	1	3	2	872	1024	102	28	78.127914	Γεώργιος
5	1	43	1	3	3	1055	1025	64	21	69.522873	1.000.
4	1	43	1	4	0	771	1060	349	27	-1	
5	1	43	1	4	1	771	1060	114	27	68.904213	Ἠετράκης
5	1	43	1	4	2	897	1060	51	27	75.599899	Δημ.
5	1	43	1	4	3	1057	1060	63	22	65.342484	1.000
2	1	44	0	0	0	1057	1096	63	57	-1	
3	1	44	1	0	0	1057	1096	63	57	-1	
4	1	44	1	1	0	1057	1096	63	22	-1	
5	1	44	1	1	1	1057	1096	63	22	63.661007	1.000
4	1	44	1	2	0	1076	1132	42	21	-1	
5	1	44	1	2	1	1076	1132	42	21	95.157227	900
2	1	45	0	0	0	768	1096	208	63	-1	
3	1	45	1	0	0	768	1096	208	63	-1	
4	1	45	1	1	0	771	1096	202	27	-1	
5	1	45	1	1	1	771	1096	115	27	66.365967	Ἠετράκης
5	1	45	1	1	2	898	1096	75	22	78.193047	Νικολ.
4	1	45	1	2	0	768	1131	208	28	-1	
5	1	45	1	2	1	768	1131	90	27	16.750519	᾽Αδάμης
5	1	45	1	2	2	873	1131	103	28	76.582642	Στέφανος,
2	1	46	0	0	0	770	1723	351	2	-1	
3	1	46	1	0	0	770	1723	351	2	-1	
4	1	46	1	1	0	770	1723	351	2	-1	
5	1	46	1	1	1	770	1723	351	2	95.000000	 
2	1	47	0	0	0	766	1167	354	606	-1	
3	1	47	1	0	0	766	1167	354	606	-1	
4	1	47	1	1	0	767	1167	351	28	-1	
5	1	47	1	1	1	767	1167	110	28	79.051254	Τσερωτᾶς
5	1	47	1	1	2	891	1168	55	21	11.121025	ων.
5	1	47	1	1	3	1077	1167	41	22	80.228577	500
4	1	47	1	2	0	1041	1203	76	22	-1	
5	1	47	1	2	1	1041	1203	76	22	69.776924	16.000
4	1	47	1	3	0	768	1237	350	27	-1	
5	1	47	1	3	1	768	1237	87	27	91.656174	Δεδούση
5	1	47	1	3	2	869	1238	102	26	71.799744	Βασιλική
5	1	47	1	3	3	1076	1238	42	22	84.980293	300
4	1	47	1	4	0	767	1273	352	28	-1	
5	1	47	1	4	1	767	1273	71	25	54.847740	Ῥύμιος
5	1	47	1	4	2	857	1273	118	28	6.635391	Εὐάγγελος
5	1	47	1	4	3	1076	1274	43	21	96.913628	900
4	1	47	1	5	0	766	1309	354	27	-1	
5	1	47	1	5	1	766	1309	114	27	59.218563	Μπολάνης
5	1	47	1	5	2	894	1309	126	27	44.954353	᾿Αριστείδης
5	1	47	1	5	3	1077	1310	43	21	73.120552	500.
4	1	47	1	6	0	769	1344	350	28	-1	
5	1	47	1	6	1	769	1345	14	21	28.133072	Τ
5	1	47	1	6	2	797	1344	148	28	43.469093	αρασκόπουλος
5	1	47	1	6	3	960	1346	49	21	31.157303	Νηι.
5	1	47	1	6	4	1022	1346	22	21	0.000000	Ὦ.
5	1	47	1	6	5	1077	1345	42	21	48.644440	500
4	1	47	1	7	0	770	1380	348	26	-1	
5	1	47	1	7	1	770	1380	14	21	47.954865	Ἠ
5	1	47	1	7	2	797	1380	104	26	64.065376	απαζήτης
5	1	47	1	7	3	914	1381	57	21	63.648277	Κων.
5	1	47	1	7	4	985	1381	23	21	77.796951	Τ.
5	1	47	1	7	5	1077	1380	41	22	80.998810	800
4	1	47	1	8	0	768	1415	351	23	-1	
5	1	47	1	8	1	768	1415	105	23	89.810585	Ματιάτου
5	1	47	1	8	2	892	1416	32	22	49.346119	Π.
5	1	47	1	8	3	1076	1416	43	21	56.780945	500
4	1	47	1	9	0	766	1450	352	28	-1	
5	1	47	1	9	1	766	1450	144	27	91.078766	Ῥουμελιώτης
5	1	47	1	9	2	928	1452	39	26	76.374054	Χρ.
5	1	47	1	9	3	982	1451	51	27	76.374237	Διμ.
5	1	47	1	9	4	1076	1451	42	22	88.022964	900
4	1	47	1	10	0	767	1486	351	28	-1	
5	1	47	1	10	1	767	1487	114	27	17.918236	Αρετώκης
5	1	47	1	10	2	900	1486	135	28	36.808052	Αλέξανδρος
5	1	47	1	10	3	1076	1487	42	21	89.953545	500
4	1	47	1	11	0	766	1522	353	27	-1	
5	1	47	1	11	1	766	1522	99	27	79.514076	Τριθάκος
5	1	47	1	11	2	878	1522	135	27	51.299709	᾿Αλέξανδρος
5	1	47	1	11	3	1076	1523	43	21	91.898178	900
4	1	47	1	12	0	766	1558	354	27	-1	
5	1	47	1	12	1	766	1558	129	26	68.777840	Ἐουτσούκης
5	1	47	1	12	2	907	1558	115	27	91.089859	Δημήτριος
5	1	47	1	12	3	1077	1559	43	21	80.410805	900:
4	1	47	1	13	0	770	1592	348	27	-1	
5	1	47	1	13	1	770	1592	107	27	60.904144	Τερδίκης
5	1	47	1	13	2	888	1592	102	27	39.046703	Γεώργιος
5	1	47	1	13	3	1055	1593	63	20	84.846130	9.500
4	1	47	1	14	0	768	1626	208	29	-1	
5	1	47	1	14	1	768	1627	34	27	82.046120	γιά
5	1	47	1	14	2	812	1627	21	22	90.961082	τό
5	1	47	1	14	3	842	1626	57	29	90.137245	δρόµο
5	1	47	1	14	4	910	1627	66	22	69.488731	2.000:
4	1	47	1	15	0	830	1662	148	28	-1	
5	1	47	1	15	1	830	1662	148	28	55.522003	(Συνεχίζεται)
4	1	47	1	16	0	825	1751	242	22	-1	
5	1	47	1	16	1	825	1751	242	22	36.379280	ΈΥΣΧΑΡΙΣΤΗΡΙΟΝ
2	1	48	0	0	0	767	1804	353	502	-1	
3	1	48	1	0	0	767	1804	353	502	-1	
4	1	48	1	1	0	767	1804	352	28	-1	
5	1	48	1	1	1	767	1806	35	20	43.223763	Τῷῶ
5	1	48	1	1	2	814	1805	161	26	68.320946	Σεβασμιωτάτω
5	1	48	1	1	3	991	1804	128	28	77.940796	Μητροπολί-
4	1	48	1	2	0	769	1840	349	28	-1	
5	1	48	1	2	1	769	1850	25	18	66.837555	τη
5	1	48	1	2	2	806	1840	107	28	80.889633	Μον)σίας
5	1	48	1	2	3	927	1840	35	22	0.000000	καί
5	1	48	1	2	4	977	1840	96	28	43.564606	Σπάρτης
5	1	48	1	2	5	1087	1841	31	21	56.561314	Κυ
4	1	48	1	3	0	770	1876	231	28	-1	
5	1	48	1	3	1	770	1876	35	28	91.647736	ρίω
5	1	48	1	3	2	814	1876	68	28	0.944611	ἹΚυρίω
5	1	48	1	3	3	891	1876	110	23	2.677544	Ἡὐσταθίω.
4	1	48	1	4	0	801	1923	319	28	-1	
5	1	48	1	4	1	801	1923	197	28	24.820976	Ἱροκαθηγουμένου
5	1	48	1	4	2	1012	1925	38	20	92.912346	τῶν
5	1	48	1	4	3	1070	1924	50	21	79.352905	αἶδε-
4	1	48	1	5	0	768	1959	351	28	-1	
5	1	48	1	5	1	768	1959	116	27	41.189827	σιμωτάτων
5	1	48	1	5	2	897	1959	129	28	77.340050	Καστορείου,
5	1	48	1	5	3	1041	1960	78	27	57.585888	Γεωργι
4	1	48	1	6	0	769	1994	350	28	-1	
5	1	48	1	6	1	769	1995	52	22	92.814362	τσίου
5	1	48	1	6	2	830	1995	34	22	87.327179	καί
5	1	48	1	6	3	875	1994	134	28	3.117332	Περιδολίων,
5	1	48	1	6	4	1023	1995	34	26	93.231850	τήν
5	1	48	1	6	5	1068	1995	51	26	77.524826	9θήν
4	1	48	1	7	0	768	2030	351	28	-1	
5	1	48	1	7	1	768	2030	134	28	17.712708	Σεπτεμιθρίου
5	1	48	1	7	2	918	2030	62	28	22.383430	1980,
5	1	48	1	7	3	991	2031	21	22	22.383430	ἐν
5	1	48	1	7	4	1043	2031	76	21	47.695053	ἆαστο-
4	1	48	1	8	0	770	2065	350	29	-1	
5	1	48	1	8	1	770	2066	53	28	76.425705	ρείω,
5	1	48	1	8	2	838	2066	62	28	92.276779	ἡμέρα
5	1	48	1	8	3	915	2066	106	27	84.787514	θαρυτάτου
5	1	48	1	8	4	1035	2065	85	25	73.875465	πένθους
4	1	48	1	9	0	768	2101	350	28	-1	
5	1	48	1	9	1	768	2111	41	18	75.719772	µου,
5	1	48	1	9	2	824	2101	30	22	96.574890	ἐπί
5	1	48	1	9	3	870	2103	26	20	53.772980	τῷ
5	1	48	1	9	4	913	2102	93	26	60.602142	ἀδοκήτω
5	1	48	1	9	5	1036	2101	82	21	0.000000	«δανάτω
4	1	48	1	10	0	770	2137	348	27	-1	
5	1	48	1	10	1	770	2139	36	25	74.644470	τῆς
5	1	48	1	10	2	842	2138	114	26	42.250500	ἀειμνήστου
5	1	48	1	10	3	972	2137	85	27	82.478226	Μητρός
5	1	48	1	10	4	1076	2145	42	18	92.225449	µου,
4	1	48	1	11	0	768	2173	351	22	-1	
5	1	48	1	11	1	768	2173	234	22	76.971176	ΚΩΝΣΤΑΝΠΝΑΣ
5	1	48	1	11	2	1022	2173	17	20	49.127525	ΔΑ
5	1	48	1	11	3	1051	2173	68	21	55.909927	ΒΑΊ:
4	1	48	1	12	0	769	2207	350	29	-1	
5	1	48	1	12	1	769	2209	86	27	90.287277	ΔΑΚΗ,
5	1	48	1	12	2	870	2208	22	22	88.027306	τό
5	1	48	1	12	3	909	2208	58	27	60.949966	γένος
5	1	48	1	12	4	993	2207	126	28	81.562149	Σπυρίδωνος
4	1	48	1	13	0	768	2243	352	28	-1	
5	1	48	1	13	1	768	2243	87	28	23.129059	Πσίχλη,
5	1	48	1	13	2	868	2243	117	28	84.844429	ἐπιτρέψατέ
5	1	48	1	13	3	997	2252	32	18	58.117825	μοι
5	1	48	1	13	4	1042	2243	23	22	93.269226	νά
5	1	48	1	13	5	1078	2244	42	20	92.695564	ὑπο-
4	1	48	1	14	0	771	2278	349	28	-1	
5	1	48	1	14	1	771	2280	69	21	76.423119	θάλλω
5	1	48	1	14	2	858	2279	36	25	93.282066	τάς
5	1	48	1	14	3	911	2280	116	26	25.438721	εἰλικρυρεῖς
5	1	48	1	14	4	1047	2279	24	21	74.816254	ἐν
5	1	48	1	14	5	1088	2278	32	22	58.784065	θά-
2	1	49	0	0	0	757	75	4	2107	-1	
3	1	49	1	0	0	757	75	4	2107	-1	
4	1	49	1	1	0	757	75	4	2107	-1	
5	1	49	1	1	1	757	75	4	2107	95.000000	 
2	1	50	0	0	0	768	2314	352	323	-1	
3	1	50	1	0	0	768	2314	352	206	-1	
4	1	50	1	1	0	769	2314	350	28	-1	
5	1	50	1	1	1	769	2316	49	24	56.577717	Άους
5	1	50	1	1	2	835	2314	86	28	69.804619	καρδίας
5	1	50	1	1	3	935	2314	128	28	93.171829	εὐχαριστίας
5	1	50	1	1	4	1079	2322	40	19	93.342682	µου,
4	1	50	1	2	0	770	2350	348	29	-1	
5	1	50	1	2	1	770	2350	104	29	50.272621	εὐχάμενος
5	1	50	1	2	2	887	2351	23	21	93.293686	ἐν
5	1	50	1	2	3	928	2352	27	21	87.752235	τῶ
5	1	50	1	2	4	969	2350	97	27	92.872704	προσώπω
5	1	50	1	2	5	1080	2352	38	24	95.540413	τῆς
4	1	50	1	3	0	770	2385	350	29	-1	
5	1	50	1	3	1	770	2386	112	28	88.162033	Ὑμετέρας
5	1	50	1	3	2	899	2386	175	27	48.556389	Σεθασµιότητος,,
5	1	50	1	3	3	1090	2385	30	22	75.448982	εὓ-
4	1	50	1	4	0	769	2421	351	28	-1	
5	1	50	1	4	1	769	2431	25	18	88.740448	ρη
5	1	50	1	4	2	810	2421	113	26	57.905602	Εικλησία
5	1	50	1	4	3	939	2422	65	25	53.634399	ἀληθή
5	1	50	1	4	4	1037	2421	83	25	65.843872	ποιμένα
4	1	50	1	5	0	768	2455	351	29	-1	
5	1	50	1	5	1	768	2456	80	28	92.865814	Κυρίου,
5	1	50	1	5	2	860	2456	30	22	83.185875	ἐπ᾽
5	1	50	1	5	3	906	2457	72	26	90.718048	ἀγαδῶ
5	1	50	1	5	4	991	2455	128	28	68.473221	Χριστεπωνύ
4	1	50	1	6	0	770	2491	187	29	-1	
5	1	50	1	6	1	770	2500	34	20	72.247345	μου
5	1	50	1	6	2	816	2491	141	28	58.640762	πληρώματος.
3	1	50	2	0	0	768	2526	351	28	-1	
4	1	50	2	1	0	768	2526	351	28	-1	
5	1	50	2	1	1	768	2527	180	27	58.109898	Κατασπαζόμενος
5	1	50	2	1	2	960	2527	33	26	93.569084	τήν
5	1	50	2	1	3	1004	2526	60	26	96.479721	δεξιά
5	1	50	2	1	4	1075	2534	44	17	96.662827	σας.
3	1	50	3	0	0	811	2568	273	27	-1	
4	1	50	3	1	0	811	2568	273	27	-1	
5	1	50	3	1	1	811	2569	96	26	87.256645	Ἰωάννης
5	1	50	3	1	2	914	2569	53	26	64.535751	Δημ.
5	1	50	3	1	3	978	2568	106	26	0.000000	Βαϊδάκης
3	1	50	4	0	0	770	2608	349	29	-1	
4	1	50	4	1	0	770	2608	349	29	-1	
5	1	50	4	1	1	770	2610	102	27	89.732063	Μαθητής
5	1	50	4	1	2	888	2609	86	23	90.914917	Λυκείου
5	1	50	4	1	3	990	2608	129	29	29.486404	Ἱαστορείου.
2	1	51	0	0	0	825	2698	246	22	-1	
3	1	51	1	0	0	825	2698	246	22	-1	
4	1	51	1	1	0	825	2698	246	22	-1	
5	1	51	1	1	1	825	2699	60	21	0.000000	ΝΙΕΑ.
5	1	51	1	1	2	900	2698	171	22	30.885254	ΕΦΗΜΕΡΙΔΑ.
2	1	52	0	0	0	768	2751	353	313	-1	
3	1	52	1	0	0	768	2751	353	313	-1	
4	1	52	1	1	0	798	2751	321	28	-1	
5	1	52	1	1	1	798	2752	33	21	89.701309	Μέ
5	1	52	1	1	2	846	2752	82	27	81.061661	µεγάλη
5	1	52	1	1	3	939	2751	52	28	93.250267	χαρά
5	1	52	1	1	4	1003	2751	78	26	40.138069	λάδαμε
5	1	52	1	1	5	1096	2751	23	26	96.413025	τή
4	1	52	1	2	0	769	2787	350	27	-1	
5	1	52	1	2	1	769	2787	33	22	93.278282	νέα
5	1	52	1	2	2	817	2787	114	27	91.600128	ἐφημερίδα,
5	1	52	1	2	3	946	2787	39	22	88.037354	«Ἡ
5	1	52	1	2	4	999	2787	59	26	87.305122	Φωνή
5	1	52	1	2	5	1088	2788	31	20	87.305122	τοῦ
4	1	52	1	3	0	770	2822	350	28	-1	
5	1	52	1	3	1	770	2823	151	27	37.278210	Γεωργιπσίου».
5	1	52	1	3	2	937	2822	48	22	93.060577	εἶναι
5	1	52	1	3	3	1004	2823	11	25	88.914345	ἡ
5	1	52	1	3	4	1034	2822	86	27	93.625648	τέταρτη
4	1	52	1	4	0	768	2857	352	29	-1	
5	1	52	1	4	1	768	2859	53	21	53.890434	κατά
5	1	52	1	4	2	834	2858	64	28	14.065895	σειρών
5	1	52	1	4	3	909	2858	36	22	93.288727	πού
5	1	52	1	4	4	957	2857	98	22	92.467102	ἐκδίδεται
5	1	52	1	4	5	1069	2857	51	27	87.792252	µετά
4	1	52	1	5	0	770	2892	349	29	-1	
5	1	52	1	5	1	770	2895	34	26	43.716782	τή)
5	1	52	1	5	2	821	2894	96	27	90.872124	ἐμφάνιση
5	1	52	1	5	3	932	2895	36	25	81.659912	τῆς
5	1	52	1	5	4	1000	2892	119	28	81.659912	ἐφημερίδας
4	1	52	1	6	0	768	2928	351	28	-1	
5	1	52	1	6	1	768	2938	39	18	96.509262	µας
5	1	52	1	6	2	822	2929	21	22	89.863899	τὸ
5	1	52	1	6	3	872	2929	184	22	17.857857	«ἘωΡρμτΣσ»,
5	1	52	1	6	4	1088	2928	31	26	47.627457	Τή
4	1	52	1	7	0	770	2964	351	29	-1	
5	1	52	1	7	1	770	2965	67	28	86.567795	θγάζει
5	1	52	1	7	2	852	2965	46	27	93.174065	στήν
5	1	52	1	7	3	917	2965	87	27	35.545685	᾿Αθήνα,
5	1	52	1	7	4	1018	2966	9	21	92.870056	ὁ
5	1	52	1	7	5	1041	2974	19	12	93.236549	κ.
5	1	52	1	7	6	1074	2964	47	21	91.945343	Κά-
4	1	52	1	8	0	933	2999	188	23	-1	
5	1	52	1	8	1	933	3001	20	20	71.792419	Τ
5	1	52	1	8	2	960	2999	161	23	11.614410	απαθανασόπου-
4	1	52	1	9	0	768	3035	352	29	-1	
5	1	52	1	9	1	768	3038	44	23	84.176224	λος.
5	1	52	1	9	2	827	3037	40	21	63.691792	Γοῦ
5	1	52	1	9	3	879	3036	95	28	92.018028	εὐχόμεθα
5	1	52	1	9	4	989	3035	94	29	90.888878	ὀλόψυχα,
5	1	52	1	9	5	1095	3044	25	13	89.593338	κα
2	1	53	0	0	0	769	3001	131	27	-1	
3	1	53	1	0	0	769	3001	131	27	-1	
4	1	53	1	1	0	769	3001	131	27	-1	
5	1	53	1	1	1	769	3009	49	16	91.836258	στας
5	1	53	1	1	2	835	3001	65	27	8.718376	ὪΑνδο.
2	1	54	0	0	0	758	2325	4	775	-1	
3	1	54	1	0	0	758	2325	4	775	-1	
4	1	54	1	1	0	758	2325	4	775	-1	
5	1	54	1	1	1	758	2325	4	775	95.000000	 
2	1	55	0	0	0	770	3072	255	29	-1	
3	1	55	1	0	0	770	3072	255	29	-1	
4	1	55	1	1	0	770	3072	255	29	-1	
5	1	55	1	1	1	770	3073	26	27	91.825867	λή
5	1	55	1	1	2	807	3072	90	29	92.869400	ἐπιτυχία
5	1	55	1	1	3	907	3072	33	22	59.999344	καί
5	1	55	1	1	4	949	3072	76	28	90.961182	πρόοδο,
2	1	56	0	0	0	1127	43	611	31	-1	
3	1	56	1	0	0	1127	43	611	31	-1	
4	1	56	1	1	0	1127	43	611	31	-1	
5	1	56	1	1	1	1127	44	4	30	52.523392	[
5	1	56	1	1	2	1251	43	56	21	92.341560	ΕΔΩ
5	1	56	1	1	3	1319	44	162	21	84.250061	ΓΕΩΡΓΙΤΣΙΙ
5	1	56	1	1	4	1508	44	56	21	89.970383	ΕΔΩ
5	1	56	1	1	5	1576	43	162	22	48.512123	ΓΕΩΡΓΙΤΕΣΙ!
2	1	57	0	0	0	1495	184	267	41	-1	
3	1	57	1	0	0	1495	184	267	41	-1	
4	1	57	1	1	0	1495	184	267	41	-1	
5	1	57	1	1	1	1495	184	267	41	95.982368	ΔΙΑΦΟΡΑ
2	1	58	0	0	0	1146	84	262	258	-1	
3	1	58	1	0	0	1146	84	262	258	-1	
4	1	58	1	1	0	1146	84	262	258	-1	
5	1	58	1	1	1	1146	84	262	258	95.000000	 
2	1	59	0	0	0	1142	359	703	136	-1	
3	1	59	1	0	0	1142	359	703	136	-1	
4	1	59	1	1	0	1170	359	674	30	-1	
5	1	59	1	1	1	1170	361	118	27	71.401825	Καθόμαστε
5	1	59	1	1	2	1299	362	35	26	84.334564	µιά
5	1	59	1	1	3	1348	361	63	28	90.861511	παρέα
5	1	59	1	1	4	1423	361	33	22	84.697601	στὀ
5	1	59	1	1	5	1472	364	91	24	50.727730	χαφενεῖο
5	1	59	1	1	6	1575	361	43	21	65.347351	στόν
5	1	59	1	1	7	1635	360	160	27	16.693558	"Αγιοθανάση,
5	1	59	1	1	8	1810	359	34	22	50.938145	κά-
4	1	59	1	2	0	1142	395	702	30	-1	
5	1	59	1	2	1	1142	406	32	13	94.771675	του
5	1	59	1	2	2	1188	397	37	21	96.449242	ἀπό
5	1	59	1	2	3	1242	397	30	21	95.604324	τόν
5	1	59	1	2	4	1287	397	95	28	96.523270	πλάτανο,
5	1	59	1	2	5	1397	397	32	21	92.656563	καὶ
5	1	59	1	2	6	1444	396	181	28	82.162292	καλαμπουρίζαµε.
5	1	59	1	2	7	1640	395	101	28	91.117027	Διαλεχτό
5	1	59	1	2	8	1754	395	90	27	95.949585	πρόσωπο
4	1	59	1	3	0	1142	431	702	29	-1	
5	1	59	1	3	1	1142	434	36	25	95.569122	τῆς
5	1	59	1	3	2	1195	432	75	28	96.153000	παρέας
5	1	59	1	3	3	1284	441	39	18	93.284012	µας
5	1	59	1	3	4	1341	434	8	21	63.844601	ὃ
5	1	59	1	3	5	1368	432	115	27	85.994576	ἀείμνηστος
5	1	59	1	3	6	1510	432	83	27	66.215637	γιατρός
5	1	59	1	3	7	1606	432	88	26	88.340202	Κωστῆς
5	1	59	1	3	8	1712	431	132	26	61.933601	Γικουζούλης.
4	1	59	1	4	0	1142	466	703	29	-1	
5	1	59	1	4	1	1142	469	78	21	57.192135	"Ἠτανε
5	1	59	1	4	2	1232	468	94	27	89.720421	διαλεχτό
5	1	59	1	4	3	1336	468	90	27	96.861214	πρόσωπο
5	1	59	1	4	4	1438	468	34	27	93.210449	γιά
5	1	59	1	4	5	1484	469	16	21	7.490875	τ᾽
5	1	59	1	4	6	1513	468	68	21	92.683167	ἀστεῖα
5	1	59	1	4	7	1593	476	31	13	96.224464	του
5	1	59	1	4	8	1636	467	33	22	74.504395	καί
5	1	59	1	4	9	1685	466	21	23	93.185661	τό
5	1	59	1	4	10	1717	469	78	25	87.304779	χιοῦμορ
5	1	59	1	4	11	1806	474	39	14	96.889557	του.
2	1	60	0	0	0	1345	505	39	24	-1	
3	1	60	1	0	0	1345	505	39	24	-1	
4	1	60	1	1	0	1345	505	39	24	-1	
5	1	60	1	1	1	1345	505	39	24	95.000000	 
2	1	61	0	0	0	1171	502	674	29	-1	
3	1	61	1	0	0	1171	502	674	29	-1	
4	1	61	1	1	0	1171	502	674	29	-1	
5	1	61	1	1	1	1171	504	27	21	57.223503	δέ
5	1	61	1	1	2	1209	504	35	26	47.000771	μιά
5	1	61	1	1	3	1257	504	71	27	85.765671	στιγµή
5	1	61	1	1	4	1386	503	93	28	86.347786	ροθάλλει
5	1	61	1	1	5	1497	503	35	21	94.363457	ἀπό
5	1	61	1	1	6	1545	503	23	22	95.988419	τά
5	1	61	1	1	7	1580	503	74	21	36.566780	σκαλιά
5	1	61	1	1	8	1670	504	36	24	93.300537	τῆς
5	1	61	1	1	9	1719	502	89	24	92.135040	πλατέας
5	1	61	1	1	10	1836	502	9	21	92.424713	ὁ
2	1	62	0	0	0	1358	549	4	4	-1	
3	1	62	1	0	0	1358	549	4	4	-1	
4	1	62	1	1	0	1358	549	4	4	-1	
5	1	62	1	1	1	1358	549	4	4	95.000000	 
2	1	63	0	0	0	1362	537	483	63	-1	
3	1	63	1	0	0	1446	537	370	9	-1	
4	1	63	1	1	0	1446	537	370	9	-1	
5	1	63	1	1	1	1446	539	59	6	27.767578	αν)
5	1	63	1	1	2	1566	539	4	7	0.000000	κ
5	1	63	1	1	3	1630	538	4	7	0.000000	μ
5	1	63	1	1	4	1711	537	4	7	10.479538	η
5	1	63	1	1	5	1783	538	33	8	10.945297	ο.
3	1	63	2	0	0	1362	537	483	49	-1	
4	1	63	2	1	0	1362	537	483	29	-1	
5	1	63	2	1	1	1362	548	17	13	92.793945	τό
5	1	63	2	1	2	1390	547	82	19	12.666534	κομµέ)ο
5	1	63	2	1	3	1484	547	42	19	96.346611	χέρι
5	1	63	2	1	4	1538	548	34	13	92.693710	πού
5	1	63	2	1	5	1583	540	101	20	82.346436	καθύτανε
5	1	63	2	1	6	1696	546	43	14	95.876640	τότε
5	1	63	2	1	7	1754	546	46	17	91.619690	στήν
5	1	63	2	1	8	1819	537	26	21	36.715618	᾿Α-
4	1	63	2	2	0	1515	572	300	14	-1	
5	1	63	2	2	1	1515	574	21	12	0.000000	ν.
5	1	63	2	2	2	1604	574	17	12	14.780319	να
5	1	63	2	2	3	1703	573	4	7	26.349152	ῃ
5	1	63	2	2	4	1767	572	48	13	0.000000	ο...
3	1	63	3	0	0	1478	575	366	25	-1	
4	1	63	3	1	0	1478	575	366	25	-1	
5	1	63	3	1	1	1478	583	60	13	55.779053	χοντά
5	1	63	3	1	2	1552	582	38	18	93.217033	µας
5	1	63	3	1	3	1602	575	74	25	53.045635	ἔέγαῖιε
5	1	63	3	1	4	1688	582	21	13	68.364609	τὸ
5	1	63	3	1	5	1720	575	73	25	71.648529	ψαθάκι
5	1	63	3	1	6	1810	581	34	19	96.166557	του,
2	1	64	0	0	0	1318	535	34	35	-1	
3	1	64	1	0	0	1318	535	34	35	-1	
4	1	64	1	1	0	1318	535	34	35	-1	
5	1	64	1	1	1	1318	535	34	35	95.000000	 
2	1	65	0	0	0	1141	539	306	63	-1	
3	1	65	1	0	0	1141	539	306	63	-1	
4	1	65	1	1	0	1142	539	170	28	-1	
5	1	65	1	1	1	1142	539	114	28	96.157463	πατριώτης
5	1	65	1	1	2	1272	547	40	19	96.031616	µας
4	1	65	1	2	0	1141	574	306	28	-1	
5	1	65	1	2	1	1141	577	76	25	90.964363	λευροῦ.
5	1	65	1	2	2	1229	575	69	24	92.203659	Μόλις
5	1	65	1	2	3	1312	575	84	27	52.031956	πέρναγε
5	1	65	1	2	4	1412	574	35	22	96.178871	ἀπό
2	1	66	0	0	0	1130	608	715	202	-1	
3	1	66	1	0	0	1130	608	715	202	-1	
4	1	66	1	1	0	1142	608	702	30	-1	
5	1	66	1	1	1	1142	610	62	26	60.944935	ὄχαμε
5	1	66	1	1	2	1220	610	43	27	54.324398	μιάν
5	1	66	1	1	3	1280	610	92	28	91.707008	ἐδαφιαία
5	1	66	1	1	4	1387	610	102	27	82.670235	ὑπόκλιση,
5	1	66	1	1	5	1538	618	19	13	92.143181	εἶπε:
5	1	66	1	1	6	1573	609	105	27	55.070793	καλημέρα
5	1	66	1	1	7	1694	617	43	19	94.436005	σας,
5	1	66	1	1	8	1753	608	33	22	25.365440	καί
5	1	66	1	1	9	1801	616	43	19	86.448219	προ-
4	1	66	1	2	0	1142	645	514	28	-1	
5	1	66	1	2	1	1142	646	85	27	89.837143	χώρησε.
5	1	66	1	2	2	1244	646	52	21	93.300255	Τότε
5	1	66	1	2	3	1314	645	78	27	91.602661	ἀμέσως
5	1	66	1	2	4	1409	646	10	21	93.138794	ὁ
5	1	66	1	2	5	1434	645	83	27	38.928421	γιατρὺὸς
5	1	66	1	2	6	1534	647	38	24	80.432915	μᾶς
5	1	66	1	2	7	1589	645	67	27	86.553162	λέγει:
4	1	66	1	3	0	1130	679	714	38	-1	
5	1	66	1	3	1	1130	689	39	28	31.117722	εί
5	1	66	1	3	2	1179	682	73	20	11.474518	Ἐίδατε
5	1	66	1	3	3	1263	681	106	26	47.972187	ὑπάχλιση;
5	1	66	1	3	4	1381	681	35	25	92.143166	Μή
5	1	66	1	3	5	1428	680	87	26	70.989609	νοµίσετε
5	1	66	1	3	6	1526	680	43	24	32.866859	πώς
5	1	66	1	3	7	1579	680	54	26	91.182266	ἔγινε
5	1	66	1	3	8	1644	680	35	26	83.464798	γιά
5	1	66	1	3	9	1688	682	44	21	89.049911	σᾶς.
5	1	66	1	3	10	1745	679	39	21	71.082718	Γιά
5	1	66	1	3	11	1797	679	47	26	88.894241	µένα
4	1	66	1	4	0	1141	712	701	28	-1	
5	1	66	1	4	1	1141	715	76	25	34.023216	μοναχά
5	1	66	1	4	2	1229	714	76	26	53.078941	γίνηκε,
5	1	66	1	4	3	1317	714	41	20	21.006546	Καὶ
5	1	66	1	4	4	1373	714	48	25	90.332047	ἦταν
5	1	66	1	4	5	1438	714	33	20	65.287888	σά,
5	1	66	1	4	6	1488	714	23	20	93.297836	νά
5	1	66	1	4	7	1528	714	94	24	37.372879	μοὔλεηγε:
5	1	66	1	4	8	1635	713	38	20	0.000000	ιά
5	1	66	1	4	9	1685	712	58	21	10.459030	ποίτα
5	1	66	1	4	10	1766	712	76	26	54.543896	Ὑιαπρέ.
4	1	66	1	5	0	1141	746	670	18	-1	
5	1	66	1	5	1	1141	748	26	16	28.914551	ση
5	1	66	1	5	2	1194	748	26	8	19.034760	μην
5	1	66	1	5	3	1315	747	91	7	27.226059	ων
5	1	66	1	5	4	1470	747	4	6	0.000000	,
5	1	66	1	5	5	1558	747	4	7	0.000000	᾽
5	1	66	1	5	6	1659	746	41	7	41.290493	αν,
5	1	66	1	5	7	1766	746	4	7	0.000000	κ
5	1	66	1	5	8	1810	752	1	8	0.000000	ξρὴ
4	1	66	1	6	0	1141	749	704	25	-1	
5	1	66	1	6	1	1141	757	28	11	50.891132	Σύ
5	1	66	1	6	2	1180	757	12	17	40.683067	μ’
5	1	66	1	6	3	1210	750	73	24	91.994080	ἔμαθες
5	1	66	1	6	4	1295	756	42	16	78.689133	πώς
5	1	66	1	6	5	1348	756	25	13	91.772346	νά
5	1	66	1	6	6	1384	749	54	25	92.108871	θάφω
5	1	66	1	6	7	1452	756	23	13	96.299042	τά
5	1	66	1	6	8	1485	749	78	24	19.393272	μαλλιά
5	1	66	1	6	9	1575	755	41	19	95.073914	µου,
5	1	66	1	6	10	1631	755	32	13	80.855621	καὶ
5	1	66	1	6	11	1679	755	53	18	86.754166	τώρα
5	1	66	1	6	12	1748	755	24	13	91.527275	τὰ
5	1	66	1	6	13	1784	754	61	13	0.000000	χάτα-
4	1	66	1	7	0	1142	782	514	28	-1	
5	1	66	1	7	1	1142	783	63	27	96.476143	φέρνω
5	1	66	1	7	2	1222	782	111	28	93.222267	καλλίτερα
5	1	66	1	7	3	1349	782	37	22	36.619713	υέα
5	1	66	1	7	4	1402	782	35	22	96.246147	ἀπὸ
5	1	66	1	7	5	1453	782	53	22	93.295143	σένα.
5	1	66	1	7	6	1524	783	75	25	28.449982	Ζήλεια
5	1	66	1	7	7	1615	783	41	20	86.692963	σου!
2	1	67	0	0	0	1501	615	60	20	-1	
3	1	67	1	0	0	1501	615	60	20	-1	
4	1	67	1	1	0	1501	615	60	20	-1	
5	1	67	1	1	1	1501	615	60	20	95.000000	 
2	1	68	0	0	0	1630	654	37	12	-1	
3	1	68	1	0	0	1630	654	37	12	-1	
4	1	68	1	1	0	1630	654	37	12	-1	
5	1	68	1	1	1	1630	654	37	12	95.000000	 
2	1	69	0	0	0	1607	689	17	7	-1	
3	1	69	1	0	0	1607	689	17	7	-1	
4	1	69	1	1	0	1607	689	17	7	-1	
5	1	69	1	1	1	1607	689	17	7	95.000000	 
2	1	70	0	0	0	1587	722	37	17	-1	
3	1	70	1	0	0	1587	722	37	17	-1	
4	1	70	1	1	0	1587	722	37	17	-1	
5	1	70	1	1	1	1587	722	37	17	95.000000	 
2	1	71	0	0	0	1170	816	674	29	-1	
3	1	71	1	0	0	1170	816	674	29	-1	
4	1	71	1	1	0	1170	816	673	12	-1	
5	1	71	1	1	1	1170	819	3	9	0.000000	Π
5	1	71	1	1	2	1272	818	4	7	57.851597	͵
5	1	71	1	1	3	1399	818	52	7	11.831894	σσ
5	1	71	1	1	4	1487	817	4	8	40.599945	4
5	1	71	1	1	5	1635	818	4	7	55.773430	͵
5	1	71	1	1	6	1718	817	36	7	11.431671	κ
5	1	71	1	1	7	1839	816	4	7	75.739120	͵
4	1	71	1	2	0	1259	828	572	12	-1	
5	1	71	1	2	1	1259	835	3	4	39.636452	υ
5	1	71	1	2	2	1334	828	82	12	2.781456	ώρας)
5	1	71	1	2	3	1430	828	9	12	82.551445	τ
5	1	71	1	2	4	1506	828	38	11	4.886566	΄αμε
5	1	71	1	2	5	1587	832	17	7	90.601242	τε
5	1	71	1	2	6	1622	832	4	7	85.394318	τ
5	1	71	1	2	7	1674	831	1	3	0.000000	«
5	1	71	1	2	8	1705	834	3	4	0.000000	"
5	1	71	1	2	9	1790	834	3	3	0.000000	υ
5	1	71	1	2	10	1826	828	5	9	0.000000	Δ
4	1	71	1	3	0	1176	819	668	26	-1	
5	1	71	1	3	1	1176	819	20	20	91.979568	Ἡ
5	1	71	1	3	2	1208	827	69	18	82.796494	γιαγιά
5	1	71	1	3	3	1303	827	19	13	93.262474	µου
5	1	71	1	3	4	1343	827	61	18	33.500542	-«κυρώ)
5	1	71	1	3	5	1442	827	11	17	96.416603	τή
5	1	71	1	3	6	1469	820	51	25	95.786919	λέγαμε
5	1	71	1	3	7	1560	826	43	13	88.680878	τότε
5	1	71	1	3	8	1618	827	23	17	93.248215	τή
5	1	71	1	3	9	1669	826	63	18	47.903755	γιαγιά-
5	1	71	1	3	10	1746	826	11	17	78.375320	Ἡ
5	1	71	1	3	11	1774	825	70	13	28.557556	γιαγιά
2	1	72	0	0	0	1480	861	23	13	-1	
3	1	72	1	0	0	1480	861	23	13	-1	
4	1	72	1	1	0	1480	861	23	13	-1	
5	1	72	1	1	1	1480	861	23	13	95.000000	 
2	1	73	0	0	0	1140	852	703	171	-1	
3	1	73	1	0	0	1140	852	703	171	-1	
4	1	73	1	1	0	1154	852	682	23	-1	
5	1	73	1	1	1	1154	862	19	13	96.064018	ου,
5	1	73	1	1	2	1195	854	93	21	90.963547	λοιπόν,
5	1	73	1	1	3	1282	848	13	37	88.862564	ἡ
5	1	73	1	1	4	1314	855	83	20	55.852196	Φλωροῦ,
5	1	73	1	1	5	1423	853	39	14	54.743137	ἥτανε
5	1	73	1	1	6	1489	848	31	37	0.000000	Ὅά
5	1	73	1	1	7	1533	852	122	18	86.370628	τετραπέρατη
5	1	73	1	1	8	1705	852	58	21	25.609734	γυναίκα,
5	1	73	1	1	9	1796	852	40	21	64.955841	τίμια
4	1	73	1	2	0	1140	861	703	20	-1	
5	1	73	1	2	1	1140	863	40	18	79.314484	µου,
5	1	73	1	2	2	1203	862	48	13	93.275627	λοιπόν,
5	1	73	1	2	3	1283	863	9	17	88.591927	ἡ
5	1	73	1	2	4	1332	862	73	19	38.880005	Φλωροῦ,
5	1	73	1	2	5	1420	861	60	19	51.487309	ἤτανε
5	1	73	1	2	6	1503	862	18	12	13.807724	"ιά
5	1	73	1	2	7	1537	861	134	20	83.366852	τετραπέρατη
5	1	73	1	2	8	1680	861	71	18	51.104126	γυναύκα,
5	1	73	1	2	9	1767	861	76	18	19.009697	τίμια,
4	1	73	1	3	0	1140	888	702	29	-1	
5	1	73	1	3	1	1140	890	67	26	31.440002	ἠθηκή,
5	1	73	1	3	2	1221	889	110	28	29.570160	νοικοχυρά,
5	1	73	1	3	3	1346	889	81	27	59.344543	ὄξυπνη,
5	1	73	1	3	4	1442	890	26	20	76.119370	κι’
5	1	73	1	3	5	1487	888	125	28	88.286781	ἀγράμματη.
5	1	73	1	3	6	1626	889	81	27	62.049404	Χήρεψε
5	1	73	1	3	7	1726	888	35	21	93.287155	ἀπό
5	1	73	1	3	8	1775	888	67	27	0.000000	µινρή,
4	1	73	1	4	0	1395	933	93	33	-1	
5	1	73	1	4	1	1395	933	12	18	0.000000	τ
5	1	73	1	4	2	1483	955	5	11	23.727142	4
4	1	73	1	5	0	1140	960	355	28	-1	
5	1	73	1	5	1	1140	961	27	21	35.169594	κὶ᾿
5	1	73	1	5	2	1180	960	86	28	90.976128	ὀλόψυχα
5	1	73	1	5	3	1274	960	37	22	96.773140	στά
5	1	73	1	5	4	1321	960	43	27	94.416405	τρία
5	1	73	1	5	5	1376	968	36	18	93.268860	της
5	1	73	1	5	6	1419	961	76	20	4.726295	πὰιδιά.
4	1	73	1	6	0	1171	994	555	29	-1	
5	1	73	1	6	1	1171	995	80	23	88.106216	Κάποτε
5	1	73	1	6	2	1263	996	33	27	96.934181	γιά
5	1	73	1	6	3	1307	996	23	21	93.187973	νά
5	1	73	1	6	4	1339	995	84	27	73.140312	ζυγιάσω
5	1	73	1	6	5	1434	996	33	26	30.998756	τή;
5	1	73	1	6	6	1477	995	96	25	91.619698	ἐξυπνάδα
5	1	73	1	6	7	1583	1003	36	18	96.818924	της
5	1	73	1	6	8	1629	996	36	25	96.640762	τῆς
5	1	73	1	6	9	1674	994	52	22	96.229004	λέω:
2	1	74	0	0	0	1141	923	702	28	-1	
3	1	74	1	0	0	1141	923	702	28	-1	
4	1	74	1	1	0	1141	923	702	26	-1	
5	1	74	1	1	1	1141	925	32	21	34.360054	καί
5	1	74	1	1	2	1191	925	30	21	83.009842	δέν
5	1	74	1	1	3	1240	924	127	22	35.096695	Ἑαναπαντρέ.
5	1	74	1	1	4	1456	925	53	21	93.301537	ἀλλά
5	1	74	1	1	5	1527	924	127	21	25.052521	ἀφοσιώθηκε
5	1	74	1	1	6	1671	923	172	26	51.764088	παραδειγματικά
4	1	74	1	2	0	1248	933	515	18	-1	
5	1	74	1	2	1	1248	947	4	3	68.424713	5
5	1	74	1	2	2	1434	943	4	8	0.000000	.
5	1	74	1	2	3	1540	933	11	18	0.000000	Ἡ
5	1	74	1	2	4	1619	933	12	17	42.660515	η
5	1	74	1	2	5	1761	942	2	8	36.485466	ἤ
2	1	75	0	0	0	1383	931	47	15	-1	
3	1	75	1	0	0	1383	931	47	15	-1	
4	1	75	1	1	0	1383	931	47	15	-1	
5	1	75	1	1	1	1383	931	47	15	95.000000	  
2	1	76	0	0	0	1140	1029	703	208	-1	
3	1	76	1	0	0	1140	1029	703	208	-1	
4	1	76	1	1	0	1140	1029	702	30	-1	
5	1	76	1	1	1	1140	1045	29	2	21.599998	---
5	1	76	1	1	2	1177	1031	64	28	21.599998	Κυρά,
5	1	76	1	1	3	1251	1031	32	22	60.691666	νιά
5	1	76	1	1	4	1294	1031	50	22	93.282127	θολά
5	1	76	1	1	5	1354	1033	8	21	90.793144	ὁ
5	1	76	1	1	6	1372	1031	103	26	92.929405	παπούλης
5	1	76	1	1	7	1487	1039	35	18	93.262527	µου
5	1	76	1	1	8	1532	1031	62	21	86.646835	ἔδαλε
5	1	76	1	1	9	1604	1030	21	22	81.984863	τό
5	1	76	1	1	10	1635	1030	42	28	96.800041	χέρι
5	1	76	1	1	11	1689	1039	32	13	96.800041	του
5	1	76	1	1	12	1732	1029	33	22	93.275703	στό
5	1	76	1	1	13	1775	1029	67	28	84.264030	σιλάχι
4	1	76	1	2	0	1169	1065	674	17	-1	
5	1	76	1	2	1	1169	1067	4	7	21.940887	ο
5	1	76	1	2	2	1207	1067	4	7	0.000000	ο
5	1	76	1	2	3	1286	1066	5	8	28.767792	ορ
5	1	76	1	2	4	1395	1066	83	13	2.183411	ον
5	1	76	1	2	5	1542	1066	63	7	4.561081	εν
5	1	76	1	2	6	1671	1066	57	12	21.804642	ο
5	1	76	1	2	7	1779	1065	64	17	0.000000	τρ]
4	1	76	1	3	0	1140	1067	703	27	-1	
5	1	76	1	3	1	1140	1076	35	18	94.357758	γιά
5	1	76	1	3	2	1189	1076	24	13	88.621071	νά
5	1	76	1	3	3	1228	1076	31	13	92.861374	σοῦ
5	1	76	1	3	4	1272	1069	52	20	66.025459	δόκει
5	1	76	1	3	5	1337	1069	74	25	95.989655	λεφτά:
5	1	76	1	3	6	1425	1075	22	14	93.259514	τό
5	1	76	1	3	7	1458	1075	43	19	61.256325	χὲρι
5	1	76	1	3	8	1515	1075	33	13	93.272720	στό
5	1	76	1	3	9	1560	1067	79	27	82.977592	σιλάχι;
5	1	76	1	3	10	1651	1075	26	17	84.195679	µά
5	1	76	1	3	11	1689	1067	65	26	91.856476	λεφτὰ
5	1	76	1	3	12	1766	1073	77	15	74.414833	τίποτα!
4	1	76	1	4	0	1141	1101	575	29	-1	
5	1	76	1	4	1	1141	1104	12	20	29.567657	Π
5	1	76	1	4	2	1161	1103	22	27	29.567657	ήν
5	1	76	1	4	3	1195	1104	53	26	90.290115	ἄλλη
5	1	76	1	4	4	1257	1103	47	27	81.639221	µέρα
5	1	76	1	4	5	1314	1103	49	22	96.094620	πόσα
5	1	76	1	4	6	1372	1102	64	28	93.158272	λεφτά
5	1	76	1	4	7	1444	1102	29	22	0.000000	Δά
5	1	76	1	4	8	1485	1102	53	28	91.504478	εἶχες
5	1	76	1	4	9	1547	1102	46	26	94.511963	στήν
5	1	76	1	4	10	1604	1101	62	27	71.031860	τσέπη
5	1	76	1	4	11	1674	1109	42	20	71.528275	σου;
4	1	76	1	5	0	1140	1137	703	29	-1	
5	1	76	1	5	1	1140	1153	29	1	16.712578	ο
5	1	76	1	5	2	1180	1139	85	22	47.771881	ΓΓκονάνι
5	1	76	1	5	3	1277	1147	42	19	85.823502	µου,
5	1	76	1	5	4	1333	1138	91	28	47.796383	φχισμένο
5	1	76	1	5	5	1440	1147	41	19	92.906448	µου,
5	1	76	1	5	6	1497	1138	29	21	14.082977	δά
5	1	76	1	5	7	1539	1138	43	27	92.121330	εἶχα
5	1	76	1	5	8	1596	1137	46	23	92.612198	τόσα
5	1	76	1	5	9	1656	1137	34	22	72.226837	ὅσα
5	1	76	1	5	10	1706	1137	23	22	93.255188	θά
5	1	76	1	5	11	1745	1139	34	25	91.739220	μοῦ
5	1	76	1	5	12	1793	1137	50	22	92.885612	ἔδινε
4	1	76	1	6	0	1142	1174	196	28	-1	
5	1	76	1	6	1	1142	1175	34	26	76.768837	τήλ
5	1	76	1	6	2	1193	1174	57	28	94.720222	τρίτη
5	1	76	1	6	3	1267	1174	71	28	0.000000	μέρα!
4	1	76	1	7	0	1169	1209	674	25	-1	
5	1	76	1	7	1	1169	1211	58	21	22.625122	τσ.
5	1	76	1	7	2	1242	1210	66	23	49.312305	έμεινα
5	1	76	1	7	3	1326	1210	82	24	52.673820	ἄναυδος
5	1	76	1	7	4	1423	1210	36	21	35.912468	ἀπὸ
5	1	76	1	7	5	1473	1210	34	22	82.663467	τὴν
5	1	76	1	7	6	1521	1210	73	24	89.975655	ἔξυπνη
5	1	76	1	7	7	1608	1209	87	22	91.636063	ἀπάντηση
5	1	76	1	7	8	1728	1211	36	22	93.298103	τῆς
5	1	76	1	7	9	1781	1210	62	23	52.360641	χυρᾶς
4	1	76	1	8	0	1254	1219	496	18	-1	
5	1	76	1	8	1	1254	1231	2	6	18.756393	Ἱ
5	1	76	1	8	2	1485	1219	13	17	0.000000	ἳ
5	1	76	1	8	3	1590	1226	2	10	61.291115	η
5	1	76	1	8	4	1681	1226	2	9	30.416740	Ίση
5	1	76	1	8	5	1748	1225	2	10	69.170975	τῇ
2	1	77	0	0	0	1139	1245	566	28	-1	
3	1	77	1	0	0	1139	1245	566	28	-1	
4	1	77	1	1	0	1139	1245	566	28	-1	
5	1	77	1	1	1	1139	1254	36	18	82.697449	µου.
5	1	77	1	1	2	1192	1247	36	25	67.612259	τῆς
5	1	77	1	1	3	1245	1246	122	27	47.029724	Φλωροῦς!!!
5	1	77	1	1	4	1501	1245	204	21	76.117615	ΜΠΙΡΜΠΙΔΗΣ
2	1	78	0	0	0	1296	1317	397	42	-1	
3	1	78	1	0	0	1296	1317	397	42	-1	
4	1	78	1	1	0	1296	1317	397	42	-1	
5	1	78	1	1	1	1296	1317	397	42	87.975983	ΦΘΙΝΟΠΩΡΟ
2	1	79	0	0	0	1140	1386	507	99	-1	
3	1	79	1	0	0	1140	1386	507	99	-1	
4	1	79	1	1	0	1142	1386	505	28	-1	
5	1	79	1	1	1	1142	1386	149	28	14.082184	συννεφιάσαν
5	1	79	1	1	2	1302	1386	24	23	92.810234	τά
5	1	79	1	1	3	1336	1386	63	28	86.584961	δουνά,
5	1	79	1	1	4	1417	1386	102	22	67.998764	ἰσκιώσανε
5	1	79	1	1	5	1531	1386	24	22	96.710464	τά
5	1	79	1	1	6	1564	1386	83	27	88.919395	πλάγια,
4	1	79	1	2	0	1141	1421	448	28	-1	
5	1	79	1	2	1	1141	1422	22	22	93.278687	τό
5	1	79	1	2	2	1173	1422	122	27	82.159698	πρωτοδράχι
5	1	79	1	2	3	1306	1423	75	26	93.047058	ἄρχισε,
5	1	79	1	2	4	1392	1422	21	22	93.450256	τό
5	1	79	1	2	5	1422	1422	45	27	92.291710	κρύο
5	1	79	1	2	6	1477	1421	112	22	21.300140	χωτεθαίνει
4	1	79	1	3	0	1140	1457	488	28	-1	
5	1	79	1	3	1	1140	1458	33	21	74.878311	καὶ
5	1	79	1	3	2	1191	1459	12	25	88.218567	ἡ
5	1	79	1	3	3	1219	1458	78	26	45.144226	Φύμησή
5	1	79	1	3	4	1315	1466	33	18	92.103455	µου
5	1	79	1	3	5	1359	1457	71	28	92.295609	-ὄνειρο
5	1	79	1	3	6	1442	1457	94	27	54.748592	λουσµένο
5	1	79	1	3	7	1546	1458	47	21	61.644844	θεῖα
5	1	79	1	3	8	1603	1457	25	27	85.568863	µά
2	1	80	0	0	0	1631	1461	56	21	-1	
3	1	80	1	0	0	1631	1461	56	21	-1	
4	1	80	1	1	0	1631	1461	56	21	-1	
5	1	80	1	1	1	1631	1461	56	21	95.000000	 
2	1	81	0	0	0	1658	1493	48	21	-1	
3	1	81	1	0	0	1658	1493	48	21	-1	
4	1	81	1	1	0	1658	1493	48	21	-1	
5	1	81	1	1	1	1658	1493	48	21	95.000000	 
2	1	82	0	0	0	1140	1492	564	203	-1	
3	1	82	1	0	0	1140	1492	564	99	-1	
4	1	82	1	1	0	1142	1492	513	29	-1	
5	1	82	1	1	1	1142	1494	24	21	96.413666	τά
5	1	82	1	1	2	1176	1494	68	27	90.195602	χρόνια
5	1	82	1	1	3	1254	1502	33	18	94.175758	µου
5	1	82	1	1	4	1297	1493	23	22	96.721756	τά
5	1	82	1	1	5	1330	1493	81	22	48.611683	παιδικά
5	1	82	1	1	6	1421	1493	64	27	60.701733	γλυκά
5	1	82	1	1	7	1496	1492	32	22	74.677872	στό
5	1	82	1	1	8	1536	1495	32	19	32.913773	οὔ
5	1	82	1	1	9	1578	1501	33	18	93.231102	µου
5	1	82	1	1	10	1622	1492	33	28	89.029266	φέρ
4	1	82	1	2	0	1144	1528	560	29	-1	
5	1	82	1	2	1	1144	1529	62	28	85.792648	Πέρα
5	1	82	1	2	2	1217	1530	46	26	26.711388	στήν
5	1	82	1	2	3	1274	1529	52	28	85.997765	ἄκρη
5	1	82	1	2	4	1343	1531	31	19	93.299561	τοῦ
5	1	82	1	2	5	1384	1530	78	27	90.992470	χωριοῦ,
5	1	82	1	2	6	1474	1529	35	26	93.178200	στή
5	1	82	1	2	7	1522	1528	118	28	81.652359	χαμοκέλλα
5	1	82	1	2	8	1648	1528	56	28	91.108871	µέσα,
4	1	82	1	3	0	1140	1564	503	27	-1	
5	1	82	1	3	1	1140	1565	34	20	63.339783	στό
5	1	82	1	3	2	1184	1565	57	24	53.469742	τζώχι
5	1	82	1	3	3	1256	1573	40	17	96.693535	µας
5	1	82	1	3	4	1306	1565	21	21	92.506653	τό
5	1	82	1	3	5	1336	1564	88	27	49.931278	φτωχικό
5	1	82	1	3	6	1441	1564	84	27	93.293724	τριγύρω
5	1	82	1	3	7	1533	1564	110	25	49.849361	µαζωμένοι
3	1	82	2	0	0	1140	1596	563	99	-1	
4	1	82	2	1	0	1140	1596	563	28	-1	
5	1	82	2	1	1	1140	1599	27	20	47.195786	κι’
5	1	82	2	1	2	1178	1598	87	21	91.646484	ἀνάμεσά
5	1	82	2	1	3	1273	1606	40	18	30.628670	µας
5	1	82	2	1	4	1325	1598	11	26	63.114388	ἡ
5	1	82	2	1	5	1346	1598	69	26	93.838150	γιαγιά
5	1	82	2	1	6	1427	1597	45	22	47.765156	πότε
5	1	82	2	1	7	1482	1598	34	26	96.601387	γιά
5	1	82	2	1	8	1526	1597	20	22	83.350166	τὸ
5	1	82	2	1	9	1558	1598	67	25	90.326324	«ἔγεια
5	1	82	2	1	10	1642	1596	61	22	77.669739	λέσα»
4	1	82	2	2	0	1561	1632	109	27	-1	
5	1	82	2	2	1	1561	1642	8	12	70.788177	ε
5	1	82	2	2	2	1577	1632	93	27	23.871658	σχυµένη!
4	1	82	2	3	0	1560	1668	73	27	-1	
5	1	82	2	3	1	1560	1668	73	27	76.081314	εφάλια
2	1	83	0	0	0	1509	1633	49	27	-1	
3	1	83	1	0	0	1509	1633	49	27	-1	
4	1	83	1	1	0	1509	1633	49	27	-1	
5	1	83	1	1	1	1509	1633	49	27	95.000000	 
2	1	84	0	0	0	1261	1633	239	28	-1	
3	1	84	1	0	0	1261	1633	239	28	-1	
4	1	84	1	1	0	1274	1633	215	7	-1	
5	1	84	1	1	1	1274	1633	34	7	0.000000	.,
5	1	84	1	1	2	1373	1633	4	7	6.055679	ο
5	1	84	1	1	3	1481	1635	8	3	0.000000	.
4	1	84	1	2	0	1261	1635	239	26	-1	
5	1	84	1	2	1	1261	1642	19	13	69.504654	νά
5	1	84	1	2	2	1289	1642	31	13	94.958618	τόν
5	1	84	1	2	3	1330	1635	122	26	44.258659	«δράκοντα»
5	1	84	1	2	4	1461	1641	39	18	46.737919	μιᾶς
2	1	85	0	0	0	1140	1633	118	29	-1	
3	1	85	1	0	0	1140	1633	118	29	-1	
4	1	85	1	1	0	1140	1633	118	29	-1	
5	1	85	1	1	1	1140	1633	118	29	95.000000	 
2	1	86	0	0	0	1130	112	3	1573	-1	
3	1	86	1	0	0	1130	112	3	1573	-1	
4	1	86	1	1	0	1130	112	3	1573	-1	
5	1	86	1	1	1	1130	112	3	1573	95.000000	 
2	1	87	0	0	0	1496	1668	62	23	-1	
3	1	87	1	0	0	1496	1668	62	23	-1	
4	1	87	1	1	0	1496	1668	62	23	-1	
5	1	87	1	1	1	1496	1668	62	23	95.000000	 
2	1	88	0	0	0	1141	1669	613	456	-1	
3	1	88	1	0	0	1141	1669	468	64	-1	
4	1	88	1	1	0	1141	1669	352	28	-1	
5	1	88	1	1	1	1141	1669	31	22	92.426277	Τά
5	1	88	1	1	2	1185	1669	104	28	84.025093	κεραμίδια
5	1	88	1	1	3	1298	1669	89	27	17.335632	γέλαηαν
5	1	88	1	1	4	1398	1669	56	21	0.000000	ἁπάν'
5	1	88	1	1	5	1468	1670	25	20	75.226959	ἀπ'
4	1	88	1	2	0	1141	1704	468	29	-1	
5	1	88	1	2	1	1141	1706	26	21	38.407784	κι
5	1	88	1	2	2	1179	1705	74	28	54.801388	ἄφηλαν
5	1	88	1	2	3	1262	1705	46	22	93.242874	πότε
5	1	88	1	2	4	1318	1714	21	13	93.363472	τό
5	1	88	1	2	5	1347	1705	44	27	95.242523	νερό
5	1	88	1	2	6	1408	1704	32	22	67.945694	«καὶ
5	1	88	1	2	7	1449	1704	46	22	89.737503	πότε
5	1	88	1	2	8	1506	1704	30	23	93.303383	τόν
5	1	88	1	2	9	1547	1704	62	28	19.914825	ἀγάρα
3	1	88	2	0	0	1141	1739	613	101	-1	
4	1	88	2	1	0	1141	1739	613	29	-1	
5	1	88	2	1	1	1141	1741	22	22	95.155334	τό
5	1	88	2	1	2	1180	1742	30	20	31.161201	να
5	1	88	2	1	3	1226	1741	23	21	93.304352	νά
5	1	88	2	1	4	1259	1743	60	25	92.195709	θρέχη
5	1	88	2	1	5	1332	1741	24	26	96.626923	τή
5	1	88	2	1	6	1372	1741	62	27	87.952522	γωνιά
5	1	88	2	1	7	1444	1740	32	22	89.800217	καί
5	1	88	2	1	8	1490	1741	15	22	17.102341	τ
5	1	88	2	1	9	1517	1741	51	21	92.293900	ἄλλο
5	1	88	2	1	10	1579	1740	74	27	79.080551	ἀγόλια
5	1	88	2	1	11	1662	1753	7	3	93.069160	-
5	1	88	2	1	12	1679	1739	75	27	90.084480	ἀγάλια
4	1	88	2	2	0	1142	1775	577	29	-1	
5	1	88	2	2	1	1142	1777	21	21	93.199837	τό
5	1	88	2	2	2	1175	1779	41	25	92.468513	φῶς
5	1	88	2	2	3	1227	1779	31	20	93.257378	τοῦ
5	1	88	2	2	4	1268	1776	166	28	84.700180	φτωχολύχναρου
5	1	88	2	2	5	1449	1776	23	21	91.067451	νά
5	1	88	2	2	6	1481	1776	93	27	85.085037	σπρώχνη
5	1	88	2	2	7	1584	1777	60	20	54.762764	᾿δῶ9ε
5	1	88	2	2	8	1661	1775	58	27	73.611015	πέρα
4	1	88	2	3	0	1142	1811	552	29	-1	
5	1	88	2	3	1	1142	1813	27	21	65.842384	Ἡ
5	1	88	2	3	2	1180	1812	160	28	51.838158	στριγλοπούλα
5	1	88	2	3	3	1349	1812	79	25	48.456387	ἔσικουζε
5	1	88	2	3	4	1440	1812	68	27	2.752495	Χάπου,
5	1	88	2	3	5	1519	1811	35	27	91.362053	µές
5	1	88	2	3	6	1564	1812	34	22	94.089684	στό
5	1	88	2	3	7	1606	1811	88	28	94.765274	σκοτάδι,
3	1	88	3	0	0	1143	1847	554	29	-1	
4	1	88	3	1	0	1143	1847	554	29	-1	
5	1	88	3	1	1	1143	1848	33	22	44.885246	καί
5	1	88	3	1	2	1195	1848	56	28	82.759277	φόδου
5	1	88	3	1	3	1263	1848	47	28	91.087112	ρίγη
5	1	88	3	1	4	1318	1849	18	25	41.499325	μ’
5	1	88	3	1	5	1346	1848	79	21	92.510201	ἔπιαναν
5	1	88	3	1	6	1436	1847	33	22	86.899277	στό
5	1	88	3	1	7	1478	1847	75	27	3.440018	πένθιμ’
5	1	88	3	1	8	1564	1847	86	27	91.548592	ἄκουσμά
5	1	88	3	1	9	1660	1855	37	18	96.722099	της
3	1	88	4	0	0	1142	1883	527	28	-1	
4	1	88	4	1	0	1142	1883	527	28	-1	
5	1	88	4	1	1	1142	1884	45	22	60.895367	τότε
5	1	88	4	1	2	1203	1884	150	27	80.504112	σπρωχνάµουνα
5	1	88	4	1	3	1364	1884	63	26	0.000000	κρυφά
5	1	88	4	1	4	1435	1883	23	26	87.072136	µέ
5	1	88	4	1	5	1471	1883	20	22	93.800903	τό
5	1	88	4	1	6	1506	1883	59	27	76.912033	μικρό
5	1	88	4	1	7	1574	1883	95	26	60.148300	σκαμνάδι
3	1	88	5	0	0	1142	1918	608	65	-1	
4	1	88	5	1	0	1142	1918	608	28	-1	
5	1	88	5	1	1	1142	1921	43	20	91.267365	ἐκεῖ
5	1	88	5	1	2	1199	1920	35	21	93.134651	πού
5	1	88	5	1	3	1244	1920	11	26	92.742416	ἡ
5	1	88	5	1	4	1271	1919	62	27	51.861732	μάννα
5	1	88	5	1	5	1345	1919	99	22	46.385460	κάθονταν
5	1	88	5	1	6	1455	1920	26	21	65.970200	κι’
5	1	88	5	1	7	1492	1919	91	27	62.103882	ἐρχόμουν
5	1	88	5	1	8	1594	1918	31	22	93.291878	πιό
5	1	88	5	1	9	1642	1918	46	26	48.064175	σιµά
5	1	88	5	1	10	1705	1919	45	26	79.212677	της!
4	1	88	5	2	0	1143	1954	469	29	-1	
5	1	88	5	2	1	1143	1955	29	22	19.525391	Τό
5	1	88	5	2	2	1180	1955	97	27	91.060310	παραμύθι
5	1	88	5	2	3	1288	1955	50	28	75.135529	ἀργά
5	1	88	5	2	4	1346	1968	9	3	76.417076	-
5	1	88	5	2	5	1362	1955	54	27	68.046585	ἀργά
5	1	88	5	2	6	1424	1955	59	27	92.306160	ἔλεγε
5	1	88	5	2	7	1492	1955	11	26	90.221107	ἡ
5	1	88	5	2	8	1515	1954	97	27	90.664436	γιαγιάκα
3	1	88	6	0	0	1142	1990	594	64	-1	
4	1	88	6	1	0	1142	1990	594	28	-1	
5	1	88	6	1	1	1142	1991	34	22	79.405556	καὶ
5	1	88	6	1	2	1186	1991	30	25	91.627213	τίς
5	1	88	6	1	3	1228	1990	69	27	85.715195	µατιές
5	1	88	6	1	4	1306	1999	38	18	93.275009	µας
5	1	88	6	1	5	1356	1991	100	27	45.003487	τράθαγαν
5	1	88	6	1	6	1466	1990	24	22	93.231522	τά
5	1	88	6	1	7	1498	1990	67	28	43.485165	χείλια
5	1	88	6	1	8	1575	1998	43	19	93.256241	της,
5	1	88	6	1	9	1629	1991	107	26	45.521358	µαγνῆτες'
4	1	88	6	2	0	1143	2026	472	28	-1	
5	1	88	6	2	1	1143	2026	33	22	93.613411	στό
5	1	88	6	2	2	1186	2027	56	24	84.411652	τζάκι
5	1	88	6	2	3	1254	2026	129	28	32.758919	τριζοδόλαγε
5	1	88	6	2	4	1392	2026	33	22	88.248634	καί
5	1	88	6	2	5	1435	2026	73	21	88.044525	σπίθιζε
5	1	88	6	2	6	1518	2026	11	26	91.487770	ἡ
5	1	88	6	2	7	1546	2026	69	27	85.924629	δράκα
3	1	88	7	0	0	1143	2061	592	64	-1	
4	1	88	7	1	0	1143	2061	566	28	-1	
5	1	88	7	1	1	1143	2062	33	22	60.583107	καί
5	1	88	7	1	2	1187	2062	47	27	22.680161	τόση...
5	1	88	7	1	3	1280	2062	59	21	93.066246	δίπλα
5	1	88	7	1	4	1350	2063	11	25	92.561211	ἡ
5	1	88	7	1	5	1372	2062	84	27	58.208828	τηγανιά
5	1	88	7	1	6	1464	2061	24	27	82.218674	µέ
5	1	88	7	1	7	1498	2061	83	27	76.359253	φρέσκες
5	1	88	7	1	8	1594	2062	115	26	48.922192	τηγανῦτες|
4	1	88	7	2	0	1144	2096	591	29	-1	
5	1	88	7	2	1	1144	2098	72	27	51.515831	᾿Αργιά
5	1	88	7	2	2	1225	2097	33	22	53.626686	καὶ
5	1	88	7	2	3	1275	2100	41	21	92.192551	ποῦ,
5	1	88	7	2	4	1326	2097	149	27	0.000000	μπουμπουνιτιό
5	1	88	7	2	5	1484	2097	11	26	92.210152	ἤ
5	1	88	7	2	6	1505	2097	88	27	92.960373	ἀστραπή
5	1	88	7	2	7	1603	2097	34	21	93.272476	πού
5	1	88	7	2	8	1646	2096	89	28	68.423721	ἐρχότα»,
2	1	89	0	0	0	1237	2058	33	26	-1	
3	1	89	1	0	0	1237	2058	33	26	-1	
4	1	89	1	1	0	1237	2058	33	26	-1	
5	1	89	1	1	1	1237	2058	33	26	95.000000	 
2	1	90	0	0	0	1143	2132	523	64	-1	
3	1	90	1	0	0	1143	2132	523	64	-1	
4	1	90	1	1	0	1143	2132	523	28	-1	
5	1	90	1	1	1	1143	2133	40	22	91.494087	εἴτε
5	1	90	1	1	2	1195	2135	95	20	83.998207	σχυλιῶνε
5	1	90	1	1	3	1300	2133	106	27	83.458549	οὐρλιαχτό
5	1	90	1	1	4	1417	2133	11	26	67.862640	ἤ
5	1	90	1	1	5	1438	2132	144	27	20.495316	κουκουξάγιας
5	1	90	1	1	6	1591	2134	75	25	68.608521	κλάμα.
4	1	90	1	2	0	1143	2168	474	28	-1	
5	1	90	1	2	1	1143	2169	131	26	92.578140	ἐσταματοῦσε
5	1	90	1	2	2	1283	2169	12	26	92.371231	ἡ
5	1	90	1	2	3	1305	2168	76	28	85.548897	γιαγιά,
5	1	90	1	2	4	1397	2168	220	28	0.000000	χιλιοσταυροκοπιόταν
2	1	91	0	0	0	1144	2239	500	28	-1	
3	1	91	1	0	0	1144	2239	500	28	-1	
4	1	91	1	1	0	1144	2239	500	28	-1	
5	1	91	1	1	1	1144	2240	149	27	50.747437	᾿συνηεφιάσαν
5	1	91	1	1	2	1305	2240	24	22	93.302887	τά
5	1	91	1	1	3	1339	2239	63	27	90.542633	δουνά,
5	1	91	1	1	4	1413	2239	102	22	44.486691	ἰσκιώσανε
5	1	91	1	1	5	1526	2239	23	22	96.913849	τά
5	1	91	1	1	6	1561	2239	83	26	82.185959	πλάγια.
2	1	92	0	0	0	1143	2274	456	28	-1	
3	1	92	1	0	0	1143	2274	456	28	-1	
4	1	92	1	1	0	1158	2274	412	8	-1	
5	1	92	1	1	1	1158	2275	4	7	0.000000	ῇ
5	1	92	1	1	2	1276	2275	49	7	0.000000	ο.
5	1	92	1	1	3	1415	2274	51	7	24.791573	ο...
5	1	92	1	1	4	1566	2274	4	7	0.000000	(
4	1	92	1	2	0	1143	2276	456	26	-1	
5	1	92	1	2	1	1143	2284	22	13	83.555298	τὸ
5	1	92	1	2	2	1179	2277	123	25	62.439484	πρωτοθρόχι
5	1	92	1	2	3	1314	2276	76	26	42.864471	ἄρχισεί
5	1	92	1	2	4	1400	2283	22	14	85.450829	τὸ
5	1	92	1	2	5	1432	2283	45	19	34.521950	κρύο
5	1	92	1	2	6	1487	2276	112	20	63.516312	κατεθαίνει
2	1	93	0	0	0	1362	2284	25	48	-1	
3	1	93	1	0	0	1362	2284	25	48	-1	
4	1	93	1	1	0	1362	2284	25	12	-1	
5	1	93	1	1	1	1362	2284	25	12	95.000000	 
4	1	93	1	2	0	1365	2298	18	18	-1	
5	1	93	1	2	1	1365	2298	18	18	95.000000	  
4	1	93	1	3	0	1365	2316	18	16	-1	
5	1	93	1	3	1	1365	2316	18	16	95.000000	 
2	1	94	0	0	0	1143	2310	603	64	-1	
3	1	94	1	0	0	1143	2310	603	64	-1	
4	1	94	1	1	0	1172	2310	438	8	-1	
5	1	94	1	1	1	1172	2310	21	7	1.671684	αμ,
5	1	94	1	1	2	1242	2311	57	7	33.419907	ος
5	1	94	1	1	3	1361	2311	4	6	0.000000	.
5	1	94	1	1	4	1497	2310	113	7	9.852676	τα.
4	1	94	1	2	0	1143	2312	524	26	-1	
5	1	94	1	2	1	1143	2319	32	13	53.850037	καί
5	1	94	1	2	2	1185	2320	12	17	82.867020	ἡ
5	1	94	1	2	3	1223	2312	77	25	24.754639	Φύμησή
5	1	94	1	2	4	1308	2319	44	18	79.677040	µου-
5	1	94	1	2	5	1383	2319	40	19	91.821022	ὄνειρο
5	1	94	1	2	6	1431	2312	93	25	33.093376	λουσμένο
5	1	94	1	2	7	1534	2313	43	18	92.332169	θεῖα
5	1	94	1	2	8	1586	2318	81	19	33.676575	µάγεια-
4	1	94	1	3	0	1143	2345	603	29	-1	
5	1	94	1	3	1	1143	2347	24	21	96.640144	τά
5	1	94	1	3	2	1183	2346	68	28	93.443764	χρόνια
5	1	94	1	3	3	1261	2355	33	18	94.270218	µου
5	1	94	1	3	4	1307	2346	23	23	95.968140	τά
5	1	94	1	3	5	1340	2346	82	22	85.486954	παιδικά
5	1	94	1	3	6	1430	2346	66	27	42.252533	γλυκά
5	1	94	1	3	7	1506	2345	35	22	63.207138	στό
5	1	94	1	3	8	1548	2347	32	20	53.987915	'οῦ
5	1	94	1	3	9	1592	2354	33	18	92.723061	µου
5	1	94	1	3	10	1634	2345	112	28	0.000000	φέρνε,[Ι]...
2	1	95	0	0	0	1478	2381	339	22	-1	
3	1	95	1	0	0	1478	2381	339	22	-1	
4	1	95	1	1	0	1478	2381	339	22	-1	
5	1	95	1	1	1	1478	2382	99	21	96.078957	ΤΑΚΗΣ
5	1	95	1	1	2	1595	2382	47	21	47.874226	ΗΛ.
5	1	95	1	1	3	1659	2381	158	22	79.104568	ΣΤΑΘΑΚΟΣ
2	1	96	0	0	0	1149	2440	692	4	-1	
3	1	96	1	0	0	1149	2440	692	4	-1	
4	1	96	1	1	0	1149	2440	692	4	-1	
5	1	96	1	1	1	1149	2440	692	4	95.000000	 
2	1	97	0	0	0	1140	2468	705	392	-1	
3	1	97	1	0	0	1200	2468	590	28	-1	
4	1	97	1	1	0	1200	2468	590	28	-1	
5	1	97	1	1	1	1200	2470	89	21	92.263107	ΛΙΤΡΟ
5	1	97	1	1	2	1301	2470	46	21	82.025162	ΓΙΑ
5	1	97	1	1	3	1355	2470	41	21	71.616165	ΤΑ
5	1	97	1	1	4	1405	2469	72	22	71.616165	ΥΓΡΑ
5	1	97	1	1	5	1489	2469	59	22	93.281433	ΑΠΟ
5	1	97	1	1	6	1561	2470	39	26	44.903137	Ιης
5	1	97	1	1	7	1612	2468	178	22	80.820526	ΙΑΝΟΥΑΡΙΟΥ
3	1	97	2	0	0	1141	2510	704	94	-1	
4	1	97	2	1	0	1171	2510	673	29	-1	
5	1	97	2	1	1	1171	2512	36	21	92.293312	Θά
5	1	97	2	1	2	1221	2511	131	28	89.051826	καθιερωθῆ
5	1	97	2	1	3	1363	2511	38	21	93.259438	καί
5	1	97	2	1	4	1414	2511	46	27	93.007103	στή
5	1	97	2	1	5	1472	2511	68	28	92.828583	χώρα
5	1	97	2	1	6	1552	2518	46	20	95.652390	µας
5	1	97	2	1	7	1610	2511	28	21	96.719955	τό
5	1	97	2	1	8	1651	2510	75	28	93.291130	λίτρο,
5	1	97	2	1	9	1742	2510	45	22	92.576378	σάν
5	1	97	2	1	10	1802	2517	42	20	83.649040	µο-
4	1	97	2	2	0	1141	2546	704	29	-1	
5	1	97	2	2	1	1141	2547	60	22	92.787506	νάδα
5	1	97	2	2	2	1215	2547	171	28	92.056534	ὀγκομετρικῆς
5	1	97	2	2	3	1398	2547	145	28	0.000000	μετρήσεως,
5	1	97	2	2	4	1558	2546	49	22	92.509750	ἀπό
5	1	97	2	2	5	1629	2547	38	27	28.978760	Ίης
5	1	97	2	2	6	1696	2546	149	28	73.960861	᾿Ιανουαρίου
4	1	97	2	3	0	1145	2583	60	21	-1	
5	1	97	2	3	1	1145	2583	60	21	72.277382	1981.
3	1	97	3	0	0	1140	2616	703	101	-1	
4	1	97	3	1	0	1169	2616	674	30	-1	
5	1	97	3	1	1	1169	2618	73	28	96.007637	Μέχρι
5	1	97	3	1	2	1268	2619	65	27	93.293663	τώρα
5	1	97	3	1	3	1352	2618	93	28	82.578728	µονάδαι
5	1	97	3	1	4	1457	2618	136	28	0.000000	μετρήσεως
5	1	97	3	1	5	1606	2618	40	27	95.832970	γιά
5	1	97	3	1	6	1663	2618	30	21	93.300758	τά
5	1	97	3	1	7	1708	2617	63	28	88.553612	ὑγρά
5	1	97	3	1	8	1785	2616	58	28	96.412163	ἦταν
4	1	97	3	2	0	1140	2652	703	29	-1	
5	1	97	3	2	1	1140	2654	30	21	96.823631	τό
5	1	97	3	2	2	1184	2654	58	21	92.804619	κιλό.
5	1	97	3	2	3	1255	2654	82	27	39.341423	᾿Εκπός
5	1	97	3	2	4	1351	2654	49	21	96.450523	ἀπό
5	1	97	3	2	5	1412	2654	30	21	93.303726	τά
5	1	97	3	2	6	1454	2654	61	27	92.420670	ὑγρά
5	1	97	3	2	7	1528	2653	109	27	59.001892	καύσιμα,
5	1	97	3	2	8	1650	2652	99	28	82.703476	δενζίνη,
5	1	97	3	2	9	1759	2653	84	28	86.196907	πετρέ-
4	1	97	3	3	0	1142	2689	514	28	-1	
5	1	97	3	3	1	1142	2689	54	24	90.486206	λαιο
5	1	97	3	3	2	1204	2690	47	21	93.303123	στά
5	1	97	3	3	3	1263	2690	74	21	86.584488	ὁποῖαι
5	1	97	3	3	4	1345	2689	46	28	93.299416	ἔχει
5	1	97	3	3	5	1399	2689	136	28	91.656792	καθιερωθεῖ
5	1	97	3	3	6	1543	2689	29	21	91.425659	τό
5	1	97	3	3	7	1579	2689	77	27	42.926868	λίτρο.
3	1	97	4	0	0	1140	2724	704	136	-1	
4	1	97	4	1	0	1169	2724	675	29	-1	
5	1	97	4	1	1	1169	2725	48	21	96.619232	Μία
5	1	97	4	1	2	1230	2725	71	28	93.220734	φιάλη
5	1	97	4	1	3	1312	2725	91	28	89.679909	λίτρου,
5	1	97	4	1	4	1415	2725	91	27	96.531509	παίρνει
5	1	97	4	1	5	1522	2724	41	22	94.501671	ἕνα
5	1	97	4	1	6	1576	2724	51	22	31.282486	κιλό
5	1	97	4	1	7	1637	2724	56	28	93.298889	νερό
5	1	97	4	1	8	1705	2724	139	27	91.981941	ἀπεσταγμέ
4	1	97	4	2	0	1140	2760	704	28	-1	
5	1	97	4	2	1	1140	2768	36	14	92.806831	νο.
5	1	97	4	2	2	1188	2761	142	23	91.429695	Ἐλαιόλαδο
5	1	97	4	2	3	1341	2761	42	21	94.070839	920
5	1	97	4	2	4	1393	2760	145	28	16.616684	γραμμάρια.
5	1	97	4	2	5	1553	2760	73	27	93.279922	Κρασί
5	1	97	4	2	6	1640	2760	53	21	86.454651	Ι0/0
5	1	97	4	2	7	1704	2767	87	20	72.314240	γραμμ.
5	1	97	4	2	8	1805	2760	39	21	84.730667	Πε-
4	1	97	4	3	0	1140	2794	703	30	-1	
5	1	97	4	3	1	1140	2796	99	28	89.641098	τρέλαιο
5	1	97	4	3	2	1248	2797	43	21	96.617210	790
5	1	97	4	3	3	1300	2803	89	21	82.517853	γραμμ.
5	1	97	4	3	4	1401	2794	93	29	89.088371	Βενζίνη
5	1	97	4	3	5	1505	2795	43	22	89.088371	730
5	1	97	4	3	6	1559	2795	145	28	40.560913	γραμμάρια.
5	1	97	4	3	7	1716	2795	127	28	92.501183	Ὑδράργυ-
4	1	97	4	4	0	1141	2832	143	28	-1	
5	1	97	4	4	1	1141	2839	54	21	77.147476	ρο...
5	1	97	4	4	2	1211	2832	73	25	70.737335	19,59.
2	1	98	0	0	0	1143	2878	703	3	-1	
3	1	98	1	0	0	1143	2878	703	3	-1	
4	1	98	1	1	0	1143	2878	703	3	-1	
5	1	98	1	1	1	1143	2878	703	3	95.000000	 
2	1	99	0	0	0	1142	2895	705	204	-1	
3	1	99	1	0	0	1142	2895	705	204	-1	
4	1	99	1	1	0	1432	2895	127	21	-1	
5	1	99	1	1	1	1432	2895	127	21	88.570854	ΚΑΣΤΟΡΙ
4	1	99	1	2	0	1172	2929	673	29	-1	
5	1	99	1	2	1	1172	2931	23	21	75.530380	Ὁ
5	1	99	1	2	2	1212	2930	110	28	55.166378	ἐρηολάβος
5	1	99	1	2	3	1338	2930	105	26	85.561966	οἰκοδομῶν
5	1	99	1	2	4	1461	2940	18	12	95.753174	κ.
5	1	99	1	2	5	1494	2930	51	26	72.142006	Δημ,
5	1	99	1	2	6	1560	2929	171	25	28.714874	Γιαακόπουλος
5	1	99	1	2	7	1747	2929	98	27	50.034012	ἀπέκτησε
4	1	99	1	3	0	1142	2965	629	29	-1	
5	1	99	1	3	1	1142	2966	37	22	66.784294	ἀπὸ
5	1	99	1	3	2	1190	2967	33	26	93.058365	τήν
5	1	99	1	3	3	1235	2966	48	28	0.000000	Χόρη
5	1	99	1	3	4	1298	2975	31	14	96.323723	του
5	1	99	1	3	5	1344	2966	21	22	91.637344	τό
5	1	99	1	3	6	1379	2967	66	26	91.449570	πρῶτο
5	1	99	1	3	7	1457	2965	93	28	70.994034	ἐγγονάχι
5	1	99	1	3	8	1563	2974	38	19	94.970406	του,
5	1	99	1	3	9	1617	2966	24	21	61.632320	νά
5	1	99	1	3	10	1652	2965	44	25	95.905846	τούς
5	1	99	1	3	11	1711	2966	60	26	61.918655	ζήσει.
4	1	99	1	4	0	1329	3001	337	22	-1	
5	1	99	1	4	1	1329	3002	83	21	84.710228	ΑΠΙΟΣ
5	1	99	1	4	2	1429	3001	237	22	71.346138	ΚΩΝΣΤΑΝΠΝΟΣ
4	1	99	1	5	0	1173	3036	674	28	-1	
5	1	99	1	5	1	1173	3037	49	25	35.198357	Στίς
5	1	99	1	5	2	1238	3037	94	22	56.712738	9911-80
5	1	99	1	5	3	1348	3037	95	22	90.909790	ἀπεβίωσε
5	1	99	1	5	4	1461	3038	28	24	96.924667	εἰς
5	1	99	1	5	5	1508	3037	49	27	7.285004	“Αγ.
5	1	99	1	5	6	1573	3037	94	27	0.000000	ζζων)νο
5	1	99	1	5	7	1685	3037	11	26	81.660843	ἡ
5	1	99	1	5	8	1716	3036	131	28	74.279221	Παναγιώτα
4	1	99	1	6	0	1255	3072	445	27	-1	
5	1	99	1	6	1	1255	3074	25	20	86.040794	ὤν
5	1	99	1	6	2	1291	3073	33	23	90.083229	96.
5	1	99	1	6	3	1335	3073	158	26	37.290489	Συλλυπούµεβα
5	1	99	1	6	4	1504	3073	43	25	93.000923	τούς
5	1	99	1	6	5	1560	3072	84	25	78.088593	οἰχείους
5	1	99	1	6	6	1657	3081	43	18	96.798363	της.
2	1	100	0	0	0	1382	3029	3	30	-1	
3	1	100	1	0	0	1382	3029	3	30	-1	
4	1	100	1	1	0	1382	3029	3	30	-1	
5	1	100	1	1	1	1382	3029	3	30	95.000000	  
2	1	101	0	0	0	1130	112	5	2986	-1	
3	1	101	1	0	0	1130	112	5	2986	-1	
4	1	101	1	1	0	1130	112	5	2986	-1	
5	1	101	1	1	1	1130	112	5	2986	95.000000	 
2	1	102	0	0	0	1143	3074	109	27	-1	
3	1	102	1	0	0	1143	3074	109	27	-1	
4	1	102	1	1	0	1143	3074	109	27	-1	
5	1	102	1	1	1	1143	3074	77	27	85.744011	Τουρνᾶ
5	1	102	1	1	2	1232	3074	20	20	79.521240	ἐτ
2	1	103	0	0	0	1857	44	8	3056	-1	
3	1	103	1	0	0	1857	44	8	3056	-1	
4	1	103	1	1	0	1857	44	8	3056	-1	
5	1	103	1	1	1	1857	44	8	3056	95.000000	 
2	1	104	0	0	0	1882	34	350	74	-1	
3	1	104	1	0	0	1882	34	350	74	-1	
4	1	104	1	1	0	1882	34	350	74	-1	
5	1	104	1	1	1	1882	34	350	74	95.000000	 
2	1	105	0	0	0	1883	124	352	137	-1	
3	1	105	1	0	0	1883	124	352	137	-1	
4	1	105	1	1	0	1915	124	314	28	-1	
5	1	105	1	1	1	1915	127	21	22	34.080818	Φ
5	1	105	1	1	2	1957	127	25	21	42.914845	ὍὉ
5	1	105	1	1	3	1994	136	21	12	64.986977	κ.
5	1	105	1	1	4	2029	125	137	27	91.304306	ΚΩΝ)ΝΟΣ
5	1	105	1	1	5	2185	124	44	22	54.520302	Αθ.
4	1	105	1	2	0	1884	159	351	29	-1	
5	1	105	1	2	1	1884	162	150	22	77.977211	ΧΕΛΙΩΤΗΣ
5	1	105	1	2	2	2049	160	111	28	93.286705	διορίστηκε
5	1	105	1	2	3	2175	159	60	22	92.778366	ὑπάλ-
4	1	105	1	3	0	1883	196	350	29	-1	
5	1	105	1	3	1	1883	200	65	25	27.479492	ληλος
5	1	105	1	3	2	1962	197	43	22	0.000000	στόν
5	1	105	1	3	3	2020	197	55	21	67.468178	ΟΤΕ;
5	1	105	1	3	4	2090	196	97	26	78.905205	᾿Αθηνῶν,
5	1	105	1	3	5	2201	196	32	20	96.855217	τοῦ
4	1	105	1	4	0	1884	231	349	30	-1	
5	1	105	1	4	1	1884	233	95	28	89.929382	εὐχόμεθα
5	1	105	1	4	2	1994	232	56	28	89.929382	ὑγεία
5	1	105	1	4	3	2065	231	35	23	71.135262	καὶ
5	1	105	1	4	4	2117	231	53	26	91.631409	καλή
5	1	105	1	4	5	2187	239	46	13	90.727020	στα-
2	1	106	0	0	0	1884	268	350	99	-1	
3	1	106	1	0	0	1884	268	350	99	-1	
4	1	106	1	1	0	1885	268	105	28	-1	
5	1	106	1	1	1	1885	268	105	28	72.542755	διοδροµία.
4	1	106	1	2	0	1918	302	314	28	-1	
5	1	106	1	2	1	1918	304	21	22	62.657166	ϱ
5	1	106	1	2	2	1960	305	27	20	80.191757	Ἡ
5	1	106	1	2	3	1999	304	59	21	80.567574	ΝΕΑ
5	1	106	1	2	4	2070	302	78	28	79.719635	µεγάλη
5	1	106	1	2	5	2161	302	71	21	70.042755	οἴκοδο-
4	1	106	1	3	0	1884	337	350	30	-1	
5	1	106	1	3	1	1884	341	25	26	84.575142	μή
5	1	106	1	3	2	1920	341	36	21	92.952866	τῶν
5	1	106	1	3	3	1967	340	66	26	78.864128	᾿Αφῶν
5	1	106	1	3	4	2043	338	75	28	93.572701	Σπύρου
5	1	106	1	3	5	2128	337	32	22	88.495384	καὶ
5	1	106	1	3	6	2170	337	64	21	0.000000	Άφα-
2	1	107	0	0	0	2107	368	42	32	-1	
3	1	107	1	0	0	2107	368	42	32	-1	
4	1	107	1	1	0	2107	368	42	32	-1	
5	1	107	1	1	1	2107	368	42	32	95.000000	 
2	1	108	0	0	0	1885	373	348	26	-1	
3	1	108	1	0	0	1885	373	348	26	-1	
4	1	108	1	1	0	1885	373	348	26	-1	
5	1	108	1	1	1	1885	375	65	22	82.232346	νασίου
5	1	108	1	1	2	1963	376	16	21	86.739365	Ἱ.
5	1	108	1	1	3	1996	376	78	20	91.689499	Ῥασσιᾶ
5	1	108	1	1	4	2087	375	25	20	91.506142	πῆρε
5	1	108	1	1	5	2155	373	34	26	48.260555	τή
5	1	108	1	1	6	2204	380	29	13	91.291733	τε-
2	1	109	0	0	0	1883	406	349	31	-1	
3	1	109	1	0	0	1883	406	349	31	-1	
4	1	109	1	1	0	1883	406	349	31	-1	
5	1	109	1	1	1	1883	411	48	26	0.000000	λκή
5	1	109	1	1	2	1945	418	36	19	93.306145	της
5	1	109	1	1	3	1994	409	114	28	90.488449	ἐξωτερική
5	1	109	1	1	4	2118	408	64	28	89.514542	µορφή
5	1	109	1	1	5	2210	406	22	28	77.688698	µέ
2	1	110	0	0	0	1880	438	357	111	-1	
3	1	110	1	0	0	1880	438	357	111	-1	
4	1	110	1	1	0	1880	438	357	111	-1	
5	1	110	1	1	1	1880	438	357	111	95.000000	 
2	1	111	0	0	0	1917	550	316	26	-1	
3	1	111	1	0	0	1917	550	316	26	-1	
4	1	111	1	1	0	1917	550	316	26	-1	
5	1	111	1	1	1	1917	553	22	21	7.110138	ϐ
5	1	111	1	1	2	1958	553	37	21	92.982376	ΤΟ
5	1	111	1	1	3	2008	550	166	23	49.007648	ΛΕΩΦΟΡΗΠΟ
5	1	111	1	1	4	2187	550	46	26	0.000000	Τρ:
2	1	112	0	0	0	1893	584	342	30	-1	
3	1	112	1	0	0	1893	584	342	30	-1	
4	1	112	1	1	0	1893	584	342	30	-1	
5	1	112	1	1	1	1893	588	78	24	96.470238	πόλεως
5	1	112	1	1	2	1987	587	30	22	77.259789	δέν
5	1	112	1	1	3	2032	587	79	27	91.493179	ὄρχεται
5	1	112	1	1	4	2127	585	58	22	44.316502	πλέουν
5	1	112	1	1	5	2202	584	33	22	96.948845	στό
2	1	113	0	0	0	1881	623	356	1049	-1	
3	1	113	1	0	0	1892	623	344	63	-1	
4	1	113	1	1	0	1892	623	344	28	-1	
5	1	113	1	1	1	1892	623	109	28	50.255791	Τεωργηίτσι
5	1	113	1	1	2	2014	623	55	26	95.570587	λόγω
5	1	113	1	1	3	2081	623	31	21	93.094444	τοῦ
5	1	113	1	1	4	2123	628	113	19	23.637383	κατεστραμ.
4	1	113	1	2	0	1894	658	147	28	-1	
5	1	113	1	2	1	1894	659	56	27	50.613369	μένου
5	1	113	1	2	2	1966	658	75	27	35.519714	δρόμου.
3	1	113	2	0	0	1885	689	349	99	-1	
4	1	113	2	1	0	1916	689	316	27	-1	
5	1	113	2	1	1	1916	693	22	20	71.978767	Φ
5	1	113	2	1	2	1955	694	21	19	80.728134	Η
5	1	113	2	1	3	1987	692	156	21	36.845787	ΕΚΠΟΜΙΠΗ
5	1	113	2	1	4	2154	690	35	26	95.032463	γιά
5	1	113	2	1	5	2201	689	31	22	95.144424	τόν
4	1	113	2	2	0	1885	723	349	30	-1	
5	1	113	2	2	1	1885	727	75	26	61.904648	ἀγρότη
5	1	113	2	2	2	1974	726	76	26	0.000000	Ὕνεται
5	1	113	2	2	3	2066	725	49	21	49.280022	Ἰάθε
5	1	113	2	2	4	2140	723	94	27	18.947517	Ἰυριακή
4	1	113	2	3	0	1887	759	224	29	-1	
5	1	113	2	3	1	1887	761	41	27	91.879280	ὥρα
5	1	113	2	3	2	1938	761	11	21	35.026154	ἃ
5	1	113	2	3	3	1960	760	52	27	96.923569	παρά
5	1	113	2	3	4	2021	759	90	28	96.389130	τέταρτο.
3	1	113	3	0	0	1882	793	354	385	-1	
4	1	113	3	1	0	1903	793	332	25	-1	
5	1	113	3	1	1	1903	796	21	22	35.335350	ϱ
5	1	113	3	1	2	1945	795	185	22	72.925575	ΠΗΡΝΩΝΤΑΙΣ
5	1	113	3	1	3	2144	793	36	23	95.798683	ἀπό
5	1	113	3	1	4	2196	794	39	21	90.114799	Πα
4	1	113	3	2	0	1883	828	350	32	-1	
5	1	113	3	2	1	1883	832	64	28	91.644958	ράσχη
5	1	113	3	2	2	1957	831	73	27	52.165257	Βρύση,
5	1	113	3	2	3	2041	830	66	27	92.318161	εἴδαμε
5	1	113	3	2	4	2121	830	46	26	93.076477	στήν
5	1	113	3	2	5	2182	828	51	27	91.406609	αὐλή
4	1	113	3	3	0	1883	864	350	30	-1	
5	1	113	3	3	1	1883	869	31	20	95.159515	τοῦ
5	1	113	3	3	2	1923	868	76	26	79.140266	Γεωργ.
5	1	113	3	3	3	2011	867	48	21	84.378616	Ἠλ.
5	1	113	3	3	4	2067	865	102	27	0.000000	Γιάν]αρη
5	1	113	3	3	5	2177	864	56	22	0.000000	να...
4	1	113	3	4	0	1884	899	352	31	-1	
5	1	113	3	4	1	1884	902	84	28	73.306503	γραφικό
5	1	113	3	4	2	1979	901	70	22	93.126404	Λουλά
5	1	113	3	4	3	2060	900	83	26	77.511963	χαζάνια
5	1	113	3	4	4	2155	899	33	23	79.007164	καί
5	1	113	3	4	5	2197	901	39	20	90.251457	πολ
4	1	113	3	5	0	1884	935	351	30	-1	
5	1	113	3	5	1	1884	938	47	24	92.652550	λούς
5	1	113	3	5	2	1946	936	118	29	91.327477	περιοίκους,
5	1	113	3	5	3	2078	936	24	22	77.189781	νά
5	1	113	3	5	4	2116	935	119	25	78.360443	ἀποστάζουν
4	1	113	3	6	0	1885	970	349	30	-1	
5	1	113	3	6	1	1885	973	91	27	78.761002	τσίπουρα
5	1	113	3	6	2	1990	972	35	22	49.695976	καί
5	1	113	3	6	3	2041	972	24	21	93.302078	νά
5	1	113	3	6	4	2082	971	81	27	54.525314	θγάζουν
5	1	113	3	6	5	2200	970	34	26	87.938423	τήν
4	1	113	3	7	0	1883	1005	352	31	-1	
5	1	113	3	7	1	1883	1008	166	28	90.219971	πατροπαράδοτη
5	1	113	3	7	2	2066	1006	98	28	79.446976	τσιπούρα.
5	1	113	3	7	3	2186	1005	49	22	0.370781	Ἐΐθε
4	1	113	3	8	0	1884	1041	352	31	-1	
5	1	113	3	8	1	1884	1044	24	22	93.288582	νά
5	1	113	3	8	2	1923	1044	94	28	70.711014	ὑπάριχουν
5	1	113	3	8	3	2033	1043	83	22	91.129478	πάντοτε
5	1	113	3	8	4	2149	1041	87	27	81.439461	ἀμπέλια
4	1	113	3	9	0	1883	1077	352	29	-1	
5	1	113	3	9	1	1883	1080	33	22	64.067917	καὶ
5	1	113	3	9	2	1930	1080	24	21	93.297928	νά
5	1	113	3	9	3	1971	1080	25	26	85.891205	µή
5	1	113	3	9	4	2011	1079	122	26	42.767643	σταματήσει
5	1	113	3	9	5	2146	1077	47	22	48.919876	ποτέ
5	1	113	3	9	6	2222	1077	13	27	86.310226	ἡ
4	1	113	3	10	0	1882	1113	353	30	-1	
5	1	113	3	10	1	1882	1115	110	28	95.792564	παραγωγή
5	1	113	3	10	2	2006	1117	35	24	93.288109	τῆς
5	1	113	3	10	3	2058	1113	112	28	68.898338	τσιπούρας,
5	1	113	3	10	4	2183	1113	52	21	89.919441	ἔστω
4	1	113	3	11	0	1884	1149	278	29	-1	
5	1	113	3	11	1	1884	1151	33	23	54.162682	καὶ
5	1	113	3	11	2	1933	1151	22	27	89.012878	µέ
5	1	113	3	11	3	1970	1150	115	28	94.162071	πρωτόγονα
5	1	113	3	11	4	2107	1149	55	27	91.634865	µέσα.
3	1	113	4	0	0	1882	1184	353	315	-1	
4	1	113	4	1	0	1917	1184	318	24	-1	
5	1	113	4	1	1	1917	1187	22	21	64.714890	ϱ
5	1	113	4	1	2	1959	1186	100	22	64.570778	ΚΟΝΠΑ
5	1	113	4	1	3	2075	1185	57	22	92.091331	ΣΤΟ
5	1	113	4	1	4	2147	1184	88	22	85.339241	ΞΗΝΟ-
4	1	113	4	2	0	1883	1219	352	30	-1	
5	1	113	4	2	1	1883	1222	112	27	81.481483	ΔΟΧΙΕΙΟ,
5	1	113	4	2	2	2008	1221	113	27	70.799240	Ξεφύτρωσε
5	1	113	4	2	3	2132	1220	35	22	0.000000	"έα
5	1	113	4	2	4	2183	1219	52	27	72.560455	µεγά
4	1	113	4	3	0	1883	1255	352	30	-1	
5	1	113	4	3	1	1883	1261	27	24	68.984222	λη
5	1	113	4	3	2	1919	1258	91	26	87.190788	οὐκοδομή
5	1	113	4	3	3	2022	1259	32	20	96.710869	τοῦ
5	1	113	4	3	4	2064	1266	18	12	90.680649	κ.
5	1	113	4	3	5	2092	1255	92	28	93.273438	Μαρίνου
5	1	113	4	3	6	2195	1255	40	22	0.000000	α
4	1	113	4	4	0	1883	1290	352	31	-1	
5	1	113	4	4	1	1883	1294	90	27	89.799011	ράθολου,
5	1	113	4	4	2	1989	1293	36	22	94.079590	πού
5	1	113	4	4	3	2040	1291	47	27	90.939209	ἦταν
5	1	113	4	4	4	2100	1291	91	27	47.971741	μεγάλος
5	1	113	4	4	5	2205	1290	30	27	75.725998	φί-
4	1	113	4	5	0	1882	1326	352	29	-1	
5	1	113	4	5	1	1882	1331	37	23	57.486706	λος
5	1	113	4	5	2	1934	1331	31	20	93.304886	τοῦ
5	1	113	4	5	3	1976	1326	132	29	59.543045	Γεωρηιτσίου
5	1	113	4	5	4	2119	1326	33	23	5.226898	καὶ
5	1	113	4	5	5	2179	1326	55	27	94.091606	τώρα
4	1	113	4	6	0	1884	1361	349	30	-1	
5	1	113	4	6	1	1884	1365	51	26	0.000000	ἔγινε
5	1	113	4	6	2	1951	1363	97	25	25.952812	ἐκλεκτός
5	1	113	4	6	3	2080	1361	153	28	80.332489	συμπατριώτης
4	1	113	4	7	0	1884	1397	350	29	-1	
5	1	113	4	7	1	1884	1408	45	18	92.564232	µας.
5	1	113	4	7	2	1944	1400	40	21	92.039978	Τοῦ
5	1	113	4	7	3	1998	1398	99	28	86.092896	εὐχόμεδα
5	1	113	4	7	4	2110	1397	25	27	84.079247	µέ
5	1	113	4	7	5	2151	1397	83	27	61.197323	εἴλικρι-
4	1	113	4	8	0	1883	1433	351	29	-1	
5	1	113	4	8	1	1883	1437	22	24	56.486969	νῆ
5	1	113	4	8	2	1921	1435	52	27	96.639435	χαρά
5	1	113	4	8	3	1985	1434	23	22	87.703026	νά
5	1	113	4	8	4	2021	1433	90	28	73.811951	χαΐρεται
5	1	113	4	8	5	2125	1433	21	21	93.166199	τό
5	1	113	4	8	6	2161	1434	73	25	50.452686	καλορ-
4	1	113	4	9	0	1886	1469	172	30	-1	
5	1	113	4	9	1	1886	1470	61	29	44.130013	ρίζυκο
5	1	113	4	9	2	1957	1469	53	22	95.487473	σπίτι
5	1	113	4	9	3	2020	1478	38	13	86.017166	του.
3	1	113	5	0	0	1881	1503	356	169	-1	
4	1	113	5	1	0	1914	1503	321	29	-1	
5	1	113	5	1	1	1914	1505	143	22	76.135147	ΒΚΚΙΛΗΣΗ
5	1	113	5	1	2	2068	1504	48	28	90.353508	πρός
5	1	113	5	1	3	2129	1503	44	25	88.641747	τούς
5	1	113	5	1	4	2186	1503	49	21	90.463264	ἆπαν
4	1	113	5	2	0	1885	1537	350	32	-1	
5	1	113	5	2	1	1885	1543	59	26	84.052727	ταχοῦ
5	1	113	5	2	2	1958	1539	170	29	34.682129	Γεωρη!τσιάνους
5	1	113	5	2	3	2143	1538	34	23	88.924286	καὶ
5	1	113	5	2	4	2206	1537	29	29	81.688034	φί-
4	1	113	5	3	0	1881	1573	352	28	-1	
5	1	113	5	3	1	1881	1578	56	23	56.066132	Χους,
5	1	113	5	3	2	1953	1575	34	25	93.654030	γιά
5	1	113	5	3	3	2003	1575	24	24	95.130295	τή
5	1	113	5	3	4	2040	1574	85	24	1.428070	σύντομη
5	1	113	5	3	5	2137	1573	96	25	83.739838	ἀποπερά-
4	1	113	5	4	0	1885	1605	352	30	-1	
5	1	113	5	4	1	1885	1618	53	17	68.420349	τωση
5	1	113	5	4	2	1949	1611	31	20	96.896835	τοῦ
5	1	113	5	4	3	1992	1606	135	29	76.213608	Ξενοδοχείου,
5	1	113	5	4	4	2136	1606	34	23	79.211716	ἕνα
5	1	113	5	4	5	2178	1605	59	28	9.320129	μπορό
4	1	113	5	5	0	1885	1644	83	28	-1	
5	1	113	5	5	1	1885	1644	83	28	69.868340	δωράκι.
2	1	114	0	0	0	1886	1689	350	6	-1	
3	1	114	1	0	0	1886	1689	350	6	-1	
4	1	114	1	1	0	1886	1689	350	6	-1	
5	1	114	1	1	1	1886	1689	350	6	95.000000	 
2	1	115	0	0	0	1884	1719	354	602	-1	
3	1	115	1	0	0	1942	1719	241	24	-1	
4	1	115	1	1	0	1942	1719	241	24	-1	
5	1	115	1	1	1	1942	1719	241	24	52.145470	ΒΥΧΑΡΙΣΤΗΡΙΟΝ
3	1	115	2	0	0	1884	1760	354	351	-1	
4	1	115	2	1	0	1916	1760	320	27	-1	
5	1	115	2	1	1	1912	1756	21	35	83.195801	ΤΠ
5	1	115	2	1	2	1943	1763	61	24	85.913361	άντας
5	1	115	2	1	3	2021	1762	45	25	96.526054	τούς
5	1	115	2	1	4	2079	1762	44	21	22.041428	καθ’
5	1	115	2	1	5	2138	1760	98	27	88.417488	οἱο)δήπο-
4	1	115	2	2	0	1886	1796	350	30	-1	
5	1	115	2	2	1	1886	1809	20	12	96.439758	τε
5	1	115	2	2	2	1922	1799	76	27	93.299500	τρόπον,
5	1	115	2	2	3	2014	1797	161	28	45.182613	συμμπασχόντας
5	1	115	2	2	4	2206	1796	30	24	96.360779	εἰς
4	1	115	2	3	0	1886	1831	352	31	-1	
5	1	115	2	3	1	1886	1835	21	22	75.911209	τὸ
5	1	115	2	3	2	1923	1834	107	28	92.690178	θαρύτατον
5	1	115	2	3	3	2045	1833	72	24	96.389320	πένθος
5	1	115	2	3	4	2132	1840	45	20	91.957855	µας,
5	1	115	2	3	5	2206	1831	32	22	91.957855	ἐπί
4	1	115	2	4	0	1885	1868	309	27	-1	
5	1	115	2	4	1	1885	1872	26	21	84.401566	τῶ
5	1	115	2	4	2	1924	1870	82	21	63.285023	Δανάτω
5	1	115	2	4	3	2019	1871	36	24	93.222763	τῆς
5	1	115	2	4	4	2068	1868	126	27	40.553925	ἀειμνήστου:
4	1	115	2	5	0	1885	1903	351	30	-1	
5	1	115	2	5	1	1885	1906	63	27	72.359009	ζόγου,
5	1	115	2	5	2	1961	1904	111	28	52.023949	υγατρός,
5	1	115	2	5	3	2098	1903	84	28	52.348061	μητρός,
5	1	115	2	5	4	2216	1903	20	21	46.042442	ἆ-
4	1	115	2	6	0	1885	1939	351	30	-1	
5	1	115	2	6	1	1885	1943	83	26	71.706635	δελφῆς,
5	1	115	2	6	2	1998	1940	56	25	92.310661	θείας
5	1	115	2	6	3	2082	1939	33	22	38.578506	καί
5	1	115	2	6	4	2143	1940	93	26	87.262665	ἀνηψιᾶς,
4	1	115	2	7	0	1884	1974	352	25	-1	
5	1	115	2	7	1	1884	1975	234	24	74.075493	ΚΩΝΣΠΑΝΠΙΝΑΣ
5	1	115	2	7	2	2134	1975	23	21	27.488029	ΔΑ.
5	1	115	2	7	3	2172	1974	64	21	0.000000	ΒΑ:
4	1	115	2	8	0	1885	2009	351	30	-1	
5	1	115	2	8	1	1885	2013	85	26	20.603729	ΛΑΚΗ,
5	1	115	2	8	2	1986	2012	21	22	91.558395	τό
5	1	115	2	8	3	2021	2011	58	27	89.994003	γένος
5	1	115	2	8	4	2109	2009	127	28	16.848709	Σπυρίδωνος
4	1	115	2	9	0	1885	2046	351	29	-1	
5	1	115	2	9	1	1885	2047	86	28	0.000000	Τσίχνη,
5	1	115	2	9	2	1995	2046	117	28	24.651299	δερμότατα
5	1	115	2	9	3	2121	2046	115	27	92.977791	εὐχαριστοῦ
4	1	115	2	10	0	1887	2092	40	19	-1	
5	1	115	2	10	1	1887	2092	40	19	86.796181	μεν.
3	1	115	3	0	0	1884	2116	352	171	-1	
4	1	115	3	1	0	1914	2116	292	29	-1	
5	1	115	3	1	1	1914	2119	25	22	42.086506	Ὁ
5	1	115	3	1	2	1948	2119	80	26	94.552597	σύζυγος
5	1	115	3	1	3	2037	2118	52	26	84.715317	Δημ.
5	1	115	3	1	4	2099	2116	107	26	75.770203	Ῥαϊδάκης
4	1	115	3	2	0	1884	2151	352	30	-1	
5	1	115	3	2	1	1884	2155	25	21	93.258759	Οἱ
5	1	115	3	2	2	1919	2156	65	25	83.900566	γονεῖς
5	1	115	3	2	3	1994	2155	53	26	61.900200	Σπυρ
5	1	115	3	2	4	2058	2152	33	23	62.801075	καί
5	1	115	3	2	5	2106	2151	130	27	12.083092	Παναγιώτα
4	1	115	3	3	0	2024	2188	81	28	-1	
5	1	115	3	3	1	2024	2188	81	28	22.625992	Τσίχλη
4	1	115	3	4	0	1885	2222	351	29	-1	
5	1	115	3	4	1	1885	2225	29	22	53.008518	Τό
5	1	115	3	4	2	1929	2224	55	23	96.222122	παιδί
5	1	115	3	4	3	1999	2232	36	19	92.972961	της
5	1	115	3	4	4	2050	2223	65	22	88.633774	Ἰωάν.
5	1	115	3	4	5	2129	2222	107	27	37.965370	Ῥαϊδάχης
4	1	115	3	5	0	1885	2258	350	29	-1	
5	1	115	3	5	1	1885	2261	24	22	87.331902	Οἱ
5	1	115	3	5	2	1922	2260	81	27	84.443161	ἀδελφοί
5	1	115	3	5	3	2016	2274	8	2	86.684105	-
5	1	115	3	5	4	2036	2259	31	22	93.292114	Τά
5	1	115	3	5	5	2080	2259	71	27	80.977959	ἀνήψια
5	1	115	3	5	6	2161	2272	8	3	93.124168	-
5	1	115	3	5	7	2180	2258	55	22	81.762810	θεῖοι
3	1	115	4	0	0	1884	2294	307	27	-1	
4	1	115	4	1	0	1884	2294	307	27	-1	
5	1	115	4	1	1	1884	2298	57	20	80.017014	Θεῖαι
5	1	115	4	1	2	1954	2310	8	3	92.567566	-
5	1	115	4	1	3	1972	2296	24	21	96.939255	Οἱ
5	1	115	4	1	4	2006	2294	65	23	55.026611	λοιποί
5	1	115	4	1	5	2081	2296	110	25	67.300339	συγγενεῖς.
2	1	116	0	0	0	2206	1876	31	13	-1	
3	1	116	1	0	0	2206	1876	31	13	-1	
4	1	116	1	1	0	2206	1876	31	13	-1	
5	1	116	1	1	1	2206	1876	31	13	92.085953	συ-
2	1	117	0	0	0	1887	2353	347	6	-1	
3	1	117	1	0	0	1887	2353	347	6	-1	
4	1	117	1	1	0	1887	2353	347	6	-1	
5	1	117	1	1	1	1887	2353	347	6	95.000000	 
2	1	118	0	0	0	1896	2383	338	132	-1	
3	1	118	1	0	0	1896	2383	338	132	-1	
4	1	118	1	1	0	1897	2383	335	24	-1	
5	1	118	1	1	1	1897	2385	132	22	73.428787	ΚΑΦΗΛΗΣ
5	1	118	1	1	2	2040	2383	192	22	61.875652	ΚΑΡΑΒΟΥΛΙΑ
4	1	118	1	2	0	1896	2418	338	23	-1	
5	1	118	1	2	1	1896	2421	81	20	25.824272	ΤΒΩΡ,
5	1	118	1	2	2	1987	2420	27	21	80.305161	Η.
5	1	118	1	2	3	2025	2418	209	23	41.384018	ΚΑΡΑΡΒΟΥΛΙΑΣ
4	1	118	1	3	0	1921	2453	285	28	-1	
5	1	118	1	3	1	1921	2453	152	28	20.219360	Αριστοτέλους
5	1	118	1	3	2	2083	2453	27	21	54.265881	00
5	1	118	1	3	3	2120	2453	86	25	1.022064	᾿Αβήναι
4	1	118	1	4	0	1971	2488	185	27	-1	
5	1	118	1	4	1	1971	2490	52	25	27.840134	Τηλ.
5	1	118	1	4	2	2041	2488	115	21	68.769218	89.19.4419
2	1	119	0	0	0	1887	2547	351	5	-1	
3	1	119	1	0	0	1887	2547	351	5	-1	
4	1	119	1	1	0	1887	2547	351	5	-1	
5	1	119	1	1	1	1887	2547	351	5	95.000000	 
2	1	120	0	0	0	1888	2577	349	270	-1	
3	1	120	1	0	0	1888	2577	349	235	-1	
4	1	120	1	1	0	1933	2577	260	24	-1	
5	1	120	1	1	1	1933	2579	71	22	91.514671	ΑΦΟΙ
5	1	120	1	1	2	2022	2577	171	23	91.872185	ΔΙΑΜΑΝΤΟΙ
4	1	120	1	2	0	1898	2613	334	23	-1	
5	1	120	1	2	1	1898	2615	84	21	96.115242	ΛΕΩΦ.
5	1	120	1	2	2	2001	2613	231	23	94.427467	ΒΟΥΛΙΑΓΜΕΝΗΣ
4	1	120	1	3	0	1944	2649	240	22	-1	
5	1	120	1	3	1	1944	2650	42	21	52.933411	550
5	1	120	1	3	2	1998	2649	186	22	83.613052	ΗΛΙΟΥΠΟΛΙΣ
4	1	120	1	4	0	1903	2683	323	23	-1	
5	1	120	1	4	1	1903	2685	114	21	90.414146	ΑΘΗΝΑΙ
5	1	120	1	4	2	2031	2685	66	20	96.635666	ΤΗΛ.
5	1	120	1	4	3	2109	2683	117	22	7.518883	22.159.672
4	1	120	1	5	0	1895	2719	342	23	-1	
5	1	120	1	5	1	1895	2720	161	22	14.419563	ΦΩΤΙΣΤΙΚΑ
5	1	120	1	5	2	2065	2732	9	3	14.419563	-
5	1	120	1	5	3	2083	2719	154	21	90.904366	ΚΡΥΣΤΙΑΛΑ
4	1	120	1	6	0	1906	2754	319	23	-1	
5	1	120	1	6	1	1906	2755	195	22	88.323578	ΠΟΡΙΣΕΛΑΝΕΣ
5	1	120	1	6	2	2108	2767	9	3	91.135338	-
5	1	120	1	6	3	2126	2754	99	22	83.258896	ΔΙΑΚΟ-
4	1	120	1	7	0	1888	2790	338	22	-1	
5	1	120	1	7	1	1888	2791	152	21	88.839340	ΣΜΗΤΙΚΑ-
5	1	120	1	7	2	2047	2790	96	21	89.882324	ΔΩΡΑ-
5	1	120	1	7	3	2155	2790	71	21	96.469353	ΕΙΔΗ
3	1	120	2	0	0	1898	2825	292	22	-1	
4	1	120	2	1	0	1898	2825	292	22	-1	
5	1	120	2	1	1	1898	2826	142	21	93.199326	ΟΙΚΙΑΚΗΣ
5	1	120	2	1	2	2048	2825	142	22	96.500008	ΧΡΗΣΕΩΣ.
2	1	121	0	0	0	1889	2872	348	3	-1	
3	1	121	1	0	0	1889	2872	348	3	-1	
4	1	121	1	1	0	1889	2872	348	3	-1	
5	1	121	1	1	1	1889	2872	348	3	95.000000	 
2	1	122	0	0	0	1893	2895	346	169	-1	
3	1	122	1	0	0	1893	2895	346	128	-1	
4	1	122	1	1	0	2017	2895	95	21	-1	
5	1	122	1	1	1	2017	2895	95	21	44.338425	ΡΡΒΟΣ
4	1	122	1	2	0	1895	2930	335	22	-1	
5	1	122	1	2	1	1895	2931	159	21	46.352127	ΚΡΥΣΡΑΙΛΑ
5	1	122	1	2	2	2064	2944	7	2	59.076385	-
5	1	122	1	2	3	2085	2930	145	21	74.335281	ΠΟΡΣΕΛΑ
4	1	122	1	3	0	1895	2966	244	22	-1	
5	1	122	1	3	1	1895	2966	66	22	85.635635	ΝΑΙ-
5	1	122	1	3	2	1971	2966	168	22	95.964760	ΦΩΤΙΣΤΙΚΑ.
4	1	122	1	4	0	1893	3000	346	23	-1	
5	1	122	1	4	1	1893	3001	94	22	6.232079	ΤΒΒΟΡ
5	1	122	1	4	2	2000	3001	118	22	81.623260	ΥΑΛΙΚΑ.
5	1	122	1	4	3	2131	3000	84	23	95.480865	Σταδίου
5	1	122	1	4	4	2226	3001	13	21	88.285805	4
3	1	122	2	0	0	1908	3036	307	28	-1	
4	1	122	2	1	0	1908	3036	307	28	-1	
5	1	122	2	1	1	1908	3036	28	22	85.536240	Τό
5	1	122	2	1	2	1946	3036	142	28	67.087891	ὑπερσύγχρονο
5	1	122	2	1	3	2098	3037	117	27	74.902496	χατάστηα
2	1	123	0	0	0	1988	3072	155	22	-1	
3	1	123	1	0	0	1988	3072	155	22	-1	
4	1	123	1	1	0	1988	3072	155	22	-1	
5	1	123	1	1	1	1988	3072	125	22	88.545624	ΣΤΑΔΙΟΥ
5	1	123	1	1	2	2131	3073	12	20	94.931084	4
