level	page_num	block_num	par_num	line_num	word_num	left	top	width	height	conf	text
1	1	0	0	0	0	0	0	2295	3198	-1	
2	1	1	0	0	0	140	39	554	52	-1	
3	1	1	1	0	0	140	39	554	52	-1	
4	1	1	1	1	0	140	39	554	52	-1	
5	1	1	1	1	1	140	39	554	52	70.447464	ΠΑΡΑΤΗΡΗΣΕΙΣ
2	1	2	0	0	0	61	144	707	251	-1	
3	1	2	1	0	0	61	144	707	251	-1	
4	1	2	1	1	0	97	144	671	42	-1	
5	1	2	1	1	1	97	144	21	22	47.119415	6
5	1	2	1	1	2	133	147	79	22	90.101013	ΣΤΟΝ
5	1	2	1	1	3	222	149	112	23	90.910591	ΚΑΡΑΒΑ
5	1	2	1	1	4	343	153	91	26	86.693886	µεταξύ
5	1	2	1	1	5	446	153	38	22	41.058884	6-7
5	1	2	1	1	6	494	155	141	29	53.515430	χιλιόμετρα
5	1	2	1	1	7	648	157	13	21	90.842010	ὁ
5	1	2	1	1	8	678	158	90	28	25.668816	δρόμος
4	1	2	1	2	0	64	182	702	39	-1	
5	1	2	1	2	1	64	182	45	21	96.795883	πού
5	1	2	1	2	2	123	182	56	23	96.347588	εἶναι
5	1	2	1	2	3	194	185	82	28	96.518448	στενός
5	1	2	1	2	4	292	187	23	21	96.981598	οἱ
5	1	2	1	2	5	329	188	81	27	80.598648	θάμνοι
5	1	2	1	2	6	423	189	42	21	96.950996	τόν
5	1	2	1	2	7	479	191	114	27	86.676201	στένεψαν
5	1	2	1	2	8	607	193	159	28	96.596916	περισσότερο
4	1	2	1	3	0	64	217	702	40	-1	
5	1	2	1	3	1	64	217	38	22	74.966476	καί
5	1	2	1	3	2	111	217	58	29	86.379654	ἔγινε
5	1	2	1	3	3	179	219	150	30	92.917854	ἐπικίνδυνος,
5	1	2	1	3	4	343	224	33	26	96.695183	εἰς
5	1	2	1	3	5	389	224	25	21	96.835854	δέ
5	1	2	1	3	6	428	225	28	21	96.774200	τό
5	1	2	1	3	7	467	226	82	28	95.755974	γεφύρι
5	1	2	1	3	8	560	229	43	19	93.288940	τοῦ
5	1	2	1	3	9	615	228	96	22	91.334686	Φύλακα
5	1	2	1	3	10	721	230	45	27	0.000000	Αγ
4	1	2	1	4	0	65	253	700	41	-1	
5	1	2	1	4	1	65	253	71	26	90.281425	γελου
5	1	2	1	4	2	148	255	46	21	96.052277	πού
5	1	2	1	4	3	207	255	56	23	93.290321	εἶναι
5	1	2	1	4	4	278	257	82	29	92.792328	ἐπίσης
5	1	2	1	4	5	375	260	77	25	32.545975	στενό,
5	1	2	1	4	6	468	261	39	21	77.296158	Καί
5	1	2	1	4	7	521	262	66	22	96.342239	πάνω
5	1	2	1	4	8	602	264	27	21	93.940689	σέ
5	1	2	1	4	9	655	264	110	30	88.327866	ἀπότομη
4	1	2	1	5	0	64	290	701	38	-1	
5	1	2	1	5	1	64	290	124	27	85.649658	στροφή...,
5	1	2	1	5	2	199	291	68	28	92.868744	ἔχουν
5	1	2	1	5	3	281	294	65	22	97.003738	πέσει
5	1	2	1	5	4	361	296	158	28	89.655212	πολυάριθµοι
5	1	2	1	5	5	534	299	21	20	78.719833	σ᾿
5	1	2	1	5	6	567	298	59	22	92.953041	αὐτό
5	1	2	1	5	7	636	300	28	21	93.301140	τό
5	1	2	1	5	8	676	302	89	26	91.505875	σημεῖο.
4	1	2	1	6	0	63	323	703	40	-1	
5	1	2	1	6	1	63	323	28	22	60.084145	Οἵ
5	1	2	1	6	2	100	324	83	29	88.515999	ὁδηγοί
5	1	2	1	6	3	190	327	61	21	96.150162	λένε:
5	1	2	1	6	4	267	330	134	27	95.840149	χρειάζεται
5	1	2	1	6	5	412	332	121	28	61.184353	φάρδυµα,
5	1	2	1	6	6	544	333	14	28	92.869705	ἤ
5	1	2	1	6	7	568	335	159	28	96.692429	τουλάχιστον
5	1	2	1	6	8	736	344	30	15	94.275986	κα
4	1	2	1	7	0	61	359	658	36	-1	
5	1	2	1	7	1	61	359	31	28	55.995461	λή
5	1	2	1	7	2	105	360	108	30	39.883213	σήμανση
5	1	2	1	7	3	225	363	38	21	96.245544	καί
5	1	2	1	7	4	278	364	138	29	92.701538	ἀκρότοιχα,
5	1	2	1	7	5	431	368	55	27	96.029419	πρίν
5	1	2	1	7	6	503	369	88	22	96.921135	πέσουν
5	1	2	1	7	7	602	371	30	21	56.045078	κι’
5	1	2	1	7	8	645	371	74	22	92.311790	ἄλλοι.
2	1	3	0	0	0	58	411	707	173	-1	
3	1	3	1	0	0	58	411	707	173	-1	
4	1	3	1	1	0	96	411	668	43	-1	
5	1	3	1	1	1	96	411	22	22	76.101700	9
5	1	3	1	1	2	138	414	59	23	93.749084	ΣΤΗ
5	1	3	1	1	3	211	416	76	22	96.478745	ΘΕΣΗ
5	1	3	1	1	4	302	418	176	30	76.035866	Κουφόγκρεµο,
5	1	3	1	1	5	493	422	43	22	92.901459	200
5	1	3	1	1	6	550	430	22	20	48.581818	μµ.
5	1	3	1	1	7	589	424	54	27	95.636536	πρίν
5	1	3	1	1	8	658	425	47	21	92.845406	ἀπό
5	1	3	1	1	9	735	426	29	28	93.835388	τή
4	1	3	1	2	0	58	448	707	40	-1	
5	1	3	1	2	1	58	448	94	28	96.499290	γέφυρα
5	1	3	1	2	2	169	452	42	27	93.285522	τῆς
5	1	3	1	2	3	228	452	122	29	92.230896	Κοτίτσας,
5	1	3	1	2	4	367	455	58	27	92.544914	ἔγινε
5	1	3	1	2	5	442	458	159	29	83.407494	κατολίσθηση
5	1	3	1	2	6	615	460	98	28	90.191635	δράχων
5	1	3	1	2	7	726	462	39	21	96.262184	καί
4	1	3	1	3	0	60	484	704	41	-1	
5	1	3	1	3	1	60	484	124	29	96.723076	παρέσυρε
5	1	3	1	3	2	198	488	40	20	93.212486	καί
5	1	3	1	3	3	252	490	81	26	65.448189	τμῆμα
5	1	3	1	3	4	346	492	43	19	96.886002	τοῦ
5	1	3	1	3	5	404	491	97	28	28.216881	δρόμου.
5	1	3	1	3	6	518	494	138	28	96.801704	Χρειάζεται
5	1	3	1	3	7	672	496	92	29	91.671860	ἐμφανῆ
4	1	3	1	4	0	60	521	704	39	-1	
5	1	3	1	4	1	60	521	186	30	57.385750	σηµατοδότηση
5	1	3	1	4	2	256	524	39	27	90.791672	γιά
5	1	3	1	4	3	302	525	30	21	90.791672	νά
5	1	3	1	4	4	341	526	136	28	96.722496	προσέχουν
5	1	3	1	4	5	485	529	39	21	96.447678	καί
5	1	3	1	4	6	534	530	28	21	96.969925	νά
5	1	3	1	4	7	573	530	28	21	96.948929	τό
5	1	3	1	4	8	613	531	151	29	92.244034	ἀποφεύγουν
4	1	3	1	5	0	59	555	127	29	-1	
5	1	3	1	5	1	59	555	23	21	93.294533	οἱ
5	1	3	1	5	2	99	555	87	29	92.013863	ὁδηγοί.
2	1	4	0	0	0	287	109	265	8	-1	
3	1	4	1	0	0	287	109	265	8	-1	
4	1	4	1	1	0	287	109	265	8	-1	
5	1	4	1	1	1	287	109	265	8	95.000000	 
2	1	5	0	0	0	55	606	708	175	-1	
3	1	5	1	0	0	55	606	708	145	-1	
4	1	5	1	1	0	94	606	669	41	-1	
5	1	5	1	1	1	94	606	21	22	76.290314	9
5	1	5	1	1	2	134	609	17	21	78.502090	Ο
5	1	5	1	1	3	166	610	76	22	93.301643	ΠΡΟΣ
5	1	5	1	1	4	254	612	171	25	91.653900	ΛΟΓΓΑΝΙΚΟ
5	1	5	1	1	5	439	616	146	30	92.129852	ἐπαρχιακός
5	1	5	1	1	6	599	620	97	27	89.917252	δρόµος,
5	1	5	1	1	7	725	622	38	21	67.778061	δυ-
4	1	5	1	2	0	60	645	702	38	-1	
5	1	5	1	2	1	60	645	93	26	91.604958	στυχῶς
5	1	5	1	2	2	169	645	120	28	86.585487	δρίσκεται
5	1	5	1	2	3	306	649	27	21	96.028702	σέ
5	1	5	1	2	4	348	651	61	20	95.016289	πολύ
5	1	5	1	2	5	420	652	129	29	22.576569	χειρότερη
5	1	5	1	2	6	562	655	140	28	96.248169	κατάσταση
5	1	5	1	2	7	715	657	47	21	92.434715	ἀπό
4	1	5	1	3	0	57	678	706	38	-1	
5	1	5	1	3	1	57	678	55	26	93.301666	τούς
5	1	5	1	3	2	123	679	142	29	92.370911	ἀγροτικούς
5	1	5	1	3	3	275	683	112	27	89.853386	δρόµους,
5	1	5	1	3	4	397	686	41	20	79.973480	καί
5	1	5	1	3	5	447	686	121	28	92.771912	ἐνδέχεται
5	1	5	1	3	6	579	690	28	19	93.299278	τό
5	1	5	1	3	7	618	692	106	24	91.169624	χειμῶνα
5	1	5	1	3	8	732	692	31	20	96.037796	νά
4	1	5	1	4	0	55	714	660	37	-1	
5	1	5	1	4	1	55	714	67	21	93.046722	κοπεῖ
5	1	5	1	4	2	136	714	13	28	92.380074	ἡ
5	1	5	1	4	3	164	717	157	26	93.188377	συγκοινωνία.
5	1	5	1	4	4	336	719	62	27	24.358894	ἼἨδη
5	1	5	1	4	5	411	720	88	28	93.071785	Κόπηκε
5	1	5	1	4	6	512	723	42	26	96.928413	τῆς
5	1	5	1	4	7	572	723	143	28	96.401909	Τριπόλεως.
3	1	5	2	0	0	512	757	221	24	-1	
4	1	5	2	1	0	512	757	221	24	-1	
5	1	5	2	1	1	512	757	60	21	68.137917	Κ.Π.
5	1	5	2	1	2	592	759	141	22	86.719856	ΓΟΜΑΤΟΣ
2	1	6	0	0	0	52	802	709	386	-1	
3	1	6	1	0	0	52	802	709	386	-1	
4	1	6	1	1	0	85	802	673	37	-1	
5	1	6	1	1	1	85	802	17	21	90.257256	Η
5	1	6	1	1	2	116	802	116	24	96.881371	ΕΚΔΟΣΗ
5	1	6	1	1	3	249	806	36	21	96.066879	καί
5	1	6	1	1	4	302	806	55	28	93.262589	νέας
5	1	6	1	1	5	369	807	151	29	92.501419	ἐφημερίδας,
5	1	6	1	1	6	534	809	57	23	95.176689	εἶναι
5	1	6	1	1	7	603	812	41	27	58.242325	μιά
5	1	6	1	1	8	658	813	100	23	92.748680	ἁδιάσει-
4	1	6	1	2	0	54	838	707	38	-1	
5	1	6	1	2	1	54	844	46	21	93.298523	στη
5	1	6	1	2	2	113	838	122	29	77.906281	ἀπόδειξη,
5	1	6	1	2	3	251	841	36	22	93.297508	ὅτι
5	1	6	1	2	4	301	841	13	28	92.026978	ἡ
5	1	6	1	2	5	327	843	85	27	96.524536	πρώτη
5	1	6	1	2	6	423	844	132	28	89.980415	ἐφημερίδα
5	1	6	1	2	7	564	854	54	20	95.384445	µας,
5	1	6	1	2	8	631	848	28	20	93.296936	τό
5	1	6	1	2	9	674	849	87	27	89.803551	«Γεωρ-
4	1	6	1	3	0	54	872	705	39	-1	
5	1	6	1	3	1	54	872	82	28	75.819214	Υίτσι»,
5	1	6	1	3	2	163	874	120	29	91.901817	ἐπηρέασε
5	1	6	1	3	3	314	878	89	26	75.130966	δαθειά,
5	1	6	1	3	4	418	879	116	28	93.067955	ἀφύπνισε
5	1	6	1	3	5	566	882	82	28	85.977547	ὅλους,
5	1	6	1	3	6	681	883	78	28	85.977547	ἄνοιξε
4	1	6	1	4	0	54	908	704	39	-1	
5	1	6	1	4	1	54	908	41	28	93.289764	τήν
5	1	6	1	4	2	106	909	80	28	93.237076	ὄρεξη,
5	1	6	1	4	3	198	911	37	21	96.424545	καί
5	1	6	1	4	4	244	913	165	26	82.460701	κυριολεκτικά
5	1	6	1	4	5	420	914	75	28	91.507080	ἄναψε
5	1	6	1	4	6	506	918	115	26	89.186569	πυρκαῦά,
5	1	6	1	4	7	633	919	48	21	93.293106	στά
5	1	6	1	4	8	692	919	66	28	62.704170	αἵμα-
4	1	6	1	5	0	53	945	706	34	-1	
5	1	6	1	5	1	53	950	30	14	85.061508	τοι
5	1	6	1	5	2	93	945	46	21	93.279366	τῶν
5	1	6	1	5	3	151	945	141	30	83.470444	ἀπανταχοῦ
5	1	6	1	5	4	304	952	189	25	75.764336	συμπατριωτῶν
5	1	6	1	5	5	508	959	52	20	92.985764	µας.
5	1	6	1	5	6	573	953	89	22	92.852173	Διόλου
5	1	6	1	5	7	675	955	40	21	96.763947	δέν
5	1	6	1	5	8	730	955	29	21	96.187630	θά
4	1	6	1	6	0	53	978	704	38	-1	
5	1	6	1	6	1	53	978	160	30	52.666508	ἐκπυλαγοῦμε,
5	1	6	1	6	2	228	982	28	22	92.296730	ἄν
5	1	6	1	6	3	272	983	114	23	92.296730	ἐκδοθοῦν
5	1	6	1	6	4	399	986	30	20	86.200096	κι’
5	1	6	1	6	5	444	985	72	29	71.594414	ἄλλες
5	1	6	1	6	6	531	987	161	29	91.957298	ἐφημερίδες...
5	1	6	1	6	7	708	990	49	22	92.988716	Εἴθε
4	1	6	1	7	0	52	1015	707	43	-1	
5	1	6	1	7	1	52	1015	28	21	93.228172	νά
5	1	6	1	7	2	91	1016	212	27	89.599594	τριπλασιαστοῦν:
5	1	6	1	7	3	320	1020	44	21	55.771973	Καί
5	1	6	1	7	4	375	1021	29	21	93.171303	τά
5	1	6	1	7	5	417	1021	144	29	91.221870	ξενοδοχεῖα,
5	1	6	1	7	6	574	1025	38	20	94.337936	καί
5	1	6	1	7	7	627	1025	20	21	96.998611	οἱ
5	1	6	1	7	8	659	1022	100	36	30.555588	χασαπιο
4	1	6	1	8	0	52	1051	705	37	-1	
5	1	6	1	8	1	52	1051	120	28	41.839394	ταθέρνες,
5	1	6	1	8	2	186	1053	38	21	95.490524	καί
5	1	6	1	8	3	237	1053	20	21	93.280968	οἱ
5	1	6	1	8	4	271	1054	104	28	92.393089	ξενῶνες,
5	1	6	1	8	5	387	1057	38	21	96.126328	καί
5	1	6	1	8	6	435	1058	31	21	96.828056	τά
5	1	6	1	8	7	480	1061	186	27	45.748768	πτηνοτροφεῖαι
5	1	6	1	8	8	679	1062	36	21	88.120071	Καί
5	1	6	1	8	9	727	1063	30	21	96.449623	τά
4	1	6	1	9	0	52	1089	704	34	-1	
5	1	6	1	9	1	52	1089	173	26	32.711212	χοιροτροφεῖα,
5	1	6	1	9	2	242	1090	37	21	84.861595	καί
5	1	6	1	9	3	295	1090	47	22	93.206482	ὅλα
5	1	6	1	9	4	355	1092	30	21	96.510262	τά
5	1	6	1	9	5	399	1095	158	26	95.874214	παραγωγικά
5	1	6	1	9	6	571	1095	124	28	67.314758	Ἱδρύμαπα,
5	1	6	1	9	7	709	1098	47	21	96.336411	πού
4	1	6	1	10	0	52	1124	704	37	-1	
5	1	6	1	10	1	52	1124	151	26	31.149055	πραγµοαπικά
5	1	6	1	10	2	216	1124	150	28	96.516533	χρειάζονται
5	1	6	1	10	3	380	1128	46	21	96.437279	στά
5	1	6	1	10	4	440	1130	74	27	96.590263	χωριά
5	1	6	1	10	5	528	1137	53	21	93.085411	μας,
5	1	6	1	10	6	595	1133	161	28	96.065056	περισσότερο
4	1	6	1	11	0	52	1156	247	32	-1	
5	1	6	1	11	1	52	1156	49	22	96.529129	ἀπό
5	1	6	1	11	2	109	1158	34	27	93.297783	τίς
5	1	6	1	11	3	152	1159	147	29	92.578812	ἐφημερίδες.
2	1	7	0	0	0	55	1216	702	14	-1	
3	1	7	1	0	0	55	1216	702	14	-1	
4	1	7	1	1	0	55	1216	702	14	-1	
5	1	7	1	1	1	55	1216	702	14	95.000000	 
2	1	8	0	0	0	83	1248	642	135	-1	
3	1	8	1	0	0	87	1248	634	131	-1	
4	1	8	1	1	0	228	1248	345	27	-1	
5	1	8	1	1	1	228	1248	114	24	96.275810	ΕΚΕΙΝΟΙ
5	1	8	1	1	2	363	1251	60	21	93.213737	ΠΟΥ
5	1	8	1	1	3	441	1252	132	23	92.876503	ΦΕΥΓΟΥΝ
4	1	8	1	2	0	102	1300	608	53	-1	
5	1	8	1	2	1	102	1300	176	48	91.722084	Εὐγενία
5	1	8	1	2	2	298	1303	240	50	92.810432	Εὐαγγέλου
5	1	8	1	2	3	564	1309	146	40	45.338894	ΛΙπακῆ
4	1	8	1	3	0	83	1347	642	36	-1	
5	1	8	1	3	1	83	1347	69	36	31.065353	ο
5	1	8	1	3	2	236	1347	72	36	23.955414	οσο
5	1	8	1	3	3	332	1347	63	36	0.074806	ο
5	1	8	1	3	4	455	1347	24	36	0.000000	πι
5	1	8	1	3	5	488	1347	69	36	0.000000	τοςς
5	1	8	1	3	6	581	1347	30	36	41.663048	ο
5	1	8	1	3	7	650	1347	75	36	0.000000	σα
2	1	9	0	0	0	46	1387	708	327	-1	
3	1	9	1	0	0	48	1387	706	211	-1	
4	1	9	1	1	0	83	1387	671	45	-1	
5	1	9	1	1	1	83	1387	103	29	89.162064	Ὕστερα
5	1	9	1	1	2	200	1390	49	21	96.667023	ἀπό
5	1	9	1	1	3	263	1392	165	28	23.140228	μακροχρόνια
5	1	9	1	1	4	438	1394	117	27	88.618973	ἀσθένεια,
5	1	9	1	1	5	572	1396	119	24	93.144791	ἀπεδίωσε
5	1	9	1	1	6	699	1395	55	37	96.472878	στίς
4	1	9	1	2	0	51	1422	703	40	-1	
5	1	9	1	2	1	51	1422	91	23	28.355713	6-]2-80
5	1	9	1	2	2	150	1424	15	28	90.785942	ἡ
5	1	9	1	2	3	179	1425	99	28	91.041100	Εὐγενία
5	1	9	1	2	4	285	1426	53	27	83.095551	σύζ.
5	1	9	1	2	5	350	1428	71	28	88.196030	Εὐάγ.
5	1	9	1	2	6	436	1429	86	29	90.775536	Μπακῆ
5	1	9	1	2	7	533	1431	59	23	93.111565	ἐτῶν
5	1	9	1	2	8	602	1433	36	25	94.605209	70,
5	1	9	1	2	9	647	1434	39	21	93.237160	καί
5	1	9	1	2	10	701	1435	53	27	50.152245	ἐκη-
4	1	9	1	3	0	50	1458	704	40	-1	
5	1	9	1	3	1	50	1458	70	28	91.714279	δεύθη
5	1	9	1	3	2	133	1460	191	30	72.074173	μεγαλοπρεπῶς
5	1	9	1	3	3	337	1464	46	21	93.282913	στό
5	1	9	1	3	4	396	1465	136	28	53.675903	Γεωργίτσι,
5	1	9	1	3	5	545	1467	27	27	68.049957	μέ.
5	1	9	1	3	6	601	1468	153	30	80.786957	πολυάριθµα
4	1	9	1	4	0	50	1495	703	34	-1	
5	1	9	1	4	1	50	1495	120	27	25.341003	στεφάνια
5	1	9	1	4	2	184	1497	29	26	86.952675	µέ
5	1	9	1	4	3	230	1498	111	28	82.153938	πάνδηµη
5	1	9	1	4	4	353	1502	139	27	53.204044	συμμετοχή
5	1	9	1	4	5	504	1504	48	20	96.632202	τῶν
5	1	9	1	4	6	565	1504	116	22	59.781540	κατοίκων
5	1	9	1	4	7	710	1507	43	20	85.300339	τοῦ
4	1	9	1	5	0	48	1531	705	37	-1	
5	1	9	1	5	1	48	1531	94	26	90.851013	χωριοῦ,
5	1	9	1	5	2	153	1533	47	20	93.296356	τῶν
5	1	9	1	5	3	211	1532	79	28	92.858742	ἱερέων
5	1	9	1	5	4	302	1534	38	22	93.298050	καί
5	1	9	1	5	5	351	1536	114	22	77.556183	Καποίκων
5	1	9	1	5	6	477	1539	47	20	96.857338	τῶν
5	1	9	1	5	7	541	1539	64	28	93.194572	γύρω
5	1	9	1	5	8	616	1542	98	26	91.823158	χωριῶν,
5	1	9	1	5	9	726	1549	27	14	90.053055	κυ
4	1	9	1	6	0	48	1565	450	33	-1	
5	1	9	1	6	1	48	1565	55	26	73.428520	ρίως
5	1	9	1	6	2	110	1567	44	26	96.994125	τῆς
5	1	9	1	6	3	161	1568	137	27	96.882271	γενέτειράς
5	1	9	1	6	4	307	1576	44	20	96.950706	της
5	1	9	1	6	5	360	1571	138	27	61.912746	᾽Αλευροῦς.
3	1	9	2	0	0	46	1600	706	110	-1	
4	1	9	2	1	0	76	1600	676	36	-1	
5	1	9	2	1	1	76	1600	47	21	93.297791	Τόν
5	1	9	2	1	2	136	1600	120	29	92.482513	ἐπικήδειο
5	1	9	2	1	3	267	1603	134	29	92.908508	ἐξεφώνησε
5	1	9	2	1	4	417	1606	13	21	92.837074	ὁ
5	1	9	2	1	5	443	1606	125	30	92.679092	ἐφημέριος
5	1	9	2	1	6	581	1616	20	14	96.702278	κ.
5	1	9	2	1	7	617	1610	60	22	93.287666	Κων.
5	1	9	2	1	8	703	1612	49	21	89.921150	Για-
4	1	9	2	2	0	47	1635	705	39	-1	
5	1	9	2	2	1	47	1635	88	28	91.029152	τράκος
5	1	9	2	2	2	155	1636	87	29	93.021500	ἐξάρας
5	1	9	2	2	3	258	1639	34	27	92.940857	τίς
5	1	9	2	2	4	307	1640	85	28	91.850304	ἀρετές
5	1	9	2	2	5	407	1643	43	26	93.298470	τῆς
5	1	9	2	2	6	467	1643	127	29	92.480637	θανούσης,
5	1	9	2	2	7	613	1646	49	21	95.383202	πού
5	1	9	2	2	8	693	1645	59	29	95.318375	ἦταν
4	1	9	2	3	0	46	1671	661	43	-1	
5	1	9	2	3	1	46	1671	120	27	34.508446	πράγματι
5	1	9	2	3	2	178	1673	132	29	91.863831	ὑπόδειγμα
5	1	9	2	3	3	320	1676	100	28	92.594055	ἀρίστης
5	1	9	2	3	4	431	1676	106	30	96.003113	συζύγου
5	1	9	2	3	5	549	1680	36	22	96.866936	καί
5	1	9	2	3	6	596	1677	111	37	77.828278	µηπέρας.
2	1	10	0	0	0	43	1724	708	459	-1	
3	1	10	1	0	0	44	1724	707	379	-1	
4	1	10	1	1	0	73	1724	678	39	-1	
5	1	10	1	1	1	73	1724	68	29	89.371658	Παρά
5	1	10	1	1	2	155	1726	44	28	93.256477	τήν
5	1	10	1	1	3	214	1729	127	28	88.809624	καρτερική
5	1	10	1	1	4	354	1730	37	21	96.638969	καί
5	1	10	1	1	5	401	1733	117	28	88.830170	στοργική
5	1	10	1	1	6	530	1733	99	30	91.881973	ἐπιμονή
5	1	10	1	1	7	655	1737	44	20	93.281013	τοῦ
5	1	10	1	1	8	711	1744	40	14	89.895561	συ-
4	1	10	1	2	0	46	1757	705	40	-1	
5	1	10	1	2	1	46	1757	73	30	92.609108	ζύγου
5	1	10	1	2	2	132	1768	42	21	91.661331	της
5	1	10	1	2	3	192	1762	87	29	35.824242	ΕὐάγΥ.
5	1	10	1	2	4	295	1764	86	30	91.478981	Μπακῆ
5	1	10	1	2	5	395	1767	37	21	93.954033	καί
5	1	10	1	2	6	447	1769	46	20	93.291336	τῶν
5	1	10	1	2	7	507	1769	117	28	84.862267	ἐνάρετων
5	1	10	1	2	8	652	1772	99	22	84.862267	παιδιῶν
4	1	10	1	3	0	45	1797	706	38	-1	
5	1	10	1	3	1	45	1802	50	21	96.331306	της,
5	1	10	1	3	2	107	1797	48	21	96.331306	πού
5	1	10	1	3	3	168	1798	39	21	93.093987	δέν
5	1	10	1	3	4	223	1799	143	29	89.529144	ἐφείσθησαν
5	1	10	1	3	5	379	1802	81	22	92.252892	κόπων
5	1	10	1	3	6	473	1804	37	21	92.293068	καί
5	1	10	1	3	7	523	1804	117	30	96.706062	δαπάνης,
5	1	10	1	3	8	656	1808	39	27	96.081490	γιά
5	1	10	1	3	9	722	1809	29	21	95.828789	νά
4	1	10	1	4	0	44	1832	705	40	-1	
5	1	10	1	4	1	44	1832	42	27	91.545448	τῆς
5	1	10	1	4	2	99	1834	160	27	79.121628	παρατείνουν
5	1	10	1	4	3	269	1836	29	27	96.574486	τή
5	1	10	1	4	4	311	1835	55	30	53.225750	ζωή:
5	1	10	1	4	5	390	1838	25	21	93.017715	Οἱ
5	1	10	1	4	6	428	1839	71	28	94.212395	κόρες
5	1	10	1	4	7	511	1847	43	21	93.238258	της
5	1	10	1	4	8	569	1841	64	29	79.519493	Φανῆ
5	1	10	1	4	9	644	1844	38	21	95.791344	καί
5	1	10	1	4	10	694	1844	55	28	95.584587	Νίκη
4	1	10	1	5	0	45	1865	704	41	-1	
5	1	10	1	5	1	45	1865	74	29	88.635841	ἦρθαν
5	1	10	1	5	2	130	1869	44	21	96.711388	δύο
5	1	10	1	5	3	187	1871	72	27	96.438545	φορές
5	1	10	1	5	4	272	1871	49	22	96.576729	ἀπό
5	1	10	1	5	5	333	1873	43	27	96.935562	τήν
5	1	10	1	5	6	393	1874	119	29	93.012962	᾽Αμερικήι
5	1	10	1	5	7	525	1877	131	29	96.471832	φέρνοντας
5	1	10	1	5	8	672	1880	30	21	93.278961	τά
5	1	10	1	5	9	714	1887	35	15	93.143532	τε-
4	1	10	1	6	0	44	1902	704	41	-1	
5	1	10	1	6	1	44	1902	113	29	64.276497	λειώτερα
5	1	10	1	6	2	166	1905	120	28	53.735451	φάρμακα,
5	1	10	1	6	3	297	1907	13	21	92.760208	ὁ
5	1	10	1	6	4	322	1908	110	28	91.312561	Γιῶργος,
5	1	10	1	6	5	445	1910	14	28	91.312561	ἡ
5	1	10	1	6	6	471	1911	80	28	73.305840	Ἑλένη
5	1	10	1	6	7	563	1913	39	21	96.170448	καί
5	1	10	1	6	8	613	1914	98	22	29.084076	Ιωάννα.
5	1	10	1	6	9	722	1923	26	20	95.973038	με
4	1	10	1	7	0	44	1938	703	40	-1	
5	1	10	1	7	1	44	1938	29	22	96.555099	τά
5	1	10	1	7	2	83	1940	46	21	96.968292	τῶν
5	1	10	1	7	3	138	1939	108	29	95.059410	συζύγων
5	1	10	1	7	4	258	1949	47	15	93.299446	των
5	1	10	1	7	5	316	1941	75	30	91.985641	ἦρθαν
5	1	10	1	7	6	403	1945	91	29	96.065857	πολλές
5	1	10	1	7	7	505	1948	72	27	96.430389	φορές
5	1	10	1	7	8	591	1949	48	21	96.469376	ἀπό
5	1	10	1	7	9	650	1950	42	28	91.181709	τήν
5	1	10	1	7	10	710	1951	37	21	47.381828	ἸΑ-
4	1	10	1	8	0	44	1973	704	41	-1	
5	1	10	1	8	1	44	1973	59	28	77.678757	θήναι
5	1	10	1	8	2	117	1976	39	26	96.880539	γιά
5	1	10	1	8	3	167	1977	29	20	95.492470	νά
5	1	10	1	8	4	208	1977	43	27	96.196083	τήν
5	1	10	1	8	5	263	1978	167	29	69.416367	ἐνθαρρύνουν.
5	1	10	1	8	6	445	1998	20	4	45.979851	...
5	1	10	1	8	7	486	1982	79	28	88.804169	Ὅμως
5	1	10	1	8	8	578	1984	13	21	92.100220	ὁ
5	1	10	1	8	9	608	1985	140	29	89.824478	Πανάγαθος
4	1	10	1	9	0	45	2009	702	38	-1	
5	1	10	1	9	1	45	2009	59	28	93.294479	Θεός
5	1	10	1	9	2	117	2011	124	23	89.257912	ἀνάπαυσε
5	1	10	1	9	3	256	2013	43	28	96.244614	τήν
5	1	10	1	9	4	312	2014	77	29	92.519577	ἄδολη
5	1	10	1	9	5	404	2016	62	28	94.370354	ψυχή
5	1	10	1	9	6	483	2024	43	21	96.393204	της
5	1	10	1	9	7	540	2019	37	21	96.234047	καί
5	1	10	1	9	8	593	2020	42	27	93.306084	τήν
5	1	10	1	9	9	650	2022	97	22	89.688133	κατέτα-
4	1	10	1	10	0	45	2044	702	41	-1	
5	1	10	1	10	1	45	2044	23	27	88.021286	ξε
5	1	10	1	10	2	76	2045	33	28	93.298370	εἰς
5	1	10	1	10	3	118	2046	79	28	92.681076	χώραν
5	1	10	1	10	4	207	2048	100	27	93.287621	δικαίων,
5	1	10	1	10	5	320	2049	28	28	92.727303	ἄς
5	1	10	1	10	6	357	2049	58	24	96.908035	εἶναι
5	1	10	1	10	7	427	2052	92	29	90.276642	ἐλαφρό
5	1	10	1	10	8	530	2054	28	23	93.298813	τό
5	1	10	1	10	9	570	2056	67	27	92.333374	χῶμα
5	1	10	1	10	10	647	2057	47	21	96.939011	πού
5	1	10	1	10	11	703	2058	44	27	96.949738	τήν
4	1	10	1	11	0	44	2081	113	22	-1	
5	1	10	1	11	1	44	2081	113	22	71.199570	σκέπασε.
3	1	10	2	0	0	43	2116	705	67	-1	
4	1	10	2	1	0	43	2116	705	41	-1	
5	1	10	2	1	1	43	2116	25	21	86.196320	Ἡ
5	1	10	2	1	2	82	2116	126	29	91.091713	ἐφημερίδα
5	1	10	2	1	3	220	2127	45	20	93.299530	µας
5	1	10	2	1	4	276	2121	125	23	87.551422	ἀπευθύνει
5	1	10	2	1	5	417	2123	136	28	81.503700	θερµόταται
5	1	10	2	1	6	562	2126	186	31	77.500458	συλλυπητήρια
4	1	10	2	2	0	43	2152	239	31	-1	
5	1	10	2	2	1	43	2152	72	27	88.999039	σπούς
5	1	10	2	2	2	125	2153	98	29	91.792473	οἰκείους
5	1	10	2	2	3	232	2162	50	21	96.652618	της.
2	1	11	0	0	0	44	2196	574	98	-1	
3	1	11	1	0	0	44	2196	701	98	-1	
4	1	11	1	1	0	44	2196	546	35	-1	
5	1	11	1	1	1	44	2196	546	35	0.000000	ἧ----------ο''''υ.''..
4	1	11	1	2	0	181	2243	437	51	-1	
5	1	11	1	2	1	181	2243	189	51	93.298332	Διάφορα
5	1	11	1	2	2	389	2251	229	39	88.322151	κοινωνικἀ
2	1	12	0	0	0	39	2334	704	387	-1	
3	1	12	1	0	0	39	2334	704	387	-1	
4	1	12	1	1	0	322	2334	147	23	-1	
5	1	12	1	1	1	322	2334	147	23	72.124023	ΠΕΛΛΑΝΑ.
4	1	12	1	2	0	265	2374	256	26	-1	
5	1	12	1	2	1	265	2374	149	24	77.424103	ΒΚΛΕΚΤΟΙ
5	1	12	1	2	2	431	2378	90	22	49.749474	ΓΑΜΟΙ
4	1	12	1	3	0	69	2406	674	34	-1	
5	1	12	1	3	1	69	2406	32	25	26.770393	ή
5	1	12	1	3	2	113	2406	34	26	73.658630	δην
5	1	12	1	3	3	159	2408	111	27	66.628159	Μοεμέρίου
5	1	12	1	3	4	294	2410	62	28	80.847672	1980.
5	1	12	1	3	5	368	2412	29	23	96.950119	εἰς
5	1	12	1	3	6	410	2412	31	21	63.704243	τόν
5	1	12	1	3	7	453	2414	176	26	33.001724	Μητροπολιτηκόν
5	1	12	1	3	8	644	2417	55	21	87.128654	Ναό,
5	1	12	1	3	9	712	2419	31	19	0.000000	)Α-
4	1	12	1	4	0	40	2441	703	38	-1	
5	1	12	1	4	1	40	2441	69	27	92.533463	θηνῶν,
5	1	12	1	4	2	127	2441	130	28	92.542992	ἐτελέσθησαν
5	1	12	1	4	3	272	2445	16	20	96.959251	οἱ
5	1	12	1	4	4	303	2445	57	27	82.513405	γάμοι
5	1	12	1	4	5	376	2449	32	19	93.248413	τοῦ
5	1	12	1	4	6	426	2450	38	19	89.573776	υιοῦ
5	1	12	1	4	7	479	2451	31	19	96.983788	τοῦ
5	1	12	1	4	8	528	2451	147	27	52.934868	συμπατριώτου
5	1	12	1	4	9	702	2461	41	18	96.233139	µας
4	1	12	1	5	0	41	2476	702	44	-1	
5	1	12	1	5	1	41	2476	115	28	84.069939	Στρατηγοῦ
5	1	12	1	5	2	172	2487	18	13	22.791580	κ.
5	1	12	1	5	3	205	2479	101	27	48.848820	Γεωρηίου
5	1	12	1	5	4	320	2481	130	29	0.101944	Καραγιάλνη
5	1	12	1	5	5	467	2493	18	13	77.796074	κ.
5	1	12	1	5	6	502	2485	120	23	54.934334	᾿ΑΦανασίου
5	1	12	1	5	7	638	2488	21	21	23.156601	Τ.,
5	1	12	1	5	8	675	2485	68	35	6.202812	Ίκαρα-
4	1	12	1	6	0	40	2511	702	41	-1	
5	1	12	1	6	1	40	2511	69	28	77.102432	Ὑιάννη
5	1	12	1	6	2	126	2513	151	29	78.289337	οἰκονομολόγου
5	1	12	1	6	3	291	2517	48	25	91.693596	µετά
5	1	12	1	6	4	359	2519	36	25	93.304604	τῆς
5	1	12	1	6	5	410	2520	16	20	63.454708	δ.
5	1	12	1	6	6	441	2519	68	27	92.880531	Ἔφης
5	1	12	1	6	7	524	2521	15	21	91.664963	Ἱ.
5	1	12	1	6	8	558	2521	73	28	83.719231	Μαυρη
5	1	12	1	6	9	647	2523	23	22	93.065125	ἐκ
5	1	12	1	6	10	686	2524	56	28	90.512756	Χίω,
4	1	12	1	7	0	39	2551	703	33	-1	
5	1	12	1	7	1	39	2551	164	24	50.223015	χοροστατοῦντος
5	1	12	1	7	2	217	2552	32	20	93.285988	τοῦ
5	1	12	1	7	3	262	2552	166	27	37.962990	Σεθασμιωτάτου
5	1	12	1	7	4	442	2555	154	28	93.880264	Μητροπολίτου
5	1	12	1	7	5	609	2558	90	26	91.814201	Νικαίας
5	1	12	1	7	6	724	2569	18	13	94.681320	κ.
4	1	12	1	8	0	55	2583	688	39	-1	
5	1	12	1	8	1	55	2583	88	27	11.784683	Ἑωργίου.
5	1	12	1	8	2	161	2585	134	29	54.674496	Παράνυμφος
5	1	12	1	8	3	308	2588	87	28	93.269020	παρέστη
5	1	12	1	8	4	411	2590	11	26	89.725624	ἡ
5	1	12	1	8	5	445	2600	18	12	93.845612	κ.
5	1	12	1	8	6	476	2591	70	27	0.000000	Ἀπαρία
5	1	12	1	8	7	563	2593	148	29	40.338211	᾽Αγγελικούση
5	1	12	1	8	8	722	2596	21	21	93.572502	σύ
4	1	12	1	9	0	39	2621	704	37	-1	
5	1	12	1	9	1	39	2621	57	24	24.855858	ἕυγος
5	1	12	1	9	2	117	2622	32	19	90.251793	τοῦ
5	1	12	1	9	3	166	2621	116	27	92.942909	ἐφοπλιστοῦ
5	1	12	1	9	4	298	2632	18	14	84.781395	κ.
5	1	12	1	9	5	334	2625	107	22	13.559456	᾽Αμτωνίου
5	1	12	1	9	6	457	2627	154	28	0.000000	᾽Απγολικούση,.
5	1	12	1	9	7	630	2630	26	21	87.619293	Ἡ
5	1	12	1	9	8	672	2631	71	27	14.729225	ἐφημε-
4	1	12	1	10	0	39	2654	245	31	-1	
5	1	12	1	10	1	39	2654	44	27	88.443001	ρίδα
5	1	12	1	10	2	99	2664	37	17	93.286179	µας
5	1	12	1	10	3	152	2657	100	28	78.976234	συγχαίρει
5	1	12	1	10	4	268	2660	16	18	88.613846	9.
4	1	12	1	11	0	39	2690	227	31	-1	
5	1	12	1	11	1	39	2690	44	25	92.809509	τούς
5	1	12	1	11	2	100	2691	77	28	90.655235	εὔχεται
5	1	12	1	11	3	193	2694	41	25	96.693878	ζωή
5	1	12	1	11	4	251	2703	15	18	40.059601	πι
2	1	13	0	0	0	307	2311	87	4	-1	
3	1	13	1	0	0	307	2311	87	4	-1	
4	1	13	1	1	0	307	2311	87	4	-1	
5	1	13	1	1	1	307	2311	87	4	95.000000	 
2	1	14	0	0	0	395	2312	87	6	-1	
3	1	14	1	0	0	395	2312	87	6	-1	
4	1	14	1	1	0	395	2312	87	6	-1	
5	1	14	1	1	1	395	2312	87	6	95.000000	 
2	1	15	0	0	0	323	2659	11	21	-1	
3	1	15	1	0	0	323	2659	11	21	-1	
4	1	15	1	1	0	323	2659	11	21	-1	
5	1	15	1	1	1	323	2659	11	21	95.000000	 
2	1	16	0	0	0	355	2660	387	32	-1	
3	1	16	1	0	0	355	2660	387	32	-1	
4	1	16	1	1	0	355	2660	387	32	-1	
5	1	16	1	1	1	355	2660	21	21	93.802612	τό
5	1	16	1	1	2	391	2661	57	27	50.249973	νεαρό
5	1	16	1	1	3	464	2664	124	26	62.936729	ταιριασµένο
5	1	16	1	1	4	604	2667	69	25	88.802521	ζεῦγος
5	1	16	1	1	5	707	2667	35	21	87.204124	καί
2	1	17	0	0	0	266	2676	55	39	-1	
3	1	17	1	0	0	266	2676	55	39	-1	
4	1	17	1	1	0	285	2676	36	10	-1	
5	1	17	1	1	1	285	2676	36	10	95.000000	 
4	1	17	1	2	0	266	2702	30	13	-1	
5	1	17	1	2	1	266	2702	30	13	95.000000	  
2	1	18	0	0	0	35	2696	705	280	-1	
3	1	18	1	0	0	38	2696	702	210	-1	
4	1	18	1	1	0	277	2696	244	28	-1	
5	1	18	1	1	1	277	2696	152	28	64.952957	Ισευτυχισµένη,
5	1	18	1	1	2	447	2698	74	25	96.557938	καλούς
4	1	18	1	2	0	38	2726	487	34	-1	
5	1	18	1	2	1	38	2726	95	28	92.430183	πλήρωση
5	1	18	1	2	2	144	2728	72	25	93.209175	παντός
5	1	18	1	2	3	229	2729	71	27	88.888245	ὡραίου
5	1	18	1	2	4	310	2731	72	27	77.867096	ὀνείρου
5	1	18	1	2	5	392	2732	33	22	72.927010	καί
5	1	18	1	2	6	435	2734	90	26	30.908035	εὐγοοῦς
4	1	18	1	3	0	297	2772	185	24	-1	
5	1	18	1	3	1	297	2772	185	24	0.000000	ΛΟΡΡΓΡΑΝΙΚΟΣ
4	1	18	1	4	0	290	2808	450	34	-1	
5	1	18	1	4	1	290	2816	38	18	93.831512	µας
5	1	18	1	4	2	339	2808	86	28	75.820732	Γιάννης
5	1	18	1	4	3	440	2811	21	21	62.207355	Β.
5	1	18	1	4	4	472	2811	85	28	87.520775	Βλάχος
5	1	18	1	4	5	573	2814	123	27	94.243179	τυπογράφος
5	1	18	1	4	6	714	2815	26	27	0.482941	ἆρ-
4	1	18	1	5	0	284	2844	454	29	-1	
5	1	18	1	5	1	284	2844	127	27	26.980164	χαριτωμέλη
5	1	18	1	5	2	425	2846	70	27	93.275543	Μαρία
5	1	18	1	5	3	514	2847	23	22	90.920967	Δ.
5	1	18	1	5	4	554	2848	132	23	84.008118	Ἡλιοπούλου
5	1	18	1	5	5	709	2851	29	20	96.785095	ἀπό
4	1	18	1	6	0	40	2875	353	31	-1	
5	1	18	1	6	1	40	2875	179	28	51.599579	Παλαιοπαναγιά.
5	1	18	1	6	2	229	2878	63	21	30.566925	Ἰζαλά
5	1	18	1	6	3	300	2879	93	27	84.981491	στέφανα.
3	1	18	2	0	0	35	2911	704	65	-1	
4	1	18	2	1	0	35	2911	704	35	-1	
5	1	18	2	1	1	35	2923	28	2	8.249619	π
5	1	18	2	1	2	77	2911	26	20	79.146744	Ἡ
5	1	18	2	1	3	117	2913	16	20	89.594833	δ.
5	1	18	2	1	4	148	2911	96	23	94.906792	Δέσποινα
5	1	18	2	1	5	259	2914	87	27	94.659477	Δημάκη
5	1	18	2	1	6	358	2917	136	27	77.598831	γηπιαγωγός,
5	1	18	2	1	7	526	2920	150	26	0.000000	τοποθετήἈηκε
5	1	18	2	1	8	705	2921	34	22	69.983887	στό
4	1	18	2	2	0	36	2945	294	31	-1	
5	1	18	2	2	1	36	2945	145	28	85.907730	Νηπιαγωηεῖο
5	1	18	2	2	2	196	2949	134	27	91.704453	Λογγανίκου.
2	1	19	0	0	0	537	2699	206	58	-1	
3	1	19	1	0	0	537	2699	206	58	-1	
4	1	19	1	1	0	539	2699	204	28	-1	
5	1	19	1	1	1	539	2699	106	28	92.488159	ἀπογόνους
5	1	19	1	1	2	662	2701	33	22	83.568199	καί
5	1	19	1	1	3	712	2703	31	21	91.383614	ἐκ-
4	1	19	1	2	0	537	2738	77	19	-1	
5	1	19	1	2	1	537	2738	77	19	25.121338	σχαποῦ.
2	1	20	0	0	0	37	2803	231	65	-1	
3	1	20	1	0	0	37	2803	231	65	-1	
4	1	20	1	1	0	66	2803	202	30	-1	
5	1	20	1	1	1	66	2803	23	21	30.258682	Ὁ
5	1	20	1	1	2	101	2804	97	26	47.316101	ἐχλεκτός
5	1	20	1	1	3	211	2805	57	28	95.587685	φίλος
4	1	20	1	2	0	37	2839	231	29	-1	
5	1	20	1	2	1	37	2839	147	27	72.433571	ραθωνιάστηκε
5	1	20	1	2	2	203	2841	22	26	86.476051	µέ
5	1	20	1	2	3	245	2843	23	25	96.169037	τή
2	1	21	0	0	0	35	3005	703	93	-1	
3	1	21	1	0	0	35	3005	703	93	-1	
4	1	21	1	1	0	325	3005	127	22	-1	
5	1	21	1	1	1	325	3005	127	22	73.459351	ΚΑΣΤΟΡΙ
4	1	21	1	2	0	65	3035	673	37	-1	
5	1	21	1	2	1	65	3035	39	22	93.252563	Στό
5	1	21	1	2	2	123	3036	86	28	34.855125	Ἱκαστόρι
5	1	21	1	2	3	230	3039	150	27	58.612820	τοποθετήθηκε
5	1	21	1	2	4	395	3040	44	26	93.839760	νέος
5	1	21	1	2	5	457	3042	135	28	31.564247	Σταθμάρχης
5	1	21	1	2	6	609	3046	8	20	92.332321	ὁ
5	1	21	1	2	7	633	3045	105	27	51.420753	᾿Ανθ)τής
4	1	21	1	3	0	35	3071	192	27	-1	
5	1	21	1	3	1	35	3079	18	13	77.112564	Χ.
5	1	21	1	3	2	70	3071	157	27	51.841961	Ἑασιλόπουλος,
2	1	22	0	0	0	750	56	33	3058	-1	
3	1	22	1	0	0	750	56	33	3058	-1	
4	1	22	1	1	0	750	56	33	3058	-1	
5	1	22	1	1	1	750	56	33	3058	95.000000	 
2	1	23	0	0	0	830	52	273	23	-1	
3	1	23	1	0	0	830	52	273	23	-1	
4	1	23	1	1	0	830	52	273	23	-1	
5	1	23	1	1	1	830	52	19	20	65.743546	Π
5	1	23	1	1	2	861	52	242	23	90.767494	ΑΝΟΙΚΟΔΟΜΗΣΗ
2	1	24	0	0	0	789	109	352	100	-1	
3	1	24	1	0	0	789	109	352	100	-1	
4	1	24	1	1	0	819	109	322	29	-1	
5	1	24	1	1	1	819	109	41	21	65.692108	ΜΕ
5	1	24	1	1	2	874	110	168	22	48.850422	ΒΥΣΑΡΙΣΤΗ
5	1	24	1	1	3	1066	111	75	27	35.696877	ἔκπλη-
4	1	24	1	2	0	789	145	351	27	-1	
5	1	24	1	2	1	789	145	27	26	72.062637	ξη
5	1	24	1	2	2	827	147	94	25	65.991135	διαθσαµε
5	1	24	1	2	3	929	146	35	21	86.918549	στό
5	1	24	1	2	4	973	146	167	23	28.547066	«ΔΑΚΩΝΙΚΟ
4	1	24	1	3	0	789	181	351	28	-1	
5	1	24	1	3	1	789	181	134	21	30.464218	ΚΗΡΥΚΑ»
5	1	24	1	3	2	942	181	21	22	92.864899	τό
5	1	24	1	3	3	985	182	155	27	55.717888	χρονογράφηµα
2	1	25	0	0	0	788	216	351	63	-1	
3	1	25	1	0	0	788	216	351	63	-1	
4	1	25	1	1	0	813	216	326	30	-1	
5	1	25	1	1	1	813	225	1	4	33.055740	ὃ
5	1	25	1	1	2	835	216	125	28	58.510189	παλαίµαχου
5	1	25	1	1	3	983	218	156	28	50.676491	δημοσιογράφου
4	1	25	1	2	0	788	251	350	28	-1	
5	1	25	1	2	1	788	251	33	22	76.601746	καὶ
5	1	25	1	2	2	831	252	96	22	0.000000	ἐκλεντοῦ
5	1	25	1	2	3	936	252	58	27	62.921669	φίλου
5	1	25	1	2	4	1005	261	40	18	62.921669	µας
5	1	25	1	2	5	1058	254	80	21	0.000000	«ο»
2	1	26	0	0	0	790	224	44	13	-1	
3	1	26	1	0	0	790	224	44	13	-1	
4	1	26	1	1	0	790	224	44	13	-1	
5	1	26	1	1	1	790	224	44	13	95.000000	 
2	1	27	0	0	0	788	287	350	154	-1	
3	1	27	1	0	0	788	287	350	99	-1	
4	1	27	1	1	0	789	287	349	29	-1	
5	1	27	1	1	1	789	287	34	21	95.931290	πού
5	1	27	1	1	2	837	288	100	27	0.000000	σχολιάζει
5	1	27	1	1	3	953	288	21	22	65.815582	τό
5	1	27	1	1	4	986	289	86	27	26.111481	ἀρθράκι
5	1	27	1	1	5	1098	298	40	18	19.141685	µας
4	1	27	1	2	0	788	323	350	29	-1	
5	1	27	1	2	1	788	323	179	27	62.504204	«Ανοικοδόμηση»
5	1	27	1	2	2	982	326	31	20	92.681709	τοῦ
5	1	27	1	2	3	1028	325	110	27	67.665695	προηγουµέ
4	1	27	1	3	0	789	358	168	28	-1	
5	1	27	1	3	1	789	367	31	13	96.393974	νου
5	1	27	1	3	2	830	358	72	28	50.247250	φύλλου
5	1	27	1	3	3	910	368	47	18	50.247250	µας.
3	1	27	2	0	0	817	411	219	30	-1	
4	1	27	2	1	0	817	411	219	30	-1	
5	1	27	2	1	1	817	411	23	21	87.815834	Ὁ
5	1	27	2	1	2	856	412	79	21	45.530838	«θΛ)
5	1	27	2	1	3	952	414	84	27	60.151814	µπερδεύ
2	1	28	0	0	0	788	445	262	29	-1	
3	1	28	1	0	0	788	445	262	29	-1	
4	1	28	1	1	0	801	445	235	10	-1	
5	1	28	1	1	1	801	445	4	7	18.983116	πο
5	1	28	1	1	2	877	449	7	4	0.000000	ος
5	1	28	1	1	3	954	449	4	6	0.000000	ἡ
5	1	28	1	1	4	1028	452	8	2	0.000000	ο
4	1	28	1	2	0	788	450	262	24	-1	
5	1	28	1	2	1	788	454	30	17	91.124237	τις
5	1	28	1	2	2	833	455	73	19	31.207260	ὠραῖες
5	1	28	1	2	3	920	450	77	23	94.729111	σκάλες
5	1	28	1	2	4	1013	458	37	13	96.609306	τῶν
2	1	29	0	0	0	1025	423	46	25	-1	
3	1	29	1	0	0	1025	423	46	25	-1	
4	1	29	1	1	0	1025	423	46	25	-1	
5	1	29	1	1	1	1025	423	46	25	95.000000	  
2	1	30	0	0	0	785	415	352	235	-1	
3	1	30	1	0	0	785	415	352	235	-1	
4	1	30	1	1	0	1115	415	22	26	-1	
5	1	30	1	1	1	1115	415	22	26	92.747353	μέ
4	1	30	1	2	0	1068	451	68	21	-1	
5	1	30	1	2	1	1068	451	68	21	15.080101	Αδελ-
4	1	30	1	3	0	787	482	350	29	-1	
5	1	30	1	3	1	787	483	38	25	90.040039	φῶν
5	1	30	1	3	2	838	482	97	29	93.258102	Γιώργου,
5	1	30	1	3	3	949	484	76	22	95.153931	Κώστα
5	1	30	1	3	4	1036	485	34	22	57.443542	καί
5	1	30	1	3	5	1091	487	46	20	54.146011	Πα-
4	1	30	1	4	0	785	517	351	30	-1	
5	1	30	1	4	1	785	517	90	28	72.408424	ναγιώτη
5	1	30	1	4	2	887	519	95	28	52.796280	᾿Αλούπη,
5	1	30	1	4	3	995	520	33	22	93.264954	πού
5	1	30	1	4	4	1041	521	95	26	7.099640	ἄλλαξαι
4	1	30	1	5	0	787	553	349	31	-1	
5	1	30	1	5	1	787	553	34	26	88.324722	τήν
5	1	30	1	5	2	840	553	36	27	92.875961	ὄψη
5	1	30	1	5	3	896	556	31	19	91.935432	τοῦ
5	1	30	1	5	4	940	555	65	27	19.763145	(χώρου
5	1	30	1	5	5	1020	556	35	21	33.124153	ναί
5	1	30	1	5	6	1070	558	66	26	90.883965	διερω-
4	1	30	1	6	0	786	589	351	31	-1	
5	1	30	1	6	1	786	589	68	21	79.139359	τῶται:
5	1	30	1	6	2	864	589	72	26	78.220139	μήπως
5	1	30	1	6	3	950	591	15	21	95.953293	οἱ
5	1	30	1	6	4	978	591	61	21	82.377525	καλοί
5	1	30	1	6	5	1049	592	88	28	24.500572	Γεωργι-
4	1	30	1	7	0	973	626	161	24	-1	
5	1	30	1	7	1	973	626	40	21	96.035110	«Τό
5	1	30	1	7	2	1027	627	107	23	70.688423	Μπαλκόνι
2	1	31	0	0	0	960	662	175	26	-1	
3	1	31	1	0	0	960	662	175	26	-1	
4	1	31	1	1	0	960	662	175	26	-1	
5	1	31	1	1	1	960	662	175	26	57.653267	Τσιμεντοντούθα-
2	1	32	0	0	0	785	623	157	63	-1	
3	1	32	1	0	0	785	623	157	63	-1	
4	1	32	1	1	0	787	623	155	23	-1	
5	1	32	1	1	1	787	623	71	22	90.255257	τσιάνοι
5	1	32	1	1	2	872	625	70	21	38.246227	"κάνουν
4	1	32	1	2	0	785	660	148	26	-1	
5	1	32	1	2	1	785	661	32	19	93.251472	τοῦ
5	1	32	1	2	2	831	660	102	26	30.592697	Ταῦγότου
2	1	33	0	0	0	785	700	43	19	-1	
3	1	33	1	0	0	785	700	43	19	-1	
4	1	33	1	1	0	785	700	43	19	-1	
5	1	33	1	1	1	785	700	43	19	0.000000	ρο)
2	1	34	0	0	0	783	745	351	136	-1	
3	1	34	1	0	0	783	745	351	136	-1	
4	1	34	1	1	0	784	745	350	29	-1	
5	1	34	1	1	1	784	757	28	2	35.128860	τι
5	1	34	1	1	2	825	745	60	21	69.270020	Κατά
5	1	34	1	1	3	898	746	113	28	57.215313	σύμπτωση,
5	1	34	1	1	4	1026	748	23	22	94.620094	τά
5	1	34	1	1	5	1067	749	67	21	87.307022	παιδιά
4	1	34	1	2	0	784	781	349	26	-1	
5	1	34	1	2	1	784	781	37	19	89.391670	τῶν
5	1	34	1	2	2	840	781	65	26	52.973484	᾿Αφῶν
5	1	34	1	2	3	920	782	92	22	36.869492	᾽Αλλούποι
5	1	34	1	2	4	1030	783	48	22	92.930153	εἶναι
5	1	34	1	2	5	1093	784	40	21	92.930153	ὅλοι
4	1	34	1	3	0	784	815	349	30	-1	
5	1	34	1	3	1	784	815	123	29	8.316635	ἉΓηχανικοί,
5	1	34	1	3	2	923	818	48	21	93.255394	πολύ
5	1	34	1	3	3	986	819	147	26	69.504532	προσηλωμένο,
4	1	34	1	4	0	783	851	350	30	-1	
5	1	34	1	4	1	783	851	35	25	84.964668	στή
5	1	34	1	4	2	831	851	106	27	67.759377	παράδοση.
5	1	34	1	4	3	950	853	32	21	84.800323	Τά
5	1	34	1	4	4	992	854	97	27	86.098137	χαγιάτια
5	1	34	1	4	5	1100	857	33	19	95.938507	τοῦ
2	1	35	0	0	0	922	755	29	12	-1	
3	1	35	1	0	0	922	755	29	12	-1	
4	1	35	1	1	0	922	755	29	12	-1	
5	1	35	1	1	1	922	755	29	12	95.000000	 
2	1	36	0	0	0	1012	792	18	7	-1	
3	1	36	1	0	0	1012	792	18	7	-1	
4	1	36	1	1	0	1012	792	18	7	-1	
5	1	36	1	1	1	1012	792	18	7	95.000000	 
2	1	37	0	0	0	779	887	354	169	-1	
3	1	37	1	0	0	779	887	354	169	-1	
4	1	37	1	1	0	782	887	351	31	-1	
5	1	37	1	1	1	782	888	82	25	88.559624	παπποῦ,
5	1	37	1	1	2	880	887	44	26	66.353058	µόνο
5	1	37	1	1	3	935	888	36	21	91.551041	πού
5	1	37	1	1	4	985	890	16	20	36.846474	τ)
5	1	37	1	1	5	1015	889	118	29	83.915993	ἀνανέωσαν,
4	1	37	1	2	0	783	921	349	31	-1	
5	1	37	1	2	1	783	921	63	26	66.484818	ἀκόμα
5	1	37	1	2	2	858	923	122	27	52.937561	διατήρησαν
5	1	37	1	2	3	997	925	48	25	92.713737	στήν
5	1	37	1	2	4	1061	926	71	26	87.223114	αὐλή...
4	1	37	1	3	0	781	956	351	31	-1	
5	1	37	1	3	1	781	956	33	21	77.121384	καὶ
5	1	37	1	3	2	829	957	22	22	80.005264	τό
5	1	37	1	3	3	862	959	67	26	0.000000	φοῦρηο
5	1	37	1	3	4	941	960	37	25	92.912201	τῆς
5	1	37	1	3	5	990	962	89	24	75.426231	γιαγιᾶς.
5	1	37	1	3	6	1095	961	37	26	52.832909	(Πῦ
4	1	37	1	4	0	781	993	350	29	-1	
5	1	37	1	4	1	781	1000	22	18	65.916451	Ύε
5	1	37	1	4	2	818	993	65	26	92.666176	τους).
5	1	37	1	4	3	898	994	27	20	92.318184	Ἡ
5	1	37	1	4	4	938	1003	18	13	71.257248	κ.
5	1	37	1	4	5	972	994	61	22	93.229431	Σόνια
5	1	37	1	4	6	1045	996	86	26	83.175751	ἐπιμένει
4	1	37	1	5	0	779	1027	352	29	-1	
5	1	37	1	5	1	779	1027	24	21	92.239441	νά
5	1	37	1	5	2	817	1029	138	27	86.575211	διατηροῦνται
5	1	37	1	5	3	969	1030	34	21	29.411179	καί
5	1	37	1	5	4	1020	1031	25	21	92.849518	τά
5	1	37	1	5	5	1056	1033	75	21	3.633690	κάλντε
2	1	38	0	0	0	779	1062	351	33	-1	
3	1	38	1	0	0	779	1062	351	33	-1	
4	1	38	1	1	0	779	1062	351	33	-1	
5	1	38	1	1	1	779	1062	60	28	64.819092	βίµια,
5	1	38	1	1	2	854	1063	53	23	64.254791	Ὅσο
5	1	38	1	1	3	917	1065	34	27	94.908501	γιά
5	1	38	1	1	4	960	1065	33	25	89.551849	τίς
5	1	38	1	1	5	1004	1066	83	29	33.438408	σιάλες,
5	1	38	1	1	6	1100	1076	30	19	95.927391	χω
2	1	39	0	0	0	777	1098	353	102	-1	
3	1	39	1	0	0	777	1098	353	102	-1	
4	1	39	1	1	0	777	1098	353	102	-1	
5	1	39	1	1	1	777	1098	353	102	95.000000	 
2	1	40	0	0	0	899	1207	56	21	-1	
3	1	40	1	0	0	899	1207	56	21	-1	
4	1	40	1	1	0	899	1207	56	21	-1	
5	1	40	1	1	1	899	1207	56	21	95.000000	  
2	1	41	0	0	0	780	1214	119	19	-1	
3	1	41	1	0	0	780	1214	119	19	-1	
4	1	41	1	1	0	780	1214	119	19	-1	
5	1	41	1	1	1	780	1214	54	18	0.000000	γήλαν
5	1	41	1	1	2	845	1215	54	18	30.498627	τσιµιε
2	1	42	0	0	0	779	1259	351	101	-1	
3	1	42	1	0	0	779	1259	351	101	-1	
4	1	42	1	1	0	808	1259	322	30	-1	
5	1	42	1	1	1	808	1259	25	21	89.696617	Οἱ
5	1	42	1	1	2	848	1260	131	27	0.000000	κκοϊκόγουστοι
5	1	42	1	1	3	996	1262	134	27	18.526268	ΠΓεωργιτσιά-
4	1	42	1	2	0	1010	1299	118	26	-1	
5	1	42	1	2	1	1010	1299	43	25	42.642128	ρεῖα
5	1	42	1	2	2	1065	1299	63	26	96.736443	χρήση
4	1	42	1	3	0	779	1330	349	30	-1	
5	1	42	1	3	1	779	1331	31	20	95.845245	τοῦ
5	1	42	1	3	2	827	1330	107	28	92.334457	τσιμέντου,
5	1	42	1	3	3	954	1335	119	24	89.303406	προσπαθοῦν
5	1	42	1	3	4	1103	1334	25	26	56.937885	μέ
2	1	43	0	0	0	777	1295	188	25	-1	
3	1	43	1	0	0	777	1295	188	25	-1	
4	1	43	1	1	0	777	1295	188	25	-1	
5	1	43	1	1	1	777	1303	35	17	20.123474	γοι,
5	1	43	1	1	2	825	1295	22	21	94.751503	ἄν
5	1	43	1	1	3	857	1295	35	21	70.294113	καί
5	1	43	1	1	4	905	1296	60	22	59.398331	κάνου)
2	1	44	0	0	0	965	1305	66	15	-1	
3	1	44	1	0	0	965	1305	66	15	-1	
4	1	44	1	1	0	965	1305	66	15	-1	
5	1	44	1	1	1	965	1305	66	15	95.000000	   
2	1	45	0	0	0	776	1365	353	99	-1	
3	1	45	1	0	0	776	1365	353	99	-1	
4	1	45	1	1	0	776	1365	353	29	-1	
5	1	45	1	1	1	776	1365	94	22	66.353386	εὐλάδεια
5	1	45	1	1	2	880	1366	25	21	78.590004	νά
5	1	45	1	1	3	920	1368	128	26	93.724220	διατηρήσουν
5	1	45	1	1	4	1065	1369	22	21	89.010017	τό
5	1	45	1	1	5	1099	1378	30	13	85.565117	το-
4	1	45	1	2	0	776	1400	352	31	-1	
5	1	45	1	2	1	776	1400	45	22	92.431175	πικό
5	1	45	1	2	2	834	1402	69	26	92.784904	χρῶμα
5	1	45	1	2	3	916	1402	33	22	9.428291	καί
5	1	45	1	2	4	960	1403	37	26	86.445786	τήν
5	1	45	1	2	5	1011	1406	117	25	84.648323	παραδοσια-
4	1	45	1	3	0	778	1436	202	28	-1	
5	1	45	1	3	1	778	1436	25	26	31.558266	κή
5	1	45	1	3	2	821	1437	159	27	32.043427	ἄρχιτεροτολκή,
2	1	46	0	0	0	794	1495	330	7	-1	
3	1	46	1	0	0	794	1495	330	7	-1	
4	1	46	1	1	0	794	1495	330	7	-1	
5	1	46	1	1	1	794	1495	330	7	95.000000	 
2	1	47	0	0	0	774	1526	352	204	-1	
3	1	47	1	0	0	774	1526	352	204	-1	
4	1	47	1	1	0	805	1526	321	31	-1	
5	1	47	1	1	1	805	1526	25	21	81.255676	Ὁ
5	1	47	1	1	2	840	1526	127	29	91.302757	ἐφημέριος
5	1	47	1	1	3	990	1530	136	27	90.969833	Γεωργιτοί-
4	1	47	1	2	0	774	1563	351	29	-1	
5	1	47	1	2	1	774	1568	28	13	95.153275	ου
5	1	47	1	2	2	816	1568	20	14	80.405029	κ.
5	1	47	1	2	3	857	1563	107	26	79.868637	Κων)νος
5	1	47	1	2	4	995	1565	130	27	79.868637	Γιατράκος
4	1	47	1	3	0	775	1595	350	31	-1	
5	1	47	1	3	1	775	1595	94	28	92.985039	εὔχεται
5	1	47	1	3	2	886	1597	71	28	92.581955	στούς
5	1	47	1	3	3	985	1598	140	28	87.712662	ἁπανταχοῦ
4	1	47	1	4	0	776	1633	348	29	-1	
5	1	47	1	4	1	776	1633	180	27	90.753502	συμπατριῶτες
5	1	47	1	4	2	985	1634	139	28	56.282417	χαρούμενα
4	1	47	1	5	0	774	1666	350	32	-1	
5	1	47	1	5	1	774	1666	175	29	92.258110	Χριστούγεννα
5	1	47	1	5	2	967	1669	39	22	46.483765	καί
5	1	47	1	5	3	1035	1670	89	28	88.821533	εὐτυχι-
4	1	47	1	6	0	776	1703	182	27	-1	
5	1	47	1	6	1	776	1703	72	27	79.538727	σµένο
5	1	47	1	6	2	856	1704	28	21	95.868202	τό
5	1	47	1	6	3	898	1704	60	22	58.928207	1981.
2	1	48	0	0	0	775	1760	342	7	-1	
3	1	48	1	0	0	775	1760	342	7	-1	
4	1	48	1	1	0	775	1760	342	7	-1	
5	1	48	1	1	1	775	1760	342	7	95.000000	 
2	1	49	0	0	0	773	1790	351	138	-1	
3	1	49	1	0	0	773	1790	351	138	-1	
4	1	49	1	1	0	803	1790	321	31	-1	
5	1	49	1	1	1	803	1790	25	21	19.383774	Ὁ
5	1	49	1	1	2	843	1791	160	27	36.233200	᾿Ἠξωραϊστικός
5	1	49	1	1	3	1018	1793	106	28	47.558472	Σύλλογος
4	1	49	1	2	0	773	1825	350	30	-1	
5	1	49	1	2	1	773	1825	131	28	59.479218	Γεωρηιτσίου
5	1	49	1	2	2	916	1827	76	28	90.218704	εὔχεται
5	1	49	1	2	3	1006	1829	56	25	93.299683	στούς
5	1	49	1	2	4	1074	1830	49	21	84.907021	ἆπαν
4	1	49	1	3	0	1097	1866	27	27	-1	
5	1	49	1	3	1	1097	1866	27	27	37.879112	φί-
4	1	49	1	4	0	773	1897	350	31	-1	
5	1	49	1	4	1	773	1898	54	23	91.721367	λους,
5	1	49	1	4	2	843	1897	52	25	93.088783	ὅπως
5	1	49	1	4	3	911	1899	87	22	21.231407	διέλθου»
5	1	49	1	4	4	1014	1901	109	27	61.319885	χαρούμενα
2	1	50	0	0	0	772	1863	334	208	-1	
3	1	50	1	0	0	772	1863	290	168	-1	
4	1	50	1	1	0	775	1863	287	27	-1	
5	1	50	1	1	1	775	1863	59	25	66.812920	ταχοῦ
5	1	50	1	1	2	849	1865	148	25	71.696442	συμπατριῶτες
5	1	50	1	1	3	1029	1865	33	21	73.842239	καὶ
4	1	50	1	2	0	772	1933	198	27	-1	
5	1	50	1	2	1	772	1933	146	27	84.542770	Χριστούγεννα
5	1	50	1	2	2	937	1935	33	21	66.085724	καί
4	1	50	1	3	0	774	1967	198	27	-1	
5	1	50	1	3	1	774	1967	20	22	88.259819	τό
5	1	50	1	3	2	809	1968	30	22	93.264374	νέο
5	1	50	1	3	3	854	1969	45	25	92.591057	ἔτος
5	1	50	1	3	4	920	1970	52	22	52.794067	1981
4	1	50	1	4	0	773	2004	95	27	-1	
5	1	50	1	4	1	773	2004	95	27	63.396770	πλευρᾶς.
3	1	50	2	0	0	785	2039	321	32	-1	
4	1	50	2	1	0	785	2039	321	32	-1	
5	1	50	2	1	1	785	2039	25	21	51.989418	Ὁ
5	1	50	2	1	2	821	2040	103	28	46.986526	Ἡρόεδρος
5	1	50	2	1	3	939	2043	21	21	37.156811	ΙΤ.
5	1	50	2	1	4	975	2042	23	22	90.717964	Δ.
5	1	50	2	1	5	1010	2044	96	27	79.879807	Σμυρνιός
2	1	51	0	0	0	994	1937	129	64	-1	
3	1	51	1	0	0	994	1937	129	64	-1	
4	1	51	1	1	0	999	1937	123	27	-1	
5	1	51	1	1	1	999	1937	123	27	85.512711	εὐτυχισμένο
4	1	51	1	2	0	994	1972	129	29	-1	
5	1	51	1	2	1	994	1972	37	22	94.251320	ἀπό
5	1	51	1	2	2	1059	1973	64	28	94.251320	πάσης
2	1	52	0	0	0	771	2098	352	10	-1	
3	1	52	1	0	0	771	2098	352	10	-1	
4	1	52	1	1	0	771	2098	352	10	-1	
5	1	52	1	1	1	771	2098	352	10	95.000000	 
2	1	53	0	0	0	783	2128	323	27	-1	
3	1	53	1	0	0	783	2128	323	27	-1	
4	1	53	1	1	0	783	2128	323	27	-1	
5	1	53	1	1	1	783	2128	54	21	86.216087	ΜΙΑ
5	1	53	1	1	2	847	2129	140	23	46.874046	ΒΑΡΗΛΡΗ
5	1	53	1	1	3	1001	2133	105	22	94.107788	ΠΡΑΞΗ
2	1	54	0	0	0	767	2187	352	172	-1	
3	1	54	1	0	0	801	2187	317	26	-1	
4	1	54	1	1	0	801	2187	317	26	-1	
5	1	54	1	1	1	801	2187	52	22	16.360062	να
5	1	54	1	1	2	867	2189	50	21	65.561745	κακό
5	1	54	1	1	3	935	2191	41	20	93.306206	χέρι,
5	1	54	1	1	4	998	2191	71	22	91.579666	ἔσπασε
5	1	54	1	1	5	1114	2194	4	6	57.732029	στή
3	1	54	2	0	0	767	2199	352	160	-1	
4	1	54	2	1	0	902	2199	217	21	-1	
5	1	54	2	1	1	902	2205	4	6	80.079849	κό
5	1	54	2	1	2	935	2199	50	19	74.998764	Χέρι,
5	1	54	2	1	3	1022	2201	47	13	93.070717	ἔσπασε
5	1	54	2	1	4	1083	2202	36	18	92.968529	στή
4	1	54	2	2	0	768	2223	351	32	-1	
5	1	54	2	2	1	768	2223	72	26	96.857910	στροφή
5	1	54	2	2	2	855	2226	32	19	93.304123	τοῦ
5	1	54	2	2	3	900	2225	68	27	81.966385	δρόµου
5	1	54	2	2	4	984	2227	34	21	93.292709	στό
5	1	54	2	2	5	1031	2228	88	27	76.867271	Καρέου-
4	1	54	2	3	0	767	2257	336	15	-1	
5	1	54	2	3	1	767	2257	48	15	17.794609	αν
5	1	54	2	3	2	860	2259	19	13	22.412086	ο
5	1	54	2	3	3	921	2260	39	8	47.279453	μη
5	1	54	2	3	4	1099	2264	4	6	0.000000	ο
4	1	54	2	4	0	771	2265	348	26	-1	
5	1	54	2	4	1	771	2266	74	20	53.263432	"δρεμα,
5	1	54	2	4	2	863	2268	17	13	85.626602	το
5	1	54	2	4	3	896	2269	32	13	59.498009	πιο
5	1	54	2	4	4	941	2270	84	18	74.324654	εὕρωστο
5	1	54	2	4	5	1038	2265	81	26	29.759094	δενδρύλ.
4	1	54	2	5	0	767	2294	352	31	-1	
5	1	54	2	5	1	767	2295	31	20	80.351509	λιο
5	1	54	2	5	2	812	2294	81	27	83.131775	λεύκης.
5	1	54	2	5	3	907	2296	26	21	93.284264	Τί
5	1	54	2	5	4	946	2297	104	28	22.862206	τοὔφταιγε
5	1	54	2	5	5	1064	2299	22	21	90.300682	τό
5	1	54	2	5	6	1102	2300	17	21	91.999130	ὅ-
4	1	54	2	6	0	768	2331	181	28	-1	
5	1	54	2	6	1	768	2337	60	19	35.843979	μορφο
5	1	54	2	6	2	846	2331	103	28	0.000000	δεντράβει;
2	1	55	0	0	0	766	2383	352	138	-1	
3	1	55	1	0	0	766	2383	352	138	-1	
4	1	55	1	1	0	797	2383	321	33	-1	
5	1	55	1	1	1	797	2383	37	22	92.469727	Μά
5	1	55	1	1	2	852	2384	50	22	91.932915	εἶναι
5	1	55	1	1	3	920	2386	78	22	87.866592	δυγατόν
5	1	55	1	1	4	1017	2388	23	21	92.976036	νά
5	1	55	1	1	5	1060	2388	58	28	92.976036	ὑπάρ-
4	1	55	1	2	0	766	2419	352	31	-1	
5	1	55	1	2	1	766	2426	44	18	93.223648	χουν
5	1	55	1	2	2	822	2419	65	26	0.000000	ἀλιόμη
5	1	55	1	2	3	897	2420	43	21	93.305542	τόσο
5	1	55	1	2	4	951	2421	88	28	58.602119	δάρθαρα
5	1	55	1	2	5	1049	2423	69	27	84.455948	χέρια:
4	1	55	1	3	0	797	2453	320	32	-1	
5	1	55	1	3	1	797	2453	75	28	96.488235	Μικροί
5	1	55	1	3	2	891	2455	36	21	53.513107	«καὶ
5	1	55	1	3	3	942	2456	84	27	58.719593	μεγάλοι
5	1	55	1	3	4	1042	2458	75	27	0.000000	«ἀγανά-
4	1	55	1	4	0	766	2490	351	31	-1	
5	1	55	1	4	1	766	2497	74	18	0.000000	κπησαν
5	1	55	1	4	2	856	2490	33	21	90.122101	καὶ
5	1	55	1	4	3	904	2494	68	23	89.832695	ζητοῦν
5	1	55	1	4	4	989	2493	33	26	86.819687	τή)
5	1	55	1	4	5	1056	2502	61	19	86.819687	πάρα-
2	1	56	0	0	0	1045	2529	71	22	-1	
3	1	56	1	0	0	1045	2529	71	22	-1	
4	1	56	1	1	0	1045	2529	71	22	-1	
5	1	56	1	1	1	1045	2529	39	21	80.465721	"Αν
5	1	56	1	1	2	1096	2529	20	22	96.311607	δέ
2	1	57	0	0	0	1047	2565	70	22	-1	
3	1	57	1	0	0	1047	2565	70	22	-1	
4	1	57	1	1	0	1047	2565	70	22	-1	
5	1	57	1	1	1	1047	2565	30	21	94.445061	τόν
5	1	57	1	1	2	1090	2574	27	13	95.988510	πα
2	1	58	0	0	0	765	2525	265	45	-1	
3	1	58	1	0	0	765	2525	265	45	-1	
4	1	58	1	1	0	765	2525	265	29	-1	
5	1	58	1	1	1	765	2525	117	27	53.184425	δειγµαπηκή
5	1	58	1	1	2	897	2527	84	27	35.637779	τιμωρία
5	1	58	1	1	3	992	2537	38	13	94.054909	του.
4	1	58	1	2	0	766	2561	7	9	-1	
5	1	58	1	2	1	766	2561	7	9	24.847710	.
2	1	59	0	0	0	766	2558	72	33	-1	
3	1	59	1	0	0	766	2558	72	33	-1	
4	1	59	1	1	0	773	2558	65	16	-1	
5	1	59	1	1	1	773	2558	65	16	95.000000	 
4	1	59	1	2	0	766	2574	72	17	-1	
5	1	59	1	2	1	766	2574	72	17	95.000000	 
2	1	60	0	0	0	764	2562	351	66	-1	
3	1	60	1	0	0	764	2562	351	66	-1	
4	1	60	1	1	0	842	2562	191	30	-1	
5	1	60	1	1	1	842	2562	8	21	90.364975	ὁ
5	1	60	1	1	2	863	2562	63	25	92.809952	κακός
5	1	60	1	1	3	939	2563	94	29	90.794525	δράστης,
4	1	60	1	2	0	764	2595	351	33	-1	
5	1	60	1	2	1	764	2595	102	27	15.431053	ῥαδίδουµε
5	1	60	1	2	2	881	2598	37	26	92.716003	στή
5	1	60	1	2	3	936	2598	48	22	72.959747	θεία
5	1	60	1	2	4	997	2600	118	28	74.994545	δικαιοσύνη,
2	1	61	0	0	0	767	2655	349	7	-1	
3	1	61	1	0	0	767	2655	349	7	-1	
4	1	61	1	1	0	767	2655	349	7	-1	
5	1	61	1	1	1	767	2655	349	7	95.000000	 
2	1	62	0	0	0	758	2687	358	428	-1	
3	1	62	1	0	0	758	2687	358	428	-1	
4	1	62	1	1	0	844	2687	198	24	-1	
5	1	62	1	1	1	844	2687	198	24	48.794437	ΑΝΑΚΟΙΝΩΣΗ
4	1	62	1	2	0	856	2723	175	23	-1	
5	1	62	1	2	1	856	2723	175	23	90.854027	ΝΟΜΑΡΧΙΑΣ
4	1	62	1	3	0	778	2762	338	33	-1	
5	1	62	1	3	1	778	2762	38	22	90.233383	ΘΑ
5	1	62	1	3	2	827	2764	169	23	90.233383	ΕΙΣΑΧΘΟΥΝ
5	1	62	1	3	3	1008	2767	44	27	92.367302	στή
5	1	62	1	3	4	1066	2768	50	27	92.358902	Σχο
4	1	62	1	4	0	762	2797	352	34	-1	
5	1	62	1	4	1	762	2797	29	28	87.917191	λή
5	1	62	1	4	2	820	2799	142	29	87.917191	᾿Εμπορικῆς
5	1	62	1	4	3	986	2802	128	29	95.360199	Ναυτιλίας
4	1	62	1	5	0	763	2834	350	31	-1	
5	1	62	1	5	1	763	2834	120	28	93.002289	Πρεδέζης
5	1	62	1	5	2	898	2836	27	21	96.611244	30
5	1	62	1	5	3	939	2837	104	28	93.306183	µαθητές
5	1	62	1	5	4	1062	2839	51	21	86.229820	εἶδι-
4	1	62	1	6	0	761	2869	352	33	-1	
5	1	62	1	6	1	761	2869	102	28	51.942745	κότητος
5	1	62	1	6	2	881	2871	210	31	87.604218	Καταστρώματος
5	1	62	1	6	3	1104	2889	9	3	81.993195	-
4	1	62	1	7	0	762	2905	350	31	-1	
5	1	62	1	7	1	762	2905	121	28	85.274452	Μηχανῆς,
5	1	62	1	7	2	902	2908	28	20	95.854485	30
5	1	62	1	7	3	943	2909	104	27	93.063667	µαθητές
5	1	62	1	7	4	1061	2910	51	21	83.797562	εἶδι-
4	1	62	1	8	0	760	2940	353	31	-1	
5	1	62	1	8	1	760	2940	101	29	60.474445	Κότητος
5	1	62	1	8	2	874	2942	180	29	50.677887	θαλαµηπόλου,
5	1	62	1	8	3	1074	2945	39	22	96.077057	καί
4	1	62	1	9	0	761	2976	349	32	-1	
5	1	62	1	9	1	761	2976	27	21	58.485657	30
5	1	62	1	9	2	818	2977	144	29	78.978226	εἰδικότητος
5	1	62	1	9	3	988	2980	122	28	58.269028	µαγείρου.
4	1	62	1	10	0	762	3011	349	34	-1	
5	1	62	1	10	1	762	3011	102	29	92.725594	Φοίτηση
5	1	62	1	10	2	880	3014	21	24	96.146431	4,
5	1	62	1	10	3	914	3014	21	25	65.890068	6,
5	1	62	1	10	4	947	3015	39	21	75.487717	καί
5	1	62	1	10	5	998	3015	13	22	76.530045	9
5	1	62	1	10	6	1041	3017	70	28	62.811356	μῆνες
4	1	62	1	11	0	761	3047	352	32	-1	
5	1	62	1	11	1	761	3047	160	30	92.745789	ἀντιστοίχως.
5	1	62	1	11	2	959	3051	154	28	96.756401	Τροφοδοσία
4	1	62	1	12	0	758	3083	293	32	-1	
5	1	62	1	12	1	758	3083	39	22	92.726654	καί
5	1	62	1	12	2	812	3085	123	28	63.958721	ἱματισμός
5	1	62	1	12	3	946	3087	105	28	96.199715	Δωρεάν.
2	1	63	0	0	0	1239	55	588	121	-1	
3	1	63	1	0	0	1239	55	588	121	-1	
4	1	63	1	1	0	1239	55	588	52	-1	
5	1	63	1	1	1	1239	55	40	39	91.762566	Ἡ
5	1	63	1	1	2	1301	55	211	50	91.305817	Ὑπαίθρια
5	1	63	1	1	3	1531	57	88	40	74.732193	Ζωή
5	1	63	1	1	4	1640	59	187	48	94.228836	Σπάρτης
4	1	63	1	2	0	1307	126	464	50	-1	
5	1	63	1	2	1	1307	126	107	40	90.777863	στὀν
5	1	63	1	2	2	1440	128	196	48	90.547028	Προφήτη
5	1	63	1	2	3	1659	129	112	40	73.800255	᾽Ηλία
2	1	64	0	0	0	1401	189	265	12	-1	
3	1	64	1	0	0	1401	189	265	12	-1	
4	1	64	1	1	0	1401	189	265	12	-1	
5	1	64	1	1	1	1401	189	265	12	95.000000	 
2	1	65	0	0	0	1175	213	707	317	-1	
3	1	65	1	0	0	1175	213	707	317	-1	
4	1	65	1	1	0	1304	213	578	32	-1	
5	1	65	1	1	1	1304	213	82	28	81.321838	ὀλουστη
5	1	65	1	1	2	1400	215	99	27	93.300835	Κυριακή,
5	1	65	1	1	3	1515	215	139	26	8.479851	ἀλεθαίνοντας
5	1	65	1	1	4	1673	217	36	22	93.285980	ἀπό
5	1	65	1	1	5	1724	218	94	27	48.497696	᾿Αλευροῦ
5	1	65	1	1	6	1849	218	33	22	92.261024	στό
4	1	65	1	2	0	1262	249	619	32	-1	
5	1	65	1	2	1	1262	258	25	12	91.009003	τσι,
5	1	65	1	2	2	1308	249	66	26	86.668663	εἴδαμε
5	1	65	1	2	3	1386	250	34	21	80.032425	στό
5	1	65	1	2	4	1445	250	57	27	83.514763	δρόμο
5	1	65	1	2	5	1517	250	55	22	93.228958	κάτω
5	1	65	1	2	6	1585	251	36	22	93.546158	ἀπό
5	1	65	1	2	7	1633	251	31	23	72.624939	τόν
5	1	65	1	2	8	1683	253	101	27	47.986675	Προφήτη
5	1	65	1	2	9	1812	253	69	28	71.860748	Ἠλία,
4	1	65	1	3	0	1260	269	573	37	-1	
5	1	65	1	3	1	1260	284	32	7	0.000000	.
5	1	65	1	3	2	1470	285	4	7	1.503677	͵
5	1	65	1	3	3	1550	286	48	8	12.094353	ντ
5	1	65	1	3	4	1662	287	4	7	33.394485	ρ
5	1	65	1	3	5	1745	269	16	37	36.408440	ας
5	1	65	1	3	6	1825	291	8	4	10.252136	ον
4	1	65	1	4	0	1258	289	623	28	-1	
5	1	65	1	4	1	1258	292	89	20	27.772919	Οχήματα
5	1	65	1	4	2	1361	294	145	18	21.590164	σταματημένα΄
5	1	65	1	4	3	1520	295	33	13	45.260883	χαὶ
5	1	65	1	4	4	1567	295	43	13	51.429779	στόν
5	1	65	1	4	5	1622	289	94	26	91.825737	περίθολο
5	1	65	1	4	6	1730	297	31	14	92.763733	τοῦ
5	1	65	1	4	7	1778	289	62	28	34.713615	Ναοῦ,
5	1	65	1	4	8	1854	290	27	21	60.481182	Τ0
4	1	65	1	5	0	1252	321	629	30	-1	
5	1	65	1	5	1	1252	322	44	24	51.951523	µιλο
5	1	65	1	5	2	1313	322	36	24	93.259766	τῆς
5	1	65	1	5	3	1367	321	114	27	31.667503	Ὑπαιβρίου
5	1	65	1	5	4	1496	323	58	25	52.482914	Ζωῆς
5	1	65	1	5	5	1571	325	36	23	96.363892	τῆς
5	1	65	1	5	6	1620	323	103	28	35.597542	Σπάρτης,
5	1	65	1	5	7	1736	326	145	25	58.013515	στρογγυλοχα-
4	1	65	1	6	0	1178	355	702	31	-1	
5	1	65	1	6	1	1178	356	76	25	75.090210	θισµένο
5	1	65	1	6	2	1268	355	37	22	93.164185	στά
5	1	65	1	6	3	1322	356	103	27	19.597710	παγκάχια
5	1	65	1	6	4	1439	365	32	13	74.564430	καὶ
5	1	65	1	6	5	1486	358	35	26	92.844055	στή
5	1	65	1	6	6	1536	357	58	29	21.682365	Χλόη,
5	1	65	1	6	7	1609	358	46	22	92.637253	ὅπου
5	1	65	1	6	8	1668	367	71	14	89.774246	ἔχαναν
5	1	65	1	6	9	1754	368	54	14	70.857925	χα...
5	1	65	1	6	10	1826	369	23	13	88.384102	τό
5	1	65	1	6	11	1864	370	16	12	18.660881	ὑ-
4	1	65	1	7	0	1207	389	144	9	-1	
5	1	65	1	7	1	1207	389	4	7	0.000000	ἤ
5	1	65	1	7	2	1290	391	61	7	0.000000	τσ
4	1	65	1	8	0	1178	391	235	27	-1	
5	1	65	1	8	1	1178	391	81	27	0.000000	παίθριο
5	1	65	1	8	2	1269	392	84	26	48.965649	μάθημά
5	1	65	1	8	3	1362	400	51	16	93.444603	τους,
4	1	65	1	9	0	1206	425	674	31	-1	
5	1	65	1	9	1	1206	425	39	22	52.837234	Τούς
5	1	65	1	9	2	1274	426	126	17	70.712524	χαιρετίσαµε
5	1	65	1	9	3	1433	427	4	6	91.270287	µέ
5	1	65	1	9	4	1453	428	52	21	95.315292	χαρά
5	1	65	1	9	5	1533	429	11	15	31.801849	κι’
5	1	65	1	9	6	1558	429	145	22	84.114632	ἐγκαρδιότητα,
5	1	65	1	9	7	1724	431	33	21	66.142738	καί
5	1	65	1	9	8	1770	434	38	22	91.548157	μᾶς
5	1	65	1	9	9	1822	432	58	21	82.957657	κάλε-
4	1	65	1	10	0	1248	434	624	24	-1	
5	1	65	1	10	1	1248	434	10	16	81.923347	ς
5	1	65	1	10	2	1275	435	126	19	70.257385	Χαιρετίσαμε
5	1	65	1	10	3	1414	436	23	18	89.128975	µέ
5	1	65	1	10	4	1454	437	36	18	95.676826	χαρά
5	1	65	1	10	5	1518	438	19	12	66.681290	κι’
5	1	65	1	10	6	1569	438	141	20	92.400482	ἐγκαρδιότητα,
5	1	65	1	10	7	1732	449	4	3	68.663574	καὶ
5	1	65	1	10	8	1769	424	39	38	92.628418	μᾶς
5	1	65	1	10	9	1829	449	43	4	51.425896	κάλε
4	1	65	1	11	0	1175	461	704	33	-1	
5	1	65	1	11	1	1175	468	34	14	64.367531	σα)
5	1	65	1	11	2	1221	461	37	26	91.652756	στή
5	1	65	1	11	3	1273	462	63	27	95.793251	παρέα
5	1	65	1	11	4	1348	471	52	16	93.287666	τους.
5	1	65	1	11	5	1415	463	27	22	46.770702	Σέ
5	1	65	1	11	6	1454	463	98	29	92.032616	ἐρώτηση,
5	1	65	1	11	7	1563	466	43	24	93.293968	πῶς
5	1	65	1	11	8	1618	465	124	28	84.806999	ξετρύπωσαν
5	1	65	1	11	9	1755	467	23	26	93.268250	τή
5	1	65	1	11	10	1791	475	88	19	57.060753	µαγευτι-
4	1	65	1	12	0	1176	496	704	34	-1	
5	1	65	1	12	1	1176	496	26	27	84.674622	κῄ
5	1	65	1	12	2	1220	497	108	28	73.156769	τοποθεσία,
5	1	65	1	12	3	1341	498	11	26	91.169853	ἡ
5	1	65	1	12	4	1366	498	103	28	47.618942	ἀπάντηση
5	1	65	1	12	5	1480	499	59	27	77.529572	ἦταν:
5	1	65	1	12	6	1559	500	56	28	66.227585	"Ότι,
5	1	65	1	12	7	1630	501	43	25	94.017067	τούς
5	1	65	1	12	8	1690	501	73	23	91.306679	κάλεσε
5	1	65	1	12	9	1776	502	47	27	20.041534	μόνη
5	1	65	1	12	10	1836	511	44	19	94.357231	της,
2	1	66	0	0	0	1181	532	31	7	-1	
3	1	66	1	0	0	1181	532	31	7	-1	
4	1	66	1	1	0	1181	532	31	7	-1	
5	1	66	1	1	1	1181	532	4	5	0.000000	ς
5	1	66	1	1	2	1205	532	7	7	18.795547	ν.
2	1	67	0	0	0	1177	533	702	31	-1	
3	1	67	1	0	0	1177	533	702	31	-1	
4	1	67	1	1	0	1177	533	702	31	-1	
5	1	67	1	1	1	1177	540	12	18	34.480270	Ἠ
5	1	67	1	1	2	1206	534	45	25	96.683189	ἴδια,
5	1	67	1	1	3	1266	533	35	21	90.454025	πού
5	1	67	1	1	4	1318	533	115	28	87.622742	αὐθόρμητα
5	1	67	1	1	5	1447	536	111	26	87.737686	προσκαλεῖ
5	1	67	1	1	6	1572	535	55	26	91.152428	ὅσους
5	1	67	1	1	7	1646	536	72	22	56.030788	Δέλουν
5	1	67	1	1	8	1734	538	24	21	96.454521	νά
5	1	67	1	1	9	1773	538	106	26	87.586967	θαυμάσουν
2	1	68	0	0	0	1176	567	540	32	-1	
3	1	68	1	0	0	1176	567	540	32	-1	
4	1	68	1	1	0	1176	567	540	32	-1	
5	1	68	1	1	1	1176	567	21	21	84.806343	τό
5	1	68	1	1	2	1211	569	136	25	55.120525	μεγαλειῶδες
5	1	68	1	1	3	1360	569	46	27	92.347343	ἔργο
5	1	68	1	1	4	1425	572	31	20	93.272270	τοῦ
5	1	68	1	1	5	1471	570	122	28	81.802490	Δημιουργοῦ
5	1	68	1	1	6	1610	571	34	22	82.163918	καί
5	1	68	1	1	7	1659	572	57	27	81.749786	Ἄρχι
2	1	69	0	0	0	1176	602	88	26	-1	
3	1	69	1	0	0	1176	602	88	26	-1	
4	1	69	1	1	0	1176	602	88	26	-1	
5	1	69	1	1	1	1176	602	88	26	86.130081	Φύσεως.
2	1	70	0	0	0	1735	572	4	7	-1	
3	1	70	1	0	0	1735	572	4	7	-1	
4	1	70	1	1	0	1735	572	4	7	-1	
5	1	70	1	1	1	1735	572	4	7	65.950439	/
2	1	71	0	0	0	1709	581	32	12	-1	
3	1	71	1	0	0	1709	581	32	12	-1	
4	1	71	1	1	0	1709	581	32	12	-1	
5	1	71	1	1	1	1709	581	32	12	95.000000	  
2	1	72	0	0	0	1741	576	137	23	-1	
3	1	72	1	0	0	1741	576	137	23	-1	
4	1	72	1	1	0	1741	576	137	23	-1	
5	1	72	1	1	1	1741	581	71	17	54.280983	Ἄπονος
5	1	72	1	1	2	1842	576	36	23	85.631042	τῆς
2	1	73	0	0	0	1205	638	674	32	-1	
3	1	73	1	0	0	1205	638	674	32	-1	
4	1	73	1	1	0	1205	638	674	32	-1	
5	1	73	1	1	1	1205	638	154	28	49.165123	Ὑπενθυμίσαμε
5	1	73	1	1	2	1371	640	28	21	91.157967	ὅτι
5	1	73	1	1	3	1409	642	10	21	92.831207	ὁ
5	1	73	1	1	4	1429	640	125	29	0.000000	ὀδογτίατρος
5	1	73	1	1	5	1568	642	96	28	93.402618	Σπάρτης
5	1	73	1	1	6	1675	652	18	13	83.316116	κ.
5	1	73	1	1	7	1705	643	47	23	25.829590	᾿Α9.
5	1	73	1	1	8	1766	644	113	22	64.538528	Παπαστά-
2	1	74	0	0	0	1172	674	710	172	-1	
3	1	74	1	0	0	1172	674	710	172	-1	
4	1	74	1	1	0	1174	674	704	32	-1	
5	1	74	1	1	1	1174	675	37	24	90.246803	θης
5	1	74	1	1	2	1226	674	105	26	92.755936	ἐπισήμανε
5	1	74	1	1	3	1343	675	21	22	96.739830	τό
5	1	74	1	1	4	1377	675	60	28	94.409874	τοπίο,
5	1	74	1	1	5	1448	676	34	21	96.652153	πού
5	1	74	1	1	6	1494	676	48	22	94.496216	εἶναι
5	1	74	1	1	7	1557	677	99	27	0.000000	πράγματι
5	1	74	1	1	8	1681	678	104	28	67.880707	ἰδιαίτερου
5	1	74	1	1	9	1800	681	78	25	24.795502	φυσηκοῦ
4	1	74	1	2	0	1175	707	707	34	-1	
5	1	74	1	2	1	1175	707	97	27	74.662971	κάλλους,
5	1	74	1	2	2	1287	708	34	21	79.200371	καί
5	1	74	1	2	3	1337	709	40	27	91.503006	εἶχε
5	1	74	1	2	4	1393	710	34	25	92.500114	τήν
5	1	74	1	2	5	1447	710	96	27	84.536842	ἔμπνευση
5	1	74	1	2	6	1557	712	30	22	83.166893	νά.
5	1	74	1	2	7	1596	714	131	24	48.214928	τοποβετήσει
5	1	74	1	2	8	1741	714	24	20	96.650085	τά
5	1	74	1	2	9	1780	714	102	27	81.926422	σιδερένια.
4	1	74	1	3	0	1173	742	704	39	-1	
5	1	74	1	3	1	1173	742	110	27	66.396942	παγκάκια,
5	1	74	1	3	2	1295	744	26	20	0.000000	κι
5	1	74	1	3	3	1335	743	80	27	79.563843	ἔρχεται
5	1	74	1	3	4	1433	745	24	21	93.296677	τά
5	1	74	1	3	5	1470	745	125	27	91.329834	ἀπογεύματα
5	1	74	1	3	6	1608	746	23	26	90.921455	µέ
5	1	74	1	3	7	1642	747	74	27	96.087021	παρέες
5	1	74	1	3	8	1728	748	37	21	96.701988	ἀπό
5	1	74	1	3	9	1776	749	23	25	85.631783	τή
5	1	74	1	3	10	1807	744	70	37	56.944920	Σπάρ-
4	1	74	1	4	0	1174	778	704	33	-1	
5	1	74	1	4	1	1174	785	31	18	86.476036	τη,
5	1	74	1	4	2	1222	778	16	20	0.000000	)
5	1	74	1	4	3	1256	778	119	22	4.728889	ἀπολαύσου»
5	1	74	1	4	4	1387	780	25	25	92.672096	τή
5	1	74	1	4	5	1425	780	73	26	36.285828	μαγεία
5	1	74	1	4	6	1516	783	31	20	95.712105	τοῦ
5	1	74	1	4	7	1562	781	71	28	95.206406	τοπίου,
5	1	74	1	4	8	1647	782	21	21	76.723602	τό
5	1	74	1	4	9	1681	783	117	27	92.047554	πληθωρικό
5	1	74	1	4	10	1810	784	68	27	91.913017	πράσι-
4	1	74	1	5	0	1172	812	704	34	-1	
5	1	74	1	5	1	1172	820	27	19	88.534103	νο,
5	1	74	1	5	2	1212	812	32	22	87.773865	καὶ
5	1	74	1	5	3	1257	813	96	27	72.636070	ἀπέραντο
5	1	74	1	5	4	1365	814	95	27	61.286026	ὁρίζουτα,
5	1	74	1	5	5	1476	816	24	21	53.554962	'Ὁ
5	1	74	1	5	6	1513	817	98	26	86.683182	ὁμιλητής
5	1	74	1	5	7	1627	817	79	27	91.414902	ἐκείνης
5	1	74	1	5	8	1718	820	37	24	95.561790	τῆς
5	1	74	1	5	9	1767	819	54	27	68.161926	ώρας
5	1	74	1	5	10	1829	819	47	25	77.866592	τούς
2	1	75	0	0	0	1173	847	705	71	-1	
3	1	75	1	0	0	1173	847	705	71	-1	
4	1	75	1	1	0	1173	847	703	35	-1	
5	1	75	1	1	1	1173	847	80	23	64.073418	διάέασε
5	1	75	1	1	2	1266	848	20	22	74.667488	τὸ
5	1	75	1	1	3	1296	849	81	27	96.358055	σχετικό
5	1	75	1	1	4	1389	850	68	27	96.005630	σχόλιο
5	1	75	1	1	5	1473	851	36	21	96.676590	ἀπό
5	1	75	1	1	6	1520	852	136	27	92.847107	προηγούµενη
5	1	75	1	1	7	1666	853	107	28	92.502548	ἐφημερίδα
5	1	75	1	1	8	1786	863	45	19	89.347557	µας,
5	1	75	1	1	9	1843	855	33	21	92.888573	καί
4	1	75	1	2	0	1175	883	703	35	-1	
5	1	75	1	2	1	1175	883	62	22	0.000000	.ὅλοι
5	1	75	1	2	2	1254	883	92	27	75.644455	φώναξαν
5	1	75	1	2	3	1362	885	76	27	88.144348	µπράδο
5	1	75	1	2	4	1454	886	33	27	93.852898	γιά
5	1	75	1	2	5	1506	887	33	26	93.372452	τή)
5	1	75	1	2	6	1554	888	53	25	47.594074	καλή
5	1	75	1	2	7	1621	888	70	27	96.280441	πράξη
5	1	75	1	2	8	1705	897	31	14	96.168930	του
5	1	75	1	2	9	1750	889	33	22	91.079803	καὶ
5	1	75	1	2	10	1797	890	81	28	81.165871	συγχρό-
2	1	76	0	0	0	1457	922	54	21	-1	
3	1	76	1	0	0	1457	922	54	21	-1	
4	1	76	1	1	0	1457	922	54	21	-1	
5	1	76	1	1	1	1457	922	54	21	95.000000	  
2	1	77	0	0	0	1173	919	291	29	-1	
3	1	77	1	0	0	1173	919	291	29	-1	
4	1	77	1	1	0	1173	919	291	29	-1	
5	1	77	1	1	1	1173	926	39	17	9.886078	γὠς
5	1	77	1	1	2	1226	919	98	27	0.000000	ἀντήμησε
5	1	77	1	1	3	1337	920	34	21	91.017403	ἕνα
5	1	77	1	1	4	1385	929	79	19	86.288155	τραντα;
2	1	78	0	0	0	1461	944	33	4	-1	
3	1	78	1	0	0	1461	944	33	4	-1	
4	1	78	1	1	0	1461	944	33	4	-1	
5	1	78	1	1	1	1461	944	33	4	95.000000	 
2	1	79	0	0	0	1174	954	292	29	-1	
3	1	79	1	0	0	1174	954	292	29	-1	
4	1	79	1	1	0	1174	954	292	29	-1	
5	1	79	1	1	1	1174	954	96	27	92.788521	τογραφία
5	1	79	1	1	2	1286	955	35	21	96.285004	πού
5	1	79	1	1	3	1334	956	85	27	5.030838	πήραμε,
5	1	79	1	1	4	1436	956	30	22	43.956825	56)
2	1	80	0	0	0	1478	957	55	25	-1	
3	1	80	1	0	0	1478	957	55	25	-1	
4	1	80	1	1	0	1478	957	55	25	-1	
5	1	80	1	1	1	1478	957	55	25	95.000000	 
2	1	81	0	0	0	1513	966	17	13	-1	
3	1	81	1	0	0	1513	966	17	13	-1	
4	1	81	1	1	0	1513	966	17	13	-1	
5	1	81	1	1	1	1513	966	17	13	65.447731	αι
2	1	82	0	0	0	1511	922	365	31	-1	
3	1	82	1	0	0	1511	922	365	31	-1	
4	1	82	1	1	0	1511	922	365	31	-1	
5	1	82	1	1	1	1511	922	152	28	42.063385	Χειροχρότημα.
5	1	82	1	1	2	1681	924	116	28	92.886284	(Δυστυχῶς
5	1	82	1	1	3	1812	926	11	26	90.026581	ἡ
5	1	82	1	1	4	1840	934	36	19	92.308220	φω-
2	1	83	0	0	0	1547	959	329	29	-1	
3	1	83	1	0	0	1547	959	329	29	-1	
4	1	83	1	1	0	1547	959	329	29	-1	
5	1	83	1	1	1	1547	959	81	26	51.734108	χαδαρή
5	1	83	1	1	2	1644	959	34	27	86.692062	Ὑιά
5	1	83	1	1	3	1697	959	123	29	38.232502	δημοσίευση,
5	1	83	1	1	4	1851	962	25	24	96.412964	ἐξ
2	1	84	0	0	0	1176	989	348	31	-1	
3	1	84	1	0	0	1176	989	348	31	-1	
4	1	84	1	1	0	1189	989	149	8	-1	
5	1	84	1	1	1	1189	989	25	7	0.000000	.{
5	1	84	1	1	2	1277	990	61	7	0.000000	ο
4	1	84	1	2	0	1176	993	348	27	-1	
5	1	84	1	2	1	1176	996	65	18	51.279839	αὐτίας
5	1	84	1	2	2	1254	999	31	12	93.292397	τοῦ
5	1	84	1	2	3	1296	993	101	19	0.000000	ἀρτίθοτου
5	1	84	1	2	4	1406	993	118	27	52.526470	φωτισμοῦ).
2	1	85	0	0	0	1174	1048	691	11	-1	
3	1	85	1	0	0	1174	1048	691	11	-1	
4	1	85	1	1	0	1174	1048	691	11	-1	
5	1	85	1	1	1	1174	1048	691	11	95.000000	 
2	1	86	0	0	0	1154	1079	726	53	-1	
3	1	86	1	0	0	1154	1079	726	53	-1	
4	1	86	1	1	0	1154	1079	726	53	-1	
5	1	86	1	1	1	1154	1079	283	50	42.466728	Συμπλήρωσε
5	1	86	1	1	2	1458	1083	139	48	88.794403	χρὀνο
5	1	86	1	1	3	1618	1084	23	40	90.700325	ὁ
5	1	86	1	1	4	1667	1085	213	47	96.457001	δάσκαλος
2	1	87	0	0	0	1309	1152	204	50	-1	
3	1	87	1	0	0	1309	1152	204	50	-1	
4	1	87	1	1	0	1309	1152	204	50	-1	
5	1	87	1	1	1	1309	1152	204	50	96.336723	Γεώργιος
2	1	88	0	0	0	1538	1155	182	47	-1	
3	1	88	1	0	0	1538	1155	182	47	-1	
4	1	88	1	1	0	1538	1155	182	47	-1	
5	1	88	1	1	1	1538	1155	182	47	92.430771	Γκλέκας
2	1	89	0	0	0	1529	1209	190	7	-1	
3	1	89	1	0	0	1529	1209	190	7	-1	
4	1	89	1	1	0	1529	1209	190	7	-1	
5	1	89	1	1	1	1529	1209	190	7	95.000000	 
2	1	90	0	0	0	1296	1212	424	12	-1	
3	1	90	1	0	0	1296	1212	424	12	-1	
4	1	90	1	1	0	1296	1212	424	12	-1	
5	1	90	1	1	1	1296	1212	424	12	95.000000	 
2	1	91	0	0	0	1150	1237	351	66	-1	
3	1	91	1	0	0	1150	1237	351	66	-1	
4	1	91	1	1	0	1180	1237	321	31	-1	
5	1	91	1	1	1	1180	1237	38	22	0.000000	δν
5	1	91	1	1	2	1231	1246	22	19	20.071785	μυ
5	1	91	1	1	3	1257	1239	116	27	20.071785	ημονεύουμε
5	1	91	1	1	4	1388	1241	29	27	93.299454	ὄχι
5	1	91	1	1	5	1431	1241	70	25	91.824799	ἁπλῶς
4	1	91	1	2	0	1150	1273	351	30	-1	
5	1	91	1	2	1	1150	1273	34	27	79.698135	γιά
5	1	91	1	2	2	1194	1274	17	21	14.858292	η)
5	1	91	1	2	3	1225	1274	95	28	90.352142	ἀνάψουμε
5	1	91	1	2	4	1336	1275	21	22	91.322548	τὸ
5	1	91	1	2	5	1368	1276	43	27	60.056641	κερί
5	1	91	1	2	6	1426	1276	35	22	96.656982	πού
5	1	91	1	2	7	1470	1279	31	19	96.873848	τοῦ
2	1	92	0	0	0	1150	1309	351	30	-1	
3	1	92	1	0	0	1150	1309	351	30	-1	
4	1	92	1	1	0	1150	1309	351	30	-1	
5	1	92	1	1	1	1150	1309	102	27	89.126419	ὀφείλουμε,
5	1	92	1	1	2	1270	1310	55	22	96.553932	ἀλλά
5	1	92	1	1	3	1333	1311	34	27	96.597252	γιά
5	1	92	1	1	4	1376	1312	23	21	93.107727	νά
5	1	92	1	1	5	1410	1313	91	26	11.374054	διδαιμτοῦ
2	1	93	0	0	0	1256	1325	54	11	-1	
3	1	93	1	0	0	1256	1325	54	11	-1	
4	1	93	1	1	0	1256	1325	54	11	-1	
5	1	93	1	1	1	1256	1328	3	8	95.000000	 
5	1	93	1	1	2	1305	1325	5	7	95.000000	 
2	1	94	0	0	0	1139	1336	4	29	-1	
3	1	94	1	0	0	1139	1336	4	29	-1	
4	1	94	1	1	0	1139	1336	4	29	-1	
5	1	94	1	1	1	1139	1336	4	29	45.049019	|
2	1	95	0	0	0	1150	1342	348	504	-1	
3	1	95	1	0	0	1150	1342	348	504	-1	
4	1	95	1	1	0	1150	1342	348	504	-1	
5	1	95	1	1	1	1150	1342	348	504	95.000000	 
2	1	96	0	0	0	1142	1859	354	313	-1	
3	1	96	1	0	0	1142	1859	354	313	-1	
4	1	96	1	1	0	1146	1859	321	30	-1	
5	1	96	1	1	1	1146	1868	22	18	93.663223	µε
5	1	96	1	1	2	1181	1859	34	22	63.895893	καί
5	1	96	1	1	3	1228	1860	24	21	89.504654	νά
5	1	96	1	1	4	1264	1860	85	28	54.849014	πάρουµε
5	1	96	1	1	5	1367	1862	100	27	74.445129	κουράγιο.
4	1	96	1	2	0	1175	1895	321	30	-1	
5	1	96	1	2	1	1175	1895	24	21	40.350323	Ὁ
5	1	96	1	2	2	1213	1895	116	27	20.623726	ἀείμνηστος
5	1	96	1	2	3	1347	1896	34	26	88.323135	ἦτο
5	1	96	1	2	4	1407	1897	89	28	95.442459	πατέρας
4	1	96	1	3	0	1146	1931	349	27	-1	
5	1	96	1	3	1	1146	1932	32	20	89.546974	τοῦ
5	1	96	1	3	2	1196	1931	126	27	48.912704	Πρωτοδύκη
5	1	96	1	3	3	1336	1941	18	13	25.668633	κ.
5	1	96	1	3	4	1373	1933	71	21	86.160835	Πάνου
5	1	96	1	3	5	1474	1934	21	21	63.051769	Τ..
4	1	96	1	4	0	1146	1965	349	30	-1	
5	1	96	1	4	1	1146	1965	89	29	73.675308	Τκλέκα,
5	1	96	1	4	2	1253	1969	31	19	93.257011	τοῦ
5	1	96	1	4	3	1299	1970	110	25	62.662560	μηχανικοῦ
5	1	96	1	4	4	1444	1969	51	26	72.561295	Δημ.
4	1	96	1	5	0	1144	2001	351	28	-1	
5	1	96	1	5	1	1144	2001	88	28	53.770027	Τκλέκα,
5	1	96	1	5	2	1247	2004	37	20	93.255348	τῶν
5	1	96	1	5	3	1298	2004	156	21	84.186951	διδασκαλισσῶν
5	1	96	1	5	4	1472	2005	23	21	55.255302	ΛΑ
4	1	96	1	6	0	1145	2038	349	28	-1	
5	1	96	1	6	1	1145	2038	61	25	87.924683	θηνάς
5	1	96	1	6	2	1221	2038	153	28	60.945923	Κομδιτσιώτη,
5	1	96	1	6	3	1401	2039	93	26	20.675995	᾽Αννίτας
4	1	96	1	7	0	1142	2072	352	29	-1	
5	1	96	1	7	1	1142	2072	26	22	24.629166	Ῥ.
5	1	96	1	7	2	1179	2073	91	27	26.021957	Ἡρεκεζέ
5	1	96	1	7	3	1280	2073	35	22	80.518486	καὶ
5	1	96	1	7	4	1328	2074	100	27	90.246429	Οὐρανίας
5	1	96	1	7	5	1439	2075	55	22	87.025826	Γκλέ
4	1	96	1	8	0	1143	2108	155	27	-1	
5	1	96	1	8	1	1143	2116	32	14	96.810791	κα.
5	1	96	1	8	2	1191	2108	48	27	0.000000	Είχε
5	1	96	1	8	3	1255	2110	43	20	82.175301	διατ
4	1	96	1	9	0	1142	2144	351	28	-1	
5	1	96	1	9	1	1142	2145	32	20	93.245369	τοῦ
5	1	96	1	9	2	1184	2144	136	23	42.300419	Διδασκαλικοῦ
5	1	96	1	9	3	1343	2145	105	27	85.998032	Συλλόγου.
5	1	96	1	9	4	1459	2147	34	20	95.413940	Λα
2	1	97	0	0	0	1506	1518	9	402	-1	
3	1	97	1	0	0	1506	1518	9	402	-1	
4	1	97	1	1	0	1506	1518	9	402	-1	
5	1	97	1	1	1	1506	1518	9	402	95.000000	 
2	1	98	0	0	0	1298	2109	66	21	-1	
3	1	98	1	0	0	1298	2109	66	21	-1	
4	1	98	1	1	0	1298	2109	66	21	-1	
5	1	98	1	1	1	1298	2109	66	21	95.000000	 
2	1	99	0	0	0	1141	2178	351	30	-1	
3	1	99	1	0	0	1141	2178	351	30	-1	
4	1	99	1	1	0	1141	2178	351	30	-1	
5	1	99	1	1	1	1141	2178	115	27	82.694672	κεδαίµονος
5	1	99	1	1	2	1270	2179	33	22	81.047012	καί
5	1	99	1	1	3	1314	2180	125	27	55.673275	Διευβυντής
5	1	99	1	1	4	1455	2183	37	25	96.845039	τῆς
2	1	100	0	0	0	1154	2239	326	5	-1	
3	1	100	1	0	0	1154	2239	326	5	-1	
4	1	100	1	1	0	1154	2239	326	5	-1	
5	1	100	1	1	1	1154	2239	326	5	95.000000	 
2	1	101	0	0	0	1149	2268	334	60	-1	
3	1	101	1	0	0	1149	2268	334	60	-1	
4	1	101	1	1	0	1149	2268	334	25	-1	
5	1	101	1	1	1	1149	2268	57	21	68.429031	ΣΤΗ.
5	1	101	1	1	2	1228	2269	255	24	68.429031	ΓΑΛΑΚΤΟΚΟΜΙΚΗ
4	1	101	1	2	0	1168	2304	293	24	-1	
5	1	101	1	2	1	1168	2304	100	22	94.560905	ΣΧΟΛΗ
5	1	101	1	2	2	1291	2305	170	23	94.560905	ΙΩΑΝΝΙΝΩΝ
2	1	102	0	0	0	1131	1801	8	534	-1	
3	1	102	1	0	0	1131	1801	8	534	-1	
4	1	102	1	1	0	1131	1801	8	534	-1	
5	1	102	1	1	1	1131	1801	8	534	95.000000	 
2	1	103	0	0	0	1128	2357	363	383	-1	
3	1	103	1	0	0	1128	2357	363	383	-1	
4	1	103	1	1	0	1128	2357	362	31	-1	
5	1	103	1	1	1	1128	2357	178	29	0.000000	Εγκρίθηκε
5	1	103	1	1	2	1323	2359	13	28	88.688202	ἡ
5	1	103	1	1	3	1373	2360	117	28	84.441505	εἰσαγωγή
4	1	103	1	2	0	1129	2380	361	44	-1	
5	1	103	1	2	1	1129	2380	84	44	31.976791	Γχωρίς
5	1	103	1	2	2	1228	2393	127	28	92.940933	ἐξετάσεις,
5	1	103	1	2	3	1371	2396	27	20	92.961655	30
5	1	103	1	2	4	1416	2396	74	27	88.378448	µαθη-
4	1	103	1	3	0	1129	2422	362	36	-1	
5	1	103	1	3	1	1129	2422	55	26	30.675194	'τῶν
5	1	103	1	3	2	1195	2428	44	27	92.204643	στή
5	1	103	1	3	3	1252	2430	25	26	55.988274	1η
5	1	103	1	3	4	1287	2429	60	27	88.022812	τάξη
5	1	103	1	3	5	1359	2430	40	21	89.619804	καί
5	1	103	1	3	6	1411	2431	24	20	74.365768	Ι0
5	1	103	1	3	7	1446	2431	45	27	93.050247	στή
4	1	103	1	4	0	1137	2462	352	31	-1	
5	1	103	1	4	1	1137	2462	29	28	94.109352	2η
5	1	103	1	4	2	1183	2463	60	28	95.635796	τάξη
5	1	103	1	4	3	1258	2465	43	26	93.293999	τῆς
5	1	103	1	4	4	1317	2465	172	28	68.045059	Γαλακτοκομι-
4	1	103	1	5	0	1128	2490	362	37	-1	
5	1	103	1	5	1	1128	2490	51	35	0.000000	Ἰκῆς
5	1	103	1	5	2	1194	2499	18	20	92.795456	Σ
5	1	103	1	5	3	1211	2499	76	28	88.671349	χολῆς
5	1	103	1	5	4	1301	2500	140	22	35.134506	᾽Ιωαννίνων.
5	1	103	1	5	5	1457	2502	33	21	96.779938	Δε
4	1	103	1	6	0	1136	2534	355	30	-1	
5	1	103	1	6	1	1136	2534	52	21	92.459045	κτοί
5	1	103	1	6	2	1196	2534	40	21	69.519592	καί
5	1	103	1	6	3	1244	2536	43	20	93.298393	τοῦ
5	1	103	1	6	4	1296	2536	134	27	92.313499	Δημοτικοῦ
5	1	103	1	6	5	1441	2537	50	27	91.560455	Σχο
4	1	103	1	7	0	1137	2569	352	30	-1	
5	1	103	1	7	1	1137	2569	74	25	87.508690	λείου,
5	1	103	1	7	2	1231	2570	48	21	93.257355	ἀπό
5	1	103	1	7	3	1297	2571	25	20	82.955811	Ι4
5	1	103	1	7	4	1336	2572	72	27	90.738937	µέχρι
5	1	103	1	7	5	1423	2573	28	20	93.245461	27
5	1	103	1	7	6	1468	2573	21	21	90.489700	ἑ-
4	1	103	1	8	0	1137	2605	351	30	-1	
5	1	103	1	8	1	1137	2605	53	20	92.444611	τῶν.
5	1	103	1	8	2	1208	2605	102	29	83.540161	Φοίτηση
5	1	103	1	8	3	1327	2606	44	22	88.762932	δύο
5	1	103	1	8	4	1403	2607	85	28	61.319717	χρόνια
4	1	103	1	9	0	1137	2640	352	31	-1	
5	1	103	1	9	1	1137	2640	139	22	91.332291	ΕΝΤΕΛΩΣ
5	1	103	1	9	2	1287	2642	124	22	93.296463	ΔΩΡΕΑΝ.
5	1	103	1	9	3	1429	2644	60	27	90.579369	Πλη-
4	1	103	1	10	0	1136	2676	352	29	-1	
5	1	103	1	10	1	1136	2676	115	28	54.158165	ροφορίες
5	1	103	1	10	2	1265	2677	47	21	96.466278	ἀπό
5	1	103	1	10	3	1340	2678	57	27	84.441422	τούς
5	1	103	1	10	4	1424	2686	64	15	84.441422	τοπι-
4	1	103	1	11	0	1137	2711	213	29	-1	
5	1	103	1	11	1	1137	2711	56	27	25.317505	Κούς
5	1	103	1	11	2	1209	2712	141	28	91.277634	γεωπόνους.
2	1	104	0	0	0	1127	2556	3	51	-1	
3	1	104	1	0	0	1127	2556	3	51	-1	
4	1	104	1	1	0	1127	2556	3	14	-1	
5	1	104	1	1	1	1127	2556	3	14	43.347717	1
4	1	104	1	2	0	1127	2590	3	17	-1	
5	1	104	1	2	1	1127	2590	3	17	44.088638	|
2	1	105	0	0	0	1126	2621	4	73	-1	
3	1	105	1	0	0	1126	2621	4	73	-1	
4	1	105	1	1	0	1126	2621	4	73	-1	
5	1	105	1	1	1	1126	2621	4	73	95.000000	 
2	1	106	0	0	0	1126	2696	3	80	-1	
3	1	106	1	0	0	1126	2696	3	80	-1	
4	1	106	1	1	0	1126	2696	3	80	-1	
5	1	106	1	1	1	1126	2696	3	80	95.000000	 
2	1	107	0	0	0	1149	2770	336	5	-1	
3	1	107	1	0	0	1149	2770	336	5	-1	
4	1	107	1	1	0	1149	2770	336	5	-1	
5	1	107	1	1	1	1149	2770	336	5	95.000000	 
2	1	108	0	0	0	1124	2799	362	144	-1	
3	1	108	1	0	0	1124	2799	362	144	-1	
4	1	108	1	1	0	1201	2799	229	23	-1	
5	1	108	1	1	1	1201	2799	229	23	32.998489	ΣΥΓΧΑΡΗΤΗΡΙΑ
4	1	108	1	2	0	1166	2839	319	30	-1	
5	1	108	1	2	1	1166	2839	26	21	88.132812	Ἡ
5	1	108	1	2	2	1205	2840	111	27	88.132812	ἐφημερίδα
5	1	108	1	2	3	1331	2849	38	18	93.279938	µας
5	1	108	1	2	4	1384	2842	101	27	68.514801	συγχαίρει
4	1	108	1	3	0	1125	2874	361	30	-1	
5	1	108	1	3	1	1125	2874	77	30	18.987213	“Φερμά
5	1	108	1	3	2	1220	2875	31	21	81.513893	τό
5	1	108	1	3	3	1280	2876	21	24	93.107513	ἐξ
5	1	108	1	3	4	1317	2876	120	27	60.794125	᾽Αγόριανης
5	1	108	1	3	5	1466	2887	20	13	56.973690	.
4	1	108	1	4	0	1124	2909	362	34	-1	
5	1	108	1	4	1	1124	2909	109	34	72.918259	Δημήτρη
5	1	108	1	4	2	1261	2912	52	26	75.653748	Χαρ.
5	1	108	1	4	3	1329	2912	157	29	76.074867	Παπαδόπουλο,
2	1	109	0	0	0	1125	2788	3	88	-1	
3	1	109	1	0	0	1125	2788	3	88	-1	
4	1	109	1	1	0	1125	2788	3	88	-1	
5	1	109	1	1	1	1125	2788	3	88	95.000000	 
2	1	110	0	0	0	1134	2945	352	102	-1	
3	1	110	1	0	0	1134	2945	352	102	-1	
4	1	110	1	1	0	1134	2945	352	30	-1	
5	1	110	1	1	1	1134	2945	35	21	93.294708	πού
5	1	110	1	1	2	1179	2947	50	26	88.503059	πῆρε
5	1	110	1	1	3	1243	2946	22	21	88.135132	τό
5	1	110	1	1	4	1276	2947	68	27	96.487442	πτυχίο
5	1	110	1	1	5	1361	2949	36	25	93.201431	τῆς
5	1	110	1	1	6	1411	2948	75	27	52.164810	Μαδη-
4	1	110	1	2	0	1212	2982	273	29	-1	
5	1	110	1	2	1	1212	2989	10	17	90.466110	ς
5	1	110	1	2	2	1239	2982	82	27	58.045750	Σχαλῆς
5	1	110	1	2	3	1339	2983	96	28	50.601498	᾿Αθηνῶν,
5	1	110	1	2	4	1452	2984	33	22	95.574921	καί
4	1	110	1	3	0	1216	3017	268	30	-1	
5	1	110	1	3	1	1216	3026	44	13	79.155914	εται
5	1	110	1	3	2	1273	3017	55	28	88.188805	ὑγεία
5	1	110	1	3	3	1344	3018	33	22	64.776833	γαί
5	1	110	1	3	4	1395	3019	89	28	85.876915	ἐπιτυχία
2	1	111	0	0	0	1180	2983	36	61	-1	
3	1	111	1	0	0	1180	2983	36	61	-1	
4	1	111	1	1	0	1180	2983	28	24	-1	
5	1	111	1	1	1	1180	2983	28	24	95.000000	  
4	1	111	1	2	0	1180	3016	36	28	-1	
5	1	111	1	2	1	1180	3016	36	28	95.000000	  
2	1	112	0	0	0	1209	3000	1	4	-1	
3	1	112	1	0	0	1209	3000	1	4	-1	
4	1	112	1	1	0	1209	3000	1	4	-1	
5	1	112	1	1	1	1209	3000	1	4	95.000000	 
2	1	113	0	0	0	1124	2989	64	49	-1	
3	1	113	1	0	0	1124	2989	64	49	-1	
4	1	113	1	1	0	1124	2989	58	27	-1	
5	1	113	1	1	1	1124	2989	58	27	13.067642	ματι
4	1	113	1	2	0	1135	3018	53	20	-1	
5	1	113	1	2	1	1135	3018	31	20	53.920437	τοῦ
2	1	114	0	0	0	1497	2337	9	758	-1	
3	1	114	1	0	0	1497	2337	9	758	-1	
4	1	114	1	1	0	1497	2337	9	758	-1	
5	1	114	1	1	1	1497	2337	9	758	95.000000	 
2	1	115	0	0	0	1133	3051	352	29	-1	
3	1	115	1	0	0	1133	3051	352	29	-1	
4	1	115	1	1	0	1133	3051	352	29	-1	
5	1	115	1	1	1	1133	3051	43	22	93.276917	στόν
5	1	115	1	1	2	1191	3052	163	28	74.807121	ἐπαγγελματιχό
5	1	115	1	1	3	1370	3054	33	22	82.312523	καί
5	1	115	1	1	4	1417	3064	68	12	63.406384	χονω-
2	1	116	0	0	0	1134	3087	120	24	-1	
3	1	116	1	0	0	1134	3087	120	24	-1	
4	1	116	1	1	0	1134	3087	120	24	-1	
5	1	116	1	1	1	1134	3087	43	22	17.352646	γυκό
5	1	116	1	1	2	1193	3088	61	23	85.703766	στίδο,
2	1	117	0	0	0	1499	2409	45	29	-1	
3	1	117	1	0	0	1499	2409	45	29	-1	
4	1	117	1	1	0	1499	2409	45	29	-1	
5	1	117	1	1	1	1499	2409	45	29	95.000000	 
2	1	118	0	0	0	1524	1242	352	137	-1	
3	1	118	1	0	0	1524	1242	352	137	-1	
4	1	118	1	1	0	1526	1242	349	29	-1	
5	1	118	1	1	1	1526	1242	139	27	17.250229	ἨῬηθλιοθήκης
5	1	118	1	1	2	1682	1244	103	27	68.221550	Σπάρτης.
5	1	118	1	1	3	1821	1245	54	21	88.270149	"Ἠτο
4	1	118	1	2	0	1524	1277	351	29	-1	
5	1	118	1	2	1	1524	1277	89	27	45.941967	μεγάλος
5	1	118	1	2	2	1627	1279	133	27	91.824486	ὁραματιστής
5	1	118	1	2	3	1774	1281	36	25	96.868286	τῆς
5	1	118	1	2	4	1829	1281	46	21	64.686272	αι
4	1	118	1	3	0	1525	1312	350	31	-1	
5	1	118	1	3	1	1525	1312	55	25	92.688072	δείας
5	1	118	1	3	2	1610	1313	33	22	76.353333	καὶ
5	1	118	1	3	3	1659	1315	36	25	95.535591	τῆς
5	1	118	1	3	4	1726	1315	149	28	49.048252	Δημοκρατίας.
4	1	118	1	4	0	1524	1348	352	31	-1	
5	1	118	1	4	1	1524	1348	41	21	85.572121	Καί
5	1	118	1	4	2	1576	1348	108	28	53.832581	διεκρίνετο
5	1	118	1	4	3	1697	1350	35	26	96.086929	γιά
5	1	118	1	4	4	1743	1351	33	25	93.283569	τήν
5	1	118	1	4	5	1790	1351	86	28	88.178940	ἀνωτερό
2	1	119	0	0	0	1692	1387	182	26	-1	
3	1	119	1	0	0	1692	1387	182	26	-1	
4	1	119	1	1	0	1692	1387	182	26	-1	
5	1	119	1	1	1	1692	1387	118	26	78.371986	χαρακτῆρα
5	1	119	1	1	2	1843	1395	31	13	29.703331	ῄτου
2	1	120	0	0	0	1521	1466	349	7	-1	
3	1	120	1	0	0	1521	1466	349	7	-1	
4	1	120	1	1	0	1521	1466	349	7	-1	
5	1	120	1	1	1	1521	1466	349	7	95.000000	 
2	1	121	0	0	0	1519	1491	352	280	-1	
3	1	121	1	0	0	1525	1491	332	96	-1	
4	1	121	1	1	0	1617	1491	168	23	-1	
5	1	121	1	1	1	1617	1491	168	23	95.083160	ΕΠΙΣΤΟΛΕΣ
4	1	121	1	2	0	1525	1529	332	31	-1	
5	1	121	1	2	1	1525	1529	24	21	0.190659	Ὁ
5	1	121	1	2	2	1558	1538	18	13	79.941948	κ.
5	1	121	1	2	3	1586	1530	178	23	79.941948	Χ.ΔΗΜΑΚΗΣ
5	1	121	1	2	4	1776	1532	81	28	22.149040	ράφει:
4	1	121	1	3	0	1552	1566	152	21	-1	
5	1	121	1	3	1	1552	1573	18	12	61.447910	κ.
5	1	121	1	3	2	1587	1566	117	21	71.217827	Διευδυντά.
3	1	121	2	0	0	1519	1598	352	173	-1	
4	1	121	2	1	0	1537	1598	332	28	-1	
5	1	121	2	1	1	1537	1598	65	21	31.659821	Ὅταν
5	1	121	2	1	2	1618	1599	49	27	10.863785	ἵμην
5	1	121	2	1	3	1683	1600	101	25	95.515327	δάσκαλος
5	1	121	2	1	4	1803	1602	29	24	96.205673	εἰς
5	1	121	2	1	5	1848	1602	21	22	96.335014	τό
4	1	121	2	2	0	1519	1634	349	30	-1	
5	1	121	2	2	1	1519	1634	112	22	90.726501	πολυθέσιον
5	1	121	2	2	2	1650	1636	103	25	45.582642	δηµοτικὀν
5	1	121	2	2	3	1779	1638	89	26	48.784145	σχολεῖον
4	1	121	2	3	0	1522	1670	349	29	-1	
5	1	121	2	3	1	1522	1670	37	21	93.284134	τῶν
5	1	121	2	3	2	1570	1670	106	22	56.130524	Κολλινῶη
5	1	121	2	3	3	1691	1671	20	22	89.550522	τό
5	1	121	2	3	4	1724	1672	54	22	91.595818	1919
5	1	121	2	3	5	1790	1672	81	27	52.095947	ἦλδεν
5	1	121	2	3	6	1860	1666	13	37	90.600090	ὁ
4	1	121	2	4	0	1523	1705	346	31	-1	
5	1	121	2	4	1	1523	1705	137	27	82.623489	ἐπιδεωρητής
5	1	121	2	4	2	1676	1707	28	24	95.698730	εἰς
5	1	121	2	4	3	1724	1707	20	22	84.360245	τὸ
5	1	121	2	4	4	1773	1708	96	28	61.403839	Σχολείο)
4	1	121	2	5	0	1521	1741	349	30	-1	
5	1	121	2	5	1	1521	1741	37	20	72.600212	ἀπό
5	1	121	2	5	2	1575	1741	33	26	95.706360	τήν
5	1	121	2	5	3	1623	1741	95	28	45.088310	Τρίπολη
5	1	121	2	5	4	1733	1743	33	21	74.260086	καὶ
5	1	121	2	5	5	1795	1746	75	25	91.533936	πρῶτον
2	1	122	0	0	0	1520	1713	9	12	-1	
3	1	122	1	0	0	1520	1713	9	12	-1	
4	1	122	1	1	0	1520	1713	9	12	-1	
5	1	122	1	1	1	1520	1713	9	12	0.000000	ῶ
2	1	123	0	0	0	1519	1776	351	65	-1	
3	1	123	1	0	0	1519	1776	351	65	-1	
4	1	123	1	1	0	1533	1776	325	11	-1	
5	1	123	1	1	1	1533	1776	35	6	7.470284	τα
5	1	123	1	1	2	1591	1776	4	6	0.000000	ῶ
5	1	123	1	1	3	1663	1777	5	7	16.317810	ο
5	1	123	1	1	4	1683	1778	26	6	0.000000	ονη
5	1	123	1	1	5	1806	1779	4	7	27.974609	ος
5	1	123	1	1	6	1854	1780	4	7	5.542404	μι
4	1	123	1	2	0	1521	1780	349	26	-1	
5	1	123	1	2	1	1521	1784	29	16	93.216080	εἰς
5	1	123	1	2	2	1562	1784	59	19	40.269768	ἐμένα
5	1	123	1	2	3	1634	1786	35	13	93.265541	πού
5	1	123	1	2	4	1681	1780	100	20	86.582382	ἐδίδασκον
5	1	123	1	2	5	1794	1787	30	17	96.727249	εἰς
5	1	123	1	2	6	1837	1788	33	18	96.842865	τήν
4	1	123	1	3	0	1519	1811	351	30	-1	
5	1	123	1	3	1	1519	1811	25	21	0.000000	Ὦ/
5	1	123	1	3	2	1558	1811	33	22	78.568047	καὶ
5	1	123	1	3	3	1603	1812	45	21	71.084656	ΣΤ’
5	1	123	1	3	4	1662	1813	54	25	89.254372	τάξιν
5	1	123	1	3	5	1731	1814	34	22	92.921143	πού
5	1	123	1	3	6	1776	1814	49	27	40.217247	ἥμην
5	1	123	1	3	7	1837	1815	33	22	58.217167	καί
2	1	124	0	0	0	1520	1848	119	26	-1	
3	1	124	1	0	0	1520	1848	119	26	-1	
4	1	124	1	1	0	1520	1848	119	26	-1	
5	1	124	1	1	1	1520	1848	119	26	59.680428	διευθυντής.
2	1	125	0	0	0	1536	1856	47	26	-1	
3	1	125	1	0	0	1536	1856	47	26	-1	
4	1	125	1	1	0	1536	1856	47	26	-1	
5	1	125	1	1	1	1536	1856	47	26	95.000000	     
2	1	126	0	0	0	1518	1918	351	30	-1	
3	1	126	1	0	0	1518	1918	351	30	-1	
4	1	126	1	1	0	1536	1918	291	17	-1	
5	1	126	1	1	1	1536	1918	4	6	70.046539	͵
5	1	126	1	1	2	1608	1918	4	7	55.000805	͵
5	1	126	1	1	3	1697	1919	20	7	25.653419	ο
5	1	126	1	1	4	1737	1922	9	4	27.872429	-
5	1	126	1	1	5	1810	1921	17	14	0.000000	-
4	1	126	1	2	0	1518	1920	351	28	-1	
5	1	126	1	2	1	1518	1926	23	13	86.020050	νά
5	1	126	1	2	2	1550	1920	107	26	92.935158	σχολάσουν
5	1	126	1	2	3	1668	1928	32	13	90.800850	καί
5	1	126	1	2	4	1711	1929	59	19	93.101814	ἐπῆρε
5	1	126	1	2	5	1783	1929	43	18	72.885864	µαζί
5	1	126	1	2	6	1838	1930	31	14	92.986183	του
2	1	127	0	0	0	1519	1952	351	103	-1	
3	1	127	1	0	0	1519	1952	351	103	-1	
4	1	127	1	1	0	1522	1952	345	14	-1	
5	1	127	1	1	1	1522	1952	30	8	28.617706	αυ
5	1	127	1	1	2	1642	1954	54	9	4.665649	--
5	1	127	1	1	3	1798	1957	4	7	9.691154	ο
5	1	127	1	1	4	1855	1957	12	9	67.637276	τν
4	1	127	1	2	0	1519	1958	335	25	-1	
5	1	127	1	2	1	1519	1962	79	17	66.536720	ἐμένανε
5	1	127	1	2	2	1613	1963	32	13	75.258499	καί
5	1	127	1	2	3	1661	1964	89	18	91.839066	ἐπήγαμε
5	1	127	1	2	4	1768	1965	46	18	90.041618	στήν
5	1	127	1	2	5	1844	1958	10	20	90.041618	Τ
4	1	127	1	3	0	1548	1988	320	11	-1	
5	1	127	1	3	1	1548	1988	4	7	11.817383	ο
5	1	127	1	3	2	1589	1989	4	7	30.168938	πρ
5	1	127	1	3	3	1629	1990	4	6	49.017090	το
5	1	127	1	3	4	1707	1990	55	8	26.511597	πα
5	1	127	1	3	5	1863	1992	5	7	52.140633	͵
4	1	127	1	4	0	1519	1990	350	28	-1	
5	1	127	1	4	1	1519	1997	32	13	65.455795	καὶ
5	1	127	1	4	2	1568	1990	17	20	92.883476	Δ΄
5	1	127	1	4	3	1611	1991	47	24	28.325562	τάξι
5	1	127	1	4	4	1677	1999	33	13	49.762718	καὶ
5	1	127	1	4	5	1726	2000	90	18	82.971031	ἠρώτησε
5	1	127	1	4	6	1845	2001	24	13	96.704422	τά
4	1	127	1	5	0	1582	2024	240	10	-1	
5	1	127	1	5	1	1582	2024	3	7	41.909767	[
5	1	127	1	5	2	1648	2025	35	9	21.308823	1
5	1	127	1	5	3	1744	2027	4	7	0.000000	;
5	1	127	1	5	4	1818	2027	4	7	72.125076	͵
4	1	127	1	6	0	1519	2026	351	29	-1	
5	1	127	1	6	1	1519	2026	78	20	80.456406	παιδιά:
5	1	127	1	6	2	1612	2034	42	12	90.742294	ποιό
5	1	127	1	6	3	1666	2034	48	13	95.993973	εἶναι
5	1	127	1	6	4	1729	2036	21	13	93.290878	τό
5	1	127	1	6	5	1762	2029	108	26	85.342560	γλυκύτερο
2	1	128	0	0	0	1515	2061	353	241	-1	
3	1	128	1	0	0	1515	2061	353	241	-1	
4	1	128	1	1	0	1517	2061	350	27	-1	
5	1	128	1	1	1	1517	2061	87	26	25.838120	πρὤγμα,
5	1	128	1	1	2	1619	2061	69	21	36.426273	ἐννοῶ»
5	1	128	1	1	3	1708	2062	21	21	93.569908	τό
5	1	128	1	1	4	1744	2062	44	26	37.468029	μέλι
5	1	128	1	1	5	1819	2063	48	21	89.934395	διότι
4	1	128	1	2	0	1516	2094	351	31	-1	
5	1	128	1	2	1	1516	2094	41	28	92.888695	εἶχε
5	1	128	1	2	2	1568	2096	132	28	93.407944	πληροφορίες
5	1	128	1	2	3	1711	2097	28	22	96.949562	ὅτι
5	1	128	1	2	4	1752	2097	78	28	96.039146	τρέφουν
5	1	128	1	2	5	1845	2107	22	18	96.039146	µε
4	1	128	1	3	0	1516	2130	351	28	-1	
5	1	128	1	3	1	1516	2130	66	22	91.698959	λίσσια
5	1	128	1	3	2	1595	2131	41	22	89.474121	ὅλοι
5	1	128	1	3	3	1651	2132	34	21	70.157120	στό
5	1	128	1	3	4	1696	2132	53	22	96.388237	σπίτι
5	1	128	1	3	5	1762	2141	44	17	94.310402	τους
5	1	128	1	3	6	1833	2134	34	21	55.046501	καί
4	1	128	1	4	0	1521	2166	344	10	-1	
5	1	128	1	4	1	1521	2166	31	6	22.800919	ο.
5	1	128	1	4	2	1643	2166	7	7	0.000000	α
5	1	128	1	4	3	1709	2167	4	7	0.000000	-
5	1	128	1	4	4	1770	2168	4	6	15.972656	.
5	1	128	1	4	5	1856	2169	9	7	0.000000	ν
4	1	128	1	5	0	1516	2168	350	27	-1	
5	1	128	1	5	1	1516	2174	111	18	0.000000	ἀπγντησαν
5	1	128	1	5	2	1642	2168	182	27	43.378914	ὅλο,τόχρέας,
5	1	128	1	5	3	1838	2170	28	20	79.612885	Τό
4	1	128	1	6	0	1515	2202	349	28	-1	
5	1	128	1	6	1	1515	2210	21	12	91.020859	τε
5	1	128	1	6	2	1547	2202	9	21	91.020859	ὁ
5	1	128	1	6	3	1571	2202	136	27	92.783356	ἐπιθεωρητής
5	1	128	1	6	4	1721	2203	84	27	91.176697	ἀπόρησε
5	1	128	1	6	5	1818	2205	46	21	61.740540	ἀλλ’
4	1	128	1	7	0	1515	2236	293	29	-1	
5	1	128	1	7	1	1515	2237	8	20	91.211411	ὁ
5	1	128	1	7	2	1539	2236	107	26	93.286362	Δάσκαλος
5	1	128	1	7	3	1662	2238	97	27	71.235664	ἐπρόλαθε
5	1	128	1	7	4	1775	2239	33	21	74.835548	χαί
4	1	128	1	8	0	1517	2271	351	31	-1	
5	1	128	1	8	1	1517	2271	43	29	93.304375	στόν
5	1	128	1	8	2	1575	2273	127	27	42.474174	ἐπιθεωρητή
5	1	128	1	8	3	1716	2273	28	22	96.927475	ὅτι
5	1	128	1	8	4	1762	2275	22	25	93.259621	τή
5	1	128	1	8	5	1798	2275	70	27	87.272369	Μεγά-
2	1	129	0	0	0	1515	2308	350	28	-1	
3	1	129	1	0	0	1515	2308	350	28	-1	
4	1	129	1	1	0	1515	2308	350	28	-1	
5	1	129	1	1	1	1515	2308	26	25	83.388855	λη
5	1	129	1	1	2	1556	2308	86	27	41.244999	Λαμπρή
5	1	129	1	1	3	1663	2310	61	25	91.649940	τρῶνε
5	1	129	1	1	4	1739	2310	62	26	91.638428	χρέας
5	1	129	1	1	5	1831	2310	34	22	91.025009	καί
2	1	130	0	0	0	1515	2351	42	8	-1	
3	1	130	1	0	0	1515	2351	42	8	-1	
4	1	130	1	1	0	1515	2351	42	8	-1	
5	1	130	1	1	1	1515	2351	42	8	95.000000	 
2	1	131	0	0	0	1540	2342	326	29	-1	
3	1	131	1	0	0	1540	2342	326	29	-1	
4	1	131	1	1	0	1540	2342	326	29	-1	
5	1	131	1	1	1	1540	2342	97	28	34.662636	ριµένουυς
5	1	131	1	1	2	1653	2344	23	21	93.282959	νά
5	1	131	1	1	3	1688	2344	97	27	91.651695	σφάξουνε
5	1	131	1	1	4	1797	2346	23	21	91.741470	τό
5	1	131	1	1	5	1832	2354	34	13	51.121746	κα-
2	1	132	0	0	0	1515	2377	65	23	-1	
3	1	132	1	0	0	1515	2377	65	23	-1	
4	1	132	1	1	0	1515	2377	65	23	-1	
5	1	132	1	1	1	1515	2377	65	23	95.000000	 
2	1	133	0	0	0	1562	2378	303	31	-1	
3	1	133	1	0	0	1562	2378	303	31	-1	
4	1	133	1	1	0	1562	2378	303	31	-1	
5	1	133	1	1	1	1562	2387	3	12	0.000000	ι
5	1	133	1	1	2	1581	2380	36	25	93.252884	τῆς
5	1	133	1	1	3	1631	2378	65	28	0.000000	ίδας.
5	1	133	1	1	4	1711	2379	61	23	34.441673	όσον
5	1	133	1	1	5	1791	2381	74	28	95.584846	φτωχοί
2	1	134	0	0	0	1515	2414	349	28	-1	
3	1	134	1	0	0	1515	2414	349	28	-1	
4	1	134	1	1	0	1515	2414	349	28	-1	
5	1	134	1	1	1	1515	2421	59	18	67.724319	εἶναι;
5	1	134	1	1	2	1587	2414	54	21	23.346260	Εἴπεν
5	1	134	1	1	3	1661	2416	8	20	92.916641	ὁ
5	1	134	1	1	4	1682	2416	144	26	91.854691	ἐπιθεωρητής.
5	1	134	1	1	5	1840	2417	24	20	90.337967	Ὁ
2	1	135	0	0	0	1641	2423	4	12	-1	
3	1	135	1	0	0	1641	2423	4	12	-1	
4	1	135	1	1	0	1641	2423	4	12	-1	
5	1	135	1	1	1	1641	2423	4	12	95.000000	 
2	1	136	0	0	0	1513	2447	351	65	-1	
3	1	136	1	0	0	1513	2447	351	65	-1	
4	1	136	1	1	0	1514	2447	350	29	-1	
5	1	136	1	1	1	1514	2447	101	26	83.038818	δάσκαλος
5	1	136	1	1	2	1631	2449	41	22	92.189217	εἶπε
5	1	136	1	1	3	1685	2450	26	26	73.873680	γι)
5	1	136	1	1	4	1726	2450	46	21	51.533020	αὐτὸ
5	1	136	1	1	5	1799	2451	65	22	90.156364	εἴπανε
4	1	136	1	2	0	1513	2483	351	29	-1	
5	1	136	1	2	1	1513	2483	21	22	91.196693	τό
5	1	136	1	2	2	1547	2483	69	28	93.199852	κρέας.
5	1	136	1	2	3	1634	2484	60	28	73.189728	᾿Αιφοῦ
5	1	136	1	2	4	1710	2485	58	23	89.019630	ἔχανε
5	1	136	1	2	5	1782	2486	34	22	80.565643	καὶ
5	1	136	1	2	6	1829	2487	35	21	90.973999	ἅλ-
2	1	137	0	0	0	1512	2520	351	130	-1	
3	1	137	1	0	0	1513	2520	350	28	-1	
4	1	137	1	1	0	1513	2520	350	28	-1	
5	1	137	1	1	1	1513	2520	36	23	93.269463	λες
5	1	137	1	1	2	1565	2520	115	27	88.343826	ἐρωτήσεις,
5	1	137	1	1	3	1711	2521	88	27	88.343826	ἐπήγαμε
5	1	137	1	1	4	1829	2522	34	21	84.591293	καί
3	1	137	2	0	0	1512	2554	350	96	-1	
4	1	137	2	1	0	1551	2554	309	11	-1	
5	1	137	2	1	1	1551	2554	3	7	0.000000	.
5	1	137	2	1	2	1645	2555	54	7	38.278320	ο
5	1	137	2	1	3	1767	2557	1	6	38.028099	ο
5	1	137	2	1	4	1856	2558	4	7	9.222931	ποτ
4	1	137	2	2	0	1512	2557	339	26	-1	
5	1	137	2	2	1	1512	2563	56	16	89.802391	στοὺς
5	1	137	2	2	2	1582	2564	81	19	90.376617	μικρούς
5	1	137	2	2	3	1677	2564	36	18	96.318787	τῆς
5	1	137	2	2	4	1727	2557	19	21	95.768677	Α΄
5	1	137	2	2	5	1769	2566	33	12	59.542789	καί
5	1	137	2	2	6	1834	2558	17	20	78.901825	Ἑ
4	1	137	2	3	0	1512	2590	350	28	-1	
5	1	137	2	3	1	1512	2590	84	25	91.967873	τάξεως.
5	1	137	2	3	2	1625	2592	57	21	8.225517	Ἐκεῖ
5	1	137	2	3	3	1694	2591	90	23	30.669235	ἐδίδασκε
5	1	137	2	3	4	1815	2593	47	25	38.922115	ἕνας
4	1	137	2	4	0	1512	2627	73	23	-1	
5	1	137	2	4	1	1512	2627	73	23	72.188171	παπᾶς.
2	1	138	0	0	0	1540	2667	322	29	-1	
3	1	138	1	0	0	1540	2667	322	29	-1	
4	1	138	1	1	0	1540	2667	322	29	-1	
5	1	138	1	1	1	1540	2667	24	21	61.045849	Ὁ
5	1	138	1	1	2	1580	2667	136	28	66.991928	ἐπιθεωρητής
5	1	138	1	1	3	1729	2669	68	27	67.936600	ἄρχισε
5	1	138	1	1	4	1826	2669	36	22	90.537849	ἀπό
2	1	139	0	0	0	1806	2705	56	25	-1	
3	1	139	1	0	0	1806	2705	56	25	-1	
4	1	139	1	1	0	1806	2705	56	25	-1	
5	1	139	1	1	1	1806	2705	56	25	96.702057	στούς
2	1	140	0	0	0	1718	2712	34	14	-1	
3	1	140	1	0	0	1718	2712	34	14	-1	
4	1	140	1	1	0	1718	2712	34	14	-1	
5	1	140	1	1	1	1718	2712	34	14	95.000000	 
2	1	141	0	0	0	1509	2702	352	206	-1	
3	1	141	1	0	0	1509	2702	352	206	-1	
4	1	141	1	1	0	1512	2702	265	27	-1	
5	1	141	1	1	1	1512	2702	24	21	93.242592	τά
5	1	141	1	1	2	1546	2703	137	26	80.979523	Ἀρησκευτικά
5	1	141	1	1	3	1693	2712	25	13	77.492874	καί
5	1	141	1	1	4	1755	2713	22	13	92.446251	εἶπε
4	1	141	1	2	0	1512	2737	349	29	-1	
5	1	141	1	2	1	1512	2737	80	27	73.049782	μικρούς
5	1	141	1	2	2	1621	2738	34	27	33.295700	γιά
5	1	141	1	2	3	1683	2739	108	27	86.998985	προσέξετε
5	1	141	1	2	4	1817	2741	44	25	78.607773	ἐδῶ.
4	1	141	1	3	0	1514	2772	346	30	-1	
5	1	141	1	3	1	1514	2772	67	25	60.786346	Ποιός
5	1	141	1	3	2	1599	2773	66	22	86.445412	ἔχτισε
5	1	141	1	3	3	1681	2774	31	21	25.479897	τόν
5	1	141	1	3	4	1742	2774	69	28	0.000000	Ἀόσμο;
5	1	141	1	3	5	1827	2775	33	22	93.185036	καί
4	1	141	1	4	0	1510	2808	350	28	-1	
5	1	141	1	4	1	1510	2808	16	21	93.275536	οἱ
5	1	141	1	4	2	1538	2808	86	27	87.223541	µαθηταί
5	1	141	1	4	3	1638	2809	92	27	35.634064	σύσσωμοι
5	1	141	1	4	4	1746	2810	65	22	13.278114	εἶπα,:
5	1	141	1	4	5	1823	2811	37	21	96.688736	«Οἱ
4	1	141	1	5	0	1509	2844	350	29	-1	
5	1	141	1	5	1	1509	2844	138	26	5.349197	Λαηιιαδιανοί
5	1	141	1	5	2	1659	2845	113	27	73.001892	µαστόρου.
5	1	141	1	5	3	1797	2846	62	27	0.000000	Εχαν
4	1	141	1	6	0	1510	2878	350	30	-1	
5	1	141	1	6	1	1510	2878	64	22	68.253433	δίκαιο
5	1	141	1	6	2	1586	2879	23	21	90.647285	νά
5	1	141	1	6	3	1634	2880	73	22	51.315460	εἴπουνε
5	1	141	1	6	4	1721	2881	15	21	92.341766	οἱ
5	1	141	1	6	5	1752	2881	108	27	92.052155	Λαγκαδια
2	1	142	0	0	0	1509	2949	350	29	-1	
3	1	142	1	0	0	1509	2949	350	29	-1	
4	1	142	1	1	0	1538	2949	247	10	-1	
5	1	142	1	1	1	1538	2949	26	7	21.025406	ο.
5	1	142	1	1	2	1615	2950	38	7	38.463512	μας
5	1	142	1	1	3	1695	2951	29	8	10.824326	καπ
5	1	142	1	1	4	1782	2953	3	5	45.991627	ϱ
4	1	142	1	2	0	1509	2954	350	24	-1	
5	1	142	1	2	1	1509	2958	32	13	19.200676	και
5	1	142	1	2	2	1555	2958	30	19	94.322632	οχι
5	1	142	1	2	3	1600	2959	52	13	91.341232	αυτοι
5	1	142	1	2	4	1665	2959	35	13	77.935867	που
5	1	142	1	2	5	1714	2960	46	17	85.058212	ησαν
5	1	142	1	2	6	1778	2954	81	24	0.000000	ἠλικιω-
2	1	143	0	0	0	1804	2925	18	13	-1	
3	1	143	1	0	0	1804	2925	18	13	-1	
4	1	143	1	1	0	1804	2925	18	13	-1	
5	1	143	1	1	1	1804	2925	18	13	95.000000	  
2	1	144	0	0	0	1508	2914	296	29	-1	
3	1	144	1	0	0	1508	2914	296	29	-1	
4	1	144	1	1	0	1508	2914	296	29	-1	
5	1	144	1	1	1	1508	2914	28	21	28.946335	νοἱ
5	1	144	1	1	2	1563	2915	91	27	74.900681	µαστόροι
5	1	144	1	1	3	1670	2916	12	21	56.448116	6
5	1	144	1	1	4	1697	2918	73	25	18.891617	χρονῶν
5	1	144	1	1	5	1792	2926	12	12	90.650963	π
2	1	145	0	0	0	1508	2985	352	101	-1	
3	1	145	1	0	0	1508	2985	352	101	-1	
4	1	145	1	1	0	1509	2985	351	30	-1	
5	1	145	1	1	1	1509	2985	51	26	67.081650	µένοι
5	1	145	1	1	2	1575	2985	53	26	93.282356	ὅπως
5	1	145	1	1	3	1642	2986	90	28	90.922951	ἀναφέρει
5	1	145	1	1	4	1747	2987	36	22	93.238449	στά
5	1	145	1	1	5	1795	2989	65	26	59.509754	Γεωρ-
4	1	145	1	2	0	1508	3021	351	28	-1	
5	1	145	1	2	1	1508	3021	114	26	0.000000	Ὑππσιάνηκα
5	1	145	1	2	2	1635	3022	34	21	33.109604	στόὀ
5	1	145	1	2	3	1684	3022	72	27	91.429039	φύλλον
5	1	145	1	2	4	1776	3025	36	24	96.046295	τῆς
5	1	145	1	2	5	1832	3024	27	21	95.997246	20
4	1	145	1	3	0	1508	3056	350	30	-1	
5	1	145	1	3	1	1508	3064	24	18	93.087334	ης
5	1	145	1	3	2	1545	3056	122	28	52.856483	᾿Ὀκτωθρίου
5	1	145	1	3	3	1683	3058	56	22	72.732826	1980
5	1	145	1	3	4	1750	3058	20	23	79.580284	τό
5	1	145	1	3	5	1782	3059	76	27	42.479706	Γεωσγί
2	1	146	0	0	0	1509	3101	36	13	-1	
3	1	146	1	0	0	1509	3101	36	13	-1	
4	1	146	1	1	0	1509	3101	36	13	-1	
5	1	146	1	1	1	1509	3101	36	13	88.301483	τοι.
2	1	147	0	0	0	1904	60	352	307	-1	
3	1	147	1	0	0	1905	60	351	96	-1	
4	1	147	1	1	0	2004	60	153	25	-1	
5	1	147	1	1	1	2004	60	153	25	78.989037	ΓΕΩΡΠΤΣΙ
4	1	147	1	2	0	1908	95	341	25	-1	
5	1	147	1	2	1	1908	95	156	22	89.571793	ΔΙΜΗΝΙΑΙΑ
5	1	147	1	2	2	2079	96	170	24	84.685692	ΕΦΗΜΕΡΙΔΑ
4	1	147	1	3	0	1905	130	351	26	-1	
5	1	147	1	3	1	1905	130	136	23	93.258751	ΕΚΔΟΤΗΣ
5	1	147	1	3	2	2059	132	197	24	81.228165	-ΔΙΕΥΘΥΝΤΗΣ
3	1	147	2	0	0	1904	166	351	100	-1	
4	1	147	2	1	0	1935	166	290	30	-1	
5	1	147	2	1	1	1935	166	123	27	19.487946	Ὑπεύδυνος
5	1	147	2	1	2	2077	168	54	22	57.352768	κατὰ
5	1	147	2	1	3	2157	168	68	28	45.575565	ἸἈΝόμον
4	1	147	2	2	0	1904	201	351	26	-1	
5	1	147	2	2	1	1904	201	70	24	91.011871	ΚΩΝ.
5	1	147	2	2	2	1991	203	29	23	50.763542	Ἡ.
5	1	147	2	2	3	2041	203	214	24	91.482964	ΠΑΝΝΑΚΑΚΗΣ
4	1	147	2	3	0	1905	238	350	28	-1	
5	1	147	2	3	1	1905	238	113	28	59.969288	Λυκούργου
5	1	147	2	3	2	2036	239	28	22	63.680553	2]
5	1	147	2	3	3	2080	252	29	4	55.805656	---
5	1	147	2	3	4	2126	240	129	22	96.587692	ΣΠΑΡΤΗ
3	1	147	3	0	0	2007	274	161	25	-1	
4	1	147	3	1	0	2007	274	161	25	-1	
5	1	147	3	1	1	2007	274	55	25	66.408012	Τολ.
5	1	147	3	1	2	2079	274	89	24	49.086079	28-9-16
3	1	147	4	0	0	1925	309	307	31	-1	
4	1	147	4	1	0	1925	309	307	31	-1	
5	1	147	4	1	1	1925	309	120	26	92.287582	Ὑπεύθυνος
5	1	147	4	1	2	2082	311	150	29	67.506248	Τυπογραφείου
3	1	147	5	0	0	1935	347	287	20	-1	
4	1	147	5	1	0	1935	347	287	20	-1	
5	1	147	5	1	1	1935	347	83	18	91.904106	ΕΛΕΥΘ.
5	1	147	5	1	2	2041	348	20	17	89.077202	Κ.
5	1	147	5	1	3	2084	348	138	19	29.569672	ΝΗΟΟΛΑΡΟΣ
2	1	148	0	0	0	1906	465	305	6	-1	
3	1	148	1	0	0	1906	465	305	6	-1	
4	1	148	1	1	0	1906	465	305	6	-1	
5	1	148	1	1	1	1906	465	305	6	95.000000	 
2	1	149	0	0	0	1911	371	343	240	-1	
3	1	149	1	0	0	1911	371	343	240	-1	
4	1	149	1	1	0	1911	371	343	24	-1	
5	1	149	1	1	1	1911	371	69	22	91.271568	Ἐτησία
5	1	149	1	1	2	2008	372	97	22	66.848061	συνδροµή
5	1	149	1	1	3	2124	373	56	22	92.414856	δραχ.
5	1	149	1	1	4	2224	374	30	17	38.455185	{150
4	1	149	1	2	0	1933	405	291	28	-1	
5	1	149	1	2	1	1933	405	111	28	92.589890	᾽Αμερικῆς
5	1	149	1	2	2	2065	407	44	22	96.543617	δολ.
5	1	149	1	2	3	2197	406	27	23	62.580208	12
4	1	149	1	3	0	1971	496	221	22	-1	
5	1	149	1	3	1	1971	496	145	21	17.710236	ΦΕΣΤΙΒΑΛ
5	1	149	1	3	2	2133	497	59	21	32.420265	ἘκΑ
4	1	149	1	4	0	1930	583	321	28	-1	
5	1	149	1	4	1	1930	583	43	26	85.453056	Στή
5	1	149	1	4	2	1992	583	69	28	93.254570	πρώτη
5	1	149	1	4	3	2080	585	106	26	64.603424	ἐκδήλωση
5	1	149	1	4	4	2220	587	31	20	95.957130	τοῦ
2	1	150	0	0	0	1898	618	353	346	-1	
3	1	150	1	0	0	1898	618	353	346	-1	
4	1	150	1	1	0	1900	618	351	29	-1	
5	1	150	1	1	1	1900	618	101	23	13.184700	ΦεστιθάΧ
5	1	150	1	1	2	2018	621	32	20	92.526451	τοῦ
5	1	150	1	1	3	2067	620	119	27	36.289688	Ἠρηαπικοῦ
5	1	150	1	1	4	2202	620	49	22	15.147598	Κέν-
4	1	150	1	2	0	1901	654	349	29	-1	
5	1	150	1	2	1	1901	662	43	19	81.484390	πρου
5	1	150	1	2	2	1963	654	118	28	93.552986	Λακωνίας,
5	1	150	1	2	3	2103	655	34	27	43.403152	τών
5	1	150	1	2	4	2172	655	78	28	43.860950	1-9-90,
4	1	150	1	3	0	1900	689	351	28	-1	
5	1	150	1	3	1	1900	689	72	27	88.296989	δόθηκε
5	1	150	1	3	2	1991	690	186	27	61.024120	ἐμπερισταπωμόνη
5	1	150	1	3	3	2195	691	56	22	84.824760	διάλε
4	1	150	1	4	0	1900	724	350	28	-1	
5	1	150	1	4	1	1900	724	27	25	32.094849	ξη
5	1	150	1	4	2	1946	724	36	22	93.241287	ἀπό
5	1	150	1	4	3	1997	724	33	22	38.709965	τὀν
5	1	150	1	4	4	2044	724	75	27	60.959431	Ὑνωστό
5	1	150	1	4	5	2133	725	117	27	48.903549	Λακεδαιμό
4	1	150	1	5	0	1898	760	350	28	-1	
5	1	150	1	5	1	1898	767	28	13	70.345230	νιο
5	1	150	1	5	2	1941	760	147	27	71.782593	συνδηκαλιστή,
5	1	150	1	5	3	2107	760	92	28	83.661682	ἱστορικό,
5	1	150	1	5	4	2215	761	33	21	50.954193	καί
4	1	150	1	6	0	1898	794	351	28	-1	
5	1	150	1	6	1	1898	794	102	28	91.460747	λαογράφο
5	1	150	1	6	2	2017	804	18	13	95.422363	κ.
5	1	150	1	6	3	2053	795	70	23	87.890404	ΔΗΜ.
5	1	150	1	6	4	2137	796	112	22	84.806015	ΚΑΛΛΙΑ
4	1	150	1	7	0	1899	829	351	29	-1	
5	1	150	1	7	1	1899	830	49	27	90.591415	ΝΗ,
5	1	150	1	7	2	1967	830	22	26	87.579613	µέ
5	1	150	1	7	3	2007	829	63	28	66.968994	Δέμα:
5	1	150	1	7	4	2094	831	89	27	1.102585	«Ὀπῦρος
5	1	150	1	7	5	2202	832	48	21	81.392517	Θεο-
4	1	150	1	8	0	1899	865	350	28	-1	
5	1	150	1	8	1	1899	865	133	28	92.042519	δωρόπουλος,
5	1	150	1	8	2	2054	866	46	25	69.528999	ἕνας
5	1	150	1	8	3	2136	866	113	25	0.000000	σχαπανέας
4	1	150	1	9	0	1900	900	350	28	-1	
5	1	150	1	9	1	1900	902	37	24	92.655693	τῆς
5	1	150	1	9	2	1960	900	101	28	79.386673	νεώτερης
5	1	150	1	9	3	2086	902	109	26	86.184570	ἐργατικῆς
5	1	150	1	9	4	2216	911	34	13	31.405807	κα
4	1	150	1	10	0	1900	935	350	29	-1	
5	1	150	1	10	1	1900	935	139	29	87.713852	τευθύνσεως»,
5	1	150	1	10	2	2062	936	45	22	93.133293	ὅπου
5	1	150	1	10	3	2125	938	8	21	92.919777	ὁ
5	1	150	1	10	4	2152	938	98	26	85.493561	ὁμιλητής
2	1	151	0	0	0	1981	909	17	43	-1	
3	1	151	1	0	0	1981	909	17	43	-1	
4	1	151	1	1	0	1981	909	17	13	-1	
5	1	151	1	1	1	1981	909	17	13	95.000000	 
4	1	151	1	2	0	1981	938	6	14	-1	
5	1	151	1	2	1	1981	938	6	14	95.000000	 
2	1	152	0	0	0	1900	971	352	64	-1	
3	1	152	1	0	0	1900	971	352	64	-1	
4	1	152	1	1	0	1902	971	349	29	-1	
5	1	152	1	1	1	1902	971	97	25	91.493179	ἀνέπτυξε
5	1	152	1	1	2	2017	972	113	28	33.374290	περίτεχνα,
5	1	152	1	1	3	2150	973	23	26	92.563950	τή
5	1	152	1	1	4	2210	973	41	26	83.310677	ζωή
4	1	152	1	2	0	1900	1007	352	28	-1	
5	1	152	1	2	1	1900	1007	33	21	42.137508	καὶ
5	1	152	1	2	2	1950	1007	22	22	44.422359	τὸ
5	1	152	1	2	3	1990	1007	46	28	75.771797	ἔργο
5	1	152	1	2	4	2071	1010	32	20	91.694885	τοῦ
5	1	152	1	2	5	2134	1008	118	27	91.376572	Σπαρτιάτη
2	1	153	0	0	0	1899	1042	353	64	-1	
3	1	153	1	0	0	1899	1042	353	64	-1	
4	1	153	1	1	0	1899	1042	353	29	-1	
5	1	153	1	1	1	1899	1042	125	29	91.243141	πρωτοπόρου
5	1	153	1	1	2	2041	1045	37	21	92.280022	τῶν
5	1	153	1	1	3	2098	1045	123	21	50.676468	κοινωτωκῶν
5	1	153	1	1	4	2240	1045	12	21	88.489380	ἆ
4	1	153	1	2	0	1900	1078	76	28	-1	
5	1	153	1	2	1	1900	1078	76	28	56.062084	γώνων.
2	1	154	0	0	0	1905	1138	335	7	-1	
3	1	154	1	0	0	1905	1138	335	7	-1	
4	1	154	1	1	0	1905	1138	335	7	-1	
5	1	154	1	1	1	1905	1138	335	7	95.000000	 
2	1	155	0	0	0	1912	1168	316	23	-1	
3	1	155	1	0	0	1912	1168	316	23	-1	
4	1	155	1	1	0	1912	1168	316	23	-1	
5	1	155	1	1	1	1912	1168	102	21	92.405350	ΒΙΒΛΙΑ.
5	1	155	1	1	2	2027	1168	64	22	88.962738	ΠΟΥ
5	1	155	1	1	3	2104	1169	124	22	80.545631	ΛΑΒΑΜΕ
2	1	156	0	0	0	1894	1221	354	456	-1	
3	1	156	1	0	0	1895	1221	353	276	-1	
4	1	156	1	1	0	1927	1221	321	28	-1	
5	1	156	1	1	1	1927	1221	24	22	21.987823	Ὁ
5	1	156	1	1	2	1965	1222	23	21	58.101036	ἐκ
5	1	156	1	1	3	2002	1221	126	28	80.783051	Λογγανίκου
5	1	156	1	1	4	2158	1221	90	22	80.783051	διδάσκα-
4	1	156	1	2	0	1897	1257	351	28	-1	
5	1	156	1	2	1	1897	1259	36	22	96.404907	λος
5	1	156	1	2	2	1947	1266	18	13	96.378838	κ.
5	1	156	1	2	3	1975	1258	95	26	78.466644	Χρῆστος
5	1	156	1	2	4	2084	1258	48	21	81.753433	Ἠλ.
5	1	156	1	2	5	2142	1257	106	28	63.196697	Δημάκης,
4	1	156	1	3	0	1898	1292	350	28	-1	
5	1	156	1	3	1	1898	1292	23	27	53.656582	μέ
5	1	156	1	3	2	1936	1293	90	26	55.783867	εὐγενυκή
5	1	156	1	3	3	2042	1292	106	28	92.080238	ἀφιέρωση,
5	1	156	1	3	4	2163	1295	38	24	90.000809	μᾶς
5	1	156	1	3	5	2231	1293	17	21	61.438526	ἕ-
4	1	156	1	4	0	1896	1328	352	23	-1	
5	1	156	1	4	1	1896	1330	66	20	95.133400	στειλε
5	1	156	1	4	2	1976	1328	20	22	92.658134	τό
5	1	156	1	4	3	2007	1328	64	22	72.945694	θιθλίο
5	1	156	1	4	4	2082	1337	31	14	91.854546	του
5	1	156	1	4	5	2127	1329	121	21	79.332397	ΕΘΝΙΚΑΙ
4	1	156	1	5	0	1899	1364	348	21	-1	
5	1	156	1	5	1	1899	1364	171	21	1.702423	ΤΠΟΛΕΜΙΚΑΙ
5	1	156	1	5	2	2092	1364	155	21	12.303047	ΔΙΗΓΡΗΣΕΙΣ
4	1	156	1	6	0	1895	1399	352	25	-1	
5	1	156	1	6	1	1895	1399	57	25	69.814926	ΠΟΥ
5	1	156	1	6	2	1964	1399	157	22	47.882732	ΝΕΩΤΗΡΟΥ
5	1	156	1	6	3	2133	1399	114	21	44.434700	ἘΛΙΛΗΝΙ
4	1	156	1	7	0	1896	1434	348	28	-1	
5	1	156	1	7	1	1896	1435	87	21	61.726715	ΣΝΙΟΥ,
5	1	156	1	7	2	1997	1434	130	28	71.468910	Εὐχαρίστως
5	1	156	1	7	3	2141	1434	24	22	93.301682	θά
5	1	156	1	7	4	2178	1436	66	25	28.418625	δηµοσι
4	1	156	1	8	0	1896	1469	197	28	-1	
5	1	156	1	8	1	1896	1469	68	27	86.697998	εὖουμε
5	1	156	1	8	2	1979	1469	114	28	62.097641	περικοπές.
3	1	156	2	0	0	1894	1505	351	172	-1	
4	1	156	2	1	0	1924	1505	320	29	-1	
5	1	156	2	1	1	1924	1505	82	27	46.774464	πίσης
5	1	156	2	1	2	2019	1505	77	24	22.870033	λάθαμε
5	1	156	2	1	3	2109	1506	21	22	96.212410	τό
5	1	156	2	1	4	2143	1506	101	28	76.623520	περιοδικό
4	1	156	2	2	0	1895	1541	350	27	-1	
5	1	156	2	2	1	1895	1541	73	22	47.485195	ΡΕΡΑ.
5	1	156	2	2	2	1980	1541	25	22	84.817764	ἐκ
5	1	156	2	2	3	2023	1543	31	20	93.172104	τοῦ
5	1	156	2	2	4	2069	1541	63	23	91.450630	ὁποίου
5	1	156	2	2	5	2147	1542	98	26	78.842453	δηµοσιεύ-
4	1	156	2	3	0	1895	1576	349	27	-1	
5	1	156	2	3	1	1895	1584	43	17	78.351013	ουμε
5	1	156	2	3	2	1955	1576	22	20	93.289619	τό
5	1	156	2	3	3	1993	1577	59	26	91.416229	ἄρθρο
5	1	156	2	3	4	2068	1579	36	23	96.868317	τῆς
5	1	156	2	3	5	2117	1586	19	12	85.697662	κ.
5	1	156	2	3	6	2165	1577	79	25	85.697662	Δόμνας
4	1	156	2	4	0	1896	1612	346	29	-1	
5	1	156	2	4	1	1896	1613	31	21	0.000000	Ἡ.
5	1	156	2	4	2	1942	1612	88	27	30.072769	ἸΑλούπη
5	1	156	2	4	3	2043	1613	34	27	96.749382	γιά
5	1	156	2	4	4	2094	1613	30	22	89.578003	τόν
5	1	156	2	4	5	2139	1613	103	28	90.365021	ἀείμνηστο
4	1	156	2	5	0	1894	1647	205	30	-1	
5	1	156	2	5	1	1894	1647	68	22	76.115768	Μίλτο
5	1	156	2	5	2	1979	1649	120	28	90.433830	Κουντουρᾶ.
2	1	157	0	0	0	1901	1709	327	7	-1	
3	1	157	1	0	0	1901	1709	327	7	-1	
4	1	157	1	1	0	1901	1709	327	7	-1	
5	1	157	1	1	1	1901	1709	327	7	95.000000	 
2	1	158	0	0	0	1939	1739	265	23	-1	
3	1	158	1	0	0	1939	1739	265	23	-1	
4	1	158	1	1	0	1939	1739	265	23	-1	
5	1	158	1	1	1	1939	1739	80	21	66.907242	ΗΡΩΟ
5	1	158	1	1	2	2040	1740	164	22	89.374992	ΠΕΛΛΑΝΑΣ
2	1	159	0	0	0	1906	1780	41	31	-1	
3	1	159	1	0	0	1906	1780	41	31	-1	
4	1	159	1	1	0	1906	1780	41	31	-1	
5	1	159	1	1	1	1906	1780	41	31	0.000000	.
2	1	160	0	0	0	1889	1774	380	478	-1	
3	1	160	1	0	0	1889	1774	380	478	-1	
4	1	160	1	1	0	1889	1774	380	478	-1	
5	1	160	1	1	1	1889	1774	380	478	95.000000	   
2	1	161	0	0	0	1885	2259	354	270	-1	
3	1	161	1	0	0	1885	2259	354	270	-1	
4	1	161	1	1	0	1921	2259	317	28	-1	
5	1	161	1	1	1	1921	2259	24	21	87.348221	Ὁ
5	1	161	1	1	2	1966	2259	70	28	15.158463	Νϊῖκος
5	1	161	1	1	3	2050	2260	39	21	69.919014	καί
5	1	161	1	1	4	2105	2260	79	27	87.306923	Τάσος
5	1	161	1	1	5	2215	2261	23	21	86.078171	Κ.
4	1	161	1	2	0	1889	2295	350	28	-1	
5	1	161	1	2	1	1889	2295	107	27	90.042740	Σιγαλός,
5	1	161	1	2	2	2032	2295	103	28	72.703522	ἔστησαν
5	1	161	1	2	3	2172	2296	67	27	69.759918	µόνοι
4	1	161	1	3	0	1888	2330	350	29	-1	
5	1	161	1	3	1	1888	2337	57	21	80.338158	τους
5	1	161	1	3	2	1959	2330	28	22	93.193527	τό
5	1	161	1	3	3	2016	2331	117	27	75.701324	ἀπέρριτο
5	1	161	1	3	4	2162	2332	76	27	75.453720	Ἡρῶο
4	1	161	1	4	0	1887	2366	352	29	-1	
5	1	161	1	4	1	1887	2367	43	27	93.299812	τῆς
5	1	161	1	4	2	1943	2366	128	28	91.262573	Πελλάνας.
5	1	161	1	4	3	2086	2366	46	22	93.297905	Στό
5	1	161	1	4	4	2148	2367	91	28	92.214737	Λογγα-
4	1	161	1	5	0	1887	2402	351	28	-1	
5	1	161	1	5	1	1887	2402	49	21	48.297798	νῖκο
5	1	161	1	5	2	1951	2402	21	21	93.267311	οἱ
5	1	161	1	5	3	1987	2403	67	26	87.379990	᾿Αφοί
5	1	161	1	5	4	2068	2403	87	27	90.168190	Χατζῆ.
5	1	161	1	5	5	2186	2403	52	22	90.454849	Εἴθε
4	1	161	1	6	0	1887	2436	352	29	-1	
5	1	161	1	6	1	1887	2436	29	21	93.021400	νά
5	1	161	1	6	2	1932	2436	80	28	48.564663	θρεθεῖ
5	1	161	1	6	3	2028	2437	56	27	71.931961	ἕνας
5	1	161	1	6	4	2099	2437	14	27	91.632217	ἤ
5	1	161	1	6	5	2129	2437	51	25	96.741806	δύο,
5	1	161	1	6	6	2199	2438	40	27	96.554703	γιά
4	1	161	1	7	0	1885	2472	353	29	-1	
5	1	161	1	7	1	1885	2472	57	27	88.427658	τούς
5	1	161	1	7	2	1955	2472	163	28	79.602753	᾿Αεροπόρους
5	1	161	1	7	3	2141	2474	97	27	89.933746	Γεωργι-
4	1	161	1	8	0	1887	2507	74	22	-1	
5	1	161	1	8	1	1887	2507	74	22	92.520767	τσίου.
2	1	162	0	0	0	1884	2595	350	206	-1	
3	1	162	1	0	0	1950	2595	228	129	-1	
4	1	162	1	1	0	1952	2595	225	22	-1	
5	1	162	1	1	1	1952	2595	28	21	86.539230	ΟΙ
5	1	162	1	1	2	1997	2596	180	21	49.571533	ΙΣΡΑΗΛΙΤΗΣ
4	1	162	1	2	0	1950	2631	228	22	-1	
5	1	162	1	2	1	1950	2631	135	21	90.611404	ΤΙΜΗΣΑΝ
5	1	162	1	2	2	2102	2631	76	22	96.217964	ΤΟΥΣ
4	1	162	1	3	0	1969	2666	189	23	-1	
5	1	162	1	3	1	1969	2666	189	23	85.777603	ΑΝΑΠΗΡΟΥΣ
4	1	162	1	4	0	1990	2702	149	22	-1	
5	1	162	1	4	1	1990	2702	149	22	74.604706	ΠΟΛΕΜΟΥ
3	1	162	2	0	0	1884	2736	350	65	-1	
4	1	162	2	1	0	1914	2736	320	29	-1	
5	1	162	2	1	1	1914	2736	34	22	92.069954	Μέ
5	1	162	2	1	2	1968	2737	33	26	91.069618	τήν
5	1	162	2	1	3	2018	2737	90	28	81.864990	εὐκαιρία
5	1	162	2	1	4	2124	2740	36	24	92.126633	τῆς
5	1	162	2	1	5	2181	2739	53	26	0.000000	άθης
4	1	162	2	2	0	1884	2772	350	29	-1	
5	1	162	2	2	1	1884	2772	87	22	92.776215	ἐπετείου
5	1	162	2	2	2	1985	2775	31	19	96.553429	τοῦ
5	1	162	2	2	3	2028	2773	85	27	83.070091	πολέμου
5	1	162	2	2	4	2127	2775	31	21	96.175095	τοῦ
5	1	162	2	2	5	2172	2774	62	27	83.413155	1940,
2	1	163	0	0	0	1984	2818	19	12	-1	
3	1	163	1	0	0	1984	2818	19	12	-1	
4	1	163	1	1	0	1984	2818	19	12	-1	
5	1	163	1	1	1	1984	2818	19	12	95.000000	  
2	1	164	0	0	0	1882	2807	351	278	-1	
3	1	164	1	0	0	1883	2807	350	170	-1	
4	1	164	1	1	0	1884	2807	349	30	-1	
5	1	164	1	1	1	1884	2807	43	22	91.008850	στόν
5	1	164	1	1	2	1942	2808	138	28	65.528656	καθιερωμένο
5	1	164	1	1	3	2095	2809	66	27	60.686684	ἐτήσιο
5	1	164	1	1	4	2194	2810	39	27	60.686684	ἑορ-
4	1	164	1	2	0	1883	2843	350	28	-1	
5	1	164	1	2	1	1883	2843	61	27	49.575275	τασµό
5	1	164	1	2	2	1957	2845	36	25	93.290718	τῆς
5	1	164	1	2	3	2008	2845	151	26	11.351311	Ἱσραηλιτιλῆς
5	1	164	1	2	4	2187	2846	46	21	2.756889	Ίοι-
4	1	164	1	3	0	1883	2878	349	29	-1	
5	1	164	1	3	1	1883	2878	83	27	0.000000	υότητος
5	1	164	1	3	2	1990	2880	97	27	12.796890	᾿Αθιρῶν,
5	1	164	1	3	3	2119	2880	113	27	71.647942	τιμήθηκαν
4	1	164	1	4	0	1883	2914	350	29	-1	
5	1	164	1	4	1	1883	2914	58	27	93.101089	φέτος
5	1	164	1	4	2	1960	2915	15	22	93.292564	οἱ
5	1	164	1	4	3	1991	2915	87	27	52.029476	'Ἑξραῖο,
5	1	164	1	4	4	2094	2916	94	27	90.182114	ἀνάπηροι
5	1	164	1	4	5	2202	2925	31	13	92.688408	πο-
4	1	164	1	5	0	1883	2949	66	28	-1	
5	1	164	1	5	1	1883	2949	66	28	46.720203	λέμου.
3	1	164	2	0	0	1882	2986	351	99	-1	
4	1	164	2	1	0	1912	2986	321	27	-1	
5	1	164	2	1	1	1912	2986	49	21	0.000000	Σπόν
5	1	164	2	1	2	1976	2986	73	27	78.094749	πόλεμο
5	1	164	2	1	3	2063	2989	32	20	96.977852	τοῦ
5	1	164	2	1	4	2111	2987	54	22	92.830345	1940
5	1	164	2	1	5	2179	2989	8	20	91.410233	ὁ
5	1	164	2	1	6	2201	2988	32	20	0.000000	Ἡ-
4	1	164	2	2	0	1882	3021	350	29	-1	
5	1	164	2	2	1	1882	3021	82	28	88.676491	θραϊκός
5	1	164	2	2	2	1980	3022	134	27	8.644318	"Ἑλληνισμός
5	1	164	2	2	3	2131	3023	41	27	96.106125	ἔχει
5	1	164	2	2	4	2185	3031	47	19	96.314758	προσ
4	1	164	2	3	0	1882	3057	349	28	-1	
5	1	164	2	3	1	1882	3057	52	28	94.973137	φέρει
5	1	164	2	3	2	1947	3058	41	21	81.720779	5198
5	1	164	2	3	3	2001	3058	80	27	52.535767	νεκρούς
5	1	164	2	3	4	2108	3058	34	23	90.323181	καὶ
5	1	164	2	3	5	2168	3058	63	23	43.370319	δ.149
2	1	165	0	0	0	1883	3094	125	27	-1	
3	1	165	1	0	0	1883	3094	125	27	-1	
4	1	165	1	1	0	1883	3094	125	27	-1	
5	1	165	1	1	1	1883	3094	125	27	36.783287	τραυματίες.
