level	page_num	block_num	par_num	line_num	word_num	left	top	width	height	conf	text
1	1	0	0	0	0	0	0	2299	3208	-1	
2	1	1	0	0	0	65	36	729	116	-1	
3	1	1	1	0	0	65	36	729	116	-1	
4	1	1	1	1	0	65	36	729	116	-1	
5	1	1	1	1	1	65	36	729	116	95.000000	 
2	1	2	0	0	0	97	166	673	64	-1	
3	1	2	1	0	0	97	166	673	64	-1	
4	1	2	1	1	0	345	166	151	22	-1	
5	1	2	1	1	1	345	166	151	22	26.640732	ΓΕΩΡΓΙΠΤΙΣΙ
4	1	2	1	2	0	97	199	673	31	-1	
5	1	2	1	2	1	97	199	175	23	56.654316	ΡΗΝΝΗΣΕΙΣ:
5	1	2	1	2	2	290	201	50	25	95.148361	Στίς
5	1	2	1	2	3	355	202	107	27	92.373474	11-10-80,
5	1	2	1	2	4	476	202	21	22	90.607666	τό
5	1	2	1	2	5	510	204	69	26	89.436325	ζεῦγος
5	1	2	1	2	6	592	204	103	21	93.216278	Νικολάου
5	1	2	1	2	7	715	205	55	21	64.430779	Ταν.
2	1	3	0	0	0	538	239	232	28	-1	
3	1	3	1	0	0	538	239	232	28	-1	
4	1	3	1	1	0	538	239	232	28	-1	
5	1	3	1	1	1	538	239	68	26	86.877243	Θερμά
5	1	3	1	1	2	623	240	147	27	88.545601	συγχαρητήρια
2	1	4	0	0	0	511	198	32	29	-1	
3	1	4	1	0	0	511	198	32	29	-1	
4	1	4	1	1	0	511	198	32	29	-1	
5	1	4	1	1	1	511	198	32	29	95.000000	   
2	1	5	0	0	0	64	234	707	387	-1	
3	1	5	1	0	0	65	234	706	313	-1	
4	1	5	1	1	0	70	234	437	31	-1	
5	1	5	1	1	1	70	234	53	27	0.000000	Ἰήτη
5	1	5	1	1	2	144	235	97	27	78.974297	ἀπέκτησε
5	1	5	1	1	3	257	237	124	26	40.335251	χαριτωμόνο
5	1	5	1	1	4	397	238	110	27	14.735565	κοριτσάρω.
4	1	5	1	2	0	70	269	301	28	-1	
5	1	5	1	2	1	70	269	56	25	91.488701	στούς
5	1	5	1	2	2	135	278	44	19	21.014435	γοιεῖς
5	1	5	1	2	3	217	289	4	3	57.465916	κ.
5	1	5	1	2	4	368	291	3	3	0.000000	.
4	1	5	1	3	0	69	306	701	32	-1	
5	1	5	1	3	1	69	318	28	2	0.000000	--
5	1	5	1	3	2	109	306	26	20	84.373528	Ἡ
5	1	5	1	3	3	148	315	18	13	86.868927	κ.
5	1	5	1	3	4	179	306	81	28	0.000000	Ιλαίρη
5	1	5	1	3	5	272	307	81	27	90.766174	σύζυγος
5	1	5	1	3	6	373	309	99	26	0.000000	Παντελή
5	1	5	1	3	7	484	310	22	21	15.180817	ΤΟ.
5	1	5	1	3	8	519	309	81	28	38.889221	Τσίχλη
5	1	5	1	3	9	613	310	21	21	67.656128	τό
5	1	5	1	3	10	650	310	57	28	45.529499	γένος
5	1	5	1	3	11	722	312	48	21	46.087036	Ἠλ.
4	1	5	1	4	0	70	340	199	29	-1	
5	1	5	1	4	1	70	340	106	28	56.193523	Ἡρατσίνη,
5	1	5	1	4	2	189	341	80	28	93.272118	γέννησε
4	1	5	1	5	0	70	376	142	23	-1	
5	1	5	1	5	1	70	376	54	21	96.613846	ἄλλα
5	1	5	1	5	2	140	377	72	22	94.883011	πολλά.
4	1	5	1	6	0	68	411	703	34	-1	
5	1	5	1	6	1	68	424	28	3	0.000000	τι
5	1	5	1	6	2	108	411	29	22	85.771217	Τό
5	1	5	1	6	3	148	414	69	25	87.075378	ζεῦγος
5	1	5	1	6	4	233	413	131	27	75.573074	Παναγιώτου
5	1	5	1	6	5	377	415	69	27	78.417778	Πρίξα,
5	1	5	1	6	6	460	416	21	21	95.499641	τό
5	1	5	1	6	7	493	416	58	27	60.984734	γέρος
5	1	5	1	6	8	564	417	104	21	89.920547	Νικολάου
5	1	5	1	6	9	681	418	90	27	40.206913	ἸΚαρκού-
4	1	5	1	7	0	68	447	585	31	-1	
5	1	5	1	7	1	68	448	27	25	72.005142	λη
5	1	5	1	7	2	105	447	111	27	62.773270	ἀπέκτησαν
5	1	5	1	7	3	226	449	100	27	15.554085	κοριτσάκι
5	1	5	1	7	4	336	450	43	21	91.234329	στόν
5	1	5	1	7	5	392	451	90	22	0.000000	ἸΚαναδᾶ.
5	1	5	1	7	6	494	452	34	21	86.975410	Νά
5	1	5	1	7	7	538	451	44	25	93.781593	τούς
5	1	5	1	7	8	592	453	61	25	83.969559	ζήσει,
4	1	5	1	8	0	65	482	704	32	-1	
5	1	5	1	8	1	65	495	28	2	34.237770	τε
5	1	5	1	8	2	107	482	49	26	61.099754	Στίς
5	1	5	1	8	3	171	484	85	22	26.579208	9-]9-86
5	1	5	1	8	4	271	485	11	26	81.485420	ἡ
5	1	5	1	8	5	300	485	93	27	93.256989	Γεωργία
5	1	5	1	8	6	406	486	39	27	75.398056	σύς.
5	1	5	1	8	7	465	487	43	22	65.558083	'Αθ.
5	1	5	1	8	8	523	488	152	26	90.910889	Γεωργοπούλου
5	1	5	1	8	9	693	488	76	26	55.737419	ἀπέχτη
4	1	5	1	9	0	65	519	321	28	-1	
5	1	5	1	9	1	65	526	20	12	92.152039	σε
5	1	5	1	9	2	103	519	101	27	69.361404	κοριτσώκι
5	1	5	1	9	3	221	519	23	21	95.095238	νά
5	1	5	1	9	4	262	520	45	25	95.549667	τούς
5	1	5	1	9	5	324	521	62	26	80.963272	ζήσει.
3	1	5	2	0	0	64	554	704	67	-1	
4	1	5	2	1	0	93	554	675	31	-1	
5	1	5	2	1	1	93	554	58	21	60.339523	ΒΑΗ
5	1	5	2	1	2	163	555	106	22	30.866425	ΤΙΣΕΙΣ:
5	1	5	2	1	3	286	556	127	27	20.458572	ξαπτίσθη
5	1	5	2	1	4	427	557	21	22	92.039871	τό
5	1	5	2	1	5	462	557	119	27	47.338200	χοριτωμένο
5	1	5	2	1	6	600	558	83	27	77.475693	ἀγοράκι
5	1	5	2	1	7	703	561	33	24	30.336296	τῆς
5	1	5	2	1	8	742	550	26	39	30.336296	ικ.
4	1	5	2	2	0	64	588	704	33	-1	
5	1	5	2	2	1	64	588	85	28	51.614929	λλένης
5	1	5	2	2	2	162	590	80	27	88.997604	συζύγου
5	1	5	2	2	3	256	593	31	19	93.264275	τοῦ
5	1	5	2	2	4	301	591	93	28	92.382324	Λαχαγοῦ
5	1	5	2	2	5	411	601	18	13	92.810318	κ.
5	1	5	2	2	6	447	593	30	21	58.909344	ΤΠ.
5	1	5	2	2	7	496	593	151	28	83.752457	Πετρόπουλου,
5	1	5	2	2	8	661	594	61	27	16.112053	κόρης
5	1	5	2	2	9	736	597	32	19	94.748611	τοῦ
2	1	6	0	0	0	181	273	183	31	-1	
3	1	6	1	0	0	181	273	183	31	-1	
4	1	6	1	1	0	181	273	183	31	-1	
5	1	6	1	1	1	181	273	183	31	95.000000	 
2	1	7	0	0	0	284	343	486	29	-1	
3	1	7	1	0	0	284	343	486	29	-1	
4	1	7	1	1	0	284	343	486	29	-1	
5	1	7	1	1	1	284	343	33	23	67.376617	ἕνα
5	1	7	1	1	2	333	344	118	27	51.159286	χοριτωμένο
5	1	7	1	1	3	465	345	89	27	12.445564	ἀγοράχμ.
5	1	7	1	1	4	568	346	33	21	92.112473	Νά
5	1	7	1	1	5	616	346	44	25	95.658806	τούς
5	1	7	1	1	6	673	347	53	25	96.461563	ζήσει
5	1	7	1	1	7	742	348	28	20	46.045029	αι’
2	1	8	0	0	0	63	624	705	33	-1	
3	1	8	1	0	0	63	624	705	33	-1	
4	1	8	1	1	0	63	624	705	33	-1	
5	1	8	1	1	1	63	624	96	27	0.000000	Ἠπντελη
5	1	8	1	1	2	170	626	48	21	89.373062	Ἠλ.
5	1	8	1	1	3	235	626	76	22	39.698624	Ἠύμιου.
5	1	8	1	1	4	323	627	109	27	72.838371	᾽Ανάδοχος
5	1	8	1	1	5	445	629	9	21	92.683449	ὁ
5	1	8	1	1	6	470	628	96	27	96.435989	Λοχαγός
5	1	8	1	1	7	580	638	18	13	78.178207	κ.
5	1	8	1	1	8	609	630	15	21	63.683369	Ἱ.
5	1	8	1	1	9	635	629	133	28	85.803429	Πρηγοράκης
2	1	9	0	0	0	65	659	703	31	-1	
3	1	9	1	0	0	65	659	703	31	-1	
4	1	9	1	1	0	65	659	703	31	-1	
5	1	9	1	1	1	65	659	21	22	92.131363	τό
5	1	9	1	1	2	102	660	80	26	16.980225	ὀνόμασε
5	1	9	1	1	3	199	661	72	27	41.540356	Ἀπύρο,
5	1	9	1	1	4	288	662	165	27	0.000000	ἸἩπηκολούδησε
5	1	9	1	1	5	470	663	78	23	90.061989	πλούσιο
5	1	9	1	1	6	569	666	72	21	34.124863	δεῖπνο,
5	1	9	1	1	7	671	665	34	22	73.473068	Νά
5	1	9	1	1	8	723	665	45	25	96.602539	τούς
2	1	10	0	0	0	62	695	719	95	-1	
3	1	10	1	0	0	62	695	719	95	-1	
4	1	10	1	1	0	64	695	245	20	-1	
5	1	10	1	1	1	64	695	60	20	0.000000	Ὁΐσει
5	1	10	1	1	2	134	696	26	17	61.490051	πι)
5	1	10	1	1	3	173	696	54	18	61.140018	ἄλίκα
5	1	10	1	1	4	235	697	74	18	31.339027	παλχκά.
4	1	10	1	2	0	65	723	704	31	-1	
5	1	10	1	2	1	65	736	28	2	29.446739	τι
5	1	10	1	2	2	106	723	29	21	90.252350	Τό
5	1	10	1	2	3	150	726	69	24	87.975487	ζεῦγος
5	1	10	1	2	4	235	725	135	26	83.564453	Μποσκαῖρόν,
5	1	10	1	2	5	384	726	58	25	86.439941	γένος
5	1	10	1	2	6	454	728	54	19	93.287056	Κων.
5	1	10	1	2	7	526	728	83	26	42.167278	᾿Αδάμη,
5	1	10	1	2	8	624	729	93	20	83.635887	θάπτισαν
5	1	10	1	2	9	747	730	22	19	94.877609	τό
4	1	10	1	3	0	62	758	719	32	-1	
5	1	10	1	3	1	62	758	65	25	92.968544	πρῶτο
5	1	10	1	3	2	145	758	82	27	21.327362	ἀγοράκι
5	1	10	1	3	3	242	766	51	17	93.277222	τους.
5	1	10	1	3	4	309	759	109	28	67.840248	᾿Ανάδοχος
5	1	10	1	3	5	432	761	11	25	89.114273	ἡ
5	1	10	1	3	6	457	761	139	26	24.563477	Διαμαγτούλα
5	1	10	1	3	7	610	762	109	28	77.302231	Μαρτίνου,
5	1	10	1	3	8	744	764	23	21	27.166664	γά
5	1	10	1	3	9	779	777	2	2	94.722046	|
2	1	11	0	0	0	55	792	712	590	-1	
3	1	11	1	0	0	63	792	121	27	-1	
4	1	11	1	1	0	63	792	121	27	-1	
5	1	11	1	1	1	63	792	43	25	93.975060	τούς
5	1	11	1	1	2	123	793	61	26	69.540886	ζήσει.
3	1	11	2	0	0	58	828	709	279	-1	
4	1	11	2	1	0	90	828	677	34	-1	
5	1	11	2	1	1	90	828	187	23	27.558578	ΑΡΡΑΒΩΝΕΣ:
5	1	11	2	1	2	291	830	42	26	89.148788	Στή
5	1	11	2	1	3	345	830	85	28	57.799332	Ἀπάρτη
5	1	11	2	1	4	441	832	175	27	71.859093	ἀρραξωνιάστηκε
5	1	11	2	1	5	631	834	11	26	90.548599	ἡ
5	1	11	2	1	6	657	834	110	28	73.960419	χαριτωµέ-
4	1	11	2	2	0	61	860	704	50	-1	
5	1	11	2	2	1	61	870	34	19	21.506317	ννη
5	1	11	2	2	2	108	860	210	50	4.028671	Γεωργιησιανοπούκα
5	1	11	2	2	3	332	865	97	23	80.147324	Δέσποινα
5	1	11	2	2	4	444	867	116	22	72.084663	᾿Αθανασίου
5	1	11	2	2	5	574	861	20	37	80.956207	ΤΠ
5	1	11	2	2	6	606	869	107	25	78.450165	ανταζέλου
5	1	11	2	2	7	741	870	24	26	89.507584	μέ
4	1	11	2	3	0	61	899	703	51	-1	
5	1	11	2	3	1	61	898	31	22	75.766884	τόν
5	1	11	2	3	2	108	899	85	22	87.794708	ἐκλεκτό
5	1	11	2	3	3	202	899	33	22	90.001823	νέο
5	1	11	2	3	4	246	901	49	21	93.620399	Νικ.
5	1	11	2	3	5	307	901	96	28	93.264854	Μασούρα
5	1	11	2	3	6	419	902	147	28	40.702538	ἠλοκτρολόγον
5	1	11	2	3	7	582	904	33	21	91.103851	καί
5	1	11	2	3	8	631	901	133	49	68.472252	ἀνταποκριπή
4	1	11	2	4	0	60	934	704	33	-1	
5	1	11	2	4	1	60	935	35	24	93.258133	τῆς
5	1	11	2	4	2	109	934	113	27	52.225761	ἀθλλητικῆς
5	1	11	2	4	3	235	936	120	27	91.821602	ἐφημερίδας
5	1	11	2	4	4	369	937	68	22	70.134125	ΗΧΩ.
5	1	11	2	4	5	466	938	69	27	55.844574	Θερμά
5	1	11	2	4	6	551	940	149	27	7.907936	συγχαρητίρια
5	1	11	2	4	7	731	941	33	21	84.876526	καί
4	1	11	2	5	0	60	969	162	28	-1	
5	1	11	2	5	1	60	969	54	21	48.674549	καλά
5	1	11	2	5	2	128	969	94	28	89.155670	στέφανα.
4	1	11	2	6	0	58	1005	704	34	-1	
5	1	11	2	6	1	58	1018	28	2	53.637077	τι
5	1	11	2	6	2	102	1005	92	22	47.122540	Έδωσαν
5	1	11	2	6	3	210	1006	102	26	56.843765	ἁμοιθαίαν
5	1	11	2	6	4	326	1007	100	28	91.415047	ὑπόσχεσιν
5	1	11	2	6	5	440	1008	63	27	70.046051	γάμου
5	1	11	2	6	6	516	1010	11	26	71.821632	ἡ
5	1	11	2	6	7	543	1011	16	21	90.643188	δ.
5	1	11	2	6	8	587	1011	55	26	89.890488	Κική
5	1	11	2	6	9	671	1011	91	28	0.000000	Δυγάτηρ
4	1	11	2	7	0	58	1040	704	34	-1	
5	1	11	2	7	1	58	1040	54	22	38.432854	Ίων.
5	1	11	2	7	2	129	1041	37	22	62.968040	Σπ.
5	1	11	2	7	3	180	1042	114	27	81.697487	Ἠκουζούλη
5	1	11	2	7	4	307	1043	49	26	93.255264	µετά
5	1	11	2	7	5	368	1045	89	26	89.927254	λαμπροῦ
5	1	11	2	7	6	470	1044	42	22	30.098785	νέου
5	1	11	2	7	7	529	1045	24	25	93.089432	ἐξ
5	1	11	2	7	8	569	1046	96	27	49.341984	᾿Αθηνῶ).
5	1	11	2	7	9	694	1047	68	27	88.565582	Θερμά
4	1	11	2	8	0	58	1077	379	30	-1	
5	1	11	2	8	1	58	1077	149	27	95.484543	συγχαρητήρια
5	1	11	2	8	2	224	1077	33	22	57.291008	καὶ
5	1	11	2	8	3	274	1078	55	22	92.897469	καλά
5	1	11	2	8	4	345	1079	92	28	96.226944	στέφανα.
3	1	11	3	0	0	84	1112	678	33	-1	
4	1	11	3	1	0	84	1112	678	33	-1	
5	1	11	3	1	1	84	1112	102	22	18.185791	ΓΑΜΟΙ:
5	1	11	3	1	2	198	1113	50	25	85.104797	Στίς
5	1	11	3	1	3	266	1114	101	23	11.814415	26041166
5	1	11	3	1	4	388	1115	66	27	88.164314	ἔγιναν
5	1	11	3	1	5	469	1116	15	21	96.713020	οἱ
5	1	11	3	1	6	496	1116	58	27	83.358711	γάμοι
5	1	11	3	1	7	569	1119	36	24	93.110031	τῆς
5	1	11	3	1	8	620	1118	142	27	46.659813	Παναγιώτας
3	1	11	4	0	0	55	1147	706	235	-1	
4	1	11	4	1	0	58	1147	703	33	-1	
5	1	11	4	1	1	58	1147	98	28	17.521271	Γεωργίου
5	1	11	4	1	2	171	1148	91	22	0.000000	᾿Ἰωάνμου
5	1	11	4	1	3	277	1150	128	27	42.344284	Κιλουτσούνη
5	1	11	4	1	4	416	1151	53	26	89.071800	µετά
5	1	11	4	1	5	483	1153	33	21	96.655373	τοῦ
5	1	11	4	1	6	533	1153	91	27	77.307014	Χρήστου
5	1	11	4	1	7	639	1154	69	26	91.039658	Ῥιμπᾶ
5	1	11	4	1	8	735	1155	26	25	94.469681	ἐξ
4	1	11	4	2	0	57	1183	704	33	-1	
5	1	11	4	2	1	57	1183	96	26	61.446491	᾿Αθηνῶν.
5	1	11	4	2	2	166	1184	27	21	49.174522	Ἡ.
5	1	11	4	2	3	208	1185	107	27	91.756821	ἐφημερίδα
5	1	11	4	2	4	326	1194	39	18	96.423553	µας
5	1	11	4	2	5	382	1186	44	25	92.591087	τούς
5	1	11	4	2	6	439	1187	101	28	50.113487	συγχαίρει
5	1	11	4	2	7	553	1189	67	27	64.263565	θερμά
5	1	11	4	2	8	631	1189	33	22	75.588913	καὶ
5	1	11	4	2	9	677	1190	44	25	91.814201	τούς
5	1	11	4	2	10	734	1190	27	22	86.961502	εὔ-
4	1	11	4	3	0	56	1220	310	28	-1	
5	1	11	4	3	1	56	1227	58	18	88.827164	χεται
5	1	11	4	3	2	130	1220	42	25	93.299683	ζωή
5	1	11	4	3	3	188	1221	178	27	69.389145	τρισευτυχισµένη.
4	1	11	4	4	0	56	1255	705	31	-1	
5	1	11	4	4	1	56	1267	28	2	62.767326	--
5	1	11	4	4	2	99	1255	83	26	75.474174	Έγιναν
5	1	11	4	4	3	196	1256	46	26	89.568275	στήν
5	1	11	4	4	4	256	1257	80	26	38.812302	᾿ΑΦήνα
5	1	11	4	4	5	349	1257	15	22	96.940285	οἱ
5	1	11	4	4	6	378	1257	58	28	66.092743	γάμοι
5	1	11	4	4	7	450	1260	32	20	95.990158	τοῦ
5	1	11	4	4	8	495	1268	18	12	95.164200	κ.
5	1	11	4	4	9	530	1259	63	27	90.842209	Λάκη
5	1	11	4	4	10	608	1260	56	22	75.293152	Παν.
5	1	11	4	4	11	678	1261	83	22	31.035698	᾿Άθανα-
4	1	11	4	5	0	57	1289	704	34	-1	
5	1	11	4	5	1	57	1289	66	28	90.565506	σούλα,
5	1	11	4	5	2	141	1291	80	26	92.081596	ἐγγονοῦ
5	1	11	4	5	3	242	1292	76	27	93.291870	Σπύρου
5	1	11	4	5	4	335	1293	104	26	70.209999	Διαμαντῆ
5	1	11	4	5	5	458	1294	51	26	90.824951	µετά
5	1	11	4	5	6	525	1297	36	24	93.212097	τῆς
5	1	11	4	5	7	579	1297	16	20	90.263474	ὃ.
5	1	11	4	5	8	613	1295	75	28	90.812775	Φώφης
5	1	11	4	5	9	705	1297	56	21	44.315102	Τιαν-
4	1	11	4	6	0	55	1325	705	35	-1	
5	1	11	4	6	1	55	1325	130	24	39.778984	Ψπσοπούλου.
5	1	11	4	6	2	199	1327	69	27	70.957947	Θερμά
5	1	11	4	6	3	280	1329	150	27	96.253326	συγχαρητήρια
5	1	11	4	6	4	443	1329	33	22	84.007462	καί
5	1	11	4	6	5	488	1330	25	21	90.817398	νά
5	1	11	4	6	6	524	1330	68	27	93.233917	ζήσουν
5	1	11	4	6	7	606	1332	154	28	68.925644	τρισευτυχισµέ-
4	1	11	4	7	0	55	1368	34	14	-1	
5	1	11	4	7	1	55	1368	34	14	0.000000	Ἴοι,
2	1	12	0	0	0	54	1415	706	64	-1	
3	1	12	1	0	0	54	1415	706	64	-1	
4	1	12	1	1	0	84	1415	674	33	-1	
5	1	12	1	1	1	84	1415	125	22	59.607819	ΑΦΙΞΕΙΣ:
5	1	12	1	1	2	225	1416	119	28	0.000000	Επέστρεψε
5	1	12	1	1	3	362	1417	36	22	90.019020	ἀπό
5	1	12	1	1	4	412	1418	96	27	37.138573	᾽Αμερική
5	1	12	1	1	5	523	1420	11	25	89.051216	ἡ
5	1	12	1	1	6	548	1429	18	12	56.929405	κ.
5	1	12	1	1	7	683	1421	75	27	57.099148	᾿Αριστ.
4	1	12	1	2	0	54	1450	706	29	-1	
5	1	12	1	2	1	54	1450	161	28	0.000000	Ῥκρουμπάλλου,
5	1	12	1	2	2	229	1451	43	22	93.260666	ὅπου
5	1	12	1	2	3	290	1452	130	27	52.428593	τακτοποίησε
5	1	12	1	2	4	433	1453	21	22	77.925720	σέ
5	1	12	1	2	5	468	1454	92	22	64.697693	ἀνώτατα
5	1	12	1	2	6	574	1456	140	22	80.348846	ἐχπαιδευτικά
5	1	12	1	2	7	746	1457	14	20	35.251198	ἵἱ-
2	1	13	0	0	0	580	1420	74	27	-1	
3	1	13	1	0	0	580	1420	74	27	-1	
4	1	13	1	1	0	580	1420	74	27	-1	
5	1	13	1	1	1	580	1420	74	27	24.577019	Ελένη
2	1	14	0	0	0	432	1498	32	13	-1	
3	1	14	1	0	0	432	1498	32	13	-1	
4	1	14	1	1	0	432	1498	32	13	-1	
5	1	14	1	1	1	432	1498	32	13	95.000000	  
2	1	15	0	0	0	54	1485	705	70	-1	
3	1	15	1	0	0	54	1485	705	70	-1	
4	1	15	1	1	0	55	1485	704	34	-1	
5	1	15	1	1	1	55	1485	85	28	32.520340	δρύματα
5	1	15	1	1	2	154	1486	25	23	96.811508	τά
5	1	15	1	1	3	195	1487	31	22	96.847839	δύο
5	1	15	1	1	4	244	1488	68	21	96.616676	παιδιά
5	1	15	1	1	5	327	1496	43	20	95.139481	της,
5	1	15	1	1	6	385	1489	20	21	86.506424	σέ
5	1	15	1	1	7	464	1491	44	24	81.138954	λῶς
5	1	15	1	1	8	522	1491	76	26	10.465736	γνωστό
5	1	15	1	1	9	612	1499	36	19	92.099136	της
5	1	15	1	1	10	665	1492	94	27	34.887291	περιδάλ-
4	1	15	1	2	0	54	1521	704	34	-1	
5	1	15	1	2	1	54	1522	35	20	0.000000	λου
5	1	15	1	2	2	105	1521	33	22	0.000000	χαΐ
5	1	15	1	2	3	155	1522	149	28	72.018333	πολυαρίδµους
5	1	15	1	2	4	318	1532	150	20	79.326630	συμπατριῶτες
5	1	15	1	2	5	486	1534	45	17	92.963104	µας.
5	1	15	1	2	6	561	1526	90	29	63.107712	Ὕπσερα
5	1	15	1	2	7	667	1527	36	22	82.540283	ἀπὸ
5	1	15	1	2	8	732	1528	26	21	72.562508	30
2	1	16	0	0	0	420	1497	18	13	-1	
3	1	16	1	0	0	420	1497	18	13	-1	
4	1	16	1	1	0	420	1497	18	13	-1	
5	1	16	1	1	1	420	1497	18	13	93.263443	ἐν
2	1	17	0	0	0	419	1504	9	4	-1	
3	1	17	1	0	0	419	1504	9	4	-1	
4	1	17	1	1	0	419	1504	9	4	-1	
5	1	17	1	1	1	419	1504	9	4	95.000000	 
2	1	18	0	0	0	50	1557	710	340	-1	
3	1	18	1	0	0	50	1557	710	340	-1	
4	1	18	1	1	0	54	1557	706	32	-1	
5	1	18	1	1	1	54	1557	68	25	44.083755	Ὑβόνια
5	1	18	1	1	2	135	1558	93	24	85.684631	ἀπουσίας
5	1	18	1	1	3	241	1567	36	17	95.172279	της
5	1	18	1	1	4	291	1559	36	21	74.053650	ἀπὸ
5	1	18	1	1	5	349	1560	81	21	29.143173	Ὁ.5.Α.
5	1	18	1	1	6	447	1561	97	26	91.976364	ἰδιαίτερη
5	1	18	1	1	7	556	1562	100	26	90.226547	ἐντύπωση
5	1	18	1	1	8	669	1565	36	23	92.507141	τῆς
5	1	18	1	1	9	714	1572	46	17	76.923920	προ-
4	1	18	1	2	0	54	1590	703	31	-1	
5	1	18	1	2	1	54	1590	66	25	38.374004	Ξένησε
5	1	18	1	2	2	135	1591	11	25	92.387505	ἡ
5	1	18	1	2	3	161	1593	155	25	87.226646	καταπληκτική
5	1	18	1	2	4	331	1594	131	25	90.880539	τεχνολογική
5	1	18	1	2	5	480	1594	82	27	77.627022	πρόοδος
5	1	18	1	2	6	576	1596	38	20	96.873680	τῶν
5	1	18	1	2	7	632	1597	90	21	19.493484	Η.Π.Α.
5	1	18	1	2	8	737	1597	20	20	96.950111	σέ
4	1	18	1	3	0	53	1624	704	32	-1	
5	1	18	1	3	1	53	1624	57	25	91.957954	ὅλους
5	1	18	1	3	2	128	1625	44	25	93.177124	τούς
5	1	18	1	3	3	186	1628	73	24	89.942772	τομεῖς.
5	1	18	1	3	4	279	1627	61	21	22.288452	Ὅλοι
5	1	18	1	3	5	359	1628	15	21	93.301125	οἱ
5	1	18	1	3	6	388	1631	149	25	80.459106	συμπατριῶτες
5	1	18	1	3	7	560	1638	39	18	96.163589	µας
5	1	18	1	3	8	614	1630	47	22	93.280693	εἶναι
5	1	18	1	3	9	676	1631	81	22	13.686798	εὐματά-
4	1	18	1	4	0	53	1661	704	29	-1	
5	1	18	1	4	1	53	1668	72	19	66.652382	σταποι,
5	1	18	1	4	2	143	1661	102	25	79.991417	διαθάζουν
5	1	18	1	4	3	260	1662	24	26	55.819145	µέ
5	1	18	1	4	4	299	1663	132	27	92.715843	εὐχαρίστηση
5	1	18	1	4	5	450	1664	21	22	93.278259	τό
5	1	18	1	4	6	485	1665	176	22	2.154190	«ΠΕΩΡΓΙΤΣΙ»
5	1	18	1	4	7	681	1667	33	21	83.006256	καί
5	1	18	1	4	8	728	1675	29	13	69.711281	νο-
4	1	18	1	5	0	53	1696	261	28	-1	
5	1	18	1	5	1	53	1697	95	26	92.103867	σταλγοῦν
5	1	18	1	5	2	160	1696	21	22	94.122894	τό
5	1	18	1	5	3	190	1697	62	27	96.514404	χωριό
5	1	18	1	5	4	269	1706	45	18	79.375305	µας.
4	1	18	1	6	0	55	1732	701	33	-1	
5	1	18	1	6	1	55	1745	26	1	61.735149	--
5	1	18	1	6	2	98	1732	69	27	40.251724	Ηρθε
5	1	18	1	6	3	182	1733	24	25	93.216141	ἐξ
5	1	18	1	6	4	225	1734	110	27	91.129089	᾽Αμερικῆς
5	1	18	1	6	5	351	1736	8	21	91.942848	ὁ
5	1	18	1	6	6	378	1736	141	27	87.907745	Παναγιώτης
5	1	18	1	6	7	535	1737	85	28	67.418121	Λυκουρ.
5	1	18	1	6	8	644	1739	112	21	63.369164	Ἱ]απαστά-
4	1	18	1	7	0	53	1767	643	34	-1	
5	1	18	1	7	1	53	1769	43	25	86.681610	θης,
5	1	18	1	7	2	108	1767	30	22	56.812283	τό,
5	1	18	1	7	3	164	1769	159	27	13.077736	Ἰαλωσορίζουμε
5	1	18	1	7	4	336	1770	33	21	73.845848	καί
5	1	18	1	7	5	385	1773	32	20	93.302292	τοῦ
5	1	18	1	7	6	430	1771	96	28	84.441475	εὐχάμεθα
5	1	18	1	7	7	542	1774	53	26	67.403061	κακή
5	1	18	1	7	8	609	1775	87	26	67.785606	διαμονή.
4	1	18	1	8	0	51	1803	703	35	-1	
5	1	18	1	8	1	51	1803	77	22	29.294235	Ἐν.
5	1	18	1	8	2	142	1804	85	22	87.236168	Καναδᾶ
5	1	18	1	8	3	238	1806	24	20	31.341484	δι’
5	1	18	1	8	4	276	1805	128	28	77.107086	ὀλιγοήμερον
5	1	18	1	8	5	421	1808	113	26	77.023666	παραµονήν
5	1	18	1	8	6	547	1809	12	26	82.092010	ἡ
5	1	18	1	8	7	572	1809	82	22	92.129364	Ἰωάννα
5	1	18	1	8	8	668	1810	86	28	91.266319	θυγάτηρ
4	1	18	1	9	0	50	1838	660	34	-1	
5	1	18	1	9	1	50	1838	99	28	44.959202	Γεωργίου
5	1	18	1	9	2	160	1840	89	24	9.644562	Γωλέκα,
5	1	18	1	9	3	263	1841	48	22	93.239380	εἶναι
5	1	18	1	9	4	329	1842	118	27	89.061615	ὑπάλληλος
5	1	18	1	9	5	464	1844	129	28	89.780876	πρακτορείου
5	1	18	1	9	6	607	1845	103	25	82.427261	ταξιδίων.
4	1	18	1	10	0	80	1875	156	22	-1	
5	1	18	1	10	1	80	1875	138	22	82.900627	ΘΑΝΑΤΟΙ:
5	1	18	1	10	2	233	1877	3	3	22.854050	᾿
2	1	19	0	0	0	50	1905	102	36	-1	
3	1	19	1	0	0	50	1905	102	36	-1	
4	1	19	1	1	0	50	1905	102	36	-1	
5	1	19	1	1	1	50	1918	8	12	58.520882	ν
5	1	19	1	1	2	62	1905	90	36	82.893242	εσιώτης.
2	1	20	0	0	0	244	1877	8	11	-1	
3	1	20	1	0	0	244	1877	8	11	-1	
4	1	20	1	1	0	244	1877	8	11	-1	
5	1	20	1	1	1	244	1877	8	11	95.000000	 
2	1	21	0	0	0	50	1876	706	132	-1	
3	1	21	1	0	0	50	1876	706	132	-1	
4	1	21	1	1	0	240	1876	516	31	-1	
5	1	21	1	1	1	240	1876	102	23	72.707031	Απεξίωσε
5	1	21	1	1	2	358	1878	46	26	93.263031	στήν
5	1	21	1	1	3	417	1879	116	26	60.586609	ἸΚαλαμάτα
5	1	21	1	1	4	545	1881	9	21	92.931595	ὁ
5	1	21	1	1	5	567	1881	96	26	93.292282	Ἰωάννης
5	1	21	1	1	6	675	1882	22	22	68.654236	Τ.
5	1	21	1	1	7	710	1882	46	21	10.630379	Νία-
4	1	21	1	2	0	50	1946	703	34	-1	
5	1	21	1	2	1	50	1959	20	2	0.000000	-
5	1	21	1	2	2	80	1946	107	25	81.325272	Απεβίωσε
5	1	21	1	2	3	206	1947	29	25	93.218063	εἰς
5	1	21	1	2	4	251	1948	107	27	76.507599	᾽Αμερικὴν
5	1	21	1	2	5	373	1951	9	20	90.419609	ὁ
5	1	21	1	2	6	396	1950	153	28	71.291687	συμπατριώτης
5	1	21	1	2	7	564	1960	38	18	93.658676	µας
5	1	21	1	2	8	617	1952	101	28	91.572472	Γεώργιος
5	1	21	1	2	9	727	1954	26	22	86.391571	Β.
4	1	21	1	3	0	50	1981	119	27	-1	
5	1	21	1	3	1	50	1981	119	27	28.686943	Νπολάνης.
2	1	22	0	0	0	47	2038	706	209	-1	
3	1	22	1	0	0	47	2038	706	209	-1	
4	1	22	1	1	0	328	2038	150	23	-1	
5	1	22	1	1	1	328	2038	150	23	61.531105	ΑΡΟΡΙΑΝΗ
4	1	22	1	2	0	49	2071	704	34	-1	
5	1	22	1	2	1	49	2084	26	2	0.000000	---
5	1	22	1	2	2	88	2071	83	27	34.967911	δαν
5	1	22	1	2	3	186	2072	15	22	94.988434	οἱ
5	1	22	1	2	4	215	2072	57	27	42.038311	γάμοι
5	1	22	1	2	5	289	2075	36	24	93.288727	τῆς
5	1	22	1	2	6	338	2074	140	27	1.095665	Ἰζρυστάλλως
5	1	22	1	2	7	495	2076	157	24	84.648315	Παπαδοπούλου
5	1	22	1	2	8	665	2077	51	28	25.015007	όρη
5	1	22	1	2	9	728	2078	25	21	39.307297	ἱε-
4	1	22	1	3	0	47	2106	706	39	-1	
5	1	22	1	3	1	47	2106	58	28	14.486076	ρέως,
5	1	22	1	3	2	117	2107	49	26	90.717667	µετά
5	1	22	1	3	3	177	2110	31	20	96.762611	τοῦ
5	1	22	1	3	4	220	2108	20	21	93.009392	ἐξ
5	1	22	1	3	5	255	2109	93	27	0.000000	᾿Αηνῶν
5	1	22	1	3	6	360	2110	99	27	55.867912	Κονδύλη.
5	1	22	1	3	7	473	2111	35	22	84.289375	Νά
5	1	22	1	3	8	518	2112	67	26	86.175537	ζήσουν
5	1	22	1	3	9	598	2109	155	36	76.470787	τρισευτυχισµέ-
4	1	22	1	4	0	47	2151	34	13	-1	
5	1	22	1	4	1	47	2151	34	13	69.530540	νου,
4	1	22	1	5	0	47	2178	704	33	-1	
5	1	22	1	5	1	47	2191	28	1	12.897713	τ
5	1	22	1	5	2	93	2178	24	21	64.791908	Ὁ
5	1	22	1	5	3	134	2187	18	13	76.364540	κ.
5	1	22	1	5	4	171	2179	141	27	93.280502	Παναγιώτης
5	1	22	1	5	5	329	2181	121	27	72.936745	᾿Αρξανίτης
5	1	22	1	5	6	466	2182	94	28	91.817345	πρόεδρος
5	1	22	1	5	7	576	2185	36	25	93.242073	τῆς
5	1	22	1	5	8	627	2184	124	27	9.045166	Ἰζοιότητος
4	1	22	1	6	0	47	2212	705	35	-1	
5	1	22	1	6	1	47	2212	80	23	85.461723	θάπτισε
5	1	22	1	6	2	138	2213	21	23	92.659630	τό
5	1	22	1	6	3	175	2215	102	27	0.000000	κοριτσάκι
5	1	22	1	6	4	289	2224	33	13	90.351654	του
5	1	22	1	6	5	334	2216	77	27	82.808556	Γεώρη.
5	1	22	1	6	6	422	2218	26	21	44.703339	Ἱ.
5	1	22	1	6	7	466	2219	168	23	77.933167	Παπαδοπούλου.
5	1	22	1	6	8	646	2219	28	22	93.272476	Τό
5	1	22	1	6	9	685	2220	67	27	91.243332	ὀνόμα-
2	1	23	0	0	0	47	2249	348	29	-1	
3	1	23	1	0	0	47	2249	348	29	-1	
4	1	23	1	1	0	47	2249	348	29	-1	
5	1	23	1	1	1	47	2257	21	13	93.222511	σε
5	1	23	1	1	2	83	2249	13	21	33.470276	Π
5	1	23	1	1	3	105	2249	110	28	30.385284	αμαγιώτα,
5	1	23	1	1	4	231	2250	24	22	94.911140	νά
5	1	23	1	1	5	273	2251	44	25	88.232750	τούς
5	1	23	1	1	6	334	2252	61	26	88.537216	ζήσει.
2	1	24	0	0	0	43	2304	708	419	-1	
3	1	24	1	0	0	216	2304	366	31	-1	
4	1	24	1	1	0	216	2304	366	31	-1	
5	1	24	1	1	1	216	2304	186	23	90.383865	ΛΟΠΠΑΝΙΚΟΣ
5	1	24	1	1	2	423	2307	159	28	55.886539	(1919-1918)
3	1	24	2	0	0	43	2338	708	347	-1	
4	1	24	2	1	0	74	2338	677	34	-1	
5	1	24	2	1	1	74	2338	46	21	65.415604	ΤΙΑ
5	1	24	2	1	2	131	2339	59	21	75.136642	ΤΟΝ
5	1	24	2	1	3	203	2339	160	24	60.477421	ΒΟΡΤΑΣΜΟ
5	1	24	2	1	4	375	2343	37	24	96.848946	τῆς
5	1	24	2	1	5	425	2343	182	27	60.252693	ἀπολευδερώσεως
5	1	24	2	1	6	620	2344	88	28	83.638641	Σερδίων
5	1	24	2	1	7	720	2345	31	21	91.620903	Κο
4	1	24	2	2	0	46	2372	704	36	-1	
5	1	24	2	2	1	46	2372	61	28	92.087219	ζάνης
5	1	24	2	2	2	122	2374	32	21	65.064728	καὶ
5	1	24	2	2	3	168	2375	141	27	83.594574	Πτολεμαΐδος
5	1	24	2	2	4	328	2376	20	23	89.045219	τό
5	1	24	2	2	5	364	2377	62	27	74.065903	1943,
5	1	24	2	2	6	444	2377	37	23	83.687019	ἀπό
5	1	24	2	2	7	494	2378	31	22	86.720634	τό
5	1	24	2	2	8	544	2379	99	28	13.233727	"Ῥουρκικό
5	1	24	2	2	9	656	2380	52	28	69.672729	ζωγό,
5	1	24	2	2	10	741	2382	9	21	92.361916	ὁ
4	1	24	2	3	0	45	2409	705	37	-1	
5	1	24	2	3	1	45	2409	111	27	0.000000	Νομάρχης
5	1	24	2	3	2	171	2411	95	25	54.573814	Κοζάνης
5	1	24	2	3	3	281	2421	18	11	96.275871	κ.
5	1	24	2	3	4	316	2413	110	21	95.339264	Θεοδοσίου.
5	1	24	2	3	5	441	2414	123	25	89.279831	προσκάλεσε
5	1	24	2	3	6	582	2415	31	20	93.070938	τόν
5	1	24	2	3	7	631	2416	23	20	54.343330	ἐκ.
5	1	24	2	3	8	668	2412	82	34	37.090767	Λογγα-
4	1	24	2	4	0	45	2443	705	34	-1	
5	1	24	2	4	1	45	2443	52	22	0.000000	υίκου
5	1	24	2	4	2	116	2444	147	23	54.006844	ἐκπαιδευτικόν
5	1	24	2	4	3	279	2455	18	12	51.007114	κ.
5	1	24	2	4	4	316	2447	91	26	73.075256	Χρῆστον
5	1	24	2	4	5	423	2448	48	21	87.810143	Ἠλ.
5	1	24	2	4	6	487	2448	104	29	72.448456	Δημάκη»,
5	1	24	2	4	7	609	2449	24	22	94.064690	νά
5	1	24	2	4	8	650	2450	44	25	93.113495	τούς
5	1	24	2	4	9	709	2452	41	25	66.413544	διη-
4	1	24	2	5	0	45	2479	705	33	-1	
5	1	24	2	5	1	45	2481	57	24	24.408676	γηθεῖ
5	1	24	2	5	2	113	2479	30	25	87.368637	τίς
5	1	24	2	5	3	161	2480	62	28	65.303711	μάχες
5	1	24	2	5	4	236	2481	34	21	90.966293	πού
5	1	24	2	5	5	292	2482	28	24	85.849335	ὡς
5	1	24	2	5	6	332	2483	132	28	65.115883	πυροθολητή,
5	1	24	2	5	7	476	2485	9	21	93.209114	ὁ
5	1	24	2	5	8	496	2484	50	25	93.189903	ἴδιος
5	1	24	2	5	9	558	2485	152	27	48.685822	χανονιοθόλησε
5	1	24	2	5	10	726	2486	24	22	96.601944	τά
4	1	24	2	6	0	45	2514	703	34	-1	
5	1	24	2	6	1	45	2514	73	28	51.140385	Σέρό:α
5	1	24	2	6	2	133	2516	34	21	18.661194	καί
5	1	24	2	6	3	182	2516	152	28	32.312698	κατετρόπωσαν
5	1	24	2	6	4	356	2518	30	22	70.678917	τό,
5	1	24	2	6	5	403	2518	69	28	40.780811	ἐχθδρό,
5	1	24	2	6	6	492	2520	8	21	91.316818	ὁ
5	1	24	2	6	7	518	2520	65	25	90.080704	ὁποῖος
5	1	24	2	6	8	603	2520	108	28	76.354263	φεύγοντας
5	1	24	2	6	9	729	2522	19	21	33.993080	ᾱ-
4	1	24	2	7	0	44	2551	705	33	-1	
5	1	24	2	7	1	44	2558	47	19	85.457504	φησε
5	1	24	2	7	2	102	2551	26	21	36.740990	24
5	1	24	2	7	3	139	2551	86	22	40.385109	κανόνια'
5	1	24	2	7	4	237	2552	33	22	67.931473	καί
5	1	24	2	7	5	281	2553	37	26	92.615570	στή
5	1	24	2	7	6	332	2553	87	22	49.790421	πλατεία
5	1	24	2	7	7	432	2555	37	21	93.226486	τῶν
5	1	24	2	7	8	481	2554	95	29	62.723450	Σερδίων,
5	1	24	2	7	9	588	2556	21	22	92.079803	τό
5	1	24	2	7	10	620	2556	86	28	72.847244	θάρθαρο
5	1	24	2	7	11	718	2557	31	27	89.194366	ἔρ-
4	1	24	2	8	0	43	2587	706	31	-1	
5	1	24	2	8	1	43	2594	24	18	44.522366	Ύο
5	1	24	2	8	2	81	2594	40	19	94.245735	του,
5	1	24	2	8	3	138	2587	28	21	94.060600	20
5	1	24	2	8	4	181	2587	117	27	46.866589	πτώματα...
5	1	24	2	8	5	312	2589	106	26	0.000000	'Ἠλλήνων
5	1	24	2	8	6	435	2590	117	28	88.805145	προκρίτων.
5	1	24	2	8	7	566	2591	67	27	91.910645	ἱερέων
5	1	24	2	8	8	647	2592	33	21	81.752785	καί
5	1	24	2	8	9	697	2594	52	20	80.207184	διδα-
4	1	24	2	9	0	43	2621	86	28	-1	
5	1	24	2	9	1	43	2621	86	28	89.007309	σκάλων,
4	1	24	2	10	0	44	2658	260	27	-1	
5	1	24	2	10	1	44	2659	36	24	93.249641	τῆς
5	1	24	2	10	2	90	2658	83	27	90.651352	αἰσχρῆς
5	1	24	2	10	3	186	2660	63	25	85.575432	φυγῆς
5	1	24	2	10	4	260	2668	44	14	93.211876	των.
3	1	24	3	0	0	72	2693	384	30	-1	
4	1	24	3	1	0	72	2693	384	30	-1	
5	1	24	3	1	1	72	2693	43	22	27.831772	Ἆπά
5	1	24	3	1	2	128	2693	74	28	87.053307	Σέρβια
5	1	24	3	1	3	220	2695	81	28	92.826805	ὑπάρχει
5	1	24	3	1	4	317	2695	77	28	65.616211	τύµδος,
5	1	24	3	1	5	412	2696	44	22	96.915657	ὅπου
2	1	25	0	0	0	145	2623	602	33	-1	
3	1	25	1	0	0	145	2623	602	33	-1	
4	1	25	1	1	0	145	2623	602	33	-1	
5	1	25	1	1	1	145	2623	45	24	93.211632	τούς
5	1	25	1	1	2	205	2623	77	25	91.685608	ὁποίους
5	1	25	1	1	3	300	2624	147	28	79.221115	ἀποκεφάλισαν
5	1	25	1	1	4	463	2626	16	21	93.290710	οἱ
5	1	25	1	1	5	496	2628	76	26	57.055870	τοὔρχοι
5	1	25	1	1	6	588	2628	52	21	72.871330	κατά
5	1	25	1	1	7	656	2628	33	26	87.601379	τήν
5	1	25	1	1	8	705	2629	42	27	92.912704	ὥρα
2	1	26	0	0	0	41	2697	706	325	-1	
3	1	26	1	0	0	42	2697	705	134	-1	
4	1	26	1	1	0	487	2697	260	29	-1	
5	1	26	1	1	1	487	2697	48	22	95.509155	εἶναι
5	1	26	1	1	2	550	2698	102	28	53.111229	γραμμένα
5	1	26	1	1	3	667	2699	24	22	93.289352	τά
5	1	26	1	1	4	707	2700	40	21	90.753525	ὀνό-
4	1	26	1	2	0	42	2730	703	33	-1	
5	1	26	1	2	1	42	2736	52	18	80.999123	µατα
5	1	26	1	2	2	110	2730	37	20	89.283958	τῶν
5	1	26	1	2	3	163	2730	104	21	47.304962	Λακώνων
5	1	26	1	2	4	280	2731	24	26	81.824776	µέ
5	1	26	1	2	5	320	2731	21	22	89.552704	τό
5	1	26	1	2	6	355	2732	62	27	96.120445	χωριό
5	1	26	1	2	7	431	2741	52	16	96.677139	τους,
5	1	26	1	2	8	501	2733	34	21	93.305847	πού
5	1	26	1	2	9	550	2734	69	22	92.092667	ἔπεσαν
5	1	26	1	2	10	635	2735	35	26	92.465363	στή
5	1	26	1	2	11	685	2735	60	28	41.489799	μάχη.
4	1	26	1	3	0	482	2770	204	27	-1	
5	1	26	1	3	1	482	2770	39	26	93.287102	Χρ.
5	1	26	1	3	2	539	2770	26	21	84.504868	Ἡ.
5	1	26	1	3	3	588	2770	98	27	93.453995	Δημάκης
4	1	26	1	4	0	296	2808	197	23	-1	
5	1	26	1	4	1	296	2808	197	25	45.079494	ΒΕΡΓΑΔΕΤΊΑ,
3	1	26	2	0	0	41	2842	704	99	-1	
4	1	26	2	1	0	70	2842	675	43	-1	
5	1	26	2	1	1	70	2842	26	20	83.424583	Ἡ
5	1	26	2	1	2	109	2842	112	25	0.000000	μπολντόύζα
5	1	26	2	1	3	233	2843	73	42	0.000000	Ανοηβι
5	1	26	2	1	4	320	2844	94	22	18.364563	ἐνπατιηκά
5	1	26	2	1	5	429	2845	138	27	63.179058	ἀγροτηκούς
5	1	26	2	1	6	559	2846	89	28	89.519806	δρόμους,
5	1	26	2	1	7	665	2848	80	27	86.485474	ἐργάζε-
4	1	26	2	2	0	41	2878	702	32	-1	
5	1	26	2	2	1	41	2885	30	12	96.361069	ται
5	1	26	2	2	2	86	2876	34	27	96.367096	γιά
5	1	26	2	2	3	135	2877	24	22	92.808716	νά
5	1	26	2	2	4	172	2878	74	22	42.165565	ἑνωθεῖ
5	1	26	2	2	5	263	2878	21	27	90.501884	µέ
5	1	26	2	2	6	300	2879	30	22	86.760406	τόν
5	1	26	2	2	7	349	2880	63	26	41.753254	κάμπο
5	1	26	2	2	8	428	2882	32	20	96.935066	τοῦ
5	1	26	2	2	9	473	2881	134	28	0.000000	Λογγαλίκου,
5	1	26	2	2	10	625	2882	68	28	90.373413	ἐπίσης
5	1	26	2	2	11	707	2884	36	26	90.373413	στή
4	1	26	2	3	0	41	2912	311	30	-1	
5	1	26	2	3	1	41	2912	152	28	91.108910	Μεταμόρφωση
5	1	26	2	3	2	206	2916	32	19	93.287849	τοῦ
5	1	26	2	3	3	248	2915	104	27	86.579597	Σωτῆρος.
3	1	26	3	0	0	326	2957	135	22	-1	
4	1	26	3	1	0	326	2957	135	22	-1	
5	1	26	3	1	1	326	2957	135	22	65.336487	ΑΙΛΕΥΡΟΥ
3	1	26	4	0	0	69	2989	438	33	-1	
4	1	26	4	1	0	69	2989	438	33	-1	
5	1	26	4	1	1	69	2989	49	25	27.107864	Στίς
5	1	26	4	1	2	133	2990	101	23	55.626228	38-14-80
5	1	26	4	1	3	250	2991	96	24	85.200378	ἀπεξίωσε
5	1	26	4	1	4	361	2993	46	27	90.007645	στήν
5	1	26	4	1	5	423	2994	84	28	54.534477	᾿Αλευρο
2	1	27	0	0	0	43	3024	456	34	-1	
3	1	27	1	0	0	43	3024	456	34	-1	
4	1	27	1	1	0	43	3024	456	34	-1	
5	1	27	1	1	1	43	3024	86	29	0.000000	(Ἰζόκος)
5	1	27	1	1	2	150	3026	34	21	96.866211	πού
5	1	27	1	1	3	198	3026	115	26	55.836365	διασκέδαζε
5	1	27	1	1	4	332	3028	36	27	91.316971	ὅλη
5	1	27	1	1	5	383	3029	34	26	96.032387	τήν
5	1	27	1	1	6	431	3038	43	19	80.411194	περι
5	1	27	1	1	7	477	3038	22	20	67.462234	ο:
2	1	28	0	0	0	535	2995	207	29	-1	
3	1	28	1	0	0	535	2995	207	29	-1	
4	1	28	1	1	0	535	2995	207	29	-1	
5	1	28	1	1	1	535	2996	4	6	92.734802	ὁ
5	1	28	1	1	2	557	2995	102	28	92.599510	Γεώργιος
5	1	28	1	1	3	675	2997	67	27	25.243538	Πήτης
2	1	29	0	0	0	499	2996	242	64	-1	
3	1	29	1	0	0	499	2996	242	64	-1	
4	1	29	1	1	0	499	2996	43	21	-1	
5	1	29	1	1	1	499	2996	17	20	74.804230	οὔ
5	1	29	1	1	2	533	3004	9	13	91.954498	ὁ
4	1	29	1	2	0	507	3030	160	8	-1	
5	1	29	1	2	1	507	3030	5	7	38.905968	ο
5	1	29	1	2	2	545	3030	43	8	5.465698	μοι
5	1	29	1	2	3	662	3032	5	6	18.645363	͵
4	1	29	1	3	0	502	3033	239	27	-1	
5	1	29	1	3	1	502	3039	11	18	73.619652	ἡ
5	1	29	1	3	2	527	3040	23	17	80.108986	µέ
5	1	29	1	3	3	568	3040	21	13	91.021507	τό
5	1	29	1	3	4	606	3033	82	27	68.899269	κλαρίνο
5	1	29	1	3	5	703	3041	38	14	87.671280	του,
2	1	30	0	0	0	755	492	30	2609	-1	
3	1	30	1	0	0	755	492	30	2609	-1	
4	1	30	1	1	0	755	492	30	2609	-1	
5	1	30	1	1	1	755	492	30	2609	95.000000	 
2	1	31	0	0	0	37	3061	373	30	-1	
3	1	31	1	0	0	37	3061	373	30	-1	
4	1	31	1	1	0	37	3061	373	30	-1	
5	1	31	1	1	1	37	3061	154	29	0.000000	Συλλυπούμεθα
5	1	31	1	1	2	208	3062	44	25	92.028954	τούς
5	1	31	1	1	3	269	3063	84	28	0.000000	οἰωείους
5	1	31	1	1	4	371	3073	39	15	96.737114	του,
2	1	32	0	0	0	793	45	352	235	-1	
3	1	32	1	0	0	853	45	238	105	-1	
4	1	32	1	1	0	878	45	189	22	-1	
5	1	32	1	1	1	878	45	18	21	40.047718	0
5	1	32	1	1	2	913	45	154	22	77.627022	ΣΥΛΛΟΓΟΣ
4	1	32	1	2	0	853	86	238	22	-1	
5	1	32	1	2	1	853	86	238	22	40.966053	ΤΕΩΡΓΙΠΣΙΑΝΩΝ.
4	1	32	1	3	0	907	128	132	22	-1	
5	1	32	1	3	1	907	128	132	22	94.136024	ΑΤΤΙΚΗΣ
3	1	32	2	0	0	793	180	352	100	-1	
4	1	32	2	1	0	824	180	320	28	-1	
5	1	32	2	1	1	824	180	55	22	0.000000	Αντί
5	1	32	2	1	2	896	181	124	25	91.140793	ἀποδείξεως
5	1	32	2	1	3	1036	182	108	26	38.017006	δημοσιεύει
4	1	32	2	2	0	795	216	350	28	-1	
5	1	32	2	2	1	795	216	116	27	51.081638	κατάσταση
5	1	32	2	2	2	926	216	116	28	92.280434	ἐμφαίνουσα
5	1	32	2	2	3	1058	217	31	25	92.751900	τίς
5	1	32	2	2	4	1108	218	37	21	84.316444	εἰσ-
4	1	32	2	3	0	793	251	336	29	-1	
5	1	32	2	3	1	793	251	87	27	96.421425	πράξεις
5	1	32	2	3	2	894	252	23	22	79.722023	ἐκ
5	1	32	2	3	3	932	254	31	20	93.085297	τοῦ
5	1	32	2	3	4	978	252	151	28	68.659622	'Ἡμερολογίου.
2	1	33	0	0	0	999	591	12	3	-1	
3	1	33	1	0	0	999	591	12	3	-1	
4	1	33	1	1	0	999	591	12	3	-1	
5	1	33	1	1	1	999	591	12	3	95.000000	 
2	1	34	0	0	0	781	287	364	692	-1	
3	1	34	1	0	0	781	287	364	692	-1	
4	1	34	1	1	0	794	287	351	28	-1	
5	1	34	1	1	1	794	287	111	27	68.613220	Μποζάνης
5	1	34	1	1	2	923	287	111	28	42.763557	Πρηγόρις
5	1	34	1	1	3	1083	289	62	21	74.940147	1.000
4	1	34	1	2	0	794	323	351	27	-1	
5	1	34	1	2	1	794	323	155	27	37.739796	Πατρονικόλας
5	1	34	1	2	2	962	324	27	22	7.719109	Ἱ.
5	1	34	1	2	3	1083	325	62	21	68.452171	1.000
4	1	34	1	3	0	795	358	350	28	-1	
5	1	34	1	3	1	795	358	91	27	83.327606	Κούτσης
5	1	34	1	3	2	902	358	96	28	55.492325	Ἰωάνρης
5	1	34	1	3	3	1103	360	42	21	87.199028	900
4	1	34	1	4	0	798	393	346	28	-1	
5	1	34	1	4	1	798	394	14	20	65.446419	Π
5	1	34	1	4	2	825	393	67	26	65.446419	άτσιος
5	1	34	1	4	3	907	394	102	27	88.764565	Στέφανος
5	1	34	1	4	4	1082	395	62	21	94.070267	1.900
4	1	34	1	5	0	794	428	351	28	-1	
5	1	34	1	5	1	794	428	104	28	5.873573	Ἡερδίης
5	1	34	1	5	2	912	430	48	21	12.478088	ΑΑ.
5	1	34	1	5	3	1082	430	63	22	91.530128	1200
4	1	34	1	6	0	795	464	342	28	-1	
5	1	34	1	6	1	795	464	89	27	81.866776	Σιγαλὸς
5	1	34	1	6	2	902	465	84	27	56.566586	Ίκαρος
5	1	34	1	6	3	1096	466	41	22	92.402634	500
4	1	34	1	7	0	792	499	351	29	-1	
5	1	34	1	7	1	792	499	168	28	94.201683	Δημητρόπουλος
5	1	34	1	7	2	977	501	84	27	33.516037	ανα.
5	1	34	1	7	3	1102	502	41	22	66.215889	500
4	1	34	1	8	0	792	535	352	28	-1	
5	1	34	1	8	1	792	535	144	27	92.335022	Ῥουμελιώτης
5	1	34	1	8	2	955	536	104	27	86.880264	Σωτήριος
5	1	34	1	8	3	1102	537	42	22	86.880264	900
4	1	34	1	9	0	791	571	352	28	-1	
5	1	34	1	9	1	791	571	140	26	55.359917	ἸΚλουτσούνης
5	1	34	1	9	2	943	571	64	28	43.490101	ΓΓεώρ.
5	1	34	1	9	3	1103	573	40	21	88.873283	400
4	1	34	1	10	0	792	606	353	28	-1	
5	1	34	1	10	1	792	606	126	27	77.273392	Τκουζούλης
5	1	34	1	10	2	935	608	64	26	65.516998	Γεωρ.
5	1	34	1	10	3	1018	608	53	22	85.162956	Διον.
5	1	34	1	10	4	1102	608	43	22	84.981483	900
4	1	34	1	11	0	790	642	354	28	-1	
5	1	34	1	11	1	790	642	141	27	31.122314	Τιαννακάκης
5	1	34	1	11	2	943	643	64	27	58.280090	Ῥεωρ.
5	1	34	1	11	3	1024	643	31	22	79.363861	Π.
5	1	34	1	11	4	1102	644	42	21	49.518356	500
4	1	34	1	12	0	781	676	362	31	-1	
5	1	34	1	12	1	781	676	100	31	26.115662	|᾿Αλούπη
5	1	34	1	12	2	895	677	66	26	92.779015	Δόμνα
5	1	34	1	12	3	1100	679	43	21	96.691589	900
4	1	34	1	13	0	781	710	362	26	-1	
5	1	34	1	13	1	781	727	2	9	93.278183	|
5	1	34	1	13	2	791	710	109	23	78.201065	Ἑσερωτᾶς
5	1	34	1	13	3	912	711	109	22	50.086475	Ῥασίλειος
5	1	34	1	13	4	1100	712	43	19	78.325760	500.
4	1	34	1	14	0	790	740	353	26	-1	
5	1	34	1	14	1	790	740	168	26	46.121555	Τσερωτόπουλος
5	1	34	1	14	2	971	741	23	22	91.309708	Δ.
5	1	34	1	14	3	1079	742	64	21	44.320572	1.900:
4	1	34	1	15	0	793	775	349	28	-1	
5	1	34	1	15	1	793	775	128	27	54.003532	Παναγάχος
5	1	34	1	15	2	943	776	83	27	56.633873	ΤΤαναγ.
5	1	34	1	15	3	1099	778	43	21	73.305328	500
4	1	34	1	16	0	789	810	352	29	-1	
5	1	34	1	16	1	789	810	115	27	27.332756	Ἑλαχόάκης
5	1	34	1	16	2	920	812	80	27	89.615448	Παναγ.
5	1	34	1	16	3	1018	812	47	22	44.390060	᾿ΑΦ.
5	1	34	1	16	4	1098	813	43	22	84.743942	300
4	1	34	1	17	0	788	845	354	29	-1	
5	1	34	1	17	1	788	845	123	28	55.687386	Ἰατσορίδου
5	1	34	1	17	2	923	846	72	28	93.509315	Μαίρη
5	1	34	1	17	3	1099	848	43	22	71.304909	600:
4	1	34	1	18	0	790	881	351	27	-1	
5	1	34	1	18	1	790	881	90	27	76.189651	᾽Αδάμης
5	1	34	1	18	2	900	882	21	21	65.348785	Τ.
5	1	34	1	18	3	937	882	23	22	91.756783	Δ.
5	1	34	1	18	4	1098	884	43	21	70.934189	500
4	1	34	1	19	0	787	916	352	29	-1	
5	1	34	1	19	1	787	916	111	28	44.446442	Πετράκης
5	1	34	1	19	2	912	918	62	27	45.799580	Τρηγ.
5	1	34	1	19	3	988	919	25	21	37.908508	Ἱ.
5	1	34	1	19	4	1097	920	42	21	90.481888	500
4	1	34	1	20	0	788	952	351	27	-1	
5	1	34	1	20	1	788	952	152	27	84.660782	Καλαδρυτινός
5	1	34	1	20	2	955	954	27	21	91.912018	Ν.
5	1	34	1	20	3	1097	955	42	21	96.085419	500
2	1	35	0	0	0	787	986	352	29	-1	
3	1	35	1	0	0	787	986	352	29	-1	
4	1	35	1	1	0	787	986	352	29	-1	
5	1	35	1	1	1	787	986	135	29	76.492661	Μανεσιώτης
5	1	35	1	1	2	938	988	76	26	87.561401	Ἠλίας
5	1	35	1	1	3	1033	990	48	22	30.831894	᾿Ηλ.
5	1	35	1	1	4	1097	990	42	22	82.777969	900
2	1	36	0	0	0	781	1719	352	6	-1	
3	1	36	1	0	0	781	1719	352	6	-1	
4	1	36	1	1	0	781	1719	352	6	-1	
5	1	36	1	1	1	781	1719	352	6	95.000000	 
2	1	37	0	0	0	780	1022	359	751	-1	
3	1	37	1	0	0	780	1022	359	751	-1	
4	1	37	1	1	0	785	1022	353	29	-1	
5	1	37	1	1	1	785	1022	91	28	86.322937	Ῥορίλας
5	1	37	1	1	2	892	1023	101	28	64.672325	Γεώργιος
5	1	37	1	1	3	1074	1026	64	22	82.658981	1.000:
4	1	37	1	2	0	790	1058	349	28	-1	
5	1	37	1	2	1	790	1058	114	28	90.566139	Πετράκης
5	1	37	1	2	2	915	1059	51	27	94.257545	Δημ.
5	1	37	1	2	3	1076	1061	63	23	67.821793	1.000
4	1	37	1	3	0	789	1094	350	27	-1	
5	1	37	1	3	1	789	1094	115	27	26.368347	Ἠετράκης
5	1	37	1	3	2	917	1096	74	22	59.719978	Νικολ.
5	1	37	1	3	3	1075	1097	64	22	57.577461	1.000
4	1	37	1	4	0	786	1129	350	29	-1	
5	1	37	1	4	1	786	1129	90	28	65.521942	᾽Αδώμης
5	1	37	1	4	2	891	1130	102	28	95.535393	Στέφανος
5	1	37	1	4	3	1095	1133	41	22	85.988907	9060
4	1	37	1	5	0	785	1166	351	27	-1	
5	1	37	1	5	1	785	1166	109	27	7.258499	Ἑσερωτᾶς
5	1	37	1	5	2	908	1167	55	22	6.480621	Κων.
5	1	37	1	5	3	1095	1169	41	21	92.637421	500
4	1	37	1	6	0	1058	1203	78	23	-1	
5	1	37	1	6	1	1058	1203	78	23	72.972885	106.000:
4	1	37	1	7	0	785	1236	351	28	-1	
5	1	37	1	7	1	785	1236	87	27	91.904663	Δεδούση
5	1	37	1	7	2	886	1237	101	27	17.971085	Βασιλική
5	1	37	1	7	3	1093	1240	43	21	64.764374	900
4	1	37	1	8	0	783	1271	353	29	-1	
5	1	37	1	8	1	783	1271	72	26	59.528851	Ῥύνιος
5	1	37	1	8	2	873	1272	118	28	50.186062	Ἐὐάγγελος
5	1	37	1	8	3	1093	1275	43	22	77.126694	900
4	1	37	1	9	0	782	1307	354	29	-1	
5	1	37	1	9	1	782	1307	114	28	21.563759	ἹΜπολάνης
5	1	37	1	9	2	910	1309	126	27	77.612305	᾿Αριστείδης
5	1	37	1	9	3	1093	1311	43	22	66.766739	500
4	1	37	1	10	0	785	1343	350	27	-1	
5	1	37	1	10	1	785	1343	176	27	14.474579	Ἡαρασιόπουλος
5	1	37	1	10	2	976	1346	49	22	37.912216	Νικ,
5	1	37	1	10	3	1038	1346	22	22	11.580360	ΤΠ.
5	1	37	1	10	4	1093	1346	42	22	49.276524	500
4	1	37	1	11	0	786	1379	349	26	-1	
5	1	37	1	11	1	786	1379	131	26	29.893906	Παπαζήτης
5	1	37	1	11	2	930	1380	56	22	17.945953	ων.
5	1	37	1	11	3	1001	1381	22	21	54.741096	Τ..
5	1	37	1	11	4	1092	1382	43	21	59.002281	900.
4	1	37	1	12	0	783	1414	351	25	-1	
5	1	37	1	12	1	783	1414	106	22	34.921959	Ματιάώτου
5	1	37	1	12	2	908	1415	31	22	21.826202	ΤΠ.
5	1	37	1	12	3	1091	1417	43	22	69.471016	900:
4	1	37	1	13	0	781	1449	351	29	-1	
5	1	37	1	13	1	781	1449	144	28	91.308197	Ῥουμελιώτης
5	1	37	1	13	2	943	1452	39	26	95.644035	Χρ.
5	1	37	1	13	3	997	1452	50	26	67.181396	Δημ.
5	1	37	1	13	4	1091	1453	41	21	87.291367	300
4	1	37	1	14	0	781	1485	351	29	-1	
5	1	37	1	14	1	781	1485	115	27	39.914711	᾿Αρετάκης
5	1	37	1	14	2	914	1486	135	28	16.182419	Αλέξανδρος
5	1	37	1	14	3	1091	1488	41	22	58.959881	500
4	1	37	1	15	0	780	1520	353	30	-1	
5	1	37	1	15	1	780	1520	99	28	44.269249	Πριθάκος
5	1	37	1	15	2	892	1521	134	29	0.000000	Αλέξανδρος
5	1	37	1	15	3	1090	1524	43	21	74.602432	900:
4	1	37	1	16	0	780	1557	354	28	-1	
5	1	37	1	16	1	780	1557	128	26	27.662338	Ἰουτσούνης
5	1	37	1	16	2	921	1558	115	27	93.739075	Δημήτριος
5	1	37	1	16	3	1090	1560	44	22	72.351250	900.
4	1	37	1	17	0	783	1590	348	27	-1	
5	1	37	1	17	1	783	1590	108	26	0.000000	Ἡερδίκης
5	1	37	1	17	2	902	1591	101	26	27.429840	ΠΓεώρηιος
5	1	37	1	17	3	1068	1593	63	21	77.412949	2.500
4	1	37	1	18	0	781	1624	207	28	-1	
5	1	37	1	18	1	781	1624	34	27	87.284721	γιά
5	1	37	1	18	2	825	1624	21	22	93.315659	τό
5	1	37	1	18	3	854	1624	58	28	90.869431	δρόµο
5	1	37	1	18	4	923	1625	65	23	81.686401	9.000:
4	1	37	1	19	0	842	1660	148	29	-1	
5	1	37	1	19	1	842	1660	148	29	83.409073	(Συνεχίζεται)
4	1	37	1	20	0	837	1750	241	23	-1	
5	1	37	1	20	1	837	1750	241	23	49.548340	ΕΥΣΧΑΡΙΣΤΗΡΙΟΝ
2	1	38	0	0	0	776	1803	353	254	-1	
3	1	38	1	0	0	776	1803	353	254	-1	
4	1	38	1	1	0	777	1803	352	29	-1	
5	1	38	1	1	1	777	1803	35	20	44.145718	'Τῶ
5	1	38	1	1	2	825	1803	160	26	63.648609	Σεξασμιωτάτω
5	1	38	1	1	3	1001	1805	128	27	84.871574	Μητροπολί-
4	1	38	1	2	0	779	1838	349	30	-1	
5	1	38	1	2	1	779	1847	25	18	94.332130	τη
5	1	38	1	2	2	819	1838	54	28	66.673141	Μον)
5	1	38	1	2	3	879	1838	42	26	66.673141	σίας
5	1	38	1	2	4	937	1839	35	22	85.157104	καὶ
5	1	38	1	2	5	986	1840	97	28	61.736675	Ὑπάρτης
5	1	38	1	2	6	1099	1842	29	20	50.561378	Κυ
4	1	38	1	3	0	779	1873	232	29	-1	
5	1	38	1	3	1	779	1873	35	28	84.065735	ρίω
5	1	38	1	3	2	822	1874	69	28	69.812149	Κυρίω
5	1	38	1	3	3	901	1875	110	23	6.919945	Ἡὐσταβίω.
4	1	38	1	4	0	811	1922	318	27	-1	
5	1	38	1	4	1	811	1922	196	27	46.528770	Προκαθηγουµένου
5	1	38	1	4	2	1021	1925	38	20	93.165367	τῶν
5	1	38	1	4	3	1079	1924	50	21	76.145905	αἶδε-
4	1	38	1	5	0	776	1957	351	30	-1	
5	1	38	1	5	1	776	1957	116	26	40.666126	σιμωτάτων
5	1	38	1	5	2	906	1958	128	29	85.451782	Καστορείου,
5	1	38	1	5	3	1050	1960	77	27	61.792488	Γεωρηι
4	1	38	1	6	0	777	1992	350	30	-1	
5	1	38	1	6	1	777	1992	52	22	87.030380	τσίου
5	1	38	1	6	2	838	1993	34	21	62.750336	καί
5	1	38	1	6	3	883	1993	133	29	85.008636	Περιδολίω»,
5	1	38	1	6	4	1031	1995	34	26	93.258018	τήν
5	1	38	1	6	5	1076	1995	51	27	35.062515	ὀθήν
4	1	38	1	7	0	776	2028	351	29	-1	
5	1	38	1	7	1	776	2028	132	28	63.425453	Σεπτομρίου
5	1	38	1	7	2	926	2029	62	28	94.001205	1980,
5	1	38	1	7	3	1001	2031	19	21	82.856705	ἐν
5	1	38	1	7	4	1050	2031	77	21	12.839592	ἵαστο-
2	1	39	0	0	0	802	2037	30	12	-1	
3	1	39	1	0	0	802	2037	30	12	-1	
4	1	39	1	1	0	802	2037	30	12	-1	
5	1	39	1	1	1	802	2037	30	12	95.000000	  
2	1	40	0	0	0	777	2063	356	29	-1	
3	1	40	1	0	0	777	2063	356	29	-1	
4	1	40	1	1	0	777	2063	356	29	-1	
5	1	40	1	1	1	777	2063	53	28	3.629951	ρείω,
5	1	40	1	1	2	845	2064	63	28	89.527161	ἡμέρα
5	1	40	1	1	3	922	2065	107	27	91.490929	θαρυτάτου
5	1	40	1	1	4	1042	2066	91	25	1.110260	πένἈους:
2	1	41	0	0	0	773	2099	352	243	-1	
3	1	41	1	0	0	773	2099	352	243	-1	
4	1	41	1	1	0	775	2099	350	28	-1	
5	1	41	1	1	1	775	2107	41	19	88.167793	µου,
5	1	41	1	1	2	831	2099	30	22	95.324516	ἐπί
5	1	41	1	1	3	876	2101	27	20	88.622063	τῷ
5	1	41	1	1	4	919	2101	94	26	69.833763	ἀδοκήτω
5	1	41	1	1	5	1043	2101	82	22	61.593178	«Φανάτω
4	1	41	1	2	0	776	2136	349	28	-1	
5	1	41	1	2	1	776	2136	36	24	77.344025	τῆς
5	1	41	1	2	2	848	2136	114	26	77.344025	ἀειμνήστου
5	1	41	1	2	3	979	2136	85	28	81.434113	Μητρός
5	1	41	1	2	4	1083	2146	42	18	88.455292	µου,
4	1	41	1	3	0	774	2170	351	24	-1	
5	1	41	1	3	1	774	2170	234	23	84.971931	ΚΩΝΣΤΑΝΠΙΝΑΣ
5	1	41	1	3	2	1028	2173	17	20	88.526237	Δ
5	1	41	1	3	3	1057	2173	68	21	70.395035	ΒΑΊ:
4	1	41	1	4	0	775	2205	350	30	-1	
5	1	41	1	4	1	775	2205	85	28	81.106773	ΔΑΚΗ,
5	1	41	1	4	2	876	2206	21	22	81.154892	τό
5	1	41	1	4	3	914	2206	58	27	19.826828	γένος
5	1	41	1	4	4	999	2207	126	28	76.880333	Σπυρίδωνος
4	1	41	1	5	0	773	2240	352	29	-1	
5	1	41	1	5	1	773	2240	87	29	26.683266	Τσίχλη,
5	1	41	1	5	2	874	2242	116	27	86.479752	ἐπιτρέψατέ
5	1	41	1	5	3	1002	2251	32	18	46.661461	-μοι
5	1	41	1	5	4	1047	2243	23	22	93.305649	νά
5	1	41	1	5	5	1083	2244	42	21	92.781441	ὑπο-
4	1	41	1	6	0	776	2276	349	29	-1	
5	1	41	1	6	1	776	2276	69	22	89.621933	θάλλω
5	1	41	1	6	2	863	2285	36	17	93.270042	τάς
5	1	41	1	6	3	914	2278	118	27	51.017479	εἰλικριεῖς
5	1	41	1	6	4	1052	2279	24	21	3.894035	ὢκ
5	1	41	1	6	5	1093	2279	32	21	54.778511	θά-
4	1	41	1	7	0	774	2312	349	30	-1	
5	1	41	1	7	1	774	2313	49	24	84.329666	Άους
5	1	41	1	7	2	840	2312	86	28	38.514385	Ὑαρδίας
5	1	41	1	7	3	939	2314	128	27	91.054611	εὐχαριστίας
5	1	41	1	7	4	1083	2323	40	19	93.145576	µου,
2	1	42	0	0	0	882	2251	37	12	-1	
3	1	42	1	0	0	882	2251	37	12	-1	
4	1	42	1	1	0	882	2251	37	12	-1	
5	1	42	1	1	1	882	2251	37	12	95.000000	 
2	1	43	0	0	0	769	2347	355	290	-1	
3	1	43	1	0	0	771	2347	353	169	-1	
4	1	43	1	1	0	774	2347	349	30	-1	
5	1	43	1	1	1	774	2347	104	28	89.998085	εὐχόμενος
5	1	43	1	1	2	891	2349	21	21	96.778549	ἐν
5	1	43	1	1	3	932	2351	27	20	77.330795	τῷ
5	1	43	1	1	4	973	2349	97	28	90.886429	προσώπω
5	1	43	1	1	5	1084	2352	39	24	96.561394	τῆς
4	1	43	1	2	0	774	2384	349	29	-1	
5	1	43	1	2	1	774	2384	111	27	89.645103	Ὑμετέρας
5	1	43	1	2	2	902	2385	175	28	72.280533	Σεθασµιότητος,,
5	1	43	1	2	3	1093	2386	30	22	23.201828	κεὓ-
4	1	43	1	3	0	772	2419	352	27	-1	
5	1	43	1	3	1	772	2427	25	18	89.590836	ρη
5	1	43	1	3	2	813	2419	113	26	26.267464	Ελωκλησία
5	1	43	1	3	3	942	2421	65	25	45.277245	ἀληθή
5	1	43	1	3	4	1040	2421	84	25	88.600891	ποιμένα
4	1	43	1	4	0	771	2453	351	29	-1	
5	1	43	1	4	1	771	2453	79	28	29.924988	Κυρίου,
5	1	43	1	4	2	864	2454	29	21	68.333778	ἐπ᾽
5	1	43	1	4	3	909	2455	71	26	68.177261	ἀγαθῶ
5	1	43	1	4	4	994	2455	128	27	68.682091	Χριστεπωνύ
4	1	43	1	5	0	772	2489	187	27	-1	
5	1	43	1	5	1	772	2497	34	19	87.024582	µου
5	1	43	1	5	2	817	2489	142	27	67.484711	πληρώματος.
3	1	43	2	0	0	769	2524	351	28	-1	
4	1	43	2	1	0	769	2524	351	28	-1	
5	1	43	2	1	1	769	2524	181	28	19.463959	Ἱκατασπαζόμενος
5	1	43	2	1	2	962	2526	33	26	96.766983	τήν
5	1	43	2	1	3	1006	2526	59	25	96.837143	δεξιά
5	1	43	2	1	4	1076	2535	44	16	95.682365	σας.
3	1	43	3	0	0	813	2566	272	28	-1	
4	1	43	3	1	0	813	2566	272	28	-1	
5	1	43	3	1	1	813	2566	95	27	63.613991	Ἰωάννης
5	1	43	3	1	2	916	2567	52	26	19.628479	Δημ.
5	1	43	3	1	3	979	2568	106	26	71.368057	Βαϊδώκης
3	1	43	4	0	0	771	2607	348	30	-1	
4	1	43	4	1	0	771	2607	348	30	-1	
5	1	43	4	1	1	771	2607	101	27	94.718735	Μαθητής
5	1	43	4	1	2	889	2608	86	22	26.796257	Λυκείου
5	1	43	4	1	3	991	2609	128	28	53.696438	Ἱζαστορείου.
2	1	44	0	0	0	780	2667	338	5	-1	
3	1	44	1	0	0	780	2667	338	5	-1	
4	1	44	1	1	0	780	2667	338	5	-1	
5	1	44	1	1	1	780	2667	338	5	95.000000	 
2	1	45	0	0	0	825	2696	246	23	-1	
3	1	45	1	0	0	825	2696	246	23	-1	
4	1	45	1	1	0	825	2696	246	23	-1	
5	1	45	1	1	1	825	2696	60	22	58.749676	ΝΙΙΑ.
5	1	45	1	1	2	900	2697	171	22	69.264603	ΕΦΗΜΕΡΙΔΑ.
2	1	46	0	0	0	1080	2760	25	4	-1	
3	1	46	1	0	0	1080	2760	25	4	-1	
4	1	46	1	1	0	1080	2760	25	4	-1	
5	1	46	1	1	1	1080	2760	25	4	95.000000	 
2	1	47	0	0	0	763	2748	356	351	-1	
3	1	47	1	0	0	763	2748	356	351	-1	
4	1	47	1	1	0	797	2748	321	30	-1	
5	1	47	1	1	1	797	2748	33	23	78.324814	Μέ
5	1	47	1	1	2	845	2749	82	27	86.719475	µεγάλη
5	1	47	1	1	3	937	2750	54	27	93.298294	χαρά
5	1	47	1	1	4	1002	2751	78	26	74.988190	λάδαµε
5	1	47	1	1	5	1099	2751	19	27	96.810120	τή
4	1	47	1	2	0	767	2784	351	29	-1	
5	1	47	1	2	1	767	2784	34	21	88.530098	νέα
5	1	47	1	2	2	815	2785	114	28	92.389542	ἐφημερίδα,
5	1	47	1	2	3	944	2787	39	20	91.193001	«Ἡ
5	1	47	1	2	4	997	2787	59	26	89.036766	Φωνή
5	1	47	1	2	5	1087	2789	31	19	89.036766	τοῦ
4	1	47	1	3	0	768	2820	351	30	-1	
5	1	47	1	3	1	768	2820	151	29	82.624046	Γεωργιτσίου»,
5	1	47	1	3	2	935	2820	47	22	93.305199	εἶναι
5	1	47	1	3	3	1002	2822	11	26	90.395767	ἡ
5	1	47	1	3	4	1032	2822	87	28	94.802223	τέταρτη
4	1	47	1	4	0	766	2856	351	28	-1	
5	1	47	1	4	1	766	2856	52	21	63.030830	κατά
5	1	47	1	4	2	831	2856	65	28	87.971764	σειράν
5	1	47	1	4	3	907	2856	36	22	93.304794	πού
5	1	47	1	4	4	955	2856	97	23	90.258850	ἐχδίδεται
5	1	47	1	4	5	1067	2858	50	26	90.834251	µετά
4	1	47	1	5	0	767	2891	349	29	-1	
5	1	47	1	5	1	767	2891	34	26	69.362946	τήν
5	1	47	1	5	2	818	2891	96	27	89.764175	ἐμφάνιση
5	1	47	1	5	3	929	2894	37	24	85.895241	τῆς
5	1	47	1	5	4	997	2892	119	28	61.505032	ἐφημερίδας
4	1	47	1	6	0	765	2928	351	27	-1	
5	1	47	1	6	1	765	2935	38	18	96.454613	µας
5	1	47	1	6	2	819	2935	21	13	92.307312	τὸ
5	1	47	1	6	3	869	2928	183	23	30.162796	«ΠΓΕΩΡΠΤΣΗΟ,
5	1	47	1	6	4	1085	2929	31	26	0.000000	ὉΤή
4	1	47	1	7	0	766	2962	351	29	-1	
5	1	47	1	7	1	766	2962	67	27	90.649651	θγάζει
5	1	47	1	7	2	849	2963	45	26	93.082474	στήν
5	1	47	1	7	3	914	2964	86	27	37.418106	᾿Αθήνα,
5	1	47	1	7	4	1015	2965	8	21	92.825134	ὁ
5	1	47	1	7	5	1037	2973	19	13	93.249275	κ.
5	1	47	1	7	6	1071	2964	46	22	52.419861	Κό-
4	1	47	1	8	0	765	2999	351	27	-1	
5	1	47	1	8	1	765	3006	49	16	93.191803	στας
5	1	47	1	8	2	830	2999	66	27	75.334702	᾿Ανδρ.
5	1	47	1	8	3	928	3000	13	20	80.170876	Ἡ
5	1	47	1	8	4	956	3000	160	21	68.587975	απαδανασόπου-
4	1	47	1	9	0	763	3034	353	30	-1	
5	1	47	1	9	1	763	3034	44	24	71.928406	λος.
5	1	47	1	9	2	823	3035	39	20	91.456345	Τοῦ
5	1	47	1	9	3	875	3034	94	28	91.988342	εὐχόμεθα
5	1	47	1	9	4	985	3035	93	29	75.375343	ὀλόψυχα,
5	1	47	1	9	5	1090	3044	26	14	60.411400	χα
4	1	47	1	10	0	765	3069	255	30	-1	
5	1	47	1	10	1	765	3069	26	28	91.427620	λή
5	1	47	1	10	2	802	3070	90	29	93.094986	ἐπιτυχία
5	1	47	1	10	3	901	3070	34	22	46.816669	καί
5	1	47	1	10	4	944	3071	76	28	88.036156	πρόοδο,
2	1	48	0	0	0	1278	49	487	24	-1	
3	1	48	1	0	0	1278	49	487	24	-1	
4	1	48	1	1	0	1278	49	487	24	-1	
5	1	48	1	1	1	1278	49	57	21	93.288353	ΕΔΩ
5	1	48	1	1	2	1347	50	162	22	82.715721	ΓΕΩΡΓΙΤΣΙ!
5	1	48	1	1	3	1535	51	57	21	90.842941	ΕΔΩ
5	1	48	1	1	4	1603	51	162	22	79.523331	ΓΕΩΡΓΙΤΣΙ!
2	1	49	0	0	0	1521	192	268	41	-1	
3	1	49	1	0	0	1521	192	268	41	-1	
4	1	49	1	1	0	1521	192	268	41	-1	
5	1	49	1	1	1	1521	192	268	41	95.814911	ΔΙΑΦΟΡΑ
2	1	50	0	0	0	1174	90	260	256	-1	
3	1	50	1	0	0	1174	90	260	256	-1	
4	1	50	1	1	0	1174	90	260	256	-1	
5	1	50	1	1	1	1174	90	260	256	95.000000	 
2	1	51	0	0	0	1355	367	3	7	-1	
3	1	51	1	0	0	1355	367	3	7	-1	
4	1	51	1	1	0	1355	367	3	7	-1	
5	1	51	1	1	1	1355	367	3	7	39.473705	͵
2	1	52	0	0	0	1167	366	702	137	-1	
3	1	52	1	0	0	1167	366	702	137	-1	
4	1	52	1	1	0	1195	366	449	29	-1	
5	1	52	1	1	1	1195	366	119	27	40.114498	Ἰαθόμαστε
5	1	52	1	1	2	1325	376	35	17	89.863708	µιά
5	1	52	1	1	3	1374	367	63	28	93.271416	παρέα
5	1	52	1	1	4	1449	368	34	21	83.724716	στὀ
5	1	52	1	1	5	1498	371	91	24	63.896786	καφενεῖο
5	1	52	1	1	6	1601	369	43	21	44.358482	στόν
4	1	52	1	2	0	1167	402	702	30	-1	
5	1	52	1	2	1	1167	410	32	13	93.657791	του
5	1	52	1	2	2	1214	402	36	21	95.873085	ἀπό
5	1	52	1	2	3	1267	402	30	22	95.753151	τόν
5	1	52	1	2	4	1312	403	96	25	96.369865	πλάτανο,
5	1	52	1	2	5	1422	403	33	22	84.514389	καὶ
5	1	52	1	2	6	1470	404	180	27	22.377083	καλαμπουρίξαµε.
5	1	52	1	2	7	1665	404	101	28	90.741226	Διαλεχτό
5	1	52	1	2	8	1779	404	90	27	96.228813	πρόσωπο
4	1	52	1	3	0	1167	438	702	29	-1	
5	1	52	1	3	1	1167	439	36	24	95.918533	τῆς
5	1	52	1	3	2	1220	438	76	27	96.533134	παρέας
5	1	52	1	3	3	1309	447	39	18	93.292183	µας
5	1	52	1	3	4	1366	440	8	21	92.558022	ὁ
5	1	52	1	3	5	1393	438	116	28	87.996147	ἀείμνηστος
5	1	52	1	3	6	1535	439	83	28	31.824600	Ὑιατρύς
5	1	52	1	3	7	1632	440	87	26	92.422081	Κωστῆς
5	1	52	1	3	8	1736	440	133	26	86.724686	Γκουζούλης.
4	1	52	1	4	0	1509	475	360	28	-1	
5	1	52	1	4	1	1509	476	15	21	75.915543	τ
5	1	52	1	4	2	1538	475	68	22	85.893082	ἀστεῖα
5	1	52	1	4	3	1618	484	31	13	96.937538	του
5	1	52	1	4	4	1661	475	33	22	60.556931	καί
5	1	52	1	4	5	1710	475	20	22	93.133606	τό
5	1	52	1	4	6	1742	477	77	26	90.942459	χιοῦμορ
5	1	52	1	4	7	1831	484	38	13	96.657608	του.
2	1	53	0	0	0	1660	368	209	28	-1	
3	1	53	1	0	0	1660	368	209	28	-1	
4	1	53	1	1	0	1660	368	209	28	-1	
5	1	53	1	1	1	1660	369	161	27	0.000000	ΆΑγιοθανάση,
5	1	53	1	1	2	1836	368	33	22	92.791435	κά-
2	1	54	0	0	0	1164	473	705	342	-1	
3	1	54	1	0	0	1164	473	705	342	-1	
4	1	54	1	1	0	1167	473	329	28	-1	
5	1	54	1	1	1	1167	473	78	22	45.911976	"Ἠτανε
5	1	54	1	1	2	1257	474	94	27	61.764202	διαλεχτό
5	1	54	1	1	3	1362	474	89	27	96.322662	πρόσωπο
5	1	54	1	1	4	1463	475	33	26	96.809563	γιά
4	1	54	1	2	0	1196	509	673	29	-1	
5	1	54	1	2	1	1196	509	27	21	63.856693	Σά
5	1	54	1	2	2	1235	509	33	26	79.655243	µιά
5	1	54	1	2	3	1282	510	70	26	85.263138	στιγµή
5	1	54	1	2	4	1370	510	134	28	70.732094	Ξεπροξάλλει
5	1	54	1	2	5	1521	510	35	22	96.944283	ἀπό
5	1	54	1	2	6	1569	511	24	22	96.533585	τά
5	1	54	1	2	7	1605	511	73	21	92.057701	σκαλιά
5	1	54	1	2	8	1695	513	36	24	93.274773	τῆς
5	1	54	1	2	9	1743	511	90	24	90.900528	πλατέας
5	1	54	1	2	10	1860	512	9	21	92.947525	ὁ
4	1	54	1	3	0	1166	544	703	29	-1	
5	1	54	1	3	1	1166	544	115	28	96.223724	πατριώτης
5	1	54	1	3	2	1296	553	40	18	89.986732	µας
5	1	54	1	3	3	1347	545	23	26	80.956955	µέ
5	1	54	1	3	4	1383	545	20	22	93.268944	τό
5	1	54	1	3	5	1414	545	82	27	37.030182	χομµέ)ο
5	1	54	1	3	6	1508	546	42	27	96.335320	χέρι
5	1	54	1	3	7	1562	546	34	22	93.237968	πού
5	1	54	1	3	8	1607	546	101	22	53.574585	καθότανε
5	1	54	1	3	9	1720	546	43	22	96.006493	τότε
5	1	54	1	3	10	1778	547	46	26	87.159851	στήν
5	1	54	1	3	11	1837	547	32	20	8.981598	᾿Α-
4	1	54	1	4	0	1165	580	703	29	-1	
5	1	54	1	4	1	1165	582	76	20	77.555702	λευροῦ.
5	1	54	1	4	2	1253	580	95	25	92.308098	Μόλις
5	1	54	1	4	3	1335	576	15	36	89.534554	π
5	1	54	1	4	4	1502	581	60	22	35.496414	Χχοντά
5	1	54	1	4	5	1576	590	38	18	93.283493	µας
5	1	54	1	4	6	1625	582	75	27	51.861530	ἔθγαλε
5	1	54	1	4	7	1712	581	21	23	84.026459	τό
5	1	54	1	4	8	1744	581	73	28	18.275574	ψαθώνω
5	1	54	1	4	9	1830	590	38	19	96.775169	του,
4	1	54	1	5	0	1166	615	386	29	-1	
5	1	54	1	5	1	1166	615	60	26	85.900398	ἔκαμε
5	1	54	1	5	2	1242	616	45	26	66.939819	µιάν
5	1	54	1	5	3	1304	616	92	27	91.940987	ἐδαφιαία
5	1	54	1	5	4	1411	616	102	28	89.161102	ὑπάκλιση,
5	1	54	1	5	5	1529	627	23	11	84.869644	εἶτ
4	1	54	1	6	0	1165	650	515	30	-1	
5	1	54	1	6	1	1165	650	85	28	87.928696	χώρησε.
5	1	54	1	6	2	1268	651	51	22	92.369942	Τότε
5	1	54	1	6	3	1337	651	79	27	92.281578	ἀμέσως
5	1	54	1	6	4	1433	653	10	21	91.476341	ὁ
5	1	54	1	6	5	1458	652	82	27	56.349167	γιατρὸς
5	1	54	1	6	6	1558	655	38	24	92.678253	μᾶς
5	1	54	1	6	7	1613	652	67	28	89.978737	λέγοι:
4	1	54	1	7	0	1164	687	704	27	-1	
5	1	54	1	7	1	1164	699	28	3	0.000000	τι
5	1	54	1	7	2	1202	687	73	20	41.625565	Είδατε
5	1	54	1	7	3	1287	687	106	26	36.078892	ὑπόχλιση;
5	1	54	1	7	4	1404	688	36	24	89.506859	Μή
5	1	54	1	7	5	1451	687	87	25	72.052254	νοµίσετε
5	1	54	1	7	6	1550	687	42	25	93.248039	πώς
5	1	54	1	7	7	1603	688	52	26	92.832764	ἔγινε
5	1	54	1	7	8	1668	688	34	26	93.294273	γιά
5	1	54	1	7	9	1712	690	43	22	92.391899	σᾶς.
5	1	54	1	7	10	1768	689	39	20	93.267914	Γιά
5	1	54	1	7	11	1820	688	48	26	83.461006	µένα
4	1	54	1	8	0	1164	719	702	28	-1	
5	1	54	1	8	1	1164	719	75	23	62.424110	μοναχά
5	1	54	1	8	2	1252	719	76	23	4.677505	Ὑίνηκε.
5	1	54	1	8	3	1340	719	42	19	50.934902	Καὶ
5	1	54	1	8	4	1396	720	48	23	90.055092	ἦταν
5	1	54	1	8	5	1461	721	34	19	17.667328	σάν
5	1	54	1	8	6	1511	721	24	19	93.299988	νά
5	1	54	1	8	7	1551	721	94	25	18.583824	µοὔλεγε:
5	1	54	1	8	8	1658	721	38	20	60.038376	Τιά
5	1	54	1	8	9	1708	721	58	20	2.639938	κοίτα
5	1	54	1	8	10	1789	721	77	26	50.175976	Ὑιαπρέ.
4	1	54	1	9	0	1164	750	704	32	-1	
5	1	54	1	9	1	1164	750	28	20	54.437836	Σύ
5	1	54	1	9	2	1203	751	18	25	37.871864	μ᾿
5	1	54	1	9	3	1233	750	73	26	89.474106	ἔμαθες
5	1	54	1	9	4	1318	751	42	25	94.103699	πώς
5	1	54	1	9	5	1371	752	24	21	90.927917	νά
5	1	54	1	9	6	1407	752	54	27	91.983070	θάφω
5	1	54	1	9	7	1474	753	24	21	96.026672	τά
5	1	54	1	9	8	1508	754	80	25	60.443008	μαλλιά
5	1	54	1	9	9	1598	762	40	19	95.097420	µου,
5	1	54	1	9	10	1653	754	33	21	60.209698	καί
5	1	54	1	9	11	1702	754	53	28	93.173340	τώρα
5	1	54	1	9	12	1771	755	23	22	93.208038	τά
5	1	54	1	9	13	1807	762	61	14	47.225601	χατα-
4	1	54	1	10	0	1164	785	515	30	-1	
5	1	54	1	10	1	1164	785	63	27	86.287140	φέργω
5	1	54	1	10	2	1244	786	112	28	82.527267	καλλίτερα
5	1	54	1	10	3	1371	787	37	21	0.000000	Ἰέαι
5	1	54	1	10	4	1424	788	37	21	96.778496	ἀπὸ
5	1	54	1	10	5	1477	788	52	22	93.199165	σένα.
5	1	54	1	10	6	1546	789	77	26	81.815758	Ζήλεια
5	1	54	1	10	7	1639	790	40	21	94.957535	σου!
2	1	55	0	0	0	1343	589	129	19	-1	
3	1	55	1	0	0	1343	589	129	19	-1	
4	1	55	1	1	0	1343	589	129	19	-1	
5	1	55	1	1	1	1343	580	77	28	68.730583	πέρναγε
5	1	55	1	1	2	1436	581	36	21	69.952789	ἀπό
2	1	56	0	0	0	1188	588	23	19	-1	
3	1	56	1	0	0	1188	588	23	19	-1	
4	1	56	1	1	0	1188	588	23	19	-1	
5	1	56	1	1	1	1188	588	23	19	95.000000	 
2	1	57	0	0	0	1552	617	15	19	-1	
3	1	57	1	0	0	1552	617	15	19	-1	
4	1	57	1	1	0	1552	617	15	19	-1	
5	1	57	1	1	1	1552	617	15	19	95.000000	 
2	1	58	0	0	0	1562	617	306	28	-1	
3	1	58	1	0	0	1562	617	306	28	-1	
4	1	58	1	1	0	1562	617	306	28	-1	
5	1	58	1	1	1	1562	626	18	13	55.176567	6:
5	1	58	1	1	2	1597	617	106	28	62.243515	καλημέρα
5	1	58	1	1	3	1716	625	45	19	95.419655	σας,
5	1	58	1	1	4	1777	617	33	22	80.297287	καὶ
5	1	58	1	1	5	1825	626	43	18	91.969879	προ-
2	1	59	0	0	0	1655	702	13	7	-1	
3	1	59	1	0	0	1655	702	13	7	-1	
4	1	59	1	1	0	1655	702	13	7	-1	
5	1	59	1	1	1	1655	702	13	7	95.000000	 
2	1	60	0	0	0	1159	821	707	316	-1	
3	1	60	1	0	0	1161	821	705	170	-1	
4	1	60	1	1	0	1191	821	675	32	-1	
5	1	60	1	1	1	1191	821	26	21	85.973671	Ἡ
5	1	60	1	1	2	1230	822	69	26	33.138947	γιαγιά
5	1	60	1	1	3	1311	831	33	17	94.294746	µου
5	1	60	1	1	4	1356	823	82	27	4.839996	«ουρά»
5	1	60	1	1	5	1452	824	23	25	96.513412	τή
5	1	60	1	1	6	1490	823	76	28	72.573700	λέγαμε
5	1	60	1	1	7	1582	824	44	22	96.577652	τότε
5	1	60	1	1	8	1640	825	23	26	93.276711	τή
5	1	60	1	1	9	1675	825	79	27	81.597130	γιαγιά-
5	1	60	1	1	10	1768	826	11	26	91.857269	ἡ
5	1	60	1	1	11	1796	826	70	27	94.991348	γιαγιά
4	1	60	1	2	0	1162	856	702	33	-1	
5	1	60	1	2	1	1162	864	40	19	86.458122	µου,
5	1	60	1	2	2	1216	856	74	28	93.257034	λοιπόν,
5	1	60	1	2	3	1302	858	11	25	84.097145	ἡ
5	1	60	1	2	4	1336	859	90	27	84.097145	Φλωροῦ,
5	1	60	1	2	5	1441	859	59	26	34.886398	ἤτανε
5	1	60	1	2	6	1515	860	28	21	0.000000	Ὅιά
5	1	60	1	2	7	1555	860	137	28	86.906494	τετραπέρατη
5	1	60	1	2	8	1702	861	90	27	51.658310	γυναίκα,
5	1	60	1	2	9	1805	861	59	28	19.301727	τίμια,
4	1	60	1	3	0	1161	892	702	32	-1	
5	1	60	1	3	1	1161	892	67	27	27.026054	Ἠθωκή,
5	1	60	1	3	2	1242	893	110	28	76.310982	νοικοκυρά,
5	1	60	1	3	3	1367	894	81	27	89.590897	ἔξυπνη,
5	1	60	1	3	4	1463	896	26	20	58.523148	κι’
5	1	60	1	3	5	1508	895	126	27	85.210106	ἀγράμματη.
5	1	60	1	3	6	1648	896	80	27	86.118881	Χήρεψε
5	1	60	1	3	7	1747	896	36	22	96.656090	ἀπό
5	1	60	1	3	8	1796	897	67	27	89.074577	µικρή,
4	1	60	1	4	0	1161	924	703	53	-1	
5	1	60	1	4	1	1161	926	33	22	8.031303	καί
5	1	60	1	4	2	1212	927	30	21	95.907639	δέν
5	1	60	1	4	3	1261	924	197	51	19.133797	Ξαναπαντρόφτηκε,
5	1	60	1	4	4	1476	930	54	22	89.658737	ἀλλά
5	1	60	1	4	5	1548	930	127	47	0.000000	ααώθημα
5	1	60	1	4	6	1691	932	173	27	34.237907	παραδειγµαπικά
4	1	60	1	5	0	1161	963	354	28	-1	
5	1	60	1	5	1	1161	963	26	20	0.000000	αὶ᾿
5	1	60	1	5	2	1200	963	87	28	91.883041	ὀλόψυχα
5	1	60	1	5	3	1294	964	37	21	96.660995	στά
5	1	60	1	5	4	1341	964	44	27	95.812149	τρία
5	1	60	1	5	5	1396	973	36	18	95.246574	της
5	1	60	1	5	6	1441	965	74	22	90.160110	παιδιά.
3	1	60	2	0	0	1159	998	615	139	-1	
4	1	60	2	1	0	1191	998	555	31	-1	
5	1	60	2	1	1	1191	998	80	23	89.851875	Κάποτε
5	1	60	2	1	2	1283	999	33	27	95.698418	γιά
5	1	60	2	1	3	1327	1000	23	21	93.216301	νά
5	1	60	2	1	4	1359	1000	84	27	90.529419	ζυγιάσω
5	1	60	2	1	5	1454	1001	33	26	41.089500	τήν
5	1	60	2	1	6	1497	1001	96	25	90.582062	ἐξυπνάδα
5	1	60	2	1	7	1603	1010	36	18	96.897675	της
5	1	60	2	1	8	1649	1004	36	25	96.288834	τῆς
5	1	60	2	1	9	1694	1002	52	22	88.977600	λέω:
4	1	60	2	2	0	1159	1034	615	32	-1	
5	1	60	2	2	1	1159	1047	29	2	0.236786	---
5	1	60	2	2	2	1197	1034	63	28	61.195850	Κυρά,
5	1	60	2	2	3	1271	1035	32	21	65.257141	γιά
5	1	60	2	2	4	1314	1035	65	22	93.306244	θολά
5	1	60	2	2	5	1371	1030	15	40	93.098724	ὁ
5	1	60	2	2	6	1392	1036	103	27	87.410324	παπούλης
5	1	60	2	2	7	1507	1045	34	18	92.469193	µου
5	1	60	2	2	8	1552	1037	60	22	14.949875	ἔδαιλε
5	1	60	2	2	9	1624	1037	21	22	96.106491	τό
5	1	60	2	2	10	1655	1038	42	28	96.951912	χέρι
5	1	60	2	2	11	1709	1047	54	13	96.001991	του
5	1	60	2	2	12	1752	1039	31	21	92.056595	στό
4	1	60	2	3	0	1160	1070	636	31	-1	
5	1	60	2	3	1	1160	1069	34	27	93.288895	γιά
5	1	60	2	3	2	1208	1070	24	21	65.513199	Υά
5	1	60	2	3	3	1247	1072	31	20	93.256165	σοῦ
5	1	60	2	3	4	1291	1070	52	23	57.540070	δύχει
5	1	60	2	3	5	1356	1072	74	27	96.612366	λεφτά:
5	1	60	2	3	6	1444	1072	22	22	91.674522	τό
5	1	60	2	3	7	1477	1072	44	28	85.239006	χὲρι
5	1	60	2	3	8	1534	1072	34	22	93.139481	στό
5	1	60	2	3	9	1579	1073	79	28	18.733871	σιλάχ,
5	1	60	2	3	10	1671	1074	26	26	89.018112	µά
5	1	60	2	3	11	1709	1074	87	27	92.821358	λεφτὰ
5	1	60	2	3	12	1782	1065	18	40	92.949463	τ
4	1	60	2	4	0	1160	1106	575	31	-1	
5	1	60	2	4	1	1160	1106	42	26	26.801392	ήν
5	1	60	2	4	2	1214	1106	53	27	81.165054	ἄλλη
5	1	60	2	4	3	1276	1106	46	28	80.397545	µέρα
5	1	60	2	4	4	1333	1107	48	22	90.516747	πόσα
5	1	60	2	4	5	1391	1108	63	27	96.651306	λεφτά
5	1	60	2	4	6	1463	1108	29	21	59.840790	θά
5	1	60	2	4	7	1503	1108	54	28	93.123077	εἶχες
5	1	60	2	4	8	1566	1109	46	26	94.430031	στήν
5	1	60	2	4	9	1623	1109	62	27	85.542587	τσέπη
5	1	60	2	4	10	1693	1117	42	20	78.926804	σου;
2	1	61	0	0	0	1159	1039	704	206	-1	
3	1	61	1	0	0	1159	1039	704	206	-1	
4	1	61	1	1	0	1795	1039	68	28	-1	
5	1	61	1	1	1	1795	1039	68	28	32.753159	σιλάχι
4	1	61	1	2	0	1800	1074	4	7	-1	
5	1	61	1	2	1	1799	1074	5	16	4.111465	ῃ
4	1	61	1	3	0	1800	1076	63	21	-1	
5	1	61	1	3	1	1800	1076	63	21	18.997253	ἴποτα|
4	1	61	1	4	0	1159	1142	703	30	-1	
5	1	61	1	4	1	1159	1142	125	22	0.000000	---Ἑκονάνι
5	1	61	1	4	2	1295	1151	43	19	93.305977	µου,
5	1	61	1	4	3	1351	1143	92	27	63.718231	φχισµένο
5	1	61	1	4	4	1458	1152	42	19	93.296394	µου,
5	1	61	1	4	5	1516	1144	29	21	77.765320	δά
5	1	61	1	4	6	1558	1144	43	28	92.351509	εἶχα
5	1	61	1	4	7	1615	1145	46	22	95.753693	τόσα
5	1	61	1	4	8	1674	1145	35	22	87.109818	ὅσα
5	1	61	1	4	9	1725	1145	23	22	93.306068	θά
5	1	61	1	4	10	1765	1148	34	24	90.461800	μοῦ
5	1	61	1	4	11	1811	1147	51	22	92.580788	ἔδινε
4	1	61	1	5	0	1159	1177	197	28	-1	
5	1	61	1	5	1	1159	1177	34	26	35.488327	τήν
5	1	61	1	5	2	1211	1177	58	27	90.107346	τρίτη
5	1	61	1	5	3	1285	1178	71	27	45.411949	ἡμέρα!
4	1	61	1	6	0	1187	1213	662	11	-1	
5	1	61	1	6	1	1187	1213	28	8	0.000000	Ἠλτο,
5	1	61	1	6	2	1263	1213	4	6	4.435883	ἆ
5	1	61	1	6	3	1348	1214	7	7	0.000000	-
5	1	61	1	6	4	1446	1215	103	8	34.710091	το
5	1	61	1	6	5	1630	1217	33	6	27.599770	.
5	1	61	1	6	6	1759	1219	9	4	10.634445	-
5	1	61	1	6	7	1840	1220	9	4	0.000000	-
4	1	61	1	7	0	1197	1213	663	32	-1	
5	1	61	1	7	1	1197	1213	48	21	82.000961	Έτσι
5	1	61	1	7	2	1260	1222	66	18	25.725952	έμεινα
5	1	61	1	7	3	1343	1216	83	23	91.005417	ἄναυδος
5	1	61	1	7	4	1441	1224	35	12	96.701057	ἀπὸ
5	1	61	1	7	5	1491	1224	34	17	93.300720	τὴν
5	1	61	1	7	6	1539	1217	71	26	54.464409	ἔξυπνη
5	1	61	1	7	7	1626	1225	102	19	90.321358	ἀπάντηση
5	1	61	1	7	8	1745	1226	37	17	93.058205	τῆς
5	1	61	1	7	9	1799	1226	61	19	4.195160	χυρᾶς
2	1	62	0	0	0	1156	1250	566	26	-1	
3	1	62	1	0	0	1156	1250	566	26	-1	
4	1	62	1	1	0	1156	1250	566	26	-1	
5	1	62	1	1	1	1156	1256	36	17	86.215797	µου
5	1	62	1	1	2	1209	1250	36	24	68.558441	τῆς
5	1	62	1	1	3	1263	1250	121	26	75.882210	Φλωροῦς!!!
5	1	62	1	1	4	1519	1251	203	23	52.645424	ΜΠΙΡΜΠΙΛΗΣ
2	1	63	0	0	0	1312	1322	397	43	-1	
3	1	63	1	0	0	1312	1322	397	43	-1	
4	1	63	1	1	0	1312	1322	397	43	-1	
5	1	63	1	1	1	1312	1322	397	43	83.884117	ΦΘΙΝΟΠΩΡΟ
2	1	64	0	0	0	1273	1390	87	22	-1	
3	1	64	1	0	0	1273	1390	87	22	-1	
4	1	64	1	1	0	1273	1390	87	22	-1	
5	1	64	1	1	1	1273	1398	33	13	95.722992	σαν
5	1	64	1	1	2	1318	1390	23	22	93.287201	τά
5	1	64	1	1	3	1351	1392	9	19	92.266266	ϐ
2	1	65	0	0	0	1306	1291	521	8	-1	
3	1	65	1	0	0	1306	1291	521	8	-1	
4	1	65	1	1	0	1306	1291	521	8	-1	
5	1	65	1	1	1	1306	1291	521	8	95.000000	 
2	1	66	0	0	0	1155	1390	543	101	-1	
3	1	66	1	0	0	1157	1390	176	43	-1	
4	1	66	1	1	0	1157	1390	78	21	-1	
5	1	66	1	1	1	1157	1390	78	21	0.000000	Ἰθσυννε
4	1	66	1	2	0	1171	1424	162	9	-1	
5	1	66	1	2	1	1171	1424	4	7	0.000000	-
5	1	66	1	2	2	1284	1425	49	8	16.665726	ων
3	1	66	2	0	0	1157	1428	208	25	-1	
4	1	66	2	1	0	1157	1428	208	25	-1	
5	1	66	2	1	1	1157	1433	21	13	93.286781	τὸ
5	1	66	2	1	2	1188	1428	122	25	24.099945	πρωποδράχι
5	1	66	2	1	3	1321	1435	44	18	92.827202	ἄρχι
3	1	66	3	0	0	1155	1460	543	31	-1	
4	1	66	3	1	0	1155	1460	543	31	-1	
5	1	66	3	1	1	1155	1460	33	21	49.147282	καί
5	1	66	3	1	2	1205	1461	12	26	59.413380	ἡ
5	1	66	3	1	3	1234	1461	77	27	0.000000	Ἀύμησή
5	1	66	3	1	4	1329	1470	33	18	91.523384	µου
5	1	66	3	1	5	1374	1463	71	26	91.820328	-ὄνειρο
5	1	66	3	1	6	1457	1463	93	26	58.005657	λουσμένο
5	1	66	3	1	7	1560	1465	47	20	42.034828	9εῖα
5	1	66	3	1	8	1616	1464	82	27	79.327789	µάγεια-
2	1	67	0	0	0	1234	1389	139	28	-1	
3	1	67	1	0	0	1234	1389	139	28	-1	
4	1	67	1	1	0	1234	1389	139	28	-1	
5	1	67	1	1	1	1234	1389	38	28	95.000000	 
5	1	67	1	1	2	1363	1399	10	13	95.000000	 
2	1	68	0	0	0	1374	1391	289	63	-1	
3	1	68	1	0	0	1374	1391	289	63	-1	
4	1	68	1	1	0	1374	1391	289	30	-1	
5	1	68	1	1	1	1374	1391	40	28	49.887154	υνά,
5	1	68	1	1	2	1433	1391	102	22	84.316444	ἰσκιώσανε
5	1	68	1	1	3	1547	1392	23	22	96.760139	τά
5	1	68	1	1	4	1580	1393	83	28	65.809311	πλάγια,
4	1	68	1	2	0	1437	1427	167	27	-1	
5	1	68	1	2	1	1437	1427	45	27	46.368046	κρύο
5	1	68	1	2	2	1492	1428	112	22	44.655613	χατεθαίνει
2	1	69	0	0	0	1367	1427	83	21	-1	
3	1	69	1	0	0	1367	1427	83	21	-1	
4	1	69	1	1	0	1367	1427	83	21	-1	
5	1	69	1	1	1	1367	1427	83	21	95.000000	 
2	1	70	0	0	0	1153	1496	556	132	-1	
3	1	70	1	0	0	1153	1496	556	132	-1	
4	1	70	1	1	0	1156	1496	553	31	-1	
5	1	70	1	1	1	1156	1496	24	21	94.520630	τά
5	1	70	1	1	2	1190	1496	68	27	93.645996	χρόνια
5	1	70	1	1	3	1266	1506	35	17	93.802498	µου
5	1	70	1	1	4	1311	1497	24	22	96.625542	τά
5	1	70	1	1	5	1344	1498	81	21	0.000000	παιδικά
5	1	70	1	1	6	1435	1499	65	26	95.996727	γλυκά
5	1	70	1	1	7	1510	1499	32	21	93.201126	στό
5	1	70	1	1	8	1550	1502	32	19	0.000000	μοῦ
5	1	70	1	1	9	1593	1508	32	18	94.619942	µου
5	1	70	1	1	10	1636	1500	73	27	50.575356	φέρνει!
4	1	70	1	2	0	1158	1531	119	28	-1	
5	1	70	1	2	1	1158	1531	62	28	75.365845	Πέρα
5	1	70	1	2	2	1231	1533	46	26	96.732193	στήν
4	1	70	1	3	0	1153	1567	323	29	-1	
5	1	70	1	3	1	1153	1567	34	20	92.949402	στό
5	1	70	1	3	2	1197	1568	58	23	85.475761	τζώκι
5	1	70	1	3	3	1269	1576	40	17	94.614555	µας
5	1	70	1	3	4	1319	1569	21	20	79.163254	τό
5	1	70	1	3	5	1350	1570	88	25	87.532471	φτωχικό
5	1	70	1	3	6	1455	1579	21	17	94.443680	τρ
4	1	70	1	4	0	1154	1601	321	27	-1	
5	1	70	1	4	1	1154	1601	26	19	0.000000	ν΄
5	1	70	1	4	2	1191	1601	87	25	92.832993	ἀνάμεσά
5	1	70	1	4	3	1286	1609	40	18	88.146027	µας
5	1	70	1	4	4	1338	1602	11	25	91.234543	ἡ
5	1	70	1	4	5	1359	1602	69	26	93.290405	γιαγιά
5	1	70	1	4	6	1440	1602	35	22	58.686615	πότ
2	1	71	0	0	0	1277	1533	23	21	-1	
3	1	71	1	0	0	1277	1533	23	21	-1	
4	1	71	1	1	0	1277	1533	23	21	-1	
5	1	71	1	1	1	1277	1533	23	21	95.000000	 
2	1	72	0	0	0	1301	1535	417	29	-1	
3	1	72	1	0	0	1301	1535	417	29	-1	
4	1	72	1	1	0	1301	1535	410	24	-1	
5	1	72	1	1	1	1301	1541	38	13	9.347725	κρη
5	1	72	1	1	2	1356	1535	32	20	93.129921	τοῦ
5	1	72	1	1	3	1409	1536	60	23	79.979980	χωριοῦ,
5	1	72	1	1	4	1488	1535	35	21	87.738991	στή
5	1	72	1	1	5	1536	1535	118	22	46.624809	χαμοκέλλα
5	1	72	1	1	6	1662	1536	49	23	93.955666	µέσα
4	1	72	1	2	0	1315	1549	403	15	-1	
5	1	72	1	2	1	1315	1549	25	11	29.666656	πε
5	1	72	1	2	2	1430	1555	2	6	0.000000	ὴ
5	1	72	1	2	3	1472	1552	4	9	37.795242	΄
5	1	72	1	2	4	1521	1551	45	12	1.744141	Πω
5	1	72	1	2	5	1715	1555	3	9	16.795891	δὴ
2	1	73	0	0	0	1477	1575	47	21	-1	
3	1	73	1	0	0	1477	1575	47	21	-1	
4	1	73	1	1	0	1477	1575	47	21	-1	
5	1	73	1	1	1	1477	1575	47	21	95.000000	   
2	1	74	0	0	0	1524	1571	133	24	-1	
3	1	74	1	0	0	1524	1571	133	24	-1	
4	1	74	1	1	0	1524	1571	133	24	-1	
5	1	74	1	1	1	1524	1579	15	11	60.199745	ω
5	1	74	1	1	2	1547	1571	110	24	61.328995	µαζωμένοι
2	1	75	0	0	0	1495	1603	34	26	-1	
3	1	75	1	0	0	1495	1603	34	26	-1	
4	1	75	1	1	0	1495	1603	34	26	-1	
5	1	75	1	1	1	1495	1603	34	26	65.746147	γιά
2	1	76	0	0	0	1153	1603	613	171	-1	
3	1	76	1	0	0	1153	1603	613	171	-1	
4	1	76	1	1	0	1539	1603	177	27	-1	
5	1	76	1	1	1	1539	1603	20	21	93.282242	τό
5	1	76	1	1	2	1572	1604	66	26	45.430481	«ἄγεια
5	1	76	1	1	3	1655	1604	61	21	73.330246	λέσα»
4	1	76	1	2	0	1183	1635	500	20	-1	
5	1	76	1	2	1	1183	1635	42	7	0.000000	α-
5	1	76	1	2	2	1287	1636	34	7	0.000000	..
5	1	76	1	2	3	1386	1637	4	7	0.000000	ᾗ
5	1	76	1	2	4	1493	1640	9	3	19.743042	ο
5	1	76	1	2	5	1524	1639	8	6	0.000000	ρι
5	1	76	1	2	6	1645	1639	38	16	4.141762	ΣΙ
4	1	76	1	3	0	1153	1639	530	27	-1	
5	1	76	1	3	1	1153	1644	33	12	0.000000	Ἆαὶ
5	1	76	1	3	2	1202	1644	47	13	59.011429	πθτε
5	1	76	1	3	3	1259	1645	34	18	83.404823	γιά
5	1	76	1	3	4	1302	1645	30	13	93.278008	τὸν
5	1	76	1	3	5	1343	1639	121	25	66.823769	«ράκοντα»
5	1	76	1	3	6	1475	1646	38	18	80.864288	μᾶς
5	1	76	1	3	7	1522	1640	59	26	92.548195	ἔλεγε
5	1	76	1	3	8	1590	1648	93	18	35.785400	σχυµένη!
4	1	76	1	4	0	1153	1671	492	31	-1	
5	1	76	1	4	1	1153	1671	32	21	95.955711	Τά
5	1	76	1	4	2	1197	1671	103	28	70.581512	κεραμίδια
5	1	76	1	4	3	1310	1672	89	28	88.041397	γέλαγαν
5	1	76	1	4	4	1410	1673	56	22	90.266869	ἁπάν
5	1	76	1	4	5	1481	1675	30	20	45.114689	ἀπ
5	1	76	1	4	6	1523	1674	23	23	95.405716	τά
5	1	76	1	4	7	1558	1674	87	28	96.458794	κεφάλια
4	1	76	1	5	0	1191	1707	107	27	-1	
5	1	76	1	5	1	1191	1707	73	27	38.783947	ἄφηναν
5	1	76	1	5	2	1274	1708	24	21	92.771324	πό
4	1	76	1	6	0	1192	1743	574	31	-1	
5	1	76	1	6	1	1192	1744	28	20	17.258217	να
5	1	76	1	6	2	1237	1743	23	22	93.261360	νά
5	1	76	1	6	3	1270	1744	60	27	90.069099	θρέχη
5	1	76	1	6	4	1343	1745	23	26	96.322479	τή
5	1	76	1	6	5	1382	1745	64	27	91.791588	γωνιά
5	1	76	1	6	6	1455	1745	33	22	73.692741	καί
5	1	76	1	6	7	1501	1747	16	21	75.614380	τ’
5	1	76	1	6	8	1528	1746	51	22	92.901009	ἄλλο
5	1	76	1	6	9	1590	1746	91	27	92.351707	ἀγάλια
5	1	76	1	6	10	1672	1739	14	39	92.805016	-
5	1	76	1	6	11	1691	1747	75	27	90.597359	ἀγάλια
2	1	77	0	0	0	1153	1708	468	30	-1	
3	1	77	1	0	0	1153	1708	468	30	-1	
4	1	77	1	1	0	1153	1708	468	30	-1	
5	1	77	1	1	1	1153	1708	26	20	65.844315	κ
5	1	77	1	1	2	1330	1708	21	22	96.002953	τό
5	1	77	1	1	3	1359	1709	44	27	96.002953	νερό
5	1	77	1	1	4	1419	1709	33	22	39.115143	«καί
5	1	77	1	1	5	1461	1709	46	22	94.251335	πότε
5	1	77	1	1	6	1517	1710	31	22	93.078972	τόν
5	1	77	1	1	7	1559	1710	62	28	91.480835	ἀγέρα
2	1	78	0	0	0	1298	1717	43	13	-1	
3	1	78	1	0	0	1298	1717	43	13	-1	
4	1	78	1	1	0	1298	1717	43	13	-1	
5	1	78	1	1	1	1298	1717	43	13	95.000000	 
2	1	79	0	0	0	1147	1742	612	601	-1	
3	1	79	1	0	0	1153	1742	577	100	-1	
4	1	79	1	1	0	1153	1742	21	22	-1	
5	1	79	1	1	1	1153	1742	21	22	96.835434	τό
4	1	79	1	2	0	1153	1778	577	46	-1	
5	1	79	1	2	1	1153	1778	21	22	79.724945	τό
5	1	79	1	2	2	1186	1780	41	26	93.259560	φῶς
5	1	79	1	2	3	1238	1781	31	20	92.425812	τοῦ
5	1	79	1	2	4	1279	1780	166	28	89.899284	φτωχολύχναρου
5	1	79	1	2	5	1460	1782	23	20	96.747841	νά
5	1	79	1	2	6	1492	1781	93	43	0.000000	σπρώη)η
5	1	79	1	2	7	1595	1783	60	21	12.730042	Ἰδῶδε
5	1	79	1	2	8	1672	1783	58	27	96.010498	πέρα!
4	1	79	1	3	0	1153	1811	552	50	-1	
5	1	79	1	3	1	1153	1815	26	20	66.241776	η
5	1	79	1	3	2	1191	1811	155	50	0.000000	σερηπ/λοπούλα
5	1	79	1	3	3	1362	1816	7	7	0.000000	ἕ
5	1	79	1	3	4	1360	1819	78	22	24.320290	ἔσκουζε
5	1	79	1	3	5	1451	1817	68	28	92.933502	κάπου,
5	1	79	1	3	6	1529	1817	35	27	90.033890	µές
5	1	79	1	3	7	1574	1819	34	21	84.245277	στό
5	1	79	1	3	8	1616	1818	89	29	89.541183	σκοτάδι,
3	1	79	2	0	0	1152	1852	555	64	-1	
4	1	79	2	1	0	1153	1852	554	29	-1	
5	1	79	2	1	1	1153	1850	33	21	21.903305	καί
5	1	79	2	1	2	1205	1850	55	28	88.294289	φόδου
5	1	79	2	1	3	1273	1850	58	29	32.971275	ρἴγη
5	1	79	2	1	4	1329	1852	17	21	62.050583	μ’
5	1	79	2	1	5	1356	1852	80	21	90.964134	ἔπιαναν
5	1	79	2	1	6	1446	1852	54	22	51.879784	στό
5	1	79	2	1	7	1488	1852	75	28	11.511040	πἐνθιμ᾽
5	1	79	2	1	8	1574	1854	87	27	77.517563	ἄκουσμά
5	1	79	2	1	9	1671	1863	36	18	96.934937	της
4	1	79	2	2	0	1152	1885	527	31	-1	
5	1	79	2	2	1	1152	1885	44	22	93.236343	τότε
5	1	79	2	2	2	1213	1887	149	27	76.160103	σπρωχνόµουνα
5	1	79	2	2	3	1374	1888	94	27	44.093231	Χρυφά
5	1	79	2	2	4	1443	1881	24	39	90.245277	µέ
5	1	79	2	2	5	1481	1888	22	22	94.219864	τό
5	1	79	2	2	6	1516	1889	59	27	65.294159	μικρό
5	1	79	2	2	7	1584	1890	95	26	51.849571	σκαμνάδ,
3	1	79	3	0	0	1151	1922	608	65	-1	
4	1	79	3	1	0	1151	1922	608	31	-1	
5	1	79	3	1	1	1151	1922	43	21	59.408920	ἀκεῖ
5	1	79	3	1	2	1208	1922	57	26	93.302933	πού
5	1	79	3	1	3	1254	1918	14	39	85.666840	ἡ
5	1	79	3	1	4	1280	1922	62	26	65.207184	μάννα
5	1	79	3	1	5	1354	1923	100	22	0.000000	κάδούταν
5	1	79	3	1	6	1464	1925	26	20	68.259491	κι
5	1	79	3	1	7	1501	1924	92	28	92.510452	ἐρχόμουν
5	1	79	3	1	8	1604	1925	31	22	93.279953	πιό
5	1	79	3	1	9	1652	1925	46	27	87.828957	σιµά
5	1	79	3	1	10	1714	1927	45	26	77.866669	της!
4	1	79	3	2	0	1152	1957	469	30	-1	
5	1	79	3	2	1	1152	1957	29	21	96.402420	Τό
5	1	79	3	2	2	1189	1957	96	27	93.286774	παραμύθι
5	1	79	3	2	3	1296	1958	68	28	90.742111	ἀργά
5	1	79	3	2	4	1353	1953	14	38	91.628769	-
5	1	79	3	2	5	1370	1959	54	27	33.653069	ἀργά
5	1	79	3	2	6	1433	1960	79	27	86.280876	ἔλεγε
5	1	79	3	2	7	1502	1953	11	38	87.629517	ἡ
5	1	79	3	2	8	1524	1961	97	26	41.324364	γιαγιάχα
3	1	79	4	0	0	1151	1995	594	64	-1	
4	1	79	4	1	0	1151	1995	594	29	-1	
5	1	79	4	1	1	1151	1992	33	22	81.400185	καί
5	1	79	4	1	2	1194	1993	30	25	73.001465	τίς
5	1	79	4	1	3	1236	1993	69	27	87.485184	µατιές
5	1	79	4	1	4	1315	2002	37	18	93.125259	µας
5	1	79	4	1	5	1365	1995	99	27	26.227127	τράδαιγαν
5	1	79	4	1	6	1475	1995	23	22	93.274696	τά
5	1	79	4	1	7	1507	1995	68	28	0.000000	χελλια
5	1	79	4	1	8	1584	2004	43	19	95.769165	της,
5	1	79	4	1	9	1638	2005	23	18	30.269081	μα
5	1	79	4	1	10	1665	1998	80	26	19.776619	ηγνῆτες"
4	1	79	4	2	0	1151	2029	473	30	-1	
5	1	79	4	2	1	1151	2028	33	22	91.686684	στό
5	1	79	4	2	2	1193	2029	58	24	93.282639	τζάκι
5	1	79	4	2	3	1262	2030	129	27	90.165619	τριζοθόλαγε
5	1	79	4	2	4	1400	2031	33	21	80.898407	καὶ
5	1	79	4	2	5	1443	2031	91	25	87.831406	σπίθιζε
5	1	79	4	2	6	1530	2024	11	39	87.831406	ἡ
5	1	79	4	2	7	1555	2032	69	27	0.425995	Ἀράκα
3	1	79	5	0	0	1149	2063	594	137	-1	
4	1	79	5	1	0	1151	2063	566	32	-1	
5	1	79	5	1	1	1151	2063	33	22	88.203690	καὶ
5	1	79	5	1	2	1194	2064	76	27	92.868454	τόση]...
5	1	79	5	1	3	1287	2065	79	21	93.234116	δίπλα
5	1	79	5	1	4	1357	2059	11	40	92.203331	ἡ
5	1	79	5	1	5	1379	2066	85	27	93.150703	τηγανιά
5	1	79	5	1	6	1472	2066	24	27	90.490715	µέ
5	1	79	5	1	7	1506	2067	83	27	91.480705	φρέσκες
5	1	79	5	1	8	1602	2070	115	25	86.335609	τηγανῖτες!
4	1	79	5	2	0	1151	2100	592	31	-1	
5	1	79	5	2	1	1151	2100	73	27	83.480820	᾽Αργιά
5	1	79	5	2	2	1232	2100	34	22	86.049980	καὶ
5	1	79	5	2	3	1282	2103	41	25	92.228256	ποῦ,
5	1	79	5	2	4	1335	2102	148	26	54.991379	μπουμπουνιτιό
5	1	79	5	2	5	1492	2103	11	26	39.444405	ἤ
5	1	79	5	2	6	1513	2104	88	26	91.600914	ἀστραπή
5	1	79	5	2	7	1611	2104	33	21	93.305481	πού
5	1	79	5	2	8	1653	2104	90	27	40.206230	ἐρἾχότα»,
4	1	79	5	3	0	1150	2135	523	32	-1	
5	1	79	5	3	1	1150	2135	39	22	45.190296	εἴτε
5	1	79	5	3	2	1201	2137	96	21	7.568672	σκυλιῶνε
5	1	79	5	3	3	1307	2137	106	27	21.755371	οὐρλιαχτό
5	1	79	5	3	4	1424	2138	11	26	31.054138	ἤ
5	1	79	5	3	5	1445	2138	144	27	45.856327	κουκουξάγιας
5	1	79	5	3	6	1599	2140	74	27	40.846703	κλάμα,
4	1	79	5	4	0	1149	2171	475	29	-1	
5	1	79	5	4	1	1149	2171	131	26	91.098282	ἐσταματοῦσε
5	1	79	5	4	2	1290	2172	11	26	77.174728	ἡ
5	1	79	5	4	3	1311	2172	76	27	75.780731	γιαχιά,
5	1	79	5	4	4	1404	2174	220	26	68.814964	χιλιοσταυροκοπιόταν
3	1	79	6	0	0	1149	2206	567	66	-1	
4	1	79	6	1	0	1149	2206	567	31	-1	
5	1	79	6	1	1	1149	2207	26	20	73.903252	κι’
5	1	79	6	1	2	1186	2206	67	28	71.717690	ἄρχιζε
5	1	79	6	1	3	1263	2207	47	21	92.795731	πάλι
5	1	79	6	1	4	1320	2208	23	21	93.304916	νά
5	1	79	6	1	5	1355	2208	63	26	73.361778	µιλάη
5	1	79	6	1	6	1425	2210	79	25	91.922310	-πῶς
5	1	79	6	1	7	1483	2202	20	39	36.683445	μ᾿
5	1	79	6	1	8	1515	2210	64	27	92.158310	ἄρεσε,
5	1	79	6	1	9	1597	2210	18	21	91.818344	τί
5	1	79	6	1	10	1627	2210	89	26	3.134689	θαμα[!...
4	1	79	6	2	0	1149	2242	500	30	-1	
5	1	79	6	2	1	1149	2242	149	27	0.000000	᾿Ἠσυνηεφιάσαν
5	1	79	6	2	2	1310	2243	24	22	93.288376	τά
5	1	79	6	2	3	1344	2243	63	26	90.135750	δουνά,
5	1	79	6	2	4	1418	2244	103	22	88.569748	ἰσκιώσανε
5	1	79	6	2	5	1531	2245	24	22	93.286285	τά
5	1	79	6	2	6	1566	2246	83	26	42.040688	π]άγα.
3	1	79	7	0	0	1148	2276	456	31	-1	
4	1	79	7	1	0	1148	2276	456	31	-1	
5	1	79	7	1	1	1148	2276	21	22	87.502167	τό
5	1	79	7	1	2	1184	2278	123	28	64.386398	πρωτοθρόχι
5	1	79	7	1	3	1319	2279	76	27	60.333382	ἄρχισε]
5	1	79	7	1	4	1405	2279	22	22	88.655930	τό
5	1	79	7	1	5	1437	2279	45	28	83.105850	κρύο
5	1	79	7	1	6	1492	2280	112	22	91.155861	κατεθαίνει
3	1	79	8	0	0	1147	2312	525	31	-1	
4	1	79	8	1	0	1147	2312	525	31	-1	
5	1	79	8	1	1	1147	2312	33	21	50.955807	καί
5	1	79	8	1	2	1189	2313	12	26	82.334625	ἡ
5	1	79	8	1	3	1227	2313	78	27	35.693375	«Φύμησή
5	1	79	8	1	4	1315	2322	42	18	90.547729	µου-
5	1	79	8	1	5	1365	2314	62	28	76.801720	ὄνειρο
5	1	79	8	1	6	1436	2315	93	27	67.634262	λουσμένο
5	1	79	8	1	7	1539	2318	42	19	93.220726	θεῖα
5	1	79	8	1	8	1590	2316	82	27	70.615189	µάγεια-
2	1	80	0	0	0	1675	2354	82	21	-1	
3	1	80	1	0	0	1675	2354	82	21	-1	
4	1	80	1	1	0	1675	2354	82	21	-1	
5	1	80	1	1	1	1675	2354	82	21	95.000000	 
2	1	81	0	0	0	1147	2350	674	61	-1	
3	1	81	1	0	0	1147	2350	671	61	-1	
4	1	81	1	1	0	1147	2350	526	30	-1	
5	1	81	1	1	1	1147	2348	24	21	88.506645	τά
5	1	81	1	1	2	1186	2348	81	28	96.475960	χρόνια
5	1	81	1	1	3	1265	2357	33	13	95.177246	µου
5	1	81	1	1	4	1311	2349	23	23	96.756676	τά
5	1	81	1	1	5	1343	2350	81	22	29.835526	παιδικά
5	1	81	1	1	6	1434	2351	65	27	0.844261	γλυκά
5	1	81	1	1	7	1510	2351	35	22	89.394432	στό
5	1	81	1	1	8	1552	2354	32	19	4.168930	υοῦ
5	1	81	1	1	9	1596	2360	34	18	92.762070	µου
5	1	81	1	1	10	1638	2352	35	28	71.776123	φέρ
4	1	81	1	2	0	1481	2371	340	40	-1	
5	1	81	1	2	1	1481	2387	101	22	96.093956	ΤΑΚΗΣ
5	1	81	1	2	2	1597	2388	48	22	87.338638	ΗΛ.
5	1	81	1	2	3	1663	2371	158	40	91.426147	ΣΤΑΘΑΚΟΣ
2	1	82	0	0	0	1153	2441	692	12	-1	
3	1	82	1	0	0	1153	2441	692	12	-1	
4	1	82	1	1	0	1153	2441	692	12	-1	
5	1	82	1	1	1	1153	2441	692	12	95.000000	 
2	1	83	0	0	0	1138	2472	709	360	-1	
3	1	83	1	0	0	1202	2472	590	31	-1	
4	1	83	1	1	0	1202	2472	590	31	-1	
5	1	83	1	1	1	1202	2472	90	22	91.721985	ΛΙΤΡΟ
5	1	83	1	1	2	1300	2474	50	21	96.644485	ΓΙΑ
5	1	83	1	1	3	1358	2474	40	21	96.576515	ΤΑ
5	1	83	1	1	4	1408	2474	72	22	96.890694	ΥΓΡΑ
5	1	83	1	1	5	1491	2475	59	22	57.569611	ΑΠΟ
5	1	83	1	1	6	1564	2476	38	27	0.000000	Ἱης
5	1	83	1	1	7	1615	2476	177	23	96.368225	ΙΑΝΟΥΑΡΙΟΥ
3	1	83	2	0	0	1142	2513	705	93	-1	
4	1	83	2	1	0	1173	2513	673	34	-1	
5	1	83	2	1	1	1173	2513	36	22	92.990929	Θά
5	1	83	2	1	2	1223	2514	131	29	90.157715	καθιερωθῆ
5	1	83	2	1	3	1365	2516	38	21	91.698128	καί
5	1	83	2	1	4	1416	2516	46	27	92.492264	στή
5	1	83	2	1	5	1474	2516	68	28	96.460571	χώρα
5	1	83	2	1	6	1553	2524	47	20	95.689232	µας
5	1	83	2	1	7	1612	2518	28	21	95.689232	τό
5	1	83	2	1	8	1654	2518	74	28	93.274399	λίτρο,
5	1	83	2	1	9	1744	2519	45	22	92.939735	σάν
5	1	83	2	1	10	1804	2527	42	20	72.778694	µο-
4	1	83	2	2	0	1142	2549	705	38	-1	
5	1	83	2	2	1	1142	2549	61	22	92.724350	νάδα
5	1	83	2	2	2	1216	2549	171	30	92.975708	ὀγκομετρικῆς
5	1	83	2	2	3	1399	2552	146	28	85.958931	µετρήσεως,
5	1	83	2	2	4	1560	2553	48	21	93.295906	ἀπό
5	1	83	2	2	5	1631	2554	38	27	71.455437	Ίης
5	1	83	2	2	6	1698	2550	149	37	23.633148	᾿Ιανουαρίου.
4	1	83	2	3	0	1147	2585	59	21	-1	
5	1	83	2	3	1	1147	2585	59	21	36.110859	19681.
3	1	83	3	0	0	1140	2620	704	103	-1	
4	1	83	3	1	0	1169	2620	675	34	-1	
5	1	83	3	1	1	1169	2620	74	29	95.993874	Μέχρι
5	1	83	3	1	2	1269	2621	65	28	95.993874	τώρα
5	1	83	3	1	3	1350	2623	96	26	41.397705	µονάδα
5	1	83	3	1	4	1458	2624	136	27	86.900421	µετρήσεως
5	1	83	3	1	5	1607	2625	39	27	95.887848	γιά
5	1	83	3	1	6	1664	2625	29	22	96.958015	τά
5	1	83	3	1	7	1708	2626	64	28	91.670242	ὑγρά
5	1	83	3	1	8	1785	2625	59	29	96.552078	ἦταν
4	1	83	3	2	0	1140	2655	704	35	-1	
5	1	83	3	2	1	1140	2655	30	21	96.769768	τό
5	1	83	3	2	2	1184	2656	58	21	89.578293	κιλό.
5	1	83	3	2	3	1256	2657	81	27	93.081070	Ἐκτός
5	1	83	3	2	4	1351	2658	49	21	96.685257	ἀπό
5	1	83	3	2	5	1412	2659	30	21	93.158585	τά
5	1	83	3	2	6	1454	2659	62	27	81.850098	ὑγρά
5	1	83	3	2	7	1528	2659	109	28	40.811844	καύσιμα,
5	1	83	3	2	8	1651	2660	98	29	82.945587	δενζίνη,
5	1	83	3	2	9	1759	2659	85	31	91.583839	πετρέ-
4	1	83	3	3	0	1142	2690	514	33	-1	
5	1	83	3	3	1	1142	2690	54	24	91.567627	λαιο
5	1	83	3	3	2	1205	2692	46	21	93.225105	στά
5	1	83	3	3	3	1262	2692	75	22	77.466049	ὁποῖαι
5	1	83	3	3	4	1345	2692	46	29	93.298294	ἔχει
5	1	83	3	3	5	1399	2694	136	28	93.238281	καθιερωθεῖ
5	1	83	3	3	6	1543	2695	28	21	94.859924	τό
5	1	83	3	3	7	1579	2695	77	28	94.859924	λίτρο.
3	1	83	4	0	0	1138	2727	706	105	-1	
4	1	83	4	1	0	1168	2727	676	34	-1	
5	1	83	4	1	1	1168	2727	48	21	96.705940	Μία
5	1	83	4	1	2	1229	2727	71	28	93.295410	φιάλη
5	1	83	4	1	3	1313	2728	90	28	81.536774	λίτρου,
5	1	83	4	1	4	1415	2730	90	27	96.291626	παίρνει
5	1	83	4	1	5	1521	2730	42	22	87.537285	ἕνα
5	1	83	4	1	6	1575	2731	51	22	96.876030	κιλό
5	1	83	4	1	7	1636	2732	56	28	93.298645	νερό
5	1	83	4	1	8	1704	2733	140	28	90.945015	ἀπεσταγμέ
4	1	83	4	2	0	1139	2762	705	34	-1	
5	1	83	4	2	1	1139	2769	35	14	93.144630	νο.
5	1	83	4	2	2	1187	2762	142	25	92.328934	Ἐλαιόλαδο
5	1	83	4	2	3	1340	2764	42	21	60.212521	920
5	1	83	4	2	4	1392	2766	145	27	19.097122	γραμμάρια.
5	1	83	4	2	5	1552	2766	73	28	96.172409	Κρασί
5	1	83	4	2	6	1639	2768	52	21	43.647923	10/0
5	1	83	4	2	7	1702	2775	88	21	64.612839	γραμμ.
5	1	83	4	2	8	1804	2769	40	22	84.158241	Πε-
4	1	83	4	3	0	1138	2798	703	34	-1	
5	1	83	4	3	1	1138	2798	99	27	91.288948	τρέλαιο
5	1	83	4	3	2	1246	2799	44	21	95.180290	790
5	1	83	4	3	3	1299	2806	88	21	84.558907	γραμμ.
5	1	83	4	3	4	1400	2799	90	29	96.560196	Βενζίνη
5	1	83	4	3	5	1504	2801	43	22	95.221207	730
5	1	83	4	3	6	1557	2803	144	28	34.748291	γραμμάρια.
5	1	83	4	3	7	1714	2804	127	28	90.049026	Ὑδράργυ-
2	1	84	0	0	0	1866	54	28	2099	-1	
3	1	84	1	0	0	1866	54	28	2099	-1	
4	1	84	1	1	0	1866	54	28	2099	-1	
5	1	84	1	1	1	1866	54	28	2099	95.000000	 
2	1	85	0	0	0	1909	46	349	72	-1	
3	1	85	1	0	0	1909	46	349	72	-1	
4	1	85	1	1	0	1909	46	349	72	-1	
5	1	85	1	1	1	1909	46	349	72	95.000000	 
2	1	86	0	0	0	1911	136	350	135	-1	
3	1	86	1	0	0	1911	136	350	135	-1	
4	1	86	1	1	0	1942	136	314	28	-1	
5	1	86	1	1	1	1942	137	21	22	3.029816	Φ
5	1	86	1	1	2	1984	137	24	22	71.868103	Ὁ
5	1	86	1	1	3	2023	147	18	12	54.077156	κ.
5	1	86	1	1	4	2056	137	137	27	90.954498	ΚΩΝ)ΝΟΣ
5	1	86	1	1	5	2212	136	44	22	35.809845	Αθ.
4	1	86	1	2	0	1911	171	350	29	-1	
5	1	86	1	2	1	1911	173	150	21	91.730545	ΧΒΛΙΩΤΗΣ
5	1	86	1	2	2	2076	171	110	29	93.306183	διορίστηκε
5	1	86	1	2	3	2201	171	60	21	92.973846	ὑπάλ-
4	1	86	1	3	0	1911	208	350	27	-1	
5	1	86	1	3	1	1911	210	64	25	87.441917	ληλος
5	1	86	1	3	2	1989	208	43	21	0.000000	στὸν
5	1	86	1	3	3	2047	208	55	21	50.569382	ΟΤΕ;
5	1	86	1	3	4	2117	208	96	27	80.876465	᾿Αθηνῶν,
5	1	86	1	3	5	2228	208	33	20	96.639305	τοῦ
4	1	86	1	4	0	1911	243	349	28	-1	
5	1	86	1	4	1	1911	244	95	27	88.632973	εὐχόμεθα
5	1	86	1	4	2	2021	243	55	27	89.530052	ὑγεία
5	1	86	1	4	3	2092	243	35	22	46.008568	"καὶ
5	1	86	1	4	4	2143	243	53	26	14.824112	αλή
5	1	86	1	4	5	2213	250	47	13	93.171074	στα-
2	1	87	0	0	0	1908	279	352	382	-1	
3	1	87	1	0	0	1911	279	106	28	-1	
4	1	87	1	1	0	1911	279	106	28	-1	
5	1	87	1	1	1	1911	279	106	28	51.018486	διαδροµία.
3	1	87	2	0	0	1908	314	352	240	-1	
4	1	87	2	1	0	1943	314	315	27	-1	
5	1	87	2	1	1	1943	314	22	22	60.584591	9
5	1	87	2	1	2	1986	315	27	20	88.765305	Ἡ
5	1	87	2	1	3	2025	315	60	21	86.897980	ΝΕΑ
5	1	87	2	1	4	2094	314	81	27	90.552963	µεγάλη
5	1	87	2	1	5	2187	314	71	21	73.864792	οὔκοδο-
4	1	87	2	2	0	1910	348	350	29	-1	
5	1	87	2	2	1	1910	350	24	27	58.476402	μή
5	1	87	2	2	2	1945	352	37	20	92.995857	τῶν
5	1	87	2	2	3	1993	351	66	26	38.170433	᾿Αιφῶν
5	1	87	2	2	4	2069	350	75	27	91.999428	Σπύρου
5	1	87	2	2	5	2154	348	32	23	73.029411	καὶ
5	1	87	2	2	6	2197	349	63	21	44.058376	ΑΔα-
4	1	87	2	3	0	1911	385	347	27	-1	
5	1	87	2	3	1	1911	385	64	22	90.441605	νασίου
5	1	87	2	3	2	1989	386	15	21	80.091751	Τ.
5	1	87	2	3	3	2022	386	78	20	91.833160	Ῥασσιᾶ
5	1	87	2	3	4	2114	386	49	26	68.219559	πῆρε
5	1	87	2	3	5	2181	385	33	25	76.414749	τή»
5	1	87	2	3	6	2230	392	28	13	72.960762	τε-
4	1	87	2	4	0	1908	418	350	30	-1	
5	1	87	2	4	1	1908	421	48	26	29.308372	λωκή
5	1	87	2	4	2	1970	429	36	18	93.293808	της
5	1	87	2	4	3	2020	421	114	27	54.889069	ἐξωτερυχή
5	1	87	2	4	4	2143	420	64	28	92.356934	µορφή
5	1	87	2	4	5	2234	418	24	28	54.849098	μέ
4	1	87	2	5	0	1909	454	349	30	-1	
5	1	87	2	5	1	1909	457	33	26	93.182091	τήν
5	1	87	2	5	2	1958	456	127	28	51.035480	κεραµηδένια
5	1	87	2	5	3	2096	455	62	28	93.846634	στέγη
5	1	87	2	5	4	2169	463	43	20	93.846634	της,
5	1	87	2	5	5	2224	454	34	22	92.369675	καὶ
4	1	87	2	6	0	1909	489	349	30	-1	
5	1	87	2	6	1	1909	492	36	22	96.301018	ἀπό
5	1	87	2	6	2	1959	492	53	27	96.644096	τώρα
5	1	87	2	6	3	2027	494	70	19	93.286011	δείχνει
5	1	87	2	6	4	2117	490	93	28	68.144470	ἀρχοντιά
5	1	87	2	6	5	2224	489	34	23	70.941086	καὶ
4	1	87	2	7	0	1908	526	328	29	-1	
5	1	87	2	7	1	1908	527	166	28	40.849541	μεγαλοπρέπεια,
5	1	87	2	7	2	2098	526	138	28	69.882538	καλορρίζικη.
3	1	87	3	0	0	1916	562	344	99	-1	
4	1	87	3	1	0	1942	562	316	26	-1	
5	1	87	3	1	1	1942	563	21	21	47.684189	6
5	1	87	3	1	2	1982	563	37	21	93.293518	ΤΟ
5	1	87	3	1	3	2032	562	167	22	49.564163	ΛΕΩΦΟΡΜΗΙΟ
5	1	87	3	1	4	2211	562	47	26	48.417633	Τρ.-
4	1	87	3	2	0	1917	596	342	29	-1	
5	1	87	3	2	1	1917	598	78	25	95.244354	πόλεως
5	1	87	3	2	2	2011	598	30	21	53.281597	δέν
5	1	87	3	2	3	2056	598	79	27	92.944778	ἔρχεται
5	1	87	3	2	4	2150	596	59	22	70.943375	πλέον
5	1	87	3	2	5	2226	596	33	22	87.264435	στό
4	1	87	3	3	0	1916	633	344	28	-1	
5	1	87	3	3	1	1916	633	108	28	42.441872	Γεωργίτσι
5	1	87	3	3	2	2038	633	54	27	96.530029	λόγω
5	1	87	3	3	3	2104	635	32	19	93.296417	τοῦ
5	1	87	3	3	4	2147	640	113	19	19.159790	κατεστραμ.
2	1	88	0	0	0	2048	491	62	23	-1	
3	1	88	1	0	0	2048	491	62	23	-1	
4	1	88	1	1	0	2048	491	62	23	-1	
5	1	88	1	1	1	2048	491	62	23	95.000000	 
2	1	89	0	0	0	2045	536	22	12	-1	
3	1	89	1	0	0	2045	536	22	12	-1	
4	1	89	1	1	0	2045	536	22	12	-1	
5	1	89	1	1	1	2045	536	22	12	95.000000	 
2	1	90	0	0	0	1894	668	364	979	-1	
3	1	90	1	0	0	1917	668	147	28	-1	
4	1	90	1	1	0	1917	668	147	28	-1	
5	1	90	1	1	1	1917	669	57	26	42.839996	µένου.
5	1	90	1	1	2	1990	668	74	28	43.817719	δρόμου.
3	1	90	2	0	0	1908	702	349	97	-1	
4	1	90	2	1	0	1940	702	316	27	-1	
5	1	90	2	1	1	1940	703	21	21	64.587555	ϱ
5	1	90	2	1	2	1978	705	21	19	74.179062	Η
5	1	90	2	1	3	2010	703	157	22	90.251564	ΕΚΠΟΜΠΗ
5	1	90	2	1	4	2178	702	34	27	85.556198	γιά
5	1	90	2	1	5	2224	702	32	22	92.542458	τόν
4	1	90	2	2	0	1908	737	349	27	-1	
5	1	90	2	2	1	1908	737	74	27	68.512856	ἀγρότη
5	1	90	2	2	2	1997	737	76	26	0.000000	Ἰήνεται
5	1	90	2	2	3	2089	737	49	21	45.028721	χάθε
5	1	90	2	2	4	2164	737	93	26	49.957085	Ἰυριακή
4	1	90	2	3	0	1909	771	224	28	-1	
5	1	90	2	3	1	1909	772	42	26	92.541084	ὥρα
5	1	90	2	3	2	1960	772	12	21	87.100189	ὃ
5	1	90	2	3	3	1981	772	53	27	96.889404	παρά
5	1	90	2	3	4	2044	771	89	28	95.742409	τέταρτο.
3	1	90	3	0	0	1901	806	357	384	-1	
4	1	90	3	1	0	1925	806	332	23	-1	
5	1	90	3	1	1	1925	806	21	22	63.577820	ϱ
5	1	90	3	1	2	1967	807	185	22	72.592125	ΠΕΡΝΩΝΤΑΣ
5	1	90	3	1	3	2167	807	36	22	84.031769	ἀπό
5	1	90	3	1	4	2218	807	39	21	96.212280	Πα
4	1	90	3	2	0	1905	842	350	28	-1	
5	1	90	3	2	1	1905	842	64	28	85.563004	ράσχη
5	1	90	3	2	2	1978	842	74	28	69.911255	Ἠρύση,
5	1	90	3	2	3	2063	842	67	27	91.620865	εἴδαμε
5	1	90	3	2	4	2143	843	47	26	93.183640	στήν
5	1	90	3	2	5	2205	842	50	27	91.383064	αὐλή
4	1	90	3	3	0	1904	878	351	27	-1	
5	1	90	3	3	1	1904	880	32	20	93.283386	τοῦ
5	1	90	3	3	2	1945	879	76	26	0.000000	Γεωρή.
5	1	90	3	3	3	2033	879	48	21	45.739559	Ἠλ.
5	1	90	3	3	4	2089	878	102	27	0.000000	Γιάνγαρη
5	1	90	3	3	5	2199	878	56	22	43.336201	ἓνα...
4	1	90	3	4	0	1905	913	353	28	-1	
5	1	90	3	4	1	1905	913	85	28	58.403591	Ἰραφικό
5	1	90	3	4	2	2001	913	70	22	91.299232	Λουλά
5	1	90	3	4	3	2082	913	84	25	49.302296	καζάνια
5	1	90	3	4	4	2177	913	33	22	89.078072	καὶ
5	1	90	3	4	5	2218	915	40	20	78.900444	πολ
4	1	90	3	5	0	1906	948	351	28	-1	
5	1	90	3	5	1	1906	948	46	25	93.059204	λούς
5	1	90	3	5	2	1967	948	119	28	60.774998	περιοίκους,
5	1	90	3	5	3	2100	949	24	21	93.297592	νά
5	1	90	3	5	4	2139	948	118	26	90.257530	ἀποστάζουν
4	1	90	3	6	0	1906	983	349	28	-1	
5	1	90	3	6	1	1906	983	91	28	90.915398	τσίπουρα
5	1	90	3	6	2	2012	984	34	21	40.067711	πιαί
5	1	90	3	6	3	2063	984	25	21	81.893898	νά
5	1	90	3	6	4	2104	984	81	27	48.366859	ϐθγάζουν
5	1	90	3	6	5	2221	984	34	26	82.597290	τήν
4	1	90	3	7	0	1904	1019	351	28	-1	
5	1	90	3	7	1	1904	1019	166	28	92.227776	πατροπαράδοτη
5	1	90	3	7	2	2088	1019	97	28	50.883503	τσιπούρα.
5	1	90	3	7	3	2207	1020	48	21	20.458351	Εήθε
4	1	90	3	8	0	1905	1055	350	28	-1	
5	1	90	3	8	1	1905	1055	23	21	72.791458	νά
5	1	90	3	8	2	1943	1055	95	28	5.760567	ὑπάριχουν
5	1	90	3	8	3	2054	1055	60	22	75.985931	πάντοτε
5	1	90	3	8	4	2169	1055	86	27	76.431030	ἀμπέλια
4	1	90	3	9	0	1903	1090	351	28	-1	
5	1	90	3	9	1	1903	1090	33	22	24.427841	καί
5	1	90	3	9	2	1950	1091	24	21	93.079338	νά
5	1	90	3	9	3	1991	1091	25	26	84.670761	µή
5	1	90	3	9	4	2031	1098	121	19	32.512962	σταματήσει
5	1	90	3	9	5	2165	1090	48	23	59.588173	ποτέ
5	1	90	3	9	6	2241	1092	13	26	90.824150	ἡ
4	1	90	3	10	0	1901	1126	352	29	-1	
5	1	90	3	10	1	1901	1127	111	27	96.269836	παραγωγή
5	1	90	3	10	2	2025	1128	36	25	93.265320	τῆς
5	1	90	3	10	3	2078	1126	111	29	86.410286	τσιπούρας,
5	1	90	3	10	4	2202	1127	51	21	91.831566	ἔστω
4	1	90	3	11	0	1903	1162	278	28	-1	
5	1	90	3	11	1	1903	1162	33	22	41.085796	καὶ
5	1	90	3	11	2	1952	1162	22	26	87.224716	µέ
5	1	90	3	11	3	1989	1162	115	28	96.108025	πρωτόγονα
5	1	90	3	11	4	2126	1162	55	27	85.650932	µέσα.
3	1	90	4	0	0	1898	1197	355	312	-1	
4	1	90	4	1	0	1936	1197	317	22	-1	
5	1	90	4	1	1	1936	1197	21	22	71.541458	6
5	1	90	4	1	2	1978	1198	101	21	65.017883	ΚΟΝΤΑ
5	1	90	4	1	3	2094	1198	56	21	93.300598	ΣΤΟ
5	1	90	4	1	4	2166	1198	87	21	63.134010	ΞΤΕΝΟ-
4	1	90	4	2	0	1900	1233	352	28	-1	
5	1	90	4	2	1	1900	1233	113	28	19.936607	ΔΟΧΕΙΟ,
5	1	90	4	2	2	2027	1233	114	27	71.581680	ξεφύτρωσε
5	1	90	4	2	3	2151	1233	36	22	0.000000	)έα
5	1	90	4	2	4	2201	1233	51	27	82.573402	µεγά
4	1	90	4	3	0	1900	1268	352	28	-1	
5	1	90	4	3	1	1900	1271	28	24	91.383614	λη
5	1	90	4	3	2	1937	1269	91	26	83.116798	οἰκοδομή
5	1	90	4	3	3	2041	1270	31	21	96.929436	τοῦ
5	1	90	4	3	4	2082	1278	19	13	95.119949	κ.
5	1	90	4	3	5	2111	1268	90	28	95.119949	Μαρίνου
5	1	90	4	3	6	2213	1269	39	21	61.020832	Πα
4	1	90	4	4	0	1900	1303	351	28	-1	
5	1	90	4	4	1	1900	1304	91	27	62.303566	ράθολου,
5	1	90	4	4	2	2007	1304	36	22	94.893066	πού
5	1	90	4	4	3	2057	1303	48	27	96.670723	ἦταν
5	1	90	4	4	4	2118	1304	90	27	29.130600	μεγάλος
5	1	90	4	4	5	2222	1304	29	27	73.264008	φί-
4	1	90	4	5	0	1899	1339	352	28	-1	
5	1	90	4	5	1	1899	1342	36	22	96.157097	λος
5	1	90	4	5	2	1951	1341	31	21	93.305809	τοῦ
5	1	90	4	5	3	1993	1339	131	28	19.741531	Γεωργηιτσίου
5	1	90	4	5	4	2136	1339	33	22	47.857063	καὶ
5	1	90	4	5	5	2196	1339	55	28	95.523666	τώρα
4	1	90	4	6	0	1899	1374	350	28	-1	
5	1	90	4	6	1	1899	1375	53	26	83.923332	ἔγινε
5	1	90	4	6	2	1967	1375	97	24	78.784515	ἐχλεχτός
5	1	90	4	6	3	2097	1374	152	28	79.055725	συμπατριώτης
4	1	90	4	7	0	1899	1410	351	28	-1	
5	1	90	4	7	1	1899	1418	45	19	82.827759	µας,
5	1	90	4	7	2	1960	1411	39	21	91.553101	Τοῦ
5	1	90	4	7	3	2014	1410	99	28	82.143135	εὐχόμεδα
5	1	90	4	7	4	2126	1410	24	27	86.130989	µέ
5	1	90	4	7	5	2167	1411	83	27	24.818962	εἶλικρι-
4	1	90	4	8	0	1898	1445	352	28	-1	
5	1	90	4	8	1	1898	1448	22	23	80.626282	νῆ
5	1	90	4	8	2	1936	1446	52	27	94.019554	χαρά
5	1	90	4	8	3	2001	1446	23	21	96.633636	νά
5	1	90	4	8	4	2036	1445	90	28	54.157452	χαίρεται
5	1	90	4	8	5	2140	1446	21	21	93.188583	τὸ
5	1	90	4	8	6	2177	1447	73	26	82.797707	χαλορ-
4	1	90	4	9	0	1900	1480	173	29	-1	
5	1	90	4	9	1	1900	1480	62	29	14.877533	ρίζικο
5	1	90	4	9	2	1972	1481	52	22	94.651329	σπίτι
5	1	90	4	9	3	2035	1490	38	13	94.651329	του.
3	1	90	5	0	0	1894	1516	357	131	-1	
4	1	90	5	1	0	1928	1516	323	28	-1	
5	1	90	5	1	1	1928	1517	143	21	24.304985	ΕΚΚΙΛΗΣΗ
5	1	90	5	1	2	2082	1516	48	28	89.172829	πρός
5	1	90	5	1	3	2143	1517	44	25	93.300545	τούς
5	1	90	5	1	4	2200	1517	51	21	57.604980	ἆπαν
4	1	90	5	2	0	1899	1552	350	28	-1	
5	1	90	5	2	1	1899	1555	59	25	62.746460	ταχοῦ
5	1	90	5	2	2	1972	1552	170	27	42.757843	Γεωργιτοιάνους
5	1	90	5	2	3	2157	1552	33	22	38.198734	καί
5	1	90	5	2	4	2220	1552	29	27	64.458565	φί-
4	1	90	5	3	0	1894	1587	352	25	-1	
5	1	90	5	3	1	1894	1589	57	23	15.752182	Ἄους,
5	1	90	5	3	2	1967	1587	34	24	80.491058	γιά
5	1	90	5	3	3	2016	1587	24	24	96.306107	τή
5	1	90	5	3	4	2053	1587	84	24	10.654099	σύντομη
5	1	90	5	3	5	2151	1587	95	25	75.538834	ἀποπερά-
4	1	90	5	4	0	1898	1619	352	28	-1	
5	1	90	5	4	1	1898	1628	53	18	77.749069	πωση
5	1	90	5	4	2	1962	1621	31	21	96.904167	τοῦ
5	1	90	5	4	3	2005	1619	134	28	80.030930	Ξενοδοχείου,
5	1	90	5	4	4	2149	1620	34	22	86.679077	ἕνα
5	1	90	5	4	5	2192	1619	58	28	15.945503	µηκρό
2	1	91	0	0	0	2114	1064	34	17	-1	
3	1	91	1	0	0	2114	1064	34	17	-1	
4	1	91	1	1	0	2114	1064	34	17	-1	
5	1	91	1	1	1	2114	1064	34	17	95.000000	 
2	1	92	0	0	0	2067	1454	32	19	-1	
3	1	92	1	0	0	2067	1454	32	19	-1	
4	1	92	1	1	0	2067	1454	32	19	-1	
5	1	92	1	1	1	2067	1454	32	19	95.000000	 
2	1	93	0	0	0	1898	1655	83	28	-1	
3	1	93	1	0	0	1898	1655	83	28	-1	
4	1	93	1	1	0	1898	1655	83	28	-1	
5	1	93	1	1	1	1898	1655	83	28	0.000000	δωράκι.
2	1	94	0	0	0	1897	1701	350	8	-1	
3	1	94	1	0	0	1897	1701	350	8	-1	
4	1	94	1	1	0	1897	1701	350	8	-1	
5	1	94	1	1	1	1897	1701	350	8	95.000000	 
2	1	95	0	0	0	1889	1733	358	601	-1	
3	1	95	1	0	0	1893	1733	354	353	-1	
4	1	95	1	1	0	1954	1733	240	21	-1	
5	1	95	1	1	1	1954	1733	240	21	84.065437	ΕΥΧΑΡΙΣΤΗΡΙΟΝ
4	1	95	1	2	0	1927	1774	320	27	-1	
5	1	95	1	2	1	1927	1775	20	20	80.082237	Ἡ
5	1	95	1	2	2	1961	1774	55	25	17.586533	ἄντας
5	1	95	1	2	3	2033	1774	44	25	94.962219	τούς
5	1	95	1	2	4	2090	1775	44	21	52.862198	καθ)
5	1	95	1	2	5	2148	1774	99	27	55.859779	οἱο)δήπο-
4	1	95	1	3	0	1933	1810	314	27	-1	
5	1	95	1	3	1	1933	1810	76	26	62.338226	τρόπον,
5	1	95	1	3	2	2025	1810	161	27	70.646004	συμμτασχόντας
5	1	95	1	3	3	2217	1810	30	24	65.697098	εἰς
4	1	95	1	4	0	1934	1845	313	28	-1	
5	1	95	1	4	1	1934	1845	107	28	92.210587	θαρύταπον
5	1	95	1	4	2	2057	1845	71	25	96.417282	πένθος
5	1	95	1	4	3	2142	1854	46	19	96.156097	µας,
5	1	95	1	4	4	2216	1845	31	22	94.085327	ἐπί
4	1	95	1	5	0	1935	1867	311	40	-1	
5	1	95	1	5	1	1935	1867	82	35	38.787056	ο
5	1	95	1	5	2	2030	1883	36	24	93.277840	τῆς
5	1	95	1	5	3	2080	1881	125	26	91.583214	ἀειμνήστου:
5	1	95	1	5	4	2216	1890	30	12	90.295418	συ-
4	1	95	1	6	0	1895	1916	297	28	-1	
5	1	95	1	6	1	1895	1916	63	28	69.888702	ζόγου,
5	1	95	1	6	2	1973	1916	109	28	48.736897	Φυγατρός,
5	1	95	1	6	3	2108	1916	84	28	41.391747	μητρός,
4	1	95	1	7	0	1895	1952	349	28	-1	
5	1	95	1	7	1	1895	1954	82	25	90.599358	δελφῆς,
5	1	95	1	7	2	2007	1952	56	25	92.708206	θείας
5	1	95	1	7	3	2092	1952	33	22	12.972641	πα
5	1	95	1	7	4	2153	1953	91	27	87.206917	ἀνηψιᾶς,
4	1	95	1	8	0	1893	1988	351	22	-1	
5	1	95	1	8	1	1893	1988	234	21	32.215973	ΚΩΝΣΓΡΑΝΠΙΝΑΣ
5	1	95	1	8	2	2142	1988	23	22	91.543671	Δ.
5	1	95	1	8	3	2181	1988	63	21	32.987297	ΒΑ:
4	1	95	1	9	0	1894	2023	350	28	-1	
5	1	95	1	9	1	1894	2023	86	28	47.236019	ΔΑΚΗ.
5	1	95	1	9	2	1995	2023	21	22	86.312660	τὸ
5	1	95	1	9	3	2030	2023	58	27	93.685829	γένος
5	1	95	1	9	4	2117	2023	127	27	86.970978	Σπυρίδωνος
4	1	95	1	10	0	1894	2058	350	28	-1	
5	1	95	1	10	1	1894	2058	86	28	0.000000	Τσίχλη,
5	1	95	1	10	2	2004	2058	116	28	40.393097	ΦΔερµότατα
5	1	95	1	10	3	2130	2059	114	27	92.855515	εὐχαριστοῦ
3	1	95	2	0	0	1892	2129	350	64	-1	
4	1	95	2	1	0	1922	2129	291	27	-1	
5	1	95	2	1	1	1922	2130	24	21	8.089180	ἵὉ
5	1	95	2	1	2	1956	2130	81	26	94.833588	σύζυγος
5	1	95	2	1	3	2046	2130	52	26	92.730194	Δημ.
5	1	95	2	1	4	2107	2129	106	27	64.241486	Βαϊδάκης
4	1	95	2	2	0	1892	2164	350	29	-1	
5	1	95	2	2	1	1892	2165	24	21	93.219078	Οἱ
5	1	95	2	2	2	1927	2167	65	25	47.304352	γονεῖς
5	1	95	2	2	3	2002	2166	53	27	92.912766	Σπυρ
5	1	95	2	2	4	2066	2165	33	22	62.188374	καί
5	1	95	2	2	5	2114	2164	128	28	45.311733	Παναγιώτα
3	1	95	3	0	0	2031	2200	81	28	-1	
4	1	95	3	1	0	2031	2200	81	28	-1	
5	1	95	3	1	1	2031	2200	81	28	44.940533	Πσίχλη
3	1	95	4	0	0	1889	2235	352	99	-1	
4	1	95	4	1	0	1892	2235	349	28	-1	
5	1	95	4	1	1	1892	2235	29	22	94.098579	Τό
5	1	95	4	1	2	1935	2235	56	22	95.190567	παιδί
5	1	95	4	1	3	2005	2244	36	19	92.284538	της
5	1	95	4	1	4	2057	2235	64	23	85.417892	Ἰωάν.
5	1	95	4	1	5	2135	2235	106	28	40.978222	Βαϊδάκης
4	1	95	4	2	0	1890	2271	350	28	-1	
5	1	95	4	2	1	1890	2271	25	22	93.283844	Οἱ
5	1	95	4	2	2	1928	2271	81	27	91.724304	ἀδελφοί
5	1	95	4	2	3	2022	2286	8	2	92.545036	-
5	1	95	4	2	4	2040	2271	33	22	61.129612	Τά
5	1	95	4	2	5	2085	2272	71	27	92.225189	ἀνήψια
5	1	95	4	2	6	2166	2285	8	3	92.982635	-
5	1	95	4	2	7	2185	2272	55	21	89.180603	Θεῖοι
4	1	95	4	3	0	1889	2307	307	27	-1	
5	1	95	4	3	1	1889	2308	59	20	87.268394	θεῖαι
5	1	95	4	3	2	1959	2321	8	2	92.399155	-
5	1	95	4	3	3	1977	2307	24	21	95.502266	Οἱ
5	1	95	4	3	4	2011	2307	65	22	93.295380	λοιποί
5	1	95	4	3	5	2085	2309	111	25	80.317001	συγγενεῖς.
2	1	96	0	0	0	2226	1917	19	21	-1	
3	1	96	1	0	0	2226	1917	19	21	-1	
4	1	96	1	1	0	2226	1917	19	21	-1	
5	1	96	1	1	1	2226	1917	19	21	80.444984	ᾱ-
2	1	97	0	0	0	1891	2364	347	8	-1	
3	1	97	1	0	0	1891	2364	347	8	-1	
4	1	97	1	1	0	1891	2364	347	8	-1	
5	1	97	1	1	1	1891	2364	347	8	95.000000	 
2	1	98	0	0	0	1899	2396	338	131	-1	
3	1	98	1	0	0	1899	2396	338	131	-1	
4	1	98	1	1	0	1901	2396	334	22	-1	
5	1	98	1	1	1	1901	2396	132	21	70.498322	ΚΑΦΒΑΗΣ
5	1	98	1	1	2	2044	2396	191	22	83.573463	ΚΑΡΑΒΟΥΛΙΑ
4	1	98	1	2	0	1899	2431	338	22	-1	
5	1	98	1	2	1	1899	2431	81	21	45.318748	ΤΡΩΡ.
5	1	98	1	2	2	1990	2432	26	20	84.368576	Η.
5	1	98	1	2	3	2029	2432	208	21	81.221794	ΚΑΡΑΒΟΥΛΙΑΙΣ
4	1	98	1	3	0	1924	2465	285	27	-1	
5	1	98	1	3	1	1924	2465	152	27	34.068619	Αριστοτέλους
5	1	98	1	3	2	2086	2466	27	21	50.472034	64
5	1	98	1	3	3	2123	2466	86	26	69.592476	᾿Αθῆναι
4	1	98	1	4	0	1973	2501	186	26	-1	
5	1	98	1	4	1	1973	2501	53	26	51.451420	Τηλ.
5	1	98	1	4	2	2044	2501	115	22	78.992645	89.19.49
2	1	99	0	0	0	1889	2559	347	6	-1	
3	1	99	1	0	0	1889	2559	347	6	-1	
4	1	99	1	1	0	1889	2559	347	6	-1	
5	1	99	1	1	1	1889	2559	347	6	95.000000	 
2	1	100	0	0	0	1887	2591	349	234	-1	
3	1	100	1	0	0	1887	2591	349	234	-1	
4	1	100	1	1	0	1934	2591	261	22	-1	
5	1	100	1	1	1	1934	2591	72	21	91.689560	ΑΦΟΙ
5	1	100	1	1	2	2024	2591	171	22	85.196548	ΔΙΑΜΑΝΤΟΙ
4	1	100	1	2	0	1899	2626	334	22	-1	
5	1	100	1	2	1	1899	2626	85	21	95.476685	ΛΕΩΦ.
5	1	100	1	2	2	2003	2626	230	22	95.403389	ΒΟΥΛΙΑΓΜΕΝΗΣ
4	1	100	1	3	0	1945	2661	240	22	-1	
5	1	100	1	3	1	1945	2661	43	21	57.111549	599
5	1	100	1	3	2	1999	2662	186	21	91.565056	ΗΛΙΟΥΠΟΛΙΣ
4	1	100	1	4	0	1904	2696	322	23	-1	
5	1	100	1	4	1	1904	2696	115	21	90.022606	ΑΘΗΝΑΙ
5	1	100	1	4	2	2032	2697	65	21	93.272827	ΤΗΛ.
5	1	100	1	4	3	2109	2697	117	22	59.795486	29.15.672
4	1	100	1	5	0	1895	2731	341	23	-1	
5	1	100	1	5	1	1895	2731	178	22	92.075882	ΦΩΤΙΣΤΙΚΑ-
5	1	100	1	5	2	2084	2733	152	21	91.878250	ΚΡΥΣΤΙΑΛΑ
4	1	100	1	6	0	1903	2767	320	23	-1	
5	1	100	1	6	1	1903	2767	197	22	41.508141	ΠΟΡΣΕΛΑΝΕΣ
5	1	100	1	6	2	2107	2780	9	3	90.013268	-
5	1	100	1	6	3	2123	2768	100	22	40.628067	ΔΙΑΚΟ:
4	1	100	1	7	0	1887	2802	336	23	-1	
5	1	100	1	7	1	1887	2802	151	22	91.101463	ΣΜΗΤΙΚΑ-
5	1	100	1	7	2	2046	2803	94	22	91.173538	ΔΩΡΑ-
5	1	100	1	7	3	2152	2804	71	21	96.855019	ΕΙΔΗ
2	1	101	0	0	0	1887	2882	300	6	-1	
3	1	101	1	0	0	1887	2882	300	6	-1	
4	1	101	1	1	0	1887	2882	300	6	-1	
5	1	101	1	1	1	1887	2882	300	6	95.000000	 
2	1	102	0	0	0	1140	2872	1047	21	-1	
3	1	102	1	0	0	1140	2872	1047	21	-1	
4	1	102	1	1	0	1140	2872	1047	21	-1	
5	1	102	1	1	1	1140	2872	1047	21	95.000000	 
2	1	103	0	0	0	1139	2834	1085	132	-1	
3	1	103	1	0	0	1139	2834	1085	132	-1	
4	1	103	1	1	0	1139	2834	1047	27	-1	
5	1	103	1	1	1	1139	2840	53	21	81.129738	ρο...
5	1	103	1	1	2	1214	2834	68	25	78.788147	13,59.
5	1	103	1	1	3	1896	2837	142	22	55.898762	ΟΙΚΙΑΚΗΣ
5	1	103	1	1	4	2046	2838	140	23	96.152351	ΧΡΗΣΕΩΣ.
4	1	103	1	2	0	1429	2900	679	29	-1	
5	1	103	1	2	1	1429	2900	127	22	92.671623	ΚΑΣΤΟΡΙ
5	1	103	1	2	2	2015	2908	93	21	37.706535	ΡΡΒΟΡΘ
4	1	103	1	3	0	1168	2932	1056	34	-1	
5	1	103	1	3	1	1168	2932	24	21	69.156525	Ὁ
5	1	103	1	3	2	1208	2933	111	27	52.441727	ἐργολάθος
5	1	103	1	3	3	1334	2934	106	27	83.127258	οἰκοδομῶν
5	1	103	1	3	4	1457	2945	18	12	92.334808	κ.
5	1	103	1	3	5	1490	2936	51	26	0.000000	Ἀπμ,
5	1	103	1	3	6	1555	2937	172	26	67.688797	Γιαννακόπουλος
5	1	103	1	3	7	1744	2938	97	28	42.973763	ἀπέκτησε|
5	1	103	1	3	8	1892	2942	175	22	24.252045	ΚΡΥΣΡΑΙΛΑ
5	1	103	1	3	9	2059	2934	14	38	64.920227	-
5	1	103	1	3	10	2081	2944	143	22	42.655464	ΠΟΡΣΕΛΑ.
2	1	104	0	0	0	1143	2968	64	7	-1	
3	1	104	1	0	0	1143	2968	64	7	-1	
4	1	104	1	1	0	1143	2968	64	7	-1	
5	1	104	1	1	1	1143	2968	4	6	18.580307	.
5	1	104	1	1	2	1203	2968	4	7	42.413002	ῃ
2	1	105	0	0	0	1138	2967	629	96	-1	
3	1	105	1	0	0	1138	2967	629	96	-1	
4	1	105	1	1	0	1138	2967	629	33	-1	
5	1	105	1	1	1	1138	2967	37	22	7.896286	ὡπό
5	1	105	1	1	2	1186	2977	33	17	93.054771	τήν
5	1	105	1	1	3	1231	2968	50	28	84.883408	χόρη
5	1	105	1	1	4	1294	2978	31	13	96.891754	του
5	1	105	1	1	5	1339	2969	22	23	81.467644	τὸ
5	1	105	1	1	6	1376	2972	65	25	93.032310	πρῶτο
5	1	105	1	1	7	1453	2971	92	27	89.035675	ἐγγονάκι
5	1	105	1	1	8	1558	2981	39	19	96.336098	του,
5	1	105	1	1	9	1613	2973	23	21	91.493111	νά
5	1	105	1	1	10	1648	2973	45	25	95.780670	τούς
5	1	105	1	1	11	1707	2974	60	26	34.423203	ζήσει.
4	1	105	1	2	0	1324	3006	337	24	-1	
5	1	105	1	2	1	1324	3006	84	21	89.499939	ΑΡΙΟΣ
5	1	105	1	2	2	1425	3007	236	23	64.436272	ΚΩΝΣΤΑΝΤΙΝΟΣ
4	1	105	1	3	0	1233	3040	205	23	-1	
5	1	105	1	3	1	1233	3040	94	22	80.257629	2911-80.
5	1	105	1	3	2	1343	3041	95	22	92.379837	ἀπεβίωσε
2	1	106	0	0	0	1431	3051	40	13	-1	
3	1	106	1	0	0	1431	3051	40	13	-1	
4	1	106	1	1	0	1431	3051	40	13	-1	
5	1	106	1	1	1	1431	3051	40	13	95.000000	 
2	1	107	0	0	0	1475	3043	366	30	-1	
3	1	107	1	0	0	1475	3043	366	30	-1	
4	1	107	1	1	0	1475	3043	366	30	-1	
5	1	107	1	1	1	1475	3051	9	16	93.203354	ς
5	1	107	1	1	2	1503	3043	49	27	35.540649	“Αγ.
5	1	107	1	1	3	1569	3044	93	27	7.887428	Γζων)νο
5	1	107	1	1	4	1680	3045	11	26	84.810028	ἡ
5	1	107	1	1	5	1711	3046	130	27	76.335693	Παναγιώτα
2	1	108	0	0	0	1128	475	33	2624	-1	
3	1	108	1	0	0	1128	475	33	2624	-1	
4	1	108	1	1	0	1128	475	33	2624	-1	
5	1	108	1	1	1	1128	475	33	2624	95.000000	 
2	1	109	0	0	0	1413	3065	60	39	-1	
3	1	109	1	0	0	1413	3065	60	39	-1	
4	1	109	1	1	0	1413	3065	60	39	-1	
5	1	109	1	1	1	1413	3065	60	39	95.000000	 
2	1	110	0	0	0	1138	3039	556	68	-1	
3	1	110	1	0	0	1138	3039	556	68	-1	
4	1	110	1	1	0	1187	3039	30	25	-1	
5	1	110	1	1	1	1187	3039	30	25	96.087418	τίς
4	1	110	1	2	0	1138	3040	556	67	-1	
5	1	110	1	2	1	1138	3040	57	63	17.337677	ο.
5	1	110	1	2	2	1192	3077	23	20	46.773598	νᾶ
5	1	110	1	2	3	1227	3076	48	21	92.575920	ἐτῶν
5	1	110	1	2	4	1285	3076	34	23	80.118759	96.
5	1	110	1	2	5	1329	3077	82	22	0.000000	υλλυπι
5	1	110	1	2	6	1477	3086	11	13	52.527916	4
5	1	110	1	2	7	1498	3078	44	26	93.304802	τούς
5	1	110	1	2	8	1555	3079	84	26	67.680611	οἴχείους
5	1	110	1	2	9	1651	3088	43	19	95.422676	της.
2	1	111	0	0	0	1857	54	35	3054	-1	
3	1	111	1	0	0	1857	54	35	3054	-1	
4	1	111	1	1	0	1857	54	35	3054	-1	
5	1	111	1	1	1	1857	54	35	3054	95.000000	 
2	1	112	0	0	0	1890	2977	344	101	-1	
3	1	112	1	0	0	1890	2977	344	101	-1	
4	1	112	1	1	0	1891	2977	242	25	-1	
5	1	112	1	1	1	1891	2977	50	21	66.564301	ΝΑΙ
5	1	112	1	1	2	1951	2991	7	2	66.564301	-
5	1	112	1	1	3	1968	2978	165	24	95.292221	ΦΩΤΙΣΤΙΚΑ.
4	1	112	1	2	0	1890	3012	344	25	-1	
5	1	112	1	2	1	1890	3012	92	22	43.219048	ΡΕΠΟΡΘ
5	1	112	1	2	2	1995	3013	116	23	83.876312	ΥΑΛΙΚΑ,
5	1	112	1	2	3	2124	3015	85	22	95.011681	Σταδίου
5	1	112	1	2	4	2221	3016	13	21	74.793839	4
4	1	112	1	3	0	1903	3047	306	31	-1	
5	1	112	1	3	1	1903	3047	29	22	92.552750	Τό
5	1	112	1	3	2	1942	3048	139	28	92.807961	ὑπερσύγχρονο
5	1	112	1	3	3	2091	3051	118	27	27.040962	κατάστημα
2	1	113	0	0	0	1982	3084	153	23	-1	
3	1	113	1	0	0	1982	3084	153	23	-1	
4	1	113	1	1	0	1982	3084	153	23	-1	
5	1	113	1	1	1	1982	3084	123	23	67.012459	ΣΤΑΔΙΟΥ
5	1	113	1	1	2	2123	3086	12	21	95.303223	4
