level	page_num	block_num	par_num	line_num	word_num	left	top	width	height	conf	text
1	1	0	0	0	0	0	0	2339	3147	-1	
2	1	1	0	0	0	67	116	645	44	-1	
3	1	1	1	0	0	67	116	645	44	-1	
4	1	1	1	1	0	67	116	645	44	-1	
5	1	1	1	1	1	67	116	105	34	95.000000	 
5	1	1	1	1	2	324	116	388	44	95.000000	  
2	1	2	0	0	0	99	113	321	78	-1	
3	1	2	1	0	0	99	113	321	76	-1	
4	1	2	1	1	0	162	113	162	36	-1	
5	1	2	1	1	1	162	113	162	36	0.000000	“ΡΩΡΠΙΤΣΙ
4	1	2	1	2	0	99	159	321	32	-1	
5	1	2	1	2	1	99	163	177	21	44.614773	ΠΕΝΝΗΣΕΙΣ:
5	1	2	1	2	2	308	164	29	21	37.479172	Τό
5	1	2	1	2	3	351	159	69	32	0.000000	ἕεδγος
2	1	3	0	0	0	70	197	350	29	-1	
3	1	3	1	0	0	70	197	350	29	-1	
4	1	3	1	1	0	70	197	350	29	-1	
5	1	3	1	1	1	70	197	90	22	89.097015	Ἰωάννου
5	1	3	1	1	2	170	198	131	27	27.824936	ΙΚαλαντζη
5	1	3	1	1	3	293	199	97	27	36.189838	ἀπέχτησε
5	1	3	1	1	4	401	201	19	20	76.252014	ᾱ-
2	1	4	0	0	0	770	117	341	50	-1	
3	1	4	1	0	0	770	117	341	50	-1	
4	1	4	1	1	0	770	117	341	50	-1	
5	1	4	1	1	1	770	117	96	40	89.693481	᾿Εδῶ
5	1	4	1	1	2	882	119	229	48	25.317551	Γιωργίτσι!
2	1	5	0	0	0	68	241	349	104	-1	
3	1	5	1	0	0	68	241	349	92	-1	
4	1	5	1	1	0	70	241	79	19	-1	
5	1	5	1	1	1	70	233	79	27	39.683842	Ὑορώνκι.
4	1	5	1	2	0	68	269	349	27	-1	
5	1	5	1	2	1	68	281	28	2	30.945709	-
5	1	5	1	2	2	114	269	26	20	60.973057	Ἡ
5	1	5	1	2	3	154	278	17	12	93.668121	κ.
5	1	5	1	2	4	187	269	111	27	43.422676	Αγγελική
5	1	5	1	2	5	314	270	103	22	53.644806	Ἠλιάδου-
4	1	5	1	3	0	68	304	348	41	-1	
5	1	5	1	3	1	68	304	101	41	35.638878	ας
5	1	5	1	3	2	170	304	57	21	80.092491	ούλου
5	1	5	1	3	3	242	305	115	28	95.621750	φιλόλογος,
5	1	5	1	3	4	383	307	33	20	95.491287	πού
2	1	6	0	0	0	99	298	7	27	-1	
3	1	6	1	0	0	99	298	7	27	-1	
4	1	6	1	1	0	99	298	7	27	-1	
5	1	6	1	1	1	99	298	7	27	95.000000	 
2	1	7	0	0	0	66	347	132	19	-1	
3	1	7	1	0	0	66	347	132	19	-1	
4	1	7	1	1	0	66	347	132	19	-1	
5	1	7	1	1	1	66	338	132	28	77.551521	ὑπηρέτησε
5	1	7	1	1	2	185	334	15	36	91.925415	σ
2	1	8	0	0	0	280	368	100	35	-1	
3	1	8	1	0	0	280	368	100	35	-1	
4	1	8	1	1	0	280	368	100	35	-1	
5	1	8	1	1	1	280	368	100	35	95.000000	 
2	1	9	0	0	0	64	374	234	63	-1	
3	1	9	1	0	0	64	374	234	63	-1	
4	1	9	1	1	0	65	374	233	29	-1	
5	1	9	1	1	1	65	374	83	27	49.510857	Σπάρτη
5	1	9	1	1	2	169	375	74	27	0.000000	ἀρνοπά
5	1	9	1	1	3	258	384	40	19	86.238037	χρόν
4	1	9	1	2	0	64	409	162	28	-1	
5	1	9	1	2	1	64	418	21	12	93.230110	σε
5	1	9	1	2	2	97	409	34	23	74.631386	στὀ
5	1	9	1	2	3	144	410	82	27	94.992783	Φάληρο
2	1	10	0	0	0	67	480	179	29	-1	
3	1	10	1	0	0	67	480	179	29	-1	
4	1	10	1	1	0	85	480	132	8	-1	
5	1	10	1	1	1	85	480	37	7	9.127693	ρα
5	1	10	1	1	2	213	483	4	5	0.000000	ς
4	1	10	1	2	0	67	482	179	27	-1	
5	1	10	1	2	1	67	489	24	12	93.194168	τά
5	1	10	1	2	2	100	482	99	27	79.095894	θώπτισαν,
5	1	10	1	2	3	211	491	8	13	93.183090	ὁ
5	1	10	1	2	4	229	491	17	13	53.019615	κ.
2	1	11	0	0	0	50	551	354	408	-1	
3	1	11	1	0	0	50	551	354	395	-1	
4	1	11	1	1	0	65	551	115	27	-1	
5	1	11	1	1	1	65	551	115	27	90.232574	Διαμαντῆς
4	1	11	1	2	0	63	586	130	28	-1	
5	1	11	1	2	1	63	593	24	19	55.288498	νη
5	1	11	1	2	2	98	599	7	3	75.441818	-
5	1	11	1	2	3	117	586	76	28	83.902214	Μαρία.
4	1	11	1	3	0	61	621	71	27	-1	
5	1	11	1	3	1	61	621	71	27	41.069313	συγχαί,
4	1	11	1	4	0	108	657	130	26	-1	
5	1	11	1	4	1	108	659	19	17	0.000000	ἴς
5	1	11	1	4	2	145	657	33	22	45.766571	καί
5	1	11	1	4	3	194	658	44	25	96.006821	τούς
4	1	11	1	5	0	50	682	184	41	-1	
5	1	11	1	5	1	50	682	66	41	1.046448	ο...
5	1	11	1	5	2	162	693	72	20	0.000000	ντα
4	1	11	1	6	0	54	712	128	27	-1	
5	1	11	1	6	1	54	719	27	20	16.487671	χα
5	1	11	1	6	2	91	712	24	21	90.153442	νά
5	1	11	1	6	3	125	717	57	21	32.609390	γανρ.
4	1	11	1	7	0	52	744	140	25	-1	
5	1	11	1	7	1	52	744	73	25	38.198929	στάρια
5	1	11	1	7	2	141	750	51	16	82.960373	τους,
4	1	11	1	8	0	80	777	187	21	-1	
5	1	11	1	8	1	80	777	187	21	77.658783	ΑΡΕΑΒΩΝΗΣ:
4	1	11	1	9	0	115	780	285	59	-1	
5	1	11	1	9	1	115	813	42	21	80.410683	Αν.
5	1	11	1	9	2	174	780	157	59	0.000000	ωμδιο
5	1	11	1	9	3	351	808	59	31	31.915749	προν-
4	1	11	1	10	0	53	847	349	27	-1	
5	1	11	1	10	1	53	848	93	26	36.110878	στόµεης
5	1	11	1	10	2	176	848	98	21	35.209213	ΚΑΔΕΚΥ
5	1	11	1	10	3	306	847	96	27	19.012444	ὙΧπάρτης
4	1	11	1	11	0	52	882	351	28	-1	
5	1	11	1	11	1	52	883	32	22	70.244995	χαί
5	1	11	1	11	2	96	884	11	26	87.300179	ἡ
5	1	11	1	11	3	119	886	16	19	90.436111	δ.
5	1	11	1	11	4	147	882	101	28	92.614029	Κατερίνα
5	1	11	1	11	5	264	884	85	20	0.791412	Χαλικιά
5	1	11	1	11	6	360	886	43	24	44.575218	προῖ
4	1	11	1	12	0	51	919	353	40	-1	
5	1	11	1	12	1	51	919	85	26	65.953293	σταµένη
5	1	11	1	12	2	151	920	36	25	93.300720	τῆς
5	1	11	1	12	3	199	920	141	26	25.620209	παιδιατρηκῆς
5	1	11	1	12	4	353	919	51	40	2.990532	ο,
2	1	12	0	0	0	217	588	26	21	-1	
3	1	12	1	0	0	217	588	26	21	-1	
4	1	12	1	1	0	217	588	26	21	-1	
5	1	12	1	1	1	217	588	26	21	86.556061	Ἡ
2	1	13	0	0	0	147	623	149	27	-1	
3	1	13	1	0	0	147	623	149	27	-1	
4	1	13	1	1	0	147	623	149	27	-1	
5	1	13	1	1	1	147	640	15	4	9.326393	6!
5	1	13	1	1	2	176	623	61	27	54.351707	θερμά
5	1	13	1	1	3	253	624	43	24	96.796455	τούς
2	1	14	0	0	0	130	630	13	19	-1	
3	1	14	1	0	0	130	630	13	19	-1	
4	1	14	1	1	0	130	630	13	19	-1	
5	1	14	1	1	1	130	630	13	19	95.000000	 
2	1	15	0	0	0	340	759	70	41	-1	
3	1	15	1	0	0	340	759	70	41	-1	
4	1	15	1	1	0	340	759	70	41	-1	
5	1	15	1	1	1	340	760	41	20	27.322235	τς
5	1	15	1	1	2	384	759	26	41	18.754761	ώρ
2	1	16	0	0	0	52	821	43	19	-1	
3	1	16	1	0	0	52	821	43	19	-1	
4	1	16	1	1	0	52	821	43	19	-1	
5	1	16	1	1	1	52	821	43	19	50.226635	γιος
2	1	17	0	0	0	377	949	26	32	-1	
3	1	17	1	0	0	377	949	26	32	-1	
4	1	17	1	1	0	377	949	26	32	-1	
5	1	17	1	1	1	377	949	26	32	77.088882	{ου
2	1	18	0	0	0	354	962	37	12	-1	
3	1	18	1	0	0	354	962	37	12	-1	
4	1	18	1	1	0	354	962	37	12	-1	
5	1	18	1	1	1	354	962	37	12	95.000000	 
2	1	19	0	0	0	52	954	351	97	-1	
3	1	19	1	0	0	52	954	351	97	-1	
4	1	19	1	1	0	52	954	318	27	-1	
5	1	19	1	1	1	52	956	58	24	0.000000	Ἠωκῆς
5	1	19	1	1	2	126	956	31	20	93.109924	τοῦ
5	1	19	1	1	3	173	955	102	26	0.000000	ἸΚρατικοῦ
5	1	19	1	1	4	291	954	73	26	4.672668	Ἀοσ)
5	1	19	1	1	5	351	950	19	36	78.161560	µε
4	1	19	1	2	0	54	985	249	36	-1	
5	1	19	1	2	1	54	985	102	36	0.000000	πάριης,
5	1	19	1	2	2	176	989	74	21	79.111916	ἔδωσαν
5	1	19	1	2	3	268	990	35	20	43.548016	ἆμο
4	1	19	1	3	0	252	1024	151	27	-1	
5	1	19	1	3	1	252	1025	27	20	92.600891	Ἡ
5	1	19	1	3	2	296	1024	107	27	76.937241	ἐφημερίδα
2	1	20	0	0	0	281	998	25	5	-1	
3	1	20	1	0	0	281	998	25	5	-1	
4	1	20	1	1	0	281	998	25	5	-1	
5	1	20	1	1	1	281	998	25	5	95.000000	 
2	1	21	0	0	0	307	989	97	21	-1	
3	1	21	1	0	0	307	989	97	21	-1	
4	1	21	1	1	0	307	989	97	21	-1	
5	1	21	1	1	1	307	988	63	22	0.000000	Ιδαΐν
5	1	21	1	1	2	387	989	17	20	28.819115	ὑ-
2	1	22	0	0	0	280	1010	3	5	-1	
3	1	22	1	0	0	280	1010	3	5	-1	
4	1	22	1	1	0	280	1010	3	5	-1	
5	1	22	1	1	1	280	1010	3	5	95.000000	 
2	1	23	0	0	0	52	1025	354	524	-1	
3	1	23	1	0	0	53	1025	244	98	-1	
4	1	23	1	1	0	53	1025	173	27	-1	
5	1	23	1	1	1	53	1025	88	27	91.146683	πόσχεσιν
5	1	23	1	1	2	158	1025	68	27	79.765137	γάμου.
4	1	23	1	2	0	53	1060	203	28	-1	
5	1	23	1	2	1	53	1068	37	19	0.000000	µής
5	1	23	1	2	2	106	1060	44	25	93.304550	τούς
5	1	23	1	2	3	162	1060	94	28	63.764011	συηχαίρε
4	1	23	1	3	0	54	1095	243	28	-1	
5	1	23	1	3	1	54	1096	78	27	87.250366	εὔχεπαι
5	1	23	1	3	2	141	1096	54	21	30.034950	χαλά
5	1	23	1	3	3	204	1095	93	28	93.315216	στέφανα.
3	1	23	2	0	0	52	1131	352	169	-1	
4	1	23	2	1	0	52	1131	352	28	-1	
5	1	23	2	1	1	52	1145	29	2	22.913704	τε
5	1	23	2	1	2	97	1132	27	20	40.327602	Ἡ.
5	1	23	2	1	3	137	1131	63	28	88.695122	ὡραία
5	1	23	2	1	4	214	1131	190	27	1.348808	Γεωρηιτσιαιοπού-
4	1	23	2	2	0	54	1166	192	28	-1	
5	1	23	2	2	1	54	1168	26	20	85.735474	λα
5	1	23	2	2	2	95	1166	116	28	29.436508	Βὐαγγελία
5	1	23	2	2	3	224	1168	22	20	45.350155	Τ..
4	1	23	2	3	0	55	1202	338	28	-1	
5	1	23	2	3	1	55	1202	173	28	43.514553	ἀρραθωνιάστηκε
5	1	23	2	3	2	242	1202	22	27	89.042763	µέ
5	1	23	2	3	3	281	1202	31	22	92.628235	τόν
5	1	23	2	3	4	326	1203	67	20	92.819885	ἐξαίρε
4	1	23	2	4	0	118	1237	286	27	-1	
5	1	23	2	4	1	118	1238	117	21	43.960037	Αναστάσιο
5	1	23	2	4	2	246	1237	110	27	79.690979	Χιαλιφίδη.
5	1	23	2	4	3	371	1238	33	21	0.000000	Ἱζα
4	1	23	2	5	0	55	1273	135	27	-1	
5	1	23	2	5	1	55	1273	27	22	90.226013	λά
5	1	23	2	5	2	98	1273	92	27	81.291718	στέφανα.
3	1	23	3	0	0	52	1308	354	241	-1	
4	1	23	3	1	0	83	1308	320	27	-1	
5	1	23	3	1	1	83	1309	101	21	51.609310	ΡΑΜΟΙ:
5	1	23	3	1	2	201	1309	83	26	12.571121	"νηναυ
5	1	23	3	1	3	301	1309	15	21	91.206635	οἱ
5	1	23	3	1	4	346	1308	57	27	60.099854	γάμοι
4	1	23	3	2	0	54	1343	351	28	-1	
5	1	23	3	2	1	54	1346	36	24	96.634331	τῆς
5	1	23	3	2	2	108	1353	19	13	54.771477	κ.
5	1	23	3	2	3	158	1343	97	28	90.155312	Μαρίκας
5	1	23	3	2	4	269	1344	51	26	76.847145	Δημ.
5	1	23	3	2	5	336	1344	69	21	91.853775	Δεδού-
4	1	23	3	3	0	52	1379	248	27	-1	
5	1	23	3	3	1	52	1388	25	18	91.209160	ση
5	1	23	3	3	2	90	1379	23	26	80.183853	µέ
5	1	23	3	3	3	130	1379	30	21	93.255676	τόν
5	1	23	3	3	4	175	1379	86	22	41.197014	ἐκλεκπό
5	1	23	3	3	5	274	1380	26	20	34.003845	᾿Αι
4	1	23	3	4	0	56	1414	348	29	-1	
5	1	23	3	4	1	56	1415	54	28	82.131210	ἱατρό
5	1	23	3	4	2	126	1424	19	13	88.137009	κ.
5	1	23	3	4	3	165	1414	73	28	82.259506	Πέτρο
5	1	23	3	4	4	255	1414	149	28	50.745850	Μαυρόγιαυνη,
4	1	23	3	5	0	54	1450	352	27	-1	
5	1	23	3	5	1	54	1450	55	21	30.980545	Είναι
5	1	23	3	5	2	125	1450	81	27	90.622314	εὐτυχές
5	1	23	3	5	3	226	1450	124	26	35.705383	ἀποτέλεσμα
5	1	23	3	5	4	374	1452	32	19	20.124306	ἐκ-
4	1	23	3	6	0	53	1485	352	27	-1	
5	1	23	3	6	1	53	1487	59	23	61.363079	Φειᾶς:
5	1	23	3	6	2	138	1485	213	27	50.130302	ἀλληλοθκτιμήσεως.
5	1	23	3	6	3	379	1486	26	20	89.640366	Ἡ
4	1	23	3	7	0	54	1521	351	28	-1	
5	1	23	3	7	1	54	1521	106	28	91.881378	ἐφημερίδα
5	1	23	3	7	2	171	1529	37	18	81.616241	µας
5	1	23	3	7	3	221	1521	45	24	93.075043	τούς
5	1	23	3	7	4	278	1521	98	22	67.401199	ἀπευθύνει
5	1	23	3	7	5	388	1522	17	21	54.446712	ὃ-
2	1	24	0	0	0	260	1069	46	7	-1	
3	1	24	1	0	0	260	1069	46	7	-1	
4	1	24	1	1	0	260	1069	46	7	-1	
5	1	24	1	1	1	260	1069	46	7	95.000000	 
2	1	25	0	0	0	294	1059	109	27	-1	
3	1	25	1	0	0	294	1059	109	27	-1	
4	1	25	1	1	0	294	1059	109	27	-1	
5	1	25	1	1	1	294	1060	49	26	44.618080	ερμά
5	1	25	1	1	2	370	1059	33	22	51.651146	αὶ
2	1	26	0	0	0	350	1202	60	27	-1	
3	1	26	1	0	0	350	1202	60	27	-1	
4	1	26	1	1	0	350	1202	60	27	-1	
5	1	26	1	1	1	350	1202	60	27	95.000000	 
2	1	27	0	0	0	54	1246	50	14	-1	
3	1	27	1	0	0	54	1246	50	14	-1	
4	1	27	1	1	0	54	1246	50	14	-1	
5	1	27	1	1	1	54	1246	21	14	96.384537	το
5	1	27	1	1	2	86	1247	18	13	38.351208	κ.
2	1	28	0	0	0	346	1379	59	27	-1	
3	1	28	1	0	0	346	1379	59	27	-1	
4	1	28	1	1	0	346	1379	59	27	-1	
5	1	28	1	1	1	346	1379	59	27	81.180298	ολόγο
2	1	29	0	0	0	300	1387	43	13	-1	
3	1	29	1	0	0	300	1387	43	13	-1	
4	1	29	1	1	0	300	1387	43	13	-1	
5	1	29	1	1	1	300	1387	43	13	95.000000	 
2	1	30	0	0	0	253	1458	34	13	-1	
3	1	30	1	0	0	253	1458	34	13	-1	
4	1	30	1	1	0	253	1458	34	13	-1	
5	1	30	1	1	1	253	1458	34	13	95.000000	   
2	1	31	0	0	0	266	1495	11	12	-1	
3	1	31	1	0	0	266	1495	11	12	-1	
4	1	31	1	1	0	266	1495	11	12	-1	
5	1	31	1	1	1	266	1495	11	12	95.000000	 
2	1	32	0	0	0	177	1556	227	85	-1	
3	1	32	1	0	0	177	1556	227	61	-1	
4	1	32	1	1	0	177	1556	227	27	-1	
5	1	32	1	1	1	177	1557	149	26	68.216721	συγχαρητήρια
5	1	32	1	1	2	344	1552	12	36	45.385567	.
5	1	32	1	1	3	371	1556	33	22	73.617905	καὶ
4	1	32	1	2	0	186	1590	217	51	-1	
5	1	32	1	2	1	186	1600	7	11	0.000000	Ἶ
5	1	32	1	2	2	214	1590	87	51	0.000000	ὀλόψμα
5	1	32	1	2	3	317	1590	23	21	70.163643	νά
5	1	32	1	2	4	356	1591	47	20	47.974361	αἶναι
2	1	33	0	0	0	41	1556	120	61	-1	
3	1	33	1	0	0	41	1556	120	61	-1	
4	1	33	1	1	0	55	1556	87	27	-1	
5	1	33	1	1	1	55	1556	87	27	0.000000	Ἰκάθερυια
4	1	33	1	2	0	41	1590	120	27	-1	
5	1	33	1	2	1	41	1590	59	24	18.647141	"τούς
5	1	33	1	2	2	116	1590	45	27	44.556561	εὔχε,
2	1	34	0	0	0	144	1598	138	50	-1	
3	1	34	1	0	0	144	1598	138	50	-1	
4	1	34	1	1	0	157	1598	40	32	-1	
5	1	34	1	1	1	157	1598	40	32	95.000000	  
4	1	34	1	2	0	144	1630	138	18	-1	
5	1	34	1	2	1	144	1630	138	18	95.000000	 
2	1	35	0	0	0	54	1633	84	16	-1	
3	1	35	1	0	0	54	1633	84	16	-1	
4	1	35	1	1	0	54	1633	84	16	-1	
5	1	35	1	1	1	54	1625	84	24	77.378662	πάντατε
2	1	36	0	0	0	84	1631	257	61	-1	
3	1	36	1	0	0	84	1631	257	61	-1	
4	1	36	1	1	0	84	1631	257	61	-1	
5	1	36	1	1	1	84	1661	114	20	30.733131	ΑΦΙΞΗΣ
5	1	36	1	1	2	233	1631	39	61	0.000000	λσί
5	1	36	1	1	3	274	1634	67	54	0.000000	.
2	1	37	0	0	0	188	339	227	59	-1	
3	1	37	1	0	0	188	339	227	59	-1	
4	1	37	1	1	0	188	339	227	59	-1	
5	1	37	1	1	1	188	339	33	22	96.955292	στό
5	1	37	1	1	2	233	340	7	21	16.961174	ο
5	1	37	1	1	3	262	340	71	58	7.926300	άν
5	1	37	1	1	4	335	341	33	22	75.784485	καὶ
5	1	37	1	1	5	380	351	35	17	91.081009	στή
2	1	38	0	0	0	384	382	36	25	-1	
3	1	38	1	0	0	384	382	36	25	-1	
4	1	38	1	1	0	384	382	36	25	-1	
5	1	38	1	1	1	384	382	36	25	95.000000	 
2	1	39	0	0	0	66	399	350	322	-1	
3	1	39	1	0	0	66	399	350	322	-1	
4	1	39	1	1	0	251	399	165	40	-1	
5	1	39	1	1	1	251	411	68	27	58.995705	δίδυμα
5	1	39	1	1	2	330	399	49	40	1.654442	--ἳ
5	1	39	1	1	3	378	421	38	12	50.019279	πω-
4	1	39	1	2	0	66	444	349	28	-1	
5	1	39	1	2	1	66	444	46	27	51.272312	μένα
5	1	39	1	2	2	122	446	120	26	43.612843	κοριτσώκια.
5	1	39	1	2	3	253	446	50	25	79.481964	Στίς
5	1	39	1	2	4	314	448	101	22	94.526405	19-10-80
4	1	39	1	3	0	260	483	154	27	-1	
5	1	39	1	3	1	260	483	44	21	83.210388	Αλ.
5	1	39	1	3	2	315	483	99	27	92.811386	Φιστέδης
4	1	39	1	4	0	68	515	346	30	-1	
5	1	39	1	4	1	68	515	22	26	67.292206	τή
5	1	39	1	4	2	105	516	62	27	86.072403	Σοφία
5	1	39	1	4	3	180	530	8	3	87.532051	-
5	1	39	1	4	4	200	518	97	27	95.368706	Φωτεινή,
5	1	39	1	4	5	311	518	33	21	83.130310	καὶ
5	1	39	1	4	6	358	520	8	21	87.527161	ὁ
5	1	39	1	4	7	394	528	20	13	70.912285	κ.
4	1	39	1	5	0	200	553	215	27	-1	
5	1	39	1	5	1	200	553	99	26	78.489441	Ἠλιάδης
5	1	39	1	5	2	312	554	34	26	51.545906	τήν
5	1	39	1	5	3	357	554	58	21	44.589901	Ελλέ-
4	1	39	1	6	0	255	588	158	28	-1	
5	1	39	1	6	1	255	588	106	28	83.643311	ἐφημερίδα
5	1	39	1	6	2	375	598	38	18	93.372009	µας
4	1	39	1	7	0	322	625	90	27	-1	
5	1	39	1	7	1	322	625	90	27	81.629944	εὐτυχεῖς
4	1	39	1	8	0	253	659	160	29	-1	
5	1	39	1	8	1	253	659	77	27	92.409378	εὔχεται
5	1	39	1	8	2	345	660	68	28	80.087433	ὁλόψυ-
4	1	39	1	9	0	256	695	158	26	-1	
5	1	39	1	9	1	256	695	24	20	90.833466	πά
5	1	39	1	9	2	293	696	61	25	74.138786	νεαρά
5	1	39	1	9	3	367	697	47	19	6.402504	Θλικ-.
2	1	40	0	0	0	421	934	215	96	-1	
3	1	40	1	0	0	421	934	215	96	-1	
4	1	40	1	1	0	421	934	202	69	-1	
5	1	40	1	1	1	421	934	202	69	95.000000	   
4	1	40	1	2	0	562	1007	74	23	-1	
5	1	40	1	2	1	562	1007	74	23	95.000000	 
2	1	41	0	0	0	277	1166	127	27	-1	
3	1	41	1	0	0	277	1166	127	27	-1	
4	1	41	1	1	0	277	1166	127	27	-1	
5	1	41	1	1	1	273	1162	21	35	3.790039	ΓΚ
5	1	41	1	1	2	298	1166	106	27	3.790039	λουτοούνη
2	1	42	0	0	0	344	1647	86	34	-1	
3	1	42	1	0	0	344	1647	86	34	-1	
4	1	42	1	1	0	344	1647	86	34	-1	
5	1	42	1	1	1	344	1661	61	20	23.315422	Ελ.
5	1	42	1	1	2	428	1647	2	3	67.842056	8
2	1	43	0	0	0	426	250	2	11	-1	
3	1	43	1	0	0	426	250	2	11	-1	
4	1	43	1	1	0	426	250	2	11	-1	
5	1	43	1	1	1	426	250	2	11	84.884796	[
2	1	44	0	0	0	438	160	292	230	-1	
3	1	44	1	0	0	438	160	292	230	-1	
4	1	44	1	1	0	438	160	274	142	-1	
5	1	44	1	1	1	438	160	274	142	95.000000	 
4	1	44	1	2	0	439	319	291	71	-1	
5	1	44	1	2	1	439	319	291	71	95.000000	  
2	1	45	0	0	0	485	363	151	58	-1	
3	1	45	1	0	0	485	363	151	58	-1	
4	1	45	1	1	0	485	363	151	27	-1	
5	1	45	1	1	1	485	363	50	25	57.447205	έηξε
5	1	45	1	1	2	547	363	45	27	93.284660	λίγο
5	1	45	1	1	3	631	387	5	3	92.971107	δεξ
4	1	45	1	2	0	559	400	62	21	-1	
5	1	45	1	2	1	559	400	62	21	25.844185	᾿"Εξαλ
2	1	46	0	0	0	438	398	105	26	-1	
3	1	46	1	0	0	438	398	105	26	-1	
4	1	46	1	1	0	438	398	105	26	-1	
5	1	46	1	1	1	438	398	105	26	42.704868	ἐκκλησιὰ,
2	1	47	0	0	0	621	410	46	12	-1	
3	1	47	1	0	0	621	410	46	12	-1	
4	1	47	1	1	0	621	410	46	12	-1	
5	1	47	1	1	1	621	410	46	12	95.000000	 
2	1	48	0	0	0	667	387	117	42	-1	
3	1	48	1	0	0	667	387	117	42	-1	
4	1	48	1	1	0	667	387	117	42	-1	
5	1	48	1	1	1	667	402	21	25	0.000000	Τν
5	1	48	1	1	2	702	387	82	42	19.867020	τη,
2	1	49	0	0	0	513	471	228	2	-1	
3	1	49	1	0	0	513	471	228	2	-1	
4	1	49	1	1	0	513	471	228	2	-1	
5	1	49	1	1	1	513	471	228	2	95.000000	 
2	1	50	0	0	0	726	332	223	26	-1	
3	1	50	1	0	0	726	332	223	26	-1	
4	1	50	1	1	0	726	332	223	26	-1	
5	1	50	1	1	1	726	335	32	22	46.843510	ὄηχε
5	1	50	1	1	2	782	332	46	26	0.000000	στή!
5	1	50	1	1	3	841	335	85	20	90.735466	πλατεῖα
5	1	50	1	1	4	939	345	10	12	91.622086	τ
2	1	51	0	0	0	733	367	69	22	-1	
3	1	51	1	0	0	733	367	69	22	-1	
4	1	51	1	1	0	733	367	69	22	-1	
5	1	51	1	1	1	733	367	69	22	95.000000	 
2	1	52	0	0	0	763	207	351	50	-1	
3	1	52	1	0	0	763	207	351	50	-1	
4	1	52	1	1	0	763	207	351	50	-1	
5	1	52	1	1	1	763	207	96	40	91.640945	᾿Εδῶ
5	1	52	1	1	2	881	208	233	49	50.111507	Γιωργίτσι!
2	1	53	0	0	0	952	336	3	7	-1	
3	1	53	1	0	0	952	336	3	7	-1	
4	1	53	1	1	0	952	336	3	7	-1	
5	1	53	1	1	1	952	336	3	7	0.000000	Ὁ
2	1	54	0	0	0	798	336	345	94	-1	
3	1	54	1	0	0	802	336	341	94	-1	
4	1	54	1	1	0	987	336	156	27	-1	
5	1	54	1	1	1	987	336	156	27	13.416176	'Αγιοθανασιοῦ.
4	1	54	1	2	0	804	373	269	26	-1	
5	1	54	1	2	1	804	368	19	21	89.541649	οὐ
5	1	54	1	2	2	835	369	23	21	96.057816	νά
5	1	54	1	2	3	870	369	35	26	51.681190	μήν
5	1	54	1	2	4	918	372	36	24	96.773422	τῆς
5	1	54	1	2	5	969	371	65	27	54.656364	χρύδει,
5	1	54	1	2	6	1050	373	23	26	80.893288	νή
4	1	54	1	3	0	798	412	159	18	-1	
5	1	54	1	3	1	798	412	37	18	96.948357	της
5	1	54	1	3	2	848	405	53	21	91.174103	πάνω
5	1	54	1	3	3	920	406	37	21	76.481407	ἀπύ
2	1	55	0	0	0	1083	370	38	23	-1	
3	1	55	1	0	0	1083	370	38	23	-1	
4	1	55	1	1	0	1083	370	38	23	-1	
5	1	55	1	1	1	1083	370	38	23	95.000000	   
5	1	55	1	1	2	1108	387	3	6	95.000000	 
2	1	56	0	0	0	1122	376	2	17	-1	
3	1	56	1	0	0	1122	376	2	17	-1	
4	1	56	1	1	0	1122	376	2	17	-1	
5	1	56	1	1	1	1122	376	2	17	95.000000	 
2	1	57	0	0	0	1111	382	12	12	-1	
3	1	57	1	0	0	1111	382	12	12	-1	
4	1	57	1	1	0	1111	382	12	12	-1	
5	1	57	1	1	1	1111	382	12	12	35.070503	αἱ
2	1	58	0	0	0	973	415	171	20	-1	
3	1	58	1	0	0	973	415	171	20	-1	
4	1	58	1	1	0	973	415	171	20	-1	
5	1	58	1	1	1	973	407	25	21	96.680511	τὰ
5	1	58	1	1	2	1010	407	59	26	33.556374	μάτια
5	1	58	1	1	3	1098	417	46	18	77.654266	της-
2	1	59	0	0	0	437	431	705	49	-1	
3	1	59	1	0	0	437	431	705	49	-1	
4	1	59	1	1	0	437	431	705	49	-1	
5	1	59	1	1	1	437	432	24	21	92.675003	σὰ
5	1	59	1	1	2	449	432	63	48	12.796173	ον
5	1	59	1	1	3	523	431	130	46	47.662712	τραγιάσκας.
5	1	59	1	1	4	664	437	84	28	89.405823	Τήραξε
5	1	59	1	1	5	758	439	52	22	39.021515	χατά
5	1	59	1	1	6	820	440	21	21	93.305367	τό
5	1	59	1	1	7	853	441	72	26	75.375732	ἀμπέλι
5	1	59	1	1	8	936	450	50	19	95.434669	της
5	1	59	1	1	9	981	443	34	21	93.287926	πού
5	1	59	1	1	10	1025	443	59	26	42.268791	ἤπανε
5	1	59	1	1	11	1096	445	46	26	60.550240	στήν
2	1	60	0	0	0	432	473	405	175	-1	
3	1	60	1	0	0	432	473	405	175	-1	
4	1	60	1	1	0	432	473	362	36	-1	
5	1	60	1	1	1	432	473	362	36	95.000000	 
4	1	60	1	2	0	432	509	329	41	-1	
5	1	60	1	2	1	432	509	329	41	95.000000	   
4	1	60	1	3	0	432	550	231	14	-1	
5	1	60	1	3	1	432	550	231	14	95.000000	 
4	1	60	1	4	0	432	564	349	47	-1	
5	1	60	1	4	1	432	564	4	20	95.000000	 
5	1	60	1	4	2	563	564	218	47	95.000000	   
4	1	60	1	5	0	599	611	238	37	-1	
5	1	60	1	5	1	599	611	238	37	95.000000	  
2	1	61	0	0	0	435	576	169	97	-1	
3	1	61	1	0	0	435	576	169	97	-1	
4	1	61	1	1	0	436	576	140	27	-1	
5	1	61	1	1	1	436	581	41	18	1.471703	δις
5	1	61	1	1	2	486	576	90	27	38.395004	λάχανα:
4	1	61	1	2	0	466	611	138	28	-1	
5	1	61	1	2	1	466	611	26	20	35.484093	Ἡ
5	1	61	1	2	2	502	612	49	20	72.884933	ἁπάν
5	1	61	1	2	3	556	621	48	18	22.703491	νηση
4	1	61	1	3	0	435	646	91	27	-1	
5	1	61	1	3	1	435	646	91	27	47.830025	φωνάρα:
2	1	62	0	0	0	463	682	352	30	-1	
3	1	62	1	0	0	463	682	352	30	-1	
4	1	62	1	1	0	463	682	352	30	-1	
5	1	62	1	1	1	463	682	75	21	43.144814	---Δάν
5	1	62	1	1	2	549	683	82	25	9.623505	µαζώνω
5	1	62	1	1	3	641	685	88	27	36.598839	λάχανα!
5	1	62	1	1	4	741	688	74	22	14.265678	Αλλά,
2	1	63	0	0	0	435	715	346	59	-1	
3	1	63	1	0	0	435	715	346	59	-1	
4	1	63	1	1	0	465	715	316	27	-1	
5	1	63	1	1	1	465	715	42	23	15.105759	{Ἡ
5	1	63	1	1	2	519	716	57	25	0.000000	χάξη
5	1	63	1	1	3	588	719	120	23	5.629807	«φουσαίζων
5	1	63	1	1	4	727	720	26	20	90.860252	δὲν
5	1	63	1	1	5	775	730	6	3	42.254280	5
4	1	63	1	2	0	435	746	271	28	-1	
5	1	63	1	2	1	435	746	46	24	95.518120	θέση
5	1	63	1	2	2	493	750	47	21	38.048325	μιάς
5	1	63	1	2	3	553	749	67	25	91.399551	ἄλλης
5	1	63	1	2	4	633	752	33	19	93.197693	πού
5	1	63	1	2	5	683	752	23	20	92.764305	λέ
2	1	64	0	0	0	528	727	6	7	-1	
3	1	64	1	0	0	528	727	6	7	-1	
4	1	64	1	1	0	528	727	6	7	-1	
5	1	64	1	1	1	528	727	6	7	95.000000	 
2	1	65	0	0	0	446	851	338	80	-1	
3	1	65	1	0	0	446	851	338	80	-1	
4	1	65	1	1	0	446	851	338	80	-1	
5	1	65	1	1	1	446	851	258	80	95.000000	 
5	1	65	1	1	2	706	862	78	27	95.000000	 
2	1	66	0	0	0	594	936	28	7	-1	
3	1	66	1	0	0	594	936	28	7	-1	
4	1	66	1	1	0	594	936	28	7	-1	
5	1	66	1	1	1	594	936	28	7	95.000000	 
2	1	67	0	0	0	425	1003	125	35	-1	
3	1	67	1	0	0	425	1003	125	35	-1	
4	1	67	1	1	0	425	1003	125	35	-1	
5	1	67	1	1	1	425	1007	43	22	86.933693	«τόν
5	1	67	1	1	2	480	1003	48	35	37.364471	πόση.
5	1	67	1	1	3	531	1016	19	13	83.040909	ον
2	1	68	0	0	0	425	1044	248	26	-1	
3	1	68	1	0	0	425	1044	248	26	-1	
4	1	68	1	1	0	425	1044	248	26	-1	
5	1	68	1	1	1	425	1052	27	13	90.374527	σει
5	1	68	1	1	2	465	1044	34	22	93.240952	στό
5	1	68	1	1	3	509	1044	118	26	45.327717	δηµοσίευµά
5	1	68	1	1	4	643	1052	30	14	96.471024	του
2	1	69	0	0	0	683	1048	29	21	-1	
3	1	69	1	0	0	683	1048	29	21	-1	
4	1	69	1	1	0	683	1048	29	21	-1	
5	1	69	1	1	1	683	1048	29	21	95.000000	 
2	1	70	0	0	0	544	1089	27	12	-1	
3	1	70	1	0	0	544	1089	27	12	-1	
4	1	70	1	1	0	544	1089	27	12	-1	
5	1	70	1	1	1	544	1089	27	12	95.000000	 
2	1	71	0	0	0	425	1079	129	27	-1	
3	1	71	1	0	0	425	1079	129	27	-1	
4	1	71	1	1	0	425	1079	129	27	-1	
5	1	71	1	1	1	425	1079	37	21	93.294777	στὰ
5	1	71	1	1	2	478	1079	76	27	70.723778	δηµοσί:
2	1	72	0	0	0	739	1164	23	44	-1	
3	1	72	1	0	0	739	1164	23	44	-1	
4	1	72	1	1	0	743	1164	19	28	-1	
5	1	72	1	1	1	743	1164	19	28	95.000000	   
4	1	72	1	2	0	739	1192	23	16	-1	
5	1	72	1	2	1	739	1192	23	16	95.000000	 
2	1	73	0	0	0	427	1150	324	29	-1	
3	1	73	1	0	0	427	1150	324	29	-1	
4	1	73	1	1	0	427	1150	324	29	-1	
5	1	73	1	1	1	427	1152	31	19	83.265038	τοῦ
5	1	73	1	1	2	474	1150	101	27	90.878647	Δεσπότη;
5	1	73	1	1	3	592	1151	30	21	54.803600	"Ἡ
5	1	73	1	1	4	636	1151	69	26	11.217506	μήπως
5	1	73	1	1	5	719	1151	32	28	92.448524	ἔχε
2	1	74	0	0	0	487	1187	249	21	-1	
3	1	74	1	0	0	487	1187	249	21	-1	
4	1	74	1	1	0	487	1187	249	21	-1	
5	1	74	1	1	1	487	1194	21	14	90.568840	αν
5	1	74	1	1	2	523	1187	61	21	85.519691	ἄλλον
5	1	74	1	1	3	601	1187	24	21	93.290100	νά
5	1	74	1	1	4	642	1187	46	21	0.000000	δίύει
5	1	74	1	1	5	701	1195	35	13	80.641411	κου
2	1	75	0	0	0	427	1186	56	21	-1	
3	1	75	1	0	0	427	1186	56	21	-1	
4	1	75	1	1	0	427	1186	56	21	-1	
5	1	75	1	1	1	427	1186	56	21	95.000000	 
2	1	76	0	0	0	436	1220	128	32	-1	
3	1	76	1	0	0	436	1220	128	32	-1	
4	1	76	1	1	0	436	1220	128	32	-1	
5	1	76	1	1	1	436	1220	128	32	95.000000	 
2	1	77	0	0	0	666	476	462	101	-1	
3	1	77	1	0	0	666	476	462	101	-1	
4	1	77	1	1	0	780	476	278	28	-1	
5	1	77	1	1	1	780	483	48	18	86.934921	μεσα
5	1	77	1	1	2	836	476	76	22	0.000000	πώποια
5	1	77	1	1	3	925	477	82	27	46.534714	γυναΐχα
5	1	77	1	1	4	1024	479	34	21	96.177063	πού
4	1	77	1	2	0	739	512	269	29	-1	
5	1	77	1	2	1	739	524	5	6	18.436142	τά
5	1	77	1	2	2	766	512	141	26	84.840149	διαπεραστική
5	1	77	1	2	3	918	513	90	28	84.383743	φωνάρα:
4	1	77	1	3	0	666	545	462	32	-1	
5	1	77	1	3	1	666	551	30	14	48.799805	σαι
5	1	77	1	3	2	707	545	22	21	93.273140	σύ
5	1	77	1	3	3	743	546	105	28	54.793205	φτοῦ-πέρᾳ
5	1	77	1	3	4	861	548	28	21	60.012421	στ᾽
5	1	77	1	3	5	902	548	71	27	90.690620	ἀμπέλι
5	1	77	1	3	6	985	558	33	18	94.665657	µου
5	1	77	1	3	7	1030	550	33	22	46.317520	καί
5	1	77	1	3	8	1075	554	53	23	0.000000	μαζεί
2	1	78	0	0	0	741	581	86	28	-1	
3	1	78	1	0	0	741	581	86	28	-1	
4	1	78	1	1	0	741	581	24	7	-1	
5	1	78	1	1	1	741	581	24	7	39.003754	λα
4	1	78	1	2	0	767	583	60	26	-1	
5	1	78	1	2	1	767	583	60	26	0.000000	Ύορα|
2	1	79	0	0	0	705	702	121	81	-1	
3	1	79	1	0	0	705	702	121	81	-1	
4	1	79	1	1	0	775	702	51	25	-1	
5	1	79	1	1	1	775	702	51	25	95.000000	  
4	1	79	1	2	0	746	727	58	15	-1	
5	1	79	1	2	1	746	727	58	15	95.000000	 
4	1	79	1	3	0	705	760	87	23	-1	
5	1	79	1	3	1	705	760	87	23	95.000000	 
2	1	80	0	0	0	779	756	211	28	-1	
3	1	80	1	0	0	779	756	211	28	-1	
4	1	80	1	1	0	779	756	211	28	-1	
5	1	80	1	1	1	779	762	31	12	87.437973	μεν
5	1	80	1	1	2	824	756	54	20	92.398232	ἀλλά
5	1	80	1	1	3	895	757	31	20	15.329987	δ6ν
5	1	80	1	1	4	939	758	51	26	91.200157	γράφ
2	1	81	0	0	0	427	931	711	282	-1	
3	1	81	1	0	0	427	931	711	282	-1	
4	1	81	1	1	0	623	931	298	30	-1	
5	1	81	1	1	1	623	937	41	21	0.000000	ο
5	1	81	1	1	2	677	937	37	24	60.648407	σου,
5	1	81	1	1	3	731	931	39	23	43.194622	ο.
5	1	81	1	1	4	783	932	101	28	57.456974	Δημάκης
5	1	81	1	1	5	894	941	27	20	0.000000	Φχἠ
4	1	81	1	2	0	592	968	341	31	-1	
5	1	81	1	2	1	592	982	6	3	0.000000	ε
5	1	81	1	2	2	616	971	9	23	88.597725	ὁ
5	1	81	1	2	3	643	971	71	28	0.000000	μικρός
5	1	81	1	2	4	728	968	97	30	0.000000	µαληνής
5	1	81	1	2	5	840	978	32	13	96.923325	του
5	1	81	1	2	6	886	968	47	23	96.698372	στόν
4	1	81	1	3	0	620	1005	339	29	-1	
5	1	81	1	3	1	620	1014	23	16	68.751564	4
5	1	81	1	3	2	656	1008	16	22	6.783028	δὗ
5	1	81	1	3	3	682	1006	155	28	30.129601	λογκαδιομοί»!
5	1	81	1	3	4	851	1005	75	27	55.982391	"Όμως
5	1	81	1	3	5	937	1013	22	19	1.558517	η
4	1	81	1	4	0	712	1040	263	30	-1	
5	1	81	1	4	1	712	1052	40	14	92.928543	εἴνο
5	1	81	1	4	2	762	1042	34	28	91.370903	γιά
5	1	81	1	4	3	806	1042	25	22	96.520576	νά
5	1	81	1	4	4	842	1041	23	27	37.673027	μὲ
5	1	81	1	4	5	875	1040	100	28	61.850719	διαφεύσε,
4	1	81	1	5	0	571	1076	426	31	-1	
5	1	81	1	5	1	571	1088	22	13	50.952282	σα
5	1	81	1	5	2	607	1079	39	28	96.310020	ἐγώ
5	1	81	1	5	3	661	1080	33	21	93.287643	στό
5	1	81	1	5	4	709	1077	181	25	0.000000	«ΓΠΒΩΡΓΤΕΣ»
5	1	81	1	5	5	904	1076	29	21	86.622162	ὅτι
5	1	81	1	5	6	948	1077	49	26	86.622162	αὐτή
4	1	81	1	6	0	427	1114	577	29	-1	
5	1	81	1	6	1	427	1115	101	26	87.327499	ἀπάντηση
5	1	81	1	6	2	545	1115	33	26	90.259888	τήν
5	1	81	1	6	3	599	1115	56	22	48.903328	ἔδαχε
5	1	81	1	6	4	672	1115	82	25	28.198135	χάποιος
5	1	81	1	6	5	770	1115	112	28	80.573074	ὑποψήφ'ος
5	1	81	1	6	6	898	1114	67	23	0.000000	Λαπᾶς
5	1	81	1	6	7	983	1121	21	13	96.565788	στ
4	1	81	1	7	0	756	1151	263	27	-1	
5	1	81	1	7	1	756	1161	3	8	0.000000	ε
5	1	81	1	7	2	775	1152	23	25	95.431038	τή
5	1	81	1	7	3	812	1151	77	27	22.201683	δύναμη
5	1	81	1	7	4	900	1148	27	24	26.539772	τά
5	1	81	1	7	5	938	1148	36	26	36.072575	μήν
5	1	81	1	7	6	990	1148	29	22	67.236328	ἐπι
4	1	81	1	8	0	763	1183	375	30	-1	
5	1	81	1	8	1	763	1195	9	17	92.973831	ς
5	1	81	1	8	2	787	1187	123	26	79.546883	ἀπαντήσεις,
5	1	81	1	8	3	923	1183	38	24	73.822655	σών
5	1	81	1	8	4	974	1186	31	19	96.536667	τοῦ
5	1	81	1	8	5	1023	1187	67	25	40.154312	μιριροῦ
5	1	81	1	8	6	1104	1195	34	17	83.210281	µια-
2	1	82	0	0	0	1083	487	59	19	-1	
3	1	82	1	0	0	1083	487	59	19	-1	
4	1	82	1	1	0	1083	487	59	19	-1	
5	1	82	1	1	1	1083	480	59	26	39.559578	ἤπανε
2	1	83	0	0	0	1103	551	41	36	-1	
3	1	83	1	0	0	1103	551	41	36	-1	
4	1	83	1	1	0	1103	551	41	36	-1	
5	1	83	1	1	1	1103	551	41	36	95.000000	 
2	1	84	0	0	0	823	620	114	26	-1	
3	1	84	1	0	0	823	620	114	26	-1	
4	1	84	1	1	0	823	620	114	26	-1	
5	1	84	1	1	1	823	643	2	2	22.297577	|
5	1	84	1	1	2	837	627	68	19	85.308693	ἐπίσης
5	1	84	1	1	3	915	620	22	26	59.884563	μέ
2	1	85	0	0	0	960	625	146	28	-1	
3	1	85	1	0	0	960	625	146	28	-1	
4	1	85	1	1	0	960	625	146	28	-1	
5	1	85	1	1	1	960	625	146	28	95.000000	 
2	1	86	0	0	0	804	691	194	72	-1	
3	1	86	1	0	0	804	691	194	59	-1	
4	1	86	1	1	0	826	691	172	25	-1	
5	1	86	1	1	1	826	691	172	25	42.335457	.Φουσχίζωωωω1
4	1	86	1	2	0	804	724	185	39	-1	
5	1	86	1	2	1	804	729	17	14	89.305893	αι
5	1	86	1	2	2	837	724	11	24	39.589046	ἡ
5	1	86	1	2	3	862	726	127	37	64.171082	πραγματική
2	1	87	0	0	0	990	727	150	52	-1	
3	1	87	1	0	0	990	727	150	52	-1	
4	1	87	1	1	0	990	727	150	52	-1	
5	1	87	1	1	1	990	727	150	52	95.000000	  
2	1	88	0	0	0	868	777	212	38	-1	
3	1	88	1	0	0	868	777	212	38	-1	
4	1	88	1	1	0	868	777	212	38	-1	
5	1	88	1	1	1	868	791	135	23	79.411537	ΜΠΙΡΜΠ
5	1	88	1	1	2	1009	777	71	38	68.170128	ΙΛΗΣ
2	1	89	0	0	0	767	825	341	59	-1	
3	1	89	1	0	0	767	825	341	59	-1	
4	1	89	1	1	0	780	825	328	31	-1	
5	1	89	1	1	1	780	825	75	26	2.998650	Αθήνα
5	1	89	1	1	2	873	827	26	21	80.424728	19
5	1	89	1	1	3	917	828	118	28	43.148190	Ἱανοναρίου
5	1	89	1	1	4	1055	830	53	21	83.169380	1981
4	1	89	1	2	0	767	861	205	23	-1	
5	1	89	1	2	1	767	868	4	8	29.741226	»
5	1	89	1	2	2	795	861	177	23	0.000000	«ΓΕΩΡΓΙΤΣ»
2	1	90	0	0	0	921	892	229	135	-1	
3	1	90	1	0	0	921	892	229	135	-1	
4	1	90	1	1	0	965	892	179	26	-1	
5	1	90	1	1	1	965	892	179	26	95.000000	 
4	1	90	1	2	0	921	918	229	57	-1	
5	1	90	1	2	1	921	918	229	57	95.000000	   
4	1	90	1	3	0	945	975	113	27	-1	
5	1	90	1	3	1	945	975	113	27	95.000000	 
4	1	90	1	4	0	957	1014	31	13	-1	
5	1	90	1	4	1	957	1014	31	13	95.000000	 
2	1	91	0	0	0	991	972	149	193	-1	
3	1	91	1	0	0	991	972	149	98	-1	
4	1	91	1	1	0	1056	972	81	26	-1	
5	1	91	1	1	1	1056	972	22	26	75.263870	τή
5	1	91	1	1	2	1110	972	27	22	94.868561	ὅτι
4	1	91	1	2	0	991	1005	146	10	-1	
5	1	91	1	2	1	991	1005	42	8	0.000000	α.
5	1	91	1	2	2	1133	1008	4	7	0.000000	{
4	1	91	1	3	0	991	1014	148	21	-1	
5	1	91	1	3	1	991	1014	4	13	86.443176	{
5	1	91	1	3	2	1011	1014	25	13	81.439804	νὰ
5	1	91	1	3	3	1046	1015	93	20	88.169846	προχωρή
4	1	91	1	4	0	994	1041	146	29	-1	
5	1	91	1	4	1	994	1041	35	22	95.600945	πού
5	1	91	1	4	2	1039	1042	31	21	93.133934	πιό
5	1	91	1	4	3	1082	1051	58	19	85.775009	µπρο-
3	1	91	2	0	0	1007	1077	133	64	-1	
4	1	91	2	1	0	1016	1077	124	29	-1	
5	1	91	2	1	1	1016	1077	37	26	87.312279	τήν.
5	1	91	2	1	2	1065	1078	75	28	85.672127	ἀνόητη
4	1	91	2	2	0	999	1113	139	52	-1	
5	1	91	2	2	1	999	1121	32	18	65.139603	τήν,
5	1	91	2	2	2	1047	1113	91	52	29.678871	νὰ
2	1	92	0	0	0	1016	1157	64	19	-1	
3	1	92	1	0	0	1016	1157	64	19	-1	
4	1	92	1	1	0	1016	1157	64	19	-1	
5	1	92	1	1	1	1016	1157	64	19	40.802765	ιτρέφε
2	1	93	0	0	0	1117	1150	20	22	-1	
3	1	93	1	0	0	1117	1150	20	22	-1	
4	1	93	1	1	0	1132	1150	5	7	-1	
5	1	93	1	1	1	1132	1150	5	7	27.180016	/
4	1	93	1	2	0	1117	1160	20	12	-1	
5	1	93	1	2	1	1117	1160	20	12	96.677650	σε
2	1	94	0	0	0	569	1222	340	28	-1	
3	1	94	1	0	0	569	1222	340	28	-1	
4	1	94	1	1	0	569	1222	340	28	-1	
5	1	94	1	1	1	569	1224	53	20	90.444733	τοῦ...
5	1	94	1	1	2	632	1222	109	28	85.200943	ὁμοχωρίου
5	1	94	1	1	3	750	1232	31	12	93.267639	του
5	1	94	1	1	4	791	1222	118	28	46.308052	ὑποφηφίου:
2	1	95	0	0	0	648	1257	267	29	-1	
3	1	95	1	0	0	648	1257	267	29	-1	
4	1	95	1	1	0	648	1257	267	29	-1	
5	1	95	1	1	1	648	1257	33	22	92.838013	Μέ
5	1	95	1	1	2	696	1258	78	25	81.287964	πολλές
5	1	95	1	1	3	792	1258	123	28	87.403236	εὐχαριστίες
2	1	96	0	0	0	679	1292	205	23	-1	
3	1	96	1	0	0	679	1292	205	23	-1	
4	1	96	1	1	0	679	1292	205	23	-1	
5	1	96	1	1	1	679	1292	205	23	29.978622	ΜΠΙΡΜΗΙΛΗΣ
2	1	97	0	0	0	430	1383	383	56	-1	
3	1	97	1	0	0	430	1383	383	56	-1	
4	1	97	1	1	0	430	1383	383	56	-1	
5	1	97	1	1	1	430	1350	389	89	73.598854	ΕΠΙΣΤΟΛΗ:.
2	1	98	0	0	0	441	1449	322	153	-1	
3	1	98	1	0	0	441	1449	322	84	-1	
4	1	98	1	1	0	441	1449	322	50	-1	
5	1	98	1	1	1	441	1471	24	21	82.790344	ο
5	1	98	1	1	2	478	1449	112	48	0.000000	λος
5	1	98	1	1	3	591	1449	172	50	26.941475	πο
4	1	98	1	2	0	556	1507	98	26	-1	
5	1	98	1	2	1	556	1507	98	26	0.000000	᾽Απτηνῆς
3	1	98	2	0	0	482	1542	202	28	-1	
4	1	98	2	1	0	482	1542	202	28	-1	
5	1	98	2	1	1	482	1542	60	28	19.490471	Πρός
5	1	98	2	1	2	554	1542	30	23	0.000000	τόῃ
5	1	98	2	1	3	595	1551	19	14	50.726295	κ.
5	1	98	2	1	4	627	1542	57	28	53.245178	Πρόε
3	1	98	3	0	0	443	1578	175	24	-1	
4	1	98	3	1	0	443	1578	175	24	-1	
5	1	98	3	1	1	443	1579	36	22	63.010422	τῆς
5	1	98	3	1	2	495	1578	123	24	0.000000	ἸΚοωότητος
2	1	99	0	0	0	455	1610	83	27	-1	
3	1	99	1	0	0	455	1610	83	27	-1	
4	1	99	1	1	0	455	1610	83	27	-1	
5	1	99	1	1	1	455	1610	34	21	92.076851	Μέ
5	1	99	1	1	2	505	1611	33	26	57.664524	τήν
2	1	100	0	0	0	602	1542	129	99	-1	
3	1	100	1	0	0	602	1542	129	99	-1	
4	1	100	1	1	0	648	1542	83	28	-1	
5	1	100	1	1	1	648	1542	83	28	95.000000	 
4	1	100	1	2	0	602	1609	114	32	-1	
5	1	100	1	2	1	602	1609	114	32	95.000000	 
2	1	101	0	0	0	574	1578	204	54	-1	
3	1	101	1	0	0	574	1578	204	54	-1	
4	1	101	1	1	0	633	1578	133	25	-1	
5	1	101	1	1	1	633	1578	133	25	27.734955	Τεωργιτσίου
4	1	101	1	2	0	574	1612	204	20	-1	
5	1	101	1	2	1	574	1612	48	20	76.557449	ἀποπ
5	1	101	1	2	2	748	1613	30	19	91.925011	τοῦ
2	1	102	0	0	0	646	1649	134	23	-1	
3	1	102	1	0	0	646	1649	134	23	-1	
4	1	102	1	1	0	646	1649	134	23	-1	
5	1	102	1	1	1	646	1655	36	17	16.865997	ση
5	1	102	1	1	2	696	1649	31	19	92.479691	τοῦ
5	1	102	1	1	3	740	1655	40	13	0.000000	κοι-
2	1	103	0	0	0	55	1676	402	47	-1	
3	1	103	1	0	0	55	1676	402	47	-1	
4	1	103	1	1	0	55	1676	402	47	-1	
5	1	103	1	1	1	55	1698	82	25	24.383919	µερωῆς
5	1	103	1	1	2	156	1698	9	21	91.624611	ὁ
5	1	103	1	1	3	180	1697	68	25	84.080482	Δῆμος
5	1	103	1	1	4	263	1697	27	21	91.991348	Ν.
5	1	103	1	1	5	305	1676	101	47	0.000000	Ὀδροθός
5	1	103	1	1	6	427	1691	30	12	10.450089	ο
2	1	104	0	0	0	54	1731	290	28	-1	
3	1	104	1	0	0	54	1731	290	28	-1	
4	1	104	1	1	0	54	1731	290	28	-1	
5	1	104	1	1	1	54	1733	39	25	86.455872	λης
5	1	104	1	1	2	109	1732	34	21	93.277473	πού
5	1	104	1	1	3	155	1731	48	27	75.630074	ἦπαν
5	1	104	1	1	4	218	1731	126	28	22.772575	πρωτοπόρος
2	1	105	0	0	0	95	1767	309	27	-1	
3	1	105	1	0	0	95	1767	309	27	-1	
4	1	105	1	1	0	95	1767	309	27	-1	
5	1	105	1	1	1	95	1767	59	22	64.245758	ἐδαλε
5	1	105	1	1	2	168	1767	21	22	74.420464	τό
5	1	105	1	1	3	202	1769	133	25	0.000000	μεγαλύτερο
5	1	105	1	1	4	349	1767	55	22	68.022522	ποσόν
2	1	106	0	0	0	279	1776	25	13	-1	
3	1	106	1	0	0	279	1776	25	13	-1	
4	1	106	1	1	0	279	1776	25	13	-1	
5	1	106	1	1	1	279	1776	25	13	95.000000	  
2	1	107	0	0	0	55	1776	38	13	-1	
3	1	107	1	0	0	55	1776	38	13	-1	
4	1	107	1	1	0	55	1776	38	13	-1	
5	1	107	1	1	1	55	1776	38	13	5.832520	Ἀναιτ'
2	1	108	0	0	0	52	1800	427	170	-1	
3	1	108	1	0	0	52	1800	427	170	-1	
4	1	108	1	1	0	181	1800	39	26	-1	
5	1	108	1	1	1	181	1800	39	26	95.000000	 
4	1	108	1	2	0	184	1826	26	37	-1	
5	1	108	1	2	1	184	1826	26	37	95.000000	 
4	1	108	1	3	0	52	1905	410	31	-1	
5	1	108	1	3	1	52	1905	410	31	95.000000	 
4	1	108	1	4	0	52	1936	427	34	-1	
5	1	108	1	4	1	52	1936	427	34	95.000000	 
2	1	109	0	0	0	304	1802	21	22	-1	
3	1	109	1	0	0	304	1802	21	22	-1	
4	1	109	1	1	0	304	1802	21	22	-1	
5	1	109	1	1	1	304	1802	21	22	95.000000	 
2	1	110	0	0	0	55	1803	244	27	-1	
3	1	110	1	0	0	55	1803	244	27	-1	
4	1	110	1	1	0	55	1803	244	27	-1	
5	1	110	1	1	1	55	1803	33	27	69.643341	γιά
5	1	110	1	1	2	101	1803	22	26	93.145416	τή
5	1	110	1	1	3	137	1803	43	21	75.805672	διάνι
5	1	110	1	1	4	235	1805	31	20	95.348618	τοῦ
5	1	110	1	1	5	279	1805	20	25	65.126266	δρ
2	1	111	0	0	0	54	1838	351	84	-1	
3	1	111	1	0	0	54	1838	350	63	-1	
4	1	111	1	1	0	56	1838	128	28	-1	
5	1	111	1	1	1	56	1839	38	27	41.365227	«Αγ
5	1	111	1	1	2	108	1838	76	28	73.135109	Γεώρηι
4	1	111	1	2	0	54	1874	351	48	-1	
5	1	111	1	2	1	54	1875	125	26	49.193386	γεφοδιασθεῖ
5	1	111	1	2	2	192	1874	54	22	40.984730	καλά
5	1	111	1	2	3	260	1874	22	26	82.668243	µέ
5	1	111	1	2	4	295	1875	26	40	48.257393	το
5	1	111	1	2	5	306	1882	61	40	43.124802	μη
5	1	111	1	2	6	388	1883	17	12	78.418037	σι
2	1	112	0	0	0	50	1954	355	58	-1	
3	1	112	1	0	0	50	1954	355	58	-1	
4	1	112	1	1	0	50	1954	355	58	-1	
5	1	112	1	1	1	50	1977	35	35	57.562866	---
5	1	112	1	1	2	101	1954	69	54	25.222099	ρθς
5	1	112	1	1	3	183	1981	11	26	80.333580	ἡ
5	1	112	1	1	4	207	1990	11	12	17.965233	ο
5	1	112	1	1	5	245	1954	43	54	0.000000	οὲ
5	1	112	1	1	6	311	1981	58	26	0.000000	Ἰων)
5	1	112	1	1	7	374	1989	31	13	7.273453	νου
2	1	113	0	0	0	54	2016	379	482	-1	
3	1	113	1	0	0	54	2016	354	482	-1	
4	1	113	1	1	0	55	2016	351	27	-1	
5	1	113	1	1	1	55	2018	96	25	73.393112	Ἰκολοξοῦ,
5	1	113	1	1	2	167	2016	20	23	92.399368	τό
5	1	113	1	1	3	201	2016	57	27	81.664940	γένος
5	1	113	1	1	4	289	2016	117	27	0.000000	Γὔαγγέλου
4	1	113	1	2	0	56	2052	105	28	-1	
5	1	113	1	2	1	56	2052	105	28	58.854809	Τιάνναρη.
4	1	113	1	3	0	84	2088	162	21	-1	
5	1	113	1	3	1	84	2088	162	21	51.590347	ΔΙΟΡΙΣΜΟΙ:
4	1	113	1	4	0	91	2123	171	28	-1	
5	1	113	1	4	1	91	2132	9	16	87.912781	ς
5	1	113	1	4	2	110	2124	23	21	87.912781	Δ.
5	1	113	1	4	3	146	2123	116	28	89.209312	Τσιάγκρας
4	1	113	1	5	0	95	2158	311	28	-1	
5	1	113	1	5	1	95	2162	3	3	0.000000	ἳ
5	1	113	1	5	2	184	2167	8	12	55.700676	ν
5	1	113	1	5	3	205	2158	95	28	8.419891	Γραφείου
5	1	113	1	5	4	321	2159	85	21	57.776093	ΕΛ-ΤΑ
4	1	113	1	6	0	193	2194	213	27	-1	
5	1	113	1	6	1	193	2203	12	17	85.617226	η
5	1	113	1	6	2	221	2194	36	21	93.283974	ἀπό
5	1	113	1	6	3	272	2194	88	27	27.558533	Ἱκαστόρι
5	1	113	1	6	4	377	2194	29	24	89.314743	εἰς
4	1	113	1	7	0	56	2229	242	27	-1	
5	1	113	1	7	1	56	2230	113	25	59.727818	Ἠαλούμπα
5	1	113	1	7	2	180	2229	118	27	65.147522	᾿Αρικαδίας,
4	1	113	1	8	0	54	2264	379	27	-1	
5	1	113	1	8	1	54	2278	29	3	19.215225	--
5	1	113	1	8	2	99	2265	27	21	54.846378	Ἡ
5	1	113	1	8	3	141	2274	18	13	94.146683	κ.
5	1	113	1	8	4	172	2264	110	27	92.269478	Καλλιόπη
5	1	113	1	8	5	294	2265	25	21	60.600945	Ἑ.
5	1	113	1	8	6	332	2264	101	27	31.250648	Ζιώτη-
5	1	113	1	8	7	413	2260	24	36	69.887817	|
4	1	113	1	9	0	56	2300	209	27	-1	
5	1	113	1	9	1	56	2300	99	27	90.138771	Τιάνναρη
5	1	113	1	9	2	171	2300	94	27	78.913269	θεολόγος
4	1	113	1	10	0	57	2335	120	23	-1	
5	1	113	1	10	1	57	2335	34	22	84.551445	στό
5	1	113	1	10	2	98	2335	79	23	44.613499	Γύβειο,
4	1	113	1	11	0	56	2371	352	27	-1	
5	1	113	1	11	1	56	2385	29	2	46.295910	--
5	1	113	1	11	2	101	2371	26	21	77.130829	Ἡ
5	1	113	1	11	3	143	2372	16	21	72.916809	δ.
5	1	113	1	11	4	174	2371	69	22	92.357933	Βούλα
5	1	113	1	11	5	258	2371	107	27	45.369278	Τσιάγχκρα
5	1	113	1	11	6	380	2380	28	18	46.037197	φ-
4	1	113	1	12	0	56	2406	351	28	-1	
5	1	113	1	12	1	56	2407	86	26	83.630157	λόλαγος
5	1	113	1	12	2	161	2407	112	27	94.045013	διορίστηκε
5	1	113	1	12	3	293	2406	56	25	92.611801	στούς
5	1	113	1	12	4	365	2407	42	20	31.554466	ΜΠο-
4	1	113	1	13	0	55	2441	314	28	-1	
5	1	113	1	13	1	55	2442	69	24	71.788330	λάους.
5	1	113	1	13	2	135	2441	68	28	87.483932	Θερμά
5	1	113	1	13	3	213	2441	156	27	93.818527	συγχαρητήρια.
4	1	113	1	14	0	55	2477	345	21	-1	
5	1	113	1	14	1	55	2477	83	21	70.812042	ΑΠΟΣ
5	1	113	1	14	2	165	2477	235	21	55.652164	ΚΩΝΣΤΑΝΤΙΝΟΣ
2	1	114	0	0	0	271	2088	136	25	-1	
3	1	114	1	0	0	271	2088	136	25	-1	
4	1	114	1	1	0	271	2088	136	25	-1	
5	1	114	1	1	1	271	2088	24	21	42.810616	Ὁ
5	1	114	1	1	2	309	2097	18	12	85.097481	κ,
5	1	114	1	1	3	352	2088	55	27	88.455727	Χρῆ-
2	1	115	0	0	0	51	2155	139	72	-1	
3	1	115	1	0	0	51	2155	139	72	-1	
4	1	115	1	1	0	51	2155	139	72	-1	
5	1	115	1	1	1	51	2155	139	72	95.000000	  
2	1	116	0	0	0	295	2300	111	27	-1	
3	1	116	1	0	0	295	2300	111	27	-1	
4	1	116	1	1	0	295	2300	111	27	-1	
5	1	116	1	1	1	295	2300	111	27	21.260590	διορίστηκε
2	1	117	0	0	0	57	2547	351	134	-1	
3	1	117	1	0	0	57	2547	351	134	-1	
4	1	117	1	1	0	85	2547	322	28	-1	
5	1	117	1	1	1	85	2547	109	23	34.764420	Απεβίωσε
5	1	117	1	1	2	204	2548	31	24	93.115578	εἰς
5	1	117	1	1	3	249	2547	49	28	29.127724	“Α.
5	1	117	1	1	4	310	2548	97	22	0.000000	ἴζωνσταν
4	1	117	1	2	0	57	2582	351	28	-1	
5	1	117	1	2	1	57	2585	49	20	71.824905	τῖνον
5	1	117	1	2	2	120	2585	9	20	92.951180	ὁ
5	1	117	1	2	3	141	2584	96	25	0.000000	Κων)ηος
5	1	117	1	2	4	252	2582	121	28	19.848129	᾽Αρδανίτης
5	1	117	1	2	5	391	2584	17	20	91.375488	ἐ-
4	1	117	1	3	0	57	2618	350	28	-1	
5	1	117	1	3	1	57	2620	37	20	96.970093	τῶν
5	1	117	1	3	2	108	2619	33	22	60.778793	60.
5	1	117	1	3	3	156	2618	82	27	83.691467	Ἐπίσης
5	1	117	1	3	4	253	2620	8	21	89.811722	ὁ
5	1	117	1	3	5	278	2619	91	27	70.398178	Σταῦρος
5	1	117	1	3	6	384	2618	23	22	92.058044	Δ.
4	1	117	1	4	0	57	2654	238	27	-1	
5	1	117	1	4	1	57	2655	90	26	91.674210	Ῥοῦμπος
5	1	117	1	4	2	157	2654	45	26	82.488068	στήν
5	1	117	1	4	3	213	2654	82	26	82.488068	᾿Αθήνα.
2	1	118	0	0	0	61	2712	341	5	-1	
3	1	118	1	0	0	61	2712	341	5	-1	
4	1	118	1	1	0	61	2712	341	5	-1	
5	1	118	1	1	1	61	2712	341	5	95.000000	 
2	1	119	0	0	0	85	2742	323	28	-1	
3	1	119	1	0	0	85	2742	323	28	-1	
4	1	119	1	1	0	85	2742	323	28	-1	
5	1	119	1	1	1	85	2742	24	21	45.700829	Ὁ
5	1	119	1	1	2	123	2751	18	13	94.968979	κ.
5	1	119	1	1	3	158	2742	93	26	39.201279	Βασίλης
5	1	119	1	1	4	270	2743	30	21	79.256912	Ἡ.
5	1	119	1	1	5	314	2742	94	28	33.380569	ΓΚαραλέ-
2	1	120	0	0	0	161	2780	24	19	-1	
3	1	120	1	0	0	161	2780	24	19	-1	
4	1	120	1	1	0	161	2780	24	19	-1	
5	1	120	1	1	1	161	2780	24	19	95.000000	 
2	1	121	0	0	0	56	2777	351	99	-1	
3	1	121	1	0	0	56	2777	351	99	-1	
4	1	121	1	1	0	56	2777	351	45	-1	
5	1	121	1	1	1	56	2786	45	36	80.669952	μας,
5	1	121	1	1	2	111	2777	94	22	70.865173	πατέθεσε
5	1	121	1	1	3	216	2778	62	21	88.465538	1.000
5	1	121	1	1	4	289	2779	42	26	95.105659	δρχ.
5	1	121	1	1	5	342	2778	33	26	65.480377	γιά
5	1	121	1	1	6	386	2777	21	23	75.171875	τὸ
4	1	121	1	2	0	82	2813	324	27	-1	
5	1	121	1	2	1	82	2814	42	26	14.117516	ἱοῶο
5	1	121	1	2	2	137	2813	139	27	28.536827	ΤΓεωρηιτσίου,
5	1	121	1	2	3	289	2814	29	24	96.366493	εἰς
5	1	121	1	2	4	332	2813	74	27	71.810928	μνήμη)
4	1	121	1	3	0	56	2849	350	27	-1	
5	1	121	1	3	1	56	2850	32	20	91.903992	ποῦ
5	1	121	1	3	2	104	2849	84	27	79.549980	ἀδελφοῦ
5	1	121	1	3	3	206	2857	32	13	96.772186	του
5	1	121	1	3	4	252	2849	97	27	89.931854	Δημήτρη
5	1	121	1	3	5	379	2850	27	20	67.224854	ἩΠ.
2	1	122	0	0	0	57	2883	118	29	-1	
3	1	122	1	0	0	57	2883	118	29	-1	
4	1	122	1	1	0	57	2883	118	29	-1	
5	1	122	1	1	1	57	2883	118	29	61.818577	Καραλέμ.
2	1	123	0	0	0	55	2974	351	130	-1	
3	1	123	1	0	0	55	2974	351	130	-1	
4	1	123	1	1	0	85	2974	321	28	-1	
5	1	123	1	1	1	85	2974	141	21	93.217499	ΠΩΛΕΙΤΑΙ
5	1	123	1	1	2	243	2974	111	28	93.156311	οἰκόπεδο
5	1	123	1	1	3	365	2982	41	14	81.155975	Κον
4	1	123	1	2	0	55	3009	351	29	-1	
5	1	123	1	2	1	55	3009	30	21	96.471359	τά
5	1	123	1	2	2	102	3009	56	28	93.083893	στήν
5	1	123	1	2	3	174	3010	135	28	92.894493	Ὑπαπαντή
5	1	123	1	2	4	327	3010	25	21	0.000000	5
5	1	123	1	2	5	366	3010	40	26	20.446091	Ι)2
4	1	123	1	3	0	55	3045	349	29	-1	
5	1	123	1	3	1	55	3045	63	21	80.587189	Χ22.
5	1	123	1	3	2	151	3046	172	27	76.631004	Πληροφορίες,
5	1	123	1	3	3	354	3046	50	28	94.212799	τηλ.
4	1	123	1	4	0	56	3080	202	24	-1	
5	1	123	1	4	1	56	3080	72	23	76.672943	26485
5	1	123	1	4	2	137	3081	121	23	90.653503	ΣΠΑΡΤΗ.
2	1	124	0	0	0	210	1802	196	63	-1	
3	1	124	1	0	0	210	1802	196	58	-1	
4	1	124	1	1	0	326	1802	79	27	-1	
5	1	124	1	1	1	326	1802	79	27	89.620178	ουπρός
4	1	124	1	2	0	210	1839	196	26	-1	
5	1	124	1	2	1	210	1839	121	26	29.434784	.Ἐπιθυμεῖ
5	1	124	1	2	2	349	1838	23	22	93.286942	νά
5	1	124	1	2	3	387	1839	19	20	87.758835	ᾱ-
2	1	125	0	0	0	275	2124	155	26	-1	
3	1	125	1	0	0	275	2124	155	26	-1	
4	1	125	1	1	0	275	2124	155	26	-1	
5	1	125	1	1	1	275	2124	107	26	96.407036	προήχθη
5	1	125	1	1	2	377	2124	28	23	95.252205	εἰς
5	1	125	1	1	3	428	2136	2	5	64.890930	|.
2	1	126	0	0	0	372	1730	74	23	-1	
3	1	126	1	0	0	372	1730	74	23	-1	
4	1	126	1	1	0	372	1730	74	23	-1	
5	1	126	1	1	1	372	1731	33	22	0.000000	πα
5	1	126	1	1	2	427	1730	19	14	0.000000	ι
2	1	127	0	0	0	411	1641	374	205	-1	
3	1	127	1	0	0	411	1641	374	205	-1	
4	1	127	1	1	0	411	1641	374	205	-1	
5	1	127	1	1	1	411	1641	374	205	95.000000	    
2	1	128	0	0	0	464	1803	316	52	-1	
3	1	128	1	0	0	464	1803	316	52	-1	
4	1	128	1	1	0	464	1803	316	52	-1	
5	1	128	1	1	1	464	1824	29	22	25.267456	πό
5	1	128	1	1	2	507	1806	56	45	0.000000	Σωμέ
5	1	128	1	1	3	554	1803	59	52	0.000000	λούλις
5	1	128	1	1	4	604	1834	15	13	48.630066	ο
5	1	128	1	1	5	635	1824	34	27	91.002266	γιά
5	1	128	1	1	6	689	1825	33	26	91.601822	τήν
5	1	128	1	1	7	739	1807	41	39	0.000000	ὑλν.
2	1	129	0	0	0	427	1860	353	27	-1	
3	1	129	1	0	0	427	1860	353	27	-1	
4	1	129	1	1	0	427	1860	353	27	-1	
5	1	129	1	1	1	427	1861	26	25	66.034378	κή
5	1	129	1	1	2	471	1860	95	27	37.233360	(διάΦεση
5	1	129	1	1	3	581	1861	94	25	96.250893	σωλήνων
5	1	129	1	1	4	691	1860	33	22	58.286552	καί
5	1	129	1	1	5	739	1862	41	20	48.241516	λοι-
2	1	130	0	0	0	444	1898	18	3	-1	
3	1	130	1	0	0	444	1898	18	3	-1	
4	1	130	1	1	0	444	1898	18	3	-1	
5	1	130	1	1	1	444	1898	18	3	95.000000	 
2	1	131	0	0	0	459	1896	235	27	-1	
3	1	131	1	0	0	459	1896	235	27	-1	
4	1	131	1	1	0	459	1896	235	27	-1	
5	1	131	1	1	1	459	1905	7	11	86.271957	ν
5	1	131	1	1	2	482	1896	83	27	75.602448	ὑλικῶν)
5	1	131	1	1	3	585	1896	32	21	90.934608	καὶ
5	1	131	1	1	4	636	1896	58	26	27.428635	ἠθηνή
2	1	132	0	0	0	705	1901	18	20	-1	
3	1	132	1	0	0	705	1901	18	20	-1	
4	1	132	1	1	0	705	1901	18	20	-1	
5	1	132	1	1	1	705	1901	18	20	95.000000	 
2	1	133	0	0	0	746	1904	33	13	-1	
3	1	133	1	0	0	746	1904	33	13	-1	
4	1	133	1	1	0	746	1904	33	13	-1	
5	1	133	1	1	1	746	1904	33	13	54.454552	πα-
2	1	134	0	0	0	726	1900	12	26	-1	
3	1	134	1	0	0	726	1900	12	26	-1	
4	1	134	1	1	0	726	1900	12	26	-1	
5	1	134	1	1	1	726	1900	12	26	95.000000	 
2	1	135	0	0	0	467	1932	311	26	-1	
3	1	135	1	0	0	467	1932	311	26	-1	
4	1	135	1	1	0	467	1932	311	26	-1	
5	1	135	1	1	1	467	1932	49	26	78.293228	πασή
5	1	135	1	1	2	539	1940	31	13	90.702972	του
5	1	135	1	1	3	587	1932	46	25	77.532669	στήν
5	1	135	1	1	4	666	1932	112	25	28.782028	Ἱατασευή
2	1	136	0	0	0	429	1967	113	28	-1	
3	1	136	1	0	0	429	1967	113	28	-1	
4	1	136	1	1	0	429	1967	113	28	-1	
5	1	136	1	1	1	429	1969	32	20	83.765106	τοῦ
5	1	136	1	1	2	475	1967	67	28	43.589828	ἔρηου.
2	1	137	0	0	0	427	2020	352	57	-1	
3	1	137	1	0	0	427	2020	352	57	-1	
4	1	137	1	1	0	457	2020	322	53	-1	
5	1	137	1	1	1	457	2020	92	53	0.000000	πλν
5	1	137	1	1	2	564	2028	78	41	15.362556	ο
5	1	137	1	1	3	667	2022	37	25	0.000000	μ
5	1	137	1	1	4	727	2020	52	25	95.791603	ὅπως
4	1	137	1	2	0	427	2056	78	21	-1	
5	1	137	1	2	1	427	2056	78	21	8.060928	διαδιθά
2	1	138	0	0	0	502	2060	272	27	-1	
3	1	138	1	0	0	502	2060	272	27	-1	
4	1	138	1	1	0	502	2060	272	27	-1	
5	1	138	1	1	1	502	2060	272	27	95.000000	 
2	1	139	0	0	0	428	2072	353	76	-1	
3	1	139	1	0	0	428	2072	353	76	-1	
4	1	139	1	1	0	428	2072	352	47	-1	
5	1	139	1	1	1	428	2091	125	27	47.096489	Παμαγιώτη
5	1	139	1	1	2	570	2092	21	21	56.330421	Τ..
5	1	139	1	1	3	607	2072	68	41	0.000000	λόας
5	1	139	1	1	4	690	2091	30	25	93.036636	τίς
5	1	139	1	1	5	734	2093	46	26	78.736786	9ερ-
4	1	139	1	2	0	733	2128	48	20	-1	
5	1	139	1	2	1	733	2128	48	20	4.832756	Σην-
2	1	140	0	0	0	463	2132	135	46	-1	
3	1	140	1	0	0	463	2132	135	46	-1	
4	1	140	1	1	0	463	2132	135	28	-1	
5	1	140	1	1	1	463	2132	135	28	95.000000	  
4	1	140	1	2	0	547	2160	42	18	-1	
5	1	140	1	2	1	547	2160	42	18	95.000000	  
2	1	141	0	0	0	428	2135	353	115	-1	
3	1	141	1	0	0	428	2135	353	90	-1	
4	1	141	1	1	0	579	2135	124	19	-1	
5	1	141	1	1	1	579	2127	73	27	73.409363	ριστίες
5	1	141	1	1	2	672	2129	31	20	96.231529	τοῦ
4	1	141	1	2	0	520	2162	261	28	-1	
5	1	141	1	2	1	520	2170	61	20	39.598122	γιατί,
5	1	141	1	2	2	598	2162	53	25	77.682785	ὅλως
5	1	141	1	2	3	676	2163	105	27	45.170532	ἀφιλοχερ-
4	1	141	1	3	0	428	2198	162	52	-1	
5	1	141	1	3	1	428	2200	46	47	19.681046	ον
5	1	141	1	3	2	477	2242	6	4	19.474037	ο
5	1	141	1	3	3	523	2198	67	52	30.419807	ινα
2	1	142	0	0	0	428	2150	75	39	-1	
3	1	142	1	0	0	428	2150	75	39	-1	
4	1	142	1	1	0	428	2150	75	39	-1	
5	1	142	1	1	1	428	2150	46	39	20.130905	λέτμ
5	1	142	1	1	2	477	2171	26	15	74.354767	ου.
2	1	143	0	0	0	633	2198	146	27	-1	
3	1	143	1	0	0	633	2198	146	27	-1	
4	1	143	1	1	0	633	2198	146	27	-1	
5	1	143	1	1	1	633	2198	22	26	96.276062	τή
5	1	143	1	1	2	666	2198	113	27	95.723900	προσωπική
2	1	144	0	0	0	587	2198	192	63	-1	
3	1	144	1	0	0	587	2198	192	63	-1	
4	1	144	1	1	0	587	2198	192	63	-1	
5	1	144	1	1	1	587	2198	192	63	95.000000	 
2	1	145	0	0	0	428	2286	352	204	-1	
3	1	145	1	0	0	428	2286	352	199	-1	
4	1	145	1	1	0	457	2286	323	63	-1	
5	1	145	1	1	1	457	2321	34	22	76.606171	Μέ
5	1	145	1	1	2	506	2322	33	26	96.581467	τήν
5	1	145	1	1	3	539	2286	104	63	56.201267	--
5	1	145	1	1	4	656	2324	37	20	93.190712	τῶν
5	1	145	1	1	5	707	2323	73	26	93.045135	ἑορτῶν
4	1	145	1	2	0	429	2357	351	28	-1	
5	1	145	1	2	1	429	2359	38	20	95.054543	τῶν
5	1	145	1	2	2	475	2357	165	28	69.012146	Χριστουγέννων
5	1	145	1	2	3	654	2357	33	22	52.209213	καί
5	1	145	1	2	4	705	2359	32	20	91.624565	τοῦ
5	1	145	1	2	5	749	2357	31	21	91.354416	Νέ
4	1	145	1	3	0	440	2393	340	26	-1	
5	1	145	1	3	1	440	2402	8	13	80.782539	υ
5	1	145	1	3	2	466	2394	75	21	51.679474	Ἔπους,
5	1	145	1	3	3	578	2395	36	23	90.536911	σᾶς
5	1	145	1	3	4	642	2393	138	26	14.856491	διαθιθάζουµε
4	1	145	1	4	0	428	2428	351	27	-1	
5	1	145	1	4	1	428	2428	30	24	74.263428	τίς
5	1	145	1	4	2	469	2429	61	26	0.000000	ἐγιιάρ
5	1	145	1	4	3	596	2428	48	24	64.700417	ὀχές
5	1	145	1	4	4	659	2430	31	20	93.216499	τοῦ
5	1	145	1	4	5	701	2429	78	25	61.351997	Διούκη-
4	1	145	1	5	0	431	2463	198	27	-1	
5	1	145	1	5	1	431	2465	54	21	10.602951	τικοῦ
5	1	145	1	5	2	501	2463	128	27	66.123718	Συμβουλίου.
2	1	146	0	0	0	506	2402	34	16	-1	
3	1	146	1	0	0	506	2402	34	16	-1	
4	1	146	1	1	0	506	2402	34	16	-1	
5	1	146	1	1	1	506	2402	34	16	95.000000	  
2	1	147	0	0	0	532	2437	86	15	-1	
3	1	147	1	0	0	532	2437	86	15	-1	
4	1	147	1	1	0	532	2437	86	15	-1	
5	1	147	1	1	1	532	2437	86	15	95.000000	 
2	1	148	0	0	0	443	2498	324	141	-1	
3	1	148	1	0	0	443	2498	324	141	-1	
4	1	148	1	1	0	443	2498	324	27	-1	
5	1	148	1	1	1	443	2499	38	21	95.269302	Διά
5	1	148	1	1	2	493	2499	22	22	91.197556	τό
5	1	148	1	1	3	526	2499	116	26	57.796074	Διοικητικό
5	1	148	1	1	4	657	2498	110	27	71.185333	Συμθούλιο
4	1	148	1	2	0	506	2539	200	22	-1	
5	1	148	1	2	1	506	2541	20	20	54.708996	ο
5	1	148	1	2	2	547	2539	159	22	57.697380	ΠΡΟΒΔΡΟΣ
4	1	148	1	3	0	481	2575	252	24	-1	
5	1	148	1	3	1	481	2576	45	21	0.000000	Χρ.
5	1	148	1	3	2	540	2576	31	23	0.000000	ΠΠ
5	1	148	1	3	3	581	2575	152	22	74.168427	ΜΠΒΑΚΑΣ
4	1	148	1	4	0	450	2610	308	29	-1	
5	1	148	1	4	1	450	2611	17	21	85.233109	Ο
5	1	148	1	4	2	481	2611	62	21	93.285484	ΤΗΝ.
5	1	148	1	4	3	558	2610	200	29	36.285393	ΓΡΑΜΝΜΑΤΕΥΣ
2	1	149	0	0	0	457	2646	286	22	-1	
3	1	149	1	0	0	457	2646	286	22	-1	
4	1	149	1	1	0	457	2646	286	22	-1	
5	1	149	1	1	1	457	2647	75	21	92.202003	ΔΙΟΝ.
5	1	149	1	1	2	546	2647	45	21	91.603745	ΧΡ,
5	1	149	1	1	3	609	2646	134	20	89.281906	ΜΠΑΚΗΣ
2	1	150	0	0	0	450	2705	324	2	-1	
3	1	150	1	0	0	450	2705	324	2	-1	
4	1	150	1	1	0	450	2705	324	2	-1	
5	1	150	1	1	1	450	2705	324	2	95.000000	 
2	1	151	0	0	0	428	2734	351	375	-1	
3	1	151	1	0	0	428	2734	351	94	-1	
4	1	151	1	1	0	527	2734	153	22	-1	
5	1	151	1	1	1	527	2734	153	22	63.249718	ΓΕΩΡΠΤΣΙ
4	1	151	1	2	0	432	2770	341	22	-1	
5	1	151	1	2	1	432	2770	155	22	88.423782	ΔΙΜΗΝΙΑΙΑ
5	1	151	1	2	2	602	2770	171	21	95.618507	ΕΦΗΜΕΡΙΔΑ
4	1	151	1	3	0	428	2805	351	23	-1	
5	1	151	1	3	1	428	2805	136	23	93.302025	ΕΚΔΟΤΗΣ
5	1	151	1	3	2	582	2805	197	23	66.244141	-ΔΙΕΥΘΥΝΤΗΣ
3	1	151	2	0	0	428	2841	350	100	-1	
4	1	151	2	1	0	457	2841	292	27	-1	
5	1	151	2	1	1	457	2841	124	25	69.369751	Ὑπεύβυνος
5	1	151	2	1	2	601	2841	54	22	84.872620	κατὰ
5	1	151	2	1	3	681	2841	68	27	14.965096	ἨἈόμον
4	1	151	2	2	0	428	2877	350	23	-1	
5	1	151	2	2	1	428	2877	69	23	93.302299	ΚΩΝ.
5	1	151	2	2	2	515	2878	28	22	36.462559	Η.
5	1	151	2	2	3	565	2877	213	22	88.038437	ΓΙΑΝΝΑΚΑΚΗΣ
4	1	151	2	3	0	429	2912	349	29	-1	
5	1	151	2	3	1	429	2913	113	28	13.979256	Λυκούργου
5	1	151	2	3	2	560	2912	28	23	25.497070	ο”
5	1	151	2	3	3	604	2926	29	3	51.875057	--
5	1	151	2	3	4	650	2913	128	21	96.521980	ΣΠΑΡΤΗ
3	1	151	3	0	0	531	2947	161	26	-1	
4	1	151	3	1	0	531	2947	161	26	-1	
5	1	151	3	1	1	531	2949	55	24	44.413261	Ταλ.
5	1	151	3	1	2	603	2947	89	24	51.740723	28-9-16
3	1	151	4	0	0	449	2984	307	28	-1	
4	1	151	4	1	0	449	2984	307	28	-1	
5	1	151	4	1	1	449	2984	120	25	31.951576	'Ὑπεύθυνος
5	1	151	4	1	2	607	2984	149	28	81.482376	Τυπογραφείου
3	1	151	5	0	0	435	3021	311	47	-1	
4	1	151	5	1	0	459	3021	287	18	-1	
5	1	151	5	1	1	459	3021	84	18	91.847092	ΕΛΕΥΘ.
5	1	151	5	1	2	566	3022	20	17	87.726051	Κ.
5	1	151	5	1	3	609	3021	137	18	90.353683	ΝΙΚΟΛΑΡΟΣ
4	1	151	5	2	0	435	3046	269	22	-1	
5	1	151	5	2	1	435	3046	69	22	91.771011	Ἐπησία
5	1	151	5	2	2	516	3042	9	31	66.363785	'
5	1	151	5	2	3	533	3046	96	22	90.506882	συνδροµή
5	1	151	5	2	4	649	3046	55	22	90.779953	δραχ.
3	1	151	6	0	0	457	3080	177	29	-1	
4	1	151	6	1	0	457	3080	177	29	-1	
5	1	151	6	1	1	457	3080	112	29	88.856392	᾽Αμερικῆς
5	1	151	6	1	2	590	3080	44	23	87.010727	δολ.
2	1	152	0	0	0	722	3046	57	57	-1	
3	1	152	1	0	0	722	3046	57	57	-1	
4	1	152	1	1	0	749	3046	30	17	-1	
5	1	152	1	1	1	749	3046	30	17	96.132042	150
4	1	152	1	2	0	722	3079	27	24	-1	
5	1	152	1	2	1	722	3079	27	24	88.266594	19
2	1	153	0	0	0	796	1660	359	108	-1	
3	1	153	1	0	0	796	1660	359	108	-1	
4	1	153	1	1	0	796	1660	359	108	-1	
5	1	153	1	1	1	796	1660	359	108	95.000000	 
2	1	154	0	0	0	789	1892	6	1195	-1	
3	1	154	1	0	0	789	1892	6	1195	-1	
4	1	154	1	1	0	789	1892	6	1195	-1	
5	1	154	1	1	1	789	1892	6	1195	95.000000	 
2	1	155	0	0	0	799	1354	313	2	-1	
3	1	155	1	0	0	799	1354	313	2	-1	
4	1	155	1	1	0	799	1354	313	2	-1	
5	1	155	1	1	1	799	1354	313	2	95.000000	 
2	1	156	0	0	0	944	1417	4	7	-1	
3	1	156	1	0	0	944	1417	4	7	-1	
4	1	156	1	1	0	944	1417	4	7	-1	
5	1	156	1	1	1	944	1417	4	7	0.000000	,
2	1	157	0	0	0	800	1444	138	112	-1	
3	1	157	1	0	0	800	1444	138	112	-1	
4	1	157	1	1	0	800	1444	138	112	-1	
5	1	157	1	1	1	800	1444	138	112	95.000000	  
2	1	158	0	0	0	942	1417	212	63	-1	
3	1	158	1	0	0	942	1417	212	63	-1	
4	1	158	1	1	0	1093	1417	61	27	-1	
5	1	158	1	1	1	1093	1417	61	27	39.629440	λίγοι,
4	1	158	1	2	0	942	1453	212	27	-1	
5	1	158	1	2	1	942	1462	8	12	0.000000	ε
5	1	158	1	2	2	965	1453	67	21	90.467117	λοιπόν
5	1	158	1	2	3	1054	1452	30	22	56.506187	τό)
5	1	158	1	2	4	1100	1453	54	27	79.988632	κύριο
2	1	159	0	0	0	1015	1425	48	14	-1	
3	1	159	1	0	0	1015	1425	48	14	-1	
4	1	159	1	1	0	1015	1425	48	14	-1	
5	1	159	1	1	1	1015	1421	48	18	78.450195	εἶναι
2	1	160	0	0	0	1018	1490	27	19	-1	
3	1	160	1	0	0	1018	1490	27	19	-1	
4	1	160	1	1	0	1018	1490	27	19	-1	
5	1	160	1	1	1	1018	1490	27	19	95.000000	   
2	1	161	0	0	0	854	1531	266	120	-1	
3	1	161	1	0	0	854	1531	266	120	-1	
4	1	161	1	1	0	951	1531	54	17	-1	
5	1	161	1	1	1	951	1531	54	17	14.282425	πο».
4	1	161	1	2	0	973	1560	147	28	-1	
5	1	161	1	2	1	973	1562	26	26	0.000000	ολ
5	1	161	1	2	2	1003	1562	52	20	0.000000	ανκᾶ
5	1	161	1	2	3	1072	1560	13	20	15.327057	ν΄
5	1	161	1	2	4	1098	1560	22	26	88.940231	9)
4	1	161	1	3	0	908	1596	141	25	-1	
5	1	161	1	3	1	908	1596	50	19	34.309090	«ἨΝ
5	1	161	1	3	2	976	1596	73	25	46.026325	ΟΙΔΑ.,
4	1	161	1	4	0	854	1629	248	22	-1	
5	1	161	1	4	1	854	1630	50	21	82.498283	ΟΠ
5	1	161	1	4	2	916	1630	95	21	82.393425	ΟΥΔΗΝ
5	1	161	1	4	3	1022	1629	80	22	0.000000	ΟΛ»
2	1	162	0	0	0	799	1772	183	27	-1	
3	1	162	1	0	0	799	1772	183	27	-1	
4	1	162	1	1	0	799	1772	183	27	-1	
5	1	162	1	1	1	775	1772	79	31	13.266869	όσους
5	1	162	1	1	2	867	1772	115	27	15.182983	κιαμπάξουν,
2	1	163	0	0	0	997	1779	155	55	-1	
3	1	163	1	0	0	997	1779	155	55	-1	
4	1	163	1	1	0	997	1779	87	18	-1	
5	1	163	1	1	1	997	1771	44	25	93.299118	πώς
5	1	163	1	1	2	1052	1773	11	24	78.770828	ἡ
5	1	163	1	1	3	1075	1772	9	21	87.536682	ἐ
4	1	163	1	2	0	1050	1806	102	28	-1	
5	1	163	1	2	1	1050	1808	36	25	93.284714	τῆς
5	1	163	1	2	2	1103	1806	49	28	39.272850	γνώ-
2	1	164	0	0	0	1084	1780	68	18	-1	
3	1	164	1	0	0	1084	1780	68	18	-1	
4	1	164	1	1	0	1084	1780	68	18	-1	
5	1	164	1	1	1	1084	1780	68	18	95.000000	 
2	1	165	0	0	0	800	1808	352	62	-1	
3	1	165	1	0	0	800	1808	352	62	-1	
4	1	165	1	1	0	800	1808	121	26	-1	
5	1	165	1	1	1	800	1817	27	17	57.385933	µη
5	1	165	1	1	2	842	1808	47	21	84.434288	εἶναι
5	1	165	1	1	3	910	1817	11	17	86.699806	ἡ
4	1	165	1	2	0	917	1843	235	27	-1	
5	1	165	1	2	1	917	1845	42	23	93.296440	πῶς
5	1	165	1	2	2	974	1843	85	27	60.476677	«λύσαμε
5	1	165	1	2	3	1077	1843	38	21	91.101151	ὅλα
5	1	165	1	2	4	1129	1843	23	21	96.158508	τά
2	1	166	0	0	0	799	1816	300	194	-1	
3	1	166	1	0	0	799	1816	284	91	-1	
4	1	166	1	1	0	936	1816	99	13	-1	
5	1	166	1	1	1	936	1808	99	21	13.533325	πανιά
4	1	166	1	2	0	799	1843	91	28	-1	
5	1	166	1	2	1	799	1852	44	19	95.287437	σης,
5	1	166	1	2	2	858	1843	32	22	7.856064	καί
4	1	166	1	3	0	799	1879	284	28	-1	
5	1	166	1	3	1	799	1880	95	27	46.236782	μυστήρια
5	1	166	1	3	2	909	1882	31	19	96.346329	τοῦ
5	1	166	1	3	3	954	1879	129	26	78.431030	σύμπαντος».
3	1	166	2	0	0	800	1915	298	95	-1	
4	1	166	2	1	0	833	1915	80	27	-1	
5	1	166	2	1	1	833	1915	80	27	6.311768	ἛὌμως,
4	1	166	2	2	0	800	1928	298	49	-1	
5	1	166	2	2	1	800	1951	48	27	91.371384	ρητό
5	1	166	2	2	2	862	1950	33	22	84.105515	καί
5	1	166	2	2	3	914	1928	72	44	0.000000	λε
5	1	166	2	2	4	1000	1950	98	27	72.882668	σημερινοί
4	1	166	2	3	0	1040	1993	59	17	-1	
5	1	166	2	3	1	1040	1993	34	17	72.322731	τας
5	1	166	2	3	2	1086	1986	13	20	88.816536	ἆ
2	1	167	0	0	0	934	1914	186	42	-1	
3	1	167	1	0	0	934	1914	186	42	-1	
4	1	167	1	1	0	934	1914	186	42	-1	
5	1	167	1	1	1	935	1915	6	12	22.391747	ἓ
5	1	167	1	1	2	934	1914	186	42	0.000000	πλημιβάνον
2	1	168	0	0	0	874	1977	20	34	-1	
3	1	168	1	0	0	874	1977	20	34	-1	
4	1	168	1	1	0	874	1977	20	34	-1	
5	1	168	1	1	1	874	1977	20	34	95.000000	  
2	1	169	0	0	0	886	1994	160	19	-1	
3	1	169	1	0	0	886	1994	160	19	-1	
4	1	169	1	1	0	886	1994	160	19	-1	
5	1	169	1	1	1	886	1995	9	4	77.912399	ς,
5	1	169	1	1	2	899	1986	147	28	37.409325	παρατηρώντ
2	1	170	0	0	0	800	2023	107	26	-1	
3	1	170	1	0	0	800	2023	107	26	-1	
4	1	170	1	1	0	800	2023	107	26	-1	
5	1	170	1	1	1	800	2023	107	26	95.000000	 
2	1	171	0	0	0	884	2029	210	20	-1	
3	1	171	1	0	0	884	2029	210	20	-1	
4	1	171	1	1	0	884	2029	210	20	-1	
5	1	171	1	1	1	884	2022	84	27	10.122070	Ξωγήνα
5	1	171	1	1	2	983	2021	111	28	82.081482	φαινόμενα.
2	1	172	0	0	0	815	2081	339	5	-1	
3	1	172	1	0	0	815	2081	339	5	-1	
4	1	172	1	1	0	815	2081	339	5	-1	
5	1	172	1	1	1	815	2081	339	5	95.000000	 
2	1	173	0	0	0	830	2112	28	21	-1	
3	1	173	1	0	0	830	2112	28	21	-1	
4	1	173	1	1	0	830	2112	28	21	-1	
5	1	173	1	1	1	830	2112	28	21	82.979370	Τό
2	1	174	0	0	0	797	2116	191	168	-1	
3	1	174	1	0	0	797	2116	191	168	-1	
4	1	174	1	1	0	800	2116	184	57	-1	
5	1	174	1	1	1	800	2116	184	57	95.000000	  
4	1	174	1	2	0	797	2214	191	70	-1	
5	1	174	1	2	1	797	2214	191	70	95.000000	  
2	1	175	0	0	0	801	2111	352	205	-1	
3	1	175	1	0	0	801	2111	352	205	-1	
4	1	175	1	1	0	890	2111	262	27	-1	
5	1	175	1	1	1	890	2111	115	27	21.842697	Ὑπουργεῖο
5	1	175	1	1	2	1029	2112	123	26	33.047256	᾿Ελπορικῆς
4	1	175	1	2	0	963	2146	185	27	-1	
5	1	175	1	2	1	963	2146	21	22	80.828491	τὸ
5	1	175	1	2	2	1009	2146	139	27	21.421547	2941100)419)
4	1	175	1	3	0	801	2181	350	28	-1	
5	1	175	1	3	1	801	2182	27	22	54.274502	80
5	1	175	1	3	2	847	2184	51	24	86.938309	σῆμα
5	1	175	1	3	3	913	2190	31	14	92.885063	του
5	1	175	1	3	4	959	2185	38	23	77.763290	μᾶς
5	1	175	1	3	5	1013	2181	93	28	29.845116	ἐγνώρισε
5	1	175	1	3	6	1123	2181	28	22	96.754204	ὅτι
4	1	175	1	4	0	969	2217	182	26	-1	
5	1	175	1	4	1	969	2228	6	11	0.000000	'.
5	1	175	1	4	2	993	2217	111	22	73.102684	90-4-4981
5	1	175	1	4	3	1140	2218	11	25	85.617355	ἡ
4	1	175	1	5	0	965	2254	188	25	-1	
5	1	175	1	5	1	965	2254	72	25	44.982788	οθολῆς
5	1	175	1	5	2	1054	2254	99	20	4.361420	δΙΧαιολο-
4	1	175	1	6	0	958	2288	195	28	-1	
5	1	175	1	6	1	958	2288	111	28	88.492157	ὑποψησίων
5	1	175	1	6	2	1089	2289	64	26	30.246185	µαφη-
2	1	176	0	0	0	801	2290	351	61	-1	
3	1	176	1	0	0	801	2290	351	61	-1	
4	1	176	1	1	0	801	2290	141	26	-1	
5	1	176	1	1	1	801	2290	88	26	5.852631	Ὑητικῶν
5	1	176	1	1	2	905	2290	37	20	74.193245	τῶι)
4	1	176	1	2	0	802	2323	350	28	-1	
5	1	176	1	2	1	802	2326	37	20	96.494537	τῶν
5	1	176	1	2	2	856	2324	47	26	93.223663	στήν
5	1	176	1	2	3	917	2323	235	28	54.382729	ΔΣΕΙΝ)Προπαιδεύσε
2	1	177	0	0	0	1105	2367	47	13	-1	
3	1	177	1	0	0	1105	2367	47	13	-1	
4	1	177	1	1	0	1105	2367	47	13	-1	
5	1	177	1	1	1	1105	2367	47	13	95.000000	 
2	1	178	0	0	0	800	2358	343	66	-1	
3	1	178	1	0	0	800	2358	305	30	-1	
4	1	178	1	1	0	1087	2358	4	7	-1	
5	1	178	1	1	1	1087	2358	4	7	17.079254	'
4	1	178	1	2	0	800	2359	305	29	-1	
5	1	178	1	2	1	800	2368	28	17	93.282433	ως
5	1	178	1	2	2	842	2359	117	29	26.096085	Πρβθέζης.
5	1	178	1	2	3	970	2360	135	27	72.304413	Ἡμερομηνία
3	1	178	2	0	0	801	2394	342	30	-1	
4	1	178	2	1	0	861	2394	260	8	-1	
5	1	178	2	1	1	861	2396	5	6	17.122665	,
5	1	178	2	1	2	949	2397	8	3	84.891190	-
5	1	178	2	1	3	1055	2394	66	8	29.770111	ο
4	1	178	2	2	0	801	2397	342	27	-1	
5	1	178	2	2	1	801	2404	118	20	41.142178	ρουσιάσεως
5	1	178	2	2	2	934	2404	37	14	93.233849	τῶν
5	1	178	2	2	3	985	2397	94	25	79.850677	μιαθητῶν
5	1	178	2	2	4	1093	2398	50	24	73.880196	ὁρίςε
2	1	179	0	0	0	802	2431	237	26	-1	
3	1	179	1	0	0	802	2431	237	26	-1	
4	1	179	1	1	0	802	2431	237	26	-1	
5	1	179	1	1	1	802	2440	30	13	93.105057	ται
5	1	179	1	1	2	844	2432	12	25	58.587921	ἡ
5	1	179	1	1	3	866	2431	26	26	53.598656	η
5	1	179	1	1	4	900	2431	66	21	85.309998	Μαΐου
5	1	179	1	1	5	977	2431	62	21	84.053345	1981.
2	1	180	0	0	0	908	2518	144	22	-1	
3	1	180	1	0	0	908	2518	144	22	-1	
4	1	180	1	1	0	908	2518	144	22	-1	
5	1	180	1	1	1	908	2518	144	22	56.063232	ΠΕΛΛΑΝΑ
2	1	181	0	0	0	800	2565	353	206	-1	
3	1	181	1	0	0	801	2565	352	96	-1	
4	1	181	1	1	0	831	2565	322	27	-1	
5	1	181	1	1	1	831	2567	27	20	87.389725	Ἡ
5	1	181	1	1	2	877	2575	19	13	73.444183	κ.
5	1	181	1	1	3	912	2565	64	22	6.083382	Ῥασία
5	1	181	1	1	4	991	2565	113	27	93.140404	Δημητρίου
5	1	181	1	1	5	1120	2566	33	20	66.043488	Α-
4	1	181	1	2	0	801	2598	352	31	-1	
5	1	181	1	2	1	801	2598	52	30	67.790237	δάµη
5	1	181	1	2	2	867	2601	81	27	6.096283	Ἰθήγησε
5	1	181	1	2	3	965	2600	124	29	41.644829	χαριτωμένο
5	1	181	1	2	4	1102	2609	51	18	0.000000	γορι-
4	1	181	1	3	0	803	2637	231	26	-1	
5	1	181	1	3	1	803	2638	64	21	46.931442	πσάκυ,
5	1	181	1	3	2	876	2637	35	21	84.795311	Νὰ
5	1	181	1	3	3	920	2637	44	24	95.255379	τούς
5	1	181	1	3	4	973	2637	61	26	85.517220	ζήσει,
3	1	181	2	0	0	800	2672	353	99	-1	
4	1	181	2	1	0	800	2672	352	25	-1	
5	1	181	2	1	1	800	2686	29	2	61.206066	---
5	1	181	2	1	2	849	2672	49	25	0.000000	ὃπίς
5	1	181	2	1	3	910	2673	33	21	0.000000	9-1
5	1	181	2	1	4	947	2672	33	21	0.000000	-θ]
5	1	181	2	1	5	995	2671	96	22	92.073822	ἀπεδίωσε
5	1	181	2	1	6	1106	2671	46	26	96.783485	στήν
4	1	181	2	2	0	804	2707	349	27	-1	
5	1	181	2	2	1	804	2708	104	22	32.399132	Τελλάνα
5	1	181	2	2	2	922	2709	12	25	55.250759	ἡ
5	1	181	2	2	3	952	2708	80	26	57.537975	σύζυγας
5	1	181	2	2	4	1048	2708	49	21	36.817368	Νικ.
5	1	181	2	2	5	1111	2707	42	21	0.000000	Ἱα-
4	1	181	2	3	0	803	2743	178	28	-1	
5	1	181	2	3	1	803	2743	76	28	35.997551	ραϊλέμα
5	1	181	2	3	2	889	2744	48	20	91.843521	ἐτῶν
5	1	181	2	3	3	947	2743	34	22	45.850899	0.
2	1	182	0	0	0	808	2802	323	4	-1	
3	1	182	1	0	0	808	2802	323	4	-1	
4	1	182	1	1	0	808	2802	323	4	-1	
5	1	182	1	1	1	808	2802	323	4	95.000000	 
2	1	183	0	0	0	803	2833	348	272	-1	
3	1	183	1	0	0	803	2833	348	272	-1	
4	1	183	1	1	0	849	2833	260	22	-1	
5	1	183	1	1	1	849	2834	71	21	90.955383	ΑΦΟΙ
5	1	183	1	1	2	938	2833	171	21	89.350464	ΔΙΑΜΑΝΤΟΙ
4	1	183	1	2	0	813	2868	334	22	-1	
5	1	183	1	2	1	813	2869	85	21	95.106560	ΛΕΩΦ.
5	1	183	1	2	2	917	2868	230	22	96.252197	ΒΟΥΛΙΑΓΜΕΝΗΣ
4	1	183	1	3	0	860	2904	239	22	-1	
5	1	183	1	3	1	860	2904	42	22	64.407852	992
5	1	183	1	3	2	914	2904	185	21	90.478882	ΗΛΙΟΥΠΟΛΙΣ
4	1	183	1	4	0	819	2939	321	22	-1	
5	1	183	1	4	1	819	2940	114	21	92.339897	ΑΘΗΝΑΙ
5	1	183	1	4	2	947	2940	65	21	96.733925	ΤΗΛ.
5	1	183	1	4	3	1024	2939	116	22	0.000000	22.195.672
4	1	183	1	5	0	809	2975	342	22	-1	
5	1	183	1	5	1	809	2975	162	22	39.425541	ΦΩΤΙΣΤΙΚΑ
5	1	183	1	5	2	980	2987	9	3	39.425541	-
5	1	183	1	5	3	1000	2975	151	21	81.267776	ΚΡΥΣΤΙΑΛΑ
4	1	183	1	6	0	821	3010	311	22	-1	
5	1	183	1	6	1	821	3010	195	22	90.810997	ΠΟΡΣΕΛΑΝΕΣ
5	1	183	1	6	2	1024	3023	8	2	90.810997	-
5	1	183	1	6	3	1041	3010	91	21	89.580460	ΔΙΑΚΟ
4	1	183	1	7	0	803	3046	337	21	-1	
5	1	183	1	7	1	803	3047	151	20	81.745377	ΣΜΗΤΙΚΑ-
5	1	183	1	7	2	963	3046	77	21	40.730354	ΔΩΡΑ
5	1	183	1	7	3	1049	3058	9	3	40.730354	-
5	1	183	1	7	4	1070	3046	70	20	96.357498	ΕΙΔΗ
4	1	183	1	8	0	812	3081	292	24	-1	
5	1	183	1	8	1	812	3082	143	23	95.907738	ΟΙΚΙΑΚΗΣ
5	1	183	1	8	2	963	3081	141	23	96.612495	ΧΡΗΣΕΩΣ.
2	1	184	0	0	0	828	1381	641	64	-1	
3	1	184	1	0	0	828	1381	641	64	-1	
4	1	184	1	1	0	828	1381	641	64	-1	
5	1	184	1	1	1	829	1392	9	11	0.000000	ν
5	1	184	1	1	2	828	1382	57	42	0.000000	εσμ
5	1	184	1	1	3	877	1381	22	27	73.453659	μέν
5	1	184	1	1	4	920	1382	91	27	54.609543	θερισµός
5	1	184	1	1	5	1025	1382	48	21	91.679085	εἶναι
5	1	184	1	1	6	1085	1381	69	28	72.088104	πολύς,
5	1	184	1	1	7	1175	1393	16	21	15.164597	ο
5	1	184	1	1	8	1226	1393	47	52	28.100792	ων
5	1	184	1	1	9	1291	1393	32	21	85.374596	Π.
5	1	184	1	1	10	1339	1390	96	43	77.931061	Καραλαί
5	1	184	1	1	11	1449	1399	20	13	23.629791	οἱ.
2	1	185	0	0	0	1098	1955	59	60	-1	
3	1	185	1	0	0	1098	1955	59	60	-1	
4	1	185	1	1	0	1098	1955	59	60	-1	
5	1	185	1	1	1	1098	1955	59	60	95.000000	  
2	1	186	0	0	0	1218	63	281	104	-1	
3	1	186	1	0	0	1218	63	281	104	-1	
4	1	186	1	1	0	1218	63	281	104	-1	
5	1	186	1	1	1	1218	63	281	104	95.000000	 
2	1	187	0	0	0	1449	188	85	21	-1	
3	1	187	1	0	0	1449	188	85	21	-1	
4	1	187	1	1	0	1449	188	85	21	-1	
5	1	187	1	1	1	1449	188	85	21	51.796249	19-9-δ0
2	1	188	0	0	0	1214	187	320	58	-1	
3	1	188	1	0	0	1214	187	320	58	-1	
4	1	188	1	1	0	1214	187	205	26	-1	
5	1	188	1	1	1	1214	187	139	22	70.755234	ΘΑΝΑΤΟΙ:
5	1	188	1	1	2	1369	188	50	25	94.877724	Στίς
4	1	188	1	2	0	1401	224	133	21	-1	
5	1	188	1	2	1	1401	233	20	12	79.538071	κε
5	1	188	1	2	2	1496	224	38	21	39.786716	Κε-
2	1	189	0	0	0	1183	223	71	22	-1	
3	1	189	1	0	0	1183	223	71	22	-1	
4	1	189	1	1	0	1183	223	71	22	-1	
5	1	189	1	1	1	1183	223	71	22	95.827629	πέθανε
2	1	190	0	0	0	1263	219	208	73	-1	
3	1	190	1	0	0	1263	219	208	73	-1	
4	1	190	1	1	0	1263	219	208	73	-1	
5	1	190	1	1	1	1263	219	208	73	95.000000	  
2	1	191	0	0	0	1181	267	353	327	-1	
3	1	191	1	0	0	1181	267	353	233	-1	
4	1	191	1	1	0	1183	267	96	19	-1	
5	1	191	1	1	1	1183	267	96	19	19.644791	κροταφεῖι
4	1	191	1	2	0	1182	294	352	28	-1	
5	1	191	1	2	1	1182	296	22	21	12.011169	Έ.
5	1	191	1	2	2	1214	295	108	26	87.196060	Κούτσης
5	1	191	1	2	3	1317	294	167	28	42.453159	ὁδοτοτεχνίτης,
5	1	191	1	2	4	1495	303	39	19	10.134094	Ὑαμ.
4	1	191	1	3	0	1183	330	351	28	-1	
5	1	191	1	3	1	1183	330	46	28	82.657974	θρός
5	1	191	1	3	2	1240	332	36	25	80.667526	τής
5	1	191	1	3	3	1294	331	19	20	73.964226	ΤΠ
5	1	191	1	3	4	1321	332	70	25	0.000000	ηνειῶς
5	1	191	1	3	5	1403	330	83	28	49.693279	᾿Ανδρέα
5	1	191	1	3	6	1497	331	37	20	0.000000	Ἑκ-
4	1	191	1	4	0	1184	367	107	21	-1	
5	1	191	1	4	1	1184	367	107	21	30.454681	Νιοπούλου.
4	1	191	1	5	0	1181	402	253	24	-1	
5	1	191	1	5	1	1181	416	29	2	46.192493	---
5	1	191	1	5	2	1221	402	49	24	42.530590	Στίς
5	1	191	1	5	3	1282	402	83	22	34.322731	10-1-8/
5	1	191	1	5	4	1379	403	55	20	64.598984	ἀπεδί
4	1	191	1	6	0	1182	438	352	26	-1	
5	1	191	1	6	1	1182	438	134	26	54.479553	Ἰαλαμάτχ
5	1	191	1	6	2	1308	434	15	34	66.970345	ὁ
5	1	191	1	6	3	1338	438	113	25	17.875870	Παυτελῆς
5	1	191	1	6	4	1470	438	21	21	0.000000	Τ.
5	1	191	1	6	5	1505	438	29	21	87.036011	Βο
4	1	191	1	7	0	1181	470	178	55	-1	
5	1	191	1	7	1	1181	473	61	52	8.520157	ο.
5	1	191	1	7	2	1255	470	104	35	21.415565	(Πμσᾶς).
3	1	191	2	0	0	1227	509	307	62	-1	
4	1	191	2	1	0	1227	509	303	24	-1	
5	1	191	2	1	1	1227	509	101	21	45.329670	᾽Απόκλανε
5	1	191	2	1	2	1343	509	28	24	87.994820	εἰς
5	1	191	2	1	3	1401	509	93	20	32.727196	Ἰαναδᾶι
5	1	191	2	1	4	1527	509	3	6	85.356194	ὁ
4	1	191	2	2	0	1269	543	265	51	-1	
5	1	191	2	2	1	1269	553	13	16	46.011826	ς
5	1	191	2	2	2	1278	581	3	5	0.000000	:
5	1	191	2	2	3	1298	546	25	39	2.246559	κ.
5	1	191	2	2	4	1316	544	100	50	22.078255	αν.
5	1	191	2	2	5	1432	543	102	28	41.439098	(Γεώργα-
2	1	192	0	0	0	1404	401	129	26	-1	
3	1	192	1	0	0	1404	401	129	26	-1	
4	1	192	1	1	0	1404	401	129	26	-1	
5	1	192	1	1	1	1404	401	129	26	95.000000	 
2	1	193	0	0	0	1380	439	22	19	-1	
3	1	193	1	0	0	1380	439	22	19	-1	
4	1	193	1	1	0	1380	439	22	19	-1	
5	1	193	1	1	1	1380	439	22	19	95.000000	 
2	1	194	0	0	0	1179	588	356	191	-1	
3	1	194	1	0	0	1179	588	356	191	-1	
4	1	194	1	1	0	1226	588	308	52	-1	
5	1	194	1	1	1	1226	617	49	23	82.270676	Στίς
5	1	194	1	1	2	1290	588	39	49	27.942177	ος
5	1	194	1	1	3	1316	589	21	47	6.062996	1
5	1	194	1	1	4	1347	615	29	21	6.062996	8ι
5	1	194	1	1	5	1397	615	71	21	0.000000	πόθανε
5	1	194	1	1	6	1500	614	34	21	70.112770	σπὀ
4	1	194	1	2	0	1180	651	355	28	-1	
5	1	194	1	2	1	1180	652	120	27	0.000000	Γηροκομείο
5	1	194	1	2	2	1313	651	95	27	64.322998	Σπάρτης
5	1	194	1	2	3	1421	651	11	25	86.850647	ἡ
5	1	194	1	2	4	1462	651	73	20	11.240913	Ἱανα-
4	1	194	1	3	0	1181	685	352	28	-1	
5	1	194	1	3	1	1181	687	63	26	0.000000	γιώτα
5	1	194	1	3	2	1262	687	68	26	46.967693	Ῥάγια
5	1	194	1	3	3	1344	686	70	21	24.823532	Ῥήνιου
5	1	194	1	3	4	1430	686	48	21	91.983124	ἐτῶν
5	1	194	1	3	5	1499	685	34	22	96.286385	90.
4	1	194	1	4	0	1179	720	354	26	-1	
5	1	194	1	4	1	1179	722	74	23	0.000000	..εἙῖς
5	1	194	1	4	2	1264	722	90	20	77.507584	Η.Π.Α.
5	1	194	1	4	3	1364	722	9	19	90.383636	ὁ
5	1	194	1	4	4	1383	720	105	26	86.850533	Θεοφάνης
5	1	194	1	4	5	1500	721	33	19	0.000000	Βα
4	1	194	1	5	0	1242	753	290	26	-1	
5	1	194	1	5	1	1242	762	11	12	79.928253	υ
5	1	194	1	5	2	1265	754	40	20	85.707779	105
5	1	194	1	5	3	1317	755	56	19	91.714661	ἐτῶν.
5	1	194	1	5	4	1388	753	40	26	0.000000	Ἐΐχε
5	1	194	1	5	5	1448	753	84	26	89.228050	δωρήσει
2	1	195	0	0	0	1197	754	47	20	-1	
3	1	195	1	0	0	1197	754	47	20	-1	
4	1	195	1	1	0	1197	754	47	20	-1	
5	1	195	1	1	1	1197	754	47	20	95.000000	 
2	1	196	0	0	0	1178	762	356	195	-1	
3	1	196	1	0	0	1179	762	355	88	-1	
4	1	196	1	1	0	1179	762	17	12	-1	
5	1	196	1	1	1	1179	762	17	12	91.562531	σι
4	1	196	1	2	0	1180	787	354	27	-1	
5	1	196	1	2	1	1180	788	45	26	92.605270	στήν
5	1	196	1	2	2	1238	787	114	27	39.186729	Κομότητα
5	1	196	1	2	3	1363	787	22	23	72.913704	τό
5	1	196	1	2	4	1400	787	88	22	77.147308	οἴκόπεδο
5	1	196	1	2	5	1500	795	34	19	96.938751	γιά
4	1	196	1	3	0	1180	822	319	28	-1	
5	1	196	1	3	1	1180	824	34	26	91.946609	τήν
5	1	196	1	3	2	1229	823	117	27	73.822540	᾿Αστυνομία
5	1	196	1	3	3	1359	822	140	28	25.380981	Γεωργηιτσίου.
3	1	196	2	0	0	1178	859	355	98	-1	
4	1	196	2	1	0	1179	859	353	25	-1	
5	1	196	2	1	1	1179	873	28	2	55.622768	--
5	1	196	2	1	2	1220	859	50	25	20.538712	Στίς
5	1	196	2	1	3	1287	859	70	21	46.291962	9-2-8ἱ
5	1	196	2	1	4	1375	857	97	23	84.920334	ἀπεθίωσε
5	1	196	2	1	5	1486	858	46	26	62.558971	στ)
4	1	196	2	2	0	1180	895	106	26	-1	
5	1	196	2	2	1	1180	895	102	26	21.443924	Αθήνα
5	1	196	2	2	2	1272	891	18	40	82.623581	ἡ
4	1	196	2	3	0	1178	928	355	29	-1	
5	1	196	2	3	1	1178	930	113	27	89.205109	Δημητρίου
5	1	196	2	3	2	1303	931	22	21	58.149521	ΙΓ.
5	1	196	2	3	3	1337	929	91	22	0.000000	Γκλόρια.
5	1	196	2	3	4	1440	928	93	27	32.536690	᾿Εωνηδεύ-
2	1	197	0	0	0	1306	893	226	27	-1	
3	1	197	1	0	0	1306	893	226	27	-1	
4	1	197	1	1	0	1306	893	226	27	-1	
5	1	197	1	1	1	1306	893	122	22	0.000000	ΣΑιαστασίχ
5	1	197	1	1	2	1451	893	81	27	95.053970	σύζυγος
2	1	198	0	0	0	1246	966	10	21	-1	
3	1	198	1	0	0	1246	966	10	21	-1	
4	1	198	1	1	0	1246	966	10	21	-1	
5	1	198	1	1	1	1246	966	10	21	95.000000	  
2	1	199	0	0	0	1179	963	377	65	-1	
3	1	199	1	0	0	1179	963	377	65	-1	
4	1	199	1	1	0	1257	963	267	8	-1	
5	1	199	1	1	1	1257	967	3	4	0.000000	ἷ
5	1	199	1	1	2	1456	964	5	6	0.000000	;
5	1	199	1	1	3	1520	963	4	7	0.000000	ἡ
4	1	199	1	2	0	1179	965	353	27	-1	
5	1	199	1	2	1	1179	967	67	25	0.000000	Αηεἰς
5	1	199	1	2	2	1264	966	38	26	27.886398	΄ΑΥ.
5	1	199	1	2	3	1312	965	114	27	12.444313	Δημήτριου
5	1	199	1	2	4	1439	973	23	17	78.332367	µέ
5	1	199	1	2	5	1480	973	52	18	52.823391	µεηί-
4	1	199	1	3	0	1179	1001	377	27	-1	
5	1	199	1	3	1	1179	1010	36	18	96.753967	στη
5	1	199	1	3	2	1233	1001	109	27	78.712982	συμμετοχή
5	1	199	1	3	3	1358	1002	37	20	93.150978	τῶν
5	1	199	1	3	4	1410	1008	122	19	27.681969	συµπατρ!ὠ-
5	1	199	1	3	5	1553	1025	3	1	75.242233	|.
2	1	200	0	0	0	1269	1009	37	18	-1	
3	1	200	1	0	0	1269	1009	37	18	-1	
4	1	200	1	1	0	1269	1009	37	18	-1	
5	1	200	1	1	1	1269	1009	37	18	95.000000	 
2	1	201	0	0	0	1176	1037	356	309	-1	
3	1	201	1	0	0	1176	1037	356	309	-1	
4	1	201	1	1	0	1181	1037	202	26	-1	
5	1	201	1	1	1	1181	1039	36	19	94.794197	τῶν
5	1	201	1	1	2	1228	1045	38	18	61.864132	µας
5	1	201	1	1	3	1278	1037	105	25	41.263550	᾽Απτικῆς.
4	1	201	1	2	0	1178	1071	289	26	-1	
5	1	201	1	2	1	1178	1086	29	3	32.106499	--
5	1	201	1	2	2	1221	1072	50	25	0.000000	Ἐπίς
5	1	201	1	2	3	1288	1072	83	22	17.029732	19-2-941
5	1	201	1	2	4	1392	1071	75	22	67.002800	πέδανε
4	1	201	1	3	0	1178	1106	352	30	-1	
5	1	201	1	3	1	1178	1108	109	28	35.123817	Τεωρηίτοι
5	1	201	1	3	2	1303	1108	11	26	41.096329	ἡ
5	1	201	1	3	3	1329	1107	87	28	51.688522	Εὐγενία
5	1	201	1	3	4	1429	1106	101	28	57.044167	Στέφανου
4	1	201	1	4	0	1178	1143	201	28	-1	
5	1	201	1	4	1	1178	1144	85	22	33.330978	Κιαλύδα
5	1	201	1	4	2	1277	1144	49	21	68.782608	ἐτῶυ
5	1	201	1	4	3	1345	1143	34	28	88.029564	99,
4	1	201	1	5	0	1179	1177	352	29	-1	
5	1	201	1	5	1	1179	1181	15	20	75.374756	1.
5	1	201	1	5	2	1216	1179	91	22	36.570824	Καλύέξα.
5	1	201	1	5	3	1339	1179	70	27	69.473724	Θερμά
5	1	201	1	5	4	1425	1177	106	23	49.248638	συλλωπού-
4	1	201	1	6	0	1179	1214	254	27	-1	
5	1	201	1	6	1	1179	1218	48	23	73.228500	μεθα
5	1	201	1	6	2	1238	1215	44	25	93.267822	τούς
5	1	201	1	6	3	1290	1214	86	25	72.977882	οἰχείους
5	1	201	1	6	4	1387	1222	46	14	96.077675	των.
4	1	201	1	7	0	1206	1248	326	25	-1	
5	1	201	1	7	1	1206	1250	203	22	91.737122	ΜΝΗΜΟΣΥΝΑ:
5	1	201	1	7	2	1431	1248	51	25	85.954979	Στίς
5	1	201	1	7	3	1497	1249	35	21	45.517353	20-
4	1	201	1	8	0	1179	1284	352	29	-1	
5	1	201	1	8	1	1179	1286	70	27	82.785019	19-50,
5	1	201	1	8	2	1315	1285	49	27	41.914818	έσθη
5	1	201	1	8	3	1377	1285	46	26	90.053101	στήν
5	1	201	1	8	4	1451	1284	80	26	58.112434	᾿Αδήνα
4	1	201	1	9	0	1176	1320	356	26	-1	
5	1	201	1	9	1	1176	1322	35	21	97.007385	ὑπό
5	1	201	1	9	2	1222	1323	38	20	93.185486	τῶν
5	1	201	1	9	3	1274	1321	79	22	85.465050	οἰκείων
5	1	201	1	9	4	1366	1329	31	14	87.803833	του
5	1	201	1	9	5	1419	1320	64	26	15.212341	θµηο
5	1	201	1	9	6	1495	1327	37	19	76.059113	µνη
2	1	202	0	0	0	1499	1070	33	22	-1	
3	1	202	1	0	0	1499	1070	33	22	-1	
4	1	202	1	1	0	1526	1070	4	7	-1	
5	1	202	1	1	1	1526	1070	4	7	20.295258	η
4	1	202	1	2	0	1499	1079	33	13	-1	
5	1	202	1	2	1	1499	1079	33	13	95.099510	στο
2	1	203	0	0	0	1408	1142	123	28	-1	
3	1	203	1	0	0	1408	1142	123	28	-1	
4	1	203	1	1	0	1408	1142	123	28	-1	
5	1	203	1	1	1	1408	1142	76	28	67.915520	μητέρα
5	1	203	1	1	2	1500	1144	31	19	96.826248	τοῦ
2	1	204	0	0	0	1266	1287	48	20	-1	
3	1	204	1	0	0	1266	1287	48	20	-1	
4	1	204	1	1	0	1266	1287	48	20	-1	
5	1	204	1	1	1	1266	1287	48	20	95.000000	 
2	1	205	0	0	0	1288	1330	22	12	-1	
3	1	205	1	0	0	1288	1330	22	12	-1	
4	1	205	1	1	0	1288	1330	22	12	-1	
5	1	205	1	1	1	1288	1330	22	12	95.000000	 
2	1	206	0	0	0	1430	1400	39	17	-1	
3	1	206	1	0	0	1430	1400	39	17	-1	
4	1	206	1	1	0	1430	1400	39	17	-1	
5	1	206	1	1	1	1430	1400	39	17	95.000000	 
2	1	207	0	0	0	1395	1426	42	21	-1	
3	1	207	1	0	0	1395	1426	42	21	-1	
4	1	207	1	1	0	1395	1426	42	21	-1	
5	1	207	1	1	1	1395	1426	42	21	95.000000	 
2	1	208	0	0	0	1175	1355	357	136	-1	
3	1	208	1	0	0	1175	1355	357	134	-1	
4	1	208	1	1	0	1176	1355	354	29	-1	
5	1	208	1	1	1	1176	1357	68	27	45.922974	μόσυνο
5	1	208	1	1	2	1261	1359	31	19	90.173767	τοῦ
5	1	208	1	1	3	1327	1356	80	27	55.636124	πρόωρα
5	1	208	1	1	4	1438	1355	92	25	55.723999	θανόντος
4	1	208	1	2	0	1218	1426	312	44	-1	
5	1	208	1	2	1	1218	1428	50	42	5.961304	δπίς
5	1	208	1	2	2	1285	1427	112	22	11.149643	111-841
5	1	208	1	2	3	1437	1429	46	24	86.286995	ἐτελέσθη
5	1	208	1	2	4	1498	1426	32	22	96.654358	στό
4	1	208	1	3	0	1175	1462	357	29	-1	
5	1	208	1	3	1	1175	1465	109	26	18.820511	Ἠεωρηίτσι
5	1	208	1	3	2	1305	1463	88	27	37.709305	4θήμερο
5	1	208	1	3	3	1425	1462	107	26	68.831177	μνημόσυνο
2	1	209	0	0	0	1040	1472	475	54	-1	
3	1	209	1	0	0	1040	1488	475	38	-1	
4	1	209	1	1	0	1113	1488	4	7	-1	
5	1	209	1	1	1	1113	1488	4	7	0.000000	,
4	1	209	1	2	0	1040	1472	475	54	-1	
5	1	209	1	2	1	1040	1499	16	11	42.557220	9,
5	1	209	1	2	2	1069	1489	85	26	59.650364	ἐρηάτες
5	1	209	1	2	3	1176	1502	36	24	12.837868	ας
5	1	209	1	2	4	1233	1472	13	9	64.029129	Ἡ
5	1	209	1	2	5	1228	1475	25	45	17.777527	.
5	1	209	1	2	6	1245	1499	79	27	0.000000	γελάς
5	1	209	1	2	7	1339	1499	76	26	38.954514	ΕΦΥΥ.
5	1	209	1	2	8	1430	1498	85	25	0.000000	Μπακ.
2	1	210	0	0	0	1176	1531	94	94	-1	
3	1	210	1	0	0	1176	1531	94	94	-1	
4	1	210	1	1	0	1176	1531	94	94	-1	
5	1	210	1	1	1	1176	1531	94	94	95.000000	   
2	1	211	0	0	0	1283	1533	247	23	-1	
3	1	211	1	0	0	1283	1533	247	23	-1	
4	1	211	1	1	0	1283	1533	247	23	-1	
5	1	211	1	1	1	1283	1534	82	22	32.233482	106-2-8/.
5	1	211	1	1	2	1383	1533	98	22	82.527893	ἀπεδίωσε
5	1	211	1	1	3	1497	1534	33	21	74.975082	καί
2	1	212	0	0	0	1409	1606	59	23	-1	
3	1	212	1	0	0	1409	1606	59	23	-1	
4	1	212	1	1	0	1409	1606	59	23	-1	
5	1	212	1	1	1	1409	1606	59	23	95.000000	 
2	1	213	0	0	0	1175	1569	355	92	-1	
3	1	213	1	0	0	1175	1569	355	92	-1	
4	1	213	1	1	0	1175	1569	355	27	-1	
5	1	213	1	1	1	1175	1578	110	18	43.513306	κηδεύτηκε
5	1	213	1	1	2	1299	1570	34	21	91.877594	στό
5	1	213	1	1	3	1344	1569	109	27	62.881817	Γεωργίτσι
5	1	213	1	1	4	1467	1570	11	25	0.000000	ἡ
5	1	213	1	1	5	1496	1570	34	20	18.429024	Αν
4	1	213	1	2	0	1203	1604	327	26	-1	
5	1	213	1	2	1	1203	1613	6	8	0.000000	ία
5	1	213	1	2	2	1248	1605	39	25	89.818741	Χρ.
5	1	213	1	2	3	1299	1604	97	25	28.574219	Κελιώτη
5	1	213	1	2	4	1470	1604	11	19	50.414486	ἆ
5	1	213	1	2	5	1499	1606	31	18	82.997284	ποῦ
4	1	213	1	3	0	1177	1638	353	23	-1	
5	1	213	1	3	1	1177	1639	128	22	8.400772	᾽Αισσπασίου
5	1	213	1	3	2	1320	1640	22	20	0.000000	Τ.
5	1	213	1	3	3	1357	1638	94	21	12.620735	Δημάκου
5	1	213	1	3	4	1467	1638	27	21	0.000000	6
5	1	213	1	3	5	1514	1638	16	20	91.321175	ἐ-
2	1	214	0	0	0	1390	1647	13	17	-1	
3	1	214	1	0	0	1390	1647	13	17	-1	
4	1	214	1	1	0	1390	1647	13	17	-1	
5	1	214	1	1	1	1390	1647	13	17	95.000000	  
2	1	215	0	0	0	1149	1673	380	29	-1	
3	1	215	1	0	0	1149	1673	380	29	-1	
4	1	215	1	1	0	1149	1673	380	29	-1	
5	1	215	1	1	1	1149	1676	71	21	0.000000	ἔ]τῶν.
5	1	215	1	1	2	1231	1674	70	28	77.286575	Θερμά
5	1	215	1	1	3	1310	1674	150	26	90.765770	συλλυπητήρια
5	1	215	1	1	4	1472	1673	57	25	96.532845	στούς
2	1	216	0	0	0	1176	1710	147	27	-1	
3	1	216	1	0	0	1176	1710	147	27	-1	
4	1	216	1	1	0	1176	1710	147	27	-1	
5	1	216	1	1	1	1176	1710	85	25	43.401901	οἰχείους.
5	1	216	1	1	2	1279	1718	44	19	92.493141	της.
2	1	217	0	0	0	1280	1764	149	21	-1	
3	1	217	1	0	0	1280	1764	149	21	-1	
4	1	217	1	1	0	1280	1764	149	21	-1	
5	1	217	1	1	1	1280	1764	149	21	71.752708	ΑΓΟΡΙΑΙΝΗ
2	1	218	0	0	0	1173	1835	320	168	-1	
3	1	218	1	0	0	1173	1835	320	168	-1	
4	1	218	1	1	0	1173	1835	320	168	-1	
5	1	218	1	1	1	1173	1835	320	168	95.000000	 
2	1	219	0	0	0	1173	1979	355	97	-1	
3	1	219	1	0	0	1173	1979	355	95	-1	
4	1	219	1	1	0	1497	1979	30	23	-1	
5	1	219	1	1	1	1497	1979	30	23	79.021606	εἲς
4	1	219	1	2	0	1336	2014	192	40	-1	
5	1	219	1	2	1	1336	2014	116	26	54.409184	Διαμαντῆς
5	1	219	1	2	2	1468	2014	60	40	0.000000	ανε
4	1	219	1	3	0	1173	2050	241	26	-1	
5	1	219	1	3	1	1173	2050	74	26	90.593369	σιώτης
5	1	219	1	3	2	1262	2050	49	21	30.372154	ἐτῶν
5	1	219	1	3	3	1329	2050	34	24	72.715469	99,
5	1	219	1	3	4	1379	2065	35	5	92.597260	πατ
2	1	220	0	0	0	1174	1995	143	47	-1	
3	1	220	1	0	0	1174	1995	143	47	-1	
4	1	220	1	1	0	1174	1995	143	47	-1	
5	1	220	1	1	1	1174	2014	109	28	67.049858	Αγόριανη
5	1	220	1	1	2	1297	1995	20	41	21.749130	ὃν
2	1	221	0	0	0	1377	2049	151	62	-1	
3	1	221	1	0	0	1377	2049	151	62	-1	
4	1	221	1	1	0	1377	2049	151	62	-1	
5	1	221	1	1	1	1377	2049	151	62	95.000000	 
2	1	222	0	0	0	1190	2085	338	62	-1	
3	1	222	1	0	0	1190	2085	338	62	-1	
4	1	222	1	1	0	1190	2085	187	28	-1	
5	1	222	1	1	1	1190	2085	103	28	50.188690	οαμμιατέα
5	1	222	1	1	2	1306	2087	36	24	93.237473	τῆς
5	1	222	1	1	3	1356	2085	21	21	0.000000	Ἱκ
4	1	222	1	2	0	1327	2120	201	27	-1	
5	1	222	1	2	1	1327	2121	38	26	23.735405	ριά
5	1	222	1	2	2	1375	2120	153	26	4.080956	συλλυπούμεῦα
2	1	223	0	0	0	1316	2115	9	27	-1	
3	1	223	1	0	0	1316	2115	9	27	-1	
4	1	223	1	1	0	1316	2115	9	27	-1	
5	1	223	1	1	1	1316	2115	9	27	95.000000	 
2	1	224	0	0	0	1172	2121	355	165	-1	
3	1	224	1	0	0	1172	2121	194	60	-1	
4	1	224	1	1	0	1172	2121	150	27	-1	
5	1	224	1	1	1	1172	2121	111	27	27.314072	ωρήιπσίου.
5	1	224	1	1	2	1295	2121	27	21	62.238216	Θε
4	1	224	1	2	0	1174	2164	192	17	-1	
5	1	224	1	2	1	1174	2157	45	24	85.157043	φούς
5	1	224	1	2	2	1233	2156	84	25	0.000000	οἰωσίους
5	1	224	1	2	3	1328	2165	38	13	93.877884	του.
3	1	224	2	0	0	1173	2191	354	95	-1	
4	1	224	2	1	0	1189	2191	338	28	-1	
5	1	224	2	1	1	1189	2207	12	2	61.092323	--
5	1	224	2	1	2	1217	2191	110	23	57.284012	Απεβίωσε
5	1	224	2	1	3	1343	2192	47	26	95.022217	στήν
5	1	224	2	1	4	1418	2191	109	28	0.000000	Αγόριανη
4	1	224	2	2	0	1173	2226	353	30	-1	
5	1	224	2	2	1	1173	2229	10	26	83.053635	ἡ
5	1	224	2	2	2	1196	2229	52	27	93.052734	χήρα
5	1	224	2	2	3	1262	2227	64	22	80.566628	Ἰωάν.
5	1	224	2	2	4	1340	2226	102	28	45.705078	Ῥέρηαδου
5	1	224	2	2	5	1455	2227	27	21	52.035908	δρ
5	1	224	2	2	6	1509	2228	17	20	87.272873	ἐ-
4	1	224	2	3	0	1175	2266	46	20	-1	
5	1	224	2	3	1	1175	2266	46	20	93.893875	τῶν.
2	1	225	0	0	0	1177	2324	349	4	-1	
3	1	225	1	0	0	1177	2324	349	4	-1	
4	1	225	1	1	0	1177	2324	349	4	-1	
5	1	225	1	1	1	1177	2324	349	4	95.000000	 
2	1	226	0	0	0	1221	2352	259	50	-1	
3	1	226	1	0	0	1221	2352	259	50	-1	
4	1	226	1	1	0	1221	2352	259	50	-1	
5	1	226	1	1	1	1221	2352	259	50	52.423901	Λογκανίκος
2	1	227	0	0	0	1202	2441	205	25	-1	
3	1	227	1	0	0	1202	2441	205	25	-1	
4	1	227	1	1	0	1202	2441	205	25	-1	
5	1	227	1	1	1	1202	2441	50	24	64.496078	Στίς
5	1	227	1	1	2	1270	2441	83	21	36.572094	14-2-81
5	1	227	1	1	3	1371	2441	36	25	80.153397	στή
2	1	228	0	0	0	1172	2475	246	28	-1	
3	1	228	1	0	0	1172	2475	246	28	-1	
4	1	228	1	1	0	1172	2475	246	28	-1	
5	1	228	1	1	1	1172	2476	82	27	72.756393	γέννησε
5	1	228	1	1	2	1274	2475	11	27	47.082920	ἡ
5	1	228	1	1	3	1301	2475	117	28	49.845505	Σπχυρούλα
2	1	229	0	0	0	1143	2403	22	9	-1	
3	1	229	1	0	0	1143	2403	22	9	-1	
4	1	229	1	1	0	1143	2403	22	9	-1	
5	1	229	1	1	1	1143	2403	22	9	95.000000	 
2	1	230	0	0	0	1441	2440	86	27	-1	
3	1	230	1	0	0	1441	2440	86	27	-1	
4	1	230	1	1	0	1441	2440	86	27	-1	
5	1	230	1	1	1	1441	2440	86	27	53.936951	πάρτη
2	1	231	0	0	0	1172	2510	355	135	-1	
3	1	231	1	0	0	1173	2510	336	28	-1	
4	1	231	1	1	0	1173	2510	336	28	-1	
5	1	231	1	1	1	1173	2513	71	25	74.670593	Χατζή
5	1	231	1	1	2	1260	2510	124	28	29.773048	χαριτωμένο
5	1	231	1	1	3	1399	2510	110	28	61.643093	κοριτσάκι.
3	1	231	2	0	0	1172	2546	355	99	-1	
4	1	231	2	1	0	1172	2546	353	28	-1	
5	1	231	2	1	1	1172	2561	29	2	21.800102	--
5	1	231	2	1	2	1217	2547	24	22	60.221855	Ὁ
5	1	231	2	1	3	1254	2556	18	13	94.978821	κ.
5	1	231	2	1	4	1285	2547	51	26	93.911102	Δημ.
5	1	231	2	1	5	1349	2547	16	22	66.285942	1.
5	1	231	2	1	6	1379	2547	84	25	71.047287	Κατζῆς
5	1	231	2	1	7	1476	2546	49	28	84.768005	διορί
4	1	231	2	2	0	1245	2582	281	27	-1	
5	1	231	2	2	1	1245	2583	35	26	48.626015	στή
5	1	231	2	2	2	1290	2584	22	20	0.000000	..
5	1	231	2	2	3	1323	2582	156	26	54.206276	Ἐνπαιδευτική
5	1	231	2	2	4	1490	2582	36	21	69.084999	Ἡε
4	1	231	2	3	0	1229	2618	298	27	-1	
5	1	231	2	3	1	1229	2627	33	13	70.412743	εια
5	1	231	2	3	2	1275	2618	123	27	86.092880	καθηγητής
5	1	231	2	3	3	1412	2619	36	25	93.207207	τῆς
5	1	231	2	3	4	1464	2625	63	19	0.000000	µαουσι-
2	1	232	0	0	0	1174	2574	60	106	-1	
3	1	232	1	0	0	1174	2574	60	106	-1	
4	1	232	1	1	0	1218	2574	16	31	-1	
5	1	232	1	1	1	1218	2574	16	31	95.000000	  
4	1	232	1	2	0	1174	2618	55	62	-1	
5	1	232	1	2	1	1174	2618	55	62	95.000000	  
2	1	233	0	0	0	1173	2592	51	17	-1	
3	1	233	1	0	0	1173	2592	51	17	-1	
4	1	233	1	1	0	1173	2592	51	17	-1	
5	1	233	1	1	1	1173	2592	51	17	44.817001	στηρή
2	1	234	0	0	0	1276	2688	249	93	-1	
3	1	234	1	0	0	1299	2688	226	64	-1	
4	1	234	1	1	0	1299	2688	226	42	-1	
5	1	234	1	1	1	1299	2688	110	22	19.868156	Φουντέϊχα:
5	1	234	1	1	2	1423	2690	16	21	78.549988	δ.
5	1	234	1	1	3	1451	2689	50	21	25.807144	Βασι
5	1	234	1	1	4	1504	2690	21	40	0.000000	νν
4	1	234	1	2	0	1276	2725	240	56	-1	
5	1	234	1	2	1	1276	2725	57	26	26.614868	υτόνη
5	1	234	1	2	2	1322	2726	56	55	20.355812	ο
5	1	234	1	2	3	1476	2726	40	25	56.940620	διορ
2	1	235	0	0	0	1169	2685	122	106	-1	
3	1	235	1	0	0	1169	2685	122	106	-1	
4	1	235	1	1	0	1169	2685	122	106	-1	
5	1	235	1	1	1	1169	2685	122	106	95.000000	 
2	1	236	0	0	0	1175	2805	119	31	-1	
3	1	236	1	0	0	1175	2805	119	31	-1	
4	1	236	1	1	0	1175	2805	119	31	-1	
5	1	236	1	1	1	1175	2805	51	31	28.006706	χρρη
5	1	236	1	1	2	1216	2797	78	26	82.273331	ητήρια.
2	1	237	0	0	0	1230	2825	58	28	-1	
3	1	237	1	0	0	1230	2825	58	28	-1	
4	1	237	1	1	0	1230	2825	58	28	-1	
5	1	237	1	1	1	1230	2825	58	28	95.000000	 
2	1	238	0	0	0	1173	2831	352	133	-1	
3	1	238	1	0	0	1173	2831	352	98	-1	
4	1	238	1	1	0	1288	2831	237	26	-1	
5	1	238	1	1	1	1288	2831	57	22	4.526588	ἰωσαν
5	1	238	1	1	2	1362	2831	21	22	94.319466	σὲ
5	1	238	1	1	3	1399	2831	98	27	88.679886	διάστηµα
5	1	238	1	1	4	1512	2831	13	21	34.242111	ὁ
4	1	238	1	2	0	1174	2866	350	29	-1	
5	1	238	1	2	1	1174	2868	77	27	90.410851	ἡμερῶν
5	1	238	1	2	2	1422	2866	102	21	43.734253	Νικολάου
4	1	238	1	3	0	1173	2901	283	28	-1	
5	1	238	1	3	1	1173	2903	88	26	31.995247	Τομάτου
5	1	238	1	3	2	1273	2903	27	22	90.061378	90
5	1	238	1	3	3	1313	2901	33	23	90.061378	καί
5	1	238	1	3	4	1360	2903	28	21	62.493755	10
5	1	238	1	3	5	1400	2903	56	21	79.434067	ἐτῶν.
3	1	238	2	0	0	1173	2938	352	26	-1	
4	1	238	2	1	0	1173	2938	352	26	-1	
5	1	238	2	1	1	1173	2952	29	2	32.713692	---
5	1	238	2	1	2	1218	2938	109	22	59.256630	᾽Αππεθίωσε
5	1	238	2	1	3	1347	2938	46	26	61.219479	στήν
5	1	238	2	1	4	1409	2938	116	26	0.000000	Καλαμάτα
2	1	239	0	0	0	1272	2868	120	25	-1	
3	1	239	1	0	0	1272	2868	120	25	-1	
4	1	239	1	1	0	1272	2868	120	25	-1	
5	1	239	1	1	1	1272	2867	21	22	75.128654	τὸ
5	1	239	1	1	2	1323	2868	69	25	20.816269	Ὀεῦγος
2	1	240	0	0	0	1173	2973	364	87	-1	
3	1	240	1	0	0	1173	2973	353	64	-1	
4	1	240	1	1	0	1173	2973	352	45	-1	
5	1	240	1	1	1	1173	2973	34	22	8.637077	χαί
5	1	240	1	1	2	1223	2974	96	26	52.636642	ἐιηδεύθη
5	1	240	1	1	3	1336	2982	28	5	95.074974	εἰς
5	1	240	1	1	4	1369	2973	132	45	30.689163	ος
5	1	240	1	1	5	1516	2975	22	25	34.537109	ὁ]
4	1	240	1	2	0	1174	3003	363	57	-1	
5	1	240	1	2	1	1174	3009	75	51	18.696182	ος
5	1	240	1	2	2	1263	3009	91	28	60.379757	Ἠλάχος.
5	1	240	1	2	3	1385	3017	67	19	10.824394	Επίσης
5	1	240	1	2	4	1468	3010	11	25	92.684418	ἡ
5	1	240	1	2	5	1494	3003	43	43	0.000000	Ἑι
2	1	241	0	0	0	1323	3046	201	22	-1	
3	1	241	1	0	0	1323	3046	201	22	-1	
4	1	241	1	1	0	1323	3046	201	22	-1	
5	1	241	1	1	1	1323	3046	19	22	25.764008	Γι
5	1	241	1	1	2	1506	3053	18	13	93.194023	ου
2	1	242	0	0	0	1377	3009	129	64	-1	
3	1	242	1	0	0	1377	3009	129	64	-1	
4	1	242	1	1	0	1377	3009	129	64	-1	
5	1	242	1	1	1	1377	3009	129	64	95.000000	   
5	1	242	1	1	2	1503	3033	1	1	95.000000	 
2	1	243	0	0	0	1164	2634	4	470	-1	
3	1	243	1	0	0	1164	2634	4	470	-1	
4	1	243	1	1	0	1164	2634	4	470	-1	
5	1	243	1	1	1	1164	2634	4	470	95.000000	 
2	1	244	0	0	0	1170	3041	125	72	-1	
3	1	244	1	0	0	1170	3041	125	72	-1	
4	1	244	1	1	0	1170	3041	125	72	-1	
5	1	244	1	1	1	1170	3041	125	72	95.000000	 
2	1	245	0	0	0	1545	47	3	412	-1	
3	1	245	1	0	0	1545	47	3	412	-1	
4	1	245	1	1	0	1545	47	3	412	-1	
5	1	245	1	1	1	1545	47	3	412	95.000000	 
2	1	246	0	0	0	1447	2476	93	26	-1	
3	1	246	1	0	0	1447	2476	93	26	-1	
4	1	246	1	1	0	1447	2476	93	26	-1	
5	1	246	1	1	1	1447	2476	77	26	62.160454	Τεωρη.
5	1	246	1	1	2	1539	2492	1	3	64.456848	|
2	1	247	0	0	0	1555	47	724	96	-1	
3	1	247	1	0	0	1555	47	724	96	-1	
4	1	247	1	1	0	1555	47	724	96	-1	
5	1	247	1	1	1	1555	47	724	96	95.000000	 
2	1	248	0	0	0	1555	166	714	139	-1	
3	1	248	1	0	0	1555	166	714	139	-1	
4	1	248	1	1	0	1586	166	683	32	-1	
5	1	248	1	1	1	1586	171	57	21	51.961655	᾿Από
5	1	248	1	1	2	1657	172	14	20	80.205124	Ι.
5	1	248	1	1	3	1684	171	92	27	90.435204	Κορπζῆ
5	1	248	1	1	4	1787	170	38	21	96.468056	διά
5	1	248	1	1	5	1834	169	151	28	39.130028	λογαριασμό
5	1	248	1	1	6	1997	168	79	27	53.422886	᾿Αγησ.
5	1	248	1	1	7	2092	166	100	28	71.570488	Κορτζῆ,
5	1	248	1	1	8	2207	166	62	20	81.849258	Γιαν΄
4	1	248	1	2	0	1555	202	704	32	-1	
5	1	248	1	2	1	1555	206	118	28	92.606346	νόπουλος
5	1	248	1	2	2	1686	206	87	27	87.302231	᾿Ηλίας,
5	1	248	1	2	3	1786	206	79	26	92.062424	Βύνιος
5	1	248	1	2	4	1878	205	75	21	45.426727	᾿Αθαν.
5	1	248	1	2	5	1972	205	30	24	86.228844	Γ.,
5	1	248	1	2	6	2019	202	141	28	85.564621	Κουρεμπῆς
5	1	248	1	2	7	2173	202	86	26	0.000000	Γεωργ.
4	1	248	1	3	0	1555	237	704	32	-1	
5	1	248	1	3	1	1555	242	23	21	92.708565	Κ.
5	1	248	1	3	2	1589	242	100	27	68.206635	Σκιαδᾶς
5	1	248	1	3	3	1699	242	116	27	70.289215	᾽Ιωάννης,
5	1	248	1	3	4	1825	241	92	27	92.569839	Κάτσος
5	1	248	1	3	5	1928	240	113	27	54.583984	Ιγνάτιος
5	1	248	1	3	6	2051	238	47	22	33.472557	᾿Αθ.
5	1	248	1	3	7	2111	237	79	26	92.182022	Βύνιος
5	1	248	1	3	8	2200	237	59	27	95.101753	Δημ.
4	1	248	1	4	0	1555	272	705	33	-1	
5	1	248	1	4	1	1555	279	21	20	75.074852	Γ.
5	1	248	1	4	2	1591	277	156	28	91.439911	Γιαννακάκης
5	1	248	1	4	3	1758	278	70	20	90.270988	Λεων.
5	1	248	1	4	4	1843	278	20	20	89.565201	Γ.
5	1	248	1	4	5	1877	276	82	22	93.292274	Η.Π.Α.
5	1	248	1	4	6	1973	274	154	29	90.962128	Γεωργούλης
5	1	248	1	4	7	2139	272	121	28	79.981308	Δημοσθέ-
2	1	249	0	0	0	1553	307	712	456	-1	
3	1	249	1	0	0	1553	307	712	456	-1	
4	1	249	1	1	0	1554	307	706	34	-1	
5	1	249	1	1	1	1554	321	41	20	92.749115	νης
5	1	249	1	1	2	1606	314	91	24	90.645065	Η.Π.Α.,
5	1	249	1	1	3	1708	313	75	27	89.789436	Ζήτης
5	1	249	1	1	4	1796	313	79	26	79.556198	Ἠλίας
5	1	249	1	1	5	1887	313	24	20	87.641838	Δ.
5	1	249	1	1	6	1926	312	64	27	37.637409	“ἹἹερά
5	1	249	1	1	7	2003	309	163	29	91.229889	Μητρόπολις,
5	1	249	1	1	8	2181	307	79	28	88.439163	Δημά-
4	1	249	1	2	0	1554	344	705	33	-1	
5	1	249	1	2	1	1554	356	41	21	86.902588	Κης
5	1	249	1	2	2	1612	349	118	27	96.586456	Χρῆστος,
5	1	249	1	2	3	1745	348	151	27	93.274010	Παναγιώτης
5	1	249	1	2	4	1914	347	100	27	91.726387	Βορίλας
5	1	249	1	2	5	2029	345	140	28	89.072906	Καλαμάτα,
5	1	249	1	2	6	2184	344	75	21	16.787750	[Ίανα-
4	1	249	1	3	0	1555	379	706	33	-1	
5	1	249	1	3	1	1555	385	84	27	92.120102	γιώτης
5	1	249	1	3	2	1653	384	25	21	91.999405	Ν.
5	1	249	1	3	3	1693	385	110	25	51.380669	Ρασσιᾶς,
5	1	249	1	3	4	1817	384	99	27	91.587280	Μπακῆς
5	1	249	1	3	5	1930	384	21	20	88.122147	Γ.
5	1	249	1	3	6	1966	382	124	27	96.803619	Βλαχάκης
5	1	249	1	3	7	2108	379	153	29	82.785828	Παναγιώτης,
4	1	249	1	4	0	1554	415	708	32	-1	
5	1	249	1	4	1	1554	420	24	21	90.374115	Α.
5	1	249	1	4	2	1593	421	141	26	90.374115	Τσουμανᾶς
5	1	249	1	4	3	1742	420	58	27	93.301048	Δημ.
5	1	249	1	4	4	1812	419	103	27	92.567200	Τσίχλης
5	1	249	1	4	5	1924	419	110	27	93.281479	Χρῆστος
5	1	249	1	4	6	2047	418	21	20	90.630821	Γ.
5	1	249	1	4	7	2079	417	100	27	91.324471	Μπακῆς
5	1	249	1	4	8	2189	415	73	28	90.746948	Εὐάγ..
4	1	249	1	5	0	1556	450	708	33	-1	
5	1	249	1	5	1	1556	456	20	20	76.579071	Γ.
5	1	249	1	5	2	1592	455	153	28	90.358955	Γεωργούλης
5	1	249	1	5	3	1760	456	85	26	93.253326	Γεωργ.
5	1	249	1	5	4	1859	455	26	21	92.045044	Ν.
5	1	249	1	5	5	1899	454	93	27	92.045044	Κάτσος
5	1	249	1	5	6	2005	454	56	20	93.280182	Κων.
5	1	249	1	5	7	2078	453	25	21	93.258308	Α.
5	1	249	1	5	8	2118	450	146	29	89.017189	Πατρονικό--
4	1	249	1	6	0	1554	486	711	32	-1	
5	1	249	1	6	1	1554	491	44	27	92.962257	λας
5	1	249	1	6	2	1610	492	85	26	93.290649	Γεωργ.
5	1	249	1	6	3	1708	491	25	20	91.048065	Χ.
5	1	249	1	6	4	1749	490	148	27	91.048065	Παπαστάθη
5	1	249	1	6	5	1909	489	99	24	43.236965	Μαπίνα,
5	1	249	1	6	6	2023	488	107	27	77.108139	Ξιάρχος
5	1	249	1	6	7	2142	486	123	28	54.483685	ΓΠαναγιώ--
4	1	249	1	7	0	1554	522	706	32	-1	
5	1	249	1	7	1	1554	533	50	21	92.821236	της,
5	1	249	1	7	2	1618	526	99	27	92.527794	Σιγαλός
5	1	249	1	7	3	1731	527	58	26	93.263237	Δημ.
5	1	249	1	7	4	1803	526	25	21	93.175285	Α.
5	1	249	1	7	5	1844	525	156	27	92.184471	Γιαννακάκης
5	1	249	1	7	6	2014	524	98	27	96.388420	Κώστας
5	1	249	1	7	7	2128	523	38	21	50.045452	καί
5	1	249	1	7	8	2179	522	81	28	96.604721	Μαρία
4	1	249	1	8	0	1555	558	706	31	-1	
5	1	249	1	8	1	1555	563	90	23	86.314369	Η.Π.Α.,
5	1	249	1	8	2	1659	562	153	27	92.174637	Μανεσιώτης
5	1	249	1	8	3	1824	561	78	27	93.302116	Τάσος
5	1	249	1	8	4	1913	561	34	24	93.011398	Π.,
5	1	249	1	8	5	1958	561	80	26	92.861542	Δῆμος
5	1	249	1	8	6	2052	560	48	21	93.291740	Νικ.
5	1	249	1	8	7	2112	558	91	24	91.229576	Η.Π.Α.,
5	1	249	1	8	8	2214	558	47	21	55.408333	[]α-
4	1	249	1	9	0	1555	593	705	31	-1	
5	1	249	1	9	1	1555	597	154	27	91.925201	παδόπουλος
5	1	249	1	9	2	1722	597	65	24	92.855087	Κων.,
5	1	249	1	9	3	1799	596	76	28	75.127228	Ζήτης
5	1	249	1	9	4	1887	597	86	26	91.381821	Παναγ.
5	1	249	1	9	5	1987	596	25	20	91.380478	Ν.
5	1	249	1	9	6	2025	595	76	27	86.327461	Ζήτης
5	1	249	1	9	7	2116	594	48	21	93.302780	Νικ.
5	1	249	1	9	8	2178	594	26	21	92.847115	Π.
5	1	249	1	9	9	2215	593	45	27	92.154190	Δη-
4	1	249	1	10	0	1554	629	707	31	-1	
5	1	249	1	10	1	1554	629	170	31	88.140877	µητρόπουλος
5	1	249	1	10	2	1735	633	87	26	77.256096	Πιαναγ.
5	1	249	1	10	3	1840	633	14	20	84.635612	Ι.
5	1	249	1	10	4	1868	631	146	27	92.157013	Γκουζούλης
5	1	249	1	10	5	2026	631	56	21	93.277367	Κων.
5	1	249	1	10	6	2098	631	25	20	92.556999	Π.
5	1	249	1	10	7	2137	629	124	22	92.052902	Γιαννακά-
4	1	249	1	11	0	1554	664	707	32	-1	
5	1	249	1	11	1	1554	675	41	21	92.886765	κης
5	1	249	1	11	2	1610	669	54	20	93.300735	Βασ.
5	1	249	1	11	3	1680	668	107	28	92.859985	Κούτσης
5	1	249	1	11	4	1801	669	96	26	86.466957	Παναγ.,
5	1	249	1	11	5	1911	666	153	28	92.632706	Λυκούρεσης
5	1	249	1	11	6	2078	666	48	21	93.273834	Νικ.
5	1	249	1	11	7	2146	664	115	28	92.024857	Περδίκης
4	1	249	1	12	0	1555	701	706	28	-1	
5	1	249	1	12	1	1555	704	124	25	14.930054	Γεώργιος,
5	1	249	1	12	2	1694	704	114	25	88.237976	Περδίκης
5	1	249	1	12	3	1825	703	84	24	83.831810	᾿Αθαν.,
5	1	249	1	12	4	1928	702	152	26	92.861328	Μανεσιώτης
5	1	249	1	12	5	2095	701	48	21	93.286819	Νικ.
5	1	249	1	12	6	2164	701	21	20	63.375088	Γ.
5	1	249	1	12	7	2201	701	60	20	46.668224	[Παν-
4	1	249	1	13	0	1553	735	705	28	-1	
5	1	249	1	13	1	1553	737	100	26	72.581337	ταζέλος
5	1	249	1	13	2	1668	737	120	26	33.401031	ΓΠαντελῆς
5	1	249	1	13	3	1803	737	47	20	56.319576	᾿Αθ.
5	1	249	1	13	4	1866	737	140	26	74.236755	Κρεμμύδας
5	1	249	1	13	5	2021	736	65	23	89.106934	Κων.,
5	1	249	1	13	6	2117	735	141	26	91.542526	Τσαγκάρης
2	1	250	0	0	0	1529	767	732	30	-1	
3	1	250	1	0	0	1529	767	732	30	-1	
4	1	250	1	1	0	1529	767	732	30	-1	
5	1	250	1	1	1	1529	787	3	6	0.000000	:}
5	1	250	1	1	2	1576	770	53	21	90.403419	Ιωάν.
5	1	250	1	1	3	1646	770	120	27	95.825569	Λοχαγός,
5	1	250	1	1	4	1779	769	193	22	40.052765	Παπαδοπούλου
5	1	250	1	1	5	1989	768	128	28	89.583496	᾽Αντηόνη,
5	1	250	1	1	6	2142	767	119	27	89.380348	Ψυχογιός
2	1	251	0	0	0	1554	803	708	171	-1	
3	1	251	1	0	0	1555	803	707	30	-1	
4	1	251	1	1	0	1555	803	707	30	-1	
5	1	251	1	1	1	1555	806	87	27	80.756607	Παναγ.
5	1	251	1	1	2	1656	805	76	27	92.791634	ἱερεύς
5	1	251	1	1	3	1745	805	47	22	16.793442	Ηλ.
5	1	251	1	1	4	1807	805	163	27	91.391266	Γιαννακάκος,
5	1	251	1	1	5	1984	804	101	27	91.726746	Γκλέκας
5	1	251	1	1	6	2096	804	59	27	93.011345	Δημ.
5	1	251	1	1	7	2169	803	31	24	87.472443	Γ.,
5	1	251	1	1	8	2213	803	49	20	1.887833	'Αν-
3	1	251	2	0	0	1555	838	706	30	-1	
4	1	251	2	1	0	1555	838	706	30	-1	
5	1	251	2	1	1	1555	841	72	27	92.767082	δρέου
5	1	251	2	1	2	1641	841	86	26	87.225166	Πάνος,
5	1	251	2	1	3	1755	842	80	26	86.746010	Πῆτερ
5	1	251	2	1	4	1849	841	144	27	89.576736	Καλαντζῆς,
5	1	251	2	1	5	2023	839	122	27	92.996284	Σταθάκος
5	1	251	2	1	6	2175	838	86	28	96.195526	Τάκης,
3	1	251	3	0	0	1554	874	708	29	-1	
4	1	251	3	1	0	1554	874	708	29	-1	
5	1	251	3	1	1	1554	876	130	27	87.957123	Μαιρούλης
5	1	251	3	1	2	1698	876	123	27	94.818848	Γεώργιος,
5	1	251	3	1	3	1835	875	203	27	96.005119	Γιαννακόπουλος
5	1	251	3	1	4	2050	875	58	27	93.289291	Δημ.
5	1	251	3	1	5	2134	874	128	27	92.767387	Γιάνναρης
3	1	251	4	0	0	1555	910	636	64	-1	
4	1	251	4	1	0	1555	910	636	29	-1	
5	1	251	4	1	1	1555	912	86	27	75.425156	Γεώργ.
5	1	251	4	1	2	1656	912	35	25	90.166954	Ν.,
5	1	251	4	1	3	1703	912	80	27	92.278442	Δῆμος
5	1	251	4	1	4	1800	912	76	20	65.836731	᾿Αθαν.
5	1	251	4	1	5	1892	912	14	20	71.124863	|.
5	1	251	4	1	6	1925	911	128	27	92.058586	Γιάνναρης
5	1	251	4	1	7	2066	911	88	26	89.752739	Παναγ.
5	1	251	4	1	8	2168	910	23	21	78.668121	Κ.
4	1	251	4	2	0	1589	947	324	27	-1	
5	1	251	4	2	1	1589	947	194	27	92.036064	Εὐχαριστοῦμεν
5	1	251	4	2	2	1800	947	113	27	91.904869	ἀπείρως.
2	1	252	0	0	0	1606	986	591	6	-1	
3	1	252	1	0	0	1606	986	591	6	-1	
4	1	252	1	1	0	1606	986	591	6	-1	
5	1	252	1	1	1	1606	986	591	6	95.000000	 
2	1	253	0	0	0	1552	1015	711	383	-1	
3	1	253	1	0	0	1694	1015	433	57	-1	
4	1	253	1	1	0	1694	1015	433	22	-1	
5	1	253	1	1	1	1694	1016	177	21	91.193848	ΣΥΝΔΕΣΜΟΣ
5	1	253	1	1	2	1888	1015	239	22	8.675308	ΤΕΩΡΠΡΙΤΣΙΑΝΩΝ
4	1	253	1	2	0	1843	1052	130	20	-1	
5	1	253	1	2	1	1843	1052	130	20	95.584579	ΑΤΤΙΚΗΣ
3	1	253	2	0	0	1552	1086	711	312	-1	
4	1	253	2	1	0	1707	1086	410	22	-1	
5	1	253	2	1	1	1707	1088	187	20	87.044701	ΠΡΟΣΚΛΗΣΗ
5	1	253	2	1	2	1903	1086	214	22	45.100128	-ΑΝΑΚΟΩΙΝΩΣΗ
4	1	253	2	2	0	1584	1122	248	28	-1	
5	1	253	2	2	1	1584	1122	111	28	38.933731	Αγαπητοί
5	1	253	2	2	2	1713	1124	119	26	41.925961	Συμπατριῶι
4	1	253	2	3	0	1583	1159	76	22	-1	
5	1	253	2	3	1	1583	1159	29	22	84.006493	Τό
5	1	253	2	3	2	1624	1159	35	20	88.769180	Διο
4	1	253	2	4	0	1653	1193	610	28	-1	
5	1	253	2	4	1	1653	1194	15	27	90.088448	ὁ,
5	1	253	2	4	2	1684	1195	111	26	60.927532	προσκαλεῖ
5	1	253	2	4	3	1812	1194	36	21	91.370468	ὅλα
5	1	253	2	4	4	1869	1194	24	21	96.433578	τὰ
5	1	253	2	4	5	1909	1194	50	26	90.861198	µέλη
5	1	253	2	4	6	1980	1202	39	18	93.677055	του,
5	1	253	2	4	7	2035	1193	20	22	87.927666	σέ
5	1	253	2	4	8	2072	1194	85	26	32.231583	τανοική
5	1	253	2	4	9	2188	1194	75	26	14.987877	Γευκή
4	1	253	2	5	0	1554	1229	539	28	-1	
5	1	253	2	5	1	1554	1229	111	27	56.424809	Συνέλευση
5	1	253	2	5	2	1678	1230	35	26	96.493843	γιά
5	1	253	2	5	3	1726	1230	22	25	94.830238	τή
5	1	253	2	5	4	1763	1230	26	26	41.765373	{η
5	1	253	2	5	5	1801	1229	91	27	92.559700	Μαρτίου
5	1	253	2	5	6	1908	1229	62	27	77.604263	1981.
5	1	253	2	5	7	1988	1229	62	28	90.510223	ἡμέρα
5	1	253	2	5	8	2063	1230	30	20	96.160706	Κυ
4	1	253	2	6	0	1553	1264	539	31	-1	
5	1	253	2	6	1	1553	1265	57	22	27.078186	9.80’
5	1	253	2	6	2	1632	1265	75	28	51.095062	πρωῦνή,
5	1	253	2	6	3	1723	1265	45	26	74.741425	στήν
5	1	253	2	6	4	1784	1265	79	21	92.124573	αἴθουσα
5	1	253	2	6	5	1879	1267	32	20	66.778854	τοῦ
5	1	253	2	6	6	1924	1264	109	31	81.950851	Συνδέσμου
5	1	253	2	6	7	2045	1265	47	22	59.067120	Λανι
4	1	253	2	7	0	1552	1295	710	33	-1	
5	1	253	2	7	1	1552	1301	34	24	84.489044	δός
5	1	253	2	7	2	1602	1301	108	24	69.354973	Πειρχιῶς
5	1	253	2	7	3	1723	1300	26	21	92.321518	48
5	1	253	2	7	4	1765	1301	47	26	20.566162	(Ἆος
5	1	253	2	7	5	1825	1300	80	28	89.086044	ὄροφος)
5	1	253	2	7	6	1922	1300	22	27	89.064026	µέ
5	1	253	2	7	7	1958	1300	25	22	93.286453	τά
5	1	253	2	7	8	1995	1295	99	27	79.646576	ἀκόλουθα
5	1	253	2	7	9	2110	1299	76	28	89.283058	θέµατα
5	1	253	2	7	10	2198	1301	64	27	12.289169	ἅμερη
4	1	253	2	8	0	1553	1336	141	25	-1	
5	1	253	2	8	1	1553	1336	45	25	89.456429	σίας
5	1	253	2	8	2	1614	1336	80	21	34.590340	δαπάξε
4	1	253	2	9	0	1584	1371	679	27	-1	
5	1	253	2	9	1	1584	1372	27	21	3.545181	{.-
5	1	253	2	9	2	1626	1371	131	26	46.598648	Οὐκονομυκός
5	1	253	2	9	3	1770	1371	33	21	80.790894	καί
5	1	253	2	9	4	1824	1371	130	26	34.127228	Διοικητικός
5	1	253	2	9	5	1972	1371	133	27	84.886772	ἀπολογισμός
5	1	253	2	9	6	2118	1373	32	20	96.801460	τοῦ
5	1	253	2	9	7	2162	1372	50	22	87.766998	Δ.Σ,
5	1	253	2	9	8	2226	1371	37	21	96.751976	ἀπό
2	1	254	0	0	0	1832	1127	51	21	-1	
3	1	254	1	0	0	1832	1127	51	21	-1	
4	1	254	1	1	0	1832	1127	51	21	-1	
5	1	254	1	1	1	1832	1127	51	21	95.000000	 
2	1	255	0	0	0	2068	1157	19	22	-1	
3	1	255	1	0	0	2068	1157	19	22	-1	
4	1	255	1	1	0	2068	1157	19	22	-1	
5	1	255	1	1	1	2068	1157	19	22	95.000000	 
2	1	256	0	0	0	1670	1157	594	28	-1	
3	1	256	1	0	0	1670	1157	594	28	-1	
4	1	256	1	1	0	1670	1157	594	28	-1	
5	1	256	1	1	1	1670	1158	71	27	0.000000	πιητυκό
5	1	256	1	1	2	1755	1158	109	26	48.688259	Σνμδούλιο
5	1	256	1	1	3	1879	1160	31	21	96.612282	τοῦ
5	1	256	1	1	4	1925	1157	116	28	41.463852	Συνδέσμου,
5	1	256	1	1	5	2053	1166	93	19	80.002380	σύµφωνα
5	1	256	1	1	6	2161	1157	23	28	84.928780	µέ
5	1	256	1	1	7	2198	1157	22	23	53.108372	τό
5	1	256	1	1	8	2228	1166	36	14	26.984596	κα-
2	1	257	0	0	0	1617	1163	67	52	-1	
3	1	257	1	0	0	1617	1163	67	52	-1	
4	1	257	1	1	0	1647	1163	37	20	-1	
5	1	257	1	1	1	1647	1163	37	20	95.000000	 
4	1	257	1	2	0	1617	1203	34	12	-1	
5	1	257	1	2	1	1617	1203	34	12	95.000000	 
2	1	258	0	0	0	1554	1201	710	92	-1	
3	1	258	1	0	0	1554	1201	74	15	-1	
4	1	258	1	1	0	1554	1201	74	15	-1	
5	1	258	1	1	1	1554	1201	74	15	76.343719	ταστατ
3	1	258	2	0	0	2138	1229	126	64	-1	
4	1	258	2	1	0	2150	1229	82	7	-1	
5	1	258	2	1	1	2150	1229	82	7	10.735626	πε.
4	1	258	2	2	0	2138	1238	126	19	-1	
5	1	258	2	2	1	2138	1238	18	17	54.951019	κή
5	1	258	2	2	2	2169	1238	33	13	44.163052	παΐ
5	1	258	2	2	3	2220	1238	44	19	57.104908	ὥρα
4	1	258	2	3	0	2140	1264	78	29	-1	
5	1	258	2	3	1	2140	1264	78	29	46.432720	μονίων,
2	1	259	0	0	0	2094	1237	46	19	-1	
3	1	259	1	0	0	2094	1237	46	19	-1	
4	1	259	1	1	0	2094	1237	46	19	-1	
5	1	259	1	1	1	2094	1237	46	19	95.000000	 
2	1	260	0	0	0	2093	1266	61	20	-1	
3	1	260	1	0	0	2093	1266	61	20	-1	
4	1	260	1	1	0	2093	1266	61	20	-1	
5	1	260	1	1	1	2093	1266	61	20	95.000000	 
2	1	261	0	0	0	2245	1266	18	20	-1	
3	1	261	1	0	0	2245	1266	18	20	-1	
4	1	261	1	1	0	2245	1266	18	20	-1	
5	1	261	1	1	1	2245	1266	18	20	88.773445	ὁ-
2	1	262	0	0	0	1623	1274	17	16	-1	
3	1	262	1	0	0	1623	1274	17	16	-1	
4	1	262	1	1	0	1623	1274	17	16	-1	
5	1	262	1	1	1	1623	1274	17	16	95.000000	 
2	1	263	0	0	0	1625	1308	53	20	-1	
3	1	263	1	0	0	1625	1308	53	20	-1	
4	1	263	1	1	0	1625	1308	53	20	-1	
5	1	263	1	1	1	1625	1308	53	20	95.000000	 
2	1	264	0	0	0	1677	1336	50	25	-1	
3	1	264	1	0	0	1677	1336	50	25	-1	
4	1	264	1	1	0	1677	1336	50	25	-1	
5	1	264	1	1	1	1677	1336	50	25	95.000000	 
2	1	265	0	0	0	1554	1406	709	130	-1	
3	1	265	1	0	0	1554	1406	709	58	-1	
4	1	265	1	1	0	1554	1406	709	28	-1	
5	1	265	1	1	1	1554	1409	36	24	91.589317	τῆς
5	1	265	1	1	2	1620	1407	119	27	4.371155	ἀαλήψεως
5	1	265	1	1	3	1754	1408	37	21	92.947586	τῶν
5	1	265	1	1	4	1806	1406	129	27	24.837662	καθηκώτων
5	1	265	1	1	5	1950	1415	32	13	96.559158	του
5	1	265	1	1	6	2000	1407	126	27	72.765686	(11-0-4919
5	1	265	1	1	7	2141	1406	33	22	92.034691	καί
5	1	265	1	1	8	2189	1407	21	21	12.192780	91
5	1	265	1	1	9	2211	1407	52	21	12.192780	-19-
4	1	265	1	2	0	1555	1443	61	21	-1	
5	1	265	1	2	1	1555	1443	61	21	78.306572	19680.
3	1	265	2	0	0	1555	1478	706	58	-1	
4	1	265	2	1	0	1583	1478	678	27	-1	
5	1	265	2	1	1	1583	1478	28	21	52.265553	9.
5	1	265	2	1	2	1627	1479	101	26	0.561180	Ἓλκριση
5	1	265	2	1	3	1755	1479	36	20	93.114410	τῶν
5	1	265	2	1	4	1811	1478	129	26	82.266953	ἰσολογισμῶν
5	1	265	2	1	5	1955	1479	36	25	96.635078	τῆς
5	1	265	2	1	6	2021	1478	100	22	70.868286	91-19-19
5	1	265	2	1	7	2150	1478	33	22	31.128113	καί
5	1	265	2	1	8	2197	1478	64	21	52.685410	91-12
4	1	265	2	2	0	1555	1514	61	22	-1	
5	1	265	2	2	1	1555	1514	61	22	92.886581	1950.
2	1	266	0	0	0	1583	1549	143	22	-1	
3	1	266	1	0	0	1583	1549	143	22	-1	
4	1	266	1	1	0	1583	1549	143	22	-1	
5	1	266	1	1	1	1583	1550	29	21	38.334686	ὃ--
5	1	266	1	1	2	1621	1549	105	22	3.788643	᾽Ανακονώ
2	1	267	0	0	0	1767	1549	157	27	-1	
3	1	267	1	0	0	1767	1549	157	27	-1	
4	1	267	1	1	0	1767	1549	157	27	-1	
5	1	267	1	1	1	1767	1558	8	16	42.747959	5
5	1	267	1	1	2	1785	1563	7	3	42.747959	-
5	1	267	1	1	3	1801	1549	123	27	81.722183	Προτάσεις.
2	1	268	0	0	0	1567	1558	479	121	-1	
3	1	268	1	0	0	1567	1558	479	121	-1	
4	1	268	1	1	0	1682	1558	86	23	-1	
5	1	268	1	1	1	1682	1558	86	23	95.000000	 
4	1	268	1	2	0	1567	1581	278	36	-1	
5	1	268	1	2	1	1567	1581	278	36	95.000000	  
4	1	268	1	3	0	1796	1617	205	22	-1	
5	1	268	1	3	1	1796	1617	71	22	95.000000	 
5	1	268	1	3	2	2000	1632	1	6	95.000000	 
4	1	268	1	4	0	1770	1654	276	25	-1	
5	1	268	1	4	1	1770	1654	59	25	95.000000	 
5	1	268	1	4	2	1994	1658	52	20	95.000000	 
2	1	269	0	0	0	1551	1585	710	132	-1	
3	1	269	1	0	0	1740	1585	521	26	-1	
4	1	269	1	1	0	1740	1585	521	26	-1	
5	1	269	1	1	1	1740	1585	24	20	88.016518	νά
5	1	269	1	1	2	1779	1586	127	24	84.813751	καταθληθεῖ
5	1	269	1	1	3	1920	1585	121	26	19.363083	πρρσπὰθεια
5	1	269	1	1	4	2058	1585	37	20	93.302673	ἀπό
5	1	269	1	1	5	2111	1586	38	21	91.023102	ὅλα
5	1	269	1	1	6	2169	1586	25	20	96.209946	τά
5	1	269	1	1	7	2208	1586	53	25	93.892006	µέλη
3	1	269	2	0	0	1552	1605	709	40	-1	
4	1	269	2	1	0	1552	1605	709	40	-1	
5	1	269	2	1	1	1552	1618	22	21	91.346619	νὰ
5	1	269	2	1	2	1590	1634	2	5	42.423855	π
5	1	269	2	1	3	1588	1605	117	40	0.000000	π..
5	1	269	2	1	4	1721	1619	35	25	21.781876	σπή
5	1	269	2	1	5	1768	1619	28	20	93.178612	Συ
5	1	269	2	1	6	1870	1627	11	17	93.030266	η
5	1	269	2	1	7	1893	1618	33	21	66.653107	καί
5	1	269	2	1	8	1937	1618	26	20	93.006226	νὰ
5	1	269	2	1	9	1974	1619	135	25	41.308994	εἰδοποιηλοῦν
5	1	269	2	1	10	2125	1619	41	22	89.511894	ὅλο,
5	1	269	2	1	11	2179	1619	16	23	71.590614	οἱ
5	1	269	2	1	12	2210	1627	51	18	0.000000	πνῶ-
3	1	269	3	0	0	1551	1653	710	64	-1	
4	1	269	3	1	0	1551	1653	710	28	-1	
5	1	269	3	1	1	1551	1653	41	22	92.516914	σποί
5	1	269	3	1	2	1605	1654	40	26	95.991844	πού,
5	1	269	3	1	3	1657	1654	34	26	93.214043	γιά
5	1	269	3	1	4	1703	1655	85	21	62.164474	ὁποιοδήποτε
5	1	269	3	1	5	1841	1653	56	27	91.501816	λόγο,
5	1	269	3	1	6	1912	1653	30	22	84.327713	δὲν
5	1	269	3	1	7	1956	1654	40	27	72.016838	πήρανε
5	1	269	3	1	8	2043	1654	33	26	93.170464	τήν
5	1	269	3	1	9	2088	1653	115	28	5.790466	πρόσκλησή
5	1	269	3	1	10	2215	1662	46	19	95.183907	µας.
4	1	269	3	2	0	1582	1684	650	33	-1	
5	1	269	3	2	1	1582	1690	24	21	26.301773	Ὁ
5	1	269	3	2	2	1626	1689	107	27	19.229004	Ἰρόεδρος
5	1	269	3	2	3	1840	1684	4	3	0.000000	ι
5	1	269	3	2	4	2005	1690	24	21	33.083260	Ο
5	1	269	3	2	5	2041	1690	44	21	84.852287	Τεν.
5	1	269	3	2	6	2098	1690	134	27	13.158127	Πραμματέας
2	1	270	0	0	0	1696	1698	3	19	-1	
3	1	270	1	0	0	1696	1698	3	19	-1	
4	1	270	1	1	0	1696	1698	3	19	-1	
5	1	270	1	1	1	1696	1698	3	19	95.000000	 
2	1	271	0	0	0	1581	1725	649	23	-1	
3	1	271	1	0	0	1581	1725	649	23	-1	
4	1	271	1	1	0	1581	1725	649	23	-1	
5	1	271	1	1	1	1581	1726	46	22	93.202911	ΧΡ.
5	1	271	1	1	2	1641	1726	153	21	41.211552	ΜΠΕΛΕΚΑΣ
5	1	271	1	1	3	2006	1725	76	22	89.466148	ΔΙΟΝ.
5	1	271	1	1	4	2097	1726	133	21	88.179680	ΜΠΑΚΗΣ
2	1	272	0	0	0	1550	1816	710	205	-1	
3	1	272	1	0	0	1550	1816	710	205	-1	
4	1	272	1	1	0	1784	1816	247	21	-1	
5	1	272	1	1	1	1784	1816	247	21	89.803810	ΣΥΓΧΑΡΗΤΗΡΙΟΝ
4	1	272	1	2	0	1581	1851	678	29	-1	
5	1	272	1	2	1	1581	1851	164	28	87.850700	Συγχαίοοµεν
5	1	272	1	2	2	1762	1852	37	21	96.465965	διά
5	1	272	1	2	3	1819	1851	41	28	93.303116	τήν
5	1	272	1	2	4	1876	1851	99	27	90.451813	ἐπάξιαν
5	1	272	1	2	5	1991	1851	143	28	90.451813	προαγωγήν
5	1	272	1	2	6	2149	1859	43	20	96.664055	της
5	1	272	1	2	7	2227	1853	32	27	92.169983	εἰς
4	1	272	1	3	0	1550	1887	710	28	-1	
5	1	272	1	3	1	1550	1887	41	21	93.301331	τόν
5	1	272	1	3	2	1604	1887	92	27	86.500122	δαθµόν
5	1	272	1	3	3	1708	1887	142	21	92.371239	Διευθυντοῦ
5	1	272	1	3	4	1862	1887	31	21	57.657188	Α΄
5	1	272	1	3	5	1909	1888	43	20	93.105553	τοῦ
5	1	272	1	3	6	1969	1887	153	27	92.325821	Ὑπουργείου
5	1	272	1	3	7	2135	1888	125	27	94.935204	Δημοσίων
4	1	272	1	4	0	1550	1922	709	29	-1	
5	1	272	1	4	1	1550	1923	94	27	43.358784	"ὌἜργων
5	1	272	1	4	2	1655	1922	42	28	93.294884	τήν
5	1	272	1	4	3	1708	1922	119	28	91.800110	ἐξαδέλφη
5	1	272	1	4	4	1840	1929	46	21	81.472900	µας
5	1	272	1	4	5	1896	1929	20	14	91.758133	κ.
5	1	272	1	4	6	1930	1923	78	27	90.626190	᾽Αλίκη
5	1	272	1	4	7	2023	1922	88	28	96.569099	σύζυγο
5	1	272	1	4	8	2121	1923	138	28	96.497490	Παναγιώτη
4	1	272	1	5	0	1550	1958	136	28	-1	
5	1	272	1	5	1	1550	1958	25	21	92.206573	Α.
5	1	272	1	5	2	1587	1958	99	28	92.026199	Κούτση.
4	1	272	1	6	0	1735	1993	344	28	-1	
5	1	272	1	6	1	1735	1994	134	27	84.540497	Οἰκεγένεια
5	1	272	1	6	2	1876	1993	98	28	92.755379	Σπύρου
5	1	272	1	6	3	1984	1994	95	21	92.307541	Κάτσου
2	1	273	0	0	0	1549	2047	710	169	-1	
3	1	273	1	0	0	1549	2047	710	169	-1	
4	1	273	1	1	0	1637	2047	413	30	-1	
5	1	273	1	1	1	1637	2073	2	4	0.000000	'
5	1	273	1	1	2	1763	2047	113	21	88.066078	ΕΠΑΞΙΑ
5	1	273	1	1	3	1894	2047	156	21	90.339775	ΠΡΟΑΓΩΓΗ
4	1	273	1	2	0	1578	2082	681	29	-1	
5	1	273	1	2	1	1578	2082	114	28	83.112099	Προήχθη
5	1	273	1	2	2	1703	2082	103	27	91.949936	ἐπαξίως
5	1	273	1	2	3	1820	2082	32	27	96.569122	εἰς
5	1	273	1	2	4	1861	2082	42	21	93.276291	τόν
5	1	273	1	2	5	1914	2082	78	27	51.136963	δαθµό
5	1	273	1	2	6	2003	2083	142	21	92.211891	Διευθυντοῦ
5	1	273	1	2	7	2157	2083	30	21	78.586243	Α΄’
5	1	273	1	2	8	2207	2083	52	28	95.703171	(2ος
4	1	273	1	3	0	1549	2112	709	35	-1	
5	1	273	1	3	1	1549	2118	103	27	40.210857	δαθμός)
5	1	273	1	3	2	1667	2119	42	20	93.299202	τοῦ
5	1	273	1	3	3	1720	2117	144	28	92.640366	ὑπουργείου
5	1	273	1	3	4	1875	2112	124	33	93.251549	Δημοσίων
5	1	273	1	3	5	2010	2118	102	27	86.584305	Ἔργων,
5	1	273	1	3	6	2126	2118	7	28	92.994339	ἡ
5	1	273	1	3	7	2148	2126	19	14	96.319817	κ.
5	1	273	1	3	8	2181	2119	77	28	17.523712	Αλίκη
4	1	273	1	4	0	1549	2153	709	29	-1	
5	1	273	1	4	1	1549	2153	101	28	96.821312	σύζυγος
5	1	273	1	4	2	1663	2153	153	27	93.298103	Παναγιώτου
5	1	273	1	4	3	1834	2153	25	20	91.280396	Α.
5	1	273	1	4	4	1874	2153	102	27	90.239967	Κούτση,
5	1	273	1	4	5	1990	2153	41	27	93.300934	τήν
5	1	273	1	4	6	2045	2153	84	22	92.736198	ὁποίαν
5	1	273	1	4	7	2147	2154	12	27	91.090431	ἡ
5	1	273	1	4	8	2174	2154	84	28	62.348354	ἔφημε-
4	1	273	1	5	0	1549	2188	332	28	-1	
5	1	273	1	5	1	1549	2189	55	27	92.171249	ρίδα
5	1	273	1	5	2	1612	2196	47	20	91.879936	µας
5	1	273	1	5	3	1669	2189	118	27	91.655167	συγχαίρη
5	1	273	1	5	4	1799	2188	82	27	90.608719	θερμᾶ.
2	1	274	0	0	0	1550	2225	708	14	-1	
3	1	274	1	0	0	1550	2225	708	14	-1	
4	1	274	1	1	0	1550	2225	708	14	-1	
5	1	274	1	1	1	1546	2219	70	28	30.163803	ο
5	1	274	1	1	2	1704	2225	99	13	4.448814	ο
5	1	274	1	1	3	1872	2219	62	28	15.738647	μμ
5	1	274	1	1	4	1975	2219	47	28	15.621490	---
5	1	274	1	1	5	2049	2225	209	14	0.000000	πσ--“σσ-----ᾱ
2	1	275	0	0	0	1554	2034	700	3	-1	
3	1	275	1	0	0	1554	2034	700	3	-1	
4	1	275	1	1	0	1554	2034	700	3	-1	
5	1	275	1	1	1	1554	2034	700	3	95.000000	 
2	1	276	0	0	0	1557	2225	700	3	-1	
3	1	276	1	0	0	1557	2225	700	3	-1	
4	1	276	1	1	0	1557	2225	700	3	-1	
5	1	276	1	1	1	1557	2225	700	3	95.000000	 
2	1	277	0	0	0	1544	2265	345	479	-1	
3	1	277	1	0	0	1544	2265	345	479	-1	
4	1	277	1	1	0	1544	2265	327	289	-1	
5	1	277	1	1	1	1544	2265	327	289	95.000000	    
4	1	277	1	2	0	1544	2554	345	190	-1	
5	1	277	1	2	1	1544	2554	345	190	95.000000	 
2	1	278	0	0	0	1870	2331	453	192	-1	
3	1	278	1	0	0	1870	2331	453	192	-1	
4	1	278	1	1	0	1870	2331	411	52	-1	
5	1	278	1	1	1	1870	2333	37	50	30.909081	4
5	1	278	1	1	2	1947	2333	95	50	0.000000	Πο
5	1	278	1	1	3	2058	2331	223	52	0.000000	Ράή4
4	1	278	1	2	0	1871	2461	452	62	-1	
5	1	278	1	2	1	1871	2461	452	62	24.666679	ΔΗΜΗΤΡΙΟΥ
2	1	279	0	0	0	1904	2558	352	146	-1	
3	1	279	1	0	0	1946	2558	310	97	-1	
4	1	279	1	1	0	1973	2558	245	37	-1	
5	1	279	1	1	1	1973	2558	245	37	14.179977	σΠάΡΈΕΈΗΙ
4	1	279	1	2	0	1904	2613	352	91	-1	
5	1	279	1	2	1	1904	2619	154	85	35.587494	ο.
5	1	279	1	2	2	2075	2613	181	56	37.749176	24-6ό9ο
2	1	280	0	0	0	2160	2683	157	49	-1	
3	1	280	1	0	0	2160	2683	157	49	-1	
4	1	280	1	1	0	2160	2683	157	49	-1	
5	1	280	1	1	1	2160	2695	26	24	75.614120	ὠ
5	1	280	1	1	2	2243	2683	74	49	0.000000	ὡς
2	1	281	0	0	0	1960	2685	357	54	-1	
3	1	281	1	0	0	1960	2685	357	54	-1	
4	1	281	1	1	0	1960	2685	357	54	-1	
5	1	281	1	1	1	1960	2687	61	52	0.000000	νῳ
5	1	281	1	1	2	2048	2687	60	46	86.634102	ὡς
5	1	281	1	1	3	2071	2685	92	47	0.000000	νο
5	1	281	1	1	4	2213	2695	104	36	0.000000	ὰἕὡς
2	1	282	0	0	0	1712	2780	453	3	-1	
3	1	282	1	0	0	1712	2780	453	3	-1	
4	1	282	1	1	0	1712	2780	453	3	-1	
5	1	282	1	1	1	1712	2780	453	3	95.000000	 
2	1	283	0	0	0	1744	2798	319	22	-1	
3	1	283	1	0	0	1744	2798	319	22	-1	
4	1	283	1	1	0	1744	2798	319	22	-1	
5	1	283	1	1	1	1744	2798	160	21	91.796051	ΜΕΣΙΤΙΚΟΝ
5	1	283	1	1	2	1917	2798	146	22	92.256844	ΓΡΑΦΕΙΟΝ
2	1	284	0	0	0	1597	2848	612	39	-1	
3	1	284	1	0	0	1597	2848	612	39	-1	
4	1	284	1	1	0	1597	2848	612	39	-1	
5	1	284	1	1	1	1597	2848	304	37	33.875900	ΔΗΜΗΤΙΗΟ.
5	1	284	1	1	2	1936	2850	97	36	32.233376	ΣΗΓ
5	1	284	1	1	3	2057	2849	152	38	15.034874	ΛΛΟΥ
2	1	285	0	0	0	1547	2904	706	168	-1	
3	1	285	1	0	0	1547	2904	706	168	-1	
4	1	285	1	1	0	1715	2904	376	23	-1	
5	1	285	1	1	1	1715	2904	216	22	92.396622	ΚΛΕΟΜΒΡΟΤΟΥ
5	1	285	1	1	2	1947	2905	13	21	96.937630	2
5	1	285	1	1	3	1976	2905	115	22	96.314705	ΣΠΑΡΤΗ
4	1	285	1	2	0	1754	2940	296	22	-1	
5	1	285	1	2	1	1754	2940	68	21	93.289658	ΤΗΛ.
5	1	285	1	2	2	1839	2940	80	21	80.196564	25.0ἱ4
5	1	285	1	2	3	1938	2941	16	20	8.169235	ὅ
5	1	285	1	2	4	1971	2941	79	21	96.445244	24.607
4	1	285	1	3	0	1576	2975	677	25	-1	
5	1	285	1	3	1	1576	2975	267	22	84.543137	ΑΝΑΛΑΙΜΒΑΝΟΥΜΕ
5	1	285	1	3	2	1859	2976	96	22	91.919441	ΑΓΟΡΑ
5	1	285	1	3	3	1971	2976	30	22	38.818989	”Η
5	1	285	1	3	4	2015	2977	118	21	93.292572	ΠΩΛΗΣΗ
5	1	285	1	3	5	2146	2978	107	22	90.844879	ΟΙΚΟΠΕ
4	1	285	1	4	0	1547	3011	705	26	-1	
5	1	285	1	4	1	1547	3011	67	25	92.644608	ΔΩΝ,
5	1	285	1	4	2	1629	3011	109	25	91.326057	ΟΙΚΙΩΝ,
5	1	285	1	4	3	1751	3011	255	26	91.597488	ΔΙΑΜΕΡΙΣΜΑΤΩΝ,
5	1	285	1	4	4	2021	3013	163	21	85.872795	ΚΤΗΜΑΤΩΝ
5	1	285	1	4	5	2198	3014	54	21	74.860062	Κ.Λ.
4	1	285	1	5	0	1547	3046	705	26	-1	
5	1	285	1	5	1	1535	3036	36	31	0.000000	ΊΠ.
5	1	285	1	5	2	1584	3046	138	22	93.105011	ΓΙΝΟΝΤΑΙ
5	1	285	1	5	3	1736	3047	106	22	87.278465	ΑΓΟΡΑΙ
5	1	285	1	5	4	1856	3060	8	2	89.541679	-
5	1	285	1	5	5	1876	3048	145	21	91.837143	ΠΩΛΗΣΕΙΣ
5	1	285	1	5	6	2033	3049	100	21	92.721977	ΕΙΔΙΚΑ
5	1	285	1	5	7	2145	3050	64	21	68.388443	ΚΑ!
5	1	285	1	5	8	2199	3032	12	48	75.583069	|
5	1	285	1	5	9	2206	3050	46	22	96.768326	ΓΙΑ
2	1	286	0	0	0	1535	3068	224	36	-1	
3	1	286	1	0	0	1535	3068	224	36	-1	
4	1	286	1	1	0	1535	3068	224	36	-1	
5	1	286	1	1	1	1535	3068	224	36	47.901962	ΓΑΛΛΟΔΑΠΟΥΣ.
