level	page_num	block_num	par_num	line_num	word_num	left	top	width	height	conf	text
1	1	0	0	0	0	0	0	2268	3167	-1	
2	1	1	0	0	0	576	233	157	231	-1	
3	1	1	1	0	0	576	233	157	231	-1	
4	1	1	1	1	0	600	233	88	52	-1	
5	1	1	1	1	1	600	233	88	52	65.658005	ΗΛ
4	1	1	1	2	0	586	322	136	53	-1	
5	1	1	1	2	1	586	322	136	53	20.847008	ΜΗΛΛῆ
4	1	1	1	3	0	576	410	157	54	-1	
5	1	1	1	3	1	576	410	157	54	0.000000	ΤΛΛΗ/Τῆ
2	1	2	0	0	0	36	40	526	588	-1	
3	1	2	1	0	0	36	40	526	588	-1	
4	1	2	1	1	0	36	40	526	588	-1	
5	1	2	1	1	1	36	40	526	588	95.000000	 
2	1	3	0	0	0	35	626	721	1953	-1	
3	1	3	1	0	0	43	626	713	318	-1	
4	1	3	1	1	0	83	626	672	36	-1	
5	1	3	1	1	1	83	626	19	20	55.329395	Ἡ
5	1	3	1	1	2	115	626	136	30	91.830017	ἐφημερίδά
5	1	3	1	1	3	262	638	60	21	77.022980	μας
5	1	3	1	1	4	338	632	121	28	88.518150	ἀνακάλυψε
5	1	3	1	1	5	472	633	38	21	68.724701	Καί
5	1	3	1	1	6	523	635	162	27	93.282257	παρουσιάζει,
5	1	3	1	1	7	700	635	55	21	80.953598	ἕναν
4	1	3	1	2	0	46	661	710	50	-1	
5	1	3	1	2	1	46	659	77	30	92.332619	ἀφανή
5	1	3	1	2	2	132	664	96	27	91.737633	µεγάλο.
5	1	3	1	2	3	239	667	151	42	0.000000	παλλιτεχόη
5	1	3	1	2	4	402	668	224	43	90.693558	αὐτοδημιούργητο
5	1	3	1	2	5	634	670	39	22	55.906395	καί
5	1	3	1	2	6	686	670	70	22	90.286835	αὐτο-
4	1	3	1	3	0	46	695	708	36	-1	
5	1	3	1	3	1	46	695	104	25	86.969246	δίδακτο.
5	1	3	1	3	2	166	699	26	22	86.969246	Ὁ
5	1	3	1	3	3	207	702	57	27	92.105240	ἴδιος
5	1	3	1	3	4	278	702	48	28	93.292389	ἔχει
5	1	3	1	3	5	338	703	127	28	91.791992	ἐπίγνωση,
5	1	3	1	3	6	477	704	29	21	96.730637	τό
5	1	3	1	3	7	520	705	76	22	93.257431	νιώθει
5	1	3	1	3	8	613	705	92	26	90.919601	δαθειά,
5	1	3	1	3	9	718	706	36	22	96.999252	ὅτι
4	1	3	1	4	0	43	731	710	36	-1	
5	1	3	1	4	1	43	731	30	20	96.884956	τά
5	1	3	1	4	2	82	731	64	31	93.614540	ἔργα
5	1	3	1	4	3	157	743	44	15	95.971909	του
5	1	3	1	4	4	211	737	57	22	96.880798	εἶναι
5	1	3	1	4	5	278	738	168	27	91.870705	Καλλιτεχνικά
5	1	3	1	4	6	453	740	217	27	87.546608	ἀριστουργήματα
5	1	3	1	4	7	681	741	72	26	90.846405	-ξένοι
4	1	3	1	5	0	43	770	710	31	-1	
5	1	3	1	5	1	43	770	156	28	25.439209	Κανλλιτέχνες
5	1	3	1	5	2	214	773	46	20	96.925117	πού
5	1	3	1	5	3	274	773	30	20	93.302811	τά
5	1	3	1	5	4	318	772	64	22	92.430756	εἶδαν
5	1	3	1	5	5	396	773	57	27	93.301414	στήν
5	1	3	1	5	6	467	774	147	27	92.029984	Αὐστραλία,
5	1	3	1	5	7	628	776	43	20	93.165688	τοῦ
5	1	3	1	5	8	689	776	64	20	92.806427	συνέ-
4	1	3	1	6	0	45	807	708	31	-1	
5	1	3	1	6	1	45	811	93	22	90.446068	στησαν
5	1	3	1	6	2	151	807	31	21	96.346275	νά
5	1	3	1	6	3	196	807	63	22	90.837074	Κάνει
5	1	3	1	6	4	274	807	94	29	90.873940	ἔκθεση-
5	1	3	1	6	5	385	808	59	23	92.652748	εἶναι
5	1	3	1	6	6	457	809	163	28	91.686630	ἐπιτεύγματα
5	1	3	1	6	7	648	810	105	28	20.881264	μεγάλης
4	1	3	1	7	0	44	840	709	33	-1	
5	1	3	1	7	1	44	840	124	30	91.062988	ὑπομονῆς
5	1	3	1	7	2	181	843	40	21	74.585739	καί
5	1	3	1	7	3	233	843	119	28	93.101151	ἐπιμονῆς,
5	1	3	1	7	4	366	844	66	21	93.304832	ἀλλά
5	1	3	1	7	5	443	844	180	28	92.067162	ἀποστρέφεται
5	1	3	1	7	6	638	846	42	27	91.318901	τήν
5	1	3	1	7	7	695	853	58	20	91.318901	προ-
4	1	3	1	8	0	44	878	710	30	-1	
5	1	3	1	8	1	44	878	93	27	83.788147	σωπική
5	1	3	1	8	2	153	878	118	28	75.840851	προθολή,
5	1	3	1	8	3	283	878	59	23	93.302299	εἶναι
5	1	3	1	8	4	359	879	86	28	75.996857	σεµνός
5	1	3	1	8	5	456	880	39	21	88.918190	καί
5	1	3	1	8	6	505	880	160	28	89.341797	µετριόφρων,
5	1	3	1	8	7	678	881	28	27	87.405922	µέ
5	1	3	1	8	8	719	881	35	21	88.706047	αἴ-
4	1	3	1	9	0	47	913	603	31	-1	
5	1	3	1	9	1	47	913	75	27	92.379684	σθηση
5	1	3	1	9	2	133	915	44	19	93.299515	τοῦ
5	1	3	1	9	3	187	914	99	27	89.026314	µέτρου,
5	1	3	1	9	4	297	915	29	27	91.785126	µέ
5	1	3	1	9	5	340	915	73	27	30.592438	μηδέν
5	1	3	1	9	6	423	916	227	28	85.245743	κομπορρημοσύνη.
3	1	3	2	0	0	43	948	710	244	-1	
4	1	3	2	1	0	77	948	676	31	-1	
5	1	3	2	1	1	77	948	41	21	96.875092	Γιά
5	1	3	2	1	2	127	948	29	22	97.000313	τό
5	1	3	2	1	3	168	949	38	21	96.093102	πιό
5	1	3	2	1	4	217	949	65	22	93.287155	πάνω
5	1	3	2	1	5	294	950	58	27	85.358582	ἔργο
5	1	3	2	1	6	362	957	52	18	85.358582	του,
5	1	3	2	1	7	429	951	97	21	91.835678	«Εἰκόνα
5	1	3	2	1	8	537	953	43	19	96.837654	τοῦ
5	1	3	2	1	9	596	952	45	27	25.012344	Άγ.
5	1	3	2	1	10	656	952	97	27	92.753876	Γεωργί-
4	1	3	2	2	0	45	984	708	31	-1	
5	1	3	2	2	1	45	990	50	18	95.752136	ου»,
5	1	3	2	2	2	112	984	46	21	95.752136	πού
5	1	3	2	2	3	170	984	41	28	96.427383	τήν
5	1	3	2	2	4	223	985	124	28	96.641342	πρόσφερε
5	1	3	2	2	5	361	986	57	27	92.876152	στήν
5	1	3	2	2	6	435	986	135	28	92.383255	Ὑπαπαντή
5	1	3	2	2	7	584	987	89	21	93.301544	διέθεσε
5	1	3	2	2	8	689	988	64	27	92.839828	τρεῖς
4	1	3	2	3	0	45	1019	707	31	-1	
5	1	3	2	3	1	45	1020	71	27	91.329208	μῆνες
5	1	3	2	3	2	126	1019	108	29	92.779251	ἐντατική
5	1	3	2	3	3	245	1020	109	28	95.559425	ἐργασία.
5	1	3	2	3	4	367	1022	126	27	68.714951	Προσοχή!
5	1	3	2	3	5	512	1022	38	21	96.394157	δέν
5	1	3	2	3	6	564	1021	57	23	93.296417	εἶναι
5	1	3	2	3	7	638	1023	114	27	91.691284	ζωγραφι-
4	1	3	2	4	0	44	1054	708	31	-1	
5	1	3	2	4	1	44	1054	51	28	45.797951	Κκή...
5	1	3	2	4	2	108	1054	57	23	95.489090	εἶναι
5	1	3	2	4	3	178	1055	52	22	67.818428	Κάτι
5	1	3	2	4	4	242	1056	62	21	93.301300	πολύ
5	1	3	2	4	5	316	1056	107	28	92.167870	ἀνώτερο
5	1	3	2	4	6	435	1057	48	21	93.300995	ἀπό
5	1	3	2	4	7	497	1058	169	27	86.358597	λαδοµπογιές,
5	1	3	2	4	8	695	1058	57	22	93.059387	εἶναι
4	1	3	2	5	0	45	1090	707	31	-1	
5	1	3	2	5	1	45	1090	107	27	71.316025	μωσαϊκό
5	1	3	2	5	2	162	1092	178	28	85.397675	ξυλοκοπτικῆς,
5	1	3	2	5	3	349	1092	29	28	90.131248	µέ
5	1	3	2	5	4	390	1093	98	27	92.949661	ἐγκοπές
5	1	3	2	5	5	499	1093	39	21	93.291901	καί
5	1	3	2	5	6	545	1093	30	28	89.438484	µέ
5	1	3	2	5	7	586	1093	166	28	92.454414	ἐνσφηνωμένα
4	1	3	2	6	0	43	1125	709	32	-1	
5	1	3	2	6	1	43	1125	125	29	90.436447	ἀμέτρητα
5	1	3	2	6	2	181	1128	175	27	53.581703	µικροτεµάχια
5	1	3	2	6	3	370	1128	72	27	95.012070	ξύλου
5	1	3	2	6	4	455	1128	122	28	94.822823	διαφόρων
5	1	3	2	6	5	609	1129	143	28	38.458858	χρωμάτων,
4	1	3	2	7	0	44	1161	706	31	-1	
5	1	3	2	7	1	44	1161	39	27	93.306236	γιά
5	1	3	2	7	2	94	1162	20	20	83.530251	ν᾿
5	1	3	2	7	3	131	1162	128	22	92.382401	ἀποδίδουν
5	1	3	2	7	4	272	1163	54	27	93.257515	ὅλες
5	1	3	2	7	5	338	1164	35	27	96.484344	τίς
5	1	3	2	7	6	385	1164	177	27	51.163044	λεπτομέρειες,
5	1	3	2	7	7	576	1165	70	27	93.681717	µέχρι
5	1	3	2	7	8	658	1165	92	27	96.597816	τρίχας.
3	1	3	3	0	0	35	1197	718	278	-1	
4	1	3	3	1	0	74	1197	678	31	-1	
5	1	3	3	1	1	74	1197	32	21	96.585892	Τό
5	1	3	3	1	2	118	1198	99	21	96.272499	ταλέντο
5	1	3	3	1	3	229	1200	44	20	93.065338	τοῦ
5	1	3	3	1	4	286	1199	112	21	91.944061	ἐκλεκτοῦ
5	1	3	3	1	5	410	1200	170	28	84.139931	συμπατριώτη
5	1	3	3	1	6	591	1207	47	20	96.419159	µας
5	1	3	3	1	7	647	1208	20	13	93.178146	κ.
5	1	3	3	1	8	681	1201	71	21	92.201813	ΓΕΩΡ
4	1	3	3	2	0	45	1233	707	30	-1	
5	1	3	3	2	1	45	1233	69	21	94.934792	ΓΙΟΥ
5	1	3	3	2	2	127	1233	42	22	93.241821	ΧΡ.
5	1	3	3	2	3	185	1234	243	22	91.386421	ΚΩΣΤΟΚΑΝΕΛΛΗ
5	1	3	3	2	4	448	1235	162	27	31.157791	συνδυασμένο
5	1	3	3	2	5	626	1236	28	27	86.879044	µέ
5	1	3	3	2	6	669	1236	29	27	93.194633	τή
5	1	3	3	2	7	712	1243	40	20	90.581802	µε-
4	1	3	3	3	0	45	1268	706	31	-1	
5	1	3	3	3	1	45	1268	62	28	58.291885	Υάλη
5	1	3	3	3	2	123	1276	42	14	92.614235	του
5	1	3	3	3	3	182	1269	114	28	91.420677	ὑπομονή,
5	1	3	3	3	4	318	1270	195	28	96.462334	παρουσιάστηκε
5	1	3	3	3	5	532	1271	26	21	93.304314	σέ
5	1	3	3	3	6	574	1271	44	28	91.986015	ὅλη
5	1	3	3	3	7	635	1279	45	14	89.736488	του
5	1	3	3	3	8	709	1272	42	27	89.736488	τήν
4	1	3	3	4	0	45	1304	707	30	-1	
5	1	3	3	4	1	45	1304	97	28	60.964188	Έκταση,
5	1	3	3	4	2	159	1305	43	27	93.106956	στή
5	1	3	3	4	3	221	1306	108	27	77.662117	µακρυνή
5	1	3	3	4	4	345	1306	147	27	80.183189	Αὐστραλία'
5	1	3	3	4	5	510	1306	114	28	91.361397	ἀσφαλῶς
5	1	3	3	4	6	641	1307	30	21	93.294815	θά
5	1	3	3	4	7	687	1314	65	14	92.787170	συνε-
4	1	3	3	5	0	35	1340	718	29	-1	
5	1	3	3	5	1	35	1340	94	23	69.839302	«πέλεσε
5	1	3	3	5	2	144	1341	39	21	70.663948	Καί
5	1	3	3	5	3	197	1341	12	27	86.822502	ἡ
5	1	3	3	5	4	224	1341	131	27	93.612076	νοσταλγία
5	1	3	3	5	5	373	1349	43	14	95.689194	του
5	1	3	3	5	6	432	1342	61	27	95.689194	πρός
5	1	3	3	5	7	507	1342	28	21	96.944801	τό
5	1	3	3	5	8	549	1342	84	27	95.166412	χωριό,
5	1	3	3	5	9	649	1342	58	22	96.975052	διότι
5	1	3	3	5	10	721	1343	32	21	96.614380	τά
4	1	3	3	6	0	43	1376	709	29	-1	
5	1	3	3	6	1	43	1376	164	27	94.202271	περισσότερα
5	1	3	3	6	2	218	1377	60	27	96.331017	ἔργα
5	1	3	3	6	3	292	1384	51	17	96.331017	του,
5	1	3	3	6	4	354	1376	59	22	93.303497	εἶναι
5	1	3	3	6	5	425	1377	163	28	91.375877	ἐμπνευσμένα
5	1	3	3	6	6	601	1378	48	21	96.844429	ἀπό
5	1	3	3	6	7	662	1378	90	27	92.523132	θέµατα
4	1	3	3	7	0	45	1411	707	30	-1	
5	1	3	3	7	1	45	1411	110	28	87.738869	παρµένα
5	1	3	3	7	2	168	1411	48	22	96.366699	ἀπό
5	1	3	3	7	3	229	1412	28	21	93.279716	τό
5	1	3	3	7	4	276	1412	135	28	92.782562	Γεωργίτσι,
5	1	3	3	7	5	425	1412	40	22	38.416702	Κα
5	1	3	3	7	6	478	1413	143	28	92.763199	γενικώτερα
5	1	3	3	7	7	634	1413	48	21	93.363075	ἀπό
5	1	3	3	7	8	710	1413	42	21	92.189278	τόν
4	1	3	3	8	0	48	1447	322	28	-1	
5	1	3	3	8	1	48	1447	121	21	91.430840	Ἑλλαδικό
5	1	3	3	8	2	185	1448	74	27	91.601807	χῶρο.
5	1	3	3	8	3	368	1457	2	2	66.353539	:
3	1	3	4	0	0	44	1482	709	491	-1	
4	1	3	4	1	0	68	1482	685	30	-1	
5	1	3	4	1	1	68	1482	42	21	18.605728	Ὁ
5	1	3	4	1	2	120	1483	36	20	93.077850	ΕΛ
5	1	3	4	1	3	170	1483	119	25	90.627907	ΓΚΡΕΚΟ,
5	1	3	4	1	4	300	1483	24	21	83.348381	-ὁ
5	1	3	4	1	5	334	1483	27	21	96.389488	ἐκ
5	1	3	4	1	6	370	1483	94	28	93.294464	Κρήτης
5	1	3	4	1	7	474	1484	58	28	89.259651	Δομ.
5	1	3	4	1	8	546	1484	207	28	76.506882	Θεοτοκόπουλος-
4	1	3	4	2	0	46	1518	706	29	-1	
5	1	3	4	2	1	46	1518	46	21	96.891312	πού
5	1	3	4	2	2	109	1518	29	21	77.667778	κι’
5	1	3	4	2	3	151	1518	74	27	92.529419	αὐτός
5	1	3	4	2	4	239	1518	181	28	92.682228	αὐτοδίδακτος,
5	1	3	4	2	5	435	1520	126	27	92.606964	ἀνεδείχθη
5	1	3	4	2	6	575	1520	105	27	86.608894	µεγάλος
5	1	3	4	2	7	711	1521	41	26	89.543274	ζω-
4	1	3	4	3	0	46	1553	707	30	-1	
5	1	3	4	3	1	46	1553	91	28	96.870773	γράφος
5	1	3	4	3	2	149	1554	56	28	93.215034	στήν
5	1	3	4	3	3	217	1554	116	26	52.442722	᾿Ισπανία,
5	1	3	4	3	4	347	1554	76	28	91.645241	ἔλεγε:
5	1	3	4	3	5	441	1555	41	22	82.729904	«Ἡ
5	1	3	4	3	6	492	1555	72	28	96.384682	τέχνη
5	1	3	4	3	7	576	1555	25	22	96.565681	δέ
5	1	3	4	3	8	618	1553	135	25	96.295593	διδάσκεται
4	1	3	4	4	0	46	1589	705	29	-1	
5	1	3	4	4	1	46	1589	57	22	92.888550	εἶναι
5	1	3	4	4	2	117	1589	111	28	92.006950	ἔμφυτη».
5	1	3	4	4	3	262	1590	75	21	29.361511	᾽᾿Αλλά
5	1	3	4	4	4	349	1591	40	20	93.256744	καί
5	1	3	4	4	5	401	1591	14	21	93.000313	ὁ
5	1	3	4	4	6	435	1591	25	20	93.282326	ἐκ
5	1	3	4	4	7	475	1591	157	27	91.826225	Γεωργιτσίου
5	1	3	4	4	8	646	1592	105	26	85.797516	µεγάλος
4	1	3	4	5	0	46	1621	706	31	-1	
5	1	3	4	5	1	46	1624	129	28	96.564827	Ζωγράφος
5	1	3	4	5	2	188	1632	46	20	96.536354	µας
5	1	3	4	5	3	251	1625	91	27	91.024574	Πέτρος
5	1	3	4	5	4	356	1626	108	26	81.699661	Ροῦμπος
5	1	3	4	5	5	478	1625	27	21	93.261604	τό
5	1	3	4	5	6	514	1621	49	26	90.159981	ἴδιο
5	1	3	4	5	7	576	1625	115	22	92.841400	ἐπίστευε.
5	1	3	4	5	8	708	1626	44	20	92.742989	Αὐ-
4	1	3	4	6	0	44	1660	708	28	-1	
5	1	3	4	6	1	44	1660	155	27	92.272469	ποδίδακτους
5	1	3	4	6	2	212	1660	152	28	93.011337	Καλλιτέχνες
5	1	3	4	6	3	376	1660	89	28	92.608231	ἔχουμε
5	1	3	4	6	4	482	1660	90	28	93.081772	ἐπίσης,
5	1	3	4	6	5	587	1661	40	21	95.973167	τόν
5	1	3	4	6	6	639	1668	20	14	93.217232	κ.
5	1	3	4	6	7	677	1662	75	20	60.194481	Πανα-
4	1	3	4	7	0	44	1695	707	29	-1	
5	1	3	4	7	1	44	1695	71	28	91.595459	γιώτη
5	1	3	4	7	2	129	1696	14	21	56.574860	|.
5	1	3	4	7	3	155	1696	90	21	68.492630	Ρασσιᾶ
5	1	3	4	7	4	258	1696	56	28	93.197990	στήν
5	1	3	4	7	5	328	1696	85	27	85.284271	᾿Αθήνα
5	1	3	4	7	6	427	1696	39	22	56.989170	καί
5	1	3	4	7	7	476	1696	42	21	93.255295	τόν
5	1	3	4	7	8	533	1697	218	27	92.226166	γυναικοπατριώτη
4	1	3	4	8	0	44	1732	707	28	-1	
5	1	3	4	8	1	44	1738	46	21	85.001923	µας
5	1	3	4	8	2	97	1738	20	15	96.885445	κ.
5	1	3	4	8	3	130	1732	106	27	96.108116	Βαγγέλη
5	1	3	4	8	4	245	1732	139	27	86.906090	Δημητρίου
5	1	3	4	8	5	393	1732	46	28	86.906090	στή
5	1	3	4	8	6	453	1732	105	28	93.303772	Σπάρτη.
5	1	3	4	8	7	570	1732	47	28	92.305244	Στή
5	1	3	4	8	8	628	1732	123	28	36.251099	μουσική...
4	1	3	4	9	0	44	1767	708	28	-1	
5	1	3	4	9	1	44	1767	171	27	91.818108	αὐτοδίδακτος
5	1	3	4	9	2	226	1767	56	22	92.657722	εἶναι
5	1	3	4	9	3	293	1768	13	21	92.657722	ὁ
5	1	3	4	9	4	315	1775	19	14	96.401848	κ.
5	1	3	4	9	5	347	1768	116	27	93.196533	Γεώργιος
5	1	3	4	9	6	478	1768	47	22	43.542019	᾿Ηλ.
5	1	3	4	9	7	538	1768	87	27	92.993118	Βύνιος,
5	1	3	4	9	8	638	1768	114	21	83.214050	-μάλιστα
4	1	3	4	10	0	45	1802	707	29	-1	
5	1	3	4	10	1	45	1802	62	22	89.838539	6ιολί
5	1	3	4	10	2	119	1803	46	21	96.562408	πού
5	1	3	4	10	3	177	1802	59	22	96.562408	εἶναι
5	1	3	4	10	4	250	1803	28	21	91.821671	τό
5	1	3	4	10	5	290	1803	170	27	91.406067	δυσκολώτερο
5	1	3	4	10	6	478	1803	106	28	91.872139	ὄργανο-.
5	1	3	4	10	7	601	1804	82	27	96.033363	Καθώς
5	1	3	4	10	8	714	1804	38	21	93.302025	καί
4	1	3	4	11	0	44	1838	705	29	-1	
5	1	3	4	11	1	44	1838	52	22	93.128265	ὅλοι
5	1	3	4	11	2	112	1838	21	22	93.293709	οἱ
5	1	3	4	11	3	148	1839	141	27	87.806305	ἱεροφάλτες
5	1	3	4	11	4	304	1846	53	20	93.295616	µας,
5	1	3	4	11	5	370	1839	111	27	92.086731	Σταῦρος
5	1	3	4	11	6	501	1839	163	28	91.833038	Γεωργούλης,
5	1	3	4	11	7	680	1840	25	21	91.669495	Π.
5	1	3	4	11	8	726	1839	23	21	92.458717	Κ.
4	1	3	4	12	0	45	1874	705	28	-1	
5	1	3	4	12	1	45	1874	137	28	91.792381	Γιάνναρης,
5	1	3	4	12	2	215	1875	153	27	86.559486	Δημοσθένης
5	1	3	4	12	3	381	1875	40	21	93.683250	καί
5	1	3	4	12	4	436	1875	101	27	81.439148	Βασίλης
5	1	3	4	12	5	552	1875	136	27	90.122269	Τσερωτᾶς,
5	1	3	4	12	6	704	1875	46	21	11.238541	Αθ.
4	1	3	4	13	0	44	1910	708	28	-1	
5	1	3	4	13	1	44	1910	264	27	91.630257	Παπαθανασόπουλος,
5	1	3	4	13	2	321	1911	121	27	92.456589	Παντελῆς
5	1	3	4	13	3	459	1910	179	28	51.787361	Καιλαδρυτινός
5	1	3	4	13	4	649	1911	40	21	93.301765	καί
5	1	3	4	13	5	700	1911	52	21	92.443176	ὅλοι
4	1	3	4	14	0	44	1946	529	27	-1	
5	1	3	4	14	1	44	1946	23	21	93.301514	οἱ
5	1	3	4	14	2	76	1946	194	27	91.937393	ἐργατοτεχνῖτες
5	1	3	4	14	3	279	1953	46	20	93.288239	µας
5	1	3	4	14	4	335	1946	165	21	90.069542	αὐτοδίδακτοι
5	1	3	4	14	5	510	1946	63	21	96.893723	εἶναι.
3	1	3	5	0	0	44	1981	709	384	-1	
4	1	3	5	1	0	73	1981	679	29	-1	
5	1	3	5	1	1	73	1981	129	28	36.805801	---᾿Επίτῆ
5	1	3	5	1	2	215	1981	107	28	91.188080	εὐκαιρία
5	1	3	5	1	3	332	1982	193	27	92.364960	ὑπενθυμίζουμε,
5	1	3	5	1	4	536	1982	29	27	96.943520	τή
5	1	3	5	1	5	578	1982	78	28	76.926872	γνώµη
5	1	3	5	1	6	668	1983	42	21	93.289551	τοῦ
5	1	3	5	1	7	726	1982	26	21	82.005386	ᾱ-
4	1	3	5	2	0	44	2017	707	28	-1	
5	1	3	5	2	1	44	2017	126	28	60.049458	εἰµνήστου
5	1	3	5	2	2	185	2017	118	28	84.841484	Νομάρχη
5	1	3	5	2	3	319	2018	68	20	96.168846	Στυλ.
5	1	3	5	2	4	404	2017	131	28	95.951714	Σκανδάλη,
5	1	3	5	2	5	551	2017	38	28	92.676971	γιά
5	1	3	5	2	6	605	2018	72	27	92.829041	ὅλους
5	1	3	5	2	7	695	2018	56	27	96.946182	τούς
4	1	3	5	3	0	46	2053	706	27	-1	
5	1	3	5	3	1	46	2053	208	27	89.628006	Γεωργιτσιάνους:
5	1	3	5	3	2	274	2053	75	21	83.062401	"Όταν
5	1	3	5	3	3	362	2053	77	27	92.949303	ἔχτιζε
5	1	3	5	3	4	454	2053	56	27	95.835625	τούς
5	1	3	5	3	5	522	2053	97	27	93.305130	τοίχους
5	1	3	5	3	6	631	2055	60	20	92.931557	στοῦ
5	1	3	5	3	7	707	2054	45	21	20.815598	[Πα-
4	1	3	5	4	0	46	2088	706	28	-1	
5	1	3	5	4	1	46	2088	88	28	72.960960	ράσχη,
5	1	3	5	4	2	147	2090	44	20	93.275093	τοῦ
5	1	3	5	4	3	205	2088	66	27	91.782845	ἔκανε
5	1	3	5	4	4	286	2089	113	27	91.577789	ἰδιαίτερη
5	1	3	5	4	5	412	2088	133	28	92.589745	ἐντύπωση,
5	1	3	5	4	6	564	2089	12	27	92.980232	ἡ
5	1	3	5	4	7	591	2089	86	27	66.788605	εὐφυΐα
5	1	3	5	4	8	691	2089	61	21	91.359566	ὅλων
4	1	3	5	5	0	46	2124	706	28	-1	
5	1	3	5	5	1	46	2125	45	20	92.514778	τῶν
5	1	3	5	5	2	111	2124	196	28	92.083969	Γεωργιτσιάνων,
5	1	3	5	5	3	322	2125	88	27	91.353279	μικρῶν
5	1	3	5	5	4	423	2124	40	21	64.277107	καί
5	1	3	5	5	5	479	2124	117	28	81.491997	µεγάλων'
5	1	3	5	5	6	611	2124	29	22	93.301682	τό
5	1	3	5	5	7	656	2125	96	21	91.898247	ἀπέδιδε
4	1	3	5	6	0	46	2160	705	28	-1	
5	1	3	5	6	1	46	2160	57	21	93.296684	στόν
5	1	3	5	6	2	118	2160	56	27	75.715240	εὑρύ
5	1	3	5	6	3	186	2160	119	27	58.738396	ὀρίζοντα,
5	1	3	5	6	4	318	2160	44	21	93.303360	στό
5	1	3	5	6	5	374	2160	122	28	92.531578	ὑφόμετρο
5	1	3	5	6	6	509	2160	39	21	74.529762	καί
5	1	3	5	6	7	559	2160	45	21	96.503662	στό
5	1	3	5	6	8	615	2160	60	21	92.239883	Καλό
5	1	3	5	6	9	688	2160	63	27	35.057365	νερό'
4	1	3	5	7	0	45	2195	708	28	-1	
5	1	3	5	7	1	45	2196	104	27	0.461288	μάλιστα
5	1	3	5	7	2	162	2196	109	27	96.449745	πρότεινε
5	1	3	5	7	3	287	2196	29	21	96.899216	νά
5	1	3	5	7	4	328	2195	77	28	91.342232	γίνουν
5	1	3	5	7	5	417	2196	65	26	91.342232	τρεῖς
5	1	3	5	7	6	496	2196	79	26	58.829819	τάξεις
5	1	3	5	7	7	587	2197	43	20	96.793053	τοῦ
5	1	3	5	7	8	644	2196	55	21	93.291740	τότε
5	1	3	5	7	9	713	2197	40	20	92.632767	Γυ-
4	1	3	5	8	0	47	2231	706	28	-1	
5	1	3	5	8	1	47	2231	107	27	87.056717	µνασίου,
5	1	3	5	8	2	167	2231	40	27	96.690598	γιά
5	1	3	5	8	3	224	2231	29	21	93.300262	νά
5	1	3	5	8	4	267	2231	138	27	71.517250	διατηρηθεῖ
5	1	3	5	8	5	419	2231	13	21	93.270279	ὁ
5	1	3	5	8	6	447	2231	126	27	22.035187	δυναμικός
5	1	3	5	8	7	586	2231	94	27	92.497276	ὀρεινός
5	1	3	5	8	8	694	2232	59	27	90.751923	πλη-
4	1	3	5	9	0	47	2266	706	28	-1	
5	1	3	5	9	1	47	2266	95	28	72.041214	θυσµός.
5	1	3	5	9	2	157	2267	86	27	80.472824	Ἔλεγε
5	1	3	5	9	3	261	2266	37	22	96.383339	ἐπί
5	1	3	5	9	4	311	2266	71	27	96.711281	λέξει:
5	1	3	5	9	5	402	2266	36	22	93.303658	ὅτι
5	1	3	5	9	6	453	2266	52	22	92.717819	ὅλοι
5	1	3	5	9	7	519	2268	102	26	87.671959	γενικῶς,
5	1	3	5	9	8	649	2266	104	22	77.547096	τοὔκανα
4	1	3	5	10	0	47	2302	704	28	-1	
5	1	3	5	10	1	47	2302	51	21	76.601349	Κάτι
5	1	3	5	10	2	110	2302	127	28	92.678596	ἐρωτήσεις
5	1	3	5	10	3	251	2302	39	21	93.296066	καί
5	1	3	5	10	4	301	2302	108	21	70.135559	τοὔῦδιναν
5	1	3	5	10	5	421	2302	52	21	72.413300	Κάτι
5	1	3	5	10	6	486	2302	143	28	92.408279	ἀπαντήσεις
5	1	3	5	10	7	641	2302	47	22	93.252899	πού
5	1	3	5	10	8	700	2302	51	22	92.381371	τοῦ-
4	1	3	5	11	0	47	2337	226	28	-1	
5	1	3	5	11	1	47	2344	71	21	91.906525	φευγε
5	1	3	5	11	2	133	2337	29	21	74.128250	τό
5	1	3	5	11	3	178	2338	95	27	48.130589	καφάσι.
3	1	3	6	0	0	46	2373	709	206	-1	
4	1	3	6	1	0	78	2373	674	28	-1	
5	1	3	6	1	1	78	2373	25	21	29.718521	Ὁ
5	1	3	6	1	2	116	2380	20	14	93.294373	κ.
5	1	3	6	1	3	157	2374	21	20	81.167503	Γ.
5	1	3	6	1	4	192	2373	26	21	90.711327	Χ.
5	1	3	6	1	5	235	2373	267	25	82.367035	ΚΩΣΤΟΚΑΝΕΛΛΗΣ,
5	1	3	6	1	6	518	2373	46	22	96.640007	πού
5	1	3	6	1	7	579	2373	28	21	92.098694	τό
5	1	3	6	1	8	622	2373	130	28	91.836479	ἐργαστήρι
4	1	3	6	2	0	46	2409	708	28	-1	
5	1	3	6	2	1	46	2416	43	14	95.226616	που
5	1	3	6	2	2	99	2409	43	21	93.295174	στό
5	1	3	6	2	3	155	2409	127	28	91.485916	Γεωργίτοι
5	1	3	6	2	4	292	2409	57	22	93.296104	εἶναι
5	1	3	6	2	5	360	2409	88	28	92.741898	ἄριστα
5	1	3	6	2	6	457	2409	164	28	89.752480	ἐξωπλισμένο
5	1	3	6	2	7	629	2409	30	28	83.500206	µέ
5	1	3	6	2	8	667	2409	47	22	91.950737	ὅλα
5	1	3	6	2	9	723	2409	31	22	96.656105	τά
4	1	3	6	3	0	47	2444	707	28	-1	
5	1	3	6	3	1	47	2444	110	28	91.746353	χρειώδη,
5	1	3	6	3	2	172	2445	30	21	93.302994	θά
5	1	3	6	3	3	213	2446	124	26	55.294258	μποροῦσε
5	1	3	6	3	4	347	2445	30	21	96.489395	νά
5	1	3	6	3	5	388	2445	168	27	53.808609	δημιουργήσει
5	1	3	6	3	6	567	2445	87	27	95.646820	σχολή,
5	1	3	6	3	7	666	2445	40	21	86.573929	καί
5	1	3	6	3	8	717	2445	37	22	91.375061	διο
4	1	3	6	4	0	48	2480	707	27	-1	
5	1	3	6	4	1	48	2480	80	27	92.430183	τεχνία
5	1	3	6	4	2	139	2481	172	26	91.386200	τουριστιστῶν
5	1	3	6	4	3	321	2480	231	27	37.128124	καλλιτεχνηµάτων.
5	1	3	6	4	4	571	2480	37	21	92.131691	Νά
5	1	3	6	4	5	620	2480	31	27	89.064720	µή
5	1	3	6	4	6	665	2486	90	21	86.875885	σταµα-
4	1	3	6	5	0	46	2515	707	28	-1	
5	1	3	6	5	1	46	2515	65	28	92.202499	τήσει
5	1	3	6	5	2	123	2515	12	28	91.987305	ἡ
5	1	3	6	5	3	145	2516	121	27	58.451595	θαυμάσια
5	1	3	6	5	4	277	2516	78	27	89.035027	τέχνη.
5	1	3	6	5	5	365	2515	40	21	41.873505	Νά
5	1	3	6	5	6	414	2515	63	22	93.300735	κάνει
5	1	3	6	5	7	491	2515	103	27	92.710556	ἐκθέσεις
5	1	3	6	5	8	605	2515	50	27	95.967804	στίς
5	1	3	6	5	9	665	2515	88	28	89.990784	πόλεις,
4	1	3	6	6	0	48	2550	646	29	-1	
5	1	3	6	6	1	48	2551	35	22	92.914322	Θά
5	1	3	6	6	2	98	2551	101	28	92.186310	δρεθοῦν
5	1	3	6	6	3	211	2551	106	28	82.096687	µιµητές,
5	1	3	6	6	4	330	2551	137	27	92.774979	συνεχιστές
5	1	3	6	6	5	477	2550	61	22	89.208984	Καί...
5	1	3	6	6	6	553	2550	141	28	90.037247	ἀγοραστές.
2	1	4	0	0	0	49	2615	707	314	-1	
3	1	4	1	0	0	283	2615	237	22	-1	
4	1	4	1	1	0	283	2615	237	22	-1	
5	1	4	1	1	1	283	2615	237	22	88.961807	ΕΥΧΑΡΙΣΤΗΡΙΟΝ
3	1	4	2	0	0	49	2651	707	278	-1	
4	1	4	2	1	0	78	2651	677	28	-1	
5	1	4	2	1	1	78	2651	177	28	78.826096	Εὐχαριστοῦμε
5	1	4	2	1	2	271	2651	103	28	92.490295	ἀπείρως
5	1	4	2	1	3	393	2651	73	27	92.360703	ὅλους
5	1	4	2	1	4	481	2651	75	27	92.362595	ὅσους
5	1	4	2	1	5	571	2652	44	26	91.764099	μᾶς
5	1	4	2	1	6	629	2658	126	21	88.916557	συµπαρα-
4	1	4	2	2	0	49	2686	705	29	-1	
5	1	4	2	2	1	49	2687	120	28	96.488297	στάθηκαν
5	1	4	2	2	2	184	2687	39	21	93.096909	καί
5	1	4	2	2	3	237	2687	166	27	44.929939	συμμµετέσχον
5	1	4	2	2	4	420	2687	59	27	93.301704	στήν
5	1	4	2	2	5	495	2686	73	27	92.914940	ὀδύνη
5	1	4	2	2	6	587	2693	54	21	52.084557	µας,
5	1	4	2	2	7	656	2686	40	27	50.530396	γιά
5	1	4	2	2	8	711	2686	43	28	96.983780	τήν
4	1	4	2	3	0	49	2720	705	30	-1	
5	1	4	2	3	1	49	2723	107	21	92.359871	ἀπώλεια
5	1	4	2	3	2	182	2724	42	26	93.301979	τῆς
5	1	4	2	3	3	241	2722	152	28	92.210503	προσφιλοῦς
5	1	4	2	3	4	409	2729	44	21	96.156898	µας
5	1	4	2	3	5	468	2720	105	30	96.570915	συζύγου
5	1	4	2	3	6	587	2722	38	21	85.296555	καί
5	1	4	2	3	7	643	2722	111	28	1.011429	μητέρας,
4	1	4	2	4	0	49	2757	707	28	-1	
5	1	4	2	4	1	49	2758	190	22	91.959160	ΑΝΑΣΤΑΣΙΑΣ
5	1	4	2	4	2	252	2757	173	22	93.302078	ΔΗΜΗΤΡΙΟΥ
5	1	4	2	4	3	438	2758	122	25	60.106007	ΓΚΛΕΚΑ,
5	1	4	2	4	4	574	2758	119	27	92.835403	θανούσης
5	1	4	2	4	5	705	2757	51	27	93.594002	στίς
4	1	4	2	5	0	51	2794	83	22	-1	
5	1	4	2	5	1	51	2794	83	22	64.718552	9-2:8Ι.
4	1	4	2	6	0	50	2829	705	28	-1	
5	1	4	2	6	1	50	2831	25	21	48.082237	ὍὉ
5	1	4	2	6	2	88	2829	102	28	95.403900	σύζυγος
5	1	4	2	6	3	206	2830	89	27	84.045753	Δημ.
5	1	4	2	6	4	277	2825	25	36	45.574074	Γ..
5	1	4	2	6	5	319	2829	110	27	44.998470	Γκλέκάς,
5	1	4	2	6	6	441	2830	13	21	92.938499	ὁ
5	1	4	2	6	7	467	2829	49	27	90.019531	υἱός
5	1	4	2	6	8	530	2830	21	20	56.002182	Γ.
5	1	4	2	6	9	564	2829	27	21	92.901726	Δ.
5	1	4	2	6	10	606	2829	101	27	54.245560	Γκλέκαις
5	1	4	2	6	11	719	2829	37	21	94.384926	καί
4	1	4	2	7	0	49	2849	707	44	-1	
5	1	4	2	7	1	49	2865	13	28	93.269257	ἡ
5	1	4	2	7	2	74	2865	103	28	96.215431	σύζυγός
5	1	4	2	7	3	187	2872	44	14	96.507751	του
5	1	4	2	7	4	243	2849	129	41	12.934151	Λέσπίουνα,
5	1	4	2	7	5	384	2865	14	27	92.561646	ἡ
5	1	4	2	7	6	410	2865	58	27	96.620377	κόρη
5	1	4	2	7	7	480	2865	82	21	95.835579	Τούλα
5	1	4	2	7	8	577	2865	36	21	93.044785	καί
5	1	4	2	7	9	624	2865	13	21	93.044785	ὁ
5	1	4	2	7	10	652	2863	104	29	94.992882	σύζυγός
4	1	4	2	8	0	50	2900	690	29	-1	
5	1	4	2	8	1	50	2908	41	20	92.372597	της
5	1	4	2	8	2	104	2901	85	28	84.894714	Γεώργ.
5	1	4	2	8	3	206	2901	24	21	91.255875	Π.
5	1	4	2	8	4	244	2901	128	28	91.685898	Δαρδίρης,
5	1	4	2	8	5	388	2900	13	28	91.670853	ἡ
5	1	4	2	8	6	414	2900	88	28	91.751122	ἐγγονή
5	1	4	2	8	7	516	2901	62	27	75.512733	Ἔθδη
5	1	4	2	8	8	590	2901	22	20	87.731773	Γ.
5	1	4	2	8	9	625	2900	115	28	92.248413	Δαρθίρη.
2	1	5	0	0	0	59	2592	691	3	-1	
3	1	5	1	0	0	59	2592	691	3	-1	
4	1	5	1	1	0	59	2592	691	3	-1	
5	1	5	1	1	1	59	2592	691	3	95.000000	 
2	1	6	0	0	0	62	2941	694	3	-1	
3	1	6	1	0	0	62	2941	694	3	-1	
4	1	6	1	1	0	62	2941	694	3	-1	
5	1	6	1	1	1	62	2941	694	3	95.000000	 
2	1	7	0	0	0	51	2958	304	129	-1	
3	1	7	1	0	0	51	2958	304	129	-1	
4	1	7	1	1	0	79	2958	104	23	-1	
5	1	7	1	1	1	79	2960	26	20	90.443787	Ἡ
5	1	7	1	1	2	118	2958	65	23	24.368515	οἴκογέ
4	1	7	1	2	0	52	2995	171	27	-1	
5	1	7	1	2	1	52	2997	36	24	93.289314	τῆς
5	1	7	1	2	2	105	2995	118	27	34.655296	ἐφημερίδας
4	1	7	1	3	0	51	3030	303	28	-1	
5	1	7	1	3	1	51	3032	40	26	63.849545	χιλ.
5	1	7	1	3	2	104	3032	42	26	63.102497	δρχ.
5	1	7	1	3	3	161	3031	83	21	63.435844	10.000.
5	1	7	1	3	4	260	3038	29	16	92.092644	εἰς
5	1	7	1	3	5	307	3030	47	26	41.796715	µνήμ
4	1	7	1	4	0	52	3065	303	22	-1	
5	1	7	1	4	1	52	3067	123	20	85.851318	ΣΤΑΣΙΑΣ
5	1	7	1	4	2	190	3066	69	21	92.082138	ΔΗΜ.
5	1	7	1	4	3	278	3065	77	21	38.644367	ΤΚΛΗΕ
2	1	8	0	0	0	53	3085	380	44	-1	
3	1	8	1	0	0	53	3085	380	44	-1	
4	1	8	1	1	0	53	3085	380	44	-1	
5	1	8	1	1	1	53	3104	36	20	93.113449	τῶν
5	1	8	1	1	2	101	3102	122	27	28.424370	᾿Λεροπόρωὴ
5	1	8	1	1	3	235	3110	46	19	95.269363	µας,
5	1	8	1	1	4	291	3101	33	22	84.675575	καὶ
5	1	8	1	1	5	334	3101	51	22	93.218277	ὅλων
5	1	8	1	1	6	396	3085	37	39	31.381287	τος
2	1	9	0	0	0	217	2957	565	64	-1	
3	1	9	1	0	0	217	2957	565	64	-1	
4	1	9	1	1	0	217	2957	565	58	-1	
5	1	9	1	1	1	217	2968	10	12	92.671967	α
5	1	9	1	1	2	241	2958	176	22	86.484642	ΔΗΜΗΤΡΙΟΥ
5	1	9	1	1	3	431	2959	20	21	9.200127	Τ,.
5	1	9	1	1	4	464	2958	116	21	34.420395	ΓΚΛΕΙΚΑ
5	1	9	1	1	5	593	2958	98	26	68.224091	κατέθεσε
5	1	9	1	1	6	705	2957	77	58	11.350594	νι,
4	1	9	1	2	0	376	2993	145	28	-1	
5	1	9	1	2	1	376	2994	82	26	76.250000	Ἐθνική
5	1	9	1	2	2	475	2993	46	28	78.689499	Τρά
2	1	10	0	0	0	396	3029	175	27	-1	
3	1	10	1	0	0	396	3029	175	27	-1	
4	1	10	1	1	0	410	3029	161	10	-1	
5	1	10	1	1	1	410	3032	8	3	0.000000	ρ
5	1	10	1	1	2	468	3030	19	9	40.712639	ο,
5	1	10	1	1	3	566	3029	5	7	66.294716	/
4	1	10	1	2	0	396	3038	174	18	-1	
5	1	10	1	2	1	396	3038	36	18	95.405228	τῆς
5	1	10	1	2	2	446	3038	78	18	92.310524	συζύγου
5	1	10	1	2	3	538	3039	32	12	44.531292	ναί
2	1	11	0	0	0	161	2967	55	19	-1	
3	1	11	1	0	0	161	2967	55	19	-1	
4	1	11	1	1	0	161	2967	55	19	-1	
5	1	11	1	1	1	161	2967	55	19	95.000000	 
2	1	12	0	0	0	520	2988	152	73	-1	
3	1	12	1	0	0	520	2988	152	73	-1	
4	1	12	1	1	0	520	2988	17	32	-1	
5	1	12	1	1	1	520	2988	17	32	95.000000	 
4	1	12	1	2	0	539	3033	133	28	-1	
5	1	12	1	2	1	539	3033	133	28	95.000000	   
2	1	13	0	0	0	697	2993	92	58	-1	
3	1	13	1	0	0	697	2993	92	58	-1	
4	1	13	1	1	0	707	2993	82	22	-1	
5	1	13	1	1	1	707	2993	44	22	96.054260	δέκα
5	1	13	1	1	2	763	2989	30	36	77.030319	[πι
4	1	13	1	2	0	697	3029	59	22	-1	
5	1	13	1	2	1	697	3029	59	22	77.597572	ΑΝΑ.
2	1	14	0	0	0	677	3064	78	28	-1	
3	1	14	1	0	0	677	3064	78	28	-1	
4	1	14	1	1	0	677	3064	78	28	-1	
5	1	14	1	1	1	677	3064	78	28	0.000000	Ἡρώνυ
2	1	15	0	0	0	308	2993	382	28	-1	
3	1	15	1	0	0	308	2993	382	28	-1	
4	1	15	1	1	0	308	2993	382	28	-1	
5	1	15	1	1	1	308	2994	46	26	55.752529	στήν
5	1	15	1	1	2	537	2996	32	19	0.360291	εζαι
5	1	15	1	1	3	586	2993	104	28	51.425102	πάρτης,
2	1	16	0	0	0	272	3003	20	44	-1	
3	1	16	1	0	0	272	3003	20	44	-1	
4	1	16	1	1	0	272	3003	20	44	-1	
5	1	16	1	1	1	272	3021	3	26	95.000000	 
5	1	16	1	1	2	283	3003	9	12	95.000000	 
2	1	17	0	0	0	246	3002	37	13	-1	
3	1	17	1	0	0	246	3002	37	13	-1	
4	1	17	1	1	0	246	3002	37	13	-1	
5	1	17	1	1	1	246	3002	37	13	0.000000	υιαις
2	1	18	0	0	0	261	3019	324	73	-1	
3	1	18	1	0	0	261	3019	324	73	-1	
4	1	18	1	1	0	261	3019	324	39	-1	
5	1	18	1	1	1	261	3019	6	27	95.000000	 
5	1	18	1	1	2	342	3038	54	19	95.000000	  
5	1	18	1	1	3	539	3049	46	9	95.000000	 
4	1	18	1	2	0	348	3057	228	35	-1	
5	1	18	1	2	1	348	3057	46	29	95.000000	 
5	1	18	1	2	2	540	3065	36	27	95.000000	  
2	1	19	0	0	0	382	3065	280	28	-1	
3	1	19	1	0	0	382	3065	280	28	-1	
4	1	19	1	1	0	382	3065	280	28	-1	
5	1	19	1	1	1	382	3066	20	24	85.572487	Α,
5	1	19	1	1	2	417	3066	33	20	95.760536	γιά
5	1	19	1	1	3	470	3066	33	25	90.153671	τήν
5	1	19	1	1	4	520	3065	95	28	66.612503	ἀνέγερση
5	1	19	1	1	5	631	3067	31	20	91.234840	τοῦ
2	1	20	0	0	0	444	3101	104	22	-1	
3	1	20	1	0	0	444	3101	104	22	-1	
4	1	20	1	1	0	444	3101	104	22	-1	
5	1	20	1	1	1	444	3101	57	22	70.051376	πεσόν
5	1	20	1	1	2	503	3109	45	14	65.181473	των.
2	1	21	0	0	0	798	66	298	71	-1	
3	1	21	1	0	0	798	66	298	71	-1	
4	1	21	1	1	0	798	66	298	71	-1	
5	1	21	1	1	1	798	66	51	71	0.000000	.
5	1	21	1	1	2	870	67	121	35	87.105019	ΧΩΡΙΑ
5	1	21	1	1	3	1011	68	85	34	96.207405	ΜΑΣ
2	1	22	0	0	0	913	118	197	26	-1	
3	1	22	1	0	0	913	118	197	26	-1	
4	1	22	1	1	0	913	118	197	26	-1	
5	1	22	1	1	1	913	117	36	21	93.138161	ἀπό
5	1	22	1	1	2	961	118	33	25	96.697495	τήν
5	1	22	1	1	3	1006	118	26	26	37.345116	{η
5	1	22	1	1	4	1040	118	70	22	37.345116	σελίδα
2	1	23	0	0	0	822	111	85	37	-1	
3	1	23	1	0	0	822	111	85	37	-1	
4	1	23	1	1	0	822	111	85	37	-1	
5	1	23	1	1	1	822	111	85	37	95.000000	 
2	1	24	0	0	0	779	152	230	29	-1	
3	1	24	1	0	0	779	152	230	29	-1	
4	1	24	1	1	0	779	152	230	29	-1	
5	1	24	1	1	1	779	160	23	18	86.848114	ση
5	1	24	1	1	2	817	152	34	21	95.533058	πού
5	1	24	1	1	3	866	152	24	22	92.918533	θά
5	1	24	1	1	4	908	153	101	28	86.034462	κατάστρει
2	1	25	0	0	0	1009	167	15	3	-1	
3	1	25	1	0	0	1009	167	15	3	-1	
4	1	25	1	1	0	1009	167	15	3	-1	
5	1	25	1	1	1	1009	167	15	3	95.000000	 
2	1	26	0	0	0	781	163	300	89	-1	
3	1	26	1	0	0	781	163	300	89	-1	
4	1	26	1	1	0	1024	163	57	17	-1	
5	1	26	1	1	1	1024	164	8	12	60.390892	ε
5	1	26	1	1	2	1047	154	34	26	96.160255	τήν
4	1	26	1	2	0	1028	190	40	26	-1	
5	1	26	1	2	1	1028	190	40	26	2.719048	νυκή
4	1	26	1	3	0	781	223	253	29	-1	
5	1	26	1	3	1	781	223	123	27	82.961502	ἀγαπημένου
5	1	26	1	3	2	915	233	30	13	93.217682	του
5	1	26	1	3	3	956	227	78	25	92.191147	χωριοῦ.
2	1	27	0	0	0	807	259	138	42	-1	
3	1	27	1	0	0	807	259	138	42	-1	
4	1	27	1	1	0	807	259	138	42	-1	
5	1	27	1	1	1	807	259	41	25	66.098846	Ας
5	1	27	1	1	2	861	268	46	33	4.540955	χαιρ
5	1	27	1	1	3	899	268	46	13	32.010529	ρετή
2	1	28	0	0	0	1096	163	34	12	-1	
3	1	28	1	0	0	1096	163	34	12	-1	
4	1	28	1	1	0	1096	163	34	12	-1	
5	1	28	1	1	1	1096	163	34	12	87.496712	πια-
2	1	29	0	0	0	939	185	72	31	-1	
3	1	29	1	0	0	939	185	72	31	-1	
4	1	29	1	1	0	939	185	72	31	-1	
5	1	29	1	1	1	939	185	72	31	95.000000	 
2	1	30	0	0	0	779	189	350	27	-1	
3	1	30	1	0	0	779	189	350	27	-1	
4	1	30	1	1	0	779	189	350	27	-1	
5	1	30	1	1	1	779	189	108	26	34.323494	ῥραδοσιακή
5	1	30	1	1	2	917	190	21	26	28.956886	ἀρ
5	1	30	1	1	3	1098	199	31	13	88.898270	τοῦ
2	1	31	0	0	0	1014	198	14	13	-1	
3	1	31	1	0	0	1014	198	14	13	-1	
4	1	31	1	1	0	1014	198	14	13	-1	
5	1	31	1	1	1	1014	198	14	13	95.000000	 
2	1	32	0	0	0	778	261	350	97	-1	
3	1	32	1	0	0	778	261	350	97	-1	
4	1	32	1	1	0	942	261	186	26	-1	
5	1	32	1	1	1	942	268	62	18	18.043579	ήσουμε
5	1	32	1	1	2	1015	261	66	21	85.650291	λοιπόν
5	1	32	1	1	3	1095	261	33	26	94.917747	τήν
4	1	32	1	2	0	778	295	350	29	-1	
5	1	32	1	2	1	778	294	142	28	15.156906	ἀμουκοδόμηση
5	1	32	1	2	2	936	304	31	14	87.228340	τοῦ
5	1	32	1	2	3	990	296	138	28	21.556534	Γεωρηιτσίου,
4	1	32	1	3	0	779	331	348	27	-1	
5	1	32	1	3	1	779	330	44	26	2.052795	τῶ:
5	1	32	1	3	2	831	331	132	27	87.650566	ἀναστήλωση
5	1	32	1	3	3	980	334	37	19	72.234207	τῶν
5	1	32	1	3	4	1048	334	79	19	72.234207	σπιτιῶν
2	1	33	0	0	0	777	366	351	63	-1	
3	1	33	1	0	0	777	366	351	63	-1	
4	1	33	1	1	0	777	366	351	63	-1	
5	1	33	1	1	1	777	374	31	13	96.489914	του
5	1	33	1	1	2	822	366	32	21	0.000000	αιχί
5	1	33	1	1	3	868	367	33	26	68.396194	τν
5	1	33	1	1	4	916	367	168	62	39.923176	ος
5	1	33	1	1	5	1077	376	51	16	88.682350	πους.
2	1	34	0	0	0	1243	70	527	65	-1	
3	1	34	1	0	0	1243	70	527	65	-1	
4	1	34	1	1	0	1243	70	527	65	-1	
5	1	34	1	1	1	1243	70	169	62	93.150597	Ὕμνος
5	1	34	1	1	2	1433	72	114	48	66.017654	στὸν
5	1	34	1	1	3	1569	72	201	63	55.993607	Ταὔῦγετο
2	1	35	0	0	0	1151	173	705	209	-1	
3	1	35	1	0	0	1151	173	705	209	-1	
4	1	35	1	1	0	1181	173	675	31	-1	
5	1	35	1	1	1	1181	173	62	22	92.348541	Εἶναι
5	1	35	1	1	2	1256	174	13	28	92.824608	ἡ
5	1	35	1	1	3	1285	174	51	28	92.846146	ὥρα
5	1	35	1	1	4	1347	175	31	21	93.302666	νά
5	1	35	1	1	5	1393	175	131	28	22.139137	τιµήσουμµε
5	1	35	1	1	6	1535	175	41	23	96.669250	τόν
5	1	35	1	1	7	1587	176	100	27	96.191238	γίγαντα
5	1	35	1	1	8	1698	178	42	26	93.260132	τῆς
5	1	35	1	1	9	1756	178	100	21	86.938873	Λακωνι-
4	1	35	1	2	0	1151	209	705	32	-1	
5	1	35	1	2	1	1151	210	48	27	87.476204	κῆς,
5	1	35	1	2	2	1212	209	41	21	93.277473	τόν
5	1	35	1	2	3	1269	210	114	27	0.000000	Ταὔγετο,
5	1	35	1	2	4	1400	210	46	22	96.870361	πού
5	1	35	1	2	5	1459	210	57	23	93.302605	εἶναι
5	1	35	1	2	6	1533	211	13	22	92.836685	ὁ
5	1	35	1	2	7	1558	212	171	27	92.172371	πλαστουργός
5	1	35	1	2	8	1742	214	41	26	96.897247	τῆς
5	1	35	1	2	9	1796	213	60	28	96.912643	ζωῆς
4	1	35	1	3	0	1151	245	705	30	-1	
5	1	35	1	3	1	1151	252	51	19	76.399597	µας.
5	1	35	1	3	2	1221	245	121	28	45.239609	Ντυμένος
5	1	35	1	3	3	1355	246	41	21	93.288109	τόν
5	1	35	1	3	4	1409	246	102	28	91.638824	ποδήρη,
5	1	35	1	3	5	1525	247	120	22	91.638824	πάλλευκο
5	1	35	1	3	6	1658	249	88	26	91.599091	χιτῶνα
5	1	35	1	3	7	1759	255	43	14	90.053993	του
5	1	35	1	3	8	1835	249	21	21	25.595520	σ᾿
4	1	35	1	4	0	1152	280	703	32	-1	
5	1	35	1	4	1	1152	280	42	21	84.748070	ἕνα
5	1	35	1	4	2	1209	281	88	27	92.629852	λυγερό
5	1	35	1	4	3	1312	281	103	28	92.507370	ἅπλωμα
5	1	35	1	4	4	1429	281	86	22	92.944099	ἑκατόν
5	1	35	1	4	5	1532	282	58	22	96.172363	δέκα
5	1	35	1	4	6	1608	283	68	21	96.172363	πέντε
5	1	35	1	4	7	1689	284	46	27	96.658836	χιλ.
5	1	35	1	4	8	1765	284	39	21	88.935837	καί
5	1	35	1	4	9	1832	285	23	27	67.459702	μ᾿
4	1	35	1	5	0	1151	316	705	31	-1	
5	1	35	1	5	1	1151	316	43	21	91.247437	ἕνα
5	1	35	1	5	2	1205	317	172	27	63.403160	µεσουράνηµα
5	1	35	1	5	3	1393	317	46	22	93.299461	πού
5	1	35	1	5	4	1452	318	118	27	67.041611	θαμπώνει
5	1	35	1	5	5	1582	319	28	20	93.302292	τό
5	1	35	1	5	6	1621	319	56	27	80.241653	µάτι
5	1	35	1	5	7	1689	320	44	20	93.289246	τοῦ
5	1	35	1	5	8	1749	327	107	20	92.318031	παρατη-
4	1	35	1	6	0	1151	352	704	30	-1	
5	1	35	1	6	1	1151	353	68	26	92.102539	ρητῆ,
5	1	35	1	6	2	1235	352	13	21	92.826233	ὁ
5	1	35	1	6	3	1266	352	80	28	79.093338	γήϊνος
5	1	35	1	6	4	1364	352	75	28	90.671394	αὐτός
5	1	35	1	6	5	1455	353	144	28	91.612885	Κυρίαρχος,
5	1	35	1	6	6	1613	354	15	21	90.321854	ὁ
5	1	35	1	6	7	1644	354	138	28	43.660736	"Αρχοντας
5	1	35	1	6	8	1812	357	43	20	96.121124	τοῦ
2	1	36	0	0	0	1140	97	4	311	-1	
3	1	36	1	0	0	1140	97	4	311	-1	
4	1	36	1	1	0	1140	97	4	311	-1	
5	1	36	1	1	1	1140	97	4	311	95.000000	 
2	1	37	0	0	0	772	398	359	108	-1	
3	1	37	1	0	0	772	398	359	108	-1	
4	1	37	1	1	0	772	398	359	108	-1	
5	1	37	1	1	1	772	398	359	108	95.000000	 
2	1	38	0	0	0	905	510	69	24	-1	
3	1	38	1	0	0	905	510	69	24	-1	
4	1	38	1	1	0	905	510	69	24	-1	
5	1	38	1	1	1	905	517	38	17	40.559639	µας
5	1	38	1	1	2	958	510	16	21	45.180050	τ'
2	1	39	0	0	0	776	508	113	27	-1	
3	1	39	1	0	0	776	508	113	27	-1	
4	1	39	1	1	0	776	508	113	27	-1	
5	1	39	1	1	1	776	508	36	21	91.077103	στά
5	1	39	1	1	2	825	508	64	27	96.279144	χωριά
2	1	40	0	0	0	1005	510	122	27	-1	
3	1	40	1	0	0	1005	510	122	27	-1	
4	1	40	1	1	0	1005	510	122	27	-1	
5	1	40	1	1	1	1005	510	122	27	29.312866	ἀγαπηυένα,
2	1	41	0	0	0	775	543	352	30	-1	
3	1	41	1	0	0	775	543	352	30	-1	
4	1	41	1	1	0	775	543	352	30	-1	
5	1	41	1	1	1	775	543	35	21	93.196075	πού
5	1	41	1	1	2	824	544	25	21	93.269577	τά
5	1	41	1	1	3	861	544	73	27	52.473671	µάρανε
5	1	41	1	1	4	947	553	11	18	86.754303	ἡ
5	1	41	1	1	5	983	545	144	28	84.084793	ἐγκατάλειψη,
2	1	42	0	0	0	778	587	212	19	-1	
3	1	42	1	0	0	778	587	212	19	-1	
4	1	42	1	1	0	778	587	212	19	-1	
5	1	42	1	1	1	778	587	11	17	38.021523	ἡ
5	1	42	1	1	2	800	587	72	18	85.635216	ἀνόητη
5	1	42	1	1	3	885	588	49	18	92.614853	φυγή
5	1	42	1	1	4	945	588	45	18	94.325439	µας.
2	1	43	0	0	0	766	68	6	544	-1	
3	1	43	1	0	0	766	68	6	544	-1	
4	1	43	1	1	0	766	68	6	544	-1	
5	1	43	1	1	1	766	68	6	544	95.000000	 
2	1	44	0	0	0	807	615	33	20	-1	
3	1	44	1	0	0	807	615	33	20	-1	
4	1	44	1	1	0	807	615	33	20	-1	
5	1	44	1	1	1	807	615	33	20	43.796505	μα
2	1	45	0	0	0	776	649	77	27	-1	
3	1	45	1	0	0	776	649	77	27	-1	
4	1	45	1	1	0	776	649	77	27	-1	
5	1	45	1	1	1	776	649	77	27	17.471405	ρίσουµε
2	1	46	0	0	0	858	614	269	29	-1	
3	1	46	1	0	0	858	614	269	29	-1	
4	1	46	1	1	0	858	614	269	29	-1	
5	1	46	1	1	1	858	614	22	22	87.895004	ἄν
5	1	46	1	1	2	900	614	33	22	79.864204	δέν
5	1	46	1	1	3	947	617	94	26	87.985031	μποροῦμε
5	1	46	1	1	4	1057	616	24	21	26.830727	"ά
5	1	46	1	1	5	1097	625	30	18	75.608902	γυ-
2	1	47	0	0	0	1022	624	31	18	-1	
3	1	47	1	0	0	1022	624	31	18	-1	
4	1	47	1	1	0	1022	624	31	18	-1	
5	1	47	1	1	1	1022	624	31	18	95.000000	 
2	1	48	0	0	0	865	651	262	28	-1	
3	1	48	1	0	0	865	651	262	28	-1	
4	1	48	1	1	0	865	651	262	28	-1	
5	1	48	1	1	1	865	651	90	26	3.392952	ὁριστυκά
5	1	48	1	1	2	966	651	34	21	43.558559	χιαί
5	1	48	1	1	3	1014	651	76	28	11.018074	μόνιμα,
5	1	48	1	1	4	1103	652	24	24	40.860256	ἃς
2	1	49	0	0	0	776	685	352	29	-1	
3	1	49	1	0	0	776	685	352	29	-1	
4	1	49	1	1	0	776	685	352	29	-1	
5	1	49	1	1	1	776	685	157	27	34.917923	σουλουπώσουμε
5	1	49	1	1	2	951	686	127	28	87.245560	τουλάχιστον
5	1	49	1	1	3	1104	687	24	22	95.271851	τά
2	1	50	0	0	0	774	720	353	268	-1	
3	1	50	1	0	0	774	720	353	167	-1	
4	1	50	1	1	0	777	720	343	27	-1	
5	1	50	1	1	1	777	720	88	26	31.511932	ἀφιμένα
5	1	50	1	1	2	880	722	87	22	52.211784	πατρικό
5	1	50	1	1	3	982	729	38	18	88.622154	µας
5	1	50	1	1	4	1054	722	66	21	68.333633	σπίτια.
4	1	50	1	2	0	774	754	353	28	-1	
5	1	50	1	2	1	774	754	35	21	31.903847	ΚΝά
5	1	50	1	2	2	822	754	103	27	69.688156	᾿ρχόμαστε
5	1	50	1	2	3	939	764	80	18	96.211815	γιορτές
5	1	50	1	2	4	1033	755	33	21	67.406830	καί
5	1	50	1	2	5	1094	764	33	12	68.795776	κα-
4	1	50	1	3	0	774	789	353	28	-1	
5	1	50	1	3	1	774	790	101	26	23.590599	λωκιαίρια,
5	1	50	1	3	2	888	789	122	28	34.281891	φδινόπωρα,
5	1	50	1	3	3	1030	791	97	26	33.265594	χειμῶμες
4	1	50	1	4	0	775	824	352	25	-1	
5	1	50	1	4	1	775	824	33	21	41.617035	πα
5	1	50	1	4	2	823	824	77	25	66.045280	ἄμοιξες
5	1	50	1	4	3	917	837	8	3	91.448242	-
5	1	50	1	4	4	942	824	44	22	91.007988	ὅταν
5	1	50	1	4	5	1001	824	33	22	17.551559	καὶ
5	1	50	1	4	6	1048	824	31	22	92.492859	ὅσο
5	1	50	1	4	7	1096	825	31	22	95.450172	πιό
4	1	50	1	5	0	777	860	178	27	-1	
5	1	50	1	5	1	777	860	60	27	65.451210	συχνά
5	1	50	1	5	2	851	862	104	25	0.000000	βιποροῦνε.
3	1	50	2	0	0	774	895	345	92	-1	
4	1	50	2	1	0	804	895	231	27	-1	
5	1	50	2	1	1	804	895	34	21	63.713493	Νά
5	1	50	2	1	2	851	895	79	26	23.646790	δόσουµε
5	1	50	2	1	3	944	895	41	27	96.629913	ζωή
5	1	50	2	1	4	998	896	37	21	94.908073	στά
4	1	50	2	2	0	775	905	344	53	-1	
5	1	50	2	2	1	775	938	45	17	84.365692	µας.
5	1	50	2	2	2	833	931	41	20	0.000000	[ζαί
5	1	50	2	2	3	887	931	23	21	93.281021	νά
5	1	50	2	2	4	923	931	85	27	57.542992	πάρουμε
5	1	50	2	2	5	1021	918	54	40	0.000000	τωη.
5	1	50	2	2	6	1077	905	42	48	0.000000	.
4	1	50	2	3	0	774	965	148	23	-1	
5	1	50	2	3	1	774	965	56	23	90.610359	αὐτά,
5	1	50	2	3	2	847	966	35	21	89.418495	Νά
5	1	50	2	3	3	895	966	27	21	79.074860	πάι
2	1	51	0	0	0	910	967	215	27	-1	
3	1	51	1	0	0	910	967	215	27	-1	
4	1	51	1	1	0	910	967	215	27	-1	
5	1	51	1	1	1	910	975	69	18	66.861610	άρουµε
5	1	51	1	1	2	994	967	23	26	96.447868	τή
5	1	51	1	1	3	1031	967	48	27	96.401115	ζωή,
5	1	51	1	1	4	1095	967	30	21	91.863861	τόν
2	1	52	0	0	0	774	1001	351	28	-1	
3	1	52	1	0	0	774	1001	351	28	-1	
4	1	52	1	1	0	774	1001	351	28	-1	
5	1	52	1	1	1	774	1001	79	27	56.514389	καθαρό
5	1	52	1	1	2	864	1001	54	28	55.410458	ἀέρα,
5	1	52	1	1	3	932	1002	34	26	48.952366	τήν
5	1	52	1	1	4	978	1002	99	27	92.600502	ἁγνότητα
5	1	52	1	1	5	1088	1004	37	21	96.374931	τῶν
2	1	53	0	0	0	775	1036	351	28	-1	
3	1	53	1	0	0	775	1036	351	28	-1	
4	1	53	1	1	0	775	1036	351	28	-1	
5	1	53	1	1	1	775	1036	117	28	34.942429	ἀνθρώπων,
5	1	53	1	1	2	906	1038	33	25	85.072433	τήν
5	1	53	1	1	3	964	1038	101	26	89.210785	παράδοση
5	1	53	1	1	4	1091	1038	35	21	0.000000	ταί
2	1	54	0	0	0	764	68	8	1028	-1	
3	1	54	1	0	0	764	68	8	1028	-1	
4	1	54	1	1	0	764	68	8	1028	-1	
5	1	54	1	1	1	764	68	8	1028	95.000000	 
2	1	55	0	0	0	764	1334	2	432	-1	
3	1	55	1	0	0	764	1334	2	432	-1	
4	1	55	1	1	0	764	1334	2	432	-1	
5	1	55	1	1	1	764	1334	2	432	95.000000	 
2	1	56	0	0	0	882	1072	244	58	-1	
3	1	56	1	0	0	882	1072	244	58	-1	
4	1	56	1	1	0	882	1072	244	28	-1	
5	1	56	1	1	1	882	1081	19	13	88.683182	οὐ
5	1	56	1	1	2	916	1072	83	28	51.131905	χάνουμε
5	1	56	1	1	3	1011	1073	43	25	92.951935	στίς
5	1	56	1	1	4	1067	1074	59	26	55.693764	᾿Αθή-
4	1	56	1	2	0	1034	1109	92	21	-1	
5	1	56	1	2	1	1034	1109	92	21	32.215683	70Λ.-
2	1	57	0	0	0	896	1182	124	35	-1	
3	1	57	1	0	0	896	1182	124	35	-1	
4	1	57	1	1	0	896	1182	124	35	-1	
5	1	57	1	1	1	896	1182	51	35	58.310173	Τ0
5	1	57	1	1	2	976	1183	44	33	77.949905	οἱ
2	1	58	0	0	0	803	1238	201	27	-1	
3	1	58	1	0	0	803	1238	201	27	-1	
4	1	58	1	1	0	803	1238	201	27	-1	
5	1	58	1	1	1	803	1238	97	27	15.466248	Ἰκλαηήέο
5	1	58	1	1	2	915	1240	60	20	29.245377	σπα,
5	1	58	1	1	3	979	1240	25	19	0.000000	ὤν
2	1	59	0	0	0	775	1072	104	27	-1	
3	1	59	1	0	0	775	1072	104	27	-1	
4	1	59	1	1	0	775	1072	104	27	-1	
5	1	59	1	1	1	775	1072	23	22	80.678558	πά
5	1	59	1	1	2	810	1072	45	27	73.622780	ἤθη,
5	1	59	1	1	3	867	1082	12	12	89.264221	π
2	1	60	0	0	0	777	1112	60	24	-1	
3	1	60	1	0	0	777	1112	60	24	-1	
4	1	60	1	1	0	777	1112	60	24	-1	
5	1	60	1	1	1	777	1112	60	24	95.000000	 
2	1	61	0	0	0	1035	1238	91	28	-1	
3	1	61	1	0	0	1035	1238	91	28	-1	
4	1	61	1	1	0	1035	1238	91	28	-1	
5	1	61	1	1	1	1035	1238	91	28	83.277443	ἀκούγον-
2	1	62	0	0	0	775	1273	351	27	-1	
3	1	62	1	0	0	775	1273	351	27	-1	
4	1	62	1	1	0	775	1273	351	27	-1	
5	1	62	1	1	1	775	1281	37	13	83.445580	ται
5	1	62	1	1	2	828	1273	125	27	22.825401	µουγκρίζουν
5	1	62	1	1	3	969	1274	23	22	81.274796	τά
5	1	62	1	1	4	1010	1274	80	21	37.304077	Χανόνια
5	1	62	1	1	5	1105	1274	21	22	94.346115	τό
2	1	63	0	0	0	774	1309	350	28	-1	
3	1	63	1	0	0	774	1309	350	28	-1	
4	1	63	1	1	0	774	1309	350	28	-1	
5	1	63	1	1	1	774	1309	108	27	39.344326	παρναφύλ,
5	1	63	1	1	2	901	1310	37	20	64.954025	ἄναψε
5	1	63	1	1	3	978	1311	31	20	79.544479	ἀπ᾿
5	1	63	1	1	4	1026	1310	51	27	74.118805	ἄκρη
5	1	63	1	1	5	1108	1311	16	20	18.252701	σ'
2	1	64	0	0	0	939	1313	39	23	-1	
3	1	64	1	0	0	939	1313	39	23	-1	
4	1	64	1	1	0	939	1313	39	23	-1	
5	1	64	1	1	1	939	1313	39	23	95.000000	 
2	1	65	0	0	0	775	1345	351	27	-1	
3	1	65	1	0	0	775	1345	351	27	-1	
4	1	65	1	1	0	775	1345	351	27	-1	
5	1	65	1	1	1	775	1345	53	26	93.137878	ἄλλη
5	1	65	1	1	2	843	1345	57	27	71.693954	ἄκρη'
5	1	65	1	1	3	914	1345	11	26	90.254059	ἡ
5	1	65	1	1	4	939	1345	93	21	34.259422	Ἑλλάδα
5	1	65	1	1	5	1044	1345	33	22	91.410576	πού
5	1	65	1	1	6	1109	1346	17	20	90.507080	ἐ-
2	1	66	0	0	0	918	1390	43	18	-1	
3	1	66	1	0	0	918	1390	43	18	-1	
4	1	66	1	1	0	918	1390	43	18	-1	
5	1	66	1	1	1	918	1390	43	18	16.946198	τετρι
2	1	67	0	0	0	774	1380	352	28	-1	
3	1	67	1	0	0	774	1380	352	28	-1	
4	1	67	1	1	0	774	1380	352	28	-1	
5	1	67	1	1	1	774	1380	79	25	65.341263	στέναζε
5	1	67	1	1	2	872	1381	28	24	96.433273	ὡς
5	1	67	1	1	3	960	1380	71	22	2.519394	ακόσια
5	1	67	1	1	4	1058	1380	68	28	39.149593	χρόνια
2	1	68	0	0	0	964	1415	175	28	-1	
3	1	68	1	0	0	964	1415	175	28	-1	
4	1	68	1	1	0	964	1415	175	28	-1	
5	1	68	1	1	1	964	1415	78	22	28.594475	σκλάθα
5	1	68	1	1	2	1062	1416	77	27	32.156265	Ἰχύνο-|
2	1	69	0	0	0	890	1410	91	69	-1	
3	1	69	1	0	0	890	1410	91	69	-1	
4	1	69	1	1	0	890	1410	91	69	-1	
5	1	69	1	1	1	890	1410	91	69	95.000000	 
2	1	70	0	0	0	774	1451	125	93	-1	
3	1	70	1	0	0	774	1451	125	93	-1	
4	1	70	1	1	0	776	1451	123	27	-1	
5	1	70	1	1	1	776	1459	35	16	77.448166	πας
5	1	70	1	1	2	828	1451	52	27	0.000000	αμα,
5	1	70	1	1	3	897	1460	2	4	4.787735	ἡ
4	1	70	1	2	0	774	1487	81	27	-1	
5	1	70	1	2	1	774	1495	38	19	21.393776	Χτη
5	1	70	1	2	2	829	1487	26	21	31.180740	αν
4	1	70	1	3	0	775	1523	50	21	-1	
5	1	70	1	3	1	775	1523	50	21	72.242050	λευφ.
2	1	71	0	0	0	869	1459	256	55	-1	
3	1	71	1	0	0	869	1459	256	55	-1	
4	1	71	1	1	0	1022	1459	103	20	-1	
5	1	71	1	1	1	1022	1460	35	19	0.000000	Ἱιρυ
5	1	71	1	1	2	1072	1451	53	22	92.154434	συνά-
4	1	71	1	2	0	869	1461	256	53	-1	
5	1	71	1	2	1	869	1486	132	28	32.630173	ἁρμιατώθηκε
5	1	71	1	2	2	1014	1461	33	53	0.000000	..
5	1	71	1	2	3	1061	1487	34	26	91.795876	τήν
5	1	71	1	2	4	1109	1487	16	20	90.264603	ἐ-
2	1	72	0	0	0	915	1522	4	7	-1	
3	1	72	1	0	0	915	1522	4	7	-1	
4	1	72	1	1	0	915	1522	4	7	-1	
5	1	72	1	1	1	915	1522	4	7	75.649323	/
2	1	73	0	0	0	826	1524	299	25	-1	
3	1	73	1	0	0	826	1524	299	25	-1	
4	1	73	1	1	0	826	1524	299	25	-1	
5	1	73	1	1	1	826	1522	45	27	66.191071	ἱερία
5	1	73	1	1	2	886	1531	32	13	68.177155	καί
5	1	73	1	1	3	938	1524	39	19	82.881660	πολι
5	1	73	1	1	4	1047	1536	8	3	46.039333	-
5	1	73	1	1	5	1069	1524	56	20	67.792076	πολε-
2	1	74	0	0	0	801	1522	235	26	-1	
3	1	74	1	0	0	801	1522	235	26	-1	
4	1	74	1	1	0	801	1522	235	26	-1	
5	1	74	1	1	1	801	1531	27	12	95.000000	 
5	1	74	1	1	2	979	1522	57	26	95.000000	 
2	1	75	0	0	0	932	1559	7	8	-1	
3	1	75	1	0	0	932	1559	7	8	-1	
4	1	75	1	1	0	932	1559	7	8	-1	
5	1	75	1	1	1	932	1559	7	8	0.000000	ῳ
2	1	76	0	0	0	1046	1566	32	17	-1	
3	1	76	1	0	0	1046	1566	32	17	-1	
4	1	76	1	1	0	1046	1566	32	17	-1	
5	1	76	1	1	1	1046	1566	32	17	95.000000	 
2	1	77	0	0	0	774	1557	352	166	-1	
3	1	77	1	0	0	774	1557	352	156	-1	
4	1	77	1	1	0	796	1557	327	14	-1	
5	1	77	1	1	1	796	1557	3	7	38.321007	)
5	1	77	1	1	2	1032	1557	91	14	38.551327	ο...
4	1	77	1	2	0	775	1559	350	27	-1	
5	1	77	1	2	1	775	1566	52	19	27.036804	μάτι,
5	1	77	1	2	2	845	1557	32	22	64.542740	τόν
5	1	77	1	2	3	893	1558	86	28	81.099792	θάρέαρο
5	1	77	1	2	4	995	1560	40	25	95.789368	θεοί
5	1	77	1	2	5	1090	1566	35	18	92.051186	στή
4	1	77	1	3	0	774	1593	352	26	-1	
5	1	77	1	3	1	774	1596	38	23	95.031898	γῆς
5	1	77	1	3	2	826	1593	37	24	94.951683	λές
5	1	77	1	3	3	877	1593	33	20	45.118820	καί
5	1	77	1	3	4	927	1593	107	26	0.000000	χουμίξωμε
5	1	77	1	3	5	1050	1595	31	19	92.986908	τοῦ
5	1	77	1	3	6	1095	1593	31	20	19.017090	κά-
4	1	77	1	4	0	774	1626	352	28	-1	
5	1	77	1	4	1	774	1635	46	13	86.269394	σµου
5	1	77	1	4	2	840	1627	23	21	93.292229	τά
5	1	77	1	4	3	878	1627	68	27	43.650585	9ερία]
5	1	77	1	4	4	962	1627	104	27	6.675980	᾿Αυτάρες,
5	1	77	1	4	5	1084	1626	42	27	81.423248	κρό-
4	1	77	1	5	0	775	1661	351	29	-1	
5	1	77	1	5	1	775	1671	35	18	92.304054	τοι,
5	1	77	1	5	2	824	1662	84	28	20.376923	ἂρματα,
5	1	77	1	5	3	924	1662	114	27	43.787811	ταµπούρια,
5	1	77	1	5	4	1051	1661	75	28	0.000000	ὑετερί-
4	1	77	1	6	0	775	1701	16	12	-1	
5	1	77	1	6	1	775	1701	16	12	45.714458	ἕν
3	1	77	2	0	0	777	1716	24	7	-1	
4	1	77	2	1	0	777	1716	24	7	-1	
5	1	77	2	1	1	777	1716	24	7	45.927437	σε,
2	1	78	0	0	0	916	1726	89	39	-1	
3	1	78	1	0	0	916	1726	89	39	-1	
4	1	78	1	1	0	916	1726	89	39	-1	
5	1	78	1	1	1	916	1726	89	39	95.000000	 
2	1	79	0	0	0	803	1733	322	28	-1	
3	1	79	1	0	0	803	1733	322	28	-1	
4	1	79	1	1	0	803	1733	322	28	-1	
5	1	79	1	1	1	803	1734	103	27	49.613194	Κουφάρια
5	1	79	1	1	2	1005	1752	3	9	0.000000	»
5	1	79	1	1	3	1026	1733	99	28	46.906670	σέρνονπαι
2	1	80	0	0	0	773	1769	354	28	-1	
3	1	80	1	0	0	773	1769	354	28	-1	
4	1	80	1	1	0	773	1769	354	28	-1	
5	1	80	1	1	1	773	1769	34	21	82.262772	στό
5	1	80	1	1	2	820	1771	57	26	92.543800	χῶμα
5	1	80	1	1	3	890	1770	15	20	93.285629	οἱ
5	1	80	1	1	4	919	1769	133	27	0.000000	πληγωμένοι:
5	1	80	1	1	5	1066	1769	61	21	45.346504	κατά-
2	1	81	0	0	0	1021	1777	38	13	-1	
3	1	81	1	0	0	1021	1777	38	13	-1	
4	1	81	1	1	0	1021	1777	38	13	-1	
5	1	81	1	1	1	1021	1777	38	13	95.000000	 
2	1	82	0	0	0	774	1804	353	64	-1	
3	1	82	1	0	0	774	1804	353	64	-1	
4	1	82	1	1	0	826	1804	291	11	-1	
5	1	82	1	1	1	826	1804	19	11	0.000000	μ
5	1	82	1	1	2	927	1804	54	7	34.992195	-
5	1	82	1	1	3	1114	1804	3	7	13.819794	͵
4	1	82	1	2	0	774	1806	353	26	-1	
5	1	82	1	2	1	774	1813	41	19	28.757080	ρὲς,
5	1	82	1	2	2	826	1812	74	20	6.564262	θόγγοι,
5	1	82	1	2	3	914	1806	141	26	39.439537	οὐρλιάσματα,
5	1	82	1	2	4	1065	1813	62	18	28.340195	Υτοµί-
4	1	82	1	3	0	774	1839	351	29	-1	
5	1	82	1	3	1	774	1843	42	22	80.509186	ζουν
5	1	82	1	3	2	834	1840	31	22	54.546337	τόν
5	1	82	1	3	3	881	1840	68	28	92.405251	ἀγέρα
5	1	82	1	3	4	969	1841	15	21	93.294258	οἱ
5	1	82	1	3	5	1001	1840	77	23	91.642258	ἄπιστοι
5	1	82	1	3	6	1092	1839	33	22	92.595856	ὅλο
2	1	83	0	0	0	893	1875	68	23	-1	
3	1	83	1	0	0	893	1875	68	23	-1	
4	1	83	1	1	0	893	1875	61	9	-1	
5	1	83	1	1	1	893	1877	36	7	34.600273	ο
5	1	83	1	1	2	950	1875	4	7	47.325520	ῃ
4	1	83	1	2	0	893	1884	68	14	-1	
5	1	83	1	2	1	893	1884	68	14	0.000000	ΟΞΙΛΟΙ.
2	1	84	0	0	0	989	1875	137	28	-1	
3	1	84	1	0	0	989	1875	137	28	-1	
4	1	84	1	1	0	989	1875	137	28	-1	
5	1	84	1	1	1	989	1884	32	13	49.037952	χνν
5	1	84	1	1	2	1025	1875	101	28	35.426590	ηγημένοι,
2	1	85	0	0	0	771	1881	173	62	-1	
3	1	85	1	0	0	771	1881	173	62	-1	
4	1	85	1	1	0	771	1881	173	62	-1	
5	1	85	1	1	1	771	1881	173	62	95.000000	  
2	1	86	0	0	0	908	1911	219	28	-1	
3	1	86	1	0	0	908	1911	219	28	-1	
4	1	86	1	1	0	963	1911	149	21	-1	
5	1	86	1	1	1	963	1911	68	15	89.551506	ἔφτασε
5	1	86	1	1	2	1057	1913	21	12	93.254944	τοῦ
5	1	86	1	1	3	1094	1913	18	19	88.945518	λι
4	1	86	1	2	0	908	1920	219	19	-1	
5	1	86	1	2	1	908	1932	2	7	19.091705	ρθε,
5	1	86	1	2	2	944	1920	88	19	91.848801	ἔφτασε
5	1	86	1	2	3	1047	1920	31	12	93.033424	τοῦ
5	1	86	1	2	4	1102	1920	25	12	0.000000	λν-
2	1	87	0	0	0	889	1946	238	28	-1	
3	1	87	1	0	0	889	1946	238	28	-1	
4	1	87	1	1	0	889	1946	238	28	-1	
5	1	87	1	1	1	889	1947	78	27	0.000000	ρέραί..
5	1	87	1	1	2	981	1946	77	28	85.130020	Ἡμέρα
5	1	87	1	1	3	1071	1946	56	27	90.561882	ἁγίαι
2	1	88	0	0	0	775	1956	99	18	-1	
3	1	88	1	0	0	775	1956	99	18	-1	
4	1	88	1	1	0	775	1956	99	18	-1	
5	1	88	1	1	1	775	1949	75	25	64.761749	τρωμοῦ
5	1	88	1	1	2	863	1948	11	25	80.750153	ἡ
2	1	89	0	0	0	774	1982	352	28	-1	
3	1	89	1	0	0	774	1982	352	28	-1	
4	1	89	1	1	0	774	1982	352	28	-1	
5	1	89	1	1	1	774	1982	116	28	92.260948	ὁλόλαμπρα
5	1	89	1	1	2	902	1984	9	21	93.048264	ὁ
5	1	89	1	1	3	925	1983	58	25	49.069069	Ίλιος
5	1	89	1	1	4	996	1982	60	28	3.008568	ρίχνει
5	1	89	1	1	5	1070	1982	56	27	58.023033	θέλη!
2	1	90	0	0	0	924	2053	50	25	-1	
3	1	90	1	0	0	924	2053	50	25	-1	
4	1	90	1	1	0	924	2053	50	25	-1	
5	1	90	1	1	1	924	2053	50	25	95.000000	 
2	1	91	0	0	0	774	2018	353	98	-1	
3	1	91	1	0	0	774	2018	353	98	-1	
4	1	91	1	1	0	775	2018	351	27	-1	
5	1	91	1	1	1	775	2020	65	25	92.198883	χαρᾶς
5	1	91	1	1	2	856	2018	37	21	53.262974	στά
5	1	91	1	1	3	913	2018	60	26	63.611855	μάτια
5	1	91	1	1	4	1004	2019	83	26	47.552113	δάκρυα
5	1	91	1	1	5	1118	2019	8	20	90.940292	ὁ
4	1	91	1	2	0	774	2053	352	38	-1	
5	1	91	1	2	1	774	2056	44	22	37.789909	γοὺς
5	1	91	1	2	2	836	2062	135	19	27.943657	πανηγυρίζει,
5	1	91	1	2	3	1001	2053	40	22	69.398590	Σάν
5	1	91	1	2	4	1058	2055	41	36	87.003845	πρῶ
5	1	91	1	2	5	1103	2062	23	12	95.809647	τα
4	1	91	1	3	0	775	2089	352	27	-1	
5	1	91	1	3	1	775	2090	119	26	89.969429	ὑπερήφανη,
5	1	91	1	3	2	908	2089	81	27	37.963902	᾿λαφριά
5	1	91	1	3	3	1005	2089	34	21	1.893921	σ6ν
5	1	91	1	3	4	1051	2088	34	21	42.637173	νὰν
5	1	91	1	3	5	1099	2097	28	13	91.383247	νε-
2	1	92	0	0	0	774	2124	354	63	-1	
3	1	92	1	0	0	774	2124	354	63	-1	
4	1	92	1	1	0	775	2124	353	28	-1	
5	1	92	1	1	1	775	2124	51	28	19.768021	φέλη
5	1	92	1	1	2	839	2125	35	21	89.163330	στά
5	1	92	1	1	3	891	2125	78	27	73.669769	οὐράνια
5	1	92	1	1	4	982	2125	11	26	89.407730	ἡ
5	1	92	1	1	5	1007	2124	121	27	0.000000	Ἰαλανόλευ-
4	1	92	1	2	0	774	2160	269	27	-1	
5	1	92	1	2	1	774	2169	27	17	59.075741	γη
5	1	92	1	2	2	813	2160	67	27	84.757759	ὑψώθη
5	1	92	1	2	3	893	2161	26	20	82.523888	κι
5	1	92	1	2	4	934	2160	109	26	16.560204	ἀνεμήζει)!!
2	1	93	0	0	0	868	2195	229	22	-1	
3	1	93	1	0	0	868	2195	229	22	-1	
4	1	93	1	1	0	868	2195	229	22	-1	
5	1	93	1	1	1	868	2197	24	20	24.248154	τ.
5	1	93	1	1	2	902	2196	26	21	44.362560	Η.
5	1	93	1	1	3	941	2195	156	22	91.220520	ΣΤΑΘΑΚΟΣ
2	1	94	0	0	0	818	2268	276	85	-1	
3	1	94	1	0	0	818	2268	276	85	-1	
4	1	94	1	1	0	818	2268	276	36	-1	
5	1	94	1	1	1	818	2268	276	36	85.050476	ΠΡΩΤΟΦΑΝΗΣ
4	1	94	1	2	0	828	2314	249	39	-1	
5	1	94	1	2	1	828	2314	249	39	57.378307	ΚΑΚΟΚΑΔΙΡΙΑ
2	1	95	0	0	0	805	2391	124	27	-1	
3	1	95	1	0	0	805	2391	124	27	-1	
4	1	95	1	1	0	805	2391	124	27	-1	
5	1	95	1	1	1	805	2391	27	20	80.389923	Ἡ
5	1	95	1	1	2	846	2392	83	26	21.829460	θαρυχει
2	1	96	0	0	0	789	2237	335	3	-1	
3	1	96	1	0	0	789	2237	335	3	-1	
4	1	96	1	1	0	789	2237	335	3	-1	
5	1	96	1	1	1	789	2237	335	3	95.000000	 
2	1	97	0	0	0	776	2389	353	170	-1	
3	1	97	1	0	0	777	2389	351	134	-1	
4	1	97	1	1	0	984	2389	76	8	-1	
5	1	97	1	1	1	984	2389	76	8	34.090721	ας
4	1	97	1	2	0	941	2391	186	26	-1	
5	1	97	1	2	1	941	2398	49	14	73.680412	ὠνιά
5	1	97	1	2	2	1006	2399	22	18	76.995209	μέ
5	1	97	1	2	3	1041	2400	21	13	93.240944	τό
5	1	97	1	2	4	1074	2391	53	21	0.000000	πολ.-
4	1	97	1	3	0	777	2426	351	27	-1	
5	1	97	1	3	1	777	2426	23	22	39.783714	κὀ
5	1	97	1	3	2	816	2426	52	27	86.707710	κρύο,
5	1	97	1	3	3	885	2426	34	22	92.634369	πού
5	1	97	1	3	4	965	2429	60	24	48.041977	ἐνέσχωφε
5	1	97	1	3	5	1042	2427	16	20	62.275093	σ᾿
5	1	97	1	3	6	1091	2426	37	26	80.154510	ὅλη
4	1	97	1	4	0	777	2460	351	27	-1	
5	1	97	1	4	1	777	2462	34	25	89.350433	τήν
5	1	97	1	4	2	824	2461	98	26	85.740196	Ἑλλάδα,
5	1	97	1	4	3	937	2461	43	24	80.340683	στίς
5	1	97	1	4	4	992	2461	19	26	90.561546	δ,
5	1	97	1	4	5	1024	2461	19	26	92.242325	9,
5	1	97	1	4	6	1058	2460	33	21	92.226280	καί
5	1	97	1	4	7	1104	2461	24	20	93.409210	10
4	1	97	1	5	0	777	2495	351	28	-1	
5	1	97	1	5	1	777	2495	118	28	46.498791	Ἰαμοναρίου
5	1	97	1	5	2	912	2495	52	22	86.781914	1981
5	1	97	1	5	3	983	2504	22	17	67.295021	μέ
5	1	97	1	5	4	1022	2495	25	21	96.383492	τά
5	1	97	1	5	5	1062	2495	66	21	77.585983	πολλά
3	1	97	2	0	0	776	2530	353	29	-1	
4	1	97	2	1	0	801	2530	318	7	-1	
5	1	97	2	1	1	801	2531	4	6	0.000000	.
5	1	97	2	1	2	881	2531	52	6	0.000000	αι
5	1	97	2	1	3	1015	2530	7	7	13.229095	ο
5	1	97	2	1	4	1115	2530	4	7	0.000000	Ὦ
4	1	97	2	2	0	776	2532	353	27	-1	
5	1	97	2	2	1	776	2539	64	20	79.241142	χιόνια
5	1	97	2	2	2	852	2540	35	13	81.971268	πού
5	1	97	2	2	3	900	2532	99	26	61.835522	ἐκάλυψαν
5	1	97	2	2	4	1014	2532	35	20	92.545128	ὅλο
5	1	97	2	2	5	1066	2539	20	13	92.541809	τὸ
5	1	97	2	2	6	1100	2539	29	12	69.177444	τό-
2	1	98	0	0	0	929	2399	50	52	-1	
3	1	98	1	0	0	929	2399	50	52	-1	
4	1	98	1	1	0	929	2399	50	32	-1	
5	1	98	1	1	1	929	2399	50	32	95.000000	  
4	1	98	1	2	0	929	2431	50	20	-1	
5	1	98	1	2	1	929	2431	50	20	95.000000	 
2	1	99	0	0	0	776	2565	353	30	-1	
3	1	99	1	0	0	776	2565	353	30	-1	
4	1	99	1	1	0	776	2565	353	30	-1	
5	1	99	1	1	1	776	2576	24	13	96.903503	πο
5	1	99	1	1	2	811	2566	58	29	93.379715	µέχρι
5	1	99	1	1	3	882	2567	23	26	93.218460	τή
5	1	99	1	1	4	917	2566	100	27	46.283180	Φάλασσα,
5	1	99	1	1	5	1030	2566	35	26	92.372917	στή
5	1	99	1	1	6	1078	2565	51	22	55.644817	συνξ-
2	1	100	0	0	0	777	2612	11	18	-1	
3	1	100	1	0	0	777	2612	11	18	-1	
4	1	100	1	1	0	777	2612	11	18	-1	
5	1	100	1	1	1	777	2612	11	18	95.000000	  
2	1	101	0	0	0	803	2601	326	28	-1	
3	1	101	1	0	0	803	2601	326	28	-1	
4	1	101	1	1	0	803	2601	326	28	-1	
5	1	101	1	1	1	803	2611	19	13	0.000000	Ι
5	1	101	1	1	2	834	2603	8	21	91.360985	ὁ
5	1	101	1	1	3	855	2602	86	27	65.733437	παγετός
5	1	101	1	1	4	957	2602	33	21	50.803368	καί
5	1	101	1	1	5	1004	2601	21	23	92.975143	τὸ
5	1	101	1	1	6	1047	2601	82	27	72.054840	σπάσιμο
2	1	102	0	0	0	778	2636	352	29	-1	
3	1	102	1	0	0	778	2636	352	29	-1	
4	1	102	1	1	0	778	2636	352	29	-1	
5	1	102	1	1	1	778	2646	37	14	85.649017	τῶν
5	1	102	1	1	2	831	2637	90	28	90.301018	δένδρων,
5	1	102	1	1	3	1048	2638	3	6	44.847649	ἆ
5	1	102	1	1	4	1056	2636	74	28	0.000000	πόγνων
2	1	103	0	0	0	927	2642	136	87	-1	
3	1	103	1	0	0	927	2642	136	87	-1	
4	1	103	1	1	0	930	2642	100	22	-1	
5	1	103	1	1	1	930	2642	100	22	95.000000	 
4	1	103	1	2	0	927	2664	136	36	-1	
5	1	103	1	2	1	927	2664	136	36	95.000000	   
4	1	103	1	3	0	1032	2709	27	20	-1	
5	1	103	1	3	1	1032	2709	27	20	95.000000	 
2	1	104	0	0	0	777	2661	386	129	-1	
3	1	104	1	0	0	777	2661	386	111	-1	
4	1	104	1	1	0	777	2661	386	42	-1	
5	1	104	1	1	1	777	2683	24	17	96.158417	ση
5	1	104	1	1	2	817	2673	44	25	93.276413	τούς
5	1	104	1	1	3	877	2675	114	25	38.030758	πληγόρτας
5	1	104	1	1	4	1063	2672	63	27	0.000000	ιδηµό
5	1	104	1	1	5	1136	2661	27	42	7.342133	[ο
4	1	104	1	2	0	778	2708	352	27	-1	
5	1	104	1	2	1	778	2717	41	17	26.066353	πες.
5	1	104	1	2	2	834	2709	29	21	84.542343	Τό
5	1	104	1	2	3	882	2709	81	26	40.947227	σπάσιμο
5	1	104	1	2	4	979	2710	39	19	93.278160	τῶν
5	1	104	1	2	5	1059	2708	71	21	7.849358	ἐλαμοδεν-
4	1	104	1	3	0	777	2739	352	51	-1	
5	1	104	1	3	1	777	2746	50	26	88.539078	δρων
5	1	104	1	3	2	843	2744	20	21	96.109108	σέ
5	1	104	1	3	3	876	2744	66	22	89.396904	πολλά
5	1	104	1	3	4	969	2746	70	24	39.105453	σημεῖα
5	1	104	1	3	5	1063	2739	66	51	0.000000	πθάψει
2	1	105	0	0	0	778	2779	353	62	-1	
3	1	105	1	0	0	778	2779	353	62	-1	
4	1	105	1	1	0	778	2779	352	28	-1	
5	1	105	1	1	1	778	2780	33	22	93.277290	στό
5	1	105	1	1	2	822	2780	69	27	0.000000	Όθο)ο,
5	1	105	1	1	3	902	2779	37	22	96.102280	στά
5	1	105	1	1	4	949	2779	20	21	92.969650	δέ
5	1	105	1	1	5	981	2779	65	27	92.146538	ὀρεινά
5	1	105	1	1	6	1059	2778	71	29	85.604355	χωριὰ,
4	1	105	1	2	0	1032	2814	99	27	-1	
5	1	105	1	2	1	1032	2814	99	27	89.284096	Λογγανί-
2	1	106	0	0	0	1046	2850	83	52	-1	
3	1	106	1	0	0	1046	2850	83	52	-1	
4	1	106	1	1	0	1046	2850	83	52	-1	
5	1	106	1	1	1	1046	2850	83	52	1.681290	ο
2	1	107	0	0	0	949	2815	4	7	-1	
3	1	107	1	0	0	949	2815	4	7	-1	
4	1	107	1	1	0	949	2815	4	7	-1	
5	1	107	1	1	1	949	2815	4	7	83.171265	/
2	1	108	0	0	0	777	2815	244	28	-1	
3	1	108	1	0	0	777	2815	244	28	-1	
4	1	108	1	1	0	777	2815	244	28	-1	
5	1	108	1	1	1	777	2815	117	28	33.219025	Τεωρηίτσι,
5	1	108	1	1	2	906	2816	115	26	49.155193	᾿Αγόριανη,
2	1	109	0	0	0	962	2850	51	23	-1	
3	1	109	1	0	0	962	2850	51	23	-1	
4	1	109	1	1	0	1009	2850	4	7	-1	
5	1	109	1	1	1	1009	2850	4	7	73.502197	/
4	1	109	1	2	0	962	2859	50	14	-1	
5	1	109	1	2	1	962	2871	3	2	0.000000	ν
5	1	109	1	2	2	980	2859	32	13	0.000000	αι
2	1	110	0	0	0	774	2846	205	41	-1	
3	1	110	1	0	0	774	2846	205	41	-1	
4	1	110	1	1	0	774	2846	205	41	-1	
5	1	110	1	1	1	774	2846	205	41	95.000000	 
2	1	111	0	0	0	769	2642	2	311	-1	
3	1	111	1	0	0	769	2642	2	311	-1	
4	1	111	1	1	0	769	2642	2	311	-1	
5	1	111	1	1	1	769	2642	2	311	95.000000	 
2	1	112	0	0	0	774	2887	362	173	-1	
3	1	112	1	0	0	774	2887	362	173	-1	
4	1	112	1	1	0	774	2887	362	173	-1	
5	1	112	1	1	1	774	2887	362	173	95.000000	 
2	1	113	0	0	0	992	3073	22	12	-1	
3	1	113	1	0	0	992	3073	22	12	-1	
4	1	113	1	1	0	992	3073	22	12	-1	
5	1	113	1	1	1	992	3073	22	12	68.030670	ρη
2	1	114	0	0	0	779	3064	244	27	-1	
3	1	114	1	0	0	779	3064	244	27	-1	
4	1	114	1	1	0	779	3064	244	27	-1	
5	1	114	1	1	1	779	3065	35	26	76.862885	μήν
5	1	114	1	1	2	830	3065	47	21	93.448235	εἶναι
5	1	114	1	1	3	893	3064	54	27	57.830090	μόνου
5	1	114	1	1	4	963	3073	60	18	12.190659	παρ
2	1	115	0	0	0	1146	387	709	764	-1	
3	1	115	1	0	0	1150	387	705	206	-1	
4	1	115	1	1	0	1151	387	704	31	-1	
5	1	115	1	1	1	1151	387	86	28	84.235992	Μοριᾶ,
5	1	115	1	1	2	1252	388	13	21	91.568253	ὁ
5	1	115	1	1	3	1278	388	137	28	90.433594	ἀτρόμητος
5	1	115	1	1	4	1426	396	21	14	93.040588	κι
5	1	115	1	1	5	1460	389	170	28	92.053398	ἀμετακίνητος
5	1	115	1	1	6	1642	390	137	28	92.150124	Σπαθάριος
5	1	115	1	1	7	1790	391	29	27	91.401993	µέ
5	1	115	1	1	8	1835	391	20	21	11.745529	τ
4	1	115	1	2	0	1150	422	704	32	-1	
5	1	115	1	2	1	1150	422	156	29	90.789688	ἀναρίθμητα,
5	1	115	1	2	2	1317	423	128	29	92.787514	ἀπόρθητα
5	1	115	1	2	3	1455	424	95	28	96.638016	κάστρα
5	1	115	1	2	4	1563	432	42	14	93.261246	του
5	1	115	1	2	5	1617	425	41	21	92.790543	ἀπ᾿
5	1	115	1	2	6	1670	425	97	29	93.162315	ἄκτιστη
5	1	115	1	2	7	1777	427	77	27	96.587288	πέτρα
4	1	115	1	3	0	1150	458	704	33	-1	
5	1	115	1	3	1	1150	465	19	15	92.214539	κι
5	1	115	1	3	2	1182	458	135	29	92.358345	ἀπελέκητο
5	1	115	1	3	3	1327	459	116	32	18.626976	μάρμαρο
5	1	115	1	3	4	1458	460	39	21	95.196251	καί
5	1	115	1	3	5	1507	460	92	28	93.298531	σίδερο,
5	1	115	1	3	6	1610	460	91	23	93.161232	ἄλλοτε
5	1	115	1	3	7	1713	462	141	27	96.622147	προσελκύει
4	1	115	1	4	0	1150	494	703	31	-1	
5	1	115	1	4	1	1150	501	20	14	70.680923	ΚΙ
5	1	115	1	4	2	1188	494	87	22	89.575859	ἄλλοτε
5	1	115	1	4	3	1291	495	124	27	30.911690	συντρίδει.
5	1	115	1	4	4	1433	496	26	21	96.304779	Οἱ
5	1	115	1	4	5	1474	495	96	22	96.503304	δυνατοί
5	1	115	1	4	6	1582	496	40	21	65.022118	καί
5	1	115	1	4	7	1636	497	23	21	77.597794	οἱ
5	1	115	1	4	8	1688	497	165	28	91.093842	ἁρματωμένοι
4	1	115	1	5	0	1150	530	704	29	-1	
5	1	115	1	5	1	1150	531	41	25	93.255264	τῆς
5	1	115	1	5	2	1210	530	107	27	88.606888	ἱστορίας
5	1	115	1	5	3	1332	531	148	27	92.681084	ταυτίζονται
5	1	115	1	5	4	1495	531	28	27	89.642426	µέ
5	1	115	1	5	5	1537	531	36	27	76.469978	τἰς
5	1	115	1	5	6	1588	532	104	27	74.190338	κορυφές
5	1	115	1	5	7	1705	539	44	15	95.816750	του
5	1	115	1	5	8	1778	533	39	21	84.313622	καί
5	1	115	1	5	9	1832	534	22	20	96.922203	οἱ
4	1	115	1	6	0	1150	565	322	28	-1	
5	1	115	1	6	1	1150	565	111	21	92.670250	ἀδύνατοι
5	1	115	1	6	2	1277	565	42	21	90.844696	τόν
5	1	115	1	6	3	1336	566	136	27	38.073074	φοδοῦνται.
3	1	115	2	0	0	1148	600	706	169	-1	
4	1	115	2	1	0	1179	600	675	31	-1	
5	1	115	2	1	1	1179	600	24	21	40.392105	Ὅ
5	1	115	2	1	2	1219	600	119	28	60.766571	Ταῦγετος
5	1	115	2	1	3	1351	600	57	23	96.631378	εἶναι
5	1	115	2	1	4	1423	601	61	28	93.287178	µόνο
5	1	115	2	1	5	1497	602	117	27	80.931427	᾿Αλήθεια,
5	1	115	2	1	6	1625	603	43	27	91.096313	µιά
5	1	115	2	1	7	1678	603	102	27	92.893715	ἀλήθεια
5	1	115	2	1	8	1791	603	63	28	96.403397	ὅμως
4	1	115	2	2	0	1150	635	702	31	-1	
5	1	115	2	2	1	1150	635	99	28	93.302399	σκληρή,
5	1	115	2	2	2	1266	636	77	27	92.146996	ὄρθια,
5	1	115	2	2	3	1364	637	48	21	96.401825	ἀπό
5	1	115	2	2	4	1427	637	117	27	45.627266	μάρμαρο
5	1	115	2	2	5	1559	637	40	21	32.067360	καί
5	1	115	2	2	6	1614	638	98	27	93.303406	γρανίτη
5	1	115	2	2	7	1729	639	123	27	36.169952	πλασμένη
4	1	115	2	3	0	1148	671	704	30	-1	
5	1	115	2	3	1	1148	671	38	22	0.000000	Κα
5	1	115	2	3	2	1201	672	142	27	84.808372	περιχυµένη
5	1	115	2	3	3	1356	672	29	27	91.732430	µέ
5	1	115	2	3	4	1397	672	94	28	90.437309	κέδρινη
5	1	115	2	3	5	1503	672	157	27	90.209686	µοσκοδολιά,
5	1	115	2	3	6	1671	673	54	28	92.607925	ἀέρι
5	1	115	2	3	7	1738	674	114	21	91.785820	πεντακά-
4	1	115	2	4	0	1150	706	701	29	-1	
5	1	115	2	4	1	1150	706	62	28	88.501572	θαρο
5	1	115	2	4	2	1226	707	39	21	70.218185	Καί
5	1	115	2	4	3	1284	707	141	27	79.018326	Κρύσταλλα
5	1	115	2	4	4	1441	707	159	28	88.590164	ἄστραφτερά
5	1	115	2	4	5	1614	708	49	21	96.921944	ἀπό
5	1	115	2	4	6	1678	709	61	26	86.667458	χιόνι
5	1	115	2	4	7	1755	709	39	21	93.268097	καί
5	1	115	2	4	8	1809	709	42	21	79.658577	6α-
4	1	115	2	5	0	1149	741	589	28	-1	
5	1	115	2	5	1	1149	741	51	20	92.894501	θειά
5	1	115	2	5	2	1207	742	130	25	44.881104	παγωμένα
5	1	115	2	5	3	1345	741	77	21	92.082581	ὕδατα
5	1	115	2	5	4	1431	742	48	20	92.600601	τῶν
5	1	115	2	5	5	1485	742	99	20	90.130020	αἰωνίων
5	1	115	2	5	6	1600	743	81	26	90.130020	πηγῶν
5	1	115	2	5	7	1687	749	51	14	96.697052	του.
3	1	115	3	0	0	1146	775	707	346	-1	
4	1	115	3	1	0	1178	775	674	28	-1	
5	1	115	3	1	1	1178	775	26	20	84.342896	Ὁ
5	1	115	3	1	2	1217	775	127	26	75.180237	Ταύγετος,
5	1	115	3	1	3	1357	775	170	27	90.207123	πλαστουργός
5	1	115	3	1	4	1540	776	41	20	93.834488	καί
5	1	115	3	1	5	1592	776	130	27	6.793587	νομοθέτης
5	1	115	3	1	6	1733	778	44	19	93.063744	τοῦ
5	1	115	3	1	7	1788	783	64	20	93.047638	περι-
4	1	115	3	2	0	1148	808	702	30	-1	
5	1	115	3	2	1	1148	808	140	28	73.219833	θάλλοντος,
5	1	115	3	2	2	1301	809	121	28	79.424515	δρίσκεται
5	1	115	3	2	3	1432	809	68	28	96.690224	τώρα
5	1	115	3	2	4	1508	809	59	28	93.302811	στήν
5	1	115	3	2	5	1577	810	53	27	92.870491	ὥρα
5	1	115	3	2	6	1637	811	43	27	93.270760	τῆς
5	1	115	3	2	7	1691	810	98	28	80.840714	᾿Αρετῆς
5	1	115	3	2	8	1801	817	49	15	96.975723	του.
4	1	115	3	3	0	1149	845	700	28	-1	
5	1	115	3	3	1	1149	845	26	21	80.815964	Ἡ
5	1	115	3	3	2	1188	845	173	21	87.248978	κοινοπολιτεία
5	1	115	3	3	3	1375	846	46	20	92.107140	τῶν
5	1	115	3	3	4	1440	845	123	25	90.206795	Λακώνων,
5	1	115	3	3	5	1578	846	40	20	91.977661	ἀπ᾿
5	1	115	3	3	6	1632	845	73	22	90.805168	αὐτόν
5	1	115	3	3	7	1734	846	115	27	73.630829	λαμδάνει
4	1	115	3	4	0	1148	880	703	29	-1	
5	1	115	3	4	1	1148	880	60	27	81.878265	ἰδέες
5	1	115	3	4	2	1218	880	39	21	72.513916	Καί
5	1	115	3	4	3	1268	880	21	21	79.320236	σ᾿
5	1	115	3	4	4	1302	880	74	21	93.301537	αὐτόν
5	1	115	3	4	5	1388	880	86	28	92.926224	ὀφείλει
5	1	115	3	4	6	1485	880	42	28	93.214096	τήν
5	1	115	3	4	7	1537	881	156	28	39.188652	μεγαλωσύνη
5	1	115	3	4	8	1707	888	49	20	96.829689	της.
5	1	115	3	4	9	1767	882	33	21	64.130424	Γι’
5	1	115	3	4	10	1811	881	40	21	92.123329	αὐ-
4	1	115	3	5	0	1147	915	705	28	-1	
5	1	115	3	5	1	1147	915	28	21	96.753731	τό
5	1	115	3	5	2	1187	916	39	21	93.298920	καί
5	1	115	3	5	3	1238	915	103	27	92.651001	ὑμνεῖται
5	1	115	3	5	4	1371	916	39	21	80.136208	καί
5	1	115	3	5	5	1422	916	125	27	91.034012	δοξάζεται
5	1	115	3	5	6	1560	916	61	27	95.315773	µέσα
5	1	115	3	5	7	1635	916	71	27	93.299286	στούς
5	1	115	3	5	8	1722	917	89	26	92.760445	αἰῶνες.
5	1	115	3	5	9	1826	917	26	21	96.922218	Οἱ
4	1	115	3	6	0	1148	951	704	28	-1	
5	1	115	3	6	1	1148	951	96	27	96.152122	ποιητές
5	1	115	3	6	2	1259	951	39	21	93.747681	καί
5	1	115	3	6	3	1313	951	23	21	91.816063	οἱ
5	1	115	3	6	4	1352	951	146	27	89.359840	πεζογράφοι
5	1	115	3	6	5	1519	951	42	21	93.300125	τόν
5	1	115	3	6	6	1577	951	152	27	92.934151	ἀντικρύζουν
5	1	115	3	6	7	1746	952	28	27	86.759628	µέ
5	1	115	3	6	8	1791	952	61	26	96.809059	δέος,
4	1	115	3	7	0	1147	986	706	28	-1	
5	1	115	3	7	1	1147	986	22	21	93.300674	οἱ
5	1	115	3	7	2	1184	986	138	27	91.163857	ἐπισκέπτες
5	1	115	3	7	3	1333	986	43	21	92.206909	τόν
5	1	115	3	7	4	1388	987	148	21	92.206909	τοποθετοῦν
5	1	115	3	7	5	1547	986	126	28	87.460968	κυρίαρχο,
5	1	115	3	7	6	1686	987	62	27	94.307465	µέσα
5	1	115	3	7	7	1762	987	50	27	93.253716	στίς
5	1	115	3	7	8	1827	987	26	21	92.661911	ᾱ-
4	1	115	3	8	0	1146	1022	707	28	-1	
5	1	115	3	8	1	1146	1022	125	27	64.946289	ναμνήσεις
5	1	115	3	8	2	1285	1029	64	20	93.301575	τους,
5	1	115	3	8	3	1360	1022	39	21	79.517471	Καί
5	1	115	3	8	4	1410	1022	23	21	93.240448	οἱ
5	1	115	3	8	5	1444	1022	126	27	80.114502	χρστιανοί
5	1	115	3	8	6	1579	1022	93	28	50.858078	κτίζουν
5	1	115	3	8	7	1685	1022	50	27	49.359203	στίς
5	1	115	3	8	8	1750	1023	103	27	75.983185	κορυφές
4	1	115	3	9	0	1146	1057	707	28	-1	
5	1	115	3	9	1	1146	1057	38	22	37.064026	καί
5	1	115	3	9	2	1193	1057	35	27	96.125900	τίς
5	1	115	3	9	3	1239	1057	97	28	96.653717	πλαγιές
5	1	115	3	9	4	1349	1064	51	18	92.541672	του,
5	1	115	3	9	5	1412	1058	53	27	60.816048	ἱερά
5	1	115	3	9	6	1473	1058	43	27	96.888908	τῆς
5	1	115	3	9	7	1526	1057	85	28	96.305084	πίστης
5	1	115	3	9	8	1627	1064	64	20	93.301003	τους,
5	1	115	3	9	9	1703	1058	150	21	91.172089	ἀκατάλυτα-
4	1	115	3	10	0	1147	1092	704	29	-1	
5	1	115	3	10	1	1147	1092	47	22	96.973160	ἀπό
5	1	115	3	10	2	1205	1092	42	22	95.663712	τόν
5	1	115	3	10	3	1261	1093	85	27	94.366150	χρόνο,
5	1	115	3	10	4	1359	1093	65	27	96.820251	ὅπως
5	1	115	3	10	5	1436	1092	57	23	96.521790	εἶναι
5	1	115	3	10	6	1504	1093	39	21	91.651947	καί
5	1	115	3	10	7	1555	1093	12	22	90.946068	ὁ
5	1	115	3	10	8	1582	1094	131	27	92.706841	κορυφαῖος
5	1	115	3	10	9	1726	1093	125	28	85.379150	Ταύγετος.
3	1	115	4	0	0	1536	1129	259	22	-1	
4	1	115	4	1	0	1536	1129	259	22	-1	
5	1	115	4	1	1	1536	1129	25	21	91.450478	Δ.
5	1	115	4	1	2	1581	1130	20	20	88.366127	Γ.
5	1	115	4	1	3	1620	1129	175	22	89.339417	ΚΑΛΛΙΑΝΗΣ
2	1	116	0	0	0	1169	1175	664	4	-1	
3	1	116	1	0	0	1169	1175	664	4	-1	
4	1	116	1	1	0	1169	1175	664	4	-1	
5	1	116	1	1	1	1169	1175	664	4	95.000000	 
2	1	117	0	0	0	1146	1204	735	365	-1	
3	1	117	1	0	0	1147	1204	705	181	-1	
4	1	117	1	1	0	1252	1204	523	11	-1	
5	1	117	1	1	1	1252	1204	6	10	14.470581	/
5	1	117	1	1	2	1429	1205	6	10	58.154671	{
5	1	117	1	1	3	1768	1205	7	10	17.731232	ψ
4	1	117	1	2	0	1215	1206	587	48	-1	
5	1	117	1	2	1	1215	1206	124	44	95.984879	Τύπος
5	1	117	1	2	2	1365	1217	67	27	86.617592	καί
5	1	117	1	2	3	1462	1206	340	48	72.183380	ὁπμοσιογραφία
4	1	117	1	3	0	1402	1294	273	27	-1	
5	1	117	1	3	1	1402	1301	36	14	90.532402	εια
5	1	117	1	3	2	1448	1294	49	21	96.609413	ἀπό
5	1	117	1	3	3	1506	1294	42	27	93.289749	τήν
5	1	117	1	3	4	1561	1294	22	27	15.352463	Ιῃ
5	1	117	1	3	5	1593	1294	82	21	96.174484	σελίδα
4	1	117	1	4	0	1147	1328	705	29	-1	
5	1	117	1	4	1	1147	1329	131	28	91.530968	στοποίηση
5	1	117	1	4	2	1292	1330	45	20	93.298309	τῶν
5	1	117	1	4	3	1352	1329	66	21	90.870178	ἰδεῶν
5	1	117	1	4	4	1431	1328	58	23	96.662514	εἶναι
5	1	117	1	4	5	1502	1329	29	21	96.883759	τό
5	1	117	1	4	6	1543	1329	91	28	92.536644	µεγάλο
5	1	117	1	4	7	1650	1329	147	28	78.550102	Κατόρθωµα
5	1	117	1	4	8	1809	1331	43	20	96.906158	τοῦ
4	1	117	1	5	0	1147	1365	82	20	-1	
5	1	117	1	5	1	1147	1365	82	20	96.208130	τύπου.
3	1	117	2	0	0	1146	1399	706	170	-1	
4	1	117	2	1	0	1177	1399	675	29	-1	
5	1	117	2	1	1	1177	1400	58	21	80.634232	᾿Εδῶ
5	1	117	2	1	2	1247	1400	103	27	68.148499	ἀκριθῶς
5	1	117	2	1	3	1360	1399	59	22	93.270172	εἶναι
5	1	117	2	1	4	1435	1400	13	27	92.986053	ἡ
5	1	117	2	1	5	1459	1400	92	27	93.295532	µεγάλη
5	1	117	2	1	6	1564	1400	84	28	91.404770	εὐθύνη
5	1	117	2	1	7	1662	1407	53	21	92.723251	µας.
5	1	117	2	1	8	1727	1400	40	21	92.723251	Νά
5	1	117	2	1	9	1778	1400	74	21	92.797241	δίνου-
4	1	117	2	2	0	1146	1432	731	31	-1	
5	1	117	2	2	1	1146	1442	28	21	96.450264	µε
5	1	117	2	2	2	1204	1435	181	28	92.990097	ποιότητα
5	1	117	2	2	3	1422	1435	60	28	87.865181	στήν
5	1	117	2	2	4	1496	1435	130	28	91.576393	ἐφημερίδα
5	1	117	2	2	5	1639	1435	47	22	96.019119	πού
5	1	117	2	2	6	1718	1432	159	31	38.696434	γράφουμε,
5	1	117	2	2	7	1857	1428	23	39	73.815231	|.
4	1	117	2	3	0	1146	1470	705	28	-1	
5	1	117	2	3	1	1146	1471	29	20	95.318115	νά
5	1	117	2	3	2	1186	1470	43	28	96.834167	τήν
5	1	117	2	3	3	1241	1471	124	27	25.422913	γράφουμε
5	1	117	2	3	4	1379	1471	30	27	86.575066	µέ
5	1	117	2	3	5	1420	1471	102	27	90.474403	αἴσθηση
5	1	117	2	3	6	1534	1472	43	26	93.301826	τῆς
5	1	117	2	3	7	1594	1470	97	28	92.797195	εὐθύνης
5	1	117	2	3	8	1702	1478	54	20	95.803627	µας,
5	1	117	2	3	9	1768	1471	40	21	96.125420	καί
5	1	117	2	3	10	1823	1471	28	21	96.774002	νά
4	1	117	2	4	0	1146	1506	735	28	-1	
5	1	117	2	4	1	1146	1506	42	27	96.661591	τήν
5	1	117	2	4	2	1200	1506	103	27	8.315277	Κάνουμε
5	1	117	2	4	3	1317	1506	97	28	91.987495	ἀληθινό
5	1	117	2	4	4	1430	1506	97	28	96.759483	σχολειό
5	1	117	2	4	5	1541	1506	38	28	96.424774	γιά
5	1	117	2	4	6	1591	1506	57	27	96.585953	τούς
5	1	117	2	4	7	1667	1506	214	28	0.000000	συνανθρώπους,
4	1	117	2	5	0	1146	1548	52	21	-1	
5	1	117	2	5	1	1146	1548	52	21	94.236954	μας.
2	1	118	0	0	0	1328	1292	73	29	-1	
3	1	118	1	0	0	1328	1292	73	29	-1	
4	1	118	1	1	0	1328	1292	73	29	-1	
5	1	118	1	1	1	1328	1292	73	29	95.000000	 
2	1	119	0	0	0	1284	1578	435	21	-1	
3	1	119	1	0	0	1284	1578	435	21	-1	
4	1	119	1	1	0	1284	1578	435	21	-1	
5	1	119	1	1	1	1284	1578	40	21	0.000000	Ω.Ο
5	1	119	1	1	2	1341	1578	97	20	96.142410	ΡΟΛΟΣ
5	1	119	1	1	3	1455	1578	57	20	96.142410	ΤΗΣ
5	1	119	1	1	4	1529	1578	190	20	96.025841	ΕΦΗΜΕΡΙΔΑΣ
2	1	120	0	0	0	1146	1626	708	705	-1	
3	1	120	1	0	0	1146	1626	706	243	-1	
4	1	120	1	1	0	1175	1626	675	28	-1	
5	1	120	1	1	1	1175	1627	48	21	93.300522	Μιά
5	1	120	1	1	2	1234	1627	130	27	92.288948	ἐφημερίδα
5	1	120	1	1	3	1376	1627	84	27	96.863235	πρέπει
5	1	120	1	1	4	1474	1627	30	21	96.934166	νά
5	1	120	1	1	5	1516	1626	57	22	93.301224	εἶναι
5	1	120	1	1	6	1586	1627	120	27	92.020416	ἄγρυπνος
5	1	120	1	1	7	1720	1627	81	27	96.573280	κριτής
5	1	120	1	1	8	1811	1627	39	27	96.914513	γιά
4	1	120	1	2	0	1146	1662	704	28	-1	
5	1	120	1	2	1	1146	1662	35	28	93.283119	τίς
5	1	120	1	2	2	1198	1662	115	28	92.204376	ἐνέργειες
5	1	120	1	2	3	1325	1664	47	20	93.301987	τῶν
5	1	120	1	2	4	1386	1662	90	28	92.647125	ἀρχῶν,
5	1	120	1	2	5	1490	1662	40	22	69.199684	καί
5	1	120	1	2	6	1544	1662	143	28	96.416458	διεκδικητής
5	1	120	1	2	7	1701	1662	39	28	96.697433	γιά
5	1	120	1	2	8	1757	1662	31	21	93.298569	τά
5	1	120	1	2	9	1802	1662	48	22	92.564827	διά-
4	1	120	1	3	0	1147	1698	703	28	-1	
5	1	120	1	3	1	1147	1705	65	21	78.521996	φορα
5	1	120	1	3	2	1223	1698	121	22	38.181274	Κοινωνικά
5	1	120	1	3	3	1362	1698	137	28	67.785339	στρώματα.
5	1	120	1	3	4	1515	1698	95	28	14.115311	Επειδή
5	1	120	1	3	5	1623	1698	33	25	93.038513	δέ,
5	1	120	1	3	6	1670	1698	13	22	92.842094	ὁ
5	1	120	1	3	7	1701	1698	74	27	84.083084	τύπος
5	1	120	1	3	8	1803	1698	47	21	84.083084	ἐπι-
4	1	120	1	4	0	1146	1734	705	28	-1	
5	1	120	1	4	1	1146	1735	47	27	86.308899	δρᾶ
5	1	120	1	4	2	1207	1734	56	28	96.816109	στήν
5	1	120	1	4	3	1278	1734	106	28	96.426659	πολιτική
5	1	120	1	4	4	1398	1734	126	28	95.632187	συνείδηση
5	1	120	1	4	5	1536	1735	45	20	92.892441	τῶν
5	1	120	1	4	6	1597	1734	111	24	92.892441	πολιτῶν,
5	1	120	1	4	7	1720	1734	85	27	96.399727	πρέπει
5	1	120	1	4	8	1822	1734	29	21	95.917358	νά
4	1	120	1	5	0	1146	1769	705	29	-1	
5	1	120	1	5	1	1146	1770	98	28	91.344482	δοηθάει
5	1	120	1	5	2	1258	1770	81	21	96.786438	σωστά
5	1	120	1	5	3	1351	1769	28	22	93.302879	τό
5	1	120	1	5	4	1392	1769	85	28	92.721016	ἄτομο,
5	1	120	1	5	5	1492	1770	30	21	96.853065	νά
5	1	120	1	5	6	1533	1769	147	28	96.484650	ξεκαθαρίζει
5	1	120	1	5	7	1696	1770	35	26	92.342728	τίς
5	1	120	1	5	8	1748	1769	103	28	88.175919	προτιµή
4	1	120	1	6	0	1148	1805	704	28	-1	
5	1	120	1	6	1	1148	1812	47	20	95.861427	σεις
5	1	120	1	6	2	1207	1812	49	15	93.179405	του.
5	1	120	1	6	3	1269	1806	39	21	71.106003	ΙΝά
5	1	120	1	6	4	1321	1805	97	28	66.758797	6οηθάει
5	1	120	1	6	5	1434	1805	44	28	92.310783	στή
5	1	120	1	6	6	1492	1805	98	28	96.315208	διάδοση
5	1	120	1	6	7	1607	1806	46	20	93.299141	τῶν
5	1	120	1	6	8	1667	1805	84	27	89.782135	ἠθικῶν
5	1	120	1	6	9	1782	1805	70	27	75.162308	ἀξιῶν
4	1	120	1	7	0	1146	1839	690	30	-1	
5	1	120	1	7	1	1146	1841	38	21	60.116013	καί
5	1	120	1	7	2	1194	1841	31	21	96.338913	νά
5	1	120	1	7	3	1236	1841	141	28	56.297150	συμμετέχει
5	1	120	1	7	4	1390	1841	49	22	91.872559	ἔτσι
5	1	120	1	7	5	1456	1841	44	28	92.963463	στή
5	1	120	1	7	6	1511	1839	187	29	83.247742	λετουργία
5	1	120	1	7	7	1655	1835	42	38	96.351166	τῆς
5	1	120	1	7	8	1710	1840	126	27	69.441910	κοινωνίας.
3	1	120	2	0	0	1147	1876	706	93	-1	
4	1	120	2	1	0	1176	1876	677	28	-1	
5	1	120	2	1	1	1176	1877	35	21	92.987518	Μέ
5	1	120	2	1	2	1225	1877	34	27	93.301102	τίς
5	1	120	2	1	3	1272	1877	87	27	91.584488	εἰκόνες
5	1	120	2	1	4	1370	1877	39	21	64.758514	καί
5	1	120	2	1	5	1420	1877	21	21	9.883614	τ᾿
5	1	120	2	1	6	1455	1876	145	28	90.061012	ἀφηγήματά
5	1	120	2	1	7	1615	1883	42	21	96.176521	της
5	1	120	2	1	8	1668	1876	31	22	92.842484	νά
5	1	120	2	1	9	1714	1876	97	28	71.833496	6οηθάει
5	1	120	2	1	10	1823	1876	30	22	96.820808	τά
4	1	120	2	2	0	1147	1912	705	28	-1	
5	1	120	2	2	1	1147	1912	79	28	70.910606	ἄτομια
5	1	120	2	2	2	1237	1913	28	21	93.292488	νά
5	1	120	2	2	3	1275	1912	157	28	92.796539	χαλαρώνουν
5	1	120	2	2	4	1444	1912	94	27	90.246529	φυχικά,
5	1	120	2	2	5	1551	1912	31	21	93.272942	νά
5	1	120	2	2	6	1592	1912	164	27	91.237335	φυχαγωγοῦν,
5	1	120	2	2	7	1770	1912	30	21	93.178719	νά
5	1	120	2	2	8	1810	1912	42	27	91.484299	τέρ
4	1	120	2	3	0	1147	1955	66	14	-1	
5	1	120	2	3	1	1147	1955	66	14	95.409271	πουν.
3	1	120	3	0	0	1148	1983	705	63	-1	
4	1	120	3	1	0	1177	1983	676	28	-1	
5	1	120	3	1	1	1177	1984	36	21	93.296005	Τά
5	1	120	3	1	2	1225	1984	97	27	92.142845	ἀνήθικα
5	1	120	3	1	3	1333	1983	40	22	54.456764	καί
5	1	120	3	1	4	1385	1983	65	22	57.121471	δίαια
5	1	120	3	1	5	1463	1983	201	28	92.563698	εἰδησεογραφικά
5	1	120	3	1	6	1677	1983	115	28	95.947037	γεγονότα
5	1	120	3	1	7	1823	1983	30	21	95.947037	νά
4	1	120	3	2	0	1148	2019	498	27	-1	
5	1	120	3	2	1	1148	2020	107	21	44.541477	δίδωνται
5	1	120	3	2	2	1263	2019	46	22	86.991051	σάν
5	1	120	3	2	3	1320	2019	153	27	92.805023	παράδειγµα
5	1	120	3	2	4	1480	2019	40	27	93.303459	γιά
5	1	120	3	2	5	1529	2019	117	27	78.501968	ἀποφυγή.
3	1	120	4	0	0	1146	2054	708	93	-1	
4	1	120	4	1	0	1177	2054	677	28	-1	
5	1	120	4	1	1	1177	2055	37	21	91.821854	Νά
5	1	120	4	1	2	1226	2055	117	27	14.822075	μεταδίδει
5	1	120	4	1	3	1360	2055	102	27	93.285919	γνώσεις.
5	1	120	4	1	4	1476	2054	38	22	93.255547	Νά
5	1	120	4	1	5	1527	2054	57	22	96.371140	εἶναι
5	1	120	4	1	6	1595	2054	105	28	47.958813	χρήσιμο
5	1	120	4	1	7	1713	2054	89	27	89.528412	ὄργανο
5	1	120	4	1	8	1815	2054	39	27	95.788193	γιά
4	1	120	4	2	0	1146	2089	707	29	-1	
5	1	120	4	2	1	1146	2090	43	28	93.299545	τήν
5	1	120	4	2	2	1202	2090	143	28	89.399078	καθηµερινή
5	1	120	4	2	3	1356	2090	53	28	90.824249	ζωή.
5	1	120	4	2	4	1420	2090	40	21	70.337135	Νά
5	1	120	4	2	5	1470	2090	84	28	96.882286	γράφει
5	1	120	4	2	6	1566	2090	53	27	96.171562	λίγα
5	1	120	4	2	7	1632	2090	38	27	96.896812	γιά
5	1	120	4	2	8	1683	2090	30	21	93.295143	νά
5	1	120	4	2	9	1724	2089	129	28	90.139671	δαραίνουν
4	1	120	4	3	0	1147	2126	86	21	-1	
5	1	120	4	3	1	1147	2126	86	21	96.334549	πολλά.
3	1	120	5	0	0	1149	2160	704	64	-1	
4	1	120	5	1	0	1178	2160	675	29	-1	
5	1	120	5	1	1	1178	2161	186	28	29.333755	᾿Απαγορεύεται
5	1	120	5	1	2	1379	2161	30	21	93.302788	νά
5	1	120	5	1	3	1423	2161	183	27	92.266235	διαστρεθλώνει
5	1	120	5	1	4	1625	2161	32	21	96.134102	τά
5	1	120	5	1	5	1671	2160	124	28	96.134102	γεγονότα,
5	1	120	5	1	6	1823	2161	30	21	95.535942	νά
4	1	120	5	2	0	1149	2196	500	28	-1	
5	1	120	5	2	1	1149	2198	148	26	92.579475	συκοφαντεῖ,
5	1	120	5	2	2	1306	2197	30	21	93.299835	νά
5	1	120	5	2	3	1343	2196	140	28	78.494293	ὑπερδάλει,
5	1	120	5	2	4	1495	2196	30	21	93.301315	νά
5	1	120	5	2	5	1533	2196	116	27	85.749069	φεύδεται.
3	1	120	6	0	0	1148	2231	706	100	-1	
4	1	120	6	1	0	1179	2231	675	28	-1	
5	1	120	6	1	1	1179	2232	37	21	92.792862	Νά
5	1	120	6	1	2	1230	2232	105	27	93.049126	προωθεῖ
5	1	120	6	1	3	1352	2232	31	21	96.866280	τά
5	1	120	6	1	4	1397	2232	137	27	34.848473	γράμματα,
5	1	120	6	1	5	1549	2232	35	27	96.325256	τίς
5	1	120	6	1	6	1597	2232	72	26	91.820282	Καλές
5	1	120	6	1	7	1684	2232	98	27	94.908447	πράξεις
5	1	120	6	1	8	1815	2231	39	21	94.908447	καί
4	1	120	6	2	0	1148	2266	706	29	-1	
5	1	120	6	2	1	1148	2267	41	28	93.120926	τήν
5	1	120	6	2	2	1201	2267	95	28	84.063324	ἅμιλλα,
5	1	120	6	2	3	1307	2267	57	22	96.407730	διότι
5	1	120	6	2	4	1376	2267	64	28	93.889496	µέσα
5	1	120	6	2	5	1448	2267	48	21	93.304878	ἀπό
5	1	120	6	2	6	1504	2267	58	21	92.085144	αὐτά
5	1	120	6	2	7	1577	2267	27	21	93.301643	θά
5	1	120	6	2	8	1616	2267	101	28	92.430458	πηγάσει
5	1	120	6	2	9	1730	2267	13	27	93.051910	ἡ
5	1	120	6	2	10	1754	2266	100	28	92.878662	εὐνομου
4	1	120	6	3	0	1149	2303	187	28	-1	
5	1	120	6	3	1	1149	2304	57	27	89.548904	µένη
5	1	120	6	3	2	1223	2303	113	22	96.037804	πολιτεία.
2	1	121	0	0	0	1251	2390	450	41	-1	
3	1	121	1	0	0	1251	2390	450	41	-1	
4	1	121	1	1	0	1251	2390	450	41	-1	
5	1	121	1	1	1	1251	2391	66	40	96.747490	Γιά
5	1	121	1	1	2	1339	2390	45	41	95.347641	τὸ
5	1	121	1	1	3	1406	2391	114	40	92.874985	ΚΤΕΛ
5	1	121	1	1	4	1552	2391	149	40	92.235031	Λακων
2	1	122	0	0	0	1159	2361	693	3	-1	
3	1	122	1	0	0	1159	2361	693	3	-1	
4	1	122	1	1	0	1159	2361	693	3	-1	
5	1	122	1	1	1	1159	2361	693	3	95.000000	 
2	1	123	0	0	0	1704	2390	64	45	-1	
3	1	123	1	0	0	1704	2390	64	45	-1	
4	1	123	1	1	0	1704	2390	64	45	-1	
5	1	123	1	1	1	1704	2390	64	45	72.023537	[ας
2	1	124	0	0	0	1686	2474	167	44	-1	
3	1	124	1	0	0	1686	2474	145	29	-1	
4	1	124	1	1	0	1814	2474	3	7	-1	
5	1	124	1	1	1	1814	2474	3	7	39.165085	͵
4	1	124	1	2	0	1686	2483	167	35	-1	
5	1	124	1	2	1	1686	2483	67	20	91.050026	άτησε,
5	1	124	1	2	2	1768	2483	85	35	0.000000	χθρίς,
2	1	125	0	0	0	1695	2519	159	19	-1	
3	1	125	1	0	0	1695	2519	159	19	-1	
4	1	125	1	1	0	1695	2519	159	19	-1	
5	1	125	1	1	1	1695	2510	108	28	92.127640	υπηρετική
5	1	125	1	1	2	1820	2510	34	27	91.197105	γιά
2	1	126	0	0	0	1180	2475	524	64	-1	
3	1	126	1	0	0	1180	2475	504	64	-1	
4	1	126	1	1	0	1180	2475	504	29	-1	
5	1	126	1	1	1	1180	2478	26	20	89.099564	Ἡ
5	1	126	1	1	2	1222	2476	130	28	88.320160	συγκοινωνία
5	1	126	1	1	3	1369	2476	110	27	78.289383	Γεωρηίτσι
5	1	126	1	1	4	1494	2490	8	2	93.095734	-
5	1	126	1	1	5	1517	2475	99	28	79.119415	Τρίπολη,
5	1	126	1	1	6	1633	2484	51	18	30.429146	σταµι
4	1	126	1	2	0	1296	2511	408	28	-1	
5	1	126	1	2	1	1296	2512	27	21	91.255348	Ἡ
5	1	126	1	2	2	1336	2512	80	27	68.204010	γραµµή
5	1	126	1	2	3	1431	2512	48	26	38.916145	αὐτή
5	1	126	1	2	4	1494	2511	33	21	95.846130	πού
5	1	126	1	2	5	1545	2511	48	22	96.644371	εἶναι
5	1	126	1	2	6	1610	2511	44	21	93.270096	τόσο
5	1	126	1	2	7	1668	2511	36	25	89.550591	ἐξυ
2	1	127	0	0	0	1150	2514	31	20	-1	
3	1	127	1	0	0	1150	2514	31	20	-1	
4	1	127	1	1	0	1150	2514	31	20	-1	
5	1	127	1	1	1	1150	2514	31	20	95.000000	 
2	1	128	0	0	0	1151	2512	321	156	-1	
3	1	128	1	0	0	1151	2512	300	134	-1	
4	1	128	1	1	0	1167	2512	114	27	-1	
5	1	128	1	1	1	1167	2512	114	27	30.056786	ευχρίνηση.
4	1	128	1	2	0	1151	2547	128	28	-1	
5	1	128	1	2	1	1151	2548	24	21	90.493317	τά
5	1	128	1	2	2	1192	2547	66	28	81.863541	δόρεια
5	1	128	1	2	3	1271	2548	8	21	92.502975	ὁ
4	1	128	1	3	0	1193	2582	250	58	-1	
5	1	128	1	3	1	1193	2584	28	56	0.000000	:
5	1	128	1	3	2	1234	2584	79	20	46.981358	ΚΤΕΛ
5	1	128	1	3	3	1325	2582	118	27	89.655228	Λακωνίας,
4	1	128	1	4	0	1266	2618	206	50	-1	
5	1	128	1	4	1	1266	2620	19	41	50.566883	ἡ
5	1	128	1	4	2	1300	2619	74	49	9.757370	πα
5	1	128	1	4	3	1390	2618	33	22	49.950142	καί
5	1	128	1	4	4	1436	2619	36	48	0.000000	η.
2	1	129	0	0	0	1280	2556	41	19	-1	
3	1	129	1	0	0	1280	2556	41	19	-1	
4	1	129	1	1	0	1280	2556	41	19	-1	
5	1	129	1	1	1	1280	2556	41	19	95.000000	 
2	1	130	0	0	0	1460	2581	395	91	-1	
3	1	130	1	0	0	1460	2581	395	64	-1	
4	1	130	1	1	0	1460	2581	395	26	-1	
5	1	130	1	1	1	1460	2582	34	22	76.618294	πού
5	1	130	1	1	2	1508	2582	30	21	90.653114	δέν
5	1	130	1	1	3	1556	2584	32	20	96.875824	τοῦ
5	1	130	1	1	4	1602	2582	86	25	83.634186	κοστίζει
5	1	130	1	1	5	1702	2581	76	23	25.516602	τίποτα.
5	1	130	1	1	6	1792	2581	30	27	92.717682	Τό
5	1	130	1	1	7	1837	2582	18	20	52.303677	Ἄ-
4	1	130	1	2	0	1472	2617	265	55	-1	
5	1	130	1	2	1	1472	2618	134	50	26.252609	οι
5	1	130	1	2	2	1615	2617	122	55	0.000000	ρνς
2	1	131	0	0	0	1166	2615	93	46	-1	
3	1	131	1	0	0	1166	2615	93	46	-1	
4	1	131	1	1	0	1166	2615	93	46	-1	
5	1	131	1	1	1	1166	2615	93	46	95.000000	 
2	1	132	0	0	0	1150	2659	705	130	-1	
3	1	132	1	0	0	1150	2659	705	130	-1	
4	1	132	1	1	0	1150	2659	705	62	-1	
5	1	132	1	1	1	1150	2690	34	22	70.409973	να
5	1	132	1	1	2	1198	2690	70	26	65.200027	ἁμιάξι:
5	1	132	1	1	3	1282	2666	43	45	81.305420	ΣΠ
5	1	132	1	1	4	1332	2666	78	45	1.317078	ΑΡΡΗ
5	1	132	1	1	5	1425	2703	8	3	81.064392	-
5	1	132	1	1	6	1427	2659	167	62	0.000000	ΩΡΡΗΡΣΙ
5	1	132	1	1	7	1615	2668	89	42	13.110588	ΡΗΠ
5	1	132	1	1	8	1709	2665	51	45	40.213032	ολ
5	1	132	1	1	9	1776	2702	8	2	20.532867	-
5	1	132	1	1	10	1796	2670	59	39	95.086395	ΑΘΗ
4	1	132	1	2	0	1151	2724	703	28	-1	
5	1	132	1	2	1	1151	2727	41	20	95.735680	ΝΑ.
5	1	132	1	2	2	1205	2726	33	21	9.001694	καί
5	1	132	1	2	3	1254	2725	124	27	90.120949	ἀντίστροφα.
5	1	132	1	2	4	1393	2725	33	21	67.458199	Θά
5	1	132	1	2	5	1439	2725	161	27	89.270599	ἐξυπηρετοῦνται
5	1	132	1	2	6	1621	2724	25	21	91.749725	16
5	1	132	1	2	7	1661	2724	64	28	95.371986	χωριά
5	1	132	1	2	8	1741	2725	32	20	93.269073	τοῦ
5	1	132	1	2	9	1787	2724	67	26	45.790180	Νομοῦ
4	1	132	1	3	0	1150	2759	675	30	-1	
5	1	132	1	3	1	1150	2770	46	19	87.861534	µας,
5	1	132	1	3	2	1211	2762	36	20	90.851013	ἐνῶ
5	1	132	1	3	3	1260	2761	36	22	93.979736	ἀπό
5	1	132	1	3	4	1308	2761	31	22	92.962975	τό)
5	1	132	1	3	5	1351	2760	100	28	93.786819	Πάρνωνα
5	1	132	1	3	6	1465	2760	44	27	86.567673	µόνο
5	1	132	1	3	7	1521	2760	44	25	93.301704	τούς
5	1	132	1	3	8	1579	2759	120	25	21.424858	Ῥουτιάνους
5	1	132	1	3	9	1711	2761	114	24	29.007782	συναντάμε.
2	1	133	0	0	0	1164	2820	582	3	-1	
3	1	133	1	0	0	1164	2820	582	3	-1	
4	1	133	1	1	0	1164	2820	582	3	-1	
5	1	133	1	1	1	1164	2820	582	3	95.000000	 
2	1	134	0	0	0	1125	2850	495	133	-1	
3	1	134	1	0	0	1182	2850	134	20	-1	
4	1	134	1	1	0	1182	2850	134	20	-1	
5	1	134	1	1	1	1182	2850	134	20	33.165573	ΕΙΔΗΣΕΙΣ
3	1	134	2	0	0	1153	2883	449	65	-1	
4	1	134	2	1	0	1184	2883	362	28	-1	
5	1	134	2	1	1	1184	2884	22	22	38.414558	6
5	1	134	2	1	2	1221	2885	53	25	29.368652	στήν
5	1	134	2	1	3	1285	2884	114	26	91.303139	Κοινότητα
5	1	134	2	1	4	1407	2883	139	28	9.933105	Γεωργιπσίου,
4	1	134	2	2	0	1125	2916	477	51	-1	
5	1	134	2	2	1	1125	2916	80	51	0.000000	τδρος,
5	1	134	2	2	2	1216	2921	8	21	92.560616	ὁ
5	1	134	2	2	3	1234	2930	18	12	88.746254	κ.
5	1	134	2	2	4	1262	2920	94	27	85.851776	Στράτης
5	1	134	2	2	5	1366	2919	130	28	42.711021	Στβατάκης,
5	1	134	2	2	6	1507	2919	67	27	69.305130	θερμά
5	1	134	2	2	7	1582	2928	20	12	92.259865	συ
3	1	134	3	0	0	1186	2954	434	29	-1	
4	1	134	3	1	0	1186	2954	434	29	-1	
5	1	134	3	1	1	1186	2956	21	21	26.627625	ϱ
5	1	134	3	1	2	1231	2957	26	20	79.080292	Ἡ
5	1	134	3	1	3	1272	2955	30	25	78.981438	δίς
5	1	134	3	1	4	1317	2955	70	28	91.460365	Μαρία
5	1	134	3	1	5	1403	2956	47	21	89.173050	Ἠλ.
5	1	134	3	1	6	1465	2956	83	24	10.410576	Γωλέκα
5	1	134	3	1	7	1562	2954	58	28	91.778542	φοιτή
2	1	135	0	0	0	1153	2991	434	28	-1	
3	1	135	1	0	0	1153	2991	434	28	-1	
4	1	135	1	1	0	1153	2991	434	28	-1	
5	1	135	1	1	1	1153	2993	151	26	38.202839	Ἑιομηχανωῆς
5	1	135	1	1	2	1322	2992	84	27	25.571449	Σχολῆς
5	1	135	1	1	3	1425	2991	116	27	76.546013	Πειραιῶς,
5	1	135	1	1	4	1559	2999	28	17	33.281754	πήι
2	1	136	0	0	0	1157	2996	48	26	-1	
3	1	136	1	0	0	1157	2996	48	26	-1	
4	1	136	1	1	0	1157	2996	48	26	-1	
5	1	136	1	1	1	1157	2996	48	26	95.000000	 
2	1	137	0	0	0	1150	3036	22	4	-1	
3	1	137	1	0	0	1150	3036	22	4	-1	
4	1	137	1	1	0	1150	3036	22	4	-1	
5	1	137	1	1	1	1150	3036	22	4	95.000000	 
2	1	138	0	0	0	1315	3027	327	62	-1	
3	1	138	1	0	0	1315	3027	301	62	-1	
4	1	138	1	1	0	1315	3027	155	27	-1	
5	1	138	1	1	1	1315	3027	155	27	0.000000	συηηκαρητήρ!α.
4	1	138	1	2	0	1401	3061	241	28	-1	
5	1	138	1	2	1	1401	3062	38	26	39.262901	Λη
5	1	138	1	2	2	1452	3061	65	27	93.254555	Μάμα
5	1	138	1	2	3	1534	3061	108	28	38.436852	Ἱκαστορεία
2	1	139	0	0	0	1172	3028	228	62	-1	
3	1	139	1	0	0	1172	3028	208	62	-1	
4	1	139	1	1	0	1172	3028	125	27	-1	
5	1	139	1	1	1	1172	3028	63	27	14.236847	Γαλῆς
5	1	139	1	1	2	1254	3035	43	18	96.092278	της,
4	1	139	1	2	0	1186	3062	214	28	-1	
5	1	139	1	2	1	1186	3063	21	21	61.663662	6
5	1	139	1	2	2	1225	3063	98	27	0.000000	"Λρχισον
5	1	139	1	2	3	1337	3062	63	22	86.599968	στόν
5	1	139	1	2	4	1392	3058	12	36	0.000000	)
2	1	140	0	0	0	1154	3044	14	4	-1	
3	1	140	1	0	0	1154	3044	14	4	-1	
4	1	140	1	1	0	1154	3044	14	4	-1	
5	1	140	1	1	1	1154	3044	14	4	95.000000	 
2	1	141	0	0	0	1137	1435	8	1673	-1	
3	1	141	1	0	0	1137	1435	8	1673	-1	
4	1	141	1	1	0	1137	1435	8	1673	-1	
5	1	141	1	1	1	1137	1435	8	1673	95.000000	 
2	1	142	0	0	0	780	3100	77	22	-1	
3	1	142	1	0	0	780	3100	77	22	-1	
4	1	142	1	1	0	780	3100	77	22	-1	
5	1	142	1	1	1	780	3100	77	22	42.046242	ἐλπίδα.
2	1	143	0	0	0	1153	3098	284	28	-1	
3	1	143	1	0	0	1153	3098	284	28	-1	
4	1	143	1	1	0	1153	3098	284	28	-1	
5	1	143	1	1	1	1153	3098	20	23	91.051849	τό
5	1	143	1	1	2	1184	3098	117	28	86.110550	Τουριστικό
5	1	143	1	1	3	1314	3099	123	26	79.706306	Περίπτερο.
2	1	144	0	0	0	1390	3107	48	18	-1	
3	1	144	1	0	0	1390	3107	48	18	-1	
4	1	144	1	1	0	1390	3107	48	18	-1	
5	1	144	1	1	1	1390	3107	48	18	95.000000	  
2	1	145	0	0	0	1864	989	4	1211	-1	
3	1	145	1	0	0	1864	989	4	1211	-1	
4	1	145	1	1	0	1864	989	4	1211	-1	
5	1	145	1	1	1	1864	989	4	1211	95.000000	 
2	1	146	0	0	0	1865	2704	4	28	-1	
3	1	146	1	0	0	1865	2704	4	28	-1	
4	1	146	1	1	0	1865	2704	4	28	-1	
5	1	146	1	1	1	1865	2704	4	28	69.042587	|
2	1	147	0	0	0	1866	2883	59	23	-1	
3	1	147	1	0	0	1866	2883	59	23	-1	
4	1	147	1	1	0	1866	2883	59	23	-1	
5	1	147	1	1	1	1866	2892	2	2	0.000000	'
5	1	147	1	1	2	1877	2883	48	23	26.293396	εἶναι
2	1	148	0	0	0	1599	2882	273	232	-1	
3	1	148	1	0	0	1599	2882	273	232	-1	
4	1	148	1	1	0	1599	2882	273	58	-1	
5	1	148	1	1	1	1599	2882	273	58	95.000000	 
4	1	148	1	2	0	1599	2940	273	109	-1	
5	1	148	1	2	1	1599	2940	273	109	95.000000	  
4	1	148	1	3	0	1599	3049	273	65	-1	
5	1	148	1	3	1	1599	3049	273	65	95.000000	  
2	1	149	0	0	0	1878	74	351	229	-1	
3	1	149	1	0	0	1878	74	351	229	-1	
4	1	149	1	1	0	1944	74	216	35	-1	
5	1	149	1	1	1	1944	74	216	35	90.340790	ΠΕΡΙΒΟΛΙΑ
4	1	149	1	2	0	1997	113	120	21	-1	
5	1	149	1	2	1	1997	126	29	2	2.799721	ο
5	1	149	1	2	2	2088	127	29	2	0.000000	---
4	1	149	1	3	0	1898	165	331	27	-1	
5	1	149	1	3	1	1898	166	34	21	0.000000	:Ὁ
5	1	149	1	3	2	1943	175	18	12	84.045876	κ.
5	1	149	1	3	3	1972	165	33	22	79.273178	καί
5	1	149	1	3	4	2015	167	11	25	85.010147	ἡ
5	1	149	1	3	5	2037	175	18	13	90.981293	κ.
5	1	149	1	3	6	2066	166	83	22	75.192329	Ἰωάννα
5	1	149	1	3	7	2161	168	68	20	0.000000	Ἴαφει-
4	1	149	1	4	0	1878	201	351	42	-1	
5	1	149	1	4	1	1878	201	94	42	3.049606	ανν
5	1	149	1	4	2	1982	201	49	27	48.983192	όρη
5	1	149	1	4	3	2043	203	31	21	65.587830	τοῦ
5	1	149	1	4	4	2097	203	48	21	19.329758	Νιν,
5	1	149	1	4	5	2158	202	71	27	81.209183	Άγρια
4	1	149	1	5	0	2154	238	75	26	-1	
5	1	149	1	5	1	2154	238	75	26	39.824085	Αθήνα
4	1	149	1	6	0	1892	272	315	10	-1	
5	1	149	1	6	1	1892	272	5	7	0.000000	,
5	1	149	1	6	2	2204	274	3	8	0.000000	:
4	1	149	1	7	0	1878	273	350	30	-1	
5	1	149	1	7	1	1878	281	21	22	92.013702	τό
5	1	149	1	7	2	1910	272	123	28	65.459396	χαριπωµένο
5	1	149	1	7	3	2044	272	83	28	75.248177	ἀγορώκι
5	1	149	1	7	4	2140	281	51	16	92.628304	τους.
5	1	149	1	7	5	2211	273	17	21	28.730530	Ὁ
2	1	150	0	0	0	1877	239	350	96	-1	
3	1	150	1	0	0	1877	239	350	96	-1	
4	1	150	1	1	0	1877	239	247	25	-1	
5	1	150	1	1	1	1877	236	75	28	0.000000	πνίτη,
5	1	150	1	1	2	1971	237	93	21	75.264435	θάπτισαν
5	1	150	1	1	3	2078	237	46	27	94.931961	στήν
4	1	150	1	2	0	1914	307	252	9	-1	
5	1	150	1	2	1	1914	307	54	9	23.807434	αι
5	1	150	1	2	2	2042	308	28	7	20.559090	..
5	1	150	1	2	3	2158	310	8	4	2.169037	τς
4	1	150	1	3	0	1878	314	349	21	-1	
5	1	150	1	3	1	1878	316	54	16	39.009506	νονος
5	1	150	1	3	2	1948	314	60	16	0.000000	εόωσε
5	1	150	1	3	3	2027	317	21	13	96.724594	το
5	1	150	1	3	4	2062	316	58	19	0.000000	ονομα
5	1	150	1	3	5	2135	318	31	12	91.348328	του
5	1	150	1	3	6	2180	317	47	13	61.921669	πατ-
2	1	151	0	0	0	1876	343	352	170	-1	
3	1	151	1	0	0	1878	343	349	58	-1	
4	1	151	1	1	0	1878	343	349	27	-1	
5	1	151	1	1	1	1878	345	34	19	87.576248	ποῦ
5	1	151	1	1	2	1928	343	112	25	16.640213	ἸΜόλαος,
5	1	151	1	1	3	2060	344	24	21	89.728210	νά
5	1	151	1	1	4	2100	343	44	25	71.879364	τούς
5	1	151	1	1	5	2174	344	53	26	45.775547	ζήσει
4	1	151	1	2	0	1878	379	173	22	-1	
5	1	151	1	2	1	1878	380	26	20	78.396500	κι’
5	1	151	1	2	2	1915	379	54	21	93.306175	ἄλλα
5	1	151	1	2	3	1978	379	73	22	19.677422	πολικὰ,
3	1	151	2	0	0	1876	414	352	99	-1	
4	1	151	2	1	0	1908	414	320	28	-1	
5	1	151	2	1	1	1908	414	35	22	96.094116	Γιά
5	1	151	2	1	2	1963	415	33	25	89.951431	τήν
5	1	151	2	1	3	2013	414	169	28	70.563461	ἀσφαλτόστρωση
5	1	151	2	1	4	2197	416	31	20	96.730339	τοῦ
4	1	151	2	2	0	1876	450	352	27	-1	
5	1	151	2	2	1	1876	450	69	27	74.290047	δρόμου
5	1	151	2	2	2	1961	451	126	26	47.389587	Σικρτσινοῦ,
5	1	151	2	2	3	2107	450	29	21	25.949585	θά
5	1	151	2	2	4	2165	452	63	19	5.554977	διαῖτε-
4	1	151	2	3	0	1876	485	350	28	-1	
5	1	151	2	3	1	1876	487	42	20	91.229691	θοῦν
5	1	151	2	3	2	1932	486	27	21	65.742615	90
5	1	151	2	3	3	1971	486	55	22	50.232601	ἑχατ.
5	1	151	2	3	4	2041	488	42	25	91.222946	δρχ.
5	1	151	2	3	5	2096	486	25	21	93.295044	Οἱ
5	1	151	2	3	6	2135	485	91	28	91.675606	ἐργασίες
2	1	152	0	0	0	1876	521	252	27	-1	
3	1	152	1	0	0	1876	521	252	27	-1	
4	1	152	1	1	0	1876	521	252	27	-1	
5	1	152	1	1	1	1876	522	21	19	40.925137	9’
5	1	152	1	1	2	1909	521	89	27	70.205795	ἀριχίσουν
5	1	152	1	1	3	2009	522	21	21	79.593330	τὸ
5	1	152	1	1	4	2041	521	87	27	68.381691	Μάρτιο.
2	1	153	0	0	0	1872	573	363	269	-1	
3	1	153	1	0	0	1872	573	363	269	-1	
4	1	153	1	1	0	1876	573	351	27	-1	
5	1	153	1	1	1	1876	587	28	2	26.472519	---
5	1	153	1	1	2	1913	574	41	26	47.358860	ήν
5	1	153	1	1	3	1970	574	97	21	63.162930	1-2-1981
5	1	153	1	1	4	2081	573	90	22	41.453064	ἐτέλεσεν
5	1	153	1	1	5	2183	573	44	25	91.691093	τούς
4	1	153	1	2	0	1877	608	348	28	-1	
5	1	153	1	2	1	1877	609	74	27	0.000000	γάµρυς
5	1	153	1	2	2	1969	617	38	14	59.721066	των
5	1	153	1	2	3	2026	610	11	25	78.944824	ἡ
5	1	153	1	2	4	2054	609	23	21	81.469940	ἐκ
5	1	153	1	2	5	2096	608	129	28	0.000000	Πιριδολίων
4	1	153	1	3	0	1876	644	351	27	-1	
5	1	153	1	3	1	1876	644	99	27	44.699139	Τσίπουρα
5	1	153	1	3	2	1994	644	92	27	72.397614	Γεωργία
5	1	153	1	3	3	2102	647	41	24	12.064575	θυγ.
5	1	153	1	3	4	2160	645	67	25	77.166298	Δημη-
4	1	153	1	4	0	1875	678	347	28	-1	
5	1	153	1	4	1	1875	679	52	27	89.039917	πρίου
5	1	153	1	4	2	1944	679	49	26	62.464184	µετά
5	1	153	1	4	3	2010	681	32	20	96.396126	τοῦ
5	1	153	1	4	4	2063	679	23	21	82.029053	ἐκ
5	1	153	1	4	5	2102	678	120	28	19.250862	Καστορείου
4	1	153	1	5	0	1873	714	350	27	-1	
5	1	153	1	5	1	1873	714	100	27	51.767025	Ῥεωργίου
5	1	153	1	5	2	1988	714	72	26	40.029011	Μουτή
5	1	153	1	5	3	2075	716	32	19	96.013962	τοῦ
5	1	153	1	5	4	2123	714	100	26	93.544868	Χρήστου.
4	1	153	1	6	0	1874	747	361	29	-1	
5	1	153	1	6	1	1874	748	150	20	0.765144	---᾿Απεβίωσεν
5	1	153	1	6	2	2048	748	34	25	71.337158	τήν
5	1	153	1	6	3	2109	747	126	29	0.000000	Ἰ-λο-λ9δθ
4	1	153	1	7	0	1872	779	349	27	-1	
5	1	153	1	7	1	1872	781	22	20	92.404472	σέ
5	1	153	1	7	2	1911	780	69	26	71.638519	ἡλικία
5	1	153	1	7	3	1994	781	26	20	88.340714	89
5	1	153	1	7	4	2038	781	48	21	88.340714	ἐτῶν
5	1	153	1	7	5	2100	781	9	20	92.811012	ὁ
5	1	153	1	7	6	2124	779	97	26	39.385460	᾿Αιλαφόγι
4	1	153	1	8	0	1873	814	318	28	-1	
5	1	153	1	8	1	1873	823	59	19	0.000000	αννης
5	1	153	1	8	2	1958	814	101	28	94.018845	Γεώργιος
5	1	153	1	8	3	2074	816	31	20	91.460098	τοῦ
5	1	153	1	8	4	2120	814	71	21	9.370804	᾿Αδαν.
2	1	154	0	0	0	1871	866	355	383	-1	
3	1	154	1	0	0	1871	866	352	64	-1	
4	1	154	1	1	0	1871	866	351	27	-1	
5	1	154	1	1	1	1871	882	29	3	0.000000	---
5	1	154	1	1	2	1911	867	120	23	3.687347	Απεδίωσου
5	1	154	1	1	3	2045	868	33	25	59.632118	τήν
5	1	154	1	1	4	2092	866	130	22	79.949959	21-12-1980
4	1	154	1	2	0	1872	901	351	29	-1	
5	1	154	1	2	1	1872	904	21	21	77.585907	σέ
5	1	154	1	2	2	1905	903	69	27	75.822311	ἡληκία
5	1	154	1	2	3	1990	903	26	22	42.303917	θὰ
5	1	154	1	2	4	2028	903	48	21	85.548508	ἐτῶν
5	1	154	1	2	5	2091	904	9	20	91.077003	ὁ
5	1	154	1	2	6	2111	901	112	27	87.155907	Τσίπουρας
3	1	154	2	0	0	1873	937	353	312	-1	
4	1	154	2	1	0	1873	937	310	27	-1	
5	1	154	2	1	1	1873	940	152	22	91.187256	Κωνσταντῖνος
5	1	154	2	1	2	2040	939	31	20	95.852592	τοῦ
5	1	154	2	1	3	2084	937	99	27	32.236961	Χρήστου.
4	1	154	2	2	0	1903	971	323	30	-1	
5	1	154	2	2	1	1903	974	99	27	84.592339	"Αριχισαν
5	1	154	2	2	2	2015	972	34	22	95.118431	ὑπό
5	1	154	2	2	3	2061	974	36	24	93.291451	τῆς
5	1	154	2	2	4	2111	971	94	28	84.918182	ἁρμοδίας
5	1	154	2	2	5	2217	972	9	20	91.042870	ἐ
4	1	154	2	3	0	1874	1007	352	30	-1	
5	1	154	2	3	1	1874	1011	97	26	81.560989	πιτροπῆς
5	1	154	2	3	2	1989	1007	169	27	71.339279	ἐξατομικεύσεως
5	1	154	2	3	3	2172	1009	54	24	47.521317	ζημι-
4	1	154	2	4	0	1874	1042	352	29	-1	
5	1	154	2	4	1	1874	1046	18	22	28.474098	ὤν
5	1	154	2	4	2	1915	1044	34	22	93.286743	πού
5	1	154	2	4	3	1960	1043	147	28	86.928558	καταρτίστηκε
5	1	154	2	4	4	2120	1042	22	27	82.304420	µέ
5	1	154	2	4	5	2155	1042	71	27	82.307472	ἀπόφα-
4	1	154	2	5	0	1874	1077	351	30	-1	
5	1	154	2	5	1	1874	1090	24	17	96.440636	ση
5	1	154	2	5	2	1914	1082	31	20	96.566315	τοῦ
5	1	154	2	5	3	1960	1089	19	13	89.528961	κ.
5	1	154	2	5	4	1993	1079	107	28	69.978180	Νομάρχω
5	1	154	2	5	5	2115	1077	110	25	72.735100	Λανωνίας
4	1	154	2	6	0	1875	1114	350	30	-1	
5	1	154	2	6	1	1875	1117	54	27	47.278042	ἀριδ.
5	1	154	2	6	2	1944	1114	181	29	0.000000	198)22-1-4981,
5	1	154	2	6	3	2140	1114	16	21	93.207184	οἱ
5	1	154	2	6	4	2175	1114	50	21	35.599632	ἑκτι-
4	1	154	2	7	0	1875	1148	350	31	-1	
5	1	154	2	7	1	1875	1149	68	30	26.564758	ἠήσεις
5	1	154	2	7	2	1959	1153	37	20	90.933563	τῶν
5	1	154	2	7	3	2012	1151	74	26	30.740242	ζημιῶν
5	1	154	2	7	4	2101	1149	35	22	92.985588	πού
5	1	154	2	7	5	2154	1148	71	27	87.855553	ὑπέστη
4	1	154	2	8	0	1873	1185	352	28	-1	
5	1	154	2	8	1	1873	1196	35	15	51.300907	σαν
5	1	154	2	8	2	1921	1187	24	22	93.290329	τά
5	1	154	2	8	3	1958	1186	127	27	67.905495	ἐλαιόδευδρα
5	1	154	2	8	4	2097	1186	95	27	88.425789	περιοχῆς
5	1	154	2	8	5	2206	1185	19	20	86.314667	ᾱ-
4	1	154	2	9	0	1929	1219	295	30	-1	
5	1	154	2	9	1	1929	1222	4	7	85.027069	ἐς
5	1	154	2	9	2	1961	1221	129	28	29.603592	ὑπερδολιπές
5	1	154	2	9	3	2120	1219	104	29	25.917511	χιονοπτό-
2	1	155	0	0	0	2138	583	22	12	-1	
3	1	155	1	0	0	2138	583	22	12	-1	
4	1	155	1	1	0	2138	583	22	12	-1	
5	1	155	1	1	1	2138	583	22	12	95.000000	 
2	1	156	0	0	0	2024	755	11	13	-1	
3	1	156	1	0	0	2024	755	11	13	-1	
4	1	156	1	1	0	2024	755	11	13	-1	
5	1	156	1	1	1	2024	755	11	13	95.000000	 
2	1	157	0	0	0	1873	1223	72	24	-1	
3	1	157	1	0	0	1873	1223	72	24	-1	
4	1	157	1	1	0	1890	1223	55	12	-1	
5	1	157	1	1	1	1890	1223	5	7	0.000000	ὁ
5	1	157	1	1	2	1937	1231	8	4	13.309280	ο
4	1	157	1	2	0	1873	1232	72	15	-1	
5	1	157	1	2	1	1873	1232	24	13	93.242844	πο
5	1	157	1	2	2	1916	1232	29	15	18.618942	τὺς
2	1	158	0	0	0	1874	1257	210	27	-1	
3	1	158	1	0	0	1874	1257	210	27	-1	
4	1	158	1	1	0	1874	1257	210	27	-1	
5	1	158	1	1	1	1874	1267	42	16	96.489342	σεις
5	1	158	1	1	2	1929	1260	36	24	93.283409	τῆς
5	1	158	1	1	3	1975	1257	109	22	46.644764	Ἰ-1-1981.
2	1	159	0	0	0	2181	1307	43	26	-1	
3	1	159	1	0	0	2181	1307	43	26	-1	
4	1	159	1	1	0	2181	1307	43	26	-1	
5	1	159	1	1	1	2181	1307	43	26	95.000000	 
2	1	160	0	0	0	1871	1309	354	221	-1	
3	1	160	1	0	0	1871	1309	354	207	-1	
4	1	160	1	1	0	1903	1309	278	29	-1	
5	1	160	1	1	1	1903	1312	26	20	80.586136	Ἡ
5	1	160	1	1	2	1941	1309	81	29	90.831551	ἐργασία
5	1	160	1	1	3	2032	1309	123	27	36.418633	ὀκτιμήσεως
5	1	160	1	1	4	2166	1310	15	19	88.269974	δι
4	1	160	1	2	0	1872	1344	352	51	-1	
5	1	160	1	2	1	1872	1356	57	39	0.000000	μμ
5	1	160	1	2	2	1941	1346	22	27	48.275913	μέ
5	1	160	1	2	3	1975	1344	147	27	5.722694	ἀντικειμειγηκά
5	1	160	1	2	4	2132	1344	92	27	48.595947	κριτήρια
4	1	160	1	3	0	1876	1378	348	30	-1	
5	1	160	1	3	1	1876	1382	31	22	55.612225	χαΐ
5	1	160	1	3	2	1925	1381	22	27	32.973694	μέ
5	1	160	1	3	3	1964	1382	34	25	96.611137	τήν
5	1	160	1	3	4	2015	1380	121	25	96.612305	διαπίστωση
5	1	160	1	3	5	2156	1379	27	21	95.147087	ὅτι
5	1	160	1	3	6	2201	1378	23	21	96.681778	τά
4	1	160	1	4	0	1872	1415	353	30	-1	
5	1	160	1	4	1	1872	1416	129	29	78.158936	περισσότερα
5	1	160	1	4	2	2015	1415	127	28	35.521484	ἐλαιόδεγδρα
5	1	160	1	4	3	2162	1422	63	14	79.391693	περιο-
4	1	160	1	5	0	1872	1449	351	31	-1	
5	1	160	1	5	1	1872	1455	39	25	89.268478	χῆς
5	1	160	1	5	2	1940	1451	125	27	43.220078	Ἰουότητας
5	1	160	1	5	3	2097	1449	126	28	63.615868	Ἱεριθολίων
4	1	160	1	6	0	1871	1485	352	45	-1	
5	1	160	1	6	1	1871	1488	55	42	92.638245	ἔχουν
5	1	160	1	6	2	1942	1488	77	20	88.816986	ὑποστεῖ
5	1	160	1	6	3	2033	1485	69	27	86.257484	ζημίαν
5	1	160	1	6	4	2120	1485	35	21	93.273567	πού
5	1	160	1	6	5	2168	1485	55	26	84.523361	ὑπερ-
2	1	161	0	0	0	1872	1520	171	28	-1	
3	1	161	1	0	0	1872	1520	171	28	-1	
4	1	161	1	1	0	1872	1520	171	28	-1	
5	1	161	1	1	1	1872	1523	62	22	6.742584	βαΐνει
5	1	161	1	1	2	1944	1522	21	23	65.478424	τὸ
5	1	161	1	1	3	1974	1520	69	28	21.990875	60ο)ο.
2	1	162	0	0	0	2142	1573	15	21	-1	
3	1	162	1	0	0	2142	1573	15	21	-1	
4	1	162	1	1	0	2142	1573	15	21	-1	
5	1	162	1	1	1	2142	1573	15	21	95.000000	  
2	1	163	0	0	0	2157	1574	66	51	-1	
3	1	163	1	0	0	2157	1574	66	51	-1	
4	1	163	1	1	0	2157	1574	66	23	-1	
5	1	163	1	1	1	2157	1581	10	16	47.926193	ς
5	1	163	1	1	2	2182	1574	41	23	0.000000	Ὄλνη
4	1	163	1	2	0	2189	1605	34	20	-1	
5	1	163	1	2	1	2189	1605	34	20	95.277107	ὑπό
2	1	164	0	0	0	1870	1576	355	267	-1	
3	1	164	1	0	0	1870	1576	355	267	-1	
4	1	164	1	1	0	1886	1576	266	26	-1	
5	1	164	1	1	1	1886	1576	112	26	76.963951	Ὑπάρχουν
5	1	164	1	1	2	2014	1584	22	12	0.000000	συ
5	1	164	1	1	3	2054	1583	33	17	0.000000	αρ
5	1	164	1	1	4	2099	1581	53	13	0.000000	ίμέὺς
4	1	164	1	2	0	1871	1608	289	28	-1	
5	1	164	1	2	1	1871	1608	91	28	21.504921	βοφορίες
5	1	164	1	2	2	1979	1608	28	20	95.868004	ὅτι
5	1	164	1	2	3	2022	1608	24	20	92.643112	θά
5	1	164	1	2	4	2058	1608	102	19	24.360626	διπεθοῦν'
4	1	164	1	3	0	1872	1641	349	28	-1	
5	1	164	1	3	1	1872	1645	32	20	96.145279	τοῦ
5	1	164	1	3	2	1918	1642	97	27	95.992981	Δημοσίου
5	1	164	1	3	3	2030	1641	83	27	90.353561	διάφορα
5	1	164	1	3	4	2127	1646	94	22	42.592068	χρηµίατι-
4	1	164	1	4	0	1870	1674	351	27	-1	
5	1	164	1	4	1	1870	1679	27	22	73.460091	χά
5	1	164	1	4	2	1907	1678	49	22	89.072845	ποσά
5	1	164	1	4	3	1965	1677	35	22	96.972771	ὑπό
5	1	164	1	4	4	2010	1677	56	23	62.867416	τύπου
5	1	164	1	4	5	2078	1675	77	24	0.000000	δαμείου
5	1	164	1	4	6	2168	1674	53	22	95.809364	ἀλλά
4	1	164	1	5	0	1872	1710	351	32	-1	
5	1	164	1	5	1	1872	1714	22	28	75.545654	μέ
5	1	164	1	5	2	1909	1713	97	25	81.886826	εὐνοϊχούς
5	1	164	1	5	3	2020	1713	63	27	2.546623	ὅρους,
5	1	164	1	5	4	2101	1711	36	22	96.334671	ἀπό
5	1	164	1	5	5	2151	1711	41	21	92.465576	100
5	1	164	1	5	6	2205	1710	18	21	0.000000	--
4	1	164	1	6	0	1872	1746	351	42	-1	
5	1	164	1	6	1	1872	1759	28	16	96.737335	ως
5	1	164	1	6	2	1914	1750	41	22	75.829193	150
5	1	164	1	6	3	1970	1748	87	29	53.128185	δραχμές
5	1	164	1	6	4	2071	1747	52	23	60.917675	κατά
5	1	164	1	6	5	2150	1746	73	42	12.753906	δά/δρο,
4	1	164	1	7	0	1877	1782	347	32	-1	
5	1	164	1	7	1	1877	1785	116	29	87.776184	(ἀναλόγως
5	1	164	1	7	2	2008	1786	36	25	91.780342	τῆς
5	1	164	1	7	3	2072	1782	94	28	2.521942	Ὀημίας),
5	1	164	1	7	4	2191	1790	33	18	45.621754	νά
4	1	164	1	8	0	2072	1826	153	17	-1	
5	1	164	1	8	1	2072	1818	153	25	21.492317	ἀποκατάσταση
2	1	165	0	0	0	1875	1822	166	26	-1	
3	1	165	1	0	0	1875	1822	166	26	-1	
4	1	165	1	1	0	1875	1822	166	26	-1	
5	1	165	1	1	1	1875	1822	35	26	68.514595	τήν
5	1	165	1	1	2	1944	1820	97	26	36.404205	σταδιοκή
2	1	166	0	0	0	1876	1857	130	26	-1	
3	1	166	1	0	0	1876	1857	130	26	-1	
4	1	166	1	1	0	1876	1857	130	26	-1	
5	1	166	1	1	1	1876	1859	37	20	93.275513	τῶν
5	1	166	1	1	2	1924	1857	82	26	0.000000	᾽πμμῶν,
2	1	167	0	0	0	1999	1865	1	3	-1	
3	1	167	1	0	0	1999	1865	1	3	-1	
4	1	167	1	1	0	1999	1865	1	3	-1	
5	1	167	1	1	1	1999	1865	1	3	95.000000	 
2	1	168	0	0	0	2073	1889	108	22	-1	
3	1	168	1	0	0	2073	1889	108	22	-1	
4	1	168	1	1	0	2073	1889	108	22	-1	
5	1	168	1	1	1	2073	1891	26	20	88.125816	Ν.
5	1	168	1	1	2	2115	1889	66	22	49.371361	Π.Ν.
2	1	169	0	0	0	1881	1948	344	7	-1	
3	1	169	1	0	0	1881	1948	344	7	-1	
4	1	169	1	1	0	1881	1948	344	7	-1	
5	1	169	1	1	1	1881	1948	344	7	95.000000	 
2	1	170	0	0	0	1959	1981	185	67	-1	
3	1	170	1	0	0	1959	1981	185	67	-1	
4	1	170	1	1	0	1959	1981	185	67	-1	
5	1	170	1	1	1	1959	1981	185	67	92.326225	ΛΛΕΥΡΟΥ
2	1	171	0	0	0	1871	2067	356	231	-1	
3	1	171	1	0	0	1875	2067	352	206	-1	
4	1	171	1	1	0	1904	2067	194	29	-1	
5	1	171	1	1	1	1904	2071	27	20	50.500355	Ἡ
5	1	171	1	1	2	1945	2070	102	26	63.418568	᾽Αλευροῦ,
5	1	171	1	1	3	2064	2067	34	22	94.890282	πού
4	1	171	1	2	0	1875	2103	223	30	-1	
5	1	171	1	2	1	1875	2105	111	28	16.830231	ὠραιότατο
5	1	171	1	2	2	2000	2103	98	28	11.149796	ἡμιορει)ό
4	1	171	1	3	0	1871	2136	355	51	-1	
5	1	171	1	3	1	1871	2136	82	51	72.904144	δέχεται
5	1	171	1	3	2	1981	2137	152	29	44.926651	ἐχσυγχρον:σμό
5	1	171	1	3	3	2146	2136	33	23	74.953354	καί
5	1	171	1	3	4	2195	2145	31	12	59.099014	του
4	1	171	1	4	0	1875	2171	351	33	-1	
5	1	171	1	4	1	1875	2176	77	28	16.017517	ριστωκή
5	1	171	1	4	2	1965	2175	106	25	67.970314	ἀνάπτνξη.
5	1	171	1	4	3	2086	2174	34	20	42.150803	"0
5	1	171	1	4	4	2160	2171	66	26	7.196953	πολλή
4	1	171	1	5	0	1877	2207	349	31	-1	
5	1	171	1	5	1	1877	2212	108	26	87.967056	βλάστηση.
5	1	171	1	5	2	2004	2209	71	29	72.110229	ἀρχεπό
5	1	171	1	5	3	2091	2208	44	28	70.809464	Ἱερό
5	1	171	1	5	4	2151	2207	75	26	31.055588	πόσιμο,
4	1	171	1	6	0	2022	2242	205	31	-1	
5	1	171	1	6	1	2022	2253	24	20	33.606003	ου
5	1	171	1	6	2	2058	2244	34	27	93.282471	γιά
5	1	171	1	6	3	2103	2244	90	25	29.036575	πύτισμα'
5	1	171	1	6	4	2207	2242	20	26	77.775581	ἤ-
3	1	171	2	0	0	2216	2284	11	14	-1	
4	1	171	2	1	0	2216	2284	11	14	-1	
5	1	171	2	1	1	2216	2284	11	14	53.780701	4
2	1	172	0	0	0	2116	2066	110	22	-1	
3	1	172	1	0	0	2116	2066	110	22	-1	
4	1	172	1	1	0	2116	2066	110	22	-1	
5	1	172	1	1	1	2116	2066	47	22	71.744476	εἶναι
5	1	172	1	1	2	2192	2066	34	21	73.838638	ἕνα
2	1	173	0	0	0	2112	2101	113	29	-1	
3	1	173	1	0	0	2112	2101	113	29	-1	
4	1	173	1	1	0	2112	2101	113	29	-1	
5	1	173	1	1	1	2112	2101	68	29	93.295517	χωριό,
5	1	173	1	1	2	2196	2102	29	20	91.446899	ἐπι
2	1	174	0	0	0	2130	2170	8	24	-1	
3	1	174	1	0	0	2130	2170	8	24	-1	
4	1	174	1	1	0	2130	2170	8	24	-1	
5	1	174	1	1	1	2130	2170	8	24	95.000000	  
2	1	175	0	0	0	2117	2182	11	18	-1	
3	1	175	1	0	0	2117	2182	11	18	-1	
4	1	175	1	1	0	2117	2182	11	18	-1	
5	1	175	1	1	1	2117	2182	11	18	95.000000	 
2	1	176	0	0	0	1999	2255	25	12	-1	
3	1	176	1	0	0	1999	2255	25	12	-1	
4	1	176	1	1	0	1999	2255	25	12	-1	
5	1	176	1	1	1	1999	2255	25	12	95.000000	  
2	1	177	0	0	0	1874	2246	125	28	-1	
3	1	177	1	0	0	1874	2246	125	28	-1	
4	1	177	1	1	0	1874	2246	125	28	-1	
5	1	177	1	1	1	1874	2247	33	22	73.210045	καὶ
5	1	177	1	1	2	1920	2246	79	28	88.750626	περισσό
2	1	178	0	0	0	2180	2279	36	19	-1	
3	1	178	1	0	0	2180	2279	36	19	-1	
4	1	178	1	1	0	2180	2279	36	19	-1	
5	1	178	1	1	1	2180	2279	36	19	95.000000	 
2	1	179	0	0	0	1865	2278	362	259	-1	
3	1	179	1	0	0	1874	2278	305	43	-1	
4	1	179	1	1	0	1874	2278	305	43	-1	
5	1	179	1	1	1	1874	2286	24	23	89.526474	δη
5	1	179	1	1	2	1919	2281	151	23	56.569572	καταβάλλεται
5	1	179	1	1	3	2103	2278	76	43	74.921410	προσπά
3	1	179	2	0	0	1875	2317	351	23	-1	
4	1	179	2	1	0	1875	2317	351	23	-1	
5	1	179	2	1	1	1875	2319	24	21	54.126183	νά
5	1	179	2	1	2	1914	2317	190	22	68.937698	πολλαπλασιασθεῖ
5	1	179	2	1	3	2119	2315	11	25	90.354576	ἡ
5	1	179	2	1	4	2146	2313	80	26	92.520821	ποσότη-
3	1	179	3	0	0	1875	2349	352	31	-1	
4	1	179	3	1	0	1875	2349	352	31	-1	
5	1	179	3	1	1	1875	2363	24	13	95.009232	τα
5	1	179	3	1	2	1913	2355	31	21	88.625427	τοῦ
5	1	179	3	1	3	1957	2354	62	26	32.946198	γεροῦ.
5	1	179	3	1	4	2032	2349	162	29	82.195358	ἐμπλουπιζόμευο
5	1	179	3	1	5	2208	2349	19	21	84.447899	ᾱ-
3	1	179	4	0	0	1874	2385	298	77	-1	
4	1	179	4	1	0	1874	2385	298	29	-1	
5	1	179	4	1	1	1874	2389	24	22	95.481369	πό
5	1	179	4	1	2	1911	2389	21	23	93.225555	τό
5	1	179	4	1	3	1948	2387	54	23	9.767624	2ουνό
5	1	179	4	1	4	2018	2389	36	25	93.278168	τῆς
5	1	179	4	1	5	2067	2385	105	25	90.305786	Λουσίνας.
4	1	179	4	2	0	1902	2442	37	20	-1	
5	1	179	4	2	1	1902	2442	37	20	62.253666	Γιά
3	1	179	5	0	0	1865	2475	138	42	-1	
4	1	179	5	1	0	1865	2475	138	42	-1	
5	1	179	5	1	1	1865	2477	38	34	0.000000	μη
5	1	179	5	1	2	1919	2475	56	42	0.000000	ἔρηαν
5	1	179	5	1	3	1991	2482	12	19	63.627560	χ
3	1	179	6	0	0	1865	2500	362	37	-1	
4	1	179	6	1	0	1865	2500	362	37	-1	
5	1	179	6	1	1	1865	2500	43	33	0.000000	Ὅαί
5	1	179	6	1	2	1922	2510	66	27	88.918419	ἀγάπη
5	1	179	6	1	3	2003	2509	51	21	89.719894	ὅλων
5	1	179	6	1	4	2071	2509	37	21	93.223694	τῶν
5	1	179	6	1	5	2121	2506	106	23	0.000000	πατούκω.
2	1	180	0	0	0	1950	2440	277	57	-1	
3	1	180	1	0	0	1950	2440	277	54	-1	
4	1	180	1	1	0	1950	2440	275	26	-1	
5	1	180	1	1	1	1950	2441	23	20	95.950485	νά
5	1	180	1	1	2	1984	2440	62	26	68.899277	γίνουν
5	1	180	1	1	3	2059	2440	63	25	87.106552	ὡραῖα
5	1	180	1	1	4	2132	2445	93	17	5.411232	κοιώφε-
4	1	180	1	2	0	2019	2471	208	26	-1	
5	1	180	1	2	1	2019	2473	85	24	38.552063	ειάζετα,
5	1	180	1	2	2	2133	2471	94	26	77.689125	σύμπνοια
2	1	181	0	0	0	2006	2482	31	19	-1	
3	1	181	1	0	0	2006	2482	31	19	-1	
4	1	181	1	1	0	2006	2482	31	19	-1	
5	1	181	1	1	1	2006	2482	31	19	95.000000	 
2	1	182	0	0	0	1322	2546	906	88	-1	
3	1	182	1	0	0	1322	2546	906	61	-1	
4	1	182	1	1	0	1322	2546	905	29	-1	
5	1	182	1	1	1	1322	2547	14	21	64.034920	ὰ
5	1	182	1	1	2	1349	2547	64	28	92.431778	χωριὰ
5	1	182	1	1	3	1430	2555	46	19	88.580322	µας,
5	1	182	1	1	4	1490	2546	125	28	8.329506	φυσιολογικό
5	1	182	1	1	5	1630	2546	48	22	95.307961	εἶναι
5	1	182	1	1	6	1692	2546	23	22	92.929314	νά
5	1	182	1	1	7	1732	2546	122	22	0.000000	παλύπτεται
5	1	182	1	1	8	1875	2547	25	21	36.175266	Οἱ
5	1	182	1	1	9	1913	2546	148	27	84.770813	συμπατριῶτες
5	1	182	1	1	10	2074	2544	73	27	91.918060	ἄσχετα
5	1	182	1	1	11	2158	2541	23	27	71.152184	μὲ
5	1	182	1	1	12	2193	2541	34	26	94.232071	τήν
4	1	182	1	2	0	1866	2578	362	56	-1	
5	1	182	1	2	1	1866	2581	104	53	23.700378	ες
5	1	182	1	2	2	1982	2588	44	35	0.807686	τε
5	1	182	1	2	3	2020	2578	161	50	32.859749	ο
5	1	182	1	2	4	2181	2577	11	26	0.000000	ἤ
5	1	182	1	2	5	2205	2576	23	27	56.750431	µε
2	1	183	0	0	0	1876	2611	83	29	-1	
3	1	183	1	0	0	1876	2611	83	29	-1	
4	1	183	1	1	0	1876	2611	83	29	-1	
5	1	183	1	1	1	1876	2611	83	29	95.000000	 
2	1	184	0	0	0	2042	2648	187	63	-1	
3	1	184	1	0	0	2042	2648	187	63	-1	
4	1	184	1	1	0	2178	2648	4	7	-1	
5	1	184	1	1	1	2178	2648	4	7	0.000000	͵
4	1	184	1	2	0	2159	2656	68	14	-1	
5	1	184	1	2	1	2159	2657	25	13	88.451416	τά
5	1	184	1	2	2	2197	2656	30	13	55.424099	κοι
4	1	184	1	3	0	2042	2685	187	26	-1	
5	1	184	1	3	1	2042	2685	21	23	60.813011	τό
5	1	184	1	3	2	2075	2685	52	22	39.127426	καλό
5	1	184	1	3	3	2143	2686	31	20	93.257797	τοῦ
5	1	184	1	3	4	2190	2691	39	20	91.916862	χω-
2	1	185	0	0	0	1914	2658	10	16	-1	
3	1	185	1	0	0	1914	2658	10	16	-1	
4	1	185	1	1	0	1914	2658	10	16	-1	
5	1	185	1	1	1	1914	2658	10	16	95.000000	 
2	1	186	0	0	0	1875	2686	154	28	-1	
3	1	186	1	0	0	1875	2686	154	28	-1	
4	1	186	1	1	0	1875	2686	154	28	-1	
5	1	186	1	1	1	1875	2689	25	21	86.939697	γὰ
5	1	186	1	1	2	1912	2690	57	24	64.565529	σημεῖ,
5	1	186	1	1	3	1972	2696	11	13	86.569389	α
5	1	186	1	1	4	1995	2686	34	28	78.542236	γιά
2	1	187	0	0	0	2056	2845	20	22	-1	
3	1	187	1	0	0	2056	2845	20	22	-1	
4	1	187	1	1	0	2056	2845	20	22	-1	
5	1	187	1	1	1	2056	2845	20	22	95.000000	 
2	1	188	0	0	0	1876	2733	352	142	-1	
3	1	188	1	0	0	1879	2733	48	19	-1	
4	1	188	1	1	0	1879	2733	48	19	-1	
5	1	188	1	1	1	1879	2726	48	26	49.185047	ριοῦ.
3	1	188	2	0	0	1887	2773	341	45	-1	
4	1	188	2	1	0	1907	2773	321	29	-1	
5	1	188	2	1	1	1907	2777	26	21	88.694580	Ἡ
5	1	188	2	1	2	1949	2776	96	26	31.471153	᾽Αλιευροῦ
5	1	188	2	1	3	2060	2774	48	22	94.447716	εἶναι
5	1	188	2	1	4	2123	2773	44	26	49.577522	δική
5	1	188	2	1	5	2182	2780	46	19	93.602882	µας,
4	1	188	2	2	0	1887	2807	309	11	-1	
5	1	188	2	2	1	1887	2812	62	6	31.894882	τοις
5	1	188	2	2	2	2188	2807	8	7	0.000000	.
3	1	188	3	0	0	1876	2808	351	29	-1	
4	1	188	3	1	0	1876	2808	351	29	-1	
5	1	188	3	1	1	1876	2816	49	19	73.991089	εἶναι
5	1	188	3	1	2	1941	2813	51	20	92.303993	ὅλων
5	1	188	3	1	3	2011	2818	45	19	83.892456	µας,
5	1	188	3	1	4	2089	2808	67	29	92.514244	πρέπει
5	1	188	3	1	5	2187	2809	40	20	86.267807	ὅλοι
3	1	188	4	0	0	2224	2842	4	7	-1	
4	1	188	4	1	0	2224	2842	4	7	-1	
5	1	188	4	1	1	2224	2842	4	7	33.961189	Ἱ
3	1	188	5	0	0	1877	2847	350	28	-1	
4	1	188	5	1	0	1877	2847	350	28	-1	
5	1	188	5	1	1	1877	2856	38	19	87.803772	µας
5	1	188	5	1	2	1929	2847	25	22	56.933105	υά
5	1	188	5	1	3	1969	2847	34	26	86.653206	τήν
5	1	188	5	1	4	2018	2853	126	20	53.273052	προσέχουμε,
5	1	188	5	1	5	2174	2851	53	19	29.040588	Υιατί
2	1	189	0	0	0	1912	2881	257	76	-1	
3	1	189	1	0	0	1912	2881	257	76	-1	
4	1	189	1	1	0	1941	2881	228	26	-1	
5	1	189	1	1	1	1941	2882	22	22	96.672310	τό
5	1	189	1	1	2	1976	2881	53	23	74.476044	κοινό
5	1	189	1	1	3	2043	2883	67	24	0.000000	Χτῆμα
5	1	189	1	1	4	2124	2887	45	19	93.912529	µας.
4	1	189	1	2	0	1912	2935	176	22	-1	
5	1	189	1	2	1	1912	2936	21	21	63.514515	6
5	1	189	1	2	2	1948	2935	140	22	82.991257	ΘΑΝΑΤΟΙ:
2	1	190	0	0	0	1880	2986	349	98	-1	
3	1	190	1	0	0	1880	2986	349	98	-1	
4	1	190	1	1	0	1907	2986	321	29	-1	
5	1	190	1	1	1	1907	2988	109	22	78.054718	ἸΑπεδίωσε
5	1	190	1	1	2	2031	2988	12	26	88.001053	ἡ
5	1	190	1	1	3	2055	2987	96	28	92.892960	Δήμητρα
5	1	190	1	1	4	2164	2986	64	21	46.181355	Ἰωάν.
4	1	190	1	2	0	1880	3021	349	30	-1	
5	1	190	1	2	1	1880	3023	158	28	36.452797	Παπιασταφίδα.
5	1	190	1	2	2	2052	3024	69	26	49.978142	Θερμιᾶ
5	1	190	1	2	3	2133	3021	96	23	88.776382	συλλυπού
4	1	190	1	3	0	1904	3059	234	25	-1	
5	1	190	1	3	1	1904	3062	28	19	0.000000	Φ)χ
5	1	190	1	3	2	1942	3059	44	25	71.725327	τούς
5	1	190	1	3	3	1998	3059	84	24	61.244411	οἰπείους
5	1	190	1	3	4	2095	3066	43	18	96.268944	της.
2	1	191	0	0	0	2089	3093	96	23	-1	
3	1	191	1	0	0	2089	3093	96	23	-1	
4	1	191	1	1	0	2089	3093	96	23	-1	
5	1	191	1	1	1	2089	3093	96	23	51.521378	Μ.Α.7.
2	1	192	0	0	0	1876	3070	42	21	-1	
3	1	192	1	0	0	1876	3070	42	21	-1	
4	1	192	1	1	0	1876	3070	42	21	-1	
5	1	192	1	1	1	1876	3070	42	21	95.000000	   
