level	page_num	block_num	par_num	line_num	word_num	left	top	width	height	conf	text
1	1	0	0	0	0	0	0	2337	3148	-1	
2	1	1	0	0	0	75	38	707	159	-1	
3	1	1	1	0	0	75	38	707	159	-1	
4	1	1	1	1	0	75	38	707	159	-1	
5	1	1	1	1	1	75	38	707	159	95.000000	 
2	1	2	0	0	0	70	202	706	175	-1	
3	1	2	1	0	0	70	202	706	172	-1	
4	1	2	1	1	0	82	202	694	44	-1	
5	1	2	1	1	1	82	202	27	44	34.406784	ο
5	1	2	1	1	2	134	202	141	22	0.000000	ΙΝΗαΜΙ
5	1	2	1	1	3	290	204	25	20	89.909195	Ἡ
5	1	2	1	1	4	332	204	80	27	90.666710	σύζυγος
5	1	2	1	1	5	426	207	32	19	93.266838	τοῦ
5	1	2	1	1	6	470	215	18	12	77.949265	χ.
5	1	2	1	1	7	502	206	50	26	69.037323	Δημ.
5	1	2	1	1	8	565	208	22	20	33.384445	Τ.
5	1	2	1	1	9	601	208	105	25	77.581146	Τσουμανᾶ
5	1	2	1	1	10	718	209	58	21	86.321396	ὑπαλ.
4	1	2	1	2	0	125	238	650	31	-1	
5	1	2	1	2	1	125	237	40	21	59.150337	είου
5	1	2	1	2	2	176	238	103	28	36.851902	Ἀπάρτης,
5	1	2	1	2	3	291	238	81	28	86.618034	γέννησε
5	1	2	1	2	4	382	240	125	28	67.370293	χαριτωμένο
5	1	2	1	2	5	516	242	102	27	86.900711	κοριτσάκι
5	1	2	1	2	6	629	242	42	26	88.595116	στίς
5	1	2	1	2	7	683	243	92	23	78.339081	13-1-81.
4	1	2	1	3	0	96	273	410	29	-1	
5	1	2	1	3	1	96	286	30	1	26.973038	---
5	1	2	1	3	2	141	273	28	21	95.917610	Τό
5	1	2	1	3	3	182	275	69	25	16.689941	ζεύγος
5	1	2	1	3	4	266	274	62	22	81.862663	Ἠλία
5	1	2	1	3	5	341	275	26	21	90.739395	Ν.
5	1	2	1	3	6	381	276	67	26	20.949013	Κωψιᾶ
5	1	2	1	3	7	460	277	46	25	82.643730	στήν
4	1	2	1	4	0	70	308	221	28	-1	
5	1	2	1	4	1	70	308	94	26	60.488571	βιτωµένο
5	1	2	1	4	2	181	309	110	27	0.000000	χοριτσὰν,.
4	1	2	1	5	0	97	343	677	34	-1	
5	1	2	1	5	1	97	357	27	1	48.496075	---
5	1	2	1	5	2	137	343	50	22	89.664963	Τό
5	1	2	1	5	3	180	347	68	24	91.814461	ζεῦγος
5	1	2	1	5	4	262	345	64	22	92.230553	Ἰωάν.
5	1	2	1	5	5	341	347	25	21	85.633003	Η.
5	1	2	1	5	6	380	347	110	26	0.000000	Καλαυτζῇ
5	1	2	1	5	7	503	349	33	21	96.290810	στό
5	1	2	1	5	8	550	348	108	28	0.000000	Μάτρεαλ.
5	1	2	1	5	9	675	349	99	28	29.102158	ἀπέρυτησε
2	1	3	0	0	0	263	226	9	5	-1	
3	1	3	1	0	0	263	226	9	5	-1	
4	1	3	1	1	0	263	226	9	5	-1	
5	1	3	1	1	1	263	226	9	5	95.000000	 
2	1	4	0	0	0	69	233	70	25	-1	
3	1	4	1	0	0	69	233	70	25	-1	
4	1	4	1	1	0	69	233	70	25	-1	
5	1	4	1	1	1	69	233	70	25	95.000000	 
2	1	5	0	0	0	537	278	239	28	-1	
3	1	5	1	0	0	537	278	239	28	-1	
4	1	5	1	1	0	537	278	239	28	-1	
5	1	5	1	1	1	537	278	76	25	81.214951	᾿Αθήνα
5	1	5	1	1	2	627	278	97	27	33.633736	ἀπέκτησε
5	1	5	1	1	3	742	288	34	18	87.559006	χα-
2	1	6	0	0	0	66	382	105	28	-1	
3	1	6	1	0	0	66	382	105	28	-1	
4	1	6	1	1	0	66	382	105	28	-1	
5	1	6	1	1	1	66	382	105	28	95.000000	 
2	1	7	0	0	0	95	415	391	30	-1	
3	1	7	1	0	0	95	415	391	30	-1	
4	1	7	1	1	0	95	415	391	30	-1	
5	1	7	1	1	1	91	411	35	38	34.268623	---
5	1	7	1	1	2	138	415	52	26	0.457001	Σπήν
5	1	7	1	1	3	204	416	133	26	13.862885	᾿Ανήνα
5	1	7	1	1	4	290	411	14	38	88.729904	ὁ
5	1	7	1	1	5	315	411	27	38	30.221886	Ἰ.
5	1	7	1	1	6	353	418	31	21	76.411880	Π.
5	1	7	1	1	7	396	418	90	27	41.751945	Μοσχοξί
2	1	8	0	0	0	482	419	292	29	-1	
3	1	8	1	0	0	482	419	292	29	-1	
4	1	8	1	1	0	482	419	292	29	-1	
5	1	8	1	1	1	482	427	44	18	30.184425	ἵπης
5	1	8	1	1	2	540	419	98	27	13.523743	ἀπόκιτησε
5	1	8	1	1	3	651	421	123	27	63.497971	χαριτωμένο
2	1	9	0	0	0	333	478	26	31	-1	
3	1	9	1	0	0	333	478	26	31	-1	
4	1	9	1	1	0	333	478	26	11	-1	
5	1	9	1	1	1	333	478	26	11	95.000000	  
4	1	9	1	2	0	333	489	4	20	-1	
5	1	9	1	2	1	333	489	4	20	95.000000	 
2	1	10	0	0	0	97	459	677	94	-1	
3	1	10	1	0	0	97	459	677	94	-1	
4	1	10	1	1	0	99	459	459	57	-1	
5	1	10	1	1	1	99	464	25	42	82.174637	Ἡ
5	1	10	1	1	2	134	459	107	55	0.000000	να
5	1	10	1	1	3	252	495	38	18	89.415550	µιας
5	1	10	1	1	4	301	488	77	27	92.610542	εὔχεται
5	1	10	1	1	5	388	489	24	21	94.612762	νά
5	1	10	1	1	6	422	489	44	25	93.204247	τούς
5	1	10	1	1	7	484	498	74	18	0.000000	Ὀήσουν.
4	1	10	1	2	0	97	521	677	32	-1	
5	1	10	1	2	1	97	521	186	23	52.784531	ΑΡΡΑΒΩΝΗΣ:
5	1	10	1	2	2	303	523	11	21	53.000992	Ὁ
5	1	10	1	2	3	330	533	18	12	90.249611	κ.
5	1	10	1	2	4	384	533	16	13	83.262329	Χρ.
5	1	10	1	2	5	412	525	22	21	90.227081	Δ.
5	1	10	1	2	6	446	525	117	28	81.799591	Ἠσάγκρας,
5	1	10	1	2	7	574	527	141	26	93.280403	προϊστάμενος
5	1	10	1	2	8	728	529	46	20	21.576889	Ἠλ-
2	1	11	0	0	0	69	556	702	34	-1	
3	1	11	1	0	0	69	556	702	34	-1	
4	1	11	1	1	0	69	556	702	34	-1	
5	1	11	1	1	1	69	556	35	21	78.136063	ΤΑ
5	1	11	1	1	2	119	556	32	21	89.154243	καὶ
5	1	11	1	1	3	168	557	11	26	88.710625	ἡ
5	1	11	1	1	4	194	559	16	20	64.399361	δ.
5	1	11	1	1	5	225	557	66	23	91.744545	Ντίνα
5	1	11	1	1	6	306	558	130	29	39.357201	Ἰαρόγιαυνη,
5	1	11	1	1	7	455	560	74	22	92.582420	ἔδωσαν
5	1	11	1	1	8	546	562	102	26	62.686722	ἀμοιδαίαν
5	1	11	1	1	9	671	563	100	27	77.309898	ὑπόσχεσιν
2	1	12	0	0	0	358	521	315	34	-1	
3	1	12	1	0	0	358	521	315	34	-1	
4	1	12	1	1	0	358	521	315	34	-1	
5	1	12	1	1	1	358	521	48	34	95.000000	 
5	1	12	1	1	2	671	544	2	9	95.000000	 
2	1	13	0	0	0	61	591	715	264	-1	
3	1	13	1	0	0	68	591	446	32	-1	
4	1	13	1	1	0	68	591	446	32	-1	
5	1	13	1	1	1	68	591	67	26	74.474007	Ὑάμου.
5	1	13	1	1	2	145	594	154	26	45.591225	Συγραρητήρια
5	1	13	1	1	3	309	594	33	21	37.303352	καί
5	1	13	1	1	4	354	595	83	27	72.437912	σύντομη
5	1	13	1	1	5	446	596	68	27	92.261520	στέψη.
3	1	13	2	0	0	65	628	709	119	-1	
4	1	13	2	1	0	93	628	679	33	-1	
5	1	13	2	1	1	93	639	29	3	40.522972	---
5	1	13	2	1	2	133	628	26	20	69.607613	Ἡ
5	1	13	2	1	3	171	628	87	27	21.705414	ἐκλοκτή
5	1	13	2	1	4	271	629	33	21	87.076141	καί
5	1	13	2	1	5	316	630	115	27	39.245449	ὡραιοτάτη
5	1	13	2	1	6	441	632	171	27	45.144135	συμπατριώτισσὰ
5	1	13	2	1	7	626	642	38	17	93.563858	µας
5	1	13	2	1	8	675	634	97	27	78.834259	Χριστίνα
4	1	13	2	2	0	61	658	715	40	-1	
5	1	13	2	2	1	61	658	19	31	19.159935	ών
5	1	13	2	2	2	85	678	4	4	22.413467	ο
5	1	13	2	2	3	101	663	149	34	0.000000	Ὀιου)απούλου,
5	1	13	2	2	4	263	665	113	23	45.644424	Πολιτικός
5	1	13	2	2	5	393	666	127	26	0.000000	ΝΓησονικός,
5	1	13	2	2	6	534	668	176	25	9.766991	ἀρραξωνιάστηκε
5	1	13	2	2	7	724	666	52	32	82.589935	μετὰ,
4	1	13	2	3	0	72	681	702	44	-1	
5	1	13	2	3	1	72	692	31	16	91.603165	τοῦ
5	1	13	2	3	2	117	691	69	23	91.891914	ἐπίσης
5	1	13	2	3	3	199	681	101	31	15.076363	λα.
5	1	13	2	3	4	312	694	120	23	10.754974	Ἀ]ηλανικοῦ
5	1	13	2	3	5	446	704	17	11	78.767792	κ.
5	1	13	2	3	6	477	698	103	23	11.106110	Διαμομτῃ
5	1	13	2	3	7	596	699	114	24	50.826130	Βασιλάκη.
5	1	13	2	3	8	725	702	49	23	39.887218	6ερ-
4	1	13	2	4	0	73	723	390	29	-1	
5	1	13	2	4	1	73	720	99	27	0.000000	μασνηχαρ
5	1	13	2	4	2	178	723	66	25	46.589169	ητήρια
5	1	13	2	4	3	259	723	33	21	47.745972	«ιαί
5	1	13	2	4	4	304	724	84	27	75.521057	σύντομη
5	1	13	2	4	5	394	726	69	27	76.458450	στέψη.
3	1	13	3	0	0	64	755	705	74	-1	
4	1	13	3	1	0	92	755	582	34	-1	
5	1	13	3	1	1	92	767	29	3	53.709137	---
5	1	13	3	1	2	133	755	23	21	80.291847	Ὁ
5	1	13	3	1	3	169	756	90	28	35.553581	Σταδρος
5	1	13	3	1	4	271	758	26	22	75.476654	Ἱκ.
5	1	13	3	1	5	310	760	113	27	12.378502	ΤΓιαπρὰλος
5	1	13	3	1	6	437	761	60	23	92.508408	ἔδωσε
5	1	13	3	1	7	511	763	101	26	51.076359	ἀμοιξαίαν
5	1	13	3	1	8	629	765	45	22	89.004715	ὑπόσ
4	1	13	3	2	0	64	791	705	38	-1	
5	1	13	3	2	1	64	798	34	17	84.482407	µου
5	1	13	3	2	2	114	791	22	25	58.121597	μέ
5	1	13	3	2	3	150	792	33	25	92.880211	τήν
5	1	13	3	2	4	201	792	113	29	92.317833	ὡραιοτάτη
5	1	13	3	2	5	328	796	15	21	65.663208	ὃ.
5	1	13	3	2	6	359	796	66	21	92.360252	Ντίνα
5	1	13	3	2	7	437	797	158	27	50.677032	Μιχαλοπούλου
5	1	13	3	2	8	607	801	30	21	57.302021	ἐκ
5	1	13	3	2	9	647	802	15	20	30.575562	Π
5	1	13	3	2	10	691	816	6	6	0.000000	ε0
5	1	13	3	2	11	706	802	63	27	75.390533	λάνης.
3	1	13	4	0	0	91	827	177	28	-1	
4	1	13	4	1	0	91	827	177	28	-1	
5	1	13	4	1	1	91	827	66	21	37.484421	ο
5	1	13	4	1	2	173	828	95	27	93.996201	Ἰωάννης
2	1	14	0	0	0	675	767	96	28	-1	
3	1	14	1	0	0	675	767	96	28	-1	
4	1	14	1	1	0	675	767	96	28	-1	
5	1	14	1	1	1	675	767	96	28	95.000000	  
2	1	15	0	0	0	61	830	709	235	-1	
3	1	15	1	0	0	284	830	484	33	-1	
4	1	15	1	1	0	284	830	484	33	-1	
5	1	15	1	1	1	284	830	79	23	0.000000	᾿Αιλαστ,
5	1	15	1	1	2	379	832	156	27	19.111588	Σκρουμπάλλος
5	1	15	1	1	3	551	835	33	21	92.393349	καί
5	1	15	1	1	4	599	836	11	25	81.278427	ἡ
5	1	15	1	1	5	627	836	23	23	76.547562	ἐκ
5	1	15	1	1	6	667	837	101	26	82.449471	Κοτίτσας
3	1	15	2	0	0	64	861	706	62	-1	
4	1	15	2	1	0	97	861	673	36	-1	
5	1	15	2	1	1	97	861	108	28	16.317711	Αφροδίτη
5	1	15	2	1	2	216	864	25	22	38.966465	Β.
5	1	15	2	1	3	263	865	14	20	47.249168	Π
5	1	15	2	1	4	290	868	236	25	47.249168	απαγεωργακαπούλου
5	1	15	2	1	5	527	869	68	22	55.917679	ἔδωσαν
5	1	15	2	1	6	611	872	102	25	23.008308	ἀμριθαίαν
5	1	15	2	1	7	728	873	42	21	92.754433	ὑπό-
4	1	15	2	2	0	64	897	148	27	-1	
5	1	15	2	2	1	64	903	63	20	63.489174	σχέσιν
5	1	15	2	2	2	144	897	68	27	50.171757	γάμου.
3	1	15	3	0	0	61	932	708	133	-1	
4	1	15	3	1	0	91	932	608	35	-1	
5	1	15	3	1	1	91	932	99	22	83.527786	ΡΑΜΟΙ:
5	1	15	3	1	2	203	934	42	26	75.968719	Στή
5	1	15	3	1	3	257	935	125	28	75.797043	ΝΓητρόπολη
5	1	15	3	1	4	395	940	36	24	96.835907	τῆς
5	1	15	3	1	5	443	939	95	28	0.000000	Χπάρτης
5	1	15	3	1	6	552	941	42	25	87.220093	στίς
5	1	15	3	1	7	608	942	91	23	27.257713	15-2-81.
4	1	15	3	2	0	61	967	708	36	-1	
5	1	15	3	2	1	61	967	76	26	17.483513	σὔηκαν
5	1	15	3	2	2	149	969	16	21	93.939056	οἱ
5	1	15	3	2	3	183	969	57	26	77.430344	γάμοι
5	1	15	3	2	4	255	973	36	23	93.285873	τῆς
5	1	15	3	2	5	303	973	139	27	79.300659	χαριτωµένης
5	1	15	3	2	6	454	975	223	28	37.794777	Τεωρηιτσιαναπούλας
5	1	15	3	2	7	688	979	81	22	47.397209	Λέσποι-
4	1	15	3	3	0	61	1003	706	39	-1	
5	1	15	3	3	1	61	1008	35	19	62.212910	ψας
5	1	15	3	3	2	110	1003	42	22	55.679008	᾿Αβ.
5	1	15	3	3	3	169	1005	134	25	26.881775	Πανταζέλου
5	1	15	3	3	4	342	1008	24	20	80.508820	μετὰ
5	1	15	3	3	5	379	1011	32	19	96.910896	τοῦ
5	1	15	3	3	6	425	1018	18	13	94.478584	κ.
5	1	15	3	3	7	457	1010	63	22	0.000000	Νίκου
5	1	15	3	3	8	537	1012	98	28	39.690128	Μασούραι
5	1	15	3	3	9	647	1014	120	28	67.190804	ἠλεκπρολό-
4	1	15	3	4	0	302	1043	46	22	-1	
5	1	15	3	4	1	302	1043	46	22	50.648903	Σ6,
2	1	16	0	0	0	60	1073	280	32	-1	
3	1	16	1	0	0	60	1073	280	32	-1	
4	1	16	1	1	0	60	1073	280	32	-1	
5	1	16	1	1	1	60	1073	95	28	90.917816	συνεχάρη
5	1	16	1	1	2	168	1076	44	24	96.939568	τούς
5	1	16	1	1	3	224	1085	19	12	95.786423	νε
5	1	16	1	1	4	237	1077	103	28	49.969791	εονύµφους
2	1	17	0	0	0	714	944	55	22	-1	
3	1	17	1	0	0	714	944	55	22	-1	
4	1	17	1	1	0	714	944	55	22	-1	
5	1	17	1	1	1	714	944	55	22	26.386955	τθλέ-
2	1	18	0	0	0	311	1007	371	26	-1	
3	1	18	1	0	0	311	1007	371	26	-1	
4	1	18	1	1	0	311	1007	371	26	-1	
5	1	18	1	1	1	311	1007	29	26	95.000000	 
5	1	18	1	1	2	676	1018	6	8	95.000000	 
2	1	19	0	0	0	61	1039	706	74	-1	
3	1	19	1	0	0	61	1039	706	74	-1	
4	1	19	1	1	0	61	1039	706	38	-1	
5	1	19	1	1	1	61	1046	39	18	40.747078	γου.
5	1	19	1	1	2	117	1039	141	28	52.353592	Κοροστάτησε
5	1	19	1	1	3	274	1043	8	21	90.686783	ὁ
5	1	19	1	1	4	364	1044	159	29	60.677765	Μητροπολίτης
5	1	19	1	1	5	540	1056	18	13	85.091820	κ.
5	1	19	1	1	6	574	1049	117	28	0.000000	Ἡὐστάθιος,
5	1	19	1	1	7	722	1050	45	23	58.485355	ἅπου
4	1	19	1	2	0	399	1080	368	33	-1	
5	1	19	1	2	1	399	1080	31	21	93.295303	διὰ
5	1	19	1	2	2	444	1084	74	23	70.471466	μεστῶν
5	1	19	1	2	3	531	1083	73	28	95.688446	λόγων,
5	1	19	1	2	4	621	1084	43	25	72.199760	τούς
5	1	19	1	2	5	677	1086	90	27	76.410423	συνέστη-
2	1	20	0	0	0	687	1122	78	21	-1	
3	1	20	1	0	0	687	1122	78	21	-1	
4	1	20	1	1	0	687	1122	78	21	-1	
5	1	20	1	1	1	687	1122	78	21	26.823700	᾿Επίο-
2	1	21	0	0	0	353	1079	54	21	-1	
3	1	21	1	0	0	353	1079	54	21	-1	
4	1	21	1	1	0	353	1079	54	21	-1	
5	1	21	1	1	1	353	1079	54	21	0.000000	πα
5	1	21	1	1	2	395	1075	16	35	68.373718	ὃ
2	1	22	0	0	0	61	1112	414	29	-1	
3	1	22	1	0	0	61	1112	414	29	-1	
4	1	22	1	1	0	61	1112	414	29	-1	
5	1	22	1	1	1	61	1117	20	13	79.182129	σο
5	1	22	1	1	2	95	1109	25	21	80.755356	νὰ
5	1	22	1	1	3	136	1112	128	26	93.094933	διατηρήσουν
5	1	22	1	1	4	281	1114	49	27	89.829346	γερὰ
5	1	22	1	1	5	350	1115	24	21	93.292854	τὰ
5	1	22	1	1	6	389	1116	86	21	49.120106	δεμέλια
2	1	23	0	0	0	489	1120	39	22	-1	
3	1	23	1	0	0	489	1120	39	22	-1	
4	1	23	1	1	0	489	1120	39	22	-1	
5	1	23	1	1	1	489	1120	39	22	95.000000	 
2	1	24	0	0	0	540	1127	129	18	-1	
3	1	24	1	0	0	540	1127	129	18	-1	
4	1	24	1	1	0	540	1127	129	18	-1	
5	1	24	1	1	1	540	1127	61	18	26.384766	Ὑαμιου
5	1	24	1	1	2	618	1127	51	18	81.752502	τους,
2	1	25	0	0	0	646	1152	36	15	-1	
3	1	25	1	0	0	646	1152	36	15	-1	
4	1	25	1	1	0	646	1152	36	15	-1	
5	1	25	1	1	1	646	1152	36	15	95.000000	 
2	1	26	0	0	0	730	1158	34	21	-1	
3	1	26	1	0	0	730	1158	34	21	-1	
4	1	26	1	1	0	730	1158	34	21	-1	
5	1	26	1	1	1	730	1158	34	21	96.641586	στό
2	1	27	0	0	0	60	1144	703	76	-1	
3	1	27	1	0	0	60	1144	703	76	-1	
4	1	27	1	1	0	60	1144	603	37	-1	
5	1	27	1	1	1	60	1144	85	27	14.620316	λούθησε
5	1	27	1	1	2	160	1147	167	27	0.000000	Γεωρηιησιάληκο
5	1	27	1	1	3	343	1150	50	26	72.155769	γλέν.
5	1	27	1	1	4	662	1178	1	3	0.000000	ἳ
4	1	27	1	2	0	275	1184	488	36	-1	
5	1	27	1	2	1	275	1184	4	5	41.624107	ὂ
5	1	27	1	2	2	620	1192	48	21	73.122131	Ἠλ.
5	1	27	1	2	3	682	1193	81	27	26.287094	Ζιάδρα,
2	1	28	0	0	0	233	1161	199	54	-1	
3	1	28	1	0	0	233	1161	199	54	-1	
4	1	28	1	1	0	393	1161	39	28	-1	
5	1	28	1	1	1	393	1161	39	28	95.000000	  
4	1	28	1	2	0	233	1189	187	26	-1	
5	1	28	1	2	1	233	1189	187	26	95.000000	 
2	1	29	0	0	0	58	1179	304	102	-1	
3	1	29	1	0	0	58	1179	304	102	-1	
4	1	29	1	1	0	59	1179	160	30	-1	
5	1	29	1	1	1	59	1179	67	28	14.537880	κέντρο
5	1	29	1	1	2	140	1182	79	27	65.256302	Ῥάρινα,
4	1	29	1	2	0	58	1215	203	26	-1	
5	1	29	1	2	1	58	1215	33	21	11.304306	πα
5	1	29	1	2	2	108	1217	20	21	47.209557	Τ,
5	1	29	1	2	3	146	1217	115	24	30.290924	Μπιστόλνα.
4	1	29	1	3	0	84	1252	278	29	-1	
5	1	29	1	3	1	84	1264	28	2	4.104248	-
5	1	29	1	3	2	123	1252	41	26	51.449059	Ῥήν
5	1	29	1	3	3	180	1253	24	27	37.674126	{η
5	1	29	1	3	4	217	1254	90	27	51.173191	Μαρτίου
5	1	29	1	3	5	318	1256	44	21	78.158051	στό)
2	1	30	0	0	0	420	1189	185	29	-1	
3	1	30	1	0	0	420	1189	185	29	-1	
4	1	30	1	1	0	420	1189	185	29	-1	
5	1	30	1	1	1	420	1195	10	16	88.334557	ς
5	1	30	1	1	2	446	1196	44	16	91.563835	τούς
5	1	30	1	1	3	504	1189	21	22	11.835899	Τ..
5	1	30	1	1	4	540	1190	65	28	41.038391	Βύνιο,
2	1	31	0	0	0	57	1257	706	68	-1	
3	1	31	1	0	0	57	1257	706	68	-1	
4	1	31	1	1	0	376	1257	386	33	-1	
5	1	31	1	1	1	376	1257	49	27	52.623604	Αγ.
5	1	31	1	1	2	438	1259	83	27	91.593445	Ἰωάννη
5	1	31	1	1	3	532	1260	96	28	93.283310	Σπάρτης
5	1	31	1	1	4	641	1263	121	27	12.619415	τελέσθηκαν
4	1	31	1	2	0	69	1286	570	18	-1	
5	1	31	1	2	1	69	1286	39	7	25.201904	ον
5	1	31	1	2	2	179	1290	24	3	7.517609	ο.
5	1	31	1	2	3	499	1295	3	5	0.000000	.
5	1	31	1	2	4	573	1296	66	8	3.629776	πμ
4	1	31	1	3	0	57	1290	706	35	-1	
5	1	31	1	3	1	57	1294	15	13	91.396553	οἱ
5	1	31	1	3	2	85	1295	57	18	4.829376	Ὑάμιοι
5	1	31	1	3	3	156	1297	31	12	92.657074	τοῦ
5	1	31	1	3	4	207	1290	121	22	37.542309	᾿Αιαστασίου
5	1	31	1	3	5	342	1293	20	21	18.894943	Τ,
5	1	31	1	3	6	388	1294	159	29	31.770370	Γεωργοπούλου,
5	1	31	1	3	7	561	1305	38	13	92.308960	υἱοῦ
5	1	31	1	3	8	616	1305	24	14	22.271797	τ{
5	1	31	1	3	9	657	1299	106	26	0.000000	Διοιητοῦ
2	1	32	0	0	0	59	1322	703	50	-1	
3	1	32	1	0	0	59	1322	703	50	-1	
4	1	32	1	1	0	59	1322	703	50	-1	
5	1	32	1	1	1	59	1322	149	26	56.643394	Πυροσθστικοῦ
5	1	32	1	1	2	224	1325	98	26	75.851219	Σώματος
5	1	32	1	1	3	345	1328	50	44	21.168762	μα
5	1	32	1	1	4	416	1331	36	24	93.266991	τῆς
5	1	32	1	1	5	465	1332	15	19	73.196442	ὃ.
5	1	32	1	1	6	494	1331	75	26	9.702744	Σοφίας
5	1	32	1	1	7	582	1333	131	26	19.999886	ΠΓερουλάκου.
5	1	32	1	1	8	730	1336	32	20	95.598717	Τά
2	1	33	0	0	0	56	1356	692	59	-1	
3	1	33	1	0	0	56	1356	692	59	-1	
4	1	33	1	1	0	56	1356	692	59	-1	
5	1	33	1	1	1	56	1356	85	28	73.232803	στέφανα
5	1	33	1	1	2	158	1359	114	26	56.870060	ἀλτήλλαξε
5	1	33	1	1	3	287	1370	8	13	92.839767	ὁ
5	1	33	1	1	4	312	1371	18	13	90.504852	κ.
5	1	33	1	1	5	344	1363	53	22	74.245674	Διον.
5	1	33	1	1	6	412	1364	23	41	53.956444	Α.
5	1	33	1	1	7	449	1365	103	26	61.968689	Δημάχος.
5	1	33	1	1	8	566	1367	69	28	29.339722	θερμὰ
5	1	33	1	1	9	631	1369	117	46	0.000000	παμαο
2	1	34	0	0	0	51	1393	709	384	-1	
3	1	34	1	0	0	51	1393	708	384	-1	
4	1	34	1	1	0	56	1393	299	31	-1	
5	1	34	1	1	1	56	1401	21	17	92.090324	µε
5	1	34	1	1	2	92	1393	20	21	70.077988	τὸ
5	1	34	1	1	3	129	1394	108	22	34.435928	ἐχλεκτό
5	1	34	1	1	4	229	1397	78	27	96.150215	ζευγάρι
5	1	34	1	1	5	322	1398	33	21	93.223961	καί
4	1	34	1	2	0	81	1429	190	25	-1	
5	1	34	1	2	1	81	1441	29	2	50.438873	---
5	1	34	1	2	2	124	1429	50	25	44.274715	Στίς
5	1	34	1	2	3	188	1430	11	21	13.497017	9
5	1	34	1	2	4	204	1431	67	22	13.497017	1-2-81
4	1	34	1	3	0	54	1465	706	38	-1	
5	1	34	1	3	1	54	1463	22	25	16.125145	μά
5	1	34	1	3	2	91	1465	79	26	19.368576	μεγάλη
5	1	34	1	3	3	187	1468	159	26	56.687172	µεγαλοπρόπεια
5	1	34	1	3	4	361	1470	15	20	96.993233	οἱ
5	1	34	1	3	5	391	1470	58	26	61.854740	γάμοι
5	1	34	1	3	6	464	1474	31	19	93.305222	τοῦ
5	1	34	1	3	7	510	1473	24	21	34.750595	ἐχι
5	1	34	1	3	8	550	1474	96	27	82.137489	Ἡπάρτης
5	1	34	1	3	9	661	1475	65	28	27.305161	ἑατροῦ
5	1	34	1	3	10	741	1486	19	12	23.658043	κ.
4	1	34	1	4	0	68	1501	691	54	-1	
5	1	34	1	4	1	68	1507	61	19	0.000000	Ἑωργ.
5	1	34	1	4	2	144	1501	28	22	77.389175	Ν.
5	1	34	1	4	3	188	1501	142	30	33.336441	Μονεμβασίτη
5	1	34	1	4	4	389	1505	3	6	11.751068	Ἴ
5	1	34	1	4	5	460	1508	120	47	24.018852	ο.
5	1	34	1	4	6	594	1510	99	22	0.000000	ΒΟΑΡΗ
5	1	34	1	4	7	713	1512	46	21	54.328323	61,
4	1	34	1	5	0	55	1534	704	37	-1	
5	1	34	1	5	1	55	1534	74	21	42.600494	ΒΡΒ,
5	1	34	1	5	2	124	1544	23	12	11.249405	ἐν
5	1	34	1	5	3	161	1537	100	24	2.129974	Παλλας.
5	1	34	1	5	4	278	1539	20	20	47.215088	'Ἡ
5	1	34	1	5	5	315	1547	40	17	59.546207	ἐφη
5	1	34	1	5	6	539	1544	101	26	36.779041	συγχαίρει
5	1	34	1	5	7	652	1546	65	25	0.000000	Άερμά
5	1	34	1	5	8	726	1547	33	20	25.189774	καί
4	1	34	1	6	0	54	1573	235	25	-1	
5	1	34	1	6	1	54	1567	43	25	91.158585	τούς
5	1	34	1	6	2	108	1569	77	27	17.843292	εὔχειτα,
5	1	34	1	6	3	196	1571	40	26	92.674805	ζωή
5	1	34	1	6	4	247	1580	42	18	85.557564	τρισ
4	1	34	1	7	0	81	1604	676	43	-1	
5	1	34	1	7	1	81	1604	139	23	80.077393	ΘΑΝΑΤΟΙ:
5	1	34	1	7	2	238	1607	71	22	89.969193	Πέθανε
5	1	34	1	7	3	334	1609	46	26	92.288345	στήν
5	1	34	1	7	4	395	1610	75	26	88.144348	᾿Αθίνα
5	1	34	1	7	5	487	1612	42	24	57.575684	στίς
5	1	34	1	7	6	546	1613	80	21	76.560745	163981
5	1	34	1	7	7	645	1616	8	20	80.987305	ὁ
5	1	34	1	7	8	674	1612	83	35	0.000000	ἹΠαναγ.
4	1	34	1	8	0	52	1639	472	33	-1	
5	1	34	1	8	1	52	1639	32	22	42.801472	Ἡ.
5	1	34	1	8	2	98	1640	95	28	50.803566	Βαρσιᾶς,
5	1	34	1	8	3	205	1643	9	21	93.172783	ὁ
5	1	34	1	8	4	227	1642	74	23	71.271782	ἂλλοτε
5	1	34	1	8	5	315	1644	46	26	92.057167	στήν
5	1	34	1	8	6	377	1645	111	27	0.000000	Ασφάλεια
5	1	34	1	8	7	500	1647	24	22	76.475273	ΜΙ
4	1	34	1	9	0	51	1675	484	46	-1	
5	1	34	1	9	1	51	1675	64	26	92.787437	Φωφώ
5	1	34	1	9	2	130	1676	26	22	0.000000	Ἰ.
5	1	34	1	9	3	171	1677	83	23	61.127838	Ῥασσιᾶ.
5	1	34	1	9	4	270	1679	83	42	0.000000	ππσης
5	1	34	1	9	5	371	1682	9	20	92.020775	ὁ
5	1	34	1	9	6	396	1681	75	26	88.610130	Ἠλίας
5	1	34	1	9	7	488	1683	47	22	33.493362	ΑΦ.
4	1	34	1	10	0	78	1711	408	34	-1	
5	1	34	1	10	1	78	1711	87	25	40.468426	τίς
5	1	34	1	10	2	182	1713	80	21	59.306431	11-4-8ἱ
5	1	34	1	10	3	282	1715	36	21	74.292694	ἀπε
5	1	34	1	10	4	393	1718	8	20	91.438728	ὁ
5	1	34	1	10	5	416	1717	70	28	89.456993	Γεώρη
4	1	34	1	11	0	52	1747	440	30	-1	
5	1	34	1	11	1	52	1747	68	26	5.604462	σζής).
5	1	34	1	11	2	133	1748	147	27	15.840866	Συλλυπούµεθα
5	1	34	1	11	3	295	1759	44	16	93.304375	τούς
5	1	34	1	11	4	350	1752	84	25	31.243958	οἰπείους
5	1	34	1	11	5	447	1761	45	14	62.881210	τω).
2	1	35	0	0	0	79	1781	475	31	-1	
3	1	35	1	0	0	79	1781	475	31	-1	
4	1	35	1	1	0	79	1781	475	31	-1	
5	1	35	1	1	1	79	1781	201	25	90.209229	ΜΝΗΜΟΣΥΝΑ:
5	1	35	1	1	2	297	1786	50	25	93.249435	Στίς
5	1	35	1	1	3	364	1787	82	22	63.624779	15-3-8
5	1	35	1	1	4	462	1790	33	22	77.713318	στό
5	1	35	1	1	5	509	1790	45	22	92.974777	Ναό
2	1	36	0	0	0	371	1400	384	31	-1	
3	1	36	1	0	0	371	1400	384	31	-1	
4	1	36	1	1	0	371	1400	384	31	-1	
5	1	36	1	1	1	371	1400	384	31	95.000000	 
2	1	37	0	0	0	291	1417	345	47	-1	
3	1	37	1	0	0	291	1417	345	47	-1	
4	1	37	1	1	0	291	1417	345	47	-1	
5	1	37	1	1	1	291	1433	45	26	32.575890	στήν)
5	1	37	1	1	2	355	1434	116	28	91.615662	Ὑπαπαντή
5	1	37	1	1	3	486	1417	150	47	16.416763	κι
2	1	38	0	0	0	625	1441	135	24	-1	
3	1	38	1	0	0	625	1441	135	24	-1	
4	1	38	1	1	0	625	1441	135	24	-1	
5	1	38	1	1	1	625	1441	135	24	95.000000	 
2	1	39	0	0	0	292	1509	235	92	-1	
3	1	39	1	0	0	292	1509	235	92	-1	
4	1	39	1	1	0	341	1509	56	18	-1	
5	1	39	1	1	1	341	1509	56	18	95.000000	 
4	1	39	1	2	0	355	1527	136	18	-1	
5	1	39	1	2	1	355	1527	136	18	95.000000	 
4	1	39	1	3	0	292	1545	235	56	-1	
5	1	39	1	3	1	292	1545	235	56	95.000000	   
2	1	40	0	0	0	313	1617	21	12	-1	
3	1	40	1	0	0	313	1617	21	12	-1	
4	1	40	1	1	0	313	1617	21	12	-1	
5	1	40	1	1	1	313	1617	21	12	95.000000	 
2	1	41	0	0	0	299	1632	1	24	-1	
3	1	41	1	0	0	299	1632	1	24	-1	
4	1	41	1	1	0	299	1632	1	24	-1	
5	1	41	1	1	1	299	1632	1	24	95.000000	 
2	1	42	0	0	0	563	1649	25	7	-1	
3	1	42	1	0	0	563	1649	25	7	-1	
4	1	42	1	1	0	563	1649	25	7	-1	
5	1	42	1	1	1	563	1649	25	7	0.000000	ὥι
2	1	43	0	0	0	450	1652	28	16	-1	
3	1	43	1	0	0	450	1652	28	16	-1	
4	1	43	1	1	0	450	1652	28	16	-1	
5	1	43	1	1	1	450	1652	28	16	95.000000	   
2	1	44	0	0	0	527	1652	80	24	-1	
3	1	44	1	0	0	527	1652	80	24	-1	
4	1	44	1	1	0	527	1652	80	24	-1	
5	1	44	1	1	1	527	1652	80	24	95.000000	   
2	1	45	0	0	0	607	1650	150	29	-1	
3	1	45	1	0	0	607	1650	150	29	-1	
4	1	45	1	1	0	607	1650	150	29	-1	
5	1	45	1	1	1	607	1650	70	25	59.769852	χαθώς
5	1	45	1	1	2	695	1651	33	21	91.702408	καί
5	1	45	1	1	3	746	1653	11	26	86.899841	ἡ
2	1	46	0	0	0	550	1684	206	27	-1	
3	1	46	1	0	0	550	1684	206	27	-1	
4	1	46	1	1	0	550	1684	206	27	-1	
5	1	46	1	1	1	550	1684	90	27	68.287926	Μπακῆς
5	1	46	1	1	2	656	1688	48	19	92.344772	ἐτῶν
5	1	46	1	1	3	723	1688	33	21	90.525154	ϐ9.
2	1	47	0	0	0	318	1715	80	25	-1	
3	1	47	1	0	0	318	1715	80	25	-1	
4	1	47	1	1	0	318	1715	80	25	-1	
5	1	47	1	1	1	318	1715	80	25	95.000000	 
2	1	48	0	0	0	490	1719	265	30	-1	
3	1	48	1	0	0	490	1719	265	30	-1	
4	1	48	1	1	0	490	1719	265	30	-1	
5	1	48	1	1	1	490	1737	2	3	0.000000	»
5	1	48	1	1	2	511	1719	142	27	66.196945	Νεοφώτιστος
5	1	48	1	1	3	686	1724	69	25	5.057983	(ἔιολι-
2	1	49	0	0	0	222	1749	4	12	-1	
3	1	49	1	0	0	222	1749	4	12	-1	
4	1	49	1	1	0	222	1749	4	12	-1	
5	1	49	1	1	1	222	1749	4	12	95.000000	 
2	1	50	0	0	0	583	1791	172	30	-1	
3	1	50	1	0	0	583	1791	172	30	-1	
4	1	50	1	1	0	583	1791	172	30	-1	
5	1	50	1	1	1	583	1791	45	27	25.848228	Αη,
5	1	50	1	1	2	642	1793	113	28	87.652420	Δημητρίου
2	1	51	0	0	0	274	1865	50	49	-1	
3	1	51	1	0	0	274	1865	50	49	-1	
4	1	51	1	1	0	274	1865	9	13	-1	
5	1	51	1	1	1	274	1865	9	13	95.000000	 
4	1	51	1	2	0	277	1893	47	21	-1	
5	1	51	1	2	1	277	1893	47	21	95.000000	 
2	1	52	0	0	0	291	1873	4	5	-1	
3	1	52	1	0	0	291	1873	4	5	-1	
4	1	52	1	1	0	291	1873	4	5	-1	
5	1	52	1	1	1	291	1873	4	5	95.000000	 
2	1	53	0	0	0	75	1901	29	2	-1	
3	1	53	1	0	0	75	1901	29	2	-1	
4	1	53	1	1	0	75	1901	29	2	-1	
5	1	53	1	1	1	75	1901	29	2	95.000000	 
2	1	54	0	0	0	50	1817	705	110	-1	
3	1	54	1	0	0	50	1817	705	106	-1	
4	1	54	1	1	0	50	1817	705	39	-1	
5	1	54	1	1	1	50	1817	133	28	29.531807	Μπραικαμίου
5	1	54	1	1	2	196	1820	96	27	62.255409	ἐπελέσθη
5	1	54	1	1	3	308	1822	122	28	53.728947	ἀθθήμερο
5	1	54	1	1	4	418	1813	15	41	8.697296	᾿
5	1	54	1	1	5	434	1825	134	27	12.103699	Αρχιεραπιιό
5	1	54	1	1	6	586	1827	116	27	84.150200	Μνημόσυνο
5	1	54	1	1	7	718	1831	37	25	96.233566	τῆς
4	1	54	1	2	0	50	1852	588	58	-1	
5	1	54	1	2	1	50	1852	76	26	65.611549	Τασίας
5	1	54	1	2	2	116	1854	69	56	15.446693	πι
5	1	54	1	2	3	195	1856	21	21	24.734505	Γ,
5	1	54	1	2	4	228	1857	82	21	31.267868	Πκλόκα
5	1	54	1	2	5	322	1857	72	28	3.608696	(έρης
5	1	54	1	2	6	409	1860	101	27	46.556778	Παντελή
5	1	54	1	2	7	519	1861	119	28	50.007515	Γιάνναρη).
4	1	54	1	3	0	135	1891	619	36	-1	
5	1	54	1	3	1	135	1889	29	25	91.813599	τίς
5	1	54	1	3	2	177	1891	82	21	17.536713	22-3-δή
5	1	54	1	3	3	324	1895	52	25	8.646202	ἐσθη
5	1	54	1	3	4	392	1895	46	26	93.250000	στήν
5	1	54	1	3	5	452	1896	116	28	27.418350	"Υπαπαντή
5	1	54	1	3	6	584	1898	87	28	90.482361	ἀθήμερο
5	1	54	1	3	7	684	1901	70	26	33.997894	μνημό-
2	1	55	0	0	0	48	1926	705	223	-1	
3	1	55	1	0	0	48	1926	705	190	-1	
4	1	55	1	1	0	48	1926	705	35	-1	
5	1	55	1	1	1	48	1931	41	15	89.413200	συ)ο
5	1	55	1	1	2	103	1926	36	25	93.293510	τῆς
5	1	55	1	1	3	154	1926	110	26	42.508049	᾽Αὐπωνίας
5	1	55	1	1	4	280	1929	25	21	87.712502	Χ.
5	1	55	1	1	5	320	1929	83	21	87.043976	Χελιώτ'
5	1	55	1	1	6	406	1940	11	17	80.862274	η
5	1	55	1	1	7	435	1931	32	21	72.655807	καὶ
5	1	55	1	1	8	482	1932	122	27	59.223763	Ἠὐγενίας
5	1	55	1	1	9	594	1935	60	26	30.204193	Ἅτεφ.
5	1	55	1	1	10	668	1936	85	21	0.000000	Καϊλύθι
4	1	55	1	2	0	48	1961	245	24	-1	
5	1	55	1	2	1	48	1959	34	21	95.337845	ὑπό
5	1	55	1	2	2	98	1962	37	19	93.243179	τῶν
5	1	55	1	2	3	153	1961	77	22	60.292492	οἰχείων
5	1	55	1	2	4	249	1971	44	14	95.912468	των.
4	1	55	1	3	0	307	2018	186	23	-1	
5	1	55	1	3	1	307	2018	186	23	64.015167	ΔΟΓΠΑΝΙΚΟΣ
4	1	55	1	4	0	284	2053	424	34	-1	
5	1	55	1	4	1	284	2062	18	12	91.304840	π.
5	1	55	1	4	2	316	2053	75	26	91.160217	Ἠλίας
5	1	55	1	4	3	407	2056	20	21	0.000000	Τ.
5	1	55	1	4	4	440	2056	141	28	27.331871	Γιανναιώκης
5	1	55	1	4	5	595	2059	113	28	9.516312	ἀνεχώρησε,
4	1	55	1	5	0	315	2089	221	60	-1	
5	1	55	1	5	1	315	2089	100	60	34.402374	ης
5	1	55	1	5	2	431	2092	24	19	0.000000	δὐ
5	1	55	1	5	3	476	2092	3	3	0.000000	ᾗ
5	1	55	1	5	4	528	2101	8	6	51.286007	ϱ
2	1	56	0	0	0	213	2059	59	18	-1	
3	1	56	1	0	0	213	2059	59	18	-1	
4	1	56	1	1	0	213	2059	59	18	-1	
5	1	56	1	1	1	213	2059	59	18	62.388321	τατοις
2	1	57	0	0	0	45	2074	458	178	-1	
3	1	57	1	0	0	45	2074	458	178	-1	
4	1	57	1	1	0	45	2074	225	28	-1	
5	1	57	1	1	1	45	2074	225	28	95.000000	 
4	1	57	1	2	0	45	2102	458	85	-1	
5	1	57	1	2	1	45	2102	458	85	95.000000	  
4	1	57	1	3	0	379	2227	8	25	-1	
5	1	57	1	3	1	379	2227	8	25	95.000000	  
2	1	58	0	0	0	447	2102	141	27	-1	
3	1	58	1	0	0	447	2102	141	27	-1	
4	1	58	1	1	0	447	2102	141	27	-1	
5	1	58	1	1	1	447	2102	141	27	95.000000	  
2	1	59	0	0	0	505	2129	94	26	-1	
3	1	59	1	0	0	505	2129	94	26	-1	
4	1	59	1	1	0	505	2129	94	26	-1	
5	1	59	1	1	1	505	2129	28	21	37.033466	ὅα
5	1	59	1	1	2	547	2129	52	26	0.000000	παθνή
2	1	60	0	0	0	71	2169	405	123	-1	
3	1	60	1	0	0	71	2169	405	123	-1	
4	1	60	1	1	0	296	2169	180	50	-1	
5	1	60	1	1	1	296	2177	3	3	3.621902	|
5	1	60	1	1	2	323	2169	153	50	0.000000	απΟΡΙΑΝΗ
4	1	60	1	2	0	74	2227	302	31	-1	
5	1	60	1	2	1	74	2227	26	20	88.814011	Ἡ
5	1	60	1	2	2	112	2227	77	21	15.831413	ζωΐτσα
5	1	60	1	2	3	200	2229	43	21	16.276886	'ΑΡ.
5	1	60	1	2	4	253	2229	104	27	52.845497	Βέργαδου
5	1	60	1	2	5	365	2240	11	18	53.019821	γ
4	1	60	1	3	0	71	2262	340	30	-1	
5	1	60	1	3	1	71	2275	28	1	63.167645	---
5	1	60	1	3	2	113	2262	108	23	16.570473	Απεβίωσε
5	1	60	1	3	3	235	2265	8	20	88.492477	ὁ
5	1	60	1	3	4	256	2265	97	27	74.955307	᾿Ανδρέας
5	1	60	1	3	5	367	2268	44	21	2.428619	Απ.
2	1	61	0	0	0	40	2318	708	173	-1	
3	1	61	1	0	0	226	2318	341	26	-1	
4	1	61	1	1	0	226	2318	341	26	-1	
5	1	61	1	1	1	226	2318	86	21	45.831108	ΑΡΙΟΣ
5	1	61	1	1	2	330	2319	237	25	93.835373	ΚΩΝΣΤΑΝΤΙΝΟΣ,
3	1	61	2	0	0	40	2351	708	139	-1	
4	1	61	2	1	0	72	2351	676	37	-1	
5	1	61	2	1	1	72	2350	49	25	87.832001	Στίς
5	1	61	2	1	2	132	2351	81	22	49.765518	90-2-81
5	1	61	2	1	3	225	2354	36	29	81.302872	εἰς
5	1	61	2	1	4	274	2354	32	22	79.282387	τόν
5	1	61	2	1	5	322	2355	54	22	69.094009	Ναόν
5	1	61	2	1	6	389	2356	44	27	0.000000	“Αγ,
5	1	61	2	1	7	447	2357	125	28	70.414307	᾿Αναργύρων
5	1	61	2	1	8	585	2360	105	28	23.416115	᾿Απτικής,
5	1	61	2	1	9	707	2362	41	21	57.534454	ἐτε-
4	1	61	2	2	0	42	2350	703	90	-1	
5	1	61	2	2	1	42	2350	98	61	34.481903	λος
5	1	61	2	2	2	159	2388	15	19	96.993095	οἱ
5	1	61	2	2	3	191	2388	57	25	36.323868	γάμοι
5	1	61	2	2	4	267	2392	31	18	96.011971	τοῦ
5	1	61	2	2	5	314	2390	112	28	85.838287	Δημητρίου
5	1	61	2	2	6	442	2406	7	2	76.742340	-
5	1	61	2	2	7	464	2392	94	26	1.318657	ἸΝήκωνος
5	1	61	2	2	8	589	2391	97	49	0.000000	Μηαλον
5	1	61	2	2	9	681	2396	64	40	0.000000	τούλον
4	1	61	2	3	0	42	2421	616	35	-1	
5	1	61	2	3	1	42	2422	31	18	96.617180	τοῦ
5	1	61	2	3	2	89	2421	106	22	58.762558	Βασιλείου
5	1	61	2	3	3	208	2423	22	21	72.497482	ἐκ
5	1	61	2	3	4	247	2424	116	26	50.829372	Πελλάνας
5	1	61	2	3	5	376	2426	148	29	64.935860	ΝΓηχανολόγου
5	1	61	2	3	6	538	2429	49	26	82.774185	μετὰ
5	1	61	2	3	7	601	2431	57	25	93.277222	τῆς
5	1	61	2	3	8	644	2422	17	38	89.614906	ἐ
4	1	61	2	4	0	40	2457	545	34	-1	
5	1	61	2	4	1	40	2457	38	19	78.331245	νῶν
5	1	61	2	4	2	94	2457	104	26	59.703121	Βιργυας
5	1	61	2	4	3	211	2459	73	26	89.755875	Δήμου,
5	1	61	2	4	4	299	2461	127	26	52.356335	Αἰσθητικοῦ.
5	1	61	2	4	5	439	2463	27	20	65.897232	Ἡ
5	1	61	2	4	6	479	2464	106	27	48.350357	ἐφημερίδα
2	1	62	0	0	0	380	2240	29	12	-1	
3	1	62	1	0	0	380	2240	29	12	-1	
4	1	62	1	1	0	380	2240	29	12	-1	
5	1	62	1	1	1	380	2240	29	12	49.079391	ένν
2	1	63	0	0	0	409	2240	29	18	-1	
3	1	63	1	0	0	409	2240	29	18	-1	
4	1	63	1	1	0	409	2240	29	18	-1	
5	1	63	1	1	1	409	2240	29	18	95.000000	 
2	1	64	0	0	0	428	2241	162	54	-1	
3	1	64	1	0	0	428	2241	162	54	-1	
4	1	64	1	1	0	438	2241	109	19	-1	
5	1	64	1	1	1	438	2242	8	11	63.712242	ε
5	1	64	1	1	2	457	2233	90	27	67.096710	ἀγοράκι.
4	1	64	1	2	0	428	2269	162	26	-1	
5	1	64	1	2	1	428	2269	162	26	0.000000	Παπαδόπουλος
2	1	65	0	0	0	738	2378	10	4	-1	
3	1	65	1	0	0	738	2378	10	4	-1	
4	1	65	1	1	0	738	2378	10	4	-1	
5	1	65	1	1	1	738	2378	10	4	95.000000	 
2	1	66	0	0	0	648	2428	102	102	-1	
3	1	66	1	0	0	648	2428	102	102	-1	
4	1	66	1	1	0	648	2428	102	102	-1	
5	1	66	1	1	1	648	2428	102	102	95.000000	 
2	1	67	0	0	0	39	2491	569	64	-1	
3	1	67	1	0	0	39	2491	569	64	-1	
4	1	67	1	1	0	39	2491	569	36	-1	
5	1	67	1	1	1	39	2491	89	22	81.149506	πευθύνει
5	1	67	1	1	2	141	2494	65	26	0.000000	ὀεριά
5	1	67	1	1	3	221	2496	150	28	41.481342	συγχαρητήρια
5	1	67	1	1	4	383	2497	33	21	57.127796	καί
5	1	67	1	1	5	434	2498	44	25	64.394958	τούς
5	1	67	1	1	6	492	2497	77	30	0.000000	εὔχεπαι
5	1	67	1	1	7	582	2504	26	21	96.869720	ζω
4	1	67	1	2	0	39	2527	151	28	-1	
5	1	67	1	2	1	39	2534	24	18	0.000000	νη
5	1	67	1	2	2	73	2527	32	21	67.198059	κα
5	1	67	1	2	3	115	2528	75	27	61.659950	γόνιμη.
2	1	68	0	0	0	67	2563	377	32	-1	
3	1	68	1	0	0	67	2563	377	32	-1	
4	1	68	1	1	0	67	2563	377	32	-1	
5	1	68	1	1	1	67	2575	29	2	60.608513	---
5	1	68	1	1	2	105	2563	28	21	92.212784	Τό
5	1	68	1	1	3	142	2566	69	25	77.712753	ζεῦγας
5	1	68	1	1	4	222	2566	74	21	4.867386	Ἱώστα
5	1	68	1	1	5	307	2567	100	28	24.041710	᾽Αλιμήση
5	1	68	1	1	6	420	2569	24	21	83.047203	ἀπ
2	1	69	0	0	0	445	2577	31	13	-1	
3	1	69	1	0	0	445	2577	31	13	-1	
4	1	69	1	1	0	445	2577	31	13	-1	
5	1	69	1	1	1	445	2577	31	13	95.000000	 
2	1	70	0	0	0	66	2572	572	144	-1	
3	1	70	1	0	0	458	2572	180	26	-1	
4	1	70	1	1	0	458	2572	180	26	-1	
5	1	70	1	1	1	458	2578	60	18	0.000000	τησε
5	1	70	1	1	2	529	2572	109	26	0.000000	Ἀοριτσόρω,
3	1	70	2	0	0	66	2620	457	96	-1	
4	1	70	2	1	0	324	2620	135	23	-1	
5	1	70	2	1	1	324	2620	135	23	40.792637	ΑΙΛΗΥΡΟΥ’
4	1	70	2	2	0	66	2651	457	32	-1	
5	1	70	2	2	1	66	2651	82	27	0.907227	"θγιαυ
5	1	70	2	2	2	159	2653	17	21	96.029610	οἱ
5	1	70	2	2	3	192	2653	60	27	25.202606	«γάμοι
5	1	70	2	2	4	267	2657	31	20	91.207458	τοῦ
5	1	70	2	2	5	311	2656	112	27	67.886749	᾿Αποστόλη
5	1	70	2	2	6	438	2658	85	22	28.053200	Χαλιά
4	1	70	2	3	0	93	2688	172	28	-1	
5	1	70	2	3	1	93	2688	21	20	74.718338	Ἰ.
5	1	70	2	3	2	132	2688	133	28	45.356583	Καλλινιάτη.
2	1	71	0	0	0	440	2586	3	4	-1	
3	1	71	1	0	0	440	2586	3	4	-1	
4	1	71	1	1	0	440	2586	3	4	-1	
5	1	71	1	1	1	440	2586	3	4	95.000000	 
2	1	72	0	0	0	535	2660	124	26	-1	
3	1	72	1	0	0	535	2660	124	26	-1	
4	1	72	1	1	0	535	2660	124	26	-1	
5	1	72	1	1	1	535	2660	47	21	0.983490	μετά.
5	1	72	1	1	2	595	2662	35	24	0.983490	τῆς
5	1	72	1	1	3	643	2662	16	20	60.176304	Σ)
2	1	73	0	0	0	660	2670	83	18	-1	
3	1	73	1	0	0	660	2670	83	18	-1	
4	1	73	1	1	0	660	2670	83	18	-1	
5	1	73	1	1	1	660	2670	83	18	15.732803	παµιατι-
2	1	74	0	0	0	38	2688	463	98	-1	
3	1	74	1	0	0	38	2688	463	98	-1	
4	1	74	1	1	0	38	2688	37	24	-1	
5	1	74	1	1	1	38	2688	37	24	61.880844	πης
4	1	74	1	2	0	65	2723	436	29	-1	
5	1	74	1	2	1	65	2735	21	2	0.000000	-
5	1	74	1	2	2	102	2723	126	24	34.796585	Αἰπεξίωσε
5	1	74	1	2	3	218	2719	13	37	92.781837	ὁ
5	1	74	1	2	4	241	2726	22	21	77.112938	Ἱ.
5	1	74	1	2	5	276	2726	31	22	35.695290	Π.
5	1	74	1	2	6	317	2727	98	25	77.945549	Λούχας
5	1	74	1	2	7	409	2730	49	20	92.691582	ἐτῶν
5	1	74	1	2	8	470	2730	31	21	93.717834	45.
4	1	74	1	3	0	307	2762	168	24	-1	
5	1	74	1	3	1	307	2762	168	24	48.080643	ΠΕΡΙΒΟΛΙΑ,
2	1	75	0	0	0	307	2798	220	28	-1	
3	1	75	1	0	0	307	2798	220	28	-1	
4	1	75	1	1	0	307	2798	220	28	-1	
5	1	75	1	1	1	307	2798	133	27	27.232468	Ανοχώριησαν
5	1	75	1	1	2	455	2801	35	25	96.022285	γιά
5	1	75	1	1	3	506	2802	21	21	96.101952	τό
2	1	76	0	0	0	353	2807	7	18	-1	
3	1	76	1	0	0	353	2807	7	18	-1	
4	1	76	1	1	0	353	2807	7	18	-1	
5	1	76	1	1	1	353	2807	7	18	95.000000	 
2	1	77	0	0	0	34	2793	706	109	-1	
3	1	77	1	0	0	34	2793	706	105	-1	
4	1	77	1	1	0	62	2793	678	37	-1	
5	1	77	1	1	1	62	2793	222	25	0.000000	ΑΝΑΧΩΡΗΣΗΙΣ:
5	1	77	1	1	2	544	2802	14	20	61.328236	Ἱ
5	1	77	1	1	3	570	2802	76	27	61.328236	άσχα
5	1	77	1	1	4	633	2798	34	36	93.165863	εἰς
5	1	77	1	1	5	683	2805	57	25	15.005966	ἸΑμε-
4	1	77	1	2	0	34	2829	705	37	-1	
5	1	77	1	2	1	34	2829	62	27	0.000000	ρυκή»,
5	1	77	1	2	2	113	2830	9	20	90.328491	ὁ
5	1	77	1	2	3	139	2830	79	27	0.000000	Παυσ.
5	1	77	1	2	4	232	2832	21	21	0.000000	ἆ.
5	1	77	1	2	5	267	2832	135	28	90.140373	Μανεσιώτης
5	1	77	1	2	6	415	2835	33	21	84.151695	καί
5	1	77	1	2	7	463	2837	8	20	92.835640	ὁ
5	1	77	1	2	8	485	2836	76	28	67.130630	Γεώρη.
5	1	77	1	2	9	589	2838	150	28	89.959473	Κοντογιάννης
4	1	77	1	3	0	35	2863	461	39	-1	
5	1	77	1	3	1	35	2863	44	22	93.227356	ὅπου
5	1	77	1	3	2	87	2865	29	20	29.674774	Φὰ
5	1	77	1	3	3	133	2866	109	26	69.356064	φροντίσουν
5	1	77	1	3	4	253	2867	33	22	85.600739	καί
5	1	77	1	3	5	303	2869	34	26	93.315582	γιὰ
5	1	77	1	3	6	348	2869	20	22	94.639496	τό
5	1	77	1	3	7	379	2866	117	36	64.717995	ξευρδοχεῖο.
2	1	78	0	0	0	38	2917	703	14	-1	
3	1	78	1	0	0	38	2917	703	14	-1	
4	1	78	1	1	0	38	2917	703	14	-1	
5	1	78	1	1	1	38	2917	703	14	95.000000	 
2	1	79	0	0	0	147	2952	475	137	-1	
3	1	79	1	0	0	180	2952	411	102	-1	
4	1	79	1	1	0	264	2952	242	25	-1	
5	1	79	1	1	1	264	2952	242	25	91.247154	ΦΑΡΜΑΚΕΙΟ
4	1	79	1	2	0	180	2987	411	27	-1	
5	1	79	1	2	1	180	2987	119	22	82.693787	ΕΛΕΝΗΣ
5	1	79	1	2	2	313	2989	26	20	92.292931	Δ.
5	1	79	1	2	3	356	2989	235	25	92.292931	ΚΕΡΑΣΟΠΟΥΛΟΥ
4	1	79	1	3	0	195	3022	374	32	-1	
5	1	79	1	3	1	195	3022	140	29	68.540047	Λυκούργου
5	1	79	1	3	2	350	3024	63	22	51.107689	Ι6---
5	1	79	1	3	3	425	3026	54	28	90.972694	Τηλ.
5	1	79	1	3	4	489	3027	80	22	56.993252	26-27!
3	1	79	2	0	0	147	3057	475	32	-1	
4	1	79	2	1	0	147	3057	475	32	-1	
5	1	79	2	1	1	147	3057	40	22	93.485573	108
5	1	79	2	1	2	194	3058	86	28	92.831879	χρόνια
5	1	79	2	1	3	291	3059	57	29	87.253654	σπήν
5	1	79	2	1	4	358	3060	119	29	92.798546	ὑπηρεσία
5	1	79	2	1	5	485	3064	43	21	92.519661	τοῦ
5	1	79	2	1	6	537	3066	85	21	89.646088	κοινοῦ.
2	1	80	0	0	0	749	278	47	2816	-1	
3	1	80	1	0	0	749	278	47	2816	-1	
4	1	80	1	1	0	749	278	47	2816	-1	
5	1	80	1	1	1	749	278	47	2816	95.000000	 
2	1	81	0	0	0	898	52	193	40	-1	
3	1	81	1	0	0	898	52	193	40	-1	
4	1	81	1	1	0	898	52	193	40	-1	
5	1	81	1	1	1	898	52	193	40	79.022148	ΜΑΙΡΗ
2	1	82	0	0	0	817	162	202	63	-1	
3	1	82	1	0	0	817	162	199	57	-1	
4	1	82	1	1	0	817	162	199	23	-1	
5	1	82	1	1	1	817	162	23	20	45.962643	Τ’
5	1	82	1	1	2	855	162	85	21	92.263733	ἀδύνατά
5	1	82	1	1	3	950	171	31	13	96.824448	σου
5	1	82	1	1	4	992	163	24	22	96.929626	τὰ
4	1	82	1	2	0	989	207	30	18	-1	
5	1	82	1	2	1	989	207	30	18	83.242607	ρη,
2	1	83	0	0	0	869	198	64	24	-1	
3	1	83	1	0	0	869	198	64	24	-1	
4	1	83	1	1	0	869	198	64	24	-1	
5	1	83	1	1	1	869	198	64	24	95.000000	 
2	1	84	0	0	0	877	233	25	5	-1	
3	1	84	1	0	0	877	233	25	5	-1	
4	1	84	1	1	0	877	233	25	5	-1	
5	1	84	1	1	1	877	233	25	5	95.000000	 
2	1	85	0	0	0	816	197	330	61	-1	
3	1	85	1	0	0	816	197	330	61	-1	
4	1	85	1	1	0	817	197	329	29	-1	
5	1	85	1	1	1	817	198	16	20	26.519188	τ)
5	1	85	1	1	2	844	197	24	21	77.749290	ἂνι
5	1	85	1	1	3	929	216	3	4	0.000000	;
5	1	85	1	1	4	942	198	77	27	60.463139	Μαίρη,
5	1	85	1	1	5	1028	207	35	18	86.683784	µιά
5	1	85	1	1	6	1073	200	73	26	60.293774	θραδυὰ
4	1	85	1	2	0	816	241	303	17	-1	
5	1	85	1	2	1	816	232	33	21	35.843948	χαά
5	1	85	1	2	2	861	233	88	25	60.702221	πέπαξες
5	1	85	1	2	3	959	233	20	22	92.754684	σέ
5	1	85	1	2	4	991	233	56	22	88.864037	τόπον
5	1	85	1	2	5	1061	243	58	19	27.995636	ἄλιλο,
2	1	86	0	0	0	860	240	1	8	-1	
3	1	86	1	0	0	860	240	1	8	-1	
4	1	86	1	1	0	860	240	1	8	-1	
5	1	86	1	1	1	860	240	1	8	95.000000	 
2	1	87	0	0	0	816	268	306	29	-1	
3	1	87	1	0	0	816	268	306	29	-1	
4	1	87	1	1	0	816	268	306	29	-1	
5	1	87	1	1	1	816	269	16	20	13.058929	σ)
5	1	87	1	1	2	844	268	55	27	59.652626	ἄλλη
5	1	87	1	1	3	908	269	76	21	19.842598	χαλύδα
5	1	87	1	1	4	995	269	32	22	28.570663	χαή
5	1	87	1	1	5	1037	270	85	27	46.496563	χιαρδιά..
2	1	88	0	0	0	814	339	302	63	-1	
3	1	88	1	0	0	814	339	302	63	-1	
4	1	88	1	1	0	816	339	300	28	-1	
5	1	88	1	1	1	816	339	49	21	80.379074	ἸΑπό
5	1	88	1	1	2	878	340	16	21	4.048195	τ’
5	1	88	1	1	3	906	340	99	21	71.041443	ὀλόγλωκό
5	1	88	1	1	4	1015	349	30	12	93.343605	σου
5	1	88	1	1	5	1056	341	60	26	27.881096	στόμα
4	1	88	1	2	0	814	374	239	28	-1	
5	1	88	1	2	1	814	374	44	22	96.824715	οὔτε
5	1	88	1	2	2	868	374	48	28	89.229469	φιλί,
5	1	88	1	2	3	927	375	42	22	93.264389	οὔτε
5	1	88	1	2	4	979	376	74	21	89.379799	λαλιὰ:
2	1	89	0	0	0	814	410	29	21	-1	
3	1	89	1	0	0	814	410	29	21	-1	
4	1	89	1	1	0	814	410	29	21	-1	
5	1	89	1	1	1	814	410	29	21	51.577805	θά
2	1	90	0	0	0	814	445	29	21	-1	
3	1	90	1	0	0	814	445	29	21	-1	
4	1	90	1	1	0	814	445	29	21	-1	
5	1	90	1	1	1	814	445	29	21	46.774292	δὰ
2	1	91	0	0	0	966	411	95	28	-1	
3	1	91	1	0	0	966	411	95	28	-1	
4	1	91	1	1	0	981	411	52	7	-1	
5	1	91	1	1	1	981	411	52	7	8.672943	ας
4	1	91	1	2	0	966	420	95	19	-1	
5	1	91	1	2	1	966	420	21	13	91.423798	τὸ
5	1	91	1	2	2	998	420	63	19	87.160225	ἀγέρι,
2	1	92	0	0	0	853	410	101	27	-1	
3	1	92	1	0	0	853	410	101	27	-1	
4	1	92	1	1	0	853	410	101	27	-1	
5	1	92	1	1	1	853	410	22	21	70.411377	μέ
5	1	92	1	1	2	886	410	68	27	94.613441	φυλάει
2	1	93	0	0	0	854	447	254	25	-1	
3	1	93	1	0	0	854	447	254	25	-1	
4	1	93	1	1	0	879	447	205	7	-1	
5	1	93	1	1	1	879	448	74	4	4.478622	ο.
5	1	93	1	1	2	1001	447	4	6	0.000000	..
5	1	93	1	1	3	1081	447	3	7	0.000000	ἳ
4	1	93	1	2	0	854	449	254	23	-1	
5	1	93	1	2	1	854	454	33	17	90.272255	μοῦ
5	1	93	1	2	2	897	453	78	19	44.129177	μιλοῦνε
5	1	93	1	2	3	985	455	24	14	93.304810	τὰ
5	1	93	1	2	4	1017	449	91	20	85.307373	πουλιὰ...
2	1	94	0	0	0	809	512	355	138	-1	
3	1	94	1	0	0	809	512	355	138	-1	
4	1	94	1	1	0	809	512	355	138	-1	
5	1	94	1	1	1	809	512	355	138	95.000000	 
2	1	95	0	0	0	811	692	316	58	-1	
3	1	95	1	0	0	811	692	316	58	-1	
4	1	95	1	1	0	812	692	315	26	-1	
5	1	95	1	1	1	812	692	34	17	2.135300	Ίκι'
5	1	95	1	1	2	857	692	40	18	88.415756	ἔτσι
5	1	95	1	1	3	907	694	85	22	7.085274	ινήαυ
5	1	95	1	1	4	1000	693	24	20	96.985329	τὰ
5	1	95	1	1	5	1033	694	45	19	76.008255	δικά
5	1	95	1	1	6	1089	702	38	16	27.761948	ας
4	1	95	1	2	0	811	721	249	29	-1	
5	1	95	1	2	1	811	721	34	24	72.314041	μ.ὰ
5	1	95	1	2	2	855	722	76	25	89.354576	ἱσπορία
5	1	95	1	2	3	942	723	34	20	91.993797	πιὰ
5	1	95	1	2	4	985	724	75	26	47.722755	παλιηὰ,
2	1	96	0	0	0	812	754	41	28	-1	
3	1	96	1	0	0	812	754	41	28	-1	
4	1	96	1	1	0	812	754	41	28	-1	
5	1	96	1	1	1	812	754	41	28	80.168762	τώρ.
2	1	97	0	0	0	855	755	244	28	-1	
3	1	97	1	0	0	855	755	244	28	-1	
4	1	97	1	1	0	904	755	145	9	-1	
5	1	97	1	1	1	904	755	50	8	11.749336	ο.
5	1	97	1	1	2	1045	758	4	6	0.000000	'
4	1	97	1	2	0	855	758	244	25	-1	
5	1	97	1	2	1	855	764	10	12	26.987244	ἆ
5	1	97	1	2	2	875	764	34	13	75.976059	ποὺ
5	1	97	1	2	3	918	765	11	12	57.032280	σ᾿
5	1	97	1	2	4	945	758	75	24	90.692703	ἄλλους
5	1	97	1	2	5	1030	767	69	16	67.908020	τόπους
2	1	98	0	0	0	809	827	204	63	-1	
3	1	98	1	0	0	810	827	203	62	-1	
4	1	98	1	1	0	810	827	155	22	-1	
5	1	98	1	1	1	810	826	25	21	50.453011	κι)
5	1	98	1	1	2	847	826	42	21	96.770790	οὔτε
5	1	98	1	1	3	899	829	21	19	93.223122	θά
5	1	98	1	1	4	936	836	29	13	8.029243	εἷσι
4	1	98	1	2	0	809	862	204	28	-1	
5	1	98	1	2	1	809	862	26	20	25.022804	νι
5	1	98	1	2	2	847	863	76	25	0.000000	ἀφηες
5	1	98	1	2	3	935	863	46	27	64.378380	ἔρμη
5	1	98	1	2	4	994	884	2	5	80.438950	|
5	1	98	1	2	5	994	872	19	13	58.315525	μι
2	1	99	0	0	0	1017	864	11	21	-1	
3	1	99	1	0	0	1017	864	11	21	-1	
4	1	99	1	1	0	1017	864	11	21	-1	
5	1	99	1	1	1	1017	864	11	21	7.708908	ον.
2	1	100	0	0	0	1038	865	92	26	-1	
3	1	100	1	0	0	1038	865	92	26	-1	
4	1	100	1	1	0	1038	865	92	26	-1	
5	1	100	1	1	1	1038	865	92	26	29.657066	φωλιά...
2	1	101	0	0	0	918	933	211	24	-1	
3	1	101	1	0	0	918	933	211	24	-1	
4	1	101	1	1	0	918	933	211	24	-1	
5	1	101	1	1	1	918	933	211	24	50.600250	ΜΙΠΙΡΜΠΙΔΗΣ
2	1	102	0	0	0	810	990	348	8	-1	
3	1	102	1	0	0	810	990	348	8	-1	
4	1	102	1	1	0	810	990	348	8	-1	
5	1	102	1	1	1	810	990	348	8	95.000000	 
2	1	103	0	0	0	842	1026	269	64	-1	
3	1	103	1	0	0	842	1026	269	64	-1	
4	1	103	1	1	0	842	1026	269	64	-1	
5	1	103	1	1	1	842	1003	150	92	3.048874	ΜΚΠΙΚΗΙ
5	1	103	1	1	2	1006	1003	105	92	0.000000	ΜΠΠΝΕ
2	1	104	0	0	0	794	1116	361	700	-1	
3	1	104	1	0	0	794	1116	361	700	-1	
4	1	104	1	1	0	818	1116	334	31	-1	
5	1	104	1	1	1	818	1116	52	28	82.647827	Σπίς
5	1	104	1	1	2	886	1118	19	20	77.693192	11
5	1	104	1	1	3	925	1118	163	29	81.306557	Φεθρουαρίου
5	1	104	1	1	4	1105	1121	47	21	53.130184	|98ἱ
4	1	104	1	2	0	804	1151	351	34	-1	
5	1	104	1	2	1	804	1151	78	28	91.117661	ἔγιναν
5	1	104	1	2	2	895	1154	45	27	91.117661	στή
5	1	104	1	2	3	953	1154	98	29	95.853561	Σπάρτη
5	1	104	1	2	4	1066	1157	45	21	91.129601	στά
5	1	104	1	2	5	1125	1157	30	28	91.726044	γή
4	1	104	1	3	0	803	1188	352	31	-1	
5	1	104	1	3	1	803	1188	62	22	64.416092	πεδα
5	1	104	1	3	2	911	1189	244	30	17.718048	 καλαθοσφαιρήσεως
4	1	104	1	4	0	803	1223	351	31	-1	
5	1	104	1	4	1	803	1223	37	21	77.668762	καί
5	1	104	1	4	2	869	1226	213	28	80.235649	πετοσφαιρήσεως
5	1	104	1	4	3	1111	1228	43	20	96.041748	τοῦ
4	1	104	1	5	0	802	1258	352	31	-1	
5	1	104	1	5	1	802	1258	31	21	96.539520	Α΄
5	1	104	1	5	2	852	1259	131	27	68.162468	Γυμνασίου
5	1	104	1	5	3	996	1261	120	28	96.638260	Σπάρτης,
5	1	104	1	5	4	1135	1263	19	21	80.980682	οἱ
4	1	104	1	6	0	803	1293	350	31	-1	
5	1	104	1	6	1	803	1293	128	25	91.960571	Λακωνικοί
5	1	104	1	6	2	947	1296	90	28	91.160065	ἀγῶνες
5	1	104	1	6	3	1050	1298	103	21	88.206497	καλαθο-
4	1	104	1	7	0	801	1330	352	30	-1	
5	1	104	1	7	1	801	1330	151	27	80.976624	σφαιρήσεως
5	1	104	1	7	2	965	1332	36	21	92.160950	καί
5	1	104	1	7	3	1024	1338	129	22	45.155674	πεπτοσφαι-
4	1	104	1	8	0	801	1364	351	32	-1	
5	1	104	1	8	1	801	1364	100	28	40.353676	ῥρήσεως.
5	1	104	1	8	2	931	1366	98	29	77.075089	Ὕσπερα
5	1	104	1	8	3	1045	1368	49	21	96.417870	ἀπό
5	1	104	1	8	4	1109	1369	43	27	95.524101	τήν
4	1	104	1	9	0	800	1402	352	28	-1	
5	1	104	1	9	1	800	1402	172	27	47.329964	προκριματική
5	1	104	1	9	2	987	1403	64	27	96.385239	φάση
5	1	104	1	9	3	1066	1405	46	20	93.248337	τῶν
5	1	104	1	9	4	1127	1405	25	20	91.389114	ᾱ-
4	1	104	1	10	0	799	1436	352	30	-1	
5	1	104	1	10	1	799	1436	82	26	93.016220	γώνων
5	1	104	1	10	2	892	1437	49	21	93.244125	πού
5	1	104	1	10	3	952	1437	60	28	49.226898	ἔγίνε
5	1	104	1	10	4	1022	1439	51	27	90.931488	στίς
5	1	104	1	10	5	1084	1439	12	21	70.530823	ό
5	1	104	1	10	6	1111	1439	40	22	90.933548	Φε-
4	1	104	1	11	0	800	1471	351	31	-1	
5	1	104	1	11	1	800	1471	129	28	89.886864	δρουαρίου
5	1	104	1	11	2	949	1473	60	25	22.793915	1981,
5	1	104	1	11	3	1024	1475	127	27	90.238388	προκρίθη-
4	1	104	1	12	0	798	1507	353	31	-1	
5	1	104	1	12	1	798	1513	43	16	96.133392	Καν
5	1	104	1	12	2	852	1507	39	27	92.458748	γιά
5	1	104	1	12	3	906	1508	42	21	96.915504	τόν
5	1	104	1	12	4	959	1508	79	25	93.302444	τελικό
5	1	104	1	12	5	1051	1510	59	28	91.463974	σπήν
5	1	104	1	12	6	1122	1518	29	14	96.621628	κα
4	1	104	1	13	0	799	1542	351	29	-1	
5	1	104	1	13	1	799	1542	183	27	91.412598	λαθοσφαίρηση
5	1	104	1	13	2	1013	1544	20	21	91.027908	οἱ
5	1	104	1	13	3	1063	1545	87	26	90.839699	ὁμάδες
4	1	104	1	14	0	796	1576	353	30	-1	
5	1	104	1	14	1	796	1576	47	20	73.391342	τῶν
5	1	104	1	14	2	857	1577	134	26	70.735413	γυµνασίων
5	1	104	1	14	3	1005	1578	31	20	92.609871	Α΄
5	1	104	1	14	4	1066	1579	83	27	90.880989	Σπάρύ
4	1	104	1	15	0	797	1611	351	30	-1	
5	1	104	1	15	1	797	1617	50	20	91.652031	πης,
5	1	104	1	15	2	865	1611	101	26	89.794189	Γυθείου,
5	1	104	1	15	3	997	1613	151	28	41.166843	Ἰεαπόλεως.
4	1	104	1	16	0	795	1646	353	31	-1	
5	1	104	1	16	1	795	1646	34	21	94.890594	Τό
5	1	104	1	16	2	854	1646	30	22	94.890594	Α΄
5	1	104	1	16	3	904	1647	117	27	42.173470	Γυμνάσιο
5	1	104	1	16	4	1036	1649	112	28	96.450912	Σπάρτης
4	1	104	1	17	0	795	1682	352	31	-1	
5	1	104	1	17	1	795	1682	119	22	84.552551	Καπέλαθε
5	1	104	1	17	2	927	1683	43	27	96.191536	τήν
5	1	104	1	17	3	983	1684	82	28	35.082581	πρώτη
5	1	104	1	17	4	1091	1685	56	28	93.839516	θέση
4	1	104	1	18	0	794	1717	353	32	-1	
5	1	104	1	18	1	794	1717	45	28	92.535225	στή
5	1	104	1	18	2	857	1718	110	22	78.274292	Λακωνία
5	1	104	1	18	3	980	1721	112	27	17.848755	νικώντας
5	1	104	1	18	4	1105	1721	42	28	96.891823	τήν
4	1	104	1	19	0	795	1752	352	31	-1	
5	1	104	1	19	1	795	1752	80	28	93.018120	ὁμάδα
5	1	104	1	19	2	888	1755	43	20	77.347748	τοῦ
5	1	104	1	19	3	962	1755	131	27	55.693012	Γυμύασίου
5	1	104	1	19	4	1120	1757	27	26	84.928284	µέ
4	1	104	1	20	0	795	1788	145	28	-1	
5	1	104	1	20	1	795	1788	61	28	89.085953	σκόρ
5	1	104	1	20	2	865	1789	75	22	20.305374	»4-94.
2	1	105	0	0	0	787	1841	358	388	-1	
3	1	105	1	0	0	788	1841	357	383	-1	
4	1	105	1	1	0	820	1841	325	30	-1	
5	1	105	1	1	1	820	1841	28	21	93.232574	Οἱ
5	1	105	1	1	2	860	1842	96	27	66.030472	παῖκτες
5	1	105	1	1	3	968	1844	44	20	94.954353	τοῦ
5	1	105	1	1	4	1023	1844	31	21	92.062210	Α΄
5	1	105	1	1	5	1070	1845	75	26	54.707073	Γυµνα
4	1	105	1	2	0	791	1876	353	29	-1	
5	1	105	1	2	1	791	1876	53	21	92.940376	σίου
5	1	105	1	2	2	856	1877	112	28	91.415489	Σπάρτης
5	1	105	1	2	3	979	1879	38	21	96.346672	καί
5	1	105	1	2	4	1029	1879	19	21	96.579636	οἱ
5	1	105	1	2	5	1061	1880	83	22	83.529282	πόντοι
4	1	105	1	3	0	790	1912	355	31	-1	
5	1	105	1	3	1	790	1912	48	21	86.578827	πιού
5	1	105	1	3	2	851	1913	135	27	4.314407	σημείωσαν
5	1	105	1	3	3	1007	1915	138	28	60.805099	ἀντίστοιχα
4	1	105	1	4	0	792	1945	352	33	-1	
5	1	105	1	4	1	792	1945	66	29	93.293060	ἦταν:
5	1	105	1	4	2	878	1949	148	28	35.785248	᾿᾽Αγγελάκος
5	1	105	1	4	3	1038	1951	69	27	93.068558	Γεώρ.
5	1	105	1	4	4	1117	1951	27	21	96.664124	20
4	1	105	1	5	0	791	1983	352	31	-1	
5	1	105	1	5	1	791	1983	102	27	91.997665	Ρασσιᾶς
5	1	105	1	5	2	909	1984	85	28	67.563042	Γεώργ.
5	1	105	1	5	3	1013	1985	30	26	87.081207	Ι8,
5	1	105	1	5	4	1058	1986	85	28	89.081200	Ζουρν-
4	1	105	1	6	0	790	2018	353	31	-1	
5	1	105	1	6	1	790	2018	42	27	92.977577	τός
5	1	105	1	6	2	847	2019	54	21	89.548798	[Παν.
5	1	105	1	6	3	915	2020	21	25	87.750549	4,
5	1	105	1	6	4	965	2021	178	28	10.722206	ἸΚαλαθρυτινός
4	1	105	1	7	0	792	2053	350	32	-1	
5	1	105	1	7	1	792	2053	47	22	65.349617	Νικ.
5	1	105	1	7	2	872	2054	20	25	83.345573	2,
5	1	105	1	7	3	923	2056	219	29	87.912735	Γεωργακόπουλος
4	1	105	1	8	0	790	2089	352	30	-1	
5	1	105	1	8	1	790	2089	122	28	27.389404	ἼΑγιγελος
5	1	105	1	8	2	926	2091	21	24	89.701836	ό,
5	1	105	1	8	3	959	2091	115	28	20.706703	Σμµυρνιός
5	1	105	1	8	4	1087	2093	55	21	95.005043	Βασ.
4	1	105	1	9	0	789	2124	351	44	-1	
5	1	105	1	9	1	789	2124	21	25	85.886665	4,
5	1	105	1	9	2	827	2125	114	43	0.000000	ανος
5	1	105	1	9	3	959	2127	57	21	93.179512	Κων.
5	1	105	1	9	4	1033	2128	107	21	73.149101	Καθδού-
4	1	105	1	10	0	787	2161	345	29	-1	
5	1	105	1	10	1	787	2166	44	21	67.297142	ρης
5	1	105	1	10	2	847	2161	82	25	56.342102	᾿Ιωάν.,
5	1	105	1	10	3	943	2162	141	28	33.190353	᾿Αρθδανίτης
5	1	105	1	10	4	1097	2164	35	20	60.579346	Ιω
4	1	105	1	11	0	790	2179	250	50	-1	
5	1	105	1	11	1	790	2179	170	45	57.661404	Μουνθρούκας
5	1	105	1	11	2	971	2193	69	36	69.374588	Θεόδ.
2	1	106	0	0	0	784	2248	355	242	-1	
3	1	106	1	0	0	784	2248	355	198	-1	
4	1	106	1	1	0	824	2248	315	30	-1	
5	1	106	1	1	1	824	2248	62	28	90.546844	Σπήν
5	1	106	1	1	2	900	2251	183	27	89.892548	πεποσφαίρηση
5	1	106	1	1	3	1110	2252	29	21	93.996155	τό
4	1	106	1	2	0	786	2283	353	31	-1	
5	1	106	1	2	1	786	2283	31	21	95.550247	Α΄
5	1	106	1	2	2	833	2284	117	27	72.699471	Γυμνάσιο
5	1	106	1	2	3	959	2285	113	29	92.173874	Σπάρπης
5	1	106	1	2	4	1082	2288	57	22	91.892166	καπέ
4	1	106	1	3	0	786	2318	351	32	-1	
5	1	106	1	3	1	786	2318	60	22	47.279579	λαίδθε
5	1	106	1	3	2	862	2320	43	27	96.820618	τήν
5	1	106	1	3	3	918	2320	28	28	89.999710	3η
5	1	106	1	3	4	961	2321	56	28	93.297066	θέση
5	1	106	1	3	5	1032	2322	45	28	46.319153	στή
5	1	106	1	3	6	1091	2323	46	21	91.795273	Λα-
4	1	106	1	4	0	784	2355	353	29	-1	
5	1	106	1	4	1	784	2355	78	21	85.664261	Κωνία.
5	1	106	1	4	2	873	2356	49	21	96.926575	Τό
5	1	106	1	4	3	919	2357	116	27	92.653328	Γυμνάσιο
5	1	106	1	4	4	1047	2358	90	22	91.557922	Καστο-
4	1	106	1	5	0	784	2391	352	28	-1	
5	1	106	1	5	1	784	2390	64	27	0.000000	ῥείου
5	1	106	1	5	2	865	2391	39	20	72.335037	δέν
5	1	106	1	5	3	920	2393	142	26	93.194092	προκρίθηκε
5	1	106	1	5	4	1078	2401	58	13	91.931778	που-
4	1	106	1	6	0	786	2425	62	21	-1	
5	1	106	1	6	1	786	2425	62	21	92.072235	θενά.
3	1	106	2	0	0	1005	2468	99	22	-1	
4	1	106	2	1	0	1005	2468	99	22	-1	
5	1	106	2	1	1	1005	2468	65	22	32.620552	Π.Μ.
5	1	106	2	1	2	1083	2469	21	21	41.296051	ᾱ.
2	1	107	0	0	0	790	2523	321	8	-1	
3	1	107	1	0	0	790	2523	321	8	-1	
4	1	107	1	1	0	790	2523	321	8	-1	
5	1	107	1	1	1	790	2523	321	8	95.000000	 
2	1	108	0	0	0	857	2554	211	76	-1	
3	1	108	1	0	0	857	2554	211	76	-1	
4	1	108	1	1	0	857	2554	211	23	-1	
5	1	108	1	1	1	857	2554	147	22	37.048473	ΗΡΟΣΟΧΣΗ
5	1	108	1	1	2	1014	2556	54	21	78.279716	ΣΤΑ.
4	1	108	1	2	0	864	2607	195	23	-1	
5	1	108	1	2	1	864	2607	195	23	42.914780	ΡΑΝΤΙΣΜΑ/ΙΓΑ.
2	1	109	0	0	0	802	2694	330	27	-1	
3	1	109	1	0	0	802	2694	330	27	-1	
4	1	109	1	1	0	802	2694	330	27	-1	
5	1	109	1	1	1	802	2694	50	22	86.702019	᾿Από
5	1	109	1	1	2	863	2696	178	22	38.859993	ΒΡΒΙΝΕΙΡΙΙΡ
5	1	109	1	1	3	1053	2698	79	23	23.422112	0.5.Α.
2	1	110	0	0	0	772	2772	149	195	-1	
3	1	110	1	0	0	772	2772	149	195	-1	
4	1	110	1	1	0	856	2772	63	52	-1	
5	1	110	1	1	1	856	2772	63	52	95.000000	  
4	1	110	1	2	0	772	2837	149	37	-1	
5	1	110	1	2	1	772	2837	149	37	95.000000	 
4	1	110	1	3	0	772	2874	149	93	-1	
5	1	110	1	3	1	772	2874	149	93	95.000000	 
2	1	111	0	0	0	779	2729	352	202	-1	
3	1	111	1	0	0	779	2729	352	174	-1	
4	1	111	1	1	0	779	2729	352	36	-1	
5	1	111	1	1	1	779	2730	9	21	88.493958	ὁ
5	1	111	1	1	2	799	2738	18	13	83.437935	κ.
5	1	111	1	1	3	827	2730	78	23	47.839539	ζωνστ.
5	1	111	1	1	4	917	2732	54	22	36.842060	Αντ,
5	1	111	1	1	5	983	2729	148	36	0.000000	Τιαυναβιάλνης,
4	1	111	1	2	0	779	2767	352	29	-1	
5	1	111	1	2	1	779	2773	38	18	91.106888	μᾶς
5	1	111	1	2	2	832	2774	35	13	63.659332	ἔστι
5	1	111	1	2	3	923	2767	31	21	92.959381	δύο
5	1	111	1	2	4	972	2768	86	27	2.041214	χρήσιμα
5	1	111	1	2	5	1072	2769	59	27	71.934387	τεύχη
4	1	111	1	3	0	779	2802	351	27	-1	
5	1	111	1	3	1	779	2802	32	20	88.986275	ποὺ
5	1	111	1	3	2	829	2802	25	20	66.571060	Τι
5	1	111	1	3	3	906	2802	86	27	8.235771	Ιστημίρυ
5	1	111	1	3	4	1007	2805	36	24	93.221130	τῆς
5	1	111	1	3	5	1058	2805	72	21	33.626610	Ν[ασσα
4	1	111	1	4	0	829	2836	301	30	-1	
5	1	111	1	4	1	829	2836	31	27	12.308159	έτης.,
5	1	111	1	4	2	901	2837	28	21	91.274712	πού
5	1	111	1	4	3	942	2838	128	28	84.631302	ἀναφέρονται
5	1	111	1	4	4	1097	2840	33	21	88.315506	καί
4	1	111	1	5	0	923	2874	206	57	-1	
5	1	111	1	5	1	923	2874	52	56	12.277260	ας
5	1	111	1	5	2	982	2919	2	12	0.000000	Ὃ
5	1	111	1	5	3	1046	2876	83	27	15.625145	ο
2	1	112	0	0	0	773	2996	263	62	-1	
3	1	112	1	0	0	773	2996	263	62	-1	
4	1	112	1	1	0	807	2996	229	24	-1	
5	1	112	1	1	1	807	2996	155	23	44.007015	ΗΡΟΣΟΣΗ!
5	1	112	1	1	2	978	2998	58	22	49.715332	Ὅσοι
4	1	112	1	2	0	773	3031	75	27	-1	
5	1	112	1	2	1	773	3033	42	23	70.557777	ζουν
5	1	112	1	2	2	826	3031	22	27	88.863838	µέ
2	1	113	0	0	0	873	3000	254	63	-1	
3	1	113	1	0	0	873	3000	254	63	-1	
4	1	113	1	1	0	1064	3000	63	27	-1	
5	1	113	1	1	1	1064	3000	63	27	85.499100	ραντί-
4	1	113	1	2	0	873	3033	253	30	-1	
5	1	113	1	2	1	873	3033	127	27	0.000000	υτοφάρµίσιια
5	1	113	1	2	2	1011	3034	24	22	93.306152	νά
5	1	113	1	2	3	1045	3035	81	28	58.996544	ἐφαρμό-
2	1	114	0	0	0	852	3041	30	23	-1	
3	1	114	1	0	0	852	3041	30	23	-1	
4	1	114	1	1	0	852	3041	30	23	-1	
5	1	114	1	1	1	852	3041	30	23	95.000000	 
2	1	115	0	0	0	773	3068	286	29	-1	
3	1	115	1	0	0	773	3068	286	29	-1	
4	1	115	1	1	0	773	3068	279	16	-1	
5	1	115	1	1	1	773	3069	34	15	85.657722	ζρυ)
5	1	115	1	1	2	844	3068	208	16	80.668404	ἀὐστηρὰ
5	1	115	1	1	3	925	3064	36	28	93.287758	τίς
5	1	115	1	1	4	972	3068	80	16	0.000000	ῥδρμίςς,
4	1	115	1	2	0	774	3075	285	22	-1	
5	1	115	1	2	1	774	3075	41	16	53.749294	ζου)
5	1	115	1	2	2	829	3076	87	20	83.738365	ἀὐστηρὰ
5	1	115	1	2	3	933	3078	26	16	88.351662	τίς
5	1	115	1	2	4	973	3079	86	18	32.843445	ὁδηγίες.
2	1	116	0	0	0	1138	65	50	3038	-1	
3	1	116	1	0	0	1138	65	50	3038	-1	
4	1	116	1	1	0	1138	65	50	3038	-1	
5	1	116	1	1	1	1138	65	50	3038	95.000000	 
2	1	117	0	0	0	1403	133	3	19	-1	
3	1	117	1	0	0	1403	133	3	19	-1	
4	1	117	1	1	0	1403	133	3	19	-1	
5	1	117	1	1	1	1403	133	3	19	95.000000	 
2	1	118	0	0	0	1239	145	730	17	-1	
3	1	118	1	0	0	1239	145	730	17	-1	
4	1	118	1	1	0	1239	145	730	17	-1	
5	1	118	1	1	1	1239	145	730	17	95.000000	 
2	1	119	0	0	0	1700	119	4	109	-1	
3	1	119	1	0	0	1700	119	4	109	-1	
4	1	119	1	1	0	1700	119	4	109	-1	
5	1	119	1	1	1	1700	119	4	109	95.000000	 
2	1	120	0	0	0	1799	175	3	48	-1	
3	1	120	1	0	0	1799	175	3	48	-1	
4	1	120	1	1	0	1799	175	3	48	-1	
5	1	120	1	1	1	1799	175	3	48	95.000000	 
2	1	121	0	0	0	1191	54	1120	209	-1	
3	1	121	1	0	0	1191	54	1120	209	-1	
4	1	121	1	1	0	1191	54	1120	209	-1	
5	1	121	1	1	1	1191	54	1120	209	95.000000	  
2	1	122	0	0	0	1713	225	149	40	-1	
3	1	122	1	0	0	1713	225	149	35	-1	
4	1	122	1	1	0	1713	225	148	28	-1	
5	1	122	1	1	1	1713	237	29	16	23.130943	ρα
5	1	122	1	1	2	1851	225	10	20	22.236397	τν
4	1	122	1	2	0	1713	246	149	19	-1	
5	1	122	1	2	1	1713	246	100	19	0.000000	ορισχεται
5	1	122	1	2	2	1827	247	35	18	95.765450	στη
2	1	123	0	0	0	1205	233	731	127	-1	
3	1	123	1	0	0	1205	233	731	127	-1	
4	1	123	1	1	0	1207	233	729	69	-1	
5	1	123	1	1	1	1207	268	49	20	68.192947	᾿Από
5	1	123	1	1	2	1280	277	20	18	10.033684	ἂν
5	1	123	1	1	3	1347	233	49	62	11.362137	ο
5	1	123	1	1	4	1385	278	42	18	35.363388	νο
5	1	123	1	1	5	1447	244	82	47	0.000000	ολοι
5	1	123	1	1	6	1547	271	23	25	0.000000	μέ
5	1	123	1	1	7	1581	237	39	56	7.711426	να
5	1	123	1	1	8	1612	280	53	16	5.461075	Όκες,
5	1	123	1	1	9	1680	272	57	27	48.160915	φότος
5	1	123	1	1	10	1750	274	58	27	96.950020	χάρις
5	1	123	1	1	11	1823	274	43	25	85.088715	στίς
5	1	123	1	1	12	1892	284	44	18	53.842705	φροντ
4	1	123	1	2	0	1205	290	719	46	-1	
5	1	123	1	2	1	1205	302	81	27	14.287422	σιώΦηκε
5	1	123	1	2	2	1311	303	23	26	72.462769	μέ
5	1	123	1	2	3	1347	305	173	28	83.489754	τριανταφυλλιές,
5	1	123	1	2	4	1535	306	121	29	61.381008	πυρὰκανθα,
5	1	123	1	2	5	1669	308	33	21	14.863907	ναί
5	1	123	1	2	6	1715	308	54	22	12.888260	ἄλίνα
5	1	123	1	2	7	1782	310	19	21	0.000000	ἀς
5	1	123	1	2	8	1814	291	63	45	0.000000	θαλῆ.
5	1	123	1	2	9	1890	290	34	42	0.000000	ο
4	1	123	1	3	0	1206	340	90	20	-1	
5	1	123	1	3	1	1206	340	35	19	54.500534	λια
5	1	123	1	3	2	1258	347	38	13	94.236351	του.
2	1	124	0	0	0	1383	384	70	13	-1	
3	1	124	1	0	0	1383	384	70	13	-1	
4	1	124	1	1	0	1383	384	70	13	-1	
5	1	124	1	1	1	1383	375	70	22	90.231216	εἶναιν
2	1	125	0	0	0	1384	411	94	27	-1	
3	1	125	1	0	0	1384	411	94	27	-1	
4	1	125	1	1	0	1384	411	94	27	-1	
5	1	125	1	1	1	1384	411	44	27	84.708832	εὖπρ
5	1	125	1	1	2	1430	420	48	16	0.000000	Ἔπες
2	1	126	0	0	0	1445	447	24	21	-1	
3	1	126	1	0	0	1445	447	24	21	-1	
4	1	126	1	1	0	1445	447	24	21	-1	
5	1	126	1	1	1	1445	447	24	21	96.942665	θά
2	1	127	0	0	0	1235	374	135	27	-1	
3	1	127	1	0	0	1235	374	135	27	-1	
4	1	127	1	1	0	1235	374	135	27	-1	
5	1	127	1	1	1	1235	374	135	27	20.954964	Απαραίτητο
2	1	128	0	0	0	1203	409	708	35	-1	
3	1	128	1	0	0	1203	409	708	35	-1	
4	1	128	1	1	0	1203	409	708	35	-1	
5	1	128	1	1	1	1203	409	104	27	69.702675	παρουσιὰζ
5	1	128	1	1	2	1482	430	3	9	0.000000	;
5	1	128	1	1	3	1498	409	161	35	4.911537	ὠριαιοποιηέμνο,
5	1	128	1	1	4	1678	414	32	22	13.944763	παί
5	1	128	1	1	5	1726	416	126	26	37.210655	πολιτισμένο
5	1	128	1	1	6	1868	417	43	21	89.086838	σύνο
2	1	129	0	0	0	1296	406	80	53	-1	
3	1	129	1	0	0	1296	406	80	53	-1	
4	1	129	1	1	0	1296	406	80	53	-1	
5	1	129	1	1	1	1296	406	80	53	95.000000	   
2	1	130	0	0	0	1203	445	678	33	-1	
3	1	130	1	0	0	1203	445	678	33	-1	
4	1	130	1	1	0	1203	445	678	33	-1	
5	1	130	1	1	1	1203	453	30	14	40.995590	ναι
5	1	130	1	1	2	1246	445	15	26	23.420509	Ἡ.
5	1	130	1	1	3	1286	445	75	28	30.578552	Ειτρίνα
5	1	130	1	1	4	1373	454	59	18	94.954269	µας...
5	1	130	1	1	5	1449	441	20	39	95.504677	θά
5	1	130	1	1	6	1484	448	34	25	88.067703	τήν
5	1	130	1	1	7	1530	449	129	27	25.329346	Χαμιαρώνουν
5	1	130	1	1	8	1671	450	41	21	90.627983	ὅλοι
5	1	130	1	1	9	1726	451	15	21	96.702835	αἱ
5	1	130	1	1	10	1755	451	126	27	39.750389	διερχόµειοι.
2	1	131	0	0	0	1878	241	57	61	-1	
3	1	131	1	0	0	1878	241	57	61	-1	
4	1	131	1	1	0	1878	241	57	61	-1	
5	1	131	1	1	1	1878	241	57	61	95.000000	 
2	1	132	0	0	0	1457	376	583	34	-1	
3	1	132	1	0	0	1457	376	583	34	-1	
4	1	132	1	1	0	1457	376	583	34	-1	
5	1	132	1	1	1	1453	372	15	38	26.113144	ἃὰ
5	1	132	1	1	2	1480	378	161	27	42.129379	ὀλοκληρωθεῖ
5	1	132	1	1	3	1633	372	14	38	92.163689	ὁ
5	1	132	1	1	4	1660	380	122	26	35.079338	χαλοπισμός
5	1	132	1	1	5	1796	380	46	22	46.787601	ὅλου
5	1	132	1	1	6	1856	383	31	20	96.965668	τοῦ
5	1	132	1	1	7	1900	382	71	28	93.220871	χώρου,
5	1	132	1	1	8	1985	382	55	28	24.898613	µέηρ'
2	1	133	0	0	0	2190	243	30	4	-1	
3	1	133	1	0	0	2190	243	30	4	-1	
4	1	133	1	1	0	2190	243	30	4	-1	
5	1	133	1	1	1	2190	243	30	4	95.000000	 
2	1	134	0	0	0	2249	238	62	25	-1	
3	1	134	1	0	0	2249	238	62	25	-1	
4	1	134	1	1	0	2249	238	62	25	-1	
5	1	134	1	1	1	2249	238	62	25	95.000000	 
2	1	135	0	0	0	1936	248	330	92	-1	
3	1	135	1	0	0	1936	248	330	92	-1	
4	1	135	1	1	0	1936	248	313	21	-1	
5	1	135	1	1	1	1936	240	48	23	12.802231	ιαίκ
5	1	135	1	1	2	1998	240	51	27	64.649620	φάση
5	1	135	1	1	3	2062	243	37	19	93.112617	τῶν
5	1	135	1	1	4	2117	242	95	27	1.578247	ἐρηασιῶν
5	1	135	1	1	5	2227	251	22	13	91.520241	τοι
4	1	135	1	2	0	1940	275	326	30	-1	
5	1	135	1	2	1	1940	275	40	25	78.129059	ἴδες
5	1	135	1	2	2	1994	278	31	20	93.244217	τοῦ
5	1	135	1	2	3	2038	286	18	12	81.352310	κ..
5	1	135	1	2	4	2069	278	21	21	36.820114	10.
5	1	135	1	2	5	2104	278	93	27	57.145988	Σ]μυρνιοῦ
5	1	135	1	2	6	2209	279	57	20	0.000000	πιναι-
4	1	135	1	3	0	1937	311	329	29	-1	
5	1	135	1	3	1	1937	311	29	21	28.168724	Φὰ
5	1	135	1	3	2	1980	314	81	24	50.205849	κοσμοῦν
5	1	135	1	3	3	2076	312	24	22	93.297508	τά
5	1	135	1	3	4	2116	314	73	26	50.805134	ὄμορφα
5	1	135	1	3	5	2201	314	65	24	92.440224	πεζού-
2	1	136	0	0	0	2056	383	210	29	-1	
3	1	136	1	0	0	2056	383	210	29	-1	
4	1	136	1	1	0	2056	383	210	29	-1	
5	1	136	1	1	1	2056	383	21	22	93.286629	τό
5	1	136	1	1	2	2089	384	92	28	16.298561	γκαρὰξι,
5	1	136	1	1	3	2194	385	34	26	96.531876	γιά
5	1	136	1	1	4	2241	385	25	21	63.495449	νὰ
2	1	137	0	0	0	1913	418	353	27	-1	
3	1	137	1	0	0	1913	418	353	27	-1	
4	1	137	1	1	0	1913	418	353	27	-1	
5	1	137	1	1	1	1913	419	22	20	85.723503	λο
5	1	137	1	1	2	1945	418	13	21	76.444855	ἡ
5	1	137	1	1	3	2176	428	47	17	83.556732	µιας.
5	1	137	1	1	4	2233	420	33	21	27.428734	Εἰ-
2	1	138	0	0	0	1955	418	182	29	-1	
3	1	138	1	0	0	1955	418	182	29	-1	
4	1	138	1	1	0	1955	418	182	29	-1	
5	1	138	1	1	1	1955	435	3	9	37.359833	ᾗ
5	1	138	1	1	2	1968	418	75	25	86.988129	εἴσοδος
5	1	138	1	1	3	2054	421	31	20	93.265221	τοῦ
5	1	138	1	1	4	2097	428	40	19	92.594109	χωρ
2	1	139	0	0	0	2142	428	45	18	-1	
3	1	139	1	0	0	2142	428	45	18	-1	
4	1	139	1	1	0	2142	428	45	18	-1	
5	1	139	1	1	1	2142	428	45	18	95.000000	 
2	1	140	0	0	0	1211	493	1048	22	-1	
3	1	140	1	0	0	1211	493	1048	22	-1	
4	1	140	1	1	0	1211	493	1048	22	-1	
5	1	140	1	1	1	1211	493	1048	22	95.000000	 
2	1	141	0	0	0	1204	535	673	72	-1	
3	1	141	1	0	0	1204	535	673	72	-1	
4	1	141	1	1	0	1204	535	673	72	-1	
5	1	141	1	1	1	1204	535	210	72	13.446350	ΣΗΝΕΜΟΣ
5	1	141	1	1	2	1436	538	270	55	21.070091	ΗΙΡΠΙΣΙΛΝΗΝ
5	1	141	1	1	3	1726	541	151	55	11.144501	ΛΤΠΙΙΚΙ)
2	1	142	0	0	0	1300	652	481	63	-1	
3	1	142	1	0	0	1300	652	481	63	-1	
4	1	142	1	1	0	1300	652	481	26	-1	
5	1	142	1	1	1	1300	652	247	23	19.328728	ΑΠΙΟΤΡΛΗΣΜΑ/ΤΑ
5	1	142	1	1	2	1558	655	58	20	95.664246	ΤΗΣ
5	1	142	1	1	3	1630	656	151	22	61.991711	ΠΕΡΙΟΔΟΥ
4	1	142	1	2	0	1410	687	257	28	-1	
5	1	142	1	2	1	1410	687	97	25	42.195621	11)6)79
5	1	142	1	2	2	1515	689	152	26	44.728462	---81)19)80
2	1	143	0	0	0	1424	612	235	8	-1	
3	1	143	1	0	0	1424	612	235	8	-1	
4	1	143	1	1	0	1424	612	235	8	-1	
5	1	143	1	1	1	1424	612	235	8	95.000000	 
2	1	144	0	0	0	1406	732	265	7	-1	
3	1	144	1	0	0	1406	732	265	7	-1	
4	1	144	1	1	0	1406	732	265	7	-1	
5	1	144	1	1	1	1406	732	265	7	95.000000	 
2	1	145	0	0	0	1198	753	677	70	-1	
3	1	145	1	0	0	1198	753	677	70	-1	
4	1	145	1	1	0	1301	753	478	28	-1	
5	1	145	1	1	1	1301	753	36	21	0.000000	ΠΗ1.
5	1	145	1	1	2	1348	753	99	23	81.156731	ΕΙΔΙΚΗ
5	1	145	1	1	3	1458	755	140	23	86.176743	ΑΝΑΛΥΣΗ
5	1	145	1	1	4	1609	758	59	21	92.144722	ΤΩΝ
5	1	145	1	1	5	1683	760	96	21	91.826706	ΠΟΣΩΝ
4	1	145	1	2	0	1198	787	677	36	-1	
5	1	145	1	2	1	1198	787	46	21	95.878792	ΓΙΑ
5	1	145	1	2	2	1258	788	158	23	95.878792	ΟΛΟΚΛΗΡΗ
5	1	145	1	2	3	1428	791	60	22	95.192047	ΤΗΝ
5	1	145	1	2	4	1501	792	126	23	92.952827	ΠΕΡΙΟΔΟ
5	1	145	1	2	5	1644	794	33	26	72.581367	|7)
5	1	145	1	2	6	1685	795	23	26	0.000000	6)
5	1	145	1	2	7	1715	795	78	27	0.000000	79-31)
5	1	145	1	2	8	1806	797	69	26	88.915894	12)80
2	1	146	0	0	0	1168	1373	307	166	-1	
3	1	146	1	0	0	1168	1373	307	166	-1	
4	1	146	1	1	0	1168	1373	307	166	-1	
5	1	146	1	1	1	1168	1373	307	166	95.000000	     
2	1	147	0	0	0	1170	844	717	701	-1	
3	1	147	1	0	0	1175	844	712	486	-1	
4	1	147	1	1	0	1468	844	136	23	-1	
5	1	147	1	1	1	1468	844	136	23	77.230362	ΕΣΟΙΔΙΑ
4	1	147	1	2	0	1181	874	706	32	-1	
5	1	147	1	2	1	1181	874	108	22	48.637276	ὙὝπόλοπο
5	1	147	1	2	2	1303	876	55	21	82.148308	19768
5	1	147	1	2	3	1758	888	5	4	17.244003	σος
5	1	147	1	2	4	1809	884	78	22	0.000000	ρ0.5τ5
4	1	147	1	3	0	1180	910	707	32	-1	
5	1	147	1	3	1	1180	910	112	26	58.740494	Συνδρομές
5	1	147	1	3	2	1305	911	36	21	93.287170	ἀπό
5	1	147	1	3	3	1354	912	125	27	87.522537	ἀρχαιρεσίες
5	1	147	1	3	4	1496	914	94	27	0.000000	17)
5	1	147	1	3	5	1533	906	27	39	0.000000	6)
5	1	147	1	3	6	1566	906	26	39	39.580921	τ9
5	1	147	1	3	7	1810	920	77	22	56.364182	51.900
4	1	147	1	4	0	1180	945	706	32	-1	
5	1	147	1	4	1	1180	945	111	27	24.723663	Συνδρομές
5	1	147	1	4	2	1305	947	56	24	92.959724	ἔτους
5	1	147	1	4	3	1380	947	54	24	89.359367	1980
5	1	147	1	4	4	1845	955	41	22	95.610664	800
4	1	147	1	5	0	1180	980	706	32	-1	
5	1	147	1	5	1	1180	980	60	21	58.006420	Τόποι
5	1	147	1	5	2	1256	981	53	22	90.334267	1919
5	1	147	1	5	3	1822	991	64	21	0.000000	Αοπά
4	1	147	1	6	0	1179	1015	705	33	-1	
5	1	147	1	6	1	1179	1015	59	23	6.282814	Τόκιο,
5	1	147	1	6	2	1253	1017	55	22	83.684418	1980
5	1	147	1	6	3	1807	1026	77	22	86.958038	29.954
4	1	147	1	7	0	1178	1051	705	33	-1	
5	1	147	1	7	1	1178	1051	80	27	93.277740	Δωρεές
5	1	147	1	7	2	1271	1055	64	24	79.806725	μολῶν
5	1	147	1	7	3	1359	1054	32	21	0.000000	γα
5	1	147	1	7	4	1405	1054	61	28	35.520889	φίλωιν
5	1	147	1	7	5	1481	1058	31	20	92.837959	τοῦ
5	1	147	1	7	6	1525	1057	110	27	40.321342	Σωηδέσμου
5	1	147	1	7	7	1792	1062	91	22	64.763321	499.550
4	1	147	1	8	0	1286	1091	495	28	-1	
5	1	147	1	8	1	1286	1091	210	23	58.489662	ΛΟΓΙΑΡΙΑΣΜΟΣ
5	1	147	1	8	2	1509	1094	207	24	92.987137	ΗΜΕΡΟΛΟΓΙΟΥ
5	1	147	1	8	3	1729	1098	52	21	57.253899	|Ι980
4	1	147	1	9	0	1178	1122	709	43	-1	
5	1	147	1	9	1	1178	1122	74	22	49.461727	σοδα
5	1	147	1	9	2	1269	1124	35	22	93.044426	ἀπό
5	1	147	1	9	3	1324	1124	106	28	74.254745	ἐσωπερικό
5	1	147	1	9	4	1792	1129	95	36	71.527679	199.000.
4	1	147	1	10	0	1177	1158	703	33	-1	
5	1	147	1	10	1	1177	1158	76	23	6.935898	Ἴθσοδα
5	1	147	1	10	2	1267	1160	36	22	93.273224	ἀπό
5	1	147	1	10	3	1317	1161	108	27	89.806625	ἐξωτερικό
5	1	147	1	10	4	1805	1169	23	20	0.000000	πι
5	1	147	1	10	5	1838	1169	42	22	0.000000	ση
4	1	147	1	11	0	1177	1193	702	33	-1	
5	1	147	1	11	1	1177	1193	85	24	0.000000	Ἀύναλου
5	1	147	1	11	2	1276	1195	70	22	37.142120	ἐσόδων
5	1	147	1	11	3	1790	1204	89	22	44.733734	21.91
4	1	147	1	12	0	1176	1229	706	33	-1	
5	1	147	1	12	1	1176	1229	83	22	38.400043	Μεῖο
5	1	147	1	12	2	1260	1231	75	25	0.000000	δᾳπάμες
5	1	147	1	12	3	1347	1232	98	25	72.338188	ἐχδάσεως
5	1	147	1	12	4	1457	1234	41	21	55.419308	019
5	1	147	1	12	5	1510	1235	74	27	0.000000	ἡμιεροῖ.
5	1	147	1	12	6	1804	1240	78	22	0.000000	8.46
4	1	147	1	13	0	1175	1265	706	32	-1	
5	1	147	1	13	1	1175	1265	78	21	3.261024	Μτόν
5	1	147	1	13	2	1270	1266	64	21	68.912811	ἔσοδον
5	1	147	1	13	3	1791	1275	90	22	71.857506	148.955
4	1	147	1	14	0	1373	1304	312	26	-1	
5	1	147	1	14	1	1373	1304	93	22	79.220734	ΜΕΙΟΝ
5	1	147	1	14	2	1484	1306	84	22	90.626884	ΑΛΛΑ
5	1	147	1	14	3	1584	1308	101	22	87.116653	ΕΞΟΔΑ.
3	1	147	2	0	0	1174	1331	707	108	-1	
4	1	147	2	1	0	1174	1331	707	37	-1	
5	1	147	2	1	1	1174	1331	104	35	27.879326	Φάκελιλοι
5	1	147	2	1	2	1818	1346	63	22	23.364410	1.1π0
4	1	147	2	2	0	1170	1367	709	60	-1	
5	1	147	2	2	1	1170	1367	10	60	16.228317	κ
5	1	147	2	2	2	1245	1371	87	52	22.285797	ια
5	1	147	2	2	3	1350	1373	6	12	77.196846	ἐ
5	1	147	2	2	4	1803	1381	76	23	88.231178	19.079
4	1	147	2	3	0	1707	1415	172	24	-1	
5	1	147	2	3	1	1707	1415	62	21	49.764320	4δδ
5	1	147	2	3	2	1802	1416	77	23	0.000000	18.4
3	1	147	3	0	0	1780	1452	99	22	-1	
4	1	147	3	1	0	1780	1452	99	22	-1	
5	1	147	3	1	1	1780	1452	99	22	32.823532	190.418
3	1	147	4	0	0	1785	1487	90	22	-1	
4	1	147	4	1	0	1785	1487	90	22	-1	
5	1	147	4	1	1	1785	1487	90	22	28.033051	659.591
3	1	147	5	0	0	1172	1513	702	32	-1	
4	1	147	5	1	0	1172	1513	702	32	-1	
5	1	147	5	1	1	1172	1513	36	21	63.335346	Ἔνν
5	1	147	5	1	2	1247	1517	83	24	33.960777	μεταφορᾶς
5	1	147	5	1	3	1785	1523	89	22	83.408340	059.581
2	1	148	0	0	0	1171	1551	706	170	-1	
3	1	148	1	0	0	1181	1551	696	170	-1	
4	1	148	1	1	0	1263	1551	526	40	-1	
5	1	148	1	1	1	1263	1551	209	39	70.041039	ΛΟΓΑΡΙΑΣΜΟΣ
5	1	148	1	1	2	1483	1554	240	37	75.105225	ΧΟΡΟΕΣΠΕΡΙΔΑΣ
5	1	148	1	1	3	1737	1559	52	20	88.859573	1980
4	1	148	1	2	0	1171	1581	706	33	-1	
5	1	148	1	2	1	1171	1581	75	21	23.915047	"Ἠσοδα
5	1	148	1	2	2	1259	1583	35	22	90.190208	ἀπό
5	1	148	1	2	3	1307	1583	84	22	31.121033	διάφεση
5	1	148	1	2	4	1453	1585	61	27	73.493118	ηρίων
5	1	148	1	2	5	1785	1591	92	23	77.570885	151.000
4	1	148	1	3	0	1812	1627	63	22	-1	
5	1	148	1	3	1	1812	1627	63	22	70.793518	9.100
4	1	148	1	4	0	1784	1662	91	23	-1	
5	1	148	1	4	1	1784	1662	91	23	0.000000	154.00
4	1	148	1	5	0	1783	1698	92	23	-1	
5	1	148	1	5	1	1783	1698	92	23	91.488129	108.640
2	1	149	0	0	0	1391	1593	72	17	-1	
3	1	149	1	0	0	1391	1593	72	17	-1	
4	1	149	1	1	0	1391	1593	72	17	-1	
5	1	149	1	1	1	1391	1593	72	17	95.000000	 
2	1	150	0	0	0	1170	1616	175	24	-1	
3	1	150	1	0	0	1170	1616	175	24	-1	
4	1	150	1	1	0	1170	1616	175	24	-1	
5	1	150	1	1	1	1170	1616	75	21	18.017891	σοδα
5	1	150	1	1	2	1260	1618	36	22	92.877777	ἀπό
5	1	150	1	1	3	1315	1618	30	21	48.750031	δ.ά
2	1	151	0	0	0	1346	1626	35	14	-1	
3	1	151	1	0	0	1346	1626	35	14	-1	
4	1	151	1	1	0	1346	1626	35	14	-1	
5	1	151	1	1	1	1346	1626	35	14	95.000000	 
2	1	152	0	0	0	1169	1623	383	52	-1	
3	1	152	1	0	0	1169	1623	383	52	-1	
4	1	152	1	1	0	1384	1623	168	25	-1	
5	1	152	1	1	1	1384	1628	10	17	84.765213	η
5	1	152	1	1	2	1410	1628	41	18	96.342110	φωτ
5	1	152	1	1	3	1453	1628	70	20	0.000000	ογριαφι
5	1	152	1	1	4	1526	1623	26	19	65.360077	ὢν
4	1	152	1	2	0	1169	1651	158	24	-1	
5	1	152	1	2	1	1169	1651	75	22	56.931339	Σόμολο
5	1	152	1	2	2	1256	1653	71	22	92.010773	ἐσόδων
2	1	153	0	0	0	1168	1687	540	34	-1	
3	1	153	1	0	0	1168	1687	540	34	-1	
4	1	153	1	1	0	1168	1687	540	30	-1	
5	1	153	1	1	1	1168	1687	63	22	19.956512	Ἠ]εῖου
5	1	153	1	1	2	1246	1688	33	22	93.143539	ὅσα
5	1	153	1	1	3	1297	1691	160	26	38.242500	καταβιλήΦηκαν
5	1	153	1	1	4	1471	1692	33	21	80.503807	στὀ
5	1	153	1	1	5	1519	1693	69	23	85.018143	χέντρο
5	1	153	1	1	6	1606	1695	24	21	0.000000	«Γ
5	1	153	1	1	7	1634	1695	74	22	44.850662	ΑΘΑ»
4	1	153	1	2	0	1568	1714	2	7	-1	
5	1	153	1	2	1	1568	1714	2	7	48.552597	ἵ
2	1	154	0	0	0	1168	1723	706	69	-1	
3	1	154	1	0	0	1168	1723	706	69	-1	
4	1	154	1	1	0	1168	1723	706	33	-1	
5	1	154	1	1	1	1168	1723	83	27	62.749573	Καθαρό
5	1	154	1	1	2	1268	1724	70	27	66.662697	κέρδος
5	1	154	1	1	3	1351	1727	152	27	87.687057	χοροεσπερίδας
5	1	154	1	1	4	1798	1734	76	22	84.950645	46.060
4	1	154	1	2	0	1168	1759	703	33	-1	
5	1	154	1	2	1	1168	1759	100	22	36.972862	Συνοληκὰ
5	1	154	1	2	2	1282	1760	57	22	54.293800	ἔσοδα
5	1	154	1	2	3	1781	1769	90	23	0.000000	τθς.σ9/
2	1	155	0	0	0	1165	1796	707	102	-1	
3	1	155	1	0	0	1165	1796	707	102	-1	
4	1	155	1	1	0	1196	1796	648	32	-1	
5	1	155	1	1	1	1196	1796	201	24	96.057144	ΑΦΑΙΡΟΥΝΤΑΙ
5	1	155	1	1	2	1412	1800	146	23	96.201149	ΔΙΑΦΟΡΕΣ
5	1	155	1	1	3	1573	1803	119	22	95.937843	ΓΕΝΙΚΕΣ
5	1	155	1	1	4	1705	1805	139	23	91.364494	ΔΑΠΑΝΕΣ
4	1	155	1	2	0	1167	1830	700	32	-1	
5	1	155	1	2	1	1167	1830	138	28	0.000000	Κοινόχρηστα
5	1	155	1	2	2	1796	1841	71	21	52.725796	11.944
4	1	155	1	3	0	1165	1865	707	33	-1	
5	1	155	1	3	1	1165	1865	73	23	70.489883	Τενηκά
5	1	155	1	3	2	1255	1867	62	24	78.585548	ἔξοδα
5	1	155	1	3	3	1810	1876	62	22	79.723221	198
2	1	156	0	0	0	1570	1909	301	61	-1	
3	1	156	1	0	0	1570	1909	301	61	-1	
4	1	156	1	1	0	1570	1909	161	26	-1	
5	1	156	1	1	1	1570	1909	84	21	41.845665	οχϊνασία
5	1	156	1	1	2	1666	1910	65	25	66.106026	1919)
4	1	156	1	2	0	1684	1946	187	24	-1	
5	1	156	1	2	1	1684	1946	76	22	73.994598	10.109.
5	1	156	1	2	2	1793	1947	78	23	77.812119	399.448
2	1	157	0	0	0	1166	1901	190	28	-1	
3	1	157	1	0	0	1166	1901	190	28	-1	
4	1	157	1	1	0	1166	1901	190	28	-1	
5	1	157	1	1	1	1166	1901	90	28	26.150627	Διάφορα
5	1	157	1	1	2	1269	1903	87	26	8.253769	(συνδρομ.
2	1	158	0	0	0	1477	1908	91	26	-1	
3	1	158	1	0	0	1477	1908	25	19	-1	
4	1	158	1	1	0	1477	1908	8	19	-1	
5	1	158	1	1	1	1470	1908	15	19	33.148018	[ο
4	1	158	1	2	0	1488	1914	14	13	-1	
5	1	158	1	2	1	1488	1914	14	13	59.759922	9)
3	1	158	2	0	0	1546	1916	22	18	-1	
4	1	158	2	1	0	1546	1916	8	18	-1	
5	1	158	2	1	1	1537	1907	17	27	60.806946	ο
4	1	158	2	2	0	1559	1916	9	12	-1	
5	1	158	2	2	1	1559	1916	9	12	0.000000	..
2	1	159	0	0	0	1164	1972	706	69	-1	
3	1	159	1	0	0	1164	1972	706	69	-1	
4	1	159	1	1	0	1164	1972	706	33	-1	
5	1	159	1	1	1	1164	1972	86	28	23.863579	Καθαρό
5	1	159	1	1	2	1262	1974	54	21	68.436005	ἔσοδο
5	1	159	1	1	3	1777	1983	93	22	68.674576	616.149
4	1	159	1	2	0	1164	2007	706	34	-1	
5	1	159	1	2	1	1164	2007	62	22	67.638092	Μεῖον
5	1	159	1	2	2	1238	2009	93	30	90.734459	ὑπόλοιπο
5	1	159	1	2	3	1340	2010	13	21	79.837250	9
5	1	159	1	2	4	1384	2011	36	25	36.414761	)9)
5	1	159	1	2	5	1430	2012	52	22	93.642113	1980
5	1	159	1	2	6	1781	2018	89	23	67.378815	21.185
2	1	160	0	0	0	1166	2043	703	33	-1	
3	1	160	1	0	0	1166	2043	703	33	-1	
4	1	160	1	1	0	1166	2043	703	33	-1	
5	1	160	1	1	1	1166	2043	58	22	32.950890	Ποσό
5	1	160	1	1	2	1236	2045	33	20	93.300102	πού
5	1	160	1	1	3	1280	2045	106	27	0.000000	διαπέθη]κε
5	1	160	1	1	4	1397	2047	19	21	91.475281	σὲ
5	1	160	1	1	5	1431	2048	82	27	45.457207	2ιάφορα
5	1	160	1	1	6	1523	2049	49	27	85.467148	ἔργα
5	1	160	1	1	7	1777	2054	92	22	36.067314	54δ.90δ
2	1	161	0	0	0	1178	2079	667	33	-1	
3	1	161	1	0	0	1178	2079	667	33	-1	
4	1	161	1	1	0	1178	2079	667	33	-1	
5	1	161	1	1	1	1178	2079	34	22	0.000000	ΠΜ.
5	1	161	1	1	2	1227	2081	139	23	78.717636	ΑΝΑΛΥΣΗ
5	1	161	1	1	3	1379	2084	59	21	96.021698	ΤΟΥ
5	1	161	1	1	4	1453	2085	60	21	93.302811	ΑΝΩ
5	1	161	1	1	5	1525	2086	211	24	92.188019	ΔΙΑΤΕΘΕΝΤΟΣ
5	1	161	1	1	6	1749	2091	96	21	83.526093	ΠΟΣΟΥ
2	1	162	0	0	0	1318	2164	30	47	-1	
3	1	162	1	0	0	1318	2164	30	47	-1	
4	1	162	1	1	0	1326	2164	22	18	-1	
5	1	162	1	1	1	1326	2164	22	18	95.000000	  
4	1	162	1	2	0	1318	2182	17	29	-1	
5	1	162	1	2	1	1318	2182	17	29	95.000000	 
2	1	163	0	0	0	1476	2553	21	13	-1	
3	1	163	1	0	0	1476	2553	21	13	-1	
4	1	163	1	1	0	1476	2553	21	13	-1	
5	1	163	1	1	1	1476	2553	21	13	95.000000	 
2	1	164	0	0	0	1155	2114	713	493	-1	
3	1	164	1	0	0	1155	2114	713	493	-1	
4	1	164	1	1	0	1162	2114	706	33	-1	
5	1	164	1	1	1	1162	2114	37	21	75.835754	Γιά
5	1	164	1	1	2	1211	2115	24	25	93.302338	τή
5	1	164	1	1	3	1245	2116	102	27	8.136253	μεταφαρά
5	1	164	1	1	4	1358	2117	31	21	79.139778	δύο
5	1	164	1	1	5	1402	2118	108	26	54.527645	πλημάτων
5	1	164	1	1	6	1526	2121	46	25	63.280624	στήν
5	1	164	1	1	7	1585	2121	64	22	61.322540	ἐπάνω
5	1	164	1	1	8	1662	2123	85	22	71.594498	πλατεία
5	1	164	1	1	9	1804	2125	64	22	45.126041	9.τ00
4	1	164	1	2	0	1162	2149	705	34	-1	
5	1	164	1	2	1	1162	2149	36	21	89.279594	Γιὰ
5	1	164	1	2	2	1213	2150	30	21	94.737282	τόν
5	1	164	1	2	3	1258	2151	115	22	0.000000	Αθλητικό
5	1	164	1	2	4	1386	2153	92	27	0.000000	Σ2ὀλίλοἸο
5	1	164	1	2	5	1494	2156	133	27	0.000000	Γεωρηήτσίου
5	1	164	1	2	6	1791	2160	76	23	93.943642	10.000
4	1	164	1	3	0	1161	2185	706	33	-1	
5	1	164	1	3	1	1161	2185	37	21	86.300194	Γιὰ
5	1	164	1	3	2	1212	2186	23	25	79.067604	τή
5	1	164	1	3	3	1250	2186	60	27	57.217865	θρύση
5	1	164	1	3	4	1332	2188	110	21	3.542358	«Μαλεβόῦ»
5	1	164	1	3	5	1791	2196	76	22	82.884933	11.000
4	1	164	1	4	0	1162	2220	704	33	-1	
5	1	164	1	4	1	1162	2220	36	20	77.605545	Γιὰ
5	1	164	1	4	2	1214	2220	21	22	88.300377	πό
5	1	164	1	4	3	1248	2221	30	22	89.354454	νέο
5	1	164	1	4	4	1292	2223	66	26	15.171928	Ἡρῶο
5	1	164	1	4	5	1789	2231	77	22	76.075623	19.000
4	1	164	1	5	0	1160	2256	705	42	-1	
5	1	164	1	5	1	1160	2256	36	20	88.828003	Γιὰ
5	1	164	1	5	2	1208	2257	95	26	11.227371	ξοήθηµα,
5	1	164	1	5	3	1314	2258	20	21	92.894928	σέ
5	1	164	1	5	4	1346	2259	57	27	8.158112	ἔαριά
5	1	164	1	5	5	1415	2260	88	27	89.648178	ἂρρωστο
5	1	164	1	5	6	1517	2263	138	27	68.928490	συμπατριώτη
5	1	164	1	5	7	1789	2263	76	35	85.413055	10.000
4	1	164	1	6	0	1159	2291	705	47	-1	
5	1	164	1	6	1	1159	2291	37	21	44.533459	ΤΓιὰ
5	1	164	1	6	2	1210	2292	139	28	0.000000	συηγκέµτρωση
5	1	164	1	6	3	1365	2296	67	25	88.998123	πηγῶν
5	1	164	1	6	4	1460	2297	181	41	25.389191	«ιδερόγουρνας»
5	1	164	1	6	5	1787	2302	77	22	0.000000	Το.058δ
4	1	164	1	7	0	1158	2327	677	49	-1	
5	1	164	1	7	1	1158	2327	37	21	0.000000	Τι
5	1	164	1	7	2	1208	2328	33	26	84.245377	τήν
5	1	164	1	7	3	1256	2328	189	29	65.890930	ἀσφαλτόστρωση
5	1	164	1	7	4	1429	2323	20	38	88.595367	ὃ
5	1	164	1	7	5	1437	2331	69	45	0.000000	Ὀρόμθν
5	1	164	1	7	6	1518	2333	128	28	59.672684	«Υπαπαντή,
5	1	164	1	7	7	1663	2349	7	2	57.805790	-
5	1	164	1	7	8	1682	2336	153	29	47.032883	ἸΚαρθουνόρεµα
4	1	164	1	8	0	1771	2374	91	22	-1	
5	1	164	1	8	1	1771	2374	91	22	65.122505	490.000:
4	1	164	1	9	0	1771	2409	92	21	-1	
5	1	164	1	9	1	1771	2409	92	21	0.000000	σ48.908
4	1	164	1	10	0	1186	2433	652	33	-1	
5	1	164	1	10	1	1186	2433	26	23	20.017494	Υ.
5	1	164	1	10	2	1226	2435	147	23	78.944168	ΠΟΣΟΤΙΚΗ
5	1	164	1	10	3	1386	2439	163	23	90.753006	ΔΙΑΚΙΝΗΣΗ
5	1	164	1	10	4	1562	2441	208	24	92.802589	ΗΜΕΡΟΛΟΓΙΩΝ
5	1	164	1	10	5	1786	2445	52	21	63.578655	1980
4	1	164	1	11	0	1157	2464	703	37	-1	
5	1	164	1	11	1	1157	2464	123	35	25.813477	Ἰθχλόθωκαν
5	1	164	1	11	2	1819	2479	41	22	19.948967	πρ)
4	1	164	1	12	0	1156	2504	704	33	-1	
5	1	164	1	12	1	1156	2504	138	27	33.291412	ἸΑφαιροῦνται,
5	1	164	1	12	2	1308	2506	34	22	96.922592	ὅσα
5	1	164	1	12	3	1355	2507	86	27	53.566204	δόθηκαν
5	1	164	1	12	4	1463	2510	64	26	95.038788	δωρεά
5	1	164	1	12	5	1543	2512	71	25	59.098213	«τιμής
5	1	164	1	12	6	1627	2511	78	23	0.000000	ἈλΧεΝ»
5	1	164	1	12	7	1833	2515	27	22	95.869698	20
4	1	164	1	13	0	1157	2540	506	32	-1	
5	1	164	1	13	1	1157	2540	110	22	56.919029	Ὑπόλοιπα
5	1	164	1	13	2	1276	2542	34	20	93.304207	πού
5	1	164	1	13	3	1320	2542	89	27	32.443954	δόηκαν
5	1	164	1	13	4	1419	2544	20	21	87.118980	σέ
5	1	164	1	13	5	1451	2545	169	27	19.013817	Γεωργιτσιάνους
5	1	164	1	13	6	1630	2547	33	22	66.006706	χαί
4	1	164	1	14	0	1155	2574	705	33	-1	
5	1	164	1	14	1	1155	2574	68	27	90.969666	φίλους
5	1	164	1	14	2	1238	2578	31	20	92.618835	τοῦ
5	1	164	1	14	3	1283	2580	72	24	92.120300	χωριοῦ
5	1	164	1	14	4	1819	2585	41	22	82.961617	659
2	1	165	0	0	0	1183	2614	676	118	-1	
3	1	165	1	0	0	1183	2614	676	103	-1	
4	1	165	1	1	0	1333	2614	356	26	-1	
5	1	165	1	1	1	1333	2614	138	22	39.241966	ΗΙΝΑΙΚΑΣ
5	1	165	1	1	2	1490	2616	64	21	59.020477	ΠΟΥ
5	1	165	1	1	3	1569	2617	120	23	2.245056	ΔΗΙΧΝΗΙ
4	1	165	1	2	0	1245	2648	529	29	-1	
5	1	165	1	2	1	1245	2648	38	20	71.134598	ΤΗ.
5	1	165	1	2	2	1301	2648	164	23	72.044106	ΔΙΑΙΚΙΝΗΣΗ
5	1	165	1	2	3	1482	2652	62	21	63.656723	ΤΩΝ,
5	1	165	1	2	4	1560	2653	214	24	10.415054	ΗΜΕΗΡΟΛΟΡΙΩΝ
4	1	165	1	3	0	1183	2682	676	50	-1	
5	1	165	1	3	1	1183	2682	136	27	55.720779	Ἡμερολόγια
5	1	165	1	3	2	1333	2684	33	22	93.289764	πού
5	1	165	1	3	3	1381	2685	110	27	76.026688	ἐστάλησαν
5	1	165	1	3	4	1508	2687	48	22	90.141754	659.
5	1	165	1	3	5	1571	2688	40	21	89.520966	Στό
5	1	165	1	3	6	1628	2689	107	43	0.000000	ἠπωσερικό
5	1	165	1	3	7	1749	2691	47	28	89.969994	488,
5	1	165	1	3	8	1825	2692	34	21	86.779770	στό
2	1	166	0	0	0	1229	2754	5	7	-1	
3	1	166	1	0	0	1229	2754	5	7	-1	
4	1	166	1	1	0	1229	2754	5	7	-1	
5	1	166	1	1	1	1229	2754	5	7	95.000000	 
2	1	167	0	0	0	1370	2835	39	13	-1	
3	1	167	1	0	0	1370	2835	39	13	-1	
4	1	167	1	1	0	1370	2835	39	13	-1	
5	1	167	1	1	1	1370	2835	39	13	95.000000	 
2	1	168	0	0	0	1151	2717	707	142	-1	
3	1	168	1	0	0	1151	2717	707	142	-1	
4	1	168	1	1	0	1152	2717	706	36	-1	
5	1	168	1	1	1	1152	2717	113	27	89.188934	ἐξωτερικό
5	1	168	1	1	2	1277	2719	46	22	93.014610	169.
5	1	168	1	1	3	1336	2720	49	21	70.633392	᾿Από
5	1	168	1	1	4	1398	2721	49	21	66.624817	αὐπά
5	1	168	1	1	5	1460	2722	134	27	62.604576	πληρώθηχαν
5	1	168	1	1	6	1608	2724	41	21	75.849960	893
5	1	168	1	1	7	1662	2725	33	21	45.492172	στό
5	1	168	1	1	8	1707	2726	106	27	21.612434	ἐσωτερικό
5	1	168	1	1	9	1825	2728	33	21	67.746994	καὶ
4	1	168	1	2	0	1152	2752	705	38	-1	
5	1	168	1	2	1	1152	2752	22	21	86.637398	8
5	1	168	1	2	2	1203	2762	20	14	81.727509	στό
5	1	168	1	2	3	1234	2755	117	26	57.413769	ἐξωτερικό.
5	1	168	1	2	4	1364	2756	101	22	30.359749	Ἠόνολο
5	1	168	1	2	5	1468	2758	33	21	73.808075	451.
5	1	168	1	2	6	1513	2758	38	21	96.863838	Δέν
5	1	168	1	2	7	1564	2759	134	27	25.417358	πληρώθήηκαν
5	1	168	1	2	8	1711	2761	36	22	85.260681	ἀπό
5	1	168	1	2	9	1759	2762	55	28	61.920429	αὐτά,
5	1	168	1	2	10	1823	2763	34	22	96.068130	στό
4	1	168	1	3	0	1151	2788	706	42	-1	
5	1	168	1	3	1	1151	2788	107	27	42.500988	ἐσωπερικό
5	1	168	1	3	2	1271	2790	26	21	60.377602	90
5	1	168	1	3	3	1311	2790	33	22	63.624001	καὶ
5	1	168	1	3	4	1360	2791	35	21	63.561638	11Η
5	1	168	1	3	5	1413	2792	33	22	88.610580	στό
5	1	168	1	3	6	1463	2793	118	27	81.581581	ἐξωτερικό.
5	1	168	1	3	7	1595	2795	61	21	78.533859	"Ἠτοι
5	1	168	1	3	8	1671	2797	83	22	90.281456	ποσοστό
5	1	168	1	3	9	1767	2794	90	36	51.453697	ἐσωπερι-
4	1	168	1	4	0	1152	2824	566	35	-1	
5	1	168	1	4	1	1152	2825	33	19	20.840363	ποῦ
5	1	168	1	4	2	1196	2824	32	22	48.113323	95.
5	1	168	1	4	3	1232	2825	32	26	34.967545	6ο)
5	1	168	1	4	4	1269	2834	9	13	87.753387	ο
5	1	168	1	4	5	1289	2825	33	22	83.676804	καὶ
5	1	168	1	4	6	1331	2826	118	25	23.783356	ἐξωτεριιοῦ
5	1	168	1	4	7	1462	2828	91	27	12.644516	θ5.59)0.
5	1	168	1	4	8	1563	2830	75	22	64.997261	Σύνολο
5	1	168	1	4	9	1649	2831	69	28	0.000000	Ἀ19)ο,
2	1	169	0	0	0	1148	2862	703	244	-1	
3	1	169	1	0	0	1154	2862	697	239	-1	
4	1	169	1	1	0	1329	2862	350	31	-1	
5	1	169	1	1	1	1329	2862	86	29	37.104874	Αθήναι
5	1	169	1	1	2	1433	2863	28	21	82.590546	38
5	1	169	1	1	3	1477	2865	133	28	90.766319	Φεβρουαρίου
5	1	169	1	1	4	1628	2867	51	21	89.759506	1981
4	1	169	1	2	0	1180	2895	323	30	-1	
5	1	169	1	2	1	1180	2895	24	21	82.635544	Ὁ
5	1	169	1	2	2	1217	2896	117	28	2.815742	Πρέθδρος:
5	1	169	1	2	3	1352	2899	38	26	89.619339	Χρ.
5	1	169	1	2	4	1401	2899	102	25	66.890877	Μπέλκας
4	1	169	1	3	0	1179	2913	324	50	-1	
5	1	169	1	3	1	1179	2931	24	21	58.370636	ο
5	1	169	1	3	2	1216	2917	46	35	24.951797	νε
5	1	169	1	3	3	1270	2913	108	50	0.000000	πράδροςς
5	1	169	1	3	4	1392	2935	30	21	48.545540	ἩΠ..
5	1	169	1	3	5	1432	2934	71	26	84.321259	Βύνιος
4	1	169	1	4	0	1179	2966	264	31	-1	
5	1	169	1	4	1	1179	2966	23	21	47.644581	Ο
5	1	169	1	4	2	1213	2967	90	26	67.192337	Ῥαμίας:
5	1	169	1	4	3	1313	2969	26	21	85.107964	Π.
5	1	169	1	4	4	1351	2969	92	28	0.000000	Ἐσίχλης
4	1	169	1	5	0	1179	3002	363	31	-1	
5	1	169	1	5	1	1179	3002	23	20	72.097328	Ὁ
5	1	169	1	5	2	1212	3003	43	21	47.014191	Γευ,
5	1	169	1	5	3	1265	3004	143	26	49.008812	Πραμµαπέας:
5	1	169	1	5	4	1418	3006	23	21	92.299347	Δ.
5	1	169	1	5	5	1452	3006	90	27	0.000000	Μπιρνῆς
4	1	169	1	6	0	1176	3038	675	37	-1	
5	1	169	1	6	1	1176	3038	30	21	12.571823	Ῥά
5	1	169	1	6	2	1221	3038	72	27	92.821587	Μέλη:
5	1	169	1	6	3	1307	3040	32	20	39.972809	Ἰω.
5	1	169	1	6	4	1358	3040	94	29	58.146797	Μόρφης,
5	1	169	1	6	5	1463	3043	38	27	96.088959	Χρ.
5	1	169	1	6	6	1513	3043	130	30	20.756645	Τσαρκάρης,
5	1	169	1	6	7	1655	3046	33	27	60.500492	Ὦρ.
5	1	169	1	6	8	1696	3046	155	29	49.851036	Ῥουμελιώτης.
4	1	169	1	7	0	1148	3073	451	33	-1	
5	1	169	1	7	1	1148	3073	42	22	20.681984	ΑΦ.
5	1	169	1	7	2	1201	3074	221	30	0.771561	Πκπαθανασόπουλος,
5	1	169	1	7	3	1435	3078	56	22	53.369164	Ίαν,
5	1	169	1	7	4	1500	3078	99	28	88.882843	Κούτσης.
2	1	170	0	0	0	1401	3010	11	11	-1	
3	1	170	1	0	0	1401	3010	11	11	-1	
4	1	170	1	1	0	1401	3010	11	11	-1	
5	1	170	1	1	1	1401	3010	11	11	95.000000	 
2	1	171	0	0	0	1963	538	241	40	-1	
3	1	171	1	0	0	1963	538	241	40	-1	
4	1	171	1	1	0	1963	538	241	40	-1	
5	1	171	1	1	1	1963	538	30	38	87.946251	Η
5	1	171	1	1	2	2021	539	183	39	91.952339	ΠΑΤΑΤΑ
2	1	172	0	0	0	1941	612	323	31	-1	
3	1	172	1	0	0	1941	612	323	31	-1	
4	1	172	1	1	0	1941	612	323	31	-1	
5	1	172	1	1	1	1941	612	56	23	0.000000	Ἠζναι
5	1	172	1	1	2	2011	614	49	20	85.398773	πολύ
5	1	172	1	1	3	2074	614	78	27	73.966675	μεγάλη
5	1	172	1	1	4	2165	615	11	26	91.816086	ἡ
5	1	172	1	1	5	2190	614	74	29	92.572357	ἱστορία
2	1	173	0	0	0	1940	630	1	3	-1	
3	1	173	1	0	0	1940	630	1	3	-1	
4	1	173	1	1	0	1940	630	1	3	-1	
5	1	173	1	1	1	1940	630	1	3	95.000000	 
2	1	174	0	0	0	1910	648	353	310	-1	
3	1	174	1	0	0	1910	648	353	310	-1	
4	1	174	1	1	0	1913	648	350	29	-1	
5	1	174	1	1	1	1913	649	36	25	96.661133	τῆς
5	1	174	1	1	2	1961	648	98	25	87.888672	πατάτας.
5	1	174	1	1	3	2078	650	13	20	92.094078	Ἡ
5	1	174	1	1	4	2106	650	110	27	56.237717	καταγωγή
5	1	174	1	1	5	2227	659	36	18	95.995392	της
4	1	174	1	2	0	1911	683	350	30	-1	
5	1	174	1	2	1	1911	683	48	22	96.033150	εἶναι
5	1	174	1	2	2	1976	684	37	21	96.392403	ἀπό
5	1	174	1	2	3	2029	685	23	25	96.448639	τή
5	1	174	1	2	4	2069	684	61	23	93.220322	Νότιο
5	1	174	1	2	5	2159	686	102	27	70.641396	᾽Αμερική,
4	1	174	1	3	0	1910	718	351	26	-1	
5	1	174	1	3	1	1910	718	86	20	55.898872	Ῥολιθία
5	1	174	1	3	2	2009	718	33	21	59.761806	καί
5	1	174	1	3	3	2055	720	64	24	71.969070	Χιλή,
5	1	174	1	3	4	2136	720	23	20	79.023094	Σ
5	1	174	1	3	5	2175	720	48	21	96.513840	αὐτὰ
5	1	174	1	3	6	2237	720	24	21	96.789558	τά
4	1	174	1	4	0	2102	753	160	24	-1	
5	1	174	1	4	1	2102	753	53	22	91.620583	πάνω
5	1	174	1	4	2	2171	754	36	22	94.475128	ἀπό
5	1	174	1	4	3	2222	755	40	22	94.705978	100
4	1	174	1	5	0	1910	787	352	30	-1	
5	1	174	1	5	1	1910	787	93	27	93.292053	διάφορες
5	1	174	1	5	2	2017	788	68	27	89.828743	ἄγριες
5	1	174	1	5	3	2096	789	106	25	45.076431	πουμλίες.
5	1	174	1	5	4	2214	790	48	27	0.000000	΄Αρ-
4	1	174	1	6	0	1910	823	351	57	-1	
5	1	174	1	6	1	1910	830	55	19	89.205597	χισαν
5	1	174	1	6	2	1981	823	23	21	94.095764	νά
5	1	174	1	6	3	2017	824	33	25	92.184067	τή)
5	1	174	1	6	4	2062	826	134	54	22.667900	λα
5	1	174	1	6	5	2209	826	52	21	2.744965	Χατά
4	1	174	1	7	0	1910	858	148	26	-1	
5	1	174	1	7	1	1910	858	21	21	79.459839	τό
5	1	174	1	7	2	1940	858	118	28	0.000000	0θμ,Χ.
5	1	174	1	7	3	2050	854	12	36	0.000000	”
4	1	174	1	8	0	2026	860	235	63	-1	
5	1	174	1	8	1	2026	860	112	62	0.000000	ιός
5	1	174	1	8	2	2154	897	45	25	90.888290	ἴσης
5	1	174	1	8	3	2214	897	47	26	0.000000	Ἂρε-
4	1	174	1	9	0	2216	932	42	26	-1	
5	1	174	1	9	1	2216	932	42	26	87.754883	Στή
2	1	175	0	0	0	2140	966	117	29	-1	
3	1	175	1	0	0	2140	966	117	29	-1	
4	1	175	1	1	0	2187	966	64	8	-1	
5	1	175	1	1	1	2187	966	64	8	24.260582	ας
4	1	175	1	2	0	2140	974	117	21	-1	
5	1	175	1	2	1	2140	974	85	21	93.303711	πατάτα,
5	1	175	1	2	2	2242	976	15	12	91.815987	ὅ-
2	1	176	0	0	0	1911	750	176	29	-1	
3	1	176	1	0	0	1911	750	176	29	-1	
4	1	176	1	1	0	1911	750	176	29	-1	
5	1	176	1	1	1	1911	750	49	28	70.851112	µέρη
5	1	176	1	1	2	1977	751	110	28	0.000000	δρίσικονται
2	1	177	0	0	0	2142	790	40	21	-1	
3	1	177	1	0	0	2142	790	40	21	-1	
4	1	177	1	1	0	2142	790	40	21	-1	
5	1	177	1	1	1	2142	790	40	21	95.000000	  
2	1	178	0	0	0	2084	862	177	26	-1	
3	1	178	1	0	0	2084	862	177	26	-1	
4	1	178	1	1	0	2084	862	177	26	-1	
5	1	178	1	1	1	2084	868	34	12	78.603271	ταν
5	1	178	1	1	2	2128	862	91	20	42.889313	απουδαῖο
5	1	178	1	1	3	2228	861	33	27	24.310135	τρό
2	1	179	0	0	0	2005	895	24	4	-1	
3	1	179	1	0	0	2005	895	24	4	-1	
4	1	179	1	1	0	2005	895	24	4	-1	
5	1	179	1	1	1	2005	895	24	4	95.000000	 
2	1	180	0	0	0	1904	901	354	340	-1	
3	1	180	1	0	0	1906	901	281	128	-1	
4	1	180	1	1	0	1911	901	97	18	-1	
5	1	180	1	1	1	1911	901	44	18	2.593292	Φφιμο
5	1	180	1	1	2	1971	895	37	19	95.636398	τῶν
4	1	180	1	2	0	1908	928	279	30	-1	
5	1	180	1	2	1	1908	928	119	27	88.810532	πτικότητος
5	1	180	1	2	2	2043	930	22	26	51.809177	μέ
5	1	180	1	2	3	2081	930	21	21	86.059219	τό
5	1	180	1	2	4	2116	930	71	28	72.402962	σιτὰρι.
4	1	180	1	3	0	1906	964	219	27	-1	
5	1	180	1	3	1	1906	964	86	23	46.972572	Ἑολιδία
5	1	180	1	3	2	2011	965	114	26	81.316071	ὀνομάζεται
4	1	180	1	4	0	1907	1000	280	29	-1	
5	1	180	1	4	1	1907	1007	41	17	92.382523	πως
5	1	180	1	4	2	1962	1000	33	21	40.837448	καί
5	1	180	1	4	3	2008	1000	21	21	79.157684	σὲ
5	1	180	1	4	4	2041	1003	38	24	91.313805	μᾶς
5	1	180	1	4	5	2093	1001	56	28	85.390297	µέχρι
5	1	180	1	4	6	2162	1002	25	26	89.996094	σή
3	1	180	2	0	0	1904	1036	354	205	-1	
4	1	180	2	1	0	1934	1036	324	29	-1	
5	1	180	2	1	1	1934	1036	55	25	0.251572	Ιτήν
5	1	180	2	1	2	2007	1036	85	27	26.605881	Εὐρώπη
5	1	180	2	1	3	2122	1037	84	28	53.913971	εἰσήχθη
5	1	180	2	1	4	2237	1038	21	21	95.661682	τό
4	1	180	2	2	0	1907	1070	351	31	-1	
5	1	180	2	2	1	1907	1070	54	22	79.970505	1585
5	1	180	2	2	2	1973	1071	33	21	55.566555	καὶ
5	1	180	2	2	3	2018	1071	84	22	60.861298	διαδόθηκε
5	1	180	2	2	4	2139	1073	22	21	47.881561	μέ
5	1	180	2	2	5	2173	1073	85	28	19.273834	θραδύτη
4	1	180	2	3	0	2017	1107	239	29	-1	
5	1	180	2	3	1	2017	1107	112	23	68.910332	Ἑλλάδα...
5	1	180	2	3	2	2142	1109	114	27	7.395111	χρησιμκποί
4	1	180	2	4	0	1905	1142	350	30	-1	
5	1	180	2	4	1	1905	1150	33	18	12.103844	σε
5	1	180	2	4	2	1953	1142	74	27	40.765797	µεγάλο
5	1	180	2	4	3	2040	1143	62	22	31.763168	Ἠόλπο
5	1	180	2	4	4	2114	1145	9	21	93.123589	ὁ
5	1	180	2	4	5	2134	1144	121	28	64.859360	Ἱζαποδίστρι
4	1	180	2	5	0	1904	1177	352	30	-1	
5	1	180	2	5	1	1904	1185	24	16	93.171654	ας
5	1	180	2	5	2	1946	1177	34	27	30.444717	Ἱιὰ
5	1	180	2	5	3	1991	1178	24	21	84.864876	υά
5	1	180	2	5	4	2028	1178	34	26	92.072624	τήν
5	1	180	2	5	5	2079	1179	91	23	37.251480	διχδόσε,,
5	1	180	2	5	6	2183	1180	73	27	4.599060	Ξνεφόρ-
4	1	180	2	6	0	1905	1213	351	28	-1	
5	1	180	2	6	1	1905	1221	49	13	90.698463	τωσε
5	1	180	2	6	2	1968	1213	34	26	89.910049	στή
5	1	180	2	6	3	2020	1214	123	27	14.214897	Ἡρονυμαία
5	1	180	2	6	4	2156	1216	32	20	93.176300	τοῦ
5	1	180	2	6	5	2202	1216	54	21	29.103767	Ναν-
2	1	181	0	0	0	2226	1011	17	13	-1	
3	1	181	1	0	0	2226	1011	17	13	-1	
4	1	181	1	1	0	2226	1011	17	13	-1	
5	1	181	1	1	1	2226	1011	17	13	0.000000	α.
2	1	182	0	0	0	2188	1011	37	19	-1	
3	1	182	1	0	0	2188	1011	37	19	-1	
4	1	182	1	1	0	2188	1011	37	19	-1	
5	1	182	1	1	1	2188	1011	37	19	95.000000	 
2	1	183	0	0	0	2102	1080	37	19	-1	
3	1	183	1	0	0	2102	1080	37	19	-1	
4	1	183	1	1	0	2102	1080	37	19	-1	
5	1	183	1	1	1	2102	1080	37	19	95.000000	 
2	1	184	0	0	0	1905	1107	96	26	-1	
3	1	184	1	0	0	1905	1107	96	26	-1	
4	1	184	1	1	0	1905	1107	96	26	-1	
5	1	184	1	1	1	1905	1114	30	14	81.687218	τα.
5	1	184	1	1	2	1947	1107	54	26	57.169518	Στήν
2	1	185	0	0	0	1904	1249	350	63	-1	
3	1	185	1	0	0	1904	1249	350	63	-1	
4	1	185	1	1	0	2036	1249	218	23	-1	
5	1	185	1	1	1	2036	1249	11	21	67.577972	ἆ
5	1	185	1	1	2	2061	1250	74	21	30.546745	σαχκιά
5	1	185	1	1	3	2146	1250	34	21	74.113480	χαί
5	1	185	1	1	4	2192	1250	62	22	72.236893	διέτα-
4	1	185	1	2	0	1904	1284	350	28	-1	
5	1	185	1	2	1	1904	1284	23	24	27.863457	ε
5	1	185	1	2	2	1938	1284	25	21	95.590660	νά
5	1	185	1	2	3	1973	1284	22	26	93.294685	τή
5	1	185	1	2	4	2007	1284	108	28	33.368729	μοιράσουν.
5	1	185	1	2	5	2127	1286	84	22	37.710342	Ὡστόσο
5	1	185	1	2	6	2220	1294	34	14	83.458939	κα-
2	1	186	0	0	0	1903	1242	129	34	-1	
3	1	186	1	0	0	1903	1242	129	34	-1	
4	1	186	1	1	0	1903	1242	129	34	-1	
5	1	186	1	1	1	1903	1242	129	34	95.000000	 
2	1	187	0	0	0	1901	1318	352	43	-1	
3	1	187	1	0	0	1901	1318	352	43	-1	
4	1	187	1	1	0	1901	1318	352	43	-1	
5	1	187	1	1	1	1901	1318	58	25	73.796043	νένας
5	1	187	1	1	2	1969	1319	32	21	84.412399	δέν
5	1	187	1	1	3	2012	1320	82	41	64.490601	ἐρχόταν
5	1	187	1	1	4	2103	1320	25	21	68.127975	γὰ
5	1	187	1	1	5	2136	1321	64	27	91.023636	πάρει.
5	1	187	1	1	6	2209	1321	44	27	82.300240	Πρό
2	1	188	0	0	0	2208	1357	48	27	-1	
3	1	188	1	0	0	2208	1357	48	27	-1	
4	1	188	1	1	0	2208	1357	48	27	-1	
5	1	188	1	1	1	2208	1357	48	27	95.000000	 
2	1	189	0	0	0	1900	1354	352	99	-1	
3	1	189	1	0	0	1900	1354	352	99	-1	
4	1	189	1	1	0	1902	1354	169	22	-1	
5	1	189	1	1	1	1902	1355	32	20	90.875198	τοῦ
5	1	189	1	1	2	1948	1354	86	22	10.146294	χινΣύνου
5	1	189	1	1	3	2046	1354	25	22	82.040482	υὰ
4	1	189	1	2	0	1901	1391	351	28	-1	
5	1	189	1	2	1	1901	1389	56	25	96.622101	στούς
5	1	189	1	2	2	1973	1390	92	27	96.931480	φρουρούς
5	1	189	1	2	3	2078	1391	24	21	96.832031	νὰ
5	1	189	1	2	4	2182	1392	70	27	85.506126	ψήσουν
4	1	189	1	3	0	1900	1424	351	29	-1	
5	1	189	1	3	1	1900	1424	34	22	58.753353	καί
5	1	189	1	3	2	1947	1426	47	26	93.125725	ἀφοῦ
5	1	189	1	3	3	2008	1426	22	25	93.277733	τή
5	1	189	1	3	4	2045	1428	53	25	78.807098	φᾶνε,
5	1	189	1	3	5	2111	1426	24	22	93.020805	νά
5	1	189	1	3	6	2147	1426	104	22	84.745293	διαδώσουν
2	1	190	0	0	0	2120	1400	33	17	-1	
3	1	190	1	0	0	2120	1400	33	17	-1	
4	1	190	1	1	0	2120	1400	33	17	-1	
5	1	190	1	1	1	2120	1392	33	25	95.916664	τήν
2	1	191	0	0	0	1897	1460	355	203	-1	
3	1	191	1	0	0	1897	1460	355	203	-1	
4	1	191	1	1	0	1900	1460	352	28	-1	
5	1	191	1	1	1	1900	1460	25	22	93.275139	τά
5	1	191	1	1	2	1937	1460	111	28	40.630856	χαρίσματά
5	1	191	1	1	3	2059	1470	36	18	92.786034	της
5	1	191	1	1	4	2106	1462	33	21	0.000000	Ἠαΐ
5	1	191	1	1	5	2150	1462	56	25	93.266838	στούς
5	1	191	1	1	6	2218	1463	34	21	0.000000	ἅλ-
4	1	191	1	2	0	1899	1496	352	30	-1	
5	1	191	1	2	1	1899	1497	54	24	79.846375	λους.
5	1	191	1	2	2	1964	1496	29	21	94.708099	ὅτι
5	1	191	1	2	3	2004	1496	48	23	93.291832	εἶναι
5	1	191	1	2	4	2062	1497	143	28	11.091454	πειτανόστιµνη
5	1	191	1	2	5	2213	1499	38	27	75.497681	Ἆρε
4	1	191	1	3	0	1897	1532	352	29	-1	
5	1	191	1	3	1	1897	1532	62	26	0.000000	πτική
5	1	191	1	3	2	1967	1534	47	20	37.453667	λα...
5	1	191	1	3	3	2039	1533	74	21	59.265537	Μθτά
5	1	191	1	3	4	2108	1528	11	37	92.927483	ὁ
5	1	191	1	3	5	2127	1533	122	28	52.813728	Καποδίστρι
4	1	191	1	4	0	1898	1566	349	47	-1	
5	1	191	1	4	1	1898	1574	30	18	23.583496	ας,
5	1	191	1	4	2	1939	1568	6	18	0.000000	ὀ
5	1	191	1	4	3	1953	1566	41	47	21.332092	δια
5	1	191	1	4	4	1996	1567	25	23	4.736938	ξε
5	1	191	1	4	5	2031	1567	44	23	93.297356	τούς
5	1	191	1	4	6	2088	1567	87	25	15.235413	φύλαιες
5	1	191	1	4	7	2185	1568	25	20	93.050575	νά
5	1	191	1	4	8	2221	1568	26	21	62.340302	χὰ
4	1	191	1	5	0	1897	1600	352	23	-1	
5	1	191	1	5	1	1897	1607	42	16	67.023804	νουν
5	1	191	1	5	2	1951	1601	29	20	95.888145	πῶς
5	1	191	1	5	3	2007	1600	32	21	66.878860	δέν
5	1	191	1	5	4	2052	1600	81	22	83.351120	θλόπουν
5	1	191	1	5	5	2150	1601	33	22	70.892822	καὶ
5	1	191	1	5	6	2196	1602	15	20	52.404373	ν’
5	1	191	1	5	7	2230	1602	19	21	92.136772	ᾱ-
4	1	191	1	6	0	1897	1608	325	55	-1	
5	1	191	1	6	1	1897	1608	97	54	10.184662	ον
5	1	191	1	6	2	1980	1635	30	23	93.983017	τόν
5	1	191	1	6	3	2021	1635	60	28	46.020531	κόσμο
5	1	191	1	6	4	2090	1636	24	22	53.491707	"νὰ
5	1	191	1	6	5	2125	1636	33	27	93.267189	τήν
5	1	191	1	6	6	2173	1636	49	23	45.205238	κλόθ
2	1	192	0	0	0	2062	1540	1	10	-1	
3	1	192	1	0	0	2062	1540	1	10	-1	
4	1	192	1	1	0	2062	1540	1	10	-1	
5	1	192	1	1	1	2062	1540	1	10	95.000000	 
2	1	193	0	0	0	1966	1572	33	18	-1	
3	1	193	1	0	0	1966	1572	33	18	-1	
4	1	193	1	1	0	1966	1572	33	18	-1	
5	1	193	1	1	1	1966	1572	33	18	95.000000	  
2	1	194	0	0	0	2222	1646	30	18	-1	
3	1	194	1	0	0	2222	1646	30	18	-1	
4	1	194	1	1	0	2222	1646	30	18	-1	
5	1	194	1	1	1	2222	1646	30	18	95.000000	  
2	1	195	0	0	0	2216	1673	4	6	-1	
3	1	195	1	0	0	2216	1673	4	6	-1	
4	1	195	1	1	0	2216	1673	4	6	-1	
5	1	195	1	1	1	2216	1673	4	6	95.000000	 
2	1	196	0	0	0	1898	1671	26	16	-1	
3	1	196	1	0	0	1898	1671	26	16	-1	
4	1	196	1	1	0	1898	1671	26	16	-1	
5	1	196	1	1	1	1898	1671	26	16	24.664299	σέ
2	1	197	0	0	0	1898	1680	27	12	-1	
3	1	197	1	0	0	1898	1680	27	12	-1	
4	1	197	1	1	0	1898	1680	27	12	-1	
5	1	197	1	1	1	1898	1680	27	12	21.593407	2
2	1	198	0	0	0	1953	1671	293	28	-1	
3	1	198	1	0	0	1953	1671	293	28	-1	
4	1	198	1	1	0	1953	1671	293	28	-1	
5	1	198	1	1	1	1953	1671	68	28	68.435669	ερηκές
5	1	198	1	1	2	2037	1671	72	28	91.452904	ἡμέρες
5	1	198	1	1	3	2125	1673	11	26	92.778694	ἡ
5	1	198	1	1	4	2169	1681	77	13	83.629990	πατάτα
2	1	199	0	0	0	1931	1708	141	26	-1	
3	1	199	1	0	0	1931	1708	141	26	-1	
4	1	199	1	1	0	1931	1708	141	26	-1	
5	1	199	1	1	1	1931	1716	6	3	51.228409	5
5	1	199	1	1	2	1956	1708	116	26	12.524139	ἐξαφανισθε'
2	1	200	0	0	0	1939	1680	16	17	-1	
3	1	200	1	0	0	1939	1680	16	17	-1	
4	1	200	1	1	0	1939	1680	16	17	-1	
5	1	200	1	1	1	1939	1680	16	17	95.000000	 
2	1	201	0	0	0	2065	1708	16	12	-1	
3	1	201	1	0	0	2065	1708	16	12	-1	
4	1	201	1	1	0	2065	1708	16	12	-1	
5	1	201	1	1	1	2065	1708	16	12	95.000000	  
2	1	202	0	0	0	2076	1717	11	12	-1	
3	1	202	1	0	0	2076	1717	11	12	-1	
4	1	202	1	1	0	2076	1717	11	12	-1	
5	1	202	1	1	1	2076	1717	11	12	0.000000	τν,
2	1	203	0	0	0	1893	1716	57	51	-1	
3	1	203	1	0	0	1893	1716	57	51	-1	
4	1	203	1	1	0	1893	1716	57	51	-1	
5	1	203	1	1	1	1893	1716	57	51	95.000000	  
2	1	204	0	0	0	2155	1744	92	57	-1	
3	1	204	1	0	0	2155	1744	92	57	-1	
4	1	204	1	1	0	2155	1744	91	28	-1	
5	1	204	1	1	1	2155	1744	91	28	51.762306	ἀπόδοση,
4	1	204	1	2	0	2227	1780	20	21	-1	
5	1	204	1	2	1	2227	1780	20	21	88.190361	ᾱ-
2	1	205	0	0	0	1891	1743	354	277	-1	
3	1	205	1	0	0	1891	1743	354	277	-1	
4	1	205	1	1	0	1943	1743	181	27	-1	
5	1	205	1	1	1	1943	1743	19	21	50.189667	νά
5	1	205	1	1	2	1976	1743	24	21	95.621994	νὰ
5	1	205	1	1	3	2013	1743	41	27	93.253212	ἔχει
5	1	205	1	1	4	2071	1744	53	26	31.366470	παλή
4	1	205	1	2	0	1895	1777	301	30	-1	
5	1	205	1	2	1	1895	1777	58	23	65.938629	θέλει
5	1	205	1	2	2	1974	1780	68	20	0.000000	θαθειά
5	1	205	1	2	3	2057	1779	139	28	44.368454	καλλιέργεια,
4	1	205	1	3	0	1894	1813	351	29	-1	
5	1	205	1	3	1	1894	1813	44	28	42.245041	ραιό
5	1	205	1	3	2	2022	1823	10	12	91.718544	α
5	1	205	1	3	3	2042	1814	21	22	85.914459	σὲ
5	1	205	1	3	4	2076	1815	91	27	59.188606	αὐλάχια,
5	1	205	1	3	5	2178	1815	34	22	87.750229	καὶ
5	1	205	1	3	6	2222	1815	23	27	55.166283	μέ
4	1	205	1	4	0	1894	1849	350	29	-1	
5	1	205	1	4	1	1894	1849	24	22	93.296768	τά
5	1	205	1	4	2	1928	1849	125	27	0.000000	σααλίσµατα
5	1	205	1	4	3	2062	1850	24	21	93.305321	νά
5	1	205	1	4	4	2098	1850	146	28	37.277237	παραχώνεται.
4	1	205	1	5	0	1896	1881	349	51	-1	
5	1	205	1	5	1	1896	1884	56	27	54.795116	"Άμα
5	1	205	1	5	2	1963	1887	42	25	89.726593	δρεῖ
5	1	205	1	5	3	2015	1887	51	21	96.829834	καλό
5	1	205	1	5	4	2078	1885	32	22	53.193707	καί
5	1	205	1	5	5	2121	1881	124	51	0.000000	περισοιημέ-
4	1	205	1	6	0	1892	1920	352	28	-1	
5	1	205	1	6	1	1892	1928	20	14	91.509979	νο
5	1	205	1	6	2	1925	1920	90	27	88.621971	ἔδφος,
5	1	205	1	6	3	2006	1921	51	27	88.312386	νερό,
5	1	205	1	6	4	2069	1921	72	27	58.896255	Χοπρίὰ
5	1	205	1	6	5	2154	1921	33	22	60.061222	καὶ
5	1	205	1	6	6	2214	1921	30	22	45.974880	λί-
4	1	205	1	7	0	1892	1958	351	26	-1	
5	1	205	1	7	1	1892	1963	65	19	10.472900	πασῄα
5	1	205	1	7	2	1973	1958	68	26	46.281250	μιπορεῖ
5	1	205	1	7	3	2055	1956	23	21	95.865372	νὰ
5	1	205	1	7	4	2093	1956	56	24	95.011261	δώσει
5	1	205	1	7	5	2177	1958	66	21	49.246742	5.000
4	1	205	1	8	0	1891	1991	351	29	-1	
5	1	205	1	8	1	1891	1991	49	22	57.714996	Ἠελά
5	1	205	1	8	2	1953	1991	20	23	72.436325	τὸ
5	1	205	1	8	3	1985	1992	93	27	36.947472	στρέμμα,
5	1	205	1	8	4	2095	1993	36	20	13.497391	ἐμῶ
5	1	205	1	8	5	2145	1992	21	22	95.060524	τό
5	1	205	1	8	6	2178	1993	64	27	96.070740	σιτάρι
2	1	206	0	0	0	2087	2027	155	23	-1	
3	1	206	1	0	0	2087	2027	155	23	-1	
4	1	206	1	1	0	2087	2027	155	23	-1	
5	1	206	1	1	1	2087	2027	53	22	36.365761	πὰνω
5	1	206	1	1	2	2153	2027	36	22	89.288353	ἀπό
5	1	206	1	1	3	2201	2028	41	22	95.416985	950
2	1	207	0	0	0	1948	1814	70	27	-1	
3	1	207	1	0	0	1948	1814	70	27	-1	
4	1	207	1	1	0	1948	1814	70	27	-1	
5	1	207	1	1	1	1948	1814	70	27	95.000000	 
2	1	208	0	0	0	1891	2027	168	58	-1	
3	1	208	1	0	0	1891	2027	168	58	-1	
4	1	208	1	1	0	1891	2027	167	26	-1	
5	1	208	1	1	1	1891	2027	11	26	77.561829	ἤ
5	1	208	1	1	2	1915	2027	20	21	63.677200	τό
5	1	208	1	1	3	1946	2027	112	26	0.000000	παλαμπόνι,
4	1	208	1	2	0	1892	2062	167	23	-1	
5	1	208	1	2	1	1892	2062	49	22	52.431110	Ἠηλὰ
5	1	208	1	2	2	1957	2062	30	22	81.109261	δέν
5	1	208	1	2	3	2005	2062	54	23	93.083572	δίνει.
2	1	209	0	0	0	1893	2117	349	13	-1	
3	1	209	1	0	0	1893	2117	349	13	-1	
4	1	209	1	1	0	1893	2117	349	13	-1	
5	1	209	1	1	1	1893	2117	349	13	95.000000	 
2	1	210	0	0	0	1919	2151	277	132	-1	
3	1	210	1	0	0	1919	2151	277	132	-1	
4	1	210	1	1	0	1983	2151	169	22	-1	
5	1	210	1	1	1	1983	2151	169	22	37.344212	ΣΤΡΗΡΑΙΣΤΡΑ
4	1	210	1	2	0	1975	2186	185	21	-1	
5	1	210	1	2	1	1975	2186	57	21	59.906303	ΣΤΟ
5	1	210	1	2	2	2048	2187	112	20	14.498718	ΠΚΑΡΑΖ
4	1	210	1	3	0	1936	2221	260	22	-1	
5	1	210	1	3	1	1936	2221	50	21	57.882141	ΚΑΙ
5	1	210	1	3	2	1997	2222	66	21	37.130222	ΣΤΙΣ
5	1	210	1	3	3	2073	2222	123	21	29.463974	ΣΓΑΙΣΗΙΣ
4	1	210	1	4	0	1919	2256	176	27	-1	
5	1	210	1	4	1	1919	2256	64	25	53.529465	Ἓνας
5	1	210	1	4	2	1997	2256	98	27	82.910881	ἀνώνυμος
2	1	211	0	0	0	2097	2245	142	75	-1	
3	1	211	1	0	0	2097	2245	142	75	-1	
4	1	211	1	1	0	2097	2245	142	75	-1	
5	1	211	1	1	1	2097	2245	142	75	95.000000	  
2	1	212	0	0	0	1989	2292	248	97	-1	
3	1	212	1	0	0	1989	2292	132	27	-1	
4	1	212	1	1	0	1989	2292	132	27	-1	
5	1	212	1	1	1	1989	2302	2	7	44.800224	η
5	1	212	1	1	2	2003	2292	24	21	74.539757	νὰ
5	1	212	1	1	3	2039	2292	49	27	93.282661	γίνει
5	1	212	1	1	4	2099	2294	22	21	0.796585	εὖ'
3	1	212	2	0	0	2076	2328	161	61	-1	
4	1	212	2	1	0	2133	2328	104	7	-1	
5	1	212	2	1	1	2133	2329	4	6	0.000000	μ
5	1	212	2	1	2	2233	2328	4	7	0.000000	τ
4	1	212	2	2	0	2118	2328	118	27	-1	
5	1	212	2	2	1	2118	2328	73	27	76.569679	-ἀκόμιη
5	1	212	2	2	2	2204	2337	32	15	76.906265	καί
4	1	212	2	3	0	2076	2364	159	25	-1	
5	1	212	2	3	1	2076	2364	69	25	58.799763	αὐτούά
5	1	212	2	3	2	2157	2364	36	22	90.953819	πού
5	1	212	2	3	3	2204	2374	31	12	90.953819	πε-
2	1	213	0	0	0	1882	2300	353	303	-1	
3	1	213	1	0	0	1883	2300	352	161	-1	
4	1	213	1	1	0	1886	2300	106	20	-1	
5	1	213	1	1	1	1886	2291	28	21	95.995743	ὅτι
5	1	213	1	1	2	1925	2291	67	29	74.094307	πρέπει
4	1	213	1	2	0	1884	2328	223	28	-1	
5	1	213	1	2	1	1884	2335	73	20	48.686333	Ὕαστρο
5	1	213	1	2	2	1969	2327	33	22	80.996895	στό
5	1	213	1	2	3	2015	2328	92	28	22.452744	γκαράξι,
4	1	213	1	3	0	1883	2363	179	28	-1	
5	1	213	1	3	1	1883	2363	43	21	0.000000	στόῃ
5	1	213	1	3	2	1940	2363	80	27	14.738358	Χάµιπο.-
5	1	213	1	3	3	2036	2365	26	26	78.492249	γι’
4	1	213	1	4	0	1884	2398	351	29	-1	
5	1	213	1	4	1	1884	2398	85	27	16.241974	βιµένουι
5	1	213	1	4	2	1979	2400	36	25	91.231354	στή
5	1	213	1	4	3	2027	2400	59	26	54.599094	θροχή
5	1	213	1	4	4	2096	2399	33	22	25.779633	καά
5	1	213	1	4	5	2139	2399	34	22	90.688026	στό
5	1	213	1	4	6	2182	2400	53	27	41.662666	πρύο,
4	1	213	1	5	0	1885	2433	159	28	-1	
5	1	213	1	5	1	1885	2433	21	21	93.072327	τό
5	1	213	1	5	2	1922	2434	122	27	82.738747	Λεωφερεῖο,
3	1	213	2	0	0	1882	2468	352	135	-1	
4	1	213	2	1	0	1980	2468	254	29	-1	
5	1	213	2	1	1	1980	2469	11	26	68.621323	ἡ
5	1	213	2	1	2	2007	2468	41	22	84.349098	ἰδέα
5	1	213	2	1	3	2060	2469	48	22	89.249756	εἶναι
5	1	213	2	1	4	2120	2470	60	27	84.002144	παλή,
5	1	213	2	1	5	2192	2478	42	19	30.341133	για.
4	1	213	2	2	0	2009	2504	224	29	-1	
5	1	213	2	2	1	2009	2505	21	22	96.273888	τό
5	1	213	2	2	2	2041	2504	72	28	96.483566	θάρρος
5	1	213	2	2	3	2124	2505	24	22	93.174431	νά
5	1	213	2	2	4	2159	2505	74	28	90.155006	ὑπογρὰ
4	1	213	2	3	0	1882	2540	351	27	-1	
5	1	213	2	3	1	1882	2542	42	24	83.973145	φει;
5	1	213	2	3	2	1946	2540	164	27	36.375065	Ππαραπέμποωμε
5	1	213	2	3	3	2126	2541	33	26	13.590965	τω
5	1	213	2	3	4	2191	2547	42	15	7.480354	ᾖΊδέα
4	1	213	2	4	0	1883	2575	184	28	-1	
5	1	213	2	4	1	1883	2575	57	25	93.152412	στούς
5	1	213	2	4	2	1957	2575	110	28	77.418106	ἁρμοδίους.
2	1	214	0	0	0	1884	2503	125	28	-1	
3	1	214	1	0	0	1884	2503	125	28	-1	
4	1	214	1	1	0	1884	2503	125	28	-1	
5	1	214	1	1	1	1884	2503	125	28	95.000000	 
2	1	215	0	0	0	1932	2629	301	15	-1	
3	1	215	1	0	0	1932	2629	301	15	-1	
4	1	215	1	1	0	1932	2629	301	15	-1	
5	1	215	1	1	1	1932	2629	301	15	95.000000	 
2	1	216	0	0	0	1910	2664	322	23	-1	
3	1	216	1	0	0	1910	2664	322	23	-1	
4	1	216	1	1	0	1910	2664	322	23	-1	
5	1	216	1	1	1	1910	2664	19	20	38.537025	ΗἩ
5	1	216	1	1	2	1941	2664	104	21	48.913704	ΥΠΕΊΑ.
5	1	216	1	1	3	2049	2663	18	24	96.531792	δέν
5	1	216	1	1	4	2079	2664	49	22	93.297020	εἶναι
5	1	216	1	1	5	2141	2664	45	23	68.624275	κὰτι
5	1	216	1	1	6	2198	2665	34	21	95.376915	πού
2	1	217	0	0	0	1879	2700	351	27	-1	
3	1	217	1	0	0	1879	2700	351	27	-1	
4	1	217	1	1	0	2125	2700	85	7	-1	
5	1	217	1	1	1	2125	2700	5	7	92.666229	τ
5	1	217	1	1	2	2206	2700	4	7	78.892220	͵
4	1	217	1	2	0	1879	2707	351	20	-1	
5	1	217	1	2	1	1879	2701	37	22	93.207832	σᾶς
5	1	217	1	2	2	1932	2699	33	26	96.326408	τήν
5	1	217	1	2	3	1978	2699	123	28	93.989235	προσφέρουν,
5	1	217	1	2	4	2114	2707	48	14	66.420120	εἶναι
5	1	217	1	2	5	2185	2709	45	13	73.286636	κάτι
2	1	218	0	0	0	2057	2728	22	33	-1	
3	1	218	1	0	0	2057	2728	22	33	-1	
4	1	218	1	1	0	2057	2728	22	33	-1	
5	1	218	1	1	1	2057	2728	22	33	95.000000	  
2	1	219	0	0	0	1880	2734	187	58	-1	
3	1	219	1	0	0	1880	2734	187	58	-1	
4	1	219	1	1	0	1880	2734	187	26	-1	
5	1	219	1	1	1	1880	2734	34	22	96.349884	πού
5	1	219	1	1	2	1925	2735	33	25	93.280304	τήν
5	1	219	1	1	3	1969	2735	98	22	25.718925	ἀποχτᾶτε
4	1	219	1	2	0	1886	2768	131	24	-1	
5	1	219	1	2	1	1886	2768	49	17	3.549545	ο
5	1	219	1	2	2	1951	2770	66	22	19.704704	Πΐνετ
2	1	220	0	0	0	1878	2791	186	42	-1	
3	1	220	1	0	0	1878	2791	186	42	-1	
4	1	220	1	1	0	1878	2791	186	42	-1	
5	1	220	1	1	1	1878	2805	48	22	53.278992	εἶναι
5	1	220	1	1	2	1938	2791	126	42	0.000000	άροερ,
2	1	221	0	0	0	2020	2765	53	33	-1	
3	1	221	1	0	0	2020	2765	53	33	-1	
4	1	221	1	1	0	2020	2765	53	33	-1	
5	1	221	1	1	1	2020	2765	53	33	95.000000	 
2	1	222	0	0	0	1875	2770	355	170	-1	
3	1	222	1	0	0	1877	2770	353	93	-1	
4	1	222	1	1	0	2078	2770	152	43	-1	
5	1	222	1	1	1	2078	2770	8	22	85.572327	ό
5	1	222	1	1	2	2078	2772	35	41	7.930229	ο
5	1	222	1	1	3	2116	2771	114	27	60.822483	εωργιτσίου
4	1	222	1	2	0	2098	2807	131	28	-1	
5	1	222	1	2	1	2098	2815	32	13	90.864388	τοῦ
5	1	222	1	2	2	2141	2807	88	28	90.776642	Λουτρα-
4	1	222	1	3	0	1877	2840	50	23	-1	
5	1	222	1	3	1	1877	2840	50	23	0.000000	πήου.
3	1	222	2	0	0	1875	2877	351	63	-1	
4	1	222	2	1	0	1904	2877	322	28	-1	
5	1	222	2	1	1	1904	2890	29	2	61.794842	---
5	1	222	2	1	2	1946	2877	119	27	72.916794	(Καλύτερα
5	1	222	2	1	3	2079	2878	22	21	93.305656	νά
5	1	222	2	1	4	2116	2878	110	27	54.259216	προλαμθαί
4	1	222	2	2	0	1875	2912	295	28	-1	
5	1	222	2	2	1	1875	2920	41	16	19.394531	νευς
5	1	222	2	2	2	1930	2912	53	28	96.184189	παρά
5	1	222	2	2	3	1995	2913	24	21	93.277054	νὰ
5	1	222	2	2	4	2037	2913	133	27	91.644318	θεραπεύεις»,
2	1	223	0	0	0	1878	2951	349	12	-1	
3	1	223	1	0	0	1878	2951	349	12	-1	
4	1	223	1	1	0	1878	2951	349	12	-1	
5	1	223	1	1	1	1878	2951	349	12	95.000000	 
2	1	224	0	0	0	1871	2979	353	107	-1	
3	1	224	1	0	0	1871	2979	353	107	-1	
4	1	224	1	1	0	1905	2979	319	30	-1	
5	1	224	1	1	1	1905	2979	47	21	96.732307	«Τό
5	1	224	1	1	2	1963	2980	30	21	93.302513	νά
5	1	224	1	1	3	2007	2980	138	28	87.892639	ἀσχολεῖσαι
5	1	224	1	1	4	2158	2982	26	26	90.541580	µέ
5	1	224	1	1	5	2195	2982	29	27	96.967751	τή
4	1	224	1	2	0	1873	3014	350	30	-1	
5	1	224	1	2	1	1873	3015	111	28	75.868080	γεωργία,
5	1	224	1	2	2	2000	3014	57	24	93.295654	εἶναι
5	1	224	1	2	3	2077	3016	146	28	59.616425	ἐπάγγελμοαι,
4	1	224	1	3	0	1871	3051	350	35	-1	
5	1	224	1	3	1	1871	3051	38	21	35.309425	καί
5	1	224	1	3	2	1916	3051	108	27	63.162563	μάλιστα
5	1	224	1	3	3	2029	3052	146	29	40.992805	ἐπάγγελμαί
5	1	224	1	3	4	2182	3053	39	33	19.162094	δυ.
2	1	225	0	0	0	1865	536	45	2562	-1	
3	1	225	1	0	0	1865	536	45	2562	-1	
4	1	225	1	1	0	1865	536	45	2562	-1	
5	1	225	1	1	1	1865	536	45	2562	95.000000	 
2	1	226	0	0	0	1871	3087	105	26	-1	
3	1	226	1	0	0	1871	3087	105	26	-1	
4	1	226	1	1	0	1871	3087	105	26	-1	
5	1	226	1	1	1	1871	3087	105	26	74.046448	νομικό»,
