level	page_num	block_num	par_num	line_num	word_num	left	top	width	height	conf	text
1	1	0	0	0	0	0	0	2281	3146	-1	
2	1	1	0	0	0	478	143	212	123	-1	
3	1	1	1	0	0	478	143	212	123	-1	
4	1	1	1	1	0	478	143	212	123	-1	
5	1	1	1	1	1	478	143	212	123	13.335152	θα
2	1	2	0	0	0	430	227	106	116	-1	
3	1	2	1	0	0	430	227	106	116	-1	
4	1	2	1	1	0	430	227	106	116	-1	
5	1	2	1	1	1	430	227	106	116	0.000000	1
2	1	3	0	0	0	478	304	18	12	-1	
3	1	3	1	0	0	478	304	18	12	-1	
4	1	3	1	1	0	478	304	18	12	-1	
5	1	3	1	1	1	478	304	18	12	27.499100	ὅ
2	1	4	0	0	0	137	138	303	248	-1	
3	1	4	1	0	0	137	138	303	248	-1	
4	1	4	1	1	0	137	138	303	248	-1	
5	1	4	1	1	1	137	138	303	248	95.000000	 
2	1	5	0	0	0	387	419	182	19	-1	
3	1	5	1	0	0	387	419	182	19	-1	
4	1	5	1	1	0	387	419	182	19	-1	
5	1	5	1	1	1	387	419	182	19	86.259163	ΓΕΩΡΓΙΤΣΙΑΝΟΙ
2	1	6	0	0	0	254	420	316	48	-1	
3	1	6	1	0	0	254	420	316	48	-1	
4	1	6	1	1	0	266	420	84	18	-1	
5	1	6	1	1	1	266	420	84	18	91.545959	ΝΕΑΡΟΙ
4	1	6	1	2	0	254	449	316	19	-1	
5	1	6	1	2	1	254	450	128	18	87.625259	ΑΓΑΠΗΣΤΕ
5	1	6	1	2	2	415	449	155	19	0.000000	ΟΛΟΡΨΥΧΑ.....
2	1	7	0	0	0	48	180	18	309	-1	
3	1	7	1	0	0	48	180	18	309	-1	
4	1	7	1	1	0	48	180	18	309	-1	
5	1	7	1	1	1	48	432	17	57	89.526520	ΤΑΧ.
5	1	7	1	1	2	48	338	18	80	91.467911	ΤΕΛΟΣ
5	1	7	1	1	3	49	180	17	142	91.467911	ΚΑΤΕΒΛΗΘΗ
2	1	8	0	0	0	590	102	420	95	-1	
3	1	8	1	0	0	590	102	420	95	-1	
4	1	8	1	1	0	590	102	420	95	-1	
5	1	8	1	1	1	590	102	420	95	95.000000	 
2	1	9	0	0	0	981	216	12	11	-1	
3	1	9	1	0	0	981	216	12	11	-1	
4	1	9	1	1	0	981	216	12	11	-1	
5	1	9	1	1	1	981	216	12	11	63.435299	1
2	1	10	0	0	0	427	111	1254	267	-1	
3	1	10	1	0	0	427	111	1258	267	-1	
4	1	10	1	1	0	427	111	1254	267	-1	
5	1	10	1	1	1	427	111	1254	267	0.000000	ἐΤεΩρΓίτΣ]
2	1	11	0	0	0	626	418	998	44	-1	
3	1	11	1	0	0	626	418	998	44	-1	
4	1	11	1	1	0	626	418	998	44	-1	
5	1	11	1	1	1	626	420	86	41	77.972504	το
5	1	11	1	1	2	734	418	377	43	32.524429	ΜΗΑΛΕΚΟΝΙ
5	1	11	1	1	3	1132	418	132	43	92.861458	ΤΟΥ
5	1	11	1	1	4	1299	418	129	44	53.550377	ΤΑΥ
5	1	11	1	1	5	1459	419	165	43	53.550377	ΓΗΤΟ
2	1	12	0	0	0	1020	74	365	151	-1	
3	1	12	1	0	0	1020	74	365	151	-1	
4	1	12	1	1	0	1020	74	365	151	-1	
5	1	12	1	1	1	1020	74	365	151	23.974045	μα
2	1	13	0	0	0	1685	163	19	56	-1	
3	1	13	1	0	0	1685	163	19	56	-1	
4	1	13	1	1	0	1685	163	19	56	-1	
5	1	13	1	1	1	1685	163	19	56	95.000000	 
2	1	14	0	0	0	685	495	565	4	-1	
3	1	14	1	0	0	685	495	565	4	-1	
4	1	14	1	1	0	685	495	565	4	-1	
5	1	14	1	1	1	685	495	565	4	95.000000	 
2	1	15	0	0	0	1370	495	200	5	-1	
3	1	15	1	0	0	1370	495	200	5	-1	
4	1	15	1	1	0	1370	495	200	5	-1	
5	1	15	1	1	1	1370	495	200	5	95.000000	 
2	1	16	0	0	0	259	494	991	8	-1	
3	1	16	1	0	0	259	494	991	8	-1	
4	1	16	1	1	0	259	494	991	8	-1	
5	1	16	1	1	1	259	494	991	8	95.000000	 
2	1	17	0	0	0	238	512	962	21	-1	
3	1	17	1	0	0	238	512	962	21	-1	
4	1	17	1	1	0	238	512	962	21	-1	
5	1	17	1	1	1	238	516	92	17	88.496056	ΟΡΓΑΝΟ
5	1	17	1	1	2	354	515	144	18	88.496056	ΣΥΝΔΕΣΕΩΣ
5	1	17	1	1	3	518	515	48	18	66.391266	ΤΩΝ
5	1	17	1	1	4	585	514	148	19	79.957993	ΑΠΑΝΤΑΧΟΥ
5	1	17	1	1	5	756	513	192	19	79.957993	ΓΕΩΡΓΙΤΣΙΑΝΩΝ
5	1	17	1	1	6	974	513	61	20	93.303276	ΕΤΟΣ
5	1	17	1	1	7	1051	512	33	20	59.631847	5ον
5	1	17	1	1	8	1098	526	7	5	82.870773	-
5	1	17	1	1	9	1120	512	80	21	86.834846	ΦΥΛΛΟ
2	1	18	0	0	0	1237	512	415	23	-1	
3	1	18	1	0	0	1237	512	415	23	-1	
4	1	18	1	1	0	1237	512	415	23	-1	
5	1	18	1	1	1	1237	512	22	17	68.403809	27
5	1	18	1	1	2	1271	513	38	16	61.564758	--.9
5	1	18	1	1	3	1326	513	95	19	93.299538	ΙΟΥΛΙΟΥ
5	1	18	1	1	4	1439	513	57	18	37.102718	Ι98Ι-
5	1	18	1	1	5	1542	514	110	21	83.229477	ΕΚΔΟΤΗΣ
2	1	19	0	0	0	491	553	1273	5	-1	
3	1	19	1	0	0	491	553	1273	5	-1	
4	1	19	1	1	0	491	553	1273	5	-1	
5	1	19	1	1	1	491	553	1273	5	95.000000	 
2	1	20	0	0	0	133	626	541	65	-1	
3	1	20	1	0	0	133	626	541	65	-1	
4	1	20	1	1	0	133	626	541	65	-1	
5	1	20	1	1	1	133	626	45	52	90.056732	Ἡ
5	1	20	1	1	2	201	626	228	65	95.316002	πυρκαγιά
5	1	20	1	1	3	451	630	80	49	96.755844	τοῦ
5	1	20	1	1	4	553	627	121	52	94.744370	1917
2	1	21	0	0	0	25	730	742	838	-1	
3	1	21	1	0	0	47	730	720	95	-1	
4	1	21	1	1	0	81	730	686	38	-1	
5	1	21	1	1	1	81	730	108	38	95.966095	Τέσσερα
5	1	21	1	1	2	200	730	86	26	75.355118	χρόνια
5	1	21	1	1	3	301	730	211	27	13.476364	συμπληρώνονται
5	1	21	1	1	4	530	731	49	26	93.293434	στίς
5	1	21	1	1	5	595	731	25	21	74.509239	Ι6ό
5	1	21	1	1	6	646	731	108	24	9.706100	Ιουλίου,
5	1	21	1	1	7	765	737	2	30	86.361984	|
4	1	21	1	2	0	47	764	720	30	-1	
5	1	21	1	2	1	47	763	48	21	16.066879	ἀπιο
5	1	21	1	2	2	104	763	29	26	94.624908	τή
5	1	21	1	2	3	143	764	91	26	80.431923	µεγάλη
5	1	21	1	2	4	245	768	105	27	68.614136	πυρκαϊά
5	1	21	1	2	5	361	766	43	19	74.124451	τοῦ
5	1	21	1	2	6	418	765	61	23	2.412506	|977,
5	1	21	1	2	7	490	765	48	20	95.480217	ἀπό
5	1	21	1	2	8	549	765	41	27	69.389069	τήν
5	1	21	1	2	9	602	765	72	27	68.717918	ὁπιοία
5	1	21	1	2	10	686	772	81	22	0.222328	κυριο.
4	1	21	1	3	0	50	797	703	28	-1	
5	1	21	1	3	1	50	797	93	21	41.767239	λεκπικἁ
5	1	21	1	3	2	157	797	132	22	46.134911	κινδύνευσε
5	1	21	1	3	3	302	797	27	21	93.296043	τό
5	1	21	1	3	4	344	798	126	27	56.132675	Γεωργίτοι
5	1	21	1	3	5	481	798	29	21	93.183647	νὰ
5	1	21	1	3	6	522	798	55	27	93.300552	γίνει
5	1	21	1	3	7	590	798	163	27	74.706718	ὁλοκαύτωμια.
3	1	21	2	0	0	49	831	706	65	-1	
4	1	21	2	1	0	77	831	678	30	-1	
5	1	21	2	1	1	77	831	106	23	86.360687	Καπόπιν
5	1	21	2	1	2	193	832	142	28	51.258789	ὑπιοδείδεως
5	1	21	2	1	3	346	833	47	21	93.302963	τῶν
5	1	21	2	1	4	403	833	128	27	84.343773	ἁρμοδίων,
5	1	21	2	1	5	539	833	114	28	52.421894	γράφαμε
5	1	21	2	1	6	665	833	90	22	91.992081	ἐπανει-
4	1	21	2	2	0	49	867	705	29	-1	
5	1	21	2	2	1	49	867	131	27	29.849220	λημμένως,
5	1	21	2	2	2	195	867	35	23	96.117447	ὅτι
5	1	21	2	2	3	247	867	56	22	93.292114	εἶναι
5	1	21	2	2	4	319	867	136	28	90.492477	ἐπιπακπική
5	1	21	2	2	5	472	868	97	28	87.465096	ἀνάγικη,
5	1	21	2	2	6	585	869	28	21	79.349823	νὰ
5	1	21	2	2	7	628	869	126	26	73.301109	διανουχθεῖ
3	1	21	3	0	0	25	903	742	239	-1	
4	1	21	3	1	0	25	903	742	33	-1	
5	1	21	3	1	1	25	902	65	30	0.000000	'µία
5	1	21	3	1	2	100	903	192	27	89.992439	προστατευτική
5	1	21	3	1	3	303	904	67	27	96.982422	ζώνη,
5	1	21	3	1	4	383	903	58	22	88.227303	διότι
5	1	21	3	1	5	452	904	23	21	93.298813	οἱ
5	1	21	3	1	6	488	904	83	27	83.683876	θάµνοι
5	1	21	3	1	7	586	903	87	22	71.122826	εὔκολα.
5	1	21	3	1	8	686	904	81	32	68.078934	δανα-
5	1	21	3	1	9	758	900	11	40	50.164375	͵
4	1	21	3	2	0	47	937	706	29	-1	
5	1	21	3	2	1	47	937	113	25	83.078316	ἀνάδουν,
5	1	21	3	2	2	173	938	51	21	86.187675	καῄ...
5	1	21	3	2	3	228	938	154	27	90.604607	ἀλλοίμονο,
5	1	21	3	2	4	396	939	48	27	92.764664	«δίς
5	1	21	3	2	5	459	939	141	27	64.456841	ἐξαμαρτεῖν
5	1	21	3	2	6	613	939	42	21	93.302582	οὐκ
5	1	21	3	2	7	666	939	87	27	90.604652	ἀνδρός
4	1	21	3	3	0	48	973	699	29	-1	
5	1	21	3	3	1	48	974	95	26	91.532898	σοφοῦ».
5	1	21	3	3	2	157	974	24	20	50.718201	“Ὁ
5	1	21	3	3	3	194	974	56	26	77.703735	ἴδιος
5	1	21	3	3	4	261	973	13	22	93.261673	ὁ
5	1	21	3	3	5	285	974	132	27	75.032043	Δαισάρχης
5	1	21	3	3	6	427	981	19	14	92.284035	κ.
5	1	21	3	3	7	462	974	142	27	91.481461	Πιπερίγκας
5	1	21	3	3	8	614	975	46	26	93.041824	μᾶς
5	1	21	3	3	9	672	975	75	27	0.000000	ἔλγιε:
4	1	21	3	4	0	48	1008	704	29	-1	
5	1	21	3	4	1	48	1008	59	21	62.081726	«Αν
5	1	21	3	4	2	121	1009	83	28	53.675941	εἴχαμε
5	1	21	3	4	3	218	1008	43	21	79.983292	ἕνα
5	1	21	3	4	4	274	1008	76	28	93.270950	δρόµο
5	1	21	3	4	5	369	1009	60	27	87.824394	πιρός
5	1	21	3	4	6	443	1009	30	21	91.342613	τὰ
5	1	21	3	4	7	488	1009	151	27	91.342613	Βρυσιώτικα,
5	1	21	3	4	8	654	1010	29	20	73.673676	Εὰ
5	1	21	3	4	9	698	1017	54	14	63.433720	σπα-
4	1	21	3	5	0	46	1043	706	29	-1	
5	1	21	3	5	1	46	1043	140	27	5.943237	μαπούσαιµε
5	1	21	3	5	2	198	1044	29	27	93.301994	τή
5	1	21	3	5	3	241	1044	75	27	46.213261	φωπιὰ
5	1	21	3	5	4	330	1044	43	21	91.072365	στό
5	1	21	3	5	5	387	1045	143	27	58.795235	Μισορρὰχι.
5	1	21	3	5	6	546	1045	41	21	96.828957	Καὶ
5	1	21	3	5	7	605	1045	49	21	93.270142	νά...
5	1	21	3	5	8	670	1052	82	20	34.478790	φύτευ-
4	1	21	3	6	0	46	1079	706	29	-1	
5	1	21	3	6	1	46	1080	56	20	89.991119	τοῦν
5	1	21	3	6	2	112	1079	165	27	85.084541	πλατόφυλλα,
5	1	21	3	6	3	295	1079	151	27	81.924034	(Καιστανιές)
5	1	21	3	6	4	463	1080	57	22	22.040016	δ'ότι
5	1	21	3	6	5	535	1080	30	21	93.297668	τά
5	1	21	3	6	6	575	1080	127	27	1.654854	Κωνοφόγα
5	1	21	3	6	7	713	1087	39	21	17.565071	µε-
4	1	21	3	7	0	47	1114	348	28	-1	
5	1	21	3	7	1	47	1114	110	23	50.099213	ταδίδουν
5	1	21	3	7	2	168	1114	87	22	74.285721	εὔκοιλα
5	1	21	3	7	3	263	1115	28	27	93.298309	τή
5	1	21	3	7	4	301	1115	94	27	92.252327	φωτιὰ».
3	1	21	4	0	0	44	1150	721	276	-1	
4	1	21	4	1	0	109	1150	643	29	-1	
5	1	21	4	1	1	109	1150	45	21	35.404274	.Ἡ
5	1	21	4	1	2	169	1150	129	28	54.242836	Νομιιοχία
5	1	21	4	1	3	310	1151	121	27	86.934059	Λακωνίας
5	1	21	4	1	4	444	1152	45	27	91.748268	μᾶς
5	1	21	4	1	5	503	1151	156	21	85.810478	ἀνακοινώνει:
5	1	21	4	1	6	694	1151	58	22	68.524292	᾿Από
4	1	21	4	2	0	45	1185	707	29	-1	
5	1	21	4	2	1	45	1185	28	21	92.410355	πό
5	1	21	4	2	2	88	1185	86	28	89.663681	Ταμεῖο
5	1	21	4	2	3	188	1186	118	27	96.322166	Γεωργίας
5	1	21	4	2	4	318	1186	39	21	92.572556	καί
5	1	21	4	2	5	369	1186	93	25	92.572556	Δασῶν,
5	1	21	4	2	6	476	1186	138	28	59.065376	ἐγιρίθηκαν
5	1	21	4	2	7	629	1187	38	27	96.510002	γιὰ
5	1	21	4	2	8	681	1187	71	27	93.849365	φέτος
4	1	21	4	3	0	44	1221	708	29	-1	
5	1	21	4	3	1	44	1221	131	21	73.948174	40.446.000
5	1	21	4	3	2	189	1222	52	27	77.091782	δρχ.
5	1	21	4	3	3	254	1222	37	27	91.766792	γιὰ
5	1	21	4	3	4	303	1222	138	27	67.667358	προσπασία
5	1	21	4	3	5	451	1223	85	20	92.295326	Δασῶν
5	1	21	4	3	6	547	1222	38	21	96.105972	καί
5	1	21	4	3	7	595	1222	90	28	59.058434	Δασική
5	1	21	4	3	8	697	1223	55	21	47.884884	Ὅδο
4	1	21	4	4	0	45	1256	706	24	-1	
5	1	21	4	4	1	45	1256	87	21	0.000000	πια...
5	1	21	4	4	2	145	1257	46	20	93.303360	ἀπό
5	1	21	4	4	3	201	1257	60	21	91.850288	αὐτό
5	1	21	4	4	4	271	1257	28	21	93.301903	τό
5	1	21	4	4	5	309	1257	76	21	93.037567	πιοσόν
5	1	21	4	4	6	396	1258	38	21	93.248245	δέν
5	1	21	4	4	7	446	1258	128	22	88.483398	δικαιοῦται
5	1	21	4	4	8	585	1258	28	21	86.879951	τό
5	1	21	4	4	9	625	1258	126	21	53.458717	Γεωιγίτσι
4	1	21	4	5	0	47	1291	718	34	-1	
5	1	21	4	5	1	47	1291	42	23	90.433006	ἕνα
5	1	21	4	5	2	103	1292	117	25	95.683960	ποσοστό;
5	1	21	4	5	3	234	1293	38	27	92.643105	γιὰ
5	1	21	4	5	4	284	1293	18	20	91.798630	ν᾿
5	1	21	4	5	5	316	1293	125	27	93.101128	ἀνοιχτοῦν
5	1	21	4	5	6	452	1293	14	21	93.287056	2
5	1	21	4	5	7	478	1293	92	21	66.701805	δασικοί
5	1	21	4	5	8	580	1300	171	20	26.806557	πιροσπαταυτι-
5	1	21	4	5	9	763	1316	2	9	47.432129	͵
4	1	21	4	6	0	46	1327	719	30	-1	
5	1	21	4	6	1	46	1327	36	21	85.733643	Κοί
5	1	21	4	6	2	95	1327	94	27	6.085083	δρόμοι;
5	1	21	4	6	3	223	1328	70	27	55.666943	"Ενας
5	1	21	4	6	4	308	1328	47	21	91.348175	ἀπό
5	1	21	4	6	5	370	1328	156	28	89.240540	Κρύα-Βρύση
5	1	21	4	6	6	541	1341	8	2	91.177338	-
5	1	21	4	6	7	565	1329	200	28	38.437675	Πανπαζελέῖκα-
4	1	21	4	7	0	47	1363	704	30	-1	
5	1	21	4	7	1	47	1363	147	27	91.187943	Βρυσιώτικα.
5	1	21	4	7	2	207	1363	43	22	70.445358	Καί
5	1	21	4	7	3	260	1363	13	22	92.805069	ὁ
5	1	21	4	7	4	287	1363	74	30	86.503639	ἄλλος
5	1	21	4	7	5	372	1364	66	21	96.714714	πάνω
5	1	21	4	7	6	449	1364	48	21	96.604645	ἀπό
5	1	21	4	7	7	507	1364	28	21	96.893700	τό
5	1	21	4	7	8	545	1364	75	27	96.554512	χωριό
5	1	21	4	7	9	632	1364	60	28	96.864487	πρός
5	1	21	4	7	10	703	1365	48	21	96.071953	Λου
4	1	21	4	8	0	47	1398	409	28	-1	
5	1	21	4	8	1	47	1398	57	21	92.413406	σίνα.
5	1	21	4	8	2	116	1399	80	26	96.973709	Καθώς
5	1	21	4	8	3	204	1399	39	21	90.176765	καί
5	1	21	4	8	4	251	1399	61	27	95.277260	πρός
5	1	21	4	8	5	320	1400	58	20	92.404404	κάθε
5	1	21	4	8	6	385	1400	71	21	74.711014	σπίτι.
3	1	21	5	0	0	45	1433	707	135	-1	
4	1	21	5	1	0	75	1433	677	28	-1	
5	1	21	5	1	1	75	1433	72	28	44.878662	᾿᾽Αφοῦ
5	1	21	5	1	2	159	1434	148	27	19.766647	κριολεκτικἁ
5	1	21	5	1	3	320	1434	133	23	54.541935	κ.νδύνευσε
5	1	21	5	1	4	465	1435	28	21	59.291313	νἀ
5	1	21	5	1	5	504	1435	51	21	92.339005	καεῖ
5	1	21	5	1	6	565	1435	27	21	96.216972	τό
5	1	21	5	1	7	607	1435	61	25	41.705402	1977,
5	1	21	5	1	8	680	1435	72	21	57.300873	ἐλλεί-
4	1	21	5	2	0	45	1468	707	29	-1	
5	1	21	5	2	1	45	1468	35	27	72.025589	Ψει
5	1	21	5	2	2	95	1469	54	27	90.847839	ἑνός
5	1	21	5	2	3	162	1469	101	28	87.256798	δρόµου!
5	1	21	5	2	4	284	1470	127	27	48.398956	Τονίζουµε
5	1	21	5	2	5	430	1470	58	21	89.039322	αὐτό
5	1	21	5	2	6	502	1470	46	21	93.257332	πού
5	1	21	5	2	7	563	1470	90	21	90.678123	ἐτόνισε
5	1	21	5	2	8	668	1471	12	20	92.577179	ὁ
5	1	21	5	2	9	697	1470	55	21	96.268692	τότε
4	1	21	5	3	0	45	1504	707	29	-1	
5	1	21	5	3	1	45	1504	137	28	71.556000	Δαισάρχης.
5	1	21	5	3	2	197	1505	26	21	93.301750	Οἱ
5	1	21	5	3	3	237	1505	110	28	57.728115	ἁρμόδιοι
5	1	21	5	3	4	359	1505	28	28	91.434158	ἄς
5	1	21	5	3	5	399	1506	143	27	76.224472	ἀγρυπνοῦν,
5	1	21	5	3	6	555	1506	57	21	91.133018	διότι
5	1	21	5	3	7	624	1506	13	21	91.133018	ὁ
5	1	21	5	3	8	648	1506	104	27	63.026562	κίνδυνος
4	1	21	5	4	0	46	1540	337	28	-1	
5	1	21	5	4	1	46	1541	119	26	62.686340	πυρικαϊᾶς
5	1	21	5	4	2	181	1540	57	22	93.234779	εἶναι
5	1	21	5	4	3	256	1541	127	27	92.225708	ὑπαρκπός.
2	1	22	0	0	0	262	705	291	8	-1	
3	1	22	1	0	0	262	705	291	8	-1	
4	1	22	1	1	0	262	705	291	8	-1	
5	1	22	1	1	1	262	705	291	8	95.000000	 
2	1	23	0	0	0	656	1265	49	15	-1	
3	1	23	1	0	0	656	1265	49	15	-1	
4	1	23	1	1	0	656	1265	49	15	-1	
5	1	23	1	1	1	656	1265	49	15	95.000000	 
2	1	24	0	0	0	50	1579	686	8	-1	
3	1	24	1	0	0	50	1579	686	8	-1	
4	1	24	1	1	0	50	1579	686	8	-1	
5	1	24	1	1	1	50	1579	686	8	95.000000	 
2	1	25	0	0	0	136	1612	530	112	-1	
3	1	25	1	0	0	136	1612	530	112	-1	
4	1	25	1	1	0	136	1612	530	47	-1	
5	1	25	1	1	1	136	1612	256	47	55.042488	Πρόγραµµα
5	1	25	1	1	2	421	1613	245	46	66.451286	᾽Αγροτικοῦ
4	1	25	1	2	0	224	1676	347	48	-1	
5	1	25	1	2	1	224	1676	233	48	90.569199	Τουρισμοῦ
5	1	25	1	2	2	482	1676	89	39	50.089424	1969
2	1	26	0	0	0	203	1772	30	12	-1	
3	1	26	1	0	0	203	1772	30	12	-1	
4	1	26	1	1	0	203	1772	30	12	-1	
5	1	26	1	1	1	203	1772	30	12	95.000000	  
2	1	27	0	0	0	244	1806	35	15	-1	
3	1	27	1	0	0	244	1806	35	15	-1	
4	1	27	1	1	0	244	1806	35	15	-1	
5	1	27	1	1	1	244	1806	35	15	95.000000	 
2	1	28	0	0	0	177	1826	26	29	-1	
3	1	28	1	0	0	177	1826	26	29	-1	
4	1	28	1	1	0	177	1826	26	29	-1	
5	1	28	1	1	1	177	1826	26	29	95.000000	  
2	1	29	0	0	0	45	1762	707	99	-1	
3	1	29	1	0	0	48	1762	704	98	-1	
4	1	29	1	1	0	87	1762	664	28	-1	
5	1	29	1	1	1	87	1762	16	21	29.737747	[ό
5	1	29	1	1	2	134	1763	98	26	47.023315	Ὑπουργεῖο
5	1	29	1	1	3	248	1762	102	27	93.277771	Γεωργίας
5	1	29	1	1	4	367	1763	67	27	15.391479	ἂρχισε
5	1	29	1	1	5	451	1763	24	21	93.291580	νὰ
5	1	29	1	1	6	488	1763	103	27	27.844345	ἐφαρμάζει.
5	1	29	1	1	7	621	1763	34	21	96.255287	ἀπό
5	1	29	1	1	8	685	1763	66	27	92.141655	φέτος,
4	1	29	1	2	0	45	1779	706	47	-1	
5	1	29	1	2	1	45	1798	115	27	49.105907	πρόγραµµα
5	1	29	1	2	2	173	1799	117	26	0.000000	᾿Αγροτηκοῦ
5	1	29	1	2	3	302	1799	108	27	56.183800	Γουρισμιοῦ
5	1	29	1	2	4	422	1799	19	21	94.935387	σέ
5	1	29	1	2	5	455	1799	25	20	83.268021	14
5	1	29	1	2	6	492	1799	122	26	65.116531	Κοιάτητες
5	1	29	1	2	7	630	1779	36	46	74.640617	τῆς
5	1	29	1	2	8	679	1799	72	22	20.884727	Λακωὼ-
4	1	29	1	3	0	45	1833	707	28	-1	
5	1	29	1	3	1	45	1833	50	28	53.578163	νίας,
5	1	29	1	3	2	107	1834	42	24	47.836880	στίς
5	1	29	1	3	3	161	1835	65	23	78.455734	ἁποῖες
5	1	29	1	3	4	242	1834	176	27	15.879219	περιλιαµβάνονται
5	1	29	1	3	5	434	1834	21	22	62.309238	τό
5	1	29	1	3	6	466	1835	152	20	25.913788	ΓΕΡΠΠΣΙ
5	1	29	1	3	7	630	1834	33	22	68.043213	καὶ
5	1	29	1	3	8	675	1836	9	21	90.495384	ὁ
5	1	29	1	3	9	696	1835	56	21	66.839973	ΛΟΓ
2	1	30	0	0	0	335	1869	21	17	-1	
3	1	30	1	0	0	335	1869	21	17	-1	
4	1	30	1	1	0	335	1869	18	7	-1	
5	1	30	1	1	1	335	1869	18	7	95.000000	 
4	1	30	1	2	0	335	1879	21	7	-1	
5	1	30	1	2	1	335	1879	21	7	95.000000	 
2	1	31	0	0	0	46	1869	213	27	-1	
3	1	31	1	0	0	46	1869	213	27	-1	
4	1	31	1	1	0	46	1869	213	27	-1	
5	1	31	1	1	1	46	1869	133	24	43.904743	ΤΑΙΝΙΚΟΣ,
5	1	31	1	1	2	192	1869	67	27	44.887077	(Γιατί
2	1	32	0	0	0	59	1905	199	26	-1	
3	1	32	1	0	0	59	1905	199	26	-1	
4	1	32	1	1	0	59	1905	199	26	-1	
5	1	32	1	1	1	59	1905	65	25	1.292259	ιδτίς
5	1	32	1	1	2	136	1905	122	26	27.724472	ἸΚονότητες
2	1	33	0	0	0	401	1867	23	25	-1	
3	1	33	1	0	0	401	1867	23	25	-1	
4	1	33	1	1	0	401	1867	23	25	-1	
5	1	33	1	1	1	401	1867	23	25	95.000000	 
2	1	34	0	0	0	269	1871	131	26	-1	
3	1	34	1	0	0	269	1871	131	26	-1	
4	1	34	1	1	0	269	1871	131	26	-1	
5	1	34	1	1	1	269	1877	36	20	15.253693	πιχρ
5	1	34	1	1	2	310	1871	25	19	68.427429	αἲν
5	1	34	1	1	3	357	1879	10	18	73.256210	φ
5	1	34	1	1	4	370	1871	30	25	23.131165	η
2	1	35	0	0	0	338	1887	8	4	-1	
3	1	35	1	0	0	338	1887	8	4	-1	
4	1	35	1	1	0	338	1887	8	4	-1	
5	1	35	1	1	1	338	1887	8	4	95.000000	 
2	1	36	0	0	0	432	1870	201	27	-1	
3	1	36	1	0	0	432	1870	201	27	-1	
4	1	36	1	1	0	432	1870	201	27	-1	
5	1	36	1	1	1	432	1879	11	17	74.285912	ἡ
5	1	36	1	1	2	455	1870	146	21	46.146164	ΑΤΟΡΙΑΝΗ
5	1	36	1	1	3	609	1871	24	26	38.718277	1.
2	1	37	0	0	0	275	1905	475	28	-1	
3	1	37	1	0	0	275	1905	475	28	-1	
4	1	37	1	1	0	275	1905	475	28	-1	
5	1	37	1	1	1	275	1905	58	25	90.960846	αὐτές
5	1	37	1	1	2	347	1906	15	21	93.062332	οἱ
5	1	37	1	1	3	376	1905	37	22	31.260559	χιώτ
5	1	37	1	1	4	541	1907	20	16	47.808300	ὤν
5	1	37	1	1	5	580	1906	20	21	60.536812	νά
5	1	37	1	1	6	611	1908	80	25	88.147919	προδοῦν
5	1	37	1	1	7	705	1906	45	26	34.385155	στήν
2	1	38	0	0	0	417	1914	163	19	-1	
3	1	38	1	0	0	417	1914	163	19	-1	
4	1	38	1	1	0	417	1914	163	19	-1	
5	1	38	1	1	1	417	1914	163	19	95.000000	 
2	1	39	0	0	0	423	1950	11	18	-1	
3	1	39	1	0	0	423	1950	11	18	-1	
4	1	39	1	1	0	423	1950	11	18	-1	
5	1	39	1	1	1	423	1950	11	18	53.874363	η
2	1	40	0	0	0	45	1940	705	100	-1	
3	1	40	1	0	0	45	1940	705	100	-1	
4	1	40	1	1	0	45	1940	705	29	-1	
5	1	40	1	1	1	45	1941	98	27	87.949821	ἐπισχευή,
5	1	40	1	1	2	157	1940	107	28	49.903069	ἐπέκταση,
5	1	40	1	1	3	279	1940	129	28	39.581993	ἀνακαίνητη,
5	1	40	1	1	4	426	1936	7	37	41.754955	ἤ
5	1	40	1	1	5	449	1941	95	27	77.917595	ἀνέγερση
5	1	40	1	1	6	558	1941	48	22	64.354271	Νέων
5	1	40	1	1	7	636	1943	114	26	0.000000	παποριῶν,
4	1	40	1	2	0	45	1976	705	28	-1	
5	1	40	1	2	1	45	1976	33	27	33.923714	ιά
5	1	40	1	2	2	91	1976	99	27	0.000000	ἐνοήκίαση
5	1	40	1	2	3	206	1977	45	24	93.277641	τούς
5	1	40	1	2	4	263	1976	91	28	58.331673	Φερινούς
5	1	40	1	2	5	368	1979	67	25	38.331356	µήμες,
5	1	40	1	2	6	448	1977	11	26	61.708710	ἤ
5	1	40	1	2	7	472	1977	34	27	93.249771	γιὰ
5	1	40	1	2	8	518	1976	92	23	28.249939	κατοήκία
5	1	40	1	2	9	623	1977	32	21	73.121033	καί
5	1	40	1	2	10	668	1977	82	22	72.250412	ἐνουκία-
4	1	40	1	3	0	45	2017	160	23	-1	
5	1	40	1	3	1	45	2021	25	18	89.545029	ση
5	1	40	1	3	2	83	2017	122	23	0.000000	Ιγχρόνως.
2	1	41	0	0	0	74	2048	676	28	-1	
3	1	41	1	0	0	74	2048	676	28	-1	
4	1	41	1	1	0	74	2048	676	28	-1	
5	1	41	1	1	1	74	2048	78	24	39.229832	Σκοπός
5	1	41	1	1	2	167	2050	31	20	96.993576	τοῦ
5	1	41	1	1	3	212	2048	153	27	73.691719	προγράµµατος
5	1	41	1	1	4	381	2048	55	25	80.797646	εἶναι,
5	1	41	1	1	5	451	2049	11	25	65.169144	ἡ
5	1	41	1	1	6	476	2048	115	27	63.131184	δημιουργία
5	1	41	1	1	7	606	2048	144	28	34.450569	προὔποθέσεων
2	1	42	0	0	0	763	1388	4	718	-1	
3	1	42	1	0	0	763	1388	4	718	-1	
4	1	42	1	1	0	763	1388	4	718	-1	
5	1	42	1	1	1	763	1388	4	718	95.000000	 
2	1	43	0	0	0	239	2083	511	28	-1	
3	1	43	1	0	0	239	2083	511	28	-1	
4	1	43	1	1	0	239	2083	511	28	-1	
5	1	43	1	1	1	239	2086	31	20	89.230621	ποῦ
5	1	43	1	1	2	284	2085	115	26	0.000000	Τεωρηκοῦ
5	1	43	1	1	3	414	2084	128	26	67.904526	εἰσοδήμαπος
5	1	43	1	1	4	557	2083	42	25	86.194069	στίς
5	1	43	1	1	5	627	2083	123	27	63.332214	κοινότητες
2	1	44	0	0	0	119	2119	191	27	-1	
3	1	44	1	0	0	119	2119	191	27	-1	
4	1	44	1	1	0	119	2119	191	27	-1	
5	1	44	1	1	1	119	2119	100	27	11.306992	Ἰλένησαν,
5	1	44	1	1	2	235	2120	27	24	96.499702	ὡς
5	1	44	1	1	3	278	2119	33	22	54.066521	καί
2	1	45	0	0	0	96	2084	125	26	-1	
3	1	45	1	0	0	96	2084	125	26	-1	
4	1	45	1	1	0	96	2084	125	26	-1	
5	1	45	1	1	1	96	2084	32	25	36.043568	τήν
5	1	45	1	1	2	144	2084	77	26	30.665329	αὔξηση
2	1	46	0	0	0	61	2120	57	21	-1	
3	1	46	1	0	0	61	2120	57	21	-1	
4	1	46	1	1	0	61	2120	57	21	-1	
5	1	46	1	1	1	61	2120	57	21	95.000000	 
2	1	47	0	0	0	47	2119	704	63	-1	
3	1	47	1	0	0	47	2119	704	62	-1	
4	1	47	1	1	0	326	2119	425	28	-1	
5	1	47	1	1	1	326	2119	111	28	90.156456	προσθέτων
5	1	47	1	1	2	453	2120	100	27	39.770020	κινήτρων
5	1	47	1	1	3	568	2119	34	28	85.129990	γιὰ
5	1	47	1	1	4	618	2119	33	26	91.451569	τήν
5	1	47	1	1	5	668	2119	83	28	64.151131	συγκρά-
4	1	47	1	2	0	47	2155	368	27	-1	
5	1	47	1	2	1	47	2161	49	20	89.932053	τηση
5	1	47	1	2	2	109	2156	36	21	95.715874	τῶν
5	1	47	1	2	3	156	2155	98	22	84.395180	κατοίκων
5	1	47	1	2	4	266	2155	46	26	16.157539	στή)
5	1	47	1	2	5	323	2156	92	26	55.497318	ὕπαιδρο.
2	1	48	0	0	0	74	2190	310	42	-1	
3	1	48	1	0	0	74	2190	310	42	-1	
4	1	48	1	1	0	74	2190	310	42	-1	
5	1	48	1	1	1	74	2190	28	21	68.034538	Τό
5	1	48	1	1	2	117	2190	33	27	83.170799	πρὀ
5	1	48	1	1	3	165	2198	78	34	12.170074	σα
5	1	48	1	1	4	248	2190	33	27	92.216820	γιὰ
5	1	48	1	1	5	297	2191	22	21	42.080055	τὸ
5	1	48	1	1	6	334	2190	50	21	55.223537	1984
2	1	49	0	0	0	660	2190	90	22	-1	
3	1	49	1	0	0	660	2190	90	22	-1	
4	1	49	1	1	0	745	2190	4	7	-1	
5	1	49	1	1	1	745	2190	4	7	0.000000	ν
4	1	49	1	2	0	660	2199	90	13	-1	
5	1	49	1	2	1	660	2199	42	13	5.786316	τις
5	1	49	1	2	2	717	2199	33	13	17.112694	Ἀπι
2	1	50	0	0	0	404	2190	255	26	-1	
3	1	50	1	0	0	404	2190	255	26	-1	
4	1	50	1	1	0	404	2190	255	26	-1	
5	1	50	1	1	1	404	2190	255	26	95.000000	 
2	1	51	0	0	0	41	2221	317	207	-1	
3	1	51	1	0	0	41	2221	317	207	-1	
4	1	51	1	1	0	41	2221	317	207	-1	
5	1	51	1	1	1	41	2221	317	207	95.000000	   
2	1	52	0	0	0	579	2322	36	31	-1	
3	1	52	1	0	0	579	2322	36	31	-1	
4	1	52	1	1	0	579	2322	36	31	-1	
5	1	52	1	1	1	579	2322	36	31	95.000000	 
2	1	53	0	0	0	380	2332	371	62	-1	
3	1	53	1	0	0	381	2332	370	58	-1	
4	1	53	1	1	0	607	2332	144	28	-1	
5	1	53	1	1	1	607	2342	10	11	57.184921	υ
5	1	53	1	1	2	631	2332	21	22	96.556030	σέ
5	1	53	1	1	3	667	2333	27	22	93.279564	90
5	1	53	1	1	4	708	2332	43	28	30.360390	χρό-
4	1	53	1	2	0	380	2368	371	26	-1	
5	1	53	1	2	1	380	2368	32	21	64.045212	χαὶ
5	1	53	1	2	2	430	2368	68	22	9.301437	ἐπιτόκ.
5	1	53	1	2	3	502	2376	15	13	20.318581	ΙΟ
5	1	53	1	2	4	530	2368	94	26	0.000000	μεωμίένο
5	1	53	1	2	5	638	2368	53	22	2.790260	χαίτά
5	1	53	1	2	6	706	2368	12	21	0.000000	{
5	1	53	1	2	7	727	2377	24	17	46.516094	μι
2	1	54	0	0	0	120	2332	526	169	-1	
3	1	54	1	0	0	120	2332	526	169	-1	
4	1	54	1	1	0	342	2332	234	27	-1	
5	1	54	1	1	1	342	2328	14	36	54.981922	..
5	1	54	1	1	2	361	2332	118	27	71.386688	Ἐξόφληση
5	1	54	1	1	3	497	2334	31	20	95.726288	τοῦ
5	1	54	1	1	4	542	2333	34	20	92.861336	δαν
4	1	54	1	2	0	222	2370	141	25	-1	
5	1	54	1	2	1	222	2367	38	24	71.504608	{οδο.
5	1	54	1	2	2	273	2368	90	27	31.609131	χἀρήπος,
4	1	54	1	3	0	120	2385	495	46	-1	
5	1	54	1	3	1	120	2385	83	45	86.811676	Ἠπίσης
5	1	54	1	3	2	213	2404	104	27	81.764664	χορήγηση
5	1	54	1	3	3	325	2403	81	26	41.888145	ξυλείαις
5	1	54	1	3	4	416	2403	22	27	69.451538	μέ
5	1	54	1	3	5	451	2403	98	25	33.130547	εὐνοϊκούς
5	1	54	1	3	6	559	2403	56	28	44.972832	ὅρους
4	1	54	1	4	0	581	2448	65	18	-1	
5	1	54	1	4	1	581	2441	65	25	4.800003	ὀπισπρ
4	1	54	1	5	0	380	2474	154	7	-1	
5	1	54	1	5	1	380	2474	4	7	9.541252	ν
5	1	54	1	5	2	531	2475	3	6	65.214233	;
4	1	54	1	6	0	361	2475	230	26	-1	
5	1	54	1	6	1	361	2481	101	19	0.000000	πάσταση:
5	1	54	1	6	2	480	2475	111	26	86.171844	Χορήγήση
2	1	55	0	0	0	653	2439	4	7	-1	
3	1	55	1	0	0	653	2439	4	7	-1	
4	1	55	1	1	0	653	2439	4	7	-1	
5	1	55	1	1	1	653	2439	4	7	56.867313	/
2	1	56	0	0	0	276	2440	10	7	-1	
3	1	56	1	0	0	276	2440	10	7	-1	
4	1	56	1	1	0	276	2440	10	7	-1	
5	1	56	1	1	1	276	2440	10	7	0.000000	μ
2	1	57	0	0	0	44	2439	707	204	-1	
3	1	57	1	0	0	44	2439	707	204	-1	
4	1	57	1	1	0	74	2439	677	27	-1	
5	1	57	1	1	1	74	2441	18	20	88.457718	ϐ)
5	1	57	1	1	2	107	2439	37	22	57.664757	Τιὰ
5	1	57	1	1	3	157	2440	44	24	90.384628	τούς
5	1	57	1	1	4	214	2446	60	15	36.781151	σνήταί
5	1	57	1	1	5	660	2443	44	23	62.732666	Ψουν
5	1	57	1	1	6	714	2439	37	22	96.714577	στὰ
4	1	57	1	2	0	45	2474	252	27	-1	
5	1	57	1	2	1	45	2475	64	26	80.887924	χωριὰ
5	1	57	1	2	2	122	2482	44	16	95.692276	τους
5	1	57	1	2	3	180	2475	34	26	93.290169	γιὰ
5	1	57	1	2	4	227	2474	70	26	52.956158	μάλμη
4	1	57	1	3	0	44	2509	275	27	-1	
5	1	57	1	3	1	44	2518	20	12	83.887863	σέ
5	1	57	1	3	2	78	2509	81	22	26.624069	ποσοστό
5	1	57	1	3	3	173	2509	64	27	0.000000	90ο)ιο
5	1	57	1	3	4	251	2512	31	20	95.975540	τοῦ
5	1	57	1	3	5	296	2511	23	19	95.510963	δα
4	1	57	1	4	0	45	2545	286	27	-1	
5	1	57	1	4	1	45	2545	61	27	7.038223	ΑΕ,
5	1	57	1	4	2	121	2545	58	27	19.024956	µάχρ.
5	1	57	1	4	3	191	2545	113	21	90.654472	900.000
5	1	57	1	4	4	296	2554	35	18	74.279182	δρχ
4	1	57	1	5	0	44	2580	294	28	-1	
5	1	57	1	5	1	44	2589	31	13	36.398197	για
5	1	57	1	5	2	86	2580	23	27	59.094460	µά
5	1	57	1	5	3	120	2582	54	25	22.805443	διτῃ
5	1	57	1	5	4	187	2580	76	28	89.997986	περίοδο
5	1	57	1	5	5	279	2580	59	28	60.704376	χὰριτ
4	1	57	1	6	0	120	2616	240	27	-1	
5	1	57	1	6	1	120	2616	83	26	58.898514	Ἠπίσης
5	1	57	1	6	2	213	2616	104	27	74.524414	χορήγηση
5	1	57	1	6	3	326	2617	34	24	48.585007	Ἐυλ
2	1	58	0	0	0	274	2448	23	16	-1	
3	1	58	1	0	0	274	2448	23	16	-1	
4	1	58	1	1	0	274	2448	23	16	-1	
5	1	58	1	1	1	274	2448	23	16	95.000000	  
2	1	59	0	0	0	298	2440	266	27	-1	
3	1	59	1	0	0	298	2440	266	27	-1	
4	1	59	1	1	0	298	2440	266	27	-1	
5	1	59	1	1	1	298	2440	68	27	91.830528	ούχους
5	1	59	1	1	2	379	2439	33	22	93.286346	πού
5	1	59	1	1	3	428	2440	99	25	48.916378	ἐπιθημοῦν
5	1	59	1	1	4	540	2440	24	20	96.763138	νὰ
2	1	60	0	0	0	641	2462	19	36	-1	
3	1	60	1	0	0	641	2462	19	36	-1	
4	1	60	1	1	0	641	2462	18	15	-1	
5	1	60	1	1	1	641	2462	18	15	95.000000	  
4	1	60	1	2	0	641	2477	19	21	-1	
5	1	60	1	2	1	641	2477	19	21	95.000000	 
2	1	61	0	0	0	619	2483	22	12	-1	
3	1	61	1	0	0	619	2483	22	12	-1	
4	1	61	1	1	0	619	2483	22	12	-1	
5	1	61	1	1	1	619	2483	22	12	0.000000	Έπ'
2	1	62	0	0	0	320	2479	1	8	-1	
3	1	62	1	0	0	320	2479	1	8	-1	
4	1	62	1	1	0	320	2479	1	8	-1	
5	1	62	1	1	1	320	2479	1	8	95.000000	 
2	1	63	0	0	0	663	2475	88	25	-1	
3	1	63	1	0	0	663	2475	88	25	-1	
4	1	63	1	1	0	663	2475	88	25	-1	
5	1	63	1	1	1	663	2475	88	25	79.223900	οτήσεως
2	1	64	0	0	0	321	2514	39	20	-1	
3	1	64	1	0	0	321	2514	39	20	-1	
4	1	64	1	1	0	321	2514	39	20	-1	
5	1	64	1	1	1	321	2514	39	20	95.000000	   
5	1	64	1	1	2	341	2525	19	8	95.000000	 
2	1	65	0	0	0	599	2510	37	20	-1	
3	1	65	1	0	0	599	2510	37	20	-1	
4	1	65	1	1	0	599	2510	37	20	-1	
5	1	65	1	1	1	599	2510	37	20	95.000000	 
2	1	66	0	0	0	320	2509	431	63	-1	
3	1	66	1	0	0	350	2509	401	63	-1	
4	1	66	1	1	0	363	2509	387	28	-1	
5	1	66	1	1	1	363	2518	8	12	70.996254	υ.
5	1	66	1	1	2	391	2509	31	22	96.827621	πού
5	1	66	1	1	3	437	2509	25	22	96.547882	θά
5	1	66	1	1	4	475	2512	31	19	92.532890	τοῦ
5	1	66	1	1	5	521	2518	78	19	17.247070	χαρήγη
5	1	66	1	1	6	663	2509	37	23	75.950859	ἀπό
5	1	66	1	1	7	714	2509	36	26	46.164505	πήν
4	1	66	1	2	0	320	2544	431	28	-1	
5	1	66	1	2	1	320	2554	18	18	92.306374	χ.
5	1	66	1	2	2	353	2545	27	21	94.242981	Τό
5	1	66	1	2	3	395	2545	53	21	56.786148	δάνειο
5	1	66	1	2	4	471	2544	25	22	92.681625	θὰ
5	1	66	1	2	5	510	2545	117	27	42.676048	ἐξοφλιηδεῖ
5	1	66	1	2	6	643	2545	20	21	89.566597	σέ
5	1	66	1	2	7	679	2545	26	21	85.578857	13
5	1	66	1	2	8	716	2544	35	28	89.391571	χρό
2	1	67	0	0	0	366	2580	385	27	-1	
3	1	67	1	0	0	366	2580	385	27	-1	
4	1	67	1	1	0	366	2580	385	27	-1	
5	1	67	1	1	1	366	2599	3	4	0.000000	.
5	1	67	1	1	2	382	2580	33	22	24.102303	παΐ
5	1	67	1	1	3	540	2580	83	27	57.803169	ειωμένο
5	1	67	1	1	4	636	2581	52	23	67.609726	κατά
5	1	67	1	1	5	698	2580	12	22	43.364544	Ἱ
5	1	67	1	1	6	719	2589	32	18	42.326794	µο-
2	1	68	0	0	0	338	2589	40	84	-1	
3	1	68	1	0	0	338	2589	40	84	-1	
4	1	68	1	1	0	338	2589	33	14	-1	
5	1	68	1	1	1	338	2589	33	14	95.000000	 
4	1	68	1	2	0	360	2603	15	15	-1	
5	1	68	1	2	1	360	2603	15	15	95.000000	 
4	1	68	1	3	0	339	2618	39	35	-1	
5	1	68	1	3	1	339	2618	39	35	95.000000	  
4	1	68	1	4	0	357	2653	21	20	-1	
5	1	68	1	4	1	357	2653	21	20	95.000000	 
2	1	69	0	0	0	440	2589	187	54	-1	
3	1	69	1	0	0	440	2589	187	54	-1	
4	1	69	1	1	0	440	2589	78	13	-1	
5	1	69	1	1	1	440	2580	78	22	37.385880	τόνοι,
4	1	69	1	2	0	479	2624	148	19	-1	
5	1	69	1	2	1	479	2616	73	24	47.085838	νοϊχούς
5	1	69	1	2	2	564	2616	63	27	77.718292	ὅρους.
2	1	70	0	0	0	518	2589	37	22	-1	
3	1	70	1	0	0	518	2589	37	22	-1	
4	1	70	1	1	0	518	2589	37	22	-1	
5	1	70	1	1	1	518	2589	37	22	95.000000	 
2	1	71	0	0	0	45	2615	399	30	-1	
3	1	71	1	0	0	45	2615	399	27	-1	
4	1	71	1	1	0	380	2615	3	7	-1	
5	1	71	1	1	1	380	2615	3	7	41.328777	͵
4	1	71	1	2	0	45	2616	399	29	-1	
5	1	71	1	2	1	45	2616	65	25	41.020874	φάδος.
5	1	71	1	2	2	379	2618	31	27	29.157158	μοῖις
5	1	71	1	2	3	422	2616	22	26	60.625404	μέ
2	1	72	0	0	0	454	2626	25	39	-1	
3	1	72	1	0	0	454	2626	25	39	-1	
4	1	72	1	1	0	454	2626	25	13	-1	
5	1	72	1	1	1	454	2626	25	13	95.000000	 
4	1	72	1	2	0	454	2639	20	26	-1	
5	1	72	1	2	1	454	2639	16	15	95.000000	  
5	1	72	1	2	2	473	2641	1	24	95.000000	 
2	1	73	0	0	0	380	2635	372	44	-1	
3	1	73	1	0	0	380	2635	372	44	-1	
4	1	73	1	1	0	386	2635	310	34	-1	
5	1	73	1	1	1	386	2651	3	7	56.777451	͵
5	1	73	1	1	2	559	2635	13	34	36.482426	ος
5	1	73	1	1	3	634	2651	62	8	0.800774	ολ.
4	1	73	1	2	0	380	2652	372	27	-1	
5	1	73	1	2	1	380	2660	54	13	0.000000	ὦνων
5	1	73	1	2	2	449	2661	55	18	81.341454	µέχρι
5	1	73	1	2	3	523	2652	26	21	60.943779	15
5	1	73	1	2	4	563	2659	110	20	33.140991	δωματίων,
5	1	73	1	2	5	688	2659	64	14	43.545490	δάνειο
2	1	74	0	0	0	301	2660	4	5	-1	
3	1	74	1	0	0	301	2660	4	5	-1	
4	1	74	1	1	0	301	2660	4	5	-1	
5	1	74	1	1	1	301	2660	4	5	95.000000	 
2	1	75	0	0	0	46	2651	705	99	-1	
3	1	75	1	0	0	46	2651	705	99	-1	
4	1	75	1	1	0	71	2651	286	27	-1	
5	1	75	1	1	1	71	2652	24	26	0.000000	)
5	1	75	1	1	2	111	2651	39	22	25.133133	Γιά
5	1	75	1	1	3	163	2652	36	26	23.301559	ήν
5	1	75	1	1	4	214	2652	112	26	16.569763	κατασκευή,
5	1	75	1	1	5	342	2668	15	9	11.928787	ξι
4	1	75	1	2	0	46	2687	552	42	-1	
5	1	75	1	2	1	46	2687	69	22	74.100555	5.500.
5	1	75	1	2	2	116	2687	62	42	72.477570	0005
5	1	75	1	2	3	170	2696	42	19	92.328743	δρχ.
5	1	75	1	2	4	229	2687	33	21	20.764481	«ιαί
5	1	75	1	2	5	272	2687	104	27	40.963364	χοαρήγ(σιη
5	1	75	1	2	6	385	2687	133	26	88.339790	ἐπιδοτήσεως
5	1	75	1	2	7	529	2688	69	26	4.388123	Ό0ᾳ)ο.
4	1	75	1	3	0	195	2722	556	28	-1	
5	1	75	1	3	1	195	2739	8	8	82.227173	ς
5	1	75	1	3	2	219	2722	133	28	80.665070	πιληροφορίεις
5	1	75	1	3	3	364	2723	35	26	29.489639	οἰτή
5	1	75	1	3	4	413	2723	66	27	25.576889	Δ)ηση
5	1	75	1	3	5	491	2722	104	28	25.635345	Γεωρηίας
5	1	75	1	3	6	608	2725	45	24	91.728889	τηλ.
5	1	75	1	3	7	665	2723	86	22	0.000000	20-θ91.
2	1	76	0	0	0	395	2688	1	20	-1	
3	1	76	1	0	0	395	2688	1	20	-1	
4	1	76	1	1	0	395	2688	1	20	-1	
5	1	76	1	1	1	395	2688	1	20	95.000000	  
2	1	77	0	0	0	56	2723	101	27	-1	
3	1	77	1	0	0	56	2723	101	27	-1	
4	1	77	1	1	0	56	2723	101	27	-1	
5	1	77	1	1	1	56	2722	101	28	13.192993	ΠΠερισσότ
2	1	78	0	0	0	51	2765	75	4	-1	
3	1	78	1	0	0	51	2765	75	4	-1	
4	1	78	1	1	0	51	2765	75	4	-1	
5	1	78	1	1	1	51	2765	75	4	95.000000	 
2	1	79	0	0	0	252	2766	68	3	-1	
3	1	79	1	0	0	252	2766	68	3	-1	
4	1	79	1	1	0	252	2766	68	3	-1	
5	1	79	1	1	1	252	2766	68	3	95.000000	 
2	1	80	0	0	0	191	2794	416	22	-1	
3	1	80	1	0	0	191	2794	416	22	-1	
4	1	80	1	1	0	191	2794	416	22	-1	
5	1	80	1	1	1	191	2794	223	21	55.539047	ΑΙΝΑΙΚΟΙΝΩΣΗΙΣ
5	1	80	1	1	2	431	2794	176	22	37.303371	ΝΟΜΑΡΧΙΑΣ
2	1	81	0	0	0	660	2867	19	19	-1	
3	1	81	1	0	0	660	2867	19	19	-1	
4	1	81	1	1	0	660	2867	19	19	-1	
5	1	81	1	1	1	660	2867	19	19	95.000000	 
2	1	82	0	0	0	46	2829	704	64	-1	
3	1	82	1	0	0	46	2829	704	63	-1	
4	1	82	1	1	0	80	2829	670	28	-1	
5	1	82	1	1	1	80	2829	20	22	44.771339	ϱ.
5	1	82	1	1	2	121	2831	12	19	58.375237	"
5	1	82	1	1	3	135	2830	132	27	0.000000	πλεηραφική
5	1	82	1	1	4	285	2829	93	28	0.329178	ἐγικύκίλιο
5	1	82	1	1	5	396	2832	32	19	96.954872	τοῦ
5	1	82	1	1	6	445	2830	39	20	66.818756	ΥΠ
5	1	82	1	1	7	499	2830	54	25	0.000000	ΕΝ,
5	1	82	1	1	8	570	2831	121	26	43.115234	πληροφορεῖ
5	1	82	1	1	9	720	2829	30	22	74.819733	ὕτι
4	1	82	1	2	0	46	2865	704	28	-1	
5	1	82	1	2	1	46	2865	126	22	0.000000	διαιόππεται
5	1	82	1	2	2	188	2873	127	20	69.664917	προσωρινῶς,
5	1	82	1	2	3	331	2874	13	17	0.000000	ἡ
5	1	82	1	2	4	360	2867	22	19	86.366394	λθ
5	1	82	1	2	5	679	2865	71	25	88.747208	εύσεως
2	1	83	0	0	0	352	2868	137	93	-1	
3	1	83	1	0	0	352	2868	137	93	-1	
4	1	83	1	1	0	352	2868	137	54	-1	
5	1	83	1	1	1	352	2868	137	54	95.000000	  
4	1	83	1	2	0	380	2922	109	39	-1	
5	1	83	1	2	1	380	2922	109	39	95.000000	  
2	1	84	0	0	0	71	2865	585	99	-1	
3	1	84	1	0	0	71	2865	585	99	-1	
4	1	84	1	1	0	406	2865	250	27	-1	
5	1	84	1	1	1	406	2865	68	27	57.902573	ουργία
5	1	84	1	1	2	494	2865	82	22	68.973534	ΔΣΕΙΝ.
5	1	84	1	1	3	593	2873	63	19	73.598206	πραπα
4	1	84	1	2	0	89	2900	391	28	-1	
5	1	84	1	2	1	89	2904	75	24	24.269203	θβέζης,
5	1	84	1	2	2	174	2900	54	27	91.322937	λόγω
5	1	84	1	2	3	239	2902	73	25	52.018593	ζημιῶν
5	1	84	1	2	4	323	2901	14	21	95.758766	ἐν
5	1	84	1	2	5	463	2902	17	12	56.675625	ὤν
4	1	84	1	3	0	71	2936	309	28	-1	
5	1	84	1	3	1	71	2936	28	21	28.924042	ιΦ
5	1	84	1	3	2	118	2937	27	20	89.229805	Ἡ
5	1	84	1	3	3	162	2937	69	27	93.037781	Σχολή,
5	1	84	1	3	4	246	2937	134	27	0.000000	Τουριστκῶν
2	1	85	0	0	0	45	2971	83	27	-1	
3	1	85	1	0	0	45	2971	83	27	-1	
4	1	85	1	1	0	45	2971	83	27	-1	
5	1	85	1	1	1	45	2971	83	27	0.000000	πωλισμὸ
2	1	86	0	0	0	50	2900	296	28	-1	
3	1	86	1	0	0	50	2900	296	28	-1	
4	1	86	1	1	0	50	2900	296	28	-1	
5	1	86	1	1	1	50	2900	69	28	95.000000	 
5	1	86	1	1	2	330	2910	16	12	95.000000	 
2	1	87	0	0	0	569	2936	183	28	-1	
3	1	87	1	0	0	569	2936	183	28	-1	
4	1	87	1	1	0	650	2936	4	7	-1	
5	1	87	1	1	1	650	2936	4	7	0.000000	͵
4	1	87	1	2	0	569	2938	183	26	-1	
5	1	87	1	2	1	569	2945	128	19	79.071121	προχιηρύσσει
5	1	87	1	2	2	712	2938	40	19	0.000000	δ.α-
2	1	88	0	0	0	645	2971	106	23	-1	
3	1	88	1	0	0	645	2971	106	23	-1	
4	1	88	1	1	0	645	2971	106	23	-1	
5	1	88	1	1	1	645	2971	106	23	55.777760	1951-55.
2	1	89	0	0	0	46	2936	704	170	-1	
3	1	89	1	0	0	49	2936	564	99	-1	
4	1	89	1	1	0	423	2936	131	27	-1	
5	1	89	1	1	1	423	2936	131	27	11.249001	αγγελμιάτων
4	1	89	1	2	0	143	2972	470	27	-1	
5	1	89	1	2	1	143	2972	114	26	62.573494	εἰσαγωηῆς
5	1	89	1	2	2	272	2974	100	25	77.708382	μιαθητῶν,
5	1	89	1	2	3	387	2972	34	26	96.607330	γιὰ
5	1	89	1	2	4	436	2971	20	23	71.190178	τὸ
5	1	89	1	2	5	471	2971	82	28	85.067032	σχολικό
5	1	89	1	2	6	568	2972	45	24	92.976334	ἔτος
4	1	89	1	3	0	49	3007	444	28	-1	
5	1	89	1	3	1	49	3007	155	27	57.354347	Πληροφορίες:
5	1	89	1	3	2	217	3007	149	28	0.000000	Δρααπσανίου
5	1	89	1	3	3	378	3007	11	21	91.986572	4
5	1	89	1	3	4	399	3007	94	26	0.000000	᾿Αιδήμα:.
3	1	89	2	0	0	46	3042	704	64	-1	
4	1	89	2	1	0	78	3042	672	28	-1	
5	1	89	2	1	1	78	3043	21	20	75.793625	ϐ
5	1	89	2	1	2	115	3043	50	22	27.372299	Από
5	1	89	2	1	3	175	3043	20	22	79.944473	τό
5	1	89	2	1	4	205	3044	75	25	38.122349	Τομεῖο
5	1	89	2	1	5	290	3043	104	27	83.549942	Γεωργίας
5	1	89	2	1	6	405	3042	33	22	0.000000	Ἆαΐ
5	1	89	2	1	7	448	3043	70	21	92.756485	Δασῶν
5	1	89	2	1	8	529	3042	125	28	0.000000	ἐπρίδηκαν
5	1	89	2	1	9	667	3043	83	22	63.208786	40.440.
4	1	89	2	2	0	46	3078	126	28	-1	
5	1	89	2	2	1	46	3079	41	21	82.299438	006
5	1	89	2	2	2	99	3078	33	27	11.034248	νὰ
5	1	89	2	2	3	147	3088	25	18	93.031776	πρ
2	1	90	0	0	0	178	3025	2	3	-1	
3	1	90	1	0	0	178	3025	2	3	-1	
4	1	90	1	1	0	178	3025	2	3	-1	
5	1	90	1	1	1	178	3025	2	3	95.000000	 
2	1	91	0	0	0	762	1388	6	1717	-1	
3	1	91	1	0	0	762	1388	6	1717	-1	
4	1	91	1	1	0	762	1388	6	1717	-1	
5	1	91	1	1	1	762	1388	6	1717	95.000000	 
2	1	92	0	0	0	175	3078	392	27	-1	
3	1	92	1	0	0	175	3078	392	27	-1	
4	1	92	1	1	0	175	3078	392	27	-1	
5	1	92	1	1	1	175	3078	80	22	57.283401	οσπιασίχ
5	1	92	1	1	2	265	3079	69	21	62.179604	Λασῶν
5	1	92	1	1	3	345	3079	33	21	74.491547	καί
5	1	92	1	1	4	387	3078	76	27	87.299850	Δασική
5	1	92	1	1	5	473	3078	94	23	35.538300	ὁδοποιία.
2	1	93	0	0	0	764	1530	360	32	-1	
3	1	93	1	0	0	764	1530	360	32	-1	
4	1	93	1	1	0	764	1530	360	32	-1	
5	1	93	1	1	1	764	1533	45	22	49.013702	|Καὶ
5	1	93	1	1	2	827	1535	42	20	93.294930	τοῦ
5	1	93	1	1	3	883	1530	109	31	80.222984	διακόνου
5	1	93	1	1	4	1005	1541	19	14	93.280411	κ.
5	1	93	1	1	5	1040	1534	84	28	66.327835	Εὐαγγ.
2	1	94	0	0	0	822	624	262	93	-1	
3	1	94	1	0	0	822	624	262	93	-1	
4	1	94	1	1	0	822	624	262	21	-1	
5	1	94	1	1	1	822	624	21	21	85.779762	Ὁ
5	1	94	1	1	2	853	624	159	21	92.314041	ΔΕΣΠΟΤΗΣ
5	1	94	1	1	3	1022	624	62	21	96.385376	ΜΑΣ
4	1	94	1	2	0	849	660	210	24	-1	
5	1	94	1	2	1	849	660	58	24	92.986916	ΣΤΗ
5	1	94	1	2	2	918	660	141	21	66.977280	ΠΕΛΛΑΝΙΑ
4	1	94	1	3	0	842	695	221	22	-1	
5	1	94	1	3	1	842	695	50	22	76.743210	ΚΑΙ
5	1	94	1	3	2	911	695	152	22	76.743210	ΓΕΩΡΓΙΤΣΙ
2	1	95	0	0	0	808	755	246	34	-1	
3	1	95	1	0	0	808	755	246	34	-1	
4	1	95	1	1	0	808	755	246	34	-1	
5	1	95	1	1	1	808	755	246	34	95.000000	 
2	1	96	0	0	0	765	771	362	154	-1	
3	1	96	1	0	0	765	771	362	154	-1	
4	1	96	1	1	0	765	771	361	60	-1	
5	1	96	1	1	1	765	775	154	56	7.202774	ἱτροπολίκης
5	1	96	1	1	2	930	798	47	21	59.827606	μαις
5	1	96	1	1	3	992	798	19	14	95.180855	κ.
5	1	96	1	1	4	1008	771	118	53	0.000000	Επομαρι
4	1	96	1	2	0	775	826	351	28	-1	
5	1	96	1	2	1	766	826	43	28	51.848911	Ίος,
5	1	96	1	2	2	825	827	107	27	89.053055	προέστη
5	1	96	1	2	3	947	828	42	26	95.565987	τῆς
5	1	96	1	2	4	1004	826	69	28	93.207962	Θείας
5	1	96	1	2	5	1087	827	39	21	91.943146	Λει
4	1	96	1	3	0	775	861	352	28	-1	
5	1	96	1	3	1	775	862	120	27	89.648125	τουργίας,
5	1	96	1	3	2	906	862	41	27	93.299736	τὴν
5	1	96	1	3	3	958	862	41	27	78.529282	µέν
5	1	96	1	3	4	1013	862	45	27	38.949570	2Ιη
5	1	96	1	3	5	1067	861	60	22	67.666756	Μαϊ-
4	1	96	1	4	0	774	896	352	29	-1	
5	1	96	1	4	1	765	896	38	22	59.460968	ου
5	1	96	1	4	2	818	897	73	28	90.300980	ἑορπὴ
5	1	96	1	4	3	906	898	43	20	96.559319	τοῦ
5	1	96	1	4	4	965	896	77	28	58.494484	“Αγίου
5	1	96	1	4	5	1057	897	51	21	93.176689	Κων
5	1	96	1	4	6	1118	909	8	2	93.155708	-
2	1	97	0	0	0	772	938	1108	434	-1	
3	1	97	1	0	0	772	938	1108	434	-1	
4	1	97	1	1	0	781	938	362	54	-1	
5	1	97	1	1	1	781	938	362	54	95.000000	     
4	1	97	1	2	0	772	992	383	38	-1	
5	1	97	1	2	1	772	992	383	38	95.000000	  
4	1	97	1	3	0	772	1030	383	36	-1	
5	1	97	1	3	1	772	1030	383	36	95.000000	 
4	1	97	1	4	0	772	1066	383	54	-1	
5	1	97	1	4	1	772	1066	383	54	95.000000	 
4	1	97	1	5	0	772	1120	383	34	-1	
5	1	97	1	5	1	772	1120	383	34	95.000000	 
4	1	97	1	6	0	772	1154	387	38	-1	
5	1	97	1	6	1	772	1154	387	38	95.000000	  
4	1	97	1	7	0	772	1192	387	35	-1	
5	1	97	1	7	1	772	1192	387	35	95.000000	 
4	1	97	1	8	0	772	1227	387	34	-1	
5	1	97	1	8	1	772	1227	387	34	95.000000	  
4	1	97	1	9	0	772	1261	1108	111	-1	
5	1	97	1	9	1	772	1261	1108	111	95.000000	  
2	1	98	0	0	0	1155	632	3	593	-1	
3	1	98	1	0	0	1155	632	3	593	-1	
4	1	98	1	1	0	1155	632	3	593	-1	
5	1	98	1	1	1	1155	632	3	593	95.000000	 
2	1	99	0	0	0	772	1306	354	221	-1	
3	1	99	1	0	0	772	1306	354	221	-1	
4	1	99	1	1	0	772	1306	354	44	-1	
5	1	99	1	1	1	772	1323	125	21	92.825424	σπαντίνου
5	1	99	1	1	2	908	1323	32	26	95.964203	εἰς
5	1	99	1	1	3	951	1322	42	22	96.534958	τὸν
5	1	99	1	1	4	1002	1306	124	44	4.276184	η
4	1	99	1	2	0	774	1357	351	28	-1	
5	1	99	1	2	1	774	1357	75	28	42.098473	“Ιηρὸν
5	1	99	1	2	2	862	1357	65	22	91.509407	Ναὸν
5	1	99	1	2	3	939	1359	43	26	89.140823	τῆς
5	1	99	1	2	4	995	1358	130	27	37.310623	Πελλάνιας,
4	1	99	1	3	0	775	1393	351	27	-1	
5	1	99	1	3	1	775	1393	277	27	38.824009	σὐμπιαιοαισπιατούµενος
5	1	99	1	3	2	1081	1393	45	21	95.980743	ὑπὸ
4	1	99	1	4	0	772	1428	352	28	-1	
5	1	99	1	4	1	772	1429	42	20	91.562477	τοῦ
5	1	99	1	4	2	826	1428	258	28	44.468460	αἰδεσημολογιωπάτου
5	1	99	1	4	3	1106	1435	18	14	92.731651	κ.
4	1	99	1	5	0	774	1463	350	28	-1	
5	1	99	1	5	1	774	1464	24	20	45.630611	3.
5	1	99	1	5	2	815	1463	195	27	66.181458	Μιχαλοπιούλου,
5	1	99	1	5	3	1025	1465	42	20	96.758125	τοῦ
5	1	99	1	5	4	1081	1464	43	27	83.101929	ἔφη
4	1	99	1	6	0	774	1498	351	29	-1	
5	1	99	1	6	1	774	1498	82	27	86.258881	µερίου
5	1	99	1	6	2	875	1499	63	27	24.078156	Π.ιΓ.
5	1	99	1	6	3	955	1499	170	28	69.696671	᾽Αλαφόγιαννη
2	1	100	0	0	0	770	1565	355	704	-1	
3	1	100	1	0	0	771	1565	354	491	-1	
4	1	100	1	1	0	774	1565	351	33	-1	
5	1	100	1	1	1	774	1569	79	28	92.434563	Γρίδα.
5	1	100	1	1	2	866	1569	46	28	93.082901	Τήν
5	1	100	1	1	3	920	1565	28	27	96.359680	δέ
5	1	100	1	1	4	957	1570	43	28	93.982437	24η
5	1	100	1	1	5	1013	1571	43	20	93.302750	τοῦ
5	1	100	1	1	6	1067	1569	58	22	91.476295	ἰδίου
4	1	100	1	2	0	772	1605	353	27	-1	
5	1	100	1	2	1	772	1605	73	26	80.696609	μηνὸς
5	1	100	1	2	2	854	1606	32	25	91.546227	εἰς
5	1	100	1	2	3	894	1605	42	20	88.822350	τὸν
5	1	100	1	2	4	950	1605	61	26	56.145401	'Περὸ
5	1	100	1	2	5	1021	1605	52	20	81.719398	Ναὸ
5	1	100	1	2	6	1083	1606	42	26	96.438599	τῆς
4	1	100	1	3	0	773	1638	352	28	-1	
5	1	100	1	3	1	773	1638	177	28	34.919975	«Ὑπιαπιαντῆς»
5	1	100	1	3	2	970	1639	155	26	88.577164	Γεωργιπσίου
4	1	100	1	4	0	773	1673	352	28	-1	
5	1	100	1	4	1	773	1673	61	23	21.739594	ὅπιου
5	1	100	1	4	2	844	1673	13	21	93.194412	ὁ
5	1	100	1	4	3	868	1673	127	28	42.277454	ἐφημέριος
5	1	100	1	4	4	1007	1680	19	14	93.301277	κ.
5	1	100	1	4	5	1039	1674	24	20	90.129356	Κ.
5	1	100	1	4	6	1075	1674	50	20	90.129356	Για-
4	1	100	1	5	0	773	1708	352	29	-1	
5	1	100	1	5	1	773	1709	88	27	75.931183	πράκος
5	1	100	1	5	2	874	1709	43	22	93.293022	τὸν
5	1	100	1	5	3	930	1708	151	29	88.914833	Καιλωσόρισε
5	1	100	1	5	4	1096	1709	29	28	85.784401	µέ
4	1	100	1	6	0	773	1744	352	28	-1	
5	1	100	1	6	1	773	1744	174	28	65.311241	ἐγκαρδιότηπα
5	1	100	1	6	2	958	1745	37	21	93.298210	καὶ
5	1	100	1	6	3	1009	1744	77	28	37.245770	θερμἀ
5	1	100	1	6	4	1096	1744	29	21	92.670502	λό
4	1	100	1	7	0	773	1779	351	29	-1	
5	1	100	1	7	1	773	1787	39	20	94.390961	για
5	1	100	1	7	2	831	1780	37	21	85.828056	Καὶ
5	1	100	1	7	3	885	1781	42	20	96.093674	τοῦ
5	1	100	1	7	4	944	1779	124	29	80.813438	πρόσφερε
5	1	100	1	7	5	1099	1780	25	21	92.956268	ἐκ
4	1	100	1	8	0	771	1815	353	28	-1	
5	1	100	1	8	1	771	1815	89	28	89.060928	µέρους
5	1	100	1	8	2	871	1817	46	20	93.300323	τῶν
5	1	100	1	8	3	927	1815	114	24	30.526733	Καπιοίκων
5	1	100	1	8	4	1052	1816	34	26	96.191154	τὶς
5	1	100	1	8	5	1096	1822	28	15	88.026260	Κα
4	1	100	1	9	0	772	1850	352	28	-1	
5	1	100	1	9	1	772	1851	64	27	74.018288	ῥδιές
5	1	100	1	9	2	852	1851	68	22	90.355820	ὅλων.
5	1	100	1	9	3	940	1851	74	21	12.503220	ἸΗλθε
5	1	100	1	9	4	1029	1850	25	28	65.713943	ἐξ
5	1	100	1	9	5	1069	1851	55	27	52.616508	᾿Αθη
4	1	100	1	10	0	772	1886	353	30	-1	
5	1	100	1	10	1	772	1888	44	20	92.888000	νῶν
5	1	100	1	10	2	831	1887	36	21	93.301262	καὶ
5	1	100	1	10	3	880	1887	13	21	93.232864	ὁ
5	1	100	1	10	4	904	1886	148	30	59.733158	καλ]λίφωνος
5	1	100	1	10	5	1065	1887	60	27	29.461403	ἱερο-
4	1	100	1	11	0	772	1922	353	28	-1	
5	1	100	1	11	1	772	1922	92	28	79.054672	φάλτης
5	1	100	1	11	2	875	1929	46	21	96.273102	µας
5	1	100	1	11	3	932	1929	19	14	96.580536	κ.
5	1	100	1	11	4	966	1922	77	21	89.475105	Βασίλ.
5	1	100	1	11	5	1059	1922	47	21	87.998596	Τσε
5	1	100	1	11	6	1116	1934	9	3	87.998596	-
4	1	100	1	12	0	773	1958	350	27	-1	
5	1	100	1	12	1	773	1959	87	26	0.000000	ρωτάς,
5	1	100	1	12	2	876	1958	25	21	93.288269	ἐκ
5	1	100	1	12	3	916	1958	111	27	89.295357	Σπάρπης
5	1	100	1	12	4	1041	1958	23	21	96.601707	οἱ
5	1	100	1	12	5	1082	1964	41	15	92.741173	κ.κ.
4	1	100	1	13	0	771	1993	354	28	-1	
5	1	100	1	13	1	771	1994	111	27	68.743790	Χρῆστος
5	1	100	1	13	2	908	1993	178	28	92.120132	Καλαθρυτινὸς
5	1	100	1	13	3	1112	1993	13	21	92.359512	ὁ
4	1	100	1	14	0	772	2029	322	27	-1	
5	1	100	1	14	1	772	2030	54	20	92.621773	Παν.
5	1	100	1	14	2	839	2030	25	20	92.022255	Η.
5	1	100	1	14	3	878	2029	78	27	92.803085	Βύνιος
5	1	100	1	14	4	968	2029	37	21	93.293671	καὶ
5	1	100	1	14	5	1019	2029	75	21	78.975296	ἄλλοι.
3	1	100	2	0	0	770	2064	355	205	-1	
4	1	100	2	1	0	802	2064	322	28	-1	
5	1	100	2	1	1	802	2065	37	27	92.231552	Εἰς
5	1	100	2	1	2	853	2064	152	28	87.497368	ἀμφοτέρους
5	1	100	2	1	3	1018	2064	56	27	96.829865	τούς
5	1	100	2	1	4	1089	2065	35	20	96.979004	Να
4	1	100	2	2	0	771	2100	354	27	-1	
5	1	100	2	2	1	771	2100	49	27	40.690491	οὑς,
5	1	100	2	2	2	834	2100	13	21	90.694565	ὁ
5	1	100	2	2	3	864	2100	104	27	84.743713	Σεθ)πος
5	1	100	2	2	4	982	2100	105	27	81.283325	ὠμίλησε
5	1	100	2	2	5	1095	2100	30	27	76.706940	µέ
4	1	100	2	3	0	771	2135	354	28	-1	
5	1	100	2	3	1	771	2135	42	28	93.294220	τὴν
5	1	100	2	3	2	827	2135	166	28	83.245575	διακρίνουσαν
5	1	100	2	3	3	1007	2135	72	21	92.403030	αὐτὸν
5	1	100	2	3	4	1092	2135	33	27	92.403030	χά
4	1	100	2	4	0	772	2170	352	28	-1	
5	1	100	2	4	1	772	2178	36	20	82.584625	ριν
5	1	100	2	4	2	822	2171	38	21	93.290161	καὶ
5	1	100	2	4	3	884	2170	173	28	86.039612	γιλαφυρότητα
5	1	100	2	4	4	1086	2171	38	22	94.353653	καὶ
4	1	100	2	5	0	770	2206	354	28	-1	
5	1	100	2	5	1	770	2206	139	28	38.252644	συνήρπιασε
5	1	100	2	5	2	921	2206	27	21	93.303543	τὸ
5	1	100	2	5	3	958	2206	85	22	92.145638	πυκνὸν
5	1	100	2	5	4	1054	2206	70	27	82.302620	ἔκκλη
4	1	100	2	6	0	771	2242	98	27	-1	
5	1	100	2	6	1	771	2242	98	27	54.497929	σίασιια.
2	1	101	0	0	0	797	2283	319	2	-1	
3	1	101	1	0	0	797	2283	319	2	-1	
4	1	101	1	1	0	797	2283	319	2	-1	
5	1	101	1	1	1	797	2283	319	2	95.000000	 
2	1	102	0	0	0	834	2312	222	21	-1	
3	1	102	1	0	0	834	2312	222	21	-1	
4	1	102	1	1	0	834	2312	222	21	-1	
5	1	102	1	1	1	834	2312	222	21	86.184311	ΣΥΓΧΑΡΗΤΗΡΙΑ
2	1	103	0	0	0	904	2356	70	4	-1	
3	1	103	1	0	0	904	2356	70	4	-1	
4	1	103	1	1	0	904	2356	70	4	-1	
5	1	103	1	1	1	904	2356	70	4	95.000000	 
2	1	104	0	0	0	771	2369	353	204	-1	
3	1	104	1	0	0	771	2369	353	204	-1	
4	1	104	1	1	0	791	2369	333	27	-1	
5	1	104	1	1	1	791	2369	21	22	38.812447	ϱ.
5	1	104	1	1	2	832	2369	52	22	0.000000	στὸν
5	1	104	1	1	3	898	2369	100	27	14.227684	Βωμέλη
5	1	104	1	1	4	1011	2370	39	26	77.927322	Χρ.
5	1	104	1	1	5	1063	2370	61	20	93.847366	Καλα
4	1	104	1	2	0	842	2404	237	10	-1	
5	1	104	1	2	1	842	2404	88	8	4.809326	αμα
5	1	104	1	2	2	1023	2405	4	7	2.106537	ο
5	1	104	1	2	3	1055	2405	24	9	11.245651	ῃ
4	1	104	1	3	0	822	2406	301	27	-1	
5	1	104	1	3	1	822	2414	26	13	38.653328	ΙΝό
5	1	104	1	3	2	861	2414	35	13	93.255806	πού
5	1	104	1	3	3	909	2410	71	23	0.000000	πάτυίχε
5	1	104	1	3	4	994	2413	46	19	0.000000	σοήν
5	1	104	1	3	5	1062	2406	61	25	1.328850	᾿μιπο-
4	1	104	1	4	0	772	2441	352	27	-1	
5	1	104	1	4	1	772	2442	46	26	20.744011	ρκὴ
5	1	104	1	4	2	833	2441	101	27	48.628220	Πράπεξα,
5	1	104	1	4	3	950	2441	62	27	70.871857	θερµιά
5	1	104	1	4	4	1028	2449	96	19	41.970787	συγ/καρη-
4	1	104	1	5	0	773	2475	336	28	-1	
5	1	104	1	5	1	773	2477	58	26	88.386078	τήρια
5	1	104	1	5	2	845	2476	33	21	30.272217	Ἀαὶ
5	1	104	1	5	3	897	2476	54	25	21.336502	καλὴ
5	1	104	1	5	4	965	2475	144	27	25.398346	σταδιοδρομία.
4	1	104	1	6	0	791	2509	333	25	-1	
5	1	104	1	6	1	791	2511	21	21	69.953239	ϐ
5	1	104	1	6	2	834	2511	50	21	18.427055	ὈΣτὸν
5	1	104	1	6	3	896	2511	22	21	87.972801	ἐκ
5	1	104	1	6	4	931	2510	116	24	45.961151	Πελλάνας
5	1	104	1	6	5	1059	2519	18	13	87.585144	κ.
5	1	104	1	6	6	1087	2509	37	22	78.211899	Κώ
4	1	104	1	7	0	771	2545	353	28	-1	
5	1	104	1	7	1	771	2555	37	13	93.295921	στα
5	1	104	1	7	2	816	2547	24	22	30.197556	Β.
5	1	104	1	7	3	849	2546	88	27	47.273987	Ῥαλάση
5	1	104	1	7	4	947	2546	34	21	93.287354	ποὺ
5	1	104	1	7	5	991	2545	91	27	33.514648	ἐξλέγη
5	1	104	1	7	6	1088	2545	36	27	61.500679	πρό
2	1	105	0	0	0	772	2407	53	21	-1	
3	1	105	1	0	0	772	2407	53	21	-1	
4	1	105	1	1	0	772	2407	53	21	-1	
5	1	105	1	1	1	772	2407	53	21	95.000000	 
2	1	106	0	0	0	1154	1844	2	664	-1	
3	1	106	1	0	0	1154	1844	2	664	-1	
4	1	106	1	1	0	1154	1844	2	664	-1	
5	1	106	1	1	1	1154	1844	2	664	95.000000	 
2	1	107	0	0	0	957	2508	28	24	-1	
3	1	107	1	0	0	957	2508	28	24	-1	
4	1	107	1	1	0	957	2508	28	24	-1	
5	1	107	1	1	1	957	2508	28	24	95.000000	 
2	1	108	0	0	0	772	2584	56	26	-1	
3	1	108	1	0	0	772	2584	56	26	-1	
4	1	108	1	1	0	772	2584	56	26	-1	
5	1	108	1	1	1	772	2584	56	26	0.000000	θῶρος
2	1	109	0	0	0	771	2617	353	58	-1	
3	1	109	1	0	0	771	2617	353	58	-1	
4	1	109	1	1	0	771	2617	353	28	-1	
5	1	109	1	1	1	771	2617	115	28	0.000000	Λικωνίας,
5	1	109	1	1	2	901	2617	61	27	27.482468	θερμμὰ
5	1	109	1	1	3	976	2617	148	27	45.453934	συγχαρητήρια
4	1	109	1	2	0	961	2652	163	23	-1	
5	1	109	1	2	1	961	2662	8	13	77.420738	ο
5	1	109	1	2	2	980	2652	32	22	93.259911	στὸ
5	1	109	1	2	3	1023	2653	101	21	21.726036	συνδηκαλνι
2	1	110	0	0	0	843	2582	281	27	-1	
3	1	110	1	0	0	843	2582	281	27	-1	
4	1	110	1	1	0	843	2582	281	27	-1	
5	1	110	1	1	1	843	2583	36	21	68.763916	τῶν.
5	1	110	1	1	2	895	2582	229	27	0.000000	Σπαθωιαιρχοςλεητῶν
2	1	111	0	0	0	772	2653	353	133	-1	
3	1	111	1	0	0	772	2653	188	62	-1	
4	1	111	1	1	0	772	2653	188	27	-1	
5	1	111	1	1	1	772	2653	32	22	76.920807	καὶ
5	1	111	1	1	2	816	2654	70	26	34.626038	συνε[χΏ
5	1	111	1	1	3	900	2653	60	27	37.966862	πιρόοδ.
4	1	111	1	2	0	773	2688	42	27	-1	
5	1	111	1	2	1	773	2688	42	27	61.601799	σμὸ.
3	1	111	2	0	0	773	2723	352	63	-1	
4	1	111	2	1	0	792	2723	333	28	-1	
5	1	111	2	1	1	792	2724	21	21	53.579502	ϐ
5	1	111	2	1	2	832	2723	53	22	46.579952	Στὸν
5	1	111	2	1	3	900	2723	82	28	0.000000	πρόβδρο
5	1	111	2	1	4	995	2725	31	21	93.271324	τοῦ
5	1	111	2	1	5	1040	2724	85	26	0.000000	ἐξωραῖ-
4	1	111	2	2	0	773	2758	351	28	-1	
5	1	111	2	2	1	773	2761	66	20	88.934059	στυκοῦ
5	1	111	2	2	2	853	2759	97	27	88.799606	συλλόγου
5	1	111	2	2	3	965	2758	131	28	60.027946	ΤΓεωργητσίου
5	1	111	2	2	4	1106	2768	18	12	59.988739	κ,
2	1	112	0	0	0	772	2794	353	28	-1	
3	1	112	1	0	0	772	2794	353	28	-1	
4	1	112	1	1	0	772	2794	353	28	-1	
5	1	112	1	1	1	772	2795	76	27	33.039825	Τεώργ.
5	1	112	1	1	2	861	2794	91	28	73.738571	Σμυρνιὸ,
5	1	112	1	1	3	967	2795	33	21	93.241165	ποὺ
5	1	112	1	1	4	1012	2794	113	28	68.205589	χε!ρουργή-
2	1	113	0	0	0	1023	2817	1	5	-1	
3	1	113	1	0	0	1023	2817	1	5	-1	
4	1	113	1	1	0	1023	2817	1	5	-1	
5	1	113	1	1	1	1023	2817	1	5	95.000000	 
2	1	114	0	0	0	767	2828	93	130	-1	
3	1	114	1	0	0	767	2828	93	130	-1	
4	1	114	1	1	0	812	2828	24	26	-1	
5	1	114	1	1	1	812	2828	24	26	95.000000	 
4	1	114	1	2	0	767	2871	91	34	-1	
5	1	114	1	2	1	767	2871	91	34	95.000000	 
4	1	114	1	3	0	767	2905	93	53	-1	
5	1	114	1	3	1	767	2905	93	53	95.000000	 
2	1	115	0	0	0	1045	2832	12	19	-1	
3	1	115	1	0	0	1045	2832	12	19	-1	
4	1	115	1	1	0	1045	2832	12	19	-1	
5	1	115	1	1	1	1045	2832	12	19	95.000000	 
2	1	116	0	0	0	772	2829	353	29	-1	
3	1	116	1	0	0	772	2829	353	29	-1	
4	1	116	1	1	0	958	2829	164	8	-1	
5	1	116	1	1	1	958	2830	7	7	12.338043	ῃ
5	1	116	1	1	2	1059	2829	4	7	0.000000	πα
4	1	116	1	2	0	772	2830	353	28	-1	
5	1	116	1	2	1	772	2832	50	25	53.895439	Άηκε
5	1	116	1	2	2	837	2830	32	22	83.326309	καὶ
5	1	116	1	2	3	882	2830	53	28	95.813156	τώρα
5	1	116	1	2	4	949	2838	48	14	93.286407	εἶναι
5	1	116	1	2	5	1009	2838	83	19	16.898003	πιορδίκι,
5	1	116	1	2	6	1101	2837	24	13	96.684624	νὰ
2	1	117	0	0	0	834	2865	291	28	-1	
3	1	117	1	0	0	834	2865	291	28	-1	
4	1	117	1	1	0	834	2865	291	28	-1	
5	1	117	1	1	1	834	2866	124	27	40.001144	ἀτσαλένιος,
5	1	117	1	1	2	970	2865	34	27	96.780441	γιὰ
5	1	117	1	1	3	1017	2865	24	21	93.305229	νὰ
5	1	117	1	1	4	1053	2865	72	27	79.580902	συνειχί-
2	1	118	0	0	0	861	2900	263	29	-1	
3	1	118	1	0	0	861	2900	263	29	-1	
4	1	118	1	1	0	861	2900	263	29	-1	
5	1	118	1	1	1	861	2901	83	28	0.000000	ἱργασίεις
5	1	118	1	1	2	955	2902	32	21	76.956528	τοῦ
5	1	118	1	1	3	997	2900	127	28	69.447342	ξενοδοχείου.
2	1	119	0	0	0	772	2936	383	139	-1	
3	1	119	1	0	0	772	2936	383	135	-1	
4	1	119	1	1	0	792	2936	363	28	-1	
5	1	119	1	1	1	792	2937	21	21	64.352051	ϐ
5	1	119	1	1	2	852	2937	24	21	63.541454	Στὸ
5	1	119	1	1	3	891	2936	139	28	44.593079	συμπατριώτη
5	1	119	1	1	4	1049	2944	38	19	82.350021	µας
5	1	119	1	1	5	1098	2936	27	21	37.617573	ἰα-
5	1	119	1	1	6	1153	2947	2	14	96.448578	|
4	1	119	1	2	0	773	2971	352	29	-1	
5	1	119	1	2	1	773	2972	33	28	89.627029	τρὸ
5	1	119	1	2	2	818	2982	18	13	67.527390	κ.
5	1	119	1	2	3	850	2972	107	23	82.248528	᾿Αθανάσιο
5	1	119	1	2	4	969	2971	115	27	5.653809	Γπουζούλη
5	1	119	1	2	5	1091	2971	34	22	96.339043	ποὺ
4	1	119	1	3	0	773	3007	352	28	-1	
5	1	119	1	3	1	773	3008	90	27	46.182632	ἐξελέγη
5	1	119	1	3	2	878	3007	144	28	43.980106	Νομαρχιακὸς
5	1	119	1	3	3	1040	3007	85	26	19.277794	Σύμµέου-
4	1	119	1	4	0	772	3042	383	33	-1	
5	1	119	1	4	1	772	3042	44	33	93.600258	λος,
5	1	119	1	4	2	885	3052	11	12	78.410583	ὰ
5	1	119	1	4	3	914	3043	148	28	55.143280	συγχαρητήρια
5	1	119	1	4	4	1091	3042	33	23	17.863388	αὶ
5	1	119	1	4	5	1153	3048	2	14	95.927834	|
2	1	120	0	0	0	826	3039	77	36	-1	
3	1	120	1	0	0	826	3039	77	36	-1	
4	1	120	1	1	0	826	3039	77	36	-1	
5	1	120	1	1	1	826	3039	77	36	95.000000	 
2	1	121	0	0	0	1153	2670	2	430	-1	
3	1	121	1	0	0	1153	2670	2	430	-1	
4	1	121	1	1	0	1153	2670	2	430	-1	
5	1	121	1	1	1	1153	2670	2	430	95.000000	 
2	1	122	0	0	0	773	3079	128	28	-1	
3	1	122	1	0	0	773	3079	128	28	-1	
4	1	122	1	1	0	773	3079	128	28	-1	
5	1	122	1	1	1	773	3079	55	22	54.996681	χαλὰ
5	1	122	1	1	2	843	3079	58	28	89.808060	ἔργα.
2	1	123	0	0	0	1153	3004	716	67	-1	
3	1	123	1	0	0	1153	3004	716	67	-1	
4	1	123	1	1	0	1153	3004	715	50	-1	
5	1	123	1	1	1	1153	3008	43	24	0.000000	Ὅχαί
5	1	123	1	1	2	1212	3009	11	21	88.812965	ὁ
5	1	123	1	1	3	1240	3004	169	50	0.000000	ουμαορίκης
5	1	123	1	1	4	1425	3017	18	13	57.843285	χ.
5	1	123	1	1	5	1460	3008	108	24	34.731934	Ἑασίλειας
5	1	123	1	1	6	1585	3008	141	26	0.000000	ΓΓιαννορνόβνης
5	1	123	1	1	7	1808	3009	60	26	0.000000	θρίρνε
4	1	123	1	2	0	1163	3043	706	28	-1	
5	1	123	1	2	1	1163	3044	34	25	91.518112	τήν
5	1	123	1	2	2	1210	3043	88	28	30.144844	εὐχαιρία
5	1	123	1	2	3	1312	3043	32	22	57.872986	καὶ
5	1	123	1	2	4	1356	3043	128	28	19.768990	λεητούργησε
5	1	123	1	2	5	1499	3043	22	27	57.243393	μέ
5	1	123	1	2	6	1533	3043	51	28	95.361816	χαρά
5	1	123	1	2	7	1597	3044	42	21	74.863205	στόν
5	1	123	1	2	8	1653	3043	49	27	80.851151	Ἱερό
5	1	123	1	2	9	1714	3043	45	22	92.531372	Ναό
5	1	123	1	2	10	1770	3044	45	27	0.000000	Άγ.
5	1	123	1	2	11	1832	3043	37	22	81.005699	Νί-
2	1	124	0	0	0	1169	623	704	49	-1	
3	1	124	1	0	0	1169	623	704	49	-1	
4	1	124	1	1	0	1169	623	704	49	-1	
5	1	124	1	1	1	1169	623	36	41	39.549633	Ὅ
5	1	124	1	1	2	1226	623	245	49	88.293640	Σύνδεσμος
5	1	124	1	1	3	1499	626	84	38	91.552345	τῶν
5	1	124	1	1	4	1610	625	263	46	91.552345	Λακεδ)νίων
2	1	125	0	0	0	1155	693	717	51	-1	
3	1	125	1	0	0	1155	693	717	51	-1	
4	1	125	1	1	0	1155	693	717	51	-1	
5	1	125	1	1	1	1155	693	89	41	87.109833	ΙΣτό
5	1	125	1	1	2	1264	694	176	48	87.456673	Μυστρᾶ
5	1	125	1	1	3	1461	695	70	39	91.351959	καί
5	1	125	1	1	4	1547	695	77	40	91.351959	στὀ
5	1	125	1	1	5	1645	696	227	48	91.506287	Γεωργίτσι
2	1	126	0	0	0	1387	762	265	7	-1	
3	1	126	1	0	0	1387	762	265	7	-1	
4	1	126	1	1	0	1387	762	265	7	-1	
5	1	126	1	1	1	1387	762	265	7	95.000000	 
2	1	127	0	0	0	1571	788	28	12	-1	
3	1	127	1	0	0	1571	788	28	12	-1	
4	1	127	1	1	0	1571	788	28	12	-1	
5	1	127	1	1	1	1571	788	28	12	95.000000	 
2	1	128	0	0	0	1188	779	681	203	-1	
3	1	128	1	0	0	1188	779	681	98	-1	
4	1	128	1	1	0	1195	779	382	26	-1	
5	1	128	1	1	1	1195	779	24	20	39.601189	'Ο
5	1	128	1	1	2	1235	780	109	24	59.203247	Σύνδεσμος
5	1	128	1	1	3	1360	781	38	19	96.898827	τῶν
5	1	128	1	1	4	1413	780	19	20	52.965614	4
5	1	128	1	1	5	1450	781	84	24	47.601570	᾽Απτϕυη
5	1	128	1	1	6	1548	781	29	19	66.098465	ΛΑ
4	1	128	1	2	0	1188	813	681	29	-1	
5	1	128	1	2	1	1188	819	36	19	37.397346	πος
5	1	128	1	2	2	1237	814	84	27	35.016945	ὀκδρομιή
5	1	128	1	2	3	1334	815	64	25	31.153343	με]λῶν
5	1	128	1	2	4	1412	822	38	19	96.926674	του,
5	1	128	1	2	5	1463	813	34	28	96.354408	γιὰ
5	1	128	1	2	6	1509	813	25	22	93.173759	νά
5	1	128	1	2	7	1546	814	74	27	0.000000	τιµήρει
5	1	128	1	2	8	1634	815	23	25	96.369087	τή
5	1	128	1	2	9	1668	814	68	27	56.941410	μνήμη
5	1	128	1	2	10	1751	817	32	19	74.628258	τοῦ
5	1	128	1	2	11	1799	823	70	19	0.000000	ἁαρπυ-
4	1	128	1	3	0	1200	849	639	28	-1	
5	1	128	1	3	1	1200	850	20	19	81.918098	οὗ
5	1	128	1	3	2	1234	849	143	27	5.713234	ιΑὐτοκράτορα
5	1	128	1	3	3	1390	851	31	20	93.241402	τοῦ
5	1	128	1	3	4	1432	849	108	27	33.731995	Βυζαηπτίου
5	1	128	1	3	5	1552	850	118	26	39.102169	Ἰζωνστ)νου
5	1	128	1	3	6	1686	850	153	27	73.828163	Παλαιολόγου.
3	1	128	2	0	0	1195	883	674	99	-1	
4	1	128	2	1	0	1195	883	674	43	-1	
5	1	128	2	1	1	1195	883	49	25	71.819992	στίς
5	1	128	2	1	2	1252	884	53	42	16.133034	ο.
5	1	128	2	1	3	1284	884	66	27	0.000000	|-ὖ-δᾗ,
5	1	128	2	1	4	1361	884	51	26	83.094521	μετὰ
5	1	128	2	1	5	1425	885	33	21	89.873657	τήν
5	1	128	2	1	6	1471	884	150	27	0.000000	ἐπιμνημόσυνοι
5	1	128	2	1	7	1634	885	117	27	0.000000	ἐδήλωσιη,
5	1	128	2	1	8	1764	885	105	21	26.425438	ἐπιαικολού-
4	1	128	2	2	0	1512	918	356	29	-1	
5	1	128	2	2	1	1512	922	28	19	77.139252	τον
5	1	128	2	2	2	1554	918	115	29	44.200974	Βυζάντιου,
5	1	128	2	2	3	1684	920	35	22	35.619255	πωαί
5	1	128	2	2	4	1734	920	21	22	77.175133	τὸ
5	1	128	2	2	5	1769	920	99	27	0.000000	ἀπότευμα
4	1	128	2	3	0	1526	955	281	27	-1	
5	1	128	2	3	1	1526	964	8	12	0.000000	ὦ
5	1	128	2	3	2	1546	955	95	27	49.389183	Μεγάρου
5	1	128	2	3	3	1654	955	95	27	71.136314	Σπάρτης
5	1	128	2	3	4	1760	955	47	21	64.199463	ἔλαθ
2	1	129	0	0	0	1599	780	271	27	-1	
3	1	129	1	0	0	1599	780	271	27	-1	
4	1	129	1	1	0	1599	780	271	27	-1	
5	1	129	1	1	1	1599	780	112	25	43.007339	εδαιµονίων
5	1	129	1	1	2	1727	780	101	27	89.056976	ὀργάνωσε
5	1	129	1	1	3	1835	780	35	22	19.241570	καί
2	1	130	0	0	0	1176	809	35	60	-1	
3	1	130	1	0	0	1176	809	35	60	-1	
4	1	130	1	1	0	1180	809	8	24	-1	
5	1	130	1	1	1	1180	809	8	24	95.000000	  
4	1	130	1	2	0	1176	835	35	34	-1	
5	1	130	1	2	1	1176	835	35	34	95.000000	   
2	1	131	0	0	0	1166	821	21	19	-1	
3	1	131	1	0	0	1166	821	21	19	-1	
4	1	131	1	1	0	1166	821	21	19	-1	
5	1	131	1	1	1	1166	821	21	19	79.640312	σέ
2	1	132	0	0	0	1229	920	57	20	-1	
3	1	132	1	0	0	1229	920	57	20	-1	
4	1	132	1	1	0	1229	920	57	20	-1	
5	1	132	1	1	1	1229	920	57	20	95.000000	 
2	1	133	0	0	0	1178	919	526	112	-1	
3	1	133	1	0	0	1178	919	526	98	-1	
4	1	133	1	1	0	1378	919	96	22	-1	
5	1	133	1	1	1	1378	919	21	22	93.677788	τό
5	1	133	1	1	2	1413	920	61	21	0.000000	Πεν
4	1	133	1	2	0	1467	963	34	19	-1	
5	1	133	1	2	1	1467	963	19	19	35.420265	χα
5	1	133	1	2	2	1485	963	16	12	0.000000	 χἲ
4	1	133	1	3	0	1178	990	526	41	-1	
5	1	133	1	3	1	1178	990	35	25	3.058128	α)ῆ
5	1	133	1	3	2	1228	990	65	41	4.807785	τοις
5	1	133	1	3	3	1301	990	14	25	0.000000	ν
5	1	133	1	3	4	1330	991	31	20	93.202705	τοῦ
5	1	133	1	3	5	1376	991	41	20	34.440598	«Ἡ
5	1	133	1	3	6	1419	990	98	27	43.595814	αρασήµιου
5	1	133	1	3	7	1532	990	146	27	59.140949	εὐγνωμοσήρης
5	1	133	1	3	8	1695	1000	9	3	90.349548	τ
2	1	134	0	0	0	1334	907	29	36	-1	
3	1	134	1	0	0	1334	907	29	36	-1	
4	1	134	1	1	0	1334	907	29	36	-1	
5	1	134	1	1	1	1334	907	29	36	0.000000	αὖ.
2	1	135	0	0	0	1287	927	32	16	-1	
3	1	135	1	0	0	1287	927	32	16	-1	
4	1	135	1	1	0	1287	927	32	16	-1	
5	1	135	1	1	1	1287	927	32	16	0.000000	σιής
2	1	136	0	0	0	1477	928	45	48	-1	
3	1	136	1	0	0	1477	928	45	48	-1	
4	1	136	1	1	0	1477	928	45	33	-1	
5	1	136	1	1	1	1477	928	45	33	95.000000	  
4	1	136	1	2	0	1501	961	13	15	-1	
5	1	136	1	2	1	1501	961	13	15	95.000000	 
2	1	137	0	0	0	1684	944	186	76	-1	
3	1	137	1	0	0	1684	944	186	76	-1	
4	1	137	1	1	0	1868	944	2	17	-1	
5	1	137	1	1	1	1868	944	2	17	95.000000	 
4	1	137	1	2	0	1800	961	70	30	-1	
5	1	137	1	2	1	1800	961	70	30	95.000000	 
4	1	137	1	3	0	1684	991	186	29	-1	
5	1	137	1	3	1	1684	991	186	29	95.000000	 
2	1	138	0	0	0	1466	963	1	4	-1	
3	1	138	1	0	0	1466	963	1	4	-1	
4	1	138	1	1	0	1466	963	1	4	-1	
5	1	138	1	1	1	1466	963	1	4	95.000000	 
2	1	139	0	0	0	1164	954	301	27	-1	
3	1	139	1	0	0	1164	954	301	27	-1	
4	1	139	1	1	0	1164	954	301	27	-1	
5	1	139	1	1	1	1164	954	29	24	96.516174	εἰς
5	1	139	1	1	2	1205	954	34	26	91.192513	τήν
5	1	139	1	1	3	1255	954	85	21	25.817070	αἴθουσα
5	1	139	1	1	4	1351	957	31	19	93.235832	τοῦ
5	1	139	1	1	5	1393	955	72	26	53.880730	Δημαρ!
2	1	140	0	0	0	1515	964	8	12	-1	
3	1	140	1	0	0	1515	964	8	12	-1	
4	1	140	1	1	0	1515	964	8	12	-1	
5	1	140	1	1	1	1515	964	8	12	95.000000	 
2	1	141	0	0	0	1164	1025	531	28	-1	
3	1	141	1	0	0	1164	1025	531	28	-1	
4	1	141	1	1	0	1164	1025	531	28	-1	
5	1	141	1	1	1	1164	1033	45	16	50.619774	νας»
5	1	141	1	1	2	1218	1025	31	24	72.140244	εἷς
5	1	141	1	1	3	1259	1024	44	25	95.637444	τούς
5	1	141	1	1	4	1313	1025	99	27	25.629807	μεγάλους
5	1	141	1	1	5	1422	1025	98	27	92.694145	Δωρητὰς
5	1	141	1	1	6	1531	1025	33	22	75.454422	καί
5	1	141	1	1	7	1573	1025	122	28	33.912796	Ἐδεργέτας,
2	1	142	0	0	0	1164	1078	706	135	-1	
3	1	142	1	0	0	1164	1078	706	135	-1	
4	1	142	1	1	0	1193	1078	676	28	-1	
5	1	142	1	1	1	1193	1078	44	27	0.000000	ήν
5	1	142	1	1	2	1247	1078	84	21	30.825874	90-6-δ{
5	1	142	1	1	3	1344	1078	117	28	0.000000	µωτέβησαν,
5	1	142	1	1	4	1473	1079	29	24	92.089539	εἰς
5	1	142	1	1	5	1516	1078	130	28	0.000000	Γεωρηίπσιο)
5	1	142	1	1	6	1659	1079	44	21	81.733574	ἅπου
5	1	142	1	1	7	1715	1079	65	27	81.109795	ἐφάλη
5	1	142	1	1	8	1792	1079	77	27	86.715050	«τοισὰ-
4	1	142	1	2	0	1164	1114	705	41	-1	
5	1	142	1	2	1	1164	1120	53	20	0.000000	γνο»
5	1	142	1	2	2	1232	1114	28	24	25.591454	εἷς
5	1	142	1	2	3	1273	1113	33	33	69.757240	τόν
5	1	142	1	2	4	1317	1114	58	41	19.537567	τάφου
5	1	142	1	2	5	1389	1116	31	20	92.156334	τοῦ
5	1	142	1	2	6	1434	1114	114	26	89.467018	ἀειμνήστου
5	1	142	1	2	7	1560	1115	72	21	67.105835	ΗΛΙΑ
5	1	142	1	2	8	1646	1115	223	23	64.247604	ΠΙΑΠΑΘΑΝΙΑΣΟ-
4	1	142	1	3	0	1164	1149	706	43	-1	
5	1	142	1	3	1	1164	1149	121	21	51.429352	ΠΟΥΛΟΥ
5	1	142	1	3	2	1297	1149	60	22	53.075047	καί
5	1	142	1	3	3	1343	1149	96	25	1.180382	Διουσίου
5	1	142	1	3	4	1451	1149	33	22	73.831741	καί
5	1	142	1	3	5	1496	1150	27	22	89.598244	Ν.
5	1	142	1	3	6	1535	1151	95	41	0.000000	θσλου,
5	1	142	1	3	7	1643	1150	33	22	92.279152	ὑπό
5	1	142	1	3	8	1688	1152	31	20	96.654610	τοῦ
5	1	142	1	3	9	1732	1150	138	42	0.000000	ομσήρρίς
4	1	142	1	4	0	1165	1184	704	29	-1	
5	1	142	1	4	1	1165	1193	33	12	87.407608	του
5	1	142	1	4	2	1211	1194	20	12	0.720634	Ικ..
5	1	142	1	4	3	1247	1184	108	22	78.379623	Βασιλείου
5	1	142	1	4	4	1367	1185	149	27	44.727139	Γιαννάκη
5	1	142	1	4	5	1514	1185	26	22	78.897224	καί
5	1	142	1	4	6	1555	1186	31	21	37.165356	ἩΠ.
5	1	142	1	4	7	1598	1186	54	22	0.000000	Ἰζων.
5	1	142	1	4	8	1666	1186	118	27	10.448975	Πιατράκου,
5	1	142	1	4	9	1797	1186	27	24	46.792488	ὡς
5	1	142	1	4	10	1836	1185	33	22	85.509880	καί
2	1	143	0	0	0	1164	1220	704	29	-1	
3	1	143	1	0	0	1164	1220	704	29	-1	
4	1	143	1	1	0	1164	1220	704	29	-1	
5	1	143	1	1	1	1164	1220	107	25	22.039146	πατὰθέρις
5	1	143	1	1	2	1285	1220	99	27	0.000000	στεφάνων
5	1	143	1	1	3	1399	1221	23	21	77.508057	ἐκ
5	1	143	1	1	4	1435	1220	69	28	28.836128	μέρους
5	1	143	1	1	5	1520	1223	32	20	93.476082	τοῦ
5	1	143	1	1	6	1579	1221	102	28	56.173584	Προέδρου
5	1	143	1	1	7	1705	1221	163	27	11.585083	Λιβδαμονίων
2	1	144	0	0	0	1882	630	2	768	-1	
3	1	144	1	0	0	1882	630	2	768	-1	
4	1	144	1	1	0	1882	630	2	768	-1	
5	1	144	1	1	1	1882	630	2	768	95.000000	 
2	1	145	0	0	0	1211	1777	1	18	-1	
3	1	145	1	0	0	1211	1777	1	18	-1	
4	1	145	1	1	0	1211	1777	1	18	-1	
5	1	145	1	1	1	1211	1777	1	18	95.000000	 
2	1	146	0	0	0	1153	1813	697	37	-1	
3	1	146	1	0	0	1153	1813	697	37	-1	
4	1	146	1	1	0	1153	1813	659	17	-1	
5	1	146	1	1	1	1153	1813	2	14	82.698509	[
5	1	146	1	1	2	1231	1822	6	6	69.167557	͵
5	1	146	1	1	3	1370	1822	73	8	12.932755	ορ
5	1	146	1	1	4	1521	1824	10	3	0.000000	ω
5	1	146	1	1	5	1625	1822	5	7	57.824116	͵
5	1	146	1	1	6	1708	1823	32	6	31.485626	.
5	1	146	1	1	7	1808	1823	4	6	42.939438	ῃ
4	1	146	1	2	0	1165	1822	685	28	-1	
5	1	146	1	2	1	1165	1822	25	21	68.681450	Ὁ
5	1	146	1	2	2	1204	1823	137	27	88.886040	«Σύνδεσμος
5	1	146	1	2	3	1350	1830	45	13	96.327560	τῶν
5	1	146	1	2	4	1405	1829	23	14	93.289345	ἐν
5	1	146	1	2	5	1444	1823	86	27	36.991535	᾽Απτικὴ
5	1	146	1	2	6	1541	1822	120	26	45.737518	Λαἰκ)νίων
5	1	146	1	2	7	1671	1830	43	14	90.596634	ατὸ
5	1	146	1	2	8	1724	1828	126	22	38.702274	Γεωργ/πισι
2	1	147	0	0	0	1163	1874	706	250	-1	
3	1	147	1	0	0	1165	1874	703	99	-1	
4	1	147	1	1	0	1165	1874	615	28	-1	
5	1	147	1	1	1	1165	1874	154	27	65.573257	ἀντισπρατήγου
5	1	147	1	1	2	1364	1883	27	14	33.400642	ἐ,αωκ.
5	1	147	1	1	3	1405	1875	110	26	19.748734	Ἰζωνστ)ου
5	1	147	1	1	4	1527	1874	104	28	29.244995	Λαουμάκιη,
5	1	147	1	1	5	1646	1874	53	25	90.986504	ὅστις
5	1	147	1	1	6	1716	1874	64	22	90.903412	ἀπένει
4	1	147	1	2	0	1163	1909	705	44	-1	
5	1	147	1	2	1	1163	1909	86	23	52.945881	Φανὰτια
5	1	147	1	2	2	1261	1910	23	21	93.290009	τὰ
5	1	147	1	2	3	1295	1912	110	24	24.856659	µετάλλε]α
5	1	147	1	2	4	1416	1911	33	21	15.458359	χαί
5	1	147	1	2	5	1460	1910	24	26	67.796028	µιέ
5	1	147	1	2	6	1495	1910	129	26	0.000000	συγκιμνητηκὰ
5	1	147	1	2	7	1634	1910	60	43	14.360703	ο.
5	1	147	1	2	8	1704	1911	119	25	6.405266	ὑπενθύμησε
5	1	147	1	2	9	1834	1910	34	26	47.999496	τή)
4	1	147	1	3	0	1177	1944	690	58	-1	
5	1	147	1	3	1	1177	1944	54	28	0.000000	Ὑάπη
5	1	147	1	3	2	1245	1947	31	20	81.929138	τοῦ
5	1	147	1	3	3	1737	1947	130	55	0.000000	φυκαν
3	1	147	2	0	0	1187	1980	682	132	-1	
4	1	147	2	1	0	1187	1980	681	27	-1	
5	1	147	2	1	1	1187	1982	41	22	5.914413	ἅσων
5	1	147	2	1	2	1242	1989	37	14	93.173378	του.
5	1	147	2	1	3	1296	1980	116	27	80.741318	(Μετάλειο
5	1	147	2	1	4	1423	1981	58	26	31.900932	ἐῥόθη
5	1	147	2	1	5	1494	1980	32	22	81.120094	καί
5	1	147	2	1	6	1539	1981	29	25	92.248093	εἰς
5	1	147	2	1	7	1582	1980	30	23	85.519531	τόν
5	1	147	2	1	8	1625	1981	64	26	74.392029	θ4ετῆ
5	1	147	2	1	9	1702	1990	18	13	91.866081	κ.
5	1	147	2	1	10	1735	1976	27	36	88.859207	Ν.
5	1	147	2	1	11	1780	1982	26	21	75.283485	Θ.
5	1	147	2	1	12	1822	1981	46	22	60.695873	Μα-
4	1	147	2	2	0	1262	1982	606	62	-1	
5	1	147	2	2	1	1262	2016	16	26	0.000000	.
5	1	147	2	2	2	1293	1982	113	61	0.000000	ο.
5	1	147	2	2	3	1420	2016	112	22	21.128250	παπέθεσαν
5	1	147	2	2	4	1547	2018	8	21	92.938858	ὁ
5	1	147	2	2	5	1572	2016	106	28	0.000000	ΠΠρόθδρος
5	1	147	2	2	6	1695	1990	43	52	8.495117	μά,
5	1	147	2	2	7	1737	1982	131	60	18.616798	ως
4	1	147	2	3	0	1236	2051	633	28	-1	
5	1	147	2	3	1	1236	2051	106	28	10.719742	Πρόθδρος
5	1	147	2	3	2	1357	2053	63	21	93.238853	τοῦ
5	1	147	2	3	3	1404	2051	108	27	19.179428	Συδέμαυ
5	1	147	2	3	4	1527	2051	162	28	50.727417	Γεωρηήτσιάνων
5	1	147	2	3	5	1705	2052	98	26	58.918324	᾿Αιττκῆς
5	1	147	2	3	6	1818	2052	51	21	23.628845	ἀτι-
4	1	147	2	4	0	1317	2088	212	36	-1	
5	1	147	2	4	1	1317	2096	18	13	54.492260	κ.
5	1	147	2	4	2	1351	2088	87	25	23.957520	Χρῆστος
5	1	147	2	4	3	1446	2088	35	36	67.191010	Ἠ.
5	1	147	2	4	4	1506	2088	23	21	87.342361	πι
2	1	148	0	0	0	1763	1878	106	23	-1	
3	1	148	1	0	0	1763	1878	106	23	-1	
4	1	148	1	1	0	1763	1878	106	23	-1	
5	1	148	1	1	1	1763	1878	106	23	95.000000	 
2	1	149	0	0	0	1762	1914	1	13	-1	
3	1	149	1	0	0	1762	1914	1	13	-1	
4	1	149	1	1	0	1762	1914	1	13	-1	
5	1	149	1	1	1	1762	1914	1	13	95.000000	 
2	1	150	0	0	0	1301	1946	30	20	-1	
3	1	150	1	0	0	1301	1946	30	20	-1	
4	1	150	1	1	0	1301	1946	30	20	-1	
5	1	150	1	1	1	1301	1946	30	20	95.000000	 
2	1	151	0	0	0	1291	1945	9	21	-1	
3	1	151	1	0	0	1291	1945	9	21	-1	
4	1	151	1	1	0	1291	1945	9	21	-1	
5	1	151	1	1	1	1291	1945	9	21	0.000000	ω-
2	1	152	0	0	0	1164	1946	12	20	-1	
3	1	152	1	0	0	1164	1946	12	20	-1	
4	1	152	1	1	0	1164	1946	12	20	-1	
5	1	152	1	1	1	1164	1946	12	20	21.865852	ον
2	1	153	0	0	0	1322	1959	7	7	-1	
3	1	153	1	0	0	1322	1959	7	7	-1	
4	1	153	1	1	0	1322	1959	7	7	-1	
5	1	153	1	1	1	1322	1959	7	7	22.194359	Ν
2	1	154	0	0	0	1328	1945	391	56	-1	
3	1	154	1	0	0	1328	1945	391	56	-1	
4	1	154	1	1	0	1328	1945	391	56	-1	
5	1	154	1	1	1	1328	1945	79	56	35.129936	πι
5	1	154	1	1	2	1423	1945	34	27	92.845284	γιὰ
5	1	154	1	1	3	1472	1946	35	25	59.470154	τὴν
5	1	154	1	1	4	1523	1945	97	42	68.406700	Πατρίδα
5	1	154	1	1	5	1633	1945	33	22	48.435246	καὶ
5	1	154	1	1	6	1685	1946	34	26	86.803398	την
2	1	155	0	0	0	1163	1982	8	19	-1	
3	1	155	1	0	0	1163	1982	8	19	-1	
4	1	155	1	1	0	1163	1982	8	19	-1	
5	1	155	1	1	1	1163	1982	8	19	53.087612	ο
2	1	156	0	0	0	1172	1989	12	48	-1	
3	1	156	1	0	0	1172	1989	12	48	-1	
4	1	156	1	1	0	1172	1989	11	18	-1	
5	1	156	1	1	1	1172	1989	11	18	37.839561	ρ
4	1	156	1	2	0	1175	2025	9	12	-1	
5	1	156	1	2	1	1175	2025	9	12	40.633739	8:
2	1	157	0	0	0	1163	2016	94	57	-1	
3	1	157	1	0	0	1163	2016	94	57	-1	
4	1	157	1	1	0	1185	2016	72	26	-1	
5	1	157	1	1	1	1185	2016	72	26	0.000000	σιώτην
4	1	157	1	2	0	1163	2053	56	20	-1	
5	1	157	1	2	1	1163	2060	25	13	50.689507	καὶ
5	1	157	1	2	2	1211	2053	8	20	90.582542	ὁ
2	1	158	0	0	0	1290	2096	17	13	-1	
3	1	158	1	0	0	1290	2096	17	13	-1	
4	1	158	1	1	0	1290	2096	17	13	-1	
5	1	158	1	1	1	1290	2096	17	13	36.847351	α,
2	1	159	0	0	0	1492	2088	25	19	-1	
3	1	159	1	0	0	1492	2088	25	19	-1	
4	1	159	1	1	0	1492	2088	25	19	-1	
5	1	159	1	1	1	1492	2088	25	19	95.000000	   
2	1	160	0	0	0	1163	2051	122	63	-1	
3	1	160	1	0	0	1163	2051	122	63	-1	
4	1	160	1	1	0	1192	2051	4	21	-1	
5	1	160	1	1	1	1192	2051	4	21	70.128250	{
4	1	160	1	2	0	1163	2087	122	27	-1	
5	1	160	1	2	1	1163	2087	97	27	0.000000	Ναύαρχος
5	1	160	1	2	2	1271	2088	14	21	72.250824	ἐ.
2	1	161	0	0	0	1519	2087	162	27	-1	
3	1	161	1	0	0	1519	2087	162	27	-1	
4	1	161	1	1	0	1519	2087	162	27	-1	
5	1	161	1	1	1	1519	2087	23	21	52.858536	πε
5	1	161	1	1	2	1555	2095	47	19	41.202126	Κας,
5	1	161	1	1	3	1613	2087	68	22	81.323242	εἰπών:
2	1	162	0	0	0	1161	2122	708	116	-1	
3	1	162	1	0	0	1161	2122	708	116	-1	
4	1	162	1	1	0	1190	2122	678	45	-1	
5	1	162	1	1	1	1190	2154	30	1	19.336761	--
5	1	162	1	1	2	1232	2140	29	21	79.870331	Τό
5	1	162	1	1	3	1272	2140	118	27	42.873909	Δοιητιμών
5	1	162	1	1	4	1404	2122	120	45	0.000000	Ῥημβούχιον
5	1	162	1	1	5	1540	2133	31	29	96.464325	τοῦ
5	1	162	1	1	6	1584	2140	109	27	72.782211	Συνδέσμου
5	1	162	1	1	7	1707	2140	161	27	66.585213	Γεωργιτσιόνων
4	1	162	1	2	0	1168	2175	701	27	-1	
5	1	162	1	2	1	1168	2177	100	24	32.548615	ἸΑἰτηωῆς,
5	1	162	1	2	2	1294	2178	35	19	66.686111	τοῦ
5	1	162	1	2	3	1355	2175	63	23	81.380600	ἁποίου
5	1	162	1	2	4	1431	2178	9	20	90.640892	ὁ
5	1	162	1	2	5	1465	2175	119	27	0.000000	ἀείμνηστος
5	1	162	1	2	6	1612	2176	90	21	50.998299	ἨΛΙΑΣ
5	1	162	1	2	7	1735	2176	134	22	30.806061	ΠΑΤΠΤΑΘΑ
4	1	162	1	3	0	1161	2210	707	28	-1	
5	1	162	1	3	1	1161	2211	201	21	88.684479	ΝΑΣΟΠΟΥΛΟΣ
5	1	162	1	3	2	1374	2213	9	19	40.993156	δὃ
5	1	162	1	3	3	1489	2211	114	27	0.000000	Ἰῆρόεδρος,
5	1	162	1	3	4	1617	2210	22	27	65.772690	μέ
5	1	162	1	3	5	1651	2211	126	27	62.808178	πολύπλευρη
5	1	162	1	3	6	1787	2219	81	19	0.000000	προσφο-
2	1	163	0	0	0	1163	2246	706	28	-1	
3	1	163	1	0	0	1163	2246	706	28	-1	
4	1	163	1	1	0	1163	2246	706	28	-1	
5	1	163	1	1	1	1163	2246	24	27	92.964531	ρὰ
5	1	163	1	1	2	1200	2246	48	28	66.013641	πρός
5	1	163	1	1	3	1262	2248	20	21	93.300140	τό
5	1	163	1	1	4	1295	2246	116	28	41.751221	ΠΓβωργίπαι,
5	1	163	1	1	5	1713	2246	35	27	92.534027	γιά
5	1	163	1	1	6	1764	2246	31	25	91.179871	τίς
5	1	163	1	1	7	1810	2246	59	21	92.229454	πολύ-
2	1	164	0	0	0	1171	2176	48	21	-1	
3	1	164	1	0	0	1171	2176	48	21	-1	
4	1	164	1	1	0	1171	2176	48	21	-1	
5	1	164	1	1	1	1171	2176	48	21	95.000000	 
2	1	165	0	0	0	1383	2208	57	24	-1	
3	1	165	1	0	0	1383	2208	57	24	-1	
4	1	165	1	1	0	1383	2208	57	24	-1	
5	1	165	1	1	1	1383	2208	57	24	95.000000	 
2	1	166	0	0	0	1444	2220	31	12	-1	
3	1	166	1	0	0	1444	2220	31	12	-1	
4	1	166	1	1	0	1444	2220	31	12	-1	
5	1	166	1	1	1	1444	2220	31	12	3.563240	εσιε,
2	1	167	0	0	0	1425	2221	19	46	-1	
3	1	167	1	0	0	1425	2221	19	46	-1	
4	1	167	1	1	0	1441	2221	3	13	-1	
5	1	167	1	1	1	1441	2221	3	13	95.000000	 
4	1	167	1	2	0	1425	2255	18	12	-1	
5	1	167	1	2	1	1425	2255	18	12	95.000000	 
2	1	168	0	0	0	1465	2221	8	13	-1	
3	1	168	1	0	0	1465	2221	8	13	-1	
4	1	168	1	1	0	1465	2221	8	13	-1	
5	1	168	1	1	1	1465	2221	8	13	95.000000	 
2	1	169	0	0	0	1439	2246	246	27	-1	
3	1	169	1	0	0	1439	2246	246	27	-1	
4	1	169	1	1	0	1439	2246	246	27	-1	
5	1	169	1	1	1	1439	2246	85	27	44.277500	μώντας
5	1	169	1	1	2	1539	2247	22	25	95.562592	τή
5	1	169	1	1	3	1577	2247	63	25	52.950974	μνήμη
5	1	169	1	1	4	1654	2254	31	14	96.508530	του
2	1	170	0	0	0	1304	2281	31	25	-1	
3	1	170	1	0	0	1304	2281	31	25	-1	
4	1	170	1	1	0	1304	2281	31	25	-1	
5	1	170	1	1	1	1304	2281	31	25	95.000000	 
2	1	171	0	0	0	1349	2281	520	63	-1	
3	1	171	1	0	0	1349	2281	520	63	-1	
4	1	171	1	1	0	1349	2281	518	25	-1	
5	1	171	1	1	1	1349	2281	143	25	74.785980	πού.πρόσφερε
5	1	171	1	1	2	1506	2281	33	22	81.260582	στὀ
5	1	171	1	1	3	1565	2281	50	22	95.906013	χωριό
5	1	171	1	1	4	1627	2290	38	16	90.347755	µας
5	1	171	1	1	5	1679	2281	33	22	65.131912	καὶ
5	1	171	1	1	6	1740	2281	32	25	78.782166	πίς
5	1	171	1	1	7	1788	2282	79	24	33.198242	ἔήποιες
4	1	171	1	2	0	1412	2302	218	7	-1	
5	1	171	1	2	1	1412	2302	2	7	25.893364	ἵ
5	1	171	1	2	2	1470	2304	1	3	0.000000	ἳ
5	1	171	1	2	3	1560	2302	28	7	11.940392	κωρ!ο
5	1	171	1	2	4	1628	2303	2	5	38.230202	4
4	1	171	1	3	0	1579	2317	290	27	-1	
5	1	171	1	3	1	1579	2326	10	12	78.406479	υ
5	1	171	1	3	2	1600	2317	34	27	93.729637	γιὰ
5	1	171	1	3	3	1647	2317	23	26	94.432198	τή
5	1	171	1	3	4	1684	2317	86	27	56.251572	προβολή
5	1	171	1	3	5	1784	2325	38	19	93.305740	του,
5	1	171	1	3	6	1835	2319	34	24	90.491684	μοῦ
2	1	172	0	0	0	1163	2282	707	98	-1	
3	1	172	1	0	0	1163	2282	141	27	-1	
4	1	172	1	1	0	1163	2282	141	27	-1	
5	1	172	1	1	1	1163	2289	55	19	59.698860	τηµίες
5	1	172	1	1	2	1232	2282	72	27	30.523491	ὑπηρεσ
3	1	172	2	0	0	1163	2316	707	64	-1	
4	1	172	2	1	0	1181	2316	348	8	-1	
5	1	172	2	1	1	1181	2317	4	6	50.097923	͵
5	1	172	2	1	2	1253	2317	97	7	39.897381	ο.
5	1	172	2	1	3	1478	2317	5	7	14.825584	κα
4	1	172	2	2	0	1163	2318	379	26	-1	
5	1	172	2	2	1	1163	2326	56	18	0.000000	µέχρι
5	1	172	2	2	2	1238	2326	22	12	70.866493	τὸ
5	1	172	2	2	3	1275	2319	78	20	57.817883	Φάνατό
5	1	172	2	2	4	1365	2326	32	13	96.644974	του
5	1	172	2	2	5	1409	2318	133	26	58.063057	προσπάθειες
4	1	172	2	3	0	1231	2352	639	28	-1	
5	1	172	2	3	1	1231	2360	10	10	0.000000	'ς,
5	1	172	2	3	2	1254	2353	25	21	21.439636	νὰ
5	1	172	2	3	3	1293	2352	105	22	82.075272	καταθέσω
5	1	172	2	3	4	1413	2352	21	22	92.345123	τὸ
5	1	172	2	3	5	1448	2352	78	28	69.427574	σπεφὰνι
5	1	172	2	3	6	1542	2354	54	21	93.274788	τοῦτο
5	1	172	2	3	7	1611	2353	34	26	67.251198	ατή
5	1	172	2	3	8	1659	2353	93	27	93.128616	σηµερινή
5	1	172	2	3	9	1767	2352	103	27	0.000000	ἐπιμμλημό-
2	1	173	0	0	0	1556	2310	22	29	-1	
3	1	173	1	0	0	1556	2310	22	29	-1	
4	1	173	1	1	0	1556	2310	22	29	-1	
5	1	173	1	1	1	1556	2310	22	29	95.000000	  
2	1	174	0	0	0	1189	2352	42	22	-1	
3	1	174	1	0	0	1189	2352	42	22	-1	
4	1	174	1	1	0	1189	2352	42	22	-1	
5	1	174	1	1	1	1189	2352	42	22	95.000000	 
2	1	175	0	0	0	1164	2353	33	21	-1	
3	1	175	1	0	0	1164	2353	33	21	-1	
4	1	175	1	1	0	1164	2353	33	21	-1	
5	1	175	1	1	1	1164	2353	33	21	38.625256	ἀνει
2	1	176	0	0	0	1881	1814	2	605	-1	
3	1	176	1	0	0	1881	1814	2	605	-1	
4	1	176	1	1	0	1881	1814	2	605	-1	
5	1	176	1	1	1	1881	1814	2	605	95.000000	 
2	1	177	0	0	0	1286	2388	18	26	-1	
3	1	177	1	0	0	1286	2388	18	26	-1	
4	1	177	1	1	0	1286	2388	18	26	-1	
5	1	177	1	1	1	1286	2388	18	26	7.983315	-
2	1	178	0	0	0	1162	2396	71	19	-1	
3	1	178	1	0	0	1162	2396	71	19	-1	
4	1	178	1	1	0	1162	2396	71	19	-1	
5	1	178	1	1	1	1162	2396	48	19	39.077560	σύνη
2	1	179	0	0	0	1233	2395	52	15	-1	
3	1	179	1	0	0	1233	2395	52	15	-1	
4	1	179	1	1	0	1233	2395	52	15	-1	
5	1	179	1	1	1	1233	2395	52	15	95.000000	 
2	1	180	0	0	0	1163	2442	201	56	-1	
3	1	180	1	0	0	1163	2442	201	55	-1	
4	1	180	1	1	0	1190	2442	174	26	-1	
5	1	180	1	1	1	1190	2442	134	26	0.000000	Συνδεόμενος
5	1	180	1	1	2	1340	2442	24	26	54.786667	µε
4	1	180	1	2	0	1163	2476	69	22	-1	
5	1	180	1	2	1	1163	2476	69	22	44.171043	Ἠλία,
2	1	181	0	0	0	1152	2509	165	28	-1	
3	1	181	1	0	0	1152	2509	165	28	-1	
4	1	181	1	1	0	1152	2509	165	28	-1	
5	1	181	1	1	1	1152	2509	42	23	75.992348	[τοῦ
5	1	181	1	1	2	1208	2512	109	25	55.164711	Συνδέσμου
2	1	182	0	0	0	1378	2441	490	97	-1	
3	1	182	1	0	0	1378	2441	490	97	-1	
4	1	182	1	1	0	1378	2441	490	27	-1	
5	1	182	1	1	1	1378	2442	55	21	84.156075	στενό
5	1	182	1	1	2	1446	2442	135	26	14.634109	οἰκογειεαικό
5	1	182	1	1	3	1595	2441	57	27	19.519432	δεσμό
5	1	182	1	1	4	1664	2442	24	26	73.882317	µέ
5	1	182	1	1	5	1703	2442	31	21	31.335861	τόν
5	1	182	1	1	6	1764	2441	104	27	67.502228	ἀείμνησπο
4	1	182	1	2	0	1649	2476	218	26	-1	
5	1	182	1	2	1	1649	2477	33	25	89.604179	τήν
5	1	182	1	2	2	1729	2476	62	26	0.000000	ἐπιθυμία
5	1	182	1	2	3	1817	2476	50	25	56.304226	αὐπτή
4	1	182	1	3	0	1627	2511	240	27	-1	
5	1	182	1	3	1	1627	2511	53	27	82.907654	πάφο
5	1	182	1	3	2	1694	2519	31	13	96.053650	του
5	1	182	1	3	3	1740	2512	20	21	93.336754	τὸ
5	1	182	1	3	4	1787	2511	80	26	78.578079	στεφάνι
2	1	183	0	0	0	1260	2485	3	11	-1	
3	1	183	1	0	0	1260	2485	3	11	-1	
4	1	183	1	1	0	1260	2485	3	11	-1	
5	1	183	1	1	1	1260	2485	3	11	95.000000	 
2	1	184	0	0	0	1246	2476	389	27	-1	
3	1	184	1	0	0	1246	2476	389	27	-1	
4	1	184	1	1	0	1246	2476	389	27	-1	
5	1	184	1	1	1	1246	2476	21	26	40.672295	μέ
5	1	184	1	1	2	1283	2476	96	27	32.647598	ἰδιαίτερη
5	1	184	1	1	3	1392	2476	107	26	50.448059	συγκίνηση
5	1	184	1	1	4	1513	2476	122	26	3.785698	ἐππληρώνω
2	1	185	0	0	0	1683	2484	63	26	-1	
3	1	185	1	0	0	1683	2484	63	26	-1	
4	1	185	1	1	0	1683	2484	63	26	-1	
5	1	185	1	1	1	1683	2484	63	26	95.000000	   
2	1	186	0	0	0	1163	2511	705	145	-1	
3	1	186	1	0	0	1348	2511	254	27	-1	
4	1	186	1	1	0	1348	2511	254	27	-1	
5	1	186	1	1	1	1348	2519	45	19	82.678421	µας,
5	1	186	1	1	2	1407	2511	148	24	62.362312	Ἀαταθάτοντας
5	1	186	1	1	3	1569	2511	33	21	16.923515	στό
3	1	186	2	0	0	1163	2546	490	28	-1	
4	1	186	2	1	0	1163	2546	490	28	-1	
5	1	186	2	1	1	1163	2548	56	20	83.838997	ποῦτο
5	1	186	2	1	2	1231	2546	34	22	86.235573	σὰν
5	1	186	2	1	3	1275	2546	93	28	4.250786	ἐλάχιβίτο
5	1	186	2	1	4	1380	2546	58	28	93.026665	χρέος
5	1	186	2	1	5	1449	2546	47	28	83.918732	πρός
5	1	186	2	1	6	1507	2546	23	27	88.807106	τή
5	1	186	2	1	7	1541	2547	63	26	0.000000	μιήμνη
5	1	186	2	1	8	1615	2554	38	14	96.266235	του.
3	1	186	3	0	0	1491	2599	367	10	-1	
4	1	186	3	1	0	1491	2599	367	10	-1	
5	1	186	3	1	1	1491	2599	137	8	36.305355	ιτ.
5	1	186	3	1	2	1664	2600	28	9	0.000000	--
5	1	186	3	1	3	1751	2599	4	7	0.000000	.
5	1	186	3	1	4	1817	2599	41	7	25.950729	ο
3	1	186	4	0	0	1498	2600	370	41	-1	
4	1	186	4	1	0	1498	2600	370	27	-1	
5	1	186	4	1	1	1498	2608	71	19	8.025162	ιαηρία
5	1	186	4	1	2	1582	2608	55	18	88.485764	αὐτή,
5	1	186	4	1	3	1651	2608	9	12	22.081215	ν’
5	1	186	4	1	4	1683	2600	102	21	13.729233	ἀπευβύνω
5	1	186	4	1	5	1803	2607	31	17	93.280327	τίς
5	1	186	4	1	6	1851	2608	17	12	91.877502	ἐ-
4	1	186	4	2	0	1818	2634	7	7	-1	
5	1	186	4	2	1	1818	2634	7	7	17.894821	αι
3	1	186	5	0	0	1817	2636	51	20	-1	
4	1	186	5	1	0	1817	2636	51	20	-1	
5	1	186	5	1	1	1817	2636	51	20	60.653358	ὅλου
2	1	187	0	0	0	1163	2600	706	98	-1	
3	1	187	1	0	0	1163	2600	706	98	-1	
4	1	187	1	1	0	1192	2600	272	27	-1	
5	1	187	1	1	1	1192	2600	31	21	85.889214	Θὰ
5	1	187	1	1	2	1234	2603	35	23	82.811981	μοῦ
5	1	187	1	1	3	1283	2601	96	26	63.454212	ἐπιτραπῆ
5	1	187	1	1	4	1394	2600	22	26	45.628494	µε
5	1	187	1	1	5	1431	2600	33	26	73.629913	τήν
4	1	187	1	2	0	1272	2635	110	28	-1	
5	1	187	1	2	1	1272	2635	110	28	55.710739	εὐχαρηστίε,
4	1	187	1	3	0	1174	2650	664	36	-1	
5	1	187	1	3	1	1174	2650	12	36	18.733246	ον
5	1	187	1	3	2	1331	2672	9	4	38.037090	.
5	1	187	1	3	3	1461	2670	135	12	13.471992	ση.
5	1	187	1	3	4	1699	2670	27	16	0.574860	ος
5	1	187	1	3	5	1799	2671	39	11	20.520454	ο.
4	1	187	1	4	0	1163	2671	706	27	-1	
5	1	187	1	4	1	1163	2679	37	13	92.799263	τῶν
5	1	187	1	4	2	1215	2679	139	19	20.097153	συγχωριανῶν
5	1	187	1	4	3	1372	2679	45	19	79.294876	µας,
5	1	187	1	4	4	1431	2679	48	19	37.544289	πρός
5	1	187	1	4	5	1494	2679	31	13	85.753487	τόν
5	1	187	1	4	6	1540	2678	97	19	88.681702	ἀξιότιμον
5	1	187	1	4	7	1656	2671	104	26	0.000000	Ἰρόθδρον
5	1	187	1	4	8	1776	2679	31	13	93.207748	τοῦ
5	1	187	1	4	9	1822	2678	47	13	38.012283	Συν-
2	1	188	0	0	0	1163	2705	707	28	-1	
3	1	188	1	0	0	1163	2705	707	28	-1	
4	1	188	1	1	0	1163	2705	707	28	-1	
5	1	188	1	1	1	1163	2705	68	27	79.101791	Σέσµου
5	1	188	1	1	2	1243	2706	163	26	57.751228	Λακεδαιμονίων
5	1	188	1	1	3	1420	2707	98	25	26.893265	᾿Αϕτηκῆς
5	1	188	1	1	4	1531	2706	117	27	71.095779	Στρατηγόν
5	1	188	1	1	5	1662	2715	19	13	85.393387	κ.
5	1	188	1	1	6	1693	2705	86	22	67.973190	Κώσταῦ
5	1	188	1	1	7	1792	2705	78	27	77.233994	Λουμὰ-
2	1	189	0	0	0	1460	2609	37	12	-1	
3	1	189	1	0	0	1460	2609	37	12	-1	
4	1	189	1	1	0	1460	2609	37	12	-1	
5	1	189	1	1	1	1460	2609	37	12	95.000000	 
2	1	190	0	0	0	1163	2635	622	28	-1	
3	1	190	1	0	0	1163	2635	622	28	-1	
4	1	190	1	1	0	1163	2635	622	28	-1	
5	1	190	1	1	1	1163	2636	80	27	28.960022	Υκάρδηε
5	1	190	1	1	2	1386	2644	9	16	71.224930	ς
5	1	190	1	1	3	1409	2635	53	25	77.936714	τόσον
5	1	190	1	1	4	1477	2644	31	13	96.221344	τοῦ
5	1	190	1	1	5	1523	2635	102	27	1.433853	συνδέσμου
5	1	190	1	1	6	1637	2643	46	19	77.932587	µας,
5	1	190	1	1	7	1697	2635	41	22	91.356010	ὅσον
5	1	190	1	1	8	1752	2636	33	21	76.174843	χαί
2	1	191	0	0	0	1243	2644	30	16	-1	
3	1	191	1	0	0	1243	2644	30	16	-1	
4	1	191	1	1	0	1243	2644	30	16	-1	
5	1	191	1	1	1	1243	2644	30	16	95.000000	 
2	1	192	0	0	0	1302	2708	21	19	-1	
3	1	192	1	0	0	1302	2708	21	19	-1	
4	1	192	1	1	0	1302	2708	21	19	-1	
5	1	192	1	1	1	1302	2708	21	19	95.000000	 
2	1	193	0	0	0	1359	2724	510	45	-1	
3	1	193	1	0	0	1359	2724	510	45	-1	
4	1	193	1	1	0	1381	2724	478	43	-1	
5	1	193	1	1	1	1381	2725	70	42	11.114799	πο
5	1	193	1	1	2	1461	2743	32	20	15.301437	ως
5	1	193	1	1	3	1552	2741	102	15	11.546875	πα
5	1	193	1	1	4	1639	2725	18	42	0.000000	η
5	1	193	1	1	5	1716	2724	60	43	3.874191	δις
5	1	193	1	1	6	1792	2741	5	7	3.608521	ἡ
5	1	193	1	1	7	1852	2750	7	7	0.000000	Ἡ
4	1	193	1	2	0	1359	2746	510	23	-1	
5	1	193	1	2	1	1359	2751	10	17	24.211617	ἤ
5	1	193	1	2	2	1383	2750	134	19	87.330902	πρωτοθουλία
5	1	193	1	2	3	1529	2750	31	13	93.274117	τοῦ
5	1	193	1	2	4	1573	2749	63	15	73.782143	ὁποίου
5	1	193	1	2	5	1649	2749	127	20	0.000000	ὀργσνώθηκε
5	1	193	1	2	6	1788	2750	12	18	66.111084	ἡ
5	1	193	1	2	7	1811	2746	58	22	22.204346	σηµε-
2	1	194	0	0	0	1320	2750	37	13	-1	
3	1	194	1	0	0	1320	2750	37	13	-1	
4	1	194	1	1	0	1320	2750	37	13	-1	
5	1	194	1	1	1	1320	2750	37	13	95.000000	 
2	1	195	0	0	0	1163	2742	157	26	-1	
3	1	195	1	0	0	1163	2742	157	26	-1	
4	1	195	1	1	0	1163	2742	157	26	-1	
5	1	195	1	1	1	1163	2750	43	18	0.000000	Ἁν,
5	1	195	1	1	2	1218	2742	22	26	86.927734	µέ
5	1	195	1	1	3	1255	2742	33	26	92.502060	τήν
5	1	195	1	1	4	1301	2743	19	20	62.911156	εὖ
2	1	196	0	0	0	1202	2777	3	4	-1	
3	1	196	1	0	0	1202	2777	3	4	-1	
4	1	196	1	1	0	1202	2777	3	4	-1	
5	1	196	1	1	1	1202	2777	3	4	95.000000	 
2	1	197	0	0	0	1510	2777	4	7	-1	
3	1	197	1	0	0	1510	2777	4	7	-1	
4	1	197	1	1	0	1510	2777	4	7	-1	
5	1	197	1	1	1	1510	2777	4	7	0.000000	ῃ
2	1	198	0	0	0	1504	2786	18	17	-1	
3	1	198	1	0	0	1504	2786	18	17	-1	
4	1	198	1	1	0	1504	2786	18	17	-1	
5	1	198	1	1	1	1504	2786	18	17	34.865562	πι
2	1	199	0	0	0	1463	2779	26	19	-1	
3	1	199	1	0	0	1463	2779	26	19	-1	
4	1	199	1	1	0	1463	2779	26	19	-1	
5	1	199	1	1	1	1463	2779	26	19	95.000000	 
2	1	200	0	0	0	1164	2777	299	27	-1	
3	1	200	1	0	0	1164	2777	299	27	-1	
4	1	200	1	1	0	1164	2777	299	27	-1	
5	1	200	1	1	1	1164	2785	42	19	64.617081	ρινή
5	1	200	1	1	2	1222	2778	60	25	49.699291	σεμνή
5	1	200	1	1	3	1292	2777	142	27	34.162491	ἐπιμνημόσυνη
5	1	200	1	1	4	1444	2786	19	12	93.606430	τε
2	1	201	0	0	0	1490	2785	12	13	-1	
3	1	201	1	0	0	1490	2785	12	13	-1	
4	1	201	1	1	0	1490	2785	12	13	-1	
5	1	201	1	1	1	1490	2785	12	13	95.000000	 
2	1	202	0	0	0	1250	2848	8	4	-1	
3	1	202	1	0	0	1250	2848	8	4	-1	
4	1	202	1	1	0	1250	2848	8	4	-1	
5	1	202	1	1	1	1250	2848	8	4	95.000000	 
2	1	203	0	0	0	1153	2829	715	114	-1	
3	1	203	1	0	0	1163	2829	705	99	-1	
4	1	203	1	1	0	1193	2829	675	29	-1	
5	1	203	1	1	1	1193	2830	136	28	17.915306	Συμµµέσχον
5	1	203	1	1	2	1344	2832	36	25	93.293480	τῆς
5	1	203	1	1	3	1396	2831	98	26	33.685448	ἐχδρομῆς
5	1	203	1	1	4	1508	2830	15	22	96.967010	οἱ
5	1	203	1	1	5	1538	2839	39	13	44.081074	κ.κ.
5	1	203	1	1	6	1603	2830	113	27	70.890503	[ρόθδρος,
5	1	203	1	1	7	1749	2829	119	28	78.497749	Στρατηγός
4	1	203	1	2	0	1164	2865	704	28	-1	
5	1	203	1	2	1	1164	2867	52	21	75.130196	Κων,
5	1	203	1	2	2	1229	2866	117	27	53.373978	Λουμάκης,
5	1	203	1	2	3	1359	2867	21	21	24.698151	Ι..
5	1	203	1	2	4	1393	2867	26	26	36.165043	Τραμμ.
5	1	203	1	2	5	1451	2866	126	27	70.803375	Αὐρηλιᾶ
5	1	203	1	2	6	1588	2866	109	27	23.974113	Βλαχῶνη,
5	1	203	1	2	7	1710	2865	80	27	93.087730	Ταμίας
5	1	203	1	2	8	1816	2866	52	26	69.371216	Δημ.
4	1	203	1	3	0	1153	2874	715	69	-1	
5	1	203	1	3	1	1153	2902	35	41	0.000000	μ.
5	1	203	1	3	2	1204	2901	91	27	41.456902	Σηγαϊλός
5	1	203	1	3	3	1317	2901	70	28	85.940033	ἔφορος
5	1	203	1	3	4	1402	2902	7	20	0.000000	Ὃ
5	1	203	1	3	5	1440	2874	103	55	28.580086	ανν
5	1	203	1	3	6	1558	2902	36	21	36.878471	ἐν.
5	1	203	1	3	7	1612	2910	18	14	45.165825	κ,
5	1	203	1	3	8	1644	2902	39	26	92.053856	Χρ.
5	1	203	1	3	9	1701	2902	27	21	92.643562	Π.
5	1	203	1	3	10	1755	2900	113	27	3.522263	ἠΜπέλκας,
2	1	204	0	0	0	1153	2927	715	72	-1	
3	1	204	1	0	0	1153	2927	715	72	-1	
4	1	204	1	1	0	1153	2927	715	38	-1	
5	1	204	1	1	1	1153	2927	2	16	35.279999	|
5	1	204	1	1	2	1168	2938	68	21	24.123619	Νικο,
5	1	204	1	1	3	1249	2938	76	27	53.239639	Χῖας,
5	1	204	1	1	4	1329	2936	79	26	57.513767	᾿Αλλέχος
5	1	204	1	1	5	1426	2937	17	20	71.363541	Ἡ
5	1	204	1	1	6	1450	2936	183	28	71.040611	αναγιωπόπουλος,
5	1	204	1	1	7	1650	2936	104	28	48.337971	µαέσπρος,
5	1	204	1	1	8	1766	2936	102	28	91.928368	Γεώργιος
4	1	204	1	2	0	1163	2972	705	25	-1	
5	1	204	1	2	1	1163	2972	161	25	3.753700	Θεοφιλόπουλος
5	1	204	1	2	2	1339	2972	33	22	54.063011	καί
5	1	204	1	2	3	1383	2972	60	22	91.223480	λοιπὰ
5	1	204	1	2	4	1456	2972	51	22	62.208092	μέλη
5	1	204	1	2	5	1519	2972	32	22	86.520248	καὶ
5	1	204	1	2	6	1578	2972	37	21	95.981201	φίλοι
5	1	204	1	2	7	1629	2974	31	20	93.262779	τοῦ
5	1	204	1	2	8	1673	2972	115	22	32.556641	Σωμδέσμου,
5	1	204	1	2	9	1800	2972	68	25	82.236404	καθώς
4	1	204	1	3	0	1205	2981	582	18	-1	
5	1	204	1	3	1	1205	2981	10	18	0.000000	ἴ
5	1	204	1	3	2	1504	2989	3	9	46.728241	ᾗ
5	1	204	1	3	3	1748	2993	39	6	62.460800	μου,
2	1	205	0	0	0	1739	3003	41	30	-1	
3	1	205	1	0	0	1739	3003	41	30	-1	
4	1	205	1	1	0	1739	3003	41	30	-1	
5	1	205	1	1	1	1739	3003	41	30	95.000000	 
2	1	206	0	0	0	1879	2618	4	448	-1	
3	1	206	1	0	0	1879	2618	4	448	-1	
4	1	206	1	1	0	1879	2618	4	448	-1	
5	1	206	1	1	1	1879	2618	4	448	95.000000	 
2	1	207	0	0	0	1163	3079	529	28	-1	
3	1	207	1	0	0	1163	3079	529	28	-1	
4	1	207	1	1	0	1163	3079	529	28	-1	
5	1	207	1	1	1	1163	3087	64	17	50.372116	Ἄωνος
5	1	207	1	1	2	1243	3079	105	28	0.000000	επάρτης,
5	1	207	1	1	3	1356	3079	44	28	55.868725	πρίν
5	1	207	1	1	4	1411	3079	137	27	75.937012	ἀναχωρήσουν
5	1	207	1	1	5	1558	3080	24	20	72.952621	δι’
5	1	207	1	1	6	1593	3079	99	26	37.107368	᾿Αθήνας.
2	1	208	0	0	0	1844	179	347	207	-1	
3	1	208	1	0	0	1844	179	347	207	-1	
4	1	208	1	1	0	1844	179	347	207	-1	
5	1	208	1	1	1	1844	179	347	207	95.000000	 
2	1	209	0	0	0	1716	420	312	50	-1	
3	1	209	1	0	0	1716	420	312	50	-1	
4	1	209	1	1	0	1716	420	312	20	-1	
5	1	209	1	1	1	1716	420	112	19	92.622391	ΠΟΥΘΕΝΑ
5	1	209	1	1	2	1844	421	46	18	96.747353	ΔΕΝ
5	1	209	1	1	3	1909	421	32	18	78.674927	ΘΑ
5	1	209	1	1	4	1957	420	71	20	78.674927	ΒΡΗΤΕ
4	1	209	1	2	0	1759	450	223	20	-1	
5	1	209	1	2	1	1759	450	133	19	92.450882	ΩΡΑΙΩΤΕΡΟ
5	1	209	1	2	2	1910	450	72	20	95.681183	ΧΩΡΙΟ
2	1	210	0	0	0	1699	516	429	20	-1	
3	1	210	1	0	0	1699	516	429	20	-1	
4	1	210	1	1	0	1699	516	429	20	-1	
5	1	210	1	1	1	1699	516	19	17	77.524307	Κ.
5	1	210	1	1	2	1728	516	20	18	77.524307	Η.
5	1	210	1	1	3	1762	516	169	19	86.922523	ΓΙΑΝΝΑΚΑΚΗΣ
5	1	210	1	1	4	1944	530	7	3	86.511185	-
5	1	210	1	1	5	1961	517	94	18	96.652313	ΣΠΑΡΤΗ
5	1	210	1	1	6	2064	518	64	18	91.285133	28.976
2	1	211	0	0	0	1860	556	278	8	-1	
3	1	211	1	0	0	1860	556	278	8	-1	
4	1	211	1	1	0	1860	556	278	8	-1	
5	1	211	1	1	1	1860	556	278	8	95.000000	 
2	1	212	0	0	0	1899	625	344	93	-1	
3	1	212	1	0	0	1899	625	344	93	-1	
4	1	212	1	1	0	1904	625	316	23	-1	
5	1	212	1	1	1	1904	625	144	23	44.854439	ΕΓΚΑΙΝΙΑ
5	1	212	1	1	2	2076	626	144	21	91.170212	ΣΤΑΘΜΩΝ
4	1	212	1	2	0	1899	661	344	25	-1	
5	1	212	1	2	1	1899	661	132	25	82.614128	ΧΩΡ)ΚΗΣ
5	1	212	1	2	2	2051	661	192	21	87.629478	ΓΕΩΡΓΙΤΣΙΟΥ
4	1	212	1	3	0	1945	696	249	22	-1	
5	1	212	1	3	1	1945	696	49	21	91.276932	ΚΑΙ
5	1	212	1	3	2	2005	696	189	22	88.036568	ΛΟΓΓΑΝΙΚΟΥ
2	1	213	0	0	0	1976	742	176	5	-1	
3	1	213	1	0	0	1976	742	176	5	-1	
4	1	213	1	1	0	1976	742	176	5	-1	
5	1	213	1	1	1	1976	742	176	5	95.000000	 
2	1	214	0	0	0	1888	766	368	802	-1	
3	1	214	1	0	0	1888	766	368	556	-1	
4	1	214	1	1	0	1920	766	322	26	-1	
5	1	214	1	1	1	1920	766	53	26	31.327629	2πάς
5	1	214	1	1	2	2002	766	86	20	0.000000	1ά-ό-δ]
5	1	214	1	1	3	2104	766	14	21	91.986778	ὁ
5	1	214	1	1	4	2147	766	95	26	38.536572	'Ἔπουρ-
4	1	214	1	2	0	1889	799	351	28	-1	
5	1	214	1	2	1	1889	799	42	28	89.787460	γὸς
5	1	214	1	2	2	1940	800	121	27	65.871704	Δημοσίας
5	1	214	1	2	3	2072	800	93	26	96.356003	Τάξεως
5	1	214	1	2	4	2175	806	19	14	93.278938	κ.
5	1	214	1	2	5	2206	800	34	27	92.573410	Δη
4	1	214	1	3	0	1888	834	352	31	-1	
5	1	214	1	3	1	1888	834	100	28	42.126190	µήπριος
5	1	214	1	3	2	2000	834	111	31	86.638840	Δαδάκης
5	1	214	1	3	3	2127	834	113	22	90.965775	συνοδευό
4	1	214	1	4	0	1889	869	351	28	-1	
5	1	214	1	4	1	1889	876	70	21	92.003990	µενος
5	1	214	1	4	2	1972	870	49	21	92.799637	ἀπὸ
5	1	214	1	4	3	2034	869	41	22	93.298538	τὸν
5	1	214	1	4	4	2090	870	150	27	92.607925	Μηπροπολί-
4	1	214	1	5	0	1889	904	367	28	-1	
5	1	214	1	5	1	1889	912	28	20	94.978523	τη
5	1	214	1	5	2	1927	911	19	15	93.228081	κ.
5	1	214	1	5	3	1958	904	124	25	92.591759	Εὐσπάθιο,
5	1	214	1	5	4	2092	905	41	21	93.301292	τὸν
5	1	214	1	5	5	2147	905	93	27	82.955124	ἀρχιηγὸ
5	1	214	1	5	6	2254	918	2	3	48.214111	:
4	1	214	1	6	0	1889	940	352	27	-1	
5	1	214	1	6	1	1889	941	42	26	93.301384	τῆς
5	1	214	1	6	2	1941	940	114	27	51.747822	Χωρ)κῆς
5	1	214	1	6	3	2068	940	173	27	32.005066	ἀντισπράτηγο
4	1	214	1	7	0	1890	974	352	28	-1	
5	1	214	1	7	1	1890	982	19	13	95.723511	κ.
5	1	214	1	7	2	1923	975	43	27	93.297638	Χρ.
5	1	214	1	7	3	1976	975	54	27	92.230438	Ριζᾶ
5	1	214	1	7	4	2039	974	43	23	93.295914	τὸν
5	1	214	1	7	5	2091	975	102	27	84.111671	διοικητὴ
5	1	214	1	7	6	2204	975	38	21	92.511650	Χω
4	1	214	1	8	0	1891	1010	352	28	-1	
5	1	214	1	8	1	1891	1010	73	28	71.171753	ρ)κῆς
5	1	214	1	8	2	1976	1010	182	28	96.265686	Πελοποννήσου
5	1	214	1	8	3	2171	1010	54	27	85.844757	ταξί
5	1	214	1	8	4	2234	1022	9	3	85.844757	-
4	1	214	1	9	0	1891	1045	351	28	-1	
5	1	214	1	9	1	1891	1053	63	20	49.853752	αρχο
5	1	214	1	9	2	1971	1053	21	14	90.826401	κ.
5	1	214	1	9	3	2007	1046	22	20	90.826401	Σ.
5	1	214	1	9	4	2047	1045	140	28	28.661552	᾽Αιλουμανῆ,
5	1	214	1	9	5	2201	1045	41	22	96.756660	τόν
4	1	214	1	10	0	1890	1080	352	29	-1	
5	1	214	1	10	1	1890	1081	137	28	87.912521	προσωρινὸ
5	1	214	1	10	2	2043	1081	102	28	28.176018	διοικητή
5	1	214	1	10	3	2160	1080	82	28	91.689423	Χωρ)-
4	1	214	1	11	0	1889	1116	352	28	-1	
5	1	214	1	11	1	1889	1118	42	26	91.860016	κῆς
5	1	214	1	11	2	1944	1117	112	27	96.435516	Σπάρτης
5	1	214	1	11	3	2066	1124	19	14	92.897400	κ.
5	1	214	1	11	4	2099	1117	20	21	86.555000	Γ.
5	1	214	1	11	5	2131	1116	110	22	89.092590	Μουπσά-
4	1	214	1	12	0	1889	1152	353	28	-1	
5	1	214	1	12	1	1889	1159	36	21	91.937225	κη,
5	1	214	1	12	2	1939	1152	42	22	96.812294	τὸν
5	1	214	1	12	3	1993	1152	118	28	88.227524	Δήμαρχο
5	1	214	1	12	4	2124	1152	118	27	91.237953	Σπαρπια-
4	1	214	1	13	0	1890	1187	352	28	-1	
5	1	214	1	13	1	1890	1189	46	20	96.844589	τῶν
5	1	214	1	13	2	1947	1195	19	14	93.017616	κ.
5	1	214	1	13	3	1980	1188	26	21	92.988731	Ν.
5	1	214	1	13	4	2020	1187	99	28	88.163246	Σαχάµη
5	1	214	1	13	5	2132	1188	38	21	89.307053	καὶ
5	1	214	1	13	6	2184	1187	58	28	89.307053	πλἠ-
4	1	214	1	14	0	1890	1223	353	28	-1	
5	1	214	1	14	1	1890	1224	41	26	35.504211	θος
5	1	214	1	14	2	1946	1223	164	28	82.231888	ὑπιηρεσιακῶν
5	1	214	1	14	3	2123	1223	120	27	75.115860	παραγόν-
4	1	214	1	15	0	1890	1258	352	28	-1	
5	1	214	1	15	1	1890	1266	54	17	83.877335	των,
5	1	214	1	15	2	1958	1258	114	28	41.909481	ἐγκαινίσε
5	1	214	1	15	3	2090	1258	56	27	93.288147	τούς
5	1	214	1	15	4	2161	1258	63	21	90.522743	Σταθ
5	1	214	1	15	5	2235	1270	7	3	90.522743	-
4	1	214	1	16	0	1889	1293	352	29	-1	
5	1	214	1	16	1	1889	1294	59	28	91.712585	μοὺς
5	1	214	1	16	2	1962	1294	114	27	89.927666	Χωρ)κῆς
5	1	214	1	16	3	2102	1293	139	28	40.617290	Γεωργιτσί-
3	1	214	2	0	0	1941	1328	236	28	-1	
4	1	214	2	1	0	1941	1328	236	28	-1	
5	1	214	2	1	1	1941	1336	29	14	96.811691	ου
5	1	214	2	1	2	1979	1329	37	21	78.140213	καὶ
5	1	214	2	1	3	2026	1328	151	28	48.296730	Λογγανίκου.
3	1	214	3	0	0	1889	1364	352	204	-1	
4	1	214	3	1	0	1920	1364	321	27	-1	
5	1	214	3	1	1	1920	1365	45	21	92.267151	Τὸν
5	1	214	3	1	2	1976	1371	19	14	93.298775	κ.
5	1	214	3	1	3	2035	1364	94	27	83.098816	Ὑπουργὸ
5	1	214	3	1	4	2145	1371	77	20	85.799911	προσε
5	1	214	3	1	5	2233	1376	8	2	90.737724	-
4	1	214	3	2	0	1890	1398	351	29	-1	
5	1	214	3	2	1	1890	1400	93	27	51.369820	Φώνησε
5	1	214	3	2	2	1999	1399	43	22	67.277420	στὸ
5	1	214	3	2	3	2073	1398	126	28	87.804161	Γεωργίτσι
5	1	214	3	2	4	2229	1399	12	20	93.219719	ὁ
4	1	214	3	3	0	1889	1433	352	29	-1	
5	1	214	3	3	1	1889	1435	121	27	71.560028	πρόεδρος
5	1	214	3	3	2	2021	1435	43	27	93.285553	τῆς
5	1	214	3	3	3	2075	1433	137	28	82.585739	κοινόπηπος
5	1	214	3	3	4	2221	1440	20	14	83.510788	Κ.
4	1	214	3	4	0	1890	1469	351	28	-1	
5	1	214	3	4	1	1890	1471	21	21	84.452133	Γ.
5	1	214	3	4	2	1927	1470	146	27	31.723465	Γκουζούλιης
5	1	214	3	4	3	2082	1470	38	20	91.100533	καὶ
5	1	214	3	4	4	2128	1469	45	22	93.171043	στὸ
5	1	214	3	4	5	2183	1470	58	26	38.297989	Λογ-
4	1	214	3	5	0	1889	1504	350	29	-1	
5	1	214	3	5	1	1889	1505	81	28	92.716385	γανίκο
5	1	214	3	5	2	1979	1505	13	21	93.268364	ὁ
5	1	214	3	5	3	2002	1504	173	28	78.891113	ἀνπιπρόεδρος
5	1	214	3	5	4	2183	1511	19	14	93.240524	κ.
5	1	214	3	5	5	2214	1504	25	21	93.240524	Δ.
4	1	214	3	6	0	1890	1541	122	27	-1	
5	1	214	3	6	1	1890	1541	122	27	84.028938	Μιπόγρης.
2	1	215	0	0	0	1919	1593	320	27	-1	
3	1	215	1	0	0	1919	1593	320	27	-1	
4	1	215	1	1	0	1919	1593	320	27	-1	
5	1	215	1	1	1	1919	1594	45	21	91.551956	Στὸ
5	1	215	1	1	2	1981	1593	125	27	88.408752	Γεωργίτσι
5	1	215	1	1	3	2121	1593	118	26	91.829514	τοποθετή
2	1	216	0	0	0	1870	1619	388	36	-1	
3	1	216	1	0	0	1870	1619	388	36	-1	
4	1	216	1	1	0	1870	1619	388	36	-1	
5	1	216	1	1	1	1870	1619	101	35	56.481361	.θηκαν:
5	1	216	1	1	2	1989	1627	14	21	92.309875	ὁ
5	1	216	1	1	3	2017	1627	173	28	28.099937	ἐπωµαπάρχης
5	1	216	1	1	4	2219	1634	20	12	33.846466	κ.
5	1	216	1	1	5	2255	1650	3	2	33.846466	.
2	1	217	0	0	0	1889	1660	353	207	-1	
3	1	217	1	0	0	1889	1660	353	207	-1	
4	1	217	1	1	0	1890	1660	349	29	-1	
5	1	217	1	1	1	1890	1662	86	27	83.274185	Γεώργ.
5	1	217	1	1	2	1993	1660	209	28	41.263561	᾿Αναστασόπολος
5	1	217	1	1	3	2226	1661	13	21	90.341843	ὁ
4	1	217	1	2	0	1889	1697	349	28	-1	
5	1	217	1	2	1	1889	1697	203	28	60.767471	ὑπενωματάρχης
5	1	217	1	2	2	2105	1703	18	14	90.000191	κ.
5	1	217	1	2	3	2152	1697	86	26	72.576157	Παναγ.
4	1	217	1	3	0	1890	1732	349	28	-1	
5	1	217	1	3	1	1890	1733	144	27	78.231522	Γκουνπέλας
5	1	217	1	3	2	2044	1733	37	21	91.104996	καὶ
5	1	217	1	3	3	2096	1732	13	22	91.104996	ὁ
5	1	217	1	3	4	2121	1732	99	27	90.956863	χωροφύ
5	1	217	1	3	5	2231	1744	8	3	89.455727	-
4	1	217	1	4	0	1889	1767	350	29	-1	
5	1	217	1	4	1	1889	1769	46	27	91.259224	λαξ
5	1	217	1	4	2	1949	1775	19	15	93.285973	κ.
5	1	217	1	4	3	1986	1768	85	28	24.535614	Γεώργ.
5	1	217	1	4	4	2089	1767	132	28	89.659523	Μαρκουλά
5	1	217	1	4	5	2231	1779	8	3	89.659523	-
4	1	217	1	5	0	1889	1803	352	29	-1	
5	1	217	1	5	1	1889	1811	47	21	91.480598	κης.
5	1	217	1	5	2	1961	1804	61	27	91.933983	Τοὺς
5	1	217	1	5	3	2048	1803	193	27	70.351944	Καλωσορίζουμε
4	1	217	1	6	0	1889	1838	353	29	-1	
5	1	217	1	6	1	1889	1840	36	21	96.880486	καὶ
5	1	217	1	6	2	1936	1839	56	27	93.302643	τούς
5	1	217	1	6	3	2002	1838	120	29	91.952026	εὐχόμεθα
5	1	217	1	6	4	2129	1838	67	28	91.934654	ὑγεία
5	1	217	1	6	5	2204	1838	38	21	96.044769	καὶ
2	1	218	0	0	0	1870	1874	372	29	-1	
3	1	218	1	0	0	1870	1874	372	29	-1	
4	1	218	1	1	0	1870	1874	372	29	-1	
5	1	218	1	1	1	1870	1875	126	28	0.000000	:|εὐόδωση
5	1	218	1	1	2	2006	1876	42	27	93.302055	τῆς
5	1	218	1	1	3	2058	1874	158	28	85.806946	πολιπιστικῆς
5	1	218	1	1	4	2227	1874	15	21	71.550682	ἆ
2	1	219	0	0	0	1891	1911	192	28	-1	
3	1	219	1	0	0	1891	1911	192	28	-1	
4	1	219	1	1	0	1891	1911	192	28	-1	
5	1	219	1	1	1	1891	1911	122	28	82.125496	πιοσπολῆς
5	1	219	1	1	2	2021	1917	62	20	96.666039	τους.
2	1	220	0	0	0	1897	1968	340	4	-1	
3	1	220	1	0	0	1897	1968	340	4	-1	
4	1	220	1	1	0	1897	1968	340	4	-1	
5	1	220	1	1	1	1897	1968	340	4	95.000000	 
2	1	221	0	0	0	1917	1997	302	92	-1	
3	1	221	1	0	0	1917	1997	302	92	-1	
4	1	221	1	1	0	1917	1997	302	21	-1	
5	1	221	1	1	1	1917	1997	196	21	26.229492	ΑΙΝΙΑΝΜΙΝΗΣΕΗΙΣ
5	1	221	1	1	2	2150	1997	69	21	72.273376	ΕΝΟΣ
4	1	221	1	2	0	1954	2032	231	22	-1	
5	1	221	1	2	1	1954	2033	21	20	68.584534	Π
5	1	221	1	2	2	1981	2032	204	22	28.134857	ΑΡΑΘΗΡΙΣΠΟΥ
4	1	221	1	3	0	1960	2068	216	21	-1	
5	1	221	1	3	1	1960	2068	216	21	16.893913	ΣΤΟΤΕΩΡΠΗΤΣΙ
2	1	222	0	0	0	2070	2138	171	57	-1	
3	1	222	1	0	0	2070	2138	171	57	-1	
4	1	222	1	1	0	2070	2138	170	27	-1	
5	1	222	1	1	1	2070	2138	63	23	61.357231	παλιά
5	1	222	1	1	2	2147	2138	21	22	93.280640	τὸ
5	1	222	1	1	3	2186	2139	54	26	71.488266	Γεωρ
4	1	222	1	2	0	2177	2173	54	7	-1	
5	1	222	1	2	1	2177	2173	54	7	2.839592	πο.
4	1	222	1	3	0	2162	2176	79	19	-1	
5	1	222	1	3	1	2162	2182	21	13	74.561218	τὸ
5	1	222	1	3	2	2198	2176	43	18	62.010208	θᾳύ-
2	1	223	0	0	0	1889	2138	352	165	-1	
3	1	223	1	0	0	1889	2138	352	165	-1	
4	1	223	1	1	0	1918	2138	137	28	-1	
5	1	223	1	1	1	1918	2138	90	28	38.999298	Πνώριζα
5	1	223	1	1	2	2023	2138	32	22	31.122025	καὶ
4	1	223	1	2	0	1890	2173	252	28	-1	
5	1	223	1	2	1	1890	2174	58	27	0.000000	Ἰήτσι,
5	1	223	1	2	2	1965	2174	36	23	92.500488	ἀπό
5	1	223	1	2	3	2016	2174	58	27	0.000000	μὴρό
5	1	223	1	2	4	2089	2173	53	22	96.042999	παιδί
4	1	223	1	3	0	1889	2209	352	27	-1	
5	1	223	1	3	1	1889	2213	52	23	29.193939	μάζα
5	1	223	1	3	2	1951	2209	55	27	96.641464	πολύ,
5	1	223	1	3	3	2022	2209	39	27	71.885597	γιὰ,
5	1	223	1	3	4	2069	2209	33	26	54.791393	τή»
5	1	223	1	3	5	2116	2209	45	22	92.902527	τότε
5	1	223	1	3	6	2172	2210	69	20	37.129120	«πολὺ-
4	1	223	1	4	0	1890	2245	158	22	-1	
5	1	223	1	4	1	1890	2245	68	21	26.511971	πάλειὰ
5	1	223	1	4	2	1974	2253	51	14	78.122536	του»,
4	1	223	1	5	0	1890	2281	36	22	-1	
5	1	223	1	5	1	1890	2281	36	22	89.337341	ἀπό
2	1	224	0	0	0	1902	2315	84	28	-1	
3	1	224	1	0	0	1902	2315	84	28	-1	
4	1	224	1	1	0	1902	2315	84	28	-1	
5	1	224	1	1	1	1902	2315	9	22	77.536278	ό
5	1	224	1	1	2	1920	2322	66	21	1.127205	ᾧιρο,
5	1	224	1	1	3	1971	2315	9	22	21.289383	ό
2	1	225	0	0	0	2070	2244	170	91	-1	
3	1	225	1	0	0	2070	2244	170	91	-1	
4	1	225	1	1	0	2070	2244	170	26	-1	
5	1	225	1	1	1	2070	2253	29	13	0.000000	πσι
5	1	225	1	1	2	2115	2244	34	26	74.037369	τήν
5	1	225	1	1	3	2166	2244	74	21	74.338356	ἔθλεπα
4	1	225	1	2	0	2205	2288	35	17	-1	
5	1	225	1	2	1	2205	2288	35	17	44.031586	ψου
4	1	225	1	3	0	2225	2315	9	20	-1	
5	1	225	1	3	1	2225	2315	9	20	72.360352	ἐ
2	1	226	0	0	0	1943	2279	299	128	-1	
3	1	226	1	0	0	1943	2279	299	127	-1	
4	1	226	1	1	0	1943	2279	251	28	-1	
5	1	226	1	1	1	1943	2280	89	27	61.101742	χαμηλὰ,
5	1	226	1	1	2	2047	2279	36	23	74.966797	ἀπὸ
5	1	226	1	1	3	2098	2279	22	22	86.360413	τό
5	1	226	1	1	4	2133	2279	61	28	91.617989	χωριό
4	1	226	1	2	0	2001	2315	192	27	-1	
5	1	226	1	2	1	2001	2315	63	27	55.814941	(Αγ.
5	1	226	1	2	2	2076	2315	117	27	90.724419	Κωνστ)νο)
4	1	226	1	3	0	1980	2350	262	27	-1	
5	1	226	1	3	1	1980	2351	4	21	0.000000	{
5	1	226	1	3	2	2001	2351	25	21	75.768639	19
5	1	226	1	3	3	2039	2351	56	21	92.834724	ἐτῶν.
5	1	226	1	3	4	2112	2350	47	21	40.865891	Πού
5	1	226	1	3	5	2171	2350	21	22	93.261307	τό
5	1	226	1	3	6	2204	2359	38	18	92.973167	χω-
4	1	226	1	4	0	2053	2385	31	22	-1	
5	1	226	1	4	1	2053	2385	31	22	44.838390	δόν
2	1	227	0	0	0	1890	2351	92	42	-1	
3	1	227	1	0	0	1890	2351	92	42	-1	
4	1	227	1	1	0	1890	2351	92	27	-1	
5	1	227	1	1	1	1890	2351	28	27	94.210777	γώ
5	1	227	1	1	2	1930	2352	52	20	68.933220	παιδί
4	1	227	1	2	0	1913	2386	5	7	-1	
5	1	227	1	2	1	1913	2386	5	7	8.371017	͵
2	1	228	0	0	0	1890	2386	304	28	-1	
3	1	228	1	0	0	1890	2386	304	28	-1	
4	1	228	1	1	0	1890	2386	304	28	-1	
5	1	228	1	1	1	1890	2395	30	19	79.899475	ρια
5	1	228	1	1	2	1934	2395	36	18	66.570786	µου
5	1	228	1	1	3	1986	2386	50	28	64.115547	τότε,
5	1	228	1	1	4	2156	2386	38	21	96.679329	στά
2	1	229	0	0	0	2096	2382	49	35	-1	
3	1	229	1	0	0	2096	2382	49	35	-1	
4	1	229	1	1	0	2096	2382	49	35	-1	
5	1	229	1	1	1	2096	2382	49	35	95.000000	 
2	1	230	0	0	0	1888	2394	353	90	-1	
3	1	230	1	0	0	1888	2394	353	90	-1	
4	1	230	1	1	0	2208	2394	33	18	-1	
5	1	230	1	1	1	2208	2394	33	18	38.606674	μα»
4	1	230	1	2	0	1890	2421	350	29	-1	
5	1	230	1	2	1	1890	2422	87	28	0.000000	ἸαΚάνιω
5	1	230	1	2	2	1993	2431	38	19	72.241890	που,
5	1	230	1	2	3	2048	2430	75	18	13.997795	παμμία
5	1	230	1	2	4	2143	2421	97	28	0.000000	καρέ,
4	1	230	1	3	0	1888	2457	352	27	-1	
5	1	230	1	3	1	1888	2458	71	21	15.058807	σπὀνια
5	1	230	1	3	2	1974	2457	173	27	50.987923	τζαμοπαράθυρα,
5	1	230	1	3	3	2162	2457	34	21	0.000000	υαί
5	1	230	1	3	4	2211	2459	29	18	76.452942	λι-
2	1	231	0	0	0	1889	2490	352	29	-1	
3	1	231	1	0	0	1889	2490	352	29	-1	
4	1	231	1	1	0	1889	2490	352	29	-1	
5	1	231	1	1	1	1889	2492	61	27	26.411667	γοσπὰ
5	1	231	1	1	2	1976	2491	171	26	0.000000	Ναλαμένια
5	1	231	1	1	3	2173	2490	68	22	7.631981	χουτὰ-
2	1	232	0	0	0	1889	2526	352	64	-1	
3	1	232	1	0	0	1889	2526	352	64	-1	
4	1	232	1	1	0	1889	2526	352	27	-1	
5	1	232	1	1	1	1889	2529	41	20	76.987083	λια,
5	1	232	1	1	2	1949	2527	41	21	22.617546	Ἱκαΐ
5	1	232	1	1	3	2005	2527	46	26	92.774422	στήν
5	1	232	1	1	4	2067	2526	98	26	37.430031	ἐχχ]λησία
5	1	232	1	1	5	2181	2534	60	18	76.500565	µας...
4	1	232	1	2	0	1889	2561	352	29	-1	
5	1	232	1	2	1	1889	2563	34	26	18.611435	μιιὰ
5	1	232	1	2	2	1935	2563	60	27	0.000000	μὶβιρή
5	1	232	1	2	3	2007	2562	134	27	26.674271	καμιιανούῖνα,
5	1	232	1	2	4	2154	2561	41	22	80.095695	Νὰ,
5	1	232	1	2	5	2208	2569	33	19	16.423264	Ύα
2	1	233	0	0	0	1890	2597	350	58	-1	
3	1	233	1	0	0	1890	2597	350	58	-1	
4	1	233	1	1	0	1890	2597	350	58	-1	
5	1	233	1	1	1	1890	2598	18	22	84.175179	τί
5	1	233	1	1	2	1924	2598	21	22	78.803497	τό
5	1	233	1	1	3	1938	2598	124	57	15.583878	η
5	1	233	1	1	4	2077	2597	46	22	80.626831	αὐτό
5	1	233	1	1	5	2137	2598	22	22	83.807716	τό
5	1	233	1	1	6	2172	2597	68	27	0.000000	χωρ:ό,
4	1	233	1	2	0	1995	2633	19	9	-1	
5	1	233	1	2	1	1995	2633	19	9	0.000000	.
2	1	234	0	0	0	1995	2635	31	20	-1	
3	1	234	1	0	0	1995	2635	31	20	-1	
4	1	234	1	1	0	1995	2635	31	20	-1	
5	1	234	1	1	1	1995	2635	31	20	92.129959	δέν
2	1	235	0	0	0	2042	2632	198	28	-1	
3	1	235	1	0	0	2042	2632	198	28	-1	
4	1	235	1	1	0	2042	2632	198	28	-1	
5	1	235	1	1	1	2042	2633	47	26	92.014374	ἦταν
5	1	235	1	1	2	2104	2632	68	28	95.529068	χωριό,
5	1	235	1	1	3	2187	2632	53	21	59.740910	ἀλλὰ
2	1	236	0	0	0	2117	2663	128	35	-1	
3	1	236	1	0	0	2117	2663	128	35	-1	
4	1	236	1	1	0	2117	2663	128	35	-1	
5	1	236	1	1	1	2117	2663	128	35	95.000000	 
2	1	237	0	0	0	1889	2643	231	68	-1	
3	1	237	1	0	0	1889	2643	231	68	-1	
4	1	237	1	1	0	1889	2643	231	54	-1	
5	1	237	1	1	1	1889	2643	59	53	0.000000	..
5	1	237	1	1	2	1935	2669	127	28	16.446320	πραγμιατηκή
5	1	237	1	1	3	2075	2677	45	13	88.531715	πολι
4	1	237	1	2	0	1976	2704	33	7	-1	
5	1	237	1	2	1	1976	2704	33	7	6.446953	ή,
2	1	238	0	0	0	1891	2705	146	23	-1	
3	1	238	1	0	0	1891	2705	146	23	-1	
4	1	238	1	1	0	1891	2705	146	23	-1	
5	1	238	1	1	1	1891	2705	47	23	84.487518	τόρα
5	1	238	1	1	2	1947	2713	32	13	82.183388	καὶ
5	1	238	1	1	3	1990	2713	47	13	94.874702	τόσα
2	1	239	0	0	0	1889	2753	352	139	-1	
3	1	239	1	0	0	1889	2753	352	139	-1	
4	1	239	1	1	0	1918	2753	241	49	-1	
5	1	239	1	1	1	1918	2758	30	21	0.000000	Ῥι
5	1	239	1	1	2	1963	2757	46	22	90.779350	αὐτό
5	1	239	1	1	3	2020	2753	82	49	33.957390	ἔρχομαι
5	1	239	1	1	4	2114	2757	45	26	84.810173	ἐδῶ,
4	1	239	1	2	0	1890	2792	231	23	-1	
5	1	239	1	2	1	1890	2792	107	23	0.000000	Ἑλῤετκό
5	1	239	1	2	2	2012	2801	31	13	96.727631	του
5	1	239	1	2	3	2060	2791	61	24	93.883064	τοπίο”
4	1	239	1	3	0	1891	2828	216	10	-1	
5	1	239	1	3	1	1891	2828	33	10	17.158287	..
5	1	239	1	3	2	1991	2828	4	7	0.000000	͵
5	1	239	1	3	3	2078	2828	29	6	12.636482	..
4	1	239	1	4	0	1891	2830	246	26	-1	
5	1	239	1	4	1	1891	2830	65	20	3.426582	θλκέπω
5	1	239	1	4	2	1974	2837	60	19	89.565956	τώρα.
5	1	239	1	4	3	2049	2836	34	14	81.759750	πού
5	1	239	1	4	4	2098	2836	39	19	90.049042	ἔχω
4	1	239	1	5	0	1889	2862	352	30	-1	
5	1	239	1	5	1	1889	2864	66	22	93.305946	πολλὰ
5	1	239	1	5	2	1967	2864	64	28	91.039070	χωριὰ
5	1	239	1	5	3	2044	2865	36	24	92.002182	τῆς
5	1	239	1	5	4	2094	2863	101	24	0.000000	λθιάδος
5	1	239	1	5	5	2208	2862	33	22	93.021118	καί
2	1	240	0	0	0	2019	2898	222	27	-1	
3	1	240	1	0	0	2019	2898	222	27	-1	
4	1	240	1	1	0	2019	2898	222	27	-1	
5	1	240	1	1	1	2019	2901	47	20	29.759071	υκοῦ.
5	1	240	1	1	2	2081	2898	29	22	88.325012	Τό
5	1	240	1	1	3	2123	2898	118	27	46.158482	ΠΓδωργίπσ:,
2	1	241	0	0	0	2149	2792	41	21	-1	
3	1	241	1	0	0	2149	2792	41	21	-1	
4	1	241	1	1	0	2151	2792	8	7	-1	
5	1	241	1	1	1	2151	2792	8	7	0.000000	μ
4	1	241	1	2	0	2149	2801	41	12	-1	
5	1	241	1	2	1	2149	2801	41	12	62.347702	Ετσι
2	1	242	0	0	0	2166	2836	74	19	-1	
3	1	242	1	0	0	2166	2836	74	19	-1	
4	1	242	1	1	0	2166	2836	74	19	-1	
5	1	242	1	1	1	2166	2836	13	18	0.000000	ο
5	1	242	1	1	2	2206	2836	34	12	0.000000	κα
2	1	243	0	0	0	1890	2900	135	26	-1	
3	1	243	1	0	0	1890	2900	135	26	-1	
4	1	243	1	1	0	1890	2900	135	26	-1	
5	1	243	1	1	1	1890	2900	135	26	95.000000	 
2	1	244	0	0	0	2225	2932	16	17	-1	
3	1	244	1	0	0	2225	2932	16	17	-1	
4	1	244	1	1	0	2225	2932	16	17	-1	
5	1	244	1	1	1	2225	2932	16	17	95.000000	 
2	1	245	0	0	0	1890	2931	343	35	-1	
3	1	245	1	0	0	1890	2931	343	35	-1	
4	1	245	1	1	0	1890	2931	343	35	-1	
5	1	245	1	1	1	1890	2931	32	35	48.576389	καί
5	1	245	1	1	2	1938	2935	37	23	89.596359	ὅλα
5	1	245	1	1	3	1993	2935	24	22	95.109650	τά
5	1	245	1	1	4	2030	2934	64	28	89.928749	χωριὰ
5	1	245	1	1	5	2109	2942	38	19	42.914047	μις
5	1	245	1	1	6	2162	2942	71	19	31.984055	προσφς
2	1	246	0	0	0	1890	2968	342	44	-1	
3	1	246	1	0	0	1890	2968	342	44	-1	
4	1	246	1	1	0	1890	2968	342	31	-1	
5	1	246	1	1	1	1890	2979	65	20	41.608486	ρονπαι
5	1	246	1	1	2	1972	2971	102	26	54.156685	θαυμάσια,
5	1	246	1	1	3	2090	2978	34	19	90.609390	γιά
5	1	246	1	1	4	2138	2968	94	29	4.630806	παραθερ!
4	1	246	1	2	0	2119	3005	39	7	-1	
5	1	246	1	2	1	2119	3005	39	7	7.285507	..
2	1	247	0	0	0	1889	3005	333	29	-1	
3	1	247	1	0	0	1889	3005	333	29	-1	
4	1	247	1	1	0	1967	3005	241	13	-1	
5	1	247	1	1	1	1967	3006	4	7	0.000000	(
5	1	247	1	1	2	2066	3005	4	7	19.756393	ᾗ
5	1	247	1	1	3	2202	3013	6	5	0.000000	Ἡ
4	1	247	1	2	0	1889	3006	333	28	-1	
5	1	247	1	2	1	1889	3015	38	13	54.323536	σι
5	1	247	1	2	2	1938	3014	32	14	2.676888	Ἠαί
5	1	247	1	2	3	1983	3014	96	20	42.988907	τουρισμό,
5	1	247	1	2	4	2092	3006	34	21	89.943855	Νὰ
5	1	247	1	2	5	2138	3014	24	13	96.970383	τὰ
5	1	247	1	2	6	2175	3013	47	19	85.531479	προσ
2	1	248	0	0	0	1886	3039	77	33	-1	
3	1	248	1	0	0	1886	3039	77	33	-1	
4	1	248	1	1	0	1886	3039	77	33	-1	
5	1	248	1	1	1	1886	3039	77	33	95.000000	 
2	1	249	0	0	0	1979	3077	260	23	-1	
3	1	249	1	0	0	1979	3077	260	23	-1	
4	1	249	1	1	0	1979	3077	260	23	-1	
5	1	249	1	1	1	1979	3078	80	22	8.654419	ΤΗΩΡ,
5	1	249	1	1	2	2070	3077	169	21	72.549164	ΑΡΒΑΝΙΤΗΣ
