level	page_num	block_num	par_num	line_num	word_num	left	top	width	height	conf	text
1	1	0	0	0	0	0	0	2280	3136	-1	
2	1	1	0	0	0	68	41	309	36	-1	
3	1	1	1	0	0	68	41	309	36	-1	
4	1	1	1	1	0	68	41	309	36	-1	
5	1	1	1	1	1	68	41	309	36	91.889008	ΑΛΛΗΛΟΓΡΑΦΙΑ
2	1	2	0	0	0	46	97	351	64	-1	
3	1	2	1	0	0	46	97	351	64	-1	
4	1	2	1	1	0	64	97	333	26	-1	
5	1	2	1	1	1	64	97	22	22	65.836273	6
5	1	2	1	1	2	105	107	21	13	0.000000	ν..
5	1	2	1	1	3	140	98	102	23	78.544617	Νικόλαο)
5	1	2	1	1	4	257	100	21	21	32.349289	Τ.
5	1	2	1	1	5	292	98	105	25	58.123966	Μανεσιώ-
4	1	2	1	2	0	46	133	185	28	-1	
5	1	2	1	2	1	46	141	34	19	55.784801	την
5	1	2	1	2	2	93	133	138	28	35.513748	Θεσσαλονύκη,
2	1	3	0	0	0	225	130	174	71	-1	
3	1	3	1	0	0	225	130	174	71	-1	
4	1	3	1	1	0	225	130	174	71	-1	
5	1	3	1	1	1	225	130	174	71	95.000000	  
2	1	4	0	0	0	45	170	351	518	-1	
3	1	4	1	0	0	45	170	351	518	-1	
4	1	4	1	1	0	46	170	168	26	-1	
5	1	4	1	1	1	46	171	70	25	83.645309	στοῦμε
5	1	4	1	1	2	132	170	34	26	96.513641	γιὰ
5	1	4	1	1	3	181	170	33	26	90.768745	τὴν
4	1	4	1	2	0	47	205	349	28	-1	
5	1	4	1	2	1	47	205	60	27	78.456078	δροµή
5	1	4	1	2	2	121	213	35	17	93.219582	σας
5	1	4	1	2	3	170	205	67	25	59.138775	χαβὼς
5	1	4	1	2	4	251	205	32	22	85.163773	χαὶ
5	1	4	1	2	5	299	205	33	28	80.253532	γιὰ
5	1	4	1	2	6	347	205	20	22	92.272598	τὸ
5	1	4	1	2	7	377	207	19	20	81.791420	εὐ
4	1	4	1	3	0	46	240	349	28	-1	
5	1	4	1	3	1	46	240	67	27	1.709381	Ὑεήκό
5	1	4	1	3	2	128	249	36	16	95.114906	σας
5	1	4	1	3	3	183	241	138	27	78.049110	τηλεφώνημα.
5	1	4	1	3	4	337	242	58	21	35.507805	"Όνο-
4	1	4	1	4	0	45	275	336	29	-1	
5	1	4	1	4	1	45	284	27	18	49.489902	µια
5	1	4	1	4	2	87	275	116	29	75.784065	ἀναφέρεπαι
5	1	4	1	4	3	216	276	33	22	96.832169	στὸ
5	1	4	1	4	4	261	276	37	22	76.735275	250
5	1	4	1	4	5	313	276	68	28	93.916435	φύλλο.
4	1	4	1	5	0	65	311	245	28	-1	
5	1	4	1	5	1	65	311	21	21	79.857925	9
5	1	4	1	5	2	106	320	20	14	12.352829	ν.
5	1	4	1	5	3	140	311	83	28	0.794083	Δώναν,
5	1	4	1	5	4	240	312	70	26	61.460354	Λάκην
4	1	4	1	6	0	45	346	259	43	-1	
5	1	4	1	6	1	45	354	42	14	0.000000	γιαν
5	1	4	1	6	2	104	346	95	43	42.604671	Ἀλούπη,
5	1	4	1	6	3	215	348	89	27	79.200432	εὐχαριστ
4	1	4	1	7	0	45	383	336	27	-1	
5	1	4	1	7	1	45	382	58	28	91.982178	εὐχές
5	1	4	1	7	2	116	382	32	22	78.821213	καὶ
5	1	4	1	7	3	163	383	23	22	96.927895	τὰ
5	1	4	1	7	4	199	383	53	22	27.236252	καλά
5	1	4	1	7	5	267	391	35	17	96.405502	σας
5	1	4	1	7	6	315	383	66	27	93.269028	λόγια.
4	1	4	1	8	0	59	417	337	28	-1	
5	1	4	1	8	1	59	417	28	22	37.147934	8
5	1	4	1	8	2	106	426	21	14	31.003922	ο.
5	1	4	1	8	3	143	418	90	27	0.000000	Αγια
5	1	4	1	8	4	249	419	147	21	13.807556	Ἠλιάδου-Στε
4	1	4	1	9	0	45	453	312	29	-1	
5	1	4	1	9	1	45	453	126	28	9.559677	φαμοπούλου,
5	1	4	1	9	2	183	454	110	27	67.492950	θερµότατα
5	1	4	1	9	3	321	455	36	27	33.170433	εὐχι
4	1	4	1	10	0	333	490	63	26	-1	
5	1	4	1	10	1	333	490	63	26	49.626179	τῆς
5	1	4	1	10	2	374	486	26	34	84.016930	ἐ-
4	1	4	1	11	0	46	524	350	28	-1	
5	1	4	1	11	1	46	524	106	28	66.918304	φημερίδος
5	1	4	1	11	2	169	533	46	18	93.296867	µας.
5	1	4	1	11	3	231	526	43	23	86.125549	Σᾶς
5	1	4	1	11	4	289	525	107	27	46.421074	εὐχόμαστε
4	1	4	1	12	0	45	559	350	28	-1	
5	1	4	1	12	1	45	559	57	27	30.098175	ὑγβία
5	1	4	1	12	2	116	560	33	21	58.064686	καὶ
5	1	4	1	12	3	164	561	53	25	79.347519	καλὴ
5	1	4	1	12	4	235	560	102	27	48.425678	ἀνάπτυξη
5	1	4	1	12	5	352	561	43	24	96.646637	στὶς
4	1	4	1	13	0	45	594	349	28	-1	
5	1	4	1	13	1	45	594	78	27	73.928986	δίδυµες
5	1	4	1	13	2	139	595	70	27	92.135986	Μαρία
5	1	4	1	13	3	223	609	30	2	59.870705	--
5	1	4	1	13	4	272	595	74	27	32.787949	"Ἠλένη
5	1	4	1	13	5	362	596	32	21	90.026451	καὶ
4	1	4	1	14	0	46	630	193	27	-1	
5	1	4	1	14	1	46	626	89	36	55.588947	Σοφία--
5	1	4	1	14	2	144	631	95	26	52.757149	Φωπεινὴ.
4	1	4	1	15	0	64	665	183	23	-1	
5	1	4	1	15	1	64	665	21	22	68.112526	9
5	1	4	1	15	2	105	666	24	21	86.557877	Ὁ
5	1	4	1	15	3	145	675	18	13	66.355644	κ.
5	1	4	1	15	4	178	667	27	20	92.229111	Η.
5	1	4	1	15	5	221	667	26	21	58.911140	Ι.
2	1	5	0	0	0	43	701	136	27	-1	
3	1	5	1	0	0	43	701	136	27	-1	
4	1	5	1	1	0	43	701	136	27	-1	
5	1	5	1	1	1	43	703	40	24	87.848335	μᾶς
5	1	5	1	1	2	99	701	80	27	74.941971	γράφει:
2	1	6	0	0	0	337	312	60	21	-1	
3	1	6	1	0	0	337	312	60	21	-1	
4	1	6	1	1	0	337	312	60	21	-1	
5	1	6	1	1	1	337	312	21	21	83.739258	αἱ
5	1	6	1	1	2	369	312	28	21	42.917610	Σ6
2	1	7	0	0	0	321	318	18	19	-1	
3	1	7	1	0	0	321	318	18	19	-1	
4	1	7	1	1	0	321	318	18	19	-1	
5	1	7	1	1	1	321	318	18	19	95.000000	 
2	1	8	0	0	0	319	350	29	2	-1	
3	1	8	1	0	0	319	350	29	2	-1	
4	1	8	1	1	0	319	350	29	2	-1	
5	1	8	1	1	1	319	350	29	2	95.000000	 
2	1	9	0	0	0	304	356	26	13	-1	
3	1	9	1	0	0	304	356	26	13	-1	
4	1	9	1	1	0	304	356	26	13	-1	
5	1	9	1	1	1	304	356	26	13	95.000000	  
2	1	10	0	0	0	330	356	66	19	-1	
3	1	10	1	0	0	330	356	66	19	-1	
4	1	10	1	1	0	330	356	66	19	-1	
5	1	10	1	1	1	330	357	24	12	7.738708	κε
5	1	10	1	1	2	362	356	34	19	69.813408	γιά
2	1	11	0	0	0	343	356	1	13	-1	
3	1	11	1	0	0	343	356	1	13	-1	
4	1	11	1	1	0	343	356	1	13	-1	
5	1	11	1	1	1	343	356	1	13	95.000000	 
2	1	12	0	0	0	368	459	27	22	-1	
3	1	12	1	0	0	368	459	27	22	-1	
4	1	12	1	1	0	368	459	27	22	-1	
5	1	12	1	1	1	368	459	27	22	95.000000	  
2	1	13	0	0	0	385	463	3	8	-1	
3	1	13	1	0	0	385	463	3	8	-1	
4	1	13	1	1	0	385	463	3	8	-1	
5	1	13	1	1	1	385	463	3	8	63.934570	ι
2	1	14	0	0	0	44	489	266	28	-1	
3	1	14	1	0	0	44	489	266	28	-1	
4	1	14	1	1	0	44	489	266	28	-1	
5	1	14	1	1	1	44	490	71	25	77.667236	ατοῦμε
5	1	14	1	1	2	127	489	34	27	94.023941	γιὰ
5	1	14	1	1	3	175	490	33	25	93.198311	τὴν
5	1	14	1	1	4	221	489	89	28	31.422005	ἐνίσιγωση
2	1	15	0	0	0	276	667	69	27	-1	
3	1	15	1	0	0	276	667	69	27	-1	
4	1	15	1	1	0	276	667	69	27	-1	
5	1	15	1	1	1	276	667	69	27	60.821053	ΊΚουρει
2	1	16	0	0	0	194	702	202	26	-1	
3	1	16	1	0	0	194	702	202	26	-1	
4	1	16	1	1	0	194	702	202	26	-1	
5	1	16	1	1	1	194	702	102	26	0.000000	Αγαπητέ
5	1	16	1	1	2	309	711	18	13	47.779419	κ.
5	1	16	1	1	3	339	703	57	20	50.082645	Τιαν-
2	1	17	0	0	0	345	669	50	24	-1	
3	1	17	1	0	0	345	669	50	24	-1	
4	1	17	1	1	0	345	669	50	24	-1	
5	1	17	1	1	1	345	669	50	24	95.000000	 
2	1	18	0	0	0	41	737	354	415	-1	
3	1	18	1	0	0	41	737	354	415	-1	
4	1	18	1	1	0	42	737	352	27	-1	
5	1	18	1	1	1	42	737	85	27	0.000000	γανώνη,
5	1	18	1	1	2	139	737	22	26	48.344749	μέ
5	1	18	1	1	3	172	737	79	26	16.369934	μεγάλη
5	1	18	1	1	4	262	737	53	27	91.718567	χαρὰ
5	1	18	1	1	5	326	737	68	22	88.844406	λαθαί-
4	1	18	1	2	0	43	771	351	23	-1	
5	1	18	1	2	1	43	779	26	13	56.360950	νω
5	1	18	1	2	2	82	771	21	22	93.285202	τὸ
5	1	18	1	2	3	118	767	110	36	60.513985	«ΠΕΩΡΠΙ
5	1	18	1	2	4	243	772	57	22	0.000000	ΣΙ»,
5	1	18	1	2	5	312	773	39	19	38.637894	"Αν
5	1	18	1	2	6	362	773	32	20	93.313438	καὶ
4	1	18	1	3	0	43	806	352	28	-1	
5	1	18	1	3	1	43	806	62	22	88.526505	λείπω
5	1	18	1	3	2	112	806	69	22	85.762802	πολλὰ
5	1	18	1	3	3	191	806	75	28	78.780472	χρόνια,
5	1	18	1	3	4	279	807	23	22	96.735542	τὰ
5	1	18	1	3	5	313	807	82	27	27.911934	διάφορα
4	1	18	1	4	0	44	841	351	28	-1	
5	1	18	1	4	1	44	841	75	27	88.431061	θέµατα
5	1	18	1	4	2	133	842	32	21	92.992317	καὶ
5	1	18	1	4	3	181	842	84	26	86.250534	ὀνόματα
5	1	18	1	4	4	281	845	35	23	90.176163	μοῦ
5	1	18	1	4	5	331	842	47	27	53.129433	θυµί
5	1	18	1	4	6	388	856	7	2	55.518208	-
4	1	18	1	5	0	43	877	352	27	-1	
5	1	18	1	5	1	43	880	43	22	76.907043	ζουν
5	1	18	1	5	2	98	877	24	22	93.294945	τὰ
5	1	18	1	5	3	135	878	45	23	61.505005	δίκὰ
5	1	18	1	5	4	192	886	33	18	91.909302	µου
5	1	18	1	5	5	237	877	81	22	54.494896	παιδικὰ
5	1	18	1	5	6	330	879	26	20	59.405960	κ
5	1	18	1	5	7	375	879	20	20	84.804260	ᾱ-
4	1	18	1	6	0	42	912	351	28	-1	
5	1	18	1	6	1	42	912	79	23	6.042084	νεύθυνα
5	1	18	1	6	2	134	913	67	27	95.369858	χρόνια
5	1	18	1	6	3	212	913	32	21	93.305977	στὸ
5	1	18	1	6	4	256	913	88	27	64.512527	ἀγαπητό
5	1	18	1	6	5	356	921	37	18	95.636795	µας
4	1	18	1	7	0	42	947	351	28	-1	
5	1	18	1	7	1	42	947	130	28	24.987610	Τεωρηήτοι...
5	1	18	1	7	2	184	948	46	21	25.935913	Ἐνὰν
5	1	18	1	7	3	241	948	16	21	96.951019	οἱ
5	1	18	1	7	4	268	948	125	26	22.054802	συμμαθητές
4	1	18	1	8	0	43	984	349	27	-1	
5	1	18	1	8	1	43	991	35	18	82.106857	µου
5	1	18	1	8	2	95	984	115	26	48.258461	Φυμοῦγται:
5	1	18	1	8	3	241	984	151	27	22.069695	προσπαθήσαµε
4	1	18	1	9	0	41	1018	353	28	-1	
5	1	18	1	9	1	41	1018	24	21	86.554031	γὰ
5	1	18	1	9	2	74	1018	105	28	58.955402	φυτέψουµε
5	1	18	1	9	3	191	1019	166	21	40.892555	ΚΙΑΣΓΑΝΙΗΣ
5	1	18	1	9	4	367	1019	27	21	91.993027	πὰ
4	1	18	1	10	0	42	1053	351	29	-1	
5	1	18	1	10	1	42	1062	27	13	69.357933	νω
5	1	18	1	10	2	84	1053	35	23	96.665428	ἀπὸ
5	1	18	1	10	3	133	1054	20	21	93.210686	τὸ
5	1	18	1	10	4	167	1054	66	28	91.129517	χωριὸ,
5	1	18	1	10	5	248	1055	10	25	85.878578	ἡ
5	1	18	1	10	6	274	1054	55	27	64.953156	τάξη
5	1	18	1	10	7	343	1055	50	27	50.886482	Ἄχο-
4	1	18	1	11	0	42	1089	351	28	-1	
5	1	18	1	11	1	42	1089	93	28	26.950096	λαρχβίου
5	1	18	1	11	2	153	1090	148	22	44.574776	1921---1928.
5	1	18	1	11	3	315	1090	25	21	96.571739	Οἱ
5	1	18	1	11	4	355	1092	38	19	92.794807	πολ
4	1	18	1	12	0	41	1125	351	27	-1	
5	1	18	1	12	1	41	1125	37	25	92.258789	λές
5	1	18	1	12	2	91	1125	115	27	54.234123	ἀναμνήσεις
5	1	18	1	12	3	219	1128	31	19	92.764801	τοῦ
5	1	18	1	12	4	261	1125	131	27	76.770721	Γεωργιτσίου
2	1	19	0	0	0	150	964	5	8	-1	
3	1	19	1	0	0	150	964	5	8	-1	
4	1	19	1	1	0	150	964	5	8	-1	
5	1	19	1	1	1	150	964	5	8	95.000000	 
2	1	20	0	0	0	41	1160	352	241	-1	
3	1	20	1	0	0	41	1160	352	241	-1	
4	1	20	1	1	0	42	1160	350	27	-1	
5	1	20	1	1	1	42	1160	23	26	64.699753	μέ
5	1	20	1	1	2	77	1161	64	21	39.819790	ὁφβοῦν
5	1	20	1	1	3	153	1160	24	21	93.211075	νὰ
5	1	20	1	1	4	191	1161	144	26	44.822266	ἀνπαμώσουμε.
5	1	20	1	1	5	349	1162	43	23	1.872818	Σιᾶς
4	1	20	1	2	0	42	1195	349	29	-1	
5	1	20	1	2	1	42	1195	78	28	90.089096	εὔχομαι
5	1	20	1	2	2	136	1195	55	28	91.546654	ὑγεία
5	1	20	1	2	3	202	1196	32	21	30.310776	καὶ
5	1	20	1	2	4	247	1196	70	27	90.970863	πρόοδο
5	1	20	1	2	5	329	1196	34	22	93.305367	στὸ
5	1	20	1	2	6	371	1196	20	28	93.067963	ἔρ
4	1	20	1	3	0	136	1231	256	28	-1	
5	1	20	1	3	1	136	1231	153	25	0.000000	᾿Ἐσωκιλείστως
5	1	20	1	3	2	302	1233	11	25	86.009682	ἡ
5	1	20	1	3	3	326	1234	66	25	80.642296	συνδρο
4	1	20	1	4	0	41	1266	336	28	-1	
5	1	20	1	4	1	41	1267	25	26	65.946518	μή
5	1	20	1	4	2	76	1275	41	18	81.540993	µου.
5	1	20	1	4	3	130	1266	73	28	0.000000	᾿Ελίας
5	1	20	1	4	4	214	1268	26	21	10.677559	Ι.
5	1	20	1	4	5	251	1268	126	26	47.820084	Κουρεμπῆς.
4	1	20	1	5	0	61	1302	331	28	-1	
5	1	20	1	5	1	61	1302	21	21	75.374123	6
5	1	20	1	5	2	102	1310	20	14	45.704803	ν.
5	1	20	1	5	3	141	1311	17	13	28.231018	κ.
5	1	20	1	5	4	174	1303	87	27	39.832420	Μισή
5	1	20	1	5	5	277	1303	21	21	32.471146	Γ,
5	1	20	1	5	6	313	1303	79	21	0.000000	ΚΚαλλι-
4	1	20	1	6	0	41	1337	352	28	-1	
5	1	20	1	6	1	41	1337	93	27	57.542877	µόπουλον
5	1	20	1	6	2	145	1338	23	22	90.487854	Δ.
5	1	20	1	6	3	178	1338	27	22	89.832420	Ν.
5	1	20	1	6	4	217	1337	100	27	32.181488	Ἠπίτιμο,
5	1	20	1	6	5	329	1338	64	27	34.381264	Ἐΐσαη
4	1	20	1	7	0	41	1373	351	28	-1	
5	1	20	1	7	1	41	1373	62	26	52.912441	Ὑβλέα
5	1	20	1	7	2	115	1375	30	20	82.175644	ποῦ
5	1	20	1	7	3	159	1373	76	27	80.010635	᾿Αρείου
5	1	20	1	7	4	250	1373	82	27	74.563614	Πάγου,
5	1	20	1	7	5	347	1374	45	27	84.792099	Χρή
2	1	21	0	0	0	42	1239	81	19	-1	
3	1	21	1	0	0	42	1239	81	19	-1	
4	1	21	1	1	0	42	1239	81	19	-1	
5	1	21	1	1	1	42	1240	23	18	38.278255	Υο
5	1	21	1	1	2	79	1239	44	17	90.605179	σας.
2	1	22	0	0	0	41	1408	352	169	-1	
3	1	22	1	0	0	41	1408	352	169	-1	
4	1	22	1	1	0	53	1408	339	28	-1	
5	1	22	1	1	1	53	1416	30	13	86.347206	του
5	1	22	1	1	2	99	1409	30	21	43.843796	Η.,
5	1	22	1	1	3	141	1408	98	23	40.252220	Νπέλικαν
5	1	22	1	1	4	253	1409	51	21	60.552746	ἀντιν
5	1	22	1	1	5	313	1408	79	28	43.404182	αύαρχον
4	1	22	1	2	0	42	1443	351	28	-1	
5	1	22	1	2	1	42	1452	43	13	14.559158	ε.ᾱ.
5	1	22	1	2	2	100	1443	92	28	63.561905	᾿Ανδρέαν
5	1	22	1	2	3	211	1445	25	21	90.618835	Χ.
5	1	22	1	2	4	251	1444	82	26	83.426323	Χιώτην
5	1	22	1	2	5	349	1444	44	27	79.964478	πρό-
4	1	22	1	3	0	41	1479	351	27	-1	
5	1	22	1	3	1	41	1481	54	25	57.871574	εὗρο)
5	1	22	1	3	2	107	1479	72	27	29.420448	ΟΙΥΕ),
5	1	22	1	3	3	191	1480	75	26	61.083534	Σπῦρον
5	1	22	1	3	4	278	1479	24	22	65.071335	Α..
5	1	22	1	3	5	313	1479	79	22	52.251858	Κάτσον
4	1	22	1	4	0	41	1514	352	28	-1	
5	1	22	1	4	1	41	1515	25	20	93.158920	Οἱ
5	1	22	1	4	2	81	1514	56	28	92.590141	εὐχές
5	1	22	1	4	3	154	1514	31	22	92.918175	καὶ
5	1	22	1	4	4	200	1515	24	21	80.948166	τὰ
5	1	22	1	4	5	250	1514	143	28	78.864891	ἐνθαρρυντικά
4	1	22	1	5	0	41	1550	352	27	-1	
5	1	22	1	5	1	41	1558	36	17	96.684784	σας
5	1	22	1	5	2	87	1550	59	27	93.295753	λόγια
5	1	22	1	5	3	154	1552	40	25	91.643875	μᾶς
5	1	22	1	5	4	204	1552	100	25	32.382828	συγκνοῦν
5	1	22	1	5	5	316	1550	77	22	38.506302	θαβύτα
2	1	23	0	0	0	41	1586	361	26	-1	
3	1	23	1	0	0	41	1586	361	26	-1	
4	1	23	1	1	0	41	1586	361	26	-1	
5	1	23	1	1	1	41	1594	29	13	75.298920	πα.
5	1	23	1	1	2	80	1587	43	23	82.369339	Σᾶς
5	1	23	1	1	3	133	1587	138	25	74.188614	εὐχαριστοῦμε
5	1	23	1	1	4	284	1586	23	21	84.790092	ἐκ
5	1	23	1	1	5	317	1586	85	24	27.943535	θάδους
5	1	23	1	1	6	396	1582	10	34	67.965004	Ἱ
2	1	24	0	0	0	43	1620	211	63	-1	
3	1	24	1	0	0	43	1620	211	63	-1	
4	1	24	1	1	0	43	1620	91	28	-1	
5	1	24	1	1	1	43	1620	91	28	61.949646	καρδίας.
4	1	24	1	2	0	61	1655	193	28	-1	
5	1	24	1	2	1	61	1655	20	21	55.470791	6
5	1	24	1	2	2	103	1656	24	21	81.719696	Ὁ
5	1	24	1	2	3	141	1665	18	12	72.846603	κ.
5	1	24	1	2	4	174	1656	80	27	55.774918	Χαρὰλ.
2	1	25	0	0	0	271	1655	123	28	-1	
3	1	25	1	0	0	271	1655	123	28	-1	
4	1	25	1	1	0	271	1655	123	28	-1	
5	1	25	1	1	1	271	1655	107	28	17.350388	Ανδριανὰ
5	1	25	1	1	2	385	1669	9	2	79.231445	-
2	1	26	0	0	0	213	1688	181	66	-1	
3	1	26	1	0	0	213	1688	181	66	-1	
4	1	26	1	1	0	213	1688	181	66	-1	
5	1	26	1	1	1	213	1688	181	66	95.000000	 
2	1	27	0	0	0	40	1726	352	206	-1	
3	1	27	1	0	0	40	1726	352	206	-1	
4	1	27	1	1	0	41	1726	171	28	-1	
5	1	27	1	1	1	41	1735	40	19	9.502373	ΦΕι:
5	1	27	1	1	2	97	1726	115	27	54.784393	Λαβαίνουμι
4	1	27	1	2	0	41	1762	351	28	-1	
5	1	27	1	2	1	41	1762	174	23	0.000000	«ΠΕΡΩΡΡΕΤΣΕ)
5	1	27	1	2	2	228	1762	32	22	2.225883	μαὶ
5	1	27	1	2	3	273	1765	36	22	93.175751	σᾶς
5	1	27	1	2	4	325	1763	67	27	69.346313	εὐχαρι
4	1	27	1	3	0	41	1797	350	28	-1	
5	1	27	1	3	1	41	1799	68	25	12.403679	σποῦμε,
5	1	27	1	3	2	120	1798	34	27	92.503159	γιὰ
5	1	27	1	3	3	164	1797	37	22	92.503159	ὅλα
5	1	27	1	3	4	212	1797	24	23	91.025711	τά
5	1	27	1	3	5	244	1797	35	22	51.799149	υξα
5	1	27	1	3	6	291	1799	37	20	92.853088	τῶν
5	1	27	1	3	7	342	1806	49	19	51.369896	χωρ.
4	1	27	1	4	0	40	1833	352	27	-1	
5	1	27	1	4	1	40	1835	25	19	82.435104	ὤν
5	1	27	1	4	2	74	1841	40	19	67.404816	µας
5	1	27	1	4	3	124	1835	37	19	96.733658	τῶν
5	1	27	1	4	4	175	1833	87	27	93.654816	Βορείων
5	1	27	1	4	5	274	1833	79	26	51.795353	Δήμων.
5	1	27	1	4	6	355	1833	37	22	51.795353	Γιά
4	1	27	1	5	0	40	1868	211	27	-1	
5	1	27	1	5	1	40	1871	38	24	84.901962	μᾶς
5	1	27	1	5	2	92	1870	37	20	92.648659	ἐδῶ
5	1	27	1	5	3	143	1868	47	23	73.019814	εἶναι
5	1	27	1	5	4	205	1869	46	24	16.343292	ἕνας
4	1	27	1	6	0	41	1904	208	28	-1	
5	1	27	1	6	1	41	1904	28	21	91.591736	Νὰ
5	1	27	1	6	2	81	1904	116	28	63.801315	συνεχίσετε.
5	1	27	1	6	3	215	1904	34	21	91.000259	Μέ
2	1	28	0	0	0	169	1878	36	12	-1	
3	1	28	1	0	0	169	1878	36	12	-1	
4	1	28	1	1	0	169	1878	36	12	-1	
5	1	28	1	1	1	169	1878	36	12	95.000000	 
2	1	29	0	0	0	40	1870	352	132	-1	
3	1	29	1	0	0	40	1870	352	132	-1	
4	1	29	1	1	0	281	1870	110	25	-1	
5	1	29	1	1	1	281	1869	110	26	74.009781	σύνδεσμος.
4	1	29	1	2	0	262	1904	129	27	-1	
5	1	29	1	2	1	262	1904	86	25	96.013359	πολλούς
5	1	29	1	2	2	359	1913	32	18	52.994522	χα!
4	1	29	1	3	0	40	1940	352	28	-1	
5	1	29	1	3	1	40	1940	100	28	37.277126	ρεπισμούς
5	1	29	1	3	2	155	1940	139	27	81.147430	Χαράλαμίπος
5	1	29	1	3	3	311	1940	81	27	53.609653	᾿Ανδρια
4	1	29	1	4	0	41	1976	70	26	-1	
5	1	29	1	4	1	41	1976	70	26	2.204544	υάης.
2	1	30	0	0	0	49	2018	343	3	-1	
3	1	30	1	0	0	49	2018	343	3	-1	
4	1	30	1	1	0	49	2018	343	3	-1	
5	1	30	1	1	1	49	2018	343	3	95.000000	 
2	1	31	0	0	0	125	2049	184	35	-1	
3	1	31	1	0	0	125	2049	184	35	-1	
4	1	31	1	1	0	125	2049	184	35	-1	
5	1	31	1	1	1	125	2049	184	35	88.143295	ΑΛΕΥΡΟΥ
2	1	32	0	0	0	41	2105	352	270	-1	
3	1	32	1	0	0	41	2105	352	270	-1	
4	1	32	1	1	0	70	2105	323	28	-1	
5	1	32	1	1	1	70	2107	31	25	11.927887	Τὴἡ
5	1	32	1	1	2	116	2105	87	28	96.427727	Δευτέρα
5	1	32	1	1	3	217	2107	31	21	92.094109	τοῦ
5	1	32	1	1	4	266	2106	77	27	7.656082	Πάσχα
5	1	32	1	1	5	357	2106	36	21	30.944435	2ῖ-
4	1	32	1	2	0	43	2141	349	28	-1	
5	1	32	1	2	1	43	2142	75	27	25.772888	ᾱ----δ1,
5	1	32	1	2	2	132	2141	22	27	56.469315	μέ
5	1	32	1	2	3	168	2141	79	27	53.320175	µεγάλη
5	1	32	1	2	4	263	2142	70	26	89.317169	συρροὴ
5	1	32	1	2	5	362	2141	30	22	41.521358	αχό-
4	1	32	1	3	0	41	2177	351	27	-1	
5	1	32	1	3	1	41	2185	52	19	87.804520	σµου,
5	1	32	1	3	2	108	2177	96	27	92.207092	ἑορτάσθη
5	1	32	1	3	3	219	2177	22	26	52.194996	μέ
5	1	32	1	3	4	256	2177	136	27	2.490013	Φρησπευτικὴ
4	1	32	1	4	0	41	2212	351	27	-1	
5	1	32	1	4	1	41	2212	103	27	14.445412	πατὰνυξη
5	1	32	1	4	2	157	2213	12	25	90.575645	ἡ
5	1	32	1	4	3	181	2212	65	26	2.133942	υμλήµη
5	1	32	1	4	4	262	2214	32	20	91.289352	τοῦ
5	1	32	1	4	5	311	2213	9	20	41.485767	Ἡ
5	1	32	1	4	6	336	2212	56	21	90.769028	ολυού
4	1	32	1	5	0	41	2247	351	28	-1	
5	1	32	1	5	1	41	2255	32	20	88.512886	χου
5	1	32	1	5	2	85	2248	44	27	51.677402	Αγ.
5	1	32	1	5	3	141	2247	99	27	21.039818	Γεωργίου
5	1	32	1	5	4	253	2250	31	20	93.278046	τοῦ
5	1	32	1	5	5	296	2250	96	23	49.476856	θαυματου
4	1	32	1	6	0	226	2282	166	27	-1	
5	1	32	1	6	1	226	2282	110	27	44.837006	Ἠτελέσθη
5	1	32	1	6	2	345	2282	47	23	50.919910	θεία
4	1	32	1	7	0	229	2318	162	27	-1	
5	1	32	1	7	1	229	2318	81	27	26.573868	ὀμίλησε
5	1	32	1	7	2	325	2320	8	20	91.463387	ὁ
5	1	32	1	7	3	348	2319	43	26	37.678982	ἐφι-
4	1	32	1	8	0	284	2354	108	21	-1	
5	1	32	1	8	1	284	2354	108	21	55.008018	Κολλινιὰ-
2	1	33	0	0	0	249	2193	10	3	-1	
3	1	33	1	0	0	249	2193	10	3	-1	
4	1	33	1	1	0	249	2193	10	3	-1	
5	1	33	1	1	1	249	2193	10	3	95.000000	 
2	1	34	0	0	0	41	2284	163	27	-1	
3	1	34	1	0	0	41	2284	163	27	-1	
4	1	34	1	1	0	41	2284	163	27	-1	
5	1	34	1	1	1	41	2286	45	25	0.000000	ϱΥοῦ
5	1	34	1	1	2	97	2284	107	27	45.404259	᾽Αλευροῦς
2	1	35	0	0	0	208	2302	3	3	-1	
3	1	35	1	0	0	208	2302	3	3	-1	
4	1	35	1	1	0	208	2302	3	3	-1	
5	1	35	1	1	1	208	2302	3	3	95.000000	 
2	1	36	0	0	0	165	2314	51	28	-1	
3	1	36	1	0	0	165	2314	51	28	-1	
4	1	36	1	1	0	165	2314	51	28	-1	
5	1	36	1	1	1	165	2314	51	28	95.000000	 
2	1	37	0	0	0	41	2318	212	64	-1	
3	1	37	1	0	0	41	2318	212	64	-1	
4	1	37	1	1	0	41	2318	114	28	-1	
5	1	37	1	1	1	41	2318	114	28	86.328209	λειπουργία
4	1	37	1	2	0	41	2354	212	28	-1	
5	1	37	1	2	1	41	2354	65	28	86.021759	µέριος
5	1	37	1	2	2	120	2364	18	12	92.399269	π.
5	1	37	1	2	3	151	2355	102	26	85.000908	Γεώργιος
2	1	38	0	0	0	128	2433	72	53	-1	
3	1	38	1	0	0	128	2433	72	53	-1	
4	1	38	1	1	0	131	2433	69	28	-1	
5	1	38	1	1	1	131	2433	69	28	95.000000	  
4	1	38	1	2	0	128	2461	65	25	-1	
5	1	38	1	2	1	128	2461	65	25	95.000000	 
2	1	39	0	0	0	42	2399	350	95	-1	
3	1	39	1	0	0	42	2399	350	89	-1	
4	1	39	1	1	0	43	2399	43	18	-1	
5	1	39	1	1	1	43	2399	43	18	87.091415	της.
4	1	39	1	2	0	68	2425	323	27	-1	
5	1	39	1	2	1	68	2426	29	21	16.487106	“Ῥὸ
5	1	39	1	2	2	112	2425	99	22	85.928886	ἀπόγευμα
5	1	39	1	2	3	224	2426	37	26	93.277802	στὴ
5	1	39	1	2	4	273	2427	92	25	53.325066	πλατεῖα,
5	1	39	1	2	5	376	2426	15	21	96.988960	οἱ
4	1	39	1	3	0	42	2458	350	36	-1	
5	1	39	1	3	1	42	2458	83	36	28.980057	ὀργανοι.
5	1	39	1	3	2	196	2463	32	20	92.894699	ποῦ
5	1	39	1	3	3	239	2463	71	25	78.492004	χωριοῦ
5	1	39	1	3	4	340	2461	52	27	78.492004	ἄρχι-
2	1	40	0	0	0	41	2496	351	168	-1	
3	1	40	1	0	0	41	2496	351	168	-1	
4	1	40	1	1	0	41	2496	351	28	-1	
5	1	40	1	1	1	41	2505	33	13	74.044991	σαν
5	1	40	1	1	2	86	2496	23	22	95.221504	νὰ
5	1	40	1	1	3	121	2496	77	27	76.699692	παίζουν
5	1	40	1	1	4	212	2496	24	22	92.834862	τὰ
5	1	40	1	1	5	248	2496	63	28	83.431076	ὡραία
5	1	40	1	1	6	324	2498	68	24	55.670464	δηµοπι
4	1	40	1	2	0	41	2531	351	29	-1	
5	1	40	1	2	1	41	2532	26	22	42.569191	χὰ
5	1	40	1	2	2	80	2540	36	19	94.380249	µας
5	1	40	1	2	3	131	2532	112	28	94.695045	τραγούδια,
5	1	40	1	2	4	258	2532	32	21	43.408142	καὶ
5	1	40	1	2	5	308	2531	23	27	41.320236	μέ
5	1	40	1	2	6	344	2532	48	21	96.550880	πολὺ
4	1	40	1	3	0	42	2567	221	28	-1	
5	1	40	1	3	1	42	2568	42	27	63.400696	κέφι
5	1	40	1	3	2	101	2567	162	28	0.000000	σχηματίστηκαν
4	1	40	1	4	0	41	2603	351	28	-1	
5	1	40	1	4	1	41	2605	49	23	86.711571	πλες
5	1	40	1	4	2	103	2605	63	26	85.927338	χοροῦ.
5	1	40	1	4	3	182	2603	134	23	3.799011	Συηετόλεσαν
5	1	40	1	4	4	331	2603	32	21	40.352753	καὶ
5	1	40	1	4	5	377	2603	15	21	96.995338	οἱ
4	1	40	1	5	0	312	2638	80	26	-1	
5	1	40	1	5	1	312	2638	80	26	91.066139	μεζέδες
2	1	41	0	0	0	42	2639	246	27	-1	
3	1	41	1	0	0	42	2639	246	27	-1	
4	1	41	1	1	0	42	2639	246	27	-1	
5	1	41	1	1	1	42	2639	79	27	4.143135	ἄφφδονοι
5	1	41	1	1	2	135	2639	32	22	62.417404	καὶ
5	1	41	1	1	3	196	2639	92	22	22.919289	ἐκλετοὶ
2	1	42	0	0	0	143	2673	250	28	-1	
3	1	42	1	0	0	143	2673	250	28	-1	
4	1	42	1	1	0	143	2673	250	28	-1	
5	1	42	1	1	1	143	2682	34	14	44.240093	παν
5	1	42	1	1	2	191	2674	24	22	93.873650	τὰ
5	1	42	1	1	3	227	2674	96	27	54.008667	μαγαζιά,
5	1	42	1	1	4	335	2674	11	26	91.075211	ἡ
5	1	42	1	1	5	357	2673	36	27	36.757717	μπύ
2	1	43	0	0	0	334	2652	15	15	-1	
3	1	43	1	0	0	334	2652	15	15	-1	
4	1	43	1	1	0	334	2652	15	15	-1	
5	1	43	1	1	1	334	2652	15	15	95.000000	  
2	1	44	0	0	0	105	2676	42	20	-1	
3	1	44	1	0	0	105	2676	42	20	-1	
4	1	44	1	1	0	105	2676	42	20	-1	
5	1	44	1	1	1	105	2676	42	20	95.000000	 
2	1	45	0	0	0	41	2675	352	132	-1	
3	1	45	1	0	0	41	2675	351	132	-1	
4	1	45	1	1	0	41	2675	63	21	-1	
5	1	45	1	1	1	41	2675	33	21	96.707642	ποὺ
5	1	45	1	1	2	86	2676	18	19	78.823776	δι
4	1	45	1	2	0	41	2709	352	43	-1	
5	1	45	1	2	1	41	2718	24	20	29.412636	ρα
5	1	45	1	2	2	74	2710	32	22	89.886971	καὶ
5	1	45	1	2	3	117	2710	20	22	93.288483	τὸ
5	1	45	1	2	4	148	2710	84	23	52.756844	ἐκλεικτὸ
5	1	45	1	2	5	242	2709	65	43	37.821232	αρασὶ,
5	1	45	1	2	6	318	2709	51	27	93.305443	Τὸ
5	1	45	1	2	7	382	2709	11	21	89.082977	γλέ
4	1	45	1	3	0	41	2745	352	47	-1	
5	1	45	1	3	1	41	2754	28	13	63.516026	ντι
5	1	45	1	3	2	80	2746	86	27	90.453606	κράτησε
5	1	45	1	3	3	174	2754	25	18	16.064384	μέ
5	1	45	1	3	4	191	2745	59	47	9.359451	μη
5	1	45	1	3	5	243	2745	34	22	96.934113	τὰ
5	1	45	1	3	6	290	2745	103	27	50.845032	μεσάνυχτα.
4	1	45	1	4	0	234	2780	158	27	-1	
5	1	45	1	4	1	234	2789	8	13	80.333191	ὁ
5	1	45	1	4	2	258	2780	134	27	71.825470	καθιερωμένο
2	1	46	0	0	0	41	2778	353	243	-1	
3	1	46	1	0	0	41	2778	353	243	-1	
4	1	46	1	1	0	71	2778	118	34	-1	
5	1	46	1	1	1	71	2781	7	7	0.000000	η
5	1	46	1	1	2	83	2778	62	34	0.000000	Βηινε,
5	1	46	1	1	3	157	2781	32	21	73.271820	καὶ
4	1	46	1	2	0	41	2789	352	55	-1	
5	1	46	1	2	1	41	2817	58	26	49.787872	ἔφιμο
5	1	46	1	2	2	110	2819	30	20	90.096916	τοῦ
5	1	46	1	2	3	152	2818	78	26	90.096916	χωριοῦ.
5	1	46	1	2	4	234	2789	39	48	31.717979	τὰ
5	1	46	1	2	5	286	2816	64	27	92.940323	ἄλογα
5	1	46	1	2	6	359	2823	34	15	96.359772	στο
4	1	46	1	3	0	41	2851	352	28	-1	
5	1	46	1	3	1	41	2852	81	27	62.294640	λισμένα
5	1	46	1	3	2	153	2852	78	27	0.000000	Ἰύρήσαυ
5	1	46	1	3	3	246	2851	31	22	85.493271	τὸν
5	1	46	1	3	4	306	2851	87	27	60.510002	᾿Αφέντη
4	1	46	1	4	0	42	2887	352	28	-1	
5	1	46	1	4	1	42	2883	55	37	10.519722	“Αη-
5	1	46	1	4	2	114	2887	80	28	66.321686	Γιώργη
5	1	46	1	4	3	216	2887	155	26	30.733604	ἀκολουθούμενα
5	1	46	1	4	4	382	2887	12	20	91.714355	ἆ
4	1	46	1	5	0	41	2922	351	28	-1	
5	1	46	1	5	1	41	2923	23	22	92.275986	πὸ
5	1	46	1	5	2	75	2923	24	22	93.057175	τά
5	1	46	1	5	3	110	2925	73	25	70.441086	ὄργανα
5	1	46	1	5	4	195	2923	33	21	27.730034	καὶ
5	1	46	1	5	5	241	2922	151	28	8.635521	τραγουδώητας
4	1	46	1	6	0	42	2957	350	29	-1	
5	1	46	1	6	1	42	2958	21	22	93.277695	τὸ
5	1	46	1	6	2	77	2958	160	28	53.781284	πατροπαράδοτο
5	1	46	1	6	3	268	2957	124	28	29.537582	Ἀκογραφικὸ
4	1	46	1	7	0	44	2994	99	27	-1	
5	1	46	1	7	1	44	2994	99	27	13.761017	τραγούδι:
2	1	47	0	0	0	56	3029	145	28	-1	
3	1	47	1	0	0	56	3029	145	28	-1	
4	1	47	1	1	0	56	3029	145	28	-1	
5	1	47	1	1	1	56	3031	23	20	0.000000	Τν
5	1	47	1	1	2	94	3029	79	28	1.010269	ἀῑῥώνι,
5	1	47	1	1	3	186	3031	15	21	25.035500	τ’
2	1	48	0	0	0	215	3028	178	28	-1	
3	1	48	1	0	0	215	3028	178	28	-1	
4	1	48	1	1	0	220	3028	170	9	-1	
5	1	48	1	1	1	220	3031	31	6	11.206329	ο
5	1	48	1	1	2	356	3028	34	7	16.638786	αν
4	1	48	1	2	0	215	3037	178	19	-1	
5	1	48	1	2	1	215	3038	100	18	0.000000	αηζώναλι
5	1	48	1	2	2	328	3038	33	12	25.229774	αι
5	1	48	1	2	3	372	3037	21	13	25.229774	το
2	1	49	0	0	0	432	40	676	49	-1	
3	1	49	1	0	0	432	40	676	49	-1	
4	1	49	1	1	0	432	40	676	49	-1	
5	1	49	1	1	1	432	40	215	41	91.289932	᾿Επιστολή
5	1	49	1	1	2	671	44	73	37	93.301292	τοῦ
5	1	49	1	1	3	764	40	344	49	62.243328	Σεθασµιωτατου
2	1	50	0	0	0	622	104	293	6	-1	
3	1	50	1	0	0	622	104	293	6	-1	
4	1	50	1	1	0	622	104	293	6	-1	
5	1	50	1	1	1	622	104	293	6	95.000000	 
2	1	51	0	0	0	366	129	758	58	-1	
3	1	51	1	0	0	366	129	758	58	-1	
4	1	51	1	1	0	366	129	758	27	-1	
5	1	51	1	1	1	366	143	30	13	82.361633	αοι
5	1	51	1	1	2	417	129	164	22	83.538559	ΓΡΑΜΜΕΝΗ
5	1	51	1	1	3	592	130	41	21	92.872902	ΜΕ
5	1	51	1	1	4	644	129	124	22	92.386124	ΠΟΛΛΗΝ
5	1	51	1	1	5	779	129	100	22	92.555504	ΑΓΑΠΗ
5	1	51	1	1	6	891	130	48	21	88.467873	ΓΙΑ
5	1	51	1	1	7	952	129	60	22	95.441246	ΤΗΝ
5	1	51	1	1	8	1023	130	101	21	96.585052	ΑΓΑΠΗ
4	1	51	1	2	0	392	165	731	22	-1	
5	1	51	1	2	1	392	165	100	21	36.902103	«ΙΠΡΟΣ
5	1	51	1	2	2	503	165	76	21	96.568947	ΚΑΘΕ
5	1	51	1	2	3	593	166	110	21	90.704506	ΕΥΣΕΒΗ
5	1	51	1	2	4	714	165	185	21	92.304260	ΧΡΙΣΤΙΑΝΟΝ
5	1	51	1	2	5	912	166	58	21	93.297867	ΤΗΣ
5	1	51	1	2	6	980	165	143	22	91.789505	ΜΗΤΡΟΠΟ
2	1	52	0	0	0	416	200	707	205	-1	
3	1	52	1	0	0	416	200	707	205	-1	
4	1	52	1	1	0	416	200	705	26	-1	
5	1	52	1	1	1	416	200	78	21	90.484688	ΛΕΩΣ
5	1	52	1	1	2	507	201	68	25	96.821892	ΜΟΥ,
5	1	52	1	1	3	589	201	76	21	96.492126	ΠΡΟΣ
5	1	52	1	1	4	678	201	77	21	93.303276	ΚΑΘΕ
5	1	52	1	1	5	767	201	147	21	92.569351	ΑΠΟΔΗΜΟ
5	1	52	1	1	6	928	201	122	21	92.306549	ΛΑΚΩΝΑ
5	1	52	1	1	7	1073	201	48	21	95.702110	ΚΑΙ
4	1	52	1	2	0	417	236	342	22	-1	
5	1	52	1	2	1	417	237	77	20	96.542160	ΠΡΟΣ
5	1	52	1	2	2	504	237	76	21	91.971436	ΚΑΘΕ
5	1	52	1	2	3	590	236	169	22	91.654907	ΑΝΘΡΩΠΟΝ.
4	1	52	1	3	0	553	270	438	28	-1	
5	1	52	1	3	1	553	270	86	28	0.000000	᾽Αδελφέ
5	1	52	1	3	2	651	279	40	19	93.270294	µου,
5	1	52	1	3	3	701	270	108	27	54.857239	ζητιαπεύω
5	1	52	1	3	4	820	271	33	26	92.605972	τήν
5	1	52	1	3	5	865	270	76	28	0.000000	ἀγάπη)
5	1	52	1	3	6	952	279	39	19	96.137817	σου,
4	1	52	1	4	0	445	306	678	28	-1	
5	1	52	1	4	1	445	306	34	21	57.443600	Πέ
5	1	52	1	4	2	491	306	21	22	93.286087	τό
5	1	52	1	4	3	522	306	59	25	89.356117	ἔλεος
5	1	52	1	4	4	593	308	31	20	93.282791	τοῦ
5	1	52	1	4	5	635	306	72	28	0.000000	Γζυρίου
5	1	52	1	4	6	721	314	37	19	91.774498	µιας
5	1	52	1	4	7	770	306	136	28	83.729729	διαποιµαίνω,
5	1	52	1	4	8	918	306	37	22	95.682861	ἀπό
5	1	52	1	4	9	966	306	31	23	58.365791	τὸν
5	1	52	1	4	10	1013	306	110	28	12.129982	᾿Οντώθρι-
4	1	52	1	5	0	417	341	706	29	-1	
5	1	52	1	5	1	417	349	19	14	92.842049	ον
5	1	52	1	5	2	453	344	32	19	95.419373	τοῦ
5	1	52	1	5	3	499	341	62	29	64.271576	1960,
5	1	52	1	5	4	575	342	34	26	93.292152	τήν
5	1	52	1	5	5	623	341	73	28	91.688042	ὡραίαν
5	1	52	1	5	6	711	342	130	27	0.000000	ἸΜητρόπολυ
5	1	52	1	5	7	855	341	142	28	59.416584	Μονεμθασίας
5	1	52	1	5	8	1010	342	33	22	77.126587	καὶ
5	1	52	1	5	9	1057	342	66	28	53.318375	Σπὰρ-
4	1	52	1	6	0	417	377	351	28	-1	
5	1	52	1	6	1	417	385	37	18	94.628967	της
5	1	52	1	6	2	467	377	35	22	96.626060	πού
5	1	52	1	6	3	514	377	41	28	92.984573	ἔχει
5	1	52	1	6	4	569	377	130	27	81.688065	εὐλογημένον
5	1	52	1	6	5	712	377	56	28	89.944183	λαόν,
2	1	53	0	0	0	764	279	18	13	-1	
3	1	53	1	0	0	764	279	18	13	-1	
4	1	53	1	1	0	764	279	18	13	-1	
5	1	53	1	1	1	764	279	18	13	95.000000	 
2	1	54	0	0	0	414	377	709	488	-1	
3	1	54	1	0	0	414	377	709	488	-1	
4	1	54	1	1	0	782	377	341	28	-1	
5	1	54	1	1	1	782	377	55	27	87.260887	εἶμαι
5	1	54	1	1	2	849	377	20	22	68.821060	δέ
5	1	54	1	1	3	884	377	114	28	88.681976	ἀφάνταστα
5	1	54	1	1	4	1012	378	111	26	42.737480	ἵκαμαποιη-
4	1	54	1	2	0	521	412	592	8	-1	
5	1	54	1	2	1	521	412	4	7	0.000000	ἤ
5	1	54	1	2	2	605	413	4	6	0.000000	ν
5	1	54	1	2	3	727	412	5	7	0.000000	ην
5	1	54	1	2	4	851	413	4	7	24.023811	ον
5	1	54	1	2	5	887	413	4	7	31.776794	ολ
5	1	54	1	2	6	923	413	5	7	0.000000	σ
5	1	54	1	2	7	1034	414	49	5	20.952385	τρ
5	1	54	1	2	8	1109	413	4	6	0.000000	αῇ
4	1	54	1	3	0	416	414	706	27	-1	
5	1	54	1	3	1	416	412	58	27	58.021107	μένος
5	1	54	1	3	2	492	421	33	13	52.718121	καὶ
5	1	54	1	3	3	540	414	73	20	4.872437	θαδειὰ
5	1	54	1	3	4	627	421	140	19	70.478622	συγκινηµένος
5	1	54	1	3	5	783	421	35	14	93.110405	ἀπό
5	1	54	1	3	6	834	421	24	15	93.289993	τὰ
5	1	54	1	3	7	870	415	116	25	23.893501	«αἰσθήματα
5	1	54	1	3	8	998	421	66	20	88.511139	τιμῆς,
5	1	54	1	3	9	1075	422	47	18	79.099380	ἀγά-
4	1	54	1	4	0	416	448	705	28	-1	
5	1	54	1	4	1	416	456	39	19	90.930573	πης
5	1	54	1	4	2	468	448	34	22	32.733231	Χαί
5	1	54	1	4	3	515	450	93	25	91.259773	σεθασμοῦ
5	1	54	1	4	4	622	450	31	20	93.291977	τοῦ
5	1	54	1	4	5	666	450	48	20	54.841156	λιαοῦ
5	1	54	1	4	6	730	449	63	27	96.500427	αὐτοῦ,
5	1	54	1	4	7	806	448	48	28	83.836784	πρός
5	1	54	1	4	8	868	449	34	26	69.648659	τή)
5	1	54	1	4	9	917	448	147	28	27.445366	ἐλαχισπότητὰ
5	1	54	1	4	10	1080	457	41	19	66.751450	µου.
4	1	54	1	5	0	416	484	707	28	-1	
5	1	54	1	5	1	416	484	146	27	72.665451	Ἰαθημερινῶς
5	1	54	1	5	2	578	484	65	28	49.805485	χίλιες
5	1	54	1	5	3	657	484	32	22	92.387131	δυό
5	1	54	1	5	4	701	484	99	28	40.079025	εὐγκαιρίες
5	1	54	1	5	5	813	486	33	25	89.413803	μοῦ
5	1	54	1	5	6	860	484	85	22	93.857643	δίδονται
5	1	54	1	5	7	958	484	34	28	96.698692	γιὰ
5	1	54	1	5	8	1003	484	24	22	93.293053	νὰ
5	1	54	1	5	9	1040	484	83	22	57.240448	ἀπευθύ-
4	1	54	1	6	0	439	519	671	8	-1	
5	1	54	1	6	1	439	520	3	4	13.232956	ἷ
5	1	54	1	6	2	521	519	4	7	46.151527	ας
5	1	54	1	6	3	568	519	4	7	0.184189	τά
5	1	54	1	6	4	656	519	5	7	27.113464	ν
5	1	54	1	6	5	776	519	98	8	6.119682	ον
5	1	54	1	6	6	905	519	47	8	45.839275	ος
5	1	54	1	6	7	1032	519	78	8	4.009132	ας.
4	1	54	1	7	0	416	520	706	27	-1	
5	1	54	1	7	1	416	527	62	19	4.614754	γωμιι
5	1	54	1	7	2	491	527	48	19	83.485199	πρός
5	1	54	1	7	3	553	527	31	14	89.684296	τόν
5	1	54	1	7	4	601	520	128	27	35.858315	Πανὰγαδον
5	1	54	1	7	5	743	520	49	22	92.929131	Θεό)
5	1	54	1	7	6	807	528	33	13	74.253967	καὶ
5	1	54	1	7	7	852	528	25	13	96.256836	νὰ
5	1	54	1	7	8	890	528	31	13	93.250687	τόν
5	1	54	1	7	9	936	528	108	19	88.812218	εὐχαριστῶ
5	1	54	1	7	10	1062	529	22	17	73.004707	µέ
5	1	54	1	7	11	1093	529	29	12	88.730659	εὖ-
4	1	54	1	8	0	416	554	706	29	-1	
5	1	54	1	8	1	416	555	131	27	20.004562	Ἰνωμιοσύνην,
5	1	54	1	8	2	565	555	53	27	37.948219	Ὑιατί
5	1	54	1	8	3	633	555	22	27	85.796463	µέ
5	1	54	1	8	4	670	555	109	27	60.949482	κατέστησε
5	1	54	1	8	5	794	554	102	23	40.913334	ἐπίσκοπο)
5	1	54	1	8	6	913	556	61	26	94.378410	αὐτῆς
5	1	54	1	8	7	989	557	36	25	92.800880	τῆς
5	1	54	1	8	8	1040	556	82	27	52.222054	εὐλογη-
4	1	54	1	9	0	416	590	387	28	-1	
5	1	54	1	9	1	416	590	61	27	49.924831	µένης
5	1	54	1	9	2	488	591	185	26	5.086151	Ἐλκλησιαστικῆς
5	1	54	1	9	3	684	590	119	28	37.157940	Επαρχίας.
4	1	54	1	10	0	448	625	674	29	-1	
5	1	54	1	10	1	448	626	73	26	17.147865	"Όμως
5	1	54	1	10	2	533	626	34	21	87.926041	στό
5	1	54	1	10	3	577	625	45	28	67.833702	λίγο
5	1	54	1	10	4	636	626	46	22	92.610580	αὐτό
5	1	54	1	10	5	693	626	97	27	0.000000	διάστηµα
5	1	54	1	10	6	801	626	35	22	93.263588	πού
5	1	54	1	10	7	847	627	27	25	87.972229	ζῶ
5	1	54	1	10	8	890	626	87	27	88.901169	ἀνὰμεσὰ
5	1	54	1	10	9	988	634	44	20	93.302475	σας,
5	1	54	1	10	10	1043	626	35	22	90.763458	σὰν
5	1	54	1	10	11	1086	635	36	13	56.557190	πα-
4	1	54	1	11	0	432	660	689	8	-1	
5	1	54	1	11	1	432	660	4	7	24.068817	ῃ
5	1	54	1	11	2	800	662	25	6	14.667702	αν
5	1	54	1	11	3	1013	662	4	6	17.007835	η
5	1	54	1	11	4	1113	664	8	3	0.000000	-
4	1	54	1	12	0	417	661	704	29	-1	
5	1	54	1	12	1	417	669	60	20	85.241859	τέρως
5	1	54	1	12	2	493	669	37	17	93.230331	σας
5	1	54	1	12	3	543	661	33	22	85.818314	χαί
5	1	54	1	12	4	589	661	34	22	93.064713	σὰν
5	1	54	1	12	5	641	661	86	28	70.641472	ἀδελφός
5	1	54	1	12	6	740	670	44	19	93.306213	σας,
5	1	54	1	12	7	798	661	58	25	66.453781	ἐκτός
5	1	54	1	12	8	870	661	36	22	96.722015	ἀπό
5	1	54	1	12	9	921	662	34	26	67.994980	τή)
5	1	54	1	12	10	968	670	62	20	93.012268	χαρὰν
5	1	54	1	12	11	1043	661	36	22	92.882812	πού
5	1	54	1	12	12	1086	670	35	18	88.817177	μοῦ
4	1	54	1	13	0	502	697	619	43	-1	
5	1	54	1	13	1	502	705	29	13	27.620338	οὐν
5	1	54	1	13	2	545	697	15	21	97.011772	οἱ
5	1	54	1	13	3	572	697	78	28	92.379837	πολλοί,
5	1	54	1	13	4	664	697	99	26	44.155266	δοκιµιάζω
5	1	54	1	13	5	775	697	48	22	75.700516	κα
5	1	54	1	13	6	821	697	89	27	12.303070	μεγάλην
5	1	54	1	13	7	922	698	70	42	20.435074	ην
5	1	54	1	13	8	1008	697	34	22	93.044701	πού
5	1	54	1	13	9	1054	697	67	22	69.244064	ἀθελὰ
4	1	54	1	14	0	450	732	672	27	-1	
5	1	54	1	14	1	450	740	10	16	90.182503	ς
5	1	54	1	14	2	474	734	34	24	90.446037	μοῦ
5	1	54	1	14	3	525	734	127	25	32.559624	δημιιουργοῦν
5	1	54	1	14	4	667	732	16	22	96.686317	οἱ
5	1	54	1	14	5	702	732	60	27	86.109039	λίγοι,
5	1	54	1	14	6	777	732	41	22	56.806107	Καΐ
5	1	54	1	14	7	834	732	53	22	93.015045	αὐτοί
5	1	54	1	14	8	901	732	35	22	85.286278	πού
5	1	54	1	14	9	951	732	22	27	78.341782	µέ
5	1	54	1	14	10	988	732	68	22	21.884148	χἀνούν
5	1	54	1	14	11	1070	732	25	22	62.467266	"ὰ
5	1	54	1	14	12	1104	733	18	21	92.473167	ὑ-
4	1	54	1	15	0	415	767	706	27	-1	
5	1	54	1	15	1	415	767	77	27	90.539932	ποφέρω
5	1	54	1	15	2	524	775	26	13	96.517494	εἶναι
5	1	54	1	15	3	567	768	16	20	93.285362	οἱ
5	1	54	1	15	4	599	767	97	26	89.391930	ἂνθρωποι
5	1	54	1	15	5	713	767	34	21	88.344620	πού
5	1	54	1	15	6	762	767	92	27	16.351227	πὰσιουν,
5	1	54	1	15	7	869	767	34	21	96.206726	πού
5	1	54	1	15	8	919	767	137	26	61.652805	δοκιμάζονται
5	1	54	1	15	9	1083	767	38	22	92.575470	ἀπό
4	1	54	1	16	0	416	801	706	43	-1	
5	1	54	1	16	1	416	801	33	27	47.148151	τή)
5	1	54	1	16	2	463	802	109	27	83.221756	ἀρρώστιαν
5	1	54	1	16	3	585	801	33	23	87.434677	καὶ
5	1	54	1	16	4	633	803	170	26	90.496773	ταλαιπωροῦνται
5	1	54	1	16	5	817	801	36	22	95.632919	ἀπό
5	1	54	1	16	6	865	802	34	26	91.445839	τήν
5	1	54	1	16	7	911	801	97	43	0.000000	ἀνέγειη.
5	1	54	1	16	8	1021	802	56	22	64.289352	Ἐνναι
5	1	54	1	16	9	1091	803	31	20	45.376846	αὐ-
4	1	54	1	17	0	414	837	572	28	-1	
5	1	54	1	17	1	414	837	30	21	47.376369	ποί
5	1	54	1	17	2	457	837	34	22	92.976135	πού
5	1	54	1	17	3	503	839	114	26	84.862503	στεροῦνται
5	1	54	1	17	4	630	837	34	22	73.750885	καὶ
5	1	54	1	17	5	678	837	24	23	93.089203	τὰ
5	1	54	1	17	6	714	837	31	22	91.214951	πιὸ
5	1	54	1	17	7	763	837	127	28	61.024967	ἀπαραίτητα
5	1	54	1	17	8	901	837	34	28	95.295403	γιὰ
5	1	54	1	17	9	953	838	33	26	95.765266	τήν
2	1	55	0	0	0	415	696	86	41	-1	
3	1	55	1	0	0	415	696	86	41	-1	
4	1	55	1	1	0	415	696	86	41	-1	
5	1	55	1	1	1	415	696	86	41	95.000000	  
2	1	56	0	0	0	487	763	37	25	-1	
3	1	56	1	0	0	487	763	37	25	-1	
4	1	56	1	1	0	487	763	37	25	-1	
5	1	56	1	1	1	487	763	37	25	95.000000	  
2	1	57	0	0	0	414	838	707	167	-1	
3	1	57	1	0	0	414	838	707	167	-1	
4	1	57	1	1	0	1015	838	105	27	-1	
5	1	57	1	1	1	1015	838	105	27	70.022453	διαπροφήν
4	1	57	1	2	0	415	872	706	28	-1	
5	1	57	1	2	1	415	880	44	17	86.504997	τους
5	1	57	1	2	2	474	872	33	22	0.000000	παί
5	1	57	1	2	3	522	873	24	22	96.712982	τὰ
5	1	57	1	2	4	563	872	31	23	88.863129	πιό
5	1	57	1	2	5	608	872	117	28	95.831818	στοιχειώδη
5	1	57	1	2	6	739	873	32	27	93.365273	γιὰ
5	1	57	1	2	7	786	873	35	26	93.245552	τήν
5	1	57	1	2	8	838	873	216	27	14.630676	ἰατραφαρμαωκευπηνήν
5	1	57	1	2	9	1068	872	53	28	90.624908	περί-
4	1	57	1	3	0	414	904	146	31	-1	
5	1	57	1	3	1	414	908	76	27	1.758163	Δαλψίν.
5	1	57	1	3	2	506	904	54	29	61.310638	τους,
4	1	57	1	4	0	444	943	201	27	-1	
5	1	57	1	4	1	444	943	114	26	27.756691	Σικέπτοµαι
5	1	57	1	4	2	572	943	73	27	86.981010	ἀδελφέ
4	1	57	1	5	0	414	978	170	27	-1	
5	1	57	1	5	1	414	979	62	26	74.988007	ὡραῖο
5	1	57	1	5	2	491	978	93	27	0.000000	μἀάλιστα.
2	1	58	0	0	0	412	943	709	207	-1	
3	1	58	1	0	0	412	943	709	207	-1	
4	1	58	1	1	0	658	943	462	28	-1	
5	1	58	1	1	1	658	944	42	26	62.149002	μου]
5	1	58	1	1	2	713	944	73	27	35.149628	"Ἔχεις
5	1	58	1	1	3	799	943	59	23	84.377693	σπίτι.
5	1	58	1	1	4	871	944	59	22	62.227100	"Ἠτσι
5	1	58	1	1	5	944	943	30	22	79.324829	δέν
5	1	58	1	1	6	992	944	60	27	81.272224	εἶναι;
5	1	58	1	1	7	1079	943	41	22	39.939232	Τα
4	1	58	1	2	0	596	979	525	28	-1	
5	1	58	1	2	1	596	979	62	24	45.866768	Ἴσως
5	1	58	1	2	2	669	979	23	21	93.179993	νὰ
5	1	58	1	2	3	706	979	49	27	91.694618	ἔχης
5	1	58	1	2	4	767	979	33	22	81.419426	καί
5	1	58	1	2	5	816	979	81	27	96.830757	δεύτερο
5	1	58	1	2	6	907	979	54	22	76.714645	καὶ...
5	1	58	1	2	7	974	979	60	28	23.342941	πρίτο.
5	1	58	1	2	8	1048	979	73	28	91.284027	Ὑπάρ-
4	1	58	1	3	0	413	1014	707	28	-1	
5	1	58	1	3	1	413	1022	44	19	94.657326	χουν
5	1	58	1	3	2	471	1014	52	26	92.912270	ὅμως
5	1	58	1	3	3	537	1014	100	28	78.150688	ἂνδρωποι
5	1	58	1	3	4	652	1015	46	26	93.276031	στήν
5	1	58	1	3	5	712	1014	94	28	77.834656	ἐπαρχίαι
5	1	58	1	3	6	820	1023	38	18	93.554237	µας
5	1	58	1	3	7	870	1014	34	22	95.764740	πού
5	1	58	1	3	8	921	1014	48	22	93.305779	εἶναι
5	1	58	1	3	9	983	1015	86	27	87.635780	ἄστεγοι,
5	1	58	1	3	10	1082	1023	38	19	71.199188	χὼ-
4	1	58	1	4	0	413	1049	708	29	-1	
5	1	58	1	4	1	413	1049	31	28	83.022003	ρίς
5	1	58	1	4	2	457	1050	50	21	92.625984	ἔστω
5	1	58	1	4	3	521	1049	71	22	67.485046	κάποιο
5	1	58	1	4	4	608	1049	67	28	74.836075	μικρόν
5	1	58	1	4	5	689	1050	120	27	17.285324	χαταφύγιον
5	1	58	1	4	6	824	1049	55	26	92.542137	ἰδίως
5	1	58	1	4	7	893	1049	31	22	91.649933	τόν
5	1	58	1	4	8	939	1051	94	27	74.403488	χειμῶνα.
5	1	58	1	4	9	1047	1050	74	28	90.511345	Ὑπὰρ-
4	1	58	1	5	0	412	1085	709	28	-1	
5	1	58	1	5	1	412	1094	29	18	92.055473	χει
5	1	58	1	5	2	455	1085	117	28	0.000000	οἰκογόμεια,
5	1	58	1	5	3	585	1085	33	27	93.223495	τήν
5	1	58	1	5	4	633	1086	65	22	86.222183	ὁποίαν
5	1	58	1	5	5	712	1086	113	27	90.447495	ἀνεκάλυψα
5	1	58	1	5	6	838	1085	22	28	89.837288	µέ
5	1	58	1	5	7	873	1086	34	26	93.141342	τήν
5	1	58	1	5	8	923	1088	90	24	84.000580	θοήθειαν
5	1	58	1	5	9	1025	1086	44	25	87.190704	ἑνός
5	1	58	1	5	10	1086	1094	35	14	53.631283	χα-
4	1	58	1	6	0	412	1121	708	29	-1	
5	1	58	1	6	1	412	1122	35	20	92.854851	λοῦ
5	1	58	1	6	2	460	1123	118	25	88.504196	χριστιανοῦ,
5	1	58	1	6	3	592	1121	22	27	86.725319	µέ
5	1	58	1	6	4	630	1121	57	22	93.299057	πέντε
5	1	58	1	6	5	700	1121	68	22	92.524895	παιδιὰ
5	1	58	1	6	6	782	1121	87	27	43.064960	ἀνήλικα
5	1	58	1	6	7	881	1121	33	22	57.161156	καί
5	1	58	1	6	8	929	1121	22	27	75.746284	µέ
5	1	58	1	6	9	965	1121	111	29	76.401138	ἀνάπηρους
5	1	58	1	6	10	1089	1130	31	19	54.069958	Ὑο-
2	1	59	0	0	0	705	1131	2	7	-1	
3	1	59	1	0	0	705	1131	2	7	-1	
4	1	59	1	1	0	705	1131	2	7	-1	
5	1	59	1	1	1	705	1131	2	7	95.000000	 
2	1	60	0	0	0	412	1156	708	240	-1	
3	1	60	1	0	0	412	1156	708	240	-1	
4	1	60	1	1	0	412	1156	708	28	-1	
5	1	60	1	1	1	412	1158	41	23	0.000000	κεῖς
5	1	60	1	1	2	466	1156	34	22	93.286400	πού
5	1	60	1	1	3	512	1158	42	23	91.903061	ζοῦν
5	1	60	1	1	4	569	1156	20	22	93.131821	σέ
5	1	60	1	1	5	603	1156	44	26	74.078339	ξέμα
5	1	60	1	1	6	659	1156	114	28	16.329079	ρημαημένο
5	1	60	1	1	7	785	1156	59	28	60.994083	σπίτι,
5	1	60	1	1	8	860	1156	34	22	58.363022	στό
5	1	60	1	1	9	903	1157	63	21	52.738174	ὁποῖον
5	1	60	1	1	10	980	1156	76	27	46.799347	μπαίνει
5	1	60	1	1	11	1073	1158	10	21	92.457176	ὁ
5	1	60	1	1	12	1101	1158	19	20	50.239632	ἆ-
4	1	60	1	2	0	414	1191	277	29	-1	
5	1	60	1	2	1	414	1191	47	28	92.509422	έρας
5	1	60	1	2	2	472	1192	37	21	92.091164	ἀπό
5	1	60	1	2	3	517	1192	33	21	92.403191	ὅλες
5	1	60	1	2	4	577	1191	30	25	8.662582	τίς
5	1	60	1	2	5	617	1192	74	28	88.338692	µεριές.
4	1	60	1	3	0	691	1227	428	28	-1	
5	1	60	1	3	1	691	1227	18	25	79.230064	ἐς
5	1	60	1	3	2	725	1227	57	28	93.096786	φορές
5	1	60	1	3	3	797	1228	34	26	91.919044	τήν
5	1	60	1	3	4	845	1227	73	28	24.423828	ἡμέόραν
5	1	60	1	3	5	933	1228	33	21	74.633408	καὶ
5	1	60	1	3	6	984	1227	86	28	78.200752	ἀνοίγεις
5	1	60	1	3	7	1085	1228	34	26	94.791763	τήν
4	1	60	1	4	0	413	1263	706	28	-1	
5	1	60	1	4	1	413	1262	62	28	37.621490	ὄρεξίῳ
5	1	60	1	4	2	491	1271	33	13	70.610031	σου
5	1	60	1	4	3	539	1263	22	26	81.149345	µέ
5	1	60	1	4	4	574	1262	80	27	37.486534	Υόστιµα
5	1	60	1	4	5	672	1263	33	22	44.167931	καί
5	1	60	1	4	6	720	1263	72	28	87.740540	ἀκριθὰ
5	1	60	1	4	7	805	1263	101	27	57.220161	ὀρεχτικὰ.
5	1	60	1	4	8	920	1263	124	28	16.253136	Ῥκέφβηκες
5	1	60	1	4	9	1059	1263	60	28	96.537392	ὅμως,
4	1	60	1	5	0	413	1297	707	43	-1	
5	1	60	1	5	1	413	1297	29	22	93.265991	ὅτι
5	1	60	1	5	2	457	1298	95	28	0.000000	ὑπάριχουν
5	1	60	1	5	3	568	1298	111	42	0.000000	ὀνθρόπονα
5	1	60	1	5	4	694	1298	107	27	82.931290	πλάσματα
5	1	60	1	5	5	814	1299	47	26	96.663048	στήν
5	1	60	1	5	6	875	1299	82	27	95.508026	περιοχή
5	1	60	1	5	7	971	1298	35	23	93.060570	πού
5	1	60	1	5	8	1023	1300	44	27	89.398468	ζῆς,
5	1	60	1	5	9	1082	1307	38	19	92.860977	χω-
4	1	60	1	6	0	412	1333	446	43	-1	
5	1	60	1	6	1	412	1333	33	27	81.171967	ρίς
5	1	60	1	6	2	456	1333	24	23	96.981834	τὰ
5	1	60	1	6	3	494	1333	132	28	94.374771	στοιχειώδη
5	1	60	1	6	4	623	1333	69	22	90.885895	µέσα
5	1	60	1	6	5	678	1329	18	36	79.464912	δ
5	1	60	1	6	6	683	1335	108	41	5.566170	ὁισρορη»
5	1	60	1	6	7	802	1341	56	20	80.060867	τους;
4	1	60	1	7	0	443	1369	677	27	-1	
5	1	60	1	7	1	443	1369	140	27	32.749146	᾿Αρρώστησες
5	1	60	1	7	2	598	1369	73	22	78.797775	κάποτε
5	1	60	1	7	3	686	1369	34	21	90.872749	σὰν
5	1	60	1	7	4	737	1370	107	26	0.000000	ἂγἈρωπος
5	1	60	1	7	5	858	1369	33	22	36.613014	καί
5	1	60	1	7	6	907	1371	8	20	92.745651	ὁ
5	1	60	1	7	7	930	1369	82	27	31.540131	γιατρός
5	1	60	1	7	8	1031	1369	31	22	93.238762	δέν
5	1	60	1	7	9	1077	1370	43	26	91.914764	ἔφυ-
2	1	61	0	0	0	540	1200	24	17	-1	
3	1	61	1	0	0	540	1200	24	17	-1	
4	1	61	1	1	0	540	1200	24	17	-1	
5	1	61	1	1	1	540	1200	24	17	95.000000	 
2	1	62	0	0	0	443	1227	229	27	-1	
3	1	62	1	0	0	443	1227	229	27	-1	
4	1	62	1	1	0	443	1227	229	27	-1	
5	1	62	1	1	1	443	1227	108	27	79.661827	ἸΑσφαλῶς
5	1	62	1	1	2	566	1229	53	25	38.571915	ορῶς
5	1	62	1	1	3	632	1229	40	20	71.357643	πολ.
2	1	63	0	0	0	688	1244	9	4	-1	
3	1	63	1	0	0	688	1244	9	4	-1	
4	1	63	1	1	0	688	1244	9	4	-1	
5	1	63	1	1	1	688	1244	9	4	95.000000	 
2	1	64	0	0	0	807	1263	4	7	-1	
3	1	64	1	0	0	807	1263	4	7	-1	
4	1	64	1	1	0	807	1263	4	7	-1	
5	1	64	1	1	1	807	1263	4	7	50.177475	Ἡ
2	1	65	0	0	0	411	1404	709	64	-1	
3	1	65	1	0	0	411	1404	709	64	-1	
4	1	65	1	1	0	413	1404	705	28	-1	
5	1	65	1	1	1	413	1413	23	18	66.955238	Ύε
5	1	65	1	1	2	450	1404	39	22	13.710693	ἀπό
5	1	65	1	1	3	503	1404	60	22	77.025742	χοντὰ
5	1	65	1	1	4	576	1412	31	14	96.647041	σου
5	1	65	1	1	5	625	1404	42	22	96.190247	οὔτε
5	1	65	1	1	6	681	1405	71	27	93.809929	στιγµή
5	1	65	1	1	7	766	1404	34	22	73.278244	καί
5	1	65	1	1	8	814	1404	24	23	93.068192	τὰ
5	1	65	1	1	9	853	1404	92	28	33.854469	φὰρμισνα
5	1	65	1	1	10	958	1404	35	22	90.802612	πού
5	1	65	1	1	11	1021	1404	97	28	87.632042	ἀγόρασες
4	1	65	1	2	0	411	1439	709	29	-1	
5	1	65	1	2	1	411	1439	25	26	74.293526	µέ
5	1	65	1	2	2	453	1439	91	22	0.000000	εὐνολίαν
5	1	65	1	2	3	559	1442	31	19	93.085587	σοῦ
5	1	65	1	2	4	605	1439	129	28	51.375557	ἀνακούφισαν
5	1	65	1	2	5	751	1440	31	21	83.395676	τό)
5	1	65	1	2	6	796	1440	56	22	87.937737	πόνον
5	1	65	1	2	7	867	1440	33	22	44.841404	ναί
5	1	65	1	2	8	915	1442	32	20	92.437508	σοῦ
5	1	65	1	2	9	965	1440	70	28	90.615456	ἔφεραν
5	1	65	1	2	10	1051	1440	36	26	78.713776	τήν
5	1	65	1	2	11	1102	1441	18	20	28.640686	ἡὑ-
2	1	66	0	0	0	412	1474	708	211	-1	
3	1	66	1	0	0	412	1474	708	100	-1	
4	1	66	1	1	0	439	1474	635	16	-1	
5	1	66	1	1	1	439	1474	4	7	0.000000	,
5	1	66	1	1	2	512	1475	49	15	32.437004	.-
5	1	66	1	1	3	625	1475	8	7	0.000000	ῃ
5	1	66	1	1	4	708	1477	9	3	22.727493	ο
5	1	66	1	1	5	776	1475	5	7	0.000000	τς
5	1	66	1	1	6	858	1475	9	7	8.718903	4
5	1	66	1	1	7	1000	1475	4	7	8.990166	ο
5	1	66	1	1	8	1034	1475	4	7	0.000000	αί
5	1	66	1	1	9	1065	1475	9	8	0.000000	ὦ,
4	1	66	1	2	0	412	1476	706	27	-1	
5	1	66	1	2	1	412	1483	63	19	84.729118	γείαν.
5	1	66	1	2	2	489	1476	29	21	90.084641	Τό
5	1	66	1	2	3	530	1482	77	20	48.164261	ξεύρεις
5	1	66	1	2	4	624	1483	53	19	96.366920	ὅμως
5	1	66	1	2	5	690	1483	43	17	92.595993	πῶς
5	1	66	1	2	6	747	1482	95	21	84.917831	ὑπάρίχουν
5	1	66	1	2	7	856	1476	101	27	78.098602	ἂνδρωποι
5	1	66	1	2	8	972	1483	35	14	96.773399	πού
5	1	66	1	2	9	1019	1477	33	20	91.039284	δέν
5	1	66	1	2	10	1063	1483	55	20	0.000000	ἔχου,
4	1	66	1	3	0	412	1510	708	28	-1	
5	1	66	1	3	1	412	1510	45	24	92.861183	οὔτε
5	1	66	1	3	2	471	1510	72	28	55.673866	Ὑιαπρό
5	1	66	1	3	3	557	1510	61	23	72.211922	χοντὰ
5	1	66	1	3	4	632	1519	52	19	50.455021	τους,
5	1	66	1	3	5	701	1511	42	22	93.242226	οὔτε
5	1	66	1	3	6	757	1512	92	26	31.007675	γιατρηκό
5	1	66	1	3	7	863	1511	74	23	0.000000	αν"να
5	1	66	1	3	8	950	1510	33	23	21.081696	Ἀάὶ
5	1	66	1	3	9	1003	1510	31	23	89.809494	τό)
5	1	66	1	3	10	1049	1511	71	27	73.203613	σταυρό
4	1	66	1	4	0	414	1546	480	28	-1	
5	1	66	1	4	1	414	1548	37	25	93.283051	τῆς
5	1	66	1	4	2	462	1546	112	28	91.481422	ἀρρώστιας
5	1	66	1	4	3	585	1554	44	17	93.284187	τοὺς
5	1	66	1	4	4	641	1546	98	28	45.255817	σηχώνου)
5	1	66	1	4	5	749	1546	145	28	1.412392	χαταµόναχοι;
3	1	66	2	0	0	440	1587	678	62	-1	
4	1	66	2	1	0	440	1587	678	27	-1	
5	1	66	2	1	1	440	1587	39	20	67.955078	Δέν
5	1	66	2	1	2	545	1597	15	11	58.599930	ει
5	1	66	2	1	3	639	1589	30	15	51.215328	ὕμε
5	1	66	2	1	4	685	1587	23	26	86.038269	µέ
5	1	66	2	1	5	723	1587	31	22	77.642639	τόν
5	1	66	2	1	6	768	1587	67	21	92.038200	ἑαυτόν
5	1	66	2	1	7	851	1596	39	17	93.153229	µας
5	1	66	2	1	8	903	1588	34	21	0.000000	Χάΐ
5	1	66	2	1	9	951	1588	35	26	92.479073	γιὰ
5	1	66	2	1	10	1002	1588	33	21	80.499680	τόν
5	1	66	2	1	11	1049	1587	69	22	42.223507	δαυτόν
4	1	66	2	2	0	545	1621	573	28	-1	
5	1	66	2	2	1	545	1622	51	21	89.037773	Τότε
5	1	66	2	2	2	613	1621	31	22	85.702141	δέν
5	1	66	2	2	3	661	1622	78	26	91.554451	εἴμαστε
5	1	66	2	2	4	755	1623	96	26	92.796509	εὐτυχεῖς.
5	1	66	2	2	5	866	1622	89	27	3.979965	Ἠὐτυκία
5	1	66	2	2	6	973	1622	48	21	95.955208	εἶναι
5	1	66	2	2	7	1038	1622	21	22	78.096413	τὸ
5	1	66	2	2	8	1073	1622	45	27	77.424118	µόνο
3	1	66	3	0	0	672	1657	414	10	-1	
4	1	66	3	1	0	672	1657	414	10	-1	
5	1	66	3	1	1	672	1657	52	10	0.000000	πο
5	1	66	3	1	2	813	1657	54	7	13.794708	οι
5	1	66	3	1	3	925	1657	67	7	18.069313	πα
5	1	66	3	1	4	1053	1657	33	7	24.503342	σι
3	1	66	4	0	0	511	1659	607	26	-1	
4	1	66	4	1	0	511	1659	607	26	-1	
5	1	66	4	1	1	511	1657	35	22	96.506531	πού
5	1	66	4	1	2	558	1657	47	22	96.797714	εἶναι
5	1	66	4	1	3	621	1665	69	17	6.203674	κανείς
5	1	66	4	1	4	702	1659	79	23	68.522873	θέθαιος
5	1	66	4	1	5	793	1665	42	17	36.855751	πώς
5	1	66	4	1	6	848	1666	21	13	88.700340	τό
5	1	66	4	1	7	881	1662	89	23	28.934822	καξέχει,
5	1	66	4	1	8	983	1665	45	14	96.800896	ὅταν
5	1	66	4	1	9	1038	1666	22	13	81.302841	τό
5	1	66	4	1	10	1067	1659	51	25	88.488358	δίδη.
2	1	67	0	0	0	489	1583	186	35	-1	
3	1	67	1	0	0	489	1583	186	35	-1	
4	1	67	1	1	0	489	1583	186	35	-1	
5	1	67	1	1	1	489	1583	186	35	95.000000	 
2	1	68	0	0	0	413	1621	117	27	-1	
3	1	68	1	0	0	413	1621	117	27	-1	
4	1	68	1	1	0	413	1621	117	27	-1	
5	1	68	1	1	1	413	1629	38	19	88.188583	µας
5	1	68	1	1	2	467	1621	63	27	45.521358	μόρον.
2	1	69	0	0	0	411	1659	89	25	-1	
3	1	69	1	0	0	411	1659	89	25	-1	
4	1	69	1	1	0	411	1659	89	25	-1	
5	1	69	1	1	1	411	1659	89	25	38.424629	πράγμα,
2	1	70	0	0	0	412	1688	87	33	-1	
3	1	70	1	0	0	412	1688	87	33	-1	
4	1	70	1	1	0	412	1688	87	33	-1	
5	1	70	1	1	1	412	1688	37	33	96.767807	Δέν
5	1	70	1	1	2	463	1694	36	25	41.602726	ζης
2	1	71	0	0	0	412	1728	90	26	-1	
3	1	71	1	0	0	412	1728	90	26	-1	
4	1	71	1	1	0	412	1728	90	26	-1	
5	1	71	1	1	1	412	1728	90	26	30.620529	σημαίνει,
2	1	72	0	0	0	411	1692	740	222	-1	
3	1	72	1	0	0	518	1692	633	44	-1	
4	1	72	1	1	0	518	1692	633	30	-1	
5	1	72	1	1	1	518	1692	118	29	92.435669	ἀνθρώπινα,
5	1	72	1	1	2	649	1692	44	22	90.289879	ὅταν
5	1	72	1	1	3	708	1692	105	28	66.161964	φρουτίζης
5	1	72	1	1	4	825	1692	55	28	71.553772	µόνον
5	1	72	1	1	5	893	1692	32	30	75.662148	τὸν
5	1	72	1	1	6	938	1692	67	23	45.810593	ἑαυτόν
5	1	72	1	1	7	1021	1701	39	14	96.269188	σου.
5	1	72	1	1	8	1073	1693	78	27	80.873199	Ζωή
5	1	72	1	1	9	1125	1688	29	38	52.390057	|
4	1	72	1	2	0	652	1728	433	8	-1	
5	1	72	1	2	1	652	1728	43	8	22.928703	ον
5	1	72	1	2	2	776	1728	93	7	16.415802	μα
5	1	72	1	2	3	1081	1728	4	7	35.659378	:
3	1	72	2	0	0	637	1729	481	27	-1	
4	1	72	2	1	0	637	1729	481	27	-1	
5	1	72	2	1	1	637	1736	31	15	86.532677	τόν
5	1	72	2	1	2	684	1730	61	20	92.291321	ἄλλου
5	1	72	2	1	3	760	1737	23	13	93.292870	νὰ
5	1	72	2	1	4	796	1731	24	24	89.649658	ζῆ
5	1	72	2	1	5	835	1737	33	13	77.533142	καί
5	1	72	2	1	6	882	1736	24	14	96.903366	νὰ
5	1	72	2	1	7	920	1737	98	19	50.394558	χαίρεται,
5	1	72	2	1	8	1038	1729	80	27	58.041897	Πρέπει
3	1	72	3	0	0	411	1763	710	29	-1	
4	1	72	3	1	0	411	1763	710	29	-1	
5	1	72	3	1	1	411	1763	26	22	79.051880	νὰ
5	1	72	3	1	2	450	1763	68	27	0.000000	«κάμνης
5	1	72	3	1	3	534	1764	81	21	76.298187	κάποιον
5	1	72	3	1	4	629	1765	70	27	88.872086	εὐτυχῆ
5	1	72	3	1	5	711	1764	34	27	96.614998	γιὰ
5	1	72	3	1	6	757	1764	24	21	93.248497	νὰ
5	1	72	3	1	7	793	1764	49	22	93.154350	εἶσαι
5	1	72	3	1	8	855	1763	144	29	92.582207	εὐτυχισμένος,
5	1	72	3	1	9	1011	1766	110	26	45.261417	διαφαρθτι-
3	1	72	4	0	0	413	1799	706	64	-1	
4	1	72	4	1	0	413	1799	706	29	-1	
5	1	72	4	1	1	413	1799	25	21	38.999168	κὰ
5	1	72	4	1	2	453	1799	129	26	21.750000	«ἀλλοίμονον
5	1	72	4	1	3	595	1801	16	20	57.885361	σ᾿
5	1	72	4	1	4	624	1799	62	22	90.877869	ὅποιον
5	1	72	4	1	5	698	1802	58	25	86.537354	γελᾶ,
5	1	72	4	1	6	769	1800	16	21	90.734566	οἱ
5	1	72	4	1	7	797	1800	59	21	39.102207	ἂλλοι
5	1	72	4	1	8	870	1800	34	21	92.190109	σὰν
5	1	72	4	1	9	916	1801	116	27	60.257336	Ἀριηνοῦνε».
5	1	72	4	1	10	1043	1799	76	26	23.956383	Ἰζανείς
4	1	72	4	2	0	413	1834	670	29	-1	
5	1	72	4	2	1	413	1834	33	22	56.469654	δέν
5	1	72	4	2	2	461	1835	41	27	96.846321	ἔχει
5	1	72	4	2	3	516	1835	22	23	88.952271	τό
5	1	72	4	2	4	549	1835	100	27	52.486984	δικαίωµα
5	1	72	4	2	5	661	1835	24	22	93.209229	νὰ
5	1	72	4	2	6	697	1836	70	27	92.502129	εὐτυχῆ
5	1	72	4	2	7	780	1835	58	27	64.822281	μόνος
5	1	72	4	2	8	851	1843	39	20	96.592697	του,
5	1	72	4	2	9	903	1835	43	23	96.371078	οὔτε
5	1	72	4	2	10	959	1835	33	22	51.437981	καί
5	1	72	4	2	11	1008	1837	75	26	33.159294	µπορεῖ.
3	1	72	5	0	0	443	1870	679	44	-1	
4	1	72	5	1	0	443	1870	679	44	-1	
5	1	72	5	1	1	443	1870	32	22	78.386719	Θὰ
5	1	72	5	1	2	489	1871	53	26	87.541878	εἶμαι
5	1	72	5	1	3	558	1872	9	21	92.969322	ὁ
5	1	72	5	1	4	578	1872	32	22	95.751335	πιό
5	1	72	5	1	5	618	1871	86	43	47.991886	αὐτυχής
5	1	72	5	1	6	717	1871	107	27	16.551620	ἂνδρωπος
5	1	72	5	1	7	836	1871	33	22	68.213898	καί
5	1	72	5	1	8	881	1872	9	22	92.792084	ὁ
5	1	72	5	1	9	902	1871	32	22	93.306183	πιό
5	1	72	5	1	10	945	1871	142	28	77.672302	ἐπιτυχημένας
5	1	72	5	1	11	1103	1871	19	21	89.345978	ἐ-
2	1	73	0	0	0	515	1728	104	27	-1	
3	1	73	1	0	0	515	1728	104	27	-1	
4	1	73	1	1	0	531	1728	44	7	-1	
5	1	73	1	1	1	531	1728	44	7	0.000000	αν
4	1	73	1	2	0	515	1736	104	19	-1	
5	1	73	1	2	1	515	1736	24	13	90.509811	γὰ
5	1	73	1	2	2	553	1737	66	18	0.000000	κἀμίης
2	1	74	0	0	0	403	1860	3	52	-1	
3	1	74	1	0	0	403	1860	3	52	-1	
4	1	74	1	1	0	403	1860	3	52	-1	
5	1	74	1	1	1	403	1860	3	52	95.000000	 
2	1	75	0	0	0	412	1906	710	238	-1	
3	1	75	1	0	0	412	1906	710	238	-1	
4	1	75	1	1	0	412	1906	710	43	-1	
5	1	75	1	1	1	412	1906	109	28	83.407036	πίσκαπος,
5	1	75	1	1	2	529	1907	21	21	93.261238	ἄν
5	1	75	1	1	3	564	1906	88	28	62.131180	µπορέσω
5	1	75	1	1	4	666	1906	25	22	96.784538	νὰ
5	1	75	1	1	5	702	1906	88	43	0.000000	προκαλέ
5	1	75	1	1	6	782	1915	37	13	90.831772	έσω
5	1	75	1	1	7	833	1907	44	21	26.327461	Έναν
5	1	75	1	1	8	890	1906	157	23	4.379608	παλλιακωνυκόν
5	1	75	1	1	9	1059	1907	63	21	50.336765	ἔνθου-
4	1	75	1	2	0	412	1942	710	43	-1	
5	1	75	1	2	1	412	1942	80	26	73.839378	σιασυόν
5	1	75	1	2	2	506	1942	86	27	89.808258	ἀγάπης.
5	1	75	1	2	3	607	1942	39	22	64.275818	"Αν
5	1	75	1	2	4	659	1942	57	27	29.940941	κὰμω
5	1	75	1	2	5	729	1942	45	25	95.934875	τούς
5	1	75	1	2	6	786	1942	131	43	0.000000	πρισπμμούς,
5	1	75	1	2	7	929	1942	34	22	93.265259	πού
5	1	75	1	2	8	977	1944	33	25	83.518623	μοῦ
5	1	75	1	2	9	1022	1942	100	27	79.748260	ἐμπιστεύ-
4	1	75	1	3	0	413	1974	707	50	-1	
5	1	75	1	3	1	413	1978	71	26	63.280434	Άηκε
5	1	75	1	3	2	475	1973	12	36	93.179688	ὁ
5	1	75	1	3	3	497	1977	52	26	95.511261	Θεός
5	1	75	1	3	4	562	1979	37	25	97.000603	τῆς
5	1	75	1	3	5	614	1974	87	50	0.000000	ἀγάπης,
5	1	75	1	3	6	712	1978	24	21	85.866982	νὰ
5	1	75	1	3	7	749	1978	125	22	57.895630	χαταλὰβου)
5	1	75	1	3	8	887	1978	41	22	89.115250	«ὅτι
5	1	75	1	3	9	941	1978	55	27	90.956024	µόνον
5	1	75	1	3	10	1012	1977	50	28	92.440475	µέσα
5	1	75	1	3	11	1073	1978	47	27	96.258163	στήν
4	1	75	1	4	0	415	2013	587	28	-1	
5	1	75	1	4	1	415	2013	79	27	46.022697	ἀγάώπην
5	1	75	1	4	2	508	2013	112	28	0.000000	εὑρίσμεται
5	1	75	1	4	3	630	2013	21	22	95.958298	τὸ
5	1	75	1	4	4	663	2013	83	28	96.760498	φωτεινό
5	1	75	1	4	5	753	2013	81	27	76.034630	μυστικό
5	1	75	1	4	6	844	2015	36	25	93.305977	τῆς
5	1	75	1	4	7	890	2013	112	28	16.516632	εὐτυχίας).
4	1	75	1	5	0	440	2044	680	51	-1	
5	1	75	1	5	1	440	2049	60	42	80.982407	Πολύ
5	1	75	1	5	2	512	2049	22	26	94.665138	μέ
5	1	75	1	5	3	548	2044	88	51	0.000000	συγιανεῖ
5	1	75	1	5	4	648	2050	21	22	96.967682	τό
5	1	75	1	5	5	681	2049	90	42	10.481720	Ὑεηονός,
5	1	75	1	5	6	785	2049	28	22	93.275826	ὅτι
5	1	75	1	5	7	827	2049	95	28	66.877739	ὑπάρχουν
5	1	75	1	5	8	935	2050	17	21	48.027252	σ᾿
5	1	75	1	5	9	969	2049	47	27	73.218254	ὅλην
5	1	75	1	5	10	1031	2050	34	26	57.099060	τή»
5	1	75	1	5	11	1075	2050	45	26	25.612473	Μη-
4	1	75	1	6	0	413	2084	706	28	-1	
5	1	75	1	6	1	413	2084	92	28	73.558563	τρόπολίν
5	1	75	1	6	2	521	2093	36	18	78.162506	µου
5	1	75	1	6	3	570	2084	64	22	40.669525	ἐπάνω
5	1	75	1	6	4	654	2084	36	22	93.299774	ἀπό
5	1	75	1	6	5	703	2084	94	23	79.165588	διακόσιοι
5	1	75	1	6	6	815	2085	63	27	86.420532	(200)
5	1	75	1	6	7	896	2084	85	28	86.028473	χρονίως
5	1	75	1	6	8	1009	2084	110	28	54.353516	πάσχοτες
4	1	75	1	7	0	610	2121	317	23	-1	
5	1	75	1	7	1	606	2117	20	31	71.526611	Ξ-
5	1	75	1	7	2	641	2122	90	22	95.765335	Συνέχεια
5	1	75	1	7	3	741	2121	47	23	96.188728	στήν
5	1	75	1	7	4	798	2121	24	23	96.387634	4η
5	1	75	1	7	5	832	2121	67	18	93.221756	σελίδα
5	1	75	1	7	6	911	2129	17	6	88.148392	--
2	1	76	0	0	0	419	2180	225	5	-1	
3	1	76	1	0	0	419	2180	225	5	-1	
4	1	76	1	1	0	419	2180	225	5	-1	
5	1	76	1	1	1	419	2180	225	5	95.000000	 
2	1	77	0	0	0	499	2206	549	123	-1	
3	1	77	1	0	0	499	2206	549	123	-1	
4	1	77	1	1	0	499	2206	549	52	-1	
5	1	77	1	1	1	499	2210	38	40	60.005470	Ὁ
5	1	77	1	1	2	557	2210	222	48	75.253105	Νομάρχης
5	1	77	1	1	3	800	2210	79	39	67.317444	στἁ
5	1	77	1	1	4	898	2206	150	52	71.305710	Χωριά.
4	1	77	1	2	0	535	2280	461	49	-1	
5	1	77	1	2	1	535	2283	84	37	96.872612	τῶν
5	1	77	1	2	2	639	2280	186	49	96.526894	Βορείων
5	1	77	1	2	3	846	2280	150	49	96.074448	Δήμων
2	1	78	0	0	0	404	2351	718	277	-1	
3	1	78	1	0	0	413	2351	709	277	-1	
4	1	78	1	1	0	444	2351	676	28	-1	
5	1	78	1	1	1	444	2352	25	20	45.224995	Ὁ
5	1	78	1	1	2	479	2352	132	27	30.032921	Νομάρχης
5	1	78	1	1	3	620	2351	121	28	95.014206	Λακωνίας
5	1	78	1	1	4	749	2359	20	14	92.845268	κ.
5	1	78	1	1	5	781	2352	98	27	35.177307	Κώσπιας
5	1	78	1	1	6	891	2353	21	20	87.653336	Γ.
5	1	78	1	1	7	924	2351	130	28	78.894974	Βασιλείου,
5	1	78	1	1	8	1063	2359	57	15	89.398087	συνο
4	1	78	1	2	0	414	2387	707	29	-1	
5	1	78	1	2	1	414	2387	127	28	87.145325	δευόµενος
5	1	78	1	2	2	552	2387	48	22	96.639778	ἀπό
5	1	78	1	2	3	614	2387	41	23	93.296204	τόν
5	1	78	1	2	4	668	2387	126	28	38.011780	Σύμδουλο
5	1	78	1	2	5	804	2388	42	27	96.569832	τῆς
5	1	78	1	2	6	859	2387	142	28	91.811211	Νομαρχίας
5	1	78	1	2	7	1011	2395	19	14	93.268219	κ.
5	1	78	1	2	8	1043	2387	78	29	90.538467	Δημή-
4	1	78	1	3	0	413	2423	708	28	-1	
5	1	78	1	3	1	413	2430	54	20	49.156876	πρυο
5	1	78	1	3	2	482	2423	151	27	18.737427	Γραμματικό
5	1	78	1	3	3	645	2424	40	20	93.300926	καί
5	1	78	1	3	4	697	2423	175	30	91.563499	ὑπηρεσιακοὺς
5	1	78	1	3	5	884	2423	160	28	1.353149	παράγοντες,
5	1	78	1	3	6	1074	2424	47	21	89.234604	ἐπι-
4	1	78	1	4	0	404	2455	717	45	-1	
5	1	78	1	4	1	404	2455	126	45	37.602631	σκέφθηκε
5	1	78	1	4	2	544	2459	41	27	92.546638	τήν
5	1	78	1	4	3	599	2458	103	22	58.834072	9-6-Ι98]
5	1	78	1	4	4	723	2459	34	26	69.938988	τίς
5	1	78	1	4	5	772	2458	139	28	91.049210	Κοινότηπες
5	1	78	1	4	6	926	2459	136	27	51.312824	Βορδονίας,
5	1	78	1	4	7	1077	2459	44	20	90.360321	Κα-
4	1	78	1	5	0	404	2482	717	39	-1	
5	1	78	1	5	1	404	2482	130	39	19.563911	᾿στορείου,
5	1	78	1	5	2	549	2494	153	27	37.977631	Περιδολίων,
5	1	78	1	5	3	717	2494	136	27	57.645649	᾽Αλευροῦς,
5	1	78	1	5	4	870	2493	164	28	3.768852	Γεωρηιπσίου,
5	1	78	1	5	5	1063	2494	58	21	61.265152	Πελ-
4	1	78	1	6	0	414	2529	708	28	-1	
5	1	78	1	6	1	414	2529	81	27	45.527367	λάνας,
5	1	78	1	6	2	512	2529	146	28	45.618225	᾿Αγόριανης,
5	1	78	1	6	3	674	2529	77	28	93.292877	Αγίου
5	1	78	1	6	4	770	2529	178	22	76.803841	Κωνοπαντίνου
5	1	78	1	6	5	959	2529	39	21	91.190376	καί
5	1	78	1	6	6	1011	2529	111	28	69.643089	Λογκανί-
4	1	78	1	7	0	413	2565	708	27	-1	
5	1	78	1	7	1	413	2572	43	15	96.640396	κου
5	1	78	1	7	2	466	2565	39	21	94.521866	καί
5	1	78	1	7	3	514	2565	56	27	93.173622	τούς
5	1	78	1	7	4	580	2565	121	27	91.048553	οἰκισμούς
5	1	78	1	7	5	712	2565	116	27	59.229931	Παρδάλι,
5	1	78	1	7	6	841	2565	136	25	88.370392	Φουντέῖκα,
5	1	78	1	7	7	990	2565	131	27	83.945801	Κυπιαρίσσι
4	1	78	1	8	0	415	2600	222	28	-1	
5	1	78	1	8	1	415	2608	27	13	96.972099	ον
5	1	78	1	8	2	456	2601	40	21	93.219101	καί
5	1	78	1	8	3	510	2600	127	28	28.227081	|Καότρίον.
2	1	79	0	0	0	414	2641	709	241	-1	
3	1	79	1	0	0	414	2641	709	241	-1	
4	1	79	1	1	0	445	2641	676	29	-1	
5	1	79	1	1	1	445	2641	24	21	62.463081	Ὁ
5	1	79	1	1	2	486	2649	18	13	96.072784	κ.
5	1	79	1	1	3	519	2641	132	29	85.389893	Νομάρχης
5	1	79	1	1	4	666	2641	116	28	16.454437	συζήπιηϊίσε
5	1	79	1	1	5	794	2642	30	27	88.982132	µέ
5	1	79	1	1	6	837	2642	34	26	93.296883	τίς
5	1	79	1	1	7	884	2642	130	27	81.533432	Κοινοτικές
5	1	79	1	1	8	1028	2641	93	28	69.005035	᾿Αρχές,
4	1	79	1	2	0	415	2676	707	28	-1	
5	1	79	1	2	1	415	2676	56	27	83.895668	πούς
5	1	79	1	2	2	485	2677	111	27	89.765778	τοπικούς
5	1	79	1	2	3	608	2677	153	27	83.940674	παράγοντες
5	1	79	1	2	4	774	2677	39	21	62.594398	καί
5	1	79	1	2	5	826	2677	56	27	96.362350	τούς
5	1	79	1	2	6	895	2677	125	27	94.494598	κατοίκους
5	1	79	1	2	7	1034	2678	48	20	93.227417	τῶν
5	1	79	1	2	8	1097	2677	25	21	89.929344	ᾱ-
4	1	79	1	3	0	414	2712	708	28	-1	
5	1	79	1	3	1	414	2712	95	27	74.402283	νωτέρω
5	1	79	1	3	2	522	2712	154	28	88.408401	Κοινοπήπων,
5	1	79	1	3	3	687	2713	30	21	79.922852	τὰ
5	1	79	1	3	4	729	2712	163	28	79.236969	προθλήµατα
5	1	79	1	3	5	902	2712	46	22	96.469238	πού
5	1	79	1	3	6	958	2712	57	28	93.300720	τούς
5	1	79	1	3	7	1025	2713	97	27	36.121525	ἀπασχο
4	1	79	1	4	0	415	2748	708	27	-1	
5	1	79	1	4	1	415	2748	64	24	90.743958	λοῦν,
5	1	79	1	4	2	492	2748	74	21	91.815483	ἔδωσε
5	1	79	1	4	3	578	2748	80	27	13.474434	.λύσεις
5	1	79	1	4	4	672	2749	25	20	92.773598	σέ
5	1	79	1	4	5	710	2748	80	21	60.035343	πολλὰ
5	1	79	1	4	6	803	2748	47	21	96.892860	ἀπό
5	1	79	1	4	7	862	2748	31	22	93.299225	τὰ
5	1	79	1	4	8	910	2748	91	27	78.387482	θέµαπα
5	1	79	1	4	9	1012	2748	62	21	72.731537	αὐτὰ
5	1	79	1	4	10	1084	2748	39	21	96.203476	καί
4	1	79	1	5	0	415	2783	707	28	-1	
5	1	79	1	5	1	415	2783	176	28	89.855225	ἐπιφυλάχθηκε
5	1	79	1	5	2	606	2784	29	21	93.300308	νά
5	1	79	1	5	3	648	2783	106	27	91.419891	ἐξετάσει
5	1	79	1	5	4	772	2784	29	27	93.300667	τή
5	1	79	1	5	5	816	2783	148	28	71.071854	δυναπόπηπα
5	1	79	1	5	6	993	2783	129	28	86.661224	ἐπιλύσεως
4	1	79	1	6	0	414	2819	708	28	-1	
5	1	79	1	6	1	414	2820	47	20	91.438187	πῶν
5	1	79	1	6	2	472	2819	89	21	69.824120	λοιπῶν
5	1	79	1	6	3	573	2819	106	27	68.244415	θεμάτων
5	1	79	1	6	4	692	2819	63	27	94.045921	µέσα
5	1	79	1	6	5	767	2819	46	21	93.091202	στά
5	1	79	1	6	6	824	2819	99	22	45.169075	πιλαίσια
5	1	79	1	6	7	934	2820	47	21	93.294533	τῶν
5	1	79	1	6	8	996	2819	126	28	89.836304	ὑφισπαμέ-
4	1	79	1	7	0	414	2855	234	27	-1	
5	1	79	1	7	1	414	2862	46	13	88.859344	νων
5	1	79	1	7	2	476	2855	172	27	85.723312	δυναποπήπων.
2	1	80	0	0	0	417	2895	700	3	-1	
3	1	80	1	0	0	417	2895	700	3	-1	
4	1	80	1	1	0	417	2895	700	3	-1	
5	1	80	1	1	1	417	2895	700	3	95.000000	 
2	1	81	0	0	0	402	2926	720	171	-1	
3	1	81	1	0	0	402	2926	720	171	-1	
4	1	81	1	1	0	575	2926	392	25	-1	
5	1	81	1	1	1	575	2926	204	21	91.201134	ΕΡΓΑΙΣΤΗΡΙΟΝ
5	1	81	1	1	2	796	2926	171	25	90.998398	ΖΑΧΑΡ)ΚΗΣ
4	1	81	1	2	0	609	2961	324	21	-1	
5	1	81	1	2	1	609	2961	159	21	91.863586	ΒΑΣΙΛΕΙΟΥ
5	1	81	1	2	2	784	2961	149	21	88.902962	ΒΕΡΓΑΔΟΥ
4	1	81	1	3	0	415	2996	707	30	-1	
5	1	81	1	3	1	415	2996	61	30	32.211899	ΠΛΑ΄’
5	1	81	1	3	2	499	2997	67	20	47.239208	ΤΕΙΑ
5	1	81	1	3	3	581	2997	97	20	92.662430	ΔΟΥΚΑ
5	1	81	1	3	4	691	2996	12	21	86.947891	ό
5	1	81	1	3	5	716	2997	116	21	92.364807	ΣΠΑΡΤΗ
5	1	81	1	3	6	843	3009	28	2	65.682693	--
5	1	81	1	3	7	886	2997	58	21	86.568230	ΤΗΛ
5	1	81	1	3	8	955	2997	167	21	44.625832	24925424924
4	1	81	1	4	0	445	3032	506	28	-1	
5	1	81	1	4	1	445	3032	126	27	89.131752	Δεχόμεθα
5	1	81	1	4	2	586	3032	89	27	73.258011	παντὸς
5	1	81	1	4	3	692	3033	77	27	92.649086	εἴδους
5	1	81	1	4	4	785	3033	166	27	23.501770	πιαιοαγηλελίες,
4	1	81	1	5	0	402	3068	578	29	-1	
5	1	81	1	5	1	402	3068	134	29	37.392914	ΓΒαπτίσια,
5	1	81	1	5	2	552	3068	157	27	55.459480	᾿Αρραθῶνες.
5	1	81	1	5	3	726	3068	100	27	31.888748	Παγωπὸ
5	1	81	1	5	4	840	3068	29	27	88.601852	µέ
5	1	81	1	5	5	886	3068	28	21	93.296715	τὸ
5	1	81	1	5	6	930	3068	50	22	90.564110	κιλὸ
2	1	82	0	0	0	968	3033	168	27	-1	
3	1	82	1	0	0	968	3033	168	27	-1	
4	1	82	1	1	0	968	3033	168	27	-1	
5	1	82	1	1	1	968	3033	37	27	94.128510	γιὰ
5	1	82	1	1	2	1023	3033	90	27	39.064030	γάμους,
5	1	82	1	1	3	1135	3051	1	3	95.783646	|
2	1	83	0	0	0	1145	26	350	83	-1	
3	1	83	1	0	0	1145	26	350	83	-1	
4	1	83	1	1	0	1145	26	350	83	-1	
5	1	83	1	1	1	1145	26	350	83	95.000000	 
2	1	84	0	0	0	1143	127	354	354	-1	
3	1	84	1	0	0	1143	127	354	132	-1	
4	1	84	1	1	0	1193	127	304	24	-1	
5	1	84	1	1	1	1193	127	21	22	71.295013	ϱ
5	1	84	1	1	2	1232	128	56	21	90.127525	ΣΤΟ
5	1	84	1	1	3	1313	128	184	23	90.127525	ΜΙΝΩΤΑΥΡΟ-
4	1	84	1	2	0	1144	164	353	27	-1	
5	1	84	1	2	1	1144	164	101	21	82.867821	ΔΡΟΝΙΟ
5	1	84	1	2	2	1260	165	31	20	93.246994	τοῦ
5	1	84	1	2	3	1306	164	118	27	82.242996	Καραθᾶ,
5	1	84	1	2	4	1414	171	83	20	10.877396	ἂρχισα
4	1	84	1	3	0	1143	199	353	27	-1	
5	1	84	1	3	1	1143	199	24	21	92.779495	νὰ
5	1	84	1	3	2	1181	199	120	23	53.180050	ἐπουλώνονν
5	1	84	1	3	3	1316	199	30	25	90.088547	τίς
5	1	84	1	3	4	1359	199	137	27	55.717587	πολυάριόµες
4	1	84	1	4	0	1145	237	120	22	-1	
5	1	84	1	4	1	1145	237	120	22	35.895386	λανικοῦθες.
3	1	84	2	0	0	1143	276	354	205	-1	
4	1	84	2	1	0	1177	276	319	22	-1	
5	1	84	2	1	1	1177	276	21	21	55.456806	9
5	1	84	2	1	2	1217	276	37	21	93.243958	ΤΑ
5	1	84	2	1	3	1267	276	173	22	12.176559	ΚΑΘΙΣΜΑΤΑ.
5	1	84	2	1	4	1463	276	33	21	91.570900	πού
4	1	84	2	2	0	1145	312	350	26	-1	
5	1	84	2	2	1	1145	319	121	19	27.184235	τοποθέτησε
5	1	84	2	2	2	1297	314	8	20	91.481300	ὁ
5	1	84	2	2	3	1329	312	166	21	34.150932	ΑΘΑΝΑΣΙΟΣ
4	1	84	2	3	0	1147	347	350	26	-1	
5	1	84	2	3	1	1147	348	32	21	71.117332	Π.
5	1	84	2	3	2	1196	348	205	21	90.030197	ΠΑΠΑΣΤΑΘΗΣ
5	1	84	2	3	3	1415	347	33	22	65.863464	στόὀ
5	1	84	2	3	4	1463	356	34	17	87.816544	µα-
4	1	84	2	4	0	1144	382	351	28	-1	
5	1	84	2	4	1	1144	382	79	28	0.000000	ηαµτικὸ
5	1	84	2	4	2	1247	382	104	28	51.175426	Πρίδαλὸ
5	1	84	2	4	3	1368	391	32	13	93.268280	του
5	1	84	2	4	4	1416	383	79	27	90.780899	Προφή-
4	1	84	2	5	0	1143	418	160	27	-1	
5	1	84	2	5	1	1143	427	32	13	90.899277	του
5	1	84	2	5	2	1195	418	63	27	89.343758	Ἠλία,
5	1	84	2	5	3	1287	427	16	18	54.550610	φ:
4	1	84	2	6	0	1143	453	352	28	-1	
5	1	84	2	6	1	1143	462	35	13	69.380844	καν
5	1	84	2	6	2	1190	453	24	27	56.435272	μέ
5	1	84	2	6	3	1228	454	76	26	18.479187	δαπάνη
5	1	84	2	6	4	1317	456	31	19	92.993492	τοῦ
5	1	84	2	6	5	1360	454	54	27	76.747772	ἴδιου,
5	1	84	2	6	6	1427	453	34	27	96.705429	γιὰ
5	1	84	2	6	7	1472	453	23	22	84.546806	νά
2	1	85	0	0	0	1172	308	49	24	-1	
3	1	85	1	0	0	1172	308	49	24	-1	
4	1	85	1	1	0	1172	308	49	24	-1	
5	1	85	1	1	1	1172	308	49	24	95.000000	   
2	1	86	0	0	0	1350	418	146	28	-1	
3	1	86	1	0	0	1350	418	146	28	-1	
4	1	86	1	1	0	1350	418	146	28	-1	
5	1	86	1	1	1	1350	418	146	28	22.358673	οχρωματίστη-
2	1	87	0	0	0	1303	427	45	25	-1	
3	1	87	1	0	0	1303	427	45	25	-1	
4	1	87	1	1	0	1303	427	45	25	-1	
5	1	87	1	1	1	1303	427	45	25	95.000000	 
2	1	88	0	0	0	1141	489	355	139	-1	
3	1	88	1	0	0	1143	489	352	63	-1	
4	1	88	1	1	0	1143	489	352	28	-1	
5	1	88	1	1	1	1143	489	24	21	93.235146	τὰ
5	1	88	1	1	2	1183	492	148	25	32.337883	χρησιμοποιοῦν
5	1	88	1	1	3	1346	490	15	21	93.283119	οἱ
5	1	88	1	1	4	1374	489	121	28	53.948769	ρωμαντήκοί
4	1	88	1	2	0	1143	526	111	26	-1	
5	1	88	1	2	1	1143	526	111	26	0.000000	ὀπδρομεῖς.
3	1	88	2	0	0	1141	566	355	62	-1	
4	1	88	2	1	0	1185	566	311	21	-1	
5	1	88	2	1	1	1185	566	21	21	12.527390	9ϱ
5	1	88	2	1	2	1239	566	257	21	59.595757	ΠΡΑΡΜΑΤΟΠΟΙΗ-
4	1	88	2	2	0	1141	601	352	27	-1	
5	1	88	2	2	1	1141	602	80	21	87.049042	ΘΗΚΕ
5	1	88	2	2	2	1232	601	42	25	61.179947	στίς
5	1	88	2	2	3	1287	601	83	21	58.962460	21-6-84
5	1	88	2	2	4	1386	602	11	25	84.674362	ἡ
5	1	88	2	2	5	1409	601	84	27	54.089870	ἐνδρομή
2	1	89	0	0	0	1143	637	351	21	-1	
3	1	89	1	0	0	1143	637	351	21	-1	
4	1	89	1	1	0	1143	637	351	21	-1	
5	1	89	1	1	1	1143	639	31	19	80.845886	ποῦ
5	1	89	1	1	2	1190	637	178	21	76.340202	ΣΥΝΔΗΣΜΟΥ
5	1	89	1	1	3	1384	637	110	20	52.778854	ΓΕΩΡΓΙ-
2	1	90	0	0	0	1199	699	143	70	-1	
3	1	90	1	0	0	1199	699	143	70	-1	
4	1	90	1	1	0	1315	699	16	35	-1	
5	1	90	1	1	1	1315	699	16	35	95.000000	   
4	1	90	1	2	0	1199	742	143	27	-1	
5	1	90	1	2	1	1199	742	143	27	95.000000	 
2	1	91	0	0	0	1142	671	353	63	-1	
3	1	91	1	0	0	1142	671	353	63	-1	
4	1	91	1	1	0	1142	671	353	28	-1	
5	1	91	1	1	1	1142	672	132	21	84.570877	ΤΙΣΙΑΝΩΝ
5	1	91	1	1	2	1298	672	136	27	69.711807	ΑΤΤΙΚΗΣ.
5	1	91	1	1	3	1461	671	34	22	95.113136	στό
4	1	91	1	2	0	1142	707	352	27	-1	
5	1	91	1	2	1	1142	707	93	22	7.561981	Ναύπλιο
5	1	91	1	2	2	1255	707	33	22	67.487534	καί
5	1	91	1	2	3	1305	708	81	26	93.187828	περιοχή
5	1	91	1	2	4	1404	707	90	21	60.812561	᾿Επιδαύ-
2	1	92	0	0	0	1141	742	353	244	-1	
3	1	92	1	0	0	1142	742	260	27	-1	
4	1	92	1	1	0	1142	742	260	27	-1	
5	1	92	1	1	1	1142	751	33	18	91.735146	ρου
5	1	92	1	1	2	1183	752	15	16	88.186188	µι
5	1	92	1	1	3	1342	742	60	27	81.430946	τυχία.
3	1	92	2	0	0	1141	782	353	204	-1	
4	1	92	2	1	0	1175	782	318	21	-1	
5	1	92	2	1	1	1175	782	21	21	27.305466	6
5	1	92	2	1	2	1214	783	19	20	79.973480	Ἡ
5	1	92	2	1	3	1246	783	156	20	87.342010	ΓΕΩΤΡΗΣΗ
5	1	92	2	1	4	1416	782	33	21	90.601761	πού
5	1	92	2	1	5	1476	782	17	21	91.607765	ἔ-
4	1	92	2	2	0	1141	817	352	28	-1	
5	1	92	2	2	1	1141	825	42	20	1.228729	Υ8
5	1	92	2	2	2	1211	818	24	26	91.568031	στή
5	1	92	2	2	3	1254	818	149	21	30.447075	ΠΒΛΛΑΝΑ.
5	1	92	2	2	4	1431	817	62	22	92.974770	δίπλα
4	1	92	2	3	0	1154	853	339	26	-1	
5	1	92	2	3	1	1154	853	21	21	93.241669	τό
5	1	92	2	3	2	1187	853	137	23	48.643555	ἀντλιοσιτάσιο
5	1	92	2	3	3	1337	855	35	24	92.283257	τῆς
5	1	92	2	3	4	1400	853	93	26	0.000000	᾿Αισπρης
4	1	92	2	4	0	1141	888	353	28	-1	
5	1	92	2	4	1	1141	888	87	28	44.033924	Βρύσης,
5	1	92	2	4	2	1241	888	36	25	85.123169	στὰ
5	1	92	2	4	3	1289	888	41	22	91.831932	100
5	1	92	2	4	4	1341	897	18	17	61.853035	µ.
5	1	92	2	4	5	1371	888	63	24	57.211002	θάδας
5	1	92	2	4	6	1450	889	44	26	40.550934	βρῆ-
4	1	92	2	5	0	1141	923	351	27	-1	
5	1	92	2	5	1	1141	933	23	12	64.005791	Χξ
5	1	92	2	5	2	1178	924	76	26	69.843102	ὑπάγειο
5	1	92	2	5	3	1270	923	80	27	54.307617	ποπαµό,
5	1	92	2	5	4	1364	923	34	21	92.638138	πού
5	1	92	2	5	5	1412	923	46	21	93.712570	δίνει
5	1	92	2	5	6	1473	925	19	19	84.653793	δε
4	1	92	2	6	0	1366	958	128	28	-1	
5	1	92	2	6	1	1366	958	35	28	38.348278	ὅμι
5	1	92	2	6	2	1411	959	13	26	81.230072	ἡ
5	1	92	2	6	3	1432	958	62	27	27.804443	πηγη]
2	1	93	0	0	0	1142	959	208	28	-1	
3	1	93	1	0	0	1142	959	208	28	-1	
4	1	93	1	1	0	1142	959	208	28	-1	
5	1	93	1	1	1	1142	959	99	23	0.000000	παϊπλάσηο
5	1	93	1	1	2	1253	959	52	28	7.212585	περὸ,
5	1	93	1	1	3	1320	959	30	22	30.517982	ἀπ᾿
2	1	94	0	0	0	1148	1018	330	5	-1	
3	1	94	1	0	0	1148	1018	330	5	-1	
4	1	94	1	1	0	1148	1018	330	5	-1	
5	1	94	1	1	1	1148	1018	330	5	95.000000	 
2	1	95	0	0	0	1132	1033	366	399	-1	
3	1	95	1	0	0	1132	1033	366	399	-1	
4	1	95	1	1	0	1132	1033	366	399	-1	
5	1	95	1	1	1	1132	1033	366	399	95.000000	 
2	1	96	0	0	0	1141	1437	352	238	-1	
3	1	96	1	0	0	1141	1437	352	238	-1	
4	1	96	1	1	0	1171	1437	322	28	-1	
5	1	96	1	1	1	1171	1439	24	21	24.167465	ἵὉ
5	1	96	1	1	2	1209	1438	152	27	34.623772	συμπαπριώπης
5	1	96	1	1	3	1376	1445	38	18	92.201973	µας
5	1	96	1	1	4	1429	1446	18	13	93.079750	κ.
5	1	96	1	1	5	1456	1437	37	21	60.087631	Δ]-
4	1	96	1	2	0	1147	1473	346	23	-1	
5	1	96	1	2	1	1147	1474	86	22	80.898628	ΟΝΥΣ.
5	1	96	1	2	2	1258	1473	211	21	31.068359	ΚΙΑΡΑΜΠΕΛΙΑΣ
5	1	96	1	2	3	1485	1486	8	2	93.076126	-
4	1	96	1	3	0	1142	1507	350	29	-1	
5	1	96	1	3	1	1142	1510	25	20	45.783852	Σ.
5	1	96	1	3	2	1171	1509	127	27	69.833984	ΟΥΡΑΑΣ,
5	1	96	1	3	3	1329	1509	35	24	91.504662	Ίος
5	1	96	1	3	4	1380	1507	112	27	58.140568	Δημοτικὸς
4	1	96	1	4	0	1141	1543	351	28	-1	
5	1	96	1	4	1	1141	1546	14	21	0.000000	Σ
5	1	96	1	4	2	1158	1545	97	26	0.000000	µβωλος
5	1	96	1	4	3	1268	1544	123	27	21.548935	᾿ΑΦηναίων,
5	1	96	1	4	4	1401	1543	33	22	96.898880	ποὺ
5	1	96	1	4	5	1442	1543	50	22	96.898880	εἶναι
4	1	96	1	5	0	1169	1579	323	28	-1	
5	1	96	1	5	1	1169	1581	5	20	50.660938	ὴ
5	1	96	1	5	2	1188	1580	95	27	87.445457	στέλεχος
5	1	96	1	5	3	1298	1582	31	20	96.281555	τοῦ
5	1	96	1	5	4	1345	1579	104	21	0.000000	ΠΑΣΟΚ
5	1	96	1	5	5	1457	1579	35	26	12.523155	τὴν
4	1	96	1	6	0	1213	1609	279	31	-1	
5	1	96	1	6	1	1213	1624	11	16	85.267448	η
5	1	96	1	6	2	1234	1622	36	18	91.387985	τῆς
5	1	96	1	6	3	1278	1614	93	26	0.000000	µεμάλης
5	1	96	1	6	4	1381	1609	111	31	3.917007	συγκέντρω
4	1	96	1	7	0	1378	1648	114	27	-1	
5	1	96	1	7	1	1378	1648	114	27	0.000000	ἐπεριιέφθδη
2	1	97	0	0	0	1131	41	6	1546	-1	
3	1	97	1	0	0	1131	41	6	1546	-1	
4	1	97	1	1	0	1131	41	6	1546	-1	
5	1	97	1	1	1	1131	41	6	1546	95.000000	 
2	1	98	0	0	0	1506	46	5	1558	-1	
3	1	98	1	0	0	1506	46	5	1558	-1	
4	1	98	1	1	0	1506	46	5	1558	-1	
5	1	98	1	1	1	1506	46	5	1558	95.000000	 
2	1	99	0	0	0	1181	1604	7	3	-1	
3	1	99	1	0	0	1181	1604	7	3	-1	
4	1	99	1	1	0	1181	1604	7	3	-1	
5	1	99	1	1	1	1181	1604	7	3	95.000000	 
2	1	100	0	0	0	1137	1611	76	38	-1	
3	1	100	1	0	0	1137	1611	76	38	-1	
4	1	100	1	1	0	1137	1611	76	38	-1	
5	1	100	1	1	1	1137	1611	76	38	95.000000	 
2	1	101	0	0	0	1193	1649	157	51	-1	
3	1	101	1	0	0	1193	1649	157	51	-1	
4	1	101	1	1	0	1193	1649	157	51	-1	
5	1	101	1	1	1	1193	1651	36	49	16.031708	ος
5	1	101	1	1	2	1246	1650	31	41	0.000000	κ
5	1	101	1	1	3	1281	1649	69	27	35.187614	ἁρτης,
2	1	102	0	0	0	1138	1654	65	26	-1	
3	1	102	1	0	0	1138	1654	65	26	-1	
4	1	102	1	1	0	1138	1654	65	26	-1	
5	1	102	1	1	1	1138	1654	65	26	95.000000	 
2	1	103	0	0	0	1198	1701	294	47	-1	
3	1	103	1	0	0	1198	1701	294	47	-1	
4	1	103	1	1	0	1198	1701	294	47	-1	
5	1	103	1	1	1	1198	1704	49	41	0.000000	.-
5	1	103	1	1	2	1243	1701	50	41	12.543198	ο
5	1	103	1	1	3	1304	1720	20	22	93.215714	τὸ
5	1	103	1	1	4	1337	1720	80	28	0.000000	πρὰσινο
5	1	103	1	1	5	1427	1719	32	22	90.518257	καὶ
5	1	103	1	1	6	1468	1720	24	21	95.380791	τά
2	1	104	0	0	0	1142	1728	62	19	-1	
3	1	104	1	0	0	1142	1728	62	19	-1	
4	1	104	1	1	0	1142	1728	62	19	-1	
5	1	104	1	1	1	1142	1728	62	19	95.000000	 
2	1	105	0	0	0	1144	1756	191	27	-1	
3	1	105	1	0	0	1144	1756	191	27	-1	
4	1	105	1	1	0	1144	1756	191	27	-1	
5	1	105	1	1	1	1144	1757	74	26	79.863785	ἄφθονο
5	1	105	1	1	2	1232	1756	48	27	67.887253	νερά
5	1	105	1	1	3	1294	1763	41	15	18.202240	που.
2	1	106	0	0	0	1143	1809	352	303	-1	
3	1	106	1	0	0	1143	1809	352	303	-1	
4	1	106	1	1	0	1143	1809	352	303	-1	
5	1	106	1	1	1	1143	1809	352	303	95.000000	 
2	1	107	0	0	0	1142	2128	351	62	-1	
3	1	107	1	0	0	1142	2128	351	62	-1	
4	1	107	1	1	0	1142	2128	351	22	-1	
5	1	107	1	1	1	1142	2129	47	21	92.769836	ΗΛ.
5	1	107	1	1	2	1212	2128	281	21	51.030087	ΠΑΠΙΑΘΑΝΑΣΟΠΟΥ
4	1	107	1	2	0	1142	2163	351	27	-1	
5	1	107	1	2	1	1142	2165	68	20	63.224659	ΛΟΣ:
5	1	107	1	2	2	1223	2165	25	20	47.545395	“Ὁ
5	1	107	1	2	3	1260	2164	102	26	40.586021	«ἀαπᾶτε
5	1	107	1	2	4	1374	2163	21	22	93.270988	τὸ
5	1	107	1	2	5	1408	2163	85	27	75.770111	Γεωργί-
2	1	108	0	0	0	1143	2199	350	27	-1	
3	1	108	1	0	0	1143	2199	350	27	-1	
4	1	108	1	1	0	1143	2199	350	27	-1	
5	1	108	1	1	1	1143	2207	49	14	51.568264	τσι).
5	1	108	1	1	2	1208	2199	177	27	15.405701	Συμληρώθῳιαν
5	1	108	1	1	3	1401	2199	11	21	59.343353	ὃ
5	1	108	1	1	4	1426	2199	67	27	69.805405	χρόνια
2	1	109	0	0	0	1230	2203	13	26	-1	
3	1	109	1	0	0	1230	2203	13	26	-1	
4	1	109	1	1	0	1230	2203	13	26	-1	
5	1	109	1	1	1	1230	2203	13	26	95.000000	 
2	1	110	0	0	0	1143	2234	350	22	-1	
3	1	110	1	0	0	1143	2234	350	22	-1	
4	1	110	1	1	0	1143	2234	350	22	-1	
5	1	110	1	1	1	1143	2234	35	21	96.813416	ἀπὸ
5	1	110	1	1	2	1190	2237	31	19	92.914375	τοῦ
5	1	110	1	1	3	1235	2234	89	21	1.376404	Φανὰτου
5	1	110	1	1	4	1338	2242	40	14	81.733353	που.
5	1	110	1	1	5	1389	2234	32	21	91.377563	Θὰ
5	1	110	1	1	6	1432	2234	61	21	37.192554	τὰνθυ
2	1	111	0	0	0	1142	2269	174	27	-1	
3	1	111	1	0	0	1142	2269	174	27	-1	
4	1	111	1	1	0	1142	2269	174	27	-1	
5	1	111	1	1	1	1142	2269	87	27	5.852089	μάμαστε
5	1	111	1	1	2	1243	2269	73	22	0.000000	πὰντὰ.
2	1	112	0	0	0	1153	2328	336	4	-1	
3	1	112	1	0	0	1153	2328	336	4	-1	
4	1	112	1	1	0	1153	2328	336	4	-1	
5	1	112	1	1	1	1153	2328	336	4	95.000000	 
2	1	113	0	0	0	1176	2357	318	23	-1	
3	1	113	1	0	0	1133	2357	361	41	-1	
4	1	113	1	1	0	1176	2357	318	23	-1	
5	1	113	1	1	1	1176	2357	21	22	71.321106	6
5	1	113	1	1	2	1214	2359	39	20	65.702721	ΕΝ
5	1	113	1	1	3	1265	2358	71	21	0.000000	ΟΣΊΠ
5	1	113	1	1	4	1349	2358	145	22	23.441223	ΒΚΛΟΓΩΝ.
2	1	114	0	0	0	1145	2411	349	28	-1	
3	1	114	1	0	0	1145	2411	349	28	-1	
4	1	114	1	1	0	1145	2411	349	28	-1	
5	1	114	1	1	1	1145	2412	51	21	59.977585	"Οσο
5	1	114	1	1	2	1208	2411	33	22	82.681442	καί
5	1	114	1	1	3	1256	2412	21	21	96.424881	ἂν
5	1	114	1	1	4	1291	2412	16	21	93.305222	οἱ
5	1	114	1	1	5	1319	2413	62	25	61.334347	ἐκλογές
5	1	114	1	1	6	1418	2411	76	28	0.000000	βρύσινον
2	1	115	0	0	0	1143	2420	351	54	-1	
3	1	115	1	0	0	1143	2420	351	54	-1	
4	1	115	1	1	0	1143	2420	351	54	-1	
5	1	115	1	1	1	1143	2456	31	13	74.227997	ται
5	1	115	1	1	2	1187	2447	46	27	2.539932	λίγο
5	1	115	1	1	3	1244	2447	82	27	20.651260	ψιακριὰ,
5	1	115	1	1	4	1339	2420	73	48	19.608727	σος
5	1	115	1	1	5	1426	2447	21	22	96.864388	τό
5	1	115	1	1	6	1459	2456	35	18	96.047943	προ
2	1	116	0	0	0	1455	2484	8	10	-1	
3	1	116	1	0	0	1455	2484	8	10	-1	
4	1	116	1	1	0	1455	2484	8	10	-1	
5	1	116	1	1	1	1455	2484	8	10	71.890640	τι
2	1	117	0	0	0	1142	2484	353	202	-1	
3	1	117	1	0	0	1142	2484	353	202	-1	
4	1	117	1	1	0	1142	2484	353	25	-1	
5	1	117	1	1	1	1142	2484	96	25	43.535286	λογικό
5	1	117	1	1	2	1251	2484	63	24	15.102303	κλίμα
5	1	117	1	1	3	1462	2490	33	13	49.956451	ται
4	1	117	1	2	0	1142	2517	285	27	-1	
5	1	117	1	2	1	1142	2518	44	21	28.536514	στόν
5	1	117	1	2	2	1205	2517	52	23	88.926018	τάπο.
5	1	117	1	2	3	1285	2518	42	22	20.531593	Ἰκαί
5	1	117	1	2	4	1343	2519	84	25	18.499298	καλλιρ
4	1	117	1	3	0	1144	2552	313	28	-1	
5	1	117	1	3	1	1144	2554	31	20	84.119476	ἀπ᾿
5	1	117	1	3	2	1189	2553	58	25	93.074516	ὅλους
5	1	117	1	3	3	1259	2561	48	19	86.358627	µας,
5	1	117	1	3	4	1321	2554	47	26	92.693161	ἀφοῦ
5	1	117	1	3	5	1381	2552	76	28	90.829010	γνωσπό
4	1	117	1	4	0	1279	2589	216	26	-1	
5	1	117	1	4	1	1279	2589	112	26	23.647926	Ἓλληνες,
5	1	117	1	4	2	1409	2590	86	25	37.123375	«Ψοφᾶμε
4	1	117	1	5	0	1143	2624	328	27	-1	
5	1	117	1	5	1	1143	2624	34	27	93.190529	γιὰ
5	1	117	1	5	2	1192	2624	113	26	51.593838	πολήτηκή».
5	1	117	1	5	3	1320	2624	57	26	45.927765	"δη
5	1	117	1	5	4	1391	2624	15	21	96.760185	οἱ
5	1	117	1	5	5	1420	2631	51	20	2.727509	χα
4	1	117	1	6	0	1143	2659	187	27	-1	
5	1	117	1	6	1	1143	2659	69	22	58.123566	λασποί
5	1	117	1	6	2	1228	2660	102	26	74.402298	ὑποψήφιοι
2	1	118	0	0	0	1340	2484	120	25	-1	
3	1	118	1	0	0	1340	2484	120	25	-1	
4	1	118	1	1	0	1340	2484	120	25	-1	
5	1	118	1	1	1	1340	2484	120	25	0.000000	θσθνλκιερηγεῖ
2	1	119	0	0	0	1427	2491	80	123	-1	
3	1	119	1	0	0	1427	2491	80	123	-1	
4	1	119	1	1	0	1453	2491	14	23	-1	
5	1	119	1	1	1	1453	2491	14	23	95.000000	  
4	1	119	1	2	0	1427	2514	73	35	-1	
5	1	119	1	2	1	1427	2514	73	35	95.000000	  
4	1	119	1	3	0	1460	2549	40	29	-1	
5	1	119	1	3	1	1460	2549	40	29	95.000000	 
4	1	119	1	4	0	1494	2595	13	19	-1	
5	1	119	1	4	1	1494	2595	13	19	95.000000	 
2	1	120	0	0	0	1142	2588	353	205	-1	
3	1	120	1	0	0	1142	2588	353	170	-1	
4	1	120	1	1	0	1142	2588	120	22	-1	
5	1	120	1	1	1	1142	2597	30	13	69.684341	Ναι
5	1	120	1	1	2	1187	2588	29	22	93.265305	ὅτι
5	1	120	1	1	3	1229	2589	33	21	32.620399	σὰν
4	1	120	1	2	0	1360	2659	81	27	-1	
5	1	120	1	2	1	1360	2659	81	27	58.652554	ἄρχισαν
4	1	120	1	3	0	1144	2694	351	29	-1	
5	1	120	1	3	1	1144	2695	173	28	22.014473	«προναταρτικὰ»
5	1	120	1	3	2	1334	2703	51	19	96.689705	τους,
5	1	120	1	3	3	1401	2694	32	22	65.375259	καὶ
5	1	120	1	3	4	1464	2694	31	22	0.000000	δόν
4	1	120	1	4	0	1143	2730	300	28	-1	
5	1	120	1	4	1	1143	2731	49	21	96.839088	εἶναι
5	1	120	1	4	2	1207	2731	74	27	63.064133	µακριά
5	1	120	1	4	3	1299	2731	11	25	73.182373	ἡ
5	1	120	1	4	4	1324	2731	71	26	0.000000	στηηµή
5	1	120	1	4	5	1409	2730	34	21	96.539505	πού
3	1	120	2	0	0	1144	2765	316	28	-1	
4	1	120	2	1	0	1144	2765	316	28	-1	
5	1	120	2	1	1	1144	2768	39	24	90.436142	μᾶς
5	1	120	2	1	2	1200	2765	144	28	74.249069	«σπαυρώνουν»
5	1	120	2	1	3	1362	2766	34	26	96.848846	γιὰ
5	1	120	2	1	4	1411	2765	24	21	92.880493	νὰ
5	1	120	2	1	5	1451	2774	9	4	87.535507	τ
2	1	121	0	0	0	1144	2797	352	261	-1	
3	1	121	1	0	0	1144	2797	142	36	-1	
4	1	121	1	1	0	1144	2797	142	36	-1	
5	1	121	1	1	1	1144	2797	116	36	20.915741	σταυρώσου,
5	1	121	1	1	2	1272	2811	14	12	50.032291	ε,,
3	1	121	2	0	0	1151	2889	345	129	-1	
4	1	121	2	1	0	1275	2889	95	22	-1	
5	1	121	2	1	1	1275	2889	95	22	45.016815	ΡΡΒΟΡ
4	1	121	2	2	0	1153	2925	332	21	-1	
5	1	121	2	2	1	1153	2925	159	21	85.528610	ΚΡΥΣΤΑΛΑ
5	1	121	2	2	2	1322	2939	7	2	85.528610	-
5	1	121	2	2	3	1343	2925	142	21	76.627602	ΠΟΡΣΕΛΑ
4	1	121	2	3	0	1153	2960	243	22	-1	
5	1	121	2	3	1	1153	2961	50	21	81.630264	ΝΑΙ
5	1	121	2	3	2	1212	2975	8	2	79.855682	-
5	1	121	2	3	3	1229	2960	167	22	94.766884	ΦΩΤΙΣΤΙΚΑ.
4	1	121	2	4	0	1151	2995	345	23	-1	
5	1	121	2	4	1	1151	2996	94	21	44.037472	ΡΕΒΟΡ
5	1	121	2	4	2	1258	2996	118	22	89.595657	ΥΑΛΙΚΑ.
5	1	121	2	4	3	1390	2995	83	22	94.306442	Σταδίου
5	1	121	2	4	4	1485	2996	11	20	81.907471	4
3	1	121	3	0	0	1165	3031	308	27	-1	
4	1	121	3	1	0	1165	3031	308	27	-1	
5	1	121	3	1	1	1165	3031	29	21	85.438416	Τό
5	1	121	3	1	2	1204	3031	142	27	82.065018	ὑπερσύγιχρονο
5	1	121	3	1	3	1356	3031	117	27	32.743370	κατάστημα
2	1	122	0	0	0	1246	3067	155	21	-1	
3	1	122	1	0	0	1246	3067	155	21	-1	
4	1	122	1	1	0	1246	3067	155	21	-1	
5	1	122	1	1	1	1246	3067	125	21	93.012009	ΣΤΑΔΙΟΥ
5	1	122	1	1	2	1389	3067	12	21	50.746414	ἆ
2	1	123	0	0	0	1186	2861	303	5	-1	
3	1	123	1	0	0	1186	2861	303	5	-1	
4	1	123	1	1	0	1186	2861	303	5	-1	
5	1	123	1	1	1	1186	2861	303	5	95.000000	 
2	1	124	0	0	0	1309	2862	68	4	-1	
3	1	124	1	0	0	1309	2862	68	4	-1	
4	1	124	1	1	0	1309	2862	68	4	-1	
5	1	124	1	1	1	1309	2862	68	4	95.000000	 
2	1	125	0	0	0	1133	2527	4	569	-1	
3	1	125	1	0	0	1133	2527	4	569	-1	
4	1	125	1	1	0	1133	2527	4	569	-1	
5	1	125	1	1	1	1133	2527	4	569	95.000000	 
2	1	126	0	0	0	1553	40	673	49	-1	
3	1	126	1	0	0	1553	40	673	49	-1	
4	1	126	1	1	0	1553	40	673	49	-1	
5	1	126	1	1	1	1553	40	187	49	90.931534	Δεύτερο
5	1	126	1	1	2	1755	41	189	40	90.054367	Μουσεῖο
5	1	126	1	1	3	1960	40	77	40	34.499954	στἠ
5	1	126	1	1	4	2062	40	164	49	96.092758	Σπάρτη
2	1	127	0	0	0	1757	104	262	6	-1	
3	1	127	1	0	0	1757	104	262	6	-1	
4	1	127	1	1	0	1757	104	262	6	-1	
5	1	127	1	1	1	1757	104	262	6	95.000000	 
2	1	128	0	0	0	1529	129	712	738	-1	
3	1	128	1	0	0	1533	129	708	170	-1	
4	1	128	1	1	0	1565	129	676	28	-1	
5	1	128	1	1	1	1565	129	151	28	87.779961	Μπιαίνοντας
5	1	128	1	1	2	1730	130	43	27	92.933937	στή
5	1	128	1	1	3	1786	129	117	28	96.245186	Λεωφόρο
5	1	128	1	1	4	1914	129	167	28	40.342541	Παλαιολόγου
5	1	128	1	1	5	2093	130	43	27	91.212791	τῆς
5	1	128	1	1	6	2163	129	78	28	78.084793	Σπάρ-
4	1	128	1	2	0	1533	165	705	28	-1	
5	1	128	1	2	1	1533	172	49	20	89.974663	της,
5	1	128	1	2	2	1595	165	162	28	87.659416	ἀντικρίζουμε
5	1	128	1	2	3	1771	165	28	22	96.243927	τό
5	1	128	1	2	4	1813	165	119	28	46.500465	θαυμάσια
5	1	128	1	2	5	1943	165	179	28	31.548607	ἀνακαινίσμένο
5	1	128	1	2	6	2132	165	106	27	65.887413	πιαραδο-
4	1	128	1	3	0	1534	200	705	28	-1	
5	1	128	1	3	1	1534	200	68	22	60.199734	σιακὀ
5	1	128	1	3	2	1614	201	39	21	85.655037	καί
5	1	128	1	3	3	1664	201	183	27	61.713314	µεγαλοπιρεπές
5	1	128	1	3	4	1859	201	75	27	91.144867	κπίριο
5	1	128	1	3	5	1947	202	43	20	93.296738	τοῦ
5	1	128	1	3	6	2004	201	134	27	27.304276	Βαἰλασάκη,
5	1	128	1	3	7	2151	200	46	22	87.237869	πιού
5	1	128	1	3	8	2213	200	26	21	92.715256	ᾱ-
4	1	128	1	4	0	1535	236	704	28	-1	
5	1	128	1	4	1	1535	236	135	28	47.074509	γοράστηκε
5	1	128	1	4	2	1686	236	47	22	90.880936	ἀπό
5	1	128	1	4	3	1753	236	41	28	93.290741	τήν
5	1	128	1	4	4	1808	237	131	27	87.110382	οἰκογένεια
5	1	128	1	4	5	1954	237	173	27	20.503014	Κουμάνταρου
5	1	128	1	4	6	2141	236	39	22	54.487396	καί
5	1	128	1	4	7	2209	236	30	21	10.858856	«θά
4	1	128	1	5	0	1536	272	573	27	-1	
5	1	128	1	5	1	1536	272	110	27	68.010788	στεγάσει
5	1	128	1	5	2	1654	272	28	21	93.257965	τό
5	1	128	1	5	3	1691	272	104	22	91.363121	Μουσεῖο
5	1	128	1	5	4	1805	272	186	27	87.815361	Καλλιπεχνικῶν
5	1	128	1	5	5	1999	272	110	21	39.248905	Πινάκων.
3	1	128	2	0	0	1534	307	706	171	-1	
4	1	128	2	1	0	1565	307	675	28	-1	
5	1	128	2	1	1	1565	308	105	27	32.876038	᾿Αρχικὰ,
5	1	128	2	1	2	1684	308	12	21	92.213760	ὁ
5	1	128	2	1	3	1706	308	118	27	72.078003	Δωρηπής
5	1	128	2	1	4	1837	308	110	27	82.405899	πρότεινε
5	1	128	2	1	5	1961	308	30	21	81.606018	νὰ
5	1	128	2	1	6	2005	308	87	21	81.330933	κτισθεῖ
5	1	128	2	1	7	2106	307	42	22	95.955132	στό
5	1	128	2	1	8	2161	308	79	27	95.955132	πάρκο
4	1	128	2	2	0	1534	343	705	28	-1	
5	1	128	2	2	1	1534	344	43	20	96.861305	τοῦ
5	1	128	2	2	2	1591	344	81	27	96.747910	πρώην
5	1	128	2	2	3	1686	343	186	28	4.522476	Γυμναστηρίου,
5	1	128	2	2	4	1889	343	83	21	90.957710	ὅπιου...
5	1	128	2	2	5	1988	343	155	28	58.566364	ὁπωσδήποτε
5	1	128	2	2	6	2157	343	30	21	56.713783	θὰ
5	1	128	2	2	7	2196	343	43	27	92.036026	χά-
4	1	128	2	3	0	1535	378	705	28	-1	
5	1	128	2	3	1	1535	379	58	27	89.653313	λαγε
5	1	128	2	3	2	1608	378	27	22	93.136589	τό
5	1	128	2	3	3	1649	379	98	27	91.940552	λιγοστό
5	1	128	2	3	4	1762	379	103	27	96.524689	πράσινο
5	1	128	2	3	5	1882	380	41	26	93.287376	τῆς
5	1	128	2	3	6	1940	379	119	27	77.120743	Σπιάρπης,
5	1	128	2	3	7	2073	379	60	20	81.714142	καῄ...
5	1	128	2	3	8	2148	379	92	27	96.785629	μᾶλλον
4	1	128	2	4	0	1534	413	704	29	-1	
5	1	128	2	4	1	1534	414	27	21	96.851799	τό
5	1	128	2	4	2	1573	414	38	22	93.266693	νέο
5	1	128	2	4	3	1622	414	74	28	93.242683	κπίριο
5	1	128	2	4	4	1707	414	46	22	60.517548	πού
5	1	128	2	4	5	1765	414	30	21	68.488388	θὰ
5	1	128	2	4	6	1809	414	109	27	65.865074	κπιζόταν
5	1	128	2	4	7	1931	414	37	22	95.947151	δέν
5	1	128	2	4	8	1984	414	28	21	92.948654	θὰ
5	1	128	2	4	9	2033	413	49	28	93.076164	εἶχε
5	1	128	2	4	10	2093	414	42	27	92.281570	τήν
5	1	128	2	4	11	2152	414	86	27	17.981049	ἔκπταίιση
4	1	128	2	5	0	1534	450	649	28	-1	
5	1	128	2	5	1	1534	450	38	22	70.360268	καί
5	1	128	2	5	2	1584	450	29	27	93.290688	τή
5	1	128	2	5	3	1625	450	196	28	86.209435	µεγαλοπιρέπεια
5	1	128	2	5	4	1832	451	43	21	93.258629	τοῦ
5	1	128	2	5	5	1892	450	143	27	63.732605	ἀρχοντικοῦ
5	1	128	2	5	6	2049	450	134	27	91.872070	Βαιλασάκη.
3	1	128	3	0	0	1531	485	710	169	-1	
4	1	128	3	1	0	1581	485	658	29	-1	
5	1	128	3	1	1	1581	503	4	4	0.000000	.:
5	1	128	3	1	2	1601	485	118	28	35.178230	Εὐπυχῶς,
5	1	128	3	1	3	1735	486	12	21	93.223419	ὁ
5	1	128	3	1	4	1763	485	140	29	26.850441	Διευθυντής
5	1	128	3	1	5	1918	486	43	21	93.205429	τοῦ
5	1	128	3	1	6	1977	486	134	21	40.164913	Λακωνικοῦ
5	1	128	3	1	7	2145	485	94	27	85.614700	Κήρυκα
4	1	128	3	2	0	1535	520	706	28	-1	
5	1	128	3	2	1	1535	521	147	27	93.561127	συνάδελφος
5	1	128	3	2	2	1694	528	19	14	93.276009	κ.
5	1	128	3	2	3	1729	521	113	27	49.146324	᾽Ανδρέας
5	1	128	3	2	4	1854	521	98	27	90.598373	Χιώτης,
5	1	128	3	2	5	1970	521	62	27	83.961815	ἔριδε
5	1	128	3	2	6	2046	521	41	27	93.276512	τήν
5	1	128	3	2	7	2102	520	50	22	92.063148	ἰδέα
5	1	128	3	2	8	2165	520	28	21	93.297195	νὰ
5	1	128	3	2	9	2208	520	33	27	0.000000	|µή
4	1	128	3	3	0	1535	555	705	29	-1	
5	1	128	3	3	1	1535	556	54	27	96.370705	γίνει
5	1	128	3	3	2	1603	556	28	21	93.220680	τό
5	1	128	3	3	3	1646	556	105	28	91.107185	ἔγκλημα
5	1	128	3	3	4	1765	557	42	27	93.287521	τῆς
5	1	128	3	3	5	1821	557	170	27	91.137993	καταστροφῆς
5	1	128	3	3	6	2007	557	42	20	96.136192	τοῦ.
5	1	128	3	3	7	2068	556	104	27	96.232147	Πάρκου,
5	1	128	3	3	8	2201	555	39	22	22.539131	καί
4	1	128	3	4	0	1531	591	705	28	-1	
5	1	128	3	4	1	1531	592	28	21	78.219635	νὰ
5	1	128	3	4	2	1570	592	147	27	91.718864	ἀποφευχθεῖ
5	1	128	3	4	3	1726	592	40	21	95.501045	καί
5	1	128	3	4	4	1776	592	101	27	41.474342	δεύτερο
5	1	128	3	4	5	1891	591	105	28	77.489441	ἔγκλημα
5	1	128	3	4	6	2008	593	42	26	93.302589	τῆς
5	1	128	3	4	7	2061	591	175	27	80.721687	καπεδαφίσεως
4	1	128	3	5	0	1533	627	572	27	-1	
5	1	128	3	5	1	1533	627	53	27	91.685493	ἑνός
5	1	128	3	5	2	1594	628	200	26	90.297691	μεγαλοπιρεπιοῦς
5	1	128	3	5	3	1803	627	181	27	86.449585	παραδοσιακοῦ
5	1	128	3	5	4	1991	627	114	27	60.554680	μεγάρου.
3	1	128	4	0	0	1529	661	707	206	-1	
4	1	128	4	1	0	1558	661	676	29	-1	
5	1	128	4	1	1	1558	662	37	22	92.792023	Μέ
5	1	128	4	1	2	1606	663	42	27	93.300827	τήν
5	1	128	4	1	3	1661	662	96	28	86.250816	φαεινήν
5	1	128	4	1	4	1772	662	63	22	92.797096	ἰδέαν
5	1	128	4	1	5	1846	663	43	21	96.525589	τοῦ
5	1	128	4	1	6	1901	669	18	14	92.511955	κ.
5	1	128	4	1	7	1935	662	100	27	68.404724	᾿Ανδρέα
5	1	128	4	1	8	2045	662	76	27	91.216896	Χιώπη
5	1	128	4	1	9	2134	661	100	28	72.643890	ἀπιεφεύ-
4	1	128	4	2	0	1530	697	705	29	-1	
5	1	128	4	2	1	1530	698	93	28	38.996452	Χθησαν
5	1	128	4	2	2	1632	698	43	21	93.300415	δύο
5	1	128	4	2	3	1683	698	144	27	0.000000	ἐγκλήματα!'
5	1	128	4	2	4	1838	697	72	28	92.698906	αὐτός
5	1	128	4	2	5	1920	697	58	22	93.101875	εἶναι
5	1	128	4	2	6	1992	698	14	21	93.101875	ὁ
5	1	128	4	2	7	2015	697	74	28	96.628937	ρόλος
5	1	128	4	2	8	2099	698	41	27	93.298431	τῆς
5	1	128	4	2	9	2156	697	79	28	86.150391	Δημο-
4	1	128	4	3	0	1532	731	704	29	-1	
5	1	128	4	3	1	1532	733	149	27	75.470711	σιοήραφίας,
5	1	128	4	3	2	1696	733	29	21	93.301888	νὰ
5	1	128	4	3	3	1740	732	90	28	70.709946	θρίσκει
5	1	128	4	3	4	1843	732	29	28	96.666962	τή
5	1	128	4	3	5	1885	732	79	28	93.298157	χρυσή
5	1	128	4	3	6	1976	732	61	28	85.847824	τοµή
5	1	128	4	3	7	2049	733	39	21	96.025253	καί
5	1	128	4	3	8	2099	732	30	21	93.293221	νὰ
5	1	128	4	3	9	2143	731	93	22	66.707947	ὑποδει-
4	1	128	4	4	0	1531	767	704	26	-1	
5	1	128	4	4	1	1531	768	60	21	37.229534	κνύει
5	1	128	4	4	2	1604	767	78	26	93.294449	λύσεις
5	1	128	4	4	3	1697	768	48	22	80.338074	ιπού
5	1	128	4	4	4	1756	768	30	20	33.890701	νἀ
5	1	128	4	4	5	1798	768	149	20	91.393372	ἱκανοπιοιοῦν
5	1	128	4	4	6	1958	767	57	26	95.908043	τούς
5	1	128	4	4	7	2027	767	96	26	28.172691	πάντας.
5	1	128	4	4	8	2144	767	26	20	0.000000	ἹἩ
5	1	128	4	4	9	2181	767	54	26	60.823257	ἐφη-
4	1	128	4	5	0	1531	797	708	44	-1	
5	1	128	4	5	1	1531	802	86	28	82.942291	µερίδα!
5	1	128	4	5	2	1630	808	48	22	92.483040	µας
5	1	128	4	5	3	1691	802	122	27	79.883858	συγχαίρει
5	1	128	4	5	4	1827	802	78	27	34.728836	θερµἀὰ
5	1	128	4	5	5	1921	801	42	21	96.664818	τόν
5	1	128	4	5	6	1977	808	20	14	75.246353	κ.
5	1	128	4	5	7	2027	801	100	28	47.490841	᾿Ανδρέα
5	1	128	4	5	8	2149	801	21	21	77.503189	Χ'
5	1	128	4	5	9	2172	797	67	44	27.424240	ιΜώπη,
4	1	128	4	6	0	1529	836	635	31	-1	
5	1	128	4	6	1	1529	838	38	22	93.541283	καί
5	1	128	4	6	2	1576	838	56	27	93.291588	τούς
5	1	128	4	6	3	1642	838	109	29	91.467224	δωρητὰς
5	1	128	4	6	4	1760	837	47	22	93.290131	πού
5	1	128	4	6	5	1818	837	138	28	69.087448	υἱοθέπιησαν
5	1	128	4	6	6	1966	837	28	27	97.001549	τή
5	1	128	4	6	7	2004	837	81	27	95.600220	λογική
5	1	128	4	6	8	2098	836	66	28	96.770737	λύση.
2	1	129	0	0	0	1540	893	696	8	-1	
3	1	129	1	0	0	1540	893	696	8	-1	
4	1	129	1	1	0	1540	893	696	8	-1	
5	1	129	1	1	1	1540	893	696	8	95.000000	 
2	1	130	0	0	0	1725	924	320	42	-1	
3	1	130	1	0	0	1725	924	320	42	-1	
4	1	130	1	1	0	1725	924	320	42	-1	
5	1	130	1	1	1	1725	924	320	42	78.883247	Κοινωνικὰ
2	1	131	0	0	0	1713	1011	350	24	-1	
3	1	131	1	0	0	1713	1011	350	24	-1	
4	1	131	1	1	0	1713	1011	350	24	-1	
5	1	131	1	1	1	1713	1020	16	6	40.994156	Ξ-
5	1	131	1	1	2	1743	1013	90	22	95.682625	Συνέχεια
5	1	131	1	1	3	1845	1012	39	18	96.988480	ἀπό
5	1	131	1	1	4	1895	1012	34	23	96.613731	τήν
5	1	131	1	1	5	1937	1012	23	23	93.219254	2η
5	1	131	1	1	6	1970	1011	66	19	90.971359	σελίδα
5	1	131	1	1	7	2047	1019	16	6	90.971359	--
2	1	132	0	0	0	1848	1046	27	27	-1	
3	1	132	1	0	0	1848	1046	27	27	-1	
4	1	132	1	1	0	1848	1046	27	27	-1	
5	1	132	1	1	1	1848	1046	27	27	95.000000	  
2	1	133	0	0	0	1875	1045	362	27	-1	
3	1	133	1	0	0	1875	1045	362	27	-1	
4	1	133	1	1	0	1875	1045	362	27	-1	
5	1	133	1	1	1	1875	1054	44	17	80.773376	ενος,
5	1	133	1	1	2	1932	1046	40	25	63.302658	πό
5	1	133	1	1	3	1986	1046	31	22	64.480453	τό
5	1	133	1	1	4	2036	1056	18	12	91.036110	π.
5	1	133	1	1	5	2071	1046	50	26	92.326141	Δημ.
5	1	133	1	1	6	2141	1046	15	21	90.499557	Ἡ
5	1	133	1	1	7	2168	1045	69	23	86.232117	απαδό-
2	1	134	0	0	0	1943	1082	160	27	-1	
3	1	134	1	0	0	1943	1082	160	27	-1	
4	1	134	1	1	0	1943	1082	160	27	-1	
5	1	134	1	1	1	1943	1082	67	26	90.951935	Όνομα
5	1	134	1	1	2	2022	1082	81	27	42.186302	Εἰρήνη.
2	1	135	0	0	0	1531	1047	705	98	-1	
3	1	135	1	0	0	1531	1047	705	98	-1	
4	1	135	1	1	0	1531	1047	317	27	-1	
5	1	135	1	1	1	1531	1056	44	18	0.000000	μηος
5	1	135	1	1	2	1591	1043	18	35	48.944427	ΤΠ
5	1	135	1	1	3	1620	1047	135	25	88.503822	απαδόπουλος
5	1	135	1	1	4	1771	1048	77	21	0.000000	συνοδευ
4	1	135	1	2	0	1533	1082	406	28	-1	
5	1	135	1	2	1	1533	1090	75	20	50.522388	Μη,
5	1	135	1	2	2	1618	1083	92	23	0.000000	ἀθώπτήσε
5	1	135	1	2	3	1720	1083	34	26	93.071251	τήν
5	1	135	1	2	4	1764	1082	109	28	27.200661	ἐγονούλα
5	1	135	1	2	5	1882	1091	38	13	24.884560	που.
4	1	135	1	3	0	1559	1116	677	29	-1	
5	1	135	1	3	1	1559	1133	29	1	11.865501	ος
5	1	135	1	3	2	1599	1119	25	21	92.461891	Οἱ
5	1	135	1	3	3	1636	1128	40	13	0.000000	κρι,
5	1	135	1	3	4	1690	1119	37	21	0.000000	Για
5	1	135	1	3	5	1733	1118	94	27	0.000000	ναριὠκης
5	1	135	1	3	6	1844	1119	33	21	37.340080	καὶ
5	1	135	1	3	7	1890	1119	22	21	0.000000	Τ.
5	1	135	1	3	8	1925	1117	134	26	67.173767	Μαμεσιώτης
5	1	135	1	3	9	2072	1117	93	23	61.703728	θάπίτισαν
5	1	135	1	3	10	2179	1116	22	22	72.290108	τὸ
5	1	135	1	3	11	2214	1117	22	22	65.480186	ᾱ-
2	1	136	0	0	0	2103	1147	34	27	-1	
3	1	136	1	0	0	2103	1147	34	27	-1	
4	1	136	1	1	0	2103	1147	34	27	-1	
5	1	136	1	1	1	2103	1147	34	27	95.000000	  
2	1	137	0	0	0	1726	1225	247	40	-1	
3	1	137	1	0	0	1726	1225	247	40	-1	
4	1	137	1	1	0	1726	1225	247	40	-1	
5	1	137	1	1	1	1726	1226	54	39	95.000000	   
5	1	137	1	1	2	1914	1225	59	22	95.000000	 
2	1	138	0	0	0	1531	1152	706	112	-1	
3	1	138	1	0	0	1531	1152	706	99	-1	
4	1	138	1	1	0	1531	1152	706	30	-1	
5	1	138	1	1	1	1531	1154	71	28	0.000000	πορῶχι
5	1	138	1	1	2	1616	1157	31	19	92.320061	τοῦ
5	1	138	1	1	3	1666	1155	10	20	69.484329	Ἡ
5	1	138	1	1	4	1691	1153	71	28	69.725227	ανάγου
5	1	138	1	1	5	1776	1153	96	28	0.000000	σάγκρα
5	1	138	1	1	6	1886	1153	32	22	14.088516	Ἠαὶ
5	1	138	1	1	7	1934	1153	22	22	88.097839	τὸ
5	1	138	1	1	8	1972	1153	93	26	89.629333	ὀνόμασαν
5	1	138	1	1	9	2079	1154	95	26	40.458977	Πεώρημο.
5	1	138	1	1	10	2201	1152	36	21	80.510735	Νὰ
4	1	138	1	2	0	1532	1193	139	23	-1	
5	1	138	1	2	1	1532	1190	46	24	84.774475	πούς
5	1	138	1	2	2	1594	1191	77	25	46.029720	Ὁήσουν.
4	1	138	1	3	0	1560	1225	677	39	-1	
5	1	138	1	3	1	1560	1226	141	21	17.635071	ΘΑΝΑΙΤΟΙ:
5	1	138	1	3	2	1784	1225	44	23	13.447426	ζωσε
5	1	138	1	3	3	1845	1225	45	26	66.598457	στήν
5	1	138	1	3	4	1908	1224	98	27	24.043724	᾿Αμερωμή
5	1	138	1	3	5	2026	1223	36	23	93.029663	ἀπό
5	1	138	1	3	6	2078	1224	98	27	0.000000	καρλδυσινή
5	1	138	1	3	7	2193	1231	44	33	76.698845	προ-
2	1	139	0	0	0	1530	1258	707	170	-1	
3	1	139	1	0	0	1530	1258	707	170	-1	
4	1	139	1	1	0	1530	1258	705	30	-1	
5	1	139	1	1	1	1530	1261	64	26	0.298599	σθολὴ
5	1	139	1	1	2	1610	1261	11	26	82.424164	ἡ
5	1	139	1	1	3	1639	1261	89	27	0.000000	ὕὔχρονη
5	1	139	1	1	4	1745	1261	112	26	0.000000	᾽Απγθληκὴ
5	1	139	1	1	5	1878	1259	142	23	72.869095	Πιαϊκοπούλου
5	1	139	1	1	6	2037	1259	44	23	85.089485	ἅπου
5	1	139	1	1	7	2099	1258	99	27	50.535812	ἐκηβεύθη
5	1	139	1	1	8	2212	1258	23	27	80.129532	µέ
4	1	139	1	2	0	1530	1295	414	28	-1	
5	1	139	1	2	1	1530	1296	93	27	0.000000	πάνδη
5	1	139	1	2	2	1603	1291	19	37	0.000000	η
5	1	139	1	2	3	1638	1296	112	27	34.058388	συμμιήτοχὴ
5	1	139	1	2	4	1763	1296	51	25	31.403465	στρ,
5	1	139	1	2	5	1830	1295	114	27	0.000000	Αγόριανη.
4	1	139	1	3	0	1794	1331	186	21	-1	
5	1	139	1	3	1	1794	1331	186	21	52.052963	ΛΟΡΓΑΝΙΚΟΣ
4	1	139	1	4	0	1560	1364	677	28	-1	
5	1	139	1	4	1	1560	1367	178	21	53.215935	ΓΗΝΝΗΣΗΙΣ:
5	1	139	1	4	2	1753	1367	26	20	85.798767	Ἡ
5	1	139	1	4	3	1792	1367	23	20	86.434639	ἐκ
5	1	139	1	4	4	1827	1365	126	27	28.280144	Λογγανύκου.
5	1	139	1	4	5	1970	1365	33	22	72.959953	χαί
5	1	139	1	4	6	2017	1365	95	24	46.154270	χάτοιχος
5	1	139	1	4	7	2125	1364	112	28	44.124008	Ἑλαχιώτη
4	1	139	1	5	0	1948	1399	287	29	-1	
5	1	139	1	5	1	1948	1400	50	28	48.519436	όρη
5	1	139	1	5	2	2012	1400	112	28	34.837868	Δημητρίου
5	1	139	1	5	3	2142	1399	93	28	93.795540	Δημάκη,
2	1	140	0	0	0	1696	1305	1	3	-1	
3	1	140	1	0	0	1696	1305	1	3	-1	
4	1	140	1	1	0	1696	1305	1	3	-1	
5	1	140	1	1	1	1696	1305	1	3	95.000000	 
2	1	141	0	0	0	1530	1400	706	240	-1	
3	1	141	1	0	0	1530	1400	706	240	-1	
4	1	141	1	1	0	1530	1400	388	28	-1	
5	1	141	1	1	1	1530	1401	117	22	25.781235	Νικολέττα
5	1	141	1	1	2	1660	1401	39	25	45.015369	σύζ.
5	1	141	1	1	3	1714	1401	112	27	90.524353	Δημητρίου
5	1	141	1	1	4	1840	1400	78	28	73.875252	Χιώτη,
4	1	141	1	2	0	1531	1436	386	28	-1	
5	1	141	1	2	1	1531	1437	81	27	18.651955	γέλλησε
5	1	141	1	2	2	1629	1446	67	18	38.805855	κοριτρ
5	1	141	1	2	3	1755	1437	35	21	81.514450	Νὰ
5	1	141	1	2	4	1800	1436	44	25	95.814735	τούς
5	1	141	1	2	5	1857	1437	60	25	58.691505	ζήσει.
4	1	141	1	3	0	1559	1471	427	28	-1	
5	1	141	1	3	1	1559	1473	64	21	8.268326	ΒΑΙΠ
5	1	141	1	3	2	1630	1472	106	21	8.268326	ΠΣΕΙΣ:
5	1	141	1	3	3	1752	1472	24	21	42.403713	'Ο
5	1	141	1	3	4	1791	1473	22	21	82.154602	Ἰ.
5	1	141	1	3	5	1828	1471	158	28	61.371975	Μακρυγιάννης
4	1	141	1	4	0	1606	1505	560	28	-1	
5	1	141	1	4	1	1606	1516	32	13	92.742508	του
5	1	141	1	4	2	1646	1508	23	22	86.576721	Δ.
5	1	141	1	4	3	1682	1508	12	20	88.664383	Π
5	1	141	1	4	4	1710	1507	143	25	0.000000	αὐταζόπουλου
5	1	141	1	4	5	1861	1506	33	23	41.531685	καί
5	1	141	1	4	6	1905	1507	20	21	92.804001	τό
5	1	141	1	4	7	1936	1506	80	27	80.025146	ὀγόμασε
5	1	141	1	4	8	2029	1501	23	38	47.067150	ΤΠ]
5	1	141	1	4	9	2055	1505	111	28	39.174797	αναγώτη.
4	1	141	1	5	0	1559	1541	677	29	-1	
5	1	141	1	5	1	1559	1556	30	3	30.139771	κ
5	1	141	1	5	2	1602	1543	126	27	50.671646	Ἑθαπτίσθη
5	1	141	1	5	3	1739	1542	21	23	88.311981	τὸ
5	1	141	1	5	4	1772	1542	102	28	24.373917	κοριπσώκι
5	1	141	1	5	5	1891	1544	31	21	34.772858	τοῦ
5	1	141	1	5	6	1935	1543	26	22	84.697540	Χ.
5	1	141	1	5	7	1974	1542	117	27	51.390198	Μουμτάκη,
5	1	141	1	5	8	2104	1541	58	27	93.248146	ὄνομα
5	1	141	1	5	9	2175	1541	61	22	11.624870	Αύνα-
4	1	141	1	6	0	1533	1579	345	27	-1	
5	1	141	1	6	1	1533	1579	73	27	54.061783	τερίνη.
5	1	141	1	6	2	1873	1588	5	2	0.000000	.
4	1	141	1	7	0	1559	1612	597	28	-1	
5	1	141	1	7	1	1559	1627	30	2	39.867569	---
5	1	141	1	7	2	1603	1613	82	26	32.681335	Ἠπίσης
5	1	141	1	7	3	1700	1614	21	21	90.006912	τό
5	1	141	1	7	4	1735	1613	83	27	13.323135	ἀγορᾶιι
5	1	141	1	7	5	1836	1614	30	20	85.388840	Ἡ.
5	1	141	1	7	6	1882	1612	94	27	90.519714	Μπόγρη,
5	1	141	1	7	7	1995	1612	59	26	78.899918	ὄνομα
5	1	141	1	7	8	2067	1612	89	26	51.487221	Δημήτρ'
2	1	142	0	0	0	1699	1437	40	22	-1	
3	1	142	1	0	0	1699	1437	40	22	-1	
4	1	142	1	1	0	1699	1437	40	22	-1	
5	1	142	1	1	1	1699	1437	40	22	95.000000	 
2	1	143	0	0	0	2006	1470	229	28	-1	
3	1	143	1	0	0	2006	1470	229	28	-1	
4	1	143	1	1	0	2006	1470	229	28	-1	
5	1	143	1	1	1	2006	1471	79	23	20.492325	βάπτισε
5	1	143	1	1	2	2102	1471	21	21	90.421532	τὸ
5	1	143	1	1	3	2150	1470	85	28	4.095169	ἀγορὰμι
2	1	144	0	0	0	1532	1612	705	490	-1	
3	1	144	1	0	0	1532	1612	704	63	-1	
4	1	144	1	1	0	2157	1612	79	23	-1	
5	1	144	1	1	1	2157	1619	30	16	90.030388	ος.
5	1	144	1	1	2	2202	1612	34	20	69.003517	Νὰ
4	1	144	1	2	0	1532	1649	138	26	-1	
5	1	144	1	2	1	1532	1649	45	24	48.735985	πούς
5	1	144	1	2	2	1592	1649	78	26	1.919846	Κήσουν.
3	1	144	2	0	0	1532	1679	704	103	-1	
4	1	144	2	1	0	1561	1679	675	31	-1	
5	1	144	2	1	1	1561	1684	186	21	31.384613	ΑΡΡΑΡΩΝΙΟΣ:
5	1	144	2	1	2	1763	1684	24	21	75.410713	Ὁ
5	1	144	2	1	3	1800	1683	139	27	93.255531	Χαράλαμπος
5	1	144	2	1	4	1952	1679	50	30	93.243347	Δημ.
5	1	144	2	1	5	2016	1682	98	27	0.000000	Διμιάης
5	1	144	2	1	6	2127	1681	109	29	30.303024	μιηχανολό-
4	1	144	2	2	0	1532	1718	702	29	-1	
5	1	144	2	2	1	1532	1728	35	19	74.139175	Ύος
5	1	144	2	2	2	1586	1720	32	21	87.528046	καί
5	1	144	2	2	3	1634	1720	11	26	81.250427	ἡ
5	1	144	2	2	4	1661	1719	106	24	63.554695	Ἐλησάδετ
5	1	144	2	2	5	1783	1719	80	22	46.722000	᾿Αναστ.
5	1	144	2	2	6	1878	1718	104	27	30.266792	Ιζαλπιώκη
5	1	144	2	2	7	2014	1736	5	4	85.085289	ἐκ.
5	1	144	2	2	8	2032	1718	94	25	29.637634	ΙΚοζάνης
5	1	144	2	2	9	2141	1718	93	21	55.863682	ἐτέλεσαν
4	1	144	2	3	0	1761	1754	359	28	-1	
5	1	144	2	3	1	1761	1773	3	3	17.070786	ο
5	1	144	2	3	2	1780	1754	54	25	0.000000	Γούς
5	1	144	2	3	3	1844	1756	98	26	38.090092	εὐχόμιεδα
5	1	144	2	3	4	1952	1762	71	19	43.640091	ταχείαν
5	1	144	2	3	5	2041	1754	79	27	37.737980	στέψη.
3	1	144	3	0	0	1533	1773	704	116	-1	
4	1	144	3	1	0	1679	1773	425	43	-1	
5	1	144	3	1	1	1679	1790	49	25	78.109436	Σπίς
5	1	144	3	1	2	1744	1773	84	39	47.745979	981
5	1	144	3	1	3	1847	1789	121	27	54.683689	τειέσθηκαν
5	1	144	3	1	4	1989	1790	15	21	96.854897	οἱ
5	1	144	3	1	5	2020	1789	58	27	76.140747	γάμοι
5	1	144	3	1	6	2095	1798	9	12	65.324387	τὶ
4	1	144	3	2	0	1690	1824	547	29	-1	
5	1	144	3	2	1	1690	1826	65	22	47.393188	Ἰωὰν.
5	1	144	3	2	2	1768	1826	34	22	25.759392	Εὺὐ.
5	1	144	3	2	3	1815	1825	82	28	64.341278	Ἑλάχου
5	1	144	3	2	4	1911	1825	48	27	78.644928	µετά
5	1	144	3	2	5	1977	1826	36	25	92.431686	τῆς
5	1	144	3	2	6	2027	1827	16	20	50.831207	δ.
5	1	144	3	2	7	2056	1824	83	28	93.180984	Μαρίας
5	1	144	3	2	8	2154	1825	30	21	19.210526	ἸΑ.
5	1	144	3	2	9	2209	1825	28	20	48.154644	Ἠ-
4	1	144	3	3	0	1533	1862	350	27	-1	
5	1	144	3	3	1	1533	1862	110	27	21.773392	λιωπούλου,
5	1	144	3	3	2	1659	1862	25	23	67.126556	ἐκ
5	1	144	3	3	3	1693	1862	190	26	0.000000	Παλαιαπαναγιᾶς.
3	1	144	4	0	0	1532	1896	481	64	-1	
4	1	144	4	1	0	1559	1896	454	28	-1	
5	1	144	4	1	1	1559	1911	30	5	36.075195	--
5	1	144	4	1	2	1601	1897	49	25	83.716171	τίς
5	1	144	4	1	3	1665	1897	82	22	35.744926	10-65-64
5	1	144	4	1	4	1766	1898	9	21	92.426613	ὁ
5	1	144	4	1	5	1787	1897	53	21	80.932526	Διον.
5	1	144	4	1	6	1854	1897	43	21	0.000000	Αθ.
5	1	144	4	1	7	1910	1896	86	28	85.536133	Μάρκος
5	1	144	4	1	8	2011	1905	2	6	49.671364	|
4	1	144	4	2	0	1532	1933	165	27	-1	
5	1	144	4	2	1	1532	1933	165	27	44.743061	Ἰυμιουηδούρου.,
3	1	144	5	0	0	1533	1969	393	57	-1	
4	1	144	5	1	0	1559	1969	367	25	-1	
5	1	144	5	1	1	1559	1969	70	20	45.983696	ο
5	1	144	5	1	2	1641	1968	285	26	34.612289	ο...
4	1	144	5	2	0	1533	2004	178	27	-1	
5	1	144	5	2	1	1533	2004	36	21	91.751221	ἀπό
5	1	144	5	2	2	1578	2005	133	26	10.314468	Ῥεργαδέίχκα.
3	1	144	6	0	0	1559	2039	293	26	-1	
4	1	144	6	1	0	1559	2039	293	26	-1	
5	1	144	6	1	1	1559	2053	30	1	60.825191	---
5	1	144	6	1	2	1641	2040	26	21	50.050438	ΠΠ.
5	1	144	6	1	3	1680	2040	26	21	34.058296	ΕΚ.
5	1	144	6	1	4	1719	2039	86	26	54.877892	Μάρκος
5	1	144	6	1	5	1818	2046	34	19	37.372284	µεῖτ
3	1	144	7	0	0	1534	2076	135	26	-1	
4	1	144	7	1	0	1534	2076	135	26	-1	
5	1	144	7	1	1	1534	2075	36	21	87.220993	ἀπό
5	1	144	7	1	2	1579	2076	90	26	0.000000	Σκορπσὴ
2	1	145	0	0	0	1991	1711	174	64	-1	
3	1	145	1	0	0	1991	1711	174	64	-1	
4	1	145	1	1	0	1996	1711	169	29	-1	
5	1	145	1	1	1	1996	1711	18	29	95.000000	 
5	1	145	1	1	2	2147	1717	18	7	95.000000	 
4	1	145	1	2	0	1991	1750	42	25	-1	
5	1	145	1	2	1	1991	1750	42	25	95.000000	 
2	1	146	0	0	0	1534	1755	223	57	-1	
3	1	146	1	0	0	1534	1755	223	57	-1	
4	1	146	1	1	0	1534	1755	223	28	-1	
5	1	146	1	1	1	1534	1755	63	25	77.693329	πούς
5	1	146	1	1	2	1589	1757	114	26	56.664982	ἀρραξῶνες
5	1	146	1	1	3	1713	1763	44	16	96.386406	τους
4	1	146	1	2	0	1559	1791	103	21	-1	
5	1	146	1	2	1	1559	1791	103	21	34.066505	ΠΑΙΜΟΓΙ:
2	1	147	0	0	0	1533	1826	139	27	-1	
3	1	147	1	0	0	1533	1826	139	27	-1	
4	1	147	1	1	0	1533	1826	139	27	-1	
5	1	147	1	1	1	1533	1826	56	27	4.968842	φῆλου
5	1	147	1	1	2	1602	1834	37	19	50.453300	µας
2	1	148	0	0	0	2051	1770	1	4	-1	
3	1	148	1	0	0	2051	1770	1	4	-1	
4	1	148	1	1	0	2051	1770	1	4	-1	
5	1	148	1	1	1	2051	1770	1	4	95.000000	 
2	1	149	0	0	0	2107	1789	74	21	-1	
3	1	149	1	0	0	2107	1789	74	21	-1	
4	1	149	1	1	0	2107	1789	74	21	-1	
5	1	149	1	1	1	2107	1789	74	21	95.000000	  
2	1	150	0	0	0	2181	1790	56	20	-1	
3	1	150	1	0	0	2181	1790	56	20	-1	
4	1	150	1	1	0	2181	1790	56	20	-1	
5	1	150	1	1	1	2181	1790	56	20	0.000000	αατοῦ
2	1	151	0	0	0	1939	1966	297	29	-1	
3	1	151	1	0	0	1939	1966	297	29	-1	
4	1	151	1	1	0	1939	1966	297	29	-1	
5	1	151	1	1	1	1939	1967	109	28	93.247704	Δήμητρας
5	1	151	1	1	2	2063	1968	25	21	81.878639	Α.
5	1	151	1	1	3	2101	1966	135	28	0.000000	Νικολανιώνωη,
2	1	152	0	0	0	1671	1978	21	23	-1	
3	1	152	1	0	0	1671	1978	21	23	-1	
4	1	152	1	1	0	1671	1978	21	23	-1	
5	1	152	1	1	1	1671	1978	21	23	95.000000	  
2	1	153	0	0	0	1881	2037	355	27	-1	
3	1	153	1	0	0	1881	2037	355	27	-1	
4	1	153	1	1	0	1881	2037	355	27	-1	
5	1	153	1	1	1	1881	2040	35	23	92.807770	τῆς
5	1	153	1	1	2	1930	2039	104	25	44.078674	Φωπενῆς
5	1	153	1	1	3	2050	2039	27	21	26.907730	1.
5	1	153	1	1	4	2089	2037	147	27	91.120544	Χριστοπούλου
2	1	154	0	0	0	1644	2083	30	14	-1	
3	1	154	1	0	0	1644	2083	30	14	-1	
4	1	154	1	1	0	1644	2083	30	14	-1	
5	1	154	1	1	1	1644	2083	30	14	95.000000	 
2	1	155	0	0	0	1678	2083	26	13	-1	
3	1	155	1	0	0	1678	2083	26	13	-1	
4	1	155	1	1	0	1678	2083	26	13	-1	
5	1	155	1	1	1	1678	2076	26	20	48.577774	οῦ.
2	1	156	0	0	0	1889	2109	107	62	-1	
3	1	156	1	0	0	1889	2109	107	62	-1	
4	1	156	1	1	0	1889	2109	107	62	-1	
5	1	156	1	1	1	1889	2109	107	62	95.000000	  
2	1	157	0	0	0	1532	2110	707	416	-1	
3	1	157	1	0	0	1559	2110	532	165	-1	
4	1	157	1	1	0	1560	2110	331	28	-1	
5	1	157	1	1	1	1560	2110	110	28	7.402199	Βχέμεθα
5	1	157	1	1	2	1679	2110	20	21	63.570427	σὲ
5	1	157	1	1	3	1709	2110	57	24	89.344543	ὅλους
5	1	157	1	1	4	1777	2110	41	26	93.290085	ζωή
5	1	157	1	1	5	1828	2111	63	26	39.199543	εὐπυχί
4	1	157	1	2	0	1559	2145	400	23	-1	
5	1	157	1	2	1	1559	2146	142	21	36.082134	ΘΑΙΝΑΙΡΟΙ:
5	1	157	1	2	2	1721	2145	87	22	47.092506	Πέθανε
5	1	157	1	2	3	1820	2147	9	20	91.272568	ὁ
5	1	157	1	2	4	1841	2146	48	22	50.189255	Νικ.
5	1	157	1	2	5	1902	2145	26	22	84.181305	Η.
5	1	157	1	2	6	1940	2146	19	19	83.887192	Χι
4	1	157	1	3	0	1561	2180	537	27	-1	
5	1	157	1	3	1	1561	2194	29	3	23.710327	---
5	1	157	1	3	2	1600	2182	26	20	85.891434	Ἡ
5	1	157	1	3	3	1644	2180	87	27	87.681160	᾽Αμαλία
5	1	157	1	3	4	1741	2181	39	24	3.035927	σύ.
5	1	157	1	3	5	1791	2181	47	21	48.978466	Ἠλ,
5	1	157	1	3	6	1849	2180	162	27	53.005554	Χρισποπούλου
5	1	157	1	3	7	2014	2182	40	18	40.639351	ἐτῶν
5	1	157	1	3	8	2064	2180	34	21	90.807999	Τὸ.
4	1	157	1	4	0	1560	2215	378	28	-1	
5	1	157	1	4	1	1560	2230	30	1	11.625412	---
5	1	157	1	4	2	1599	2217	26	20	55.750675	Ἡ
5	1	157	1	4	3	1634	2216	101	26	82.345322	Βασιληκή
5	1	157	1	4	4	1748	2216	38	25	77.952698	σύζ.
5	1	157	1	4	5	1796	2217	38	26	80.521408	Χρ.
5	1	157	1	4	6	1843	2215	95	27	52.798637	Γομάτου.
4	1	157	1	5	0	1794	2251	151	24	-1	
5	1	157	1	5	1	1794	2251	86	24	58.115662	οὐκείους
5	1	157	1	5	2	1895	2259	50	14	71.752960	πων.
3	1	157	2	0	0	1810	2286	153	23	-1	
4	1	157	2	1	0	1810	2286	153	23	-1	
5	1	157	2	1	1	1810	2286	153	23	42.130894	ΙΠΒΛΛΑΝΑ,
3	1	157	3	0	0	1533	2321	705	64	-1	
4	1	157	3	1	0	1560	2321	678	28	-1	
5	1	157	3	1	1	1560	2323	102	21	43.161674	ΦΑΙΜΟΙ:
5	1	157	3	1	2	1677	2323	83	26	0.000000	"ΈἛληναν
5	1	157	3	1	3	1773	2322	16	22	96.926064	οἱ
5	1	157	3	1	4	1801	2322	57	27	65.337387	γάμοι
5	1	157	3	1	5	1871	2324	31	20	92.998589	τοῦ
5	1	157	3	1	6	1913	2321	106	22	33.350761	Μενέάλαου
5	1	157	3	1	7	2030	2322	26	21	88.397049	Η.
5	1	157	3	1	8	2068	2321	132	26	84.339302	Ῥουμελιώτη
5	1	157	3	1	9	2214	2330	24	17	41.158592	μέ
4	1	157	3	2	0	1533	2358	236	27	-1	
5	1	157	3	2	1	1533	2358	35	21	68.166939	νέα
5	1	157	3	2	2	1585	2358	36	21	82.080627	ἀπό
5	1	157	3	2	3	1636	2358	24	26	59.479271	πῄ
5	1	157	3	2	4	1677	2358	92	27	0.242088	μπάρίτη.
3	1	157	4	0	0	1532	2394	705	62	-1	
4	1	157	4	1	0	1563	2394	220	21	-1	
5	1	157	4	1	1	1563	2394	220	21	42.823555	ΑΝΑΧΩΡΗΣΕΙΣ:
4	1	157	4	2	0	1532	2428	705	28	-1	
5	1	157	4	2	1	1532	2430	26	22	42.926414	ΚΚ.
5	1	157	4	2	2	1570	2430	94	24	79.999046	Γκλέκας
5	1	157	4	2	3	1675	2429	51	26	83.331421	μετὰ
5	1	157	4	2	4	1738	2431	36	24	96.674362	τῆς
5	1	157	4	2	5	1790	2429	78	27	92.083206	συζύγου
5	1	157	4	2	6	1881	2436	31	14	95.538857	του
5	1	157	4	2	7	1924	2429	34	27	95.319550	γιὰ
5	1	157	4	2	8	1968	2428	25	22	64.864304	ιά
5	1	157	4	2	9	2010	2429	49	20	86.124153	ἰδοῦν
5	1	157	4	2	10	2072	2428	24	22	93.297874	τὰ
5	1	157	4	2	11	2109	2428	67	22	73.254776	παιδιὰ
5	1	157	4	2	12	2186	2436	51	17	75.549530	τους.
3	1	157	5	0	0	1543	2463	696	63	-1	
4	1	157	5	1	0	1560	2463	678	28	-1	
5	1	157	5	1	1	1560	2465	141	21	0.221710	ΘΑΙΝΙΑ΄ΤΟΙ:
5	1	157	5	1	2	1718	2464	109	22	52.715462	᾿Απεδίωσε
5	1	157	5	1	3	1841	2464	45	26	44.286583	στήν
5	1	157	5	1	4	1901	2464	80	26	56.221470	᾿Αθήνα
5	1	157	5	1	5	1993	2464	13	26	64.215729	ἡ
5	1	157	5	1	6	2022	2463	75	27	47.643135	"Ἠλένη
5	1	157	5	1	7	2108	2472	25	19	91.577225	χα
5	1	157	5	1	8	2151	2465	21	20	0.000000	Ὦ,
5	1	157	5	1	9	2185	2464	53	20	64.563751	Μου-
4	1	157	5	2	0	1543	2499	696	27	-1	
5	1	157	5	2	1	1543	2500	54	26	0.000000	'πάχιη
5	1	157	5	2	2	1608	2501	48	20	91.144058	ἐτῶν
5	1	157	5	2	3	1669	2500	26	20	71.402740	84
5	1	157	5	2	4	1709	2500	74	26	37.342342	ἀδελιφή
5	1	157	5	2	5	1799	2502	31	20	93.266068	τοῦ
5	1	157	5	2	6	1843	2500	117	26	77.266029	Στρατηγοῦ
5	1	157	5	2	7	1971	2500	62	26	39.216919	Γεωρ.
5	1	157	5	2	8	2045	2499	138	27	19.112244	Ἱζαρχιγιόννη,
5	1	157	5	2	9	2195	2500	44	20	0.000000	συλ-
2	1	158	0	0	0	1842	2512	40	14	-1	
3	1	158	1	0	0	1842	2512	40	14	-1	
4	1	158	1	1	0	1842	2512	40	14	-1	
5	1	158	1	1	1	1842	2512	40	14	21.456169	21τρ
2	1	159	0	0	0	2007	2118	87	18	-1	
3	1	159	1	0	0	2007	2118	87	18	-1	
4	1	159	1	1	0	2007	2118	87	18	-1	
5	1	159	1	1	1	2007	2109	87	27	20.416367	παρπερή
2	1	160	0	0	0	1995	2127	203	42	-1	
3	1	160	1	0	0	1995	2127	203	42	-1	
4	1	160	1	1	0	1995	2127	203	42	-1	
5	1	160	1	1	1	1995	2144	94	25	0.000000	πόπουλος
5	1	160	1	1	2	2099	2127	51	38	0.000000	οπῶν
5	1	160	1	1	3	2165	2144	33	22	68.391708	61
2	1	161	0	0	0	1563	2251	215	27	-1	
3	1	161	1	0	0	1563	2251	215	27	-1	
4	1	161	1	1	0	1563	2251	215	27	-1	
5	1	161	1	1	1	1563	2251	154	27	7.172363	δυλλυπούµίεθα
5	1	161	1	1	2	1735	2251	43	25	86.996330	τοὺς
2	1	162	0	0	0	2170	2392	4	7	-1	
3	1	162	1	0	0	2170	2392	4	7	-1	
4	1	162	1	1	0	2170	2392	4	7	-1	
5	1	162	1	1	1	2170	2392	4	7	0.000000	η
2	1	163	0	0	0	1801	2393	436	28	-1	
3	1	163	1	0	0	1801	2393	436	28	-1	
4	1	163	1	1	0	1801	2393	436	28	-1	
5	1	163	1	1	1	1801	2393	125	28	37.049805	᾽Ανεχώρηπε
5	1	163	1	1	2	1941	2393	33	27	93.140511	γιὰ
5	1	163	1	1	3	1989	2393	96	27	6.489853	᾽Αμερική
5	1	163	1	1	4	2100	2394	8	21	91.345840	ὁ
5	1	163	1	1	5	2136	2388	101	31	86.544228	Γεώργιος
2	1	164	0	0	0	1616	2418	26	34	-1	
3	1	164	1	0	0	1616	2418	26	34	-1	
4	1	164	1	1	0	1616	2418	26	34	-1	
5	1	164	1	1	1	1616	2418	26	34	95.000000	   
2	1	165	0	0	0	1534	2535	419	57	-1	
3	1	165	1	0	0	1534	2535	419	57	-1	
4	1	165	1	1	0	1534	2535	315	27	-1	
5	1	165	1	1	1	1534	2535	110	27	57.451939	λωπούμεθα
5	1	165	1	1	2	1656	2535	44	24	93.304497	τούς
5	1	165	1	1	3	1711	2535	83	24	74.951569	οὐλείους
5	1	165	1	1	4	1806	2543	43	18	84.168144	της.
4	1	165	1	2	0	1822	2571	131	21	-1	
5	1	165	1	2	1	1822	2571	131	21	32.331467	ΚΑΣΤΟΡΙ
2	1	166	0	0	0	1566	2605	672	29	-1	
3	1	166	1	0	0	1566	2605	672	29	-1	
4	1	166	1	1	0	1566	2605	672	29	-1	
5	1	166	1	1	1	1566	2620	24	1	50.688644	--
5	1	166	1	1	2	1605	2607	70	27	0.881721	"Ἡρθε
5	1	166	1	1	3	1688	2606	36	21	83.497803	ἀπὸ
5	1	166	1	1	4	1740	2606	114	28	31.077682	Αὑὐστραλία
5	1	166	1	1	5	1867	2607	9	21	93.192574	ὁ
5	1	166	1	1	6	1888	2615	18	13	47.994545	κ.
5	1	166	1	1	7	1919	2605	158	27	93.291649	Δημοσθένης
5	1	166	1	1	8	2058	2601	26	37	88.188477	Χ.
5	1	166	1	1	9	2098	2606	92	27	26.502525	ἹΚαρτζῆς
5	1	166	1	1	10	2204	2605	34	27	82.593567	γιὰ
2	1	167	0	0	0	1533	2641	705	28	-1	
3	1	167	1	0	0	1533	2641	705	28	-1	
4	1	167	1	1	0	1533	2641	705	28	-1	
5	1	167	1	1	1	1533	2642	71	26	0.000000	μόνίμτη
5	1	167	1	1	2	1619	2642	87	26	26.690590	δαμιονή.
5	1	167	1	1	3	1721	2641	38	22	83.470901	Τόν
5	1	167	1	1	4	1775	2641	158	28	35.923645	Καλωσορίζουμε
5	1	167	1	1	5	1948	2642	33	22	50.878105	καί
5	1	167	1	1	6	1996	2643	32	20	90.987923	τοῦ
5	1	167	1	1	7	2055	2641	97	22	87.100616	εὐχόμεθα
5	1	167	1	1	8	2184	2641	54	26	63.304195	καλή
2	1	168	0	0	0	2076	2649	36	24	-1	
3	1	168	1	0	0	2076	2649	36	24	-1	
4	1	168	1	1	0	2076	2649	36	24	-1	
5	1	168	1	1	1	2076	2649	36	24	95.000000	  
2	1	169	0	0	0	1534	2678	87	26	-1	
3	1	169	1	0	0	1534	2678	87	26	-1	
4	1	169	1	1	0	1534	2678	87	26	-1	
5	1	169	1	1	1	1534	2678	87	26	41.681446	διαμονή.
2	1	170	0	0	0	1727	2767	323	22	-1	
3	1	170	1	0	0	1727	2767	323	22	-1	
4	1	170	1	1	0	1727	2767	323	22	-1	
5	1	170	1	1	1	1727	2767	166	21	90.711823	ΜΕΣΙΤΙΚΟΝ
5	1	170	1	1	2	1904	2767	146	22	88.829895	ΓΡΑΦΕΙΟΝ
2	1	171	0	0	0	1652	2823	473	37	-1	
3	1	171	1	0	0	1652	2823	473	37	-1	
4	1	171	1	1	0	1652	2823	473	37	-1	
5	1	171	1	1	1	1652	2824	79	36	23.673492	ΔΙ
5	1	171	1	1	2	1759	2824	50	36	23.673492	Μ.
5	1	171	1	1	3	1840	2823	285	37	21.213295	Σ1ΗΓΑΛΟΥ
2	1	172	0	0	0	1534	2891	707	200	-1	
3	1	172	1	0	0	1534	2891	707	129	-1	
4	1	172	1	1	0	1562	2891	679	21	-1	
5	1	172	1	1	1	1562	2891	269	21	63.201561	ΑΝΑΛΑΜΒΑΝΟΥΜΕ
5	1	172	1	1	2	1842	2891	94	21	92.877060	ΑΓΟΡΑ
5	1	172	1	1	3	1949	2891	32	21	43.948601	”Η
5	1	172	1	1	4	1996	2891	122	21	93.301567	ΠΩΛΗΣΗ
5	1	172	1	1	5	2131	2891	110	21	65.158669	ΟΙΚΟΠΕ
4	1	172	1	2	0	1534	2926	705	25	-1	
5	1	172	1	2	1	1534	2926	69	25	92.229836	ΔΩΝ,
5	1	172	1	2	2	1615	2927	113	24	87.375832	ΟΙΚΙΩΝ,
5	1	172	1	2	3	1739	2927	258	24	33.922836	ΔΙ.ΑΜΕΡΙΣΜΑΤΩΝ,
5	1	172	1	2	4	2011	2927	165	21	90.959305	ΚΤΗΜΑΤΩΝ
5	1	172	1	2	5	2186	2927	53	21	94.876770	κλπ.
4	1	172	1	3	0	1536	2962	704	22	-1	
5	1	172	1	3	1	1536	2962	143	21	89.235153	ΓΙΝΟΝΤΑΙ
5	1	172	1	3	2	1693	2962	105	22	61.580318	ΑΙΓΟΡΑΙ
5	1	172	1	3	3	1813	2975	8	2	90.856705	-
5	1	172	1	3	4	1833	2962	151	21	96.441246	ΠΩΛΗΣΕΙΣ
5	1	172	1	3	5	2011	2962	101	21	93.143112	ΕΙΔΙΚΑ
5	1	172	1	3	6	2129	2962	48	21	95.256607	ΚΑΙ
5	1	172	1	3	7	2193	2962	47	21	94.530037	ΓΙΑ
4	1	172	1	4	0	1536	2998	205	22	-1	
5	1	172	1	4	1	1536	2998	205	22	91.988510	ΑΛΛΟΔΑΠΟΥΣ.
3	1	172	2	0	0	1702	3033	377	58	-1	
4	1	172	2	1	0	1702	3033	377	23	-1	
5	1	172	2	1	1	1702	3033	216	21	91.123016	ΚΛΕΟΜΒΡΟΤΟΥ
5	1	172	2	1	2	1932	3033	14	20	96.033142	2
5	1	172	2	1	3	1964	3033	115	23	96.033142	ΣΠΑΡΤΗ
4	1	172	2	2	0	1744	3068	293	23	-1	
5	1	172	2	2	1	1744	3069	64	21	96.635757	ΤΗΛ.
5	1	172	2	2	2	1826	3069	79	21	83.833397	25.014
5	1	172	2	2	3	1924	3069	16	20	51.268494	ἅ
5	1	172	2	2	4	1957	3068	80	23	67.520081	24.607
