level	page_num	block_num	par_num	line_num	word_num	left	top	width	height	conf	text
1	1	0	0	0	0	0	0	2289	3142	-1	
2	1	1	0	0	0	57	40	351	53	-1	
3	1	1	1	0	0	57	40	351	53	-1	
4	1	1	1	1	0	71	40	316	23	-1	
5	1	1	1	1	1	71	40	120	21	96.643906	ΕΚΕΙΝΟΙ
5	1	1	1	1	2	203	41	59	21	96.186279	ΠΟΥ
5	1	1	1	1	3	272	41	115	22	95.840057	ΕΦΥΓΑΝ
4	1	1	1	2	0	57	74	351	19	-1	
5	1	1	1	2	1	57	74	351	19	11.505554	[νο
5	1	1	1	2	2	199	66	59	39	24.177216	οκ
5	1	1	1	2	3	280	74	128	19	26.907570	οσο
2	1	2	0	0	0	135	111	195	76	-1	
3	1	2	1	0	0	135	111	195	76	-1	
4	1	2	1	1	0	135	111	195	22	-1	
5	1	2	1	1	1	135	111	195	22	77.506042	ΠΑΝΑΙΓΙΩΤΗΣ
4	1	2	1	2	0	156	165	155	22	-1	
5	1	2	1	2	1	156	166	14	20	78.184479	Ι.
5	1	2	1	2	2	189	165	122	22	96.326202	ΜΟΡΦΗΣ
2	1	3	0	0	0	48	236	358	1439	-1	
3	1	3	1	0	0	51	236	355	801	-1	
4	1	3	1	1	0	82	236	323	28	-1	
5	1	3	1	1	1	82	236	25	21	80.954391	Ὁ
5	1	3	1	1	2	120	236	152	28	95.627525	Παναγιώτης
5	1	3	1	1	3	287	237	23	21	34.641006	|.
5	1	3	1	1	4	340	236	65	28	92.146667	Μόρ-
4	1	3	1	2	0	52	271	353	29	-1	
5	1	3	1	2	1	52	278	44	21	39.540833	Φης
5	1	3	1	2	2	108	271	125	29	96.302063	γεννήθηκε
5	1	3	1	2	3	249	272	43	21	93.298561	στὸ
5	1	3	1	2	4	306	272	99	28	90.192757	Γεωργί-
4	1	3	1	3	0	51	307	353	28	-1	
5	1	3	1	3	1	51	313	36	15	90.598015	τσι
5	1	3	1	3	2	99	307	27	21	96.355217	τό
5	1	3	1	3	3	140	307	54	21	84.076515	1895
5	1	3	1	3	4	202	308	38	21	91.954803	καὶ
5	1	3	1	3	5	250	308	86	21	95.631203	πέθανε
5	1	3	1	3	6	347	308	57	27	95.716240	στήν
4	1	3	1	4	0	53	342	351	28	-1	
5	1	3	1	4	1	53	342	84	28	88.255875	᾿Αθήνα
5	1	3	1	4	2	151	342	28	21	96.510498	τό
5	1	3	1	4	3	197	343	60	21	0.000000	1972.
5	1	3	1	4	4	278	343	26	21	53.696625	Ἡ
5	1	3	1	4	5	318	343	86	27	96.351791	πορεία
4	1	3	1	5	0	52	378	351	28	-1	
5	1	3	1	5	1	52	385	43	14	96.727577	του
5	1	3	1	5	2	110	378	47	21	93.025726	ἀπό
5	1	3	1	5	3	172	378	28	21	91.069595	τό
5	1	3	1	5	4	217	378	127	28	78.531960	Γεωργίτσι
5	1	3	1	5	5	358	378	45	22	96.936996	στό
4	1	3	1	6	0	53	413	351	29	-1	
5	1	3	1	6	1	53	413	115	27	17.063377	Γυμνάσιο
5	1	3	1	6	2	196	415	43	26	67.254242	τῆς
5	1	3	1	6	3	285	414	119	28	67.254242	Σπάρπης,
4	1	3	1	7	0	52	449	352	28	-1	
5	1	3	1	7	1	52	449	44	21	44.756142	στὰ
5	1	3	1	7	2	111	449	178	28	51.714584	Πανεπιστήμια
5	1	3	1	7	3	303	450	101	27	87.004333	᾿Αθηνῶν
4	1	3	1	8	0	53	484	350	28	-1	
5	1	3	1	8	1	53	484	37	21	79.700928	καί
5	1	3	1	8	2	106	484	130	28	92.824203	᾽Αμερικῆς,
5	1	3	1	8	3	253	484	77	28	88.030815	ἂφησε
5	1	3	1	8	4	347	485	56	27	91.823578	ζωη-
4	1	3	1	9	0	52	520	352	28	-1	
5	1	3	1	9	1	52	520	30	27	92.406219	ρή
5	1	3	1	9	2	90	520	41	27	93.276512	τήν
5	1	3	1	9	3	144	520	122	28	72.395470	ἀνάμνηση
5	1	3	1	9	4	276	521	43	20	93.263283	τοῦ
5	1	3	1	9	5	329	521	75	21	92.799591	καιλοῦ
4	1	3	1	10	0	52	556	352	27	-1	
5	1	3	1	10	1	52	556	98	27	92.057281	μαθητῆ,
5	1	3	1	10	2	159	556	44	21	93.298409	τοῦ
5	1	3	1	10	3	211	556	76	21	61.415363	καλοῦ
5	1	3	1	10	4	297	557	107	26	86.006577	φοιπητῆ,
4	1	3	1	11	0	54	590	351	29	-1	
5	1	3	1	11	1	54	592	41	20	93.295097	τοῦ
5	1	3	1	11	2	109	590	99	28	73.791962	ἄριστου
5	1	3	1	11	3	220	591	123	28	45.989475	καθηγητή
5	1	3	1	11	4	365	591	40	21	88.888969	καί
4	1	3	1	12	0	53	626	351	28	-1	
5	1	3	1	12	1	53	627	41	20	87.491241	τοῦ
5	1	3	1	12	2	121	626	126	28	80.878067	ἐξαίρεπου
5	1	3	1	12	3	276	627	128	27	80.878067	Διευθυντῆ
4	1	3	1	13	0	51	662	351	27	-1	
5	1	3	1	13	1	51	662	175	27	86.129349	Παιδαγωγικῆς
5	1	3	1	13	2	254	662	3	8	28.442131	᾿
5	1	3	1	13	3	260	662	142	27	28.442131	Ακαδημίας.
4	1	3	1	14	0	52	696	352	29	-1	
5	1	3	1	14	1	52	696	32	22	93.299583	Τό
5	1	3	1	14	2	94	696	76	28	90.239128	ὑψηλό
5	1	3	1	14	3	181	697	118	28	11.980255	φρόνημα,
5	1	3	1	14	4	309	697	28	21	93.303131	τό
5	1	3	1	14	5	347	697	57	21	92.293121	ἄδα-
4	1	3	1	15	0	56	730	348	28	-1	
5	1	3	1	15	1	56	731	96	26	63.398052	µἀνπινο
5	1	3	1	15	2	167	730	65	27	92.289078	ἦθος,
5	1	3	1	15	3	253	732	13	26	92.632660	ἡ
5	1	3	1	15	4	283	731	121	27	67.125732	ἀπέραντη
4	1	3	1	16	0	51	764	355	26	-1	
5	1	3	1	16	1	51	764	132	26	67.579041	καιλωσύνη,
5	1	3	1	16	2	197	765	13	25	90.311958	ἡ
5	1	3	1	16	3	221	765	185	25	38.480011	πιαριαιδεῃηµιαπι-
4	1	3	1	17	0	51	797	353	29	-1	
5	1	3	1	17	1	51	797	28	28	89.776833	κή
5	1	3	1	17	2	91	797	141	29	24.145271	ἐντιμόπηπα
5	1	3	1	17	3	244	798	57	28	92.875023	σπήν
5	1	3	1	17	4	313	798	91	22	81.770691	ἐκπέλε-
4	1	3	1	18	0	51	833	352	28	-1	
5	1	3	1	18	1	51	840	30	20	96.803192	ση
5	1	3	1	18	2	91	834	43	20	93.283272	τοῦ
5	1	3	1	18	3	145	833	157	27	92.154411	Καθήκοντος,
5	1	3	1	18	4	317	834	29	21	93.229599	θὰ
5	1	3	1	18	5	358	841	45	20	93.229599	φω-
4	1	3	1	19	0	51	868	352	27	-1	
5	1	3	1	19	1	51	868	76	27	92.177078	τίζουν
5	1	3	1	19	2	137	868	39	21	95.933502	καί
5	1	3	1	19	3	186	869	31	20	71.055199	θὰ
5	1	3	1	19	4	228	869	125	21	93.288071	διδάσκουν
5	1	3	1	19	5	380	869	23	21	87.454819	ὅ-
4	1	3	1	20	0	51	903	352	27	-1	
5	1	3	1	20	1	51	904	56	26	89.317780	λους
5	1	3	1	20	2	120	903	101	27	86.822113	ἐκείνους
5	1	3	1	20	3	247	904	47	21	86.822113	πιού
5	1	3	1	20	4	325	904	78	21	73.895874	ἐπιθυ-
4	1	3	1	21	0	51	939	351	27	-1	
5	1	3	1	21	1	51	940	58	26	92.137474	μοῦν
5	1	3	1	21	2	121	939	20	20	90.842102	ν᾿
5	1	3	1	21	3	156	939	107	27	92.026825	ἀφήσουν
5	1	3	1	21	4	276	939	74	27	86.960320	καλήν
5	1	3	1	21	5	380	939	22	21	45.126934	ὁἌ-
4	1	3	1	22	0	51	974	351	28	-1	
5	1	3	1	22	1	51	974	161	27	80.616043	στεροφηµίαν
5	1	3	1	22	2	224	974	39	21	73.199425	Καί
5	1	3	1	22	3	274	974	128	28	62.287933	παράδει-
4	1	3	1	23	0	51	1009	214	28	-1	
5	1	3	1	23	1	51	1016	33	21	74.474396	μα
5	1	3	1	23	2	95	1009	60	27	93.303986	πρός
5	1	3	1	23	3	162	1009	103	28	57.956192	µίµησιν.
3	1	3	2	0	0	49	1045	353	240	-1	
4	1	3	2	1	0	81	1045	321	28	-1	
5	1	3	2	1	1	81	1045	25	21	35.147766	“Ἡ
5	1	3	2	1	2	117	1045	47	21	93.295380	ἀπό
5	1	3	2	1	3	176	1045	111	28	91.199478	ἐκλεκτήν
5	1	3	2	1	4	312	1045	90	28	85.733215	οἰκογέ-
4	1	3	2	2	0	50	1080	352	28	-1	
5	1	3	2	2	1	50	1087	61	15	84.425735	νειαν
5	1	3	2	2	2	122	1080	113	28	85.944191	ἐνάρεπιος
5	1	3	2	2	3	247	1081	100	27	50.615406	σὐζυγός
5	1	3	2	2	4	359	1088	43	15	96.157715	του
4	1	3	2	3	0	49	1116	352	28	-1	
5	1	3	2	3	1	49	1123	18	13	92.114655	κ.
5	1	3	2	3	2	83	1116	134	28	47.862206	᾿Αφροδίπτη,
5	1	3	2	3	3	229	1117	43	21	89.305580	τοῦ
5	1	3	2	3	4	285	1123	116	21	73.258110	συµπιαρια
4	1	3	2	4	0	51	1151	350	29	-1	
5	1	3	2	4	1	51	1151	75	28	92.066345	στάθη
5	1	3	2	4	2	142	1152	111	24	90.427696	πάνποτε,
5	1	3	2	4	3	269	1152	61	21	91.905457	κατὰ
5	1	3	2	4	4	346	1152	55	28	91.806358	τρό-
4	1	3	2	5	0	50	1187	352	28	-1	
5	1	3	2	5	1	50	1194	44	14	85.614258	πον
5	1	3	2	5	2	107	1187	103	27	65.587563	τιµώντα
5	1	3	2	5	3	222	1187	42	28	93.297554	τήν
5	1	3	2	5	4	279	1187	123	28	89.709122	Ἑλληνίδα
4	1	3	2	6	0	49	1222	353	28	-1	
5	1	3	2	6	1	49	1222	140	28	88.469460	Χρισπιανήν
5	1	3	2	6	2	203	1223	39	21	85.547104	Καί
5	1	3	2	6	3	253	1222	83	28	91.188683	πισπήν
5	1	3	2	6	4	350	1223	52	21	92.364647	σύν-
4	1	3	2	7	0	51	1264	96	21	-1	
5	1	3	2	7	1	51	1264	96	21	29.455688	τροφον.
3	1	3	3	0	0	48	1292	353	383	-1	
4	1	3	3	1	0	81	1292	319	29	-1	
5	1	3	3	1	1	81	1292	114	22	96.806824	Τελείωσε
5	1	3	3	1	2	210	1293	43	28	86.488831	τήν
5	1	3	3	1	3	282	1294	118	27	85.784996	καρριέρα
4	1	3	3	2	0	49	1328	352	28	-1	
5	1	3	3	2	1	49	1335	43	14	79.324608	που
5	1	3	3	2	2	104	1328	31	27	93.054390	ὡς
5	1	3	3	2	3	146	1329	140	27	90.823235	Διευθυνπής
5	1	3	3	2	4	297	1330	43	26	93.298065	τῆς
5	1	3	3	2	5	352	1329	49	21	92.947105	Μα-
4	1	3	3	3	0	49	1364	352	28	-1	
5	1	3	3	3	1	49	1364	114	27	46.330105	ραἰσλείου
5	1	3	3	3	2	176	1364	176	28	58.146088	Παιδαγωγικῆς
5	1	3	3	3	3	366	1365	35	21	7.501312	᾽Α-
4	1	3	3	4	0	49	1399	352	27	-1	
5	1	3	3	4	1	49	1399	121	27	86.912010	καδηµίας.
5	1	3	3	4	2	197	1400	93	26	7.204445	"Αφησε
5	1	3	3	4	3	304	1399	42	22	80.181198	ἕνα
5	1	3	3	4	4	372	1400	29	20	87.510193	ὦ-
4	1	3	3	5	0	49	1435	352	28	-1	
5	1	3	3	5	1	49	1435	55	26	43.366779	ραῖο
5	1	3	3	5	2	114	1435	151	27	0.000000	πιαράδειηµά
5	1	3	3	5	3	271	1436	72	27	96.925568	ζωῆς,
5	1	3	3	5	4	353	1435	48	27	96.828552	πρό
4	1	3	3	6	0	50	1470	350	27	-1	
5	1	3	3	6	1	50	1470	93	21	1.747589	πάντων
5	1	3	3	6	2	158	1470	37	27	84.348969	γιὰ
5	1	3	3	6	3	210	1470	57	27	92.003197	τούς
5	1	3	3	6	4	298	1471	102	20	78.627724	σπουδα-
4	1	3	3	7	0	49	1505	351	29	-1	
5	1	3	3	7	1	49	1505	54	27	92.950203	στές
5	1	3	3	7	2	113	1505	39	22	83.479401	Καί
5	1	3	3	7	3	162	1506	141	27	82.275970	δασκἀλους.
5	1	3	3	7	4	320	1507	26	20	90.638412	Ἡ
5	1	3	3	7	5	356	1506	44	28	84.448318	µνή
4	1	3	3	8	0	48	1541	352	27	-1	
5	1	3	3	8	1	48	1548	31	20	83.460014	µη
5	1	3	3	8	2	87	1548	42	14	96.202309	του
5	1	3	3	8	3	139	1541	30	21	71.002724	θά
5	1	3	3	8	4	177	1541	71	27	58.276596	μείνει
5	1	3	3	8	5	256	1541	88	21	66.146774	αἰώνια.
5	1	3	3	8	6	356	1542	44	26	70.469574	"Ας
4	1	3	3	9	0	49	1576	351	28	-1	
5	1	3	3	9	1	49	1576	137	27	87.593475	ἐνποιχισθεῖ
5	1	3	3	9	2	196	1577	41	27	93.261436	µία
5	1	3	3	9	3	250	1578	80	21	90.688957	πιλάκα
5	1	3	3	9	4	355	1578	45	20	91.047424	στό
4	1	3	3	10	0	49	1611	351	26	-1	
5	1	3	3	10	1	49	1611	100	26	49.337330	πατρικὀ
5	1	3	3	10	2	159	1618	44	14	96.992355	του
5	1	3	3	10	3	214	1612	63	21	96.056290	σπίτι
5	1	3	3	10	4	287	1612	46	21	93.264900	πού
5	1	3	3	10	5	344	1613	21	19	79.987511	ν᾿
5	1	3	3	10	6	374	1612	26	20	90.823044	ᾱ-
4	1	3	3	11	0	48	1645	351	30	-1	
5	1	3	3	11	1	48	1645	134	28	40.497047	ναφέριεπται:;
5	1	3	3	11	2	203	1646	73	22	35.551697	«᾿Εδῶ
5	1	3	3	11	3	290	1646	109	29	90.611740	ἐγεννήθη
2	1	4	0	0	0	48	1680	364	30	-1	
3	1	4	1	0	0	48	1680	364	30	-1	
4	1	4	1	1	0	48	1680	364	30	-1	
5	1	4	1	1	1	48	1680	13	22	93.228165	ὁ
5	1	4	1	1	2	81	1682	151	27	93.298538	Παναγιώτης
5	1	4	1	1	3	249	1682	23	21	16.810265	᾽Ι.
5	1	4	1	1	4	291	1682	121	28	67.154968	Μόρφης,
5	1	4	1	1	5	401	1676	14	38	67.154968	ι
2	1	5	0	0	0	48	1716	336	60	-1	
3	1	5	1	0	0	48	1716	336	60	-1	
4	1	5	1	1	0	48	1716	336	30	-1	
5	1	5	1	1	1	48	1723	12	15	92.464600	ὁ
5	1	5	1	1	2	74	1716	123	29	92.547226	ἐξαίρετος
5	1	5	1	1	3	211	1718	173	28	87.286194	Παιδαγωγός».
4	1	5	1	2	0	298	1755	57	21	-1	
5	1	5	1	2	1	298	1755	57	21	90.990822	ΚΗΓ
2	1	6	0	0	0	56	1809	5	7	-1	
3	1	6	1	0	0	56	1809	5	7	-1	
4	1	6	1	1	0	56	1809	5	7	-1	
5	1	6	1	1	1	56	1809	5	7	66.893280	»
2	1	7	0	0	0	60	1840	318	25	-1	
3	1	7	1	0	0	60	1840	318	25	-1	
4	1	7	1	1	0	60	1840	318	25	-1	
5	1	7	1	1	1	60	1840	102	22	80.177368	ΒΙΒΛΙΑ
5	1	7	1	1	2	178	1841	64	22	89.028427	ΠΟΥ
5	1	7	1	1	3	256	1842	122	23	68.337006	ΑΛΒΑΜΕ
2	1	8	0	0	0	61	1811	327	6	-1	
3	1	8	1	0	0	61	1811	327	6	-1	
4	1	8	1	1	0	61	1811	327	6	-1	
5	1	8	1	1	1	61	1811	327	6	95.000000	 
2	1	9	0	0	0	153	1889	117	7	-1	
3	1	9	1	0	0	153	1889	117	7	-1	
4	1	9	1	1	0	153	1889	117	7	-1	
5	1	9	1	1	1	153	1889	117	7	95.000000	 
2	1	10	0	0	0	279	1914	39	26	-1	
3	1	10	1	0	0	279	1914	39	26	-1	
4	1	10	1	1	0	279	1914	39	26	-1	
5	1	10	1	1	1	279	1914	39	26	95.000000	  
2	1	11	0	0	0	78	1912	321	31	-1	
3	1	11	1	0	0	78	1912	321	31	-1	
4	1	11	1	1	0	78	1912	321	31	-1	
5	1	11	1	1	1	78	1912	48	21	47.807739	ἸΑπὸ
5	1	11	1	1	2	143	1912	31	22	93.176132	τὸν
5	1	11	1	1	3	188	1921	140	20	40.099060	κοσμαηάπητο
5	1	11	1	1	4	343	1916	56	27	39.470783	παρ
2	1	12	0	0	0	48	1947	363	31	-1	
3	1	12	1	0	0	48	1947	363	31	-1	
4	1	12	1	1	0	48	1947	363	31	-1	
5	1	12	1	1	1	48	1948	128	27	35.376976	τιατολάτρη,
5	1	12	1	1	2	188	1943	27	39	88.612259	ὑμν
5	1	12	1	1	3	229	1950	30	26	52.756203	ἠτὴ
5	1	12	1	1	4	273	1952	32	20	92.786972	τοῦ
5	1	12	1	1	5	316	1950	83	28	9.538734	]ὐρώτα
2	1	13	0	0	0	48	1983	350	30	-1	
3	1	13	1	0	0	48	1983	350	30	-1	
4	1	13	1	1	0	48	1983	350	30	-1	
5	1	13	1	1	1	48	1983	32	21	11.922218	Ἀαὶ
5	1	13	1	1	2	96	1985	31	20	92.749596	τοῦ
5	1	13	1	1	3	140	1984	111	28	52.916405	Ταύγεπου,
5	1	13	1	1	4	265	1985	96	28	88.572426	Μαέστρο
5	1	13	1	1	5	381	1995	17	13	93.603104	κ.
2	1	14	0	0	0	48	2012	364	43	-1	
3	1	14	1	0	0	48	2012	364	43	-1	
4	1	14	1	1	0	48	2012	364	43	-1	
5	1	14	1	1	1	48	2018	74	23	50.309166	᾽Αλόνο
5	1	14	1	1	2	136	2020	191	27	2.851532	Παναηγιωτόπουλο,
5	1	14	1	1	3	338	2021	62	22	57.570881	λάξα-
5	1	14	1	1	4	408	2012	4	43	94.381706	|
2	1	15	0	0	0	47	2054	352	99	-1	
3	1	15	1	0	0	47	2054	352	99	-1	
4	1	15	1	1	0	48	2054	351	29	-1	
5	1	15	1	1	1	48	2062	22	18	60.577236	με
5	1	15	1	1	2	82	2054	23	26	36.804993	μέ
5	1	15	1	1	3	116	2055	65	27	21.402344	Φερμὴ
5	1	15	1	1	4	195	2056	98	27	92.094009	ἀφιέρωσή
5	1	15	1	1	5	307	2065	38	19	95.783424	του,
5	1	15	1	1	6	359	2057	40	22	27.107788	«Τὸ
4	1	15	1	2	0	47	2090	246	29	-1	
5	1	15	1	2	1	47	2090	119	27	87.238052	ἡμερολόγιο
5	1	15	1	2	2	180	2091	43	25	91.082283	ἑνὸς
5	1	15	1	2	3	238	2092	55	27	61.814598	Σπαρ
4	1	15	1	3	0	48	2125	199	28	-1	
5	1	15	1	3	1	48	2127	73	26	41.645813	σικοῦ».,
5	1	15	1	3	2	134	2125	77	27	0.000000	έκδοσις
5	1	15	1	3	3	221	2127	26	21	67.587006	Β΄
2	1	16	0	0	0	298	2092	101	27	-1	
3	1	16	1	0	0	298	2092	101	27	-1	
4	1	16	1	1	0	298	2092	101	27	-1	
5	1	16	1	1	1	298	2092	58	27	77.929489	τιάτη
5	1	16	1	1	2	366	2101	33	18	66.972008	μου
2	1	17	0	0	0	392	2181	4	7	-1	
3	1	17	1	0	0	392	2181	4	7	-1	
4	1	17	1	1	0	392	2181	4	7	-1	
5	1	17	1	1	1	392	2181	4	7	9.155273	Β
2	1	18	0	0	0	47	2179	353	311	-1	
3	1	18	1	0	0	47	2179	353	169	-1	
4	1	18	1	1	0	77	2179	322	28	-1	
5	1	18	1	1	1	77	2180	26	20	86.951065	Ἡ
5	1	18	1	1	2	112	2179	126	28	68.140404	καλαίσθητη
5	1	18	1	1	3	247	2181	71	26	55.259037	ἔκδοσή
5	1	18	1	1	4	329	2190	39	13	89.338493	του,
5	1	18	1	1	5	379	2190	20	13	96.873734	τὸ
4	1	18	1	2	0	47	2215	352	29	-1	
5	1	18	1	2	1	47	2216	66	25	8.192474	παλῆς
5	1	18	1	2	2	125	2215	104	27	86.408478	ποιότήτος
5	1	18	1	2	3	242	2216	58	27	92.779076	χαρτὶ
5	1	18	1	2	4	314	2225	38	19	93.197128	του,
5	1	18	1	2	5	365	2217	34	21	54.483231	ἆλ-
4	1	18	1	3	0	47	2249	351	30	-1	
5	1	18	1	3	1	47	2249	26	22	92.050659	λὰ
5	1	18	1	3	2	84	2250	73	28	91.129570	κυρίως
5	1	18	1	3	3	167	2250	21	23	93.288361	τὸ
5	1	18	1	3	4	197	2251	116	27	91.336563	γοητευτικὸ
5	1	18	1	3	5	323	2252	75	27	0.389084	καϊγλα
4	1	18	1	4	0	49	2285	351	30	-1	
5	1	18	1	4	1	49	2285	45	27	84.928665	φυρὺ
5	1	18	1	4	2	109	2286	125	27	32.464729	περηεχόμενὸ
5	1	18	1	4	3	250	2294	38	20	93.234695	του,
5	1	18	1	4	4	305	2288	95	27	92.077728	συναρπά-
4	1	18	1	5	0	48	2321	351	27	-1	
5	1	18	1	5	1	47	2323	28	22	41.028542	ζει
5	1	18	1	5	2	87	2321	31	22	93.273636	τὸν
5	1	18	1	5	3	131	2321	116	27	53.438763	ἀλαγνώσιη
5	1	18	1	5	4	258	2322	33	22	2.960091	παὶ
5	1	18	1	5	5	303	2322	31	21	95.046570	δέν
5	1	18	1	5	6	350	2323	20	22	93.291748	τὸ
5	1	18	1	5	7	388	2324	11	20	92.569855	ἆ
3	1	18	2	0	0	47	2357	353	133	-1	
4	1	18	2	1	0	310	2357	89	26	-1	
5	1	18	2	1	1	310	2357	30	26	95.881645	τὶς
5	1	18	2	1	2	358	2358	41	21	45.584114	952
4	1	18	2	2	0	47	2391	353	30	-1	
5	1	18	2	2	1	47	2391	77	24	62.455414	σελίδες
5	1	18	2	2	2	138	2401	32	14	92.978142	του
5	1	18	2	2	3	182	2393	62	28	92.886307	χωρὶς
5	1	18	2	2	4	258	2394	91	26	33.017624	διακοπὴ.
5	1	18	2	2	5	363	2394	37	27	44.735332	Ζη-
4	1	18	2	3	0	48	2429	351	26	-1	
5	1	18	2	3	1	48	2429	58	24	89.254616	τῆστε
5	1	18	2	3	2	122	2437	30	13	96.053406	το:
5	1	18	2	3	3	165	2429	68	26	84.045479	Λεωφ,
5	1	18	2	3	4	246	2429	102	26	70.358696	᾽Αμαλήας
5	1	18	2	3	5	365	2430	34	22	78.995468	00.
4	1	18	2	4	0	48	2463	176	27	-1	
5	1	18	2	4	1	48	2463	52	27	0.000000	Τι,
5	1	18	2	4	2	114	2463	110	22	80.089401	9981190.
2	1	19	0	0	0	48	2356	244	27	-1	
3	1	19	1	0	0	48	2356	244	27	-1	
4	1	19	1	1	0	48	2356	244	27	-1	
5	1	19	1	1	1	48	2356	54	27	22.955048	φήνει,
5	1	19	1	1	2	117	2357	21	21	94.610901	ἄν
5	1	19	1	1	3	152	2356	31	22	80.001823	δέν
5	1	19	1	1	4	197	2357	95	27	12.699371	διαδὰσει,
2	1	20	0	0	0	91	2389	13	28	-1	
3	1	20	1	0	0	91	2389	13	28	-1	
4	1	20	1	1	0	91	2389	13	28	-1	
5	1	20	1	1	1	91	2389	13	28	95.000000	 
2	1	21	0	0	0	63	2523	331	4	-1	
3	1	21	1	0	0	63	2523	331	4	-1	
4	1	21	1	1	0	63	2523	331	4	-1	
5	1	21	1	1	1	63	2523	331	4	95.000000	 
2	1	22	0	0	0	108	2553	203	22	-1	
3	1	22	1	0	0	108	2553	203	22	-1	
4	1	22	1	1	0	108	2553	203	22	-1	
5	1	22	1	1	1	108	2553	203	22	88.436745	ΠΡΟΣΟΧΗΙ
2	1	23	0	0	0	66	2604	332	44	-1	
3	1	23	1	0	0	66	2604	332	44	-1	
4	1	23	1	1	0	66	2604	332	28	-1	
5	1	23	1	1	1	66	2604	21	22	79.159515	ϐ
5	1	23	1	1	2	109	2605	31	21	43.144718	Τὸ
5	1	23	1	1	3	156	2605	142	27	31.410011	οὐτοφάρμαχκα
5	1	23	1	1	4	316	2606	51	21	80.540314	εἶναι
5	1	23	1	1	5	375	2607	23	25	80.540314	δη
4	1	23	1	2	0	273	2641	3	7	-1	
5	1	23	1	2	1	273	2641	3	7	0.000000	;
2	1	24	0	0	0	47	2641	350	27	-1	
3	1	24	1	0	0	47	2641	350	27	-1	
4	1	24	1	1	0	47	2641	350	27	-1	
5	1	24	1	1	1	47	2641	92	27	63.008965	ληπήρια,
5	1	24	1	1	2	154	2641	48	22	92.619522	πολὺ
5	1	24	1	1	3	225	2642	111	21	0.000000	ἐπινίνδυνα
5	1	24	1	1	4	363	2641	34	22	36.580078	καὶ
2	1	25	0	0	0	255	2649	18	15	-1	
3	1	25	1	0	0	255	2649	18	15	-1	
4	1	25	1	1	0	255	2649	18	15	-1	
5	1	25	1	1	1	255	2649	18	15	95.000000	 
2	1	26	0	0	0	47	2676	351	63	-1	
3	1	26	1	0	0	47	2676	351	63	-1	
4	1	26	1	1	0	47	2676	351	28	-1	
5	1	26	1	1	1	47	2676	129	27	14.675034	ἁλαματηφόρα
5	1	26	1	1	2	190	2676	46	22	93.187584	ὅταν
5	1	26	1	1	3	246	2677	19	26	80.765572	.ἡ
5	1	26	1	1	4	279	2677	66	27	30.037704	χρήση
5	1	26	1	1	5	354	2685	44	16	30.037704	τους
4	1	26	1	2	0	48	2711	195	28	-1	
5	1	26	1	2	1	48	2719	74	19	12.148422	Ἰάμεπαι
5	1	26	1	2	2	141	2711	102	28	0.000000	ἀλόηιίσπα.
2	1	27	0	0	0	46	2765	352	133	-1	
3	1	27	1	0	0	46	2765	352	133	-1	
4	1	27	1	1	0	59	2765	339	28	-1	
5	1	27	1	1	1	59	2765	111	27	9.354637	Προσοχή!
5	1	27	1	1	2	183	2765	39	22	90.471138	ὅσοι
5	1	27	1	1	3	236	2766	24	21	93.194092	τὰ
5	1	27	1	1	4	274	2774	124	19	47.265091	χρησιμοποι-
4	1	27	1	2	0	46	2800	351	29	-1	
5	1	27	1	2	1	46	2802	30	19	26.821144	οὖν
5	1	27	1	2	2	88	2800	23	21	93.293274	νὰ
5	1	27	1	2	3	121	2801	118	27	61.443924	ἐφαρμζουν
5	1	27	1	2	4	251	2801	87	28	92.195518	αὐστηρὰ
5	1	27	1	2	5	367	2801	30	25	84.938812	τὶς
4	1	27	1	3	0	46	2836	102	27	-1	
5	1	27	1	3	1	46	2836	102	27	23.171249	ἀνοηραφάι
4	1	27	1	4	0	46	2873	62	25	-1	
5	1	27	1	4	1	46	2873	62	25	24.764626	λαηιτε
2	1	28	0	0	0	220	2837	178	28	-1	
3	1	28	1	0	0	220	2837	178	28	-1	
4	1	28	1	1	0	220	2837	178	28	-1	
5	1	28	1	1	1	220	2837	87	27	54.715809	ὁδηγίες,
5	1	28	1	1	2	321	2838	77	27	43.925552	Προφυ-
2	1	29	0	0	0	149	2845	56	17	-1	
3	1	29	1	0	0	149	2845	56	17	-1	
4	1	29	1	1	0	149	2845	56	17	-1	
5	1	29	1	1	1	149	2845	56	17	95.000000	 
2	1	30	0	0	0	110	2872	49	6	-1	
3	1	30	1	0	0	110	2872	49	6	-1	
4	1	30	1	1	0	110	2872	49	6	-1	
5	1	30	1	1	1	110	2872	49	6	95.000000	 
2	1	31	0	0	0	119	2880	44	16	-1	
3	1	31	1	0	0	119	2880	44	16	-1	
4	1	31	1	1	0	119	2880	44	16	-1	
5	1	31	1	1	1	119	2880	44	16	95.000000	    
2	1	32	0	0	0	47	2872	351	62	-1	
3	1	32	1	0	0	47	2872	351	62	-1	
4	1	32	1	1	0	163	2872	235	28	-1	
5	1	32	1	1	1	163	2872	58	26	44.948959	πίσιης
5	1	32	1	1	2	238	2872	36	21	95.985931	ἀπὸ
5	1	32	1	1	3	286	2872	45	25	93.292587	τούς
5	1	32	1	1	4	344	2874	54	26	40.671906	ἆθρο-
4	1	32	1	2	0	47	2907	118	27	-1	
5	1	32	1	2	1	47	2907	118	27	25.941170	φειμασμούς,
2	1	33	0	0	0	112	2881	4	12	-1	
3	1	33	1	0	0	112	2881	4	12	-1	
4	1	33	1	1	0	112	2881	4	12	-1	
5	1	33	1	1	1	112	2881	4	12	95.000000	 
2	1	34	0	0	0	52	2966	340	5	-1	
3	1	34	1	0	0	52	2966	340	5	-1	
4	1	34	1	1	0	52	2966	340	5	-1	
5	1	34	1	1	1	52	2966	340	5	95.000000	 
2	1	35	0	0	0	45	2995	246	65	-1	
3	1	35	1	0	0	45	2995	352	65	-1	
4	1	35	1	1	0	64	2995	197	22	-1	
5	1	35	1	1	1	64	2995	21	21	88.799400	ϐ
5	1	35	1	1	2	110	2996	151	21	61.503925	ΠΟΛΗΙΤΑΙ,
4	1	35	1	2	0	45	3010	246	50	-1	
5	1	35	1	2	1	45	3031	50	21	62.598427	σπίτι
5	1	35	1	2	2	109	3031	22	26	44.257744	µιέ
5	1	35	1	2	3	143	3033	57	26	33.938446	κήπο,
5	1	35	1	2	4	216	3010	75	50	23.104050	πρ
2	1	36	0	0	0	47	3066	196	28	-1	
3	1	36	1	0	0	47	3066	196	28	-1	
4	1	36	1	1	0	47	3066	196	28	-1	
5	1	36	1	1	1	47	3066	102	28	35.378342	τηλάφωµο
5	1	36	1	1	2	166	3067	77	24	73.293961	38976.
2	1	37	0	0	0	275	2993	126	30	-1	
3	1	37	1	0	0	275	2993	126	30	-1	
4	1	37	1	1	0	275	2993	126	30	-1	
5	1	37	1	1	1	275	2993	126	30	95.000000	 
2	1	38	0	0	0	454	42	657	50	-1	
3	1	38	1	0	0	454	42	657	50	-1	
4	1	38	1	1	0	454	42	657	50	-1	
5	1	38	1	1	1	454	42	215	40	89.552765	᾿Επιστολή
5	1	38	1	1	2	696	46	73	37	93.295959	τοῦ
5	1	38	1	1	3	791	44	320	48	59.775230	Μπτροπολίτου
2	1	39	0	0	0	607	149	348	23	-1	
3	1	39	1	0	0	607	149	348	23	-1	
4	1	39	1	1	0	607	149	348	23	-1	
5	1	39	1	1	1	607	156	16	6	75.933655	Ξ-
5	1	39	1	1	2	636	149	91	22	96.197800	Συνέχεια
5	1	39	1	1	3	736	149	40	18	95.265282	ἀπό
5	1	39	1	1	4	785	149	34	23	95.678352	τήν
5	1	39	1	1	5	829	150	23	22	86.979523	8η
5	1	39	1	1	6	861	150	66	17	93.262680	σελίδα
5	1	39	1	1	7	939	157	16	6	92.849182	--
2	1	40	0	0	0	422	218	740	841	-1	
3	1	40	1	0	0	425	218	477	64	-1	
4	1	40	1	1	0	426	218	476	29	-1	
5	1	40	1	1	1	426	226	38	13	35.851494	τωλ.
5	1	40	1	1	2	482	218	138	28	73.768883	ταλιαιπωρίας
5	1	40	1	1	3	634	218	33	22	54.243683	καὶ
5	1	40	1	1	4	681	220	84	26	46.213242	φρυκπῆς
5	1	40	1	1	5	779	219	123	28	19.351425	δοηµασίας,
4	1	40	1	2	0	425	253	377	29	-1	
5	1	40	1	2	1	425	254	71	21	36.707886	νειαικὰ
5	1	40	1	2	2	505	253	33	22	86.858849	καί
5	1	40	1	2	3	549	254	107	22	0.000000	κοινωνικὰ
5	1	40	1	2	4	665	255	137	27	0.000000	προθλήµατα.
3	1	40	2	0	0	423	289	709	171	-1	
4	1	40	2	1	0	457	289	674	30	-1	
5	1	40	2	1	1	457	289	78	25	43.751915	ὝὍλους
5	1	40	2	1	2	549	289	69	26	93.142197	αὐτούς
5	1	40	2	1	3	632	289	44	26	93.296036	τούς
5	1	40	2	1	4	690	289	65	23	92.820107	θλέπω
5	1	40	2	1	5	770	290	96	28	57.898949	ἀδελιφούς
5	1	40	2	1	6	879	299	33	18	93.262260	µου
5	1	40	2	1	7	929	291	33	22	85.107918	χαί
5	1	40	2	1	8	976	291	65	27	70.471474	ἀκόμη
5	1	40	2	1	9	1053	291	78	28	0.000000	χυρίους
4	1	40	2	2	0	423	324	709	45	-1	
5	1	40	2	2	1	423	332	36	19	75.751549	μου
5	1	40	2	2	2	471	324	35	22	83.645622	καί
5	1	40	2	2	3	520	325	98	42	61.484543	ἀφεντωιὰ
5	1	40	2	2	4	633	334	43	19	85.156738	µου,
5	1	40	2	2	5	687	326	34	21	93.283188	πού
5	1	40	2	2	6	739	326	118	26	62.148544	αἰσθάνομιαι
5	1	40	2	2	7	871	327	34	26	95.142647	τήν
5	1	40	2	2	8	923	326	126	43	42.867657	ὑποχρέωση),
5	1	40	2	2	9	1064	327	21	23	90.805283	τό
5	1	40	2	2	10	1098	336	34	13	52.438309	κα-
4	1	40	2	3	0	424	361	706	46	-1	
5	1	40	2	3	1	424	361	60	25	17.887413	θήκον
5	1	40	2	3	2	498	360	33	22	63.726585	καί
5	1	40	2	3	3	545	361	34	26	93.263550	τήν
5	1	40	2	3	4	594	360	80	28	58.115242	ἀνάγκη
5	1	40	2	3	5	684	361	24	22	93.295853	νά
5	1	40	2	3	6	722	362	122	27	32.623550	ὑπηρεπήσω.
5	1	40	2	3	7	861	361	38	23	60.851627	Δό)
5	1	40	2	3	8	913	362	24	22	96.989128	θὰ
5	1	40	2	3	9	952	362	94	45	31.668175	ποσα
5	1	40	2	3	10	1057	362	33	23	52.724400	καί
5	1	40	2	3	11	1099	362	31	22	74.703522	δὲν
4	1	40	2	4	0	424	395	707	30	-1	
5	1	40	2	4	1	424	395	29	21	38.243237	δὰ
5	1	40	2	4	2	467	395	91	28	48.242374	μπορέσω
5	1	40	2	4	3	572	396	23	21	94.297684	νὰ
5	1	40	2	4	4	610	396	52	26	92.392563	ζήσω
5	1	40	2	4	5	677	396	123	29	63.663288	ἀνδρώπυα,
5	1	40	2	4	6	818	397	22	22	75.047729	ἂν
5	1	40	2	4	7	854	397	21	22	76.463089	δὲ
5	1	40	2	4	8	889	397	53	22	66.184464	κάνω
5	1	40	2	4	9	957	398	48	22	0.000000	τι
5	1	40	2	4	10	1019	399	27	26	78.129356	γι’
5	1	40	2	4	11	1062	398	69	25	90.754822	αὐτούς
4	1	40	2	5	0	426	431	489	29	-1	
5	1	40	2	5	1	426	431	44	25	78.601875	τοὺς
5	1	40	2	5	2	481	431	113	28	90.122604	ἀνθρώπους
5	1	40	2	5	3	605	431	22	27	82.924980	µέ
5	1	40	2	5	4	638	432	34	26	93.261856	τήν
5	1	40	2	5	5	682	432	91	27	83.387512	εὐλογίαν
5	1	40	2	5	6	785	435	31	20	92.703201	τοῦ
5	1	40	2	5	7	829	434	86	26	53.513824	οὐρανοῦ.
3	1	40	3	0	0	423	467	709	203	-1	
4	1	40	3	1	0	452	467	680	29	-1	
5	1	40	3	1	1	452	467	54	26	0.000000	Σιπ{ῷ
5	1	40	3	1	2	519	467	131	28	84.034607	προσπάθειαν
5	1	40	3	1	3	664	469	37	25	93.295052	τῆς
5	1	40	3	1	4	713	468	144	28	61.889626	περιδἀλήεως
5	1	40	3	1	5	871	469	65	21	96.657997	αὐτῶν
5	1	40	3	1	6	950	470	37	21	93.272408	τῶν
5	1	40	3	1	7	1000	469	132	27	61.795738	συμπαθεστὰ-
4	1	40	3	2	0	425	502	737	29	-1	
5	1	40	3	2	1	425	510	38	13	91.938553	των
5	1	40	3	2	2	477	502	141	28	85.201736	συνανθρώπων
5	1	40	3	2	3	633	511	46	20	80.074783	µας,
5	1	40	3	2	4	694	503	53	27	74.199585	εἶμαι
5	1	40	3	2	5	760	503	86	28	64.647598	θέθαιος,
5	1	40	3	2	6	861	504	48	22	96.009323	διότι
5	1	40	3	2	7	928	504	33	22	37.613625	καί
5	1	40	3	2	8	974	505	49	23	84.443596	αὐτό
5	1	40	3	2	9	1037	504	21	23	80.268494	τό
5	1	40	3	2	10	1072	504	90	25	75.574631	διεπί-
5	1	40	3	2	11	1139	498	27	38	89.437492	|τ
4	1	40	3	3	0	423	537	707	31	-1	
5	1	40	3	3	1	423	546	73	19	91.309120	στωσα,
5	1	40	3	3	2	507	537	28	23	93.287254	ὅτι
5	1	40	3	3	3	548	538	29	21	0.000000	δὰ
5	1	40	3	3	4	587	538	40	28	92.314499	ἔχω
5	1	40	3	3	5	642	539	34	26	93.265938	τήν
5	1	40	3	3	6	687	539	158	28	32.536606	συµπαρὰσπασιν
5	1	40	3	3	7	857	541	32	21	93.022194	τοῦ
5	1	40	3	3	8	901	540	51	28	93.022194	ἱεροῦ
5	1	40	3	3	9	963	540	74	28	35.723450	κλήρου
5	1	40	3	3	10	1049	540	33	22	86.535339	καί
5	1	40	3	3	11	1092	542	38	20	96.993103	τῶν
4	1	40	3	4	0	425	573	707	29	-1	
5	1	40	3	4	1	425	573	147	27	0.000000	φιλαδρώπων
5	1	40	3	4	2	587	575	122	26	33.685616	πχριστιανῶν
5	1	40	3	4	3	721	576	36	24	93.239067	τῆς
5	1	40	3	4	4	771	574	153	28	72.980675	Μητροπόλεώς
5	1	40	3	4	5	938	584	35	18	84.603539	µου
5	1	40	3	4	6	984	575	34	22	59.871944	καί
5	1	40	3	4	7	1032	577	37	21	93.281754	τῶν
5	1	40	3	4	8	1087	577	45	21	48.408936	ἆπο-
4	1	40	3	5	0	424	608	707	31	-1	
5	1	40	3	5	1	424	608	65	27	43.019238	δήμων
5	1	40	3	5	2	504	608	111	29	0.000000	Λιακώνων,
5	1	40	3	5	3	632	609	65	27	91.127831	ἀκόμη
5	1	40	3	5	4	710	609	34	22	65.931351	καί
5	1	40	3	5	5	763	611	37	20	93.197861	τῶν
5	1	40	3	5	6	816	610	113	28	72.548874	ἁπανπαχοῦ
5	1	40	3	5	7	943	610	62	28	93.279480	φίλων
5	1	40	3	5	8	1021	613	32	20	77.685738	ποῦ
5	1	40	3	5	9	1082	612	49	27	34.656250	Χρι-
4	1	40	3	6	0	425	646	108	24	-1	
5	1	40	3	6	1	425	646	45	19	92.799683	στοῦ
5	1	40	3	6	2	484	652	49	18	78.383270	µας.
3	1	40	4	0	0	422	679	709	274	-1	
4	1	40	4	1	0	453	679	676	31	-1	
5	1	40	4	1	1	453	680	27	21	88.824493	Ἡ
5	1	40	4	1	2	496	679	79	28	0.000000	ὀνάγονη
5	1	40	4	1	3	589	680	66	22	67.378510	λοιπό)
5	1	40	4	1	4	672	683	36	24	93.230331	τῆς
5	1	40	4	1	5	724	681	139	28	61.171623	περιθἀλψεως
5	1	40	4	1	6	880	683	38	21	90.933121	τῶν
5	1	40	4	1	7	939	682	83	21	39.029194	ἀγιάτων
5	1	40	4	1	8	1039	683	90	27	92.278946	ἀδελφῶν
4	1	40	4	2	0	424	715	707	29	-1	
5	1	40	4	2	1	424	723	39	17	87.868187	µας
5	1	40	4	2	2	477	715	33	21	33.198540	αί
5	1	40	4	2	3	538	716	9	21	87.504875	ὁ
5	1	40	4	2	4	559	716	60	24	93.290321	πόθος
5	1	40	4	2	5	636	717	80	20	65.416382	πολλῶν
5	1	40	4	2	6	731	716	110	27	72.401871	ἀνθρώπων
5	1	40	4	2	7	855	717	22	26	47.177830	µέ
5	1	40	4	2	8	890	717	138	27	94.538498	πρωτοπόρους
5	1	40	4	2	9	1042	718	24	21	97.018730	τὰ
5	1	40	4	2	10	1079	718	52	26	94.675491	µέλη
4	1	40	4	3	0	427	749	703	28	-1	
5	1	40	4	3	1	427	750	33	19	93.258820	τοῦ
5	1	40	4	3	2	468	749	169	26	17.946091	Φήλανδρωπιροῦ
5	1	40	4	3	3	652	750	115	25	69.078186	Σωματείου
5	1	40	4	3	4	784	751	36	20	90.659477	«Ὁ
5	1	40	4	3	5	838	750	75	26	65.511536	Άγιος
5	1	40	4	3	6	928	752	162	25	64.807846	Παντελεήμων»
5	1	40	4	3	7	1106	752	24	20	0.000000	υὰ
4	1	40	4	4	0	424	782	707	29	-1	
5	1	40	4	4	1	424	784	172	25	84.301582	συμιπαρασταθοῦν
5	1	40	4	4	2	613	783	29	24	92.995834	εἰς
5	1	40	4	4	3	656	782	21	22	91.410370	τό
5	1	40	4	4	4	690	784	162	26	27.801575	φιλανΒρωπικόν
5	1	40	4	4	5	867	784	56	27	90.744492	ἔρηον
5	1	40	4	4	6	938	786	36	24	96.554161	τῆς
5	1	40	4	4	7	988	786	83	25	0.000000	τοπικής
5	1	40	4	4	8	1086	786	45	20	31.865540	Ἐκ-
4	1	40	4	5	0	424	816	705	31	-1	
5	1	40	4	5	1	424	816	87	27	37.467670	κλησίας
5	1	40	4	5	2	527	825	45	20	93.300148	µας,
5	1	40	4	5	3	588	819	34	25	91.135490	μοῦ
5	1	40	4	5	4	638	817	126	28	15.261261	µεγαλώρουν
5	1	40	4	5	5	781	818	36	27	81.738495	τήν
5	1	40	4	5	6	831	819	103	28	32.149933	λαχτάραν
5	1	40	4	5	7	951	819	35	27	91.390892	γιὰ
5	1	40	4	5	8	1000	819	24	22	73.405754	νὰ
5	1	40	4	5	9	1039	819	90	28	37.938049	χτίσουμε
4	1	40	4	6	0	424	851	705	31	-1	
5	1	40	4	6	1	424	851	41	22	93.115601	ὅλοι
5	1	40	4	6	2	485	852	52	28	89.553101	µαζί,
5	1	40	4	6	3	551	852	44	22	93.262245	στόν
5	1	40	4	6	4	610	853	121	27	60.161270	δοξασµένον
5	1	40	4	6	5	748	853	56	22	90.542549	τόπον
5	1	40	4	6	6	819	856	34	20	92.040367	ποῦ
5	1	40	4	6	7	868	856	64	26	91.089539	ζοῦμε,
5	1	40	4	6	8	948	855	30	21	91.876930	τόν
5	1	40	4	6	9	995	855	67	22	4.726067	«Ναάν
5	1	40	4	6	10	1091	857	38	25	92.671623	τῆς
4	1	40	4	7	0	424	887	706	31	-1	
5	1	40	4	7	1	424	887	113	28	0.672531	᾽Απάπης»,
5	1	40	4	7	2	552	888	79	27	96.119888	δηλαδή
5	1	40	4	7	3	644	888	21	22	78.629280	τό
5	1	40	4	7	4	679	889	87	24	49.635147	"Ασυλο»
5	1	40	4	7	5	782	889	105	28	36.782143	᾽Ανιάτων,
5	1	40	4	7	6	902	890	34	22	72.920166	πού
5	1	40	4	7	7	951	890	29	21	42.736687	δὰ
5	1	40	4	7	8	1007	890	123	28	49.542023	περιμαζέψη
4	1	40	4	8	0	422	922	663	31	-1	
5	1	40	4	8	1	422	922	34	22	34.810402	κά
5	1	40	4	8	2	468	922	23	27	62.318741	µέ
5	1	40	4	8	3	506	923	84	27	39.436302	στοργήν
5	1	40	4	8	4	603	924	25	21	93.294739	θά
5	1	40	4	8	5	641	924	93	27	92.800163	φροντίση
5	1	40	4	8	6	747	925	44	24	93.233047	τούς
5	1	40	4	8	7	803	925	113	27	75.742584	πάσχοντας
5	1	40	4	8	8	930	925	96	28	91.686989	ἀδελφούς
5	1	40	4	8	9	1040	934	45	19	96.387375	µας.
3	1	40	5	0	0	422	958	707	101	-1	
4	1	40	5	1	0	453	958	676	30	-1	
5	1	40	5	1	1	453	958	157	27	0.000000	Συηήκλονίζοµιαι
5	1	40	5	1	2	623	959	46	27	93.292366	στήν
5	1	40	5	1	3	682	959	66	28	60.815174	σκέψιν
5	1	40	5	1	4	761	960	43	25	67.785622	πώς
5	1	40	5	1	5	817	960	24	22	92.135605	θὰ
5	1	40	5	1	6	854	961	34	21	92.135605	ἰδῶ
5	1	40	5	1	7	902	960	22	27	91.098045	µέ
5	1	40	5	1	8	936	961	24	21	93.306068	τὰ
5	1	40	5	1	9	975	961	62	26	76.213371	μᾶτια
5	1	40	5	1	10	1047	969	35	19	77.381500	µου
5	1	40	5	1	11	1096	970	33	13	8.589287	Ότι
4	1	40	5	2	0	422	993	706	30	-1	
5	1	40	5	2	1	422	993	58	26	21.073181	σµέμο
5	1	40	5	2	2	494	993	22	22	93.293793	τό
5	1	40	5	2	3	534	994	162	27	35.783417	φιλανδρωπικόν
5	1	40	5	2	4	712	997	57	20	93.239120	τοῦτο
5	1	40	5	2	5	787	995	83	28	49.608841	Ἵδρυμα
5	1	40	5	2	6	885	996	20	21	81.842453	σέ
5	1	40	5	2	7	921	995	98	23	44.943615	οἰχάπεδον
5	1	40	5	2	8	1048	996	80	27	39.823502	δοσμένο
4	1	40	5	3	0	422	1028	707	31	-1	
5	1	40	5	3	1	422	1028	24	27	59.883343	μέ
5	1	40	5	3	2	457	1029	68	27	90.003418	ἀγάπη
5	1	40	5	3	3	541	1029	37	22	96.325401	ἀπό
5	1	40	5	3	4	589	1029	22	23	90.878273	τό
5	1	40	5	3	5	622	1030	151	22	70.214851	Σαϊνοπούλειον
5	1	40	5	3	6	788	1031	90	27	66.283646	Ἵδρυμα,
5	1	40	5	3	7	890	1031	33	22	58.487164	καί
5	1	40	5	3	8	936	1031	48	27	93.280502	µέσα
5	1	40	5	3	9	995	1032	42	22	0.000000	ἐΝεῖ
5	1	40	5	3	10	1051	1040	78	19	0.000000	συήηκεν-
2	1	41	0	0	0	413	42	5	996	-1	
3	1	41	1	0	0	413	42	5	996	-1	
4	1	41	1	1	0	413	42	5	996	-1	
5	1	41	1	1	1	413	42	5	996	95.000000	 
2	1	42	0	0	0	421	1064	709	174	-1	
3	1	42	1	0	0	421	1064	709	174	-1	
4	1	42	1	1	0	423	1064	707	32	-1	
5	1	42	1	1	1	423	1064	110	27	80.493507	τρωµένους
5	1	42	1	1	2	547	1064	44	26	92.032204	τούς
5	1	42	1	1	3	609	1065	66	25	93.037155	δικούς
5	1	42	1	1	4	688	1074	39	18	93.273911	µας
5	1	42	1	1	5	742	1065	125	29	0.000000	ἀνθρώπους,
5	1	42	1	1	6	881	1067	48	21	93.301239	διότι
5	1	42	1	1	7	943	1067	56	25	38.786430	«ἐνός
5	1	42	1	1	8	1014	1067	79	29	41.742393	παπέρια
5	1	42	1	1	9	1103	1068	27	22	89.953857	εἴ-
4	1	42	1	2	0	421	1100	707	30	-1	
5	1	42	1	2	1	421	1108	61	18	63.573608	μαστε
5	1	42	1	2	2	495	1100	87	28	84.341393	παιδιὼ»,
5	1	42	1	2	3	594	1101	24	21	93.246765	νὰ
5	1	42	1	2	4	631	1101	114	27	5.421562	δοχιμὰζου»
5	1	42	1	2	5	759	1102	34	26	93.153831	τήν
5	1	42	1	2	6	806	1103	83	27	82.795319	οποργήν
5	1	42	1	2	7	904	1102	33	22	52.468433	καὶ
5	1	42	1	2	8	950	1103	34	26	93.271286	τήν
5	1	42	1	2	9	1002	1103	76	27	87.297546	ἀγάπην
5	1	42	1	2	10	1092	1105	36	25	96.960533	τῆς
4	1	42	1	3	0	422	1135	677	31	-1	
5	1	42	1	3	1	422	1135	88	28	32.319893	μητέρας
5	1	42	1	3	2	524	1136	126	27	19.685280	᾿Ἐληκλησίας
5	1	42	1	3	3	667	1137	33	22	83.695602	καί
5	1	42	1	3	4	715	1139	37	19	93.167847	τῶν
5	1	42	1	3	5	767	1139	143	26	31.373589	πραμιτικῶν
5	1	42	1	3	6	924	1140	117	26	78.138779	χριστιανῶν
5	1	42	1	3	7	1056	1147	43	19	96.193420	της.
4	1	42	1	4	0	452	1172	615	30	-1	
5	1	42	1	4	1	452	1172	132	26	0.000000	Συγκωνοῦμαιι
5	1	42	1	4	2	601	1172	65	27	18.549385	ἀιόμη
5	1	42	1	4	3	681	1172	166	28	41.528202	ἀναλογιζόμειος
5	1	42	1	4	4	863	1173	42	25	93.292084	πώς
5	1	42	1	4	5	921	1174	11	26	88.846909	ἡ
5	1	42	1	4	6	949	1174	49	27	92.401192	ἁγνή
5	1	42	1	4	7	1016	1175	51	27	92.870522	ψυχή
4	1	42	1	5	0	423	1207	636	31	-1	
5	1	42	1	5	1	423	1207	114	26	8.690247	ἀειμνήστου
5	1	42	1	5	2	556	1208	122	27	0.000000	προνατόχου
5	1	42	1	5	3	694	1217	32	18	61.428665	µου
5	1	42	1	5	4	741	1209	65	27	23.401421	Κυροῦ
5	1	42	1	5	5	823	1209	96	27	85.353615	“Ἱεροθέου
5	1	42	1	5	6	933	1209	34	22	89.394905	πού
5	1	42	1	5	7	981	1211	78	27	93.382538	πρῶτος
2	1	43	0	0	0	409	1176	720	839	-1	
3	1	43	1	0	0	422	1176	707	133	-1	
4	1	43	1	1	0	1097	1176	31	20	-1	
5	1	43	1	1	1	1097	1176	31	20	92.842644	τοῦ
4	1	43	1	2	0	1088	1211	41	21	-1	
5	1	43	1	2	1	1088	1211	41	21	32.829597	ἐνε-
4	1	43	1	3	0	422	1242	705	30	-1	
5	1	43	1	3	1	422	1242	83	26	35.655357	πυεύσθη
5	1	43	1	3	2	520	1242	22	22	74.117249	τό
5	1	43	1	3	3	555	1243	109	27	48.982384	Φεάρεστον
5	1	43	1	3	4	680	1246	57	20	93.306015	τοῦτο
5	1	43	1	3	5	750	1244	64	28	87.794235	ἔργον,
5	1	43	1	3	6	830	1244	25	22	93.299210	θὰ
5	1	43	1	3	7	870	1247	72	25	35.118118	σχηρτᾶ
5	1	43	1	3	8	956	1245	36	21	93.291382	ἀπό
5	1	43	1	3	9	1008	1245	119	27	24.240189	ἀγαλιλίασι
4	1	43	1	4	0	423	1277	639	32	-1	
5	1	43	1	4	1	423	1277	34	27	89.407776	γιὰ
5	1	43	1	4	2	469	1278	33	22	69.709038	τήν
5	1	43	1	4	3	518	1278	182	27	42.566925	πραγμιατοποίησιν
5	1	43	1	4	4	711	1288	31	13	96.789116	τοῦ
5	1	43	1	4	5	1060	1307	2	2	33.555473	|
3	1	43	2	0	0	421	1313	707	241	-1	
4	1	43	2	1	0	439	1313	689	31	-1	
5	1	43	2	1	1	439	1314	75	21	12.794426	᾿Τοῦτο
5	1	43	2	1	2	526	1313	22	22	77.949417	τό
5	1	43	2	1	3	562	1313	83	28	83.868752	Ἵδρυμα
5	1	43	2	1	4	657	1314	29	21	52.874992	θὰ
5	1	43	2	1	5	698	1314	48	22	93.279106	εἶναι
5	1	43	2	1	6	759	1315	11	26	87.751945	ἡ
5	1	43	2	1	7	785	1315	97	27	88.054535	ταυτότης
5	1	43	2	1	8	895	1315	51	22	59.219070	ὅλων
5	1	43	2	1	9	958	1324	38	18	90.426163	µας
5	1	43	2	1	10	1012	1316	32	22	92.227150	Θὰ
5	1	43	2	1	11	1060	1316	68	28	65.600716	δείχνη
4	1	43	2	2	0	422	1348	657	30	-1	
5	1	43	2	2	1	422	1348	22	22	93.237564	τό
5	1	43	2	2	2	459	1348	117	28	0.000000	Ὀρήσιευμὰ
5	1	43	2	2	3	594	1357	46	20	93.821022	µας,
5	1	43	2	2	4	655	1350	34	26	95.586876	τήν
5	1	43	2	2	5	704	1349	62	23	47.977509	πίστιν
5	1	43	2	2	6	783	1359	38	18	96.679993	µας
5	1	43	2	2	7	836	1351	29	24	77.940903	εἰς
5	1	43	2	2	8	881	1351	31	21	84.327461	τόν
5	1	43	2	2	9	928	1351	49	22	95.248436	Θεόν
5	1	43	2	2	10	995	1351	33	22	88.592827	καὶ
5	1	43	2	2	11	1045	1352	34	26	95.318253	τήν
4	1	43	2	3	0	421	1384	707	31	-1	
5	1	43	2	3	1	421	1384	87	27	20.233589	θρωπιὰ»
5	1	43	2	3	2	523	1392	48	18	85.850716	µας.
5	1	43	2	3	3	582	1384	54	22	92.480789	Αὐτό
5	1	43	2	3	4	647	1385	21	22	93.186287	τό
5	1	43	2	3	5	682	1385	84	27	87.468552	Ἵδρυμα
5	1	43	2	3	6	777	1386	36	26	92.495804	τήν
5	1	43	2	3	7	824	1386	110	27	83.690094	ἀρρώστιαν
5	1	43	2	3	8	948	1388	36	24	93.292656	τῆς
5	1	43	2	3	9	997	1387	73	27	90.255203	ἐποχῆς
5	1	43	2	3	10	1082	1395	46	20	88.785187	µας,
4	1	43	2	4	0	421	1418	706	31	-1	
5	1	43	2	4	1	421	1418	34	22	94.014679	πού
5	1	43	2	4	2	471	1419	50	23	93.305290	εἶναι
5	1	43	2	4	3	534	1420	11	26	81.586761	ἡ
5	1	43	2	4	4	559	1419	68	28	87.492081	ἀγάπη
5	1	43	2	4	5	639	1420	49	28	28.957657	πρὺς
5	1	43	2	4	6	702	1420	22	22	84.720840	τό
5	1	43	2	4	7	736	1422	73	27	37.454292	χρήμα,
5	1	43	2	4	8	823	1421	28	22	11.810875	9ὰ
5	1	43	2	4	9	865	1421	34	27	96.527481	τήν
5	1	43	2	4	10	965	1422	73	27	90.116417	απεύση
5	1	43	2	4	11	1052	1422	24	27	75.336296	µέ
5	1	43	2	4	12	1092	1423	35	26	95.465225	τήν
4	1	43	2	5	0	422	1454	705	31	-1	
5	1	43	2	5	1	422	1454	76	27	34.727180	ἀγάπην
5	1	43	2	5	2	513	1455	49	27	86.951187	πρός
5	1	43	2	5	3	577	1456	31	21	92.981888	τόν
5	1	43	2	5	4	623	1455	138	28	45.857124	συνἀνθρωπύ,
5	1	43	2	5	5	777	1465	45	17	93.294640	µας.
5	1	43	2	5	6	837	1457	32	21	92.790955	Θὰ
5	1	43	2	5	7	884	1457	34	26	93.257271	τήν
5	1	43	2	5	8	933	1458	113	27	64.185776	Δεραπεύση
5	1	43	2	5	9	1061	1457	24	27	69.499130	µέ
5	1	43	2	5	10	1093	1459	34	26	94.728142	τήν
4	1	43	2	6	0	422	1490	533	30	-1	
5	1	43	2	6	1	422	1490	67	27	73.827499	ἀγάπη
5	1	43	2	6	2	506	1490	48	28	94.952141	πρός
5	1	43	2	6	3	572	1490	31	22	90.334900	τόν
5	1	43	2	6	4	617	1490	82	28	92.824760	πλησίον
5	1	43	2	6	5	713	1491	35	22	93.306023	πού
5	1	43	2	6	6	763	1492	36	21	92.893677	ἐνῶ
5	1	43	2	6	7	815	1491	30	23	73.090828	δέ)
5	1	43	2	6	8	860	1492	95	28	89.161263	στοιχίζει
4	1	43	2	7	0	423	1525	356	29	-1	
5	1	43	2	7	1	423	1525	62	26	81.645599	ἀξίζει
5	1	43	2	7	2	499	1526	129	28	93.568153	περισσότερο
5	1	43	2	7	3	644	1527	37	21	94.935501	ἀπό
5	1	43	2	7	4	697	1527	23	22	86.032074	τό
5	1	43	2	7	5	734	1529	45	20	61.215534	πᾶν.
3	1	43	3	0	0	409	1561	719	454	-1	
4	1	43	3	1	0	451	1561	146	28	-1	
5	1	43	3	1	1	451	1561	87	28	30.794128	ἸΑδελφέ
5	1	43	3	1	2	553	1570	44	19	88.154861	µου,
4	1	43	3	2	0	411	1597	717	28	-1	
5	1	43	3	2	1	411	1608	3	13	0.000000	Γ..
5	1	43	3	2	2	453	1597	62	20	88.508057	Πολύ
5	1	43	3	2	3	529	1597	20	21	90.088219	σέ
5	1	43	3	2	4	563	1599	112	24	0.000000	παροκαλῶ
5	1	43	3	2	5	690	1598	22	25	46.538460	μέ
5	1	43	3	2	6	727	1598	111	27	76.376221	ἐνδιαφέρον
5	1	43	3	2	7	852	1599	24	21	53.506161	υὰ
5	1	43	3	2	8	891	1599	101	26	91.947777	προσέξης
5	1	43	3	2	9	1007	1600	25	21	96.875259	τὰ
5	1	43	3	2	10	1046	1600	35	20	64.998001	ὅσα
5	1	43	3	2	11	1095	1602	33	19	92.762306	σοῦ
4	1	43	3	3	0	420	1630	707	31	-1	
5	1	43	3	3	1	420	1630	69	28	59.623466	γράφω
5	1	43	3	3	2	505	1630	23	27	85.746857	µέ
5	1	43	3	3	3	539	1630	56	23	91.166046	πόνον
5	1	43	3	3	4	607	1631	34	22	0.000000	καὶ
5	1	43	3	3	5	654	1632	111	27	89.547424	λαχτὰραν.
5	1	43	3	3	6	778	1632	39	22	81.524933	"Λη
5	1	43	3	3	7	829	1632	31	22	93.194099	δέν
5	1	43	3	3	8	873	1632	99	28	84.790001	µπορέσης
5	1	43	3	3	9	984	1633	24	21	86.708603	νὰ
5	1	43	3	3	10	1020	1634	107	27	54.412964	ὀνταποχρι
4	1	43	3	4	0	420	1666	708	31	-1	
5	1	43	3	4	1	420	1667	43	25	25.581810	Ῥῆς
5	1	43	3	4	2	479	1666	47	27	88.580399	στήν
5	1	43	3	4	3	538	1666	125	28	27.243973	παρἀκλησίν
5	1	43	3	4	4	676	1676	34	18	95.638176	µου
5	1	43	3	4	5	721	1667	146	28	62.293964	προσφέροντας
5	1	43	3	4	6	880	1668	67	22	91.616814	πολλὰ
5	1	43	3	4	7	958	1669	17	21	25.587349	σ᾿
5	1	43	3	4	8	989	1669	36	22	0.000000	ὃκα
5	1	43	3	4	9	1035	1669	48	28	61.900253	ἔργο
5	1	43	3	4	10	1109	1670	19	21	78.440002	ᾱ-
4	1	43	3	5	0	410	1697	718	52	-1	
5	1	43	3	5	1	410	1710	22	28	0.000000	ιτ
5	1	43	3	5	2	436	1697	52	52	0.000000	άπης
5	1	43	3	5	3	503	1701	35	23	0.000000	χα
5	1	43	3	5	4	553	1702	113	43	50.716797	συµπόνιας,
5	1	43	3	5	5	674	1702	100	44	91.651932	πρόσφερε
5	1	43	3	5	6	781	1703	61	43	0.000000	Ἄθα.
5	1	43	3	5	7	856	1703	41	44	56.742916	ἂν
5	1	43	3	5	8	909	1703	31	23	89.508728	δέν
5	1	43	3	5	9	954	1706	76	26	79.918152	µπορῆς
5	1	43	3	5	10	1046	1704	82	23	37.726231	οὔτοιλί-
4	1	43	3	6	0	420	1740	708	28	-1	
5	1	43	3	6	1	420	1746	33	19	24.345291	Υ4,
5	1	43	3	6	2	464	1746	44	14	90.101868	τότε
5	1	43	3	6	3	519	1740	128	26	58.565529	παρακὰλεσε
5	1	43	3	6	4	657	1747	24	13	95.059937	νὰ
5	1	43	3	6	5	692	1740	71	21	93.173599	δώσουν
5	1	43	3	6	6	779	1741	72	21	57.935646	ἐκεῖνοι
5	1	43	3	6	7	862	1748	35	13	93.294189	πού
5	1	43	3	6	8	909	1740	55	27	91.344231	ἔχουν
5	1	43	3	6	9	975	1740	34	22	73.629845	καὶ
5	1	43	3	6	10	1020	1740	45	25	92.216690	τούς
5	1	43	3	6	11	1079	1749	49	19	36.691299	γνω-
4	1	43	3	7	0	409	1773	718	31	-1	
5	1	43	3	7	1	409	1773	73	28	72.876465	[ρίζεις
5	1	43	3	7	2	499	1773	32	22	93.118828	ἐσύ
5	1	43	3	7	3	547	1774	102	28	84.694260	καλύτερα
5	1	43	3	7	4	662	1774	37	22	93.305367	ἀπό
5	1	43	3	7	5	711	1774	65	27	88.770538	ἐμένα.
5	1	43	3	7	6	790	1774	42	22	45.144810	Ἱκαί
5	1	43	3	7	7	845	1776	9	22	92.907036	ὁ
5	1	43	3	7	8	867	1775	64	25	61.737797	χαλός
5	1	43	3	7	9	944	1775	69	29	93.051483	λόγος,
5	1	43	3	7	10	1028	1776	52	25	93.173180	ὅπως
5	1	43	3	7	11	1094	1776	33	22	0.000000	παΐ
4	1	43	3	8	0	409	1809	718	30	-1	
5	1	43	3	8	1	409	1815	2	2	40.854675	|
5	1	43	3	8	2	420	1809	77	26	38.526382	Ἠπιοβνή
5	1	43	3	8	3	510	1809	97	28	70.394989	δίάθεσις,
5	1	43	3	8	4	621	1810	149	27	68.151939	ὑπολογίζονται
5	1	43	3	8	5	785	1810	37	22	94.706879	ἀπό
5	1	43	3	8	6	835	1810	32	22	39.219479	τόν
5	1	43	3	8	7	880	1810	49	23	88.519775	Θεόν
5	1	43	3	8	8	944	1811	28	25	92.701019	ὡς
5	1	43	3	8	9	987	1811	58	28	91.904266	ἔργον
5	1	43	3	8	10	1057	1811	34	22	93.291901	καί
5	1	43	3	8	11	1107	1812	20	21	36.690460	ᾱ-
4	1	43	3	9	0	420	1844	707	31	-1	
5	1	43	3	9	1	420	1844	99	27	60.154545	µείδονται
5	1	43	3	9	2	533	1845	113	27	90.340149	ἀναλόγως.
5	1	43	3	9	3	664	1845	68	22	79.648361	᾽Αλλὰ
5	1	43	3	9	4	745	1845	33	23	67.229614	χαί
5	1	43	3	9	5	793	1846	22	22	96.605713	ἂν
5	1	43	3	9	6	829	1846	33	22	86.038666	δέν.
5	1	43	3	9	7	877	1846	50	28	92.744179	ἔχης
5	1	43	3	9	8	940	1846	73	23	32.152878	κανένα
5	1	43	3	9	9	1040	1847	87	28	17.813759	γνωσπό)
4	1	43	3	10	0	409	1880	718	32	-1	
5	1	43	3	10	1	409	1880	45	32	0.000000	ΙΥιὰ
5	1	43	3	10	2	464	1880	27	22	46.451263	νὰ
5	1	43	3	10	3	504	1882	34	20	13.570518	ποῦ
5	1	43	3	10	4	551	1881	94	27	17.703026	µιλήσης,
5	1	43	3	10	5	658	1881	45	22	80.798470	τότε,
5	1	43	3	10	6	715	1881	70	27	44.871819	μίλησε
5	1	43	3	10	7	798	1882	44	22	69.153061	στόν
5	1	43	3	10	8	856	1882	51	22	50.243233	Θεόν
5	1	43	3	10	9	919	1883	26	27	66.740570	γι)
5	1	43	3	10	10	961	1882	49	23	70.847275	αὐτό
5	1	43	3	10	11	1025	1882	23	23	84.129936	τό
5	1	43	3	10	12	1062	1883	65	28	79.558968	ἔργον.
4	1	43	3	11	0	420	1916	707	29	-1	
5	1	43	3	11	1	420	1916	54	22	68.773033	Κάνε
5	1	43	3	11	2	490	1917	61	27	25.498611	θερινή
5	1	43	3	11	3	568	1917	97	27	95.312157	προσευχή
5	1	43	3	11	4	680	1917	34	27	95.876106	γιὰ
5	1	43	3	11	5	728	1917	25	22	96.661774	νὰ
5	1	43	3	11	6	767	1917	22	22	93.245232	τό
5	1	43	3	11	7	802	1918	100	27	92.024307	εὐλογήση
5	1	43	3	11	8	917	1919	97	24	71.325043	Ἰκεῖνος,
5	1	43	3	11	9	1029	1918	62	27	36.474949	Βήμα,
5	1	43	3	11	10	1106	1918	21	22	75.964508	δέ
4	1	43	3	12	0	420	1951	707	30	-1	
5	1	43	3	12	1	420	1951	79	26	68.773483	θέθαιος
5	1	43	3	12	2	511	1951	50	29	96.335266	πώς,
5	1	43	3	12	3	574	1952	45	22	94.405220	ὅταν
5	1	43	3	12	4	631	1952	35	22	91.548157	ἕνα
5	1	43	3	12	5	677	1952	57	28	78.710228	ἔργον
5	1	43	3	12	6	747	1952	21	23	93.280945	τό
5	1	43	3	12	7	781	1953	83	28	58.008232	ἐγκρίνη
5	1	43	3	12	8	875	1953	33	22	13.630638	Ἠαΐ
5	1	43	3	12	9	924	1955	22	22	89.528847	τό
5	1	43	3	12	10	957	1954	100	27	85.922653	εὐλαγήση
5	1	43	3	12	11	1070	1955	11	21	88.098930	ὁ
5	1	43	3	12	12	1091	1955	36	23	11.387932	Θε-
4	1	43	3	13	0	421	1987	436	28	-1	
5	1	43	3	13	1	421	1987	22	25	52.948212	ὁς
5	1	43	3	13	2	460	1988	128	26	61.855225	ὁπωσδήποτε
5	1	43	3	13	3	601	1987	78	28	89.930389	ἀρχίζει
5	1	43	3	13	4	697	1988	33	22	27.625916	καί
5	1	43	3	13	5	745	1988	112	23	0.000000	πελειώ»ε,.
2	1	44	0	0	0	721	1273	31	11	-1	
3	1	44	1	0	0	721	1273	31	11	-1	
4	1	44	1	1	0	721	1273	31	11	-1	
5	1	44	1	1	1	721	1273	31	11	95.000000	 
2	1	45	0	0	0	752	1279	247	27	-1	
3	1	45	1	0	0	752	1279	247	27	-1	
4	1	45	1	1	0	752	1279	247	27	-1	
5	1	45	1	1	1	752	1279	132	27	78.727036	εὐλογημένου
5	1	45	1	1	2	893	1280	57	22	95.366585	πόθου
5	1	45	1	1	3	961	1289	38	14	96.558876	του.
2	1	46	0	0	0	1098	1352	30	21	-1	
3	1	46	1	0	0	1098	1352	30	21	-1	
4	1	46	1	1	0	1103	1352	3	7	-1	
5	1	46	1	1	1	1103	1352	3	7	0.000000	᾽
4	1	46	1	2	0	1098	1360	30	13	-1	
5	1	46	1	2	1	1098	1360	30	13	10.167862	αν-
2	1	47	0	0	0	928	1424	35	19	-1	
3	1	47	1	0	0	928	1424	35	19	-1	
4	1	47	1	1	0	928	1424	35	19	-1	
5	1	47	1	1	1	928	1424	35	19	95.000000	 
2	1	48	0	0	0	982	1492	145	29	-1	
3	1	48	1	0	0	982	1492	145	29	-1	
4	1	48	1	1	0	997	1492	86	8	-1	
5	1	48	1	1	1	997	1492	4	7	0.000000	[
5	1	48	1	1	2	1075	1493	8	7	0.000000	α
4	1	48	1	2	0	982	1501	145	20	-1	
5	1	48	1	2	1	982	1501	75	20	83.789612	τίποτε,
5	1	48	1	2	2	1074	1501	53	19	96.341606	ὅμως
2	1	49	0	0	0	409	2023	719	669	-1	
3	1	49	1	0	0	419	2023	709	385	-1	
4	1	49	1	1	0	449	2023	678	44	-1	
5	1	49	1	1	1	449	2023	67	25	94.305359	Τέλος
5	1	49	1	1	2	529	2023	21	22	95.960640	ἂν
5	1	49	1	1	3	567	2023	31	21	74.812607	δέν
5	1	49	1	1	4	611	2025	76	26	38.736099	µπορής
5	1	49	1	1	5	700	2024	24	21	96.146797	νὰ
5	1	49	1	1	6	735	2024	68	43	90.096985	δώσης
5	1	49	1	1	7	814	2024	45	23	96.644554	οὔτε
5	1	49	1	1	8	872	2024	37	22	95.919456	ἀπό
5	1	49	1	1	9	925	2024	21	22	92.336533	τό
5	1	49	1	1	10	958	2025	118	28	81.426216	περίσσευμὰ
5	1	49	1	1	11	1088	2034	39	19	95.768967	σου,
4	1	49	1	2	0	409	2058	718	38	-1	
5	1	49	1	2	1	409	2058	55	38	3.211899	οὔτε
5	1	49	1	2	2	478	2058	39	22	72.087326	ἀπό
5	1	49	1	2	3	531	2058	22	22	93.169006	τό
5	1	49	1	2	4	560	2059	101	27	91.538956	ὑστέρημὰ
5	1	49	1	2	5	675	2068	38	19	93.293999	σου,
5	1	49	1	2	6	728	2059	11	27	84.623344	ἤ
5	1	49	1	2	7	755	2059	65	28	18.469345	ἀκόμη
5	1	49	1	2	8	833	2059	30	22	53.757904	δέν
5	1	49	1	2	9	878	2062	78	26	51.215439	μπορῆς
5	1	49	1	2	10	984	2060	24	22	89.060555	νὰ
5	1	49	1	2	11	1039	2061	88	27	42.429199	μιλήσης
4	1	49	1	3	0	409	2078	719	59	-1	
5	1	49	1	3	1	409	2084	3	12	41.397041	|
5	1	49	1	3	2	420	2094	57	25	71.922600	στούς
5	1	49	1	3	3	491	2094	117	43	12.641159	ἀνθρώπους
5	1	49	1	3	4	625	2095	11	26	43.269100	ἤ
5	1	49	1	3	5	650	2096	43	22	82.525024	στόν
5	1	49	1	3	6	709	2078	49	39	76.380875	θεό;
5	1	49	1	3	7	772	2104	19	18	43.369961	Ύι
5	1	49	1	3	8	804	2095	60	27	88.236916	αὐτήν
5	1	49	1	3	9	879	2096	34	26	93.233650	τήν
5	1	49	1	3	10	926	2096	143	28	11.152267	προσπὀθειαν,
5	1	49	1	3	11	1083	2096	45	23	95.849991	τότε
4	1	49	1	4	0	420	2130	708	29	-1	
5	1	49	1	4	1	420	2129	20	22	83.193436	σὲ
5	1	49	1	4	2	457	2131	112	26	0.000000	παραιιλῶ
5	1	49	1	4	3	584	2130	26	21	90.340157	νὰ
5	1	49	1	4	4	624	2130	27	27	48.664604	μή
5	1	49	1	4	5	661	2130	67	27	34.832893	χκάμης
5	1	49	1	4	6	745	2130	51	23	43.466270	κακό
5	1	49	1	4	7	808	2131	22	27	71.344482	µά
5	1	49	1	4	8	844	2130	21	24	85.871681	τὸ
5	1	49	1	4	9	876	2131	24	22	93.294289	νὰ
5	1	49	1	4	10	912	2131	62	28	91.827477	φέρης
5	1	49	1	4	11	987	2132	83	27	55.113293	ἐμπόδιο
5	1	49	1	4	12	1081	2132	12	27	59.720821	ἤ
5	1	49	1	4	13	1104	2132	24	22	96.631065	νὰ
4	1	49	1	5	0	420	2165	707	29	-1	
5	1	49	1	5	1	420	2165	57	26	92.083939	εἰπῆς
5	1	49	1	5	2	494	2165	62	27	93.274574	λόγια
5	1	49	1	5	3	568	2166	134	27	47.253666	συκοφαντικὰ
5	1	49	1	5	4	715	2166	12	27	0.000000	ἤ
5	1	49	1	5	5	743	2166	143	27	33.466698	δυσφημιστυκὰ
5	1	49	1	5	6	900	2167	36	27	44.643166	γιὰ
5	1	49	1	5	7	950	2167	31	22	74.842239	τόν
5	1	49	1	5	8	995	2167	70	22	17.038727	σκοπό)
5	1	49	1	5	9	1095	2170	32	20	90.717438	τοῦ
4	1	49	1	6	0	420	2201	708	31	-1	
5	1	49	1	6	1	420	2201	64	27	30.352791	ἔρηου.
5	1	49	1	6	2	497	2201	46	31	17.807404	Ἱζαί
5	1	49	1	6	3	550	2201	49	22	87.660995	αὐτό
5	1	49	1	6	4	611	2202	30	27	95.400421	ὄχι
5	1	49	1	6	5	655	2201	35	28	96.647064	γιὰ
5	1	49	1	6	6	704	2201	25	22	93.238716	νὰ
5	1	49	1	6	7	742	2202	26	26	88.639366	µή
5	1	49	1	6	8	781	2202	99	28	26.907661	πιχρὰνης
5	1	49	1	6	9	893	2202	87	26	49.974171	ἐπείνους
5	1	49	1	6	10	993	2203	35	22	96.304665	πού
5	1	49	1	6	11	1044	2203	51	22	93.237503	εἶναι
5	1	49	1	6	12	1110	2204	18	21	86.380142	ἓ-
4	1	49	1	7	0	419	2236	708	30	-1	
5	1	49	1	7	1	419	2244	64	19	0.000000	τοιµον
5	1	49	1	7	2	498	2236	24	21	94.177994	νὰ
5	1	49	1	7	3	535	2236	72	23	45.068100	δώσουν
5	1	49	1	7	4	619	2236	33	22	11.381538	καί
5	1	49	1	7	5	664	2237	34	26	95.675255	τήν
5	1	49	1	7	6	710	2237	52	26	95.822449	ζωήν
5	1	49	1	7	7	775	2245	52	20	91.353851	τους,
5	1	49	1	7	8	838	2237	54	28	44.125603	γιατί
5	1	49	1	7	9	904	2237	54	23	81.818611	αὐτοί
5	1	49	1	7	10	969	2238	105	28	95.709564	γνωρίζουν
5	1	49	1	7	11	1083	2238	44	26	94.877151	πώς
4	1	49	1	8	0	420	2271	706	30	-1	
5	1	49	1	8	1	420	2272	12	26	88.883568	ἡ
5	1	49	1	8	2	447	2271	100	28	67.513275	σφραγίδα
5	1	49	1	8	3	561	2272	51	22	0.299774	κάθε
5	1	49	1	8	4	628	2273	62	22	80.282013	καλοῦ
5	1	49	1	8	5	706	2272	58	28	83.255020	ἔργου
5	1	49	1	8	6	779	2272	48	22	96.390839	εἶναι
5	1	49	1	8	7	842	2273	18	21	87.523293	οἱ
5	1	49	1	8	8	875	2273	86	28	40.525673	πικρίες,
5	1	49	1	8	9	978	2273	75	23	91.876633	κάποτε
5	1	49	1	8	10	1067	2274	35	22	16.295586	καὶ
5	1	49	1	8	11	1118	2275	8	21	92.554337	ὁ
4	1	49	1	9	0	420	2307	707	29	-1	
5	1	49	1	9	1	420	2307	94	27	41.561447	διωγμός.
5	1	49	1	9	2	526	2307	33	22	93.626778	Τὰ
5	1	49	1	9	3	573	2307	69	28	68.481041	γράφω
5	1	49	1	9	4	655	2307	53	27	96.826141	ὅμως
5	1	49	1	9	5	720	2307	52	23	96.994209	αὐτὰ
5	1	49	1	9	6	783	2308	34	27	95.927231	γιὰ
5	1	49	1	9	7	827	2308	26	22	96.555611	νὰ
5	1	49	1	9	8	866	2309	29	26	44.143944	μή
5	1	49	1	9	9	911	2308	115	28	69.763344	ἁμαρτάνης
5	1	49	1	9	10	1039	2309	34	22	13.333008	καί
5	1	49	1	9	11	1085	2310	42	22	59.840984	ὑπο-
4	1	49	1	10	0	420	2342	707	30	-1	
5	1	49	1	10	1	420	2342	63	28	91.485199	φέρης
5	1	49	1	10	2	496	2342	26	27	48.345413	μέ
5	1	49	1	10	3	537	2343	34	26	92.868507	τήν
5	1	49	1	10	4	588	2343	127	28	0.000000	ἐνδεχομέν»
5	1	49	1	10	5	731	2343	134	28	47.693947	ἀγανὰχπησίν
5	1	49	1	10	6	880	2352	39	15	91.422188	σου.
5	1	49	1	10	7	935	2345	27	21	71.161255	Ἡ.
5	1	49	1	10	8	978	2345	70	27	9.098778	φυσική
5	1	49	1	10	9	1063	2345	64	22	67.425018	διὰθε-
4	1	49	1	11	0	419	2378	708	30	-1	
5	1	49	1	11	1	419	2386	31	17	92.978737	σις
5	1	49	1	11	2	466	2380	32	21	93.282379	τοῦ
5	1	49	1	11	3	509	2378	104	28	74.019791	ἀνδρώπου
5	1	49	1	11	4	626	2379	48	23	96.020638	εἶναι
5	1	49	1	11	5	686	2378	25	23	93.281830	νὰ
5	1	49	1	11	6	722	2378	73	29	27.906960	«χαίΐρη
5	1	49	1	11	7	806	2379	50	27	82.100243	μετὰ
5	1	49	1	11	8	866	2379	108	29	48.875999	χαιρόντωυ
5	1	49	1	11	9	987	2379	34	23	33.227371	καί
5	1	49	1	11	10	1031	2380	25	22	93.249260	νὰ
5	1	49	1	11	11	1064	2380	63	28	80.705826	κλαίη
3	1	49	2	0	0	419	2414	707	64	-1	
4	1	49	2	1	0	434	2414	692	29	-1	
5	1	49	2	1	1	434	2414	36	22	38.203674	εἰτὰ
5	1	49	2	1	2	483	2414	134	23	0.000000	πκλαιόντων».
5	1	49	2	1	3	632	2415	28	21	87.941559	Ἡ
5	1	49	2	1	4	675	2415	93	27	73.948647	ἀντίθετη
5	1	49	2	1	5	781	2415	88	26	88.856720	διάθεσις
5	1	49	2	1	6	884	2415	48	24	51.219437	εἶλαι
5	1	49	2	1	7	945	2415	88	28	38.355274	ἀφύσικη
5	1	49	2	1	8	1047	2416	34	22	71.808495	καὶ
5	1	49	2	1	9	1093	2418	33	20	91.109886	λυ-
4	1	49	2	2	0	419	2449	453	29	-1	
5	1	49	2	2	1	419	2451	33	20	90.639450	πεῖ
5	1	49	2	2	2	460	2450	115	26	45.542435	ἀφάνταστα
5	1	49	2	2	3	587	2450	31	22	30.609024	τὸν
5	1	49	2	2	4	628	2449	87	28	86.759201	οὐράνιον
5	1	49	2	2	5	729	2450	89	28	67.605766	Πατέρα
5	1	49	2	2	6	827	2459	45	18	96.099579	µας.
3	1	49	3	0	0	419	2485	707	170	-1	
4	1	49	3	1	0	449	2485	675	29	-1	
5	1	49	3	1	1	449	2485	27	21	74.239883	Ἡ
5	1	49	3	1	2	492	2485	113	27	61.072819	Ἐκκλησία
5	1	49	3	1	3	620	2493	38	19	59.559669	µας
5	1	49	3	1	4	675	2485	12	26	90.910751	ἡ
5	1	49	3	1	5	704	2485	78	28	86.189651	τοπική,
5	1	49	3	1	6	797	2485	33	22	96.604965	διὰ
5	1	49	3	1	7	845	2487	32	21	96.618530	τοῦ
5	1	49	3	1	8	901	2485	125	29	0.000000	Επισκόπου,
5	1	49	3	1	9	1050	2486	74	28	11.773643	για
4	1	49	3	2	0	419	2516	707	51	-1	
5	1	49	3	2	1	419	2520	45	22	46.753956	στὀν
5	1	49	3	2	2	479	2520	59	28	87.262123	δρόµο
5	1	49	3	2	3	548	2520	35	28	94.571983	γιὰ
5	1	49	3	2	4	593	2520	25	22	96.649231	νὰ
5	1	49	3	2	5	631	2516	109	51	57.286095	συναντήση
5	1	49	3	2	6	752	2520	32	24	85.053841	τόν
5	1	49	3	2	7	797	2521	111	28	58.758160	ἄγδρωπον,
5	1	49	3	2	8	919	2521	26	22	0.000000	υὰ
5	1	49	3	2	9	957	2523	32	21	93.304581	τοῦ
5	1	49	3	2	10	1000	2522	77	27	74.846916	µιλήση
5	1	49	3	2	11	1091	2521	35	29	92.280228	γιὰ
4	1	49	3	3	0	419	2555	706	30	-1	
5	1	49	3	3	1	419	2555	31	22	43.551300	-6)
5	1	49	3	3	2	465	2555	139	29	33.525482	συνὰνθρωπον
5	1	49	3	3	3	618	2556	34	22	4.768265	οιαί
5	1	49	3	3	4	665	2556	26	22	93.305458	νὰ
5	1	49	3	3	5	704	2558	35	22	90.715340	ποῦ
5	1	49	3	3	6	753	2557	117	27	90.488922	ὑπενθυμίση
5	1	49	3	3	7	884	2556	21	24	94.511200	τὸ
5	1	49	3	3	8	919	2557	60	28	96.852425	χρέος
5	1	49	3	3	9	994	2559	36	25	93.022659	τῆς
5	1	49	3	3	10	1046	2557	79	28	44.283424	ἀγόπης
4	1	49	3	4	0	419	2592	706	29	-1	
5	1	49	3	4	1	419	2600	39	13	93.142319	που.
5	1	49	3	4	2	475	2593	45	25	83.950874	Ῥῆς
5	1	49	3	4	3	540	2592	79	27	90.607597	ἀγάπης
5	1	49	3	4	4	634	2591	36	23	94.824387	πού
5	1	49	3	4	5	683	2592	46	22	83.713661	ὅταν
5	1	49	3	4	6	746	2592	135	27	88.411484	ἐκδηλώνεται
5	1	49	3	4	7	897	2592	76	28	82.608139	γίνεται
5	1	49	3	4	8	989	2593	11	27	92.390602	ἡ
5	1	49	3	4	9	1016	2593	56	28	93.075325	πηγή
5	1	49	3	4	10	1086	2595	39	25	95.281670	τῆς
4	1	49	3	5	0	420	2627	510	28	-1	
5	1	49	3	5	1	420	2629	64	26	91.216103	χαρᾶς
5	1	49	3	5	2	494	2627	34	22	68.888985	καί
5	1	49	3	5	3	537	2629	37	25	93.196564	τῆς
5	1	49	3	5	4	584	2627	94	28	92.336426	εὐτυχίας
5	1	49	3	5	5	689	2636	32	13	86.592651	του
5	1	49	3	5	6	731	2627	35	22	94.773125	πού
5	1	49	3	5	7	782	2627	43	23	93.291977	τόσο
5	1	49	3	5	8	836	2629	94	26	22.938606	ἀναζητᾶ.
3	1	49	4	0	0	447	2663	678	29	-1	
4	1	49	4	1	0	447	2663	678	29	-1	
5	1	49	4	1	1	447	2663	34	21	88.127380	Μέ
5	1	49	4	1	2	494	2664	34	25	93.305046	τήν
5	1	49	4	1	3	542	2663	125	28	72.594376	θεθαιότήτα,
5	1	49	4	1	4	680	2663	28	24	93.298927	ὅτι
5	1	49	4	1	5	722	2665	9	21	93.115929	ὁ
5	1	49	4	1	6	743	2663	87	26	59.594711	παθένας
5	1	49	4	1	7	844	2665	21	20	55.320164	9)
5	1	49	4	1	8	883	2664	137	28	20.249489	ἀταποκριδῆ
5	1	49	4	1	9	1033	2665	29	25	95.981979	εἰς
5	1	49	4	1	10	1088	2665	37	26	45.300438	"τήν
2	1	50	0	0	0	463	2698	70	8	-1	
3	1	50	1	0	0	463	2698	70	8	-1	
4	1	50	1	1	0	463	2698	70	8	-1	
5	1	50	1	1	1	463	2698	4	7	0.000000	ἃ
5	1	50	1	1	2	528	2698	5	8	79.733955	ῃ
2	1	51	0	0	0	418	2698	707	212	-1	
3	1	51	1	0	0	418	2698	707	212	-1	
4	1	51	1	1	0	418	2698	707	30	-1	
5	1	51	1	1	1	418	2700	125	26	26.480484	παρἀκλησίν
5	1	51	1	1	2	557	2706	33	19	85.103188	µου
5	1	51	1	1	3	605	2698	90	28	75.002838	ἀνάλογα
5	1	51	1	1	4	712	2698	22	28	74.956444	µέ
5	1	51	1	1	5	750	2699	25	22	93.297356	τὰ
5	1	51	1	1	6	789	2699	116	27	91.578682	αἰσθήματα
5	1	51	1	1	7	918	2701	39	25	83.687675	τῆς
5	1	51	1	1	8	984	2702	84	26	0.000000	ηρδιᾶς
5	1	51	1	1	9	1086	2709	39	19	96.328423	του,
4	1	51	1	2	0	419	2734	705	29	-1	
5	1	51	1	2	1	419	2734	57	24	91.956703	ὅλους
5	1	51	1	2	2	491	2735	23	21	79.174164	ἐκ.
5	1	51	1	2	3	528	2736	38	20	96.489853	τῶν
5	1	51	1	2	4	580	2734	100	28	92.510368	προτέρων
5	1	51	1	2	5	696	2736	109	26	61.028385	εὐχαριστῷ
5	1	51	1	2	6	820	2735	34	22	3.563171	καί
5	1	51	1	2	7	869	2735	35	27	93.295532	γιὰ
5	1	51	1	2	8	922	2735	58	25	93.088127	ὅλους
5	1	51	1	2	9	994	2736	130	27	79.648544	ἐπικαλοῦμαι
4	1	51	1	3	0	419	2769	387	28	-1	
5	1	51	1	3	1	419	2770	34	26	92.284111	τήν
5	1	51	1	3	2	464	2769	91	28	82.360519	εὐλογίαυ
5	1	51	1	3	3	565	2772	32	20	88.826027	τοῦ
5	1	51	1	3	4	610	2765	21	36	78.692245	ΤΠ
5	1	51	1	3	5	638	2770	99	27	44.765060	αναηάθου
5	1	51	1	3	6	749	2771	57	22	95.382187	Θεοῦ.
4	1	51	1	4	0	638	2813	270	22	-1	
5	1	51	1	4	1	638	2813	20	22	90.153656	Ο
5	1	51	1	4	2	676	2813	232	22	96.253914	ΜΗΤΡΟΠΟΛΙΤΗΣ
4	1	51	1	5	0	431	2852	670	24	-1	
5	1	51	1	5	1	431	2856	20	19	14.983719	4
5	1	51	1	5	2	467	2853	17	21	90.810669	Ο
5	1	51	1	5	3	499	2852	210	22	94.196136	ΜΟΝΕΜΒΑΣΙΑΣ
5	1	51	1	5	4	723	2853	47	21	96.544815	ΚΑΙ
5	1	51	1	5	5	785	2853	135	22	96.409950	ΣΠΑΡΤΗΣ
5	1	51	1	5	6	934	2854	167	22	95.157455	ΕΥΣΤΑΘΙΟΣ
4	1	51	1	6	0	442	2892	144	18	-1	
5	1	51	1	6	1	442	2892	144	18	91.124512	ΣΗΜΕΙΩΣΙΣ:
2	1	52	0	0	0	418	2928	93	23	-1	
3	1	52	1	0	0	418	2928	93	23	-1	
4	1	52	1	1	0	418	2928	93	23	-1	
5	1	52	1	1	1	418	2928	93	23	42.479862	Σπὰρτην
2	1	53	0	0	0	607	2893	465	23	-1	
3	1	53	1	0	0	607	2893	465	23	-1	
4	1	53	1	1	0	607	2893	465	23	-1	
5	1	53	1	1	1	607	2893	112	18	82.210678	Ἐπιστολαί
5	1	53	1	1	2	734	2893	30	18	93.294121	καί
5	1	53	1	1	3	781	2893	114	23	89.380951	ἐμδάσματα
5	1	53	1	1	4	910	2894	162	18	88.267212	ἀποστέλλονται:
2	1	54	0	0	0	406	2964	718	136	-1	
3	1	54	1	0	0	406	2964	718	136	-1	
4	1	54	1	1	0	439	2964	685	24	-1	
5	1	54	1	1	1	439	2964	21	21	82.122849	α)
5	1	54	1	1	2	476	2964	46	17	88.838623	Σεθ.
5	1	54	1	1	3	534	2964	149	23	23.641266	Μητροπολἱτην
5	1	54	1	1	4	693	2964	134	23	73.712257	Μονεµδασίας
5	1	54	1	1	5	837	2965	30	17	95.580978	καί
5	1	54	1	1	6	881	2965	92	23	96.300880	Σπάρτης
5	1	54	1	1	7	985	2971	16	12	93.303108	κ.
5	1	54	1	1	8	1014	2965	110	18	91.484627	Εὐστάθιον.
4	1	54	1	2	0	440	2999	684	28	-1	
5	1	54	1	2	1	440	2999	20	21	90.493774	ϐ)
5	1	54	1	2	2	477	3005	17	12	93.304039	κ.
5	1	54	1	2	3	509	2999	75	18	89.596405	Κούλαν
5	1	54	1	2	4	597	2999	189	28	89.480049	Πολυζωγοπούλου,
5	1	54	1	2	5	800	3000	73	22	48.672440	Ταμίαν
5	1	54	1	2	6	889	3002	35	16	92.441498	τοῦ
5	1	54	1	2	7	939	3001	110	22	49.387894	Σωματείου
5	1	54	1	2	8	1062	3001	62	23	78.161064	χρονί-
4	1	54	1	3	0	417	3035	543	24	-1	
5	1	54	1	3	1	417	3040	24	17	93.302925	ως
5	1	54	1	3	2	451	3035	116	22	88.615814	πασχόντων
5	1	54	1	3	3	577	3035	33	18	88.964241	«Ὁ
5	1	54	1	3	4	622	3036	67	22	93.702751	"Άγιος
5	1	54	1	3	5	699	3036	154	23	74.288116	Παντελεήμων».
5	1	54	1	3	6	868	3036	92	23	90.645111	Σπάρτην
4	1	54	1	4	0	406	3067	545	33	-1	
5	1	54	1	4	1	406	3067	4	33	87.809181	|
5	1	54	1	4	2	439	3071	21	22	88.063446	Υ)
5	1	54	1	4	3	476	3070	164	24	83.526001	Ὑποκατάστημα
5	1	54	1	4	4	649	3072	83	23	89.612045	᾿Εθνικῆς
5	1	54	1	4	5	740	3072	108	23	93.295433	Τραπέζης.
5	1	54	1	4	6	859	3072	92	23	92.577477	Σπάρτην
2	1	55	0	0	0	425	179	931	34	-1	
3	1	55	1	0	0	425	179	931	34	-1	
4	1	55	1	1	0	466	179	862	21	-1	
5	1	55	1	1	1	466	182	4	7	52.071617	/
5	1	55	1	1	2	558	182	3	7	77.300957	{
5	1	55	1	1	3	687	183	4	7	0.000000	/
5	1	55	1	1	4	744	184	4	6	0.000000	ς
5	1	55	1	1	5	792	183	4	7	0.000000	α
5	1	55	1	1	6	854	184	23	7	36.013241	ες
5	1	55	1	1	7	907	186	7	4	43.730854	-
5	1	55	1	1	8	962	179	25	12	0.564117	...
5	1	55	1	1	9	1030	186	9	4	35.814018	-
5	1	55	1	1	10	1067	185	15	8	0.000000	.8
5	1	55	1	1	11	1109	187	9	4	57.649136	-
5	1	55	1	1	12	1213	179	8	21	0.000000	κ.
5	1	55	1	1	13	1325	186	3	5	85.930115	ῃ
4	1	55	1	2	0	425	184	931	29	-1	
5	1	55	1	2	1	425	184	136	26	0.000000	συνάνΔρωποί
5	1	55	1	2	2	579	191	45	20	71.769836	µας,
5	1	55	1	2	3	637	185	89	25	91.770790	διαφόρου
5	1	55	1	2	4	740	185	90	26	54.475574	ἡλυνίας,
5	1	55	1	2	5	843	192	15	13	93.297897	οἱ
5	1	55	1	2	6	872	192	59	14	58.700661	ἁποῖοι
5	1	55	1	2	7	944	193	59	19	83.792679	πέραν
5	1	55	1	2	8	1017	193	36	18	93.023140	τῆς
5	1	55	1	2	9	1067	193	65	18	92.047684	ἰδικῆς
5	1	55	1	2	10	1153	193	84	20	0.000000	|πουριὸς
5	1	55	1	2	11	1254	186	102	26	85.158249	Δημοσίων
2	1	56	0	0	0	1151	45	353	57	-1	
3	1	56	1	0	0	1151	45	353	57	-1	
4	1	56	1	1	0	1151	45	353	22	-1	
5	1	56	1	1	1	1151	45	97	21	92.978325	ΧΟΡΟΣ
5	1	56	1	1	2	1269	46	235	21	90.976448	ΕΚΑΤΟΜΜΥΡΙΩΝ
4	1	56	1	2	0	1223	81	203	21	-1	
5	1	56	1	2	1	1223	81	48	21	92.460213	ΓΙΑ
5	1	56	1	2	2	1286	81	140	21	89.489227	ΔΡΟΜΟΥΣ
2	1	57	0	0	0	1347	129	58	3	-1	
3	1	57	1	0	0	1347	129	58	3	-1	
4	1	57	1	1	0	1347	129	58	3	-1	
5	1	57	1	1	1	1347	129	58	3	95.000000	 
2	1	58	0	0	0	1182	150	229	27	-1	
3	1	58	1	0	0	1182	150	229	27	-1	
4	1	58	1	1	0	1182	150	229	27	-1	
5	1	58	1	1	1	1182	150	24	21	8.392395	ὍὉ
5	1	58	1	1	2	1219	159	18	14	81.654968	κ,
5	1	58	1	1	3	1250	151	80	26	42.434368	Ἑζανῆς
5	1	58	1	1	4	1347	151	64	25	61.627003	Τζουε
2	1	59	0	0	0	1427	151	77	26	-1	
3	1	59	1	0	0	1427	151	77	26	-1	
4	1	59	1	1	0	1427	151	77	26	-1	
5	1	59	1	1	1	1427	151	51	26	0.000000	ἂλνης
5	1	59	1	1	2	1488	151	16	21	49.718353	ὑ-
2	1	60	0	0	0	1399	163	23	8	-1	
3	1	60	1	0	0	1399	163	23	8	-1	
4	1	60	1	1	0	1399	163	23	8	-1	
5	1	60	1	1	1	1399	163	23	8	95.000000	 
2	1	61	0	0	0	1375	187	128	26	-1	
3	1	61	1	0	0	1375	187	128	26	-1	
4	1	61	1	1	0	1375	187	128	26	-1	
5	1	61	1	1	1	1375	187	88	26	0.000000	Ἔνργων,
5	1	61	1	1	2	1474	187	29	20	14.369263	επι
2	1	62	0	0	0	917	221	587	27	-1	
3	1	62	1	0	0	917	221	587	27	-1	
4	1	62	1	1	0	917	221	587	27	-1	
5	1	62	1	1	1	917	221	125	27	41.411514	δημιουργοῦ»
5	1	62	1	1	2	1058	221	74	27	36.357136	οἴκογε-
5	1	62	1	1	3	1141	217	9	36	0.000000	|
5	1	62	1	1	4	1152	221	100	27	0.000000	σκέφθηκε
5	1	62	1	1	5	1266	222	23	26	95.451042	τὴ
5	1	62	1	1	6	1303	221	97	23	92.251755	Λακωνία
5	1	62	1	1	7	1415	222	32	22	51.852257	καὶ
5	1	62	1	1	8	1466	221	38	22	89.859665	ἐνέ-
2	1	63	0	0	0	1152	257	353	164	-1	
3	1	63	1	0	0	1152	257	353	164	-1	
4	1	63	1	1	0	1152	257	353	28	-1	
5	1	63	1	1	1	1152	264	54	20	35.283768	πρι,
5	1	63	1	1	2	1219	257	144	23	47.244370	445.000.000.
5	1	63	1	1	3	1374	259	42	26	94.432648	δρχ.
5	1	63	1	1	4	1429	257	34	27	93.236206	γιὰ
5	1	63	1	1	5	1470	257	35	28	80.600143	δρό
4	1	63	1	2	0	1152	292	352	27	-1	
5	1	63	1	2	1	1152	300	54	19	42.289185	µους,
5	1	63	1	2	2	1217	292	76	27	41.326351	μεταξὺ
5	1	63	1	2	3	1307	294	37	21	93.258186	τῶν
5	1	63	1	2	4	1358	292	68	24	92.338951	ὁποίων
5	1	63	1	2	5	1438	293	29	22	83.610321	50
5	1	63	1	2	6	1475	294	29	21	66.375275	ἐκ.
4	1	63	1	3	0	1152	328	352	28	-1	
5	1	63	1	3	1	1152	328	34	26	40.389175	ιά
5	1	63	1	3	2	1200	328	21	22	96.209106	τὸ
5	1	63	1	3	3	1234	328	57	27	79.606827	δρόμο
5	1	63	1	3	4	1305	328	83	27	83.827400	Σπάρτη
5	1	63	1	3	5	1400	342	29	2	55.039371	-
5	1	63	1	3	6	1441	330	63	26	70.038757	Γεωρ-
4	1	63	1	4	0	1152	362	353	29	-1	
5	1	63	1	4	1	1152	362	51	28	47.226521	γίτοι
5	1	63	1	4	2	1216	377	29	2	47.038055	---
5	1	63	1	4	3	1259	363	116	28	41.810452	Λογγανίκο
5	1	63	1	4	4	1385	378	29	1	43.250954	----
5	1	63	1	4	5	1429	364	76	27	75.866737	Πετρί-
4	1	63	1	5	0	1455	400	49	21	-1	
5	1	63	1	5	1	1455	400	49	21	76.626396	Πελ
2	1	64	0	0	0	1152	434	352	28	-1	
3	1	64	1	0	0	1152	434	352	28	-1	
4	1	64	1	1	0	1152	434	352	28	-1	
5	1	64	1	1	1	1152	434	52	21	80.030319	λάνα
5	1	64	1	1	2	1218	435	32	21	52.172752	καὶ
5	1	64	1	1	3	1270	435	26	21	82.959290	20
5	1	64	1	1	4	1312	436	29	21	2.520180	ὃν.
5	1	64	1	1	5	1357	437	42	25	93.204765	δρχ.
5	1	64	1	1	6	1414	435	34	27	55.437302	γιὰ
5	1	64	1	1	7	1463	437	41	19	84.835190	δια-
2	1	65	0	0	0	1151	399	297	28	-1	
3	1	65	1	0	0	1151	399	297	28	-1	
4	1	65	1	1	0	1151	399	297	28	-1	
5	1	65	1	1	1	1151	407	23	13	60.594860	να
5	1	65	1	1	2	1184	399	32	21	79.748581	καὶ
5	1	65	1	1	3	1227	401	65	24	39.459576	τωήµια
5	1	65	1	1	4	1303	401	36	24	93.287560	τῆς
5	1	65	1	1	5	1349	401	42	20	92.134102	ὁδοῦ
5	1	65	1	1	6	1400	399	48	28	96.852058	πρὸς
2	1	66	0	0	0	1151	470	354	99	-1	
3	1	66	1	0	0	1151	470	354	99	-1	
4	1	66	1	1	0	1151	470	354	57	-1	
5	1	66	1	1	1	1151	470	101	57	0.000000	όμ
5	1	66	1	1	2	1275	470	33	22	64.157593	παὶ
5	1	66	1	1	3	1337	470	168	28	78.111000	ἀσφαλτόσπρωση
4	1	66	1	2	0	1175	505	330	28	-1	
5	1	66	1	2	1	1175	507	8	19	45.689716	Ὁ
5	1	66	1	2	2	1196	505	69	28	76.630760	δρόμου
5	1	66	1	2	3	1277	506	133	23	28.520264	Μεαλόπολι
5	1	66	1	2	4	1465	507	40	20	85.177994	Λε-
4	1	66	1	3	0	1152	541	352	28	-1	
5	1	66	1	3	1	1152	541	65	28	38.043411	οντὰρι
5	1	66	1	3	2	1228	555	30	1	34.899323	---
5	1	66	1	3	3	1271	541	94	28	18.398056	Πτρίνα
5	1	66	1	3	4	1375	541	34	22	96.898483	ποὺ
5	1	66	1	3	5	1421	541	24	22	93.227562	θὰ
5	1	66	1	3	6	1459	541	45	22	0.000000	ὁιώ-
2	1	67	0	0	0	1423	520	29	1	-1	
3	1	67	1	0	0	1423	520	29	1	-1	
4	1	67	1	1	0	1423	520	29	1	-1	
5	1	67	1	1	1	1423	520	29	1	95.000000	 
2	1	68	0	0	0	1299	515	25	18	-1	
3	1	68	1	0	0	1299	515	25	18	-1	
4	1	68	1	1	0	1299	515	25	18	-1	
5	1	68	1	1	1	1299	515	25	18	95.000000	 
2	1	69	0	0	0	1298	555	22	7	-1	
3	1	69	1	0	0	1298	555	22	7	-1	
4	1	69	1	1	0	1298	555	22	7	-1	
5	1	69	1	1	1	1298	555	22	7	95.000000	 
2	1	70	0	0	0	1151	576	353	58	-1	
3	1	70	1	0	0	1151	576	353	58	-1	
4	1	70	1	1	0	1151	576	353	28	-1	
5	1	70	1	1	1	1151	585	29	13	91.860016	σει
5	1	70	1	1	2	1196	577	24	26	94.787178	τὴ
5	1	70	1	1	3	1234	576	84	28	73.155716	πάρτη
5	1	70	1	1	4	1331	576	22	27	54.021507	μέ
5	1	70	1	1	5	1372	577	24	26	84.223808	τὴ
5	1	70	1	1	6	1409	577	95	27	65.021835	Μεγαλό-
4	1	70	1	2	0	1151	620	53	14	-1	
5	1	70	1	2	1	1151	620	53	14	64.749435	πολι,
2	1	71	0	0	0	1422	657	23	6	-1	
3	1	71	1	0	0	1422	657	23	6	-1	
4	1	71	1	1	0	1422	657	23	6	-1	
5	1	71	1	1	1	1422	657	23	6	95.000000	 
2	1	72	0	0	0	1151	612	353	98	-1	
3	1	72	1	0	0	1151	612	353	98	-1	
4	1	72	1	1	0	1219	612	285	27	-1	
5	1	72	1	1	1	1219	612	103	27	36.329002	Ἠὐχόμεθα
5	1	72	1	1	2	1336	612	83	27	0.000000	σύνποµ"η
5	1	72	1	1	3	1433	612	71	22	19.845467	ἐπτέλε
4	1	72	1	2	0	1208	628	264	36	-1	
5	1	72	1	2	1	1208	628	12	36	20.609589	ὃς
5	1	72	1	2	2	1305	647	18	12	11.004120	..
5	1	72	1	2	3	1405	649	67	7	21.076233	πας
4	1	72	1	3	0	1151	649	320	25	-1	
5	1	72	1	3	1	1151	657	24	17	96.941635	ση
5	1	72	1	3	2	1189	656	32	13	92.547485	τοῦ
5	1	72	1	3	3	1237	649	139	25	0.000000	πολυπάφητου
5	1	72	1	3	4	1390	656	45	13	93.282928	αὐτοῦ
5	1	72	1	3	5	1464	662	7	7	91.304230	ὃ
4	1	72	1	4	0	1153	692	41	18	-1	
5	1	72	1	4	1	1153	692	41	18	65.600021	μου.
2	1	73	0	0	0	1161	725	308	4	-1	
3	1	73	1	0	0	1161	725	308	4	-1	
4	1	73	1	1	0	1161	725	308	4	-1	
5	1	73	1	1	1	1161	725	308	4	95.000000	 
2	1	74	0	0	0	1166	754	324	90	-1	
3	1	74	1	0	0	1166	754	324	90	-1	
4	1	74	1	1	0	1199	754	261	21	-1	
5	1	74	1	1	1	1199	754	115	20	84.528168	ΔΩΡΕΕΣ
5	1	74	1	1	2	1327	755	78	20	75.406136	ΠΡΟΙΣ
5	1	74	1	1	3	1422	755	38	20	77.954903	ΤΟ
4	1	74	1	2	0	1202	787	257	21	-1	
5	1	74	1	2	1	1202	787	157	21	93.300522	ΣΥΝΔΕΣΜΟ
5	1	74	1	2	2	1376	788	83	20	82.752731	ΓΕΩΡ-
4	1	74	1	3	0	1166	822	324	22	-1	
5	1	74	1	3	1	1166	822	164	21	67.696999	ΓΙΤΣΙΑΝΩΝ
5	1	74	1	3	2	1358	823	132	21	96.703308	ΑΤΤΙΚΗΣ
2	1	75	0	0	0	1257	869	146	4	-1	
3	1	75	1	0	0	1257	869	146	4	-1	
4	1	75	1	1	0	1257	869	146	4	-1	
5	1	75	1	1	1	1257	869	146	4	95.000000	 
2	1	76	0	0	0	1149	893	354	380	-1	
3	1	76	1	0	0	1149	893	354	205	-1	
4	1	76	1	1	0	1168	893	334	28	-1	
5	1	76	1	1	1	1168	893	76	21	38.252380	10.000
5	1	76	1	1	2	1258	894	52	27	89.743179	δρχ.
5	1	76	1	1	3	1325	893	47	21	90.337036	ἀπιὸ
5	1	76	1	1	4	1387	893	74	25	82.825996	᾿Ηλία,
5	1	76	1	1	5	1476	895	26	20	86.218063	Γε
4	1	76	1	2	0	1151	929	352	27	-1	
5	1	76	1	2	1	1151	929	79	27	79.174400	ώργιο,
5	1	76	1	2	2	1245	929	81	27	94.430763	Γιάννη
5	1	76	1	2	3	1342	930	38	20	87.903000	καὶ
5	1	76	1	2	4	1395	929	108	27	72.636810	ΓΠαναγιώ
4	1	76	1	3	0	1150	964	353	28	-1	
5	1	76	1	3	1	1150	971	28	20	93.201180	τη
5	1	76	1	3	2	1190	964	95	25	92.103401	Γκλέκα,
5	1	76	1	3	3	1295	964	38	27	93.688591	γιὰ
5	1	76	1	3	4	1343	964	28	28	93.015816	τὴ
5	1	76	1	3	5	1381	964	122	28	67.874138	μνήμηπιοῦ
4	1	76	1	4	0	1149	999	354	28	-1	
5	1	76	1	4	1	1149	999	96	28	95.040901	πατέρα
5	1	76	1	4	2	1254	1006	56	20	93.293991	τους
5	1	76	1	4	3	1324	999	179	22	2.242691	᾿Αθανασίουκαί
4	1	76	1	5	0	1151	1035	351	27	-1	
5	1	76	1	5	1	1151	1036	41	26	92.877434	τῆς
5	1	76	1	5	2	1222	1035	106	27	75.162094	µηπέρας
5	1	76	1	5	3	1342	1042	57	20	86.840874	τους
5	1	76	1	5	4	1430	1035	72	21	86.840874	Σεδα-
4	1	76	1	6	0	1151	1071	64	27	-1	
5	1	76	1	6	1	1151	1071	64	27	90.941422	στής.
3	1	76	2	0	0	1151	1106	351	63	-1	
4	1	76	2	1	0	1178	1106	324	27	-1	
5	1	76	2	1	1	1178	1106	65	21	96.872681	2.000
5	1	76	2	1	2	1256	1106	52	27	96.030678	δρχ.
5	1	76	2	1	3	1324	1106	47	21	96.030678	ἀπὸ
5	1	76	2	1	4	1388	1106	41	27	92.402092	Χρ.
5	1	76	2	1	5	1446	1107	56	20	87.957062	Κω-
4	1	76	2	2	0	1151	1142	153	27	-1	
5	1	76	2	2	1	1151	1142	153	27	57.153343	σποκιανέλιλη.
3	1	76	3	0	0	1149	1177	353	96	-1	
4	1	76	3	1	0	1177	1177	325	27	-1	
5	1	76	3	1	1	1177	1178	66	20	96.879669	2.000
5	1	76	3	1	2	1255	1178	52	26	95.970085	δρχ.
5	1	76	3	1	3	1321	1177	48	21	96.746178	ἀπὸ
5	1	76	3	1	4	1382	1178	56	20	91.694359	Κων.
5	1	76	3	1	5	1453	1178	49	21	51.680126	Ξου
4	1	76	3	2	0	1149	1213	353	27	-1	
5	1	76	3	2	1	1149	1214	64	26	90.850342	ροφᾶ
5	1	76	3	2	2	1233	1213	114	27	63.527752	(γαμθρὀ.
5	1	76	3	2	3	1367	1213	56	27	93.290924	Σαρ.
5	1	76	3	2	4	1436	1213	66	27	66.642166	Σηα-
4	1	76	3	3	0	1150	1248	65	25	-1	
5	1	76	3	3	1	1150	1248	65	25	92.060944	λοῦ).
2	1	77	0	0	0	1156	1307	344	3	-1	
3	1	77	1	0	0	1156	1307	344	3	-1	
4	1	77	1	1	0	1156	1307	344	3	-1	
5	1	77	1	1	1	1156	1307	344	3	95.000000	 
2	1	78	0	0	0	1148	1336	353	309	-1	
3	1	78	1	0	0	1148	1336	353	309	-1	
4	1	78	1	1	0	1210	1336	238	22	-1	
5	1	78	1	1	1	1210	1336	141	22	6.996986	ΕΓΚΑΙΝΙΑ
5	1	78	1	1	2	1369	1337	79	21	81.484161	ΝΙΑΟΥ
4	1	78	1	2	0	1206	1372	245	21	-1	
5	1	78	1	2	1	1206	1372	79	21	93.096069	ΣΤΗΝ
5	1	78	1	2	2	1302	1372	149	21	41.418793	ΑΙΓΟΡΙΑΝΗ
4	1	78	1	3	0	1179	1407	322	27	-1	
5	1	78	1	3	1	1179	1407	53	26	91.061790	Σπίς
5	1	78	1	3	2	1249	1407	24	21	56.447472	Ι9
5	1	78	1	3	3	1290	1407	101	21	35.059570	Ιουλίου
5	1	78	1	3	4	1408	1407	51	21	69.227516	1981
5	1	78	1	3	5	1478	1407	23	27	90.222809	ἡ-
4	1	78	1	4	0	1149	1443	352	27	-1	
5	1	78	1	4	1	1149	1443	62	27	45.699203	μέρα
5	1	78	1	4	2	1225	1443	110	27	95.392014	Κυριακή,
5	1	78	1	4	3	1348	1443	30	21	90.545341	θὰ
5	1	78	1	4	4	1389	1443	112	27	87.373077	ἐγκαινια-
4	1	78	1	5	0	1150	1477	351	28	-1	
5	1	78	1	5	1	1150	1478	50	21	93.103119	σθεῖ
5	1	78	1	5	2	1215	1478	57	27	93.297150	στήν
5	1	78	1	5	3	1292	1478	133	27	69.847549	᾽Αγόριανη,
5	1	78	1	5	4	1456	1477	45	22	96.481461	ὑπό
4	1	78	1	6	0	1148	1513	353	28	-1	
5	1	78	1	6	1	1148	1514	42	20	93.293137	τοῦ
5	1	78	1	6	2	1200	1513	105	25	12.986923	Σε6)του
5	1	78	1	6	3	1316	1513	185	28	63.247066	Μητροπολίπου
4	1	78	1	7	0	1148	1548	353	29	-1	
5	1	78	1	7	1	1148	1556	18	14	93.270912	κ.
5	1	78	1	7	2	1179	1548	131	22	73.259697	Εὐσπαθίου
5	1	78	1	7	3	1320	1549	13	21	92.073235	ὁ
5	1	78	1	7	4	1357	1548	144	29	76.706551	γραφικότα-
4	1	78	1	8	0	1149	1584	352	30	-1	
5	1	78	1	8	1	1149	1592	40	19	91.693710	τος
5	1	78	1	8	2	1201	1584	105	30	83.028214	Ναΐσκος
5	1	78	1	8	3	1317	1586	42	20	93.287186	τοῦ
5	1	78	1	8	4	1374	1584	77	28	53.261189	'Αγίου
5	1	78	1	8	5	1463	1585	38	20	84.323509	᾿Αν
4	1	78	1	9	0	1150	1619	78	26	-1	
5	1	78	1	9	1	1150	1619	78	26	90.840233	δρέου.
2	1	79	0	0	0	1167	1657	328	4	-1	
3	1	79	1	0	0	1167	1657	328	4	-1	
4	1	79	1	1	0	1167	1657	328	4	-1	
5	1	79	1	1	1	1167	1657	328	4	95.000000	 
2	1	80	0	0	0	1209	1689	238	21	-1	
3	1	80	1	0	0	1209	1689	238	21	-1	
4	1	80	1	1	0	1209	1689	238	21	-1	
5	1	80	1	1	1	1209	1689	19	21	0.000000	Πα
5	1	80	1	1	2	1257	1689	190	21	18.370277	ΑΜΕΆΑΕΝ
5	1	80	1	1	3	1430	1685	19	37	72.309273	Α
2	1	81	0	0	0	1148	1760	353	241	-1	
3	1	81	1	0	0	1148	1760	353	241	-1	
4	1	81	1	1	0	1180	1760	313	27	-1	
5	1	81	1	1	1	1180	1760	51	27	92.561798	Στὶς
5	1	81	1	1	2	1245	1760	25	21	50.947224	Ι6ό
5	1	81	1	1	3	1280	1760	98	22	26.465027	Ιουνίου
5	1	81	1	1	4	1390	1760	61	25	38.976303	Ι981,
5	1	81	1	1	5	1462	1761	31	21	91.015274	λά
4	1	81	1	2	0	1149	1795	352	29	-1	
5	1	81	1	2	1	1149	1795	62	28	85.315323	όαµε
5	1	81	1	2	2	1221	1796	42	27	93.186829	µία
5	1	81	1	2	3	1274	1796	98	28	87.461052	ἐπιπαγὴ
5	1	81	1	2	4	1384	1797	28	26	85.442924	µέ
5	1	81	1	2	5	1426	1796	75	28	86.153427	ἡμερο
4	1	81	1	3	0	1148	1831	353	28	-1	
5	1	81	1	3	1	1148	1831	71	28	80.121422	µηνία
5	1	81	1	3	2	1232	1831	116	28	91.940498	ἐκδόσεως
5	1	81	1	3	3	1363	1832	49	21	87.182877	...20
5	1	81	1	3	4	1425	1832	76	27	89.092415	Δεκεμ
4	1	81	1	4	0	1149	1867	352	28	-1	
5	1	81	1	4	1	1149	1867	70	27	90.433365	6ρίου
5	1	81	1	4	2	1236	1867	64	21	48.586708	Ι980/
5	1	81	1	4	3	1341	1868	25	21	52.629959	Ὁ
5	1	81	1	4	4	1383	1868	118	27	72.583603	συµπιαθέ-
4	1	81	1	5	0	1149	1903	352	28	-1	
5	1	81	1	5	1	1149	1907	89	23	78.587830	σταπιος
5	1	81	1	5	2	1253	1903	164	28	61.836227	συνδροµηπτής
5	1	81	1	5	3	1430	1910	47	21	92.109215	µας
5	1	81	1	5	4	1488	1903	13	21	92.109215	ὁ
4	1	81	1	6	0	1148	1938	353	28	-1	
5	1	81	1	6	1	1148	1939	98	27	81.266098	μολογεῖ
5	1	81	1	6	2	1259	1938	43	21	93.295959	στὸ
5	1	81	1	6	3	1316	1938	185	28	91.373169	ἐπισυναπιτόμε-
4	1	81	1	7	0	1148	1974	353	27	-1	
5	1	81	1	7	1	1148	1980	27	15	77.250778	νο
5	1	81	1	7	2	1187	1974	98	27	34.899071	γράμμα
5	1	81	1	7	3	1297	1981	41	15	96.821335	του
5	1	81	1	7	4	1352	1974	43	25	96.778389	ὅτι,
5	1	81	1	7	5	1411	1974	27	22	91.423561	ἄν
5	1	81	1	7	6	1464	1975	37	21	60.018150	καὶ
2	1	82	0	0	0	1138	1683	4	341	-1	
3	1	82	1	0	0	1138	1683	4	341	-1	
4	1	82	1	1	0	1138	1683	4	341	-1	
5	1	82	1	1	1	1138	1683	4	341	95.000000	 
2	1	83	0	0	0	1145	2008	356	915	-1	
3	1	83	1	0	0	1148	2008	353	136	-1	
4	1	83	1	1	0	1149	2008	352	30	-1	
5	1	83	1	1	1	1149	2008	49	28	91.640945	εἶχε
5	1	83	1	1	2	1212	2009	82	28	44.468056	ἔτοιμη
5	1	83	1	1	3	1307	2010	41	27	83.662727	τὴν
5	1	83	1	1	4	1361	2010	98	28	82.221268	ἐπιπαγὴ
5	1	83	1	1	5	1476	2010	25	21	91.686356	ᾱ-
4	1	83	1	2	0	1148	2045	353	28	-1	
5	1	83	1	2	1	1148	2045	102	26	91.671669	μελοῦσε
5	1	83	1	2	2	1262	2045	28	21	79.741112	νὰ
5	1	83	1	2	3	1303	2045	41	28	93.291367	τὴν
5	1	83	1	2	4	1360	2046	141	27	48.093571	ταχυδροµή
4	1	83	1	3	0	1149	2081	351	27	-1	
5	1	83	1	3	1	1149	2087	41	18	90.797287	σει,
5	1	83	1	3	2	1204	2081	37	20	93.297531	Καὶ
5	1	83	1	3	3	1253	2081	73	27	92.296974	χωρὶς
5	1	83	1	3	4	1338	2081	29	21	84.285370	νὰ
5	1	83	1	3	5	1379	2081	28	21	93.296844	τὸ
5	1	83	1	3	6	1420	2081	80	27	31.126633	ἀνπιλη
4	1	83	1	4	0	1148	2115	322	29	-1	
5	1	83	1	4	1	1148	2116	59	26	93.073112	φθεῖ,
5	1	83	1	4	2	1221	2115	108	28	14.171234	πέρασαν
5	1	83	1	4	3	1346	2115	35	22	86.825165	...ό
5	1	83	1	4	4	1392	2117	78	27	70.843903	μῆνες.
3	1	83	2	0	0	1147	2151	353	240	-1	
4	1	83	2	1	0	1161	2151	339	28	-1	
5	1	83	2	1	1	1161	2151	59	21	93.908379	Κάτι
5	1	83	2	1	2	1234	2151	128	27	45.080002	παρόμοιο,
5	1	83	2	1	3	1378	2152	122	27	92.337547	δυστυχῶς
4	1	83	2	2	0	1149	2186	351	27	-1	
5	1	83	2	2	1	1149	2186	121	27	44.669899	συµδαίνει
5	1	83	2	2	2	1286	2187	26	21	93.301628	σέ
5	1	83	2	2	3	1328	2187	112	26	61.957279	πολιιοὺς'
5	1	83	2	2	4	1471	2187	29	21	95.919266	νὰ
4	1	83	2	3	0	1147	2221	353	28	-1	
5	1	83	2	3	1	1147	2221	56	27	93.098694	τούς
5	1	83	2	3	2	1217	2221	171	28	92.554108	ἐπισκεφθοῦμε
5	1	83	2	3	3	1400	2221	60	23	87.423676	εἶναι
5	1	83	2	3	4	1476	2222	24	21	91.867699	ᾱ-
4	1	83	2	4	0	1149	2256	350	29	-1	
5	1	83	2	4	1	1149	2256	106	23	90.035118	δύναπον.
5	1	83	2	4	2	1277	2258	33	20	68.152008	Κι
5	1	83	2	4	3	1326	2257	57	25	92.735954	ἔτσι,
5	1	83	2	4	4	1400	2257	47	21	96.837898	ἀπὸ
5	1	83	2	4	5	1458	2258	41	27	96.562347	τὴν
4	1	83	2	5	0	1147	2292	353	28	-1	
5	1	83	2	5	1	1147	2292	163	28	52.908665	ἐκκιρεμόπηπια
5	1	83	2	5	2	1319	2293	135	27	61.415680	ὑπιοφέριουν
5	1	83	2	5	3	1463	2293	37	21	93.904076	καὶ
4	1	83	2	6	0	1148	2328	351	28	-1	
5	1	83	2	6	1	1148	2328	53	20	0.000000	τωτὰ
5	1	83	2	6	2	1215	2328	80	21	51.156807	θιθλία
5	1	83	2	6	3	1308	2335	54	21	93.297707	µας,
5	1	83	2	6	4	1386	2328	113	28	90.785889	ἀρρύθμι-
4	1	83	2	7	0	1149	2363	236	28	-1	
5	1	83	2	7	1	1149	2370	44	14	96.943466	στα
5	1	83	2	7	2	1202	2363	38	21	77.885498	καί
5	1	83	2	7	3	1247	2364	138	27	50.135529	πικραἰµένα.
3	1	83	3	0	0	1147	2399	352	133	-1	
4	1	83	3	1	0	1177	2399	322	29	-1	
5	1	83	3	1	1	1177	2399	25	21	74.812721	Ὁ
5	1	83	3	1	2	1214	2399	130	22	1.175850	Ναπολέων
5	1	83	3	1	3	1358	2399	58	22	77.747383	εἶπιε:
5	1	83	3	1	4	1435	2400	64	28	74.916054	«Μὴν
4	1	83	3	2	0	1147	2434	352	29	-1	
5	1	83	3	2	1	1147	2434	95	27	92.926224	ἀφήνεις
5	1	83	3	2	2	1254	2435	38	27	93.303635	γιὰ
5	1	83	3	2	3	1303	2435	78	27	90.906563	αὔριο,
5	1	83	3	2	4	1394	2435	44	25	27.980194	ὅμτι
5	1	83	3	2	5	1451	2442	48	21	56.899704	µπιο
4	1	83	3	3	0	1147	2470	352	27	-1	
5	1	83	3	3	1	1147	2470	49	26	59.292622	οεῖς
5	1	83	3	3	2	1209	2470	30	20	90.655426	νὰ
5	1	83	3	3	3	1255	2470	75	27	92.711060	Κάνεις
5	1	83	3	3	4	1350	2470	99	27	61.480694	σήµερα.
5	1	83	3	3	5	1467	2470	32	21	96.454178	Τὸ
4	1	83	3	4	0	1147	2504	225	28	-1	
5	1	83	3	4	1	1147	2504	71	28	92.936607	αὔριο
5	1	83	3	4	2	1225	2504	59	23	96.439415	εἶναι
5	1	83	3	4	3	1294	2505	78	21	94.967171	ποτέ».
3	1	83	4	0	0	1145	2540	355	383	-1	
4	1	83	4	1	0	1162	2540	336	28	-1	
5	1	83	4	1	1	1162	2540	81	27	39.047070	Θεομὰ
5	1	83	4	1	2	1257	2541	172	27	89.027885	παρακαλοῦμε
5	1	83	4	1	3	1442	2541	56	27	96.379524	τούς
4	1	83	4	2	0	1146	2575	353	29	-1	
5	1	83	4	2	1	1146	2575	138	28	84.324127	ἁγαπιηπούς
5	1	83	4	2	2	1295	2576	162	28	19.624222	συνδρομητές
5	1	83	4	2	3	1471	2577	28	21	94.444672	νὰ
4	1	83	4	3	0	1145	2611	353	29	-1	
5	1	83	4	3	1	1145	2611	46	27	84.061356	μὴν
5	1	83	4	3	2	1203	2611	110	27	58.687481	ἀμελοῦν:
5	1	83	4	3	3	1326	2612	26	21	90.304344	Ἡ
5	1	83	4	3	4	1361	2611	105	29	62.608700	ρύθμιση.
5	1	83	4	3	5	1474	2619	24	20	81.880470	µι
4	1	83	4	4	0	1146	2646	353	29	-1	
5	1	83	4	4	1	1146	2647	28	26	66.548149	ἄς
5	1	83	4	4	2	1187	2646	175	29	75.639359	ἐκκρεμόπηπιας
5	1	83	4	4	3	1375	2647	124	28	90.777557	ἀνακουφί-
4	1	83	4	5	0	1147	2682	351	28	-1	
5	1	83	4	5	1	1147	2683	37	26	67.010101	ζει,
5	1	83	4	5	2	1200	2682	80	27	77.902496	Κανεὶς
5	1	83	4	5	3	1307	2682	38	22	91.906937	δέν
5	1	83	4	5	4	1373	2683	125	27	74.238190	φπωχαίνει
4	1	83	4	6	0	1146	2718	353	28	-1	
5	1	83	4	6	1	1146	2718	198	27	35.479736	καπιαδάλλονπας
5	1	83	4	6	2	1357	2718	28	28	93.299957	τὴ
5	1	83	4	6	3	1401	2718	98	28	83.682571	συνδριο-
4	1	83	4	7	0	1145	2753	355	28	-1	
5	1	83	4	7	1	1145	2753	32	27	82.082047	µή
5	1	83	4	7	2	1192	2760	50	18	93.328232	του,
5	1	83	4	7	3	1272	2753	55	22	93.299339	οὔτε
5	1	83	4	7	4	1341	2754	12	27	92.057220	ἡ
5	1	83	4	7	5	1368	2753	132	28	83.756104	ἐφημερίδα
4	1	83	4	8	0	1145	2789	354	27	-1	
5	1	83	4	8	1	1145	2789	127	27	54.658440	πιλουτίζει,
5	1	83	4	8	2	1283	2789	60	27	93.383698	µόνο
5	1	83	4	8	3	1354	2789	45	21	92.568916	ποὺ
5	1	83	4	8	4	1414	2789	22	21	93.300705	οἱ
5	1	83	4	8	5	1448	2796	51	14	90.537598	συν-
4	1	83	4	9	0	1147	2824	351	28	-1	
5	1	83	4	9	1	1147	2824	118	28	77.921173	δροµητές
5	1	83	4	9	2	1281	2831	50	21	92.006180	της,
5	1	83	4	9	3	1347	2826	43	26	93.262291	τῆς
5	1	83	4	9	4	1406	2824	92	28	86.530342	ἐπιτρέ-
4	1	83	4	10	0	1145	2860	353	27	-1	
5	1	83	4	10	1	1145	2867	59	14	80.104561	πιουν
5	1	83	4	10	2	1218	2860	28	21	86.737938	νὰ
5	1	83	4	10	3	1259	2860	113	27	96.390610	συνεχίζει
5	1	83	4	10	4	1388	2860	28	21	93.295769	τὸ
5	1	83	4	10	5	1430	2861	68	26	59.923512	σκλη-
4	1	83	4	11	0	1146	2896	176	27	-1	
5	1	83	4	11	1	1146	2896	31	27	36.024471	ρὁ
5	1	83	4	11	2	1186	2896	81	27	90.597153	ἀγώνα
5	1	83	4	11	3	1274	2902	48	21	91.997955	της.
2	1	84	0	0	0	1150	2940	346	5	-1	
3	1	84	1	0	0	1150	2940	346	5	-1	
4	1	84	1	1	0	1150	2940	346	5	-1	
5	1	84	1	1	1	1150	2940	346	5	95.000000	 
2	1	85	0	0	0	1137	2965	357	129	-1	
3	1	85	1	0	0	1137	2965	357	129	-1	
4	1	85	1	1	0	1158	2965	334	21	-1	
5	1	85	1	1	1	1158	2965	132	21	79.017715	ΚΑΦΗΔΗΣ
5	1	85	1	1	2	1302	2965	190	21	21.690552	ΚΑΡΛΒΟΥΛΙΑ
4	1	85	1	2	0	1137	3001	357	21	-1	
5	1	85	1	2	1	1137	3012	1	8	55.971508	|
5	1	85	1	2	2	1156	3001	80	21	76.554184	ΤΕΩΡ.
5	1	85	1	2	3	1247	3001	19	21	73.094856	Π.
5	1	85	1	2	4	1286	3001	208	21	69.818069	ΚΑΡΑΒΟΥΔΙΑΣ
4	1	85	1	3	0	1302	3036	166	26	-1	
5	1	85	1	3	1	1302	3044	32	16	96.636032	ους
5	1	85	1	3	2	1344	3036	27	21	93.683861	00
5	1	85	1	3	3	1381	3037	87	25	0.000000	Αθήναι
4	1	85	1	4	0	1302	3071	114	23	-1	
5	1	85	1	4	1	1302	3071	114	23	0.000000	89.19.49
2	1	86	0	0	0	1261	3036	38	21	-1	
3	1	86	1	0	0	1261	3036	38	21	-1	
4	1	86	1	1	0	1261	3036	38	21	-1	
5	1	86	1	1	1	1261	3036	38	21	95.000000	 
2	1	87	0	0	0	1182	3037	102	61	-1	
3	1	87	1	0	0	1182	3037	102	61	-1	
4	1	87	1	1	0	1182	3037	79	26	-1	
5	1	87	1	1	1	1182	3037	79	26	67.634949	Αριστο
4	1	87	1	2	0	1231	3072	53	26	-1	
5	1	87	1	2	1	1231	3072	53	26	51.703373	Τηλ.
2	1	88	0	0	0	1136	1683	6	1408	-1	
3	1	88	1	0	0	1136	1683	6	1408	-1	
4	1	88	1	1	0	1136	1683	6	1408	-1	
5	1	88	1	1	1	1136	1683	6	1408	95.000000	 
2	1	89	0	0	0	1512	51	7	1648	-1	
3	1	89	1	0	0	1512	51	7	1648	-1	
4	1	89	1	1	0	1512	51	7	1648	-1	
5	1	89	1	1	1	1512	51	7	1648	95.000000	 
2	1	90	0	0	0	1544	47	708	49	-1	
3	1	90	1	0	0	1544	47	708	49	-1	
4	1	90	1	1	0	1544	47	708	49	-1	
5	1	90	1	1	1	1544	47	708	49	38.990631	Γεωργίτσι-Λογγαν]κος-Τρίπολη
2	1	91	0	0	0	1673	130	549	170	-1	
3	1	91	1	0	0	1673	130	549	170	-1	
4	1	91	1	1	0	1673	130	549	170	-1	
5	1	91	1	1	1	1673	130	310	170	95.000000	   
5	1	91	1	1	2	2221	185	1	7	95.000000	 
2	1	92	0	0	0	1543	134	707	138	-1	
3	1	92	1	0	0	1543	134	707	135	-1	
4	1	92	1	1	0	1592	134	657	28	-1	
5	1	92	1	1	1	1592	142	8	13	86.967438	ὁ
5	1	92	1	1	2	1615	134	54	21	81.051521	1901
5	1	92	1	1	3	1684	136	8	21	92.912804	ὁ
5	1	92	1	1	4	1707	134	66	21	39.625092	ἀντισιτ
5	1	92	1	1	5	1929	143	11	13	81.589439	κ.
5	1	92	1	1	6	1962	135	98	26	49.065815	Κων]νος
5	1	92	1	1	7	2075	134	109	28	87.274048	Λουμώκης
5	1	92	1	1	8	2212	134	37	23	89.628296	πού
4	1	92	1	2	0	1543	169	707	57	-1	
5	1	92	1	2	1	1543	169	47	26	63.020939	ἦταν
5	1	92	1	2	2	1608	169	98	57	27.719147	πε
5	1	92	1	2	3	1992	171	34	21	78.702118	ἕνα
5	1	92	1	2	4	2039	171	48	21	70.370972	πολύ
5	1	92	1	2	5	2116	171	134	27	31.643570	ἐξυπηρετήκό
4	1	92	1	3	0	1543	205	703	28	-1	
5	1	92	1	3	1	1543	205	122	27	32.817009	δροµιαλόγιο,
5	1	92	1	3	2	1981	207	36	25	96.669792	τῆς
5	1	92	1	3	3	2030	206	81	27	59.992100	Βορείου
5	1	92	1	3	4	2125	206	121	25	87.835579	Λακωνίας:
4	1	92	1	4	0	1543	236	704	36	-1	
5	1	92	1	4	1	1543	236	115	36	26.463005	Γεωργήταν,
5	1	92	1	4	2	1813	241	48	27	41.058041	“Αγ.
5	1	92	1	4	3	1877	242	127	27	0.000000	Κωνστ)νος,
5	1	92	1	4	4	2020	242	135	27	16.960785	Λογγανῖκος,
5	1	92	1	4	5	2170	242	77	27	41.722191	Βεργα-
2	1	93	0	0	0	1541	249	706	90	-1	
3	1	93	1	0	0	1541	249	706	90	-1	
4	1	93	1	1	0	1543	249	704	55	-1	
5	1	93	1	1	1	1543	276	62	28	0.000000	δένκα,
5	1	93	1	1	2	1619	277	63	20	37.071404	Φουήτ.
5	1	93	1	1	3	1761	284	21	13	68.546722	αἱ
5	1	93	1	1	4	1767	249	145	55	0.000000	.--
5	1	93	1	1	5	1954	285	68	19	0.000000	ΓΓαναν
5	1	93	1	1	6	2036	277	47	26	93.048828	στήν
5	1	93	1	1	7	2098	277	75	26	81.416130	᾿Αθήνα
5	1	93	1	1	8	2187	277	21	27	83.871292	µέ
5	1	93	1	1	9	2224	277	23	21	59.622959	πό
4	1	93	1	2	0	1541	312	241	27	-1	
5	1	93	1	2	1	1541	312	79	21	0.000000	ΙΙΠΗΛ
5	1	93	1	2	2	1632	312	118	27	71.343124	Ἡριπόλεως
5	1	93	1	2	3	1761	312	21	22	90.839455	σέ
2	1	94	0	0	0	1542	347	706	86	-1	
3	1	94	1	0	0	1542	347	706	64	-1	
4	1	94	1	1	0	1603	347	158	16	-1	
5	1	94	1	1	1	1603	348	3	5	5.013458	ο
5	1	94	1	1	2	1628	347	44	7	0.000000	νι
5	1	94	1	1	3	1692	348	69	15	38.835823	ως
4	1	94	1	2	0	1542	349	239	26	-1	
5	1	94	1	2	1	1542	349	39	20	53.489346	Άλλο
5	1	94	1	2	2	1595	356	40	13	71.115646	ἀπὸ
5	1	94	1	2	3	1651	356	26	18	90.023605	τή
5	1	94	1	2	4	1690	356	91	19	67.158516	"Σπάρτη.
4	1	94	1	3	0	1768	384	480	49	-1	
5	1	94	1	3	1	1768	384	70	26	78.649689	80-84,
5	1	94	1	3	2	1855	384	12	26	86.010994	ἡ
5	1	94	1	3	3	1878	384	65	27	68.436371	φθορὰ
5	1	94	1	3	4	1953	386	31	20	55.118328	τοῦ
5	1	94	1	3	5	1996	384	87	28	78.071335	δρέµου
5	1	94	1	3	6	2076	384	36	22	96.003059	ἀπό
5	1	94	1	3	7	2123	384	125	49	0.000000	απο.
2	1	95	0	0	0	1912	286	41	12	-1	
3	1	95	1	0	0	1912	286	41	12	-1	
4	1	95	1	1	0	1912	286	41	12	-1	
5	1	95	1	1	1	1912	286	41	12	95.000000	 
2	1	96	0	0	0	1795	312	453	28	-1	
3	1	96	1	0	0	1795	312	453	28	-1	
4	1	96	1	1	0	1795	312	453	28	-1	
5	1	96	1	1	1	1795	313	10	20	69.637398	ἆ
5	1	96	1	1	2	1820	312	39	27	52.689903	1)2
5	1	96	1	1	3	1870	313	59	27	88.467186	ὧρες,
5	1	96	1	1	4	1944	313	143	27	38.567009	ἀπαφεύγοητες
5	1	96	1	1	5	2100	313	20	22	92.749016	τό
5	1	96	1	1	6	2130	313	77	27	26.893700	µεγάλο
5	1	96	1	1	7	2215	313	33	22	15.486969	κά-
2	1	97	0	0	0	1888	327	9	13	-1	
3	1	97	1	0	0	1888	327	9	13	-1	
4	1	97	1	1	0	1888	327	9	13	-1	
5	1	97	1	1	1	1888	327	9	13	0.000000	σ
2	1	98	0	0	0	1741	386	8	2	-1	
3	1	98	1	0	0	1741	386	8	2	-1	
4	1	98	1	1	0	1741	386	8	2	-1	
5	1	98	1	1	1	1741	386	8	2	95.000000	 
2	1	99	0	0	0	1571	383	172	27	-1	
3	1	99	1	0	0	1571	383	172	27	-1	
4	1	99	1	1	0	1571	383	172	27	-1	
5	1	99	1	1	1	1571	384	39	21	85.702690	Τόν
5	1	99	1	1	2	1620	383	87	27	13.962402	χοηλώνα
5	1	99	1	1	3	1718	392	25	14	78.920784	τοῖ
2	1	100	0	0	0	1542	419	55	26	-1	
3	1	100	1	0	0	1542	419	55	26	-1	
4	1	100	1	1	0	1542	419	55	26	-1	
5	1	100	1	1	1	1542	419	55	26	0.000000	Σγκορι
2	1	101	0	0	0	1893	413	358	34	-1	
3	1	101	1	0	0	1893	413	358	34	-1	
4	1	101	1	1	0	1893	413	358	34	-1	
5	1	101	1	1	1	1893	413	358	34	95.000000	 
2	1	102	0	0	0	1884	420	8	20	-1	
3	1	102	1	0	0	1884	420	8	20	-1	
4	1	102	1	1	0	1884	420	8	20	-1	
5	1	102	1	1	1	1884	420	8	20	55.980560	ω-
2	1	103	0	0	0	1641	418	230	44	-1	
3	1	103	1	0	0	1641	418	230	44	-1	
4	1	103	1	1	0	1641	418	230	27	-1	
5	1	103	1	1	1	1641	427	26	19	83.133141	οὔ,
5	1	103	1	1	2	1682	418	77	28	0.000000	διέπιοψε
5	1	103	1	1	3	1776	420	47	25	92.777420	αὐτή
5	1	103	1	1	4	1837	420	34	25	88.968094	τήν
4	1	103	1	2	0	1775	454	19	8	-1	
5	1	103	1	2	1	1775	454	19	8	0.000000	..
2	1	104	0	0	0	1542	455	263	40	-1	
3	1	104	1	0	0	1542	455	263	40	-1	
4	1	104	1	1	0	1542	455	263	40	-1	
5	1	104	1	1	1	1542	455	84	40	26.459419	στίχος,
5	1	104	1	1	2	1641	454	16	21	92.011940	οἱ
5	1	104	1	1	3	1673	454	86	27	32.848846	ἁρμιόδίαι
5	1	104	1	1	4	1775	462	30	13	93.456429	δέν
2	1	105	0	0	0	1596	426	42	15	-1	
3	1	105	1	0	0	1596	426	42	15	-1	
4	1	105	1	1	0	1596	426	42	15	-1	
5	1	105	1	1	1	1596	426	42	15	37.967110	τσι)
2	1	106	0	0	0	1638	427	2	11	-1	
3	1	106	1	0	0	1638	427	2	11	-1	
4	1	106	1	1	0	1638	427	2	11	-1	
5	1	106	1	1	1	1638	427	2	11	95.000000	 
2	1	107	0	0	0	2104	457	35	21	-1	
3	1	107	1	0	0	2104	457	35	21	-1	
4	1	107	1	1	0	2104	457	35	21	-1	
5	1	107	1	1	1	2104	457	35	21	95.000000	 
2	1	108	0	0	0	2015	455	232	63	-1	
3	1	108	1	0	0	2015	455	232	63	-1	
4	1	108	1	1	0	2175	455	32	17	-1	
5	1	108	1	1	1	2175	455	32	17	5.097870	τον
4	1	108	1	2	0	2152	463	94	20	-1	
5	1	108	1	2	1	2152	465	8	12	92.265053	ὁ
5	1	108	1	2	2	2176	463	70	20	20.822144	δρόμος
4	1	108	1	3	0	2015	490	232	28	-1	
5	1	108	1	3	1	2015	508	4	4	0.000000	ε
5	1	108	1	3	2	2033	491	73	22	66.857658	εὔκαλα
5	1	108	1	3	3	2118	491	33	21	91.620453	καί
5	1	108	1	3	4	2164	491	16	21	96.612465	οἱ
5	1	108	1	3	5	2194	490	53	28	84.959755	φίλοι
2	1	109	0	0	0	1542	428	565	89	-1	
3	1	109	1	0	0	1542	428	565	88	-1	
4	1	109	1	1	0	1821	428	286	55	-1	
5	1	109	1	1	1	1821	453	54	25	0.000000	6νδια
5	1	109	1	1	2	1877	429	124	53	23.893402	μες
5	1	109	1	1	3	1993	455	25	21	88.006866	νὰ
5	1	109	1	1	4	2012	428	95	55	0.000000	-..
4	1	109	1	2	0	1542	490	295	27	-1	
5	1	109	1	2	1	1542	489	34	27	52.416729	γιὰ
5	1	109	1	2	2	1591	490	24	20	86.612961	νὰ
5	1	109	1	2	3	1629	490	208	27	6.377045	ἐπαναλθιτουργήσει”
2	1	110	0	0	0	1837	486	184	39	-1	
3	1	110	1	0	0	1837	486	184	39	-1	
4	1	110	1	1	0	1837	486	184	39	-1	
5	1	110	1	1	1	1837	486	184	39	95.000000	 
2	1	111	0	0	0	1540	525	511	28	-1	
3	1	111	1	0	0	1540	525	511	28	-1	
4	1	111	1	1	0	1540	525	511	28	-1	
5	1	111	1	1	1	1540	533	40	18	54.656326	μας
5	1	111	1	1	2	1591	525	99	27	41.430130	᾿Αϕικάδεις
5	1	111	1	1	3	1700	526	34	20	93.300323	πού
5	1	111	1	1	4	1757	534	105	19	91.830353	ἀπορροφοῦν
5	1	111	1	1	5	1873	526	23	22	95.569504	τὰ
5	1	111	1	1	6	1905	526	91	27	57.779465	προϊόντα
5	1	111	1	1	7	2004	534	47	20	88.990593	µας.
2	1	112	0	0	0	1557	560	691	45	-1	
3	1	112	1	0	0	1557	560	691	45	-1	
4	1	112	1	1	0	1557	560	691	45	-1	
5	1	112	1	1	1	1557	561	38	44	0.000000	.
5	1	112	1	1	2	1608	560	55	24	36.717674	κάπου
5	1	112	1	1	3	1661	569	35	33	0.000000	ἴναι
5	1	112	1	1	4	1712	562	43	41	21.204102	ω
5	1	112	1	1	5	1802	563	65	25	59.080891	ωριῶν
5	1	112	1	1	6	1880	562	184	27	32.249535	διαμαρτυρήθηκαν
5	1	112	1	1	7	2077	562	75	27	17.079361	ἔντονα,
5	1	112	1	1	8	2165	561	32	22	0.000000	χα
5	1	112	1	1	9	2213	563	35	20	27.521141	ἑλ-
2	1	113	0	0	0	1956	597	292	28	-1	
3	1	113	1	0	0	1956	597	292	28	-1	
4	1	113	1	1	0	1982	597	231	7	-1	
5	1	113	1	1	1	1982	597	4	7	0.000000	-
5	1	113	1	1	2	2112	597	4	7	24.790634	/
5	1	113	1	1	3	2209	597	4	7	0.000000	ν
4	1	113	1	2	0	1956	598	292	27	-1	
5	1	113	1	2	1	1956	606	31	17	0.000000	Ὠκή
5	1	113	1	2	2	2002	605	135	19	8.862839	συγικολωνία,
5	1	113	1	2	3	2156	598	92	27	67.433807	τουλὰχι-
2	1	114	0	0	0	1646	597	347	271	-1	
3	1	114	1	0	0	1646	597	347	271	-1	
4	1	114	1	1	0	1646	597	314	36	-1	
5	1	114	1	1	1	1646	597	314	36	95.000000	 
4	1	114	1	2	0	1646	633	347	38	-1	
5	1	114	1	2	1	1646	633	347	38	95.000000	  
4	1	114	1	3	0	1656	831	235	37	-1	
5	1	114	1	3	1	1656	831	235	37	95.000000	 
2	1	115	0	0	0	1541	604	706	159	-1	
3	1	115	1	0	0	1541	604	706	159	-1	
4	1	115	1	1	0	1554	604	692	55	-1	
5	1	115	1	1	1	1554	639	22	14	65.879211	πο
5	1	115	1	1	2	1589	604	64	51	0.000000	ο
5	1	115	1	1	3	1661	653	2	4	4.627495	ἳ
5	1	115	1	1	4	1993	632	126	27	68.269051	εραυξιηµένη
5	1	115	1	1	5	2129	632	77	27	0.000000	κήνηση.
5	1	115	1	1	6	2218	634	28	21	87.192009	Τε
4	1	115	1	2	0	1541	666	706	58	-1	
5	1	115	1	2	1	1541	666	70	24	21.024109	ληνα...
5	1	115	1	2	2	1623	667	105	27	76.837875	ξανάρχισε
5	1	115	1	2	3	1959	668	26	27	33.723320	ο
5	1	115	1	2	4	2024	676	17	48	46.860447	3
5	1	115	1	2	5	2052	668	21	22	90.188789	τό
5	1	115	1	2	6	2084	668	78	21	85.952972	ΚΤΕΛ
5	1	115	1	2	7	2176	667	71	28	88.153900	Τριπό-
4	1	115	1	3	0	1542	702	705	29	-1	
5	1	115	1	3	1	1541	704	54	22	64.650040	λεως
5	1	115	1	3	2	1610	702	45	21	0.000000	ϱιάςι
5	1	115	1	3	3	1940	712	11	16	0.000000	υπ
5	1	115	1	3	4	1960	712	68	19	0.000000	ηρείτη
5	1	115	1	3	5	2045	703	24	22	63.904137	οἱ,
5	1	115	1	3	6	2081	706	38	23	76.481087	μάς
5	1	115	1	3	7	2130	703	117	23	73.159546	ἐνπυπωσιό-
4	1	115	1	4	0	1541	738	465	25	-1	
5	1	115	1	4	1	1541	740	41	21	11.083923	ζουῦ
5	1	115	1	4	2	1590	737	24	26	45.577019	μέ
5	1	115	1	4	3	1625	738	22	25	75.273628	τή,
5	1	115	1	4	4	1940	738	11	21	69.947968	ὰ
5	1	115	1	4	5	1962	747	44	16	96.801071	τους
2	1	116	0	0	0	2118	766	41	32	-1	
3	1	116	1	0	0	2118	766	41	32	-1	
4	1	116	1	1	0	2118	766	41	32	-1	
5	1	116	1	1	1	2118	766	41	32	95.000000	  
2	1	117	0	0	0	1593	877	385	27	-1	
3	1	117	1	0	0	1593	877	385	27	-1	
4	1	117	1	1	0	1593	877	385	27	-1	
5	1	117	1	1	1	1593	880	42	16	95.000000	 
5	1	117	1	1	2	1942	877	36	27	95.000000	  
2	1	118	0	0	0	2066	922	21	12	-1	
3	1	118	1	0	0	2066	922	21	12	-1	
4	1	118	1	1	0	2066	922	21	12	-1	
5	1	118	1	1	1	2066	922	21	12	95.000000	 
2	1	119	0	0	0	1885	992	21	12	-1	
3	1	119	1	0	0	1885	992	21	12	-1	
4	1	119	1	1	0	1885	992	21	12	-1	
5	1	119	1	1	1	1885	992	21	12	95.000000	 
2	1	120	0	0	0	1540	771	707	240	-1	
3	1	120	1	0	0	1542	771	703	55	-1	
4	1	120	1	1	0	1572	771	673	29	-1	
5	1	120	1	1	1	1572	771	73	25	57.625847	Ὄψως
5	1	120	1	1	2	1658	788	32	4	0.000000	.ρι
5	1	120	1	1	3	1936	774	66	24	39.678478	ῥλήμια
5	1	120	1	1	4	2013	773	96	26	28.134758	ὁριστήκὰ,
5	1	120	1	1	5	2118	769	24	35	57.601929	μέ
5	1	120	1	1	6	2159	775	18	20	77.015892	τὸ
5	1	120	1	1	7	2187	773	58	27	93.193314	χρυσό
4	1	120	1	2	0	1542	804	82	22	-1	
5	1	120	1	2	1	1542	804	82	22	9.939415	ανόνα:
3	1	120	2	0	0	1540	840	707	136	-1	
4	1	120	2	1	0	1570	840	677	59	-1	
5	1	120	2	1	1	1570	840	86	27	12.202591	Λογικά,
5	1	120	2	1	2	1671	850	33	12	92.632805	καί
5	1	120	2	1	3	1852	866	2	2	0.000000	.
5	1	120	2	1	4	1869	838	27	36	84.958916	τό
5	1	120	2	1	5	1905	843	79	20	93.088531	ΚΤΕΛ
5	1	120	2	1	6	1998	842	109	25	62.479820	Λακωνίας
5	1	120	2	1	7	2123	843	66	56	0.000000	..
5	1	120	2	1	8	2222	843	25	21	96.350349	νὰ
4	1	120	2	2	0	1541	871	705	35	-1	
5	1	120	2	2	1	1541	871	52	35	30.487839	παϊλό
5	1	120	2	2	2	1651	877	47	25	90.395798	αὐτή
5	1	120	2	2	3	1714	877	23	25	95.016472	τή
5	1	120	2	2	4	1755	877	78	27	56.380585	γραµµή
5	1	120	2	2	5	1847	877	34	21	96.633263	πού
5	1	120	2	2	6	1895	878	47	21	90.370346	εἶναι
5	1	120	2	2	7	1971	886	33	13	93.426331	µέσα
5	1	120	2	2	8	2018	878	36	21	93.298882	στὰ
5	1	120	2	2	9	2068	878	43	27	90.105713	ὅριά
5	1	120	2	2	10	2124	886	20	14	93.291443	του,
5	1	120	2	2	11	2148	880	98	26	81.879211	δροµο-
4	1	120	2	3	0	1540	896	705	45	-1	
5	1	120	2	3	1	1540	911	105	26	65.640717	λογώντας
5	1	120	2	3	2	1663	912	33	20	85.283249	ἕνα
5	1	120	2	3	3	1707	912	66	27	35.453888	ἁμάξ',
5	1	120	2	3	4	1783	925	7	3	93.177536	-
5	1	120	2	3	5	1800	913	33	20	95.742958	πού
5	1	120	2	3	6	1843	912	31	21	78.286743	δὲν
5	1	120	2	3	7	1885	913	28	20	10.175743	9ὰ
5	1	120	2	3	8	1924	915	31	19	93.252525	τοῦ
5	1	120	2	3	9	1968	913	84	25	36.845814	ποστίζει
5	1	120	2	3	10	2079	913	62	28	96.149422	τίποτα,
5	1	120	2	3	11	2150	896	95	39	0.000000	ΠΑΡ
4	1	120	2	4	0	1541	947	705	40	-1	
5	1	120	2	4	1	1541	947	34	40	69.527794	ΤΗ
5	1	120	2	4	2	1591	960	8	2	45.722176	-
5	1	120	2	4	3	1611	947	151	21	39.477654	ΤΕΩΡΠΙΤΣΙ
5	1	120	2	4	4	1777	961	8	3	88.482933	-
5	1	120	2	4	5	1797	948	99	21	87.941124	ΑΘΗΝΑ
5	1	120	2	4	6	1909	948	33	22	68.943436	καὶ
5	1	120	2	4	7	1955	949	195	27	13.830223	ΑΝΤΙΣΤΡΟΦΑ,
5	1	120	2	4	8	2163	949	33	27	91.573502	γιὰ
5	1	120	2	4	9	2222	949	24	21	95.536179	νὰ
3	1	120	3	0	0	1579	983	666	28	-1	
4	1	120	3	1	0	1579	983	666	28	-1	
5	1	120	3	1	1	1579	984	127	24	54.227085	πηρετοῦνται
5	1	120	3	1	2	1723	982	33	22	92.660812	καὶ
5	1	120	3	1	3	1773	982	23	22	93.282928	τὰ
5	1	120	3	1	4	1812	983	82	21	90.956757	ὑπάλοιπα
5	1	120	3	1	5	1922	984	74	27	93.203362	χωριά:
5	1	120	3	1	6	2013	984	102	27	30.000595	ἸΑλευροῦ,
5	1	120	3	1	7	2135	985	110	22	63.127903	Πελλάνα.
2	1	121	0	0	0	1535	982	56	28	-1	
3	1	121	1	0	0	1535	982	56	28	-1	
4	1	121	1	1	0	1535	982	56	28	-1	
5	1	121	1	1	1	1535	982	56	28	95.000000	 
2	1	122	0	0	0	1543	1007	701	40	-1	
3	1	122	1	0	0	1543	1007	701	40	-1	
4	1	122	1	1	0	1543	1007	701	40	-1	
5	1	122	1	1	1	1543	1017	115	27	47.061668	Περιέόλια,
5	1	122	1	1	2	1674	1018	94	27	43.963734	ἹΚαστόρι,
5	1	122	1	1	3	1782	1018	84	28	25.838715	Ἱαστοί,
5	1	122	1	1	4	1878	1019	103	21	43.010792	Βορδώνια
5	1	122	1	1	5	1993	1019	33	21	81.429703	καὶ
5	1	122	1	1	6	2038	1007	105	40	11.797142	αρα.
5	1	122	1	1	7	2155	1019	57	22	21.552254	Τμαπί
5	1	122	1	1	8	2227	1031	17	5	0.000000	.»
2	1	123	0	0	0	1540	1040	705	54	-1	
3	1	123	1	0	0	1540	1040	705	54	-1	
4	1	123	1	1	0	1556	1040	688	26	-1	
5	1	123	1	1	1	1556	1045	9	21	36.098824	ος
5	1	123	1	1	2	1633	1052	3	7	40.607342	η
5	1	123	1	1	3	1696	1053	15	6	11.742447	Γι
5	1	123	1	1	4	1762	1054	4	6	5.565956	λ
5	1	123	1	1	5	1910	1040	2	6	0.000000	ι
5	1	123	1	1	6	2240	1056	4	7	0.000000	.
4	1	123	1	2	0	1540	1054	705	28	-1	
5	1	123	1	2	1	1540	1060	23	13	0.000000	πὰ
5	1	123	1	2	2	1576	1061	104	18	32.158615	πηπαΐνουν
5	1	123	1	2	3	1695	1061	38	15	91.887024	ὅλα
5	1	123	1	2	4	1746	1062	23	13	90.944023	τὰ
5	1	123	1	2	5	1782	1054	117	27	79.721733	Λεωφορεῖα
5	1	123	1	2	6	1913	1063	38	17	91.173027	µίας
5	1	123	1	2	7	1966	1054	37	22	95.702354	ἀπό
5	1	123	1	2	8	2016	1055	31	21	96.711029	τὸν
5	1	123	1	2	9	2066	1055	114	27	89.448471	Πάρνωνα;
5	1	123	1	2	10	2210	1064	35	13	92.054733	πού
4	1	123	1	3	0	1546	1087	29	7	-1	
5	1	123	1	3	1	1546	1087	29	7	49.377563	ο
2	1	124	0	0	0	1540	1096	174	55	-1	
3	1	124	1	0	0	1540	1096	174	55	-1	
4	1	124	1	1	0	1552	1096	26	14	-1	
5	1	124	1	1	1	1552	1096	26	14	74.378929	πό
4	1	124	1	2	0	1540	1124	174	27	-1	
5	1	124	1	2	1	1540	1131	41	14	60.390533	νουν
5	1	124	1	2	2	1594	1124	24	21	86.665215	16
5	1	124	1	2	3	1627	1124	72	27	21.067253	χωριά!
5	1	124	1	2	4	1711	1126	3	20	96.432602	|
2	1	125	0	0	0	1597	1088	24	6	-1	
3	1	125	1	0	0	1597	1088	24	6	-1	
4	1	125	1	1	0	1597	1088	24	6	-1	
5	1	125	1	1	1	1597	1088	24	6	95.000000	 
2	1	126	0	0	0	1626	1098	3	3	-1	
3	1	126	1	0	0	1626	1098	3	3	-1	
4	1	126	1	1	0	1626	1098	3	3	-1	
5	1	126	1	1	1	1626	1098	3	3	95.000000	 
2	1	127	0	0	0	1594	1089	651	29	-1	
3	1	127	1	0	0	1594	1089	651	29	-1	
4	1	127	1	1	0	1594	1089	651	29	-1	
5	1	127	1	1	1	1594	1090	42	20	23.617279	ἀκεῖ
5	1	127	1	1	2	1654	1091	100	19	77.748940	συναντοῦν
5	1	127	1	1	3	1772	1089	43	27	56.915379	µόνο
5	1	127	1	1	4	1832	1089	44	25	93.290314	τούς
5	1	127	1	1	5	1892	1090	130	27	12.804581	Ῥουτιάνους:
5	1	127	1	1	6	2038	1091	37	20	84.505219	ἐλῶ
5	1	127	1	1	7	2091	1090	91	22	79.511147	ἀπέναντι
5	1	127	1	1	8	2199	1091	46	27	92.823883	ἀφή-
2	1	128	0	0	0	1570	1159	675	30	-1	
3	1	128	1	0	0	1570	1159	675	30	-1	
4	1	128	1	1	0	1570	1159	675	30	-1	
5	1	128	1	1	1	1570	1159	26	21	88.403618	Ἡ
5	1	128	1	1	2	1610	1160	64	26	90.965103	σωσπή
5	1	128	1	1	3	1688	1160	49	27	96.252289	λύση
5	1	128	1	1	4	1752	1163	31	19	95.547554	τοῦ
5	1	128	1	1	5	1797	1160	92	28	28.192894	θέματος,
5	1	128	1	1	6	1904	1161	125	28	90.036987	ἐκπληρώνε,
5	1	128	1	1	7	2043	1162	32	21	88.642464	καὶ
5	1	128	1	1	8	2093	1162	20	22	79.626541	τό
5	1	128	1	1	9	2131	1162	60	22	55.091557	σιοπό
5	1	128	1	1	10	2205	1164	40	20	72.137398	τῶν
2	1	129	0	0	0	1535	1192	716	323	-1	
3	1	129	1	0	0	1535	1192	716	323	-1	
4	1	129	1	1	0	1692	1192	298	77	-1	
5	1	129	1	1	1	1692	1192	298	77	95.000000	      
4	1	129	1	2	0	1656	1275	589	103	-1	
5	1	129	1	2	1	1656	1275	589	103	95.000000	  
4	1	129	1	3	0	1942	1378	309	69	-1	
5	1	129	1	3	1	1942	1378	309	69	95.000000	 
4	1	129	1	4	0	1535	1447	716	68	-1	
5	1	129	1	4	1	1535	1447	716	68	95.000000	 
2	1	130	0	0	0	1971	1206	129	77	-1	
3	1	130	1	0	0	1994	1206	102	48	-1	
4	1	130	1	1	0	2001	1206	95	18	-1	
5	1	130	1	1	1	2001	1206	68	18	46.393364	ἔτησ
5	1	130	1	1	2	2085	1207	11	16	93.264542	η
4	1	130	1	2	0	1971	1232	129	51	-1	
5	1	130	1	2	1	1971	1232	74	51	42.860378	ος
5	1	130	1	2	2	2060	1241	20	13	87.917313	νά
5	1	130	1	2	3	2091	1233	9	14	79.292198	!
2	1	131	0	0	0	2101	1200	144	82	-1	
3	1	131	1	0	0	2113	1200	132	58	-1	
4	1	131	1	1	0	2173	1200	71	20	-1	
5	1	131	1	1	1	2173	1200	71	20	10.478516	ποιμοῦ”
4	1	131	1	2	0	2101	1233	144	49	-1	
5	1	131	1	2	1	2101	1233	21	21	95.450836	πό
5	1	131	1	2	2	2130	1233	115	49	0.000000	όμὰ
2	1	132	0	0	0	1539	1197	619	80	-1	
3	1	132	1	0	0	1539	1197	619	55	-1	
4	1	132	1	1	0	1539	1197	619	24	-1	
5	1	132	1	1	1	1539	1197	151	25	15.860023	σωγκοινωικιῶν,
5	1	132	1	1	2	2125	1200	33	19	89.009155	ποῦ
4	1	132	1	2	0	1540	1215	150	62	-1	
5	1	132	1	2	1	1540	1230	21	21	93.289742	τό
5	1	132	1	2	2	1572	1231	52	21	73.795212	ἁποῖο
5	1	132	1	2	3	1632	1215	58	62	0.000000	Ἀκονό
2	1	133	0	0	0	1539	1265	139	42	-1	
3	1	133	1	0	0	1539	1265	139	42	-1	
4	1	133	1	1	0	1539	1265	139	42	-1	
5	1	133	1	1	1	1539	1265	34	22	91.224579	ατά
5	1	133	1	1	2	1583	1266	33	41	0.000000	κε
5	1	133	1	1	3	1611	1274	67	33	0.000000	Θπρην
2	1	134	0	0	0	1539	1345	105	48	-1	
3	1	134	1	0	0	1539	1345	105	48	-1	
4	1	134	1	1	0	1539	1345	105	48	-1	
5	1	134	1	1	1	1539	1345	74	48	0.000000	ΙζΠΕλ
5	1	134	1	1	2	1628	1350	16	43	47.153069	2
2	1	135	0	0	0	1535	1378	360	62	-1	
3	1	135	1	0	0	1535	1378	360	62	-1	
4	1	135	1	1	0	1535	1378	360	62	-1	
5	1	135	1	1	1	1535	1378	360	62	95.000000	   
2	1	136	0	0	0	1718	1408	147	26	-1	
3	1	136	1	0	0	1718	1408	147	26	-1	
4	1	136	1	1	0	1718	1408	147	26	-1	
5	1	136	1	1	1	1718	1417	8	11	30.395164	6
5	1	136	1	1	2	1742	1408	54	21	82.553123	ἂλλα
5	1	136	1	1	3	1809	1408	56	26	86.783752	µέσα,
2	1	137	0	0	0	1535	1399	360	48	-1	
3	1	137	1	0	0	1535	1399	360	48	-1	
4	1	137	1	1	0	1535	1399	360	48	-1	
5	1	137	1	1	1	1535	1399	360	48	95.000000	  
2	1	138	0	0	0	1883	1409	61	21	-1	
3	1	138	1	0	0	1883	1409	61	21	-1	
4	1	138	1	1	0	1883	1409	61	21	-1	
5	1	138	1	1	1	1883	1409	61	21	51.168282	Ὅλου
2	1	139	0	0	0	1541	1532	706	52	-1	
3	1	139	1	0	0	1541	1532	706	52	-1	
4	1	139	1	1	0	1541	1532	706	52	-1	
5	1	139	1	1	1	1541	1533	66	39	96.419571	Γιά
5	1	139	1	1	2	1624	1532	76	40	47.642517	τήν
5	1	139	1	1	3	1714	1534	273	48	93.713402	συγκράτηση
5	1	139	1	1	4	2002	1537	73	38	93.297737	τοῦ
5	1	139	1	1	5	2085	1536	162	48	91.704720	Χωριοῦ
2	1	140	0	0	0	1535	1637	710	925	-1	
3	1	140	1	0	0	1538	1637	706	134	-1	
4	1	140	1	1	0	1568	1637	676	30	-1	
5	1	140	1	1	1	1568	1637	51	21	6.840324	Επί
5	1	140	1	1	2	1628	1637	14	21	95.803406	5
5	1	140	1	1	3	1653	1637	88	27	93.237320	χρόνια
5	1	140	1	1	4	1750	1637	12	28	93.159576	ἡ
5	1	140	1	1	5	1775	1637	129	28	92.055344	ἐφημερίδα
5	1	140	1	1	6	1913	1645	47	21	92.097015	µας
5	1	140	1	1	7	1971	1639	136	27	91.346031	ἀγωνίζεται
5	1	140	1	1	8	2118	1639	38	27	96.849045	γιὰ
5	1	140	1	1	9	2165	1639	29	28	93.273331	τή
5	1	140	1	1	10	2205	1640	39	27	92.892471	δη-
4	1	140	1	2	0	1538	1673	706	31	-1	
5	1	140	1	2	1	1538	1672	110	27	83.456482	µιουργία
5	1	140	1	2	2	1665	1673	135	27	69.644554	Συνεχο
5	1	140	1	2	3	1811	1674	12	20	68.037399	ῦ
5	1	140	1	2	4	1836	1680	11	21	91.286339	ς
5	1	140	1	2	5	1860	1673	91	28	92.448616	ἥμερου
5	1	140	1	2	6	1963	1674	168	30	42.914925	Κασπτανεῶνος
5	1	140	1	2	7	2143	1674	63	28	93.292351	γύρω
5	1	140	1	2	8	2218	1675	26	21	92.078377	ᾱ-
4	1	140	1	3	0	1538	1707	705	31	-1	
5	1	140	1	3	1	1538	1707	31	22	94.354858	πό
5	1	140	1	3	2	1581	1708	28	21	93.199951	τό
5	1	140	1	3	3	1621	1708	133	28	80.378738	Γεωργίπσι.
5	1	140	1	3	4	1770	1707	63	23	93.177750	Εἶναι
5	1	140	1	3	5	1844	1709	28	21	93.288567	τό
5	1	140	1	3	6	1885	1709	140	28	75.042374	ζωτικότερο
5	1	140	1	3	7	2038	1710	60	28	94.000137	θέµα
5	1	140	1	3	8	2108	1710	38	28	69.517639	γιὰ
5	1	140	1	3	9	2157	1710	28	22	27.743225	νἁ
5	1	140	1	3	10	2196	1710	47	22	72.304611	ἐπι-
4	1	140	1	4	0	1540	1743	69	28	-1	
5	1	140	1	4	1	1540	1743	69	28	95.436852	ζήσει.
3	1	140	2	0	0	1537	1779	707	172	-1	
4	1	140	2	1	0	1568	1779	676	30	-1	
5	1	140	2	1	1	1568	1779	70	28	0.000000	"Ἠδη,
5	1	140	2	1	2	1650	1780	93	27	89.125061	µερικοί
5	1	140	2	1	3	1757	1781	166	27	91.218849	προοδευπικοί
5	1	140	2	1	4	1939	1781	55	25	93.306252	νέοι,
5	1	140	2	1	5	2008	1779	146	30	90.947731	ἐμδολιάσαν
5	1	140	2	1	6	2168	1782	35	27	92.766273	τίς
5	1	140	2	1	7	2219	1782	25	21	92.537247	ᾱ-
4	1	140	2	2	0	1538	1815	706	31	-1	
5	1	140	2	2	1	1538	1821	64	21	35.880142	γριες
5	1	140	2	2	2	1616	1815	128	31	81.763535	Καστανιές
5	1	140	2	2	3	1761	1823	62	20	93.233437	τους.
5	1	140	2	2	4	1840	1817	73	20	83.208496	᾽Αλλὰ
5	1	140	2	2	5	1927	1817	143	27	91.061989	χρειάζεται,
5	1	140	2	2	6	2085	1817	159	28	57.597786	ὁλοκλιηρωπι-
4	1	140	2	3	0	1538	1850	706	31	-1	
5	1	140	2	3	1	1538	1850	27	28	92.413910	κή
5	1	140	2	3	2	1577	1850	145	28	90.761047	ἐξημέρωσις
5	1	140	2	3	3	1732	1852	46	21	96.927086	τῶν
5	1	140	2	3	4	1791	1852	90	24	16.471558	00.000
5	1	140	2	3	5	1893	1852	88	28	81.684387	ἂγριων
5	1	140	2	3	6	1992	1853	142	25	55.685333	Κασπανιῶν,
5	1	140	2	3	7	2145	1853	30	28	75.420258	µέ
5	1	140	2	3	8	2186	1860	58	21	47.430595	γενι-
4	1	140	2	4	0	1537	1886	707	31	-1	
5	1	140	2	4	1	1537	1886	28	27	89.946236	κή
5	1	140	2	4	2	1577	1886	128	29	91.847336	ἐξόρμηση.
5	1	140	2	4	3	1719	1887	90	27	93.302757	Κυρίως
5	1	140	2	4	4	1821	1888	120	27	78.465683	µεβοδικές
5	1	140	2	4	5	1952	1888	115	28	91.820404	ἐνέργειες
5	1	140	2	4	6	2079	1889	42	27	93.279366	τῆς
5	1	140	2	4	7	2134	1888	110	29	86.937363	Κοινότη-
4	1	140	2	5	0	1539	1922	435	29	-1	
5	1	140	2	5	1	1539	1928	41	20	96.920212	τος
5	1	140	2	5	2	1588	1922	39	21	73.583237	καί
5	1	140	2	5	3	1636	1923	47	21	93.302322	τῶν
5	1	140	2	5	4	1694	1922	119	28	79.574188	ἁρμοδίων
5	1	140	2	5	5	1826	1923	148	28	91.367691	Ὑπηρεσιῶν.
3	1	140	3	0	0	1537	1957	707	136	-1	
4	1	140	3	1	0	1569	1957	675	30	-1	
5	1	140	3	1	1	1569	1957	31	21	96.105080	Τό
5	1	140	3	1	2	1616	1958	60	27	87.872650	θέµα
5	1	140	3	1	3	1690	1958	209	28	48.497177	πολυσυζηπτήξηκε
5	1	140	3	1	4	1914	1959	48	21	93.701118	ἀπό
5	1	140	3	1	5	1976	1959	56	27	87.643715	τούς
5	1	140	3	1	6	2060	1961	184	26	63.192497	συμπιατριῶτες
4	1	140	3	2	0	1537	1993	706	30	-1	
5	1	140	3	2	1	1537	1999	54	21	78.049057	μας,
5	1	140	3	2	2	1606	1993	38	21	90.584473	καί
5	1	140	3	2	3	1661	1993	88	28	92.942940	ἔφθασε
5	1	140	3	2	4	1764	1994	28	21	82.636047	νὰ
5	1	140	3	2	5	1807	1994	131	28	85.311440	συζητιέται
5	1	140	3	2	6	1953	1995	95	27	88.176086	σοδαρὰ
5	1	140	3	2	7	2063	1995	45	21	91.875557	στὰ
5	1	140	3	2	8	2134	1995	109	28	84.081558	ἀνώτερια
4	1	140	3	3	0	1538	2028	706	31	-1	
5	1	140	3	3	1	1538	2028	131	28	40.634975	σπρώµαπα
5	1	140	3	3	2	1681	2030	45	20	93.289459	τῶν
5	1	140	3	3	3	1739	2029	120	28	90.579048	ἁρμοδίων
5	1	140	3	3	4	1870	2030	39	21	94.359810	καί
5	1	140	3	3	5	1920	2031	46	20	93.306053	τῶν
5	1	140	3	3	6	1978	2030	201	28	89.245148	ἐνδιαφερομένων
5	1	140	3	3	7	2205	2031	39	28	94.303406	γιὰ
4	1	140	3	4	0	1539	2063	406	30	-1	
5	1	140	3	4	1	1539	2063	28	28	93.296112	τή
5	1	140	3	4	2	1577	2064	152	28	18.587097	συγκρἀπηση
5	1	140	3	4	3	1741	2066	43	20	93.295837	τοῦ
5	1	140	3	4	4	1792	2066	91	26	93.037941	χωριοῦ
5	1	140	3	4	5	1891	2072	54	21	96.411385	µας.
3	1	140	4	0	0	1538	2105	706	169	-1	
4	1	140	4	1	0	1601	2105	642	29	-1	
5	1	140	4	1	1	1601	2105	60	21	0.000000	::Μέ
5	1	140	4	1	2	1672	2105	187	28	60.853626	ἀπροσμέτρηπη
5	1	140	4	1	3	1870	2107	66	26	12.460823	χαρὰ
5	1	140	4	1	4	1947	2106	121	28	89.616196	ἀκούσαμε
5	1	140	4	1	5	2079	2107	41	21	96.678352	τόν
5	1	140	4	1	6	2130	2114	19	14	91.786934	κ.
5	1	140	4	1	7	2163	2107	80	22	91.786934	ΘΑΝΟ
4	1	140	4	2	0	1538	2140	706	30	-1	
5	1	140	4	2	1	1538	2140	96	22	91.195381	ΝΤΕΡΟ
5	1	140	4	2	2	1648	2141	28	21	89.338036	νὰ
5	1	140	4	2	3	1689	2141	109	27	36.550171	συζηπὰει
5	1	140	4	2	4	1811	2142	162	27	91.957481	τηλεφωνικῶς
5	1	140	4	2	5	1984	2142	28	21	96.902466	τό
5	1	140	4	2	6	2022	2142	60	28	76.258049	θέµα
5	1	140	4	2	7	2094	2143	45	21	93.239540	τῶν
5	1	140	4	2	8	2152	2143	92	21	72.493546	Καστα-
4	1	140	4	3	0	1538	2176	706	29	-1	
5	1	140	4	3	1	1538	2176	51	20	89.907272	νιῶν
5	1	140	4	3	2	1602	2176	28	27	90.916252	µέ
5	1	140	4	3	3	1643	2176	41	21	93.302948	τόν
5	1	140	4	3	4	1697	2176	101	27	40.733162	ἁρμόδιο
5	1	140	4	3	5	1813	2177	149	27	88.700706	Ὑφυπουργό
5	1	140	4	3	6	1976	2178	118	27	95.992882	Γεωργίας
5	1	140	4	3	7	2106	2185	19	14	93.280525	κ.
5	1	140	4	3	8	2140	2178	104	21	92.655159	ΧΡΥΣΟ-
4	1	140	4	4	0	1538	2211	706	30	-1	
5	1	140	4	4	1	1538	2211	102	21	92.061569	ΣΤΟΜΟ
5	1	140	4	4	2	1653	2211	192	22	79.240669	ΚΙΑΡΑΠΙΠΕΡΗ.
5	1	140	4	4	3	1862	2212	162	28	23.359070	Βρισκόμαστε
5	1	140	4	4	4	2039	2212	56	22	93.294136	στόν
5	1	140	4	4	5	2107	2213	137	28	92.636475	ἀσφαιλέστε
4	1	140	4	5	0	1538	2246	130	28	-1	
5	1	140	4	5	1	1538	2253	29	21	36.896233	ῥρο
5	1	140	4	5	2	1585	2246	83	27	85.955536	δρόµο.
3	1	140	5	0	0	1536	2288	709	100	-1	
4	1	140	5	1	0	1600	2288	643	29	-1	
5	1	140	5	1	1	1600	2305	3	3	0.000000	:.
5	1	140	5	1	2	1620	2288	25	21	51.188187	Ἡ
5	1	140	5	1	3	1658	2288	209	28	43.046913	ἀσφαλτόστρωση
5	1	140	5	1	4	1881	2290	42	20	93.291321	τοῦ
5	1	140	5	1	5	1937	2289	91	28	81.678009	δρόµου
5	1	140	5	1	6	2041	2290	62	27	93.300850	πρός
5	1	140	5	1	7	2116	2291	127	24	91.663864	ποκσιώνα,
4	1	140	5	2	0	1536	2319	709	34	-1	
5	1	140	5	2	1	1536	2319	39	25	82.322968	καί
5	1	140	5	2	2	1584	2323	13	28	92.627380	ἡ
5	1	140	5	2	3	1606	2324	136	27	67.227028	καπαισκευή
5	1	140	5	2	4	1749	2324	161	27	66.431442	µπιακαλώους
5	1	140	5	2	5	1921	2325	42	21	87.157089	στό
5	1	140	5	2	6	1975	2325	128	27	90.072632	Γεωργίται
5	1	140	5	2	7	2113	2326	29	21	94.593521	θὰ
5	1	140	5	2	8	2155	2326	90	27	89.208427	φέρουν.
4	1	140	5	3	0	1537	2359	580	29	-1	
5	1	140	5	3	1	1537	2359	179	27	48.312325	πιολυάρίθµους
5	1	140	5	3	2	1724	2359	124	29	96.407059	τουρίστες
5	1	140	5	3	3	1856	2360	40	21	95.379723	καί
5	1	140	5	3	4	1904	2360	46	27	93.263512	ζωή
5	1	140	5	3	5	1959	2360	44	27	91.843140	στή
5	1	140	5	3	6	2013	2361	104	27	90.494492	ζωήτου.
3	1	140	6	0	0	1535	2394	708	168	-1	
4	1	140	6	1	0	1565	2394	676	30	-1	
5	1	140	6	1	1	1565	2394	35	22	92.309738	Μέ
5	1	140	6	1	2	1615	2394	99	28	90.910095	ἐπιμονή
5	1	140	6	1	3	1724	2395	40	22	88.132141	καί
5	1	140	6	1	4	1780	2395	96	28	77.774658	θέληση,
5	1	140	6	1	5	1890	2395	51	22	92.830078	ὅλοι
5	1	140	6	1	6	1953	2396	63	28	91.878799	µαζί,
5	1	140	6	1	7	2030	2396	91	22	93.306870	ντόπιοι
5	1	140	6	1	8	2131	2396	40	22	92.974297	καί
5	1	140	6	1	9	2182	2397	59	22	89.791489	ἀπό-
4	1	140	6	2	0	1536	2430	704	30	-1	
5	1	140	6	2	1	1536	2430	76	27	86.579758	δηµοι,
5	1	140	6	2	2	1624	2430	30	21	91.692795	θὰ
5	1	140	6	2	3	1663	2431	155	27	76.123016	µπορέσουµε
5	1	140	6	2	4	1829	2431	29	21	73.315308	νὰ
5	1	140	6	2	5	1869	2431	102	28	8.537659	κάνουμε
5	1	140	6	2	6	1982	2432	28	21	93.301102	τό
5	1	140	6	2	7	2022	2432	78	27	92.401718	ὀρεινό
5	1	140	6	2	8	2114	2433	126	27	84.515190	Γεωργίτοι
4	1	140	6	3	0	1535	2465	708	29	-1	
5	1	140	6	3	1	1535	2471	46	20	88.058441	µας
5	1	140	6	3	2	1595	2465	132	27	15.853897	ὑπόδειμα
5	1	140	6	3	3	1737	2465	38	27	93.300270	γιὰ
5	1	140	6	3	4	1788	2465	43	27	92.052361	ὅλη
5	1	140	6	3	5	1843	2466	43	27	96.061531	τήν
5	1	140	6	3	6	1896	2466	112	24	93.246109	Ἑλλάδα,
5	1	140	6	3	7	2020	2467	80	27	90.340263	δηλ.Π
5	1	140	6	3	8	2111	2473	70	21	0.000000	αρα
5	1	140	6	3	9	2188	2474	55	20	0.000000	γω-
4	1	140	6	4	0	1537	2500	706	30	-1	
5	1	140	6	4	1	1537	2507	77	20	59.624359	γικο
5	1	140	6	4	2	1618	2496	10	38	78.225327	|
5	1	140	6	4	3	1651	2501	6	20	43.270985	!/
5	1	140	6	4	4	1675	2500	82	25	91.411201	ὁπότε,
5	1	140	6	4	5	1769	2501	29	20	93.256302	θὰ
5	1	140	6	4	6	1810	2500	101	28	45.737061	θρεθοῦν
5	1	140	6	4	7	1920	2501	89	21	89.189041	πιολλοί
5	1	140	6	4	8	2019	2502	48	22	96.063171	νέοι
5	1	140	6	4	9	2077	2502	38	27	96.063171	γιὰ
5	1	140	6	4	10	2129	2502	28	28	93.287712	τή
5	1	140	6	4	11	2170	2508	73	22	92.384613	συγκο
4	1	140	6	5	0	1535	2535	62	27	-1	
5	1	140	6	5	1	1535	2535	62	27	78.760284	μιδή.
2	1	141	0	0	0	1625	2593	376	7	-1	
3	1	141	1	0	0	1625	2593	376	7	-1	
4	1	141	1	1	0	1625	2593	376	7	-1	
5	1	141	1	1	1	1625	2593	376	7	95.000000	 
2	1	142	0	0	0	1536	2625	706	248	-1	
3	1	142	1	0	0	1536	2625	706	248	-1	
4	1	142	1	1	0	1711	2625	360	22	-1	
5	1	142	1	1	1	1711	2625	198	22	91.785843	ΤΟΥΡΙΣΤΙΚΟΝ
5	1	142	1	1	2	1925	2625	146	22	87.485832	ΓΡΑΦΕΙΟΝ
4	1	142	1	2	0	1771	2665	241	21	-1	
5	1	142	1	2	1	1771	2665	125	21	0.000000	ΦΙ4Α//05
5	1	142	1	2	2	1913	2666	99	20	0.000000	ΠΟΠ
4	1	142	1	3	0	1581	2699	620	31	-1	
5	1	142	1	3	1	1581	2699	181	28	78.896828	Ἐνοικιάζονται
5	1	142	1	3	2	1774	2701	123	28	92.137970	πολυπελῆ
5	1	142	1	3	3	1909	2702	111	28	60.742077	πιοὔλμαν
5	1	142	1	3	4	2031	2703	69	21	96.885361	40-50
5	1	142	1	3	5	2112	2703	89	22	66.112755	θέσεων.
4	1	142	1	4	0	1604	2737	580	28	-1	
5	1	142	1	4	1	1604	2737	176	27	86.119736	Διοργονώσεις
5	1	142	1	4	2	1790	2737	121	28	92.658203	ἐκδρομῶν
5	1	142	1	4	3	1920	2738	40	27	93.301575	γιὰ
5	1	142	1	4	4	1969	2738	45	27	92.173119	ὅλη
5	1	142	1	4	5	2022	2738	44	27	95.616844	τήν
5	1	142	1	4	6	2078	2738	106	23	92.975945	Ἑλλάδα
4	1	142	1	5	0	1630	2770	526	27	-1	
5	1	142	1	5	1	1630	2770	126	27	71.698509	Αὐποιίνητα
5	1	142	1	5	2	1769	2772	103	25	0.000000	πιολωπενή
5	1	142	1	5	3	1888	2772	53	21	0.000000	ΑΠ,
5	1	142	1	5	4	1953	2772	203	22	0.000000	αΟΝΤΙΤΠΙΟΝΕΡ
4	1	142	1	6	0	1647	2808	492	29	-1	
5	1	142	1	6	1	1647	2808	86	26	10.112610	Εἰδικές
5	1	142	1	6	2	1742	2808	114	27	45.299835	ἐκδρομές
5	1	142	1	6	3	1864	2808	40	28	93.298691	γιὰ
5	1	142	1	6	4	1912	2809	143	27	91.856514	Βαλκανικές
5	1	142	1	6	5	2063	2810	76	27	90.080078	χῶρες
4	1	142	1	7	0	1536	2843	706	30	-1	
5	1	142	1	7	1	1536	2843	162	28	41.138577	Πληροφορίες
5	1	142	1	7	2	1712	2843	170	28	32.945419	Κλεομθρότου
5	1	142	1	7	3	1891	2844	38	21	87.816849	2-4
5	1	142	1	7	4	1939	2857	28	2	73.598434	---
5	1	142	1	7	5	1976	2845	68	21	96.530602	ΤΗΛ.
5	1	142	1	7	6	2055	2845	79	21	93.271278	24.607
5	1	142	1	7	7	2143	2845	99	28	91.103073	Σπάρπη
2	1	143	0	0	0	1542	2899	261	7	-1	
3	1	143	1	0	0	1542	2899	261	7	-1	
4	1	143	1	1	0	1542	2899	261	7	-1	
5	1	143	1	1	1	1542	2899	261	7	95.000000	 
2	1	144	0	0	0	1804	2902	372	3	-1	
3	1	144	1	0	0	1804	2902	372	3	-1	
4	1	144	1	1	0	1804	2902	372	3	-1	
5	1	144	1	1	1	1804	2902	372	3	95.000000	 
2	1	145	0	0	0	1617	2931	551	173	-1	
3	1	145	1	0	0	1617	2931	551	173	-1	
4	1	145	1	1	0	1724	2931	334	22	-1	
5	1	145	1	1	1	1724	2931	141	21	22.985214	ΠΙΤΣΑΡΙΑΙ
5	1	145	1	1	2	1882	2931	176	22	0.000000	ΤουαοῦΤο8
4	1	145	1	2	0	1691	2968	399	22	-1	
5	1	145	1	2	1	1691	2968	174	21	71.211578	ΑΘΑΝΑΙΣΙΟΥ
5	1	145	1	2	2	1879	2968	45	22	93.115562	ΑΓ.
5	1	145	1	2	3	1940	2969	150	21	90.396103	ΜΠΟΛΑΝΗ
4	1	145	1	3	0	1617	3003	551	30	-1	
5	1	145	1	3	1	1617	3003	68	27	86.106094	Ὁδός
5	1	145	1	3	2	1694	3004	142	27	33.823738	Περικλέους
5	1	145	1	3	3	1847	3004	108	27	93.278793	Σταύρου
5	1	145	1	3	4	1970	3005	62	20	80.110062	|3---
5	1	145	1	3	5	2041	3004	25	22	80.827766	Ν.
5	1	145	1	3	6	2079	3005	89	28	95.640862	Ψυχικό
4	1	145	1	4	0	1759	3040	264	27	-1	
5	1	145	1	4	1	1759	3040	85	26	90.647575	Στάσις
5	1	145	1	4	2	1862	3040	161	27	76.306557	Γηροκομείου
4	1	145	1	5	0	1656	3074	471	30	-1	
5	1	145	1	5	1	1656	3074	35	22	67.183823	Θὰ
5	1	145	1	5	2	1708	3074	74	28	15.151428	δρῆτε
5	1	145	1	5	3	1800	3075	192	28	86.543869	Γεωργιποιάνικη
5	1	145	1	5	4	2009	3076	118	28	43.557491	θαλπωρή
