level	page_num	block_num	par_num	line_num	word_num	left	top	width	height	conf	text
1	1	0	0	0	0	0	0	2315	3071	-1	
2	1	1	0	0	0	78	101	326	334	-1	
3	1	1	1	0	0	78	101	326	334	-1	
4	1	1	1	1	0	82	101	322	68	-1	
5	1	1	1	1	1	82	101	322	68	16.422882	Λπιχπιβετιπτὴ
4	1	1	1	2	0	78	190	291	68	-1	
5	1	1	1	2	1	78	202	86	56	16.594101	βιθί
5	1	1	1	2	2	180	190	128	68	56.281258	ἡμιλία
5	1	1	1	2	3	324	192	45	57	85.638641	πὲ
4	1	1	1	3	0	78	278	244	70	-1	
5	1	1	1	3	1	78	278	73	59	18.665474	ἔνῃ
5	1	1	1	3	2	167	279	155	69	33.392090	ΙΕγήλυ
4	1	1	1	4	0	78	368	122	67	-1	
5	1	1	1	4	1	78	368	122	67	73.272812	νεκρή
2	1	2	0	0	0	74	510	710	559	-1	
3	1	2	1	0	0	74	510	708	203	-1	
4	1	2	1	1	0	80	510	702	25	-1	
5	1	2	1	1	1	80	510	120	22	91.442604	(Προηγεῖται
5	1	2	1	1	2	215	511	114	22	92.703644	εἰσαγωγικό
5	1	2	1	1	3	346	512	97	22	0.000000	σημείωμα
5	1	2	1	1	4	457	512	43	22	96.167374	περί
5	1	2	1	1	5	515	513	33	21	96.460152	τῆς
5	1	2	1	1	6	563	512	48	22	96.562431	ζωῆς
5	1	2	1	1	7	628	513	29	17	71.588020	καὶ
5	1	2	1	1	8	674	513	35	17	93.004578	τοῦ
5	1	2	1	1	9	725	512	57	23	93.004578	ἔργου
4	1	2	1	2	0	74	545	649	24	-1	
5	1	2	1	2	1	74	545	34	16	96.313171	τοῦ
5	1	2	1	2	2	123	545	92	22	96.495522	θανόντος
5	1	2	1	2	3	233	546	24	21	93.300179	εἰς
5	1	2	1	2	4	277	547	81	22	87.930046	᾿Αθήνας
5	1	2	1	2	5	376	548	84	16	95.581665	Λεωνίδα
5	1	2	1	2	6	477	548	47	17	93.302727	Κων.
5	1	2	1	2	7	543	548	180	21	91.422234	Θεοφιλοπούλου).
4	1	2	1	3	0	104	585	678	29	-1	
5	1	2	1	3	1	104	585	42	25	75.212555	Τήν
5	1	2	1	3	2	164	586	10	21	12.701347	2
5	1	2	1	3	3	177	585	37	27	12.701347	Την
5	1	2	1	3	4	228	586	110	26	2.111824	Αὐγούστου
5	1	2	1	3	5	353	587	33	22	38.329544	ἐ,ξ.
5	1	2	1	3	6	404	588	53	21	47.347626	1981
5	1	2	1	3	7	477	587	108	22	59.898361	ἁπεδίωσεν
5	1	2	1	3	8	600	588	29	24	93.196739	εἰς
5	1	2	1	3	9	644	588	88	26	84.851555	᾿Αθήνας
5	1	2	1	3	10	749	587	33	22	86.277527	καὶ
4	1	2	1	4	0	76	620	706	30	-1	
5	1	2	1	4	1	76	620	97	27	24.378059	ἐπηδεύθη
5	1	2	1	4	2	184	621	34	26	92.763924	τήν
5	1	2	1	4	3	234	621	93	27	35.421349	ἑπομένην
5	1	2	1	4	4	342	623	28	24	84.162613	εἰς
5	1	2	1	4	5	386	624	21	22	88.057816	τό
5	1	2	1	4	6	421	622	23	21	43.707649	Ι’
5	1	2	1	4	7	460	623	149	27	67.424393	Νεκροταφεῖον
5	1	2	1	4	8	625	623	97	27	0.000000	᾿Αθηρῶν,
5	1	2	1	4	9	738	623	44	21	96.367447	ὅπου
4	1	2	1	5	0	76	656	706	29	-1	
5	1	2	1	5	1	76	656	78	27	59.059868	γένετο
5	1	2	1	5	2	173	657	12	26	79.258575	ἡ
5	1	2	1	5	3	201	658	51	26	95.549049	ταφή
5	1	2	1	5	4	268	665	32	14	81.305527	του
5	1	2	1	5	5	319	658	29	24	93.297783	εἰς
5	1	2	1	5	6	367	658	145	27	27.316910	οἰκογενειακόν
5	1	2	1	5	7	532	658	58	27	70.123672	τᾶφον
5	1	2	1	5	8	607	660	8	21	91.466415	ὁ
5	1	2	1	5	9	634	658	148	21	51.185951	ΛΕΩΝΙΔΑΣ
4	1	2	1	6	0	79	691	347	22	-1	
5	1	2	1	6	1	79	691	71	22	74.976807	ΚΩΝ,
5	1	2	1	6	2	163	692	263	21	61.495937	ΘΕΟΦΙΛΟΠΟΥΛΟΣ.
3	1	2	2	0	0	76	725	708	344	-1	
4	1	2	2	1	0	109	725	674	27	-1	
5	1	2	2	1	1	109	725	23	19	18.518791	“Ο
5	1	2	2	1	2	150	725	86	21	51.000366	ἐπλιπών
5	1	2	2	1	3	386	726	186	26	38.554382	Γιοχάνεσμπουργκ
5	1	2	2	1	4	590	726	73	20	70.525558	Νοτίου
5	1	2	2	1	5	684	727	99	25	24.211586	᾿Αἱφρικῆς
4	1	2	2	2	0	77	757	705	30	-1	
5	1	2	2	2	1	77	757	34	27	23.647858	πο
5	1	2	2	2	2	129	759	49	21	96.408539	πολύ
5	1	2	2	2	3	194	759	88	26	93.271416	γνωστός
5	1	2	2	2	4	298	759	72	26	24.360451	μεπαξύ
5	1	2	2	2	5	386	761	37	20	92.721313	τῶν
5	1	2	2	2	6	441	761	97	26	82.253166	ὁμογονῶν
5	1	2	2	2	7	555	761	63	25	96.463623	αὐτῆς
5	1	2	2	2	8	636	760	33	21	72.922134	καί
5	1	2	2	2	9	684	760	32	21	89.449165	διὰ
5	1	2	2	2	10	749	761	33	25	89.449165	τήν
4	1	2	2	3	0	76	794	705	28	-1	
5	1	2	2	3	1	76	794	115	26	65.785416	ποινωνικήν
5	1	2	2	3	2	210	802	32	14	96.340996	του
5	1	2	2	3	3	260	794	158	28	93.272064	δραστηριότητα
5	1	2	2	3	4	436	795	144	27	67.127739	ἀπχολούμενος
5	1	2	2	3	5	600	795	22	27	73.871368	µέ
5	1	2	2	3	6	639	796	76	26	60.304710	μεγάλο
5	1	2	2	3	7	734	797	47	25	13.889130	ἵῆλο
4	1	2	2	4	0	76	828	595	30	-1	
5	1	2	2	4	1	76	828	33	22	94.352547	διὰ
5	1	2	2	4	2	124	829	25	22	93.296844	τὰ
5	1	2	2	4	3	165	829	62	28	81.504395	χοινὰ,
5	1	2	2	4	4	242	829	34	22	93.293915	πού
5	1	2	2	4	5	292	830	106	27	92.313019	ἀφοροῦσαν
5	1	2	2	4	6	417	830	44	25	93.289513	τούς
5	1	2	2	4	7	479	832	108	25	91.797516	ὁμογενεῖς.
5	1	2	2	4	8	604	831	67	27	50.497314	Χάρις
4	1	2	2	5	0	76	864	706	29	-1	
5	1	2	2	5	1	76	864	51	27	28.872337	γάλο
5	1	2	2	5	2	145	873	31	14	72.835793	του
5	1	2	2	5	3	197	865	111	27	77.172401	ἐνδιαφέρον
5	1	2	2	5	4	327	866	120	26	48.797592	ἐχρημάπισε
5	1	2	2	5	5	468	866	103	26	59.507481	᾿Επίτιμος
5	1	2	2	5	6	589	866	82	25	37.187504	Πεικός
5	1	2	2	5	7	691	867	91	26	50.384277	Γραµµα-
4	1	2	2	6	0	77	899	706	30	-1	
5	1	2	2	6	1	77	899	43	25	33.130333	τούς
5	1	2	2	6	2	141	902	35	24	96.712753	τῆς
5	1	2	2	6	3	196	901	126	26	51.204052	Ἑλληνικῆς
5	1	2	2	6	4	338	901	124	26	0.000000	Κπινότητος
5	1	2	2	6	5	477	902	194	27	55.633820	Γιοχάνεσμπουργκ,
5	1	2	2	6	6	691	902	92	21	80.889183	ἐπίλεκτο
4	1	2	2	7	0	76	935	707	29	-1	
5	1	2	2	7	1	76	935	95	27	32.787750	στέλεχος
5	1	2	2	7	2	186	938	31	20	93.164482	τοῦ
5	1	2	2	7	3	232	936	120	26	6.735489	Ελληνικοῦ
5	1	2	2	7	4	366	937	126	26	32.459763	᾽Αλλητυκοῦ
5	1	2	2	7	5	507	936	111	28	0.000000	Σμλλόγο,
5	1	2	2	7	6	632	938	151	26	54.408108	᾿Αντιπρόεδρος
4	1	2	2	8	0	78	971	706	29	-1	
5	1	2	2	8	1	78	972	36	24	93.260704	τῆς
5	1	2	2	8	2	130	971	166	26	11.738701	Ἠκχπαιδευτικῆς
5	1	2	2	8	3	310	971	104	28	69.745224	Ἑταιρίας
5	1	2	2	8	4	431	972	31	21	96.898994	διὰ
5	1	2	2	8	5	476	972	22	22	83.204758	τό
5	1	2	2	8	6	510	972	77	28	74.613129	χτίσιμο
5	1	2	2	8	7	603	974	36	25	95.441177	τῆς
5	1	2	2	8	8	656	973	82	27	40.790108	Σχολής
5	1	2	2	8	9	752	975	32	19	96.469177	τοῦ
4	1	2	2	9	0	76	1005	708	31	-1	
5	1	2	2	9	1	76	1005	79	29	76.383011	Ἰένους,
5	1	2	2	9	2	175	1006	107	28	27.325829	Πιράθῥρος
5	1	2	2	9	3	298	1009	31	20	93.223221	τοῦ
5	1	2	2	9	4	346	1007	111	27	29.270889	Σωμδέσμου
5	1	2	2	9	5	476	1007	170	27	34.570702	ΠΠελοποννησίων
5	1	2	2	9	6	662	1008	33	22	84.263702	καί
5	1	2	2	9	7	715	1001	17	39	22.442253	ΤΠ
5	1	2	2	9	8	743	1008	41	28	84.668488	ρόε-
4	1	2	2	10	0	77	1042	346	27	-1	
5	1	2	2	10	1	77	1043	46	26	89.925522	δρος
5	1	2	2	10	2	143	1044	36	24	93.295052	τῆς
5	1	2	2	10	3	197	1042	103	25	82.348183	Ἑνώσεως
5	1	2	2	10	4	319	1043	104	26	20.951492	"Ελλήνων
2	1	3	0	0	0	257	725	94	23	-1	
3	1	3	1	0	0	257	725	94	23	-1	
4	1	3	1	1	0	257	725	94	23	-1	
5	1	3	1	1	1	257	725	94	23	23.247841	κάτουκος
2	1	4	0	0	0	686	831	95	26	-1	
3	1	4	1	0	0	686	831	95	26	-1	
4	1	4	1	1	0	686	831	95	26	-1	
5	1	4	1	1	1	686	831	34	22	79.163147	στὀ
5	1	4	1	1	2	750	840	31	17	79.163147	µε-
2	1	5	0	0	0	76	1043	708	623	-1	
3	1	5	1	0	0	77	1043	707	98	-1	
4	1	5	1	1	0	445	1043	339	28	-1	
5	1	5	1	1	1	445	1043	147	27	86.867737	Ἐπιστημόνων
5	1	5	1	1	2	611	1043	30	22	96.906342	ἐπί
5	1	5	1	1	3	661	1043	123	28	0.000000	πενταετία,
4	1	5	1	2	0	77	1077	707	29	-1	
5	1	5	1	2	1	77	1077	34	22	95.506874	πού
5	1	5	1	2	2	138	1077	21	22	70.177559	σὲ
5	1	5	1	2	3	175	1077	124	28	89.711525	ἀναγνώριδη
5	1	5	1	2	4	315	1080	37	20	93.298141	τῶν
5	1	5	1	2	5	366	1078	108	27	79.842873	πολιτίµων
5	1	5	1	2	6	491	1079	111	27	91.417625	ὑπηρεσιῶν
5	1	5	1	2	7	617	1088	31	13	95.193619	του
5	1	5	1	2	8	664	1079	30	25	92.418823	τόν
5	1	5	1	2	9	713	1080	71	25	66.779381	ἀνακή-
4	1	5	1	3	0	77	1112	707	29	-1	
5	1	5	1	3	1	77	1114	61	26	86.739212	ρυξαν
5	1	5	1	3	2	152	1113	80	22	38.019829	᾿σάδιον
5	1	5	1	3	3	246	1113	99	27	40.636627	πίτιμον
5	1	5	1	3	4	360	1113	101	28	4.422043	Πρόθδρον
5	1	5	1	3	5	477	1116	36	24	93.292358	τῆς
5	1	5	1	3	6	527	1112	104	27	13.491966	'Ἐνώσεως
5	1	5	1	3	7	646	1115	43	25	92.724785	στίς
5	1	5	1	3	8	704	1115	80	22	40.601456	6-2-76.
3	1	5	2	0	0	76	1149	708	170	-1	
4	1	5	2	1	0	109	1149	674	29	-1	
5	1	5	2	1	1	109	1149	138	27	38.754593	Ἡιρισσάτερο
5	1	5	2	1	2	263	1149	53	27	91.662094	ὅμως
5	1	5	2	1	3	334	1149	87	27	31.147560	Ἰωωστός
5	1	5	2	1	4	441	1149	35	27	83.994331	ἦτο
5	1	5	2	1	5	493	1150	32	21	96.456360	διά
5	1	5	2	1	6	543	1151	35	25	93.226036	τήν
5	1	5	2	1	7	598	1151	137	27	88.772141	συγγραφικήν
5	1	5	2	1	8	753	1159	30	14	96.802261	του
4	1	5	2	2	0	77	1180	706	47	-1	
5	1	5	2	2	1	77	1180	163	36	94.335625	δραστηριότητα.
5	1	5	2	2	2	258	1185	122	42	0.000000	πουη
5	1	5	2	2	3	397	1186	94	21	90.048447	ἐνπατικὰ
5	1	5	2	2	4	509	1187	33	21	85.172432	καὶ
5	1	5	2	2	5	558	1185	30	22	93.304306	ἐπί
5	1	5	2	2	6	605	1186	178	25	34.761742	εὐκοσιπενπαετίαν
4	1	5	2	3	0	587	1221	196	28	-1	
5	1	5	2	3	1	587	1221	110	28	86.381744	Ἑλλάδος,
5	1	5	2	3	2	712	1221	22	27	86.697884	µέ
5	1	5	2	3	3	749	1222	34	26	95.898041	τήν
4	1	5	2	4	0	76	1245	708	42	-1	
5	1	5	2	4	1	76	1255	132	28	50.476311	καλλιέργεια
5	1	5	2	4	2	227	1257	37	22	89.913040	τῶν
5	1	5	2	4	3	283	1257	127	25	41.561684	Ἑλληνικῶν
5	1	5	2	4	4	426	1245	120	42	25.162338	γραμμάτων
5	1	5	2	4	5	561	1256	75	27	55.397507	χαίρων
5	1	5	2	4	6	653	1257	64	27	45.139114	ἂχκρας
5	1	5	2	4	7	733	1258	51	20	76.065750	ἐκτι-
4	1	5	2	5	0	79	1291	301	28	-1	
5	1	5	2	5	1	79	1291	77	26	55.161438	µήσεως
5	1	5	2	5	2	169	1291	34	21	93.994583	ὑπό
5	1	5	2	5	3	224	1293	38	20	93.269028	τῶν
5	1	5	2	5	4	275	1292	105	27	73.574638	ὁμογενῶν.
3	1	5	3	0	0	77	1326	707	170	-1	
4	1	5	3	1	0	107	1326	676	29	-1	
5	1	5	3	1	1	107	1326	91	27	58.108727	Ὑπηρξε
5	1	5	3	1	2	221	1328	8	20	93.177536	ὁ
5	1	5	3	1	3	252	1327	66	26	0.000000	κύριος
5	1	5	3	1	4	339	1327	141	27	85.502075	ἀρθρογράφος
5	1	5	3	1	5	501	1327	117	27	91.278687	ἐφημερίδος
5	1	5	3	1	6	639	1330	31	19	93.266464	τοῦ
5	1	5	3	1	7	690	1328	93	27	85.236862	Γιοχάνσ-
4	1	5	3	2	0	338	1362	446	27	-1	
5	1	5	3	2	1	338	1362	123	27	92.098488	ἐδημοσίευσε
5	1	5	3	2	2	477	1362	21	22	73.711967	σέ
5	1	5	3	2	3	516	1362	46	25	69.818863	ὅλες
5	1	5	3	2	4	580	1362	31	25	93.262512	τίς
5	1	5	3	2	5	627	1362	109	27	36.415817	ἑλλημικές
5	1	5	3	2	6	767	1364	17	20	87.481949	ἐ-
4	1	5	3	3	0	78	1397	705	28	-1	
5	1	5	3	3	1	78	1397	104	27	68.129440	φημερίδες
5	1	5	3	3	2	200	1399	37	24	95.648315	τῆς
5	1	5	3	3	3	254	1397	72	22	51.863838	Νοτίου
5	1	5	3	3	4	347	1398	99	27	78.760597	᾿Αφρικῆς
5	1	5	3	3	5	467	1399	120	26	0.000000	διηγήματα,
5	1	5	3	3	6	604	1399	179	26	35.917046	χρονογραφήµ.απα
4	1	5	3	4	0	77	1432	705	28	-1	
5	1	5	3	4	1	77	1432	33	22	83.958298	καὶ
5	1	5	3	4	2	127	1433	72	27	59.712280	ἂρβρα.
5	1	5	3	4	3	221	1433	79	21	76.904510	Πολλὰ
5	1	5	3	4	4	320	1433	37	21	96.515816	ἀπό
5	1	5	3	4	5	373	1433	23	23	92.903305	τὰ
5	1	5	3	4	6	416	1433	114	27	59.211239	διηγήµατὰ
5	1	5	3	4	7	550	1441	32	14	74.606842	του
5	1	5	3	4	8	616	1434	166	26	13.065559	ἐδημοσιεύθησαν
4	1	5	3	5	0	78	1468	548	28	-1	
5	1	5	3	5	1	78	1468	29	24	96.838585	εἰς
5	1	5	3	5	2	120	1470	21	21	92.612869	τό
5	1	5	3	5	3	154	1468	108	27	14.277260	περιοδωκόν
5	1	5	3	5	4	278	1469	69	22	68.152946	«ΝΑ.
5	1	5	3	5	5	360	1469	97	21	0.000000	ἘΣΤΙΑ»
5	1	5	3	5	6	472	1471	37	20	93.273567	τῶν
5	1	5	3	5	7	525	1470	101	26	21.546913	᾿ΑΦηνῶν.
3	1	5	4	0	0	78	1504	706	162	-1	
4	1	5	4	1	0	106	1504	240	28	-1	
5	1	5	4	1	1	106	1504	37	22	61.928181	Ἐκ.
5	1	5	4	1	2	160	1504	132	28	91.960175	παραλλήλου
5	1	5	4	1	3	325	1505	21	20	39.724892	ἐπ
4	1	5	4	2	0	78	1539	706	28	-1	
5	1	5	4	2	1	78	1539	45	21	72.833519	Αλία
5	1	5	4	2	2	141	1539	22	26	84.626190	µέ
5	1	5	4	2	3	183	1540	114	25	77.126732	δυηγήµατα
5	1	5	4	2	4	316	1541	33	21	75.577820	καί
5	1	5	4	2	5	368	1541	162	25	3.732208	μυδιστορήµατα
5	1	5	4	2	6	549	1541	29	23	87.024513	οἷς
5	1	5	4	2	7	599	1541	185	26	0.000000	Γιοχὰνεσμπουργχ.
4	1	5	4	3	0	78	1573	642	28	-1	
5	1	5	4	3	1	78	1573	32	22	81.038406	καὶ
5	1	5	4	3	2	126	1574	102	26	0.000000	᾿Αδήνας:
5	1	5	4	3	3	246	1574	24	21	75.300797	'Ὁ
5	1	5	4	3	4	287	1574	85	24	77.339531	θάνατος
5	1	5	4	3	5	389	1576	31	20	93.275848	τοῦ
5	1	5	4	3	6	437	1575	126	26	63.000153	Λιονταριοῦ,
5	1	5	4	3	7	581	1575	11	25	80.965614	ἡ
5	1	5	4	3	8	611	1574	109	27	80.965614	᾿Απολογία
4	1	5	4	4	0	80	1608	433	28	-1	
5	1	5	4	4	1	80	1608	57	25	45.049553	Πάτ,
5	1	5	4	4	2	151	1608	50	28	87.057785	λίγα
5	1	5	4	4	3	216	1609	37	22	87.502831	ἀπό
5	1	5	4	4	4	268	1611	26	19	87.111176	δῶ
5	1	5	4	4	5	309	1609	33	22	67.842514	καί
5	1	5	4	4	6	357	1609	48	27	93.759979	λίγα
5	1	5	4	4	7	423	1609	36	22	93.286446	ἀπό
5	1	5	4	4	8	475	1611	38	25	89.285049	κεῖ,
4	1	5	4	5	0	168	1645	62	21	-1	
5	1	5	4	5	1	168	1645	62	21	0.000000	κμλαπ.
2	1	6	0	0	0	107	1680	676	28	-1	
3	1	6	1	0	0	107	1680	676	28	-1	
4	1	6	1	1	0	107	1680	676	28	-1	
5	1	6	1	1	1	107	1680	24	22	89.674004	Οἱ
5	1	6	1	1	2	148	1680	100	25	92.618019	ὑποθέσεις
5	1	6	1	1	3	263	1680	51	22	93.056747	ὅλων
5	1	6	1	1	4	332	1689	31	14	96.959213	του
5	1	6	1	1	5	379	1682	37	21	93.277893	τῶν
5	1	6	1	1	6	434	1681	63	27	93.019043	ἔργων
5	1	6	1	1	7	515	1680	47	27	93.290794	ἦσαν
5	1	6	1	1	8	580	1680	98	28	80.880913	παρµένες
5	1	6	1	1	9	694	1681	37	21	90.106339	ἀπό
5	1	6	1	1	10	760	1682	23	25	92.730301	τή
2	1	7	0	0	0	546	1221	46	23	-1	
3	1	7	1	0	0	546	1221	46	23	-1	
4	1	7	1	1	0	546	1221	46	23	-1	
5	1	7	1	1	1	546	1221	46	23	95.000000	 
2	1	8	0	0	0	78	1219	453	29	-1	
3	1	8	1	0	0	78	1219	453	29	-1	
4	1	8	1	1	0	78	1219	453	29	-1	
5	1	8	1	1	1	78	1219	36	22	51.973450	ἀπά
5	1	8	1	1	2	130	1220	44	24	93.305351	τούς
5	1	8	1	1	3	190	1220	56	25	92.902756	ἔτους
5	1	8	1	1	4	264	1220	86	28	76.869659	1958,
5	1	8	1	1	5	342	1229	32	13	97.002785	ὅτε
5	1	8	1	1	6	389	1220	142	27	42.758961	μετανάστευσε
2	1	9	0	0	0	77	1361	242	28	-1	
3	1	9	1	0	0	77	1361	242	28	-1	
4	1	9	1	1	0	77	1361	242	28	-1	
5	1	9	1	1	1	77	1370	89	19	31.182083	μπουργκ.
5	1	9	1	1	2	183	1361	33	22	79.196823	καί
5	1	9	1	1	3	234	1363	85	26	0.000000	γενιιῶς
2	1	10	0	0	0	687	1505	96	26	-1	
3	1	10	1	0	0	687	1505	96	26	-1	
4	1	10	1	1	0	687	1505	96	26	-1	
5	1	10	1	1	1	687	1505	52	26	92.036041	ἑξῆς
5	1	10	1	1	2	757	1507	26	19	57.520222	δι-
2	1	11	0	0	0	78	1504	705	168	-1	
3	1	11	1	0	0	78	1504	705	168	-1	
4	1	11	1	1	0	349	1504	320	28	-1	
5	1	11	1	1	1	349	1504	62	22	92.831306	ύπωσε
5	1	11	1	1	2	430	1504	32	22	23.708916	καί
5	1	11	1	1	3	481	1504	146	28	54.231247	ἐκυκλοφόρησε
5	1	11	1	1	4	645	1505	24	23	97.013947	τὰ
4	1	11	1	2	0	752	1577	31	19	-1	
5	1	11	1	2	1	752	1577	31	19	95.741714	τοῦ
4	1	11	1	3	0	531	1609	252	28	-1	
5	1	11	1	3	1	531	1609	21	22	70.408981	τό
5	1	11	1	3	2	565	1610	139	27	82.221878	Χρυσωρυχεῖο
5	1	11	1	3	3	721	1611	62	25	55.191990	πληµ-
4	1	11	1	4	0	78	1644	73	28	-1	
5	1	11	1	4	1	78	1644	73	28	0.000000	μαρίζο,
2	1	12	0	0	0	77	1716	708	495	-1	
3	1	12	1	0	0	77	1716	706	170	-1	
4	1	12	1	1	0	77	1716	706	28	-1	
5	1	12	1	1	1	77	1716	42	26	96.163200	ζωή
5	1	12	1	1	2	136	1725	38	13	96.163200	του.
5	1	12	1	1	3	191	1716	57	22	78.691345	Κάθε
5	1	12	1	1	4	263	1725	17	13	96.898773	τι
5	1	12	1	1	5	296	1717	34	21	93.288490	πού
5	1	12	1	1	6	345	1716	93	22	89.896301	ὑπέπιπτε
5	1	12	1	1	7	455	1717	47	26	93.164314	στήν
5	1	12	1	1	8	522	1716	99	28	88.715782	ἀντίληψή
5	1	12	1	1	9	639	1725	44	16	96.728134	τους
5	1	12	1	1	10	699	1717	22	21	71.899994	τὸ
5	1	12	1	1	11	739	1718	44	20	62.971966	ἀπο-
4	1	12	1	2	0	78	1751	705	29	-1	
5	1	12	1	2	1	78	1751	73	22	92.785042	τύπωνε
5	1	12	1	2	2	166	1752	33	21	84.811920	στό
5	1	12	1	2	3	215	1752	59	27	96.018188	χαρτί
5	1	12	1	2	4	291	1752	20	21	96.281326	σέ
5	1	12	1	2	5	327	1752	93	26	0.000000	διήγημα,
5	1	12	1	2	6	439	1752	85	25	93.222031	Πολλές
5	1	12	1	2	7	542	1752	105	25	41.163704	ὑποβόσεις
5	1	12	1	2	8	666	1754	38	22	93.184868	τῶν
5	1	12	1	2	9	720	1753	63	27	93.128059	ἔργων
4	1	12	1	3	0	78	1787	705	28	-1	
5	1	12	1	3	1	78	1795	33	13	91.111679	του
5	1	12	1	3	2	126	1787	48	23	91.666359	εἶναι
5	1	12	1	3	3	191	1787	97	28	3.105637	παρµέμες
5	1	12	1	3	4	309	1789	35	22	92.064003	ἀπό
5	1	12	1	3	5	364	1787	20	23	83.020859	τό
5	1	12	1	3	6	401	1788	136	27	59.652637	οἰκογενειακό
5	1	12	1	3	7	556	1788	33	21	60.015652	καί
5	1	12	1	3	8	609	1788	104	27	0.000000	συγηενικό
5	1	12	1	3	9	731	1797	52	18	93.135262	περι-
4	1	12	1	4	0	78	1823	137	27	-1	
5	1	12	1	4	1	78	1823	81	27	16.840714	60ο
5	1	12	1	4	2	178	1823	37	22	37.017860	από
4	1	12	1	5	0	78	1858	343	28	-1	
5	1	12	1	5	1	78	1860	36	25	83.879471	σθή
5	1	12	1	5	2	127	1858	33	23	89.039185	καί
5	1	12	1	5	3	172	1859	29	24	93.305313	εἰς
5	1	12	1	5	4	214	1859	92	27	46.035938	ἀξιάλογο
5	1	12	1	5	5	320	1859	101	27	62.742626	διογρὰφο.
3	1	12	2	0	0	78	1894	706	164	-1	
4	1	12	2	1	0	107	1894	677	28	-1	
5	1	12	2	1	1	107	1894	25	21	84.221237	Ὁ
5	1	12	2	1	2	152	1894	137	28	92.629807	Πατριάρχης
5	1	12	2	1	3	311	1894	156	28	39.787498	᾽Αλεξανδρείας
5	1	12	2	1	4	488	1894	34	22	72.902306	καὶ
5	1	12	2	1	5	542	1894	64	27	79.863480	πὰσης
5	1	12	2	1	6	625	1895	99	27	54.045067	᾿Αφϕρικῆς
5	1	12	2	1	7	744	1896	40	20	90.811089	ΝΙ-
4	1	12	2	2	0	78	1930	693	28	-1	
5	1	12	2	2	1	78	1930	118	21	88.254990	ΚΟΛΙΑΟΣ
5	1	12	2	2	2	212	1930	37	21	83.130951	Στ΄
5	1	12	2	2	3	266	1930	31	21	96.960411	διὰ
5	1	12	2	2	4	314	1930	21	23	67.433395	τό
5	1	12	2	2	5	349	1930	131	27	0.000000	λογοτεχνικό
5	1	12	2	2	6	493	1939	33	14	93.280319	του
5	1	12	2	2	7	542	1931	47	27	92.157501	ἔργο
5	1	12	2	2	8	605	1930	33	22	60.886387	καί
5	1	12	2	2	9	653	1931	36	24	95.324120	τάς
5	1	12	2	2	10	735	1930	36	28	82.383575	πρό
4	1	12	2	3	0	78	1965	695	29	-1	
5	1	12	2	3	1	78	1966	36	25	41.794373	τή
5	1	12	2	3	2	129	1965	108	27	49.469162	ὀχικλησίαν
5	1	12	2	3	3	256	1965	33	22	67.706558	καὶ
5	1	12	2	3	4	305	1965	22	22	82.359299	τὸ
5	1	12	2	3	5	344	1966	56	24	92.155197	ἔθνος
5	1	12	2	3	6	419	1965	107	29	91.938644	ὑπηρεσίας
5	1	12	2	3	7	643	1966	89	27	91.146507	ἐτίμησεν
5	1	12	2	3	8	762	1975	11	18	61.249813	μι
4	1	12	2	4	0	78	2001	706	28	-1	
5	1	12	2	4	1	78	2002	31	22	89.835320	τόν
5	1	12	2	4	2	128	2001	68	26	0.000000	Τίμικν
5	1	12	2	4	3	213	2001	87	27	53.241390	Σταυρόν
5	1	12	2	4	4	320	2003	32	21	93.275436	τοῦ
5	1	12	2	4	5	369	2001	121	22	36.359627	᾿Αποστάλου
5	1	12	2	4	6	507	2001	33	22	65.313805	καί
5	1	12	2	4	7	559	2002	148	27	0.000000	Ἐὐαγηελιστοῦ
5	1	12	2	4	8	726	2002	58	27	25.800232	Μὰρ-
4	1	12	2	5	0	79	2031	674	27	-1	
5	1	12	2	5	1	79	2045	34	13	87.800720	κου
5	1	12	2	5	2	129	2037	26	21	95.332993	Β΄
5	1	12	2	5	3	750	2031	3	4	15.637329	'
3	1	12	3	0	0	78	2077	707	99	-1	
4	1	12	3	1	0	108	2077	676	28	-1	
5	1	12	3	1	1	108	2078	37	21	12.996902	Ἐν.
5	1	12	3	1	2	159	2078	132	26	91.331993	παραλλήλου
5	1	12	3	1	3	307	2077	65	27	12.754913	ἵδρυσε
5	1	12	3	1	4	391	2078	81	27	85.819679	τεχνική
5	1	12	3	1	5	488	2077	77	28	92.679527	ἑταιρία
5	1	12	3	1	6	584	2078	49	26	85.922058	μετὰ
5	1	12	3	1	7	650	2080	32	20	93.015282	τοῦ
5	1	12	3	1	8	701	2079	83	25	91.684761	ἀδελφοῦ
4	1	12	3	2	0	78	2113	707	28	-1	
5	1	12	3	2	1	78	2120	31	14	93.453568	του
5	1	12	3	2	2	126	2113	91	27	17.257118	Χρήστου
5	1	12	3	2	3	234	2113	159	23	85.373734	Θεοφιλοπούλου
5	1	12	3	2	4	413	2113	33	21	45.815735	καί
5	1	12	3	2	5	464	2114	107	27	90.296288	ἠσχολήδη
5	1	12	3	2	6	591	2113	23	27	88.350433	µέ
5	1	12	3	2	7	634	2114	34	26	93.212784	τήν
5	1	12	3	2	8	688	2113	97	26	91.039696	ἐκτέλεση
4	1	12	3	3	0	79	2148	592	28	-1	
5	1	12	3	3	1	79	2148	92	27	0.000000	μιγγάλων
5	1	12	3	3	2	185	2148	102	26	86.449615	Δημοσίων
5	1	12	3	3	3	300	2150	95	26	61.017628	τειχνυκῶν
5	1	12	3	3	4	408	2149	64	27	91.283081	ἔργων
5	1	12	3	3	5	486	2149	29	24	88.279488	εἰς
5	1	12	3	3	6	527	2149	27	24	81.576157	Ν.
5	1	12	3	3	7	567	2149	104	27	23.303230	᾿Αιφρωκήν.
3	1	12	4	0	0	107	2184	677	27	-1	
4	1	12	4	1	0	107	2184	677	27	-1	
5	1	12	4	1	1	107	2184	115	27	71.207321	Ἐλεννήδη
5	1	12	4	1	2	238	2185	30	23	96.521782	εἰς
5	1	12	4	1	3	286	2184	22	22	93.284294	τό
5	1	12	4	1	4	323	2184	121	27	39.296051	Ἱαστόρειον
5	1	12	4	1	5	464	2184	96	27	82.770081	Σπάρτης
5	1	12	4	1	6	576	2184	118	27	81.440933	Λακωνίας,
5	1	12	4	1	7	710	2184	74	21	92.481590	ἐτελεί-
2	1	13	0	0	0	234	1823	549	28	-1	
3	1	13	1	0	0	234	1823	549	28	-1	
4	1	13	1	1	0	234	1823	549	28	-1	
5	1	13	1	1	1	234	1824	25	21	93.045387	τά
5	1	13	1	1	2	276	1825	55	20	91.758888	ὁποῖα
5	1	13	1	1	3	348	1824	61	21	90.652657	ἔλαδε
5	1	13	1	1	4	429	1824	25	21	93.294495	τὰ
5	1	13	1	1	5	474	1823	122	28	46.763222	ἐρεδίσματα
5	1	13	1	1	6	617	1824	31	21	94.179413	διὰ
5	1	13	1	1	7	665	1823	24	22	93.224411	νὰ
5	1	13	1	1	8	710	1825	73	20	82.927422	ἀναδει-
2	1	14	0	0	0	774	1939	10	48	-1	
3	1	14	1	0	0	774	1939	10	48	-1	
4	1	14	1	1	0	774	1939	10	48	-1	
5	1	14	1	1	1	776	1966	8	21	93.123535	Ὡς
5	1	14	1	1	2	774	1939	9	16	21.066704	ὧν
2	1	15	0	0	0	543	1966	80	24	-1	
3	1	15	1	0	0	543	1966	80	24	-1	
4	1	15	1	1	0	543	1966	80	24	-1	
5	1	15	1	1	1	543	1974	31	14	93.627129	του
5	1	15	1	1	2	593	1966	30	24	93.627129	τόν
2	1	16	0	0	0	262	2122	32	18	-1	
3	1	16	1	0	0	262	2122	32	18	-1	
4	1	16	1	1	0	262	2122	32	18	-1	
5	1	16	1	1	1	262	2122	32	18	95.000000	  
2	1	17	0	0	0	77	2219	708	631	-1	
3	1	17	1	0	0	77	2219	708	203	-1	
4	1	17	1	1	0	77	2219	706	28	-1	
5	1	17	1	1	1	77	2227	38	14	92.325241	ωσε
5	1	17	1	1	2	133	2219	22	22	85.886139	τὸ
5	1	17	1	1	3	169	2219	94	26	17.764206	Γυμμᾶσιο
5	1	17	1	1	4	283	2220	96	27	46.727467	Ἑπάρτης
5	1	17	1	1	5	398	2219	33	22	66.077560	καί
5	1	17	1	1	6	449	2220	119	24	89.485107	ἀκολούδως
5	1	17	1	1	7	588	2220	100	27	71.591873	ἐνεηράφη
5	1	17	1	1	8	703	2219	80	22	74.064194	κατόπιν
4	1	17	1	2	0	78	2255	706	27	-1	
5	1	17	1	2	1	78	2256	100	26	90.762054	αὐστηρῶν
5	1	17	1	2	2	196	2255	112	24	88.255859	ἐξετάσεων
5	1	17	1	2	3	329	2256	46	25	87.575294	στήν
5	1	17	1	2	4	394	2255	116	26	82.245178	᾿Ανωτάτην
5	1	17	1	2	5	531	2255	81	27	0.000000	Σχχολήν
5	1	17	1	2	6	648	2255	136	26	19.853134	Οἰκονομικῶν
4	1	17	1	3	0	78	2290	707	28	-1	
5	1	17	1	3	1	78	2290	32	21	76.987335	καί
5	1	17	1	3	2	125	2290	123	28	32.033623	Εμπορυκῶν
5	1	17	1	3	3	265	2291	125	26	38.527145	᾿Ἠπιστημῶν
5	1	17	1	3	4	405	2291	102	27	20.562523	᾿ΑΦηνῶν,
5	1	17	1	3	5	524	2291	31	21	12.476334	ἀπ
5	1	17	1	3	6	572	2291	44	21	93.296829	ὅπου
5	1	17	1	3	7	631	2290	117	28	91.987480	ἀπεφοίτησε
5	1	17	1	3	8	764	2290	21	23	80.468117	τὸ
4	1	17	1	4	0	78	2326	707	28	-1	
5	1	17	1	4	1	78	2326	44	25	92.778488	ἔτος
5	1	17	1	4	2	140	2326	55	22	76.540031	1991
5	1	17	1	4	3	212	2326	33	22	76.759079	καὶ
5	1	17	1	4	4	260	2327	19	24	93.237854	ἐν
5	1	17	1	4	5	296	2326	78	28	28.405991	συεχεία
5	1	17	1	4	6	389	2326	96	27	47.671932	ἠργάσθη
5	1	17	1	4	7	500	2327	29	24	89.391693	εἰς
5	1	17	1	4	8	544	2326	35	27	93.257355	τήν
5	1	17	1	4	9	597	2326	138	27	26.010208	τηλεφωνικήν
5	1	17	1	4	10	753	2327	32	20	5.157700	Ἑ-
4	1	17	1	5	0	79	2361	705	28	-1	
5	1	17	1	5	1	79	2361	75	28	36.422531	ταιρίαν
5	1	17	1	5	2	172	2362	95	26	28.072479	᾿ΑΦδηνῶν
5	1	17	1	5	3	287	2362	33	26	93.069977	τήν
5	1	17	1	5	4	338	2363	179	25	26.594826	μµετονομασθεῖσαν
5	1	17	1	5	5	538	2362	145	27	50.871777	«Οργανισμός
5	1	17	1	5	6	704	2364	80	25	91.424942	τήλεπι-
4	1	17	1	6	0	78	2397	246	25	-1	
5	1	17	1	6	1	78	2399	106	19	69.463135	ποινωνιῶν
5	1	17	1	6	2	202	2397	122	25	23.564957	Ἑλλάδος».
3	1	17	2	0	0	79	2432	705	135	-1	
4	1	17	2	1	0	108	2432	613	27	-1	
5	1	17	2	1	1	108	2432	131	25	15.413445	᾿Ακολούδως
5	1	17	2	1	2	256	2432	120	27	73.858986	ὑπηρέτητον
5	1	17	2	1	3	396	2433	29	24	96.776718	εἰς
5	1	17	2	1	4	443	2441	31	14	71.087784	τόν
5	1	17	2	1	5	494	2432	120	27	37.161011	"Ἑλίκηνικόν
5	1	17	2	1	6	633	2432	88	27	73.832520	Σπρατόν
4	1	17	2	2	0	79	2467	637	28	-1	
5	1	17	2	2	1	79	2468	98	27	33.185837	"Ἔφεδρος
5	1	17	2	2	2	199	2468	138	26	89.119019	ἀξιωματικός
5	1	17	2	2	3	358	2467	67	22	71.146538	λαδών
5	1	17	2	2	4	447	2467	67	28	91.421677	µέρος,
5	1	17	2	2	5	530	2468	31	24	96.099808	εἰς
5	1	17	2	2	6	583	2467	31	26	50.431324	τόν
5	1	17	2	2	7	632	2467	84	27	84.265961	πάλεμον
4	1	17	2	3	0	80	2503	704	28	-1	
5	1	17	2	3	1	80	2504	119	21	72.973907	1940-1944
5	1	17	2	3	2	218	2503	136	28	78.677567	εὑρισκόμενος
5	1	17	2	3	3	374	2504	48	21	74.195930	καθ)
5	1	17	2	3	4	441	2503	50	27	91.673576	ὅλην
5	1	17	2	3	5	508	2504	34	26	93.191757	τήν
5	1	17	2	3	6	560	2503	100	28	9.014320	διάρκειαν
5	1	17	2	3	7	682	2504	56	23	96.367294	αὐτοῦ
5	1	17	2	3	8	755	2504	29	24	96.271996	εἰς
4	1	17	2	4	0	80	2539	244	28	-1	
5	1	17	2	4	1	80	2541	34	25	89.029808	τήν
5	1	17	2	4	2	129	2539	80	27	89.029808	πρώτην
5	1	17	2	4	3	226	2540	98	27	34.989494	γραμικήν.
3	1	17	3	0	0	77	2574	708	241	-1	
4	1	17	3	1	0	108	2574	321	28	-1	
5	1	17	3	1	1	108	2575	33	21	62.805054	Ἐν
5	1	17	3	1	2	159	2574	89	28	46.242390	συνεχεία
5	1	17	3	1	3	265	2574	164	28	76.409164	ἀποστρατευθείς
4	1	17	3	2	0	77	2610	353	28	-1	
5	1	17	3	2	1	77	2612	99	24	82.619896	πανῆλθεν
5	1	17	3	2	2	192	2611	29	24	96.466019	εἰς
5	1	17	3	2	3	237	2610	37	26	92.899498	τήν
5	1	17	3	2	4	290	2610	92	28	92.656013	ἐργασίαν
5	1	17	3	2	5	399	2619	31	13	96.863022	του
4	1	17	3	3	0	79	2645	706	28	-1	
5	1	17	3	3	1	79	2646	154	27	81.532104	ἐκπαραλλήλου
5	1	17	3	3	2	251	2646	50	27	92.521881	µετά
5	1	17	3	3	3	318	2648	38	20	93.199234	τών
5	1	17	3	3	4	375	2646	90	27	90.957794	ἀδελφῶν
5	1	17	3	3	5	482	2654	32	14	93.154869	του
5	1	17	3	3	6	533	2645	133	27	53.279228	᾿Αἰλεξάνδρου
5	1	17	3	3	7	681	2645	33	22	72.642036	καί
5	1	17	3	3	8	732	2646	53	27	77.078537	Χρή-
4	1	17	3	4	0	78	2680	707	28	-1	
5	1	17	3	4	1	78	2690	43	12	93.178909	στου
5	1	17	3	4	2	140	2682	120	21	73.691971	Πολιτικῶν
5	1	17	3	4	3	278	2681	125	27	64.614212	Μηχανικῶν
5	1	17	3	4	4	419	2681	109	27	82.198471	ἠσχολήδη
5	1	17	3	4	5	544	2681	23	26	89.561569	µέ
5	1	17	3	4	6	583	2682	33	25	92.829323	τήν
5	1	17	3	4	7	634	2680	96	27	48.365227	ἐκτέλεση
5	1	17	3	4	8	746	2681	39	26	91.005653	Δη-
4	1	17	3	5	0	79	2716	706	28	-1	
5	1	17	3	5	1	79	2717	69	26	49.398216	µοσίων
5	1	17	3	5	2	167	2718	102	26	67.911926	Τεχνικῶν
5	1	17	3	5	3	286	2717	81	27	58.203712	"Ἔρηων
5	1	17	3	5	4	386	2717	30	24	88.730873	εἰς
5	1	17	3	5	5	451	2717	50	24	80.237030	ὅλας
5	1	17	3	5	6	518	2717	36	24	93.298645	τὰς
5	1	17	3	5	7	572	2716	94	28	77.876770	περιοχὰς
5	1	17	3	5	8	683	2718	37	24	93.252571	τῆς
5	1	17	3	5	9	738	2717	47	21	37.114799	Ἑλ-
4	1	17	3	6	0	78	2751	705	28	-1	
5	1	17	3	6	1	78	2752	61	25	79.564774	λὰδος
5	1	17	3	6	2	157	2752	33	22	81.941902	καί
5	1	17	3	6	3	211	2752	21	22	85.401428	τό
5	1	17	3	6	4	249	2752	63	27	67.673721	19589,
5	1	17	3	6	5	332	2753	28	23	92.832703	ὡς
5	1	17	3	6	6	382	2752	101	27	19.105164	ἀλεφέρδή
5	1	17	3	6	7	500	2752	146	26	0.982956	μετανάστευσε
5	1	17	3	6	8	664	2753	30	23	91.481544	εἰς
5	1	17	3	6	9	710	2751	73	23	0.000000	Νότιον
4	1	17	3	7	0	80	2788	103	27	-1	
5	1	17	3	7	1	80	2788	103	27	0.000000	ἸΑφρικήν.
3	1	17	4	0	0	107	2823	229	27	-1	
4	1	17	4	1	0	107	2823	229	27	-1	
5	1	17	4	1	1	107	2823	30	21	92.245506	Τό
5	1	17	4	1	2	155	2823	132	27	68.121323	συγηραφικόν
5	1	17	4	1	3	306	2832	30	13	96.775101	του
2	1	18	0	0	0	751	2432	33	57	-1	
3	1	18	1	0	0	751	2432	33	57	-1	
4	1	18	1	1	0	755	2432	29	25	-1	
5	1	18	1	1	1	755	2432	29	25	95.073570	ὡς
4	1	18	1	2	0	751	2470	33	19	-1	
5	1	18	1	2	1	751	2470	33	19	90.802269	ποῦ
2	1	19	0	0	0	448	2574	336	63	-1	
3	1	19	1	0	0	448	2574	336	63	-1	
4	1	19	1	1	0	449	2574	335	28	-1	
5	1	19	1	1	1	449	2576	37	22	92.652306	τῶν
5	1	19	1	1	2	507	2574	78	25	49.560204	τάξεων
5	1	19	1	1	3	604	2577	32	19	93.284058	τοῦ
5	1	19	1	1	4	652	2577	82	25	64.207771	στραποῦ
5	1	19	1	1	5	767	2583	17	12	79.596519	ἐ-
4	1	19	1	2	0	448	2609	336	28	-1	
5	1	19	1	2	1	448	2611	29	23	85.320702	εἰς
5	1	19	1	2	2	493	2610	138	27	49.625782	τηλοφωνικήν
5	1	19	1	2	3	648	2609	87	28	91.495369	ἑταιρίαν
5	1	19	1	2	4	751	2610	33	21	75.377411	καί
2	1	20	0	0	0	78	2822	709	171	-1	
3	1	20	1	0	0	368	2822	415	28	-1	
4	1	20	1	1	0	368	2822	415	28	-1	
5	1	20	1	1	1	368	2823	71	22	90.231186	αλέντο
5	1	20	1	1	2	461	2823	92	27	3.700371	ἀνεφάνη,
5	1	20	1	1	3	569	2823	34	22	93.300232	ὅτε
5	1	20	1	1	4	624	2822	34	27	65.108139	ἦτο
5	1	20	1	1	5	693	2823	90	26	65.108139	µαθητής
3	1	20	2	0	0	78	2858	709	135	-1	
4	1	20	2	1	0	383	2858	401	28	-1	
5	1	20	2	1	1	383	2861	28	19	92.617935	οἵο
5	1	20	2	1	2	428	2858	149	28	46.431282	ἐκαλλιέργησε
5	1	20	2	1	3	592	2858	120	28	89.254272	ἀσχαληθείς
5	1	20	2	1	4	728	2859	56	21	45.913704	ἐντα-
4	1	20	2	2	0	79	2894	706	28	-1	
5	1	20	2	2	1	79	2895	46	21	73.564354	τυκὰ
5	1	20	2	2	2	141	2894	22	27	78.001930	µέ
5	1	20	2	2	3	180	2895	25	26	76.470764	τή
5	1	20	2	2	4	217	2894	120	28	56.817337	λογοτεχνία
5	1	20	2	2	5	356	2894	36	22	95.714005	ἀπό
5	1	20	2	2	6	407	2894	44	22	83.947052	τότε
5	1	20	2	2	7	465	2894	58	28	88.877602	µέχρι
5	1	20	2	2	8	541	2894	30	25	92.449165	τίς
5	1	20	2	2	9	589	2894	72	27	92.449165	ἡμέρες
5	1	20	2	2	10	678	2896	31	20	93.286911	τοῦ
5	1	20	2	2	11	727	2894	58	21	87.522614	θανὰ-
4	1	20	2	3	0	79	2929	704	29	-1	
5	1	20	2	3	1	79	2938	31	14	94.453178	που
5	1	20	2	3	2	123	2939	38	14	81.196472	του,
5	1	20	2	3	3	176	2930	83	27	48.451557	Επίσης
5	1	20	2	3	4	274	2930	104	28	92.448776	ἠσχολήθη
5	1	20	2	3	5	391	2930	33	22	86.607422	καί
5	1	20	2	3	6	438	2929	22	28	88.318344	µέ
5	1	20	2	3	7	475	2930	34	26	96.652046	τήν
5	1	20	2	3	8	522	2929	79	28	93.262535	ποίηση.
5	1	20	2	3	9	613	2930	83	27	91.460548	Μερικὰ
5	1	20	2	3	10	708	2930	24	21	86.356636	ἐκ.
5	1	20	2	3	11	746	2931	37	21	96.583603	τῶν
4	1	20	2	4	0	78	2966	709	27	-1	
5	1	20	2	4	1	78	2966	112	27	24.475792	ποιηιάτων
5	1	20	2	4	2	209	2974	31	14	66.126480	του
5	1	20	2	4	3	262	2966	166	26	0.000000	ἐδημοσιεύᾶησαν
5	1	20	2	4	4	449	2966	30	24	85.237839	εἰς
5	1	20	2	4	5	497	2966	102	27	39.136082	περιοδικὰ
5	1	20	2	4	6	617	2967	37	25	93.250710	τῆς
5	1	20	2	4	7	676	2966	73	27	91.992554	ἐποχῆς
5	1	20	2	4	8	765	2966	22	20	68.842926	ἐ-
2	1	21	0	0	0	302	3001	263	31	-1	
3	1	21	1	0	0	302	3001	263	31	-1	
4	1	21	1	1	0	302	3001	263	31	-1	
5	1	21	1	1	1	302	3001	95	31	0.000000	ννόχεια
5	1	21	1	1	2	409	3001	37	27	74.167725	στὴ
5	1	21	1	1	3	459	3001	26	29	50.888191	δη
5	1	21	1	1	4	496	3001	69	22	89.291321	σελίδα
2	1	22	0	0	0	78	2858	303	28	-1	
3	1	22	1	0	0	78	2858	303	28	-1	
4	1	22	1	1	0	78	2858	303	28	-1	
5	1	22	1	1	1	78	2858	104	27	49.199860	Τυμναρίου
5	1	22	1	1	2	201	2859	103	27	89.160583	Σπάρτης.
5	1	22	1	1	3	322	2859	19	23	59.589443	τό
5	1	22	1	1	4	358	2860	23	21	92.243210	ὁπ
2	1	23	0	0	0	414	36	372	472	-1	
3	1	23	1	0	0	414	36	372	472	-1	
4	1	23	1	1	0	414	36	372	472	-1	
5	1	23	1	1	1	414	36	372	472	95.000000	 
2	1	24	0	0	0	794	48	7	2982	-1	
3	1	24	1	0	0	794	48	7	2982	-1	
4	1	24	1	1	0	794	48	7	2982	-1	
5	1	24	1	1	1	794	48	7	2982	95.000000	 
2	1	25	0	0	0	913	48	119	37	-1	
3	1	25	1	0	0	913	48	119	37	-1	
4	1	25	1	1	0	913	48	119	37	-1	
5	1	25	1	1	1	913	48	119	37	73.807808	ΠΕΛΛΛΝΛ
2	1	26	0	0	0	999	126	150	62	-1	
3	1	26	1	0	0	1008	126	141	62	-1	
4	1	26	1	1	0	1008	126	141	41	-1	
5	1	26	1	1	1	1008	129	18	20	8.923996	ὃ.
5	1	26	1	1	2	1044	126	105	41	28.807350	116)1981
4	1	26	1	2	0	999	128	86	60	-1	
5	1	26	1	2	1	999	128	86	60	29.501617	ο
2	1	27	0	0	0	900	199	172	26	-1	
3	1	27	1	0	0	900	199	172	26	-1	
4	1	27	1	1	0	900	199	172	26	-1	
5	1	27	1	1	1	900	198	58	22	14.635849	ἠμείου
5	1	27	1	1	2	977	198	95	27	84.516411	Σπάρτης
2	1	28	0	0	0	1091	160	68	63	-1	
3	1	28	1	0	0	1091	160	68	63	-1	
4	1	28	1	1	0	1091	160	68	63	-1	
5	1	28	1	1	1	1091	160	68	63	95.000000	 
2	1	29	0	0	0	1121	242	34	18	-1	
3	1	29	1	0	0	1121	242	34	18	-1	
4	1	29	1	1	0	1121	242	34	18	-1	
5	1	29	1	1	1	1121	242	34	18	56.422852	την
2	1	30	0	0	0	941	269	213	22	-1	
3	1	30	1	0	0	941	269	213	22	-1	
4	1	30	1	1	0	941	269	213	22	-1	
5	1	30	1	1	1	941	270	17	21	49.585350	ο.
5	1	30	1	1	2	998	269	156	21	49.585350	ΤΥΝΔΑΡΕΩ
2	1	31	0	0	0	802	207	354	444	-1	
3	1	31	1	0	0	802	207	354	444	-1	
4	1	31	1	1	0	848	207	255	53	-1	
5	1	31	1	1	1	848	207	67	53	18.212547	μα
5	1	31	1	1	2	932	233	21	23	61.556858	τό
5	1	31	1	1	3	969	236	97	24	33.735016	σωματεῖο
5	1	31	1	1	4	1081	233	22	27	86.348343	µέ
4	1	31	1	2	0	803	305	352	27	-1	
5	1	31	1	2	1	803	305	105	27	41.331650	Σάλλογος
5	1	31	1	2	2	928	306	151	23	6.615982	Πλλανιωτῶν
5	1	31	1	2	3	1113	305	42	20	55.509384	Αα-
4	1	31	1	3	0	802	340	353	27	-1	
5	1	31	1	3	1	802	340	75	25	42.223412	Χωνίας
5	1	31	1	3	2	893	340	23	26	3.804916	υέ
5	1	31	1	3	3	934	341	46	26	42.116829	ἔδρα
5	1	31	1	3	4	997	341	33	25	89.522751	τήν
5	1	31	1	3	5	1053	340	102	21	44.967682	Πελλὰνα
4	1	31	1	4	0	803	375	351	26	-1	
5	1	31	1	4	1	803	375	109	25	95.208992	Λακωνίας
5	1	31	1	4	2	934	375	32	22	86.266609	καὶ
5	1	31	1	4	3	1004	375	83	25	86.266609	σκοπούς
5	1	31	1	4	4	1121	376	33	25	84.469521	τήν
4	1	31	1	5	0	802	411	352	28	-1	
5	1	31	1	5	1	802	411	157	28	90.661118	διατήρηση
5	1	31	1	5	2	924	407	36	36	59.037682	καί
5	1	31	1	5	3	972	411	79	27	90.321701	διάδοση
5	1	31	1	5	4	1066	413	31	19	93.242432	τοῦ
5	1	31	1	5	5	1111	413	43	19	57.475975	λαϊ-
4	1	31	1	6	0	802	446	353	28	-1	
5	1	31	1	6	1	802	449	34	20	44.947121	χοῦ
5	1	31	1	6	2	856	448	121	25	90.786171	πολιτισμοῦ,
5	1	31	1	6	3	995	448	34	26	92.723587	τήν
5	1	31	1	6	4	1049	446	106	28	60.171509	προστασία
4	1	31	1	7	0	805	483	261	27	-1	
5	1	31	1	7	1	805	485	31	19	93.244240	τοῦ
5	1	31	1	7	2	848	483	146	27	37.484928	περιθἀλλοτος
5	1	31	1	7	3	1006	484	60	22	80.875160	χ.τ.λ.
4	1	31	1	8	0	838	517	286	28	-1	
5	1	31	1	8	1	838	518	84	27	69.056168	Σπάρτη
5	1	31	1	8	2	933	518	27	21	77.954094	20
5	1	31	1	8	3	975	517	81	22	68.964096	Ἰουλίου
5	1	31	1	8	4	1071	517	53	21	0.000000	1984.
4	1	31	1	9	0	826	552	312	28	-1	
5	1	31	1	9	1	826	554	24	21	6.841019	Ὁ
5	1	31	1	9	2	863	553	146	27	88.176941	πληρεξούσιος
5	1	31	1	9	3	1033	552	105	28	61.973034	δικηγόρος
4	1	31	1	10	0	857	588	248	23	-1	
5	1	31	1	10	1	857	589	50	22	21.767014	ΑΠ.
5	1	31	1	10	2	921	588	184	21	21.642380	ΓΗΡΟΝΤΠΙΔΗΣ
4	1	31	1	11	0	833	623	323	28	-1	
5	1	31	1	11	1	833	624	41	26	86.994019	Τήν
5	1	31	1	11	2	894	624	26	21	70.739449	99
5	1	31	1	11	3	937	623	111	28	63.495087	Νοεμθρίου
5	1	31	1	11	4	1068	623	52	21	86.301758	1981
5	1	31	1	11	5	1139	623	17	21	70.088570	ἕ-
2	1	32	0	0	0	803	659	353	27	-1	
3	1	32	1	0	0	803	659	353	27	-1	
4	1	32	1	1	0	803	659	353	27	-1	
5	1	32	1	1	1	803	668	55	18	20.918060	Ὕιναν
5	1	32	1	1	2	875	659	85	27	46.979160	ἐχλογές
5	1	32	1	1	3	979	660	36	22	96.830421	ἀπό
5	1	32	1	1	4	1032	659	31	22	79.506683	τόν
5	1	32	1	1	5	1080	659	76	21	61.498890	Σάλλο-
2	1	33	0	0	0	804	694	377	26	-1	
3	1	33	1	0	0	804	694	377	26	-1	
4	1	33	1	1	0	804	694	377	26	-1	
5	1	33	1	1	1	804	703	24	17	61.322491	χο
5	1	33	1	1	2	844	695	116	22	21.096367	Πελλάνας
5	1	33	1	1	3	978	695	29	22	89.098869	εἰς
5	1	33	1	1	4	1024	695	34	24	91.883942	τήν
5	1	33	1	1	5	1079	694	102	20	0.732353	Πελλὰ].
2	1	34	0	0	0	803	726	354	168	-1	
3	1	34	1	0	0	803	726	354	62	-1	
4	1	34	1	1	0	803	726	354	26	-1	
5	1	34	1	1	1	803	735	30	13	94.730942	να.
5	1	34	1	1	2	850	727	49	20	0.000000	Από
5	1	34	1	1	3	917	727	30	23	93.299858	τίς
5	1	34	1	1	4	963	727	86	25	88.560631	ἐχλογές
5	1	34	1	1	5	1082	726	75	20	67.087784	ἀναδεί-
4	1	34	1	2	0	805	764	85	24	-1	
5	1	34	1	2	1	805	764	85	24	22.124611	χθηραν:
3	1	34	2	0	0	804	796	339	98	-1	
4	1	34	2	1	0	809	796	285	28	-1	
5	1	34	2	1	1	809	796	117	28	39.137119	Πρόεδρος:
5	1	34	2	1	2	939	797	51	26	89.736870	Δημ.
5	1	34	2	1	3	1003	796	91	27	47.872677	Σιγαλός
4	1	34	2	2	0	804	831	338	28	-1	
5	1	34	2	2	1	804	833	121	26	0.000000	᾽Αντ)δρος:
5	1	34	2	2	2	941	832	77	27	56.133938	Τεώργ.
5	1	34	2	2	3	1033	831	109	27	80.076431	Μαλιαρός
4	1	34	2	3	0	805	866	338	28	-1	
5	1	34	2	3	1	805	867	139	27	41.755310	Γραμµαπεύς:
5	1	34	2	3	2	965	868	50	25	93.077156	Δημ.
5	1	34	2	3	3	1034	866	109	27	70.994522	Μαλιαρός
2	1	35	0	0	0	805	902	352	134	-1	
3	1	35	1	0	0	805	902	352	99	-1	
4	1	35	1	1	0	805	902	352	28	-1	
5	1	35	1	1	1	805	902	91	27	65.528839	Ταμίας:
5	1	35	1	1	2	918	902	62	28	70.229233	Πεώρ
5	1	35	1	1	3	999	902	158	27	75.394173	Μιχαλόπουλος
4	1	35	1	2	0	805	937	352	27	-1	
5	1	35	1	2	1	805	938	73	26	37.713806	Μόάλη:
5	1	35	1	2	2	899	939	55	21	83.521896	Κων.
5	1	35	1	2	3	972	938	98	25	91.305046	Μπακῆς,
5	1	35	1	2	4	1093	937	64	22	65.551666	Ἰωὰν.
4	1	35	1	3	0	806	973	264	28	-1	
5	1	35	1	3	1	806	974	75	27	95.879456	Δήμος,
5	1	35	1	3	2	892	974	55	21	93.222038	Κων.
5	1	35	1	3	3	959	973	111	27	78.884079	Χούντρης.
3	1	35	2	0	0	835	1008	322	28	-1	
4	1	35	2	1	0	835	1008	322	28	-1	
5	1	35	2	1	1	835	1009	29	21	87.168137	Τό
5	1	35	2	1	2	883	1008	117	28	28.658661	νεοεκλεγέν
5	1	35	2	1	3	1020	1009	63	22	25.208450	Διοιι.
5	1	35	2	1	4	1107	1009	50	25	0.081398	υμ-
2	1	36	0	0	0	803	1045	355	557	-1	
3	1	36	1	0	0	803	1045	355	134	-1	
4	1	36	1	1	0	806	1045	350	26	-1	
5	1	36	1	1	1	806	1045	64	22	78.923119	θούλιο
5	1	36	1	1	2	890	1046	82	25	37.634453	συνήλθε
5	1	36	1	1	3	991	1045	30	24	5.111511	εἰς
5	1	36	1	1	4	1039	1045	117	26	84.934204	συνεδρίασιν
4	1	36	1	2	0	806	1079	352	29	-1	
5	1	36	1	2	1	806	1080	105	28	30.205269	ἀποφὰσισε
5	1	36	1	2	2	930	1079	52	25	96.160835	ὅπως
5	1	36	1	2	3	1001	1080	54	21	79.411469	χάνει
5	1	36	1	2	4	1087	1079	71	27	68.450516	αἴτηση
4	1	36	1	3	0	803	1114	354	28	-1	
5	1	36	1	3	1	803	1116	47	26	93.961517	στήν
5	1	36	1	3	2	865	1116	113	26	93.255241	Κοινότητα
5	1	36	1	3	3	995	1115	116	24	70.714737	Πελλάνας
5	1	36	1	3	4	1123	1114	34	22	78.867783	καὶ
4	1	36	1	4	0	807	1153	156	26	-1	
5	1	36	1	4	1	807	1153	156	26	71.820854	πληβοφορηθεῖ:
3	1	36	2	0	0	804	1185	353	64	-1	
4	1	36	2	1	0	830	1185	327	29	-1	
5	1	36	2	1	1	830	1187	20	27	74.936859	1).
5	1	36	2	1	2	872	1187	57	21	0.000000	Ἠδναι
5	1	36	2	1	3	947	1186	130	26	50.488667	κατάλληλον
5	1	36	2	1	4	1108	1185	49	28	87.542961	πρός
4	1	36	2	2	0	804	1222	306	27	-1	
5	1	36	2	2	1	804	1222	55	27	72.350739	πόσιν
5	1	36	2	2	2	876	1222	21	22	69.544609	τό
5	1	36	2	2	3	916	1222	44	27	44.152969	νερό
5	1	36	2	2	4	979	1224	37	24	89.948730	τῆς
5	1	36	2	2	5	1033	1223	77	25	48.650887	πηγῆς:
3	1	36	3	0	0	805	1256	352	65	-1	
4	1	36	3	1	0	834	1256	323	29	-1	
5	1	36	3	1	1	834	1258	22	27	93.065369	9)
5	1	36	3	1	2	877	1258	34	21	91.057693	Νὰ
5	1	36	3	1	3	925	1257	92	27	51.187939	ὑποδείξη
5	1	36	3	1	4	1033	1258	11	26	72.029327	ἡ
5	1	36	3	1	5	1061	1256	96	27	55.478115	Κουότη-
4	1	36	3	2	0	805	1292	352	29	-1	
5	1	36	3	2	1	805	1302	24	13	96.560478	τα
5	1	36	3	2	2	846	1293	76	28	90.003304	χώρους
5	1	36	3	2	3	940	1293	35	27	93.242210	γιὰ
5	1	36	3	2	4	994	1292	163	28	46.141277	δενδροφύπευσυ.
3	1	36	4	0	0	803	1327	354	275	-1	
4	1	36	4	1	0	834	1327	322	28	-1	
5	1	36	4	1	1	834	1329	22	26	52.218895	3)
5	1	36	4	1	2	878	1328	47	21	85.712250	Ἐὰν
5	1	36	4	1	3	941	1329	11	25	88.380898	ἡ
5	1	36	4	1	4	969	1328	113	26	54.865952	Κοινότητα
5	1	36	4	1	5	1112	1327	44	26	79.194550	μαζί
4	1	36	4	2	0	804	1362	353	29	-1	
5	1	36	4	2	1	804	1364	23	27	73.000954	μέ
5	1	36	4	2	2	845	1364	22	22	92.804581	τό
5	1	36	4	2	3	883	1364	85	27	90.006332	σύλλογο
5	1	36	4	2	4	984	1365	81	26	69.618904	μποροῦν
5	1	36	4	2	5	1082	1363	25	21	90.756104	νὰ
5	1	36	4	2	6	1123	1362	34	22	48.838181	κὰ-
4	1	36	4	3	0	803	1399	353	27	-1	
5	1	36	4	3	1	803	1408	42	14	79.135498	νουν
5	1	36	4	3	2	861	1399	99	27	86.394775	ἐνέργειες
5	1	36	4	3	3	976	1399	50	22	96.490181	ὥστε
5	1	36	4	3	4	1040	1399	25	21	91.456406	νὰ
5	1	36	4	3	5	1082	1399	74	24	53.931370	ἀξιοποι
4	1	36	4	4	0	805	1433	352	29	-1	
5	1	36	4	4	1	805	1436	59	26	71.036980	ηθοῦν
5	1	36	4	4	2	884	1434	23	23	93.306007	τὰ
5	1	36	4	4	3	923	1435	72	27	91.520424	ἀρχαῖα
5	1	36	4	4	4	1013	1436	37	24	90.355789	τῆς
5	1	36	4	4	5	1070	1433	87	23	25.882439	Ἠε]λλὰ-
4	1	36	4	5	0	803	1469	354	28	-1	
5	1	36	4	5	1	803	1479	43	16	37.547073	νας.
5	1	36	4	5	2	865	1470	54	22	85.034653	ἀλλὰ
5	1	36	4	5	3	934	1470	32	22	47.295570	καὶ
5	1	36	4	5	4	984	1470	32	21	93.270203	ἐὰν
5	1	36	4	5	5	1035	1471	81	26	0.000000	θρθθοῦν
5	1	36	4	5	6	1135	1469	22	27	80.335495	µέ
4	1	36	4	6	0	804	1504	352	30	-1	
5	1	36	4	6	1	804	1506	31	26	93.294411	τίς
5	1	36	4	6	2	850	1505	155	29	18.563385	ἀρχαιολογηλές
5	1	36	4	6	3	1018	1504	104	29	12.576675	σημερινές
5	1	36	4	6	4	1136	1505	20	28	60.705200	ἐρ
4	1	36	4	7	0	804	1541	273	27	-1	
5	1	36	4	7	1	804	1542	69	26	31.282166	Ὑασίες
5	1	36	4	7	2	893	1542	100	25	91.916122	εὑρήματα
5	1	36	4	7	3	1012	1541	24	20	94.434540	νὰ
5	1	36	4	7	4	1052	1541	25	20	96.537384	τὰ
4	1	36	4	8	0	805	1574	352	28	-1	
5	1	36	4	8	1	805	1576	82	26	78.757507	τήσουµε
5	1	36	4	8	2	904	1577	33	21	96.186455	στό
5	1	36	4	8	3	954	1574	61	28	95.270218	χωριό
5	1	36	4	8	4	1032	1582	37	19	95.179695	µας
5	1	36	4	8	5	1085	1574	32	21	83.215881	καὶ
5	1	36	4	8	6	1134	1574	23	23	96.963326	νὰ
2	1	37	0	0	0	1108	1549	48	17	-1	
3	1	37	1	0	0	1108	1549	48	17	-1	
4	1	37	1	1	0	1108	1549	48	17	-1	
5	1	37	1	1	1	1108	1549	48	17	0.000000	Ίπρα-
2	1	38	0	0	0	804	1611	355	418	-1	
3	1	38	1	0	0	806	1611	204	27	-1	
4	1	38	1	1	0	806	1611	204	27	-1	
5	1	38	1	1	1	806	1611	99	27	51.865578	ἱδρύσουμε
5	1	38	1	1	2	917	1612	93	25	64.586586	μουσεῖον.
3	1	38	2	0	0	804	1645	355	100	-1	
4	1	38	2	1	0	834	1645	323	28	-1	
5	1	38	2	1	1	834	1647	24	21	24.790802	ἵὉ
5	1	38	2	1	2	874	1646	106	27	14.421577	Σόλλαγος
5	1	38	2	1	3	998	1645	116	25	22.814255	Πλλάνας
5	1	38	2	1	4	1132	1654	25	13	94.031082	κα
4	1	38	2	2	0	804	1680	355	29	-1	
5	1	38	2	2	1	804	1684	33	20	92.474548	λεῖ
5	1	38	2	2	2	853	1682	58	25	93.177757	ὅλους
5	1	38	2	2	3	931	1681	44	25	93.263275	τούς
5	1	38	2	2	4	994	1682	121	27	71.061165	Πατριῶτες
5	1	38	2	2	5	1134	1680	25	22	96.560730	νὰ
4	1	38	2	3	0	805	1716	353	29	-1	
5	1	38	2	3	1	805	1719	108	26	87.143143	ἐγγραφοῦν
5	1	38	2	3	2	932	1717	52	27	85.744408	µέλη
5	1	38	2	3	3	1004	1716	33	22	76.812256	καὶ
5	1	38	2	3	4	1058	1717	41	21	58.957222	ἔτι
5	1	38	2	3	5	1133	1716	25	21	95.742249	νὰ
3	1	38	3	0	0	871	1752	239	8	-1	
4	1	38	3	1	0	871	1752	239	8	-1	
5	1	38	3	1	1	871	1753	4	7	0.000000	{
5	1	38	3	1	2	969	1753	4	7	0.000000	.
5	1	38	3	1	3	1039	1752	4	7	0.000000	.
5	1	38	3	1	4	1105	1752	5	7	0.000000	-
3	1	38	4	0	0	804	1754	354	275	-1	
4	1	38	4	1	0	804	1754	353	27	-1	
5	1	38	4	1	1	804	1756	120	25	92.338120	προσδώσουν
5	1	38	4	1	2	943	1762	34	17	78.383804	μιὰ
5	1	38	4	1	3	995	1754	80	25	68.489868	µεγάλη
5	1	38	4	1	4	1091	1755	66	23	16.186356	δύναμµι
4	1	38	4	2	0	804	1788	353	28	-1	
5	1	38	4	2	1	804	1789	34	22	83.368279	στὀ
5	1	38	4	2	2	854	1789	92	27	85.146469	Σύλλογο
5	1	38	4	2	3	965	1788	51	22	96.236603	ὥστε
5	1	38	4	2	4	1032	1788	24	21	90.698433	νὰ
5	1	38	4	2	5	1074	1789	83	20	26.684433	κινεῖται
4	1	38	4	3	0	804	1822	354	30	-1	
5	1	38	4	3	1	804	1824	23	27	85.936211	μέ
5	1	38	4	3	2	840	1824	126	28	62.153584	μεγαλύτερη
5	1	38	4	3	3	982	1823	89	28	92.435951	εὐχέρεια
5	1	38	4	3	4	1087	1823	33	22	78.748398	καὶ
5	1	38	4	3	5	1135	1822	23	22	96.012665	νὰ
4	1	38	4	4	0	807	1859	328	9	-1	
5	1	38	4	4	1	807	1861	3	6	14.150833	:
5	1	38	4	4	2	876	1860	60	7	31.178719	ο...
5	1	38	4	4	3	996	1859	4	7	7.014786	͵
5	1	38	4	4	4	1131	1859	4	9	15.680862	6
4	1	38	4	5	0	805	1859	353	28	-1	
5	1	38	4	5	1	805	1862	82	24	44.366627	ὑλοποιή
5	1	38	4	5	2	906	1868	44	16	93.182610	τούς
5	1	38	4	5	3	969	1867	82	20	51.340469	στᾶχους
5	1	38	4	5	4	1073	1867	38	14	92.287811	του.
5	1	38	4	5	5	1138	1859	20	20	79.477676	Ἡ
4	1	38	4	6	0	805	1894	353	28	-1	
5	1	38	4	6	1	805	1896	66	26	53.361115	δύναµι
5	1	38	4	6	2	893	1897	31	21	93.274330	τοῦ
5	1	38	4	6	3	944	1894	104	28	81.792694	Συλλάγου
5	1	38	4	6	4	1068	1894	48	22	96.582466	εἶναι
5	1	38	4	6	5	1134	1894	24	22	96.973846	τὰ
4	1	38	4	7	0	942	1929	215	26	-1	
5	1	38	4	7	1	938	1925	23	34	41.461910	ΤΠ
5	1	38	4	7	2	970	1931	64	24	0.000000	ἀντως
5	1	38	4	7	3	1056	1930	52	22	0.000000	κατὰ
5	1	38	4	7	4	1127	1929	30	26	96.763710	τίς
4	1	38	4	8	0	969	1965	188	28	-1	
5	1	38	4	8	1	969	1966	135	27	26.329407	διήχθησαν
5	1	38	4	8	2	1139	1965	18	21	19.565002	ῥ-
4	1	38	4	9	0	978	2001	180	28	-1	
5	1	38	4	9	1	978	2002	63	27	92.608505	ἀποχή
5	1	38	4	9	2	1058	2002	37	22	93.245781	τῶν
5	1	38	4	9	3	1111	2001	47	22	79.878433	Πελ
2	1	39	0	0	0	804	1931	353	132	-1	
3	1	39	1	0	0	806	1931	140	78	-1	
4	1	39	1	1	0	806	1931	110	27	-1	
5	1	39	1	1	1	806	1931	51	27	70.561203	µέλη
5	1	39	1	1	2	878	1940	38	18	65.294029	του.
4	1	39	1	2	0	808	1966	136	8	-1	
5	1	39	1	2	1	808	1968	4	6	0.000000	:
5	1	39	1	2	2	873	1966	5	8	0.000000	;
5	1	39	1	2	3	940	1966	4	7	0.000000	-
4	1	39	1	3	0	806	1969	140	25	-1	
5	1	39	1	3	1	806	1969	86	25	79.025963	ἐκλογές
5	1	39	1	3	2	912	1975	34	13	96.484970	πού
4	1	39	1	4	0	820	2002	111	7	-1	
5	1	39	1	4	1	820	2004	9	5	0.000000	µ
3	1	39	2	0	0	804	2003	353	60	-1	
4	1	39	2	1	0	804	2003	160	27	-1	
5	1	39	2	1	1	804	2003	66	27	81.058006	πῆρξε
5	1	39	2	1	2	884	2003	80	26	55.981640	µεγάλη
4	1	39	2	2	0	804	2036	353	27	-1	
5	1	39	2	2	1	804	2039	104	21	90.788239	λανιωτῶν
5	1	39	2	2	2	927	2037	34	22	83.983841	καί
5	1	39	2	2	3	978	2036	46	23	17.614716	αὐτὸ
5	1	39	2	2	4	1043	2037	9	21	81.330338	ὁ
5	1	39	2	2	5	1066	2036	91	27	89.848999	φείλεται
2	1	40	0	0	0	805	2071	352	63	-1	
3	1	40	1	0	0	805	2071	352	63	-1	
4	1	40	1	1	0	805	2071	352	29	-1	
5	1	40	1	1	1	805	2074	52	21	71.635658	κατὰ
5	1	40	1	1	2	887	2073	87	27	0.000000	᾿μεγὰᾶλον
5	1	40	1	1	3	988	2072	50	27	93.149666	λόγο
5	1	40	1	1	4	1052	2071	45	23	78.972992	στὀν
5	1	40	1	1	5	1112	2071	45	28	62.823002	φύδο
4	1	40	1	2	0	805	2107	352	27	-1	
5	1	40	1	2	1	805	2111	38	20	85.183891	τῶν
5	1	40	1	2	2	868	2109	155	21	85.183891	Πελλανιωτῶν
5	1	40	1	2	3	1045	2107	24	21	93.243629	νὰ
5	1	40	1	2	4	1087	2108	70	26	73.215317	ἐγγρα-
2	1	41	0	0	0	805	2142	353	63	-1	
3	1	41	1	0	0	805	2142	353	63	-1	
4	1	41	1	1	0	945	2142	213	28	-1	
5	1	41	1	1	1	945	2144	25	21	1.842255	Ὁ
5	1	41	1	1	2	987	2143	105	27	92.727188	Σύλλογος
5	1	41	1	1	3	1112	2142	46	22	85.538086	πὰν-
4	1	41	1	2	0	805	2177	352	28	-1	
5	1	41	1	2	1	805	2188	41	16	94.297089	πως
5	1	41	1	2	2	864	2179	46	22	91.451828	δίνει
5	1	41	1	2	3	932	2179	33	26	91.575470	τήν
5	1	41	1	2	4	983	2178	125	22	48.851067	διαδεθαίωσι
5	1	41	1	2	5	1129	2177	28	22	96.200661	ὅτι
2	1	42	0	0	0	806	2144	119	28	-1	
3	1	42	1	0	0	806	2144	119	28	-1	
4	1	42	1	1	0	806	2144	119	28	-1	
5	1	42	1	1	1	806	2146	43	26	93.190186	φοῦν
5	1	42	1	1	2	867	2144	58	26	74.831619	µέλη.
2	1	43	0	0	0	805	2213	353	100	-1	
3	1	43	1	0	0	805	2213	353	100	-1	
4	1	43	1	1	0	805	2213	353	30	-1	
5	1	43	1	1	1	805	2215	29	22	74.493439	Φὰ
5	1	43	1	1	2	850	2216	92	27	91.744614	ἐργαστεῖ
5	1	43	1	1	3	953	2214	25	27	87.564552	µέ
5	1	43	1	1	4	994	2214	46	24	88.929092	ὅλες
5	1	43	1	1	5	1057	2213	30	25	93.099113	τίς
5	1	43	1	1	6	1104	2213	54	21	86.324112	δυνὰ-
4	1	43	1	2	0	807	2248	350	29	-1	
5	1	43	1	2	1	807	2260	43	17	86.487747	µεις
5	1	43	1	2	2	871	2260	31	13	95.332314	του
5	1	43	1	2	3	926	2250	34	27	93.276924	γιὰ
5	1	43	1	2	4	980	2250	34	26	86.169846	μιὰ
5	1	43	1	2	5	1031	2244	7	37	0.000000	.
5	1	43	1	2	6	1054	2248	103	23	39.766575	Πελλὰνα
4	1	43	1	3	0	805	2284	353	29	-1	
5	1	43	1	3	1	805	2287	120	26	83.904701	καλλίτερη,
5	1	43	1	3	2	944	2285	35	28	77.243134	γιὰ
5	1	43	1	3	3	999	2285	35	26	87.245338	μιὰ
5	1	43	1	3	4	1055	2284	103	22	58.883591	Πελλάνα
2	1	44	0	0	0	805	2321	353	97	-1	
3	1	44	1	0	0	805	2321	353	97	-1	
4	1	44	1	1	0	807	2321	135	29	-1	
5	1	44	1	1	1	807	2321	135	29	36.903923	ὁμορφώπερη,
4	1	44	1	2	0	829	2355	329	29	-1	
5	1	44	1	2	1	829	2358	32	21	76.513603	Θὰ
5	1	44	1	2	2	882	2357	131	27	76.950745	προσπαθήση
5	1	44	1	2	3	1032	2356	24	21	84.993797	νὰ
5	1	44	1	2	4	1092	2355	66	28	64.296829	ἱδρύση
4	1	44	1	3	0	805	2391	352	27	-1	
5	1	44	1	3	1	805	2393	34	25	69.283051	τήν
5	1	44	1	3	2	872	2392	130	25	35.126999	Βιθλιοδήκη
5	1	44	1	3	3	1042	2391	115	23	25.265640	ἨΠελλάνας
2	1	45	0	0	0	805	2424	353	29	-1	
3	1	45	1	0	0	805	2424	353	29	-1	
4	1	45	1	1	0	805	2424	353	29	-1	
5	1	45	1	1	1	805	2427	33	22	54.550049	καὶ
5	1	45	1	1	2	857	2427	24	21	93.267548	νὰ
5	1	45	1	1	3	897	2426	91	27	40.168491	ἐοηθήση
5	1	45	1	1	4	1003	2425	54	22	43.774460	κὰδε
5	1	45	1	1	5	1074	2424	84	28	92.854645	προσπὰ-
2	1	46	0	0	0	806	2459	352	100	-1	
3	1	46	1	0	0	806	2459	352	100	-1	
4	1	46	1	1	0	806	2459	352	29	-1	
5	1	46	1	1	1	806	2465	42	20	93.182678	θεια
5	1	46	1	1	2	865	2462	104	25	77.300278	διαδόσεων
5	1	46	1	1	3	989	2462	55	26	76.462677	ἠδῶν
5	1	46	1	1	4	1063	2460	33	22	76.048157	καί
5	1	46	1	1	5	1117	2459	41	22	88.025291	ἐ9ί-
4	1	46	1	2	0	806	2506	48	19	-1	
5	1	46	1	2	1	806	2506	48	19	72.169983	μων.
4	1	46	1	3	0	835	2531	323	28	-1	
5	1	46	1	3	1	835	2534	51	21	59.797127	λΑπό
5	1	46	1	3	2	901	2534	33	25	95.827019	τήν
5	1	46	1	3	3	951	2533	65	26	93.265663	στήλη
5	1	46	1	3	4	1030	2533	47	25	92.876472	αὐτή
5	1	46	1	3	5	1091	2533	9	21	89.435951	ὁ
5	1	46	1	3	6	1116	2531	42	22	53.724777	Σύλ
2	1	47	0	0	0	805	2567	353	273	-1	
3	1	47	1	0	0	805	2567	353	273	-1	
4	1	47	1	1	0	806	2567	350	30	-1	
5	1	47	1	1	1	806	2571	62	26	86.885727	λογος
5	1	47	1	1	2	889	2570	115	26	74.521141	πληροφορῃ
5	1	47	1	1	3	1025	2567	28	23	95.163475	ὅτι
5	1	47	1	1	4	1078	2567	78	28	0.000000	δέχεται:
4	1	47	1	2	0	805	2603	353	30	-1	
5	1	47	1	2	1	805	2604	109	29	22.562721	προσφορές
5	1	47	1	2	2	934	2604	34	27	93.517632	γιὰ
5	1	47	1	2	3	987	2604	34	21	77.911026	ἕνα
5	1	47	1	2	4	1041	2603	69	27	21.677406	κτήριο
5	1	47	1	2	5	1128	2603	30	24	66.369751	εἰς
4	1	47	1	3	0	805	2638	353	29	-1	
5	1	47	1	3	1	805	2641	34	26	83.856293	τήν
5	1	47	1	3	2	859	2640	104	22	66.740326	Πελλάνα
5	1	47	1	3	3	977	2639	44	22	93.267563	ὅπου
5	1	47	1	3	4	1036	2638	28	22	0.000000	Δὰ
5	1	47	1	3	5	1081	2640	77	25	86.598137	διαµορ-
4	1	47	1	4	0	805	2675	353	29	-1	
5	1	47	1	4	1	805	2676	56	28	91.924858	φώση
5	1	47	1	4	2	878	2676	24	22	93.297722	τὰ
5	1	47	1	4	3	919	2677	84	26	18.461113	Ἱραφεῖα
5	1	47	1	4	4	1019	2682	39	19	92.012611	του,
5	1	47	1	4	5	1074	2676	22	26	93.220581	τή
5	1	47	1	4	6	1111	2675	47	20	87.123306	λαο-
4	1	47	1	5	0	805	2708	353	31	-1	
5	1	47	1	5	1	805	2711	87	28	3.906181	ἠραφημή
5	1	47	1	5	2	915	2719	32	14	96.576241	του
5	1	47	1	5	3	966	2710	124	26	69.531326	πινακοθήκη
5	1	47	1	5	4	1125	2708	33	22	65.500198	καὶ
4	1	47	1	6	0	806	2746	244	27	-1	
5	1	47	1	6	1	806	2747	48	25	92.180847	ἴσως
5	1	47	1	6	2	870	2747	33	26	93.282013	τήν
5	1	47	1	6	3	916	2746	134	26	83.350388	Βιθλιοθήκη,
4	1	47	1	7	0	857	2781	255	29	-1	
5	1	47	1	7	1	857	2783	25	21	86.114517	Ὁ
5	1	47	1	7	2	897	2781	107	29	8.051453	Πράβδρος
5	1	47	1	7	3	1019	2782	31	21	96.971855	τοῦ
5	1	47	1	7	4	1062	2781	50	21	95.483994	Δ.Σ.
4	1	47	1	8	0	879	2816	211	24	-1	
5	1	47	1	8	1	879	2817	69	23	93.258553	ΔΗΜ,
5	1	47	1	8	2	966	2816	124	22	6.578331	ΣΙΗΓΑΛΟΣ
2	1	48	0	0	0	807	2863	353	5	-1	
3	1	48	1	0	0	807	2863	353	5	-1	
4	1	48	1	1	0	807	2863	353	5	-1	
5	1	48	1	1	1	807	2863	353	5	95.000000	 
2	1	49	0	0	0	816	2893	338	135	-1	
3	1	49	1	0	0	816	2893	338	135	-1	
4	1	49	1	1	0	818	2893	334	22	-1	
5	1	49	1	1	1	818	2894	133	21	68.127960	ΚΑΦΗΔΗΣ
5	1	49	1	1	2	962	2893	190	21	91.160950	ΚΑΡΑΒΟΥΔΙΑ
4	1	49	1	2	0	816	2928	338	23	-1	
5	1	49	1	2	1	816	2930	81	21	70.287979	ΤΕΩΡ.
5	1	49	1	2	2	907	2930	27	21	82.907578	Η.
5	1	49	1	2	3	945	2928	209	22	90.415024	ΚΑΡΑΒΟΥΛΙΑΣ
4	1	49	1	3	0	842	2964	286	28	-1	
5	1	49	1	3	1	842	2964	152	28	0.000000	Αριστοτέλους
5	1	49	1	3	2	1005	2964	27	22	76.891708	θ0
5	1	49	1	3	3	1042	2964	86	26	49.015427	᾿ΑΦῆναι
4	1	49	1	4	0	892	3000	185	28	-1	
5	1	49	1	4	1	892	3001	53	27	75.619324	Τηλ,
5	1	49	1	4	2	963	3000	114	22	74.713242	89.19.49
2	1	50	0	0	0	1165	52	5	1037	-1	
3	1	50	1	0	0	1165	52	5	1037	-1	
4	1	50	1	1	0	1165	52	5	1037	-1	
5	1	50	1	1	1	1165	52	5	1037	95.000000	 
2	1	51	0	0	0	1167	1291	5	1738	-1	
3	1	51	1	0	0	1167	1291	5	1738	-1	
4	1	51	1	1	0	1167	1291	5	1738	-1	
5	1	51	1	1	1	1167	1291	5	1738	95.000000	 
2	1	52	0	0	0	1286	63	485	73	-1	
3	1	52	1	0	0	1286	63	485	73	-1	
4	1	52	1	1	0	1286	63	485	73	-1	
5	1	52	1	1	1	1286	63	39	61	73.555893	0ο
5	1	52	1	1	2	1346	66	425	70	60.143970	ΗΑΠΑΦΛΕΣΣΑΣ
2	1	53	0	0	0	1219	156	661	21	-1	
3	1	53	1	0	0	1219	156	661	21	-1	
4	1	53	1	1	0	1219	156	661	21	-1	
5	1	53	1	1	1	1219	156	40	20	87.746658	Έλα
5	1	53	1	1	2	1276	164	36	12	80.761528	ἀπὸ
5	1	53	1	1	3	1331	164	23	13	96.093819	τά
5	1	53	1	1	4	1846	162	34	13	94.560654	πού
2	1	54	0	0	0	1367	156	212	25	-1	
3	1	54	1	0	0	1367	156	212	25	-1	
4	1	54	1	1	0	1367	156	212	25	-1	
5	1	54	1	1	1	1367	156	212	25	95.000000	 
2	1	55	0	0	0	1563	128	249	58	-1	
3	1	55	1	0	0	1563	128	249	58	-1	
4	1	55	1	1	0	1563	128	249	58	-1	
5	1	55	1	1	1	1570	156	22	23	40.100395	ης
5	1	55	1	1	2	1610	156	31	20	95.818756	τοῦ
5	1	55	1	1	3	1563	128	34	58	18.406769	ης
5	1	55	1	1	4	1616	132	25	4	17.016441	ο
5	1	55	1	1	5	1663	155	26	20	44.725803	Π.
5	1	55	1	1	6	1691	154	121	27	78.060188	απαφλέσσα,
2	1	56	0	0	0	1378	190	3	7	-1	
3	1	56	1	0	0	1378	190	3	7	-1	
4	1	56	1	1	0	1378	190	3	7	-1	
5	1	56	1	1	1	1378	190	3	7	95.000000	 
2	1	57	0	0	0	1553	190	18	10	-1	
3	1	57	1	0	0	1553	190	18	10	-1	
4	1	57	1	1	0	1553	190	18	10	-1	
5	1	57	1	1	1	1553	190	18	16	26.925385	νι
2	1	58	0	0	0	1567	189	313	99	-1	
3	1	58	1	0	0	1567	189	313	99	-1	
4	1	58	1	1	0	1567	189	313	28	-1	
5	1	58	1	1	1	1567	208	3	3	85.853256	{
5	1	58	1	1	2	1587	191	34	25	87.027161	τήν
5	1	58	1	1	3	1638	190	56	27	79.548607	µρίρα
5	1	58	1	1	4	1712	191	37	20	93.075264	τῶν
5	1	58	1	1	5	1765	189	115	27	36.749893	σχλαθωµέ-
4	1	58	1	2	0	1827	227	53	20	-1	
5	1	58	1	2	1	1827	227	53	20	0.000000	πολι-
4	1	58	1	3	0	1805	261	75	27	-1	
5	1	58	1	3	1	1805	261	75	27	56.729134	(1808-
2	1	59	0	0	0	1401	298	420	27	-1	
3	1	59	1	0	0	1401	298	420	27	-1	
4	1	59	1	1	0	1401	298	420	27	-1	
5	1	59	1	1	1	1401	307	9	12	92.561798	α
5	1	59	1	1	2	1427	297	121	28	54.065914	χειρόγραφα
5	1	59	1	1	3	1565	297	200	27	10.803024	᾿Απομυιμονεύματά
5	1	59	1	1	4	1784	305	37	14	92.918427	του.
2	1	60	0	0	0	1176	199	591	116	-1	
3	1	60	1	0	0	1176	199	591	89	-1	
4	1	60	1	1	0	1176	199	388	19	-1	
5	1	60	1	1	1	1176	190	106	28	78.028244	σφράγισαν
5	1	60	1	1	2	1301	191	34	26	72.148056	τήν’
5	1	60	1	1	3	1352	199	56	19	55.393929	μοίρα
5	1	60	1	1	4	1426	199	32	13	70.812546	που
5	1	60	1	1	5	1475	190	33	22	87.583267	καί
5	1	60	1	1	6	1527	199	37	18	32.106003	μιαζὶ
4	1	60	1	2	0	1232	227	94	25	-1	
5	1	60	1	2	1	1232	227	94	25	0.000000	Ἠλλήνω
4	1	60	1	3	0	1177	261	590	54	-1	
5	1	60	1	3	1	1177	262	54	24	83.318413	τηκός
5	1	60	1	3	2	1249	262	32	21	79.321449	καὶ
5	1	60	1	3	3	1302	262	98	24	79.626938	ἱστορικός
5	1	60	1	3	4	1388	263	66	52	31.057899	ο
5	1	60	1	3	5	1485	262	51	27	36.441914	ας
5	1	60	1	3	6	1559	263	21	21	50.608627	Ῥ.
5	1	60	1	3	7	1603	261	164	28	86.922134	Δημητρακάκης
2	1	61	0	0	0	1179	298	118	24	-1	
3	1	61	1	0	0	1179	298	118	24	-1	
4	1	61	1	1	0	1179	298	118	24	-1	
5	1	61	1	1	1	1179	298	63	24	45.682503	1986)
5	1	61	1	1	2	1262	298	35	21	91.417809	στά
2	1	62	0	0	0	1176	225	631	28	-1	
3	1	62	1	0	0	1176	225	631	28	-1	
4	1	62	1	1	0	1176	225	631	28	-1	
5	1	62	1	1	1	1176	234	37	13	61.410637	πο
5	1	62	1	1	2	1384	234	26	14	70.941513	ναι
5	1	62	1	1	3	1428	226	32	22	1.657822	Χαΐ
5	1	62	1	1	4	1478	226	52	27	92.456314	αὐτό,
5	1	62	1	1	5	1548	225	52	26	96.858017	ὅπως
5	1	62	1	1	6	1618	225	20	22	93.288696	τό
5	1	62	1	1	7	1655	225	124	28	92.902679	καταγράφει
5	1	62	1	1	8	1799	227	8	21	92.902679	ὁ
2	1	63	0	0	0	1328	234	52	14	-1	
3	1	63	1	0	0	1328	234	52	14	-1	
4	1	63	1	1	0	1328	234	52	14	-1	
5	1	63	1	1	1	1328	234	52	14	95.000000	 
2	1	64	0	0	0	1320	294	69	29	-1	
3	1	64	1	0	0	1320	294	69	29	-1	
4	1	64	1	1	0	1320	294	69	29	-1	
5	1	64	1	1	1	1320	294	69	29	95.000000	 
2	1	65	0	0	0	1206	350	674	28	-1	
3	1	65	1	0	0	1206	350	674	28	-1	
4	1	65	1	1	0	1206	350	674	28	-1	
5	1	65	1	1	1	1206	352	24	20	41.223427	Ὁ
5	1	65	1	1	2	1247	351	155	27	17.834320	ἀρχιμανδρίτης
5	1	65	1	1	3	1423	351	109	27	81.718834	Γρηγόριος
5	1	65	1	1	4	1553	351	83	24	28.172157	Δικαῖος
5	1	65	1	1	5	1656	350	11	27	85.162979	ἤ
5	1	65	1	1	6	1685	350	158	27	84.585358	Παπαφλέσσας,
5	1	65	1	1	7	1862	350	18	21	81.605675	ᾱ-
2	1	66	0	0	0	1172	398	487	122	-1	
3	1	66	1	0	0	1172	398	487	122	-1	
4	1	66	1	1	0	1176	398	483	28	-1	
5	1	66	1	1	1	1176	401	4	25	95.000000	 
5	1	66	1	1	2	1642	398	17	13	95.000000	 
4	1	66	1	2	0	1176	426	229	32	-1	
5	1	66	1	2	1	1176	426	229	32	95.000000	 
4	1	66	1	3	0	1172	458	262	23	-1	
5	1	66	1	3	1	1172	458	262	23	95.000000	 
4	1	66	1	4	0	1172	481	134	39	-1	
5	1	66	1	4	1	1172	481	134	39	95.000000	 
2	1	67	0	0	0	1177	385	704	99	-1	
3	1	67	1	0	0	1177	385	704	99	-1	
4	1	67	1	1	0	1177	385	702	28	-1	
5	1	67	1	1	1	1177	386	127	27	24.767517	ναγκάζεπα:.
5	1	67	1	1	2	1322	386	115	27	77.299110	διωγµένος,
5	1	67	1	1	3	1457	387	23	21	92.202087	νά
5	1	67	1	1	4	1503	386	140	27	88.786743	ἐγκαταλείψει
5	1	67	1	1	5	1666	386	33	26	70.805588	τήν
5	1	67	1	1	6	1718	385	82	28	80.838150	Ἑλαχία
5	1	67	1	1	7	1836	385	43	22	87.968872	ὅπου
4	1	67	1	2	0	1405	421	474	28	-1	
5	1	67	1	2	1	1405	422	94	26	45.183826	ταλμένος
5	1	67	1	2	2	1521	423	36	21	89.405334	τῶν
5	1	67	1	2	3	1579	422	97	27	74.508469	Φιλικῶν,
5	1	67	1	2	4	1693	422	34	27	95.950615	γιά
5	1	67	1	2	5	1745	421	22	22	90.971558	νά
5	1	67	1	2	6	1800	422	79	26	74.642876	ζητήσει
4	1	67	1	3	0	1486	457	395	27	-1	
5	1	67	1	3	1	1486	457	46	23	53.001442	μόνα
5	1	67	1	3	2	1550	458	45	21	43.041595	Αλ.
5	1	67	1	3	3	1613	458	80	26	88.591484	Σοῦτσο,
5	1	67	1	3	4	1712	457	126	27	39.844799	προκειµένου
5	1	67	1	3	5	1857	457	24	21	96.199280	νά
2	1	68	0	0	0	1447	458	351	26	-1	
3	1	68	1	0	0	1447	458	351	26	-1	
4	1	68	1	1	0	1447	458	351	26	-1	
5	1	68	1	1	1	1447	458	39	26	95.000000	 
5	1	68	1	1	2	1795	466	3	17	95.000000	 
2	1	69	0	0	0	1601	492	114	28	-1	
3	1	69	1	0	0	1601	492	114	28	-1	
4	1	69	1	1	0	1601	492	114	28	-1	
5	1	69	1	1	1	1601	492	74	28	88.398552	᾽Αλλά,
5	1	69	1	1	2	1693	492	22	27	43.310200	μέ
2	1	70	0	0	0	1234	528	544	28	-1	
3	1	70	1	0	0	1234	528	544	28	-1	
4	1	70	1	1	0	1234	528	544	28	-1	
5	1	70	1	1	1	1234	529	34	21	93.153870	πού
5	1	70	1	1	2	1287	538	65	13	61.893242	ἔανε,
5	1	70	1	1	3	1369	529	67	27	80.577644	σχεδόν
5	1	70	1	1	4	1455	529	171	26	30.165504	ἀποχαλύφθηκαν
5	1	70	1	1	5	1645	529	15	21	93.253082	οἱ
5	1	70	1	1	6	1681	528	97	27	88.983612	εὐρύτεροι
2	1	71	0	0	0	1229	492	652	99	-1	
3	1	71	1	0	0	1229	492	652	97	-1	
4	1	71	1	1	0	1287	492	594	29	-1	
5	1	71	1	1	1	1287	494	69	27	25.191566	Χχολή
5	1	71	1	1	2	1374	494	45	25	67.047607	στήν,
5	1	71	1	1	3	1435	493	147	26	23.945740	Πελοπόννησο.
5	1	71	1	1	4	1732	493	33	26	93.087517	τήν
5	1	71	1	1	5	1782	492	99	28	92.577637	θορυθώδη
4	1	71	1	2	0	1814	528	66	21	-1	
5	1	71	1	2	1	1814	528	66	21	38.572163	σχοποί
4	1	71	1	3	0	1229	563	645	26	-1	
5	1	71	1	3	1	1229	564	148	25	51.409981	᾽Αναηκάζεται,
5	1	71	1	3	2	1393	564	43	25	39.466293	τᾶτε
5	1	71	1	3	3	1453	564	23	21	84.107834	νά
5	1	71	1	3	4	1492	564	102	21	69.659119	ἐπανέλθε,
5	1	71	1	3	5	1610	564	46	21	94.420433	στήν
5	1	71	1	3	6	1670	563	204	24	74.691833	Κωνσταντινούπολη
3	1	71	2	0	0	1286	578	594	13	-1	
4	1	71	2	1	0	1286	578	594	13	-1	
5	1	71	2	1	1	1286	584	2	7	69.100311	ἵ
5	1	71	2	1	2	1642	578	3	12	67.488708	[
5	1	71	2	1	3	1871	578	9	12	0.000000	ἤ
2	1	72	0	0	0	1359	598	523	29	-1	
3	1	72	1	0	0	1359	598	523	29	-1	
4	1	72	1	1	0	1359	598	523	29	-1	
5	1	72	1	1	1	1359	600	86	27	95.642853	συνέχισε
5	1	72	1	1	2	1463	600	34	26	66.725113	τήν
5	1	72	1	1	3	1531	600	40	21	28.789841	ἴδιχ
5	1	72	1	1	4	1591	599	104	28	59.495094	Δορυθώδη
5	1	72	1	1	5	1715	599	48	26	93.080421	ζωή,
5	1	72	1	1	6	1780	598	102	22	13.464195	διασκεδά-
2	1	73	0	0	0	1176	600	182	62	-1	
3	1	73	1	0	0	1176	600	182	62	-1	
4	1	73	1	1	0	1176	600	182	62	-1	
5	1	73	1	1	1	1176	600	182	62	95.000000	 
2	1	74	0	0	0	1349	635	533	27	-1	
3	1	74	1	0	0	1349	635	533	27	-1	
4	1	74	1	1	0	1349	635	533	27	-1	
5	1	74	1	1	1	1349	652	9	8	92.674812	ς
5	1	74	1	1	2	1375	637	37	20	89.895180	τῶν
5	1	74	1	1	3	1432	636	168	26	79.674347	ἀριστοκρατικῶν
5	1	74	1	1	4	1621	635	123	27	88.363319	οἰκογενειῶν
5	1	74	1	1	5	1764	636	37	20	90.936516	τῶν
5	1	74	1	1	6	1818	635	64	20	90.408081	Φανα-
2	1	75	0	0	0	1184	701	695	47	-1	
3	1	75	1	0	0	1184	701	695	47	-1	
4	1	75	1	1	0	1184	701	695	47	-1	
5	1	75	1	1	1	1184	706	94	20	39.290558	Ἠπίστευς
5	1	75	1	1	2	1295	705	29	20	63.508450	ὅτι
5	1	75	1	1	3	1340	706	16	19	93.294899	οἱ
5	1	75	1	1	4	1374	705	87	25	92.426865	ἐπίσημοι
5	1	75	1	1	5	1481	701	105	47	58.431873	Ἕλληνες
5	1	75	1	1	6	1602	706	116	24	12.488556	Φνκαριῶτες
5	1	75	1	1	7	1733	706	37	23	83.058968	τῆς
5	1	75	1	1	8	1784	705	95	19	38.674767	Κωνσταν
2	1	76	0	0	0	1179	737	704	27	-1	
3	1	76	1	0	0	1179	737	704	27	-1	
4	1	76	1	1	0	1179	737	704	27	-1	
5	1	76	1	1	1	1179	738	115	26	53.972282	τινούπολης
5	1	76	1	1	2	1310	738	25	21	96.283722	θά
5	1	76	1	1	3	1352	738	48	21	96.894440	εἶναι
5	1	76	1	1	4	1417	738	33	21	92.500618	καὶ
5	1	76	1	1	5	1467	738	16	21	93.291016	οἱ
5	1	76	1	1	6	1500	737	87	27	89.460564	ἐπίσημαι
5	1	76	1	1	7	1604	739	32	20	96.584984	τοῦ
5	1	76	1	1	8	1651	737	42	22	82.106071	νέου
5	1	76	1	1	9	1711	738	107	26	79.061943	ἑλληνικοῦ
5	1	76	1	1	10	1836	737	47	27	19.858551	κρά-
2	1	77	0	0	0	1179	772	705	99	-1	
3	1	77	1	0	0	1179	772	705	99	-1	
4	1	77	1	1	0	1179	772	704	28	-1	
5	1	77	1	1	1	1179	781	50	16	87.713539	τους.
5	1	77	1	1	2	1248	774	26	20	83.503036	Ἡ
5	1	77	1	1	3	1296	773	130	27	74.681244	ἀμετροέπεια
5	1	77	1	1	4	1440	775	34	19	89.130333	ποῦ
5	1	77	1	1	5	1498	774	31	21	32.170563	Ἡ.
5	1	77	1	1	6	1550	773	57	27	46.894958	ἔφερε
5	1	77	1	1	7	1625	772	21	22	59.828636	σέ
5	1	77	1	1	8	1663	772	75	27	92.233017	µεγάλο
5	1	77	1	1	9	1756	772	75	22	80.282104	κίνδυνο
5	1	77	1	1	10	1850	772	33	22	72.528000	καὶ
4	1	77	1	2	0	1179	808	705	27	-1	
5	1	77	1	2	1	1179	809	35	26	90.391640	τήν
5	1	77	1	2	2	1230	810	50	20	14.030617	Φ.Ε,
5	1	77	1	2	3	1298	808	33	22	70.297890	καί
5	1	77	1	2	4	1352	809	23	21	96.008301	τά
5	1	77	1	2	5	1393	809	52	26	82.561714	µέλη
5	1	77	1	2	6	1462	817	43	18	95.955452	της.
5	1	77	1	2	7	1523	809	29	20	71.396851	Τι
5	1	77	1	2	8	1572	808	52	27	91.974487	αὐτό,
5	1	77	1	2	9	1640	808	92	27	75.003357	σύµφωνα
5	1	77	1	2	10	1752	808	34	22	64.012794	καὶ
5	1	77	1	2	11	1807	808	22	26	53.287613	µέ
5	1	77	1	2	12	1849	816	35	13	75.297852	κα-
4	1	77	1	3	0	1180	843	704	28	-1	
5	1	77	1	3	1	1180	845	108	25	55.906986	ταστατική
5	1	77	1	3	2	1306	844	94	26	42.942726	Σιάπαξη,
5	1	77	1	3	3	1425	844	118	27	62.516144	ἀποφάσίσαυ
5	1	77	1	3	4	1567	844	23	21	86.964607	νά
5	1	77	1	3	5	1614	844	30	22	83.693375	τόν
5	1	77	1	3	6	1665	844	164	27	47.936867	δηλητηριάσουν,
5	1	77	1	3	7	1849	843	35	27	88.646370	γιά
2	1	78	0	0	0	1179	879	582	28	-1	
3	1	78	1	0	0	1179	879	582	28	-1	
4	1	78	1	1	0	1179	879	582	28	-1	
5	1	78	1	1	1	1179	880	23	21	49.094688	νά
5	1	78	1	1	2	1219	880	108	27	45.114189	προλάδουν
5	1	78	1	1	3	1338	888	95	19	63.852936	φανερούς
5	1	78	1	1	4	1445	880	99	24	0.000000	κινδύνους
5	1	78	1	1	5	1558	879	20	22	94.308456	σέ
5	1	78	1	1	6	1588	879	81	27	82.069824	µεγάλη
5	1	78	1	1	7	1680	880	81	25	32.172844	ἔκταση.
2	1	79	0	0	0	1179	931	703	64	-1	
3	1	79	1	0	0	1179	931	703	64	-1	
4	1	79	1	1	0	1208	931	666	25	-1	
5	1	79	1	1	1	1208	934	22	19	16.321190	Σ΄
5	1	79	1	1	2	1246	933	46	23	84.075172	αὐτή
5	1	79	1	1	3	1310	933	34	20	95.726486	τήν
5	1	79	1	1	4	1361	932	106	22	93.286713	περίσταση
5	1	79	1	1	5	1484	932	109	22	64.291504	θρίσχονται,
5	1	79	1	1	6	1617	932	33	21	92.449089	σάν
5	1	79	1	1	7	1666	932	36	21	93.300110	ἀπό
5	1	79	1	1	8	1732	934	76	19	80.343468	μηχανῆς
5	1	79	1	1	9	1823	931	51	22	89.239777	Θεός
4	1	79	1	2	0	1274	941	608	22	-1	
5	1	79	1	2	1	1274	942	19	17	96.806511	τή
5	1	79	1	2	2	1314	942	21	17	95.446381	τήν
5	1	79	1	2	3	1363	941	54	19	96.204567	περίσταση
5	1	79	1	2	4	1496	945	10	15	54.698097	δρ
5	1	79	1	2	5	1567	947	35	13	23.489616	πα
5	1	79	1	2	6	1685	946	4	7	93.305527	πό
5	1	79	1	2	7	1718	941	90	22	78.454407	μηχανῆς
5	1	79	1	2	8	1842	947	40	11	67.030281	θεές,
4	1	79	1	3	0	1179	967	702	28	-1	
5	1	79	1	3	1	1179	969	14	20	49.827389	ὶ
5	1	79	1	3	2	1209	968	145	27	39.582748	ψεγαλέμποροι
5	1	79	1	3	3	1372	968	74	27	84.416473	φιλικοί
5	1	79	1	3	4	1461	967	194	28	18.525635	Γεωργαυπόπουλοι,
5	1	79	1	3	5	1675	968	35	21	77.189331	ἀπό
5	1	79	1	3	6	1726	968	20	22	72.497849	τό
5	1	79	1	3	7	1761	967	120	28	30.876404	Λεοντάριον
2	1	80	0	0	0	1180	1003	537	28	-1	
3	1	80	1	0	0	1180	1003	537	28	-1	
4	1	80	1	1	0	1180	1003	537	28	-1	
5	1	80	1	1	1	1180	1003	117	28	64.712532	Αρκαδίας,
5	1	80	1	1	2	1315	1004	33	21	74.274551	καί
5	1	80	1	1	3	1363	1004	61	21	88.478943	δίδουν
5	1	80	1	1	4	1439	1004	54	26	95.662231	ἄλλη
5	1	80	1	1	5	1507	1003	49	27	93.176964	λύση
5	1	80	1	1	6	1568	1003	33	22	88.123367	στὀ
5	1	80	1	1	7	1613	1003	104	28	85.178978	πρόθληµα
2	1	81	0	0	0	1207	1056	633	28	-1	
3	1	81	1	0	0	1207	1056	633	28	-1	
4	1	81	1	1	0	1207	1056	633	28	-1	
5	1	81	1	1	1	1207	1057	40	21	93.195602	Τόν
5	1	81	1	1	2	1266	1057	121	27	50.231995	ἀναηπιάζουν
5	1	81	1	1	3	1409	1057	24	21	94.829147	νά
5	1	81	1	1	4	1449	1057	54	27	94.736496	φύγει
5	1	81	1	1	5	1522	1057	36	21	90.137077	ἀπό
5	1	81	1	1	6	1577	1057	33	26	88.148582	τήν
5	1	81	1	1	7	1630	1056	210	28	0.000000	Κωνσταντινούπολη,
2	1	82	0	0	0	1495	1092	4	7	-1	
3	1	82	1	0	0	1495	1092	4	7	-1	
4	1	82	1	1	0	1495	1092	4	7	-1	
5	1	82	1	1	1	1495	1092	4	7	95.000000	 
2	1	83	0	0	0	1466	1075	416	44	-1	
3	1	83	1	0	0	1466	1092	414	23	-1	
4	1	83	1	1	0	1537	1092	343	7	-1	
5	1	83	1	1	1	1537	1093	41	6	0.000000	--
5	1	83	1	1	2	1657	1092	4	7	39.246651	/
5	1	83	1	1	3	1764	1092	4	7	62.935173	/
5	1	83	1	1	4	1876	1092	4	6	42.120930	ῃ
4	1	83	1	2	0	1466	1075	416	44	-1	
5	1	83	1	2	1	1466	1101	33	13	26.611183	Ἆπι
5	1	83	1	2	2	1522	1101	41	14	59.180370	τοῦ.
5	1	83	1	2	3	1597	1101	120	13	0.000000	Ππιστεύονται
5	1	83	1	2	4	1737	1101	43	13	88.057831	στο
5	1	83	1	2	5	1815	1075	34	44	0.000000	-.
5	1	83	1	2	6	1852	1101	30	13	4.171677	ΑΟ
2	1	84	0	0	0	1563	1101	42	18	-1	
3	1	84	1	0	0	1563	1101	42	18	-1	
4	1	84	1	1	0	1563	1101	42	18	-1	
5	1	84	1	1	1	1563	1101	42	18	95.000000	  
2	1	85	0	0	0	1178	1093	266	27	-1	
3	1	85	1	0	0	1178	1093	266	27	-1	
4	1	85	1	1	0	1178	1093	266	27	-1	
5	1	85	1	1	1	1178	1093	120	26	52.211006	κατεύθυνση
5	1	85	1	1	2	1317	1093	30	22	80.110909	τόν
5	1	85	1	1	3	1370	1093	74	27	78.395523	Μοριά,
2	1	86	0	0	0	1181	1129	55	21	-1	
3	1	86	1	0	0	1181	1129	55	21	-1	
4	1	86	1	1	0	1181	1129	55	21	-1	
5	1	86	1	1	1	1181	1129	55	21	88.281776	Παν.
2	1	87	0	0	0	1260	1101	621	55	-1	
3	1	87	1	0	0	1260	1101	621	55	-1	
4	1	87	1	1	0	1260	1101	621	55	-1	
5	1	87	1	1	1	1260	1129	18	20	66.027855	Π
5	1	87	1	1	2	1284	1128	187	28	0.000000	απαδανασόπουλο,
5	1	87	1	1	3	1490	1128	36	22	96.086403	ἀπό
5	1	87	1	1	4	1544	1128	20	23	84.832878	τὸ
5	1	87	1	1	5	1582	1127	108	28	55.630829	Γεωργίτσι
5	1	87	1	1	6	1723	1101	158	54	13.125336	ο
2	1	88	0	0	0	1178	1160	105	36	-1	
3	1	88	1	0	0	1178	1160	105	36	-1	
4	1	88	1	1	0	1178	1160	105	36	-1	
5	1	88	1	1	1	1178	1160	105	36	95.000000	 
2	1	89	0	0	0	1179	1163	702	64	-1	
3	1	89	1	0	0	1179	1163	702	64	-1	
4	1	89	1	1	0	1285	1163	596	29	-1	
5	1	89	1	1	1	1285	1165	58	21	57.001602	ἔλθοι
5	1	89	1	1	2	1362	1164	34	27	47.151855	ιά
5	1	89	1	1	3	1413	1164	145	28	91.259995	πατριωτικούς
5	1	89	1	1	4	1574	1164	83	24	92.014496	σκοπούς
5	1	89	1	1	5	1673	1164	33	21	96.301376	πού
5	1	89	1	1	6	1722	1164	44	24	89.414513	τούς
5	1	89	1	1	7	1783	1163	98	24	83.135345	ἐκάλυπτε
4	1	89	1	2	0	1179	1199	364	28	-1	
5	1	89	1	2	1	1179	1209	19	12	90.041153	κι
5	1	89	1	2	2	1217	1200	57	24	90.785110	αὐπός
5	1	89	1	2	3	1292	1200	22	26	89.107368	µέ
5	1	89	1	2	4	1331	1199	105	28	58.817944	ἐμπορίκές
5	1	89	1	2	5	1453	1199	90	28	94.911209	πράξεις.
2	1	90	0	0	0	1207	1252	675	28	-1	
3	1	90	1	0	0	1207	1252	675	28	-1	
4	1	90	1	1	0	1207	1252	675	28	-1	
5	1	90	1	1	1	1207	1254	25	20	55.413898	ὍὉ
5	1	90	1	1	2	1252	1253	162	27	94.101326	Παπαφλέσσας,
5	1	90	1	1	3	1430	1253	34	22	93.274422	πού
5	1	90	1	1	4	1484	1263	6	3	91.508926	εἶχε
5	1	90	1	1	5	1540	1253	110	21	13.561172	χαταλάθει
5	1	90	1	1	6	1668	1253	33	26	81.119644	τήν
5	1	90	1	1	7	1719	1252	117	27	89.833084	ἐσπευσμένη
5	1	90	1	1	8	1853	1253	29	22	84.873535	αὖ-
2	1	91	0	0	0	1490	1262	35	18	-1	
3	1	91	1	0	0	1490	1262	35	18	-1	
4	1	91	1	1	0	1490	1262	35	18	-1	
5	1	91	1	1	1	1490	1262	35	18	95.000000	 
2	1	92	0	0	0	1465	1288	418	27	-1	
3	1	92	1	0	0	1465	1288	418	27	-1	
4	1	92	1	1	0	1465	1288	418	27	-1	
5	1	92	1	1	1	1465	1288	43	25	81.705177	μαζί
5	1	92	1	1	2	1527	1288	22	27	47.288895	µέ
5	1	92	1	1	3	1573	1288	30	21	54.157936	τὸν
5	1	92	1	1	4	1630	1288	200	22	21.464218	Ταπαθανασύπουλο
5	1	92	1	1	5	1850	1288	33	21	85.782890	στό
2	1	93	0	0	0	1509	1323	373	26	-1	
3	1	93	1	0	0	1509	1323	373	26	-1	
4	1	93	1	1	0	1509	1323	373	26	-1	
5	1	93	1	1	1	1509	1338	6	2	70.347397	ε
5	1	93	1	1	2	1536	1324	22	20	93.264412	νά
5	1	93	1	1	3	1576	1326	85	19	24.377411	κινεῖται
5	1	93	1	1	4	1677	1323	141	22	34.047005	ἀκατάπαυσπα
5	1	93	1	1	5	1835	1323	47	26	87.114632	µέσα
2	1	94	0	0	0	1178	1289	344	98	-1	
3	1	94	1	0	0	1178	1289	344	98	-1	
4	1	94	1	1	0	1178	1289	344	98	-1	
5	1	94	1	1	1	1178	1289	344	98	95.000000	 
2	1	95	0	0	0	1556	1358	326	28	-1	
3	1	95	1	0	0	1556	1358	326	28	-1	
4	1	95	1	1	0	1556	1358	326	28	-1	
5	1	95	1	1	1	1556	1359	145	27	91.863266	προτρέποντας
5	1	95	1	1	2	1721	1359	44	24	93.922531	τούς
5	1	95	1	1	3	1785	1358	97	28	94.362923	χωρικούς
2	1	96	0	0	0	1228	1378	655	80	-1	
3	1	96	1	0	0	1228	1378	655	80	-1	
4	1	96	1	1	0	1228	1378	206	58	-1	
5	1	96	1	1	1	1228	1383	43	36	86.200531	τούς
5	1	96	1	1	2	1276	1378	88	44	1.949966	λημαρώ
5	1	96	1	1	3	1367	1403	67	33	0.000000	ρουπες
4	1	96	1	2	0	1268	1430	615	28	-1	
5	1	96	1	2	1	1268	1431	78	21	0.000000	"Ἔλαθε
5	1	96	1	2	2	1362	1430	58	28	93.296432	µέρος
5	1	96	1	2	3	1435	1431	35	25	90.832283	στή
5	1	96	1	2	4	1486	1430	115	27	41.010952	συνθδρίαση
5	1	96	1	2	5	1614	1431	38	20	93.220200	τῶν
5	1	96	1	2	6	1666	1431	90	20	92.039162	Φιλικῶν
5	1	96	1	2	7	1770	1430	46	21	46.775574	στήν
5	1	96	1	2	8	1832	1430	51	26	39.359058	Κερ-
2	1	97	0	0	0	1180	1394	702	63	-1	
3	1	97	1	0	0	1180	1394	702	57	-1	
4	1	97	1	1	0	1451	1394	431	27	-1	
5	1	97	1	1	1	1451	1395	24	21	51.178036	νά
5	1	97	1	1	2	1490	1395	71	21	72.751633	λάδουν
5	1	97	1	1	3	1580	1394	90	27	85.009262	ἀπόφαση
5	1	97	1	1	4	1686	1394	33	27	93.269180	γιά
5	1	97	1	1	5	1739	1394	143	21	79.634506	ἐπαναστατικό
4	1	97	1	2	0	1180	1438	65	19	-1	
5	1	97	1	2	1	1180	1430	65	27	85.872528	ἀγώνα
2	1	98	0	0	0	1426	1465	456	28	-1	
3	1	98	1	0	0	1426	1465	456	28	-1	
4	1	98	1	1	0	1426	1465	456	28	-1	
5	1	98	1	1	1	1426	1466	8	21	36.464771	ἑ
5	1	98	1	1	2	1451	1466	57	24	88.372864	ὅλους
5	1	98	1	1	3	1523	1467	16	19	8.791504	ν᾿
5	1	98	1	1	4	1558	1465	75	28	90.944626	ἀρχίσει
5	1	98	1	1	5	1650	1467	8	20	86.343506	ὁ
5	1	98	1	1	6	1677	1465	80	27	92.086052	ἀγώνας
5	1	98	1	1	7	1773	1465	49	27	91.818298	µέσα
5	1	98	1	1	8	1839	1465	43	21	94.001045	στόν
2	1	99	0	0	0	1178	1466	218	26	-1	
3	1	99	1	0	0	1178	1466	218	26	-1	
4	1	99	1	1	0	1178	1466	218	26	-1	
5	1	99	1	1	1	1178	1467	43	25	79.342300	πωή
5	1	99	1	1	2	1238	1466	32	22	13.962418	γαί
5	1	99	1	1	3	1288	1468	108	20	80.208633	συνιστοῦσε
2	1	100	0	0	0	1414	1476	32	11	-1	
3	1	100	1	0	0	1414	1476	32	11	-1	
4	1	100	1	1	0	1414	1476	32	11	-1	
5	1	100	1	1	1	1414	1476	32	11	95.000000	  
2	1	101	0	0	0	1179	1500	705	29	-1	
3	1	101	1	0	0	1179	1500	705	29	-1	
4	1	101	1	1	0	1179	1500	705	29	-1	
5	1	101	1	1	1	1179	1502	75	27	95.932808	Μάρτη
5	1	101	1	1	2	1270	1501	33	22	75.651894	καί
5	1	101	1	1	3	1320	1502	29	27	95.045326	ὄχι
5	1	101	1	1	4	1370	1502	30	22	52.814617	τόν
5	1	101	1	1	5	1421	1501	88	28	0.000000	Απρίλη
5	1	101	1	1	6	1524	1501	11	27	82.612289	ἤ
5	1	101	1	1	7	1554	1501	50	27	64.363434	Μάη
5	1	101	1	1	8	1621	1501	33	22	92.225151	πού
5	1	101	1	1	9	1671	1500	103	29	50.304039	σχεδίαζαν
5	1	101	1	1	10	1791	1501	16	22	93.244308	οἱ
5	1	101	1	1	11	1827	1501	57	21	33.146584	Φιλι-
2	1	102	0	0	0	1284	1539	162	23	-1	
3	1	102	1	0	0	1284	1539	162	23	-1	
4	1	102	1	1	0	1284	1539	162	23	-1	
5	1	102	1	1	1	1284	1538	162	24	11.354126	Πελοποννήσου.
2	1	103	0	0	0	1211	1592	673	29	-1	
3	1	103	1	0	0	1211	1592	673	29	-1	
4	1	103	1	1	0	1211	1592	673	29	-1	
5	1	103	1	1	1	1211	1596	8	19	42.219524	Π
5	1	103	1	1	2	1221	1594	62	22	27.545006	είθει,
5	1	103	1	1	3	1317	1594	43	25	95.636208	τέλος
5	1	103	1	1	4	1380	1594	44	25	93.272041	τούς
5	1	103	1	1	5	1440	1594	163	27	0.000000	Παλιαθρυτινούς
5	1	103	1	1	6	1620	1594	15	21	20.534485	Υ᾿
5	1	103	1	1	7	1654	1593	89	28	92.008507	ἀρχίσουν
5	1	103	1	1	8	1761	1593	33	26	92.963913	τήν
5	1	103	1	1	9	1814	1592	70	22	70.181976	ἐπανά-
2	1	104	0	0	0	1178	1629	705	28	-1	
3	1	104	1	0	0	1178	1629	705	28	-1	
4	1	104	1	1	0	1178	1629	705	28	-1	
5	1	104	1	1	1	1178	1639	62	18	84.249207	σταση
5	1	104	1	1	2	1256	1630	48	26	93.126320	µέσα
5	1	104	1	1	3	1319	1630	42	21	0.000000	στ
5	1	104	1	1	4	1379	1630	82	27	0.000000	Μάρτη,
5	1	104	1	1	5	1478	1629	52	25	96.821350	ὅπως
5	1	104	1	1	6	1548	1629	33	22	78.726692	καί
5	1	104	1	1	7	1595	1630	60	26	93.073364	ἔγινε,
5	1	104	1	1	8	1673	1629	32	21	0.000000	καὶ
5	1	104	1	1	9	1721	1629	48	26	93.014359	µετά
5	1	104	1	1	10	1784	1630	99	25	36.983391	χατέθηκε
2	1	105	0	0	0	1301	1603	24	13	-1	
3	1	105	1	0	0	1301	1603	24	13	-1	
4	1	105	1	1	0	1301	1603	24	13	-1	
5	1	105	1	1	1	1301	1603	24	13	95.000000	 
2	1	106	0	0	0	1179	1664	705	28	-1	
3	1	106	1	0	0	1179	1664	705	28	-1	
4	1	106	1	1	0	1179	1664	705	28	-1	
5	1	106	1	1	1	1179	1667	47	25	88.298454	στήν
5	1	106	1	1	2	1244	1666	91	26	2.016281	Τοίπεβνη
5	1	106	1	1	3	1515	1667	70	20	58.350201	παντοῦ
5	1	106	1	1	4	1608	1666	33	25	72.013031	τήν
5	1	106	1	1	5	1665	1665	78	27	56.034515	ἀνάγκη
5	1	106	1	1	6	1759	1665	33	26	93.199677	γιά
5	1	106	1	1	7	1814	1664	70	22	92.720177	ἐπανά-
2	1	107	0	0	0	1360	1666	133	27	-1	
3	1	107	1	0	0	1360	1666	133	27	-1	
4	1	107	1	1	0	1360	1666	133	27	-1	
5	1	107	1	1	1	1360	1666	133	27	47.093235	κηρύσσοντας
2	1	108	0	0	0	1584	1700	300	163	-1	
3	1	108	1	0	0	1584	1700	300	135	-1	
4	1	108	1	1	0	1661	1700	223	27	-1	
5	1	108	1	1	1	1627	1701	19	21	78.347420	πό
5	1	108	1	1	2	1661	1700	44	25	92.968391	τούς
5	1	108	1	1	3	1719	1700	108	27	7.420822	Τούρκους.
5	1	108	1	1	4	1841	1700	43	21	82.119637	Σώ-
4	1	108	1	2	0	1661	1736	223	27	-1	
5	1	108	1	2	1	1661	1738	31	20	93.623543	τοῦ
5	1	108	1	2	2	1709	1736	87	27	93.235573	Τούρκου
5	1	108	1	2	3	1814	1736	70	27	22.001709	'Άρμο-
4	1	108	1	3	0	1584	1771	298	28	-1	
5	1	108	1	3	1	1584	1772	46	27	65.728493	ὄγκο
5	1	108	1	3	2	1646	1774	8	20	92.273399	ὁ
5	1	108	1	3	3	1669	1774	115	25	75.356476	χειροῦργος
5	1	108	1	3	4	1815	1771	67	28	55.439030	ἰατρός
4	1	108	1	4	0	1584	1807	300	28	-1	
5	1	108	1	4	1	1584	1807	141	28	35.775757	εὐγνωμοσύνη.
5	1	108	1	4	2	1746	1808	24	21	61.294167	Ὁ
5	1	108	1	4	3	1793	1808	27	21	89.579735	Π.
5	1	108	1	4	4	1838	1808	46	20	66.874817	Για-
3	1	108	2	0	0	1852	1844	32	19	-1	
4	1	108	2	1	0	1852	1844	32	19	-1	
5	1	108	2	1	1	1852	1844	32	19	0.000000	Ἠ.
2	1	109	0	0	0	1179	1740	68	91	-1	
3	1	109	1	0	0	1179	1740	68	91	-1	
4	1	109	1	1	0	1179	1740	39	24	-1	
5	1	109	1	1	1	1179	1740	39	24	0.000000	θηκ:
4	1	109	1	2	0	1179	1775	68	26	-1	
5	1	109	1	2	1	1179	1775	41	26	88.177673	στη,
5	1	109	1	2	2	1236	1783	11	3	45.601582	τ
4	1	109	1	3	0	1180	1810	51	21	-1	
5	1	109	1	3	1	1180	1810	51	21	37.817497	Παν.
2	1	110	0	0	0	1179	1844	225	27	-1	
3	1	110	1	0	0	1179	1844	225	27	-1	
4	1	110	1	1	0	1179	1844	225	27	-1	
5	1	110	1	1	1	1179	1844	73	27	44.680981	τράκος
5	1	110	1	1	2	1274	1844	130	27	40.611443	ἀναδείχθηκε
2	1	111	0	0	0	1220	1726	428	113	-1	
3	1	111	1	0	0	1220	1726	428	113	-1	
4	1	111	1	1	0	1220	1726	428	45	-1	
5	1	111	1	1	1	1220	1726	428	45	95.000000	 
4	1	111	1	2	0	1220	1771	351	37	-1	
5	1	111	1	2	1	1220	1771	351	37	95.000000	  
4	1	111	1	3	0	1247	1808	324	31	-1	
5	1	111	1	3	1	1247	1808	324	31	95.000000	 
2	1	112	0	0	0	1180	1843	638	64	-1	
3	1	112	1	0	0	1180	1843	638	64	-1	
4	1	112	1	1	0	1451	1843	367	28	-1	
5	1	112	1	1	1	1451	1844	79	27	32.781105	(όπερα,
5	1	112	1	1	2	1548	1844	34	21	54.902988	σών
5	1	112	1	1	3	1603	1843	151	27	85.225769	στρατιωτικός,
5	1	112	1	1	4	1773	1843	45	26	88.422287	στήν
4	1	112	1	2	0	1180	1880	254	27	-1	
5	1	112	1	2	1	1180	1880	115	27	57.831059	πανάσπαση
5	1	112	1	2	2	1311	1882	31	19	95.721954	τοῦ
5	1	112	1	2	3	1360	1880	44	27	1.592819	Μορ
5	1	112	1	2	4	1410	1882	24	19	1.592819	-ᾶ.
2	1	113	0	0	0	1222	1935	528	26	-1	
3	1	113	1	0	0	1222	1935	528	26	-1	
4	1	113	1	1	0	1222	1935	528	26	-1	
5	1	113	1	1	1	1222	1935	50	21	89.594635	Όλοι
5	1	113	1	1	2	1292	1943	15	12	78.959579	αἱ
5	1	113	1	1	3	1331	1942	92	19	78.959579	ἱστορικοί
5	1	113	1	1	4	1442	1942	109	19	69.770088	συμφωνοῦν
5	1	113	1	1	5	1571	1942	27	13	83.624847	ὕτι
5	1	113	1	1	6	1627	1948	3	11	81.482948	Ἡ
5	1	113	1	1	7	1647	1942	103	17	89.438774	ἐπίσπευση
2	1	114	0	0	0	1311	1961	504	65	-1	
3	1	114	1	0	0	1311	1961	504	65	-1	
4	1	114	1	1	0	1311	1961	504	65	-1	
5	1	114	1	1	1	1311	1961	504	65	95.000000	   
2	1	115	0	0	0	1260	2057	623	129	-1	
3	1	115	1	0	0	1260	2057	623	129	-1	
4	1	115	1	1	0	1260	2057	623	28	-1	
5	1	115	1	1	1	1260	2076	3	3	0.000000	ι
5	1	115	1	1	2	1279	2059	8	21	82.622375	ὁ
5	1	115	1	1	3	1304	2058	77	27	92.155159	γωστός
5	1	115	1	1	4	1396	2058	129	27	45.906288	πολεµάρχης
5	1	115	1	1	5	1543	2057	33	22	87.990189	καὶ
5	1	115	1	1	6	1591	2058	68	26	48.983253	Ἶρωας
5	1	115	1	1	7	1677	2059	36	24	96.505455	τῆς
5	1	115	1	1	8	1730	2057	67	27	37.373421	μάχης
5	1	115	1	1	9	1815	2057	34	21	93.305687	πού
5	1	115	1	1	10	1865	2057	18	21	87.484253	ἕ-
4	1	115	1	2	0	1278	2092	605	28	-1	
5	1	115	1	2	1	1278	2094	90	21	36.408592	Μανιάνκι
5	1	115	1	2	2	1384	2093	116	27	0.000000	Ἀ]εσσηνίας
5	1	115	1	2	3	1519	2092	86	22	46.303211	ἐναυτίον
5	1	115	1	2	4	1624	2095	38	20	93.281601	τῶν
5	1	115	1	2	5	1681	2092	90	27	75.880081	᾿Αράδων
5	1	115	1	2	6	1788	2093	33	21	93.275841	πού
5	1	115	1	2	7	1840	2094	43	24	8.740463	ἅδη-
4	1	115	1	3	0	1295	2127	588	29	-1	
5	1	115	1	3	1	1295	2137	27	17	68.520287	Ίος
5	1	115	1	3	2	1336	2131	8	21	88.622620	ὁ
5	1	115	1	3	3	1361	2130	97	26	44.644646	Ἱμπραήμ.
5	1	115	1	3	4	1474	2129	37	27	89.738663	(28
5	1	115	1	3	5	1527	2128	49	27	91.592331	Μάη
5	1	115	1	3	6	1593	2128	75	27	85.925552	1805).
5	1	115	1	3	7	1833	2127	50	22	32.507889	ἀδά-
4	1	115	1	4	0	1333	2164	113	22	-1	
5	1	115	1	4	1	1333	2167	32	19	95.775063	τοῦ
5	1	115	1	4	2	1384	2164	62	22	74.494637	18041
2	1	116	0	0	0	1179	2128	643	28	-1	
3	1	116	1	0	0	1179	2128	643	28	-1	
4	1	116	1	1	0	1179	2128	643	28	-1	
5	1	116	1	1	1	1179	2132	55	24	79.058701	γοῦσε
5	1	116	1	1	2	1248	2131	9	20	85.424324	ὁ
5	1	116	1	1	3	1275	2139	3	11	0.000000	ᾖ
5	1	116	1	1	4	1684	2128	45	21	59.514496	Νιά
5	1	116	1	1	5	1743	2128	35	21	73.339264	ἀπό
5	1	116	1	1	6	1792	2127	30	25	81.982544	τίς
2	1	117	0	0	0	1280	2126	21	44	-1	
3	1	117	1	0	0	1280	2126	21	44	-1	
4	1	117	1	1	0	1280	2126	21	44	-1	
5	1	117	1	1	1	1280	2126	21	44	95.000000	 
2	1	118	0	0	0	1180	2168	97	24	-1	
3	1	118	1	0	0	1180	2168	97	24	-1	
4	1	118	1	1	0	1180	2168	97	24	-1	
5	1	118	1	1	1	1180	2173	58	16	0.000000	λαπες
5	1	118	1	1	2	1255	2168	22	24	36.831974	φυ
2	1	119	0	0	0	1277	2173	44	19	-1	
3	1	119	1	0	0	1277	2173	44	19	-1	
4	1	119	1	1	0	1277	2173	44	19	-1	
5	1	119	1	1	1	1277	2173	44	19	95.000000	 
2	1	120	0	0	0	1500	2200	356	22	-1	
3	1	120	1	0	0	1500	2200	356	22	-1	
4	1	120	1	1	0	1500	2200	356	22	-1	
5	1	120	1	1	1	1500	2200	164	22	91.749367	ΔΗΜΗΤΡΗΣ
5	1	120	1	1	2	1681	2200	175	20	77.838638	ΝΑΛΛΙΑΝΗΣ
2	1	121	0	0	0	1183	2259	699	4	-1	
3	1	121	1	0	0	1183	2259	699	4	-1	
4	1	121	1	1	0	1183	2259	699	4	-1	
5	1	121	1	1	1	1183	2259	699	4	95.000000	 
2	1	122	0	0	0	1270	2290	527	276	-1	
3	1	122	1	0	0	1270	2290	527	276	-1	
4	1	122	1	1	0	1285	2290	497	28	-1	
5	1	122	1	1	1	1285	2290	32	22	96.797363	Τό
5	1	122	1	1	2	1331	2290	124	28	93.284874	Λογιστικό
5	1	122	1	1	3	1467	2302	28	3	86.108597	---
5	1	122	1	1	4	1510	2290	158	27	91.503853	Φοροτεχνικό
5	1	122	1	1	5	1682	2290	100	27	92.468735	γραφεῖο
4	1	122	1	2	0	1373	2326	319	22	-1	
5	1	122	1	2	1	1373	2326	175	22	93.304779	ΔΗΜΗΤΡΙΟΣ
5	1	122	1	2	2	1563	2326	129	21	92.105835	ΣΙΓΑΛΟΣ
4	1	122	1	3	0	1393	2361	278	28	-1	
5	1	122	1	3	1	1393	2363	46	25	91.533562	Σᾶς
5	1	122	1	3	2	1451	2362	97	27	92.307999	εὔχεται
5	1	122	1	3	3	1562	2361	109	27	80.267273	ὀλόφυχα
4	1	122	1	4	0	1363	2396	340	22	-1	
5	1	122	1	4	1	1363	2397	221	21	92.046577	ΧΑΡΟΥΜΕΝΕΣ
5	1	122	1	4	2	1582	2396	121	21	96.481316	ΓΙΟΡΤΕΣ
4	1	122	1	5	0	1370	2431	324	22	-1	
5	1	122	1	5	1	1370	2431	209	22	90.269051	ΕΥΤΥΧΙΣΜΕΝΟ
5	1	122	1	5	2	1595	2431	99	21	96.883369	ΧΡΟΝΟ
4	1	122	1	6	0	1403	2467	259	21	-1	
5	1	122	1	6	1	1403	2467	96	21	91.776527	ΚΑΛΕΣ
5	1	122	1	6	2	1514	2467	148	21	93.583298	ΔΟΥΛΕΙΕΣ
4	1	122	1	7	0	1270	2501	527	29	-1	
5	1	122	1	7	1	1270	2503	111	27	73.035896	Γριαφεῖο:
5	1	122	1	7	2	1399	2503	23	21	91.816254	Κ.
5	1	122	1	7	3	1435	2502	167	27	93.300652	Παλαιολόγου
5	1	122	1	7	4	1618	2501	24	22	0.188606	Ιό
5	1	122	1	7	5	1657	2503	38	26	45.827946	Ιος
5	1	122	1	7	6	1707	2501	90	28	92.786041	ὄροφος
4	1	122	1	8	0	1367	2537	331	29	-1	
5	1	122	1	8	1	1367	2538	55	28	93.299103	Τηλ.
5	1	122	1	8	2	1439	2538	83	21	84.566338	24-607
5	1	122	1	8	3	1537	2550	30	2	42.683739	---
5	1	122	1	8	4	1583	2537	115	22	96.847969	ΣΠΑΡΤΗ
2	1	123	0	0	0	1185	2596	700	4	-1	
3	1	123	1	0	0	1185	2596	700	4	-1	
4	1	123	1	1	0	1185	2596	700	4	-1	
5	1	123	1	1	1	1185	2596	700	4	95.000000	 
2	1	124	0	0	0	1260	2626	548	135	-1	
3	1	124	1	0	0	1260	2626	548	135	-1	
4	1	124	1	1	0	1311	2626	445	22	-1	
5	1	124	1	1	1	1311	2627	205	21	91.952408	ΣΥΝΤΗΡΗΣΕΙΣ
5	1	124	1	1	2	1529	2626	93	22	96.752113	ΕΡΓΩΝ
5	1	124	1	1	3	1637	2626	119	21	96.069962	ΤΕΧΝΗΣ
4	1	124	1	2	0	1351	2662	364	22	-1	
5	1	124	1	2	1	1351	2662	153	21	40.978352	ΔΕΣΠΟΙΝΑ
5	1	124	1	2	2	1522	2663	21	20	85.756989	Γ.
5	1	124	1	2	3	1560	2662	155	22	85.720718	ΚΑΤΣΑΡΟΥ
4	1	124	1	3	0	1260	2697	548	25	-1	
5	1	124	1	3	1	1260	2698	170	21	95.666420	ΕΡΓΑΣΤΗΡΙ:
5	1	124	1	3	2	1447	2697	218	22	95.496368	ΧΡΥΣΟΣΤΟΜΟΥ
5	1	124	1	3	3	1674	2698	21	24	96.436882	4,
5	1	124	1	3	4	1709	2697	99	21	96.214005	ΠΛΑΚΑ
4	1	124	1	4	0	1439	2733	189	28	-1	
5	1	124	1	4	1	1439	2733	55	28	96.456772	Τηλ.
5	1	124	1	4	2	1511	2733	117	22	0.000000	32.26.0852
2	1	125	0	0	0	1179	2768	705	29	-1	
3	1	125	1	0	0	1179	2768	705	29	-1	
4	1	125	1	1	0	1179	2768	705	29	-1	
5	1	125	1	1	1	1179	2768	56	22	96.438789	εἶναι
5	1	125	1	1	2	1249	2769	59	28	93.629601	Κόρη
5	1	125	1	1	3	1323	2770	42	20	93.295685	τοῦ
5	1	125	1	1	4	1379	2769	125	28	91.959732	ἀγαπητοῦ
5	1	125	1	1	5	1519	2776	46	20	95.092064	µας
5	1	125	1	1	6	1579	2768	77	28	92.815834	φίλου,
5	1	125	1	1	7	1674	2769	21	21	91.132851	Γ.
5	1	125	1	1	8	1712	2768	26	21	90.467598	Χ.
5	1	125	1	1	9	1756	2769	128	26	91.840805	Κατσαροῦ
2	1	126	0	0	0	1178	2856	706	173	-1	
3	1	126	1	0	0	1178	2856	706	173	-1	
4	1	126	1	1	0	1357	2856	373	26	-1	
5	1	126	1	1	1	1357	2857	186	22	91.742378	ΡΓΑΣΤΗΡΙΟΝ
5	1	126	1	1	2	1560	2856	170	26	45.471493	ΖΑΧΙΑΡ)ΙΚΗΣ
4	1	126	1	2	0	1373	2893	323	21	-1	
5	1	126	1	2	1	1373	2893	158	21	84.897102	ΒΑΣΙΛΕΙΟΥ
5	1	126	1	2	2	1547	2893	149	21	91.787453	ΒΕΡΓΑΔΟΥ
4	1	126	1	3	0	1178	2928	706	22	-1	
5	1	126	1	3	1	1178	2929	131	21	90.764809	ΠΛΑΤΙΕΙΑ
5	1	126	1	3	2	1326	2929	98	21	96.217911	ΔΟΥΚΑ
5	1	126	1	3	3	1441	2928	12	21	35.730522	6
5	1	126	1	3	4	1469	2929	116	21	93.294693	ΣΠΑΡΤΗ
5	1	126	1	3	5	1601	2941	28	2	89.217857	--
5	1	126	1	3	6	1645	2928	58	21	93.270668	ΤΗΛ
5	1	126	1	3	7	1718	2928	166	21	56.208950	24229424224
4	1	126	1	4	0	1206	2964	678	28	-1	
5	1	126	1	4	1	1206	2965	125	27	92.610260	Δεχόμεθα
5	1	126	1	4	2	1347	2965	89	26	91.664841	παντὸς
5	1	126	1	4	3	1454	2965	77	26	91.664841	εἴδους
5	1	126	1	4	4	1549	2965	165	27	83.619080	παραγγελίες,
5	1	126	1	4	5	1730	2964	39	27	94.162476	γιὰ
5	1	126	1	4	6	1788	2964	96	27	51.787689	γάμους,
4	1	126	1	5	0	1179	3000	569	29	-1	
5	1	126	1	5	1	1179	3001	119	24	48.911789	Βαπτίἰσια,
5	1	126	1	5	2	1315	3000	156	29	85.981468	᾿Αρραθῶνες.
5	1	126	1	5	3	1487	3000	101	28	65.978592	Παγωτὸ
5	1	126	1	5	4	1604	3000	28	27	90.204391	µέ
5	1	126	1	5	5	1647	3000	28	21	93.300125	τὸ
5	1	126	1	5	6	1690	3000	58	21	65.730492	κιλὸ.
2	1	127	0	0	0	1194	2826	693	4	-1	
3	1	127	1	0	0	1194	2826	693	4	-1	
4	1	127	1	1	0	1194	2826	693	4	-1	
5	1	127	1	1	1	1194	2826	693	4	95.000000	 
2	1	128	0	0	0	1855	1052	32	35	-1	
3	1	128	1	0	0	1855	1052	32	35	-1	
4	1	128	1	1	0	1855	1052	32	35	-1	
5	1	128	1	1	1	1855	1052	32	35	95.000000	 
2	1	129	0	0	0	1894	54	5	2978	-1	
3	1	129	1	0	0	1894	54	5	2978	-1	
4	1	129	1	1	0	1894	54	5	2978	-1	
5	1	129	1	1	1	1894	54	5	2978	95.000000	 
2	1	130	0	0	0	1921	48	353	449	-1	
3	1	130	1	0	0	1922	48	352	343	-1	
4	1	130	1	1	0	2039	48	121	17	-1	
5	1	130	1	1	1	2039	48	121	17	92.278313	ΓΕΩΡΓΙΤΣΙ
4	1	130	1	2	0	1961	83	277	20	-1	
5	1	130	1	2	1	1961	84	130	17	91.433998	ΔΙΜΗΝΙΑΙΑ
5	1	130	1	2	2	2104	83	134	20	96.788872	ΕΦΗΜΕΡΙΔΑ
4	1	130	1	3	0	1974	119	252	22	-1	
5	1	130	1	3	1	1974	119	115	22	88.672638	Ὑπεύθυνος
5	1	130	1	3	2	2101	119	48	17	91.108215	κατά
5	1	130	1	3	3	2164	119	62	22	41.203781	Νόμον
4	1	130	1	4	0	1964	154	272	18	-1	
5	1	130	1	4	1	1964	155	52	17	93.292145	ΚΩΝ.
5	1	130	1	4	2	2030	155	20	17	91.421074	Η.
5	1	130	1	4	3	2066	154	170	18	91.468948	ΓΙΑΝΝΑΚΑΚΗΣ
4	1	130	1	5	0	1956	190	287	23	-1	
5	1	130	1	5	1	1956	190	113	23	96.723503	Λυκούργου
5	1	130	1	5	2	2082	190	22	17	92.819588	27
5	1	130	1	5	3	2114	200	24	3	56.783249	---
5	1	130	1	5	4	2149	190	94	17	96.428474	ΣΠΑΡΤΗ
4	1	130	1	6	0	2034	226	127	22	-1	
5	1	130	1	6	1	2034	226	48	22	93.088509	Τηλ.
5	1	130	1	6	2	2096	226	65	17	86.626244	28-976
4	1	130	1	7	0	1963	262	275	22	-1	
5	1	130	1	7	1	1963	262	115	21	92.141045	Ὑπεύθυνος
5	1	130	1	7	2	2090	262	148	22	95.501671	Τυπογραφείου
4	1	130	1	8	0	1966	297	268	18	-1	
5	1	130	1	8	1	1966	297	82	17	93.082718	ΕΛΕΥΘ.
5	1	130	1	8	2	2062	297	20	17	88.896042	Κ.
5	1	130	1	8	3	2096	297	138	18	91.899147	ΝΙΚΟΛΑΡΟΣ
4	1	130	1	9	0	1974	332	252	23	-1	
5	1	130	1	9	1	1974	333	47	22	94.119804	Τηλ.
5	1	130	1	9	2	2035	332	66	18	51.721016	268-076
5	1	130	1	9	3	2113	333	31	17	93.219978	καί
5	1	130	1	9	4	2157	332	69	18	90.151657	23-473
4	1	130	1	10	0	1922	368	352	23	-1	
5	1	130	1	10	1	1922	368	77	23	53.541924	᾿Ἐτησία
5	1	130	1	10	2	2017	368	97	23	89.037613	συνδροµή
5	1	130	1	10	3	2133	368	56	22	91.934158	δραχ.
5	1	130	1	10	4	2244	369	30	17	94.497337	150
3	1	130	2	0	0	1921	404	353	93	-1	
4	1	130	2	1	0	1945	404	328	22	-1	
5	1	130	2	1	1	1945	404	123	22	63.112682	᾿Ἐξωτερικοῦ
5	1	130	2	1	2	2088	404	41	22	81.752701	ἀερ.
5	1	130	2	1	3	2149	404	43	17	96.919289	δολ.
5	1	130	2	1	4	2255	404	18	17	96.660736	12
4	1	130	2	2	0	1947	440	116	22	-1	
5	1	130	2	2	1	1947	440	116	22	35.805145	Συνδρομές:
4	1	130	2	3	0	1921	475	353	22	-1	
5	1	130	2	3	1	1921	475	26	21	93.269226	εἰς
5	1	130	2	3	2	1960	475	115	17	79.087143	᾿Αθανάσιον
5	1	130	2	3	3	2089	475	72	22	90.529915	Δῆμον.
5	1	130	2	3	4	2176	475	51	22	90.529915	Στήν
5	1	130	2	3	5	2243	475	31	17	76.827286	ἸΑ-
2	1	131	0	0	0	2106	439	167	23	-1	
3	1	131	1	0	0	2106	439	167	23	-1	
4	1	131	1	1	0	2106	439	167	23	-1	
5	1	131	1	1	1	2106	439	40	18	91.863075	Στό
5	1	131	1	1	2	2166	440	107	22	83.052048	Γεωργίτοι,
2	1	132	0	0	0	1921	510	353	94	-1	
3	1	132	1	0	0	1921	510	353	94	-1	
4	1	132	1	1	0	1921	510	352	23	-1	
5	1	132	1	1	1	1921	510	48	22	92.889473	θήνα
5	1	132	1	1	2	1983	510	25	22	84.459625	εἷς
5	1	132	1	1	3	2026	510	18	17	93.063736	Β.
5	1	132	1	1	4	2060	510	113	23	70.305397	Καραλέμαν
5	1	132	1	1	5	2190	510	83	18	95.269287	Σταδίου
4	1	132	1	2	0	1922	546	352	22	-1	
5	1	132	1	2	1	1922	546	23	16	89.611481	48
5	1	132	1	2	2	1958	546	37	17	96.116615	στὰ
5	1	132	1	2	3	2010	546	117	22	96.116615	Δικαστήρια
5	1	132	1	2	4	2140	546	30	17	93.291451	καί
5	1	132	1	2	5	2186	546	20	17	89.559906	Κ.
5	1	132	1	2	6	2223	546	51	17	92.252686	Γιαν-
4	1	132	1	3	0	1923	581	186	23	-1	
5	1	132	1	3	1	1923	581	73	22	90.479431	νακάκη
5	1	132	1	3	2	2010	581	99	23	90.479431	Σπάρτην.
2	1	133	0	0	0	1920	644	356	32	-1	
3	1	133	1	0	0	1920	644	356	32	-1	
4	1	133	1	1	0	1920	644	356	32	-1	
5	1	133	1	1	1	1920	644	110	30	27.012589	((ΚΟΣΤΙΣΕ
5	1	133	1	1	2	2048	644	13	29	59.165184	0
5	1	133	1	1	3	2072	644	91	30	91.322708	ΚΟΥΚΟΣ
5	1	133	1	1	4	2172	644	104	32	48.593563	ΛΗΛΟΝΗ
2	1	134	0	0	0	1921	713	352	133	-1	
3	1	134	1	0	0	1921	713	352	133	-1	
4	1	134	1	1	0	1948	713	322	27	-1	
5	1	134	1	1	1	1948	713	60	20	87.604378	Μετὰ
5	1	134	1	1	2	2027	713	21	22	91.666649	τό
5	1	134	1	1	3	2067	713	63	27	53.943420	{891
5	1	134	1	1	4	2148	713	122	26	74.800911	διατέθηκαν
4	1	134	1	2	0	1921	747	351	27	-1	
5	1	134	1	2	1	1921	747	78	27	63.646347	μεγάλα
5	1	134	1	2	2	2012	747	49	21	91.279686	ποσὰ
5	1	134	1	2	3	2084	747	35	27	74.054382	γιὰ
5	1	134	1	2	4	2133	749	15	24	73.148758	ν
5	1	134	1	2	5	2164	748	108	26	14.526604	ἀποχτήσου
4	1	134	1	3	0	2015	782	258	27	-1	
5	1	134	1	3	1	2015	785	28	22	87.626472	εἴς
5	1	134	1	3	2	2058	783	35	21	84.253777	ἕνα
5	1	134	1	3	3	2106	782	120	27	81.505142	ἀτμιοχίνητο
5	1	134	1	3	4	2239	792	34	12	24.912926	κα
4	1	134	1	4	0	1991	818	205	28	-1	
5	1	134	1	4	1	1991	819	22	20	96.852264	ἂν
5	1	134	1	4	2	2031	819	33	21	82.888832	καί
5	1	134	1	4	3	2079	819	12	25	34.069374	ᾗ
5	1	134	1	4	4	2108	818	88	28	66.891479	πρόταση
2	1	135	0	0	0	1923	628	352	2	-1	
3	1	135	1	0	0	1923	628	352	2	-1	
4	1	135	1	1	0	1923	628	352	2	-1	
5	1	135	1	1	1	1923	628	352	2	95.000000	 
2	1	136	0	0	0	2005	692	175	6	-1	
3	1	136	1	0	0	2005	692	175	6	-1	
4	1	136	1	1	0	2005	692	175	6	-1	
5	1	136	1	1	1	2005	692	175	6	95.000000	 
2	1	137	0	0	0	1921	783	75	26	-1	
3	1	137	1	0	0	1921	783	75	26	-1	
4	1	137	1	1	0	1921	783	75	26	-1	
5	1	137	1	1	1	1921	791	23	18	55.184906	με
5	1	137	1	1	2	1956	792	19	13	85.328178	κι
5	1	137	1	1	3	1992	783	4	6	73.780136	ἐ
2	1	138	0	0	0	1990	791	31	18	-1	
3	1	138	1	0	0	1990	791	31	18	-1	
4	1	138	1	1	0	1990	791	31	18	-1	
5	1	138	1	1	1	1990	791	31	18	95.000000	 
2	1	139	0	0	0	1921	819	352	61	-1	
3	1	139	1	0	0	1921	819	352	61	-1	
4	1	139	1	1	0	2222	819	51	26	-1	
5	1	139	1	1	1	2222	819	51	26	74.103584	αὐτή
4	1	139	1	2	0	1921	853	352	27	-1	
5	1	139	1	2	1	1921	853	31	21	93.960846	δέν
5	1	139	1	2	2	1968	853	47	27	95.927261	ἦταν
5	1	139	1	2	3	2032	855	37	21	92.368446	τῶν
5	1	139	1	2	4	2087	855	61	22	45.871208	δικῶν
5	1	139	1	2	5	2164	862	38	18	92.660660	µιας
5	1	139	1	2	6	2219	854	54	21	95.864441	ἀλλὰ
2	1	140	0	0	0	1921	818	52	27	-1	
3	1	140	1	0	0	1921	818	52	27	-1	
4	1	140	1	1	0	1941	818	14	10	-1	
5	1	140	1	1	1	1941	818	14	10	16.674484	ορ
4	1	140	1	2	0	1921	827	52	18	-1	
5	1	140	1	2	1	1921	827	52	18	60.274803	ράθι,
2	1	141	0	0	0	1919	889	355	384	-1	
3	1	141	1	0	0	1923	889	136	28	-1	
4	1	141	1	1	0	1923	889	136	28	-1	
5	1	141	1	1	1	1923	891	32	19	83.520508	τοῦ
5	1	141	1	1	2	1971	889	88	28	27.747849	ἠόχρον.
3	1	141	2	0	0	1919	924	355	315	-1	
4	1	141	2	1	0	1970	924	292	8	-1	
5	1	141	2	1	1	1970	925	3	6	26.569527	ο
5	1	141	2	1	2	2007	924	31	7	12.841713	σα
5	1	141	2	1	3	2108	924	29	7	0.000000	.ν
5	1	141	2	1	4	2232	924	30	8	2.443611	ο.
4	1	141	2	2	0	1944	925	329	27	-1	
5	1	141	2	2	1	1944	925	42	26	8.033707	ήν
5	1	141	2	2	2	2003	933	63	19	89.977791	ἡμέρα
5	1	141	2	2	3	2079	933	35	13	93.280045	πού
5	1	141	2	2	4	2128	932	71	20	92.619095	ἔφτασε
5	1	141	2	2	5	2217	933	22	14	93.267761	τό
5	1	141	2	2	6	2253	934	20	12	59.492111	ᾱ-
4	1	141	2	3	0	1919	960	354	28	-1	
5	1	141	2	3	1	1919	960	106	26	47.990463	ναμεύμενο
5	1	141	2	3	2	2045	960	79	28	38.944962	χαρᾶθι,
5	1	141	2	3	3	2159	960	114	27	30.215706	καπέθηκαν
4	1	141	2	4	0	1919	996	355	27	-1	
5	1	141	2	4	1	1919	996	72	21	94.963249	πολλοί
5	1	141	2	4	2	2007	996	43	21	76.343887	στόν
5	1	141	2	4	3	2067	997	88	26	17.110886	Πειραιά
5	1	141	2	4	4	2168	996	34	27	82.534485	γιὰ
5	1	141	2	4	5	2214	996	25	21	96.571411	νὰ
5	1	141	2	4	6	2252	996	22	22	84.275238	τό
4	1	141	2	5	0	1994	1031	265	8	-1	
5	1	141	2	5	1	1994	1031	4	7	34.354317	η
5	1	141	2	5	2	2125	1031	134	8	23.885490	ας
4	1	141	2	6	0	1920	1032	353	27	-1	
5	1	141	2	6	1	1920	1039	135	20	31.186157	Χαμιαρώσουν.
5	1	141	2	6	2	2074	1032	55	25	74.439423	Μαζί
5	1	141	2	6	3	2146	1040	22	18	84.471992	µέ
5	1	141	2	6	4	2185	1040	21	14	90.599533	τὸ
5	1	141	2	6	5	2225	1039	48	15	62.972427	ἀνώ-
4	1	141	2	7	0	2091	1067	182	28	-1	
5	1	141	2	7	1	2091	1067	103	28	90.050140	θρισκόταν
5	1	141	2	7	2	2214	1067	34	22	72.386353	καί
5	1	141	2	7	3	2264	1068	9	22	85.652222	ὁ
4	1	141	2	8	0	1920	1103	354	27	-1	
5	1	141	2	8	1	1920	1103	84	26	50.454960	ποµητής
5	1	141	2	8	2	2023	1103	129	27	60.246490	Σπυριδώνης
5	1	141	2	8	3	2169	1103	35	21	91.764374	πού
5	1	141	2	8	4	2238	1111	36	14	0.000000	Ἀα-
4	1	141	2	9	0	1920	1138	353	28	-1	
5	1	141	2	9	1	1920	1138	45	25	76.672737	Φώς
5	1	141	2	9	2	1983	1139	40	22	89.302849	εἶδε
5	1	141	2	9	3	2040	1141	21	21	88.646568	τό
5	1	141	2	9	4	2075	1139	71	27	29.904404	χαρὰξι
5	1	141	2	9	5	2178	1138	34	22	86.057709	καὶ
5	1	141	2	9	6	2228	1140	45	20	40.124969	ἆνα-
4	1	141	2	10	0	1920	1174	354	27	-1	
5	1	141	2	10	1	1920	1174	108	27	90.481079	λογίστηκε
5	1	141	2	10	2	2047	1174	48	22	93.266029	πόσα
5	1	141	2	10	3	2112	1174	65	27	91.031616	λεφτὰ
5	1	141	2	10	4	2208	1174	66	25	0.000000	Κξοδεύ-
4	1	141	2	11	0	1921	1209	297	30	-1	
5	1	141	2	11	1	1921	1218	62	18	92.556564	τηκαν
5	1	141	2	11	2	2003	1211	26	26	85.537071	γι
5	1	141	2	11	3	2047	1210	52	27	81.972488	ἀὐτό,
5	1	141	2	11	4	2115	1209	43	30	93.121445	εἶπε
5	1	141	2	11	5	2175	1209	43	22	94.237503	στόν
3	1	141	3	0	0	1922	1245	256	28	-1	
4	1	141	3	1	0	1922	1245	256	28	-1	
5	1	141	3	1	1	1922	1246	140	27	62.161705	ραστεικούµενο
5	1	141	3	1	2	2074	1245	104	22	12.856888	ΤΓευνᾶδιο:
2	1	142	0	0	0	1920	1068	151	27	-1	
3	1	142	1	0	0	1920	1068	151	27	-1	
4	1	142	1	1	0	1920	1068	151	27	-1	
5	1	142	1	1	1	1920	1076	44	18	44.523640	νυμο
5	1	142	1	1	2	1983	1068	88	27	68.072227	πλῆδος,
2	1	143	0	0	0	2239	1218	35	13	-1	
3	1	143	1	0	0	2239	1218	35	13	-1	
4	1	143	1	1	0	2239	1218	35	13	-1	
5	1	143	1	1	1	2239	1218	35	13	84.751312	πα”
2	1	144	0	0	0	1920	1280	354	134	-1	
3	1	144	1	0	0	1920	1280	354	134	-1	
4	1	144	1	1	0	1949	1280	324	28	-1	
5	1	144	1	1	1	1949	1294	29	2	52.020576	---
5	1	144	1	1	2	1991	1281	125	27	80.190857	Λογιώτατε,
5	1	144	1	1	3	2133	1282	56	21	95.976196	τοῦτο
5	1	144	1	1	4	2205	1280	22	23	91.753052	τά
5	1	144	1	1	5	2242	1281	31	21	44.319397	ἆτι
4	1	144	1	2	0	1921	1316	353	27	-1	
5	1	144	1	2	1	1921	1316	92	27	0.000000	µοκίνητο
5	1	144	1	2	2	2038	1317	69	26	34.977005	(ἔκαν
5	1	144	1	2	3	2142	1316	132	27	69.996979	λαγοπαίγνιο
4	1	144	1	3	0	1920	1351	354	27	-1	
5	1	144	1	3	1	1920	1352	23	26	47.282642	μέ
5	1	144	1	3	2	1960	1352	22	21	93.248787	τό
5	1	144	1	3	3	1997	1351	127	27	73.327988	ἀτμοχίνητο)
5	1	144	1	3	4	2136	1354	45	24	84.889862	μᾶς
5	1	144	1	3	5	2196	1351	78	22	17.191078	κόστισε
4	1	144	1	4	0	1928	1387	275	16	-1	
5	1	144	1	4	1	1928	1387	40	7	32.160812	---
5	1	144	1	4	2	2031	1387	53	7	28.634705	να.
5	1	144	1	4	3	2148	1390	8	3	4.497849	ὃν
5	1	144	1	4	4	2200	1388	3	15	0.000000	ρλρη
4	1	144	1	5	0	1923	1389	280	25	-1	
5	1	144	1	5	1	1923	1389	66	25	37.005280	ἀηῥόνι
5	1	144	1	5	2	2003	1396	32	13	80.995071	καὶ
5	1	144	1	5	3	2048	1390	63	24	53.440304	θγήκε
5	1	144	1	5	4	2123	1395	80	17	13.141617	κοῦκος|
2	1	145	0	0	0	2003	1452	218	38	-1	
3	1	145	1	0	0	2003	1452	218	38	-1	
4	1	145	1	1	0	2003	1452	218	38	-1	
5	1	145	1	1	1	2003	1452	196	38	6.132584	ΣΓΧΡΗΤΗΡΙΛ
5	1	145	1	1	2	2218	1457	3	5	43.926655	᾽᾿
2	1	146	0	0	0	1922	1501	352	167	-1	
3	1	146	1	0	0	1922	1501	352	167	-1	
4	1	146	1	1	0	1945	1501	329	29	-1	
5	1	146	1	1	1	1945	1503	17	18	80.287216	ϱ
5	1	146	1	1	2	1980	1502	26	21	87.532242	Ἡ
5	1	146	1	1	3	2022	1501	106	29	74.073357	ἐφημερίδα
5	1	146	1	1	4	2147	1510	38	19	92.771248	µας
5	1	146	1	1	5	2204	1501	70	23	91.692245	ἀπευθύ
4	1	146	1	2	0	1971	1538	232	25	-1	
5	1	146	1	2	1	1971	1538	62	25	92.524048	θερμὰ
5	1	146	1	2	2	2053	1538	150	25	95.142059	συγχαρητήρια
4	1	146	1	3	0	1922	1571	351	27	-1	
5	1	146	1	3	1	1922	1571	97	27	88.625465	Δημήτρη
5	1	146	1	3	2	2036	1571	45	21	25.882042	Απ.
5	1	146	1	3	3	2102	1571	122	26	42.741913	ἸΚουτοζήση,
5	1	146	1	3	4	2242	1571	31	26	37.626873	ὁγ-
4	1	146	1	4	0	1922	1605	352	28	-1	
5	1	146	1	4	1	1922	1608	45	25	41.366570	χονό
5	1	146	1	4	2	1988	1607	126	26	53.332771	᾽Αγγεληνῆς
5	1	146	1	4	3	2150	1605	124	28	59.425148	Περιδολιώ-
4	1	146	1	5	0	1923	1641	351	27	-1	
5	1	146	1	5	1	1923	1651	23	17	96.028343	τη
5	1	146	1	5	2	1965	1642	34	21	93.086357	πού
5	1	146	1	5	3	2014	1643	48	25	1.131882	πῆρε
5	1	146	1	5	4	2083	1641	18	22	91.925667	τὸ
5	1	146	1	5	5	2118	1641	156	22	26.798470	ΡΟΩΤΟΒΑΤ
2	1	147	0	0	0	1921	1677	353	26	-1	
3	1	147	1	0	0	1921	1677	353	26	-1	
4	1	147	1	1	0	1921	1677	353	26	-1	
5	1	147	1	1	1	1921	1679	108	20	44.271446	πολιτυκῶν
5	1	147	1	1	2	2048	1677	32	22	81.778511	καί
5	1	147	1	1	3	2100	1678	127	25	35.521347	οἰκονομικῶν
5	1	147	1	1	4	2244	1677	30	22	92.215668	ἐπι
2	1	148	0	0	0	1923	1435	352	3	-1	
3	1	148	1	0	0	1923	1435	352	3	-1	
4	1	148	1	1	0	1923	1435	352	3	-1	
5	1	148	1	1	1	1923	1435	352	3	95.000000	 
2	1	149	0	0	0	1920	1537	352	20	-1	
3	1	149	1	0	0	1920	1537	352	20	-1	
4	1	149	1	1	0	1920	1537	352	20	-1	
5	1	149	1	1	1	1920	1546	27	11	0.000000	ψαι
5	1	149	1	1	2	2236	1537	36	20	96.108276	στό
2	1	150	0	0	0	2065	1623	4	4	-1	
3	1	150	1	0	0	2065	1623	4	4	-1	
4	1	150	1	1	0	2065	1623	4	4	-1	
5	1	150	1	1	1	2065	1623	4	4	95.000000	 
2	1	151	0	0	0	2031	1651	40	18	-1	
3	1	151	1	0	0	2031	1651	40	18	-1	
4	1	151	1	1	0	2031	1651	40	18	-1	
5	1	151	1	1	1	2031	1651	40	18	95.000000	 
2	1	152	0	0	0	1920	1712	355	171	-1	
3	1	152	1	0	0	1923	1712	315	59	-1	
4	1	152	1	1	0	1923	1712	315	28	-1	
5	1	152	1	1	1	1923	1715	77	25	91.982613	στημῶν
5	1	152	1	1	2	2016	1715	32	20	58.700729	τοῦ
5	1	152	1	1	3	2075	1712	163	27	28.708069	 ανεπιστηµίου
4	1	152	1	2	0	1924	1745	173	58	-1	
5	1	152	1	2	1	1924	1752	44	51	0.000000	εν
5	1	152	1	2	2	1972	1745	125	35	44.236790	ΒΟΡΤΟΝ.
3	1	152	2	0	0	1920	1784	355	99	-1	
4	1	152	2	1	0	1952	1784	323	28	-1	
5	1	152	2	1	1	1952	1786	14	17	64.008270	ϱ
5	1	152	2	1	2	1988	1784	82	27	0.000000	Ἠπίσης
5	1	152	2	1	3	2091	1784	102	28	0.000000	συ]χαίρει
5	1	152	2	1	4	2213	1784	62	27	59.702942	θερμὰ
4	1	152	2	2	0	1920	1820	354	28	-1	
5	1	152	2	2	1	1920	1821	35	26	93.208282	τήν
5	1	152	2	2	2	1967	1823	17	23	56.106586	ὃ,
5	1	152	2	2	3	1995	1820	124	28	92.799622	Μαργαρίτα
5	1	152	2	2	4	2133	1820	85	21	48.272667	᾿Αλόκου
5	1	152	2	2	5	2229	1820	45	27	74.954971	Προ
4	1	152	2	3	0	1922	1855	352	28	-1	
5	1	152	2	3	1	1922	1858	50	20	39.583313	θαᾳτᾷ
5	1	152	2	3	2	1987	1857	35	21	95.780647	πού
5	1	152	2	3	3	2035	1856	72	27	96.123833	πέτυχε
5	1	152	2	3	4	2123	1856	46	26	93.125107	στήν
5	1	152	2	3	5	2184	1855	90	28	38.161739	Ἱατρική
2	1	153	0	0	0	1921	1891	353	99	-1	
3	1	153	1	0	0	1921	1891	353	99	-1	
4	1	153	1	1	0	1922	1891	158	27	-1	
5	1	153	1	1	1	1922	1891	158	27	84.914307	Θεσσαλονίκης.
4	1	153	1	2	0	1951	1927	322	26	-1	
5	1	153	1	2	1	1951	1929	17	17	84.593361	9
5	1	153	1	2	2	1991	1927	209	22	66.048523	ΣΥΓΣΙΑΙΡΟΥΜΕ
5	1	153	1	2	3	2239	1927	34	26	37.991150	τήν
4	1	153	1	3	0	1921	1962	353	28	-1	
5	1	153	1	3	1	1921	1964	26	26	92.727539	8η
5	1	153	1	3	2	1966	1963	55	26	76.800957	τάξη
5	1	153	1	3	3	2037	1962	86	24	51.572571	Λώκείου
5	1	153	1	3	4	2151	1962	123	27	45.500938	ἸἹαστορείου
2	1	154	0	0	0	1920	1997	355	384	-1	
3	1	154	1	0	0	1920	1997	355	384	-1	
4	1	154	1	1	0	1921	1997	353	29	-1	
5	1	154	1	1	1	1921	1999	34	27	81.492508	γιὰ
5	1	154	1	1	2	1972	1999	34	26	84.867287	τήν
5	1	154	1	1	3	2021	1998	72	26	75.683754	ἔχδοση
5	1	154	1	1	4	2109	2000	31	20	93.288452	τοῦ
5	1	154	1	1	5	2158	1997	116	28	88.466606	ἡμερολογί-
4	1	154	1	2	0	1921	2033	353	26	-1	
5	1	154	1	2	1	1921	2043	20	13	93.791115	ου
5	1	154	1	2	2	1959	2034	61	22	71.359825	1982,
5	1	154	1	2	3	2040	2034	82	25	10.015793	᾽Αλλὰ.,
5	1	154	1	2	4	2142	2033	21	21	69.219223	δέ
5	1	154	1	2	5	2182	2033	25	21	96.608513	θὰ
5	1	154	1	2	6	2226	2033	48	26	94.920723	ἦταν
4	1	154	1	3	0	1921	2069	353	28	-1	
5	1	154	1	3	1	1921	2069	127	28	61.397728	προτιµόπερο
5	1	154	1	3	2	2067	2069	24	22	95.340027	νὰ
5	1	154	1	3	3	2113	2069	69	23	56.654732	κάνουν
5	1	154	1	3	4	2202	2069	72	27	77.340042	ὀξορμή
4	1	154	1	4	0	1920	2104	355	28	-1	
5	1	154	1	4	1	1920	2114	41	16	94.630173	σεις
5	1	154	1	4	2	1982	2105	36	22	93.299751	στὰ
5	1	154	1	4	3	2035	2105	97	26	53.254986	μαζεμένα
5	1	154	1	4	4	2149	2104	126	28	64.828369	ἐλαιοπερίδο
4	1	154	1	5	0	1920	2140	354	28	-1	
5	1	154	1	5	1	1920	2143	33	25	92.971695	λα,
5	1	154	1	5	2	1967	2141	74	26	65.635010	ἐνπολή,
5	1	154	1	5	3	2055	2142	37	21	86.949852	τῶν
5	1	154	1	5	4	2109	2141	117	25	24.865395	ἰδιοκτητῶν
5	1	154	1	5	5	2240	2140	34	21	85.039185	καί
4	1	154	1	6	0	1920	2176	354	28	-1	
5	1	154	1	6	1	1920	2177	23	21	92.801910	νὰ
5	1	154	1	6	2	1962	2176	96	28	46.258183	μαγέφουν
5	1	154	1	6	3	2075	2176	67	22	93.286255	πολλὰ
5	1	154	1	6	4	2161	2176	113	27	51.622513	γεννὰματα
4	1	154	1	7	0	1920	2211	354	29	-1	
5	1	154	1	7	1	1920	2212	111	28	54.969147	χαµολόγια
5	1	154	1	7	2	2052	2211	33	22	89.194817	καὶ
5	1	154	1	7	3	2104	2211	24	21	93.277550	νὰ
5	1	154	1	7	4	2145	2211	129	26	30.451805	ἐξοηκονομή-
4	1	154	1	8	0	1920	2247	354	27	-1	
5	1	154	1	8	1	1920	2256	42	13	80.259644	σουν
5	1	154	1	8	2	1982	2247	67	22	90.205086	πολλὰ
5	1	154	1	8	3	2070	2247	67	22	94.265198	πολλὰ
5	1	154	1	8	4	2169	2247	105	27	27.660294	χρήματα;
4	1	154	1	9	0	1923	2281	351	28	-1	
5	1	154	1	9	1	1923	2284	63	21	33.679291	Ὅλοι
5	1	154	1	9	2	2006	2283	29	21	80.844261	Φὰ
5	1	154	1	9	3	2055	2283	45	24	93.296890	τούς
5	1	154	1	9	4	2121	2283	63	21	75.300461	εἰποῦν
5	1	154	1	9	5	2221	2281	53	28	50.653809	εὖγεί
4	1	154	1	10	0	1920	2317	355	29	-1	
5	1	154	1	10	1	1920	2319	37	26	95.822456	Δέν
5	1	154	1	10	2	1973	2319	50	22	73.014320	εἶναι
5	1	154	1	10	3	2041	2318	58	28	89.900208	ἀργὰ.
5	1	154	1	10	4	2115	2318	31	21	93.254364	Τὰ
5	1	154	1	10	5	2161	2317	114	29	46.087067	χαµολόγια
4	1	154	1	11	0	1922	2354	260	27	-1	
5	1	154	1	11	1	1922	2355	125	26	65.494530	ὁπωσδήποτε
5	1	154	1	11	2	2060	2354	29	21	48.778709	δὰ
5	1	154	1	11	3	2100	2355	82	26	60.184090	χαθοῦν.
2	1	155	0	0	0	1924	2401	353	3	-1	
3	1	155	1	0	0	1924	2401	353	3	-1	
4	1	155	1	1	0	1924	2401	353	3	-1	
5	1	155	1	1	1	1924	2401	353	3	95.000000	 
2	1	156	0	0	0	1920	2417	352	63	-1	
3	1	156	1	0	0	1920	2417	352	63	-1	
4	1	156	1	1	0	1950	2417	320	22	-1	
5	1	156	1	1	1	1950	2419	17	17	80.650253	ϱ
5	1	156	1	1	2	1985	2418	23	21	90.320312	Ὁ
5	1	156	1	1	3	2024	2426	20	13	87.330681	κ.
5	1	156	1	1	4	2075	2417	141	21	51.163811	ΠΒΩΡΠΙΟΣ
5	1	156	1	1	5	2247	2417	23	22	23.451241	Δ.
4	1	156	1	2	0	1920	2452	352	28	-1	
5	1	156	1	2	1	1920	2453	135	21	8.141098	ΤΚΛΗΚΑΣ
5	1	156	1	2	2	2075	2453	89	27	93.282654	προήχθη
5	1	156	1	2	3	2181	2452	91	25	92.407715	ἐπαξίως
2	1	157	0	0	0	1919	2488	354	27	-1	
3	1	157	1	0	0	1919	2488	354	27	-1	
4	1	157	1	1	0	1919	2488	354	27	-1	
5	1	157	1	1	1	1919	2489	31	24	92.450638	εἰς
5	1	157	1	1	2	1964	2488	112	27	49.192982	Σλληναγόν.
5	1	157	1	1	3	2092	2488	68	27	79.328438	Θερμὰ
5	1	157	1	1	4	2175	2495	98	20	88.569275	συγχαρη-
2	1	158	0	0	0	1923	2523	258	29	-1	
3	1	158	1	0	0	1923	2523	258	29	-1	
4	1	158	1	1	0	1923	2523	258	29	-1	
5	1	158	1	1	1	1923	2525	57	27	91.064865	τήρια
5	1	158	1	1	2	1995	2524	32	22	73.315384	καὶ
5	1	158	1	1	3	2042	2524	29	24	32.767868	εἰς
5	1	158	1	1	4	2086	2523	95	28	86.987747	ἀνώτερα.
2	1	159	0	0	0	2019	2590	160	38	-1	
3	1	159	1	0	0	2019	2590	160	38	-1	
4	1	159	1	1	0	2019	2590	160	38	-1	
5	1	159	1	1	1	2019	2590	160	38	44.424152	ΜΙΤΝΝΙΚΌΣ
2	1	160	0	0	0	1921	2645	354	93	-1	
3	1	160	1	0	0	1921	2645	354	93	-1	
4	1	160	1	1	0	1950	2645	325	27	-1	
5	1	160	1	1	1	1950	2647	56	21	34.328918	ἨΤΠΙ
5	1	160	1	1	2	2027	2646	117	25	81.944717	ΤΕΛΟΥΣ
5	1	160	1	1	3	2163	2645	112	27	91.119965	διορίστηκε
4	1	160	1	2	0	1921	2681	354	28	-1	
5	1	160	1	2	1	1921	2683	33	21	83.112701	στό
5	1	160	1	2	2	1973	2682	116	27	15.452438	Λοηιιανίκο
5	1	160	1	2	3	2108	2681	106	28	83.185883	ἀγροτικός
5	1	160	1	2	4	2232	2689	43	19	52.075409	για-
4	1	160	1	3	0	2193	2718	31	20	-1	
5	1	160	1	3	1	2193	2718	31	20	94.955498	τοῦ
2	1	161	0	0	0	1922	2578	355	4	-1	
3	1	161	1	0	0	1922	2578	355	4	-1	
4	1	161	1	1	0	1922	2578	355	4	-1	
5	1	161	1	1	1	1922	2578	355	4	95.000000	 
2	1	162	0	0	0	1923	2719	351	27	-1	
3	1	162	1	0	0	1923	2719	351	27	-1	
4	1	162	1	1	0	1923	2719	351	27	-1	
5	1	162	1	1	1	1923	2726	45	20	36.549248	τρὸς
5	1	162	1	1	2	1990	2728	9	12	93.065811	ὁ
5	1	162	1	1	3	2016	2727	19	13	90.094879	κ.
5	1	162	1	1	4	2053	2719	121	25	81.966171	Γιατράκος,
5	1	162	1	1	5	2246	2725	28	13	0.000000	ἑὐ-
2	1	163	0	0	0	1923	2753	246	28	-1	
3	1	163	1	0	0	1923	2753	246	28	-1	
4	1	163	1	1	0	1923	2753	246	28	-1	
5	1	163	1	1	1	1923	2754	77	27	56.893204	χόμεδα
5	1	163	1	1	2	2014	2753	53	26	85.189674	καλή
5	1	163	1	1	3	2082	2753	87	26	42.844154	διαμονή.
2	1	164	0	0	0	1924	2801	354	3	-1	
3	1	164	1	0	0	1924	2801	354	3	-1	
4	1	164	1	1	0	1924	2801	354	3	-1	
5	1	164	1	1	1	1924	2801	354	3	95.000000	 
2	1	165	0	0	0	1922	2817	353	170	-1	
3	1	165	1	0	0	1922	2817	353	170	-1	
4	1	165	1	1	0	1953	2817	321	29	-1	
5	1	165	1	1	1	1953	2818	146	21	15.684860	ΠΩΛΕΠΙΠΙΑΙ
5	1	165	1	1	2	2111	2817	42	25	91.075317	στόν
5	1	165	1	1	3	2171	2817	44	27	15.617233	"Λη
5	1	165	1	1	4	2220	2817	54	29	15.617233	Γιώρ
4	1	165	1	2	0	1922	2852	353	29	-1	
5	1	165	1	2	1	1922	2863	33	18	54.414795	γη,
5	1	165	1	2	2	1974	2854	60	21	85.584534	δίπλα
5	1	165	1	2	3	2053	2855	44	20	90.155296	στοῦ
5	1	165	1	2	4	2116	2853	102	27	90.287605	Λαλούδα,
5	1	165	1	2	5	2238	2852	37	22	89.823341	διό-
4	1	165	1	3	0	1989	2888	286	28	-1	
5	1	165	1	3	1	1989	2889	51	22	49.103832	σπίπι
5	1	165	1	3	2	2059	2889	22	26	61.047359	μέ
5	1	165	1	3	3	2102	2891	57	25	66.063354	κήπο,
5	1	165	1	3	4	2178	2888	30	22	93.255974	ἐπί
5	1	165	1	3	5	2227	2889	48	26	92.513878	ἅμα-
4	1	165	1	4	0	1938	2924	337	29	-1	
5	1	165	1	4	1	1938	2927	50	20	92.970169	ωτοῦ
5	1	165	1	4	2	2003	2925	75	28	10.856262	δρόμου,
5	1	165	1	4	3	2093	2924	105	28	34.237381	Ἠὐικαιρία,
5	1	165	1	4	4	2215	2926	60	26	90.045563	πληρ.
4	1	165	1	5	0	1926	2961	349	26	-1	
5	1	165	1	5	1	1926	2962	108	21	41.897663	ΠΙΑΝΑΓ,
5	1	165	1	5	2	2056	2961	26	22	88.352394	Ἡ.
5	1	165	1	5	3	2103	2961	91	21	86.913033	ΒΥΝΙΟ
5	1	165	1	5	4	2230	2962	45	25	78.516800	τηλ.
2	1	166	0	0	0	1924	2996	230	30	-1	
3	1	166	1	0	0	1924	2996	230	30	-1	
4	1	166	1	1	0	1924	2996	230	30	-1	
5	1	166	1	1	1	1924	2996	79	30	33.801865	ϐ1:484
5	1	166	1	1	2	2018	2996	136	28	51.289505	Γεωργήτσιον.
