level	page_num	block_num	par_num	line_num	word_num	left	top	width	height	conf	text
1	1	0	0	0	0	0	0	2282	3067	-1	
2	1	1	0	0	0	115	16	562	118	-1	
3	1	1	1	0	0	115	16	562	118	-1	
4	1	1	1	1	0	115	16	562	118	-1	
5	1	1	1	1	1	115	16	410	118	0.000000	λποχρετιπίριης
5	1	1	1	1	2	550	40	127	69	0.000000	ἡμιλίι
2	1	2	0	0	0	177	147	436	27	-1	
3	1	2	1	0	0	177	147	436	27	-1	
4	1	2	1	1	0	177	147	436	27	-1	
5	1	2	1	1	1	177	155	19	8	84.383904	Ξ-
5	1	2	1	1	2	213	147	110	27	96.066216	Συνέχεια
5	1	2	1	1	3	335	147	51	20	96.546707	ἀπό
5	1	2	1	1	4	398	147	42	27	95.789581	τήν
5	1	2	1	1	5	452	147	28	27	96.271179	2η
5	1	2	1	1	6	493	147	83	23	93.127136	σελίδα
5	1	2	1	1	7	593	156	20	7	92.414436	--
2	1	3	0	0	0	322	128	58	3	-1	
3	1	3	1	0	0	322	128	58	3	-1	
4	1	3	1	1	0	322	128	58	3	-1	
5	1	3	1	1	1	322	128	58	3	95.000000	 
2	1	4	0	0	0	381	128	58	3	-1	
3	1	4	1	0	0	381	128	58	3	-1	
4	1	4	1	1	0	381	128	58	3	-1	
5	1	4	1	1	1	381	128	58	3	95.000000	 
2	1	5	0	0	0	41	180	171	63	-1	
3	1	5	1	0	0	41	180	171	63	-1	
4	1	5	1	1	0	67	180	4	7	-1	
5	1	5	1	1	1	67	180	4	7	0.000000	,
4	1	5	1	2	0	41	188	137	25	-1	
5	1	5	1	2	1	41	188	75	19	16.044205	πεύλης.
5	1	5	1	2	2	176	211	2	2	3.282318	:
4	1	5	1	3	0	68	216	144	27	-1	
5	1	5	1	3	1	68	216	144	27	35.243729	Ἠδρισχόμενος
2	1	6	0	0	0	236	223	509	16	-1	
3	1	6	1	0	0	236	223	509	16	-1	
4	1	6	1	1	0	236	223	509	16	-1	
5	1	6	1	1	1	236	225	15	12	0.000000	δ
5	1	6	1	1	2	723	223	22	16	49.587814	ο
2	1	7	0	0	0	628	252	118	25	-1	
3	1	7	1	0	0	628	252	118	25	-1	
4	1	7	1	1	0	628	252	118	25	-1	
5	1	7	1	1	1	628	252	44	25	91.381729	τούς
5	1	7	1	1	2	686	254	60	20	68.591156	χαλο-
2	1	8	0	0	0	41	216	657	63	-1	
3	1	8	1	0	0	41	216	657	63	-1	
4	1	8	1	1	0	255	216	443	25	-1	
5	1	8	1	1	1	255	224	9	17	92.151154	ς
5	1	8	1	1	2	284	216	72	22	80.526161	Νότιον
5	1	8	1	1	3	439	234	2	4	0.000000	Ἡ
5	1	8	1	1	4	639	217	59	21	67.024216	ἐσχὲπ
4	1	8	1	2	0	58	251	500	8	-1	
5	1	8	1	2	1	58	251	36	8	37.506786	1
5	1	8	1	2	2	154	251	4	7	0.000000	/
5	1	8	1	2	3	262	252	4	6	36.023254	ἵ
5	1	8	1	2	4	336	252	53	6	23.273460	ο
5	1	8	1	2	5	472	252	3	6	18.964699	1
5	1	8	1	2	6	554	253	4	6	37.215134	η
4	1	8	1	3	0	41	253	573	26	-1	
5	1	8	1	3	1	41	260	34	18	92.473633	τήν
5	1	8	1	3	2	90	253	105	26	90.018890	ἰδιαιτέραν
5	1	8	1	3	3	208	254	90	25	95.411354	πατρίδα,
5	1	8	1	3	4	311	254	32	19	96.814507	διὰ
5	1	8	1	3	5	358	261	55	13	96.845047	τοῦτο
5	1	8	1	3	6	427	261	52	13	95.257057	κατὰ
5	1	8	1	3	7	491	254	123	25	6.031342	διαστήματα
2	1	9	0	0	0	40	287	226	28	-1	
3	1	9	1	0	0	40	287	226	28	-1	
4	1	9	1	1	0	40	287	226	28	-1	
5	1	9	1	1	1	40	287	99	28	71.260414	Χαιρινούς
5	1	9	1	1	2	156	289	59	25	2.896721	µήνες
5	1	9	1	1	3	233	288	33	26	95.214272	τήν
2	1	10	0	0	0	233	213	490	34	-1	
3	1	10	1	0	0	233	213	490	34	-1	
4	1	10	1	1	0	233	213	490	34	-1	
5	1	10	1	1	1	233	230	21	4	95.000000	  
5	1	10	1	1	2	381	213	235	34	95.000000	 
5	1	10	1	1	3	705	226	18	11	95.000000	 
2	1	11	0	0	0	615	243	1	23	-1	
3	1	11	1	0	0	615	243	1	23	-1	
4	1	11	1	1	0	615	243	1	23	-1	
5	1	11	1	1	1	615	243	1	23	95.000000	 
2	1	12	0	0	0	282	288	464	27	-1	
3	1	12	1	0	0	282	288	464	27	-1	
4	1	12	1	1	0	282	288	464	27	-1	
5	1	12	1	1	1	282	288	137	26	69.127121	ὀπεσιέπτεπο,
5	1	12	1	1	2	436	288	32	21	86.982742	διά
5	1	12	1	1	3	483	288	24	21	93.293396	νὰ
5	1	12	1	1	4	521	289	108	26	89.053886	συναντήση
5	1	12	1	1	5	644	290	102	25	81.556427	συγγενεῖς
2	1	13	0	0	0	40	322	705	29	-1	
3	1	13	1	0	0	40	322	705	29	-1	
4	1	13	1	1	0	69	322	676	8	-1	
5	1	13	1	1	1	69	322	40	7	0.226250	τη
5	1	13	1	1	2	247	323	39	7	0.000000	--
5	1	13	1	1	3	434	323	4	7	24.965874	͵
5	1	13	1	1	4	506	323	67	7	11.036636	ος
5	1	13	1	1	5	677	324	4	6	6.337448	/
5	1	13	1	1	6	742	324	3	6	0.000000	͵
4	1	13	1	2	0	40	325	705	26	-1	
5	1	13	1	2	1	40	331	33	13	31.670410	καὶ
5	1	13	1	2	2	91	325	75	26	83.272896	φίλους,
5	1	13	1	2	3	184	332	22	17	79.897415	µέ
5	1	13	1	2	4	221	332	44	16	92.680870	τούς
5	1	13	1	2	5	280	332	76	16	91.833496	ὁποίους
5	1	13	1	2	6	374	325	99	22	46.251926	συνεδέετο
5	1	13	1	2	7	488	332	23	18	77.551254	µέ
5	1	13	1	2	8	526	325	96	26	6.687119	ἐγικάρδια
5	1	13	1	2	9	639	326	56	25	96.359383	φιλία
5	1	13	1	2	10	713	333	32	12	66.649765	καὶ
2	1	14	0	0	0	40	358	707	701	-1	
3	1	14	1	0	0	41	358	705	63	-1	
4	1	14	1	1	0	41	358	705	28	-1	
5	1	14	1	1	1	41	358	113	28	91.964699	ἰδιαιτέρως
5	1	14	1	1	2	166	359	23	21	93.291878	νά
5	1	14	1	1	3	204	358	54	27	74.766159	µείνη
5	1	14	1	1	4	273	359	34	26	96.855827	γιὰ
5	1	14	1	1	5	321	358	46	28	96.145111	λίγο
5	1	14	1	1	6	381	359	34	21	89.092537	στό
5	1	14	1	1	7	427	359	69	27	73.784775	πᾶτριο
5	1	14	1	1	8	509	359	80	27	91.263092	ἔδαφος,
5	1	14	1	1	9	605	359	21	22	93.259972	τό
5	1	14	1	1	10	638	361	52	21	93.184479	ὁποῖο
5	1	14	1	1	11	700	359	46	22	93.057098	πὰν-
4	1	14	1	2	0	42	395	172	26	-1	
5	1	14	1	2	1	42	402	24	13	93.222839	τα
5	1	14	1	2	2	77	395	137	26	0.000000	νοσταλιγοῦσς.
3	1	14	2	0	0	40	429	707	241	-1	
4	1	14	2	1	0	68	429	679	29	-1	
5	1	14	2	1	1	68	429	35	21	91.922401	Μέ
5	1	14	2	1	2	122	431	30	22	92.466621	τόν
5	1	14	2	1	3	171	430	81	23	11.325920	ἂσθεστο
5	1	14	2	1	4	267	430	49	22	90.875435	πόθο
5	1	14	2	1	5	335	439	31	13	94.147842	του
5	1	14	2	1	6	396	430	31	21	95.247833	διὰ
5	1	14	2	1	7	445	430	33	26	92.623741	τήν
5	1	14	2	1	8	498	430	96	28	88.038734	ἰδιαιπέρα
5	1	14	2	1	9	613	431	85	27	87.578651	πατρίδα
5	1	14	2	1	10	729	431	18	21	61.169563	ἐ-
4	1	14	2	2	0	40	465	707	28	-1	
5	1	14	2	2	1	40	465	172	27	64.909897	πραγµατοπούησε
5	1	14	2	2	2	228	465	96	28	55.563919	ἐπίσχεψη
5	1	14	2	2	3	338	465	33	22	70.082733	καί
5	1	14	2	2	4	389	465	70	28	88.485573	ἐφέτος
5	1	14	2	2	5	478	466	44	25	92.951874	τούς
5	1	14	2	2	6	541	466	153	27	21.937225	χαλοχαιρινούς
5	1	14	2	2	7	712	468	35	25	30.193130	μῆ-
4	1	14	2	3	0	41	501	705	28	-1	
5	1	14	2	3	1	41	509	40	19	73.343338	νες,
5	1	14	2	3	2	97	501	55	21	93.297318	ἀλλὰ
5	1	14	2	3	3	166	503	99	25	77.476006	δυσπυχῶς
5	1	14	2	3	4	283	502	11	25	49.333248	Ἡ
5	1	14	2	3	5	309	503	56	26	15.543098	μκῖρα
5	1	14	2	3	6	383	510	31	14	93.189095	του
5	1	14	2	3	7	432	501	34	27	92.526398	ἦτο
5	1	14	2	3	8	482	502	25	21	33.297356	Ἰά
5	1	14	2	3	9	523	503	52	25	80.310822	κοπῆ
5	1	14	2	3	10	591	501	22	22	77.998932	τό
5	1	14	2	3	11	629	503	50	25	91.523140	νῆμα
5	1	14	2	3	12	710	503	36	25	93.508400	τῆς
4	1	14	2	4	0	41	536	705	28	-1	
5	1	14	2	4	1	41	538	54	24	94.880013	ζωῆς
5	1	14	2	4	2	111	545	33	13	93.284203	του
5	1	14	2	4	3	160	536	53	25	92.389153	ὅλως
5	1	14	2	4	4	227	536	112	28	49.573570	«ἰφνιδίως,
5	1	14	2	4	5	356	537	62	27	96.822311	χωρίς
5	1	14	2	4	6	436	537	24	21	93.301247	νὰ
5	1	14	2	4	7	477	538	107	26	81.518356	προηγηδή
5	1	14	2	4	8	603	537	143	27	91.881844	ἀσθένεια,
5	1	14	2	4	9	715	532	33	36	81.392914	καί
4	1	14	2	5	0	41	572	705	28	-1	
5	1	14	2	5	1	41	572	49	21	45.149170	καθ’
5	1	14	2	5	2	107	572	22	26	93.149376	ἣν
5	1	14	2	5	3	146	572	81	27	50.049713	στιγμήν
5	1	14	2	5	4	243	572	99	27	65.974403	εὑρίσχετο
5	1	14	2	5	5	357	572	31	25	93.265526	εἰς
5	1	14	2	5	6	402	572	68	28	26.274551	πικήρη
5	1	14	2	5	7	485	573	62	26	29.758080	ἀκμήρ
5	1	14	2	5	8	564	572	33	22	90.199364	καὶ
5	1	14	2	5	9	614	572	132	27	90.426369	ζωτικότητα,
4	1	14	2	6	0	42	607	705	29	-1	
5	1	14	2	6	1	42	607	33	22	96.777626	διά
5	1	14	2	6	2	87	607	24	22	93.277008	νὰ
5	1	14	2	6	3	124	607	99	28	91.925995	προσφέρη
5	1	14	2	6	4	235	607	63	27	84.200470	ἀκόμη
5	1	14	2	6	5	310	607	124	28	49.841362	περισσότερο
5	1	14	2	6	6	447	608	133	28	58.665127	συγγραφικὀν
5	1	14	2	6	7	594	608	57	28	89.292389	ἔργον
5	1	14	2	6	8	663	608	31	25	93.302834	εἰς
5	1	14	2	6	9	707	617	40	13	81.254776	χοι-
4	1	14	2	7	0	42	643	157	27	-1	
5	1	14	2	7	1	42	643	36	26	86.349869	νήν
5	1	14	2	7	2	92	643	107	27	85.557037	ὠφάλειαν.
3	1	14	3	0	0	40	678	707	381	-1	
4	1	14	3	1	0	71	678	675	28	-1	
5	1	14	3	1	1	71	679	57	21	35.905922	Ἔϊτσι
5	1	14	3	1	2	146	678	52	22	47.663780	κατὰ
5	1	14	3	1	3	212	678	43	26	45.346657	μίαν
5	1	14	3	1	4	273	678	99	27	56.733585	ἐπίσιεψίν
5	1	14	3	1	5	390	687	31	13	96.816795	του
5	1	14	3	1	6	436	679	30	24	93.293610	εἰς
5	1	14	3	1	7	481	680	79	20	84.611862	Βοῦλαν
5	1	14	3	1	8	576	679	114	27	90.807899	προὰστειον
5	1	14	3	1	9	709	681	37	19	96.882195	τῶν
4	1	14	3	2	0	41	713	706	28	-1	
5	1	14	3	2	1	41	713	95	26	4.476456	᾽ΑΦθηνῶν
5	1	14	3	2	2	150	714	29	24	92.277260	εἰς
5	1	14	3	2	3	194	713	80	27	83.497406	φιλικήν
5	1	14	3	2	4	291	722	33	13	91.634117	του
5	1	14	3	2	5	340	713	62	22	22.019730	οἴκίαν
5	1	14	3	2	6	420	713	50	26	89.843361	μετὰ
5	1	14	3	2	7	486	715	36	24	95.867485	τῆς
5	1	14	3	2	8	537	714	81	26	88.018593	συζύγου
5	1	14	3	2	9	632	722	39	18	93.300308	του,
5	1	14	3	2	10	688	714	59	27	92.027206	ἔχασε
4	1	14	3	3	0	42	748	705	28	-1	
5	1	14	3	3	1	42	748	30	25	75.922234	τίς
5	1	14	3	3	2	87	748	106	26	90.432281	αἰσθήσεις
5	1	14	3	3	3	207	757	39	18	96.196579	του,
5	1	14	3	3	4	259	749	52	21	0.000000	καὶ
5	1	14	3	3	5	328	749	22	26	93.825584	ἣν
5	1	14	3	3	6	377	749	82	26	68.885536	στιγμήν
5	1	14	3	3	7	477	748	99	28	71.650360	εὑρίσκετο
5	1	14	3	3	8	593	748	30	22	96.296471	ἐπί
5	1	14	3	3	9	640	750	32	21	93.197891	τοῦ
5	1	14	3	3	10	688	748	59	22	50.824543	καδί-
4	1	14	3	4	0	40	784	706	27	-1	
5	1	14	3	4	1	40	791	74	19	82.498062	σµατος
5	1	14	3	4	2	129	784	33	21	90.749557	καί
5	1	14	3	4	3	177	786	104	24	69.990196	συζητοῦσε
5	1	14	3	4	4	313	784	49	26	57.170128	μεπὰ
5	1	14	3	4	5	379	786	38	20	96.590645	τῶν
5	1	14	3	4	6	435	784	62	27	96.099640	φίλων
5	1	14	3	4	7	514	792	31	13	93.293137	του
5	1	14	3	4	8	560	784	85	25	90.289185	ὑποστὰς
5	1	14	3	4	9	663	785	83	26	65.664688	ἐγχεφα-
4	1	14	3	5	0	40	819	707	28	-1	
5	1	14	3	5	1	40	819	47	22	12.455147	λικό
5	1	14	3	5	2	103	819	104	22	88.778870	ἐπεισόδιον
5	1	14	3	5	3	224	819	32	21	61.061584	καὶ
5	1	14	3	5	4	275	819	48	27	84.747444	μετὰ
5	1	14	3	5	5	341	819	82	27	75.186371	πὰροδον
5	1	14	3	5	6	440	819	47	22	93.281113	δέκα
5	1	14	3	5	7	503	820	56	27	91.987022	ὡρῶν
5	1	14	3	5	8	577	819	107	23	87.359268	ἀπεβίωσεν
5	1	14	3	5	9	717	820	30	24	90.773338	εἰς
4	1	14	3	6	0	41	854	706	28	-1	
5	1	14	3	6	1	41	855	132	26	62.698334	Νοσοχομεῖον
5	1	14	3	6	2	193	857	38	19	91.098824	τῶν
5	1	14	3	6	3	252	856	101	26	0.000000	᾿Αθηνῶν,
5	1	14	3	6	4	370	854	63	28	95.891518	χωρίς
5	1	14	3	6	5	450	855	24	21	95.891518	νὰ
5	1	14	3	6	6	493	855	142	27	28.716820	κατορθώσουν
5	1	14	3	6	7	651	855	18	22	93.278061	οἱ
5	1	14	3	6	8	687	855	60	27	16.862091	δερᾶ-
4	1	14	3	7	0	40	890	706	28	-1	
5	1	14	3	7	1	40	897	70	17	51.869389	ποὺτες
5	1	14	3	7	2	125	890	69	28	36.672699	ἰαπροί,
5	1	14	3	7	3	209	891	44	26	60.765953	παρ)
5	1	14	3	7	4	270	890	49	25	92.741562	ὅλας
5	1	14	3	7	5	333	890	36	25	93.292908	τὰς
5	1	14	3	7	6	385	890	162	28	92.200607	ὑπερανθρώπους
5	1	14	3	7	7	560	890	133	27	52.291027	προσπαθείας
5	1	14	3	7	8	709	899	37	13	95.829361	των
4	1	14	3	8	0	41	925	552	28	-1	
5	1	14	3	8	1	41	925	35	21	93.261902	πού
5	1	14	3	8	2	89	925	118	28	71.328705	κατέθαλον,
5	1	14	3	8	3	219	926	24	20	94.618927	νὰ
5	1	14	3	8	4	255	927	30	21	89.231712	τόν
5	1	14	3	8	5	300	925	130	28	84.958572	ἐπαναφέρουν
5	1	14	3	8	6	443	926	31	24	96.774231	εἰς
5	1	14	3	8	7	488	926	34	26	96.584755	τήν
5	1	14	3	8	8	535	927	58	24	96.063942	ζωήν.
4	1	14	3	9	0	452	961	294	27	-1	
5	1	14	3	9	1	452	961	42	26	66.106201	ἤτοι
5	1	14	3	9	2	513	961	34	26	87.455994	τήν
5	1	14	3	9	3	566	961	51	26	58.979042	2δην
5	1	14	3	9	4	636	961	110	27	88.553543	Αὐγούστου
4	1	14	3	10	0	476	996	270	28	-1	
5	1	14	3	10	1	476	996	85	27	22.816055	πλησίαν
5	1	14	3	10	2	577	999	31	20	93.258591	τοῦ
5	1	14	3	10	3	624	997	24	21	83.185959	Τ΄
5	1	14	3	10	4	669	997	77	27	26.990387	Νεκρο-
4	1	14	3	11	0	40	1032	705	27	-1	
5	1	14	3	11	1	40	1032	77	27	28.288124	ταφείου
5	1	14	3	11	2	134	1033	101	26	7.775665	᾿Αάηνῶν,
5	1	14	3	11	3	249	1032	32	21	96.225922	ἵνα
5	1	14	3	11	4	297	1032	49	27	85.026451	μετὰ
5	1	14	3	11	5	360	1032	113	27	39.467182	νεκρόσιμον
5	1	14	3	11	6	488	1032	117	22	64.189774	ἀκολουθίαν
5	1	14	3	11	7	620	1033	125	26	60.330589	ἐνταφιασθή.
2	1	15	0	0	0	70	961	352	26	-1	
3	1	15	1	0	0	70	961	352	26	-1	
4	1	15	1	1	0	70	961	352	26	-1	
5	1	15	1	1	1	70	961	41	26	0.000000	'Γήν
5	1	15	1	1	2	129	961	93	26	63.277054	ἑπομένην
5	1	15	1	1	3	239	963	32	20	96.830551	τοῦ
5	1	15	1	1	4	289	961	82	22	92.275703	θανάτου
5	1	15	1	1	5	391	970	31	13	96.456444	του
2	1	16	0	0	0	442	994	34	24	-1	
3	1	16	1	0	0	442	994	34	24	-1	
4	1	16	1	1	0	442	994	34	24	-1	
5	1	16	1	1	1	442	994	34	24	95.000000	 
2	1	17	0	0	0	39	996	708	347	-1	
3	1	17	1	0	0	70	996	362	28	-1	
4	1	17	1	1	0	70	996	362	28	-1	
5	1	17	1	1	1	70	997	29	25	13.826324	 ὁ
5	1	17	1	1	2	114	996	71	28	93.283264	νεκρός
5	1	17	1	1	3	201	996	114	28	28.001968	µετεφέρθη
5	1	17	1	1	4	348	997	30	24	75.276596	εἰς
5	1	17	1	1	5	398	997	34	26	95.289474	τήν
3	1	17	2	0	0	39	1067	708	276	-1	
4	1	17	2	1	0	65	1067	680	28	-1	
5	1	17	2	1	1	65	1071	34	18	70.730759	Εἰτὰ
5	1	17	2	1	2	113	1067	23	22	64.295303	τό
5	1	17	2	1	3	151	1067	62	28	96.738480	πέρας
5	1	17	2	1	4	231	1069	37	25	93.284660	τῆς
5	1	17	2	1	5	283	1067	113	28	82.683105	νεχροσίµου
5	1	17	2	1	6	412	1068	120	25	42.942741	ἀκολουθίας
5	1	17	2	1	7	549	1068	148	27	85.842430	παρισταµένων
5	1	17	2	1	8	728	1068	17	21	54.248611	ῥὅ-
4	1	17	2	2	0	39	1103	707	28	-1	
5	1	17	2	2	1	39	1104	41	20	92.419212	λων
5	1	17	2	2	2	95	1105	37	21	93.133469	τῶν
5	1	17	2	2	3	149	1105	97	25	30.427597	συγηκνῶν
5	1	17	2	2	4	264	1104	33	21	79.853226	καί
5	1	17	2	2	5	314	1103	62	28	78.641632	φίλων.
5	1	17	2	2	6	393	1103	33	22	71.966873	χα
5	1	17	2	2	7	441	1103	171	28	47.499229	διααπεχοµένων
5	1	17	2	2	8	630	1105	37	22	92.054314	ἀπό
5	1	17	2	2	9	681	1104	65	27	56.838684	ἀπερί-
4	1	17	2	3	0	40	1139	705	28	-1	
5	1	17	2	3	1	40	1147	79	19	52.970505	Ὑβαπτη
5	1	17	2	3	2	134	1139	66	27	91.167717	θλίψη,
5	1	17	2	3	3	220	1141	9	21	91.167717	ὁ
5	1	17	2	3	4	247	1141	78	25	93.277451	πρῶτος
5	1	17	2	3	5	342	1139	114	27	92.083488	ἐξάδελφος
5	1	17	2	3	6	474	1142	31	19	93.285927	τοῦ
5	1	17	2	3	7	525	1139	112	28	22.544182	ἀξάχαστου
5	1	17	2	3	8	654	1139	91	22	96.233910	Λεωνίδα
4	1	17	2	4	0	41	1174	706	28	-1	
5	1	17	2	4	1	41	1175	164	27	88.016434	Θεοφιλοπούλου,
5	1	17	2	4	2	221	1174	102	28	24.366081	Γεώργιος
5	1	17	2	4	3	340	1174	123	24	61.817352	᾿ΑΦανασίου
5	1	17	2	4	4	477	1175	72	24	62.265846	Ῥύνιος
5	1	17	2	4	5	569	1175	129	27	80.055191	Πτυχιοῦχος
5	1	17	2	4	6	714	1175	33	21	77.061234	ἸΑ-
4	1	17	2	5	0	40	1210	705	28	-1	
5	1	17	2	5	1	40	1210	91	26	87.445686	γωτάτης
5	1	17	2	5	2	150	1211	82	27	12.641647	Σχολῆς
5	1	17	2	5	3	253	1210	136	26	57.387409	Οὐκονομικῶν
5	1	17	2	5	4	408	1210	33	22	88.505676	καί
5	1	17	2	5	5	460	1211	124	27	69.898842	Ἐμπορικῶν
5	1	17	2	5	6	621	1211	124	26	46.637215	Ἐπιστημῶν
4	1	17	2	6	0	41	1246	705	27	-1	
5	1	17	2	6	1	41	1246	92	26	22.490829	᾿Αθηνῶν
5	1	17	2	6	2	149	1246	33	21	76.592842	καί
5	1	17	2	6	3	195	1246	124	26	0.000000	Διευθυντής
5	1	17	2	6	4	332	1246	26	21	93.251678	Α΄
5	1	17	2	6	5	376	1246	127	27	11.930771	Ὑπουργείου
5	1	17	2	6	6	519	1246	136	26	42.653275	Οὐκονομικῶν
5	1	17	2	6	7	672	1246	74	27	76.048584	ἀνόγνω
4	1	17	2	7	0	41	1281	705	28	-1	
5	1	17	2	7	1	41	1290	20	13	93.198441	σε
5	1	17	2	7	2	79	1281	22	27	85.499283	µέ
5	1	17	2	7	3	118	1281	63	28	90.771111	φωνήν
5	1	17	2	7	4	196	1281	113	22	41.690598	πάλλουσαν
5	1	17	2	7	5	326	1281	36	22	95.198517	ἀπό
5	1	17	2	7	6	378	1281	108	27	52.065311	συγκίνηση
5	1	17	2	7	7	501	1282	34	26	83.905106	τήν
5	1	17	2	7	8	553	1281	108	28	68.509453	κατωτέρω
5	1	17	2	7	9	680	1282	66	26	20.741333	ὀπική-
4	1	17	2	8	0	42	1317	147	26	-1	
5	1	17	2	8	1	42	1319	49	19	91.586777	δειον
5	1	17	2	8	2	105	1317	84	26	90.317490	ὁμιλίαν.
2	1	18	0	0	0	42	1357	705	63	-1	
3	1	18	1	0	0	42	1357	705	63	-1	
4	1	18	1	1	0	72	1357	675	28	-1	
5	1	18	1	1	1	72	1357	124	27	38.200592	᾽᾿Αγαπημένε
5	1	18	1	1	2	211	1365	37	19	93.290199	µας
5	1	18	1	1	3	262	1357	100	28	31.140755	Λιωνίδα,
5	1	18	1	1	4	380	1357	41	22	92.814049	ὅλοι
5	1	18	1	1	5	439	1358	15	22	95.767082	οἱ
5	1	18	1	1	6	471	1358	50	21	80.185455	δικοί
5	1	18	1	1	7	536	1366	31	13	93.250877	σου
5	1	18	1	1	8	583	1360	101	25	18.796928	συγηενεῖς
5	1	18	1	1	9	714	1358	33	21	67.243279	καί
4	1	18	1	2	0	42	1393	705	27	-1	
5	1	18	1	2	1	42	1393	54	26	43.600983	φῖλοι
5	1	18	1	2	2	111	1393	21	26	90.456635	µέ
5	1	18	1	2	3	152	1393	114	27	87.442963	ἀφάνταστη
5	1	18	1	2	4	284	1394	66	26	89.435699	Ἀλίψη
5	1	18	1	2	5	367	1393	33	22	69.886101	καί
5	1	18	1	2	6	418	1393	57	26	90.212524	ὀδύνη
5	1	18	1	2	7	493	1393	121	27	18.729553	ἀρισχόµεδα
5	1	18	1	2	8	630	1394	52	26	67.166298	γύρω
5	1	18	1	2	9	715	1402	32	12	78.718170	σου
2	1	19	0	0	0	288	1393	33	57	-1	
3	1	19	1	0	0	288	1393	33	57	-1	
4	1	19	1	1	0	313	1393	7	21	-1	
5	1	19	1	1	1	313	1393	7	21	95.000000	 
4	1	19	1	2	0	288	1437	33	13	-1	
5	1	19	1	2	1	288	1437	33	13	95.000000	 
2	1	20	0	0	0	583	1395	16	19	-1	
3	1	20	1	0	0	583	1395	16	19	-1	
4	1	20	1	1	0	583	1395	16	19	-1	
5	1	20	1	1	1	583	1395	16	19	95.000000	 
2	1	21	0	0	0	43	1428	585	27	-1	
3	1	21	1	0	0	43	1428	585	27	-1	
4	1	21	1	1	0	43	1428	585	27	-1	
5	1	21	1	1	1	43	1428	32	21	96.914909	διὰ
5	1	21	1	1	2	86	1428	24	24	72.402466	νὰ
5	1	21	1	1	3	122	1428	20	22	93.298737	σέ
5	1	21	1	1	4	153	1428	135	27	80.810257	συνοδεύσουµε
5	1	21	1	1	5	323	1429	22	26	64.894814	στήν)
5	1	21	1	1	6	368	1428	105	23	93.425728	τελευταία
5	1	21	1	1	7	486	1437	31	13	96.364639	σου
5	1	21	1	1	8	529	1428	99	23	49.951729	κατοικία.
2	1	22	0	0	0	41	1464	707	491	-1	
3	1	22	1	0	0	41	1464	707	205	-1	
4	1	22	1	1	0	71	1464	676	28	-1	
5	1	22	1	1	1	71	1464	55	21	0.000000	Ίδναι
5	1	22	1	1	2	148	1464	94	22	78.937340	ἀδύνατου
5	1	22	1	1	3	260	1464	24	21	88.805229	νὰ
5	1	22	1	1	4	304	1465	131	27	69.001854	πιστεύσουµε,
5	1	22	1	1	5	469	1464	28	22	92.216400	ὅτι
5	1	22	1	1	6	518	1464	49	23	92.185425	εἶσαι
5	1	22	1	1	7	585	1464	70	28	46.444351	νεχρὸς
5	1	22	1	1	8	676	1465	31	21	91.933990	ἐσύ
5	1	22	1	1	9	739	1466	8	20	53.431782	ἑὁ
4	1	22	1	2	0	42	1499	706	29	-1	
5	1	22	1	2	1	42	1499	105	28	55.525993	ζωντανός,
5	1	22	1	2	2	164	1501	8	21	88.571884	ὁ
5	1	22	1	2	3	192	1499	121	28	36.145321	ἀθλητικός,
5	1	22	1	2	4	332	1501	9	21	92.428177	ὁ
5	1	22	1	2	5	357	1499	97	27	63.592514	νθανικός,
5	1	22	1	2	6	473	1501	9	22	92.152588	ὁ
5	1	22	1	2	7	498	1499	148	29	44.839867	πνευµατώδης,
5	1	22	1	2	8	664	1501	9	22	92.968002	ὁ
5	1	22	1	2	9	689	1500	59	28	57.409561	γεμά-
4	1	22	1	3	0	42	1535	705	27	-1	
5	1	22	1	3	1	42	1543	33	16	96.775055	τος
5	1	22	1	3	2	89	1536	41	25	93.137253	ζωή
5	1	22	1	3	3	146	1536	113	26	35.072571	ἂνδρωπος.
5	1	22	1	3	4	276	1536	29	20	26.497536	Μ᾽
5	1	22	1	3	5	322	1535	37	23	92.718330	ὅλα
5	1	22	1	3	6	373	1538	60	19	93.293152	ταῦτα
5	1	22	1	3	7	450	1535	99	27	25.627182	Ερίσκεσαι
5	1	22	1	3	8	564	1536	87	26	89.268158	μπροστὰ
5	1	22	1	3	9	667	1544	38	18	92.801628	µας
5	1	22	1	3	10	718	1544	29	13	92.017174	νε-
4	1	22	1	4	0	41	1570	707	28	-1	
5	1	22	1	4	1	41	1570	54	27	50.349609	χρός
5	1	22	1	4	2	111	1570	41	21	0.000000	Γαὶ
5	1	22	1	4	3	169	1571	36	21	91.475166	ἐνῶ
5	1	22	1	4	4	221	1570	103	28	91.349815	ἐπερίμενα
5	1	22	1	4	5	338	1571	24	21	95.803757	νά
5	1	22	1	4	6	377	1570	20	22	89.407166	σέ
5	1	22	1	4	7	411	1571	112	26	83.241814	συναντήσω
5	1	22	1	4	8	539	1571	22	26	43.625275	μέ
5	1	22	1	4	9	575	1570	93	28	69.045815	λαχτὰρα
5	1	22	1	4	10	685	1570	31	22	92.761703	διὰ
5	1	22	1	4	11	724	1571	24	20	92.761703	νὰ
4	1	22	1	5	0	41	1606	707	27	-1	
5	1	22	1	5	1	41	1606	24	21	96.313545	τὰ
5	1	22	1	5	2	80	1606	131	26	26.015999	συζητήσουμε
5	1	22	1	5	3	227	1606	22	26	87.763153	µέ
5	1	22	1	5	4	275	1606	153	27	80.474472	ἐγκαρδιότητα,
5	1	22	1	5	5	442	1606	48	22	56.716110	διότι
5	1	22	1	5	6	505	1606	137	22	35.350769	καταλάδαινε
5	1	22	1	5	7	656	1607	68	26	92.683350	ἄριστα
5	1	22	1	5	8	740	1616	8	12	87.095596	ὁ
4	1	22	1	6	0	41	1641	639	28	-1	
5	1	22	1	6	1	41	1641	46	25	42.089024	ἕνας
5	1	22	1	6	2	101	1641	31	23	91.976990	τόν
5	1	22	1	6	3	147	1642	59	27	85.366493	ἄλλο,
5	1	22	1	6	4	223	1644	9	21	93.186646	ὁ
5	1	22	1	6	5	248	1642	62	27	83.140167	χάρος
5	1	22	1	6	6	326	1643	32	20	93.246490	σοῦ
5	1	22	1	6	7	374	1641	79	28	92.023483	ἅρπαξε
5	1	22	1	6	8	468	1642	22	26	96.486237	τή
5	1	22	1	6	9	506	1642	41	26	96.486237	ζωή
5	1	22	1	6	10	562	1642	34	27	86.204643	γιὰ
5	1	22	1	6	11	611	1641	69	23	54.310612	πὰντα.
3	1	22	2	0	0	42	1677	706	241	-1	
4	1	22	2	1	0	70	1677	678	28	-1	
5	1	22	2	1	1	70	1677	69	25	91.974213	Μόλις
5	1	22	2	1	2	159	1678	169	27	40.049110	πληροφορήθηκα
5	1	22	2	1	3	352	1679	143	25	79.673355	τηλεφωνικῶς
5	1	22	2	1	4	519	1677	31	25	40.245590	τόν
5	1	22	2	1	5	575	1677	81	27	90.851028	αἰφνίδιο
5	1	22	2	1	6	676	1677	72	22	75.422813	θάνατό
4	1	22	2	2	0	42	1713	706	28	-1	
5	1	22	2	2	1	42	1721	37	19	92.873459	σου,
5	1	22	2	2	2	96	1713	22	26	85.161133	µέ
5	1	22	2	2	3	133	1713	132	27	87.920944	ἐπλημμύρισε
5	1	22	2	2	4	283	1714	71	26	76.347847	φοδερή
5	1	22	2	2	5	373	1713	67	27	95.267212	θλίψη,
5	1	22	2	2	6	458	1713	53	25	93.285393	ὅπως
5	1	22	2	2	7	526	1713	34	22	11.134407	-αΐ
5	1	22	2	2	8	575	1713	58	25	92.300682	ὅλους
5	1	22	2	2	9	648	1713	34	22	93.285835	πού
5	1	22	2	2	10	699	1714	49	27	27.433777	Άρη-
4	1	22	2	3	0	42	1748	706	28	-1	
5	1	22	2	3	1	42	1750	40	20	61.444672	νοῦν
5	1	22	2	3	2	99	1749	86	27	53.630836	μπροστὰ
5	1	22	2	3	3	201	1757	31	13	96.905991	σου
5	1	22	2	3	4	246	1748	31	23	75.996910	τόν
5	1	22	2	3	5	294	1749	55	21	32.186974	ἄδικο
5	1	22	2	3	6	365	1749	34	21	4.611786	πκαί
5	1	22	2	3	7	414	1749	75	27	88.780525	πρόωρο
5	1	22	2	3	8	504	1749	50	27	60.701721	χχμό
5	1	22	2	3	9	568	1757	38	14	93.281128	σου.
5	1	22	2	3	10	624	1749	90	24	20.484016	᾿Αμέσως
5	1	22	2	3	11	730	1750	18	20	91.391876	ἑ-
4	1	22	2	4	0	43	1784	705	28	-1	
5	1	22	2	4	1	43	1784	120	27	46.085648	τοιμάστηκα
5	1	22	2	4	2	183	1784	33	22	73.139328	καί
5	1	22	2	4	3	233	1784	104	27	9.597511	ἐξεχίνησα
5	1	22	2	4	4	356	1784	24	21	91.073456	νὰ
5	1	22	2	4	5	399	1784	53	22	91.073456	ἔλθω
5	1	22	2	4	6	474	1785	36	23	94.579292	ἀπό
5	1	22	2	4	7	527	1785	34	26	93.236885	τήν
5	1	22	2	4	8	578	1785	108	27	48.075012	Ἰομοτινή,
5	1	22	2	4	9	704	1784	44	22	96.024323	ὅπου
4	1	22	2	5	0	43	1820	704	27	-1	
5	1	22	2	5	1	43	1820	112	27	53.357471	ἐργάζομαι,
5	1	22	2	5	2	169	1820	32	21	96.795990	διὰ
5	1	22	2	5	3	216	1820	23	25	93.285690	νὰ
5	1	22	2	5	4	254	1821	66	26	0.000000	θρεδῶ
5	1	22	2	5	5	335	1820	60	22	54.451546	χοντὰ
5	1	22	2	5	6	411	1829	31	13	96.818810	σου
5	1	22	2	5	7	458	1820	33	22	89.481232	καί
5	1	22	2	5	8	505	1820	24	21	95.532280	νὰ
5	1	22	2	5	9	544	1820	20	22	91.137184	σέ
5	1	22	2	5	10	580	1820	105	22	82.237495	συνοδεύσω
5	1	22	2	5	11	702	1821	45	25	96.068214	στήν
4	1	22	2	6	0	43	1855	704	27	-1	
5	1	22	2	6	1	43	1856	103	21	92.152916	τελευταία
5	1	22	2	6	2	162	1864	31	13	93.182358	σου
5	1	22	2	6	3	212	1855	93	22	37.709385	χατοικία
5	1	22	2	6	4	322	1856	48	26	61.281948	µαζύ
5	1	22	2	6	5	389	1856	23	26	85.615021	µέ
5	1	22	2	6	6	431	1856	57	24	91.043579	ὅλους
5	1	22	2	6	7	506	1856	44	24	96.952629	τούς
5	1	22	2	6	8	714	1856	33	21	88.441360	χαί
4	1	22	2	7	0	44	1891	75	27	-1	
5	1	22	2	7	1	44	1891	75	27	92.577995	φίλους.
3	1	22	3	0	0	72	1927	676	28	-1	
4	1	22	3	1	0	72	1927	676	28	-1	
5	1	22	3	1	1	72	1927	118	27	0.000000	Σωηιχράως
5	1	22	3	1	2	207	1927	51	23	37.846161	κατὰ
5	1	22	3	1	3	285	1928	34	25	81.186272	τήν
5	1	22	3	1	4	335	1927	90	27	20.393440	διάρκεια
5	1	22	3	1	5	440	1929	32	20	96.941734	τοῦ
5	1	22	3	1	6	486	1927	85	25	96.589424	ταξιδίου
5	1	22	3	1	7	586	1935	35	19	93.100624	µου
5	1	22	3	1	8	634	1927	23	26	89.026886	µέ
5	1	22	3	1	9	673	1927	75	28	92.085785	σιδηρό-
2	1	23	0	0	0	580	1864	103	19	-1	
3	1	23	1	0	0	580	1864	103	19	-1	
4	1	23	1	1	0	580	1864	103	19	-1	
5	1	23	1	1	1	580	1864	103	19	88.441978	συγγενεῖς
2	1	24	0	0	0	43	1962	704	28	-1	
3	1	24	1	0	0	43	1962	704	28	-1	
4	1	24	1	1	0	43	1962	704	28	-1	
5	1	24	1	1	1	43	1964	57	26	52.322468	δρομο
5	1	24	1	1	2	117	1962	32	22	61.025032	καί
5	1	24	1	1	3	168	1963	110	27	87.298660	ἀεροπλὰνο
5	1	24	1	1	4	295	1963	130	26	63.917152	αἰσθάνδηκα
5	1	24	1	1	5	444	1963	33	21	38.967278	κα
5	1	24	1	1	6	496	1963	34	26	91.171173	τήν
5	1	24	1	1	7	548	1963	78	27	73.722168	ἀνάγκη
5	1	24	1	1	8	640	1963	24	24	96.451637	νὰ
5	1	24	1	1	9	679	1962	68	28	0.000000	γράψω
2	1	25	0	0	0	43	1998	704	28	-1	
3	1	25	1	0	0	43	1998	704	28	-1	
4	1	25	1	1	0	43	1998	704	28	-1	
5	1	25	1	1	1	43	1998	33	22	87.805405	στό
5	1	25	1	1	2	89	1998	57	28	95.962074	χαρτί
5	1	25	1	1	3	159	1998	32	22	81.727737	καὶ
5	1	25	1	1	4	207	1998	48	22	96.537880	αὐτὰ
5	1	25	1	1	5	271	1999	24	22	93.300705	τὰ
5	1	25	1	1	6	308	1999	188	27	91.398071	ἀποχαιρετιστήρια
5	1	25	1	1	7	509	1998	59	27	96.134468	λόγια
5	1	25	1	1	8	581	1998	32	22	72.675476	καὶ
5	1	25	1	1	9	628	1998	24	21	96.660606	νὰ
5	1	25	1	1	10	667	1998	24	22	93.290184	τὰ
5	1	25	1	1	11	704	2001	43	24	80.799843	6ρον
2	1	26	0	0	0	44	2034	705	63	-1	
3	1	26	1	0	0	44	2034	705	63	-1	
4	1	26	1	1	0	44	2034	704	27	-1	
5	1	26	1	1	1	44	2035	103	26	60.001377	ποφωνήσω
5	1	26	1	1	2	164	2034	86	27	67.114296	μπροστὰ
5	1	26	1	1	3	263	2043	31	13	96.737488	σου
5	1	26	1	1	4	308	2034	32	21	96.563713	διὰ
5	1	26	1	1	5	353	2034	25	21	93.211685	νὰ
5	1	26	1	1	6	393	2035	105	23	42.802143	ἀκουστοῦν
5	1	26	1	1	7	511	2034	36	21	96.954842	στὰ
5	1	26	1	1	8	562	2034	74	27	84.386261	πέρατα
5	1	26	1	1	9	652	2036	37	24	95.878761	τῆς
5	1	26	1	1	10	702	2036	46	25	94.289368	γῆς,
4	1	26	1	2	0	44	2069	705	28	-1	
5	1	26	1	2	1	44	2069	27	23	93.232864	ὅτι
5	1	26	1	2	2	90	2070	55	27	83.734215	ἂφισε
5	1	26	1	2	3	161	2069	31	25	81.385086	τόν.
5	1	26	1	2	4	212	2069	59	27	29.444160	κόσµο
5	1	26	1	2	5	290	2070	47	24	87.436676	ἕνας
5	1	26	1	2	6	355	2069	88	28	52.928352	μεγάλος
5	1	26	1	2	7	461	2070	80	27	45.718536	ἄγδρας,
5	1	26	1	2	8	558	2070	46	24	82.713211	ἕνας
5	1	26	1	2	9	625	2070	72	27	91.459198	ἂνδρας
5	1	26	1	2	10	714	2069	35	22	96.486404	πού
2	1	27	0	0	0	44	2105	704	28	-1	
3	1	27	1	0	0	44	2105	704	28	-1	
4	1	27	1	1	0	44	2105	704	28	-1	
5	1	27	1	1	1	44	2105	104	28	86.549423	ἐξεχώριζε
5	1	27	1	1	2	166	2105	36	21	96.459473	ἀπό
5	1	27	1	1	3	218	2106	44	24	93.092468	τούς
5	1	27	1	1	4	277	2105	75	25	92.297066	ὤλλους
5	1	27	1	1	5	368	2105	31	21	96.600365	διὰ
5	1	27	1	1	6	415	2106	34	25	91.673187	τήν
5	1	27	1	1	7	477	2106	74	25	66.585114	τόλμην
5	1	27	1	1	8	566	2114	38	18	95.479240	του,
5	1	27	1	1	9	619	2105	31	21	96.694107	διὰ
5	1	27	1	1	10	667	2106	33	26	93.191788	τήν
5	1	27	1	1	11	718	2106	30	20	54.285545	ἀν-
2	1	28	0	0	0	43	2140	652	28	-1	
3	1	28	1	0	0	43	2140	652	28	-1	
4	1	28	1	1	0	43	2140	652	28	-1	
5	1	28	1	1	1	43	2140	64	28	89.614601	δρείαν
5	1	28	1	1	2	125	2149	30	13	92.960861	του
5	1	28	1	1	3	173	2142	33	21	9.958618	Χαί
5	1	28	1	1	4	225	2141	32	21	96.810410	διὰ
5	1	28	1	1	5	276	2141	34	26	93.280518	τήν
5	1	28	1	1	6	332	2140	193	28	92.353149	ἀποφασιστικότητα
5	1	28	1	1	7	542	2140	48	27	8.832489	πρός
5	1	28	1	1	8	607	2141	53	21	36.991344	χὰθε
5	1	28	1	1	9	677	2150	18	12	86.164856	τι
2	1	29	0	0	0	41	2176	553	27	-1	
3	1	29	1	0	0	41	2176	553	27	-1	
4	1	29	1	1	0	41	2176	553	27	-1	
5	1	29	1	1	1	41	2176	95	23	57.029068	ἐπεδίωχε
5	1	29	1	1	2	152	2176	31	21	95.889832	διὰ
5	1	29	1	1	3	200	2177	24	20	96.785706	νὰ
5	1	29	1	1	4	242	2176	21	22	73.301872	τό
5	1	29	1	1	5	279	2177	108	26	91.116386	ἀποκτήση,
5	1	29	1	1	6	406	2177	47	24	78.891815	ἕνας
5	1	29	1	1	7	472	2176	72	27	40.918053	ἂνδρας
5	1	29	1	1	8	560	2176	34	21	96.440285	πού
2	1	30	0	0	0	439	2175	309	63	-1	
3	1	30	1	0	0	439	2175	309	63	-1	
4	1	30	1	1	0	439	2175	309	63	-1	
5	1	30	1	1	1	439	2175	309	63	95.000000	  
2	1	31	0	0	0	204	2211	278	44	-1	
3	1	31	1	0	0	204	2211	278	44	-1	
4	1	31	1	1	0	204	2211	278	28	-1	
5	1	31	1	1	1	204	2212	85	26	44.448410	άμματα,
5	1	31	1	1	2	322	2211	30	25	93.293770	τίς
5	1	31	1	1	3	369	2212	113	27	90.318695	ἐπιστῆμες,
4	1	31	1	2	0	261	2248	4	7	-1	
5	1	31	1	2	1	261	2248	4	7	0.000000	{
2	1	32	0	0	0	42	2247	560	99	-1	
3	1	32	1	0	0	42	2247	560	99	-1	
4	1	32	1	1	0	44	2247	401	28	-1	
5	1	32	1	1	1	44	2248	45	26	93.258263	στήν
5	1	32	1	1	2	102	2248	164	26	44.061768	ἐπιχειρηματική
5	1	32	1	1	3	280	2247	165	28	85.150574	δραστηριάτητα.
4	1	32	1	2	0	69	2283	156	24	-1	
5	1	32	1	2	1	69	2283	39	24	20.520790	Ἠϊς
5	1	32	1	2	2	128	2283	46	24	91.228386	ὅλες
5	1	32	1	2	3	195	2283	30	24	95.359390	τίς
4	1	32	1	3	0	42	2318	560	28	-1	
5	1	32	1	3	1	42	2326	38	18	93.937767	µας
5	1	32	1	3	2	96	2318	99	23	89.597878	Λεωνίδα,
5	1	32	1	3	3	214	2318	55	27	75.783653	ἤσουν
5	1	32	1	3	4	288	2320	71	20	91.568031	παντοῦ
5	1	32	1	3	5	377	2318	33	22	75.974785	καὶ
5	1	32	1	3	6	426	2318	84	22	77.497627	πἀντοτε
5	1	32	1	3	7	529	2318	73	28	96.676353	παρών.
2	1	33	0	0	0	619	2282	130	60	-1	
3	1	33	1	0	0	619	2282	130	60	-1	
4	1	33	1	1	0	636	2282	113	27	-1	
5	1	33	1	1	1	636	2282	113	27	86.720917	ἀγαπημένε
4	1	33	1	2	0	619	2318	130	24	-1	
5	1	33	1	2	1	619	2318	24	21	0.503952	0Ο.
5	1	33	1	2	2	660	2318	89	24	54.609051	θάνατός
2	1	34	0	0	0	246	2282	354	28	-1	
3	1	34	1	0	0	246	2282	354	28	-1	
4	1	34	1	1	0	246	2282	354	28	-1	
5	1	34	1	1	1	246	2284	87	26	68.824257	εὐγενεῖς
5	1	34	1	1	2	350	2282	124	27	74.058319	ἐχδηλώσεις
5	1	34	1	1	3	493	2284	36	24	95.278671	τῆς
5	1	34	1	1	4	546	2284	54	25	93.949776	ζωῆς
2	1	35	0	0	0	42	2353	707	28	-1	
3	1	35	1	0	0	42	2353	707	28	-1	
4	1	35	1	1	0	94	2353	645	9	-1	
5	1	35	1	1	1	94	2355	4	6	0.000000	ο
5	1	35	1	1	2	122	2355	4	7	17.813217	ας
5	1	35	1	1	3	192	2355	7	6	0.000000	Ἀ
5	1	35	1	1	4	287	2354	3	6	71.877586	ν
5	1	35	1	1	5	374	2354	41	8	0.000000	ο
5	1	35	1	1	6	564	2354	3	6	27.117889	ν
5	1	35	1	1	7	686	2353	53	8	32.895615	πο
4	1	35	1	2	0	42	2356	707	25	-1	
5	1	35	1	2	1	42	2362	31	14	93.233719	σου
5	1	35	1	2	2	90	2363	67	18	21.009140	ἀφήνει
5	1	35	1	2	3	192	2363	33	13	91.231766	ἕνα
5	1	35	1	2	4	243	2356	76	25	0.000000	μεγάλο
5	1	35	1	2	5	335	2363	44	13	71.440720	Χενό
5	1	35	1	2	6	396	2363	43	14	96.009361	τόσο
5	1	35	1	2	7	458	2363	48	18	52.553368	στήν
5	1	35	1	2	8	520	2356	79	25	74.502831	µεγάλη
5	1	35	1	2	9	617	2362	38	18	86.928947	µας
5	1	35	1	2	10	674	2363	75	18	33.580818	οἰὐκογέ-
2	1	36	0	0	0	42	2389	708	132	-1	
3	1	36	1	0	0	42	2389	708	98	-1	
4	1	36	1	1	0	43	2389	707	28	-1	
5	1	36	1	1	1	43	2398	49	19	81.409348	γεια,
5	1	36	1	1	2	110	2390	47	21	75.083076	διότι
5	1	36	1	1	3	175	2391	131	23	91.502655	ἀποτελοῦσες
5	1	36	1	1	4	326	2390	31	22	81.927109	τόν
5	1	36	1	1	5	375	2390	100	21	60.914188	συνδετικό
5	1	36	1	1	6	491	2389	56	27	40.431953	Χρίκο
5	1	36	1	1	7	567	2390	33	21	92.650101	πού
5	1	36	1	1	8	616	2390	59	20	21.350647	ἔνωνε
5	1	36	1	1	9	692	2389	58	24	92.732056	ὅλους
4	1	36	1	2	0	42	2424	707	28	-1	
5	1	36	1	2	1	42	2433	45	19	85.822563	µας,
5	1	36	1	2	2	107	2425	31	22	90.882721	ὅσο
5	1	36	1	2	3	158	2425	33	22	72.426727	καὶ
5	1	36	1	2	4	211	2426	49	26	95.395081	στήν
5	1	36	1	2	5	274	2425	20	23	91.836861	ἐν
5	1	36	1	2	6	312	2424	52	28	91.407951	γένει
5	1	36	1	2	7	382	2425	98	26	87.845909	ἑλληνική
5	1	36	1	2	8	498	2424	92	22	96.321289	κοινωνία
5	1	36	1	2	9	610	2424	54	22	90.820923	τόσον
5	1	36	1	2	10	683	2426	32	21	73.565506	τοῦ
5	1	36	1	2	11	732	2425	17	20	69.068832	ἐ-
4	1	36	1	3	0	45	2460	384	27	-1	
5	1	36	1	3	1	45	2461	110	26	38.782028	ξωπερικοῦ
5	1	36	1	3	2	168	2460	31	22	39.559021	ἄσο
5	1	36	1	3	3	213	2460	33	22	53.110603	καί
5	1	36	1	3	4	259	2463	31	20	93.292915	τοῦ
5	1	36	1	3	5	303	2461	126	26	92.957565	ἐσωτερικοῦ.
3	1	36	2	0	0	451	2495	297	26	-1	
4	1	36	2	1	0	451	2495	297	26	-1	
5	1	36	2	1	1	451	2505	38	16	93.250404	µας
5	1	36	2	1	2	504	2495	33	22	83.330414	καὶ
5	1	36	2	1	3	552	2495	137	22	0.000000	πολύλαυστε
5	1	36	2	1	4	701	2496	47	21	37.023407	Άεω
2	1	37	0	0	0	72	2496	351	27	-1	
3	1	37	1	0	0	72	2496	351	27	-1	
4	1	37	1	1	0	72	2496	351	27	-1	
5	1	37	1	1	1	72	2497	27	20	89.288918	Ἡ
5	1	37	1	1	2	111	2497	19	20	94.917007	ἐν
5	1	37	1	1	3	146	2496	51	27	94.094643	γένει
5	1	37	1	1	4	211	2497	43	26	95.919830	ζωή
5	1	37	1	1	5	265	2505	31	13	92.860611	σου
5	1	37	1	1	6	311	2496	112	27	84.051765	ἀγαπημένε
2	1	38	0	0	0	43	2531	706	28	-1	
3	1	38	1	0	0	43	2531	706	28	-1	
4	1	38	1	1	0	43	2531	706	28	-1	
5	1	38	1	1	1	43	2532	42	23	49.029922	γίδα
5	1	38	1	1	2	102	2533	75	26	92.739746	ὑπῆρξε
5	1	38	1	1	3	194	2532	47	24	89.515427	ἕνας
5	1	38	1	1	4	257	2532	88	27	58.463879	μεγάλος
5	1	38	1	1	5	364	2531	80	28	92.024963	ἀγώνας
5	1	38	1	1	6	462	2531	44	28	92.351860	ὑπέρ
5	1	38	1	1	7	526	2533	37	21	86.804947	τῶν
5	1	38	1	1	8	595	2532	86	26	82.124634	εὐγενῶν
5	1	38	1	1	9	695	2532	54	20	28.946106	ἴδεω-
2	1	39	0	0	0	704	2564	35	30	-1	
3	1	39	1	0	0	704	2564	35	30	-1	
4	1	39	1	1	0	704	2564	35	30	-1	
5	1	39	1	1	1	704	2564	35	30	95.000000	 
2	1	40	0	0	0	44	2566	707	178	-1	
3	1	40	1	0	0	44	2566	707	178	-1	
4	1	40	1	1	0	44	2566	656	29	-1	
5	1	40	1	1	1	44	2569	44	26	91.783600	δῶν,
5	1	40	1	1	2	102	2568	44	27	93.068916	ὑπέρ
5	1	40	1	1	3	164	2569	37	25	91.343781	τῆς
5	1	40	1	1	4	228	2568	116	26	31.626518	ἐπιστήμης,
5	1	40	1	1	5	359	2569	37	24	91.904480	τῆς
5	1	40	1	1	6	427	2566	131	28	92.988899	λογοτεχνίας
5	1	40	1	1	7	575	2567	33	21	73.287262	καί
5	1	40	1	1	8	625	2568	37	20	95.043518	τῶν
5	1	40	1	1	9	678	2567	22	21	95.043518	ἐπ
4	1	40	1	2	0	45	2602	706	29	-1	
5	1	40	1	2	1	45	2603	90	27	86.998810	ρημάτων
5	1	40	1	2	2	151	2604	157	27	62.499527	ἀπασχολήσεως
5	1	40	1	2	3	326	2604	84	20	30.001488	αντοῦ
5	1	40	1	2	4	424	2603	29	24	95.719604	εἰς
5	1	40	1	2	5	468	2602	59	25	34.357925	Όλους
5	1	40	1	2	6	543	2602	44	25	93.306000	τοὺς
5	1	40	1	2	7	604	2604	66	25	70.847847	τομεῖς
5	1	40	1	2	8	686	2602	65	28	89.843094	διέπρε
4	1	40	1	3	0	44	2642	42	24	-1	
5	1	40	1	3	1	44	2642	42	24	59.397335	ψας,
4	1	40	1	4	0	72	2680	66	27	-1	
5	1	40	1	4	1	72	2680	66	27	58.097668	Χάρις
4	1	40	1	5	0	45	2716	128	28	-1	
5	1	40	1	5	1	45	2716	49	26	77.736160	τητὰ
5	1	40	1	5	2	108	2724	38	20	78.560234	σοὺ,
5	1	40	1	5	3	162	2725	11	17	85.298759	µι
2	1	41	0	0	0	90	2679	661	135	-1	
3	1	41	1	0	0	90	2679	661	135	-1	
4	1	41	1	1	0	179	2679	559	8	-1	
5	1	41	1	1	1	179	2680	51	7	20.902184	ο
5	1	41	1	1	2	377	2679	4	7	0.000000	.
5	1	41	1	1	3	492	2679	4	7	0.000000	᾿
5	1	41	1	1	4	576	2679	77	7	17.391937	ο...
4	1	41	1	2	0	167	2680	583	27	-1	
5	1	41	1	2	1	167	2688	30	16	95.099739	εἰς
5	1	41	1	2	2	211	2689	21	12	93.289413	τό
5	1	41	1	2	3	248	2680	136	27	0.000000	Λαγοτεχνικὸ
5	1	41	1	2	4	400	2688	31	13	96.879768	σου
5	1	41	1	2	5	441	2681	90	21	66.294464	«ταλέντο
5	1	41	1	2	6	548	2688	32	13	66.103996	καὶ
5	1	41	1	2	7	597	2689	33	16	93.116341	τὴν
5	1	41	1	2	8	648	2687	102	19	87.864067	ἐργατικὸ-
4	1	41	1	3	0	392	2714	358	28	-1	
5	1	41	1	3	1	392	2724	32	13	93.161514	σου
5	1	41	1	3	2	441	2715	92	27	57.805916	προὀδους
5	1	41	1	3	3	552	2716	28	23	85.441673	εἰς
5	1	41	1	3	4	599	2715	33	26	81.584473	τὴν
5	1	41	1	3	5	650	2714	100	22	60.803997	διακονὶαν
4	1	41	1	4	0	577	2750	174	26	-1	
5	1	41	1	4	1	577	2750	135	26	3.314835	Οὐπονομικὰς
5	1	41	1	4	2	728	2751	23	20	10.488434	ἘἜ
4	1	41	1	5	0	90	2786	660	28	-1	
5	1	41	1	5	1	90	2795	51	18	73.674927	ἥμας
5	1	41	1	5	2	155	2788	30	23	95.203636	εἰς
5	1	41	1	5	3	202	2787	36	26	94.632217	τὴν
5	1	41	1	5	4	252	2787	107	26	30.818359	Ανωτάτη
5	1	41	1	5	5	372	2787	80	27	77.588470	Σχολὴν
5	1	41	1	5	6	467	2787	136	25	79.206604	Οὐκονομικῶν
5	1	41	1	5	7	618	2786	33	21	84.902298	καὶ
5	1	41	1	5	8	669	2787	81	26	86.636230	Ἔμπορι
2	1	42	0	0	0	176	2715	187	27	-1	
3	1	42	1	0	0	176	2715	187	27	-1	
4	1	42	1	1	0	176	2715	187	27	-1	
5	1	42	1	1	1	176	2716	35	21	21.082451	Εἰτὰ
5	1	42	1	1	2	226	2715	31	25	93.252029	τὶς
5	1	42	1	1	3	275	2716	88	26	58.301788	μεγᾶλες
2	1	43	0	0	0	173	2729	3	8	-1	
3	1	43	1	0	0	173	2729	3	8	-1	
4	1	43	1	1	0	173	2729	3	8	-1	
5	1	43	1	1	1	173	2729	3	8	95.000000	 
2	1	44	0	0	0	44	2751	500	27	-1	
3	1	44	1	0	0	44	2751	500	27	-1	
4	1	44	1	1	0	44	2751	500	27	-1	
5	1	44	1	1	1	44	2753	36	24	93.233971	τῆς
5	1	44	1	1	2	98	2752	125	25	71.100517	οἰκονομικῆς
5	1	44	1	1	3	241	2751	131	27	12.161034	Επιστήμης,
5	1	44	1	1	4	390	2751	27	24	93.297668	ὡς
5	1	44	1	1	5	435	2751	109	24	26.950180	σπουδὰσας
2	1	45	0	0	0	56	2796	31	12	-1	
3	1	45	1	0	0	56	2796	31	12	-1	
4	1	45	1	1	0	56	2796	31	12	-1	
5	1	45	1	1	1	56	2796	31	12	95.000000	 
2	1	46	0	0	0	43	2821	707	65	-1	
3	1	46	1	0	0	43	2821	707	65	-1	
4	1	46	1	1	0	44	2821	706	29	-1	
5	1	46	1	1	1	44	2831	40	13	0.000000	ῶν
5	1	46	1	1	2	99	2823	132	27	69.251328	᾿Ἠπιστημῶν,
5	1	46	1	1	3	246	2822	99	26	69.410492	ἐπεῥόθης
5	1	46	1	1	4	361	2822	22	26	91.494385	µέ
5	1	46	1	1	5	397	2823	48	25	42.815109	ζήλο
5	1	46	1	1	6	462	2822	42	22	90.661362	τὸσο
5	1	46	1	1	7	528	2822	48	26	61.779560	στὴν
5	1	46	1	1	8	601	2821	119	28	74.520798	λογοτεχνὶα
5	1	46	1	1	9	733	2822	17	21	92.032005	ὃ-
4	1	46	1	2	0	43	2857	707	29	-1	
5	1	46	1	2	1	43	2866	31	13	93.269966	σον
5	1	46	1	2	2	89	2858	32	22	81.088837	χαὶ
5	1	46	1	2	3	135	2858	43	25	93.185280	στὸν
5	1	46	1	2	4	191	2858	164	28	85.091156	ἐπιχειρηματικό
5	1	46	1	2	5	368	2857	59	27	91.630585	τοµέα
5	1	46	1	2	6	451	2859	36	25	91.311508	τῆς
5	1	46	1	2	7	516	2857	123	25	62.244144	ἐκτελέσεως
5	1	46	1	2	8	654	2859	96	25	42.475719	τεχνικῶν
2	1	47	0	0	0	494	2893	257	27	-1	
3	1	47	1	0	0	494	2893	257	27	-1	
4	1	47	1	1	0	494	2893	257	27	-1	
5	1	47	1	1	1	494	2895	47	25	0.000000	έρδη
5	1	47	1	1	2	557	2894	33	21	78.071259	καί
5	1	47	1	1	3	605	2893	146	27	77.856430	δηµιουργήσας
2	1	48	0	0	0	493	2902	1	5	-1	
3	1	48	1	0	0	493	2902	1	5	-1	
4	1	48	1	1	0	493	2902	1	5	-1	
5	1	48	1	1	1	493	2902	1	5	95.000000	 
2	1	49	0	0	0	44	2893	707	135	-1	
3	1	49	1	0	0	44	2893	449	64	-1	
4	1	49	1	1	0	44	2893	449	28	-1	
5	1	49	1	1	1	44	2894	64	27	72.508789	ἔργων
5	1	49	1	1	2	123	2894	122	26	85.102890	ἀπόχομίζων
5	1	49	1	1	3	262	2895	44	20	53.376713	κατ
5	1	49	1	1	4	323	2894	45	24	92.684471	ἔτος
5	1	49	1	1	5	385	2893	78	27	56.236160	μεγάλα
5	1	49	1	1	6	480	2903	13	12	13.296593	:
4	1	49	1	2	0	45	2929	300	28	-1	
5	1	49	1	2	1	45	2930	79	26	67.018005	μεγάλη
5	1	49	1	2	2	136	2929	80	27	43.082153	ἀκίνητο
5	1	49	1	2	3	228	2929	117	28	89.954330	περιουσίαν.
3	1	49	2	0	0	44	2963	707	65	-1	
4	1	49	2	1	0	73	2963	678	29	-1	
5	1	49	2	1	1	73	2966	73	22	56.513481	"Ἠσουν
5	1	49	2	1	2	161	2967	8	21	52.889042	ὁ
5	1	49	2	1	3	196	2965	66	27	56.761658	κύριος
5	1	49	2	1	4	277	2964	141	28	46.534554	ἀρβρογράφος
5	1	49	2	1	5	434	2966	84	24	0.000000	τοπικής
5	1	49	2	1	6	533	2965	112	25	81.094849	ἑλληνικῆς
5	1	49	2	1	7	661	2963	90	28	69.475990	ἐφιμερί-
4	1	49	2	2	0	44	3000	707	28	-1	
5	1	49	2	2	1	44	3003	33	23	92.116837	δος
5	1	49	2	2	2	95	3003	31	20	93.066994	τοῦ
5	1	49	2	2	3	143	3001	192	27	19.169395	ΤΓιοχάνεσµπουρη.,
5	1	49	2	2	4	354	3000	156	28	68.555054	δημοσιογράφος
5	1	49	2	2	5	526	3001	38	20	93.262779	τῶν
5	1	49	2	2	6	580	3001	73	21	92.663734	λοιπῶν
5	1	49	2	2	7	671	3001	80	25	12.136826	ἀλληνι-
2	1	50	0	0	0	758	47	7	2987	-1	
3	1	50	1	0	0	758	47	7	2987	-1	
4	1	50	1	1	0	758	47	7	2987	-1	
5	1	50	1	1	1	758	47	7	2987	95.000000	 
2	1	51	0	0	0	807	40	615	69	-1	
3	1	51	1	0	0	807	40	615	69	-1	
4	1	51	1	1	0	807	40	615	69	-1	
5	1	51	1	1	1	807	40	58	59	27.995903	Πἡ
5	1	51	1	1	2	882	41	72	57	76.287354	τὸν
5	1	51	1	1	3	971	53	35	45	92.738869	κ.
5	1	51	1	1	4	1027	41	198	68	60.578419	Ὑπουβγὴ
5	1	51	1	1	5	1242	41	180	68	0.000000	Παιδείπῖ
2	1	52	0	0	0	766	147	709	349	-1	
3	1	52	1	0	0	766	147	709	349	-1	
4	1	52	1	1	0	791	147	683	28	-1	
5	1	52	1	1	1	791	148	26	20	82.985039	Ἡ
5	1	52	1	1	2	832	147	128	28	95.492477	Διεύθυνση
5	1	52	1	1	3	977	148	119	27	96.517776	Γεωργίας
5	1	52	1	1	4	1112	148	112	27	93.303474	Σπάρτης
5	1	52	1	1	5	1238	148	130	24	55.254425	θεθαιώνει,
5	1	52	1	1	6	1385	148	35	21	92.442291	ὅτι
5	1	52	1	1	7	1434	148	40	21	52.180321	κά-
4	1	52	1	2	0	767	183	706	28	-1	
5	1	52	1	2	1	767	183	25	21	92.616959	θε
5	1	52	1	2	2	803	183	83	27	95.895813	χρόνο,
5	1	52	1	2	3	898	183	113	27	92.420235	χάνονται
5	1	52	1	2	4	1028	183	43	28	92.420235	στή
5	1	52	1	2	5	1085	184	107	21	92.568031	Λακωνία
5	1	52	1	2	6	1206	183	101	28	96.174095	περίπου
5	1	52	1	2	7	1320	184	65	21	96.365517	3.000
5	1	52	1	2	8	1397	183	76	22	96.422821	τόννοι
4	1	52	1	3	0	766	219	707	27	-1	
5	1	52	1	3	1	766	219	108	27	23.392815	χαμάδες
5	1	52	1	3	2	894	219	66	27	90.064743	ἐλιές.
5	1	52	1	3	3	980	219	97	27	92.241096	᾿Εφέτος
5	1	52	1	3	4	1098	219	29	21	93.292442	θά
5	1	52	1	3	5	1145	219	91	27	89.871872	χαθοῦν
5	1	52	1	3	6	1256	219	61	21	93.222389	πολύ
5	1	52	1	3	7	1335	219	138	27	91.998322	περισσότε-
4	1	52	1	4	0	766	254	708	30	-1	
5	1	52	1	4	1	766	261	41	20	87.346016	ρες
5	1	52	1	4	2	823	254	26	27	93.266113	ἐξ
5	1	52	1	4	3	866	254	75	27	92.387733	αἰτίας
5	1	52	1	4	4	959	255	46	21	93.299629	τῶν
5	1	52	1	4	5	1024	255	110	27	91.441933	σφοδρῶν
5	1	52	1	4	6	1150	255	97	27	91.433678	ἀνέμων.
5	1	52	1	4	7	1265	255	62	29	0.000000	Εάν,
5	1	52	1	4	8	1342	255	29	27	90.070938	µέ
5	1	52	1	4	9	1389	255	85	27	91.974449	ἐντολή
4	1	52	1	5	0	767	289	706	29	-1	
5	1	52	1	5	1	767	289	24	21	95.436646	ἐκ
5	1	52	1	5	2	807	291	47	20	92.660271	τῶν
5	1	52	1	5	3	870	290	55	24	92.660271	ἄνω,
5	1	52	1	5	4	940	290	45	22	92.469246	ὅλα
5	1	52	1	5	5	1002	290	31	21	93.303299	τά
5	1	52	1	5	6	1049	291	102	26	92.323868	Σχολεῖα
5	1	52	1	5	7	1166	290	84	21	91.799355	ἔκαναν
5	1	52	1	5	8	1263	290	95	28	85.427521	µερικές
5	1	52	1	5	9	1372	290	101	28	92.290924	ἐξορμή-
4	1	52	1	6	0	767	326	706	27	-1	
5	1	52	1	6	1	767	332	55	20	93.301445	σεις,
5	1	52	1	6	2	840	326	52	20	92.848236	ἀντί
5	1	52	1	6	3	907	326	39	27	93.301971	γιά
5	1	52	1	6	4	962	326	74	27	90.601196	ἁπλές
5	1	52	1	6	5	1051	327	103	26	90.601196	πορεῖες,
5	1	52	1	6	6	1168	327	39	20	88.576462	καί
5	1	52	1	6	7	1219	326	88	27	9.418579	μάζευε
5	1	52	1	6	8	1321	326	38	21	84.757805	9-ό
5	1	52	1	6	9	1375	326	53	21	91.600166	κιλὰ
5	1	52	1	6	10	1445	326	28	22	96.897202	τό
4	1	52	1	7	0	766	361	709	28	-1	
5	1	52	1	7	1	766	361	56	21	96.157326	Κάθε
5	1	52	1	7	2	835	362	65	20	96.437485	παιδί
5	1	52	1	7	3	913	361	32	21	85.877304	θά
5	1	52	1	7	4	957	361	179	27	96.297585	συγκέντρωναν
5	1	52	1	7	5	1151	362	88	26	95.867416	πολλές
5	1	52	1	7	6	1253	362	105	27	96.325050	χιλιάδες
5	1	52	1	7	7	1370	362	55	21	95.765709	κιλά
5	1	52	1	7	8	1435	362	40	21	95.879730	καί
4	1	52	1	8	0	767	397	706	27	-1	
5	1	52	1	8	1	767	397	29	20	71.607277	θὰ
5	1	52	1	8	2	811	397	171	27	92.134705	οἰκονομοῦσαν
5	1	52	1	8	3	997	397	93	27	84.672401	µεγάλα
5	1	52	1	8	4	1106	397	138	27	36.281128	χρηματικά
5	1	52	1	8	5	1260	397	70	22	96.568176	ποσά.
5	1	52	1	8	6	1351	397	32	21	93.295738	Τό
5	1	52	1	8	7	1398	397	75	22	92.064209	ἐθνικό
4	1	52	1	9	0	767	432	706	28	-1	
5	1	52	1	9	1	767	432	116	28	90.815392	εἰσόδημα
5	1	52	1	9	2	898	432	25	22	95.304878	δέ
5	1	52	1	9	3	942	433	30	20	96.246269	θά
5	1	52	1	9	4	1004	432	113	28	17.884109	χανόταν,
5	1	52	1	9	5	1136	433	39	21	54.766823	καί
5	1	52	1	9	6	1189	433	31	21	93.303032	τά
5	1	52	1	9	7	1235	433	80	21	33.223534	παιδιὰἀ
5	1	52	1	9	8	1335	433	30	21	74.252357	θά
5	1	52	1	9	9	1383	433	90	27	92.704857	συνήθι-
4	1	52	1	10	0	768	468	582	28	-1	
5	1	52	1	10	1	768	468	42	26	93.009850	ζαν
5	1	52	1	10	2	822	468	19	20	91.117737	ν᾿
5	1	52	1	10	3	853	468	107	27	92.174484	ἀγαπιοῦν
5	1	52	1	10	4	971	468	42	27	93.291412	τήν
5	1	52	1	10	5	1025	468	155	27	89.968399	τροφοδότρα
5	1	52	1	10	6	1194	468	110	28	91.039398	ἑλληνική
5	1	52	1	10	7	1314	469	36	27	78.704575	γῆ.
2	1	53	0	0	0	770	514	705	5	-1	
3	1	53	1	0	0	770	514	705	5	-1	
4	1	53	1	1	0	770	514	705	5	-1	
5	1	53	1	1	1	770	514	705	5	95.000000	 
2	1	54	0	0	0	905	545	439	50	-1	
3	1	54	1	0	0	905	545	439	50	-1	
4	1	54	1	1	0	905	545	439	50	-1	
5	1	54	1	1	1	905	545	233	39	83.480827	Μυστικοί
5	1	54	1	1	2	1165	545	179	50	88.603600	ἔρωτες
2	1	55	0	0	0	1047	609	152	5	-1	
3	1	55	1	0	0	1047	609	152	5	-1	
4	1	55	1	1	0	1047	609	152	5	-1	
5	1	55	1	1	1	1047	609	152	5	95.000000	 
2	1	56	0	0	0	769	631	579	98	-1	
3	1	56	1	0	0	769	631	579	98	-1	
4	1	56	1	1	0	769	631	579	29	-1	
5	1	56	1	1	1	769	631	69	28	93.265114	Φιλιά,
5	1	56	1	1	2	850	632	222	28	24.721252	σφιχταηικαλιάσματα,
5	1	56	1	1	3	1086	632	77	27	60.005783	λυγµοί,
5	1	56	1	1	4	1175	632	81	27	31.922516	δάχρυα,
5	1	56	1	1	5	1269	632	79	26	56.299126	πόνος...
4	1	56	1	2	0	769	667	514	28	-1	
5	1	56	1	2	1	769	668	33	21	43.283241	καί
5	1	56	1	2	2	816	667	33	21	81.846558	στὀ
5	1	56	1	2	3	861	667	61	27	67.558273	χωριό
5	1	56	1	2	4	936	668	76	27	52.900959	μονάχη
5	1	56	1	2	5	1022	667	21	21	92.562775	σύ
5	1	56	1	2	6	1055	667	22	26	90.129135	µέ
5	1	56	1	2	7	1089	668	72	26	0.000000	πήξη
5	1	56	1	2	8	1173	667	32	22	83.463364	καὶ
5	1	56	1	2	9	1218	668	65	22	76.754730	ἀνία...
4	1	56	1	3	0	769	702	558	27	-1	
5	1	56	1	3	1	769	702	40	20	62.286316	Καΐ
5	1	56	1	3	2	823	702	22	25	53.973869	μέ
5	1	56	1	3	3	857	702	23	25	96.654358	τή
5	1	56	1	3	4	895	702	61	26	90.720795	θλίψη
5	1	56	1	3	5	967	702	99	27	92.365540	συτροφιὰ,
5	1	56	1	3	6	1078	702	124	27	89.468124	παντέρηµος
5	1	56	1	3	7	1215	703	33	20	57.430187	καί
5	1	56	1	3	8	1262	702	65	26	54.252258	μόνος,
2	1	57	0	0	0	769	736	476	27	-1	
3	1	57	1	0	0	769	736	476	27	-1	
4	1	57	1	1	0	769	736	476	27	-1	
5	1	57	1	1	1	769	736	40	26	39.956566	μέσ)
5	1	57	1	1	2	822	737	46	25	93.228584	στήν
5	1	57	1	1	3	879	736	99	27	85.166298	πολύβουη
5	1	57	1	1	4	990	736	39	27	91.278976	ἐγώ
5	1	57	1	1	5	1041	737	82	26	73.222359	µεγάλη
5	1	57	1	1	6	1134	736	111	23	87.707260	πολιτεία...
2	1	58	0	0	0	1210	752	22	5	-1	
3	1	58	1	0	0	1210	752	22	5	-1	
4	1	58	1	1	0	1210	752	22	5	-1	
5	1	58	1	1	1	1210	752	22	5	95.000000	 
2	1	59	0	0	0	770	789	556	28	-1	
3	1	59	1	0	0	770	789	556	28	-1	
4	1	59	1	1	0	770	789	556	28	-1	
5	1	59	1	1	1	770	789	61	27	94.995514	Τώρα
5	1	59	1	1	2	844	789	99	28	84.189995	χειμώνας
5	1	59	1	1	3	956	792	34	21	96.108078	στό
5	1	59	1	1	4	1001	790	62	27	91.332726	χωριό,
5	1	59	1	1	5	1084	790	61	21	80.270279	Πολύ
5	1	59	1	1	6	1159	790	24	21	95.209793	θὰ
5	1	59	1	1	7	1195	790	61	27	74.577103	ρίχνει
5	1	59	1	1	8	1269	789	57	28	84.345917	χιόνι.
2	1	60	0	0	0	1055	826	40	20	-1	
3	1	60	1	0	0	1055	826	40	20	-1	
4	1	60	1	1	0	1055	826	40	20	-1	
5	1	60	1	1	1	1055	826	40	20	95.000000	   
2	1	61	0	0	0	769	824	526	28	-1	
3	1	61	1	0	0	769	824	526	28	-1	
4	1	61	1	1	0	769	824	526	28	-1	
5	1	61	1	1	1	769	825	32	21	79.490204	Θὰ
5	1	61	1	1	2	813	824	93	28	92.087479	πέφτουνε
5	1	61	1	1	3	919	825	122	27	28.540794	νεροποντές.
5	1	61	1	1	4	1054	820	26	37	60.803860	Θέ
5	1	61	1	1	5	1095	825	23	21	93.298531	νὰ
5	1	61	1	1	6	1129	827	62	20	90.771912	λυσσᾶ
5	1	61	1	1	7	1204	826	15	22	80.297943	τ
5	1	61	1	1	8	1233	825	62	27	80.298523	ἀγέρι,
2	1	62	0	0	0	769	860	531	27	-1	
3	1	62	1	0	0	769	860	531	27	-1	
4	1	62	1	1	0	769	860	531	27	-1	
5	1	62	1	1	1	769	860	41	21	91.193733	Στό
5	1	62	1	1	2	823	869	56	16	93.030739	τζάκι
5	1	62	1	1	3	891	861	29	20	90.676712	δὰ
5	1	62	1	1	4	930	860	115	27	86.192566	πυρώνεσαι.
5	1	62	1	1	5	1057	861	32	21	90.679642	Θὰ
5	1	62	1	1	6	1102	860	138	26	64.748337	µετανοιώνεις
5	1	62	1	1	7	1252	860	48	27	42.392811	μόνη
2	1	63	0	0	0	848	904	53	18	-1	
3	1	63	1	0	0	848	904	53	18	-1	
4	1	63	1	1	0	848	905	11	17	-1	
5	1	63	1	1	1	848	905	11	17	11.602859	ε-
4	1	63	1	2	0	861	904	8	13	-1	
5	1	63	1	2	1	861	904	8	13	22.578041	η
4	1	63	1	3	0	873	905	8	11	-1	
5	1	63	1	3	1	873	905	8	11	11.731689	ο
4	1	63	1	4	0	893	905	8	12	-1	
5	1	63	1	4	1	893	905	8	12	86.787766	ω
2	1	64	0	0	0	912	895	432	27	-1	
3	1	64	1	0	0	912	895	432	27	-1	
4	1	64	1	1	0	912	895	432	27	-1	
5	1	64	1	1	1	912	904	35	16	96.488083	πες
5	1	64	1	1	2	961	896	35	20	75.711685	«5
5	1	64	1	1	3	1012	897	81	25	77.954330	ἀγαπῶ»
5	1	64	1	1	4	1108	896	33	21	90.669853	σὰν
5	1	64	1	1	5	1154	896	47	26	61.157585	ἦταν
5	1	64	1	1	6	1216	895	128	27	23.587585	ααλακαίρ....
2	1	65	0	0	0	1273	945	63	29	-1	
3	1	65	1	0	0	1273	945	63	29	-1	
4	1	65	1	1	0	1273	945	63	29	-1	
5	1	65	1	1	1	1273	945	63	29	95.000000	 
2	1	66	0	0	0	769	948	495	28	-1	
3	1	66	1	0	0	769	948	495	28	-1	
4	1	66	1	1	0	769	948	495	28	-1	
5	1	66	1	1	1	769	948	61	28	94.373001	Τώρα
5	1	66	1	1	2	842	949	45	26	95.597023	στήν
5	1	66	1	1	3	900	948	52	27	88.982368	πόλη
5	1	66	1	1	4	995	949	68	22	56.899342	χειμωνιὰ.
5	1	66	1	1	5	1078	949	31	21	91.031067	Θὰ
5	1	66	1	1	6	1122	948	65	28	28.882889	δρόχει
5	1	66	1	1	7	1199	949	45	22	93.305389	πότε
5	1	66	1	1	8	1257	960	7	2	92.633919	-
2	1	67	0	0	0	962	957	33	19	-1	
3	1	67	1	0	0	962	957	33	19	-1	
4	1	67	1	1	0	962	957	33	19	-1	
5	1	67	1	1	1	962	957	33	19	95.000000	 
2	1	68	0	0	0	884	993	11	13	-1	
3	1	68	1	0	0	884	993	11	13	-1	
4	1	68	1	1	0	884	993	11	13	-1	
5	1	68	1	1	1	884	993	11	13	95.000000	 
2	1	69	0	0	0	769	984	521	27	-1	
3	1	69	1	0	0	769	984	521	27	-1	
4	1	69	1	1	0	769	984	521	27	-1	
5	1	69	1	1	1	769	985	11	26	77.936852	ἤ
5	1	69	1	1	2	794	984	24	21	96.207802	θὰ
5	1	69	1	1	3	829	994	63	13	61.653496	νικάει
5	1	69	1	1	4	904	986	9	20	93.059265	ὁ
5	1	69	1	1	5	926	986	68	25	83.712662	δοριᾶς
5	1	69	1	1	6	1008	984	30	23	79.408531	τόν
5	1	69	1	1	7	1052	985	45	25	14.560028	Ἠλ.ο
5	1	69	1	1	8	1109	984	35	22	95.682869	πού
5	1	69	1	1	9	1156	984	24	21	93.261772	θὰ
5	1	69	1	1	10	1194	986	96	25	15.860672	θγαΐνει...
2	1	70	0	0	0	769	1019	623	63	-1	
3	1	70	1	0	0	769	1019	623	63	-1	
4	1	70	1	1	0	769	1019	556	28	-1	
5	1	70	1	1	1	769	1019	39	22	32.012619	Καΐ
5	1	70	1	1	2	821	1020	24	21	93.289825	θὰ
5	1	70	1	1	3	856	1022	84	20	92.359253	λυπᾶσαι
5	1	70	1	1	4	952	1020	34	21	96.504189	πού
5	1	70	1	1	5	1000	1021	26	20	23.700012	κ’
5	1	70	1	1	6	1050	1020	39	27	89.282211	ἐγώ
5	1	70	1	1	7	1103	1019	20	23	89.503464	δέ
5	1	70	1	1	8	1137	1020	59	27	76.548805	σοὔχα
5	1	70	1	1	9	1209	1020	59	25	80.485184	δείξει
5	1	70	1	1	10	1281	1028	44	14	84.765671	τότε
4	1	70	1	2	0	1051	1055	341	27	-1	
5	1	70	1	2	1	1051	1055	40	27	14.602234	μέσ
5	1	70	1	2	2	1105	1056	46	26	92.662720	στήν
5	1	70	1	2	3	1164	1055	71	27	92.610321	καρδιὰ
5	1	70	1	2	4	1249	1055	143	27	43.668999	χλεισμένη!....
2	1	71	0	0	0	1100	1097	210	23	-1	
3	1	71	1	0	0	1100	1097	210	23	-1	
4	1	71	1	1	0	1100	1097	210	23	-1	
5	1	71	1	1	1	1100	1097	210	23	74.544266	ΜΗΙΡΜΠΙΛΗΣ
2	1	72	0	0	0	767	1176	707	245	-1	
3	1	72	1	0	0	767	1176	707	245	-1	
4	1	72	1	1	0	993	1176	259	21	-1	
5	1	72	1	1	1	993	1176	259	21	44.324726	ΕΥΧΗΤΗΡΙΟ
4	1	72	1	2	0	792	1216	681	28	-1	
5	1	72	1	2	1	792	1217	24	21	64.932556	ὍὉ
5	1	72	1	2	2	832	1216	123	28	96.623108	Πρόεδρος
5	1	72	1	2	3	970	1217	39	21	63.952374	καί
5	1	72	1	2	4	1023	1217	30	21	96.186844	τὰ
5	1	72	1	2	5	1069	1217	59	27	91.440910	µέλη
5	1	72	1	2	6	1144	1218	43	20	93.257019	τοῦ
5	1	72	1	2	7	1204	1217	146	27	91.759430	Διοικητικοῦ
5	1	72	1	2	8	1369	1217	104	27	66.812393	Συµόδου-
4	1	72	1	3	0	767	1252	707	32	-1	
5	1	72	1	3	1	767	1252	51	21	90.815643	λίου
5	1	72	1	3	2	831	1254	43	20	96.852325	τοῦ
5	1	72	1	3	3	888	1252	129	27	92.895691	Συλλόγου,
5	1	72	1	3	4	1030	1252	145	21	92.055435	ἀπευθύνουν
5	1	72	1	3	5	1188	1252	62	32	94.970398	πρός
5	1	72	1	3	6	1263	1252	56	27	93.300308	τούς
5	1	72	1	3	7	1333	1253	141	26	91.082115	ἁπανταχοῦ
4	1	72	1	4	0	768	1288	706	27	-1	
5	1	72	1	4	1	768	1289	181	26	81.283852	συμπατριῶτες
5	1	72	1	4	2	962	1288	39	21	63.091862	καί
5	1	72	1	4	3	1017	1288	82	27	96.279320	φίλους
5	1	72	1	4	4	1113	1289	43	20	93.294579	τοῦ
5	1	72	1	4	5	1169	1289	91	26	85.798264	χωριοῦ
5	1	72	1	4	6	1274	1295	53	20	94.239708	µας,
5	1	72	1	4	7	1345	1288	64	27	96.607094	ὅπως
5	1	72	1	4	8	1439	1288	35	27	85.944061	τίς
4	1	72	1	5	0	770	1323	704	27	-1	
5	1	72	1	5	1	770	1324	79	26	47.782005	"Άγιες
5	1	72	1	5	2	869	1323	86	27	92.263290	ἡμέρες
5	1	72	1	5	3	971	1324	46	20	96.336487	τῶν
5	1	72	1	5	4	1036	1323	191	27	96.240585	Χριστουγέννων
5	1	72	1	5	5	1246	1324	40	20	96.622009	καί
5	1	72	1	5	6	1304	1325	43	20	92.435593	τοῦ
5	1	72	1	5	7	1366	1323	108	27	90.778648	καινούρ-
4	1	72	1	6	0	768	1358	706	28	-1	
5	1	72	1	6	1	768	1365	52	21	96.827347	γιου
5	1	72	1	6	2	837	1358	102	28	92.314125	Χρόνου,
5	1	72	1	6	3	959	1358	105	22	91.190483	διέλθουν
5	1	72	1	6	4	1083	1359	176	27	91.597855	οἰκογενειακῶς
5	1	72	1	6	5	1281	1358	24	21	93.186539	ἐν
5	1	72	1	6	6	1324	1358	62	28	92.537758	ἄκρα
5	1	72	1	6	7	1409	1358	65	28	92.112137	ὑγεία
4	1	72	1	7	0	769	1394	125	27	-1	
5	1	72	1	7	1	769	1394	38	21	73.710625	καί
5	1	72	1	7	2	821	1394	73	27	66.524864	χαρὰ.
2	1	73	0	0	0	769	1055	268	27	-1	
3	1	73	1	0	0	769	1055	268	27	-1	
4	1	73	1	1	0	769	1055	268	27	-1	
5	1	73	1	1	1	769	1056	34	25	92.808121	τήν
5	1	73	1	1	2	817	1057	46	25	95.328285	τόση
5	1	73	1	1	3	877	1056	34	26	89.901566	τήν
5	1	73	1	1	4	924	1055	67	27	65.314224	ἀγάπη
5	1	73	1	1	5	1004	1064	33	18	91.443932	µου
2	1	74	0	0	0	782	1144	669	4	-1	
3	1	74	1	0	0	782	1144	669	4	-1	
4	1	74	1	1	0	782	1144	669	4	-1	
5	1	74	1	1	1	782	1144	669	4	95.000000	 
2	1	75	0	0	0	784	1429	677	95	-1	
3	1	75	1	0	0	784	1429	677	95	-1	
4	1	75	1	1	0	971	1429	299	28	-1	
5	1	75	1	1	1	971	1429	70	26	55.983315	(Από
5	1	75	1	1	2	1056	1430	80	27	93.302567	πάσης
5	1	75	1	1	3	1151	1429	119	28	88.572685	πλευρᾶς)
4	1	75	1	2	0	790	1465	662	21	-1	
5	1	75	1	2	1	790	1465	21	21	85.248909	Ο
5	1	75	1	2	2	825	1465	153	21	96.717354	ΠΡΟΕΔΡΟΣ
5	1	75	1	2	3	1145	1465	17	21	90.369270	Ο
5	1	75	1	2	4	1177	1465	61	21	93.298737	ΓΕΝ.
5	1	75	1	2	5	1254	1465	198	21	91.518494	ΓΡΑΜΜΑΤΕΥΣ
4	1	75	1	3	0	784	1500	677	24	-1	
5	1	75	1	3	1	784	1501	96	21	91.603523	ΓΕΩΡΓ.
5	1	75	1	3	2	897	1501	25	21	90.335564	Δ.
5	1	75	1	3	3	940	1500	150	22	92.114502	ΣΜΥΡΝΙΟΣ
5	1	75	1	3	4	1295	1500	46	24	94.895462	ΑΘ.
5	1	75	1	3	5	1356	1500	105	22	96.543564	ΔΗΜΟΣ
2	1	76	0	0	0	776	1541	702	3	-1	
3	1	76	1	0	0	776	1541	702	3	-1	
4	1	76	1	1	0	776	1541	702	3	-1	
5	1	76	1	1	1	776	1541	702	3	95.000000	 
2	1	77	0	0	0	768	1569	706	27	-1	
3	1	77	1	0	0	768	1569	706	27	-1	
4	1	77	1	1	0	768	1569	706	27	-1	
5	1	77	1	1	1	768	1571	40	19	69.460526	κῶν
5	1	77	1	1	2	829	1569	120	27	91.874763	ἐφημερίδων
5	1	77	1	1	3	970	1571	39	24	95.300392	τῆς
5	1	77	1	1	4	1025	1569	72	21	90.951790	Νοτίου
5	1	77	1	1	5	1119	1569	98	27	42.395893	᾿Αϕϕρικῆς
5	1	77	1	1	6	1235	1569	33	21	79.522354	καί
5	1	77	1	1	7	1286	1569	122	27	54.802132	συγγραφεύς
5	1	77	1	1	8	1428	1577	46	13	91.349663	πολ-
2	1	78	0	0	0	769	1604	705	28	-1	
3	1	78	1	0	0	769	1604	705	28	-1	
4	1	78	1	1	0	769	1604	705	28	-1	
5	1	78	1	1	1	769	1606	40	20	71.833664	λῶν
5	1	78	1	1	2	826	1606	146	26	34.748291	λογοτεχνικῶν
5	1	78	1	1	3	990	1604	88	23	83.005180	διδλίων.
5	1	78	1	1	4	1098	1604	83	27	50.182987	Ἠπίσης
5	1	78	1	1	5	1217	1604	79	27	24.967812	μεγάλα
5	1	78	1	1	6	1314	1604	81	27	14.307892	τπεωυκὰ
5	1	78	1	1	7	1425	1604	49	27	92.383064	ἔργα
2	1	79	0	0	0	769	1639	705	100	-1	
3	1	79	1	0	0	769	1639	705	100	-1	
4	1	79	1	1	0	769	1639	705	29	-1	
5	1	79	1	1	1	769	1641	46	26	95.654343	στήν
5	1	79	1	1	2	827	1641	62	21	88.275757	Νότιο
5	1	79	1	1	3	904	1640	86	28	25.993469	᾿Αιϕρηκή
5	1	79	1	1	4	1003	1639	66	29	95.508194	φέρουν
5	1	79	1	1	5	1085	1640	34	26	93.281685	τήν
5	1	79	1	1	6	1134	1640	96	27	78.586044	σφραηίδα
5	1	79	1	1	7	1243	1642	37	24	96.619423	τῆς
5	1	79	1	1	8	1293	1639	128	28	68.989304	δημιουργίας
5	1	79	1	1	9	1435	1648	39	18	93.420746	σου,
4	1	79	1	2	0	799	1675	675	28	-1	
5	1	79	1	2	1	799	1676	45	21	60.782764	σύ
5	1	79	1	2	2	864	1676	30	21	91.575226	δέν
5	1	79	1	2	3	914	1675	95	28	41.234661	πέβανες,
5	1	79	1	2	4	1027	1676	53	25	93.289085	ὅπως
5	1	79	1	2	5	1098	1676	41	22	92.720108	ὅλοι
5	1	79	1	2	6	1160	1676	16	21	93.240723	οἱ
5	1	79	1	2	7	1197	1676	58	22	91.917671	ἄλλοι
5	1	79	1	2	8	1273	1675	135	27	14.174965	συνὰνθρωποί
5	1	79	1	2	9	1442	1684	32	13	11.894440	σου
4	1	79	1	3	0	769	1712	258	27	-1	
5	1	79	1	3	1	769	1712	34	21	93.004242	πού
5	1	79	1	3	2	820	1712	81	27	88.034904	ἀφήνουν
5	1	79	1	3	3	916	1713	8	21	91.556068	ὁ
5	1	79	1	3	4	941	1712	86	24	37.884769	καθένας
2	1	80	0	0	0	1042	1711	432	28	-1	
3	1	80	1	0	0	1042	1711	432	28	-1	
4	1	80	1	1	0	1042	1711	432	28	-1	
5	1	80	1	1	1	1042	1711	22	27	82.867485	µέ
5	1	80	1	1	2	1081	1712	22	26	92.108055	τή
5	1	80	1	1	3	1119	1711	54	28	91.728035	σειρὰ
5	1	80	1	1	4	1189	1720	33	14	96.291100	του
5	1	80	1	1	5	1238	1711	31	23	60.981133	τόν
5	1	80	1	1	6	1284	1711	105	28	30.913368	πρόσκαιρο
5	1	80	1	1	7	1420	1713	54	20	94.152962	τοῦτο
2	1	81	0	0	0	769	1750	9	18	-1	
3	1	81	1	0	0	769	1750	9	18	-1	
4	1	81	1	1	0	769	1750	9	18	-1	
5	1	81	1	1	1	769	1750	9	18	75.188957	ον
2	1	82	0	0	0	769	1746	706	65	-1	
3	1	82	1	0	0	769	1746	706	65	-1	
4	1	82	1	1	0	782	1746	692	29	-1	
5	1	82	1	1	1	782	1747	22	23	60.163307	ίο.
5	1	82	1	1	2	822	1748	92	26	49.019169	"Αιφησες
5	1	82	1	1	3	932	1747	31	22	91.165840	ἐσύ
5	1	82	1	1	4	978	1748	48	27	50.417271	ἔργα
5	1	82	1	1	5	1042	1747	85	27	83.233360	Ὑραπτὰ,
5	1	82	1	1	6	1146	1747	126	24	92.121078	ἀποτύπωσες
5	1	82	1	1	7	1289	1746	21	22	75.581131	σέ
5	1	82	1	1	8	1326	1747	49	21	91.635750	αὐτὰ
5	1	82	1	1	9	1406	1746	30	23	91.635750	τόν
5	1	82	1	1	10	1453	1748	21	20	85.692032	ᾱ-
4	1	82	1	2	0	769	1782	706	29	-1	
5	1	82	1	2	1	769	1783	70	28	62.520298	γήσυχο
5	1	82	1	2	2	856	1783	107	28	85.199303	ἐσωτερικό
5	1	82	1	2	3	976	1791	33	14	93.191925	σου
5	1	82	1	2	4	1025	1783	59	26	44.298893	Κόσμο
5	1	82	1	2	5	1098	1783	34	28	93.288246	γιὰ
5	1	82	1	2	6	1148	1783	34	21	46.697392	ἓνα
5	1	82	1	2	7	1197	1782	59	28	91.994797	αὔριο,
5	1	82	1	2	8	1273	1783	24	22	88.093880	τά
5	1	82	1	2	9	1313	1784	55	20	82.739319	ὁποῖα
5	1	82	1	2	10	1395	1782	24	22	93.296738	θὰ
5	1	82	1	2	11	1435	1784	40	20	82.885300	δια-
2	1	83	0	0	0	770	1801	705	45	-1	
3	1	83	1	0	0	770	1801	705	45	-1	
4	1	83	1	1	0	770	1801	703	36	-1	
5	1	83	1	1	1	770	1819	65	16	23.132393	ο.
5	1	83	1	1	2	915	1819	4	7	0.000000	η
5	1	83	1	1	3	938	1801	25	36	35.608719	ολ
5	1	83	1	1	4	1048	1820	83	11	24.462112	πα
5	1	83	1	1	5	1172	1818	27	13	33.465469	κ
5	1	83	1	1	6	1216	1801	67	35	29.004707	κος
5	1	83	1	1	7	1365	1818	108	7	0.000000	ος
4	1	83	1	2	0	771	1820	704	26	-1	
5	1	83	1	2	1	771	1827	95	17	36.821701	ἑάζωνται
5	1	83	1	2	2	886	1828	32	12	92.122551	καὶ
5	1	83	1	2	3	938	1820	28	20	77.502304	δὰ
5	1	83	1	2	4	983	1820	122	26	88.357918	μελετῶνται
5	1	83	1	2	5	1123	1827	37	13	93.298172	ἀπό
5	1	83	1	2	6	1178	1826	71	20	77.991585	Ὑενεᾶς
5	1	83	1	2	7	1267	1827	30	17	93.262184	εἰς
5	1	83	1	2	8	1314	1826	68	19	31.431778	γενεὰν)
5	1	83	1	2	9	1401	1827	33	13	59.171204	καί
5	1	83	1	2	10	1452	1827	23	13	96.863739	τὰ
2	1	84	0	0	0	1466	1854	9	15	-1	
3	1	84	1	0	0	1466	1854	9	15	-1	
4	1	84	1	1	0	1466	1854	9	15	-1	
5	1	84	1	1	1	1466	1854	9	15	95.000000	 
2	1	85	0	0	0	769	1854	697	27	-1	
3	1	85	1	0	0	769	1854	697	27	-1	
4	1	85	1	1	0	769	1854	697	27	-1	
5	1	85	1	1	1	769	1856	55	20	85.234383	ὁποῖα
5	1	85	1	1	2	840	1855	24	21	96.845406	θὰ
5	1	85	1	1	3	878	1854	20	22	93.270119	σὲ
5	1	85	1	1	4	914	1855	106	26	87.453827	ὁδηγήσουν
5	1	85	1	1	5	1034	1855	46	25	93.221352	στήν
5	1	85	1	1	6	1098	1854	101	27	88.727959	ἀθανασία
5	1	85	1	1	7	1213	1854	93	23	49.754799	Πάντοτε
5	1	85	1	1	8	1321	1854	24	21	93.299904	θὰ
5	1	85	1	1	9	1362	1862	104	18	32.413559	μνημιονεύε
2	1	86	0	0	0	769	1889	706	99	-1	
3	1	86	1	0	0	769	1889	706	99	-1	
4	1	86	1	1	0	769	1889	705	28	-1	
5	1	86	1	1	1	769	1899	31	13	96.372963	ται
5	1	86	1	1	2	818	1890	20	21	80.159012	τὸ
5	1	86	1	1	3	854	1890	59	26	69.345078	ὄνοιὰ
5	1	86	1	1	4	931	1899	31	13	95.483711	σου
5	1	86	1	1	5	982	1890	21	22	93.293701	τό
5	1	86	1	1	6	1023	1889	161	28	87.709366	ἀναγεγραμμένο
5	1	86	1	1	7	1202	1890	46	26	96.641174	στήν
5	1	86	1	1	8	1265	1889	138	28	59.905735	προμετωπίδα
5	1	86	1	1	9	1437	1891	37	20	88.864822	τῶν
4	1	86	1	2	0	771	1925	449	28	-1	
5	1	86	1	2	1	771	1925	82	22	63.178158	διθλίων
5	1	86	1	2	2	862	1935	33	12	96.823792	σου
5	1	86	1	2	3	909	1925	117	25	93.298561	«Λεωνίδας
5	1	86	1	2	4	1039	1925	181	28	26.803467	Θεοφίλόπουλος».
4	1	86	1	3	0	798	1961	677	27	-1	
5	1	86	1	3	1	798	1961	37	25	45.841209	Δόν
5	1	86	1	3	2	855	1963	65	25	63.026894	μπερῶῷ
5	1	86	1	3	3	939	1961	23	21	93.292358	νὰ
5	1	86	1	3	4	978	1962	111	26	67.049255	φανταστῶ,
5	1	86	1	3	5	1107	1962	42	24	93.295479	πῶς
5	1	86	1	3	6	1168	1961	144	27	85.833374	ἐγκατέλειψες
5	1	86	1	3	7	1331	1961	32	21	92.717667	ἐσύ
5	1	86	1	3	8	1380	1961	23	26	96.763672	τή
5	1	86	1	3	9	1434	1961	41	26	86.836838	ζωή
2	1	87	0	0	0	1010	1997	113	57	-1	
3	1	87	1	0	0	1010	1997	113	57	-1	
4	1	87	1	1	0	1010	1997	113	27	-1	
5	1	87	1	1	1	1010	1997	87	27	87.334122	εὔχαρις,
5	1	87	1	1	2	1114	1999	9	20	92.784683	ὁ
4	1	87	1	2	0	1066	2032	35	22	-1	
5	1	87	1	2	1	1066	2032	35	22	94.646889	πού
2	1	88	0	0	0	770	1996	705	28	-1	
3	1	88	1	0	0	770	1996	705	28	-1	
4	1	88	1	1	0	770	1996	705	28	-1	
5	1	88	1	1	1	770	1997	43	22	96.402290	τόσο
5	1	88	1	1	2	829	1997	86	27	48.220001	πρόωρα,
5	1	88	1	1	3	933	1997	31	21	92.643600	ἐσύ
5	1	88	1	1	4	984	1999	8	20	93.204575	ὁ
5	1	88	1	1	5	1142	1996	141	27	36.265366	ἐνδουσιώδης,
5	1	88	1	1	6	1303	1997	9	21	84.900391	ὁ
5	1	88	1	1	7	1332	1996	117	26	54.111118	ἀθλητικός,
5	1	88	1	1	8	1467	1998	8	20	93.198235	ὁ
2	1	89	0	0	0	771	2032	704	27	-1	
3	1	89	1	0	0	771	2032	704	27	-1	
4	1	89	1	1	0	771	2032	704	27	-1	
5	1	89	1	1	1	771	2033	111	25	32.552536	αἰσιόδοξος
5	1	89	1	1	2	907	2033	33	26	89.455429	γιὰ
5	1	89	1	1	3	955	2033	23	26	96.356133	τή
5	1	89	1	1	4	1004	2033	49	25	83.625961	ζωή,
5	1	89	1	1	5	1125	2032	30	21	93.261856	δέν
5	1	89	1	1	6	1168	2033	88	25	0.000000	Δυμᾶμα,
5	1	89	1	1	7	1271	2032	25	21	93.255020	νά
5	1	89	1	1	8	1307	2032	54	27	50.117920	εἶχες
5	1	89	1	1	9	1375	2032	100	27	92.747108	ἀρρωστή-
2	1	90	0	0	0	850	2081	40	44	-1	
3	1	90	1	0	0	850	2081	40	44	-1	
4	1	90	1	1	0	850	2081	29	12	-1	
5	1	90	1	1	1	850	2081	29	12	95.000000	 
4	1	90	1	2	0	864	2113	26	12	-1	
5	1	90	1	2	1	864	2113	26	12	95.000000	 
2	1	91	0	0	0	770	2069	706	97	-1	
3	1	91	1	0	0	770	2069	706	97	-1	
4	1	91	1	1	0	770	2069	257	25	-1	
5	1	91	1	1	1	770	2078	28	12	53.553944	σε,
5	1	91	1	1	2	816	2076	24	14	66.169037	ποτέ
5	1	91	1	1	3	879	2069	37	25	89.629417	στή
5	1	91	1	1	4	931	2069	43	25	96.097496	ζωή
5	1	91	1	1	5	990	2077	37	13	90.243553	σου.
4	1	91	1	2	0	799	2103	677	27	-1	
5	1	91	1	2	1	799	2104	40	20	57.066078	Καΐ
5	1	91	1	2	2	853	2105	42	20	68.867134	ἐκεῖ
5	1	91	1	2	3	909	2104	45	26	59.979591	στήν.
5	1	91	1	2	4	972	2104	56	26	91.705269	ἂλλη
5	1	91	1	2	5	1039	2105	41	25	96.631271	ζωή
5	1	91	1	2	6	1096	2103	23	22	93.297264	θὰ
5	1	91	1	2	7	1134	2103	110	27	87.998352	συνεχίσης,
5	1	91	1	2	8	1259	2103	80	26	39.671803	εἴμαστει
5	1	91	1	2	9	1356	2103	80	27	21.564423	θέδαιοι,
5	1	91	1	2	10	1453	2103	23	21	95.792839	νὰ
4	1	91	1	3	0	770	2138	706	28	-1	
5	1	91	1	3	1	770	2142	87	24	89.220566	σχορπᾶς
5	1	91	1	3	2	874	2139	52	27	86.474251	χαρὰ
5	1	91	1	3	3	941	2139	56	25	96.376297	στούς
5	1	91	1	3	4	1014	2139	66	24	87.747787	δικούς
5	1	91	1	3	5	1098	2147	32	13	96.475655	σου
5	1	91	1	3	6	1146	2138	34	22	53.576218	Χα
5	1	91	1	3	7	1196	2138	57	25	92.674782	στούς
5	1	91	1	3	8	1271	2138	65	26	55.477974	δικούς
5	1	91	1	3	9	1352	2146	38	19	96.847382	µας
5	1	91	1	3	10	1405	2138	35	22	95.623817	πού
5	1	91	1	3	11	1456	2138	20	22	57.544727	σὲ
2	1	92	0	0	0	992	2173	484	64	-1	
3	1	92	1	0	0	992	2173	484	64	-1	
4	1	92	1	1	0	992	2173	484	28	-1	
5	1	92	1	1	1	992	2174	112	27	77.266869	ἀγαπητούς
5	1	92	1	1	2	1120	2183	31	13	93.305443	σου
5	1	92	1	1	3	1167	2176	72	25	0.000000	Ὑογεῖς,
5	1	92	1	1	4	1257	2173	81	28	94.956619	πατέρα,
5	1	92	1	1	5	1356	2174	82	27	53.649921	μητέρα,
5	1	92	1	1	6	1454	2175	22	20	57.427246	ᾱ-
4	1	92	1	2	0	1158	2209	318	28	-1	
5	1	92	1	2	1	1158	2209	112	28	85.947411	ἰδιαιτέρως
5	1	92	1	2	2	1288	2209	43	25	77.922867	στίς
5	1	92	1	2	3	1349	2210	127	26	47.687248	πολυαγαπη-
2	1	93	0	0	0	769	2175	708	205	-1	
3	1	93	1	0	0	769	2175	608	98	-1	
4	1	93	1	1	0	769	2175	191	27	-1	
5	1	93	1	1	1	769	2175	119	27	65.304817	περιμένουν.
5	1	93	1	1	2	904	2175	56	24	96.715294	στούς
4	1	93	1	2	0	770	2209	354	28	-1	
5	1	93	1	2	1	770	2210	66	27	41.648029	δελφό,
5	1	93	1	2	2	855	2210	75	25	72.769943	Δείους,
5	1	93	1	2	3	949	2210	124	27	90.870621	ἐξαδέλφους
5	1	93	1	2	4	1091	2209	33	22	84.549553	καί
4	1	93	1	3	0	771	2245	606	28	-1	
5	1	93	1	3	1	771	2246	57	26	50.228577	µένες
5	1	93	1	3	2	840	2255	31	12	67.522110	σου
5	1	93	1	3	3	884	2245	63	28	85.555435	Σοφία
5	1	93	1	3	4	960	2246	33	21	79.705528	καὶ
5	1	93	1	3	5	1016	2246	46	26	92.207420	στήν
5	1	93	1	3	6	1075	2245	85	27	26.001617	κοροθήλα
5	1	93	1	3	7	1174	2254	31	13	96.690338	σου
5	1	93	1	3	8	1220	2245	34	26	93.186722	τήν
5	1	93	1	3	9	1266	2245	111	23	0.000000	ζαιτούλα.
3	1	93	2	0	0	771	2280	706	100	-1	
4	1	93	2	1	0	797	2280	680	29	-1	
5	1	93	2	1	1	797	2282	108	27	29.585648	ΙΔυστυχῶς
5	1	93	2	1	2	919	2281	16	22	96.550003	οἱ
5	1	93	2	1	3	950	2281	90	28	17.409119	χρήσιμοι
5	1	93	2	1	4	1055	2281	101	27	0.694008	ὤνθρωποι
5	1	93	2	1	5	1169	2281	46	26	69.091438	στήν
5	1	93	2	1	6	1230	2280	92	22	81.651176	κοινωνία
5	1	93	2	1	7	1336	2280	79	28	79.073471	φεύγουν
5	1	93	2	1	8	1430	2281	47	27	50.258987	γρή-
4	1	93	2	2	0	1194	2316	282	27	-1	
5	1	93	2	2	1	1194	2317	54	22	95.993484	τόσον
5	1	93	2	2	2	1266	2317	29	24	77.390518	ες
5	1	93	2	2	3	1312	2316	44	25	93.277374	τούς
5	1	93	2	2	4	1373	2317	103	26	59.442860	συγηενεῖς
4	1	93	2	3	0	771	2352	555	28	-1	
5	1	93	2	3	1	771	2362	32	13	83.915787	σου
5	1	93	2	3	2	820	2353	41	22	77.634384	ὅσον
5	1	93	2	3	3	876	2353	34	22	46.138309	καί
5	1	93	2	3	4	922	2354	30	24	96.189751	εἰς
5	1	93	2	3	5	967	2353	43	24	90.872253	τούς
5	1	93	2	3	6	1023	2352	152	28	81.518661	συνανθρώπους
5	1	93	2	3	7	1188	2361	33	13	96.878937	σου
5	1	93	2	3	8	1234	2353	18	21	95.495621	ἐν
5	1	93	2	3	9	1265	2352	61	28	92.604515	γένει.
2	1	94	0	0	0	771	2317	390	27	-1	
3	1	94	1	0	0	771	2317	390	27	-1	
4	1	94	1	1	0	771	2317	390	27	-1	
5	1	94	1	1	1	771	2325	48	19	51.412884	Ύορα
5	1	94	1	1	2	834	2317	33	21	84.594528	καί
5	1	94	1	1	3	882	2317	32	21	92.343887	ἐσύ
5	1	94	1	1	4	931	2317	55	27	84.249367	ἤσουν
5	1	94	1	1	5	1002	2317	49	21	96.679207	πολύ
5	1	94	1	1	6	1065	2317	96	27	53.204010	χρήσιμος
2	1	95	0	0	0	770	2387	707	170	-1	
3	1	95	1	0	0	770	2387	707	99	-1	
4	1	95	1	1	0	802	2387	674	28	-1	
5	1	95	1	1	1	802	2389	62	20	42.736626	ὍὍλοι
5	1	95	1	1	2	879	2390	102	25	75.006279	συγγενεῖς
5	1	95	1	1	3	995	2389	33	21	79.066345	καί
5	1	95	1	1	4	1046	2388	51	26	66.293076	φῦλοι
5	1	95	1	1	5	1112	2389	98	25	9.264359	Φρηνοῦμε
5	1	95	1	1	6	1225	2387	31	22	64.005852	τόν
5	1	95	1	1	7	1273	2387	76	27	95.835617	πρόωρο
5	1	95	1	1	8	1365	2387	34	21	81.700508	καί
5	1	95	1	1	9	1416	2387	60	26	84.595673	αἰφνί-
4	1	95	1	2	0	770	2422	707	29	-1	
5	1	95	1	2	1	770	2425	28	19	82.538872	διο
5	1	95	1	2	2	815	2423	51	28	92.872223	χαμό
5	1	95	1	2	3	883	2430	38	19	68.181931	σου,
5	1	95	1	2	4	935	2423	24	21	78.304657	'Ὁ
5	1	95	1	2	5	974	2422	49	26	61.544735	Δεός
5	1	95	1	2	6	1038	2423	24	25	74.605698	ἂς
5	1	95	1	2	7	1078	2422	54	27	91.722130	δώση
5	1	95	1	2	8	1146	2422	111	28	82.275665	παρηγοριὰ
5	1	95	1	2	9	1272	2422	29	25	84.802650	εἰς
5	1	95	1	2	10	1317	2422	57	25	92.839104	ὅλους
5	1	95	1	2	11	1388	2422	45	25	93.242493	τούς
5	1	95	1	2	12	1449	2424	28	19	89.442001	δι-
4	1	95	1	3	0	770	2457	706	29	-1	
5	1	95	1	3	1	770	2459	48	24	0.000000	ούς
5	1	95	1	3	2	834	2467	32	13	96.029709	σου
5	1	95	1	3	3	880	2458	33	22	28.914497	καί
5	1	95	1	3	4	930	2459	35	27	81.034554	πρὀ
5	1	95	1	3	5	980	2458	77	22	63.276672	πάντων
5	1	95	1	3	6	1071	2459	47	26	96.470718	στήν
5	1	95	1	3	7	1133	2458	69	27	85.716782	σύζυγό
5	1	95	1	3	8	1232	2467	32	12	93.291695	σου
5	1	95	1	3	9	1280	2457	86	28	11.943016	Ἠώγθνία
5	1	95	1	3	10	1383	2457	34	22	93.490616	πού
5	1	95	1	3	11	1433	2457	43	22	93.758980	τόσο
3	1	95	2	0	0	770	2490	707	67	-1	
4	1	95	2	1	0	795	2490	634	29	-1	
5	1	95	2	1	1	795	2494	22	21	51.253128	λύ
5	1	95	2	1	2	832	2490	22	29	90.946793	σὲ
5	1	95	2	1	3	874	2495	14	13	52.145039	ἂν
5	1	95	2	1	4	935	2489	30	30	15.132263	ὅσε
5	1	95	2	1	5	981	2489	33	30	17.449562	-αΐ
5	1	95	2	1	6	1031	2489	21	30	38.633247	μέ
5	1	95	2	1	7	1068	2489	51	30	59.998394	ζζλο
5	1	95	2	1	8	1131	2489	22	30	88.957932	σὲ
5	1	95	2	1	9	1170	2493	159	18	90.191383	ἐπεριποιεῖτο.
5	1	95	2	1	10	1318	2489	13	30	90.580963	ὅ
5	1	95	2	1	11	1383	2489	19	30	22.590576	Λο
5	1	95	2	1	12	1406	2489	23	30	0.000000	υὰ
4	1	95	2	2	0	770	2496	706	25	-1	
5	1	95	2	2	1	770	2503	49	13	96.341393	πολύ
5	1	95	2	2	2	834	2504	20	12	83.621811	σὲ
5	1	95	2	2	3	869	2503	74	18	93.152641	ἀγαποῦσε
5	1	95	2	2	4	982	2503	32	13	50.089294	καὶ
5	1	95	2	2	5	1031	2503	22	18	87.351158	µέ
5	1	95	2	2	6	1068	2497	50	23	90.893715	ζῆλο
5	1	95	2	2	7	1133	2504	21	11	75.274734	σὲ
5	1	95	2	2	8	1169	2502	136	19	23.972122	ὀπεριποιεῖτο,
5	1	95	2	2	9	1320	2502	45	13	92.969452	ὅταν
5	1	95	2	2	10	1380	2496	96	25	21.165329	ἠργὰζεσο
4	1	95	2	3	0	770	2529	707	28	-1	
5	1	95	2	3	1	770	2530	33	21	84.071754	καὶ
5	1	95	2	3	2	818	2530	54	25	92.144104	ἰδίως
5	1	95	2	3	3	888	2530	45	21	96.884514	ὅταν
5	1	95	2	3	4	947	2530	29	25	96.649338	εἰς
5	1	95	2	3	5	991	2532	21	21	86.353027	τό
5	1	95	2	3	6	1024	2532	91	25	90.274948	γραφεῖον
5	1	95	2	3	7	1131	2531	104	26	92.981705	ἠσχολεῖσο
5	1	95	2	3	8	1250	2529	23	27	87.965942	µέ
5	1	95	2	3	9	1288	2529	122	28	12.569473	συηκραφικό
5	1	95	2	3	10	1423	2529	54	28	58.966599	ἔργο,
2	1	96	0	0	0	800	2566	41	24	-1	
3	1	96	1	0	0	800	2566	41	24	-1	
4	1	96	1	1	0	800	2566	41	24	-1	
5	1	96	1	1	1	800	2566	41	24	16.150955	Ἂλς
2	1	97	0	0	0	799	2600	678	28	-1	
3	1	97	1	0	0	799	2600	678	28	-1	
4	1	97	1	1	0	799	2600	678	28	-1	
5	1	97	1	1	1	799	2601	77	22	0.000000	Αίωνία
5	1	97	1	1	2	890	2609	32	14	90.231552	σου
5	1	97	1	1	3	934	2602	12	26	90.231552	ἡ
5	1	97	1	1	4	969	2602	66	26	66.189461	μνήμη
5	1	97	1	1	5	1046	2601	164	27	77.103638	πολυαγαπηµένε
5	1	97	1	1	6	1225	2609	37	18	96.223610	µας
5	1	97	1	1	7	1277	2600	94	22	96.391136	Λεωνίδα
5	1	97	1	1	8	1384	2600	34	27	93.237045	γιὰ
5	1	97	1	1	9	1432	2600	45	22	93.142220	πὰν-
2	1	98	0	0	0	848	2566	30	22	-1	
3	1	98	1	0	0	848	2566	30	22	-1	
4	1	98	1	1	0	848	2566	30	22	-1	
5	1	98	1	1	1	848	2566	30	22	95.000000	 
2	1	99	0	0	0	878	2564	540	29	-1	
3	1	99	1	0	0	878	2564	540	29	-1	
4	1	99	1	1	0	878	2564	540	29	-1	
5	1	99	1	1	1	878	2574	26	13	93.299194	ναι
5	1	99	1	1	2	919	2566	64	21	92.280350	ἁπαλό
5	1	99	1	1	3	999	2565	21	22	93.286659	τό
5	1	99	1	1	4	1035	2567	56	26	91.373367	χῶμα
5	1	99	1	1	5	1106	2566	35	21	96.618454	πού
5	1	99	1	1	6	1155	2565	21	22	80.704941	σέ
5	1	99	1	1	7	1190	2564	45	28	81.351128	λίγο
5	1	99	1	1	8	1248	2565	29	21	89.157372	Δὰ
5	1	99	1	1	9	1290	2564	21	23	82.563797	σέ
5	1	99	1	1	10	1324	2565	94	26	27.414001	σκοπάση.
2	1	100	0	0	0	796	2636	682	171	-1	
3	1	100	1	0	0	796	2636	682	171	-1	
4	1	100	1	1	0	860	2636	421	28	-1	
5	1	100	1	1	1	860	2637	39	22	63.963970	κόνα
5	1	100	1	1	2	911	2645	32	13	93.091545	σου
5	1	100	1	1	3	957	2637	29	21	82.350311	δὰ
5	1	100	1	1	4	1000	2636	99	28	48.416458	θρίσχεται
5	1	100	1	1	5	1114	2637	35	26	90.809021	στή
5	1	100	1	1	6	1161	2636	64	28	91.210602	σκέψη
5	1	100	1	1	7	1236	2644	45	19	81.922615	µας.
4	1	100	1	2	0	967	2672	316	27	-1	
5	1	100	1	2	1	967	2673	75	25	13.883286	᾿Αήαι
5	1	100	1	2	2	1060	2673	28	21	32.729019	285
5	1	100	1	2	3	1102	2672	114	27	85.086182	Αὐγούστου
5	1	100	1	2	4	1230	2672	53	21	0.000000	9684
4	1	100	1	3	0	970	2707	316	23	-1	
5	1	100	1	3	1	970	2708	138	21	31.068939	ΠΕΩΡΠΙΟΣ
5	1	100	1	3	2	1121	2708	43	22	93.213158	ΑΘ.
5	1	100	1	3	3	1176	2707	110	22	77.401871	ΒΥΝΙΟΣ
4	1	100	1	4	0	1043	2749	166	17	-1	
5	1	100	1	4	1	1043	2749	166	17	90.570404	ΔΙΕΥΚΡΙΝΙΣΙΣ
4	1	100	1	5	0	796	2783	682	24	-1	
5	1	100	1	5	1	796	2785	21	17	47.207832	ὍὉ
5	1	100	1	5	2	834	2785	61	18	87.218788	θανών
5	1	100	1	5	3	909	2785	94	22	96.433601	Λεωνίδας
5	1	100	1	5	4	1019	2785	47	17	88.432968	Κων.
5	1	100	1	5	5	1082	2784	165	22	91.517021	Θεοφιλόπουλος,
5	1	100	1	5	6	1265	2784	37	22	93.301056	ἔχει
5	1	100	1	5	7	1319	2785	49	21	92.902481	τρεῖς
5	1	100	1	5	8	1383	2783	95	22	92.357849	ἀδελφούς
2	1	101	0	0	0	773	2646	69	17	-1	
3	1	101	1	0	0	773	2646	69	17	-1	
4	1	101	1	1	0	773	2646	69	17	-1	
5	1	101	1	1	1	773	2646	69	17	96.133133	τα
5	1	101	1	1	2	814	2636	11	32	73.917572	η
5	1	101	1	1	3	833	2636	14	32	35.515533	ϱ
2	1	102	0	0	0	827	2642	39	21	-1	
3	1	102	1	0	0	827	2642	39	21	-1	
4	1	102	1	1	0	827	2642	39	21	-1	
5	1	102	1	1	1	827	2642	39	21	95.000000	 
2	1	103	0	0	0	771	2819	707	167	-1	
3	1	103	1	0	0	771	2819	707	167	-1	
4	1	103	1	1	0	773	2819	705	24	-1	
5	1	103	1	1	1	773	2821	32	17	89.856667	τόν
5	1	103	1	1	2	823	2821	69	17	82.768234	᾿Αλέκο
5	1	103	1	1	3	909	2821	47	22	93.299683	στήν
5	1	103	1	1	4	974	2821	77	21	88.225273	᾿Αθήνα,
5	1	103	1	1	5	1070	2820	22	17	93.902222	τό
5	1	103	1	1	6	1109	2820	82	22	96.694389	Γεώργιο
5	1	103	1	1	7	1205	2820	47	22	93.294365	στήν
5	1	103	1	1	8	1271	2820	89	22	92.586876	᾽Αμερική
5	1	103	1	1	9	1389	2819	30	17	91.392128	καί
5	1	103	1	1	10	1444	2819	34	17	91.637230	τόν
4	1	103	1	2	0	772	2855	706	24	-1	
5	1	103	1	2	1	772	2857	78	22	90.674095	Χρῆστο
5	1	103	1	2	2	863	2857	47	22	93.292068	στήν
5	1	103	1	2	3	924	2856	86	22	84.538071	᾿Αφρική.
5	1	103	1	2	4	1028	2856	20	17	73.956451	Ἡ
5	1	103	1	2	5	1062	2856	49	22	86.591133	µάνα
5	1	103	1	2	6	1126	2857	34	16	93.237961	τοῦ
5	1	103	1	2	7	1175	2856	60	17	90.897621	Λεων.
5	1	103	1	2	8	1250	2855	159	22	90.897621	Θεοφιλόπουλου
5	1	103	1	2	9	1423	2855	55	17	91.963684	Αἰκα-
4	1	103	1	3	0	771	2890	707	24	-1	
5	1	103	1	3	1	771	2892	69	22	65.673058	περίνη,
5	1	103	1	3	2	860	2891	45	18	93.299042	εἶναι
5	1	103	1	3	3	924	2892	72	22	89.394997	ἀδελφή
5	1	103	1	3	4	1015	2893	35	16	95.901985	τοῦ
5	1	103	1	3	5	1067	2892	20	17	93.299385	ἐκ
5	1	103	1	3	6	1105	2891	124	22	87.846870	Γεωργιτσίου
5	1	103	1	3	7	1247	2891	93	22	92.809448	Γεωργίου
5	1	103	1	3	8	1360	2890	118	23	86.134216	᾿Αριστείδου
4	1	103	1	4	0	773	2926	705	24	-1	
5	1	103	1	4	1	773	2928	64	17	89.858261	Βύνιου
5	1	103	1	4	2	859	2928	156	22	89.858261	(Γιωργαρίκου).
5	1	103	1	4	3	1033	2927	20	17	86.272873	Ὁ
5	1	103	1	4	4	1071	2927	78	22	95.300545	γράφων
5	1	103	1	4	5	1165	2933	16	11	93.637283	κ.
5	1	103	1	4	6	1199	2926	91	23	93.299423	Γεώργιος
5	1	103	1	4	7	1310	2926	40	17	49.246239	᾿Αθ.
5	1	103	1	4	8	1367	2926	70	22	91.902313	Βύνιος,
5	1	103	1	4	9	1453	2926	25	17	90.248016	οἱ-
4	1	103	1	5	0	772	2961	706	25	-1	
5	1	103	1	5	1	772	2963	99	22	59.830406	Κονοµικός
5	1	103	1	5	2	885	2964	69	22	92.263138	ἔφορος
5	1	103	1	5	3	970	2964	117	21	91.205566	Κομοτηνῆς,
5	1	103	1	5	4	1102	2961	46	19	93.300117	εἶναι
5	1	103	1	5	5	1162	2962	53	23	92.742592	γυιός
5	1	103	1	5	6	1228	2963	34	17	93.253250	τοῦ
5	1	103	1	5	7	1276	2962	115	17	84.315964	᾿Αθανασίου
5	1	103	1	5	8	1407	2962	71	20	91.771049	Βύνιου,
2	1	104	0	0	0	773	2998	612	24	-1	
3	1	104	1	0	0	773	2998	612	24	-1	
4	1	104	1	1	0	773	2998	612	24	-1	
5	1	104	1	1	1	773	3000	38	17	93.272758	πού
5	1	104	1	1	2	822	2998	38	24	93.003098	εἶχε
5	1	104	1	1	3	872	2999	33	22	93.301956	τήν
5	1	104	1	1	4	919	2999	60	23	92.974625	ὡραία
5	1	104	1	1	5	990	2999	84	22	90.382362	ταθέρνα
5	1	104	1	1	6	1087	2999	47	23	93.292778	στήν
5	1	104	1	1	7	1148	2998	45	18	92.057823	ὁδόν
5	1	104	1	1	8	1206	2998	139	22	88.749283	Κολοκοτρώνη
5	1	104	1	1	9	1360	2998	25	17	79.781204	|7.
2	1	105	0	0	0	1485	40	8	2987	-1	
3	1	105	1	0	0	1485	40	8	2987	-1	
4	1	105	1	1	0	1485	40	8	2987	-1	
5	1	105	1	1	1	1485	40	8	2987	95.000000	 
2	1	106	0	0	0	1536	40	703	103	-1	
3	1	106	1	0	0	1536	40	703	103	-1	
4	1	106	1	1	0	1536	40	703	103	-1	
5	1	106	1	1	1	1536	40	703	103	95.000000	 
2	1	107	0	0	0	1498	147	352	131	-1	
3	1	107	1	0	0	1498	147	352	131	-1	
4	1	107	1	1	0	1529	147	321	27	-1	
5	1	107	1	1	1	1529	147	148	18	86.651291	ΓΕΩΡΓΙΤΣΙ
5	1	107	1	1	2	1847	172	3	2	0.000000	ι
4	1	107	1	2	0	1533	177	315	32	-1	
5	1	107	1	2	1	1533	184	25	25	73.125343	ϐ
5	1	107	1	2	2	1582	177	173	24	89.566315	ΓΕΝΝΗΣΕΙΣ.
5	1	107	1	2	3	1806	183	42	24	31.644501	στὴ
4	1	107	1	3	0	1498	219	351	23	-1	
5	1	107	1	3	1	1498	219	86	23	27.583771	Τρϊπολι
5	1	107	1	3	2	1604	219	11	23	90.702057	ἡ
5	1	107	1	3	3	1638	225	17	11	93.005501	κ.
5	1	107	1	3	4	1678	219	73	22	66.023643	ὌὌλγα
5	1	107	1	3	5	1775	220	14	20	59.766354	Ι.
5	1	107	1	3	6	1809	219	40	17	87.719315	Πα-
4	1	107	1	4	0	1502	254	348	24	-1	
5	1	107	1	4	1	1502	255	62	23	90.960243	νοὺση
5	1	107	1	4	2	1588	254	87	24	90.762405	Ὑέννησε
5	1	107	1	4	3	1720	254	130	24	4.528061	χαριτωμένο
2	1	108	0	0	0	1498	290	351	131	-1	
3	1	108	1	0	0	1499	290	350	24	-1	
4	1	108	1	1	0	1499	290	350	24	-1	
5	1	108	1	1	1	1499	290	101	24	73.663101	ἀγορὰκι.
5	1	108	1	1	2	1642	290	57	18	51.615189	Εἶναι
5	1	108	1	1	3	1719	291	23	17	93.296036	τὸ
5	1	108	1	1	4	1763	291	86	23	79.835114	δεὺτερο
3	1	108	2	0	0	1498	326	351	95	-1	
4	1	108	2	1	0	1498	326	351	24	-1	
5	1	108	2	1	1	1498	326	103	23	84.814934	ἐγγονὰκι
5	1	108	2	1	2	1621	326	36	18	91.356285	τοῦ
5	1	108	2	1	3	1678	326	110	24	86.947906	ἀγαπητοῦ
5	1	108	2	1	4	1810	332	39	18	96.562592	µας
4	1	108	2	2	0	1504	362	247	23	-1	
5	1	108	2	2	1	1504	367	18	12	83.832840	κ.
5	1	108	2	2	2	1549	362	86	23	89.817719	Σπὺρου
5	1	108	2	2	3	1663	362	88	18	28.835709	Κὰτσου.
4	1	108	2	3	0	1691	397	157	24	-1	
5	1	108	2	3	1	1691	397	93	24	89.305405	Παντελῆ
5	1	108	2	3	2	1806	398	42	17	67.319801	᾿Αθ.
2	1	109	0	0	0	1501	433	348	24	-1	
3	1	109	1	0	0	1501	433	348	24	-1	
4	1	109	1	1	0	1501	433	348	24	-1	
5	1	109	1	1	1	1501	433	134	22	91.748528	Πανταζέλου
5	1	109	1	1	2	1657	433	36	24	92.890366	στὴ
5	1	109	1	1	3	1720	433	86	24	10.357780	Σπὰρτη
5	1	109	1	1	4	1829	434	20	17	78.166031	ἆ-
2	1	110	0	0	0	1528	397	124	23	-1	
3	1	110	1	0	0	1528	397	124	23	-1	
4	1	110	1	1	0	1528	397	124	23	-1	
5	1	110	1	1	1	1528	397	27	18	90.492264	Τὸ
5	1	110	1	1	2	1577	397	75	23	39.500305	ζεῦγος
2	1	111	0	0	0	1497	469	352	485	-1	
3	1	111	1	0	0	1498	469	211	23	-1	
4	1	111	1	1	0	1498	469	211	23	-1	
5	1	111	1	1	1	1498	469	90	23	89.957664	πὀκτησε
5	1	111	1	1	2	1609	469	100	23	90.787537	ἀγορὰκι.
3	1	111	2	0	0	1498	504	350	129	-1	
4	1	111	2	1	0	1533	504	315	26	-1	
5	1	111	2	1	1	1533	504	85	26	28.757133	Ἐπίσηα
5	1	111	2	1	2	1640	504	11	24	73.148796	Ἡ
5	1	111	2	1	3	1675	504	104	18	88.388229	Δέσποινα
5	1	111	2	1	4	1825	504	23	18	0.000000	ἡἢΛ.
4	1	111	2	2	0	1503	540	344	23	-1	
5	1	111	2	2	1	1503	540	105	23	92.390129	Μασοὺρα
5	1	111	2	2	2	1637	540	88	23	0.000000	γέννησε
5	1	111	2	2	3	1747	540	100	23	84.153427	ἀγορὰκι.
4	1	111	2	3	0	1499	575	348	23	-1	
5	1	111	2	3	1	1499	575	56	18	86.945930	Εἶναι
5	1	111	2	3	2	1573	575	119	23	76.278091	ἐγγονὰκια
5	1	111	2	3	3	1709	575	36	18	93.286499	τοῦ
5	1	111	2	3	4	1764	576	42	17	53.397579	᾿Αθ.
5	1	111	2	3	5	1827	576	20	18	66.677254	Χ.
4	1	111	2	4	0	1498	611	139	22	-1	
5	1	111	2	4	1	1498	611	139	22	91.751129	Πανταζέλου.
3	1	111	3	0	0	1497	646	351	93	-1	
4	1	111	3	1	0	1524	646	324	23	-1	
5	1	111	3	1	1	1524	647	28	17	93.299706	Τὸ
5	1	111	3	1	2	1568	646	76	23	92.087440	ζεῦγος
5	1	111	3	1	3	1660	647	69	19	33.133049	᾿Ιωὰν.
5	1	111	3	1	4	1747	647	22	18	92.819748	Α.
5	1	111	3	1	5	1786	646	62	19	91.776657	Παπα
4	1	111	3	2	0	1497	682	350	23	-1	
5	1	111	3	2	1	1497	682	161	18	60.742809	θανασόπουλου
5	1	111	3	2	2	1679	682	37	17	93.290672	στὸ
5	1	111	3	2	3	1737	682	110	23	34.079247	Γεωργϊτσι
4	1	111	3	3	0	1497	717	239	22	-1	
5	1	111	3	3	1	1497	717	106	22	89.967781	ἀπόκτησε
5	1	111	3	3	2	1621	717	115	22	88.842995	κοριτσὰκι.
3	1	111	4	0	0	1498	751	351	127	-1	
4	1	111	4	1	0	1531	751	317	24	-1	
5	1	111	4	1	1	1531	751	55	23	89.996040	Στὴν
5	1	111	4	1	2	1607	751	82	24	73.195618	᾿Αθὴνα,
5	1	111	4	1	3	1711	751	12	23	92.404198	ἡ
5	1	111	4	1	4	1749	751	99	24	95.709747	Δήμητρα
4	1	111	4	2	0	1498	786	350	24	-1	
5	1	111	4	2	1	1498	786	93	23	35.839424	Γομὰτου
5	1	111	4	2	2	1627	787	23	17	92.317223	τὸ
5	1	111	4	2	3	1669	786	62	23	61.824139	γένος
5	1	111	4	2	4	1751	787	97	23	78.610916	Κών)νου
4	1	111	4	3	0	1501	822	348	24	-1	
5	1	111	4	3	1	1501	823	12	16	50.084419	Ι.
5	1	111	4	3	2	1534	822	82	18	90.101852	Γκλέκα
5	1	111	4	3	3	1635	822	106	23	91.055367	ἀπόκτησε
5	1	111	4	3	4	1761	822	88	24	91.710098	κοριτσὰ
4	1	111	4	4	0	1499	864	25	14	-1	
5	1	111	4	4	1	1499	864	25	14	54.153206	κι,
3	1	111	5	0	0	1526	893	192	23	-1	
4	1	111	5	1	0	1526	893	192	23	-1	
5	1	111	5	1	1	1526	893	33	17	88.426208	Νὰ
5	1	111	5	1	2	1576	893	48	21	96.437500	τοὺς
5	1	111	5	1	3	1642	893	76	23	48.338692	ζήσουν
3	1	111	6	0	0	1531	928	222	26	-1	
4	1	111	6	1	0	1531	928	222	26	-1	
5	1	111	6	1	1	1531	929	25	25	25.110214	6
5	1	111	6	1	2	1580	928	173	18	87.786560	ΑΡΡΑΒΩΝΕΣ
2	1	112	0	0	0	1497	963	353	25	-1	
3	1	112	1	0	0	1497	963	353	25	-1	
4	1	112	1	1	0	1497	963	353	25	-1	
5	1	112	1	1	1	1497	963	88	18	88.177666	25-12-8Ί
5	1	112	1	1	2	1605	964	73	18	96.841576	τέλεσε
5	1	112	1	1	3	1695	964	49	22	92.691360	τοὺς
5	1	112	1	1	4	1760	964	90	24	89.510147	ἀρραθὼ
2	1	113	0	0	0	1801	929	50	22	-1	
3	1	113	1	0	0	1801	929	50	22	-1	
4	1	113	1	1	0	1801	929	50	22	-1	
5	1	113	1	1	1	1801	929	50	22	0.000000	τὶς
2	1	114	0	0	0	1498	999	353	772	-1	
3	1	114	1	0	0	1498	999	352	132	-1	
4	1	114	1	1	0	1499	999	350	24	-1	
5	1	114	1	1	1	1499	1006	33	15	93.179344	νες
5	1	114	1	1	2	1549	1005	35	12	96.785469	του
5	1	114	1	1	3	1603	1006	17	11	87.510399	κ.
5	1	114	1	1	4	1638	1000	100	23	89.229439	Λάμπρος
5	1	114	1	1	5	1754	999	23	19	87.830482	Π.
5	1	114	1	1	6	1797	1001	52	22	91.730812	Καρ-
4	1	114	1	2	0	1498	1035	352	24	-1	
5	1	114	1	2	1	1498	1036	76	23	69.809425	θοὐνης
5	1	114	1	2	2	1589	1035	51	24	95.442680	μετὰ
5	1	114	1	2	3	1652	1036	36	23	96.856903	τῆς
5	1	114	1	2	4	1701	1036	24	17	93.269798	ἐκ
5	1	114	1	2	5	1739	1035	111	23	91.881653	Πελλάνας
4	1	114	1	3	0	1498	1071	350	24	-1	
5	1	114	1	3	1	1498	1071	131	24	81.065170	ὡραιοτάτης
5	1	114	1	3	2	1666	1072	18	17	70.715317	δ.
5	1	114	1	3	3	1705	1071	101	23	78.220367	᾿Ιωάννας
5	1	114	1	3	4	1826	1072	22	17	92.502029	Δ.
4	1	114	1	4	0	1499	1107	82	24	-1	
5	1	114	1	4	1	1499	1107	82	24	75.720535	Μπακῆ.
3	1	114	2	0	0	1498	1143	352	270	-1	
4	1	114	2	1	0	1528	1143	321	24	-1	
5	1	114	2	1	1	1528	1143	85	23	77.267685	Ἐπίσης
5	1	114	2	1	2	1626	1143	11	24	92.183136	ἡ
5	1	114	2	1	3	1653	1143	17	19	91.892448	δ.
5	1	114	2	1	4	1684	1143	67	18	91.318977	Τασὶα
5	1	114	2	1	5	1764	1143	23	18	87.346069	Π.
5	1	114	2	1	6	1804	1144	45	22	96.387794	Καρ
4	1	114	2	2	0	1500	1178	349	24	-1	
5	1	114	2	2	1	1500	1179	62	23	9.599754	θούνη
5	1	114	2	2	2	1598	1178	51	24	22.814880	μετὰ
5	1	114	2	2	3	1680	1179	36	17	61.006676	τοῦ
5	1	114	2	2	4	1750	1179	99	23	61.006676	Ταγ)χου
4	1	114	2	3	0	1498	1214	350	24	-1	
5	1	114	2	3	1	1498	1215	21	22	44.708107	Χ)
5	1	114	2	3	2	1526	1214	38	23	87.787560	κῆς
5	1	114	2	3	3	1579	1214	15	17	91.527695	Π
5	1	114	2	3	4	1610	1214	146	18	47.458858	᾿Ηλιοπούλου.
5	1	114	2	3	5	1771	1215	24	17	74.510071	'Ἡ
5	1	114	2	3	6	1811	1215	37	23	45.576660	έφη
4	1	114	2	4	0	1500	1250	349	23	-1	
5	1	114	2	4	1	1500	1250	74	23	29.601273	µερὶδα
5	1	114	2	4	2	1613	1256	39	17	85.170815	µας
5	1	114	2	4	3	1671	1250	48	22	91.562721	τοὺς
5	1	114	2	4	4	1739	1251	110	22	74.807060	συγχαὶρει
4	1	114	2	5	0	1499	1285	351	24	-1	
5	1	114	2	5	1	1499	1285	73	24	90.118301	θερμὰ,
5	1	114	2	5	2	1594	1285	48	22	93.272713	τοὺς
5	1	114	2	5	3	1662	1285	82	23	91.389809	εὔχεται
5	1	114	2	5	4	1764	1286	86	23	89.684708	ταχεὶαν
4	1	114	2	6	0	1498	1320	352	24	-1	
5	1	114	2	6	1	1498	1321	80	23	92.648033	στέψην,
5	1	114	2	6	2	1604	1321	35	17	93.279564	καὶ
5	1	114	2	6	3	1659	1320	132	24	88.717316	ἐκπλήρωσιν
5	1	114	2	6	4	1810	1327	40	12	96.629135	παν
4	1	114	2	7	0	1498	1356	351	24	-1	
5	1	114	2	7	1	1498	1356	35	22	90.277733	τὸς
5	1	114	2	7	2	1550	1356	81	24	46.339794	ὡραὶου
5	1	114	2	7	3	1647	1356	83	24	85.456337	ὀνείρου
5	1	114	2	7	4	1748	1356	35	18	93.300949	καὶ
5	1	114	2	7	5	1800	1357	49	22	91.803619	εὖγε
4	1	114	2	8	0	1498	1392	139	21	-1	
5	1	114	2	8	1	1498	1392	35	21	64.078064	νῦς
5	1	114	2	8	2	1551	1392	86	18	91.254807	σκοποῦ.
3	1	114	3	0	0	1498	1427	352	200	-1	
4	1	114	3	1	0	1525	1427	324	26	-1	
5	1	114	3	1	1	1525	1428	25	25	35.727776	ϐ
5	1	114	3	1	2	1569	1427	91	18	93.058449	ΓΑΜΟΙ.
5	1	114	3	1	3	1682	1428	23	17	88.780243	Ὁ
5	1	114	3	1	4	1726	1433	17	12	91.263885	κ.
5	1	114	3	1	5	1763	1427	86	24	63.562653	Γεώργι-
4	1	114	3	2	0	1498	1463	349	24	-1	
5	1	114	3	2	1	1498	1468	24	18	93.241432	ος
5	1	114	3	2	2	1544	1463	99	23	77.889877	Σταὺρου
5	1	114	3	2	3	1666	1464	96	21	87.650528	Σκιαδᾶς
5	1	114	3	2	4	1782	1464	35	17	90.101662	καὶ
5	1	114	3	2	5	1836	1463	11	24	90.101662	ἡ
4	1	114	3	3	0	1498	1498	351	24	-1	
5	1	114	3	3	1	1498	1499	17	17	90.228317	δ.
5	1	114	3	3	2	1536	1499	95	23	89.188721	Γεωργὶα
5	1	114	3	3	3	1649	1498	134	19	89.188721	Μανωλάκου
5	1	114	3	3	4	1802	1498	47	19	91.934792	τέλε
4	1	114	3	4	0	1499	1534	351	23	-1	
5	1	114	3	4	1	1499	1540	39	11	89.013321	σαν
5	1	114	3	4	2	1558	1534	152	23	85.231781	µεγαλόπρεπα
5	1	114	3	4	3	1746	1534	50	21	86.288292	τοὺς
5	1	114	3	4	4	1813	1534	37	22	72.075859	γὰ-
4	1	114	3	5	0	1500	1568	350	24	-1	
5	1	114	3	5	1	1500	1574	50	18	89.307663	µους
5	1	114	3	5	2	1566	1574	45	16	91.880852	των,
5	1	114	3	5	3	1628	1568	98	24	64.762955	ἀνάμεσα
5	1	114	3	5	4	1742	1568	24	18	92.294144	σέ
5	1	114	3	5	5	1781	1568	69	19	92.130516	πολυὰ
4	1	114	3	6	0	1498	1604	351	23	-1	
5	1	114	3	6	1	1498	1604	85	23	89.718063	ριθµους
5	1	114	3	6	2	1596	1605	110	22	92.972176	συγγενεῖς
5	1	114	3	6	3	1721	1604	35	18	91.835617	καὶ
5	1	114	3	6	4	1770	1604	79	23	27.335938	φἰλους.
3	1	114	4	0	0	1526	1639	294	25	-1	
4	1	114	4	1	0	1526	1639	294	25	-1	
5	1	114	4	1	1	1526	1640	34	17	89.090591	Νὰ
5	1	114	4	1	2	1579	1640	77	24	89.310577	ζήσουν
5	1	114	4	1	3	1673	1639	147	25	92.823013	εὐτυχισμένοι.
3	1	114	5	0	0	1499	1676	352	95	-1	
4	1	114	5	1	0	1526	1676	322	26	-1	
5	1	114	5	1	1	1526	1676	25	26	81.930168	Φ
5	1	114	5	1	2	1571	1676	125	17	92.501732	ΑΦΙΞΕΙΣ.
5	1	114	5	1	3	1732	1676	86	24	55.147968	᾿Αφίχθη
5	1	114	5	1	4	1837	1676	11	23	92.191879	ἡ
4	1	114	5	2	0	1499	1711	350	24	-1	
5	1	114	5	2	1	1499	1711	121	23	81.084961	οἰκογένεα
5	1	114	5	2	2	1651	1717	17	15	90.024818	κ.
5	1	114	5	2	3	1700	1712	94	23	88.072258	Χρήστου
5	1	114	5	2	4	1827	1711	22	19	78.236725	ΠΠ.
4	1	114	5	3	0	1502	1747	349	24	-1	
5	1	114	5	3	1	1502	1747	110	23	65.675415	Καρθοὺνη
5	1	114	5	3	2	1634	1747	23	21	93.113930	ἐξ
5	1	114	5	3	3	1677	1747	101	24	88.590744	᾿Αφρικῆς
5	1	114	5	3	4	1816	1747	35	18	88.039688	διὰ
2	1	115	0	0	0	1498	1783	354	415	-1	
3	1	115	1	0	0	1501	1783	349	95	-1	
4	1	115	1	1	0	1501	1783	349	24	-1	
5	1	115	1	1	1	1501	1783	84	23	37.073135	µόνιμον
5	1	115	1	1	2	1603	1783	99	24	86.211685	διαμονὴν
5	1	115	1	1	3	1723	1783	35	18	93.300934	καὶ
5	1	115	1	1	4	1777	1789	11	12	91.430878	ὁ
5	1	115	1	1	5	1807	1783	43	18	74.913940	᾿Αθ.
4	1	115	1	2	0	1501	1818	349	24	-1	
5	1	115	1	2	1	1501	1819	22	17	87.570847	Η.
5	1	115	1	2	2	1546	1819	123	23	12.422882	Καρθούνης
5	1	115	1	2	3	1689	1819	11	17	83.919281	ὁ
5	1	115	1	2	4	1721	1819	72	22	83.919281	ὁποῖος
5	1	115	1	2	5	1812	1818	38	24	95.753281	ἤδη
4	1	115	1	3	0	1502	1854	164	24	-1	
5	1	115	1	3	1	1502	1854	164	24	91.340599	ἐπανεχώρησεν.
3	1	115	2	0	0	1498	1890	353	59	-1	
4	1	115	2	1	0	1529	1890	322	23	-1	
5	1	115	2	1	1	1529	1890	86	23	70.600281	Ἐπϊσης
5	1	115	2	1	2	1636	1890	11	18	93.099304	ὁ
5	1	115	2	1	3	1666	1890	49	18	36.995010	Παν.
5	1	115	2	1	4	1736	1890	21	19	91.409592	Δ.
5	1	115	2	1	5	1781	1890	70	23	91.409592	Σαρα-
4	1	115	2	2	0	1498	1926	206	23	-1	
5	1	115	2	2	1	1498	1926	90	23	91.306366	τζοκλῆς
5	1	115	2	2	2	1599	1922	51	31	38.344246	οἰἶκ)
5	1	115	2	2	3	1659	1922	45	31	91.751717	κῶς.
3	1	115	3	0	0	1499	1961	353	166	-1	
4	1	115	3	1	0	1528	1961	323	24	-1	
5	1	115	3	1	1	1528	1961	142	24	90.975853	᾿Επέστρεψαν
5	1	115	3	1	2	1687	1961	41	18	96.546257	ἀπό
5	1	115	3	1	3	1747	1961	74	19	89.174339	Η.Π.Α.
5	1	115	3	1	4	1840	1961	11	18	93.226166	ὁ
4	1	115	3	2	0	1500	1997	350	23	-1	
5	1	115	3	2	1	1500	2003	17	12	93.278244	κ.
5	1	115	3	2	2	1536	1997	125	22	90.225883	Εὐάγγελος
5	1	115	3	2	3	1677	1997	18	18	90.225883	Γ.
5	1	115	3	2	4	1711	1997	89	23	92.775444	Μπακῆς
5	1	115	3	2	5	1817	1997	33	18	87.688919	καὶ
4	1	115	3	3	0	1501	2033	350	23	-1	
5	1	115	3	3	1	1501	2033	11	17	91.859543	ὁ
5	1	115	3	3	2	1526	2033	135	23	86.669304	Πρωτοδὶκης
5	1	115	3	3	3	1674	2038	18	12	93.250404	κ.
5	1	115	3	3	4	1706	2033	75	21	68.780853	᾿Ἠλὶας
5	1	115	3	3	5	1796	2033	22	18	39.742836	ΚΚ.
5	1	115	3	3	6	1832	2033	19	18	95.281349	Γι
4	1	115	3	4	0	1501	2067	351	24	-1	
5	1	115	3	4	1	1501	2068	127	23	91.306526	αννακάκης,
5	1	115	3	4	2	1651	2068	53	18	70.240257	ὅπου
5	1	115	3	4	3	1745	2067	107	24	26.658821	 ἐπέρασαν
4	1	115	3	5	0	1499	2103	244	24	-1	
5	1	115	3	5	1	1499	2104	123	23	92.481247	εὐχάριστες
5	1	115	3	5	2	1638	2103	105	22	96.206512	διακοπές.
3	1	115	4	0	0	1501	2139	350	59	-1	
4	1	115	4	1	0	1531	2139	320	21	-1	
5	1	115	4	1	1	1531	2139	23	18	36.019634	Ὁ
5	1	115	4	1	2	1575	2139	67	17	78.239990	πὰντα
5	1	115	4	1	3	1682	2139	131	21	69.587967	καλὀδεκτος
5	1	115	4	1	4	1834	2145	17	11	96.655533	κ.
4	1	115	4	2	0	1501	2174	350	24	-1	
5	1	115	4	2	1	1501	2175	70	23	90.394531	Δῆμος
5	1	115	4	2	2	1590	2174	22	21	80.646507	Ν,
5	1	115	4	2	3	1631	2174	138	23	44.087578	Γεωργούλης
5	1	115	4	2	4	1788	2174	23	21	89.101357	ἐξ
5	1	115	4	2	5	1828	2175	23	17	82.451691	ἸΑ
2	1	116	0	0	0	1501	2210	351	95	-1	
3	1	116	1	0	0	1501	2210	351	95	-1	
4	1	116	1	1	0	1503	2210	91	23	-1	
5	1	116	1	1	1	1503	2210	91	23	58.111015	μερικῆς.
4	1	116	1	2	0	1515	2245	337	22	-1	
5	1	116	1	2	1	1515	2246	75	21	92.753029	Καθώς
5	1	116	1	2	2	1617	2246	34	17	92.753029	καὶ
5	1	116	1	2	3	1671	2245	11	18	86.177963	ὁ
5	1	116	1	2	4	1701	2246	54	21	70.999435	Διον.
5	1	116	1	2	5	1776	2245	22	19	84.079269	Ν.
5	1	116	1	2	6	1817	2245	35	18	84.833572	Πε-
4	1	116	1	3	0	1501	2281	351	24	-1	
5	1	116	1	3	1	1501	2281	85	24	46.503807	τρἀκης.
5	1	116	1	3	2	1624	2281	23	18	29.512619	ὍὉ
5	1	116	1	3	3	1669	2281	130	24	49.936657	᾿Απόστολος
5	1	116	1	3	4	1817	2281	35	23	96.149017	Χρ.
2	1	117	0	0	0	1499	2317	354	201	-1	
3	1	117	1	0	0	1500	2317	353	94	-1	
4	1	117	1	1	0	1506	2317	347	21	-1	
5	1	117	1	1	1	1506	2317	93	21	90.351555	Ρασσιᾶς
5	1	117	1	1	2	1620	2317	24	17	93.134956	ἐκ
5	1	117	1	1	3	1667	2317	93	18	86.864227	Καναδᾶ.
5	1	117	1	1	4	1800	2317	53	21	73.490097	Τοὺς
4	1	117	1	2	0	1504	2353	348	24	-1	
5	1	117	1	2	1	1504	2353	174	24	36.140957	καλοσωρὶζουµε
5	1	117	1	2	2	1699	2353	35	18	95.594368	καὶ
5	1	117	1	2	3	1754	2353	49	22	93.174225	τοὺς
5	1	117	1	2	4	1824	2353	28	18	87.500221	εὖ-
4	1	117	1	3	0	1500	2388	270	23	-1	
5	1	117	1	3	1	1500	2389	90	22	42.905952	χόμαθα.
5	1	117	1	3	2	1607	2388	54	23	20.158234	καλἠἡ
5	1	117	1	3	3	1676	2389	94	22	32.842583	διαμονἠ.
3	1	117	2	0	0	1499	2422	354	96	-1	
4	1	117	2	1	0	1529	2422	323	27	-1	
5	1	117	2	1	1	1529	2424	25	25	77.137932	Φ
5	1	117	2	1	2	1572	2423	129	21	71.738007	ΘΑΝΑΤΟΙ,
5	1	117	2	1	3	1722	2423	49	22	92.121719	Στὶς
5	1	117	2	1	4	1788	2422	64	18	91.694344	14-12-
4	1	117	2	2	0	1499	2458	354	24	-1	
5	1	117	2	2	1	1499	2459	21	17	70.024681	81
5	1	117	2	2	2	1543	2459	115	18	45.751945	᾿Απεθίωσε
5	1	117	2	2	3	1677	2459	49	23	92.991341	στὴν
5	1	117	2	2	4	1744	2459	78	23	87.110817	᾿Αθὴνα
5	1	117	2	2	5	1841	2458	12	18	92.739746	ὁ
4	1	117	2	3	0	1501	2494	352	24	-1	
5	1	117	2	3	1	1501	2494	41	19	91.884613	ἀπὸ
5	1	117	2	3	2	1561	2494	82	22	25.805336	5Ρετὶας
5	1	117	2	3	3	1663	2494	136	24	71.871422	καφέµπορος
5	1	117	2	3	4	1822	2494	31	18	30.506790	ΊΝι-
2	1	118	0	0	0	1500	2530	355	90	-1	
3	1	118	1	0	0	1500	2530	355	90	-1	
4	1	118	1	1	0	1500	2530	354	23	-1	
5	1	118	1	1	1	1500	2531	80	21	81.631790	κόλαος
5	1	118	1	1	2	1621	2531	12	17	25.165443	{.
5	1	118	1	1	3	1653	2530	107	21	90.233086	Μπέλκας.
5	1	118	1	1	4	1780	2530	74	23	95.713020	Θερμά
4	1	118	1	2	0	1505	2566	350	23	-1	
5	1	118	1	2	1	1505	2566	147	23	49.743233	συλυποὺμεθα
5	1	118	1	2	2	1693	2566	49	23	85.071571	τοὺς
5	1	118	1	2	3	1763	2566	92	21	90.147263	οἰκεὶους
4	1	118	1	3	0	1502	2608	42	12	-1	
5	1	118	1	3	1	1502	2608	42	12	96.791847	του.
2	1	119	0	0	0	1503	2637	352	167	-1	
3	1	119	1	0	0	1503	2637	352	167	-1	
4	1	119	1	1	0	1529	2637	326	22	-1	
5	1	119	1	1	1	1529	2638	50	21	91.438637	Στὶς
5	1	119	1	1	2	1595	2637	88	18	66.006561	24-12-81
5	1	119	1	1	3	1703	2637	106	18	87.125053	ἀπεθὶωσε
5	1	119	1	1	4	1825	2637	30	21	93.408089	εἰς
4	1	119	1	2	0	1505	2673	349	22	-1	
5	1	119	1	2	1	1505	2674	86	17	92.121414	Καναδᾶ
5	1	119	1	2	2	1611	2673	11	18	90.276787	ὁ
5	1	119	1	2	3	1642	2673	74	22	46.935974	᾿ΗἨλὶας
5	1	119	1	2	4	1734	2673	19	18	80.603539	Γ.
5	1	119	1	2	5	1775	2673	79	17	8.241531	Κατσα-
4	1	119	1	3	0	1504	2708	146	24	-1	
5	1	119	1	3	1	1504	2709	36	23	92.157379	ρὸς
5	1	119	1	3	2	1554	2709	51	18	91.851120	ἐτῶν
5	1	119	1	3	3	1619	2708	31	18	67.308090	87.
4	1	119	1	4	0	1619	2744	89	17	-1	
5	1	119	1	4	1	1619	2744	89	17	94.685745	26-12-81
4	1	119	1	5	0	1503	2779	351	25	-1	
5	1	119	1	5	1	1503	2780	48	24	92.336845	στὴν
5	1	119	1	5	2	1569	2780	78	23	52.274078	᾿Αθήὴνα
5	1	119	1	5	3	1664	2780	12	23	92.047356	ἡ
5	1	119	1	5	4	1697	2779	76	23	65.287598	"Ὄλγα
5	1	119	1	5	5	1795	2780	59	17	0.000000	Βενιο
2	1	120	0	0	0	1502	2744	353	274	-1	
3	1	120	1	0	0	1502	2744	352	89	-1	
4	1	120	1	1	0	1532	2744	322	22	-1	
5	1	120	1	1	1	1532	2745	50	21	0.000000	σπια
5	1	120	1	1	2	1749	2744	105	17	78.409462	ἀπεθὶωσε
4	1	120	1	2	0	1502	2816	85	17	-1	
5	1	120	1	2	1	1502	2816	85	17	49.174225	ποὐλου.
3	1	120	2	0	0	1503	2850	352	168	-1	
4	1	120	2	1	0	1532	2850	318	25	-1	
5	1	120	2	1	1	1532	2852	41	23	91.612549	Στὴ
5	1	120	2	1	2	1595	2851	86	24	75.270203	Σπάρτη
5	1	120	2	1	3	1702	2851	43	22	96.406013	στὶς
5	1	120	2	1	4	1762	2850	88	19	21.492012	21-12-81
4	1	120	2	2	0	1503	2886	351	23	-1	
5	1	120	2	2	1	1503	2888	11	17	91.879379	ὁ
5	1	120	2	2	2	1535	2887	71	22	73.418945	Νὰσος
5	1	120	2	2	3	1625	2887	69	17	17.005119	᾿Ιωαν.
5	1	120	2	2	4	1713	2886	141	23	48.841076	Παπαστάθης
4	1	120	2	3	0	1503	2922	231	23	-1	
5	1	120	2	3	1	1503	2923	51	18	93.147514	ἐτῶν
5	1	120	2	3	2	1570	2922	24	18	94.803497	29
5	1	120	2	3	3	1612	2922	122	23	79.927414	σκοτώθηκε
4	1	120	2	4	0	1504	2957	350	26	-1	
5	1	120	2	4	1	1504	2965	79	18	73.356880	Κρουση
5	1	120	2	4	2	1609	2958	24	24	57.424053	μέ
5	1	120	2	4	3	1652	2957	97	25	93.297142	τρακτέρ,
5	1	120	2	4	4	1771	2963	83	18	89.532654	συνεπη-
4	1	120	2	5	0	1510	2993	345	25	-1	
5	1	120	2	5	1	1510	2995	76	18	33.644211	θαϊνων
5	1	120	2	5	2	1609	2993	172	25	50.034752	µοτοποδηλάτου
5	1	120	2	5	3	1804	2993	51	24	95.455177	μετὰ
2	1	121	0	0	0	1765	2921	88	23	-1	
3	1	121	1	0	0	1765	2921	88	23	-1	
4	1	121	1	1	0	1765	2921	88	23	-1	
5	1	121	1	1	1	1765	2921	24	18	92.423042	σέ
5	1	121	1	1	2	1806	2921	47	23	91.469933	σὺγ-
2	1	122	0	0	0	1858	148	8	2876	-1	
3	1	122	1	0	0	1858	148	8	2876	-1	
4	1	122	1	1	0	1858	148	8	2876	-1	
5	1	122	1	1	1	1858	148	8	2876	95.000000	 
2	1	123	0	0	0	1888	148	351	23	-1	
3	1	123	1	0	0	1888	148	351	23	-1	
4	1	123	1	1	0	1888	148	351	23	-1	
5	1	123	1	1	1	1888	148	36	17	92.153267	τοῦ
5	1	123	1	1	2	1946	148	94	23	87.609192	Γιῶργου
5	1	123	1	1	3	2060	148	148	23	47.767147	Ζαραφωνίτου
5	1	123	1	1	4	2229	148	10	18	85.982925	ἐ
2	1	124	0	0	0	1887	183	353	203	-1	
3	1	124	1	0	0	1887	183	353	203	-1	
4	1	124	1	1	0	1890	183	350	24	-1	
5	1	124	1	1	1	1890	183	72	21	37.091164	τῶν2ά,
5	1	124	1	1	2	1985	183	74	24	92.273949	Θερμὰ
5	1	124	1	1	3	2080	183	160	24	69.708061	συλλυποὺμεθα
4	1	124	1	2	0	1888	219	214	22	-1	
5	1	124	1	2	1	1888	219	48	21	91.824326	τοὺς
5	1	124	1	2	2	1950	219	93	22	43.378750	οἰκεῖους
5	1	124	1	2	3	2057	225	45	12	77.189713	των.
4	1	124	1	3	0	1912	255	141	18	-1	
5	1	124	1	3	1	1912	255	141	18	86.719566	ΑΓΟΡΙΑΝΗ
4	1	124	1	4	0	1915	290	324	24	-1	
5	1	124	1	4	1	1915	291	50	21	87.000191	Στὶς
5	1	124	1	4	2	1979	290	88	18	85.651657	22-12-81
5	1	124	1	4	3	2087	291	11	17	70.753876	ὁ
5	1	124	1	4	4	2114	297	17	11	95.935593	κ.
5	1	124	1	4	5	2146	291	93	23	81.203262	Χρῆστος
4	1	124	1	5	0	1891	327	35	18	-1	
5	1	124	1	5	1	1891	327	35	18	24.732620	η.
4	1	124	1	6	0	1887	362	351	24	-1	
5	1	124	1	6	1	1887	363	36	23	95.526939	στὴ
5	1	124	1	6	2	1943	362	87	23	57.910110	Σπάρτη
5	1	124	1	6	3	2046	362	104	23	91.154259	ἀπέκτησε
5	1	124	1	6	4	2165	362	23	18	93.302475	τὸ
5	1	124	1	6	5	2203	363	35	17	92.994080	δεὺ
2	1	125	0	0	0	1952	326	288	24	-1	
3	1	125	1	0	0	1952	326	288	24	-1	
4	1	125	1	1	0	1952	326	288	24	-1	
5	1	125	1	1	1	1952	326	175	24	54.517197	Παπαδὸγιανν]ς
5	1	125	1	1	2	2149	327	91	23	91.962982	ἔμπορος
2	1	126	0	0	0	1886	398	353	201	-1	
3	1	126	1	0	0	1888	398	219	23	-1	
4	1	126	1	1	0	1888	398	219	23	-1	
5	1	126	1	1	1	1888	403	48	18	92.973267	τερο
5	1	126	1	1	2	1954	398	94	23	90.738792	ἀγορὰκι
5	1	126	1	1	3	2065	404	42	15	94.635056	του,
3	1	126	2	0	0	1886	433	353	166	-1	
4	1	126	2	1	0	1913	433	326	24	-1	
5	1	126	2	1	1	1913	433	92	18	92.646370	Τέλεσαν
5	1	126	2	1	2	2025	434	48	22	93.294853	τοὺς
5	1	126	2	1	3	2091	434	82	23	67.312958	γὰμους
5	1	126	2	1	4	2191	439	48	16	96.240280	τους
4	1	126	2	2	0	1886	469	352	24	-1	
5	1	126	2	2	1	1886	469	11	17	44.906136	ὁ
5	1	126	2	2	2	1920	469	92	23	44.906136	Βασϊλης
5	1	126	2	2	3	2032	469	163	23	94.676552	Μακρυγιάννης
5	1	126	2	2	4	2215	469	23	24	59.542892	μέ
4	1	126	2	3	0	1887	505	351	23	-1	
5	1	126	2	3	1	1887	505	35	23	56.726093	τὴν
5	1	126	2	3	2	1942	505	135	23	56.726093	ὡραιωτάτην
5	1	126	2	3	3	2096	505	18	18	85.500992	δ.
5	1	126	2	3	4	2138	505	100	23	74.002518	Βασιλικἡ
4	1	126	2	4	0	1892	540	44	18	-1	
5	1	126	2	4	1	1892	540	44	18	93.987396	Νικ.
4	1	126	2	5	0	1889	575	248	24	-1	
5	1	126	2	5	1	1889	576	34	18	96.931793	καὶ
5	1	126	2	5	2	1940	576	41	23	93.270500	ζωὴ
5	1	126	2	5	3	1997	575	140	24	90.600204	εὐτυχισμένη.
2	1	127	0	0	0	1979	540	260	24	-1	
3	1	127	1	0	0	1979	540	260	24	-1	
4	1	127	1	1	0	1979	540	260	24	-1	
5	1	127	1	1	1	1979	540	68	18	34.952606	ψΨαθᾶ.
5	1	127	1	1	2	2073	541	166	23	72.050819	Συγχαρητὴρια
2	1	128	0	0	0	1917	611	319	24	-1	
3	1	128	1	0	0	1917	611	319	24	-1	
4	1	128	1	1	0	1917	611	319	24	-1	
5	1	128	1	1	1	1917	611	115	18	82.380798	᾿Απεθίωσε
5	1	128	1	1	2	2073	611	29	24	87.279388	εἰς
5	1	128	1	1	3	2123	611	113	23	67.083336	᾽Αγόριανη
2	1	129	0	0	0	1885	646	351	24	-1	
3	1	129	1	0	0	1885	646	351	24	-1	
4	1	129	1	1	0	1885	646	351	24	-1	
5	1	129	1	1	1	1885	647	11	23	78.388382	ἡ
5	1	129	1	1	2	1919	647	91	22	21.812981	σὐζυγος
5	1	129	1	1	3	2030	647	50	23	93.297668	Δημ.
5	1	129	1	1	4	2101	646	135	19	91.635048	Παπαδοποὺ-
2	1	130	0	0	0	1887	682	352	233	-1	
3	1	130	1	0	0	1888	682	45	17	-1	
4	1	130	1	1	0	1888	682	45	17	-1	
5	1	130	1	1	1	1888	682	45	17	92.370575	λου.
3	1	130	2	0	0	1915	717	183	17	-1	
4	1	130	2	1	0	1915	717	183	17	-1	
5	1	130	2	1	1	1915	717	183	17	90.502342	ΛΟΓΓΑΝΙΚΟΣ.
3	1	130	3	0	0	1887	751	352	164	-1	
4	1	130	3	1	0	1916	751	319	18	-1	
5	1	130	3	1	1	1916	751	23	18	61.470757	ὍὉ
5	1	130	3	1	2	1960	757	17	12	92.465149	κ.
5	1	130	3	1	3	1998	751	72	18	48.272255	Νικολ.
5	1	130	3	1	4	2091	751	68	18	58.057831	᾿Αθαν.
5	1	130	3	1	5	2182	752	53	17	2.845016	ΊΑνε-
4	1	130	3	2	0	1888	786	349	24	-1	
5	1	130	3	2	1	1888	786	142	24	32.249748	μοδουριὠώτης
5	1	130	3	2	2	2070	786	98	19	70.997162	ἐθάπτισε
5	1	130	3	2	3	2190	787	47	23	96.599327	στὴν
4	1	130	3	3	0	1890	821	347	24	-1	
5	1	130	3	3	1	1890	821	104	18	91.138245	Καθάλλα
5	1	130	3	3	2	2032	822	23	17	87.123230	τὸ
5	1	130	3	3	3	2074	822	110	23	70.815598	κοριτσὰκι
5	1	130	3	3	4	2202	822	35	17	96.700691	τοῦ
4	1	130	3	4	0	1887	857	352	23	-1	
5	1	130	3	4	1	1887	857	69	18	0.000000	'Αθαν.
5	1	130	3	4	2	1996	857	96	23	82.681816	Ροὐμπου
5	1	130	3	4	3	2118	857	121	23	90.184540	καθηγητοῦ
4	1	130	3	5	0	1889	892	349	23	-1	
5	1	130	3	5	1	1889	892	154	23	91.918373	Μαθηματικῶν
5	1	130	3	5	2	2079	892	42	18	89.723480	ἀπὸ
5	1	130	3	5	3	2140	893	35	18	96.417870	τὸν
5	1	130	3	5	4	2193	893	45	22	21.155045	“Άγ.
2	1	131	0	0	0	1887	928	357	1554	-1	
3	1	131	1	0	0	1889	928	351	59	-1	
4	1	131	1	1	0	1891	928	349	23	-1	
5	1	131	1	1	1	1891	928	83	23	83.348572	Κών)νο
5	1	131	1	1	2	1996	928	35	18	93.303879	καὶ
5	1	131	1	1	3	2048	928	67	18	73.711052	ἔδώσε
5	1	131	1	1	4	2132	928	23	17	96.972290	τὸ
5	1	131	1	1	5	2173	928	67	23	96.958755	ὄνομα
4	1	131	1	2	0	1889	964	269	23	-1	
5	1	131	1	2	1	1889	964	80	23	38.047832	"Ἑλένη.
5	1	131	1	2	2	1986	964	33	17	79.178017	Νὰ
5	1	131	1	2	3	2032	964	49	22	96.407486	τοὺς
5	1	131	1	2	4	2095	964	63	23	32.958710	ζήσει.
3	1	131	2	0	0	1887	999	353	95	-1	
4	1	131	2	1	0	1916	999	324	24	-1	
5	1	131	2	1	1	1916	999	88	23	0.000000	"ὌἜγιναν
5	1	131	2	1	2	2017	1000	20	17	91.617393	οἱ
5	1	131	2	1	3	2050	999	65	24	76.476082	γὰμοι
5	1	131	2	1	4	2128	999	36	19	96.669472	τοῦ
5	1	131	2	1	5	2177	999	23	21	36.217419	ΠΠ.
5	1	131	2	1	6	2216	999	24	18	46.887566	Μι
4	1	131	2	2	0	1889	1035	351	24	-1	
5	1	131	2	2	1	1889	1035	103	18	90.130264	κολοὺλια
5	1	131	2	2	2	2008	1035	51	24	96.732536	μετὰ
5	1	131	2	2	3	2073	1035	35	23	96.438408	τῆς
5	1	131	2	2	4	2124	1035	65	24	83.139343	κόρης
5	1	131	2	2	5	2204	1035	36	18	95.996292	τοῦ
4	1	131	2	3	0	1887	1071	147	23	-1	
5	1	131	2	3	1	1887	1071	62	19	71.911438	Λεων.
5	1	131	2	3	2	1964	1071	70	23	81.998138	Φιφλῆ.
3	1	131	3	0	0	1889	1106	352	95	-1	
4	1	131	3	1	0	1917	1106	323	24	-1	
5	1	131	3	1	1	1917	1106	79	18	93.301933	Πέθανε
5	1	131	3	1	2	2014	1107	11	17	90.304947	ὁ
5	1	131	3	1	3	2043	1107	80	22	90.304947	Παναγ,
5	1	131	3	1	4	2140	1106	100	24	81.095215	Περιθολι
4	1	131	3	2	0	1889	1142	352	24	-1	
5	1	131	3	2	1	1889	1142	54	24	22.404335	ὡτης
5	1	131	3	2	2	1959	1143	35	17	96.381088	καὶ
5	1	131	3	2	3	2010	1143	49	23	92.668282	στὴν
5	1	131	3	2	4	2074	1143	87	23	48.172298	᾿Αφϕρικὴ
5	1	131	3	2	5	2180	1142	11	18	92.963165	ὁ
5	1	131	3	2	6	2207	1142	34	18	95.521713	Πα
4	1	131	3	3	0	1889	1178	253	23	-1	
5	1	131	3	3	1	1889	1184	47	16	64.632935	ναγ.
5	1	131	3	3	2	1962	1178	180	23	62.278233	Παπαδὸγιαννης.
3	1	131	4	0	0	1889	1213	350	95	-1	
4	1	131	4	1	0	1918	1213	321	24	-1	
5	1	131	4	1	1	1918	1213	114	18	39.053349	᾿Απεθϊωσε
5	1	131	4	1	2	2053	1214	43	21	95.685875	στὶς
5	1	131	4	1	3	2117	1213	87	18	77.746445	18-12-81
5	1	131	4	1	4	2228	1213	11	24	90.358475	ἡ
4	1	131	4	2	0	1890	1249	347	23	-1	
5	1	131	4	2	1	1890	1249	127	22	25.429672	Παναγιώτα
5	1	131	4	2	2	2038	1249	91	22	90.255104	σὺζυγος
5	1	131	4	2	3	2151	1249	50	23	77.852386	Δημ.
4	1	131	4	3	0	1889	1285	72	23	-1	
5	1	131	4	3	1	1889	1285	72	23	91.560600	ατροῦ.
3	1	131	5	0	0	1920	1320	122	18	-1	
4	1	131	5	1	0	1920	1320	122	18	-1	
5	1	131	5	1	1	1920	1320	122	18	91.864357	ΚΑΣΤΟΡΙ
3	1	131	6	0	0	1889	1355	350	59	-1	
4	1	131	6	1	0	1918	1355	321	24	-1	
5	1	131	6	1	1	1918	1355	79	18	93.303452	Πέθανε
5	1	131	6	1	2	2018	1356	11	17	92.733330	ὁ
5	1	131	6	1	3	2052	1355	93	24	86.328575	Χρῆστος
5	1	131	6	1	4	2182	1355	57	22	86.229736	Λάζα
4	1	131	6	2	0	1889	1390	230	24	-1	
5	1	131	6	2	1	1889	1397	43	17	86.802399	ρης.
5	1	131	6	2	2	1951	1390	168	24	62.190430	Συλλυπητὴρια,
3	1	131	7	0	0	1915	1426	121	18	-1	
4	1	131	7	1	0	1915	1426	121	18	-1	
5	1	131	7	1	1	1915	1426	121	18	92.329552	ΑΛΕΥΡΟΥ
3	1	131	8	0	0	1887	1461	353	273	-1	
4	1	131	8	1	0	1920	1461	320	24	-1	
5	1	131	8	1	1	1920	1462	49	22	92.851303	Στὶς
5	1	131	8	1	2	1989	1461	98	19	92.967178	27-12-81.
5	1	131	8	1	3	2109	1461	131	24	90.227325	Τελέστηκαν
4	1	131	8	2	0	1887	1497	351	24	-1	
5	1	131	8	2	1	1887	1498	20	17	93.294083	οἱ
5	1	131	8	2	2	1925	1498	65	23	70.604630	γὰμοι
5	1	131	8	2	3	2008	1497	36	18	96.341705	τοῦ
5	1	131	8	2	4	2062	1498	23	17	92.783043	ἐκ
5	1	131	8	2	5	2109	1497	129	24	0.000000	ἸΚαστορεὶου
4	1	131	8	3	0	1894	1532	346	24	-1	
5	1	131	8	3	1	1894	1534	98	22	91.725189	λαμπροῦ
5	1	131	8	3	2	2032	1533	49	17	85.215027	νέου
5	1	131	8	3	3	2102	1532	138	22	41.998028	Παναγιώτου
4	1	131	8	4	0	1890	1567	349	24	-1	
5	1	131	8	4	1	1890	1568	85	23	74.129593	Βλάχου
5	1	131	8	4	2	1990	1568	51	23	96.729492	μετὰ
5	1	131	8	4	3	2055	1568	35	22	93.303658	τῆς
5	1	131	8	4	4	2104	1567	135	23	79.274284	ὡραιωτάτης
4	1	131	8	5	0	1887	1602	351	24	-1	
5	1	131	8	5	1	1887	1605	17	18	93.021660	δ.
5	1	131	8	5	2	1925	1604	109	21	77.680870	Ποτοὺλας
5	1	131	8	5	3	2052	1603	81	22	91.840363	Παναγ.
5	1	131	8	5	4	2151	1602	87	24	69.242218	Ζιὰθρα,
4	1	131	8	6	0	1889	1637	350	26	-1	
5	1	131	8	6	1	1889	1640	96	23	85.257431	ἀνάμεσα
5	1	131	8	6	2	2022	1637	24	20	64.459808	σἐ
5	1	131	8	6	3	2082	1638	157	24	57.910660	πολυαρϊθµους
4	1	131	8	7	0	1889	1674	349	24	-1	
5	1	131	8	7	1	1889	1676	110	22	89.748489	συγγενεῖς
5	1	131	8	7	2	2016	1675	35	18	96.703453	καὶ
5	1	131	8	7	3	2068	1674	79	24	60.797779	φίλους.
5	1	131	8	7	4	2166	1674	33	18	85.981422	Νὰ
5	1	131	8	7	5	2215	1674	23	23	89.268524	ζὴ
4	1	131	8	8	0	1889	1711	214	23	-1	
5	1	131	8	8	1	1889	1717	51	13	91.620834	σουν
5	1	131	8	8	2	1957	1711	146	23	92.166107	εὐτυχισμένοι.
3	1	131	9	0	0	1888	1745	351	62	-1	
4	1	131	9	1	0	1915	1745	324	25	-1	
5	1	131	9	1	1	1915	1747	115	18	85.326927	᾿Απεθίωσε
5	1	131	9	1	2	2045	1747	48	23	93.269066	στὴν
5	1	131	9	1	3	2109	1746	103	23	64.580254	᾽Αλευροῦ
5	1	131	9	1	4	2227	1745	12	24	91.536064	ἡ
4	1	131	9	2	0	1888	1783	243	24	-1	
5	1	131	9	2	1	1888	1783	68	24	90.395973	θερμὰ
5	1	131	9	2	2	1969	1783	162	23	86.863953	συλλυπητὴρια.
3	1	131	10	0	0	1915	1819	155	17	-1	
4	1	131	10	1	0	1915	1819	155	17	-1	
5	1	131	10	1	1	1915	1819	155	17	90.636620	ΠΕΡΙΒΟΛΙΑ
3	1	131	11	0	0	1889	1853	353	131	-1	
4	1	131	11	1	0	1918	1853	323	22	-1	
5	1	131	11	1	1	1918	1855	24	17	39.768139	ὍὉ
5	1	131	11	1	2	1959	1855	64	20	93.063034	ΔΗΜ.
5	1	131	11	1	3	2041	1854	18	17	87.449890	Γ.
5	1	131	11	1	4	2076	1853	165	18	78.070053	ΑΝΤΩΝΟΠΟΥ
4	1	131	11	2	0	1889	1888	352	25	-1	
5	1	131	11	2	1	1889	1891	54	17	78.936623	ΛΟΣ
5	1	131	11	2	2	1967	1890	106	23	86.524467	ἀπόκτησε
5	1	131	11	2	3	2094	1889	67	23	88.487282	ὡραῖο
5	1	131	11	2	4	2181	1888	60	23	40.008148	διαµμέ
4	1	131	11	3	0	1890	1923	352	27	-1	
5	1	131	11	3	1	1890	1932	63	18	76.114037	ρισµα
5	1	131	11	3	2	1971	1926	36	23	92.489052	στὴ
5	1	131	11	3	3	2030	1925	94	23	87.805328	Σπὰρτη.
5	1	131	11	3	4	2147	1923	95	24	92.048645	Καλορρὶ
4	1	131	11	4	0	1890	1960	253	24	-1	
5	1	131	11	4	1	1890	1963	45	21	92.740662	ζικο
5	1	131	11	4	2	1954	1968	20	11	96.522713	κι
5	1	131	11	4	3	1991	1961	59	18	96.522713	ἄλλα
5	1	131	11	4	4	2067	1960	76	18	95.332870	πολλὰ.
3	1	131	12	0	0	1916	1997	124	18	-1	
4	1	131	12	1	0	1916	1997	124	18	-1	
5	1	131	12	1	1	1916	1997	124	18	75.024544	ΠΕΛΛΑΝΑ.
3	1	131	13	0	0	1890	2031	353	132	-1	
4	1	131	13	1	0	1916	2031	325	25	-1	
5	1	131	13	1	1	1916	2033	79	17	93.086021	Πέθανε
5	1	131	13	1	2	2030	2032	11	18	79.144440	ὁ
5	1	131	13	1	3	2075	2031	166	25	68.939194	ἀνοιχτόκαρδος
4	1	131	13	2	0	1893	2066	350	26	-1	
5	1	131	13	2	1	1893	2068	171	24	92.464226	ὀργανοπαϊκτης
5	1	131	13	2	2	2105	2066	138	23	86.536362	Παναγιώτης
4	1	131	13	3	0	1890	2103	352	24	-1	
5	1	131	13	3	1	1890	2104	109	23	61.921066	᾽Αλοὐπης,
5	1	131	13	3	2	2018	2103	39	18	92.698273	ποὺ
5	1	131	13	3	3	2074	2103	112	23	90.568962	σκόρπαγε
5	1	131	13	3	4	2202	2108	40	11	95.043716	παν
4	1	131	13	4	0	1891	2139	115	24	-1	
5	1	131	13	4	1	1891	2140	36	17	92.356560	τοῦ
5	1	131	13	4	2	1943	2139	63	24	89.094688	χαρὰ.
3	1	131	14	0	0	1890	2173	354	202	-1	
4	1	131	14	1	0	1923	2173	319	25	-1	
5	1	131	14	1	1	1923	2175	55	23	80.365822	Στὴν
5	1	131	14	1	2	2018	2175	77	22	80.365822	᾿Αθὴνα
5	1	131	14	1	3	2137	2173	105	18	46.528816	ἀπεθϊωσε
4	1	131	14	2	0	1890	2208	352	26	-1	
5	1	131	14	2	1	1890	2211	101	23	15.850868	αἰφνιδὶος
5	1	131	14	2	2	2011	2210	11	18	86.664490	ὁ
5	1	131	14	2	3	2046	2209	125	24	89.079597	Στρατηγὸς
5	1	131	14	2	4	2190	2208	52	24	93.030884	Γιῶρ
4	1	131	14	3	0	1891	2244	352	25	-1	
5	1	131	14	3	1	1891	2252	39	17	80.193420	γος
5	1	131	14	3	2	1952	2245	209	21	90.984772	ΚΑΡΑΓΙΑΝΝΗΣ,
5	1	131	14	3	3	2183	2244	11	18	92.567459	ὁ
5	1	131	14	3	4	2215	2244	28	19	89.964409	ἄλ
4	1	131	14	4	0	1894	2280	348	24	-1	
5	1	131	14	4	1	1894	2282	48	18	92.343735	λοτε
5	1	131	14	4	2	1964	2281	105	23	88.789856	διοικητὴς
5	1	131	14	4	3	2094	2281	49	23	91.981232	στὴν
5	1	131	14	4	4	2166	2280	76	23	11.345596	Κὺὑπρο.
4	1	131	14	5	0	1897	2315	347	26	-1	
5	1	131	14	5	1	1897	2317	74	24	69.026672	Θερμὰ
5	1	131	14	5	2	2012	2316	162	23	32.816574	 συλλυποὺμεθα
5	1	131	14	5	3	2195	2315	49	21	96.865776	τοὺς
4	1	131	14	6	0	1892	2354	150	21	-1	
5	1	131	14	6	1	1892	2354	91	21	49.034649	οἰκείους
5	1	131	14	6	2	1997	2359	45	12	49.817673	τών.
3	1	131	15	0	0	1917	2388	188	22	-1	
4	1	131	15	1	0	1917	2388	188	22	-1	
5	1	131	15	1	1	1917	2389	37	16	89.223755	ΑΓ.
5	1	131	15	1	2	1976	2388	129	22	89.223755	ΚΩΝ)ΜΟΣ
3	1	131	16	0	0	1891	2422	352	60	-1	
4	1	131	16	1	0	1920	2422	323	24	-1	
5	1	131	16	1	1	1920	2423	79	18	93.301697	Πέθανε
5	1	131	16	1	2	2020	2423	12	23	88.943993	ἡ
5	1	131	16	1	3	2057	2422	93	24	79.174179	Κυριὰκο
5	1	131	16	1	4	2186	2422	57	22	79.174179	σὺζυ-
4	1	131	16	2	0	1891	2457	310	25	-1	
5	1	131	16	2	1	1891	2465	40	16	80.209602	Ύος
5	1	131	16	2	2	1947	2459	36	17	96.676476	τοῦ
5	1	131	16	2	3	2001	2459	94	23	88.892197	Χρήστου
5	1	131	16	2	4	2113	2457	88	19	92.315880	Γκλέκα.
2	1	132	0	0	0	1890	2518	352	3	-1	
3	1	132	1	0	0	1890	2518	352	3	-1	
4	1	132	1	1	0	1890	2518	352	3	-1	
5	1	132	1	1	1	1890	2518	352	3	95.000000	 
2	1	133	0	0	0	1888	2546	353	171	-1	
3	1	133	1	0	0	1888	2546	353	171	-1	
4	1	133	1	1	0	1935	2546	305	28	-1	
5	1	133	1	1	1	1935	2549	17	17	76.505844	ϱ
5	1	133	1	1	2	1969	2548	26	20	90.075836	Ἡ
5	1	133	1	1	3	2015	2549	16	25	56.053665	»
5	1	133	1	1	4	2063	2547	72	20	75.514259	ΒΙΚΗ
5	1	133	1	1	5	2165	2546	75	22	88.181450	ΔΙΟΝ.
4	1	133	1	2	0	1889	2582	352	27	-1	
5	1	133	1	2	1	1889	2583	114	22	76.366821	ΜΙΠΙΑΙΚΗ
5	1	133	1	2	2	2024	2582	112	27	73.110886	διορίστηκε
5	1	133	1	2	3	2153	2582	34	21	75.485565	στό
5	1	133	1	2	4	2206	2582	35	20	59.257511	Γε-
4	1	133	1	3	0	1888	2618	353	27	-1	
5	1	133	1	3	1	1888	2618	43	22	65.880981	νικό
5	1	133	1	3	2	1949	2618	120	27	96.491234	Λογιστήριο
5	1	133	1	3	3	2089	2620	36	23	93.290642	τῆς
5	1	133	1	3	4	2142	2618	99	24	19.883057	᾿Εδνυκῆς
4	1	133	1	4	0	1888	2653	353	28	-1	
5	1	133	1	4	1	1888	2654	107	27	63.537754	Πραπέξης
5	1	133	1	4	2	2009	2653	108	24	75.635300	Ἑλλάδος,
5	1	133	1	4	3	2131	2653	61	25	10.644806	Ἰαλή
5	1	133	1	4	4	2205	2661	36	13	96.789612	στα
4	1	133	1	5	0	1890	2689	107	28	-1	
5	1	133	1	5	1	1890	2689	107	28	78.320251	διοδροµία.
2	1	134	0	0	0	1891	2748	353	4	-1	
3	1	134	1	0	0	1891	2748	353	4	-1	
4	1	134	1	1	0	1891	2748	353	4	-1	
5	1	134	1	1	1	1891	2748	353	4	95.000000	 
2	1	135	0	0	0	1890	2776	352	94	-1	
3	1	135	1	0	0	1890	2776	352	94	-1	
4	1	135	1	1	0	1920	2776	322	27	-1	
5	1	135	1	1	1	1920	2780	16	16	82.981781	ϱ
5	1	135	1	1	2	1952	2777	28	22	93.282104	Τό
5	1	135	1	1	3	1997	2777	62	22	35.535751	διθλίο
5	1	135	1	1	4	2077	2779	36	24	96.896416	τῆς
5	1	135	1	1	5	2129	2786	18	13	93.200150	κ.
5	1	135	1	1	6	2163	2778	22	21	2.803802	Τ.
5	1	135	1	1	7	2201	2776	41	22	87.101562	Κού
4	1	135	1	2	0	1890	2812	352	29	-1	
5	1	135	1	2	1	1890	2822	62	19	51.667900	πσαρη
5	1	135	1	2	2	1969	2813	125	27	57.739582	«Ὁδοιπαρία
5	1	135	1	2	3	2108	2813	37	26	90.914215	στή
5	1	135	1	2	4	2160	2812	82	27	71.008972	Μάνη»,
4	1	135	1	3	0	1982	2848	259	22	-1	
5	1	135	1	3	1	1982	2858	3	12	0.000000	;
5	1	135	1	3	2	2003	2849	33	21	13.559341	στό
5	1	135	1	3	3	2054	2849	139	21	29.868523	ιθλιοπωλεῖο
5	1	135	1	3	4	2210	2848	31	20	0.000000	Ῥα
2	1	136	0	0	0	1920	2847	58	23	-1	
3	1	136	1	0	0	1920	2847	58	23	-1	
4	1	136	1	1	0	1920	2847	58	23	-1	
5	1	136	1	1	1	1920	2847	58	23	95.000000	   
2	1	137	0	0	0	1889	2858	352	51	-1	
3	1	137	1	0	0	1889	2858	352	51	-1	
4	1	137	1	1	0	1889	2858	54	13	-1	
5	1	137	1	1	1	1889	2858	54	13	54.837669	πως
4	1	137	1	2	0	2113	2884	128	25	-1	
5	1	137	1	2	1	2113	2884	20	20	78.425316	ΤΠ
5	1	137	1	2	2	2140	2892	101	17	49.926170	ανεπιστη-
2	1	138	0	0	0	2185	2919	57	26	-1	
3	1	138	1	0	0	2185	2919	57	26	-1	
4	1	138	1	1	0	2185	2919	57	26	-1	
5	1	138	1	1	1	2185	2919	57	26	0.000000	λθῇ.
2	1	139	0	0	0	1889	2955	352	28	-1	
3	1	139	1	0	0	1889	2955	352	28	-1	
4	1	139	1	1	0	1889	2955	352	28	-1	
5	1	139	1	1	1	1889	2965	30	12	50.925186	ναι
5	1	139	1	1	2	1937	2956	32	21	92.755211	καὶ
5	1	139	1	1	3	1987	2956	34	26	79.300278	στή
5	1	139	1	1	4	2039	2955	84	28	49.220127	Σπάρτη
5	1	139	1	1	5	2142	2957	43	20	90.941254	στοῦ
5	1	139	1	1	6	2202	2955	39	21	0.000000	ἃα-
2	1	140	0	0	0	1890	2884	194	28	-1	
3	1	140	1	0	0	1890	2884	194	28	-1	
4	1	140	1	1	0	1890	2884	194	28	-1	
5	1	140	1	1	1	1890	2885	108	27	86.892525	σιλινάκου,
5	1	140	1	1	2	2023	2884	61	27	75.223587	γωνία
2	1	141	0	0	0	2178	2921	4	3	-1	
3	1	141	1	0	0	2178	2921	4	3	-1	
4	1	141	1	1	0	2178	2921	4	3	-1	
5	1	141	1	1	1	2178	2921	4	3	95.000000	 
2	1	142	0	0	0	2179	2926	2	2	-1	
3	1	142	1	0	0	2179	2926	2	2	-1	
4	1	142	1	1	0	2179	2926	2	2	-1	
5	1	142	1	1	1	2179	2926	2	2	95.000000	 
2	1	143	0	0	0	1890	2919	270	28	-1	
3	1	143	1	0	0	1890	2919	270	28	-1	
4	1	143	1	1	0	1890	2919	270	28	-1	
5	1	143	1	1	1	1890	2920	40	27	70.338943	μήου
5	1	143	1	1	2	1948	2920	32	22	0.000000	γαΐ
5	1	143	1	1	3	1997	2919	163	27	63.276791	Πεσματζόγλου,
2	1	144	0	0	0	1892	2991	107	28	-1	
3	1	144	1	0	0	1892	2991	107	28	-1	
4	1	144	1	1	0	1892	2991	107	28	-1	
5	1	144	1	1	1	1892	2991	107	28	48.762974	μπατάκου,
