level	page_num	block_num	par_num	line_num	word_num	left	top	width	height	conf	text
1	1	0	0	0	0	0	0	2303	3287	-1	
2	1	1	0	0	0	39	23	250	25	-1	
3	1	1	1	0	0	39	23	250	25	-1	
4	1	1	1	1	0	39	23	250	25	-1	
5	1	1	1	1	1	39	27	42	21	92.408791	πο
5	1	1	1	1	2	98	23	191	24	85.347809	ΓΕΩΡΓΙΤΣΙ
2	1	2	0	0	0	105	108	583	75	-1	
3	1	2	1	0	0	105	108	583	75	-1	
4	1	2	1	1	0	105	108	583	75	-1	
5	1	2	1	1	1	105	117	38	57	63.671715	Ἡ
5	1	2	1	1	2	165	115	60	68	0.000000	[ἱ
5	1	2	1	1	3	247	113	85	68	59.979019	ὕψη
5	1	2	1	1	4	354	111	71	58	79.413536	το
5	1	2	1	1	5	447	108	241	68	0.000000	ΙθΠΙΗΤΕς
2	1	3	0	0	0	76	210	642	34	-1	
3	1	3	1	0	0	76	210	642	34	-1	
4	1	3	1	1	0	76	210	642	34	-1	
5	1	3	1	1	1	76	223	90	21	43.937000	ποῦκ.
5	1	3	1	1	2	184	218	117	23	93.261757	ΚΩΣΤΑ
5	1	3	1	1	3	313	210	405	28	42.092110	ΠΑΠΑΘΕΟΦΙΔΟΠΟΥ4ΟΥ
2	1	4	0	0	0	44	263	724	609	-1	
3	1	4	1	0	0	44	263	724	609	-1	
4	1	4	1	1	0	75	263	679	37	-1	
5	1	4	1	1	1	75	275	62	21	32.481544	2Αστό
5	1	4	1	1	2	152	274	120	26	91.781540	ἐπίσημες
5	1	4	1	1	3	284	269	158	27	93.297966	στατιστικές
5	1	4	1	1	4	454	267	138	27	76.601868	προκύσετει
5	1	4	1	1	5	604	265	37	21	93.284592	ὅτι
5	1	4	1	1	6	655	264	14	27	65.771210	ἢ
5	1	4	1	1	7	682	263	72	28	95.222786	χώρα
4	1	4	1	2	0	44	299	709	40	-1	
5	1	4	1	2	1	44	320	56	19	91.666168	µας,
5	1	4	1	2	2	117	311	28	21	87.852623	σέ
5	1	4	1	2	3	162	310	117	26	89.931313	σύγκρισι
5	1	4	1	2	4	291	307	29	28	87.830429	µέ
5	1	4	1	2	5	337	306	74	26	92.585205	ἄλλες
5	1	4	1	2	6	428	305	85	27	92.367188	χῶρες
5	1	4	1	2	7	530	302	111	27	91.632347	(αἴφνης
5	1	4	1	2	8	657	299	96	27	62.909447	᾿Αμερι-
4	1	4	1	3	0	46	336	709	39	-1	
5	1	4	1	3	1	46	348	59	27	87.761108	κή),
5	1	4	1	3	2	122	346	41	21	82.164413	καί
5	1	4	1	3	3	180	345	27	21	93.244637	σέ
5	1	4	1	3	4	224	344	71	27	70.832924	σχέσι
5	1	4	1	3	5	308	342	30	28	87.435089	µέ
5	1	4	1	3	6	355	342	26	21	95.608498	τό
5	1	4	1	3	7	394	338	128	29	74.892151	πληθυσμό
5	1	4	1	3	8	559	345	55	19	92.079788	της,
5	1	4	1	3	9	655	336	100	26	50.485237	ἔρθχεται
4	1	4	1	4	0	46	370	710	41	-1	
5	1	4	1	4	1	46	383	85	28	93.298920	πρώτη
5	1	4	1	4	2	143	381	60	28	92.429565	οτήν
5	1	4	1	4	3	219	379	112	27	90.897972	ἀναίρεσι
5	1	4	1	4	4	344	379	47	25	96.282318	τῆς
5	1	4	1	4	5	404	374	144	29	86.733994	ἰσορροπίας
5	1	4	1	4	6	562	373	48	21	92.570114	πού
5	1	4	1	4	7	622	371	90	28	96.766663	πρέπει
5	1	4	1	4	8	726	370	30	21	96.194252	νά
4	1	4	1	5	0	49	407	708	39	-1	
5	1	4	1	5	1	49	419	106	27	88.542229	ὑπάρχει
5	1	4	1	5	2	173	417	111	26	92.229515	ἀνάμεσα
5	1	4	1	5	3	297	416	43	19	96.615395	τοῦ
5	1	4	1	5	4	358	412	144	27	88.062775	πληθυσμοῦ
5	1	4	1	5	5	517	411	44	20	80.889549	τοῦ
5	1	4	1	5	6	603	407	154	27	53.835686	ἐπαρχιακοῦ
4	1	4	1	6	0	49	441	708	42	-1	
5	1	4	1	6	1	49	455	84	28	96.420631	χώρου
5	1	4	1	6	2	149	461	46	19	96.755203	της
5	1	4	1	6	3	213	451	43	22	96.024147	καί
5	1	4	1	6	4	274	451	50	21	95.465134	τῶν
5	1	4	1	6	5	337	448	62	23	96.444199	πολύ
5	1	4	1	6	6	419	446	116	29	54.319588	μεγάλων
5	1	4	1	6	7	550	444	98	22	95.825584	πόλεων
5	1	4	1	6	8	668	442	34	21	67.693298	κ
5	1	4	1	6	9	732	441	25	21	91.268829	ἓν
4	1	4	1	7	0	49	480	710	38	-1	
5	1	4	1	7	1	49	489	157	29	24.299080	προκειμένω
5	1	4	1	7	2	224	489	48	25	96.086761	τῆς
5	1	4	1	7	3	284	483	182	30	89.838058	πρωτεύουσάς
5	1	4	1	7	4	483	490	54	23	92.749512	της.
5	1	4	1	7	5	568	480	83	21	81.919624	"Όταν
5	1	4	1	7	6	671	486	88	18	0.000000	παταρ-
4	1	4	1	8	0	52	512	706	42	-1	
5	1	4	1	8	1	52	528	79	26	91.761963	γεῖται
5	1	4	1	8	2	143	524	62	27	91.761963	αὐτή
5	1	4	1	8	3	223	523	15	27	58.916557	ἡ
5	1	4	1	8	4	255	521	89	28	59.230629	λογική
5	1	4	1	8	5	361	518	129	29	86.145523	ἰσορροπία
5	1	4	1	8	6	508	517	42	21	95.352333	καί
5	1	4	1	8	7	565	514	143	29	9.094460	συμμετρία,
5	1	4	1	8	8	733	512	25	28	70.741821	μ
4	1	4	1	9	0	53	548	709	39	-1	
5	1	4	1	9	1	53	561	154	26	33.058197	ἀποτέλεσμα
5	1	4	1	9	2	225	559	27	21	93.292702	τό
5	1	4	1	9	3	269	555	144	30	55.992107	γιγαντισµό
5	1	4	1	9	4	431	556	48	25	96.604958	τῆς
5	1	4	1	9	5	504	551	181	28	95.953651	πρωτεύουσας
5	1	4	1	9	6	719	548	43	21	87.584007	καί
4	1	4	1	10	0	53	585	709	39	-1	
5	1	4	1	10	1	53	598	45	26	93.297516	τήν
5	1	4	1	10	2	113	596	142	26	86.649452	ἀντίστοιχη
5	1	4	1	10	3	272	593	111	27	91.064445	ἐρήμωσι
5	1	4	1	10	4	393	592	48	26	95.850731	τῆς
5	1	4	1	10	5	454	588	131	28	91.000877	ἐπαρχίας,
5	1	4	1	10	6	604	585	158	23	22.832901	ἀναρύσιτουν
4	1	4	1	11	0	55	619	707	40	-1	
5	1	4	1	11	1	55	633	115	26	90.555687	πλεῖστες
5	1	4	1	11	2	185	631	59	26	90.431870	ὅσες
5	1	4	1	11	3	264	628	182	27	88.627182	κακοδαίµονες
5	1	4	1	11	4	462	623	168	26	95.961639	καταστάσεις
5	1	4	1	11	5	650	621	41	28	88.336197	γιά
5	1	4	1	11	6	733	619	29	27	88.336197	τή
4	1	4	1	12	0	56	652	705	45	-1	
5	1	4	1	12	1	56	667	147	30	64.602493	µεγαλόπολι
5	1	4	1	12	2	221	665	42	21	91.622864	καί
5	1	4	1	12	3	276	662	129	30	64.240662	µαρασµός
5	1	4	1	12	4	425	663	47	25	91.681435	τῆς
5	1	4	1	12	5	493	659	158	27	89.188004	ἐπαρχιακῆς
5	1	4	1	12	6	684	652	77	35	90.598587	ξωῆς.
4	1	4	1	13	0	58	692	706	38	-1	
5	1	4	1	13	1	58	704	81	26	92.277901	Αὐτές
5	1	4	1	13	2	156	703	22	20	92.876427	οἳ
5	1	4	1	13	3	192	700	168	26	93.296715	καταστάσεις
5	1	4	1	13	4	377	697	127	28	90.464622	ἐρεθίξουν
5	1	4	1	13	5	518	695	38	26	76.508911	τί
5	1	4	1	13	6	597	692	167	26	92.345512	συνειδήσεις,
4	1	4	1	14	0	61	728	705	36	-1	
5	1	4	1	14	1	61	740	21	20	92.889053	οἳ
5	1	4	1	14	2	94	739	84	25	26.863434	ὁποῖες
5	1	4	1	14	3	191	745	25	12	65.126434	κι
5	1	4	1	14	4	226	736	138	25	84.653625	ἀποξητοῦν
5	1	4	1	14	5	376	733	45	26	96.813461	τήν
5	1	4	1	14	6	436	731	122	21	75.403053	ἐκτόνωσι
5	1	4	1	14	7	570	729	47	20	94.987587	ἀπό
5	1	4	1	14	8	629	728	27	20	84.925697	τό
5	1	4	1	14	9	669	733	97	20	15.874443	συµσειε-
4	1	4	1	15	0	60	760	707	41	-1	
5	1	4	1	15	1	60	774	44	27	67.226013	σµό
5	1	4	1	15	2	118	775	46	25	96.659813	τῆς
5	1	4	1	15	3	189	773	69	25	74.297127	ζωῆς
5	1	4	1	15	4	271	770	44	21	93.262909	στά
5	1	4	1	15	5	330	768	123	27	74.835136	θέλγητρα
5	1	4	1	15	6	465	767	43	20	93.290657	τοῦ
5	1	4	1	15	7	525	764	110	28	90.050301	φυσικοῦ
5	1	4	1	15	8	649	770	25	13	88.427658	κι
5	1	4	1	15	9	685	760	82	27	80.976105	ἀνθρώ
4	1	4	1	16	0	60	796	708	39	-1	
5	1	4	1	16	1	60	817	70	15	92.274910	πινου
5	1	4	1	16	2	146	808	136	27	67.473389	περίγυρου
5	1	4	1	16	3	298	806	43	20	93.268181	τοῦ
5	1	4	1	16	4	353	804	105	28	86.547478	χωριοῦ,
5	1	4	1	16	5	474	801	43	21	80.430695	στόὀ
5	1	4	1	16	6	534	799	110	22	57.718170	θασίλειο
5	1	4	1	16	7	657	799	47	25	93.293922	τῆς
5	1	4	1	16	8	722	796	46	27	47.130665	φύ-
4	1	4	1	17	0	62	853	74	19	-1	
5	1	4	1	17	1	62	853	74	19	87.869148	σεως.
2	1	5	0	0	0	65	884	712	324	-1	
3	1	5	1	0	0	65	884	712	324	-1	
4	1	5	1	1	0	92	884	678	41	-1	
5	1	5	1	1	1	92	898	67	26	91.155663	Στήν
5	1	5	1	1	2	182	894	118	26	73.952103	"Ἑλλάδα,
5	1	5	1	1	3	322	891	219	34	90.805267	ἀναμφισθήτητα,
5	1	5	1	1	4	558	888	26	21	96.638145	τό
5	1	5	1	1	5	602	886	63	22	87.073196	κακό
5	1	5	1	1	6	687	887	47	25	93.293892	τῆς
5	1	5	1	1	7	747	884	23	21	88.997665	ᾱ-
4	1	5	1	2	0	65	922	707	38	-1	
5	1	5	1	2	1	65	933	133	27	76.239990	στυφιλίας
5	1	5	1	2	2	214	932	54	26	93.295273	ἔχει
5	1	5	1	2	3	285	928	137	29	31.932976	προσλάθει
5	1	5	1	2	4	441	925	136	27	91.062187	ἀσυνήθεις
5	1	5	1	2	5	593	923	34	21	63.644661	κ
5	1	5	1	2	6	650	922	122	26	24.674599	ἀνησυχα-
4	1	5	1	3	0	65	956	708	40	-1	
5	1	5	1	3	1	65	969	85	27	90.138214	στικές
5	1	5	1	3	2	164	967	153	26	96.487503	διαστάσεις,
5	1	5	1	3	3	333	964	41	28	91.442139	γιά
5	1	5	1	3	4	390	962	109	27	96.658722	πολλούς
5	1	5	1	3	5	516	960	43	21	33.432770	καί
5	1	5	1	3	6	576	958	146	26	47.272778	σιοικίλλους
5	1	5	1	3	7	736	956	37	21	63.836521	λό-
4	1	5	1	4	0	66	995	709	38	-1	
5	1	5	1	4	1	66	1013	68	20	92.327927	γους.
5	1	5	1	4	2	151	1002	127	28	96.176025	Συνήθως
5	1	5	1	4	3	292	1001	42	21	3.737579	καί
5	1	5	1	4	4	346	1000	67	26	79.421570	λόγω
5	1	5	1	4	5	425	995	219	29	0.000000	Ἀποθαθμισμένης
5	1	5	1	4	6	659	1000	116	21	86.969040	µορφωτι
4	1	5	1	5	0	66	1027	709	41	-1	
5	1	5	1	5	1	66	1042	50	26	83.480698	κῆς
5	1	5	1	5	2	132	1039	111	27	91.288025	στάθµης
5	1	5	1	5	3	258	1039	43	19	93.288895	τοῦ
5	1	5	1	5	4	315	1035	151	26	37.842819	“Ἑλληνιιοῦ
5	1	5	1	5	5	480	1033	70	24	12.585495	λαοῦ,
5	1	5	1	5	6	569	1030	42	21	93.297981	δέν
5	1	5	1	5	7	625	1027	150	29	50.908009	πρυτανεύει
4	1	5	1	6	0	67	1063	709	41	-1	
5	1	5	1	6	1	67	1077	14	27	60.395477	ᾗ
5	1	5	1	6	2	106	1075	89	28	92.696678	λογική
5	1	5	1	6	3	211	1082	25	12	92.071213	κι
5	1	5	1	6	4	252	1073	15	27	24.800407	ἤ
5	1	5	1	6	5	286	1072	85	21	91.912407	σύνεσι
5	1	5	1	6	6	385	1070	65	21	55.292831	κατά
5	1	5	1	6	7	465	1068	45	27	93.297600	τήν
5	1	5	1	6	8	526	1066	102	27	91.038689	ἐπιλογή
5	1	5	1	6	9	641	1066	47	25	92.738495	τῆς
5	1	5	1	6	10	703	1063	73	26	87.749367	ἔπαγ-
4	1	5	1	7	0	697	1100	78	25	-1	
5	1	5	1	7	1	697	1100	78	25	75.848877	ξωῆς.
4	1	5	1	8	0	524	1134	253	32	-1	
5	1	5	1	8	1	524	1137	184	29	60.359516	μεταφέρονται
5	1	5	1	8	2	736	1134	41	21	68.471695	καί
4	1	5	1	9	0	70	1167	663	41	-1	
5	1	5	1	9	1	70	1183	172	25	88.074371	στοιξάξονται
5	1	5	1	9	2	258	1180	64	27	95.195328	µέσα
5	1	5	1	9	3	341	1178	46	21	96.544243	στά
5	1	5	1	9	4	399	1177	71	26	94.845375	τείχη
5	1	5	1	9	5	487	1177	47	25	95.707588	τῆς
5	1	5	1	9	6	552	1167	181	38	58.153366	µεγαλόπολης.
2	1	6	0	0	0	69	1101	583	71	-1	
3	1	6	1	0	0	69	1101	583	71	-1	
4	1	6	1	1	0	69	1101	583	39	-1	
5	1	6	1	1	1	69	1112	152	28	34.299438	γελματιωκῆς
5	1	6	1	1	2	240	1107	187	26	85.024330	τακτοποίησης
5	1	6	1	1	3	446	1104	42	21	67.223434	καί
5	1	6	1	1	4	502	1105	42	20	96.016327	τοῦ
5	1	6	1	1	5	561	1101	91	28	89.814140	τρόπου
4	1	6	1	2	0	69	1141	414	31	-1	
5	1	6	1	2	1	69	1148	31	22	78.603989	Οἳ
5	1	6	1	2	2	115	1146	60	26	94.946297	νέοι,
5	1	6	1	2	3	195	1145	48	22	94.241493	πού
5	1	6	1	2	4	263	1143	64	22	72.421165	κατά
5	1	6	1	2	5	343	1141	140	28	88.942757	καραθάνια
2	1	7	0	0	0	71	1206	709	218	-1	
3	1	7	1	0	0	71	1206	709	218	-1	
4	1	7	1	1	0	100	1206	679	38	-1	
5	1	7	1	1	1	100	1217	162	27	53.244431	Οἰκονομωιοί
5	1	7	1	1	2	278	1215	78	27	88.965714	λόγοι,
5	1	7	1	1	3	376	1213	44	21	90.366936	σάν
5	1	7	1	1	4	436	1211	79	27	79.221497	αἰτίες
5	1	7	1	1	5	529	1210	88	27	90.667297	φυγῆς
5	1	7	1	1	6	635	1207	41	22	45.678371	ἄπ᾿
5	1	7	1	1	7	693	1206	26	21	93.278328	τό
5	1	7	1	1	8	731	1214	48	19	78.934937	χω-
4	1	7	1	2	0	71	1242	708	41	-1	
5	1	7	1	2	1	71	1255	37	28	90.595665	οιό
5	1	7	1	2	2	122	1254	138	26	90.735863	ὑπάρχουν,
5	1	7	1	2	3	277	1251	39	27	97.014435	ὄχι
5	1	7	1	2	4	328	1250	67	27	96.753006	ὅμως
5	1	7	1	2	5	409	1248	45	21	96.442009	στά
5	1	7	1	2	6	470	1247	76	28	92.293999	µέτρα
5	1	7	1	2	7	558	1245	48	22	96.449196	πού
5	1	7	1	2	8	620	1243	60	27	93.278000	τούς
5	1	7	1	2	9	696	1242	83	21	88.598763	ἔπικα-
4	1	7	1	3	0	71	1273	708	43	-1	
5	1	7	1	3	1	71	1291	109	24	79.795105	λοῦνται,
5	1	7	1	3	2	202	1288	41	28	95.555946	γιά
5	1	7	1	3	3	261	1287	30	21	87.260101	νά
5	1	7	1	3	4	306	1284	208	27	92.032433	δικαιολογήσουν
5	1	7	1	3	5	552	1281	45	27	92.032433	τήν
5	1	7	1	3	6	628	1273	151	37	80.484322	ἀποστοοφή
4	1	7	1	4	0	73	1315	706	38	-1	
5	1	7	1	4	1	73	1334	58	19	96.693436	τους
5	1	7	1	4	2	141	1325	63	28	96.712303	πρός
5	1	7	1	4	3	219	1324	27	21	95.872803	τό
5	1	7	1	4	4	261	1322	88	28	63.731617	χωριό,
5	1	7	1	4	5	364	1320	48	22	67.880402	σού
5	1	7	1	4	6	431	1318	118	27	82.231575	συνήθως
5	1	7	1	4	7	584	1315	195	28	64.307076	δημιουθγεῖται,
4	1	7	1	5	0	73	1348	707	38	-1	
5	1	7	1	5	1	73	1362	57	21	96.755905	ὅταν
5	1	7	1	5	2	144	1361	41	21	93.266914	δέν
5	1	7	1	5	3	202	1359	109	27	89.492874	ὑπάρχει
5	1	7	1	5	4	327	1355	90	28	93.290649	συνετή
5	1	7	1	5	5	434	1355	42	21	2.318283	παΐ
5	1	7	1	5	6	492	1352	89	28	38.922863	λογική
5	1	7	1	5	7	597	1351	120	27	88.246109	ἐκτίμηση
5	1	7	1	5	8	746	1348	34	21	73.413483	κι
4	1	7	1	6	0	74	1391	463	33	-1	
5	1	7	1	6	1	74	1397	149	27	92.464592	ἀξιολόγηση
5	1	7	1	6	2	239	1396	47	25	93.300163	τῆς
5	1	7	1	6	3	296	1391	241	29	70.536575	πραγµατικότητος.
2	1	8	0	0	0	76	1438	729	468	-1	
3	1	8	1	0	0	76	1438	729	468	-1	
4	1	8	1	1	0	110	1438	672	37	-1	
5	1	8	1	1	1	110	1450	34	21	49.495506	ἵἩ
5	1	8	1	1	2	164	1449	85	26	55.893215	ἀθρόα,
5	1	8	1	1	3	267	1446	105	28	70.741516	ὁμαδική
5	1	8	1	1	4	394	1444	70	28	93.448425	φυγή
5	1	8	1	1	5	480	1442	64	27	24.209030	πρός
5	1	8	1	1	6	563	1441	29	27	92.005966	τή
5	1	8	1	1	7	608	1438	174	29	53.792366	ποωτεύουσα,
4	1	8	1	2	0	76	1473	709	40	-1	
5	1	8	1	2	1	76	1485	175	28	92.106155	προκαλέσασα
5	1	8	1	2	2	266	1483	44	21	89.017479	ἕνα
5	1	8	1	2	3	321	1478	178	24	41.470749	κατατιεστικό
5	1	8	1	2	4	514	1475	142	28	48.986813	οἰκοδομικό
5	1	8	1	2	5	670	1474	42	21	37.398781	καΐ
5	1	8	1	2	6	727	1473	58	26	69.052124	σελη-
4	1	8	1	3	0	76	1511	709	38	-1	
5	1	8	1	3	1	76	1521	122	28	80.030304	θυσµιακό
5	1	8	1	3	2	212	1517	155	28	78.171051	συνωστισµό
5	1	8	1	3	3	384	1515	75	27	96.181450	στούς
5	1	8	1	3	4	472	1512	105	28	96.701317	στενούς
5	1	8	1	3	5	591	1511	101	28	96.606445	χώρους
5	1	8	1	3	6	730	1516	55	19	93.523170	της,
4	1	8	1	4	0	79	1532	721	53	-1	
5	1	8	1	4	1	79	1557	180	28	92.814331	ἐδημιούργησε
5	1	8	1	4	2	273	1554	104	21	83.288597	πλεῖστα
5	1	8	1	4	3	394	1552	44	20	96.966583	ὅσα
5	1	8	1	4	4	449	1548	164	29	49.403873	σροθλήµατα
5	1	8	1	4	5	630	1546	41	21	94.968307	καί
5	1	8	1	4	6	690	1532	110	36	0.000000	συνετέ:]
4	1	8	1	5	0	79	1574	722	45	-1	
5	1	8	1	5	1	79	1594	57	22	83.259155	λεσε
5	1	8	1	5	2	155	1592	61	27	93.299202	στήν
5	1	8	1	5	3	230	1589	157	27	58.338425	ὑποδάθμιση
5	1	8	1	5	4	407	1588	47	26	96.759010	τῆς
5	1	8	1	5	5	467	1585	135	26	95.918777	ποιότητας
5	1	8	1	5	6	643	1583	47	25	93.248314	τῆς
5	1	8	1	5	7	720	1574	81	32	26.538818	ἑωῆς])
4	1	8	1	6	0	81	1607	721	44	-1	
5	1	8	1	6	1	81	1630	49	19	96.964485	τῶν
5	1	8	1	6	2	144	1627	126	21	68.288589	κατοίκων
5	1	8	1	6	3	288	1632	54	19	96.618820	της,
5	1	8	1	6	4	360	1623	55	26	82.440102	στίς
5	1	8	1	6	5	431	1620	129	25	88.240349	ποικῖλλες
5	1	8	1	6	6	579	1617	140	27	20.023788	ἐχφάνσεις
5	1	8	1	6	7	733	1622	54	19	85.565559	τῆς.
5	1	8	1	6	8	800	1607	2	16	62.680416	|
4	1	8	1	7	0	83	1648	706	42	-1	
5	1	8	1	7	1	83	1664	34	21	20.707108	ἵἩ]
5	1	8	1	7	2	134	1663	124	27	71.307381	ἀκρότητα
5	1	8	1	7	3	271	1662	43	20	93.295395	τοῦ
5	1	8	1	7	4	332	1660	80	20	83.322266	κακοῦ
5	1	8	1	7	5	426	1655	152	28	34.585785	ὑπαγορεύει
5	1	8	1	7	6	595	1653	45	27	93.291878	τήν
5	1	8	1	7	7	658	1651	96	27	88.913162	ἀνάγκη
5	1	8	1	7	8	769	1648	20	22	86.007187	ἓ-
4	1	8	1	8	0	82	1686	722	39	-1	
5	1	8	1	8	1	82	1699	187	26	37.681011	πανεκτίµησης
5	1	8	1	8	2	283	1697	48	26	93.295441	τῆς
5	1	8	1	8	3	347	1694	73	26	61.139343	ἀξίας
5	1	8	1	8	4	431	1694	43	20	96.367294	τοῦ
5	1	8	1	8	5	491	1691	95	27	92.316788	χωριοῦ
5	1	8	1	8	6	605	1688	42	21	20.802307	καί
5	1	8	1	8	7	661	1689	43	19	93.260216	τοῦ
5	1	8	1	8	8	721	1686	83	27	79.893921	ὕσαι-
5	1	8	1	8	9	797	1682	10	40	95.791496	|
4	1	8	1	9	0	83	1720	709	43	-1	
5	1	8	1	9	1	83	1736	68	27	81.064514	θρου.
5	1	8	1	9	2	172	1733	70	27	62.750896	"Ἠδη
5	1	8	1	9	3	265	1731	96	28	88.441696	ἀρχίξει
5	1	8	1	9	4	382	1729	30	22	68.527031	νά
5	1	8	1	9	5	428	1726	204	29	67.993378	διαμορφώνεται
5	1	8	1	9	6	663	1723	43	28	71.601852	µιά
5	1	8	1	9	7	748	1720	44	22	85.340736	γέα
4	1	8	1	10	0	85	1759	720	38	-1	
5	1	8	1	10	1	85	1770	133	27	86.034409	συνείδηση
5	1	8	1	10	2	232	1768	42	22	90.630615	στό
5	1	8	1	10	3	289	1767	45	21	81.550980	Λαό
5	1	8	1	10	4	349	1766	41	27	96.750748	γιά
5	1	8	1	10	5	406	1764	28	27	93.276451	τή
5	1	8	1	10	6	453	1762	143	29	89.990044	προέχουσα
5	1	8	1	10	7	611	1760	56	25	91.849335	ἀξία
5	1	8	1	10	8	684	1759	43	20	93.290199	τοῦ
5	1	8	1	10	9	745	1765	60	19	61.152832	χω-
5	1	8	1	10	10	796	1753	12	36	61.152832	|
4	1	8	1	11	0	85	1779	720	56	-1	
5	1	8	1	11	1	85	1809	53	26	50.622002	ριοῦ
5	1	8	1	11	2	155	1806	43	21	86.164162	καί
5	1	8	1	11	3	210	1805	46	27	96.517754	τήν
5	1	8	1	11	4	277	1801	174	28	54.000793	ἀνωτερότητα
5	1	8	1	11	5	469	1800	48	26	92.745552	τῆς
5	1	8	1	11	6	542	1796	135	27	45.045834	ὁπαίθριας
5	1	8	1	11	7	714	1779	69	45	32.508301	ἑωῆς.
5	1	8	1	11	8	796	1783	9	30	93.222893	|
4	1	8	1	12	0	86	1830	709	38	-1	
5	1	8	1	12	1	86	1842	93	22	0.000000	ΤΠολλοί
5	1	8	1	12	2	193	1841	110	27	93.212585	γίνονται
5	1	8	1	12	3	317	1836	132	28	92.806297	νοσταλγοί
5	1	8	1	12	4	459	1836	50	20	93.278343	τῶν
5	1	8	1	12	5	525	1833	96	22	65.881042	παλιῶν
5	1	8	1	12	6	639	1830	100	28	70.897797	ὥραίων
5	1	8	1	12	7	754	1836	41	13	93.885147	και
4	1	8	1	13	0	87	1865	666	41	-1	
5	1	8	1	13	1	87	1880	60	26	72.101501	οῶν,
5	1	8	1	13	2	164	1878	61	20	93.172653	ὅπου
5	1	8	1	13	3	254	1875	84	25	90.704056	ἄνθιξε
5	1	8	1	13	4	351	1873	15	27	0.000000	ἤ
5	1	8	1	13	5	385	1871	97	29	95.724480	φυσική
5	1	8	1	13	6	500	1869	52	27	45.753132	ζωή
5	1	8	1	13	7	564	1869	43	21	93.298195	τοῦ
5	1	8	1	13	8	622	1865	131	27	81.668327	ὕπαιθρου.
2	1	9	0	0	0	90	1919	712	319	-1	
3	1	9	1	0	0	90	1919	712	290	-1	
4	1	9	1	1	0	118	1919	680	38	-1	
5	1	9	1	1	1	118	1931	70	26	79.509056	"Ἠδη
5	1	9	1	1	2	202	1930	14	27	79.049622	ἡ
5	1	9	1	1	3	232	1928	121	25	93.101067	πολιτεία,
5	1	9	1	1	4	365	1926	29	28	88.249809	µέ
5	1	9	1	1	5	408	1925	27	22	96.192078	τό
5	1	9	1	1	6	451	1923	74	28	82.332512	θεσµό
5	1	9	1	1	7	538	1923	48	26	93.299583	τῆς
5	1	9	1	1	8	597	1919	201	26	88.802078	Αὐτοδιοίκήσης
4	1	9	1	2	0	90	1954	709	37	-1	
5	1	9	1	2	1	90	1968	33	21	36.819057	χι
5	1	9	1	2	2	147	1965	222	26	78.172050	᾿Αποκέντρωσης,
5	1	9	1	2	3	391	1960	130	23	41.773941	ἐπιδιώκει
5	1	9	1	2	4	536	1958	27	22	96.610031	τό
5	1	9	1	2	5	578	1955	143	29	43.366989	περιορισμό
5	1	9	1	2	6	752	1954	47	26	96.350060	τῆς
4	1	9	1	3	0	91	1988	708	42	-1	
5	1	9	1	3	1	91	2002	151	28	78.014214	ἀστυφιλίας
5	1	9	1	3	2	257	2000	42	21	77.369377	καΐ
5	1	9	1	3	3	309	1999	46	27	93.289017	τήν
5	1	9	1	3	4	370	1995	193	26	91.380859	ἀποκατάσταση
5	1	9	1	3	5	577	1994	47	26	93.639114	τῆς
5	1	9	1	3	6	638	1988	161	29	91.438812	διαταραχθεί
4	1	9	1	4	0	92	2024	707	42	-1	
5	1	9	1	4	1	92	2047	46	19	93.301537	σης
5	1	9	1	4	2	155	2036	145	28	90.963150	ἰσορροπίας
5	1	9	1	4	3	317	2035	110	26	91.563576	ἀνάμεσα
5	1	9	1	4	4	447	2030	123	27	63.031799	ὄπαιθρου
5	1	9	1	4	5	592	2028	42	21	84.467384	καί
5	1	9	1	4	6	666	2024	133	30	50.671776	µεγαλόπο-
4	1	9	1	5	0	91	2060	709	42	-1	
5	1	9	1	5	1	91	2075	54	27	48.703720	λης,
5	1	9	1	5	2	164	2074	41	27	96.178734	γιά
5	1	9	1	5	3	221	2073	31	21	93.301033	νά
5	1	9	1	5	4	265	2070	173	27	89.798065	ἐξοθελιστοῦν
5	1	9	1	5	5	457	2067	57	26	90.815201	ὅλες
5	1	9	1	5	6	534	2064	76	27	40.096622	αὗτές
5	1	9	1	5	7	628	2063	23	22	88.210709	οἳ
5	1	9	1	5	8	681	2060	119	28	88.210709	ἀπαράδε-
4	1	9	1	6	0	93	2098	708	41	-1	
5	1	9	1	6	1	93	2119	59	20	96.716843	χτες
5	1	9	1	6	2	167	2108	168	25	89.218803	καταστάσεις
5	1	9	1	6	3	348	2105	48	22	88.744202	πού
5	1	9	1	6	4	416	2103	121	27	91.048508	ἐνδημοῦν
5	1	9	1	6	5	557	2100	43	22	45.784569	στό
5	1	9	1	6	6	618	2100	68	27	92.584503	χῶρο
5	1	9	1	6	7	704	2098	47	26	92.531853	τῆς
5	1	9	1	6	8	762	2104	39	19	88.646210	µε-
4	1	9	1	7	0	94	2133	708	41	-1	
5	1	9	1	7	1	94	2145	140	29	91.252174	γαλόπολης
5	1	9	1	7	2	250	2152	25	13	77.198372	κι
5	1	9	1	7	3	290	2142	15	28	54.959167	ἤ
5	1	9	1	7	4	319	2140	107	28	91.269630	ἐπαρχία
5	1	9	1	7	5	444	2138	100	27	89.928558	ἀνεύρει
5	1	9	1	7	6	562	2136	27	22	95.379684	τό
5	1	9	1	7	7	606	2134	71	23	92.175545	παλιό
5	1	9	1	7	8	707	2133	95	27	90.000069	ὅμορφο
4	1	9	1	8	0	94	2168	707	41	-1	
5	1	9	1	8	1	94	2182	76	27	59.102383	ουθµό
5	1	9	1	8	2	183	2189	46	18	93.301254	της
5	1	9	1	8	3	241	2179	43	21	82.172958	καΐ
5	1	9	1	8	4	298	2178	29	27	96.909157	τή
5	1	9	1	8	5	343	2176	106	22	95.935837	πλούσια
5	1	9	1	8	6	465	2174	42	21	73.370857	καί
5	1	9	1	8	7	521	2170	147	29	50.234661	πληθωρική
5	1	9	1	8	8	681	2168	52	27	86.905701	ζωή
5	1	9	1	8	9	747	2175	54	19	86.829536	της.
3	1	9	2	0	0	167	2204	571	34	-1	
4	1	9	2	1	0	167	2204	571	34	-1	
5	1	9	2	1	1	167	2214	143	24	41.247002	ΚΩσταΣ
5	1	9	2	1	2	332	2204	406	30	28.201683	ΠΑΠΑΘΕΟΦΙΛΟΠΟΥ4ΟΣ
2	1	10	0	0	0	130	2297	679	183	-1	
3	1	10	1	0	0	183	2297	396	23	-1	
4	1	10	1	1	0	183	2297	396	23	-1	
5	1	10	1	1	1	183	2307	7	10	36.736301	.
5	1	10	1	1	2	250	2304	7	10	0.000000	Β
5	1	10	1	1	3	345	2298	21	22	10.115662	ναό
5	1	10	1	1	4	445	2301	7	9	1.638344	η
5	1	10	1	1	5	571	2297	8	10	0.000000	ψ
3	1	10	2	0	0	130	2298	679	182	-1	
4	1	10	2	1	0	198	2298	539	74	-1	
5	1	10	2	1	1	198	2306	24	57	16.690735	ἡ
5	1	10	2	1	2	243	2315	146	57	0.000000	ἡρχηῖα
5	1	10	2	1	3	411	2300	101	58	76.508087	πύλη
5	1	10	2	1	4	533	2298	204	66	1.104691	Κήρυστις
4	1	10	2	2	0	141	2398	628	35	-1	
5	1	10	2	2	1	141	2412	50	21	78.739891	ποῦ
5	1	10	2	2	2	209	2420	24	12	93.062492	κ.
5	1	10	2	2	3	252	2404	262	26	89.483704	ΕΠΑΜΕΙΝΩΝΔΑ
5	1	10	2	2	4	532	2404	29	20	90.604080	Δ.
5	1	10	2	2	5	577	2398	192	25	84.816925	ΚΑΦΕΝΤΖΗ
4	1	10	2	3	0	130	2439	679	41	-1	
5	1	10	2	3	1	130	2453	68	27	90.982010	Στήν
5	1	10	2	3	2	213	2450	105	28	95.896500	περιοχή
5	1	10	2	3	3	333	2451	47	25	95.896500	τῆς
5	1	10	2	3	4	397	2446	138	29	90.749458	Αἰγύτιδας
5	1	10	2	3	5	552	2445	98	26	15.524887	ὑπῆρχε
5	1	10	2	3	6	667	2442	42	21	56.304050	καί
5	1	10	2	3	7	724	2440	14	28	17.812424	ἡ
5	1	10	2	3	8	770	2439	39	28	64.192215	ἆρ-
2	1	11	0	0	0	365	2265	355	10	-1	
3	1	11	1	0	0	365	2265	355	10	-1	
4	1	11	1	1	0	365	2265	355	10	-1	
5	1	11	1	1	1	365	2265	355	10	95.000000	 
2	1	12	0	0	0	384	2379	143	6	-1	
3	1	12	1	0	0	384	2379	143	6	-1	
4	1	12	1	1	0	384	2379	143	6	-1	
5	1	12	1	1	1	384	2379	143	6	95.000000	 
2	1	13	0	0	0	101	2477	714	216	-1	
3	1	13	1	0	0	101	2477	714	216	-1	
4	1	13	1	1	0	101	2477	709	41	-1	
5	1	13	1	1	1	101	2490	59	28	92.386681	χαία
5	1	13	1	1	2	175	2488	116	27	76.179878	πολίχνη,
5	1	13	1	1	3	308	2486	136	26	0.000000	Ἐάρυστος
5	1	13	1	1	4	461	2480	142	30	44.151276	φημισμένη
5	1	13	1	1	5	619	2479	41	27	96.398026	γιά
5	1	13	1	1	6	673	2477	45	28	93.229080	τήν
5	1	13	1	1	7	734	2484	76	19	90.238663	παρα-
4	1	13	1	2	0	104	2511	707	42	-1	
5	1	13	1	2	1	104	2525	70	28	89.399948	γωγή
5	1	13	1	2	2	193	2524	121	21	24.485756	ἐκλεμτοῦ
5	1	13	1	2	3	328	2521	67	21	54.845654	οἴνου
5	1	13	1	2	4	409	2519	48	21	93.298241	πού
5	1	13	1	2	5	475	2517	29	28	89.317154	µέ
5	1	13	1	2	6	518	2517	45	26	93.300339	τήν
5	1	13	1	2	7	579	2514	118	28	91.755943	ὀνομασία
5	1	13	1	2	8	716	2511	95	27	90.660683	«Καρύ-
4	1	13	1	3	0	105	2547	708	40	-1	
5	1	13	1	3	1	105	2568	82	19	92.388489	στειος
5	1	13	1	3	2	202	2559	82	27	88.519142	οἶνος»
5	1	13	1	3	3	300	2554	174	31	41.029812	μεταφερόταν
5	1	13	1	3	4	490	2553	24	21	89.101158	σ’
5	1	13	1	3	5	529	2552	73	26	92.127533	ὅλους
5	1	13	1	3	6	615	2550	59	26	96.423759	τούς
5	1	13	1	3	7	689	2547	124	29	31.340408	μεγάλους
4	1	13	1	4	0	104	2582	709	42	-1	
5	1	13	1	4	1	104	2596	98	28	79.198219	λιμένες
5	1	13	1	4	2	215	2596	47	26	91.970879	τῆς
5	1	13	1	4	3	282	2591	144	28	0.000000	ΙΗἔσογείου
5	1	13	1	4	4	442	2589	87	27	88.634789	καθώς
5	1	13	1	4	5	541	2586	123	28	91.363785	ἀναφέρει
5	1	13	1	4	6	676	2585	13	21	53.982307	ὁ
5	1	13	1	4	7	704	2582	109	29	83.054291	γεωγρά-
4	1	13	1	5	0	106	2618	709	42	-1	
5	1	13	1	5	1	106	2641	50	19	70.422943	Φος
5	1	13	1	5	2	171	2630	156	28	49.434563	Στράθωνας
5	1	13	1	5	3	340	2628	48	21	72.901505	πού
5	1	13	1	5	4	405	2625	141	29	95.950409	γεννήθηκε
5	1	13	1	5	5	559	2622	60	27	96.420982	στήν
5	1	13	1	5	6	634	2620	122	28	46.196640	)Αµάσεια
5	1	13	1	5	7	771	2618	44	21	96.709267	στά
4	1	13	1	6	0	107	2656	606	37	-1	
5	1	13	1	6	1	107	2669	39	21	71.804176	656
5	1	13	1	6	2	162	2667	60	22	80.217781	π.Χ.
5	1	13	1	6	3	238	2664	170	29	82.727135	(Στράέωνος
5	1	13	1	6	4	434	2658	176	30	66.821030	Γεωγραφικά
5	1	13	1	6	5	623	2656	90	27	96.395645	446).
2	1	14	0	0	0	109	2702	730	474	-1	
3	1	14	1	0	0	109	2702	730	474	-1	
4	1	14	1	1	0	142	2702	674	42	-1	
5	1	14	1	1	1	142	2721	30	22	25.034576	ἵὉ
5	1	14	1	1	2	187	2718	151	26	94.311134	Παυσανίας
5	1	14	1	1	3	352	2717	68	27	96.365440	ὅμως
5	1	14	1	1	4	435	2714	47	22	96.096855	πού
5	1	14	1	1	5	495	2713	94	27	96.196480	πέρασε
5	1	14	1	1	6	602	2710	47	22	56.646706	ἀπό
5	1	14	1	1	7	663	2709	45	27	96.481560	τήν
5	1	14	1	1	8	721	2702	95	38	57.137585	1Πελλά-
4	1	14	1	2	0	109	2742	708	38	-1	
5	1	14	1	2	1	109	2766	29	13	96.381821	να
5	1	14	1	2	2	148	2757	42	21	93.303040	καί
5	1	14	1	2	3	203	2754	155	26	91.345390	ἀκολούθησε
5	1	14	1	2	4	370	2752	26	21	93.301826	τό
5	1	14	1	2	5	410	2752	78	26	81.689163	ρεῦμα
5	1	14	1	2	6	500	2750	43	20	96.569817	τοῦ
5	1	14	1	2	7	555	2746	108	28	48.573639	Ἐὐρώτα
5	1	14	1	2	8	678	2745	36	26	74.159698	ὡς
5	1	14	1	2	9	728	2743	29	27	93.273453	τή
5	1	14	1	2	10	772	2742	45	21	54.520943	Βε-
4	1	14	1	3	0	109	2780	708	40	-1	
5	1	14	1	3	1	109	2793	85	27	64.440002	λεμίνα
5	1	14	1	3	2	209	2791	41	21	93.295547	δέν
5	1	14	1	3	3	267	2788	123	28	90.504593	ἀναφέρει
5	1	14	1	3	4	406	2787	86	21	93.018944	τίποτα
5	1	14	1	3	5	506	2784	57	21	96.155617	οὔτε
5	1	14	1	3	6	577	2782	40	28	96.155617	γιά
5	1	14	1	3	7	631	2781	45	27	93.017517	τήν
5	1	14	1	3	8	689	2780	128	26	68.750992	Ἐάρυστο,
4	1	14	1	4	0	110	2815	709	40	-1	
5	1	14	1	4	1	110	2829	57	21	96.886818	οὔτε
5	1	14	1	4	2	182	2827	42	28	96.222466	γιά
5	1	14	1	4	3	239	2826	45	27	93.293678	τήν
5	1	14	1	4	4	297	2825	89	26	69.126175	Αἶγυν.
5	1	14	1	4	5	405	2822	119	21	68.022430	Φαίνεται
5	1	14	1	4	6	541	2819	56	26	64.028137	πώς
5	1	14	1	4	7	612	2817	45	22	96.212044	στά
5	1	14	1	4	8	671	2816	87	27	83.623749	χρόνια
5	1	14	1	4	9	776	2815	43	20	96.802994	τοῦ
4	1	14	1	5	0	112	2849	707	43	-1	
5	1	14	1	5	1	112	2864	78	28	92.161545	(160
5	1	14	1	5	2	208	2862	76	28	92.161545	μ.Χ.)
5	1	14	1	5	3	300	2861	40	27	96.498360	ὄχι
5	1	14	1	5	4	353	2859	59	28	92.523849	µόνο
5	1	14	1	5	5	429	2858	30	21	91.559219	τά
5	1	14	1	5	6	483	2857	67	27	91.288582	ἴχνη,
5	1	14	1	5	7	569	2854	61	21	96.680603	ἀλλά
5	1	14	1	5	8	643	2852	43	22	41.560898	καὶ
5	1	14	1	5	9	709	2851	14	27	5.972511	ἡ
5	1	14	1	5	10	737	2849	82	29	83.624557	μνήμη
4	1	14	1	6	0	111	2887	709	34	-1	
5	1	14	1	6	1	111	2901	50	20	94.944191	τῶν
5	1	14	1	6	2	185	2898	97	22	94.944191	πόλεων
5	1	14	1	6	3	302	2896	82	21	86.695518	αὐτῶν
5	1	14	1	6	4	398	2894	70	27	93.055656	εἶχαν
5	1	14	1	6	5	485	2891	116	27	87.050323	ἐκλείψη.
5	1	14	1	6	6	622	2888	50	21	12.505157	Αν
5	1	14	1	6	7	689	2887	69	27	91.146843	εἶχαν
5	1	14	1	6	8	774	2893	46	13	93.027740	σω-
4	1	14	1	7	0	112	2920	709	37	-1	
5	1	14	1	7	1	112	2937	37	20	93.103394	θεῖ
5	1	14	1	7	2	165	2935	30	21	93.306129	τά
5	1	14	1	7	3	210	2934	83	21	46.293224	Ειέλία
5	1	14	1	7	4	307	2934	43	19	93.297249	τοῦ
5	1	14	1	7	5	363	2930	138	27	63.664078	παλαίμονα
5	1	14	1	7	6	514	2926	71	27	96.674133	«περί
5	1	14	1	7	7	599	2926	50	20	93.114426	τῶν
5	1	14	1	7	8	663	2924	26	21	91.634399	ἓν
5	1	14	1	7	9	699	2920	122	24	56.835320	Δακεδαί-
4	1	14	1	8	0	113	2956	709	44	-1	
5	1	14	1	8	1	113	2980	53	20	77.065857	µονι
5	1	14	1	8	2	180	2970	112	22	95.487823	πόλεων»
5	1	14	1	8	3	305	2968	42	21	95.106110	καί
5	1	14	1	8	4	361	2965	71	28	94.493874	«περί
5	1	14	1	8	5	446	2965	50	20	96.714828	τῶν
5	1	14	1	8	6	511	2963	25	21	85.100082	ἓν
5	1	14	1	8	7	549	2960	169	27	59.096085	Δακεδαίμονι
5	1	14	1	8	8	735	2956	87	27	89.460197	ἀναθη-
4	1	14	1	9	0	113	2988	711	48	-1	
5	1	14	1	9	1	113	3008	98	28	80.058395	µάτων»
5	1	14	1	9	2	231	3005	31	21	93.297943	θά
5	1	14	1	9	3	280	3004	86	27	92.443512	εἴχαμε
5	1	14	1	9	4	384	3000	124	28	92.148102	ἀσφαλῶς
5	1	14	1	9	5	523	2998	105	25	90.118927	κάποιες
5	1	14	1	9	6	647	2988	177	38	62.997459	σιληροφορίες
4	1	14	1	10	0	114	3028	710	43	-1	
5	1	14	1	10	1	114	3044	39	27	96.896683	ὄχι
5	1	14	1	10	2	168	3042	58	28	93.098549	µόνο
5	1	14	1	10	3	239	3041	50	21	95.899689	τῶν
5	1	14	1	10	4	300	3039	96	22	95.430824	πόλεων
5	1	14	1	10	5	412	3036	83	22	96.461136	αὐτῶν
5	1	14	1	10	6	509	3034	61	21	96.141289	ἀλλά
5	1	14	1	10	7	581	3032	44	21	85.590042	καί
5	1	14	1	10	8	639	3032	50	20	93.287758	τῶν
5	1	14	1	10	9	707	3028	117	28	91.276505	ἐρειπίων
4	1	14	1	11	0	115	3064	710	40	-1	
5	1	14	1	11	1	115	3081	42	19	92.555397	τοῦ
5	1	14	1	11	2	174	3075	213	29	85.111542	Κεφαλόέρυσου,
5	1	14	1	11	3	406	3074	43	20	93.260948	τοῦ
5	1	14	1	11	4	466	3071	150	27	8.700729	Ἱάρμαρου,
5	1	14	1	11	5	631	3068	47	26	91.905220	τῆς
5	1	14	1	11	6	691	3064	134	26	91.905220	Πελλάνας
4	1	14	1	12	0	116	3101	708	39	-1	
5	1	14	1	12	1	116	3115	42	21	82.402161	καί
5	1	14	1	12	2	173	3112	141	28	91.614906	Βελεμίνας
5	1	14	1	12	3	324	3110	57	27	96.255325	περί
5	1	14	1	12	4	395	3110	50	20	93.277344	τῶν
5	1	14	1	12	5	463	3106	92	22	81.645630	ὁποίων
5	1	14	1	12	6	572	3104	62	22	19.918556	θαθύ
5	1	14	1	12	7	650	3101	102	23	92.114876	σκοτάδι
5	1	14	1	12	8	770	3107	54	14	82.360298	σκε-
4	1	14	1	13	0	116	3136	723	40	-1	
5	1	14	1	13	1	116	3151	73	25	92.922600	πάξει
5	1	14	1	13	2	206	3149	45	27	93.258087	τήν
5	1	14	1	13	3	269	3146	78	28	89.411728	ἐποχή
5	1	14	1	13	4	366	3153	67	18	96.621170	τους.
5	1	14	1	13	5	463	3142	97	28	47.393898	(Ῥλέπε
5	1	14	1	13	6	576	3138	101	30	53.381229	σχετυιό
5	1	14	1	13	7	694	3137	75	27	93.152565	ἄρθρο
5	1	14	1	13	8	783	3136	39	20	13.075447	τοῦ
5	1	14	1	13	9	837	3147	2	23	13.075447	|
2	1	15	0	0	0	777	644	65	2571	-1	
3	1	15	1	0	0	777	644	65	2571	-1	
4	1	15	1	1	0	777	644	65	2571	-1	
5	1	15	1	1	1	777	644	65	2571	95.000000	 
2	1	16	0	0	0	118	3171	722	78	-1	
3	1	16	1	0	0	118	3171	722	78	-1	
4	1	16	1	1	0	118	3171	721	41	-1	
5	1	16	1	1	1	118	3196	23	12	93.246307	κ.
5	1	16	1	1	2	161	3185	90	27	58.583672	Ἔπαμ.
5	1	16	1	1	3	273	3182	139	27	69.332306	Καφενιξῆ
5	1	16	1	1	4	431	3180	43	20	96.613335	στά
5	1	16	1	1	5	496	3175	166	23	82.729256	«Δακωνικά»
5	1	16	1	1	6	681	3175	42	20	93.164322	τοῦ
5	1	16	1	1	7	740	3171	99	28	56.812614	λήγον-
5	1	16	1	1	8	830	3167	14	38	87.703186	|
4	1	16	1	2	0	118	3216	722	33	-1	
5	1	16	1	2	1	118	3231	43	18	93.300224	τος
5	1	16	1	2	2	177	3222	82	25	91.794174	ἔτους.
5	1	16	1	2	3	838	3216	2	5	0.000000	ἳ
2	1	17	0	0	0	803	1686	374	67	-1	
3	1	17	1	0	0	803	1686	374	67	-1	
4	1	17	1	1	0	803	1686	361	33	-1	
5	1	17	1	1	1	803	1695	93	24	9.000809	Ἰχωριοῦ,
5	1	17	1	1	2	913	1692	27	23	75.430038	µέ
5	1	17	1	1	3	961	1691	88	21	75.732254	δέντρα.
5	1	17	1	1	4	1076	1688	25	22	76.282715	μέ
5	1	17	1	1	5	1131	1686	33	18	81.698967	θά-
4	1	17	1	2	0	803	1723	374	30	-1	
5	1	17	1	2	1	803	1735	73	18	85.290520	Ίμνους
5	1	17	1	2	2	889	1729	36	18	9.202965	ναί
5	1	17	1	2	3	939	1727	60	20	56.967434	ἄνθδη,
5	1	17	1	2	4	1014	1725	37	22	95.504265	γιά
5	1	17	1	2	5	1064	1723	39	19	88.953270	τόν
5	1	17	1	2	6	1115	1723	62	21	45.430485	καλ-|
2	1	18	0	0	0	803	96	328	43	-1	
3	1	18	1	0	0	803	96	328	43	-1	
4	1	18	1	1	0	803	96	328	43	-1	
5	1	18	1	1	1	803	99	137	40	23.655151	(ΣΚΛΗΡΕΣ
5	1	18	1	1	2	963	96	128	39	8.805962	ΒΗΚΩΝΕΣΟ)
5	1	18	1	1	3	1130	99	1	15	74.774284	|
2	1	19	0	0	0	769	147	367	241	-1	
3	1	19	1	0	0	769	147	365	102	-1	
4	1	19	1	1	0	769	147	364	29	-1	
5	1	19	1	1	1	769	157	26	17	0.000000	«ὼ
5	1	19	1	1	2	809	155	78	21	46.538700	"Ἠλιος
5	1	19	1	1	3	902	153	76	22	96.084999	γέρνει
5	1	19	1	1	4	994	151	37	18	93.208542	στό
5	1	19	1	1	5	1046	149	65	18	16.777740	ὀφδυνό
5	1	19	1	1	6	1131	147	2	22	48.497894	1
4	1	19	1	2	0	770	185	364	27	-1	
5	1	19	1	2	1	770	192	27	18	58.466625	γι
5	1	19	1	2	2	813	191	12	17	92.676422	ὁ
5	1	19	1	2	3	837	190	82	22	87.337036	κάµπος
5	1	19	1	2	4	938	193	38	17	93.281013	µας
5	1	19	1	2	5	992	185	142	23	48.297062	σπουραίΐνει.͵
4	1	19	1	3	0	772	220	342	29	-1	
5	1	19	1	3	1	772	227	41	19	58.956623	Καΐ
5	1	19	1	3	2	828	226	56	23	93.069923	γύρω
5	1	19	1	3	3	903	224	73	18	55.720741	θλέπω
5	1	19	1	3	4	992	222	27	18	96.719429	τά
5	1	19	1	3	5	1036	220	78	19	86.024620	πουλιά
3	1	19	2	0	0	773	250	363	138	-1	
4	1	19	2	1	0	773	250	363	34	-1	
5	1	19	2	1	1	773	263	28	19	94.332397	νά
5	1	19	2	1	2	818	262	95	22	92.697632	φεύγουν
5	1	19	2	1	3	929	257	148	25	28.963531	τροµαγμένο..
5	1	19	2	1	4	1135	250	1	4	41.767250	|
4	1	19	2	2	0	775	335	23	18	-1	
5	1	19	2	2	1	775	335	23	18	51.169189	Φ
4	1	19	2	3	0	777	370	25	18	-1	
5	1	19	2	3	1	777	370	25	18	96.901482	τά
2	1	20	0	0	0	776	330	307	96	-1	
3	1	20	1	0	0	776	330	307	96	-1	
4	1	20	1	1	0	817	330	225	25	-1	
5	1	20	1	1	1	817	332	138	23	88.201691	πευγολάτης
5	1	20	1	1	2	968	330	74	24	54.517803	ξέζεφε
4	1	20	1	2	0	819	365	250	22	-1	
5	1	20	1	2	1	819	369	67	18	87.716515	θώδια
5	1	20	1	2	2	904	368	35	17	73.939072	ἀπ᾿
5	1	20	1	2	3	954	367	17	17	50.774925	τ᾽
5	1	20	1	2	4	987	365	82	22	77.878685	ἀλέτρι,
4	1	20	1	3	0	776	401	307	25	-1	
5	1	20	1	3	1	776	406	37	19	9.637085	καὶ
5	1	20	1	3	2	830	405	40	18	88.978531	τόν
5	1	20	1	3	3	888	403	79	23	85.477150	ἱδρώτα
5	1	20	1	3	4	983	401	100	18	0.000000	σηούπισε
2	1	21	0	0	0	778	437	364	28	-1	
3	1	21	1	0	0	778	437	364	28	-1	
4	1	21	1	1	0	778	437	364	28	-1	
5	1	21	1	1	1	778	442	26	23	71.142410	µέ
5	1	21	1	1	2	820	441	24	18	96.097450	τό
5	1	21	1	1	3	857	440	44	23	95.992500	δεξί
5	1	21	1	1	4	915	444	37	13	96.895798	του
5	1	21	1	1	5	965	437	55	23	96.025635	χέρι.
5	1	21	1	1	6	1140	446	2	12	72.135010	|
2	1	22	0	0	0	780	510	366	94	-1	
3	1	22	1	0	0	780	510	365	56	-1	
4	1	22	1	1	0	780	510	277	25	-1	
5	1	22	1	1	1	780	513	85	22	71.479431	Ώγάνει
5	1	22	1	1	2	879	512	25	17	55.688591	τό
5	1	22	1	1	3	920	510	81	22	24.224136	σχοῦφο
5	1	22	1	1	4	1020	513	37	12	41.460384	τὸν
4	1	22	1	2	0	985	541	160	25	-1	
5	1	22	1	2	1	985	543	90	23	30.478622	σχυφτός
5	1	22	1	2	2	1143	541	2	24	47.420555	Ι
3	1	22	2	0	0	782	568	364	36	-1	
4	1	22	2	1	0	813	568	333	28	-1	
5	1	22	2	1	1	813	585	3	4	0.000000	͵
5	1	22	2	1	2	854	574	8	22	3.663727	ας
5	1	22	2	1	3	955	581	3	4	0.000000	.
5	1	22	2	1	4	1044	570	8	21	26.561378	να
5	1	22	2	1	5	1144	568	2	8	1.869080	'
4	1	22	2	2	0	782	583	330	21	-1	
5	1	22	2	2	1	782	591	36	13	77.525543	καὶ
5	1	22	2	2	2	837	588	65	14	71.489250	κάνει
5	1	22	2	2	3	937	587	24	12	94.294991	τό
5	1	22	2	2	4	977	585	78	16	96.523697	σταυρό
5	1	22	2	2	5	1068	583	44	13	93.338524	τὸν.
2	1	23	0	0	0	784	651	329	25	-1	
3	1	23	1	0	0	784	651	329	25	-1	
4	1	23	1	1	0	784	651	329	25	-1	
5	1	23	1	1	1	784	657	29	17	51.567425	Γι
5	1	23	1	1	2	828	655	67	19	93.301941	αὐτόν
5	1	23	1	1	3	910	654	12	20	70.207352	ἡ
5	1	23	1	1	4	937	653	55	23	21.502220	μέρα
5	1	23	1	1	5	1010	651	103	18	91.208122	τέλειωσε
2	1	24	0	0	0	1135	212	14	486	-1	
3	1	24	1	0	0	1135	212	14	486	-1	
4	1	24	1	1	0	1135	212	14	486	-1	
5	1	24	1	1	1	1135	212	14	486	95.000000	 
2	1	25	0	0	0	784	686	365	97	-1	
3	1	25	1	0	0	784	686	365	97	-1	
4	1	25	1	1	0	784	686	365	27	-1	
5	1	25	1	1	1	784	691	68	22	78.157867	ναθώς
5	1	25	1	1	2	869	690	36	18	63.246895	καὶ
5	1	25	1	1	3	919	688	52	18	96.195442	στόν
5	1	25	1	1	4	985	686	102	19	28.711555	τοσπάνο,
5	1	25	1	1	5	1147	699	2	5	0.000000	Ἱ
4	1	25	1	2	0	786	721	295	25	-1	
5	1	25	1	2	1	786	727	39	18	93.290466	πού
5	1	25	1	2	2	840	725	70	21	92.083298	ἔπαφε
5	1	25	1	2	3	927	724	18	16	70.144073	ν᾿
5	1	25	1	2	4	963	721	118	22	37.099655	ἀχούγεται
4	1	25	1	3	0	786	755	307	28	-1	
5	1	25	1	3	1	786	761	60	22	94.039543	στούς
5	1	25	1	3	2	861	759	78	23	96.031982	λόφους
5	1	25	1	3	3	953	757	24	18	91.291451	τό
5	1	25	1	3	4	994	755	99	23	80.183960	τσαφάρι.
2	1	26	0	0	0	788	825	335	63	-1	
3	1	26	1	0	0	788	825	335	63	-1	
4	1	26	1	1	0	788	825	335	28	-1	
5	1	26	1	1	1	788	832	123	21	59.587181	Ἐυπόλυτος
5	1	26	1	1	2	926	829	69	23	92.008904	γυρνδ
5	1	26	1	1	3	1016	827	27	18	30.194481	πι’
5	1	26	1	1	4	1061	825	62	22	90.694885	αὐτός
4	1	26	1	2	0	789	863	268	25	-1	
5	1	26	1	2	1	789	869	39	19	86.120010	στή
5	1	26	1	2	2	846	867	68	19	91.009689	στάνη
5	1	26	1	2	3	931	865	25	18	93.280968	τό
5	1	26	1	2	4	971	863	86	19	65.759354	ποπάδι.
2	1	27	0	0	0	791	933	312	131	-1	
3	1	27	1	0	0	791	933	308	63	-1	
4	1	27	1	1	0	791	933	308	26	-1	
5	1	27	1	1	1	791	940	35	19	91.277634	Νά
5	1	27	1	1	2	840	939	27	19	79.273552	κι’
5	1	27	1	1	3	884	938	11	17	92.797272	ὁ
5	1	27	1	1	4	909	936	105	23	26.320724	ΞἘωμάχος
5	1	27	1	1	5	1032	933	67	18	86.337257	ἔθαλε
4	1	27	1	2	0	793	970	241	26	-1	
5	1	27	1	2	1	793	976	51	18	66.940796	στόν
5	1	27	1	2	2	861	974	44	22	65.101089	ὦμο
5	1	27	1	2	3	918	972	24	18	93.251030	τό
5	1	27	1	2	4	958	970	76	24	49.523029	Σινάρι,
3	1	27	2	0	0	793	1004	310	60	-1	
4	1	27	2	1	0	793	1004	310	27	-1	
5	1	27	2	1	1	793	1012	37	18	73.231262	γαί
5	1	27	2	1	2	844	1008	147	23	22.052155	πφυρασμένος
5	1	27	2	1	3	1010	1004	93	23	47.756943	τράόηξε
4	1	27	2	2	0	794	1041	265	23	-1	
5	1	27	2	2	1	794	1048	19	16	15.875320	ν
5	1	27	2	2	2	829	1045	77	19	91.529869	ἀνέθει
5	1	27	2	2	3	921	1044	17	17	42.744678	τ'
5	1	27	2	2	4	957	1041	102	22	49.247700	ἀνηφόρι.
2	1	28	0	0	0	797	1109	354	66	-1	
3	1	28	1	0	0	797	1109	354	66	-1	
4	1	28	1	1	0	797	1109	354	31	-1	
5	1	28	1	1	1	797	1118	78	22	25.598419	Φαρρῦ
5	1	28	1	1	2	889	1116	41	22	93.298103	πώς
5	1	28	1	1	3	947	1114	71	18	86.824936	ὀλέπω
5	1	28	1	1	4	1032	1112	24	17	96.048187	τό
5	1	28	1	1	5	1071	1109	80	24	95.959137	Χριστό
4	1	28	1	2	0	797	1148	302	27	-1	
5	1	28	1	2	1	797	1154	24	18	93.024460	τό
5	1	28	1	2	2	834	1152	95	23	54.802586	γολγοθᾶ
5	1	28	1	2	3	946	1150	28	17	95.804115	νά
5	1	28	1	2	4	992	1148	107	22	92.076393	παίρνει...
2	1	29	0	0	0	798	1219	356	172	-1	
3	1	29	1	0	0	798	1219	319	28	-1	
4	1	29	1	1	0	798	1219	319	28	-1	
5	1	29	1	1	1	798	1224	99	23	52.820213	Χκληρές
5	1	29	1	1	2	912	1222	85	21	51.074200	εἰχόνες
5	1	29	1	1	3	1011	1221	37	21	96.723160	τῆς
5	1	29	1	1	4	1065	1219	52	23	82.375473	ζωῆς
3	1	29	2	0	0	799	1256	279	25	-1	
4	1	29	2	1	0	799	1256	279	25	-1	
5	1	29	2	1	1	799	1261	36	19	56.975895	ναί
5	1	29	2	1	2	850	1260	72	21	42.194359	κάπως
5	1	29	2	1	3	940	1256	138	25	23.442322	ξεχασµένες.
3	1	29	3	0	0	800	1290	354	26	-1	
4	1	29	3	1	0	800	1290	354	26	-1	
5	1	29	3	1	1	800	1297	40	18	92.870651	Μά
5	1	29	3	1	2	856	1295	39	20	90.712204	στή
5	1	29	3	1	3	911	1292	80	24	43.307449	καρδιά
5	1	29	3	1	4	1003	1297	40	17	73.678131	μου
5	1	29	3	1	5	1060	1290	94	22	34.303452	µένουνε
3	1	29	4	0	0	801	1326	311	65	-1	
4	1	29	4	1	0	801	1326	311	29	-1	
5	1	29	4	1	1	801	1332	56	23	79.130302	γιατ᾽
5	1	29	4	1	2	873	1331	40	18	27.802818	εν)
5	1	29	4	1	3	929	1326	156	24	63.929554	εὐλογημένες!
5	1	29	4	1	4	1095	1326	17	16	33.685890	1!
4	1	29	4	2	0	856	1367	254	24	-1	
5	1	29	4	2	1	856	1370	126	21	89.890533	ΓΙΑΝΝΗΣ
5	1	29	4	2	2	996	1367	114	20	39.854969	ΚΟΡΖΗΣ
2	1	30	0	0	0	808	1425	326	12	-1	
3	1	30	1	0	0	808	1425	326	12	-1	
4	1	30	1	1	0	808	1425	326	12	-1	
5	1	30	1	1	1	808	1425	326	12	95.000000	 
2	1	31	0	0	0	858	1457	253	43	-1	
3	1	31	1	0	0	858	1457	253	43	-1	
4	1	31	1	1	0	858	1457	253	43	-1	
5	1	31	1	1	1	858	1462	60	38	67.349472	ΝΕΟΙ
5	1	31	1	1	2	941	1460	41	37	64.406578	ΚΛΙ
5	1	31	1	1	3	1002	1457	109	39	7.229622	ΛΛΣΙΛΙΛ
2	1	32	0	0	0	807	1511	367	170	-1	
3	1	32	1	0	0	807	1511	367	170	-1	
4	1	32	1	1	0	830	1511	330	24	-1	
5	1	32	1	1	1	830	1518	24	17	55.232651	«Ὁ
5	1	32	1	1	2	873	1513	143	22	94.411674	πολιτιστικός
5	1	32	1	1	3	1049	1511	111	20	83.780212	Σύλλογος
4	1	32	1	2	0	807	1545	353	31	-1	
5	1	32	1	2	1	807	1554	24	22	67.562721	ἄς
5	1	32	1	2	2	848	1551	118	23	68.723007	ἀσχοληθεῖ
5	1	32	1	2	3	981	1548	36	19	68.262032	καί
5	1	32	1	2	4	1036	1547	26	23	79.387772	µέ
5	1	32	1	2	5	1081	1546	24	18	93.279228	τό
5	1	32	1	2	6	1117	1545	43	23	74.358673	ὀξύ-
4	1	32	1	3	0	808	1581	364	28	-1	
5	1	32	1	3	1	808	1594	52	13	86.787849	τατο
5	1	32	1	3	2	875	1586	114	23	90.260780	πρόθληµα
5	1	32	1	3	3	1004	1584	37	21	93.290230	τῆς
5	1	32	1	3	4	1059	1581	113	19	44.682533	ἀναδάσωι
4	1	32	1	4	0	809	1612	365	36	-1	
5	1	32	1	4	1	809	1629	36	16	96.913681	σης
5	1	32	1	4	2	864	1622	36	18	66.349861	καί
5	1	32	1	4	3	917	1621	36	22	95.204491	τῆς
5	1	32	1	4	4	967	1613	140	32	36.717991	δημιουργίας
5	1	32	1	4	5	1127	1612	32	36	11.644676	αλ»
5	1	32	1	4	6	1168	1616	6	28	25.596832	|
4	1	32	1	5	0	810	1645	364	36	-1	
5	1	32	1	5	1	810	1664	54	17	91.583664	σους,
5	1	32	1	5	2	881	1657	54	23	89.640762	µέσα
5	1	32	1	5	3	949	1655	36	19	58.027859	καὶ
5	1	32	1	5	4	1001	1653	39	19	74.760262	στά
5	1	32	1	5	5	1057	1653	56	21	46.423042	ἄχρο
5	1	32	1	5	6	1127	1645	47	24	71.064049	τοῦ.
2	1	33	0	0	0	812	1758	368	375	-1	
3	1	33	1	0	0	812	1758	368	139	-1	
4	1	33	1	1	0	812	1758	355	30	-1	
5	1	33	1	1	1	812	1765	96	23	53.972916	λωπισμό
5	1	33	1	1	2	924	1764	38	18	93.268463	τοῦ
5	1	33	1	1	3	976	1761	79	24	85.696442	χωριοῦ
5	1	33	1	1	4	1067	1765	46	17	92.494339	µας,
5	1	33	1	1	5	1130	1758	37	18	0.000000	Φλ-
4	1	33	1	2	0	814	1793	354	29	-1	
5	1	33	1	2	1	814	1803	28	17	88.713608	λά
5	1	33	1	2	2	871	1801	36	18	31.489906	καί
5	1	33	1	2	3	925	1799	38	23	94.668976	γιά
5	1	33	1	2	4	982	1797	41	21	91.172394	τήν
5	1	33	1	2	5	1038	1793	130	26	46.291245	φυχαγωγία
4	1	33	1	3	0	815	1826	365	42	-1	
5	1	33	1	3	1	815	1839	44	17	92.405846	τῶν
5	1	33	1	3	2	879	1837	63	18	89.361076	ἴδιων
5	1	33	1	3	3	964	1834	36	18	62.494785	καὶ
5	1	33	1	3	4	1015	1834	44	17	95.921852	τῶν
5	1	33	1	3	5	1078	1826	81	42	0.000000	πσεροθε:
5	1	33	1	3	6	1172	1839	8	25	73.530762	|
4	1	33	1	4	0	816	1878	84	19	-1	
5	1	33	1	4	1	816	1878	84	19	89.628075	ριστῶν.
3	1	33	2	0	0	816	1902	360	231	-1	
4	1	33	2	1	0	839	1902	331	27	-1	
5	1	33	2	1	1	839	1909	61	20	91.912285	Στήν
5	1	33	2	1	2	912	1907	121	22	93.250900	περίπτωση
5	1	33	2	1	3	1047	1904	47	22	87.022835	μιᾶς
5	1	33	2	1	4	1104	1902	66	18	91.610863	τέτοι-
4	1	33	2	2	0	816	1937	356	31	-1	
5	1	33	2	2	1	816	1951	24	17	92.215294	ας
5	1	33	2	2	2	857	1942	190	25	83.617828	δραστηριότητας,
5	1	33	2	2	3	1064	1937	108	20	85.623306	πιστεύου-
4	1	33	2	3	0	819	1972	352	32	-1	
5	1	33	2	3	1	819	1987	25	17	80.434395	µε
5	1	33	2	3	2	861	1981	33	17	95.929558	ὅτι
5	1	33	2	3	3	913	1979	26	18	85.890457	θά
5	1	33	2	3	4	971	1978	67	21	74.640717	ἔχουν
5	1	33	2	3	5	1066	1972	105	21	22.302460	ψαθολική
4	1	33	2	4	0	819	2004	354	35	-1	
5	1	33	2	4	1	819	2015	174	24	71.845695	συμπαράσταση.
5	1	33	2	4	2	1012	2012	98	22	76.148003	"Έχουμε
5	1	33	2	4	3	1121	2004	52	32	0.000000	δχά-
4	1	33	2	5	0	820	2043	353	31	-1	
5	1	33	2	5	1	820	2054	88	20	71.308380	λυπτους
5	1	33	2	5	2	920	2050	90	23	95.764130	χώρους;
5	1	33	2	5	3	1027	2047	41	20	96.404968	τήν
5	1	33	2	5	4	1082	2043	91	25	94.950111	περιοχή
4	1	33	2	6	0	820	2080	354	31	-1	
5	1	33	2	6	1	820	2090	37	21	93.297264	τῆς
5	1	33	2	6	2	875	2087	75	22	0.000000	ἹἉγίας
5	1	33	2	6	3	965	2084	97	22	91.651047	Μαύρας,
5	1	33	2	6	4	1080	2082	40	19	67.415703	ὅλη
5	1	33	2	6	5	1139	2080	35	17	28.003891	πά-
4	1	33	2	7	0	1153	2121	23	12	-1	
5	1	33	2	7	1	1153	2129	4	4	0.000000	κ
5	1	33	2	7	2	1168	2121	8	12	0.000000	-
2	1	34	0	0	0	1138	2121	23	12	-1	
3	1	34	1	0	0	1138	2121	23	12	-1	
4	1	34	1	1	0	1138	2121	23	12	-1	
5	1	34	1	1	1	1138	2121	23	12	95.000000	 
2	1	35	0	0	0	822	2117	368	279	-1	
3	1	35	1	0	0	822	2117	368	279	-1	
4	1	35	1	1	0	822	2117	316	26	-1	
5	1	35	1	1	1	822	2130	29	12	92.570564	νω
5	1	35	1	1	2	864	2123	42	18	96.083672	ἀπό
5	1	35	1	1	3	916	2122	24	18	96.040047	τό
5	1	35	1	1	4	955	2120	73	23	94.254372	δρόµο,
5	1	35	1	1	5	1042	2119	37	21	95.898193	τῆς
5	1	35	1	1	6	1093	2117	45	18	92.467010	Παν
4	1	35	1	2	0	823	2152	353	30	-1	
5	1	35	1	2	1	823	2165	49	17	53.856236	τσας
5	1	35	1	2	2	886	2159	10	17	92.321892	3
5	1	35	1	2	3	912	2158	37	22	84.487259	1)2
5	1	35	1	2	4	965	2161	44	17	96.745544	στρ.
5	1	35	1	2	5	1024	2154	39	18	85.655396	πού
5	1	35	1	2	6	1092	2152	84	22	81.314987	δώρησε
4	1	35	1	3	0	824	2188	353	26	-1	
5	1	35	1	3	1	824	2196	11	18	53.774330	ὃ
5	1	35	1	3	2	847	2201	20	12	76.569176	κ.
5	1	35	1	3	3	885	2194	55	18	93.296089	Παν.
5	1	35	1	3	4	955	2193	26	17	91.147278	Ν.
5	1	35	1	3	5	993	2190	113	21	81.342346	᾽Αλούπης,
5	1	35	1	3	6	1120	2188	57	22	88.163139	γύρω
4	1	35	1	4	0	826	2222	352	28	-1	
5	1	35	1	4	1	826	2231	40	18	87.975868	ἀπό
5	1	35	1	4	2	886	2230	24	17	88.857773	τό
5	1	35	1	4	3	926	2229	69	21	72.478722	Ἡρῶο
5	1	35	1	4	4	1014	2227	44	17	91.779961	τῶν
5	1	35	1	4	5	1076	2222	102	24	71.799316	᾿Αεροπό-
4	1	35	1	5	0	825	2243	365	46	-1	
5	1	35	1	5	1	825	2271	45	18	22.861069	ῥων
5	1	35	1	5	2	884	2270	46	18	93.304062	µας,
5	1	35	1	5	3	944	2263	39	20	92.458420	στή
5	1	35	1	5	4	998	2262	79	21	93.461914	Πέτρα,
5	1	35	1	5	5	1107	2243	63	42	20.214401	ἀνόμη
5	1	35	1	5	6	1183	2247	7	30	71.685570	|
4	1	35	1	6	0	825	2294	355	28	-1	
5	1	35	1	6	1	825	2302	37	19	3.499084	χα
5	1	35	1	6	2	875	2301	24	18	92.161720	τό
5	1	35	1	6	3	911	2297	172	25	71.924789	Καρθουνόρεµα
5	1	35	1	6	4	1095	2295	29	18	64.549377	ἄν
5	1	35	1	6	5	1137	2294	43	17	91.064545	ἔπι-
4	1	35	1	7	0	826	2328	355	33	-1	
5	1	35	1	7	1	826	2336	131	25	89.093895	χωματωθεῖ,
5	1	35	1	7	2	973	2333	37	23	89.011635	γιά
5	1	35	1	7	3	1028	2331	50	19	32.735153	σχιά
5	1	35	1	7	4	1095	2330	36	18	0.000000	πο
5	1	35	1	7	5	1144	2328	37	23	53.070877	Υιό:
4	1	35	1	8	0	828	2373	144	23	-1	
5	1	35	1	8	1	828	2373	144	23	17.087410	παρκάρισμα.
2	1	36	0	0	0	969	2419	207	9	-1	
3	1	36	1	0	0	969	2419	207	9	-1	
4	1	36	1	1	0	969	2419	207	9	-1	
5	1	36	1	1	1	969	2419	207	9	95.000000	 
2	1	37	0	0	0	836	2425	132	9	-1	
3	1	37	1	0	0	836	2425	132	9	-1	
4	1	37	1	1	0	836	2425	132	9	-1	
5	1	37	1	1	1	836	2425	132	9	95.000000	 
2	1	38	0	0	0	860	2455	302	29	-1	
3	1	38	1	0	0	860	2455	302	29	-1	
4	1	38	1	1	0	860	2455	302	29	-1	
5	1	38	1	1	1	860	2462	61	22	96.163132	ΣΤΗ
5	1	38	1	1	2	937	2455	225	27	53.582264	ΜΟΝΕΜΒΑΣΙΑ
2	1	39	0	0	0	973	2501	71	5	-1	
3	1	39	1	0	0	973	2501	71	5	-1	
4	1	39	1	1	0	973	2501	71	5	-1	
5	1	39	1	1	1	973	2501	71	5	95.000000	 
2	1	40	0	0	0	832	2518	356	134	-1	
3	1	40	1	0	0	832	2518	356	134	-1	
4	1	40	1	1	0	855	2518	330	30	-1	
5	1	40	1	1	1	855	2526	48	22	47.178955	Στίς
5	1	40	1	1	2	919	2523	73	20	67.820450	19-5-δ4
5	1	40	1	1	3	1005	2522	79	22	89.331841	ἔγιναν
5	1	40	1	1	4	1097	2519	38	20	57.797527	στ
5	1	40	1	1	5	1149	2518	36	18	63.113182	Μο
4	1	40	1	2	0	832	2554	354	31	-1	
5	1	40	1	2	1	832	2561	107	24	66.386932	νεµθάσια
5	1	40	1	2	2	964	2559	28	18	95.508423	τά
5	1	40	1	2	3	1006	2554	180	22	53.615341	ἀποναλυπτήρια
4	1	40	1	3	0	833	2599	47	22	-1	
5	1	40	1	3	1	833	2599	47	22	46.851471	μιδς
4	1	40	1	4	0	834	2625	354	27	-1	
5	1	40	1	4	1	834	2633	39	19	94.452034	πού
5	1	40	1	4	2	890	2630	159	21	27.173447	τοποθετήθηκε
5	1	40	1	4	3	1064	2627	37	23	96.540024	γιά
5	1	40	1	4	4	1115	2625	29	18	93.303825	νά
5	1	40	1	4	5	1157	2625	31	18	55.855007	Θυ-
2	1	41	0	0	0	911	2590	275	27	-1	
3	1	41	1	0	0	911	2590	275	27	-1	
4	1	41	1	1	0	911	2590	275	27	-1	
5	1	41	1	1	1	911	2593	164	24	26.847244	ἀναμνπηστικῆς
5	1	41	1	1	2	1096	2590	90	21	47.034775	πλάκας,
2	1	42	0	0	0	834	2662	358	169	-1	
3	1	42	1	0	0	834	2662	358	169	-1	
4	1	42	1	1	0	834	2662	354	30	-1	
5	1	42	1	1	1	834	2670	55	22	37.820709	μίζει
5	1	42	1	1	2	902	2668	36	18	54.658943	ναί
5	1	42	1	1	3	953	2666	28	18	95.527161	νά
5	1	42	1	1	4	992	2664	85	23	61.743355	τιμήσει
5	1	42	1	1	5	1090	2662	42	20	89.984985	τήν
5	1	42	1	1	6	1140	2666	48	17	89.984985	τρα-
4	1	42	1	2	0	836	2701	353	27	-1	
5	1	42	1	2	1	836	2704	51	24	47.458858	γινή
5	1	42	1	2	2	905	2703	59	18	90.350136	θυσία
5	1	42	1	2	3	991	2701	83	18	45.550995	ἔνδεχα
5	1	42	1	2	4	1100	2702	89	17	88.030319	πατριω"
4	1	42	1	3	0	837	2731	354	30	-1	
5	1	42	1	3	1	837	2742	50	19	93.298759	τῶν,
5	1	42	1	3	2	905	2736	168	23	50.094944	ἔκτελεσμένων
5	1	42	1	3	3	1095	2733	43	18	92.074951	ἀπό
5	1	42	1	3	4	1164	2731	27	18	94.701019	τά
4	1	42	1	4	0	837	2767	354	36	-1	
5	1	42	1	4	1	837	2771	150	32	48.548576	στρατεύµοιτο
5	1	42	1	4	2	1015	2770	95	23	5.452057	νατοχῆς
5	1	42	1	4	3	1148	2767	43	22	76.589066	στίς
4	1	42	1	5	0	837	2804	355	27	-1	
5	1	42	1	5	1	837	2813	23	18	93.235863	26
5	1	42	1	5	2	875	2810	93	19	85.321831	Ἰουλίου
5	1	42	1	5	3	981	2808	37	19	62.325729	ναί
5	1	42	1	5	4	1032	2807	21	18	93.231308	14
5	1	42	1	5	5	1068	2804	124	23	16.552925	Αὐνούστου
2	1	43	0	0	0	839	2840	354	27	-1	
3	1	43	1	0	0	839	2840	354	27	-1	
4	1	43	1	1	0	839	2840	354	27	-1	
5	1	43	1	1	1	839	2848	52	18	91.190926	1944.
5	1	43	1	1	2	904	2847	23	17	88.479134	Ἡ
5	1	43	1	1	3	946	2841	150	26	88.479134	πρωτοθουλία
5	1	43	1	1	4	1122	2840	71	19	0.000000	ἄνηνε
2	1	44	0	0	0	839	2876	357	100	-1	
3	1	44	1	0	0	839	2876	357	100	-1	
4	1	44	1	1	0	839	2876	355	28	-1	
5	1	44	1	1	1	839	2883	52	18	70.605118	στόν
5	1	44	1	1	2	913	2878	147	26	77.581970	Προοδευτικό
5	1	44	1	1	3	1093	2876	101	20	41.190029	ΧΣύλλδγο
4	1	44	1	2	0	841	2907	353	33	-1	
5	1	44	1	2	1	841	2916	156	24	6.842041	Μαονεμθασίας
5	1	44	1	2	2	1019	2913	43	19	80.187195	«Τό
5	1	44	1	2	3	1090	2907	104	31	53.071442	Ἱάστρο».
4	1	44	1	3	0	843	2947	353	29	-1	
5	1	44	1	3	1	843	2954	145	22	91.410324	Παρέστησαν
5	1	44	1	3	2	1005	2950	20	18	65.992744	οἳ
5	1	44	1	3	3	1057	2948	66	23	86.823715	ἀρχές
5	1	44	1	3	4	1159	2947	37	16	87.197945	τοῦ
2	1	45	0	0	0	842	2990	356	90	-1	
3	1	45	1	0	0	842	2990	356	90	-1	
4	1	45	1	1	0	842	2990	79	22	-1	
5	1	45	1	1	1	842	2990	79	22	80.030563	Νομοῦ.
4	1	45	1	2	0	866	3019	263	26	-1	
5	1	45	1	2	1	866	3025	45	20	66.443283	τή
5	1	45	1	2	2	932	3024	94	20	64.262009	σύντομη
5	1	45	1	2	3	1055	3019	74	23	81.839554	ὁμιλία
4	1	45	1	3	0	843	3052	355	28	-1	
5	1	45	1	3	1	843	3063	12	17	83.449059	ὃ
5	1	45	1	3	2	869	3067	19	12	39.349098	ν.
5	1	45	1	3	3	905	3058	130	22	88.049332	Σαθαλάνος
5	1	45	1	3	4	1050	3056	48	18	91.452011	εἶπε
5	1	45	1	3	5	1115	3054	33	18	96.967827	ὅτι
5	1	45	1	3	6	1163	3052	35	21	86.394974	σή-
2	1	46	0	0	0	1160	3022	37	13	-1	
3	1	46	1	0	0	1160	3022	37	13	-1	
4	1	46	1	1	0	1160	3022	37	13	-1	
5	1	46	1	1	1	1160	3022	37	13	86.120857	του
2	1	47	0	0	0	845	3088	354	32	-1	
3	1	47	1	0	0	845	3088	354	32	-1	
4	1	47	1	1	0	845	3088	354	32	-1	
5	1	47	1	1	1	845	3103	61	17	86.506149	µερα,
5	1	47	1	1	2	925	3094	98	23	90.012535	σαράντο
5	1	47	1	1	3	1036	3092	79	23	89.149025	χρόνια
5	1	47	1	1	4	1145	3088	54	24	94.369522	μετά
2	1	48	0	0	0	838	39	537	21	-1	
3	1	48	1	0	0	838	39	537	21	-1	
4	1	48	1	1	0	838	39	537	21	-1	
5	1	48	1	1	1	838	39	537	21	95.000000	 
2	1	49	0	0	0	1136	212	78	2937	-1	
3	1	49	1	0	0	1136	212	78	2937	-1	
4	1	49	1	1	0	1136	212	78	2937	-1	
5	1	49	1	1	1	1136	212	78	2937	95.000000	 
2	1	50	0	0	0	844	3126	356	65	-1	
3	1	50	1	0	0	844	3126	356	65	-1	
4	1	50	1	1	0	844	3126	356	27	-1	
5	1	50	1	1	1	844	3133	26	20	93.279526	τή
5	1	50	1	1	2	882	3132	66	20	0.000000	δυσία,
5	1	50	1	1	3	962	3129	128	19	91.628532	ἀποδίδεται
5	1	50	1	1	4	1102	3126	64	23	48.596935	χρέος
5	1	50	1	1	5	1180	3129	20	12	93.432526	τι
4	1	50	1	2	0	847	3163	353	28	-1	
5	1	50	1	2	1	847	3170	38	21	92.539169	μῆς
5	1	50	1	2	2	901	3167	40	18	71.373611	στά
5	1	50	1	2	3	959	3166	81	22	61.236458	θύματα
5	1	50	1	2	4	1068	3163	37	18	86.568710	τοῦ
5	1	50	1	2	5	1136	3166	64	13	20.720985	πατα-
2	1	51	0	0	0	846	3203	76	22	-1	
3	1	51	1	0	0	846	3203	76	22	-1	
4	1	51	1	1	0	846	3203	76	22	-1	
5	1	51	1	1	1	846	3203	76	22	35.234131	κτητή.
2	1	52	0	0	0	1754	20	468	16	-1	
3	1	52	1	0	0	1754	20	468	16	-1	
4	1	52	1	1	0	1754	20	468	16	-1	
5	1	52	1	1	1	1754	20	468	16	95.000000	 
2	1	53	0	0	0	1162	85	391	111	-1	
3	1	53	1	0	0	1162	85	391	111	-1	
4	1	53	1	1	0	1162	85	391	91	-1	
5	1	53	1	1	1	1162	85	391	91	95.000000	  
4	1	53	1	2	0	1162	176	186	20	-1	
5	1	53	1	2	1	1162	176	9	20	95.000000	 
5	1	53	1	2	2	1344	176	4	20	95.000000	 
2	1	54	0	0	0	1161	201	708	146	-1	
3	1	54	1	0	0	1161	201	706	72	-1	
4	1	54	1	1	0	1183	201	684	34	-1	
5	1	54	1	1	1	1183	213	170	22	53.330521	ΕΕΝΝΗΣΕΙΣ:
5	1	54	1	1	2	1378	211	43	19	27.380554	Ἆτό
5	1	54	1	1	3	1441	208	129	23	47.738499	Δογγανίκο
5	1	54	1	1	4	1585	207	12	19	89.585320	ἡ
5	1	54	1	1	5	1614	205	76	22	91.068016	Μαρία
5	1	54	1	1	6	1707	204	39	18	49.803360	Ἂπ.
5	1	54	1	1	7	1762	201	105	23	0.000000	Θεοφιλό-
4	1	54	1	2	0	1161	247	279	26	-1	
5	1	54	1	2	1	1161	253	79	17	92.954041	πούλου
5	1	54	1	2	2	1258	250	96	23	92.977188	γέννησε
5	1	54	1	2	3	1369	247	71	22	78.785988	ἀγόρι.
3	1	54	2	0	0	1163	272	706	75	-1	
4	1	54	2	1	0	1591	272	278	24	-1	
5	1	54	2	1	1	1591	277	62	19	81.703560	Ἠλία
5	1	54	2	1	2	1668	274	114	20	90.307129	Καθθαδία
5	1	54	2	1	3	1794	273	24	18	93.266258	τό
5	1	54	2	1	4	1835	272	34	22	39.417843	γΥέ-
4	1	54	2	2	0	1163	308	704	39	-1	
5	1	54	2	2	1	1163	329	36	18	43.253860	νος
5	1	54	2	2	2	1213	324	21	17	6.835785	ΕΣ’.
5	1	54	2	2	3	1250	321	114	23	64.654984	Μαρούλη,
5	1	54	2	2	4	1379	317	108	24	33.854515	ἔγγονάκι
5	1	54	2	2	5	1497	316	37	18	91.461258	τοῦ
5	1	54	2	2	6	1548	315	26	18	91.228470	Π.
5	1	54	2	2	7	1590	314	16	17	0.000000	Ι.
5	1	54	2	2	8	1620	312	87	19	40.600796	Τκλέκνα
5	1	54	2	2	9	1724	308	143	24	70.813934	(Καθελάρη)
2	1	55	0	0	0	1184	280	391	29	-1	
3	1	55	1	0	0	1184	280	391	29	-1	
4	1	55	1	1	0	1184	280	391	29	-1	
5	1	55	1	1	1	1184	298	23	4	26.701981	---
5	1	55	1	1	2	1223	285	118	24	6.568268	Εοριτσάκι
5	1	55	1	1	3	1359	284	96	22	93.147911	γέννησε
5	1	55	1	1	4	1469	281	13	20	2.915565	Ἡ
5	1	55	1	1	5	1498	280	77	21	63.738636	"Ὄλγα
2	1	56	0	0	0	1164	358	710	95	-1	
3	1	56	1	0	0	1164	358	710	95	-1	
4	1	56	1	1	0	1164	358	186	23	-1	
5	1	56	1	1	1	1164	360	28	18	95.844543	νά
5	1	56	1	1	2	1205	360	47	21	95.987694	τούς
5	1	56	1	1	3	1265	358	85	23	94.377914	ζήσουν.
4	1	56	1	2	0	1189	390	249	24	-1	
5	1	56	1	2	1	1189	393	172	21	44.441795	ΡΑΠΤΙΣΕΙΣ:
5	1	56	1	2	2	1379	390	59	20	91.988235	Στόν
4	1	56	1	3	0	1165	416	709	37	-1	
5	1	56	1	3	1	1165	438	26	12	80.351906	κε
5	1	56	1	3	2	1206	431	24	18	96.437065	τό
5	1	56	1	3	3	1242	428	138	25	66.225433	χαριτωμένο
5	1	56	1	3	4	1393	425	112	23	38.863300	πφριτσάκι
5	1	56	1	3	5	1521	423	37	17	95.704659	τοῦ
5	1	56	1	3	6	1575	420	114	19	78.152122	ποτοποιοῦ
5	1	56	1	3	7	1702	424	20	13	91.811867	κ.
5	1	56	1	3	8	1735	417	82	19	91.371819	Γιάννη
5	1	56	1	3	9	1833	416	41	17	91.371819	Μι-
2	1	57	0	0	0	1166	380	712	286	-1	
3	1	57	1	0	0	1166	380	709	143	-1	
4	1	57	1	1	0	1457	380	415	30	-1	
5	1	57	1	1	1	1457	389	69	21	70.424545	«Άγιο
5	1	57	1	1	2	1542	386	90	19	62.128403	Νίχωνα
5	1	57	1	1	3	1644	384	100	22	14.774292	Ἀπάρτης
5	1	57	1	1	4	1760	380	112	23	76.324081	θοφτίστη-
4	1	57	1	2	0	1166	451	709	40	-1	
5	1	57	1	2	1	1166	467	138	24	83.125420	Καλόπουλου
5	1	57	1	2	2	1319	464	42	18	96.395279	ἀπό
5	1	57	1	2	3	1374	463	41	20	93.701103	τήν
5	1	57	1	2	4	1431	460	113	20	92.004990	Πελλάνα,
5	1	57	1	2	5	1555	457	109	22	89.704041	ἀνάδοχος
5	1	57	1	2	6	1676	455	12	18	57.670628	ὃ
5	1	57	1	2	7	1703	460	20	12	54.670376	κ.
5	1	57	1	2	8	1739	453	72	21	24.790779	ατῆς
5	1	57	1	2	9	1824	451	51	18	90.469627	ἔδω-
4	1	57	1	3	0	1167	497	275	26	-1	
5	1	57	1	3	1	1167	509	24	13	93.781281	σε
5	1	57	1	3	2	1205	503	24	18	96.060974	τό
5	1	57	1	3	3	1243	502	70	21	95.866051	ὄνομα
5	1	57	1	3	4	1327	497	115	21	77.907860	Βασιλική.
3	1	57	2	0	0	1170	522	706	75	-1	
4	1	57	2	1	0	1191	522	685	34	-1	
5	1	57	2	1	1	1191	549	23	4	37.963799	ας
5	1	57	2	1	2	1232	538	114	18	27.161751	Ἡάπτισαν
5	1	57	2	1	3	1361	535	25	18	95.901321	τό
5	1	57	2	1	4	1403	532	112	23	48.224255	κοριτσάκι
5	1	57	2	1	5	1528	535	47	17	95.195847	τους
5	1	57	2	1	6	1590	529	20	18	81.827652	οἱ
5	1	57	2	1	7	1629	528	59	17	89.866013	Διον.
5	1	57	2	1	8	1707	525	37	19	73.126633	καί
5	1	57	2	1	9	1771	522	105	24	39.357109	Χριστίνα
4	1	57	2	2	0	1170	564	484	33	-1	
5	1	57	2	2	1	1170	575	103	22	0.000000	Ἔσερωτδς
5	1	57	2	2	2	1290	572	36	19	42.539616	καὶ
5	1	57	2	2	3	1342	571	85	19	37.649151	ἔδωσοιν
5	1	57	2	2	4	1441	568	24	18	96.330765	τό
5	1	57	2	2	5	1482	567	70	22	94.396545	ὄνομα
5	1	57	2	2	6	1571	564	83	22	95.015572	Μαρία.
3	1	57	3	0	0	1171	593	707	73	-1	
4	1	57	3	1	0	1193	593	685	39	-1	
5	1	57	3	1	1	1193	621	23	4	0.000000	--.
5	1	57	3	1	2	1230	610	32	18	93.272919	Τό
5	1	57	3	1	3	1277	609	74	23	89.992920	ζεῦγος
5	1	57	3	1	4	1365	607	25	17	37.481228	Ὦ.
5	1	57	3	1	5	1408	605	68	19	21.005966	Ζιώτη
5	1	57	3	1	6	1495	603	89	17	86.299973	θάπτισε
5	1	57	3	1	7	1599	600	24	18	93.296982	τό
5	1	57	3	1	8	1634	598	95	23	48.606613	ἀγοράχι
5	1	57	3	1	9	1746	601	47	17	95.326591	τους
5	1	57	3	1	10	1808	594	36	19	83.328560	καί
5	1	57	3	1	11	1859	593	19	18	75.493416	ἔ-
4	1	57	3	2	0	1171	641	303	25	-1	
5	1	57	3	2	1	1171	648	55	17	88.466354	δωσε
5	1	57	3	2	2	1240	645	24	18	93.269928	τό
5	1	57	3	2	3	1275	645	70	21	91.304291	ὄνομο
5	1	57	3	2	4	1359	641	115	21	67.917915	Νικόλαος.
2	1	58	0	0	0	1173	682	718	500	-1	
3	1	58	1	0	0	1173	682	708	74	-1	
4	1	58	1	1	0	1196	682	683	35	-1	
5	1	58	1	1	1	1196	695	184	22	57.699303	ΑΡΡΑΒΩΝΕΣ;
5	1	58	1	1	2	1402	695	23	16	90.417732	Ἡ
5	1	58	1	1	3	1443	693	55	21	81.251816	κόρη
5	1	58	1	1	4	1513	691	37	17	96.138710	τοῦ
5	1	58	1	1	5	1568	688	85	22	34.159538	Χαραλ.
5	1	58	1	1	6	1672	686	101	22	36.632812	Ἀγούρδο,
5	1	58	1	1	7	1800	682	79	19	84.189499	Ἑλένη
4	1	58	1	2	0	1173	713	708	43	-1	
5	1	58	1	2	1	1173	732	195	24	7.903870	ἀρροιθωνιάστηχκε
5	1	58	1	2	2	1383	729	27	22	51.091518	μέ
5	1	58	1	2	3	1423	728	39	17	87.721802	τόν
5	1	58	1	2	4	1476	725	72	19	59.631203	Ἰωάν.
5	1	58	1	2	5	1559	722	117	20	26.958656	Βασιλείου
5	1	58	1	2	6	1689	720	42	18	96.197350	ἀπό
5	1	58	1	2	7	1746	719	25	17	92.159744	τό
5	1	58	1	2	8	1779	713	102	31	44.085968	Ἱκαστόρι.
3	1	58	2	0	0	1176	752	707	107	-1	
4	1	58	2	1	0	1198	752	685	37	-1	
5	1	58	2	1	1	1198	767	104	22	43.352821	ΤΑΜΟΓ:
5	1	58	2	1	2	1321	765	49	22	29.158104	τίς
5	1	58	2	1	3	1383	763	63	19	27.775337	δ-2-δ4
5	1	58	2	1	4	1461	761	37	19	95.259422	στό
5	1	58	2	1	5	1511	759	47	19	96.196182	Ναό
5	1	58	2	1	6	1575	759	44	17	93.061485	τῶν
5	1	58	2	1	7	1632	757	47	21	18.633186	'Ἁγ.
5	1	58	2	1	8	1692	755	95	18	96.624939	Πάντων
5	1	58	2	1	9	1802	752	81	19	91.271393	Καλλι-
4	1	58	2	2	0	1176	787	707	40	-1	
5	1	58	2	2	1	1176	805	48	22	79.156219	θέας
5	1	58	2	2	2	1239	804	79	21	92.273567	ἔγιναν
5	1	58	2	2	3	1335	801	20	18	45.940086	οἳ
5	1	58	2	2	4	1372	800	65	22	62.180840	γάμοι
5	1	58	2	2	5	1449	799	37	21	93.300804	τῆς
5	1	58	2	2	6	1500	798	18	17	90.211678	δ.
5	1	58	2	2	7	1537	794	124	24	91.148972	Χρυσδύλας
5	1	58	2	2	8	1677	792	26	17	91.720306	Π.
5	1	58	2	2	9	1720	789	110	19	92.591614	Μπολάνη
5	1	58	2	2	10	1857	787	26	22	82.057564	μέ
4	1	58	2	3	0	1177	834	341	25	-1	
5	1	58	2	3	1	1177	841	39	18	95.943008	τόν
5	1	58	2	3	2	1231	846	19	12	91.962021	κ.
5	1	58	2	3	3	1264	839	61	18	92.821968	Τάσο
5	1	58	2	3	4	1339	837	26	18	89.863625	Π.
5	1	58	2	3	5	1378	834	140	21	38.914673	Κακαλέτρη.
3	1	58	3	0	0	1180	860	705	74	-1	
4	1	58	3	1	0	1201	860	684	35	-1	
5	1	58	3	1	1	1201	887	23	3	20.236259	ο.
5	1	58	3	1	2	1237	874	60	21	0.000000	τήν
5	1	58	3	1	3	1314	872	82	20	89.938911	᾿Ἀθήνα
5	1	58	3	1	4	1413	871	80	21	89.415649	ἔγιναν
5	1	58	3	1	5	1504	868	20	18	88.124786	οἳ
5	1	58	3	1	6	1538	867	65	22	84.977036	γάμοι
5	1	58	3	1	7	1621	865	36	22	96.624672	τῆς
5	1	58	3	1	8	1672	862	109	22	49.041954	Γεωργίας
5	1	58	3	1	9	1798	860	87	18	69.452896	᾿Ἀναστ.
4	1	58	3	2	0	1180	900	507	34	-1	
5	1	58	3	2	1	1180	912	113	22	75.886749	Μπάρμπα
5	1	58	3	2	2	1307	909	26	23	87.772301	µέ
5	1	58	3	2	3	1347	908	39	18	93.142723	τόν
5	1	58	3	2	4	1403	912	20	13	92.652191	κ.
5	1	58	3	2	5	1441	905	82	19	92.585075	Γιάννη
5	1	58	3	2	6	1538	900	149	25	48.139572	Χρονόπουλ».
3	1	58	4	0	0	1182	931	706	71	-1	
4	1	58	4	1	0	1203	931	685	35	-1	
5	1	58	4	1	1	1203	958	23	3	0.000000	--.
5	1	58	4	1	2	1240	946	44	20	41.715145	Ἁτή
5	1	58	4	1	3	1301	944	89	22	90.174927	Ἀπάρτη
5	1	58	4	1	4	1407	943	37	21	93.222206	τῆς
5	1	58	4	1	5	1456	939	132	23	51.767746	᾿Αγγελυκῆς
5	1	58	4	1	6	1603	937	24	17	85.218781	Ἰ.
5	1	58	4	1	7	1645	933	126	23	39.068764	᾽Αδαμάνου
5	1	58	4	1	8	1796	931	92	22	83.034210	ὀνεφιᾶς
4	1	58	4	2	0	1182	980	198	22	-1	
5	1	58	4	2	1	1182	985	24	17	0.000000	ἄ,
5	1	58	4	2	2	1223	983	21	18	42.167187	Ε,.
5	1	58	4	2	3	1262	980	118	19	85.907089	Μπολάνη.
3	1	58	5	0	0	1205	1001	685	35	-1	
4	1	58	5	1	0	1205	1001	685	35	-1	
5	1	58	5	1	1	1205	1029	24	3	0.000000	α.
5	1	58	5	1	2	1239	1018	58	18	0.000000	τόν
5	1	58	5	1	3	1311	1015	92	19	67.621094	Καναδδ
5	1	58	5	1	4	1417	1013	79	22	67.621094	ἔγιναν
5	1	58	5	1	5	1506	1011	19	18	96.070709	οἱ
5	1	58	5	1	6	1537	1010	65	22	36.818420	γάμοι
5	1	58	5	1	7	1617	1008	36	21	95.562157	τῆς
5	1	58	5	1	8	1666	1006	29	18	92.628479	Μ.
5	1	58	5	1	9	1710	1005	25	18	91.937538	Π.
5	1	58	5	1	10	1750	1001	140	21	58.568417	Μανεσιώτη.
3	1	58	6	0	0	1185	1037	705	76	-1	
4	1	58	6	1	0	1206	1037	684	36	-1	
5	1	58	6	1	1	1206	1065	23	3	12.151192	ο
5	1	58	6	1	2	1245	1053	60	20	29.851189	Ἁτην
5	1	58	6	1	3	1323	1051	82	19	55.347656	᾿Αθήνο
5	1	58	6	1	4	1418	1049	79	22	92.302231	ἔγιναν
5	1	58	6	1	5	1511	1046	20	18	84.776619	οἳ
5	1	58	6	1	6	1548	1045	64	22	35.803970	γάμοι
5	1	58	6	1	7	1627	1043	37	17	93.283691	τοῦ
5	1	58	6	1	8	1679	1041	72	21	59.339302	Βάγιο
5	1	58	6	1	9	1769	1039	22	17	18.416168	1.
5	1	58	6	1	10	1806	1037	84	22	12.099869	Τσΐίχλη
4	1	58	6	2	0	1185	1078	348	35	-1	
5	1	58	6	2	1	1185	1091	25	22	45.775944	μέ
5	1	58	6	2	2	1225	1090	41	19	93.258011	τήν
5	1	58	6	2	3	1282	1089	18	17	90.611694	δ.
5	1	58	6	2	4	1317	1085	107	20	95.777321	Βασιλική
5	1	58	6	2	5	1438	1078	95	32	6.479607	Φουρλῆ.
3	1	58	7	0	0	1186	1108	705	74	-1	
4	1	58	7	1	0	1208	1108	683	36	-1	
5	1	58	7	1	1	1208	1136	23	4	39.084797	ο
5	1	58	7	1	2	1248	1124	60	20	54.736832	τὴν
5	1	58	7	1	3	1328	1121	106	20	92.274437	Πελλάνα
5	1	58	7	1	4	1451	1118	117	19	39.614555	τελέσθηκε
5	1	58	7	1	5	1584	1116	12	17	89.528358	ὃ
5	1	58	7	1	6	1615	1114	67	23	84.913284	γάµος
5	1	58	7	1	7	1697	1113	37	21	96.343597	τῆς
5	1	58	7	1	8	1748	1110	105	21	41.287975	Ιωάννας
5	1	58	7	1	9	1869	1108	22	17	91.831635	Δ.
4	1	58	7	2	0	1186	1148	429	34	-1	
5	1	58	7	2	1	1186	1162	84	19	43.368610	Μπακῆ
5	1	58	7	2	2	1286	1159	26	23	85.644463	µέ
5	1	58	7	2	3	1328	1158	39	18	90.351265	τόν
5	1	58	7	2	4	1381	1157	84	22	90.783234	Γιῶργο
5	1	58	7	2	5	1477	1155	34	21	25.760948	Ὦρ.
5	1	58	7	2	6	1526	1148	89	31	48.129539	Μποκη.
2	1	59	0	0	0	1188	1190	716	417	-1	
3	1	59	1	0	0	1188	1190	708	114	-1	
4	1	59	1	1	0	1211	1190	684	38	-1	
5	1	59	1	1	1	1211	1207	142	21	86.544128	ΦΑΝΑΤΟΙ:
5	1	59	1	1	2	1376	1204	48	22	77.826454	Στίς
5	1	59	1	1	3	1442	1202	63	18	28.471138	9:5:δὲ
5	1	59	1	1	4	1520	1200	80	18	96.731674	πέθανε
5	1	59	1	1	5	1616	1195	93	26	92.053535	ξαφνικά
5	1	59	1	1	6	1727	1194	38	20	92.053535	στή
5	1	59	1	1	7	1780	1192	89	22	90.782730	Σπάρτη
5	1	59	1	1	8	1883	1190	12	18	93.210464	ὁ
4	1	59	1	2	0	1188	1227	708	40	-1	
5	1	59	1	2	1	1188	1244	166	23	36.054935	ποσμαγάπητος
5	1	59	1	2	2	1365	1240	73	22	85.137054	Ἠλίας
5	1	59	1	2	3	1454	1239	68	17	27.642715	Παντ.
5	1	59	1	2	4	1537	1235	82	23	53.877407	Κοψιᾶς
5	1	59	1	2	5	1633	1232	37	19	83.108536	καὶ
5	1	59	1	2	6	1682	1230	123	21	61.312923	πηδεύτηκε
5	1	59	1	2	7	1821	1227	27	23	66.325668	μέ
5	1	59	1	2	8	1861	1232	35	17	90.048866	µε-
4	1	59	1	3	0	1189	1271	297	33	-1	
5	1	59	1	3	1	1189	1282	57	22	91.062180	γάλη
5	1	59	1	3	2	1260	1277	122	25	47.589993	συμμετοχή
5	1	59	1	3	3	1399	1271	87	31	17.554474	πόσμου.
3	1	59	2	0	0	1190	1298	709	146	-1	
4	1	59	2	1	0	1212	1298	685	37	-1	
5	1	59	2	1	1	1212	1327	23	4	18.836708	--
5	1	59	2	1	2	1250	1315	43	19	16.093933	Ἀτό
5	1	59	2	1	3	1306	1312	118	23	84.167473	Γεωργίτοι
5	1	59	2	1	4	1443	1310	42	22	70.365700	στίς
5	1	59	2	1	5	1505	1308	41	18	44.259384	1δ-δ
5	1	59	2	1	6	1561	1306	81	18	93.104195	πέθανε
5	1	59	2	1	7	1662	1303	73	21	89.705620	ἐπίσης
5	1	59	2	1	8	1751	1299	105	24	0.000000	ἁπαριαίακ
5	1	59	2	1	9	1886	1298	11	17	84.282402	ὃ
4	1	59	2	2	0	1190	1335	708	39	-1	
5	1	59	2	2	1	1190	1351	155	23	89.394829	ἀντιπρόεδρος
5	1	59	2	2	2	1362	1349	37	21	96.748329	τῆς
5	1	59	2	2	3	1413	1345	134	20	75.432762	Ἐοινότητας
5	1	59	2	2	4	1565	1341	115	20	89.935272	Παντελῆς
5	1	59	2	2	5	1695	1337	97	21	22.293724	Γκλένας
5	1	59	2	2	6	1810	1335	37	18	63.245136	καὶ
5	1	59	2	2	7	1861	1339	37	14	52.518120	πη-
4	1	59	2	3	0	1191	1370	708	38	-1	
5	1	59	2	3	1	1191	1389	94	19	41.420570	δεύτηκε
5	1	59	2	3	2	1303	1385	103	21	91.259872	πάνδηµα
5	1	59	2	3	3	1425	1382	43	21	74.104950	στίς
5	1	59	2	3	4	1481	1380	43	18	80.198853	21-δ
5	1	59	2	3	5	1540	1377	158	23	66.435089	περιμένοντας
5	1	59	2	3	6	1714	1373	26	18	89.277618	τό
5	1	59	2	3	7	1760	1370	75	20	92.595650	παιδιά
5	1	59	2	3	8	1862	1375	37	12	82.481766	τὸυ
4	1	59	2	4	0	1192	1410	377	34	-1	
5	1	59	2	4	1	1192	1424	39	18	90.748062	πού
5	1	59	2	4	2	1245	1423	70	21	90.715790	ἦλθαν
5	1	59	2	4	3	1327	1420	42	19	86.376106	ἀπό
5	1	59	2	4	4	1383	1418	42	21	94.254250	τήν
5	1	59	2	4	5	1438	1410	131	32	40.652657	Αὐστραλίο..
3	1	59	3	0	0	1194	1441	710	166	-1	
4	1	59	3	1	0	1215	1441	686	37	-1	
5	1	59	3	1	1	1215	1470	24	3	39.835457	--
5	1	59	3	1	2	1251	1458	45	19	80.015625	Ἁτή
5	1	59	3	1	3	1311	1456	89	22	73.364090	Ἀπάρτη
5	1	59	3	1	4	1410	1453	81	18	92.635139	πέθανε
5	1	59	3	1	5	1504	1451	12	20	34.863754	ἢ
5	1	59	3	1	6	1530	1448	98	23	93.181648	Γεωργία
5	1	59	3	1	7	1643	1444	143	20	30.478157	᾿ἨΗλιοπούλου
5	1	59	3	1	8	1797	1442	25	18	78.744499	τό
5	1	59	3	1	9	1836	1441	65	22	83.827370	γένος
4	1	59	3	2	0	1194	1476	708	41	-1	
5	1	59	3	2	1	1194	1495	72	22	90.225113	Δήμου
5	1	59	3	2	2	1280	1493	36	18	21.148621	παΐ:
5	1	59	3	2	3	1332	1491	37	18	96.731285	στό
5	1	59	3	2	4	1386	1488	117	23	57.478008	Γεωργίτσι
5	1	59	3	2	5	1517	1486	13	20	90.864853	ἡ
5	1	59	3	2	6	1549	1483	98	23	78.137001	Γεωρνία
5	1	59	3	2	7	1661	1482	22	17	42.078480	Τ,
5	1	59	3	2	8	1700	1479	104	19	81.566704	Πλαϊνοῦ.
5	1	59	3	2	9	1817	1476	85	21	81.566704	Ἐπίσης
4	1	59	3	3	0	1195	1522	371	30	-1	
5	1	59	3	3	1	1195	1532	13	19	62.973724	ἡ
5	1	59	3	3	2	1223	1528	130	24	39.732838	ζαχαρούλα
5	1	59	3	3	3	1368	1526	43	18	56.318134	᾿Αθ.
5	1	59	3	3	4	1426	1522	140	20	90.715683	Μανεσιώτη.
4	1	59	3	4	0	1328	1548	575	34	-1	
5	1	59	3	4	1	1328	1562	81	20	0.000000	λΑθήνα
5	1	59	3	4	2	1422	1560	80	18	91.795372	πέθανε
5	1	59	3	4	3	1514	1558	12	17	90.533585	ὁ
5	1	59	3	4	4	1539	1555	109	21	34.609497	Νικόλαος
5	1	59	3	4	5	1661	1553	21	18	28.534203	Τ,
5	1	59	3	4	6	1695	1550	100	22	66.327797	Καλύέας
5	1	59	3	4	7	1806	1549	22	18	61.171272	12
5	1	59	3	4	8	1841	1548	62	17	80.483826	ἐτῶν.
4	1	59	3	5	0	1707	1581	197	26	-1	
5	1	59	3	5	1	1707	1587	12	17	90.401222	ὃ
5	1	59	3	5	2	1732	1586	51	21	47.463417	συν)
5	1	59	3	5	3	1788	1589	36	17	47.463417	χος
5	1	59	3	5	4	1838	1581	66	23	90.118347	Ἱερέ-
2	1	60	0	0	0	1198	1564	716	485	-1	
3	1	60	1	0	0	1219	1564	96	20	-1	
4	1	60	1	1	0	1219	1564	96	20	-1	
5	1	60	1	1	1	1219	1576	23	4	0.000000	θ-
5	1	60	1	1	2	1255	1564	60	20	49.770531	τήν
3	1	60	2	0	0	1198	1588	492	72	-1	
4	1	60	2	1	0	1220	1588	470	30	-1	
5	1	60	2	1	1	1220	1611	23	4	27.946449	ο
5	1	60	2	1	2	1260	1600	86	18	94.515518	Πέθανε
5	1	60	2	1	3	1361	1597	37	18	78.264389	καὶ
5	1	60	2	1	4	1409	1594	123	21	69.576965	κηδεύτηκε
5	1	60	2	1	5	1546	1591	37	18	95.235825	στό
5	1	60	2	1	6	1596	1588	94	22	8.600578	Ἰαστόρι
4	1	60	2	2	0	1198	1624	485	36	-1	
5	1	60	2	2	1	1198	1642	24	18	93.295410	ας
5	1	60	2	2	2	1239	1636	86	20	70.203583	Παναν.
5	1	60	2	2	3	1342	1633	32	18	0.000000	᾽Α.
5	1	60	2	2	4	1389	1629	178	23	82.677856	᾽Αλαφόγιαννης
5	1	60	2	2	5	1581	1626	57	17	78.696098	ἐτῶν
5	1	60	2	2	6	1654	1624	29	17	16.731453	ὅδ.
3	1	60	3	0	0	1200	1653	707	76	-1	
4	1	60	3	1	0	1222	1653	685	37	-1	
5	1	60	3	1	1	1222	1683	23	3	54.202339	--
5	1	60	3	1	2	1260	1671	43	19	38.339653	τό
5	1	60	3	1	3	1320	1668	94	22	80.503021	Καστόρι
5	1	60	3	1	4	1426	1666	92	22	44.047909	θρέδηχε
5	1	60	3	1	5	1533	1661	69	23	96.789696	νεκρή
5	1	60	3	1	6	1616	1660	25	18	93.266060	σέ
5	1	60	3	1	7	1658	1657	85	24	51.592339	πρηµνό
5	1	60	3	1	8	1757	1656	12	20	41.124886	ἤ
5	1	60	3	1	9	1784	1653	123	24	18.761520	Χαρίνλειο
4	1	60	3	2	0	1200	1704	223	25	-1	
5	1	60	3	2	1	1200	1710	23	17	91.982452	Δ.
5	1	60	3	2	2	1239	1704	184	25	57.705353	᾽Αγγελοπούλου.
3	1	60	4	0	0	1224	1721	684	42	-1	
4	1	60	4	1	0	1224	1721	684	42	-1	
5	1	60	4	1	1	1224	1755	14	3	9.167648	ο
5	1	60	4	1	2	1255	1742	43	20	43.351593	Στό
5	1	60	4	1	3	1314	1739	117	24	8.727783	Γεωργίτοι
5	1	60	4	1	4	1447	1737	80	18	93.263832	πέθανε
5	1	60	4	1	5	1539	1735	11	17	75.363426	ὃ
5	1	60	4	1	6	1564	1733	94	21	93.216888	Γιάννης
5	1	60	4	1	7	1672	1730	59	18	71.791618	᾿Ἀντ.
5	1	60	4	1	8	1748	1721	160	32	45.375992	Τιοννακάχης.
3	1	60	5	0	0	1203	1760	707	112	-1	
4	1	60	5	1	0	1224	1760	686	40	-1	
5	1	60	5	1	1	1224	1790	24	4	0.000000	---.
5	1	60	5	1	2	1260	1778	49	22	50.219959	Στίς
5	1	60	5	1	3	1322	1777	37	22	48.268017	ϐ)9
5	1	60	5	1	4	1374	1775	80	18	95.905182	πέθανε
5	1	60	5	1	5	1471	1771	36	20	44.531361	καί
5	1	60	5	1	6	1524	1769	123	21	55.115509	κηδεύτηκε
5	1	60	5	1	7	1660	1766	39	20	89.681572	στή
5	1	60	5	1	8	1713	1764	89	22	89.802773	Σπάρτη
5	1	60	5	1	9	1814	1762	12	20	70.409737	ἡ
5	1	60	5	1	10	1843	1760	67	19	86.855103	Στέλ-
4	1	60	5	2	0	1203	1797	707	38	-1	
5	1	60	5	2	1	1203	1818	27	16	86.543686	λα
5	1	60	5	2	2	1250	1816	86	19	59.019409	Παναγ.
5	1	60	5	2	3	1357	1811	80	19	89.620621	Ῥασσιδ
5	1	60	5	2	4	1449	1808	43	19	94.771332	ἀπό
5	1	60	5	2	5	1507	1807	42	20	90.298843	τήν
5	1	60	5	2	6	1565	1803	107	20	90.298843	Πελλάνα
5	1	60	5	2	7	1691	1802	57	17	70.522079	ἔτῶν
5	1	60	5	2	8	1766	1800	28	18	26.948898	Ἰ,
5	1	60	5	2	9	1824	1797	86	23	81.944542	σύζυγος
4	1	60	5	3	0	1203	1840	477	32	-1	
5	1	60	5	3	1	1203	1853	37	17	93.155289	τοῦ
5	1	60	5	3	2	1254	1856	17	13	93.155289	τ.
5	1	60	5	3	3	1286	1847	130	25	39.364388	Γραμματέα
5	1	60	5	3	4	1432	1843	125	24	91.917618	Δημαρχίας
5	1	60	5	3	5	1574	1840	106	22	64.432724	Σπάρτης.
3	1	60	6	0	0	1205	1875	470	67	-1	
4	1	60	6	1	0	1227	1875	448	30	-1	
5	1	60	6	1	1	1227	1898	23	3	6.091827	--.
5	1	60	6	1	2	1265	1886	86	18	91.872345	Πέθανε
5	1	60	6	1	3	1367	1883	29	22	93.252609	εἰς
5	1	60	6	1	4	1407	1881	78	19	40.187954	1.8.Α.
5	1	60	6	1	5	1498	1876	118	21	25.742813	ΚΕΑΠΕΝΥ
5	1	60	6	1	6	1627	1875	48	18	0.000000	Ν.ὄ.
4	1	60	6	2	0	1205	1910	357	32	-1	
5	1	60	6	2	1	1205	1922	146	20	35.885056	σπευοσπούλου
5	1	60	6	2	2	1365	1918	42	19	96.341606	ἀπό
5	1	60	6	2	3	1421	1917	24	18	96.851379	τό
5	1	60	6	2	4	1461	1910	101	31	78.803764	Καστόρι.
3	1	60	7	0	0	1208	1943	706	75	-1	
4	1	60	7	1	0	1228	1943	686	35	-1	
5	1	60	7	1	1	1228	1970	24	3	29.571327	-.
5	1	60	7	1	2	1262	1958	60	20	1.283997	τήν
5	1	60	7	1	3	1338	1953	105	25	82.446167	᾽Αμεριμή
5	1	60	7	1	4	1459	1952	81	18	93.080368	πέθανε
5	1	60	7	1	5	1554	1950	11	17	89.383118	ὃ
5	1	60	7	1	6	1578	1948	82	21	82.366875	ΣπΌρος
5	1	60	7	1	7	1677	1943	168	24	82.306732	Γεωργόπουλος
5	1	60	7	1	8	1862	1945	52	17	62.198524	Υαµ-
4	1	60	7	2	0	1208	1990	239	28	-1	
5	1	60	7	2	1	1208	1995	48	23	91.275299	θρός
5	1	60	7	2	2	1271	1995	25	17	91.802635	Ν.
5	1	60	7	2	3	1310	1990	137	24	36.802376	Γεωρνούλη.
3	1	60	8	0	0	1230	2018	433	31	-1	
4	1	60	8	1	0	1230	2018	433	31	-1	
5	1	60	8	1	1	1230	2041	24	4	0.000000	ο
5	1	60	8	1	2	1264	2029	43	19	51.434814	Ἡτό
5	1	60	8	1	3	1324	2025	129	24	29.744408	Δογγανίνο
5	1	60	8	1	4	1469	2023	80	18	95.731438	πέθανε
5	1	60	8	1	5	1564	2020	12	18	89.293434	ὁ
5	1	60	8	1	6	1590	2018	73	22	89.293434	Ἠλίας
2	1	61	0	0	0	1692	1869	220	25	-1	
3	1	61	1	0	0	1692	1869	220	25	-1	
4	1	61	1	1	0	1692	1869	220	25	-1	
5	1	61	1	1	1	1692	1873	12	20	63.115528	ἡ
5	1	61	1	1	2	1720	1871	105	23	92.080109	Χριστίνα
5	1	61	1	1	3	1841	1869	71	21	91.643158	Παρα-
2	1	62	0	0	0	1681	2012	222	24	-1	
3	1	62	1	0	0	1681	2012	222	24	-1	
4	1	62	1	1	0	1681	2012	222	24	-1	
5	1	62	1	1	1	1681	2017	24	17	41.926521	Ἰ.
5	1	62	1	1	2	1723	2012	180	24	93.703323	Μακρυγιάννης.
2	1	63	0	0	0	1365	2054	399	27	-1	
3	1	63	1	0	0	1365	2054	399	27	-1	
4	1	63	1	1	0	1365	2054	399	27	-1	
5	1	63	1	1	1	1365	2059	167	22	46.473877	Συλλυπούμµεθα
5	1	63	1	1	2	1547	2056	47	22	91.342453	τούς
5	1	63	1	1	3	1608	2054	92	21	42.278004	οἰχείους
5	1	63	1	1	4	1714	2055	50	14	82.279175	των.
2	1	64	0	0	0	1210	2099	717	505	-1	
3	1	64	1	0	0	1210	2099	711	217	-1	
4	1	64	1	1	0	1234	2099	683	39	-1	
5	1	64	1	1	1	1234	2114	197	24	82.829651	ΜΝΗΜΟΣΥΝΑ:
5	1	64	1	1	2	1449	2112	49	22	96.044319	Στίς
5	1	64	1	1	3	1516	2110	48	22	50.670532	19)δ
5	1	64	1	1	4	1580	2107	119	20	46.133751	τελέσθηκε
5	1	64	1	1	5	1717	2103	54	21	35.750824	στήν
5	1	64	1	1	6	1789	2099	128	21	90.407875	Ὑπαπαντή
4	1	64	1	2	0	1210	2132	708	43	-1	
5	1	64	1	2	1	1210	2156	24	18	96.864220	τό
5	1	64	1	2	2	1248	2152	149	23	65.085060	καθιερωμένο
5	1	64	1	2	3	1410	2148	125	24	41.717064	μνημέσυνο
5	1	64	1	2	4	1549	2146	37	17	93.286217	τοῦ
5	1	64	1	2	5	1601	2143	133	22	72.491486	ἀείμνηστου
5	1	64	1	2	6	1747	2132	171	33	81.047852	ἀρχιμανδρίτου
4	1	64	1	3	0	1211	2171	708	43	-1	
5	1	64	1	3	1	1211	2189	112	25	71.474503	Σεραφείμ
5	1	64	1	3	2	1339	2187	101	19	92.209824	Πάτσιου.
5	1	64	1	3	3	1456	2183	99	23	89.870659	Προέστη
5	1	64	1	3	4	1568	2181	12	17	87.804413	ὁ
5	1	64	1	3	5	1594	2179	108	22	44.860962	᾿Αρχτης
5	1	64	1	3	6	1712	2182	20	12	76.634735	π.
5	1	64	1	3	7	1746	2173	119	23	77.666641	Παρθένιος
5	1	64	1	3	8	1880	2171	39	19	20.899033	όδη
4	1	64	1	4	0	1212	2206	708	43	-1	
5	1	64	1	4	1	1212	2227	102	22	47.121170	θούμενος
5	1	64	1	4	2	1327	2223	41	19	96.800331	ὑπό
5	1	64	1	4	3	1381	2222	37	18	96.521637	τοῦ
5	1	64	1	4	4	1432	2218	118	25	88.857231	ἐφημερίου
5	1	64	1	4	5	1567	2222	20	12	88.857231	π.
5	1	64	1	4	6	1602	2216	25	17	19.956551	Ἱκ.
5	1	64	1	4	7	1639	2212	122	23	17.191017	Γιατράχου
5	1	64	1	4	8	1778	2209	37	19	5.573006	παί
5	1	64	1	4	9	1831	2209	44	17	93.922562	τῶν
5	1	64	1	4	10	1893	2206	27	18	0.000000	τε-
4	1	64	1	5	0	1214	2242	707	44	-1	
5	1	64	1	5	1	1214	2261	115	25	80.495865	ροψαλτῶν
5	1	64	1	5	2	1346	2259	26	18	90.956345	Π.
5	1	64	1	5	3	1387	2257	120	20	66.551651	Ῥιάνναρη,
5	1	64	1	5	4	1522	2254	53	21	92.874901	Δημ.
5	1	64	1	5	5	1591	2249	104	23	7.695251	Ἐσερωτᾶ
5	1	64	1	5	6	1706	2247	36	18	50.758320	καί
5	1	64	1	5	7	1757	2246	36	17	90.981865	τοῦ
5	1	64	1	5	8	1809	2242	112	22	78.194740	Καλλίφω-
4	1	64	1	6	0	1215	2292	269	24	-1	
5	1	64	1	6	1	1215	2304	38	12	93.288437	νου
5	1	64	1	6	2	1267	2298	53	17	26.188210	Ῥασ.
5	1	64	1	6	3	1334	2296	25	17	91.277573	Ἡ.
5	1	64	1	6	4	1373	2292	111	23	48.130589	Ἐσερωτᾶ.
3	1	64	2	0	0	1216	2315	707	77	-1	
4	1	64	2	1	0	1238	2315	685	39	-1	
5	1	64	2	1	1	1238	2344	24	3	16.780663	κ
5	1	64	2	1	2	1276	2332	49	22	5.366043	τίς
5	1	64	2	1	3	1341	2330	49	22	81.416969	7)10
5	1	64	2	1	4	1403	2327	136	19	25.383461	τελέσθηκοαν
5	1	64	2	1	5	1554	2323	52	18	93.678223	στόν
5	1	64	2	1	6	1619	2321	68	22	93.100624	"Άγιο
5	1	64	2	1	7	1701	2317	117	20	78.843430	᾿Ἀθανάσιο
5	1	64	2	1	8	1832	2315	27	17	73.638168	τά
5	1	64	2	1	9	1871	2318	52	18	37.618935	µνη-
4	1	64	2	2	0	1216	2349	707	43	-1	
5	1	64	2	2	1	1216	2370	82	22	66.992218	µόσυνα
5	1	64	2	2	2	1310	2367	44	18	80.116379	Ἐλ.
5	1	64	2	2	3	1367	2366	16	17	43.698227	ΙΓ.
5	1	64	2	2	4	1393	2362	132	20	90.859825	Μανεσιώτη
5	1	64	2	2	5	1539	2359	37	19	69.510864	καί
5	1	64	2	2	6	1591	2356	140	23	3.014763	αχαρούλοας
5	1	64	2	2	7	1744	2354	25	17	89.010994	Α.
5	1	64	2	2	8	1784	2349	139	21	82.880707	Μανεσιώτη.
3	1	64	3	0	0	1219	2384	706	79	-1	
4	1	64	3	1	0	1240	2384	685	39	-1	
5	1	64	3	1	1	1240	2415	23	4	0.000000	ας
5	1	64	3	1	2	1276	2403	60	20	81.819458	Ἁτήν
5	1	64	3	1	3	1350	2401	120	22	74.740097	᾽Αγόριανη
5	1	64	3	1	4	1485	2397	24	18	93.132309	τό
5	1	64	3	1	5	1523	2395	74	20	71.766647	ἐτήσιο
5	1	64	3	1	6	1607	2391	125	25	74.217873	μνημόσυνο
5	1	64	3	1	7	1743	2389	37	18	96.545090	τοῦ
5	1	64	3	1	8	1794	2387	73	18	30.120346	'Ἀθαν.
5	1	64	3	1	9	1880	2384	45	22	54.580936	Ῥέρ
4	1	64	3	2	0	1219	2438	176	25	-1	
5	1	64	3	2	1	1219	2442	67	21	91.706215	γαδου
5	1	64	3	2	2	1300	2439	13	20	88.547493	ἤ
5	1	64	3	2	3	1327	2438	68	18	0.302490	Τόποι.
3	1	64	4	0	0	1219	2456	708	115	-1	
4	1	64	4	1	0	1242	2456	685	40	-1	
5	1	64	4	1	1	1242	2473	130	23	87.908775	ΑΦΙΞΕΙΣ:
5	1	64	4	1	2	1396	2472	24	17	65.718597	Ὁ
5	1	64	4	1	3	1438	2475	20	13	87.234772	κ.
5	1	64	4	1	4	1477	2468	94	21	93.017929	Γιάννης
5	1	64	4	1	5	1590	2466	22	17	90.988731	Δ.
5	1	64	4	1	6	1625	2460	164	24	91.487167	Καλαθρυτινός
5	1	64	4	1	7	1805	2456	122	22	47.340500	ἐπεσπέφθδη
4	1	64	4	2	0	1219	2490	708	42	-1	
5	1	64	4	2	1	1219	2512	25	18	92.998215	τό
5	1	64	4	2	2	1256	2509	117	23	81.151367	Γεωργίτοι
5	1	64	4	2	3	1384	2508	79	20	92.354134	ὕστερα
5	1	64	4	2	4	1473	2504	43	19	95.294380	ἀπό
5	1	64	4	2	5	1527	2502	48	23	75.719078	μισό
5	1	64	4	2	6	1585	2500	77	19	52.130322	αἰώνοι,
5	1	64	4	2	7	1672	2498	68	23	17.417480	θρΏχε
5	1	64	4	2	8	1754	2494	123	21	88.252289	θελτιώσεις
5	1	64	4	2	9	1890	2490	37	19	96.587288	στό
4	1	64	4	3	0	1221	2531	493	40	-1	
5	1	64	4	3	1	1221	2547	72	24	96.400002	χωριό,
5	1	64	4	3	2	1307	2544	59	19	93.382050	ἀλλά
5	1	64	4	3	3	1379	2542	92	22	91.614822	ἔλλειφη
5	1	64	4	3	4	1486	2539	98	23	50.625835	μονίμων
5	1	64	4	3	5	1598	2531	116	31	23.635452	ποατοίκχων.
3	1	64	5	0	0	1244	2568	556	36	-1	
4	1	64	5	1	0	1244	2568	556	36	-1	
5	1	64	5	1	1	1244	2594	23	3	0.678680	ο
5	1	64	5	1	2	1281	2582	69	22	0.000000	Ἠρθε
5	1	64	5	1	3	1361	2579	43	19	93.269997	ἀπό
5	1	64	5	1	4	1415	2576	106	24	88.821068	᾽Αμερική
5	1	64	5	1	5	1533	2574	26	23	80.162216	μέ
5	1	64	5	1	6	1571	2573	41	20	96.786674	τήν
5	1	64	5	1	7	1622	2568	128	24	58.135166	οἰχογένειά
5	1	64	5	1	8	1763	2572	37	13	80.426064	του
2	1	65	0	0	0	1222	2608	405	34	-1	
3	1	65	1	0	0	1222	2608	405	34	-1	
4	1	65	1	1	0	1222	2608	405	34	-1	
5	1	65	1	1	1	1222	2625	24	17	95.874062	ας
5	1	65	1	1	2	1262	2619	55	17	91.709801	Παν.
5	1	65	1	1	3	1332	2615	101	21	33.086426	Μπακῆς.
5	1	65	1	1	4	1447	2611	63	20	96.392662	Καλή
5	1	65	1	1	5	1526	2608	101	24	45.759750	διαμονή.
2	1	66	0	0	0	1814	2562	115	21	-1	
3	1	66	1	0	0	1814	2562	115	21	-1	
4	1	66	1	1	0	1814	2562	115	21	-1	
5	1	66	1	1	1	1814	2566	12	17	64.005157	ὃ
5	1	66	1	1	2	1838	2570	20	13	68.960556	κ.
5	1	66	1	1	3	1872	2562	57	19	84.699051	Ἠλί-
2	1	67	0	0	0	1684	2644	244	12	-1	
3	1	67	1	0	0	1684	2644	244	12	-1	
4	1	67	1	1	0	1684	2644	244	12	-1	
5	1	67	1	1	1	1684	2650	119	6	12.882545	αιμα
5	1	67	1	1	2	1836	2644	92	8	0.000000	 --
2	1	68	0	0	0	1388	2674	382	33	-1	
3	1	68	1	0	0	1388	2674	382	33	-1	
4	1	68	1	1	0	1388	2674	382	33	-1	
5	1	68	1	1	1	1388	2674	382	33	69.533150	ΕΥΧΑΡΙΣΤΗΡΙΟ
2	1	69	0	0	0	1386	2657	147	9	-1	
3	1	69	1	0	0	1386	2657	147	9	-1	
4	1	69	1	1	0	1386	2657	147	9	-1	
5	1	69	1	1	1	1386	2657	147	9	95.000000	 
2	1	70	0	0	0	1234	2662	151	10	-1	
3	1	70	1	0	0	1234	2662	151	10	-1	
4	1	70	1	1	0	1234	2662	151	10	-1	
5	1	70	1	1	1	1234	2662	151	10	95.000000	 
2	1	71	0	0	0	1226	2726	710	256	-1	
3	1	71	1	0	0	1226	2726	710	183	-1	
4	1	71	1	1	0	1258	2726	676	42	-1	
5	1	71	1	1	1	1258	2755	22	2	14.482971	ο.
5	1	71	1	1	2	1296	2740	181	28	4.881859	Εκοφράξουμε
5	1	71	1	1	3	1491	2736	39	27	96.356880	τίς
5	1	71	1	1	4	1548	2733	150	28	82.754517	θερµότατες
5	1	71	1	1	5	1711	2726	157	30	90.325577	εὐχαριστίες
5	1	71	1	1	6	1886	2731	48	20	94.923141	µας
4	1	71	1	2	0	1226	2760	709	48	-1	
5	1	71	1	2	1	1226	2780	62	28	93.303230	πρός
5	1	71	1	2	2	1301	2778	74	26	91.373993	ὅλους
5	1	71	1	2	3	1390	2775	60	26	96.603439	τούς
5	1	71	1	2	4	1468	2772	141	28	91.364059	συγγενεῖς,
5	1	71	1	2	5	1628	2765	129	31	94.593872	γνωστούς
5	1	71	1	2	6	1773	2762	43	22	32.148697	καΐ
5	1	71	1	2	7	1843	2760	92	28	89.566139	φίλους
4	1	71	1	3	0	1227	2794	709	47	-1	
5	1	71	1	3	1	1227	2816	47	22	93.298088	πού
5	1	71	1	3	2	1289	2809	243	32	48.061096	συµπαραστάθηκαν
5	1	71	1	3	3	1546	2806	42	21	73.140938	στό
5	1	71	1	3	4	1606	2803	62	28	37.954193	θαρύ
5	1	71	1	3	5	1679	2800	93	27	95.025047	πένθος
5	1	71	1	3	6	1786	2806	49	20	96.714600	µας
5	1	71	1	3	7	1851	2796	41	28	96.284531	γιά
5	1	71	1	3	8	1909	2794	27	22	96.862778	τό
4	1	71	1	4	0	1228	2830	707	44	-1	
5	1	71	1	4	1	1228	2852	90	22	95.868866	θάνατο
5	1	71	1	4	2	1335	2850	43	20	93.302376	τοῦ
5	1	71	1	4	3	1393	2844	159	30	69.615234	ἀγαπημένου
5	1	71	1	4	4	1571	2848	47	21	95.665833	µας
5	1	71	1	4	5	1635	2838	118	26	91.203758	συξύγου,
5	1	71	1	4	6	1770	2833	104	27	96.119446	πατέρα,
5	1	71	1	4	7	1889	2830	46	22	92.540512	θεί-
4	1	71	1	5	0	1229	2884	219	25	-1	
5	1	71	1	5	1	1229	2896	28	13	96.416496	ου
5	1	71	1	5	2	1283	2886	42	21	92.574387	καί
5	1	71	1	5	3	1347	2884	101	22	76.058136	παπσοῦ
3	1	71	2	0	0	1261	2908	647	74	-1	
4	1	71	2	1	0	1405	2908	362	31	-1	
5	1	71	2	1	1	1405	2918	20	21	0.000000	Ἠ
5	1	71	2	1	2	1432	2916	62	23	0.000000	ΔΙΑ
5	1	71	2	1	3	1517	2913	107	23	61.761505	ΠΑΝΤ.
5	1	71	2	1	4	1649	2908	118	24	91.505249	ΚΟΨΙΑ
4	1	71	2	2	0	1261	2942	647	40	-1	
5	1	71	2	2	1	1261	2958	35	21	0.000000	Ἡ
5	1	71	2	2	2	1313	2957	117	25	86.576073	σύξυγος,
5	1	71	2	2	3	1446	2953	29	21	91.514221	τά
5	1	71	2	2	4	1492	2950	86	23	96.437592	παιδιά
5	1	71	2	2	5	1593	2956	43	13	96.437592	του
5	1	71	2	2	6	1654	2946	42	21	54.122849	καί
5	1	71	2	2	7	1707	2945	30	21	93.300766	τά
5	1	71	2	2	8	1752	2942	100	28	92.117035	ἐγγόνια
5	1	71	2	2	9	1865	2948	43	13	96.767021	του
2	1	72	0	0	0	1305	3014	567	36	-1	
3	1	72	1	0	0	1305	3014	567	36	-1	
4	1	72	1	1	0	1305	3014	567	36	-1	
5	1	72	1	1	1	1305	3025	179	25	45.216846	ΛΟΓΙΣΤΙΚΟ
5	1	72	1	1	2	1495	3020	142	25	45.216846	ΓΡΑΦΕΙΟ
5	1	72	1	1	3	1651	3019	17	21	81.228569	ἃ
5	1	72	1	1	4	1682	3014	190	25	85.268166	ΑΣΦΑΛΕΙΕΣ
2	1	73	0	0	0	1460	3071	259	44	-1	
3	1	73	1	0	0	1460	3071	259	44	-1	
4	1	73	1	1	0	1460	3071	259	44	-1	
5	1	73	1	1	1	1460	3077	66	38	14.800583	ΝΙΜ.
5	1	73	1	1	2	1547	3075	41	38	47.925514	8.
5	1	73	1	1	3	1610	3071	109	40	0.000000	ΣΓΛΟΣ
2	1	74	0	0	0	1284	3123	617	96	-1	
3	1	74	1	0	0	1284	3123	617	96	-1	
4	1	74	1	1	0	1350	3123	482	35	-1	
5	1	74	1	1	1	1350	3133	161	25	90.475082	ΛΟΓΙΣΤΗΣ
5	1	74	1	1	2	1528	3144	7	3	85.993416	-
5	1	74	1	1	3	1548	3123	284	29	96.212494	ΟΙΚΟΝΟΜΟΛΟΓΟΣ
4	1	74	1	2	0	1284	3174	617	45	-1	
5	1	74	1	2	1	1284	3192	64	27	90.903809	ὁδός
5	1	74	1	2	2	1361	3191	26	21	89.008789	Κ.
5	1	74	1	2	3	1398	3186	190	27	80.347443	Παλαιολόγου
5	1	74	1	2	4	1601	3191	20	2	13.510506	--
5	1	74	1	2	5	1635	3182	106	28	96.564812	Σπάρτη
5	1	74	1	2	6	1753	3178	55	29	84.241684	τηλ.
5	1	74	1	2	7	1823	3174	78	24	84.079475	24-607
2	1	75	0	0	0	1789	27	102	11	-1	
3	1	75	1	0	0	1789	27	102	11	-1	
4	1	75	1	1	0	1789	27	102	11	-1	
5	1	75	1	1	1	1789	27	102	11	95.000000	 
2	1	76	0	0	0	1561	78	321	108	-1	
3	1	76	1	0	0	1561	78	321	108	-1	
4	1	76	1	1	0	1561	78	321	108	-1	
5	1	76	1	1	1	1561	78	321	108	95.000000	  
2	1	77	0	0	0	1881	334	295	32	-1	
3	1	77	1	0	0	1881	334	295	32	-1	
4	1	77	1	1	0	1881	334	295	32	-1	
5	1	77	1	1	1	1881	349	42	17	25.028755	1γο,
5	1	77	1	1	2	1940	342	38	23	95.509972	γιά
5	1	77	1	1	3	1991	341	29	17	93.173782	νά
5	1	77	1	1	4	2038	334	138	31	91.431931	τοποθετηθεῖ
2	1	78	0	0	0	2000	71	122	40	-1	
3	1	78	1	0	0	2000	71	122	40	-1	
4	1	78	1	1	0	2000	71	122	40	-1	
5	1	78	1	1	1	2000	71	122	40	13.567886	ΕΚΚΙΗΣΗ
2	1	79	0	0	0	1885	122	353	65	-1	
3	1	79	1	0	0	1885	122	353	65	-1	
4	1	79	1	1	0	1908	122	329	26	-1	
5	1	79	1	1	1	1908	129	23	17	0.000000	Ὃϕ
5	1	79	1	1	2	1946	134	20	12	92.346245	κ.
5	1	79	1	1	3	1980	128	22	17	0.000000	Ῥ.
5	1	79	1	1	4	2014	127	23	17	91.947975	Δ.
5	1	79	1	1	5	2054	123	105	25	47.018768	Ἀμυρνιός
5	1	79	1	1	6	2175	122	62	22	47.046017	πρὀξ-
4	1	79	1	2	0	1885	158	353	29	-1	
5	1	79	1	2	1	1885	166	49	21	72.821396	δρος
5	1	79	1	2	2	1951	164	38	17	93.215057	τοῦ
5	1	79	1	2	3	2007	159	163	26	81.316177	᾿Εξωραϊστικοῦ
5	1	79	1	2	4	2185	158	53	18	85.952744	Συλ-
2	1	80	0	0	0	1877	190	363	73	-1	
3	1	80	1	0	0	1877	190	363	73	-1	
4	1	80	1	1	0	1877	190	1	10	-1	
5	1	80	1	1	1	1877	190	1	10	48.612892	1
4	1	80	1	2	0	1885	193	354	29	-1	
5	1	80	1	2	1	1885	201	67	21	93.269157	λόγου
5	1	80	1	2	2	1970	196	149	24	31.958076	Γεωργιτσίου,
5	1	80	1	2	3	2133	194	65	19	88.539780	κάνει
5	1	80	1	2	4	2214	193	25	18	51.088234	ἔκ
4	1	80	1	3	0	1878	229	362	34	-1	
5	1	80	1	3	1	1878	237	79	26	0.000000	πληση
5	1	80	1	3	2	1979	234	50	22	96.909981	πρός
5	1	80	1	3	3	2043	232	48	23	93.294289	τούς
5	1	80	1	3	4	2109	229	131	24	46.959881	συμπατριῶ-
2	1	81	0	0	0	1879	264	363	34	-1	
3	1	81	1	0	0	1879	264	363	34	-1	
4	1	81	1	1	0	1879	264	363	34	-1	
5	1	81	1	1	1	1879	264	43	30	10.760490	Ἴτες
5	1	81	1	1	2	1936	271	37	18	32.682686	καὶ
5	1	81	1	1	3	1988	270	80	28	90.932846	φίλους,
5	1	81	1	1	4	2085	267	55	22	92.349258	ὅπως
5	1	81	1	1	5	2158	264	84	23	90.550644	ἐνισχύ-
2	1	82	0	0	0	1880	299	372	422	-1	
3	1	82	1	0	0	1880	299	365	174	-1	
4	1	82	1	1	0	1880	299	362	28	-1	
5	1	82	1	1	1	1880	299	61	27	54.605988	ἴσουν
5	1	82	1	1	2	1959	304	143	23	32.835526	οἰχονομικῶς
5	1	82	1	1	3	2118	302	24	18	92.701210	τό
5	1	82	1	1	4	2162	301	80	18	87.742516	Σύλλο-
4	1	82	1	2	0	2207	341	36	13	-1	
5	1	82	1	2	1	2207	341	36	13	21.426949	χοι-
4	1	82	1	3	0	1891	371	352	31	-1	
5	1	82	1	3	1	1891	378	90	24	20.569427	λφριφέρ
5	1	82	1	3	2	1996	376	38	18	93.297348	στό
5	1	82	1	3	3	2047	374	132	25	63.732330	ξενοδοχεῖο,
5	1	82	1	3	4	2207	371	36	18	46.585701	οί
4	1	82	1	4	0	1892	406	353	31	-1	
5	1	82	1	4	1	1892	415	88	22	92.844734	εὔχεται
5	1	82	1	4	2	1994	413	30	22	85.170372	εἰς
5	1	82	1	4	3	2038	412	62	21	83.294540	ὅλους
5	1	82	1	4	4	2115	409	78	22	91.167191	ὑγείαν
5	1	82	1	4	5	2208	406	37	19	44.396042	νοί
4	1	82	1	5	0	1885	451	109	22	-1	
5	1	82	1	5	1	1885	451	109	22	21.974182	Ιπρόοδον.
3	1	82	2	0	0	1886	478	366	243	-1	
4	1	82	2	1	0	1916	478	331	28	-1	
5	1	82	2	1	1	1916	497	24	3	23.933098	ο
5	1	82	2	1	2	1951	486	24	17	63.939518	Ὁ
5	1	82	2	1	3	1988	490	20	13	52.451416	κ.
5	1	82	2	1	4	2021	483	54	23	90.826210	Ῥοζέ
5	1	82	2	1	5	2087	481	93	22	84.139793	Μίλλιεξ
5	1	82	2	1	6	2191	478	56	19	36.647461	κατά
4	1	82	2	2	0	1886	511	362	31	-1	
5	1	82	2	2	1	1886	511	35	31	0.000000	τή
5	1	82	2	2	2	1940	520	126	22	73.561722	δεχαήµερη
5	1	82	2	2	3	2084	515	93	24	48.767387	διαμονή
5	1	82	2	2	4	2212	519	36	13	86.123070	του
4	1	82	2	3	0	1896	550	354	29	-1	
5	1	82	2	3	1	1896	558	37	18	93.270645	στό
5	1	82	2	3	2	1948	555	125	24	83.599617	Γεωργίτσι,
5	1	82	2	3	3	2086	553	24	18	91.725357	σέ
5	1	82	2	3	4	2137	550	113	24	29.800026	ἀφιέρωμο
4	1	82	2	4	0	1897	585	354	27	-1	
5	1	82	2	4	1	1897	594	39	18	95.085243	πού
5	1	82	2	4	2	1950	593	37	17	90.127731	τοῦ
5	1	82	2	4	3	2004	591	75	19	84.716232	ἔκανε,
5	1	82	2	4	4	2095	585	156	26	94.920708	χαρακτηρίζει
4	1	82	2	5	0	1889	620	363	32	-1	
5	1	82	2	5	1	1889	630	33	18	58.617138	Ιτό
5	1	82	2	5	2	1935	629	73	23	90.710815	ζεῦγος
5	1	82	2	5	3	2022	627	22	17	0.000000	Ὦ.
5	1	82	2	5	4	2056	623	114	24	17.387527	Σμυρνιοῦ,
5	1	82	2	5	5	2182	621	24	18	96.816444	τό
5	1	82	2	5	6	2217	620	35	18	96.922951	πιό
4	1	82	2	6	0	1899	657	353	30	-1	
5	1	82	2	6	1	1899	664	102	23	73.118011	φιλόξνεο
5	1	82	2	6	2	2013	661	125	22	85.170853	ἀνδρόγυνο
5	1	82	2	6	3	2152	659	36	21	93.136513	τῆς
5	1	82	2	6	4	2207	657	45	17	21.506035	Ἕλ-
4	1	82	2	7	0	1898	700	72	21	-1	
5	1	82	2	7	1	1898	700	72	21	89.751289	λάδος.
2	1	83	0	0	0	1884	401	11	362	-1	
3	1	83	1	0	0	1884	401	11	362	-1	
4	1	83	1	1	0	1884	401	11	362	-1	
5	1	83	1	1	1	1884	401	11	362	95.000000	 
2	1	84	0	0	0	1939	752	61	4	-1	
3	1	84	1	0	0	1939	752	61	4	-1	
4	1	84	1	1	0	1939	752	61	4	-1	
5	1	84	1	1	1	1939	752	61	4	95.000000	 
2	1	85	0	0	0	2001	744	251	11	-1	
3	1	85	1	0	0	2001	744	251	11	-1	
4	1	85	1	1	0	2001	744	251	11	-1	
5	1	85	1	1	1	2001	744	251	11	0.000000	οὐ
2	1	86	0	0	0	1959	781	247	43	-1	
3	1	86	1	0	0	1959	781	247	43	-1	
4	1	86	1	1	0	1959	781	247	43	-1	
5	1	86	1	1	1	1959	783	143	41	59.721474	ΠΡΩΤΛΣΕΙΣ
5	1	86	1	1	2	2125	781	81	39	34.439285	ΕΡΓΝ
2	1	87	0	0	0	1895	816	364	152	-1	
3	1	87	1	0	0	1895	816	1	10	-1	
4	1	87	1	1	0	1895	816	1	10	-1	
5	1	87	1	1	1	1895	816	1	10	46.456448	ἱ
3	1	87	2	0	0	1895	833	364	135	-1	
4	1	87	2	1	0	1895	833	363	33	-1	
5	1	87	2	1	1	1928	843	24	16	62.086594	Ἡ
5	1	87	2	1	2	1967	838	116	24	90.889191	Νομαρχία
5	1	87	2	1	3	2099	835	115	22	16.643913	Δοκωνίας
5	1	87	2	1	4	2232	833	26	23	41.610191	Μέ
4	1	87	2	2	0	1897	869	362	40	-1	
5	1	87	2	2	1	1897	878	32	31	0.000000	τό
5	1	87	2	2	2	1954	876	53	23	80.064735	ἀριθ.
5	1	87	2	2	3	2025	875	42	21	59.368813	141)
5	1	87	2	2	4	2075	868	73	35	1.141998	14-90-54
5	1	87	2	2	5	2180	869	79	23	73.745354	Εγγρά-
4	1	87	2	3	0	1906	903	267	33	-1	
5	1	87	2	3	1	1906	913	27	23	89.578415	φό
5	1	87	2	3	2	1959	917	37	17	96.267479	της
5	1	87	2	3	3	2050	903	123	32	31.637253	παροχαλεῖ
4	1	87	2	4	0	1908	948	138	20	-1	
5	1	87	2	4	1	1908	948	138	20	9.113625	Ἐορινότητες.
2	1	88	0	0	0	1894	777	2	15	-1	
3	1	88	1	0	0	1894	777	2	15	-1	
4	1	88	1	1	0	1894	777	2	15	-1	
5	1	88	1	1	1	1894	777	2	15	0.000000	Ι
2	1	89	0	0	0	1900	904	369	389	-1	
3	1	89	1	0	0	1900	904	369	389	-1	
4	1	89	1	1	0	2230	904	30	22	-1	
5	1	89	1	1	1	2230	904	30	22	96.569824	τίς
4	1	89	1	2	0	2073	940	189	24	-1	
5	1	89	1	2	1	2073	945	24	17	95.805023	σέ
5	1	89	1	2	2	2129	940	133	24	92.823715	συνεργασία
4	1	89	1	3	0	1900	972	363	35	-1	
5	1	89	1	3	1	1900	972	35	35	0.000000	μέ
5	1	89	1	3	2	1949	983	47	22	95.409256	τούς
5	1	89	1	3	3	2011	980	99	22	92.650131	τοπικούς
5	1	89	1	3	4	2128	978	73	23	58.060303	φθρεῖς
5	1	89	1	3	5	2216	976	47	22	18.838280	(Δ-
4	1	89	1	4	0	1909	1012	355	35	-1	
5	1	89	1	4	1	1909	1014	118	33	76.826263	γροτικούς,
5	1	89	1	4	2	2044	1013	162	22	87.353729	Πολιτιστικούς
5	1	89	1	4	3	2219	1012	45	18	48.962765	Συλ
4	1	89	1	5	0	1910	1046	355	31	-1	
5	1	89	1	5	1	1910	1056	77	21	96.118629	λόγους
5	1	89	1	5	2	2002	1053	76	21	91.060516	κ.λ.π.)
5	1	89	1	5	3	2098	1050	36	19	57.639942	παΐ
5	1	89	1	5	4	2153	1049	54	23	77.346146	µέσα
5	1	89	1	5	5	2222	1046	43	19	96.673203	ἀπό
4	1	89	1	6	0	1902	1083	363	29	-1	
5	1	89	1	6	1	1902	1083	50	28	41.928082	Ἰτήν
5	1	89	1	6	2	1963	1088	152	24	32.115425	καταξιωµένη
5	1	89	1	6	3	2135	1085	37	18	84.790260	πιά
5	1	89	1	6	4	2199	1084	66	17	61.428726	διαδι-
4	1	89	1	7	0	1911	1119	355	27	-1	
5	1	89	1	7	1	1911	1127	65	19	21.184448	καισία
5	1	89	1	7	2	1989	1126	44	17	93.291824	τῶν
5	1	89	1	7	3	2048	1123	84	18	56.705872	λαϊκῶν
5	1	89	1	7	4	2148	1119	118	20	91.604767	συνελεύσε
4	1	89	1	8	0	1904	1151	361	32	-1	
5	1	89	1	8	1	1904	1151	44	32	66.723770	ων,
5	1	89	1	8	2	1960	1162	29	17	72.649818	νά
5	1	89	1	8	3	2001	1159	132	24	96.008728	συζητήσουν
5	1	89	1	8	4	2145	1156	26	18	96.414352	τά
5	1	89	1	8	5	2182	1154	83	24	82.503616	πρφθλή
4	1	89	1	9	0	1914	1191	353	30	-1	
5	1	89	1	9	1	1914	1198	56	23	74.291107	µατά
5	1	89	1	9	2	1984	1202	48	17	95.462128	τους
5	1	89	1	9	3	2050	1194	37	20	81.393799	καὶ
5	1	89	1	9	4	2100	1193	38	20	89.863846	στή
5	1	89	1	9	5	2164	1191	103	22	94.009216	συνέχεια
4	1	89	1	10	0	1906	1225	363	35	-1	
5	1	89	1	10	1	1906	1235	35	25	26.094582	τά
5	1	89	1	10	2	1957	1231	121	21	72.842239	Κοινοτικά
5	1	89	1	10	3	2091	1228	123	23	45.694473	Συµθούλια
5	1	89	1	10	4	2241	1225	28	18	95.766495	νά
4	1	89	1	11	0	1906	1261	363	32	-1	
5	1	89	1	11	1	1906	1261	145	32	13.534119	προτείνουν,
5	1	89	1	11	2	2069	1265	51	19	93.646332	ποιά
5	1	89	1	11	3	2139	1264	55	23	92.959923	ἔργα
5	1	89	1	11	4	2209	1267	60	13	34.627121	συνε”-
2	1	90	0	0	0	1916	1299	354	30	-1	
3	1	90	1	0	0	1916	1299	354	30	-1	
4	1	90	1	1	0	1916	1299	354	30	-1	
5	1	90	1	1	1	1916	1306	105	23	57.775963	χιζόµενα
5	1	90	1	1	2	2040	1303	12	20	15.298630	Ἡ
5	1	90	1	1	3	2066	1302	41	17	82.792229	νέα
5	1	90	1	1	4	2139	1299	76	23	93.332687	πρέπει
5	1	90	1	1	5	2242	1302	28	12	96.656059	νά
2	1	91	0	0	0	1917	1340	150	20	-1	
3	1	91	1	0	0	1917	1340	150	20	-1	
4	1	91	1	1	0	1917	1340	150	20	-1	
5	1	91	1	1	1	1917	1340	150	20	27.019867	ἐχτελεσθοῦν.
2	1	92	0	0	0	1925	1386	137	7	-1	
3	1	92	1	0	0	1925	1386	137	7	-1	
4	1	92	1	1	0	1925	1386	137	7	-1	
5	1	92	1	1	1	1925	1386	137	7	95.000000	 
2	1	93	0	0	0	2063	1379	209	10	-1	
3	1	93	1	0	0	2063	1379	209	10	-1	
4	1	93	1	1	0	2063	1379	209	10	-1	
5	1	93	1	1	1	2063	1379	209	10	95.000000	 
2	1	94	0	0	0	1910	1400	2	15	-1	
3	1	94	1	0	0	1910	1400	2	15	-1	
4	1	94	1	1	0	1910	1400	2	15	-1	
5	1	94	1	1	1	1910	1400	2	15	0.000000	ἴ
2	1	95	0	0	0	1995	1407	207	26	-1	
3	1	95	1	0	0	1995	1407	207	26	-1	
4	1	95	1	1	0	1995	1407	207	26	-1	
5	1	95	1	1	1	1995	1407	207	26	84.344200	ΛΟΓΓΑΝΙΚΟΣ
2	1	96	0	0	0	1944	1464	330	28	-1	
3	1	96	1	0	0	1944	1464	330	28	-1	
4	1	96	1	1	0	1944	1464	330	28	-1	
5	1	96	1	1	1	1944	1471	32	18	93.235245	Τό
5	1	96	1	1	2	1991	1470	67	22	79.774963	6ράδυ
5	1	96	1	1	3	2072	1469	37	20	96.829811	τῆς
5	1	96	1	1	4	2121	1465	109	23	88.225647	Κυριακῆς
5	1	96	1	1	5	2245	1464	29	16	65.238876	12-
2	1	97	0	0	0	2051	1455	71	5	-1	
3	1	97	1	0	0	2051	1455	71	5	-1	
4	1	97	1	1	0	2051	1455	71	5	-1	
5	1	97	1	1	1	2051	1455	71	5	95.000000	 
2	1	98	0	0	0	1921	1499	366	602	-1	
3	1	98	1	0	0	1921	1499	362	275	-1	
4	1	98	1	1	0	1921	1499	354	29	-1	
5	1	98	1	1	1	1921	1507	43	19	38.184628	8-δᾷ
5	1	98	1	1	2	1979	1504	189	24	6.511040	ἐγπχαινιάστηχοαν
5	1	98	1	1	3	2179	1499	38	19	96.760674	στό
5	1	98	1	1	4	2230	1499	45	21	26.207039	δν
4	1	98	1	2	0	1924	1534	353	31	-1	
5	1	98	1	2	1	1924	1542	85	23	35.733292	γανίνο,
5	1	98	1	2	2	2022	1540	24	18	96.555412	τό
5	1	98	1	2	3	2065	1536	116	21	74.703476	Κοινοτικό
5	1	98	1	2	4	2207	1534	70	19	23.493675	ζατά-
4	1	98	1	3	0	1923	1570	353	29	-1	
5	1	98	1	3	1	1923	1582	70	17	91.526260	στηµα
5	1	98	1	3	2	2009	1575	37	18	73.403687	ναί
5	1	98	1	3	3	2059	1574	25	17	96.010277	τό
5	1	98	1	3	4	2102	1570	116	24	77.569778	᾽Ανροτικό
5	1	98	1	3	5	2235	1570	41	16	7.587265	Ἰα-
4	1	98	1	4	0	1924	1604	354	31	-1	
5	1	98	1	4	1	1924	1613	66	22	90.374382	τρεῖο,
5	1	98	1	4	2	2004	1610	43	18	94.878235	ἀπό
5	1	98	1	4	3	2060	1609	40	18	92.049789	τόν
5	1	98	1	4	4	2115	1606	107	23	75.011810	Νομάρχη
5	1	98	1	4	5	2236	1604	42	18	39.030056	Ἆα-
4	1	98	1	5	0	1925	1639	354	31	-1	
5	1	98	1	5	1	1925	1648	80	22	66.629456	χωνίας
5	1	98	1	5	2	2022	1651	20	13	37.519306	.
5	1	98	1	5	3	2054	1644	83	20	82.410843	Γιάννη
5	1	98	1	5	4	2153	1639	126	22	91.261414	Σαθαλάνο,
4	1	98	1	6	0	1926	1677	355	26	-1	
5	1	98	1	6	1	1926	1684	37	19	62.594059	χαί
5	1	98	1	6	2	1977	1683	41	18	96.539665	τόν
5	1	98	1	6	3	2030	1679	156	24	93.297066	Μητροπολίτη
5	1	98	1	6	4	2201	1677	80	20	29.073112	Μόνεμ
4	1	98	1	7	0	1929	1710	354	31	-1	
5	1	98	1	7	1	1929	1719	74	22	45.048199	θᾳσίας
5	1	98	1	7	2	2015	1717	37	19	82.790222	παὶ
5	1	98	1	7	3	2068	1715	99	22	48.861927	Σπάρτης
5	1	98	1	7	4	2180	1719	19	12	16.657593	3.
5	1	98	1	7	5	2212	1710	71	20	42.544594	Ἐὐστά
4	1	98	1	8	0	1929	1754	181	20	-1	
5	1	98	1	8	1	1929	1757	31	17	69.867378	θις
5	1	98	1	8	2	1977	1754	133	20	46.135117	ἀντίστοιχα.
3	1	98	2	0	0	1922	1784	365	317	-1	
4	1	98	2	1	0	1955	1784	328	29	-1	
5	1	98	2	1	1	1955	1790	117	23	86.178268	Πρόχειται
5	1	98	2	1	2	2092	1787	36	23	95.075012	γιά
5	1	98	2	1	3	2155	1785	41	19	83.057053	ἕνα
5	1	98	2	1	4	2223	1784	60	22	0.000000	ἔργο,
4	1	98	2	2	0	1930	1818	354	28	-1	
5	1	98	2	2	1	1930	1828	39	18	95.589630	πού
5	1	98	2	2	2	1984	1823	192	22	84.878883	κατασκευάσθηκε
5	1	98	2	2	3	2188	1820	62	18	78.355606	πάνω
5	1	98	2	2	4	2262	1818	22	18	90.897972	ᾱ-
4	1	98	2	3	0	1922	1855	364	27	-1	
5	1	98	2	3	1	1922	1855	36	27	0.000000	πό
5	1	98	2	3	2	1977	1863	24	18	81.373123	τὸ
5	1	98	2	3	3	2035	1857	139	25	74.872101	Πνευματικό
5	1	98	2	3	4	2200	1855	86	22	94.018532	Κέντρο
4	1	98	2	4	0	1923	1888	362	33	-1	
5	1	98	2	4	1	1923	1888	45	29	16.070831	τοῦ
5	1	98	2	4	2	1987	1897	79	24	87.470215	χωριοῦ
5	1	98	2	4	3	2082	1905	8	4	92.832108	-
5	1	98	2	4	4	2107	1892	111	25	62.386925	προσφορά
5	1	98	2	4	5	2248	1891	37	21	85.948135	τῆς
4	1	98	2	5	0	1924	1919	363	42	-1	
5	1	98	2	5	1	1924	1919	80	42	0.000000	πχερᾶς
5	1	98	2	5	2	2021	1930	161	24	90.518272	Μητροπόλεως
5	1	98	2	5	3	2199	1928	88	20	16.200089	ἩΜονεμ-
4	1	98	2	6	0	1934	1963	353	29	-1	
5	1	98	2	6	1	1934	1970	74	22	90.342964	θασίας
5	1	98	2	6	2	2025	1968	36	19	43.952976	παΐ
5	1	98	2	6	3	2073	1966	100	22	15.968285	Ὑπάρτης
5	1	98	2	6	4	2189	1974	7	3	91.026085	-
5	1	98	2	6	5	2210	1963	27	23	65.135345	μέ
5	1	98	2	6	6	2253	1963	34	17	42.639999	ὅα-
4	1	98	2	7	0	1935	1998	352	30	-1	
5	1	98	2	7	1	1935	2006	67	22	93.145432	πάνες
5	1	98	2	7	2	2019	2005	44	17	85.837265	τῶν
5	1	98	2	7	3	2096	1998	191	25	58.199879	Δογγονιπιωτῶν.
4	1	98	2	8	0	1927	2033	360	31	-1	
5	1	98	2	8	1	1927	2035	48	25	54.242950	πού
5	1	98	2	8	2	1989	2041	50	23	92.003532	ζοῦν
5	1	98	2	8	3	2052	2039	55	19	96.564850	στήν
5	1	98	2	8	4	2124	2035	95	19	65.974648	Ἑλλάδα
5	1	98	2	8	5	2235	2034	12	20	63.117264	ἤ
5	1	98	2	8	6	2265	2033	22	17	92.599167	τέ
4	1	98	2	9	0	1928	2069	359	32	-1	
5	1	98	2	9	1	1928	2069	125	32	0.000000	"εξωτερικό
5	1	98	2	9	2	2067	2074	36	18	50.845650	ναί
5	1	98	2	9	3	2139	2071	148	22	19.697281	διακρίνονται!
2	1	99	0	0	0	1938	2104	349	102	-1	
3	1	99	1	0	0	1938	2104	349	102	-1	
4	1	99	1	1	0	1938	2104	349	29	-1	
5	1	99	1	1	1	1938	2114	71	17	88.651184	πάντα
5	1	99	1	1	2	2041	2111	37	22	35.400787	γιά
5	1	99	1	1	3	2111	2108	41	20	52.972813	τήν
5	1	99	1	1	4	2182	2104	105	25	71.693726	προσφορό
4	1	99	1	2	0	1938	2140	349	31	-1	
5	1	99	1	2	1	1938	2154	47	17	95.004059	τους
5	1	99	1	2	2	2002	2147	54	20	77.750153	στήν
5	1	99	1	2	3	2073	2144	106	21	51.378036	ἰδιαίτερη
5	1	99	1	2	4	2200	2140	87	23	91.487823	πατρίδο
4	1	99	1	3	0	1940	2190	53	16	-1	
5	1	99	1	3	1	1940	2190	53	16	95.884911	τους.
2	1	100	0	0	0	1950	2228	337	19	-1	
3	1	100	1	0	0	1950	2228	337	19	-1	
4	1	100	1	1	0	1950	2228	337	19	-1	
5	1	100	1	1	1	1950	2236	151	11	0.000000	ωο9ςο0
5	1	100	1	1	2	2018	2224	28	29	0.000000	999
5	1	100	1	1	3	2049	2228	238	19	0.000000	9099095..09ὁ
5	1	100	1	1	4	2173	2224	27	29	11.694748	895
5	1	100	1	1	5	2204	2228	83	15	0.000000	οφοΈοοψα
2	1	101	0	0	0	1951	2265	336	82	-1	
3	1	101	1	0	0	1951	2265	336	82	-1	
4	1	101	1	1	0	1951	2265	336	31	-1	
5	1	101	1	1	1	1951	2274	33	22	92.778450	ΟΙ
5	1	101	1	1	2	2001	2267	216	27	96.014839	ΣΠΟΥΔΑΣΤΕΣ
5	1	101	1	1	3	2231	2265	56	22	96.832954	ΤΗΣ
4	1	101	1	2	0	1978	2318	289	29	-1	
5	1	101	1	2	1	1978	2318	289	29	93.982979	ΑΡΧΙΤΕΚΤΟΝΙΚΗΣ
2	1	102	0	0	0	2101	2236	24	7	-1	
3	1	102	1	0	0	2101	2236	24	7	-1	
4	1	102	1	1	0	2101	2236	24	7	-1	
5	1	102	1	1	1	2101	2236	24	7	95.000000	  
2	1	103	0	0	0	1944	2376	343	174	-1	
3	1	103	1	0	0	1944	2376	343	174	-1	
4	1	103	1	1	0	1968	2376	319	27	-1	
5	1	103	1	1	1	1968	2385	23	18	88.201561	Ἡ
5	1	103	1	1	2	2006	2385	19	17	88.201561	δ.
5	1	103	1	1	3	2037	2382	69	18	93.228065	Γιώτα
5	1	103	1	1	4	2122	2380	25	18	92.319557	Π.
5	1	103	1	1	5	2164	2376	123	23	55.394989	Κοσλαθρυτι
4	1	103	1	2	0	1944	2413	342	25	-1	
5	1	103	1	2	1	1944	2421	39	17	62.490707	νοῦ
5	1	103	1	2	2	1997	2417	145	21	59.101028	σπουδάστρια
5	1	103	1	2	3	2157	2415	37	21	89.719818	τῆς
5	1	103	1	2	4	2209	2413	77	21	52.181961	᾿Αρχιτ
4	1	103	1	3	0	2277	2451	10	12	-1	
5	1	103	1	3	1	2277	2451	10	12	4.461708	τ
4	1	103	1	4	0	1947	2487	340	31	-1	
5	1	103	1	4	1	1947	2487	87	31	81.291306	Μάρτιο
5	1	103	1	4	2	2274	2487	13	17	45.570950	µ
4	1	103	1	5	0	1945	2518	339	32	-1	
5	1	103	1	5	1	1945	2528	48	22	96.801086	τούς
5	1	103	1	5	2	2007	2524	148	21	94.347443	συναδέλφους
5	1	103	1	5	3	2171	2525	43	17	17.899994	της,
5	1	103	1	5	4	2231	2524	19	13	31.467346	Ἀ.
5	1	103	1	5	5	2265	2518	19	18	89.177795	Ν
2	1	104	0	0	0	1946	2448	300	59	-1	
3	1	104	1	0	0	1946	2448	300	59	-1	
4	1	104	1	1	0	1946	2448	300	28	-1	
5	1	104	1	1	1	1946	2455	109	21	40.355011	πτονικῆς,
5	1	104	1	1	2	2070	2452	40	18	95.994034	πού
5	1	104	1	1	3	2124	2448	122	22	60.632507	ἐπεσκέφθη
4	1	104	1	2	0	2067	2484	178	23	-1	
5	1	104	1	2	1	2067	2488	24	18	57.833103	τὸ
5	1	104	1	2	2	2122	2484	123	23	68.451515	Γεὼργίτσι,
2	1	105	0	0	0	1947	2553	340	176	-1	
3	1	105	1	0	0	1947	2553	340	176	-1	
4	1	105	1	1	0	1947	2553	340	32	-1	
5	1	105	1	1	1	1947	2569	27	13	68.560974	νὸ
5	1	105	1	1	2	1990	2560	118	25	66.164856	Ἡρατσάχι,
5	1	105	1	1	3	2121	2558	45	19	39.941261	Ἐῦη
5	1	105	1	1	4	2180	2553	107	23	30.677368	Ἐανθυποί
4	1	105	1	2	0	1947	2590	340	30	-1	
5	1	105	1	2	1	1947	2601	46	19	53.628044	λου,
5	1	105	1	2	2	2003	2597	86	19	90.114288	Νάντια
5	1	105	1	2	3	2101	2594	75	19	3.514023	Εθύλα
5	1	105	1	2	4	2190	2591	36	19	27.486259	ναί
5	1	105	1	2	5	2240	2590	47	22	59.772896	μελι
4	1	105	1	3	0	1948	2624	339	31	-1	
5	1	105	1	3	1	1948	2638	70	17	86.420883	τησαν
5	1	105	1	3	2	2037	2627	207	27	49.522980	ἐμπεριστατωμένα
5	1	105	1	3	3	2263	2624	24	21	96.699097	τή
4	1	105	1	4	0	1952	2664	335	29	-1	
5	1	105	1	4	1	1952	2666	182	27	65.952988	᾿Αρχιτεχτονική
5	1	105	1	4	2	2154	2664	37	18	74.012650	τοῦ
5	1	105	1	4	3	2225	2666	62	18	44.873260	χωριέ
4	1	105	1	5	0	1952	2697	335	32	-1	
5	1	105	1	5	1	1952	2711	45	18	55.550495	µας"
5	1	105	1	5	2	2016	2704	39	20	88.452438	στή
5	1	105	1	5	3	2072	2701	105	22	95.608681	συνέχεια
5	1	105	1	5	4	2192	2697	95	20	91.895645	ὑπέθαλο
2	1	106	0	0	0	1932	2210	15	526	-1	
3	1	106	1	0	0	1932	2210	15	526	-1	
4	1	106	1	1	0	1932	2210	15	526	-1	
5	1	106	1	1	1	1932	2210	15	526	95.000000	 
2	1	107	0	0	0	1952	2732	335	137	-1	
3	1	107	1	0	0	1952	2732	335	31	-1	
4	1	107	1	1	0	1952	2732	335	31	-1	
5	1	107	1	1	1	1952	2742	42	20	95.537048	τήν
5	1	107	1	1	2	2008	2738	92	25	93.021263	ἐργασία
5	1	107	1	1	3	2112	2741	47	18	89.221802	τους
5	1	107	1	1	4	2176	2734	39	20	90.317116	στή
5	1	107	1	1	5	2232	2732	55	23	44.065968	Σχ9)
3	1	107	2	0	0	1954	2768	333	36	-1	
4	1	107	2	1	0	1954	2768	333	36	-1	
5	1	107	2	1	1	1954	2769	193	35	52.682228	᾿Αρχιτεκτονικῆς
5	1	107	2	1	2	2163	2771	38	18	92.471077	τοῦ
5	1	107	2	1	3	2223	2768	64	19	55.172421	Ε.Μ.]
3	1	107	3	0	0	1954	2805	333	64	-1	
4	1	107	3	1	0	1954	2805	315	29	-1	
5	1	107	3	1	1	1954	2813	37	19	34.643265	καὶ
5	1	107	3	1	2	2008	2813	73	21	57.740715	πΏῆραν
5	1	107	3	1	3	2098	2805	171	25	92.241539	συγχαρητήρια.
4	1	107	3	2	0	1978	2841	309	28	-1	
5	1	107	3	2	1	1978	2846	135	23	25.887978	Ἐριναῆρθοιν
5	1	107	3	2	2	2131	2842	37	20	43.974648	καὶ
5	1	107	3	2	3	2187	2841	40	19	48.805885	δέν
5	1	107	3	2	4	2246	2844	41	17	91.419243	παρ
2	1	108	0	0	0	1957	2875	330	135	-1	
3	1	108	1	0	0	1957	2875	330	135	-1	
4	1	108	1	1	0	1957	2875	330	31	-1	
5	1	108	1	1	1	1957	2884	81	22	91.093620	λειφαν
5	1	108	1	1	2	2053	2881	28	18	95.935616	νά
5	1	108	1	1	3	2098	2878	137	24	56.582088	προσφέρουν
5	1	108	1	1	4	2266	2875	21	17	47.141693	ᾱλ
4	1	108	1	2	0	1957	2912	328	27	-1	
5	1	108	1	2	1	1957	2921	41	18	93.223907	Ένα
5	1	108	1	2	2	2017	2918	104	18	86.500290	ἀντίτυπο
5	1	108	1	2	3	2140	2915	36	21	74.894112	τῆς
5	1	108	1	2	4	2212	2912	73	18	59.840717	ὄδυλει
4	1	108	1	3	0	1957	2950	330	27	-1	
5	1	108	1	3	1	1957	2961	54	16	93.297829	τους,
5	1	108	1	3	2	2031	2953	39	20	92.019051	στή
5	1	108	1	3	3	2101	2950	131	19	0.000000	Ἐδφινότητα,
5	1	108	1	3	4	2261	2951	26	13	48.006268	στι
4	1	108	1	4	0	1961	2986	326	24	-1	
5	1	108	1	4	1	1961	2988	139	22	87.159966	Πολιτιστικό
5	1	108	1	4	2	2130	2986	107	20	54.331509	Σύλλονὸ,
5	1	108	1	4	3	2275	2987	12	12	13.065582	Ἡ
2	1	109	0	0	0	1959	3020	328	133	-1	
3	1	109	1	0	0	1959	3020	328	133	-1	
4	1	109	1	1	0	1959	3020	328	26	-1	
5	1	109	1	1	1	1959	3027	53	18	95.889328	στόν
5	1	109	1	1	2	2024	3031	20	13	93.644470	κ.
5	1	109	1	1	3	2060	3022	127	24	80.201614	Δημοσθένη
5	1	109	1	1	4	2202	3020	85	21	52.145309	Τσερωτ
4	1	109	1	2	0	1961	3054	326	29	-1	
5	1	109	1	2	1	1961	3063	39	18	95.028229	πού
5	1	109	1	2	2	2018	3061	103	22	17.046097	πρόθυμος
5	1	109	1	2	3	2139	3057	48	22	84.009712	τούς
5	1	109	1	2	4	2221	3054	66	20	62.613037	θοήθη
4	1	109	1	3	0	1961	3093	326	26	-1	
5	1	109	1	3	1	1961	3099	38	20	53.233089	στή
5	1	109	1	3	2	2032	3095	96	22	74.346321	συλλογή
5	1	109	1	3	3	2162	3093	125	21	30.718857	πληροφόριί
4	1	109	1	4	0	1962	3127	325	26	-1	
5	1	109	1	4	1	1962	3134	55	19	0.000000	ψατόι
5	1	109	1	4	2	2033	3132	25	21	95.308273	τή
5	1	109	1	4	3	2076	3131	100	22	47.714916	διάρκεια
5	1	109	1	4	4	2194	3128	37	21	95.988998	τῆς
5	1	109	1	4	5	2254	3127	33	21	71.633141	με;
2	1	110	0	0	0	1963	3173	103	20	-1	
3	1	110	1	0	0	1963	3173	103	20	-1	
4	1	110	1	1	0	1963	3173	103	20	-1	
5	1	110	1	1	1	1963	3175	36	18	95.942566	της
5	1	110	1	1	2	2013	3173	53	18	96.540550	τους.
