level	page_num	block_num	par_num	line_num	word_num	left	top	width	height	conf	text
1	1	0	0	0	0	0	0	2305	3308	-1	
2	1	1	0	0	0	260	214	234	21	-1	
3	1	1	1	0	0	260	214	234	21	-1	
4	1	1	1	1	0	260	214	234	21	-1	
5	1	1	1	1	1	260	214	49	21	57.793404	«0ο
5	1	1	1	1	2	328	214	166	20	29.796623	ΤΗΩΡΓΙΤΣ»
2	1	2	0	0	0	215	248	570	7	-1	
3	1	2	1	0	0	215	248	570	7	-1	
4	1	2	1	1	0	215	248	570	7	-1	
5	1	2	1	1	1	215	248	570	7	95.000000	 
2	1	3	0	0	0	387	291	403	22	-1	
3	1	3	1	0	0	387	291	403	22	-1	
4	1	3	1	1	0	387	291	403	22	-1	
5	1	3	1	1	1	387	291	162	22	92.432159	ΗΜΑΣΤΟΥΝ
5	1	3	1	1	2	566	291	76	22	96.667587	ΕΝΑΣ
5	1	3	1	1	3	662	292	35	21	72.942932	ΚΙ’
5	1	3	1	1	4	715	292	75	21	95.531860	ΕΝΑΣ
2	1	4	0	0	0	481	339	178	4	-1	
3	1	4	1	0	0	481	339	178	4	-1	
4	1	4	1	1	0	481	339	178	4	-1	
5	1	4	1	1	1	481	339	178	4	95.000000	 
2	1	5	0	0	0	262	384	611	62	-1	
3	1	5	1	0	0	262	384	611	62	-1	
4	1	5	1	1	0	262	384	611	62	-1	
5	1	5	1	1	1	262	384	235	62	94.936386	Παιγνίδια
5	1	5	1	1	2	531	384	81	49	91.499771	στὸ
5	1	5	1	1	3	643	384	230	62	44.020996	Γιωργίτοι
2	1	6	0	0	0	432	457	281	4	-1	
3	1	6	1	0	0	432	457	281	4	-1	
4	1	6	1	1	0	432	457	281	4	-1	
5	1	6	1	1	1	432	457	281	4	95.000000	 
2	1	7	0	0	0	304	487	534	22	-1	
3	1	7	1	0	0	304	487	534	22	-1	
4	1	7	1	1	0	304	487	534	22	-1	
5	1	7	1	1	1	304	487	60	21	95.704147	ΤΟΥ
5	1	7	1	1	2	382	494	20	14	96.580276	κ.
5	1	7	1	1	3	422	488	72	21	92.995308	ΗΛΙΑ
5	1	7	1	1	4	514	487	324	22	64.058258	ΠΑΠΑΘΑΝΑΣΟΠΟΥΛΟΥ
2	1	8	0	0	0	455	535	237	4	-1	
3	1	8	1	0	0	455	535	237	4	-1	
4	1	8	1	1	0	455	535	237	4	-1	
5	1	8	1	1	1	455	535	237	4	95.000000	 
2	1	9	0	0	0	215	559	710	135	-1	
3	1	9	1	0	0	215	559	710	135	-1	
4	1	9	1	1	0	246	559	679	28	-1	
5	1	9	1	1	1	246	559	24	20	86.835617	Ἡ
5	1	9	1	1	2	291	559	124	28	90.826935	ἀναδρομὴ
5	1	9	1	1	3	436	559	46	21	93.303040	στὸ
5	1	9	1	1	4	501	559	122	28	92.878860	παρελθὸν
5	1	9	1	1	5	643	560	107	21	90.755173	πάντοτε
5	1	9	1	1	6	767	561	105	26	91.075157	συγκινεῖ
5	1	9	1	1	7	887	560	38	21	96.573647	καὶ
4	1	9	1	2	0	215	595	709	28	-1	
5	1	9	1	2	1	215	595	106	21	93.253357	πάντοτε
5	1	9	1	2	2	337	595	90	27	91.489510	τέρπει,
5	1	9	1	2	3	443	595	105	27	3.704437	μάλιστα
5	1	9	1	2	4	567	595	25	22	96.182510	δέ
5	1	9	1	2	5	609	596	58	21	96.919647	ὅταν
5	1	9	1	2	6	686	595	89	28	35.129639	γίνεται
5	1	9	1	2	7	791	596	63	21	93.302582	κατὰ
5	1	9	1	2	8	869	596	55	27	91.260529	τρό-
4	1	9	1	3	0	215	630	709	29	-1	
5	1	9	1	3	1	215	637	47	14	92.533157	πον
5	1	9	1	3	2	277	630	182	28	85.404190	ἀφηγηματικὸν
5	1	9	1	3	3	476	631	37	20	92.430206	καὶ
5	1	9	1	3	4	529	631	41	27	96.206825	γιὰ
5	1	9	1	3	5	587	631	120	27	96.286499	γεγονότα
5	1	9	1	3	6	724	631	49	21	93.286644	ποὺ
5	1	9	1	3	7	787	631	71	28	91.553574	ἔχουν
5	1	9	1	3	8	869	631	55	27	74.333847	ἄμε-
4	1	9	1	4	0	215	666	710	28	-1	
5	1	9	1	4	1	215	672	31	21	93.116608	ση
5	1	9	1	4	2	263	666	69	27	81.752914	σχέόι
5	1	9	1	4	3	348	666	29	27	90.007805	µέ
5	1	9	1	4	4	395	666	43	28	96.125435	τὴν
5	1	9	1	4	5	456	667	121	27	96.095177	γενέτειρά
5	1	9	1	4	6	590	674	55	20	91.893494	µας.
5	1	9	1	4	7	663	667	24	21	91.893494	Ἡ
5	1	9	1	4	8	704	667	83	27	91.141502	σκέψις
5	1	9	1	4	9	802	667	60	27	93.123909	αὐτὴ
5	1	9	1	4	10	878	667	47	27	92.643143	μᾶς
2	1	10	0	0	0	215	701	352	28	-1	
3	1	10	1	0	0	215	701	352	28	-1	
4	1	10	1	1	0	215	701	352	28	-1	
5	1	10	1	1	1	215	701	79	27	92.934380	ὤθησε
5	1	10	1	1	2	311	702	60	27	93.166611	στὴν
5	1	10	1	1	3	386	702	109	27	92.429398	ἀπόφασι
5	1	10	1	1	4	509	702	30	22	93.300400	νὰ
5	1	10	1	1	5	554	702	13	21	92.260948	δ
2	1	11	0	0	0	216	737	352	28	-1	
3	1	11	1	0	0	216	737	352	28	-1	
4	1	11	1	1	0	216	737	352	28	-1	
5	1	11	1	1	1	216	737	110	27	92.183372	γλαφυρὸ
5	1	11	1	1	2	347	737	115	28	92.772522	ἀφήγημα
5	1	11	1	1	3	482	739	45	20	94.576172	τοῦ
5	1	11	1	1	4	547	744	21	15	94.750443	κ.
2	1	12	0	0	0	569	702	356	61	-1	
3	1	12	1	0	0	569	702	356	61	-1	
4	1	12	1	1	0	569	702	356	28	-1	
5	1	12	1	1	1	569	702	166	28	42.785118	ημοσιεύσωµε
5	1	12	1	1	2	752	703	127	27	94.551094	κατωτέρω
5	1	12	1	1	3	895	702	30	22	94.786087	τὸ
4	1	12	1	2	0	587	738	337	25	-1	
5	1	12	1	2	1	587	738	49	21	90.287277	Ἠλ.
5	1	12	1	2	2	656	738	268	25	74.038956	Παπαθανασοπιούλου,
2	1	13	0	0	0	216	773	709	29	-1	
3	1	13	1	0	0	216	773	709	29	-1	
4	1	13	1	1	0	216	773	709	29	-1	
5	1	13	1	1	1	216	773	27	27	76.729996	µέ
5	1	13	1	1	2	265	773	42	28	91.785522	τὴν
5	1	13	1	1	3	327	773	147	27	75.193474	θεθαιότητα
5	1	13	1	1	4	493	773	36	22	96.955795	ὅτι
5	1	13	1	1	5	551	774	29	21	93.299622	θὰ
5	1	13	1	1	6	602	773	202	28	90.795883	ἱκανοποιήσουμε
5	1	13	1	1	7	825	774	100	28	96.228981	πλήρως
2	1	14	0	0	0	215	808	351	29	-1	
3	1	14	1	0	0	215	808	351	29	-1	
4	1	14	1	1	0	215	808	351	29	-1	
5	1	14	1	1	1	215	808	58	27	91.792778	ποὺς
5	1	14	1	1	2	292	809	153	27	93.016144	ἀναγνῶστες
5	1	14	1	1	3	464	816	52	20	95.205620	µας.
5	1	14	1	1	4	534	809	32	28	96.396988	Πρ
2	1	15	0	0	0	569	809	355	29	-1	
3	1	15	1	0	0	569	809	355	29	-1	
4	1	15	1	1	0	569	809	355	29	-1	
5	1	15	1	1	1	569	809	89	22	86.319672	όκειται
5	1	15	1	1	2	673	809	41	28	93.302910	γιὰ
5	1	15	1	1	3	729	810	41	27	92.078529	μιὰ
5	1	15	1	1	4	789	810	135	28	62.793564	περιγραφὴ
2	1	16	0	0	0	216	844	709	100	-1	
3	1	16	1	0	0	216	844	709	100	-1	
4	1	16	1	1	0	216	844	709	29	-1	
5	1	16	1	1	1	216	844	113	26	76.228363	παιδικῶν
5	1	16	1	1	2	345	844	164	28	90.834984	ἀναμνήσεων,
5	1	16	1	1	3	525	845	183	27	84.706924	ἀποτελουμένη
5	1	16	1	1	4	728	846	49	20	92.928055	ἀπὸ
5	1	16	1	1	5	795	845	44	22	91.862381	δυὸ
5	1	16	1	1	6	858	846	67	27	93.584908	µέρη,
4	1	16	1	2	0	216	879	709	29	-1	
5	1	16	1	2	1	216	880	48	20	92.806198	ποὺ
5	1	16	1	2	2	283	879	120	28	92.658272	συνδυάζη
5	1	16	1	2	3	423	880	29	21	93.302620	τὸ
5	1	16	1	2	4	471	880	102	28	92.177467	γεγονὸς
5	1	16	1	2	5	590	881	27	27	91.326164	µέ
5	1	16	1	2	6	634	881	29	21	93.302307	τὸ
5	1	16	1	2	7	682	881	87	21	22.776047	τοπικὸ
5	1	16	1	2	8	788	882	83	26	92.607925	χρῶμα
5	1	16	1	2	9	886	882	39	20	95.597725	καὶ
4	1	16	1	3	0	216	915	709	29	-1	
5	1	16	1	3	1	216	915	43	28	73.930252	τὴν
5	1	16	1	3	2	278	915	105	28	91.965912	ἀφήγησι
5	1	16	1	3	3	402	916	27	27	90.041679	µέ
5	1	16	1	3	4	447	916	43	27	92.392387	τὴν
5	1	16	1	3	5	511	916	117	27	91.962738	ἀνάμνησι
5	1	16	1	3	6	650	917	53	27	91.395027	μιᾶς
5	1	16	1	3	7	724	916	201	28	92.045197	ἐξιδανικευμένης
2	1	17	0	0	0	217	951	98	27	-1	
3	1	17	1	0	0	217	951	98	27	-1	
4	1	17	1	1	0	217	951	98	27	-1	
5	1	17	1	1	1	217	951	98	27	92.461349	ἐποχῆς.
2	1	18	0	0	0	552	988	31	21	-1	
3	1	18	1	0	0	552	988	31	21	-1	
4	1	18	1	1	0	552	988	31	21	-1	
5	1	18	1	1	1	552	988	31	21	82.566986	Α΄
2	1	19	0	0	0	218	1020	345	96	-1	
3	1	19	1	0	0	218	1020	345	96	-1	
4	1	19	1	1	0	250	1020	313	27	-1	
5	1	19	1	1	1	250	1020	65	21	0.000000	ὝὍλου
5	1	19	1	1	2	335	1023	32	19	92.417381	τοῦ
5	1	19	1	1	3	387	1021	70	26	0.000000	χόσµου
5	1	19	1	1	4	477	1021	24	21	93.206802	τὰ
5	1	19	1	1	5	518	1023	45	19	82.048477	παιδ
4	1	19	1	2	0	218	1056	345	27	-1	
5	1	19	1	2	1	218	1056	37	21	90.098061	Μὰ
5	1	19	1	2	2	269	1056	30	21	92.335686	ὅσο
5	1	19	1	2	3	316	1056	93	25	83.291672	ἔπαιξαν.
5	1	19	1	2	4	427	1057	15	20	96.642014	οἱ
5	1	19	1	2	5	460	1057	52	26	95.915543	φίλοι
5	1	19	1	2	6	529	1065	34	18	93.364510	µου
4	1	19	1	3	0	463	1100	9	16	-1	
5	1	19	1	3	1	463	1100	9	16	85.789589	5
2	1	20	0	0	0	217	1092	242	26	-1	
3	1	20	1	0	0	217	1092	242	26	-1	
4	1	20	1	1	0	217	1092	242	26	-1	
5	1	20	1	1	1	217	1099	38	19	91.258484	νια,
5	1	20	1	1	2	272	1093	33	25	92.527237	μοῦ
5	1	20	1	1	3	319	1092	97	26	85.342438	φαίνεται.
5	1	20	1	1	4	430	1092	29	21	76.637375	πὼ
2	1	21	0	0	0	491	1092	182	22	-1	
3	1	21	1	0	0	491	1092	182	22	-1	
4	1	21	1	1	0	491	1092	182	22	-1	
5	1	21	1	1	1	491	1093	51	20	89.633621	ἄλλα
5	1	21	1	1	2	557	1092	69	22	89.633621	παιδιὰ
5	1	21	1	1	3	641	1092	32	22	93.736473	δέν
2	1	22	0	0	0	567	1021	359	97	-1	
3	1	22	1	0	0	567	1021	359	97	-1	
4	1	22	1	1	0	567	1021	358	28	-1	
5	1	22	1	1	1	567	1021	26	28	58.586769	ιὰ,
5	1	22	1	1	2	611	1022	49	21	93.000664	εἶναι
5	1	22	1	1	3	678	1022	82	27	61.311325	Ὑνωστὸ,
5	1	22	1	1	4	780	1021	42	25	93.138275	πὼς
5	1	22	1	1	5	838	1022	87	25	95.387650	παίζουν.
4	1	22	1	2	0	579	1057	347	28	-1	
5	1	22	1	2	1	579	1058	27	20	59.622757	κι
5	1	22	1	2	2	622	1057	47	27	96.818039	ἐγὼ,
5	1	22	1	2	3	683	1057	37	21	96.818039	στὰ
5	1	22	1	2	4	735	1057	83	22	71.013481	παιδικά
5	1	22	1	2	5	831	1066	33	17	93.249878	µου
5	1	22	1	2	6	881	1057	45	28	80.044411	χρό-
4	1	22	1	3	0	689	1094	77	24	-1	
5	1	22	1	3	1	689	1094	77	24	40.244095	παῖξαν.
2	1	23	0	0	0	251	1123	674	51	-1	
3	1	23	1	0	0	251	1123	674	51	-1	
4	1	23	1	1	0	251	1123	674	51	-1	
5	1	23	1	1	1	251	1127	20	20	65.135620	Π
5	1	23	1	1	2	278	1123	103	47	33.209549	ρωΐ-πρωί,
5	1	23	1	1	3	396	1136	21	13	96.589355	τὸ
5	1	23	1	1	4	431	1124	102	49	45.179573	μεσημέρι,
5	1	23	1	1	5	547	1124	31	50	6.401794	δαν
5	1	23	1	1	6	595	1128	51	27	92.657700	ἀργὰ
5	1	23	1	1	7	662	1128	20	22	93.239647	τὸ
5	1	23	1	1	8	699	1128	64	27	40.998722	δράδυ,
5	1	23	1	1	9	780	1128	22	27	90.351097	µέ
5	1	23	1	1	10	818	1129	107	27	36.818626	Ἰάψα
5	1	23	1	1	11	879	1124	12	36	91.701294	ἤ
5	1	23	1	1	12	900	1124	27	36	96.650436	μὲ
2	1	24	0	0	0	217	1163	331	28	-1	
3	1	24	1	0	0	217	1163	331	28	-1	
4	1	24	1	1	0	217	1163	331	28	-1	
5	1	24	1	1	1	217	1163	98	26	92.255447	παγωνιά,
5	1	24	1	1	2	332	1164	18	25	56.911182	μ’
5	1	24	1	1	3	368	1163	48	27	84.479309	ἀέρα
5	1	24	1	1	4	435	1172	11	17	61.492210	ἤ
5	1	24	1	1	5	466	1163	82	28	90.259445	ἀντάρα,
2	1	25	0	0	0	217	1199	210	27	-1	
3	1	25	1	0	0	217	1199	210	27	-1	
4	1	25	1	1	0	217	1199	210	27	-1	
5	1	25	1	1	1	217	1206	31	18	50.270874	γιο
5	1	25	1	1	2	264	1199	105	27	88.834373	Θανασιοῦ,
5	1	25	1	1	3	386	1199	20	21	17.749847	τὸ
2	1	26	0	0	0	567	1163	359	100	-1	
3	1	26	1	0	0	567	1163	359	100	-1	
4	1	26	1	1	0	567	1163	359	40	-1	
5	1	26	1	1	1	567	1165	9	21	88.734848	ὁ
5	1	26	1	1	2	593	1163	34	22	89.951019	Νά
5	1	26	1	1	3	629	1165	88	38	0.000000	ρόηνας,
5	1	26	1	1	4	733	1165	12	25	31.559547	ἢ
5	1	26	1	1	5	764	1164	104	22	81.985886	Πλατόνα
5	1	26	1	1	6	878	1165	17	21	33.461632	τ'
5	1	26	1	1	7	906	1164	20	21	82.299057	ἃ-
4	1	26	1	2	0	581	1200	344	27	-1	
5	1	26	1	2	1	581	1200	50	26	89.499542	αρυὰ
5	1	26	1	2	2	645	1200	17	21	45.982609	τ᾽
5	1	26	1	2	3	677	1200	25	26	47.445900	ἅη
5	1	26	1	2	4	715	1200	89	22	76.524353	Νικόλα,
5	1	26	1	2	5	820	1200	21	22	93.143875	τὸ
5	1	26	1	2	6	854	1201	71	26	21.815170	Περέο
4	1	26	1	3	0	567	1235	358	28	-1	
5	1	26	1	3	1	567	1244	44	18	63.212086	πρα,
5	1	26	1	3	2	627	1236	11	25	90.420807	ἡ
5	1	26	1	3	3	653	1235	68	28	91.693039	Ῥάχη,
5	1	26	1	3	4	735	1235	90	26	85.203239	ἡπλατέα
5	1	26	1	3	5	840	1238	37	24	96.681496	τῆς
5	1	26	1	3	6	890	1237	35	21	42.490654	Πε
2	1	27	0	0	0	428	1173	165	52	-1	
3	1	27	1	0	0	428	1173	165	52	-1	
4	1	27	1	1	0	428	1173	165	52	-1	
5	1	27	1	1	1	428	1199	88	26	89.220619	Ἴσιωμα,
5	1	27	1	1	2	532	1200	11	25	89.383232	ἡ
5	1	27	1	1	3	559	1173	34	47	92.694817	Κα
2	1	28	0	0	0	217	1234	348	28	-1	
3	1	28	1	0	0	217	1234	348	28	-1	
4	1	28	1	1	0	217	1234	348	28	-1	
5	1	28	1	1	1	217	1234	56	27	86.580727	λάκι,
5	1	28	1	1	2	287	1234	21	22	93.291290	τὸ
5	1	28	1	1	3	322	1234	161	28	0.000000	Καρέουνόρεμα,
5	1	28	1	1	4	497	1236	11	25	89.334915	ἡ
5	1	28	1	1	5	528	1235	37	21	91.134377	Πὲ
2	1	29	0	0	0	218	1270	708	29	-1	
3	1	29	1	0	0	218	1270	708	29	-1	
4	1	29	1	1	0	218	1270	708	29	-1	
5	1	29	1	1	1	218	1271	83	26	91.263077	παντῆς,
5	1	29	1	1	2	318	1272	33	19	93.274506	τοῦ
5	1	29	1	1	3	366	1270	127	27	77.407959	Καλλιγώνη
5	1	29	1	1	4	508	1271	11	26	91.863922	ἡ
5	1	29	1	1	5	537	1271	51	26	88.090561	αὐλὴ
5	1	29	1	1	6	605	1271	26	21	91.009460	κι
5	1	29	1	1	7	649	1271	64	25	92.187462	ἄλλες
5	1	29	1	1	8	731	1271	97	27	4.780243	γειτονιὲς
5	1	29	1	1	9	846	1273	32	20	93.285843	τοῦ
5	1	29	1	1	10	887	1280	39	19	76.623940	χω-
2	1	30	0	0	0	218	1305	707	29	-1	
3	1	30	1	0	0	218	1305	707	29	-1	
4	1	30	1	1	0	218	1305	707	29	-1	
5	1	30	1	1	1	218	1307	40	25	90.496254	ριοῦ
5	1	30	1	1	2	277	1305	75	25	78.707512	θούϊζαν
5	1	30	1	1	3	368	1306	36	21	96.629890	ἀπὸ
5	1	30	1	1	4	419	1306	24	21	97.011795	τὰ
5	1	30	1	1	5	460	1306	109	27	96.798569	παιχνίδια,
5	1	30	1	1	6	587	1306	36	22	93.296432	ἀπὸ
5	1	30	1	1	7	640	1306	108	27	79.395905	χλωτσιὲς,
5	1	30	1	1	8	763	1307	99	27	45.940796	µπουνιὲς,
5	1	30	1	1	9	872	1316	53	18	92.002090	σπρω
2	1	31	0	0	0	218	1341	323	97	-1	
3	1	31	1	0	0	218	1341	323	97	-1	
4	1	31	1	1	0	218	1341	245	25	-1	
5	1	31	1	1	1	218	1341	43	24	38.466873	ξιές
5	1	31	1	1	2	276	1341	26	21	75.349182	χι
5	1	31	1	1	3	319	1342	31	20	78.301010	ἀπ
5	1	31	1	1	4	368	1341	46	24	93.065742	ὅλες
5	1	31	1	1	5	432	1341	31	25	95.501648	τὶς
4	1	31	1	2	0	218	1377	73	20	-1	
5	1	31	1	2	1	218	1384	31	13	78.814758	για
5	1	31	1	2	2	265	1377	26	20	69.450935	χι
4	1	31	1	3	0	249	1412	292	26	-1	
5	1	31	1	3	1	249	1412	107	26	62.349083	"Ἠμασταν
5	1	31	1	3	2	376	1413	46	24	89.694069	ἕνας
5	1	31	1	3	3	443	1413	26	21	84.488876	κι
5	1	31	1	3	4	489	1413	52	24	33.785675	ἕἔναςι
2	1	32	0	0	0	219	1448	161	26	-1	
3	1	32	1	0	0	219	1448	161	26	-1	
4	1	32	1	1	0	219	1448	161	26	-1	
5	1	32	1	1	1	219	1449	46	25	86.326958	δρος
5	1	32	1	1	2	284	1448	96	26	63.541309	᾿Εφετῶν.
2	1	33	0	0	0	480	1338	251	46	-1	
3	1	33	1	0	0	480	1338	251	46	-1	
4	1	33	1	1	0	480	1338	251	46	-1	
5	1	33	1	1	1	480	1342	92	38	33.536064	παιδικὲς
5	1	33	1	1	2	583	1338	17	46	53.438057	3.
5	1	33	1	1	3	590	1342	141	27	46.719971	χατεργαριές.
2	1	34	0	0	0	749	1342	176	28	-1	
3	1	34	1	0	0	749	1342	176	28	-1	
4	1	34	1	1	0	749	1342	176	28	-1	
5	1	34	1	1	1	749	1342	42	26	0.000000	ἍΑμ.
5	1	34	1	1	2	806	1342	24	22	93.294991	τὰ
5	1	34	1	1	3	844	1342	81	28	91.555717	Κοτρώ-
2	1	35	0	0	0	307	1377	459	29	-1	
3	1	35	1	0	0	307	1377	459	29	-1	
4	1	35	1	1	0	307	1377	459	29	-1	
5	1	35	1	1	1	307	1377	16	21	85.603600	οἱ
5	1	35	1	1	2	340	1378	115	23	64.284454	λακκοῦλες
5	1	35	1	1	3	472	1378	16	20	46.778164	τ
5	1	35	1	1	4	507	1377	44	21	90.700424	ἅγιο
5	1	35	1	1	5	566	1378	48	21	68.012703	Λιᾶ,
5	1	35	1	1	6	629	1377	17	22	92.377991	τὶ
5	1	35	1	1	7	664	1379	31	27	92.835121	σοῦ
5	1	35	1	1	8	709	1378	57	26	95.703247	λένε;
2	1	36	0	0	0	570	1413	356	28	-1	
3	1	36	1	0	0	570	1413	356	28	-1	
4	1	36	1	1	0	570	1413	356	28	-1	
5	1	36	1	1	1	570	1413	87	26	92.263252	Τιάννης
5	1	36	1	1	2	676	1413	177	26	58.621666	Ιαλλιμόπουλος,
5	1	36	1	1	3	868	1413	58	28	75.870682	πρόε-
2	1	37	0	0	0	399	1448	527	28	-1	
3	1	37	1	0	0	399	1448	527	28	-1	
4	1	37	1	1	0	399	1448	527	25	-1	
5	1	37	1	1	1	399	1448	94	24	0.000000	ἹΚώτσιος
5	1	37	1	1	2	516	1449	17	20	13.978455	ΤΠ
5	1	37	1	1	3	544	1449	121	24	0.000000	απαστάβης
5	1	37	1	1	4	687	1450	141	23	83.262894	συνταξιοῦχος
5	1	37	1	1	5	847	1449	79	22	55.391960	Δάσκα-
4	1	37	1	2	0	649	1458	156	18	-1	
5	1	37	1	2	1	649	1466	3	9	0.000000	ἤ
5	1	37	1	2	2	793	1458	12	18	32.421585	κ
2	1	38	0	0	0	218	1483	709	100	-1	
3	1	38	1	0	0	218	1483	709	100	-1	
4	1	38	1	1	0	219	1483	707	29	-1	
5	1	38	1	1	1	219	1484	43	25	40.536110	λος,
5	1	38	1	1	2	270	1483	88	27	40.536110	Γιώργης
5	1	38	1	1	3	374	1483	105	27	88.267632	Σμυρνιὸς,
5	1	38	1	1	4	497	1485	9	21	56.622398	ὁ
5	1	38	1	1	5	523	1484	100	27	56.622398	 Μαρθὴς,
5	1	38	1	1	6	640	1484	83	27	92.682442	ἔμπορος
5	1	38	1	1	7	738	1485	47	25	93.270561	στὴν
5	1	38	1	1	8	802	1484	124	28	45.001419	Ἰζαλαμάτα,
4	1	38	1	2	0	219	1518	707	29	-1	
5	1	38	1	2	1	219	1518	85	26	93.213234	Γιάννης
5	1	38	1	2	2	321	1519	106	27	78.493828	Σμυρνιὸς,
5	1	38	1	2	3	445	1519	85	27	92.942535	ἔμπορος
5	1	38	1	2	4	549	1520	37	25	96.322853	στὴ
5	1	38	1	2	5	605	1520	89	27	96.624565	Σπάρτη,
5	1	38	1	2	6	713	1520	112	27	16.858810	Βαγγέλης
5	1	38	1	2	7	844	1521	82	26	89.806854	Στραξα
4	1	38	1	3	0	218	1554	709	29	-1	
5	1	38	1	3	1	218	1554	57	27	86.082756	ρίδης
5	1	38	1	3	2	290	1554	33	21	92.736938	καὶ
5	1	38	1	3	3	341	1554	95	26	93.300163	Θανάσης
5	1	38	1	3	4	451	1554	81	28	0.000000	Ντέρος
5	1	38	1	3	5	547	1555	87	26	47.229385	δημόσιοι
5	1	38	1	3	6	649	1555	120	28	92.855644	ὑπάλληλοι,
5	1	38	1	3	7	785	1555	95	27	94.796997	Γιώργης
5	1	38	1	3	8	890	1556	37	20	78.453369	Μα
2	1	39	0	0	0	219	1590	708	57	-1	
3	1	39	1	0	0	219	1590	708	57	-1	
4	1	39	1	1	0	219	1590	708	57	-1	
5	1	39	1	1	1	219	1590	97	26	30.530937	νεσιώτης
5	1	39	1	1	2	333	1591	9	21	90.947021	ὁ
5	1	39	1	1	3	360	1590	132	27	86.089241	Μαργιολῆς,
5	1	39	1	1	4	513	1591	15	21	93.294136	οἱ
5	1	39	1	1	5	549	1591	110	27	14.889458	µακαρίτες
5	1	39	1	1	6	675	1591	157	56	44.579830	σπα
5	1	39	1	1	7	851	1591	76	22	79.954926	Λυκού-
2	1	40	0	0	0	219	1625	347	64	-1	
3	1	40	1	0	0	219	1625	347	64	-1	
4	1	40	1	1	0	219	1625	343	27	-1	
5	1	40	1	1	1	219	1633	60	18	45.193462	ρεσης
5	1	40	1	1	2	299	1625	32	21	86.195938	καὶ
5	1	40	1	1	3	351	1625	99	25	83.408562	Νίκωνας
5	1	40	1	1	4	470	1626	92	26	44.101467	ἹΜπαχκῆς
4	1	40	1	2	0	413	1662	153	27	-1	
5	1	40	1	2	1	413	1662	112	27	70.519066	καμινέτου,
5	1	40	1	2	2	539	1670	27	13	95.515488	πα
2	1	41	0	0	0	401	1732	166	42	-1	
3	1	41	1	0	0	401	1732	166	42	-1	
4	1	41	1	1	0	401	1732	166	42	-1	
5	1	41	1	1	1	401	1740	42	13	0.000000	ο
5	1	41	1	1	2	472	1732	57	42	0.000000	οσ
5	1	41	1	1	3	549	1734	18	25	0.000000	μν
2	1	42	0	0	0	219	1661	186	96	-1	
3	1	42	1	0	0	219	1661	176	96	-1	
4	1	42	1	1	0	219	1661	176	28	-1	
5	1	42	1	1	1	219	1661	46	28	78.950378	χτά,
5	1	42	1	1	2	280	1661	69	27	92.435516	σπίρτο
5	1	42	1	1	3	363	1663	32	20	96.954498	τοῦ
4	1	42	1	2	0	219	1696	186	26	-1	
5	1	42	1	2	1	219	1696	74	26	0.000000	νὰ.
5	1	42	1	2	2	266	1692	26	34	0.000000	μὴ
5	1	42	1	2	3	311	1698	38	24	91.929947	μᾶς
5	1	42	1	2	4	368	1697	37	20	19.689110	ἰδῃ.
4	1	42	1	3	0	249	1732	112	25	-1	
5	1	42	1	3	1	249	1732	112	25	19.883926	Ῥυπόλητοι
2	1	43	0	0	0	220	1767	334	27	-1	
3	1	43	1	0	0	220	1767	334	27	-1	
4	1	43	1	1	0	220	1767	334	27	-1	
5	1	43	1	1	1	220	1767	71	26	52.616905	πάμισο
5	1	43	1	1	2	305	1767	93	27	22.645561	σφιγμὲἐνο
5	1	43	1	1	3	415	1768	38	26	96.226669	στὴ
5	1	43	1	1	4	467	1767	51	27	70.008621	μέση
5	1	43	1	1	5	531	1768	23	26	96.909744	μὲ
2	1	44	0	0	0	220	1803	365	27	-1	
3	1	44	1	0	0	220	1803	365	27	-1	
4	1	44	1	1	0	220	1803	365	27	-1	
5	1	44	1	1	1	220	1803	81	27	74.345078	Ἀόρφος.
5	1	44	1	1	2	317	1803	33	21	92.116203	σὰν
5	1	44	1	1	3	368	1804	97	26	50.449600	ἀποθήχη
5	1	44	1	1	4	478	1804	52	21	90.832649	ὅλων
5	1	44	1	1	5	547	1806	38	20	96.687714	τῶν
2	1	45	0	0	0	219	1838	346	29	-1	
3	1	45	1	0	0	219	1838	346	29	-1	
4	1	45	1	1	0	219	1838	346	29	-1	
5	1	45	1	1	1	219	1839	13	25	53.833538	ἡ
5	1	45	1	1	2	242	1838	48	27	88.871361	µέση
5	1	45	1	1	3	305	1847	40	18	89.478035	µου,
5	1	45	1	1	4	361	1839	36	21	96.094177	ἀπὸ
5	1	45	1	1	5	411	1839	25	22	93.305847	τὰ
5	1	45	1	1	6	449	1839	49	28	91.573105	ξερὰ
5	1	45	1	1	7	510	1843	55	24	23.798798	ψωμο
2	1	46	0	0	0	699	1626	107	22	-1	
3	1	46	1	0	0	699	1626	107	22	-1	
4	1	46	1	1	0	699	1626	107	22	-1	
5	1	46	1	1	1	699	1626	41	22	90.249771	ὅλοι
5	1	46	1	1	2	758	1627	48	24	85.239487	ἕεφτ
2	1	47	0	0	0	569	1662	357	28	-1	
3	1	47	1	0	0	569	1662	357	28	-1	
4	1	47	1	1	0	569	1662	357	28	-1	
5	1	47	1	1	1	569	1662	39	21	34.250931	εδιά
5	1	47	1	1	2	624	1662	130	28	42.161644	«πζεμάλια»,
5	1	47	1	1	3	769	1663	34	21	93.223000	ποὺ
5	1	47	1	1	4	820	1663	51	21	58.357857	καχὸ
5	1	47	1	1	5	881	1663	45	26	51.525845	μάτι
2	1	48	0	0	0	582	1626	346	27	-1	
3	1	48	1	0	0	582	1626	346	27	-1	
4	1	48	1	1	0	582	1626	346	27	-1	
5	1	48	1	1	1	582	1626	32	22	87.934425	καὶ
5	1	48	1	1	2	632	1626	47	27	87.743027	ἐγώ,
5	1	48	1	1	3	833	1635	19	13	41.145851	τα
5	1	48	1	1	4	861	1629	67	19	81.004013	διαλε-
2	1	49	0	0	0	570	1733	358	64	-1	
3	1	49	1	0	0	570	1733	358	64	-1	
4	1	49	1	1	0	587	1733	341	27	-1	
5	1	49	1	1	1	587	1733	33	21	71.200867	ἕνα
5	1	49	1	1	2	639	1733	62	27	90.441231	μακρὺ
5	1	49	1	1	3	721	1733	57	27	52.394482	δραχὶ
5	1	49	1	1	4	795	1734	52	21	80.328308	κι
5	1	49	1	1	5	847	1734	42	21	86.489380	ἕνα
5	1	49	1	1	6	885	1742	43	13	82.723679	που-
4	1	49	1	2	0	585	1768	196	9	-1	
5	1	49	1	2	1	585	1768	4	7	0.000000	Ν
5	1	49	1	2	2	661	1768	15	9	0.000000	(λ
5	1	49	1	2	3	739	1769	42	7	0.000000	α.
4	1	49	1	3	0	570	1770	357	27	-1	
5	1	49	1	3	1	570	1777	24	18	81.212936	τὴ
5	1	49	1	3	2	610	1770	87	26	93.085228	λουρίδα,
5	1	49	1	3	3	712	1777	34	13	95.661148	γιὰ
5	1	49	1	3	4	760	1777	24	13	93.079880	νὰ
5	1	49	1	3	5	800	1769	127	28	24.860008	χρησιμεύη
5	1	49	1	3	6	917	1764	13	37	91.670319	ὁ
2	1	50	0	0	0	717	1788	3	7	-1	
3	1	50	1	0	0	717	1788	3	7	-1	
4	1	50	1	1	0	717	1788	3	7	-1	
5	1	50	1	1	1	717	1788	3	7	47.160755	ἥ
2	1	51	0	0	0	724	1819	30	1	-1	
3	1	51	1	0	0	724	1819	30	1	-1	
4	1	51	1	1	0	724	1819	30	1	-1	
5	1	51	1	1	1	724	1819	30	1	95.000000	 
2	1	52	0	0	0	602	1804	324	43	-1	
3	1	52	1	0	0	602	1804	324	43	-1	
4	1	52	1	1	0	602	1804	324	43	-1	
5	1	52	1	1	1	602	1804	217	27	52.170166	πραγµάτων--ἀκόμη
5	1	52	1	1	2	835	1805	23	26	84.737930	µέ
5	1	52	1	1	3	868	1814	39	33	13.235939	τρὼ
5	1	52	1	1	4	898	1805	28	22	84.399902	ώει
2	1	53	0	0	0	567	1840	359	28	-1	
3	1	53	1	0	0	567	1840	359	28	-1	
4	1	53	1	1	0	582	1840	210	7	-1	
5	1	53	1	1	1	582	1840	4	6	91.255013	/
5	1	53	1	1	2	683	1840	30	7	12.844162	3
5	1	53	1	1	3	789	1841	3	6	0.000000	Β
4	1	53	1	2	0	567	1842	359	26	-1	
5	1	53	1	2	1	567	1842	75	25	71.623779	ψίχαλα
5	1	53	1	2	2	657	1849	33	12	93.094551	ποὺ
5	1	53	1	2	3	703	1849	69	18	91.634529	ἔμεναν
5	1	53	1	2	4	786	1850	63	12	88.416519	ἐκεῖ--
5	1	53	1	2	5	860	1841	21	21	80.094124	πὸ
5	1	53	1	2	6	891	1851	35	17	92.282028	στή
2	1	54	0	0	0	220	1875	706	29	-1	
3	1	54	1	0	0	220	1875	706	29	-1	
4	1	54	1	1	0	220	1875	706	29	-1	
5	1	54	1	1	1	220	1882	48	18	45.459450	ναμε
5	1	54	1	1	2	284	1875	33	21	96.942810	στὸ
5	1	54	1	1	3	335	1875	94	27	77.978653	παιχνίδι,
5	1	54	1	1	4	446	1875	21	21	93.299805	σὲ
5	1	54	1	1	5	487	1875	54	22	93.060234	ὅποιο
5	1	54	1	1	6	559	1876	66	27	93.138092	µέρος,
5	1	54	1	1	7	645	1876	54	21	90.933220	ὅποια
5	1	54	1	1	8	716	1876	57	28	0.000000	μέρα,
5	1	54	1	1	9	792	1876	66	22	91.702423	ὅποιαν
5	1	54	1	1	10	878	1877	48	27	92.527931	ὥρα,
2	1	55	0	0	0	220	1918	4	6	-1	
3	1	55	1	0	0	220	1918	4	6	-1	
4	1	55	1	1	0	220	1918	4	6	-1	
5	1	55	1	1	1	220	1918	4	6	95.000000	 
2	1	56	0	0	0	220	1910	344	98	-1	
3	1	56	1	0	0	220	1910	344	98	-1	
4	1	56	1	1	0	234	1910	208	28	-1	
5	1	56	1	1	1	234	1910	9	20	88.473473	ἑ
5	1	56	1	1	2	258	1910	45	26	77.277695	ἥλιο
5	1	56	1	1	3	317	1910	11	26	75.763290	ἤ
5	1	56	1	1	4	345	1910	32	21	85.696091	καὶ
5	1	56	1	1	5	393	1919	23	18	93.111290	μὲ
5	1	56	1	1	6	431	1919	11	19	78.951538	φ
4	1	56	1	2	0	250	1946	314	27	-1	
5	1	56	1	2	1	250	1946	24	21	52.547554	Ὁ
5	1	56	1	2	2	292	1946	113	27	36.744862	ΣἈτένακας,
5	1	56	1	2	3	424	1948	8	20	92.421562	ὁ
5	1	56	1	2	4	447	1947	117	24	81.719040	Κλίτσικας
4	1	56	1	3	0	220	1981	121	27	-1	
5	1	56	1	3	1	220	1981	121	27	27.235527	κρασὰκ---Ἡ
2	1	57	0	0	0	445	1919	62	19	-1	
3	1	57	1	0	0	445	1919	62	19	-1	
4	1	57	1	1	0	445	1920	9	12	-1	
5	1	57	1	1	1	445	1920	9	12	0.000000	ω
4	1	57	1	2	0	456	1919	13	18	-1	
5	1	57	1	2	1	456	1919	13	18	22.245010	τς
4	1	57	1	3	0	499	1926	8	12	-1	
5	1	57	1	3	1	499	1926	8	12	10.680000	-ο
2	1	58	0	0	0	219	1982	339	62	-1	
3	1	58	1	0	0	219	1982	339	62	-1	
4	1	58	1	1	0	360	1982	198	27	-1	
5	1	58	1	1	1	360	1982	119	27	86.465904	Ἐλλευθερία
5	1	58	1	1	2	495	1983	23	26	85.218307	µέ
5	1	58	1	1	3	537	1983	21	21	95.701302	τὸ
4	1	58	1	2	0	219	2017	333	27	-1	
5	1	58	1	2	1	219	2018	42	26	93.271935	δες,
5	1	58	1	2	2	275	2018	11	25	92.811066	ἡ
5	1	58	1	2	3	301	2017	251	27	7.273895	Γουρουνίτσα---σχουλίκι
2	1	59	0	0	0	470	1911	134	26	-1	
3	1	59	1	0	0	470	1911	134	26	-1	
4	1	59	1	1	0	470	1911	134	26	-1	
5	1	59	1	1	1	470	1919	45	13	76.464516	Ὑάρι
5	1	59	1	1	2	534	1911	70	26	76.854904	ἀκόμη.
2	1	60	0	0	0	582	1947	345	29	-1	
3	1	60	1	0	0	582	1947	345	29	-1	
4	1	60	1	1	0	582	1947	345	29	-1	
5	1	60	1	1	1	582	1947	23	26	96.012924	μὲ
5	1	60	1	1	2	623	1947	21	22	92.041870	τὸ
5	1	60	1	1	3	662	1948	158	28	9.224167	μπίνι---σειλὶκ,
5	1	60	1	1	4	848	1948	79	28	36.655075	στιοµάκ,
2	1	61	0	0	0	577	1983	351	28	-1	
3	1	61	1	0	0	577	1983	351	28	-1	
4	1	61	1	1	0	577	1983	351	28	-1	
5	1	61	1	1	1	577	1983	60	26	35.260345	μπαλὶ
5	1	61	1	1	2	656	1983	33	21	94.669411	καὶ
5	1	61	1	1	3	706	1983	21	22	93.298683	τὸ
5	1	61	1	1	4	742	1983	60	28	62.056900	πίτσι,
5	1	61	1	1	5	821	1984	17	21	93.008621	οἱ
5	1	61	1	1	6	855	1984	73	26	24.005516	Σιομά-
2	1	62	0	0	0	569	2018	358	28	-1	
3	1	62	1	0	0	569	2018	358	28	-1	
4	1	62	1	1	0	569	2018	358	28	-1	
5	1	62	1	1	1	569	2019	35	26	91.664375	στὴ
5	1	62	1	1	2	621	2018	59	27	77.907471	γούέα
5	1	62	1	1	3	697	2019	81	26	49.693295	µου---οἱ
5	1	62	1	1	4	792	2019	104	27	0.216072	Ἰλέφτες,
5	1	62	1	1	5	906	2028	21	13	96.466209	τὸ
2	1	63	0	0	0	220	2053	707	29	-1	
3	1	63	1	0	0	220	2053	707	29	-1	
4	1	63	1	1	0	220	2053	707	29	-1	
5	1	63	1	1	1	220	2053	83	22	0.000000	ΓΚουτσὸ.
5	1	63	1	1	2	319	2053	21	22	93.249977	τὸ
5	1	63	1	1	3	354	2054	122	27	10.083160	Ἰζρυφτούλι,
5	1	63	1	1	4	489	2063	9	13	91.313484	ὁ
5	1	63	1	1	5	516	2054	91	28	33.549393	ΠἩρῶτος
5	1	63	1	1	6	620	2054	65	26	61.352646	Άλιος,
5	1	63	1	1	7	698	2055	16	21	93.292862	οἱ
5	1	63	1	1	8	728	2055	106	27	67.977341	Ιζαθάλες,
5	1	63	1	1	9	850	2056	16	21	90.779572	οἱ
5	1	63	1	1	10	875	2056	52	21	87.627998	Κλω
2	1	64	0	0	0	219	2088	343	135	-1	
3	1	64	1	0	0	219	2088	343	64	-1	
4	1	64	1	1	0	219	2088	187	27	-1	
5	1	64	1	1	1	219	2088	62	27	72.135956	πσιές,
5	1	64	1	1	2	303	2089	20	21	93.217926	τὸ
5	1	64	1	1	3	342	2089	64	21	83.842926	Σιάνι,
4	1	64	1	2	0	219	2124	343	28	-1	
5	1	64	1	2	1	219	2124	22	21	92.850967	πὸ
5	1	64	1	2	2	256	2120	112	36	12.158264	Σταυρὸς--
5	1	64	1	2	3	378	2125	118	27	12.158264	Γράμματα,
5	1	64	1	2	4	514	2125	48	26	95.123192	ἦταν
3	1	64	2	0	0	219	2160	198	63	-1	
4	1	64	2	1	0	251	2160	166	28	-1	
5	1	64	2	1	1	251	2160	48	26	41.739067	"Αμ.
5	1	64	2	1	2	315	2161	16	20	93.196106	οἱ
5	1	64	2	1	3	349	2162	68	26	70.661163	ἑῶλοι,
4	1	64	2	2	0	219	2197	68	26	-1	
5	1	64	2	2	1	219	2197	68	26	89.468437	ροῦχα,
2	1	65	0	0	0	305	2196	335	28	-1	
3	1	65	1	0	0	305	2196	335	28	-1	
4	1	65	1	1	0	305	2196	335	28	-1	
5	1	65	1	1	1	305	2196	37	21	89.936569	«τὰ
5	1	65	1	1	2	361	2196	93	21	15.291328	σκουτιὰ).
5	1	65	1	1	3	475	2197	35	20	93.294930	ποὺ
5	1	65	1	1	4	528	2197	112	27	29.997940	φορούσαμε,
2	1	66	0	0	0	428	2090	499	28	-1	
3	1	66	1	0	0	428	2090	499	28	-1	
4	1	66	1	1	0	428	2090	499	28	-1	
5	1	66	1	1	1	428	2091	9	20	91.242554	ὁ
5	1	66	1	1	2	454	2090	164	27	88.361328	Πετροπόλεμος,
5	1	66	1	1	3	639	2090	21	21	93.281967	τὸ
5	1	66	1	1	4	680	2090	101	28	66.024994	Τσίγκιρι,
5	1	66	1	1	5	801	2091	22	21	93.287178	τὸ
5	1	66	1	1	6	841	2091	86	27	23.097839	Τοχάκι,
2	1	67	0	0	0	579	2126	215	27	-1	
3	1	67	1	0	0	579	2126	215	27	-1	
4	1	67	1	1	0	579	2126	215	27	-1	
5	1	67	1	1	1	579	2126	46	26	74.879517	στῆν
5	1	67	1	1	2	640	2126	69	26	92.729836	πρώτη
5	1	67	1	1	3	724	2126	70	27	86.445236	ἁράδα.
2	1	68	0	0	0	435	2161	493	28	-1	
3	1	68	1	0	0	435	2161	493	28	-1	
4	1	68	1	1	0	435	2161	493	28	-1	
5	1	68	1	1	1	435	2161	16	21	54.917561	οἱ
5	1	68	1	1	2	466	2161	78	27	85.506622	πέννες,
5	1	68	1	1	3	561	2161	25	22	93.139549	τὰ
5	1	68	1	1	4	601	2161	90	27	80.089531	κουμπιὰ,
5	1	68	1	1	5	709	2164	33	19	93.172081	ποῦ
5	1	68	1	1	6	757	2163	17	20	34.577385	τ)
5	1	68	1	1	7	793	2162	85	27	73.404655	ἄφηνες;
5	1	68	1	1	8	896	2162	32	21	95.718597	Τὰ
2	1	69	0	0	0	659	2197	268	27	-1	
3	1	69	1	0	0	659	2197	268	27	-1	
4	1	69	1	1	0	659	2197	268	27	-1	
5	1	69	1	1	1	659	2197	71	21	93.025955	ἀπάνου
5	1	69	1	1	2	750	2205	45	17	93.172462	τους
5	1	69	1	1	3	815	2198	69	26	42.805290	κουμπὶ
5	1	69	1	1	4	895	2197	32	22	96.910965	δὲν
2	1	70	0	0	0	219	2231	709	29	-1	
3	1	70	1	0	0	219	2231	709	29	-1	
4	1	70	1	1	0	219	2231	709	29	-1	
5	1	70	1	1	1	219	2231	73	27	74.414581	εἴχαν]]
5	1	70	1	1	2	307	2231	36	21	88.338303	Μὰ
5	1	70	1	1	3	361	2231	43	22	96.664879	οὔτε
5	1	70	1	1	4	419	2232	33	21	94.992714	καὶ
5	1	70	1	1	5	471	2234	39	19	93.269600	τῶν
5	1	70	1	1	6	528	2234	59	19	92.059532	δικῶν
5	1	70	1	1	7	605	2240	45	18	93.119476	µας.
5	1	70	1	1	8	666	2232	105	27	64.422287	᾿Αλοίμονο
5	1	70	1	1	9	788	2233	28	27	96.253189	δὲ,
5	1	70	1	1	10	835	2233	22	21	93.204483	ἄν
5	1	70	1	1	11	873	2242	55	12	90.056168	πετυ-
2	1	71	0	0	0	216	2265	350	101	-1	
3	1	71	1	0	0	216	2265	350	101	-1	
4	1	71	1	1	0	219	2265	338	30	-1	
5	1	71	1	1	1	219	2266	84	29	50.554131	χαΐίναμε
5	1	71	1	1	2	321	2265	33	23	91.846962	καὶ
5	1	71	1	1	3	373	2269	67	25	91.752144	ροῦχα,
5	1	71	1	1	4	456	2268	47	20	77.613831	δικά
5	1	71	1	1	5	518	2275	39	19	96.673958	µας
4	1	71	1	2	0	219	2302	346	28	-1	
5	1	71	1	2	1	219	2302	93	26	76.761856	Ὑνώσουν.
5	1	71	1	2	2	328	2302	33	21	71.536789	Μὲ
5	1	71	1	2	3	376	2302	24	22	96.235435	τὰ
5	1	71	1	2	4	415	2302	60	28	22.942451	χέρια
5	1	71	1	2	5	490	2303	11	26	91.026375	ἤ
5	1	71	1	2	6	517	2303	23	26	93.293678	μὲ
5	1	71	1	2	7	555	2312	10	13	66.426971	τ'
4	1	71	1	3	0	216	2337	350	29	-1	
5	1	71	1	3	1	216	2337	23	21	96.821907	σὲ
5	1	71	1	3	2	255	2337	46	27	96.816437	λίγο
5	1	71	1	3	3	315	2338	83	26	19.901413	στημένο
5	1	71	1	3	4	415	2339	37	26	84.875435	στὴ
5	1	71	1	3	5	466	2338	63	28	63.089336	σειρᾶ,
5	1	71	1	3	6	538	2347	28	13	71.420166	παι
2	1	72	0	0	0	219	2373	230	26	-1	
3	1	72	1	0	0	219	2373	230	26	-1	
4	1	72	1	1	0	219	2373	230	26	-1	
5	1	72	1	1	1	219	2373	155	26	59.649994	«φιλντισένια»,
5	1	72	1	1	2	391	2374	34	21	92.718369	ποὺ
5	1	72	1	1	3	439	2383	10	12	91.093796	τ
2	1	73	0	0	0	453	2374	107	27	-1	
3	1	73	1	0	0	453	2374	107	27	-1	
4	1	73	1	1	0	453	2374	107	27	-1	
5	1	73	1	1	1	453	2374	11	21	69.802528	ἆ
5	1	73	1	1	2	481	2376	79	25	87.770317	φύλαγα
2	1	74	0	0	0	220	2408	331	64	-1	
3	1	74	1	0	0	220	2408	331	64	-1	
4	1	74	1	1	0	220	2408	331	64	-1	
5	1	74	1	1	1	220	2408	331	64	95.000000	 
2	1	75	0	0	0	219	2455	344	89	-1	
3	1	75	1	0	0	219	2455	344	89	-1	
4	1	75	1	1	0	553	2455	10	12	-1	
5	1	75	1	1	1	553	2455	10	12	44.204414	τ'
4	1	75	1	2	0	220	2465	233	40	-1	
5	1	75	1	2	1	220	2480	63	21	83.321136	ἄλλου
5	1	75	1	2	2	300	2465	81	40	30.503197	εὔδους]!
5	1	75	1	2	3	397	2480	56	22	73.278122	Τέτρ
4	1	75	1	3	0	219	2502	335	42	-1	
5	1	75	1	3	1	219	2524	82	19	92.734558	παιρναν
5	1	75	1	3	2	317	2517	115	27	63.311455	Ἐεχωριστὴ
5	1	75	1	3	3	445	2502	35	36	20.291565	πο
5	1	75	1	3	4	511	2517	43	22	0.000000	δα
2	1	76	0	0	0	219	2552	178	24	-1	
3	1	76	1	0	0	219	2552	178	24	-1	
4	1	76	1	1	0	219	2552	178	24	-1	
5	1	76	1	1	1	219	2552	64	21	93.207497	πάντα
5	1	76	1	1	2	300	2552	97	24	71.236809	διάνες..,.
2	1	77	0	0	0	575	2268	353	27	-1	
3	1	77	1	0	0	575	2268	353	27	-1	
4	1	77	1	1	0	575	2268	353	27	-1	
5	1	77	1	1	1	575	2268	12	26	78.598701	ἤ
5	1	77	1	1	2	606	2268	55	27	3.747215	ξένα,
5	1	77	1	1	3	677	2268	108	26	90.952095	ἁπλωμὲνα
5	1	77	1	1	4	801	2268	35	27	96.055893	γιὰ
5	1	77	1	1	5	853	2269	24	20	92.584732	νὰ
5	1	77	1	1	6	885	2278	43	12	92.431503	στε-
2	1	78	0	0	0	568	2303	217	27	-1	
3	1	78	1	0	0	568	2303	217	27	-1	
4	1	78	1	1	0	568	2303	217	27	-1	
5	1	78	1	1	1	568	2312	11	12	77.299423	ὰ
5	1	78	1	1	2	594	2303	71	22	93.549644	δόντια,
5	1	78	1	1	3	680	2304	20	21	93.292877	τὸ
5	1	78	1	1	4	716	2304	69	26	86.857903	κουμπὶ
2	1	79	0	0	0	568	2304	360	98	-1	
3	1	79	1	0	0	568	2304	360	98	-1	
4	1	79	1	1	0	841	2304	84	7	-1	
5	1	79	1	1	1	841	2304	4	6	0.000000	-
5	1	79	1	1	2	921	2304	4	7	12.866135	Ἡ
4	1	79	1	2	0	800	2306	126	19	-1	
5	1	79	1	2	1	800	2306	83	19	51.343838	χοθύταν
5	1	79	1	2	2	893	2313	33	12	67.449677	καὶ
4	1	79	1	3	0	577	2339	286	12	-1	
5	1	79	1	3	1	577	2339	19	12	0.000000	ῤ
5	1	79	1	3	2	709	2341	9	3	21.565071	.
5	1	79	1	3	3	797	2339	4	7	57.132854	Ἡ
5	1	79	1	3	4	859	2339	4	7	26.194405	ῃ
4	1	79	1	4	0	568	2339	360	27	-1	
5	1	79	1	4	1	568	2347	73	16	31.212311	εζόταν.
5	1	79	1	4	2	660	2339	92	26	90.189041	Θυμᾶμαι
5	1	79	1	4	3	769	2348	33	13	71.252701	καὶ
5	1	79	1	4	4	837	2348	91	18	42.008591	κάμποσα
4	1	79	1	5	0	711	2374	216	28	-1	
5	1	79	1	5	1	711	2375	35	26	83.698257	γιὰ
5	1	79	1	5	2	762	2370	56	36	11.269447	ὅρα,.
5	1	79	1	5	3	830	2383	97	18	11.269447	ἀνάγκης.
2	1	80	0	0	0	568	2410	358	42	-1	
3	1	80	1	0	0	568	2410	358	42	-1	
4	1	80	1	1	0	568	2410	358	42	-1	
5	1	80	1	1	1	568	2418	45	19	43.757462	ο.
5	1	80	1	1	2	631	2418	68	34	0.000000	προ!
5	1	80	1	1	3	695	2410	38	21	92.970261	ἴδια
5	1	80	1	1	4	749	2412	38	20	91.853714	τῶν
5	1	80	1	1	5	802	2406	76	36	91.853714	σπιτιῶν
5	1	80	1	1	6	889	2411	37	21	82.952087	καὶ
2	1	81	0	0	0	575	2374	119	49	-1	
3	1	81	1	0	0	575	2374	119	49	-1	
4	1	81	1	1	0	575	2374	119	49	-1	
5	1	81	1	1	1	575	2374	119	49	0.000000	Ἱπδρωση,
2	1	82	0	0	0	566	2446	360	27	-1	
3	1	82	1	0	0	566	2446	360	27	-1	
4	1	82	1	1	0	566	2446	360	27	-1	
5	1	82	1	1	1	566	2453	28	19	87.013779	ες,
5	1	82	1	1	2	612	2446	15	21	95.791916	οἱ
5	1	82	1	1	3	643	2445	69	28	95.323837	γάτες,
5	1	82	1	1	4	730	2446	25	21	93.299698	τὰ
5	1	82	1	1	5	770	2446	78	27	88.559196	σχυλιὰ,
5	1	82	1	1	6	866	2446	60	26	84.230843	ἤτανε
2	1	83	0	0	0	445	2481	482	29	-1	
3	1	83	1	0	0	445	2481	482	29	-1	
4	1	83	1	1	0	445	2481	482	29	-1	
5	1	83	1	1	1	445	2489	31	20	71.560341	ρα,
5	1	83	1	1	2	495	2481	92	28	96.604874	λάστιχο,
5	1	83	1	1	3	606	2481	100	28	36.848778	σφεντόνα,
5	1	83	1	1	4	724	2482	36	21	97.008171	στὰ
5	1	83	1	1	5	779	2481	58	29	89.130669	χέρια
5	1	83	1	1	6	854	2490	46	19	93.303398	µας,
5	1	83	1	1	7	910	2492	17	11	80.538170	ἔ-
2	1	84	0	0	0	567	2517	360	28	-1	
3	1	84	1	0	0	567	2517	360	28	-1	
4	1	84	1	1	0	567	2517	360	28	-1	
5	1	84	1	1	1	567	2513	67	37	41.196487	Ντίκ..
5	1	84	1	1	2	646	2518	31	21	41.196487	καὶ
5	1	84	1	1	3	692	2518	62	27	92.549339	πάρτο
5	1	84	1	1	4	767	2518	68	21	74.308609	κάτου,
5	1	84	1	1	5	849	2518	78	27	26.171188	Ἐϊχαμε
2	1	85	0	0	0	219	2588	709	64	-1	
3	1	85	1	0	0	219	2588	709	64	-1	
4	1	85	1	1	0	253	2588	674	28	-1	
5	1	85	1	1	1	253	2588	181	27	17.696922	Ἡρωτομάστορης
5	1	85	1	1	2	453	2589	17	20	55.978718	σ᾿
5	1	85	1	1	3	489	2588	53	27	91.696991	αὐτό,
5	1	85	1	1	4	562	2590	9	21	92.399872	ὁ
5	1	85	1	1	5	589	2589	103	27	87.193512	σημερινὸς
5	1	85	1	1	6	710	2589	94	27	66.219315	Ἠφέτης,
5	1	85	1	1	7	821	2589	106	26	83.301331	Γιάννης
5	1	85	1	1	8	915	2584	15	36	93.022110	ὁ
4	1	85	1	2	0	219	2623	709	29	-1	
5	1	85	1	2	1	219	2623	178	26	72.456589	Καλλιμόπουλος.
5	1	85	1	2	2	414	2624	24	21	52.413170	Σ’
5	1	85	1	2	3	452	2624	75	27	92.184593	ἔδερνε,
5	1	85	1	2	4	543	2624	53	22	86.389359	παιδί
5	1	85	1	2	5	611	2632	39	20	95.386971	µου,
5	1	85	1	2	6	667	2624	21	22	93.293869	σέ
5	1	85	1	2	7	704	2624	114	28	58.792995	Χλώτσαγε,
5	1	85	1	2	8	833	2625	20	21	93.301544	σέ
5	1	85	1	2	9	869	2625	59	22	93.117477	πιλά-
2	1	86	0	0	0	220	2668	10	11	-1	
3	1	86	1	0	0	220	2668	10	11	-1	
4	1	86	1	1	0	220	2668	10	11	-1	
5	1	86	1	1	1	220	2668	10	11	0.000000	«ὶ
2	1	87	0	0	0	219	2704	13	6	-1	
3	1	87	1	0	0	219	2704	13	6	-1	
4	1	87	1	1	0	219	2704	13	6	-1	
5	1	87	1	1	1	219	2704	13	6	0.000000	π
2	1	88	0	0	0	236	2694	88	27	-1	
3	1	88	1	0	0	236	2694	88	27	-1	
4	1	88	1	1	0	270	2694	15	16	-1	
5	1	88	1	1	1	270	2694	15	16	0.000000	)
4	1	88	1	2	0	236	2703	88	18	-1	
5	1	88	1	2	1	236	2703	88	18	39.002724	ιστέψης,
2	1	89	0	0	0	235	2730	91	22	-1	
3	1	89	1	0	0	235	2730	91	22	-1	
4	1	89	1	1	0	235	2730	91	22	-1	
5	1	89	1	1	1	235	2730	37	21	85.201408	αλό
5	1	89	1	1	2	288	2739	38	18	92.619026	σου,
2	1	90	0	0	0	220	2739	12	12	-1	
3	1	90	1	0	0	220	2739	12	12	-1	
4	1	90	1	1	0	220	2739	12	12	-1	
5	1	90	1	1	1	220	2739	12	12	66.335144	κ
2	1	91	0	0	0	220	2732	345	91	-1	
3	1	91	1	0	0	220	2732	345	91	-1	
4	1	91	1	1	0	343	2732	211	25	-1	
5	1	91	1	1	1	343	2731	21	21	93.296158	τὸ
5	1	91	1	1	2	378	2731	59	21	74.926674	ἔκανε
5	1	91	1	1	3	452	2731	53	21	87.790001	αὐτό.
5	1	91	1	1	4	522	2732	32	25	75.902313	Τὴ
4	1	91	1	2	0	220	2766	332	28	-1	
5	1	91	1	2	1	220	2775	20	12	93.272003	σε
5	1	91	1	2	2	256	2768	8	20	91.177429	ὁ
5	1	91	1	2	3	279	2766	94	27	93.283409	Γιώργης
5	1	91	1	2	4	387	2768	9	20	90.289032	ὁ
5	1	91	1	2	5	411	2767	93	27	62.522171	Μαρθῆς
5	1	91	1	2	6	518	2767	34	21	96.725945	ποὺ
4	1	91	1	3	0	527	2803	38	20	-1	
5	1	91	1	3	1	527	2803	38	20	57.808929	Σον
2	1	92	0	0	0	229	2856	116	4	-1	
3	1	92	1	0	0	229	2856	116	4	-1	
4	1	92	1	1	0	229	2856	116	4	-1	
5	1	92	1	1	1	229	2856	116	4	95.000000	 
2	1	93	0	0	0	365	2856	195	4	-1	
3	1	93	1	0	0	365	2856	195	4	-1	
4	1	93	1	1	0	365	2856	195	4	-1	
5	1	93	1	1	1	365	2856	195	4	95.000000	 
2	1	94	0	0	0	226	2861	253	6	-1	
3	1	94	1	0	0	226	2861	253	6	-1	
4	1	94	1	1	0	226	2861	253	6	-1	
5	1	94	1	1	1	226	2861	253	6	95.000000	 
2	1	95	0	0	0	227	2867	143	4	-1	
3	1	95	1	0	0	227	2867	143	4	-1	
4	1	95	1	1	0	227	2867	143	4	-1	
5	1	95	1	1	1	227	2867	143	4	95.000000	 
2	1	96	0	0	0	373	2867	121	4	-1	
3	1	96	1	0	0	373	2867	121	4	-1	
4	1	96	1	1	0	373	2867	121	4	-1	
5	1	96	1	1	1	373	2867	121	4	95.000000	 
2	1	97	0	0	0	218	2891	347	57	-1	
3	1	97	1	0	0	218	2891	347	57	-1	
4	1	97	1	1	0	218	2891	347	21	-1	
5	1	97	1	1	1	218	2891	60	21	77.429390	ΝΕΟ
5	1	97	1	1	2	315	2891	250	21	44.346176	ΗΡΟΤΣΡΑΜΗΝΟΣ
4	1	97	1	2	0	241	2926	301	22	-1	
5	1	97	1	2	1	241	2926	57	21	89.491264	ΣΤΟ
5	1	97	1	2	2	331	2927	211	21	56.291023	ΤΑΣΥΔΡΟΜΕΙΟ
2	1	98	0	0	0	218	2972	230	70	-1	
3	1	98	1	0	0	218	2972	230	70	-1	
4	1	98	1	1	0	249	2972	163	34	-1	
5	1	98	1	1	1	249	2972	108	34	36.025162	Μετετέδη
5	1	98	1	1	2	377	2980	35	21	96.405983	ἀπὸ
4	1	98	1	2	0	218	3015	230	27	-1	
5	1	98	1	2	1	218	3017	54	24	78.293571	μεῖον
5	1	98	1	2	2	290	3015	132	27	73.501137	Γεωργιτσίου
5	1	98	1	2	3	439	3017	9	21	91.506706	ὁ
2	1	99	0	0	0	218	3051	367	60	-1	
3	1	99	1	0	0	218	3051	367	60	-1	
4	1	99	1	1	0	218	3051	367	28	-1	
5	1	99	1	1	1	218	3047	74	36	34.052032	πουλος.
5	1	99	1	1	2	310	3051	31	23	63.970299	καὶ
5	1	99	1	1	3	359	3051	85	21	85.477264	ἀνέλαθε
5	1	99	1	1	4	459	3052	9	21	92.834076	ὁ
5	1	99	1	1	5	482	3051	45	24	91.275024	νέος
5	1	99	1	1	6	535	3060	37	19	96.569984	προ
5	1	99	1	1	7	584	3067	1	5	96.509392	|
4	1	99	1	2	0	444	3087	127	24	-1	
5	1	99	1	2	1	444	3095	42	16	90.618576	ειος
5	1	99	1	2	2	502	3088	28	20	82.078506	Ν.
5	1	99	1	2	3	540	3087	31	21	16.730995	ζ
2	1	100	0	0	0	375	3087	67	22	-1	
3	1	100	1	0	0	375	3087	67	22	-1	
4	1	100	1	1	0	375	3087	67	22	-1	
5	1	100	1	1	1	375	3087	67	22	40.931950	Ῥασίλ
2	1	101	0	0	0	219	3122	219	28	-1	
3	1	101	1	0	0	219	3122	219	28	-1	
4	1	101	1	1	0	219	3122	219	28	-1	
5	1	101	1	1	1	219	3130	37	18	96.595238	της
5	1	101	1	1	2	274	3123	22	20	91.192062	ἐκ
5	1	101	1	1	3	315	3122	123	28	93.422234	Νεοχωρίου,
2	1	102	0	0	0	218	3086	140	27	-1	
3	1	102	1	0	0	218	3086	140	27	-1	
4	1	102	1	1	0	218	3086	140	27	-1	
5	1	102	1	1	1	218	3086	104	27	53.373608	στάμενος
5	1	102	1	1	2	339	3096	19	12	85.843452	κ.
2	1	103	0	0	0	233	2659	489	29	-1	
3	1	103	1	0	0	233	2659	489	29	-1	
4	1	103	1	1	0	233	2659	489	29	-1	
5	1	103	1	1	1	233	2667	37	13	90.618675	ευε,
5	1	103	1	1	2	288	2660	39	20	83.321991	Σοῦ
5	1	103	1	1	3	343	2659	73	27	75.999741	µέλαγε
5	1	103	1	1	4	433	2660	61	27	93.301857	ὅμως,
5	1	103	1	1	5	510	2660	23	26	90.366241	µέ
5	1	103	1	1	6	549	2660	65	22	88.219559	τέτοια
5	1	103	1	1	7	631	2660	91	28	88.219559	γαλιφιὰ,
2	1	104	0	0	0	481	2861	105	5	-1	
3	1	104	1	0	0	481	2861	105	5	-1	
4	1	104	1	1	0	481	2861	105	5	-1	
5	1	104	1	1	1	481	2861	105	5	95.000000	 
2	1	105	0	0	0	557	2868	325	4	-1	
3	1	105	1	0	0	557	2868	325	4	-1	
4	1	105	1	1	0	557	2868	325	4	-1	
5	1	105	1	1	1	557	2868	325	4	95.000000	 
2	1	106	0	0	0	466	3016	107	21	-1	
3	1	106	1	0	0	466	3016	107	21	-1	
4	1	106	1	1	0	466	3016	107	21	-1	
5	1	106	1	1	1	466	3024	19	13	65.168327	Χ.
5	1	106	1	1	2	503	3016	70	21	0.000000	Νασσό
2	1	107	0	0	0	740	2660	188	22	-1	
3	1	107	1	0	0	740	2660	188	22	-1	
4	1	107	1	1	0	766	2660	158	8	-1	
5	1	107	1	1	1	766	2660	72	8	18.964149	οσα
5	1	107	1	1	2	919	2661	5	7	57.082710	ν
4	1	107	1	2	0	740	2668	188	14	-1	
5	1	107	1	2	1	740	2669	34	12	95.431053	που
5	1	107	1	2	2	789	2670	21	12	93.296989	σε
5	1	107	1	2	3	828	2668	59	14	46.592072	Έχανε
5	1	107	1	2	4	903	2669	25	13	92.772972	νὰ
2	1	108	0	0	0	341	2695	587	43	-1	
3	1	108	1	0	0	341	2695	587	29	-1	
4	1	108	1	1	0	359	2695	565	8	-1	
5	1	108	1	1	1	359	2695	4	5	0.000000	«
5	1	108	1	1	2	424	2695	42	7	21.720215	ο.
5	1	108	1	1	3	532	2695	4	7	71.501625	͵
5	1	108	1	1	4	627	2696	41	6	24.912117	ο...
5	1	108	1	1	5	736	2696	42	6	6.357010	ον
5	1	108	1	1	6	841	2696	4	7	74.143555	͵
5	1	108	1	1	7	919	2696	5	7	38.177811	λ
4	1	108	1	2	0	341	2697	587	41	-1	
5	1	108	1	2	1	341	2703	42	16	93.155586	πὼς
5	1	108	1	2	2	398	2704	34	18	93.181656	γιὰ
5	1	108	1	2	3	448	2704	21	13	96.829781	τὸ
5	1	108	1	2	4	486	2697	53	20	72.356659	καλό
5	1	108	1	2	5	552	2704	32	13	96.940819	σου
5	1	108	1	2	6	600	2704	32	13	73.758240	καὶ
5	1	108	1	2	7	648	2704	44	18	91.920723	µόνο
5	1	108	1	2	8	709	2705	35	18	95.035088	γιὰ
5	1	108	1	2	9	760	2705	22	13	96.870369	τὸ
5	1	108	1	2	10	796	2698	52	20	44.384899	καλό
5	1	108	1	2	11	856	2705	40	33	0.000000	-
5	1	108	1	2	12	906	2705	22	13	85.712990	τὸ
2	1	109	0	0	0	569	2731	359	42	-1	
3	1	109	1	0	0	569	2731	359	42	-1	
4	1	109	1	1	0	569	2731	359	42	-1	
5	1	109	1	1	1	569	2731	124	28	73.945580	μεγαλύτερη
5	1	109	1	1	2	709	2732	101	41	62.330063	λαγτόρα,
5	1	109	1	1	3	825	2733	49	25	91.516663	τὴν
5	1	109	1	1	4	869	2732	59	21	90.671425	πέρα-
2	1	110	0	0	0	702	2753	196	21	-1	
3	1	110	1	0	0	702	2753	196	21	-1	
4	1	110	1	1	0	896	2753	2	7	-1	
5	1	110	1	1	1	896	2753	2	7	9.976730	ὑ
4	1	110	1	2	0	702	2767	5	7	-1	
5	1	110	1	2	1	702	2767	5	7	0.653244	η
2	1	111	0	0	0	567	2763	257	67	-1	
3	1	111	1	0	0	567	2763	257	67	-1	
4	1	111	1	1	0	567	2763	257	34	-1	
5	1	111	1	1	1	567	2763	93	33	38.412773	ποὔσπασε,
5	1	111	1	1	2	675	2776	33	12	37.340378	και
5	1	111	1	1	3	722	2768	38	25	24.598717	τὴ.
5	1	111	1	1	4	771	2763	53	34	66.171387	δίκα.
4	1	111	1	2	0	568	2803	78	27	-1	
5	1	111	1	2	1	568	2803	43	27	48.081268	εχίς
5	1	111	1	2	2	612	2811	34	13	88.577370	ετα
2	1	112	0	0	0	632	2858	308	1	-1	
3	1	112	1	0	0	632	2858	308	1	-1	
4	1	112	1	1	0	632	2858	308	1	-1	
5	1	112	1	1	1	632	2858	308	1	95.000000	 
2	1	113	0	0	0	607	2891	326	21	-1	
3	1	113	1	0	0	607	2891	326	21	-1	
4	1	113	1	1	0	607	2891	326	21	-1	
5	1	113	1	1	1	607	2905	29	1	14.585922	--
5	1	113	1	1	2	656	2891	230	21	69.374977	ΣΥΓΧΑΡΗΤΗΡΙΑ
5	1	113	1	1	3	903	2905	30	2	76.203171	--
2	1	114	0	0	0	631	2944	247	27	-1	
3	1	114	1	0	0	631	2944	247	27	-1	
4	1	114	1	1	0	631	2944	247	27	-1	
5	1	114	1	1	1	631	2944	69	27	90.470284	Θερμὰ
5	1	114	1	1	2	728	2945	150	26	90.501389	συγχαρητήρια
2	1	115	0	0	0	431	2953	515	54	-1	
3	1	115	1	0	0	431	2953	515	54	-1	
4	1	115	1	1	0	911	2953	35	18	-1	
5	1	115	1	1	1	911	2945	35	26	89.221161	χιὰ
4	1	115	1	2	0	431	2980	506	27	-1	
5	1	115	1	2	1	431	2980	22	21	89.809525	τὸ
5	1	115	1	2	2	472	2980	167	27	4.577881	Ταχυδρο-
5	1	115	1	2	3	578	2976	10	35	55.869385	]
5	1	115	1	2	4	596	2980	43	27	93.297012	τοὺς
5	1	115	1	2	5	657	2980	115	27	90.960426	ἀρραθῶνες
5	1	115	1	2	6	788	2982	36	24	93.295921	τῆς
5	1	115	1	2	7	843	2980	53	25	91.774673	δίδος
5	1	115	1	2	8	906	2981	31	26	78.999939	Χρ
2	1	116	0	0	0	566	3015	4	7	-1	
3	1	116	1	0	0	566	3015	4	7	-1	
4	1	116	1	1	0	566	3015	4	7	-1	
5	1	116	1	1	1	566	3015	4	7	13.547249	/
2	1	117	0	0	0	583	3010	2	56	-1	
3	1	117	1	0	0	583	3010	2	56	-1	
4	1	117	1	1	0	583	3010	2	56	-1	
5	1	117	1	1	1	583	3010	2	56	95.000000	 
2	1	118	0	0	0	594	2989	366	160	-1	
3	1	118	1	0	0	594	2989	353	160	-1	
4	1	118	1	1	0	942	2989	3	12	-1	
5	1	118	1	1	1	942	2989	3	12	37.227741	'
4	1	118	1	2	0	595	3015	365	35	-1	
5	1	118	1	2	1	595	3015	67	25	86.338699	στίνας
5	1	118	1	2	2	691	3016	22	21	0.000000	Ὦἵ.
5	1	118	1	2	3	739	3015	132	27	24.343681	Ῥωμθλιώτη
5	1	118	1	2	4	897	3025	35	17	90.108185	µετ
5	1	118	1	2	5	922	3016	38	34	72.949394	τὰ
4	1	118	1	3	0	595	3051	351	28	-1	
5	1	118	1	3	1	595	3053	32	19	94.280289	τοῦ
5	1	118	1	3	2	646	3051	99	21	93.532074	Διονυσίου
5	1	118	1	3	3	768	3052	47	21	88.866638	Φιλ.
5	1	118	1	3	4	842	3052	104	27	38.494186	Τσερωτᾶ,
4	1	118	1	4	0	594	3087	293	27	-1	
5	1	118	1	4	1	594	3087	23	21	94.451401	νὰ
5	1	118	1	4	2	635	3087	49	21	92.863503	εἶναι
5	1	118	1	4	3	703	3087	184	27	63.703232	τρισευτυχισµένοι.
4	1	118	1	5	0	637	3123	265	26	-1	
5	1	118	1	5	1	637	3123	72	26	0.000000	Οἶκογ.
5	1	118	1	5	2	731	3123	56	21	87.629196	Παν.
5	1	118	1	5	3	803	3124	28	20	88.846764	Ν.
5	1	118	1	5	4	846	3123	56	26	1.206245	ᾖήτη
2	1	119	0	0	0	582	3085	4	67	-1	
3	1	119	1	0	0	582	3085	4	67	-1	
4	1	119	1	1	0	582	3085	4	67	-1	
5	1	119	1	1	1	582	3085	4	67	95.000000	 
2	1	120	0	0	0	954	296	380	41	-1	
3	1	120	1	0	0	954	296	380	41	-1	
4	1	120	1	1	0	954	296	380	41	-1	
5	1	120	1	1	1	954	296	95	40	4.643127	Υθ0Ι
5	1	120	1	1	2	1072	296	58	40	81.619873	ΠΕΡΙ
5	1	120	1	1	3	1149	297	51	40	0.000000	ΤΙ
5	1	120	1	1	4	1217	297	117	40	28.591110	ΠΡΙΤΗΝΙ
2	1	121	0	0	0	955	339	367	100	-1	
3	1	121	1	0	0	955	339	367	100	-1	
4	1	121	1	1	0	955	339	367	100	-1	
5	1	121	1	1	1	955	339	140	100	12.683289	ΜΗΝ
5	1	121	1	1	2	1124	368	50	40	9.919823	Τι
5	1	121	1	1	3	1202	364	120	49	0.000000	ΙΛΙΟΝ
2	1	122	0	0	0	966	434	353	25	-1	
3	1	122	1	0	0	966	434	353	25	-1	
4	1	122	1	1	0	966	434	353	25	-1	
5	1	122	1	1	1	966	434	40	20	91.341614	Τοῦ
5	1	122	1	1	2	1048	434	89	25	83.750282	ἀειμνήστου
5	1	122	1	1	3	1152	434	23	21	91.961693	Δ.
5	1	122	1	1	4	1193	434	126	21	42.090488	ΣΜΙΓΑΛΟΥ
2	1	123	0	0	0	1022	434	12	20	-1	
3	1	123	1	0	0	1022	434	12	20	-1	
4	1	123	1	1	0	1022	434	12	20	-1	
5	1	123	1	1	1	1022	434	12	20	95.000000	 
2	1	124	0	0	0	1035	442	9	12	-1	
3	1	124	1	0	0	1035	442	9	12	-1	
4	1	124	1	1	0	1035	442	9	12	-1	
5	1	124	1	1	1	1035	442	16	12	0.000000	ὃ
2	1	125	0	0	0	954	454	3	66	-1	
3	1	125	1	0	0	954	454	3	66	-1	
4	1	125	1	1	0	954	454	3	66	-1	
5	1	125	1	1	1	954	454	3	66	95.000000	 
2	1	126	0	0	0	954	486	364	217	-1	
3	1	126	1	0	0	954	486	364	217	-1	
4	1	126	1	1	0	999	486	318	42	-1	
5	1	126	1	1	1	999	486	67	42	0.000000	προ
5	1	126	1	1	2	1069	494	21	16	82.094810	ος
5	1	126	1	1	3	1111	487	92	24	78.567169	θασιλεὺς
5	1	126	1	1	4	1224	487	30	24	93.199150	εἰς
5	1	126	1	1	5	1283	488	34	25	92.475922	τὴν
4	1	126	1	2	0	967	522	351	27	-1	
5	1	126	1	2	1	967	521	124	28	88.392204	περιφέρεια»
5	1	126	1	2	2	1110	524	37	24	93.278839	τῆς
5	1	126	1	2	3	1166	522	95	25	72.675797	Χοιλάδος
5	1	126	1	2	4	1281	525	37	24	96.656662	τῆς
4	1	126	1	3	0	966	557	352	28	-1	
5	1	126	1	3	1	966	557	152	27	54.642082	Λακεδαίμονος
5	1	126	1	3	2	1148	558	117	27	43.838531	ἀναφέρεται
5	1	126	1	3	3	1309	560	9	21	83.474731	ὁ
4	1	126	1	4	0	954	578	363	60	-1	
5	1	126	1	4	1	954	578	129	60	0.000000	[Πολάνὰς
5	1	126	1	4	2	1103	593	72	25	87.892159	Λέλεξ.
5	1	126	1	4	3	1204	594	59	22	91.309029	Πότε
5	1	126	1	4	4	1284	595	33	21	94.830917	καὶ
4	1	126	1	5	0	954	612	364	60	-1	
5	1	126	1	5	1	954	636	46	36	29.696121	ο
5	1	126	1	5	2	1024	625	121	35	53.583267	ἐθασίλευσε,
5	1	126	1	5	3	1161	612	78	44	86.102997	δηλαδὴ
5	1	126	1	5	4	1266	630	52	21	56.021248	χατὰ
4	1	126	1	6	0	954	682	3	21	-1	
5	1	126	1	6	1	954	682	3	21	72.914185	|
2	1	127	0	0	0	965	666	352	62	-1	
3	1	127	1	0	0	965	666	352	62	-1	
4	1	127	1	1	0	966	666	351	25	-1	
5	1	127	1	1	1	966	672	52	13	91.628502	ποῖον
5	1	127	1	1	2	1036	664	68	27	71.003632	χρόνον
5	1	127	1	1	3	1119	665	33	21	94.386124	καὶ
5	1	127	1	1	4	1170	665	30	24	93.246597	εἰς
5	1	127	1	1	5	1217	668	53	19	56.697994	ποῖον
5	1	127	1	1	6	1288	666	29	21	81.550919	τό-
4	1	127	1	2	0	965	700	352	28	-1	
5	1	127	1	2	1	965	708	34	12	61.237255	ποὺ
5	1	127	1	2	2	1013	700	40	27	92.545555	εἶχε
5	1	127	1	2	3	1067	700	34	26	93.285805	τὴν
5	1	127	1	2	4	1114	700	57	28	90.819122	ἔδραν
5	1	127	1	2	5	1186	709	39	19	96.720573	του,
5	1	127	1	2	6	1235	701	32	21	93.275772	δὲν
5	1	127	1	2	7	1276	709	41	19	71.086189	Ίνω
2	1	128	0	0	0	954	753	365	509	-1	
3	1	128	1	0	0	954	753	364	294	-1	
4	1	128	1	1	0	996	753	322	46	-1	
5	1	128	1	1	1	996	771	26	21	53.746483	π
5	1	128	1	1	2	1035	753	120	45	0.000000	Ελληνκὴ
5	1	128	1	1	3	1176	772	96	27	93.230537	φαντασία
5	1	128	1	1	4	1288	782	30	12	88.034698	συ-
4	1	128	1	2	0	954	806	364	39	-1	
5	1	128	1	2	1	954	806	77	39	42.253525	{έδεσε
5	1	128	1	2	2	1057	807	58	25	91.883926	ὅλους
5	1	128	1	2	3	1133	808	45	25	64.197037	τοὺς
5	1	128	1	2	4	1198	808	78	28	96.720345	τόπους,
5	1	128	1	2	5	1292	809	26	21	96.810143	τὰ
4	1	128	1	3	0	967	843	351	28	-1	
5	1	128	1	3	1	967	843	63	22	86.918243	θουνά,
5	1	128	1	3	2	1051	843	46	25	92.875099	τοὺς
5	1	128	1	3	3	1118	843	95	28	48.152203	Χάμπους,
5	1	128	1	3	4	1232	844	45	24	92.767281	τοὺς
5	1	128	1	3	5	1286	853	32	13	92.767281	πο-
4	1	128	1	4	0	955	878	362	28	-1	
5	1	128	1	4	1	955	878	91	27	4.392509	Γπαμούς,
5	1	128	1	4	2	1063	878	38	25	96.968773	τὰς
5	1	128	1	4	3	1117	879	77	27	94.707153	πόλεις,
5	1	128	1	4	4	1209	879	23	27	96.540558	μὲ
5	1	128	1	4	5	1247	880	70	26	53.951233	μύθους
4	1	128	1	5	0	966	913	351	30	-1	
5	1	128	1	5	1	966	913	32	21	83.354950	καὶ
5	1	128	1	5	2	1015	914	22	26	93.285057	μὲ
5	1	128	1	5	3	1053	914	85	26	91.848160	ὀνόματα
5	1	128	1	5	4	1154	916	54	20	59.656872	Φεῶν
5	1	128	1	5	5	1225	915	33	22	26.546028	καὶ
5	1	128	1	5	6	1276	915	41	28	78.458778	ἡρώ
4	1	128	1	6	0	966	950	351	28	-1	
5	1	128	1	6	1	966	957	33	13	52.472389	ων.
5	1	128	1	6	2	1015	950	40	20	0.000000	Ἰαὶ
5	1	128	1	6	3	1072	952	55	19	93.297256	τοῦτο
5	1	128	1	6	4	1141	950	33	21	91.930626	σὰν
5	1	128	1	6	5	1189	951	128	27	92.465218	φυσιολάτραι
4	1	128	1	7	0	966	984	352	29	-1	
5	1	128	1	7	1	966	984	23	26	96.467278	μὲ
5	1	128	1	7	2	1007	985	34	26	83.934990	τὴν
5	1	128	1	7	3	1063	986	165	27	32.011467	ἀνΔρωπόμορφον
5	1	128	1	7	4	1257	995	61	18	46.188736	φυσιο-
4	1	128	1	8	0	966	1020	159	27	-1	
5	1	128	1	8	1	966	1020	95	27	79.013779	λατρείαν
5	1	128	1	8	2	1079	1029	46	13	92.961159	των,
3	1	128	2	0	0	966	1055	353	134	-1	
4	1	128	2	1	0	997	1055	321	28	-1	
5	1	128	2	1	1	997	1055	58	22	0.000000	"λτσι
5	1	128	2	1	2	1073	1056	41	21	92.472923	ὅλοι
5	1	128	2	1	3	1129	1057	46	26	94.585335	στὴν
5	1	128	2	1	4	1191	1057	85	21	79.677948	κοιλάδα
5	1	128	2	1	5	1286	1060	32	19	96.759483	τοῦ
4	1	128	2	2	0	968	1091	351	28	-1	
5	1	128	2	2	1	968	1091	83	27	27.146233	Βὐρώτα
5	1	128	2	2	2	1067	1091	23	27	95.584435	μὲ
5	1	128	2	2	3	1108	1092	24	26	95.792953	τὴ
5	1	128	2	2	4	1151	1093	69	26	95.097359	φυσική
5	1	128	2	2	5	1240	1101	37	18	92.841171	της
5	1	128	2	2	6	1286	1102	33	17	92.135223	µε-
4	1	128	2	3	0	966	1127	352	28	-1	
5	1	128	2	3	1	966	1127	137	27	0.000000	γαλοπρόπεια
5	1	128	2	3	2	1122	1128	33	21	61.803154	καὶ
5	1	128	2	3	3	1176	1129	24	25	93.226669	τὴ
5	1	128	2	3	4	1217	1130	101	25	75.567146	θαυμαστὴ
4	1	128	2	4	0	966	1162	337	28	-1	
5	1	128	2	4	1	966	1162	90	22	66.467270	πονλιλία
5	1	128	2	4	2	1074	1163	91	26	92.663361	ἐγέμισαν
5	1	128	2	4	3	1182	1164	23	26	96.276886	μὲ
5	1	128	2	4	4	1221	1164	82	26	47.942688	μύθους.
3	1	128	3	0	0	997	1199	322	63	-1	
4	1	128	3	1	0	997	1199	322	28	-1	
5	1	128	3	1	1	997	1199	23	20	76.622757	Ὁ
5	1	128	3	1	2	1044	1199	113	27	43.714615	Πελασγὸς
5	1	128	3	1	3	1177	1199	68	26	92.421631	Λέλεξ
5	1	128	3	1	4	1265	1200	54	27	77.753632	ἐγέν-
4	1	128	3	2	0	1027	1234	137	28	-1	
5	1	128	3	2	1	1027	1234	31	21	87.140656	τὸν
5	1	128	3	2	2	1073	1234	91	28	74.350388	Εδρώτα,
2	1	129	0	0	0	966	1235	352	27	-1	
3	1	129	1	0	0	966	1235	352	27	-1	
4	1	129	1	1	0	966	1235	352	27	-1	
5	1	129	1	1	1	966	1242	46	18	74.811302	γησε
5	1	129	1	1	2	1180	1235	32	22	83.058296	τὸν
5	1	129	1	1	3	1229	1236	89	26	90.307983	εὐγενικὸ
2	1	130	0	0	0	1059	1270	258	29	-1	
3	1	130	1	0	0	1059	1270	258	29	-1	
4	1	130	1	1	0	1059	1270	258	29	-1	
5	1	130	1	1	1	1059	1270	67	27	92.696747	στήριο
5	1	130	1	1	2	1144	1271	74	21	89.043961	ἐκεῖνον
5	1	130	1	1	3	1243	1271	74	28	84.877663	νεανία,
2	1	131	0	0	0	1040	1305	272	28	-1	
3	1	131	1	0	0	1040	1305	272	28	-1	
4	1	131	1	1	0	1040	1305	272	28	-1	
5	1	131	1	1	1	1040	1313	9	13	72.730530	ν
5	1	131	1	1	2	1066	1305	87	27	84.404701	ἐπεδόδη
5	1	131	1	1	3	1171	1307	30	24	94.367920	εἰς
5	1	131	1	1	4	1221	1308	34	25	95.237434	τὴν
5	1	131	1	1	5	1287	1316	25	12	95.237434	τα
2	1	132	0	0	0	967	1306	71	40	-1	
3	1	132	1	0	0	967	1306	71	40	-1	
4	1	132	1	1	0	967	1313	9	13	-1	
5	1	132	1	1	1	967	1313	9	13	23.442963	ο
4	1	132	1	2	0	985	1306	10	20	-1	
5	1	132	1	2	1	985	1306	10	20	26.357178	ο.
4	1	132	1	3	0	996	1314	12	11	-1	
5	1	132	1	3	1	996	1314	12	11	48.569073	1
4	1	132	1	4	0	1010	1313	9	13	-1	
5	1	132	1	4	1	1010	1313	9	13	53.105503	Θ
4	1	132	1	5	0	1030	1314	8	32	-1	
5	1	132	1	5	1	1030	1314	8	32	0.000000	5
2	1	133	0	0	0	955	1348	364	198	-1	
3	1	133	1	0	0	955	1348	364	198	-1	
4	1	133	1	1	0	975	1348	343	21	-1	
5	1	133	1	1	1	975	1348	105	19	8.598183	«τοποίησιν
5	1	133	1	1	2	1098	1343	36	24	87.529518	τῆς
5	1	133	1	1	3	1162	1342	52	27	78.286514	Ὑύρω
5	1	133	1	1	4	1243	1342	75	27	71.368034	«φύσεως
4	1	133	1	2	0	967	1376	351	29	-1	
5	1	133	1	2	1	967	1376	33	20	85.385239	καὶ
5	1	133	1	2	2	1018	1376	85	27	92.408203	ἀπέκοψε
5	1	133	1	2	3	1120	1377	21	21	93.298927	τὸ
5	1	133	1	2	4	1158	1377	60	28	67.363098	θράχο
5	1	133	1	2	5	1235	1379	36	25	93.289665	στὴ
5	1	133	1	2	6	1288	1378	30	21	92.698425	θὲ-
4	1	133	1	3	0	967	1412	350	29	-1	
5	1	133	1	3	1	967	1420	24	17	93.251312	ση
5	1	133	1	3	2	1011	1412	106	27	62.098679	«Φοῦρνου
5	1	133	1	3	3	1138	1413	32	21	71.072472	καὶ
5	1	133	1	3	4	1190	1413	61	22	92.119019	ἔδωσε
5	1	133	1	3	5	1271	1414	46	27	63.779686	ροὴν
4	1	133	1	4	0	955	1447	364	39	-1	
5	1	133	1	4	1	955	1447	42	39	82.153809	[εἰς
5	1	133	1	4	2	1017	1447	24	21	93.290878	τὰ
5	1	133	1	4	3	1057	1447	119	26	47.420650	λιμνάζοντα
5	1	133	1	4	4	1194	1449	54	27	95.472198	νερά,
5	1	133	1	4	5	1268	1449	25	22	93.305298	τὰ
5	1	133	1	4	6	1301	1450	18	21	77.192047	ὃ-
4	1	133	1	5	0	967	1482	351	41	-1	
5	1	133	1	5	1	967	1484	46	39	87.296555	ποῖα
5	1	133	1	5	2	1030	1482	132	27	92.448219	ἐσχημάτισαν
5	1	133	1	5	3	1183	1483	32	22	95.454033	τὸν
5	1	133	1	5	4	1236	1484	82	28	0.000000	ποταμό,
4	1	133	1	6	0	968	1518	165	28	-1	
5	1	133	1	6	1	968	1518	8	20	90.895584	ὁ
5	1	133	1	6	2	986	1519	63	20	88.286110	ὁποῖον
5	1	133	1	6	3	1074	1518	59	28	89.634254	ἐπῆρε
2	1	134	0	0	0	968	1553	274	27	-1	
3	1	134	1	0	0	968	1553	274	27	-1	
4	1	134	1	1	0	968	1553	274	27	-1	
5	1	134	1	1	1	968	1553	130	27	16.377220	«θὐρώτας»,
5	1	134	1	1	2	1126	1554	76	25	59.638863	«Οὗτος
5	1	134	1	1	3	1221	1555	21	21	96.756218	τὸ
2	1	135	0	0	0	1160	1519	158	27	-1	
3	1	135	1	0	0	1160	1519	158	27	-1	
4	1	135	1	1	0	1160	1519	158	27	-1	
5	1	135	1	1	1	1160	1519	20	21	93.295830	τὸ
5	1	135	1	1	2	1200	1519	59	27	92.341003	ὄνομά
5	1	135	1	1	3	1286	1529	32	12	85.059189	του
2	1	136	0	0	0	955	776	3	790	-1	
3	1	136	1	0	0	955	776	3	790	-1	
4	1	136	1	1	0	955	776	3	790	-1	
5	1	136	1	1	1	955	776	3	790	95.000000	 
2	1	137	0	0	0	956	1555	364	417	-1	
3	1	137	1	0	0	956	1555	364	311	-1	
4	1	137	1	1	0	1267	1555	51	28	-1	
5	1	137	1	1	1	1267	1555	51	28	89.740593	ὕδωρ
4	1	137	1	2	0	956	1588	363	38	-1	
5	1	137	1	2	1	956	1588	33	38	0.000000	ἡπὸ
5	1	137	1	2	2	1002	1589	93	26	86.173782	λιμνάζον
5	1	137	1	2	3	1109	1590	19	20	96.601921	ἐν
5	1	137	1	2	4	1144	1592	27	19	66.284348	τῷ
5	1	137	1	2	5	1186	1590	60	22	91.611801	πεδίω
5	1	137	1	2	6	1260	1591	59	27	76.512573	διώρυ
4	1	137	1	3	0	957	1626	363	25	-1	
5	1	137	1	3	1	957	1632	30	19	0.000000	Ύι
5	1	137	1	3	2	1006	1632	115	19	85.668655	κατήγαγεν
5	1	137	1	3	3	1140	1626	29	20	96.846008	ἐπὶ
5	1	137	1	3	4	1189	1626	131	22	42.065933	θάλασσαν.
5	1	137	1	3	5	1305	1621	19	35	89.777115	ἆ
4	1	137	1	4	0	968	1660	351	32	-1	
5	1	137	1	4	1	968	1660	117	27	71.540077	πορρύευτος
5	1	137	1	4	2	1098	1661	25	31	93.285591	δὲ
5	1	137	1	4	3	1141	1661	37	27	34.355003	{ἠν
5	1	137	1	4	4	1199	1670	37	19	52.802105	αρ
5	1	137	1	4	5	1256	1663	24	25	85.266228	δὴ
5	1	137	1	4	6	1297	1663	22	21	96.889900	τὸ
4	1	137	1	5	0	968	1695	351	29	-1	
5	1	137	1	5	1	968	1695	102	22	19.588356	ὑπόλοιπον
5	1	137	1	5	2	1085	1698	85	25	84.940659	ποταμοῦ
5	1	137	1	5	3	1185	1698	69	26	87.308929	ρεῦμα)
5	1	137	1	5	4	1273	1697	46	22	83.743530	ὠνό-
4	1	137	1	6	0	968	1731	352	29	-1	
5	1	137	1	6	1	968	1739	58	17	39.353260	ψασεν
5	1	137	1	6	2	1044	1731	114	27	21.677467	Ἠὐρώταν».
5	1	137	1	6	3	1178	1733	142	27	58.129505	(Παυσ).
5	1	137	1	6	4	1287	1727	35	37	83.521324	Αλ
4	1	137	1	7	0	969	1767	349	28	-1	
5	1	137	1	7	1	969	1767	36	23	90.588852	λος
5	1	137	1	7	2	1028	1767	55	26	88.663673	Ὑυιός
5	1	137	1	7	3	1102	1770	32	18	93.177559	τοῦ
5	1	137	1	7	4	1153	1768	95	27	89.677017	Λέλεγος
5	1	137	1	7	5	1271	1769	47	26	95.321609	ἦταν
4	1	137	1	8	0	957	1791	362	43	-1	
5	1	137	1	8	1	957	1795	20	28	0.000000	᾿ὁ
5	1	137	1	8	2	992	1791	77	43	59.771065	Μύχης,
5	1	137	1	8	3	1085	1804	8	21	88.249199	ὁ
5	1	137	1	8	4	1109	1805	65	23	89.786934	ὁποῖος
5	1	137	1	8	5	1190	1804	68	28	86.963181	ἐφεῦρε
5	1	137	1	8	6	1274	1805	45	24	96.874855	τοὺς
4	1	137	1	9	0	956	1831	232	39	-1	
5	1	137	1	9	1	956	1831	84	33	0.000000	μύλους
5	1	137	1	9	2	1060	1834	128	36	61.732952	(Αλεσίας).
3	1	137	2	0	0	968	1874	351	98	-1	
4	1	137	2	1	0	998	1874	321	29	-1	
5	1	137	2	1	1	998	1874	26	20	86.265602	Ἡ
5	1	137	2	1	2	1039	1874	58	25	96.470131	πόλις
5	1	137	2	1	3	1112	1875	83	27	74.791466	Σπάρτη
5	1	137	2	1	4	1209	1876	60	27	91.621742	ἐπῆρε
5	1	137	2	1	5	1298	1876	21	22	93.958229	τὸ
4	1	137	2	2	0	968	1909	351	43	-1	
5	1	137	2	2	1	968	1909	59	26	96.432289	ὄνομα
5	1	137	2	2	2	1044	1912	36	24	95.039001	τῆς
5	1	137	2	2	3	1100	1910	115	42	64.835297	Ῥυγατέρας
5	1	137	2	2	4	1235	1914	32	19	92.999451	τοῦ
5	1	137	2	2	5	1284	1912	35	21	46.140324	ΓΕὺ-
4	1	137	2	3	0	968	1954	9	18	-1	
5	1	137	2	3	1	968	1954	9	18	87.670227	ρ
2	1	138	0	0	0	956	1877	3	59	-1	
3	1	138	1	0	0	956	1877	3	59	-1	
4	1	138	1	1	0	956	1877	3	13	-1	
5	1	138	1	1	1	956	1877	3	13	26.774200	{
4	1	138	1	2	0	957	1892	2	9	-1	
5	1	138	1	2	1	957	1892	2	9	70.202568	1
4	1	138	1	3	0	956	1903	3	9	-1	
5	1	138	1	3	1	956	1903	3	9	29.624359	[
4	1	138	1	4	0	956	1929	2	7	-1	
5	1	138	1	4	1	956	1929	2	16	46.426006	ἵ
2	1	139	0	0	0	956	1948	363	152	-1	
3	1	139	1	0	0	956	1948	363	152	-1	
4	1	139	1	1	0	980	1948	338	26	-1	
5	1	139	1	1	1	980	1945	49	27	88.507233	ώτα,
5	1	139	1	1	2	1044	1946	12	26	80.359337	ἡ
5	1	139	1	1	3	1073	1946	55	22	72.620186	ὁποία
5	1	139	1	1	4	1145	1947	41	27	36.158905	εἶχε
5	1	139	1	1	5	1202	1947	68	27	88.713600	σύζυγο
5	1	139	1	1	6	1287	1948	31	21	96.759079	τὸν
4	1	139	1	2	0	956	1973	363	34	-1	
5	1	139	1	2	1	956	1973	31	28	36.926941	ΙΛ
5	1	139	1	2	2	968	1981	148	26	65.326462	Λακεδαίμονα.
5	1	139	1	2	3	1144	1982	40	21	50.469200	Ἰαὶ
5	1	139	1	2	4	1207	1982	75	28	77.524948	θέδαια,
5	1	139	1	2	5	1300	1984	19	20	85.676666	ᾱ-
4	1	139	1	3	0	956	2009	363	37	-1	
5	1	139	1	3	1	956	2009	23	37	0.000000	τφ
5	1	139	1	3	2	982	2018	20	19	66.672195	οὔ
5	1	139	1	3	3	1019	2017	11	26	83.982529	ἡ
5	1	139	1	3	4	1045	2017	84	27	84.325790	Σπάρτη
5	1	139	1	3	5	1144	2017	101	28	62.553333	εὑρίσιετο
5	1	139	1	3	6	1254	2019	34	24	96.334229	εἰς
5	1	139	1	3	7	1298	2019	21	21	96.833855	τὸ
4	1	139	1	4	0	956	2048	344	52	-1	
5	1	139	1	4	1	956	2048	24	52	4.421036	κ
5	1	139	1	4	2	994	2060	31	13	95.702789	σον
5	1	139	1	4	3	1045	2054	32	20	89.561516	τοῦ
5	1	139	1	4	4	1097	2052	76	27	42.712807	χάμπου
5	1	139	1	4	5	1194	2055	37	25	91.804024	τῆς
5	1	139	1	4	6	1252	2055	48	21	83.460739	Λακ
2	1	140	0	0	0	953	2051	367	349	-1	
3	1	140	1	0	0	953	2051	367	349	-1	
4	1	140	1	1	0	983	2051	8	21	-1	
5	1	140	1	1	1	983	2051	8	21	40.668236	ἐ
4	1	140	1	2	0	968	2089	99	24	-1	
5	1	140	1	2	1	968	2089	99	24	66.975082	δαίµονος.
4	1	140	1	3	0	998	2123	322	29	-1	
5	1	140	1	3	1	998	2123	61	27	92.473763	Τώρα
5	1	140	1	3	2	1079	2124	11	26	85.028618	ἡ
5	1	140	1	3	3	1111	2124	80	27	80.161926	µεγάλη
5	1	140	1	3	4	1207	2125	32	21	96.668701	καὶ
5	1	140	1	3	5	1260	2125	60	27	82.409172	κοίλη
4	1	140	1	4	0	968	2159	352	29	-1	
5	1	140	1	4	1	968	2159	134	26	31.592857	Λακεδαίμων
5	1	140	1	4	2	1123	2162	43	22	79.372604	πῶς
5	1	140	1	4	3	1192	2161	128	27	79.372604	ἐδημιουργή-
4	1	140	1	5	0	953	2195	367	27	-1	
5	1	140	1	5	1	953	2216	2	2	43.844036	1
5	1	140	1	5	2	968	2195	39	25	0.000000	ὅης
5	1	140	1	5	3	1022	2195	65	24	65.580421	Ποῖος
5	1	140	1	5	4	1103	2195	91	27	90.351135	ἐγέννησε
5	1	140	1	5	5	1212	2196	32	21	93.264641	τὸν
5	1	140	1	5	6	1262	2197	58	21	92.120102	Λαχε
4	1	140	1	6	0	967	2229	352	30	-1	
5	1	140	1	6	1	967	2229	93	26	29.944748	δαίμονα;
5	1	140	1	6	2	1078	2230	35	21	93.300705	ἀπὸ
5	1	140	1	6	3	1128	2233	33	19	93.168159	ποῦ
5	1	140	1	6	4	1176	2231	33	21	81.272079	χαὶ
5	1	140	1	6	5	1225	2233	43	23	96.715141	πῶς
5	1	140	1	6	6	1284	2241	35	18	96.935127	προ
4	1	140	1	7	0	968	2266	351	28	-1	
5	1	140	1	7	1	968	2266	50	24	60.005676	ἤλθε
5	1	140	1	7	2	1035	2267	8	20	88.915947	ὁ
5	1	140	1	7	3	1062	2266	134	26	59.123962	Λακεδαίμων
5	1	140	1	7	4	1214	2267	32	21	84.923645	καὶ
5	1	140	1	7	5	1266	2267	53	27	61.789909	ἔγιωε
4	1	140	1	8	0	956	2300	364	29	-1	
5	1	140	1	8	1	956	2300	93	27	71.490456	Γσύζυγος
5	1	140	1	8	2	1071	2303	37	24	85.237541	τῆς
5	1	140	1	8	3	1134	2301	107	28	20.414055	Ἀπάρτης:;
5	1	140	1	8	4	1270	2303	50	21	47.369366	᾽Απὺ
4	1	140	1	9	0	968	2337	352	42	-1	
5	1	140	1	9	1	968	2338	33	19	92.481308	ποῦ
5	1	140	1	9	2	1021	2337	62	20	92.527931	ἀλλοῦ
5	1	140	1	9	3	1102	2339	94	40	0.000000	ἠποροο
5	1	140	1	9	4	1211	2338	24	20	93.292847	νὰ
5	1	140	1	9	5	1251	2338	69	27	92.402161	προέλ-
4	1	140	1	10	0	968	2371	188	29	-1	
5	1	140	1	10	1	968	2373	25	24	83.373207	θη
5	1	140	1	10	2	1007	2373	8	20	93.199150	ὁ
5	1	140	1	10	3	1030	2371	81	29	92.656670	εὔφορος
5	1	140	1	10	4	1124	2372	32	22	47.276207	καὶ
2	1	141	0	0	0	967	2373	352	62	-1	
3	1	141	1	0	0	967	2373	352	62	-1	
4	1	141	1	1	0	1170	2373	149	25	-1	
5	1	141	1	1	1	1170	2373	93	25	93.259018	πλούσιος
5	1	141	1	1	2	1279	2374	42	21	89.008118	ἐχεῖ
4	1	141	1	2	0	967	2407	351	28	-1	
5	1	141	1	2	1	967	2415	33	16	88.234222	νος
5	1	141	1	2	2	1017	2407	78	26	33.616669	κάμπος
5	1	141	1	2	3	1109	2408	52	27	96.922569	παρὰ
5	1	141	1	2	4	1177	2409	35	21	96.632820	ἀπὸ
5	1	141	1	2	5	1227	2409	31	21	91.943657	τὸν
5	1	141	1	2	6	1274	2403	44	27	45.053894	Ταῦ
2	1	142	0	0	0	967	2443	353	62	-1	
3	1	142	1	0	0	967	2443	353	62	-1	
4	1	142	1	1	0	967	2443	353	29	-1	
5	1	142	1	1	1	967	2451	47	17	48.403633	Ύετο
5	1	142	1	1	2	1027	2443	33	20	82.458229	καὶ
5	1	142	1	1	3	1077	2443	31	25	93.295822	τὶς
5	1	142	1	1	4	1123	2444	71	27	54.743637	δροχὲς
5	1	142	1	1	5	1208	2446	32	19	93.132782	τοῦ
5	1	142	1	1	6	1256	2445	64	27	27.343765	Όὐρα-
4	1	142	1	2	0	967	2479	352	26	-1	
5	1	142	1	2	1	967	2480	42	25	65.573868	νοῦς
5	1	142	1	2	2	1032	2479	68	21	0.000000	"ταν
5	1	142	1	2	3	1119	2479	67	22	92.421509	λοιπὸν
5	1	142	1	2	4	1203	2481	9	21	93.047073	ὁ
5	1	142	1	2	5	1227	2480	92	22	90.962952	Λακεδαί
2	1	143	0	0	0	968	2585	353	279	-1	
3	1	143	1	0	0	968	2585	353	279	-1	
4	1	143	1	1	0	968	2585	352	29	-1	
5	1	143	1	1	1	968	2585	26	21	89.648781	λὰ
5	1	143	1	1	2	1011	2586	11	25	88.291977	ἡ
5	1	143	1	1	3	1037	2586	94	26	48.420872	Ταὐγέτη
5	1	143	1	1	4	1145	2586	52	22	90.629837	ποιὸν
5	1	143	1	1	5	1215	2587	41	27	90.695915	εἶχε
5	1	143	1	1	6	1270	2588	50	21	91.579330	πατέ
4	1	143	1	2	0	968	2623	352	28	-1	
5	1	143	1	2	1	968	2629	31	19	66.406509	ρα,
5	1	143	1	2	2	1013	2621	34	21	84.212006	ἕνα
5	1	143	1	2	3	1062	2621	44	22	85.261536	πόσο
5	1	143	1	2	4	1124	2622	75	27	86.549866	µεγάλο
5	1	143	1	2	5	1217	2623	32	21	90.972748	καὶ
5	1	143	1	2	6	1265	2623	55	28	92.818474	ὅμορ-
4	1	143	1	3	0	968	2653	352	33	-1	
5	1	143	1	3	1	968	2664	22	19	66.694054	φο
5	1	143	1	3	2	1008	2657	64	27	77.923660	δουνό;
5	1	143	1	3	3	1089	2653	61	25	41.258606	ΠΠοιὸν
5	1	143	1	3	4	1168	2658	63	21	90.765533	ἄλλον
5	1	143	1	3	5	1249	2661	71	25	44.933773	μποροῦ
4	1	143	1	4	0	1166	2693	154	23	-1	
5	1	143	1	4	1	1166	2693	32	22	92.442627	τὸν
5	1	143	1	4	2	1213	2693	107	23	10.010994	΄Απλαντα
4	1	143	1	5	0	968	2728	352	28	-1	
5	1	143	1	5	1	968	2728	33	20	93.290634	ποὺ
5	1	143	1	5	2	1018	2728	96	25	81.537865	ἐθάσταζε
5	1	143	1	5	3	1133	2729	44	21	93.302414	στὸν
5	1	143	1	5	4	1194	2729	41	27	52.131519	ὦμο
5	1	143	1	5	5	1254	2738	33	13	85.050713	του
5	1	143	1	5	6	1296	2730	24	26	85.050713	τὴ
4	1	143	1	6	0	968	2764	84	25	-1	
5	1	143	1	6	1	968	2764	36	25	0.000000	Ὅη,
4	1	143	1	7	0	969	2799	352	28	-1	
5	1	143	1	7	1	969	2807	34	16	92.936317	τες
5	1	143	1	7	2	1023	2799	98	28	83.046906	ἀργότερα
5	1	143	1	7	3	1140	2800	36	26	95.111542	στὴ
5	1	143	1	7	4	1192	2800	45	27	93.843491	ρίζα
5	1	143	1	7	5	1256	2802	32	20	96.582756	τοῦ
5	1	143	1	7	6	1296	2810	25	17	96.068901	µε
4	1	143	1	8	0	968	2834	353	30	-1	
5	1	143	1	8	1	968	2834	62	27	79.844246	Ὑάλου
5	1	143	1	8	2	1047	2835	75	21	71.864502	ἐκείνου
5	1	143	1	8	3	1142	2838	64	19	51.670727	θουνοῦ
5	1	143	1	8	4	1222	2836	56	28	91.577545	εἶχαν
5	1	143	1	8	5	1288	2836	33	22	47.776943	κτί
2	1	144	0	0	0	967	2692	183	28	-1	
3	1	144	1	0	0	967	2692	183	28	-1	
4	1	144	1	1	0	967	2692	183	28	-1	
5	1	144	1	1	1	967	2701	21	12	96.527496	σε
5	1	144	1	1	2	1001	2692	24	21	93.277588	νὰ
5	1	144	1	1	3	1040	2692	44	28	93.220001	ἔχη,
5	1	144	1	1	4	1098	2693	52	27	96.987289	παρὰ
2	1	145	0	0	0	1070	2764	250	28	-1	
3	1	145	1	0	0	1070	2764	250	28	-1	
4	1	145	1	1	0	1070	2764	250	28	-1	
5	1	145	1	1	1	1070	2764	46	21	84.007065	αὐτὸ
5	1	145	1	1	2	1132	2764	33	21	96.456329	καὶ
5	1	145	1	1	3	1185	2765	16	21	93.255295	οἱ
5	1	145	1	1	4	1221	2766	99	26	9.009842	ΣἈπαρτιᾶ-
2	1	146	0	0	0	969	2870	352	27	-1	
3	1	146	1	0	0	969	2870	352	27	-1	
4	1	146	1	1	0	1043	2870	268	12	-1	
5	1	146	1	1	1	1043	2870	3	6	0.000000	.
5	1	146	1	1	2	1105	2870	33	12	22.811707	ο
5	1	146	1	1	3	1307	2871	4	7	0.000000	Ἡ
4	1	146	1	2	0	969	2873	352	24	-1	
5	1	146	1	2	1	969	2878	27	13	91.553581	σει
5	1	146	1	2	2	1015	2878	45	13	68.646317	ναὺν
5	1	146	1	2	3	1077	2879	33	13	86.989777	χαὶ
5	1	146	1	2	4	1131	2879	52	18	57.698254	θωμὸ
5	1	146	1	2	5	1200	2880	32	13	92.271797	τοῦ
5	1	146	1	2	6	1250	2873	71	20	82.675247	Γαιαύ-
2	1	147	0	0	0	969	2906	239	27	-1	
3	1	147	1	0	0	969	2906	239	27	-1	
4	1	147	1	1	0	969	2906	239	27	-1	
5	1	147	1	1	1	969	2913	40	20	87.177872	χου.
5	1	147	1	1	2	1030	2906	52	21	0.000000	ἹΚατ'
5	1	147	1	1	3	1101	2906	56	21	96.534462	αὐτὸν
5	1	147	1	1	4	1176	2906	32	22	96.882759	τὸν
2	1	148	0	0	0	957	2395	3	495	-1	
3	1	148	1	0	0	957	2395	3	495	-1	
4	1	148	1	1	0	957	2395	3	495	-1	
5	1	148	1	1	1	957	2395	3	495	95.000000	 
2	1	149	0	0	0	969	2941	278	63	-1	
3	1	149	1	0	0	969	2941	278	63	-1	
4	1	149	1	1	0	969	2941	278	28	-1	
5	1	149	1	1	1	969	2941	48	26	93.249985	τόση
5	1	149	1	1	2	1035	2942	142	27	61.182098	Ἰλαφυρότητα
5	1	149	1	1	3	1193	2945	54	19	87.355385	συνέδ
4	1	149	1	2	0	970	2977	277	27	-1	
5	1	149	1	2	1	970	2977	113	26	63.887173	Ἑλληνικὴ
5	1	149	1	2	2	1104	2977	96	27	24.221542	Φφανπασία
5	1	149	1	2	3	1220	2987	27	13	65.766647	χα
2	1	150	0	0	0	1227	2943	60	57	-1	
3	1	150	1	0	0	1227	2943	9	20	-1	
4	1	150	1	1	0	1227	2943	9	20	-1	
5	1	150	1	1	1	1227	2943	9	20	0.000000	ῶ-
3	1	150	2	0	0	1248	2952	39	48	-1	
4	1	150	2	1	0	1248	2952	10	48	-1	
5	1	150	2	1	1	1248	2978	5	22	0.000000	...
4	1	150	2	2	0	1261	2952	10	12	-1	
5	1	150	2	2	1	1261	2952	10	12	0.000000	Ά
4	1	150	2	3	0	1273	2952	14	12	-1	
5	1	150	2	3	1	1273	2952	14	12	0.000000	ον
2	1	151	0	0	0	957	2999	365	114	-1	
3	1	151	1	0	0	968	3012	353	63	-1	
4	1	151	1	1	0	1040	3012	204	8	-1	
5	1	151	1	1	1	1040	3012	60	7	12.647476	να
5	1	151	1	1	2	1240	3014	4	6	0.000000	ιν
4	1	151	1	2	0	968	2999	353	43	-1	
5	1	151	1	2	1	968	3021	54	13	80.009232	νευσε
5	1	151	1	2	2	1039	3014	38	20	92.862038	ὅλα
5	1	151	1	2	3	1091	3021	33	13	91.586250	ὅσα
5	1	151	1	2	4	1141	3014	124	26	83.265060	Φαυμαστὰ
5	1	151	1	2	5	1261	3024	11	11	92.533478	π
5	1	151	1	2	6	1276	2999	45	43	0.000000	..
4	1	151	1	3	0	957	3041	365	36	-1	
5	1	151	1	3	1	957	3041	76	28	0.000000	᾿σίασεν
5	1	151	1	3	2	1053	3049	11	26	90.574539	ἡ
5	1	151	1	3	3	1081	3049	114	26	90.897560	Ἑλληνικὴ
5	1	151	1	3	4	1217	3049	105	28	92.606865	Πατρίδα.
3	1	151	2	0	0	999	3084	322	29	-1	
4	1	151	2	1	0	999	3084	322	29	-1	
5	1	151	2	1	1	999	3084	40	21	95.101501	Καὶ
5	1	151	2	1	2	1063	3084	60	28	86.822517	τώρα,
5	1	151	2	1	3	1151	3085	24	25	88.842110	ἄς
5	1	151	2	1	4	1202	3085	119	28	77.265747	συνεχίσωµε
2	1	152	0	0	0	957	3122	350	28	-1	
3	1	152	1	0	0	957	3122	350	28	-1	
4	1	152	1	1	0	957	3122	350	28	-1	
5	1	152	1	1	1	957	3133	3	16	60.531830	|.
5	1	152	1	1	2	984	3122	112	27	92.684471	Συνέχεια
5	1	152	1	1	3	1115	3123	43	27	96.386581	στὴ
5	1	152	1	1	4	1177	3123	28	27	48.808632	δη
5	1	152	1	1	5	1224	3123	83	21	96.836342	σελίδα
2	1	153	0	0	0	967	2514	367	64	-1	
3	1	153	1	0	0	967	2514	367	64	-1	
4	1	153	1	1	0	967	2514	367	28	-1	
5	1	153	1	1	1	967	2522	40	18	54.633671	µων
5	1	153	1	1	2	1028	2514	40	25	85.054764	υἱὸς
5	1	153	1	1	3	1089	2517	37	24	92.427673	τῆς
5	1	153	1	1	4	1146	2515	107	27	53.302834	Ταὐγέτης
5	1	153	1	1	5	1285	2516	49	23	87.703728	καὶ
5	1	153	1	1	6	1326	2510	12	36	88.129066	|
4	1	153	1	2	0	968	2540	366	38	-1	
5	1	153	1	2	1	968	2551	32	19	90.540161	τοῦ
5	1	153	1	2	2	1020	2550	157	28	86.564346	νεφεληγερέτου
5	1	153	1	2	3	1194	2551	57	25	56.809292	Διὸς|
5	1	153	1	2	4	1273	2540	61	33	59.212334	Αλ.
5	1	153	1	2	5	1325	2536	12	48	67.362518	|
2	1	154	0	0	0	791	248	710	9	-1	
3	1	154	1	0	0	791	248	710	9	-1	
4	1	154	1	1	0	791	248	710	9	-1	
5	1	154	1	1	1	791	248	710	9	95.000000	 
2	1	155	0	0	0	1331	303	6	2295	-1	
3	1	155	1	0	0	1331	303	6	2295	-1	
4	1	155	1	1	0	1331	303	6	2295	-1	
5	1	155	1	1	1	1331	303	6	2295	95.000000	 
2	1	156	0	0	0	1505	251	565	7	-1	
3	1	156	1	0	0	1505	251	565	7	-1	
4	1	156	1	1	0	1505	251	565	7	-1	
5	1	156	1	1	1	1505	251	565	7	95.000000	 
2	1	157	0	0	0	1364	296	705	152	-1	
3	1	157	1	0	0	1364	296	705	152	-1	
4	1	157	1	1	0	1364	296	705	63	-1	
5	1	157	1	1	1	1364	296	44	49	91.700279	Ἡ
5	1	157	1	1	2	1431	297	279	49	78.734222	ἐκπαίδευση
5	1	157	1	1	3	1726	297	81	49	85.808632	στὀ
5	1	157	1	1	4	1829	297	240	62	71.859131	Γεωργίτσι
4	1	157	1	2	0	1448	385	529	63	-1	
5	1	157	1	2	1	1448	386	86	61	62.433140	πρὀ
5	1	157	1	2	2	1562	386	73	49	77.213974	καί
5	1	157	1	2	3	1663	386	109	62	90.848053	µετά
5	1	157	1	2	4	1799	386	51	49	96.689278	τὸ
5	1	157	1	2	5	1879	385	98	50	90.847412	1821
2	1	158	0	0	0	1599	466	236	4	-1	
3	1	158	1	0	0	1599	466	236	4	-1	
4	1	158	1	1	0	1599	466	236	4	-1	
5	1	158	1	1	1	1599	466	236	4	95.000000	 
2	1	159	0	0	0	1489	506	450	22	-1	
3	1	159	1	0	0	1489	506	450	22	-1	
4	1	159	1	1	0	1489	506	450	22	-1	
5	1	159	1	1	1	1489	506	49	21	92.679207	Ὑπὸ
5	1	159	1	1	2	1551	509	32	19	96.980644	τοῦ
5	1	159	1	1	3	1598	516	18	12	88.419693	κ.
5	1	159	1	1	4	1631	507	140	21	33.194458	ΓΕΩΡΠΙΟΥ
5	1	159	1	1	5	1784	507	23	21	90.345459	Δ.
5	1	159	1	1	6	1822	507	117	21	49.351120	ΤΚΛΕΙΚΑ.
2	1	160	0	0	0	1598	555	236	4	-1	
3	1	160	1	0	0	1598	555	236	4	-1	
4	1	160	1	1	0	1598	555	236	4	-1	
5	1	160	1	1	1	1598	555	236	4	95.000000	 
2	1	161	0	0	0	1742	596	326	44	-1	
3	1	161	1	0	0	1742	596	326	44	-1	
4	1	161	1	1	0	1742	596	326	44	-1	
5	1	161	1	1	1	1742	597	49	25	87.832695	πυξη
5	1	161	1	1	2	1805	596	58	21	61.268230	θέλω
5	1	161	1	1	3	1876	596	25	21	95.090378	νὰ
5	1	161	1	1	4	1915	596	57	44	22.716164	πό
5	1	161	1	1	5	1986	596	34	26	83.231606	μιὰ
5	1	161	1	1	6	2030	597	38	41	10.830719	ο.
2	1	162	0	0	0	1389	679	557	115	-1	
3	1	162	1	0	0	1389	679	546	115	-1	
4	1	162	1	1	0	1407	679	484	70	-1	
5	1	162	1	1	1	1407	702	5	21	63.690559	ὺ
5	1	162	1	1	2	1476	711	48	17	93.211594	αὐτὴ
5	1	162	1	1	3	1541	703	40	27	92.715355	ἔχω
5	1	162	1	1	4	1597	702	137	28	96.056023	περισσότερες
5	1	162	1	1	5	1737	679	154	70	0.000000	-ἀλαροφορίος.
4	1	162	1	2	0	1389	738	557	28	-1	
5	1	162	1	2	1	1389	738	28	21	93.275162	Τὸ
5	1	162	1	2	2	1434	738	110	27	90.087494	Γεωργίτσι
5	1	162	1	2	3	1562	738	95	26	85.838730	κτίσθηκε
5	1	162	1	2	4	1672	739	48	23	92.659683	ἴσως
5	1	162	1	2	5	1736	738	21	22	96.647415	τὸ
5	1	162	1	2	6	1776	739	38	21	79.432411	15ο
5	1	162	1	2	7	1828	739	69	27	89.713997	αἰῶνα,
5	1	162	1	2	8	1914	740	32	20	96.735298	τοῦ
4	1	162	1	3	0	1397	774	18	20	-1	
5	1	162	1	3	1	1397	774	18	20	31.496010	ο
2	1	163	0	0	0	1634	747	21	12	-1	
3	1	163	1	0	0	1634	747	21	12	-1	
4	1	163	1	1	0	1634	747	21	12	-1	
5	1	163	1	1	1	1634	747	21	12	95.000000	  
2	1	164	0	0	0	1947	740	118	24	-1	
3	1	164	1	0	0	1947	740	118	24	-1	
4	1	164	1	1	0	1947	740	118	24	-1	
5	1	164	1	1	1	1947	747	23	13	0.000000	το
5	1	164	1	1	2	1985	738	21	21	93.273308	δέ
5	1	164	1	1	3	2022	747	43	17	30.662369	συµ-
2	1	165	0	0	0	1359	756	705	81	-1	
3	1	165	1	0	0	1359	756	705	81	-1	
4	1	165	1	1	0	1359	756	705	46	-1	
5	1	165	1	1	1	1359	781	85	19	45.674534	περαΐνω
5	1	165	1	1	2	1460	774	36	21	95.506767	ἀπὸ
5	1	165	1	1	3	1513	774	21	21	93.296021	τὸ
5	1	165	1	1	4	1551	774	87	26	90.219910	ἐπώνυμο
5	1	165	1	1	5	1654	776	31	20	92.986458	τοῦ
5	1	165	1	1	6	1700	775	124	26	88.257004	Πρινοκοπᾶ,
5	1	165	1	1	7	1840	756	86	46	55.137321	ης
5	1	165	1	1	8	1943	776	38	20	76.142296	τῶν
5	1	165	1	1	9	1999	776	65	20	92.028152	τελευ-
4	1	165	1	2	0	1360	809	704	28	-1	
5	1	165	1	2	1	1360	809	59	21	40.564785	ταίων
5	1	165	1	2	2	1437	810	114	26	63.400188	ἀγωνιστῶν
5	1	165	1	2	3	1568	810	36	26	96.128105	στὴ
5	1	165	1	2	4	1618	810	54	27	50.704899	μάχη
5	1	165	1	2	5	1689	812	31	19	83.573616	τοῦ
5	1	165	1	2	6	1735	810	107	27	72.572784	Ἱαστριοῦ,
5	1	165	1	2	7	1859	810	109	26	72.958038	συνοιχισμὸ
5	1	165	1	2	8	1982	811	31	21	91.730240	τοῦ
5	1	165	1	2	9	2022	810	42	21	78.601120	Κα-
2	1	166	0	0	0	1359	845	706	206	-1	
3	1	166	1	0	0	1359	845	706	206	-1	
4	1	166	1	1	0	1359	845	704	27	-1	
5	1	166	1	1	1	1359	845	94	27	87.179169	στορείου.
5	1	166	1	1	2	1472	845	52	22	84.361328	χατὰ
5	1	166	1	1	3	1546	848	32	19	94.445129	τοῦ
5	1	166	1	1	4	1600	845	92	27	94.990692	Μωάμεθ
5	1	166	1	1	5	1715	848	32	19	92.353416	τοῦ
5	1	166	1	1	6	1772	846	108	26	37.045448	Ἰ]ορθητή,
5	1	166	1	1	7	1900	845	163	27	15.512970	ἀὠκολουθουμένου
4	1	166	1	2	0	1387	881	676	27	-1	
5	1	166	1	2	1	1387	881	8	20	88.442352	ὁ
5	1	166	1	2	2	1411	881	31	21	96.678726	τὸν
5	1	166	1	2	3	1458	881	75	27	48.067589	πεθερό
5	1	166	1	2	4	1550	889	32	13	96.095963	του
5	1	166	1	2	5	1600	881	102	27	96.095963	Δημήτριο
5	1	166	1	2	6	1722	881	143	27	80.314178	Παλαιολόγο,
5	1	166	1	2	7	1882	881	43	21	93.281136	ὅπου
5	1	166	1	2	8	1943	881	120	27	90.155724	ἐμαρτύρησε
4	1	166	1	3	0	1359	916	703	28	-1	
5	1	166	1	3	1	1359	916	44	26	66.080887	μαξὶ
5	1	166	1	3	2	1418	916	23	26	89.395111	µέ
5	1	166	1	3	3	1457	916	45	24	93.236259	τοὺς
5	1	166	1	3	4	1517	916	98	27	39.483303	ἠρωϊχοὺς
5	1	166	1	3	5	1632	916	130	28	78.733482	συμμαχητὰς
5	1	166	1	3	6	1779	925	32	13	96.305733	του
5	1	166	1	3	7	1826	916	32	22	91.159729	τὸν
5	1	166	1	3	8	1876	917	66	21	88.068130	Ἰούνιο
5	1	166	1	3	9	1958	918	32	20	93.291939	τοῦ
5	1	166	1	3	10	2000	916	62	22	84.365128	14θ0.
4	1	166	1	4	0	1360	952	705	42	-1	
5	1	166	1	4	1	1360	952	66	27	96.450989	Μέχρι
5	1	166	1	4	2	1445	952	31	24	96.277725	τὶς
5	1	166	1	4	3	1494	954	78	40	0.000000	ρος
5	1	166	1	4	4	1589	952	103	24	93.231293	δεκαετίες
5	1	166	1	4	5	1711	954	32	19	84.684448	ποῦ
5	1	166	1	4	6	1760	952	61	21	90.493439	αἰῶνα
5	1	166	1	4	7	1837	960	38	18	93.237808	µας
5	1	166	1	4	8	1894	953	72	27	91.494125	ὑπῆρχε
5	1	166	1	4	9	1983	952	82	21	92.601372	συνώνυ-
4	1	166	1	5	0	1553	988	510	27	-1	
5	1	166	1	5	1	1553	987	55	22	90.656235	ῥποία
5	1	166	1	5	2	1625	987	96	28	92.534134	διεσπάρη
5	1	166	1	5	3	1735	988	30	24	96.753448	εἰς
5	1	166	1	5	4	1783	988	24	21	93.295616	τὰ
5	1	166	1	5	5	1823	988	113	27	54.445557	Φυγατρικὰ
5	1	166	1	5	6	1949	987	64	28	92.973763	χωριὰ
5	1	166	1	5	7	2030	989	33	20	93.890091	τοῦ
4	1	166	1	6	0	1520	1023	543	28	-1	
5	1	166	1	6	1	1520	1023	110	22	80.130905	Πελλάνα,
5	1	166	1	6	2	1653	1023	116	27	4.501389	Περιέόλια
5	1	166	1	6	3	1789	1023	33	21	77.528313	καὶ
5	1	166	1	6	4	1844	1024	67	20	34.493645	ΗΠΑ.
5	1	166	1	6	5	1930	1024	24	20	66.602867	Ὁ
5	1	166	1	6	6	1973	1023	90	28	83.700546	ἀρχηγὸς
2	1	167	0	0	0	1361	1058	294	27	-1	
3	1	167	1	0	0	1361	1058	294	27	-1	
4	1	167	1	1	0	1361	1058	294	27	-1	
5	1	167	1	1	1	1361	1059	132	26	63.226170	Πρινοχοκᾶς
5	1	167	1	1	2	1511	1058	90	27	94.731140	ξεκίνησε
5	1	167	1	1	3	1619	1059	36	21	96.021240	ἀπὸ
2	1	168	0	0	0	1359	1024	705	62	-1	
3	1	168	1	0	0	1359	1024	705	61	-1	
4	1	168	1	1	0	1359	1024	136	25	-1	
5	1	168	1	1	1	1359	1024	136	25	80.508011	Γιωργιτσιοῦ.
4	1	168	1	2	0	1674	1058	390	28	-1	
5	1	168	1	2	1	1674	1059	21	21	93.113113	τὸ
5	1	168	1	2	2	1714	1058	117	28	52.485920	Γεωργίτοι,
5	1	168	1	2	3	1848	1058	11	27	87.759964	ἤ
5	1	168	1	2	4	1875	1059	49	26	77.097610	μετὰ
5	1	168	1	2	5	1940	1058	31	22	93.304314	τὸν
5	1	168	1	2	6	1981	1067	83	18	90.561661	µαρτυρι
2	1	169	0	0	0	1940	1096	9	7	-1	
3	1	169	1	0	0	1940	1096	9	7	-1	
4	1	169	1	1	0	1940	1096	9	7	-1	
5	1	169	1	1	1	1940	1096	9	7	43.393116	5.
2	1	170	0	0	0	1359	1094	705	63	-1	
3	1	170	1	0	0	1359	1094	705	63	-1	
4	1	170	1	1	0	1359	1094	705	27	-1	
5	1	170	1	1	1	1359	1094	22	21	87.625870	κὸ
5	1	170	1	1	2	1401	1102	32	13	93.043404	του
5	1	170	1	1	3	1454	1094	72	21	93.293709	θάνατο
5	1	170	1	1	4	1543	1094	179	26	48.533875	ἐγκατεστάδησαν
5	1	170	1	1	5	1740	1094	16	21	93.289413	οἱ
5	1	170	1	1	6	1775	1094	89	27	91.710083	ἀπόγονοί
5	1	170	1	1	7	1881	1102	38	19	96.833313	του,
5	1	170	1	1	8	1940	1094	49	21	96.098457	διότι
5	1	170	1	1	9	1998	1094	31	25	93.844498	εἰς
5	1	170	1	1	10	2039	1094	25	27	96.284775	τὴ
4	1	170	1	2	0	1359	1130	645	27	-1	
5	1	170	1	2	1	1359	1130	141	26	64.480789	Λακεδαίμονα
5	1	170	1	2	2	1517	1130	30	20	91.727737	δέν
5	1	170	1	2	3	1562	1130	82	27	92.916908	ὑπάρχει
5	1	170	1	2	4	1661	1130	110	26	34.620819	οἰκαγένεια
5	1	170	1	2	5	1785	1130	23	26	78.032364	µέ
5	1	170	1	2	6	1824	1130	20	22	93.277359	τὸ
5	1	170	1	2	7	1860	1130	36	21	88.226768	ἴδιο
5	1	170	1	2	8	1909	1130	95	26	90.861206	ἐπώνυμο.
2	1	171	0	0	0	1677	1171	387	63	-1	
3	1	171	1	0	0	1677	1171	387	63	-1	
4	1	171	1	1	0	1677	1171	387	28	-1	
5	1	171	1	1	1	1677	1171	73	26	33.142944	πόλεμο
5	1	171	1	1	2	1769	1171	162	27	41.701622	(1645---1069)
5	1	171	1	1	3	1952	1171	36	22	96.561073	ἀπὸ
5	1	171	1	1	4	2006	1171	25	22	93.306084	τὰ
5	1	171	1	1	5	2041	1172	23	27	23.812073	ἆρ
4	1	171	1	2	0	1738	1207	236	27	-1	
5	1	171	1	2	1	1738	1207	148	27	95.814804	παρουσιάζεται
5	1	171	1	2	2	1905	1206	69	28	94.781876	χωριό.
2	1	172	0	0	0	1388	1171	301	56	-1	
3	1	172	1	0	0	1388	1171	301	56	-1	
4	1	172	1	1	0	1388	1171	300	27	-1	
5	1	172	1	1	1	1388	1171	51	21	71.713257	Στὸν
5	1	172	1	1	2	1456	1167	101	35	69.799553	Ἔουρκο--
5	1	172	1	1	3	1564	1171	97	22	83.520744	Βενετικὸ
5	1	172	1	1	4	1677	1181	12	11	56.780670	πι
4	1	172	1	2	0	1685	1207	4	20	-1	
5	1	172	1	2	1	1685	1207	4	20	73.016174	{
2	1	173	0	0	0	1658	1216	63	18	-1	
3	1	173	1	0	0	1658	1216	63	18	-1	
4	1	173	1	1	0	1658	1216	63	18	-1	
5	1	173	1	1	1	1658	1216	63	18	52.463005	ργίτσι
2	1	174	0	0	0	1359	1203	31	30	-1	
3	1	174	1	0	0	1359	1203	31	30	-1	
4	1	174	1	1	0	1359	1203	31	30	-1	
5	1	174	1	1	1	1359	1203	31	30	95.000000	 
2	1	175	0	0	0	1393	1207	233	27	-1	
3	1	175	1	0	0	1393	1207	233	27	-1	
4	1	175	1	1	0	1393	1207	233	27	-1	
5	1	175	1	1	1	1393	1215	10	12	77.953339	α
5	1	175	1	1	2	1420	1207	137	27	39.400597	τουΝ]οροζίνη
5	1	175	1	1	3	1573	1207	21	21	93.252815	τὸ
5	1	175	1	1	4	1611	1208	15	19	91.369667	Τ
2	1	176	0	0	0	1629	1216	25	11	-1	
3	1	176	1	0	0	1629	1216	25	11	-1	
4	1	176	1	1	0	1629	1216	25	11	-1	
5	1	176	1	1	1	1629	1216	25	11	95.000000	 
2	1	177	0	0	0	1388	1242	678	28	-1	
3	1	177	1	0	0	1388	1242	678	28	-1	
4	1	177	1	1	0	1388	1242	678	28	-1	
5	1	177	1	1	1	1388	1242	40	21	92.579933	Στὸ
5	1	177	1	1	2	1446	1242	106	27	38.903038	Γιωργίτοι
5	1	177	1	1	3	1568	1242	29	22	96.275414	ποὺ
5	1	177	1	1	4	1619	1243	49	21	96.608307	εἶναι
5	1	177	1	1	5	1685	1242	92	28	60.688152	χτισμένο
5	1	177	1	1	6	1790	1242	21	22	88.477242	σέ
5	1	177	1	1	7	1828	1243	33	26	90.306412	μιὰ
5	1	177	1	1	8	1875	1243	78	26	87.317780	πλαγιὰ
5	1	177	1	1	9	1970	1244	33	20	87.147987	τοῦ
5	1	177	1	1	10	2013	1243	53	20	85.183556	Ταῦ-
2	1	178	0	0	0	2035	1287	9	12	-1	
3	1	178	1	0	0	2035	1287	9	12	-1	
4	1	178	1	1	0	2035	1287	9	12	-1	
5	1	178	1	1	1	2035	1287	9	12	95.000000	 
2	1	179	0	0	0	1359	1278	707	28	-1	
3	1	179	1	0	0	1359	1278	707	28	-1	
4	1	179	1	1	0	1359	1278	707	28	-1	
5	1	179	1	1	1	1359	1278	56	26	42.101845	Ὑέτου
5	1	179	1	1	2	1436	1278	130	22	21.544342	900----1000.
5	1	179	1	1	3	1586	1278	61	28	93.247879	µέτρα
5	1	179	1	1	4	1665	1278	99	27	90.488258	ὑψόμετρο,
5	1	179	1	1	5	1784	1278	31	21	86.647217	δέν
5	1	179	1	1	6	1835	1278	158	27	76.169014	ἐγκαστάδηκαν
5	1	179	1	1	7	2004	1279	62	26	90.786339	Τοῦρ-
2	1	180	0	0	0	1360	1313	705	28	-1	
3	1	180	1	0	0	1360	1313	705	28	-1	
4	1	180	1	1	0	1360	1313	705	28	-1	
5	1	180	1	1	1	1360	1322	36	19	91.616547	κοι,
5	1	180	1	1	2	1412	1314	53	26	89.710037	γιατὶ
5	1	180	1	1	3	1479	1313	59	25	57.086163	ἐκτὸς
5	1	180	1	1	4	1566	1322	23	13	93.300041	ἀπὸ
5	1	180	1	1	5	1602	1322	67	13	91.743118	δροσερὸ
5	1	180	1	1	6	1695	1322	48	19	91.510239	ἀέρα
5	1	180	1	1	7	1757	1314	32	21	77.795746	καὶ
5	1	180	1	1	8	1803	1313	43	28	92.656105	νερὸ
5	1	180	1	1	9	1861	1313	31	22	92.915764	δέν
5	1	180	1	1	10	1907	1314	42	27	92.872505	εἶχε
5	1	180	1	1	11	1964	1313	63	22	18.128502	τίποτ’
5	1	180	1	1	12	2039	1316	26	19	50.581100	ἅλ
2	1	181	0	0	0	1359	1349	705	28	-1	
3	1	181	1	0	0	1359	1349	705	28	-1	
4	1	181	1	1	0	1359	1349	705	28	-1	
5	1	181	1	1	1	1359	1350	23	20	91.440750	λο
5	1	181	1	1	2	1398	1349	24	21	93.299973	νὰ
5	1	181	1	1	3	1435	1349	53	26	74.027130	Σώση
5	1	181	1	1	4	1505	1349	31	21	92.679367	ὅσο
5	1	181	1	1	5	1553	1349	20	21	68.421074	δὲ
5	1	181	1	1	6	1590	1358	19	18	56.339828	γιὰ
5	1	181	1	1	7	1639	1349	20	22	93.290840	τὸ
5	1	181	1	1	8	1675	1349	82	28	90.286789	χαράτοι
5	1	181	1	1	9	1775	1349	32	22	96.353035	καὶ
5	1	181	1	1	10	1824	1349	22	22	95.830536	τὸ
5	1	181	1	1	11	1861	1349	48	27	74.466980	φόρα
5	1	181	1	1	12	1924	1351	33	20	70.937767	τοῦ
5	1	181	1	1	13	1973	1349	91	27	91.317261	αἵματος,
2	1	182	0	0	0	1359	1384	708	28	-1	
3	1	182	1	0	0	1359	1384	708	28	-1	
4	1	182	1	1	0	1359	1384	708	28	-1	
5	1	182	1	1	1	1359	1384	21	22	93.290306	τὸ
5	1	182	1	1	2	1394	1384	143	27	62.451660	παιδοµάζεμα,
5	1	182	1	1	3	1551	1384	102	28	92.110626	φρόντιζαν
5	1	182	1	1	4	1667	1393	16	13	93.271332	οἱ
5	1	182	1	1	5	1696	1385	88	27	92.304489	προεσποὶ
5	1	182	1	1	6	1798	1384	32	22	79.405228	καὶ
5	1	182	1	1	7	1847	1385	16	21	93.305840	οἱ
5	1	182	1	1	8	1877	1384	117	28	75.656029	διορισµένοι
5	1	182	1	1	9	2005	1384	62	28	62.276875	άρχον
2	1	183	0	0	0	1359	1420	709	210	-1	
3	1	183	1	0	0	1359	1420	631	27	-1	
4	1	183	1	1	0	1359	1420	631	27	-1	
5	1	183	1	1	1	1359	1428	41	19	96.520615	πες,
5	1	183	1	1	2	1417	1420	15	21	93.273178	οἱ
5	1	183	1	1	3	1447	1422	60	20	91.808243	ὁποῖοι
5	1	183	1	1	4	1525	1420	30	21	92.063103	δέν
5	1	183	1	1	5	1572	1422	106	25	69.441994	μποροῦσαν
5	1	183	1	1	6	1693	1420	24	21	89.195686	νὰ
5	1	183	1	1	7	1731	1420	69	21	94.606140	κάνουν
5	1	183	1	1	8	1816	1420	33	22	90.125244	καὶ
5	1	183	1	1	9	1868	1420	122	22	87.805977	ἀλλιώτικα.
3	1	183	2	0	0	1359	1461	709	169	-1	
4	1	183	2	1	0	1379	1461	687	27	-1	
5	1	183	2	1	1	1379	1461	39	20	42.348236	Τιὰ
5	1	183	2	1	2	1438	1462	34	25	86.505447	τὴν
5	1	183	2	1	3	1492	1461	117	26	86.631622	ἐχπαίδευση
5	1	183	2	1	4	1629	1463	38	20	96.181168	τῶν
5	1	183	2	1	5	1683	1461	77	27	68.949074	χρόνων
5	1	183	2	1	6	1777	1461	49	26	96.539932	μετὰ
5	1	183	2	1	7	1842	1462	35	25	90.689629	τὴν
5	1	183	2	1	8	1892	1461	70	26	71.138855	ἅλωση
5	1	183	2	1	9	1972	1463	37	24	96.793953	τῆς
5	1	183	2	1	10	2019	1461	47	21	51.781975	Κων
4	1	183	2	2	0	1360	1496	707	28	-1	
5	1	183	2	2	1	1360	1496	189	24	53.720085	σταντινουπόλεως,
5	1	183	2	2	2	1566	1496	31	21	93.018501	δὲν
5	1	183	2	2	3	1613	1496	119	28	43.831631	Ὑνωρίζουμε
5	1	183	2	2	4	1750	1496	74	28	96.263885	πολλά,
5	1	183	2	2	5	1842	1496	54	28	96.629478	παρὰ
5	1	183	2	2	6	1915	1496	29	22	93.297050	ὅτι
5	1	183	2	2	7	1962	1496	35	26	49.359241	ἦτο
5	1	183	2	2	8	2015	1496	52	24	81.227524	συνέ-
4	1	183	2	3	0	1359	1531	709	28	-1	
5	1	183	2	3	1	1359	1540	45	19	85.004662	χεια
5	1	183	2	3	2	1425	1534	37	23	96.671043	τῆς
5	1	183	2	3	3	1482	1532	156	27	92.716743	προγενέστερης
5	1	183	2	3	4	1656	1532	23	26	50.336308	μέ
5	1	183	2	3	5	1699	1532	73	21	68.896408	Ἀάποια
5	1	183	2	3	6	1788	1532	81	26	75.716995	λάθετη
5	1	183	2	3	7	1887	1531	75	28	95.942383	πτώση,
5	1	183	2	3	8	1984	1532	26	21	72.059799	χι’
5	1	183	2	3	9	2021	1532	47	26	69.488068	ἅμυ-
4	1	183	2	4	0	1359	1567	707	28	-1	
5	1	183	2	4	1	1359	1568	36	26	36.594891	δρή
5	1	183	2	4	2	1409	1567	66	22	77.818909	εἰχόνα
5	1	183	2	4	3	1491	1567	23	21	93.275475	θὰ
5	1	183	2	4	4	1527	1567	139	28	64.104897	σχηµατίσωµε
5	1	183	2	4	5	1681	1567	21	21	90.397316	ἄν
5	1	183	2	4	6	1718	1567	117	27	90.807907	ἐξετάσωμε
5	1	183	2	4	7	1849	1568	35	25	56.746727	τὴν
5	1	183	2	4	8	1900	1567	119	27	37.054790	ἐχπαίδευση
5	1	183	2	4	9	2029	1569	37	24	96.984100	τῆς
4	1	183	2	5	0	1360	1604	219	26	-1	
5	1	183	2	5	1	1360	1604	123	25	78.718521	Ῥυζαντινῆς
5	1	183	2	5	2	1498	1604	81	26	90.610847	ἐποχῆς.
2	1	184	0	0	0	1957	1644	109	22	-1	
3	1	184	1	0	0	1957	1644	109	22	-1	
4	1	184	1	1	0	1957	1644	109	22	-1	
5	1	184	1	1	1	1957	1654	9	12	51.344353	ε
5	1	184	1	1	2	1988	1644	36	22	96.305008	ἀπὸ
5	1	184	1	1	3	2033	1644	33	22	96.669350	τὸν
2	1	185	0	0	0	1920	1644	34	24	-1	
3	1	185	1	0	0	1920	1644	34	24	-1	
4	1	185	1	1	0	1920	1644	34	24	-1	
5	1	185	1	1	1	1920	1644	34	24	95.000000	 
2	1	186	0	0	0	1360	1644	706	63	-1	
3	1	186	1	0	0	1360	1644	706	63	-1	
4	1	186	1	1	0	1390	1644	527	28	-1	
5	1	186	1	1	1	1390	1644	23	22	57.863083	Ὁ
5	1	186	1	1	2	1432	1645	72	24	61.029964	σιοπὸς
5	1	186	1	1	3	1522	1646	37	24	93.258987	τῆς
5	1	186	1	1	4	1581	1645	82	27	70.892189	ἀγωγῆς
5	1	186	1	1	5	1682	1646	37	20	91.369469	τῶν
5	1	186	1	1	6	1740	1645	126	25	25.147163	ἙΒυζαντινῶν
5	1	186	1	1	7	1889	1644	28	22	85.505829	διέ
4	1	186	1	2	0	1360	1680	706	27	-1	
5	1	186	1	2	1	1360	1680	52	25	92.545486	ὅμοιο
5	1	186	1	2	2	1427	1682	36	23	93.268227	τῆς
5	1	186	1	2	3	1480	1681	44	26	89.711426	ἀρχ.
5	1	186	1	2	4	1541	1680	101	24	88.097488	Ἑλλάδος
5	1	186	1	2	5	1656	1680	52	21	96.773430	κατὰ
5	1	186	1	2	6	1724	1682	63	19	75.536469	τοῦτο.
5	1	186	1	2	7	1801	1681	25	20	93.159630	Οἱ
5	1	186	1	2	8	1844	1681	44	26	89.576294	ἀρχ.
5	1	186	1	2	9	1906	1680	106	25	25.090775	Ἕλληνες
5	1	186	1	2	10	2022	1680	44	25	29.040733	ἤθε-
2	1	187	0	0	0	1360	1715	706	27	-1	
3	1	187	1	0	0	1360	1715	706	27	-1	
4	1	187	1	1	0	1360	1715	706	27	-1	
5	1	187	1	1	1	1360	1716	36	20	92.970490	λαν
5	1	187	1	1	2	1410	1715	24	21	94.928864	νὰ
5	1	187	1	1	3	1449	1715	71	21	96.449150	δώσουν
5	1	187	1	1	4	1536	1715	29	24	96.053261	εἰς
5	1	187	1	1	5	1582	1715	24	21	96.053261	τὰ
5	1	187	1	1	6	1621	1715	68	21	94.498703	παιδιά
5	1	187	1	1	7	1705	1723	38	13	96.350891	των
5	1	187	1	1	8	1757	1715	100	27	9.536621	μόρφωση,
5	1	187	1	1	9	1873	1715	51	22	96.890732	ὥστε
5	1	187	1	1	10	1937	1715	37	21	93.300880	στὰ
5	1	187	1	1	11	1987	1715	79	27	0.000000	Φέατρα
2	1	188	0	0	0	1360	1750	707	42	-1	
3	1	188	1	0	0	1360	1750	707	42	-1	
4	1	188	1	1	0	1360	1750	707	42	-1	
5	1	188	1	1	1	1360	1750	23	21	96.592148	νὰ
5	1	188	1	1	2	1399	1751	25	26	25.842537	μὴ
5	1	188	1	1	3	1443	1751	104	21	80.419258	κάδωνται
5	1	188	1	1	4	1565	1751	72	24	55.765266	«λίθος
5	1	188	1	1	5	1657	1751	33	41	73.550354	ἐπὶ
5	1	188	1	1	6	1702	1750	72	22	37.137753	λάβουν
5	1	188	1	1	7	1794	1751	16	21	95.321014	οἱ
5	1	188	1	1	8	1829	1750	21	22	87.975800	δέ
5	1	188	1	1	9	1866	1751	116	24	71.228439	Βυζαντινοὶ
5	1	188	1	1	10	1999	1751	20	21	88.709763	νὰ
5	1	188	1	1	11	2030	1750	37	22	65.742126	κά-
2	1	189	0	0	0	1359	1786	707	28	-1	
3	1	189	1	0	0	1359	1786	707	28	-1	
4	1	189	1	1	0	1359	1786	707	28	-1	
5	1	189	1	1	1	1359	1795	45	18	83.342834	µουν
5	1	189	1	1	2	1420	1787	35	21	93.299454	αὐτὰ
5	1	189	1	1	3	1484	1787	76	24	63.798359	καλοὺς
5	1	189	1	1	4	1575	1786	139	28	64.529404	Ἀριστιανοὺς,
5	1	189	1	1	5	1733	1786	144	28	37.353401	ἀνατρέφονπες
5	1	189	1	1	6	1895	1787	31	21	88.511047	«ἐν
5	1	189	1	1	7	1944	1786	79	22	95.850090	παιδεία
5	1	189	1	1	8	2032	1787	34	21	96.771729	καὶ
2	1	190	0	0	0	1359	1822	647	57	-1	
3	1	190	1	0	0	1359	1822	647	57	-1	
4	1	190	1	1	0	1359	1822	647	28	-1	
5	1	190	1	1	1	1359	1822	88	22	60.064217	νουθεσία
5	1	190	1	1	2	1461	1822	85	28	0.000000	κυρίου»
5	1	190	1	1	3	1562	1822	70	25	91.265091	ἀξίους
5	1	190	1	1	4	1645	1823	30	24	86.159058	εἰς
5	1	190	1	1	5	1688	1823	34	26	53.548401	τὴν
5	1	190	1	1	6	1737	1823	100	21	61.872803	δασιλείαν
5	1	190	1	1	7	1852	1824	37	21	93.244820	τῶν
5	1	190	1	1	8	1904	1823	102	27	88.833786	Οὐρανῶν.
4	1	190	1	2	0	1389	1858	59	21	-1	
5	1	190	1	2	1	1389	1858	29	21	72.901665	Τὸ
5	1	190	1	2	2	1434	1859	14	20	94.936249	ἐν
2	1	191	0	0	0	1359	1894	557	26	-1	
3	1	191	1	0	0	1359	1894	557	26	-1	
4	1	191	1	1	0	1359	1894	557	26	-1	
5	1	191	1	1	1	1359	1894	67	26	73.763229	νάγω»
5	1	191	1	1	2	1443	1894	33	21	86.921303	καὶ
5	1	191	1	1	3	1493	1895	11	25	11.782730	Ἡ
5	1	191	1	1	4	1518	1894	118	26	67.897896	ἐχπαίδευση
5	1	191	1	1	5	1652	1895	120	25	12.447899	«ἀναγωγὴ»
5	1	191	1	1	6	1787	1894	20	21	41.542393	σέ
5	1	191	1	1	7	1823	1894	93	26	90.286263	ἀντίθετη
2	1	192	0	0	0	1360	1858	706	389	-1	
3	1	192	1	0	0	1360	1858	706	131	-1	
4	1	192	1	1	0	1458	1858	532	28	-1	
5	1	192	1	1	1	1458	1858	84	21	92.846062	παιδεύω
5	1	192	1	1	2	1561	1858	53	22	87.431435	χατὰ
5	1	192	1	1	3	1629	1858	45	25	91.657494	τοὺς
5	1	192	1	1	4	1693	1859	131	24	30.999939	Ῥυζαντινοὺς
5	1	192	1	1	5	1831	1858	91	28	17.129654	χρόνους
5	1	192	1	1	6	1941	1859	49	27	45.886936	ἐλέη'
4	1	192	1	2	0	1932	1894	19	9	-1	
5	1	192	1	2	1	1932	1894	19	9	0.000000	.
4	1	192	1	3	0	1931	1896	20	20	-1	
5	1	192	1	3	1	1931	1896	20	20	96.856613	δέ
4	1	192	1	4	0	1360	1930	706	28	-1	
5	1	192	1	4	1	1360	1930	150	27	15.683510	Ἰραμματιλὸς»
5	1	192	1	4	2	1529	1930	141	26	76.660645	ἀναλφάθητος
5	1	192	1	4	3	1687	1930	33	21	84.074524	καὶ
5	1	192	1	4	4	1740	1929	110	29	75.546097	ἀνάγωγος,
5	1	192	1	4	5	1869	1930	34	22	96.547783	ποὺ
5	1	192	1	4	6	1922	1931	77	27	92.449547	σήµερα
5	1	192	1	4	7	2007	1930	59	22	81.511368	λέγε-
4	1	192	1	5	0	1360	1966	164	46	-1	
5	1	192	1	5	1	1360	1974	31	12	93.273605	ται
5	1	192	1	5	2	1407	1967	9	20	73.930473	ὁ
5	1	192	1	5	3	1434	1966	90	46	0.000000	λα
3	1	192	2	0	0	1360	2007	704	240	-1	
4	1	192	2	1	0	1389	2007	675	28	-1	
5	1	192	2	1	1	1389	2007	38	20	93.270996	Δέν
5	1	192	2	1	2	1445	2007	74	27	87.699570	ὑπῆρχε
5	1	192	2	1	3	1535	2007	36	26	93.269806	στὴ
5	1	192	2	1	4	1591	2007	109	26	79.761497	Βυζαντινὴ
5	1	192	2	1	5	1717	2007	59	27	85.693130	ἐποχὴ
5	1	192	2	1	6	1793	2008	59	21	61.049637	ἐνιαῖο
5	1	192	2	1	7	1870	2007	140	22	49.172367	ἐκπαιδευπικὸ
5	1	192	2	1	8	2019	2008	45	27	87.176682	πρό-
4	1	192	2	2	0	1360	2043	702	28	-1	
5	1	192	2	2	1	1360	2051	87	18	76.181015	Ύραμμα,
5	1	192	2	2	2	1464	2042	32	22	93.287346	οὔτε
5	1	192	2	2	3	1524	2043	95	27	31.591751	κεντρικὴ
5	1	192	2	2	4	1637	2043	51	27	73.471581	ἀρχὴ
5	1	192	2	2	5	1702	2043	33	21	95.937439	ποὺ
5	1	192	2	2	6	1749	2043	23	21	93.280945	νὰ
5	1	192	2	2	7	1787	2043	96	27	91.181374	ἐπιθλέπη
5	1	192	2	2	8	1896	2043	25	22	93.299942	τὰ
5	1	192	2	2	9	1934	2045	85	26	91.751724	σχολεῖα
5	1	192	2	2	10	2028	2044	34	21	43.275696	καὶ
4	1	192	2	3	0	1360	2078	704	28	-1	
5	1	192	2	3	1	1360	2079	26	25	0.000000	Ἠά
5	1	192	2	3	2	1404	2078	45	21	96.190430	αὐτὸ
5	1	192	2	3	3	1463	2084	26	15	26.028122	πι
5	1	192	2	3	4	1507	2080	9	20	86.654259	ὁ
5	1	192	2	3	5	1530	2078	70	27	93.832153	χρόνος
5	1	192	2	3	6	1617	2080	37	24	92.882057	τῆς
5	1	192	2	3	7	1671	2078	84	27	92.181747	ἔναρξης
5	1	192	2	3	8	1769	2080	35	24	93.292686	τῆς
5	1	192	2	3	9	1821	2078	87	28	31.613861	φοίΐτησις
5	1	192	2	3	10	1923	2079	31	21	86.686096	δέν
5	1	192	2	3	11	1972	2078	37	27	82.076408	ἦτο
5	1	192	2	3	12	2017	2079	47	27	74.960701	ὡρι-
4	1	192	2	4	0	1360	2113	702	28	-1	
5	1	192	2	4	1	1360	2113	76	27	73.336891	σµένος.
5	1	192	2	4	2	1453	2114	42	21	96.593285	οὔτε
5	1	192	2	4	3	1511	2114	42	27	96.073250	περὶ
5	1	192	2	4	4	1572	2114	132	27	75.460739	διδακτηρίων
5	1	192	2	4	5	1720	2116	67	25	43.943230	μπορεῖ
5	1	192	2	4	6	1800	2114	22	21	93.229126	νὰ
5	1	192	2	4	7	1839	2114	43	27	48.505436	Ὑγίνη
5	1	192	2	4	8	1899	2114	70	27	93.159523	λόγος.
5	1	192	2	4	9	1987	2114	39	22	46.634811	Τιὰ
5	1	192	2	4	10	2035	2116	27	20	90.714447	δι-
4	1	192	2	5	0	1360	2149	701	28	-1	
5	1	192	2	5	1	1360	2149	99	27	36.420456	δακτήρια
5	1	192	2	5	2	1477	2150	184	27	91.183586	ἐχρησιμοποιοῦντο
5	1	192	2	5	3	1677	2149	74	22	60.184090	Χελλιὰ
5	1	192	2	5	4	1769	2151	128	26	40.147606	μοναστηριῶν
5	1	192	2	5	5	1914	2150	12	26	83.041412	ἤ
5	1	192	2	5	6	1945	2151	116	26	91.269196	ἐκκλησιῶν
4	1	192	2	6	0	1361	2185	699	27	-1	
5	1	192	2	6	1	1361	2185	55	21	90.136497	ἄλλα
5	1	192	2	6	2	1436	2185	99	26	58.908348	οἰχήματα
5	1	192	2	6	3	1552	2185	35	21	96.965469	ποὺ
5	1	192	2	6	4	1608	2185	24	21	93.258690	θὰ
5	1	192	2	6	5	1649	2185	126	27	91.776047	προφύλαγαν
5	1	192	2	6	6	1795	2185	42	25	62.744370	τοὺς
5	1	192	2	6	7	1858	2185	93	27	0.000000	μαθητὰς
5	1	192	2	6	8	1974	2186	36	21	96.174744	ἀπὸ
5	1	192	2	6	9	2028	2186	32	24	96.843330	τὶς
4	1	192	2	7	0	1360	2220	231	27	-1	
5	1	192	2	7	1	1360	2220	91	27	34.155846	χαιριλές
5	1	192	2	7	2	1469	2220	122	26	90.564995	ἀνωμαλίες.
2	1	193	0	0	0	2052	2221	5	7	-1	
3	1	193	1	0	0	2052	2221	5	7	-1	
4	1	193	1	1	0	2052	2221	5	7	-1	
5	1	193	1	1	1	2052	2221	5	7	41.776234	ν
2	1	194	0	0	0	1360	2220	701	504	-1	
3	1	194	1	0	0	1360	2220	701	63	-1	
4	1	194	1	1	0	1607	2220	454	28	-1	
5	1	194	1	1	1	1607	2221	26	20	87.007919	Ἡ
5	1	194	1	1	2	1649	2220	92	27	88.756912	φροντίδα
5	1	194	1	1	3	1756	2220	33	27	93.962502	γιὰ
5	1	194	1	1	4	1803	2221	33	26	90.551178	τὴν
5	1	194	1	1	5	1850	2221	117	27	59.950851	ἐππαίδευση
5	1	194	1	1	6	1983	2221	33	22	85.533302	καὶ
5	1	194	1	1	7	2034	2230	27	12	94.673042	τὰ
4	1	194	1	2	0	1360	2255	668	28	-1	
5	1	194	1	2	1	1360	2256	117	27	42.611115	διδακτήρια
5	1	194	1	2	2	1493	2256	35	25	58.514275	ἦτο
5	1	194	1	2	3	1544	2256	57	27	92.901161	ἔργον
5	1	194	1	2	4	1618	2258	36	24	93.266541	τῆς
5	1	194	1	2	5	1672	2255	110	27	49.518124	ἐκκλησίας
5	1	194	1	2	6	1799	2256	30	21	87.815727	καὶ
5	1	194	1	2	7	1847	2258	36	20	93.198822	τῶν
5	1	194	1	2	8	1900	2257	128	26	53.001488	ποινοτήπων.
3	1	194	2	0	0	1360	2291	700	131	-1	
4	1	194	2	1	0	1390	2291	670	29	-1	
5	1	194	2	1	1	1390	2291	24	21	92.263283	Οἱ
5	1	194	2	1	2	1432	2291	115	21	91.943832	διδάσκαλοι
5	1	194	2	1	3	1567	2291	31	21	93.269485	δέν
5	1	194	2	1	4	1615	2291	93	27	90.889542	ἔπαιρναν
5	1	194	2	1	5	1729	2291	73	26	53.188629	χαμμιὰ
5	1	194	2	1	6	1819	2293	146	27	59.526398	προκαταρτικὴ
5	1	194	2	1	7	1982	2292	78	27	67.218216	µόρφω-
4	1	194	2	2	0	1360	2326	698	29	-1	
5	1	194	2	2	1	1360	2335	30	18	93.250748	ση,
5	1	194	2	2	2	1405	2327	82	26	17.725922	ἀρλοῦσε
5	1	194	2	2	3	1503	2326	23	21	94.646408	νὰ
5	1	194	2	2	4	1541	2326	105	27	0.000000	γνωρίζουν
5	1	194	2	2	5	1662	2327	72	26	57.608341	Υραφὴ,
5	1	194	2	2	6	1753	2326	98	28	75.193520	ἀνάγνωση
5	1	194	2	2	7	1866	2327	32	22	55.659752	καὶ
5	1	194	2	2	8	1915	2327	31	25	93.281258	τὶς
5	1	194	2	2	9	1964	2327	94	28	90.845642	τέσσερες
4	1	194	2	3	0	1360	2356	699	34	-1	
5	1	194	2	3	1	1360	2362	133	27	2.646568	ἀριθμητικὲς
5	1	194	2	3	2	1509	2362	91	27	92.905060	πράξεις.
5	1	194	2	3	3	1617	2363	31	25	70.930466	Τὴ
5	1	194	2	3	4	1667	2356	107	32	59.189930	διδακτικὴ
5	1	194	2	3	5	1788	2362	64	27	56.143517	μέθοδο
5	1	194	2	3	6	1865	2363	90	27	2.042786	ἔπαιριαν
5	1	194	2	3	7	1966	2363	36	21	96.969833	ἀπὸ
5	1	194	2	3	8	2013	2363	46	25	93.971237	τούς
4	1	194	2	4	0	1360	2398	197	24	-1	
5	1	194	2	4	1	1360	2398	131	24	90.115509	διδασκάλους
5	1	194	2	4	2	1512	2406	45	13	91.239006	των.
3	1	194	3	0	0	1360	2439	698	285	-1	
4	1	194	3	1	0	1390	2439	668	29	-1	
5	1	194	3	1	1	1390	2439	24	21	89.646126	Οἱ
5	1	194	3	1	2	1429	2439	85	27	89.646126	πατέρες
5	1	194	3	1	3	1530	2440	37	25	93.260567	τῆς
5	1	194	3	1	4	1584	2439	111	26	77.404312	ἐκκλησίας
5	1	194	3	1	5	1709	2439	33	21	93.249268	καὶ
5	1	194	3	1	6	1757	2441	8	20	90.528076	ὁ
5	1	194	3	1	7	1779	2439	48	25	89.084282	λαὺς
5	1	194	3	1	8	1841	2439	44	27	46.734547	ἦσαν
5	1	194	3	1	9	1901	2439	111	29	44.094002	διχασµένοι
5	1	194	3	1	10	2022	2440	36	27	94.037056	γιὰ
4	1	194	3	2	0	1360	2475	697	42	-1	
5	1	194	3	2	1	1360	2475	24	26	73.979233	τὴ
5	1	194	3	2	2	1397	2475	117	22	60.065830	διδασκαλία
5	1	194	3	2	3	1527	2477	38	20	96.943611	τῶν
5	1	194	3	2	4	1582	2475	87	42	62.171688	ἁρχαίων
5	1	194	3	2	5	1683	2476	120	25	18.796829	ἑλληνυκῶν,
5	1	194	3	2	6	1820	2476	77	22	79.089256	Πολλοὶ
5	1	194	3	2	7	1911	2475	87	29	76.154419	πωτέρες
5	1	194	3	2	8	2018	2478	39	25	94.724709	τῆς
4	1	194	3	3	0	1360	2511	697	27	-1	
5	1	194	3	3	1	1360	2511	110	26	51.420864	ἐχκλησίας
5	1	194	3	3	2	1486	2511	69	27	60.405514	χαθὼς
5	1	194	3	3	3	1570	2511	32	21	90.091530	καὶ
5	1	194	3	3	4	1620	2511	76	22	75.813705	λαϊκοὶ,
5	1	194	3	3	5	1713	2511	89	21	95.362480	πίστευαν
5	1	194	3	3	6	1815	2513	40	23	93.281662	πῶς
5	1	194	3	3	7	1871	2512	11	26	92.983459	ἡ
5	1	194	3	3	8	1895	2511	119	22	87.434731	διδασκαλία
5	1	194	3	3	9	2024	2512	33	22	93.823357	τού
4	1	194	3	4	0	1361	2547	697	26	-1	
5	1	194	3	4	1	1361	2554	37	13	93.259911	των
5	1	194	3	4	2	1412	2546	80	25	90.999458	αὔξαινε
5	1	194	3	4	3	1507	2547	47	26	93.254890	«τὴν
5	1	194	3	4	4	1570	2546	77	22	90.989357	ἄννοιαν
5	1	194	3	4	5	1663	2549	38	19	93.287994	τῶν
5	1	194	3	4	6	1715	2546	93	22	42.383148	παιδίωνν
5	1	194	3	4	7	1823	2547	30	21	96.825989	διὰ
5	1	194	3	4	8	1866	2549	52	20	91.290146	τοῦτο
5	1	194	3	4	9	1931	2547	72	22	91.290146	πολλοὶ
5	1	194	3	4	10	2012	2549	46	20	79.621193	λαῖ-
4	1	194	3	5	0	1360	2582	697	29	-1	
5	1	194	3	5	1	1360	2582	30	21	81.828674	ποὶ
5	1	194	3	5	2	1410	2584	126	25	69.785179	προτιμοῦσαν
5	1	194	3	5	3	1553	2582	25	21	93.259468	νὰ
5	1	194	3	5	4	1593	2582	93	22	51.410873	στᾶλνουν
5	1	194	3	5	5	1704	2582	24	22	96.757713	τὰ
5	1	194	3	5	6	1747	2582	68	21	95.552620	παιδιά
5	1	194	3	5	7	1830	2591	35	13	93.796371	των
5	1	194	3	5	8	1883	2583	29	25	38.533512	εἰς
5	1	194	3	5	9	1932	2583	24	22	93.283287	τὰ
5	1	194	3	5	10	1973	2584	84	27	92.472168	σχολεῖα
4	1	194	3	6	0	1361	2618	620	35	-1	
5	1	194	3	6	1	1361	2619	37	20	71.321388	τῶν
5	1	194	3	6	2	1416	2618	101	27	11.600830	Ἀληρηκῶν
5	1	194	3	6	3	1533	2618	25	22	93.299744	τὰ
5	1	194	3	6	4	1575	2619	56	21	68.465561	ὁποῖα
5	1	194	3	6	5	1649	2618	102	26	66.796921	ὠνόμαζαν
5	1	194	3	6	6	1767	2618	140	22	23.873222	«Παπαδικὼ.
5	1	194	3	6	7	1978	2647	3	6	43.240776	|
4	1	194	3	7	0	1789	2660	269	28	-1	
5	1	194	3	7	1	1789	2660	136	27	91.562576	παιδαγωγείου
5	1	194	3	7	2	1943	2660	33	22	82.857262	καὶ
5	1	194	3	7	3	1994	2669	64	19	65.704208	χαμα-
4	1	194	3	8	0	1361	2695	695	29	-1	
5	1	194	3	8	1	1361	2696	147	20	5.062241	διδασκαλεῖου)
5	1	194	3	8	2	1528	2695	22	26	83.314743	µέ
5	1	194	3	8	3	1572	2695	127	28	80.610718	ἀπαραίτητα
5	1	194	3	8	4	1716	2695	74	22	92.640915	ἔπιπλα
5	1	194	3	8	5	1807	2695	20	22	93.049820	τὸ
5	1	194	3	8	6	1844	2696	123	22	89.329819	διδασκαλικὸ
5	1	194	3	8	7	1987	2696	69	28	39.423706	«Ἀρόνο,
2	1	195	0	0	0	1390	2659	384	28	-1	
3	1	195	1	0	0	1390	2659	384	28	-1	
4	1	195	1	1	0	1390	2659	384	28	-1	
5	1	195	1	1	1	1390	2659	28	21	90.555298	Τὸ
5	1	195	1	1	2	1434	2661	78	26	90.555298	σχολεῖο
5	1	195	1	1	3	1529	2659	83	27	92.593460	ἐλέγετο
5	1	195	1	1	4	1627	2659	147	22	12.165451	«διδασκαλειὸ᾽
2	1	196	0	0	0	1361	2730	697	136	-1	
3	1	196	1	0	0	1361	2730	697	136	-1	
4	1	196	1	1	0	1361	2730	697	29	-1	
5	1	196	1	1	1	1361	2730	94	25	33.758743	σχίποδας
5	1	196	1	1	2	1472	2731	11	26	56.433430	ἤ
5	1	196	1	1	3	1499	2730	111	28	76.277771	ἀνάθαδρα,
5	1	196	1	1	4	1628	2731	70	25	78.613785	ξύλινα
5	1	196	1	1	5	1715	2731	85	26	59.358963	σκαμνιὰ
5	1	196	1	1	6	1815	2731	31	22	89.521278	καὶ
5	1	196	1	1	7	1863	2731	34	25	92.308357	τὰς
5	1	196	1	1	8	1913	2731	145	28	92.308357	προθέας
5	1	196	1	1	9	2004	2726	13	37	85.763161	ἤ
5	1	196	1	1	10	2026	2726	34	37	88.972649	δι-
4	1	196	1	2	0	1362	2766	696	29	-1	
5	1	196	1	2	1	1362	2766	73	27	92.065369	φθέρας
5	1	196	1	2	2	1453	2766	63	21	92.541435	ἐπάνω
5	1	196	1	2	3	1532	2766	43	25	93.234436	στὶς
5	1	196	1	2	4	1592	2768	66	23	86.495964	ὁποῖες
5	1	196	1	2	5	1677	2766	101	22	62.360977	κάδονταν
5	1	196	1	2	6	1797	2767	107	27	62.783844	σταυροπύδι
5	1	196	1	2	7	1922	2768	15	21	93.115799	οἱ
5	1	196	1	2	8	1954	2767	66	28	50.820843	μικροὶ
5	1	196	1	2	9	2030	2776	28	18	84.161743	µα
4	1	196	1	3	0	1361	2801	697	28	-1	
5	1	196	1	3	1	1361	2801	72	27	59.223946	Ἀητές.
5	1	196	1	3	2	1450	2802	39	21	30.633484	Ἀπὸ
5	1	196	1	3	3	1505	2802	107	27	42.005127	ΤΓιωργίτσι
5	1	196	1	3	4	1633	2802	34	21	93.303703	στὸ
5	1	196	1	3	5	1684	2804	80	25	79.310669	σχολεῖο.
5	1	196	1	3	6	1784	2802	76	27	68.534355	ἔφβασα
5	1	196	1	3	7	1878	2802	32	22	90.890938	ἕνα
5	1	196	1	3	8	1925	2802	133	22	70.929947	διδασκαλικὸ
4	1	196	1	4	0	1361	2837	697	29	-1	
5	1	196	1	4	1	1361	2837	60	27	85.745949	Ἀρόνο
5	1	196	1	4	2	1438	2837	21	22	87.734138	σέ
5	1	196	1	4	3	1475	2839	65	26	80.504585	σχῆμα
5	1	196	1	4	4	1556	2838	38	25	59.487072	ἧτα
5	1	196	1	4	5	1612	2838	109	26	0.000000	Ἀεφαλαίου
5	1	196	1	4	6	1739	2838	36	21	93.291100	ἀπὸ
5	1	196	1	4	7	1793	2838	82	28	89.967606	σανίδες,
5	1	196	1	4	8	1891	2839	33	26	91.778618	στὴ
5	1	196	1	4	9	1942	2839	116	26	0.000000	διαζευτικὴ
2	1	197	0	0	0	1361	2873	701	205	-1	
3	1	197	1	0	0	1361	2873	701	205	-1	
4	1	197	1	1	0	1361	2873	695	44	-1	
5	1	197	1	1	1	1361	2873	68	23	93.273178	σανίδα
5	1	197	1	1	2	1444	2873	88	26	53.208729	ἐκάβηπο
5	1	197	1	1	3	1548	2882	8	13	92.468803	ὁ
5	1	197	1	1	4	1575	2873	109	27	89.851479	δάσκαλος,
5	1	197	1	1	5	1701	2874	16	21	96.934998	οἱ
5	1	197	1	1	6	1736	2881	64	34	0.000000	μπακ
5	1	197	1	1	7	1804	2873	67	43	0.000000	ορθαες
5	1	197	1	1	8	1887	2874	73	25	86.043716	σανίδες
5	1	197	1	1	9	1969	2874	87	43	0.000000	αθαυν
4	1	197	1	2	0	1362	2908	696	43	-1	
5	1	197	1	2	1	1362	2908	56	25	93.265854	στούς
5	1	197	1	2	2	1433	2909	89	26	69.969604	ἀγκῶνες
5	1	197	1	2	3	1538	2910	32	21	95.764030	τοῦ
5	1	197	1	2	4	1584	2909	100	21	95.252075	δασκάλου
5	1	197	1	2	5	1698	2908	63	43	15.766983	χωρὶς
5	1	197	1	2	6	1778	2908	119	28	0.000000	στηρίγματα
5	1	197	1	2	7	1910	2910	33	27	96.023048	γιὰ
5	1	197	1	2	8	1957	2909	33	26	92.677071	τὶς
5	1	197	1	2	9	2006	2909	52	22	92.202614	πλά-
4	1	197	1	3	0	1362	2944	696	29	-1	
5	1	197	1	3	1	1362	2952	34	16	95.469444	τες
5	1	197	1	3	2	1410	2944	52	27	93.295769	παρὰ
5	1	197	1	3	3	1478	2944	34	26	92.682899	μιὰ
5	1	197	1	3	4	1524	2945	58	25	88.468201	στεν
5	1	197	1	3	5	1598	2944	68	22	68.723358	σανίδα
5	1	197	1	3	6	1683	2944	33	22	65.012886	καὶ
5	1	197	1	3	7	1734	2944	37	25	93.298843	τὰς
5	1	197	1	3	8	1788	2944	91	28	88.829300	διφθέρας
5	1	197	1	3	9	1892	2945	48	28	96.239792	γύρω
5	1	197	1	3	10	1957	2945	43	25	93.283287	στὶς
5	1	197	1	3	11	2018	2953	40	19	70.162277	γω-
4	1	197	1	4	0	1362	2979	700	30	-1	
5	1	197	1	4	1	1362	2980	41	24	75.868935	νιὲς
5	1	197	1	4	2	1419	2979	36	22	93.306038	ἀπὸ
5	1	197	1	4	3	1469	2980	112	26	73.000198	σκοτωµένα
5	1	197	1	4	4	1596	2981	42	24	89.638290	ζῶα
5	1	197	1	4	5	1655	2980	11	26	68.965530	ἢ
5	1	197	1	4	6	1684	2979	66	28	57.364559	ψόφια.
5	1	197	1	4	7	1765	2980	64	25	81.271591	Στούς
5	1	197	1	4	8	1844	2980	71	28	89.311241	τοίχους
5	1	197	1	4	9	1931	2980	47	27	70.818314	ἦταν
5	1	197	1	4	10	1995	2989	67	20	0.000000	Ίραμ--
4	1	197	1	5	0	1361	3015	696	29	-1	
5	1	197	1	5	1	1361	3015	48	26	42.176834	μένα
5	1	197	1	5	2	1426	3015	82	28	92.703484	διάφορα
5	1	197	1	5	3	1527	3015	137	26	64.164261	ἠθοπλαστικὰ
5	1	197	1	5	4	1681	3015	58	28	90.317795	ρητὰ,
5	1	197	1	5	5	1760	3015	53	25	93.301498	ὅπως
5	1	197	1	5	6	1833	3016	60	27	81.462341	«ἀρχὴ
5	1	197	1	5	7	1909	3016	67	28	93.220566	σοφίας
5	1	197	1	5	8	1996	3016	61	28	78.223969	φόθος
4	1	197	1	6	0	1362	3051	242	27	-1	
5	1	197	1	6	1	1362	3051	80	27	93.298576	Κυρίου,
5	1	197	1	6	2	1457	3052	63	26	41.597443	Ὑονεῖς
5	1	197	1	6	3	1537	3051	67	21	71.995148	σέδου»
2	1	198	0	0	0	1363	3087	179	25	-1	
3	1	198	1	0	0	1363	3087	179	25	-1	
4	1	198	1	1	0	1363	3087	179	25	-1	
5	1	198	1	1	1	1363	3087	71	24	86.320717	αἰῶνος
5	1	198	1	1	2	1452	3087	90	25	4.155258	στόλιζαν
2	1	199	0	0	0	1561	3051	495	64	-1	
3	1	199	1	0	0	1561	3051	495	64	-1	
4	1	199	1	1	0	1622	3051	434	29	-1	
5	1	199	1	1	1	1622	3051	34	21	96.930725	ποὺ
5	1	199	1	1	2	1671	3051	57	27	89.623825	µέχρι
5	1	199	1	1	3	1747	3053	32	27	95.787613	τοῦ
5	1	199	1	1	4	1794	3051	70	25	95.740532	τέλους
5	1	199	1	1	5	1879	3054	27	19	96.946060	τοῦ
5	1	199	1	1	6	1921	3052	135	27	96.934654	παρελθόντος
4	1	199	1	2	0	1561	3087	165	28	-1	
5	1	199	1	2	1	1561	3087	24	22	90.114243	τὰ
5	1	199	1	2	2	1600	3087	126	28	73.171738	διδακτήρια.
2	1	200	0	0	0	1663	3122	132	28	-1	
3	1	200	1	0	0	1663	3122	132	28	-1	
4	1	200	1	1	0	1663	3122	132	28	-1	
5	1	200	1	1	1	1663	3122	132	28	76.590332	Συνεχίζεται
